ORDER;PRODUCT;QTY;STATION
ORD_1;PROD_16;6;2
ORD_1;PROD_11;3;1
ORD_1;PROD_36;9;3
ORD_1;PROD_6;4;3
ORD_1;PROD_34;9;3
ORD_1;PROD_5;3;4
ORD_2;PROD_49;5;1
ORD_2;PROD_20;4;3
ORD_2;PROD_39;1;2
ORD_2;PROD_9;7;2
ORD_2;PROD_26;5;1
ORD_2;PROD_24;1;4
ORD_2;PROD_50;5;2
ORD_2;PROD_39;6;4
ORD_2;PROD_23;7;5
ORD_2;PROD_48;8;4
ORD_2;PROD_26;2;3
ORD_2;PROD_49;7;2
ORD_2;PROD_3;8;4
ORD_2;PROD_24;9;1
ORD_2;PROD_21;4;4
ORD_3;PROD_12;7;2
ORD_3;PROD_2;1;5
ORD_3;PROD_39;5;4
ORD_3;PROD_11;4;1
ORD_3;PROD_5;1;4
ORD_3;PROD_48;7;2
ORD_3;PROD_21;6;1
ORD_4;PROD_20;5;3
ORD_4;PROD_6;5;5
ORD_4;PROD_31;9;3
ORD_4;PROD_20;6;5
ORD_4;PROD_44;1;3
ORD_4;PROD_20;6;2
ORD_4;PROD_2;5;5
ORD_4;PROD_16;4;2
ORD_4;PROD_24;3;5
ORD_4;PROD_3;7;1
ORD_4;PROD_2;4;4
ORD_4;PROD_15;4;5
ORD_4;PROD_14;6;4
ORD_5;PROD_46;9;5
ORD_5;PROD_13;8;2
ORD_5;PROD_16;2;5
ORD_5;PROD_49;1;2
ORD_5;PROD_27;5;3
ORD_5;PROD_9;8;1
ORD_5;PROD_23;3;4
ORD_5;PROD_16;8;5
ORD_5;PROD_48;4;3
ORD_5;PROD_29;2;4
ORD_6;PROD_5;3;2
ORD_6;PROD_48;2;4
ORD_6;PROD_21;8;4
ORD_6;PROD_50;6;3
ORD_6;PROD_17;6;5
ORD_6;PROD_5;1;3
ORD_6;PROD_48;9;3
ORD_7;PROD_2;2;3
ORD_7;PROD_50;1;5
ORD_7;PROD_27;7;4
ORD_7;PROD_5;2;2
ORD_7;PROD_48;4;3
ORD_7;PROD_21;5;2
ORD_7;PROD_50;9;5
ORD_7;PROD_17;8;5
ORD_7;PROD_34;2;3
ORD_7;PROD_21;9;5
ORD_7;PROD_18;9;3
ORD_7;PROD_29;7;3
ORD_7;PROD_6;9;5
ORD_8;PROD_33;7;4
ORD_8;PROD_43;8;1
ORD_8;PROD_36;5;5
ORD_8;PROD_29;3;1
ORD_8;PROD_6;1;3
ORD_8;PROD_25;1;1
ORD_8;PROD_29;2;1
ORD_8;PROD_45;5;4
ORD_8;PROD_12;5;1
ORD_8;PROD_43;6;2
ORD_8;PROD_48;9;5
ORD_9;PROD_9;7;2
ORD_9;PROD_23;4;4
ORD_9;PROD_34;3;4
ORD_9;PROD_21;3;3
ORD_9;PROD_18;2;4
ORD_9;PROD_17;8;5
ORD_9;PROD_45;9;1
ORD_9;PROD_5;3;1
ORD_9;PROD_20;4;1
ORD_10;PROD_12;6;4
ORD_10;PROD_20;6;2
ORD_10;PROD_10;5;3
ORD_10;PROD_29;4;1
ORD_10;PROD_20;4;1
ORD_10;PROD_12;7;3
ORD_10;PROD_33;3;1
ORD_10;PROD_48;1;4
ORD_10;PROD_20;1;2
ORD_10;PROD_43;2;5
ORD_11;PROD_7;2;4
ORD_11;PROD_45;8;1
ORD_11;PROD_29;4;3
ORD_11;PROD_7;1;2
ORD_11;PROD_45;6;4
ORD_11;PROD_29;1;1
ORD_11;PROD_45;6;5
ORD_11;PROD_32;4;2
ORD_11;PROD_4;3;2
ORD_11;PROD_14;5;3
ORD_12;PROD_31;5;1
ORD_12;PROD_3;8;2
ORD_12;PROD_22;7;1
ORD_12;PROD_46;8;2
ORD_12;PROD_18;2;1
ORD_12;PROD_49;1;1
ORD_12;PROD_29;5;3
ORD_12;PROD_6;2;4
ORD_12;PROD_42;7;2
ORD_12;PROD_44;6;3
ORD_12;PROD_20;1;2
ORD_13;PROD_34;1;5
ORD_13;PROD_21;7;4
ORD_13;PROD_18;1;3
ORD_13;PROD_46;8;4
ORD_13;PROD_13;8;3
ORD_14;PROD_40;7;4
ORD_14;PROD_37;8;4
ORD_14;PROD_24;1;5
ORD_14;PROD_23;5;1
ORD_14;PROD_29;8;2
ORD_14;PROD_26;9;1
ORD_14;PROD_36;1;3
ORD_14;PROD_37;9;3
ORD_14;PROD_26;3;5
ORD_14;PROD_9;4;4
ORD_15;PROD_1;9;4
ORD_15;PROD_30;7;4
ORD_15;PROD_10;4;3
ORD_15;PROD_27;1;2
ORD_15;PROD_46;7;1
ORD_15;PROD_6;9;3
ORD_15;PROD_17;4;1
ORD_15;PROD_21;3;4
ORD_15;PROD_30;3;2
ORD_15;PROD_48;5;1
ORD_15;PROD_14;2;2
ORD_15;PROD_3;5;3
ORD_15;PROD_7;3;1
ORD_16;PROD_5;3;5
ORD_16;PROD_48;1;2
ORD_16;PROD_21;2;4
ORD_16;PROD_50;9;5
ORD_16;PROD_17;4;4
ORD_17;PROD_21;1;5
ORD_17;PROD_4;2;1
ORD_17;PROD_27;2;2
ORD_17;PROD_28;3;5
ORD_17;PROD_49;6;5
ORD_17;PROD_23;8;2
ORD_17;PROD_45;7;2
ORD_17;PROD_38;3;3
ORD_17;PROD_8;1;1
ORD_18;PROD_40;4;4
ORD_18;PROD_6;7;1
ORD_18;PROD_15;6;5
ORD_18;PROD_43;4;1
ORD_18;PROD_36;3;4
ORD_18;PROD_10;4;3
ORD_18;PROD_38;6;5
ORD_18;PROD_13;7;3
ORD_19;PROD_16;2;1
ORD_19;PROD_33;1;5
ORD_19;PROD_35;4;1
ORD_19;PROD_43;7;2
ORD_19;PROD_49;3;5
ORD_19;PROD_21;7;1
ORD_19;PROD_50;3;2
ORD_19;PROD_45;1;1
ORD_19;PROD_41;3;5
ORD_20;PROD_2;9;2
ORD_20;PROD_50;8;2
ORD_20;PROD_27;8;1
ORD_20;PROD_31;8;4
ORD_20;PROD_3;2;1
ORD_20;PROD_22;6;4
ORD_21;PROD_38;5;4
ORD_21;PROD_47;8;5
ORD_21;PROD_29;9;1
ORD_21;PROD_43;6;5
ORD_21;PROD_3;2;1
ORD_22;PROD_12;4;5
ORD_22;PROD_2;6;5
ORD_22;PROD_39;1;5
ORD_22;PROD_11;9;2
ORD_22;PROD_50;9;4
ORD_22;PROD_1;1;3
ORD_22;PROD_45;3;4
ORD_22;PROD_40;5;4
ORD_22;PROD_50;7;1
ORD_22;PROD_39;9;4
ORD_22;PROD_38;3;2
ORD_23;PROD_40;9;5
ORD_23;PROD_37;7;2
ORD_23;PROD_24;6;1
ORD_23;PROD_23;3;4
ORD_23;PROD_29;4;4
ORD_23;PROD_5;8;1
ORD_23;PROD_48;5;2
ORD_24;PROD_8;8;3
ORD_24;PROD_43;9;4
ORD_24;PROD_43;3;5
ORD_24;PROD_19;8;5
ORD_24;PROD_30;7;3
ORD_24;PROD_23;9;5
ORD_24;PROD_3;4;5
ORD_24;PROD_8;8;3
ORD_24;PROD_14;6;2
ORD_25;PROD_12;5;3
ORD_25;PROD_2;3;4
ORD_25;PROD_39;8;2
ORD_25;PROD_11;7;2
ORD_25;PROD_21;6;5
ORD_25;PROD_39;8;4
ORD_25;PROD_24;1;1
ORD_25;PROD_19;1;1
ORD_25;PROD_8;1;5
ORD_25;PROD_11;8;1
ORD_25;PROD_7;4;5
ORD_25;PROD_50;5;1
ORD_25;PROD_45;4;5
ORD_25;PROD_35;9;3
ORD_25;PROD_35;8;2
ORD_26;PROD_46;8;5
ORD_26;PROD_9;9;4
ORD_26;PROD_28;8;1
ORD_26;PROD_5;4;3
ORD_26;PROD_17;7;5
ORD_26;PROD_45;9;1
ORD_26;PROD_5;3;5
ORD_26;PROD_20;3;5
ORD_26;PROD_46;3;3
ORD_26;PROD_13;9;4
ORD_26;PROD_16;8;5
ORD_26;PROD_49;7;2
ORD_26;PROD_27;4;2
ORD_27;PROD_46;5;5
ORD_27;PROD_13;2;5
ORD_27;PROD_16;3;1
ORD_27;PROD_49;3;4
ORD_27;PROD_27;4;2
ORD_27;PROD_29;7;4
ORD_27;PROD_34;1;4
ORD_28;PROD_34;4;1
ORD_28;PROD_6;2;4
ORD_28;PROD_21;6;1
ORD_28;PROD_44;8;2
ORD_28;PROD_40;8;1
ORD_29;PROD_40;2;1
ORD_29;PROD_37;3;5
ORD_29;PROD_24;4;1
ORD_29;PROD_23;5;5
ORD_29;PROD_29;4;4
ORD_29;PROD_39;8;3
ORD_29;PROD_17;2;2
ORD_29;PROD_35;1;2
ORD_29;PROD_48;8;2
ORD_29;PROD_3;3;1
ORD_29;PROD_4;9;4
ORD_29;PROD_28;2;4
ORD_29;PROD_37;5;5
ORD_29;PROD_44;3;1
ORD_30;PROD_36;8;3
ORD_30;PROD_36;4;4
ORD_30;PROD_7;6;1
ORD_30;PROD_14;8;1
ORD_30;PROD_10;8;5
ORD_30;PROD_33;1;1
ORD_30;PROD_40;8;4
ORD_30;PROD_34;5;1
ORD_30;PROD_35;5;2
ORD_30;PROD_38;5;2
ORD_30;PROD_27;3;4
ORD_30;PROD_18;8;2
ORD_31;PROD_21;2;5
ORD_31;PROD_42;3;2
ORD_31;PROD_44;7;1
ORD_31;PROD_3;4;2
ORD_31;PROD_21;1;4
ORD_31;PROD_9;3;3
ORD_31;PROD_17;4;5
ORD_31;PROD_21;4;4
ORD_31;PROD_7;3;4
ORD_31;PROD_25;6;1
ORD_31;PROD_6;6;5
ORD_31;PROD_5;2;4
ORD_31;PROD_18;1;4
ORD_31;PROD_41;9;1
ORD_32;PROD_44;8;2
ORD_32;PROD_17;2;2
ORD_32;PROD_4;5;1
ORD_32;PROD_3;7;4
ORD_32;PROD_25;1;5
ORD_32;PROD_31;9;2
ORD_32;PROD_3;7;1
ORD_32;PROD_22;4;2
ORD_32;PROD_46;4;4
ORD_32;PROD_19;5;4
ORD_33;PROD_10;4;1
ORD_33;PROD_21;7;5
ORD_33;PROD_49;9;1
ORD_33;PROD_36;3;1
ORD_33;PROD_41;1;4
ORD_33;PROD_41;7;3
ORD_34;PROD_7;9;3
ORD_34;PROD_45;7;3
ORD_34;PROD_29;3;1
ORD_34;PROD_9;7;5
ORD_34;PROD_23;1;2
ORD_34;PROD_44;4;5
ORD_34;PROD_10;8;5
ORD_34;PROD_48;5;5
ORD_34;PROD_29;4;5
ORD_34;PROD_40;3;4
ORD_34;PROD_14;2;1
ORD_34;PROD_38;1;3
ORD_34;PROD_30;6;2
ORD_34;PROD_27;4;2
ORD_34;PROD_26;4;4
ORD_35;PROD_9;1;3
ORD_35;PROD_23;5;5
ORD_35;PROD_46;8;5
ORD_35;PROD_13;3;3
ORD_35;PROD_16;6;1
ORD_36;PROD_9;9;2
ORD_36;PROD_23;1;1
ORD_36;PROD_23;7;2
ORD_36;PROD_10;4;4
ORD_36;PROD_45;8;3
ORD_36;PROD_42;5;1
ORD_36;PROD_41;6;1
ORD_36;PROD_15;7;5
ORD_36;PROD_12;3;4
ORD_36;PROD_24;5;1
ORD_36;PROD_24;2;3
ORD_37;PROD_44;9;5
ORD_37;PROD_17;4;5
ORD_37;PROD_4;4;4
ORD_37;PROD_3;4;1
ORD_37;PROD_25;5;5
ORD_37;PROD_5;7;2
ORD_37;PROD_48;7;1
ORD_37;PROD_21;8;4
ORD_37;PROD_50;5;3
ORD_37;PROD_17;6;5
ORD_38;PROD_5;6;5
ORD_38;PROD_48;4;4
ORD_38;PROD_21;9;4
ORD_38;PROD_50;7;3
ORD_38;PROD_17;1;3
ORD_38;PROD_5;1;5
ORD_38;PROD_48;7;3
ORD_38;PROD_21;4;1
ORD_38;PROD_50;5;5
ORD_38;PROD_17;6;2
ORD_38;PROD_7;2;4
ORD_38;PROD_45;2;4
ORD_38;PROD_29;7;5
ORD_38;PROD_38;2;1
ORD_38;PROD_44;3;5
ORD_39;PROD_2;4;3
ORD_39;PROD_50;2;3
ORD_39;PROD_27;1;5
ORD_39;PROD_5;7;4
ORD_39;PROD_13;2;2
ORD_39;PROD_19;2;2
ORD_39;PROD_32;5;2
ORD_40;PROD_44;1;3
ORD_40;PROD_17;3;2
ORD_40;PROD_4;5;3
ORD_40;PROD_3;1;5
ORD_40;PROD_25;4;1
ORD_40;PROD_11;6;5
ORD_40;PROD_32;4;5
ORD_40;PROD_50;8;2
ORD_41;PROD_34;7;4
ORD_41;PROD_21;5;3
ORD_41;PROD_18;5;1
ORD_41;PROD_34;3;4
ORD_41;PROD_50;1;1
ORD_41;PROD_39;9;3
ORD_42;PROD_12;1;2
ORD_42;PROD_2;5;1
ORD_42;PROD_39;9;5
ORD_42;PROD_11;7;2
ORD_42;PROD_7;3;5
ORD_43;PROD_17;1;1
ORD_43;PROD_45;9;5
ORD_43;PROD_5;3;4
ORD_43;PROD_20;9;5
ORD_43;PROD_2;6;5
ORD_43;PROD_50;7;5
ORD_43;PROD_27;2;3
ORD_43;PROD_46;5;1
ORD_43;PROD_13;5;1
ORD_43;PROD_16;4;1
ORD_43;PROD_49;4;3
ORD_43;PROD_27;4;2
ORD_43;PROD_19;3;3
ORD_43;PROD_48;2;3
ORD_44;PROD_2;1;5
ORD_44;PROD_38;7;5
ORD_44;PROD_22;7;2
ORD_44;PROD_29;2;5
ORD_44;PROD_6;9;2
ORD_44;PROD_29;5;3
ORD_44;PROD_20;9;4
ORD_44;PROD_31;9;2
ORD_45;PROD_17;9;5
ORD_45;PROD_45;6;4
ORD_45;PROD_5;5;5
ORD_45;PROD_20;5;1
ORD_45;PROD_12;2;4
ORD_45;PROD_2;6;1
ORD_45;PROD_39;9;3
ORD_45;PROD_11;6;5
ORD_45;PROD_23;3;3
ORD_45;PROD_1;1;4
ORD_45;PROD_25;3;2
ORD_45;PROD_50;9;4
ORD_45;PROD_44;2;2
ORD_45;PROD_18;3;1
ORD_46;PROD_7;4;4
ORD_46;PROD_45;6;1
ORD_46;PROD_29;7;3
ORD_46;PROD_9;5;5
ORD_46;PROD_23;6;4
ORD_46;PROD_45;1;5
ORD_46;PROD_24;2;4
ORD_46;PROD_27;2;3
ORD_46;PROD_39;1;2
ORD_47;PROD_9;5;4
ORD_47;PROD_23;8;3
ORD_47;PROD_40;8;2
ORD_47;PROD_37;4;4
ORD_47;PROD_24;6;5
ORD_47;PROD_23;9;1
ORD_48;PROD_38;9;1
ORD_48;PROD_48;3;5
ORD_48;PROD_18;7;4
ORD_48;PROD_14;1;4
ORD_48;PROD_11;3;4
ORD_48;PROD_12;1;5
ORD_48;PROD_10;6;5
ORD_48;PROD_42;5;5
ORD_48;PROD_12;4;3
ORD_48;PROD_18;3;5
ORD_48;PROD_14;6;4
ORD_48;PROD_28;1;5
ORD_49;PROD_19;7;2
ORD_49;PROD_12;1;3
ORD_49;PROD_27;2;2
ORD_49;PROD_15;9;4
ORD_49;PROD_46;7;5
ORD_49;PROD_23;2;2
ORD_49;PROD_28;1;2
ORD_49;PROD_7;8;3
ORD_49;PROD_29;9;4
ORD_49;PROD_46;9;2
ORD_49;PROD_20;7;4
ORD_49;PROD_34;9;3
ORD_49;PROD_15;9;3
ORD_49;PROD_31;8;4
ORD_50;PROD_46;4;5
ORD_50;PROD_9;8;4
ORD_50;PROD_28;7;2
ORD_50;PROD_5;2;4
ORD_50;PROD_38;5;3
ORD_50;PROD_24;1;2
ORD_50;PROD_29;1;1
ORD_50;PROD_14;7;2
ORD_50;PROD_4;1;1
ORD_50;PROD_8;6;2
ORD_50;PROD_14;1;4
ORD_50;PROD_33;1;1
ORD_50;PROD_44;9;4
ORD_51;PROD_46;7;4
ORD_51;PROD_9;3;1
ORD_51;PROD_28;3;4
ORD_51;PROD_5;9;5
ORD_51;PROD_5;2;5
ORD_52;PROD_46;6;1
ORD_52;PROD_9;5;5
ORD_52;PROD_28;9;2
ORD_52;PROD_5;3;4
ORD_52;PROD_16;3;4
ORD_52;PROD_25;8;1
ORD_52;PROD_27;8;3
ORD_52;PROD_22;4;5
ORD_52;PROD_31;5;4
ORD_52;PROD_23;3;2
ORD_52;PROD_18;2;3
ORD_52;PROD_29;8;5
ORD_52;PROD_9;2;1
ORD_52;PROD_46;7;3
ORD_52;PROD_3;2;4
ORD_53;PROD_9;6;5
ORD_53;PROD_48;9;4
ORD_53;PROD_15;6;3
ORD_53;PROD_1;4;2
ORD_53;PROD_31;3;3
ORD_53;PROD_14;5;5
ORD_53;PROD_24;3;1
ORD_53;PROD_26;7;3
ORD_53;PROD_47;6;1
ORD_53;PROD_38;8;2
ORD_54;PROD_34;1;1
ORD_54;PROD_21;6;4
ORD_54;PROD_18;1;5
ORD_54;PROD_18;2;5
ORD_54;PROD_39;7;3
ORD_54;PROD_14;7;5
ORD_54;PROD_34;6;3
ORD_54;PROD_19;2;1
ORD_55;PROD_44;4;4
ORD_55;PROD_17;4;1
ORD_55;PROD_4;8;2
ORD_55;PROD_3;3;1
ORD_55;PROD_25;5;2
ORD_55;PROD_31;3;2
ORD_55;PROD_3;7;2
ORD_55;PROD_22;3;3
ORD_55;PROD_46;7;2
ORD_55;PROD_17;7;1
ORD_55;PROD_45;4;5
ORD_55;PROD_5;9;1
ORD_55;PROD_20;8;3
ORD_56;PROD_46;7;3
ORD_56;PROD_13;2;2
ORD_56;PROD_16;3;4
ORD_56;PROD_49;8;5
ORD_56;PROD_27;6;3
ORD_56;PROD_46;3;3
ORD_56;PROD_13;5;4
ORD_56;PROD_16;5;4
ORD_57;PROD_43;6;4
ORD_57;PROD_50;9;2
ORD_57;PROD_38;8;2
ORD_57;PROD_42;6;1
ORD_57;PROD_17;3;4
ORD_57;PROD_47;4;1
ORD_57;PROD_3;3;4
ORD_57;PROD_21;1;1
ORD_57;PROD_37;3;1
ORD_58;PROD_31;9;2
ORD_58;PROD_3;4;1
ORD_58;PROD_22;9;1
ORD_58;PROD_46;7;3
ORD_58;PROD_9;9;1
ORD_58;PROD_23;9;4
ORD_58;PROD_36;4;2
ORD_58;PROD_2;3;1
ORD_59;PROD_9;6;4
ORD_59;PROD_23;4;2
ORD_59;PROD_50;7;3
ORD_59;PROD_35;2;4
ORD_59;PROD_49;1;4
ORD_59;PROD_43;2;5
ORD_59;PROD_7;2;1
ORD_59;PROD_43;7;2
ORD_59;PROD_34;7;1
ORD_59;PROD_13;7;2
ORD_59;PROD_5;8;5
ORD_59;PROD_43;5;4
ORD_59;PROD_13;9;1
ORD_59;PROD_34;4;4
ORD_60;PROD_32;5;3
ORD_60;PROD_31;2;5
ORD_60;PROD_35;1;5
ORD_60;PROD_24;7;2
ORD_60;PROD_35;6;2
ORD_60;PROD_49;7;4
ORD_60;PROD_33;7;5
ORD_60;PROD_42;5;4
ORD_60;PROD_22;3;1
ORD_60;PROD_38;3;1
ORD_61;PROD_31;7;4
ORD_61;PROD_3;2;3
ORD_61;PROD_22;6;4
ORD_61;PROD_46;3;1
ORD_61;PROD_38;4;2
ORD_61;PROD_19;2;4
ORD_61;PROD_4;4;3
ORD_61;PROD_13;1;5
ORD_62;PROD_17;6;2
ORD_62;PROD_45;5;5
ORD_62;PROD_5;9;2
ORD_62;PROD_20;1;4
ORD_62;PROD_46;8;5
ORD_63;PROD_34;7;5
ORD_63;PROD_21;9;3
ORD_63;PROD_18;6;3
ORD_63;PROD_9;9;4
ORD_63;PROD_23;2;5
ORD_63;PROD_47;4;3
ORD_63;PROD_21;6;3
ORD_63;PROD_11;8;1
ORD_63;PROD_32;6;5
ORD_63;PROD_14;2;4
ORD_63;PROD_9;9;3
ORD_63;PROD_39;8;5
ORD_63;PROD_15;9;4
ORD_63;PROD_20;9;3
ORD_64;PROD_7;2;1
ORD_64;PROD_45;9;5
ORD_64;PROD_29;5;5
ORD_64;PROD_12;3;2
ORD_64;PROD_2;5;1
ORD_64;PROD_39;4;1
ORD_64;PROD_11;1;5
ORD_64;PROD_39;6;1
ORD_64;PROD_1;5;2
ORD_64;PROD_2;8;4
ORD_64;PROD_15;4;3
ORD_65;PROD_46;1;2
ORD_65;PROD_13;8;4
ORD_65;PROD_16;5;3
ORD_65;PROD_49;8;1
ORD_65;PROD_27;3;1
ORD_65;PROD_31;9;3
ORD_65;PROD_3;8;4
ORD_65;PROD_22;2;3
ORD_65;PROD_46;4;1
ORD_65;PROD_29;4;1
ORD_66;PROD_9;2;3
ORD_66;PROD_23;9;3
ORD_66;PROD_31;6;5
ORD_66;PROD_3;1;2
ORD_66;PROD_22;9;2
ORD_66;PROD_46;9;4
ORD_66;PROD_34;6;2
ORD_66;PROD_21;2;4
ORD_66;PROD_18;8;2
ORD_67;PROD_16;9;2
ORD_67;PROD_13;5;5
ORD_67;PROD_27;5;4
ORD_67;PROD_34;4;4
ORD_67;PROD_28;6;1
ORD_67;PROD_25;5;4
ORD_67;PROD_47;5;3
ORD_67;PROD_41;4;5
ORD_68;PROD_12;5;1
ORD_68;PROD_41;6;4
ORD_68;PROD_14;3;2
ORD_68;PROD_33;1;2
ORD_68;PROD_21;7;3
ORD_68;PROD_26;7;4
ORD_68;PROD_29;2;5
ORD_68;PROD_20;4;1
ORD_69;PROD_2;1;3
ORD_69;PROD_50;2;3
ORD_69;PROD_27;2;2
ORD_69;PROD_34;9;1
ORD_69;PROD_21;2;3
ORD_69;PROD_18;7;4
ORD_69;PROD_16;3;3
ORD_69;PROD_44;7;5
ORD_69;PROD_8;5;1
ORD_69;PROD_37;2;3
ORD_69;PROD_30;9;5
ORD_70;PROD_9;7;4
ORD_70;PROD_23;5;3
ORD_70;PROD_40;3;1
ORD_70;PROD_37;3;1
ORD_70;PROD_24;2;1
ORD_70;PROD_23;2;1
ORD_70;PROD_29;4;3
ORD_70;PROD_12;7;3
ORD_70;PROD_2;7;5
ORD_70;PROD_39;7;2
ORD_70;PROD_11;4;4
ORD_70;PROD_25;7;5
ORD_71;PROD_27;3;4
ORD_71;PROD_19;9;5
ORD_71;PROD_46;1;5
ORD_71;PROD_24;4;4
ORD_71;PROD_50;7;4
ORD_71;PROD_28;5;5
ORD_71;PROD_32;9;3
ORD_71;PROD_41;9;3
ORD_72;PROD_22;4;4
ORD_72;PROD_24;9;4
ORD_72;PROD_6;2;3
ORD_72;PROD_14;4;3
ORD_72;PROD_46;2;3
ORD_72;PROD_17;3;5
ORD_72;PROD_3;9;5
ORD_72;PROD_31;9;3
ORD_73;PROD_23;1;5
ORD_73;PROD_18;9;4
ORD_73;PROD_10;7;4
ORD_73;PROD_22;5;2
ORD_73;PROD_49;6;1
ORD_73;PROD_4;3;4
ORD_73;PROD_7;2;4
ORD_73;PROD_40;9;1
ORD_73;PROD_37;8;2
ORD_73;PROD_38;9;4
ORD_73;PROD_9;2;5
ORD_73;PROD_16;9;4
ORD_73;PROD_17;1;1
ORD_73;PROD_38;9;3
ORD_73;PROD_15;3;5
ORD_74;PROD_7;8;5
ORD_74;PROD_10;7;2
ORD_74;PROD_1;9;5
ORD_74;PROD_16;5;1
ORD_74;PROD_36;4;4
ORD_74;PROD_39;8;3
ORD_74;PROD_13;9;4
ORD_74;PROD_10;7;5
ORD_74;PROD_48;1;4
ORD_74;PROD_20;6;1
ORD_74;PROD_47;7;2
ORD_74;PROD_28;9;5
ORD_74;PROD_15;2;2
ORD_74;PROD_3;5;1
ORD_75;PROD_7;5;3
ORD_75;PROD_15;2;5
ORD_75;PROD_40;5;4
ORD_75;PROD_50;3;1
ORD_75;PROD_34;5;4
ORD_75;PROD_3;2;1
ORD_76;PROD_46;6;5
ORD_76;PROD_13;2;4
ORD_76;PROD_16;7;4
ORD_76;PROD_49;1;3
ORD_76;PROD_27;3;3
ORD_76;PROD_40;8;2
ORD_76;PROD_37;9;3
ORD_76;PROD_24;9;3
ORD_76;PROD_23;9;4
ORD_76;PROD_29;6;2
ORD_76;PROD_46;4;2
ORD_76;PROD_13;6;3
ORD_76;PROD_16;4;3
ORD_76;PROD_49;4;4
ORD_77;PROD_34;6;2
ORD_77;PROD_21;5;2
ORD_77;PROD_18;8;3
ORD_77;PROD_9;7;4
ORD_77;PROD_23;8;4
ORD_77;PROD_40;4;4
ORD_77;PROD_37;4;2
ORD_77;PROD_24;4;2
ORD_78;PROD_5;7;5
ORD_78;PROD_48;6;1
ORD_78;PROD_21;8;2
ORD_78;PROD_50;8;5
ORD_78;PROD_17;6;1
ORD_78;PROD_9;3;1
ORD_78;PROD_23;9;2
ORD_79;PROD_44;2;1
ORD_79;PROD_17;8;1
ORD_79;PROD_4;8;2
ORD_79;PROD_3;5;5
ORD_79;PROD_25;8;1
ORD_79;PROD_40;3;3
ORD_79;PROD_37;9;4
ORD_79;PROD_24;2;1
ORD_79;PROD_23;6;3
ORD_80;PROD_46;7;4
ORD_80;PROD_13;3;2
ORD_80;PROD_16;1;3
ORD_80;PROD_49;3;4
ORD_80;PROD_27;2;4
ORD_81;PROD_7;7;5
ORD_81;PROD_45;2;4
ORD_81;PROD_29;1;3
ORD_81;PROD_31;8;3
ORD_81;PROD_3;6;3
ORD_82;PROD_46;4;2
ORD_82;PROD_13;9;4
ORD_82;PROD_16;2;3
ORD_82;PROD_49;4;1
ORD_82;PROD_27;9;5
ORD_82;PROD_9;1;2
ORD_82;PROD_23;7;3
ORD_83;PROD_44;9;5
ORD_83;PROD_17;8;1
ORD_83;PROD_4;9;1
ORD_83;PROD_3;2;1
ORD_83;PROD_25;6;3
ORD_83;PROD_31;6;1
ORD_83;PROD_3;3;3
ORD_83;PROD_22;5;2
ORD_83;PROD_46;5;4
ORD_83;PROD_8;9;5
ORD_83;PROD_43;3;2
ORD_83;PROD_47;1;5
ORD_83;PROD_18;3;3
ORD_83;PROD_25;1;2
ORD_83;PROD_25;7;1
ORD_84;PROD_17;5;4
ORD_84;PROD_45;3;3
ORD_84;PROD_5;1;3
ORD_84;PROD_20;3;4
ORD_84;PROD_19;2;2
ORD_84;PROD_43;9;5
ORD_85;PROD_44;2;4
ORD_85;PROD_17;7;5
ORD_85;PROD_4;5;2
ORD_85;PROD_3;1;4
ORD_85;PROD_25;7;1
ORD_85;PROD_40;2;4
ORD_85;PROD_37;4;2
ORD_85;PROD_24;3;2
ORD_85;PROD_23;4;5
ORD_85;PROD_29;7;3
ORD_85;PROD_5;2;3
ORD_85;PROD_48;7;3
ORD_85;PROD_21;7;5
ORD_85;PROD_50;3;1
ORD_86;PROD_46;8;4
ORD_86;PROD_9;1;2
ORD_86;PROD_28;4;1
ORD_86;PROD_5;3;3
ORD_86;PROD_40;2;4
ORD_86;PROD_37;5;4
ORD_86;PROD_24;2;3
ORD_86;PROD_23;2;2
ORD_87;PROD_16;9;2
ORD_87;PROD_27;2;1
ORD_87;PROD_8;1;4
ORD_87;PROD_31;5;1
ORD_87;PROD_45;2;5
ORD_87;PROD_42;2;4
ORD_87;PROD_5;6;4
ORD_87;PROD_11;8;2
ORD_87;PROD_1;7;3
ORD_87;PROD_46;6;4
ORD_87;PROD_44;2;3
ORD_87;PROD_22;8;3
ORD_87;PROD_17;5;2
ORD_88;PROD_2;7;3
ORD_88;PROD_50;9;5
ORD_88;PROD_27;2;5
ORD_88;PROD_12;9;2
ORD_88;PROD_3;1;2
ORD_88;PROD_5;9;5
ORD_88;PROD_29;4;4
ORD_88;PROD_31;7;1
ORD_88;PROD_44;1;4
ORD_89;PROD_2;4;5
ORD_89;PROD_50;5;4
ORD_89;PROD_27;7;4
ORD_89;PROD_7;6;5
ORD_89;PROD_45;6;5
ORD_89;PROD_29;8;2
ORD_89;PROD_31;9;1
ORD_90;PROD_36;6;1
ORD_90;PROD_31;6;2
ORD_90;PROD_19;2;3
ORD_90;PROD_43;9;2
ORD_90;PROD_20;1;1
ORD_90;PROD_41;7;1
ORD_90;PROD_33;2;1
ORD_90;PROD_25;5;3
ORD_90;PROD_47;3;5
ORD_90;PROD_28;9;3
ORD_91;PROD_18;8;2
ORD_91;PROD_20;5;4
ORD_91;PROD_2;7;1
ORD_91;PROD_43;6;2
ORD_91;PROD_32;7;5
ORD_91;PROD_9;3;4
ORD_91;PROD_2;5;4
ORD_91;PROD_39;2;3
ORD_91;PROD_21;9;4
ORD_92;PROD_44;9;3
ORD_92;PROD_49;7;1
ORD_92;PROD_17;1;5
ORD_92;PROD_18;4;1
ORD_92;PROD_20;7;2
ORD_92;PROD_7;2;4
ORD_92;PROD_8;5;3
ORD_92;PROD_29;3;1
ORD_92;PROD_35;5;1
ORD_92;PROD_47;5;2
ORD_92;PROD_38;7;4
ORD_92;PROD_32;8;2
ORD_92;PROD_18;6;4
ORD_92;PROD_25;8;2
ORD_92;PROD_7;5;5
ORD_93;PROD_34;7;3
ORD_93;PROD_21;2;5
ORD_93;PROD_18;4;4
ORD_93;PROD_12;3;1
ORD_93;PROD_2;4;3
ORD_93;PROD_39;9;5
ORD_93;PROD_11;7;4
ORD_94;PROD_44;4;2
ORD_94;PROD_17;2;1
ORD_94;PROD_4;6;2
ORD_94;PROD_3;6;2
ORD_94;PROD_25;9;1
ORD_94;PROD_19;5;3
ORD_94;PROD_32;1;4
ORD_95;PROD_5;1;1
ORD_95;PROD_48;4;3
ORD_95;PROD_21;8;2
ORD_95;PROD_50;8;4
ORD_95;PROD_17;8;4
ORD_95;PROD_5;1;3
ORD_95;PROD_48;2;1
ORD_95;PROD_21;3;5
ORD_95;PROD_50;7;3
ORD_96;PROD_5;2;3
ORD_96;PROD_48;6;1
ORD_96;PROD_21;1;5
ORD_96;PROD_50;4;2
ORD_96;PROD_17;1;4
ORD_96;PROD_39;2;5
ORD_96;PROD_9;9;2
ORD_96;PROD_46;5;2
ORD_96;PROD_9;7;4
ORD_97;PROD_5;1;1
ORD_97;PROD_48;6;3
ORD_97;PROD_21;3;1
ORD_97;PROD_50;9;2
ORD_97;PROD_17;2;2
ORD_97;PROD_6;3;2
ORD_97;PROD_6;5;2
ORD_97;PROD_22;8;1
ORD_97;PROD_10;7;5
ORD_98;PROD_9;8;1
ORD_98;PROD_23;1;4
ORD_98;PROD_5;5;5
ORD_98;PROD_48;9;5
ORD_98;PROD_21;8;1
ORD_98;PROD_50;5;4
ORD_98;PROD_17;7;4
ORD_99;PROD_9;6;5
ORD_99;PROD_23;6;3
ORD_99;PROD_17;5;5
ORD_99;PROD_45;3;4
ORD_99;PROD_5;6;4
ORD_99;PROD_20;1;3
ORD_100;PROD_7;5;5
ORD_100;PROD_45;2;1
ORD_100;PROD_29;6;1
ORD_100;PROD_40;1;1
ORD_100;PROD_37;4;2
ORD_100;PROD_24;5;1
ORD_100;PROD_23;3;3
ORD_100;PROD_29;5;1
ORD_100;PROD_45;7;1
ORD_100;PROD_35;1;4
ORD_100;PROD_20;8;2
ORD_100;PROD_6;5;4
ORD_101;PROD_32;3;3
ORD_101;PROD_16;3;4
ORD_101;PROD_21;7;1
ORD_101;PROD_32;4;2
ORD_101;PROD_37;9;1
ORD_102;PROD_6;5;3
ORD_102;PROD_10;4;1
ORD_102;PROD_49;1;3
ORD_102;PROD_28;3;5
ORD_102;PROD_31;2;3
ORD_102;PROD_22;6;3
ORD_102;PROD_9;9;3
ORD_102;PROD_47;5;3
ORD_102;PROD_25;1;1
ORD_102;PROD_12;3;4
ORD_102;PROD_23;9;4
ORD_102;PROD_9;7;2
ORD_102;PROD_39;5;2
ORD_102;PROD_4;3;5
ORD_103;PROD_9;7;1
ORD_103;PROD_23;3;5
ORD_103;PROD_2;7;4
ORD_103;PROD_18;4;5
ORD_103;PROD_41;3;4
ORD_103;PROD_27;6;4
ORD_104;PROD_34;6;1
ORD_104;PROD_21;3;3
ORD_104;PROD_18;5;4
ORD_104;PROD_2;8;1
ORD_104;PROD_50;4;2
ORD_104;PROD_27;8;3
ORD_104;PROD_46;3;1
ORD_104;PROD_13;4;4
ORD_104;PROD_16;2;1
ORD_104;PROD_49;6;4
ORD_104;PROD_27;1;4
ORD_104;PROD_30;7;4
ORD_104;PROD_2;2;5
ORD_104;PROD_25;2;2
ORD_105;PROD_7;4;2
ORD_105;PROD_45;2;3
ORD_105;PROD_29;7;1
ORD_105;PROD_12;6;3
ORD_105;PROD_2;9;3
ORD_105;PROD_39;3;3
ORD_105;PROD_11;6;5
ORD_105;PROD_2;3;5
ORD_105;PROD_50;9;3
ORD_105;PROD_27;7;2
ORD_106;PROD_17;1;2
ORD_106;PROD_43;4;5
ORD_106;PROD_36;5;2
ORD_106;PROD_19;4;5
ORD_106;PROD_12;3;5
ORD_107;PROD_9;8;4
ORD_107;PROD_23;3;1
ORD_107;PROD_9;1;2
ORD_107;PROD_23;1;2
ORD_107;PROD_46;7;1
ORD_107;PROD_9;4;2
ORD_107;PROD_28;7;2
ORD_107;PROD_5;2;2
ORD_108;PROD_9;7;3
ORD_108;PROD_40;7;4
ORD_108;PROD_25;5;3
ORD_108;PROD_25;1;3
ORD_108;PROD_36;4;3
ORD_108;PROD_4;8;3
ORD_108;PROD_36;9;4
ORD_108;PROD_9;7;1
ORD_108;PROD_31;3;4
ORD_108;PROD_42;2;3
ORD_108;PROD_1;2;2
ORD_108;PROD_35;9;3
ORD_108;PROD_46;9;3
ORD_108;PROD_26;9;5
ORD_108;PROD_29;4;5
ORD_109;PROD_2;6;5
ORD_109;PROD_50;4;3
ORD_109;PROD_27;8;4
ORD_109;PROD_46;4;2
ORD_109;PROD_9;3;1
ORD_109;PROD_28;2;3
ORD_109;PROD_5;4;4
ORD_109;PROD_46;4;3
ORD_109;PROD_13;4;4
ORD_109;PROD_16;9;1
ORD_109;PROD_49;4;4
ORD_109;PROD_27;8;2
ORD_109;PROD_14;2;5
ORD_109;PROD_40;5;1
ORD_109;PROD_2;1;2
ORD_110;PROD_10;3;3
ORD_110;PROD_44;3;5
ORD_110;PROD_4;9;1
ORD_110;PROD_33;3;2
ORD_110;PROD_9;1;3
ORD_110;PROD_47;5;2
ORD_110;PROD_24;3;1
ORD_110;PROD_33;2;4
ORD_111;PROD_17;5;5
ORD_111;PROD_34;8;4
ORD_111;PROD_1;5;3
ORD_111;PROD_2;2;1
ORD_111;PROD_19;2;5
ORD_111;PROD_37;6;1
ORD_111;PROD_21;7;1
ORD_111;PROD_15;2;4
ORD_111;PROD_37;2;1
ORD_112;PROD_21;9;5
ORD_112;PROD_4;9;1
ORD_112;PROD_27;3;1
ORD_112;PROD_25;7;2
ORD_112;PROD_14;8;5
ORD_113;PROD_24;6;5
ORD_113;PROD_44;8;1
ORD_113;PROD_39;1;2
ORD_113;PROD_16;5;2
ORD_113;PROD_38;4;1
ORD_113;PROD_37;7;2
ORD_113;PROD_49;6;1
ORD_113;PROD_27;5;3
ORD_113;PROD_49;8;5
ORD_113;PROD_12;8;5
ORD_114;PROD_40;3;4
ORD_114;PROD_37;8;4
ORD_114;PROD_24;4;5
ORD_114;PROD_23;7;1
ORD_114;PROD_29;7;2
ORD_114;PROD_46;4;5
ORD_114;PROD_9;5;1
ORD_114;PROD_28;4;1
ORD_114;PROD_5;5;3
ORD_115;PROD_1;8;5
ORD_115;PROD_21;8;2
ORD_115;PROD_28;6;3
ORD_115;PROD_33;2;4
ORD_115;PROD_33;4;5
ORD_115;PROD_27;6;3
ORD_115;PROD_45;6;1
ORD_116;PROD_40;4;5
ORD_116;PROD_37;8;4
ORD_116;PROD_24;8;1
ORD_116;PROD_23;4;4
ORD_116;PROD_29;2;3
ORD_116;PROD_34;9;1
ORD_116;PROD_21;5;4
ORD_116;PROD_18;7;4
ORD_116;PROD_39;8;5
ORD_117;PROD_9;8;3
ORD_117;PROD_23;2;5
ORD_117;PROD_9;9;3
ORD_117;PROD_23;5;4
ORD_117;PROD_42;9;2
ORD_117;PROD_18;8;1
ORD_117;PROD_4;3;2
ORD_117;PROD_48;8;3
ORD_117;PROD_27;2;2
ORD_118;PROD_40;9;4
ORD_118;PROD_37;3;3
ORD_118;PROD_24;6;2
ORD_118;PROD_23;9;4
ORD_118;PROD_29;7;3
ORD_118;PROD_46;1;5
ORD_118;PROD_9;8;2
ORD_118;PROD_28;4;3
ORD_118;PROD_5;8;5
ORD_118;PROD_5;2;4
ORD_119;PROD_40;5;4
ORD_119;PROD_37;3;4
ORD_119;PROD_24;5;1
ORD_119;PROD_23;4;2
ORD_119;PROD_29;3;3
ORD_119;PROD_7;8;3
ORD_119;PROD_45;3;4
ORD_119;PROD_29;9;5
ORD_119;PROD_46;8;5
ORD_119;PROD_13;1;2
ORD_119;PROD_16;9;5
ORD_119;PROD_49;4;1
ORD_119;PROD_27;2;1
ORD_119;PROD_15;5;3
ORD_119;PROD_21;6;1
ORD_120;PROD_46;6;5
ORD_120;PROD_13;8;2
ORD_120;PROD_16;4;4
ORD_120;PROD_49;5;1
ORD_120;PROD_27;8;1
ORD_120;PROD_22;4;5
ORD_120;PROD_34;7;5
ORD_120;PROD_19;1;4
ORD_120;PROD_38;5;4
ORD_120;PROD_38;1;4
ORD_120;PROD_50;7;2
ORD_120;PROD_37;4;4
ORD_121;PROD_5;2;2
ORD_121;PROD_48;7;2
ORD_121;PROD_21;3;5
ORD_121;PROD_50;8;3
ORD_121;PROD_17;3;1
ORD_121;PROD_40;2;4
ORD_121;PROD_15;4;1
ORD_121;PROD_45;8;1
ORD_121;PROD_5;4;3
ORD_121;PROD_26;5;5
ORD_121;PROD_8;6;5
ORD_121;PROD_22;8;2
ORD_121;PROD_37;6;4
ORD_121;PROD_26;3;1
ORD_121;PROD_49;2;3
ORD_122;PROD_4;8;4
ORD_122;PROD_32;6;5
ORD_122;PROD_21;3;1
ORD_122;PROD_17;3;1
ORD_122;PROD_33;6;3
ORD_122;PROD_4;3;4
ORD_122;PROD_8;8;4
ORD_122;PROD_16;5;4
ORD_122;PROD_1;1;5
ORD_122;PROD_48;8;5
ORD_122;PROD_27;1;5
ORD_122;PROD_10;4;1
ORD_122;PROD_17;3;4
ORD_122;PROD_33;5;4
ORD_123;PROD_31;7;2
ORD_123;PROD_3;4;5
ORD_123;PROD_22;9;3
ORD_123;PROD_46;7;4
ORD_123;PROD_6;7;3
ORD_124;PROD_31;6;1
ORD_124;PROD_3;9;2
ORD_124;PROD_22;4;5
ORD_124;PROD_46;5;5
ORD_124;PROD_34;2;4
ORD_124;PROD_21;4;4
ORD_124;PROD_18;3;5
ORD_124;PROD_7;7;4
ORD_124;PROD_45;6;5
ORD_124;PROD_29;1;1
ORD_124;PROD_22;2;4
ORD_124;PROD_8;8;5
ORD_125;PROD_39;1;5
ORD_125;PROD_16;4;5
ORD_125;PROD_12;4;3
ORD_125;PROD_33;3;3
ORD_125;PROD_25;4;4
ORD_125;PROD_7;7;1
ORD_125;PROD_40;9;2
ORD_125;PROD_8;1;2
ORD_125;PROD_12;8;1
ORD_125;PROD_21;2;5
ORD_125;PROD_19;1;4
ORD_125;PROD_21;7;1
ORD_126;PROD_29;8;4
ORD_126;PROD_21;6;5
ORD_126;PROD_29;2;3
ORD_126;PROD_42;5;4
ORD_126;PROD_30;9;1
ORD_126;PROD_41;1;4
ORD_126;PROD_47;8;2
ORD_126;PROD_18;5;4
ORD_126;PROD_16;7;4
ORD_126;PROD_50;7;4
ORD_126;PROD_22;3;3
ORD_126;PROD_42;6;3
ORD_126;PROD_7;2;4
ORD_126;PROD_42;8;1
ORD_126;PROD_43;7;5
ORD_127;PROD_46;5;4
ORD_127;PROD_13;4;1
ORD_127;PROD_16;4;2
ORD_127;PROD_49;8;5
ORD_127;PROD_27;5;5
ORD_128;PROD_44;4;3
ORD_128;PROD_17;8;4
ORD_128;PROD_4;4;1
ORD_128;PROD_3;7;1
ORD_128;PROD_25;1;5
ORD_128;PROD_5;7;5
ORD_128;PROD_48;3;1
ORD_129;PROD_29;4;4
ORD_129;PROD_10;1;2
ORD_129;PROD_22;5;2
ORD_129;PROD_28;7;4
ORD_129;PROD_20;4;2
ORD_129;PROD_8;8;5
ORD_129;PROD_34;2;3
ORD_129;PROD_3;8;5
ORD_129;PROD_25;9;3
ORD_129;PROD_11;2;4
ORD_129;PROD_9;1;4
ORD_129;PROD_5;4;4
ORD_130;PROD_7;5;4
ORD_130;PROD_45;3;2
ORD_130;PROD_29;2;4
ORD_130;PROD_18;1;3
ORD_130;PROD_40;2;4
ORD_130;PROD_5;2;4
ORD_130;PROD_26;2;5
ORD_130;PROD_38;3;1
ORD_130;PROD_44;7;1
ORD_130;PROD_40;5;5
ORD_130;PROD_30;7;5
ORD_130;PROD_45;4;3
ORD_130;PROD_50;1;4
ORD_130;PROD_18;8;5
ORD_130;PROD_6;6;5
ORD_131;PROD_34;9;4
ORD_131;PROD_21;5;4
ORD_131;PROD_18;9;5
ORD_131;PROD_40;3;5
ORD_131;PROD_37;4;4
ORD_131;PROD_24;6;4
ORD_131;PROD_23;9;4
ORD_131;PROD_29;7;4
ORD_131;PROD_7;1;4
ORD_132;PROD_7;8;3
ORD_132;PROD_45;5;3
ORD_132;PROD_29;6;1
ORD_132;PROD_14;8;3
ORD_132;PROD_42;5;5
ORD_132;PROD_36;7;1
ORD_132;PROD_1;2;1
ORD_132;PROD_39;7;5
ORD_132;PROD_44;2;1
ORD_132;PROD_31;3;2
ORD_132;PROD_30;9;3
ORD_133;PROD_47;9;4
ORD_133;PROD_41;8;5
ORD_133;PROD_18;1;2
ORD_133;PROD_1;8;4
ORD_133;PROD_19;1;4
ORD_133;PROD_6;2;2
ORD_133;PROD_8;8;3
ORD_133;PROD_46;4;3
ORD_133;PROD_24;5;3
ORD_133;PROD_41;6;1
ORD_133;PROD_37;2;3
ORD_133;PROD_6;9;2
ORD_133;PROD_7;8;1
ORD_133;PROD_28;4;5
ORD_134;PROD_21;7;3
ORD_134;PROD_4;4;2
ORD_134;PROD_14;4;5
ORD_134;PROD_31;4;1
ORD_134;PROD_34;6;5
ORD_134;PROD_34;5;3
ORD_134;PROD_43;5;3
ORD_134;PROD_11;7;2
ORD_135;PROD_12;2;2
ORD_135;PROD_2;2;4
ORD_135;PROD_39;8;3
ORD_135;PROD_11;4;4
ORD_135;PROD_9;5;1
ORD_135;PROD_23;7;3
ORD_135;PROD_31;8;3
ORD_135;PROD_16;8;1
ORD_136;PROD_7;8;5
ORD_136;PROD_45;5;3
ORD_136;PROD_29;6;2
ORD_136;PROD_40;5;3
ORD_136;PROD_37;6;2
ORD_136;PROD_24;8;1
ORD_136;PROD_23;9;5
ORD_136;PROD_29;9;3
ORD_136;PROD_2;7;3
ORD_136;PROD_3;8;1
ORD_137;PROD_44;2;4
ORD_137;PROD_17;3;3
ORD_137;PROD_4;6;3
ORD_137;PROD_3;7;5
ORD_137;PROD_25;7;4
ORD_137;PROD_34;1;2
ORD_137;PROD_21;4;3
ORD_138;PROD_23;1;3
ORD_138;PROD_27;4;1
ORD_138;PROD_10;3;2
ORD_138;PROD_11;9;2
ORD_138;PROD_6;5;1
ORD_138;PROD_21;6;3
ORD_138;PROD_46;9;4
ORD_138;PROD_13;6;2
ORD_138;PROD_48;1;2
ORD_138;PROD_46;6;2
ORD_138;PROD_24;5;3
ORD_138;PROD_24;3;1
ORD_138;PROD_10;9;5
ORD_139;PROD_2;7;2
ORD_139;PROD_50;5;2
ORD_139;PROD_27;1;5
ORD_139;PROD_44;7;1
ORD_139;PROD_17;1;5
ORD_139;PROD_4;6;1
ORD_139;PROD_3;7;2
ORD_139;PROD_25;9;5
ORD_139;PROD_17;1;5
ORD_140;PROD_46;5;2
ORD_140;PROD_9;3;5
ORD_140;PROD_28;9;5
ORD_140;PROD_5;1;4
ORD_140;PROD_46;9;5
ORD_141;PROD_1;3;4
ORD_141;PROD_14;6;3
ORD_141;PROD_21;5;1
ORD_141;PROD_49;9;4
ORD_141;PROD_37;2;2
ORD_141;PROD_14;2;5
ORD_141;PROD_6;1;3
ORD_141;PROD_22;8;5
ORD_141;PROD_39;2;2
ORD_141;PROD_12;8;1
ORD_141;PROD_4;9;4
ORD_141;PROD_19;9;5
ORD_141;PROD_33;7;5
ORD_142;PROD_46;4;1
ORD_142;PROD_13;2;2
ORD_142;PROD_16;3;5
ORD_142;PROD_49;1;1
ORD_142;PROD_27;3;1
ORD_142;PROD_46;8;2
ORD_142;PROD_13;4;1
ORD_142;PROD_16;3;4
ORD_142;PROD_49;6;2
ORD_142;PROD_27;5;2
ORD_142;PROD_5;6;5
ORD_142;PROD_48;1;4
ORD_143;PROD_2;5;1
ORD_143;PROD_50;9;5
ORD_143;PROD_27;8;4
ORD_143;PROD_34;9;3
ORD_143;PROD_21;8;2
ORD_143;PROD_18;1;4
ORD_143;PROD_43;1;5
ORD_143;PROD_2;4;5
ORD_143;PROD_21;5;2
ORD_143;PROD_27;3;5
ORD_143;PROD_48;3;4
ORD_143;PROD_19;2;5
ORD_143;PROD_23;3;1
ORD_144;PROD_46;7;2
ORD_144;PROD_13;1;4
ORD_144;PROD_16;4;3
ORD_144;PROD_49;3;5
ORD_144;PROD_27;5;3
ORD_144;PROD_49;4;5
ORD_144;PROD_24;3;5
ORD_144;PROD_15;9;5
ORD_144;PROD_18;2;3
ORD_144;PROD_18;1;4
ORD_144;PROD_2;3;1
ORD_144;PROD_24;2;3
ORD_144;PROD_18;2;3
ORD_144;PROD_15;9;4
ORD_144;PROD_8;1;2
ORD_145;PROD_5;1;1
ORD_145;PROD_48;1;5
ORD_145;PROD_21;7;3
ORD_145;PROD_50;5;1
ORD_145;PROD_17;9;4
ORD_145;PROD_7;1;4
ORD_146;PROD_12;2;2
ORD_146;PROD_2;1;5
ORD_146;PROD_39;4;3
ORD_146;PROD_11;3;5
ORD_146;PROD_44;3;4
ORD_146;PROD_17;6;1
ORD_146;PROD_4;6;5
ORD_146;PROD_3;7;2
ORD_146;PROD_25;3;3
ORD_146;PROD_11;9;5
ORD_146;PROD_5;1;3
ORD_146;PROD_14;2;4
ORD_147;PROD_31;2;4
ORD_147;PROD_3;2;1
ORD_147;PROD_22;6;5
ORD_147;PROD_46;1;5
ORD_147;PROD_44;3;2
ORD_147;PROD_17;3;2
ORD_147;PROD_4;1;1
ORD_147;PROD_3;3;1
ORD_147;PROD_25;1;3
ORD_147;PROD_40;9;1
ORD_147;PROD_37;7;3
ORD_147;PROD_24;4;5
ORD_147;PROD_23;2;5
ORD_148;PROD_5;9;2
ORD_148;PROD_48;3;2
ORD_148;PROD_21;8;3
ORD_148;PROD_50;6;2
ORD_148;PROD_17;8;1
ORD_148;PROD_46;8;2
ORD_148;PROD_13;5;1
ORD_148;PROD_16;1;2
ORD_148;PROD_49;4;4
ORD_148;PROD_27;2;3
ORD_148;PROD_34;5;4
ORD_149;PROD_12;2;2
ORD_149;PROD_2;6;2
ORD_149;PROD_39;4;1
ORD_149;PROD_11;9;4
ORD_149;PROD_31;2;3
ORD_149;PROD_3;2;1
ORD_149;PROD_22;8;4
ORD_149;PROD_46;2;5
ORD_149;PROD_5;2;2
ORD_149;PROD_48;9;4
ORD_149;PROD_21;6;3
ORD_149;PROD_50;5;3
ORD_149;PROD_17;6;4
ORD_149;PROD_29;5;4
ORD_149;PROD_49;9;3
ORD_150;PROD_40;5;1
ORD_150;PROD_37;6;5
ORD_150;PROD_48;4;2
ORD_150;PROD_6;4;1
ORD_150;PROD_22;5;1
ORD_150;PROD_29;3;2
ORD_150;PROD_2;7;5
ORD_150;PROD_32;2;3
ORD_150;PROD_5;3;3
ORD_150;PROD_43;7;2
ORD_150;PROD_26;6;5
ORD_150;PROD_20;3;1
ORD_150;PROD_35;1;4
ORD_150;PROD_44;9;5
ORD_150;PROD_14;4;4
ORD_151;PROD_24;2;1
ORD_151;PROD_20;3;3
ORD_151;PROD_46;9;1
ORD_151;PROD_29;5;1
ORD_151;PROD_28;2;3
ORD_151;PROD_21;1;2
ORD_152;PROD_40;1;1
ORD_152;PROD_37;5;4
ORD_152;PROD_24;5;4
ORD_152;PROD_23;3;4
ORD_152;PROD_29;9;3
ORD_152;PROD_46;6;3
ORD_152;PROD_9;6;4
ORD_152;PROD_28;8;2
ORD_152;PROD_5;2;2
ORD_152;PROD_11;1;1
ORD_152;PROD_46;1;2
ORD_152;PROD_41;8;2
ORD_152;PROD_47;7;3
ORD_153;PROD_46;5;3
ORD_153;PROD_13;6;1
ORD_153;PROD_16;5;1
ORD_153;PROD_49;3;2
ORD_153;PROD_27;5;5
ORD_153;PROD_40;9;5
ORD_153;PROD_37;4;5
ORD_153;PROD_24;2;3
ORD_154;PROD_34;8;4
ORD_154;PROD_32;1;5
ORD_154;PROD_12;3;2
ORD_154;PROD_20;8;2
ORD_154;PROD_40;7;4
ORD_154;PROD_37;3;2
ORD_154;PROD_19;7;3
ORD_154;PROD_47;9;2
ORD_154;PROD_6;9;2
ORD_154;PROD_50;1;5
ORD_154;PROD_8;8;4
ORD_154;PROD_40;3;5
ORD_154;PROD_26;7;3
ORD_154;PROD_37;5;3
ORD_154;PROD_27;3;4
ORD_155;PROD_34;5;3
ORD_155;PROD_21;2;2
ORD_155;PROD_18;7;5
ORD_155;PROD_46;7;3
ORD_155;PROD_9;6;2
ORD_155;PROD_28;9;2
ORD_155;PROD_5;9;5
ORD_155;PROD_33;9;5
ORD_155;PROD_45;8;4
ORD_155;PROD_9;1;1
ORD_155;PROD_49;2;3
ORD_155;PROD_21;5;5
ORD_156;PROD_31;8;5
ORD_156;PROD_3;9;4
ORD_156;PROD_22;7;2
ORD_156;PROD_46;1;4
ORD_156;PROD_2;3;3
ORD_156;PROD_50;2;5
ORD_157;PROD_31;4;3
ORD_157;PROD_3;2;5
ORD_157;PROD_22;7;4
ORD_157;PROD_46;1;5
ORD_157;PROD_9;8;1
ORD_157;PROD_1;8;5
ORD_157;PROD_48;8;3
ORD_157;PROD_47;7;5
ORD_157;PROD_46;2;4
ORD_158;PROD_34;6;1
ORD_158;PROD_4;1;4
ORD_158;PROD_35;8;3
ORD_158;PROD_27;5;5
ORD_158;PROD_2;3;3
ORD_158;PROD_39;6;5
ORD_158;PROD_17;5;3
ORD_159;PROD_9;5;1
ORD_159;PROD_23;4;4
ORD_159;PROD_5;5;3
ORD_159;PROD_48;2;1
ORD_159;PROD_21;7;3
ORD_159;PROD_50;7;5
ORD_159;PROD_17;8;2
ORD_159;PROD_44;8;1
ORD_160;PROD_46;3;1
ORD_160;PROD_13;2;1
ORD_160;PROD_16;2;4
ORD_160;PROD_49;8;5
ORD_160;PROD_27;8;1
ORD_160;PROD_5;7;4
ORD_160;PROD_48;3;4
ORD_161;PROD_16;8;2
ORD_161;PROD_31;5;1
ORD_161;PROD_12;9;3
ORD_161;PROD_48;1;3
ORD_161;PROD_10;8;5
ORD_161;PROD_38;1;1
ORD_161;PROD_44;6;2
ORD_161;PROD_50;8;2
ORD_161;PROD_2;1;4
ORD_161;PROD_50;6;3
ORD_161;PROD_37;3;4
ORD_162;PROD_2;2;4
ORD_162;PROD_50;5;2
ORD_162;PROD_27;4;4
ORD_162;PROD_24;4;1
ORD_162;PROD_17;1;3
ORD_162;PROD_12;2;1
ORD_162;PROD_25;2;3
ORD_162;PROD_22;9;3
ORD_163;PROD_2;8;5
ORD_163;PROD_50;7;2
ORD_163;PROD_27;1;3
ORD_163;PROD_7;6;4
ORD_163;PROD_45;7;2
ORD_163;PROD_29;9;1
ORD_163;PROD_46;3;1
ORD_163;PROD_9;4;2
ORD_163;PROD_28;3;4
ORD_163;PROD_5;1;2
ORD_163;PROD_19;8;4
ORD_163;PROD_16;7;3
ORD_164;PROD_9;6;1
ORD_164;PROD_23;3;4
ORD_164;PROD_9;3;3
ORD_164;PROD_23;1;5
ORD_164;PROD_12;1;2
ORD_164;PROD_10;3;3
ORD_164;PROD_39;4;4
ORD_164;PROD_14;7;2
ORD_164;PROD_32;4;1
ORD_165;PROD_40;7;5
ORD_165;PROD_37;4;3
ORD_165;PROD_24;9;5
ORD_165;PROD_23;2;3
ORD_165;PROD_29;5;2
ORD_165;PROD_44;1;2
ORD_165;PROD_17;4;3
ORD_165;PROD_4;9;1
ORD_165;PROD_3;1;1
ORD_165;PROD_25;1;5
ORD_165;PROD_44;7;1
ORD_165;PROD_17;5;2
ORD_165;PROD_4;3;1
ORD_166;PROD_40;1;1
ORD_166;PROD_39;1;4
ORD_166;PROD_30;7;4
ORD_166;PROD_41;9;3
ORD_166;PROD_26;2;3
ORD_166;PROD_42;9;3
ORD_166;PROD_22;3;1
ORD_167;PROD_4;6;3
ORD_167;PROD_27;3;3
ORD_167;PROD_36;8;4
ORD_167;PROD_5;5;5
ORD_167;PROD_9;4;1
ORD_167;PROD_21;9;2
ORD_167;PROD_6;9;3
ORD_167;PROD_10;7;2
ORD_168;PROD_5;4;3
ORD_168;PROD_48;8;2
ORD_168;PROD_21;4;1
ORD_168;PROD_50;1;1
ORD_168;PROD_17;9;4
ORD_168;PROD_12;1;1
ORD_168;PROD_2;3;4
ORD_168;PROD_39;8;1
ORD_168;PROD_11;8;5
ORD_169;PROD_40;9;1
ORD_169;PROD_3;5;1
ORD_169;PROD_3;3;4
ORD_169;PROD_34;9;1
ORD_169;PROD_33;3;4
ORD_170;PROD_13;5;3
ORD_170;PROD_25;9;2
ORD_170;PROD_15;3;2
ORD_170;PROD_42;7;4
ORD_170;PROD_29;4;3
ORD_171;PROD_14;4;4
ORD_171;PROD_47;2;4
ORD_171;PROD_46;3;3
ORD_171;PROD_21;8;1
ORD_171;PROD_4;8;5
ORD_171;PROD_31;6;4
ORD_171;PROD_39;3;4
ORD_171;PROD_40;4;4
ORD_171;PROD_28;8;4
ORD_172;PROD_17;2;1
ORD_172;PROD_45;4;4
ORD_172;PROD_5;6;1
ORD_172;PROD_20;5;2
ORD_172;PROD_17;4;1
ORD_172;PROD_45;1;1
ORD_172;PROD_5;6;5
ORD_172;PROD_20;6;1
ORD_172;PROD_27;8;5
ORD_173;PROD_7;6;2
ORD_173;PROD_2;5;3
ORD_173;PROD_4;2;4
ORD_173;PROD_10;4;1
ORD_173;PROD_25;1;3
ORD_173;PROD_16;8;2
ORD_173;PROD_37;4;2
ORD_173;PROD_35;1;5
ORD_173;PROD_24;6;4
ORD_174;PROD_46;5;2
ORD_174;PROD_9;5;4
ORD_174;PROD_28;9;2
ORD_174;PROD_5;9;1
ORD_174;PROD_33;3;1
ORD_174;PROD_18;6;4
ORD_174;PROD_40;1;5
ORD_174;PROD_14;3;2
ORD_175;PROD_9;8;1
ORD_175;PROD_23;7;3
ORD_175;PROD_11;9;3
ORD_175;PROD_44;4;5
ORD_175;PROD_24;5;3
ORD_175;PROD_20;7;3
ORD_176;PROD_17;3;3
ORD_176;PROD_45;7;4
ORD_176;PROD_5;1;5
ORD_176;PROD_20;2;3
ORD_176;PROD_44;8;3
ORD_176;PROD_17;6;2
ORD_176;PROD_4;7;2
ORD_176;PROD_3;5;5
ORD_176;PROD_25;8;5
ORD_176;PROD_24;7;4
ORD_176;PROD_18;4;1
ORD_176;PROD_8;7;4
ORD_176;PROD_27;6;5
ORD_177;PROD_46;3;1
ORD_177;PROD_9;1;1
ORD_177;PROD_28;3;5
ORD_177;PROD_5;2;2
ORD_177;PROD_34;3;2
ORD_177;PROD_21;8;1
ORD_177;PROD_18;6;5
ORD_177;PROD_31;9;3
ORD_177;PROD_3;9;1
ORD_177;PROD_22;7;3
ORD_177;PROD_46;2;4
ORD_177;PROD_32;6;5
ORD_177;PROD_9;1;4
ORD_178;PROD_31;7;5
ORD_178;PROD_3;1;5
ORD_178;PROD_22;5;4
ORD_178;PROD_46;7;3
ORD_178;PROD_46;5;5
ORD_178;PROD_29;3;3
ORD_178;PROD_2;5;5
ORD_179;PROD_9;3;5
ORD_179;PROD_23;7;1
ORD_179;PROD_32;7;2
ORD_179;PROD_44;8;5
ORD_179;PROD_30;7;3
ORD_179;PROD_36;8;3
ORD_179;PROD_4;2;5
ORD_180;PROD_44;9;2
ORD_180;PROD_17;4;4
ORD_180;PROD_4;9;1
ORD_180;PROD_3;4;5
ORD_180;PROD_25;6;5
ORD_180;PROD_34;3;2
ORD_180;PROD_21;3;2
ORD_180;PROD_18;8;5
ORD_180;PROD_31;8;4
ORD_181;PROD_43;5;5
ORD_181;PROD_38;8;3
ORD_181;PROD_6;2;3
ORD_181;PROD_27;3;5
ORD_181;PROD_4;5;2
ORD_181;PROD_9;5;2
ORD_181;PROD_38;2;3
ORD_181;PROD_3;9;3
ORD_181;PROD_21;3;5
ORD_181;PROD_48;2;3
ORD_181;PROD_12;9;4
ORD_181;PROD_10;9;3
ORD_181;PROD_37;3;4
ORD_181;PROD_10;6;4
ORD_181;PROD_29;1;1
ORD_182;PROD_7;4;1
ORD_182;PROD_16;9;1
ORD_182;PROD_5;3;1
ORD_182;PROD_21;3;4
ORD_182;PROD_12;4;5
ORD_182;PROD_24;9;4
ORD_182;PROD_12;1;4
ORD_182;PROD_40;1;4
ORD_182;PROD_28;1;2
ORD_182;PROD_48;8;4
ORD_182;PROD_16;8;1
ORD_182;PROD_47;8;2
ORD_183;PROD_17;3;3
ORD_183;PROD_45;5;1
ORD_183;PROD_5;5;3
ORD_183;PROD_20;6;1
ORD_183;PROD_9;1;3
ORD_183;PROD_23;6;2
ORD_183;PROD_34;1;4
ORD_183;PROD_11;5;2
ORD_183;PROD_44;2;3
ORD_184;PROD_12;6;2
ORD_184;PROD_2;7;4
ORD_184;PROD_39;2;1
ORD_184;PROD_11;5;3
ORD_184;PROD_20;8;1
ORD_184;PROD_40;6;1
ORD_184;PROD_44;8;1
ORD_184;PROD_20;9;1
ORD_184;PROD_44;3;1
ORD_184;PROD_25;9;3
ORD_185;PROD_44;8;5
ORD_185;PROD_17;8;2
ORD_185;PROD_4;9;4
ORD_185;PROD_3;2;5
ORD_185;PROD_25;7;4
ORD_185;PROD_44;6;5
ORD_185;PROD_17;2;1
ORD_185;PROD_4;9;1
ORD_185;PROD_3;9;3
ORD_185;PROD_25;5;4
ORD_185;PROD_5;7;5
ORD_185;PROD_48;8;5
ORD_186;PROD_7;8;2
ORD_186;PROD_45;4;2
ORD_186;PROD_29;7;4
ORD_186;PROD_46;8;4
ORD_186;PROD_9;8;1
ORD_186;PROD_28;6;3
ORD_186;PROD_5;9;2
ORD_186;PROD_40;8;3
ORD_186;PROD_37;5;1
ORD_186;PROD_24;7;5
ORD_186;PROD_23;7;3
ORD_186;PROD_29;3;2
ORD_186;PROD_6;3;2
ORD_187;PROD_34;9;2
ORD_187;PROD_21;1;5
ORD_187;PROD_18;6;2
ORD_187;PROD_49;1;5
ORD_187;PROD_13;4;4
ORD_187;PROD_30;9;5
ORD_187;PROD_50;4;4
ORD_187;PROD_42;2;2
ORD_187;PROD_26;7;3
ORD_187;PROD_46;9;2
ORD_187;PROD_50;8;2
ORD_187;PROD_27;2;3
ORD_187;PROD_29;7;3
ORD_187;PROD_19;8;3
ORD_188;PROD_9;4;3
ORD_188;PROD_23;3;2
ORD_188;PROD_6;4;5
ORD_188;PROD_29;7;5
ORD_188;PROD_33;6;3
ORD_189;PROD_5;1;5
ORD_189;PROD_13;5;2
ORD_189;PROD_35;7;3
ORD_189;PROD_44;4;2
ORD_189;PROD_25;1;5
ORD_189;PROD_47;7;4
ORD_189;PROD_38;8;3
ORD_189;PROD_48;8;2
ORD_189;PROD_49;3;1
ORD_189;PROD_42;5;2
ORD_189;PROD_19;6;3
ORD_189;PROD_6;1;5
ORD_190;PROD_7;2;2
ORD_190;PROD_45;2;2
ORD_190;PROD_29;7;3
ORD_190;PROD_28;5;2
ORD_190;PROD_36;7;4
ORD_190;PROD_32;2;1
ORD_190;PROD_14;2;2
ORD_190;PROD_23;1;5
ORD_191;PROD_46;4;5
ORD_191;PROD_13;8;3
ORD_191;PROD_16;5;1
ORD_191;PROD_49;1;1
ORD_191;PROD_27;8;5
ORD_191;PROD_7;4;4
ORD_191;PROD_4;8;5
ORD_191;PROD_35;5;2
ORD_191;PROD_4;3;5
ORD_191;PROD_33;9;1
ORD_191;PROD_43;1;3
ORD_191;PROD_16;8;2
ORD_191;PROD_14;6;1
ORD_191;PROD_39;6;3
ORD_191;PROD_9;8;5
ORD_192;PROD_17;1;1
ORD_192;PROD_45;8;5
ORD_192;PROD_5;6;4
ORD_192;PROD_20;4;4
ORD_192;PROD_2;1;5
ORD_192;PROD_50;9;5
ORD_192;PROD_27;2;5
ORD_192;PROD_44;2;5
ORD_192;PROD_6;3;4
ORD_192;PROD_4;5;3
ORD_192;PROD_23;6;4
ORD_192;PROD_29;1;5
ORD_192;PROD_44;6;5
ORD_192;PROD_15;4;3
ORD_193;PROD_7;9;5
ORD_193;PROD_45;3;4
ORD_193;PROD_29;4;2
ORD_193;PROD_5;9;4
ORD_193;PROD_48;5;5
ORD_193;PROD_21;7;1
ORD_193;PROD_50;9;5
ORD_193;PROD_17;5;1
ORD_193;PROD_20;5;5
ORD_193;PROD_2;9;3
ORD_193;PROD_45;8;3
ORD_193;PROD_34;5;3
ORD_194;PROD_17;6;2
ORD_194;PROD_45;9;3
ORD_194;PROD_5;9;4
ORD_194;PROD_20;2;3
ORD_194;PROD_34;7;1
ORD_194;PROD_32;6;1
ORD_194;PROD_39;2;4
ORD_194;PROD_12;1;1
ORD_194;PROD_41;3;5
ORD_194;PROD_31;7;1
ORD_194;PROD_18;6;2
ORD_194;PROD_21;1;3
ORD_195;PROD_46;7;2
ORD_195;PROD_13;4;1
ORD_195;PROD_16;9;5
ORD_195;PROD_49;4;5
ORD_195;PROD_27;6;4
ORD_195;PROD_6;5;4
ORD_195;PROD_32;5;4
ORD_195;PROD_33;6;1
ORD_195;PROD_12;1;1
ORD_195;PROD_23;2;3
ORD_195;PROD_15;1;4
ORD_195;PROD_45;7;3
ORD_195;PROD_22;6;4
ORD_195;PROD_23;8;2
ORD_195;PROD_10;2;2
ORD_196;PROD_15;2;1
ORD_196;PROD_24;6;5
ORD_196;PROD_23;6;5
ORD_196;PROD_26;3;2
ORD_196;PROD_9;8;4
ORD_197;PROD_28;1;3
ORD_197;PROD_41;9;3
ORD_197;PROD_38;5;5
ORD_197;PROD_50;1;5
ORD_197;PROD_42;3;3
ORD_197;PROD_47;7;2
ORD_197;PROD_10;1;3
ORD_197;PROD_9;1;4
ORD_197;PROD_29;6;3
ORD_197;PROD_35;5;4
ORD_198;PROD_12;4;5
ORD_198;PROD_2;4;2
ORD_198;PROD_39;6;5
ORD_198;PROD_11;3;5
ORD_198;PROD_9;4;5
ORD_198;PROD_23;6;1
ORD_198;PROD_40;5;4
ORD_198;PROD_37;2;1
ORD_198;PROD_24;7;3
ORD_198;PROD_23;9;4
ORD_198;PROD_29;1;5
ORD_198;PROD_14;2;1
ORD_199;PROD_50;7;3
ORD_199;PROD_24;7;1
ORD_199;PROD_45;9;1
ORD_199;PROD_17;7;1
ORD_199;PROD_21;6;4
ORD_199;PROD_18;3;2
ORD_199;PROD_35;2;5
ORD_199;PROD_29;8;2
ORD_199;PROD_19;3;3
ORD_199;PROD_9;9;3
ORD_199;PROD_1;7;3
ORD_200;PROD_31;1;4
ORD_200;PROD_3;2;4
ORD_200;PROD_22;9;4
ORD_200;PROD_46;7;3
ORD_200;PROD_50;6;5
ORD_201;PROD_20;4;1
ORD_201;PROD_32;2;2
ORD_201;PROD_45;6;1
ORD_201;PROD_47;8;2
ORD_201;PROD_15;6;2
ORD_201;PROD_38;7;5
ORD_201;PROD_46;7;5
ORD_201;PROD_8;2;2
ORD_201;PROD_17;2;5
ORD_201;PROD_26;2;2
ORD_202;PROD_40;8;5
ORD_202;PROD_37;4;2
ORD_202;PROD_24;4;2
ORD_202;PROD_23;7;3
ORD_202;PROD_29;3;2
ORD_202;PROD_17;7;4
ORD_202;PROD_45;2;4
ORD_202;PROD_5;2;1
ORD_202;PROD_20;1;4
ORD_202;PROD_40;2;2
ORD_202;PROD_37;1;1
ORD_203;PROD_34;6;2
ORD_203;PROD_21;2;2
ORD_203;PROD_18;9;5
ORD_203;PROD_44;7;5
ORD_203;PROD_17;6;5
ORD_203;PROD_4;1;4
ORD_203;PROD_3;6;2
ORD_203;PROD_25;3;5
ORD_203;PROD_19;4;1
ORD_203;PROD_25;7;4
ORD_203;PROD_25;9;4
ORD_203;PROD_46;2;5
ORD_203;PROD_27;7;1
ORD_204;PROD_2;8;5
ORD_204;PROD_50;1;3
ORD_204;PROD_27;1;1
ORD_204;PROD_40;7;1
ORD_204;PROD_37;4;1
ORD_204;PROD_24;1;1
ORD_204;PROD_23;4;1
ORD_204;PROD_29;2;4
ORD_205;PROD_44;7;2
ORD_205;PROD_17;7;4
ORD_205;PROD_4;5;1
ORD_205;PROD_3;2;1
ORD_205;PROD_25;8;2
ORD_205;PROD_12;3;2
ORD_205;PROD_2;6;2
ORD_205;PROD_39;8;2
ORD_205;PROD_11;8;2
ORD_205;PROD_17;9;4
ORD_205;PROD_44;1;1
ORD_205;PROD_33;7;3
ORD_205;PROD_6;8;5
ORD_206;PROD_31;6;4
ORD_206;PROD_3;5;2
ORD_206;PROD_22;2;2
ORD_206;PROD_46;2;1
ORD_206;PROD_44;9;5
ORD_206;PROD_17;9;1
ORD_206;PROD_4;7;3
ORD_206;PROD_3;7;5
ORD_207;PROD_17;8;5
ORD_207;PROD_45;1;5
ORD_207;PROD_5;4;2
ORD_207;PROD_20;6;4
ORD_207;PROD_21;9;5
ORD_207;PROD_13;9;3
ORD_207;PROD_21;6;5
ORD_208;PROD_31;3;4
ORD_208;PROD_8;8;4
ORD_208;PROD_39;6;3
ORD_208;PROD_34;8;2
ORD_208;PROD_3;3;5
ORD_208;PROD_50;8;3
ORD_208;PROD_36;1;1
ORD_208;PROD_31;9;4
ORD_208;PROD_44;6;5
ORD_208;PROD_15;9;4
ORD_208;PROD_40;4;4
ORD_208;PROD_2;4;5
ORD_208;PROD_38;3;5
ORD_208;PROD_29;3;5
ORD_208;PROD_3;2;1
ORD_209;PROD_40;8;3
ORD_209;PROD_37;3;1
ORD_209;PROD_24;4;4
ORD_209;PROD_23;4;1
ORD_209;PROD_29;5;3
ORD_209;PROD_28;6;3
ORD_209;PROD_41;8;4
ORD_209;PROD_25;9;1
ORD_209;PROD_32;1;5
ORD_209;PROD_3;6;4
ORD_209;PROD_3;1;1
ORD_209;PROD_23;2;2
ORD_209;PROD_13;1;5
ORD_209;PROD_29;8;3
ORD_209;PROD_43;6;1
ORD_210;PROD_7;7;4
ORD_210;PROD_45;4;2
ORD_210;PROD_29;2;3
ORD_210;PROD_29;6;2
ORD_210;PROD_5;1;5
ORD_210;PROD_44;4;1
ORD_211;PROD_5;9;1
ORD_211;PROD_1;7;5
ORD_211;PROD_41;1;4
ORD_211;PROD_27;1;3
ORD_211;PROD_5;5;1
ORD_211;PROD_13;6;2
ORD_211;PROD_21;4;2
ORD_211;PROD_26;7;5
ORD_211;PROD_34;1;2
ORD_211;PROD_28;1;1
ORD_211;PROD_13;7;2
ORD_211;PROD_18;4;2
ORD_212;PROD_40;1;2
ORD_212;PROD_37;6;2
ORD_212;PROD_24;5;5
ORD_212;PROD_23;2;4
ORD_212;PROD_29;9;1
ORD_212;PROD_9;1;1
ORD_212;PROD_23;6;4
ORD_212;PROD_44;8;3
ORD_212;PROD_17;3;4
ORD_213;PROD_34;8;5
ORD_213;PROD_21;7;1
ORD_213;PROD_18;4;3
ORD_213;PROD_46;5;3
ORD_213;PROD_9;1;5
ORD_213;PROD_28;2;4
ORD_213;PROD_5;2;1
ORD_213;PROD_9;9;3
ORD_213;PROD_23;7;4
ORD_213;PROD_1;6;2
ORD_213;PROD_5;4;3
ORD_214;PROD_5;1;4
ORD_214;PROD_48;8;3
ORD_214;PROD_21;3;4
ORD_214;PROD_50;5;2
ORD_214;PROD_17;3;4
ORD_214;PROD_46;4;3
ORD_215;PROD_12;2;1
ORD_215;PROD_2;6;3
ORD_215;PROD_39;6;2
ORD_215;PROD_11;1;1
ORD_215;PROD_5;9;3
ORD_215;PROD_48;9;5
ORD_216;PROD_46;4;2
ORD_216;PROD_9;1;4
ORD_216;PROD_28;4;3
ORD_216;PROD_5;1;2
ORD_216;PROD_42;5;5
ORD_216;PROD_27;9;4
ORD_216;PROD_47;8;4
ORD_216;PROD_31;1;2
ORD_216;PROD_41;5;4
ORD_216;PROD_24;2;5
ORD_216;PROD_25;7;1
ORD_216;PROD_31;1;2
ORD_216;PROD_29;8;4
ORD_216;PROD_8;7;3
ORD_217;PROD_40;5;2
ORD_217;PROD_37;2;5
ORD_217;PROD_24;2;3
ORD_217;PROD_23;2;2
ORD_217;PROD_29;3;2
ORD_217;PROD_22;5;1
ORD_217;PROD_26;9;4
ORD_217;PROD_8;7;2
ORD_217;PROD_17;5;3
ORD_217;PROD_45;5;3
ORD_217;PROD_11;5;1
ORD_217;PROD_9;5;3
ORD_218;PROD_2;6;3
ORD_218;PROD_2;3;1
ORD_218;PROD_4;6;4
ORD_218;PROD_6;1;5
ORD_218;PROD_33;3;3
ORD_218;PROD_45;8;1
ORD_218;PROD_50;8;2
ORD_218;PROD_36;9;4
ORD_218;PROD_49;9;2
ORD_218;PROD_4;8;4
ORD_218;PROD_5;2;1
ORD_219;PROD_50;5;3
ORD_219;PROD_11;4;2
ORD_219;PROD_36;2;2
ORD_219;PROD_30;7;3
ORD_219;PROD_10;1;2
ORD_219;PROD_12;6;4
ORD_219;PROD_33;4;2
ORD_219;PROD_31;8;2
ORD_219;PROD_43;8;2
ORD_220;PROD_31;9;5
ORD_220;PROD_3;5;5
ORD_220;PROD_22;6;1
ORD_220;PROD_46;7;2
ORD_220;PROD_46;1;1
ORD_220;PROD_9;4;1
ORD_220;PROD_28;3;4
ORD_220;PROD_5;3;1
ORD_220;PROD_2;8;4
ORD_220;PROD_50;9;3
ORD_220;PROD_27;1;1
ORD_221;PROD_9;6;1
ORD_221;PROD_23;7;1
ORD_221;PROD_44;2;3
ORD_221;PROD_17;5;3
ORD_221;PROD_4;1;5
ORD_221;PROD_3;2;4
ORD_221;PROD_25;3;4
ORD_221;PROD_40;7;4
ORD_221;PROD_37;1;1
ORD_221;PROD_24;5;2
ORD_221;PROD_23;4;1
ORD_222;PROD_46;9;5
ORD_222;PROD_13;4;5
ORD_222;PROD_16;5;5
ORD_222;PROD_49;4;5
ORD_222;PROD_27;7;1
ORD_222;PROD_7;8;5
ORD_223;PROD_12;1;2
ORD_223;PROD_2;4;3
ORD_223;PROD_39;7;2
ORD_223;PROD_11;2;2
ORD_223;PROD_40;7;4
ORD_223;PROD_14;2;5
ORD_223;PROD_18;8;4
ORD_223;PROD_2;7;5
ORD_224;PROD_44;6;5
ORD_224;PROD_17;1;1
ORD_224;PROD_4;3;1
ORD_224;PROD_3;7;5
ORD_224;PROD_25;8;5
ORD_224;PROD_42;1;4
ORD_224;PROD_23;4;2
ORD_224;PROD_32;6;5
ORD_224;PROD_4;5;3
ORD_224;PROD_21;3;4
ORD_224;PROD_31;9;4
ORD_224;PROD_39;4;2
ORD_225;PROD_9;2;5
ORD_225;PROD_23;2;4
ORD_225;PROD_7;3;4
ORD_225;PROD_45;6;5
ORD_225;PROD_29;9;3
ORD_225;PROD_46;1;4
ORD_225;PROD_9;1;1
ORD_225;PROD_28;9;1
ORD_225;PROD_5;3;3
ORD_225;PROD_7;9;2
ORD_225;PROD_36;9;3
ORD_225;PROD_40;5;5
ORD_225;PROD_45;5;3
ORD_225;PROD_13;4;4
ORD_226;PROD_2;3;1
ORD_226;PROD_50;7;1
ORD_226;PROD_27;9;3
ORD_226;PROD_31;2;3
ORD_226;PROD_3;5;3
ORD_226;PROD_22;2;1
ORD_226;PROD_46;8;1
ORD_226;PROD_9;1;4
ORD_226;PROD_23;8;5
ORD_227;PROD_46;7;3
ORD_227;PROD_13;4;5
ORD_227;PROD_16;8;4
ORD_227;PROD_49;5;4
ORD_227;PROD_27;1;3
ORD_228;PROD_12;6;1
ORD_228;PROD_2;3;3
ORD_228;PROD_39;2;2
ORD_228;PROD_11;5;5
ORD_228;PROD_24;1;3
ORD_228;PROD_36;4;2
ORD_228;PROD_39;6;4
ORD_228;PROD_29;8;4
ORD_228;PROD_12;9;2
ORD_228;PROD_40;4;5
ORD_228;PROD_9;6;5
ORD_228;PROD_21;7;2
ORD_228;PROD_7;3;2
ORD_228;PROD_4;5;5
ORD_229;PROD_5;2;2
ORD_229;PROD_48;9;3
ORD_229;PROD_21;3;3
ORD_229;PROD_50;8;1
ORD_229;PROD_17;6;1
ORD_229;PROD_2;3;3
ORD_229;PROD_50;7;2
ORD_229;PROD_27;4;5
ORD_229;PROD_40;5;5
ORD_229;PROD_37;1;1
ORD_229;PROD_24;7;4
ORD_229;PROD_23;4;4
ORD_230;PROD_7;8;1
ORD_230;PROD_45;7;3
ORD_230;PROD_29;4;4
ORD_230;PROD_44;1;4
ORD_230;PROD_17;3;5
ORD_230;PROD_4;1;3
ORD_230;PROD_3;2;4
ORD_230;PROD_25;5;4
ORD_230;PROD_25;3;3
ORD_230;PROD_4;8;2
ORD_231;PROD_40;1;1
ORD_231;PROD_37;4;3
ORD_231;PROD_24;5;3
ORD_231;PROD_23;1;3
ORD_231;PROD_29;7;2
ORD_231;PROD_24;3;5
ORD_231;PROD_27;2;5
ORD_231;PROD_7;2;5
ORD_231;PROD_38;5;3
ORD_231;PROD_5;1;1
ORD_231;PROD_3;2;4
ORD_232;PROD_42;7;5
ORD_232;PROD_31;2;1
ORD_232;PROD_20;7;5
ORD_232;PROD_30;9;1
ORD_232;PROD_2;2;5
ORD_232;PROD_38;9;1
ORD_233;PROD_9;7;1
ORD_233;PROD_23;3;5
ORD_233;PROD_7;8;1
ORD_233;PROD_45;9;3
ORD_233;PROD_29;3;1
ORD_233;PROD_44;8;1
ORD_233;PROD_39;4;1
ORD_233;PROD_27;9;2
ORD_233;PROD_41;8;4
ORD_233;PROD_37;1;2
ORD_233;PROD_13;8;3
ORD_233;PROD_21;8;4
ORD_233;PROD_6;4;3
ORD_233;PROD_44;1;4
ORD_234;PROD_3;2;2
ORD_234;PROD_19;2;2
ORD_234;PROD_20;3;4
ORD_234;PROD_15;3;1
ORD_234;PROD_44;2;2
ORD_234;PROD_44;7;5
ORD_234;PROD_22;6;2
ORD_234;PROD_38;4;5
ORD_234;PROD_18;8;5
ORD_234;PROD_9;9;3
ORD_234;PROD_19;4;1
ORD_234;PROD_16;8;1
ORD_234;PROD_4;4;2
ORD_234;PROD_34;4;3
ORD_235;PROD_22;8;5
ORD_235;PROD_36;7;2
ORD_235;PROD_20;1;2
ORD_235;PROD_39;4;4
ORD_235;PROD_19;9;2
ORD_235;PROD_48;9;4
ORD_235;PROD_12;9;1
ORD_236;PROD_9;3;4
ORD_236;PROD_23;8;2
ORD_236;PROD_2;6;2
ORD_236;PROD_50;5;4
ORD_236;PROD_27;6;1
ORD_236;PROD_18;5;5
ORD_236;PROD_42;3;3
ORD_236;PROD_46;3;4
ORD_236;PROD_23;3;1
ORD_236;PROD_5;1;5
ORD_236;PROD_1;8;2
ORD_237;PROD_33;6;2
ORD_237;PROD_38;3;1
ORD_237;PROD_3;3;4
ORD_237;PROD_38;5;3
ORD_237;PROD_28;8;4
ORD_238;PROD_9;8;3
ORD_238;PROD_23;3;1
ORD_238;PROD_2;8;5
ORD_238;PROD_50;4;4
ORD_238;PROD_27;4;4
ORD_238;PROD_44;9;5
ORD_238;PROD_17;3;5
ORD_238;PROD_4;9;5
ORD_238;PROD_3;5;2
ORD_238;PROD_25;6;5
ORD_238;PROD_29;1;4
ORD_238;PROD_9;2;2
ORD_238;PROD_41;9;1
ORD_238;PROD_4;6;3
ORD_239;PROD_32;8;2
ORD_239;PROD_17;4;2
ORD_239;PROD_30;5;3
ORD_239;PROD_3;8;1
ORD_239;PROD_41;8;3
ORD_240;PROD_9;5;3
ORD_240;PROD_23;6;4
ORD_240;PROD_19;5;2
ORD_240;PROD_30;8;2
ORD_240;PROD_29;4;3
ORD_240;PROD_25;3;1
ORD_240;PROD_41;7;5
ORD_241;PROD_10;8;4
ORD_241;PROD_39;5;4
ORD_241;PROD_19;1;2
ORD_241;PROD_48;7;2
ORD_241;PROD_42;2;3
ORD_241;PROD_46;2;5
ORD_241;PROD_10;9;1
ORD_241;PROD_41;4;2
ORD_241;PROD_29;5;3
ORD_242;PROD_9;7;1
ORD_242;PROD_23;5;4
ORD_242;PROD_27;7;2
ORD_242;PROD_23;5;1
ORD_242;PROD_5;1;4
ORD_242;PROD_26;5;1
ORD_242;PROD_4;9;4
ORD_243;PROD_14;6;2
ORD_243;PROD_7;2;4
ORD_243;PROD_9;1;4
ORD_243;PROD_50;6;2
ORD_243;PROD_15;8;2
ORD_243;PROD_23;6;4
ORD_243;PROD_17;6;1
ORD_244;PROD_44;3;2
ORD_244;PROD_17;8;2
ORD_244;PROD_4;7;1
ORD_244;PROD_3;6;4
ORD_244;PROD_25;9;2
ORD_244;PROD_44;1;4
ORD_244;PROD_17;5;2
ORD_244;PROD_4;4;4
ORD_244;PROD_3;3;5
ORD_244;PROD_25;6;3
ORD_244;PROD_21;9;1
ORD_244;PROD_5;5;2
ORD_244;PROD_8;1;3
ORD_245;PROD_46;3;4
ORD_245;PROD_9;8;4
ORD_245;PROD_28;1;4
ORD_245;PROD_5;4;4
ORD_245;PROD_5;9;5
ORD_246;PROD_44;5;2
ORD_246;PROD_17;5;4
ORD_246;PROD_4;5;5
ORD_246;PROD_3;3;4
ORD_246;PROD_25;5;2
ORD_246;PROD_40;7;5
ORD_246;PROD_37;6;5
ORD_246;PROD_24;6;5
ORD_246;PROD_23;4;3
ORD_246;PROD_29;2;3
ORD_247;PROD_9;1;4
ORD_247;PROD_23;9;5
ORD_247;PROD_24;5;3
ORD_247;PROD_49;9;1
ORD_247;PROD_41;7;3
ORD_247;PROD_23;5;2
ORD_247;PROD_1;7;2
ORD_247;PROD_38;2;3
ORD_247;PROD_24;5;4
ORD_247;PROD_27;2;1
ORD_247;PROD_43;1;3
ORD_247;PROD_3;1;3
ORD_248;PROD_7;8;1
ORD_248;PROD_45;9;4
ORD_248;PROD_29;6;3
ORD_248;PROD_2;5;4
ORD_248;PROD_50;7;5
ORD_248;PROD_27;2;5
ORD_248;PROD_39;3;3
ORD_248;PROD_50;6;5
ORD_248;PROD_18;3;2
ORD_248;PROD_46;9;1
ORD_248;PROD_21;1;5
ORD_248;PROD_7;2;4
ORD_248;PROD_7;9;5
ORD_248;PROD_40;5;2
ORD_248;PROD_30;1;5
ORD_249;PROD_44;5;1
ORD_249;PROD_17;5;4
ORD_249;PROD_4;5;4
ORD_249;PROD_3;4;4
ORD_249;PROD_25;3;5
ORD_249;PROD_5;3;5
ORD_249;PROD_48;8;5
ORD_249;PROD_21;3;5
ORD_249;PROD_50;3;2
ORD_249;PROD_17;1;1
ORD_249;PROD_18;6;2
ORD_249;PROD_39;7;5
ORD_249;PROD_14;9;3
ORD_249;PROD_34;3;4
ORD_249;PROD_49;4;4
ORD_250;PROD_12;7;2
ORD_250;PROD_2;3;5
ORD_250;PROD_39;2;5
ORD_250;PROD_11;7;5
ORD_250;PROD_14;6;3
ORD_250;PROD_8;4;2
ORD_250;PROD_35;7;4
ORD_250;PROD_49;9;2
ORD_250;PROD_29;2;3
ORD_250;PROD_14;7;1
ORD_250;PROD_26;4;2
ORD_250;PROD_19;5;1
ORD_250;PROD_20;4;3
ORD_250;PROD_38;4;1
ORD_250;PROD_45;3;2
ORD_251;PROD_19;9;5
ORD_251;PROD_46;7;5
ORD_251;PROD_18;6;2
ORD_251;PROD_12;7;4
ORD_251;PROD_43;7;5
ORD_251;PROD_24;3;5
ORD_251;PROD_13;9;5
ORD_251;PROD_22;1;4
ORD_251;PROD_22;5;5
ORD_251;PROD_28;3;3
ORD_251;PROD_26;7;4
ORD_251;PROD_45;9;3
ORD_251;PROD_24;3;4
ORD_252;PROD_12;6;3
ORD_252;PROD_2;4;4
ORD_252;PROD_39;8;2
ORD_252;PROD_11;6;1
ORD_252;PROD_31;1;3
ORD_252;PROD_3;8;2
ORD_252;PROD_22;9;3
ORD_252;PROD_46;8;1
ORD_253;PROD_21;8;5
ORD_253;PROD_44;2;2
ORD_253;PROD_41;7;4
ORD_253;PROD_30;4;5
ORD_253;PROD_42;4;4
ORD_253;PROD_42;8;2
ORD_254;PROD_2;5;1
ORD_254;PROD_35;1;1
ORD_254;PROD_31;3;1
ORD_254;PROD_42;1;4
ORD_254;PROD_38;9;4
ORD_255;PROD_5;4;3
ORD_255;PROD_48;3;2
ORD_255;PROD_21;5;1
ORD_255;PROD_50;2;2
ORD_255;PROD_17;6;5
ORD_255;PROD_31;4;4
ORD_256;PROD_12;6;5
ORD_256;PROD_16;8;2
ORD_256;PROD_3;2;5
ORD_256;PROD_22;6;1
ORD_256;PROD_4;8;5
ORD_256;PROD_30;7;4
ORD_256;PROD_28;4;1
ORD_257;PROD_41;2;5
ORD_257;PROD_11;9;2
ORD_257;PROD_20;6;4
ORD_257;PROD_5;9;4
ORD_257;PROD_19;3;5
ORD_257;PROD_4;2;4
ORD_257;PROD_20;2;5
ORD_257;PROD_15;1;5
ORD_257;PROD_49;4;2
ORD_257;PROD_10;2;3
ORD_257;PROD_32;1;3
ORD_257;PROD_11;7;5
ORD_257;PROD_8;8;2
ORD_258;PROD_7;6;1
ORD_258;PROD_45;2;2
ORD_258;PROD_29;6;4
ORD_258;PROD_12;4;5
ORD_258;PROD_2;1;3
ORD_259;PROD_9;9;4
ORD_259;PROD_23;2;1
ORD_259;PROD_44;4;2
ORD_259;PROD_17;6;5
ORD_259;PROD_4;3;5
ORD_259;PROD_3;8;4
ORD_259;PROD_25;8;4
ORD_259;PROD_36;3;1
ORD_259;PROD_47;2;4
ORD_259;PROD_39;1;3
ORD_260;PROD_44;7;4
ORD_260;PROD_2;7;2
ORD_260;PROD_49;8;2
ORD_260;PROD_19;7;1
ORD_260;PROD_49;2;3
ORD_260;PROD_47;9;1
ORD_260;PROD_19;9;2
ORD_260;PROD_36;4;2
ORD_260;PROD_2;2;2
ORD_260;PROD_5;4;5
ORD_260;PROD_4;6;5
ORD_260;PROD_21;2;2
ORD_260;PROD_26;8;1
ORD_261;PROD_46;9;3
ORD_261;PROD_9;2;2
ORD_261;PROD_28;4;1
ORD_261;PROD_5;8;3
ORD_261;PROD_1;4;1
ORD_261;PROD_18;2;4
ORD_261;PROD_24;4;2
ORD_261;PROD_32;6;2
ORD_261;PROD_21;1;5
ORD_261;PROD_13;9;1
ORD_261;PROD_22;3;5
ORD_261;PROD_22;9;1
ORD_261;PROD_27;9;5
ORD_261;PROD_11;6;4
ORD_261;PROD_34;5;1
ORD_262;PROD_44;8;1
ORD_262;PROD_17;3;4
ORD_262;PROD_4;6;5
ORD_262;PROD_3;3;4
ORD_262;PROD_25;8;3
ORD_262;PROD_30;7;1
ORD_262;PROD_11;4;1
ORD_262;PROD_16;6;1
ORD_262;PROD_24;7;3
ORD_262;PROD_32;7;1
ORD_262;PROD_5;7;4
ORD_262;PROD_4;7;1
ORD_262;PROD_44;3;4
ORD_263;PROD_44;4;1
ORD_263;PROD_17;6;1
ORD_263;PROD_4;9;3
ORD_263;PROD_3;7;5
ORD_263;PROD_25;6;1
ORD_263;PROD_4;9;4
ORD_263;PROD_2;2;5
ORD_264;PROD_9;9;2
ORD_264;PROD_23;6;5
ORD_264;PROD_31;8;4
ORD_264;PROD_3;2;4
ORD_264;PROD_22;5;4
ORD_264;PROD_46;3;2
ORD_264;PROD_41;2;3
ORD_265;PROD_46;5;1
ORD_265;PROD_9;6;4
ORD_265;PROD_28;6;2
ORD_265;PROD_5;6;4
ORD_265;PROD_12;6;5
ORD_265;PROD_2;4;2
ORD_265;PROD_39;9;5
ORD_265;PROD_11;2;5
ORD_265;PROD_5;9;3
ORD_265;PROD_48;5;4
ORD_266;PROD_5;7;3
ORD_266;PROD_48;6;2
ORD_266;PROD_21;1;2
ORD_266;PROD_50;8;5
ORD_266;PROD_17;8;5
ORD_266;PROD_44;8;5
ORD_266;PROD_17;2;4
ORD_266;PROD_4;8;3
ORD_266;PROD_3;2;1
ORD_266;PROD_25;9;2
ORD_266;PROD_2;2;4
ORD_266;PROD_50;9;2
ORD_266;PROD_27;3;1
ORD_267;PROD_40;8;5
ORD_267;PROD_37;7;2
ORD_267;PROD_24;5;1
ORD_267;PROD_23;8;3
ORD_267;PROD_29;9;5
ORD_268;PROD_5;7;2
ORD_268;PROD_48;8;3
ORD_268;PROD_21;7;3
ORD_268;PROD_50;6;5
ORD_268;PROD_17;3;2
ORD_268;PROD_7;8;1
ORD_268;PROD_45;4;4
ORD_268;PROD_29;5;1
ORD_268;PROD_2;3;5
ORD_269;PROD_9;3;1
ORD_269;PROD_23;7;3
ORD_269;PROD_46;3;2
ORD_269;PROD_13;6;4
ORD_269;PROD_16;9;2
ORD_269;PROD_49;5;5
ORD_269;PROD_27;7;2
ORD_269;PROD_37;5;4
ORD_269;PROD_10;9;2
ORD_269;PROD_40;8;1
ORD_269;PROD_4;1;2
ORD_269;PROD_2;4;1
ORD_270;PROD_34;3;1
ORD_270;PROD_21;9;3
ORD_270;PROD_18;8;2
ORD_270;PROD_42;9;4
ORD_270;PROD_22;6;3
ORD_270;PROD_22;2;5
ORD_270;PROD_13;2;5
ORD_270;PROD_38;1;4
ORD_270;PROD_15;1;2
ORD_270;PROD_28;3;3
ORD_270;PROD_48;5;2
ORD_270;PROD_29;9;5
ORD_270;PROD_41;8;1
ORD_271;PROD_3;8;3
ORD_271;PROD_18;2;4
ORD_271;PROD_50;5;5
ORD_271;PROD_27;7;5
ORD_271;PROD_1;2;4
ORD_271;PROD_50;5;4
ORD_271;PROD_40;3;4
ORD_272;PROD_46;2;3
ORD_272;PROD_9;7;1
ORD_272;PROD_28;9;4
ORD_272;PROD_5;9;4
ORD_272;PROD_24;4;3
ORD_272;PROD_46;5;2
ORD_272;PROD_3;8;3
ORD_272;PROD_2;8;5
ORD_272;PROD_8;6;4
ORD_272;PROD_42;8;4
ORD_272;PROD_16;3;5
ORD_272;PROD_5;8;2
ORD_273;PROD_40;6;3
ORD_273;PROD_37;4;5
ORD_273;PROD_24;7;4
ORD_273;PROD_23;4;5
ORD_273;PROD_29;4;2
ORD_273;PROD_43;1;5
ORD_273;PROD_36;5;1
ORD_273;PROD_31;5;3
ORD_273;PROD_22;2;3
ORD_273;PROD_33;5;5
ORD_273;PROD_31;8;1
ORD_273;PROD_49;1;5
ORD_273;PROD_22;7;1
ORD_274;PROD_7;3;5
ORD_274;PROD_45;4;5
ORD_274;PROD_29;3;1
ORD_274;PROD_9;9;2
ORD_274;PROD_23;9;3
ORD_275;PROD_14;2;4
ORD_275;PROD_23;8;3
ORD_275;PROD_6;9;3
ORD_275;PROD_14;4;4
ORD_275;PROD_11;5;4
ORD_275;PROD_38;6;2
ORD_275;PROD_39;5;5
ORD_275;PROD_50;5;1
ORD_275;PROD_39;5;3
ORD_276;PROD_3;6;5
ORD_276;PROD_21;9;4
ORD_276;PROD_42;2;5
ORD_276;PROD_13;8;2
ORD_276;PROD_9;8;5
ORD_277;PROD_44;2;3
ORD_277;PROD_17;4;4
ORD_277;PROD_4;5;2
ORD_277;PROD_3;3;2
ORD_277;PROD_25;7;2
ORD_277;PROD_31;2;2
ORD_277;PROD_3;3;5
ORD_277;PROD_22;9;3
ORD_277;PROD_46;3;5
ORD_277;PROD_2;5;1
ORD_277;PROD_16;9;5
ORD_277;PROD_14;8;3
ORD_277;PROD_47;8;3
ORD_278;PROD_2;4;5
ORD_278;PROD_50;4;3
ORD_278;PROD_27;1;4
ORD_278;PROD_14;8;5
ORD_278;PROD_38;2;2
ORD_278;PROD_22;4;2
ORD_278;PROD_37;7;2
ORD_278;PROD_7;4;4
ORD_278;PROD_9;3;2
ORD_278;PROD_11;6;5
ORD_278;PROD_39;3;3
ORD_278;PROD_31;2;4
ORD_278;PROD_9;4;5
ORD_279;PROD_2;5;3
ORD_279;PROD_50;4;4
ORD_279;PROD_27;7;2
ORD_279;PROD_2;9;2
ORD_279;PROD_50;8;4
ORD_279;PROD_27;9;5
ORD_279;PROD_41;6;1
ORD_279;PROD_5;1;2
ORD_279;PROD_28;5;2
ORD_279;PROD_37;2;4
ORD_279;PROD_22;1;1
ORD_279;PROD_50;7;5
ORD_280;PROD_14;5;1
ORD_280;PROD_22;9;2
ORD_280;PROD_28;6;2
ORD_280;PROD_43;7;4
ORD_280;PROD_22;4;2
ORD_280;PROD_23;4;1
ORD_280;PROD_14;3;1
ORD_280;PROD_24;9;5
ORD_280;PROD_19;6;1
ORD_280;PROD_42;8;4
ORD_280;PROD_33;8;1
ORD_280;PROD_9;5;3
ORD_280;PROD_9;6;4
ORD_281;PROD_48;7;5
ORD_281;PROD_30;9;2
ORD_281;PROD_31;6;3
ORD_281;PROD_17;6;5
ORD_281;PROD_23;4;1
ORD_281;PROD_35;7;5
ORD_281;PROD_4;4;2
ORD_281;PROD_16;6;2
ORD_281;PROD_26;3;5
ORD_281;PROD_47;8;5
ORD_281;PROD_31;3;3
ORD_282;PROD_34;9;2
ORD_282;PROD_21;3;4
ORD_282;PROD_18;4;5
ORD_282;PROD_12;2;5
ORD_282;PROD_2;5;1
ORD_282;PROD_39;4;1
ORD_282;PROD_11;4;5
ORD_282;PROD_17;2;2
ORD_282;PROD_45;4;2
ORD_282;PROD_5;1;4
ORD_282;PROD_20;6;4
ORD_282;PROD_14;7;2
ORD_283;PROD_17;3;5
ORD_283;PROD_45;2;1
ORD_283;PROD_5;2;4
ORD_283;PROD_20;7;3
ORD_283;PROD_4;2;4
ORD_283;PROD_17;2;3
ORD_284;PROD_2;7;4
ORD_284;PROD_50;7;3
ORD_284;PROD_27;2;5
ORD_284;PROD_46;5;5
ORD_284;PROD_9;3;5
ORD_284;PROD_28;9;2
ORD_285;PROD_36;1;2
ORD_285;PROD_22;5;5
ORD_285;PROD_44;2;3
ORD_285;PROD_29;6;3
ORD_285;PROD_30;9;5
ORD_285;PROD_10;2;1
ORD_285;PROD_14;1;3
ORD_285;PROD_43;3;1
ORD_285;PROD_33;8;2
ORD_286;PROD_46;9;3
ORD_286;PROD_13;1;4
ORD_286;PROD_16;3;2
ORD_286;PROD_49;2;4
ORD_286;PROD_27;9;3
ORD_286;PROD_30;7;3
ORD_286;PROD_41;2;2
ORD_287;PROD_44;7;4
ORD_287;PROD_17;7;5
ORD_287;PROD_4;9;2
ORD_287;PROD_3;9;4
ORD_287;PROD_25;6;3
ORD_287;PROD_49;3;1
ORD_287;PROD_46;2;5
ORD_287;PROD_43;2;3
ORD_287;PROD_40;2;1
ORD_288;PROD_45;2;1
ORD_288;PROD_36;5;3
ORD_288;PROD_3;7;1
ORD_288;PROD_20;1;1
ORD_288;PROD_14;6;2
ORD_289;PROD_5;7;5
ORD_289;PROD_48;7;4
ORD_289;PROD_21;9;2
ORD_289;PROD_50;2;4
ORD_289;PROD_17;7;2
ORD_289;PROD_7;5;4
ORD_289;PROD_45;9;2
ORD_289;PROD_29;4;5
ORD_289;PROD_38;5;1
ORD_289;PROD_21;5;2
ORD_289;PROD_21;2;2
ORD_289;PROD_15;6;2
ORD_289;PROD_40;2;2
ORD_289;PROD_35;7;5
ORD_289;PROD_44;2;3
ORD_290;PROD_38;2;3
ORD_290;PROD_5;7;5
ORD_290;PROD_44;5;3
ORD_290;PROD_40;4;3
ORD_290;PROD_24;2;4
ORD_290;PROD_27;2;3
ORD_290;PROD_43;9;4
ORD_290;PROD_34;4;1
ORD_290;PROD_13;6;3
ORD_290;PROD_36;5;4
ORD_291;PROD_24;8;4
ORD_291;PROD_22;3;3
ORD_291;PROD_25;9;2
ORD_291;PROD_33;6;5
ORD_291;PROD_33;1;4
ORD_292;PROD_19;9;1
ORD_292;PROD_3;6;1
ORD_292;PROD_18;5;2
ORD_292;PROD_39;2;4
ORD_292;PROD_46;3;2
ORD_293;PROD_46;4;5
ORD_293;PROD_9;9;5
ORD_293;PROD_28;7;2
ORD_293;PROD_5;5;3
ORD_293;PROD_31;1;3
ORD_293;PROD_28;9;2
ORD_293;PROD_7;4;1
ORD_293;PROD_19;4;1
ORD_293;PROD_27;2;4
ORD_293;PROD_23;4;4
ORD_293;PROD_44;6;4
ORD_293;PROD_50;3;2
ORD_294;PROD_46;5;4
ORD_294;PROD_13;9;3
ORD_294;PROD_16;9;4
ORD_294;PROD_49;5;3
ORD_294;PROD_27;2;3
ORD_294;PROD_9;2;3
ORD_294;PROD_23;5;1
ORD_294;PROD_17;8;3
ORD_294;PROD_45;9;2
ORD_294;PROD_5;7;1
ORD_294;PROD_20;4;4
ORD_294;PROD_18;4;4
ORD_294;PROD_15;7;2
ORD_294;PROD_44;7;1
ORD_295;PROD_46;2;4
ORD_295;PROD_13;8;4
ORD_295;PROD_16;6;2
ORD_295;PROD_49;8;5
ORD_295;PROD_27;6;1
ORD_295;PROD_5;4;2
ORD_295;PROD_48;5;2
ORD_295;PROD_21;4;4
ORD_295;PROD_50;9;1
ORD_295;PROD_17;9;1
ORD_295;PROD_13;6;1
ORD_295;PROD_41;7;2
ORD_295;PROD_47;7;4
ORD_296;PROD_46;8;4
ORD_296;PROD_9;7;2
ORD_296;PROD_28;2;1
ORD_296;PROD_5;8;1
ORD_296;PROD_48;2;1
ORD_296;PROD_47;6;5
ORD_296;PROD_40;8;3
ORD_296;PROD_10;2;2
ORD_296;PROD_18;8;1
ORD_296;PROD_11;6;3
ORD_296;PROD_21;8;3
ORD_296;PROD_22;8;5
ORD_296;PROD_28;3;4
ORD_296;PROD_2;8;5
ORD_296;PROD_49;6;4
ORD_297;PROD_17;6;5
ORD_297;PROD_45;2;3
ORD_297;PROD_5;7;4
ORD_297;PROD_20;9;4
ORD_297;PROD_44;9;4
ORD_297;PROD_17;2;3
ORD_297;PROD_4;6;2
ORD_297;PROD_3;9;5
ORD_297;PROD_25;5;4
ORD_297;PROD_25;7;1
ORD_297;PROD_34;8;5
ORD_297;PROD_7;4;2
ORD_297;PROD_16;6;5
ORD_297;PROD_22;1;2
ORD_297;PROD_11;9;5
ORD_298;PROD_17;7;3
ORD_298;PROD_34;4;3
ORD_298;PROD_7;2;1
ORD_298;PROD_42;6;3
ORD_298;PROD_32;6;5
ORD_298;PROD_44;2;4
ORD_298;PROD_34;2;2
ORD_298;PROD_27;9;1
ORD_299;PROD_21;7;4
ORD_299;PROD_50;8;4
ORD_299;PROD_24;4;1
ORD_299;PROD_20;7;5
ORD_299;PROD_28;6;5
ORD_299;PROD_47;5;3
ORD_299;PROD_10;3;2
ORD_299;PROD_22;6;1
ORD_299;PROD_13;8;2
ORD_300;PROD_5;2;2
ORD_300;PROD_48;4;2
ORD_300;PROD_21;1;2
ORD_300;PROD_50;6;2
ORD_300;PROD_17;5;2
ORD_300;PROD_31;8;3
ORD_301;PROD_9;3;4
ORD_301;PROD_23;8;2
ORD_301;PROD_46;8;5
ORD_301;PROD_9;8;2
ORD_301;PROD_28;2;5
ORD_301;PROD_5;6;1
ORD_302;PROD_34;1;5
ORD_302;PROD_21;8;3
ORD_302;PROD_18;4;2
ORD_302;PROD_45;1;5
ORD_302;PROD_8;5;5
ORD_302;PROD_44;8;3
ORD_303;PROD_7;4;1
ORD_303;PROD_45;4;2
ORD_303;PROD_29;9;1
ORD_303;PROD_44;9;4
ORD_303;PROD_17;6;3
ORD_303;PROD_4;9;3
ORD_303;PROD_3;9;4
ORD_303;PROD_25;4;1
ORD_303;PROD_42;1;3
ORD_303;PROD_25;6;5
ORD_303;PROD_5;1;5
ORD_304;PROD_36;4;4
ORD_304;PROD_5;1;4
ORD_304;PROD_44;6;3
ORD_304;PROD_26;3;4
ORD_304;PROD_6;7;5
ORD_304;PROD_41;4;4
ORD_304;PROD_20;7;4
ORD_304;PROD_48;3;2
ORD_304;PROD_25;2;5
ORD_305;PROD_9;8;2
ORD_305;PROD_23;4;4
ORD_305;PROD_46;3;5
ORD_305;PROD_13;6;4
ORD_305;PROD_16;4;2
ORD_305;PROD_49;4;2
ORD_305;PROD_27;4;1
ORD_305;PROD_12;5;4
ORD_305;PROD_2;6;3
ORD_306;PROD_2;8;5
ORD_306;PROD_50;7;1
ORD_306;PROD_27;1;3
ORD_306;PROD_2;4;1
ORD_306;PROD_47;4;1
ORD_306;PROD_18;4;4
ORD_307;PROD_9;5;2
ORD_307;PROD_23;3;3
ORD_307;PROD_44;2;4
ORD_307;PROD_17;6;5
ORD_307;PROD_4;1;3
ORD_307;PROD_3;8;5
ORD_307;PROD_25;9;1
ORD_307;PROD_11;9;4
ORD_307;PROD_47;9;2
ORD_307;PROD_26;1;1
ORD_307;PROD_31;7;2
ORD_307;PROD_19;2;5
ORD_307;PROD_12;6;1
ORD_308;PROD_46;6;4
ORD_308;PROD_6;3;5
ORD_308;PROD_29;3;4
ORD_308;PROD_23;7;2
ORD_308;PROD_48;4;5
ORD_308;PROD_10;8;2
ORD_308;PROD_21;8;1
ORD_308;PROD_10;2;3
ORD_308;PROD_43;3;2
ORD_308;PROD_13;2;1
ORD_308;PROD_46;2;4
ORD_308;PROD_34;6;3
ORD_308;PROD_17;9;5
ORD_308;PROD_22;5;1
ORD_308;PROD_6;9;4
ORD_309;PROD_2;3;3
ORD_309;PROD_50;3;1
ORD_309;PROD_27;1;2
ORD_309;PROD_5;7;2
ORD_309;PROD_48;1;4
ORD_309;PROD_21;2;1
ORD_309;PROD_50;5;2
ORD_309;PROD_17;3;4
ORD_309;PROD_46;8;3
ORD_309;PROD_13;4;4
ORD_309;PROD_16;6;1
ORD_310;PROD_34;6;1
ORD_310;PROD_21;9;2
ORD_310;PROD_18;7;1
ORD_310;PROD_44;5;3
ORD_310;PROD_20;9;1
ORD_310;PROD_16;9;3
ORD_310;PROD_40;4;3
ORD_310;PROD_1;5;4
ORD_310;PROD_49;6;1
ORD_310;PROD_40;1;5
ORD_310;PROD_17;3;5
ORD_310;PROD_49;4;4
ORD_310;PROD_3;1;5
ORD_310;PROD_7;4;4
ORD_310;PROD_8;9;5
ORD_311;PROD_9;8;5
ORD_311;PROD_23;9;2
ORD_311;PROD_48;5;3
ORD_311;PROD_5;8;5
ORD_311;PROD_46;6;5
ORD_311;PROD_42;5;1
ORD_311;PROD_21;8;3
ORD_312;PROD_31;4;2
ORD_312;PROD_3;6;4
ORD_312;PROD_22;7;3
ORD_312;PROD_46;2;2
ORD_312;PROD_17;2;3
ORD_312;PROD_45;8;5
ORD_312;PROD_5;9;5
ORD_313;PROD_5;3;3
ORD_313;PROD_48;6;2
ORD_313;PROD_21;7;1
ORD_313;PROD_50;4;3
ORD_313;PROD_17;5;1
ORD_313;PROD_34;3;4
ORD_313;PROD_21;2;2
ORD_313;PROD_18;3;1
ORD_313;PROD_1;1;1
ORD_313;PROD_34;7;5
ORD_313;PROD_23;9;2
ORD_314;PROD_13;2;1
ORD_314;PROD_17;7;4
ORD_314;PROD_4;2;2
ORD_314;PROD_39;9;4
ORD_314;PROD_49;2;3
ORD_314;PROD_31;8;2
ORD_314;PROD_26;7;2
ORD_314;PROD_9;6;2
ORD_315;PROD_45;9;5
ORD_315;PROD_23;6;3
ORD_315;PROD_20;4;2
ORD_315;PROD_35;5;4
ORD_315;PROD_39;7;4
ORD_315;PROD_13;6;1
ORD_315;PROD_6;2;3
ORD_315;PROD_41;2;5
ORD_315;PROD_31;9;5
ORD_315;PROD_40;3;2
ORD_315;PROD_13;4;1
ORD_315;PROD_42;4;1
ORD_315;PROD_43;3;5
ORD_315;PROD_34;8;2
ORD_316;PROD_5;7;5
ORD_316;PROD_48;2;5
ORD_316;PROD_21;6;2
ORD_316;PROD_50;4;1
ORD_316;PROD_17;4;1
ORD_316;PROD_35;1;4
ORD_317;PROD_44;7;1
ORD_317;PROD_17;5;2
ORD_317;PROD_4;3;4
ORD_317;PROD_3;7;1
ORD_317;PROD_25;8;3
ORD_317;PROD_30;3;4
ORD_317;PROD_28;2;4
ORD_317;PROD_42;4;3
ORD_317;PROD_46;2;3
ORD_317;PROD_30;3;2
ORD_317;PROD_34;3;2
ORD_317;PROD_28;6;5
ORD_317;PROD_33;9;1
ORD_318;PROD_9;4;2
ORD_318;PROD_42;5;4
ORD_318;PROD_21;2;1
ORD_318;PROD_38;7;1
ORD_318;PROD_41;6;2
ORD_318;PROD_16;4;4
ORD_318;PROD_14;1;3
ORD_318;PROD_9;4;1
ORD_318;PROD_43;8;2
ORD_318;PROD_6;7;5
ORD_318;PROD_16;3;1
ORD_318;PROD_10;2;1
ORD_318;PROD_45;9;4
ORD_318;PROD_41;4;1
ORD_318;PROD_9;9;5
ORD_319;PROD_29;6;2
ORD_319;PROD_25;5;3
ORD_319;PROD_5;5;2
ORD_319;PROD_17;6;1
ORD_319;PROD_49;6;3
ORD_320;PROD_46;9;1
ORD_320;PROD_10;7;4
ORD_320;PROD_44;3;1
ORD_320;PROD_11;3;2
ORD_320;PROD_7;8;5
ORD_320;PROD_40;9;2
ORD_320;PROD_23;6;4
ORD_320;PROD_26;9;3
ORD_320;PROD_34;4;5
ORD_320;PROD_47;6;2
ORD_320;PROD_47;9;4
ORD_320;PROD_33;3;1
ORD_320;PROD_37;2;1
ORD_320;PROD_32;3;1
ORD_320;PROD_25;5;3
ORD_321;PROD_9;8;5
ORD_321;PROD_23;3;5
ORD_321;PROD_17;8;4
ORD_321;PROD_45;6;5
ORD_321;PROD_5;1;1
ORD_321;PROD_20;3;4
ORD_321;PROD_12;4;3
ORD_321;PROD_2;3;1
ORD_321;PROD_39;4;3
ORD_321;PROD_11;9;3
ORD_321;PROD_46;4;3
ORD_321;PROD_44;9;4
ORD_321;PROD_45;3;5
ORD_321;PROD_15;5;5
ORD_321;PROD_23;9;1
ORD_322;PROD_46;8;5
ORD_322;PROD_13;5;4
ORD_322;PROD_16;4;1
ORD_322;PROD_49;3;5
ORD_322;PROD_27;1;2
ORD_322;PROD_1;5;5
ORD_322;PROD_11;1;4
ORD_323;PROD_35;8;3
ORD_323;PROD_18;8;4
ORD_323;PROD_39;1;2
ORD_323;PROD_21;9;2
ORD_323;PROD_15;3;3
ORD_323;PROD_39;6;4
ORD_323;PROD_27;1;4
ORD_323;PROD_9;5;4
ORD_323;PROD_7;8;5
ORD_323;PROD_39;9;3
ORD_324;PROD_36;3;1
ORD_324;PROD_15;3;4
ORD_324;PROD_12;5;3
ORD_324;PROD_42;5;2
ORD_324;PROD_20;6;2
ORD_325;PROD_22;8;5
ORD_325;PROD_43;7;4
ORD_325;PROD_7;5;1
ORD_325;PROD_19;2;2
ORD_325;PROD_12;4;2
ORD_325;PROD_37;4;1
ORD_325;PROD_37;1;4
ORD_326;PROD_11;9;3
ORD_326;PROD_34;4;1
ORD_326;PROD_5;2;1
ORD_326;PROD_50;7;4
ORD_326;PROD_7;3;3
ORD_326;PROD_47;4;2
ORD_326;PROD_14;6;3
ORD_326;PROD_32;4;5
ORD_326;PROD_20;4;1
ORD_326;PROD_15;4;5
ORD_327;PROD_46;9;1
ORD_327;PROD_13;6;5
ORD_327;PROD_16;7;4
ORD_327;PROD_49;9;1
ORD_327;PROD_27;5;5
ORD_327;PROD_5;4;3
ORD_327;PROD_48;3;3
ORD_327;PROD_21;2;2
ORD_327;PROD_50;1;5
ORD_327;PROD_17;4;2
ORD_327;PROD_7;2;1
ORD_328;PROD_46;6;5
ORD_328;PROD_9;1;3
ORD_328;PROD_28;3;5
ORD_328;PROD_5;3;3
ORD_328;PROD_46;6;3
ORD_328;PROD_13;9;2
ORD_328;PROD_16;5;3
ORD_328;PROD_49;8;5
ORD_328;PROD_27;2;3
ORD_328;PROD_45;4;2
ORD_328;PROD_31;9;3
ORD_328;PROD_9;2;3
ORD_328;PROD_13;5;4
ORD_328;PROD_27;9;3
ORD_329;PROD_6;3;1
ORD_329;PROD_31;7;5
ORD_329;PROD_49;3;4
ORD_329;PROD_29;1;5
ORD_329;PROD_49;4;3
ORD_329;PROD_16;6;1
ORD_330;PROD_31;8;2
ORD_330;PROD_3;5;4
ORD_330;PROD_22;9;3
ORD_330;PROD_46;6;5
ORD_330;PROD_12;5;4
ORD_330;PROD_2;8;4
ORD_330;PROD_39;9;1
ORD_330;PROD_11;4;4
ORD_330;PROD_48;5;1
ORD_330;PROD_24;2;1
ORD_331;PROD_16;1;2
ORD_331;PROD_2;6;5
ORD_331;PROD_20;7;1
ORD_331;PROD_20;4;4
ORD_331;PROD_30;7;3
ORD_331;PROD_21;1;3
ORD_331;PROD_20;4;3
ORD_331;PROD_1;4;5
ORD_331;PROD_30;5;3
ORD_331;PROD_38;1;4
ORD_331;PROD_23;6;4
ORD_331;PROD_4;5;2
ORD_331;PROD_44;1;1
ORD_331;PROD_8;6;5
ORD_331;PROD_37;7;3
ORD_332;PROD_45;3;3
ORD_332;PROD_25;4;1
ORD_332;PROD_17;7;3
ORD_332;PROD_12;9;3
ORD_332;PROD_46;9;2
ORD_332;PROD_3;3;5
ORD_332;PROD_2;5;4
ORD_332;PROD_50;5;2
ORD_333;PROD_12;6;1
ORD_333;PROD_2;2;1
ORD_333;PROD_39;5;1
ORD_333;PROD_11;7;4
ORD_333;PROD_22;2;5
ORD_333;PROD_40;8;1
ORD_333;PROD_45;2;3
ORD_333;PROD_50;7;4
ORD_333;PROD_30;7;2
ORD_333;PROD_5;7;1
ORD_334;PROD_9;9;3
ORD_334;PROD_23;6;3
ORD_334;PROD_17;9;1
ORD_334;PROD_45;6;3
ORD_334;PROD_5;8;3
ORD_334;PROD_20;1;1
ORD_334;PROD_44;7;1
ORD_334;PROD_36;7;3
ORD_334;PROD_12;6;4
ORD_334;PROD_16;6;5
ORD_334;PROD_47;4;2
ORD_334;PROD_50;4;3
ORD_334;PROD_5;3;1
ORD_334;PROD_19;4;5
ORD_335;PROD_48;6;4
ORD_335;PROD_19;5;3
ORD_335;PROD_23;2;3
ORD_335;PROD_20;1;1
ORD_335;PROD_8;9;5
ORD_335;PROD_7;1;4
ORD_335;PROD_43;9;4
ORD_335;PROD_49;3;5
ORD_335;PROD_42;8;1
ORD_335;PROD_26;7;5
ORD_335;PROD_42;7;2
ORD_335;PROD_13;6;3
ORD_335;PROD_45;2;4
ORD_336;PROD_32;3;1
ORD_336;PROD_23;8;1
ORD_336;PROD_2;6;1
ORD_336;PROD_35;6;2
ORD_336;PROD_42;7;4
ORD_336;PROD_1;9;5
ORD_336;PROD_17;4;1
ORD_336;PROD_34;9;2
ORD_336;PROD_36;6;1
ORD_337;PROD_7;2;1
ORD_337;PROD_45;1;2
ORD_337;PROD_29;5;4
ORD_337;PROD_34;2;3
ORD_337;PROD_21;8;1
ORD_337;PROD_18;5;2
ORD_337;PROD_31;1;3
ORD_337;PROD_3;9;1
ORD_337;PROD_22;4;3
ORD_337;PROD_46;3;5
ORD_337;PROD_28;3;3
ORD_338;PROD_7;8;5
ORD_338;PROD_45;9;1
ORD_338;PROD_29;5;1
ORD_338;PROD_31;5;3
ORD_338;PROD_3;1;5
ORD_338;PROD_22;9;1
ORD_338;PROD_46;5;2
ORD_339;PROD_16;9;5
ORD_339;PROD_28;3;4
ORD_339;PROD_42;1;4
ORD_339;PROD_50;3;4
ORD_339;PROD_19;2;4
ORD_339;PROD_37;2;2
ORD_339;PROD_1;3;3
ORD_339;PROD_36;6;1
ORD_339;PROD_1;6;1
ORD_339;PROD_28;4;3
ORD_339;PROD_26;2;1
ORD_340;PROD_5;1;5
ORD_340;PROD_48;9;1
ORD_340;PROD_21;6;4
ORD_340;PROD_50;9;2
ORD_340;PROD_17;8;5
ORD_340;PROD_9;6;4
ORD_340;PROD_23;3;2
ORD_340;PROD_41;5;4
ORD_340;PROD_21;5;2
ORD_340;PROD_20;9;4
ORD_340;PROD_31;2;1
ORD_341;PROD_7;2;5
ORD_341;PROD_45;7;1
ORD_341;PROD_29;9;4
ORD_341;PROD_40;9;1
ORD_341;PROD_37;8;3
ORD_341;PROD_24;4;4
ORD_341;PROD_23;5;5
ORD_341;PROD_29;6;4
ORD_341;PROD_46;2;4
ORD_341;PROD_9;3;5
ORD_341;PROD_28;8;3
ORD_341;PROD_5;1;4
ORD_341;PROD_48;4;4
ORD_341;PROD_7;5;4
ORD_341;PROD_29;8;5
ORD_342;PROD_3;4;3
ORD_342;PROD_18;6;1
ORD_342;PROD_4;8;5
ORD_342;PROD_31;3;1
ORD_342;PROD_7;3;2
ORD_342;PROD_10;1;4
ORD_342;PROD_5;7;5
ORD_343;PROD_40;2;4
ORD_343;PROD_37;4;4
ORD_343;PROD_37;7;4
ORD_343;PROD_34;8;2
ORD_343;PROD_6;6;4
ORD_343;PROD_17;3;2
ORD_343;PROD_43;6;2
ORD_344;PROD_31;8;3
ORD_344;PROD_3;6;3
ORD_344;PROD_22;7;1
ORD_344;PROD_46;9;5
ORD_344;PROD_12;9;3
ORD_344;PROD_2;4;5
ORD_344;PROD_39;1;4
ORD_344;PROD_11;5;5
ORD_344;PROD_22;3;2
ORD_344;PROD_37;4;2
ORD_344;PROD_27;2;2
ORD_344;PROD_36;9;5
ORD_344;PROD_29;5;3
ORD_345;PROD_5;4;1
ORD_345;PROD_48;6;2
ORD_345;PROD_21;6;2
ORD_345;PROD_50;5;2
ORD_345;PROD_17;9;4
ORD_345;PROD_31;7;3
ORD_345;PROD_3;5;4
ORD_345;PROD_22;5;5
ORD_345;PROD_46;3;1
ORD_345;PROD_34;4;3
ORD_345;PROD_48;1;3
ORD_346;PROD_15;8;1
ORD_346;PROD_9;3;1
ORD_346;PROD_5;8;4
ORD_346;PROD_41;4;3
ORD_346;PROD_25;6;1
ORD_346;PROD_11;7;3
ORD_346;PROD_8;3;2
ORD_346;PROD_47;1;1
ORD_346;PROD_1;3;2
ORD_346;PROD_20;2;1
ORD_346;PROD_34;5;2
ORD_346;PROD_2;6;2
ORD_347;PROD_38;4;2
ORD_347;PROD_12;1;2
ORD_347;PROD_15;1;3
ORD_347;PROD_32;7;1
ORD_347;PROD_16;9;5
ORD_347;PROD_25;8;1
ORD_347;PROD_33;2;5
ORD_347;PROD_30;7;5
ORD_347;PROD_15;8;1
ORD_347;PROD_13;1;5
ORD_347;PROD_50;4;1
ORD_347;PROD_30;7;5
ORD_348;PROD_11;4;1
ORD_348;PROD_38;6;5
ORD_348;PROD_49;8;1
ORD_348;PROD_5;8;4
ORD_348;PROD_27;4;4
ORD_349;PROD_7;9;4
ORD_349;PROD_45;2;2
ORD_349;PROD_29;2;5
ORD_349;PROD_46;5;1
ORD_349;PROD_9;8;5
ORD_349;PROD_28;5;4
ORD_349;PROD_5;9;4
ORD_349;PROD_34;6;4
ORD_349;PROD_21;7;4
ORD_349;PROD_18;2;1
ORD_349;PROD_47;7;4
ORD_350;PROD_7;7;5
ORD_350;PROD_45;5;3
ORD_350;PROD_29;2;2
ORD_350;PROD_7;4;2
ORD_350;PROD_45;3;2
ORD_350;PROD_29;6;3
ORD_350;PROD_17;5;2
ORD_350;PROD_45;4;3
ORD_350;PROD_5;3;5
ORD_350;PROD_20;9;5
ORD_350;PROD_40;7;5
ORD_350;PROD_33;9;4
ORD_350;PROD_6;3;3
ORD_350;PROD_32;3;4
ORD_351;PROD_5;2;2
ORD_351;PROD_48;5;5
ORD_351;PROD_21;4;5
ORD_351;PROD_50;8;5
ORD_351;PROD_17;1;4
ORD_351;PROD_9;3;2
ORD_351;PROD_23;2;2
ORD_351;PROD_44;3;5
ORD_351;PROD_17;8;5
ORD_351;PROD_4;3;1
ORD_352;PROD_28;2;2
ORD_352;PROD_9;2;5
ORD_352;PROD_6;5;4
ORD_352;PROD_37;5;4
ORD_352;PROD_28;9;1
ORD_352;PROD_47;9;3
ORD_352;PROD_13;3;4
ORD_352;PROD_43;1;5
ORD_353;PROD_2;5;2
ORD_353;PROD_50;5;5
ORD_353;PROD_27;4;3
ORD_353;PROD_40;3;5
ORD_353;PROD_37;1;1
ORD_353;PROD_24;8;4
ORD_354;PROD_49;3;4
ORD_354;PROD_50;8;1
ORD_354;PROD_16;2;5
ORD_354;PROD_24;4;1
ORD_354;PROD_23;9;5
ORD_354;PROD_28;4;2
ORD_354;PROD_19;5;5
ORD_354;PROD_43;8;5
ORD_354;PROD_44;3;4
ORD_354;PROD_19;3;3
ORD_354;PROD_26;5;2
ORD_354;PROD_5;6;4
ORD_354;PROD_30;4;3
ORD_354;PROD_36;2;1
ORD_355;PROD_31;3;1
ORD_355;PROD_3;4;5
ORD_355;PROD_22;7;2
ORD_355;PROD_46;9;5
ORD_355;PROD_2;9;1
ORD_355;PROD_27;8;5
ORD_355;PROD_20;5;5
ORD_355;PROD_19;4;3
ORD_355;PROD_10;8;4
ORD_355;PROD_26;2;1
ORD_355;PROD_38;1;4
ORD_355;PROD_12;9;3
ORD_356;PROD_34;1;1
ORD_356;PROD_21;5;5
ORD_356;PROD_18;1;3
ORD_356;PROD_34;9;3
ORD_356;PROD_21;6;4
ORD_356;PROD_18;6;1
ORD_356;PROD_31;8;4
ORD_356;PROD_3;4;3
ORD_356;PROD_22;2;3
ORD_356;PROD_46;7;2
ORD_356;PROD_27;5;5
ORD_356;PROD_28;7;5
ORD_357;PROD_43;2;2
ORD_357;PROD_45;2;1
ORD_357;PROD_49;1;2
ORD_357;PROD_29;7;5
ORD_357;PROD_11;4;3
ORD_357;PROD_24;8;5
ORD_357;PROD_11;3;2
ORD_357;PROD_44;9;5
ORD_358;PROD_34;8;5
ORD_358;PROD_21;2;5
ORD_358;PROD_18;7;2
ORD_358;PROD_46;1;3
ORD_358;PROD_13;5;3
ORD_358;PROD_16;6;5
ORD_358;PROD_49;6;4
ORD_358;PROD_27;7;2
ORD_358;PROD_44;4;3
ORD_358;PROD_17;3;1
ORD_359;PROD_12;9;1
ORD_359;PROD_2;6;4
ORD_359;PROD_39;2;5
ORD_359;PROD_11;1;2
ORD_359;PROD_34;8;2
ORD_359;PROD_21;1;4
ORD_359;PROD_18;4;2
ORD_359;PROD_44;6;2
ORD_359;PROD_22;3;5
ORD_359;PROD_30;3;2
ORD_359;PROD_31;6;4
ORD_359;PROD_30;9;3
ORD_359;PROD_10;3;2
ORD_359;PROD_32;1;2
ORD_360;PROD_27;8;3
ORD_360;PROD_37;7;3
ORD_360;PROD_45;1;1
ORD_360;PROD_17;1;4
ORD_360;PROD_47;3;2
ORD_360;PROD_9;3;3
ORD_360;PROD_49;8;3
ORD_360;PROD_8;8;1
ORD_360;PROD_40;9;1
ORD_360;PROD_47;6;2
ORD_360;PROD_21;1;4
ORD_360;PROD_32;3;4
ORD_360;PROD_34;7;4
ORD_360;PROD_45;3;1
ORD_361;PROD_44;5;2
ORD_361;PROD_17;7;4
ORD_361;PROD_4;2;4
ORD_361;PROD_3;8;5
ORD_361;PROD_25;3;2
ORD_361;PROD_39;4;2
ORD_361;PROD_34;6;2
ORD_361;PROD_44;7;3
ORD_361;PROD_36;9;3
ORD_361;PROD_37;4;2
ORD_361;PROD_35;8;2
ORD_361;PROD_18;2;1
ORD_361;PROD_20;1;4
ORD_362;PROD_46;8;5
ORD_362;PROD_9;3;4
ORD_362;PROD_28;9;3
ORD_362;PROD_5;6;5
ORD_362;PROD_2;9;3
ORD_363;PROD_40;1;1
ORD_363;PROD_37;4;4
ORD_363;PROD_24;8;2
ORD_363;PROD_23;6;3
ORD_363;PROD_29;8;5
ORD_363;PROD_40;7;5
ORD_363;PROD_37;6;2
ORD_363;PROD_24;2;5
ORD_363;PROD_23;5;2
ORD_363;PROD_29;1;4
ORD_364;PROD_5;3;2
ORD_364;PROD_39;9;1
ORD_364;PROD_35;4;2
ORD_364;PROD_38;2;4
ORD_364;PROD_41;5;3
ORD_365;PROD_7;6;4
ORD_365;PROD_45;3;1
ORD_365;PROD_29;4;3
ORD_365;PROD_31;8;5
ORD_365;PROD_3;2;5
ORD_365;PROD_8;7;2
ORD_365;PROD_45;5;3
ORD_365;PROD_7;1;4
ORD_365;PROD_1;2;4
ORD_365;PROD_29;3;5
ORD_365;PROD_1;8;5
ORD_365;PROD_25;8;5
ORD_365;PROD_8;1;3
ORD_365;PROD_11;3;5
ORD_366;PROD_48;5;4
ORD_366;PROD_39;2;2
ORD_366;PROD_41;3;2
ORD_366;PROD_24;3;2
ORD_366;PROD_1;7;3
ORD_367;PROD_12;9;5
ORD_367;PROD_2;4;5
ORD_367;PROD_39;5;4
ORD_367;PROD_11;7;4
ORD_367;PROD_44;9;2
ORD_368;PROD_31;8;3
ORD_368;PROD_3;8;2
ORD_368;PROD_22;7;1
ORD_368;PROD_46;3;5
ORD_368;PROD_40;7;4
ORD_368;PROD_37;3;4
ORD_368;PROD_24;2;4
ORD_368;PROD_23;9;1
ORD_368;PROD_29;5;2
ORD_369;PROD_31;4;4
ORD_369;PROD_3;6;5
ORD_369;PROD_22;1;5
ORD_369;PROD_46;7;5
ORD_369;PROD_7;8;4
ORD_369;PROD_45;9;5
ORD_369;PROD_29;8;3
ORD_369;PROD_39;1;2
ORD_369;PROD_29;5;4
ORD_369;PROD_34;2;4
ORD_369;PROD_15;2;5
ORD_369;PROD_36;3;1
ORD_370;PROD_31;9;2
ORD_370;PROD_3;1;1
ORD_370;PROD_22;7;2
ORD_370;PROD_46;8;3
ORD_370;PROD_2;1;4
ORD_370;PROD_50;6;2
ORD_370;PROD_27;6;2
ORD_370;PROD_44;8;1
ORD_370;PROD_17;1;2
ORD_371;PROD_47;8;4
ORD_371;PROD_39;8;5
ORD_371;PROD_22;8;1
ORD_371;PROD_1;4;3
ORD_371;PROD_16;4;2
ORD_372;PROD_26;9;2
ORD_372;PROD_23;3;4
ORD_372;PROD_48;5;3
ORD_372;PROD_40;7;4
ORD_372;PROD_32;5;5
ORD_372;PROD_29;6;2
ORD_372;PROD_20;5;1
ORD_372;PROD_21;2;5
ORD_373;PROD_34;6;2
ORD_373;PROD_21;2;1
ORD_373;PROD_18;3;3
ORD_373;PROD_2;2;4
ORD_373;PROD_11;6;5
ORD_373;PROD_33;6;4
ORD_373;PROD_5;9;1
ORD_374;PROD_35;4;3
ORD_374;PROD_19;7;4
ORD_374;PROD_19;6;4
ORD_374;PROD_13;5;5
ORD_374;PROD_22;3;2
ORD_374;PROD_35;8;3
ORD_374;PROD_31;7;3
ORD_374;PROD_12;7;4
ORD_374;PROD_42;4;4
ORD_375;PROD_5;4;3
ORD_375;PROD_48;6;3
ORD_375;PROD_21;5;2
ORD_375;PROD_50;1;2
ORD_375;PROD_17;7;2
ORD_375;PROD_40;7;2
ORD_376;PROD_7;4;5
ORD_376;PROD_45;5;5
ORD_376;PROD_29;5;5
ORD_376;PROD_46;5;2
ORD_376;PROD_13;2;3
ORD_376;PROD_16;7;1
ORD_376;PROD_49;5;4
ORD_376;PROD_27;2;5
ORD_376;PROD_47;8;5
ORD_376;PROD_15;5;1
ORD_376;PROD_49;9;2
ORD_376;PROD_36;3;4
ORD_376;PROD_46;3;1
ORD_376;PROD_21;9;3
ORD_377;PROD_25;8;4
ORD_377;PROD_8;8;5
ORD_377;PROD_8;2;5
ORD_377;PROD_42;7;2
ORD_377;PROD_28;1;5
ORD_377;PROD_22;6;5
ORD_377;PROD_43;6;1
ORD_377;PROD_26;9;3
ORD_378;PROD_12;2;1
ORD_378;PROD_2;7;5
ORD_378;PROD_39;5;5
ORD_378;PROD_11;6;5
ORD_378;PROD_9;9;3
ORD_378;PROD_23;6;3
ORD_378;PROD_11;1;1
ORD_378;PROD_30;6;4
ORD_378;PROD_16;8;5
ORD_379;PROD_40;6;3
ORD_379;PROD_37;5;1
ORD_379;PROD_24;6;5
ORD_379;PROD_23;5;4
ORD_379;PROD_29;5;5
ORD_379;PROD_17;3;3
ORD_379;PROD_45;6;4
ORD_380;PROD_7;2;5
ORD_380;PROD_45;7;2
ORD_380;PROD_29;7;4
ORD_380;PROD_17;7;1
ORD_380;PROD_45;8;1
ORD_380;PROD_5;6;1
ORD_380;PROD_20;6;1
ORD_380;PROD_34;5;2
ORD_380;PROD_21;6;1
ORD_380;PROD_18;7;1
ORD_381;PROD_2;4;2
ORD_381;PROD_50;5;3
ORD_381;PROD_27;5;1
ORD_381;PROD_31;9;1
ORD_381;PROD_34;9;4
ORD_381;PROD_44;2;4
ORD_381;PROD_6;4;3
ORD_381;PROD_18;7;5
ORD_381;PROD_28;3;1
ORD_381;PROD_46;5;4
ORD_381;PROD_9;9;3
ORD_382;PROD_31;3;4
ORD_382;PROD_3;8;4
ORD_382;PROD_22;6;4
ORD_382;PROD_46;1;1
ORD_382;PROD_9;2;2
ORD_383;PROD_17;1;1
ORD_383;PROD_45;6;5
ORD_383;PROD_5;2;1
ORD_383;PROD_20;9;4
ORD_383;PROD_12;2;4
ORD_383;PROD_2;4;1
ORD_383;PROD_39;6;4
ORD_383;PROD_11;1;4
ORD_383;PROD_18;4;1
ORD_384;PROD_46;2;2
ORD_384;PROD_9;8;2
ORD_384;PROD_28;2;1
ORD_384;PROD_5;3;5
ORD_384;PROD_21;8;2
ORD_384;PROD_7;6;4
ORD_384;PROD_12;7;2
ORD_385;PROD_12;2;2
ORD_385;PROD_2;9;1
ORD_385;PROD_39;1;1
ORD_385;PROD_11;1;2
ORD_385;PROD_44;6;1
ORD_385;PROD_17;3;3
ORD_385;PROD_4;5;4
ORD_385;PROD_3;5;4
ORD_385;PROD_25;8;3
ORD_385;PROD_44;2;5
ORD_385;PROD_17;7;3
ORD_386;PROD_34;9;2
ORD_386;PROD_21;9;2
ORD_386;PROD_18;5;4
ORD_386;PROD_6;2;5
ORD_386;PROD_5;8;3
ORD_386;PROD_25;5;5
ORD_386;PROD_6;3;3
ORD_386;PROD_41;9;5
ORD_386;PROD_46;6;4
ORD_387;PROD_31;8;3
ORD_387;PROD_3;2;1
ORD_387;PROD_22;8;1
ORD_387;PROD_46;2;3
ORD_387;PROD_5;6;5
ORD_388;PROD_40;9;3
ORD_388;PROD_37;1;1
ORD_388;PROD_24;3;2
ORD_388;PROD_23;2;4
ORD_388;PROD_29;2;5
ORD_388;PROD_12;6;5
ORD_388;PROD_2;7;3
ORD_388;PROD_39;2;5
ORD_388;PROD_11;6;1
ORD_388;PROD_13;5;5
ORD_388;PROD_26;3;3
ORD_388;PROD_19;9;5
ORD_388;PROD_21;9;2
ORD_388;PROD_42;8;4
ORD_389;PROD_40;5;5
ORD_389;PROD_37;7;1
ORD_389;PROD_24;3;4
ORD_389;PROD_23;1;5
ORD_389;PROD_29;3;1
ORD_389;PROD_20;2;1
ORD_389;PROD_23;2;4
ORD_389;PROD_4;8;5
ORD_389;PROD_40;3;4
ORD_389;PROD_49;8;5
ORD_389;PROD_10;5;2
ORD_390;PROD_40;6;3
ORD_390;PROD_37;3;4
ORD_390;PROD_24;1;4
ORD_390;PROD_23;2;5
ORD_390;PROD_29;6;3
ORD_391;PROD_46;6;1
ORD_391;PROD_9;5;3
ORD_391;PROD_28;7;1
ORD_391;PROD_5;2;3
ORD_391;PROD_12;8;5
ORD_392;PROD_46;7;5
ORD_392;PROD_13;3;1
ORD_392;PROD_16;2;5
ORD_392;PROD_49;1;5
ORD_392;PROD_27;9;3
ORD_392;PROD_35;6;4
ORD_392;PROD_50;4;4
ORD_393;PROD_17;4;3
ORD_393;PROD_45;1;2
ORD_393;PROD_5;5;5
ORD_393;PROD_20;7;3
ORD_393;PROD_5;1;1
ORD_394;PROD_11;5;5
ORD_394;PROD_37;9;1
ORD_394;PROD_11;6;1
ORD_394;PROD_7;8;2
ORD_394;PROD_25;2;2
ORD_394;PROD_38;3;1
ORD_394;PROD_18;5;1
ORD_394;PROD_3;7;3
ORD_394;PROD_46;8;2
ORD_394;PROD_20;8;4
ORD_394;PROD_29;7;2
ORD_395;PROD_31;7;2
ORD_395;PROD_35;8;5
ORD_395;PROD_48;6;4
ORD_395;PROD_29;8;4
ORD_395;PROD_8;9;1
ORD_395;PROD_38;8;2
ORD_395;PROD_14;2;5
ORD_395;PROD_16;4;5
ORD_395;PROD_38;8;5
ORD_395;PROD_27;9;2
ORD_395;PROD_44;1;5
ORD_396;PROD_40;8;1
ORD_396;PROD_45;6;3
ORD_396;PROD_17;7;3
ORD_396;PROD_50;5;2
ORD_396;PROD_33;5;3
ORD_396;PROD_49;1;5
ORD_396;PROD_1;6;4
ORD_396;PROD_32;9;4
ORD_396;PROD_11;9;1
ORD_396;PROD_12;3;1
ORD_397;PROD_7;9;3
ORD_397;PROD_45;8;1
ORD_397;PROD_29;4;3
ORD_397;PROD_34;3;2
ORD_397;PROD_16;1;2
ORD_397;PROD_41;8;4
ORD_397;PROD_15;2;3
ORD_397;PROD_39;7;5
ORD_397;PROD_48;1;5
ORD_397;PROD_37;5;4
ORD_397;PROD_34;3;4
ORD_398;PROD_12;4;1
ORD_398;PROD_2;7;3
ORD_398;PROD_39;6;3
ORD_398;PROD_11;1;2
ORD_398;PROD_5;3;5
ORD_398;PROD_48;4;4
ORD_398;PROD_21;6;3
ORD_398;PROD_50;8;4
ORD_398;PROD_17;5;3
ORD_398;PROD_31;2;1
ORD_398;PROD_3;5;4
ORD_398;PROD_22;7;1
ORD_399;PROD_31;1;2
ORD_399;PROD_3;5;2
ORD_399;PROD_22;6;1
ORD_399;PROD_46;4;3
ORD_399;PROD_31;1;2
ORD_399;PROD_3;5;2
ORD_399;PROD_22;5;5
ORD_399;PROD_46;9;5
ORD_400;PROD_40;6;3
ORD_400;PROD_37;6;3
ORD_400;PROD_24;6;3
ORD_400;PROD_23;5;4
ORD_400;PROD_29;8;2
ORD_400;PROD_50;8;4
ORD_400;PROD_5;1;5
ORD_400;PROD_18;5;2
ORD_400;PROD_9;9;5
ORD_400;PROD_31;5;2
ORD_400;PROD_18;4;4
ORD_401;PROD_29;5;3
ORD_401;PROD_35;2;3
ORD_401;PROD_48;6;3
ORD_401;PROD_17;8;5
ORD_401;PROD_49;8;2
ORD_401;PROD_39;3;3
ORD_402;PROD_40;4;1
ORD_402;PROD_37;1;5
ORD_402;PROD_24;7;4
ORD_402;PROD_23;5;1
ORD_402;PROD_29;5;5
ORD_402;PROD_7;2;3
ORD_402;PROD_45;9;3
ORD_402;PROD_29;6;4
ORD_402;PROD_7;4;5
ORD_402;PROD_45;4;2
ORD_402;PROD_29;5;4
ORD_402;PROD_11;8;3
ORD_402;PROD_28;7;4
ORD_402;PROD_50;7;2
ORD_403;PROD_12;8;3
ORD_403;PROD_40;7;2
ORD_403;PROD_5;4;4
ORD_403;PROD_49;1;4
ORD_403;PROD_21;7;5
ORD_403;PROD_3;3;3
ORD_404;PROD_41;3;4
ORD_404;PROD_39;7;5
ORD_404;PROD_7;9;4
ORD_404;PROD_48;9;3
ORD_404;PROD_9;5;2
ORD_404;PROD_33;7;5
ORD_404;PROD_26;6;5
ORD_404;PROD_26;5;4
ORD_404;PROD_21;2;4
ORD_404;PROD_7;8;4
ORD_404;PROD_5;3;1
ORD_404;PROD_40;5;1
ORD_404;PROD_23;8;5
ORD_404;PROD_15;4;4
ORD_404;PROD_19;3;5
ORD_405;PROD_8;9;5
ORD_405;PROD_33;7;4
ORD_405;PROD_4;2;5
ORD_405;PROD_25;3;1
ORD_405;PROD_48;1;4
ORD_405;PROD_39;2;5
ORD_405;PROD_30;5;1
ORD_405;PROD_4;8;4
ORD_405;PROD_19;9;1
ORD_405;PROD_16;4;4
ORD_405;PROD_5;9;3
ORD_406;PROD_7;8;2
ORD_406;PROD_15;6;5
ORD_406;PROD_4;2;5
ORD_406;PROD_37;3;3
ORD_406;PROD_14;3;2
ORD_407;PROD_46;7;4
ORD_407;PROD_13;1;1
ORD_407;PROD_16;8;3
ORD_407;PROD_49;2;1
ORD_407;PROD_27;7;5
ORD_407;PROD_17;9;2
ORD_407;PROD_45;4;3
ORD_407;PROD_5;9;3
ORD_407;PROD_20;6;3
ORD_407;PROD_12;6;2
ORD_408;PROD_13;1;4
ORD_408;PROD_3;9;5
ORD_408;PROD_24;3;3
ORD_408;PROD_24;7;1
ORD_408;PROD_31;5;1
ORD_408;PROD_10;8;4
ORD_408;PROD_45;6;1
ORD_408;PROD_10;6;5
ORD_409;PROD_36;1;2
ORD_409;PROD_5;7;3
ORD_409;PROD_31;6;5
ORD_409;PROD_27;4;3
ORD_409;PROD_23;7;1
ORD_409;PROD_14;1;1
ORD_410;PROD_14;1;4
ORD_410;PROD_34;1;3
ORD_410;PROD_21;2;3
ORD_410;PROD_30;6;3
ORD_410;PROD_4;7;3
ORD_410;PROD_18;4;4
ORD_410;PROD_24;9;4
ORD_410;PROD_42;1;5
ORD_411;PROD_17;1;2
ORD_411;PROD_45;5;2
ORD_411;PROD_5;7;4
ORD_411;PROD_20;5;5
ORD_411;PROD_17;8;5
ORD_411;PROD_45;1;3
ORD_412;PROD_46;1;5
ORD_412;PROD_9;5;5
ORD_412;PROD_28;9;2
ORD_412;PROD_5;8;5
ORD_412;PROD_17;1;1
ORD_412;PROD_45;6;2
ORD_413;PROD_46;3;5
ORD_413;PROD_13;1;4
ORD_413;PROD_16;4;3
ORD_413;PROD_49;9;5
ORD_413;PROD_27;5;5
ORD_413;PROD_5;2;4
ORD_413;PROD_17;5;4
ORD_413;PROD_6;4;3
ORD_413;PROD_1;2;1
ORD_413;PROD_13;6;4
ORD_413;PROD_39;4;2
ORD_413;PROD_14;9;2
ORD_414;PROD_38;4;4
ORD_414;PROD_37;2;1
ORD_414;PROD_36;4;1
ORD_414;PROD_23;4;3
ORD_414;PROD_24;3;5
ORD_414;PROD_43;5;5
ORD_414;PROD_34;6;5
ORD_414;PROD_31;8;1
ORD_415;PROD_17;3;2
ORD_415;PROD_17;8;2
ORD_415;PROD_43;5;1
ORD_415;PROD_44;1;1
ORD_415;PROD_6;7;2
ORD_415;PROD_29;9;2
ORD_415;PROD_3;2;4
ORD_416;PROD_17;9;3
ORD_416;PROD_45;3;2
ORD_416;PROD_5;5;3
ORD_416;PROD_20;9;3
ORD_416;PROD_46;8;3
ORD_416;PROD_9;1;4
ORD_417;PROD_16;3;3
ORD_417;PROD_47;8;1
ORD_417;PROD_46;6;3
ORD_417;PROD_29;5;3
ORD_417;PROD_20;2;5
ORD_417;PROD_8;9;4
ORD_417;PROD_50;6;2
ORD_417;PROD_4;4;2
ORD_417;PROD_10;6;5
ORD_418;PROD_34;9;2
ORD_418;PROD_21;1;3
ORD_418;PROD_18;5;3
ORD_418;PROD_9;1;5
ORD_418;PROD_23;8;4
ORD_418;PROD_31;1;4
ORD_418;PROD_3;7;3
ORD_418;PROD_22;9;5
ORD_418;PROD_46;1;5
ORD_418;PROD_39;4;2
ORD_419;PROD_30;2;4
ORD_419;PROD_33;7;3
ORD_419;PROD_41;6;4
ORD_419;PROD_3;1;4
ORD_419;PROD_7;7;4
ORD_420;PROD_46;5;4
ORD_420;PROD_9;3;3
ORD_420;PROD_28;7;3
ORD_420;PROD_5;7;2
ORD_420;PROD_31;4;4
ORD_421;PROD_46;5;4
ORD_421;PROD_9;8;4
ORD_421;PROD_28;7;1
ORD_421;PROD_5;7;4
ORD_421;PROD_12;3;1
ORD_421;PROD_2;8;3
ORD_421;PROD_39;5;4
ORD_421;PROD_11;6;5
ORD_421;PROD_11;7;4
ORD_421;PROD_15;9;1
ORD_421;PROD_37;5;4
ORD_421;PROD_6;4;4
ORD_421;PROD_30;5;1
ORD_422;PROD_5;4;1
ORD_422;PROD_48;8;4
ORD_422;PROD_21;7;2
ORD_422;PROD_50;6;3
ORD_422;PROD_17;1;3
ORD_422;PROD_31;4;4
ORD_422;PROD_3;1;1
ORD_422;PROD_22;9;4
ORD_423;PROD_6;4;5
ORD_423;PROD_50;7;2
ORD_423;PROD_29;7;3
ORD_423;PROD_9;1;5
ORD_423;PROD_37;4;5
ORD_423;PROD_8;7;4
ORD_423;PROD_50;1;5
ORD_423;PROD_2;4;4
ORD_423;PROD_49;7;4
ORD_423;PROD_48;8;1
ORD_423;PROD_18;8;3
ORD_424;PROD_46;4;2
ORD_424;PROD_9;3;2
ORD_424;PROD_28;6;4
ORD_424;PROD_5;3;5
ORD_424;PROD_12;8;1
ORD_424;PROD_2;9;1
ORD_424;PROD_39;9;5
ORD_424;PROD_11;4;5
ORD_425;PROD_7;1;1
ORD_425;PROD_45;6;3
ORD_425;PROD_29;8;3
ORD_425;PROD_9;2;4
ORD_425;PROD_23;1;3
ORD_425;PROD_2;1;3
ORD_425;PROD_50;2;5
ORD_425;PROD_27;2;3
ORD_425;PROD_16;9;2
ORD_426;PROD_7;5;4
ORD_426;PROD_45;3;2
ORD_426;PROD_29;7;5
ORD_426;PROD_5;7;4
ORD_426;PROD_48;9;4
ORD_426;PROD_21;2;3
ORD_426;PROD_50;2;1
ORD_426;PROD_17;6;4
ORD_426;PROD_36;4;3
ORD_426;PROD_9;7;1
ORD_427;PROD_31;9;1
ORD_427;PROD_3;4;2
ORD_427;PROD_22;5;1
ORD_427;PROD_46;8;3
ORD_427;PROD_17;8;5
ORD_427;PROD_45;3;4
ORD_428;PROD_17;3;1
ORD_428;PROD_45;8;5
ORD_428;PROD_5;5;4
ORD_428;PROD_20;9;4
ORD_428;PROD_12;1;5
ORD_428;PROD_2;3;1
ORD_428;PROD_39;7;1
ORD_428;PROD_11;6;5
ORD_428;PROD_5;2;5
ORD_428;PROD_48;8;3
ORD_428;PROD_21;2;4
ORD_428;PROD_50;1;3
ORD_428;PROD_17;8;5
ORD_428;PROD_25;5;2
ORD_428;PROD_11;6;1
ORD_429;PROD_40;5;2
ORD_429;PROD_37;3;1
ORD_429;PROD_24;5;1
ORD_429;PROD_23;7;3
ORD_429;PROD_29;8;5
ORD_429;PROD_9;1;3
ORD_429;PROD_23;6;2
ORD_429;PROD_10;9;2
ORD_429;PROD_13;6;1
ORD_429;PROD_28;2;5
ORD_430;PROD_46;9;4
ORD_430;PROD_13;5;1
ORD_430;PROD_16;9;4
ORD_430;PROD_49;7;4
ORD_430;PROD_27;2;1
ORD_430;PROD_9;7;3
ORD_430;PROD_23;8;4
ORD_430;PROD_2;8;4
ORD_430;PROD_50;6;3
ORD_430;PROD_27;1;3
ORD_430;PROD_23;4;5
ORD_430;PROD_40;2;4
ORD_430;PROD_34;7;1
ORD_431;PROD_12;6;3
ORD_431;PROD_2;2;4
ORD_431;PROD_39;9;4
ORD_431;PROD_11;2;3
ORD_431;PROD_9;2;1
ORD_431;PROD_23;8;3
ORD_431;PROD_46;4;3
ORD_431;PROD_13;2;5
ORD_431;PROD_16;5;4
ORD_431;PROD_49;6;3
ORD_432;PROD_38;1;4
ORD_432;PROD_3;7;5
ORD_432;PROD_32;2;2
ORD_432;PROD_42;5;2
ORD_432;PROD_37;9;3
ORD_432;PROD_37;9;3
ORD_432;PROD_1;8;1
ORD_432;PROD_19;4;4
ORD_432;PROD_30;7;1
ORD_433;PROD_12;8;4
ORD_433;PROD_2;8;5
ORD_433;PROD_39;7;5
ORD_433;PROD_11;7;2
ORD_433;PROD_44;5;3
ORD_434;PROD_46;1;2
ORD_434;PROD_13;2;2
ORD_434;PROD_16;4;3
ORD_434;PROD_49;6;5
ORD_434;PROD_27;3;3
ORD_435;PROD_31;4;4
ORD_435;PROD_3;4;4
ORD_435;PROD_22;9;4
ORD_435;PROD_46;8;4
ORD_435;PROD_2;9;1
ORD_435;PROD_50;5;1
ORD_435;PROD_27;6;3
ORD_436;PROD_44;5;5
ORD_436;PROD_17;5;5
ORD_436;PROD_4;6;5
ORD_436;PROD_3;2;2
ORD_436;PROD_25;9;3
ORD_436;PROD_9;4;3
ORD_437;PROD_22;9;5
ORD_437;PROD_14;2;5
ORD_437;PROD_50;8;2
ORD_437;PROD_22;2;5
ORD_437;PROD_36;5;1
ORD_437;PROD_5;3;1
ORD_437;PROD_21;9;2
ORD_437;PROD_37;6;3
ORD_437;PROD_45;3;4
ORD_437;PROD_32;4;5
ORD_437;PROD_18;8;2
ORD_437;PROD_6;8;3
ORD_437;PROD_33;3;3
ORD_437;PROD_46;6;1
ORD_438;PROD_46;7;3
ORD_438;PROD_9;7;3
ORD_438;PROD_28;9;4
ORD_438;PROD_5;6;5
ORD_438;PROD_44;3;1
ORD_438;PROD_17;8;4
ORD_438;PROD_4;9;3
ORD_438;PROD_3;5;4
ORD_438;PROD_25;5;5
ORD_439;PROD_25;5;5
ORD_439;PROD_31;8;3
ORD_439;PROD_33;5;4
ORD_439;PROD_28;2;4
ORD_439;PROD_32;9;2
ORD_439;PROD_42;3;5
ORD_440;PROD_9;4;2
ORD_440;PROD_23;4;4
ORD_440;PROD_35;9;3
ORD_440;PROD_23;9;5
ORD_440;PROD_30;2;3
ORD_440;PROD_49;8;3
ORD_440;PROD_44;8;3
ORD_440;PROD_30;7;2
ORD_440;PROD_48;2;4
ORD_440;PROD_14;9;2
ORD_441;PROD_46;5;2
ORD_441;PROD_13;1;5
ORD_441;PROD_16;2;3
ORD_441;PROD_49;3;3
ORD_441;PROD_27;7;5
ORD_441;PROD_1;3;4
ORD_441;PROD_43;8;4
ORD_442;PROD_39;2;4
ORD_442;PROD_7;9;4
ORD_442;PROD_8;9;4
ORD_442;PROD_18;3;4
ORD_442;PROD_42;1;1
ORD_442;PROD_9;5;4
ORD_443;PROD_40;6;2
ORD_443;PROD_41;2;5
ORD_443;PROD_43;7;4
ORD_443;PROD_35;2;4
ORD_443;PROD_8;4;4
ORD_443;PROD_4;5;4
ORD_443;PROD_4;6;2
ORD_444;PROD_2;8;1
ORD_444;PROD_50;1;5
ORD_444;PROD_27;9;1
ORD_444;PROD_9;2;1
ORD_444;PROD_23;2;3
ORD_444;PROD_2;3;4
ORD_445;PROD_40;7;3
ORD_445;PROD_37;9;4
ORD_445;PROD_24;4;5
ORD_445;PROD_23;1;4
ORD_445;PROD_29;6;5
ORD_445;PROD_24;1;2
ORD_445;PROD_20;4;2
ORD_446;PROD_44;7;4
ORD_446;PROD_17;8;3
ORD_446;PROD_4;1;2
ORD_446;PROD_3;9;1
ORD_446;PROD_25;6;5
ORD_446;PROD_9;3;4
ORD_446;PROD_23;9;5
ORD_446;PROD_12;3;4
ORD_447;PROD_50;5;3
ORD_447;PROD_21;7;2
ORD_447;PROD_5;2;5
ORD_447;PROD_26;6;1
ORD_447;PROD_11;7;4
ORD_447;PROD_34;6;3
ORD_447;PROD_28;9;5
ORD_447;PROD_30;4;3
ORD_447;PROD_8;6;4
ORD_448;PROD_34;3;2
ORD_448;PROD_21;6;5
ORD_448;PROD_18;4;3
ORD_448;PROD_7;4;3
ORD_448;PROD_45;2;3
ORD_448;PROD_29;2;2
ORD_448;PROD_9;6;2
ORD_448;PROD_23;8;4
ORD_448;PROD_47;5;1
ORD_448;PROD_38;5;5
ORD_448;PROD_33;4;2
ORD_448;PROD_34;4;4
ORD_448;PROD_49;9;4
ORD_449;PROD_2;5;3
ORD_449;PROD_50;7;5
ORD_449;PROD_27;6;3
ORD_449;PROD_34;2;4
ORD_449;PROD_6;3;1
ORD_449;PROD_31;5;5
ORD_449;PROD_26;5;5
ORD_449;PROD_24;2;5
ORD_449;PROD_6;9;5
ORD_449;PROD_30;5;1
ORD_449;PROD_2;6;5
ORD_449;PROD_9;1;3
ORD_450;PROD_7;7;3
ORD_450;PROD_45;4;1
ORD_450;PROD_29;7;2
ORD_450;PROD_15;8;1
ORD_450;PROD_27;4;1
ORD_450;PROD_24;7;2
ORD_450;PROD_23;4;5
ORD_450;PROD_2;8;2
ORD_450;PROD_24;5;5
ORD_450;PROD_39;7;1
ORD_451;PROD_36;8;2
ORD_451;PROD_15;4;1
ORD_451;PROD_3;8;3
ORD_451;PROD_3;5;5
ORD_451;PROD_27;4;4
ORD_451;PROD_31;4;2
ORD_451;PROD_14;1;5
ORD_451;PROD_46;5;5
ORD_452;PROD_10;1;5
ORD_452;PROD_47;1;5
ORD_452;PROD_37;5;4
ORD_452;PROD_28;3;3
ORD_452;PROD_15;4;4
ORD_452;PROD_16;8;3
ORD_452;PROD_35;5;2
ORD_452;PROD_28;9;4
ORD_452;PROD_43;1;2
ORD_452;PROD_19;7;3
ORD_453;PROD_23;5;5
ORD_453;PROD_46;4;3
ORD_453;PROD_8;2;4
ORD_453;PROD_43;9;5
ORD_453;PROD_37;5;1
ORD_453;PROD_48;3;4
ORD_453;PROD_7;9;5
ORD_453;PROD_33;5;1
ORD_453;PROD_39;3;1
ORD_453;PROD_1;1;5
ORD_453;PROD_5;2;2
ORD_453;PROD_19;3;2
ORD_454;PROD_46;6;1
ORD_454;PROD_24;1;4
ORD_454;PROD_20;8;5
ORD_454;PROD_7;5;2
ORD_454;PROD_4;8;4
ORD_454;PROD_7;2;5
ORD_454;PROD_15;3;2
ORD_454;PROD_25;2;1
ORD_454;PROD_17;1;4
ORD_454;PROD_48;3;1
ORD_454;PROD_17;6;3
ORD_454;PROD_4;5;3
ORD_454;PROD_38;5;4
ORD_454;PROD_37;6;2
ORD_454;PROD_18;2;5
ORD_455;PROD_19;5;4
ORD_455;PROD_42;3;2
ORD_455;PROD_41;4;2
ORD_455;PROD_36;8;2
ORD_455;PROD_38;4;5
ORD_455;PROD_19;7;5
ORD_455;PROD_12;3;1
ORD_455;PROD_40;7;4
ORD_455;PROD_50;1;3
ORD_456;PROD_7;2;4
ORD_456;PROD_45;6;1
ORD_456;PROD_29;7;1
ORD_456;PROD_46;6;5
ORD_456;PROD_13;6;2
ORD_456;PROD_16;6;3
ORD_457;PROD_23;4;5
ORD_457;PROD_40;1;1
ORD_457;PROD_17;1;2
ORD_457;PROD_3;9;2
ORD_457;PROD_49;7;5
ORD_457;PROD_20;5;2
ORD_457;PROD_50;5;4
ORD_457;PROD_31;5;4
ORD_457;PROD_31;9;3
ORD_457;PROD_45;1;3
ORD_457;PROD_33;5;2
ORD_457;PROD_24;4;5
ORD_457;PROD_23;4;2
ORD_458;PROD_40;8;4
ORD_458;PROD_37;7;4
ORD_458;PROD_24;6;3
ORD_458;PROD_23;6;2
ORD_458;PROD_29;8;5
ORD_458;PROD_5;4;2
ORD_458;PROD_48;7;1
ORD_458;PROD_21;7;5
ORD_459;PROD_5;7;4
ORD_459;PROD_48;4;5
ORD_459;PROD_21;2;4
ORD_459;PROD_50;1;3
ORD_459;PROD_17;8;2
ORD_459;PROD_46;4;3
ORD_459;PROD_13;8;3
ORD_459;PROD_16;1;2
ORD_459;PROD_49;1;4
ORD_459;PROD_27;3;1
ORD_460;PROD_9;8;4
ORD_460;PROD_23;4;3
ORD_460;PROD_16;7;3
ORD_460;PROD_44;7;5
ORD_460;PROD_25;8;1
ORD_460;PROD_30;6;5
ORD_460;PROD_39;2;3
ORD_460;PROD_35;2;3
ORD_460;PROD_29;9;5
ORD_460;PROD_43;4;4
ORD_460;PROD_25;5;2
ORD_461;PROD_46;8;2
ORD_461;PROD_9;6;2
ORD_461;PROD_28;2;3
ORD_461;PROD_5;3;3
ORD_461;PROD_46;5;4
ORD_462;PROD_50;2;5
ORD_462;PROD_32;8;2
ORD_462;PROD_11;7;3
ORD_462;PROD_19;1;4
ORD_462;PROD_14;9;2
ORD_462;PROD_37;5;5
ORD_462;PROD_25;9;4
ORD_462;PROD_33;7;3
ORD_463;PROD_9;8;1
ORD_463;PROD_23;8;5
ORD_463;PROD_46;2;1
ORD_463;PROD_9;4;3
ORD_463;PROD_28;6;3
ORD_463;PROD_5;9;3
ORD_463;PROD_44;5;4
ORD_463;PROD_17;8;5
ORD_463;PROD_4;4;5
ORD_463;PROD_3;6;3
ORD_463;PROD_25;1;5
ORD_463;PROD_30;1;3
ORD_463;PROD_37;6;4
ORD_463;PROD_12;3;2
ORD_463;PROD_39;1;3
ORD_464;PROD_31;7;2
ORD_464;PROD_35;2;4
ORD_464;PROD_49;6;3
ORD_464;PROD_12;8;1
ORD_464;PROD_27;1;3
ORD_464;PROD_22;9;1
ORD_464;PROD_15;9;5
ORD_464;PROD_24;1;5
ORD_464;PROD_43;1;5
ORD_464;PROD_50;2;3
ORD_464;PROD_20;3;5
ORD_464;PROD_36;8;5
ORD_464;PROD_1;4;1
ORD_464;PROD_22;1;3
ORD_464;PROD_32;7;1
ORD_465;PROD_47;4;4
ORD_465;PROD_41;3;1
ORD_465;PROD_17;1;4
ORD_465;PROD_29;4;4
ORD_465;PROD_36;5;5
ORD_465;PROD_23;9;2
ORD_465;PROD_12;2;1
ORD_465;PROD_44;8;1
ORD_465;PROD_33;1;2
ORD_465;PROD_5;1;4
ORD_465;PROD_47;8;5
ORD_465;PROD_36;6;1
ORD_465;PROD_15;8;2
ORD_465;PROD_47;7;3
ORD_466;PROD_34;8;5
ORD_466;PROD_21;5;1
ORD_466;PROD_18;3;3
ORD_466;PROD_4;5;2
ORD_466;PROD_8;1;4
ORD_466;PROD_31;3;4
ORD_466;PROD_46;8;3
ORD_466;PROD_8;4;3
ORD_466;PROD_16;1;4
ORD_466;PROD_8;1;2
ORD_466;PROD_47;2;3
ORD_466;PROD_7;2;2
ORD_467;PROD_9;1;5
ORD_467;PROD_23;7;2
ORD_467;PROD_2;1;3
ORD_467;PROD_18;6;3
ORD_467;PROD_29;6;5
ORD_467;PROD_13;7;2
ORD_468;PROD_40;1;4
ORD_468;PROD_37;8;5
ORD_468;PROD_24;4;1
ORD_468;PROD_23;5;5
ORD_468;PROD_29;7;2
ORD_468;PROD_17;5;4
ORD_468;PROD_45;1;4
ORD_468;PROD_5;8;3
ORD_468;PROD_20;6;2
ORD_468;PROD_46;1;5
ORD_468;PROD_9;2;1
ORD_469;PROD_46;1;5
ORD_469;PROD_9;3;5
ORD_469;PROD_28;3;1
ORD_469;PROD_5;7;2
ORD_469;PROD_2;6;3
ORD_469;PROD_50;5;4
ORD_470;PROD_46;4;1
ORD_470;PROD_9;9;2
ORD_470;PROD_28;7;1
ORD_470;PROD_5;8;4
ORD_470;PROD_46;2;5
ORD_470;PROD_14;2;2
ORD_470;PROD_40;9;2
ORD_470;PROD_15;1;1
ORD_471;PROD_12;2;4
ORD_471;PROD_2;5;1
ORD_471;PROD_39;9;4
ORD_471;PROD_11;5;4
ORD_471;PROD_44;4;4
ORD_471;PROD_17;4;2
ORD_471;PROD_4;4;5
ORD_471;PROD_3;3;4
ORD_472;PROD_2;9;1
ORD_472;PROD_50;7;5
ORD_472;PROD_27;7;1
ORD_472;PROD_17;5;4
ORD_472;PROD_45;7;3
ORD_472;PROD_5;3;2
ORD_472;PROD_20;5;3
ORD_472;PROD_40;4;1
ORD_472;PROD_37;5;4
ORD_472;PROD_24;7;4
ORD_472;PROD_23;7;1
ORD_473;PROD_2;9;5
ORD_473;PROD_50;1;1
ORD_473;PROD_27;2;2
ORD_473;PROD_17;3;5
ORD_473;PROD_45;8;2
ORD_473;PROD_5;7;4
ORD_473;PROD_20;4;5
ORD_473;PROD_26;3;3
ORD_473;PROD_8;5;2
ORD_474;PROD_34;5;1
ORD_474;PROD_21;4;1
ORD_474;PROD_18;2;4
ORD_474;PROD_12;4;3
ORD_474;PROD_2;2;3
ORD_474;PROD_39;2;2
ORD_474;PROD_11;5;1
ORD_474;PROD_12;3;3
ORD_474;PROD_2;7;3
ORD_474;PROD_39;3;3
ORD_475;PROD_17;3;3
ORD_475;PROD_45;1;5
ORD_475;PROD_5;2;3
ORD_475;PROD_20;6;2
ORD_475;PROD_17;8;4
ORD_475;PROD_45;8;4
ORD_475;PROD_5;7;2
ORD_475;PROD_20;2;1
ORD_475;PROD_19;2;2
ORD_475;PROD_33;9;2
ORD_475;PROD_15;3;2
ORD_475;PROD_40;2;2
ORD_475;PROD_49;9;5
ORD_475;PROD_27;3;2
ORD_476;PROD_7;3;4
ORD_476;PROD_45;4;5
ORD_476;PROD_29;6;4
ORD_476;PROD_20;7;1
ORD_476;PROD_13;7;4
ORD_476;PROD_48;2;2
ORD_476;PROD_20;7;4
ORD_476;PROD_13;7;1
ORD_476;PROD_16;3;4
ORD_476;PROD_6;3;1
ORD_476;PROD_15;1;5
ORD_476;PROD_35;5;4
ORD_476;PROD_15;6;3
ORD_476;PROD_19;6;3
ORD_477;PROD_41;3;4
ORD_477;PROD_8;1;4
ORD_477;PROD_42;8;3
ORD_477;PROD_5;1;5
ORD_477;PROD_42;4;3
ORD_477;PROD_49;9;4
ORD_477;PROD_10;1;4
ORD_477;PROD_22;6;4
ORD_477;PROD_10;4;3
ORD_477;PROD_21;6;5
ORD_477;PROD_5;4;5
ORD_477;PROD_49;1;1
ORD_477;PROD_12;1;3
ORD_477;PROD_5;9;4
ORD_477;PROD_45;1;3
ORD_478;PROD_2;9;1
ORD_478;PROD_50;9;2
ORD_478;PROD_27;1;5
ORD_478;PROD_7;3;2
ORD_478;PROD_45;8;1
ORD_478;PROD_29;5;3
ORD_478;PROD_39;7;5
ORD_478;PROD_37;2;1
ORD_478;PROD_43;2;1
ORD_479;PROD_5;8;2
ORD_479;PROD_48;1;4
ORD_479;PROD_21;3;4
ORD_479;PROD_50;2;2
ORD_479;PROD_17;3;2
ORD_479;PROD_40;2;5
ORD_479;PROD_37;7;5
ORD_479;PROD_24;8;1
ORD_479;PROD_23;7;3
ORD_480;PROD_31;5;1
ORD_480;PROD_3;2;4
ORD_480;PROD_22;4;1
ORD_480;PROD_46;8;3
ORD_480;PROD_31;3;1
ORD_480;PROD_3;4;4
ORD_480;PROD_22;7;3
ORD_481;PROD_22;1;2
ORD_481;PROD_41;6;5
ORD_481;PROD_3;3;5
ORD_481;PROD_50;2;1
ORD_481;PROD_6;7;1
ORD_481;PROD_20;5;4
ORD_481;PROD_12;7;1
ORD_481;PROD_47;7;2
ORD_481;PROD_15;1;5
ORD_481;PROD_50;8;5
ORD_481;PROD_14;3;3
ORD_482;PROD_14;4;3
ORD_482;PROD_4;6;2
ORD_482;PROD_4;7;3
ORD_482;PROD_3;2;2
ORD_482;PROD_18;9;1
ORD_482;PROD_25;1;1
ORD_483;PROD_27;1;2
ORD_483;PROD_24;5;2
ORD_483;PROD_39;7;4
ORD_483;PROD_21;9;1
ORD_483;PROD_48;1;5
ORD_483;PROD_48;5;5
ORD_483;PROD_8;3;3
ORD_483;PROD_9;5;1
ORD_484;PROD_46;7;5
ORD_484;PROD_13;4;2
ORD_484;PROD_16;7;2
ORD_484;PROD_49;6;5
ORD_484;PROD_27;7;5
ORD_484;PROD_46;6;2
ORD_484;PROD_13;5;3
ORD_484;PROD_16;3;3
ORD_484;PROD_49;4;5
ORD_484;PROD_27;4;1
ORD_484;PROD_34;6;2
ORD_484;PROD_5;5;4
ORD_485;PROD_44;4;5
ORD_485;PROD_17;7;1
ORD_485;PROD_4;6;5
ORD_485;PROD_3;3;3
ORD_485;PROD_25;6;2
ORD_485;PROD_7;2;3
ORD_486;PROD_46;7;4
ORD_486;PROD_13;3;1
ORD_486;PROD_16;7;2
ORD_486;PROD_49;8;3
ORD_486;PROD_27;1;5
ORD_486;PROD_3;8;1
ORD_486;PROD_27;7;5
ORD_486;PROD_45;5;5
ORD_486;PROD_34;8;1
ORD_486;PROD_4;9;2
ORD_486;PROD_5;7;3
ORD_486;PROD_1;1;5
ORD_486;PROD_10;6;1
ORD_486;PROD_45;3;1
ORD_487;PROD_14;9;2
ORD_487;PROD_35;9;2
ORD_487;PROD_16;1;1
ORD_487;PROD_10;4;4
ORD_487;PROD_5;6;4
ORD_487;PROD_3;6;1
ORD_487;PROD_33;1;4
ORD_487;PROD_10;6;2
ORD_487;PROD_40;8;4
ORD_487;PROD_18;3;5
ORD_488;PROD_9;2;2
ORD_488;PROD_23;6;1
ORD_488;PROD_31;4;5
ORD_488;PROD_3;3;2
ORD_488;PROD_22;7;4
ORD_488;PROD_46;1;5
ORD_488;PROD_46;5;5
ORD_488;PROD_9;4;4
ORD_488;PROD_28;5;5
ORD_488;PROD_5;8;4
ORD_488;PROD_7;7;4
ORD_488;PROD_43;7;1
ORD_488;PROD_31;3;3
ORD_488;PROD_39;2;3
ORD_488;PROD_47;7;2
ORD_489;PROD_48;6;2
ORD_489;PROD_39;1;5
ORD_489;PROD_40;5;3
ORD_489;PROD_35;7;3
ORD_489;PROD_18;3;1
ORD_489;PROD_29;8;3
ORD_489;PROD_11;8;3
ORD_490;PROD_2;7;3
ORD_490;PROD_50;1;4
ORD_490;PROD_27;6;1
ORD_490;PROD_5;2;4
ORD_490;PROD_48;6;1
ORD_490;PROD_21;4;5
ORD_490;PROD_50;9;5
ORD_490;PROD_17;6;1
ORD_490;PROD_7;2;4
ORD_490;PROD_42;6;2
ORD_491;PROD_16;2;3
ORD_491;PROD_13;9;5
ORD_491;PROD_1;7;3
ORD_491;PROD_14;9;5
ORD_491;PROD_23;4;5
ORD_491;PROD_2;3;2
ORD_491;PROD_13;5;2
ORD_491;PROD_7;9;1
ORD_491;PROD_24;8;5
ORD_491;PROD_34;5;5
ORD_492;PROD_9;7;1
ORD_492;PROD_23;9;4
ORD_492;PROD_23;5;2
ORD_492;PROD_14;3;2
ORD_492;PROD_20;5;2
ORD_492;PROD_5;3;3
ORD_492;PROD_8;3;2
ORD_492;PROD_47;2;1
ORD_492;PROD_42;7;2
ORD_492;PROD_41;4;4
ORD_492;PROD_9;9;1
ORD_492;PROD_24;3;5
ORD_493;PROD_2;9;5
ORD_493;PROD_50;3;2
ORD_493;PROD_27;2;2
ORD_493;PROD_46;7;1
ORD_493;PROD_13;9;4
ORD_493;PROD_16;2;1
ORD_493;PROD_49;1;2
ORD_494;PROD_12;1;1
ORD_494;PROD_29;4;5
ORD_494;PROD_41;7;4
ORD_494;PROD_40;3;3
ORD_494;PROD_35;5;1
ORD_494;PROD_33;4;3
ORD_494;PROD_46;5;2
ORD_494;PROD_12;5;3
ORD_494;PROD_46;5;4
ORD_494;PROD_28;6;2
ORD_494;PROD_20;7;3
ORD_495;PROD_40;1;1
ORD_495;PROD_37;7;5
ORD_495;PROD_24;5;3
ORD_495;PROD_23;5;4
ORD_495;PROD_29;3;3
ORD_495;PROD_12;6;3
ORD_495;PROD_2;2;2
ORD_495;PROD_39;4;5
ORD_496;PROD_46;3;3
ORD_496;PROD_13;3;3
ORD_496;PROD_16;1;3
ORD_496;PROD_49;9;2
ORD_496;PROD_27;9;5
ORD_496;PROD_46;9;4
ORD_496;PROD_9;3;5
ORD_496;PROD_28;2;3
ORD_496;PROD_5;5;5
ORD_496;PROD_31;2;2
ORD_496;PROD_48;6;1
ORD_496;PROD_42;7;5
ORD_496;PROD_50;2;4
ORD_497;PROD_40;6;4
ORD_497;PROD_37;7;3
ORD_497;PROD_24;7;2
ORD_497;PROD_23;4;5
ORD_497;PROD_29;3;5
ORD_498;PROD_5;3;1
ORD_498;PROD_48;4;3
ORD_498;PROD_21;7;5
ORD_498;PROD_50;5;3
ORD_498;PROD_17;5;3
ORD_498;PROD_13;5;3
ORD_498;PROD_7;3;4
ORD_498;PROD_2;6;3
ORD_498;PROD_50;4;5
ORD_498;PROD_45;7;1
ORD_499;PROD_8;8;2
ORD_499;PROD_33;4;3
ORD_499;PROD_33;9;3
ORD_499;PROD_24;5;5
ORD_499;PROD_2;7;1
ORD_499;PROD_47;7;5
ORD_499;PROD_1;8;5
ORD_499;PROD_31;3;3
ORD_499;PROD_38;7;5
ORD_499;PROD_32;3;4
ORD_500;PROD_46;5;2
ORD_500;PROD_13;4;1
ORD_500;PROD_16;2;4
ORD_500;PROD_49;9;5
ORD_500;PROD_27;6;1
ORD_500;PROD_30;9;5
ORD_500;PROD_15;4;2
ORD_500;PROD_3;8;1
ORD_500;PROD_47;8;3
ORD_500;PROD_36;6;1
ORD_500;PROD_40;9;3
ORD_500;PROD_12;1;5
ORD_500;PROD_41;9;1
ORD_500;PROD_16;4;1
ORD_500;PROD_43;1;3
ORD_501;PROD_9;7;1
ORD_501;PROD_23;3;4
ORD_501;PROD_15;1;2
ORD_501;PROD_32;5;4
ORD_501;PROD_45;1;2
ORD_501;PROD_17;1;1
ORD_502;PROD_5;9;1
ORD_502;PROD_48;1;4
ORD_502;PROD_21;9;2
ORD_502;PROD_50;4;4
ORD_502;PROD_17;8;1
ORD_502;PROD_31;7;5
ORD_502;PROD_3;7;3
ORD_502;PROD_22;8;3
ORD_502;PROD_46;1;2
ORD_502;PROD_47;5;2
ORD_502;PROD_25;3;1
ORD_502;PROD_21;3;1
ORD_502;PROD_27;3;4
ORD_502;PROD_41;8;2
ORD_502;PROD_18;8;5
ORD_503;PROD_31;3;4
ORD_503;PROD_3;7;3
ORD_503;PROD_22;7;2
ORD_503;PROD_46;5;4
ORD_503;PROD_46;3;1
ORD_503;PROD_13;1;3
ORD_504;PROD_46;3;5
ORD_504;PROD_9;2;1
ORD_504;PROD_28;2;1
ORD_504;PROD_5;1;3
ORD_504;PROD_44;6;1
ORD_504;PROD_49;8;5
ORD_504;PROD_33;2;2
ORD_504;PROD_6;3;1
ORD_504;PROD_50;4;3
ORD_504;PROD_8;2;2
ORD_504;PROD_35;5;2
ORD_504;PROD_24;8;3
ORD_504;PROD_46;1;3
ORD_505;PROD_46;3;4
ORD_505;PROD_13;2;2
ORD_505;PROD_16;2;4
ORD_505;PROD_49;4;3
ORD_505;PROD_27;3;1
ORD_506;PROD_9;1;5
ORD_506;PROD_23;7;5
ORD_506;PROD_46;6;4
ORD_506;PROD_9;7;5
ORD_506;PROD_28;9;2
ORD_506;PROD_5;6;4
ORD_506;PROD_2;9;5
ORD_506;PROD_50;9;4
ORD_506;PROD_27;1;4
ORD_506;PROD_27;9;4
ORD_506;PROD_7;2;3
ORD_506;PROD_31;4;4
ORD_506;PROD_37;6;3
ORD_506;PROD_23;3;1
ORD_507;PROD_12;6;2
ORD_507;PROD_2;1;4
ORD_507;PROD_39;3;4
ORD_507;PROD_11;2;3
ORD_507;PROD_9;4;4
ORD_507;PROD_20;6;2
ORD_507;PROD_31;6;1
ORD_507;PROD_23;9;3
ORD_507;PROD_45;4;3
ORD_507;PROD_7;9;1
ORD_507;PROD_40;9;1
ORD_507;PROD_5;1;4
ORD_507;PROD_39;1;5
ORD_507;PROD_39;3;2
ORD_508;PROD_46;2;2
ORD_508;PROD_13;9;2
ORD_508;PROD_16;5;3
ORD_508;PROD_49;2;4
ORD_508;PROD_27;8;4
ORD_508;PROD_28;4;2
ORD_508;PROD_41;7;2
ORD_508;PROD_33;2;4
ORD_508;PROD_28;9;1
ORD_508;PROD_29;3;4
ORD_508;PROD_38;9;3
ORD_508;PROD_27;9;1
ORD_508;PROD_14;4;5
ORD_508;PROD_40;8;1
ORD_509;PROD_13;4;1
ORD_509;PROD_44;5;1
ORD_509;PROD_44;2;5
ORD_509;PROD_16;9;5
ORD_509;PROD_14;5;1
ORD_510;PROD_46;9;1
ORD_510;PROD_9;6;3
ORD_510;PROD_28;2;4
ORD_510;PROD_5;5;1
ORD_510;PROD_17;4;2
ORD_510;PROD_45;2;2
ORD_510;PROD_5;1;4
ORD_510;PROD_20;4;3
ORD_510;PROD_40;9;1
ORD_510;PROD_1;2;3
ORD_510;PROD_25;8;3
ORD_510;PROD_24;4;5
ORD_510;PROD_20;8;2
ORD_510;PROD_49;9;2
ORD_511;PROD_31;5;4
ORD_511;PROD_3;5;5
ORD_511;PROD_22;8;4
ORD_511;PROD_46;2;3
ORD_511;PROD_40;5;4
ORD_511;PROD_37;9;4
ORD_511;PROD_24;5;3
ORD_511;PROD_23;4;3
ORD_512;PROD_31;7;3
ORD_512;PROD_3;3;5
ORD_512;PROD_22;6;1
ORD_512;PROD_46;3;1
ORD_512;PROD_5;9;1
ORD_512;PROD_48;2;2
ORD_512;PROD_21;1;4
ORD_512;PROD_50;7;3
ORD_512;PROD_17;6;1
ORD_513;PROD_12;1;1
ORD_513;PROD_2;4;4
ORD_513;PROD_39;7;5
ORD_513;PROD_11;8;1
ORD_513;PROD_12;1;4
ORD_513;PROD_2;5;4
ORD_513;PROD_39;8;4
ORD_513;PROD_11;4;1
ORD_513;PROD_9;1;2
ORD_513;PROD_23;1;2
ORD_513;PROD_9;1;3
ORD_513;PROD_6;1;5
ORD_513;PROD_29;8;3
ORD_513;PROD_42;1;2
ORD_513;PROD_39;5;5
ORD_514;PROD_9;9;2
ORD_514;PROD_23;9;2
ORD_514;PROD_5;8;2
ORD_514;PROD_48;6;4
ORD_514;PROD_21;8;2
ORD_514;PROD_50;8;2
ORD_514;PROD_17;4;3
ORD_514;PROD_46;9;1
ORD_514;PROD_13;7;1
ORD_514;PROD_16;7;4
ORD_514;PROD_49;4;4
ORD_515;PROD_17;4;4
ORD_515;PROD_45;7;1
ORD_515;PROD_5;1;4
ORD_515;PROD_20;4;2
ORD_515;PROD_2;3;5
ORD_515;PROD_50;6;1
ORD_515;PROD_27;9;2
ORD_515;PROD_38;1;2
ORD_515;PROD_49;8;3
ORD_515;PROD_12;2;3
ORD_515;PROD_39;4;1
ORD_515;PROD_19;3;4
ORD_515;PROD_32;3;3
ORD_515;PROD_2;8;4
ORD_516;PROD_31;8;3
ORD_516;PROD_3;4;4
ORD_516;PROD_22;6;5
ORD_516;PROD_46;3;1
ORD_516;PROD_12;4;4
ORD_516;PROD_2;1;3
ORD_516;PROD_39;6;4
ORD_517;PROD_34;8;4
ORD_517;PROD_21;2;4
ORD_517;PROD_18;4;1
ORD_517;PROD_7;5;3
ORD_517;PROD_45;2;4
ORD_517;PROD_29;7;5
ORD_517;PROD_35;1;1
ORD_517;PROD_18;8;1
ORD_517;PROD_6;9;1
ORD_518;PROD_44;4;2
ORD_518;PROD_17;8;2
ORD_518;PROD_4;8;3
ORD_518;PROD_3;1;4
ORD_518;PROD_25;5;5
ORD_518;PROD_3;5;3
ORD_518;PROD_33;9;4
ORD_519;PROD_17;5;4
ORD_519;PROD_45;8;3
ORD_519;PROD_5;5;3
ORD_519;PROD_20;6;5
ORD_519;PROD_17;4;2
ORD_519;PROD_45;4;3
ORD_519;PROD_5;2;2
ORD_519;PROD_20;9;5
ORD_519;PROD_9;2;3
ORD_519;PROD_23;3;5
ORD_519;PROD_17;8;5
ORD_519;PROD_35;8;1
ORD_520;PROD_2;5;5
ORD_520;PROD_50;7;3
ORD_520;PROD_27;7;1
ORD_520;PROD_3;7;1
ORD_520;PROD_24;5;4
ORD_520;PROD_7;4;3
ORD_520;PROD_35;2;5
ORD_520;PROD_17;7;5
ORD_520;PROD_12;9;5
ORD_520;PROD_1;2;2
ORD_520;PROD_37;4;2
ORD_521;PROD_24;1;3
ORD_521;PROD_6;4;4
ORD_521;PROD_29;9;4
ORD_521;PROD_39;5;1
ORD_521;PROD_40;3;4
ORD_521;PROD_44;5;2
ORD_521;PROD_5;4;1
ORD_522;PROD_34;3;4
ORD_522;PROD_21;6;1
ORD_522;PROD_18;3;5
ORD_522;PROD_9;7;5
ORD_522;PROD_23;2;4
ORD_522;PROD_12;6;3
ORD_522;PROD_2;8;4
ORD_522;PROD_39;3;1
ORD_523;PROD_46;4;4
ORD_523;PROD_9;2;3
ORD_523;PROD_28;7;4
ORD_523;PROD_5;1;3
ORD_523;PROD_46;6;5
ORD_523;PROD_9;8;3
ORD_523;PROD_28;3;3
ORD_523;PROD_5;2;3
ORD_523;PROD_46;4;2
ORD_523;PROD_13;2;4
ORD_524;PROD_13;5;5
ORD_524;PROD_34;9;4
ORD_524;PROD_19;5;4
ORD_524;PROD_10;5;4
ORD_524;PROD_50;3;5
ORD_524;PROD_16;9;1
ORD_524;PROD_50;8;1
ORD_524;PROD_21;5;5
ORD_524;PROD_41;2;5
ORD_524;PROD_41;2;1
ORD_524;PROD_49;1;5
ORD_524;PROD_33;8;4
ORD_524;PROD_2;5;1
ORD_524;PROD_24;8;2
ORD_524;PROD_26;8;2
ORD_525;PROD_9;1;3
ORD_525;PROD_23;1;1
ORD_525;PROD_35;9;4
ORD_525;PROD_2;7;3
ORD_525;PROD_5;2;2
ORD_525;PROD_37;8;4
ORD_526;PROD_46;8;5
ORD_526;PROD_9;1;2
ORD_526;PROD_28;1;5
ORD_526;PROD_5;8;3
ORD_526;PROD_45;5;5
ORD_526;PROD_30;4;4
ORD_526;PROD_48;5;2
ORD_526;PROD_11;4;2
ORD_526;PROD_3;9;3
ORD_526;PROD_46;3;2
ORD_527;PROD_12;5;5
ORD_527;PROD_2;8;4
ORD_527;PROD_39;9;1
ORD_527;PROD_11;8;1
ORD_527;PROD_34;2;3
ORD_527;PROD_21;2;1
ORD_527;PROD_18;8;1
ORD_527;PROD_5;9;3
ORD_527;PROD_48;9;1
ORD_527;PROD_21;1;1
ORD_527;PROD_50;1;1
ORD_527;PROD_17;8;5
ORD_527;PROD_5;7;4
ORD_528;PROD_13;5;4
ORD_528;PROD_18;2;5
ORD_528;PROD_14;2;3
ORD_528;PROD_11;2;5
ORD_528;PROD_38;9;3
ORD_528;PROD_2;6;5
ORD_528;PROD_49;8;5
ORD_528;PROD_5;1;4
ORD_529;PROD_50;5;2
ORD_529;PROD_7;9;5
ORD_529;PROD_11;5;2
ORD_529;PROD_14;2;1
ORD_529;PROD_50;7;2
ORD_529;PROD_37;8;5
ORD_529;PROD_19;3;2
ORD_529;PROD_24;8;5
ORD_529;PROD_37;5;2
ORD_529;PROD_37;9;5
ORD_529;PROD_15;8;5
ORD_529;PROD_12;6;1
ORD_530;PROD_12;5;5
ORD_530;PROD_2;9;4
ORD_530;PROD_39;3;5
ORD_530;PROD_11;8;4
ORD_530;PROD_2;3;3
ORD_530;PROD_50;8;2
ORD_530;PROD_27;5;5
ORD_530;PROD_12;5;2
ORD_531;PROD_46;5;3
ORD_531;PROD_13;9;5
ORD_531;PROD_16;7;2
ORD_531;PROD_49;8;3
ORD_531;PROD_27;1;4
ORD_531;PROD_46;5;4
ORD_531;PROD_13;3;2
ORD_531;PROD_16;6;5
ORD_531;PROD_49;3;4
ORD_531;PROD_27;9;5
ORD_531;PROD_46;5;2
ORD_531;PROD_9;3;3
ORD_531;PROD_28;9;3
ORD_532;PROD_28;2;3
ORD_532;PROD_15;4;4
ORD_532;PROD_41;1;5
ORD_532;PROD_43;1;4
ORD_532;PROD_38;2;1
ORD_533;PROD_2;3;2
ORD_533;PROD_50;9;1
ORD_533;PROD_27;7;4
ORD_533;PROD_46;1;2
ORD_533;PROD_9;3;4
ORD_533;PROD_28;1;1
ORD_533;PROD_5;2;4
ORD_533;PROD_22;7;5
ORD_533;PROD_32;9;3
ORD_533;PROD_2;8;4
ORD_533;PROD_29;1;3
ORD_534;PROD_28;5;3
ORD_534;PROD_41;9;2
ORD_534;PROD_8;9;3
ORD_534;PROD_13;3;5
ORD_534;PROD_24;3;5
ORD_534;PROD_50;3;1
ORD_534;PROD_12;3;3
ORD_534;PROD_35;4;5
ORD_534;PROD_41;4;4
ORD_535;PROD_25;6;1
ORD_535;PROD_26;4;3
ORD_535;PROD_34;4;1
ORD_535;PROD_27;3;1
ORD_535;PROD_9;6;1
ORD_535;PROD_43;3;4
ORD_535;PROD_50;9;3
ORD_535;PROD_14;5;2
ORD_535;PROD_26;6;2
ORD_535;PROD_15;3;3
ORD_535;PROD_11;2;5
ORD_536;PROD_11;2;3
ORD_536;PROD_21;3;4
ORD_536;PROD_33;7;4
ORD_536;PROD_28;6;4
ORD_536;PROD_36;7;2
ORD_536;PROD_13;7;1
ORD_536;PROD_50;2;2
ORD_536;PROD_43;7;4
ORD_536;PROD_10;3;1
ORD_537;PROD_2;8;3
ORD_537;PROD_50;2;5
ORD_537;PROD_27;8;2
ORD_537;PROD_2;7;2
ORD_537;PROD_50;1;3
ORD_537;PROD_27;6;2
ORD_537;PROD_7;4;5
ORD_537;PROD_45;8;2
ORD_537;PROD_29;6;4
ORD_538;PROD_23;5;5
ORD_538;PROD_3;7;2
ORD_538;PROD_47;6;3
ORD_538;PROD_10;5;3
ORD_538;PROD_30;2;1
ORD_538;PROD_17;8;5
ORD_538;PROD_10;7;2
ORD_539;PROD_7;8;2
ORD_539;PROD_45;8;4
ORD_539;PROD_29;4;1
ORD_539;PROD_12;1;5
ORD_539;PROD_2;9;3
ORD_539;PROD_39;5;2
ORD_539;PROD_11;7;4
ORD_539;PROD_34;7;4
ORD_540;PROD_40;7;1
ORD_540;PROD_37;2;4
ORD_540;PROD_24;1;3
ORD_540;PROD_23;3;4
ORD_540;PROD_29;8;3
ORD_541;PROD_34;5;4
ORD_541;PROD_21;4;3
ORD_541;PROD_18;2;3
ORD_541;PROD_46;4;5
ORD_541;PROD_13;3;2
ORD_542;PROD_6;8;4
ORD_542;PROD_3;6;3
ORD_542;PROD_40;7;1
ORD_542;PROD_32;4;4
ORD_542;PROD_26;9;1
ORD_542;PROD_28;3;3
ORD_542;PROD_45;9;1
ORD_542;PROD_33;5;3
ORD_542;PROD_2;4;2
ORD_542;PROD_7;6;3
ORD_542;PROD_24;8;3
ORD_543;PROD_2;7;1
ORD_543;PROD_50;1;2
ORD_543;PROD_27;8;4
ORD_543;PROD_40;7;1
ORD_543;PROD_37;9;2
ORD_543;PROD_24;5;3
ORD_543;PROD_23;4;1
ORD_543;PROD_29;3;2
ORD_543;PROD_36;4;4
ORD_543;PROD_6;1;4
ORD_543;PROD_43;3;3
ORD_543;PROD_10;3;5
ORD_543;PROD_5;5;5
ORD_543;PROD_5;3;4
ORD_544;PROD_50;3;4
ORD_544;PROD_37;1;4
ORD_544;PROD_37;4;3
ORD_544;PROD_36;6;1
ORD_544;PROD_24;8;2
ORD_544;PROD_46;6;4
ORD_544;PROD_18;4;4
ORD_544;PROD_11;9;5
ORD_544;PROD_23;1;1
ORD_544;PROD_22;9;4
ORD_544;PROD_12;3;5
ORD_545;PROD_46;2;1
ORD_545;PROD_13;1;4
ORD_545;PROD_16;9;3
ORD_545;PROD_49;7;5
ORD_545;PROD_27;9;2
ORD_545;PROD_17;7;5
ORD_545;PROD_31;7;5
ORD_545;PROD_7;8;5
ORD_545;PROD_12;7;1
ORD_545;PROD_36;8;1
ORD_545;PROD_20;3;3
ORD_545;PROD_15;1;3
ORD_545;PROD_30;4;3
ORD_545;PROD_5;5;5
ORD_545;PROD_50;2;1
ORD_546;PROD_40;8;4
ORD_546;PROD_37;4;1
ORD_546;PROD_24;2;5
ORD_546;PROD_23;9;5
ORD_546;PROD_29;5;3
ORD_546;PROD_13;3;4
ORD_546;PROD_35;2;5
ORD_546;PROD_20;2;2
ORD_546;PROD_18;2;2
ORD_546;PROD_5;9;3
ORD_546;PROD_46;9;5
ORD_546;PROD_10;9;3
ORD_546;PROD_42;9;5
ORD_546;PROD_12;4;2
ORD_546;PROD_28;5;1
ORD_547;PROD_5;2;5
ORD_547;PROD_48;7;3
ORD_547;PROD_21;3;5
ORD_547;PROD_50;5;4
ORD_547;PROD_17;8;2
ORD_547;PROD_47;1;4
ORD_547;PROD_34;4;3
ORD_547;PROD_20;9;4
ORD_548;PROD_2;4;2
ORD_548;PROD_35;3;2
ORD_548;PROD_20;4;3
ORD_548;PROD_38;2;5
ORD_548;PROD_5;1;2
ORD_548;PROD_14;1;1
ORD_548;PROD_38;4;2
ORD_548;PROD_19;7;3
ORD_548;PROD_14;8;3
ORD_549;PROD_44;7;1
ORD_549;PROD_17;4;3
ORD_549;PROD_4;3;1
ORD_549;PROD_3;9;3
ORD_549;PROD_25;7;1
ORD_549;PROD_2;4;3
ORD_549;PROD_50;9;1
ORD_549;PROD_27;3;5
ORD_549;PROD_12;5;1
ORD_549;PROD_2;4;5
ORD_549;PROD_39;7;5
ORD_549;PROD_11;5;1
ORD_549;PROD_32;9;3
ORD_549;PROD_30;1;3
ORD_550;PROD_12;6;4
ORD_550;PROD_2;3;1
ORD_550;PROD_39;3;3
ORD_550;PROD_11;1;3
ORD_550;PROD_7;3;4
ORD_550;PROD_45;7;5
ORD_551;PROD_46;9;3
ORD_551;PROD_13;4;1
ORD_551;PROD_16;8;4
ORD_551;PROD_49;1;1
ORD_551;PROD_27;6;5
ORD_552;PROD_13;8;2
ORD_552;PROD_14;9;5
ORD_552;PROD_31;3;5
ORD_552;PROD_42;8;1
ORD_552;PROD_26;7;2
ORD_552;PROD_20;9;3
ORD_552;PROD_34;8;5
ORD_552;PROD_39;7;3
ORD_552;PROD_12;4;1
ORD_552;PROD_32;1;4
ORD_552;PROD_7;2;4
ORD_552;PROD_11;6;2
ORD_553;PROD_43;6;1
ORD_553;PROD_37;2;1
ORD_553;PROD_49;2;1
ORD_553;PROD_18;4;3
ORD_553;PROD_30;1;4
ORD_553;PROD_21;6;3
ORD_553;PROD_9;7;5
ORD_553;PROD_25;2;1
ORD_553;PROD_40;1;4
ORD_553;PROD_47;6;4
ORD_553;PROD_21;3;3
ORD_553;PROD_34;9;4
ORD_553;PROD_4;8;4
ORD_553;PROD_29;2;2
ORD_553;PROD_5;1;1
ORD_554;PROD_34;7;4
ORD_554;PROD_21;1;1
ORD_554;PROD_18;3;3
ORD_554;PROD_42;9;1
ORD_554;PROD_32;2;2
ORD_555;PROD_1;1;2
ORD_555;PROD_11;3;4
ORD_555;PROD_27;8;4
ORD_555;PROD_25;4;3
ORD_555;PROD_42;7;3
ORD_555;PROD_7;6;1
ORD_555;PROD_47;2;1
ORD_555;PROD_13;3;3
ORD_555;PROD_15;5;2
ORD_555;PROD_45;4;4
ORD_555;PROD_31;9;5
ORD_555;PROD_6;1;3
ORD_555;PROD_3;7;3
ORD_556;PROD_34;1;4
ORD_556;PROD_21;7;2
ORD_556;PROD_18;2;2
ORD_556;PROD_40;7;5
ORD_556;PROD_37;8;1
ORD_556;PROD_24;9;5
ORD_556;PROD_23;4;5
ORD_556;PROD_29;6;5
ORD_556;PROD_9;1;1
ORD_556;PROD_23;1;3
ORD_557;PROD_34;2;2
ORD_557;PROD_21;2;1
ORD_557;PROD_18;9;2
ORD_557;PROD_36;7;2
ORD_557;PROD_18;8;4
ORD_558;PROD_34;2;3
ORD_558;PROD_21;9;1
ORD_558;PROD_18;9;3
ORD_558;PROD_2;6;3
ORD_558;PROD_50;7;5
ORD_559;PROD_26;1;5
ORD_559;PROD_20;8;4
ORD_559;PROD_27;8;2
ORD_559;PROD_45;7;5
ORD_559;PROD_4;5;3
ORD_559;PROD_23;9;3
ORD_559;PROD_6;7;3
ORD_559;PROD_35;7;3
ORD_560;PROD_21;5;3
ORD_560;PROD_49;8;4
ORD_560;PROD_23;4;5
ORD_560;PROD_40;1;3
ORD_560;PROD_18;6;1
ORD_560;PROD_45;7;5
ORD_560;PROD_36;5;3
ORD_560;PROD_9;4;4
ORD_561;PROD_7;9;4
ORD_561;PROD_45;1;5
ORD_561;PROD_29;9;1
ORD_561;PROD_44;3;4
ORD_561;PROD_33;1;2
ORD_561;PROD_17;2;2
ORD_561;PROD_25;8;5
ORD_561;PROD_40;2;4
ORD_561;PROD_13;2;2
ORD_562;PROD_7;6;4
ORD_562;PROD_45;9;3
ORD_562;PROD_29;3;1
ORD_562;PROD_17;3;4
ORD_562;PROD_45;4;4
ORD_562;PROD_5;4;2
ORD_563;PROD_46;5;3
ORD_563;PROD_9;5;1
ORD_563;PROD_28;7;1
ORD_563;PROD_5;3;2
ORD_563;PROD_30;6;1
ORD_563;PROD_10;4;1
ORD_563;PROD_45;3;4
ORD_564;PROD_29;3;3
ORD_564;PROD_25;6;2
ORD_564;PROD_30;6;1
ORD_564;PROD_47;6;3
ORD_564;PROD_9;9;4
ORD_564;PROD_7;4;5
ORD_564;PROD_32;8;3
ORD_564;PROD_47;8;1
ORD_564;PROD_31;9;3
ORD_564;PROD_28;5;4
ORD_564;PROD_49;7;1
ORD_565;PROD_8;1;4
ORD_565;PROD_50;1;1
ORD_565;PROD_42;3;3
ORD_565;PROD_36;1;2
ORD_565;PROD_15;3;5
ORD_565;PROD_35;3;3
ORD_565;PROD_26;1;4
ORD_565;PROD_50;1;1
ORD_565;PROD_8;7;3
ORD_565;PROD_45;1;1
ORD_565;PROD_25;2;3
ORD_566;PROD_17;1;3
ORD_566;PROD_45;5;4
ORD_566;PROD_5;2;4
ORD_566;PROD_20;2;5
ORD_566;PROD_8;5;4
ORD_566;PROD_15;3;4
ORD_566;PROD_44;7;5
ORD_566;PROD_7;8;1
ORD_567;PROD_38;8;3
ORD_567;PROD_48;3;2
ORD_567;PROD_16;4;5
ORD_567;PROD_25;7;5
ORD_567;PROD_24;2;5
ORD_567;PROD_4;6;4
ORD_567;PROD_31;6;4
ORD_567;PROD_36;1;2
ORD_567;PROD_3;7;4
ORD_567;PROD_22;9;4
ORD_568;PROD_17;8;2
ORD_568;PROD_3;7;4
ORD_568;PROD_43;3;5
ORD_568;PROD_16;7;2
ORD_568;PROD_47;5;1
ORD_568;PROD_3;8;1
ORD_569;PROD_17;7;4
ORD_569;PROD_45;9;4
ORD_569;PROD_5;9;1
ORD_569;PROD_20;9;4
ORD_569;PROD_46;3;3
ORD_569;PROD_13;3;3
ORD_569;PROD_16;4;2
ORD_569;PROD_49;3;4
ORD_569;PROD_27;6;4
ORD_569;PROD_5;5;3
ORD_569;PROD_48;9;2
ORD_569;PROD_21;5;1
ORD_569;PROD_50;1;5
ORD_569;PROD_17;4;3
ORD_570;PROD_24;3;2
ORD_570;PROD_38;1;2
ORD_570;PROD_19;1;3
ORD_570;PROD_48;4;2
ORD_570;PROD_19;9;2
ORD_570;PROD_44;5;4
ORD_570;PROD_31;9;3
ORD_571;PROD_44;4;2
ORD_571;PROD_17;5;5
ORD_571;PROD_4;8;4
ORD_571;PROD_3;7;1
ORD_571;PROD_25;9;5
ORD_571;PROD_47;3;3
ORD_571;PROD_35;9;2
ORD_571;PROD_4;4;3
ORD_571;PROD_17;4;5
ORD_571;PROD_18;8;2
ORD_571;PROD_38;9;2
ORD_571;PROD_41;1;1
ORD_571;PROD_11;4;3
ORD_571;PROD_43;7;3
ORD_571;PROD_43;2;5
ORD_572;PROD_11;3;1
ORD_572;PROD_28;9;1
ORD_572;PROD_10;2;1
ORD_572;PROD_26;7;4
ORD_572;PROD_25;7;2
ORD_572;PROD_39;1;3
ORD_572;PROD_41;3;5
ORD_572;PROD_20;1;1
ORD_572;PROD_10;7;3
ORD_572;PROD_14;5;3
ORD_573;PROD_5;6;2
ORD_573;PROD_48;2;3
ORD_573;PROD_21;2;1
ORD_573;PROD_50;5;2
ORD_573;PROD_17;3;3
ORD_573;PROD_2;9;5
ORD_573;PROD_50;9;1
ORD_573;PROD_27;1;2
ORD_573;PROD_7;7;4
ORD_573;PROD_45;7;4
ORD_573;PROD_29;6;3
ORD_573;PROD_45;6;3
ORD_573;PROD_18;3;4
ORD_573;PROD_15;2;5
ORD_574;PROD_12;5;4
ORD_574;PROD_2;4;5
ORD_574;PROD_39;4;3
ORD_574;PROD_11;4;5
ORD_574;PROD_2;3;3
ORD_574;PROD_50;3;5
ORD_574;PROD_27;6;1
ORD_574;PROD_17;2;5
ORD_574;PROD_45;3;4
ORD_574;PROD_5;3;5
ORD_574;PROD_20;7;3
ORD_574;PROD_28;1;5
ORD_574;PROD_15;6;3
ORD_574;PROD_29;6;4
ORD_575;PROD_5;7;4
ORD_575;PROD_48;9;1
ORD_575;PROD_21;3;4
ORD_575;PROD_50;6;2
ORD_575;PROD_17;2;5
ORD_575;PROD_31;3;1
ORD_575;PROD_3;9;2
ORD_576;PROD_40;4;4
ORD_576;PROD_37;7;3
ORD_576;PROD_24;2;5
ORD_576;PROD_23;3;4
ORD_576;PROD_29;1;1
ORD_576;PROD_44;8;5
ORD_576;PROD_17;7;1
ORD_576;PROD_4;9;2
ORD_576;PROD_3;5;1
ORD_576;PROD_25;4;5
ORD_576;PROD_40;2;3
ORD_576;PROD_37;1;5
ORD_576;PROD_24;5;1
ORD_576;PROD_23;2;1
ORD_577;PROD_44;8;5
ORD_577;PROD_17;6;2
ORD_577;PROD_4;7;5
ORD_577;PROD_3;7;4
ORD_577;PROD_25;3;5
ORD_577;PROD_27;1;2
ORD_578;PROD_2;6;4
ORD_578;PROD_50;7;5
ORD_578;PROD_27;4;1
ORD_578;PROD_9;5;2
ORD_578;PROD_23;4;4
ORD_578;PROD_3;4;3
ORD_578;PROD_27;1;4
ORD_578;PROD_3;7;1
ORD_578;PROD_49;3;4
ORD_578;PROD_47;3;4
ORD_579;PROD_2;6;3
ORD_579;PROD_50;8;5
ORD_579;PROD_27;1;3
ORD_579;PROD_7;7;5
ORD_579;PROD_45;7;2
ORD_579;PROD_29;8;5
ORD_579;PROD_44;9;1
ORD_579;PROD_17;5;1
ORD_580;PROD_35;4;5
ORD_580;PROD_40;1;5
ORD_580;PROD_11;7;1
ORD_580;PROD_19;3;5
ORD_580;PROD_34;6;3
ORD_580;PROD_42;3;5
ORD_580;PROD_16;2;1
ORD_580;PROD_49;8;2
ORD_580;PROD_18;5;1
ORD_580;PROD_15;1;4
ORD_580;PROD_16;7;3
ORD_580;PROD_41;1;1
ORD_580;PROD_10;2;1
ORD_580;PROD_35;1;3
ORD_581;PROD_2;4;1
ORD_581;PROD_50;4;3
ORD_581;PROD_27;3;3
ORD_581;PROD_40;4;3
ORD_581;PROD_37;7;3
ORD_581;PROD_24;3;5
ORD_581;PROD_23;9;5
ORD_581;PROD_29;4;1
ORD_582;PROD_5;3;5
ORD_582;PROD_48;7;5
ORD_582;PROD_21;9;2
ORD_582;PROD_50;4;2
ORD_582;PROD_17;9;5
ORD_582;PROD_12;3;1
ORD_582;PROD_2;7;5
ORD_582;PROD_39;3;2
ORD_582;PROD_11;6;3
ORD_582;PROD_5;5;4
ORD_582;PROD_48;5;3
ORD_582;PROD_21;5;2
ORD_582;PROD_50;8;4
ORD_583;PROD_31;4;5
ORD_583;PROD_3;8;3
ORD_583;PROD_22;9;1
ORD_583;PROD_46;1;4
ORD_583;PROD_46;4;1
ORD_583;PROD_9;7;2
ORD_583;PROD_28;3;2
ORD_583;PROD_5;4;2
ORD_583;PROD_46;2;4
ORD_583;PROD_13;9;5
ORD_583;PROD_16;7;1
ORD_583;PROD_49;3;3
ORD_583;PROD_27;5;2
ORD_583;PROD_17;8;4
ORD_583;PROD_48;3;5
ORD_584;PROD_44;4;2
ORD_584;PROD_17;4;2
ORD_584;PROD_4;7;2
ORD_584;PROD_3;1;5
ORD_584;PROD_25;1;2
ORD_584;PROD_2;7;1
ORD_584;PROD_50;9;4
ORD_584;PROD_27;4;1
ORD_584;PROD_31;2;3
ORD_584;PROD_3;5;5
ORD_584;PROD_22;8;4
ORD_584;PROD_46;2;5
ORD_584;PROD_3;3;5
ORD_584;PROD_17;4;4
ORD_584;PROD_10;1;1
ORD_585;PROD_24;6;1
ORD_585;PROD_17;7;2
ORD_585;PROD_17;7;1
ORD_585;PROD_27;6;2
ORD_585;PROD_32;3;3
ORD_585;PROD_34;8;3
ORD_585;PROD_40;9;5
ORD_585;PROD_17;9;4
ORD_585;PROD_16;1;4
ORD_585;PROD_29;8;1
ORD_585;PROD_28;5;5
ORD_585;PROD_33;4;1
ORD_586;PROD_9;5;4
ORD_586;PROD_23;3;5
ORD_586;PROD_40;7;5
ORD_586;PROD_37;1;1
ORD_586;PROD_24;5;5
ORD_586;PROD_23;3;5
ORD_586;PROD_29;3;3
ORD_586;PROD_4;8;3
ORD_586;PROD_34;9;5
ORD_586;PROD_29;9;5
ORD_586;PROD_5;2;4
ORD_586;PROD_48;9;3
ORD_587;PROD_5;2;3
ORD_587;PROD_48;4;4
ORD_587;PROD_21;3;4
ORD_587;PROD_50;3;2
ORD_587;PROD_17;7;3
ORD_587;PROD_24;9;5
ORD_587;PROD_47;1;4
ORD_587;PROD_3;2;1
ORD_587;PROD_28;1;5
ORD_587;PROD_38;9;3
ORD_587;PROD_24;4;2
ORD_587;PROD_6;3;4
ORD_587;PROD_30;6;4
ORD_588;PROD_46;4;5
ORD_588;PROD_13;5;3
ORD_588;PROD_27;3;2
ORD_588;PROD_19;4;5
ORD_588;PROD_27;6;4
ORD_589;PROD_40;3;3
ORD_589;PROD_37;8;2
ORD_589;PROD_24;5;4
ORD_589;PROD_23;8;5
ORD_589;PROD_29;8;5
ORD_589;PROD_2;8;1
ORD_589;PROD_50;7;3
ORD_589;PROD_27;1;3
ORD_589;PROD_2;5;2
ORD_589;PROD_30;1;1
ORD_589;PROD_17;3;1
ORD_589;PROD_36;7;5
ORD_590;PROD_6;7;3
ORD_590;PROD_19;1;1
ORD_590;PROD_41;9;2
ORD_590;PROD_18;4;1
ORD_590;PROD_14;9;3
ORD_590;PROD_5;2;1
ORD_590;PROD_28;6;5
ORD_590;PROD_8;5;5
ORD_590;PROD_17;6;5
ORD_590;PROD_2;1;4
ORD_590;PROD_46;4;4
ORD_590;PROD_20;5;4
ORD_590;PROD_19;5;3
ORD_590;PROD_37;1;3
ORD_590;PROD_44;9;5
ORD_591;PROD_27;4;5
ORD_591;PROD_4;4;4
ORD_591;PROD_15;8;1
ORD_591;PROD_39;1;5
ORD_591;PROD_1;5;1
ORD_592;PROD_7;1;2
ORD_592;PROD_45;3;4
ORD_592;PROD_29;9;4
ORD_592;PROD_9;7;5
ORD_592;PROD_23;9;3
ORD_592;PROD_7;8;4
ORD_592;PROD_45;9;4
ORD_593;PROD_9;1;3
ORD_593;PROD_23;3;4
ORD_593;PROD_44;5;3
ORD_593;PROD_17;5;2
ORD_593;PROD_4;6;1
ORD_593;PROD_3;1;5
ORD_593;PROD_25;9;4
ORD_593;PROD_46;7;5
ORD_593;PROD_13;2;3
ORD_593;PROD_16;7;5
ORD_593;PROD_49;9;1
ORD_593;PROD_27;8;2
ORD_593;PROD_5;4;3
ORD_593;PROD_35;3;5
ORD_594;PROD_5;9;4
ORD_594;PROD_48;9;5
ORD_594;PROD_21;1;2
ORD_594;PROD_50;6;3
ORD_594;PROD_17;3;1
ORD_594;PROD_5;2;1
ORD_594;PROD_48;8;1
ORD_594;PROD_21;8;1
ORD_595;PROD_46;1;2
ORD_595;PROD_13;5;2
ORD_595;PROD_16;1;1
ORD_595;PROD_49;8;5
ORD_595;PROD_27;6;1
ORD_596;PROD_7;2;4
ORD_596;PROD_45;1;4
ORD_596;PROD_29;6;1
ORD_596;PROD_46;3;4
ORD_596;PROD_13;2;2
ORD_596;PROD_16;7;5
ORD_596;PROD_49;6;3
ORD_596;PROD_27;1;2
ORD_596;PROD_15;9;3
ORD_597;PROD_9;6;4
ORD_597;PROD_23;7;1
ORD_597;PROD_46;8;4
ORD_597;PROD_13;7;5
ORD_597;PROD_16;4;1
ORD_597;PROD_49;9;5
ORD_597;PROD_27;1;2
ORD_597;PROD_2;6;5
ORD_597;PROD_21;3;2
ORD_597;PROD_28;9;1
ORD_597;PROD_27;7;5
ORD_598;PROD_2;6;1
ORD_598;PROD_50;9;4
ORD_598;PROD_27;4;5
ORD_598;PROD_46;6;4
ORD_598;PROD_9;1;1
ORD_599;PROD_46;9;5
ORD_599;PROD_9;6;4
ORD_599;PROD_28;9;5
ORD_599;PROD_5;8;1
ORD_599;PROD_2;7;2
ORD_599;PROD_50;7;5
ORD_599;PROD_27;5;5
ORD_599;PROD_22;4;4
ORD_599;PROD_35;4;2
ORD_599;PROD_47;9;3
ORD_599;PROD_20;3;2
ORD_600;PROD_31;2;5
ORD_600;PROD_3;6;4
ORD_600;PROD_22;6;1
ORD_600;PROD_46;2;3
ORD_600;PROD_2;9;3
ORD_600;PROD_50;6;2
ORD_600;PROD_27;8;1
ORD_600;PROD_12;7;5
ORD_600;PROD_2;7;4
ORD_600;PROD_39;7;3
ORD_600;PROD_11;7;3
ORD_600;PROD_42;7;3
ORD_600;PROD_28;1;5
ORD_601;PROD_34;8;2
ORD_601;PROD_21;1;1
ORD_601;PROD_18;7;5
ORD_601;PROD_9;6;5
ORD_601;PROD_23;2;1
ORD_602;PROD_48;5;3
ORD_602;PROD_38;9;2
ORD_602;PROD_22;7;2
ORD_602;PROD_15;7;5
ORD_602;PROD_4;6;5
ORD_602;PROD_7;8;1
ORD_603;PROD_22;4;2
ORD_603;PROD_14;5;5
ORD_603;PROD_27;9;2
ORD_603;PROD_10;1;5
ORD_603;PROD_6;9;2
ORD_603;PROD_20;1;1
ORD_604;PROD_20;6;5
ORD_604;PROD_15;5;5
ORD_604;PROD_23;4;5
ORD_604;PROD_45;2;1
ORD_604;PROD_38;9;3
ORD_604;PROD_26;7;5
ORD_604;PROD_24;4;1
ORD_604;PROD_13;7;2
ORD_604;PROD_21;1;3
ORD_604;PROD_29;4;4
ORD_604;PROD_46;2;5
ORD_604;PROD_10;4;4
ORD_604;PROD_18;8;4
ORD_605;PROD_31;4;3
ORD_605;PROD_3;7;3
ORD_605;PROD_22;1;1
ORD_605;PROD_46;7;2
ORD_605;PROD_26;7;2
ORD_605;PROD_31;3;2
ORD_605;PROD_1;1;3
ORD_605;PROD_48;3;5
ORD_605;PROD_29;2;1
ORD_605;PROD_32;2;4
ORD_606;PROD_2;2;4
ORD_606;PROD_50;3;4
ORD_606;PROD_27;7;5
ORD_606;PROD_24;7;2
ORD_606;PROD_5;5;2
ORD_606;PROD_22;9;3
ORD_606;PROD_45;3;2
ORD_606;PROD_34;5;4
ORD_606;PROD_45;1;4
ORD_606;PROD_32;8;3
ORD_606;PROD_48;9;3
ORD_606;PROD_31;4;3
ORD_606;PROD_27;4;1
ORD_606;PROD_23;4;5
ORD_606;PROD_7;9;5
ORD_607;PROD_17;5;3
ORD_607;PROD_45;5;5
ORD_607;PROD_5;9;2
ORD_607;PROD_20;4;4
ORD_607;PROD_17;5;1
ORD_607;PROD_45;4;1
ORD_607;PROD_5;3;4
ORD_608;PROD_31;6;3
ORD_608;PROD_3;1;2
ORD_608;PROD_22;5;4
ORD_608;PROD_46;1;2
ORD_608;PROD_17;2;1
ORD_608;PROD_45;3;3
ORD_608;PROD_5;6;1
ORD_608;PROD_20;6;4
ORD_608;PROD_2;1;2
ORD_608;PROD_15;6;5
ORD_609;PROD_31;9;2
ORD_609;PROD_3;2;5
ORD_609;PROD_22;3;2
ORD_609;PROD_46;9;3
ORD_609;PROD_7;5;5
ORD_610;PROD_7;2;2
ORD_610;PROD_45;8;2
ORD_610;PROD_29;2;5
ORD_610;PROD_17;8;4
ORD_610;PROD_45;1;3
ORD_610;PROD_5;6;5
ORD_610;PROD_20;1;4
ORD_610;PROD_40;6;4
ORD_610;PROD_37;5;5
ORD_610;PROD_24;7;1
ORD_610;PROD_23;3;5
ORD_610;PROD_29;3;1
ORD_610;PROD_13;1;3
ORD_610;PROD_31;4;5
ORD_611;PROD_31;2;4
ORD_611;PROD_3;1;3
ORD_611;PROD_22;3;3
ORD_611;PROD_46;9;4
ORD_611;PROD_31;2;4
ORD_611;PROD_3;9;5
ORD_611;PROD_22;1;4
ORD_611;PROD_46;2;5
ORD_612;PROD_13;3;1
ORD_612;PROD_50;6;3
ORD_612;PROD_15;6;5
ORD_612;PROD_23;9;2
ORD_612;PROD_7;4;5
ORD_612;PROD_32;9;2
ORD_612;PROD_25;7;1
ORD_612;PROD_5;1;1
ORD_612;PROD_16;7;1
ORD_612;PROD_34;2;1
ORD_613;PROD_40;5;2
ORD_613;PROD_23;7;1
ORD_613;PROD_19;8;1
ORD_613;PROD_30;3;4
ORD_613;PROD_8;6;1
ORD_614;PROD_44;7;3
ORD_614;PROD_17;7;3
ORD_614;PROD_4;3;1
ORD_614;PROD_3;2;2
ORD_614;PROD_25;4;1
ORD_614;PROD_46;2;2
ORD_614;PROD_9;6;4
ORD_614;PROD_28;9;4
ORD_614;PROD_5;6;2
ORD_614;PROD_7;8;4
ORD_614;PROD_45;2;3
ORD_614;PROD_29;3;2
ORD_614;PROD_1;7;5
ORD_614;PROD_10;3;3
ORD_614;PROD_44;1;5
ORD_615;PROD_46;1;3
ORD_615;PROD_13;1;4
ORD_615;PROD_16;6;4
ORD_615;PROD_49;5;5
ORD_615;PROD_27;6;5
ORD_615;PROD_7;8;1
ORD_615;PROD_12;7;2
ORD_615;PROD_33;7;3
ORD_615;PROD_12;3;3
ORD_615;PROD_39;5;5
ORD_615;PROD_9;6;3
ORD_615;PROD_39;9;2
ORD_615;PROD_43;5;5
ORD_616;PROD_42;7;4
ORD_616;PROD_15;9;2
ORD_616;PROD_29;5;1
ORD_616;PROD_45;7;2
ORD_616;PROD_43;2;1
ORD_617;PROD_7;3;1
ORD_617;PROD_45;3;2
ORD_617;PROD_29;2;5
ORD_617;PROD_17;8;1
ORD_617;PROD_45;4;3
ORD_617;PROD_5;5;3
ORD_617;PROD_20;5;2
ORD_617;PROD_12;5;1
ORD_617;PROD_2;1;3
ORD_617;PROD_39;5;4
ORD_617;PROD_11;1;2
ORD_617;PROD_21;4;1
ORD_618;PROD_46;6;2
ORD_618;PROD_9;8;5
ORD_618;PROD_28;8;5
ORD_618;PROD_5;4;5
ORD_618;PROD_46;5;2
ORD_619;PROD_44;4;2
ORD_619;PROD_17;6;1
ORD_619;PROD_4;5;4
ORD_619;PROD_3;3;2
ORD_619;PROD_25;8;1
ORD_619;PROD_46;5;5
ORD_619;PROD_9;2;3
ORD_619;PROD_28;7;3
ORD_619;PROD_5;3;5
ORD_620;PROD_44;9;1
ORD_620;PROD_17;8;4
ORD_620;PROD_4;8;2
ORD_620;PROD_3;4;4
ORD_620;PROD_25;3;4
ORD_621;PROD_46;7;3
ORD_621;PROD_13;6;4
ORD_621;PROD_16;7;5
ORD_621;PROD_49;1;1
ORD_621;PROD_27;1;5
ORD_621;PROD_4;1;4
ORD_621;PROD_17;2;5
ORD_621;PROD_32;3;1
ORD_621;PROD_15;8;2
ORD_621;PROD_43;4;3
ORD_621;PROD_9;2;4
ORD_621;PROD_36;7;1
ORD_621;PROD_42;3;2
ORD_621;PROD_46;5;3
ORD_621;PROD_25;6;4
ORD_622;PROD_9;6;3
ORD_622;PROD_23;4;4
ORD_622;PROD_7;3;1
ORD_622;PROD_45;7;2
ORD_622;PROD_29;6;1
ORD_622;PROD_20;2;4
ORD_622;PROD_27;8;3
ORD_622;PROD_32;4;5
ORD_623;PROD_40;6;1
ORD_623;PROD_37;4;4
ORD_623;PROD_24;1;1
ORD_623;PROD_23;7;3
ORD_623;PROD_29;1;4
ORD_624;PROD_9;1;2
ORD_624;PROD_23;5;5
ORD_624;PROD_31;2;5
ORD_624;PROD_16;5;3
ORD_624;PROD_7;5;3
ORD_624;PROD_35;1;4
ORD_624;PROD_49;1;4
ORD_624;PROD_9;3;4
ORD_624;PROD_12;6;5
ORD_624;PROD_15;9;2
ORD_624;PROD_16;2;1
ORD_624;PROD_13;4;3
ORD_624;PROD_22;5;1
ORD_625;PROD_44;8;2
ORD_625;PROD_17;8;2
ORD_625;PROD_4;4;1
ORD_625;PROD_3;6;5
ORD_625;PROD_25;5;5
ORD_625;PROD_12;8;5
ORD_625;PROD_2;4;4
ORD_625;PROD_39;3;2
ORD_625;PROD_11;4;2
ORD_626;PROD_12;5;5
ORD_626;PROD_2;5;1
ORD_626;PROD_39;3;5
ORD_626;PROD_11;3;3
ORD_626;PROD_28;7;4
ORD_626;PROD_40;9;3
ORD_626;PROD_38;8;3
ORD_626;PROD_19;5;2
ORD_626;PROD_26;8;5
ORD_626;PROD_48;2;5
ORD_626;PROD_9;6;4
ORD_626;PROD_39;3;1
ORD_626;PROD_31;7;2
ORD_626;PROD_30;6;5
ORD_627;PROD_34;2;1
ORD_627;PROD_21;7;4
ORD_627;PROD_18;9;4
ORD_627;PROD_31;4;1
ORD_627;PROD_3;3;1
ORD_627;PROD_22;4;3
ORD_627;PROD_46;4;4
ORD_628;PROD_24;2;2
ORD_628;PROD_44;8;1
ORD_628;PROD_41;6;3
ORD_628;PROD_34;9;1
ORD_628;PROD_1;8;1
ORD_628;PROD_43;2;4
ORD_629;PROD_17;9;2
ORD_629;PROD_45;9;2
ORD_629;PROD_5;2;5
ORD_629;PROD_20;6;5
ORD_629;PROD_46;7;4
ORD_629;PROD_9;6;5
ORD_629;PROD_28;2;1
ORD_630;PROD_12;7;5
ORD_630;PROD_2;6;2
ORD_630;PROD_39;5;5
ORD_630;PROD_11;7;1
ORD_630;PROD_7;3;1
ORD_631;PROD_9;8;3
ORD_631;PROD_23;1;3
ORD_631;PROD_2;7;1
ORD_631;PROD_50;4;2
ORD_631;PROD_27;2;5
ORD_631;PROD_44;7;2
ORD_631;PROD_17;3;4
ORD_632;PROD_9;5;4
ORD_632;PROD_23;8;3
ORD_632;PROD_39;9;4
ORD_632;PROD_23;8;4
ORD_632;PROD_8;1;5
ORD_632;PROD_2;4;2
ORD_632;PROD_31;2;2
ORD_632;PROD_39;3;4
ORD_632;PROD_38;9;1
ORD_632;PROD_42;2;2
ORD_632;PROD_5;7;3
ORD_632;PROD_21;6;3
ORD_633;PROD_46;2;2
ORD_633;PROD_13;5;5
ORD_633;PROD_16;2;5
ORD_633;PROD_49;1;1
ORD_633;PROD_27;5;3
ORD_634;PROD_5;8;2
ORD_634;PROD_48;2;4
ORD_634;PROD_21;8;4
ORD_634;PROD_50;9;3
ORD_634;PROD_17;4;5
ORD_635;PROD_11;4;5
ORD_635;PROD_4;7;5
ORD_635;PROD_19;8;1
ORD_635;PROD_3;6;4
ORD_635;PROD_35;4;1
ORD_635;PROD_26;3;5
ORD_635;PROD_36;8;3
ORD_635;PROD_2;6;1
ORD_635;PROD_42;8;1
ORD_635;PROD_21;1;5
ORD_635;PROD_42;4;2
ORD_635;PROD_45;2;5
ORD_635;PROD_49;4;5
ORD_636;PROD_44;9;2
ORD_636;PROD_17;3;1
ORD_636;PROD_4;9;1
ORD_636;PROD_3;8;2
ORD_636;PROD_25;8;5
ORD_636;PROD_5;4;5
ORD_636;PROD_48;7;1
ORD_636;PROD_21;3;5
ORD_636;PROD_50;7;2
ORD_636;PROD_17;3;1
ORD_637;PROD_40;5;5
ORD_637;PROD_37;4;5
ORD_637;PROD_24;5;2
ORD_637;PROD_23;6;5
ORD_637;PROD_29;3;1
ORD_637;PROD_7;6;3
ORD_637;PROD_45;9;4
ORD_637;PROD_29;2;2
ORD_637;PROD_50;3;3
ORD_637;PROD_36;6;3
ORD_637;PROD_18;6;4
ORD_637;PROD_35;5;4
ORD_638;PROD_5;9;1
ORD_638;PROD_34;9;3
ORD_638;PROD_46;3;4
ORD_638;PROD_11;7;4
ORD_638;PROD_29;4;4
ORD_638;PROD_47;2;3
ORD_638;PROD_4;4;2
ORD_638;PROD_46;8;2
ORD_638;PROD_42;2;4
ORD_638;PROD_4;1;5
ORD_638;PROD_41;9;2
ORD_638;PROD_49;7;3
ORD_638;PROD_13;1;5
ORD_639;PROD_40;5;3
ORD_639;PROD_37;9;4
ORD_639;PROD_24;1;2
ORD_639;PROD_23;4;2
ORD_639;PROD_29;9;5
ORD_639;PROD_46;8;5
ORD_639;PROD_9;6;4
ORD_639;PROD_28;9;5
ORD_639;PROD_5;3;5
ORD_639;PROD_31;1;4
ORD_639;PROD_3;2;1
ORD_639;PROD_22;1;2
ORD_639;PROD_46;9;3
ORD_639;PROD_29;9;4
ORD_640;PROD_34;4;1
ORD_640;PROD_21;6;4
ORD_640;PROD_18;4;1
ORD_640;PROD_44;3;2
ORD_640;PROD_17;2;3
ORD_640;PROD_4;9;5
ORD_640;PROD_3;7;3
ORD_640;PROD_25;2;5
ORD_640;PROD_3;4;1
ORD_640;PROD_1;3;2
ORD_640;PROD_1;4;5
ORD_640;PROD_11;9;5
ORD_640;PROD_5;7;4
ORD_641;PROD_39;7;1
ORD_641;PROD_26;5;2
ORD_641;PROD_22;4;1
ORD_641;PROD_50;4;1
ORD_641;PROD_34;7;2
ORD_641;PROD_47;2;1
ORD_641;PROD_36;9;2
ORD_641;PROD_48;4;2
ORD_641;PROD_28;3;3
ORD_641;PROD_47;2;5
ORD_641;PROD_9;4;2
ORD_641;PROD_28;5;1
ORD_641;PROD_4;3;3
ORD_641;PROD_5;5;2
ORD_642;PROD_46;6;1
ORD_642;PROD_9;8;5
ORD_642;PROD_28;2;3
ORD_642;PROD_5;1;1
ORD_642;PROD_46;1;5
ORD_642;PROD_13;2;3
ORD_642;PROD_16;5;2
ORD_642;PROD_49;6;3
ORD_642;PROD_27;8;1
ORD_643;PROD_29;3;1
ORD_643;PROD_18;3;2
ORD_643;PROD_11;1;4
ORD_643;PROD_36;2;4
ORD_643;PROD_20;7;5
ORD_643;PROD_7;2;3
ORD_644;PROD_17;2;2
ORD_644;PROD_45;9;1
ORD_644;PROD_5;5;5
ORD_644;PROD_20;3;4
ORD_644;PROD_2;4;4
ORD_644;PROD_50;9;2
ORD_644;PROD_27;8;3
ORD_644;PROD_2;6;3
ORD_644;PROD_50;8;5
ORD_644;PROD_27;4;2
ORD_644;PROD_33;6;4
ORD_644;PROD_13;8;3
ORD_645;PROD_50;5;2
ORD_645;PROD_43;2;4
ORD_645;PROD_35;5;4
ORD_645;PROD_2;1;4
ORD_645;PROD_49;2;3
ORD_645;PROD_35;8;3
ORD_645;PROD_27;7;5
ORD_645;PROD_39;2;4
ORD_645;PROD_26;6;3
ORD_645;PROD_15;3;2
ORD_645;PROD_49;7;2
ORD_645;PROD_35;6;3
ORD_646;PROD_49;3;1
ORD_646;PROD_30;6;1
ORD_646;PROD_34;3;3
ORD_646;PROD_22;8;4
ORD_646;PROD_9;6;2
ORD_646;PROD_39;7;1
ORD_646;PROD_1;7;5
ORD_646;PROD_2;9;3
ORD_646;PROD_18;9;2
ORD_647;PROD_17;1;5
ORD_647;PROD_45;1;4
ORD_647;PROD_5;5;4
ORD_647;PROD_20;5;4
ORD_647;PROD_44;8;3
ORD_647;PROD_17;4;3
ORD_647;PROD_4;2;5
ORD_647;PROD_3;2;5
ORD_647;PROD_25;1;2
ORD_647;PROD_4;5;5
ORD_647;PROD_23;2;4
ORD_647;PROD_26;1;4
ORD_648;PROD_34;9;4
ORD_648;PROD_21;2;3
ORD_648;PROD_18;5;4
ORD_648;PROD_46;6;4
ORD_648;PROD_17;3;3
ORD_648;PROD_4;4;5
ORD_648;PROD_43;3;1
ORD_648;PROD_30;7;5
ORD_648;PROD_18;9;2
ORD_648;PROD_17;2;2
ORD_648;PROD_25;6;3
ORD_649;PROD_34;8;3
ORD_649;PROD_21;3;4
ORD_649;PROD_18;4;4
ORD_649;PROD_2;8;5
ORD_649;PROD_50;9;4
ORD_649;PROD_27;6;5
ORD_649;PROD_7;8;2
ORD_649;PROD_39;9;3
ORD_649;PROD_46;3;3
ORD_650;PROD_5;9;3
ORD_650;PROD_48;1;4
ORD_650;PROD_21;8;4
ORD_650;PROD_50;5;1
ORD_650;PROD_17;3;2
ORD_650;PROD_9;1;2
ORD_650;PROD_23;9;3
ORD_650;PROD_5;9;4
ORD_650;PROD_48;4;5
ORD_650;PROD_21;9;4
ORD_650;PROD_50;4;4
ORD_650;PROD_17;2;3
ORD_650;PROD_9;4;2
ORD_650;PROD_8;4;1
ORD_651;PROD_32;4;1
ORD_651;PROD_24;1;4
ORD_651;PROD_25;5;2
ORD_651;PROD_50;8;4
ORD_651;PROD_12;6;4
ORD_651;PROD_5;6;5
ORD_652;PROD_2;4;1
ORD_652;PROD_50;7;2
ORD_652;PROD_27;2;4
ORD_652;PROD_34;1;4
ORD_652;PROD_21;4;4
ORD_652;PROD_18;2;4
ORD_652;PROD_30;7;4
ORD_652;PROD_27;2;3
ORD_653;PROD_15;4;1
ORD_653;PROD_31;1;1
ORD_653;PROD_4;8;5
ORD_653;PROD_37;6;3
ORD_653;PROD_6;4;1
ORD_653;PROD_36;5;5
ORD_653;PROD_5;2;5
ORD_653;PROD_8;6;2
ORD_653;PROD_16;4;4
ORD_654;PROD_12;6;2
ORD_654;PROD_2;1;3
ORD_654;PROD_39;9;4
ORD_654;PROD_11;8;4
ORD_654;PROD_43;8;1
ORD_655;PROD_26;3;2
ORD_655;PROD_37;5;3
ORD_655;PROD_26;4;5
ORD_655;PROD_26;3;5
ORD_655;PROD_2;5;4
ORD_655;PROD_35;6;2
ORD_655;PROD_19;1;2
ORD_656;PROD_45;9;3
ORD_656;PROD_32;7;5
ORD_656;PROD_24;8;5
ORD_656;PROD_48;1;1
ORD_656;PROD_15;1;2
ORD_656;PROD_4;4;5
ORD_656;PROD_28;5;1
ORD_656;PROD_40;3;1
ORD_656;PROD_47;1;4
ORD_656;PROD_20;8;2
ORD_656;PROD_49;7;1
ORD_657;PROD_34;4;2
ORD_657;PROD_21;9;4
ORD_657;PROD_18;6;3
ORD_657;PROD_7;4;3
ORD_657;PROD_45;1;3
ORD_657;PROD_29;5;3
ORD_657;PROD_41;2;4
ORD_657;PROD_44;1;2
ORD_658;PROD_2;5;2
ORD_658;PROD_50;3;1
ORD_658;PROD_27;8;4
ORD_658;PROD_40;9;2
ORD_658;PROD_37;7;5
ORD_658;PROD_24;1;5
ORD_658;PROD_23;5;2
ORD_658;PROD_29;6;4
ORD_658;PROD_31;3;5
ORD_658;PROD_3;1;1
ORD_658;PROD_22;1;5
ORD_658;PROD_46;2;3
ORD_658;PROD_33;5;5
ORD_658;PROD_30;8;4
ORD_659;PROD_8;5;3
ORD_659;PROD_9;3;4
ORD_659;PROD_30;2;3
ORD_659;PROD_36;7;3
ORD_659;PROD_23;4;3
ORD_659;PROD_44;2;1
ORD_659;PROD_43;7;3
ORD_659;PROD_7;7;1
ORD_659;PROD_24;9;3
ORD_659;PROD_34;7;1
ORD_659;PROD_12;3;3
ORD_660;PROD_12;7;3
ORD_660;PROD_2;8;3
ORD_660;PROD_39;2;3
ORD_660;PROD_11;7;1
ORD_660;PROD_35;2;5
ORD_660;PROD_5;5;1
ORD_660;PROD_4;6;3
ORD_660;PROD_16;4;2
ORD_660;PROD_13;2;1
ORD_660;PROD_17;1;4
ORD_660;PROD_43;1;4
ORD_661;PROD_9;5;3
ORD_661;PROD_23;7;4
ORD_661;PROD_17;2;5
ORD_661;PROD_45;4;1
ORD_661;PROD_5;8;3
ORD_661;PROD_20;7;2
ORD_661;PROD_46;2;2
ORD_661;PROD_9;2;3
ORD_661;PROD_28;9;1
ORD_661;PROD_5;5;4
ORD_661;PROD_33;5;1
ORD_662;PROD_34;8;3
ORD_662;PROD_21;3;3
ORD_662;PROD_18;9;3
ORD_662;PROD_8;1;2
ORD_662;PROD_42;4;1
ORD_663;PROD_5;9;5
ORD_663;PROD_40;3;1
ORD_663;PROD_17;3;3
ORD_663;PROD_13;1;4
ORD_663;PROD_12;2;2
ORD_663;PROD_16;2;5
ORD_663;PROD_30;5;2
ORD_663;PROD_29;3;2
ORD_663;PROD_45;8;2
ORD_663;PROD_20;9;4
ORD_663;PROD_17;6;1
ORD_663;PROD_5;4;2
ORD_664;PROD_28;9;4
ORD_664;PROD_26;6;1
ORD_664;PROD_20;4;2
ORD_664;PROD_40;4;3
ORD_664;PROD_27;5;1
ORD_664;PROD_25;7;3
ORD_664;PROD_17;3;5
ORD_664;PROD_16;5;4
ORD_664;PROD_34;9;2
ORD_664;PROD_30;1;3
ORD_664;PROD_25;1;3
ORD_664;PROD_13;4;1
ORD_665;PROD_46;2;4
ORD_665;PROD_9;5;2
ORD_665;PROD_28;5;4
ORD_665;PROD_5;5;5
ORD_665;PROD_12;9;4
ORD_665;PROD_2;2;3
ORD_665;PROD_39;5;4
ORD_665;PROD_11;3;5
ORD_665;PROD_44;4;4
ORD_665;PROD_17;7;5
ORD_665;PROD_4;9;5
ORD_665;PROD_3;4;4
ORD_666;PROD_40;3;2
ORD_666;PROD_42;7;3
ORD_666;PROD_9;9;1
ORD_666;PROD_41;4;1
ORD_666;PROD_30;3;2
ORD_666;PROD_9;2;5
ORD_666;PROD_36;1;2
ORD_666;PROD_29;6;3
ORD_666;PROD_17;7;3
ORD_666;PROD_28;3;1
ORD_666;PROD_32;5;5
ORD_666;PROD_16;9;3
ORD_666;PROD_37;6;5
ORD_666;PROD_45;6;3
ORD_666;PROD_14;6;1
ORD_667;PROD_15;4;2
ORD_667;PROD_1;8;4
ORD_667;PROD_18;2;1
ORD_667;PROD_48;5;5
ORD_667;PROD_13;2;3
ORD_667;PROD_3;4;3
ORD_667;PROD_24;2;5
ORD_667;PROD_17;2;1
ORD_668;PROD_16;9;2
ORD_668;PROD_13;4;3
ORD_668;PROD_49;7;1
ORD_668;PROD_22;8;2
ORD_668;PROD_2;3;2
ORD_668;PROD_36;2;4
ORD_668;PROD_28;1;5
ORD_668;PROD_2;3;1
ORD_668;PROD_24;3;2
ORD_669;PROD_12;7;3
ORD_669;PROD_2;3;2
ORD_669;PROD_39;3;4
ORD_669;PROD_11;8;3
ORD_669;PROD_40;7;2
ORD_669;PROD_37;5;4
ORD_670;PROD_5;9;5
ORD_670;PROD_48;7;4
ORD_670;PROD_21;9;3
ORD_670;PROD_50;4;5
ORD_670;PROD_17;9;5
ORD_670;PROD_17;1;3
ORD_671;PROD_27;9;4
ORD_671;PROD_17;9;1
ORD_671;PROD_5;6;1
ORD_671;PROD_7;3;5
ORD_671;PROD_6;3;3
ORD_671;PROD_5;7;5
ORD_671;PROD_11;3;5
ORD_671;PROD_31;5;4
ORD_671;PROD_10;9;2
ORD_672;PROD_18;9;3
ORD_672;PROD_30;9;4
ORD_672;PROD_25;9;2
ORD_672;PROD_31;9;3
ORD_672;PROD_3;8;2
ORD_672;PROD_43;6;2
ORD_672;PROD_9;3;2
ORD_672;PROD_42;9;4
ORD_672;PROD_12;4;5
ORD_672;PROD_28;4;3
ORD_672;PROD_13;8;1
ORD_672;PROD_13;5;3
ORD_673;PROD_17;1;5
ORD_673;PROD_45;7;4
ORD_673;PROD_5;8;5
ORD_673;PROD_20;4;5
ORD_673;PROD_3;5;1
ORD_673;PROD_46;7;2
ORD_673;PROD_29;9;3
ORD_673;PROD_6;3;2
ORD_673;PROD_35;9;2
ORD_674;PROD_9;9;5
ORD_674;PROD_23;7;1
ORD_674;PROD_2;6;5
ORD_674;PROD_50;4;5
ORD_674;PROD_27;2;4
ORD_674;PROD_23;1;2
ORD_675;PROD_46;6;3
ORD_675;PROD_13;9;4
ORD_675;PROD_16;4;5
ORD_675;PROD_49;3;5
ORD_675;PROD_27;9;1
ORD_676;PROD_34;6;1
ORD_676;PROD_21;9;5
ORD_676;PROD_18;8;4
ORD_676;PROD_44;6;5
ORD_676;PROD_17;9;2
ORD_676;PROD_4;4;5
ORD_676;PROD_3;9;4
ORD_676;PROD_25;2;3
ORD_676;PROD_17;3;5
ORD_676;PROD_45;6;4
ORD_676;PROD_5;5;2
ORD_676;PROD_20;2;4
ORD_676;PROD_31;5;5
ORD_676;PROD_21;3;2
ORD_676;PROD_26;4;1
ORD_677;PROD_5;9;2
ORD_677;PROD_48;9;4
ORD_677;PROD_21;6;2
ORD_677;PROD_50;5;3
ORD_677;PROD_17;6;4
ORD_677;PROD_35;6;2
ORD_677;PROD_22;4;5
ORD_677;PROD_7;8;1
ORD_677;PROD_26;8;3
ORD_677;PROD_17;5;2
ORD_677;PROD_7;3;2
ORD_677;PROD_25;1;5
ORD_677;PROD_27;7;4
ORD_677;PROD_8;6;4
ORD_678;PROD_3;6;5
ORD_678;PROD_21;7;4
ORD_678;PROD_30;2;5
ORD_678;PROD_31;3;3
ORD_678;PROD_45;7;2
ORD_678;PROD_50;8;5
ORD_678;PROD_45;8;3
ORD_678;PROD_31;9;1
ORD_678;PROD_22;2;2
ORD_678;PROD_9;7;1
ORD_678;PROD_20;5;5
ORD_678;PROD_7;6;4
ORD_679;PROD_27;3;3
ORD_679;PROD_20;6;3
ORD_679;PROD_34;2;4
ORD_679;PROD_33;8;3
ORD_679;PROD_25;6;5
ORD_679;PROD_3;4;2
ORD_679;PROD_23;7;4
ORD_679;PROD_44;3;3
ORD_679;PROD_47;1;2
ORD_679;PROD_50;6;4
ORD_679;PROD_31;1;5
ORD_680;PROD_17;7;5
ORD_680;PROD_45;7;3
ORD_680;PROD_5;2;1
ORD_680;PROD_20;9;5
ORD_680;PROD_34;1;1
ORD_680;PROD_21;6;2
ORD_681;PROD_46;4;4
ORD_681;PROD_13;9;4
ORD_681;PROD_16;6;4
ORD_681;PROD_49;9;2
ORD_681;PROD_27;6;4
ORD_681;PROD_34;1;3
ORD_681;PROD_21;1;4
ORD_681;PROD_18;4;3
ORD_681;PROD_46;5;5
ORD_681;PROD_13;9;2
ORD_681;PROD_16;8;3
ORD_682;PROD_46;9;1
ORD_682;PROD_9;9;2
ORD_682;PROD_28;2;1
ORD_682;PROD_5;8;5
ORD_682;PROD_40;9;1
ORD_682;PROD_37;3;3
ORD_682;PROD_24;9;2
ORD_682;PROD_23;1;3
ORD_682;PROD_29;8;5
ORD_682;PROD_46;6;4
ORD_682;PROD_9;6;2
ORD_682;PROD_28;5;1
ORD_683;PROD_44;6;5
ORD_683;PROD_44;6;2
ORD_683;PROD_41;5;5
ORD_683;PROD_6;1;3
ORD_683;PROD_16;4;4
ORD_683;PROD_35;8;4
ORD_683;PROD_2;6;2
ORD_683;PROD_45;7;3
ORD_683;PROD_34;1;5
ORD_683;PROD_8;3;3
ORD_683;PROD_18;6;4
ORD_683;PROD_33;8;2
ORD_683;PROD_33;5;1
ORD_684;PROD_46;3;4
ORD_684;PROD_13;4;2
ORD_684;PROD_16;6;4
ORD_684;PROD_49;4;1
ORD_684;PROD_27;4;3
ORD_684;PROD_12;6;4
ORD_684;PROD_20;2;1
ORD_684;PROD_50;5;2
ORD_684;PROD_25;6;1
ORD_684;PROD_24;8;2
ORD_684;PROD_33;7;5
ORD_684;PROD_39;6;3
ORD_684;PROD_14;1;2
ORD_684;PROD_4;9;3
ORD_685;PROD_46;9;3
ORD_685;PROD_13;9;4
ORD_685;PROD_16;4;5
ORD_685;PROD_49;8;4
ORD_685;PROD_27;4;4
ORD_685;PROD_44;1;5
ORD_685;PROD_17;6;2
ORD_685;PROD_4;6;3
ORD_685;PROD_3;7;1
ORD_685;PROD_25;6;2
ORD_686;PROD_7;6;5
ORD_686;PROD_45;1;3
ORD_686;PROD_29;5;3
ORD_686;PROD_44;3;1
ORD_686;PROD_7;1;3
ORD_686;PROD_44;9;2
ORD_686;PROD_12;6;5
ORD_686;PROD_25;2;5
ORD_686;PROD_10;2;1
ORD_686;PROD_38;6;4
ORD_686;PROD_43;1;3
ORD_686;PROD_15;9;2
ORD_686;PROD_42;4;3
ORD_687;PROD_26;1;1
ORD_687;PROD_21;9;4
ORD_687;PROD_40;4;4
ORD_687;PROD_10;7;3
ORD_687;PROD_35;9;1
ORD_687;PROD_15;8;5
ORD_687;PROD_28;1;5
ORD_687;PROD_24;9;2
ORD_687;PROD_45;1;5
ORD_687;PROD_32;6;4
ORD_687;PROD_47;6;5
ORD_687;PROD_39;9;5
ORD_687;PROD_32;9;1
ORD_688;PROD_7;9;1
ORD_688;PROD_45;9;3
ORD_688;PROD_29;8;3
ORD_688;PROD_9;7;4
ORD_688;PROD_23;7;4
ORD_688;PROD_46;1;5
ORD_688;PROD_13;8;4
ORD_689;PROD_48;5;4
ORD_689;PROD_31;1;5
ORD_689;PROD_14;9;5
ORD_689;PROD_45;7;4
ORD_689;PROD_25;7;1
ORD_690;PROD_7;8;4
ORD_690;PROD_45;8;5
ORD_690;PROD_29;8;2
ORD_690;PROD_7;4;5
ORD_690;PROD_45;3;2
ORD_690;PROD_29;9;4
ORD_690;PROD_19;2;1
ORD_690;PROD_7;6;1
ORD_690;PROD_11;5;3
ORD_690;PROD_6;3;2
ORD_690;PROD_22;8;1
ORD_690;PROD_34;2;3
ORD_690;PROD_13;1;5
ORD_690;PROD_18;5;5
ORD_690;PROD_47;1;2
ORD_691;PROD_38;6;2
ORD_691;PROD_38;2;1
ORD_691;PROD_9;1;4
ORD_691;PROD_22;4;1
ORD_691;PROD_14;3;2
ORD_691;PROD_13;7;4
ORD_691;PROD_47;4;3
ORD_691;PROD_2;9;3
ORD_691;PROD_47;4;5
ORD_691;PROD_37;5;5
ORD_691;PROD_28;8;4
ORD_691;PROD_24;6;1
ORD_691;PROD_33;8;2
ORD_691;PROD_22;4;5
ORD_692;PROD_5;8;1
ORD_692;PROD_48;6;5
ORD_692;PROD_21;6;3
ORD_692;PROD_50;3;2
ORD_692;PROD_17;8;4
ORD_692;PROD_9;9;2
ORD_692;PROD_23;5;3
ORD_692;PROD_8;9;3
ORD_693;PROD_46;1;1
ORD_693;PROD_9;5;4
ORD_693;PROD_28;2;2
ORD_693;PROD_5;5;5
ORD_693;PROD_38;5;1
ORD_693;PROD_20;9;5
ORD_693;PROD_9;8;2
ORD_693;PROD_30;1;1
ORD_693;PROD_7;5;5
ORD_693;PROD_18;1;2
ORD_693;PROD_24;9;3
ORD_693;PROD_45;9;2
ORD_693;PROD_31;2;4
ORD_694;PROD_44;7;2
ORD_694;PROD_17;4;4
ORD_694;PROD_4;4;4
ORD_694;PROD_3;8;3
ORD_694;PROD_25;7;1
ORD_694;PROD_34;1;4
ORD_694;PROD_21;6;4
ORD_694;PROD_18;5;4
ORD_694;PROD_2;6;1
ORD_695;PROD_44;8;5
ORD_695;PROD_17;2;3
ORD_695;PROD_4;4;4
ORD_695;PROD_3;4;1
ORD_695;PROD_25;8;5
ORD_695;PROD_34;4;4
ORD_695;PROD_21;6;3
ORD_695;PROD_18;7;5
ORD_696;PROD_5;1;4
ORD_696;PROD_42;2;4
ORD_696;PROD_14;9;1
ORD_696;PROD_39;5;1
ORD_696;PROD_12;8;5
ORD_696;PROD_24;1;3
ORD_696;PROD_49;4;2
ORD_696;PROD_8;5;1
ORD_696;PROD_22;4;5
ORD_696;PROD_10;2;5
ORD_696;PROD_17;6;1
ORD_696;PROD_1;3;2
ORD_696;PROD_15;5;4
ORD_696;PROD_35;4;2
ORD_697;PROD_34;3;5
ORD_697;PROD_21;2;5
ORD_697;PROD_18;3;4
ORD_697;PROD_7;5;4
ORD_697;PROD_45;7;1
ORD_697;PROD_29;3;5
ORD_697;PROD_7;2;4
ORD_697;PROD_45;1;1
ORD_697;PROD_29;9;2
ORD_697;PROD_45;6;1
ORD_697;PROD_20;7;1
ORD_697;PROD_16;1;3
ORD_697;PROD_41;3;3
ORD_697;PROD_26;9;2
ORD_698;PROD_31;7;1
ORD_698;PROD_3;1;1
ORD_698;PROD_22;6;5
ORD_698;PROD_46;5;4
ORD_698;PROD_13;2;3
ORD_698;PROD_34;7;2
ORD_698;PROD_24;7;1
ORD_698;PROD_16;8;2
ORD_698;PROD_25;8;4
ORD_698;PROD_8;9;5
ORD_698;PROD_47;4;2
ORD_698;PROD_27;1;3
ORD_698;PROD_34;7;3
ORD_698;PROD_33;8;3
ORD_698;PROD_10;8;1
ORD_699;PROD_34;5;2
ORD_699;PROD_39;3;5
ORD_699;PROD_28;3;1
ORD_699;PROD_7;3;2
ORD_699;PROD_5;4;4
ORD_699;PROD_26;4;3
ORD_699;PROD_22;6;4
ORD_699;PROD_41;3;5
ORD_699;PROD_7;3;2
ORD_699;PROD_26;6;5
ORD_699;PROD_27;3;5
ORD_699;PROD_14;2;4
ORD_699;PROD_35;6;4
ORD_700;PROD_6;7;2
ORD_700;PROD_43;6;5
ORD_700;PROD_28;9;5
ORD_700;PROD_7;7;5
ORD_700;PROD_43;5;2
ORD_700;PROD_29;7;3
ORD_700;PROD_28;7;1
ORD_700;PROD_48;9;2
ORD_700;PROD_38;7;3
ORD_700;PROD_30;9;2
ORD_700;PROD_4;7;2
ORD_700;PROD_43;1;3
ORD_701;PROD_46;2;2
ORD_701;PROD_13;8;3
ORD_701;PROD_16;5;4
ORD_701;PROD_49;5;3
ORD_701;PROD_27;1;3
ORD_701;PROD_31;8;4
ORD_701;PROD_3;5;1
ORD_701;PROD_22;4;4
ORD_701;PROD_46;9;5
ORD_702;PROD_46;9;5
ORD_702;PROD_13;5;5
ORD_702;PROD_16;2;5
ORD_702;PROD_49;8;3
ORD_702;PROD_27;1;3
ORD_702;PROD_18;7;1
ORD_702;PROD_40;6;1
ORD_702;PROD_8;1;2
ORD_703;PROD_40;3;3
ORD_703;PROD_37;2;1
ORD_703;PROD_24;1;1
ORD_703;PROD_23;2;5
ORD_703;PROD_29;6;4
ORD_703;PROD_24;3;2
ORD_703;PROD_25;2;4
ORD_703;PROD_36;8;3
ORD_703;PROD_40;3;3
ORD_703;PROD_33;1;5
ORD_704;PROD_5;3;4
ORD_704;PROD_48;1;5
ORD_704;PROD_21;4;4
ORD_704;PROD_50;1;4
ORD_704;PROD_17;9;2
ORD_704;PROD_3;7;5
ORD_704;PROD_18;2;2
ORD_704;PROD_29;1;5
ORD_704;PROD_25;1;2
ORD_704;PROD_2;9;4
ORD_704;PROD_12;2;4
ORD_705;PROD_31;4;3
ORD_705;PROD_3;3;2
ORD_705;PROD_22;3;2
ORD_705;PROD_46;9;5
ORD_705;PROD_34;9;4
ORD_705;PROD_21;5;4
ORD_705;PROD_18;4;2
ORD_705;PROD_46;9;5
ORD_705;PROD_9;8;1
ORD_706;PROD_37;2;3
ORD_706;PROD_20;6;2
ORD_706;PROD_9;6;3
ORD_706;PROD_35;7;3
ORD_706;PROD_13;7;3
ORD_706;PROD_31;4;4
ORD_706;PROD_28;2;4
ORD_706;PROD_44;6;2
ORD_706;PROD_43;5;3
ORD_706;PROD_19;5;4
ORD_706;PROD_25;3;3
ORD_706;PROD_3;9;5
ORD_707;PROD_33;3;1
ORD_707;PROD_45;9;1
ORD_707;PROD_2;8;5
ORD_707;PROD_10;1;5
ORD_707;PROD_39;1;5
ORD_707;PROD_29;3;1
ORD_707;PROD_5;3;3
ORD_707;PROD_16;6;2
ORD_707;PROD_23;1;4
ORD_707;PROD_41;2;1
ORD_707;PROD_39;5;3
ORD_707;PROD_13;6;5
ORD_707;PROD_22;1;5
ORD_707;PROD_42;5;3
ORD_707;PROD_9;1;1
ORD_708;PROD_37;9;5
ORD_708;PROD_47;4;2
ORD_708;PROD_36;4;5
ORD_708;PROD_10;6;5
ORD_708;PROD_21;5;4
ORD_708;PROD_46;8;3
ORD_708;PROD_5;7;4
ORD_708;PROD_14;2;5
ORD_708;PROD_37;1;2
ORD_708;PROD_35;9;4
ORD_708;PROD_12;3;2
ORD_708;PROD_21;3;3
ORD_709;PROD_35;2;3
ORD_709;PROD_45;6;5
ORD_709;PROD_47;7;1
ORD_709;PROD_17;9;5
ORD_709;PROD_34;5;2
ORD_709;PROD_21;9;2
ORD_709;PROD_33;6;5
ORD_709;PROD_36;6;2
ORD_709;PROD_48;6;4
ORD_709;PROD_22;4;5
ORD_710;PROD_9;5;2
ORD_710;PROD_23;7;3
ORD_710;PROD_2;3;2
ORD_710;PROD_50;2;1
ORD_710;PROD_27;6;2
ORD_710;PROD_35;7;1
ORD_710;PROD_21;1;2
ORD_710;PROD_16;9;1
ORD_710;PROD_48;5;5
ORD_710;PROD_8;3;5
ORD_710;PROD_21;8;2
ORD_710;PROD_21;2;1
ORD_711;PROD_34;3;5
ORD_711;PROD_21;1;4
ORD_711;PROD_18;2;3
ORD_711;PROD_46;8;5
ORD_711;PROD_13;1;5
ORD_711;PROD_16;7;1
ORD_711;PROD_49;4;3
ORD_711;PROD_27;1;1
ORD_711;PROD_37;1;4
ORD_711;PROD_42;2;4
ORD_711;PROD_7;9;1
ORD_711;PROD_48;7;5
ORD_711;PROD_8;5;5
ORD_712;PROD_34;8;4
ORD_712;PROD_21;4;1
ORD_712;PROD_18;5;5
ORD_712;PROD_13;5;4
ORD_712;PROD_38;2;3
ORD_712;PROD_18;1;5
ORD_712;PROD_7;8;5
ORD_712;PROD_30;3;2
ORD_712;PROD_47;2;2
ORD_712;PROD_10;1;4
ORD_712;PROD_36;2;1
ORD_712;PROD_10;1;5
ORD_712;PROD_44;5;4
ORD_712;PROD_37;4;2
ORD_712;PROD_14;1;1
ORD_713;PROD_46;2;1
ORD_713;PROD_13;9;5
ORD_713;PROD_16;2;5
ORD_713;PROD_49;8;5
ORD_713;PROD_27;6;3
ORD_713;PROD_17;2;5
ORD_713;PROD_45;3;1
ORD_713;PROD_5;6;3
ORD_713;PROD_20;2;2
ORD_713;PROD_46;5;5
ORD_713;PROD_9;2;3
ORD_713;PROD_28;8;4
ORD_714;PROD_12;3;3
ORD_714;PROD_11;8;2
ORD_714;PROD_8;9;5
ORD_714;PROD_10;6;3
ORD_714;PROD_2;9;1
ORD_714;PROD_43;9;5
ORD_714;PROD_41;7;4
ORD_714;PROD_47;6;2
ORD_715;PROD_46;2;4
ORD_715;PROD_9;7;1
ORD_715;PROD_28;7;4
ORD_715;PROD_5;2;4
ORD_715;PROD_12;2;1
ORD_715;PROD_2;9;5
ORD_716;PROD_34;9;2
ORD_716;PROD_21;3;3
ORD_716;PROD_18;6;2
ORD_716;PROD_31;5;5
ORD_716;PROD_3;2;5
ORD_716;PROD_22;3;2
ORD_716;PROD_46;5;5
ORD_716;PROD_21;4;4
ORD_716;PROD_43;9;4
ORD_717;PROD_41;9;5
ORD_717;PROD_9;7;3
ORD_717;PROD_22;3;4
ORD_717;PROD_44;4;5
ORD_717;PROD_20;2;5
ORD_717;PROD_10;5;1
ORD_718;PROD_31;7;1
ORD_718;PROD_3;5;4
ORD_718;PROD_22;4;3
ORD_718;PROD_46;9;3
ORD_718;PROD_40;3;3
ORD_718;PROD_37;5;1
ORD_718;PROD_24;2;5
ORD_718;PROD_23;8;1
ORD_718;PROD_29;4;2
ORD_718;PROD_9;2;3
ORD_719;PROD_46;4;4
ORD_719;PROD_9;2;2
ORD_719;PROD_28;8;4
ORD_719;PROD_5;9;2
ORD_719;PROD_40;1;4
ORD_719;PROD_37;6;5
ORD_719;PROD_24;9;1
ORD_720;PROD_9;8;3
ORD_720;PROD_23;6;4
ORD_720;PROD_31;9;3
ORD_720;PROD_3;7;5
ORD_720;PROD_22;7;3
ORD_720;PROD_46;1;1
ORD_720;PROD_28;6;3
ORD_720;PROD_23;5;1
ORD_720;PROD_38;1;3
ORD_721;PROD_34;8;4
ORD_721;PROD_21;6;3
ORD_721;PROD_18;6;1
ORD_721;PROD_9;4;1
ORD_721;PROD_23;9;3
ORD_721;PROD_37;1;1
ORD_721;PROD_26;7;2
ORD_722;PROD_17;2;5
ORD_722;PROD_45;3;3
ORD_722;PROD_5;6;5
ORD_722;PROD_20;4;4
ORD_722;PROD_12;1;2
ORD_722;PROD_1;2;4
ORD_722;PROD_41;8;4
ORD_723;PROD_7;6;3
ORD_723;PROD_45;7;3
ORD_723;PROD_29;8;2
ORD_723;PROD_45;2;2
ORD_723;PROD_17;9;1
ORD_723;PROD_30;6;3
ORD_723;PROD_19;8;3
ORD_723;PROD_26;8;2
ORD_723;PROD_20;3;4
ORD_724;PROD_31;9;2
ORD_724;PROD_3;7;3
ORD_724;PROD_22;6;4
ORD_724;PROD_46;6;4
ORD_724;PROD_17;2;4
ORD_724;PROD_45;7;4
ORD_724;PROD_5;8;5
ORD_724;PROD_20;2;2
ORD_724;PROD_15;7;5
ORD_724;PROD_14;4;1
ORD_724;PROD_26;4;2
ORD_724;PROD_2;6;4
ORD_724;PROD_42;1;5
ORD_725;PROD_46;6;2
ORD_725;PROD_13;8;4
ORD_725;PROD_16;9;3
ORD_725;PROD_49;6;3
ORD_725;PROD_27;2;5
ORD_725;PROD_40;3;1
ORD_725;PROD_37;7;4
ORD_726;PROD_12;5;1
ORD_726;PROD_2;4;3
ORD_726;PROD_39;2;5
ORD_726;PROD_11;1;3
ORD_726;PROD_28;2;4
ORD_726;PROD_39;5;4
ORD_726;PROD_42;9;3
ORD_726;PROD_4;4;2
ORD_726;PROD_4;6;4
ORD_726;PROD_1;7;5
ORD_726;PROD_49;3;5
ORD_727;PROD_12;7;3
ORD_727;PROD_2;4;2
ORD_727;PROD_39;4;1
ORD_727;PROD_11;5;2
ORD_727;PROD_38;5;2
ORD_727;PROD_7;3;2
ORD_727;PROD_32;3;3
ORD_727;PROD_9;6;5
ORD_727;PROD_34;8;1
ORD_727;PROD_29;8;3
ORD_727;PROD_38;1;4
ORD_727;PROD_39;8;3
ORD_727;PROD_21;5;5
ORD_727;PROD_37;1;4
ORD_728;PROD_7;4;3
ORD_728;PROD_45;4;2
ORD_728;PROD_29;8;3
ORD_728;PROD_12;1;4
ORD_728;PROD_2;9;1
ORD_728;PROD_39;7;4
ORD_728;PROD_11;9;4
ORD_728;PROD_7;9;2
ORD_728;PROD_45;8;2
ORD_728;PROD_29;5;5
ORD_728;PROD_12;2;5
ORD_728;PROD_24;9;1
ORD_729;PROD_40;9;5
ORD_729;PROD_37;4;4
ORD_729;PROD_24;1;4
ORD_729;PROD_23;4;3
ORD_729;PROD_29;7;1
ORD_729;PROD_31;1;4
ORD_729;PROD_3;5;5
ORD_730;PROD_29;8;4
ORD_730;PROD_15;6;5
ORD_730;PROD_25;8;1
ORD_730;PROD_22;1;3
ORD_730;PROD_29;3;4
ORD_730;PROD_39;9;2
ORD_731;PROD_31;8;4
ORD_731;PROD_3;7;1
ORD_731;PROD_22;2;5
ORD_731;PROD_46;1;1
ORD_731;PROD_46;6;2
ORD_731;PROD_9;8;1
ORD_731;PROD_28;4;1
ORD_731;PROD_5;7;2
ORD_731;PROD_9;9;4
ORD_732;PROD_44;5;1
ORD_732;PROD_28;5;4
ORD_732;PROD_9;5;2
ORD_732;PROD_29;6;3
ORD_732;PROD_16;9;4
ORD_732;PROD_42;8;3
ORD_732;PROD_11;9;3
ORD_732;PROD_14;8;5
ORD_732;PROD_50;2;4
ORD_733;PROD_2;9;4
ORD_733;PROD_50;6;2
ORD_733;PROD_27;5;2
ORD_733;PROD_12;4;3
ORD_733;PROD_2;7;1
ORD_733;PROD_39;5;1
ORD_733;PROD_11;2;2
ORD_733;PROD_9;4;4
ORD_733;PROD_9;4;3
ORD_734;PROD_12;4;5
ORD_734;PROD_36;2;1
ORD_734;PROD_13;9;4
ORD_734;PROD_41;9;5
ORD_734;PROD_5;5;3
ORD_734;PROD_40;9;2
ORD_734;PROD_4;8;4
ORD_734;PROD_41;9;4
ORD_734;PROD_34;7;1
ORD_734;PROD_29;2;1
ORD_734;PROD_37;3;3
ORD_734;PROD_16;4;2
ORD_734;PROD_29;1;1
ORD_735;PROD_22;3;4
ORD_735;PROD_43;5;2
ORD_735;PROD_22;8;3
ORD_735;PROD_20;1;2
ORD_735;PROD_32;9;1
ORD_735;PROD_15;8;2
ORD_735;PROD_17;7;4
ORD_735;PROD_1;4;5
ORD_735;PROD_7;4;5
ORD_735;PROD_48;5;4
ORD_735;PROD_42;3;5
ORD_735;PROD_23;1;5
ORD_735;PROD_29;9;2
ORD_735;PROD_7;2;1
ORD_735;PROD_26;2;2
ORD_736;PROD_38;7;5
ORD_736;PROD_2;7;4
ORD_736;PROD_49;8;5
ORD_736;PROD_3;4;1
ORD_736;PROD_10;8;4
ORD_736;PROD_50;3;4
ORD_736;PROD_21;4;5
ORD_736;PROD_35;7;1
ORD_736;PROD_28;2;2
ORD_736;PROD_49;7;2
ORD_736;PROD_42;2;1
ORD_736;PROD_2;6;1
ORD_736;PROD_3;5;3
ORD_736;PROD_13;1;5
ORD_736;PROD_6;7;2
ORD_737;PROD_17;2;5
ORD_737;PROD_45;1;2
ORD_737;PROD_5;3;1
ORD_737;PROD_20;8;2
ORD_737;PROD_4;9;2
ORD_737;PROD_36;4;3
ORD_737;PROD_30;8;3
ORD_737;PROD_29;4;2
ORD_737;PROD_20;1;2
ORD_738;PROD_9;2;3
ORD_738;PROD_23;4;1
ORD_738;PROD_25;8;4
ORD_738;PROD_35;8;3
ORD_738;PROD_26;1;3
ORD_738;PROD_49;7;3
ORD_738;PROD_43;7;1
ORD_738;PROD_19;9;3
ORD_738;PROD_28;1;2
ORD_738;PROD_13;5;1
ORD_738;PROD_26;8;2
ORD_738;PROD_20;3;3
ORD_738;PROD_29;9;4
ORD_739;PROD_9;5;1
ORD_739;PROD_23;6;3
ORD_739;PROD_17;1;1
ORD_739;PROD_45;2;1
ORD_739;PROD_5;7;2
ORD_739;PROD_20;9;2
ORD_739;PROD_40;6;5
ORD_739;PROD_37;4;4
ORD_739;PROD_24;5;2
ORD_740;PROD_43;8;3
ORD_740;PROD_47;5;5
ORD_740;PROD_19;2;1
ORD_740;PROD_48;3;5
ORD_740;PROD_19;8;2
ORD_740;PROD_5;3;2
ORD_740;PROD_17;5;3
ORD_740;PROD_4;5;3
ORD_741;PROD_44;5;4
ORD_741;PROD_17;4;1
ORD_741;PROD_4;9;4
ORD_741;PROD_3;9;1
ORD_741;PROD_25;7;5
ORD_741;PROD_9;1;2
ORD_741;PROD_23;3;1
ORD_741;PROD_39;9;3
ORD_741;PROD_21;1;3
ORD_741;PROD_17;1;5
ORD_741;PROD_41;7;5
ORD_742;PROD_44;3;4
ORD_742;PROD_17;5;2
ORD_742;PROD_4;8;4
ORD_742;PROD_3;5;2
ORD_742;PROD_25;3;4
ORD_742;PROD_7;8;2
ORD_742;PROD_45;3;2
ORD_742;PROD_29;6;2
ORD_742;PROD_2;2;4
ORD_742;PROD_50;9;5
ORD_742;PROD_27;5;3
ORD_742;PROD_23;7;2
ORD_743;PROD_9;4;1
ORD_743;PROD_23;8;1
ORD_743;PROD_22;6;1
ORD_743;PROD_28;3;2
ORD_743;PROD_12;4;4
ORD_743;PROD_32;3;1
ORD_743;PROD_25;3;4
ORD_743;PROD_31;7;1
ORD_743;PROD_16;8;2
ORD_744;PROD_23;4;2
ORD_744;PROD_43;5;5
ORD_744;PROD_26;4;3
ORD_744;PROD_29;9;2
ORD_744;PROD_21;7;2
ORD_744;PROD_30;1;4
ORD_744;PROD_49;4;5
ORD_744;PROD_8;1;1
ORD_744;PROD_46;1;5
ORD_744;PROD_14;1;3
ORD_744;PROD_14;6;2
ORD_744;PROD_26;8;5
ORD_744;PROD_33;2;4
ORD_745;PROD_40;5;2
ORD_745;PROD_37;4;2
ORD_745;PROD_24;2;1
ORD_745;PROD_23;2;2
ORD_745;PROD_29;9;5
ORD_746;PROD_31;4;4
ORD_746;PROD_3;9;4
ORD_746;PROD_22;4;2
ORD_746;PROD_46;7;5
ORD_746;PROD_15;5;5
ORD_746;PROD_35;1;3
ORD_746;PROD_49;3;2
ORD_746;PROD_28;5;3
ORD_746;PROD_17;7;3
ORD_746;PROD_44;8;3
ORD_746;PROD_10;8;1
ORD_746;PROD_32;4;3
ORD_746;PROD_43;3;1
ORD_746;PROD_38;8;4
ORD_746;PROD_26;1;1
ORD_747;PROD_31;2;3
ORD_747;PROD_3;4;5
ORD_747;PROD_22;2;4
ORD_747;PROD_46;3;2
ORD_747;PROD_2;3;2
ORD_747;PROD_50;8;4
ORD_747;PROD_27;4;5
ORD_747;PROD_30;3;4
ORD_747;PROD_21;1;5
ORD_747;PROD_42;3;3
ORD_747;PROD_28;7;2
ORD_748;PROD_5;7;2
ORD_748;PROD_48;7;4
ORD_748;PROD_21;4;1
ORD_748;PROD_50;8;4
ORD_748;PROD_17;9;3
ORD_748;PROD_9;2;3
ORD_748;PROD_23;4;4
ORD_748;PROD_32;2;4
ORD_748;PROD_6;7;5
ORD_748;PROD_9;8;1
ORD_748;PROD_20;3;5
ORD_748;PROD_17;4;3
ORD_748;PROD_10;3;3
ORD_748;PROD_31;9;3
ORD_749;PROD_40;7;4
ORD_749;PROD_37;5;4
ORD_749;PROD_24;3;5
ORD_749;PROD_23;8;5
ORD_749;PROD_29;8;1
ORD_749;PROD_34;2;3
ORD_749;PROD_21;2;3
ORD_749;PROD_18;3;4
ORD_749;PROD_34;8;5
ORD_749;PROD_21;1;4
ORD_750;PROD_12;2;1
ORD_750;PROD_2;7;1
ORD_750;PROD_39;3;4
ORD_750;PROD_11;6;5
ORD_750;PROD_12;9;5
ORD_750;PROD_2;9;3
ORD_750;PROD_39;5;3
ORD_750;PROD_11;8;5
ORD_750;PROD_31;7;5
ORD_750;PROD_3;4;5
ORD_750;PROD_22;4;2
ORD_750;PROD_46;6;2
ORD_750;PROD_30;5;3
ORD_751;PROD_7;2;3
ORD_751;PROD_45;7;2
ORD_751;PROD_29;1;2
ORD_751;PROD_9;6;4
ORD_751;PROD_23;5;4
ORD_751;PROD_40;2;3
ORD_751;PROD_37;4;1
ORD_751;PROD_24;8;3
ORD_751;PROD_23;9;3
ORD_751;PROD_29;2;4
ORD_751;PROD_20;5;5
ORD_751;PROD_37;7;1
ORD_751;PROD_12;8;4
ORD_752;PROD_31;8;2
ORD_752;PROD_3;6;5
ORD_752;PROD_22;5;2
ORD_752;PROD_46;1;3
ORD_752;PROD_33;3;4
ORD_752;PROD_40;9;4
ORD_752;PROD_18;3;5
ORD_752;PROD_20;6;4
ORD_752;PROD_24;1;1
ORD_752;PROD_37;5;2
ORD_752;PROD_2;7;5
ORD_752;PROD_33;3;1
ORD_753;PROD_2;2;4
ORD_753;PROD_50;9;5
ORD_753;PROD_27;1;5
ORD_753;PROD_2;9;5
ORD_753;PROD_50;5;2
ORD_753;PROD_27;5;2
ORD_754;PROD_45;5;2
ORD_754;PROD_25;6;1
ORD_754;PROD_29;4;5
ORD_754;PROD_49;7;4
ORD_754;PROD_34;7;2
ORD_754;PROD_9;6;5
ORD_754;PROD_24;9;2
ORD_754;PROD_2;6;4
ORD_754;PROD_15;3;4
ORD_754;PROD_22;2;5
ORD_754;PROD_48;1;3
ORD_754;PROD_41;6;5
ORD_754;PROD_23;5;4
ORD_754;PROD_41;5;3
ORD_755;PROD_49;2;3
ORD_755;PROD_21;3;3
ORD_755;PROD_47;5;4
ORD_755;PROD_19;3;4
ORD_755;PROD_8;9;4
ORD_755;PROD_24;8;3
ORD_755;PROD_15;8;3
ORD_755;PROD_32;1;2
ORD_755;PROD_40;1;5
ORD_756;PROD_2;6;4
ORD_756;PROD_50;6;2
ORD_756;PROD_27;1;4
ORD_756;PROD_46;8;3
ORD_756;PROD_9;2;1
ORD_757;PROD_34;7;5
ORD_757;PROD_21;5;4
ORD_757;PROD_18;2;3
ORD_757;PROD_46;8;1
ORD_757;PROD_13;7;2
ORD_757;PROD_16;6;5
ORD_757;PROD_49;8;5
ORD_757;PROD_27;2;5
ORD_757;PROD_2;6;2
ORD_757;PROD_50;4;5
ORD_758;PROD_5;1;2
ORD_758;PROD_19;2;3
ORD_758;PROD_38;9;3
ORD_758;PROD_45;7;4
ORD_758;PROD_50;2;2
ORD_758;PROD_23;9;4
ORD_758;PROD_1;4;3
ORD_758;PROD_3;4;4
ORD_758;PROD_21;7;3
ORD_758;PROD_35;4;5
ORD_758;PROD_22;4;2
ORD_758;PROD_33;6;3
ORD_758;PROD_45;7;4
ORD_758;PROD_41;8;3
ORD_759;PROD_31;1;5
ORD_759;PROD_3;8;4
ORD_759;PROD_22;6;3
ORD_759;PROD_46;5;3
ORD_759;PROD_46;2;4
ORD_759;PROD_9;1;4
ORD_759;PROD_28;4;4
ORD_759;PROD_5;9;3
ORD_759;PROD_44;4;2
ORD_759;PROD_17;8;4
ORD_759;PROD_4;3;5
ORD_759;PROD_3;2;4
ORD_760;PROD_17;2;1
ORD_760;PROD_15;3;5
ORD_760;PROD_41;4;5
ORD_760;PROD_33;9;5
ORD_760;PROD_41;1;3
ORD_760;PROD_38;7;2
ORD_760;PROD_48;1;3
ORD_760;PROD_11;8;1
ORD_760;PROD_25;1;5
ORD_760;PROD_14;8;4
ORD_760;PROD_27;3;2
ORD_760;PROD_33;5;5
ORD_760;PROD_11;2;3
ORD_760;PROD_31;6;3
ORD_761;PROD_12;2;2
ORD_761;PROD_2;7;4
ORD_761;PROD_39;6;5
ORD_761;PROD_11;2;5
ORD_761;PROD_7;5;5
ORD_761;PROD_45;1;2
ORD_761;PROD_29;4;3
ORD_761;PROD_35;6;5
ORD_761;PROD_25;8;3
ORD_761;PROD_25;8;4
ORD_761;PROD_25;7;4
ORD_762;PROD_31;7;5
ORD_762;PROD_42;1;5
ORD_762;PROD_5;9;1
ORD_762;PROD_13;6;5
ORD_762;PROD_23;3;4
ORD_762;PROD_38;2;5
ORD_762;PROD_46;8;1
ORD_762;PROD_3;8;1
ORD_762;PROD_32;6;2
ORD_762;PROD_2;9;5
ORD_762;PROD_28;6;1
ORD_762;PROD_2;3;3
ORD_762;PROD_40;7;5
ORD_762;PROD_1;9;1
ORD_762;PROD_12;3;1
ORD_763;PROD_5;6;2
ORD_763;PROD_48;7;4
ORD_763;PROD_21;4;2
ORD_763;PROD_50;4;5
ORD_763;PROD_17;6;2
ORD_763;PROD_27;4;3
ORD_763;PROD_32;4;2
ORD_763;PROD_47;3;5
ORD_763;PROD_48;5;5
ORD_763;PROD_40;8;3
ORD_763;PROD_40;4;5
ORD_763;PROD_6;3;5
ORD_763;PROD_6;6;3
ORD_764;PROD_40;1;2
ORD_764;PROD_37;4;5
ORD_764;PROD_24;8;1
ORD_764;PROD_23;6;2
ORD_764;PROD_29;9;3
ORD_764;PROD_20;3;3
ORD_765;PROD_18;6;1
ORD_765;PROD_24;2;1
ORD_765;PROD_38;4;2
ORD_765;PROD_25;5;5
ORD_765;PROD_3;7;3
ORD_765;PROD_43;5;5
ORD_765;PROD_12;7;2
ORD_765;PROD_45;7;5
ORD_765;PROD_4;4;3
ORD_765;PROD_48;8;3
ORD_765;PROD_47;5;4
ORD_766;PROD_5;4;5
ORD_766;PROD_48;4;3
ORD_766;PROD_21;6;5
ORD_766;PROD_50;3;4
ORD_766;PROD_17;3;5
ORD_766;PROD_40;9;2
ORD_766;PROD_37;1;1
ORD_766;PROD_24;8;4
ORD_766;PROD_23;7;5
ORD_766;PROD_29;5;1
ORD_766;PROD_2;4;2
ORD_767;PROD_37;4;5
ORD_767;PROD_24;1;3
ORD_767;PROD_45;2;3
ORD_767;PROD_10;2;5
ORD_767;PROD_34;9;5
ORD_767;PROD_8;4;2
ORD_767;PROD_16;5;1
ORD_767;PROD_8;4;3
ORD_767;PROD_31;4;3
ORD_767;PROD_46;5;1
ORD_768;PROD_40;2;4
ORD_768;PROD_37;7;4
ORD_768;PROD_24;8;4
ORD_768;PROD_23;2;2
ORD_768;PROD_29;7;1
ORD_769;PROD_45;2;2
ORD_769;PROD_25;4;2
ORD_769;PROD_22;4;1
ORD_769;PROD_27;8;5
ORD_769;PROD_32;8;4
ORD_769;PROD_42;6;2
ORD_770;PROD_4;2;3
ORD_770;PROD_48;1;3
ORD_770;PROD_43;5;2
ORD_770;PROD_45;4;3
ORD_770;PROD_11;2;1
ORD_770;PROD_47;4;1
ORD_770;PROD_8;3;1
ORD_770;PROD_42;3;2
ORD_770;PROD_49;4;5
ORD_770;PROD_15;1;3
ORD_770;PROD_28;9;2
ORD_770;PROD_28;6;1
ORD_770;PROD_3;1;1
ORD_770;PROD_16;5;3
ORD_770;PROD_25;9;5
ORD_771;PROD_46;1;3
ORD_771;PROD_13;1;2
ORD_771;PROD_16;1;1
ORD_771;PROD_49;5;1
ORD_771;PROD_27;6;5
ORD_771;PROD_13;7;4
ORD_771;PROD_2;4;3
ORD_772;PROD_34;8;1
ORD_772;PROD_21;3;2
ORD_772;PROD_18;8;1
ORD_772;PROD_13;9;1
ORD_772;PROD_16;9;5
ORD_773;PROD_6;6;5
ORD_773;PROD_18;8;3
ORD_773;PROD_49;5;5
ORD_773;PROD_1;7;3
ORD_773;PROD_19;5;2
ORD_774;PROD_40;9;2
ORD_774;PROD_37;5;2
ORD_774;PROD_24;8;1
ORD_774;PROD_23;2;1
ORD_774;PROD_29;9;3
ORD_774;PROD_32;7;2
ORD_774;PROD_8;8;4
ORD_774;PROD_5;9;5
ORD_775;PROD_17;5;5
ORD_775;PROD_45;4;5
ORD_775;PROD_5;8;1
ORD_775;PROD_20;6;4
ORD_775;PROD_12;3;1
ORD_775;PROD_2;4;5
ORD_775;PROD_39;5;1
ORD_776;PROD_9;2;1
ORD_776;PROD_23;6;2
ORD_776;PROD_46;1;4
ORD_776;PROD_13;7;2
ORD_776;PROD_16;4;2
ORD_776;PROD_49;4;5
ORD_776;PROD_27;6;2
ORD_776;PROD_5;1;2
ORD_776;PROD_48;6;2
ORD_777;PROD_1;1;4
ORD_777;PROD_45;3;4
ORD_777;PROD_20;4;5
ORD_777;PROD_19;9;2
ORD_777;PROD_50;2;4
ORD_777;PROD_10;6;3
ORD_777;PROD_38;3;2
ORD_777;PROD_13;5;5
ORD_777;PROD_13;3;3
ORD_777;PROD_7;4;4
ORD_777;PROD_6;9;3
ORD_777;PROD_40;8;1
ORD_777;PROD_3;6;1
ORD_777;PROD_17;8;1
ORD_778;PROD_46;6;2
ORD_778;PROD_13;2;4
ORD_778;PROD_16;7;1
ORD_778;PROD_49;9;4
ORD_778;PROD_27;6;1
ORD_778;PROD_17;1;1
ORD_778;PROD_45;1;4
ORD_778;PROD_5;4;4
ORD_778;PROD_20;5;4
ORD_779;PROD_34;9;3
ORD_779;PROD_20;1;1
ORD_779;PROD_16;1;4
ORD_779;PROD_44;8;3
ORD_779;PROD_9;8;5
ORD_779;PROD_27;6;4
ORD_779;PROD_27;1;5
ORD_779;PROD_18;4;2
ORD_780;PROD_6;4;4
ORD_780;PROD_30;1;1
ORD_780;PROD_41;1;5
ORD_780;PROD_28;9;1
ORD_780;PROD_13;1;5
ORD_780;PROD_13;7;1
ORD_781;PROD_46;4;3
ORD_781;PROD_13;5;4
ORD_781;PROD_16;2;1
ORD_781;PROD_49;3;3
ORD_781;PROD_27;2;5
ORD_781;PROD_40;2;2
ORD_781;PROD_37;3;1
ORD_781;PROD_24;7;1
ORD_781;PROD_23;7;3
ORD_781;PROD_29;1;3
ORD_781;PROD_45;3;1
ORD_781;PROD_1;4;4
ORD_781;PROD_14;5;5
ORD_781;PROD_45;4;1
ORD_782;PROD_46;7;1
ORD_782;PROD_9;6;4
ORD_782;PROD_28;4;5
ORD_782;PROD_5;6;3
ORD_782;PROD_9;9;5
ORD_782;PROD_23;3;5
ORD_782;PROD_42;9;1
ORD_783;PROD_7;5;5
ORD_783;PROD_45;3;2
ORD_783;PROD_29;5;1
ORD_783;PROD_5;2;3
ORD_783;PROD_48;6;1
ORD_783;PROD_21;7;4
ORD_783;PROD_50;6;3
ORD_783;PROD_17;7;1
ORD_783;PROD_7;8;1
ORD_783;PROD_45;1;4
ORD_783;PROD_29;4;5
ORD_784;PROD_5;1;1
ORD_784;PROD_48;2;5
ORD_784;PROD_21;7;4
ORD_784;PROD_50;9;2
ORD_784;PROD_17;1;3
ORD_784;PROD_16;9;3
ORD_784;PROD_29;7;4
ORD_784;PROD_44;3;3
ORD_784;PROD_7;6;1
ORD_785;PROD_40;1;5
ORD_785;PROD_37;2;3
ORD_785;PROD_24;8;4
ORD_785;PROD_23;4;2
ORD_785;PROD_29;9;4
ORD_785;PROD_34;9;4
ORD_785;PROD_30;6;3
ORD_785;PROD_8;2;2
ORD_785;PROD_34;9;1
ORD_786;PROD_9;4;4
ORD_786;PROD_23;5;2
ORD_786;PROD_5;4;3
ORD_786;PROD_48;8;1
ORD_786;PROD_21;3;5
ORD_786;PROD_50;5;1
ORD_786;PROD_17;2;2
ORD_787;PROD_5;9;1
ORD_787;PROD_48;5;4
ORD_787;PROD_21;3;5
ORD_787;PROD_50;8;5
ORD_787;PROD_17;3;4
ORD_787;PROD_5;4;1
ORD_787;PROD_48;3;2
ORD_787;PROD_21;7;4
ORD_788;PROD_40;6;2
ORD_788;PROD_37;7;1
ORD_788;PROD_24;4;3
ORD_788;PROD_23;4;4
ORD_788;PROD_29;6;5
ORD_788;PROD_7;7;5
ORD_788;PROD_45;6;3
ORD_788;PROD_29;8;5
ORD_788;PROD_20;6;5
ORD_788;PROD_10;2;1
ORD_788;PROD_28;8;5
ORD_788;PROD_50;8;5
ORD_789;PROD_7;6;3
ORD_789;PROD_45;6;1
ORD_789;PROD_29;6;5
ORD_789;PROD_8;5;2
ORD_789;PROD_31;4;1
ORD_789;PROD_1;7;5
ORD_789;PROD_41;4;5
ORD_789;PROD_9;9;4
ORD_789;PROD_45;6;4
ORD_789;PROD_25;5;1
ORD_789;PROD_13;5;5
ORD_789;PROD_13;4;4
ORD_789;PROD_35;9;5
ORD_789;PROD_33;2;2
ORD_789;PROD_18;5;1
ORD_790;PROD_12;5;2
ORD_790;PROD_41;6;4
ORD_790;PROD_22;3;2
ORD_790;PROD_46;7;3
ORD_790;PROD_8;7;3
ORD_791;PROD_7;2;1
ORD_791;PROD_45;7;1
ORD_791;PROD_29;7;2
ORD_791;PROD_9;6;3
ORD_791;PROD_23;9;3
ORD_791;PROD_41;2;3
ORD_791;PROD_22;4;4
ORD_791;PROD_19;1;4
ORD_791;PROD_25;1;4
ORD_791;PROD_25;3;5
ORD_791;PROD_43;3;4
ORD_791;PROD_43;5;1
ORD_791;PROD_28;9;4
ORD_791;PROD_49;9;2
ORD_791;PROD_45;2;3
ORD_792;PROD_46;3;1
ORD_792;PROD_9;3;3
ORD_792;PROD_28;8;1
ORD_792;PROD_5;7;2
ORD_792;PROD_17;8;4
ORD_793;PROD_34;5;3
ORD_793;PROD_21;3;3
ORD_793;PROD_18;8;1
ORD_793;PROD_44;3;1
ORD_793;PROD_17;4;2
ORD_793;PROD_4;1;2
ORD_793;PROD_3;9;4
ORD_794;PROD_17;7;4
ORD_794;PROD_45;6;1
ORD_794;PROD_5;9;2
ORD_794;PROD_20;6;1
ORD_794;PROD_22;2;2
ORD_794;PROD_34;6;3
ORD_794;PROD_48;4;4
ORD_794;PROD_22;9;5
ORD_794;PROD_4;9;1
ORD_795;PROD_44;8;1
ORD_795;PROD_17;1;4
ORD_795;PROD_4;5;3
ORD_795;PROD_3;9;5
ORD_795;PROD_25;3;3
ORD_795;PROD_46;4;2
ORD_795;PROD_9;9;2
ORD_795;PROD_28;6;4
ORD_795;PROD_5;4;3
ORD_795;PROD_34;2;1
ORD_795;PROD_2;5;2
ORD_795;PROD_33;4;2
ORD_795;PROD_40;9;5
ORD_795;PROD_15;8;4
ORD_795;PROD_14;3;5
ORD_796;PROD_2;2;3
ORD_796;PROD_50;1;4
ORD_796;PROD_27;4;3
ORD_796;PROD_45;2;1
ORD_796;PROD_39;2;4
ORD_796;PROD_50;7;1
ORD_796;PROD_23;6;1
ORD_796;PROD_5;1;4
ORD_796;PROD_34;2;3
ORD_796;PROD_27;6;4
ORD_796;PROD_49;7;5
ORD_796;PROD_33;8;1
ORD_797;PROD_29;7;1
ORD_797;PROD_38;8;3
ORD_797;PROD_32;2;2
ORD_797;PROD_14;1;4
ORD_797;PROD_31;4;2
ORD_797;PROD_43;3;1
ORD_797;PROD_8;1;5
ORD_797;PROD_19;1;3
ORD_797;PROD_7;9;4
ORD_797;PROD_18;7;3
ORD_797;PROD_18;2;3
ORD_797;PROD_37;5;2
ORD_797;PROD_23;3;1
ORD_797;PROD_24;3;4
ORD_798;PROD_17;2;2
ORD_798;PROD_45;4;3
ORD_798;PROD_5;7;2
ORD_798;PROD_20;3;5
ORD_798;PROD_31;1;3
ORD_798;PROD_3;6;4
ORD_799;PROD_31;1;2
ORD_799;PROD_3;2;3
ORD_799;PROD_22;4;3
ORD_799;PROD_46;9;3
ORD_799;PROD_34;9;4
ORD_799;PROD_49;7;2
ORD_799;PROD_11;9;3
ORD_799;PROD_4;4;3
ORD_799;PROD_7;5;3
ORD_799;PROD_25;5;1
ORD_799;PROD_35;7;1
ORD_799;PROD_9;1;1
ORD_799;PROD_22;7;2
ORD_800;PROD_31;7;5
ORD_800;PROD_3;9;2
ORD_800;PROD_22;5;3
ORD_800;PROD_46;6;4
ORD_800;PROD_29;7;1
ORD_801;PROD_11;8;3
ORD_801;PROD_40;3;5
ORD_801;PROD_45;6;4
ORD_801;PROD_30;7;2
ORD_801;PROD_22;2;4
ORD_801;PROD_49;6;5
ORD_801;PROD_43;5;5
ORD_801;PROD_22;6;5
ORD_801;PROD_4;1;4
ORD_801;PROD_5;1;1
ORD_801;PROD_22;7;2
ORD_801;PROD_32;7;5
ORD_801;PROD_11;7;3
ORD_801;PROD_38;2;5
ORD_802;PROD_46;6;4
ORD_802;PROD_13;4;3
ORD_802;PROD_16;1;5
ORD_802;PROD_49;7;2
ORD_802;PROD_27;4;5
ORD_803;PROD_12;1;1
ORD_803;PROD_2;5;5
ORD_803;PROD_39;9;2
ORD_803;PROD_11;6;5
ORD_803;PROD_46;1;2
ORD_804;PROD_2;2;1
ORD_804;PROD_50;8;2
ORD_804;PROD_27;3;1
ORD_804;PROD_46;7;5
ORD_804;PROD_13;3;2
ORD_804;PROD_16;1;1
ORD_804;PROD_49;8;3
ORD_804;PROD_27;5;1
ORD_804;PROD_19;1;4
ORD_805;PROD_44;4;3
ORD_805;PROD_17;2;4
ORD_805;PROD_4;2;3
ORD_805;PROD_3;5;1
ORD_805;PROD_25;3;4
ORD_805;PROD_22;8;4
ORD_805;PROD_30;1;5
ORD_805;PROD_31;3;5
ORD_805;PROD_34;2;3
ORD_805;PROD_29;6;5
ORD_805;PROD_1;8;1
ORD_805;PROD_38;5;5
ORD_805;PROD_3;8;4
ORD_806;PROD_33;9;5
ORD_806;PROD_29;8;4
ORD_806;PROD_5;2;4
ORD_806;PROD_9;9;3
ORD_806;PROD_23;1;5
ORD_806;PROD_33;2;3
ORD_806;PROD_17;2;1
ORD_806;PROD_22;2;5
ORD_806;PROD_23;1;2
ORD_806;PROD_1;3;2
ORD_806;PROD_30;7;2
ORD_806;PROD_46;3;4
ORD_807;PROD_24;4;3
ORD_807;PROD_17;9;1
ORD_807;PROD_48;8;1
ORD_807;PROD_27;9;5
ORD_807;PROD_27;5;5
ORD_807;PROD_28;4;1
ORD_807;PROD_17;5;1
ORD_807;PROD_46;6;2
ORD_807;PROD_10;6;4
ORD_807;PROD_18;9;3
ORD_807;PROD_30;4;1
ORD_807;PROD_42;3;3
ORD_808;PROD_44;1;5
ORD_808;PROD_17;4;3
ORD_808;PROD_4;9;3
ORD_808;PROD_3;9;5
ORD_808;PROD_25;7;3
ORD_808;PROD_17;5;1
ORD_808;PROD_1;7;3
ORD_808;PROD_10;9;5
ORD_808;PROD_46;7;3
ORD_809;PROD_13;3;2
ORD_809;PROD_36;9;2
ORD_809;PROD_30;4;1
ORD_809;PROD_39;7;2
ORD_809;PROD_48;7;2
ORD_809;PROD_2;9;1
ORD_809;PROD_18;5;1
ORD_809;PROD_15;1;3
ORD_809;PROD_25;5;3
ORD_809;PROD_14;5;4
ORD_809;PROD_27;1;4
ORD_809;PROD_17;2;4
ORD_810;PROD_17;3;3
ORD_810;PROD_45;3;1
ORD_810;PROD_5;9;5
ORD_810;PROD_20;4;4
ORD_810;PROD_34;9;1
ORD_810;PROD_21;4;4
ORD_810;PROD_18;4;1
ORD_810;PROD_3;9;4
ORD_810;PROD_33;7;2
ORD_810;PROD_5;5;3
ORD_810;PROD_37;3;1
ORD_810;PROD_48;5;1
ORD_811;PROD_22;3;5
ORD_811;PROD_47;4;3
ORD_811;PROD_22;6;3
ORD_811;PROD_32;4;5
ORD_811;PROD_50;9;2
ORD_811;PROD_33;3;2
ORD_812;PROD_2;8;3
ORD_812;PROD_50;8;1
ORD_812;PROD_27;2;2
ORD_812;PROD_44;6;1
ORD_812;PROD_17;2;2
ORD_812;PROD_4;2;3
ORD_813;PROD_33;1;2
ORD_813;PROD_6;2;3
ORD_813;PROD_31;9;3
ORD_813;PROD_25;7;4
ORD_813;PROD_50;4;2
ORD_813;PROD_44;8;3
ORD_814;PROD_40;4;1
ORD_814;PROD_37;1;3
ORD_814;PROD_24;3;3
ORD_814;PROD_23;5;2
ORD_814;PROD_29;5;4
ORD_815;PROD_40;7;5
ORD_815;PROD_37;1;2
ORD_815;PROD_24;6;3
ORD_815;PROD_23;2;2
ORD_815;PROD_29;5;2
ORD_815;PROD_46;9;4
ORD_815;PROD_9;6;4
ORD_815;PROD_28;5;2
ORD_815;PROD_5;3;5
ORD_815;PROD_2;7;5
ORD_815;PROD_34;6;2
ORD_815;PROD_43;5;4
ORD_816;PROD_18;9;1
ORD_816;PROD_11;5;3
ORD_816;PROD_41;1;2
ORD_816;PROD_48;1;2
ORD_816;PROD_30;8;1
ORD_816;PROD_15;2;4
ORD_816;PROD_48;6;1
ORD_816;PROD_34;5;1
ORD_816;PROD_15;2;5
ORD_817;PROD_31;4;5
ORD_817;PROD_3;7;4
ORD_817;PROD_22;9;5
ORD_817;PROD_46;1;4
ORD_817;PROD_5;9;1
ORD_817;PROD_40;6;2
ORD_817;PROD_34;3;1
ORD_817;PROD_19;2;5
ORD_817;PROD_3;6;2
ORD_817;PROD_6;6;4
ORD_817;PROD_3;6;1
ORD_817;PROD_43;6;4
ORD_818;PROD_46;4;2
ORD_818;PROD_9;5;2
ORD_818;PROD_28;9;2
ORD_818;PROD_5;9;5
ORD_818;PROD_5;6;4
ORD_818;PROD_48;9;5
ORD_818;PROD_21;8;4
ORD_818;PROD_50;9;4
ORD_818;PROD_17;2;4
ORD_818;PROD_17;5;3
ORD_818;PROD_45;9;5
ORD_818;PROD_5;2;2
ORD_819;PROD_17;9;2
ORD_819;PROD_6;9;4
ORD_819;PROD_30;3;1
ORD_819;PROD_17;7;5
ORD_819;PROD_31;6;3
ORD_819;PROD_49;3;5
ORD_819;PROD_2;2;1
ORD_820;PROD_42;5;4
ORD_820;PROD_27;5;2
ORD_820;PROD_46;5;2
ORD_820;PROD_33;3;3
ORD_820;PROD_18;3;1
ORD_820;PROD_37;8;4
ORD_820;PROD_13;2;4
ORD_820;PROD_39;9;3
ORD_820;PROD_19;9;2
ORD_820;PROD_30;7;1
ORD_820;PROD_45;6;5
ORD_820;PROD_8;6;3
ORD_821;PROD_31;7;4
ORD_821;PROD_3;5;1
ORD_821;PROD_22;2;1
ORD_821;PROD_46;5;1
ORD_821;PROD_49;7;3
ORD_822;PROD_5;2;1
ORD_822;PROD_48;9;1
ORD_822;PROD_21;3;4
ORD_822;PROD_50;5;2
ORD_822;PROD_17;5;2
ORD_822;PROD_12;3;1
ORD_822;PROD_2;9;4
ORD_822;PROD_39;6;5
ORD_822;PROD_11;4;1
ORD_822;PROD_46;2;3
ORD_823;PROD_45;3;4
ORD_823;PROD_49;1;1
ORD_823;PROD_39;1;4
ORD_823;PROD_14;6;5
ORD_823;PROD_48;4;5
ORD_824;PROD_35;4;3
ORD_824;PROD_16;2;3
ORD_824;PROD_33;9;3
ORD_824;PROD_3;5;1
ORD_824;PROD_16;5;2
ORD_824;PROD_48;1;5
ORD_824;PROD_30;3;5
ORD_824;PROD_32;3;2
ORD_824;PROD_23;1;1
ORD_824;PROD_34;7;1
ORD_824;PROD_41;9;2
ORD_825;PROD_46;9;5
ORD_825;PROD_9;3;3
ORD_825;PROD_28;3;4
ORD_825;PROD_5;3;2
ORD_825;PROD_12;4;3
ORD_825;PROD_2;1;4
ORD_825;PROD_39;4;4
ORD_825;PROD_11;5;3
ORD_825;PROD_9;1;4
ORD_825;PROD_23;3;2
ORD_825;PROD_39;1;5
ORD_825;PROD_40;9;4
ORD_825;PROD_41;6;3
ORD_826;PROD_24;7;3
ORD_826;PROD_29;7;3
ORD_826;PROD_15;3;3
ORD_826;PROD_31;7;3
ORD_826;PROD_21;4;2
ORD_826;PROD_18;6;3
ORD_826;PROD_34;4;2
ORD_826;PROD_23;8;3
ORD_826;PROD_1;1;1
ORD_826;PROD_3;1;1
ORD_826;PROD_5;8;4
ORD_826;PROD_1;3;1
ORD_826;PROD_30;7;1
ORD_826;PROD_45;9;2
ORD_827;PROD_34;9;2
ORD_827;PROD_21;4;3
ORD_827;PROD_18;4;5
ORD_827;PROD_46;2;4
ORD_827;PROD_4;6;4
ORD_827;PROD_18;1;3
ORD_827;PROD_21;6;1
ORD_827;PROD_32;8;3
ORD_827;PROD_5;9;4
ORD_827;PROD_13;6;1
ORD_827;PROD_11;1;2
ORD_827;PROD_45;9;5
ORD_827;PROD_49;3;4
ORD_828;PROD_9;9;4
ORD_828;PROD_23;3;5
ORD_828;PROD_2;5;3
ORD_828;PROD_50;3;5
ORD_828;PROD_27;9;2
ORD_828;PROD_2;8;2
ORD_828;PROD_50;7;3
ORD_828;PROD_27;7;3
ORD_828;PROD_7;3;5
ORD_828;PROD_10;1;1
ORD_828;PROD_10;3;5
ORD_829;PROD_7;4;5
ORD_829;PROD_12;8;3
ORD_829;PROD_33;9;4
ORD_829;PROD_44;5;4
ORD_829;PROD_7;3;3
ORD_829;PROD_1;1;3
ORD_829;PROD_9;9;5
ORD_829;PROD_48;8;3
ORD_830;PROD_44;3;1
ORD_830;PROD_35;7;2
ORD_830;PROD_48;3;1
ORD_830;PROD_30;6;1
ORD_830;PROD_36;2;4
ORD_830;PROD_36;7;1
ORD_830;PROD_6;1;3
ORD_830;PROD_31;4;5
ORD_830;PROD_34;5;4
ORD_830;PROD_41;4;4
ORD_830;PROD_18;3;2
ORD_831;PROD_5;7;1
ORD_831;PROD_48;5;3
ORD_831;PROD_21;5;1
ORD_831;PROD_50;3;2
ORD_831;PROD_17;8;5
ORD_831;PROD_2;1;1
ORD_831;PROD_50;2;2
ORD_831;PROD_27;6;3
ORD_832;PROD_9;6;1
ORD_832;PROD_23;3;4
ORD_832;PROD_28;9;3
ORD_832;PROD_7;1;4
ORD_832;PROD_33;9;1
ORD_832;PROD_1;9;2
ORD_833;PROD_5;3;2
ORD_833;PROD_48;2;3
ORD_833;PROD_21;3;5
ORD_833;PROD_50;4;1
ORD_833;PROD_17;6;2
ORD_833;PROD_5;3;3
ORD_833;PROD_50;6;3
ORD_833;PROD_22;2;3
ORD_834;PROD_7;6;5
ORD_834;PROD_45;1;2
ORD_834;PROD_29;2;4
ORD_834;PROD_5;7;2
ORD_834;PROD_48;6;4
ORD_834;PROD_21;5;1
ORD_834;PROD_50;9;2
ORD_834;PROD_17;8;1
ORD_834;PROD_34;9;2
ORD_834;PROD_34;1;4
ORD_835;PROD_28;6;1
ORD_835;PROD_27;8;4
ORD_835;PROD_29;9;5
ORD_835;PROD_32;9;2
ORD_835;PROD_48;7;3
ORD_835;PROD_34;8;2
ORD_835;PROD_2;2;5
ORD_836;PROD_46;6;5
ORD_836;PROD_13;5;5
ORD_836;PROD_16;8;2
ORD_836;PROD_49;5;3
ORD_836;PROD_27;6;2
ORD_836;PROD_44;1;5
ORD_836;PROD_12;7;5
ORD_836;PROD_32;4;1
ORD_836;PROD_23;3;1
ORD_836;PROD_18;5;2
ORD_836;PROD_12;3;2
ORD_836;PROD_31;3;2
ORD_836;PROD_45;2;3
ORD_837;PROD_2;1;1
ORD_837;PROD_50;3;1
ORD_837;PROD_27;2;4
ORD_837;PROD_4;8;2
ORD_837;PROD_24;4;2
ORD_837;PROD_14;4;2
ORD_837;PROD_8;4;3
ORD_837;PROD_12;5;3
ORD_837;PROD_4;1;2
ORD_837;PROD_17;9;5
ORD_838;PROD_9;1;1
ORD_838;PROD_23;8;2
ORD_838;PROD_46;3;3
ORD_838;PROD_9;5;5
ORD_838;PROD_28;4;5
ORD_838;PROD_5;1;4
ORD_838;PROD_12;5;1
ORD_839;PROD_12;6;3
ORD_839;PROD_2;7;1
ORD_839;PROD_39;4;2
ORD_839;PROD_11;6;2
ORD_839;PROD_45;1;2
ORD_839;PROD_14;8;2
ORD_839;PROD_46;9;5
ORD_839;PROD_6;3;3
ORD_839;PROD_26;7;5
ORD_839;PROD_17;5;5
ORD_839;PROD_7;9;2
ORD_839;PROD_8;6;2
ORD_840;PROD_46;9;4
ORD_840;PROD_13;3;2
ORD_840;PROD_16;6;5
ORD_840;PROD_49;6;3
ORD_840;PROD_27;2;5
ORD_840;PROD_44;3;2
ORD_840;PROD_17;4;3
ORD_840;PROD_4;4;1
ORD_841;PROD_44;3;3
ORD_841;PROD_17;6;2
ORD_841;PROD_4;9;1
ORD_841;PROD_3;9;4
ORD_841;PROD_25;8;2
ORD_841;PROD_46;2;1
ORD_841;PROD_13;6;5
ORD_841;PROD_16;1;4
ORD_841;PROD_49;8;5
ORD_841;PROD_27;8;5
ORD_842;PROD_40;9;5
ORD_842;PROD_37;3;5
ORD_842;PROD_24;6;2
ORD_842;PROD_23;9;3
ORD_842;PROD_29;9;1
ORD_842;PROD_46;2;2
ORD_842;PROD_9;3;1
ORD_843;PROD_17;3;3
ORD_843;PROD_45;8;3
ORD_843;PROD_5;6;2
ORD_843;PROD_20;1;1
ORD_843;PROD_13;7;1
ORD_843;PROD_15;1;1
ORD_843;PROD_2;8;4
ORD_843;PROD_39;7;3
ORD_843;PROD_22;2;4
ORD_843;PROD_3;5;3
ORD_843;PROD_7;9;1
ORD_843;PROD_28;5;3
ORD_843;PROD_36;1;4
ORD_844;PROD_5;5;5
ORD_844;PROD_48;6;3
ORD_844;PROD_21;7;3
ORD_844;PROD_50;5;1
ORD_844;PROD_17;1;4
ORD_844;PROD_2;2;1
ORD_844;PROD_50;7;4
ORD_844;PROD_27;9;5
ORD_844;PROD_5;9;1
ORD_844;PROD_48;6;4
ORD_845;PROD_31;7;5
ORD_845;PROD_3;1;3
ORD_845;PROD_22;4;3
ORD_845;PROD_46;9;1
ORD_845;PROD_44;3;4
ORD_845;PROD_5;2;1
ORD_845;PROD_29;3;4
ORD_845;PROD_8;3;4
ORD_845;PROD_48;9;3
ORD_845;PROD_29;3;4
ORD_846;PROD_26;4;2
ORD_846;PROD_33;1;4
ORD_846;PROD_2;5;1
ORD_846;PROD_3;4;2
ORD_846;PROD_27;3;1
ORD_846;PROD_43;1;5
ORD_846;PROD_5;2;1
ORD_846;PROD_16;6;3
ORD_846;PROD_5;8;3
ORD_846;PROD_42;7;5
ORD_847;PROD_17;3;5
ORD_847;PROD_45;2;4
ORD_847;PROD_5;1;2
ORD_847;PROD_20;6;2
ORD_847;PROD_31;1;2
ORD_847;PROD_3;9;1
ORD_847;PROD_22;7;3
ORD_847;PROD_46;3;5
ORD_847;PROD_46;4;4
ORD_847;PROD_9;3;1
ORD_847;PROD_28;6;5
ORD_847;PROD_5;7;4
ORD_847;PROD_10;7;4
ORD_847;PROD_7;1;2
ORD_847;PROD_2;3;3
ORD_848;PROD_40;1;3
ORD_848;PROD_37;1;5
ORD_848;PROD_24;8;1
ORD_848;PROD_23;2;1
ORD_848;PROD_29;3;4
ORD_848;PROD_21;8;1
ORD_848;PROD_1;9;5
ORD_848;PROD_6;7;4
ORD_848;PROD_20;5;1
ORD_848;PROD_36;4;2
ORD_848;PROD_45;6;5
ORD_848;PROD_25;3;3
ORD_849;PROD_12;6;2
ORD_849;PROD_2;5;5
ORD_849;PROD_39;1;5
ORD_849;PROD_11;2;1
ORD_849;PROD_26;7;3
ORD_849;PROD_1;6;2
ORD_849;PROD_26;1;2
ORD_849;PROD_22;8;2
ORD_850;PROD_44;5;1
ORD_850;PROD_17;4;3
ORD_850;PROD_4;2;5
ORD_850;PROD_3;5;4
ORD_850;PROD_25;2;1
ORD_850;PROD_22;7;1
ORD_850;PROD_48;6;4
ORD_850;PROD_29;5;2
ORD_850;PROD_43;5;4
ORD_851;PROD_7;2;5
ORD_851;PROD_45;1;5
ORD_851;PROD_29;9;4
ORD_851;PROD_46;6;1
ORD_851;PROD_1;4;4
ORD_851;PROD_15;3;2
ORD_851;PROD_20;3;5
ORD_851;PROD_47;7;5
ORD_851;PROD_44;4;2
ORD_852;PROD_12;3;3
ORD_852;PROD_2;9;5
ORD_852;PROD_39;7;2
ORD_852;PROD_11;7;2
ORD_852;PROD_40;9;5
ORD_852;PROD_37;3;3
ORD_852;PROD_24;6;3
ORD_852;PROD_23;2;2
ORD_852;PROD_29;9;5
ORD_852;PROD_13;2;5
ORD_852;PROD_22;5;2
ORD_852;PROD_47;8;5
ORD_852;PROD_40;5;5
ORD_853;PROD_9;9;4
ORD_853;PROD_23;4;5
ORD_853;PROD_43;1;4
ORD_853;PROD_24;3;2
ORD_853;PROD_15;8;3
ORD_853;PROD_6;4;2
ORD_853;PROD_36;7;2
ORD_853;PROD_28;2;1
ORD_853;PROD_14;1;2
ORD_854;PROD_40;9;2
ORD_854;PROD_37;4;5
ORD_854;PROD_24;8;2
ORD_854;PROD_23;7;5
ORD_854;PROD_29;8;4
ORD_854;PROD_46;6;5
ORD_854;PROD_13;6;1
ORD_854;PROD_16;9;2
ORD_854;PROD_49;6;3
ORD_854;PROD_27;8;4
ORD_854;PROD_17;3;1
ORD_855;PROD_31;6;4
ORD_855;PROD_3;8;3
ORD_855;PROD_22;5;3
ORD_855;PROD_46;2;3
ORD_855;PROD_24;9;2
ORD_855;PROD_22;8;1
ORD_855;PROD_4;2;5
ORD_855;PROD_1;5;3
ORD_855;PROD_35;7;4
ORD_855;PROD_1;1;2
ORD_856;PROD_46;7;5
ORD_856;PROD_13;8;1
ORD_856;PROD_16;4;3
ORD_856;PROD_49;6;4
ORD_856;PROD_27;6;1
ORD_856;PROD_2;8;1
ORD_857;PROD_44;3;5
ORD_857;PROD_17;9;4
ORD_857;PROD_4;2;4
ORD_857;PROD_3;9;5
ORD_857;PROD_25;5;1
ORD_857;PROD_14;9;1
ORD_857;PROD_27;1;3
ORD_857;PROD_36;3;4
ORD_857;PROD_5;5;5
ORD_857;PROD_25;1;3
ORD_857;PROD_22;2;5
ORD_857;PROD_20;5;2
ORD_857;PROD_33;7;4
ORD_857;PROD_37;9;4
ORD_858;PROD_9;5;5
ORD_858;PROD_23;9;5
ORD_858;PROD_12;5;4
ORD_858;PROD_2;3;3
ORD_858;PROD_39;2;3
ORD_858;PROD_11;3;4
ORD_858;PROD_4;9;4
ORD_858;PROD_50;3;5
ORD_859;PROD_12;2;1
ORD_859;PROD_2;2;2
ORD_859;PROD_39;3;2
ORD_859;PROD_11;4;3
ORD_859;PROD_7;6;2
ORD_859;PROD_45;8;4
ORD_859;PROD_29;8;5
ORD_859;PROD_44;7;1
ORD_859;PROD_34;7;1
ORD_859;PROD_15;5;1
ORD_859;PROD_40;2;5
ORD_859;PROD_41;1;3
ORD_860;PROD_28;7;4
ORD_860;PROD_42;1;4
ORD_860;PROD_19;1;5
ORD_860;PROD_13;5;5
ORD_860;PROD_46;9;5
ORD_860;PROD_11;9;3
ORD_860;PROD_35;4;2
ORD_861;PROD_27;6;1
ORD_861;PROD_34;1;1
ORD_861;PROD_2;9;4
ORD_861;PROD_28;5;3
ORD_861;PROD_30;5;5
ORD_861;PROD_6;9;4
ORD_861;PROD_47;8;1
ORD_861;PROD_41;3;4
ORD_861;PROD_41;8;3
ORD_861;PROD_28;3;1
ORD_862;PROD_9;8;5
ORD_862;PROD_23;1;2
ORD_862;PROD_46;5;2
ORD_862;PROD_9;1;5
ORD_862;PROD_28;2;4
ORD_862;PROD_5;9;1
ORD_862;PROD_35;9;2
ORD_862;PROD_25;3;2
ORD_862;PROD_8;1;1
ORD_862;PROD_48;9;4
ORD_862;PROD_47;6;5
ORD_862;PROD_40;6;1
ORD_862;PROD_42;3;5
ORD_862;PROD_37;5;1
ORD_863;PROD_46;4;5
ORD_863;PROD_9;4;4
ORD_863;PROD_28;1;3
ORD_863;PROD_5;2;5
ORD_863;PROD_22;7;2
ORD_863;PROD_11;6;1
ORD_863;PROD_14;7;1
ORD_863;PROD_29;2;3
ORD_863;PROD_11;1;5
ORD_863;PROD_7;6;5
ORD_863;PROD_15;8;2
ORD_863;PROD_7;3;4
ORD_863;PROD_37;2;5
ORD_863;PROD_44;1;4
ORD_864;PROD_17;9;5
ORD_864;PROD_45;8;3
ORD_864;PROD_5;2;4
ORD_864;PROD_20;7;4
ORD_864;PROD_28;1;2
ORD_864;PROD_32;1;2
ORD_864;PROD_30;7;1
ORD_865;PROD_3;1;2
ORD_865;PROD_32;1;4
ORD_865;PROD_38;8;3
ORD_865;PROD_22;7;4
ORD_865;PROD_12;6;5
ORD_865;PROD_17;9;2
ORD_865;PROD_32;3;3
ORD_865;PROD_10;4;5
ORD_865;PROD_24;2;3
ORD_865;PROD_40;5;4
ORD_865;PROD_31;7;4
ORD_866;PROD_7;2;4
ORD_866;PROD_45;8;4
ORD_866;PROD_29;8;2
ORD_866;PROD_13;2;5
ORD_866;PROD_30;6;5
ORD_867;PROD_12;2;1
ORD_867;PROD_8;3;1
ORD_867;PROD_35;4;4
ORD_867;PROD_10;5;3
ORD_867;PROD_43;2;3
ORD_867;PROD_29;7;5
ORD_867;PROD_12;5;1
ORD_867;PROD_15;2;5
ORD_867;PROD_1;6;2
ORD_867;PROD_10;9;2
ORD_867;PROD_21;6;2
ORD_867;PROD_29;2;2
ORD_867;PROD_3;8;3
ORD_868;PROD_34;8;5
ORD_868;PROD_21;5;3
ORD_868;PROD_18;6;4
ORD_868;PROD_5;1;2
ORD_868;PROD_48;5;2
ORD_868;PROD_21;8;5
ORD_868;PROD_50;7;2
ORD_868;PROD_17;5;3
ORD_868;PROD_30;3;1
ORD_868;PROD_12;6;1
ORD_869;PROD_46;8;3
ORD_869;PROD_13;3;5
ORD_869;PROD_16;7;1
ORD_869;PROD_49;9;1
ORD_869;PROD_27;5;2
ORD_869;PROD_34;2;3
ORD_869;PROD_21;5;3
ORD_869;PROD_18;5;1
ORD_869;PROD_16;4;5
ORD_869;PROD_27;8;4
ORD_870;PROD_7;4;5
ORD_870;PROD_5;5;4
ORD_870;PROD_32;3;3
ORD_870;PROD_26;1;3
ORD_870;PROD_20;4;4
ORD_870;PROD_44;8;5
ORD_870;PROD_35;9;5
ORD_870;PROD_27;6;5
ORD_870;PROD_25;4;5
ORD_870;PROD_6;8;5
ORD_870;PROD_43;1;3
ORD_870;PROD_15;9;4
ORD_871;PROD_26;3;4
ORD_871;PROD_47;1;5
ORD_871;PROD_49;3;1
ORD_871;PROD_41;9;4
ORD_871;PROD_28;9;4
ORD_871;PROD_10;9;3
ORD_871;PROD_16;6;2
ORD_871;PROD_39;4;2
ORD_872;PROD_12;6;2
ORD_872;PROD_13;1;2
ORD_872;PROD_43;6;1
ORD_872;PROD_45;3;3
ORD_872;PROD_25;1;3
ORD_872;PROD_27;1;3
ORD_872;PROD_28;1;5
ORD_872;PROD_36;9;3
ORD_873;PROD_46;3;3
ORD_873;PROD_9;4;1
ORD_873;PROD_28;6;4
ORD_873;PROD_5;3;5
ORD_873;PROD_5;3;4
ORD_873;PROD_48;5;2
ORD_873;PROD_21;7;5
ORD_873;PROD_50;2;1
ORD_873;PROD_17;7;5
ORD_873;PROD_31;5;2
ORD_873;PROD_18;5;5
ORD_873;PROD_47;1;1
ORD_874;PROD_22;3;5
ORD_874;PROD_33;6;3
ORD_874;PROD_39;8;4
ORD_874;PROD_3;5;4
ORD_874;PROD_10;3;2
ORD_874;PROD_44;1;4
ORD_874;PROD_2;5;1
ORD_874;PROD_29;2;3
ORD_874;PROD_50;1;4
ORD_874;PROD_7;8;2
ORD_874;PROD_31;3;3
ORD_875;PROD_12;1;4
ORD_875;PROD_2;9;5
ORD_875;PROD_39;6;3
ORD_875;PROD_11;2;1
ORD_875;PROD_34;5;1
ORD_875;PROD_21;5;3
ORD_875;PROD_18;9;5
ORD_875;PROD_22;5;1
ORD_875;PROD_27;8;5
ORD_875;PROD_27;2;4
ORD_875;PROD_23;2;1
ORD_875;PROD_22;9;2
ORD_875;PROD_29;8;2
ORD_876;PROD_2;1;5
ORD_876;PROD_50;5;3
ORD_876;PROD_27;5;4
ORD_876;PROD_40;8;1
ORD_876;PROD_23;5;2
ORD_876;PROD_33;9;4
ORD_876;PROD_5;7;3
ORD_876;PROD_22;2;2
ORD_876;PROD_24;4;2
ORD_876;PROD_20;2;4
ORD_877;PROD_34;5;5
ORD_877;PROD_21;2;2
ORD_877;PROD_18;7;1
ORD_877;PROD_17;5;5
ORD_877;PROD_36;8;2
ORD_877;PROD_50;6;2
ORD_877;PROD_6;7;4
ORD_877;PROD_2;2;4
ORD_877;PROD_49;5;2
ORD_877;PROD_5;3;4
ORD_877;PROD_27;4;4
ORD_877;PROD_37;1;1
ORD_877;PROD_5;3;2
ORD_878;PROD_46;7;1
ORD_878;PROD_9;7;1
ORD_878;PROD_28;6;4
ORD_878;PROD_5;8;1
ORD_878;PROD_12;4;3
ORD_878;PROD_2;1;2
ORD_878;PROD_39;1;2
ORD_878;PROD_11;6;3
ORD_878;PROD_17;9;4
ORD_879;PROD_31;5;1
ORD_879;PROD_3;1;4
ORD_879;PROD_22;7;3
ORD_879;PROD_46;1;4
ORD_879;PROD_5;5;2
ORD_879;PROD_11;9;3
ORD_879;PROD_32;9;2
ORD_880;PROD_2;4;3
ORD_880;PROD_50;7;1
ORD_880;PROD_27;4;3
ORD_880;PROD_17;3;1
ORD_880;PROD_45;5;3
ORD_880;PROD_5;9;1
ORD_880;PROD_20;3;5
ORD_880;PROD_40;9;2
ORD_880;PROD_37;2;2
ORD_880;PROD_24;4;5
ORD_880;PROD_23;9;3
ORD_880;PROD_29;5;1
ORD_880;PROD_24;3;4
ORD_880;PROD_24;1;2
ORD_880;PROD_16;1;1
ORD_881;PROD_46;4;3
ORD_881;PROD_13;5;2
ORD_881;PROD_16;2;1
ORD_881;PROD_49;3;2
ORD_881;PROD_27;5;5
ORD_881;PROD_5;9;5
ORD_881;PROD_48;7;5
ORD_882;PROD_31;1;2
ORD_882;PROD_3;2;3
ORD_882;PROD_22;6;5
ORD_882;PROD_46;8;2
ORD_882;PROD_7;4;5
ORD_882;PROD_45;6;3
ORD_882;PROD_29;6;4
ORD_882;PROD_7;3;3
ORD_882;PROD_7;1;5
ORD_883;PROD_34;3;1
ORD_883;PROD_21;1;4
ORD_883;PROD_18;3;4
ORD_883;PROD_7;7;2
ORD_883;PROD_45;5;2
ORD_883;PROD_29;1;1
ORD_883;PROD_2;4;5
ORD_883;PROD_50;2;1
ORD_884;PROD_5;7;3
ORD_884;PROD_48;8;2
ORD_884;PROD_21;8;1
ORD_884;PROD_50;1;4
ORD_884;PROD_17;7;4
ORD_884;PROD_7;7;2
ORD_884;PROD_45;4;5
ORD_884;PROD_29;7;1
ORD_884;PROD_46;1;1
ORD_884;PROD_13;7;2
ORD_884;PROD_16;8;5
ORD_885;PROD_5;9;2
ORD_885;PROD_48;3;2
ORD_885;PROD_21;6;2
ORD_885;PROD_50;5;5
ORD_885;PROD_17;8;4
ORD_885;PROD_31;4;4
ORD_885;PROD_3;3;3
ORD_886;PROD_12;2;1
ORD_886;PROD_2;6;4
ORD_886;PROD_39;1;1
ORD_886;PROD_11;8;2
ORD_886;PROD_34;5;2
ORD_886;PROD_21;1;1
ORD_886;PROD_18;4;2
ORD_886;PROD_46;8;3
ORD_886;PROD_13;5;1
ORD_886;PROD_16;6;2
ORD_887;PROD_31;2;2
ORD_887;PROD_3;5;2
ORD_887;PROD_22;2;1
ORD_887;PROD_46;6;1
ORD_887;PROD_12;5;4
ORD_887;PROD_36;7;2
ORD_887;PROD_41;4;4
ORD_887;PROD_25;9;5
ORD_887;PROD_33;6;5
ORD_887;PROD_14;8;4
ORD_887;PROD_43;6;5
ORD_887;PROD_23;4;5
ORD_887;PROD_25;3;4
ORD_887;PROD_38;4;1
ORD_887;PROD_27;3;5
ORD_888;PROD_23;3;4
ORD_888;PROD_11;7;1
ORD_888;PROD_34;4;5
ORD_888;PROD_30;5;1
ORD_888;PROD_45;7;1
ORD_888;PROD_8;6;2
ORD_888;PROD_47;6;1
ORD_888;PROD_41;6;2
ORD_888;PROD_35;1;3
ORD_888;PROD_17;1;5
ORD_888;PROD_21;5;3
ORD_889;PROD_31;2;5
ORD_889;PROD_3;1;3
ORD_889;PROD_22;5;5
ORD_889;PROD_46;4;5
ORD_889;PROD_7;6;5
ORD_889;PROD_45;1;4
ORD_889;PROD_29;3;5
ORD_889;PROD_5;3;3
ORD_889;PROD_47;4;4
ORD_890;PROD_9;6;1
ORD_890;PROD_23;8;2
ORD_890;PROD_24;1;5
ORD_890;PROD_7;4;3
ORD_890;PROD_26;6;1
ORD_890;PROD_50;7;5
ORD_890;PROD_2;7;5
ORD_890;PROD_30;8;1
ORD_890;PROD_39;8;4
ORD_890;PROD_1;1;2
ORD_890;PROD_13;5;5
ORD_890;PROD_44;3;4
ORD_890;PROD_46;9;3
ORD_890;PROD_47;7;1
ORD_891;PROD_2;3;2
ORD_891;PROD_50;3;4
ORD_891;PROD_27;9;2
ORD_891;PROD_46;1;3
ORD_891;PROD_9;2;5
ORD_892;PROD_2;8;4
ORD_892;PROD_50;2;2
ORD_892;PROD_27;8;2
ORD_892;PROD_10;4;3
ORD_892;PROD_4;2;2
ORD_893;PROD_12;6;2
ORD_893;PROD_2;8;1
ORD_893;PROD_39;3;3
ORD_893;PROD_11;2;5
ORD_893;PROD_17;2;3
ORD_893;PROD_45;9;1
ORD_893;PROD_5;6;5
ORD_894;PROD_2;1;5
ORD_894;PROD_50;6;2
ORD_894;PROD_27;8;4
ORD_894;PROD_40;6;5
ORD_894;PROD_37;5;4
ORD_894;PROD_24;7;2
ORD_894;PROD_23;7;2
ORD_894;PROD_29;5;1
ORD_894;PROD_7;8;1
ORD_894;PROD_45;9;5
ORD_894;PROD_29;7;1
ORD_894;PROD_28;4;2
ORD_894;PROD_47;7;3
ORD_894;PROD_16;8;4
ORD_894;PROD_2;6;2
ORD_895;PROD_27;6;2
ORD_895;PROD_2;7;1
ORD_895;PROD_39;1;2
ORD_895;PROD_21;1;5
ORD_895;PROD_16;7;1
ORD_895;PROD_1;2;4
ORD_895;PROD_33;9;4
ORD_895;PROD_25;6;5
ORD_896;PROD_35;1;1
ORD_896;PROD_4;2;1
ORD_896;PROD_26;5;4
ORD_896;PROD_26;7;4
ORD_896;PROD_14;1;5
ORD_896;PROD_6;3;4
ORD_896;PROD_42;7;2
ORD_896;PROD_47;4;5
ORD_896;PROD_50;1;1
ORD_896;PROD_28;8;2
ORD_897;PROD_44;7;2
ORD_897;PROD_19;5;3
ORD_897;PROD_45;8;1
ORD_897;PROD_3;5;1
ORD_897;PROD_35;1;5
ORD_897;PROD_33;5;1
ORD_897;PROD_31;6;1
ORD_897;PROD_35;6;3
ORD_897;PROD_13;3;5
ORD_897;PROD_35;3;3
ORD_897;PROD_5;9;4
ORD_898;PROD_2;6;4
ORD_898;PROD_50;8;1
ORD_898;PROD_27;9;4
ORD_898;PROD_5;4;1
ORD_898;PROD_48;5;1
ORD_899;PROD_34;7;3
ORD_899;PROD_21;2;2
ORD_899;PROD_18;8;5
ORD_899;PROD_9;9;3
ORD_899;PROD_23;4;4
ORD_899;PROD_2;8;1
ORD_899;PROD_50;7;5
ORD_899;PROD_27;5;2
ORD_899;PROD_29;7;1
ORD_899;PROD_5;2;4
ORD_899;PROD_10;5;5
ORD_899;PROD_37;6;2
ORD_899;PROD_9;3;5
ORD_900;PROD_46;7;1
ORD_900;PROD_9;4;3
ORD_900;PROD_28;6;5
ORD_900;PROD_5;4;3
ORD_900;PROD_46;8;4
ORD_900;PROD_9;3;3
ORD_900;PROD_28;1;4
ORD_900;PROD_5;4;1
ORD_900;PROD_17;1;5
ORD_900;PROD_45;8;5
ORD_900;PROD_5;7;3
ORD_900;PROD_20;1;4
ORD_900;PROD_47;9;3
ORD_901;PROD_31;2;4
ORD_901;PROD_3;7;5
ORD_901;PROD_22;6;2
ORD_901;PROD_46;7;3
ORD_901;PROD_6;2;2
ORD_901;PROD_7;6;2
ORD_902;PROD_5;2;4
ORD_902;PROD_48;4;1
ORD_902;PROD_21;4;1
ORD_902;PROD_50;2;5
ORD_902;PROD_17;5;5
ORD_902;PROD_17;4;1
ORD_902;PROD_45;2;1
ORD_902;PROD_5;6;4
ORD_902;PROD_20;6;1
ORD_902;PROD_46;9;5
ORD_902;PROD_13;3;2
ORD_902;PROD_16;3;3
ORD_902;PROD_49;4;3
ORD_903;PROD_2;2;2
ORD_903;PROD_50;3;3
ORD_903;PROD_27;3;4
ORD_903;PROD_9;1;1
ORD_903;PROD_23;2;2
ORD_903;PROD_5;5;5
ORD_903;PROD_48;9;1
ORD_903;PROD_21;1;1
ORD_903;PROD_50;8;2
ORD_904;PROD_25;4;5
ORD_904;PROD_48;6;5
ORD_904;PROD_31;5;4
ORD_904;PROD_8;2;1
ORD_904;PROD_35;9;2
ORD_904;PROD_46;4;1
ORD_904;PROD_6;8;4
ORD_904;PROD_35;6;2
ORD_904;PROD_45;6;5
ORD_904;PROD_30;2;5
ORD_905;PROD_9;8;1
ORD_905;PROD_23;7;2
ORD_905;PROD_6;8;2
ORD_905;PROD_9;1;1
ORD_905;PROD_48;8;3
ORD_906;PROD_22;5;1
ORD_906;PROD_11;5;1
ORD_906;PROD_21;1;5
ORD_906;PROD_26;6;2
ORD_906;PROD_45;2;2
ORD_906;PROD_14;2;1
ORD_906;PROD_49;7;4
ORD_906;PROD_47;6;1
ORD_906;PROD_48;4;3
ORD_906;PROD_3;3;5
ORD_906;PROD_14;3;3
ORD_907;PROD_31;7;5
ORD_907;PROD_3;2;5
ORD_907;PROD_22;4;1
ORD_907;PROD_46;2;3
ORD_907;PROD_44;3;5
ORD_907;PROD_17;5;5
ORD_907;PROD_4;9;3
ORD_907;PROD_3;9;5
ORD_907;PROD_25;3;4
ORD_907;PROD_49;7;2
ORD_907;PROD_19;6;4
ORD_907;PROD_46;7;2
ORD_907;PROD_2;4;1
ORD_907;PROD_10;8;5
ORD_908;PROD_19;5;5
ORD_908;PROD_46;7;1
ORD_908;PROD_20;5;5
ORD_908;PROD_50;2;4
ORD_908;PROD_8;3;1
ORD_909;PROD_28;2;4
ORD_909;PROD_50;3;5
ORD_909;PROD_15;2;3
ORD_909;PROD_43;8;3
ORD_909;PROD_19;3;3
ORD_909;PROD_46;7;2
ORD_909;PROD_33;2;3
ORD_910;PROD_50;5;1
ORD_910;PROD_34;9;1
ORD_910;PROD_41;8;4
ORD_910;PROD_47;4;4
ORD_910;PROD_20;2;5
ORD_911;PROD_12;2;3
ORD_911;PROD_2;2;4
ORD_911;PROD_39;4;5
ORD_911;PROD_11;8;3
ORD_911;PROD_2;9;3
ORD_911;PROD_50;2;1
ORD_911;PROD_27;7;3
ORD_911;PROD_40;4;1
ORD_912;PROD_46;1;5
ORD_912;PROD_9;2;4
ORD_912;PROD_28;7;3
ORD_912;PROD_5;9;2
ORD_912;PROD_28;3;5
ORD_912;PROD_37;1;1
ORD_913;PROD_5;5;3
ORD_913;PROD_48;9;3
ORD_913;PROD_21;3;3
ORD_913;PROD_50;9;4
ORD_913;PROD_17;7;1
ORD_913;PROD_12;1;3
ORD_913;PROD_2;7;2
ORD_913;PROD_39;7;2
ORD_913;PROD_11;1;3
ORD_913;PROD_37;1;4
ORD_913;PROD_34;9;1
ORD_913;PROD_11;5;3
ORD_914;PROD_18;7;3
ORD_914;PROD_17;4;5
ORD_914;PROD_46;8;4
ORD_914;PROD_13;8;3
ORD_914;PROD_13;5;4
ORD_914;PROD_42;8;1
ORD_915;PROD_46;5;3
ORD_915;PROD_13;8;2
ORD_915;PROD_16;8;3
ORD_915;PROD_49;5;3
ORD_915;PROD_27;7;4
ORD_915;PROD_34;8;4
ORD_915;PROD_38;7;5
ORD_915;PROD_16;7;5
ORD_915;PROD_12;4;5
ORD_916;PROD_33;4;3
ORD_916;PROD_47;6;3
ORD_916;PROD_33;6;2
ORD_916;PROD_36;7;3
ORD_916;PROD_27;9;5
ORD_916;PROD_32;3;5
ORD_916;PROD_45;4;4
ORD_916;PROD_13;6;5
ORD_916;PROD_1;7;1
ORD_916;PROD_34;2;1
ORD_916;PROD_30;1;5
ORD_917;PROD_5;6;1
ORD_917;PROD_48;4;2
ORD_917;PROD_21;1;1
ORD_917;PROD_50;6;1
ORD_917;PROD_17;6;5
ORD_917;PROD_48;6;3
ORD_917;PROD_44;8;4
ORD_917;PROD_4;2;5
ORD_918;PROD_12;8;3
ORD_918;PROD_2;1;3
ORD_918;PROD_39;3;3
ORD_918;PROD_11;8;4
ORD_918;PROD_7;4;1
ORD_918;PROD_45;4;4
ORD_918;PROD_29;2;4
ORD_919;PROD_2;9;4
ORD_919;PROD_50;8;2
ORD_919;PROD_27;2;5
ORD_919;PROD_2;3;4
ORD_919;PROD_50;6;2
ORD_919;PROD_27;7;4
ORD_919;PROD_37;2;2
ORD_920;PROD_12;2;2
ORD_920;PROD_2;6;4
ORD_920;PROD_39;6;5
ORD_920;PROD_11;1;5
ORD_920;PROD_41;5;2
ORD_920;PROD_13;8;4
ORD_921;PROD_10;1;5
ORD_921;PROD_30;6;2
ORD_921;PROD_45;2;1
ORD_921;PROD_16;2;2
ORD_921;PROD_38;4;4
ORD_921;PROD_50;8;1
ORD_922;PROD_9;5;2
ORD_922;PROD_23;5;4
ORD_922;PROD_49;6;3
ORD_922;PROD_17;2;3
ORD_922;PROD_45;4;5
ORD_922;PROD_50;5;4
ORD_922;PROD_42;6;5
ORD_922;PROD_7;2;2
ORD_922;PROD_18;3;1
ORD_922;PROD_28;8;3
ORD_922;PROD_22;2;4
ORD_922;PROD_28;6;2
ORD_922;PROD_27;9;3
ORD_922;PROD_10;2;5
ORD_922;PROD_14;6;1
ORD_923;PROD_21;9;5
ORD_923;PROD_13;5;4
ORD_923;PROD_30;8;2
ORD_923;PROD_16;8;5
ORD_923;PROD_38;5;4
ORD_923;PROD_47;1;5
ORD_923;PROD_8;8;3
ORD_923;PROD_21;9;5
ORD_923;PROD_46;6;2
ORD_923;PROD_2;4;5
ORD_923;PROD_40;1;5
ORD_923;PROD_33;2;5
ORD_923;PROD_6;7;4
ORD_924;PROD_19;7;1
ORD_924;PROD_41;6;1
ORD_924;PROD_31;2;1
ORD_924;PROD_39;9;4
ORD_924;PROD_23;9;1
ORD_924;PROD_9;7;5
ORD_924;PROD_50;3;2
ORD_924;PROD_5;7;3
ORD_924;PROD_43;1;5
ORD_924;PROD_6;4;3
ORD_924;PROD_28;2;2
ORD_924;PROD_12;4;4
ORD_924;PROD_1;7;1
ORD_924;PROD_43;9;3
ORD_925;PROD_39;2;5
ORD_925;PROD_5;6;4
ORD_925;PROD_28;8;1
ORD_925;PROD_2;5;1
ORD_925;PROD_34;2;1
ORD_925;PROD_30;1;4
ORD_926;PROD_40;6;2
ORD_926;PROD_37;9;2
ORD_926;PROD_24;7;3
ORD_926;PROD_23;1;1
ORD_926;PROD_29;3;2
ORD_926;PROD_31;3;4
ORD_926;PROD_3;9;2
ORD_927;PROD_44;6;5
ORD_927;PROD_17;9;1
ORD_927;PROD_4;9;4
ORD_927;PROD_3;2;1
ORD_927;PROD_25;4;2
ORD_927;PROD_46;3;1
ORD_927;PROD_9;1;4
ORD_927;PROD_28;5;3
ORD_928;PROD_14;6;2
ORD_928;PROD_28;4;4
ORD_928;PROD_22;9;5
ORD_928;PROD_15;9;2
ORD_928;PROD_41;4;3
ORD_928;PROD_48;3;4
ORD_928;PROD_4;4;5
ORD_929;PROD_17;4;3
ORD_929;PROD_45;1;5
ORD_929;PROD_5;6;4
ORD_929;PROD_20;7;4
ORD_929;PROD_34;5;2
ORD_929;PROD_21;2;4
ORD_929;PROD_18;2;2
ORD_929;PROD_49;8;3
ORD_929;PROD_14;5;3
ORD_929;PROD_6;1;3
ORD_929;PROD_41;5;2
ORD_929;PROD_26;9;1
ORD_929;PROD_27;4;1
ORD_930;PROD_5;7;4
ORD_930;PROD_48;9;4
ORD_930;PROD_21;8;2
ORD_930;PROD_50;1;4
ORD_930;PROD_17;2;1
ORD_930;PROD_7;9;2
ORD_930;PROD_45;7;3
ORD_930;PROD_29;7;1
ORD_930;PROD_28;3;5
ORD_930;PROD_16;3;2
ORD_930;PROD_40;7;4
ORD_931;PROD_7;3;4
ORD_931;PROD_45;2;1
ORD_931;PROD_29;4;5
ORD_931;PROD_46;2;3
ORD_931;PROD_13;4;5
ORD_931;PROD_16;6;3
ORD_931;PROD_49;7;2
ORD_931;PROD_27;2;5
ORD_931;PROD_20;4;4
ORD_931;PROD_43;9;2
ORD_931;PROD_11;4;2
ORD_932;PROD_5;9;2
ORD_932;PROD_48;4;4
ORD_932;PROD_21;3;3
ORD_932;PROD_50;4;2
ORD_932;PROD_17;9;3
ORD_932;PROD_14;5;4
ORD_932;PROD_17;9;2
ORD_932;PROD_8;1;4
ORD_932;PROD_3;9;3
ORD_932;PROD_24;7;2
ORD_932;PROD_42;2;3
ORD_932;PROD_28;3;5
ORD_932;PROD_18;1;5
ORD_932;PROD_27;6;5
ORD_932;PROD_38;4;4
ORD_933;PROD_34;8;1
ORD_933;PROD_21;4;2
ORD_933;PROD_18;7;2
ORD_933;PROD_46;9;3
ORD_933;PROD_9;2;4
ORD_933;PROD_28;9;5
ORD_933;PROD_5;8;3
ORD_933;PROD_13;5;4
ORD_933;PROD_18;3;2
ORD_933;PROD_14;2;1
ORD_934;PROD_5;7;4
ORD_934;PROD_48;4;3
ORD_934;PROD_21;6;2
ORD_934;PROD_50;9;1
ORD_934;PROD_17;1;4
ORD_935;PROD_32;3;1
ORD_935;PROD_46;9;5
ORD_935;PROD_38;5;1
ORD_935;PROD_46;8;5
ORD_935;PROD_41;2;1
ORD_935;PROD_23;7;5
ORD_935;PROD_17;1;1
ORD_935;PROD_4;6;4
ORD_935;PROD_38;6;2
ORD_935;PROD_32;2;4
ORD_935;PROD_29;6;4
ORD_935;PROD_12;4;2
ORD_935;PROD_9;1;1
ORD_936;PROD_45;1;4
ORD_936;PROD_32;4;5
ORD_936;PROD_47;6;5
ORD_936;PROD_12;1;4
ORD_936;PROD_39;9;2
ORD_936;PROD_32;1;4
ORD_936;PROD_1;4;2
ORD_936;PROD_8;4;5
ORD_936;PROD_4;9;1
ORD_936;PROD_6;9;2
ORD_937;PROD_12;2;4
ORD_937;PROD_2;1;3
ORD_937;PROD_39;1;2
ORD_937;PROD_11;1;3
ORD_937;PROD_7;3;2
ORD_938;PROD_35;8;1
ORD_938;PROD_29;9;4
ORD_938;PROD_8;4;1
ORD_938;PROD_9;8;3
ORD_938;PROD_18;8;5
ORD_938;PROD_30;8;5
ORD_938;PROD_34;3;1
ORD_939;PROD_7;8;3
ORD_939;PROD_45;2;4
ORD_939;PROD_29;7;5
ORD_939;PROD_13;4;5
ORD_939;PROD_20;7;3
ORD_939;PROD_33;6;3
ORD_939;PROD_30;7;5
ORD_939;PROD_19;7;3
ORD_939;PROD_9;8;1
ORD_939;PROD_25;1;5
ORD_939;PROD_21;8;4
ORD_939;PROD_5;4;5
ORD_939;PROD_40;7;2
ORD_939;PROD_40;5;2
ORD_939;PROD_12;5;5
ORD_940;PROD_9;2;3
ORD_940;PROD_23;9;2
ORD_940;PROD_44;3;2
ORD_940;PROD_17;2;5
ORD_940;PROD_4;9;2
ORD_940;PROD_3;7;1
ORD_940;PROD_25;8;5
ORD_940;PROD_36;9;5
ORD_940;PROD_22;7;5
ORD_941;PROD_40;7;3
ORD_941;PROD_37;7;1
ORD_941;PROD_24;9;5
ORD_941;PROD_23;9;4
ORD_941;PROD_29;6;3
ORD_941;PROD_50;6;4
ORD_941;PROD_2;6;5
ORD_941;PROD_2;7;3
ORD_941;PROD_8;6;5
ORD_941;PROD_17;3;4
ORD_942;PROD_5;8;1
ORD_942;PROD_48;2;1
ORD_942;PROD_21;2;2
ORD_942;PROD_50;8;5
ORD_942;PROD_17;4;3
ORD_942;PROD_5;8;4
ORD_942;PROD_48;7;1
ORD_942;PROD_21;6;3
ORD_942;PROD_50;4;1
ORD_942;PROD_17;7;3
ORD_942;PROD_5;1;1
ORD_942;PROD_48;3;3
ORD_942;PROD_21;4;1
ORD_942;PROD_50;1;2
ORD_942;PROD_17;5;1
ORD_943;PROD_5;5;5
ORD_943;PROD_48;2;1
ORD_943;PROD_21;9;4
ORD_943;PROD_50;8;5
ORD_943;PROD_17;8;2
ORD_943;PROD_34;1;4
ORD_943;PROD_21;4;3
ORD_943;PROD_18;6;2
ORD_944;PROD_17;9;4
ORD_944;PROD_17;5;3
ORD_944;PROD_30;4;1
ORD_944;PROD_46;4;1
ORD_944;PROD_28;5;3
ORD_944;PROD_45;9;2
ORD_944;PROD_45;2;2
ORD_944;PROD_31;7;4
ORD_944;PROD_39;7;3
ORD_944;PROD_33;1;5
ORD_944;PROD_50;2;1
ORD_944;PROD_38;5;2
ORD_944;PROD_31;8;1
ORD_944;PROD_25;9;2
ORD_945;PROD_44;3;3
ORD_945;PROD_17;7;4
ORD_945;PROD_4;1;1
ORD_945;PROD_3;9;3
ORD_945;PROD_25;1;3
ORD_945;PROD_8;9;1
ORD_946;PROD_34;9;1
ORD_946;PROD_21;5;5
ORD_946;PROD_18;4;2
ORD_946;PROD_3;1;4
ORD_946;PROD_19;3;2
ORD_946;PROD_33;1;4
ORD_946;PROD_33;7;3
ORD_946;PROD_45;8;5
ORD_946;PROD_26;3;2
ORD_946;PROD_6;2;2
ORD_946;PROD_19;4;2
ORD_946;PROD_30;4;2
ORD_946;PROD_3;2;2
ORD_946;PROD_43;9;4
ORD_946;PROD_49;9;1
ORD_947;PROD_41;5;1
ORD_947;PROD_34;7;4
ORD_947;PROD_16;6;1
ORD_947;PROD_27;3;1
ORD_947;PROD_8;7;1
ORD_947;PROD_34;5;3
ORD_947;PROD_9;3;5
ORD_947;PROD_31;4;5
ORD_947;PROD_11;9;1
ORD_947;PROD_34;4;2
ORD_947;PROD_47;2;4
ORD_948;PROD_44;5;2
ORD_948;PROD_17;7;5
ORD_948;PROD_4;8;2
ORD_948;PROD_3;7;5
ORD_948;PROD_25;5;1
ORD_948;PROD_34;9;3
ORD_948;PROD_21;3;3
ORD_948;PROD_18;2;3
ORD_949;PROD_8;7;4
ORD_949;PROD_7;9;5
ORD_949;PROD_50;2;5
ORD_949;PROD_11;1;5
ORD_949;PROD_4;2;4
ORD_950;PROD_34;9;1
ORD_950;PROD_21;2;1
ORD_950;PROD_18;9;4
ORD_950;PROD_7;9;2
ORD_950;PROD_45;7;2
ORD_950;PROD_29;8;4
ORD_950;PROD_9;5;1
ORD_950;PROD_23;3;4
ORD_951;PROD_40;4;1
ORD_951;PROD_37;7;1
ORD_951;PROD_24;8;2
ORD_951;PROD_23;4;1
ORD_951;PROD_29;8;1
ORD_951;PROD_34;2;1
ORD_951;PROD_20;7;3
ORD_951;PROD_27;8;5
ORD_951;PROD_13;8;3
ORD_951;PROD_8;8;3
ORD_951;PROD_7;6;5
ORD_951;PROD_41;6;2
ORD_951;PROD_24;3;3
ORD_951;PROD_39;2;5
ORD_952;PROD_12;7;3
ORD_952;PROD_2;3;5
ORD_952;PROD_39;6;2
ORD_952;PROD_11;4;3
ORD_952;PROD_17;3;3
ORD_952;PROD_45;6;5
ORD_952;PROD_5;1;3
ORD_952;PROD_20;4;5
ORD_953;PROD_46;2;4
ORD_953;PROD_9;4;4
ORD_953;PROD_28;8;5
ORD_953;PROD_5;2;4
ORD_953;PROD_40;3;4
ORD_954;PROD_5;4;3
ORD_954;PROD_48;6;5
ORD_954;PROD_21;6;4
ORD_954;PROD_50;5;4
ORD_954;PROD_17;9;2
ORD_954;PROD_31;2;2
ORD_954;PROD_3;6;2
ORD_955;PROD_9;2;3
ORD_955;PROD_23;8;2
ORD_955;PROD_7;1;4
ORD_955;PROD_45;6;1
ORD_955;PROD_29;7;1
ORD_955;PROD_14;3;1
ORD_955;PROD_2;9;5
ORD_955;PROD_30;4;3
ORD_955;PROD_27;7;5
ORD_955;PROD_34;4;2
ORD_955;PROD_12;5;1
ORD_955;PROD_42;9;4
ORD_955;PROD_39;7;3
ORD_955;PROD_10;2;4
ORD_955;PROD_7;9;2
ORD_956;PROD_7;7;3
ORD_956;PROD_45;1;1
ORD_956;PROD_29;5;4
ORD_956;PROD_12;1;4
ORD_956;PROD_31;9;4
ORD_956;PROD_37;7;5
ORD_956;PROD_23;4;3
ORD_956;PROD_13;9;3
ORD_956;PROD_8;3;4
ORD_957;PROD_46;4;1
ORD_957;PROD_9;5;2
ORD_957;PROD_28;6;3
ORD_957;PROD_5;3;5
ORD_957;PROD_14;3;3
ORD_957;PROD_13;9;1
ORD_957;PROD_3;8;3
ORD_957;PROD_30;8;5
ORD_957;PROD_31;5;5
ORD_958;PROD_9;8;5
ORD_958;PROD_23;4;2
ORD_958;PROD_12;4;5
ORD_958;PROD_2;2;5
ORD_958;PROD_39;4;1
ORD_958;PROD_11;6;1
ORD_958;PROD_34;3;3
ORD_958;PROD_21;6;4
ORD_958;PROD_18;4;5
ORD_958;PROD_38;7;2
ORD_958;PROD_27;2;5
ORD_958;PROD_8;5;4
ORD_958;PROD_10;4;4
ORD_959;PROD_50;5;4
ORD_959;PROD_2;3;1
ORD_959;PROD_39;1;3
ORD_959;PROD_33;6;5
ORD_959;PROD_35;8;5
ORD_959;PROD_30;2;2
ORD_959;PROD_19;5;2
ORD_959;PROD_23;1;2
ORD_959;PROD_28;7;2
ORD_960;PROD_21;2;2
ORD_960;PROD_8;2;2
ORD_960;PROD_17;2;4
ORD_960;PROD_10;2;1
ORD_960;PROD_4;3;3
ORD_960;PROD_38;5;3
ORD_960;PROD_31;5;5
ORD_960;PROD_20;8;4
ORD_960;PROD_14;8;3
ORD_960;PROD_14;7;5
ORD_960;PROD_34;1;3
ORD_961;PROD_9;5;5
ORD_961;PROD_23;2;1
ORD_961;PROD_7;2;5
ORD_961;PROD_45;9;1
ORD_961;PROD_29;7;3
ORD_961;PROD_5;6;1
ORD_961;PROD_48;3;3
ORD_961;PROD_21;8;5
ORD_961;PROD_50;4;3
ORD_961;PROD_17;7;3
ORD_961;PROD_13;2;3
ORD_961;PROD_14;7;3
ORD_962;PROD_46;8;4
ORD_962;PROD_9;5;2
ORD_962;PROD_28;4;2
ORD_962;PROD_5;3;2
ORD_962;PROD_16;2;1
ORD_963;PROD_46;8;2
ORD_963;PROD_13;7;4
ORD_963;PROD_16;2;4
ORD_963;PROD_49;5;5
ORD_963;PROD_27;4;4
ORD_963;PROD_2;6;3
ORD_963;PROD_50;5;1
ORD_963;PROD_27;6;5
ORD_964;PROD_38;3;5
ORD_964;PROD_19;5;2
ORD_964;PROD_29;1;2
ORD_964;PROD_33;7;2
ORD_964;PROD_5;4;4
ORD_964;PROD_29;2;4
ORD_964;PROD_46;5;3
ORD_964;PROD_17;9;3
ORD_964;PROD_6;6;4
ORD_964;PROD_49;5;1
ORD_964;PROD_28;3;4
ORD_964;PROD_7;2;2
ORD_964;PROD_46;5;2
ORD_964;PROD_17;4;2
ORD_964;PROD_5;4;3
ORD_965;PROD_12;7;2
ORD_965;PROD_2;3;3
ORD_965;PROD_39;3;4
ORD_965;PROD_11;1;2
ORD_965;PROD_17;3;4
ORD_965;PROD_45;1;4
ORD_965;PROD_5;2;2
ORD_966;PROD_5;9;2
ORD_966;PROD_48;9;5
ORD_966;PROD_21;5;4
ORD_966;PROD_50;2;3
ORD_966;PROD_17;1;5
ORD_966;PROD_31;5;1
ORD_966;PROD_3;2;1
ORD_967;PROD_7;9;4
ORD_967;PROD_45;1;2
ORD_967;PROD_29;4;2
ORD_967;PROD_7;6;4
ORD_967;PROD_45;1;4
ORD_967;PROD_29;3;4
ORD_967;PROD_24;7;4
ORD_968;PROD_12;8;4
ORD_968;PROD_2;9;4
ORD_968;PROD_39;1;4
ORD_968;PROD_11;7;4
ORD_968;PROD_7;5;1
ORD_968;PROD_45;6;4
ORD_968;PROD_29;7;4
ORD_968;PROD_48;6;4
ORD_969;PROD_40;4;4
ORD_969;PROD_37;1;4
ORD_969;PROD_24;8;5
ORD_969;PROD_23;9;1
ORD_969;PROD_29;6;4
ORD_969;PROD_17;1;2
ORD_969;PROD_45;9;2
ORD_969;PROD_5;2;3
ORD_969;PROD_20;4;2
ORD_969;PROD_22;5;1
ORD_969;PROD_2;4;2
ORD_969;PROD_8;4;4
ORD_969;PROD_30;7;4
ORD_969;PROD_10;2;2
ORD_970;PROD_5;2;1
ORD_970;PROD_48;2;4
ORD_970;PROD_21;9;3
ORD_970;PROD_50;6;1
ORD_970;PROD_17;5;4
ORD_970;PROD_7;1;3
ORD_970;PROD_45;7;5
ORD_970;PROD_29;4;3
ORD_970;PROD_10;6;2
ORD_970;PROD_18;5;1
ORD_970;PROD_4;3;4
ORD_970;PROD_37;8;1
ORD_971;PROD_2;1;4
ORD_971;PROD_50;9;1
ORD_971;PROD_27;9;2
ORD_971;PROD_12;9;3
ORD_971;PROD_2;8;4
ORD_971;PROD_39;7;4
ORD_971;PROD_11;9;4
ORD_971;PROD_46;2;3
ORD_971;PROD_9;8;5
ORD_971;PROD_28;2;5
ORD_971;PROD_5;7;2
ORD_971;PROD_41;4;2
ORD_971;PROD_35;9;3
ORD_971;PROD_8;2;2
ORD_971;PROD_16;3;1
ORD_972;PROD_46;3;2
ORD_972;PROD_9;5;4
ORD_972;PROD_28;8;5
ORD_972;PROD_5;6;1
ORD_972;PROD_34;8;1
ORD_972;PROD_21;2;3
ORD_972;PROD_18;5;2
ORD_972;PROD_13;4;4
ORD_972;PROD_14;2;1
ORD_972;PROD_49;7;5
ORD_973;PROD_19;1;2
ORD_973;PROD_47;4;2
ORD_973;PROD_43;7;4
ORD_973;PROD_17;4;1
ORD_973;PROD_37;1;3
ORD_974;PROD_44;6;4
ORD_974;PROD_17;8;1
ORD_974;PROD_4;5;1
ORD_974;PROD_3;2;2
ORD_974;PROD_25;1;3
ORD_975;PROD_17;8;1
ORD_975;PROD_45;6;5
ORD_975;PROD_5;6;1
ORD_975;PROD_20;8;2
ORD_975;PROD_20;9;2
ORD_975;PROD_18;9;5
ORD_975;PROD_38;6;5
ORD_976;PROD_17;7;5
ORD_976;PROD_45;5;3
ORD_976;PROD_5;4;4
ORD_976;PROD_20;9;2
ORD_976;PROD_16;1;4
ORD_976;PROD_32;6;2
ORD_976;PROD_11;2;2
ORD_977;PROD_36;4;4
ORD_977;PROD_18;1;2
ORD_977;PROD_39;1;2
ORD_977;PROD_12;1;4
ORD_977;PROD_25;7;4
ORD_977;PROD_35;2;3
ORD_977;PROD_4;3;4
ORD_977;PROD_1;3;1
ORD_977;PROD_21;6;3
ORD_978;PROD_12;7;1
ORD_978;PROD_2;4;1
ORD_978;PROD_39;4;5
ORD_978;PROD_11;1;1
ORD_978;PROD_45;2;1
ORD_978;PROD_3;5;3
ORD_978;PROD_24;9;4
ORD_978;PROD_21;1;1
ORD_978;PROD_32;4;4
ORD_978;PROD_13;9;4
ORD_978;PROD_13;2;3
ORD_978;PROD_36;4;2
ORD_978;PROD_6;5;5
ORD_979;PROD_31;5;2
ORD_979;PROD_3;4;4
ORD_979;PROD_22;9;2
ORD_979;PROD_46;5;4
ORD_979;PROD_44;7;5
ORD_979;PROD_17;3;2
ORD_979;PROD_4;6;2
ORD_980;PROD_17;9;1
ORD_980;PROD_45;7;4
ORD_980;PROD_5;7;5
ORD_980;PROD_20;4;1
ORD_980;PROD_13;9;3
ORD_980;PROD_31;4;1
ORD_980;PROD_39;3;5
ORD_980;PROD_24;7;1
ORD_980;PROD_32;8;1
ORD_980;PROD_11;6;3
ORD_980;PROD_38;9;3
ORD_980;PROD_48;9;1
ORD_980;PROD_3;9;4
ORD_981;PROD_43;1;4
ORD_981;PROD_19;2;5
ORD_981;PROD_41;1;3
ORD_981;PROD_46;2;3
ORD_981;PROD_3;2;1
ORD_981;PROD_48;8;4
ORD_981;PROD_10;9;4
ORD_981;PROD_17;8;5
ORD_982;PROD_40;4;5
ORD_982;PROD_37;2;4
ORD_982;PROD_24;1;1
ORD_982;PROD_23;6;3
ORD_982;PROD_29;2;2
ORD_982;PROD_33;8;2
ORD_982;PROD_35;6;3
ORD_982;PROD_43;9;4
ORD_982;PROD_17;9;2
ORD_982;PROD_14;4;5
ORD_982;PROD_22;9;2
ORD_982;PROD_42;3;2
ORD_982;PROD_10;4;2
ORD_982;PROD_33;3;3
ORD_983;PROD_2;4;3
ORD_983;PROD_50;5;5
ORD_983;PROD_27;2;1
ORD_983;PROD_36;1;2
ORD_983;PROD_20;9;4
ORD_983;PROD_4;6;3
ORD_983;PROD_19;4;5
ORD_983;PROD_23;8;2
ORD_983;PROD_47;2;2
ORD_983;PROD_16;3;5
ORD_983;PROD_10;9;3
ORD_983;PROD_42;4;4
ORD_984;PROD_18;4;2
ORD_984;PROD_6;9;1
ORD_984;PROD_35;8;3
ORD_984;PROD_50;6;3
ORD_984;PROD_28;1;1
ORD_984;PROD_40;3;1
ORD_984;PROD_25;1;3
ORD_984;PROD_20;6;4
ORD_984;PROD_22;8;3
ORD_984;PROD_11;2;3
ORD_984;PROD_48;9;3
ORD_985;PROD_9;2;1
ORD_985;PROD_23;6;4
ORD_985;PROD_31;9;4
ORD_985;PROD_3;5;5
ORD_985;PROD_22;3;2
ORD_985;PROD_46;1;2
ORD_986;PROD_33;2;3
ORD_986;PROD_21;1;3
ORD_986;PROD_14;9;5
ORD_986;PROD_44;8;4
ORD_986;PROD_39;7;5
ORD_986;PROD_43;6;1
ORD_986;PROD_41;9;4
ORD_986;PROD_49;9;1
ORD_986;PROD_14;7;3
ORD_986;PROD_48;3;4
ORD_986;PROD_43;2;2
ORD_986;PROD_8;4;2
ORD_987;PROD_34;6;3
ORD_987;PROD_21;9;3
ORD_987;PROD_18;6;2
ORD_987;PROD_46;5;5
ORD_987;PROD_26;7;5
ORD_987;PROD_34;2;3
ORD_987;PROD_20;4;2
ORD_987;PROD_20;9;1
ORD_987;PROD_35;4;1
ORD_987;PROD_43;1;2
ORD_987;PROD_27;8;5
ORD_987;PROD_15;5;4
ORD_988;PROD_21;4;1
ORD_988;PROD_40;9;1
ORD_988;PROD_8;8;2
ORD_988;PROD_34;9;5
ORD_988;PROD_25;1;1
ORD_988;PROD_11;4;2
ORD_988;PROD_35;7;5
ORD_988;PROD_10;9;4
ORD_988;PROD_7;5;1
ORD_988;PROD_22;2;1
ORD_988;PROD_4;3;1
ORD_988;PROD_49;1;3
ORD_988;PROD_28;3;5
ORD_988;PROD_33;3;2
ORD_988;PROD_17;3;1
ORD_989;PROD_48;4;5
ORD_989;PROD_14;7;1
ORD_989;PROD_29;7;1
ORD_989;PROD_2;6;4
ORD_989;PROD_43;7;4
ORD_989;PROD_31;8;5
ORD_989;PROD_50;6;4
ORD_989;PROD_10;2;2
ORD_989;PROD_42;4;4
ORD_989;PROD_7;7;5
ORD_989;PROD_19;4;3
ORD_989;PROD_18;7;2
ORD_990;PROD_17;1;5
ORD_990;PROD_45;8;5
ORD_990;PROD_5;6;5
ORD_990;PROD_20;3;3
ORD_990;PROD_40;4;1
ORD_990;PROD_37;2;2
ORD_990;PROD_24;7;1
ORD_990;PROD_23;6;1
ORD_990;PROD_29;7;5
ORD_990;PROD_31;1;2
ORD_990;PROD_3;2;3
ORD_991;PROD_9;3;5
ORD_991;PROD_23;7;3
ORD_991;PROD_9;3;1
ORD_991;PROD_23;6;3
ORD_991;PROD_48;3;5
ORD_991;PROD_16;3;4
ORD_991;PROD_9;8;5
ORD_991;PROD_17;5;4
ORD_991;PROD_3;9;4
ORD_991;PROD_19;9;5
ORD_991;PROD_22;2;5
ORD_991;PROD_29;5;3
ORD_992;PROD_17;4;2
ORD_992;PROD_45;9;1
ORD_992;PROD_5;8;1
ORD_992;PROD_20;6;2
ORD_992;PROD_9;7;4
ORD_992;PROD_23;4;1
ORD_993;PROD_10;4;3
ORD_993;PROD_37;2;4
ORD_993;PROD_50;3;5
ORD_993;PROD_23;3;2
ORD_993;PROD_8;4;4
ORD_993;PROD_33;6;3
ORD_993;PROD_33;6;3
ORD_993;PROD_14;5;3
ORD_994;PROD_46;4;5
ORD_994;PROD_9;1;5
ORD_994;PROD_28;6;2
ORD_994;PROD_5;4;5
ORD_994;PROD_34;1;3
ORD_994;PROD_21;6;1
ORD_994;PROD_18;9;4
ORD_994;PROD_45;2;3
ORD_994;PROD_8;9;3
ORD_995;PROD_46;7;2
ORD_995;PROD_13;1;2
ORD_995;PROD_16;1;2
ORD_995;PROD_49;3;1
ORD_995;PROD_27;9;4
ORD_996;PROD_12;5;5
ORD_996;PROD_2;9;5
ORD_996;PROD_39;3;3
ORD_996;PROD_11;7;2
ORD_996;PROD_31;3;1
ORD_996;PROD_3;5;1
ORD_996;PROD_22;4;3
ORD_997;PROD_5;5;1
ORD_997;PROD_48;1;5
ORD_997;PROD_21;3;5
ORD_997;PROD_50;8;2
ORD_997;PROD_17;3;2
ORD_997;PROD_2;9;4
ORD_997;PROD_50;5;3
ORD_997;PROD_27;7;1
ORD_997;PROD_7;7;4
ORD_997;PROD_45;5;3
ORD_997;PROD_29;5;3
ORD_998;PROD_40;9;1
ORD_998;PROD_37;8;1
ORD_998;PROD_24;8;4
ORD_998;PROD_23;8;1
ORD_998;PROD_29;3;4
ORD_998;PROD_2;1;5
ORD_998;PROD_50;3;2
ORD_998;PROD_27;1;5
ORD_998;PROD_34;7;5
ORD_999;PROD_42;6;2
ORD_999;PROD_13;9;2
ORD_999;PROD_36;2;3
ORD_999;PROD_36;5;4
ORD_999;PROD_26;5;2
ORD_999;PROD_8;6;5
ORD_999;PROD_3;3;3
ORD_999;PROD_31;6;1
ORD_999;PROD_18;8;4
ORD_999;PROD_10;4;2
ORD_1000;PROD_40;2;2
ORD_1000;PROD_37;9;2
ORD_1000;PROD_24;7;5
ORD_1000;PROD_23;7;2
ORD_1000;PROD_29;2;4
ORD_1000;PROD_45;8;5
ORD_1000;PROD_12;5;5
ORD_1001;PROD_7;5;2
ORD_1001;PROD_45;2;1
ORD_1001;PROD_29;7;5
ORD_1001;PROD_19;2;4
ORD_1001;PROD_27;9;3
ORD_1001;PROD_1;8;3
ORD_1001;PROD_50;3;5
ORD_1001;PROD_5;8;4
ORD_1001;PROD_29;5;3
ORD_1001;PROD_11;2;1
ORD_1001;PROD_28;1;1
ORD_1001;PROD_28;8;5
ORD_1002;PROD_5;7;1
ORD_1002;PROD_48;2;4
ORD_1002;PROD_21;2;5
ORD_1002;PROD_50;5;4
ORD_1002;PROD_17;2;2
ORD_1002;PROD_31;3;1
ORD_1002;PROD_3;5;5
ORD_1002;PROD_22;8;3
ORD_1002;PROD_46;6;5
ORD_1002;PROD_5;8;2
ORD_1002;PROD_36;7;4
ORD_1002;PROD_46;3;5
ORD_1003;PROD_42;2;4
ORD_1003;PROD_27;6;2
ORD_1003;PROD_2;8;5
ORD_1003;PROD_43;5;1
ORD_1003;PROD_2;1;3
ORD_1004;PROD_1;8;3
ORD_1004;PROD_47;6;5
ORD_1004;PROD_10;7;1
ORD_1004;PROD_35;9;2
ORD_1004;PROD_34;2;1
ORD_1004;PROD_8;7;3
ORD_1004;PROD_17;4;1
ORD_1004;PROD_20;4;1
ORD_1004;PROD_17;8;4
ORD_1004;PROD_5;5;1
ORD_1004;PROD_28;3;2
ORD_1005;PROD_12;6;5
ORD_1005;PROD_2;9;5
ORD_1005;PROD_39;2;4
ORD_1005;PROD_11;8;5
ORD_1005;PROD_5;4;5
ORD_1005;PROD_48;8;2
ORD_1005;PROD_21;8;2
ORD_1005;PROD_50;1;3
ORD_1005;PROD_17;7;2
ORD_1005;PROD_38;9;5
ORD_1005;PROD_40;7;4
ORD_1006;PROD_12;2;4
ORD_1006;PROD_2;4;3
ORD_1006;PROD_39;8;2
ORD_1006;PROD_11;1;5
ORD_1006;PROD_40;6;2
ORD_1006;PROD_37;2;3
ORD_1006;PROD_24;4;3
ORD_1006;PROD_23;2;5
ORD_1006;PROD_29;1;4
ORD_1007;PROD_5;6;4
ORD_1007;PROD_48;4;1
ORD_1007;PROD_21;6;2
ORD_1007;PROD_50;2;2
ORD_1007;PROD_17;4;3
ORD_1007;PROD_48;9;2
ORD_1007;PROD_10;2;5
ORD_1008;PROD_36;8;3
ORD_1008;PROD_34;1;1
ORD_1008;PROD_1;8;2
ORD_1008;PROD_18;1;4
ORD_1008;PROD_41;5;1
ORD_1008;PROD_23;9;1
ORD_1008;PROD_15;4;2
ORD_1008;PROD_28;4;1
ORD_1008;PROD_7;7;2
ORD_1008;PROD_32;9;2
ORD_1009;PROD_18;2;2
ORD_1009;PROD_20;5;1
ORD_1009;PROD_40;5;5
ORD_1009;PROD_38;6;3
ORD_1009;PROD_2;9;5
ORD_1009;PROD_26;7;3
ORD_1009;PROD_35;8;2
ORD_1010;PROD_46;4;5
ORD_1010;PROD_13;3;1
ORD_1010;PROD_16;9;1
ORD_1010;PROD_49;3;1
ORD_1010;PROD_27;7;4
ORD_1010;PROD_44;3;1
ORD_1010;PROD_17;5;3
ORD_1010;PROD_4;5;5
ORD_1010;PROD_3;4;5
ORD_1010;PROD_25;8;2
ORD_1010;PROD_9;6;3
ORD_1010;PROD_23;8;5
ORD_1011;PROD_25;1;4
ORD_1011;PROD_4;8;3
ORD_1011;PROD_22;3;4
ORD_1011;PROD_35;9;4
ORD_1011;PROD_12;7;5
ORD_1011;PROD_17;6;3
ORD_1011;PROD_31;7;2
ORD_1011;PROD_14;4;3
ORD_1011;PROD_24;5;1
ORD_1011;PROD_50;2;3
ORD_1011;PROD_37;6;2
ORD_1011;PROD_38;2;3
ORD_1011;PROD_16;2;4
ORD_1011;PROD_20;4;5
ORD_1012;PROD_33;2;2
ORD_1012;PROD_49;8;3
ORD_1012;PROD_33;9;2
ORD_1012;PROD_46;5;3
ORD_1012;PROD_9;7;3
ORD_1012;PROD_22;3;5
ORD_1013;PROD_46;6;5
ORD_1013;PROD_9;6;1
ORD_1013;PROD_28;1;5
ORD_1013;PROD_5;3;5
ORD_1013;PROD_34;2;1
ORD_1013;PROD_41;5;2
ORD_1013;PROD_24;4;5
ORD_1013;PROD_20;4;4
ORD_1013;PROD_35;5;2
ORD_1013;PROD_50;7;1
ORD_1013;PROD_21;6;4
ORD_1013;PROD_34;5;4
ORD_1014;PROD_34;2;4
ORD_1014;PROD_21;5;3
ORD_1014;PROD_18;9;5
ORD_1014;PROD_40;5;4
ORD_1014;PROD_20;7;1
ORD_1015;PROD_44;7;5
ORD_1015;PROD_17;7;1
ORD_1015;PROD_4;3;2
ORD_1015;PROD_3;7;2
ORD_1015;PROD_25;2;1
ORD_1015;PROD_7;3;1
ORD_1015;PROD_36;9;2
ORD_1015;PROD_34;4;3
ORD_1015;PROD_13;2;3
ORD_1015;PROD_1;8;1
ORD_1015;PROD_26;8;3
ORD_1015;PROD_46;5;2
ORD_1015;PROD_4;1;1
ORD_1015;PROD_9;7;4
ORD_1016;PROD_18;4;3
ORD_1016;PROD_50;3;3
ORD_1016;PROD_23;9;4
ORD_1016;PROD_21;1;5
ORD_1016;PROD_24;9;1
ORD_1016;PROD_17;6;5
ORD_1016;PROD_5;9;2
ORD_1016;PROD_48;8;4
ORD_1016;PROD_21;1;4
ORD_1017;PROD_34;4;3
ORD_1017;PROD_21;5;3
ORD_1017;PROD_18;8;1
ORD_1017;PROD_45;6;5
ORD_1017;PROD_21;6;1
ORD_1017;PROD_4;3;3
ORD_1017;PROD_33;1;3
ORD_1017;PROD_40;3;2
ORD_1018;PROD_46;5;4
ORD_1018;PROD_13;1;3
ORD_1018;PROD_16;5;4
ORD_1018;PROD_49;5;5
ORD_1018;PROD_27;3;5
ORD_1018;PROD_34;5;4
ORD_1018;PROD_21;1;2
ORD_1018;PROD_18;2;4
ORD_1018;PROD_31;2;2
ORD_1018;PROD_19;6;5
ORD_1019;PROD_20;7;2
ORD_1019;PROD_5;8;4
ORD_1019;PROD_19;2;2
ORD_1019;PROD_36;3;3
ORD_1019;PROD_8;2;2
ORD_1019;PROD_25;2;3
ORD_1019;PROD_11;4;1
ORD_1020;PROD_6;6;2
ORD_1020;PROD_36;2;5
ORD_1020;PROD_31;3;4
ORD_1020;PROD_45;3;2
ORD_1020;PROD_26;4;4
ORD_1021;PROD_46;7;4
ORD_1021;PROD_9;2;1
ORD_1021;PROD_28;4;2
ORD_1021;PROD_5;1;5
ORD_1021;PROD_12;9;4
ORD_1021;PROD_2;5;3
ORD_1021;PROD_39;9;1
ORD_1021;PROD_11;6;1
ORD_1021;PROD_24;3;5
ORD_1021;PROD_40;7;1
ORD_1022;PROD_40;8;4
ORD_1022;PROD_37;1;2
ORD_1022;PROD_24;5;1
ORD_1022;PROD_23;6;4
ORD_1022;PROD_29;3;3
ORD_1022;PROD_30;6;1
ORD_1022;PROD_26;6;2
ORD_1022;PROD_4;3;1
ORD_1022;PROD_41;2;3
ORD_1022;PROD_44;5;4
ORD_1022;PROD_14;7;3
ORD_1022;PROD_43;3;1
ORD_1022;PROD_4;2;1
ORD_1023;PROD_9;5;4
ORD_1023;PROD_23;4;4
ORD_1023;PROD_7;9;5
ORD_1023;PROD_45;8;5
ORD_1023;PROD_29;2;3
ORD_1023;PROD_25;7;5
ORD_1023;PROD_13;6;2
ORD_1023;PROD_20;7;2
ORD_1024;PROD_21;7;5
ORD_1024;PROD_39;3;2
ORD_1024;PROD_19;4;3
ORD_1024;PROD_10;6;4
ORD_1024;PROD_32;5;4
ORD_1024;PROD_10;9;3
ORD_1024;PROD_12;8;1
ORD_1024;PROD_13;4;4
ORD_1024;PROD_47;6;2
ORD_1024;PROD_50;5;1
ORD_1024;PROD_38;7;3
ORD_1024;PROD_8;5;1
ORD_1024;PROD_24;4;2
ORD_1025;PROD_35;8;2
ORD_1025;PROD_24;1;5
ORD_1025;PROD_8;5;1
ORD_1025;PROD_37;9;3
ORD_1025;PROD_3;2;2
ORD_1025;PROD_9;2;3
ORD_1025;PROD_46;2;4
ORD_1025;PROD_17;2;4
ORD_1025;PROD_34;6;1
ORD_1025;PROD_2;3;5
ORD_1025;PROD_36;6;1
ORD_1025;PROD_20;6;2
ORD_1025;PROD_50;5;5
ORD_1025;PROD_41;7;2
ORD_1026;PROD_47;4;1
ORD_1026;PROD_2;5;5
ORD_1026;PROD_24;4;4
ORD_1026;PROD_27;9;1
ORD_1026;PROD_18;8;2
ORD_1026;PROD_34;7;5
ORD_1026;PROD_37;3;3
ORD_1026;PROD_25;6;2
ORD_1026;PROD_24;2;1
ORD_1026;PROD_50;3;5
ORD_1026;PROD_25;9;1
ORD_1026;PROD_2;1;2
ORD_1026;PROD_28;6;2
ORD_1026;PROD_2;1;4
ORD_1026;PROD_14;4;4
ORD_1027;PROD_32;8;1
ORD_1027;PROD_13;2;5
ORD_1027;PROD_46;4;5
ORD_1027;PROD_9;9;1
ORD_1027;PROD_22;6;2
ORD_1027;PROD_10;1;3
ORD_1027;PROD_40;4;2
ORD_1027;PROD_42;3;5
ORD_1028;PROD_46;4;4
ORD_1028;PROD_9;4;3
ORD_1028;PROD_28;3;2
ORD_1028;PROD_5;5;2
ORD_1028;PROD_40;6;2
ORD_1028;PROD_37;9;2
ORD_1028;PROD_24;3;5
ORD_1028;PROD_23;7;5
ORD_1028;PROD_29;3;1
ORD_1028;PROD_31;4;3
ORD_1028;PROD_3;1;4
ORD_1028;PROD_22;7;5
ORD_1028;PROD_46;2;4
ORD_1028;PROD_37;9;5
ORD_1029;PROD_7;7;1
ORD_1029;PROD_45;1;5
ORD_1029;PROD_29;9;3
ORD_1029;PROD_31;5;5
ORD_1029;PROD_3;7;5
ORD_1029;PROD_22;2;5
ORD_1029;PROD_46;9;5
ORD_1030;PROD_44;4;5
ORD_1030;PROD_17;8;4
ORD_1030;PROD_4;4;5
ORD_1030;PROD_3;8;4
ORD_1030;PROD_25;2;4
ORD_1030;PROD_31;7;1
ORD_1031;PROD_34;1;3
ORD_1031;PROD_21;1;1
ORD_1031;PROD_18;4;5
ORD_1031;PROD_46;7;4
ORD_1031;PROD_13;2;1
ORD_1031;PROD_16;5;2
ORD_1032;PROD_30;2;4
ORD_1032;PROD_15;7;1
ORD_1032;PROD_45;9;4
ORD_1032;PROD_2;1;1
ORD_1032;PROD_18;6;5
ORD_1032;PROD_27;8;5
ORD_1032;PROD_9;9;5
ORD_1033;PROD_46;9;1
ORD_1033;PROD_9;9;4
ORD_1033;PROD_28;5;2
ORD_1033;PROD_5;6;5
ORD_1033;PROD_5;7;4
ORD_1033;PROD_10;1;1
ORD_1034;PROD_2;5;3
ORD_1034;PROD_50;6;1
ORD_1034;PROD_27;9;2
ORD_1034;PROD_9;8;1
ORD_1034;PROD_23;6;4
ORD_1034;PROD_5;6;2
ORD_1034;PROD_48;9;5
ORD_1034;PROD_21;8;3
ORD_1034;PROD_50;1;3
ORD_1035;PROD_2;8;3
ORD_1035;PROD_50;8;2
ORD_1035;PROD_27;4;2
ORD_1035;PROD_34;6;4
ORD_1035;PROD_21;9;2
ORD_1035;PROD_18;4;5
ORD_1035;PROD_14;9;1
ORD_1035;PROD_41;2;1
ORD_1035;PROD_21;2;4
ORD_1035;PROD_40;2;4
ORD_1035;PROD_23;5;3
ORD_1035;PROD_22;3;2
ORD_1036;PROD_15;4;4
ORD_1036;PROD_29;8;3
ORD_1036;PROD_7;6;1
ORD_1036;PROD_45;1;4
ORD_1036;PROD_27;1;4
ORD_1036;PROD_28;2;4
ORD_1036;PROD_30;9;1
ORD_1036;PROD_28;4;3
ORD_1036;PROD_12;8;2
ORD_1036;PROD_7;1;2
ORD_1036;PROD_25;2;3
ORD_1036;PROD_35;6;5
ORD_1036;PROD_49;6;3
ORD_1036;PROD_26;6;3
ORD_1036;PROD_16;9;1
ORD_1037;PROD_9;2;1
ORD_1037;PROD_23;4;3
ORD_1037;PROD_29;4;1
ORD_1037;PROD_23;8;1
ORD_1037;PROD_32;6;3
ORD_1038;PROD_5;5;2
ORD_1038;PROD_48;9;5
ORD_1038;PROD_21;9;2
ORD_1038;PROD_50;8;5
ORD_1038;PROD_17;6;4
ORD_1038;PROD_7;9;4
ORD_1038;PROD_45;5;5
ORD_1038;PROD_29;8;1
ORD_1038;PROD_7;5;1
ORD_1038;PROD_18;7;1
ORD_1039;PROD_31;7;2
ORD_1039;PROD_3;3;4
ORD_1039;PROD_22;4;3
ORD_1039;PROD_46;9;2
ORD_1039;PROD_17;3;2
ORD_1039;PROD_45;3;2
ORD_1039;PROD_5;8;3
ORD_1039;PROD_20;9;2
ORD_1040;PROD_7;8;5
ORD_1040;PROD_45;4;1
ORD_1040;PROD_29;1;4
ORD_1040;PROD_47;2;5
ORD_1040;PROD_13;5;3
ORD_1040;PROD_30;3;4
ORD_1040;PROD_50;6;2
ORD_1040;PROD_17;4;5
ORD_1040;PROD_22;6;1
ORD_1040;PROD_27;2;1
ORD_1040;PROD_15;1;2
ORD_1040;PROD_16;8;4
ORD_1040;PROD_25;9;5
ORD_1040;PROD_1;8;4
ORD_1041;PROD_9;9;3
ORD_1041;PROD_23;3;5
ORD_1041;PROD_36;5;1
ORD_1041;PROD_50;8;4
ORD_1041;PROD_42;4;1
ORD_1041;PROD_18;7;3
ORD_1041;PROD_33;5;3
ORD_1041;PROD_14;2;2
ORD_1042;PROD_9;2;1
ORD_1042;PROD_39;8;5
ORD_1042;PROD_20;5;5
ORD_1042;PROD_6;4;4
ORD_1042;PROD_1;7;4
ORD_1042;PROD_5;1;5
ORD_1043;PROD_49;9;4
ORD_1043;PROD_5;6;4
ORD_1043;PROD_41;9;1
ORD_1043;PROD_39;5;4
ORD_1043;PROD_35;4;4
ORD_1043;PROD_11;3;4
ORD_1043;PROD_24;9;2
ORD_1043;PROD_38;2;3
ORD_1044;PROD_44;9;2
ORD_1044;PROD_17;9;5
ORD_1044;PROD_4;3;3
ORD_1044;PROD_3;2;3
ORD_1044;PROD_25;2;4
ORD_1044;PROD_37;7;5
ORD_1044;PROD_44;8;5
ORD_1044;PROD_9;3;5
ORD_1044;PROD_24;5;3
ORD_1045;PROD_6;8;2
ORD_1045;PROD_12;2;1
ORD_1045;PROD_8;7;3
ORD_1045;PROD_27;5;3
ORD_1045;PROD_31;9;5
ORD_1045;PROD_16;6;5
ORD_1045;PROD_22;3;1
ORD_1045;PROD_38;5;3
ORD_1045;PROD_49;5;5
ORD_1046;PROD_2;8;3
ORD_1046;PROD_50;4;2
ORD_1046;PROD_27;2;1
ORD_1046;PROD_12;9;4
ORD_1046;PROD_2;5;4
ORD_1046;PROD_39;4;3
ORD_1046;PROD_11;6;3
ORD_1046;PROD_34;8;4
ORD_1046;PROD_3;3;5
ORD_1046;PROD_24;5;1
ORD_1046;PROD_11;4;5
ORD_1046;PROD_20;2;2
ORD_1046;PROD_6;9;5
ORD_1046;PROD_32;5;1
ORD_1046;PROD_48;9;5
ORD_1047;PROD_18;8;5
ORD_1047;PROD_34;7;1
ORD_1047;PROD_31;2;5
ORD_1047;PROD_25;2;3
ORD_1047;PROD_8;2;2
ORD_1047;PROD_29;9;4
ORD_1047;PROD_6;3;2
ORD_1047;PROD_50;1;1
ORD_1047;PROD_40;9;1
ORD_1047;PROD_39;1;4
ORD_1047;PROD_43;9;4
ORD_1047;PROD_8;7;5
ORD_1047;PROD_44;6;5
ORD_1047;PROD_23;6;4
ORD_1048;PROD_2;7;1
ORD_1048;PROD_50;7;5
ORD_1048;PROD_27;1;3
ORD_1048;PROD_46;2;4
ORD_1048;PROD_13;9;5
ORD_1048;PROD_16;1;1
ORD_1048;PROD_49;3;3
ORD_1048;PROD_27;9;1
ORD_1048;PROD_46;1;2
ORD_1048;PROD_25;4;5
ORD_1048;PROD_35;4;2
ORD_1048;PROD_14;6;4
ORD_1048;PROD_10;5;3
ORD_1048;PROD_39;8;1
ORD_1048;PROD_26;1;5
ORD_1049;PROD_31;4;5
ORD_1049;PROD_49;1;4
ORD_1049;PROD_26;6;4
ORD_1049;PROD_30;1;3
ORD_1049;PROD_34;8;5
ORD_1049;PROD_39;4;2
ORD_1050;PROD_33;6;1
ORD_1050;PROD_48;1;4
ORD_1050;PROD_38;9;5
ORD_1050;PROD_38;9;1
ORD_1050;PROD_37;4;1
ORD_1050;PROD_4;9;1
ORD_1050;PROD_19;1;1
ORD_1050;PROD_11;8;2
ORD_1050;PROD_1;2;3
ORD_1050;PROD_13;1;1
ORD_1050;PROD_11;5;1
ORD_1050;PROD_21;9;3
ORD_1051;PROD_7;7;4
ORD_1051;PROD_45;5;5
ORD_1051;PROD_29;5;3
ORD_1051;PROD_5;8;4
ORD_1051;PROD_48;2;3
ORD_1051;PROD_21;4;5
ORD_1052;PROD_46;6;5
ORD_1052;PROD_13;1;1
ORD_1052;PROD_16;5;1
ORD_1052;PROD_49;2;4
ORD_1052;PROD_27;9;1
ORD_1052;PROD_2;2;1
ORD_1052;PROD_50;6;4
ORD_1052;PROD_27;5;3
ORD_1052;PROD_40;9;3
ORD_1053;PROD_33;5;1
ORD_1053;PROD_33;1;2
ORD_1053;PROD_19;9;5
ORD_1053;PROD_12;1;2
ORD_1053;PROD_27;3;3
ORD_1054;PROD_17;5;4
ORD_1054;PROD_45;3;5
ORD_1054;PROD_5;5;1
ORD_1054;PROD_20;6;4
ORD_1054;PROD_31;6;2
ORD_1054;PROD_3;1;1
ORD_1054;PROD_22;9;4
ORD_1054;PROD_46;6;1
ORD_1054;PROD_9;9;3
ORD_1054;PROD_23;5;2
ORD_1054;PROD_35;5;2
ORD_1055;PROD_35;6;2
ORD_1055;PROD_46;2;5
ORD_1055;PROD_4;9;4
ORD_1055;PROD_36;4;3
ORD_1055;PROD_47;4;3
ORD_1055;PROD_39;2;4
ORD_1055;PROD_11;9;5
ORD_1055;PROD_23;3;1
ORD_1056;PROD_46;7;3
ORD_1056;PROD_9;3;5
ORD_1056;PROD_28;9;1
ORD_1056;PROD_5;3;3
ORD_1056;PROD_34;2;2
ORD_1056;PROD_21;1;2
ORD_1056;PROD_18;1;5
ORD_1057;PROD_7;8;5
ORD_1057;PROD_45;1;5
ORD_1057;PROD_29;7;5
ORD_1057;PROD_17;8;1
ORD_1057;PROD_45;6;3
ORD_1057;PROD_5;3;3
ORD_1057;PROD_20;1;3
ORD_1057;PROD_12;2;4
ORD_1057;PROD_2;3;5
ORD_1057;PROD_39;1;4
ORD_1057;PROD_11;4;3
ORD_1057;PROD_35;7;5
ORD_1057;PROD_25;3;1
ORD_1057;PROD_45;5;5
ORD_1058;PROD_31;8;3
ORD_1058;PROD_3;8;5
ORD_1058;PROD_22;8;4
ORD_1058;PROD_46;3;2
ORD_1058;PROD_11;1;2
ORD_1058;PROD_17;1;1
ORD_1058;PROD_1;7;2
ORD_1058;PROD_25;8;5
ORD_1058;PROD_23;2;4
ORD_1058;PROD_45;7;2
ORD_1058;PROD_45;7;3
ORD_1058;PROD_8;4;5
ORD_1058;PROD_8;5;3
ORD_1059;PROD_7;4;1
ORD_1059;PROD_45;4;3
ORD_1059;PROD_29;5;4
ORD_1059;PROD_22;7;2
ORD_1059;PROD_48;4;2
ORD_1059;PROD_35;3;3
ORD_1059;PROD_37;2;2
ORD_1059;PROD_36;1;1
ORD_1059;PROD_49;1;4
ORD_1059;PROD_16;8;3
ORD_1059;PROD_22;4;2
ORD_1059;PROD_24;2;5
ORD_1059;PROD_23;2;1
ORD_1059;PROD_13;3;1
ORD_1059;PROD_33;7;5
ORD_1060;PROD_11;7;4
ORD_1060;PROD_4;7;5
ORD_1060;PROD_1;6;4
ORD_1060;PROD_13;7;1
ORD_1060;PROD_2;7;1
ORD_1060;PROD_8;3;4
ORD_1060;PROD_7;9;1
ORD_1060;PROD_46;7;3
ORD_1060;PROD_36;5;2
ORD_1060;PROD_23;8;5
ORD_1060;PROD_36;9;2
ORD_1060;PROD_4;5;2
ORD_1060;PROD_30;1;5
ORD_1060;PROD_13;5;5
ORD_1061;PROD_12;2;3
ORD_1061;PROD_2;1;2
ORD_1061;PROD_39;9;4
ORD_1061;PROD_11;4;1
ORD_1061;PROD_24;7;4
ORD_1061;PROD_5;7;3
ORD_1062;PROD_46;9;2
ORD_1062;PROD_9;5;5
ORD_1062;PROD_28;9;5
ORD_1062;PROD_5;6;5
ORD_1062;PROD_43;5;5
ORD_1062;PROD_28;3;3
ORD_1062;PROD_24;9;3
ORD_1062;PROD_29;5;3
ORD_1062;PROD_15;5;4
ORD_1062;PROD_27;1;4
ORD_1063;PROD_9;5;3
ORD_1063;PROD_23;7;3
ORD_1063;PROD_46;5;1
ORD_1063;PROD_13;5;2
ORD_1063;PROD_16;8;1
ORD_1063;PROD_49;5;4
ORD_1063;PROD_27;1;3
ORD_1063;PROD_7;3;3
ORD_1063;PROD_45;9;5
ORD_1063;PROD_29;8;2
ORD_1064;PROD_44;3;4
ORD_1064;PROD_17;9;3
ORD_1064;PROD_4;5;4
ORD_1064;PROD_3;3;4
ORD_1064;PROD_25;5;5
ORD_1064;PROD_8;6;4
ORD_1064;PROD_21;3;4
ORD_1064;PROD_14;8;1
ORD_1064;PROD_43;9;1
ORD_1065;PROD_17;9;2
ORD_1065;PROD_45;6;4
ORD_1065;PROD_5;9;4
ORD_1065;PROD_20;3;1
ORD_1065;PROD_7;7;3
ORD_1065;PROD_45;5;2
ORD_1065;PROD_29;4;2
ORD_1065;PROD_44;5;3
ORD_1065;PROD_17;8;1
ORD_1066;PROD_31;4;2
ORD_1066;PROD_3;3;4
ORD_1066;PROD_22;9;4
ORD_1066;PROD_46;9;1
ORD_1066;PROD_46;7;5
ORD_1066;PROD_9;2;3
ORD_1066;PROD_28;1;5
ORD_1066;PROD_5;8;3
ORD_1066;PROD_34;1;1
ORD_1066;PROD_21;6;4
ORD_1066;PROD_18;6;5
ORD_1066;PROD_32;6;2
ORD_1067;PROD_40;1;4
ORD_1067;PROD_37;5;1
ORD_1067;PROD_24;5;2
ORD_1067;PROD_23;3;3
ORD_1067;PROD_29;4;5
ORD_1067;PROD_50;9;1
ORD_1067;PROD_25;6;1
ORD_1067;PROD_46;6;2
ORD_1067;PROD_20;6;3
ORD_1067;PROD_33;6;5
ORD_1068;PROD_7;9;4
ORD_1068;PROD_45;3;4
ORD_1068;PROD_29;8;1
ORD_1068;PROD_5;4;1
ORD_1068;PROD_48;4;1
ORD_1069;PROD_46;4;5
ORD_1069;PROD_9;7;3
ORD_1069;PROD_28;8;4
ORD_1069;PROD_5;8;4
ORD_1069;PROD_34;5;2
ORD_1069;PROD_19;6;1
ORD_1070;PROD_43;3;5
ORD_1070;PROD_31;3;4
ORD_1070;PROD_4;7;2
ORD_1070;PROD_18;7;5
ORD_1070;PROD_50;1;5
ORD_1070;PROD_9;4;5
ORD_1070;PROD_2;9;5
ORD_1070;PROD_36;8;3
ORD_1070;PROD_20;7;3
ORD_1070;PROD_34;6;1
ORD_1070;PROD_50;5;2
ORD_1070;PROD_6;1;1
ORD_1071;PROD_5;1;2
ORD_1071;PROD_48;4;3
ORD_1071;PROD_21;9;1
ORD_1071;PROD_50;2;3
ORD_1071;PROD_17;5;1
ORD_1071;PROD_29;3;2
ORD_1071;PROD_49;7;4
ORD_1071;PROD_26;2;5
ORD_1072;PROD_40;8;2
ORD_1072;PROD_37;5;1
ORD_1072;PROD_24;1;3
ORD_1072;PROD_23;5;2
ORD_1072;PROD_29;6;1
ORD_1072;PROD_34;6;5
ORD_1072;PROD_21;7;1
ORD_1072;PROD_18;9;2
ORD_1072;PROD_45;8;2
ORD_1072;PROD_47;7;4
ORD_1073;PROD_10;1;5
ORD_1073;PROD_43;5;3
ORD_1073;PROD_1;4;5
ORD_1073;PROD_11;7;4
ORD_1073;PROD_13;4;1
ORD_1073;PROD_40;8;4
ORD_1073;PROD_15;5;1
ORD_1074;PROD_46;4;4
ORD_1074;PROD_13;4;5
ORD_1074;PROD_16;1;5
ORD_1074;PROD_49;1;2
ORD_1074;PROD_27;4;2
ORD_1075;PROD_40;6;3
ORD_1075;PROD_37;1;5
ORD_1075;PROD_24;9;5
ORD_1075;PROD_23;6;2
ORD_1075;PROD_29;5;4
ORD_1075;PROD_5;8;4
ORD_1075;PROD_33;8;1
ORD_1075;PROD_1;8;4
ORD_1075;PROD_5;4;3
ORD_1075;PROD_30;2;1
ORD_1075;PROD_50;1;5
ORD_1075;PROD_34;1;3
ORD_1075;PROD_38;4;2
ORD_1076;PROD_5;8;2
ORD_1076;PROD_30;9;4
ORD_1076;PROD_33;1;4
ORD_1076;PROD_2;6;5
ORD_1076;PROD_48;9;5
ORD_1076;PROD_29;4;3
ORD_1076;PROD_3;6;1
ORD_1076;PROD_33;6;5
ORD_1076;PROD_37;1;4
ORD_1076;PROD_18;4;4
ORD_1076;PROD_28;8;3
ORD_1076;PROD_12;9;4
ORD_1076;PROD_2;3;1
ORD_1076;PROD_8;9;4
ORD_1076;PROD_26;6;4
ORD_1077;PROD_5;3;2
ORD_1077;PROD_48;7;4
ORD_1077;PROD_21;8;3
ORD_1077;PROD_50;2;1
ORD_1077;PROD_17;6;1
ORD_1077;PROD_18;5;1
ORD_1077;PROD_48;1;2
ORD_1077;PROD_37;5;5
ORD_1078;PROD_46;4;2
ORD_1078;PROD_9;6;1
ORD_1078;PROD_28;8;3
ORD_1078;PROD_5;8;4
ORD_1078;PROD_33;1;3
ORD_1079;PROD_37;9;3
ORD_1079;PROD_42;8;2
ORD_1079;PROD_22;4;3
ORD_1079;PROD_45;6;3
ORD_1079;PROD_15;9;1
ORD_1079;PROD_39;9;4
ORD_1079;PROD_6;9;3
ORD_1079;PROD_24;7;1
ORD_1079;PROD_14;3;2
ORD_1079;PROD_48;5;5
ORD_1079;PROD_30;3;4
ORD_1080;PROD_34;9;2
ORD_1080;PROD_21;5;1
ORD_1080;PROD_18;4;4
ORD_1080;PROD_5;1;2
ORD_1080;PROD_31;9;5
ORD_1081;PROD_46;2;4
ORD_1081;PROD_9;9;2
ORD_1081;PROD_28;3;5
ORD_1081;PROD_5;4;2
ORD_1081;PROD_30;6;1
ORD_1081;PROD_22;9;5
ORD_1081;PROD_1;4;1
ORD_1081;PROD_27;4;5
ORD_1081;PROD_1;5;2
ORD_1081;PROD_22;1;4
ORD_1081;PROD_35;2;3
ORD_1082;PROD_3;1;2
ORD_1082;PROD_15;7;3
ORD_1082;PROD_31;4;5
ORD_1082;PROD_3;2;3
ORD_1082;PROD_30;3;5
ORD_1082;PROD_6;1;2
ORD_1082;PROD_33;1;1
ORD_1082;PROD_3;8;2
ORD_1082;PROD_44;6;2
ORD_1082;PROD_17;9;2
ORD_1082;PROD_15;9;4
ORD_1083;PROD_19;1;2
ORD_1083;PROD_50;3;4
ORD_1083;PROD_11;3;2
ORD_1083;PROD_41;7;1
ORD_1083;PROD_32;1;2
ORD_1083;PROD_22;6;2
ORD_1083;PROD_14;9;1
ORD_1083;PROD_38;8;3
ORD_1083;PROD_4;4;3
ORD_1083;PROD_39;2;1
ORD_1084;PROD_32;1;1
ORD_1084;PROD_42;6;5
ORD_1084;PROD_31;5;3
ORD_1084;PROD_37;4;1
ORD_1084;PROD_3;9;1
ORD_1084;PROD_7;6;2
ORD_1084;PROD_32;6;2
ORD_1084;PROD_43;4;4
ORD_1084;PROD_25;2;1
ORD_1084;PROD_32;4;2
ORD_1084;PROD_19;3;1
ORD_1085;PROD_12;7;4
ORD_1085;PROD_26;6;4
ORD_1085;PROD_18;6;2
ORD_1085;PROD_17;2;3
ORD_1085;PROD_12;9;3
ORD_1085;PROD_33;2;1
ORD_1085;PROD_21;3;5
ORD_1085;PROD_47;3;4
ORD_1085;PROD_7;3;2
ORD_1085;PROD_13;9;2
ORD_1085;PROD_25;3;3
ORD_1086;PROD_7;6;3
ORD_1086;PROD_45;1;3
ORD_1086;PROD_29;7;5
ORD_1086;PROD_46;7;1
ORD_1086;PROD_13;2;3
ORD_1086;PROD_16;2;5
ORD_1086;PROD_49;8;1
ORD_1086;PROD_27;3;3
ORD_1086;PROD_15;5;3
ORD_1086;PROD_2;9;3
ORD_1086;PROD_16;9;1
ORD_1087;PROD_44;4;5
ORD_1087;PROD_20;1;3
ORD_1087;PROD_21;9;5
ORD_1087;PROD_35;8;4
ORD_1087;PROD_34;9;1
ORD_1087;PROD_27;5;3
ORD_1087;PROD_7;4;1
ORD_1087;PROD_19;8;5
ORD_1087;PROD_24;2;1
ORD_1087;PROD_25;8;2
ORD_1087;PROD_7;9;1
ORD_1087;PROD_37;3;3
ORD_1088;PROD_40;2;3
ORD_1088;PROD_37;9;1
ORD_1088;PROD_24;7;2
ORD_1088;PROD_23;6;1
ORD_1088;PROD_29;6;3
ORD_1088;PROD_40;4;2
ORD_1088;PROD_37;9;1
ORD_1088;PROD_24;1;4
ORD_1088;PROD_23;2;3
ORD_1088;PROD_29;1;2
ORD_1088;PROD_5;4;5
ORD_1089;PROD_46;2;4
ORD_1089;PROD_13;6;1
ORD_1089;PROD_16;2;5
ORD_1089;PROD_49;5;4
ORD_1089;PROD_27;6;3
ORD_1089;PROD_40;5;1
ORD_1089;PROD_37;8;3
ORD_1089;PROD_24;5;3
ORD_1089;PROD_23;9;5
ORD_1089;PROD_29;3;2
ORD_1089;PROD_27;5;4
ORD_1089;PROD_7;3;2
ORD_1090;PROD_27;2;3
ORD_1090;PROD_26;4;4
ORD_1090;PROD_40;4;5
ORD_1090;PROD_22;2;1
ORD_1090;PROD_45;1;5
ORD_1090;PROD_3;5;3
ORD_1091;PROD_35;3;3
ORD_1091;PROD_8;6;4
ORD_1091;PROD_21;1;1
ORD_1091;PROD_2;3;3
ORD_1091;PROD_9;2;3
ORD_1091;PROD_48;1;1
ORD_1091;PROD_9;4;2
ORD_1091;PROD_15;5;2
ORD_1091;PROD_23;8;2
ORD_1091;PROD_29;3;1
ORD_1091;PROD_50;3;1
ORD_1091;PROD_11;3;2
ORD_1092;PROD_46;6;5
ORD_1092;PROD_9;4;1
ORD_1092;PROD_28;4;4
ORD_1092;PROD_5;7;3
ORD_1092;PROD_20;4;5
ORD_1092;PROD_2;7;5
ORD_1092;PROD_50;9;1
ORD_1092;PROD_11;9;5
ORD_1092;PROD_38;3;4
ORD_1092;PROD_7;6;5
ORD_1092;PROD_7;3;2
ORD_1093;PROD_42;8;4
ORD_1093;PROD_25;5;3
ORD_1093;PROD_44;4;2
ORD_1093;PROD_11;8;2
ORD_1093;PROD_36;7;4
ORD_1093;PROD_23;9;5
ORD_1093;PROD_40;4;5
ORD_1093;PROD_31;8;3
ORD_1093;PROD_19;1;2
ORD_1093;PROD_3;2;1
ORD_1093;PROD_17;4;1
ORD_1093;PROD_42;2;5
ORD_1094;PROD_31;4;3
ORD_1094;PROD_3;6;4
ORD_1094;PROD_22;1;2
ORD_1094;PROD_46;7;5
ORD_1094;PROD_9;1;1
ORD_1094;PROD_23;2;5
ORD_1095;PROD_2;2;2
ORD_1095;PROD_50;2;1
ORD_1095;PROD_27;8;1
ORD_1095;PROD_9;3;4
ORD_1095;PROD_23;1;5
ORD_1095;PROD_46;7;3
ORD_1095;PROD_9;5;4
ORD_1095;PROD_28;3;3
ORD_1095;PROD_5;4;3
ORD_1095;PROD_16;2;2
ORD_1095;PROD_29;5;3
ORD_1095;PROD_27;6;5
ORD_1095;PROD_43;3;5
ORD_1096;PROD_9;2;2
ORD_1096;PROD_23;1;5
ORD_1096;PROD_9;4;5
ORD_1096;PROD_36;8;2
ORD_1096;PROD_33;7;5
ORD_1096;PROD_25;4;1
ORD_1096;PROD_4;1;3
ORD_1096;PROD_43;2;2
ORD_1096;PROD_23;8;5
ORD_1096;PROD_27;4;2
ORD_1097;PROD_40;9;5
ORD_1097;PROD_37;8;2
ORD_1097;PROD_24;2;5
ORD_1097;PROD_23;6;2
ORD_1097;PROD_29;5;4
ORD_1097;PROD_2;1;2
ORD_1097;PROD_50;1;5
ORD_1097;PROD_27;1;1
ORD_1097;PROD_4;2;2
ORD_1097;PROD_27;8;1
ORD_1098;PROD_17;7;4
ORD_1098;PROD_45;4;1
ORD_1098;PROD_5;9;3
ORD_1098;PROD_20;9;5
ORD_1098;PROD_40;5;5
ORD_1098;PROD_37;2;4
ORD_1098;PROD_24;9;5
ORD_1098;PROD_23;9;3
ORD_1098;PROD_29;3;5
ORD_1098;PROD_19;9;5
ORD_1098;PROD_31;8;4
ORD_1099;PROD_17;6;3
ORD_1099;PROD_4;5;5
ORD_1099;PROD_39;7;1
ORD_1099;PROD_3;9;1
ORD_1099;PROD_33;5;2
ORD_1099;PROD_48;8;1
ORD_1099;PROD_8;9;5
ORD_1099;PROD_32;2;4
ORD_1099;PROD_22;2;2
ORD_1099;PROD_47;5;1
ORD_1100;PROD_17;7;2
ORD_1100;PROD_45;1;1
ORD_1100;PROD_5;3;3
ORD_1100;PROD_20;4;2
ORD_1100;PROD_7;3;1
ORD_1100;PROD_45;9;4
ORD_1100;PROD_29;7;2
ORD_1100;PROD_1;9;5
ORD_1100;PROD_2;3;2
ORD_1100;PROD_15;2;4
ORD_1100;PROD_1;1;5
ORD_1100;PROD_30;6;3
ORD_1101;PROD_46;4;1
ORD_1101;PROD_9;5;2
ORD_1101;PROD_28;2;2
ORD_1101;PROD_5;7;5
ORD_1101;PROD_31;6;2
ORD_1101;PROD_3;3;5
ORD_1101;PROD_22;1;4
ORD_1101;PROD_46;1;5
ORD_1101;PROD_5;1;3
ORD_1101;PROD_30;5;3
ORD_1101;PROD_31;5;5
ORD_1101;PROD_39;5;4
ORD_1101;PROD_18;9;2
ORD_1101;PROD_38;4;2
ORD_1101;PROD_7;8;5
ORD_1102;PROD_7;4;2
ORD_1102;PROD_45;1;4
ORD_1102;PROD_29;7;5
ORD_1102;PROD_18;5;3
ORD_1102;PROD_48;3;1
ORD_1102;PROD_46;1;3
ORD_1102;PROD_39;5;2
ORD_1102;PROD_8;2;4
ORD_1102;PROD_22;8;3
ORD_1102;PROD_6;4;3
ORD_1102;PROD_11;7;2
ORD_1102;PROD_48;4;3
ORD_1102;PROD_48;9;5
ORD_1102;PROD_8;3;3
ORD_1102;PROD_47;6;5
ORD_1103;PROD_19;5;5
ORD_1103;PROD_41;9;2
ORD_1103;PROD_30;6;4
ORD_1103;PROD_50;2;3
ORD_1103;PROD_9;7;1
ORD_1104;PROD_31;8;4
ORD_1104;PROD_3;6;2
ORD_1104;PROD_22;9;4
ORD_1104;PROD_46;4;5
ORD_1104;PROD_9;6;4
ORD_1104;PROD_23;8;2
ORD_1104;PROD_7;1;4
ORD_1104;PROD_45;9;4
ORD_1105;PROD_15;4;4
ORD_1105;PROD_29;7;1
ORD_1105;PROD_21;4;5
ORD_1105;PROD_20;2;1
ORD_1105;PROD_1;7;3
ORD_1105;PROD_48;5;5
ORD_1105;PROD_25;9;5
ORD_1106;PROD_24;7;3
ORD_1106;PROD_37;4;1
ORD_1106;PROD_43;4;3
ORD_1106;PROD_32;6;1
ORD_1106;PROD_16;8;1
ORD_1106;PROD_23;7;2
ORD_1106;PROD_14;2;1
ORD_1106;PROD_10;1;1
ORD_1106;PROD_26;5;1
ORD_1106;PROD_19;2;1
ORD_1106;PROD_50;1;2
ORD_1106;PROD_3;1;2
ORD_1107;PROD_5;6;1
ORD_1107;PROD_48;6;5
ORD_1107;PROD_21;2;5
ORD_1107;PROD_50;3;5
ORD_1107;PROD_17;3;5
ORD_1107;PROD_34;7;2
ORD_1107;PROD_21;5;2
ORD_1107;PROD_18;7;2
ORD_1108;PROD_14;1;2
ORD_1108;PROD_31;2;3
ORD_1108;PROD_17;8;3
ORD_1108;PROD_13;9;1
ORD_1108;PROD_48;5;1
ORD_1108;PROD_23;5;4
ORD_1108;PROD_9;5;2
ORD_1109;PROD_2;9;4
ORD_1109;PROD_50;3;2
ORD_1109;PROD_27;9;4
ORD_1109;PROD_31;6;2
ORD_1109;PROD_11;8;3
ORD_1109;PROD_18;5;5
ORD_1109;PROD_26;7;2
ORD_1109;PROD_30;8;4
ORD_1109;PROD_29;9;5
ORD_1109;PROD_34;1;2
ORD_1109;PROD_7;1;3
ORD_1109;PROD_38;7;3
ORD_1109;PROD_10;4;2
ORD_1110;PROD_46;7;1
ORD_1110;PROD_13;6;5
ORD_1110;PROD_16;5;2
ORD_1110;PROD_49;8;5
ORD_1110;PROD_27;2;2
ORD_1110;PROD_41;6;3
ORD_1110;PROD_4;5;5
ORD_1110;PROD_24;1;1
ORD_1110;PROD_13;5;5
ORD_1110;PROD_46;6;3
ORD_1111;PROD_7;9;1
ORD_1111;PROD_45;9;3
ORD_1111;PROD_29;6;1
ORD_1111;PROD_40;5;2
ORD_1111;PROD_37;1;1
ORD_1111;PROD_24;2;1
ORD_1111;PROD_23;4;4
ORD_1111;PROD_29;6;2
ORD_1112;PROD_12;6;2
ORD_1112;PROD_2;8;2
ORD_1112;PROD_39;5;5
ORD_1112;PROD_11;9;4
ORD_1112;PROD_44;2;3
ORD_1112;PROD_17;4;4
ORD_1112;PROD_4;5;2
ORD_1112;PROD_3;1;3
ORD_1112;PROD_25;2;4
ORD_1112;PROD_37;5;5
ORD_1112;PROD_22;3;4
ORD_1112;PROD_6;5;3
ORD_1112;PROD_6;7;2
ORD_1112;PROD_33;2;4
ORD_1113;PROD_12;8;2
ORD_1113;PROD_2;4;3
ORD_1113;PROD_39;8;2
ORD_1113;PROD_11;9;3
ORD_1113;PROD_22;6;5
ORD_1113;PROD_35;8;1
ORD_1113;PROD_36;7;3
ORD_1113;PROD_27;9;4
ORD_1114;PROD_9;6;3
ORD_1114;PROD_23;9;4
ORD_1114;PROD_2;5;1
ORD_1114;PROD_21;5;1
ORD_1114;PROD_10;4;5
ORD_1114;PROD_1;3;5
ORD_1114;PROD_28;7;3
ORD_1114;PROD_27;9;3
ORD_1114;PROD_41;7;2
ORD_1114;PROD_7;2;5
ORD_1115;PROD_38;9;4
ORD_1115;PROD_30;6;3
ORD_1115;PROD_11;5;5
ORD_1115;PROD_14;5;3
ORD_1115;PROD_17;9;2
ORD_1116;PROD_35;6;1
ORD_1116;PROD_29;3;3
ORD_1116;PROD_1;3;4
ORD_1116;PROD_3;9;5
ORD_1116;PROD_12;2;3
ORD_1116;PROD_27;1;2
ORD_1116;PROD_21;9;4
ORD_1116;PROD_18;9;2
ORD_1116;PROD_24;9;3
ORD_1116;PROD_33;9;5
ORD_1117;PROD_7;9;1
ORD_1117;PROD_45;8;5
ORD_1117;PROD_29;7;2
ORD_1117;PROD_31;1;4
ORD_1117;PROD_3;5;4
ORD_1117;PROD_22;2;3
ORD_1117;PROD_46;3;2
ORD_1117;PROD_34;1;2
ORD_1117;PROD_21;5;5
ORD_1117;PROD_18;7;5
ORD_1117;PROD_18;8;4
ORD_1117;PROD_4;2;3
ORD_1117;PROD_18;9;5
ORD_1117;PROD_42;1;5
ORD_1117;PROD_14;1;5
ORD_1118;PROD_2;4;1
ORD_1118;PROD_50;1;4
ORD_1118;PROD_27;1;1
ORD_1118;PROD_35;8;5
ORD_1118;PROD_42;6;3
ORD_1118;PROD_33;9;4
ORD_1118;PROD_31;4;1
ORD_1118;PROD_28;7;4
ORD_1118;PROD_48;3;3
ORD_1118;PROD_20;7;1
ORD_1118;PROD_32;9;4
ORD_1119;PROD_40;9;5
ORD_1119;PROD_37;1;5
ORD_1119;PROD_24;9;1
ORD_1119;PROD_23;4;5
ORD_1119;PROD_29;1;5
ORD_1119;PROD_46;7;4
ORD_1119;PROD_9;9;1
ORD_1119;PROD_28;7;3
ORD_1119;PROD_5;1;1
ORD_1119;PROD_20;2;2
ORD_1119;PROD_15;1;3
ORD_1119;PROD_2;7;3
ORD_1119;PROD_14;3;1
ORD_1119;PROD_37;2;4
ORD_1119;PROD_41;2;2
ORD_1120;PROD_5;1;4
ORD_1120;PROD_48;1;3
ORD_1120;PROD_21;5;5
ORD_1120;PROD_50;7;3
ORD_1120;PROD_17;9;1
ORD_1120;PROD_24;8;2
ORD_1120;PROD_16;3;2
ORD_1120;PROD_16;5;4
ORD_1120;PROD_25;7;1
ORD_1120;PROD_1;6;1
ORD_1120;PROD_46;9;2
ORD_1120;PROD_1;7;5
ORD_1120;PROD_9;3;5
ORD_1120;PROD_1;4;1
ORD_1120;PROD_25;2;2
ORD_1121;PROD_9;4;4
ORD_1121;PROD_13;4;5
ORD_1121;PROD_8;1;2
ORD_1121;PROD_31;2;1
ORD_1121;PROD_43;5;5
ORD_1121;PROD_33;9;3
ORD_1121;PROD_19;9;2
ORD_1121;PROD_25;9;4
ORD_1121;PROD_18;1;3
ORD_1121;PROD_48;2;4
ORD_1121;PROD_46;4;1
ORD_1121;PROD_4;2;4
ORD_1121;PROD_50;1;1
ORD_1122;PROD_9;9;1
ORD_1122;PROD_23;2;2
ORD_1122;PROD_3;2;5
ORD_1122;PROD_40;8;5
ORD_1122;PROD_40;8;1
ORD_1122;PROD_47;9;4
ORD_1122;PROD_36;4;2
ORD_1122;PROD_46;2;1
ORD_1123;PROD_32;2;2
ORD_1123;PROD_30;4;3
ORD_1123;PROD_22;7;2
ORD_1123;PROD_25;4;1
ORD_1123;PROD_11;5;1
ORD_1123;PROD_29;7;1
ORD_1123;PROD_25;3;1
ORD_1123;PROD_15;9;4
ORD_1123;PROD_7;9;1
ORD_1123;PROD_9;2;1
ORD_1123;PROD_19;2;1
ORD_1124;PROD_46;8;5
ORD_1124;PROD_9;7;3
ORD_1124;PROD_28;5;1
ORD_1124;PROD_5;6;4
ORD_1124;PROD_9;4;5
ORD_1124;PROD_23;4;2
ORD_1124;PROD_9;5;2
ORD_1124;PROD_23;1;1
ORD_1125;PROD_39;6;1
ORD_1125;PROD_42;3;1
ORD_1125;PROD_6;4;4
ORD_1125;PROD_10;4;1
ORD_1125;PROD_26;7;3
ORD_1125;PROD_32;5;2
ORD_1125;PROD_32;1;4
ORD_1125;PROD_19;5;5
ORD_1125;PROD_16;7;4
ORD_1126;PROD_5;6;4
ORD_1126;PROD_48;9;1
ORD_1126;PROD_21;9;3
ORD_1126;PROD_50;6;5
ORD_1126;PROD_17;9;2
ORD_1126;PROD_23;4;4
ORD_1126;PROD_17;8;4
ORD_1126;PROD_12;9;1
ORD_1127;PROD_5;9;3
ORD_1127;PROD_48;9;3
ORD_1127;PROD_21;3;2
ORD_1127;PROD_50;8;3
ORD_1127;PROD_17;3;3
ORD_1127;PROD_17;8;4
ORD_1127;PROD_45;1;5
ORD_1127;PROD_5;7;4
ORD_1127;PROD_20;7;5
ORD_1127;PROD_40;1;4
ORD_1127;PROD_37;4;5
ORD_1127;PROD_24;6;4
ORD_1127;PROD_23;2;1
ORD_1128;PROD_9;2;4
ORD_1128;PROD_23;5;5
ORD_1128;PROD_30;6;1
ORD_1128;PROD_26;1;3
ORD_1128;PROD_1;3;4
ORD_1128;PROD_43;1;1
ORD_1128;PROD_9;8;3
ORD_1128;PROD_50;5;2
ORD_1128;PROD_9;1;3
ORD_1128;PROD_47;4;5
ORD_1128;PROD_35;6;4
ORD_1128;PROD_31;4;5
ORD_1128;PROD_10;8;1
ORD_1128;PROD_13;9;4
ORD_1129;PROD_31;1;1
ORD_1129;PROD_3;3;3
ORD_1129;PROD_22;1;2
ORD_1129;PROD_46;8;1
ORD_1129;PROD_7;3;1
ORD_1129;PROD_45;6;1
ORD_1129;PROD_29;7;1
ORD_1129;PROD_23;5;5
ORD_1129;PROD_44;8;3
ORD_1129;PROD_13;2;3
ORD_1129;PROD_27;9;4
ORD_1129;PROD_5;8;2
ORD_1129;PROD_35;7;2
ORD_1129;PROD_49;7;4
ORD_1130;PROD_1;9;5
ORD_1130;PROD_15;1;5
ORD_1130;PROD_46;5;4
ORD_1130;PROD_15;7;3
ORD_1130;PROD_44;8;5
ORD_1130;PROD_45;9;3
ORD_1130;PROD_9;1;2
ORD_1130;PROD_4;7;2
ORD_1130;PROD_46;2;2
ORD_1130;PROD_42;2;5
ORD_1130;PROD_14;2;1
ORD_1130;PROD_37;4;2
ORD_1130;PROD_30;6;2
ORD_1130;PROD_25;6;3
ORD_1131;PROD_41;5;3
ORD_1131;PROD_17;3;5
ORD_1131;PROD_28;9;4
ORD_1131;PROD_1;6;1
ORD_1131;PROD_22;9;3
ORD_1132;PROD_46;3;4
ORD_1132;PROD_9;3;5
ORD_1132;PROD_28;1;5
ORD_1132;PROD_5;8;1
ORD_1132;PROD_8;8;2
ORD_1132;PROD_27;4;2
ORD_1132;PROD_45;1;4
ORD_1133;PROD_31;4;2
ORD_1133;PROD_3;5;3
ORD_1133;PROD_22;6;2
ORD_1133;PROD_46;6;5
ORD_1133;PROD_46;2;3
ORD_1133;PROD_13;3;3
ORD_1133;PROD_16;8;4
ORD_1133;PROD_49;9;2
ORD_1133;PROD_27;3;1
ORD_1133;PROD_30;7;3
ORD_1133;PROD_18;4;5
ORD_1134;PROD_42;1;2
ORD_1134;PROD_14;6;5
ORD_1134;PROD_46;8;3
ORD_1134;PROD_24;9;5
ORD_1134;PROD_21;2;2
ORD_1134;PROD_50;2;1
ORD_1134;PROD_21;4;1
ORD_1135;PROD_34;4;4
ORD_1135;PROD_21;2;1
ORD_1135;PROD_18;8;1
ORD_1135;PROD_34;2;1
ORD_1135;PROD_21;8;4
ORD_1135;PROD_18;4;1
ORD_1135;PROD_34;7;4
ORD_1135;PROD_21;8;3
ORD_1135;PROD_18;1;4
ORD_1135;PROD_12;9;4
ORD_1135;PROD_30;1;4
ORD_1135;PROD_1;4;1
ORD_1135;PROD_6;5;3
ORD_1135;PROD_18;1;3
ORD_1135;PROD_7;2;1
ORD_1136;PROD_40;9;1
ORD_1136;PROD_37;1;4
ORD_1136;PROD_24;3;1
ORD_1136;PROD_23;9;3
ORD_1136;PROD_29;3;3
ORD_1136;PROD_11;7;2
ORD_1136;PROD_15;8;5
ORD_1136;PROD_14;5;2
ORD_1136;PROD_16;2;4
ORD_1137;PROD_7;7;4
ORD_1137;PROD_45;8;2
ORD_1137;PROD_29;2;5
ORD_1137;PROD_8;7;1
ORD_1137;PROD_9;4;5
ORD_1137;PROD_26;7;4
ORD_1137;PROD_32;2;3
ORD_1137;PROD_17;1;3
ORD_1137;PROD_10;5;3
ORD_1137;PROD_26;3;3
ORD_1137;PROD_9;7;4
ORD_1137;PROD_48;8;2
ORD_1137;PROD_18;5;4
ORD_1138;PROD_11;7;1
ORD_1138;PROD_45;8;1
ORD_1138;PROD_9;8;5
ORD_1138;PROD_24;2;1
ORD_1138;PROD_5;6;5
ORD_1138;PROD_46;2;1
ORD_1139;PROD_17;7;4
ORD_1139;PROD_45;1;3
ORD_1139;PROD_5;8;1
ORD_1139;PROD_20;2;5
ORD_1139;PROD_1;8;5
ORD_1139;PROD_29;2;1
ORD_1140;PROD_4;4;3
ORD_1140;PROD_30;4;1
ORD_1140;PROD_33;2;1
ORD_1140;PROD_25;2;4
ORD_1140;PROD_50;3;4
ORD_1140;PROD_1;9;2
ORD_1141;PROD_5;9;1
ORD_1141;PROD_48;4;2
ORD_1141;PROD_21;8;3
ORD_1141;PROD_50;1;3
ORD_1141;PROD_17;8;3
ORD_1141;PROD_31;8;3
ORD_1142;PROD_43;9;1
ORD_1142;PROD_37;7;4
ORD_1142;PROD_40;7;1
ORD_1142;PROD_2;1;4
ORD_1142;PROD_29;5;5
ORD_1142;PROD_21;2;4
ORD_1142;PROD_9;4;5
ORD_1142;PROD_33;9;2
ORD_1143;PROD_18;7;5
ORD_1143;PROD_3;1;3
ORD_1143;PROD_5;8;2
ORD_1143;PROD_7;3;5
ORD_1143;PROD_19;1;2
ORD_1143;PROD_49;8;4
ORD_1143;PROD_25;9;1
ORD_1143;PROD_25;2;2
ORD_1143;PROD_34;2;1
ORD_1143;PROD_37;2;2
ORD_1143;PROD_23;4;1
ORD_1143;PROD_36;5;5
ORD_1143;PROD_42;6;4
ORD_1143;PROD_35;2;3
ORD_1144;PROD_2;7;5
ORD_1144;PROD_50;2;5
ORD_1144;PROD_27;3;4
ORD_1144;PROD_40;3;3
ORD_1144;PROD_37;2;2
ORD_1144;PROD_24;5;4
ORD_1144;PROD_23;4;3
ORD_1144;PROD_29;4;3
ORD_1144;PROD_46;8;3
ORD_1145;PROD_2;8;5
ORD_1145;PROD_50;4;5
ORD_1145;PROD_27;8;3
ORD_1145;PROD_44;4;5
ORD_1145;PROD_6;2;2
ORD_1145;PROD_32;3;4
ORD_1145;PROD_9;8;1
ORD_1145;PROD_5;3;5
ORD_1145;PROD_48;7;1
ORD_1145;PROD_27;8;3
ORD_1145;PROD_12;1;2
ORD_1145;PROD_9;5;2
ORD_1145;PROD_7;7;4
ORD_1145;PROD_43;7;5
ORD_1145;PROD_49;5;4
ORD_1146;PROD_22;8;2
ORD_1146;PROD_33;7;5
ORD_1146;PROD_35;1;2
ORD_1146;PROD_34;6;1
ORD_1146;PROD_3;2;3
ORD_1146;PROD_19;1;1
ORD_1146;PROD_46;7;1
ORD_1146;PROD_26;6;5
ORD_1146;PROD_30;5;1
ORD_1146;PROD_1;8;3
ORD_1146;PROD_13;7;4
ORD_1146;PROD_3;5;4
ORD_1146;PROD_45;8;4
ORD_1147;PROD_12;2;1
ORD_1147;PROD_2;9;4
ORD_1147;PROD_39;3;4
ORD_1147;PROD_11;8;4
ORD_1147;PROD_44;1;4
ORD_1147;PROD_17;4;1
ORD_1147;PROD_4;3;1
ORD_1147;PROD_3;7;1
ORD_1148;PROD_12;5;1
ORD_1148;PROD_2;9;1
ORD_1148;PROD_39;9;4
ORD_1148;PROD_11;7;5
ORD_1148;PROD_7;8;3
ORD_1148;PROD_45;5;1
ORD_1148;PROD_29;8;3
ORD_1148;PROD_5;6;4
ORD_1148;PROD_48;6;5
ORD_1148;PROD_21;9;2
ORD_1148;PROD_50;1;3
ORD_1148;PROD_17;2;4
ORD_1148;PROD_5;6;1
ORD_1149;PROD_17;9;2
ORD_1149;PROD_45;4;5
ORD_1149;PROD_5;5;5
ORD_1149;PROD_20;4;4
ORD_1149;PROD_5;5;1
ORD_1149;PROD_48;1;4
ORD_1149;PROD_21;6;1
ORD_1150;PROD_23;4;4
ORD_1150;PROD_6;5;3
ORD_1150;PROD_10;9;4
ORD_1150;PROD_42;2;5
ORD_1150;PROD_42;9;3
ORD_1150;PROD_43;7;3
ORD_1150;PROD_17;3;5
ORD_1150;PROD_48;6;4
ORD_1150;PROD_15;6;1
ORD_1150;PROD_11;8;5
ORD_1150;PROD_6;1;3
ORD_1150;PROD_25;6;2
ORD_1150;PROD_42;1;5
ORD_1150;PROD_40;5;5
ORD_1151;PROD_34;6;1
ORD_1151;PROD_21;1;1
ORD_1151;PROD_18;6;5
ORD_1151;PROD_2;7;1
ORD_1151;PROD_50;1;4
ORD_1151;PROD_27;8;4
ORD_1151;PROD_10;4;2
ORD_1151;PROD_39;9;3
ORD_1151;PROD_15;3;2
ORD_1151;PROD_9;4;4
ORD_1151;PROD_21;4;5
ORD_1151;PROD_23;9;2
ORD_1151;PROD_8;1;1
ORD_1152;PROD_44;3;5
ORD_1152;PROD_17;7;5
ORD_1152;PROD_4;5;1
ORD_1152;PROD_3;9;3
ORD_1152;PROD_25;4;4
ORD_1152;PROD_1;1;2
ORD_1152;PROD_28;5;5
ORD_1152;PROD_14;3;4
ORD_1152;PROD_39;1;3
ORD_1153;PROD_2;8;2
ORD_1153;PROD_50;4;3
ORD_1153;PROD_27;3;2
ORD_1153;PROD_29;7;5
ORD_1153;PROD_18;2;4
ORD_1153;PROD_49;4;4
ORD_1153;PROD_20;2;1
ORD_1153;PROD_8;6;2
ORD_1153;PROD_38;1;5
ORD_1153;PROD_35;3;5
ORD_1153;PROD_40;1;1
ORD_1153;PROD_19;1;4
ORD_1153;PROD_31;5;5
ORD_1153;PROD_49;1;3
ORD_1153;PROD_25;4;3
ORD_1154;PROD_2;4;5
ORD_1154;PROD_50;5;4
ORD_1154;PROD_27;1;3
ORD_1154;PROD_20;5;2
ORD_1154;PROD_7;1;4
ORD_1154;PROD_21;2;3
ORD_1154;PROD_25;4;5
ORD_1154;PROD_43;5;3
ORD_1154;PROD_43;2;1
ORD_1154;PROD_16;4;3
ORD_1155;PROD_17;3;4
ORD_1155;PROD_45;8;1
ORD_1155;PROD_5;9;5
ORD_1155;PROD_20;9;3
ORD_1155;PROD_9;4;4
ORD_1155;PROD_23;2;2
ORD_1155;PROD_33;9;4
ORD_1155;PROD_5;5;3
ORD_1155;PROD_7;8;2
ORD_1155;PROD_49;8;1
ORD_1155;PROD_17;4;1
ORD_1155;PROD_12;5;3
ORD_1156;PROD_9;9;5
ORD_1156;PROD_23;7;3
ORD_1156;PROD_45;6;1
ORD_1156;PROD_12;3;5
ORD_1156;PROD_14;6;4
ORD_1156;PROD_24;7;3
ORD_1156;PROD_19;7;1
ORD_1156;PROD_24;1;5
ORD_1156;PROD_30;3;4
ORD_1157;PROD_2;7;4
ORD_1157;PROD_50;2;2
ORD_1157;PROD_27;2;4
ORD_1157;PROD_9;2;5
ORD_1157;PROD_23;9;3
ORD_1157;PROD_31;7;2
ORD_1158;PROD_5;2;3
ORD_1158;PROD_48;2;3
ORD_1158;PROD_21;9;3
ORD_1158;PROD_50;3;1
ORD_1158;PROD_17;5;2
ORD_1158;PROD_25;1;5
ORD_1158;PROD_2;4;3
ORD_1158;PROD_38;3;4
ORD_1158;PROD_21;6;1
ORD_1158;PROD_8;4;5
ORD_1158;PROD_26;6;4
ORD_1158;PROD_32;1;2
ORD_1158;PROD_44;4;2
ORD_1158;PROD_23;2;3
ORD_1159;PROD_40;4;5
ORD_1159;PROD_37;4;3
ORD_1159;PROD_24;5;2
ORD_1159;PROD_23;8;3
ORD_1159;PROD_29;7;3
ORD_1160;PROD_7;7;4
ORD_1160;PROD_45;5;4
ORD_1160;PROD_29;1;2
ORD_1160;PROD_47;4;3
ORD_1160;PROD_31;8;2
ORD_1160;PROD_36;6;5
ORD_1160;PROD_3;4;2
ORD_1160;PROD_10;9;2
ORD_1160;PROD_23;4;4
ORD_1160;PROD_42;2;4
ORD_1160;PROD_19;9;5
ORD_1160;PROD_44;2;3
ORD_1160;PROD_42;8;5
ORD_1160;PROD_21;5;3
ORD_1161;PROD_22;9;1
ORD_1161;PROD_22;2;2
ORD_1161;PROD_37;9;1
ORD_1161;PROD_35;6;1
ORD_1161;PROD_49;2;4
ORD_1161;PROD_33;1;4
ORD_1161;PROD_48;8;4
ORD_1161;PROD_50;2;4
ORD_1161;PROD_12;3;5
ORD_1161;PROD_3;3;4
ORD_1161;PROD_22;2;4
ORD_1162;PROD_12;2;3
ORD_1162;PROD_2;9;2
ORD_1162;PROD_39;5;5
ORD_1162;PROD_11;1;1
ORD_1162;PROD_9;2;3
ORD_1162;PROD_23;5;1
ORD_1162;PROD_40;4;1
ORD_1163;PROD_34;1;5
ORD_1163;PROD_21;6;1
ORD_1163;PROD_18;1;1
ORD_1163;PROD_12;6;5
ORD_1163;PROD_2;1;5
ORD_1164;PROD_34;3;4
ORD_1164;PROD_38;1;3
ORD_1164;PROD_27;4;3
ORD_1164;PROD_3;3;4
ORD_1164;PROD_31;7;4
ORD_1164;PROD_9;3;4
ORD_1164;PROD_5;6;3
ORD_1164;PROD_36;2;3
ORD_1164;PROD_49;8;2
ORD_1165;PROD_5;3;5
ORD_1165;PROD_48;9;3
ORD_1165;PROD_21;2;4
ORD_1165;PROD_50;9;5
ORD_1165;PROD_17;3;1
ORD_1165;PROD_34;2;1
ORD_1165;PROD_21;5;3
ORD_1165;PROD_18;9;3
ORD_1166;PROD_18;5;1
ORD_1166;PROD_1;5;1
ORD_1166;PROD_33;5;2
ORD_1166;PROD_10;7;4
ORD_1166;PROD_36;1;4
ORD_1167;PROD_7;7;1
ORD_1167;PROD_45;3;4
ORD_1167;PROD_29;1;2
ORD_1167;PROD_34;2;1
ORD_1167;PROD_21;2;5
ORD_1167;PROD_18;8;1
ORD_1167;PROD_31;6;2
ORD_1167;PROD_3;7;2
ORD_1168;PROD_34;2;2
ORD_1168;PROD_4;3;3
ORD_1168;PROD_20;3;4
ORD_1168;PROD_24;6;2
ORD_1168;PROD_46;1;3
ORD_1168;PROD_39;8;4
ORD_1168;PROD_45;5;2
ORD_1168;PROD_35;2;1
ORD_1168;PROD_45;4;3
ORD_1168;PROD_45;7;1
ORD_1168;PROD_2;7;3
ORD_1168;PROD_10;2;3
ORD_1168;PROD_20;2;5
ORD_1168;PROD_6;2;5
ORD_1168;PROD_3;7;1
ORD_1169;PROD_40;5;4
ORD_1169;PROD_37;6;1
ORD_1169;PROD_24;8;4
ORD_1169;PROD_23;3;3
ORD_1169;PROD_29;5;5
ORD_1169;PROD_47;9;3
ORD_1169;PROD_21;3;5
ORD_1169;PROD_26;7;5
ORD_1169;PROD_4;2;4
ORD_1169;PROD_2;2;1
ORD_1169;PROD_44;8;3
ORD_1169;PROD_47;8;4
ORD_1169;PROD_48;7;2
ORD_1169;PROD_50;9;2
ORD_1170;PROD_31;5;2
ORD_1170;PROD_3;5;5
ORD_1170;PROD_22;9;2
ORD_1170;PROD_46;4;2
ORD_1170;PROD_20;1;5
ORD_1170;PROD_34;2;1
ORD_1170;PROD_2;5;3
ORD_1170;PROD_6;5;5
ORD_1170;PROD_7;9;2
ORD_1170;PROD_34;3;2
ORD_1170;PROD_49;3;1
ORD_1170;PROD_24;5;5
ORD_1170;PROD_7;8;1
ORD_1171;PROD_46;7;2
ORD_1171;PROD_13;9;5
ORD_1171;PROD_16;1;3
ORD_1171;PROD_49;9;4
ORD_1171;PROD_27;5;2
ORD_1171;PROD_12;4;2
ORD_1171;PROD_2;5;3
ORD_1171;PROD_39;9;1
ORD_1171;PROD_11;3;2
ORD_1172;PROD_7;9;4
ORD_1172;PROD_13;8;1
ORD_1172;PROD_46;5;2
ORD_1172;PROD_37;7;2
ORD_1172;PROD_17;8;4
ORD_1172;PROD_11;1;1
ORD_1172;PROD_12;5;1
ORD_1172;PROD_32;7;1
ORD_1172;PROD_24;3;5
ORD_1172;PROD_43;8;1
ORD_1172;PROD_14;5;2
ORD_1172;PROD_30;9;5
ORD_1173;PROD_47;8;3
ORD_1173;PROD_37;2;5
ORD_1173;PROD_50;9;3
ORD_1173;PROD_43;8;3
ORD_1173;PROD_27;9;2
ORD_1173;PROD_44;6;3
ORD_1173;PROD_25;1;4
ORD_1173;PROD_33;2;3
ORD_1173;PROD_48;6;4
ORD_1173;PROD_15;7;2
ORD_1174;PROD_11;6;3
ORD_1174;PROD_28;1;4
ORD_1174;PROD_8;7;1
ORD_1174;PROD_12;9;2
ORD_1174;PROD_33;1;4
ORD_1174;PROD_25;6;2
ORD_1174;PROD_42;7;4
ORD_1174;PROD_16;5;1
ORD_1174;PROD_40;8;2
ORD_1174;PROD_12;4;4
ORD_1174;PROD_12;6;4
ORD_1174;PROD_30;7;5
ORD_1175;PROD_27;8;4
ORD_1175;PROD_3;1;2
ORD_1175;PROD_46;1;4
ORD_1175;PROD_7;3;4
ORD_1175;PROD_37;7;2
ORD_1175;PROD_37;3;4
ORD_1175;PROD_20;7;1
ORD_1175;PROD_1;4;2
ORD_1175;PROD_11;9;5
ORD_1175;PROD_14;4;1
ORD_1175;PROD_43;9;5
ORD_1175;PROD_21;6;4
ORD_1176;PROD_44;8;3
ORD_1176;PROD_17;5;1
ORD_1176;PROD_4;4;3
ORD_1176;PROD_3;3;2
ORD_1176;PROD_25;6;4
ORD_1176;PROD_45;7;2
ORD_1176;PROD_2;8;4
ORD_1177;PROD_19;3;4
ORD_1177;PROD_23;9;5
ORD_1177;PROD_5;2;5
ORD_1177;PROD_28;2;1
ORD_1177;PROD_26;3;5
ORD_1177;PROD_15;8;1
ORD_1177;PROD_32;7;3
ORD_1178;PROD_12;9;1
ORD_1178;PROD_2;3;1
ORD_1178;PROD_39;7;5
ORD_1178;PROD_11;4;4
ORD_1178;PROD_5;8;3
ORD_1178;PROD_10;9;4
ORD_1178;PROD_32;8;2
ORD_1178;PROD_47;9;4
ORD_1178;PROD_34;6;5
ORD_1179;PROD_36;2;3
ORD_1179;PROD_13;1;1
ORD_1179;PROD_39;9;5
ORD_1179;PROD_36;1;1
ORD_1179;PROD_1;7;2
ORD_1179;PROD_35;4;1
ORD_1179;PROD_29;2;3
ORD_1179;PROD_33;7;4
ORD_1179;PROD_22;2;2
ORD_1179;PROD_34;5;3
ORD_1179;PROD_38;5;5
ORD_1179;PROD_8;6;2
ORD_1179;PROD_7;2;2
ORD_1180;PROD_12;7;5
ORD_1180;PROD_2;8;3
ORD_1180;PROD_39;6;5
ORD_1180;PROD_11;4;1
ORD_1180;PROD_9;5;5
ORD_1180;PROD_23;1;5
ORD_1180;PROD_1;7;3
ORD_1180;PROD_14;2;2
ORD_1180;PROD_40;9;3
ORD_1180;PROD_36;2;5
ORD_1180;PROD_15;8;2
ORD_1181;PROD_31;8;2
ORD_1181;PROD_3;6;2
ORD_1181;PROD_22;4;2
ORD_1181;PROD_46;3;5
ORD_1181;PROD_31;8;3
ORD_1181;PROD_3;2;5
ORD_1181;PROD_22;9;5
ORD_1181;PROD_46;2;1
ORD_1182;PROD_15;7;5
ORD_1182;PROD_16;6;1
ORD_1182;PROD_22;7;5
ORD_1182;PROD_2;9;5
ORD_1182;PROD_18;1;3
ORD_1182;PROD_8;4;3
ORD_1182;PROD_34;3;1
ORD_1182;PROD_37;8;5
ORD_1182;PROD_40;3;1
ORD_1182;PROD_48;4;2
ORD_1182;PROD_43;3;5
ORD_1182;PROD_11;2;5
ORD_1182;PROD_10;6;3
ORD_1183;PROD_3;3;5
ORD_1183;PROD_29;4;3
ORD_1183;PROD_10;6;1
ORD_1183;PROD_18;5;4
ORD_1183;PROD_1;8;4
ORD_1183;PROD_16;2;2
ORD_1183;PROD_43;2;5
ORD_1183;PROD_29;1;1
ORD_1183;PROD_35;4;4
ORD_1184;PROD_40;1;1
ORD_1184;PROD_37;2;3
ORD_1184;PROD_24;9;2
ORD_1184;PROD_23;9;1
ORD_1184;PROD_29;9;2
ORD_1184;PROD_1;8;1
ORD_1184;PROD_27;5;3
ORD_1184;PROD_42;2;1
ORD_1184;PROD_40;4;2
ORD_1184;PROD_37;6;1
ORD_1184;PROD_15;8;2
ORD_1184;PROD_17;4;5
ORD_1184;PROD_6;9;5
ORD_1185;PROD_46;4;1
ORD_1185;PROD_9;4;4
ORD_1185;PROD_28;6;3
ORD_1185;PROD_5;3;5
ORD_1185;PROD_2;9;4
ORD_1185;PROD_50;4;3
ORD_1185;PROD_27;9;2
ORD_1185;PROD_33;5;1
ORD_1185;PROD_8;8;5
ORD_1185;PROD_29;6;5
ORD_1186;PROD_9;2;1
ORD_1186;PROD_4;9;4
ORD_1186;PROD_12;3;2
ORD_1186;PROD_2;2;5
ORD_1186;PROD_10;6;4
ORD_1186;PROD_32;4;4
ORD_1186;PROD_34;9;3
ORD_1186;PROD_49;3;1
ORD_1186;PROD_47;3;2
ORD_1186;PROD_1;5;4
ORD_1186;PROD_7;7;1
ORD_1186;PROD_7;7;3
ORD_1186;PROD_19;2;5
ORD_1186;PROD_49;5;2
ORD_1186;PROD_29;3;2
ORD_1187;PROD_20;9;3
ORD_1187;PROD_47;9;4
ORD_1187;PROD_26;3;3
ORD_1187;PROD_8;1;2
ORD_1187;PROD_40;2;2
ORD_1187;PROD_10;1;5
ORD_1187;PROD_16;2;4
ORD_1187;PROD_47;1;2
ORD_1188;PROD_39;1;4
ORD_1188;PROD_34;3;2
ORD_1188;PROD_24;2;4
ORD_1188;PROD_25;3;3
ORD_1188;PROD_32;3;2
ORD_1188;PROD_44;8;2
ORD_1189;PROD_44;2;2
ORD_1189;PROD_17;7;5
ORD_1189;PROD_4;2;4
ORD_1189;PROD_3;8;1
ORD_1189;PROD_25;7;2
ORD_1189;PROD_46;7;3
ORD_1189;PROD_13;6;4
ORD_1189;PROD_16;9;5
ORD_1189;PROD_49;6;1
ORD_1189;PROD_27;7;1
ORD_1189;PROD_11;5;1
ORD_1189;PROD_45;5;3
ORD_1189;PROD_7;3;5
ORD_1190;PROD_44;5;4
ORD_1190;PROD_17;4;5
ORD_1190;PROD_4;9;4
ORD_1190;PROD_3;4;1
ORD_1190;PROD_25;2;5
ORD_1190;PROD_5;9;2
ORD_1190;PROD_24;4;5
ORD_1190;PROD_2;7;3
ORD_1190;PROD_12;7;4
ORD_1190;PROD_45;6;2
ORD_1190;PROD_2;6;4
ORD_1190;PROD_29;2;2
ORD_1190;PROD_23;2;4
ORD_1190;PROD_16;5;5
ORD_1190;PROD_39;8;2
ORD_1191;PROD_2;6;2
ORD_1191;PROD_50;9;3
ORD_1191;PROD_27;2;2
ORD_1191;PROD_31;6;1
ORD_1191;PROD_3;8;4
ORD_1191;PROD_22;1;4
ORD_1191;PROD_46;2;1
ORD_1191;PROD_46;8;3
ORD_1191;PROD_19;2;1
ORD_1191;PROD_20;3;1
ORD_1191;PROD_18;7;5
ORD_1191;PROD_28;8;1
ORD_1191;PROD_12;6;2
ORD_1191;PROD_16;9;5
ORD_1192;PROD_17;3;5
ORD_1192;PROD_45;6;4
ORD_1192;PROD_5;6;5
ORD_1192;PROD_20;4;5
ORD_1192;PROD_20;3;2
ORD_1192;PROD_17;4;3
ORD_1192;PROD_2;3;5
ORD_1192;PROD_24;1;2
ORD_1192;PROD_21;4;2
ORD_1192;PROD_46;4;5
ORD_1192;PROD_5;1;5
ORD_1192;PROD_4;8;5
ORD_1192;PROD_43;6;1
ORD_1192;PROD_14;2;4
ORD_1193;PROD_46;7;4
ORD_1193;PROD_9;3;1
ORD_1193;PROD_28;1;1
ORD_1193;PROD_5;1;3
ORD_1193;PROD_5;8;5
ORD_1193;PROD_48;2;5
ORD_1193;PROD_21;9;3
ORD_1193;PROD_50;3;2
ORD_1193;PROD_17;7;5
ORD_1193;PROD_17;9;5
ORD_1193;PROD_45;2;2
ORD_1193;PROD_5;3;5
ORD_1193;PROD_20;5;2
ORD_1193;PROD_17;2;5
ORD_1194;PROD_40;4;2
ORD_1194;PROD_37;7;4
ORD_1194;PROD_24;2;2
ORD_1194;PROD_23;9;5
ORD_1194;PROD_29;5;2
ORD_1194;PROD_40;8;3
ORD_1194;PROD_37;7;2
ORD_1194;PROD_24;1;1
ORD_1195;PROD_8;8;4
ORD_1195;PROD_35;3;1
ORD_1195;PROD_3;4;4
ORD_1195;PROD_38;6;2
ORD_1195;PROD_27;5;1
ORD_1195;PROD_17;1;2
ORD_1195;PROD_42;4;5
ORD_1195;PROD_12;3;1
ORD_1195;PROD_17;8;2
ORD_1195;PROD_24;3;1
ORD_1196;PROD_46;8;4
ORD_1196;PROD_13;5;2
ORD_1196;PROD_16;6;4
ORD_1196;PROD_49;2;5
ORD_1196;PROD_27;6;1
ORD_1196;PROD_40;6;5
ORD_1196;PROD_37;2;4
ORD_1196;PROD_24;5;5
ORD_1197;PROD_44;6;3
ORD_1197;PROD_17;7;5
ORD_1197;PROD_4;5;2
ORD_1197;PROD_3;6;1
ORD_1197;PROD_25;7;1
ORD_1197;PROD_40;5;5
ORD_1197;PROD_37;5;5
ORD_1197;PROD_24;8;3
ORD_1197;PROD_23;4;4
ORD_1197;PROD_29;5;4
ORD_1197;PROD_20;6;1
ORD_1198;PROD_31;4;2
ORD_1198;PROD_3;4;1
ORD_1198;PROD_22;4;1
ORD_1198;PROD_46;8;5
ORD_1198;PROD_29;6;3
ORD_1198;PROD_18;7;4
ORD_1198;PROD_34;5;2
ORD_1199;PROD_46;3;1
ORD_1199;PROD_9;3;2
ORD_1199;PROD_28;5;3
ORD_1199;PROD_5;3;5
ORD_1199;PROD_44;1;5
ORD_1199;PROD_17;1;4
ORD_1199;PROD_4;3;4
ORD_1199;PROD_3;1;1
ORD_1199;PROD_25;8;2
ORD_1199;PROD_46;2;1
ORD_1199;PROD_9;1;4
ORD_1199;PROD_28;6;4
ORD_1199;PROD_5;5;3
ORD_1199;PROD_5;1;2
ORD_1199;PROD_39;4;3
ORD_1200;PROD_34;9;5
ORD_1200;PROD_21;1;1
ORD_1200;PROD_18;4;5
ORD_1200;PROD_17;2;4
ORD_1200;PROD_45;9;5
ORD_1200;PROD_5;1;1
ORD_1200;PROD_20;2;5
ORD_1200;PROD_40;7;2
ORD_1201;PROD_2;8;2
ORD_1201;PROD_50;6;3
ORD_1201;PROD_27;6;2
ORD_1201;PROD_46;2;2
ORD_1201;PROD_13;2;5
ORD_1201;PROD_16;1;5
ORD_1201;PROD_49;8;5
ORD_1201;PROD_27;6;3
ORD_1201;PROD_24;2;4
ORD_1201;PROD_31;3;1
ORD_1201;PROD_43;9;3
ORD_1201;PROD_3;6;3
ORD_1201;PROD_27;5;5
ORD_1201;PROD_5;2;4
ORD_1201;PROD_15;1;2
ORD_1202;PROD_33;6;2
ORD_1202;PROD_42;7;4
ORD_1202;PROD_26;9;3
ORD_1202;PROD_35;5;3
ORD_1202;PROD_23;7;4
ORD_1202;PROD_4;8;5
ORD_1202;PROD_33;4;4
ORD_1202;PROD_46;3;2
ORD_1202;PROD_26;2;3
ORD_1202;PROD_19;6;1
ORD_1203;PROD_9;3;4
ORD_1203;PROD_23;3;3
ORD_1203;PROD_9;6;1
ORD_1203;PROD_23;3;3
ORD_1203;PROD_12;8;3
ORD_1203;PROD_43;7;1
ORD_1203;PROD_11;3;1
ORD_1203;PROD_42;3;1
ORD_1203;PROD_8;3;4
ORD_1203;PROD_25;5;3
ORD_1203;PROD_10;6;4
ORD_1203;PROD_31;3;1
ORD_1203;PROD_35;7;3
ORD_1203;PROD_20;8;2
ORD_1204;PROD_9;6;3
ORD_1204;PROD_23;9;3
ORD_1204;PROD_33;7;1
ORD_1204;PROD_47;8;3
ORD_1204;PROD_22;2;2
ORD_1204;PROD_11;7;4
ORD_1204;PROD_45;5;1
ORD_1205;PROD_7;4;1
ORD_1205;PROD_45;4;4
ORD_1205;PROD_29;1;4
ORD_1205;PROD_50;9;5
ORD_1205;PROD_39;2;2
ORD_1205;PROD_44;3;2
ORD_1205;PROD_20;8;2
ORD_1205;PROD_19;2;3
ORD_1205;PROD_40;6;2
ORD_1205;PROD_50;8;3
ORD_1205;PROD_37;9;1
ORD_1205;PROD_41;2;1
ORD_1205;PROD_35;2;5
ORD_1205;PROD_9;1;1
ORD_1206;PROD_46;7;3
ORD_1206;PROD_9;9;2
ORD_1206;PROD_28;3;5
ORD_1206;PROD_5;1;1
ORD_1206;PROD_45;2;1
ORD_1206;PROD_46;6;2
ORD_1206;PROD_11;5;4
ORD_1206;PROD_20;5;4
ORD_1206;PROD_21;6;4
ORD_1206;PROD_23;2;5
ORD_1207;PROD_2;8;4
ORD_1207;PROD_50;1;1
ORD_1207;PROD_27;7;1
ORD_1207;PROD_36;8;5
ORD_1207;PROD_11;9;2
ORD_1207;PROD_30;3;3
ORD_1207;PROD_32;4;3
ORD_1207;PROD_42;9;3
ORD_1207;PROD_42;5;2
ORD_1207;PROD_27;8;1
ORD_1207;PROD_6;3;2
ORD_1208;PROD_34;1;5
ORD_1208;PROD_21;1;2
ORD_1208;PROD_18;9;1
ORD_1208;PROD_38;7;4
ORD_1208;PROD_45;8;1
ORD_1208;PROD_43;4;2
ORD_1209;PROD_49;1;2
ORD_1209;PROD_11;4;5
ORD_1209;PROD_7;7;5
ORD_1209;PROD_40;5;3
ORD_1209;PROD_50;9;1
ORD_1209;PROD_43;7;2
ORD_1210;PROD_7;3;1
ORD_1210;PROD_45;2;4
ORD_1210;PROD_29;2;4
ORD_1210;PROD_17;9;2
ORD_1210;PROD_45;6;2
ORD_1210;PROD_5;7;1
ORD_1210;PROD_20;7;2
ORD_1210;PROD_46;1;3
ORD_1210;PROD_9;5;4
ORD_1210;PROD_28;7;2
ORD_1210;PROD_5;5;5
ORD_1211;PROD_46;9;1
ORD_1211;PROD_9;3;3
ORD_1211;PROD_28;2;5
ORD_1211;PROD_5;7;3
ORD_1211;PROD_31;4;5
ORD_1212;PROD_44;8;3
ORD_1212;PROD_31;8;1
ORD_1212;PROD_7;7;3
ORD_1212;PROD_12;6;3
ORD_1212;PROD_40;3;3
ORD_1212;PROD_30;7;5
ORD_1213;PROD_46;1;1
ORD_1213;PROD_9;1;3
ORD_1213;PROD_28;6;4
ORD_1213;PROD_5;4;2
ORD_1213;PROD_14;8;2
ORD_1214;PROD_46;1;3
ORD_1214;PROD_13;7;4
ORD_1214;PROD_16;7;5
ORD_1214;PROD_49;7;1
ORD_1214;PROD_27;7;1
ORD_1214;PROD_46;9;5
ORD_1214;PROD_13;5;1
ORD_1214;PROD_16;2;1
ORD_1214;PROD_49;8;3
ORD_1214;PROD_27;8;2
ORD_1214;PROD_11;4;2
ORD_1215;PROD_17;2;4
ORD_1215;PROD_45;7;3
ORD_1215;PROD_5;7;5
ORD_1215;PROD_20;5;2
ORD_1215;PROD_2;4;2
ORD_1215;PROD_50;5;4
ORD_1215;PROD_27;5;3
ORD_1215;PROD_5;1;4
ORD_1215;PROD_48;7;4
ORD_1215;PROD_21;6;2
ORD_1215;PROD_50;2;2
ORD_1215;PROD_17;9;4
ORD_1215;PROD_40;3;5
ORD_1215;PROD_13;3;3
ORD_1215;PROD_11;1;5
ORD_1216;PROD_40;2;3
ORD_1216;PROD_37;7;5
ORD_1216;PROD_24;7;1
ORD_1216;PROD_23;8;4
ORD_1216;PROD_29;5;4
ORD_1216;PROD_46;9;3
ORD_1216;PROD_13;6;3
ORD_1217;PROD_12;6;2
ORD_1217;PROD_2;3;2
ORD_1217;PROD_39;5;4
ORD_1217;PROD_11;2;2
ORD_1217;PROD_17;6;1
ORD_1217;PROD_45;9;1
ORD_1217;PROD_5;9;1
ORD_1217;PROD_20;6;4
ORD_1217;PROD_12;6;3
ORD_1217;PROD_2;4;4
ORD_1217;PROD_39;4;3
ORD_1217;PROD_11;6;4
ORD_1217;PROD_42;2;1
ORD_1217;PROD_40;4;5
ORD_1217;PROD_32;7;2
ORD_1218;PROD_46;4;1
ORD_1218;PROD_9;2;1
ORD_1218;PROD_28;9;2
ORD_1218;PROD_5;4;2
ORD_1218;PROD_12;5;2
ORD_1218;PROD_4;6;5
ORD_1218;PROD_12;8;1
ORD_1218;PROD_40;1;1
ORD_1218;PROD_16;5;3
ORD_1218;PROD_20;9;1
ORD_1219;PROD_40;4;3
ORD_1219;PROD_37;8;1
ORD_1219;PROD_24;7;5
ORD_1219;PROD_23;7;3
ORD_1219;PROD_29;9;1
ORD_1219;PROD_46;9;1
ORD_1219;PROD_13;3;2
ORD_1220;PROD_17;2;3
ORD_1220;PROD_2;4;2
ORD_1220;PROD_13;9;1
ORD_1220;PROD_37;9;3
ORD_1220;PROD_23;6;2
ORD_1220;PROD_17;6;4
ORD_1220;PROD_30;5;1
ORD_1220;PROD_24;7;3
ORD_1220;PROD_11;1;2
ORD_1220;PROD_40;4;5
ORD_1221;PROD_40;2;1
ORD_1221;PROD_37;1;1
ORD_1221;PROD_24;1;4
ORD_1221;PROD_23;9;2
ORD_1221;PROD_29;2;1
ORD_1221;PROD_20;2;3
ORD_1221;PROD_43;7;3
ORD_1221;PROD_4;5;1
ORD_1221;PROD_13;4;3
ORD_1221;PROD_24;9;3
ORD_1222;PROD_8;3;2
ORD_1222;PROD_39;6;4
ORD_1222;PROD_49;3;2
ORD_1222;PROD_11;3;5
ORD_1222;PROD_12;5;5
ORD_1223;PROD_9;4;2
ORD_1223;PROD_23;6;1
ORD_1223;PROD_44;1;3
ORD_1223;PROD_17;8;5
ORD_1223;PROD_4;3;3
ORD_1224;PROD_21;3;4
ORD_1224;PROD_33;9;3
ORD_1224;PROD_48;7;5
ORD_1224;PROD_15;7;1
ORD_1224;PROD_15;5;5
ORD_1224;PROD_37;4;4
ORD_1224;PROD_25;2;4
ORD_1224;PROD_5;4;5
ORD_1224;PROD_7;8;1
ORD_1224;PROD_34;7;4
ORD_1224;PROD_5;2;5
ORD_1224;PROD_46;1;1
ORD_1224;PROD_32;1;1
ORD_1224;PROD_9;5;3
ORD_1224;PROD_9;7;4
ORD_1225;PROD_31;1;5
ORD_1225;PROD_3;1;3
ORD_1225;PROD_22;8;2
ORD_1225;PROD_46;3;2
ORD_1225;PROD_46;8;5
ORD_1225;PROD_13;9;4
ORD_1225;PROD_16;7;5
ORD_1225;PROD_49;4;1
ORD_1225;PROD_27;3;2
ORD_1225;PROD_2;5;5
ORD_1225;PROD_50;6;4
ORD_1225;PROD_27;2;4
ORD_1225;PROD_17;4;5
ORD_1226;PROD_9;4;3
ORD_1226;PROD_23;1;5
ORD_1226;PROD_34;6;3
ORD_1226;PROD_21;3;5
ORD_1226;PROD_18;4;3
ORD_1226;PROD_12;5;3
ORD_1227;PROD_7;3;1
ORD_1227;PROD_45;5;4
ORD_1227;PROD_29;9;1
ORD_1227;PROD_9;8;3
ORD_1227;PROD_23;4;5
ORD_1227;PROD_12;2;1
ORD_1227;PROD_2;6;3
ORD_1228;PROD_25;8;1
ORD_1228;PROD_25;7;4
ORD_1228;PROD_41;1;5
ORD_1228;PROD_25;9;2
ORD_1228;PROD_46;6;3
ORD_1228;PROD_3;2;1
ORD_1228;PROD_11;7;4
ORD_1228;PROD_28;9;2
ORD_1228;PROD_30;3;5
ORD_1228;PROD_28;7;4
ORD_1228;PROD_5;8;1
ORD_1228;PROD_43;7;1
ORD_1228;PROD_14;9;4
ORD_1228;PROD_46;5;5
ORD_1228;PROD_19;6;2
ORD_1229;PROD_40;9;4
ORD_1229;PROD_37;8;2
ORD_1229;PROD_24;8;1
ORD_1229;PROD_23;8;3
ORD_1229;PROD_29;4;2
ORD_1229;PROD_34;5;4
ORD_1229;PROD_21;1;4
ORD_1229;PROD_18;3;4
ORD_1229;PROD_32;9;2
ORD_1229;PROD_6;2;3
ORD_1229;PROD_49;8;4
ORD_1229;PROD_40;4;3
ORD_1229;PROD_25;1;5
ORD_1229;PROD_20;6;5
ORD_1229;PROD_23;1;4
ORD_1230;PROD_46;7;3
ORD_1230;PROD_9;5;2
ORD_1230;PROD_28;5;5
ORD_1230;PROD_5;9;5
ORD_1230;PROD_44;3;1
ORD_1231;PROD_13;7;5
ORD_1231;PROD_46;7;4
ORD_1231;PROD_38;2;2
ORD_1231;PROD_17;3;1
ORD_1231;PROD_29;7;1
ORD_1231;PROD_11;6;3
ORD_1231;PROD_26;4;3
ORD_1231;PROD_16;4;1
ORD_1231;PROD_8;7;4
ORD_1231;PROD_49;7;3
ORD_1231;PROD_1;4;2
ORD_1231;PROD_27;9;3
ORD_1232;PROD_46;3;4
ORD_1232;PROD_13;1;1
ORD_1232;PROD_16;1;3
ORD_1232;PROD_49;9;3
ORD_1232;PROD_27;8;3
ORD_1232;PROD_40;1;3
ORD_1232;PROD_37;5;1
ORD_1232;PROD_24;7;5
ORD_1233;PROD_46;7;3
ORD_1233;PROD_25;8;1
ORD_1233;PROD_17;8;4
ORD_1233;PROD_30;9;4
ORD_1233;PROD_3;4;1
ORD_1233;PROD_1;1;5
ORD_1233;PROD_16;2;2
ORD_1234;PROD_9;2;4
ORD_1234;PROD_23;8;4
ORD_1234;PROD_31;1;5
ORD_1234;PROD_3;4;3
ORD_1234;PROD_22;9;1
ORD_1235;PROD_22;1;3
ORD_1235;PROD_1;6;3
ORD_1235;PROD_42;8;1
ORD_1235;PROD_37;3;2
ORD_1235;PROD_39;3;4
ORD_1235;PROD_31;3;1
ORD_1235;PROD_32;8;4
ORD_1235;PROD_45;1;2
ORD_1236;PROD_38;7;4
ORD_1236;PROD_13;2;1
ORD_1236;PROD_50;5;4
ORD_1236;PROD_40;8;1
ORD_1236;PROD_48;7;4
ORD_1236;PROD_4;5;1
ORD_1236;PROD_25;2;5
ORD_1236;PROD_7;2;5
ORD_1236;PROD_15;4;3
ORD_1236;PROD_1;3;3
ORD_1236;PROD_29;6;4
ORD_1236;PROD_24;5;1
ORD_1236;PROD_16;9;4
ORD_1237;PROD_34;8;4
ORD_1237;PROD_21;3;1
ORD_1237;PROD_18;3;4
ORD_1237;PROD_39;5;4
ORD_1237;PROD_16;3;1
ORD_1237;PROD_21;2;2
ORD_1237;PROD_15;3;3
ORD_1237;PROD_39;4;4
ORD_1237;PROD_4;5;5
ORD_1237;PROD_25;3;5
ORD_1237;PROD_30;8;3
ORD_1237;PROD_29;6;3
ORD_1237;PROD_35;7;4
ORD_1237;PROD_40;7;3
ORD_1237;PROD_29;9;1
ORD_1238;PROD_29;4;1
ORD_1238;PROD_8;6;1
ORD_1238;PROD_10;5;3
ORD_1238;PROD_10;6;2
ORD_1238;PROD_42;7;1
ORD_1238;PROD_38;8;4
ORD_1238;PROD_10;9;3
ORD_1238;PROD_25;8;5
ORD_1238;PROD_4;3;2
ORD_1238;PROD_40;9;2
ORD_1238;PROD_13;3;1
ORD_1238;PROD_50;9;2
ORD_1239;PROD_34;1;5
ORD_1239;PROD_21;2;2
ORD_1239;PROD_18;4;4
ORD_1239;PROD_5;3;2
ORD_1239;PROD_48;4;5
ORD_1239;PROD_21;7;4
ORD_1239;PROD_50;5;5
ORD_1240;PROD_2;5;3
ORD_1240;PROD_50;7;4
ORD_1240;PROD_27;2;3
ORD_1240;PROD_44;1;4
ORD_1240;PROD_21;8;3
ORD_1240;PROD_46;2;5
ORD_1240;PROD_38;3;5
ORD_1240;PROD_39;6;4
ORD_1240;PROD_37;7;2
ORD_1240;PROD_7;6;5
ORD_1241;PROD_17;8;3
ORD_1241;PROD_45;8;1
ORD_1241;PROD_5;2;2
ORD_1241;PROD_20;8;2
ORD_1241;PROD_46;5;3
ORD_1241;PROD_13;6;2
ORD_1241;PROD_16;4;5
ORD_1241;PROD_49;2;3
ORD_1241;PROD_27;9;2
ORD_1241;PROD_5;4;2
ORD_1241;PROD_48;7;3
ORD_1242;PROD_9;5;5
ORD_1242;PROD_23;8;5
ORD_1242;PROD_10;2;1
ORD_1242;PROD_24;3;4
ORD_1242;PROD_8;9;2
ORD_1242;PROD_25;8;3
ORD_1242;PROD_40;2;1
ORD_1243;PROD_34;4;2
ORD_1243;PROD_21;4;2
ORD_1243;PROD_18;4;1
ORD_1243;PROD_5;6;3
ORD_1243;PROD_48;5;5
ORD_1244;PROD_17;4;4
ORD_1244;PROD_45;7;4
ORD_1244;PROD_5;4;5
ORD_1244;PROD_20;5;4
ORD_1244;PROD_44;1;3
ORD_1244;PROD_17;3;4
ORD_1244;PROD_4;6;5
ORD_1244;PROD_3;6;2
ORD_1244;PROD_25;3;3
ORD_1244;PROD_22;1;1
ORD_1244;PROD_34;5;4
ORD_1245;PROD_34;2;2
ORD_1245;PROD_39;7;4
ORD_1245;PROD_34;4;2
ORD_1245;PROD_21;9;3
ORD_1245;PROD_13;1;1
ORD_1245;PROD_18;7;4
ORD_1245;PROD_22;4;4
ORD_1245;PROD_4;1;4
ORD_1245;PROD_32;1;2
ORD_1245;PROD_5;4;3
ORD_1245;PROD_39;6;1
ORD_1245;PROD_40;6;5
ORD_1245;PROD_34;2;3
ORD_1245;PROD_37;1;3
ORD_1246;PROD_47;6;4
ORD_1246;PROD_45;6;3
ORD_1246;PROD_12;9;4
ORD_1246;PROD_44;3;3
ORD_1246;PROD_8;1;2
ORD_1246;PROD_24;4;3
ORD_1246;PROD_34;5;5
ORD_1246;PROD_28;8;1
ORD_1247;PROD_31;4;3
ORD_1247;PROD_3;1;3
ORD_1247;PROD_22;4;3
ORD_1247;PROD_46;9;5
ORD_1247;PROD_46;1;5
ORD_1247;PROD_13;8;4
ORD_1247;PROD_16;2;1
ORD_1247;PROD_49;6;4
ORD_1247;PROD_27;7;1
ORD_1247;PROD_9;4;1
ORD_1247;PROD_23;7;2
ORD_1247;PROD_5;6;2
ORD_1247;PROD_9;1;5
ORD_1247;PROD_34;6;5
ORD_1247;PROD_15;7;4
ORD_1248;PROD_1;9;5
ORD_1248;PROD_50;5;1
ORD_1248;PROD_27;4;5
ORD_1248;PROD_22;7;5
ORD_1248;PROD_24;4;1
ORD_1249;PROD_12;2;3
ORD_1249;PROD_2;7;2
ORD_1249;PROD_39;6;2
ORD_1249;PROD_11;2;5
ORD_1249;PROD_9;2;1
ORD_1249;PROD_23;5;1
ORD_1249;PROD_44;5;2
ORD_1249;PROD_17;2;1
ORD_1250;PROD_2;5;5
ORD_1250;PROD_50;7;4
ORD_1250;PROD_27;2;1
ORD_1250;PROD_7;7;4
ORD_1250;PROD_45;4;5
ORD_1250;PROD_29;2;3
ORD_1250;PROD_5;7;2
ORD_1250;PROD_48;6;4
ORD_1250;PROD_21;4;5
ORD_1251;PROD_9;8;2
ORD_1251;PROD_23;5;4
ORD_1251;PROD_35;1;4
ORD_1251;PROD_7;8;3
ORD_1251;PROD_47;9;2
ORD_1251;PROD_5;8;5
ORD_1251;PROD_39;1;4
ORD_1251;PROD_49;2;2
ORD_1251;PROD_3;9;3
ORD_1252;PROD_17;2;1
ORD_1252;PROD_45;2;5
ORD_1252;PROD_5;2;1
ORD_1252;PROD_20;1;1
ORD_1252;PROD_40;5;3
ORD_1253;PROD_34;8;3
ORD_1253;PROD_21;3;1
ORD_1253;PROD_18;6;2
ORD_1253;PROD_31;9;5
ORD_1253;PROD_3;6;4
ORD_1253;PROD_22;4;4
ORD_1253;PROD_46;5;2
ORD_1253;PROD_44;1;2
ORD_1253;PROD_17;6;4
ORD_1253;PROD_4;3;1
ORD_1253;PROD_3;9;3
ORD_1253;PROD_25;4;5
ORD_1253;PROD_22;3;2
ORD_1254;PROD_31;6;2
ORD_1254;PROD_3;8;2
ORD_1254;PROD_22;7;3
ORD_1254;PROD_46;4;2
ORD_1254;PROD_30;6;2
ORD_1254;PROD_13;5;3
ORD_1254;PROD_40;2;5
ORD_1254;PROD_26;5;5
ORD_1254;PROD_13;4;2
ORD_1254;PROD_33;7;3
ORD_1254;PROD_16;7;2
ORD_1254;PROD_14;7;5
ORD_1255;PROD_31;9;2
ORD_1255;PROD_3;2;5
ORD_1255;PROD_22;3;4
ORD_1255;PROD_46;8;2
ORD_1255;PROD_2;4;2
ORD_1255;PROD_22;6;5
ORD_1255;PROD_33;5;4
ORD_1255;PROD_41;1;3
ORD_1255;PROD_44;5;3
ORD_1255;PROD_36;7;4
ORD_1255;PROD_30;6;1
ORD_1255;PROD_17;1;3
ORD_1255;PROD_31;2;1
ORD_1256;PROD_9;2;5
ORD_1256;PROD_23;5;4
ORD_1256;PROD_31;6;3
ORD_1256;PROD_15;1;3
ORD_1256;PROD_32;5;4
ORD_1256;PROD_21;3;4
ORD_1256;PROD_39;9;4
ORD_1256;PROD_12;3;1
ORD_1256;PROD_18;4;5
ORD_1256;PROD_21;4;4
ORD_1257;PROD_5;4;4
ORD_1257;PROD_48;7;1
ORD_1257;PROD_21;2;5
ORD_1257;PROD_50;3;3
ORD_1257;PROD_17;7;5
ORD_1257;PROD_7;6;3
ORD_1257;PROD_45;2;4
ORD_1257;PROD_29;4;5
ORD_1257;PROD_40;6;2
ORD_1258;PROD_17;5;1
ORD_1258;PROD_45;1;2
ORD_1258;PROD_5;9;1
ORD_1258;PROD_20;3;5
ORD_1258;PROD_43;2;4
ORD_1258;PROD_44;8;3
ORD_1258;PROD_7;6;4
ORD_1258;PROD_22;9;1
ORD_1258;PROD_8;9;3
ORD_1259;PROD_11;9;2
ORD_1259;PROD_18;4;3
ORD_1259;PROD_50;5;5
ORD_1259;PROD_44;2;3
ORD_1259;PROD_41;4;5
ORD_1259;PROD_25;1;1
ORD_1259;PROD_8;8;2
ORD_1259;PROD_4;4;1
ORD_1259;PROD_21;2;4
ORD_1259;PROD_31;5;3
ORD_1260;PROD_12;8;3
ORD_1260;PROD_2;6;4
ORD_1260;PROD_39;4;1
ORD_1260;PROD_11;5;3
ORD_1260;PROD_43;2;4
ORD_1261;PROD_31;3;5
ORD_1261;PROD_3;2;2
ORD_1261;PROD_22;6;2
ORD_1261;PROD_46;6;3
ORD_1261;PROD_39;9;5
ORD_1261;PROD_10;2;2
ORD_1261;PROD_25;8;4
ORD_1261;PROD_5;7;4
ORD_1261;PROD_22;6;3
ORD_1262;PROD_44;2;2
ORD_1262;PROD_17;7;1
ORD_1262;PROD_4;6;1
ORD_1262;PROD_3;3;1
ORD_1262;PROD_25;9;4
ORD_1262;PROD_15;4;2
ORD_1262;PROD_22;7;5
ORD_1262;PROD_50;1;1
ORD_1262;PROD_48;9;2
ORD_1262;PROD_47;8;5
ORD_1262;PROD_16;4;3
ORD_1262;PROD_44;2;3
ORD_1262;PROD_14;8;5
ORD_1263;PROD_12;5;1
ORD_1263;PROD_2;7;3
ORD_1263;PROD_39;6;5
ORD_1263;PROD_11;4;2
ORD_1263;PROD_12;1;4
ORD_1263;PROD_2;3;2
ORD_1263;PROD_39;2;2
ORD_1263;PROD_11;6;2
ORD_1263;PROD_50;5;2
ORD_1263;PROD_11;2;2
ORD_1263;PROD_9;9;4
ORD_1264;PROD_19;3;4
ORD_1264;PROD_23;2;5
ORD_1264;PROD_36;5;2
ORD_1264;PROD_24;1;1
ORD_1264;PROD_48;7;3
ORD_1264;PROD_24;2;1
ORD_1264;PROD_42;4;4
ORD_1264;PROD_35;9;5
ORD_1264;PROD_3;4;5
ORD_1264;PROD_4;8;4
ORD_1264;PROD_20;7;4
ORD_1264;PROD_5;1;4
ORD_1264;PROD_39;8;3
ORD_1264;PROD_50;6;3
ORD_1264;PROD_38;5;4
ORD_1265;PROD_10;2;1
ORD_1265;PROD_42;4;3
ORD_1265;PROD_10;7;2
ORD_1265;PROD_12;1;4
ORD_1265;PROD_21;4;3
ORD_1265;PROD_21;9;1
ORD_1266;PROD_31;5;5
ORD_1266;PROD_3;3;1
ORD_1266;PROD_22;3;1
ORD_1266;PROD_46;8;4
ORD_1266;PROD_34;6;4
ORD_1266;PROD_21;2;3
ORD_1266;PROD_18;2;4
ORD_1266;PROD_31;1;2
ORD_1266;PROD_3;3;5
ORD_1266;PROD_22;1;4
ORD_1266;PROD_46;8;3
ORD_1266;PROD_31;8;5
ORD_1266;PROD_47;6;1
ORD_1266;PROD_44;3;5
ORD_1267;PROD_46;7;3
ORD_1267;PROD_13;6;2
ORD_1267;PROD_16;7;4
ORD_1267;PROD_49;1;4
ORD_1267;PROD_27;3;1
ORD_1267;PROD_2;9;2
ORD_1267;PROD_50;8;5
ORD_1267;PROD_27;6;3
ORD_1267;PROD_17;7;4
ORD_1267;PROD_45;7;2
ORD_1267;PROD_5;2;2
ORD_1268;PROD_46;9;4
ORD_1268;PROD_13;5;1
ORD_1268;PROD_16;2;1
ORD_1268;PROD_49;5;4
ORD_1268;PROD_27;2;2
ORD_1268;PROD_2;1;2
ORD_1268;PROD_50;3;1
ORD_1268;PROD_27;5;3
ORD_1268;PROD_7;4;5
ORD_1268;PROD_45;7;3
ORD_1268;PROD_29;3;1
ORD_1268;PROD_38;8;1
ORD_1268;PROD_29;7;3
ORD_1268;PROD_26;6;1
ORD_1269;PROD_44;7;4
ORD_1269;PROD_17;7;1
ORD_1269;PROD_4;1;4
ORD_1269;PROD_3;1;3
ORD_1269;PROD_25;2;4
ORD_1269;PROD_5;6;5
ORD_1269;PROD_48;3;1
ORD_1269;PROD_21;2;4
ORD_1269;PROD_50;1;2
ORD_1269;PROD_17;9;4
ORD_1269;PROD_27;8;1
ORD_1269;PROD_38;5;5
ORD_1269;PROD_21;2;3
ORD_1269;PROD_2;7;1
ORD_1269;PROD_1;1;5
ORD_1270;PROD_46;7;2
ORD_1270;PROD_9;3;4
ORD_1270;PROD_28;2;5
ORD_1270;PROD_5;2;5
ORD_1270;PROD_2;4;4
ORD_1270;PROD_50;2;1
ORD_1270;PROD_27;2;1
ORD_1270;PROD_8;1;1
ORD_1270;PROD_1;9;3
ORD_1270;PROD_24;8;5
ORD_1271;PROD_43;5;3
ORD_1271;PROD_26;1;5
ORD_1271;PROD_30;5;2
ORD_1271;PROD_26;4;3
ORD_1271;PROD_47;7;5
ORD_1271;PROD_12;5;5
ORD_1271;PROD_21;2;5
ORD_1271;PROD_28;5;2
ORD_1271;PROD_4;4;5
ORD_1272;PROD_24;8;4
ORD_1272;PROD_47;2;1
ORD_1272;PROD_8;9;5
ORD_1272;PROD_24;3;1
ORD_1272;PROD_32;4;3
ORD_1272;PROD_45;6;4
ORD_1272;PROD_36;7;4
ORD_1272;PROD_31;7;4
ORD_1273;PROD_45;9;3
ORD_1273;PROD_10;7;4
ORD_1273;PROD_34;2;3
ORD_1273;PROD_47;7;2
ORD_1273;PROD_32;3;4
ORD_1274;PROD_8;6;5
ORD_1274;PROD_37;5;3
ORD_1274;PROD_8;2;4
ORD_1274;PROD_17;4;5
ORD_1274;PROD_8;5;2
ORD_1274;PROD_50;7;2
ORD_1274;PROD_15;6;3
ORD_1274;PROD_48;4;4
ORD_1274;PROD_21;9;1
ORD_1275;PROD_31;8;3
ORD_1275;PROD_3;3;4
ORD_1275;PROD_22;4;2
ORD_1275;PROD_46;1;2
ORD_1275;PROD_12;9;3
ORD_1275;PROD_2;9;2
ORD_1275;PROD_39;2;5
ORD_1275;PROD_11;5;5
ORD_1275;PROD_46;5;1
ORD_1275;PROD_13;2;1
ORD_1275;PROD_16;2;4
ORD_1275;PROD_49;4;4
ORD_1276;PROD_9;5;3
ORD_1276;PROD_23;1;4
ORD_1276;PROD_46;1;5
ORD_1276;PROD_9;4;4
ORD_1276;PROD_28;1;2
ORD_1276;PROD_5;4;5
ORD_1276;PROD_49;8;2
ORD_1276;PROD_50;1;3
ORD_1276;PROD_18;2;1
ORD_1276;PROD_37;8;3
ORD_1276;PROD_49;8;2
ORD_1276;PROD_40;3;2
ORD_1276;PROD_3;8;1
ORD_1276;PROD_31;1;3
ORD_1277;PROD_2;1;4
ORD_1277;PROD_50;7;3
ORD_1277;PROD_27;8;1
ORD_1277;PROD_34;4;4
ORD_1277;PROD_21;3;1
ORD_1277;PROD_18;4;1
ORD_1277;PROD_12;9;4
ORD_1277;PROD_49;7;2
ORD_1277;PROD_34;9;1
ORD_1278;PROD_4;8;3
ORD_1278;PROD_3;5;3
ORD_1278;PROD_48;1;5
ORD_1278;PROD_41;2;2
ORD_1278;PROD_47;8;3
ORD_1278;PROD_33;8;4
ORD_1278;PROD_5;2;2
ORD_1278;PROD_6;6;2
ORD_1278;PROD_7;5;1
ORD_1278;PROD_5;4;4
ORD_1278;PROD_37;6;4
ORD_1278;PROD_3;1;1
ORD_1278;PROD_39;5;2
ORD_1278;PROD_24;4;5
ORD_1279;PROD_17;3;4
ORD_1279;PROD_12;5;5
ORD_1279;PROD_44;8;3
ORD_1279;PROD_42;1;5
ORD_1279;PROD_38;9;3
ORD_1280;PROD_2;1;3
ORD_1280;PROD_50;8;2
ORD_1280;PROD_27;5;5
ORD_1280;PROD_41;5;4
ORD_1280;PROD_44;4;5
ORD_1280;PROD_25;5;5
ORD_1280;PROD_38;3;4
ORD_1280;PROD_32;9;2
ORD_1280;PROD_16;6;5
ORD_1280;PROD_41;6;1
ORD_1280;PROD_46;9;1
ORD_1280;PROD_15;7;1
ORD_1281;PROD_2;8;1
ORD_1281;PROD_50;4;3
ORD_1281;PROD_27;8;5
ORD_1281;PROD_13;3;1
ORD_1281;PROD_37;1;1
ORD_1281;PROD_47;1;5
ORD_1281;PROD_13;7;3
ORD_1281;PROD_10;2;1
ORD_1281;PROD_15;5;4
ORD_1281;PROD_4;8;4
ORD_1281;PROD_6;4;5
ORD_1281;PROD_41;5;3
ORD_1282;PROD_46;5;3
ORD_1282;PROD_28;2;5
ORD_1282;PROD_10;6;5
ORD_1282;PROD_36;9;4
ORD_1282;PROD_6;3;3
ORD_1282;PROD_31;6;5
ORD_1282;PROD_10;6;3
ORD_1282;PROD_3;7;4
ORD_1282;PROD_20;7;1
ORD_1282;PROD_32;6;2
ORD_1283;PROD_44;2;1
ORD_1283;PROD_17;1;4
ORD_1283;PROD_4;8;4
ORD_1283;PROD_3;8;4
ORD_1283;PROD_25;8;4
ORD_1283;PROD_2;8;1
ORD_1283;PROD_50;3;2
ORD_1283;PROD_27;8;5
ORD_1283;PROD_35;5;4
ORD_1283;PROD_42;2;4
ORD_1283;PROD_45;4;4
ORD_1283;PROD_29;6;5
ORD_1283;PROD_24;1;5
ORD_1283;PROD_14;2;3
ORD_1284;PROD_46;9;3
ORD_1284;PROD_9;8;4
ORD_1284;PROD_28;1;4
ORD_1284;PROD_5;5;5
ORD_1284;PROD_44;2;3
ORD_1284;PROD_41;7;4
ORD_1284;PROD_1;4;2
ORD_1284;PROD_18;8;4
ORD_1284;PROD_50;2;5
ORD_1284;PROD_34;3;1
ORD_1284;PROD_11;8;1
ORD_1284;PROD_50;4;3
ORD_1285;PROD_7;6;3
ORD_1285;PROD_45;9;2
ORD_1285;PROD_29;1;5
ORD_1285;PROD_9;1;2
ORD_1285;PROD_23;5;4
ORD_1285;PROD_40;4;5
ORD_1285;PROD_1;9;2
ORD_1285;PROD_41;7;1
ORD_1285;PROD_34;5;2
ORD_1285;PROD_15;2;2
ORD_1285;PROD_6;5;1
ORD_1285;PROD_28;9;1
ORD_1285;PROD_4;6;5
ORD_1286;PROD_50;4;4
ORD_1286;PROD_22;1;3
ORD_1286;PROD_27;9;5
ORD_1286;PROD_3;6;3
ORD_1286;PROD_4;9;2
ORD_1286;PROD_39;2;3
ORD_1286;PROD_10;6;3
ORD_1286;PROD_21;3;5
ORD_1286;PROD_35;7;1
ORD_1287;PROD_40;7;2
ORD_1287;PROD_37;6;5
ORD_1287;PROD_24;7;3
ORD_1287;PROD_23;1;1
ORD_1287;PROD_29;6;3
ORD_1287;PROD_30;7;3
ORD_1287;PROD_42;3;4
ORD_1287;PROD_37;1;5
ORD_1287;PROD_24;7;3
ORD_1287;PROD_17;6;3
ORD_1288;PROD_44;6;1
ORD_1288;PROD_17;2;4
ORD_1288;PROD_4;7;5
ORD_1288;PROD_3;3;4
ORD_1288;PROD_25;7;4
ORD_1288;PROD_46;2;5
ORD_1288;PROD_13;3;1
ORD_1288;PROD_16;8;5
ORD_1288;PROD_49;5;5
ORD_1288;PROD_27;7;5
ORD_1288;PROD_33;7;2
ORD_1288;PROD_5;4;3
ORD_1288;PROD_49;5;3
ORD_1289;PROD_9;7;2
ORD_1289;PROD_23;6;5
ORD_1289;PROD_7;3;5
ORD_1289;PROD_45;1;4
ORD_1289;PROD_29;5;1
ORD_1289;PROD_44;4;3
ORD_1290;PROD_12;2;5
ORD_1290;PROD_2;1;4
ORD_1290;PROD_39;2;5
ORD_1290;PROD_11;9;5
ORD_1290;PROD_33;1;1
ORD_1290;PROD_27;5;3
ORD_1290;PROD_23;1;5
ORD_1290;PROD_18;3;5
ORD_1290;PROD_42;7;3
ORD_1290;PROD_30;2;3
ORD_1290;PROD_39;1;3
ORD_1290;PROD_8;7;2
ORD_1290;PROD_17;4;1
ORD_1291;PROD_46;9;2
ORD_1291;PROD_9;5;3
ORD_1291;PROD_28;2;4
ORD_1291;PROD_5;7;4
ORD_1291;PROD_18;2;4
ORD_1291;PROD_24;4;2
ORD_1291;PROD_21;7;2
ORD_1291;PROD_37;2;3
ORD_1292;PROD_5;5;4
ORD_1292;PROD_48;3;5
ORD_1292;PROD_21;7;1
ORD_1292;PROD_50;8;3
ORD_1292;PROD_17;1;5
ORD_1292;PROD_12;8;1
ORD_1292;PROD_2;6;2
ORD_1293;PROD_40;6;5
ORD_1293;PROD_37;8;5
ORD_1293;PROD_24;7;2
ORD_1293;PROD_23;5;3
ORD_1293;PROD_29;3;4
ORD_1293;PROD_16;9;2
ORD_1293;PROD_14;7;2
ORD_1293;PROD_32;7;1
ORD_1293;PROD_25;3;2
ORD_1293;PROD_8;6;2
ORD_1293;PROD_28;1;3
ORD_1293;PROD_40;2;4
ORD_1293;PROD_26;6;1
ORD_1293;PROD_4;7;2
ORD_1293;PROD_23;9;4
ORD_1294;PROD_46;3;3
ORD_1294;PROD_13;2;5
ORD_1294;PROD_16;9;3
ORD_1294;PROD_49;5;5
ORD_1294;PROD_27;6;4
ORD_1294;PROD_40;8;2
ORD_1294;PROD_37;1;5
ORD_1294;PROD_24;1;3
ORD_1294;PROD_23;8;4
ORD_1295;PROD_17;6;1
ORD_1295;PROD_45;7;5
ORD_1295;PROD_5;1;2
ORD_1295;PROD_20;3;1
ORD_1295;PROD_37;8;1
ORD_1295;PROD_50;5;5
ORD_1295;PROD_18;4;5
ORD_1296;PROD_46;4;3
ORD_1296;PROD_9;8;4
ORD_1296;PROD_28;4;2
ORD_1296;PROD_5;7;2
ORD_1296;PROD_7;4;3
ORD_1296;PROD_45;3;3
ORD_1296;PROD_29;6;4
ORD_1296;PROD_5;1;4
ORD_1296;PROD_48;8;5
ORD_1296;PROD_21;3;2
ORD_1296;PROD_50;1;4
ORD_1296;PROD_17;4;5
ORD_1296;PROD_17;6;5
ORD_1296;PROD_26;6;2
ORD_1296;PROD_50;5;4
ORD_1297;PROD_45;9;1
ORD_1297;PROD_34;5;2
ORD_1297;PROD_33;7;3
ORD_1297;PROD_23;4;5
ORD_1297;PROD_22;2;1
ORD_1297;PROD_24;1;2
ORD_1297;PROD_47;9;1
ORD_1297;PROD_40;3;5
ORD_1297;PROD_1;4;4
ORD_1297;PROD_30;1;5
ORD_1297;PROD_19;7;5
ORD_1297;PROD_14;8;1
ORD_1297;PROD_35;5;2
ORD_1298;PROD_9;3;3
ORD_1298;PROD_23;6;1
ORD_1298;PROD_46;1;1
ORD_1298;PROD_13;9;3
ORD_1298;PROD_16;9;4
ORD_1298;PROD_49;6;4
ORD_1298;PROD_27;1;4
ORD_1299;PROD_2;8;1
ORD_1299;PROD_25;2;2
ORD_1299;PROD_38;5;1
ORD_1299;PROD_42;6;3
ORD_1299;PROD_36;1;1
ORD_1299;PROD_5;4;3
ORD_1299;PROD_28;3;5
ORD_1299;PROD_1;7;1
ORD_1299;PROD_38;1;3
ORD_1299;PROD_33;5;1
ORD_1299;PROD_10;3;2
ORD_1299;PROD_1;6;5
ORD_1300;PROD_46;3;3
ORD_1300;PROD_13;3;2
ORD_1300;PROD_16;3;3
ORD_1300;PROD_49;6;1
ORD_1300;PROD_27;9;2
ORD_1301;PROD_46;9;3
ORD_1301;PROD_13;5;1
ORD_1301;PROD_16;5;1
ORD_1301;PROD_49;6;1
ORD_1301;PROD_27;2;4
ORD_1301;PROD_9;4;1
ORD_1301;PROD_23;2;1
ORD_1301;PROD_10;3;4
ORD_1301;PROD_1;1;2
ORD_1301;PROD_31;1;2
ORD_1302;PROD_2;6;4
ORD_1302;PROD_50;5;2
ORD_1302;PROD_27;9;1
ORD_1302;PROD_18;3;1
ORD_1302;PROD_21;4;3
ORD_1303;PROD_34;2;4
ORD_1303;PROD_21;1;2
ORD_1303;PROD_18;4;5
ORD_1303;PROD_40;3;1
ORD_1303;PROD_37;6;2
ORD_1303;PROD_24;7;5
ORD_1303;PROD_23;3;4
ORD_1303;PROD_29;6;4
ORD_1303;PROD_31;2;4
ORD_1303;PROD_3;5;3
ORD_1303;PROD_22;6;3
ORD_1303;PROD_46;9;3
ORD_1303;PROD_25;8;1
ORD_1303;PROD_31;4;4
ORD_1303;PROD_26;1;2
ORD_1304;PROD_7;7;1
ORD_1304;PROD_45;6;5
ORD_1304;PROD_29;3;2
ORD_1304;PROD_5;5;3
ORD_1304;PROD_48;5;1
ORD_1304;PROD_21;8;3
ORD_1304;PROD_50;3;4
ORD_1304;PROD_17;4;1
ORD_1304;PROD_15;6;4
ORD_1304;PROD_37;8;1
ORD_1304;PROD_41;9;3
ORD_1305;PROD_12;5;1
ORD_1305;PROD_2;2;5
ORD_1305;PROD_39;6;2
ORD_1305;PROD_11;9;4
ORD_1305;PROD_31;8;1
ORD_1305;PROD_3;1;1
ORD_1305;PROD_22;8;1
ORD_1305;PROD_46;7;2
ORD_1305;PROD_19;7;1
ORD_1305;PROD_36;9;3
ORD_1305;PROD_5;8;1
ORD_1305;PROD_2;5;5
ORD_1305;PROD_29;3;4
ORD_1305;PROD_29;1;2
ORD_1305;PROD_17;6;4
ORD_1306;PROD_6;7;5
ORD_1306;PROD_46;6;2
ORD_1306;PROD_24;1;2
ORD_1306;PROD_21;2;2
ORD_1306;PROD_6;1;4
ORD_1306;PROD_43;3;4
ORD_1307;PROD_17;4;1
ORD_1307;PROD_45;3;2
ORD_1307;PROD_5;9;4
ORD_1307;PROD_20;6;5
ORD_1307;PROD_46;5;2
ORD_1307;PROD_9;5;5
ORD_1307;PROD_28;9;1
ORD_1307;PROD_5;2;1
ORD_1307;PROD_20;1;4
ORD_1307;PROD_2;6;1
ORD_1307;PROD_14;7;3
ORD_1307;PROD_17;3;3
ORD_1307;PROD_47;9;2
ORD_1308;PROD_34;5;5
ORD_1308;PROD_21;3;3
ORD_1308;PROD_18;9;1
ORD_1308;PROD_17;4;3
ORD_1308;PROD_45;7;1
ORD_1308;PROD_5;1;3
ORD_1308;PROD_20;4;3
ORD_1308;PROD_31;2;4
ORD_1308;PROD_26;1;3
ORD_1308;PROD_9;3;5
ORD_1308;PROD_37;9;2
ORD_1308;PROD_8;6;3
ORD_1308;PROD_40;9;2
ORD_1308;PROD_31;6;4
ORD_1309;PROD_9;2;1
ORD_1309;PROD_23;8;4
ORD_1309;PROD_8;5;3
ORD_1309;PROD_40;3;3
ORD_1309;PROD_8;7;3
ORD_1310;PROD_31;7;1
ORD_1310;PROD_3;9;1
ORD_1310;PROD_22;4;4
ORD_1310;PROD_46;3;2
ORD_1310;PROD_37;6;5
ORD_1310;PROD_7;6;2
ORD_1311;PROD_31;3;5
ORD_1311;PROD_3;7;1
ORD_1311;PROD_22;2;4
ORD_1311;PROD_46;2;1
ORD_1311;PROD_44;5;5
ORD_1311;PROD_17;6;2
ORD_1311;PROD_4;2;3
ORD_1311;PROD_3;7;4
ORD_1312;PROD_40;5;5
ORD_1312;PROD_37;4;2
ORD_1312;PROD_24;9;1
ORD_1312;PROD_23;9;2
ORD_1312;PROD_29;6;3
ORD_1313;PROD_31;3;3
ORD_1313;PROD_3;9;2
ORD_1313;PROD_22;2;5
ORD_1313;PROD_46;9;3
ORD_1313;PROD_42;7;1
ORD_1313;PROD_17;6;2
ORD_1314;PROD_48;5;3
ORD_1314;PROD_10;4;1
ORD_1314;PROD_19;7;1
ORD_1314;PROD_27;6;2
ORD_1314;PROD_34;8;1
ORD_1314;PROD_30;8;3
ORD_1314;PROD_7;2;5
ORD_1314;PROD_21;8;2
ORD_1315;PROD_2;4;3
ORD_1315;PROD_50;8;4
ORD_1315;PROD_27;7;4
ORD_1315;PROD_31;5;2
ORD_1315;PROD_3;5;1
ORD_1315;PROD_22;8;3
ORD_1315;PROD_46;9;5
ORD_1316;PROD_20;7;5
ORD_1316;PROD_28;4;5
ORD_1316;PROD_22;8;1
ORD_1316;PROD_14;5;3
ORD_1316;PROD_35;2;5
ORD_1316;PROD_24;2;4
ORD_1316;PROD_12;2;1
ORD_1316;PROD_30;3;3
ORD_1316;PROD_5;2;4
ORD_1316;PROD_30;5;3
ORD_1316;PROD_28;6;3
ORD_1317;PROD_2;3;4
ORD_1317;PROD_50;9;3
ORD_1317;PROD_27;1;5
ORD_1317;PROD_2;1;1
ORD_1317;PROD_50;6;1
ORD_1318;PROD_13;5;3
ORD_1318;PROD_50;6;5
ORD_1318;PROD_4;8;3
ORD_1318;PROD_12;2;5
ORD_1318;PROD_21;7;1
ORD_1318;PROD_17;5;3
ORD_1318;PROD_26;1;4
ORD_1319;PROD_17;2;3
ORD_1319;PROD_45;7;2
ORD_1319;PROD_5;9;2
ORD_1319;PROD_20;2;2
ORD_1319;PROD_12;4;4
ORD_1319;PROD_2;5;5
ORD_1319;PROD_39;8;2
ORD_1319;PROD_11;8;1
ORD_1319;PROD_12;2;1
ORD_1319;PROD_2;4;5
ORD_1319;PROD_39;6;4
ORD_1320;PROD_7;2;5
ORD_1320;PROD_45;6;2
ORD_1320;PROD_29;8;4
ORD_1320;PROD_12;6;4
ORD_1320;PROD_2;2;4
ORD_1320;PROD_39;3;5
ORD_1320;PROD_11;5;3
ORD_1320;PROD_44;9;2
ORD_1320;PROD_34;4;2
ORD_1320;PROD_49;6;2
ORD_1320;PROD_39;8;2
ORD_1320;PROD_47;3;3
ORD_1321;PROD_45;6;2
ORD_1321;PROD_28;1;1
ORD_1321;PROD_32;1;4
ORD_1321;PROD_3;6;1
ORD_1321;PROD_25;9;1
ORD_1321;PROD_4;4;5
ORD_1321;PROD_32;2;2
ORD_1321;PROD_49;8;4
ORD_1321;PROD_22;2;1
ORD_1321;PROD_49;7;3
ORD_1321;PROD_39;9;1
ORD_1322;PROD_5;6;1
ORD_1322;PROD_48;6;4
ORD_1322;PROD_21;8;3
ORD_1322;PROD_50;7;2
ORD_1322;PROD_17;7;1
ORD_1322;PROD_5;8;1
ORD_1322;PROD_48;6;2
ORD_1322;PROD_21;2;4
ORD_1323;PROD_46;4;5
ORD_1323;PROD_13;1;1
ORD_1323;PROD_16;8;1
ORD_1323;PROD_49;7;4
ORD_1323;PROD_27;8;1
ORD_1323;PROD_46;7;2
ORD_1323;PROD_9;9;1
ORD_1323;PROD_28;6;5
ORD_1323;PROD_5;8;2
ORD_1323;PROD_17;3;3
ORD_1323;PROD_45;1;5
ORD_1323;PROD_5;2;1
ORD_1324;PROD_7;9;4
ORD_1324;PROD_45;6;2
ORD_1324;PROD_29;1;2
ORD_1324;PROD_7;9;4
ORD_1324;PROD_45;7;4
ORD_1324;PROD_29;6;5
ORD_1324;PROD_49;8;2
ORD_1325;PROD_12;7;1
ORD_1325;PROD_2;4;3
ORD_1325;PROD_39;2;1
ORD_1325;PROD_11;7;2
ORD_1325;PROD_40;3;4
ORD_1325;PROD_37;2;1
ORD_1325;PROD_24;7;2
ORD_1325;PROD_23;8;1
ORD_1325;PROD_29;7;4
ORD_1325;PROD_9;6;5
ORD_1325;PROD_13;2;2
ORD_1325;PROD_42;6;5
ORD_1326;PROD_2;7;3
ORD_1326;PROD_50;5;1
ORD_1326;PROD_27;1;4
ORD_1326;PROD_6;6;3
ORD_1326;PROD_17;3;2
ORD_1326;PROD_10;1;4
ORD_1326;PROD_48;8;4
ORD_1326;PROD_37;2;2
ORD_1326;PROD_17;8;3
ORD_1326;PROD_11;5;4
ORD_1326;PROD_9;8;3
ORD_1326;PROD_31;5;5
ORD_1326;PROD_7;5;5
ORD_1326;PROD_36;5;1
ORD_1326;PROD_17;1;3
ORD_1327;PROD_5;5;2
ORD_1327;PROD_48;2;1
ORD_1327;PROD_21;5;5
ORD_1327;PROD_50;1;5
ORD_1327;PROD_17;5;3
ORD_1327;PROD_46;7;3
ORD_1327;PROD_9;9;2
ORD_1327;PROD_28;6;2
ORD_1328;PROD_46;9;5
ORD_1328;PROD_13;5;4
ORD_1328;PROD_16;8;5
ORD_1328;PROD_49;9;1
ORD_1328;PROD_27;5;4
ORD_1328;PROD_7;9;5
ORD_1328;PROD_45;3;1
ORD_1328;PROD_29;1;4
ORD_1328;PROD_40;9;4
ORD_1329;PROD_46;7;2
ORD_1329;PROD_9;2;5
ORD_1329;PROD_28;9;1
ORD_1329;PROD_5;7;2
ORD_1329;PROD_19;6;1
ORD_1329;PROD_38;8;3
ORD_1329;PROD_4;1;3
ORD_1329;PROD_11;6;4
ORD_1329;PROD_9;2;2
ORD_1329;PROD_45;9;4
ORD_1329;PROD_34;4;5
ORD_1329;PROD_40;6;5
ORD_1329;PROD_41;7;2
ORD_1329;PROD_13;7;3
ORD_1330;PROD_34;6;2
ORD_1330;PROD_21;9;1
ORD_1330;PROD_18;4;1
ORD_1330;PROD_34;4;2
ORD_1330;PROD_21;3;5
ORD_1330;PROD_18;3;4
ORD_1330;PROD_15;1;2
ORD_1330;PROD_3;8;3
ORD_1330;PROD_40;6;5
ORD_1331;PROD_5;3;5
ORD_1331;PROD_48;1;4
ORD_1331;PROD_21;1;3
ORD_1331;PROD_50;9;4
ORD_1331;PROD_17;9;5
ORD_1331;PROD_7;9;5
ORD_1331;PROD_45;2;4
ORD_1331;PROD_29;6;3
ORD_1332;PROD_44;1;3
ORD_1332;PROD_49;6;1
ORD_1332;PROD_12;7;2
ORD_1332;PROD_24;9;2
ORD_1332;PROD_33;9;2
ORD_1332;PROD_9;7;1
ORD_1332;PROD_14;6;2
ORD_1332;PROD_5;5;5
ORD_1332;PROD_26;8;2
ORD_1332;PROD_49;6;1
ORD_1332;PROD_33;7;3
ORD_1332;PROD_11;8;5
ORD_1332;PROD_19;4;2
ORD_1332;PROD_29;1;4
ORD_1333;PROD_40;1;4
ORD_1333;PROD_37;3;1
ORD_1333;PROD_24;7;5
ORD_1333;PROD_23;6;4
ORD_1333;PROD_29;4;4
ORD_1333;PROD_46;9;2
ORD_1333;PROD_9;3;5
ORD_1334;PROD_18;3;5
ORD_1334;PROD_15;1;1
ORD_1334;PROD_15;9;2
ORD_1334;PROD_35;9;2
ORD_1334;PROD_47;3;3
ORD_1334;PROD_38;4;3
ORD_1334;PROD_32;6;1
ORD_1334;PROD_38;4;4
ORD_1334;PROD_23;7;2
ORD_1334;PROD_35;6;1
ORD_1334;PROD_21;3;3
ORD_1334;PROD_48;8;5
ORD_1334;PROD_18;4;5
ORD_1335;PROD_31;7;4
ORD_1335;PROD_3;5;5
ORD_1335;PROD_22;7;4
ORD_1335;PROD_46;4;5
ORD_1335;PROD_34;3;3
ORD_1335;PROD_21;3;2
ORD_1336;PROD_9;8;2
ORD_1336;PROD_23;6;3
ORD_1336;PROD_37;5;3
ORD_1336;PROD_33;8;2
ORD_1336;PROD_2;7;5
ORD_1336;PROD_48;7;2
ORD_1336;PROD_49;4;4
ORD_1336;PROD_38;2;1
ORD_1336;PROD_41;4;3
ORD_1336;PROD_11;5;1
ORD_1336;PROD_2;8;3
ORD_1336;PROD_38;3;4
ORD_1336;PROD_13;4;1
ORD_1336;PROD_18;2;4
ORD_1337;PROD_17;6;2
ORD_1337;PROD_45;4;2
ORD_1337;PROD_5;3;5
ORD_1337;PROD_20;3;4
ORD_1337;PROD_7;5;4
ORD_1337;PROD_45;3;5
ORD_1337;PROD_29;5;3
ORD_1337;PROD_46;6;5
ORD_1337;PROD_9;7;2
ORD_1338;PROD_9;1;4
ORD_1338;PROD_23;9;2
ORD_1338;PROD_42;3;4
ORD_1338;PROD_43;1;5
ORD_1338;PROD_36;2;4
ORD_1338;PROD_3;7;3
ORD_1338;PROD_28;8;2
ORD_1338;PROD_25;8;4
ORD_1338;PROD_27;6;5
ORD_1339;PROD_9;1;2
ORD_1339;PROD_23;6;1
ORD_1339;PROD_9;2;3
ORD_1339;PROD_23;2;5
ORD_1339;PROD_41;8;1
ORD_1339;PROD_37;5;4
ORD_1339;PROD_49;7;3
ORD_1339;PROD_16;9;5
ORD_1339;PROD_46;2;2
ORD_1339;PROD_6;5;3
ORD_1339;PROD_15;4;3
ORD_1339;PROD_45;1;2
ORD_1339;PROD_15;5;3
ORD_1340;PROD_13;2;1
ORD_1340;PROD_21;6;4
ORD_1340;PROD_35;5;2
ORD_1340;PROD_26;2;1
ORD_1340;PROD_3;7;1
ORD_1340;PROD_38;8;3
ORD_1340;PROD_48;6;2
ORD_1340;PROD_36;7;3
ORD_1340;PROD_32;2;1
ORD_1340;PROD_9;8;5
ORD_1341;PROD_46;5;2
ORD_1341;PROD_9;6;4
ORD_1341;PROD_28;3;2
ORD_1341;PROD_5;1;1
ORD_1341;PROD_17;9;2
ORD_1341;PROD_45;5;3
ORD_1341;PROD_5;1;2
ORD_1341;PROD_20;4;5
ORD_1341;PROD_34;1;2
ORD_1341;PROD_21;6;3
ORD_1341;PROD_18;8;5
ORD_1341;PROD_1;8;2
ORD_1341;PROD_39;9;3
ORD_1342;PROD_46;9;5
ORD_1342;PROD_9;9;3
ORD_1342;PROD_28;7;3
ORD_1342;PROD_5;1;5
ORD_1342;PROD_31;1;1
ORD_1342;PROD_3;5;3
ORD_1342;PROD_22;3;3
ORD_1342;PROD_46;4;3
ORD_1342;PROD_20;9;2
ORD_1342;PROD_15;8;3
ORD_1342;PROD_23;4;5
ORD_1342;PROD_47;5;4
ORD_1342;PROD_17;4;4
ORD_1343;PROD_40;3;5
ORD_1343;PROD_3;4;3
ORD_1343;PROD_40;6;2
ORD_1343;PROD_45;8;5
ORD_1343;PROD_26;6;5
ORD_1343;PROD_38;1;2
ORD_1343;PROD_9;2;4
ORD_1343;PROD_41;4;1
ORD_1343;PROD_4;8;3
ORD_1343;PROD_30;6;3
ORD_1343;PROD_6;1;3
ORD_1343;PROD_2;7;2
ORD_1343;PROD_50;5;3
ORD_1344;PROD_44;4;4
ORD_1344;PROD_17;1;4
ORD_1344;PROD_4;4;2
ORD_1344;PROD_3;4;2
ORD_1344;PROD_25;7;4
ORD_1344;PROD_5;5;2
ORD_1344;PROD_48;3;5
ORD_1344;PROD_21;6;3
ORD_1344;PROD_50;4;5
ORD_1344;PROD_17;2;3
ORD_1344;PROD_33;2;1
ORD_1344;PROD_19;1;5
ORD_1344;PROD_24;4;2
ORD_1345;PROD_19;5;5
ORD_1345;PROD_36;6;2
ORD_1345;PROD_1;8;2
ORD_1345;PROD_18;3;2
ORD_1345;PROD_37;2;1
ORD_1345;PROD_7;3;3
ORD_1345;PROD_30;2;5
ORD_1345;PROD_47;8;2
ORD_1345;PROD_11;1;4
ORD_1345;PROD_38;9;2
ORD_1345;PROD_3;4;5
ORD_1345;PROD_34;3;1
ORD_1345;PROD_3;7;5
ORD_1345;PROD_49;6;5
ORD_1346;PROD_12;7;3
ORD_1346;PROD_3;6;2
ORD_1346;PROD_24;4;1
ORD_1346;PROD_25;5;5
ORD_1346;PROD_32;4;1
ORD_1346;PROD_50;9;2
ORD_1346;PROD_41;9;3
ORD_1346;PROD_36;5;4
ORD_1346;PROD_21;1;5
ORD_1346;PROD_8;8;4
ORD_1346;PROD_36;1;5
ORD_1346;PROD_8;7;3
ORD_1346;PROD_50;5;2
ORD_1346;PROD_18;2;3
ORD_1347;PROD_34;7;2
ORD_1347;PROD_21;6;5
ORD_1347;PROD_18;8;4
ORD_1347;PROD_12;2;4
ORD_1347;PROD_2;6;5
ORD_1347;PROD_39;6;3
ORD_1347;PROD_11;3;2
ORD_1347;PROD_1;3;4
ORD_1347;PROD_50;1;2
ORD_1347;PROD_5;3;5
ORD_1347;PROD_29;4;3
ORD_1347;PROD_30;5;1
ORD_1347;PROD_47;7;1
ORD_1347;PROD_45;2;4
ORD_1348;PROD_4;9;2
ORD_1348;PROD_15;6;4
ORD_1348;PROD_46;5;2
ORD_1348;PROD_41;2;1
ORD_1348;PROD_16;6;4
ORD_1348;PROD_28;3;2
ORD_1349;PROD_42;1;5
ORD_1349;PROD_40;8;2
ORD_1349;PROD_39;1;3
ORD_1349;PROD_8;2;1
ORD_1349;PROD_19;3;1
ORD_1349;PROD_46;5;1
ORD_1349;PROD_15;3;3
ORD_1349;PROD_22;9;1
ORD_1349;PROD_26;3;4
ORD_1349;PROD_9;1;4
ORD_1349;PROD_47;5;2
ORD_1349;PROD_6;7;1
ORD_1349;PROD_9;4;3
ORD_1349;PROD_20;4;4
ORD_1349;PROD_4;6;5
ORD_1350;PROD_31;2;1
ORD_1350;PROD_45;9;2
ORD_1350;PROD_42;3;5
ORD_1350;PROD_30;9;3
ORD_1350;PROD_17;9;2
ORD_1350;PROD_43;9;4
ORD_1350;PROD_9;1;4
ORD_1350;PROD_47;1;1
ORD_1350;PROD_15;9;5
ORD_1350;PROD_45;2;1
ORD_1350;PROD_9;7;3
ORD_1350;PROD_9;1;1
ORD_1350;PROD_15;9;4
ORD_1350;PROD_28;2;4
ORD_1350;PROD_5;5;4
ORD_1351;PROD_44;2;2
ORD_1351;PROD_17;8;5
ORD_1351;PROD_4;7;2
ORD_1351;PROD_3;4;3
ORD_1351;PROD_25;3;4
ORD_1351;PROD_5;3;5
ORD_1351;PROD_48;8;4
ORD_1351;PROD_21;9;1
ORD_1352;PROD_40;6;1
ORD_1352;PROD_14;1;3
ORD_1352;PROD_19;2;5
ORD_1352;PROD_31;2;1
ORD_1352;PROD_47;3;3
ORD_1352;PROD_37;4;2
ORD_1352;PROD_29;8;1
ORD_1352;PROD_26;9;5
ORD_1353;PROD_44;9;2
ORD_1353;PROD_17;6;4
ORD_1353;PROD_4;9;3
ORD_1353;PROD_3;2;3
ORD_1353;PROD_25;6;5
ORD_1353;PROD_32;6;2
ORD_1353;PROD_35;9;3
ORD_1353;PROD_5;4;4
ORD_1353;PROD_33;8;1
ORD_1353;PROD_40;5;5
ORD_1354;PROD_12;7;5
ORD_1354;PROD_2;3;1
ORD_1354;PROD_39;2;4
ORD_1354;PROD_11;3;4
ORD_1354;PROD_12;6;3
ORD_1354;PROD_2;1;1
ORD_1354;PROD_39;8;2
ORD_1354;PROD_11;9;3
ORD_1355;PROD_9;7;5
ORD_1355;PROD_23;7;5
ORD_1355;PROD_8;2;2
ORD_1355;PROD_1;9;2
ORD_1355;PROD_33;2;4
ORD_1355;PROD_5;6;3
ORD_1355;PROD_30;9;5
ORD_1355;PROD_41;4;4
ORD_1356;PROD_40;2;5
ORD_1356;PROD_37;6;1
ORD_1356;PROD_24;5;4
ORD_1356;PROD_23;3;5
ORD_1356;PROD_29;4;3
ORD_1356;PROD_12;6;4
ORD_1356;PROD_2;8;4
ORD_1356;PROD_39;1;4
ORD_1357;PROD_7;2;2
ORD_1357;PROD_45;7;2
ORD_1357;PROD_29;7;2
ORD_1357;PROD_37;4;4
ORD_1357;PROD_36;5;5
ORD_1357;PROD_39;5;5
ORD_1357;PROD_23;3;1
ORD_1357;PROD_45;2;4
ORD_1357;PROD_13;4;2
ORD_1357;PROD_41;5;1
ORD_1357;PROD_33;9;4
ORD_1358;PROD_40;6;4
ORD_1358;PROD_37;2;1
ORD_1358;PROD_24;9;1
ORD_1358;PROD_23;8;2
ORD_1358;PROD_29;9;1
ORD_1358;PROD_34;8;2
ORD_1358;PROD_21;2;4
ORD_1358;PROD_18;1;4
ORD_1358;PROD_34;2;1
ORD_1358;PROD_29;1;4
ORD_1358;PROD_32;4;2
ORD_1358;PROD_19;9;1
ORD_1358;PROD_18;2;5
ORD_1358;PROD_33;1;4
ORD_1359;PROD_12;2;3
ORD_1359;PROD_2;4;2
ORD_1359;PROD_39;8;1
ORD_1359;PROD_11;8;4
ORD_1359;PROD_17;5;1
ORD_1359;PROD_45;4;3
ORD_1359;PROD_5;5;5
ORD_1359;PROD_20;4;3
ORD_1359;PROD_12;5;1
ORD_1359;PROD_47;7;1
ORD_1359;PROD_17;9;5
ORD_1360;PROD_46;8;4
ORD_1360;PROD_9;8;5
ORD_1360;PROD_28;4;1
ORD_1360;PROD_5;9;3
ORD_1360;PROD_13;6;4
ORD_1360;PROD_11;6;2
ORD_1360;PROD_36;5;5
ORD_1361;PROD_17;7;1
ORD_1361;PROD_45;2;1
ORD_1361;PROD_5;9;1
ORD_1361;PROD_20;9;3
ORD_1361;PROD_50;2;3
ORD_1361;PROD_8;1;3
ORD_1361;PROD_49;3;2
ORD_1361;PROD_35;3;1
ORD_1361;PROD_26;6;3
ORD_1362;PROD_44;1;3
ORD_1362;PROD_17;9;5
ORD_1362;PROD_4;7;1
ORD_1362;PROD_3;8;2
ORD_1362;PROD_25;4;4
ORD_1362;PROD_9;4;3
ORD_1362;PROD_23;8;2
ORD_1362;PROD_12;1;4
ORD_1362;PROD_2;7;3
ORD_1363;PROD_44;7;4
ORD_1363;PROD_17;9;5
ORD_1363;PROD_4;7;3
ORD_1363;PROD_3;2;2
ORD_1363;PROD_25;3;4
ORD_1363;PROD_7;2;3
ORD_1363;PROD_45;2;2
ORD_1363;PROD_29;9;5
ORD_1363;PROD_46;7;3
ORD_1363;PROD_13;6;5
ORD_1363;PROD_16;6;4
ORD_1364;PROD_46;1;5
ORD_1364;PROD_13;7;4
ORD_1364;PROD_16;6;3
ORD_1364;PROD_49;6;5
ORD_1364;PROD_27;9;5
ORD_1364;PROD_17;1;3
ORD_1365;PROD_46;7;1
ORD_1365;PROD_13;8;2
ORD_1365;PROD_16;9;3
ORD_1365;PROD_49;5;4
ORD_1365;PROD_27;8;3
ORD_1366;PROD_40;4;4
ORD_1366;PROD_37;2;5
ORD_1366;PROD_24;4;2
ORD_1366;PROD_23;4;4
ORD_1366;PROD_29;4;2
ORD_1366;PROD_40;8;3
ORD_1367;PROD_34;8;3
ORD_1367;PROD_21;3;2
ORD_1367;PROD_18;3;4
ORD_1367;PROD_34;1;2
ORD_1367;PROD_21;1;3
ORD_1367;PROD_18;4;1
ORD_1367;PROD_12;1;2
ORD_1367;PROD_2;6;5
ORD_1368;PROD_46;4;4
ORD_1368;PROD_13;3;1
ORD_1368;PROD_16;5;1
ORD_1368;PROD_49;1;3
ORD_1368;PROD_27;5;2
ORD_1368;PROD_44;9;2
ORD_1368;PROD_17;1;3
ORD_1368;PROD_4;1;3
ORD_1368;PROD_3;2;1
ORD_1368;PROD_25;1;2
ORD_1369;PROD_15;2;3
ORD_1369;PROD_8;2;3
ORD_1369;PROD_34;4;4
ORD_1369;PROD_13;7;3
ORD_1369;PROD_40;1;4
ORD_1369;PROD_38;2;2
ORD_1369;PROD_15;4;5
ORD_1369;PROD_15;4;4
ORD_1369;PROD_28;4;4
ORD_1369;PROD_19;2;1
ORD_1369;PROD_12;8;1
ORD_1369;PROD_9;7;4
ORD_1369;PROD_1;2;2
ORD_1370;PROD_40;4;4
ORD_1370;PROD_37;7;2
ORD_1370;PROD_24;9;3
ORD_1370;PROD_23;1;2
ORD_1370;PROD_29;2;3
ORD_1370;PROD_12;2;5
ORD_1370;PROD_2;9;4
ORD_1370;PROD_39;4;3
ORD_1370;PROD_11;6;3
ORD_1370;PROD_2;7;5
ORD_1371;PROD_2;1;1
ORD_1371;PROD_50;6;1
ORD_1371;PROD_27;3;4
ORD_1371;PROD_5;2;2
ORD_1371;PROD_48;9;1
ORD_1371;PROD_21;6;1
ORD_1371;PROD_50;9;2
ORD_1372;PROD_2;1;3
ORD_1372;PROD_46;3;1
ORD_1372;PROD_22;1;4
ORD_1372;PROD_39;3;3
ORD_1372;PROD_37;6;4
ORD_1372;PROD_50;3;4
ORD_1372;PROD_9;3;5
ORD_1372;PROD_24;2;2
ORD_1372;PROD_30;1;2
ORD_1372;PROD_33;9;3
ORD_1372;PROD_35;2;3
ORD_1372;PROD_46;1;2
ORD_1372;PROD_24;3;2
ORD_1372;PROD_28;9;5
ORD_1372;PROD_44;5;5
ORD_1373;PROD_17;1;3
ORD_1373;PROD_45;9;4
ORD_1373;PROD_5;9;3
ORD_1373;PROD_20;7;4
ORD_1373;PROD_34;2;2
ORD_1373;PROD_21;6;1
ORD_1373;PROD_18;4;5
ORD_1373;PROD_17;7;2
ORD_1373;PROD_45;1;5
ORD_1373;PROD_5;4;5
ORD_1373;PROD_20;5;3
ORD_1373;PROD_50;3;2
ORD_1374;PROD_34;7;4
ORD_1374;PROD_21;3;1
ORD_1374;PROD_18;4;2
ORD_1374;PROD_12;9;3
ORD_1374;PROD_2;8;4
ORD_1374;PROD_39;4;2
ORD_1374;PROD_11;6;2
ORD_1374;PROD_28;1;1
ORD_1375;PROD_47;8;3
ORD_1375;PROD_10;5;5
ORD_1375;PROD_32;7;1
ORD_1375;PROD_7;6;5
ORD_1375;PROD_43;5;1
ORD_1375;PROD_1;1;2
ORD_1375;PROD_7;6;4
ORD_1376;PROD_17;6;4
ORD_1376;PROD_45;4;5
ORD_1376;PROD_5;2;1
ORD_1376;PROD_20;7;3
ORD_1376;PROD_12;7;2
ORD_1376;PROD_2;6;4
ORD_1376;PROD_39;6;5
ORD_1376;PROD_11;5;5
ORD_1376;PROD_12;6;2
ORD_1376;PROD_2;1;3
ORD_1376;PROD_39;6;2
ORD_1376;PROD_11;7;3
ORD_1376;PROD_14;4;3
ORD_1376;PROD_18;6;5
ORD_1377;PROD_46;1;4
ORD_1377;PROD_13;7;2
ORD_1377;PROD_16;3;4
ORD_1377;PROD_49;8;5
ORD_1377;PROD_27;3;5
ORD_1377;PROD_17;5;4
ORD_1377;PROD_45;5;4
ORD_1377;PROD_5;1;3
ORD_1377;PROD_20;5;1
ORD_1377;PROD_28;4;3
ORD_1378;PROD_2;1;2
ORD_1378;PROD_50;9;4
ORD_1378;PROD_27;8;1
ORD_1378;PROD_44;3;3
ORD_1378;PROD_17;7;3
ORD_1378;PROD_4;6;1
ORD_1379;PROD_44;2;3
ORD_1379;PROD_17;2;2
ORD_1379;PROD_4;6;3
ORD_1379;PROD_3;2;4
ORD_1379;PROD_25;6;2
ORD_1379;PROD_5;3;4
ORD_1379;PROD_48;7;5
ORD_1380;PROD_26;3;2
ORD_1380;PROD_30;2;4
ORD_1380;PROD_42;4;4
ORD_1380;PROD_12;3;4
ORD_1380;PROD_48;5;1
ORD_1380;PROD_11;7;2
ORD_1381;PROD_5;2;1
ORD_1381;PROD_48;7;2
ORD_1381;PROD_21;7;2
ORD_1381;PROD_50;2;3
ORD_1381;PROD_17;5;1
ORD_1381;PROD_12;4;3
ORD_1382;PROD_12;9;2
ORD_1382;PROD_2;5;4
ORD_1382;PROD_39;9;5
ORD_1382;PROD_11;2;3
ORD_1382;PROD_45;9;5
ORD_1382;PROD_29;9;5
ORD_1382;PROD_21;2;1
ORD_1383;PROD_2;1;3
ORD_1383;PROD_50;6;3
ORD_1383;PROD_27;5;2
ORD_1383;PROD_39;5;4
ORD_1383;PROD_46;8;2
ORD_1383;PROD_4;9;1
ORD_1383;PROD_35;7;3
ORD_1383;PROD_8;9;1
ORD_1383;PROD_42;7;1
ORD_1383;PROD_50;4;4
ORD_1384;PROD_39;5;5
ORD_1384;PROD_10;3;1
ORD_1384;PROD_9;2;1
ORD_1384;PROD_50;3;1
ORD_1384;PROD_43;1;2
ORD_1384;PROD_22;4;1
ORD_1385;PROD_46;2;2
ORD_1385;PROD_9;7;2
ORD_1385;PROD_28;7;5
ORD_1385;PROD_5;9;4
ORD_1385;PROD_8;2;2
ORD_1386;PROD_31;8;4
ORD_1386;PROD_3;9;4
ORD_1386;PROD_22;6;5
ORD_1386;PROD_46;6;3
ORD_1386;PROD_44;8;2
ORD_1386;PROD_17;6;3
ORD_1386;PROD_4;8;4
ORD_1386;PROD_3;5;4
ORD_1386;PROD_25;5;2
ORD_1387;PROD_2;8;3
ORD_1387;PROD_50;3;5
ORD_1387;PROD_27;7;1
ORD_1387;PROD_34;8;2
ORD_1387;PROD_21;6;4
ORD_1387;PROD_18;5;4
ORD_1388;PROD_34;6;2
ORD_1388;PROD_21;9;4
ORD_1388;PROD_18;2;3
ORD_1388;PROD_5;1;5
ORD_1388;PROD_20;1;2
ORD_1388;PROD_6;8;1
ORD_1388;PROD_35;3;1
ORD_1388;PROD_46;9;5
ORD_1389;PROD_12;8;3
ORD_1389;PROD_2;7;4
ORD_1389;PROD_39;4;3
ORD_1389;PROD_11;1;1
ORD_1389;PROD_34;9;3
ORD_1389;PROD_21;3;2
ORD_1389;PROD_18;2;4
ORD_1389;PROD_46;3;2
ORD_1389;PROD_13;5;2
ORD_1389;PROD_16;5;3
ORD_1389;PROD_49;8;4
ORD_1389;PROD_27;2;3
ORD_1389;PROD_47;8;2
ORD_1389;PROD_32;9;1
ORD_1389;PROD_20;2;4
ORD_1390;PROD_46;2;4
ORD_1390;PROD_13;9;1
ORD_1390;PROD_16;4;3
ORD_1390;PROD_49;8;1
ORD_1390;PROD_27;2;4
ORD_1391;PROD_7;7;5
ORD_1391;PROD_45;7;1
ORD_1391;PROD_29;7;1
ORD_1391;PROD_28;5;1
ORD_1391;PROD_29;8;2
ORD_1391;PROD_11;8;2
ORD_1391;PROD_43;5;5
ORD_1391;PROD_8;3;4
ORD_1391;PROD_3;5;1
ORD_1391;PROD_40;4;3
ORD_1391;PROD_30;2;1
ORD_1391;PROD_45;3;2
ORD_1391;PROD_34;2;4
ORD_1391;PROD_31;2;1
ORD_1391;PROD_11;8;4
ORD_1392;PROD_50;2;3
ORD_1392;PROD_13;8;1
ORD_1392;PROD_18;2;5
ORD_1392;PROD_14;1;5
ORD_1392;PROD_21;9;5
ORD_1392;PROD_45;6;2
ORD_1392;PROD_26;5;4
ORD_1392;PROD_24;6;2
ORD_1392;PROD_14;1;5
ORD_1392;PROD_1;7;2
ORD_1392;PROD_3;5;1
ORD_1392;PROD_36;8;4
ORD_1392;PROD_33;3;2
ORD_1392;PROD_43;1;4
ORD_1392;PROD_18;6;3
ORD_1393;PROD_33;4;3
ORD_1393;PROD_11;4;2
ORD_1393;PROD_39;2;2
ORD_1393;PROD_28;4;4
ORD_1393;PROD_34;7;3
ORD_1393;PROD_7;4;5
ORD_1393;PROD_44;2;4
ORD_1393;PROD_48;4;2
ORD_1393;PROD_23;7;1
ORD_1393;PROD_13;4;2
ORD_1393;PROD_19;3;5
ORD_1393;PROD_37;1;4
ORD_1393;PROD_38;4;3
ORD_1394;PROD_4;6;4
ORD_1394;PROD_27;9;4
ORD_1394;PROD_8;4;2
ORD_1394;PROD_47;2;1
ORD_1394;PROD_25;3;4
ORD_1394;PROD_21;1;4
ORD_1394;PROD_30;6;1
ORD_1395;PROD_34;1;5
ORD_1395;PROD_21;6;1
ORD_1395;PROD_18;4;2
ORD_1395;PROD_46;8;1
ORD_1395;PROD_9;4;4
ORD_1395;PROD_28;7;4
ORD_1395;PROD_5;1;3
ORD_1395;PROD_48;3;5
ORD_1395;PROD_4;8;2
ORD_1395;PROD_3;4;1
ORD_1395;PROD_22;2;1
ORD_1395;PROD_36;3;2
ORD_1395;PROD_27;6;2
ORD_1395;PROD_38;9;2
ORD_1396;PROD_36;8;5
ORD_1396;PROD_39;4;2
ORD_1396;PROD_7;8;5
ORD_1396;PROD_14;6;2
ORD_1396;PROD_37;5;3
ORD_1396;PROD_32;2;1
ORD_1396;PROD_5;3;4
ORD_1396;PROD_49;9;4
ORD_1396;PROD_44;1;2
ORD_1396;PROD_6;6;1
ORD_1396;PROD_2;1;3
ORD_1396;PROD_34;1;1
ORD_1396;PROD_45;6;4
ORD_1396;PROD_22;3;5
ORD_1396;PROD_27;3;4
ORD_1397;PROD_4;1;1
ORD_1397;PROD_3;4;1
ORD_1397;PROD_42;5;3
ORD_1397;PROD_2;9;5
ORD_1397;PROD_36;7;3
ORD_1397;PROD_26;7;1
ORD_1397;PROD_21;2;3
ORD_1397;PROD_7;1;5
ORD_1397;PROD_26;1;2
ORD_1397;PROD_12;7;3
ORD_1397;PROD_15;9;3
ORD_1398;PROD_5;8;1
ORD_1398;PROD_48;5;5
ORD_1398;PROD_21;7;5
ORD_1398;PROD_50;4;4
ORD_1398;PROD_17;1;1
ORD_1398;PROD_37;8;4
ORD_1398;PROD_4;4;5
ORD_1398;PROD_50;1;2
ORD_1398;PROD_35;2;5
ORD_1398;PROD_22;4;3
ORD_1398;PROD_30;6;2
ORD_1398;PROD_2;7;3
ORD_1399;PROD_31;9;4
ORD_1399;PROD_3;9;4
ORD_1399;PROD_22;6;5
ORD_1399;PROD_46;9;4
ORD_1399;PROD_12;1;1
ORD_1399;PROD_2;7;3
ORD_1399;PROD_39;4;4
ORD_1399;PROD_11;1;2
ORD_1399;PROD_34;5;3
ORD_1400;PROD_9;5;4
ORD_1400;PROD_23;8;2
ORD_1400;PROD_34;3;5
ORD_1400;PROD_21;3;4
ORD_1400;PROD_18;3;2
ORD_1400;PROD_2;2;2
ORD_1400;PROD_33;8;2
ORD_1400;PROD_11;1;1
ORD_1400;PROD_12;2;5
ORD_1400;PROD_43;2;2
ORD_1400;PROD_48;8;4
ORD_1400;PROD_39;6;4
ORD_1400;PROD_23;2;3
ORD_1401;PROD_46;2;3
ORD_1401;PROD_9;4;4
ORD_1401;PROD_28;7;3
ORD_1401;PROD_5;6;5
ORD_1401;PROD_47;8;4
ORD_1401;PROD_4;7;1
ORD_1401;PROD_49;8;3
ORD_1401;PROD_4;6;4
ORD_1401;PROD_21;6;3
ORD_1401;PROD_27;5;4
ORD_1401;PROD_7;4;1
ORD_1402;PROD_34;7;3
ORD_1402;PROD_21;4;4
ORD_1402;PROD_18;8;2
ORD_1402;PROD_9;4;5
ORD_1402;PROD_4;8;2
ORD_1402;PROD_11;6;1
ORD_1402;PROD_44;6;4
ORD_1402;PROD_21;9;5
ORD_1402;PROD_28;4;3
ORD_1402;PROD_37;6;2
ORD_1402;PROD_1;2;2
ORD_1402;PROD_26;2;5
ORD_1402;PROD_20;2;2
ORD_1402;PROD_19;7;3
ORD_1403;PROD_9;7;5
ORD_1403;PROD_23;7;3
ORD_1403;PROD_46;7;1
ORD_1403;PROD_13;7;2
ORD_1403;PROD_16;2;1
ORD_1403;PROD_49;8;1
ORD_1403;PROD_27;7;5
ORD_1403;PROD_7;7;2
ORD_1403;PROD_45;2;4
ORD_1403;PROD_29;3;5
ORD_1403;PROD_22;9;3
ORD_1404;PROD_34;6;4
ORD_1404;PROD_21;9;5
ORD_1404;PROD_18;5;3
ORD_1404;PROD_44;5;1
ORD_1404;PROD_17;3;1
ORD_1404;PROD_4;6;1
ORD_1404;PROD_3;9;2
ORD_1404;PROD_25;2;5
ORD_1404;PROD_44;1;4
ORD_1404;PROD_17;5;4
ORD_1404;PROD_4;1;3
ORD_1404;PROD_3;9;2
ORD_1404;PROD_25;1;1
ORD_1405;PROD_12;5;2
ORD_1405;PROD_2;3;3
ORD_1405;PROD_39;1;4
ORD_1405;PROD_11;3;4
ORD_1405;PROD_17;2;1
ORD_1406;PROD_9;5;4
ORD_1406;PROD_23;3;4
ORD_1406;PROD_40;1;2
ORD_1406;PROD_37;1;1
ORD_1406;PROD_24;3;4
ORD_1406;PROD_23;7;4
ORD_1406;PROD_29;7;1
ORD_1406;PROD_14;2;3
ORD_1406;PROD_2;3;3
ORD_1406;PROD_38;3;3
ORD_1406;PROD_21;7;3
ORD_1406;PROD_20;7;4
ORD_1407;PROD_6;7;1
ORD_1407;PROD_37;8;1
ORD_1407;PROD_7;9;1
ORD_1407;PROD_49;5;3
ORD_1407;PROD_3;3;2
ORD_1407;PROD_10;6;4
ORD_1407;PROD_43;8;4
ORD_1407;PROD_15;1;5
ORD_1407;PROD_43;6;2
ORD_1408;PROD_36;8;4
ORD_1408;PROD_1;6;5
ORD_1408;PROD_11;4;1
ORD_1408;PROD_4;4;3
ORD_1408;PROD_46;1;5
ORD_1408;PROD_46;3;1
ORD_1408;PROD_25;6;2
ORD_1408;PROD_2;6;1
ORD_1409;PROD_40;3;2
ORD_1409;PROD_37;8;1
ORD_1409;PROD_24;7;5
ORD_1409;PROD_23;7;1
ORD_1409;PROD_29;2;1
ORD_1409;PROD_34;1;4
ORD_1409;PROD_21;7;5
ORD_1409;PROD_18;2;4
ORD_1409;PROD_32;9;3
ORD_1410;PROD_31;1;3
ORD_1410;PROD_3;3;1
ORD_1410;PROD_22;9;3
ORD_1410;PROD_46;7;2
ORD_1410;PROD_46;9;2
ORD_1410;PROD_13;4;4
ORD_1410;PROD_16;4;2
ORD_1410;PROD_49;1;3
ORD_1410;PROD_27;9;2
ORD_1410;PROD_30;3;5
ORD_1410;PROD_5;5;3
ORD_1411;PROD_24;8;2
ORD_1411;PROD_13;9;4
ORD_1411;PROD_36;9;5
ORD_1411;PROD_42;8;2
ORD_1411;PROD_22;6;4
ORD_1411;PROD_43;4;2
ORD_1411;PROD_13;1;4
ORD_1411;PROD_36;4;4
ORD_1411;PROD_43;5;1
ORD_1411;PROD_5;6;1
ORD_1411;PROD_36;7;2
ORD_1411;PROD_30;5;5
ORD_1411;PROD_33;2;1
ORD_1411;PROD_43;3;2
ORD_1411;PROD_41;5;5
ORD_1412;PROD_9;2;4
ORD_1412;PROD_23;5;3
ORD_1412;PROD_34;2;2
ORD_1412;PROD_21;2;4
ORD_1412;PROD_18;9;1
ORD_1412;PROD_41;9;5
ORD_1412;PROD_44;1;3
ORD_1412;PROD_11;8;1
ORD_1412;PROD_29;5;1
ORD_1413;PROD_12;4;3
ORD_1413;PROD_2;1;1
ORD_1413;PROD_39;6;3
ORD_1413;PROD_11;8;5
ORD_1413;PROD_22;2;2
ORD_1413;PROD_20;3;5
ORD_1413;PROD_4;3;5
ORD_1413;PROD_25;1;1
ORD_1413;PROD_1;8;3
ORD_1413;PROD_2;5;3
ORD_1413;PROD_16;6;4
ORD_1413;PROD_44;9;4
ORD_1413;PROD_39;3;1
ORD_1413;PROD_44;9;4
ORD_1413;PROD_26;2;3
ORD_1414;PROD_44;8;2
ORD_1414;PROD_17;7;4
ORD_1414;PROD_4;3;5
ORD_1414;PROD_3;1;2
ORD_1414;PROD_25;1;5
ORD_1414;PROD_18;4;3
ORD_1414;PROD_28;7;3
ORD_1414;PROD_19;6;3
ORD_1415;PROD_18;2;3
ORD_1415;PROD_43;7;3
ORD_1415;PROD_47;6;3
ORD_1415;PROD_45;5;1
ORD_1415;PROD_6;7;3
ORD_1416;PROD_44;2;2
ORD_1416;PROD_17;9;2
ORD_1416;PROD_4;8;4
ORD_1416;PROD_3;2;3
ORD_1416;PROD_25;3;3
ORD_1416;PROD_12;2;2
ORD_1416;PROD_2;1;1
ORD_1416;PROD_39;2;1
ORD_1417;PROD_40;8;4
ORD_1417;PROD_37;2;1
ORD_1417;PROD_24;1;2
ORD_1417;PROD_23;6;5
ORD_1417;PROD_29;4;2
ORD_1417;PROD_28;2;4
ORD_1417;PROD_46;7;2
ORD_1417;PROD_9;2;2
ORD_1417;PROD_13;2;3
ORD_1417;PROD_10;5;5
ORD_1417;PROD_30;9;1
ORD_1417;PROD_36;3;2
ORD_1417;PROD_11;7;1
ORD_1418;PROD_36;7;3
ORD_1418;PROD_49;8;1
ORD_1418;PROD_50;5;2
ORD_1418;PROD_3;1;4
ORD_1418;PROD_23;5;4
ORD_1418;PROD_50;6;5
ORD_1418;PROD_42;6;1
ORD_1418;PROD_15;1;4
ORD_1418;PROD_32;3;1
ORD_1418;PROD_16;8;1
ORD_1418;PROD_4;7;5
ORD_1418;PROD_12;5;5
ORD_1418;PROD_8;3;1
ORD_1419;PROD_17;7;1
ORD_1419;PROD_45;8;1
ORD_1419;PROD_5;1;2
ORD_1419;PROD_20;2;4
ORD_1419;PROD_7;9;1
ORD_1420;PROD_19;9;5
ORD_1420;PROD_44;6;2
ORD_1420;PROD_2;9;5
ORD_1420;PROD_22;1;1
ORD_1420;PROD_45;1;3
ORD_1420;PROD_49;1;1
ORD_1420;PROD_8;8;5
ORD_1420;PROD_40;1;2
ORD_1420;PROD_20;8;2
ORD_1420;PROD_30;9;4
ORD_1420;PROD_24;7;5
ORD_1421;PROD_40;1;2
ORD_1421;PROD_37;9;5
ORD_1421;PROD_24;2;3
ORD_1421;PROD_23;3;5
ORD_1421;PROD_29;9;4
ORD_1421;PROD_32;6;2
ORD_1421;PROD_23;6;1
ORD_1421;PROD_26;1;1
ORD_1421;PROD_6;9;3
ORD_1421;PROD_17;3;4
ORD_1421;PROD_50;9;2
ORD_1421;PROD_15;5;2
ORD_1421;PROD_44;1;2
ORD_1421;PROD_3;2;4
ORD_1421;PROD_35;3;3
ORD_1422;PROD_46;8;5
ORD_1422;PROD_9;7;1
ORD_1422;PROD_28;8;2
ORD_1422;PROD_5;9;1
ORD_1422;PROD_34;3;2
ORD_1422;PROD_21;6;4
ORD_1422;PROD_18;3;3
ORD_1423;PROD_9;6;1
ORD_1423;PROD_23;8;5
ORD_1423;PROD_7;5;1
ORD_1423;PROD_32;7;3
ORD_1423;PROD_14;3;5
ORD_1423;PROD_5;9;5
ORD_1423;PROD_27;7;2
ORD_1423;PROD_13;9;5
ORD_1423;PROD_23;4;4
ORD_1423;PROD_41;3;1
ORD_1424;PROD_8;8;5
ORD_1424;PROD_31;8;4
ORD_1424;PROD_3;5;1
ORD_1424;PROD_43;5;1
ORD_1424;PROD_47;9;4
ORD_1424;PROD_47;2;5
ORD_1424;PROD_39;8;1
ORD_1424;PROD_42;5;3
ORD_1424;PROD_5;4;3
ORD_1424;PROD_50;9;2
ORD_1425;PROD_34;3;1
ORD_1425;PROD_21;8;1
ORD_1425;PROD_18;6;2
ORD_1425;PROD_12;6;5
ORD_1425;PROD_2;5;5
ORD_1425;PROD_39;9;4
ORD_1425;PROD_11;1;3
ORD_1425;PROD_26;8;3
ORD_1425;PROD_24;3;2
ORD_1425;PROD_31;1;3
ORD_1425;PROD_19;7;5
ORD_1425;PROD_25;2;5
ORD_1425;PROD_10;6;2
ORD_1425;PROD_27;7;3
ORD_1426;PROD_17;9;2
ORD_1426;PROD_45;4;2
ORD_1426;PROD_5;7;5
ORD_1426;PROD_20;4;3
ORD_1426;PROD_9;9;1
ORD_1426;PROD_23;6;4
ORD_1426;PROD_5;8;1
ORD_1426;PROD_48;9;1
ORD_1427;PROD_5;1;4
ORD_1427;PROD_48;3;5
ORD_1427;PROD_21;6;4
ORD_1427;PROD_50;2;1
ORD_1427;PROD_17;6;5
ORD_1427;PROD_17;8;1
ORD_1427;PROD_45;3;5
ORD_1427;PROD_5;9;1
ORD_1427;PROD_20;7;1
ORD_1428;PROD_9;9;5
ORD_1428;PROD_23;4;4
ORD_1428;PROD_9;2;1
ORD_1428;PROD_23;3;1
ORD_1428;PROD_44;5;2
ORD_1428;PROD_17;1;1
ORD_1428;PROD_4;2;2
ORD_1428;PROD_3;7;3
ORD_1428;PROD_25;9;2
ORD_1429;PROD_5;4;1
ORD_1429;PROD_48;8;1
ORD_1429;PROD_21;6;2
ORD_1429;PROD_50;8;2
ORD_1429;PROD_17;9;2
ORD_1429;PROD_12;7;1
ORD_1429;PROD_2;7;5
ORD_1429;PROD_39;4;3
ORD_1430;PROD_2;9;5
ORD_1430;PROD_50;7;5
ORD_1430;PROD_27;4;3
ORD_1430;PROD_43;9;1
ORD_1430;PROD_26;9;1
ORD_1430;PROD_1;5;3
ORD_1430;PROD_37;7;3
ORD_1430;PROD_23;4;2
ORD_1430;PROD_42;6;5
ORD_1430;PROD_5;1;3
ORD_1430;PROD_33;1;1
ORD_1431;PROD_12;5;2
ORD_1431;PROD_2;1;1
ORD_1431;PROD_39;1;3
ORD_1431;PROD_11;5;3
ORD_1431;PROD_31;1;3
ORD_1431;PROD_3;2;5
ORD_1431;PROD_22;5;2
ORD_1431;PROD_46;6;2
ORD_1432;PROD_2;3;4
ORD_1432;PROD_50;2;3
ORD_1432;PROD_27;7;4
ORD_1432;PROD_46;6;3
ORD_1432;PROD_13;6;4
ORD_1432;PROD_16;1;4
ORD_1432;PROD_49;1;1
ORD_1432;PROD_27;8;4
ORD_1432;PROD_33;1;2
ORD_1432;PROD_21;3;4
ORD_1433;PROD_30;5;2
ORD_1433;PROD_30;3;4
ORD_1433;PROD_33;9;1
ORD_1433;PROD_19;7;2
ORD_1433;PROD_35;8;5
ORD_1433;PROD_21;6;2
ORD_1433;PROD_40;1;5
ORD_1433;PROD_32;4;2
ORD_1433;PROD_1;6;1
ORD_1433;PROD_11;4;3
ORD_1433;PROD_36;7;3
ORD_1433;PROD_48;2;2
ORD_1434;PROD_15;4;4
ORD_1434;PROD_13;3;4
ORD_1434;PROD_17;1;5
ORD_1434;PROD_43;1;5
ORD_1434;PROD_10;2;2
ORD_1434;PROD_49;3;4
ORD_1434;PROD_13;9;5
ORD_1434;PROD_7;3;1
ORD_1434;PROD_44;9;5
ORD_1434;PROD_22;8;3
ORD_1434;PROD_4;5;5
ORD_1435;PROD_2;3;4
ORD_1435;PROD_50;5;1
ORD_1435;PROD_27;6;4
ORD_1435;PROD_46;3;4
ORD_1435;PROD_32;9;3
ORD_1435;PROD_19;6;5
ORD_1435;PROD_1;8;5
ORD_1435;PROD_41;8;5
ORD_1435;PROD_46;3;5
ORD_1435;PROD_39;8;4
ORD_1436;PROD_46;6;4
ORD_1436;PROD_13;2;3
ORD_1436;PROD_16;4;4
ORD_1436;PROD_49;3;5
ORD_1436;PROD_27;6;4
ORD_1436;PROD_17;7;1
ORD_1437;PROD_46;4;5
ORD_1437;PROD_9;8;3
ORD_1437;PROD_28;3;2
ORD_1437;PROD_5;6;3
ORD_1437;PROD_25;8;5
ORD_1437;PROD_44;3;3
ORD_1437;PROD_5;6;5
ORD_1437;PROD_46;2;3
ORD_1437;PROD_31;8;4
ORD_1437;PROD_50;7;4
ORD_1437;PROD_26;1;4
ORD_1437;PROD_6;1;1
ORD_1437;PROD_18;4;4
ORD_1437;PROD_46;7;2
ORD_1437;PROD_20;8;5
ORD_1438;PROD_5;2;4
ORD_1438;PROD_48;4;2
ORD_1438;PROD_21;1;5
ORD_1438;PROD_50;8;4
ORD_1438;PROD_17;7;3
ORD_1438;PROD_3;3;1
ORD_1438;PROD_2;6;5
ORD_1438;PROD_35;3;5
ORD_1438;PROD_23;6;1
ORD_1438;PROD_14;5;5
ORD_1439;PROD_7;3;2
ORD_1439;PROD_45;4;4
ORD_1439;PROD_29;9;4
ORD_1439;PROD_26;1;3
ORD_1439;PROD_21;9;5
ORD_1439;PROD_47;1;4
ORD_1439;PROD_42;9;1
ORD_1439;PROD_43;2;2
ORD_1439;PROD_22;6;5
ORD_1439;PROD_42;6;1
ORD_1440;PROD_9;5;1
ORD_1440;PROD_23;4;2
ORD_1440;PROD_35;1;2
ORD_1440;PROD_6;2;4
ORD_1440;PROD_3;6;2
ORD_1440;PROD_47;5;4
ORD_1440;PROD_6;7;3
ORD_1441;PROD_12;5;2
ORD_1441;PROD_2;7;2
ORD_1441;PROD_39;8;5
ORD_1441;PROD_11;9;5
ORD_1441;PROD_2;3;4
ORD_1441;PROD_50;2;1
ORD_1441;PROD_27;3;5
ORD_1441;PROD_8;2;4
ORD_1441;PROD_28;2;1
ORD_1441;PROD_8;7;2
ORD_1441;PROD_39;3;1
ORD_1442;PROD_9;8;1
ORD_1442;PROD_23;9;3
ORD_1442;PROD_34;9;3
ORD_1442;PROD_21;5;3
ORD_1442;PROD_18;9;4
ORD_1442;PROD_25;2;3
ORD_1443;PROD_44;4;4
ORD_1443;PROD_30;2;4
ORD_1443;PROD_44;8;2
ORD_1443;PROD_42;9;5
ORD_1443;PROD_50;5;3
ORD_1443;PROD_16;6;2
ORD_1443;PROD_45;2;1
ORD_1443;PROD_48;5;2
ORD_1443;PROD_42;2;2
ORD_1443;PROD_41;2;5
ORD_1443;PROD_42;2;4
ORD_1443;PROD_18;6;1
ORD_1443;PROD_13;5;5
ORD_1443;PROD_18;5;5
ORD_1443;PROD_7;4;3
ORD_1444;PROD_12;3;5
ORD_1444;PROD_20;5;2
ORD_1444;PROD_14;5;1
ORD_1444;PROD_44;2;4
ORD_1444;PROD_4;1;4
ORD_1444;PROD_13;9;5
ORD_1444;PROD_13;8;3
ORD_1445;PROD_33;5;5
ORD_1445;PROD_13;2;3
ORD_1445;PROD_32;3;1
ORD_1445;PROD_26;1;5
ORD_1445;PROD_32;4;2
ORD_1445;PROD_11;4;3
ORD_1445;PROD_43;6;1
ORD_1445;PROD_50;2;2
ORD_1445;PROD_50;2;2
ORD_1445;PROD_5;6;1
ORD_1445;PROD_50;7;3
ORD_1445;PROD_32;7;3
ORD_1445;PROD_20;6;3
ORD_1446;PROD_17;9;4
ORD_1446;PROD_45;8;3
ORD_1446;PROD_5;8;2
ORD_1446;PROD_20;2;5
ORD_1446;PROD_2;6;4
ORD_1446;PROD_50;2;2
ORD_1446;PROD_27;1;3
ORD_1446;PROD_11;3;2
ORD_1447;PROD_17;9;2
ORD_1447;PROD_45;6;3
ORD_1447;PROD_5;3;4
ORD_1447;PROD_20;6;4
ORD_1447;PROD_27;2;3
ORD_1447;PROD_34;1;1
ORD_1447;PROD_20;2;5
ORD_1447;PROD_2;3;2
ORD_1447;PROD_12;6;4
ORD_1447;PROD_10;6;1
ORD_1447;PROD_16;1;1
ORD_1447;PROD_23;1;2
ORD_1448;PROD_48;8;5
ORD_1448;PROD_48;9;5
ORD_1448;PROD_24;2;1
ORD_1448;PROD_44;5;3
ORD_1448;PROD_38;7;2
ORD_1448;PROD_41;1;5
ORD_1448;PROD_41;8;1
ORD_1448;PROD_23;2;2
ORD_1448;PROD_1;9;3
ORD_1448;PROD_33;5;4
ORD_1448;PROD_43;4;5
ORD_1448;PROD_30;1;5
ORD_1448;PROD_50;8;3
ORD_1448;PROD_44;2;2
ORD_1449;PROD_20;3;1
ORD_1449;PROD_23;9;1
ORD_1449;PROD_47;5;2
ORD_1449;PROD_5;5;5
ORD_1449;PROD_32;6;1
ORD_1449;PROD_30;2;5
ORD_1449;PROD_21;8;3
ORD_1450;PROD_42;2;5
ORD_1450;PROD_44;8;2
ORD_1450;PROD_23;1;5
ORD_1450;PROD_42;7;4
ORD_1450;PROD_2;6;5
ORD_1450;PROD_49;7;5
ORD_1450;PROD_3;8;1
ORD_1450;PROD_10;3;4
ORD_1450;PROD_37;5;5
ORD_1450;PROD_23;8;4
ORD_1451;PROD_5;8;5
ORD_1451;PROD_48;2;4
ORD_1451;PROD_21;8;1
ORD_1451;PROD_50;6;2
ORD_1451;PROD_17;3;2
ORD_1451;PROD_46;8;3
ORD_1451;PROD_9;5;2
ORD_1451;PROD_28;8;5
ORD_1451;PROD_5;4;5
ORD_1451;PROD_4;5;3
ORD_1452;PROD_13;5;4
ORD_1452;PROD_2;9;5
ORD_1452;PROD_16;5;5
ORD_1452;PROD_1;8;4
ORD_1452;PROD_50;6;4
ORD_1452;PROD_42;9;5
ORD_1452;PROD_38;5;4
ORD_1452;PROD_18;4;1
ORD_1452;PROD_6;4;3
ORD_1452;PROD_13;5;5
ORD_1453;PROD_12;9;1
ORD_1453;PROD_2;3;1
ORD_1453;PROD_39;9;3
ORD_1453;PROD_11;9;2
ORD_1453;PROD_40;6;3
ORD_1453;PROD_37;7;1
ORD_1453;PROD_24;6;3
ORD_1454;PROD_9;5;3
ORD_1454;PROD_23;1;2
ORD_1454;PROD_17;1;4
ORD_1454;PROD_45;9;4
ORD_1454;PROD_5;8;4
ORD_1454;PROD_20;3;1
ORD_1455;PROD_46;6;2
ORD_1455;PROD_13;5;4
ORD_1455;PROD_16;5;3
ORD_1455;PROD_49;1;5
ORD_1455;PROD_27;6;3
ORD_1455;PROD_5;3;2
ORD_1455;PROD_48;1;2
ORD_1455;PROD_21;2;3
ORD_1455;PROD_50;5;1
ORD_1456;PROD_22;5;3
ORD_1456;PROD_45;8;2
ORD_1456;PROD_13;3;5
ORD_1456;PROD_22;2;4
ORD_1456;PROD_22;4;4
ORD_1456;PROD_35;7;3
ORD_1456;PROD_3;9;4
ORD_1456;PROD_29;9;1
ORD_1456;PROD_37;8;3
ORD_1457;PROD_44;4;1
ORD_1457;PROD_17;7;4
ORD_1457;PROD_4;8;4
ORD_1457;PROD_3;3;1
ORD_1457;PROD_25;5;4
ORD_1457;PROD_38;7;5
ORD_1458;PROD_31;5;4
ORD_1458;PROD_3;4;2
ORD_1458;PROD_22;1;3
ORD_1458;PROD_46;3;4
ORD_1458;PROD_31;5;4
ORD_1458;PROD_3;5;5
ORD_1458;PROD_22;8;2
ORD_1458;PROD_46;6;5
ORD_1458;PROD_46;3;3
ORD_1458;PROD_9;5;3
ORD_1458;PROD_28;1;4
ORD_1458;PROD_5;4;4
ORD_1459;PROD_9;7;3
ORD_1459;PROD_23;4;4
ORD_1459;PROD_12;7;2
ORD_1459;PROD_2;8;1
ORD_1459;PROD_39;9;4
ORD_1459;PROD_11;7;1
ORD_1459;PROD_5;6;5
ORD_1459;PROD_48;9;5
ORD_1459;PROD_21;2;4
ORD_1460;PROD_46;8;4
ORD_1460;PROD_13;8;4
ORD_1460;PROD_16;1;3
ORD_1460;PROD_49;4;1
ORD_1460;PROD_27;1;2
ORD_1460;PROD_17;7;4
ORD_1460;PROD_45;3;1
ORD_1460;PROD_5;7;4
ORD_1460;PROD_20;3;1
ORD_1460;PROD_46;9;2
ORD_1460;PROD_13;6;1
ORD_1460;PROD_16;3;5
ORD_1460;PROD_49;9;5
ORD_1460;PROD_27;2;1
ORD_1461;PROD_46;1;5
ORD_1461;PROD_13;1;4
ORD_1461;PROD_16;7;5
ORD_1461;PROD_49;8;3
ORD_1461;PROD_27;5;3
ORD_1461;PROD_35;5;4
ORD_1461;PROD_30;6;4
ORD_1461;PROD_7;3;1
ORD_1461;PROD_30;7;1
ORD_1462;PROD_2;8;5
ORD_1462;PROD_50;1;2
ORD_1462;PROD_27;9;2
ORD_1462;PROD_32;2;2
ORD_1462;PROD_18;9;4
ORD_1462;PROD_2;2;4
ORD_1462;PROD_44;5;3
ORD_1462;PROD_44;6;3
ORD_1462;PROD_7;2;5
ORD_1462;PROD_38;6;1
ORD_1462;PROD_9;5;1
ORD_1462;PROD_38;5;1
ORD_1462;PROD_44;6;2
ORD_1462;PROD_6;1;3
ORD_1462;PROD_50;7;5
ORD_1463;PROD_40;9;2
ORD_1463;PROD_37;8;3
ORD_1463;PROD_24;6;1
ORD_1463;PROD_23;8;1
ORD_1463;PROD_29;7;1
ORD_1463;PROD_32;7;4
ORD_1463;PROD_39;4;2
ORD_1463;PROD_44;7;4
ORD_1463;PROD_30;4;1
ORD_1463;PROD_33;7;3
ORD_1463;PROD_19;7;5
ORD_1463;PROD_30;7;3
ORD_1463;PROD_8;8;2
ORD_1463;PROD_28;7;3
ORD_1463;PROD_2;1;3
ORD_1464;PROD_46;6;3
ORD_1464;PROD_9;3;3
ORD_1464;PROD_28;7;1
ORD_1464;PROD_5;1;4
ORD_1464;PROD_2;4;4
ORD_1465;PROD_48;6;2
ORD_1465;PROD_7;2;4
ORD_1465;PROD_42;8;3
ORD_1465;PROD_15;6;2
ORD_1465;PROD_35;4;1
ORD_1465;PROD_35;7;4
ORD_1465;PROD_17;2;1
ORD_1465;PROD_18;7;4
ORD_1465;PROD_36;9;1
ORD_1465;PROD_44;5;1
ORD_1465;PROD_4;3;4
ORD_1465;PROD_36;7;2
ORD_1465;PROD_22;7;3
ORD_1465;PROD_22;4;5
ORD_1466;PROD_5;9;2
ORD_1466;PROD_48;9;5
ORD_1466;PROD_21;6;2
ORD_1466;PROD_50;5;1
ORD_1466;PROD_17;8;2
ORD_1466;PROD_8;8;5
ORD_1467;PROD_9;6;2
ORD_1467;PROD_23;1;2
ORD_1467;PROD_31;2;2
ORD_1467;PROD_3;4;3
ORD_1467;PROD_22;2;2
ORD_1467;PROD_46;6;2
ORD_1467;PROD_44;5;4
ORD_1467;PROD_29;2;1
ORD_1467;PROD_32;7;3
ORD_1467;PROD_25;8;3
ORD_1468;PROD_40;9;3
ORD_1468;PROD_37;1;1
ORD_1468;PROD_24;5;5
ORD_1468;PROD_23;9;1
ORD_1468;PROD_29;5;2
ORD_1468;PROD_46;7;3
ORD_1468;PROD_13;2;3
ORD_1468;PROD_16;7;1
ORD_1469;PROD_40;8;5
ORD_1469;PROD_37;9;5
ORD_1469;PROD_24;7;3
ORD_1469;PROD_23;8;5
ORD_1469;PROD_29;8;5
ORD_1469;PROD_7;3;2
ORD_1469;PROD_45;7;1
ORD_1469;PROD_29;1;4
ORD_1469;PROD_7;3;2
ORD_1469;PROD_45;7;1
ORD_1469;PROD_29;3;5
ORD_1469;PROD_14;5;5
ORD_1469;PROD_38;5;5
ORD_1469;PROD_19;9;3
ORD_1469;PROD_26;3;1
ORD_1470;PROD_46;3;4
ORD_1470;PROD_9;4;5
ORD_1470;PROD_28;7;4
ORD_1470;PROD_5;7;5
ORD_1470;PROD_18;5;5
ORD_1470;PROD_1;2;5
ORD_1470;PROD_24;4;2
ORD_1470;PROD_47;8;1
ORD_1471;PROD_44;6;4
ORD_1471;PROD_17;4;5
ORD_1471;PROD_45;9;1
ORD_1471;PROD_6;3;2
ORD_1471;PROD_38;8;3
ORD_1472;PROD_34;3;5
ORD_1472;PROD_21;6;1
ORD_1472;PROD_18;6;4
ORD_1472;PROD_46;9;3
ORD_1472;PROD_9;1;5
ORD_1473;PROD_7;5;5
ORD_1473;PROD_45;3;4
ORD_1473;PROD_29;8;4
ORD_1473;PROD_31;9;3
ORD_1473;PROD_3;6;2
ORD_1473;PROD_22;3;2
ORD_1473;PROD_46;8;5
ORD_1473;PROD_2;6;2
ORD_1473;PROD_50;9;2
ORD_1473;PROD_27;6;3
ORD_1473;PROD_30;4;2
ORD_1473;PROD_38;2;1
ORD_1473;PROD_17;4;2
ORD_1474;PROD_46;7;2
ORD_1474;PROD_13;4;5
ORD_1474;PROD_16;5;1
ORD_1474;PROD_49;8;3
ORD_1474;PROD_27;2;2
ORD_1474;PROD_12;2;1
ORD_1474;PROD_21;9;1
ORD_1475;PROD_18;7;1
ORD_1475;PROD_39;4;1
ORD_1475;PROD_26;1;4
ORD_1475;PROD_43;4;2
ORD_1475;PROD_10;7;5
ORD_1475;PROD_19;2;3
ORD_1475;PROD_33;3;3
ORD_1475;PROD_41;4;3
ORD_1475;PROD_43;9;4
ORD_1475;PROD_7;9;4
ORD_1475;PROD_23;6;2
ORD_1475;PROD_35;5;2
ORD_1475;PROD_28;4;2
ORD_1476;PROD_2;7;1
ORD_1476;PROD_50;6;1
ORD_1476;PROD_27;2;3
ORD_1476;PROD_5;9;5
ORD_1476;PROD_48;6;2
ORD_1476;PROD_21;9;1
ORD_1476;PROD_50;8;4
ORD_1476;PROD_17;8;2
ORD_1476;PROD_45;3;1
ORD_1477;PROD_32;5;5
ORD_1477;PROD_36;2;3
ORD_1477;PROD_15;2;3
ORD_1477;PROD_48;8;3
ORD_1477;PROD_2;8;4
ORD_1477;PROD_43;3;2
ORD_1477;PROD_18;5;5
ORD_1477;PROD_28;9;1
ORD_1477;PROD_8;6;1
ORD_1477;PROD_39;3;4
ORD_1477;PROD_39;6;2
ORD_1478;PROD_31;6;2
ORD_1478;PROD_3;8;4
ORD_1478;PROD_22;1;2
ORD_1478;PROD_46;9;4
ORD_1478;PROD_2;3;4
ORD_1478;PROD_50;7;3
ORD_1478;PROD_27;8;3
ORD_1478;PROD_44;7;5
ORD_1479;PROD_14;6;1
ORD_1479;PROD_2;2;2
ORD_1479;PROD_17;4;4
ORD_1479;PROD_37;8;2
ORD_1479;PROD_11;1;3
ORD_1479;PROD_12;4;5
ORD_1479;PROD_28;9;1
ORD_1479;PROD_24;2;3
ORD_1479;PROD_23;4;1
ORD_1479;PROD_9;1;5
ORD_1480;PROD_12;7;2
ORD_1480;PROD_2;7;1
ORD_1480;PROD_39;8;1
ORD_1480;PROD_11;4;1
ORD_1480;PROD_22;7;2
ORD_1480;PROD_27;2;1
ORD_1480;PROD_48;5;5
ORD_1480;PROD_13;5;5
ORD_1480;PROD_48;3;2
ORD_1480;PROD_16;9;3
ORD_1480;PROD_43;2;3
ORD_1480;PROD_11;9;3
ORD_1480;PROD_4;4;1
ORD_1480;PROD_40;9;4
ORD_1480;PROD_2;9;5
ORD_1481;PROD_5;3;5
ORD_1481;PROD_48;4;5
ORD_1481;PROD_21;7;3
ORD_1481;PROD_50;3;1
ORD_1481;PROD_17;4;5
ORD_1481;PROD_39;1;1
ORD_1481;PROD_8;3;1
ORD_1482;PROD_42;8;4
ORD_1482;PROD_46;1;4
ORD_1482;PROD_46;8;5
ORD_1482;PROD_35;2;2
ORD_1482;PROD_48;7;1
ORD_1482;PROD_24;6;1
ORD_1482;PROD_23;7;1
ORD_1483;PROD_12;6;2
ORD_1483;PROD_2;1;4
ORD_1483;PROD_39;1;2
ORD_1483;PROD_11;7;5
ORD_1483;PROD_46;4;2
ORD_1483;PROD_13;5;2
ORD_1483;PROD_16;2;5
ORD_1483;PROD_49;6;5
ORD_1483;PROD_27;5;5
ORD_1483;PROD_6;1;5
ORD_1483;PROD_28;7;1
ORD_1483;PROD_45;7;1
ORD_1483;PROD_29;1;4
ORD_1484;PROD_12;9;1
ORD_1484;PROD_2;8;2
ORD_1484;PROD_39;5;3
ORD_1484;PROD_11;7;3
ORD_1484;PROD_12;6;4
ORD_1484;PROD_2;7;2
ORD_1484;PROD_39;7;4
ORD_1484;PROD_11;3;3
ORD_1484;PROD_40;7;5
ORD_1484;PROD_37;1;3
ORD_1484;PROD_24;7;4
ORD_1485;PROD_5;1;2
ORD_1485;PROD_48;2;1
ORD_1485;PROD_21;3;3
ORD_1485;PROD_50;3;3
ORD_1485;PROD_17;9;1
ORD_1485;PROD_27;2;1
ORD_1485;PROD_21;2;2
ORD_1485;PROD_6;5;4
ORD_1485;PROD_22;1;5
ORD_1485;PROD_17;2;4
ORD_1485;PROD_30;2;1
ORD_1485;PROD_48;4;3
ORD_1485;PROD_21;1;3
ORD_1485;PROD_17;7;2
ORD_1485;PROD_2;2;4
ORD_1486;PROD_17;3;1
ORD_1486;PROD_45;1;1
ORD_1486;PROD_5;2;4
ORD_1486;PROD_20;7;4
ORD_1486;PROD_41;7;3
ORD_1486;PROD_42;2;1
ORD_1486;PROD_4;6;2
ORD_1486;PROD_36;1;2
ORD_1486;PROD_2;8;3
ORD_1486;PROD_36;5;5
ORD_1486;PROD_47;3;1
ORD_1486;PROD_8;4;3
ORD_1486;PROD_29;4;2
ORD_1486;PROD_4;3;2
ORD_1486;PROD_50;2;2
ORD_1487;PROD_46;2;1
ORD_1487;PROD_9;3;3
ORD_1487;PROD_28;1;2
ORD_1487;PROD_5;7;5
ORD_1487;PROD_46;3;1
ORD_1487;PROD_9;9;2
ORD_1487;PROD_28;4;2
ORD_1487;PROD_5;7;2
ORD_1487;PROD_36;4;1
ORD_1487;PROD_33;6;3
ORD_1487;PROD_25;2;5
ORD_1487;PROD_7;9;5
ORD_1487;PROD_28;2;3
ORD_1487;PROD_27;9;5
ORD_1487;PROD_46;8;1
ORD_1488;PROD_17;4;4
ORD_1488;PROD_45;1;4
ORD_1488;PROD_5;3;3
ORD_1488;PROD_20;4;5
ORD_1488;PROD_46;1;3
ORD_1488;PROD_9;9;4
ORD_1489;PROD_9;2;2
ORD_1489;PROD_23;3;5
ORD_1489;PROD_14;8;2
ORD_1489;PROD_10;5;2
ORD_1489;PROD_33;1;2
ORD_1490;PROD_34;5;5
ORD_1490;PROD_21;8;2
ORD_1490;PROD_18;5;4
ORD_1490;PROD_12;8;4
ORD_1490;PROD_2;9;2
ORD_1490;PROD_39;2;5
ORD_1490;PROD_11;4;4
ORD_1490;PROD_5;2;3
ORD_1490;PROD_48;3;3
ORD_1490;PROD_21;6;2
ORD_1490;PROD_50;3;5
ORD_1491;PROD_34;3;5
ORD_1491;PROD_21;5;1
ORD_1491;PROD_18;7;3
ORD_1491;PROD_17;6;5
ORD_1491;PROD_45;4;4
ORD_1491;PROD_5;7;5
ORD_1491;PROD_20;9;4
ORD_1491;PROD_7;7;4
ORD_1491;PROD_45;5;4
ORD_1491;PROD_29;4;1
ORD_1492;PROD_2;6;2
ORD_1492;PROD_50;6;2
ORD_1492;PROD_27;7;5
ORD_1492;PROD_34;5;4
ORD_1492;PROD_21;4;3
ORD_1492;PROD_18;2;1
ORD_1493;PROD_2;5;1
ORD_1493;PROD_50;9;1
ORD_1493;PROD_27;2;4
ORD_1493;PROD_34;1;3
ORD_1493;PROD_21;1;3
ORD_1493;PROD_18;3;4
ORD_1493;PROD_44;8;4
ORD_1493;PROD_17;5;3
ORD_1493;PROD_4;4;3
ORD_1494;PROD_9;7;4
ORD_1494;PROD_23;1;4
ORD_1494;PROD_27;8;3
ORD_1494;PROD_32;4;1
ORD_1494;PROD_33;9;5
ORD_1494;PROD_29;1;2
ORD_1494;PROD_3;9;5
ORD_1495;PROD_38;6;3
ORD_1495;PROD_30;1;2
ORD_1495;PROD_6;3;4
ORD_1495;PROD_13;5;5
ORD_1495;PROD_45;8;1
ORD_1495;PROD_37;2;5
ORD_1495;PROD_13;4;1
ORD_1495;PROD_25;8;5
ORD_1495;PROD_50;8;5
ORD_1495;PROD_40;3;3
ORD_1495;PROD_5;4;1
ORD_1495;PROD_44;8;2
ORD_1495;PROD_47;9;5
ORD_1495;PROD_11;4;2
ORD_1495;PROD_20;3;3
ORD_1496;PROD_44;6;5
ORD_1496;PROD_3;8;4
ORD_1496;PROD_13;4;4
ORD_1496;PROD_10;9;1
ORD_1496;PROD_32;8;1
ORD_1496;PROD_21;3;2
ORD_1496;PROD_23;1;4
ORD_1496;PROD_37;5;4
ORD_1497;PROD_46;7;4
ORD_1497;PROD_13;8;2
ORD_1497;PROD_16;1;4
ORD_1497;PROD_49;2;1
ORD_1497;PROD_27;3;3
ORD_1497;PROD_12;9;5
ORD_1497;PROD_2;2;3
ORD_1498;PROD_3;2;1
ORD_1498;PROD_34;1;2
ORD_1498;PROD_21;8;5
ORD_1498;PROD_36;7;5
ORD_1498;PROD_28;2;4
ORD_1498;PROD_47;2;1
ORD_1498;PROD_46;5;1
ORD_1498;PROD_29;9;4
ORD_1498;PROD_36;6;3
ORD_1498;PROD_21;8;5
ORD_1498;PROD_33;1;1
ORD_1498;PROD_33;9;1
ORD_1498;PROD_17;5;4
ORD_1499;PROD_33;1;1
ORD_1499;PROD_42;6;5
ORD_1499;PROD_16;6;2
ORD_1499;PROD_9;7;2
ORD_1499;PROD_2;5;2
ORD_1499;PROD_43;3;4
ORD_1499;PROD_8;4;2
ORD_1499;PROD_40;1;1
ORD_1499;PROD_11;2;3
ORD_1499;PROD_20;8;2
ORD_1499;PROD_1;5;4
ORD_1499;PROD_25;7;5
ORD_1499;PROD_35;9;1
ORD_1499;PROD_24;6;5
ORD_1499;PROD_36;6;1
ORD_1500;PROD_40;1;2
ORD_1500;PROD_37;8;4
ORD_1500;PROD_24;8;5
ORD_1500;PROD_23;9;4
ORD_1500;PROD_29;3;2
ORD_1501;PROD_7;7;4
ORD_1501;PROD_45;8;5
ORD_1501;PROD_29;2;1
ORD_1501;PROD_34;3;3
ORD_1501;PROD_21;5;5
ORD_1501;PROD_18;2;2
ORD_1501;PROD_12;6;2
ORD_1501;PROD_6;5;4
ORD_1502;PROD_46;5;5
ORD_1502;PROD_3;2;2
ORD_1502;PROD_3;3;1
ORD_1502;PROD_17;6;3
ORD_1502;PROD_21;7;1
ORD_1502;PROD_3;6;3
ORD_1503;PROD_2;1;2
ORD_1503;PROD_50;6;3
ORD_1503;PROD_27;9;2
ORD_1503;PROD_46;4;2
ORD_1503;PROD_9;3;3
ORD_1503;PROD_28;5;4
ORD_1503;PROD_5;8;4
ORD_1503;PROD_10;2;1
ORD_1503;PROD_41;3;1
ORD_1504;PROD_46;9;4
ORD_1504;PROD_13;7;5
ORD_1504;PROD_16;5;3
ORD_1504;PROD_49;4;4
ORD_1504;PROD_27;8;1
ORD_1504;PROD_40;5;3
ORD_1504;PROD_37;9;5
ORD_1504;PROD_24;3;1
ORD_1504;PROD_23;8;3
ORD_1505;PROD_20;3;4
ORD_1505;PROD_49;8;2
ORD_1505;PROD_14;9;5
ORD_1505;PROD_32;2;3
ORD_1505;PROD_38;9;4
ORD_1505;PROD_6;9;3
ORD_1505;PROD_41;1;5
ORD_1506;PROD_9;9;3
ORD_1506;PROD_23;2;5
ORD_1506;PROD_2;9;2
ORD_1506;PROD_50;3;2
ORD_1506;PROD_27;7;1
ORD_1506;PROD_31;5;3
ORD_1506;PROD_3;9;2
ORD_1506;PROD_22;1;3
ORD_1506;PROD_46;1;4
ORD_1507;PROD_17;3;4
ORD_1507;PROD_45;7;2
ORD_1507;PROD_5;3;4
ORD_1507;PROD_20;5;2
ORD_1507;PROD_46;4;4
ORD_1508;PROD_2;6;1
ORD_1508;PROD_11;7;5
ORD_1508;PROD_36;3;5
ORD_1508;PROD_31;3;4
ORD_1508;PROD_23;2;1
ORD_1508;PROD_39;9;4
ORD_1508;PROD_48;6;5
ORD_1508;PROD_27;7;1
ORD_1508;PROD_26;2;3
ORD_1508;PROD_11;6;3
ORD_1508;PROD_32;8;3
ORD_1508;PROD_39;7;2
ORD_1508;PROD_5;3;4
ORD_1509;PROD_10;4;5
ORD_1509;PROD_30;7;2
ORD_1509;PROD_26;3;2
ORD_1509;PROD_17;7;3
ORD_1509;PROD_23;8;3
ORD_1509;PROD_47;9;1
ORD_1509;PROD_12;7;3
ORD_1509;PROD_4;6;3
ORD_1509;PROD_34;3;4
ORD_1509;PROD_40;8;3
ORD_1509;PROD_14;5;5
ORD_1509;PROD_45;1;1
ORD_1510;PROD_5;2;1
ORD_1510;PROD_48;7;5
ORD_1510;PROD_21;2;3
ORD_1510;PROD_50;4;1
ORD_1510;PROD_17;9;5
ORD_1510;PROD_5;9;5
ORD_1510;PROD_48;5;2
ORD_1510;PROD_21;9;1
ORD_1510;PROD_50;1;1
ORD_1510;PROD_17;8;3
ORD_1510;PROD_41;6;1
ORD_1511;PROD_14;5;1
ORD_1511;PROD_26;5;4
ORD_1511;PROD_8;3;5
ORD_1511;PROD_32;2;1
ORD_1511;PROD_25;5;1
ORD_1511;PROD_38;8;3
ORD_1511;PROD_5;9;3
ORD_1511;PROD_50;8;5
ORD_1512;PROD_31;9;2
ORD_1512;PROD_3;1;3
ORD_1512;PROD_22;5;3
ORD_1512;PROD_46;3;3
ORD_1512;PROD_5;6;5
ORD_1512;PROD_48;2;1
ORD_1512;PROD_21;7;3
ORD_1512;PROD_50;9;4
ORD_1512;PROD_17;7;5
ORD_1512;PROD_42;4;5
ORD_1512;PROD_8;6;2
ORD_1513;PROD_9;1;2
ORD_1513;PROD_23;8;1
ORD_1513;PROD_46;3;4
ORD_1513;PROD_9;4;1
ORD_1513;PROD_28;6;2
ORD_1513;PROD_5;9;5
ORD_1513;PROD_44;1;3
ORD_1513;PROD_17;1;5
ORD_1513;PROD_4;8;3
ORD_1513;PROD_3;6;3
ORD_1513;PROD_25;5;1
ORD_1514;PROD_2;2;4
ORD_1514;PROD_50;6;3
ORD_1514;PROD_27;7;5
ORD_1514;PROD_7;5;2
ORD_1514;PROD_45;4;2
ORD_1514;PROD_29;9;1
ORD_1514;PROD_17;6;2
ORD_1514;PROD_3;7;2
ORD_1514;PROD_47;2;1
ORD_1514;PROD_25;6;3
ORD_1514;PROD_17;7;2
ORD_1514;PROD_27;2;4
ORD_1515;PROD_33;9;5
ORD_1515;PROD_5;8;3
ORD_1515;PROD_47;7;3
ORD_1515;PROD_45;6;2
ORD_1515;PROD_10;4;3
ORD_1515;PROD_43;2;3
ORD_1515;PROD_25;8;5
ORD_1515;PROD_43;3;5
ORD_1515;PROD_28;3;2
ORD_1515;PROD_22;2;5
ORD_1515;PROD_17;1;2
ORD_1516;PROD_34;8;4
ORD_1516;PROD_21;8;3
ORD_1516;PROD_18;6;1
ORD_1516;PROD_14;9;3
ORD_1516;PROD_12;4;5
ORD_1516;PROD_20;9;4
ORD_1516;PROD_26;1;1
ORD_1516;PROD_40;1;2
ORD_1517;PROD_17;9;2
ORD_1517;PROD_45;9;5
ORD_1517;PROD_5;3;3
ORD_1517;PROD_20;8;1
ORD_1517;PROD_27;6;3
ORD_1517;PROD_8;2;4
ORD_1517;PROD_6;6;4
ORD_1517;PROD_5;8;4
ORD_1517;PROD_22;8;3
ORD_1517;PROD_47;1;3
ORD_1518;PROD_7;4;2
ORD_1518;PROD_45;1;3
ORD_1518;PROD_29;6;2
ORD_1518;PROD_11;5;4
ORD_1518;PROD_48;1;5
ORD_1518;PROD_8;3;5
ORD_1518;PROD_25;2;4
ORD_1518;PROD_6;5;2
ORD_1518;PROD_21;2;1
ORD_1518;PROD_23;5;4
ORD_1518;PROD_19;9;2
ORD_1518;PROD_12;8;5
ORD_1519;PROD_40;7;4
ORD_1519;PROD_37;6;5
ORD_1519;PROD_24;5;2
ORD_1519;PROD_23;4;3
ORD_1519;PROD_29;7;2
ORD_1519;PROD_12;5;5
ORD_1519;PROD_47;4;5
ORD_1519;PROD_20;2;1
ORD_1519;PROD_5;5;5
ORD_1519;PROD_34;1;2
ORD_1519;PROD_18;9;1
ORD_1519;PROD_35;2;5
ORD_1519;PROD_36;3;3
ORD_1520;PROD_6;1;3
ORD_1520;PROD_36;3;3
ORD_1520;PROD_44;5;1
ORD_1520;PROD_2;7;3
ORD_1520;PROD_33;1;1
ORD_1521;PROD_31;3;1
ORD_1521;PROD_3;8;3
ORD_1521;PROD_22;6;2
ORD_1521;PROD_46;4;2
ORD_1521;PROD_49;4;5
ORD_1521;PROD_32;4;5
ORD_1521;PROD_38;1;4
ORD_1521;PROD_14;9;3
ORD_1522;PROD_17;7;1
ORD_1522;PROD_45;9;1
ORD_1522;PROD_5;8;3
ORD_1522;PROD_20;6;4
ORD_1522;PROD_46;8;5
ORD_1522;PROD_13;3;1
ORD_1522;PROD_16;5;2
ORD_1522;PROD_49;3;1
ORD_1522;PROD_27;9;1
ORD_1522;PROD_46;5;3
ORD_1522;PROD_9;1;5
ORD_1523;PROD_16;9;4
ORD_1523;PROD_30;5;4
ORD_1523;PROD_30;2;5
ORD_1523;PROD_34;4;4
ORD_1523;PROD_12;4;4
ORD_1524;PROD_2;7;5
ORD_1524;PROD_50;9;1
ORD_1524;PROD_27;9;1
ORD_1524;PROD_47;4;3
ORD_1524;PROD_6;8;4
ORD_1524;PROD_9;5;3
ORD_1524;PROD_38;4;3
ORD_1524;PROD_40;8;3
ORD_1524;PROD_1;4;3
ORD_1524;PROD_50;6;1
ORD_1524;PROD_20;9;3
ORD_1524;PROD_39;6;2
ORD_1524;PROD_37;1;4
ORD_1524;PROD_50;7;1
ORD_1525;PROD_5;1;5
ORD_1525;PROD_48;5;3
ORD_1525;PROD_21;3;2
ORD_1525;PROD_50;7;3
ORD_1525;PROD_17;5;4
ORD_1525;PROD_34;5;2
ORD_1525;PROD_21;8;4
ORD_1525;PROD_18;4;5
ORD_1525;PROD_5;1;4
ORD_1525;PROD_28;9;5
ORD_1525;PROD_38;7;3
ORD_1526;PROD_7;3;2
ORD_1526;PROD_45;7;4
ORD_1526;PROD_29;2;3
ORD_1526;PROD_19;6;2
ORD_1526;PROD_9;9;3
ORD_1526;PROD_13;1;4
ORD_1526;PROD_14;3;2
ORD_1526;PROD_31;2;3
ORD_1526;PROD_6;4;3
ORD_1527;PROD_9;6;4
ORD_1527;PROD_23;5;1
ORD_1527;PROD_34;6;1
ORD_1527;PROD_21;3;3
ORD_1527;PROD_18;2;2
ORD_1527;PROD_46;7;4
ORD_1528;PROD_34;6;1
ORD_1528;PROD_16;1;3
ORD_1528;PROD_19;4;1
ORD_1528;PROD_46;4;3
ORD_1528;PROD_45;4;1
ORD_1528;PROD_14;3;1
ORD_1528;PROD_22;1;2
ORD_1528;PROD_46;5;4
ORD_1528;PROD_5;7;3
ORD_1528;PROD_13;9;2
ORD_1528;PROD_37;3;4
ORD_1529;PROD_34;2;4
ORD_1529;PROD_21;7;5
ORD_1529;PROD_18;9;3
ORD_1529;PROD_9;8;4
ORD_1529;PROD_23;5;4
ORD_1529;PROD_46;8;2
ORD_1529;PROD_13;9;5
ORD_1529;PROD_16;6;3
ORD_1529;PROD_49;4;4
ORD_1529;PROD_27;1;5
ORD_1529;PROD_38;8;3
ORD_1530;PROD_9;6;1
ORD_1530;PROD_41;4;1
ORD_1530;PROD_9;2;5
ORD_1530;PROD_17;5;5
ORD_1530;PROD_20;9;3
ORD_1530;PROD_5;3;5
ORD_1530;PROD_14;1;1
ORD_1531;PROD_31;3;3
ORD_1531;PROD_3;3;2
ORD_1531;PROD_22;8;4
ORD_1531;PROD_46;5;1
ORD_1531;PROD_5;8;1
ORD_1531;PROD_48;9;5
ORD_1531;PROD_21;6;2
ORD_1531;PROD_50;8;1
ORD_1531;PROD_17;5;2
ORD_1531;PROD_40;1;4
ORD_1531;PROD_37;9;1
ORD_1532;PROD_12;8;5
ORD_1532;PROD_30;7;4
ORD_1532;PROD_26;6;1
ORD_1532;PROD_15;4;1
ORD_1532;PROD_28;4;5
ORD_1532;PROD_5;4;4
ORD_1532;PROD_20;3;5
ORD_1532;PROD_23;3;2
ORD_1532;PROD_31;8;1
ORD_1532;PROD_6;9;3
ORD_1532;PROD_41;3;3
ORD_1532;PROD_13;2;2
ORD_1533;PROD_12;1;3
ORD_1533;PROD_2;3;4
ORD_1533;PROD_39;2;2
ORD_1533;PROD_11;1;4
ORD_1533;PROD_46;2;2
ORD_1533;PROD_17;6;4
ORD_1533;PROD_3;9;4
ORD_1533;PROD_31;6;3
ORD_1533;PROD_23;3;3
ORD_1533;PROD_30;4;2
ORD_1533;PROD_6;6;3
ORD_1533;PROD_49;4;2
ORD_1534;PROD_5;5;1
ORD_1534;PROD_24;9;1
ORD_1534;PROD_41;9;4
ORD_1534;PROD_11;4;1
ORD_1534;PROD_49;7;2
ORD_1534;PROD_46;5;3
ORD_1534;PROD_46;7;5
ORD_1534;PROD_3;2;5
ORD_1534;PROD_24;6;1
ORD_1534;PROD_12;3;4
ORD_1534;PROD_18;8;4
ORD_1534;PROD_44;5;2
ORD_1534;PROD_30;4;3
ORD_1534;PROD_26;8;2
ORD_1534;PROD_40;9;1
ORD_1535;PROD_5;4;2
ORD_1535;PROD_48;1;1
ORD_1535;PROD_21;6;3
ORD_1535;PROD_50;3;4
ORD_1535;PROD_17;9;5
ORD_1535;PROD_28;7;2
ORD_1535;PROD_45;9;3
ORD_1535;PROD_20;9;4
ORD_1535;PROD_11;6;5
ORD_1535;PROD_32;9;3
ORD_1535;PROD_18;6;4
ORD_1535;PROD_33;7;1
ORD_1535;PROD_15;9;3
ORD_1535;PROD_31;4;2
ORD_1536;PROD_34;3;5
ORD_1536;PROD_21;5;4
ORD_1536;PROD_18;7;4
ORD_1536;PROD_34;8;3
ORD_1536;PROD_20;3;2
ORD_1537;PROD_31;2;5
ORD_1537;PROD_50;3;2
ORD_1537;PROD_14;6;1
ORD_1537;PROD_10;9;3
ORD_1537;PROD_27;8;3
ORD_1537;PROD_23;9;5
ORD_1537;PROD_26;1;2
ORD_1538;PROD_17;3;1
ORD_1538;PROD_45;5;4
ORD_1538;PROD_5;1;5
ORD_1538;PROD_20;1;3
ORD_1538;PROD_5;2;3
ORD_1538;PROD_48;5;3
ORD_1538;PROD_21;2;4
ORD_1538;PROD_50;1;1
ORD_1538;PROD_17;8;5
ORD_1538;PROD_44;8;1
ORD_1538;PROD_17;9;2
ORD_1538;PROD_4;4;4
ORD_1538;PROD_3;6;5
ORD_1539;PROD_2;2;5
ORD_1539;PROD_50;9;3
ORD_1539;PROD_27;3;3
ORD_1539;PROD_46;5;1
ORD_1539;PROD_13;8;4
ORD_1539;PROD_16;7;4
ORD_1539;PROD_49;7;1
ORD_1539;PROD_27;9;5
ORD_1539;PROD_44;1;2
ORD_1539;PROD_17;8;5
ORD_1540;PROD_2;2;4
ORD_1540;PROD_50;1;1
ORD_1540;PROD_27;2;5
ORD_1540;PROD_34;4;1
ORD_1540;PROD_21;9;3
ORD_1540;PROD_18;1;5
ORD_1540;PROD_36;3;3
ORD_1540;PROD_41;4;4
ORD_1540;PROD_8;9;5
ORD_1540;PROD_24;5;2
ORD_1540;PROD_50;1;4
ORD_1541;PROD_9;2;4
ORD_1541;PROD_23;6;3
ORD_1541;PROD_5;9;2
ORD_1541;PROD_48;3;1
ORD_1541;PROD_21;3;5
ORD_1541;PROD_50;7;5
ORD_1541;PROD_17;1;1
ORD_1542;PROD_35;1;2
ORD_1542;PROD_10;4;2
ORD_1542;PROD_12;9;5
ORD_1542;PROD_49;6;2
ORD_1542;PROD_30;6;4
ORD_1542;PROD_31;6;2
ORD_1542;PROD_39;6;4
ORD_1542;PROD_21;9;5
ORD_1542;PROD_49;1;5
ORD_1542;PROD_31;8;5
ORD_1542;PROD_41;3;5
ORD_1543;PROD_17;2;1
ORD_1543;PROD_45;2;2
ORD_1543;PROD_5;7;3
ORD_1543;PROD_20;9;2
ORD_1543;PROD_43;7;5
ORD_1543;PROD_23;2;3
ORD_1543;PROD_10;9;5
ORD_1543;PROD_12;4;1
ORD_1543;PROD_40;9;3
ORD_1543;PROD_29;5;5
ORD_1543;PROD_39;6;1
ORD_1544;PROD_12;3;2
ORD_1544;PROD_2;7;1
ORD_1544;PROD_39;9;4
ORD_1544;PROD_11;1;3
ORD_1544;PROD_5;5;4
ORD_1544;PROD_48;6;4
ORD_1544;PROD_21;5;3
ORD_1544;PROD_50;3;3
ORD_1544;PROD_17;1;5
ORD_1545;PROD_46;5;2
ORD_1545;PROD_9;8;2
ORD_1545;PROD_28;3;4
ORD_1545;PROD_5;5;3
ORD_1545;PROD_40;4;1
ORD_1545;PROD_37;1;2
ORD_1545;PROD_24;3;5
ORD_1546;PROD_44;9;5
ORD_1546;PROD_17;4;2
ORD_1546;PROD_4;1;3
ORD_1546;PROD_3;7;1
ORD_1546;PROD_25;6;3
ORD_1546;PROD_9;7;4
ORD_1546;PROD_23;8;2
ORD_1546;PROD_20;4;3
ORD_1547;PROD_34;4;3
ORD_1547;PROD_21;9;4
ORD_1547;PROD_18;3;2
ORD_1547;PROD_5;6;2
ORD_1547;PROD_48;6;5
ORD_1547;PROD_21;6;2
ORD_1547;PROD_50;4;4
ORD_1547;PROD_17;3;5
ORD_1547;PROD_9;5;1
ORD_1547;PROD_23;2;4
ORD_1547;PROD_7;9;4
ORD_1548;PROD_9;3;2
ORD_1548;PROD_23;7;5
ORD_1548;PROD_50;5;3
ORD_1548;PROD_42;3;5
ORD_1548;PROD_38;8;5
ORD_1548;PROD_15;4;2
ORD_1548;PROD_33;5;5
ORD_1548;PROD_32;8;4
ORD_1548;PROD_27;4;3
ORD_1548;PROD_18;2;1
ORD_1548;PROD_42;1;5
ORD_1549;PROD_14;1;1
ORD_1549;PROD_20;5;3
ORD_1549;PROD_19;9;4
ORD_1549;PROD_50;2;2
ORD_1549;PROD_9;4;1
ORD_1549;PROD_34;3;3
ORD_1549;PROD_19;5;4
ORD_1549;PROD_50;9;2
ORD_1549;PROD_44;1;4
ORD_1549;PROD_41;5;3
ORD_1549;PROD_19;8;2
ORD_1549;PROD_38;2;1
ORD_1549;PROD_22;9;4
ORD_1549;PROD_21;5;5
ORD_1550;PROD_34;9;3
ORD_1550;PROD_21;1;2
ORD_1550;PROD_18;3;5
ORD_1550;PROD_46;5;3
ORD_1550;PROD_9;9;2
ORD_1550;PROD_28;1;3
ORD_1550;PROD_5;2;5
ORD_1550;PROD_1;7;1
ORD_1550;PROD_7;3;2
ORD_1550;PROD_25;4;2
ORD_1550;PROD_12;1;1
ORD_1550;PROD_26;7;1
ORD_1550;PROD_23;6;3
ORD_1550;PROD_41;9;1
ORD_1551;PROD_14;8;3
ORD_1551;PROD_35;3;2
ORD_1551;PROD_30;6;5
ORD_1551;PROD_25;5;3
ORD_1551;PROD_29;2;2
ORD_1551;PROD_16;2;2
ORD_1551;PROD_31;1;3
ORD_1551;PROD_45;5;2
ORD_1551;PROD_12;6;2
ORD_1551;PROD_9;1;2
ORD_1551;PROD_7;7;3
ORD_1551;PROD_3;3;4
ORD_1552;PROD_40;5;1
ORD_1552;PROD_37;4;4
ORD_1552;PROD_24;6;4
ORD_1552;PROD_23;9;3
ORD_1552;PROD_29;4;4
ORD_1552;PROD_22;3;3
ORD_1552;PROD_8;9;3
ORD_1553;PROD_7;9;3
ORD_1553;PROD_8;2;1
ORD_1553;PROD_37;1;3
ORD_1553;PROD_1;9;5
ORD_1553;PROD_20;2;4
ORD_1553;PROD_42;4;4
ORD_1553;PROD_23;6;1
ORD_1553;PROD_50;2;2
ORD_1553;PROD_19;5;2
ORD_1553;PROD_26;6;3
ORD_1553;PROD_23;8;3
ORD_1553;PROD_34;8;4
ORD_1554;PROD_7;6;1
ORD_1554;PROD_45;2;3
ORD_1554;PROD_29;8;3
ORD_1554;PROD_17;7;4
ORD_1554;PROD_45;9;5
ORD_1554;PROD_5;7;5
ORD_1554;PROD_20;5;1
ORD_1554;PROD_17;9;3
ORD_1554;PROD_45;1;1
ORD_1554;PROD_5;6;2
ORD_1554;PROD_20;1;2
ORD_1554;PROD_33;1;4
ORD_1554;PROD_39;4;3
ORD_1555;PROD_9;4;2
ORD_1555;PROD_23;6;5
ORD_1555;PROD_7;1;3
ORD_1555;PROD_45;7;1
ORD_1555;PROD_29;1;4
ORD_1555;PROD_32;8;5
ORD_1555;PROD_28;8;2
ORD_1555;PROD_22;6;5
ORD_1555;PROD_3;5;5
ORD_1555;PROD_28;2;1
ORD_1555;PROD_8;5;1
ORD_1555;PROD_49;5;2
ORD_1555;PROD_40;9;3
ORD_1556;PROD_31;3;1
ORD_1556;PROD_3;4;4
ORD_1556;PROD_22;8;4
ORD_1556;PROD_46;3;5
ORD_1556;PROD_44;1;1
ORD_1556;PROD_17;4;2
ORD_1556;PROD_4;4;1
ORD_1556;PROD_3;3;1
ORD_1556;PROD_25;9;5
ORD_1556;PROD_43;7;5
ORD_1556;PROD_40;1;5
ORD_1556;PROD_28;8;2
ORD_1556;PROD_8;7;2
ORD_1556;PROD_36;4;5
ORD_1557;PROD_23;7;2
ORD_1557;PROD_35;5;1
ORD_1557;PROD_26;9;2
ORD_1557;PROD_21;1;5
ORD_1557;PROD_29;6;5
ORD_1557;PROD_42;9;1
ORD_1557;PROD_27;2;5
ORD_1557;PROD_2;6;2
ORD_1557;PROD_38;6;5
ORD_1557;PROD_23;8;2
ORD_1557;PROD_39;1;3
ORD_1557;PROD_8;4;2
ORD_1557;PROD_33;9;5
ORD_1558;PROD_43;9;3
ORD_1558;PROD_11;3;3
ORD_1558;PROD_41;1;4
ORD_1558;PROD_14;1;5
ORD_1558;PROD_23;1;1
ORD_1558;PROD_10;7;1
ORD_1558;PROD_36;4;2
ORD_1558;PROD_14;4;5
ORD_1559;PROD_46;1;5
ORD_1559;PROD_13;9;3
ORD_1559;PROD_16;2;2
ORD_1559;PROD_49;6;3
ORD_1559;PROD_27;1;4
ORD_1559;PROD_40;7;1
ORD_1559;PROD_37;2;5
ORD_1559;PROD_24;3;3
ORD_1559;PROD_23;7;2
ORD_1559;PROD_29;9;1
ORD_1559;PROD_39;3;1
ORD_1560;PROD_34;7;2
ORD_1560;PROD_23;9;5
ORD_1560;PROD_10;7;2
ORD_1560;PROD_49;2;1
ORD_1560;PROD_12;5;2
ORD_1560;PROD_47;9;2
ORD_1560;PROD_9;9;4
ORD_1560;PROD_37;3;5
ORD_1561;PROD_46;2;3
ORD_1561;PROD_9;1;5
ORD_1561;PROD_28;8;4
ORD_1561;PROD_5;2;3
ORD_1561;PROD_31;6;5
ORD_1561;PROD_3;7;5
ORD_1561;PROD_22;1;2
ORD_1562;PROD_7;2;4
ORD_1562;PROD_45;8;1
ORD_1562;PROD_29;7;4
ORD_1562;PROD_17;4;4
ORD_1562;PROD_45;5;4
ORD_1562;PROD_5;2;3
ORD_1562;PROD_20;4;2
ORD_1562;PROD_30;4;4
ORD_1562;PROD_6;3;3
ORD_1562;PROD_18;5;5
ORD_1562;PROD_34;1;2
ORD_1562;PROD_8;2;2
ORD_1563;PROD_17;7;5
ORD_1563;PROD_45;9;5
ORD_1563;PROD_5;2;3
ORD_1563;PROD_20;3;5
ORD_1563;PROD_26;5;2
ORD_1564;PROD_31;1;1
ORD_1564;PROD_3;3;1
ORD_1564;PROD_22;9;3
ORD_1564;PROD_46;3;2
ORD_1564;PROD_5;9;4
ORD_1564;PROD_48;4;4
ORD_1564;PROD_21;9;3
ORD_1564;PROD_50;2;5
ORD_1564;PROD_17;4;5
ORD_1564;PROD_37;9;2
ORD_1564;PROD_16;6;2
ORD_1564;PROD_32;2;5
ORD_1564;PROD_9;4;3
ORD_1564;PROD_16;7;4
ORD_1564;PROD_47;6;3
ORD_1565;PROD_46;4;3
ORD_1565;PROD_13;1;5
ORD_1565;PROD_16;6;2
ORD_1565;PROD_49;6;5
ORD_1565;PROD_27;1;2
ORD_1565;PROD_38;2;5
ORD_1565;PROD_21;4;3
ORD_1565;PROD_15;9;5
ORD_1566;PROD_34;6;5
ORD_1566;PROD_21;7;5
ORD_1566;PROD_18;7;5
ORD_1566;PROD_34;9;2
ORD_1566;PROD_21;3;4
ORD_1566;PROD_18;1;5
ORD_1566;PROD_4;6;2
ORD_1566;PROD_48;7;2
ORD_1566;PROD_28;8;3
ORD_1566;PROD_47;1;5
ORD_1566;PROD_14;1;5
ORD_1567;PROD_31;7;4
ORD_1567;PROD_3;9;2
ORD_1567;PROD_22;5;2
ORD_1567;PROD_46;9;1
ORD_1567;PROD_16;2;1
ORD_1567;PROD_29;1;5
ORD_1567;PROD_10;2;2
ORD_1567;PROD_21;3;1
ORD_1567;PROD_17;3;1
ORD_1567;PROD_5;4;4
ORD_1568;PROD_43;4;4
ORD_1568;PROD_38;5;1
ORD_1568;PROD_45;1;1
ORD_1568;PROD_13;3;5
ORD_1568;PROD_18;7;4
ORD_1568;PROD_37;4;1
ORD_1568;PROD_11;3;5
ORD_1568;PROD_36;9;1
ORD_1568;PROD_30;9;4
ORD_1568;PROD_27;4;2
ORD_1568;PROD_46;9;2
ORD_1568;PROD_38;1;4
ORD_1569;PROD_5;5;5
ORD_1569;PROD_48;4;2
ORD_1569;PROD_21;4;3
ORD_1569;PROD_50;4;3
ORD_1569;PROD_17;7;2
ORD_1570;PROD_23;2;5
ORD_1570;PROD_35;7;4
ORD_1570;PROD_9;7;5
ORD_1570;PROD_25;7;3
ORD_1570;PROD_31;1;3
ORD_1570;PROD_43;7;2
ORD_1570;PROD_27;5;3
ORD_1570;PROD_2;1;5
ORD_1570;PROD_22;4;4
ORD_1570;PROD_13;2;5
ORD_1571;PROD_17;1;1
ORD_1571;PROD_45;8;1
ORD_1571;PROD_5;7;3
ORD_1571;PROD_20;6;4
ORD_1571;PROD_31;6;2
ORD_1571;PROD_3;6;1
ORD_1571;PROD_22;2;3
ORD_1571;PROD_46;1;1
ORD_1571;PROD_6;7;1
ORD_1571;PROD_35;5;5
ORD_1572;PROD_37;4;2
ORD_1572;PROD_25;6;2
ORD_1572;PROD_29;7;3
ORD_1572;PROD_50;9;2
ORD_1572;PROD_50;4;5
ORD_1572;PROD_28;6;3
ORD_1572;PROD_31;4;3
ORD_1572;PROD_47;5;3
ORD_1572;PROD_25;7;4
ORD_1572;PROD_35;2;5
ORD_1572;PROD_7;5;2
ORD_1572;PROD_1;7;3
ORD_1572;PROD_36;7;5
ORD_1573;PROD_12;5;2
ORD_1573;PROD_2;7;1
ORD_1573;PROD_39;9;4
ORD_1573;PROD_11;7;5
ORD_1573;PROD_46;1;5
ORD_1573;PROD_9;2;2
ORD_1574;PROD_34;7;1
ORD_1574;PROD_21;1;1
ORD_1574;PROD_18;3;5
ORD_1574;PROD_17;3;3
ORD_1574;PROD_45;5;4
ORD_1574;PROD_5;6;3
ORD_1574;PROD_20;7;1
ORD_1574;PROD_39;6;1
ORD_1574;PROD_17;5;2
ORD_1574;PROD_12;5;5
ORD_1575;PROD_7;4;4
ORD_1575;PROD_45;7;4
ORD_1575;PROD_29;3;5
ORD_1575;PROD_31;1;4
ORD_1575;PROD_3;3;5
ORD_1575;PROD_22;8;1
ORD_1575;PROD_46;2;3
ORD_1575;PROD_46;1;3
ORD_1575;PROD_9;2;2
ORD_1575;PROD_28;3;5
ORD_1575;PROD_5;9;3
ORD_1575;PROD_9;7;5
ORD_1575;PROD_32;9;5
ORD_1575;PROD_27;5;5
ORD_1576;PROD_46;4;4
ORD_1576;PROD_9;9;5
ORD_1576;PROD_28;4;2
ORD_1576;PROD_5;4;5
ORD_1576;PROD_46;6;5
ORD_1576;PROD_13;1;1
ORD_1576;PROD_16;5;3
ORD_1576;PROD_49;1;4
ORD_1576;PROD_27;9;4
ORD_1576;PROD_2;4;3
ORD_1576;PROD_50;7;2
ORD_1576;PROD_27;3;1
ORD_1576;PROD_15;2;3
ORD_1576;PROD_29;4;4
ORD_1576;PROD_14;4;2
ORD_1577;PROD_12;4;4
ORD_1577;PROD_2;7;2
ORD_1577;PROD_39;1;4
ORD_1577;PROD_11;3;1
ORD_1577;PROD_29;8;3
ORD_1578;PROD_40;9;1
ORD_1578;PROD_37;6;3
ORD_1578;PROD_24;7;5
ORD_1578;PROD_23;4;1
ORD_1578;PROD_29;4;1
ORD_1578;PROD_34;5;4
ORD_1578;PROD_21;4;5
ORD_1579;PROD_17;7;5
ORD_1579;PROD_45;5;3
ORD_1579;PROD_5;7;2
ORD_1579;PROD_20;1;3
ORD_1579;PROD_35;2;1
ORD_1579;PROD_15;7;5
ORD_1579;PROD_11;7;1
ORD_1579;PROD_18;6;5
ORD_1579;PROD_11;8;3
ORD_1579;PROD_25;7;1
ORD_1580;PROD_50;2;3
ORD_1580;PROD_21;1;1
ORD_1580;PROD_45;9;4
ORD_1580;PROD_29;8;2
ORD_1580;PROD_31;8;2
ORD_1580;PROD_18;1;5
ORD_1580;PROD_9;1;2
ORD_1580;PROD_38;8;2
ORD_1580;PROD_16;1;5
ORD_1580;PROD_7;2;1
ORD_1580;PROD_3;8;3
ORD_1581;PROD_9;4;2
ORD_1581;PROD_23;4;3
ORD_1581;PROD_46;2;2
ORD_1581;PROD_9;5;1
ORD_1581;PROD_28;6;4
ORD_1581;PROD_5;6;1
ORD_1582;PROD_15;1;4
ORD_1582;PROD_39;8;3
ORD_1582;PROD_27;7;4
ORD_1582;PROD_31;1;5
ORD_1582;PROD_31;3;4
ORD_1582;PROD_30;3;2
ORD_1582;PROD_46;2;5
ORD_1582;PROD_12;9;5
ORD_1582;PROD_48;8;3
ORD_1582;PROD_46;6;3
ORD_1582;PROD_2;3;1
ORD_1582;PROD_29;1;5
ORD_1582;PROD_26;5;5
ORD_1582;PROD_24;3;2
ORD_1583;PROD_44;4;2
ORD_1583;PROD_17;7;1
ORD_1583;PROD_4;6;1
ORD_1583;PROD_3;5;1
ORD_1583;PROD_25;5;3
ORD_1584;PROD_7;8;1
ORD_1584;PROD_24;3;1
ORD_1584;PROD_37;5;3
ORD_1584;PROD_46;5;5
ORD_1584;PROD_10;3;3
ORD_1584;PROD_27;3;1
ORD_1584;PROD_30;9;4
ORD_1584;PROD_41;9;2
ORD_1584;PROD_49;3;2
ORD_1585;PROD_31;4;4
ORD_1585;PROD_3;5;4
ORD_1585;PROD_22;2;3
ORD_1585;PROD_46;4;1
ORD_1585;PROD_31;8;4
ORD_1585;PROD_3;8;3
ORD_1586;PROD_12;7;2
ORD_1586;PROD_2;9;5
ORD_1586;PROD_39;4;4
ORD_1586;PROD_11;2;2
ORD_1586;PROD_33;5;1
ORD_1586;PROD_29;5;2
ORD_1586;PROD_23;9;2
ORD_1586;PROD_11;9;5
ORD_1586;PROD_28;1;3
ORD_1586;PROD_50;2;2
ORD_1586;PROD_30;1;1
ORD_1586;PROD_49;1;4
ORD_1586;PROD_34;5;1
ORD_1586;PROD_10;7;2
ORD_1587;PROD_9;5;1
ORD_1587;PROD_23;7;3
ORD_1587;PROD_20;2;3
ORD_1587;PROD_1;1;4
ORD_1587;PROD_6;9;3
ORD_1587;PROD_47;6;5
ORD_1587;PROD_28;8;2
ORD_1587;PROD_4;1;1
ORD_1588;PROD_46;8;5
ORD_1588;PROD_13;8;3
ORD_1588;PROD_16;8;4
ORD_1588;PROD_49;9;4
ORD_1588;PROD_27;7;5
ORD_1588;PROD_26;1;1
ORD_1589;PROD_31;8;2
ORD_1589;PROD_3;9;1
ORD_1589;PROD_22;6;4
ORD_1589;PROD_46;6;4
ORD_1589;PROD_44;2;4
ORD_1589;PROD_17;1;5
ORD_1589;PROD_4;6;2
ORD_1589;PROD_3;2;4
ORD_1589;PROD_25;5;5
ORD_1589;PROD_44;5;4
ORD_1589;PROD_17;5;1
ORD_1589;PROD_4;5;5
ORD_1590;PROD_44;4;5
ORD_1590;PROD_17;7;2
ORD_1590;PROD_4;6;4
ORD_1590;PROD_3;8;1
ORD_1590;PROD_25;2;5
ORD_1590;PROD_40;7;4
ORD_1590;PROD_37;1;1
ORD_1590;PROD_24;3;5
ORD_1590;PROD_23;4;4
ORD_1590;PROD_29;8;2
ORD_1591;PROD_9;4;3
ORD_1591;PROD_23;2;2
ORD_1591;PROD_2;8;5
ORD_1591;PROD_50;1;5
ORD_1591;PROD_27;4;2
ORD_1591;PROD_5;9;3
ORD_1591;PROD_22;6;4
ORD_1591;PROD_41;2;3
ORD_1591;PROD_2;2;5
ORD_1591;PROD_1;6;2
ORD_1592;PROD_2;7;4
ORD_1592;PROD_50;1;1
ORD_1592;PROD_27;1;3
ORD_1592;PROD_17;2;1
ORD_1592;PROD_45;6;5
ORD_1592;PROD_5;6;1
ORD_1592;PROD_20;4;4
ORD_1592;PROD_4;6;2
ORD_1592;PROD_35;7;5
ORD_1592;PROD_20;9;3
ORD_1592;PROD_13;8;3
ORD_1592;PROD_3;8;2
ORD_1592;PROD_15;9;4
ORD_1592;PROD_30;9;5
ORD_1592;PROD_37;3;3
ORD_1593;PROD_40;4;3
ORD_1593;PROD_37;9;1
ORD_1593;PROD_24;5;2
ORD_1593;PROD_23;1;5
ORD_1593;PROD_29;5;4
ORD_1593;PROD_17;1;2
ORD_1593;PROD_45;5;1
ORD_1593;PROD_5;4;1
ORD_1593;PROD_20;7;3
ORD_1593;PROD_9;4;1
ORD_1594;PROD_17;8;1
ORD_1594;PROD_45;7;3
ORD_1594;PROD_5;5;4
ORD_1594;PROD_20;1;1
ORD_1594;PROD_9;4;5
ORD_1594;PROD_23;2;2
ORD_1594;PROD_16;1;3
ORD_1594;PROD_7;6;3
ORD_1594;PROD_21;9;4
ORD_1594;PROD_43;6;3
ORD_1594;PROD_42;5;2
ORD_1595;PROD_40;4;5
ORD_1595;PROD_37;7;1
ORD_1595;PROD_24;6;2
ORD_1595;PROD_23;9;3
ORD_1595;PROD_29;3;2
ORD_1595;PROD_31;1;3
ORD_1595;PROD_3;4;5
ORD_1595;PROD_22;5;2
ORD_1595;PROD_46;5;3
ORD_1595;PROD_47;5;1
ORD_1595;PROD_48;9;5
ORD_1595;PROD_7;7;1
ORD_1596;PROD_46;9;5
ORD_1596;PROD_13;9;1
ORD_1596;PROD_16;8;1
ORD_1596;PROD_49;7;4
ORD_1596;PROD_27;1;5
ORD_1596;PROD_46;6;2
ORD_1596;PROD_9;5;2
ORD_1596;PROD_28;4;3
ORD_1596;PROD_5;2;2
ORD_1596;PROD_7;8;5
ORD_1596;PROD_45;8;3
ORD_1596;PROD_29;2;4
ORD_1596;PROD_25;2;4
ORD_1597;PROD_34;9;4
ORD_1597;PROD_21;1;5
ORD_1597;PROD_18;1;4
ORD_1597;PROD_43;5;4
ORD_1597;PROD_41;9;4
ORD_1597;PROD_11;1;2
ORD_1597;PROD_29;5;1
ORD_1598;PROD_36;2;3
ORD_1598;PROD_14;9;4
ORD_1598;PROD_23;8;5
ORD_1598;PROD_35;5;5
ORD_1598;PROD_36;3;1
ORD_1598;PROD_18;8;5
ORD_1599;PROD_17;8;2
ORD_1599;PROD_45;6;4
ORD_1599;PROD_5;6;2
ORD_1599;PROD_20;2;3
ORD_1599;PROD_12;1;4
ORD_1599;PROD_2;6;4
ORD_1599;PROD_39;7;5
ORD_1599;PROD_11;7;1
ORD_1599;PROD_21;8;4
ORD_1599;PROD_48;9;5
ORD_1599;PROD_6;3;5
ORD_1599;PROD_50;5;3
ORD_1599;PROD_23;6;4
ORD_1600;PROD_44;1;5
ORD_1600;PROD_17;3;4
ORD_1600;PROD_4;6;1
ORD_1600;PROD_3;3;5
ORD_1600;PROD_25;2;5
ORD_1600;PROD_7;4;4
ORD_1601;PROD_34;7;2
ORD_1601;PROD_21;4;3
ORD_1601;PROD_18;2;2
ORD_1601;PROD_2;1;3
ORD_1601;PROD_50;6;4
ORD_1601;PROD_27;1;5
ORD_1601;PROD_24;8;1
ORD_1601;PROD_30;6;5
ORD_1601;PROD_16;4;1
ORD_1601;PROD_24;7;2
ORD_1601;PROD_48;2;3
ORD_1601;PROD_30;5;1
ORD_1602;PROD_30;6;1
ORD_1602;PROD_22;1;5
ORD_1602;PROD_40;8;3
ORD_1602;PROD_46;4;3
ORD_1602;PROD_44;6;2
ORD_1602;PROD_23;3;4
ORD_1602;PROD_16;5;4
ORD_1602;PROD_2;3;5
ORD_1602;PROD_9;6;4
ORD_1602;PROD_40;6;3
ORD_1602;PROD_10;5;5
ORD_1602;PROD_47;3;1
ORD_1603;PROD_34;7;5
ORD_1603;PROD_21;1;2
ORD_1603;PROD_18;1;2
ORD_1603;PROD_2;4;2
ORD_1603;PROD_50;6;4
ORD_1603;PROD_27;7;2
ORD_1603;PROD_34;2;2
ORD_1603;PROD_21;3;3
ORD_1603;PROD_18;2;5
ORD_1603;PROD_15;8;3
ORD_1603;PROD_8;2;5
ORD_1603;PROD_4;4;5
ORD_1603;PROD_49;3;5
ORD_1604;PROD_46;2;1
ORD_1604;PROD_13;3;5
ORD_1604;PROD_16;5;2
ORD_1604;PROD_49;8;3
ORD_1604;PROD_27;8;4
ORD_1604;PROD_9;8;5
ORD_1604;PROD_23;2;3
ORD_1604;PROD_9;9;3
ORD_1604;PROD_23;8;4
ORD_1604;PROD_43;9;4
ORD_1604;PROD_2;4;1
ORD_1605;PROD_29;6;5
ORD_1605;PROD_31;7;3
ORD_1605;PROD_37;1;5
ORD_1605;PROD_18;1;4
ORD_1605;PROD_11;4;2
ORD_1605;PROD_7;9;4
ORD_1605;PROD_9;4;2
ORD_1605;PROD_15;8;3
ORD_1605;PROD_17;6;5
ORD_1605;PROD_24;2;4
ORD_1605;PROD_10;4;2
ORD_1605;PROD_11;5;1
ORD_1606;PROD_17;7;4
ORD_1606;PROD_45;9;1
ORD_1606;PROD_5;7;3
ORD_1606;PROD_20;1;5
ORD_1606;PROD_7;7;5
ORD_1606;PROD_14;2;1
ORD_1607;PROD_31;4;5
ORD_1607;PROD_3;5;4
ORD_1607;PROD_22;6;5
ORD_1607;PROD_46;9;4
ORD_1607;PROD_7;4;5
ORD_1607;PROD_8;4;4
ORD_1607;PROD_10;9;1
ORD_1607;PROD_15;5;3
ORD_1607;PROD_36;6;1
ORD_1607;PROD_45;9;5
ORD_1607;PROD_28;7;3
ORD_1607;PROD_31;4;3
ORD_1607;PROD_21;5;2
ORD_1607;PROD_18;7;3
ORD_1608;PROD_33;2;1
ORD_1608;PROD_33;5;5
ORD_1608;PROD_25;2;4
ORD_1608;PROD_20;9;5
ORD_1608;PROD_33;3;5
ORD_1608;PROD_37;4;1
ORD_1608;PROD_3;5;3
ORD_1608;PROD_22;9;1
ORD_1608;PROD_23;4;2
ORD_1609;PROD_2;1;3
ORD_1609;PROD_50;6;2
ORD_1609;PROD_27;4;5
ORD_1609;PROD_17;4;3
ORD_1609;PROD_45;9;5
ORD_1609;PROD_5;6;4
ORD_1609;PROD_20;7;1
ORD_1609;PROD_11;7;5
ORD_1609;PROD_10;6;3
ORD_1609;PROD_35;5;4
ORD_1609;PROD_28;9;3
ORD_1609;PROD_20;2;3
ORD_1609;PROD_19;3;3
ORD_1609;PROD_48;2;2
ORD_1609;PROD_7;1;2
ORD_1610;PROD_40;8;1
ORD_1610;PROD_37;9;1
ORD_1610;PROD_24;4;5
ORD_1610;PROD_23;3;1
ORD_1610;PROD_29;7;1
ORD_1610;PROD_39;9;2
ORD_1611;PROD_5;5;4
ORD_1611;PROD_48;5;3
ORD_1611;PROD_21;2;2
ORD_1611;PROD_50;3;3
ORD_1611;PROD_17;3;2
ORD_1611;PROD_44;6;5
ORD_1612;PROD_34;4;4
ORD_1612;PROD_19;1;1
ORD_1612;PROD_30;6;4
ORD_1612;PROD_24;5;3
ORD_1612;PROD_28;8;3
ORD_1612;PROD_37;4;4
ORD_1612;PROD_4;2;1
ORD_1612;PROD_28;7;2
ORD_1612;PROD_36;3;5
ORD_1612;PROD_47;2;2
ORD_1613;PROD_17;3;5
ORD_1613;PROD_45;1;4
ORD_1613;PROD_5;2;3
ORD_1613;PROD_20;1;3
ORD_1613;PROD_9;2;3
ORD_1613;PROD_23;4;4
ORD_1613;PROD_44;2;3
ORD_1613;PROD_17;2;3
ORD_1614;PROD_17;9;2
ORD_1614;PROD_45;8;4
ORD_1614;PROD_5;2;3
ORD_1614;PROD_20;9;5
ORD_1614;PROD_40;5;1
ORD_1614;PROD_37;9;4
ORD_1615;PROD_31;3;5
ORD_1615;PROD_3;4;5
ORD_1615;PROD_22;9;2
ORD_1615;PROD_46;8;3
ORD_1615;PROD_12;7;3
ORD_1615;PROD_2;2;1
ORD_1615;PROD_39;8;1
ORD_1615;PROD_11;3;5
ORD_1615;PROD_17;8;2
ORD_1615;PROD_45;9;1
ORD_1615;PROD_5;1;4
ORD_1615;PROD_20;5;4
ORD_1615;PROD_29;3;4
ORD_1616;PROD_40;2;4
ORD_1616;PROD_37;1;3
ORD_1616;PROD_24;4;5
ORD_1616;PROD_23;1;1
ORD_1616;PROD_29;3;5
ORD_1616;PROD_46;2;1
ORD_1616;PROD_9;2;2
ORD_1617;PROD_7;3;3
ORD_1617;PROD_45;2;3
ORD_1617;PROD_29;6;3
ORD_1617;PROD_46;5;4
ORD_1617;PROD_9;7;5
ORD_1618;PROD_44;7;2
ORD_1618;PROD_17;3;3
ORD_1618;PROD_4;3;4
ORD_1618;PROD_3;4;5
ORD_1618;PROD_25;6;5
ORD_1618;PROD_16;5;4
ORD_1618;PROD_2;6;1
ORD_1618;PROD_21;5;2
ORD_1619;PROD_9;2;3
ORD_1619;PROD_23;6;3
ORD_1619;PROD_40;1;3
ORD_1619;PROD_37;6;5
ORD_1619;PROD_24;5;1
ORD_1620;PROD_12;7;5
ORD_1620;PROD_49;5;2
ORD_1620;PROD_44;3;1
ORD_1620;PROD_9;1;1
ORD_1620;PROD_49;5;1
ORD_1620;PROD_29;9;3
ORD_1620;PROD_34;5;4
ORD_1620;PROD_11;7;4
ORD_1620;PROD_18;6;5
ORD_1620;PROD_19;6;4
ORD_1620;PROD_19;8;3
ORD_1620;PROD_2;5;4
ORD_1620;PROD_32;8;3
ORD_1620;PROD_28;5;2
ORD_1620;PROD_43;7;4
ORD_1621;PROD_40;6;4
ORD_1621;PROD_37;6;5
ORD_1621;PROD_24;7;2
ORD_1621;PROD_23;9;5
ORD_1621;PROD_29;1;1
ORD_1621;PROD_40;6;4
ORD_1622;PROD_40;3;5
ORD_1622;PROD_37;1;3
ORD_1622;PROD_24;2;2
ORD_1622;PROD_23;8;1
ORD_1622;PROD_29;7;5
ORD_1622;PROD_5;6;5
ORD_1622;PROD_48;7;4
ORD_1622;PROD_21;2;2
ORD_1623;PROD_25;9;5
ORD_1623;PROD_2;1;5
ORD_1623;PROD_33;2;5
ORD_1623;PROD_8;8;4
ORD_1623;PROD_42;8;4
ORD_1623;PROD_40;3;2
ORD_1623;PROD_13;9;3
ORD_1623;PROD_16;2;3
ORD_1623;PROD_41;7;1
ORD_1623;PROD_46;6;5
ORD_1623;PROD_19;3;3
ORD_1623;PROD_5;4;3
ORD_1623;PROD_36;7;5
ORD_1623;PROD_26;3;1
ORD_1623;PROD_33;3;1
ORD_1624;PROD_34;2;4
ORD_1624;PROD_21;9;3
ORD_1624;PROD_18;5;2
ORD_1624;PROD_34;9;2
ORD_1624;PROD_21;6;4
ORD_1624;PROD_18;3;4
ORD_1624;PROD_50;5;5
ORD_1624;PROD_24;2;1
ORD_1624;PROD_45;7;5
ORD_1624;PROD_33;2;5
ORD_1624;PROD_12;9;1
ORD_1624;PROD_12;8;4
ORD_1624;PROD_21;3;2
ORD_1625;PROD_46;4;1
ORD_1625;PROD_9;3;4
ORD_1625;PROD_28;1;1
ORD_1625;PROD_5;5;4
ORD_1625;PROD_17;1;4
ORD_1625;PROD_45;7;5
ORD_1625;PROD_5;8;3
ORD_1625;PROD_20;8;2
ORD_1625;PROD_25;4;1
ORD_1625;PROD_45;5;1
ORD_1625;PROD_32;2;5
ORD_1625;PROD_5;9;1
ORD_1625;PROD_16;3;4
ORD_1625;PROD_19;5;5
ORD_1625;PROD_19;3;3
ORD_1626;PROD_46;8;4
ORD_1626;PROD_9;1;2
ORD_1626;PROD_28;8;5
ORD_1626;PROD_5;9;1
ORD_1626;PROD_2;4;3
ORD_1626;PROD_50;8;1
ORD_1626;PROD_27;5;5
ORD_1626;PROD_12;1;5
ORD_1627;PROD_11;8;5
ORD_1627;PROD_31;1;2
ORD_1627;PROD_21;4;5
ORD_1627;PROD_48;6;3
ORD_1627;PROD_22;9;2
ORD_1628;PROD_2;3;1
ORD_1628;PROD_50;9;4
ORD_1628;PROD_27;7;3
ORD_1628;PROD_31;3;4
ORD_1628;PROD_3;5;2
ORD_1628;PROD_22;1;2
ORD_1629;PROD_50;5;2
ORD_1629;PROD_29;6;4
ORD_1629;PROD_41;5;3
ORD_1629;PROD_14;5;5
ORD_1629;PROD_42;5;1
ORD_1629;PROD_36;7;1
ORD_1629;PROD_11;9;2
ORD_1629;PROD_38;1;1
ORD_1629;PROD_23;2;5
ORD_1630;PROD_40;8;1
ORD_1630;PROD_47;9;3
ORD_1630;PROD_36;7;2
ORD_1630;PROD_43;7;4
ORD_1630;PROD_44;1;1
ORD_1630;PROD_23;9;4
ORD_1630;PROD_32;4;3
ORD_1630;PROD_50;9;5
ORD_1630;PROD_15;4;5
ORD_1630;PROD_12;1;2
ORD_1631;PROD_19;1;3
ORD_1631;PROD_4;1;1
ORD_1631;PROD_12;4;2
ORD_1631;PROD_9;4;4
ORD_1631;PROD_3;4;5
ORD_1631;PROD_17;5;4
ORD_1631;PROD_3;6;3
ORD_1631;PROD_2;5;3
ORD_1631;PROD_11;4;3
ORD_1631;PROD_23;7;5
ORD_1632;PROD_5;3;1
ORD_1632;PROD_48;4;3
ORD_1632;PROD_21;3;1
ORD_1632;PROD_50;6;1
ORD_1632;PROD_17;3;2
ORD_1632;PROD_46;7;4
ORD_1632;PROD_9;9;4
ORD_1632;PROD_28;8;2
ORD_1632;PROD_5;2;1
ORD_1632;PROD_9;3;2
ORD_1632;PROD_23;3;2
ORD_1632;PROD_4;9;3
ORD_1632;PROD_35;4;5
ORD_1632;PROD_30;9;5
ORD_1632;PROD_11;6;4
ORD_1633;PROD_41;1;4
ORD_1633;PROD_37;8;3
ORD_1633;PROD_16;5;4
ORD_1633;PROD_4;2;1
ORD_1633;PROD_36;2;2
ORD_1633;PROD_41;1;3
ORD_1633;PROD_35;3;4
ORD_1633;PROD_45;1;4
ORD_1634;PROD_31;4;1
ORD_1634;PROD_3;6;4
ORD_1634;PROD_22;4;3
ORD_1634;PROD_46;3;1
ORD_1634;PROD_44;6;5
ORD_1634;PROD_17;8;4
ORD_1634;PROD_4;4;1
ORD_1634;PROD_3;1;3
ORD_1634;PROD_25;3;5
ORD_1634;PROD_3;5;3
ORD_1635;PROD_5;1;2
ORD_1635;PROD_48;4;1
ORD_1635;PROD_21;9;3
ORD_1635;PROD_50;5;2
ORD_1635;PROD_17;2;5
ORD_1635;PROD_40;8;1
ORD_1635;PROD_37;9;2
ORD_1635;PROD_24;6;2
ORD_1635;PROD_23;4;4
ORD_1635;PROD_29;7;2
ORD_1635;PROD_7;4;1
ORD_1635;PROD_45;4;2
ORD_1636;PROD_24;8;5
ORD_1636;PROD_48;6;3
ORD_1636;PROD_46;6;4
ORD_1636;PROD_16;8;5
ORD_1636;PROD_21;9;3
ORD_1636;PROD_15;4;3
ORD_1636;PROD_2;6;5
ORD_1636;PROD_4;6;5
ORD_1636;PROD_41;4;4
ORD_1636;PROD_43;8;2
ORD_1636;PROD_1;2;1
ORD_1636;PROD_2;2;3
ORD_1637;PROD_36;1;2
ORD_1637;PROD_30;8;4
ORD_1637;PROD_38;4;4
ORD_1637;PROD_46;9;5
ORD_1637;PROD_44;2;5
ORD_1637;PROD_31;1;1
ORD_1637;PROD_13;3;1
ORD_1637;PROD_32;6;3
ORD_1638;PROD_7;1;2
ORD_1638;PROD_45;8;3
ORD_1638;PROD_29;4;2
ORD_1638;PROD_44;5;4
ORD_1638;PROD_17;7;1
ORD_1638;PROD_4;2;1
ORD_1638;PROD_3;6;5
ORD_1638;PROD_25;7;4
ORD_1638;PROD_11;8;1
ORD_1638;PROD_13;6;5
ORD_1638;PROD_37;4;5
ORD_1638;PROD_30;9;1
ORD_1638;PROD_8;6;1
ORD_1638;PROD_5;6;5
ORD_1638;PROD_1;3;1
ORD_1639;PROD_42;1;5
ORD_1639;PROD_43;4;4
ORD_1639;PROD_20;9;3
ORD_1639;PROD_10;5;1
ORD_1639;PROD_2;8;1
ORD_1639;PROD_8;6;1
ORD_1639;PROD_38;7;2
ORD_1639;PROD_25;5;3
ORD_1639;PROD_37;7;1
ORD_1639;PROD_1;4;1
ORD_1639;PROD_25;4;5
ORD_1640;PROD_17;2;4
ORD_1640;PROD_45;2;2
ORD_1640;PROD_5;3;5
ORD_1640;PROD_20;8;4
ORD_1640;PROD_2;7;3
ORD_1640;PROD_15;5;4
ORD_1640;PROD_15;4;1
ORD_1640;PROD_8;5;3
ORD_1640;PROD_19;5;2
ORD_1640;PROD_5;1;2
ORD_1640;PROD_17;8;2
ORD_1640;PROD_36;1;3
ORD_1640;PROD_38;4;4
ORD_1640;PROD_12;3;1
ORD_1641;PROD_9;4;1
ORD_1641;PROD_24;3;2
ORD_1641;PROD_29;2;2
ORD_1641;PROD_30;9;2
ORD_1641;PROD_17;5;4
ORD_1641;PROD_33;7;4
ORD_1641;PROD_41;5;4
ORD_1641;PROD_5;2;2
ORD_1642;PROD_12;3;2
ORD_1642;PROD_2;2;5
ORD_1642;PROD_39;7;5
ORD_1642;PROD_11;8;4
ORD_1642;PROD_46;5;2
ORD_1642;PROD_9;5;2
ORD_1642;PROD_28;2;1
ORD_1643;PROD_13;6;3
ORD_1643;PROD_20;3;4
ORD_1643;PROD_31;4;5
ORD_1643;PROD_19;4;1
ORD_1643;PROD_39;4;1
ORD_1643;PROD_2;7;4
ORD_1643;PROD_13;3;4
ORD_1643;PROD_34;9;2
ORD_1643;PROD_5;6;2
ORD_1643;PROD_4;5;3
ORD_1644;PROD_23;8;3
ORD_1644;PROD_12;6;1
ORD_1644;PROD_3;9;1
ORD_1644;PROD_2;2;4
ORD_1644;PROD_19;6;3
ORD_1644;PROD_25;4;2
ORD_1644;PROD_20;1;1
ORD_1644;PROD_32;3;3
ORD_1644;PROD_17;8;3
ORD_1644;PROD_28;4;3
ORD_1644;PROD_30;3;2
ORD_1644;PROD_26;1;2
ORD_1644;PROD_31;9;1
ORD_1644;PROD_2;8;3
ORD_1645;PROD_31;9;5
ORD_1645;PROD_3;7;5
ORD_1645;PROD_22;4;4
ORD_1645;PROD_46;4;5
ORD_1645;PROD_46;8;2
ORD_1645;PROD_35;2;2
ORD_1645;PROD_29;2;1
ORD_1645;PROD_35;2;2
ORD_1645;PROD_38;9;1
ORD_1646;PROD_44;5;1
ORD_1646;PROD_17;5;4
ORD_1646;PROD_4;4;1
ORD_1646;PROD_3;7;4
ORD_1646;PROD_25;9;1
ORD_1646;PROD_37;8;2
ORD_1646;PROD_3;5;5
ORD_1646;PROD_29;5;3
ORD_1646;PROD_16;2;3
ORD_1646;PROD_5;3;5
ORD_1646;PROD_17;4;5
ORD_1646;PROD_14;6;1
ORD_1647;PROD_3;8;4
ORD_1647;PROD_42;5;3
ORD_1647;PROD_21;5;4
ORD_1647;PROD_47;7;4
ORD_1647;PROD_32;1;5
ORD_1647;PROD_48;3;3
ORD_1647;PROD_47;9;4
ORD_1647;PROD_5;4;4
ORD_1647;PROD_16;2;5
ORD_1647;PROD_20;4;1
ORD_1648;PROD_2;5;3
ORD_1648;PROD_50;4;1
ORD_1648;PROD_27;4;1
ORD_1648;PROD_46;9;2
ORD_1648;PROD_13;2;1
ORD_1648;PROD_16;9;2
ORD_1648;PROD_49;5;2
ORD_1648;PROD_27;8;4
ORD_1648;PROD_34;7;4
ORD_1648;PROD_21;6;5
ORD_1648;PROD_18;2;1
ORD_1648;PROD_25;9;4
ORD_1648;PROD_30;3;1
ORD_1648;PROD_16;6;4
ORD_1649;PROD_5;8;5
ORD_1649;PROD_48;3;5
ORD_1649;PROD_21;8;5
ORD_1649;PROD_50;2;1
ORD_1649;PROD_17;6;3
ORD_1649;PROD_42;1;2
ORD_1649;PROD_29;2;5
ORD_1649;PROD_23;8;1
ORD_1649;PROD_24;9;3
ORD_1649;PROD_12;1;2
ORD_1649;PROD_12;9;1
ORD_1649;PROD_44;2;5
ORD_1650;PROD_12;5;1
ORD_1650;PROD_2;7;5
ORD_1650;PROD_39;8;4
ORD_1650;PROD_11;8;2
ORD_1650;PROD_34;6;4
ORD_1650;PROD_21;4;3
ORD_1650;PROD_18;7;3
ORD_1650;PROD_44;5;4
ORD_1650;PROD_17;9;1
ORD_1651;PROD_46;1;5
ORD_1651;PROD_9;9;5
ORD_1651;PROD_28;1;3
ORD_1651;PROD_5;9;4
ORD_1651;PROD_5;7;5
ORD_1651;PROD_21;8;3
ORD_1651;PROD_43;9;5
ORD_1651;PROD_23;8;2
ORD_1651;PROD_13;9;5
ORD_1651;PROD_19;6;3
ORD_1651;PROD_24;4;5
ORD_1651;PROD_40;1;2
ORD_1651;PROD_25;4;4
ORD_1652;PROD_17;4;4
ORD_1652;PROD_45;2;2
ORD_1652;PROD_5;7;5
ORD_1652;PROD_20;2;5
ORD_1652;PROD_17;2;2
ORD_1652;PROD_18;5;4
ORD_1652;PROD_11;3;4
ORD_1652;PROD_46;5;5
ORD_1652;PROD_22;8;2
ORD_1652;PROD_8;7;4
ORD_1652;PROD_15;4;2
ORD_1653;PROD_40;8;1
ORD_1653;PROD_37;3;1
ORD_1653;PROD_24;3;2
ORD_1653;PROD_23;8;2
ORD_1653;PROD_29;5;5
ORD_1653;PROD_50;5;4
ORD_1653;PROD_13;3;4
ORD_1653;PROD_31;9;2
ORD_1653;PROD_15;2;2
ORD_1653;PROD_49;6;4
ORD_1653;PROD_4;1;2
ORD_1653;PROD_43;7;3
ORD_1653;PROD_40;6;4
ORD_1653;PROD_32;1;1
ORD_1654;PROD_17;9;5
ORD_1654;PROD_45;4;3
ORD_1654;PROD_5;4;3
ORD_1654;PROD_20;8;3
ORD_1654;PROD_17;3;2
ORD_1654;PROD_45;1;4
ORD_1654;PROD_5;4;4
ORD_1655;PROD_12;5;4
ORD_1655;PROD_2;7;2
ORD_1655;PROD_39;2;2
ORD_1655;PROD_11;1;5
ORD_1655;PROD_15;6;2
ORD_1655;PROD_5;9;5
ORD_1655;PROD_40;3;1
ORD_1656;PROD_17;6;2
ORD_1656;PROD_45;4;3
ORD_1656;PROD_5;2;5
ORD_1656;PROD_20;6;4
ORD_1656;PROD_4;3;4
ORD_1656;PROD_35;3;4
ORD_1656;PROD_30;5;1
ORD_1656;PROD_15;1;3
ORD_1656;PROD_17;3;5
ORD_1656;PROD_14;1;1
ORD_1656;PROD_27;6;4
ORD_1657;PROD_17;5;5
ORD_1657;PROD_45;8;2
ORD_1657;PROD_5;3;2
ORD_1657;PROD_20;6;4
ORD_1657;PROD_12;1;2
ORD_1657;PROD_2;9;4
ORD_1657;PROD_39;2;2
ORD_1657;PROD_11;2;5
ORD_1657;PROD_17;5;4
ORD_1657;PROD_45;5;2
ORD_1657;PROD_5;8;2
ORD_1658;PROD_26;7;1
ORD_1658;PROD_8;6;5
ORD_1658;PROD_33;9;4
ORD_1658;PROD_35;7;5
ORD_1658;PROD_11;9;5
ORD_1658;PROD_22;6;3
ORD_1658;PROD_32;6;4
ORD_1658;PROD_12;8;5
ORD_1659;PROD_49;1;1
ORD_1659;PROD_7;7;5
ORD_1659;PROD_36;1;1
ORD_1659;PROD_27;9;1
ORD_1659;PROD_43;2;5
ORD_1659;PROD_41;5;4
ORD_1659;PROD_14;5;2
ORD_1660;PROD_24;2;3
ORD_1660;PROD_32;8;1
ORD_1660;PROD_28;3;5
ORD_1660;PROD_25;9;5
ORD_1660;PROD_49;4;2
ORD_1660;PROD_27;3;5
ORD_1660;PROD_50;1;4
ORD_1660;PROD_30;3;1
ORD_1660;PROD_13;9;3
ORD_1660;PROD_24;9;4
ORD_1660;PROD_30;1;4
ORD_1660;PROD_8;4;2
ORD_1660;PROD_34;8;5
ORD_1661;PROD_31;2;1
ORD_1661;PROD_3;5;5
ORD_1661;PROD_22;7;1
ORD_1661;PROD_46;7;5
ORD_1661;PROD_7;6;2
ORD_1662;PROD_44;1;2
ORD_1662;PROD_17;1;2
ORD_1662;PROD_4;6;2
ORD_1662;PROD_3;3;2
ORD_1662;PROD_25;5;1
ORD_1663;PROD_31;2;2
ORD_1663;PROD_3;9;5
ORD_1663;PROD_22;2;3
ORD_1663;PROD_46;2;2
ORD_1663;PROD_21;6;5
ORD_1663;PROD_34;3;1
ORD_1663;PROD_28;2;3
ORD_1663;PROD_10;8;1
ORD_1663;PROD_29;2;1
ORD_1663;PROD_41;8;2
ORD_1663;PROD_46;5;2
ORD_1664;PROD_46;8;1
ORD_1664;PROD_13;3;1
ORD_1664;PROD_16;4;2
ORD_1664;PROD_49;4;4
ORD_1664;PROD_27;2;4
ORD_1664;PROD_12;4;2
ORD_1665;PROD_40;3;5
ORD_1665;PROD_37;9;4
ORD_1665;PROD_24;5;4
ORD_1665;PROD_23;8;2
ORD_1665;PROD_29;7;3
ORD_1665;PROD_9;5;5
ORD_1665;PROD_45;4;3
ORD_1665;PROD_20;9;3
ORD_1665;PROD_4;5;3
ORD_1665;PROD_2;1;3
ORD_1665;PROD_22;9;3
ORD_1665;PROD_11;7;1
ORD_1665;PROD_4;4;2
ORD_1666;PROD_28;4;5
ORD_1666;PROD_5;5;1
ORD_1666;PROD_21;9;1
ORD_1666;PROD_7;5;1
ORD_1666;PROD_7;4;3
ORD_1666;PROD_3;2;2
ORD_1666;PROD_14;4;5
ORD_1666;PROD_35;5;2
ORD_1666;PROD_31;3;2
ORD_1666;PROD_21;8;1
ORD_1666;PROD_5;6;3
ORD_1666;PROD_20;9;2
ORD_1666;PROD_4;3;1
ORD_1666;PROD_10;8;1
ORD_1666;PROD_13;4;1
ORD_1667;PROD_31;1;1
ORD_1667;PROD_3;2;3
ORD_1667;PROD_22;3;5
ORD_1667;PROD_46;7;3
ORD_1667;PROD_5;5;4
ORD_1667;PROD_48;9;1
ORD_1667;PROD_21;4;4
ORD_1667;PROD_50;2;5
ORD_1667;PROD_17;3;2
ORD_1668;PROD_46;4;2
ORD_1668;PROD_13;1;3
ORD_1668;PROD_16;7;4
ORD_1668;PROD_49;5;5
ORD_1668;PROD_27;9;3
ORD_1668;PROD_12;6;4
ORD_1668;PROD_2;5;5
ORD_1669;PROD_25;2;2
ORD_1669;PROD_31;6;5
ORD_1669;PROD_41;2;2
ORD_1669;PROD_28;9;4
ORD_1669;PROD_5;3;4
ORD_1670;PROD_7;3;4
ORD_1670;PROD_45;4;3
ORD_1670;PROD_29;2;3
ORD_1670;PROD_12;2;4
ORD_1670;PROD_2;6;3
ORD_1670;PROD_39;8;5
ORD_1670;PROD_11;4;5
ORD_1670;PROD_12;7;1
ORD_1670;PROD_25;2;5
ORD_1671;PROD_45;3;3
ORD_1671;PROD_18;8;5
ORD_1671;PROD_7;5;3
ORD_1671;PROD_30;4;1
ORD_1671;PROD_44;7;3
ORD_1671;PROD_44;6;5
ORD_1671;PROD_44;7;5
ORD_1671;PROD_24;3;1
ORD_1671;PROD_1;5;3
ORD_1671;PROD_46;7;5
ORD_1671;PROD_36;1;4
ORD_1671;PROD_25;5;5
ORD_1671;PROD_12;8;5
ORD_1672;PROD_12;1;4
ORD_1672;PROD_2;3;4
ORD_1672;PROD_39;7;3
ORD_1672;PROD_11;6;1
ORD_1672;PROD_44;8;5
ORD_1672;PROD_17;8;4
ORD_1672;PROD_4;2;1
ORD_1672;PROD_3;5;1
ORD_1672;PROD_25;4;5
ORD_1672;PROD_7;9;3
ORD_1672;PROD_45;3;1
ORD_1672;PROD_29;2;3
ORD_1672;PROD_43;6;5
ORD_1673;PROD_46;4;2
ORD_1673;PROD_9;2;3
ORD_1673;PROD_28;4;2
ORD_1673;PROD_5;2;5
ORD_1673;PROD_40;2;4
ORD_1673;PROD_37;9;4
ORD_1673;PROD_24;7;2
ORD_1673;PROD_23;2;3
ORD_1673;PROD_29;4;4
ORD_1673;PROD_41;3;5
ORD_1674;PROD_9;7;4
ORD_1674;PROD_23;4;5
ORD_1674;PROD_34;5;5
ORD_1674;PROD_21;6;1
ORD_1674;PROD_18;2;2
ORD_1674;PROD_48;6;5
ORD_1674;PROD_14;2;4
ORD_1674;PROD_16;5;3
ORD_1674;PROD_21;6;3
ORD_1674;PROD_11;6;2
ORD_1674;PROD_28;8;4
ORD_1674;PROD_4;4;3
ORD_1675;PROD_17;3;4
ORD_1675;PROD_19;8;2
ORD_1675;PROD_11;9;1
ORD_1675;PROD_32;7;5
ORD_1675;PROD_14;7;5
ORD_1675;PROD_44;9;2
ORD_1675;PROD_5;9;2
ORD_1675;PROD_45;3;3
ORD_1675;PROD_5;9;3
ORD_1675;PROD_31;6;5
ORD_1675;PROD_11;5;5
ORD_1675;PROD_49;6;5
ORD_1675;PROD_19;9;5
ORD_1675;PROD_31;9;3
ORD_1675;PROD_35;2;1
ORD_1676;PROD_36;7;2
ORD_1676;PROD_40;5;4
ORD_1676;PROD_25;2;4
ORD_1676;PROD_17;8;2
ORD_1676;PROD_33;1;2
ORD_1676;PROD_9;4;2
ORD_1676;PROD_9;1;2
ORD_1676;PROD_14;1;1
ORD_1677;PROD_9;1;4
ORD_1677;PROD_23;4;4
ORD_1677;PROD_34;9;4
ORD_1677;PROD_21;2;4
ORD_1677;PROD_18;4;1
ORD_1677;PROD_22;3;5
ORD_1677;PROD_41;3;2
ORD_1677;PROD_38;3;4
ORD_1677;PROD_29;3;3
ORD_1677;PROD_33;7;4
ORD_1677;PROD_38;4;1
ORD_1677;PROD_33;1;4
ORD_1677;PROD_36;8;3
ORD_1677;PROD_44;6;2
ORD_1677;PROD_36;7;2
ORD_1678;PROD_34;2;4
ORD_1678;PROD_21;7;3
ORD_1678;PROD_18;8;4
ORD_1678;PROD_7;7;5
ORD_1678;PROD_45;7;3
ORD_1678;PROD_29;8;5
ORD_1678;PROD_25;2;5
ORD_1679;PROD_40;8;4
ORD_1679;PROD_37;1;2
ORD_1679;PROD_24;5;3
ORD_1679;PROD_23;4;3
ORD_1679;PROD_29;8;3
ORD_1679;PROD_9;4;5
ORD_1679;PROD_23;8;5
ORD_1679;PROD_7;4;1
ORD_1679;PROD_45;3;1
ORD_1679;PROD_29;7;2
ORD_1679;PROD_20;5;1
ORD_1679;PROD_22;7;2
ORD_1680;PROD_5;3;1
ORD_1680;PROD_48;2;2
ORD_1680;PROD_21;1;1
ORD_1680;PROD_50;9;1
ORD_1680;PROD_17;2;4
ORD_1680;PROD_7;7;3
ORD_1680;PROD_45;6;1
ORD_1680;PROD_29;3;2
ORD_1680;PROD_2;2;3
ORD_1680;PROD_1;8;2
ORD_1680;PROD_29;8;3
ORD_1680;PROD_1;8;2
ORD_1680;PROD_17;2;5
ORD_1680;PROD_38;9;5
ORD_1681;PROD_13;2;4
ORD_1681;PROD_19;6;1
ORD_1681;PROD_39;7;2
ORD_1681;PROD_17;1;3
ORD_1681;PROD_49;5;1
ORD_1681;PROD_15;6;3
ORD_1681;PROD_11;4;3
ORD_1681;PROD_7;4;1
ORD_1682;PROD_48;1;2
ORD_1682;PROD_39;3;1
ORD_1682;PROD_37;8;1
ORD_1682;PROD_28;2;4
ORD_1682;PROD_7;4;2
ORD_1682;PROD_19;2;4
ORD_1682;PROD_19;9;3
ORD_1682;PROD_19;5;5
ORD_1682;PROD_12;1;1
ORD_1682;PROD_34;8;3
ORD_1683;PROD_9;5;4
ORD_1683;PROD_23;2;1
ORD_1683;PROD_7;2;1
ORD_1683;PROD_45;1;3
ORD_1683;PROD_29;7;1
ORD_1683;PROD_27;4;1
ORD_1683;PROD_4;4;5
ORD_1683;PROD_23;6;2
ORD_1684;PROD_21;7;5
ORD_1684;PROD_17;4;3
ORD_1684;PROD_17;6;3
ORD_1684;PROD_30;9;3
ORD_1684;PROD_36;6;2
ORD_1684;PROD_1;5;4
ORD_1684;PROD_50;4;1
ORD_1684;PROD_41;7;3
ORD_1684;PROD_38;9;3
ORD_1684;PROD_1;2;3
ORD_1684;PROD_33;6;3
ORD_1684;PROD_19;8;4
ORD_1685;PROD_34;6;3
ORD_1685;PROD_21;1;4
ORD_1685;PROD_18;6;1
ORD_1685;PROD_5;9;2
ORD_1685;PROD_48;7;5
ORD_1685;PROD_21;9;4
ORD_1685;PROD_50;8;3
ORD_1685;PROD_17;5;1
ORD_1685;PROD_5;9;5
ORD_1685;PROD_26;1;1
ORD_1685;PROD_7;9;3
ORD_1686;PROD_46;5;1
ORD_1686;PROD_13;3;2
ORD_1686;PROD_16;8;3
ORD_1686;PROD_49;5;5
ORD_1686;PROD_27;2;3
ORD_1686;PROD_46;6;3
ORD_1686;PROD_9;5;5
ORD_1686;PROD_28;5;3
ORD_1686;PROD_5;9;5
ORD_1686;PROD_47;6;5
ORD_1686;PROD_46;9;3
ORD_1686;PROD_48;7;4
ORD_1686;PROD_40;5;3
ORD_1686;PROD_32;9;4
ORD_1687;PROD_5;4;1
ORD_1687;PROD_48;8;3
ORD_1687;PROD_21;2;1
ORD_1687;PROD_50;7;3
ORD_1687;PROD_17;7;3
ORD_1688;PROD_2;5;1
ORD_1688;PROD_50;7;4
ORD_1688;PROD_27;4;2
ORD_1688;PROD_12;7;4
ORD_1688;PROD_2;4;2
ORD_1688;PROD_39;6;1
ORD_1688;PROD_11;4;2
ORD_1688;PROD_17;6;4
ORD_1688;PROD_45;8;4
ORD_1688;PROD_5;4;2
ORD_1689;PROD_46;4;4
ORD_1689;PROD_13;2;3
ORD_1689;PROD_16;8;4
ORD_1689;PROD_49;8;1
ORD_1689;PROD_27;1;5
ORD_1689;PROD_31;8;4
ORD_1689;PROD_3;4;1
ORD_1690;PROD_2;5;4
ORD_1690;PROD_50;7;2
ORD_1690;PROD_27;9;2
ORD_1690;PROD_31;6;2
ORD_1690;PROD_3;8;2
ORD_1690;PROD_22;6;3
ORD_1690;PROD_46;1;3
ORD_1690;PROD_32;7;5
ORD_1691;PROD_31;5;3
ORD_1691;PROD_3;4;5
ORD_1691;PROD_22;2;2
ORD_1691;PROD_46;8;2
ORD_1691;PROD_2;8;3
ORD_1691;PROD_50;9;4
ORD_1691;PROD_27;6;1
ORD_1691;PROD_31;4;4
ORD_1691;PROD_3;8;5
ORD_1692;PROD_30;6;5
ORD_1692;PROD_45;6;4
ORD_1692;PROD_30;5;4
ORD_1692;PROD_39;9;2
ORD_1692;PROD_30;9;4
ORD_1693;PROD_17;1;1
ORD_1693;PROD_45;3;1
ORD_1693;PROD_5;8;2
ORD_1693;PROD_20;1;4
ORD_1693;PROD_44;9;1
ORD_1693;PROD_17;2;2
ORD_1693;PROD_4;9;3
ORD_1693;PROD_3;6;5
ORD_1693;PROD_25;5;5
ORD_1693;PROD_40;2;1
ORD_1693;PROD_37;3;5
ORD_1693;PROD_24;8;3
ORD_1693;PROD_23;3;5
ORD_1694;PROD_15;5;3
ORD_1694;PROD_27;8;1
ORD_1694;PROD_37;4;4
ORD_1694;PROD_39;9;1
ORD_1694;PROD_20;5;5
ORD_1695;PROD_30;3;2
ORD_1695;PROD_49;3;2
ORD_1695;PROD_25;3;4
ORD_1695;PROD_19;6;5
ORD_1695;PROD_19;7;3
ORD_1695;PROD_30;7;5
ORD_1695;PROD_8;3;1
ORD_1695;PROD_30;2;3
ORD_1695;PROD_17;8;3
ORD_1695;PROD_26;1;5
ORD_1695;PROD_6;9;5
ORD_1696;PROD_5;3;1
ORD_1696;PROD_48;2;1
ORD_1696;PROD_21;5;1
ORD_1696;PROD_50;1;2
ORD_1696;PROD_17;5;2
ORD_1696;PROD_31;8;4
ORD_1696;PROD_3;1;3
ORD_1696;PROD_22;2;4
ORD_1696;PROD_46;2;3
ORD_1696;PROD_8;4;5
ORD_1696;PROD_6;2;1
ORD_1696;PROD_48;4;1
ORD_1696;PROD_16;7;5
ORD_1697;PROD_9;8;3
ORD_1697;PROD_23;3;5
ORD_1697;PROD_5;4;4
ORD_1697;PROD_48;2;3
ORD_1697;PROD_21;7;5
ORD_1698;PROD_36;5;4
ORD_1698;PROD_23;2;3
ORD_1698;PROD_45;5;3
ORD_1698;PROD_29;7;1
ORD_1698;PROD_16;1;3
ORD_1698;PROD_5;1;5
ORD_1699;PROD_9;9;3
ORD_1699;PROD_23;5;4
ORD_1699;PROD_46;4;5
ORD_1699;PROD_13;6;3
ORD_1699;PROD_16;4;3
ORD_1699;PROD_49;1;3
ORD_1699;PROD_27;8;1
ORD_1699;PROD_12;6;4
ORD_1699;PROD_2;2;3
ORD_1699;PROD_39;4;4
ORD_1699;PROD_11;2;5
ORD_1700;PROD_46;2;1
ORD_1700;PROD_9;4;2
ORD_1700;PROD_28;1;5
ORD_1700;PROD_5;9;3
ORD_1700;PROD_46;3;3
ORD_1700;PROD_9;9;1
ORD_1700;PROD_28;7;5
ORD_1700;PROD_5;9;3
ORD_1700;PROD_30;5;3
ORD_1700;PROD_21;1;1
ORD_1701;PROD_34;1;5
ORD_1701;PROD_21;4;4
ORD_1701;PROD_18;8;3
ORD_1701;PROD_40;6;3
ORD_1701;PROD_37;6;2
ORD_1701;PROD_24;7;1
ORD_1701;PROD_23;4;3
ORD_1701;PROD_29;5;4
ORD_1701;PROD_5;3;1
ORD_1701;PROD_48;7;2
ORD_1702;PROD_17;7;1
ORD_1702;PROD_45;2;3
ORD_1702;PROD_5;6;5
ORD_1702;PROD_20;3;3
ORD_1702;PROD_34;3;2
ORD_1702;PROD_21;7;5
ORD_1702;PROD_18;8;2
ORD_1702;PROD_46;4;4
ORD_1702;PROD_9;3;2
ORD_1702;PROD_28;7;5
ORD_1702;PROD_5;6;1
ORD_1702;PROD_21;4;5
ORD_1702;PROD_49;3;4
ORD_1702;PROD_2;2;5
ORD_1702;PROD_11;4;5
ORD_1703;PROD_46;5;1
ORD_1703;PROD_13;6;3
ORD_1703;PROD_16;8;5
ORD_1703;PROD_49;2;1
ORD_1703;PROD_27;3;1
ORD_1703;PROD_50;8;4
ORD_1703;PROD_49;7;5
ORD_1703;PROD_36;5;5
ORD_1703;PROD_10;2;2
ORD_1703;PROD_21;2;3
ORD_1703;PROD_22;9;4
ORD_1703;PROD_22;8;1
ORD_1703;PROD_23;3;3
ORD_1704;PROD_9;2;3
ORD_1704;PROD_23;6;4
ORD_1704;PROD_44;3;5
ORD_1704;PROD_1;8;4
ORD_1704;PROD_44;8;1
ORD_1704;PROD_6;6;4
ORD_1704;PROD_9;8;5
ORD_1704;PROD_32;1;2
ORD_1704;PROD_15;3;3
ORD_1704;PROD_17;4;4
ORD_1704;PROD_28;4;4
ORD_1704;PROD_45;5;4
ORD_1704;PROD_20;4;3
ORD_1704;PROD_43;2;5
ORD_1704;PROD_13;5;3
ORD_1705;PROD_48;9;3
ORD_1705;PROD_6;6;4
ORD_1705;PROD_50;8;1
ORD_1705;PROD_35;4;3
ORD_1705;PROD_24;4;1
ORD_1705;PROD_20;3;5
ORD_1705;PROD_44;3;2
ORD_1705;PROD_49;7;1
ORD_1705;PROD_39;4;4
ORD_1705;PROD_18;8;3
ORD_1705;PROD_11;3;5
ORD_1705;PROD_21;5;1
ORD_1705;PROD_2;1;1
ORD_1706;PROD_17;3;1
ORD_1706;PROD_45;5;4
ORD_1706;PROD_5;8;5
ORD_1706;PROD_20;1;2
ORD_1706;PROD_9;8;3
ORD_1706;PROD_13;9;2
ORD_1706;PROD_28;4;4
ORD_1706;PROD_19;2;4
ORD_1706;PROD_23;5;2
ORD_1706;PROD_21;2;4
ORD_1706;PROD_13;8;3
ORD_1707;PROD_42;3;4
ORD_1707;PROD_9;6;1
ORD_1707;PROD_12;8;4
ORD_1707;PROD_20;2;5
ORD_1707;PROD_35;3;5
ORD_1707;PROD_1;3;1
ORD_1708;PROD_9;2;2
ORD_1708;PROD_23;5;3
ORD_1708;PROD_12;5;1
ORD_1708;PROD_2;2;4
ORD_1708;PROD_39;8;4
ORD_1708;PROD_11;5;3
ORD_1708;PROD_17;2;2
ORD_1708;PROD_45;9;2
ORD_1708;PROD_5;1;2
ORD_1708;PROD_20;3;4
ORD_1708;PROD_8;1;1
ORD_1708;PROD_38;5;5
ORD_1708;PROD_29;3;1
ORD_1708;PROD_32;9;2
ORD_1708;PROD_7;6;1
ORD_1709;PROD_31;9;3
ORD_1709;PROD_39;5;2
ORD_1709;PROD_30;7;3
ORD_1709;PROD_32;2;2
ORD_1709;PROD_10;4;3
ORD_1709;PROD_44;6;4
ORD_1709;PROD_2;7;2
ORD_1709;PROD_5;4;2
ORD_1709;PROD_25;5;5
ORD_1709;PROD_13;4;1
ORD_1709;PROD_12;8;1
ORD_1709;PROD_5;6;1
ORD_1710;PROD_39;6;3
ORD_1710;PROD_17;6;5
ORD_1710;PROD_30;3;2
ORD_1710;PROD_11;5;3
ORD_1710;PROD_48;2;3
ORD_1710;PROD_25;3;5
ORD_1710;PROD_9;2;1
ORD_1710;PROD_49;7;3
ORD_1710;PROD_34;4;3
ORD_1711;PROD_12;2;4
ORD_1711;PROD_2;4;3
ORD_1711;PROD_39;4;3
ORD_1711;PROD_11;7;2
ORD_1711;PROD_31;9;3
ORD_1711;PROD_3;5;4
ORD_1711;PROD_22;6;2
ORD_1711;PROD_46;8;1
ORD_1711;PROD_34;5;1
ORD_1711;PROD_21;8;1
ORD_1711;PROD_18;2;2
ORD_1711;PROD_45;3;1
ORD_1711;PROD_48;9;4
ORD_1712;PROD_40;8;2
ORD_1712;PROD_8;6;2
ORD_1712;PROD_14;2;2
ORD_1712;PROD_10;9;1
ORD_1712;PROD_40;4;3
ORD_1712;PROD_46;1;1
ORD_1712;PROD_42;3;3
ORD_1712;PROD_14;3;5
ORD_1712;PROD_17;9;2
ORD_1712;PROD_43;4;4
ORD_1712;PROD_40;3;2
ORD_1713;PROD_7;5;3
ORD_1713;PROD_45;9;5
ORD_1713;PROD_29;4;5
ORD_1713;PROD_34;3;1
ORD_1713;PROD_21;2;3
ORD_1713;PROD_18;5;2
ORD_1713;PROD_45;5;2
ORD_1713;PROD_43;7;4
ORD_1713;PROD_22;6;3
ORD_1713;PROD_15;1;1
ORD_1714;PROD_32;4;2
ORD_1714;PROD_35;2;5
ORD_1714;PROD_50;1;1
ORD_1714;PROD_30;6;2
ORD_1714;PROD_26;9;1
ORD_1714;PROD_9;5;5
ORD_1714;PROD_46;5;3
ORD_1714;PROD_46;7;2
ORD_1714;PROD_17;2;4
ORD_1714;PROD_38;6;2
ORD_1715;PROD_46;2;2
ORD_1715;PROD_9;9;5
ORD_1715;PROD_28;8;5
ORD_1715;PROD_5;4;4
ORD_1715;PROD_15;8;1
ORD_1715;PROD_35;8;2
ORD_1715;PROD_18;2;3
ORD_1715;PROD_26;3;3
ORD_1715;PROD_4;1;2
ORD_1715;PROD_50;4;3
ORD_1715;PROD_4;6;1
ORD_1715;PROD_3;2;3
ORD_1716;PROD_40;2;3
ORD_1716;PROD_37;2;1
ORD_1716;PROD_24;8;4
ORD_1716;PROD_23;9;5
ORD_1716;PROD_29;8;3
ORD_1717;PROD_31;2;5
ORD_1717;PROD_3;9;5
ORD_1717;PROD_22;9;3
ORD_1717;PROD_46;7;3
ORD_1717;PROD_26;9;5
ORD_1717;PROD_6;9;1
ORD_1717;PROD_32;1;4
ORD_1717;PROD_10;7;4
ORD_1717;PROD_32;2;5
ORD_1717;PROD_50;7;5
ORD_1717;PROD_48;6;1
ORD_1717;PROD_31;5;3
ORD_1717;PROD_27;7;1
ORD_1717;PROD_3;8;5
ORD_1718;PROD_2;5;5
ORD_1718;PROD_1;5;3
ORD_1718;PROD_31;6;3
ORD_1718;PROD_9;7;4
ORD_1718;PROD_24;8;2
ORD_1718;PROD_21;5;2
ORD_1718;PROD_32;7;4
ORD_1719;PROD_7;8;1
ORD_1719;PROD_45;4;5
ORD_1719;PROD_29;3;2
ORD_1719;PROD_49;2;4
ORD_1719;PROD_19;5;5
ORD_1719;PROD_36;9;3
ORD_1719;PROD_32;2;4
ORD_1719;PROD_24;8;3
ORD_1719;PROD_5;4;5
ORD_1719;PROD_20;6;2
ORD_1720;PROD_33;9;1
ORD_1720;PROD_33;2;4
ORD_1720;PROD_14;5;2
ORD_1720;PROD_23;1;2
ORD_1720;PROD_50;6;4
ORD_1720;PROD_11;2;3
ORD_1720;PROD_28;6;4
ORD_1720;PROD_33;4;4
ORD_1720;PROD_40;9;3
ORD_1720;PROD_16;5;2
ORD_1721;PROD_29;5;5
ORD_1721;PROD_40;9;4
ORD_1721;PROD_33;9;5
ORD_1721;PROD_15;9;1
ORD_1721;PROD_11;3;1
ORD_1721;PROD_21;2;4
ORD_1721;PROD_14;6;3
ORD_1721;PROD_49;7;3
ORD_1722;PROD_34;8;3
ORD_1722;PROD_21;1;4
ORD_1722;PROD_18;5;5
ORD_1722;PROD_12;1;3
ORD_1722;PROD_24;3;1
ORD_1722;PROD_42;3;2
ORD_1722;PROD_15;1;2
ORD_1722;PROD_13;9;1
ORD_1723;PROD_4;7;3
ORD_1723;PROD_48;1;3
ORD_1723;PROD_34;5;2
ORD_1723;PROD_42;3;2
ORD_1723;PROD_45;1;2
ORD_1723;PROD_50;1;4
ORD_1723;PROD_10;6;5
ORD_1723;PROD_40;2;3
ORD_1723;PROD_30;9;3
ORD_1723;PROD_30;2;1
ORD_1723;PROD_39;1;1
ORD_1724;PROD_12;2;1
ORD_1724;PROD_2;1;1
ORD_1724;PROD_39;5;2
ORD_1724;PROD_11;7;3
ORD_1724;PROD_40;5;3
ORD_1724;PROD_37;9;5
ORD_1724;PROD_24;9;3
ORD_1725;PROD_40;6;5
ORD_1725;PROD_37;7;2
ORD_1725;PROD_24;6;1
ORD_1725;PROD_23;8;1
ORD_1725;PROD_29;5;5
ORD_1725;PROD_12;4;4
ORD_1726;PROD_46;4;2
ORD_1726;PROD_13;5;2
ORD_1726;PROD_16;2;2
ORD_1726;PROD_49;1;3
ORD_1726;PROD_27;7;2
ORD_1726;PROD_44;8;3
ORD_1727;PROD_17;6;5
ORD_1727;PROD_45;8;4
ORD_1727;PROD_5;8;2
ORD_1727;PROD_20;1;3
ORD_1727;PROD_9;5;4
ORD_1727;PROD_23;6;3
ORD_1727;PROD_34;4;1
ORD_1728;PROD_44;9;5
ORD_1728;PROD_17;5;3
ORD_1728;PROD_4;6;1
ORD_1728;PROD_3;8;4
ORD_1728;PROD_25;3;2
ORD_1728;PROD_7;7;3
ORD_1728;PROD_45;1;4
ORD_1728;PROD_29;5;3
ORD_1728;PROD_44;2;3
ORD_1728;PROD_17;1;4
ORD_1728;PROD_4;9;4
ORD_1728;PROD_3;1;4
ORD_1728;PROD_25;5;2
ORD_1728;PROD_33;5;2
ORD_1728;PROD_40;8;1
ORD_1729;PROD_49;4;5
ORD_1729;PROD_48;1;4
ORD_1729;PROD_48;1;4
ORD_1729;PROD_17;2;1
ORD_1729;PROD_9;7;3
ORD_1729;PROD_41;7;2
ORD_1729;PROD_24;1;1
ORD_1729;PROD_45;9;2
ORD_1729;PROD_40;3;1
ORD_1729;PROD_46;8;2
ORD_1729;PROD_25;5;4
ORD_1729;PROD_16;3;2
ORD_1729;PROD_23;7;5
ORD_1729;PROD_39;1;3
ORD_1730;PROD_46;3;5
ORD_1730;PROD_13;6;1
ORD_1730;PROD_16;3;2
ORD_1730;PROD_49;1;1
ORD_1730;PROD_27;5;3
ORD_1730;PROD_31;1;1
ORD_1730;PROD_3;7;2
ORD_1730;PROD_22;9;3
ORD_1730;PROD_46;8;2
ORD_1730;PROD_46;2;2
ORD_1730;PROD_13;5;4
ORD_1730;PROD_16;8;4
ORD_1731;PROD_44;1;2
ORD_1731;PROD_17;9;2
ORD_1731;PROD_4;7;5
ORD_1731;PROD_3;5;5
ORD_1731;PROD_25;9;3
ORD_1731;PROD_5;9;1
ORD_1731;PROD_48;8;3
ORD_1731;PROD_21;9;2
ORD_1732;PROD_9;3;4
ORD_1732;PROD_23;3;3
ORD_1732;PROD_12;8;2
ORD_1732;PROD_2;3;3
ORD_1732;PROD_39;2;1
ORD_1733;PROD_40;9;5
ORD_1733;PROD_37;4;2
ORD_1733;PROD_24;2;3
ORD_1733;PROD_23;2;2
ORD_1733;PROD_29;1;1
ORD_1733;PROD_18;6;2
ORD_1733;PROD_47;4;2
ORD_1733;PROD_5;3;4
ORD_1733;PROD_48;2;5
ORD_1733;PROD_50;6;2
ORD_1733;PROD_30;5;2
ORD_1733;PROD_27;6;2
ORD_1734;PROD_2;3;2
ORD_1734;PROD_50;4;4
ORD_1734;PROD_27;6;4
ORD_1734;PROD_46;7;1
ORD_1734;PROD_13;6;3
ORD_1734;PROD_16;5;4
ORD_1734;PROD_49;7;4
ORD_1734;PROD_27;9;4
ORD_1734;PROD_9;8;3
ORD_1734;PROD_23;8;5
ORD_1734;PROD_29;9;1
ORD_1734;PROD_45;9;2
ORD_1735;PROD_12;9;2
ORD_1735;PROD_2;5;3
ORD_1735;PROD_39;9;2
ORD_1735;PROD_11;4;3
ORD_1735;PROD_31;1;1
ORD_1735;PROD_3;2;1
ORD_1735;PROD_22;5;2
ORD_1735;PROD_46;1;3
ORD_1735;PROD_7;1;5
ORD_1735;PROD_45;6;1
ORD_1736;PROD_7;9;4
ORD_1736;PROD_45;6;5
ORD_1736;PROD_29;2;2
ORD_1736;PROD_12;4;3
ORD_1736;PROD_2;8;4
ORD_1736;PROD_39;6;4
ORD_1737;PROD_29;4;2
ORD_1737;PROD_5;3;3
ORD_1737;PROD_12;9;1
ORD_1737;PROD_2;3;3
ORD_1737;PROD_36;8;2
ORD_1737;PROD_17;4;3
ORD_1738;PROD_20;5;2
ORD_1738;PROD_7;1;1
ORD_1738;PROD_21;2;1
ORD_1738;PROD_22;1;2
ORD_1738;PROD_6;3;3
ORD_1738;PROD_24;3;4
ORD_1738;PROD_11;6;3
ORD_1738;PROD_45;1;3
ORD_1738;PROD_23;8;5
ORD_1738;PROD_8;9;4
ORD_1738;PROD_27;1;5
ORD_1738;PROD_21;2;3
ORD_1738;PROD_24;9;1
ORD_1739;PROD_7;7;1
ORD_1739;PROD_45;9;1
ORD_1739;PROD_29;1;3
ORD_1739;PROD_46;8;5
ORD_1739;PROD_9;6;2
ORD_1739;PROD_28;8;4
ORD_1739;PROD_5;6;1
ORD_1739;PROD_9;5;3
ORD_1740;PROD_11;2;5
ORD_1740;PROD_17;4;1
ORD_1740;PROD_39;1;5
ORD_1740;PROD_37;2;3
ORD_1740;PROD_49;5;3
ORD_1740;PROD_24;6;4
ORD_1741;PROD_46;4;2
ORD_1741;PROD_13;2;3
ORD_1741;PROD_16;5;4
ORD_1741;PROD_49;9;2
ORD_1741;PROD_27;1;4
ORD_1741;PROD_33;7;4
ORD_1741;PROD_33;2;5
ORD_1741;PROD_15;7;3
ORD_1742;PROD_44;4;5
ORD_1742;PROD_17;3;4
ORD_1742;PROD_4;2;4
ORD_1742;PROD_3;6;4
ORD_1742;PROD_25;6;2
ORD_1742;PROD_7;2;3
ORD_1742;PROD_45;9;5
ORD_1742;PROD_29;7;5
ORD_1742;PROD_2;7;3
ORD_1743;PROD_3;6;5
ORD_1743;PROD_11;8;4
ORD_1743;PROD_10;1;5
ORD_1743;PROD_42;9;2
ORD_1743;PROD_1;2;4
ORD_1743;PROD_26;8;3
ORD_1743;PROD_26;1;5
ORD_1743;PROD_34;4;3
ORD_1744;PROD_46;3;2
ORD_1744;PROD_9;9;1
ORD_1744;PROD_28;1;5
ORD_1744;PROD_5;1;3
ORD_1744;PROD_7;8;4
ORD_1744;PROD_45;1;5
ORD_1744;PROD_29;9;3
ORD_1744;PROD_1;7;3
ORD_1744;PROD_10;2;2
ORD_1744;PROD_40;7;4
ORD_1744;PROD_50;8;3
ORD_1745;PROD_41;4;3
ORD_1745;PROD_36;7;3
ORD_1745;PROD_31;5;5
ORD_1745;PROD_13;8;1
ORD_1745;PROD_46;5;1
ORD_1745;PROD_49;8;5
ORD_1745;PROD_15;9;4
ORD_1745;PROD_20;5;1
ORD_1745;PROD_37;7;1
ORD_1745;PROD_21;1;5
ORD_1745;PROD_27;3;2
ORD_1745;PROD_26;6;1
ORD_1745;PROD_28;5;4
ORD_1746;PROD_31;9;5
ORD_1746;PROD_3;7;5
ORD_1746;PROD_22;4;1
ORD_1746;PROD_46;8;1
ORD_1746;PROD_37;6;3
ORD_1746;PROD_26;3;2
ORD_1746;PROD_14;4;1
ORD_1746;PROD_32;8;4
ORD_1746;PROD_46;8;5
ORD_1746;PROD_12;3;2
ORD_1746;PROD_13;5;4
ORD_1746;PROD_37;4;3
ORD_1747;PROD_40;7;4
ORD_1747;PROD_37;8;4
ORD_1747;PROD_24;5;5
ORD_1747;PROD_23;9;1
ORD_1747;PROD_29;9;5
ORD_1747;PROD_9;5;5
ORD_1747;PROD_23;6;5
ORD_1747;PROD_4;2;3
ORD_1747;PROD_6;4;1
ORD_1747;PROD_2;9;3
ORD_1748;PROD_13;9;4
ORD_1748;PROD_28;3;3
ORD_1748;PROD_44;5;4
ORD_1748;PROD_4;5;2
ORD_1748;PROD_48;8;3
ORD_1748;PROD_33;1;3
ORD_1748;PROD_22;2;2
ORD_1748;PROD_26;3;4
ORD_1748;PROD_8;4;2
ORD_1748;PROD_16;7;1
ORD_1748;PROD_20;6;5
ORD_1749;PROD_7;4;3
ORD_1749;PROD_45;3;5
ORD_1749;PROD_29;7;2
ORD_1749;PROD_5;9;1
ORD_1749;PROD_11;8;5
ORD_1750;PROD_34;7;2
ORD_1750;PROD_21;5;3
ORD_1750;PROD_18;5;2
ORD_1750;PROD_46;1;1
ORD_1750;PROD_9;4;5
ORD_1750;PROD_28;8;4
ORD_1750;PROD_5;2;2
ORD_1750;PROD_7;3;1
ORD_1750;PROD_31;1;5
ORD_1750;PROD_1;3;4
ORD_1750;PROD_41;5;1
ORD_1751;PROD_2;3;1
ORD_1751;PROD_50;6;1
ORD_1751;PROD_27;5;2
ORD_1751;PROD_7;5;5
ORD_1751;PROD_45;1;5
ORD_1751;PROD_29;4;5
ORD_1751;PROD_32;2;2
ORD_1751;PROD_6;1;5
ORD_1751;PROD_8;3;1
ORD_1751;PROD_12;5;3
ORD_1751;PROD_29;2;5
ORD_1751;PROD_34;5;3
ORD_1751;PROD_19;2;3
ORD_1751;PROD_37;8;5
ORD_1752;PROD_9;9;4
ORD_1752;PROD_30;4;5
ORD_1752;PROD_8;1;4
ORD_1752;PROD_17;3;3
ORD_1752;PROD_46;2;5
ORD_1752;PROD_8;1;3
ORD_1752;PROD_40;5;4
ORD_1752;PROD_21;8;5
ORD_1752;PROD_23;3;2
ORD_1752;PROD_47;7;5
ORD_1752;PROD_17;6;5
ORD_1752;PROD_23;9;1
ORD_1752;PROD_31;8;2
ORD_1752;PROD_10;3;4
ORD_1752;PROD_48;4;2
ORD_1753;PROD_31;8;4
ORD_1753;PROD_3;1;2
ORD_1753;PROD_22;4;1
ORD_1753;PROD_46;8;5
ORD_1753;PROD_30;8;3
ORD_1753;PROD_9;4;3
ORD_1753;PROD_12;7;2
ORD_1753;PROD_21;9;1
ORD_1753;PROD_35;2;1
ORD_1753;PROD_41;6;1
ORD_1753;PROD_6;4;1
ORD_1754;PROD_22;5;1
ORD_1754;PROD_15;9;5
ORD_1754;PROD_33;3;2
ORD_1754;PROD_45;6;1
ORD_1754;PROD_30;3;4
ORD_1754;PROD_4;3;5
ORD_1754;PROD_7;5;1
ORD_1754;PROD_23;7;2
ORD_1754;PROD_14;5;5
ORD_1755;PROD_2;1;5
ORD_1755;PROD_50;7;1
ORD_1755;PROD_27;8;2
ORD_1755;PROD_46;8;3
ORD_1755;PROD_13;4;1
ORD_1755;PROD_16;6;1
ORD_1755;PROD_49;4;3
ORD_1755;PROD_27;9;1
ORD_1755;PROD_44;1;2
ORD_1755;PROD_17;7;3
ORD_1755;PROD_4;1;4
ORD_1756;PROD_17;6;1
ORD_1756;PROD_45;9;5
ORD_1756;PROD_5;6;1
ORD_1756;PROD_20;9;3
ORD_1756;PROD_12;7;1
ORD_1757;PROD_36;8;3
ORD_1757;PROD_38;5;2
ORD_1757;PROD_30;6;2
ORD_1757;PROD_34;8;5
ORD_1757;PROD_30;5;2
ORD_1757;PROD_37;8;3
ORD_1757;PROD_1;5;5
ORD_1757;PROD_23;1;2
ORD_1757;PROD_16;4;1
ORD_1757;PROD_41;5;2
ORD_1757;PROD_12;7;4
ORD_1758;PROD_28;3;5
ORD_1758;PROD_34;8;4
ORD_1758;PROD_31;5;4
ORD_1758;PROD_34;3;5
ORD_1758;PROD_26;2;5
ORD_1758;PROD_19;7;5
ORD_1758;PROD_16;6;5
ORD_1758;PROD_26;4;3
ORD_1758;PROD_10;2;3
ORD_1758;PROD_1;4;2
ORD_1758;PROD_24;5;5
ORD_1758;PROD_42;9;2
ORD_1758;PROD_33;2;2
ORD_1758;PROD_16;6;1
ORD_1759;PROD_39;4;5
ORD_1759;PROD_39;9;3
ORD_1759;PROD_41;9;5
ORD_1759;PROD_18;5;2
ORD_1759;PROD_20;3;5
ORD_1759;PROD_19;7;2
ORD_1759;PROD_3;6;4
ORD_1760;PROD_16;2;1
ORD_1760;PROD_37;8;1
ORD_1760;PROD_28;1;3
ORD_1760;PROD_6;7;3
ORD_1760;PROD_25;2;2
ORD_1760;PROD_15;2;4
ORD_1760;PROD_32;8;4
ORD_1760;PROD_36;1;2
ORD_1760;PROD_41;8;3
ORD_1760;PROD_49;5;5
ORD_1761;PROD_12;8;4
ORD_1761;PROD_2;8;3
ORD_1761;PROD_39;2;3
ORD_1761;PROD_11;7;2
ORD_1761;PROD_40;9;5
ORD_1761;PROD_5;6;4
ORD_1761;PROD_1;3;2
ORD_1761;PROD_34;2;4
ORD_1761;PROD_1;5;3
ORD_1762;PROD_5;7;4
ORD_1762;PROD_48;4;2
ORD_1762;PROD_21;3;1
ORD_1762;PROD_50;2;4
ORD_1762;PROD_17;4;2
ORD_1762;PROD_35;3;3
ORD_1762;PROD_23;3;5
ORD_1762;PROD_8;3;4
ORD_1762;PROD_47;4;4
ORD_1762;PROD_15;9;1
ORD_1763;PROD_9;1;1
ORD_1763;PROD_23;3;2
ORD_1763;PROD_34;8;5
ORD_1763;PROD_21;5;3
ORD_1763;PROD_18;8;1
ORD_1763;PROD_1;5;2
ORD_1763;PROD_10;4;2
ORD_1763;PROD_11;8;1
ORD_1763;PROD_32;1;4
ORD_1764;PROD_45;6;3
ORD_1764;PROD_13;9;3
ORD_1764;PROD_50;4;3
ORD_1764;PROD_12;5;3
ORD_1764;PROD_6;1;3
ORD_1764;PROD_25;2;1
ORD_1764;PROD_32;7;5
ORD_1764;PROD_12;3;2
ORD_1764;PROD_14;1;4
ORD_1765;PROD_36;7;3
ORD_1765;PROD_3;9;4
ORD_1765;PROD_37;1;1
ORD_1765;PROD_10;8;1
ORD_1765;PROD_21;8;2
ORD_1765;PROD_40;9;1
ORD_1765;PROD_31;9;1
ORD_1765;PROD_21;1;5
ORD_1765;PROD_26;5;3
ORD_1765;PROD_37;3;2
ORD_1765;PROD_43;6;1
ORD_1765;PROD_45;2;4
ORD_1766;PROD_46;5;1
ORD_1766;PROD_9;6;1
ORD_1766;PROD_28;5;2
ORD_1766;PROD_5;9;1
ORD_1766;PROD_9;4;4
ORD_1766;PROD_23;7;5
ORD_1767;PROD_39;4;1
ORD_1767;PROD_11;7;4
ORD_1767;PROD_44;5;5
ORD_1767;PROD_41;7;4
ORD_1767;PROD_46;8;1
ORD_1767;PROD_13;2;5
ORD_1767;PROD_18;1;3
ORD_1767;PROD_1;5;5
ORD_1767;PROD_29;3;3
ORD_1767;PROD_28;6;4
ORD_1767;PROD_22;5;1
ORD_1767;PROD_30;9;2
ORD_1768;PROD_2;9;1
ORD_1768;PROD_50;7;5
ORD_1768;PROD_27;5;1
ORD_1768;PROD_40;7;3
ORD_1768;PROD_37;5;3
ORD_1768;PROD_24;1;4
ORD_1768;PROD_23;7;4
ORD_1769;PROD_46;4;2
ORD_1769;PROD_9;6;5
ORD_1769;PROD_28;8;3
ORD_1769;PROD_5;8;1
ORD_1769;PROD_37;1;2
ORD_1769;PROD_32;9;1
ORD_1769;PROD_5;8;5
ORD_1769;PROD_45;5;3
ORD_1770;PROD_5;7;5
ORD_1770;PROD_48;3;1
ORD_1770;PROD_21;7;2
ORD_1770;PROD_50;6;3
ORD_1770;PROD_17;5;2
ORD_1770;PROD_40;5;3
ORD_1770;PROD_37;4;2
ORD_1770;PROD_24;5;3
ORD_1770;PROD_23;9;5
ORD_1770;PROD_29;9;2
ORD_1770;PROD_25;8;1
ORD_1771;PROD_39;6;1
ORD_1771;PROD_22;7;5
ORD_1771;PROD_3;1;4
ORD_1771;PROD_11;9;2
ORD_1771;PROD_19;4;3
ORD_1771;PROD_39;8;4
ORD_1771;PROD_44;4;2
ORD_1771;PROD_20;5;3
ORD_1771;PROD_42;8;4
ORD_1771;PROD_33;2;2
ORD_1771;PROD_50;6;3
ORD_1771;PROD_41;7;1
ORD_1772;PROD_12;8;3
ORD_1772;PROD_2;5;4
ORD_1772;PROD_39;9;4
ORD_1772;PROD_11;7;4
ORD_1772;PROD_44;4;4
ORD_1772;PROD_17;7;3
ORD_1772;PROD_4;4;4
ORD_1773;PROD_17;1;3
ORD_1773;PROD_45;6;2
ORD_1773;PROD_5;5;3
ORD_1773;PROD_20;9;5
ORD_1773;PROD_13;9;3
ORD_1773;PROD_47;5;4
ORD_1773;PROD_34;5;3
ORD_1773;PROD_49;1;1
ORD_1773;PROD_40;3;5
ORD_1773;PROD_21;3;4
ORD_1773;PROD_2;4;3
ORD_1773;PROD_12;3;1
ORD_1773;PROD_34;3;5
ORD_1773;PROD_25;3;2
ORD_1773;PROD_14;5;4
ORD_1774;PROD_14;9;5
ORD_1774;PROD_2;3;1
ORD_1774;PROD_30;8;4
ORD_1774;PROD_31;7;1
ORD_1774;PROD_15;5;4
ORD_1774;PROD_9;6;3
ORD_1774;PROD_2;2;1
ORD_1774;PROD_48;5;3
ORD_1774;PROD_7;9;5
ORD_1774;PROD_38;4;3
ORD_1774;PROD_7;7;4
ORD_1774;PROD_46;9;3
ORD_1775;PROD_9;6;4
ORD_1775;PROD_20;4;1
ORD_1775;PROD_31;8;1
ORD_1775;PROD_39;9;2
ORD_1775;PROD_2;7;4
ORD_1775;PROD_23;1;1
ORD_1776;PROD_46;3;5
ORD_1776;PROD_13;7;5
ORD_1776;PROD_16;3;2
ORD_1776;PROD_49;5;5
ORD_1776;PROD_27;1;2
ORD_1776;PROD_2;8;2
ORD_1776;PROD_17;3;2
ORD_1777;PROD_44;8;3
ORD_1777;PROD_17;7;3
ORD_1777;PROD_4;7;2
ORD_1777;PROD_3;3;5
ORD_1777;PROD_25;9;3
ORD_1777;PROD_45;4;5
ORD_1777;PROD_18;3;4
ORD_1777;PROD_49;7;5
ORD_1777;PROD_20;2;5
ORD_1777;PROD_32;6;3
ORD_1777;PROD_47;1;1
ORD_1777;PROD_11;9;2
ORD_1777;PROD_41;3;2
ORD_1777;PROD_18;8;4
ORD_1778;PROD_46;6;5
ORD_1778;PROD_9;5;3
ORD_1778;PROD_28;3;5
ORD_1778;PROD_5;1;4
ORD_1778;PROD_12;5;3
ORD_1778;PROD_2;4;2
ORD_1778;PROD_39;5;3
ORD_1778;PROD_11;9;1
ORD_1778;PROD_35;2;4
ORD_1778;PROD_21;3;2
ORD_1778;PROD_16;2;2
ORD_1778;PROD_39;8;3
ORD_1779;PROD_5;9;1
ORD_1779;PROD_48;8;4
ORD_1779;PROD_21;4;5
ORD_1779;PROD_50;4;3
ORD_1779;PROD_17;7;3
ORD_1780;PROD_40;6;1
ORD_1780;PROD_37;9;5
ORD_1780;PROD_24;2;3
ORD_1780;PROD_23;6;1
ORD_1780;PROD_29;9;1
ORD_1780;PROD_5;6;1
ORD_1781;PROD_45;6;3
ORD_1781;PROD_46;4;2
ORD_1781;PROD_10;5;3
ORD_1781;PROD_12;4;1
ORD_1781;PROD_22;3;5
ORD_1781;PROD_32;1;2
ORD_1781;PROD_20;9;5
ORD_1781;PROD_21;8;2
ORD_1781;PROD_47;1;5
ORD_1781;PROD_2;8;3
ORD_1782;PROD_30;3;1
ORD_1782;PROD_26;8;2
ORD_1782;PROD_4;5;2
ORD_1782;PROD_22;2;1
ORD_1782;PROD_26;2;5
ORD_1782;PROD_18;8;2
ORD_1782;PROD_18;3;5
ORD_1782;PROD_6;6;3
ORD_1782;PROD_24;1;2
ORD_1782;PROD_50;2;1
ORD_1782;PROD_23;9;2
ORD_1782;PROD_14;5;2
ORD_1782;PROD_25;2;2
ORD_1782;PROD_29;7;5
ORD_1783;PROD_40;1;4
ORD_1783;PROD_37;3;1
ORD_1783;PROD_24;8;2
ORD_1783;PROD_23;7;5
ORD_1783;PROD_29;1;3
ORD_1783;PROD_44;6;2
ORD_1783;PROD_1;8;4
ORD_1783;PROD_30;4;3
ORD_1783;PROD_17;4;4
ORD_1783;PROD_23;6;1
ORD_1784;PROD_46;3;1
ORD_1784;PROD_13;9;3
ORD_1784;PROD_16;6;4
ORD_1784;PROD_49;9;5
ORD_1784;PROD_27;6;1
ORD_1784;PROD_11;5;5
ORD_1784;PROD_17;8;5
ORD_1785;PROD_46;8;4
ORD_1785;PROD_31;6;1
ORD_1785;PROD_40;5;2
ORD_1785;PROD_19;9;4
ORD_1785;PROD_14;7;4
ORD_1785;PROD_2;7;4
ORD_1786;PROD_5;2;3
ORD_1786;PROD_48;7;2
ORD_1786;PROD_21;8;2
ORD_1786;PROD_50;3;2
ORD_1786;PROD_17;8;5
ORD_1786;PROD_17;2;5
ORD_1786;PROD_45;9;3
ORD_1786;PROD_5;2;4
ORD_1786;PROD_20;7;1
ORD_1786;PROD_40;6;3
ORD_1786;PROD_37;5;1
ORD_1786;PROD_24;2;2
ORD_1786;PROD_23;3;5
ORD_1786;PROD_29;5;4
ORD_1786;PROD_30;8;1
ORD_1787;PROD_17;4;4
ORD_1787;PROD_45;8;5
ORD_1787;PROD_5;5;3
ORD_1787;PROD_20;1;1
ORD_1787;PROD_44;8;3
ORD_1787;PROD_17;9;3
ORD_1787;PROD_4;5;5
ORD_1787;PROD_3;1;3
ORD_1787;PROD_25;5;5
ORD_1788;PROD_42;1;5
ORD_1788;PROD_27;5;4
ORD_1788;PROD_43;1;2
ORD_1788;PROD_11;8;3
ORD_1788;PROD_29;8;5
ORD_1788;PROD_36;3;2
ORD_1788;PROD_29;4;4
ORD_1788;PROD_31;5;5
ORD_1788;PROD_44;6;3
ORD_1788;PROD_38;4;2
ORD_1788;PROD_41;3;1
ORD_1788;PROD_4;7;1
ORD_1788;PROD_31;6;2
ORD_1788;PROD_46;6;1
ORD_1788;PROD_21;4;1
ORD_1789;PROD_17;9;4
ORD_1789;PROD_45;2;5
ORD_1789;PROD_5;1;1
ORD_1789;PROD_20;3;4
ORD_1789;PROD_2;8;5
ORD_1789;PROD_50;4;1
ORD_1789;PROD_27;3;5
ORD_1790;PROD_31;9;3
ORD_1790;PROD_3;9;5
ORD_1790;PROD_22;3;1
ORD_1790;PROD_46;9;3
ORD_1790;PROD_7;6;4
ORD_1790;PROD_45;4;1
ORD_1791;PROD_2;4;3
ORD_1791;PROD_50;9;1
ORD_1791;PROD_27;1;1
ORD_1791;PROD_31;4;3
ORD_1791;PROD_3;2;1
ORD_1791;PROD_22;1;2
ORD_1791;PROD_46;7;3
ORD_1791;PROD_40;1;2
ORD_1791;PROD_37;9;3
ORD_1791;PROD_24;2;4
ORD_1791;PROD_23;9;4
ORD_1791;PROD_29;8;2
ORD_1791;PROD_47;5;1
ORD_1791;PROD_34;9;2
ORD_1791;PROD_16;7;4
ORD_1792;PROD_40;3;1
ORD_1792;PROD_6;2;3
ORD_1792;PROD_22;3;4
ORD_1792;PROD_30;9;2
ORD_1792;PROD_43;2;2
ORD_1792;PROD_1;6;5
ORD_1792;PROD_21;7;4
ORD_1792;PROD_9;7;5
ORD_1792;PROD_33;3;1
ORD_1792;PROD_1;4;1
ORD_1793;PROD_7;6;4
ORD_1793;PROD_45;8;4
ORD_1793;PROD_29;7;4
ORD_1793;PROD_7;8;5
ORD_1793;PROD_45;2;3
ORD_1793;PROD_29;8;4
ORD_1793;PROD_26;7;1
ORD_1793;PROD_46;4;2
ORD_1793;PROD_37;3;5
ORD_1793;PROD_7;8;2
ORD_1793;PROD_38;6;2
ORD_1793;PROD_49;1;1
ORD_1794;PROD_5;2;1
ORD_1794;PROD_39;2;1
ORD_1794;PROD_21;6;3
ORD_1794;PROD_30;1;2
ORD_1794;PROD_27;8;1
ORD_1794;PROD_44;5;1
ORD_1794;PROD_1;2;1
ORD_1794;PROD_43;3;2
ORD_1794;PROD_16;1;5
ORD_1795;PROD_39;1;3
ORD_1795;PROD_19;5;5
ORD_1795;PROD_13;5;1
ORD_1795;PROD_9;2;4
ORD_1795;PROD_15;5;4
ORD_1795;PROD_33;4;1
ORD_1795;PROD_9;4;3
ORD_1795;PROD_28;3;1
ORD_1795;PROD_2;3;2
ORD_1795;PROD_22;6;4
ORD_1795;PROD_6;4;4
ORD_1795;PROD_29;8;2
ORD_1795;PROD_7;5;3
ORD_1795;PROD_25;5;3
ORD_1796;PROD_44;8;4
ORD_1796;PROD_17;4;5
ORD_1796;PROD_4;7;4
ORD_1796;PROD_3;1;2
ORD_1796;PROD_25;5;3
ORD_1797;PROD_23;9;1
ORD_1797;PROD_14;5;5
ORD_1797;PROD_46;7;3
ORD_1797;PROD_9;1;2
ORD_1797;PROD_22;5;5
ORD_1798;PROD_34;9;1
ORD_1798;PROD_21;1;1
ORD_1798;PROD_18;7;3
ORD_1798;PROD_34;1;3
ORD_1798;PROD_21;8;4
ORD_1798;PROD_18;7;3
ORD_1798;PROD_12;7;1
ORD_1798;PROD_2;2;4
ORD_1798;PROD_39;4;3
ORD_1798;PROD_11;4;4
ORD_1799;PROD_7;8;4
ORD_1799;PROD_45;3;5
ORD_1799;PROD_29;4;4
ORD_1799;PROD_24;4;1
ORD_1799;PROD_26;2;1
ORD_1799;PROD_31;2;3
ORD_1799;PROD_46;2;2
ORD_1799;PROD_13;2;5
ORD_1800;PROD_40;6;1
ORD_1800;PROD_37;8;1
ORD_1800;PROD_24;6;3
ORD_1800;PROD_23;9;5
ORD_1800;PROD_29;8;1
ORD_1800;PROD_17;6;1
ORD_1800;PROD_45;1;4
ORD_1800;PROD_5;5;2
ORD_1800;PROD_20;2;2
ORD_1800;PROD_5;3;4
ORD_1800;PROD_48;5;3
ORD_1800;PROD_21;2;3
ORD_1800;PROD_50;2;5
ORD_1800;PROD_17;6;1
ORD_1801;PROD_44;3;3
ORD_1801;PROD_17;9;4
ORD_1801;PROD_4;8;5
ORD_1801;PROD_3;8;1
ORD_1801;PROD_25;6;1
ORD_1801;PROD_9;6;3
ORD_1801;PROD_23;1;3
ORD_1801;PROD_46;4;2
ORD_1802;PROD_31;8;4
ORD_1802;PROD_3;3;1
ORD_1802;PROD_22;1;3
ORD_1802;PROD_46;9;2
ORD_1802;PROD_48;4;2
ORD_1802;PROD_4;2;1
ORD_1802;PROD_38;9;4
ORD_1803;PROD_40;7;2
ORD_1803;PROD_37;2;4
ORD_1803;PROD_24;4;5
ORD_1803;PROD_23;2;4
ORD_1803;PROD_29;2;2
ORD_1803;PROD_2;8;3
ORD_1803;PROD_50;2;1
ORD_1803;PROD_27;7;2
ORD_1803;PROD_29;4;2
ORD_1803;PROD_38;2;2
ORD_1803;PROD_5;7;3
ORD_1803;PROD_2;8;2
ORD_1803;PROD_20;9;4
ORD_1804;PROD_31;5;2
ORD_1804;PROD_3;4;1
ORD_1804;PROD_22;2;2
ORD_1804;PROD_46;1;2
ORD_1804;PROD_5;5;5
ORD_1804;PROD_31;6;5
ORD_1804;PROD_12;5;4
ORD_1804;PROD_11;1;1
ORD_1804;PROD_6;1;4
ORD_1804;PROD_46;2;4
ORD_1805;PROD_34;9;2
ORD_1805;PROD_21;4;4
ORD_1805;PROD_18;9;5
ORD_1805;PROD_12;8;4
ORD_1805;PROD_33;9;2
ORD_1805;PROD_10;9;4
ORD_1805;PROD_3;7;2
ORD_1805;PROD_47;2;1
ORD_1805;PROD_36;5;4
ORD_1805;PROD_16;7;2
ORD_1805;PROD_5;5;3
ORD_1805;PROD_16;1;5
ORD_1805;PROD_35;7;1
ORD_1805;PROD_32;2;3
ORD_1806;PROD_9;8;3
ORD_1806;PROD_23;6;4
ORD_1806;PROD_13;5;2
ORD_1806;PROD_37;4;1
ORD_1806;PROD_10;2;2
ORD_1806;PROD_7;6;3
ORD_1806;PROD_5;7;3
ORD_1806;PROD_3;7;5
ORD_1806;PROD_18;5;1
ORD_1806;PROD_37;8;2
ORD_1806;PROD_7;7;4
ORD_1806;PROD_28;2;1
ORD_1806;PROD_31;8;5
ORD_1806;PROD_21;8;5
ORD_1806;PROD_11;1;5
ORD_1807;PROD_7;8;5
ORD_1807;PROD_45;1;3
ORD_1807;PROD_29;4;1
ORD_1807;PROD_31;6;4
ORD_1807;PROD_3;8;1
ORD_1807;PROD_22;3;4
ORD_1807;PROD_46;5;5
ORD_1807;PROD_7;6;3
ORD_1807;PROD_45;6;3
ORD_1807;PROD_29;3;2
ORD_1807;PROD_8;6;1
ORD_1807;PROD_45;4;1
ORD_1807;PROD_21;3;3
ORD_1808;PROD_5;2;5
ORD_1808;PROD_48;8;3
ORD_1808;PROD_21;4;3
ORD_1808;PROD_50;6;3
ORD_1808;PROD_17;7;2
ORD_1809;PROD_2;1;2
ORD_1809;PROD_50;5;1
ORD_1809;PROD_27;3;3
ORD_1809;PROD_24;2;2
ORD_1809;PROD_23;5;2
ORD_1809;PROD_24;6;4
ORD_1810;PROD_39;9;2
ORD_1810;PROD_28;3;2
ORD_1810;PROD_48;6;1
ORD_1810;PROD_18;8;5
ORD_1810;PROD_29;6;4
ORD_1810;PROD_6;2;1
ORD_1810;PROD_20;9;5
ORD_1810;PROD_5;7;2
ORD_1810;PROD_19;9;3
ORD_1810;PROD_16;9;4
ORD_1810;PROD_26;7;1
ORD_1810;PROD_43;6;1
ORD_1811;PROD_7;7;5
ORD_1811;PROD_45;9;3
ORD_1811;PROD_29;3;3
ORD_1811;PROD_46;7;4
ORD_1811;PROD_9;4;4
ORD_1811;PROD_28;4;3
ORD_1811;PROD_5;4;5
ORD_1811;PROD_44;7;2
ORD_1812;PROD_2;5;2
ORD_1812;PROD_50;3;1
ORD_1812;PROD_27;5;1
ORD_1812;PROD_9;4;4
ORD_1812;PROD_23;7;3
ORD_1812;PROD_46;2;3
ORD_1812;PROD_32;7;1
ORD_1812;PROD_14;7;3
ORD_1812;PROD_29;7;2
ORD_1812;PROD_4;7;5
ORD_1812;PROD_29;2;2
ORD_1812;PROD_15;5;3
ORD_1812;PROD_36;5;3
ORD_1813;PROD_14;3;1
ORD_1813;PROD_24;5;3
ORD_1813;PROD_4;6;1
ORD_1813;PROD_13;1;2
ORD_1813;PROD_5;6;5
ORD_1813;PROD_18;6;2
ORD_1813;PROD_14;7;5
ORD_1813;PROD_17;3;1
ORD_1813;PROD_29;1;5
ORD_1813;PROD_32;1;4
ORD_1813;PROD_31;5;3
ORD_1813;PROD_19;2;4
ORD_1813;PROD_1;4;1
ORD_1814;PROD_27;9;4
ORD_1814;PROD_40;4;1
ORD_1814;PROD_26;9;4
ORD_1814;PROD_12;4;2
ORD_1814;PROD_3;1;3
ORD_1814;PROD_27;2;4
ORD_1814;PROD_34;4;3
ORD_1814;PROD_11;6;4
ORD_1814;PROD_26;3;4
ORD_1814;PROD_4;8;5
ORD_1815;PROD_9;1;5
ORD_1815;PROD_23;1;2
ORD_1815;PROD_31;4;1
ORD_1815;PROD_32;6;5
ORD_1815;PROD_34;6;5
ORD_1815;PROD_1;3;5
ORD_1815;PROD_9;7;2
ORD_1815;PROD_10;7;4
ORD_1815;PROD_10;9;5
ORD_1815;PROD_31;6;4
ORD_1815;PROD_48;8;3
ORD_1815;PROD_3;4;5
ORD_1815;PROD_40;8;5
ORD_1815;PROD_48;9;3
ORD_1815;PROD_12;4;2
ORD_1816;PROD_39;9;2
ORD_1816;PROD_34;4;2
ORD_1816;PROD_2;1;2
ORD_1816;PROD_43;6;5
ORD_1816;PROD_10;2;5
ORD_1816;PROD_7;1;5
ORD_1816;PROD_19;7;3
ORD_1816;PROD_38;5;5
ORD_1816;PROD_2;5;3
ORD_1816;PROD_49;3;4
ORD_1816;PROD_44;2;1
ORD_1817;PROD_7;8;5
ORD_1817;PROD_45;4;5
ORD_1817;PROD_29;3;3
ORD_1817;PROD_39;5;3
ORD_1817;PROD_26;4;5
ORD_1817;PROD_1;2;3
ORD_1818;PROD_7;7;2
ORD_1818;PROD_45;6;2
ORD_1818;PROD_29;9;2
ORD_1818;PROD_50;5;5
ORD_1818;PROD_25;6;4
ORD_1818;PROD_35;7;3
ORD_1818;PROD_22;1;3
ORD_1818;PROD_39;3;5
ORD_1818;PROD_18;3;4
ORD_1818;PROD_14;7;4
ORD_1818;PROD_47;9;4
ORD_1818;PROD_14;2;4
ORD_1819;PROD_9;3;5
ORD_1819;PROD_23;8;2
ORD_1819;PROD_30;9;1
ORD_1819;PROD_12;1;2
ORD_1819;PROD_16;5;4
ORD_1819;PROD_20;3;3
ORD_1819;PROD_44;4;5
ORD_1820;PROD_9;5;2
ORD_1820;PROD_23;2;1
ORD_1820;PROD_44;3;4
ORD_1820;PROD_17;3;1
ORD_1820;PROD_4;9;2
ORD_1820;PROD_3;4;4
ORD_1820;PROD_25;5;5
ORD_1821;PROD_9;4;3
ORD_1821;PROD_23;9;2
ORD_1821;PROD_3;2;5
ORD_1821;PROD_42;5;5
ORD_1821;PROD_46;9;5
ORD_1821;PROD_31;2;4
ORD_1821;PROD_23;4;1
ORD_1821;PROD_9;9;1
ORD_1821;PROD_15;8;3
ORD_1821;PROD_16;5;4
ORD_1822;PROD_46;8;1
ORD_1822;PROD_13;1;3
ORD_1822;PROD_16;5;4
ORD_1822;PROD_49;6;1
ORD_1822;PROD_27;3;5
ORD_1822;PROD_13;3;2
ORD_1822;PROD_19;9;2
ORD_1822;PROD_7;9;4
ORD_1822;PROD_32;8;3
ORD_1822;PROD_47;5;2
ORD_1823;PROD_9;1;4
ORD_1823;PROD_23;1;1
ORD_1823;PROD_46;5;5
ORD_1823;PROD_9;2;2
ORD_1823;PROD_28;2;2
ORD_1823;PROD_5;3;3
ORD_1823;PROD_32;5;1
ORD_1823;PROD_50;5;3
ORD_1823;PROD_3;8;3
ORD_1823;PROD_26;4;1
ORD_1823;PROD_11;9;2
ORD_1823;PROD_13;7;1
ORD_1823;PROD_11;9;2
ORD_1824;PROD_46;3;1
ORD_1824;PROD_13;9;4
ORD_1824;PROD_16;9;4
ORD_1824;PROD_49;4;3
ORD_1824;PROD_27;6;2
ORD_1824;PROD_46;9;4
ORD_1824;PROD_13;5;1
ORD_1824;PROD_16;8;2
ORD_1824;PROD_49;9;1
ORD_1824;PROD_27;4;5
ORD_1825;PROD_46;4;4
ORD_1825;PROD_13;7;5
ORD_1825;PROD_16;4;4
ORD_1825;PROD_49;3;1
ORD_1825;PROD_27;1;5
ORD_1825;PROD_38;5;4
ORD_1825;PROD_27;7;2
ORD_1826;PROD_34;7;4
ORD_1826;PROD_44;8;2
ORD_1826;PROD_24;4;2
ORD_1826;PROD_3;7;1
ORD_1826;PROD_44;5;5
ORD_1826;PROD_12;3;4
ORD_1826;PROD_22;3;4
ORD_1826;PROD_15;9;2
ORD_1826;PROD_28;1;4
ORD_1826;PROD_43;9;2
ORD_1826;PROD_50;8;2
ORD_1827;PROD_40;7;2
ORD_1827;PROD_12;1;3
ORD_1827;PROD_7;8;1
ORD_1827;PROD_1;6;1
ORD_1827;PROD_28;3;2
ORD_1827;PROD_34;9;5
ORD_1827;PROD_3;7;2
ORD_1827;PROD_48;8;1
ORD_1827;PROD_13;1;5
ORD_1827;PROD_9;5;4
ORD_1827;PROD_9;8;3
ORD_1827;PROD_36;1;5
ORD_1827;PROD_48;2;5
ORD_1827;PROD_43;6;2
ORD_1828;PROD_44;5;2
ORD_1828;PROD_17;5;2
ORD_1828;PROD_4;9;5
ORD_1828;PROD_3;6;1
ORD_1828;PROD_25;1;4
ORD_1828;PROD_40;9;4
ORD_1828;PROD_37;6;4
ORD_1829;PROD_47;2;5
ORD_1829;PROD_43;1;4
ORD_1829;PROD_34;6;2
ORD_1829;PROD_8;3;5
ORD_1829;PROD_22;5;1
ORD_1829;PROD_32;7;4
ORD_1829;PROD_41;4;3
ORD_1829;PROD_43;3;2
ORD_1829;PROD_28;8;1
ORD_1829;PROD_8;3;5
ORD_1830;PROD_47;3;4
ORD_1830;PROD_25;1;1
ORD_1830;PROD_7;6;3
ORD_1830;PROD_34;9;3
ORD_1830;PROD_23;9;3
ORD_1830;PROD_43;8;5
ORD_1830;PROD_9;7;5
ORD_1830;PROD_11;7;1
ORD_1830;PROD_39;8;3
ORD_1830;PROD_43;9;1
ORD_1830;PROD_30;7;5
ORD_1831;PROD_9;8;2
ORD_1831;PROD_23;6;1
ORD_1831;PROD_43;1;3
ORD_1831;PROD_1;6;2
ORD_1831;PROD_19;3;3
ORD_1831;PROD_48;9;3
ORD_1831;PROD_20;9;5
ORD_1831;PROD_11;8;5
ORD_1831;PROD_3;7;2
ORD_1832;PROD_43;4;2
ORD_1832;PROD_38;2;1
ORD_1832;PROD_9;1;4
ORD_1832;PROD_20;4;5
ORD_1832;PROD_20;5;2
ORD_1832;PROD_13;6;5
ORD_1832;PROD_4;4;5
ORD_1832;PROD_15;8;1
ORD_1832;PROD_26;8;1
ORD_1832;PROD_23;5;2
ORD_1832;PROD_12;5;3
ORD_1832;PROD_39;5;4
ORD_1832;PROD_45;8;1
ORD_1832;PROD_42;3;1
ORD_1833;PROD_44;7;2
ORD_1833;PROD_17;4;4
ORD_1833;PROD_4;7;3
ORD_1833;PROD_3;3;1
ORD_1833;PROD_25;1;4
ORD_1833;PROD_9;1;4
ORD_1833;PROD_5;5;4
ORD_1833;PROD_10;9;2
ORD_1833;PROD_40;5;2
ORD_1834;PROD_24;8;3
ORD_1834;PROD_41;5;3
ORD_1834;PROD_49;1;4
ORD_1834;PROD_28;7;2
ORD_1834;PROD_22;4;1
ORD_1834;PROD_44;1;4
ORD_1834;PROD_3;4;3
ORD_1834;PROD_44;3;1
ORD_1834;PROD_16;2;2
ORD_1834;PROD_28;9;3
ORD_1834;PROD_48;8;1
ORD_1834;PROD_11;4;5
ORD_1834;PROD_6;5;2
ORD_1834;PROD_30;9;2
ORD_1835;PROD_1;9;3
ORD_1835;PROD_5;2;4
ORD_1835;PROD_50;1;2
ORD_1835;PROD_48;4;4
ORD_1835;PROD_38;3;5
ORD_1835;PROD_24;5;1
ORD_1835;PROD_14;6;2
ORD_1835;PROD_10;9;5
ORD_1836;PROD_5;7;4
ORD_1836;PROD_48;1;2
ORD_1836;PROD_21;6;5
ORD_1836;PROD_50;9;3
ORD_1836;PROD_17;9;1
ORD_1836;PROD_31;8;3
ORD_1836;PROD_3;5;2
ORD_1836;PROD_22;4;4
ORD_1836;PROD_46;7;3
ORD_1836;PROD_1;8;2
ORD_1836;PROD_11;4;1
ORD_1836;PROD_35;9;3
ORD_1836;PROD_3;1;2
ORD_1836;PROD_49;3;1
ORD_1836;PROD_45;8;1
ORD_1837;PROD_2;7;4
ORD_1837;PROD_50;8;5
ORD_1837;PROD_27;5;1
ORD_1837;PROD_2;2;4
ORD_1837;PROD_50;3;3
ORD_1837;PROD_27;8;4
ORD_1837;PROD_13;7;3
ORD_1837;PROD_30;9;5
ORD_1837;PROD_34;1;1
ORD_1837;PROD_11;3;5
ORD_1837;PROD_21;9;4
ORD_1837;PROD_12;7;1
ORD_1837;PROD_17;3;2
ORD_1837;PROD_6;2;5
ORD_1837;PROD_19;7;1
ORD_1838;PROD_20;7;4
ORD_1838;PROD_20;2;5
ORD_1838;PROD_1;6;1
ORD_1838;PROD_13;6;5
ORD_1838;PROD_19;6;3
ORD_1838;PROD_48;9;1
ORD_1838;PROD_2;9;1
ORD_1839;PROD_12;2;2
ORD_1839;PROD_2;4;1
ORD_1839;PROD_39;6;5
ORD_1839;PROD_11;5;1
ORD_1839;PROD_17;3;5
ORD_1840;PROD_22;4;1
ORD_1840;PROD_25;8;4
ORD_1840;PROD_24;8;2
ORD_1840;PROD_4;1;5
ORD_1840;PROD_12;6;2
ORD_1840;PROD_23;8;4
ORD_1841;PROD_34;7;4
ORD_1841;PROD_21;7;5
ORD_1841;PROD_18;3;2
ORD_1841;PROD_29;9;4
ORD_1841;PROD_47;6;4
ORD_1841;PROD_14;1;4
ORD_1841;PROD_10;3;4
ORD_1841;PROD_9;3;2
ORD_1841;PROD_45;8;2
ORD_1841;PROD_40;2;1
ORD_1841;PROD_39;7;5
ORD_1841;PROD_3;5;1
ORD_1842;PROD_5;5;4
ORD_1842;PROD_48;7;5
ORD_1842;PROD_21;3;4
ORD_1842;PROD_50;2;1
ORD_1842;PROD_17;6;1
ORD_1842;PROD_46;8;3
ORD_1842;PROD_9;5;3
ORD_1842;PROD_28;9;4
ORD_1842;PROD_5;2;5
ORD_1842;PROD_38;9;5
ORD_1842;PROD_32;7;1
ORD_1843;PROD_5;3;1
ORD_1843;PROD_48;6;4
ORD_1843;PROD_21;6;2
ORD_1843;PROD_50;8;3
ORD_1843;PROD_17;8;1
ORD_1844;PROD_34;4;2
ORD_1844;PROD_21;8;4
ORD_1844;PROD_18;8;1
ORD_1844;PROD_7;4;3
ORD_1844;PROD_45;9;1
ORD_1844;PROD_29;6;4
ORD_1844;PROD_9;8;2
ORD_1844;PROD_23;7;1
ORD_1844;PROD_48;8;4
ORD_1844;PROD_24;4;5
ORD_1844;PROD_42;6;5
ORD_1844;PROD_1;6;3
ORD_1844;PROD_33;4;1
ORD_1845;PROD_11;8;5
ORD_1845;PROD_27;7;5
ORD_1845;PROD_13;6;4
ORD_1845;PROD_29;3;1
ORD_1845;PROD_44;5;4
ORD_1845;PROD_30;9;3
ORD_1845;PROD_13;9;3
ORD_1845;PROD_49;4;3
ORD_1845;PROD_50;5;3
ORD_1845;PROD_28;4;1
ORD_1845;PROD_18;1;3
ORD_1845;PROD_21;5;3
ORD_1846;PROD_15;8;2
ORD_1846;PROD_46;8;4
ORD_1846;PROD_10;5;4
ORD_1846;PROD_3;1;5
ORD_1846;PROD_49;8;4
ORD_1846;PROD_1;7;1
ORD_1846;PROD_15;2;1
ORD_1846;PROD_40;1;3
ORD_1846;PROD_29;8;3
ORD_1847;PROD_46;7;3
ORD_1847;PROD_9;5;4
ORD_1847;PROD_28;8;1
ORD_1847;PROD_5;4;2
ORD_1847;PROD_44;4;3
ORD_1847;PROD_17;3;2
ORD_1848;PROD_5;2;4
ORD_1848;PROD_48;9;3
ORD_1848;PROD_21;6;1
ORD_1848;PROD_50;5;5
ORD_1848;PROD_17;9;1
ORD_1848;PROD_15;7;3
ORD_1848;PROD_12;9;4
ORD_1848;PROD_38;7;1
ORD_1849;PROD_21;8;4
ORD_1849;PROD_43;6;4
ORD_1849;PROD_39;2;3
ORD_1849;PROD_17;6;2
ORD_1849;PROD_31;3;4
ORD_1849;PROD_44;8;1
ORD_1849;PROD_49;4;4
ORD_1849;PROD_7;7;5
ORD_1849;PROD_29;2;4
ORD_1850;PROD_12;7;4
ORD_1850;PROD_24;5;1
ORD_1850;PROD_42;9;5
ORD_1850;PROD_20;9;4
ORD_1850;PROD_11;8;1
ORD_1850;PROD_31;4;2
ORD_1850;PROD_25;4;2
ORD_1850;PROD_10;3;4
ORD_1851;PROD_2;2;2
ORD_1851;PROD_50;3;5
ORD_1851;PROD_27;2;1
ORD_1851;PROD_34;2;5
ORD_1851;PROD_21;1;2
ORD_1851;PROD_18;1;5
ORD_1851;PROD_48;1;4
ORD_1851;PROD_40;1;3
ORD_1851;PROD_27;9;5
ORD_1852;PROD_34;1;3
ORD_1852;PROD_21;1;3
ORD_1852;PROD_18;8;2
ORD_1852;PROD_12;2;4
ORD_1852;PROD_2;8;3
ORD_1852;PROD_39;7;1
ORD_1852;PROD_11;1;3
ORD_1852;PROD_9;8;2
ORD_1852;PROD_23;3;1
ORD_1852;PROD_3;4;5
ORD_1852;PROD_19;5;3
ORD_1853;PROD_24;2;4
ORD_1853;PROD_2;5;2
ORD_1853;PROD_4;8;4
ORD_1853;PROD_2;5;4
ORD_1853;PROD_22;1;1
ORD_1853;PROD_41;6;3
ORD_1853;PROD_5;9;1
ORD_1853;PROD_46;7;5
ORD_1853;PROD_2;3;2
ORD_1853;PROD_21;4;2
ORD_1854;PROD_17;6;5
ORD_1854;PROD_45;2;3
ORD_1854;PROD_5;3;3
ORD_1854;PROD_20;9;5
ORD_1854;PROD_7;1;4
ORD_1854;PROD_20;4;5
ORD_1855;PROD_5;5;2
ORD_1855;PROD_48;1;3
ORD_1855;PROD_21;9;3
ORD_1855;PROD_50;5;5
ORD_1855;PROD_17;3;4
ORD_1855;PROD_17;9;1
ORD_1855;PROD_45;3;4
ORD_1855;PROD_5;9;3
ORD_1855;PROD_20;8;3
ORD_1855;PROD_26;3;3
ORD_1855;PROD_12;6;1
ORD_1856;PROD_45;8;1
ORD_1856;PROD_34;5;3
ORD_1856;PROD_46;7;4
ORD_1856;PROD_46;5;5
ORD_1856;PROD_27;7;5
ORD_1856;PROD_11;1;5
ORD_1856;PROD_15;9;2
ORD_1856;PROD_44;6;4
ORD_1857;PROD_2;7;4
ORD_1857;PROD_50;6;1
ORD_1857;PROD_27;1;5
ORD_1857;PROD_18;1;1
ORD_1857;PROD_9;8;3
ORD_1858;PROD_46;8;3
ORD_1858;PROD_9;9;2
ORD_1858;PROD_28;3;3
ORD_1858;PROD_5;8;2
ORD_1858;PROD_12;7;5
ORD_1859;PROD_34;5;3
ORD_1859;PROD_21;5;2
ORD_1859;PROD_18;8;1
ORD_1859;PROD_34;8;5
ORD_1859;PROD_16;5;4
ORD_1859;PROD_2;7;4
ORD_1859;PROD_25;4;1
ORD_1859;PROD_4;3;5
ORD_1859;PROD_41;5;5
ORD_1859;PROD_22;3;5
ORD_1859;PROD_10;1;1
ORD_1860;PROD_49;7;1
ORD_1860;PROD_46;8;1
ORD_1860;PROD_9;9;4
ORD_1860;PROD_4;6;2
ORD_1860;PROD_31;2;1
ORD_1860;PROD_34;9;3
ORD_1860;PROD_46;3;3
ORD_1860;PROD_2;3;4
ORD_1860;PROD_45;8;2
ORD_1860;PROD_50;5;5
ORD_1860;PROD_25;5;3
ORD_1860;PROD_45;4;1
ORD_1860;PROD_8;7;5
ORD_1861;PROD_5;1;3
ORD_1861;PROD_48;2;4
ORD_1861;PROD_21;7;3
ORD_1861;PROD_50;5;5
ORD_1861;PROD_17;5;2
ORD_1861;PROD_9;6;1
ORD_1862;PROD_44;6;5
ORD_1862;PROD_17;3;3
ORD_1862;PROD_4;3;4
ORD_1862;PROD_3;5;1
ORD_1862;PROD_25;9;2
ORD_1862;PROD_44;1;1
ORD_1862;PROD_17;1;3
ORD_1862;PROD_4;3;1
ORD_1863;PROD_2;3;5
ORD_1863;PROD_50;8;5
ORD_1863;PROD_27;3;4
ORD_1863;PROD_49;7;4
ORD_1863;PROD_42;8;4
ORD_1863;PROD_1;8;4
ORD_1863;PROD_15;6;1
ORD_1863;PROD_10;6;5
ORD_1864;PROD_44;8;3
ORD_1864;PROD_17;4;2
ORD_1864;PROD_4;4;2
ORD_1864;PROD_3;7;3
ORD_1864;PROD_25;8;5
ORD_1864;PROD_12;4;2
ORD_1864;PROD_2;4;5
ORD_1864;PROD_39;3;2
ORD_1864;PROD_11;1;5
ORD_1864;PROD_17;1;4
ORD_1865;PROD_34;8;4
ORD_1865;PROD_21;9;4
ORD_1865;PROD_18;7;3
ORD_1865;PROD_31;3;1
ORD_1865;PROD_43;9;1
ORD_1865;PROD_6;1;3
ORD_1865;PROD_29;1;2
ORD_1865;PROD_32;3;5
ORD_1865;PROD_1;4;4
ORD_1865;PROD_9;5;4
ORD_1865;PROD_28;5;5
ORD_1865;PROD_32;5;1
ORD_1865;PROD_34;9;2
ORD_1865;PROD_34;1;2
ORD_1866;PROD_39;2;2
ORD_1866;PROD_41;4;3
ORD_1866;PROD_21;9;2
ORD_1866;PROD_39;8;2
ORD_1866;PROD_8;4;2
ORD_1866;PROD_28;2;5
ORD_1866;PROD_18;5;3
ORD_1866;PROD_17;7;5
ORD_1866;PROD_21;2;1
ORD_1866;PROD_5;3;1
ORD_1866;PROD_11;9;1
ORD_1866;PROD_9;8;5
ORD_1867;PROD_9;2;4
ORD_1867;PROD_23;2;1
ORD_1867;PROD_2;4;3
ORD_1867;PROD_50;2;5
ORD_1867;PROD_27;6;5
ORD_1867;PROD_34;9;4
ORD_1867;PROD_21;7;5
ORD_1867;PROD_18;9;2
ORD_1867;PROD_26;7;2
ORD_1867;PROD_17;2;2
ORD_1867;PROD_5;7;4
ORD_1867;PROD_2;2;2
ORD_1867;PROD_37;5;2
ORD_1867;PROD_11;1;4
ORD_1868;PROD_44;6;4
ORD_1868;PROD_17;7;1
ORD_1868;PROD_4;8;4
ORD_1868;PROD_3;2;3
ORD_1868;PROD_25;8;4
ORD_1868;PROD_15;4;4
ORD_1868;PROD_12;3;4
ORD_1868;PROD_19;9;1
ORD_1868;PROD_34;9;2
ORD_1869;PROD_12;8;2
ORD_1869;PROD_2;8;2
ORD_1869;PROD_39;4;4
ORD_1869;PROD_11;4;5
ORD_1869;PROD_43;2;4
ORD_1869;PROD_3;7;2
ORD_1869;PROD_19;9;3
ORD_1869;PROD_31;2;4
ORD_1869;PROD_46;8;4
ORD_1869;PROD_6;5;5
ORD_1869;PROD_3;1;5
ORD_1869;PROD_2;6;3
ORD_1869;PROD_13;8;5
ORD_1869;PROD_27;8;1
ORD_1870;PROD_5;1;3
ORD_1870;PROD_48;4;3
ORD_1870;PROD_21;3;4
ORD_1870;PROD_50;5;2
ORD_1870;PROD_17;4;5
ORD_1870;PROD_7;5;3
ORD_1870;PROD_45;8;2
ORD_1870;PROD_29;1;4
ORD_1870;PROD_19;8;3
ORD_1870;PROD_26;7;4
ORD_1870;PROD_1;2;1
ORD_1870;PROD_33;2;4
ORD_1871;PROD_12;6;1
ORD_1871;PROD_2;4;5
ORD_1871;PROD_39;4;3
ORD_1871;PROD_11;1;3
ORD_1871;PROD_5;8;1
ORD_1871;PROD_48;5;3
ORD_1871;PROD_21;7;2
ORD_1871;PROD_50;5;1
ORD_1871;PROD_17;9;5
ORD_1871;PROD_8;7;3
ORD_1871;PROD_16;3;1
ORD_1871;PROD_37;6;1
ORD_1871;PROD_33;4;1
ORD_1871;PROD_21;5;4
ORD_1871;PROD_48;4;4
ORD_1872;PROD_31;8;2
ORD_1872;PROD_3;9;4
ORD_1872;PROD_22;5;2
ORD_1872;PROD_46;8;5
ORD_1872;PROD_5;6;5
ORD_1872;PROD_48;6;1
ORD_1872;PROD_21;8;4
ORD_1872;PROD_50;2;2
ORD_1872;PROD_17;1;2
ORD_1872;PROD_29;8;2
ORD_1872;PROD_9;5;4
ORD_1872;PROD_40;5;4
ORD_1872;PROD_18;3;3
ORD_1872;PROD_35;4;3
ORD_1873;PROD_46;7;5
ORD_1873;PROD_13;9;5
ORD_1873;PROD_16;5;2
ORD_1873;PROD_49;2;5
ORD_1873;PROD_27;1;3
ORD_1873;PROD_40;7;4
ORD_1873;PROD_5;6;2
ORD_1873;PROD_26;5;3
ORD_1873;PROD_7;2;2
ORD_1873;PROD_9;7;2
ORD_1873;PROD_16;3;5
ORD_1873;PROD_11;2;2
ORD_1873;PROD_19;8;1
ORD_1874;PROD_2;4;1
ORD_1874;PROD_50;4;2
ORD_1874;PROD_27;6;1
ORD_1874;PROD_40;1;4
ORD_1874;PROD_37;3;1
ORD_1874;PROD_24;8;4
ORD_1874;PROD_23;2;2
ORD_1875;PROD_46;8;2
ORD_1875;PROD_9;7;4
ORD_1875;PROD_28;3;1
ORD_1875;PROD_5;7;4
ORD_1875;PROD_34;6;3
ORD_1875;PROD_21;3;5
ORD_1875;PROD_18;4;5
ORD_1875;PROD_2;3;5
ORD_1875;PROD_50;2;5
ORD_1875;PROD_27;6;5
ORD_1875;PROD_25;3;1
ORD_1875;PROD_19;8;1
ORD_1876;PROD_12;7;4
ORD_1876;PROD_2;2;1
ORD_1876;PROD_39;7;1
ORD_1876;PROD_11;5;3
ORD_1876;PROD_46;8;4
ORD_1876;PROD_13;2;1
ORD_1876;PROD_16;5;1
ORD_1876;PROD_49;7;5
ORD_1876;PROD_27;8;5
ORD_1876;PROD_8;3;5
ORD_1876;PROD_21;1;5
ORD_1876;PROD_49;4;3
ORD_1876;PROD_40;6;1
ORD_1876;PROD_15;6;1
ORD_1876;PROD_20;2;1
ORD_1877;PROD_14;7;3
ORD_1877;PROD_12;6;5
ORD_1877;PROD_3;6;2
ORD_1877;PROD_9;7;3
ORD_1877;PROD_31;8;1
ORD_1877;PROD_13;9;1
ORD_1877;PROD_22;3;5
ORD_1877;PROD_18;6;3
ORD_1877;PROD_21;1;3
ORD_1877;PROD_17;1;5
ORD_1877;PROD_9;9;2
ORD_1877;PROD_46;2;3
ORD_1877;PROD_43;7;1
ORD_1877;PROD_29;6;3
ORD_1878;PROD_8;6;1
ORD_1878;PROD_25;3;3
ORD_1878;PROD_45;8;2
ORD_1878;PROD_2;5;4
ORD_1878;PROD_36;2;4
ORD_1878;PROD_49;6;5
ORD_1878;PROD_8;2;1
ORD_1878;PROD_6;4;3
ORD_1878;PROD_6;6;1
ORD_1878;PROD_38;8;2
ORD_1878;PROD_37;5;4
ORD_1878;PROD_31;9;3
ORD_1878;PROD_25;7;3
ORD_1879;PROD_9;1;3
ORD_1879;PROD_23;1;3
ORD_1879;PROD_46;9;5
ORD_1879;PROD_9;1;2
ORD_1879;PROD_28;9;5
ORD_1879;PROD_5;4;3
ORD_1879;PROD_2;3;3
ORD_1879;PROD_50;2;1
ORD_1880;PROD_28;3;2
ORD_1880;PROD_43;6;5
ORD_1880;PROD_46;8;3
ORD_1880;PROD_7;5;2
ORD_1880;PROD_27;3;2
ORD_1880;PROD_37;7;3
ORD_1880;PROD_35;1;4
ORD_1880;PROD_45;1;1
ORD_1880;PROD_10;6;3
ORD_1881;PROD_7;4;3
ORD_1881;PROD_45;9;2
ORD_1881;PROD_29;3;1
ORD_1881;PROD_2;7;1
ORD_1881;PROD_50;8;4
ORD_1881;PROD_27;4;5
ORD_1881;PROD_11;2;2
ORD_1881;PROD_38;6;3
ORD_1881;PROD_31;6;5
ORD_1882;PROD_9;5;4
ORD_1882;PROD_23;4;1
ORD_1882;PROD_5;8;1
ORD_1882;PROD_48;5;4
ORD_1882;PROD_21;5;3
ORD_1882;PROD_50;4;4
ORD_1882;PROD_17;2;4
ORD_1882;PROD_36;2;1
ORD_1882;PROD_6;6;5
ORD_1882;PROD_34;4;4
ORD_1883;PROD_42;4;2
ORD_1883;PROD_24;7;5
ORD_1883;PROD_25;2;2
ORD_1883;PROD_29;2;1
ORD_1883;PROD_39;6;1
ORD_1883;PROD_6;6;4
ORD_1883;PROD_7;3;4
ORD_1883;PROD_27;7;5
ORD_1883;PROD_22;1;1
ORD_1884;PROD_34;7;2
ORD_1884;PROD_21;8;5
ORD_1884;PROD_18;2;2
ORD_1884;PROD_34;8;2
ORD_1884;PROD_21;8;3
ORD_1884;PROD_18;2;2
ORD_1884;PROD_34;7;2
ORD_1884;PROD_21;2;3
ORD_1884;PROD_18;2;5
ORD_1884;PROD_16;4;1
ORD_1884;PROD_46;6;2
ORD_1884;PROD_12;6;5
ORD_1884;PROD_37;9;1
ORD_1884;PROD_41;4;5
ORD_1884;PROD_27;6;5
ORD_1885;PROD_17;6;2
ORD_1885;PROD_45;3;2
ORD_1885;PROD_5;7;2
ORD_1885;PROD_20;6;1
ORD_1885;PROD_46;7;1
ORD_1885;PROD_9;5;4
ORD_1885;PROD_28;1;3
ORD_1885;PROD_5;9;5
ORD_1886;PROD_44;2;2
ORD_1886;PROD_17;5;1
ORD_1886;PROD_4;9;1
ORD_1886;PROD_3;2;5
ORD_1886;PROD_25;8;3
ORD_1886;PROD_7;7;4
ORD_1886;PROD_5;7;3
ORD_1886;PROD_40;4;1
ORD_1886;PROD_36;6;2
ORD_1886;PROD_9;9;2
ORD_1886;PROD_39;6;2
ORD_1886;PROD_30;7;4
ORD_1886;PROD_8;6;2
ORD_1887;PROD_9;6;3
ORD_1887;PROD_23;9;4
ORD_1887;PROD_9;8;5
ORD_1887;PROD_23;6;4
ORD_1887;PROD_46;4;3
ORD_1888;PROD_2;5;4
ORD_1888;PROD_50;7;2
ORD_1888;PROD_27;7;2
ORD_1888;PROD_38;5;2
ORD_1888;PROD_14;1;1
ORD_1888;PROD_1;9;3
ORD_1888;PROD_16;9;4
ORD_1889;PROD_46;3;3
ORD_1889;PROD_13;8;2
ORD_1889;PROD_16;5;5
ORD_1889;PROD_49;4;4
ORD_1889;PROD_27;8;3
ORD_1889;PROD_5;9;5
ORD_1889;PROD_48;4;2
ORD_1889;PROD_21;8;4
ORD_1889;PROD_50;9;2
ORD_1889;PROD_17;8;2
ORD_1889;PROD_41;4;5
ORD_1889;PROD_40;8;3
ORD_1889;PROD_38;7;1
ORD_1889;PROD_18;8;4
ORD_1889;PROD_21;1;2
ORD_1890;PROD_40;9;3
ORD_1890;PROD_37;9;4
ORD_1890;PROD_24;3;5
ORD_1890;PROD_23;7;3
ORD_1890;PROD_29;2;1
ORD_1890;PROD_19;3;3
ORD_1891;PROD_2;9;1
ORD_1891;PROD_50;4;3
ORD_1891;PROD_27;3;1
ORD_1891;PROD_2;6;3
ORD_1891;PROD_42;7;1
ORD_1891;PROD_44;4;1
ORD_1891;PROD_29;5;2
ORD_1891;PROD_18;8;5
ORD_1891;PROD_23;2;2
ORD_1892;PROD_5;2;1
ORD_1892;PROD_48;2;4
ORD_1892;PROD_21;6;1
ORD_1892;PROD_50;8;4
ORD_1892;PROD_17;8;3
ORD_1892;PROD_46;8;2
ORD_1892;PROD_9;9;5
ORD_1892;PROD_28;2;3
ORD_1892;PROD_5;9;3
ORD_1892;PROD_46;7;2
ORD_1893;PROD_30;5;4
ORD_1893;PROD_18;7;4
ORD_1893;PROD_32;7;5
ORD_1893;PROD_33;8;3
ORD_1893;PROD_30;7;2
ORD_1893;PROD_10;1;3
ORD_1893;PROD_33;3;4
ORD_1893;PROD_20;2;3
ORD_1893;PROD_16;9;4
ORD_1893;PROD_31;3;4
ORD_1893;PROD_4;5;2
ORD_1893;PROD_39;6;2
ORD_1893;PROD_4;8;1
ORD_1893;PROD_31;6;1
ORD_1894;PROD_23;8;4
ORD_1894;PROD_4;6;3
ORD_1894;PROD_33;6;1
ORD_1894;PROD_23;7;5
ORD_1894;PROD_3;3;4
ORD_1894;PROD_49;2;5
ORD_1894;PROD_8;8;5
ORD_1894;PROD_47;9;4
ORD_1895;PROD_25;3;5
ORD_1895;PROD_20;9;1
ORD_1895;PROD_5;5;4
ORD_1895;PROD_22;2;4
ORD_1895;PROD_30;1;5
ORD_1895;PROD_32;1;1
ORD_1895;PROD_20;2;1
ORD_1895;PROD_10;7;3
ORD_1896;PROD_46;6;4
ORD_1896;PROD_9;6;1
ORD_1896;PROD_28;1;1
ORD_1896;PROD_5;7;2
ORD_1896;PROD_7;1;5
ORD_1896;PROD_45;9;3
ORD_1896;PROD_29;1;2
ORD_1896;PROD_44;1;2
ORD_1896;PROD_17;4;2
ORD_1896;PROD_4;1;4
ORD_1896;PROD_3;5;1
ORD_1896;PROD_25;4;2
ORD_1896;PROD_21;2;4
ORD_1897;PROD_44;2;5
ORD_1897;PROD_17;7;3
ORD_1897;PROD_4;6;1
ORD_1897;PROD_3;8;2
ORD_1897;PROD_25;8;4
ORD_1897;PROD_40;7;4
ORD_1897;PROD_37;5;5
ORD_1897;PROD_24;2;5
ORD_1898;PROD_5;7;3
ORD_1898;PROD_48;2;1
ORD_1898;PROD_21;7;4
ORD_1898;PROD_50;5;4
ORD_1898;PROD_17;7;4
ORD_1898;PROD_2;5;3
ORD_1898;PROD_50;2;5
ORD_1898;PROD_27;8;5
ORD_1898;PROD_44;4;1
ORD_1898;PROD_17;7;3
ORD_1898;PROD_4;8;1
ORD_1898;PROD_3;4;1
ORD_1899;PROD_46;5;3
ORD_1899;PROD_13;1;4
ORD_1899;PROD_16;3;1
ORD_1899;PROD_49;9;3
ORD_1899;PROD_27;8;4
ORD_1899;PROD_5;8;5
ORD_1899;PROD_48;4;3
ORD_1899;PROD_21;1;4
ORD_1900;PROD_9;7;2
ORD_1900;PROD_11;5;2
ORD_1900;PROD_37;1;1
ORD_1900;PROD_35;5;5
ORD_1900;PROD_29;9;1
ORD_1900;PROD_10;7;3
ORD_1900;PROD_10;8;3
ORD_1900;PROD_2;6;2
ORD_1900;PROD_44;9;1
ORD_1900;PROD_36;5;5
ORD_1900;PROD_46;5;3
ORD_1900;PROD_37;2;2
ORD_1900;PROD_11;9;2
ORD_1901;PROD_46;3;1
ORD_1901;PROD_13;2;3
ORD_1901;PROD_16;8;5
ORD_1901;PROD_49;7;2
ORD_1901;PROD_27;8;4
ORD_1901;PROD_17;3;5
ORD_1901;PROD_45;9;3
ORD_1901;PROD_5;7;5
ORD_1901;PROD_20;9;1
ORD_1901;PROD_2;3;1
ORD_1901;PROD_50;3;1
ORD_1902;PROD_12;6;2
ORD_1902;PROD_2;6;5
ORD_1902;PROD_39;5;2
ORD_1902;PROD_11;3;5
ORD_1902;PROD_4;5;5
ORD_1902;PROD_37;4;5
ORD_1902;PROD_19;2;1
ORD_1902;PROD_33;9;2
ORD_1902;PROD_31;7;1
ORD_1902;PROD_38;7;5
ORD_1902;PROD_50;1;5
ORD_1902;PROD_17;8;3
ORD_1903;PROD_31;2;5
ORD_1903;PROD_3;8;5
ORD_1903;PROD_22;6;4
ORD_1903;PROD_46;9;5
ORD_1903;PROD_5;6;2
ORD_1903;PROD_48;5;4
ORD_1903;PROD_21;8;2
ORD_1903;PROD_50;5;3
ORD_1903;PROD_17;1;4
ORD_1903;PROD_17;5;1
ORD_1904;PROD_5;5;5
ORD_1904;PROD_48;1;1
ORD_1904;PROD_21;5;5
ORD_1904;PROD_50;8;5
ORD_1904;PROD_17;8;1
ORD_1904;PROD_12;3;1
ORD_1904;PROD_2;5;1
ORD_1905;PROD_44;1;1
ORD_1905;PROD_17;9;2
ORD_1905;PROD_4;5;5
ORD_1905;PROD_3;2;5
ORD_1905;PROD_25;9;3
ORD_1906;PROD_5;3;5
ORD_1906;PROD_33;3;1
ORD_1906;PROD_37;1;5
ORD_1906;PROD_15;2;3
ORD_1906;PROD_33;4;5
ORD_1907;PROD_44;9;4
ORD_1907;PROD_17;6;4
ORD_1907;PROD_4;4;4
ORD_1907;PROD_3;7;1
ORD_1907;PROD_25;6;3
ORD_1907;PROD_46;7;4
ORD_1907;PROD_9;5;1
ORD_1907;PROD_28;4;1
ORD_1907;PROD_5;2;4
ORD_1907;PROD_7;2;3
ORD_1907;PROD_45;7;4
ORD_1907;PROD_29;8;1
ORD_1907;PROD_48;2;2
ORD_1908;PROD_50;5;5
ORD_1908;PROD_14;5;5
ORD_1908;PROD_47;4;1
ORD_1908;PROD_46;9;1
ORD_1908;PROD_19;2;1
ORD_1908;PROD_50;3;1
ORD_1908;PROD_30;8;2
ORD_1908;PROD_1;5;3
ORD_1909;PROD_1;4;1
ORD_1909;PROD_32;9;2
ORD_1909;PROD_39;8;5
ORD_1909;PROD_40;8;2
ORD_1909;PROD_44;8;2
ORD_1910;PROD_31;9;1
ORD_1910;PROD_3;5;3
ORD_1910;PROD_22;5;1
ORD_1910;PROD_46;5;4
ORD_1910;PROD_34;3;1
ORD_1910;PROD_21;4;5
ORD_1911;PROD_34;7;3
ORD_1911;PROD_21;8;4
ORD_1911;PROD_18;2;4
ORD_1911;PROD_46;2;3
ORD_1911;PROD_13;7;5
ORD_1911;PROD_16;1;4
ORD_1911;PROD_49;9;2
ORD_1911;PROD_27;2;4
ORD_1911;PROD_31;7;4
ORD_1911;PROD_15;9;3
ORD_1911;PROD_16;8;3
ORD_1911;PROD_33;1;4
ORD_1912;PROD_47;7;1
ORD_1912;PROD_26;1;2
ORD_1912;PROD_1;9;5
ORD_1912;PROD_14;8;5
ORD_1912;PROD_2;4;3
ORD_1912;PROD_21;1;2
ORD_1912;PROD_2;7;3
ORD_1912;PROD_43;7;1
ORD_1912;PROD_17;8;4
ORD_1912;PROD_34;7;1
ORD_1912;PROD_29;5;5
ORD_1912;PROD_40;6;3
ORD_1912;PROD_29;8;5
ORD_1912;PROD_36;2;2
ORD_1912;PROD_38;7;5
ORD_1913;PROD_34;3;5
ORD_1913;PROD_21;4;1
ORD_1913;PROD_18;4;3
ORD_1913;PROD_2;2;5
ORD_1913;PROD_50;5;4
ORD_1913;PROD_27;5;4
ORD_1913;PROD_48;8;1
ORD_1913;PROD_7;7;1
ORD_1913;PROD_32;5;1
ORD_1913;PROD_15;1;2
ORD_1913;PROD_48;1;1
ORD_1914;PROD_7;6;3
ORD_1914;PROD_45;3;5
ORD_1914;PROD_29;1;1
ORD_1914;PROD_31;5;4
ORD_1914;PROD_3;6;5
ORD_1914;PROD_22;6;1
ORD_1914;PROD_46;6;2
ORD_1914;PROD_5;8;4
ORD_1914;PROD_48;6;5
ORD_1915;PROD_2;1;5
ORD_1915;PROD_50;6;5
ORD_1915;PROD_27;2;2
ORD_1915;PROD_17;9;5
ORD_1915;PROD_45;7;2
ORD_1915;PROD_5;6;5
ORD_1915;PROD_20;2;5
ORD_1915;PROD_34;4;5
ORD_1916;PROD_9;2;5
ORD_1916;PROD_28;8;4
ORD_1916;PROD_21;2;5
ORD_1916;PROD_6;5;4
ORD_1916;PROD_32;1;2
ORD_1916;PROD_8;6;1
ORD_1916;PROD_44;7;5
ORD_1916;PROD_1;3;2
ORD_1916;PROD_31;9;4
ORD_1916;PROD_32;7;1
ORD_1916;PROD_43;6;2
ORD_1916;PROD_50;3;5
ORD_1917;PROD_46;3;3
ORD_1917;PROD_13;6;2
ORD_1917;PROD_16;9;2
ORD_1917;PROD_49;4;1
ORD_1917;PROD_27;2;1
ORD_1917;PROD_31;5;4
ORD_1917;PROD_3;7;4
ORD_1917;PROD_22;3;3
ORD_1917;PROD_46;8;5
ORD_1917;PROD_15;3;1
ORD_1917;PROD_49;5;3
ORD_1917;PROD_2;7;2
ORD_1918;PROD_9;2;5
ORD_1918;PROD_23;4;3
ORD_1918;PROD_39;6;4
ORD_1918;PROD_8;5;2
ORD_1918;PROD_26;3;5
ORD_1918;PROD_20;3;1
ORD_1919;PROD_44;9;3
ORD_1919;PROD_17;7;1
ORD_1919;PROD_4;2;1
ORD_1919;PROD_3;5;4
ORD_1919;PROD_25;2;5
ORD_1919;PROD_17;4;3
ORD_1919;PROD_45;3;4
ORD_1919;PROD_5;9;3
ORD_1919;PROD_20;2;4
ORD_1919;PROD_26;8;1
ORD_1919;PROD_23;5;2
ORD_1919;PROD_30;3;1
ORD_1919;PROD_19;7;2
ORD_1919;PROD_35;8;3
ORD_1920;PROD_7;7;1
ORD_1920;PROD_45;4;2
ORD_1920;PROD_29;5;1
ORD_1920;PROD_17;1;3
ORD_1920;PROD_27;9;1
ORD_1921;PROD_31;1;2
ORD_1921;PROD_9;6;2
ORD_1921;PROD_17;5;4
ORD_1921;PROD_23;6;1
ORD_1921;PROD_7;4;5
ORD_1921;PROD_45;8;4
ORD_1921;PROD_5;2;2
ORD_1921;PROD_19;2;1
ORD_1921;PROD_32;6;2
ORD_1921;PROD_23;2;5
ORD_1921;PROD_2;8;2
ORD_1921;PROD_20;8;5
ORD_1922;PROD_31;6;1
ORD_1922;PROD_3;7;2
ORD_1922;PROD_22;4;1
ORD_1922;PROD_46;5;2
ORD_1922;PROD_35;3;4
ORD_1922;PROD_33;1;2
ORD_1922;PROD_1;7;4
ORD_1922;PROD_11;3;1
ORD_1922;PROD_26;4;5
ORD_1922;PROD_3;4;2
ORD_1923;PROD_35;4;4
ORD_1923;PROD_41;6;1
ORD_1923;PROD_23;9;1
ORD_1923;PROD_46;5;2
ORD_1923;PROD_17;7;1
ORD_1924;PROD_46;9;5
ORD_1924;PROD_9;5;1
ORD_1924;PROD_28;9;5
ORD_1924;PROD_5;8;1
ORD_1924;PROD_12;5;2
ORD_1924;PROD_2;6;4
ORD_1924;PROD_39;7;3
ORD_1924;PROD_11;1;5
ORD_1924;PROD_21;5;1
ORD_1924;PROD_28;2;4
ORD_1925;PROD_44;3;4
ORD_1925;PROD_29;2;3
ORD_1925;PROD_9;9;3
ORD_1925;PROD_48;4;2
ORD_1925;PROD_27;1;3
ORD_1925;PROD_15;6;1
ORD_1925;PROD_29;6;5
ORD_1925;PROD_6;4;5
ORD_1926;PROD_19;8;2
ORD_1926;PROD_25;8;3
ORD_1926;PROD_12;7;4
ORD_1926;PROD_26;8;2
ORD_1926;PROD_23;7;2
ORD_1927;PROD_34;1;2
ORD_1927;PROD_22;3;4
ORD_1927;PROD_39;9;5
ORD_1927;PROD_23;7;4
ORD_1927;PROD_9;4;5
ORD_1927;PROD_6;3;1
ORD_1927;PROD_7;8;1
ORD_1927;PROD_32;1;2
ORD_1927;PROD_16;5;1
ORD_1927;PROD_27;5;1
ORD_1927;PROD_18;9;2
ORD_1927;PROD_4;2;1
ORD_1927;PROD_31;4;2
ORD_1927;PROD_11;5;4
ORD_1927;PROD_47;3;4
ORD_1928;PROD_36;1;2
ORD_1928;PROD_46;1;5
ORD_1928;PROD_5;3;4
ORD_1928;PROD_46;5;2
ORD_1928;PROD_14;9;5
ORD_1928;PROD_36;2;1
ORD_1928;PROD_2;1;2
ORD_1928;PROD_40;7;3
ORD_1928;PROD_46;3;4
ORD_1928;PROD_36;9;4
ORD_1929;PROD_6;8;4
ORD_1929;PROD_37;2;3
ORD_1929;PROD_18;9;5
ORD_1929;PROD_27;1;5
ORD_1929;PROD_19;9;2
ORD_1929;PROD_9;6;5
ORD_1929;PROD_44;2;2
ORD_1929;PROD_36;8;3
ORD_1929;PROD_35;1;2
ORD_1929;PROD_23;3;5
ORD_1929;PROD_12;9;4
ORD_1929;PROD_46;5;2
ORD_1929;PROD_50;2;3
ORD_1929;PROD_46;5;4
ORD_1930;PROD_44;4;1
ORD_1930;PROD_17;4;1
ORD_1930;PROD_4;6;2
ORD_1930;PROD_3;8;1
ORD_1930;PROD_25;4;3
ORD_1930;PROD_34;8;4
ORD_1930;PROD_21;1;3
ORD_1931;PROD_35;6;5
ORD_1931;PROD_32;1;1
ORD_1931;PROD_20;7;3
ORD_1931;PROD_11;3;3
ORD_1931;PROD_27;1;3
ORD_1931;PROD_23;4;1
ORD_1931;PROD_47;7;5
ORD_1931;PROD_38;2;2
ORD_1931;PROD_42;5;5
ORD_1931;PROD_33;2;2
ORD_1931;PROD_34;8;5
ORD_1931;PROD_13;3;2
ORD_1931;PROD_15;8;5
ORD_1931;PROD_48;8;1
ORD_1932;PROD_34;6;3
ORD_1932;PROD_21;2;2
ORD_1932;PROD_18;6;5
ORD_1932;PROD_9;1;2
ORD_1932;PROD_23;3;5
ORD_1932;PROD_34;8;3
ORD_1932;PROD_39;1;1
ORD_1932;PROD_28;7;4
ORD_1932;PROD_4;6;1
ORD_1933;PROD_31;3;2
ORD_1933;PROD_3;4;3
ORD_1933;PROD_22;7;5
ORD_1933;PROD_46;4;2
ORD_1933;PROD_46;8;5
ORD_1933;PROD_13;7;1
ORD_1933;PROD_16;2;2
ORD_1933;PROD_49;7;2
ORD_1933;PROD_27;9;4
ORD_1934;PROD_3;6;3
ORD_1934;PROD_48;4;4
ORD_1934;PROD_10;7;4
ORD_1934;PROD_12;3;3
ORD_1934;PROD_32;4;3
ORD_1934;PROD_49;2;4
ORD_1934;PROD_30;5;4
ORD_1935;PROD_2;3;1
ORD_1935;PROD_29;2;3
ORD_1935;PROD_2;3;4
ORD_1935;PROD_46;9;3
ORD_1935;PROD_34;8;1
ORD_1935;PROD_27;5;3
ORD_1935;PROD_41;1;2
ORD_1935;PROD_29;5;5
ORD_1935;PROD_10;3;4
ORD_1935;PROD_49;9;2
ORD_1935;PROD_2;2;1
ORD_1935;PROD_47;5;2
ORD_1935;PROD_36;2;3
ORD_1935;PROD_34;4;2
ORD_1936;PROD_31;6;1
ORD_1936;PROD_3;8;5
ORD_1936;PROD_22;2;3
ORD_1936;PROD_46;4;4
ORD_1936;PROD_31;4;2
ORD_1936;PROD_3;2;5
ORD_1936;PROD_22;5;4
ORD_1937;PROD_34;9;4
ORD_1937;PROD_21;5;2
ORD_1937;PROD_18;7;2
ORD_1937;PROD_2;5;5
ORD_1937;PROD_50;9;3
ORD_1937;PROD_27;7;3
ORD_1937;PROD_48;2;5
ORD_1937;PROD_42;4;5
ORD_1937;PROD_5;9;4
ORD_1938;PROD_12;3;3
ORD_1938;PROD_2;2;2
ORD_1938;PROD_39;3;2
ORD_1938;PROD_11;2;4
ORD_1938;PROD_12;1;3
ORD_1938;PROD_2;1;5
ORD_1938;PROD_39;3;2
ORD_1938;PROD_11;9;1
ORD_1938;PROD_21;4;2
ORD_1938;PROD_4;4;4
ORD_1938;PROD_13;9;3
ORD_1939;PROD_32;3;3
ORD_1939;PROD_17;8;3
ORD_1939;PROD_39;4;1
ORD_1939;PROD_13;9;3
ORD_1939;PROD_17;9;3
ORD_1939;PROD_42;3;1
ORD_1939;PROD_8;1;4
ORD_1940;PROD_12;7;1
ORD_1940;PROD_2;5;3
ORD_1940;PROD_39;1;5
ORD_1940;PROD_11;6;3
ORD_1940;PROD_7;4;2
ORD_1941;PROD_33;2;4
ORD_1941;PROD_45;9;1
ORD_1941;PROD_4;1;4
ORD_1941;PROD_19;8;5
ORD_1941;PROD_41;3;1
ORD_1941;PROD_6;7;5
ORD_1941;PROD_23;5;4
ORD_1941;PROD_21;5;2
ORD_1941;PROD_39;9;3
ORD_1941;PROD_25;8;2
ORD_1941;PROD_26;6;2
ORD_1942;PROD_44;6;2
ORD_1942;PROD_17;4;2
ORD_1942;PROD_4;7;2
ORD_1942;PROD_3;1;3
ORD_1942;PROD_25;6;5
ORD_1942;PROD_31;1;3
ORD_1942;PROD_3;9;4
ORD_1942;PROD_22;9;3
ORD_1942;PROD_46;4;5
ORD_1942;PROD_37;6;1
ORD_1942;PROD_46;9;5
ORD_1942;PROD_23;9;1
ORD_1943;PROD_46;4;5
ORD_1943;PROD_9;7;2
ORD_1943;PROD_28;5;3
ORD_1943;PROD_5;9;4
ORD_1943;PROD_12;9;5
ORD_1943;PROD_48;9;2
ORD_1943;PROD_11;6;1
ORD_1943;PROD_6;6;5
ORD_1943;PROD_40;3;4
ORD_1943;PROD_16;5;1
ORD_1943;PROD_15;7;2
ORD_1943;PROD_50;3;2
ORD_1944;PROD_12;6;3
ORD_1944;PROD_2;9;2
ORD_1944;PROD_39;1;2
ORD_1944;PROD_11;7;1
ORD_1944;PROD_12;3;3
ORD_1944;PROD_2;8;2
ORD_1944;PROD_39;5;2
ORD_1944;PROD_11;3;4
ORD_1944;PROD_12;8;3
ORD_1944;PROD_47;5;2
ORD_1944;PROD_3;8;3
ORD_1944;PROD_3;6;4
ORD_1944;PROD_42;7;5
ORD_1945;PROD_32;9;4
ORD_1945;PROD_7;7;1
ORD_1945;PROD_11;7;5
ORD_1945;PROD_3;1;4
ORD_1945;PROD_28;8;5
ORD_1946;PROD_5;4;4
ORD_1946;PROD_48;9;1
ORD_1946;PROD_21;5;1
ORD_1946;PROD_50;8;2
ORD_1946;PROD_17;7;5
ORD_1946;PROD_44;7;2
ORD_1946;PROD_17;4;3
ORD_1946;PROD_4;2;2
ORD_1946;PROD_3;4;4
ORD_1946;PROD_25;1;1
ORD_1946;PROD_2;1;1
ORD_1947;PROD_45;2;2
ORD_1947;PROD_7;5;4
ORD_1947;PROD_1;9;4
ORD_1947;PROD_10;3;5
ORD_1947;PROD_18;1;5
ORD_1947;PROD_26;3;3
ORD_1947;PROD_43;8;1
ORD_1947;PROD_39;3;3
ORD_1947;PROD_29;8;2
ORD_1947;PROD_24;7;2
ORD_1947;PROD_8;5;4
ORD_1947;PROD_15;3;1
ORD_1947;PROD_12;6;2
ORD_1947;PROD_16;2;4
ORD_1947;PROD_29;8;2
ORD_1948;PROD_46;8;5
ORD_1948;PROD_13;6;1
ORD_1948;PROD_16;9;3
ORD_1948;PROD_49;8;1
ORD_1948;PROD_27;5;1
ORD_1948;PROD_5;7;5
ORD_1948;PROD_48;2;2
ORD_1948;PROD_21;6;2
ORD_1948;PROD_50;2;1
ORD_1948;PROD_17;7;4
ORD_1949;PROD_44;7;4
ORD_1949;PROD_17;9;4
ORD_1949;PROD_4;7;4
ORD_1949;PROD_3;5;3
ORD_1949;PROD_25;1;4
ORD_1949;PROD_9;3;1
ORD_1949;PROD_23;5;5
ORD_1950;PROD_40;5;4
ORD_1950;PROD_37;7;1
ORD_1950;PROD_24;7;3
ORD_1950;PROD_23;8;2
ORD_1950;PROD_29;7;1
ORD_1950;PROD_34;6;3
ORD_1950;PROD_21;3;3
ORD_1950;PROD_18;1;4
ORD_1950;PROD_12;5;2
ORD_1951;PROD_46;5;1
ORD_1951;PROD_9;4;5
ORD_1951;PROD_28;2;1
ORD_1951;PROD_5;9;1
ORD_1951;PROD_5;3;1
ORD_1951;PROD_48;3;2
ORD_1951;PROD_21;8;2
ORD_1951;PROD_50;2;3
ORD_1951;PROD_17;7;3
ORD_1951;PROD_25;1;5
ORD_1951;PROD_31;2;3
ORD_1952;PROD_1;4;1
ORD_1952;PROD_1;8;5
ORD_1952;PROD_17;6;1
ORD_1952;PROD_9;6;2
ORD_1952;PROD_38;7;1
ORD_1952;PROD_45;2;1
ORD_1952;PROD_7;4;3
ORD_1952;PROD_19;3;4
ORD_1952;PROD_31;5;3
ORD_1952;PROD_7;9;1
ORD_1952;PROD_42;3;5
ORD_1952;PROD_20;5;5
ORD_1952;PROD_5;4;5
ORD_1952;PROD_43;8;1
ORD_1952;PROD_3;4;1
ORD_1953;PROD_17;6;1
ORD_1953;PROD_45;7;1
ORD_1953;PROD_5;1;3
ORD_1953;PROD_20;8;2
ORD_1953;PROD_11;2;4
ORD_1953;PROD_7;1;1
ORD_1953;PROD_22;5;5
ORD_1953;PROD_30;1;3
ORD_1953;PROD_17;9;5
ORD_1953;PROD_42;1;2
ORD_1953;PROD_20;7;2
ORD_1953;PROD_11;6;4
ORD_1953;PROD_17;3;4
ORD_1953;PROD_44;7;1
ORD_1954;PROD_34;4;3
ORD_1954;PROD_21;5;4
ORD_1954;PROD_18;3;3
ORD_1954;PROD_40;8;4
ORD_1954;PROD_37;2;2
ORD_1954;PROD_24;4;4
ORD_1954;PROD_23;5;5
ORD_1954;PROD_29;8;3
ORD_1954;PROD_41;4;3
ORD_1954;PROD_3;5;3
ORD_1955;PROD_16;4;4
ORD_1955;PROD_15;6;2
ORD_1955;PROD_33;3;4
ORD_1955;PROD_28;6;1
ORD_1955;PROD_30;1;3
ORD_1955;PROD_13;3;1
ORD_1956;PROD_9;5;4
ORD_1956;PROD_23;3;1
ORD_1956;PROD_21;2;3
ORD_1956;PROD_28;8;4
ORD_1956;PROD_48;8;5
ORD_1956;PROD_14;8;3
ORD_1956;PROD_24;8;4
ORD_1956;PROD_49;9;4
ORD_1956;PROD_30;3;5
ORD_1956;PROD_13;9;2
ORD_1956;PROD_42;8;5
ORD_1956;PROD_6;4;3
ORD_1956;PROD_31;6;1
ORD_1956;PROD_12;5;2
ORD_1957;PROD_13;9;1
ORD_1957;PROD_12;5;5
ORD_1957;PROD_20;6;4
ORD_1957;PROD_44;4;5
ORD_1957;PROD_37;9;4
ORD_1957;PROD_46;8;5
ORD_1957;PROD_41;8;3
ORD_1957;PROD_2;4;2
ORD_1957;PROD_8;8;2
ORD_1957;PROD_13;2;3
ORD_1957;PROD_25;4;4
ORD_1957;PROD_23;9;4
ORD_1957;PROD_9;6;5
ORD_1957;PROD_49;8;1
ORD_1958;PROD_31;1;1
ORD_1958;PROD_3;8;2
ORD_1958;PROD_22;7;3
ORD_1958;PROD_46;2;5
ORD_1958;PROD_31;9;4
ORD_1958;PROD_3;6;1
ORD_1958;PROD_22;1;5
ORD_1958;PROD_46;6;3
ORD_1958;PROD_37;9;1
ORD_1959;PROD_22;9;5
ORD_1959;PROD_46;5;2
ORD_1959;PROD_4;8;4
ORD_1959;PROD_42;6;5
ORD_1959;PROD_38;1;5
ORD_1959;PROD_29;9;4
ORD_1960;PROD_17;3;5
ORD_1960;PROD_45;2;5
ORD_1960;PROD_5;8;5
ORD_1960;PROD_20;8;2
ORD_1960;PROD_2;3;3
ORD_1960;PROD_50;5;2
ORD_1960;PROD_27;8;4
ORD_1960;PROD_33;8;3
ORD_1960;PROD_32;7;2
ORD_1961;PROD_46;9;1
ORD_1961;PROD_13;4;4
ORD_1961;PROD_16;7;5
ORD_1961;PROD_49;9;5
ORD_1961;PROD_27;4;1
ORD_1961;PROD_34;7;5
ORD_1962;PROD_31;8;2
ORD_1962;PROD_3;6;3
ORD_1962;PROD_22;4;3
ORD_1962;PROD_46;3;1
ORD_1962;PROD_46;7;5
ORD_1962;PROD_13;5;5
ORD_1962;PROD_16;8;5
ORD_1962;PROD_49;8;4
ORD_1962;PROD_27;7;3
ORD_1962;PROD_23;9;4
ORD_1962;PROD_18;8;5
ORD_1962;PROD_13;8;2
ORD_1962;PROD_49;2;3
ORD_1962;PROD_4;9;4
ORD_1963;PROD_31;7;5
ORD_1963;PROD_37;2;3
ORD_1963;PROD_29;6;2
ORD_1963;PROD_21;3;5
ORD_1963;PROD_14;8;3
ORD_1963;PROD_6;8;4
ORD_1963;PROD_49;4;2
ORD_1963;PROD_16;8;1
ORD_1963;PROD_42;8;5
ORD_1963;PROD_8;3;3
ORD_1963;PROD_1;9;5
ORD_1963;PROD_15;1;2
ORD_1963;PROD_10;7;4
ORD_1963;PROD_39;7;2
ORD_1963;PROD_39;5;1
ORD_1964;PROD_25;6;3
ORD_1964;PROD_45;1;4
ORD_1964;PROD_2;2;1
ORD_1964;PROD_29;9;3
ORD_1964;PROD_13;4;4
ORD_1964;PROD_19;9;4
ORD_1964;PROD_17;6;1
ORD_1964;PROD_20;1;2
ORD_1965;PROD_27;5;1
ORD_1965;PROD_23;7;2
ORD_1965;PROD_1;7;3
ORD_1965;PROD_37;9;3
ORD_1965;PROD_41;1;1
ORD_1965;PROD_19;9;3
ORD_1965;PROD_25;4;5
ORD_1965;PROD_36;9;2
ORD_1966;PROD_17;2;2
ORD_1966;PROD_47;4;2
ORD_1966;PROD_2;9;3
ORD_1966;PROD_24;7;1
ORD_1966;PROD_30;3;5
ORD_1967;PROD_5;5;5
ORD_1967;PROD_48;4;1
ORD_1967;PROD_21;5;4
ORD_1967;PROD_50;5;4
ORD_1967;PROD_17;4;5
ORD_1967;PROD_12;7;3
ORD_1967;PROD_2;6;4
ORD_1967;PROD_39;7;3
ORD_1967;PROD_11;5;2
ORD_1967;PROD_47;9;2
ORD_1967;PROD_17;6;3
ORD_1967;PROD_33;6;1
ORD_1967;PROD_9;5;1
ORD_1967;PROD_17;3;2
ORD_1968;PROD_5;5;2
ORD_1968;PROD_48;2;1
ORD_1968;PROD_21;6;5
ORD_1968;PROD_50;4;1
ORD_1968;PROD_17;6;3
ORD_1968;PROD_44;6;1
ORD_1968;PROD_17;9;4
ORD_1968;PROD_10;9;5
ORD_1968;PROD_29;4;4
ORD_1968;PROD_15;1;4
ORD_1969;PROD_40;8;3
ORD_1969;PROD_37;3;2
ORD_1969;PROD_24;9;4
ORD_1969;PROD_23;7;3
ORD_1969;PROD_29;5;5
ORD_1969;PROD_37;9;1
ORD_1969;PROD_12;7;2
ORD_1969;PROD_43;7;3
ORD_1969;PROD_47;6;1
ORD_1969;PROD_6;4;2
ORD_1969;PROD_8;8;2
ORD_1969;PROD_30;3;2
ORD_1970;PROD_17;5;3
ORD_1970;PROD_45;3;1
ORD_1970;PROD_5;4;1
ORD_1970;PROD_20;3;5
ORD_1970;PROD_40;4;4
ORD_1970;PROD_37;4;5
ORD_1970;PROD_24;9;2
ORD_1971;PROD_19;2;4
ORD_1971;PROD_15;6;5
ORD_1971;PROD_36;6;1
ORD_1971;PROD_42;5;1
ORD_1971;PROD_2;4;4
ORD_1971;PROD_43;1;4
ORD_1971;PROD_31;5;3
ORD_1971;PROD_27;5;1
ORD_1971;PROD_47;2;4
ORD_1971;PROD_46;9;5
ORD_1971;PROD_38;7;3
ORD_1971;PROD_31;2;4
ORD_1971;PROD_6;2;5
ORD_1971;PROD_1;4;4
ORD_1971;PROD_33;2;1
ORD_1972;PROD_37;7;5
ORD_1972;PROD_15;6;3
ORD_1972;PROD_3;4;1
ORD_1972;PROD_35;9;5
ORD_1972;PROD_32;4;2
ORD_1972;PROD_23;4;2
ORD_1972;PROD_8;5;4
ORD_1972;PROD_18;6;1
ORD_1972;PROD_50;4;4
ORD_1972;PROD_20;2;2
ORD_1972;PROD_23;7;5
ORD_1972;PROD_15;5;1
ORD_1972;PROD_40;2;2
ORD_1972;PROD_21;7;1
ORD_1972;PROD_16;7;5
ORD_1973;PROD_11;2;1
ORD_1973;PROD_38;1;2
ORD_1973;PROD_46;7;2
ORD_1973;PROD_24;9;2
ORD_1973;PROD_31;7;4
ORD_1973;PROD_49;1;5
ORD_1973;PROD_28;8;1
ORD_1974;PROD_46;6;1
ORD_1974;PROD_13;3;4
ORD_1974;PROD_16;3;5
ORD_1974;PROD_49;7;3
ORD_1974;PROD_27;4;2
ORD_1974;PROD_15;7;3
ORD_1974;PROD_30;7;3
ORD_1974;PROD_12;8;4
ORD_1974;PROD_44;8;5
ORD_1974;PROD_33;7;2
ORD_1974;PROD_37;9;3
ORD_1974;PROD_21;3;1
ORD_1974;PROD_27;5;1
ORD_1975;PROD_46;1;4
ORD_1975;PROD_9;2;1
ORD_1975;PROD_28;8;4
ORD_1975;PROD_5;5;2
ORD_1975;PROD_29;5;1
ORD_1975;PROD_34;1;3
ORD_1975;PROD_11;4;3
ORD_1975;PROD_11;1;4
ORD_1975;PROD_21;6;5
ORD_1975;PROD_8;6;4
ORD_1975;PROD_14;1;1
ORD_1976;PROD_46;9;4
ORD_1976;PROD_9;1;2
ORD_1976;PROD_28;1;3
ORD_1976;PROD_5;5;2
ORD_1976;PROD_2;5;2
ORD_1976;PROD_50;2;4
ORD_1976;PROD_27;5;3
ORD_1976;PROD_44;9;2
ORD_1976;PROD_17;7;4
ORD_1976;PROD_4;7;3
ORD_1976;PROD_3;5;4
ORD_1977;PROD_46;2;1
ORD_1977;PROD_13;5;4
ORD_1977;PROD_16;7;4
ORD_1977;PROD_49;7;3
ORD_1977;PROD_27;1;5
ORD_1977;PROD_9;9;3
ORD_1977;PROD_23;6;1
ORD_1977;PROD_44;7;1
ORD_1977;PROD_17;5;3
ORD_1977;PROD_4;3;5
ORD_1977;PROD_3;8;4
ORD_1977;PROD_25;6;5
ORD_1977;PROD_42;7;2
ORD_1978;PROD_17;1;3
ORD_1978;PROD_45;2;4
ORD_1978;PROD_5;5;2
ORD_1978;PROD_20;3;3
ORD_1978;PROD_44;5;4
ORD_1978;PROD_17;8;5
ORD_1978;PROD_4;4;1
ORD_1978;PROD_3;3;5
ORD_1979;PROD_5;8;2
ORD_1979;PROD_48;9;1
ORD_1979;PROD_21;7;3
ORD_1979;PROD_50;4;1
ORD_1979;PROD_17;9;5
ORD_1980;PROD_44;1;5
ORD_1980;PROD_17;5;5
ORD_1980;PROD_4;3;4
ORD_1980;PROD_3;3;3
ORD_1980;PROD_25;9;2
ORD_1980;PROD_2;8;5
ORD_1980;PROD_50;4;2
ORD_1980;PROD_27;8;4
ORD_1980;PROD_44;1;5
ORD_1980;PROD_17;8;5
ORD_1981;PROD_17;5;3
ORD_1981;PROD_45;1;1
ORD_1981;PROD_5;1;4
ORD_1981;PROD_20;8;1
ORD_1981;PROD_7;4;5
ORD_1981;PROD_45;7;2
ORD_1981;PROD_29;9;4
ORD_1982;PROD_42;3;5
ORD_1982;PROD_18;2;2
ORD_1982;PROD_37;5;3
ORD_1982;PROD_34;7;3
ORD_1982;PROD_29;2;1
ORD_1982;PROD_39;3;2
ORD_1982;PROD_2;3;2
ORD_1982;PROD_28;3;5
ORD_1982;PROD_36;5;4
ORD_1983;PROD_46;5;4
ORD_1983;PROD_9;6;4
ORD_1983;PROD_28;9;1
ORD_1983;PROD_5;5;5
ORD_1983;PROD_17;7;4
ORD_1983;PROD_45;1;5
ORD_1983;PROD_5;2;5
ORD_1984;PROD_17;5;3
ORD_1984;PROD_45;1;5
ORD_1984;PROD_5;6;2
ORD_1984;PROD_20;2;3
ORD_1984;PROD_9;9;5
ORD_1985;PROD_17;3;5
ORD_1985;PROD_45;4;3
ORD_1985;PROD_5;8;4
ORD_1985;PROD_20;2;3
ORD_1985;PROD_9;6;3
ORD_1985;PROD_23;5;3
ORD_1985;PROD_46;3;3
ORD_1985;PROD_13;8;5
ORD_1985;PROD_16;7;5
ORD_1986;PROD_5;1;4
ORD_1986;PROD_48;2;2
ORD_1986;PROD_21;3;3
ORD_1986;PROD_50;5;2
ORD_1986;PROD_17;4;5
ORD_1986;PROD_9;1;2
ORD_1986;PROD_23;1;2
ORD_1986;PROD_5;5;5
ORD_1987;PROD_25;4;5
ORD_1987;PROD_11;9;5
ORD_1987;PROD_4;9;4
ORD_1987;PROD_14;5;4
ORD_1987;PROD_38;4;1
ORD_1987;PROD_19;3;3
ORD_1987;PROD_43;1;5
ORD_1988;PROD_17;7;2
ORD_1988;PROD_45;5;4
ORD_1988;PROD_5;3;1
ORD_1988;PROD_20;8;3
ORD_1988;PROD_15;6;5
ORD_1988;PROD_43;1;3
ORD_1989;PROD_44;9;5
ORD_1989;PROD_17;7;2
ORD_1989;PROD_4;5;2
ORD_1989;PROD_3;6;5
ORD_1989;PROD_25;3;1
ORD_1989;PROD_31;2;4
ORD_1989;PROD_3;6;4
ORD_1989;PROD_22;3;3
ORD_1989;PROD_46;2;1
ORD_1989;PROD_9;2;4
ORD_1989;PROD_23;4;1
ORD_1989;PROD_28;9;4
ORD_1989;PROD_39;4;2
ORD_1990;PROD_46;4;2
ORD_1990;PROD_9;6;1
ORD_1990;PROD_28;1;3
ORD_1990;PROD_5;6;5
ORD_1990;PROD_49;9;5
ORD_1990;PROD_40;1;5
ORD_1991;PROD_5;8;3
ORD_1991;PROD_48;9;5
ORD_1991;PROD_21;1;4
ORD_1991;PROD_50;7;3
ORD_1991;PROD_17;7;3
ORD_1991;PROD_44;9;2
ORD_1991;PROD_17;7;5
ORD_1991;PROD_4;6;2
ORD_1991;PROD_3;5;3
ORD_1992;PROD_12;4;4
ORD_1992;PROD_2;3;1
ORD_1992;PROD_39;1;4
ORD_1992;PROD_11;4;3
ORD_1992;PROD_13;9;1
ORD_1992;PROD_14;6;4
ORD_1992;PROD_48;6;5
ORD_1992;PROD_24;5;3
ORD_1992;PROD_4;3;5
ORD_1992;PROD_9;5;4
ORD_1993;PROD_17;4;4
ORD_1993;PROD_45;4;1
ORD_1993;PROD_5;1;4
ORD_1993;PROD_20;8;4
ORD_1993;PROD_44;4;1
ORD_1993;PROD_17;2;1
ORD_1994;PROD_34;2;5
ORD_1994;PROD_21;8;4
ORD_1994;PROD_18;2;3
ORD_1994;PROD_28;3;1
ORD_1994;PROD_24;9;1
ORD_1994;PROD_2;3;4
ORD_1994;PROD_37;1;4
ORD_1994;PROD_48;3;1
ORD_1994;PROD_8;9;4
ORD_1994;PROD_11;8;3
ORD_1994;PROD_28;3;4
ORD_1995;PROD_17;9;2
ORD_1995;PROD_45;3;3
ORD_1995;PROD_5;3;4
ORD_1995;PROD_20;1;1
ORD_1995;PROD_7;1;1
ORD_1995;PROD_45;6;3
ORD_1995;PROD_29;1;5
ORD_1995;PROD_44;1;5
ORD_1995;PROD_37;5;3
ORD_1996;PROD_34;3;1
ORD_1996;PROD_21;1;4
ORD_1996;PROD_18;3;4
ORD_1996;PROD_44;2;4
ORD_1996;PROD_17;1;2
ORD_1997;PROD_2;2;2
ORD_1997;PROD_50;3;2
ORD_1997;PROD_27;6;1
ORD_1997;PROD_17;7;3
ORD_1997;PROD_45;4;3
ORD_1997;PROD_5;3;1
ORD_1997;PROD_20;5;3
ORD_1997;PROD_5;2;5
ORD_1997;PROD_48;5;1
ORD_1997;PROD_21;3;4
ORD_1997;PROD_50;3;5
ORD_1997;PROD_17;8;5
ORD_1997;PROD_10;2;4
ORD_1997;PROD_46;5;4
ORD_1997;PROD_14;5;1
ORD_1998;PROD_17;5;2
ORD_1998;PROD_45;2;3
ORD_1998;PROD_5;1;3
ORD_1998;PROD_20;6;1
ORD_1998;PROD_9;6;2
ORD_1998;PROD_23;4;1
ORD_1998;PROD_43;3;5
ORD_1998;PROD_8;7;2
ORD_1998;PROD_6;4;3
ORD_1998;PROD_9;8;2
ORD_1998;PROD_23;9;1
ORD_1998;PROD_34;2;4
ORD_1998;PROD_8;8;5
ORD_1998;PROD_34;1;2
ORD_1998;PROD_30;2;1
ORD_1999;PROD_40;4;5
ORD_1999;PROD_37;2;3
ORD_1999;PROD_24;8;2
ORD_1999;PROD_23;3;3
ORD_1999;PROD_29;3;2
ORD_2000;PROD_46;1;5
ORD_2000;PROD_9;6;3
ORD_2000;PROD_28;6;4
ORD_2000;PROD_5;1;3
ORD_2000;PROD_34;8;2
ORD_2000;PROD_21;8;4
ORD_2000;PROD_18;8;4
ORD_2000;PROD_25;4;2
ORD_2000;PROD_30;7;1
ORD_2000;PROD_6;1;2
ORD_2000;PROD_4;8;4
ORD_2000;PROD_30;4;5
ORD_2001;PROD_37;6;1
ORD_2001;PROD_42;2;4
ORD_2001;PROD_35;1;2
ORD_2001;PROD_6;5;1
ORD_2001;PROD_9;1;1
ORD_2001;PROD_12;1;1
ORD_2002;PROD_22;6;3
ORD_2002;PROD_38;5;3
ORD_2002;PROD_47;5;4
ORD_2002;PROD_30;4;4
ORD_2002;PROD_32;7;1
ORD_2002;PROD_17;2;5
ORD_2003;PROD_5;2;5
ORD_2003;PROD_48;9;5
ORD_2003;PROD_21;6;2
ORD_2003;PROD_50;4;3
ORD_2003;PROD_17;2;3
ORD_2003;PROD_36;9;1
ORD_2003;PROD_4;3;2
ORD_2003;PROD_46;3;2
ORD_2004;PROD_34;6;3
ORD_2004;PROD_21;7;2
ORD_2004;PROD_18;6;1
ORD_2004;PROD_32;8;4
ORD_2004;PROD_11;9;1
ORD_2004;PROD_30;5;2
ORD_2004;PROD_30;6;2
ORD_2004;PROD_6;4;3
ORD_2004;PROD_15;7;4
ORD_2005;PROD_9;3;4
ORD_2005;PROD_16;8;5
ORD_2005;PROD_31;4;2
ORD_2005;PROD_14;2;4
ORD_2005;PROD_17;6;2
ORD_2005;PROD_22;9;2
ORD_2005;PROD_29;9;1
ORD_2005;PROD_44;9;4
ORD_2005;PROD_22;1;3
ORD_2006;PROD_17;1;5
ORD_2006;PROD_45;4;1
ORD_2006;PROD_5;1;4
ORD_2006;PROD_20;7;1
ORD_2006;PROD_9;8;2
ORD_2006;PROD_23;7;2
ORD_2006;PROD_5;3;3
ORD_2006;PROD_48;4;1
ORD_2006;PROD_21;9;3
ORD_2006;PROD_50;1;2
ORD_2006;PROD_17;6;1
ORD_2006;PROD_37;7;2
ORD_2006;PROD_3;4;5
ORD_2006;PROD_39;8;5
ORD_2007;PROD_9;6;5
ORD_2007;PROD_23;2;3
ORD_2007;PROD_7;3;5
ORD_2007;PROD_45;1;5
ORD_2007;PROD_29;4;2
ORD_2007;PROD_17;6;1
ORD_2007;PROD_45;4;3
ORD_2007;PROD_5;8;2
ORD_2007;PROD_20;3;3
ORD_2007;PROD_4;7;3
ORD_2007;PROD_19;7;2
ORD_2007;PROD_36;3;4
ORD_2007;PROD_8;4;2
ORD_2007;PROD_41;9;1
ORD_2008;PROD_2;7;1
ORD_2008;PROD_50;3;5
ORD_2008;PROD_27;4;4
ORD_2008;PROD_39;8;4
ORD_2008;PROD_24;4;3
ORD_2008;PROD_21;9;5
ORD_2008;PROD_25;5;4
ORD_2008;PROD_19;9;1
ORD_2008;PROD_24;4;2
ORD_2008;PROD_9;7;3
ORD_2008;PROD_41;8;2
ORD_2009;PROD_34;4;5
ORD_2009;PROD_21;4;2
ORD_2009;PROD_18;7;4
ORD_2009;PROD_48;7;1
ORD_2009;PROD_26;3;1
ORD_2009;PROD_37;5;3
ORD_2009;PROD_15;1;1
ORD_2009;PROD_30;9;5
ORD_2009;PROD_36;4;5
ORD_2009;PROD_50;9;1
ORD_2009;PROD_33;3;3
ORD_2009;PROD_9;4;1
ORD_2010;PROD_40;3;1
ORD_2010;PROD_37;6;3
ORD_2010;PROD_24;6;5
ORD_2010;PROD_23;9;5
ORD_2010;PROD_29;2;4
ORD_2010;PROD_2;2;1
ORD_2010;PROD_50;9;5
ORD_2010;PROD_27;1;1
ORD_2010;PROD_12;4;5
ORD_2010;PROD_2;7;3
ORD_2010;PROD_39;8;3
ORD_2010;PROD_11;3;4
ORD_2010;PROD_50;4;4
ORD_2010;PROD_10;7;3
ORD_2010;PROD_5;3;2
ORD_2011;PROD_46;7;4
ORD_2011;PROD_9;1;5
ORD_2011;PROD_28;8;1
ORD_2011;PROD_5;6;1
ORD_2011;PROD_44;2;2
ORD_2011;PROD_17;2;5
ORD_2011;PROD_4;5;4
ORD_2011;PROD_3;1;1
ORD_2011;PROD_25;1;1
ORD_2011;PROD_9;3;3
ORD_2011;PROD_23;4;3
ORD_2012;PROD_13;5;4
ORD_2012;PROD_50;3;4
ORD_2012;PROD_23;3;1
ORD_2012;PROD_10;5;5
ORD_2012;PROD_30;1;4
ORD_2012;PROD_44;3;4
ORD_2012;PROD_41;7;1
ORD_2012;PROD_23;6;4
ORD_2012;PROD_29;4;2
ORD_2012;PROD_25;9;2
ORD_2012;PROD_40;7;5
ORD_2012;PROD_16;5;1
ORD_2012;PROD_25;5;1
ORD_2013;PROD_46;8;3
ORD_2013;PROD_9;8;2
ORD_2013;PROD_28;8;4
ORD_2013;PROD_5;8;3
ORD_2013;PROD_31;8;3
ORD_2013;PROD_3;3;3
ORD_2014;PROD_2;8;5
ORD_2014;PROD_50;8;2
ORD_2014;PROD_27;5;4
ORD_2014;PROD_23;9;4
ORD_2014;PROD_14;8;1
ORD_2014;PROD_1;1;4
ORD_2014;PROD_20;5;3
ORD_2015;PROD_9;4;3
ORD_2015;PROD_23;7;4
ORD_2015;PROD_46;5;4
ORD_2015;PROD_9;8;2
ORD_2015;PROD_28;5;3
ORD_2015;PROD_5;4;2
ORD_2015;PROD_17;8;1
ORD_2015;PROD_45;8;3
ORD_2015;PROD_5;9;1
ORD_2016;PROD_5;3;3
ORD_2016;PROD_48;9;2
ORD_2016;PROD_21;1;5
ORD_2016;PROD_50;2;5
ORD_2016;PROD_17;9;3
ORD_2016;PROD_17;2;5
ORD_2016;PROD_36;2;4
ORD_2016;PROD_15;9;1
ORD_2017;PROD_34;9;5
ORD_2017;PROD_21;8;2
ORD_2017;PROD_18;4;3
ORD_2017;PROD_19;3;2
ORD_2017;PROD_42;1;3
ORD_2017;PROD_25;3;3
ORD_2017;PROD_16;9;4
ORD_2017;PROD_27;2;2
ORD_2017;PROD_4;5;4
ORD_2017;PROD_42;6;1
ORD_2017;PROD_46;2;3
ORD_2017;PROD_11;9;3
ORD_2018;PROD_9;8;3
ORD_2018;PROD_23;4;4
ORD_2018;PROD_9;9;2
ORD_2018;PROD_23;1;4
ORD_2018;PROD_15;6;4
ORD_2018;PROD_19;5;2
ORD_2018;PROD_41;8;5
ORD_2019;PROD_17;6;1
ORD_2019;PROD_45;5;3
ORD_2019;PROD_5;7;5
ORD_2019;PROD_20;9;1
ORD_2019;PROD_34;3;4
ORD_2019;PROD_21;7;1
ORD_2019;PROD_18;9;2
ORD_2019;PROD_30;5;1
ORD_2020;PROD_32;2;3
ORD_2020;PROD_31;1;5
ORD_2020;PROD_30;2;5
ORD_2020;PROD_36;7;1
ORD_2020;PROD_38;3;1
ORD_2020;PROD_6;5;3
ORD_2020;PROD_28;9;1
ORD_2020;PROD_22;1;3
ORD_2020;PROD_31;7;3
ORD_2020;PROD_18;4;5
ORD_2020;PROD_6;2;4
ORD_2020;PROD_8;9;2
ORD_2021;PROD_46;6;5
ORD_2021;PROD_13;4;2
ORD_2021;PROD_16;8;3
ORD_2021;PROD_49;6;1
ORD_2021;PROD_27;8;2
ORD_2021;PROD_5;5;2
ORD_2021;PROD_48;3;4
ORD_2021;PROD_21;8;4
ORD_2021;PROD_50;1;2
ORD_2022;PROD_31;8;5
ORD_2022;PROD_3;7;1
ORD_2022;PROD_22;3;5
ORD_2022;PROD_46;4;5
ORD_2022;PROD_5;7;2
ORD_2022;PROD_48;6;5
ORD_2023;PROD_40;9;1
ORD_2023;PROD_37;9;4
ORD_2023;PROD_24;6;2
ORD_2023;PROD_23;8;3
ORD_2023;PROD_29;1;4
ORD_2023;PROD_9;8;2
ORD_2023;PROD_23;8;3
ORD_2023;PROD_7;8;3
ORD_2023;PROD_45;5;5
ORD_2023;PROD_29;7;2
ORD_2024;PROD_7;4;3
ORD_2024;PROD_45;7;5
ORD_2024;PROD_29;5;5
ORD_2024;PROD_50;4;5
ORD_2024;PROD_28;4;3
ORD_2024;PROD_28;8;2
ORD_2024;PROD_42;7;3
ORD_2024;PROD_9;2;3
ORD_2024;PROD_35;5;1
ORD_2024;PROD_22;5;4
ORD_2024;PROD_23;1;2
ORD_2024;PROD_40;2;4
ORD_2025;PROD_4;3;5
ORD_2025;PROD_38;2;3
ORD_2025;PROD_35;6;4
ORD_2025;PROD_22;8;5
ORD_2025;PROD_29;9;2
ORD_2025;PROD_7;3;3
ORD_2025;PROD_30;9;1
ORD_2025;PROD_44;6;2
ORD_2025;PROD_16;5;5
ORD_2026;PROD_40;5;2
ORD_2026;PROD_37;4;5
ORD_2026;PROD_24;9;2
ORD_2026;PROD_23;1;3
ORD_2026;PROD_29;8;1
ORD_2027;PROD_7;1;4
ORD_2027;PROD_45;6;5
ORD_2027;PROD_29;2;1
ORD_2027;PROD_40;5;3
ORD_2027;PROD_37;8;2
ORD_2027;PROD_24;4;4
ORD_2027;PROD_23;3;4
ORD_2027;PROD_29;2;3
ORD_2027;PROD_44;5;5
ORD_2027;PROD_44;4;2
ORD_2027;PROD_13;3;1
ORD_2028;PROD_17;4;2
ORD_2028;PROD_45;4;1
ORD_2028;PROD_5;1;2
ORD_2028;PROD_20;6;4
ORD_2028;PROD_46;1;5
ORD_2028;PROD_13;5;2
ORD_2028;PROD_16;6;5
ORD_2028;PROD_49;2;3
ORD_2029;PROD_46;7;5
ORD_2029;PROD_13;7;2
ORD_2029;PROD_16;2;2
ORD_2029;PROD_49;4;5
ORD_2029;PROD_27;2;4
ORD_2029;PROD_38;3;5
ORD_2029;PROD_14;6;4
ORD_2029;PROD_36;9;5
ORD_2029;PROD_23;3;5
ORD_2029;PROD_16;8;1
ORD_2029;PROD_47;7;3
ORD_2030;PROD_12;8;5
ORD_2030;PROD_2;6;3
ORD_2030;PROD_39;1;1
ORD_2030;PROD_11;3;4
ORD_2030;PROD_12;6;1
ORD_2030;PROD_16;6;3
ORD_2030;PROD_49;5;5
ORD_2030;PROD_16;2;2
ORD_2030;PROD_48;4;4
ORD_2030;PROD_33;4;2
ORD_2030;PROD_48;5;3
ORD_2030;PROD_3;2;4
ORD_2031;PROD_7;5;4
ORD_2031;PROD_11;2;2
ORD_2031;PROD_47;9;3
ORD_2031;PROD_30;7;4
ORD_2031;PROD_20;7;5
ORD_2031;PROD_29;5;1
ORD_2031;PROD_23;7;2
ORD_2031;PROD_19;1;3
ORD_2031;PROD_6;5;1
ORD_2031;PROD_19;3;4
ORD_2031;PROD_42;7;1
ORD_2031;PROD_11;6;2
ORD_2031;PROD_33;1;3
ORD_2031;PROD_4;9;1
ORD_2032;PROD_32;8;3
ORD_2032;PROD_11;8;1
ORD_2032;PROD_27;9;3
ORD_2032;PROD_24;6;5
ORD_2032;PROD_37;4;3
ORD_2032;PROD_16;7;4
ORD_2032;PROD_45;3;5
ORD_2033;PROD_20;9;3
ORD_2033;PROD_32;9;2
ORD_2033;PROD_22;1;3
ORD_2033;PROD_16;6;5
ORD_2033;PROD_6;7;1
ORD_2033;PROD_28;6;1
ORD_2033;PROD_5;1;1
ORD_2034;PROD_5;7;4
ORD_2034;PROD_48;8;4
ORD_2034;PROD_21;7;4
ORD_2034;PROD_50;5;2
ORD_2034;PROD_17;7;4
ORD_2034;PROD_31;3;5
ORD_2034;PROD_3;9;5
ORD_2034;PROD_22;3;2
ORD_2034;PROD_46;8;4
ORD_2035;PROD_40;1;5
ORD_2035;PROD_37;3;1
ORD_2035;PROD_24;9;4
ORD_2035;PROD_23;8;5
ORD_2035;PROD_29;4;5
ORD_2035;PROD_40;7;4
ORD_2036;PROD_46;2;2
ORD_2036;PROD_9;1;2
ORD_2036;PROD_28;7;5
ORD_2036;PROD_5;9;3
ORD_2036;PROD_31;1;5
ORD_2036;PROD_3;8;1
ORD_2036;PROD_22;4;3
ORD_2037;PROD_18;3;1
ORD_2037;PROD_23;9;3
ORD_2037;PROD_4;6;3
ORD_2037;PROD_42;3;5
ORD_2037;PROD_49;1;4
ORD_2037;PROD_48;9;4
ORD_2037;PROD_31;6;5
ORD_2037;PROD_8;6;1
ORD_2037;PROD_15;2;3
ORD_2037;PROD_20;1;2
ORD_2038;PROD_15;7;3
ORD_2038;PROD_24;4;1
ORD_2038;PROD_19;4;4
ORD_2038;PROD_46;5;1
ORD_2038;PROD_11;8;1
ORD_2038;PROD_21;8;5
ORD_2038;PROD_26;8;4
ORD_2038;PROD_18;9;3
ORD_2038;PROD_35;3;5
ORD_2038;PROD_35;7;1
ORD_2038;PROD_43;4;1
ORD_2038;PROD_5;1;5
ORD_2039;PROD_6;3;1
ORD_2039;PROD_27;7;4
ORD_2039;PROD_23;7;5
ORD_2039;PROD_26;9;3
ORD_2039;PROD_9;5;1
ORD_2039;PROD_18;7;4
ORD_2040;PROD_34;5;2
ORD_2040;PROD_31;8;4
ORD_2040;PROD_33;7;2
ORD_2040;PROD_46;6;1
ORD_2040;PROD_24;1;1
ORD_2040;PROD_34;8;2
ORD_2041;PROD_9;9;4
ORD_2041;PROD_23;8;1
ORD_2041;PROD_17;1;1
ORD_2041;PROD_45;3;4
ORD_2041;PROD_5;2;2
ORD_2041;PROD_20;4;4
ORD_2041;PROD_34;4;4
ORD_2041;PROD_15;9;1
ORD_2041;PROD_17;3;4
ORD_2041;PROD_42;2;3
ORD_2041;PROD_37;7;2
ORD_2041;PROD_12;4;2
ORD_2042;PROD_40;8;2
ORD_2042;PROD_37;7;2
ORD_2042;PROD_24;1;2
ORD_2042;PROD_23;2;5
ORD_2042;PROD_29;6;4
ORD_2042;PROD_2;5;1
ORD_2042;PROD_50;1;5
ORD_2042;PROD_27;6;2
ORD_2042;PROD_8;9;2
ORD_2042;PROD_24;8;3
ORD_2042;PROD_41;4;2
ORD_2042;PROD_46;9;1
ORD_2042;PROD_49;9;5
ORD_2042;PROD_7;6;4
ORD_2043;PROD_7;4;4
ORD_2043;PROD_45;4;5
ORD_2043;PROD_29;1;4
ORD_2043;PROD_1;2;4
ORD_2043;PROD_40;4;3
ORD_2043;PROD_5;9;5
ORD_2043;PROD_46;9;1
ORD_2043;PROD_2;6;1
ORD_2043;PROD_20;8;2
ORD_2043;PROD_35;5;3
ORD_2044;PROD_23;3;3
ORD_2044;PROD_35;8;3
ORD_2044;PROD_48;3;5
ORD_2044;PROD_2;9;1
ORD_2044;PROD_7;9;2
ORD_2044;PROD_21;3;4
ORD_2044;PROD_32;7;4
ORD_2045;PROD_2;7;1
ORD_2045;PROD_50;2;5
ORD_2045;PROD_27;3;4
ORD_2045;PROD_40;2;2
ORD_2045;PROD_37;8;2
ORD_2045;PROD_24;6;5
ORD_2045;PROD_23;6;2
ORD_2045;PROD_29;4;3
ORD_2045;PROD_26;7;2
ORD_2045;PROD_34;1;2
ORD_2045;PROD_34;7;4
ORD_2045;PROD_25;3;2
ORD_2045;PROD_46;7;5
ORD_2045;PROD_20;5;3
ORD_2045;PROD_32;4;5
ORD_2046;PROD_28;6;4
ORD_2046;PROD_6;2;5
ORD_2046;PROD_33;6;2
ORD_2046;PROD_43;3;4
ORD_2046;PROD_42;4;3
ORD_2046;PROD_43;6;3
ORD_2046;PROD_3;7;4
ORD_2046;PROD_46;1;1
ORD_2046;PROD_35;1;1
ORD_2046;PROD_26;8;1
ORD_2047;PROD_28;1;1
ORD_2047;PROD_28;4;5
ORD_2047;PROD_23;2;4
ORD_2047;PROD_34;6;5
ORD_2047;PROD_23;5;4
ORD_2047;PROD_24;1;1
ORD_2047;PROD_5;8;3
ORD_2048;PROD_9;7;3
ORD_2048;PROD_23;9;4
ORD_2048;PROD_31;8;2
ORD_2048;PROD_3;6;1
ORD_2048;PROD_22;4;4
ORD_2049;PROD_5;4;2
ORD_2049;PROD_48;5;2
ORD_2049;PROD_21;2;5
ORD_2049;PROD_50;2;2
ORD_2049;PROD_17;1;3
ORD_2049;PROD_34;4;4
ORD_2049;PROD_21;6;2
ORD_2049;PROD_18;8;2
ORD_2049;PROD_7;2;4
ORD_2049;PROD_45;2;1
ORD_2049;PROD_29;7;1
ORD_2049;PROD_42;9;3
ORD_2049;PROD_49;1;3
ORD_2050;PROD_9;8;5
ORD_2050;PROD_16;9;1
ORD_2050;PROD_45;4;4
ORD_2050;PROD_5;5;3
ORD_2050;PROD_44;1;4
ORD_2050;PROD_34;1;5
ORD_2050;PROD_36;5;4
ORD_2050;PROD_33;5;4
ORD_2050;PROD_32;7;4
ORD_2050;PROD_9;6;1
ORD_2050;PROD_6;7;2
ORD_2051;PROD_9;6;4
ORD_2051;PROD_23;8;1
ORD_2051;PROD_3;8;5
ORD_2051;PROD_48;1;3
ORD_2051;PROD_9;3;4
ORD_2052;PROD_7;5;4
ORD_2052;PROD_45;7;1
ORD_2052;PROD_29;6;4
ORD_2052;PROD_7;7;3
ORD_2052;PROD_45;1;2
ORD_2052;PROD_29;1;2
ORD_2053;PROD_5;3;4
ORD_2053;PROD_48;9;4
ORD_2053;PROD_21;2;3
ORD_2053;PROD_50;1;1
ORD_2053;PROD_17;6;5
ORD_2053;PROD_46;3;3
ORD_2053;PROD_9;6;4
ORD_2053;PROD_28;3;3
ORD_2053;PROD_5;3;1
ORD_2054;PROD_30;8;3
ORD_2054;PROD_12;4;5
ORD_2054;PROD_41;8;1
ORD_2054;PROD_25;5;1
ORD_2054;PROD_20;9;1
ORD_2054;PROD_17;5;3
ORD_2054;PROD_19;3;5
ORD_2054;PROD_11;1;2
ORD_2054;PROD_35;3;3
ORD_2054;PROD_9;8;1
ORD_2055;PROD_5;1;3
ORD_2055;PROD_48;5;1
ORD_2055;PROD_21;1;3
ORD_2055;PROD_50;5;5
ORD_2055;PROD_17;9;2
ORD_2055;PROD_37;1;3
ORD_2056;PROD_18;1;5
ORD_2056;PROD_45;4;3
ORD_2056;PROD_3;8;3
ORD_2056;PROD_50;1;3
ORD_2056;PROD_47;9;5
ORD_2056;PROD_5;6;5
ORD_2056;PROD_29;7;1
ORD_2057;PROD_9;2;5
ORD_2057;PROD_23;3;2
ORD_2057;PROD_34;1;4
ORD_2057;PROD_9;6;3
ORD_2057;PROD_24;4;4
ORD_2057;PROD_46;3;5
ORD_2057;PROD_32;1;5
ORD_2057;PROD_49;7;4
ORD_2057;PROD_5;4;4
ORD_2057;PROD_27;8;4
ORD_2057;PROD_38;2;3
ORD_2057;PROD_3;9;5
ORD_2057;PROD_27;3;5
ORD_2058;PROD_12;6;2
ORD_2058;PROD_32;8;4
ORD_2058;PROD_32;6;2
ORD_2058;PROD_31;4;3
ORD_2058;PROD_39;4;4
ORD_2058;PROD_19;5;5
ORD_2058;PROD_17;9;5
ORD_2058;PROD_31;3;4
ORD_2058;PROD_1;9;4
ORD_2058;PROD_23;2;1
ORD_2058;PROD_34;1;1
ORD_2058;PROD_32;1;1
ORD_2058;PROD_27;1;3
ORD_2058;PROD_8;2;1
ORD_2058;PROD_42;9;3
ORD_2059;PROD_46;3;2
ORD_2059;PROD_13;6;4
ORD_2059;PROD_16;2;4
ORD_2059;PROD_49;4;5
ORD_2059;PROD_27;9;1
ORD_2059;PROD_34;8;1
ORD_2059;PROD_21;8;4
ORD_2059;PROD_18;8;4
ORD_2059;PROD_24;5;1
ORD_2059;PROD_21;8;4
ORD_2059;PROD_13;9;1
ORD_2059;PROD_27;8;3
ORD_2059;PROD_26;6;2
ORD_2059;PROD_46;2;2
ORD_2059;PROD_28;7;1
ORD_2060;PROD_12;5;4
ORD_2060;PROD_2;8;5
ORD_2060;PROD_39;7;4
ORD_2060;PROD_11;3;5
ORD_2060;PROD_46;1;3
ORD_2060;PROD_9;3;4
ORD_2060;PROD_28;3;5
ORD_2060;PROD_5;9;5
ORD_2060;PROD_49;4;2
ORD_2060;PROD_43;8;2
ORD_2060;PROD_32;6;2
ORD_2060;PROD_18;6;1
ORD_2060;PROD_47;9;3
ORD_2060;PROD_28;7;4
ORD_2061;PROD_15;3;3
ORD_2061;PROD_37;3;1
ORD_2061;PROD_14;3;2
ORD_2061;PROD_34;6;2
ORD_2061;PROD_40;7;2
ORD_2061;PROD_45;4;3
ORD_2061;PROD_22;3;4
ORD_2061;PROD_45;9;4
ORD_2061;PROD_18;7;4
ORD_2061;PROD_24;2;3
ORD_2061;PROD_32;1;2
ORD_2062;PROD_27;8;5
ORD_2062;PROD_36;7;2
ORD_2062;PROD_2;1;2
ORD_2062;PROD_36;8;5
ORD_2062;PROD_40;5;5
ORD_2062;PROD_45;5;5
ORD_2062;PROD_49;4;3
ORD_2062;PROD_45;4;2
ORD_2063;PROD_21;8;3
ORD_2063;PROD_27;6;5
ORD_2063;PROD_48;6;2
ORD_2063;PROD_11;4;1
ORD_2063;PROD_12;2;2
ORD_2063;PROD_1;1;3
ORD_2063;PROD_49;8;5
ORD_2063;PROD_40;1;4
ORD_2063;PROD_13;8;5
ORD_2063;PROD_31;8;3
ORD_2064;PROD_34;7;4
ORD_2064;PROD_21;4;5
ORD_2064;PROD_18;9;2
ORD_2064;PROD_12;6;3
ORD_2064;PROD_2;8;1
ORD_2064;PROD_39;9;1
ORD_2064;PROD_11;6;4
ORD_2065;PROD_46;7;1
ORD_2065;PROD_9;7;2
ORD_2065;PROD_28;4;5
ORD_2065;PROD_5;7;1
ORD_2065;PROD_7;1;1
ORD_2065;PROD_45;7;1
ORD_2065;PROD_29;4;5
ORD_2066;PROD_40;4;4
ORD_2066;PROD_7;7;1
ORD_2066;PROD_45;1;4
ORD_2066;PROD_6;8;4
ORD_2066;PROD_11;3;3
ORD_2066;PROD_49;3;3
ORD_2066;PROD_42;9;3
ORD_2066;PROD_9;2;5
ORD_2066;PROD_1;8;5
ORD_2066;PROD_42;7;5
ORD_2066;PROD_40;4;3
ORD_2066;PROD_35;3;4
ORD_2067;PROD_31;9;2
ORD_2067;PROD_3;6;2
ORD_2067;PROD_22;8;3
ORD_2067;PROD_46;6;3
ORD_2067;PROD_5;9;4
ORD_2067;PROD_48;4;2
ORD_2067;PROD_21;1;3
ORD_2067;PROD_50;5;2
ORD_2067;PROD_17;4;1
ORD_2067;PROD_30;9;2
ORD_2067;PROD_23;1;4
ORD_2068;PROD_9;7;3
ORD_2068;PROD_23;8;2
ORD_2068;PROD_12;2;1
ORD_2068;PROD_23;6;2
ORD_2068;PROD_3;7;1
ORD_2069;PROD_40;9;2
ORD_2069;PROD_37;1;5
ORD_2069;PROD_24;6;1
ORD_2069;PROD_23;1;2
ORD_2069;PROD_29;7;4
ORD_2069;PROD_46;2;2
ORD_2070;PROD_5;7;4
ORD_2070;PROD_48;3;2
ORD_2070;PROD_21;3;4
ORD_2070;PROD_50;7;3
ORD_2070;PROD_17;4;2
ORD_2070;PROD_47;5;4
ORD_2070;PROD_24;2;3
ORD_2071;PROD_17;3;4
ORD_2071;PROD_45;2;2
ORD_2071;PROD_5;5;2
ORD_2071;PROD_20;8;2
ORD_2071;PROD_45;3;3
ORD_2071;PROD_2;6;3
ORD_2071;PROD_19;8;3
ORD_2071;PROD_3;9;5
ORD_2071;PROD_6;3;5
ORD_2071;PROD_24;8;3
ORD_2071;PROD_26;7;3
ORD_2071;PROD_43;5;1
ORD_2071;PROD_48;3;5
ORD_2072;PROD_9;7;5
ORD_2072;PROD_23;6;3
ORD_2072;PROD_46;5;1
ORD_2072;PROD_13;9;3
ORD_2072;PROD_16;1;2
ORD_2072;PROD_49;5;4
ORD_2072;PROD_27;6;5
ORD_2072;PROD_35;5;1
ORD_2072;PROD_4;1;1
ORD_2072;PROD_41;6;2
ORD_2072;PROD_21;9;3
ORD_2072;PROD_15;6;1
ORD_2072;PROD_3;2;5
ORD_2073;PROD_44;9;5
ORD_2073;PROD_17;4;5
ORD_2073;PROD_4;8;4
ORD_2073;PROD_3;1;4
ORD_2073;PROD_25;8;1
ORD_2073;PROD_8;6;3
ORD_2073;PROD_41;7;4
ORD_2073;PROD_37;2;4
ORD_2073;PROD_24;6;5
ORD_2073;PROD_27;8;3
ORD_2074;PROD_40;4;1
ORD_2074;PROD_37;2;1
ORD_2074;PROD_24;4;1
ORD_2074;PROD_23;3;3
ORD_2074;PROD_29;4;3
ORD_2074;PROD_2;6;1
ORD_2074;PROD_50;3;5
ORD_2074;PROD_27;8;4
ORD_2074;PROD_15;9;3
ORD_2074;PROD_45;1;4
ORD_2074;PROD_6;1;3
ORD_2075;PROD_17;4;1
ORD_2075;PROD_45;5;5
ORD_2075;PROD_5;2;2
ORD_2075;PROD_20;6;3
ORD_2075;PROD_3;1;5
ORD_2075;PROD_18;3;4
ORD_2075;PROD_11;1;4
ORD_2075;PROD_24;9;3
ORD_2075;PROD_36;6;1
ORD_2075;PROD_35;3;4
ORD_2075;PROD_34;9;2
ORD_2075;PROD_9;3;2
ORD_2075;PROD_29;6;5
ORD_2075;PROD_25;4;4
ORD_2075;PROD_3;2;2
ORD_2076;PROD_46;2;4
ORD_2076;PROD_13;2;3
ORD_2076;PROD_16;6;1
ORD_2076;PROD_49;3;5
ORD_2076;PROD_27;1;5
ORD_2076;PROD_30;4;1
ORD_2076;PROD_43;6;4
ORD_2076;PROD_41;5;1
ORD_2076;PROD_17;8;2
ORD_2076;PROD_16;3;4
ORD_2077;PROD_2;8;1
ORD_2077;PROD_50;7;5
ORD_2077;PROD_27;2;2
ORD_2077;PROD_9;5;4
ORD_2077;PROD_36;8;3
ORD_2077;PROD_37;1;5
ORD_2077;PROD_21;5;1
ORD_2077;PROD_3;3;5
ORD_2077;PROD_41;6;3
ORD_2077;PROD_50;7;4
ORD_2077;PROD_42;8;2
ORD_2078;PROD_12;6;2
ORD_2078;PROD_2;5;3
ORD_2078;PROD_39;2;2
ORD_2078;PROD_11;3;1
ORD_2078;PROD_19;6;3
ORD_2078;PROD_49;4;2
ORD_2079;PROD_46;3;5
ORD_2079;PROD_13;1;2
ORD_2079;PROD_16;8;1
ORD_2079;PROD_49;4;5
ORD_2079;PROD_27;5;1
ORD_2080;PROD_33;3;1
ORD_2080;PROD_36;3;1
ORD_2080;PROD_10;7;1
ORD_2080;PROD_23;9;1
ORD_2080;PROD_18;2;1
ORD_2080;PROD_49;2;3
ORD_2080;PROD_27;5;2
ORD_2081;PROD_23;5;4
ORD_2081;PROD_9;8;1
ORD_2081;PROD_50;7;2
ORD_2081;PROD_15;9;3
ORD_2081;PROD_12;4;5
ORD_2081;PROD_16;6;1
ORD_2081;PROD_18;2;3
ORD_2082;PROD_16;9;2
ORD_2082;PROD_16;5;1
ORD_2082;PROD_50;1;4
ORD_2082;PROD_16;5;1
ORD_2082;PROD_43;3;3
ORD_2082;PROD_29;8;4
ORD_2082;PROD_37;2;4
ORD_2082;PROD_40;6;3
ORD_2083;PROD_50;2;5
ORD_2083;PROD_48;2;5
ORD_2083;PROD_27;7;5
ORD_2083;PROD_10;6;1
ORD_2083;PROD_42;4;5
ORD_2083;PROD_19;3;2
ORD_2083;PROD_18;4;3
ORD_2083;PROD_21;6;5
ORD_2083;PROD_18;9;2
ORD_2083;PROD_36;8;2
ORD_2083;PROD_30;6;1
ORD_2083;PROD_37;6;1
ORD_2084;PROD_46;3;3
ORD_2084;PROD_13;6;2
ORD_2084;PROD_16;6;1
ORD_2084;PROD_49;7;3
ORD_2084;PROD_27;4;4
ORD_2084;PROD_34;4;3
ORD_2084;PROD_21;3;1
ORD_2084;PROD_18;2;4
ORD_2084;PROD_46;2;2
ORD_2084;PROD_9;7;5
ORD_2085;PROD_24;3;4
ORD_2085;PROD_16;6;4
ORD_2085;PROD_30;3;4
ORD_2085;PROD_27;9;3
ORD_2085;PROD_11;8;5
ORD_2085;PROD_16;2;3
ORD_2085;PROD_42;2;1
ORD_2085;PROD_22;1;3
ORD_2085;PROD_4;6;1
ORD_2085;PROD_16;5;2
ORD_2085;PROD_28;7;2
ORD_2085;PROD_18;3;1
ORD_2086;PROD_7;4;5
ORD_2086;PROD_45;8;2
ORD_2086;PROD_29;1;5
ORD_2086;PROD_33;1;4
ORD_2086;PROD_26;8;3
ORD_2086;PROD_49;7;4
ORD_2086;PROD_50;5;5
ORD_2086;PROD_44;7;1
ORD_2086;PROD_48;3;1
ORD_2087;PROD_34;5;2
ORD_2087;PROD_21;3;2
ORD_2087;PROD_18;2;5
ORD_2087;PROD_12;6;2
ORD_2087;PROD_2;1;4
ORD_2087;PROD_39;8;2
ORD_2087;PROD_11;1;1
ORD_2087;PROD_9;6;2
ORD_2087;PROD_23;5;5
ORD_2087;PROD_2;6;1
ORD_2087;PROD_18;6;1
ORD_2087;PROD_13;4;4
ORD_2088;PROD_26;8;3
ORD_2088;PROD_35;2;1
ORD_2088;PROD_1;2;1
ORD_2088;PROD_50;8;1
ORD_2088;PROD_15;8;2
ORD_2089;PROD_5;5;5
ORD_2089;PROD_48;6;4
ORD_2089;PROD_21;2;3
ORD_2089;PROD_50;2;3
ORD_2089;PROD_17;1;5
ORD_2089;PROD_44;2;2
ORD_2089;PROD_17;3;4
ORD_2089;PROD_4;3;3
ORD_2089;PROD_3;4;5
ORD_2089;PROD_25;3;3
ORD_2089;PROD_17;9;2
ORD_2089;PROD_45;8;4
ORD_2089;PROD_5;1;2
ORD_2090;PROD_37;2;5
ORD_2090;PROD_12;3;4
ORD_2090;PROD_9;9;5
ORD_2090;PROD_40;5;3
ORD_2090;PROD_41;7;1
ORD_2091;PROD_14;8;4
ORD_2091;PROD_46;9;5
ORD_2091;PROD_21;1;1
ORD_2091;PROD_41;5;3
ORD_2091;PROD_36;9;2
ORD_2091;PROD_10;4;3
ORD_2091;PROD_22;6;3
ORD_2091;PROD_6;1;3
ORD_2091;PROD_16;6;1
ORD_2091;PROD_6;3;5
ORD_2092;PROD_40;7;1
ORD_2092;PROD_37;2;3
ORD_2092;PROD_24;2;2
ORD_2092;PROD_23;5;3
ORD_2092;PROD_29;3;3
ORD_2092;PROD_28;3;3
ORD_2093;PROD_8;2;2
ORD_2093;PROD_1;3;5
ORD_2093;PROD_22;4;4
ORD_2093;PROD_13;5;5
ORD_2093;PROD_48;1;4
ORD_2093;PROD_22;7;2
ORD_2093;PROD_29;2;5
ORD_2093;PROD_44;1;4
ORD_2093;PROD_45;2;4
ORD_2093;PROD_5;5;5
ORD_2093;PROD_49;3;1
ORD_2093;PROD_19;1;1
ORD_2093;PROD_28;9;1
ORD_2093;PROD_19;8;4
ORD_2093;PROD_25;2;2
ORD_2094;PROD_40;8;5
ORD_2094;PROD_37;2;5
ORD_2094;PROD_24;3;5
ORD_2094;PROD_23;3;5
ORD_2094;PROD_29;7;5
ORD_2094;PROD_11;9;3
ORD_2094;PROD_9;3;1
ORD_2094;PROD_28;2;5
ORD_2094;PROD_48;3;3
ORD_2095;PROD_7;1;2
ORD_2095;PROD_45;8;3
ORD_2095;PROD_29;5;2
ORD_2095;PROD_44;4;5
ORD_2095;PROD_17;5;2
ORD_2095;PROD_4;5;5
ORD_2095;PROD_3;8;1
ORD_2095;PROD_25;4;1
ORD_2096;PROD_44;7;1
ORD_2096;PROD_17;8;5
ORD_2096;PROD_4;3;2
ORD_2096;PROD_3;6;1
ORD_2096;PROD_25;8;5
ORD_2096;PROD_17;3;2
ORD_2096;PROD_45;3;5
ORD_2096;PROD_5;9;1
ORD_2096;PROD_20;7;1
ORD_2096;PROD_5;3;3
ORD_2096;PROD_48;4;4
ORD_2096;PROD_21;4;5
ORD_2096;PROD_50;3;2
ORD_2096;PROD_17;6;2
ORD_2097;PROD_4;4;4
ORD_2097;PROD_32;4;2
ORD_2097;PROD_5;2;4
ORD_2097;PROD_27;3;5
ORD_2097;PROD_42;1;5
ORD_2097;PROD_5;1;5
ORD_2097;PROD_44;7;3
ORD_2098;PROD_45;2;2
ORD_2098;PROD_43;9;4
ORD_2098;PROD_50;9;2
ORD_2098;PROD_43;7;3
ORD_2098;PROD_1;1;2
ORD_2098;PROD_6;7;2
ORD_2098;PROD_2;5;3
ORD_2098;PROD_10;3;3
ORD_2098;PROD_3;4;1
ORD_2099;PROD_44;1;4
ORD_2099;PROD_39;8;3
ORD_2099;PROD_32;8;4
ORD_2099;PROD_30;9;4
ORD_2099;PROD_48;9;1
ORD_2099;PROD_29;5;3
ORD_2099;PROD_2;8;4
ORD_2099;PROD_2;2;1
ORD_2099;PROD_29;5;1
ORD_2099;PROD_1;6;2
ORD_2099;PROD_32;9;1
ORD_2100;PROD_46;4;4
ORD_2100;PROD_9;6;5
ORD_2100;PROD_28;4;5
ORD_2100;PROD_5;2;3
ORD_2100;PROD_34;9;4
ORD_2100;PROD_21;9;3
ORD_2100;PROD_18;9;5
ORD_2100;PROD_2;8;3
ORD_2100;PROD_50;9;5
ORD_2101;PROD_2;6;2
ORD_2101;PROD_50;1;5
ORD_2101;PROD_27;8;2
ORD_2101;PROD_34;9;5
ORD_2101;PROD_21;7;5
ORD_2101;PROD_18;9;1
ORD_2101;PROD_23;6;4
ORD_2101;PROD_3;6;1
ORD_2101;PROD_46;3;2
ORD_2101;PROD_34;9;1
ORD_2101;PROD_43;3;1
ORD_2101;PROD_31;5;4
ORD_2102;PROD_15;5;3
ORD_2102;PROD_1;1;4
ORD_2102;PROD_23;9;4
ORD_2102;PROD_43;1;2
ORD_2102;PROD_1;6;2
ORD_2102;PROD_12;2;5
ORD_2103;PROD_12;5;3
ORD_2103;PROD_38;8;3
ORD_2103;PROD_28;4;1
ORD_2103;PROD_11;3;3
ORD_2103;PROD_8;8;3
ORD_2103;PROD_3;6;4
ORD_2104;PROD_15;5;3
ORD_2104;PROD_15;3;4
ORD_2104;PROD_38;1;4
ORD_2104;PROD_35;8;3
ORD_2104;PROD_39;1;3
ORD_2104;PROD_50;7;4
ORD_2104;PROD_32;3;3
ORD_2104;PROD_8;5;2
ORD_2104;PROD_15;8;4
ORD_2104;PROD_42;3;2
ORD_2104;PROD_44;3;4
ORD_2104;PROD_22;8;5
ORD_2105;PROD_11;2;2
ORD_2105;PROD_18;6;5
ORD_2105;PROD_5;6;2
ORD_2105;PROD_36;5;1
ORD_2105;PROD_28;9;2
ORD_2105;PROD_50;3;2
ORD_2105;PROD_48;9;2
ORD_2105;PROD_23;4;2
ORD_2105;PROD_42;1;3
ORD_2105;PROD_44;4;2
ORD_2105;PROD_48;4;2
ORD_2105;PROD_30;3;3
ORD_2105;PROD_30;3;1
ORD_2105;PROD_12;8;1
ORD_2105;PROD_49;7;2
ORD_2106;PROD_12;6;1
ORD_2106;PROD_2;4;5
ORD_2106;PROD_39;1;1
ORD_2106;PROD_11;9;2
ORD_2106;PROD_17;1;5
ORD_2107;PROD_40;1;5
ORD_2107;PROD_37;8;3
ORD_2107;PROD_24;8;5
ORD_2107;PROD_23;5;4
ORD_2107;PROD_29;1;4
ORD_2107;PROD_6;3;1
ORD_2107;PROD_36;6;4
ORD_2107;PROD_29;6;3
ORD_2108;PROD_31;9;5
ORD_2108;PROD_3;2;1
ORD_2108;PROD_22;2;3
ORD_2108;PROD_46;8;2
ORD_2108;PROD_7;8;2
ORD_2108;PROD_45;4;4
ORD_2108;PROD_29;8;4
ORD_2108;PROD_12;5;2
ORD_2108;PROD_2;2;2
ORD_2108;PROD_39;7;3
ORD_2108;PROD_11;3;4
ORD_2109;PROD_7;4;2
ORD_2109;PROD_45;9;3
ORD_2109;PROD_29;3;1
ORD_2109;PROD_6;3;2
ORD_2109;PROD_12;7;3
ORD_2109;PROD_25;5;3
ORD_2109;PROD_36;7;4
ORD_2109;PROD_13;7;4
ORD_2109;PROD_25;4;2
ORD_2109;PROD_5;1;5
ORD_2110;PROD_5;2;1
ORD_2110;PROD_48;1;4
ORD_2110;PROD_21;3;2
ORD_2110;PROD_50;8;5
ORD_2110;PROD_17;4;5
ORD_2110;PROD_31;8;1
ORD_2110;PROD_3;6;1
ORD_2110;PROD_22;3;2
ORD_2110;PROD_46;5;1
ORD_2110;PROD_2;4;4
ORD_2110;PROD_50;4;2
ORD_2110;PROD_27;5;4
ORD_2110;PROD_25;5;1
ORD_2110;PROD_31;4;5
ORD_2111;PROD_34;6;4
ORD_2111;PROD_18;1;2
ORD_2111;PROD_43;5;5
ORD_2111;PROD_24;5;1
ORD_2111;PROD_13;1;1
ORD_2111;PROD_37;2;2
ORD_2111;PROD_13;1;4
ORD_2111;PROD_14;7;1
ORD_2111;PROD_47;7;5
ORD_2111;PROD_18;5;4
ORD_2111;PROD_45;6;4
ORD_2111;PROD_28;4;1
ORD_2111;PROD_27;6;5
ORD_2112;PROD_5;4;3
ORD_2112;PROD_48;7;5
ORD_2112;PROD_21;2;1
ORD_2112;PROD_50;1;2
ORD_2112;PROD_17;9;3
ORD_2112;PROD_12;1;3
ORD_2112;PROD_2;2;1
ORD_2112;PROD_39;8;2
ORD_2112;PROD_11;4;4
ORD_2112;PROD_44;6;3
ORD_2113;PROD_40;5;4
ORD_2113;PROD_37;6;1
ORD_2113;PROD_24;9;4
ORD_2113;PROD_23;6;4
ORD_2113;PROD_29;3;3
ORD_2113;PROD_17;4;1
ORD_2113;PROD_48;3;5
ORD_2113;PROD_19;2;3
ORD_2113;PROD_20;8;5
ORD_2113;PROD_7;9;5
ORD_2114;PROD_31;1;2
ORD_2114;PROD_3;3;2
ORD_2114;PROD_22;4;5
ORD_2114;PROD_46;7;2
ORD_2114;PROD_9;1;2
ORD_2114;PROD_25;4;3
ORD_2114;PROD_11;2;5
ORD_2114;PROD_18;8;3
ORD_2114;PROD_7;7;1
ORD_2115;PROD_17;5;2
ORD_2115;PROD_45;4;4
ORD_2115;PROD_5;9;4
ORD_2115;PROD_20;4;2
ORD_2115;PROD_40;4;2
ORD_2115;PROD_37;1;3
ORD_2115;PROD_24;2;1
ORD_2115;PROD_23;1;1
ORD_2115;PROD_29;4;2
ORD_2115;PROD_31;3;4
ORD_2115;PROD_3;6;1
ORD_2115;PROD_22;4;1
ORD_2115;PROD_46;1;1
ORD_2115;PROD_32;3;1
ORD_2116;PROD_5;4;2
ORD_2116;PROD_48;4;3
ORD_2116;PROD_21;6;3
ORD_2116;PROD_50;7;4
ORD_2116;PROD_17;3;4
ORD_2116;PROD_40;6;3
ORD_2116;PROD_37;9;1
ORD_2117;PROD_46;8;2
ORD_2117;PROD_9;3;3
ORD_2117;PROD_28;2;2
ORD_2117;PROD_5;1;2
ORD_2117;PROD_9;3;1
ORD_2117;PROD_23;9;5
ORD_2117;PROD_36;3;4
ORD_2117;PROD_44;6;4
ORD_2117;PROD_8;1;3
ORD_2118;PROD_12;9;4
ORD_2118;PROD_46;5;5
ORD_2118;PROD_44;4;4
ORD_2118;PROD_17;5;2
ORD_2118;PROD_44;3;5
ORD_2118;PROD_35;1;5
ORD_2118;PROD_7;9;5
ORD_2119;PROD_9;3;2
ORD_2119;PROD_23;2;3
ORD_2119;PROD_7;8;5
ORD_2119;PROD_45;8;4
ORD_2119;PROD_29;5;4
ORD_2120;PROD_44;3;4
ORD_2120;PROD_17;4;4
ORD_2120;PROD_4;9;4
ORD_2120;PROD_3;7;5
ORD_2120;PROD_25;5;4
ORD_2120;PROD_18;2;3
ORD_2120;PROD_33;7;1
ORD_2120;PROD_19;2;2
ORD_2120;PROD_25;2;2
ORD_2120;PROD_8;9;3
ORD_2121;PROD_49;1;2
ORD_2121;PROD_46;7;5
ORD_2121;PROD_44;1;2
ORD_2121;PROD_17;2;3
ORD_2121;PROD_21;6;1
ORD_2122;PROD_7;3;3
ORD_2122;PROD_45;2;1
ORD_2122;PROD_29;1;4
ORD_2122;PROD_7;1;4
ORD_2122;PROD_45;7;1
ORD_2122;PROD_29;8;3
ORD_2122;PROD_33;2;3
ORD_2122;PROD_46;3;4
ORD_2122;PROD_18;1;4
ORD_2122;PROD_7;2;1
ORD_2123;PROD_31;6;2
ORD_2123;PROD_3;6;1
ORD_2123;PROD_22;6;3
ORD_2123;PROD_46;7;4
ORD_2123;PROD_34;2;2
ORD_2123;PROD_21;5;4
ORD_2123;PROD_18;9;3
ORD_2123;PROD_31;1;1
ORD_2123;PROD_25;6;5
ORD_2123;PROD_18;4;4
ORD_2123;PROD_4;7;5
ORD_2123;PROD_47;7;1
ORD_2124;PROD_31;6;2
ORD_2124;PROD_3;8;5
ORD_2124;PROD_22;2;3
ORD_2124;PROD_46;7;2
ORD_2124;PROD_31;2;2
ORD_2124;PROD_3;8;1
ORD_2124;PROD_22;6;4
ORD_2124;PROD_46;4;2
ORD_2124;PROD_36;3;5
ORD_2125;PROD_2;9;5
ORD_2125;PROD_50;1;1
ORD_2125;PROD_27;9;5
ORD_2125;PROD_46;1;5
ORD_2125;PROD_13;7;4
ORD_2125;PROD_16;4;5
ORD_2125;PROD_49;6;5
ORD_2125;PROD_27;3;4
ORD_2125;PROD_31;8;5
ORD_2125;PROD_3;6;5
ORD_2125;PROD_22;8;1
ORD_2125;PROD_46;2;4
ORD_2126;PROD_46;5;4
ORD_2126;PROD_13;6;4
ORD_2126;PROD_16;7;2
ORD_2126;PROD_49;6;3
ORD_2126;PROD_27;7;4
ORD_2126;PROD_6;3;3
ORD_2126;PROD_50;3;5
ORD_2126;PROD_12;1;3
ORD_2126;PROD_44;4;5
ORD_2126;PROD_4;4;2
ORD_2126;PROD_28;8;1
ORD_2126;PROD_17;5;2
ORD_2127;PROD_34;2;4
ORD_2127;PROD_21;2;5
ORD_2127;PROD_18;6;5
ORD_2127;PROD_34;9;5
ORD_2127;PROD_21;5;1
ORD_2127;PROD_18;8;4
ORD_2127;PROD_46;5;2
ORD_2128;PROD_34;8;5
ORD_2128;PROD_21;6;1
ORD_2128;PROD_18;7;3
ORD_2128;PROD_31;5;2
ORD_2128;PROD_47;3;1
ORD_2128;PROD_27;7;5
ORD_2128;PROD_31;7;3
ORD_2128;PROD_41;5;3
ORD_2128;PROD_15;9;1
ORD_2128;PROD_38;1;1
ORD_2128;PROD_38;5;4
ORD_2128;PROD_25;1;5
ORD_2128;PROD_37;7;4
ORD_2129;PROD_5;9;2
ORD_2129;PROD_20;7;4
ORD_2129;PROD_7;2;5
ORD_2129;PROD_44;8;3
ORD_2129;PROD_14;3;2
ORD_2129;PROD_8;6;1
ORD_2129;PROD_8;9;2
ORD_2129;PROD_16;5;3
ORD_2129;PROD_38;2;5
ORD_2129;PROD_18;7;2
ORD_2129;PROD_15;4;1
ORD_2129;PROD_36;8;3
ORD_2129;PROD_30;8;2
ORD_2129;PROD_48;9;5
ORD_2129;PROD_46;8;5
ORD_2130;PROD_2;4;4
ORD_2130;PROD_50;9;4
ORD_2130;PROD_27;6;5
ORD_2130;PROD_44;3;2
ORD_2130;PROD_17;2;2
ORD_2130;PROD_4;7;3
ORD_2130;PROD_3;6;3
ORD_2130;PROD_25;8;1
ORD_2130;PROD_9;6;3
ORD_2130;PROD_23;2;1
ORD_2131;PROD_2;8;4
ORD_2131;PROD_50;7;3
ORD_2131;PROD_27;5;2
ORD_2131;PROD_18;8;4
ORD_2131;PROD_19;1;4
ORD_2131;PROD_48;6;4
ORD_2131;PROD_50;9;2
ORD_2131;PROD_2;6;4
ORD_2131;PROD_19;1;2
ORD_2131;PROD_9;3;5
ORD_2131;PROD_27;3;2
ORD_2131;PROD_33;9;2
ORD_2131;PROD_17;5;5
ORD_2132;PROD_15;6;3
ORD_2132;PROD_50;2;4
ORD_2132;PROD_39;9;4
ORD_2132;PROD_41;1;1
ORD_2132;PROD_6;6;2
ORD_2132;PROD_10;6;1
ORD_2132;PROD_21;6;3
ORD_2132;PROD_21;3;2
ORD_2132;PROD_49;3;4
ORD_2132;PROD_20;8;3
ORD_2132;PROD_38;2;5
ORD_2132;PROD_20;2;1
ORD_2132;PROD_20;5;3
ORD_2132;PROD_32;9;4
ORD_2132;PROD_14;9;1
ORD_2133;PROD_5;8;4
ORD_2133;PROD_48;1;3
ORD_2133;PROD_21;1;1
ORD_2133;PROD_50;9;1
ORD_2133;PROD_17;9;5
ORD_2133;PROD_34;5;5
ORD_2133;PROD_21;8;1
ORD_2133;PROD_18;8;4
ORD_2133;PROD_23;6;4
ORD_2133;PROD_15;9;4
ORD_2133;PROD_32;5;4
ORD_2133;PROD_28;3;4
ORD_2133;PROD_10;5;5
ORD_2133;PROD_29;7;4
ORD_2133;PROD_6;7;1
ORD_2134;PROD_40;4;4
ORD_2134;PROD_37;2;1
ORD_2134;PROD_24;7;3
ORD_2134;PROD_23;9;4
ORD_2134;PROD_29;7;2
ORD_2134;PROD_7;1;3
ORD_2134;PROD_45;3;2
ORD_2134;PROD_29;2;1
ORD_2134;PROD_8;6;2
ORD_2134;PROD_13;6;1
ORD_2134;PROD_35;4;2
ORD_2134;PROD_1;8;2
ORD_2134;PROD_49;8;5
ORD_2134;PROD_13;8;2
ORD_2135;PROD_40;3;3
ORD_2135;PROD_37;4;2
ORD_2135;PROD_24;1;2
ORD_2135;PROD_23;8;3
ORD_2135;PROD_29;2;2
ORD_2135;PROD_46;3;1
ORD_2135;PROD_9;9;5
ORD_2135;PROD_28;1;5
ORD_2135;PROD_5;7;4
ORD_2135;PROD_46;5;2
ORD_2135;PROD_9;2;3
ORD_2135;PROD_28;2;3
ORD_2135;PROD_5;9;5
ORD_2135;PROD_13;1;2
ORD_2135;PROD_43;4;4
ORD_2136;PROD_7;9;5
ORD_2136;PROD_33;7;5
ORD_2136;PROD_47;5;5
ORD_2136;PROD_22;1;1
ORD_2136;PROD_10;3;2
ORD_2136;PROD_34;8;5
ORD_2136;PROD_41;4;5
ORD_2136;PROD_17;9;2
ORD_2136;PROD_20;1;1
ORD_2137;PROD_12;5;4
ORD_2137;PROD_2;1;4
ORD_2137;PROD_39;7;1
ORD_2137;PROD_11;4;3
ORD_2137;PROD_9;6;1
ORD_2137;PROD_23;9;3
ORD_2137;PROD_31;9;1
ORD_2138;PROD_46;3;2
ORD_2138;PROD_9;2;5
ORD_2138;PROD_28;2;2
ORD_2138;PROD_5;9;4
ORD_2138;PROD_45;2;1
ORD_2138;PROD_15;2;4
ORD_2138;PROD_26;2;2
ORD_2138;PROD_31;2;2
ORD_2138;PROD_33;3;3
ORD_2138;PROD_48;1;2
ORD_2138;PROD_44;1;4
ORD_2139;PROD_29;9;5
ORD_2139;PROD_3;2;1
ORD_2139;PROD_22;9;2
ORD_2139;PROD_41;3;3
ORD_2139;PROD_27;1;3
ORD_2139;PROD_31;9;2
ORD_2139;PROD_5;6;5
ORD_2139;PROD_24;5;4
ORD_2139;PROD_26;6;4
ORD_2139;PROD_2;2;2
ORD_2139;PROD_25;3;5
ORD_2140;PROD_12;4;5
ORD_2140;PROD_2;9;4
ORD_2140;PROD_39;3;1
ORD_2140;PROD_11;9;2
ORD_2140;PROD_35;4;5
ORD_2140;PROD_8;8;5
ORD_2140;PROD_31;1;1
ORD_2140;PROD_42;3;4
ORD_2140;PROD_14;9;1
ORD_2140;PROD_27;6;4
ORD_2141;PROD_31;9;4
ORD_2141;PROD_3;6;4
ORD_2141;PROD_22;7;2
ORD_2141;PROD_46;3;3
ORD_2141;PROD_15;3;5
ORD_2141;PROD_24;7;4
ORD_2141;PROD_5;7;2
ORD_2141;PROD_29;5;2
ORD_2141;PROD_21;1;4
ORD_2141;PROD_38;7;3
ORD_2141;PROD_50;1;1
ORD_2142;PROD_46;6;2
ORD_2142;PROD_9;5;1
ORD_2142;PROD_28;1;3
ORD_2142;PROD_5;3;5
ORD_2142;PROD_40;8;4
ORD_2142;PROD_37;6;4
ORD_2142;PROD_24;7;5
ORD_2142;PROD_23;1;1
ORD_2142;PROD_29;5;1
ORD_2143;PROD_34;8;5
ORD_2143;PROD_21;8;2
ORD_2143;PROD_18;9;4
ORD_2143;PROD_5;9;2
ORD_2143;PROD_48;6;3
ORD_2143;PROD_21;2;3
ORD_2143;PROD_50;5;3
ORD_2143;PROD_17;9;4
ORD_2143;PROD_48;1;5
ORD_2143;PROD_31;1;2
ORD_2143;PROD_46;7;2
ORD_2144;PROD_44;1;2
ORD_2144;PROD_17;1;5
ORD_2144;PROD_4;1;5
ORD_2144;PROD_3;6;2
ORD_2144;PROD_25;5;3
ORD_2144;PROD_17;3;3
ORD_2144;PROD_45;5;2
ORD_2144;PROD_5;6;5
ORD_2145;PROD_5;8;5
ORD_2145;PROD_48;2;1
ORD_2145;PROD_21;9;1
ORD_2145;PROD_50;2;1
ORD_2145;PROD_17;8;1
ORD_2145;PROD_30;9;4
ORD_2145;PROD_50;1;5
ORD_2145;PROD_24;4;3
ORD_2145;PROD_31;3;4
ORD_2145;PROD_27;4;5
ORD_2145;PROD_43;9;4
ORD_2146;PROD_44;8;3
ORD_2146;PROD_17;8;1
ORD_2146;PROD_4;8;4
ORD_2146;PROD_3;3;3
ORD_2146;PROD_25;6;3
ORD_2146;PROD_5;7;2
ORD_2146;PROD_14;1;3
ORD_2146;PROD_4;8;5
ORD_2146;PROD_14;6;2
ORD_2146;PROD_45;5;3
ORD_2146;PROD_14;9;4
ORD_2146;PROD_50;2;3
ORD_2146;PROD_13;5;2
ORD_2147;PROD_28;2;3
ORD_2147;PROD_47;7;4
ORD_2147;PROD_31;7;4
ORD_2147;PROD_19;9;4
ORD_2147;PROD_5;6;3
ORD_2147;PROD_13;1;2
ORD_2147;PROD_40;6;2
ORD_2147;PROD_42;4;5
ORD_2147;PROD_48;9;5
ORD_2147;PROD_16;1;3
ORD_2147;PROD_15;1;3
ORD_2147;PROD_18;7;1
ORD_2148;PROD_12;1;1
ORD_2148;PROD_2;1;3
ORD_2148;PROD_39;5;3
ORD_2148;PROD_11;5;5
ORD_2148;PROD_2;7;1
ORD_2148;PROD_50;5;2
ORD_2148;PROD_27;8;3
ORD_2148;PROD_29;1;1
ORD_2148;PROD_47;4;4
ORD_2149;PROD_31;4;2
ORD_2149;PROD_38;1;2
ORD_2149;PROD_7;2;3
ORD_2149;PROD_38;2;2
ORD_2149;PROD_45;4;1
ORD_2150;PROD_42;5;5
ORD_2150;PROD_1;4;5
ORD_2150;PROD_34;1;2
ORD_2150;PROD_29;2;2
ORD_2150;PROD_13;6;5
ORD_2150;PROD_49;9;2
ORD_2150;PROD_27;1;2
ORD_2150;PROD_7;8;4
ORD_2150;PROD_25;2;3
ORD_2150;PROD_26;8;3
ORD_2150;PROD_15;7;2
ORD_2150;PROD_18;9;5
ORD_2150;PROD_9;4;4
ORD_2150;PROD_50;3;4
ORD_2151;PROD_17;6;3
ORD_2151;PROD_45;7;3
ORD_2151;PROD_5;8;4
ORD_2151;PROD_20;2;1
ORD_2151;PROD_7;7;1
ORD_2151;PROD_45;4;3
ORD_2151;PROD_29;7;4
ORD_2151;PROD_7;9;4
ORD_2151;PROD_9;8;3
ORD_2151;PROD_47;8;1
ORD_2151;PROD_38;8;1
ORD_2151;PROD_9;9;3
ORD_2151;PROD_27;3;5
ORD_2151;PROD_43;8;3
ORD_2152;PROD_7;5;5
ORD_2152;PROD_45;5;2
ORD_2152;PROD_29;4;4
ORD_2152;PROD_9;9;4
ORD_2152;PROD_23;5;3
ORD_2152;PROD_8;5;5
ORD_2153;PROD_24;4;2
ORD_2153;PROD_37;1;2
ORD_2153;PROD_19;2;4
ORD_2153;PROD_4;5;5
ORD_2153;PROD_5;3;2
ORD_2153;PROD_47;6;4
ORD_2153;PROD_48;2;4
ORD_2154;PROD_40;9;5
ORD_2154;PROD_37;6;2
ORD_2154;PROD_24;4;4
ORD_2154;PROD_23;7;1
ORD_2154;PROD_29;9;4
ORD_2154;PROD_5;4;4
ORD_2155;PROD_40;2;5
ORD_2155;PROD_37;3;1
ORD_2155;PROD_24;9;2
ORD_2155;PROD_23;5;5
ORD_2155;PROD_29;5;3
ORD_2155;PROD_31;5;3
ORD_2155;PROD_3;6;2
ORD_2155;PROD_22;9;1
ORD_2155;PROD_46;3;3
ORD_2155;PROD_5;6;5
ORD_2155;PROD_48;5;3
ORD_2155;PROD_21;5;4
ORD_2155;PROD_50;7;4
ORD_2155;PROD_17;3;3
ORD_2155;PROD_33;3;5
ORD_2156;PROD_12;6;4
ORD_2156;PROD_2;4;2
ORD_2156;PROD_39;7;3
ORD_2156;PROD_11;6;4
ORD_2156;PROD_39;9;4
ORD_2156;PROD_25;9;4
ORD_2156;PROD_2;4;3
ORD_2156;PROD_21;9;2
ORD_2156;PROD_40;8;3
ORD_2156;PROD_38;2;3
ORD_2156;PROD_39;4;5
ORD_2157;PROD_26;9;5
ORD_2157;PROD_30;3;3
ORD_2157;PROD_6;3;4
ORD_2157;PROD_35;7;5
ORD_2157;PROD_9;3;1
ORD_2157;PROD_3;8;5
ORD_2157;PROD_48;9;2
ORD_2157;PROD_29;2;4
ORD_2157;PROD_17;8;4
ORD_2157;PROD_48;4;3
ORD_2157;PROD_49;7;4
ORD_2157;PROD_49;8;1
ORD_2157;PROD_41;5;4
ORD_2157;PROD_19;5;5
ORD_2158;PROD_46;7;3
ORD_2158;PROD_9;1;1
ORD_2158;PROD_28;8;5
ORD_2158;PROD_5;6;2
ORD_2158;PROD_34;5;5
ORD_2158;PROD_21;9;2
ORD_2158;PROD_18;2;2
ORD_2158;PROD_31;5;1
ORD_2158;PROD_3;6;4
ORD_2158;PROD_22;1;2
