ORDER;PRODUCT;QTY;STATION
ORD_1;PROD_30;3;2
ORD_1;PROD_34;7;4
ORD_1;PROD_26;2;2
ORD_1;PROD_14;2;2
ORD_1;PROD_5;8;2
ORD_2;PROD_32;1;3
ORD_2;PROD_47;9;1
ORD_2;PROD_30;3;2
ORD_2;PROD_34;7;1
ORD_2;PROD_9;9;4
ORD_2;PROD_35;4;1
ORD_2;PROD_40;9;3
ORD_2;PROD_40;3;3
ORD_2;PROD_23;5;3
ORD_2;PROD_27;6;1
ORD_3;PROD_49;7;3
ORD_3;PROD_38;1;3
ORD_3;PROD_27;9;5
ORD_3;PROD_45;6;5
ORD_3;PROD_33;1;2
ORD_3;PROD_15;9;1
ORD_3;PROD_50;4;4
ORD_3;PROD_6;3;2
ORD_3;PROD_4;8;1
ORD_3;PROD_18;7;5
ORD_3;PROD_39;2;3
ORD_3;PROD_31;9;2
ORD_4;PROD_23;9;5
ORD_4;PROD_40;4;1
ORD_4;PROD_6;1;4
ORD_4;PROD_5;8;4
ORD_4;PROD_18;1;4
ORD_4;PROD_25;5;2
ORD_4;PROD_7;7;2
ORD_4;PROD_39;5;1
ORD_4;PROD_22;9;5
ORD_4;PROD_4;2;5
ORD_4;PROD_44;2;1
ORD_4;PROD_20;6;5
ORD_4;PROD_5;7;5
ORD_4;PROD_42;5;1
ORD_4;PROD_44;4;3
ORD_5;PROD_25;1;1
ORD_5;PROD_12;6;2
ORD_5;PROD_16;9;2
ORD_5;PROD_17;4;4
ORD_5;PROD_14;2;5
ORD_5;PROD_40;2;1
ORD_5;PROD_13;3;1
ORD_5;PROD_29;1;2
ORD_5;PROD_16;7;1
ORD_6;PROD_10;6;3
ORD_6;PROD_15;7;1
ORD_6;PROD_20;3;3
ORD_6;PROD_25;4;4
ORD_6;PROD_13;3;5
ORD_6;PROD_36;7;5
ORD_6;PROD_21;6;4
ORD_6;PROD_15;7;3
ORD_6;PROD_39;9;5
ORD_6;PROD_33;6;1
ORD_6;PROD_16;1;1
ORD_6;PROD_9;6;5
ORD_6;PROD_22;9;5
ORD_6;PROD_28;6;5
ORD_7;PROD_7;6;1
ORD_7;PROD_27;6;1
ORD_7;PROD_49;3;1
ORD_7;PROD_20;5;4
ORD_7;PROD_25;8;5
ORD_7;PROD_13;1;1
ORD_7;PROD_13;2;5
ORD_7;PROD_40;3;5
ORD_7;PROD_47;3;5
ORD_7;PROD_18;3;3
ORD_7;PROD_16;5;2
ORD_7;PROD_20;5;5
ORD_7;PROD_32;2;1
ORD_8;PROD_29;2;3
ORD_8;PROD_46;4;2
ORD_8;PROD_34;1;4
ORD_8;PROD_41;7;1
ORD_8;PROD_28;3;3
ORD_8;PROD_4;1;1
ORD_8;PROD_9;1;5
ORD_9;PROD_23;1;5
ORD_9;PROD_29;9;5
ORD_9;PROD_32;8;2
ORD_9;PROD_40;4;1
ORD_9;PROD_27;4;4
ORD_9;PROD_15;5;3
ORD_9;PROD_6;7;4
ORD_9;PROD_2;3;4
ORD_9;PROD_13;1;3
ORD_9;PROD_15;5;3
ORD_9;PROD_46;8;4
ORD_9;PROD_7;5;4
ORD_9;PROD_12;8;4
ORD_9;PROD_45;9;5
ORD_10;PROD_18;8;4
ORD_10;PROD_24;1;4
ORD_10;PROD_13;7;5
ORD_10;PROD_49;8;4
ORD_10;PROD_6;2;3
ORD_10;PROD_39;9;1
ORD_10;PROD_38;1;3
ORD_10;PROD_26;1;3
ORD_11;PROD_2;6;4
ORD_11;PROD_28;4;2
ORD_11;PROD_32;2;2
ORD_11;PROD_43;5;2
ORD_11;PROD_44;3;5
ORD_11;PROD_46;6;5
ORD_12;PROD_6;5;2
ORD_12;PROD_45;6;2
ORD_12;PROD_43;5;2
ORD_12;PROD_37;7;5
ORD_12;PROD_8;5;5
ORD_12;PROD_17;9;1
ORD_12;PROD_34;1;5
ORD_12;PROD_46;7;3
ORD_12;PROD_13;2;5
ORD_12;PROD_14;9;5
ORD_13;PROD_13;9;5
ORD_13;PROD_44;5;2
ORD_13;PROD_43;7;1
ORD_13;PROD_45;2;3
ORD_13;PROD_10;5;5
ORD_13;PROD_29;4;4
ORD_13;PROD_11;6;1
ORD_13;PROD_49;4;5
ORD_13;PROD_42;5;5
ORD_13;PROD_2;4;2
ORD_13;PROD_19;5;4
ORD_13;PROD_19;7;2
ORD_14;PROD_13;2;1
ORD_14;PROD_40;9;3
ORD_14;PROD_47;1;5
ORD_14;PROD_18;3;1
ORD_14;PROD_16;7;5
ORD_14;PROD_6;3;3
ORD_14;PROD_45;4;3
ORD_15;PROD_28;5;2
ORD_15;PROD_19;6;5
ORD_15;PROD_1;3;4
ORD_15;PROD_36;9;1
ORD_15;PROD_1;7;2
ORD_15;PROD_12;4;4
ORD_15;PROD_29;3;2
ORD_15;PROD_22;5;3
ORD_15;PROD_23;3;3
ORD_15;PROD_42;2;2
ORD_15;PROD_36;9;4
ORD_15;PROD_12;5;2
ORD_16;PROD_10;4;3
ORD_16;PROD_15;5;1
ORD_16;PROD_10;6;4
ORD_16;PROD_15;7;5
ORD_16;PROD_47;6;2
ORD_16;PROD_33;1;4
ORD_17;PROD_37;3;4
ORD_17;PROD_8;9;3
ORD_17;PROD_17;6;4
ORD_17;PROD_34;9;2
ORD_17;PROD_11;8;2
ORD_17;PROD_25;3;3
ORD_17;PROD_29;7;3
ORD_17;PROD_13;3;1
ORD_17;PROD_45;3;3
ORD_18;PROD_42;7;5
ORD_18;PROD_41;6;2
ORD_18;PROD_37;7;5
ORD_18;PROD_6;1;5
ORD_18;PROD_18;8;2
ORD_18;PROD_32;2;5
ORD_18;PROD_37;2;2
ORD_18;PROD_3;8;3
ORD_19;PROD_2;3;4
ORD_19;PROD_47;3;4
ORD_19;PROD_20;1;2
ORD_19;PROD_48;7;1
ORD_19;PROD_27;6;3
ORD_19;PROD_13;9;3
ORD_19;PROD_42;8;4
ORD_20;PROD_15;3;2
ORD_20;PROD_34;4;5
ORD_20;PROD_20;8;3
ORD_20;PROD_48;3;1
ORD_20;PROD_35;4;4
ORD_20;PROD_39;4;1
ORD_20;PROD_25;3;5
ORD_20;PROD_43;6;2
ORD_20;PROD_12;9;2
ORD_20;PROD_11;8;5
ORD_20;PROD_32;4;2
ORD_21;PROD_7;6;5
ORD_21;PROD_27;9;5
ORD_21;PROD_49;3;3
ORD_21;PROD_32;1;2
ORD_21;PROD_43;3;5
ORD_21;PROD_38;2;3
ORD_21;PROD_4;9;2
ORD_21;PROD_37;7;2
ORD_21;PROD_11;8;1
ORD_21;PROD_20;6;5
ORD_21;PROD_43;6;4
ORD_21;PROD_13;5;2
ORD_21;PROD_16;7;1
ORD_21;PROD_26;8;3
ORD_21;PROD_12;1;3
ORD_22;PROD_13;9;3
ORD_22;PROD_44;9;2
ORD_22;PROD_43;5;5
ORD_22;PROD_45;9;5
ORD_22;PROD_39;5;4
ORD_22;PROD_37;2;2
ORD_22;PROD_38;6;5
ORD_22;PROD_23;9;4
ORD_22;PROD_12;6;4
ORD_23;PROD_36;6;2
ORD_23;PROD_39;4;4
ORD_23;PROD_38;6;3
ORD_23;PROD_22;1;2
ORD_23;PROD_6;3;1
ORD_23;PROD_49;7;1
ORD_23;PROD_48;2;4
ORD_23;PROD_24;2;5
ORD_23;PROD_37;4;2
ORD_24;PROD_23;6;1
ORD_24;PROD_19;7;3
ORD_24;PROD_38;7;3
ORD_24;PROD_39;5;1
ORD_24;PROD_37;9;2
ORD_24;PROD_38;8;4
ORD_25;PROD_18;3;2
ORD_25;PROD_42;7;2
ORD_25;PROD_21;9;5
ORD_25;PROD_3;7;4
ORD_25;PROD_23;6;5
ORD_25;PROD_38;4;4
ORD_25;PROD_20;7;5
ORD_25;PROD_46;8;4
ORD_25;PROD_7;3;2
ORD_25;PROD_35;9;3
ORD_25;PROD_33;7;1
ORD_25;PROD_10;8;5
ORD_25;PROD_19;1;4
ORD_25;PROD_1;6;2
ORD_25;PROD_30;4;5
ORD_26;PROD_17;3;3
ORD_26;PROD_23;3;5
ORD_26;PROD_37;7;4
ORD_26;PROD_33;5;3
ORD_26;PROD_37;7;3
ORD_26;PROD_27;1;2
ORD_26;PROD_31;3;2
ORD_26;PROD_27;6;3
ORD_26;PROD_21;3;3
ORD_26;PROD_4;1;2
ORD_26;PROD_8;1;5
ORD_26;PROD_37;8;5
ORD_26;PROD_41;2;4
ORD_26;PROD_35;6;4
ORD_27;PROD_14;8;1
ORD_27;PROD_15;9;5
ORD_27;PROD_13;3;2
ORD_27;PROD_3;9;4
ORD_27;PROD_46;9;4
ORD_27;PROD_17;3;1
ORD_27;PROD_10;6;1
ORD_27;PROD_35;3;1
ORD_27;PROD_17;7;4
ORD_27;PROD_7;8;2
ORD_27;PROD_24;4;3
ORD_27;PROD_38;3;1
ORD_27;PROD_34;6;4
ORD_27;PROD_48;8;4
ORD_28;PROD_11;2;2
ORD_28;PROD_25;3;5
ORD_28;PROD_29;2;3
ORD_28;PROD_13;5;3
ORD_28;PROD_13;8;1
ORD_28;PROD_44;4;3
ORD_29;PROD_6;9;1
ORD_29;PROD_45;3;3
ORD_29;PROD_43;5;5
ORD_29;PROD_13;8;1
ORD_29;PROD_44;9;1
ORD_29;PROD_43;5;1
ORD_29;PROD_45;7;5
ORD_30;PROD_2;4;3
ORD_30;PROD_28;6;3
ORD_30;PROD_34;9;2
ORD_30;PROD_46;1;1
ORD_30;PROD_43;9;1
ORD_30;PROD_3;2;2
ORD_30;PROD_4;9;5
ORD_30;PROD_47;6;4
ORD_30;PROD_13;9;3
ORD_31;PROD_24;4;1
ORD_31;PROD_13;6;3
ORD_31;PROD_11;2;1
ORD_31;PROD_20;8;2
ORD_31;PROD_1;5;4
ORD_31;PROD_24;5;4
ORD_31;PROD_20;9;1
ORD_31;PROD_11;4;4
ORD_31;PROD_36;9;5
ORD_31;PROD_3;8;4
ORD_31;PROD_10;6;5
ORD_31;PROD_8;9;3
ORD_31;PROD_35;1;3
ORD_32;PROD_49;4;1
ORD_32;PROD_18;2;4
ORD_32;PROD_28;9;2
ORD_32;PROD_50;8;2
ORD_32;PROD_39;1;1
ORD_32;PROD_38;1;3
ORD_32;PROD_41;2;1
ORD_32;PROD_10;7;4
ORD_32;PROD_49;7;4
ORD_32;PROD_25;6;2
ORD_32;PROD_42;7;2
ORD_32;PROD_5;2;4
ORD_32;PROD_3;4;3
ORD_32;PROD_18;6;5
ORD_32;PROD_26;2;1
ORD_33;PROD_11;5;4
ORD_33;PROD_25;3;3
ORD_33;PROD_29;5;4
ORD_33;PROD_13;8;2
ORD_33;PROD_40;9;5
ORD_33;PROD_9;8;5
ORD_33;PROD_25;2;4
ORD_33;PROD_46;8;3
ORD_34;PROD_23;7;2
ORD_34;PROD_19;3;3
ORD_34;PROD_38;3;2
ORD_34;PROD_6;4;2
ORD_34;PROD_45;9;2
ORD_34;PROD_43;9;3
ORD_34;PROD_37;3;2
ORD_34;PROD_8;6;4
ORD_35;PROD_2;9;1
ORD_35;PROD_28;8;1
ORD_35;PROD_23;8;1
ORD_35;PROD_19;9;2
ORD_35;PROD_38;2;1
ORD_35;PROD_49;7;2
ORD_35;PROD_38;9;4
ORD_35;PROD_27;7;1
ORD_35;PROD_45;9;2
ORD_35;PROD_33;6;3
ORD_35;PROD_10;3;1
ORD_35;PROD_35;6;1
ORD_35;PROD_21;3;2
ORD_35;PROD_33;3;1
ORD_35;PROD_46;4;4
ORD_36;PROD_2;3;4
ORD_36;PROD_1;2;4
ORD_36;PROD_22;3;1
ORD_36;PROD_33;2;3
ORD_36;PROD_26;4;5
ORD_36;PROD_29;4;2
ORD_36;PROD_21;3;1
ORD_36;PROD_40;8;2
ORD_36;PROD_24;8;3
ORD_36;PROD_32;6;3
ORD_36;PROD_50;9;2
ORD_36;PROD_5;3;1
ORD_36;PROD_14;1;3
ORD_36;PROD_39;5;4
ORD_36;PROD_1;2;3
ORD_37;PROD_39;6;2
ORD_37;PROD_28;3;5
ORD_37;PROD_48;5;1
ORD_37;PROD_14;2;1
ORD_37;PROD_49;3;2
ORD_37;PROD_1;5;5
ORD_38;PROD_34;9;5
ORD_38;PROD_30;4;2
ORD_38;PROD_40;2;1
ORD_38;PROD_45;2;5
ORD_38;PROD_49;9;2
ORD_38;PROD_33;7;5
ORD_38;PROD_26;8;1
ORD_38;PROD_6;7;4
ORD_39;PROD_49;7;2
ORD_39;PROD_23;8;3
ORD_39;PROD_18;8;5
ORD_39;PROD_41;6;3
ORD_39;PROD_17;8;1
ORD_40;PROD_40;7;1
ORD_40;PROD_16;9;3
ORD_40;PROD_49;9;3
ORD_40;PROD_8;5;3
ORD_40;PROD_37;5;2
ORD_40;PROD_25;5;4
ORD_40;PROD_5;8;3
ORD_40;PROD_18;2;3
ORD_40;PROD_25;3;1
ORD_40;PROD_28;4;2
ORD_40;PROD_14;1;5
ORD_41;PROD_26;9;5
ORD_41;PROD_38;4;1
ORD_41;PROD_8;1;1
ORD_41;PROD_27;7;1
ORD_41;PROD_11;8;5
ORD_41;PROD_40;4;5
ORD_41;PROD_29;2;4
ORD_41;PROD_33;1;1
ORD_41;PROD_34;1;2
ORD_41;PROD_45;1;2
ORD_41;PROD_39;5;2
ORD_41;PROD_12;7;5
ORD_41;PROD_50;1;3
ORD_41;PROD_39;3;3
ORD_42;PROD_7;6;5
ORD_42;PROD_27;3;4
ORD_42;PROD_49;5;2
ORD_42;PROD_2;7;5
ORD_42;PROD_28;1;4
ORD_42;PROD_20;7;3
ORD_42;PROD_25;1;2
ORD_42;PROD_13;2;4
ORD_42;PROD_22;5;2
ORD_42;PROD_12;1;1
ORD_42;PROD_18;1;2
ORD_42;PROD_39;3;2
ORD_43;PROD_11;1;5
ORD_43;PROD_37;4;1
ORD_43;PROD_38;1;3
ORD_43;PROD_20;9;1
ORD_43;PROD_17;7;3
ORD_43;PROD_21;4;3
ORD_43;PROD_7;2;3
ORD_43;PROD_11;5;4
ORD_43;PROD_41;2;3
ORD_43;PROD_11;8;5
ORD_43;PROD_29;8;5
ORD_43;PROD_43;6;3
ORD_43;PROD_22;3;5
ORD_43;PROD_13;9;3
ORD_43;PROD_49;1;4
ORD_44;PROD_25;5;4
ORD_44;PROD_16;6;5
ORD_44;PROD_9;4;2
ORD_44;PROD_6;8;1
ORD_44;PROD_22;7;1
ORD_44;PROD_43;5;3
ORD_44;PROD_47;1;4
ORD_44;PROD_21;9;2
ORD_44;PROD_8;4;2
ORD_44;PROD_32;6;5
ORD_44;PROD_3;5;5
ORD_45;PROD_49;1;1
ORD_45;PROD_38;8;5
ORD_45;PROD_27;6;3
ORD_45;PROD_45;3;2
ORD_45;PROD_33;1;1
ORD_45;PROD_38;6;2
ORD_45;PROD_24;6;2
ORD_45;PROD_49;6;1
ORD_45;PROD_47;9;2
ORD_46;PROD_25;6;2
ORD_46;PROD_21;3;5
ORD_46;PROD_14;2;3
ORD_46;PROD_42;7;2
ORD_46;PROD_43;5;3
ORD_46;PROD_23;5;2
ORD_46;PROD_46;8;2
ORD_46;PROD_42;4;3
ORD_46;PROD_47;5;1
ORD_46;PROD_8;9;5
ORD_46;PROD_10;9;4
ORD_46;PROD_35;1;4
ORD_46;PROD_13;2;2
ORD_46;PROD_20;9;1
ORD_46;PROD_22;9;2
ORD_47;PROD_47;5;2
ORD_47;PROD_33;6;3
ORD_47;PROD_38;2;2
ORD_47;PROD_8;3;3
ORD_47;PROD_3;9;4
ORD_47;PROD_28;7;3
ORD_47;PROD_11;3;1
ORD_47;PROD_43;8;2
ORD_47;PROD_7;4;4
ORD_48;PROD_45;3;4
ORD_48;PROD_24;5;2
ORD_48;PROD_32;8;2
ORD_48;PROD_49;8;1
ORD_48;PROD_21;9;3
ORD_48;PROD_19;8;5
ORD_48;PROD_24;2;4
ORD_48;PROD_18;4;4
ORD_48;PROD_40;8;1
ORD_48;PROD_1;7;2
ORD_48;PROD_23;5;2
ORD_48;PROD_16;7;3
ORD_49;PROD_48;6;4
ORD_49;PROD_1;8;4
ORD_49;PROD_8;9;2
ORD_49;PROD_27;9;3
ORD_49;PROD_15;7;3
ORD_49;PROD_15;5;4
ORD_49;PROD_25;7;4
ORD_49;PROD_30;4;1
ORD_49;PROD_36;5;2
ORD_49;PROD_24;8;5
ORD_49;PROD_37;8;3
ORD_49;PROD_38;4;4
ORD_49;PROD_5;8;3
ORD_49;PROD_33;5;3
ORD_50;PROD_5;3;3
ORD_50;PROD_42;7;1
ORD_50;PROD_14;2;2
ORD_50;PROD_45;6;3
ORD_50;PROD_49;3;2
ORD_51;PROD_25;8;1
ORD_51;PROD_21;1;1
ORD_51;PROD_14;6;5
ORD_51;PROD_42;8;3
ORD_51;PROD_27;5;1
ORD_51;PROD_29;5;3
ORD_51;PROD_44;5;1
ORD_51;PROD_5;5;5
ORD_51;PROD_35;3;1
ORD_51;PROD_29;8;5
ORD_51;PROD_32;1;4
ORD_51;PROD_40;5;1
ORD_52;PROD_20;3;2
ORD_52;PROD_12;3;3
ORD_52;PROD_36;7;3
ORD_52;PROD_11;4;5
ORD_52;PROD_19;6;1
ORD_52;PROD_6;7;4
ORD_52;PROD_10;4;3
ORD_53;PROD_13;3;2
ORD_53;PROD_50;3;1
ORD_53;PROD_14;3;1
ORD_53;PROD_9;5;4
ORD_53;PROD_23;7;4
ORD_53;PROD_20;7;3
ORD_53;PROD_5;2;1
ORD_53;PROD_37;1;4
ORD_53;PROD_50;1;4
ORD_53;PROD_39;5;2
ORD_53;PROD_40;9;3
ORD_53;PROD_37;1;2
ORD_53;PROD_4;4;2
ORD_53;PROD_32;8;3
ORD_54;PROD_32;3;1
ORD_54;PROD_10;8;2
ORD_54;PROD_46;7;3
ORD_54;PROD_8;9;5
ORD_54;PROD_6;1;3
ORD_55;PROD_27;4;2
ORD_55;PROD_4;4;5
ORD_55;PROD_48;7;1
ORD_55;PROD_29;3;3
ORD_55;PROD_35;6;1
ORD_55;PROD_38;1;5
ORD_55;PROD_48;1;3
ORD_55;PROD_37;1;5
ORD_55;PROD_26;1;2
ORD_55;PROD_40;6;3
ORD_55;PROD_49;5;4
ORD_55;PROD_32;9;4
ORD_55;PROD_11;8;5
ORD_56;PROD_31;2;5
ORD_56;PROD_41;7;2
ORD_56;PROD_16;9;1
ORD_56;PROD_16;6;5
ORD_56;PROD_26;4;5
ORD_56;PROD_42;6;2
ORD_56;PROD_34;7;1
ORD_56;PROD_31;6;2
ORD_56;PROD_30;8;3
ORD_56;PROD_5;5;1
ORD_56;PROD_26;7;1
ORD_57;PROD_39;6;3
ORD_57;PROD_37;1;5
ORD_57;PROD_38;4;1
ORD_57;PROD_23;1;4
ORD_57;PROD_11;8;2
ORD_57;PROD_25;9;4
ORD_57;PROD_29;6;2
ORD_57;PROD_13;8;3
ORD_57;PROD_4;5;2
ORD_57;PROD_23;3;2
ORD_57;PROD_12;2;1
ORD_57;PROD_13;5;4
ORD_57;PROD_37;6;2
ORD_57;PROD_7;1;3
ORD_58;PROD_38;1;2
ORD_58;PROD_4;3;1
ORD_58;PROD_37;8;1
ORD_58;PROD_11;8;2
ORD_58;PROD_20;2;5
ORD_58;PROD_37;4;3
ORD_58;PROD_8;9;4
ORD_59;PROD_37;4;3
ORD_59;PROD_8;9;4
ORD_59;PROD_17;8;2
ORD_59;PROD_34;9;3
ORD_59;PROD_20;8;2
ORD_59;PROD_25;5;2
ORD_59;PROD_13;4;4
ORD_59;PROD_37;5;3
ORD_59;PROD_17;8;4
ORD_59;PROD_21;5;2
ORD_60;PROD_40;9;4
ORD_60;PROD_9;1;5
ORD_60;PROD_25;2;5
ORD_60;PROD_46;7;1
ORD_60;PROD_23;6;5
ORD_60;PROD_28;1;2
ORD_60;PROD_50;3;4
ORD_60;PROD_32;6;2
ORD_60;PROD_22;1;5
ORD_60;PROD_6;8;5
ORD_60;PROD_10;3;4
ORD_60;PROD_10;3;1
ORD_60;PROD_8;8;5
ORD_60;PROD_34;7;2
ORD_60;PROD_19;7;1
ORD_61;PROD_46;2;2
ORD_61;PROD_6;3;3
ORD_61;PROD_27;5;3
ORD_61;PROD_19;1;3
ORD_61;PROD_20;9;4
ORD_61;PROD_5;8;3
ORD_61;PROD_47;8;3
ORD_61;PROD_23;9;3
ORD_61;PROD_23;2;3
ORD_61;PROD_49;6;3
ORD_61;PROD_26;7;2
ORD_61;PROD_27;6;4
ORD_61;PROD_28;5;3
ORD_62;PROD_23;3;5
ORD_62;PROD_19;5;1
ORD_62;PROD_38;8;4
ORD_62;PROD_23;8;3
ORD_62;PROD_19;2;5
ORD_62;PROD_38;4;5
ORD_62;PROD_22;7;5
ORD_62;PROD_35;6;1
ORD_62;PROD_4;8;5
ORD_62;PROD_4;9;4
ORD_63;PROD_31;5;4
ORD_63;PROD_18;7;1
ORD_63;PROD_31;5;1
ORD_63;PROD_29;3;2
ORD_63;PROD_31;5;5
ORD_63;PROD_23;9;4
ORD_63;PROD_40;1;4
ORD_63;PROD_26;7;1
ORD_63;PROD_11;5;4
ORD_63;PROD_18;8;3
ORD_63;PROD_5;6;5
ORD_63;PROD_50;5;2
ORD_63;PROD_8;4;2
ORD_63;PROD_11;8;5
ORD_63;PROD_34;6;4
ORD_64;PROD_17;6;5
ORD_64;PROD_9;1;3
ORD_64;PROD_29;3;5
ORD_64;PROD_24;3;1
ORD_64;PROD_38;1;1
ORD_64;PROD_10;8;1
ORD_64;PROD_30;4;5
ORD_65;PROD_20;5;3
ORD_65;PROD_20;3;5
ORD_65;PROD_13;5;4
ORD_65;PROD_11;5;4
ORD_65;PROD_37;6;2
ORD_65;PROD_17;9;4
ORD_65;PROD_14;7;3
ORD_65;PROD_26;4;1
ORD_65;PROD_30;1;5
ORD_65;PROD_49;1;3
ORD_66;PROD_16;5;1
ORD_66;PROD_49;1;3
ORD_66;PROD_21;5;5
ORD_66;PROD_22;1;2
ORD_66;PROD_40;7;5
ORD_66;PROD_22;3;5
ORD_66;PROD_22;5;3
ORD_66;PROD_2;6;2
ORD_66;PROD_42;2;3
ORD_66;PROD_50;9;4
ORD_66;PROD_21;5;5
ORD_66;PROD_11;5;1
ORD_66;PROD_10;4;2
ORD_66;PROD_27;2;2
ORD_67;PROD_23;9;5
ORD_67;PROD_19;4;3
ORD_67;PROD_38;1;1
ORD_67;PROD_39;9;5
ORD_67;PROD_37;7;1
ORD_68;PROD_47;2;1
ORD_68;PROD_33;2;2
ORD_68;PROD_38;5;3
ORD_68;PROD_50;5;3
ORD_68;PROD_48;8;4
ORD_68;PROD_47;7;4
ORD_69;PROD_19;8;3
ORD_69;PROD_26;4;5
ORD_69;PROD_16;2;2
ORD_69;PROD_35;4;2
ORD_69;PROD_30;9;3
ORD_69;PROD_19;2;2
ORD_69;PROD_7;2;4
ORD_70;PROD_33;2;3
ORD_70;PROD_17;4;2
ORD_70;PROD_24;4;3
ORD_70;PROD_15;3;2
ORD_70;PROD_9;3;1
ORD_70;PROD_3;1;5
ORD_70;PROD_1;4;2
ORD_70;PROD_39;1;1
ORD_70;PROD_14;6;5
ORD_70;PROD_9;2;2
ORD_70;PROD_19;7;4
ORD_70;PROD_42;7;5
ORD_70;PROD_39;6;2
ORD_70;PROD_50;3;1
ORD_71;PROD_2;6;2
ORD_71;PROD_49;1;3
ORD_71;PROD_32;3;4
ORD_71;PROD_50;2;3
ORD_71;PROD_7;8;1
ORD_71;PROD_10;8;3
ORD_71;PROD_24;1;4
ORD_71;PROD_20;5;5
ORD_71;PROD_45;4;2
ORD_71;PROD_42;3;2
ORD_71;PROD_42;8;3
ORD_71;PROD_22;9;2
ORD_71;PROD_10;3;5
ORD_71;PROD_9;9;5
ORD_72;PROD_47;5;3
ORD_72;PROD_18;6;3
ORD_72;PROD_19;5;2
ORD_72;PROD_47;3;4
ORD_72;PROD_27;4;5
ORD_72;PROD_30;6;4
ORD_72;PROD_48;3;3
ORD_72;PROD_20;6;4
ORD_72;PROD_7;9;2
ORD_72;PROD_14;1;5
ORD_72;PROD_31;8;3
ORD_73;PROD_23;4;4
ORD_73;PROD_19;4;5
ORD_73;PROD_38;3;4
ORD_73;PROD_29;5;1
ORD_73;PROD_24;1;3
ORD_73;PROD_42;9;5
ORD_73;PROD_2;8;4
ORD_73;PROD_22;2;3
ORD_73;PROD_12;4;1
ORD_73;PROD_19;2;5
ORD_73;PROD_8;6;3
ORD_73;PROD_30;3;4
ORD_73;PROD_9;8;5
ORD_73;PROD_9;1;1
ORD_73;PROD_41;7;3
ORD_74;PROD_6;9;4
ORD_74;PROD_12;4;1
ORD_74;PROD_32;5;4
ORD_74;PROD_3;3;2
ORD_74;PROD_9;8;4
ORD_74;PROD_35;1;3
ORD_74;PROD_32;2;4
ORD_74;PROD_18;1;5
ORD_74;PROD_36;9;2
ORD_74;PROD_24;3;2
ORD_74;PROD_36;2;5
ORD_74;PROD_41;9;2
ORD_75;PROD_34;8;3
ORD_75;PROD_41;7;2
ORD_75;PROD_35;1;2
ORD_75;PROD_22;9;3
ORD_75;PROD_46;4;5
ORD_75;PROD_8;8;5
ORD_75;PROD_31;6;5
ORD_75;PROD_36;7;1
ORD_75;PROD_13;5;2
ORD_75;PROD_47;4;2
ORD_75;PROD_41;4;1
ORD_76;PROD_6;4;3
ORD_76;PROD_45;9;5
ORD_76;PROD_43;9;4
ORD_76;PROD_7;8;2
ORD_76;PROD_27;2;2
ORD_76;PROD_49;6;2
ORD_76;PROD_13;9;3
ORD_76;PROD_40;2;2
ORD_76;PROD_47;4;4
ORD_76;PROD_18;3;2
ORD_76;PROD_16;2;4
ORD_76;PROD_25;4;5
ORD_77;PROD_37;6;4
ORD_77;PROD_8;2;4
ORD_77;PROD_17;6;2
ORD_77;PROD_34;8;5
ORD_77;PROD_37;3;3
ORD_77;PROD_8;7;4
ORD_77;PROD_17;4;1
ORD_78;PROD_46;6;1
ORD_78;PROD_27;8;4
ORD_78;PROD_10;3;4
ORD_78;PROD_29;7;1
ORD_78;PROD_23;6;1
ORD_78;PROD_26;3;2
ORD_78;PROD_9;1;2
ORD_78;PROD_1;7;2
ORD_79;PROD_32;9;5
ORD_79;PROD_30;1;2
ORD_79;PROD_7;3;4
ORD_79;PROD_38;1;1
ORD_79;PROD_14;3;5
ORD_79;PROD_29;5;2
ORD_79;PROD_26;4;4
ORD_79;PROD_42;7;5
ORD_79;PROD_36;9;1
ORD_79;PROD_20;3;3
ORD_79;PROD_27;7;3
ORD_80;PROD_40;7;3
ORD_80;PROD_9;6;1
ORD_80;PROD_25;4;2
ORD_80;PROD_46;9;3
ORD_80;PROD_23;3;3
ORD_80;PROD_12;4;2
ORD_80;PROD_5;4;2
ORD_80;PROD_46;7;1
ORD_80;PROD_29;7;5
ORD_80;PROD_3;5;5
ORD_80;PROD_5;7;2
ORD_80;PROD_34;3;3
ORD_80;PROD_2;7;1
ORD_80;PROD_26;6;5
ORD_80;PROD_10;6;2
ORD_81;PROD_6;9;3
ORD_81;PROD_45;1;4
ORD_81;PROD_43;7;5
ORD_81;PROD_20;5;3
ORD_81;PROD_21;9;4
ORD_81;PROD_44;5;4
ORD_81;PROD_49;9;4
ORD_81;PROD_33;5;1
ORD_81;PROD_48;4;3
ORD_81;PROD_36;6;2
ORD_81;PROD_47;2;5
ORD_82;PROD_32;4;3
ORD_82;PROD_43;5;3
ORD_82;PROD_49;7;4
ORD_82;PROD_3;2;2
ORD_82;PROD_34;3;2
ORD_82;PROD_2;2;1
ORD_82;PROD_12;3;4
ORD_82;PROD_22;3;4
ORD_82;PROD_12;5;1
ORD_82;PROD_6;2;4
ORD_83;PROD_32;3;2
ORD_83;PROD_43;9;2
ORD_83;PROD_24;3;4
ORD_83;PROD_5;7;5
ORD_83;PROD_2;7;2
ORD_83;PROD_33;1;3
ORD_83;PROD_25;3;3
ORD_83;PROD_21;6;4
ORD_83;PROD_14;8;5
ORD_83;PROD_42;5;4
ORD_83;PROD_40;1;5
ORD_83;PROD_8;8;3
ORD_83;PROD_7;8;5
ORD_83;PROD_10;1;5
ORD_83;PROD_24;7;3
ORD_84;PROD_7;1;4
ORD_84;PROD_38;8;2
ORD_84;PROD_41;6;1
ORD_84;PROD_15;1;2
ORD_84;PROD_50;9;4
ORD_84;PROD_33;2;5
ORD_84;PROD_45;9;3
ORD_84;PROD_18;5;1
ORD_84;PROD_27;1;4
ORD_84;PROD_33;4;2
ORD_84;PROD_33;2;3
ORD_84;PROD_13;3;2
ORD_85;PROD_24;8;2
ORD_85;PROD_5;2;5
ORD_85;PROD_2;8;2
ORD_85;PROD_33;6;2
ORD_85;PROD_2;7;1
ORD_85;PROD_42;1;2
ORD_85;PROD_33;4;3
ORD_85;PROD_28;9;2
ORD_85;PROD_11;7;3
ORD_85;PROD_41;4;3
ORD_85;PROD_44;1;4
ORD_85;PROD_28;9;4
ORD_86;PROD_32;8;3
ORD_86;PROD_43;1;3
ORD_86;PROD_13;1;4
ORD_86;PROD_44;5;3
ORD_86;PROD_43;7;2
ORD_86;PROD_45;5;2
ORD_86;PROD_14;4;5
ORD_86;PROD_33;3;2
ORD_86;PROD_15;1;1
ORD_86;PROD_34;6;1
ORD_86;PROD_16;7;2
ORD_86;PROD_48;2;5
ORD_87;PROD_37;9;5
ORD_87;PROD_8;3;3
ORD_87;PROD_17;9;5
ORD_87;PROD_34;1;3
ORD_87;PROD_36;4;5
ORD_87;PROD_21;3;3
ORD_87;PROD_15;1;2
ORD_87;PROD_39;3;4
ORD_87;PROD_4;6;4
ORD_88;PROD_40;4;1
ORD_88;PROD_9;1;4
ORD_88;PROD_25;7;3
ORD_88;PROD_46;8;3
ORD_88;PROD_23;5;3
ORD_88;PROD_23;1;3
ORD_88;PROD_13;9;5
ORD_88;PROD_36;5;2
ORD_88;PROD_20;6;3
ORD_88;PROD_48;5;5
ORD_88;PROD_12;8;3
ORD_89;PROD_42;2;2
ORD_89;PROD_24;7;4
ORD_89;PROD_40;7;4
ORD_89;PROD_39;3;3
ORD_89;PROD_5;2;2
ORD_89;PROD_14;6;4
ORD_90;PROD_24;2;1
ORD_90;PROD_5;5;5
ORD_90;PROD_2;2;5
ORD_90;PROD_33;1;1
ORD_90;PROD_28;3;1
ORD_91;PROD_13;9;2
ORD_91;PROD_40;8;4
ORD_91;PROD_47;7;4
ORD_91;PROD_18;9;1
ORD_91;PROD_16;2;2
ORD_91;PROD_15;9;4
ORD_91;PROD_26;5;4
ORD_91;PROD_20;8;5
ORD_91;PROD_41;1;4
ORD_91;PROD_50;9;2
ORD_91;PROD_21;3;3
ORD_92;PROD_25;2;1
ORD_92;PROD_39;8;3
ORD_92;PROD_3;1;5
ORD_92;PROD_24;2;1
ORD_92;PROD_31;9;1
ORD_92;PROD_48;1;2
ORD_92;PROD_35;3;3
ORD_92;PROD_22;5;4
ORD_92;PROD_48;3;2
ORD_92;PROD_2;8;5
ORD_92;PROD_27;9;5
ORD_92;PROD_39;4;1
ORD_92;PROD_41;6;4
ORD_92;PROD_39;5;4
ORD_93;PROD_26;2;5
ORD_93;PROD_1;7;2
ORD_93;PROD_43;3;2
ORD_93;PROD_49;4;1
ORD_93;PROD_48;1;1
ORD_93;PROD_12;2;5
ORD_93;PROD_23;5;3
ORD_93;PROD_41;4;3
ORD_93;PROD_36;2;1
ORD_93;PROD_1;8;3
ORD_93;PROD_11;7;1
ORD_94;PROD_27;4;4
ORD_94;PROD_15;3;3
ORD_94;PROD_27;5;2
ORD_94;PROD_50;7;1
ORD_94;PROD_14;1;1
ORD_94;PROD_40;4;5
ORD_94;PROD_41;1;1
ORD_94;PROD_36;9;3
ORD_94;PROD_22;2;5
ORD_94;PROD_29;6;5
ORD_94;PROD_15;4;5
ORD_94;PROD_20;1;1
ORD_94;PROD_36;5;1
ORD_94;PROD_30;6;4
ORD_94;PROD_45;5;4
ORD_95;PROD_23;2;5
ORD_95;PROD_5;1;3
ORD_95;PROD_46;6;1
ORD_95;PROD_22;3;1
ORD_95;PROD_33;3;5
ORD_95;PROD_47;5;2
ORD_95;PROD_48;1;1
ORD_95;PROD_9;4;3
ORD_95;PROD_4;7;4
ORD_95;PROD_43;3;5
ORD_95;PROD_9;3;3
ORD_95;PROD_47;7;5
ORD_96;PROD_45;3;5
ORD_96;PROD_38;8;5
ORD_96;PROD_43;6;3
ORD_96;PROD_9;5;2
ORD_96;PROD_39;7;3
ORD_96;PROD_3;9;4
ORD_96;PROD_24;7;2
ORD_96;PROD_44;2;2
ORD_96;PROD_4;7;5
ORD_97;PROD_2;9;4
ORD_97;PROD_28;2;5
ORD_97;PROD_27;6;3
ORD_97;PROD_40;2;3
ORD_97;PROD_5;2;5
ORD_97;PROD_35;8;5
ORD_97;PROD_50;2;4
ORD_97;PROD_10;6;1
ORD_97;PROD_46;7;2
ORD_97;PROD_49;1;4
ORD_97;PROD_23;1;5
ORD_97;PROD_9;2;4
ORD_97;PROD_49;1;3
ORD_97;PROD_6;8;4
ORD_97;PROD_47;7;4
ORD_98;PROD_16;5;1
ORD_98;PROD_3;6;5
ORD_98;PROD_33;1;4
ORD_98;PROD_40;6;3
ORD_98;PROD_2;5;5
ORD_98;PROD_31;3;3
ORD_98;PROD_39;6;2
ORD_98;PROD_38;1;5
ORD_98;PROD_4;9;1
ORD_98;PROD_41;6;5
ORD_98;PROD_20;1;4
ORD_98;PROD_25;7;5
ORD_98;PROD_38;7;2
ORD_99;PROD_39;1;3
ORD_99;PROD_37;2;3
ORD_99;PROD_38;2;3
ORD_99;PROD_23;9;4
ORD_99;PROD_38;1;3
ORD_99;PROD_4;8;5
ORD_100;PROD_25;8;1
ORD_100;PROD_21;8;1
ORD_100;PROD_14;6;3
ORD_100;PROD_42;8;1
ORD_100;PROD_39;6;1
ORD_100;PROD_37;9;3
ORD_100;PROD_38;4;1
ORD_100;PROD_23;7;5
ORD_100;PROD_40;5;1
ORD_100;PROD_9;6;4
ORD_101;PROD_49;9;5
ORD_101;PROD_38;6;1
ORD_101;PROD_27;5;4
ORD_101;PROD_45;2;4
ORD_101;PROD_33;7;5
ORD_101;PROD_6;1;5
ORD_101;PROD_45;7;1
ORD_101;PROD_43;8;4
ORD_101;PROD_38;9;3
ORD_101;PROD_4;1;1
ORD_101;PROD_37;7;4
ORD_101;PROD_11;2;2
ORD_101;PROD_20;2;1
ORD_102;PROD_34;3;4
ORD_102;PROD_21;2;4
ORD_102;PROD_30;4;1
ORD_102;PROD_35;5;3
ORD_102;PROD_40;5;1
ORD_102;PROD_31;8;5
ORD_103;PROD_37;2;1
ORD_103;PROD_8;7;3
ORD_103;PROD_17;7;3
ORD_103;PROD_34;7;5
ORD_103;PROD_12;1;3
ORD_103;PROD_22;4;3
ORD_103;PROD_7;1;3
ORD_103;PROD_24;7;5
ORD_103;PROD_7;5;5
ORD_103;PROD_36;4;4
ORD_104;PROD_18;1;1
ORD_104;PROD_24;1;5
ORD_104;PROD_44;3;3
ORD_104;PROD_27;8;3
ORD_104;PROD_2;5;4
ORD_104;PROD_37;8;3
ORD_104;PROD_7;7;1
ORD_104;PROD_43;7;1
ORD_104;PROD_26;3;3
ORD_104;PROD_17;5;2
ORD_104;PROD_21;3;2
ORD_104;PROD_34;5;2
ORD_104;PROD_45;7;1
ORD_104;PROD_34;5;1
ORD_105;PROD_24;2;3
ORD_105;PROD_5;1;1
ORD_105;PROD_2;7;2
ORD_105;PROD_33;5;5
ORD_105;PROD_38;9;3
ORD_105;PROD_4;6;1
ORD_105;PROD_37;9;5
ORD_105;PROD_11;5;4
ORD_105;PROD_20;7;5
ORD_105;PROD_20;6;3
ORD_105;PROD_25;6;5
ORD_105;PROD_13;6;5
ORD_105;PROD_15;3;1
ORD_105;PROD_24;7;2
ORD_106;PROD_13;6;4
ORD_106;PROD_44;5;2
ORD_106;PROD_43;8;1
ORD_106;PROD_45;5;1
ORD_106;PROD_25;1;3
ORD_106;PROD_21;1;1
ORD_106;PROD_14;5;2
ORD_106;PROD_42;3;1
ORD_106;PROD_16;4;5
ORD_106;PROD_29;9;3
ORD_106;PROD_14;9;1
ORD_106;PROD_27;8;2
ORD_106;PROD_28;4;2
ORD_106;PROD_28;5;2
ORD_107;PROD_41;7;3
ORD_107;PROD_16;2;1
ORD_107;PROD_18;7;2
ORD_107;PROD_50;2;4
ORD_107;PROD_44;6;4
ORD_107;PROD_23;1;5
ORD_107;PROD_41;9;5
ORD_107;PROD_3;4;1
ORD_107;PROD_9;7;4
ORD_107;PROD_43;8;3
ORD_107;PROD_42;9;5
ORD_108;PROD_40;1;3
ORD_108;PROD_9;2;4
ORD_108;PROD_25;1;1
ORD_108;PROD_46;1;1
ORD_108;PROD_23;5;5
ORD_108;PROD_13;8;2
ORD_108;PROD_44;3;3
ORD_108;PROD_43;3;4
ORD_109;PROD_11;5;2
ORD_109;PROD_25;4;3
ORD_109;PROD_29;4;3
ORD_109;PROD_13;8;5
ORD_109;PROD_20;4;4
ORD_110;PROD_36;9;5
ORD_110;PROD_21;8;5
ORD_110;PROD_15;3;5
ORD_110;PROD_39;1;4
ORD_110;PROD_8;1;2
ORD_110;PROD_40;1;4
ORD_110;PROD_40;3;5
ORD_110;PROD_46;2;2
ORD_111;PROD_25;9;5
ORD_111;PROD_21;2;4
ORD_111;PROD_14;4;5
ORD_111;PROD_42;2;3
ORD_111;PROD_39;8;5
ORD_111;PROD_37;3;4
ORD_111;PROD_38;1;4
ORD_111;PROD_23;4;5
ORD_111;PROD_32;7;2
ORD_111;PROD_43;7;1
ORD_111;PROD_22;4;2
ORD_111;PROD_38;6;4
ORD_112;PROD_15;8;3
ORD_112;PROD_31;2;2
ORD_112;PROD_10;9;5
ORD_112;PROD_13;9;1
ORD_112;PROD_31;1;4
ORD_112;PROD_27;3;3
ORD_112;PROD_4;5;1
ORD_112;PROD_42;3;4
ORD_112;PROD_19;5;4
ORD_112;PROD_20;1;2
ORD_112;PROD_36;2;2
ORD_112;PROD_23;7;3
ORD_113;PROD_40;1;5
ORD_113;PROD_4;7;3
ORD_113;PROD_34;1;1
ORD_113;PROD_44;7;5
ORD_113;PROD_9;7;3
ORD_114;PROD_40;4;1
ORD_114;PROD_9;4;4
ORD_114;PROD_25;3;3
ORD_114;PROD_46;5;5
ORD_114;PROD_23;9;3
ORD_114;PROD_26;5;5
ORD_114;PROD_12;1;5
ORD_114;PROD_40;8;5
ORD_114;PROD_16;4;1
ORD_114;PROD_8;9;1
ORD_114;PROD_2;5;1
ORD_114;PROD_26;5;3
ORD_114;PROD_15;9;3
ORD_115;PROD_10;2;4
ORD_115;PROD_15;6;1
ORD_115;PROD_43;7;4
ORD_115;PROD_20;4;2
ORD_115;PROD_27;6;2
ORD_115;PROD_34;1;4
ORD_115;PROD_13;4;3
ORD_115;PROD_49;4;4
ORD_115;PROD_12;4;2
ORD_115;PROD_19;1;3
ORD_115;PROD_43;2;3
ORD_115;PROD_4;6;2
ORD_115;PROD_36;9;3
ORD_116;PROD_46;5;3
ORD_116;PROD_13;1;4
ORD_116;PROD_27;4;5
ORD_116;PROD_40;8;4
ORD_116;PROD_16;5;2
ORD_116;PROD_29;6;1
ORD_117;PROD_41;6;2
ORD_117;PROD_2;8;3
ORD_117;PROD_15;7;2
ORD_117;PROD_41;2;1
ORD_117;PROD_29;2;5
ORD_117;PROD_43;3;5
ORD_117;PROD_30;7;3
ORD_117;PROD_28;6;4
ORD_118;PROD_45;5;3
ORD_118;PROD_8;2;5
ORD_118;PROD_24;5;3
ORD_118;PROD_46;2;5
ORD_118;PROD_37;9;5
ORD_118;PROD_8;6;1
ORD_118;PROD_27;2;4
ORD_118;PROD_31;5;1
ORD_118;PROD_49;2;4
ORD_118;PROD_5;9;5
ORD_118;PROD_26;3;2
ORD_119;PROD_26;3;5
ORD_119;PROD_10;3;2
ORD_119;PROD_12;2;3
ORD_119;PROD_15;6;5
ORD_119;PROD_4;7;1
ORD_119;PROD_14;9;1
ORD_119;PROD_10;8;2
ORD_120;PROD_23;7;4
ORD_120;PROD_49;7;3
ORD_120;PROD_30;1;5
ORD_120;PROD_23;7;5
ORD_120;PROD_46;3;5
ORD_120;PROD_42;7;5
ORD_120;PROD_10;9;3
ORD_120;PROD_25;9;2
ORD_120;PROD_26;6;3
ORD_120;PROD_30;9;1
ORD_120;PROD_17;6;2
ORD_120;PROD_10;6;2
ORD_121;PROD_11;2;1
ORD_121;PROD_25;4;1
ORD_121;PROD_29;7;1
ORD_121;PROD_13;4;4
ORD_121;PROD_20;2;2
ORD_121;PROD_25;4;1
ORD_122;PROD_24;8;2
ORD_122;PROD_40;1;3
ORD_122;PROD_30;1;2
ORD_122;PROD_18;1;4
ORD_122;PROD_4;5;2
ORD_122;PROD_23;4;2
ORD_122;PROD_37;4;1
ORD_122;PROD_13;5;1
ORD_122;PROD_10;4;5
ORD_122;PROD_19;4;2
ORD_122;PROD_4;2;1
ORD_122;PROD_38;9;3
ORD_122;PROD_25;7;4
ORD_123;PROD_30;5;4
ORD_123;PROD_14;1;4
ORD_123;PROD_21;6;5
ORD_123;PROD_36;8;3
ORD_123;PROD_23;8;3
ORD_123;PROD_1;5;2
ORD_123;PROD_33;2;1
ORD_123;PROD_5;7;4
ORD_123;PROD_44;9;3
ORD_123;PROD_21;7;4
ORD_123;PROD_5;2;4
ORD_124;PROD_7;9;5
ORD_124;PROD_27;2;3
ORD_124;PROD_49;1;2
ORD_124;PROD_11;8;1
ORD_124;PROD_25;4;5
ORD_124;PROD_29;5;4
ORD_124;PROD_13;8;3
ORD_124;PROD_39;8;3
ORD_124;PROD_37;3;1
ORD_124;PROD_38;4;3
ORD_124;PROD_23;1;2
ORD_124;PROD_38;6;1
ORD_124;PROD_32;7;5
ORD_125;PROD_24;6;5
ORD_125;PROD_5;6;5
ORD_125;PROD_2;7;2
ORD_125;PROD_33;3;4
ORD_125;PROD_40;5;2
ORD_125;PROD_9;3;5
ORD_125;PROD_25;7;1
ORD_125;PROD_46;4;4
ORD_126;PROD_37;6;1
ORD_126;PROD_36;1;4
ORD_126;PROD_38;7;5
ORD_126;PROD_45;9;5
ORD_126;PROD_6;4;2
ORD_126;PROD_17;9;1
ORD_126;PROD_2;6;1
ORD_126;PROD_31;6;1
ORD_126;PROD_18;9;3
ORD_126;PROD_17;5;4
ORD_127;PROD_17;7;2
ORD_127;PROD_4;3;1
ORD_127;PROD_11;7;5
ORD_127;PROD_47;2;5
ORD_127;PROD_12;4;4
ORD_127;PROD_43;6;3
ORD_127;PROD_19;8;3
ORD_127;PROD_23;9;5
ORD_128;PROD_20;8;5
ORD_128;PROD_25;4;1
ORD_128;PROD_13;4;2
ORD_128;PROD_42;5;5
ORD_128;PROD_4;4;5
ORD_128;PROD_21;4;3
ORD_128;PROD_11;7;1
ORD_128;PROD_29;3;5
ORD_128;PROD_30;4;5
ORD_128;PROD_8;9;4
ORD_128;PROD_48;8;5
ORD_128;PROD_30;3;2
ORD_128;PROD_42;9;3
ORD_128;PROD_17;6;3
ORD_129;PROD_30;4;5
ORD_129;PROD_22;7;3
ORD_129;PROD_31;7;1
ORD_129;PROD_17;2;5
ORD_129;PROD_23;6;4
ORD_129;PROD_4;8;1
ORD_129;PROD_6;2;1
ORD_129;PROD_14;2;4
ORD_129;PROD_1;4;2
ORD_129;PROD_5;4;1
ORD_129;PROD_6;6;1
ORD_130;PROD_35;8;2
ORD_130;PROD_6;8;5
ORD_130;PROD_44;2;5
ORD_130;PROD_26;2;2
ORD_130;PROD_34;9;3
ORD_130;PROD_41;9;3
ORD_130;PROD_1;8;1
ORD_130;PROD_36;3;3
ORD_130;PROD_10;4;3
ORD_130;PROD_12;3;3
ORD_130;PROD_47;6;4
ORD_130;PROD_1;2;1
ORD_131;PROD_50;6;4
ORD_131;PROD_29;2;2
ORD_131;PROD_37;7;2
ORD_131;PROD_8;4;2
ORD_131;PROD_1;5;4
ORD_131;PROD_27;3;1
ORD_131;PROD_5;7;5
ORD_131;PROD_11;5;3
ORD_131;PROD_7;3;3
ORD_131;PROD_18;8;2
ORD_131;PROD_2;1;4
ORD_132;PROD_33;6;3
ORD_132;PROD_25;4;5
ORD_132;PROD_46;2;4
ORD_132;PROD_45;9;1
ORD_132;PROD_7;3;4
ORD_132;PROD_23;8;3
ORD_132;PROD_50;7;4
ORD_132;PROD_39;5;2
ORD_132;PROD_9;8;5
ORD_132;PROD_30;7;1
ORD_132;PROD_40;8;5
ORD_132;PROD_18;4;4
ORD_132;PROD_35;8;3
ORD_132;PROD_36;2;4
ORD_133;PROD_14;8;5
ORD_133;PROD_23;7;5
ORD_133;PROD_33;8;1
ORD_133;PROD_15;4;1
ORD_133;PROD_7;2;3
ORD_133;PROD_11;7;4
ORD_133;PROD_2;3;3
ORD_133;PROD_28;5;2
ORD_133;PROD_19;9;3
ORD_133;PROD_48;7;5
ORD_133;PROD_48;3;5
ORD_133;PROD_30;8;4
ORD_133;PROD_4;4;2
ORD_134;PROD_15;2;1
ORD_134;PROD_38;4;4
ORD_134;PROD_9;5;3
ORD_134;PROD_14;1;2
ORD_134;PROD_7;5;4
ORD_134;PROD_15;4;1
ORD_134;PROD_35;1;3
ORD_134;PROD_41;6;5
ORD_134;PROD_13;7;4
ORD_134;PROD_49;4;1
ORD_135;PROD_6;2;1
ORD_135;PROD_22;7;2
ORD_135;PROD_16;7;5
ORD_135;PROD_40;9;4
ORD_135;PROD_5;4;3
ORD_135;PROD_36;5;1
ORD_135;PROD_50;2;2
ORD_135;PROD_46;1;3
ORD_136;PROD_25;6;2
ORD_136;PROD_21;5;1
ORD_136;PROD_14;1;4
ORD_136;PROD_42;1;1
ORD_136;PROD_41;6;2
ORD_136;PROD_36;3;4
ORD_136;PROD_18;5;3
ORD_137;PROD_39;5;3
ORD_137;PROD_8;3;3
ORD_137;PROD_3;3;4
ORD_137;PROD_31;9;5
ORD_137;PROD_39;7;2
ORD_137;PROD_32;7;1
ORD_137;PROD_41;8;3
ORD_138;PROD_11;5;5
ORD_138;PROD_44;1;2
ORD_138;PROD_13;2;2
ORD_138;PROD_33;1;1
ORD_138;PROD_31;4;3
ORD_138;PROD_18;2;1
ORD_139;PROD_37;1;3
ORD_139;PROD_8;1;3
ORD_139;PROD_17;4;4
ORD_139;PROD_34;8;3
ORD_139;PROD_32;6;3
ORD_139;PROD_43;2;4
ORD_139;PROD_7;5;5
ORD_139;PROD_9;7;1
ORD_140;PROD_25;8;5
ORD_140;PROD_21;1;4
ORD_140;PROD_14;9;2
ORD_140;PROD_42;1;3
ORD_140;PROD_11;8;2
ORD_140;PROD_25;1;2
ORD_140;PROD_29;1;2
ORD_140;PROD_13;5;4
ORD_140;PROD_20;2;2
ORD_140;PROD_18;6;4
ORD_140;PROD_12;8;4
ORD_140;PROD_30;7;3
ORD_140;PROD_20;7;2
ORD_140;PROD_34;5;3
ORD_140;PROD_4;5;5
ORD_141;PROD_24;8;4
ORD_141;PROD_5;5;4
ORD_141;PROD_2;2;5
ORD_141;PROD_33;1;2
ORD_141;PROD_25;7;2
ORD_141;PROD_21;2;4
ORD_141;PROD_14;9;1
ORD_142;PROD_2;1;1
ORD_142;PROD_28;4;1
ORD_142;PROD_6;7;1
ORD_142;PROD_45;7;1
ORD_142;PROD_43;7;4
ORD_142;PROD_6;7;3
ORD_142;PROD_37;7;2
ORD_142;PROD_15;9;4
ORD_142;PROD_14;2;3
ORD_143;PROD_45;5;1
ORD_143;PROD_9;1;5
ORD_143;PROD_25;1;3
ORD_143;PROD_36;6;4
ORD_143;PROD_42;9;3
ORD_143;PROD_50;9;2
ORD_143;PROD_3;3;1
ORD_143;PROD_35;2;1
ORD_143;PROD_18;5;2
ORD_143;PROD_29;7;4
ORD_143;PROD_16;6;2
ORD_143;PROD_49;1;3
ORD_143;PROD_44;4;2
ORD_143;PROD_21;1;3
ORD_143;PROD_24;6;1
ORD_144;PROD_16;6;1
ORD_144;PROD_39;1;3
ORD_144;PROD_19;2;3
ORD_144;PROD_16;7;4
ORD_144;PROD_27;7;4
ORD_144;PROD_21;1;5
ORD_144;PROD_10;5;3
ORD_144;PROD_28;2;3
ORD_144;PROD_18;6;5
ORD_144;PROD_13;3;5
ORD_144;PROD_16;2;3
ORD_144;PROD_21;7;4
ORD_144;PROD_13;5;1
ORD_144;PROD_49;8;4
ORD_144;PROD_16;4;3
ORD_145;PROD_25;1;5
ORD_145;PROD_18;8;3
ORD_145;PROD_38;6;4
ORD_145;PROD_27;4;1
ORD_145;PROD_20;8;4
ORD_146;PROD_25;6;1
ORD_146;PROD_21;3;1
ORD_146;PROD_14;8;3
ORD_146;PROD_42;9;5
ORD_146;PROD_2;9;4
ORD_146;PROD_11;3;2
ORD_147;PROD_40;8;2
ORD_147;PROD_9;3;2
ORD_147;PROD_25;4;5
ORD_147;PROD_46;2;2
ORD_147;PROD_23;4;2
ORD_147;PROD_25;9;1
ORD_147;PROD_21;2;4
ORD_147;PROD_14;4;3
ORD_147;PROD_42;2;1
ORD_147;PROD_25;5;3
ORD_147;PROD_21;9;5
ORD_147;PROD_14;4;3
ORD_148;PROD_41;2;5
ORD_148;PROD_44;1;4
ORD_148;PROD_24;1;5
ORD_148;PROD_21;4;5
ORD_148;PROD_38;6;2
ORD_148;PROD_16;9;1
ORD_148;PROD_23;5;2
ORD_148;PROD_20;5;4
ORD_148;PROD_38;8;4
ORD_148;PROD_46;5;4
ORD_148;PROD_10;8;4
ORD_149;PROD_5;9;2
ORD_149;PROD_29;9;1
ORD_149;PROD_8;6;2
ORD_149;PROD_43;9;1
ORD_149;PROD_36;9;5
ORD_149;PROD_8;7;2
ORD_150;PROD_7;8;5
ORD_150;PROD_34;1;3
ORD_150;PROD_40;1;1
ORD_150;PROD_17;1;4
ORD_150;PROD_47;3;3
ORD_150;PROD_6;5;4
ORD_150;PROD_36;4;5
ORD_150;PROD_29;9;5
ORD_150;PROD_4;2;3
ORD_150;PROD_44;2;5
ORD_150;PROD_19;1;5
ORD_150;PROD_13;3;1
ORD_150;PROD_9;4;2
ORD_150;PROD_41;5;4
ORD_151;PROD_28;2;3
ORD_151;PROD_13;5;2
ORD_151;PROD_50;4;3
ORD_151;PROD_14;7;5
ORD_151;PROD_25;3;4
ORD_151;PROD_32;8;5
ORD_151;PROD_16;3;4
ORD_152;PROD_40;9;4
ORD_152;PROD_9;5;2
ORD_152;PROD_25;3;3
ORD_152;PROD_46;9;4
ORD_152;PROD_23;8;2
ORD_152;PROD_36;8;1
ORD_152;PROD_21;3;2
ORD_152;PROD_15;8;4
ORD_152;PROD_39;8;3
ORD_152;PROD_47;6;3
ORD_152;PROD_33;4;4
ORD_152;PROD_38;1;2
ORD_152;PROD_13;1;3
ORD_152;PROD_9;9;5
ORD_153;PROD_46;3;3
ORD_153;PROD_8;4;3
ORD_153;PROD_24;5;1
ORD_153;PROD_36;2;1
ORD_153;PROD_39;6;4
ORD_153;PROD_24;3;2
ORD_153;PROD_27;6;3
ORD_153;PROD_22;8;1
ORD_153;PROD_13;3;5
ORD_153;PROD_31;2;3
ORD_153;PROD_6;4;4
ORD_153;PROD_40;9;4
ORD_154;PROD_6;2;5
ORD_154;PROD_2;8;5
ORD_154;PROD_30;1;2
ORD_154;PROD_38;4;2
ORD_154;PROD_1;8;2
ORD_154;PROD_34;3;5
ORD_154;PROD_34;5;5
ORD_154;PROD_22;1;5
ORD_154;PROD_31;9;2
ORD_154;PROD_2;6;1
ORD_154;PROD_10;7;2
ORD_154;PROD_36;3;3
ORD_155;PROD_47;4;1
ORD_155;PROD_33;4;2
ORD_155;PROD_38;3;5
ORD_155;PROD_40;8;5
ORD_155;PROD_9;5;3
ORD_155;PROD_25;6;2
ORD_155;PROD_46;6;3
ORD_155;PROD_23;2;2
ORD_155;PROD_37;1;1
ORD_155;PROD_8;4;4
ORD_156;PROD_18;1;5
ORD_156;PROD_22;9;3
ORD_156;PROD_47;4;3
ORD_156;PROD_47;6;4
ORD_156;PROD_27;6;5
ORD_156;PROD_30;7;4
ORD_156;PROD_33;3;2
ORD_156;PROD_31;1;4
ORD_156;PROD_22;8;5
ORD_156;PROD_18;9;5
ORD_157;PROD_45;1;1
ORD_157;PROD_16;1;1
ORD_157;PROD_4;8;5
ORD_157;PROD_44;9;2
ORD_157;PROD_42;9;1
ORD_157;PROD_8;5;3
ORD_157;PROD_12;4;4
ORD_157;PROD_41;3;2
ORD_158;PROD_2;4;1
ORD_158;PROD_28;1;1
ORD_158;PROD_13;1;5
ORD_158;PROD_44;1;1
ORD_158;PROD_43;1;4
ORD_158;PROD_45;7;3
ORD_158;PROD_20;3;4
ORD_159;PROD_13;9;1
ORD_159;PROD_24;8;5
ORD_159;PROD_49;8;5
ORD_159;PROD_8;7;3
ORD_159;PROD_43;3;2
ORD_159;PROD_28;1;2
ORD_159;PROD_1;3;3
ORD_159;PROD_27;4;3
ORD_160;PROD_31;7;3
ORD_160;PROD_30;9;4
ORD_160;PROD_24;7;3
ORD_160;PROD_12;2;4
ORD_160;PROD_44;7;2
ORD_160;PROD_11;4;5
ORD_160;PROD_36;3;2
ORD_160;PROD_47;9;2
ORD_160;PROD_25;8;2
ORD_160;PROD_14;5;4
ORD_160;PROD_9;8;3
ORD_160;PROD_40;6;4
ORD_160;PROD_15;4;2
ORD_160;PROD_3;6;2
ORD_161;PROD_31;8;5
ORD_161;PROD_40;4;5
ORD_161;PROD_14;4;2
ORD_161;PROD_44;4;1
ORD_161;PROD_19;8;3
ORD_161;PROD_10;5;4
ORD_161;PROD_33;2;3
ORD_161;PROD_15;1;4
ORD_161;PROD_4;9;2
ORD_161;PROD_47;5;3
ORD_161;PROD_48;2;3
ORD_161;PROD_41;5;5
ORD_162;PROD_12;9;3
ORD_162;PROD_2;9;3
ORD_162;PROD_47;6;5
ORD_162;PROD_49;6;5
ORD_162;PROD_34;6;5
ORD_162;PROD_8;4;1
ORD_162;PROD_2;1;3
ORD_162;PROD_5;7;3
ORD_162;PROD_6;2;5
ORD_162;PROD_44;6;4
ORD_162;PROD_4;2;3
ORD_163;PROD_46;7;5
ORD_163;PROD_44;6;1
ORD_163;PROD_20;2;5
ORD_163;PROD_44;1;1
ORD_163;PROD_26;8;5
ORD_163;PROD_33;6;3
ORD_163;PROD_36;5;3
ORD_163;PROD_20;6;1
ORD_163;PROD_21;9;5
ORD_163;PROD_50;3;5
ORD_163;PROD_24;8;3
ORD_163;PROD_25;2;5
ORD_163;PROD_48;1;5
ORD_164;PROD_10;5;5
ORD_164;PROD_15;3;1
ORD_164;PROD_39;1;5
ORD_164;PROD_37;5;4
ORD_164;PROD_38;4;1
ORD_164;PROD_23;9;5
ORD_164;PROD_7;7;5
ORD_164;PROD_27;2;3
ORD_164;PROD_49;6;3
ORD_164;PROD_50;3;5
ORD_164;PROD_25;3;1
ORD_164;PROD_1;3;5
ORD_164;PROD_2;3;5
ORD_165;PROD_13;5;5
ORD_165;PROD_40;1;2
ORD_165;PROD_47;3;1
ORD_165;PROD_18;8;4
ORD_165;PROD_16;6;3
ORD_165;PROD_4;9;3
ORD_165;PROD_9;8;5
ORD_165;PROD_24;7;1
ORD_165;PROD_8;5;4
ORD_165;PROD_17;2;5
ORD_166;PROD_7;7;1
ORD_166;PROD_27;5;1
ORD_166;PROD_49;1;1
ORD_166;PROD_6;1;5
ORD_166;PROD_45;5;2
ORD_166;PROD_43;7;1
ORD_166;PROD_23;1;4
ORD_166;PROD_9;3;1
ORD_166;PROD_43;7;4
ORD_167;PROD_45;2;2
ORD_167;PROD_35;8;3
ORD_167;PROD_34;7;3
ORD_167;PROD_45;1;1
ORD_167;PROD_29;1;2
ORD_167;PROD_13;4;2
ORD_167;PROD_40;9;2
ORD_167;PROD_16;6;5
ORD_167;PROD_16;7;3
ORD_167;PROD_33;4;1
ORD_167;PROD_7;6;1
ORD_167;PROD_5;2;1
ORD_167;PROD_18;6;2
ORD_167;PROD_38;8;3
ORD_168;PROD_20;9;3
ORD_168;PROD_18;2;2
ORD_168;PROD_36;4;1
ORD_168;PROD_21;6;4
ORD_168;PROD_15;8;3
ORD_168;PROD_39;5;3
ORD_169;PROD_49;2;2
ORD_169;PROD_38;7;3
ORD_169;PROD_27;3;1
ORD_169;PROD_45;8;2
ORD_169;PROD_33;5;3
ORD_169;PROD_13;5;1
ORD_169;PROD_40;8;3
ORD_169;PROD_47;2;2
ORD_169;PROD_18;3;4
ORD_169;PROD_16;5;5
ORD_169;PROD_39;2;5
ORD_169;PROD_4;6;4
ORD_169;PROD_46;7;3
ORD_169;PROD_13;2;2
ORD_170;PROD_25;3;3
ORD_170;PROD_29;6;4
ORD_170;PROD_41;8;3
ORD_170;PROD_14;2;3
ORD_170;PROD_46;7;4
ORD_170;PROD_6;2;3
ORD_170;PROD_39;1;3
ORD_170;PROD_2;4;5
ORD_170;PROD_2;7;1
ORD_170;PROD_20;6;3
ORD_170;PROD_7;3;1
ORD_170;PROD_33;5;1
ORD_171;PROD_13;1;2
ORD_171;PROD_7;4;5
ORD_171;PROD_4;9;3
ORD_171;PROD_22;1;3
ORD_171;PROD_23;1;3
ORD_171;PROD_28;5;3
ORD_171;PROD_31;6;5
ORD_171;PROD_13;6;5
ORD_171;PROD_37;2;3
ORD_171;PROD_40;4;4
ORD_172;PROD_39;3;3
ORD_172;PROD_37;8;1
ORD_172;PROD_38;7;3
ORD_172;PROD_23;4;5
ORD_172;PROD_8;7;4
ORD_172;PROD_29;7;2
ORD_173;PROD_11;7;3
ORD_173;PROD_45;9;2
ORD_173;PROD_23;2;3
ORD_173;PROD_3;5;1
ORD_173;PROD_14;6;1
ORD_174;PROD_7;7;1
ORD_174;PROD_27;5;1
ORD_174;PROD_49;3;2
ORD_174;PROD_17;9;1
ORD_174;PROD_47;9;4
ORD_174;PROD_35;8;4
ORD_175;PROD_12;9;1
ORD_175;PROD_22;8;1
ORD_175;PROD_33;6;1
ORD_175;PROD_30;8;1
ORD_175;PROD_36;9;3
ORD_175;PROD_32;2;3
ORD_175;PROD_10;7;5
ORD_175;PROD_32;5;4
ORD_175;PROD_6;9;5
ORD_175;PROD_41;6;2
ORD_175;PROD_33;1;2
ORD_175;PROD_39;5;5
ORD_175;PROD_7;9;2
ORD_175;PROD_23;3;3
ORD_175;PROD_3;6;3
ORD_176;PROD_19;3;2
ORD_176;PROD_40;5;3
ORD_176;PROD_45;6;5
ORD_176;PROD_43;3;2
ORD_176;PROD_44;5;3
ORD_176;PROD_32;9;5
ORD_176;PROD_29;5;1
ORD_176;PROD_32;1;4
ORD_176;PROD_41;1;2
ORD_176;PROD_42;7;3
ORD_176;PROD_17;9;2
ORD_176;PROD_33;8;3
ORD_176;PROD_11;6;5
ORD_177;PROD_9;6;1
ORD_177;PROD_5;2;5
ORD_177;PROD_46;9;3
ORD_177;PROD_47;9;1
ORD_177;PROD_15;7;5
ORD_177;PROD_35;8;1
ORD_177;PROD_12;8;1
ORD_177;PROD_27;3;5
ORD_177;PROD_23;6;4
ORD_177;PROD_13;8;5
ORD_178;PROD_35;6;5
ORD_178;PROD_33;7;3
ORD_178;PROD_14;7;2
ORD_178;PROD_8;9;5
ORD_178;PROD_2;6;5
ORD_178;PROD_7;6;2
ORD_178;PROD_13;9;3
ORD_178;PROD_20;4;5
ORD_178;PROD_19;1;4
ORD_178;PROD_38;5;4
ORD_178;PROD_25;1;1
ORD_179;PROD_4;1;1
ORD_179;PROD_49;2;5
ORD_179;PROD_22;7;5
ORD_179;PROD_10;6;2
ORD_179;PROD_9;2;5
ORD_179;PROD_41;5;2
ORD_179;PROD_46;6;1
ORD_179;PROD_19;9;3
ORD_180;PROD_5;9;1
ORD_180;PROD_21;8;3
ORD_180;PROD_35;7;5
ORD_180;PROD_26;9;3
ORD_180;PROD_6;6;3
ORD_181;PROD_32;8;5
ORD_181;PROD_43;8;5
ORD_181;PROD_30;1;5
ORD_181;PROD_30;1;5
ORD_181;PROD_12;5;5
ORD_181;PROD_18;4;4
ORD_181;PROD_48;1;2
ORD_182;PROD_26;6;2
ORD_182;PROD_49;9;1
ORD_182;PROD_12;4;5
ORD_182;PROD_42;2;3
ORD_182;PROD_35;7;3
ORD_182;PROD_41;5;1
ORD_182;PROD_33;5;4
ORD_182;PROD_27;9;2
ORD_182;PROD_24;6;5
ORD_182;PROD_21;6;4
ORD_183;PROD_24;8;4
ORD_183;PROD_37;1;4
ORD_183;PROD_41;9;3
ORD_183;PROD_5;2;5
ORD_183;PROD_33;3;2
ORD_183;PROD_30;5;1
ORD_183;PROD_42;9;1
ORD_183;PROD_18;4;3
ORD_183;PROD_28;2;1
ORD_183;PROD_15;9;3
ORD_183;PROD_32;4;5
ORD_183;PROD_8;7;3
ORD_183;PROD_3;4;2
ORD_183;PROD_37;4;5
ORD_183;PROD_39;6;4
ORD_184;PROD_6;5;2
ORD_184;PROD_45;8;3
ORD_184;PROD_43;7;3
ORD_184;PROD_36;1;1
ORD_184;PROD_21;7;4
ORD_184;PROD_15;4;4
ORD_184;PROD_39;6;4
ORD_185;PROD_13;9;4
ORD_185;PROD_44;9;2
ORD_185;PROD_43;4;4
ORD_185;PROD_45;7;4
ORD_185;PROD_6;2;3
ORD_185;PROD_45;9;4
ORD_185;PROD_43;3;1
ORD_185;PROD_40;3;4
ORD_185;PROD_9;2;2
ORD_185;PROD_25;1;4
ORD_185;PROD_46;5;2
ORD_185;PROD_23;1;4
ORD_186;PROD_36;6;2
ORD_186;PROD_21;9;3
ORD_186;PROD_15;6;3
ORD_186;PROD_39;7;2
ORD_186;PROD_49;5;2
ORD_186;PROD_38;6;4
ORD_186;PROD_27;3;5
ORD_186;PROD_45;8;5
ORD_186;PROD_33;8;3
ORD_186;PROD_17;7;1
ORD_186;PROD_49;3;1
ORD_186;PROD_33;8;3
ORD_186;PROD_11;1;2
ORD_186;PROD_49;4;5
ORD_187;PROD_19;1;5
ORD_187;PROD_22;9;1
ORD_187;PROD_33;2;4
ORD_187;PROD_47;5;4
ORD_187;PROD_1;2;4
ORD_187;PROD_39;8;1
ORD_187;PROD_2;7;2
ORD_187;PROD_7;6;1
ORD_188;PROD_13;5;3
ORD_188;PROD_44;7;1
ORD_188;PROD_43;9;4
ORD_188;PROD_45;1;4
ORD_188;PROD_37;1;5
ORD_189;PROD_18;9;5
ORD_189;PROD_9;7;4
ORD_189;PROD_17;3;5
ORD_189;PROD_33;4;1
ORD_189;PROD_10;3;1
ORD_189;PROD_31;1;3
ORD_190;PROD_10;2;4
ORD_190;PROD_47;7;2
ORD_190;PROD_32;3;2
ORD_190;PROD_27;3;2
ORD_190;PROD_33;7;5
ORD_190;PROD_16;4;3
ORD_190;PROD_14;9;2
ORD_190;PROD_27;1;2
ORD_190;PROD_4;7;3
ORD_190;PROD_13;1;1
ORD_190;PROD_3;2;2
ORD_191;PROD_39;9;1
ORD_191;PROD_37;9;4
ORD_191;PROD_38;8;3
ORD_191;PROD_23;1;4
ORD_191;PROD_37;9;4
ORD_191;PROD_8;1;4
ORD_191;PROD_17;7;1
ORD_191;PROD_34;3;3
ORD_191;PROD_29;7;5
ORD_191;PROD_43;5;4
ORD_191;PROD_42;8;1
ORD_191;PROD_15;9;2
ORD_191;PROD_47;7;4
ORD_191;PROD_43;1;4
ORD_191;PROD_6;5;5
ORD_192;PROD_41;9;5
ORD_192;PROD_14;3;5
ORD_192;PROD_43;1;3
ORD_192;PROD_25;4;3
ORD_192;PROD_20;5;3
ORD_192;PROD_44;5;5
ORD_192;PROD_30;7;4
ORD_192;PROD_12;4;5
ORD_192;PROD_2;8;3
ORD_192;PROD_41;4;4
ORD_192;PROD_31;4;3
ORD_192;PROD_23;1;3
ORD_192;PROD_31;3;2
ORD_192;PROD_48;8;5
ORD_192;PROD_40;2;1
ORD_193;PROD_32;7;5
ORD_193;PROD_43;7;1
ORD_193;PROD_44;9;5
ORD_193;PROD_36;2;5
ORD_193;PROD_4;6;3
ORD_193;PROD_10;3;4
ORD_193;PROD_41;4;3
ORD_193;PROD_8;6;1
ORD_193;PROD_34;5;2
ORD_193;PROD_28;1;3
ORD_193;PROD_16;9;5
ORD_194;PROD_35;5;1
ORD_194;PROD_19;5;5
ORD_194;PROD_5;2;3
ORD_194;PROD_43;5;5
ORD_194;PROD_26;7;3
ORD_194;PROD_43;2;5
ORD_194;PROD_15;9;3
ORD_194;PROD_39;7;1
ORD_194;PROD_32;1;4
ORD_194;PROD_18;2;4
ORD_195;PROD_38;1;4
ORD_195;PROD_4;1;1
ORD_195;PROD_37;3;4
ORD_195;PROD_11;7;1
ORD_195;PROD_20;1;5
ORD_195;PROD_23;5;4
ORD_195;PROD_19;7;3
ORD_195;PROD_38;8;5
ORD_195;PROD_19;2;2
ORD_195;PROD_7;6;2
ORD_195;PROD_47;5;3
ORD_195;PROD_2;8;3
ORD_195;PROD_10;4;3
ORD_196;PROD_48;7;3
ORD_196;PROD_3;7;1
ORD_196;PROD_18;8;5
ORD_196;PROD_24;2;2
ORD_196;PROD_37;3;3
ORD_196;PROD_17;8;3
ORD_196;PROD_17;2;1
ORD_196;PROD_6;8;1
ORD_196;PROD_43;5;4
ORD_197;PROD_11;6;3
ORD_197;PROD_25;1;1
ORD_197;PROD_29;1;3
ORD_197;PROD_13;3;4
ORD_197;PROD_11;5;3
ORD_197;PROD_39;3;1
ORD_197;PROD_46;5;1
ORD_197;PROD_27;7;4
ORD_197;PROD_45;7;1
ORD_197;PROD_20;3;1
ORD_197;PROD_8;5;1
ORD_197;PROD_36;2;2
ORD_198;PROD_13;2;5
ORD_198;PROD_40;8;3
ORD_198;PROD_47;7;3
ORD_198;PROD_18;7;4
ORD_198;PROD_16;3;1
ORD_198;PROD_7;5;2
ORD_198;PROD_27;6;3
ORD_198;PROD_49;4;1
ORD_198;PROD_26;1;2
ORD_198;PROD_20;8;2
ORD_198;PROD_26;9;2
ORD_198;PROD_9;5;3
ORD_199;PROD_47;3;2
ORD_199;PROD_33;4;3
ORD_199;PROD_38;3;4
ORD_199;PROD_20;7;5
ORD_199;PROD_18;8;5
ORD_199;PROD_25;1;2
ORD_199;PROD_21;9;1
ORD_199;PROD_14;2;4
ORD_200;PROD_28;8;2
ORD_200;PROD_11;3;1
ORD_200;PROD_11;4;3
ORD_200;PROD_23;7;4
ORD_200;PROD_6;9;5
ORD_200;PROD_2;1;5
ORD_200;PROD_13;7;3
ORD_200;PROD_26;4;4
ORD_200;PROD_41;8;3
ORD_200;PROD_15;7;2
ORD_200;PROD_8;3;3
ORD_200;PROD_23;6;3
ORD_200;PROD_36;4;3
ORD_200;PROD_46;3;5
ORD_200;PROD_41;9;3
ORD_201;PROD_43;6;1
ORD_201;PROD_1;2;1
ORD_201;PROD_36;3;5
ORD_201;PROD_8;5;2
ORD_201;PROD_25;4;4
ORD_201;PROD_19;5;2
ORD_201;PROD_45;2;5
ORD_201;PROD_30;8;4
ORD_201;PROD_49;8;1
ORD_201;PROD_48;6;1
ORD_201;PROD_42;9;1
ORD_201;PROD_12;2;1
ORD_201;PROD_23;7;5
ORD_201;PROD_50;9;2
ORD_201;PROD_13;4;5
ORD_202;PROD_38;4;5
ORD_202;PROD_4;5;3
ORD_202;PROD_37;7;1
ORD_202;PROD_11;3;3
ORD_202;PROD_20;3;5
ORD_202;PROD_49;3;2
ORD_202;PROD_38;1;2
ORD_202;PROD_27;1;2
ORD_202;PROD_45;1;4
ORD_202;PROD_33;5;3
ORD_202;PROD_43;4;4
ORD_202;PROD_36;1;2
ORD_203;PROD_44;7;4
ORD_203;PROD_30;4;5
ORD_203;PROD_32;9;4
ORD_203;PROD_40;5;4
ORD_203;PROD_48;5;5
ORD_203;PROD_37;5;1
ORD_203;PROD_7;9;3
ORD_203;PROD_11;1;5
ORD_203;PROD_13;8;4
ORD_203;PROD_43;5;1
ORD_203;PROD_13;4;2
ORD_203;PROD_32;9;4
ORD_203;PROD_6;6;2
ORD_203;PROD_13;5;5
ORD_204;PROD_14;4;3
ORD_204;PROD_44;4;4
ORD_204;PROD_26;3;5
ORD_204;PROD_8;8;1
ORD_204;PROD_7;4;2
ORD_204;PROD_25;2;4
ORD_204;PROD_44;7;1
ORD_205;PROD_9;2;5
ORD_205;PROD_12;3;5
ORD_205;PROD_11;5;1
ORD_205;PROD_10;5;5
ORD_205;PROD_5;5;4
ORD_205;PROD_38;7;3
ORD_206;PROD_23;8;1
ORD_206;PROD_46;9;5
ORD_206;PROD_39;3;1
ORD_206;PROD_31;1;4
ORD_206;PROD_33;4;2
ORD_206;PROD_27;9;1
ORD_207;PROD_20;6;4
ORD_207;PROD_25;2;4
ORD_207;PROD_13;7;2
ORD_207;PROD_32;4;4
ORD_207;PROD_43;8;5
ORD_207;PROD_13;2;4
ORD_207;PROD_44;3;5
ORD_208;PROD_38;5;2
ORD_208;PROD_4;6;1
ORD_208;PROD_37;1;3
ORD_208;PROD_11;3;5
ORD_208;PROD_20;6;3
ORD_208;PROD_47;1;1
ORD_209;PROD_10;3;4
ORD_209;PROD_15;6;5
ORD_209;PROD_6;8;2
ORD_209;PROD_45;3;2
ORD_209;PROD_43;9;1
ORD_209;PROD_25;9;2
ORD_209;PROD_21;9;5
ORD_209;PROD_14;8;3
ORD_209;PROD_42;8;1
ORD_209;PROD_36;4;4
ORD_209;PROD_19;9;5
ORD_209;PROD_17;9;3
ORD_210;PROD_16;4;2
ORD_210;PROD_24;3;1
ORD_210;PROD_19;5;1
ORD_210;PROD_13;4;3
ORD_210;PROD_22;4;5
ORD_210;PROD_23;7;1
ORD_210;PROD_23;1;3
ORD_210;PROD_2;1;1
ORD_211;PROD_44;6;3
ORD_211;PROD_50;6;3
ORD_211;PROD_40;2;4
ORD_211;PROD_37;5;2
ORD_211;PROD_36;5;3
ORD_211;PROD_18;2;1
ORD_211;PROD_33;8;3
ORD_211;PROD_37;9;4
ORD_211;PROD_16;2;1
ORD_212;PROD_10;7;3
ORD_212;PROD_15;4;2
ORD_212;PROD_25;4;3
ORD_212;PROD_21;8;3
ORD_212;PROD_14;2;3
ORD_212;PROD_42;2;4
ORD_213;PROD_5;8;2
ORD_213;PROD_32;8;2
ORD_213;PROD_6;1;1
ORD_213;PROD_11;7;3
ORD_213;PROD_23;9;1
ORD_213;PROD_46;5;5
ORD_213;PROD_46;5;5
ORD_213;PROD_48;8;1
ORD_213;PROD_48;4;3
ORD_213;PROD_39;5;2
ORD_213;PROD_25;2;2
ORD_213;PROD_26;8;1
ORD_213;PROD_3;9;5
ORD_213;PROD_25;5;3
ORD_214;PROD_13;6;2
ORD_214;PROD_44;9;1
ORD_214;PROD_43;5;4
ORD_214;PROD_45;2;2
ORD_214;PROD_20;1;3
ORD_214;PROD_18;9;5
ORD_214;PROD_41;7;2
ORD_214;PROD_4;8;1
ORD_215;PROD_19;1;4
ORD_215;PROD_15;6;3
ORD_215;PROD_30;2;5
ORD_215;PROD_26;2;3
ORD_215;PROD_17;1;2
ORD_215;PROD_13;9;3
ORD_216;PROD_7;3;3
ORD_216;PROD_27;7;2
ORD_216;PROD_49;6;3
ORD_216;PROD_6;1;2
ORD_216;PROD_45;7;3
ORD_216;PROD_43;9;2
ORD_217;PROD_49;5;2
ORD_217;PROD_38;3;4
ORD_217;PROD_27;2;3
ORD_217;PROD_45;4;1
ORD_217;PROD_33;1;2
ORD_217;PROD_11;1;3
ORD_217;PROD_25;9;4
ORD_217;PROD_29;8;1
ORD_217;PROD_13;5;1
ORD_217;PROD_28;7;1
ORD_217;PROD_12;4;1
ORD_217;PROD_41;6;4
ORD_217;PROD_4;6;4
ORD_217;PROD_15;3;5
ORD_217;PROD_8;9;4
ORD_218;PROD_20;4;4
ORD_218;PROD_38;6;4
ORD_218;PROD_38;5;1
ORD_218;PROD_28;6;5
ORD_218;PROD_2;7;4
ORD_219;PROD_50;1;4
ORD_219;PROD_23;4;1
ORD_219;PROD_25;2;5
ORD_219;PROD_40;8;2
ORD_219;PROD_22;5;3
ORD_219;PROD_23;5;1
ORD_219;PROD_18;3;5
ORD_219;PROD_37;6;3
ORD_219;PROD_22;6;1
ORD_219;PROD_49;7;2
ORD_219;PROD_11;2;2
ORD_220;PROD_27;7;1
ORD_220;PROD_41;8;2
ORD_220;PROD_50;9;1
ORD_220;PROD_19;9;5
ORD_220;PROD_37;9;1
ORD_220;PROD_6;6;2
ORD_220;PROD_1;6;5
ORD_220;PROD_25;9;1
ORD_220;PROD_17;5;5
ORD_220;PROD_4;6;5
ORD_220;PROD_9;1;4
ORD_220;PROD_39;4;3
ORD_221;PROD_36;6;3
ORD_221;PROD_21;1;4
ORD_221;PROD_15;7;2
ORD_221;PROD_39;1;1
ORD_221;PROD_47;1;2
ORD_221;PROD_33;8;4
ORD_221;PROD_38;6;1
ORD_221;PROD_13;3;3
ORD_221;PROD_40;1;5
ORD_222;PROD_20;4;3
ORD_222;PROD_27;1;4
ORD_222;PROD_3;2;1
ORD_222;PROD_35;6;5
ORD_222;PROD_17;1;5
ORD_222;PROD_17;7;3
ORD_222;PROD_18;5;2
ORD_222;PROD_22;4;3
ORD_222;PROD_43;8;4
ORD_222;PROD_6;4;4
ORD_222;PROD_4;8;3
ORD_222;PROD_6;9;4
ORD_222;PROD_4;3;2
ORD_222;PROD_10;1;4
ORD_223;PROD_3;6;2
ORD_223;PROD_32;4;4
ORD_223;PROD_24;8;2
ORD_223;PROD_20;7;1
ORD_223;PROD_18;8;2
ORD_223;PROD_20;6;1
ORD_223;PROD_3;1;5
ORD_223;PROD_50;6;4
ORD_223;PROD_47;2;4
ORD_224;PROD_11;6;1
ORD_224;PROD_25;1;2
ORD_224;PROD_29;6;2
ORD_224;PROD_13;5;4
ORD_224;PROD_21;7;1
ORD_224;PROD_27;6;5
ORD_225;PROD_20;2;3
ORD_225;PROD_18;9;3
ORD_225;PROD_38;2;3
ORD_225;PROD_4;1;4
ORD_225;PROD_37;7;2
ORD_225;PROD_11;9;2
ORD_225;PROD_20;4;2
ORD_225;PROD_13;1;5
ORD_225;PROD_40;1;3
ORD_226;PROD_23;4;1
ORD_226;PROD_19;7;3
ORD_226;PROD_38;3;4
ORD_226;PROD_13;4;1
ORD_226;PROD_44;8;2
ORD_226;PROD_43;6;3
ORD_226;PROD_45;4;3
ORD_226;PROD_13;3;5
ORD_226;PROD_44;7;4
ORD_226;PROD_43;3;3
ORD_226;PROD_45;9;5
ORD_226;PROD_39;1;2
ORD_226;PROD_29;6;2
ORD_226;PROD_37;4;2
ORD_227;PROD_46;1;2
ORD_227;PROD_14;2;3
ORD_227;PROD_41;2;2
ORD_227;PROD_15;7;2
ORD_227;PROD_37;8;4
ORD_227;PROD_21;3;5
ORD_227;PROD_14;1;5
ORD_227;PROD_18;6;2
ORD_227;PROD_32;8;4
ORD_227;PROD_4;3;2
ORD_228;PROD_46;2;5
ORD_228;PROD_14;3;4
ORD_228;PROD_14;7;2
ORD_228;PROD_31;3;3
ORD_228;PROD_16;2;1
ORD_228;PROD_47;8;5
ORD_228;PROD_46;2;1
ORD_228;PROD_6;6;4
ORD_228;PROD_49;5;1
ORD_228;PROD_33;1;5
ORD_228;PROD_27;8;5
ORD_228;PROD_32;4;2
ORD_228;PROD_7;7;4
ORD_229;PROD_7;9;5
ORD_229;PROD_6;8;5
ORD_229;PROD_9;4;3
ORD_229;PROD_26;3;1
ORD_229;PROD_41;8;1
ORD_229;PROD_41;5;2
ORD_229;PROD_26;5;4
ORD_229;PROD_43;7;5
ORD_230;PROD_10;9;2
ORD_230;PROD_1;6;2
ORD_230;PROD_28;8;5
ORD_230;PROD_31;6;3
ORD_230;PROD_36;5;3
ORD_230;PROD_39;4;2
ORD_230;PROD_28;7;3
ORD_230;PROD_33;1;4
ORD_230;PROD_22;1;5
ORD_231;PROD_36;1;1
ORD_231;PROD_46;7;3
ORD_231;PROD_20;2;4
ORD_231;PROD_16;6;5
ORD_231;PROD_30;9;1
ORD_231;PROD_17;3;3
ORD_231;PROD_42;3;1
ORD_231;PROD_40;1;1
ORD_232;PROD_6;5;3
ORD_232;PROD_22;3;1
ORD_232;PROD_29;3;5
ORD_232;PROD_32;8;4
ORD_232;PROD_7;2;4
ORD_232;PROD_36;8;1
ORD_232;PROD_23;6;4
ORD_233;PROD_38;5;5
ORD_233;PROD_2;3;2
ORD_233;PROD_11;7;1
ORD_233;PROD_26;7;2
ORD_233;PROD_41;7;1
ORD_233;PROD_10;5;1
ORD_233;PROD_21;2;5
ORD_233;PROD_7;5;3
ORD_233;PROD_48;9;3
ORD_233;PROD_4;5;5
ORD_233;PROD_20;7;4
ORD_233;PROD_10;4;5
ORD_233;PROD_43;8;4
ORD_233;PROD_10;6;2
ORD_234;PROD_32;4;3
ORD_234;PROD_43;9;1
ORD_234;PROD_11;1;3
ORD_234;PROD_25;4;5
ORD_234;PROD_29;7;5
ORD_234;PROD_13;9;2
ORD_234;PROD_23;2;5
ORD_234;PROD_19;4;1
ORD_234;PROD_38;1;5
ORD_235;PROD_11;6;1
ORD_235;PROD_43;6;5
ORD_235;PROD_49;2;5
ORD_235;PROD_10;9;3
ORD_235;PROD_28;7;3
ORD_235;PROD_49;9;2
ORD_235;PROD_41;6;1
ORD_236;PROD_35;2;5
ORD_236;PROD_45;1;3
ORD_236;PROD_28;6;2
ORD_236;PROD_50;2;5
ORD_236;PROD_7;8;4
ORD_236;PROD_23;9;2
ORD_236;PROD_42;2;3
ORD_236;PROD_49;2;1
ORD_237;PROD_11;1;1
ORD_237;PROD_25;1;1
ORD_237;PROD_29;4;3
ORD_237;PROD_13;8;2
ORD_237;PROD_49;5;2
ORD_238;PROD_12;9;4
ORD_238;PROD_15;3;1
ORD_238;PROD_44;4;5
ORD_238;PROD_48;3;5
ORD_238;PROD_34;8;2
ORD_238;PROD_32;4;4
ORD_238;PROD_8;4;5
ORD_238;PROD_13;7;2
ORD_238;PROD_9;3;2
ORD_238;PROD_40;1;3
ORD_238;PROD_29;4;1
ORD_239;PROD_17;8;5
ORD_239;PROD_7;3;1
ORD_239;PROD_4;3;2
ORD_239;PROD_6;8;1
ORD_239;PROD_34;8;3
ORD_239;PROD_29;6;2
ORD_239;PROD_34;4;1
ORD_239;PROD_1;6;4
ORD_239;PROD_24;7;2
ORD_239;PROD_27;2;3
ORD_240;PROD_11;9;1
ORD_240;PROD_25;6;5
ORD_240;PROD_29;8;1
ORD_240;PROD_13;1;1
ORD_240;PROD_47;8;2
ORD_240;PROD_33;4;4
ORD_240;PROD_38;5;1
ORD_240;PROD_12;4;4
ORD_240;PROD_20;5;3
ORD_240;PROD_8;8;3
ORD_240;PROD_49;7;4
ORD_241;PROD_39;2;4
ORD_241;PROD_37;6;2
ORD_241;PROD_38;5;3
ORD_241;PROD_23;1;4
ORD_241;PROD_45;2;1
ORD_241;PROD_28;1;4
ORD_241;PROD_47;9;4
ORD_241;PROD_1;4;3
ORD_241;PROD_9;5;3
ORD_241;PROD_14;6;1
ORD_241;PROD_20;3;2
ORD_241;PROD_44;4;3
ORD_241;PROD_33;1;4
ORD_242;PROD_39;8;1
ORD_242;PROD_37;8;3
ORD_242;PROD_38;6;4
ORD_242;PROD_23;9;3
ORD_242;PROD_43;8;2
ORD_242;PROD_22;5;2
ORD_243;PROD_42;7;2
ORD_243;PROD_24;2;5
ORD_243;PROD_9;8;5
ORD_243;PROD_11;8;4
ORD_243;PROD_16;2;1
ORD_243;PROD_27;1;3
ORD_243;PROD_38;2;3
ORD_243;PROD_20;8;2
ORD_243;PROD_41;9;4
ORD_243;PROD_25;7;2
ORD_243;PROD_21;1;2
ORD_243;PROD_23;7;5
ORD_244;PROD_40;3;2
ORD_244;PROD_40;5;3
ORD_244;PROD_2;3;5
ORD_244;PROD_48;2;5
ORD_244;PROD_21;9;5
ORD_244;PROD_29;4;3
ORD_244;PROD_11;8;4
ORD_244;PROD_5;2;3
ORD_244;PROD_50;1;1
ORD_245;PROD_4;7;2
ORD_245;PROD_9;8;2
ORD_245;PROD_20;1;3
ORD_245;PROD_34;8;4
ORD_245;PROD_21;6;4
ORD_245;PROD_6;8;2
ORD_245;PROD_27;8;2
ORD_245;PROD_29;3;4
ORD_245;PROD_47;7;2
ORD_246;PROD_20;4;5
ORD_246;PROD_18;8;3
ORD_246;PROD_2;9;1
ORD_246;PROD_28;1;1
ORD_246;PROD_31;6;5
ORD_246;PROD_47;6;1
ORD_246;PROD_32;3;3
ORD_246;PROD_29;3;2
ORD_246;PROD_20;7;2
ORD_246;PROD_16;4;4
ORD_246;PROD_10;5;5
ORD_246;PROD_29;6;1
ORD_247;PROD_41;5;5
ORD_247;PROD_41;3;2
ORD_247;PROD_14;9;1
ORD_247;PROD_8;8;1
ORD_247;PROD_19;6;4
ORD_247;PROD_27;7;3
ORD_247;PROD_31;5;1
ORD_247;PROD_35;2;3
ORD_247;PROD_43;6;3
ORD_247;PROD_37;7;3
ORD_248;PROD_36;5;4
ORD_248;PROD_21;2;4
ORD_248;PROD_15;6;5
ORD_248;PROD_39;5;3
ORD_248;PROD_41;1;1
ORD_248;PROD_34;5;5
ORD_248;PROD_17;6;5
ORD_248;PROD_40;8;2
ORD_248;PROD_45;1;5
ORD_248;PROD_26;1;3
ORD_248;PROD_28;3;1
ORD_248;PROD_35;9;5
ORD_248;PROD_40;8;5
ORD_248;PROD_47;4;2
ORD_248;PROD_46;6;1
ORD_249;PROD_4;7;1
ORD_249;PROD_16;3;4
ORD_249;PROD_41;5;5
ORD_249;PROD_47;4;1
ORD_249;PROD_22;8;3
ORD_249;PROD_12;1;2
ORD_249;PROD_14;6;1
ORD_249;PROD_20;7;1
ORD_250;PROD_5;1;3
ORD_250;PROD_27;2;5
ORD_250;PROD_10;7;3
ORD_250;PROD_27;1;1
ORD_250;PROD_12;9;1
ORD_250;PROD_50;1;3
ORD_250;PROD_39;3;2
ORD_250;PROD_39;1;1
ORD_250;PROD_17;6;5
ORD_250;PROD_45;9;3
ORD_250;PROD_38;7;4
ORD_250;PROD_29;8;3
ORD_250;PROD_45;8;5
ORD_251;PROD_35;1;2
ORD_251;PROD_37;9;3
ORD_251;PROD_18;5;4
ORD_251;PROD_39;6;3
ORD_251;PROD_6;9;4
ORD_251;PROD_14;1;4
ORD_251;PROD_21;3;4
ORD_252;PROD_20;4;3
ORD_252;PROD_25;8;4
ORD_252;PROD_13;1;5
ORD_252;PROD_33;4;1
ORD_252;PROD_30;3;3
ORD_252;PROD_12;7;5
ORD_252;PROD_45;6;1
ORD_253;PROD_6;8;1
ORD_253;PROD_1;4;5
ORD_253;PROD_17;8;2
ORD_253;PROD_25;7;1
ORD_253;PROD_41;4;3
ORD_253;PROD_32;7;5
ORD_253;PROD_7;4;2
ORD_253;PROD_6;1;1
ORD_253;PROD_24;9;3
ORD_253;PROD_12;6;2
ORD_253;PROD_27;3;3
ORD_253;PROD_4;8;5
ORD_253;PROD_47;4;2
ORD_253;PROD_41;8;1
ORD_254;PROD_33;7;4
ORD_254;PROD_29;4;4
ORD_254;PROD_29;2;4
ORD_254;PROD_20;9;1
ORD_254;PROD_43;3;5
ORD_254;PROD_36;4;3
ORD_254;PROD_14;4;3
ORD_254;PROD_24;1;1
ORD_254;PROD_46;2;4
ORD_254;PROD_48;8;3
ORD_254;PROD_14;4;3
ORD_254;PROD_14;5;1
ORD_255;PROD_23;7;1
ORD_255;PROD_19;5;5
ORD_255;PROD_38;9;2
ORD_255;PROD_4;3;1
ORD_255;PROD_13;9;2
ORD_255;PROD_36;4;2
ORD_255;PROD_4;6;5
ORD_255;PROD_2;3;5
ORD_255;PROD_2;2;1
ORD_255;PROD_20;5;5
ORD_256;PROD_1;1;5
ORD_256;PROD_28;1;3
ORD_256;PROD_26;4;1
ORD_256;PROD_4;3;2
ORD_256;PROD_46;7;4
ORD_257;PROD_32;7;1
ORD_257;PROD_43;1;2
ORD_257;PROD_32;3;2
ORD_257;PROD_43;8;4
ORD_257;PROD_30;7;4
ORD_257;PROD_50;6;4
ORD_257;PROD_16;4;5
ORD_257;PROD_38;7;2
ORD_257;PROD_18;9;1
ORD_257;PROD_36;4;4
ORD_258;PROD_36;9;2
ORD_258;PROD_21;3;1
ORD_258;PROD_15;5;3
ORD_258;PROD_39;3;2
ORD_258;PROD_15;5;3
ORD_258;PROD_8;8;4
ORD_258;PROD_50;5;3
ORD_258;PROD_10;5;4
ORD_258;PROD_45;1;4
ORD_258;PROD_24;1;3
ORD_258;PROD_19;6;4
ORD_259;PROD_28;7;5
ORD_259;PROD_39;9;1
ORD_259;PROD_28;2;2
ORD_259;PROD_44;4;4
ORD_259;PROD_36;6;2
ORD_259;PROD_50;2;5
ORD_259;PROD_41;1;2
ORD_260;PROD_44;5;3
ORD_260;PROD_25;3;3
ORD_260;PROD_29;3;2
ORD_260;PROD_40;4;1
ORD_260;PROD_12;9;4
ORD_261;PROD_14;8;1
ORD_261;PROD_13;4;3
ORD_261;PROD_8;4;3
ORD_261;PROD_7;3;3
ORD_261;PROD_21;4;1
ORD_261;PROD_47;3;1
ORD_261;PROD_29;9;1
ORD_261;PROD_9;2;1
ORD_261;PROD_40;4;3
ORD_261;PROD_44;2;5
ORD_261;PROD_45;4;5
ORD_262;PROD_47;5;1
ORD_262;PROD_33;8;1
ORD_262;PROD_38;2;5
ORD_262;PROD_40;3;3
ORD_262;PROD_9;5;5
ORD_263;PROD_6;5;2
ORD_263;PROD_45;2;5
ORD_263;PROD_43;6;4
ORD_263;PROD_23;4;4
ORD_263;PROD_32;3;3
ORD_263;PROD_5;3;3
ORD_263;PROD_24;8;4
ORD_263;PROD_16;4;5
ORD_263;PROD_45;3;1
ORD_264;PROD_6;9;5
ORD_264;PROD_45;3;1
ORD_264;PROD_43;2;5
ORD_264;PROD_13;8;3
ORD_264;PROD_44;1;3
ORD_264;PROD_43;4;5
ORD_264;PROD_45;4;1
ORD_264;PROD_38;6;2
ORD_264;PROD_37;8;5
ORD_265;PROD_2;4;5
ORD_265;PROD_28;8;5
ORD_265;PROD_1;6;2
ORD_265;PROD_7;7;5
ORD_265;PROD_3;2;1
ORD_266;PROD_11;3;5
ORD_266;PROD_25;6;5
ORD_266;PROD_29;7;3
ORD_266;PROD_13;4;5
ORD_266;PROD_6;3;2
ORD_266;PROD_45;7;4
ORD_266;PROD_43;1;4
ORD_267;PROD_4;2;5
ORD_267;PROD_27;9;2
ORD_267;PROD_11;4;1
ORD_267;PROD_33;6;5
ORD_267;PROD_18;1;1
ORD_267;PROD_45;2;5
ORD_267;PROD_42;4;3
ORD_267;PROD_7;8;5
ORD_267;PROD_10;6;2
ORD_267;PROD_14;8;1
ORD_267;PROD_14;2;3
ORD_267;PROD_49;4;3
ORD_267;PROD_5;9;5
ORD_268;PROD_25;3;3
ORD_268;PROD_21;8;1
ORD_268;PROD_14;9;4
ORD_268;PROD_42;5;3
ORD_268;PROD_2;4;1
ORD_268;PROD_28;1;3
ORD_268;PROD_23;2;3
ORD_268;PROD_19;5;4
ORD_269;PROD_20;1;3
ORD_269;PROD_18;6;2
ORD_269;PROD_13;6;5
ORD_269;PROD_44;7;4
ORD_269;PROD_43;2;5
ORD_269;PROD_45;8;1
ORD_269;PROD_37;7;5
ORD_270;PROD_38;5;4
ORD_270;PROD_4;4;2
ORD_270;PROD_37;5;5
ORD_270;PROD_11;8;1
ORD_270;PROD_20;9;2
ORD_271;PROD_11;2;4
ORD_271;PROD_25;3;3
ORD_271;PROD_29;4;2
ORD_271;PROD_13;3;3
ORD_271;PROD_36;3;4
ORD_271;PROD_21;1;5
ORD_271;PROD_15;5;1
ORD_271;PROD_39;8;5
ORD_271;PROD_39;4;2
ORD_272;PROD_44;5;3
ORD_272;PROD_2;1;1
ORD_272;PROD_28;4;3
ORD_272;PROD_12;1;5
ORD_272;PROD_20;6;5
ORD_272;PROD_39;6;5
ORD_272;PROD_45;9;3
ORD_272;PROD_6;4;3
ORD_272;PROD_26;9;1
ORD_272;PROD_22;3;4
ORD_272;PROD_5;4;4
ORD_273;PROD_49;8;3
ORD_273;PROD_3;4;5
ORD_273;PROD_14;7;1
ORD_273;PROD_37;1;1
ORD_273;PROD_50;3;4
ORD_273;PROD_50;1;5
ORD_274;PROD_11;8;5
ORD_274;PROD_25;4;2
ORD_274;PROD_29;7;4
ORD_274;PROD_13;3;2
ORD_274;PROD_22;4;3
ORD_274;PROD_1;2;5
ORD_274;PROD_21;7;1
ORD_274;PROD_1;5;1
ORD_274;PROD_49;2;4
ORD_275;PROD_27;9;2
ORD_275;PROD_24;2;2
ORD_275;PROD_4;2;1
ORD_275;PROD_40;4;4
ORD_275;PROD_14;3;1
ORD_275;PROD_45;4;1
ORD_276;PROD_6;3;2
ORD_276;PROD_45;6;1
ORD_276;PROD_43;9;4
ORD_276;PROD_13;3;1
ORD_276;PROD_44;7;3
ORD_276;PROD_43;8;5
ORD_276;PROD_45;1;2
ORD_276;PROD_10;8;1
ORD_276;PROD_15;6;5
ORD_276;PROD_21;7;4
ORD_276;PROD_16;6;3
ORD_276;PROD_43;2;3
ORD_277;PROD_45;9;1
ORD_277;PROD_12;2;1
ORD_277;PROD_30;2;2
ORD_277;PROD_41;9;1
ORD_277;PROD_3;2;4
ORD_277;PROD_37;1;5
ORD_277;PROD_42;5;5
ORD_277;PROD_25;5;1
ORD_278;PROD_34;9;2
ORD_278;PROD_6;4;5
ORD_278;PROD_24;1;4
ORD_278;PROD_33;4;2
ORD_278;PROD_42;5;4
ORD_278;PROD_41;1;1
ORD_278;PROD_29;8;1
ORD_278;PROD_8;2;1
ORD_278;PROD_34;4;1
ORD_278;PROD_1;7;3
ORD_278;PROD_22;3;3
ORD_278;PROD_43;4;1
ORD_278;PROD_24;5;4
ORD_278;PROD_38;3;2
ORD_278;PROD_10;8;4
ORD_279;PROD_50;5;5
ORD_279;PROD_11;4;3
ORD_279;PROD_5;2;4
ORD_279;PROD_19;6;4
ORD_279;PROD_24;6;3
ORD_279;PROD_27;5;3
ORD_279;PROD_19;2;1
ORD_279;PROD_9;3;3
ORD_279;PROD_40;8;5
ORD_279;PROD_5;3;4
ORD_280;PROD_20;3;1
ORD_280;PROD_18;9;4
ORD_280;PROD_5;2;5
ORD_280;PROD_34;2;3
ORD_280;PROD_36;3;4
ORD_280;PROD_20;7;5
ORD_280;PROD_44;8;2
ORD_280;PROD_39;6;1
ORD_280;PROD_29;2;1
ORD_280;PROD_18;3;4
ORD_280;PROD_41;5;4
ORD_280;PROD_14;8;1
ORD_280;PROD_27;3;4
ORD_280;PROD_31;4;1
ORD_281;PROD_23;2;4
ORD_281;PROD_25;4;2
ORD_281;PROD_16;2;4
ORD_281;PROD_34;3;5
ORD_281;PROD_20;4;2
ORD_281;PROD_5;2;4
ORD_281;PROD_32;7;2
ORD_281;PROD_46;3;1
ORD_281;PROD_50;8;5
ORD_281;PROD_16;7;2
ORD_282;PROD_7;7;5
ORD_282;PROD_27;9;4
ORD_282;PROD_49;7;4
ORD_282;PROD_24;9;1
ORD_282;PROD_34;7;1
ORD_282;PROD_30;4;2
ORD_283;PROD_38;9;2
ORD_283;PROD_4;4;4
ORD_283;PROD_37;9;5
ORD_283;PROD_11;7;5
ORD_283;PROD_20;2;4
ORD_283;PROD_49;5;5
ORD_283;PROD_38;7;3
ORD_283;PROD_27;4;4
ORD_283;PROD_45;2;4
ORD_283;PROD_33;4;4
ORD_283;PROD_32;8;1
ORD_284;PROD_23;5;4
ORD_284;PROD_19;5;2
ORD_284;PROD_38;8;3
ORD_284;PROD_2;4;1
ORD_284;PROD_28;1;2
ORD_284;PROD_20;1;4
ORD_284;PROD_25;9;3
ORD_284;PROD_13;7;3
ORD_284;PROD_20;9;3
ORD_284;PROD_24;1;4
ORD_284;PROD_5;3;4
ORD_284;PROD_33;5;3
ORD_284;PROD_16;9;4
ORD_284;PROD_14;6;1
ORD_285;PROD_10;4;5
ORD_285;PROD_29;2;1
ORD_285;PROD_5;8;5
ORD_285;PROD_13;5;1
ORD_285;PROD_50;8;5
ORD_286;PROD_9;2;2
ORD_286;PROD_26;4;5
ORD_286;PROD_5;5;2
ORD_286;PROD_7;8;1
ORD_286;PROD_42;6;1
ORD_286;PROD_29;9;5
ORD_286;PROD_14;4;5
ORD_286;PROD_1;3;1
ORD_286;PROD_8;6;2
ORD_286;PROD_43;5;1
ORD_286;PROD_33;7;5
ORD_286;PROD_30;2;2
ORD_287;PROD_15;5;3
ORD_287;PROD_8;6;3
ORD_287;PROD_12;9;5
ORD_287;PROD_1;8;4
ORD_287;PROD_10;5;1
ORD_287;PROD_31;3;2
ORD_287;PROD_43;4;5
ORD_287;PROD_49;6;5
ORD_287;PROD_24;1;3
ORD_287;PROD_20;5;5
ORD_287;PROD_48;9;1
ORD_287;PROD_29;9;1
ORD_287;PROD_40;2;3
ORD_287;PROD_34;5;3
ORD_288;PROD_4;5;1
ORD_288;PROD_27;8;2
ORD_288;PROD_3;4;2
ORD_288;PROD_3;1;3
ORD_288;PROD_43;2;4
ORD_288;PROD_8;3;3
ORD_288;PROD_5;4;2
ORD_288;PROD_6;2;3
ORD_288;PROD_4;2;5
ORD_288;PROD_44;5;2
ORD_288;PROD_20;8;2
ORD_288;PROD_32;1;2
ORD_288;PROD_44;8;3
ORD_288;PROD_14;2;5
ORD_289;PROD_40;2;1
ORD_289;PROD_9;5;2
ORD_289;PROD_25;5;4
ORD_289;PROD_46;2;5
ORD_289;PROD_23;2;5
ORD_289;PROD_24;1;5
ORD_289;PROD_5;1;5
ORD_289;PROD_2;7;4
ORD_289;PROD_33;4;2
ORD_289;PROD_13;8;5
ORD_289;PROD_44;2;2
ORD_290;PROD_11;9;4
ORD_290;PROD_35;5;1
ORD_290;PROD_28;5;1
ORD_290;PROD_21;6;3
ORD_290;PROD_28;8;3
ORD_290;PROD_16;9;2
ORD_290;PROD_3;8;3
ORD_290;PROD_46;7;3
ORD_291;PROD_9;4;5
ORD_291;PROD_9;7;5
ORD_291;PROD_15;5;5
ORD_291;PROD_47;3;2
ORD_291;PROD_34;7;1
ORD_292;PROD_5;1;1
ORD_292;PROD_3;9;4
ORD_292;PROD_28;3;1
ORD_292;PROD_19;7;2
ORD_292;PROD_16;8;4
ORD_292;PROD_48;8;2
ORD_292;PROD_36;1;4
ORD_292;PROD_15;6;1
ORD_293;PROD_47;2;4
ORD_293;PROD_33;8;1
ORD_293;PROD_38;9;4
ORD_293;PROD_40;9;4
ORD_293;PROD_9;3;5
ORD_293;PROD_25;4;4
ORD_293;PROD_46;1;1
ORD_293;PROD_23;8;2
ORD_294;PROD_25;2;3
ORD_294;PROD_21;7;3
ORD_294;PROD_14;3;2
ORD_294;PROD_42;2;4
ORD_294;PROD_23;3;4
ORD_294;PROD_19;2;5
ORD_294;PROD_38;8;1
ORD_294;PROD_38;1;1
ORD_294;PROD_4;9;1
ORD_294;PROD_45;7;3
ORD_295;PROD_4;1;5
ORD_295;PROD_18;7;2
ORD_295;PROD_42;7;4
ORD_295;PROD_31;6;1
ORD_295;PROD_40;8;5
ORD_295;PROD_18;3;4
ORD_296;PROD_36;4;3
ORD_296;PROD_21;8;3
ORD_296;PROD_15;8;5
ORD_296;PROD_39;6;2
ORD_296;PROD_20;5;2
ORD_296;PROD_18;1;5
ORD_296;PROD_7;8;4
ORD_296;PROD_27;5;2
ORD_296;PROD_49;3;4
ORD_296;PROD_29;3;2
ORD_296;PROD_6;6;2
ORD_296;PROD_40;2;4
ORD_296;PROD_46;9;1
ORD_297;PROD_28;1;3
ORD_297;PROD_28;4;4
ORD_297;PROD_39;8;3
ORD_297;PROD_15;9;4
ORD_297;PROD_44;4;5
ORD_297;PROD_33;9;5
ORD_297;PROD_25;3;1
ORD_297;PROD_41;2;5
ORD_297;PROD_1;9;1
ORD_297;PROD_31;2;2
ORD_297;PROD_22;6;2
ORD_297;PROD_43;1;5
ORD_297;PROD_25;5;2
ORD_297;PROD_42;8;4
ORD_297;PROD_49;4;1
ORD_298;PROD_20;2;5
ORD_298;PROD_25;3;1
ORD_298;PROD_13;6;4
ORD_298;PROD_25;8;1
ORD_298;PROD_21;2;3
ORD_298;PROD_14;3;2
ORD_298;PROD_42;6;4
ORD_299;PROD_38;8;5
ORD_299;PROD_5;2;5
ORD_299;PROD_9;7;4
ORD_299;PROD_43;3;2
ORD_299;PROD_41;9;1
ORD_300;PROD_44;7;4
ORD_300;PROD_47;4;3
ORD_300;PROD_32;7;4
ORD_300;PROD_6;9;3
ORD_300;PROD_1;9;4
ORD_300;PROD_24;2;1
ORD_300;PROD_46;4;2
ORD_300;PROD_8;2;3
ORD_300;PROD_39;5;1
ORD_300;PROD_43;2;1
ORD_300;PROD_46;9;3
ORD_300;PROD_15;5;5
ORD_300;PROD_12;5;3
ORD_300;PROD_20;3;3
ORD_300;PROD_14;4;4
ORD_301;PROD_34;5;3
ORD_301;PROD_6;7;1
ORD_301;PROD_1;4;5
ORD_301;PROD_24;8;5
ORD_301;PROD_27;5;5
ORD_301;PROD_42;9;2
ORD_301;PROD_35;9;4
ORD_301;PROD_18;1;1
ORD_301;PROD_41;3;4
ORD_302;PROD_40;1;2
ORD_302;PROD_9;1;1
ORD_302;PROD_25;3;4
ORD_302;PROD_46;9;2
ORD_302;PROD_23;6;2
ORD_302;PROD_22;4;2
ORD_302;PROD_47;2;5
ORD_302;PROD_13;2;2
ORD_302;PROD_35;9;1
ORD_303;PROD_30;2;2
ORD_303;PROD_46;4;3
ORD_303;PROD_7;3;5
ORD_303;PROD_44;4;4
ORD_303;PROD_29;9;2
ORD_303;PROD_3;3;2
ORD_303;PROD_25;2;1
ORD_303;PROD_37;2;1
ORD_303;PROD_10;6;3
ORD_303;PROD_18;2;2
ORD_303;PROD_16;4;4
ORD_303;PROD_18;8;4
ORD_303;PROD_1;9;4
ORD_303;PROD_42;5;5
ORD_304;PROD_20;3;3
ORD_304;PROD_25;3;5
ORD_304;PROD_13;3;4
ORD_304;PROD_39;5;5
ORD_304;PROD_37;8;2
ORD_304;PROD_38;9;3
ORD_304;PROD_23;5;4
ORD_304;PROD_29;8;3
ORD_304;PROD_11;9;2
ORD_304;PROD_6;5;1
ORD_304;PROD_37;9;4
ORD_304;PROD_21;3;2
ORD_304;PROD_23;3;4
ORD_305;PROD_20;8;3
ORD_305;PROD_25;4;5
ORD_305;PROD_13;1;3
ORD_305;PROD_31;6;2
ORD_305;PROD_39;4;4
ORD_305;PROD_8;9;4
ORD_305;PROD_1;1;4
ORD_305;PROD_29;7;5
ORD_305;PROD_15;4;1
ORD_305;PROD_33;9;5
ORD_305;PROD_10;7;5
ORD_305;PROD_39;6;2
ORD_305;PROD_28;7;1
ORD_305;PROD_28;2;4
ORD_305;PROD_7;5;2
ORD_306;PROD_13;6;2
ORD_306;PROD_44;1;3
ORD_306;PROD_43;9;5
ORD_306;PROD_45;5;5
ORD_306;PROD_13;1;1
ORD_306;PROD_40;1;5
ORD_306;PROD_47;4;5
ORD_306;PROD_18;9;4
ORD_306;PROD_16;5;3
ORD_306;PROD_7;8;5
ORD_306;PROD_24;3;2
ORD_307;PROD_27;6;5
ORD_307;PROD_31;6;2
ORD_307;PROD_42;6;3
ORD_307;PROD_5;2;3
ORD_307;PROD_34;2;2
ORD_307;PROD_15;4;2
ORD_307;PROD_3;3;3
ORD_307;PROD_36;9;1
ORD_307;PROD_44;5;5
ORD_307;PROD_35;5;4
ORD_307;PROD_39;2;3
ORD_308;PROD_40;9;2
ORD_308;PROD_9;9;3
ORD_308;PROD_25;7;4
ORD_308;PROD_46;9;1
ORD_308;PROD_23;5;5
ORD_308;PROD_14;5;3
ORD_308;PROD_49;7;4
ORD_308;PROD_5;1;5
ORD_309;PROD_2;9;2
ORD_309;PROD_7;1;1
ORD_309;PROD_41;5;5
ORD_309;PROD_2;4;4
ORD_309;PROD_22;4;3
ORD_309;PROD_43;6;2
ORD_309;PROD_48;6;1
ORD_309;PROD_14;1;1
ORD_309;PROD_11;7;3
ORD_309;PROD_22;3;5
ORD_309;PROD_33;4;1
ORD_309;PROD_4;3;2
ORD_309;PROD_7;4;5
ORD_309;PROD_5;9;5
ORD_309;PROD_46;4;2
ORD_310;PROD_17;4;5
ORD_310;PROD_33;9;5
ORD_310;PROD_33;4;3
ORD_310;PROD_10;8;1
ORD_310;PROD_34;6;2
ORD_310;PROD_47;2;1
ORD_310;PROD_32;6;4
ORD_310;PROD_23;3;3
ORD_310;PROD_10;7;4
ORD_310;PROD_15;6;4
ORD_310;PROD_49;9;4
ORD_310;PROD_40;5;3
ORD_311;PROD_19;5;2
ORD_311;PROD_40;7;2
ORD_311;PROD_16;8;1
ORD_311;PROD_6;3;5
ORD_311;PROD_15;1;5
ORD_311;PROD_15;2;5
ORD_311;PROD_41;9;5
ORD_312;PROD_9;6;2
ORD_312;PROD_36;2;3
ORD_312;PROD_4;5;1
ORD_312;PROD_35;9;2
ORD_312;PROD_32;7;4
ORD_312;PROD_6;5;4
ORD_312;PROD_29;1;3
ORD_312;PROD_23;2;1
ORD_312;PROD_16;4;4
ORD_312;PROD_24;8;4
ORD_313;PROD_23;4;5
ORD_313;PROD_41;3;5
ORD_313;PROD_12;8;2
ORD_313;PROD_40;1;2
ORD_313;PROD_25;4;1
ORD_313;PROD_13;1;2
ORD_313;PROD_2;3;2
ORD_313;PROD_37;1;4
ORD_313;PROD_25;4;1
ORD_314;PROD_38;5;4
ORD_314;PROD_43;9;1
ORD_314;PROD_47;5;4
ORD_314;PROD_22;3;5
ORD_314;PROD_48;6;2
ORD_314;PROD_43;6;4
ORD_315;PROD_49;9;3
ORD_315;PROD_32;3;1
ORD_315;PROD_46;5;2
ORD_315;PROD_16;3;1
ORD_315;PROD_20;6;2
ORD_315;PROD_21;8;2
ORD_315;PROD_11;5;4
ORD_315;PROD_22;8;2
ORD_315;PROD_22;2;3
ORD_315;PROD_3;6;1
ORD_316;PROD_49;7;3
ORD_316;PROD_38;1;1
ORD_316;PROD_27;7;2
ORD_316;PROD_45;4;3
ORD_316;PROD_33;3;5
ORD_316;PROD_36;2;4
ORD_316;PROD_21;4;3
ORD_317;PROD_24;2;3
ORD_317;PROD_5;7;2
ORD_317;PROD_2;7;3
ORD_317;PROD_33;5;5
ORD_317;PROD_2;9;3
ORD_317;PROD_21;2;4
ORD_317;PROD_2;3;2
ORD_317;PROD_43;3;2
ORD_317;PROD_24;5;3
ORD_317;PROD_16;8;2
ORD_317;PROD_1;9;3
ORD_317;PROD_6;9;5
ORD_317;PROD_4;7;4
ORD_318;PROD_36;8;1
ORD_318;PROD_21;2;3
ORD_318;PROD_15;4;1
ORD_318;PROD_39;5;3
ORD_318;PROD_18;3;3
ORD_318;PROD_9;4;5
ORD_318;PROD_15;8;2
ORD_318;PROD_37;6;1
ORD_318;PROD_26;5;4
ORD_319;PROD_13;7;4
ORD_319;PROD_44;1;3
ORD_319;PROD_43;3;4
ORD_319;PROD_45;5;2
ORD_319;PROD_39;1;2
ORD_319;PROD_37;5;2
ORD_319;PROD_38;9;1
ORD_319;PROD_23;6;5
ORD_319;PROD_11;5;5
ORD_319;PROD_25;8;3
ORD_319;PROD_29;8;3
ORD_319;PROD_13;4;1
ORD_320;PROD_32;1;4
ORD_320;PROD_21;3;5
ORD_320;PROD_16;4;3
ORD_320;PROD_19;5;1
ORD_320;PROD_34;2;1
ORD_320;PROD_23;1;5
ORD_320;PROD_29;4;4
ORD_320;PROD_3;6;2
ORD_320;PROD_9;4;5
ORD_320;PROD_7;6;1
ORD_320;PROD_16;5;1
ORD_321;PROD_11;2;1
ORD_321;PROD_34;4;4
ORD_321;PROD_49;3;2
ORD_321;PROD_44;3;1
ORD_321;PROD_24;7;1
ORD_321;PROD_22;2;5
ORD_321;PROD_42;5;1
ORD_322;PROD_39;5;4
ORD_322;PROD_37;4;5
ORD_322;PROD_38;5;1
ORD_322;PROD_23;5;5
ORD_322;PROD_49;3;1
ORD_322;PROD_38;7;3
ORD_322;PROD_27;8;1
ORD_322;PROD_45;4;3
ORD_322;PROD_33;3;4
ORD_323;PROD_41;1;1
ORD_323;PROD_45;1;3
ORD_323;PROD_46;4;1
ORD_323;PROD_31;8;2
ORD_323;PROD_9;8;4
ORD_324;PROD_37;5;3
ORD_324;PROD_8;8;2
ORD_324;PROD_17;3;5
ORD_324;PROD_34;9;1
ORD_324;PROD_2;5;1
ORD_324;PROD_28;8;3
ORD_324;PROD_50;8;1
ORD_324;PROD_7;9;1
ORD_325;PROD_40;1;4
ORD_325;PROD_1;8;2
ORD_325;PROD_23;2;4
ORD_325;PROD_43;5;2
ORD_325;PROD_37;7;5
ORD_325;PROD_43;4;4
ORD_325;PROD_50;3;5
ORD_325;PROD_34;7;1
ORD_326;PROD_32;9;4
ORD_326;PROD_43;9;2
ORD_326;PROD_49;2;4
ORD_326;PROD_38;2;5
ORD_326;PROD_27;2;5
ORD_326;PROD_45;7;4
ORD_327;PROD_40;7;4
ORD_327;PROD_7;4;4
ORD_327;PROD_36;5;3
ORD_327;PROD_15;4;1
ORD_327;PROD_2;1;2
ORD_327;PROD_6;8;3
ORD_328;PROD_37;5;1
ORD_328;PROD_8;8;2
ORD_328;PROD_17;2;2
ORD_328;PROD_34;6;5
ORD_328;PROD_25;5;2
ORD_328;PROD_21;6;2
ORD_328;PROD_14;2;3
ORD_328;PROD_42;5;1
ORD_328;PROD_34;1;1
ORD_328;PROD_37;6;5
ORD_328;PROD_8;4;1
ORD_328;PROD_29;5;5
ORD_328;PROD_50;9;3
ORD_329;PROD_2;3;1
ORD_329;PROD_28;6;5
ORD_329;PROD_33;3;3
ORD_329;PROD_4;8;1
ORD_329;PROD_8;7;2
ORD_329;PROD_45;4;3
ORD_329;PROD_15;8;3
ORD_329;PROD_21;3;3
ORD_329;PROD_47;8;1
ORD_329;PROD_32;1;4
ORD_329;PROD_4;2;4
ORD_329;PROD_48;6;3
ORD_329;PROD_12;1;1
ORD_329;PROD_23;5;3
ORD_330;PROD_38;8;1
ORD_330;PROD_4;5;5
ORD_330;PROD_37;6;2
ORD_330;PROD_11;1;3
ORD_330;PROD_20;7;1
ORD_330;PROD_49;7;1
ORD_330;PROD_38;8;5
ORD_331;PROD_13;5;4
ORD_331;PROD_40;6;2
ORD_331;PROD_47;9;2
ORD_331;PROD_18;2;5
ORD_331;PROD_16;8;5
ORD_331;PROD_23;9;5
ORD_331;PROD_19;6;3
ORD_331;PROD_38;9;1
ORD_331;PROD_49;2;3
ORD_331;PROD_38;7;4
ORD_331;PROD_27;3;4
ORD_331;PROD_45;2;5
ORD_332;PROD_38;9;5
ORD_332;PROD_21;6;4
ORD_332;PROD_47;1;4
ORD_332;PROD_22;9;4
ORD_332;PROD_9;5;5
ORD_332;PROD_19;9;4
ORD_332;PROD_21;6;5
ORD_332;PROD_24;1;2
ORD_332;PROD_5;4;4
ORD_332;PROD_33;9;4
ORD_332;PROD_9;5;1
ORD_333;PROD_36;8;1
ORD_333;PROD_4;5;1
ORD_333;PROD_28;7;4
ORD_333;PROD_20;3;4
ORD_333;PROD_43;1;4
ORD_333;PROD_44;5;1
ORD_333;PROD_13;4;1
ORD_334;PROD_7;4;2
ORD_334;PROD_27;1;1
ORD_334;PROD_49;9;3
ORD_334;PROD_37;2;1
ORD_334;PROD_8;3;5
ORD_334;PROD_17;6;3
ORD_334;PROD_34;5;4
ORD_334;PROD_9;2;1
ORD_334;PROD_22;1;4
ORD_334;PROD_8;4;4
ORD_334;PROD_48;5;2
ORD_334;PROD_32;1;3
ORD_334;PROD_28;2;5
ORD_334;PROD_50;8;4
ORD_334;PROD_43;9;2
ORD_335;PROD_20;1;2
ORD_335;PROD_25;3;5
ORD_335;PROD_13;9;5
ORD_335;PROD_47;6;3
ORD_335;PROD_33;4;4
ORD_335;PROD_38;7;2
ORD_335;PROD_7;3;5
ORD_335;PROD_27;4;1
ORD_335;PROD_49;4;5
ORD_335;PROD_20;4;4
ORD_335;PROD_20;6;3
ORD_335;PROD_43;1;3
ORD_336;PROD_25;8;4
ORD_336;PROD_17;6;2
ORD_336;PROD_47;4;2
ORD_336;PROD_27;8;2
ORD_336;PROD_19;7;1
ORD_336;PROD_29;2;1
ORD_336;PROD_29;5;1
ORD_336;PROD_41;5;5
ORD_336;PROD_45;8;5
ORD_336;PROD_40;6;3
ORD_336;PROD_28;1;5
ORD_336;PROD_6;5;1
ORD_337;PROD_6;3;4
ORD_337;PROD_38;5;3
ORD_337;PROD_9;6;5
ORD_337;PROD_39;4;3
ORD_337;PROD_24;2;4
ORD_337;PROD_43;2;2
ORD_337;PROD_22;9;4
ORD_337;PROD_24;7;1
ORD_337;PROD_23;3;3
ORD_337;PROD_24;1;3
ORD_337;PROD_28;7;5
ORD_337;PROD_13;4;4
ORD_338;PROD_20;7;2
ORD_338;PROD_25;4;3
ORD_338;PROD_13;6;2
ORD_338;PROD_32;7;1
ORD_338;PROD_43;7;3
ORD_338;PROD_8;9;4
ORD_338;PROD_23;2;1
ORD_338;PROD_3;7;4
ORD_339;PROD_13;2;5
ORD_339;PROD_44;3;5
ORD_339;PROD_43;4;1
ORD_339;PROD_45;6;4
ORD_339;PROD_13;2;1
ORD_340;PROD_31;3;5
ORD_340;PROD_45;6;1
ORD_340;PROD_32;6;1
ORD_340;PROD_9;9;1
ORD_340;PROD_30;2;1
ORD_340;PROD_29;1;5
ORD_340;PROD_19;4;1
ORD_340;PROD_44;5;4
ORD_340;PROD_8;4;5
ORD_340;PROD_10;9;4
ORD_341;PROD_36;1;5
ORD_341;PROD_49;3;2
ORD_341;PROD_30;6;4
ORD_341;PROD_1;3;3
ORD_341;PROD_42;4;5
ORD_341;PROD_10;7;3
ORD_341;PROD_38;8;3
ORD_341;PROD_2;1;2
ORD_341;PROD_44;5;5
ORD_341;PROD_9;7;1
ORD_341;PROD_16;9;2
ORD_341;PROD_42;6;2
ORD_341;PROD_13;1;4
ORD_342;PROD_23;5;2
ORD_342;PROD_19;8;4
ORD_342;PROD_38;9;1
ORD_342;PROD_20;7;3
ORD_342;PROD_25;3;3
ORD_342;PROD_13;3;2
ORD_342;PROD_42;8;5
ORD_342;PROD_20;8;1
ORD_342;PROD_45;7;3
ORD_343;PROD_20;9;4
ORD_343;PROD_25;9;2
ORD_343;PROD_13;7;2
ORD_343;PROD_5;8;5
ORD_343;PROD_48;2;1
ORD_343;PROD_2;8;3
ORD_343;PROD_36;2;5
ORD_343;PROD_2;3;1
ORD_343;PROD_21;7;2
ORD_343;PROD_44;7;2
ORD_343;PROD_4;6;5
ORD_343;PROD_17;4;2
ORD_343;PROD_26;7;2
ORD_344;PROD_21;7;5
ORD_344;PROD_4;4;1
ORD_344;PROD_45;2;4
ORD_344;PROD_33;8;2
ORD_344;PROD_37;2;5
ORD_344;PROD_1;7;1
ORD_344;PROD_31;3;3
ORD_344;PROD_11;6;2
ORD_344;PROD_46;5;4
ORD_344;PROD_44;4;5
ORD_344;PROD_5;8;2
ORD_344;PROD_25;6;1
ORD_344;PROD_2;1;5
ORD_345;PROD_1;8;1
ORD_345;PROD_3;2;4
ORD_345;PROD_31;9;3
ORD_345;PROD_30;8;2
ORD_345;PROD_24;3;4
ORD_345;PROD_18;3;5
ORD_346;PROD_9;1;4
ORD_346;PROD_45;7;2
ORD_346;PROD_4;1;3
ORD_346;PROD_21;9;4
ORD_346;PROD_45;6;4
ORD_346;PROD_40;4;4
ORD_346;PROD_36;1;1
ORD_346;PROD_36;3;4
ORD_346;PROD_9;5;5
ORD_346;PROD_22;5;2
ORD_346;PROD_15;3;1
ORD_346;PROD_1;4;3
ORD_346;PROD_34;4;2
ORD_346;PROD_5;5;2
ORD_347;PROD_37;3;2
ORD_347;PROD_8;8;1
ORD_347;PROD_17;2;4
ORD_347;PROD_34;8;4
ORD_347;PROD_49;1;5
ORD_347;PROD_38;4;2
ORD_347;PROD_27;2;1
ORD_347;PROD_45;7;2
ORD_347;PROD_33;7;5
ORD_347;PROD_9;6;1
ORD_347;PROD_6;8;2
ORD_347;PROD_38;5;3
ORD_347;PROD_11;2;5
ORD_347;PROD_25;6;4
ORD_348;PROD_20;8;2
ORD_348;PROD_18;7;3
ORD_348;PROD_47;5;2
ORD_348;PROD_33;2;4
ORD_348;PROD_38;3;4
ORD_348;PROD_41;4;5
ORD_348;PROD_38;8;5
ORD_349;PROD_50;1;3
ORD_349;PROD_26;3;1
ORD_349;PROD_13;5;1
ORD_349;PROD_32;4;2
ORD_349;PROD_2;4;4
ORD_349;PROD_44;9;4
ORD_349;PROD_46;5;3
ORD_349;PROD_21;4;5
ORD_349;PROD_19;7;3
ORD_349;PROD_13;5;4
ORD_349;PROD_25;3;2
ORD_349;PROD_3;7;2
ORD_349;PROD_41;4;3
ORD_349;PROD_23;5;2
ORD_349;PROD_38;6;3
ORD_350;PROD_32;8;3
ORD_350;PROD_46;9;2
ORD_350;PROD_6;9;5
ORD_350;PROD_23;4;1
ORD_350;PROD_6;8;2
ORD_351;PROD_9;1;3
ORD_351;PROD_29;9;3
ORD_351;PROD_1;3;3
ORD_351;PROD_15;2;5
ORD_351;PROD_31;8;3
ORD_351;PROD_16;4;1
ORD_351;PROD_30;5;4
ORD_351;PROD_6;4;3
ORD_351;PROD_16;3;3
ORD_351;PROD_30;7;5
ORD_351;PROD_17;2;4
ORD_352;PROD_20;3;4
ORD_352;PROD_18;3;3
ORD_352;PROD_38;9;5
ORD_352;PROD_4;3;3
ORD_352;PROD_37;1;1
ORD_352;PROD_11;3;5
ORD_352;PROD_20;9;5
ORD_352;PROD_49;3;5
ORD_352;PROD_38;6;3
ORD_352;PROD_27;1;1
ORD_352;PROD_45;4;4
ORD_352;PROD_33;3;3
ORD_352;PROD_40;9;4
ORD_352;PROD_45;8;3
ORD_353;PROD_20;1;4
ORD_353;PROD_18;4;4
ORD_353;PROD_20;3;5
ORD_353;PROD_25;8;3
ORD_353;PROD_13;3;4
ORD_353;PROD_2;4;2
ORD_353;PROD_5;4;3
ORD_353;PROD_44;4;2
ORD_353;PROD_36;7;5
ORD_353;PROD_6;1;4
ORD_354;PROD_10;7;1
ORD_354;PROD_15;9;2
ORD_354;PROD_21;8;5
ORD_354;PROD_13;7;1
ORD_354;PROD_17;6;1
ORD_354;PROD_4;2;5
ORD_354;PROD_43;6;5
ORD_354;PROD_39;5;4
ORD_354;PROD_20;9;5
ORD_354;PROD_25;9;4
ORD_355;PROD_13;9;3
ORD_355;PROD_44;6;2
ORD_355;PROD_43;4;3
ORD_355;PROD_45;6;5
ORD_355;PROD_32;9;3
ORD_355;PROD_43;9;1
ORD_355;PROD_24;1;4
ORD_355;PROD_46;7;3
ORD_355;PROD_50;8;5
ORD_355;PROD_39;9;3
ORD_356;PROD_32;6;4
ORD_356;PROD_6;3;3
ORD_356;PROD_7;9;2
ORD_356;PROD_17;3;3
ORD_356;PROD_26;6;5
ORD_356;PROD_2;9;4
ORD_356;PROD_28;8;3
ORD_356;PROD_15;2;4
ORD_356;PROD_4;9;4
ORD_356;PROD_37;5;1
ORD_357;PROD_48;8;4
ORD_357;PROD_12;3;1
ORD_357;PROD_24;7;1
ORD_357;PROD_42;4;2
ORD_357;PROD_20;9;2
ORD_357;PROD_25;6;3
ORD_357;PROD_11;1;5
ORD_357;PROD_45;2;1
ORD_357;PROD_33;4;3
ORD_357;PROD_5;4;2
ORD_357;PROD_24;7;2
ORD_357;PROD_1;4;1
ORD_357;PROD_41;3;1
ORD_358;PROD_31;5;2
ORD_358;PROD_3;7;5
ORD_358;PROD_23;7;5
ORD_358;PROD_20;2;3
ORD_358;PROD_38;4;3
ORD_358;PROD_9;2;3
ORD_358;PROD_25;3;1
ORD_358;PROD_49;9;5
ORD_359;PROD_49;5;4
ORD_359;PROD_15;7;3
ORD_359;PROD_46;7;2
ORD_359;PROD_38;3;1
ORD_359;PROD_50;1;4
ORD_359;PROD_36;2;2
ORD_359;PROD_1;7;4
ORD_359;PROD_6;8;2
ORD_359;PROD_1;6;1
ORD_359;PROD_19;1;1
ORD_359;PROD_10;7;1
ORD_359;PROD_44;3;1
ORD_360;PROD_13;8;5
ORD_360;PROD_44;6;1
ORD_360;PROD_43;1;5
ORD_360;PROD_45;7;5
ORD_360;PROD_36;3;2
ORD_360;PROD_21;7;3
ORD_360;PROD_15;6;4
ORD_360;PROD_39;5;3
ORD_360;PROD_20;1;1
ORD_360;PROD_25;4;1
ORD_361;PROD_6;1;4
ORD_361;PROD_48;1;2
ORD_361;PROD_39;8;3
ORD_361;PROD_5;2;4
ORD_361;PROD_22;8;2
ORD_361;PROD_19;7;4
ORD_361;PROD_4;8;5
ORD_361;PROD_13;9;3
ORD_361;PROD_49;5;5
ORD_361;PROD_10;6;5
ORD_361;PROD_42;6;2
ORD_361;PROD_20;4;1
ORD_361;PROD_31;6;5
ORD_361;PROD_22;8;1
ORD_362;PROD_17;5;2
ORD_362;PROD_17;8;3
ORD_362;PROD_30;2;3
ORD_362;PROD_32;7;1
ORD_362;PROD_23;8;2
ORD_362;PROD_29;4;4
ORD_363;PROD_39;8;5
ORD_363;PROD_37;2;4
ORD_363;PROD_38;2;3
ORD_363;PROD_23;8;1
ORD_363;PROD_24;5;1
ORD_363;PROD_5;8;4
ORD_363;PROD_2;1;4
ORD_363;PROD_33;3;5
ORD_364;PROD_10;4;2
ORD_364;PROD_15;4;4
ORD_364;PROD_11;9;4
ORD_364;PROD_25;5;1
ORD_364;PROD_29;9;4
ORD_364;PROD_13;2;1
ORD_364;PROD_7;1;4
ORD_364;PROD_27;8;3
ORD_364;PROD_49;9;5
ORD_364;PROD_1;8;4
ORD_365;PROD_13;2;3
ORD_365;PROD_40;7;5
ORD_365;PROD_47;8;4
ORD_365;PROD_18;8;2
ORD_365;PROD_16;1;1
ORD_366;PROD_36;4;3
ORD_366;PROD_48;8;5
ORD_366;PROD_15;8;1
ORD_366;PROD_39;8;4
ORD_366;PROD_31;7;4
ORD_366;PROD_6;2;2
ORD_366;PROD_20;6;5
ORD_366;PROD_21;7;5
ORD_366;PROD_11;8;4
ORD_367;PROD_22;3;3
ORD_367;PROD_49;2;5
ORD_367;PROD_2;4;2
ORD_367;PROD_35;6;1
ORD_367;PROD_34;9;3
ORD_367;PROD_48;9;3
ORD_367;PROD_33;9;4
ORD_367;PROD_25;3;3
ORD_368;PROD_37;7;5
ORD_368;PROD_8;1;3
ORD_368;PROD_17;6;3
ORD_368;PROD_34;9;2
ORD_368;PROD_49;8;5
ORD_368;PROD_38;8;4
ORD_368;PROD_27;7;2
ORD_369;PROD_32;7;1
ORD_369;PROD_43;6;5
ORD_369;PROD_20;9;5
ORD_369;PROD_25;7;5
ORD_369;PROD_13;1;1
ORD_370;PROD_11;4;5
ORD_370;PROD_31;3;2
ORD_370;PROD_30;7;2
ORD_370;PROD_50;5;5
ORD_370;PROD_10;3;5
ORD_370;PROD_6;6;2
ORD_370;PROD_10;5;2
ORD_370;PROD_18;7;5
ORD_370;PROD_45;3;4
ORD_371;PROD_18;5;3
ORD_371;PROD_43;3;4
ORD_371;PROD_37;9;5
ORD_371;PROD_6;4;5
ORD_371;PROD_7;3;4
ORD_371;PROD_41;4;3
ORD_371;PROD_16;8;3
ORD_371;PROD_47;8;3
ORD_371;PROD_30;7;3
ORD_371;PROD_10;5;2
ORD_371;PROD_24;8;4
ORD_371;PROD_10;9;4
ORD_371;PROD_43;4;5
ORD_371;PROD_33;4;4
ORD_371;PROD_20;1;5
ORD_372;PROD_38;1;4
ORD_372;PROD_4;2;2
ORD_372;PROD_37;3;2
ORD_372;PROD_11;7;1
ORD_372;PROD_20;2;2
ORD_372;PROD_17;4;3
ORD_372;PROD_31;1;4
ORD_372;PROD_14;5;4
ORD_373;PROD_7;2;5
ORD_373;PROD_14;5;3
ORD_373;PROD_40;8;3
ORD_373;PROD_6;4;5
ORD_373;PROD_33;7;1
ORD_373;PROD_30;1;5
ORD_373;PROD_31;8;1
ORD_373;PROD_6;1;3
ORD_373;PROD_9;7;2
ORD_373;PROD_6;1;3
ORD_373;PROD_24;8;1
ORD_374;PROD_25;9;4
ORD_374;PROD_21;7;4
ORD_374;PROD_14;8;4
ORD_374;PROD_42;3;4
ORD_374;PROD_2;7;4
ORD_374;PROD_28;3;4
ORD_374;PROD_49;6;2
ORD_374;PROD_38;1;5
ORD_374;PROD_27;8;1
ORD_374;PROD_45;9;2
ORD_374;PROD_33;5;4
ORD_375;PROD_7;9;1
ORD_375;PROD_27;6;2
ORD_375;PROD_49;5;5
ORD_375;PROD_16;9;3
ORD_375;PROD_7;3;5
ORD_375;PROD_12;1;5
ORD_375;PROD_43;4;1
ORD_375;PROD_31;3;4
ORD_375;PROD_34;5;1
ORD_376;PROD_2;7;4
ORD_376;PROD_28;9;1
ORD_376;PROD_36;9;4
ORD_376;PROD_21;8;4
ORD_376;PROD_15;7;2
ORD_376;PROD_39;7;4
ORD_377;PROD_37;7;5
ORD_377;PROD_8;7;1
ORD_377;PROD_17;4;4
ORD_377;PROD_34;8;5
ORD_377;PROD_25;8;2
ORD_377;PROD_21;9;5
ORD_377;PROD_14;9;1
ORD_377;PROD_42;2;5
ORD_378;PROD_39;8;4
ORD_378;PROD_41;6;2
ORD_378;PROD_4;6;1
ORD_378;PROD_33;1;2
ORD_378;PROD_5;5;1
ORD_378;PROD_44;2;4
ORD_378;PROD_2;8;5
ORD_379;PROD_45;3;5
ORD_379;PROD_20;2;1
ORD_379;PROD_25;3;5
ORD_379;PROD_24;5;3
ORD_379;PROD_21;5;5
ORD_379;PROD_14;1;4
ORD_379;PROD_13;8;2
ORD_379;PROD_44;5;2
ORD_380;PROD_40;8;3
ORD_380;PROD_9;5;1
ORD_380;PROD_25;5;4
ORD_380;PROD_46;8;1
ORD_380;PROD_23;2;5
ORD_380;PROD_7;5;4
ORD_380;PROD_27;5;3
ORD_380;PROD_49;4;5
ORD_380;PROD_24;6;4
ORD_380;PROD_5;2;3
ORD_381;PROD_40;4;5
ORD_381;PROD_9;4;2
ORD_381;PROD_25;3;5
ORD_381;PROD_46;2;3
ORD_381;PROD_23;1;1
ORD_381;PROD_37;7;5
ORD_381;PROD_8;1;2
ORD_381;PROD_17;6;2
ORD_381;PROD_34;7;5
ORD_382;PROD_20;6;1
ORD_382;PROD_18;1;2
ORD_382;PROD_24;1;1
ORD_382;PROD_11;5;5
ORD_382;PROD_11;2;1
ORD_382;PROD_40;3;5
ORD_382;PROD_37;5;1
ORD_382;PROD_4;6;5
ORD_382;PROD_45;7;3
ORD_382;PROD_6;5;5
ORD_382;PROD_29;3;5
ORD_382;PROD_38;6;5
ORD_382;PROD_8;4;2
ORD_382;PROD_32;5;4
ORD_383;PROD_40;8;5
ORD_383;PROD_8;1;3
ORD_383;PROD_11;7;4
ORD_383;PROD_20;9;2
ORD_383;PROD_30;8;3
ORD_383;PROD_5;9;1
ORD_383;PROD_27;9;4
ORD_383;PROD_3;8;5
ORD_383;PROD_25;6;3
ORD_383;PROD_40;5;2
ORD_383;PROD_8;4;1
ORD_383;PROD_43;9;2
ORD_383;PROD_45;2;3
ORD_384;PROD_50;7;5
ORD_384;PROD_32;6;2
ORD_384;PROD_23;6;2
ORD_384;PROD_2;5;1
ORD_384;PROD_16;5;4
ORD_384;PROD_22;1;5
ORD_384;PROD_3;8;3
ORD_384;PROD_25;1;1
ORD_384;PROD_13;1;2
ORD_384;PROD_50;4;5
ORD_384;PROD_36;1;5
ORD_384;PROD_42;7;3
ORD_384;PROD_1;5;2
ORD_384;PROD_41;3;3
ORD_385;PROD_15;9;4
ORD_385;PROD_6;1;5
ORD_385;PROD_48;5;3
ORD_385;PROD_27;4;4
ORD_385;PROD_32;2;3
ORD_385;PROD_10;5;5
ORD_385;PROD_46;7;1
ORD_385;PROD_39;9;4
ORD_385;PROD_12;9;3
ORD_386;PROD_7;6;4
ORD_386;PROD_27;7;5
ORD_386;PROD_49;2;2
ORD_386;PROD_4;9;2
ORD_386;PROD_26;2;3
ORD_386;PROD_47;8;2
ORD_386;PROD_20;3;4
ORD_386;PROD_1;3;2
ORD_386;PROD_24;8;2
ORD_386;PROD_30;1;1
ORD_386;PROD_33;1;3
ORD_386;PROD_27;4;2
ORD_387;PROD_25;9;2
ORD_387;PROD_24;4;4
ORD_387;PROD_36;4;3
ORD_387;PROD_29;5;4
ORD_387;PROD_3;2;3
ORD_387;PROD_4;1;5
ORD_387;PROD_11;2;3
ORD_387;PROD_17;7;5
ORD_387;PROD_35;5;2
ORD_387;PROD_22;2;1
ORD_387;PROD_36;5;3
ORD_387;PROD_40;7;5
ORD_387;PROD_15;4;1
ORD_388;PROD_48;6;4
ORD_388;PROD_4;3;3
ORD_388;PROD_40;8;3
ORD_388;PROD_42;9;5
ORD_388;PROD_22;6;5
ORD_389;PROD_37;6;2
ORD_389;PROD_8;5;2
ORD_389;PROD_17;1;2
ORD_389;PROD_34;1;2
ORD_389;PROD_13;5;5
ORD_389;PROD_40;7;5
ORD_389;PROD_47;1;4
ORD_389;PROD_18;5;4
ORD_389;PROD_16;9;4
ORD_389;PROD_35;8;1
ORD_389;PROD_46;6;2
ORD_389;PROD_24;1;2
ORD_390;PROD_19;2;3
ORD_390;PROD_39;5;1
ORD_390;PROD_9;9;2
ORD_390;PROD_30;8;2
ORD_390;PROD_4;4;5
ORD_390;PROD_36;4;5
ORD_390;PROD_32;5;1
ORD_390;PROD_20;6;2
ORD_390;PROD_11;9;1
ORD_390;PROD_12;8;5
ORD_390;PROD_32;3;2
ORD_390;PROD_10;7;4
ORD_390;PROD_34;4;3
ORD_390;PROD_29;5;3
ORD_391;PROD_2;9;1
ORD_391;PROD_28;3;3
ORD_391;PROD_20;3;5
ORD_391;PROD_25;1;3
ORD_391;PROD_13;3;1
ORD_391;PROD_10;2;2
ORD_391;PROD_15;8;4
ORD_391;PROD_45;7;2
ORD_391;PROD_28;6;1
ORD_391;PROD_24;2;4
ORD_391;PROD_22;1;3
ORD_391;PROD_38;2;3
ORD_391;PROD_25;4;5
ORD_391;PROD_3;2;4
ORD_391;PROD_9;2;5
ORD_392;PROD_4;7;4
ORD_392;PROD_2;7;2
ORD_392;PROD_26;8;3
ORD_392;PROD_16;7;5
ORD_392;PROD_4;4;2
ORD_392;PROD_26;7;1
ORD_392;PROD_41;8;2
ORD_392;PROD_16;8;2
ORD_392;PROD_48;1;3
ORD_392;PROD_34;9;1
ORD_392;PROD_38;6;4
ORD_392;PROD_11;9;4
ORD_392;PROD_33;7;5
ORD_392;PROD_38;1;4
ORD_392;PROD_27;8;4
ORD_393;PROD_20;4;1
ORD_393;PROD_25;7;3
ORD_393;PROD_13;8;2
ORD_393;PROD_25;3;3
ORD_393;PROD_21;8;2
ORD_393;PROD_14;9;1
ORD_393;PROD_42;9;2
ORD_393;PROD_27;6;2
ORD_393;PROD_43;6;1
ORD_393;PROD_37;9;2
ORD_393;PROD_14;9;5
ORD_393;PROD_23;4;5
ORD_393;PROD_7;7;4
ORD_393;PROD_14;4;4
ORD_393;PROD_40;5;1
ORD_394;PROD_13;1;4
ORD_394;PROD_43;3;3
ORD_394;PROD_33;7;3
ORD_394;PROD_31;7;5
ORD_394;PROD_15;7;3
ORD_395;PROD_20;4;4
ORD_395;PROD_25;2;1
ORD_395;PROD_13;6;2
ORD_395;PROD_8;8;3
ORD_395;PROD_12;1;2
ORD_395;PROD_4;3;2
ORD_395;PROD_21;3;5
ORD_396;PROD_24;6;2
ORD_396;PROD_5;9;3
ORD_396;PROD_2;2;3
ORD_396;PROD_33;9;5
ORD_396;PROD_20;9;5
ORD_396;PROD_18;7;5
ORD_396;PROD_23;7;3
ORD_396;PROD_19;3;2
ORD_396;PROD_38;9;1
ORD_396;PROD_50;1;4
ORD_397;PROD_20;8;1
ORD_397;PROD_25;8;3
ORD_397;PROD_13;3;5
ORD_397;PROD_32;4;5
ORD_397;PROD_43;5;3
ORD_397;PROD_40;4;4
ORD_397;PROD_9;6;2
ORD_397;PROD_25;8;1
ORD_397;PROD_46;8;4
ORD_397;PROD_23;9;1
ORD_397;PROD_42;4;5
ORD_397;PROD_1;7;3
ORD_397;PROD_7;5;5
ORD_398;PROD_20;5;5
ORD_398;PROD_25;1;1
ORD_398;PROD_13;8;2
ORD_398;PROD_10;1;5
ORD_398;PROD_15;8;3
ORD_398;PROD_11;5;2
ORD_398;PROD_25;6;1
ORD_398;PROD_29;6;1
ORD_398;PROD_13;3;5
ORD_398;PROD_19;3;1
ORD_398;PROD_17;6;5
ORD_398;PROD_19;3;5
ORD_399;PROD_40;9;1
ORD_399;PROD_49;8;2
ORD_399;PROD_42;7;1
ORD_399;PROD_40;6;4
ORD_399;PROD_4;9;2
ORD_399;PROD_38;6;5
ORD_399;PROD_2;6;2
ORD_399;PROD_43;4;4
ORD_399;PROD_17;2;5
ORD_399;PROD_10;8;5
ORD_399;PROD_22;3;2
ORD_399;PROD_30;3;3
ORD_399;PROD_20;3;1
ORD_400;PROD_13;5;3
ORD_400;PROD_7;5;3
ORD_400;PROD_30;8;4
ORD_400;PROD_36;9;1
ORD_400;PROD_50;6;2
ORD_400;PROD_5;6;5
ORD_400;PROD_33;8;2
ORD_400;PROD_1;6;3
ORD_401;PROD_12;7;4
ORD_401;PROD_32;7;1
ORD_401;PROD_2;7;1
ORD_401;PROD_3;1;3
ORD_401;PROD_23;7;5
ORD_401;PROD_8;3;1
ORD_401;PROD_23;9;1
ORD_401;PROD_6;7;3
ORD_401;PROD_26;2;3
ORD_401;PROD_34;5;5
ORD_401;PROD_37;3;2
ORD_402;PROD_23;8;3
ORD_402;PROD_47;7;1
ORD_402;PROD_47;4;5
ORD_402;PROD_20;5;5
ORD_402;PROD_1;3;3
ORD_402;PROD_23;1;4
ORD_402;PROD_17;7;3
ORD_402;PROD_45;8;5
ORD_402;PROD_20;7;1
ORD_403;PROD_11;6;4
ORD_403;PROD_25;8;3
ORD_403;PROD_29;6;5
ORD_403;PROD_13;9;1
ORD_403;PROD_7;9;4
ORD_403;PROD_27;6;5
ORD_403;PROD_49;8;4
ORD_403;PROD_10;4;2
ORD_403;PROD_7;6;1
ORD_403;PROD_29;1;3
ORD_403;PROD_20;6;5
ORD_403;PROD_49;6;5
ORD_403;PROD_45;8;4
ORD_404;PROD_20;8;2
ORD_404;PROD_25;2;4
ORD_404;PROD_13;5;1
ORD_404;PROD_20;4;4
ORD_404;PROD_18;5;4
ORD_404;PROD_42;9;5
ORD_404;PROD_24;4;3
ORD_404;PROD_34;2;3
ORD_404;PROD_39;1;3
ORD_404;PROD_12;8;1
ORD_404;PROD_31;8;4
ORD_405;PROD_11;1;5
ORD_405;PROD_9;1;2
ORD_405;PROD_39;8;1
ORD_405;PROD_47;5;5
ORD_405;PROD_11;5;5
ORD_405;PROD_12;5;2
ORD_405;PROD_46;2;4
ORD_405;PROD_5;5;1
ORD_405;PROD_21;7;1
ORD_406;PROD_13;7;4
ORD_406;PROD_44;6;1
ORD_406;PROD_43;3;2
ORD_406;PROD_45;3;5
ORD_406;PROD_6;1;1
ORD_406;PROD_45;8;5
ORD_406;PROD_43;6;5
ORD_406;PROD_47;1;3
ORD_406;PROD_21;8;1
ORD_406;PROD_14;1;4
ORD_406;PROD_33;5;5
ORD_406;PROD_40;9;1
ORD_406;PROD_13;5;2
ORD_406;PROD_17;1;4
ORD_406;PROD_5;7;5
ORD_407;PROD_23;5;2
ORD_407;PROD_13;5;4
ORD_407;PROD_35;4;4
ORD_407;PROD_21;4;2
ORD_407;PROD_1;1;2
ORD_407;PROD_29;7;3
ORD_408;PROD_32;4;4
ORD_408;PROD_50;4;3
ORD_408;PROD_47;9;5
ORD_408;PROD_42;9;3
ORD_408;PROD_32;1;4
ORD_408;PROD_2;3;5
ORD_409;PROD_23;8;1
ORD_409;PROD_19;5;1
ORD_409;PROD_38;7;4
ORD_409;PROD_24;3;4
ORD_409;PROD_5;5;3
ORD_409;PROD_2;8;4
ORD_409;PROD_33;6;3
ORD_409;PROD_12;1;2
ORD_409;PROD_31;2;5
ORD_409;PROD_2;8;2
ORD_409;PROD_24;5;3
ORD_409;PROD_50;7;1
ORD_409;PROD_48;9;5
ORD_409;PROD_44;1;2
ORD_409;PROD_4;7;4
ORD_410;PROD_27;2;3
ORD_410;PROD_18;1;4
ORD_410;PROD_35;5;4
ORD_410;PROD_47;1;3
ORD_410;PROD_3;1;4
ORD_410;PROD_44;4;4
ORD_410;PROD_6;6;3
ORD_410;PROD_20;3;3
ORD_410;PROD_47;5;3
ORD_410;PROD_27;8;1
ORD_410;PROD_17;3;2
ORD_410;PROD_23;3;2
ORD_410;PROD_19;4;4
ORD_410;PROD_25;6;5
ORD_411;PROD_49;9;4
ORD_411;PROD_38;7;3
ORD_411;PROD_27;7;5
ORD_411;PROD_45;6;4
ORD_411;PROD_33;2;3
ORD_411;PROD_2;7;5
ORD_411;PROD_28;2;1
ORD_411;PROD_50;7;1
ORD_411;PROD_48;5;2
ORD_411;PROD_38;8;1
ORD_411;PROD_37;3;5
ORD_411;PROD_7;5;2
ORD_412;PROD_36;9;2
ORD_412;PROD_21;1;5
ORD_412;PROD_15;5;2
ORD_412;PROD_39;4;1
ORD_412;PROD_49;5;2
ORD_412;PROD_38;3;5
ORD_413;PROD_12;1;5
ORD_413;PROD_27;2;5
ORD_413;PROD_50;3;4
ORD_413;PROD_34;3;2
ORD_413;PROD_48;7;4
ORD_413;PROD_26;9;2
ORD_413;PROD_31;2;3
ORD_413;PROD_17;5;2
ORD_413;PROD_11;3;3
ORD_413;PROD_48;2;2
ORD_413;PROD_23;2;4
ORD_413;PROD_28;6;1
ORD_413;PROD_5;3;5
ORD_414;PROD_41;3;5
ORD_414;PROD_30;1;1
ORD_414;PROD_43;6;1
ORD_414;PROD_6;3;1
ORD_414;PROD_18;4;2
ORD_414;PROD_47;9;2
ORD_414;PROD_33;4;2
ORD_414;PROD_32;3;2
ORD_414;PROD_9;2;4
ORD_414;PROD_3;1;1
ORD_414;PROD_27;5;3
ORD_414;PROD_39;6;2
ORD_415;PROD_38;1;5
ORD_415;PROD_4;9;3
ORD_415;PROD_37;2;2
ORD_415;PROD_11;4;3
ORD_415;PROD_20;1;2
ORD_415;PROD_12;2;4
ORD_415;PROD_35;7;3
ORD_416;PROD_36;2;2
ORD_416;PROD_21;2;2
ORD_416;PROD_15;8;5
ORD_416;PROD_39;2;1
ORD_416;PROD_34;4;2
ORD_416;PROD_12;2;3
ORD_416;PROD_25;6;3
ORD_416;PROD_18;7;5
ORD_416;PROD_8;4;5
ORD_416;PROD_22;9;5
ORD_417;PROD_17;8;1
ORD_417;PROD_25;5;4
ORD_417;PROD_7;6;2
ORD_417;PROD_11;4;1
ORD_417;PROD_45;5;2
ORD_417;PROD_21;7;1
ORD_417;PROD_24;3;4
ORD_417;PROD_16;6;3
ORD_418;PROD_33;9;3
ORD_418;PROD_22;3;5
ORD_418;PROD_24;5;5
ORD_418;PROD_47;2;3
ORD_418;PROD_45;7;3
ORD_418;PROD_44;6;1
ORD_418;PROD_15;6;1
ORD_418;PROD_21;9;3
ORD_418;PROD_12;3;4
ORD_418;PROD_20;4;2
ORD_418;PROD_4;8;3
ORD_418;PROD_21;3;2
ORD_418;PROD_36;3;5
ORD_418;PROD_44;7;1
ORD_418;PROD_47;6;5
ORD_419;PROD_13;6;5
ORD_419;PROD_40;8;5
ORD_419;PROD_47;3;5
ORD_419;PROD_18;3;5
ORD_419;PROD_16;8;3
ORD_419;PROD_24;1;1
ORD_419;PROD_5;5;5
ORD_419;PROD_2;2;2
ORD_419;PROD_33;3;4
ORD_420;PROD_32;3;4
ORD_420;PROD_1;5;4
ORD_420;PROD_23;4;1
ORD_420;PROD_23;5;1
ORD_420;PROD_47;7;2
ORD_421;PROD_2;6;4
ORD_421;PROD_38;2;5
ORD_421;PROD_37;8;4
ORD_421;PROD_3;1;4
ORD_421;PROD_28;8;5
ORD_421;PROD_26;3;3
ORD_421;PROD_15;6;4
ORD_421;PROD_28;9;3
ORD_421;PROD_11;9;5
ORD_421;PROD_28;7;1
ORD_421;PROD_7;7;1
ORD_421;PROD_25;4;4
ORD_422;PROD_2;5;5
ORD_422;PROD_31;6;5
ORD_422;PROD_36;8;3
ORD_422;PROD_1;5;2
ORD_422;PROD_44;6;4
ORD_422;PROD_46;5;5
ORD_422;PROD_22;8;1
ORD_422;PROD_34;9;1
ORD_422;PROD_31;4;3
ORD_423;PROD_11;9;5
ORD_423;PROD_29;5;2
ORD_423;PROD_23;8;1
ORD_423;PROD_16;5;5
ORD_423;PROD_15;1;1
ORD_423;PROD_39;8;5
ORD_423;PROD_29;1;4
ORD_423;PROD_33;5;2
ORD_423;PROD_37;1;2
ORD_424;PROD_21;6;5
ORD_424;PROD_25;4;5
ORD_424;PROD_40;3;1
ORD_424;PROD_37;4;5
ORD_424;PROD_12;2;2
ORD_424;PROD_35;7;5
ORD_424;PROD_36;7;5
ORD_424;PROD_18;4;5
ORD_424;PROD_39;6;1
ORD_424;PROD_21;1;2
ORD_424;PROD_48;4;5
ORD_424;PROD_37;5;5
ORD_424;PROD_45;3;1
ORD_425;PROD_3;6;4
ORD_425;PROD_11;1;5
ORD_425;PROD_28;2;2
ORD_425;PROD_18;5;5
ORD_425;PROD_25;6;3
ORD_426;PROD_15;7;1
ORD_426;PROD_44;9;4
ORD_426;PROD_33;3;4
ORD_426;PROD_25;6;2
ORD_426;PROD_43;4;5
ORD_426;PROD_44;7;4
ORD_426;PROD_42;7;3
ORD_426;PROD_20;6;5
ORD_427;PROD_20;5;2
ORD_427;PROD_18;1;5
ORD_427;PROD_37;4;1
ORD_427;PROD_8;1;1
ORD_427;PROD_17;4;4
ORD_427;PROD_34;3;1
ORD_427;PROD_2;3;5
ORD_427;PROD_28;8;1
ORD_427;PROD_32;1;2
ORD_428;PROD_11;4;3
ORD_428;PROD_25;9;4
ORD_428;PROD_29;7;1
ORD_428;PROD_13;2;2
ORD_428;PROD_25;9;3
ORD_428;PROD_21;4;1
ORD_428;PROD_14;9;3
ORD_428;PROD_42;9;5
ORD_428;PROD_38;2;3
ORD_428;PROD_4;2;3
ORD_428;PROD_37;9;1
ORD_428;PROD_11;9;1
ORD_428;PROD_20;4;3
ORD_428;PROD_41;3;5
ORD_429;PROD_13;1;3
ORD_429;PROD_40;6;5
ORD_429;PROD_47;5;2
ORD_429;PROD_18;4;1
ORD_429;PROD_16;3;1
ORD_429;PROD_20;5;1
ORD_429;PROD_18;4;3
ORD_429;PROD_9;6;4
ORD_430;PROD_6;4;4
ORD_430;PROD_45;9;5
ORD_430;PROD_43;7;5
ORD_430;PROD_23;4;5
ORD_430;PROD_36;1;5
ORD_430;PROD_24;6;4
ORD_431;PROD_13;5;2
ORD_431;PROD_40;4;3
ORD_431;PROD_47;4;1
ORD_431;PROD_18;1;4
ORD_431;PROD_16;5;3
ORD_431;PROD_36;3;2
ORD_431;PROD_43;9;4
ORD_431;PROD_35;8;4
ORD_431;PROD_31;3;5
ORD_431;PROD_15;7;3
ORD_431;PROD_9;7;4
ORD_431;PROD_32;2;2
ORD_431;PROD_8;5;4
ORD_431;PROD_21;2;2
ORD_432;PROD_25;1;4
ORD_432;PROD_21;5;4
ORD_432;PROD_14;1;5
ORD_432;PROD_42;9;1
ORD_432;PROD_36;9;5
ORD_432;PROD_21;3;5
ORD_432;PROD_15;7;3
ORD_432;PROD_39;2;4
ORD_432;PROD_25;4;5
ORD_432;PROD_21;8;2
ORD_432;PROD_14;9;5
ORD_432;PROD_42;3;5
ORD_432;PROD_29;8;4
ORD_432;PROD_11;9;5
ORD_432;PROD_20;4;3
ORD_433;PROD_7;4;5
ORD_433;PROD_27;8;4
ORD_433;PROD_49;6;2
ORD_433;PROD_47;8;4
ORD_433;PROD_43;9;2
ORD_433;PROD_3;2;1
ORD_433;PROD_30;9;2
ORD_433;PROD_42;5;5
ORD_433;PROD_42;1;2
ORD_433;PROD_40;1;1
ORD_434;PROD_7;6;4
ORD_434;PROD_21;4;2
ORD_434;PROD_9;4;1
ORD_434;PROD_50;7;4
ORD_434;PROD_5;4;3
ORD_434;PROD_25;5;5
ORD_434;PROD_19;8;5
ORD_434;PROD_37;2;5
ORD_434;PROD_10;8;2
ORD_434;PROD_17;1;3
ORD_435;PROD_24;6;5
ORD_435;PROD_5;2;1
ORD_435;PROD_2;1;3
ORD_435;PROD_33;3;5
ORD_435;PROD_49;7;2
ORD_435;PROD_38;8;3
ORD_435;PROD_27;3;3
ORD_435;PROD_45;3;4
ORD_435;PROD_33;7;1
ORD_435;PROD_48;5;5
ORD_435;PROD_5;5;1
ORD_435;PROD_34;9;5
ORD_435;PROD_47;8;1
ORD_436;PROD_7;6;1
ORD_436;PROD_19;3;3
ORD_436;PROD_4;2;3
ORD_436;PROD_42;5;1
ORD_436;PROD_25;7;2
ORD_436;PROD_47;1;5
ORD_436;PROD_8;5;4
ORD_436;PROD_2;7;2
ORD_436;PROD_16;2;3
ORD_436;PROD_31;4;4
ORD_436;PROD_11;9;3
ORD_436;PROD_46;9;4
ORD_436;PROD_26;1;5
ORD_436;PROD_17;9;1
ORD_437;PROD_11;1;5
ORD_437;PROD_15;2;4
ORD_437;PROD_25;9;3
ORD_437;PROD_26;9;4
ORD_437;PROD_29;4;5
ORD_437;PROD_18;7;3
ORD_438;PROD_13;3;1
ORD_438;PROD_50;1;1
ORD_438;PROD_41;7;3
ORD_438;PROD_2;5;3
ORD_438;PROD_3;7;3
ORD_438;PROD_12;8;5
ORD_439;PROD_10;2;4
ORD_439;PROD_15;6;1
ORD_439;PROD_5;6;1
ORD_439;PROD_45;8;2
ORD_439;PROD_20;4;3
ORD_440;PROD_25;3;5
ORD_440;PROD_1;8;5
ORD_440;PROD_18;6;5
ORD_440;PROD_39;4;1
ORD_440;PROD_14;9;3
ORD_440;PROD_49;7;5
ORD_440;PROD_39;6;3
ORD_440;PROD_34;8;3
ORD_440;PROD_12;6;2
ORD_440;PROD_19;1;4
ORD_441;PROD_34;5;3
ORD_441;PROD_38;7;1
ORD_441;PROD_7;7;4
ORD_441;PROD_13;9;1
ORD_441;PROD_28;6;1
ORD_442;PROD_7;8;5
ORD_442;PROD_27;1;2
ORD_442;PROD_49;3;2
ORD_442;PROD_34;4;4
ORD_442;PROD_46;3;4
ORD_443;PROD_23;4;3
ORD_443;PROD_19;1;4
ORD_443;PROD_38;4;3
ORD_443;PROD_36;3;4
ORD_443;PROD_21;8;1
ORD_443;PROD_15;3;3
ORD_443;PROD_39;4;3
ORD_443;PROD_11;3;5
ORD_443;PROD_25;4;3
ORD_443;PROD_29;8;4
ORD_443;PROD_13;1;2
ORD_443;PROD_7;3;1
ORD_443;PROD_32;5;3
ORD_443;PROD_35;5;4
ORD_443;PROD_15;8;2
ORD_444;PROD_23;8;2
ORD_444;PROD_19;2;4
ORD_444;PROD_38;8;5
ORD_444;PROD_36;7;5
ORD_444;PROD_21;9;2
ORD_445;PROD_25;7;2
ORD_445;PROD_21;4;2
ORD_445;PROD_14;3;1
ORD_445;PROD_42;6;3
ORD_445;PROD_39;6;2
ORD_445;PROD_8;8;1
ORD_445;PROD_46;6;1
ORD_445;PROD_49;3;5
ORD_445;PROD_23;8;1
ORD_445;PROD_25;9;1
ORD_446;PROD_36;6;2
ORD_446;PROD_21;6;1
ORD_446;PROD_15;6;2
ORD_446;PROD_39;6;1
ORD_446;PROD_20;4;5
ORD_446;PROD_25;5;4
ORD_447;PROD_19;7;2
ORD_447;PROD_1;1;2
ORD_447;PROD_18;6;5
ORD_447;PROD_8;4;4
ORD_447;PROD_8;5;2
ORD_447;PROD_30;9;2
ORD_448;PROD_6;4;4
ORD_448;PROD_45;7;1
ORD_448;PROD_43;5;5
ORD_448;PROD_36;7;4
ORD_448;PROD_21;2;4
ORD_449;PROD_28;3;2
ORD_449;PROD_50;8;4
ORD_449;PROD_43;6;4
ORD_449;PROD_46;4;2
ORD_449;PROD_44;4;4
ORD_449;PROD_49;8;4
ORD_449;PROD_3;3;3
ORD_449;PROD_22;2;2
ORD_449;PROD_27;4;5
ORD_449;PROD_8;6;2
ORD_449;PROD_16;3;5
ORD_449;PROD_40;7;4
ORD_449;PROD_12;5;4
ORD_449;PROD_34;4;3
ORD_450;PROD_30;6;5
ORD_450;PROD_21;8;2
ORD_450;PROD_48;7;4
ORD_450;PROD_44;9;5
ORD_450;PROD_26;6;1
ORD_451;PROD_25;1;3
ORD_451;PROD_21;5;2
ORD_451;PROD_14;9;4
ORD_451;PROD_42;7;1
ORD_451;PROD_13;6;4
ORD_451;PROD_44;2;1
ORD_451;PROD_43;9;3
ORD_451;PROD_45;7;5
ORD_452;PROD_40;2;4
ORD_452;PROD_43;2;2
ORD_452;PROD_34;7;3
ORD_452;PROD_26;7;3
ORD_452;PROD_12;3;5
ORD_452;PROD_14;5;4
ORD_452;PROD_43;7;4
ORD_452;PROD_47;3;4
ORD_453;PROD_26;8;3
ORD_453;PROD_26;8;1
ORD_453;PROD_22;2;2
ORD_453;PROD_27;9;1
ORD_453;PROD_14;9;4
ORD_453;PROD_11;2;4
ORD_453;PROD_49;1;4
ORD_453;PROD_16;8;4
ORD_453;PROD_49;7;3
ORD_453;PROD_28;9;2
ORD_453;PROD_29;4;5
ORD_453;PROD_44;5;2
ORD_453;PROD_21;6;1
ORD_454;PROD_50;8;1
ORD_454;PROD_34;1;3
ORD_454;PROD_1;2;3
ORD_454;PROD_6;8;4
ORD_454;PROD_19;3;4
ORD_454;PROD_8;7;1
ORD_454;PROD_43;5;3
ORD_454;PROD_36;7;4
ORD_454;PROD_47;9;1
ORD_454;PROD_26;8;3
ORD_454;PROD_43;6;1
ORD_454;PROD_1;3;2
ORD_455;PROD_16;1;1
ORD_455;PROD_47;6;2
ORD_455;PROD_1;6;1
ORD_455;PROD_44;3;3
ORD_455;PROD_14;2;5
ORD_455;PROD_50;6;3
ORD_455;PROD_47;9;4
ORD_455;PROD_27;6;5
ORD_455;PROD_43;5;2
ORD_456;PROD_8;6;3
ORD_456;PROD_48;1;1
ORD_456;PROD_42;9;2
ORD_456;PROD_10;5;2
ORD_456;PROD_7;9;1
ORD_456;PROD_33;4;4
ORD_456;PROD_22;7;4
ORD_456;PROD_20;7;5
ORD_457;PROD_24;7;4
ORD_457;PROD_5;2;4
ORD_457;PROD_2;8;2
ORD_457;PROD_33;5;1
ORD_457;PROD_1;2;3
ORD_458;PROD_13;7;4
ORD_458;PROD_40;9;2
ORD_458;PROD_47;3;2
ORD_458;PROD_18;9;3
ORD_458;PROD_16;4;5
ORD_458;PROD_40;9;4
ORD_458;PROD_33;2;5
ORD_458;PROD_6;7;5
ORD_458;PROD_34;6;2
ORD_458;PROD_14;9;4
ORD_458;PROD_1;6;3
ORD_458;PROD_30;1;1
ORD_458;PROD_11;9;3
ORD_459;PROD_20;1;3
ORD_459;PROD_21;5;4
ORD_459;PROD_36;2;3
ORD_459;PROD_4;6;4
ORD_459;PROD_5;5;2
ORD_460;PROD_36;5;4
ORD_460;PROD_21;7;1
ORD_460;PROD_15;9;2
ORD_460;PROD_39;7;5
ORD_460;PROD_38;8;3
ORD_460;PROD_39;8;2
ORD_460;PROD_26;7;4
ORD_460;PROD_40;2;5
ORD_460;PROD_36;5;2
ORD_460;PROD_23;6;4
ORD_460;PROD_5;3;1
ORD_460;PROD_15;8;1
ORD_460;PROD_38;1;2
ORD_460;PROD_45;7;5
ORD_461;PROD_43;5;4
ORD_461;PROD_12;9;3
ORD_461;PROD_38;6;1
ORD_461;PROD_6;3;4
ORD_461;PROD_31;5;5
ORD_461;PROD_22;8;3
ORD_461;PROD_11;4;2
ORD_461;PROD_24;3;5
ORD_461;PROD_23;5;2
ORD_461;PROD_19;6;3
ORD_461;PROD_19;9;4
ORD_461;PROD_5;4;3
ORD_461;PROD_37;8;2
ORD_461;PROD_41;6;1
ORD_462;PROD_50;7;3
ORD_462;PROD_42;1;4
ORD_462;PROD_24;1;5
ORD_462;PROD_23;4;4
ORD_462;PROD_10;9;1
ORD_462;PROD_11;3;4
ORD_463;PROD_26;4;2
ORD_463;PROD_13;6;5
ORD_463;PROD_7;8;1
ORD_463;PROD_19;3;3
ORD_463;PROD_27;1;1
ORD_463;PROD_37;8;1
ORD_463;PROD_41;3;2
ORD_463;PROD_24;4;2
ORD_464;PROD_22;2;5
ORD_464;PROD_12;9;2
ORD_464;PROD_29;4;5
ORD_464;PROD_20;8;1
ORD_464;PROD_3;1;4
ORD_464;PROD_36;6;5
ORD_464;PROD_22;2;3
ORD_464;PROD_41;8;5
ORD_464;PROD_13;7;4
ORD_464;PROD_44;3;4
ORD_464;PROD_36;9;3
ORD_465;PROD_43;8;2
ORD_465;PROD_36;5;3
ORD_465;PROD_33;9;1
ORD_465;PROD_3;4;1
ORD_465;PROD_14;6;5
ORD_466;PROD_23;8;4
ORD_466;PROD_19;7;3
ORD_466;PROD_38;7;1
ORD_466;PROD_37;6;3
ORD_466;PROD_8;6;3
ORD_466;PROD_17;7;4
ORD_466;PROD_34;8;2
ORD_466;PROD_34;8;2
ORD_466;PROD_21;1;5
ORD_466;PROD_3;3;2
ORD_466;PROD_43;8;3
ORD_466;PROD_12;5;5
ORD_466;PROD_2;3;1
ORD_467;PROD_45;5;1
ORD_467;PROD_46;3;5
ORD_467;PROD_2;6;2
ORD_467;PROD_44;2;2
ORD_467;PROD_24;6;1
ORD_467;PROD_13;8;4
ORD_467;PROD_46;5;5
ORD_467;PROD_17;9;1
ORD_467;PROD_15;3;3
ORD_468;PROD_37;1;3
ORD_468;PROD_8;8;2
ORD_468;PROD_17;6;3
ORD_468;PROD_34;5;4
ORD_468;PROD_2;4;2
ORD_468;PROD_28;7;2
ORD_468;PROD_6;6;5
ORD_468;PROD_22;7;5
ORD_468;PROD_13;9;4
ORD_468;PROD_46;7;3
ORD_468;PROD_19;7;3
ORD_468;PROD_3;2;4
ORD_468;PROD_2;7;2
ORD_468;PROD_37;7;2
ORD_468;PROD_48;8;1
ORD_469;PROD_2;8;3
ORD_469;PROD_28;4;3
ORD_469;PROD_49;8;4
ORD_469;PROD_38;6;5
ORD_469;PROD_27;1;3
ORD_469;PROD_45;9;4
ORD_469;PROD_33;5;3
ORD_469;PROD_45;8;1
ORD_469;PROD_18;5;3
ORD_469;PROD_39;6;3
ORD_469;PROD_35;4;4
ORD_469;PROD_13;9;5
ORD_469;PROD_32;2;5
ORD_470;PROD_2;4;1
ORD_470;PROD_28;9;5
ORD_470;PROD_11;3;4
ORD_470;PROD_21;5;4
ORD_470;PROD_10;8;2
ORD_470;PROD_31;6;2
ORD_470;PROD_46;2;2
ORD_470;PROD_32;2;5
ORD_470;PROD_45;9;3
ORD_470;PROD_40;7;2
ORD_471;PROD_32;8;3
ORD_471;PROD_43;4;4
ORD_471;PROD_9;1;5
ORD_471;PROD_48;9;4
ORD_471;PROD_26;3;1
ORD_472;PROD_29;8;4
ORD_472;PROD_19;3;5
ORD_472;PROD_36;7;4
ORD_472;PROD_7;4;5
ORD_472;PROD_38;7;5
ORD_472;PROD_32;6;5
ORD_472;PROD_4;8;2
ORD_472;PROD_38;6;3
ORD_472;PROD_5;9;4
ORD_472;PROD_32;1;2
ORD_472;PROD_19;1;2
ORD_472;PROD_5;6;2
ORD_473;PROD_28;4;5
ORD_473;PROD_29;2;1
ORD_473;PROD_30;8;2
ORD_473;PROD_45;3;2
ORD_473;PROD_22;3;3
ORD_473;PROD_44;3;4
ORD_473;PROD_43;1;1
ORD_473;PROD_18;3;3
ORD_474;PROD_47;7;5
ORD_474;PROD_33;4;5
ORD_474;PROD_38;3;2
ORD_474;PROD_24;1;4
ORD_474;PROD_5;8;3
ORD_474;PROD_2;8;5
ORD_474;PROD_33;9;1
ORD_474;PROD_20;1;4
ORD_475;PROD_39;5;4
ORD_475;PROD_37;1;5
ORD_475;PROD_38;8;4
ORD_475;PROD_23;5;1
ORD_475;PROD_43;9;1
ORD_475;PROD_10;9;4
ORD_475;PROD_6;8;3
ORD_475;PROD_35;7;1
ORD_475;PROD_20;1;1
ORD_475;PROD_11;4;5
ORD_475;PROD_23;6;2
ORD_475;PROD_9;3;4
ORD_476;PROD_13;2;1
ORD_476;PROD_40;2;1
ORD_476;PROD_47;1;5
ORD_476;PROD_18;5;1
ORD_476;PROD_16;4;4
ORD_476;PROD_23;9;4
ORD_476;PROD_19;1;4
ORD_477;PROD_19;3;5
ORD_477;PROD_5;5;4
ORD_477;PROD_35;4;2
ORD_477;PROD_48;7;5
ORD_477;PROD_6;9;2
ORD_477;PROD_32;9;4
ORD_477;PROD_15;4;4
ORD_477;PROD_22;3;2
ORD_477;PROD_40;3;4
ORD_477;PROD_31;1;4
ORD_477;PROD_21;7;1
ORD_477;PROD_45;8;5
ORD_477;PROD_15;5;4
ORD_477;PROD_26;2;3
ORD_478;PROD_11;1;3
ORD_478;PROD_25;8;2
ORD_478;PROD_29;2;4
ORD_478;PROD_13;9;2
ORD_478;PROD_32;1;2
ORD_478;PROD_43;4;5
ORD_478;PROD_29;9;2
ORD_478;PROD_23;8;1
ORD_478;PROD_48;4;2
ORD_478;PROD_43;8;2
ORD_479;PROD_39;6;5
ORD_479;PROD_37;2;1
ORD_479;PROD_38;5;2
ORD_479;PROD_23;6;5
ORD_479;PROD_24;3;3
ORD_479;PROD_5;7;5
ORD_479;PROD_2;1;2
ORD_479;PROD_33;3;1
ORD_479;PROD_42;8;4
ORD_479;PROD_8;3;1
ORD_479;PROD_24;7;5
ORD_479;PROD_11;9;1
ORD_479;PROD_21;3;1
ORD_480;PROD_29;5;4
ORD_480;PROD_18;2;2
ORD_480;PROD_40;3;1
ORD_480;PROD_45;1;2
ORD_480;PROD_16;7;2
ORD_480;PROD_9;3;2
ORD_481;PROD_14;2;2
ORD_481;PROD_39;5;4
ORD_481;PROD_32;1;1
ORD_481;PROD_45;7;1
ORD_481;PROD_27;8;3
ORD_481;PROD_4;6;5
ORD_481;PROD_44;6;4
ORD_481;PROD_13;8;4
ORD_482;PROD_33;6;5
ORD_482;PROD_38;3;1
ORD_482;PROD_28;9;2
ORD_482;PROD_36;2;3
ORD_482;PROD_22;3;3
ORD_483;PROD_17;4;5
ORD_483;PROD_13;4;5
ORD_483;PROD_40;4;3
ORD_483;PROD_26;1;1
ORD_483;PROD_30;6;3
ORD_483;PROD_29;9;1
ORD_484;PROD_13;6;5
ORD_484;PROD_40;7;4
ORD_484;PROD_47;9;4
ORD_484;PROD_18;9;1
ORD_484;PROD_16;7;2
ORD_484;PROD_20;3;4
ORD_484;PROD_25;4;2
ORD_484;PROD_13;5;4
ORD_484;PROD_4;6;5
ORD_484;PROD_34;4;4
ORD_484;PROD_43;6;3
ORD_484;PROD_7;1;1
ORD_484;PROD_44;5;2
ORD_484;PROD_42;6;2
ORD_485;PROD_20;2;4
ORD_485;PROD_18;6;4
ORD_485;PROD_11;3;4
ORD_485;PROD_25;6;1
ORD_485;PROD_29;6;2
ORD_485;PROD_13;6;2
ORD_485;PROD_25;6;4
ORD_486;PROD_24;4;4
ORD_486;PROD_5;1;1
ORD_486;PROD_2;8;5
ORD_486;PROD_33;5;4
ORD_486;PROD_24;2;1
ORD_486;PROD_5;9;3
ORD_486;PROD_2;3;5
ORD_486;PROD_33;1;2
ORD_486;PROD_5;6;5
ORD_486;PROD_37;1;4
ORD_486;PROD_21;9;3
ORD_486;PROD_3;1;4
ORD_486;PROD_34;3;2
ORD_486;PROD_46;5;1
ORD_486;PROD_38;3;2
ORD_487;PROD_3;9;4
ORD_487;PROD_23;9;1
ORD_487;PROD_1;7;2
ORD_487;PROD_17;2;4
ORD_487;PROD_17;1;4
ORD_487;PROD_8;1;5
ORD_487;PROD_50;5;5
ORD_487;PROD_23;1;3
ORD_487;PROD_27;9;2
ORD_487;PROD_34;3;4
ORD_488;PROD_25;2;4
ORD_488;PROD_21;7;3
ORD_488;PROD_14;8;1
ORD_488;PROD_42;6;5
ORD_488;PROD_20;4;3
ORD_488;PROD_25;7;2
ORD_488;PROD_13;7;3
ORD_488;PROD_24;9;4
ORD_488;PROD_5;9;5
ORD_488;PROD_2;6;1
ORD_489;PROD_15;2;4
ORD_489;PROD_15;1;1
ORD_489;PROD_47;9;1
ORD_489;PROD_27;8;1
ORD_489;PROD_13;2;2
ORD_490;PROD_20;6;3
ORD_490;PROD_25;7;1
ORD_490;PROD_13;3;3
ORD_490;PROD_31;8;5
ORD_490;PROD_20;1;3
ORD_491;PROD_2;6;3
ORD_491;PROD_28;2;1
ORD_491;PROD_6;1;1
ORD_491;PROD_45;7;1
ORD_491;PROD_43;9;4
ORD_491;PROD_23;6;5
ORD_491;PROD_19;4;1
ORD_491;PROD_38;7;4
ORD_491;PROD_9;2;5
ORD_491;PROD_17;2;3
ORD_491;PROD_21;4;2
ORD_491;PROD_3;1;4
ORD_491;PROD_3;1;5
ORD_491;PROD_14;5;4
ORD_492;PROD_17;5;1
ORD_492;PROD_39;9;4
ORD_492;PROD_20;5;5
ORD_492;PROD_11;1;1
ORD_492;PROD_7;1;5
ORD_493;PROD_9;4;2
ORD_493;PROD_32;5;4
ORD_493;PROD_15;1;3
ORD_493;PROD_26;8;1
ORD_493;PROD_30;6;4
ORD_494;PROD_37;1;2
ORD_494;PROD_8;6;1
ORD_494;PROD_17;2;4
ORD_494;PROD_34;1;5
ORD_494;PROD_41;1;3
ORD_494;PROD_29;8;3
ORD_494;PROD_17;9;3
ORD_494;PROD_39;1;4
ORD_494;PROD_5;3;3
ORD_494;PROD_10;6;1
ORD_494;PROD_20;1;5
ORD_494;PROD_17;1;4
ORD_495;PROD_23;1;5
ORD_495;PROD_19;8;3
ORD_495;PROD_38;8;3
ORD_495;PROD_29;8;5
ORD_495;PROD_36;4;3
ORD_495;PROD_8;9;3
ORD_495;PROD_14;1;4
ORD_495;PROD_39;5;3
ORD_495;PROD_45;5;1
ORD_496;PROD_24;7;1
ORD_496;PROD_41;4;2
ORD_496;PROD_49;9;1
ORD_496;PROD_6;6;5
ORD_496;PROD_18;8;5
ORD_496;PROD_20;5;5
ORD_496;PROD_50;6;3
ORD_496;PROD_12;9;2
ORD_497;PROD_9;5;5
ORD_497;PROD_23;7;1
ORD_497;PROD_27;2;3
ORD_497;PROD_15;8;4
ORD_497;PROD_48;2;3
ORD_497;PROD_47;1;5
ORD_497;PROD_16;3;1
ORD_497;PROD_49;7;2
ORD_497;PROD_4;9;3
ORD_497;PROD_37;8;2
ORD_497;PROD_4;2;5
ORD_498;PROD_7;9;2
ORD_498;PROD_26;1;5
ORD_498;PROD_40;4;1
ORD_498;PROD_50;3;5
ORD_498;PROD_26;9;4
ORD_498;PROD_34;8;4
ORD_498;PROD_6;7;3
ORD_498;PROD_12;1;5
ORD_498;PROD_8;2;5
ORD_498;PROD_48;7;4
ORD_498;PROD_44;3;4
ORD_498;PROD_4;5;5
ORD_498;PROD_14;9;1
ORD_499;PROD_47;3;4
ORD_499;PROD_33;5;3
ORD_499;PROD_38;6;3
ORD_499;PROD_13;4;2
ORD_499;PROD_40;5;3
ORD_499;PROD_47;9;5
ORD_499;PROD_18;8;2
ORD_499;PROD_16;5;5
ORD_499;PROD_27;2;3
ORD_500;PROD_38;5;4
ORD_500;PROD_4;2;4
ORD_500;PROD_37;8;4
ORD_500;PROD_11;9;3
ORD_500;PROD_20;9;2
ORD_500;PROD_2;1;2
ORD_500;PROD_28;7;2
ORD_500;PROD_37;3;3
ORD_500;PROD_31;8;5
ORD_500;PROD_45;1;5
ORD_500;PROD_25;9;3
ORD_501;PROD_36;9;2
ORD_501;PROD_21;9;1
ORD_501;PROD_15;9;3
ORD_501;PROD_39;5;3
ORD_501;PROD_37;3;1
ORD_501;PROD_8;1;3
ORD_501;PROD_17;8;5
ORD_501;PROD_34;8;4
ORD_501;PROD_50;6;2
ORD_501;PROD_48;8;4
ORD_501;PROD_33;7;1
ORD_501;PROD_48;4;2
ORD_501;PROD_15;8;4
ORD_501;PROD_31;7;4
ORD_502;PROD_5;9;3
ORD_502;PROD_2;5;4
ORD_502;PROD_22;3;3
ORD_502;PROD_24;2;4
ORD_502;PROD_6;5;2
ORD_502;PROD_22;7;3
ORD_502;PROD_18;3;1
ORD_502;PROD_32;8;5
ORD_502;PROD_50;8;1
ORD_503;PROD_25;7;4
ORD_503;PROD_21;8;2
ORD_503;PROD_14;5;3
ORD_503;PROD_42;1;1
ORD_503;PROD_24;4;3
ORD_503;PROD_5;9;5
ORD_503;PROD_2;9;4
ORD_503;PROD_33;2;4
ORD_503;PROD_19;6;2
ORD_503;PROD_17;5;4
ORD_503;PROD_12;1;2
ORD_503;PROD_2;5;4
ORD_503;PROD_34;6;4
ORD_503;PROD_4;5;2
ORD_503;PROD_40;5;2
ORD_504;PROD_13;4;2
ORD_504;PROD_40;7;1
ORD_504;PROD_47;2;3
ORD_504;PROD_18;9;2
ORD_504;PROD_16;9;3
ORD_504;PROD_7;7;4
ORD_504;PROD_27;6;1
ORD_504;PROD_49;2;4
ORD_504;PROD_44;1;4
ORD_504;PROD_2;1;1
ORD_505;PROD_28;7;1
ORD_505;PROD_48;6;2
ORD_505;PROD_1;7;2
ORD_505;PROD_3;4;3
ORD_505;PROD_43;8;4
ORD_505;PROD_23;6;4
ORD_505;PROD_29;6;5
ORD_505;PROD_20;1;5
ORD_505;PROD_48;4;2
ORD_506;PROD_23;7;1
ORD_506;PROD_19;4;3
ORD_506;PROD_38;9;5
ORD_506;PROD_49;5;5
ORD_506;PROD_38;9;3
ORD_506;PROD_27;7;4
ORD_506;PROD_45;7;5
ORD_506;PROD_33;3;2
ORD_506;PROD_25;3;2
ORD_506;PROD_44;2;1
ORD_506;PROD_39;8;4
ORD_507;PROD_49;9;3
ORD_507;PROD_7;4;2
ORD_507;PROD_47;9;2
ORD_507;PROD_9;9;1
ORD_507;PROD_33;2;3
ORD_508;PROD_7;7;3
ORD_508;PROD_27;6;1
ORD_508;PROD_49;7;5
ORD_508;PROD_25;8;5
ORD_508;PROD_21;5;2
ORD_508;PROD_14;4;3
ORD_508;PROD_42;7;1
ORD_508;PROD_39;1;2
ORD_508;PROD_37;6;3
ORD_508;PROD_38;3;5
ORD_508;PROD_23;2;4
ORD_508;PROD_15;2;5
ORD_508;PROD_44;5;2
ORD_509;PROD_7;8;1
ORD_509;PROD_27;5;2
ORD_509;PROD_49;3;1
ORD_509;PROD_20;8;5
ORD_509;PROD_25;5;5
ORD_509;PROD_13;6;5
ORD_509;PROD_32;6;5
ORD_509;PROD_43;3;3
ORD_509;PROD_39;1;3
ORD_509;PROD_10;6;1
ORD_510;PROD_38;1;4
ORD_510;PROD_39;8;4
ORD_510;PROD_3;7;1
ORD_510;PROD_4;8;1
ORD_510;PROD_8;9;2
ORD_510;PROD_29;5;1
ORD_510;PROD_31;7;5
ORD_510;PROD_32;5;5
ORD_510;PROD_10;3;3
ORD_510;PROD_13;4;4
ORD_510;PROD_19;2;3
ORD_510;PROD_26;4;4
ORD_510;PROD_35;1;2
ORD_510;PROD_35;6;1
ORD_510;PROD_41;3;2
ORD_511;PROD_39;9;3
ORD_511;PROD_37;2;5
ORD_511;PROD_38;7;4
ORD_511;PROD_23;8;4
ORD_511;PROD_2;2;5
ORD_512;PROD_20;4;5
ORD_512;PROD_25;4;3
ORD_512;PROD_13;9;5
ORD_512;PROD_49;7;5
ORD_512;PROD_15;4;2
ORD_512;PROD_29;5;5
ORD_512;PROD_2;2;4
ORD_512;PROD_14;6;1
ORD_512;PROD_16;8;1
ORD_512;PROD_30;4;2
ORD_512;PROD_19;5;2
ORD_513;PROD_47;5;1
ORD_513;PROD_4;4;3
ORD_513;PROD_19;8;1
ORD_513;PROD_27;6;1
ORD_513;PROD_30;6;5
ORD_513;PROD_10;9;2
ORD_513;PROD_2;4;5
ORD_513;PROD_14;8;4
ORD_514;PROD_37;5;4
ORD_514;PROD_8;3;2
ORD_514;PROD_17;7;1
ORD_514;PROD_34;7;2
ORD_514;PROD_6;7;5
ORD_514;PROD_45;6;2
ORD_514;PROD_43;1;4
ORD_514;PROD_3;4;1
ORD_515;PROD_17;3;3
ORD_515;PROD_12;1;4
ORD_515;PROD_16;7;3
ORD_515;PROD_38;7;2
ORD_515;PROD_43;8;3
ORD_515;PROD_49;3;3
ORD_515;PROD_18;3;4
ORD_515;PROD_17;2;1
ORD_515;PROD_35;1;4
ORD_516;PROD_13;4;5
ORD_516;PROD_48;1;1
ORD_516;PROD_43;2;5
ORD_516;PROD_23;2;5
ORD_516;PROD_27;9;4
ORD_517;PROD_47;1;3
ORD_517;PROD_33;1;5
ORD_517;PROD_38;1;4
ORD_517;PROD_25;7;1
ORD_517;PROD_21;2;4
ORD_517;PROD_14;9;5
ORD_517;PROD_42;1;2
ORD_517;PROD_49;8;2
ORD_517;PROD_38;3;2
ORD_517;PROD_27;6;5
ORD_517;PROD_45;7;1
ORD_517;PROD_33;5;4
ORD_517;PROD_4;7;4
ORD_518;PROD_47;7;4
ORD_518;PROD_33;9;1
ORD_518;PROD_38;5;1
ORD_518;PROD_19;8;1
ORD_518;PROD_4;5;2
ORD_518;PROD_11;6;3
ORD_518;PROD_27;1;2
ORD_518;PROD_48;3;2
ORD_518;PROD_39;3;2
ORD_518;PROD_12;9;5
ORD_518;PROD_35;4;2
ORD_519;PROD_30;7;1
ORD_519;PROD_28;5;3
ORD_519;PROD_44;4;5
ORD_519;PROD_20;1;1
ORD_519;PROD_43;1;3
ORD_519;PROD_9;5;5
ORD_519;PROD_30;6;4
ORD_519;PROD_29;1;2
ORD_519;PROD_40;3;4
ORD_520;PROD_33;2;1
ORD_520;PROD_44;5;4
ORD_520;PROD_21;8;2
ORD_520;PROD_27;7;3
ORD_520;PROD_28;7;4
ORD_520;PROD_12;8;1
ORD_520;PROD_43;2;2
ORD_520;PROD_31;5;5
ORD_520;PROD_9;3;3
ORD_520;PROD_33;4;3
ORD_521;PROD_47;3;2
ORD_521;PROD_44;5;5
ORD_521;PROD_6;1;5
ORD_521;PROD_15;3;3
ORD_521;PROD_4;9;4
ORD_521;PROD_20;9;5
ORD_521;PROD_26;1;5
ORD_521;PROD_36;9;2
ORD_521;PROD_44;5;5
ORD_521;PROD_12;2;4
ORD_521;PROD_12;5;2
ORD_521;PROD_6;8;1
ORD_521;PROD_39;9;3
ORD_521;PROD_38;1;5
ORD_522;PROD_47;8;2
ORD_522;PROD_33;2;2
ORD_522;PROD_38;4;3
ORD_522;PROD_20;2;3
ORD_522;PROD_25;8;4
ORD_522;PROD_13;5;1
ORD_523;PROD_47;9;4
ORD_523;PROD_10;4;2
ORD_523;PROD_50;7;3
ORD_523;PROD_11;3;4
ORD_523;PROD_41;2;3
ORD_523;PROD_49;1;3
ORD_523;PROD_25;3;1
ORD_523;PROD_34;5;2
ORD_523;PROD_14;7;4
ORD_523;PROD_41;8;2
ORD_523;PROD_2;2;4
ORD_523;PROD_47;1;2
ORD_524;PROD_7;4;4
ORD_524;PROD_27;6;3
ORD_524;PROD_6;2;3
ORD_524;PROD_48;9;1
ORD_524;PROD_34;5;4
ORD_524;PROD_30;4;2
ORD_524;PROD_9;1;5
ORD_524;PROD_33;6;2
ORD_524;PROD_48;1;3
ORD_524;PROD_19;1;1
ORD_525;PROD_25;7;3
ORD_525;PROD_21;1;5
ORD_525;PROD_14;9;5
ORD_525;PROD_42;2;4
ORD_525;PROD_8;1;3
ORD_525;PROD_21;5;2
ORD_525;PROD_39;1;3
ORD_525;PROD_21;2;3
ORD_525;PROD_5;9;5
ORD_525;PROD_49;6;2
ORD_525;PROD_28;7;1
ORD_525;PROD_32;9;4
ORD_525;PROD_17;9;3
ORD_526;PROD_38;9;4
ORD_526;PROD_4;7;3
ORD_526;PROD_37;2;1
ORD_526;PROD_11;9;5
ORD_526;PROD_20;3;1
ORD_526;PROD_19;2;1
ORD_526;PROD_34;7;5
ORD_526;PROD_43;8;2
ORD_526;PROD_11;7;3
ORD_526;PROD_25;8;1
ORD_527;PROD_32;1;2
ORD_527;PROD_8;4;5
ORD_527;PROD_42;1;2
ORD_527;PROD_13;8;1
ORD_527;PROD_4;4;5
ORD_527;PROD_43;1;1
ORD_528;PROD_13;5;5
ORD_528;PROD_40;3;3
ORD_528;PROD_47;6;2
ORD_528;PROD_18;9;1
ORD_528;PROD_16;3;2
ORD_529;PROD_7;6;1
ORD_529;PROD_27;5;3
ORD_529;PROD_49;7;4
ORD_529;PROD_49;3;2
ORD_529;PROD_38;3;5
ORD_529;PROD_27;5;2
ORD_529;PROD_45;7;3
ORD_529;PROD_33;6;4
ORD_529;PROD_2;9;1
ORD_530;PROD_35;1;5
ORD_530;PROD_10;8;5
ORD_530;PROD_27;6;2
ORD_530;PROD_39;2;1
ORD_530;PROD_47;1;5
ORD_530;PROD_22;7;5
ORD_530;PROD_47;3;2
ORD_530;PROD_33;7;5
ORD_530;PROD_14;7;2
ORD_530;PROD_25;6;5
ORD_530;PROD_37;8;5
ORD_530;PROD_8;9;1
ORD_530;PROD_42;5;1
ORD_530;PROD_35;7;5
ORD_530;PROD_6;2;5
ORD_531;PROD_13;7;2
ORD_531;PROD_44;4;5
ORD_531;PROD_43;7;4
ORD_531;PROD_45;4;4
ORD_531;PROD_13;8;1
ORD_531;PROD_40;4;2
ORD_532;PROD_50;5;4
ORD_532;PROD_8;8;2
ORD_532;PROD_17;4;5
ORD_532;PROD_49;2;2
ORD_532;PROD_45;9;5
ORD_532;PROD_5;3;4
ORD_532;PROD_5;2;4
ORD_532;PROD_2;8;3
ORD_532;PROD_10;8;3
ORD_533;PROD_36;8;3
ORD_533;PROD_34;3;1
ORD_533;PROD_47;1;4
ORD_533;PROD_11;6;2
ORD_533;PROD_49;2;3
ORD_533;PROD_32;5;3
ORD_533;PROD_47;1;4
ORD_533;PROD_22;2;1
ORD_534;PROD_10;1;5
ORD_534;PROD_15;5;3
ORD_534;PROD_7;7;1
ORD_534;PROD_27;1;4
ORD_534;PROD_49;4;4
ORD_534;PROD_1;2;1
ORD_534;PROD_17;2;5
ORD_534;PROD_10;3;2
ORD_535;PROD_38;2;2
ORD_535;PROD_6;9;5
ORD_535;PROD_16;3;3
ORD_535;PROD_28;7;5
ORD_535;PROD_1;3;5
ORD_535;PROD_40;2;3
ORD_535;PROD_39;8;4
ORD_535;PROD_14;9;4
ORD_535;PROD_50;8;2
ORD_535;PROD_5;2;5
ORD_535;PROD_50;8;5
ORD_535;PROD_48;3;5
ORD_535;PROD_15;7;2
ORD_535;PROD_28;6;1
ORD_535;PROD_29;4;2
ORD_536;PROD_1;2;4
ORD_536;PROD_22;4;3
ORD_536;PROD_41;2;2
ORD_536;PROD_21;2;4
ORD_536;PROD_30;4;4
ORD_536;PROD_5;2;1
ORD_536;PROD_32;7;1
ORD_536;PROD_16;7;1
ORD_536;PROD_5;8;2
ORD_537;PROD_24;3;2
ORD_537;PROD_47;7;2
ORD_537;PROD_35;8;1
ORD_537;PROD_42;9;3
ORD_537;PROD_43;3;1
ORD_537;PROD_24;1;1
ORD_537;PROD_46;8;5
ORD_537;PROD_39;1;5
ORD_537;PROD_41;6;1
ORD_537;PROD_48;6;5
ORD_537;PROD_36;4;3
ORD_537;PROD_29;6;2
ORD_537;PROD_32;3;5
ORD_537;PROD_11;7;5
ORD_537;PROD_20;8;5
ORD_538;PROD_20;9;4
ORD_538;PROD_18;2;5
ORD_538;PROD_40;4;2
ORD_538;PROD_9;7;5
ORD_538;PROD_25;7;1
ORD_539;PROD_42;9;2
ORD_539;PROD_50;8;1
ORD_539;PROD_27;8;2
ORD_539;PROD_41;5;5
ORD_539;PROD_39;3;2
ORD_539;PROD_21;9;1
ORD_539;PROD_18;3;4
ORD_539;PROD_42;4;5
ORD_540;PROD_39;2;4
ORD_540;PROD_37;7;3
ORD_540;PROD_38;4;4
ORD_540;PROD_23;8;2
ORD_540;PROD_2;2;3
ORD_540;PROD_28;9;3
ORD_540;PROD_1;6;4
ORD_540;PROD_4;8;3
ORD_540;PROD_19;7;2
ORD_540;PROD_7;6;5
ORD_540;PROD_22;3;1
ORD_541;PROD_5;6;4
ORD_541;PROD_21;4;3
ORD_541;PROD_25;1;5
ORD_541;PROD_36;8;3
ORD_541;PROD_26;4;1
ORD_541;PROD_12;3;3
ORD_541;PROD_17;2;4
ORD_541;PROD_47;5;5
ORD_541;PROD_10;4;5
ORD_541;PROD_24;7;3
ORD_541;PROD_23;2;3
ORD_541;PROD_21;1;4
ORD_542;PROD_39;5;5
ORD_542;PROD_37;2;3
ORD_542;PROD_38;6;4
ORD_542;PROD_23;7;1
ORD_542;PROD_20;3;4
ORD_542;PROD_18;6;5
ORD_542;PROD_26;7;4
ORD_542;PROD_17;7;3
ORD_542;PROD_11;4;4
ORD_542;PROD_31;5;3
ORD_542;PROD_24;7;3
ORD_542;PROD_33;8;2
ORD_542;PROD_48;6;2
ORD_542;PROD_3;1;5
ORD_542;PROD_13;7;2
ORD_543;PROD_27;3;2
ORD_543;PROD_29;2;2
ORD_543;PROD_41;6;3
ORD_543;PROD_48;4;4
ORD_543;PROD_41;4;5
ORD_543;PROD_50;8;3
ORD_543;PROD_41;8;2
ORD_543;PROD_7;3;3
ORD_543;PROD_19;7;4
ORD_543;PROD_13;9;5
ORD_543;PROD_30;5;2
ORD_543;PROD_5;6;1
ORD_544;PROD_10;8;4
ORD_544;PROD_15;9;1
ORD_544;PROD_48;7;3
ORD_544;PROD_33;2;3
ORD_544;PROD_6;1;2
ORD_544;PROD_46;7;1
ORD_544;PROD_14;2;2
ORD_544;PROD_14;8;1
ORD_544;PROD_40;8;4
ORD_544;PROD_36;2;4
ORD_544;PROD_8;6;3
ORD_544;PROD_47;5;4
ORD_544;PROD_12;2;5
ORD_544;PROD_1;4;5
ORD_544;PROD_3;8;3
ORD_545;PROD_32;8;2
ORD_545;PROD_30;5;4
ORD_545;PROD_22;6;2
ORD_545;PROD_5;6;4
ORD_545;PROD_3;6;3
ORD_545;PROD_45;2;1
ORD_545;PROD_33;2;2
ORD_545;PROD_49;6;1
ORD_545;PROD_47;8;5
ORD_545;PROD_45;2;4
ORD_545;PROD_49;8;1
ORD_545;PROD_38;6;1
ORD_545;PROD_6;2;1
ORD_546;PROD_6;4;1
ORD_546;PROD_45;9;1
ORD_546;PROD_43;8;2
ORD_546;PROD_24;7;4
ORD_546;PROD_5;2;3
ORD_546;PROD_2;3;1
ORD_546;PROD_33;6;1
ORD_546;PROD_24;9;5
ORD_546;PROD_5;4;4
ORD_546;PROD_2;3;3
ORD_546;PROD_33;9;3
ORD_547;PROD_24;8;3
ORD_547;PROD_48;4;1
ORD_547;PROD_4;1;3
ORD_547;PROD_8;7;5
ORD_547;PROD_37;9;2
ORD_547;PROD_30;7;3
ORD_547;PROD_10;1;5
ORD_547;PROD_2;7;1
ORD_547;PROD_3;4;2
ORD_547;PROD_36;8;5
ORD_547;PROD_48;3;1
ORD_547;PROD_11;4;5
ORD_547;PROD_2;5;4
ORD_547;PROD_28;7;2
ORD_547;PROD_43;1;3
ORD_548;PROD_48;1;3
ORD_548;PROD_21;7;3
ORD_548;PROD_45;1;3
ORD_548;PROD_10;3;4
ORD_548;PROD_10;9;4
ORD_548;PROD_13;9;4
ORD_548;PROD_28;3;1
ORD_548;PROD_9;3;3
ORD_548;PROD_6;5;4
ORD_548;PROD_5;8;3
ORD_548;PROD_29;5;4
ORD_548;PROD_45;3;4
ORD_548;PROD_2;1;1
ORD_548;PROD_49;9;5
ORD_549;PROD_15;3;2
ORD_549;PROD_34;4;4
ORD_549;PROD_44;3;4
ORD_549;PROD_45;1;2
ORD_549;PROD_9;7;2
ORD_549;PROD_5;7;3
ORD_549;PROD_48;3;4
ORD_549;PROD_43;1;4
ORD_549;PROD_36;2;4
ORD_549;PROD_17;3;5
ORD_549;PROD_21;9;2
ORD_549;PROD_2;6;3
ORD_549;PROD_30;3;1
ORD_550;PROD_24;8;1
ORD_550;PROD_5;3;2
ORD_550;PROD_2;7;2
ORD_550;PROD_33;8;4
ORD_550;PROD_2;8;5
ORD_550;PROD_19;3;5
ORD_550;PROD_47;5;1
ORD_550;PROD_36;3;2
ORD_550;PROD_19;8;3
ORD_550;PROD_29;3;3
ORD_550;PROD_18;5;1
ORD_550;PROD_44;2;4
ORD_550;PROD_50;6;1
ORD_550;PROD_9;7;1
ORD_550;PROD_17;7;2
ORD_551;PROD_11;5;3
ORD_551;PROD_25;9;1
ORD_551;PROD_29;6;1
ORD_551;PROD_13;8;2
ORD_551;PROD_25;1;1
ORD_552;PROD_11;9;3
ORD_552;PROD_25;3;3
ORD_552;PROD_29;2;1
ORD_552;PROD_13;9;2
ORD_552;PROD_47;8;5
ORD_552;PROD_33;9;3
ORD_552;PROD_38;9;5
ORD_552;PROD_24;8;3
ORD_552;PROD_37;2;2
ORD_552;PROD_30;1;2
ORD_553;PROD_11;9;1
ORD_553;PROD_25;5;2
ORD_553;PROD_29;7;5
ORD_553;PROD_13;5;4
ORD_553;PROD_46;6;3
ORD_553;PROD_35;9;1
ORD_553;PROD_18;3;3
ORD_554;PROD_40;9;3
ORD_554;PROD_9;3;5
ORD_554;PROD_25;7;1
ORD_554;PROD_46;9;3
ORD_554;PROD_23;1;1
ORD_554;PROD_24;8;3
ORD_554;PROD_5;4;3
ORD_554;PROD_2;8;3
ORD_554;PROD_33;4;1
ORD_554;PROD_49;6;5
ORD_554;PROD_38;7;1
ORD_554;PROD_27;7;2
ORD_554;PROD_45;4;5
ORD_555;PROD_6;3;4
ORD_555;PROD_45;5;2
ORD_555;PROD_43;3;5
ORD_555;PROD_18;1;4
ORD_555;PROD_6;5;1
ORD_555;PROD_34;6;5
ORD_555;PROD_11;7;2
ORD_555;PROD_23;6;3
ORD_556;PROD_20;3;4
ORD_556;PROD_25;5;2
ORD_556;PROD_13;6;5
ORD_556;PROD_37;6;5
ORD_556;PROD_8;2;4
ORD_556;PROD_17;5;3
ORD_556;PROD_34;3;4
ORD_556;PROD_20;5;4
ORD_556;PROD_18;5;1
ORD_557;PROD_32;6;3
ORD_557;PROD_43;2;1
ORD_557;PROD_36;9;1
ORD_557;PROD_30;3;2
ORD_557;PROD_7;6;1
ORD_557;PROD_37;7;3
ORD_558;PROD_3;1;1
ORD_558;PROD_45;4;1
ORD_558;PROD_47;2;5
ORD_558;PROD_19;3;5
ORD_558;PROD_11;5;2
ORD_559;PROD_10;3;3
ORD_559;PROD_15;5;4
ORD_559;PROD_49;1;3
ORD_559;PROD_38;1;1
ORD_559;PROD_27;1;4
ORD_559;PROD_45;8;5
ORD_559;PROD_33;7;5
ORD_559;PROD_49;5;3
ORD_559;PROD_38;4;4
ORD_559;PROD_27;6;1
ORD_559;PROD_45;9;2
ORD_559;PROD_33;5;5
ORD_559;PROD_45;1;4
ORD_560;PROD_13;3;3
ORD_560;PROD_40;7;1
ORD_560;PROD_47;2;2
ORD_560;PROD_18;7;1
ORD_560;PROD_16;9;5
ORD_560;PROD_17;9;1
ORD_560;PROD_21;5;3
ORD_560;PROD_20;4;3
ORD_560;PROD_16;9;4
ORD_560;PROD_43;3;4
ORD_560;PROD_48;5;2
ORD_560;PROD_6;2;5
ORD_560;PROD_22;9;5
ORD_560;PROD_44;7;4
ORD_561;PROD_25;3;1
ORD_561;PROD_23;1;3
ORD_561;PROD_16;4;3
ORD_561;PROD_44;8;2
ORD_561;PROD_32;3;1
ORD_561;PROD_15;6;3
ORD_562;PROD_47;3;3
ORD_562;PROD_33;2;4
ORD_562;PROD_38;4;4
ORD_562;PROD_6;2;3
ORD_562;PROD_45;1;4
ORD_563;PROD_38;6;3
ORD_563;PROD_4;7;4
ORD_563;PROD_37;1;1
ORD_563;PROD_11;2;3
ORD_563;PROD_20;2;2
ORD_563;PROD_20;9;1
ORD_563;PROD_18;9;5
ORD_563;PROD_10;9;3
ORD_564;PROD_50;5;3
ORD_564;PROD_10;6;3
ORD_564;PROD_24;2;2
ORD_564;PROD_11;6;4
ORD_564;PROD_44;7;5
ORD_564;PROD_39;3;4
ORD_564;PROD_17;4;3
ORD_564;PROD_32;3;5
ORD_564;PROD_25;5;3
ORD_564;PROD_21;5;1
ORD_564;PROD_18;8;2
ORD_564;PROD_36;2;4
ORD_564;PROD_10;7;1
ORD_564;PROD_31;6;3
ORD_564;PROD_34;1;4
ORD_565;PROD_26;1;1
ORD_565;PROD_20;8;4
ORD_565;PROD_31;2;1
ORD_565;PROD_20;3;4
ORD_565;PROD_26;2;5
ORD_565;PROD_50;8;2
ORD_565;PROD_35;3;1
ORD_565;PROD_23;9;1
ORD_566;PROD_28;1;5
ORD_566;PROD_14;1;4
ORD_566;PROD_4;7;5
ORD_566;PROD_42;7;1
ORD_566;PROD_39;2;3
ORD_566;PROD_6;1;1
ORD_566;PROD_33;5;2
ORD_566;PROD_5;2;5
ORD_566;PROD_9;4;4
ORD_566;PROD_40;9;1
ORD_566;PROD_36;8;4
ORD_566;PROD_21;7;3
ORD_567;PROD_23;9;2
ORD_567;PROD_39;3;1
ORD_567;PROD_16;1;5
ORD_567;PROD_20;5;2
ORD_567;PROD_24;8;4
ORD_567;PROD_39;2;4
ORD_567;PROD_28;9;5
ORD_567;PROD_16;8;5
ORD_567;PROD_1;6;1
ORD_567;PROD_29;1;5
ORD_567;PROD_12;3;3
ORD_567;PROD_33;8;4
ORD_567;PROD_11;2;4
ORD_567;PROD_3;8;5
ORD_567;PROD_7;7;2
ORD_568;PROD_19;4;5
ORD_568;PROD_7;8;2
ORD_568;PROD_24;5;1
ORD_568;PROD_25;2;4
ORD_568;PROD_18;1;2
ORD_569;PROD_20;7;4
ORD_569;PROD_25;5;2
ORD_569;PROD_13;5;1
ORD_569;PROD_26;5;1
ORD_569;PROD_17;7;5
ORD_569;PROD_28;8;4
ORD_569;PROD_22;7;2
ORD_569;PROD_30;7;2
ORD_569;PROD_46;4;3
ORD_569;PROD_30;9;5
ORD_569;PROD_37;2;4
ORD_569;PROD_36;4;2
ORD_569;PROD_48;2;4
ORD_570;PROD_36;3;5
ORD_570;PROD_41;1;2
ORD_570;PROD_22;6;1
ORD_570;PROD_37;3;2
ORD_570;PROD_21;7;4
ORD_570;PROD_13;2;3
ORD_570;PROD_13;2;4
ORD_570;PROD_50;6;3
ORD_570;PROD_40;3;1
ORD_570;PROD_45;6;4
ORD_570;PROD_47;3;4
ORD_571;PROD_39;4;5
ORD_571;PROD_37;6;3
ORD_571;PROD_38;2;2
ORD_571;PROD_23;3;4
ORD_571;PROD_49;2;4
ORD_571;PROD_38;8;3
ORD_572;PROD_20;7;1
ORD_572;PROD_25;3;5
ORD_572;PROD_13;9;4
ORD_572;PROD_25;7;5
ORD_572;PROD_32;2;4
ORD_572;PROD_33;6;5
ORD_572;PROD_42;9;3
ORD_572;PROD_46;2;2
ORD_572;PROD_20;7;1
ORD_572;PROD_7;5;4
ORD_572;PROD_46;5;2
ORD_572;PROD_33;8;4
ORD_572;PROD_34;3;2
ORD_573;PROD_2;2;4
ORD_573;PROD_37;1;2
ORD_573;PROD_48;9;4
ORD_573;PROD_28;6;3
ORD_573;PROD_17;9;3
ORD_574;PROD_30;1;1
ORD_574;PROD_7;9;5
ORD_574;PROD_26;9;4
ORD_574;PROD_29;4;3
ORD_574;PROD_45;9;4
ORD_574;PROD_36;6;2
ORD_574;PROD_41;8;4
ORD_574;PROD_42;4;5
ORD_574;PROD_22;2;5
ORD_574;PROD_15;7;5
ORD_574;PROD_50;6;5
ORD_575;PROD_14;4;1
ORD_575;PROD_46;3;3
ORD_575;PROD_45;9;2
ORD_575;PROD_10;1;5
ORD_575;PROD_10;4;3
ORD_575;PROD_24;1;5
ORD_575;PROD_19;6;1
ORD_575;PROD_1;7;5
ORD_575;PROD_12;7;5
ORD_575;PROD_21;7;4
ORD_575;PROD_17;1;1
ORD_575;PROD_13;4;3
ORD_575;PROD_26;6;3
ORD_575;PROD_38;9;4
ORD_575;PROD_4;9;2
ORD_576;PROD_7;8;1
ORD_576;PROD_13;7;2
ORD_576;PROD_30;2;1
ORD_576;PROD_22;4;2
ORD_576;PROD_42;6;3
ORD_577;PROD_25;3;5
ORD_577;PROD_48;3;3
ORD_577;PROD_41;7;4
ORD_577;PROD_45;2;5
ORD_577;PROD_14;1;2
ORD_578;PROD_24;3;3
ORD_578;PROD_5;9;4
ORD_578;PROD_2;8;3
ORD_578;PROD_33;1;2
ORD_578;PROD_31;5;2
ORD_578;PROD_2;1;5
ORD_578;PROD_47;8;5
ORD_579;PROD_47;1;1
ORD_579;PROD_33;1;5
ORD_579;PROD_38;3;3
ORD_579;PROD_16;3;2
ORD_579;PROD_3;8;4
ORD_579;PROD_13;5;4
ORD_579;PROD_9;4;3
ORD_579;PROD_30;1;1
ORD_579;PROD_18;4;2
ORD_579;PROD_24;5;2
ORD_579;PROD_22;1;1
ORD_580;PROD_16;2;2
ORD_580;PROD_6;5;4
ORD_580;PROD_41;4;2
ORD_580;PROD_12;6;2
ORD_580;PROD_42;4;1
ORD_580;PROD_40;7;1
ORD_580;PROD_47;8;4
ORD_580;PROD_3;2;3
ORD_581;PROD_20;1;4
ORD_581;PROD_18;5;3
ORD_581;PROD_11;5;5
ORD_581;PROD_25;6;4
ORD_581;PROD_44;7;2
ORD_581;PROD_12;3;4
ORD_581;PROD_37;8;2
ORD_581;PROD_16;6;2
ORD_581;PROD_11;9;1
ORD_581;PROD_22;9;5
ORD_581;PROD_48;8;5
ORD_581;PROD_21;4;1
ORD_581;PROD_40;2;1
ORD_582;PROD_40;7;5
ORD_582;PROD_9;2;4
ORD_582;PROD_25;7;4
ORD_582;PROD_46;1;5
ORD_582;PROD_23;6;4
ORD_582;PROD_44;8;4
ORD_582;PROD_45;4;2
ORD_582;PROD_8;8;2
ORD_582;PROD_7;1;3
ORD_583;PROD_23;2;3
ORD_583;PROD_24;9;4
ORD_583;PROD_46;4;3
ORD_583;PROD_2;7;2
ORD_583;PROD_19;3;5
ORD_583;PROD_45;1;2
ORD_583;PROD_16;1;4
ORD_584;PROD_24;1;3
ORD_584;PROD_5;6;3
ORD_584;PROD_2;9;5
ORD_584;PROD_33;4;1
ORD_584;PROD_14;5;3
ORD_584;PROD_13;8;2
ORD_584;PROD_3;5;3
ORD_584;PROD_13;7;1
ORD_584;PROD_11;6;1
ORD_584;PROD_48;6;4
ORD_584;PROD_7;9;1
ORD_584;PROD_32;5;2
ORD_584;PROD_13;1;4
ORD_584;PROD_46;1;5
ORD_584;PROD_37;5;5
ORD_585;PROD_24;8;5
ORD_585;PROD_38;2;3
ORD_585;PROD_31;4;4
ORD_585;PROD_11;4;1
ORD_585;PROD_33;3;5
ORD_585;PROD_19;9;2
ORD_585;PROD_36;4;5
ORD_585;PROD_42;8;4
ORD_586;PROD_45;4;3
ORD_586;PROD_6;3;4
ORD_586;PROD_31;5;2
ORD_586;PROD_32;1;1
ORD_586;PROD_25;4;3
ORD_586;PROD_26;3;3
ORD_586;PROD_28;5;4
ORD_587;PROD_27;3;5
ORD_587;PROD_47;6;1
ORD_587;PROD_19;3;5
ORD_587;PROD_32;7;5
ORD_587;PROD_38;8;4
ORD_587;PROD_14;5;1
ORD_587;PROD_17;3;3
ORD_587;PROD_27;9;4
ORD_587;PROD_16;4;2
ORD_587;PROD_42;9;5
ORD_587;PROD_41;1;4
ORD_587;PROD_39;4;5
ORD_587;PROD_18;9;2
ORD_587;PROD_14;1;3
ORD_588;PROD_15;7;5
ORD_588;PROD_26;4;3
ORD_588;PROD_6;9;3
ORD_588;PROD_8;2;4
ORD_588;PROD_30;3;2
ORD_588;PROD_48;4;4
ORD_588;PROD_42;2;5
ORD_588;PROD_13;5;5
ORD_588;PROD_36;2;2
ORD_588;PROD_12;6;3
ORD_588;PROD_47;3;2
ORD_588;PROD_24;7;5
ORD_588;PROD_31;4;2
ORD_588;PROD_49;7;3
ORD_588;PROD_45;1;1
ORD_589;PROD_49;3;1
ORD_589;PROD_38;3;2
ORD_589;PROD_27;8;3
ORD_589;PROD_45;3;3
ORD_589;PROD_33;3;1
ORD_589;PROD_13;3;4
ORD_589;PROD_40;4;2
ORD_589;PROD_47;1;3
ORD_589;PROD_18;5;2
ORD_589;PROD_16;1;2
ORD_589;PROD_6;3;2
ORD_589;PROD_34;8;4
ORD_589;PROD_42;4;4
ORD_589;PROD_33;5;2
ORD_590;PROD_8;1;4
ORD_590;PROD_7;2;1
ORD_590;PROD_39;1;1
ORD_590;PROD_43;1;3
ORD_590;PROD_5;1;5
ORD_590;PROD_25;5;1
ORD_590;PROD_21;3;4
ORD_590;PROD_49;4;4
ORD_591;PROD_4;9;1
ORD_591;PROD_46;7;5
ORD_591;PROD_27;1;5
ORD_591;PROD_45;3;4
ORD_591;PROD_35;4;2
ORD_591;PROD_9;6;1
ORD_591;PROD_25;5;3
ORD_591;PROD_19;1;2
ORD_591;PROD_3;7;1
ORD_591;PROD_41;2;1
ORD_591;PROD_36;1;1
ORD_592;PROD_23;5;3
ORD_592;PROD_3;6;4
ORD_592;PROD_20;8;1
ORD_592;PROD_29;4;4
ORD_592;PROD_26;8;4
ORD_592;PROD_38;8;1
ORD_592;PROD_17;3;5
ORD_592;PROD_14;2;4
ORD_592;PROD_19;8;3
ORD_592;PROD_40;2;3
ORD_592;PROD_25;8;1
ORD_592;PROD_8;1;4
ORD_592;PROD_10;3;5
ORD_592;PROD_1;6;3
ORD_592;PROD_27;1;5
ORD_593;PROD_44;9;5
ORD_593;PROD_24;6;5
ORD_593;PROD_38;5;4
ORD_593;PROD_26;4;4
ORD_593;PROD_38;2;5
ORD_593;PROD_42;5;4
ORD_593;PROD_19;7;3
ORD_593;PROD_16;5;1
ORD_593;PROD_25;6;1
ORD_593;PROD_27;5;3
ORD_593;PROD_2;8;1
ORD_593;PROD_42;8;4
ORD_593;PROD_22;3;5
ORD_593;PROD_39;8;5
ORD_593;PROD_23;3;3
ORD_594;PROD_20;8;3
ORD_594;PROD_18;3;5
ORD_594;PROD_14;2;3
ORD_594;PROD_10;7;1
ORD_594;PROD_34;1;2
ORD_594;PROD_23;8;2
ORD_594;PROD_32;9;5
ORD_595;PROD_22;6;5
ORD_595;PROD_48;6;1
ORD_595;PROD_2;9;5
ORD_595;PROD_47;4;3
ORD_595;PROD_7;5;1
ORD_595;PROD_28;7;3
ORD_595;PROD_11;5;5
ORD_595;PROD_32;2;5
ORD_595;PROD_14;8;1
ORD_595;PROD_28;5;5
ORD_596;PROD_3;2;4
ORD_596;PROD_9;2;5
ORD_596;PROD_30;7;4
ORD_596;PROD_28;1;3
ORD_596;PROD_48;1;3
ORD_596;PROD_44;8;5
ORD_596;PROD_15;2;5
ORD_596;PROD_31;8;1
ORD_596;PROD_28;2;2
ORD_596;PROD_25;8;1
ORD_596;PROD_14;9;2
ORD_596;PROD_35;9;5
ORD_596;PROD_23;5;4
ORD_596;PROD_8;2;5
ORD_597;PROD_23;4;3
ORD_597;PROD_19;4;5
ORD_597;PROD_38;5;2
ORD_597;PROD_22;3;5
ORD_597;PROD_34;3;2
ORD_597;PROD_48;2;4
ORD_597;PROD_9;2;2
ORD_597;PROD_16;9;4
ORD_597;PROD_1;6;2
ORD_597;PROD_5;4;4
ORD_597;PROD_35;9;3
ORD_597;PROD_47;3;3
ORD_597;PROD_9;8;1
ORD_597;PROD_12;9;2
ORD_597;PROD_17;7;2
ORD_598;PROD_32;5;2
ORD_598;PROD_50;1;3
ORD_598;PROD_2;7;2
ORD_598;PROD_13;3;3
ORD_598;PROD_37;5;4
ORD_598;PROD_22;4;4
ORD_598;PROD_21;5;3
ORD_598;PROD_31;8;5
ORD_598;PROD_20;6;2
ORD_598;PROD_7;9;3
ORD_598;PROD_25;3;5
ORD_598;PROD_30;9;4
ORD_598;PROD_47;2;4
ORD_599;PROD_30;1;1
ORD_599;PROD_16;9;1
ORD_599;PROD_19;8;4
ORD_599;PROD_24;9;5
ORD_599;PROD_20;5;4
ORD_599;PROD_7;8;4
ORD_599;PROD_9;2;5
ORD_599;PROD_8;1;2
ORD_599;PROD_37;6;5
ORD_599;PROD_32;7;4
ORD_600;PROD_23;2;5
ORD_600;PROD_37;2;5
ORD_600;PROD_16;4;2
ORD_600;PROD_16;3;4
ORD_600;PROD_5;3;3
ORD_600;PROD_16;2;5
ORD_600;PROD_47;3;1
ORD_600;PROD_33;7;1
ORD_601;PROD_32;4;4
ORD_601;PROD_43;5;1
ORD_601;PROD_28;6;1
ORD_601;PROD_6;6;2
ORD_601;PROD_39;6;5
ORD_601;PROD_47;8;5
ORD_601;PROD_29;1;3
ORD_601;PROD_34;7;4
ORD_602;PROD_23;6;3
ORD_602;PROD_49;2;3
ORD_602;PROD_50;6;5
ORD_602;PROD_27;4;2
ORD_602;PROD_27;5;1
ORD_602;PROD_14;2;2
ORD_602;PROD_40;7;2
ORD_602;PROD_10;3;3
ORD_602;PROD_41;3;4
ORD_602;PROD_20;3;2
ORD_602;PROD_9;3;4
ORD_603;PROD_20;3;2
ORD_603;PROD_25;8;3
ORD_603;PROD_13;7;3
ORD_603;PROD_12;3;5
ORD_603;PROD_48;1;5
ORD_603;PROD_18;1;1
ORD_603;PROD_29;4;2
ORD_603;PROD_49;2;3
ORD_603;PROD_9;4;3
ORD_603;PROD_49;5;1
ORD_603;PROD_13;2;1
ORD_603;PROD_24;7;1
ORD_603;PROD_24;7;1
ORD_604;PROD_7;6;1
ORD_604;PROD_27;3;3
ORD_604;PROD_49;1;5
ORD_604;PROD_13;3;3
ORD_604;PROD_40;9;1
ORD_605;PROD_13;4;5
ORD_605;PROD_44;7;1
ORD_605;PROD_43;1;2
ORD_605;PROD_45;7;5
ORD_605;PROD_23;4;1
ORD_605;PROD_19;5;1
ORD_606;PROD_25;1;1
ORD_606;PROD_23;2;1
ORD_606;PROD_10;3;4
ORD_606;PROD_2;3;3
ORD_606;PROD_25;2;4
ORD_606;PROD_29;4;2
ORD_606;PROD_10;9;3
ORD_606;PROD_22;6;5
ORD_607;PROD_10;2;4
ORD_607;PROD_15;4;5
ORD_607;PROD_5;7;5
ORD_607;PROD_30;8;3
ORD_607;PROD_28;2;4
ORD_608;PROD_37;5;3
ORD_608;PROD_8;7;3
ORD_608;PROD_17;9;4
ORD_608;PROD_34;5;3
ORD_608;PROD_40;4;5
ORD_609;PROD_23;6;1
ORD_609;PROD_16;2;2
ORD_609;PROD_2;5;4
ORD_609;PROD_14;6;3
ORD_609;PROD_18;7;2
ORD_610;PROD_19;8;1
ORD_610;PROD_36;5;3
ORD_610;PROD_31;9;5
ORD_610;PROD_48;6;1
ORD_610;PROD_28;6;1
ORD_610;PROD_27;2;4
ORD_610;PROD_31;8;2
ORD_610;PROD_45;5;2
ORD_610;PROD_8;1;2
ORD_610;PROD_48;7;3
ORD_610;PROD_40;5;1
ORD_610;PROD_17;4;3
ORD_610;PROD_16;2;4
ORD_611;PROD_25;3;1
ORD_611;PROD_21;2;3
ORD_611;PROD_14;9;3
ORD_611;PROD_42;5;1
ORD_611;PROD_23;4;5
ORD_612;PROD_2;7;5
ORD_612;PROD_28;8;3
ORD_612;PROD_4;5;3
ORD_612;PROD_44;5;1
ORD_612;PROD_32;2;2
ORD_612;PROD_16;6;5
ORD_612;PROD_39;1;3
ORD_613;PROD_47;8;1
ORD_613;PROD_33;9;4
ORD_613;PROD_38;1;4
ORD_613;PROD_23;3;4
ORD_613;PROD_19;1;2
ORD_613;PROD_38;8;2
ORD_613;PROD_2;9;5
ORD_614;PROD_6;3;3
ORD_614;PROD_45;3;3
ORD_614;PROD_43;2;1
ORD_614;PROD_6;5;4
ORD_614;PROD_45;3;4
ORD_614;PROD_43;3;2
ORD_614;PROD_40;3;1
ORD_614;PROD_9;7;5
ORD_614;PROD_25;1;5
ORD_614;PROD_46;7;3
ORD_615;PROD_40;9;1
ORD_615;PROD_11;4;3
ORD_615;PROD_2;3;1
ORD_615;PROD_18;9;5
ORD_615;PROD_8;7;2
ORD_615;PROD_24;9;5
ORD_615;PROD_13;4;5
ORD_615;PROD_48;7;5
ORD_615;PROD_14;5;5
ORD_615;PROD_38;4;1
ORD_615;PROD_2;1;1
ORD_615;PROD_46;1;5
ORD_616;PROD_39;4;5
ORD_616;PROD_37;6;3
ORD_616;PROD_38;5;1
ORD_616;PROD_23;9;5
ORD_616;PROD_40;9;2
ORD_617;PROD_31;1;2
ORD_617;PROD_13;8;5
ORD_617;PROD_44;9;5
ORD_617;PROD_46;8;1
ORD_617;PROD_40;5;1
ORD_617;PROD_16;9;1
ORD_617;PROD_34;3;5
ORD_617;PROD_43;1;2
ORD_618;PROD_46;6;2
ORD_618;PROD_18;5;5
ORD_618;PROD_50;3;2
ORD_618;PROD_49;1;2
ORD_618;PROD_34;5;3
ORD_618;PROD_16;6;2
ORD_618;PROD_23;5;3
ORD_618;PROD_5;4;3
ORD_618;PROD_22;4;1
ORD_618;PROD_43;1;4
ORD_618;PROD_35;8;3
ORD_618;PROD_36;2;4
ORD_618;PROD_25;6;3
ORD_619;PROD_1;9;3
ORD_619;PROD_17;2;2
ORD_619;PROD_49;9;5
ORD_619;PROD_48;8;5
ORD_619;PROD_31;3;1
ORD_619;PROD_4;1;5
ORD_619;PROD_9;7;2
ORD_619;PROD_31;3;5
ORD_619;PROD_9;4;1
ORD_619;PROD_12;5;5
ORD_619;PROD_8;9;3
ORD_619;PROD_42;8;2
ORD_620;PROD_25;3;2
ORD_620;PROD_21;7;1
ORD_620;PROD_14;1;1
ORD_620;PROD_42;2;1
ORD_620;PROD_11;6;1
ORD_620;PROD_25;6;5
ORD_620;PROD_29;8;4
ORD_621;PROD_19;5;3
ORD_621;PROD_33;5;1
ORD_621;PROD_23;6;3
ORD_621;PROD_33;8;1
ORD_621;PROD_8;4;5
ORD_621;PROD_46;3;2
ORD_621;PROD_20;3;5
ORD_621;PROD_49;4;2
ORD_621;PROD_9;7;1
ORD_621;PROD_44;5;2
ORD_621;PROD_47;1;5
ORD_621;PROD_50;8;1
ORD_622;PROD_36;8;1
ORD_622;PROD_21;3;5
ORD_622;PROD_15;7;5
ORD_622;PROD_39;8;4
ORD_622;PROD_24;2;2
ORD_622;PROD_5;1;5
ORD_622;PROD_2;6;4
ORD_622;PROD_33;1;1
ORD_622;PROD_16;3;3
ORD_623;PROD_26;3;5
ORD_623;PROD_37;2;5
ORD_623;PROD_17;1;2
ORD_623;PROD_43;1;1
ORD_623;PROD_14;2;2
ORD_623;PROD_46;2;2
ORD_624;PROD_7;7;1
ORD_624;PROD_27;5;2
ORD_624;PROD_49;1;4
ORD_624;PROD_36;2;2
ORD_624;PROD_21;5;5
ORD_624;PROD_15;3;4
ORD_624;PROD_39;8;3
ORD_624;PROD_23;4;2
ORD_624;PROD_19;7;5
ORD_624;PROD_38;8;5
ORD_624;PROD_12;8;3
ORD_624;PROD_48;9;5
ORD_625;PROD_25;8;2
ORD_625;PROD_4;9;2
ORD_625;PROD_36;2;1
ORD_625;PROD_3;3;5
ORD_625;PROD_39;6;5
ORD_625;PROD_13;8;4
ORD_625;PROD_34;2;2
ORD_625;PROD_6;7;2
ORD_625;PROD_19;8;3
ORD_625;PROD_1;2;5
ORD_625;PROD_32;2;5
ORD_625;PROD_10;3;4
ORD_625;PROD_46;5;4
ORD_626;PROD_39;6;2
ORD_626;PROD_31;5;3
ORD_626;PROD_16;4;3
ORD_626;PROD_45;2;1
ORD_626;PROD_21;7;2
ORD_626;PROD_15;2;5
ORD_626;PROD_37;4;4
ORD_626;PROD_20;7;2
ORD_626;PROD_48;3;2
ORD_626;PROD_31;9;4
ORD_626;PROD_8;6;5
ORD_627;PROD_35;6;2
ORD_627;PROD_21;3;2
ORD_627;PROD_1;7;5
ORD_627;PROD_2;1;4
ORD_627;PROD_45;1;1
ORD_627;PROD_22;7;2
ORD_627;PROD_33;3;3
ORD_627;PROD_32;6;1
ORD_628;PROD_43;6;4
ORD_628;PROD_46;1;2
ORD_628;PROD_34;2;4
ORD_628;PROD_45;4;1
ORD_628;PROD_43;6;5
ORD_628;PROD_23;9;1
ORD_628;PROD_35;1;1
ORD_628;PROD_28;5;2
ORD_629;PROD_39;3;4
ORD_629;PROD_37;7;4
ORD_629;PROD_38;4;4
ORD_629;PROD_23;9;1
ORD_629;PROD_17;5;5
ORD_629;PROD_3;9;5
ORD_629;PROD_1;2;5
ORD_630;PROD_40;3;4
ORD_630;PROD_9;6;5
ORD_630;PROD_25;2;5
ORD_630;PROD_46;7;3
ORD_630;PROD_23;4;2
ORD_630;PROD_49;7;5
ORD_630;PROD_38;2;4
ORD_630;PROD_19;1;2
ORD_630;PROD_3;4;3
ORD_630;PROD_10;5;2
ORD_630;PROD_8;3;2
ORD_630;PROD_12;1;3
ORD_630;PROD_9;1;4
ORD_630;PROD_43;1;4
ORD_631;PROD_49;3;5
ORD_631;PROD_38;9;2
ORD_631;PROD_27;8;1
ORD_631;PROD_45;3;4
ORD_631;PROD_33;6;2
ORD_631;PROD_13;3;1
ORD_631;PROD_40;6;2
ORD_631;PROD_47;6;1
ORD_631;PROD_18;2;3
ORD_631;PROD_16;9;4
ORD_631;PROD_40;5;1
ORD_631;PROD_39;2;1
ORD_632;PROD_34;7;1
ORD_632;PROD_23;7;4
ORD_632;PROD_38;3;4
ORD_632;PROD_45;9;1
ORD_632;PROD_27;6;2
ORD_632;PROD_6;6;2
ORD_632;PROD_9;3;4
ORD_632;PROD_35;8;2
ORD_632;PROD_14;4;5
ORD_632;PROD_6;4;1
ORD_633;PROD_23;8;5
ORD_633;PROD_19;3;3
ORD_633;PROD_38;9;3
ORD_633;PROD_20;5;4
ORD_633;PROD_25;4;3
ORD_633;PROD_13;4;3
ORD_633;PROD_10;2;5
ORD_633;PROD_15;4;1
ORD_633;PROD_45;8;1
ORD_633;PROD_34;7;5
ORD_633;PROD_10;3;5
ORD_634;PROD_32;8;3
ORD_634;PROD_43;7;1
ORD_634;PROD_2;5;3
ORD_634;PROD_28;7;2
ORD_634;PROD_38;2;5
ORD_634;PROD_45;7;4
ORD_634;PROD_13;1;5
ORD_634;PROD_30;4;3
ORD_634;PROD_38;3;4
ORD_635;PROD_39;7;1
ORD_635;PROD_7;9;5
ORD_635;PROD_22;5;5
ORD_635;PROD_25;4;1
ORD_635;PROD_18;8;4
ORD_635;PROD_28;3;4
ORD_635;PROD_30;3;5
ORD_635;PROD_14;5;4
ORD_635;PROD_47;2;1
ORD_635;PROD_28;4;1
ORD_635;PROD_14;7;2
ORD_635;PROD_6;1;4
ORD_635;PROD_8;9;3
ORD_636;PROD_20;4;4
ORD_636;PROD_15;6;3
ORD_636;PROD_39;4;4
ORD_636;PROD_14;7;2
ORD_636;PROD_32;5;1
ORD_636;PROD_20;6;4
ORD_636;PROD_35;8;2
ORD_636;PROD_1;2;1
ORD_636;PROD_8;2;4
ORD_636;PROD_23;4;1
ORD_636;PROD_25;7;1
ORD_637;PROD_33;2;2
ORD_637;PROD_46;5;4
ORD_637;PROD_42;2;2
ORD_637;PROD_4;5;3
ORD_637;PROD_7;8;3
ORD_637;PROD_37;3;2
ORD_637;PROD_6;9;2
ORD_637;PROD_18;5;5
ORD_638;PROD_29;5;5
ORD_638;PROD_39;5;1
ORD_638;PROD_35;2;3
ORD_638;PROD_42;8;4
ORD_638;PROD_39;7;4
ORD_638;PROD_18;6;3
ORD_638;PROD_25;9;1
ORD_638;PROD_23;6;4
ORD_638;PROD_16;5;2
ORD_638;PROD_36;7;4
ORD_638;PROD_45;1;1
ORD_638;PROD_36;3;2
ORD_638;PROD_34;4;1
ORD_638;PROD_16;1;1
ORD_638;PROD_15;1;1
ORD_639;PROD_24;4;1
ORD_639;PROD_5;4;1
ORD_639;PROD_2;7;1
ORD_639;PROD_33;3;2
ORD_639;PROD_47;9;5
ORD_639;PROD_33;3;5
ORD_639;PROD_38;1;3
ORD_639;PROD_35;2;4
ORD_639;PROD_46;9;3
ORD_639;PROD_27;6;2
ORD_639;PROD_27;5;4
ORD_639;PROD_28;6;3
ORD_639;PROD_16;5;4
ORD_639;PROD_33;2;4
ORD_639;PROD_20;4;3
ORD_640;PROD_48;6;5
ORD_640;PROD_23;8;4
ORD_640;PROD_27;8;3
ORD_640;PROD_34;1;5
ORD_640;PROD_2;3;5
ORD_640;PROD_32;8;3
ORD_640;PROD_47;4;1
ORD_640;PROD_31;5;3
ORD_640;PROD_10;6;2
ORD_640;PROD_39;9;4
ORD_640;PROD_21;7;3
ORD_641;PROD_20;9;3
ORD_641;PROD_25;1;2
ORD_641;PROD_13;9;2
ORD_641;PROD_2;4;1
ORD_641;PROD_28;2;2
ORD_641;PROD_7;2;3
ORD_641;PROD_27;1;5
ORD_641;PROD_49;1;5
ORD_641;PROD_17;9;2
ORD_641;PROD_45;4;5
ORD_641;PROD_21;9;4
ORD_641;PROD_49;2;2
ORD_641;PROD_46;6;5
ORD_641;PROD_42;1;4
ORD_641;PROD_22;4;3
ORD_642;PROD_43;6;3
ORD_642;PROD_48;9;3
ORD_642;PROD_13;3;1
ORD_642;PROD_11;7;1
ORD_642;PROD_4;7;1
ORD_643;PROD_25;8;5
ORD_643;PROD_21;8;1
ORD_643;PROD_14;1;2
ORD_643;PROD_42;2;4
ORD_643;PROD_32;2;2
ORD_643;PROD_43;5;2
ORD_643;PROD_7;1;5
ORD_643;PROD_27;1;1
ORD_643;PROD_49;8;5
ORD_643;PROD_21;5;5
ORD_644;PROD_13;9;5
ORD_644;PROD_44;8;2
ORD_644;PROD_43;6;1
ORD_644;PROD_45;1;2
ORD_644;PROD_6;2;5
ORD_644;PROD_45;7;2
ORD_644;PROD_43;1;5
ORD_644;PROD_16;9;1
ORD_644;PROD_19;6;4
ORD_644;PROD_44;4;3
ORD_645;PROD_49;7;1
ORD_645;PROD_32;3;5
ORD_645;PROD_29;1;2
ORD_645;PROD_47;9;1
ORD_645;PROD_16;6;2
ORD_645;PROD_6;6;5
ORD_646;PROD_32;2;4
ORD_646;PROD_43;5;2
ORD_646;PROD_38;1;5
ORD_646;PROD_4;4;3
ORD_646;PROD_37;3;5
ORD_646;PROD_11;6;2
ORD_647;PROD_40;5;2
ORD_647;PROD_23;8;1
ORD_647;PROD_26;1;3
ORD_647;PROD_40;8;3
ORD_647;PROD_38;6;5
ORD_647;PROD_13;1;1
ORD_647;PROD_41;8;2
ORD_647;PROD_31;2;4
ORD_647;PROD_7;5;4
ORD_647;PROD_12;2;5
ORD_647;PROD_20;7;2
ORD_647;PROD_25;4;1
ORD_647;PROD_34;2;1
ORD_648;PROD_2;2;3
ORD_648;PROD_28;7;1
ORD_648;PROD_24;3;4
ORD_648;PROD_5;6;3
ORD_648;PROD_2;7;4
ORD_648;PROD_33;8;2
ORD_648;PROD_36;2;3
ORD_648;PROD_21;9;4
ORD_649;PROD_20;5;1
ORD_649;PROD_25;4;1
ORD_649;PROD_13;4;3
ORD_649;PROD_47;6;5
ORD_649;PROD_33;9;5
ORD_649;PROD_38;1;3
ORD_649;PROD_21;7;5
ORD_649;PROD_19;2;5
ORD_649;PROD_47;8;4
ORD_649;PROD_26;1;2
ORD_649;PROD_35;3;3
ORD_649;PROD_50;5;3
ORD_649;PROD_24;5;5
ORD_649;PROD_3;2;2
ORD_650;PROD_13;2;2
ORD_650;PROD_27;4;3
ORD_650;PROD_16;1;1
ORD_650;PROD_29;7;4
ORD_650;PROD_14;8;4
ORD_650;PROD_5;3;4
ORD_651;PROD_42;2;5
ORD_651;PROD_8;9;5
ORD_651;PROD_14;4;1
ORD_651;PROD_37;4;1
ORD_651;PROD_15;4;4
ORD_651;PROD_26;8;5
ORD_651;PROD_12;2;3
ORD_651;PROD_30;9;1
ORD_651;PROD_14;1;2
ORD_651;PROD_9;7;4
ORD_651;PROD_33;7;1
ORD_651;PROD_42;5;1
ORD_651;PROD_8;9;2
ORD_651;PROD_2;5;3
ORD_652;PROD_39;6;5
ORD_652;PROD_37;4;2
ORD_652;PROD_38;6;1
ORD_652;PROD_23;1;2
ORD_652;PROD_15;7;3
ORD_652;PROD_31;4;5
ORD_652;PROD_31;8;3
ORD_652;PROD_21;9;1
ORD_652;PROD_38;4;4
ORD_652;PROD_8;7;5
ORD_652;PROD_6;5;3
ORD_652;PROD_26;5;2
ORD_652;PROD_26;2;5
ORD_652;PROD_17;3;2
ORD_652;PROD_43;4;1
ORD_653;PROD_20;3;2
ORD_653;PROD_25;2;4
ORD_653;PROD_13;1;4
ORD_653;PROD_11;9;3
ORD_653;PROD_25;4;5
ORD_653;PROD_29;3;2
ORD_653;PROD_13;9;4
ORD_653;PROD_24;4;5
ORD_653;PROD_5;4;2
ORD_653;PROD_2;8;1
ORD_653;PROD_33;9;2
ORD_653;PROD_4;6;2
ORD_653;PROD_12;3;1
ORD_653;PROD_7;5;5
ORD_653;PROD_15;3;3
ORD_654;PROD_33;6;4
ORD_654;PROD_50;8;1
ORD_654;PROD_1;1;1
ORD_654;PROD_44;1;1
ORD_654;PROD_6;4;2
ORD_654;PROD_10;6;2
ORD_654;PROD_32;1;1
ORD_654;PROD_27;8;4
ORD_654;PROD_4;9;2
ORD_655;PROD_44;4;2
ORD_655;PROD_38;8;2
ORD_655;PROD_21;1;1
ORD_655;PROD_49;8;2
ORD_655;PROD_15;3;2
ORD_655;PROD_23;5;1
ORD_655;PROD_45;3;5
ORD_655;PROD_31;3;4
ORD_655;PROD_13;2;3
ORD_655;PROD_28;9;5
ORD_655;PROD_40;4;3
ORD_655;PROD_10;3;2
ORD_655;PROD_26;9;5
ORD_655;PROD_41;2;4
ORD_655;PROD_41;3;1
ORD_656;PROD_6;1;4
ORD_656;PROD_36;9;5
ORD_656;PROD_32;6;1
ORD_656;PROD_47;2;2
ORD_656;PROD_5;6;3
ORD_656;PROD_49;7;1
ORD_656;PROD_34;6;3
ORD_656;PROD_22;8;3
ORD_656;PROD_12;6;1
ORD_657;PROD_40;2;5
ORD_657;PROD_9;3;2
ORD_657;PROD_25;1;3
ORD_657;PROD_46;9;4
ORD_657;PROD_23;9;1
ORD_657;PROD_37;2;5
ORD_657;PROD_8;1;2
ORD_657;PROD_17;6;3
ORD_657;PROD_34;8;2
ORD_657;PROD_40;7;4
ORD_657;PROD_10;4;4
ORD_658;PROD_23;1;2
ORD_658;PROD_19;9;3
ORD_658;PROD_38;3;2
ORD_658;PROD_13;6;5
ORD_658;PROD_44;6;4
ORD_658;PROD_43;6;5
ORD_659;PROD_5;6;5
ORD_659;PROD_39;5;5
ORD_659;PROD_44;1;1
ORD_659;PROD_7;6;2
ORD_659;PROD_50;4;3
ORD_659;PROD_21;7;2
ORD_659;PROD_26;9;1
ORD_659;PROD_30;7;3
ORD_659;PROD_49;1;2
ORD_659;PROD_13;6;1
ORD_660;PROD_7;4;1
ORD_660;PROD_27;9;4
ORD_660;PROD_49;1;2
ORD_660;PROD_37;5;3
ORD_660;PROD_8;9;3
ORD_660;PROD_17;2;5
ORD_660;PROD_34;6;5
ORD_660;PROD_49;3;5
ORD_660;PROD_4;3;3
ORD_660;PROD_20;6;2
ORD_660;PROD_41;9;1
ORD_660;PROD_17;5;1
ORD_660;PROD_50;3;4
ORD_660;PROD_38;7;4
ORD_660;PROD_28;8;5
ORD_661;PROD_13;2;3
ORD_661;PROD_40;2;2
ORD_661;PROD_47;5;4
ORD_661;PROD_18;5;3
ORD_661;PROD_16;1;5
ORD_661;PROD_32;2;3
ORD_661;PROD_43;5;2
ORD_661;PROD_14;7;1
ORD_661;PROD_44;6;2
ORD_661;PROD_36;2;4
ORD_661;PROD_40;4;2
ORD_661;PROD_24;1;4
ORD_661;PROD_20;6;2
ORD_662;PROD_10;5;1
ORD_662;PROD_15;5;3
ORD_662;PROD_2;8;3
ORD_662;PROD_28;3;2
ORD_662;PROD_10;8;4
ORD_662;PROD_4;6;2
ORD_662;PROD_38;2;2
ORD_662;PROD_12;9;4
ORD_662;PROD_16;2;4
ORD_662;PROD_34;2;2
ORD_662;PROD_19;6;2
ORD_662;PROD_22;8;2
ORD_662;PROD_4;1;1
ORD_662;PROD_15;3;3
ORD_662;PROD_2;1;5
ORD_663;PROD_12;3;4
ORD_663;PROD_42;9;2
ORD_663;PROD_39;6;4
ORD_663;PROD_8;9;1
ORD_663;PROD_40;1;2
ORD_663;PROD_50;5;4
ORD_663;PROD_21;8;5
ORD_663;PROD_7;1;3
ORD_663;PROD_46;8;3
ORD_663;PROD_4;8;5
ORD_664;PROD_16;4;3
ORD_664;PROD_20;8;4
ORD_664;PROD_28;3;1
ORD_664;PROD_21;9;4
ORD_664;PROD_9;3;5
ORD_664;PROD_17;4;3
ORD_664;PROD_27;5;2
ORD_664;PROD_42;8;2
ORD_664;PROD_16;1;4
ORD_664;PROD_29;2;1
ORD_665;PROD_27;1;1
ORD_665;PROD_40;7;5
ORD_665;PROD_20;5;4
ORD_665;PROD_24;3;3
ORD_665;PROD_12;2;3
ORD_665;PROD_13;4;4
ORD_665;PROD_7;5;3
ORD_666;PROD_20;6;3
ORD_666;PROD_18;4;5
ORD_666;PROD_15;4;3
ORD_666;PROD_6;1;4
ORD_666;PROD_26;8;3
ORD_666;PROD_21;9;3
ORD_666;PROD_5;5;5
ORD_666;PROD_7;9;4
ORD_666;PROD_40;3;5
ORD_666;PROD_5;2;2
ORD_666;PROD_40;9;4
ORD_667;PROD_26;1;3
ORD_667;PROD_11;1;4
ORD_667;PROD_9;2;4
ORD_667;PROD_37;3;1
ORD_667;PROD_14;5;1
ORD_667;PROD_2;1;5
ORD_667;PROD_31;3;5
ORD_667;PROD_15;8;2
ORD_667;PROD_41;3;5
ORD_667;PROD_22;7;3
ORD_667;PROD_32;6;5
ORD_667;PROD_45;6;3
ORD_667;PROD_9;9;5
ORD_668;PROD_30;9;4
ORD_668;PROD_18;2;2
ORD_668;PROD_11;8;1
ORD_668;PROD_4;1;4
ORD_668;PROD_28;3;1
ORD_668;PROD_49;8;5
ORD_668;PROD_19;5;2
ORD_668;PROD_13;3;4
ORD_668;PROD_14;1;1
ORD_668;PROD_31;9;4
ORD_668;PROD_25;8;2
ORD_668;PROD_46;9;5
ORD_668;PROD_28;9;3
ORD_668;PROD_21;4;4
ORD_668;PROD_4;1;4
ORD_669;PROD_5;1;4
ORD_669;PROD_7;1;2
ORD_669;PROD_39;1;5
ORD_669;PROD_20;9;1
ORD_669;PROD_35;3;1
ORD_669;PROD_28;6;4
ORD_670;PROD_25;8;2
ORD_670;PROD_21;3;2
ORD_670;PROD_14;3;4
ORD_670;PROD_42;5;2
ORD_670;PROD_47;9;4
ORD_670;PROD_33;6;5
ORD_670;PROD_38;5;2
ORD_670;PROD_18;4;2
ORD_670;PROD_45;5;1
ORD_670;PROD_25;4;5
ORD_670;PROD_13;9;2
ORD_671;PROD_35;2;2
ORD_671;PROD_25;5;4
ORD_671;PROD_37;5;2
ORD_671;PROD_8;6;3
ORD_671;PROD_23;5;3
ORD_671;PROD_5;7;5
ORD_671;PROD_27;5;3
ORD_671;PROD_33;6;4
ORD_671;PROD_29;3;1
ORD_671;PROD_28;5;5
ORD_671;PROD_11;8;1
ORD_672;PROD_30;5;3
ORD_672;PROD_25;5;3
ORD_672;PROD_26;7;1
ORD_672;PROD_4;4;5
ORD_672;PROD_19;4;2
ORD_672;PROD_30;3;2
ORD_672;PROD_2;2;1
ORD_672;PROD_23;2;3
ORD_672;PROD_23;2;5
ORD_672;PROD_15;3;5
ORD_672;PROD_4;4;1
ORD_672;PROD_45;7;5
ORD_672;PROD_11;7;2
ORD_673;PROD_23;2;4
ORD_673;PROD_35;5;4
ORD_673;PROD_6;2;4
ORD_673;PROD_7;7;5
ORD_673;PROD_6;9;2
ORD_673;PROD_44;6;3
ORD_673;PROD_15;5;4
ORD_673;PROD_15;3;1
ORD_673;PROD_27;6;4
ORD_673;PROD_32;1;3
ORD_674;PROD_40;1;3
ORD_674;PROD_9;1;2
ORD_674;PROD_25;1;4
ORD_674;PROD_46;4;4
ORD_674;PROD_23;1;1
ORD_674;PROD_37;6;1
ORD_674;PROD_11;5;2
ORD_674;PROD_29;7;3
ORD_674;PROD_18;1;4
ORD_674;PROD_3;6;3
ORD_675;PROD_36;5;1
ORD_675;PROD_21;3;1
ORD_675;PROD_15;2;3
ORD_675;PROD_39;7;4
ORD_675;PROD_41;2;3
ORD_675;PROD_32;7;5
ORD_675;PROD_19;6;3
ORD_675;PROD_11;3;5
ORD_675;PROD_27;8;1
ORD_675;PROD_18;2;1
ORD_675;PROD_46;2;1
ORD_675;PROD_46;4;1
ORD_675;PROD_41;1;1
ORD_675;PROD_4;6;2
ORD_675;PROD_36;6;3
ORD_676;PROD_11;1;5
ORD_676;PROD_39;2;2
ORD_676;PROD_33;5;2
ORD_676;PROD_14;7;5
ORD_676;PROD_13;6;4
ORD_676;PROD_22;1;5
ORD_676;PROD_20;7;4
ORD_676;PROD_30;4;3
ORD_676;PROD_8;1;2
ORD_676;PROD_45;7;4
ORD_676;PROD_16;4;2
ORD_676;PROD_9;2;3
ORD_677;PROD_35;1;5
ORD_677;PROD_6;5;4
ORD_677;PROD_3;4;1
ORD_677;PROD_18;7;3
ORD_677;PROD_7;3;5
ORD_677;PROD_8;2;2
ORD_677;PROD_6;3;4
ORD_677;PROD_11;8;1
ORD_677;PROD_46;3;4
ORD_677;PROD_32;1;3
ORD_677;PROD_10;5;5
ORD_678;PROD_31;3;1
ORD_678;PROD_39;5;3
ORD_678;PROD_3;4;4
ORD_678;PROD_30;2;5
ORD_678;PROD_3;3;2
ORD_678;PROD_37;6;5
ORD_678;PROD_15;5;5
ORD_678;PROD_46;4;4
ORD_678;PROD_4;5;2
ORD_678;PROD_28;9;5
ORD_678;PROD_17;5;3
ORD_678;PROD_24;7;4
ORD_678;PROD_26;1;4
ORD_678;PROD_27;4;5
ORD_678;PROD_23;3;3
ORD_679;PROD_47;6;5
ORD_679;PROD_4;5;3
ORD_679;PROD_48;9;1
ORD_679;PROD_22;6;4
ORD_679;PROD_3;8;3
ORD_679;PROD_11;8;5
ORD_679;PROD_23;1;5
ORD_679;PROD_45;7;5
ORD_679;PROD_1;5;2
ORD_679;PROD_14;3;3
ORD_679;PROD_1;7;5
ORD_680;PROD_50;1;1
ORD_680;PROD_19;7;3
ORD_680;PROD_5;7;3
ORD_680;PROD_43;9;5
ORD_680;PROD_15;8;3
ORD_680;PROD_22;2;5
ORD_680;PROD_31;8;3
ORD_680;PROD_33;8;3
ORD_680;PROD_24;2;3
ORD_680;PROD_28;3;5
ORD_680;PROD_38;4;1
ORD_680;PROD_46;1;1
ORD_681;PROD_24;8;4
ORD_681;PROD_5;9;5
ORD_681;PROD_2;1;1
ORD_681;PROD_33;3;3
ORD_681;PROD_18;9;3
ORD_681;PROD_1;9;3
ORD_681;PROD_29;5;2
ORD_681;PROD_48;7;4
ORD_681;PROD_32;7;5
ORD_681;PROD_37;1;2
ORD_681;PROD_20;8;2
ORD_681;PROD_7;2;2
ORD_681;PROD_30;7;4
ORD_682;PROD_24;8;4
ORD_682;PROD_5;9;3
ORD_682;PROD_2;4;1
ORD_682;PROD_33;1;4
ORD_682;PROD_25;9;3
ORD_683;PROD_11;9;1
ORD_683;PROD_25;9;4
ORD_683;PROD_29;4;3
ORD_683;PROD_13;2;3
ORD_683;PROD_6;5;5
ORD_683;PROD_45;6;3
ORD_683;PROD_43;6;1
ORD_683;PROD_35;9;5
ORD_683;PROD_2;4;1
ORD_684;PROD_25;4;3
ORD_684;PROD_37;4;4
ORD_684;PROD_26;1;1
ORD_684;PROD_33;2;4
ORD_684;PROD_42;2;2
ORD_684;PROD_3;9;2
ORD_685;PROD_47;8;5
ORD_685;PROD_33;4;2
ORD_685;PROD_38;7;4
ORD_685;PROD_13;2;3
ORD_685;PROD_44;2;4
ORD_685;PROD_43;2;4
ORD_685;PROD_45;8;1
ORD_685;PROD_15;3;2
ORD_685;PROD_32;8;2
ORD_685;PROD_26;2;2
ORD_685;PROD_23;6;3
ORD_685;PROD_22;6;5
ORD_685;PROD_42;8;2
ORD_686;PROD_37;6;5
ORD_686;PROD_8;2;3
ORD_686;PROD_17;2;1
ORD_686;PROD_34;4;1
ORD_686;PROD_11;2;1
ORD_686;PROD_25;4;2
ORD_686;PROD_29;8;3
ORD_686;PROD_13;9;4
ORD_687;PROD_2;7;3
ORD_687;PROD_28;3;5
ORD_687;PROD_20;3;2
ORD_687;PROD_25;2;5
ORD_687;PROD_13;8;4
ORD_687;PROD_40;7;2
ORD_687;PROD_9;3;1
ORD_687;PROD_25;1;3
ORD_687;PROD_46;5;2
ORD_687;PROD_23;1;5
ORD_687;PROD_7;4;4
ORD_687;PROD_44;8;5
ORD_687;PROD_12;3;3
ORD_688;PROD_43;5;3
ORD_688;PROD_27;2;3
ORD_688;PROD_32;1;3
ORD_688;PROD_21;6;1
ORD_688;PROD_7;3;3
ORD_688;PROD_5;4;5
ORD_688;PROD_43;8;2
ORD_688;PROD_9;7;2
ORD_688;PROD_37;4;2
ORD_688;PROD_21;7;5
ORD_688;PROD_12;5;3
ORD_689;PROD_2;7;3
ORD_689;PROD_28;1;5
ORD_689;PROD_6;7;1
ORD_689;PROD_9;4;5
ORD_689;PROD_47;7;1
ORD_689;PROD_18;5;4
ORD_689;PROD_35;9;1
ORD_689;PROD_37;9;2
ORD_689;PROD_45;8;1
ORD_689;PROD_47;3;5
ORD_689;PROD_4;4;3
ORD_689;PROD_24;3;5
ORD_690;PROD_20;6;5
ORD_690;PROD_25;6;3
ORD_690;PROD_13;7;3
ORD_690;PROD_10;9;1
ORD_690;PROD_15;8;4
ORD_690;PROD_23;5;3
ORD_690;PROD_19;3;2
ORD_690;PROD_38;9;4
ORD_690;PROD_1;5;4
ORD_690;PROD_14;9;3
ORD_690;PROD_9;8;3
ORD_690;PROD_29;1;4
ORD_690;PROD_19;1;3
ORD_691;PROD_23;7;5
ORD_691;PROD_42;3;5
ORD_691;PROD_28;7;1
ORD_691;PROD_16;3;4
ORD_691;PROD_43;7;5
ORD_691;PROD_34;2;2
ORD_691;PROD_30;4;5
ORD_691;PROD_27;4;5
ORD_691;PROD_41;1;5
ORD_691;PROD_43;8;1
ORD_691;PROD_49;8;5
ORD_691;PROD_1;8;2
ORD_691;PROD_45;7;3
ORD_692;PROD_11;6;3
ORD_692;PROD_25;1;1
ORD_692;PROD_29;3;5
ORD_692;PROD_13;3;4
ORD_692;PROD_2;6;4
ORD_692;PROD_28;1;1
ORD_692;PROD_11;7;3
ORD_692;PROD_25;4;5
ORD_692;PROD_29;6;2
ORD_692;PROD_13;2;5
ORD_692;PROD_1;4;1
ORD_692;PROD_12;1;3
ORD_692;PROD_14;8;5
ORD_692;PROD_32;6;3
ORD_693;PROD_40;2;3
ORD_693;PROD_27;9;3
ORD_693;PROD_19;2;5
ORD_693;PROD_19;9;5
ORD_693;PROD_46;2;3
ORD_693;PROD_47;9;4
ORD_693;PROD_25;4;1
ORD_693;PROD_33;4;1
ORD_693;PROD_44;7;2
ORD_694;PROD_43;6;5
ORD_694;PROD_15;7;1
ORD_694;PROD_2;5;3
ORD_694;PROD_42;4;5
ORD_694;PROD_1;7;5
ORD_694;PROD_41;7;2
ORD_694;PROD_32;4;5
ORD_694;PROD_7;1;3
ORD_694;PROD_3;9;3
ORD_695;PROD_28;6;3
ORD_695;PROD_31;9;5
ORD_695;PROD_22;2;5
ORD_695;PROD_35;3;1
ORD_695;PROD_4;4;2
ORD_695;PROD_48;5;1
ORD_695;PROD_25;2;4
ORD_695;PROD_31;6;3
ORD_695;PROD_1;1;2
ORD_695;PROD_36;6;5
ORD_695;PROD_13;1;2
ORD_695;PROD_3;6;3
ORD_695;PROD_7;5;4
ORD_695;PROD_7;9;5
ORD_695;PROD_14;5;5
ORD_696;PROD_37;7;1
ORD_696;PROD_8;7;4
ORD_696;PROD_17;2;4
ORD_696;PROD_34;1;4
ORD_696;PROD_20;1;3
ORD_696;PROD_25;2;3
ORD_696;PROD_13;1;4
ORD_696;PROD_6;1;1
ORD_696;PROD_45;6;5
ORD_696;PROD_43;5;1
ORD_697;PROD_24;2;2
ORD_697;PROD_5;9;2
ORD_697;PROD_2;5;3
ORD_697;PROD_33;1;5
ORD_697;PROD_6;4;4
ORD_697;PROD_45;8;2
ORD_697;PROD_43;4;3
ORD_697;PROD_34;5;4
ORD_697;PROD_23;2;2
ORD_698;PROD_6;6;4
ORD_698;PROD_45;7;3
ORD_698;PROD_43;2;2
ORD_698;PROD_2;9;5
ORD_698;PROD_28;7;1
ORD_698;PROD_25;4;5
ORD_698;PROD_21;1;5
ORD_698;PROD_14;5;5
ORD_698;PROD_42;5;3
ORD_698;PROD_6;2;1
ORD_698;PROD_20;6;3
ORD_698;PROD_40;8;3
ORD_698;PROD_29;5;1
ORD_698;PROD_50;4;1
ORD_699;PROD_22;3;5
ORD_699;PROD_19;5;4
ORD_699;PROD_27;9;1
ORD_699;PROD_25;9;5
ORD_699;PROD_23;9;4
ORD_699;PROD_50;4;4
ORD_699;PROD_36;6;1
ORD_699;PROD_4;3;5
ORD_700;PROD_47;1;1
ORD_700;PROD_25;2;4
ORD_700;PROD_4;2;3
ORD_700;PROD_46;8;1
ORD_700;PROD_37;1;4
ORD_700;PROD_28;9;5
ORD_700;PROD_33;8;3
ORD_700;PROD_24;1;3
ORD_700;PROD_31;4;4
ORD_700;PROD_26;6;3
ORD_700;PROD_31;3;4
ORD_700;PROD_17;8;4
ORD_700;PROD_24;2;3
ORD_700;PROD_35;9;3
ORD_701;PROD_41;4;2
ORD_701;PROD_9;9;5
ORD_701;PROD_32;3;4
ORD_701;PROD_39;7;1
ORD_701;PROD_41;1;4
ORD_701;PROD_50;1;3
ORD_701;PROD_46;8;2
ORD_701;PROD_44;2;4
ORD_701;PROD_45;6;2
ORD_701;PROD_11;1;5
ORD_701;PROD_6;5;4
ORD_701;PROD_27;8;2
ORD_702;PROD_18;4;3
ORD_702;PROD_46;4;3
ORD_702;PROD_8;2;2
ORD_702;PROD_22;1;1
ORD_702;PROD_9;3;2
ORD_702;PROD_27;8;1
ORD_702;PROD_9;4;1
ORD_702;PROD_46;7;5
ORD_702;PROD_27;7;1
ORD_702;PROD_37;2;1
ORD_702;PROD_21;5;1
ORD_702;PROD_10;1;2
ORD_702;PROD_20;4;2
ORD_703;PROD_39;6;5
ORD_703;PROD_24;2;2
ORD_703;PROD_16;2;2
ORD_703;PROD_18;2;4
ORD_703;PROD_14;2;3
ORD_703;PROD_7;5;1
ORD_703;PROD_23;5;5
ORD_704;PROD_13;6;5
ORD_704;PROD_44;4;3
ORD_704;PROD_43;8;4
ORD_704;PROD_45;4;3
ORD_704;PROD_20;7;4
ORD_704;PROD_25;5;2
ORD_704;PROD_13;6;4
ORD_704;PROD_23;5;3
ORD_705;PROD_40;1;5
ORD_705;PROD_9;3;5
ORD_705;PROD_25;8;5
ORD_705;PROD_46;9;4
ORD_705;PROD_23;2;2
ORD_705;PROD_25;6;5
ORD_705;PROD_21;5;4
ORD_705;PROD_14;9;3
ORD_705;PROD_42;9;4
ORD_705;PROD_36;9;5
ORD_705;PROD_21;3;2
ORD_705;PROD_15;6;2
ORD_705;PROD_39;4;4
ORD_705;PROD_20;3;4
ORD_705;PROD_10;3;2
ORD_706;PROD_20;6;5
ORD_706;PROD_18;5;4
ORD_706;PROD_41;8;1
ORD_706;PROD_10;9;5
ORD_706;PROD_28;5;3
ORD_706;PROD_46;4;5
ORD_706;PROD_39;1;5
ORD_706;PROD_20;7;4
ORD_706;PROD_8;4;2
ORD_706;PROD_47;1;3
ORD_707;PROD_37;4;1
ORD_707;PROD_8;3;4
ORD_707;PROD_17;3;5
ORD_707;PROD_34;3;1
ORD_707;PROD_25;9;5
ORD_707;PROD_21;6;3
ORD_707;PROD_14;7;5
ORD_707;PROD_42;7;1
ORD_707;PROD_5;2;3
ORD_707;PROD_35;6;5
ORD_707;PROD_8;9;3
ORD_707;PROD_31;5;3
ORD_707;PROD_30;1;1
ORD_707;PROD_43;3;5
ORD_707;PROD_45;3;2
ORD_708;PROD_39;2;1
ORD_708;PROD_37;3;4
ORD_708;PROD_38;3;4
ORD_708;PROD_23;1;2
ORD_708;PROD_2;6;4
ORD_708;PROD_28;8;1
ORD_708;PROD_27;2;3
ORD_708;PROD_47;4;3
ORD_708;PROD_8;8;3
ORD_708;PROD_46;6;5
ORD_708;PROD_22;4;4
ORD_708;PROD_30;6;4
ORD_708;PROD_16;9;1
ORD_709;PROD_3;2;4
ORD_709;PROD_50;6;4
ORD_709;PROD_32;1;3
ORD_709;PROD_23;1;3
ORD_709;PROD_30;9;2
ORD_709;PROD_33;9;2
ORD_709;PROD_49;9;1
ORD_709;PROD_4;1;1
ORD_709;PROD_39;4;3
ORD_709;PROD_5;6;3
ORD_709;PROD_31;9;4
ORD_709;PROD_47;9;1
ORD_709;PROD_36;9;5
ORD_709;PROD_47;2;5
ORD_710;PROD_7;2;4
ORD_710;PROD_24;6;1
ORD_710;PROD_30;1;2
ORD_710;PROD_47;6;5
ORD_710;PROD_20;3;5
ORD_711;PROD_1;1;1
ORD_711;PROD_3;6;5
ORD_711;PROD_49;4;3
ORD_711;PROD_34;9;5
ORD_711;PROD_22;6;2
ORD_711;PROD_19;9;4
ORD_711;PROD_9;1;2
ORD_711;PROD_43;8;3
ORD_711;PROD_27;6;2
ORD_712;PROD_44;9;1
ORD_712;PROD_14;9;4
ORD_712;PROD_44;1;2
ORD_712;PROD_41;9;1
ORD_712;PROD_49;7;2
ORD_712;PROD_48;9;4
ORD_712;PROD_49;6;3
ORD_712;PROD_24;2;1
ORD_712;PROD_20;9;2
ORD_712;PROD_20;6;1
ORD_713;PROD_7;8;5
ORD_713;PROD_27;9;5
ORD_713;PROD_49;7;3
ORD_713;PROD_2;4;4
ORD_713;PROD_12;8;2
ORD_713;PROD_33;4;4
ORD_713;PROD_44;1;1
ORD_714;PROD_6;9;1
ORD_714;PROD_19;8;2
ORD_714;PROD_42;1;4
ORD_714;PROD_50;5;3
ORD_714;PROD_41;2;4
ORD_714;PROD_32;8;4
ORD_714;PROD_25;6;4
ORD_715;PROD_5;2;1
ORD_715;PROD_7;8;4
ORD_715;PROD_17;7;4
ORD_715;PROD_48;1;2
ORD_715;PROD_14;2;4
ORD_715;PROD_37;7;3
ORD_715;PROD_50;8;4
ORD_715;PROD_23;6;3
ORD_715;PROD_28;6;4
ORD_715;PROD_37;4;3
ORD_715;PROD_35;6;1
ORD_715;PROD_9;5;5
ORD_715;PROD_47;6;5
ORD_715;PROD_12;8;5
ORD_716;PROD_22;7;5
ORD_716;PROD_20;1;2
ORD_716;PROD_36;6;3
ORD_716;PROD_30;6;2
ORD_716;PROD_15;4;2
ORD_716;PROD_18;9;3
ORD_716;PROD_12;1;4
ORD_716;PROD_36;7;5
ORD_716;PROD_41;1;5
ORD_717;PROD_44;3;5
ORD_717;PROD_19;3;5
ORD_717;PROD_48;6;4
ORD_717;PROD_15;3;3
ORD_717;PROD_3;6;4
ORD_717;PROD_45;2;3
ORD_717;PROD_35;9;4
ORD_718;PROD_20;7;2
ORD_718;PROD_18;3;1
ORD_718;PROD_11;7;4
ORD_718;PROD_25;5;5
ORD_718;PROD_29;3;3
ORD_718;PROD_13;8;3
ORD_718;PROD_18;4;5
ORD_718;PROD_8;4;3
ORD_718;PROD_13;4;3
ORD_718;PROD_24;3;3
ORD_718;PROD_5;1;1
ORD_719;PROD_20;3;4
ORD_719;PROD_18;2;5
ORD_719;PROD_7;3;5
ORD_719;PROD_27;2;1
ORD_719;PROD_49;4;3
ORD_719;PROD_6;5;5
ORD_719;PROD_45;8;2
ORD_719;PROD_43;5;4
ORD_719;PROD_32;7;3
ORD_719;PROD_5;1;4
ORD_719;PROD_2;9;2
ORD_720;PROD_16;4;4
ORD_720;PROD_23;6;3
ORD_720;PROD_21;2;5
ORD_720;PROD_23;9;2
ORD_720;PROD_26;1;4
ORD_720;PROD_8;4;5
ORD_720;PROD_1;6;5
ORD_720;PROD_41;7;3
ORD_720;PROD_27;4;3
ORD_720;PROD_20;2;2
ORD_721;PROD_23;3;1
ORD_721;PROD_8;8;2
ORD_721;PROD_23;4;3
ORD_721;PROD_26;3;2
ORD_721;PROD_24;8;3
ORD_721;PROD_5;6;2
ORD_721;PROD_2;7;2
ORD_721;PROD_45;7;1
ORD_721;PROD_2;3;1
ORD_721;PROD_22;3;4
ORD_721;PROD_2;9;3
ORD_721;PROD_49;5;5
ORD_721;PROD_23;6;5
ORD_722;PROD_11;6;5
ORD_722;PROD_25;8;5
ORD_722;PROD_29;6;4
ORD_722;PROD_13;2;5
ORD_722;PROD_20;2;3
ORD_722;PROD_25;6;1
ORD_722;PROD_13;3;4
ORD_723;PROD_25;7;4
ORD_723;PROD_19;8;3
ORD_723;PROD_41;5;4
ORD_723;PROD_36;5;1
ORD_723;PROD_37;5;2
ORD_724;PROD_15;1;5
ORD_724;PROD_47;7;3
ORD_724;PROD_1;5;4
ORD_724;PROD_22;4;5
ORD_724;PROD_43;6;4
ORD_725;PROD_35;1;1
ORD_725;PROD_46;5;5
ORD_725;PROD_15;3;3
ORD_725;PROD_24;1;1
ORD_725;PROD_44;3;3
ORD_725;PROD_1;3;4
ORD_725;PROD_36;1;1
ORD_725;PROD_16;6;1
ORD_726;PROD_40;3;4
ORD_726;PROD_3;7;2
ORD_726;PROD_46;7;5
ORD_726;PROD_36;1;2
ORD_726;PROD_41;6;1
ORD_726;PROD_34;4;4
ORD_726;PROD_34;8;3
ORD_726;PROD_14;5;5
ORD_726;PROD_35;8;5
ORD_726;PROD_37;1;3
ORD_726;PROD_28;7;1
ORD_726;PROD_10;9;1
ORD_726;PROD_19;9;4
ORD_726;PROD_10;4;3
ORD_726;PROD_29;1;2
ORD_727;PROD_6;1;3
ORD_727;PROD_45;9;2
ORD_727;PROD_43;9;4
ORD_727;PROD_38;5;3
ORD_727;PROD_4;5;3
ORD_727;PROD_37;6;5
ORD_727;PROD_11;4;5
ORD_727;PROD_20;4;5
ORD_727;PROD_13;9;4
ORD_727;PROD_40;8;1
ORD_727;PROD_47;8;3
ORD_728;PROD_42;4;4
ORD_728;PROD_29;1;3
ORD_728;PROD_23;4;2
ORD_728;PROD_1;9;4
ORD_728;PROD_46;3;2
ORD_728;PROD_16;6;3
ORD_728;PROD_42;3;2
ORD_728;PROD_40;4;4
ORD_728;PROD_33;3;4
ORD_728;PROD_20;6;4
ORD_728;PROD_44;1;5
ORD_728;PROD_29;7;2
ORD_728;PROD_26;7;4
ORD_728;PROD_46;9;2
ORD_729;PROD_37;6;1
ORD_729;PROD_37;7;5
ORD_729;PROD_22;8;5
ORD_729;PROD_27;9;1
ORD_729;PROD_34;6;3
ORD_729;PROD_42;2;4
ORD_729;PROD_22;2;5
ORD_729;PROD_34;3;2
ORD_729;PROD_25;5;2
ORD_730;PROD_21;3;2
ORD_730;PROD_4;1;5
ORD_730;PROD_47;1;1
ORD_730;PROD_44;7;5
ORD_730;PROD_20;1;5
ORD_730;PROD_36;3;5
ORD_730;PROD_12;8;3
ORD_730;PROD_25;1;5
ORD_731;PROD_36;9;1
ORD_731;PROD_21;3;4
ORD_731;PROD_15;6;1
ORD_731;PROD_39;8;4
ORD_731;PROD_7;8;5
ORD_732;PROD_49;4;1
ORD_732;PROD_38;5;3
ORD_732;PROD_27;1;5
ORD_732;PROD_45;5;2
ORD_732;PROD_33;7;4
ORD_732;PROD_11;2;2
ORD_732;PROD_25;5;1
ORD_732;PROD_29;9;1
ORD_732;PROD_13;8;3
ORD_733;PROD_20;8;2
ORD_733;PROD_16;8;3
ORD_733;PROD_2;1;3
ORD_733;PROD_49;1;1
ORD_733;PROD_29;8;1
ORD_733;PROD_49;7;1
ORD_734;PROD_37;3;5
ORD_734;PROD_8;6;3
ORD_734;PROD_17;2;4
ORD_734;PROD_34;6;5
ORD_734;PROD_20;2;2
ORD_734;PROD_25;5;1
ORD_734;PROD_13;9;5
ORD_735;PROD_24;6;5
ORD_735;PROD_26;5;3
ORD_735;PROD_35;5;2
ORD_735;PROD_48;4;5
ORD_735;PROD_37;4;2
ORD_735;PROD_19;2;2
ORD_735;PROD_3;6;3
ORD_735;PROD_5;2;4
ORD_735;PROD_45;3;5
ORD_735;PROD_37;2;5
ORD_736;PROD_49;5;5
ORD_736;PROD_38;3;1
ORD_736;PROD_27;1;1
ORD_736;PROD_45;3;5
ORD_736;PROD_33;4;1
ORD_736;PROD_20;5;1
ORD_736;PROD_25;4;4
ORD_736;PROD_13;2;1
ORD_736;PROD_32;2;5
ORD_736;PROD_22;5;1
ORD_736;PROD_29;8;1
ORD_736;PROD_8;7;2
ORD_736;PROD_42;2;1
ORD_736;PROD_3;2;1
ORD_737;PROD_25;5;2
ORD_737;PROD_21;7;4
ORD_737;PROD_14;3;2
ORD_737;PROD_42;6;3
ORD_737;PROD_36;8;1
ORD_737;PROD_21;8;3
ORD_737;PROD_15;9;4
ORD_738;PROD_23;7;3
ORD_738;PROD_19;9;1
ORD_738;PROD_38;1;5
ORD_738;PROD_45;6;4
ORD_738;PROD_49;5;2
ORD_738;PROD_7;5;2
ORD_738;PROD_10;9;3
ORD_739;PROD_23;9;4
ORD_739;PROD_19;6;2
ORD_739;PROD_38;4;2
ORD_739;PROD_36;7;4
ORD_739;PROD_21;8;2
ORD_739;PROD_15;7;4
ORD_740;PROD_2;5;1
ORD_740;PROD_28;2;5
ORD_740;PROD_37;1;5
ORD_740;PROD_8;6;5
ORD_740;PROD_17;1;5
ORD_740;PROD_34;2;3
ORD_740;PROD_49;6;3
ORD_740;PROD_38;1;2
ORD_740;PROD_27;4;2
ORD_740;PROD_45;6;2
ORD_740;PROD_33;9;3
ORD_740;PROD_15;1;4
ORD_740;PROD_3;5;5
ORD_741;PROD_49;3;3
ORD_741;PROD_38;7;5
ORD_741;PROD_27;9;5
ORD_741;PROD_45;6;4
ORD_741;PROD_33;8;3
ORD_741;PROD_24;9;5
ORD_741;PROD_5;1;5
ORD_741;PROD_2;5;3
ORD_741;PROD_33;6;3
ORD_741;PROD_20;6;1
ORD_741;PROD_18;2;3
ORD_741;PROD_1;4;5
ORD_741;PROD_40;4;4
ORD_741;PROD_47;8;4
ORD_741;PROD_48;2;4
ORD_742;PROD_24;8;2
ORD_742;PROD_5;4;4
ORD_742;PROD_2;3;4
ORD_742;PROD_33;6;5
ORD_742;PROD_23;9;1
ORD_742;PROD_19;1;3
ORD_742;PROD_38;2;5
ORD_742;PROD_10;7;4
ORD_742;PROD_34;3;4
ORD_743;PROD_50;3;1
ORD_743;PROD_38;4;3
ORD_743;PROD_17;1;5
ORD_743;PROD_29;7;5
ORD_743;PROD_33;2;1
ORD_743;PROD_26;7;4
ORD_743;PROD_43;6;3
ORD_744;PROD_20;3;5
ORD_744;PROD_25;7;2
ORD_744;PROD_13;8;4
ORD_744;PROD_13;3;4
ORD_744;PROD_40;4;3
ORD_744;PROD_47;8;1
ORD_744;PROD_18;3;2
ORD_744;PROD_16;9;4
ORD_744;PROD_25;3;2
ORD_744;PROD_21;1;3
ORD_744;PROD_14;1;1
ORD_744;PROD_42;3;1
ORD_744;PROD_2;6;1
ORD_744;PROD_18;4;2
ORD_745;PROD_23;2;5
ORD_745;PROD_19;3;1
ORD_745;PROD_38;5;1
ORD_745;PROD_13;3;2
ORD_745;PROD_44;9;3
ORD_745;PROD_43;2;2
ORD_745;PROD_45;2;1
ORD_746;PROD_14;1;4
ORD_746;PROD_37;8;3
ORD_746;PROD_7;3;3
ORD_746;PROD_3;1;5
ORD_746;PROD_10;3;4
ORD_746;PROD_5;5;1
ORD_746;PROD_8;8;2
ORD_746;PROD_36;4;5
ORD_747;PROD_17;1;5
ORD_747;PROD_20;5;1
ORD_747;PROD_4;3;2
ORD_747;PROD_19;9;4
ORD_747;PROD_42;7;4
ORD_747;PROD_20;2;1
ORD_747;PROD_11;7;1
ORD_747;PROD_19;4;1
ORD_747;PROD_23;6;2
ORD_747;PROD_25;5;5
ORD_747;PROD_12;5;5
ORD_748;PROD_33;8;1
ORD_748;PROD_33;9;2
ORD_748;PROD_14;5;5
ORD_748;PROD_12;6;3
ORD_748;PROD_8;1;5
ORD_748;PROD_26;8;4
ORD_749;PROD_36;1;2
ORD_749;PROD_21;6;5
ORD_749;PROD_15;1;2
ORD_749;PROD_39;1;3
ORD_749;PROD_13;3;1
ORD_749;PROD_40;7;3
ORD_749;PROD_47;4;1
ORD_749;PROD_18;2;2
ORD_749;PROD_16;5;2
ORD_749;PROD_18;4;5
ORD_750;PROD_11;1;3
ORD_750;PROD_25;4;4
ORD_750;PROD_29;3;2
ORD_750;PROD_13;4;4
ORD_750;PROD_32;9;4
ORD_750;PROD_43;5;5
ORD_750;PROD_6;6;4
ORD_750;PROD_45;8;3
ORD_750;PROD_43;3;5
ORD_750;PROD_19;9;1
ORD_750;PROD_7;3;3
ORD_750;PROD_30;5;5
ORD_751;PROD_7;5;1
ORD_751;PROD_27;6;4
ORD_751;PROD_49;3;3
ORD_751;PROD_10;3;2
ORD_751;PROD_15;8;4
ORD_751;PROD_25;9;4
ORD_751;PROD_25;4;2
ORD_751;PROD_34;8;1
ORD_751;PROD_7;5;4
ORD_751;PROD_17;3;5
ORD_751;PROD_23;9;3
ORD_752;PROD_13;5;2
ORD_752;PROD_40;2;3
ORD_752;PROD_47;1;5
ORD_752;PROD_18;3;2
ORD_752;PROD_16;1;4
ORD_752;PROD_47;5;1
ORD_752;PROD_33;9;4
ORD_752;PROD_38;2;1
ORD_752;PROD_44;2;4
ORD_752;PROD_4;1;4
ORD_752;PROD_35;3;2
ORD_752;PROD_5;8;3
ORD_752;PROD_20;3;3
ORD_752;PROD_12;4;4
ORD_753;PROD_12;2;4
ORD_753;PROD_26;4;5
ORD_753;PROD_29;9;4
ORD_753;PROD_35;2;2
ORD_753;PROD_38;2;4
ORD_753;PROD_48;2;2
ORD_753;PROD_32;8;2
ORD_753;PROD_24;2;3
ORD_753;PROD_12;4;3
ORD_753;PROD_22;1;5
ORD_753;PROD_23;1;3
ORD_754;PROD_28;9;1
ORD_754;PROD_24;8;1
ORD_754;PROD_13;1;3
ORD_754;PROD_28;7;4
ORD_754;PROD_36;5;1
ORD_754;PROD_8;2;5
ORD_754;PROD_41;3;3
ORD_754;PROD_28;6;1
ORD_754;PROD_14;6;3
ORD_754;PROD_43;7;5
ORD_754;PROD_46;1;5
ORD_754;PROD_2;3;5
ORD_754;PROD_36;7;4
ORD_754;PROD_10;3;5
ORD_755;PROD_25;9;3
ORD_755;PROD_21;3;4
ORD_755;PROD_14;4;1
ORD_755;PROD_42;6;3
ORD_755;PROD_47;1;1
ORD_755;PROD_33;4;3
ORD_755;PROD_38;3;1
ORD_755;PROD_26;5;2
ORD_755;PROD_41;1;4
ORD_755;PROD_7;5;3
ORD_756;PROD_22;4;2
ORD_756;PROD_43;9;1
ORD_756;PROD_32;9;1
ORD_756;PROD_25;6;5
ORD_756;PROD_39;7;4
ORD_756;PROD_10;4;5
ORD_756;PROD_20;3;4
ORD_756;PROD_4;9;3
ORD_756;PROD_3;4;2
ORD_756;PROD_15;9;3
ORD_756;PROD_4;9;5
ORD_756;PROD_48;9;5
ORD_756;PROD_47;4;2
ORD_756;PROD_26;2;3
ORD_756;PROD_34;1;1
ORD_757;PROD_26;1;4
ORD_757;PROD_13;9;5
ORD_757;PROD_23;2;2
ORD_757;PROD_16;7;2
ORD_757;PROD_20;9;2
ORD_757;PROD_38;2;1
ORD_757;PROD_9;6;4
ORD_757;PROD_27;4;1
ORD_758;PROD_11;3;1
ORD_758;PROD_25;3;2
ORD_758;PROD_29;7;4
ORD_758;PROD_13;8;3
ORD_758;PROD_6;1;2
ORD_758;PROD_45;8;3
ORD_758;PROD_43;6;2
ORD_758;PROD_47;3;3
ORD_758;PROD_33;5;2
ORD_758;PROD_38;3;5
ORD_758;PROD_47;4;1
ORD_758;PROD_12;9;3
ORD_758;PROD_7;2;1
ORD_758;PROD_20;2;2
ORD_759;PROD_38;6;4
ORD_759;PROD_8;3;5
ORD_759;PROD_39;6;4
ORD_759;PROD_46;5;1
ORD_759;PROD_44;9;1
ORD_759;PROD_41;5;2
ORD_759;PROD_11;8;1
ORD_759;PROD_46;1;1
ORD_759;PROD_2;6;1
ORD_759;PROD_18;7;5
ORD_759;PROD_12;4;1
ORD_759;PROD_7;5;4
ORD_760;PROD_12;7;1
ORD_760;PROD_19;4;1
ORD_760;PROD_43;1;3
ORD_760;PROD_44;3;5
ORD_760;PROD_33;7;4
ORD_761;PROD_2;2;5
ORD_761;PROD_28;7;5
ORD_761;PROD_24;2;5
ORD_761;PROD_39;2;5
ORD_761;PROD_43;8;1
ORD_761;PROD_20;1;2
ORD_762;PROD_49;9;2
ORD_762;PROD_38;4;1
ORD_762;PROD_27;1;1
ORD_762;PROD_45;8;2
ORD_762;PROD_33;3;3
ORD_763;PROD_36;3;2
ORD_763;PROD_21;9;1
ORD_763;PROD_15;5;2
ORD_763;PROD_39;9;5
ORD_763;PROD_23;2;5
ORD_763;PROD_19;8;2
ORD_763;PROD_38;9;2
ORD_763;PROD_42;7;4
ORD_763;PROD_21;1;1
ORD_764;PROD_13;5;5
ORD_764;PROD_40;4;2
ORD_764;PROD_47;1;3
ORD_764;PROD_18;4;4
ORD_764;PROD_16;5;3
ORD_764;PROD_24;6;3
ORD_765;PROD_39;5;1
ORD_765;PROD_37;1;1
ORD_765;PROD_38;7;1
ORD_765;PROD_23;1;2
ORD_765;PROD_23;9;3
ORD_765;PROD_19;2;2
ORD_765;PROD_38;3;1
ORD_765;PROD_47;3;1
ORD_765;PROD_33;2;3
ORD_766;PROD_36;7;3
ORD_766;PROD_21;1;5
ORD_766;PROD_15;6;3
ORD_766;PROD_39;1;4
ORD_766;PROD_32;7;1
ORD_766;PROD_43;6;5
ORD_766;PROD_23;9;2
ORD_767;PROD_23;7;2
ORD_767;PROD_44;4;2
ORD_767;PROD_18;8;5
ORD_767;PROD_4;2;1
ORD_767;PROD_22;3;4
ORD_767;PROD_42;2;4
ORD_767;PROD_13;1;1
ORD_768;PROD_20;4;4
ORD_768;PROD_18;5;3
ORD_768;PROD_39;3;3
ORD_768;PROD_37;9;3
ORD_768;PROD_38;1;5
ORD_768;PROD_23;8;5
ORD_768;PROD_36;5;5
ORD_768;PROD_21;2;4
ORD_769;PROD_34;7;3
ORD_769;PROD_38;2;5
ORD_769;PROD_49;2;5
ORD_769;PROD_42;7;1
ORD_769;PROD_4;1;2
ORD_769;PROD_8;5;2
ORD_769;PROD_8;7;1
ORD_769;PROD_50;1;3
ORD_769;PROD_7;4;2
ORD_769;PROD_17;5;5
ORD_769;PROD_8;3;1
ORD_770;PROD_2;5;5
ORD_770;PROD_22;5;3
ORD_770;PROD_15;5;4
ORD_770;PROD_15;3;3
ORD_770;PROD_36;7;1
ORD_770;PROD_3;7;3
ORD_770;PROD_49;3;2
ORD_770;PROD_8;9;5
ORD_770;PROD_27;2;1
ORD_770;PROD_29;3;5
ORD_770;PROD_39;9;1
ORD_770;PROD_42;7;1
ORD_770;PROD_29;3;3
ORD_771;PROD_39;4;1
ORD_771;PROD_37;3;5
ORD_771;PROD_38;9;3
ORD_771;PROD_23;3;4
ORD_771;PROD_39;4;5
ORD_771;PROD_37;9;5
ORD_771;PROD_38;6;1
ORD_771;PROD_23;8;1
ORD_771;PROD_49;1;3
ORD_771;PROD_38;4;2
ORD_771;PROD_27;7;4
ORD_771;PROD_45;7;5
ORD_771;PROD_33;3;5
ORD_771;PROD_20;2;1
ORD_771;PROD_24;4;5
ORD_772;PROD_45;3;5
ORD_772;PROD_32;8;1
ORD_772;PROD_37;8;1
ORD_772;PROD_48;4;5
ORD_772;PROD_29;8;5
ORD_773;PROD_40;7;5
ORD_773;PROD_9;2;4
ORD_773;PROD_25;6;4
ORD_773;PROD_46;4;3
ORD_773;PROD_23;1;4
ORD_773;PROD_32;9;5
ORD_773;PROD_43;5;3
ORD_773;PROD_6;4;1
ORD_773;PROD_29;6;1
ORD_773;PROD_31;5;2
ORD_773;PROD_17;2;1
ORD_773;PROD_1;8;2
ORD_773;PROD_48;5;2
ORD_773;PROD_26;1;3
ORD_774;PROD_36;9;4
ORD_774;PROD_21;6;5
ORD_774;PROD_15;7;1
ORD_774;PROD_39;7;1
ORD_774;PROD_30;2;2
ORD_774;PROD_10;6;3
ORD_774;PROD_21;5;4
ORD_774;PROD_42;7;2
ORD_774;PROD_39;1;1
ORD_774;PROD_11;6;2
ORD_774;PROD_34;2;3
ORD_774;PROD_13;1;4
ORD_774;PROD_34;7;2
ORD_775;PROD_47;4;4
ORD_775;PROD_33;9;4
ORD_775;PROD_38;4;1
ORD_775;PROD_10;8;1
ORD_775;PROD_15;9;4
ORD_775;PROD_16;5;2
ORD_775;PROD_26;9;4
ORD_775;PROD_47;3;2
ORD_775;PROD_7;1;5
ORD_775;PROD_16;9;2
ORD_775;PROD_31;2;4
ORD_775;PROD_45;9;1
ORD_775;PROD_25;8;2
ORD_775;PROD_49;3;3
ORD_776;PROD_11;1;5
ORD_776;PROD_50;9;3
ORD_776;PROD_7;5;2
ORD_776;PROD_18;7;1
ORD_776;PROD_33;2;3
ORD_776;PROD_33;1;1
ORD_776;PROD_23;4;2
ORD_776;PROD_45;2;4
ORD_777;PROD_4;6;5
ORD_777;PROD_19;8;4
ORD_777;PROD_38;6;5
ORD_777;PROD_20;4;2
ORD_777;PROD_5;8;5
ORD_777;PROD_47;6;3
ORD_777;PROD_19;8;4
ORD_778;PROD_32;8;5
ORD_778;PROD_28;6;3
ORD_778;PROD_27;3;5
ORD_778;PROD_10;6;2
ORD_778;PROD_22;1;5
ORD_778;PROD_40;7;3
ORD_778;PROD_42;7;2
ORD_778;PROD_37;4;5
ORD_778;PROD_45;9;4
ORD_778;PROD_21;4;5
ORD_778;PROD_49;9;4
ORD_778;PROD_34;3;3
ORD_778;PROD_6;3;2
ORD_778;PROD_45;6;5
ORD_779;PROD_37;9;4
ORD_779;PROD_34;1;3
ORD_779;PROD_45;6;5
ORD_779;PROD_1;5;1
ORD_779;PROD_34;8;3
ORD_779;PROD_20;1;5
ORD_779;PROD_23;6;1
ORD_779;PROD_26;8;5
ORD_779;PROD_14;9;4
ORD_779;PROD_35;4;3
ORD_779;PROD_32;3;2
ORD_780;PROD_7;1;3
ORD_780;PROD_26;9;4
ORD_780;PROD_24;5;5
ORD_780;PROD_27;8;3
ORD_780;PROD_49;8;4
ORD_780;PROD_14;4;4
ORD_780;PROD_9;1;4
ORD_780;PROD_46;8;5
ORD_780;PROD_47;5;2
ORD_781;PROD_20;8;3
ORD_781;PROD_25;4;2
ORD_781;PROD_13;9;4
ORD_781;PROD_25;7;1
ORD_781;PROD_29;4;5
ORD_781;PROD_9;6;3
ORD_781;PROD_29;5;5
ORD_781;PROD_21;5;4
ORD_781;PROD_46;9;3
ORD_782;PROD_25;9;3
ORD_782;PROD_21;6;3
ORD_782;PROD_14;5;1
ORD_782;PROD_42;6;5
ORD_782;PROD_20;8;3
ORD_782;PROD_18;5;1
ORD_782;PROD_5;8;4
ORD_782;PROD_8;1;3
ORD_782;PROD_37;6;5
ORD_782;PROD_34;2;3
ORD_782;PROD_9;6;4
ORD_783;PROD_23;8;2
ORD_783;PROD_19;8;5
ORD_783;PROD_38;8;4
ORD_783;PROD_13;6;1
ORD_783;PROD_40;4;5
ORD_784;PROD_24;9;1
ORD_784;PROD_5;4;4
ORD_784;PROD_2;1;4
ORD_784;PROD_33;3;2
ORD_784;PROD_10;6;1
ORD_784;PROD_15;3;4
ORD_784;PROD_20;5;2
ORD_784;PROD_25;8;3
ORD_784;PROD_13;5;5
ORD_784;PROD_49;3;4
ORD_784;PROD_21;8;3
ORD_784;PROD_28;7;2
ORD_785;PROD_20;7;3
ORD_785;PROD_18;8;3
ORD_785;PROD_36;9;3
ORD_785;PROD_21;2;5
ORD_785;PROD_15;6;3
ORD_785;PROD_39;8;1
ORD_785;PROD_40;3;5
ORD_785;PROD_6;4;3
ORD_785;PROD_14;3;5
ORD_785;PROD_44;1;2
ORD_785;PROD_6;8;4
ORD_785;PROD_18;6;5
ORD_785;PROD_42;1;1
ORD_785;PROD_19;4;5
ORD_786;PROD_6;1;4
ORD_786;PROD_45;9;3
ORD_786;PROD_43;5;4
ORD_786;PROD_36;7;5
ORD_786;PROD_21;6;4
ORD_786;PROD_15;5;2
ORD_786;PROD_39;6;3
ORD_786;PROD_25;3;5
ORD_786;PROD_21;7;2
ORD_786;PROD_14;7;5
ORD_786;PROD_42;8;5
ORD_786;PROD_34;6;3
ORD_786;PROD_20;3;1
ORD_786;PROD_10;2;4
ORD_787;PROD_6;1;3
ORD_787;PROD_43;7;3
ORD_787;PROD_43;6;4
ORD_787;PROD_32;1;3
ORD_787;PROD_16;8;1
ORD_787;PROD_23;2;5
ORD_787;PROD_19;5;1
ORD_787;PROD_50;5;3
ORD_787;PROD_16;7;2
ORD_787;PROD_31;1;2
ORD_787;PROD_1;1;2
ORD_787;PROD_35;8;4
ORD_787;PROD_15;8;3
ORD_787;PROD_2;4;4
ORD_787;PROD_19;3;1
ORD_788;PROD_37;2;4
ORD_788;PROD_8;5;5
ORD_788;PROD_17;3;4
ORD_788;PROD_34;5;1
ORD_788;PROD_20;1;5
ORD_788;PROD_9;3;2
ORD_788;PROD_2;9;2
ORD_789;PROD_9;1;3
ORD_789;PROD_15;6;4
ORD_789;PROD_19;8;3
ORD_789;PROD_41;7;5
ORD_789;PROD_24;8;5
ORD_789;PROD_44;9;4
ORD_789;PROD_47;5;1
ORD_789;PROD_44;2;3
ORD_789;PROD_1;7;2
ORD_789;PROD_39;2;1
ORD_790;PROD_33;6;4
ORD_790;PROD_45;4;4
ORD_790;PROD_4;4;2
ORD_790;PROD_45;5;2
ORD_790;PROD_17;4;5
ORD_790;PROD_17;2;5
ORD_790;PROD_44;6;1
ORD_790;PROD_1;5;3
ORD_790;PROD_38;2;3
ORD_790;PROD_42;9;3
ORD_790;PROD_34;9;1
ORD_790;PROD_30;9;5
ORD_790;PROD_2;6;4
ORD_790;PROD_50;3;1
ORD_790;PROD_10;8;2
ORD_791;PROD_21;1;3
ORD_791;PROD_20;1;1
ORD_791;PROD_21;6;4
ORD_791;PROD_19;9;5
ORD_791;PROD_21;5;2
ORD_791;PROD_20;4;2
ORD_791;PROD_5;2;2
ORD_791;PROD_34;4;5
ORD_791;PROD_27;4;1
ORD_791;PROD_20;2;5
ORD_791;PROD_32;9;3
ORD_791;PROD_25;2;1
ORD_791;PROD_39;7;2
ORD_791;PROD_25;4;4
ORD_791;PROD_14;3;2
ORD_792;PROD_42;4;1
ORD_792;PROD_31;5;4
ORD_792;PROD_49;4;3
ORD_792;PROD_14;9;5
ORD_792;PROD_36;1;4
ORD_792;PROD_11;3;1
ORD_792;PROD_3;3;1
ORD_793;PROD_20;6;1
ORD_793;PROD_25;9;2
ORD_793;PROD_13;2;5
ORD_793;PROD_19;6;2
ORD_793;PROD_27;3;5
ORD_793;PROD_18;1;5
ORD_793;PROD_14;4;1
ORD_793;PROD_4;7;3
ORD_793;PROD_43;6;2
ORD_794;PROD_41;3;4
ORD_794;PROD_25;6;4
ORD_794;PROD_23;6;5
ORD_794;PROD_5;7;5
ORD_794;PROD_42;4;4
ORD_794;PROD_27;5;1
ORD_794;PROD_43;7;1
ORD_795;PROD_8;8;5
ORD_795;PROD_38;8;2
ORD_795;PROD_13;9;4
ORD_795;PROD_39;1;1
ORD_795;PROD_11;9;3
ORD_795;PROD_21;4;1
ORD_795;PROD_8;4;3
ORD_795;PROD_19;5;1
ORD_795;PROD_34;4;1
ORD_795;PROD_39;8;3
ORD_796;PROD_8;8;1
ORD_796;PROD_6;9;1
ORD_796;PROD_30;5;2
ORD_796;PROD_35;4;4
ORD_796;PROD_17;4;3
ORD_796;PROD_6;8;2
ORD_797;PROD_20;4;2
ORD_797;PROD_25;9;5
ORD_797;PROD_13;2;1
ORD_797;PROD_25;3;3
ORD_797;PROD_21;7;5
ORD_797;PROD_14;6;2
ORD_797;PROD_42;7;2
ORD_797;PROD_28;8;1
ORD_797;PROD_24;2;1
ORD_798;PROD_37;4;1
ORD_798;PROD_23;7;1
ORD_798;PROD_2;4;4
ORD_798;PROD_47;6;3
ORD_798;PROD_39;1;2
ORD_798;PROD_40;9;3
ORD_798;PROD_6;9;2
ORD_798;PROD_12;4;1
ORD_798;PROD_28;1;2
ORD_798;PROD_12;1;1
ORD_798;PROD_46;1;4
ORD_798;PROD_4;6;1
ORD_798;PROD_32;7;3
ORD_798;PROD_25;2;3
ORD_798;PROD_44;7;4
ORD_799;PROD_36;1;2
ORD_799;PROD_28;6;3
ORD_799;PROD_23;6;5
ORD_799;PROD_50;2;4
ORD_799;PROD_11;6;2
ORD_799;PROD_1;8;2
ORD_799;PROD_39;3;5
ORD_799;PROD_22;1;4
ORD_799;PROD_13;9;4
ORD_799;PROD_34;2;4
ORD_800;PROD_33;5;5
ORD_800;PROD_23;7;2
ORD_800;PROD_19;1;2
ORD_800;PROD_49;3;5
ORD_800;PROD_14;4;5
ORD_800;PROD_46;7;3
ORD_800;PROD_40;3;5
ORD_800;PROD_35;3;1
ORD_800;PROD_14;5;1
ORD_800;PROD_20;3;5
ORD_800;PROD_47;5;3
ORD_800;PROD_48;6;4
ORD_800;PROD_45;4;4
ORD_800;PROD_4;2;1
ORD_800;PROD_16;2;4
ORD_801;PROD_37;4;4
ORD_801;PROD_8;5;2
ORD_801;PROD_17;3;2
ORD_801;PROD_34;7;1
ORD_801;PROD_38;9;3
ORD_801;PROD_22;5;1
ORD_801;PROD_10;5;4
ORD_801;PROD_22;2;5
ORD_801;PROD_28;3;5
ORD_801;PROD_47;3;2
ORD_802;PROD_38;8;4
ORD_802;PROD_4;7;3
ORD_802;PROD_37;9;3
ORD_802;PROD_11;2;1
ORD_802;PROD_20;2;5
ORD_802;PROD_10;9;3
ORD_802;PROD_30;2;5
ORD_802;PROD_37;4;4
ORD_802;PROD_16;7;3
ORD_802;PROD_9;4;5
ORD_803;PROD_25;9;1
ORD_803;PROD_21;3;2
ORD_803;PROD_14;9;3
ORD_803;PROD_42;4;4
ORD_803;PROD_13;5;4
ORD_803;PROD_40;5;1
ORD_803;PROD_47;8;5
ORD_803;PROD_18;5;3
ORD_803;PROD_16;9;1
ORD_803;PROD_49;9;3
ORD_803;PROD_38;7;3
ORD_803;PROD_27;7;3
ORD_804;PROD_20;7;5
ORD_804;PROD_18;9;4
ORD_804;PROD_42;2;1
ORD_804;PROD_42;9;2
ORD_804;PROD_31;3;5
ORD_804;PROD_4;7;1
ORD_804;PROD_31;4;2
ORD_804;PROD_9;5;1
ORD_804;PROD_44;2;4
ORD_804;PROD_12;7;5
ORD_804;PROD_47;2;2
ORD_804;PROD_39;7;5
ORD_804;PROD_20;9;2
ORD_805;PROD_23;8;4
ORD_805;PROD_19;2;4
ORD_805;PROD_38;7;2
ORD_805;PROD_32;8;1
ORD_805;PROD_43;8;2
ORD_805;PROD_43;8;2
ORD_805;PROD_47;5;1
ORD_805;PROD_5;4;5
ORD_805;PROD_5;3;5
ORD_806;PROD_11;7;5
ORD_806;PROD_18;5;2
ORD_806;PROD_49;8;3
ORD_806;PROD_35;4;4
ORD_806;PROD_47;9;3
ORD_807;PROD_35;6;5
ORD_807;PROD_6;3;5
ORD_807;PROD_1;8;1
ORD_807;PROD_18;5;4
ORD_807;PROD_43;1;1
ORD_807;PROD_42;3;3
ORD_807;PROD_9;3;2
ORD_808;PROD_39;8;3
ORD_808;PROD_37;3;5
ORD_808;PROD_38;1;2
ORD_808;PROD_23;2;2
ORD_808;PROD_11;2;1
ORD_808;PROD_25;6;5
ORD_808;PROD_29;2;2
ORD_808;PROD_13;3;5
ORD_808;PROD_18;4;4
ORD_808;PROD_22;1;5
ORD_808;PROD_35;9;4
ORD_809;PROD_3;1;3
ORD_809;PROD_50;4;5
ORD_809;PROD_3;2;2
ORD_809;PROD_13;4;3
ORD_809;PROD_28;4;5
ORD_809;PROD_23;6;4
ORD_809;PROD_2;6;1
ORD_809;PROD_37;1;1
ORD_809;PROD_8;5;1
ORD_809;PROD_6;7;1
ORD_810;PROD_30;4;2
ORD_810;PROD_7;1;5
ORD_810;PROD_7;5;5
ORD_810;PROD_1;5;3
ORD_810;PROD_49;3;4
ORD_810;PROD_24;3;2
ORD_810;PROD_16;3;1
ORD_810;PROD_43;3;4
ORD_810;PROD_25;2;3
ORD_811;PROD_19;8;2
ORD_811;PROD_34;4;5
ORD_811;PROD_10;9;5
ORD_811;PROD_28;7;4
ORD_811;PROD_39;6;5
ORD_812;PROD_47;1;4
ORD_812;PROD_33;3;3
ORD_812;PROD_38;6;5
ORD_812;PROD_40;6;5
ORD_812;PROD_9;8;3
ORD_812;PROD_25;9;2
ORD_812;PROD_46;1;4
ORD_812;PROD_23;6;4
ORD_812;PROD_9;6;4
ORD_813;PROD_32;5;3
ORD_813;PROD_37;9;3
ORD_813;PROD_39;3;1
ORD_813;PROD_15;4;1
ORD_813;PROD_29;5;2
ORD_813;PROD_12;3;4
ORD_814;PROD_9;1;2
ORD_814;PROD_30;8;5
ORD_814;PROD_34;8;3
ORD_814;PROD_25;5;3
ORD_814;PROD_1;9;3
ORD_815;PROD_37;8;1
ORD_815;PROD_8;5;3
ORD_815;PROD_17;9;2
ORD_815;PROD_34;1;1
ORD_815;PROD_10;4;2
ORD_815;PROD_15;8;2
ORD_815;PROD_11;4;4
ORD_815;PROD_25;8;2
ORD_815;PROD_29;2;4
ORD_815;PROD_13;1;3
ORD_815;PROD_10;7;3
ORD_815;PROD_21;5;1
ORD_815;PROD_11;7;4
ORD_816;PROD_8;5;4
ORD_816;PROD_22;5;5
ORD_816;PROD_42;9;5
ORD_816;PROD_1;8;2
ORD_816;PROD_15;5;2
ORD_816;PROD_2;4;5
ORD_816;PROD_4;4;5
ORD_816;PROD_12;3;5
ORD_816;PROD_4;3;5
ORD_816;PROD_40;5;3
ORD_816;PROD_19;6;4
ORD_817;PROD_32;7;1
ORD_817;PROD_43;4;4
ORD_817;PROD_3;9;4
ORD_817;PROD_43;9;4
ORD_817;PROD_13;6;1
ORD_817;PROD_50;7;2
ORD_817;PROD_7;9;3
ORD_818;PROD_18;7;5
ORD_818;PROD_22;3;1
ORD_818;PROD_46;8;2
ORD_818;PROD_8;7;2
ORD_818;PROD_18;5;1
ORD_818;PROD_7;1;2
ORD_818;PROD_28;8;2
ORD_818;PROD_23;1;5
ORD_818;PROD_27;4;4
ORD_818;PROD_45;2;3
ORD_818;PROD_17;8;1
ORD_818;PROD_14;9;3
ORD_818;PROD_2;3;4
ORD_819;PROD_35;2;5
ORD_819;PROD_50;5;1
ORD_819;PROD_2;9;5
ORD_819;PROD_37;8;4
ORD_819;PROD_2;1;4
ORD_819;PROD_46;5;2
ORD_819;PROD_3;7;1
ORD_819;PROD_27;4;5
ORD_819;PROD_26;8;2
ORD_819;PROD_28;6;3
ORD_819;PROD_39;5;2
ORD_819;PROD_24;6;5
ORD_819;PROD_4;7;2
ORD_819;PROD_31;7;2
ORD_819;PROD_12;4;5
ORD_820;PROD_21;6;3
ORD_820;PROD_23;7;2
ORD_820;PROD_22;3;5
ORD_820;PROD_25;1;4
ORD_820;PROD_44;1;1
ORD_820;PROD_44;9;2
ORD_820;PROD_35;3;4
ORD_820;PROD_31;2;1
ORD_820;PROD_6;6;2
ORD_820;PROD_24;2;3
ORD_821;PROD_34;1;1
ORD_821;PROD_46;7;3
ORD_821;PROD_34;7;5
ORD_821;PROD_8;7;5
ORD_821;PROD_22;6;1
ORD_821;PROD_45;8;2
ORD_821;PROD_34;3;3
ORD_821;PROD_32;9;2
ORD_821;PROD_24;8;4
ORD_821;PROD_19;7;2
ORD_821;PROD_45;1;1
ORD_821;PROD_12;8;3
ORD_821;PROD_6;4;2
ORD_822;PROD_10;8;3
ORD_822;PROD_44;9;2
ORD_822;PROD_22;5;5
ORD_822;PROD_29;3;2
ORD_822;PROD_17;2;1
ORD_822;PROD_28;1;1
ORD_822;PROD_1;7;5
ORD_822;PROD_3;2;5
ORD_822;PROD_46;4;5
ORD_822;PROD_36;2;1
ORD_823;PROD_34;9;3
ORD_823;PROD_47;5;2
ORD_823;PROD_46;6;2
ORD_823;PROD_43;1;2
ORD_823;PROD_1;6;3
ORD_823;PROD_1;4;5
ORD_823;PROD_2;3;5
ORD_823;PROD_35;1;2
ORD_823;PROD_41;3;2
ORD_824;PROD_33;8;1
ORD_824;PROD_14;2;2
ORD_824;PROD_43;1;2
ORD_824;PROD_27;1;2
ORD_824;PROD_41;7;1
ORD_824;PROD_40;5;1
ORD_824;PROD_46;4;5
ORD_824;PROD_44;9;3
ORD_824;PROD_42;8;4
ORD_825;PROD_39;5;4
ORD_825;PROD_37;6;5
ORD_825;PROD_38;3;4
ORD_825;PROD_23;7;2
ORD_825;PROD_35;1;2
ORD_825;PROD_7;6;2
ORD_826;PROD_30;2;2
ORD_826;PROD_9;9;3
ORD_826;PROD_46;9;2
ORD_826;PROD_42;5;2
ORD_826;PROD_13;6;5
ORD_826;PROD_48;1;3
ORD_826;PROD_41;1;3
ORD_826;PROD_16;1;2
ORD_826;PROD_24;3;4
ORD_826;PROD_22;1;5
ORD_827;PROD_26;8;1
ORD_827;PROD_42;4;5
ORD_827;PROD_38;9;1
ORD_827;PROD_48;6;4
ORD_827;PROD_21;7;2
ORD_827;PROD_4;2;5
ORD_827;PROD_8;1;1
ORD_827;PROD_7;7;2
ORD_827;PROD_25;8;3
ORD_827;PROD_40;4;5
ORD_827;PROD_17;1;2
ORD_827;PROD_5;4;2
ORD_828;PROD_37;5;2
ORD_828;PROD_8;2;2
ORD_828;PROD_17;9;5
ORD_828;PROD_34;2;5
ORD_828;PROD_3;1;3
ORD_828;PROD_1;1;4
ORD_828;PROD_34;4;4
ORD_828;PROD_24;7;4
ORD_828;PROD_7;3;5
ORD_828;PROD_28;3;4
ORD_829;PROD_20;4;3
ORD_829;PROD_25;2;3
ORD_829;PROD_13;2;1
ORD_829;PROD_20;3;4
ORD_829;PROD_18;3;2
ORD_830;PROD_10;9;1
ORD_830;PROD_15;4;4
ORD_830;PROD_32;3;2
ORD_830;PROD_3;4;3
ORD_830;PROD_25;4;5
ORD_830;PROD_3;8;5
ORD_830;PROD_1;7;3
ORD_830;PROD_41;1;1
ORD_830;PROD_23;7;1
ORD_830;PROD_36;8;5
ORD_830;PROD_27;4;1
ORD_830;PROD_47;9;3
ORD_830;PROD_12;1;3
ORD_830;PROD_3;7;1
ORD_830;PROD_42;7;3
ORD_831;PROD_38;3;1
ORD_831;PROD_4;3;1
ORD_831;PROD_37;5;5
ORD_831;PROD_11;2;4
ORD_831;PROD_20;6;3
ORD_831;PROD_29;3;5
ORD_831;PROD_1;3;3
ORD_831;PROD_15;2;2
ORD_832;PROD_49;9;5
ORD_832;PROD_38;1;5
ORD_832;PROD_27;6;5
ORD_832;PROD_45;6;2
ORD_832;PROD_33;8;2
ORD_832;PROD_13;5;5
ORD_832;PROD_40;8;5
ORD_832;PROD_47;7;3
ORD_832;PROD_18;3;2
ORD_832;PROD_16;6;5
ORD_832;PROD_7;3;4
ORD_832;PROD_27;4;4
ORD_832;PROD_49;4;5
ORD_833;PROD_25;8;4
ORD_833;PROD_34;1;4
ORD_833;PROD_19;5;5
ORD_833;PROD_48;3;2
ORD_833;PROD_17;2;2
ORD_834;PROD_28;5;4
ORD_834;PROD_22;5;3
ORD_834;PROD_30;3;2
ORD_834;PROD_12;5;2
ORD_834;PROD_8;4;1
ORD_834;PROD_10;8;2
ORD_834;PROD_13;8;3
ORD_834;PROD_50;9;2
ORD_834;PROD_36;8;5
ORD_834;PROD_22;6;2
ORD_834;PROD_26;4;5
ORD_834;PROD_1;9;2
ORD_834;PROD_42;8;1
ORD_834;PROD_23;1;5
ORD_835;PROD_40;1;3
ORD_835;PROD_9;5;1
ORD_835;PROD_25;4;3
ORD_835;PROD_46;1;4
ORD_835;PROD_23;8;1
ORD_836;PROD_20;8;2
ORD_836;PROD_25;9;3
ORD_836;PROD_13;2;5
ORD_836;PROD_36;4;1
ORD_836;PROD_21;9;4
ORD_836;PROD_15;7;5
ORD_836;PROD_39;8;1
ORD_836;PROD_7;7;5
ORD_836;PROD_29;3;5
ORD_836;PROD_21;1;2
ORD_836;PROD_6;6;5
ORD_836;PROD_45;4;3
ORD_836;PROD_10;7;5
ORD_836;PROD_48;8;1
ORD_837;PROD_25;4;5
ORD_837;PROD_21;8;5
ORD_837;PROD_14;6;5
ORD_837;PROD_42;4;5
ORD_837;PROD_32;8;3
ORD_837;PROD_43;6;4
ORD_837;PROD_23;6;4
ORD_837;PROD_19;3;5
ORD_837;PROD_38;2;3
ORD_837;PROD_8;7;5
ORD_838;PROD_48;7;5
ORD_838;PROD_47;8;5
ORD_838;PROD_6;6;3
ORD_838;PROD_4;8;1
ORD_838;PROD_28;5;1
ORD_838;PROD_12;4;5
ORD_838;PROD_2;4;5
ORD_838;PROD_30;7;2
ORD_838;PROD_36;3;4
ORD_838;PROD_5;2;4
ORD_838;PROD_34;1;3
ORD_839;PROD_22;4;2
ORD_839;PROD_43;7;5
ORD_839;PROD_18;4;5
ORD_839;PROD_8;6;1
ORD_839;PROD_44;5;2
ORD_839;PROD_15;6;4
ORD_839;PROD_48;9;2
ORD_840;PROD_7;9;3
ORD_840;PROD_7;5;5
ORD_840;PROD_46;4;5
ORD_840;PROD_49;9;5
ORD_840;PROD_24;5;3
ORD_840;PROD_13;4;3
ORD_840;PROD_37;1;5
ORD_840;PROD_19;1;1
ORD_840;PROD_3;5;4
ORD_841;PROD_38;9;1
ORD_841;PROD_4;6;3
ORD_841;PROD_37;3;2
ORD_841;PROD_11;6;2
ORD_841;PROD_20;3;3
ORD_841;PROD_23;1;1
ORD_841;PROD_19;8;3
ORD_841;PROD_38;1;1
ORD_841;PROD_13;2;2
ORD_841;PROD_2;7;5
ORD_841;PROD_7;9;4
ORD_841;PROD_9;6;2
ORD_841;PROD_24;4;4
ORD_841;PROD_7;8;1
ORD_841;PROD_3;8;3
ORD_842;PROD_19;3;4
ORD_842;PROD_50;8;2
ORD_842;PROD_39;9;3
ORD_842;PROD_10;3;5
ORD_842;PROD_30;9;2
ORD_842;PROD_45;3;1
ORD_842;PROD_29;1;2
ORD_842;PROD_8;5;4
ORD_842;PROD_21;8;5
ORD_842;PROD_3;7;4
ORD_842;PROD_39;4;2
ORD_842;PROD_49;6;1
ORD_843;PROD_7;7;4
ORD_843;PROD_27;1;3
ORD_843;PROD_49;7;2
ORD_843;PROD_2;9;2
ORD_843;PROD_28;9;2
ORD_843;PROD_6;6;5
ORD_843;PROD_45;4;2
ORD_843;PROD_43;4;1
ORD_843;PROD_23;3;3
ORD_843;PROD_23;6;4
ORD_843;PROD_20;5;1
ORD_843;PROD_2;7;4
ORD_844;PROD_3;7;5
ORD_844;PROD_5;8;5
ORD_844;PROD_16;5;2
ORD_844;PROD_46;5;2
ORD_844;PROD_12;8;4
ORD_844;PROD_19;2;1
ORD_844;PROD_37;9;1
ORD_844;PROD_31;2;5
ORD_844;PROD_41;2;3
ORD_844;PROD_24;6;4
ORD_844;PROD_15;9;1
ORD_845;PROD_6;6;2
ORD_845;PROD_24;2;1
ORD_845;PROD_13;8;4
ORD_845;PROD_36;2;1
ORD_845;PROD_43;8;2
ORD_845;PROD_50;7;3
ORD_845;PROD_50;4;4
ORD_845;PROD_19;5;1
ORD_845;PROD_35;3;3
ORD_845;PROD_5;5;5
ORD_845;PROD_36;1;3
ORD_845;PROD_23;2;4
ORD_846;PROD_49;9;5
ORD_846;PROD_38;1;4
ORD_846;PROD_27;9;2
ORD_846;PROD_45;6;1
ORD_846;PROD_33;9;4
ORD_847;PROD_13;6;3
ORD_847;PROD_44;1;1
ORD_847;PROD_43;8;3
ORD_847;PROD_45;5;2
ORD_847;PROD_11;9;5
ORD_847;PROD_25;3;4
ORD_847;PROD_29;8;5
ORD_847;PROD_13;3;2
ORD_847;PROD_13;5;4
ORD_848;PROD_40;9;3
ORD_848;PROD_9;3;3
ORD_848;PROD_25;4;3
ORD_848;PROD_46;9;4
ORD_848;PROD_23;4;4
ORD_848;PROD_20;9;3
ORD_848;PROD_18;8;2
ORD_848;PROD_20;1;4
ORD_848;PROD_10;8;2
ORD_849;PROD_49;7;4
ORD_849;PROD_5;7;3
ORD_849;PROD_48;3;3
ORD_849;PROD_19;8;4
ORD_849;PROD_48;3;3
ORD_849;PROD_29;9;1
ORD_849;PROD_15;4;3
ORD_849;PROD_47;2;4
ORD_849;PROD_39;5;1
ORD_849;PROD_18;5;4
ORD_849;PROD_15;7;3
ORD_849;PROD_27;3;5
ORD_849;PROD_32;3;1
ORD_849;PROD_25;7;5
ORD_849;PROD_50;4;3
ORD_850;PROD_2;1;4
ORD_850;PROD_18;2;3
ORD_850;PROD_30;1;5
ORD_850;PROD_17;2;3
ORD_850;PROD_45;4;4
ORD_850;PROD_39;9;2
ORD_850;PROD_45;2;4
ORD_850;PROD_31;4;4
ORD_850;PROD_35;2;3
ORD_850;PROD_9;4;1
ORD_850;PROD_32;6;4
ORD_850;PROD_23;3;5
ORD_850;PROD_47;8;1
ORD_851;PROD_17;1;3
ORD_851;PROD_31;3;2
ORD_851;PROD_2;1;4
ORD_851;PROD_21;7;5
ORD_851;PROD_10;3;4
ORD_851;PROD_27;2;4
ORD_851;PROD_16;9;4
ORD_851;PROD_11;3;5
ORD_851;PROD_6;1;2
ORD_851;PROD_21;5;4
ORD_852;PROD_49;5;5
ORD_852;PROD_38;9;2
ORD_852;PROD_27;6;5
ORD_852;PROD_45;1;5
ORD_852;PROD_33;1;5
ORD_852;PROD_37;2;3
ORD_852;PROD_28;6;5
ORD_852;PROD_28;6;2
ORD_852;PROD_44;9;4
ORD_852;PROD_9;9;2
ORD_853;PROD_3;2;5
ORD_853;PROD_22;4;5
ORD_853;PROD_28;2;2
ORD_853;PROD_19;7;3
ORD_853;PROD_44;4;3
ORD_853;PROD_45;7;3
ORD_853;PROD_41;4;3
ORD_853;PROD_47;6;1
ORD_853;PROD_38;9;2
ORD_853;PROD_28;2;2
ORD_853;PROD_31;8;2
ORD_853;PROD_41;7;4
ORD_854;PROD_2;4;2
ORD_854;PROD_28;6;3
ORD_854;PROD_11;6;3
ORD_854;PROD_25;4;5
ORD_854;PROD_29;2;4
ORD_854;PROD_13;7;2
ORD_854;PROD_40;5;2
ORD_855;PROD_38;5;1
ORD_855;PROD_21;8;1
ORD_855;PROD_45;9;2
ORD_855;PROD_35;9;1
ORD_855;PROD_49;2;1
ORD_855;PROD_21;1;5
ORD_856;PROD_2;1;1
ORD_856;PROD_28;3;4
ORD_856;PROD_20;8;2
ORD_856;PROD_25;4;2
ORD_856;PROD_13;7;4
ORD_856;PROD_13;3;2
ORD_856;PROD_16;2;2
ORD_856;PROD_42;4;4
ORD_856;PROD_24;9;4
ORD_856;PROD_3;8;4
ORD_857;PROD_16;5;3
ORD_857;PROD_28;8;2
ORD_857;PROD_38;5;3
ORD_857;PROD_41;6;5
ORD_857;PROD_49;8;3
ORD_857;PROD_35;2;5
ORD_857;PROD_13;1;3
ORD_857;PROD_11;3;1
ORD_857;PROD_18;5;5
ORD_857;PROD_23;7;4
ORD_857;PROD_3;2;4
ORD_857;PROD_35;6;3
ORD_858;PROD_20;8;1
ORD_858;PROD_25;1;4
ORD_858;PROD_13;1;3
ORD_858;PROD_36;3;2
ORD_858;PROD_21;3;3
ORD_858;PROD_15;6;5
ORD_858;PROD_39;4;1
ORD_858;PROD_11;5;5
ORD_858;PROD_25;9;1
ORD_858;PROD_29;9;4
ORD_859;PROD_24;4;2
ORD_859;PROD_5;1;3
ORD_859;PROD_2;6;4
ORD_859;PROD_33;8;2
ORD_859;PROD_11;8;4
ORD_859;PROD_25;4;3
ORD_859;PROD_29;1;1
ORD_859;PROD_13;8;3
ORD_859;PROD_39;5;1
ORD_859;PROD_31;9;3
ORD_859;PROD_6;7;5
ORD_860;PROD_30;3;1
ORD_860;PROD_24;5;5
ORD_860;PROD_23;6;3
ORD_860;PROD_31;7;4
ORD_860;PROD_25;8;5
ORD_860;PROD_42;7;4
ORD_860;PROD_46;5;3
ORD_860;PROD_46;2;3
ORD_860;PROD_17;4;3
ORD_861;PROD_2;8;3
ORD_861;PROD_28;4;4
ORD_861;PROD_23;1;1
ORD_861;PROD_19;3;3
ORD_861;PROD_38;5;1
ORD_861;PROD_11;7;2
ORD_861;PROD_30;5;1
ORD_861;PROD_6;1;2
ORD_861;PROD_39;1;5
ORD_861;PROD_17;6;1
ORD_862;PROD_20;3;1
ORD_862;PROD_18;2;5
ORD_862;PROD_25;7;4
ORD_862;PROD_21;2;2
ORD_862;PROD_14;7;3
ORD_862;PROD_42;1;3
ORD_862;PROD_41;8;3
ORD_863;PROD_2;4;1
ORD_863;PROD_3;1;2
ORD_863;PROD_25;5;3
ORD_863;PROD_37;4;2
ORD_863;PROD_42;7;4
ORD_863;PROD_37;6;4
ORD_864;PROD_24;9;3
ORD_864;PROD_5;7;5
ORD_864;PROD_2;8;3
ORD_864;PROD_33;9;4
ORD_864;PROD_10;7;5
ORD_864;PROD_15;6;3
ORD_864;PROD_25;7;4
ORD_864;PROD_27;5;4
ORD_865;PROD_11;1;3
ORD_865;PROD_25;6;5
ORD_865;PROD_29;7;5
ORD_865;PROD_13;3;5
ORD_865;PROD_32;4;2
ORD_865;PROD_43;4;2
ORD_865;PROD_27;2;3
ORD_865;PROD_19;4;5
ORD_865;PROD_36;9;1
ORD_865;PROD_41;2;5
ORD_866;PROD_33;5;2
ORD_866;PROD_39;2;2
ORD_866;PROD_40;5;5
ORD_866;PROD_11;2;5
ORD_866;PROD_10;2;3
ORD_866;PROD_30;9;2
ORD_866;PROD_3;5;5
ORD_866;PROD_13;5;3
ORD_866;PROD_34;2;1
ORD_866;PROD_7;8;5
ORD_866;PROD_37;7;3
ORD_867;PROD_20;3;4
ORD_867;PROD_18;3;3
ORD_867;PROD_16;9;4
ORD_867;PROD_14;8;1
ORD_867;PROD_36;1;2
ORD_867;PROD_25;3;1
ORD_867;PROD_38;3;2
ORD_867;PROD_32;4;5
ORD_867;PROD_4;3;4
ORD_867;PROD_44;5;4
ORD_868;PROD_20;8;5
ORD_868;PROD_18;3;1
ORD_868;PROD_13;2;2
ORD_868;PROD_44;8;5
ORD_868;PROD_43;8;2
ORD_868;PROD_45;9;4
ORD_868;PROD_11;6;2
ORD_868;PROD_25;4;4
ORD_868;PROD_29;4;3
ORD_868;PROD_13;9;4
ORD_868;PROD_30;8;3
ORD_868;PROD_3;8;2
ORD_869;PROD_47;5;2
ORD_869;PROD_33;2;3
ORD_869;PROD_38;5;3
ORD_869;PROD_47;3;1
ORD_869;PROD_33;4;5
ORD_869;PROD_38;4;1
ORD_869;PROD_49;7;2
ORD_869;PROD_38;5;5
ORD_869;PROD_27;9;3
ORD_869;PROD_45;8;5
ORD_869;PROD_33;9;4
ORD_869;PROD_30;8;4
ORD_869;PROD_24;8;2
ORD_869;PROD_17;1;5
ORD_870;PROD_2;8;1
ORD_870;PROD_23;8;4
ORD_870;PROD_16;5;1
ORD_870;PROD_13;9;1
ORD_870;PROD_11;1;3
ORD_870;PROD_27;8;5
ORD_870;PROD_41;1;4
ORD_870;PROD_8;8;4
ORD_870;PROD_37;6;1
ORD_871;PROD_2;6;5
ORD_871;PROD_28;2;3
ORD_871;PROD_38;7;5
ORD_871;PROD_4;8;1
ORD_871;PROD_37;9;2
ORD_871;PROD_11;9;2
ORD_871;PROD_20;8;3
ORD_872;PROD_20;8;5
ORD_872;PROD_25;1;1
ORD_872;PROD_13;5;3
ORD_872;PROD_47;4;2
ORD_872;PROD_33;9;4
ORD_872;PROD_38;8;5
ORD_872;PROD_36;7;3
ORD_872;PROD_21;6;5
ORD_872;PROD_15;2;2
ORD_872;PROD_39;8;3
ORD_872;PROD_11;6;5
ORD_872;PROD_16;1;5
ORD_872;PROD_12;6;3
ORD_872;PROD_33;8;2
ORD_872;PROD_48;2;3
ORD_873;PROD_47;9;5
ORD_873;PROD_33;1;5
ORD_873;PROD_38;5;4
ORD_873;PROD_2;2;4
ORD_873;PROD_28;5;1
ORD_873;PROD_37;1;1
ORD_874;PROD_4;5;5
ORD_874;PROD_12;2;3
ORD_874;PROD_36;1;4
ORD_874;PROD_35;7;3
ORD_874;PROD_18;1;2
ORD_874;PROD_37;8;4
ORD_874;PROD_43;1;1
ORD_874;PROD_45;8;2
ORD_874;PROD_3;7;4
ORD_874;PROD_41;2;3
ORD_874;PROD_40;7;2
ORD_874;PROD_33;8;5
ORD_874;PROD_18;6;1
ORD_874;PROD_32;5;1
ORD_874;PROD_34;1;1
ORD_875;PROD_49;6;3
ORD_875;PROD_38;8;4
ORD_875;PROD_27;4;4
ORD_875;PROD_45;6;5
ORD_875;PROD_33;9;1
ORD_875;PROD_18;3;5
ORD_875;PROD_2;5;3
ORD_875;PROD_27;8;3
ORD_875;PROD_37;2;4
ORD_876;PROD_37;8;5
ORD_876;PROD_46;4;3
ORD_876;PROD_12;1;1
ORD_876;PROD_48;9;4
ORD_876;PROD_7;5;1
ORD_877;PROD_47;1;5
ORD_877;PROD_33;3;3
ORD_877;PROD_38;5;2
ORD_877;PROD_47;8;4
ORD_877;PROD_33;5;5
ORD_878;PROD_38;2;5
ORD_878;PROD_4;1;1
ORD_878;PROD_37;2;1
ORD_878;PROD_11;1;5
ORD_878;PROD_20;5;5
ORD_878;PROD_47;9;2
ORD_878;PROD_33;4;5
ORD_878;PROD_38;2;2
ORD_878;PROD_24;7;2
ORD_879;PROD_24;4;2
ORD_879;PROD_30;4;4
ORD_879;PROD_50;1;2
ORD_879;PROD_46;7;3
ORD_879;PROD_37;3;4
ORD_879;PROD_23;8;5
ORD_879;PROD_44;9;5
ORD_879;PROD_7;2;2
ORD_879;PROD_6;2;1
ORD_880;PROD_40;3;3
ORD_880;PROD_41;5;2
ORD_880;PROD_46;1;4
ORD_880;PROD_23;1;2
ORD_880;PROD_20;9;1
ORD_880;PROD_43;2;4
ORD_880;PROD_42;7;4
ORD_880;PROD_47;5;1
ORD_880;PROD_7;5;5
ORD_880;PROD_46;1;5
ORD_880;PROD_23;6;5
ORD_880;PROD_48;6;1
ORD_880;PROD_5;2;5
ORD_881;PROD_49;5;2
ORD_881;PROD_38;1;2
ORD_881;PROD_27;9;3
ORD_881;PROD_45;8;5
ORD_881;PROD_33;6;4
ORD_881;PROD_40;6;5
ORD_881;PROD_9;9;3
ORD_882;PROD_20;8;1
ORD_882;PROD_25;1;3
ORD_882;PROD_13;5;2
ORD_882;PROD_20;8;2
ORD_882;PROD_18;8;1
ORD_882;PROD_10;4;3
ORD_882;PROD_15;1;2
ORD_883;PROD_32;7;5
ORD_883;PROD_6;8;4
ORD_883;PROD_49;1;5
ORD_883;PROD_15;4;2
ORD_883;PROD_1;7;5
ORD_883;PROD_16;8;1
ORD_884;PROD_27;2;5
ORD_884;PROD_30;5;4
ORD_884;PROD_29;7;5
ORD_884;PROD_11;2;1
ORD_884;PROD_46;5;5
ORD_885;PROD_13;7;4
ORD_885;PROD_40;2;5
ORD_885;PROD_47;2;1
ORD_885;PROD_18;9;5
ORD_885;PROD_16;8;1
ORD_885;PROD_20;2;4
ORD_885;PROD_17;6;4
ORD_885;PROD_11;7;4
ORD_886;PROD_39;7;3
ORD_886;PROD_37;8;1
ORD_886;PROD_38;2;1
ORD_886;PROD_23;6;5
ORD_886;PROD_20;7;4
ORD_886;PROD_18;7;5
ORD_886;PROD_18;5;3
ORD_886;PROD_9;5;1
ORD_886;PROD_21;5;2
ORD_886;PROD_34;2;1
ORD_886;PROD_44;4;4
ORD_886;PROD_45;3;1
ORD_886;PROD_32;5;2
ORD_887;PROD_23;3;1
ORD_887;PROD_15;7;4
ORD_887;PROD_45;2;3
ORD_887;PROD_38;4;2
ORD_887;PROD_8;6;1
ORD_887;PROD_21;5;1
ORD_887;PROD_6;2;4
ORD_887;PROD_10;8;5
ORD_887;PROD_45;5;2
ORD_887;PROD_43;6;2
ORD_887;PROD_48;6;4
ORD_887;PROD_26;7;4
ORD_887;PROD_46;8;2
ORD_888;PROD_21;5;2
ORD_888;PROD_40;1;5
ORD_888;PROD_26;1;3
ORD_888;PROD_32;7;3
ORD_888;PROD_47;5;2
ORD_888;PROD_44;1;5
ORD_888;PROD_33;5;3
ORD_888;PROD_35;6;2
ORD_888;PROD_10;4;3
ORD_888;PROD_2;4;1
ORD_888;PROD_38;6;1
ORD_888;PROD_17;6;2
ORD_888;PROD_19;4;1
ORD_888;PROD_47;6;1
ORD_889;PROD_20;9;3
ORD_889;PROD_24;1;3
ORD_889;PROD_30;1;3
ORD_889;PROD_24;6;1
ORD_889;PROD_31;2;2
ORD_889;PROD_34;6;5
ORD_889;PROD_34;2;3
ORD_889;PROD_14;2;4
ORD_889;PROD_27;5;2
ORD_890;PROD_9;6;2
ORD_890;PROD_31;2;3
ORD_890;PROD_41;9;1
ORD_890;PROD_35;9;3
ORD_890;PROD_50;4;3
ORD_890;PROD_34;6;3
ORD_890;PROD_5;5;1
ORD_890;PROD_13;2;5
ORD_890;PROD_9;7;4
ORD_890;PROD_27;3;4
ORD_890;PROD_10;6;1
ORD_890;PROD_35;1;2
ORD_890;PROD_30;3;5
ORD_890;PROD_12;3;3
ORD_891;PROD_23;6;4
ORD_891;PROD_17;7;1
ORD_891;PROD_10;5;1
ORD_891;PROD_44;4;4
ORD_891;PROD_25;1;5
ORD_891;PROD_26;5;5
ORD_891;PROD_21;8;1
ORD_891;PROD_7;1;3
ORD_891;PROD_11;4;4
ORD_891;PROD_14;8;3
ORD_891;PROD_29;9;4
ORD_892;PROD_43;5;2
ORD_892;PROD_40;1;2
ORD_892;PROD_37;5;2
ORD_892;PROD_15;6;2
ORD_892;PROD_50;1;3
ORD_892;PROD_38;9;2
ORD_892;PROD_50;1;3
ORD_892;PROD_36;8;1
ORD_892;PROD_30;4;3
ORD_892;PROD_47;7;4
ORD_892;PROD_11;2;4
ORD_892;PROD_12;7;4
ORD_893;PROD_24;4;3
ORD_893;PROD_5;8;4
ORD_893;PROD_2;6;2
ORD_893;PROD_33;5;4
ORD_893;PROD_10;8;1
ORD_893;PROD_15;9;2
ORD_894;PROD_22;9;3
ORD_894;PROD_29;5;5
ORD_894;PROD_39;1;3
ORD_894;PROD_29;8;2
ORD_894;PROD_16;6;4
ORD_894;PROD_48;7;4
ORD_894;PROD_20;8;3
ORD_894;PROD_33;5;2
ORD_894;PROD_10;9;5
ORD_895;PROD_11;8;4
ORD_895;PROD_1;7;2
ORD_895;PROD_15;5;1
ORD_895;PROD_49;3;4
ORD_895;PROD_50;1;1
ORD_895;PROD_2;1;4
ORD_895;PROD_13;9;3
ORD_895;PROD_49;4;3
ORD_895;PROD_15;5;5
ORD_895;PROD_37;2;5
ORD_895;PROD_44;8;2
ORD_895;PROD_36;7;1
ORD_895;PROD_11;6;2
ORD_896;PROD_6;7;1
ORD_896;PROD_16;5;5
ORD_896;PROD_43;7;4
ORD_896;PROD_49;6;5
ORD_896;PROD_12;3;5
ORD_896;PROD_2;4;5
ORD_896;PROD_13;7;3
ORD_896;PROD_37;7;2
ORD_896;PROD_34;7;3
ORD_896;PROD_42;9;5
ORD_896;PROD_48;9;1
ORD_896;PROD_40;9;5
ORD_896;PROD_33;5;1
ORD_896;PROD_4;4;4
ORD_897;PROD_6;4;3
ORD_897;PROD_45;8;4
ORD_897;PROD_43;6;4
ORD_897;PROD_13;4;5
ORD_897;PROD_44;3;4
ORD_897;PROD_43;2;5
ORD_898;PROD_19;7;2
ORD_898;PROD_44;7;5
ORD_898;PROD_22;4;2
ORD_898;PROD_40;1;2
ORD_898;PROD_44;9;2
ORD_898;PROD_32;2;4
ORD_898;PROD_12;7;4
ORD_898;PROD_38;8;2
ORD_898;PROD_12;5;1
ORD_898;PROD_5;8;1
ORD_898;PROD_25;9;4
ORD_898;PROD_18;4;2
ORD_899;PROD_13;5;3
ORD_899;PROD_40;5;3
ORD_899;PROD_47;2;5
ORD_899;PROD_18;4;4
ORD_899;PROD_16;8;4
ORD_899;PROD_6;5;1
ORD_899;PROD_45;7;3
ORD_899;PROD_43;7;5
ORD_899;PROD_46;9;5
ORD_899;PROD_31;8;5
ORD_899;PROD_20;3;5
ORD_899;PROD_8;4;4
ORD_900;PROD_23;4;2
ORD_900;PROD_19;5;1
ORD_900;PROD_38;7;5
ORD_900;PROD_22;9;2
ORD_900;PROD_4;6;1
ORD_900;PROD_1;5;2
ORD_900;PROD_46;8;1
ORD_900;PROD_43;8;1
ORD_900;PROD_24;5;2
ORD_900;PROD_12;2;3
ORD_900;PROD_43;8;3
ORD_901;PROD_3;5;3
ORD_901;PROD_39;4;5
ORD_901;PROD_3;1;2
ORD_901;PROD_49;9;2
ORD_901;PROD_34;1;4
ORD_901;PROD_6;6;3
ORD_902;PROD_7;1;5
ORD_902;PROD_27;7;1
ORD_902;PROD_49;9;4
ORD_902;PROD_36;5;2
ORD_902;PROD_21;4;5
ORD_902;PROD_15;8;3
ORD_902;PROD_39;6;3
ORD_902;PROD_15;2;1
ORD_902;PROD_5;5;3
ORD_902;PROD_4;9;3
ORD_902;PROD_45;9;1
ORD_902;PROD_20;3;4
ORD_902;PROD_34;5;4
ORD_903;PROD_6;4;3
ORD_903;PROD_45;6;4
ORD_903;PROD_43;6;1
ORD_903;PROD_39;9;3
ORD_903;PROD_37;5;5
ORD_903;PROD_38;6;1
ORD_904;PROD_29;5;1
ORD_904;PROD_40;1;2
ORD_904;PROD_41;3;1
ORD_904;PROD_38;9;4
ORD_904;PROD_14;7;5
ORD_904;PROD_44;5;2
ORD_904;PROD_47;3;3
ORD_904;PROD_34;8;4
ORD_904;PROD_22;5;1
ORD_904;PROD_23;6;5
ORD_904;PROD_10;1;4
ORD_904;PROD_36;4;1
ORD_904;PROD_48;4;4
ORD_904;PROD_3;1;1
ORD_905;PROD_29;7;5
ORD_905;PROD_27;6;2
ORD_905;PROD_48;8;4
ORD_905;PROD_4;9;2
ORD_905;PROD_36;8;2
ORD_905;PROD_49;9;1
ORD_905;PROD_42;3;5
ORD_906;PROD_2;9;2
ORD_906;PROD_35;8;1
ORD_906;PROD_20;8;5
ORD_906;PROD_37;3;1
ORD_906;PROD_44;2;1
ORD_906;PROD_15;5;1
ORD_906;PROD_7;8;4
ORD_906;PROD_37;2;5
ORD_906;PROD_2;6;1
ORD_906;PROD_31;6;4
ORD_906;PROD_35;5;5
ORD_906;PROD_44;8;4
ORD_906;PROD_21;1;1
ORD_906;PROD_8;6;2
ORD_906;PROD_36;6;2
ORD_907;PROD_7;4;2
ORD_907;PROD_40;4;3
ORD_907;PROD_42;5;3
ORD_907;PROD_5;7;5
ORD_907;PROD_33;8;5
ORD_907;PROD_36;1;3
ORD_907;PROD_33;2;1
ORD_907;PROD_33;7;3
ORD_907;PROD_17;6;2
ORD_907;PROD_47;9;5
ORD_907;PROD_34;9;1
ORD_907;PROD_3;3;2
ORD_908;PROD_4;5;1
ORD_908;PROD_50;5;4
ORD_908;PROD_42;8;1
ORD_908;PROD_14;9;4
ORD_908;PROD_42;2;3
ORD_908;PROD_27;7;1
ORD_908;PROD_2;9;2
ORD_909;PROD_13;5;5
ORD_909;PROD_44;6;2
ORD_909;PROD_43;2;3
ORD_909;PROD_45;3;5
ORD_909;PROD_39;3;5
ORD_909;PROD_37;7;2
ORD_909;PROD_38;1;3
ORD_909;PROD_23;4;5
ORD_910;PROD_46;5;3
ORD_910;PROD_20;4;2
ORD_910;PROD_43;6;3
ORD_910;PROD_37;2;4
ORD_910;PROD_2;4;5
ORD_910;PROD_11;4;1
ORD_910;PROD_18;6;2
ORD_910;PROD_13;8;5
ORD_910;PROD_3;8;5
ORD_911;PROD_14;7;4
ORD_911;PROD_12;7;4
ORD_911;PROD_19;7;5
ORD_911;PROD_25;2;5
ORD_911;PROD_1;6;2
ORD_911;PROD_37;9;2
ORD_911;PROD_42;3;2
ORD_911;PROD_12;8;4
ORD_911;PROD_29;1;1
ORD_911;PROD_16;6;4
ORD_911;PROD_48;6;2
ORD_911;PROD_15;7;2
ORD_912;PROD_6;4;5
ORD_912;PROD_45;9;5
ORD_912;PROD_43;8;4
ORD_912;PROD_7;7;3
ORD_912;PROD_29;6;2
ORD_912;PROD_42;2;3
ORD_912;PROD_45;3;2
ORD_912;PROD_46;2;5
ORD_912;PROD_43;1;4
ORD_912;PROD_35;8;3
ORD_912;PROD_10;8;3
ORD_912;PROD_16;1;4
ORD_913;PROD_6;8;4
ORD_913;PROD_5;8;4
ORD_913;PROD_18;7;1
ORD_913;PROD_2;1;3
ORD_913;PROD_39;4;4
ORD_913;PROD_17;8;2
ORD_914;PROD_38;9;4
ORD_914;PROD_14;6;4
ORD_914;PROD_39;6;1
ORD_914;PROD_28;7;2
ORD_914;PROD_27;8;3
ORD_914;PROD_43;9;1
ORD_914;PROD_25;9;2
ORD_914;PROD_50;8;3
ORD_915;PROD_7;7;2
ORD_915;PROD_15;5;3
ORD_915;PROD_11;6;3
ORD_915;PROD_36;9;2
ORD_915;PROD_45;7;1
ORD_915;PROD_39;2;3
ORD_916;PROD_23;6;3
ORD_916;PROD_19;6;2
ORD_916;PROD_38;3;3
ORD_916;PROD_39;1;3
ORD_916;PROD_37;4;3
ORD_917;PROD_15;2;4
ORD_917;PROD_33;8;3
ORD_917;PROD_20;6;1
ORD_917;PROD_3;1;3
ORD_917;PROD_35;5;2
ORD_917;PROD_31;3;1
ORD_917;PROD_6;4;5
ORD_917;PROD_14;1;5
ORD_917;PROD_46;7;3
ORD_918;PROD_25;9;5
ORD_918;PROD_21;3;5
ORD_918;PROD_14;8;2
ORD_918;PROD_42;2;1
ORD_918;PROD_36;3;3
ORD_918;PROD_21;2;1
ORD_919;PROD_10;4;4
ORD_919;PROD_15;7;3
ORD_919;PROD_1;3;2
ORD_919;PROD_45;4;5
ORD_919;PROD_13;3;2
ORD_919;PROD_13;6;3
ORD_919;PROD_14;1;1
ORD_919;PROD_40;9;1
ORD_919;PROD_24;4;4
ORD_919;PROD_16;9;2
ORD_919;PROD_49;3;5
ORD_919;PROD_2;3;2
ORD_919;PROD_18;9;5
ORD_919;PROD_43;3;2
ORD_919;PROD_33;7;3
ORD_920;PROD_37;7;3
ORD_920;PROD_8;4;3
ORD_920;PROD_17;2;3
ORD_920;PROD_34;9;1
ORD_920;PROD_20;3;2
ORD_920;PROD_10;5;5
ORD_920;PROD_20;9;3
ORD_920;PROD_5;5;2
ORD_920;PROD_33;4;5
ORD_920;PROD_19;7;2
ORD_920;PROD_15;4;3
ORD_921;PROD_11;5;1
ORD_921;PROD_25;4;5
ORD_921;PROD_29;7;3
ORD_921;PROD_13;4;5
ORD_921;PROD_39;9;3
ORD_921;PROD_37;4;2
ORD_921;PROD_38;7;1
ORD_922;PROD_13;9;4
ORD_922;PROD_44;7;1
ORD_922;PROD_43;6;4
ORD_922;PROD_45;4;5
ORD_922;PROD_7;7;2
ORD_922;PROD_27;3;2
ORD_922;PROD_49;9;4
ORD_922;PROD_24;6;3
ORD_922;PROD_5;2;2
ORD_922;PROD_2;5;4
ORD_922;PROD_33;1;1
ORD_922;PROD_49;7;4
ORD_922;PROD_25;1;2
ORD_922;PROD_20;6;3
ORD_922;PROD_50;9;4
ORD_923;PROD_26;7;3
ORD_923;PROD_48;8;2
ORD_923;PROD_42;7;4
ORD_923;PROD_4;8;1
ORD_923;PROD_3;5;5
ORD_923;PROD_11;3;4
ORD_923;PROD_46;8;3
ORD_923;PROD_6;6;3
ORD_923;PROD_13;5;5
ORD_923;PROD_48;6;2
ORD_923;PROD_4;4;5
ORD_923;PROD_6;1;5
ORD_924;PROD_30;2;1
ORD_924;PROD_21;5;3
ORD_924;PROD_26;2;3
ORD_924;PROD_17;2;4
ORD_924;PROD_7;5;4
ORD_924;PROD_24;4;1
ORD_924;PROD_10;6;1
ORD_924;PROD_25;8;2
ORD_924;PROD_50;8;5
ORD_924;PROD_34;7;4
ORD_924;PROD_49;3;3
ORD_924;PROD_13;8;4
ORD_924;PROD_21;2;4
ORD_925;PROD_20;4;1
ORD_925;PROD_18;1;2
ORD_925;PROD_28;2;3
ORD_925;PROD_21;2;1
ORD_925;PROD_40;3;5
ORD_925;PROD_9;6;3
ORD_925;PROD_50;3;5
ORD_925;PROD_22;8;1
ORD_926;PROD_24;6;5
ORD_926;PROD_5;9;3
ORD_926;PROD_2;9;3
ORD_926;PROD_33;3;2
ORD_926;PROD_14;3;5
ORD_927;PROD_6;7;4
ORD_927;PROD_42;2;5
ORD_927;PROD_13;7;4
ORD_927;PROD_33;1;2
ORD_927;PROD_30;7;2
ORD_927;PROD_28;2;5
ORD_927;PROD_19;4;4
ORD_928;PROD_40;6;2
ORD_928;PROD_9;9;1
ORD_928;PROD_25;6;3
ORD_928;PROD_46;4;2
ORD_928;PROD_23;9;5
ORD_928;PROD_2;7;5
ORD_928;PROD_28;6;5
ORD_928;PROD_7;6;5
ORD_928;PROD_27;5;5
ORD_928;PROD_49;9;5
ORD_928;PROD_42;1;2
ORD_928;PROD_48;3;4
ORD_928;PROD_46;5;3
ORD_929;PROD_9;5;5
ORD_929;PROD_38;6;5
ORD_929;PROD_43;4;5
ORD_929;PROD_13;3;4
ORD_929;PROD_37;9;3
ORD_929;PROD_11;2;4
ORD_929;PROD_36;1;1
ORD_929;PROD_14;6;2
ORD_929;PROD_22;6;2
ORD_929;PROD_38;3;4
ORD_929;PROD_33;3;5
ORD_930;PROD_1;5;3
ORD_930;PROD_12;4;3
ORD_930;PROD_11;8;1
ORD_930;PROD_27;8;3
ORD_930;PROD_35;6;5
ORD_930;PROD_33;9;5
ORD_931;PROD_17;1;2
ORD_931;PROD_33;7;3
ORD_931;PROD_17;9;1
ORD_931;PROD_32;8;1
ORD_931;PROD_4;8;5
ORD_931;PROD_9;8;5
ORD_931;PROD_45;1;3
ORD_932;PROD_16;8;1
ORD_932;PROD_13;7;4
ORD_932;PROD_22;7;1
ORD_932;PROD_24;2;2
ORD_932;PROD_42;7;2
ORD_932;PROD_20;8;4
ORD_932;PROD_11;6;1
ORD_932;PROD_22;3;4
ORD_932;PROD_46;5;2
ORD_932;PROD_10;5;5
ORD_932;PROD_37;5;2
ORD_932;PROD_30;5;5
ORD_933;PROD_7;5;4
ORD_933;PROD_27;1;4
ORD_933;PROD_49;6;3
ORD_933;PROD_38;9;5
ORD_933;PROD_4;4;1
ORD_933;PROD_37;2;1
ORD_933;PROD_11;4;2
ORD_933;PROD_20;9;1
ORD_933;PROD_11;3;1
ORD_933;PROD_25;4;4
ORD_934;PROD_22;1;2
ORD_934;PROD_5;6;1
ORD_934;PROD_1;4;4
ORD_934;PROD_42;8;1
ORD_934;PROD_7;8;2
ORD_934;PROD_17;2;1
ORD_934;PROD_28;8;1
ORD_934;PROD_19;4;1
ORD_934;PROD_50;7;5
ORD_934;PROD_19;7;2
ORD_934;PROD_45;7;2
ORD_935;PROD_10;5;3
ORD_935;PROD_15;7;1
ORD_935;PROD_15;3;1
ORD_935;PROD_25;1;1
ORD_935;PROD_24;4;4
ORD_935;PROD_48;4;3
ORD_935;PROD_4;2;2
ORD_935;PROD_12;9;4
ORD_935;PROD_44;7;5
ORD_935;PROD_43;5;3
ORD_935;PROD_23;2;1
ORD_935;PROD_22;8;1
ORD_935;PROD_6;3;5
ORD_936;PROD_45;8;5
ORD_936;PROD_35;3;5
ORD_936;PROD_23;2;3
ORD_936;PROD_13;9;5
ORD_936;PROD_21;2;5
ORD_936;PROD_20;9;2
ORD_936;PROD_38;9;2
ORD_936;PROD_42;9;1
ORD_936;PROD_39;2;5
ORD_937;PROD_25;4;2
ORD_937;PROD_21;9;5
ORD_937;PROD_14;3;5
ORD_937;PROD_42;2;3
ORD_937;PROD_40;6;2
ORD_937;PROD_9;1;5
ORD_937;PROD_25;9;4
ORD_938;PROD_10;8;5
ORD_938;PROD_30;9;4
ORD_938;PROD_47;7;3
ORD_938;PROD_47;6;1
ORD_938;PROD_19;8;2
ORD_938;PROD_31;1;4
ORD_938;PROD_5;2;1
ORD_938;PROD_20;3;5
ORD_938;PROD_41;6;1
ORD_938;PROD_19;2;4
ORD_939;PROD_17;3;1
ORD_939;PROD_34;4;3
ORD_939;PROD_5;4;1
ORD_939;PROD_7;2;2
ORD_939;PROD_47;4;5
ORD_939;PROD_3;1;3
ORD_940;PROD_13;5;1
ORD_940;PROD_40;7;1
ORD_940;PROD_47;5;4
ORD_940;PROD_18;3;2
ORD_940;PROD_16;1;5
ORD_940;PROD_13;5;1
ORD_940;PROD_40;7;2
ORD_940;PROD_47;1;1
ORD_940;PROD_18;4;2
ORD_940;PROD_16;1;1
ORD_940;PROD_11;4;4
ORD_940;PROD_25;5;2
ORD_941;PROD_28;4;5
ORD_941;PROD_30;4;3
ORD_941;PROD_15;3;5
ORD_941;PROD_14;9;2
ORD_941;PROD_48;2;3
ORD_942;PROD_40;5;5
ORD_942;PROD_19;7;3
ORD_942;PROD_45;3;3
ORD_942;PROD_42;1;5
ORD_942;PROD_13;6;1
ORD_942;PROD_48;9;3
ORD_942;PROD_11;4;2
ORD_942;PROD_42;6;4
ORD_942;PROD_28;3;1
ORD_942;PROD_6;6;2
ORD_942;PROD_49;4;1
ORD_942;PROD_37;7;5
ORD_942;PROD_26;3;4
ORD_942;PROD_46;7;2
ORD_942;PROD_49;7;2
ORD_943;PROD_28;5;2
ORD_943;PROD_19;2;4
ORD_943;PROD_40;7;3
ORD_943;PROD_16;1;4
ORD_943;PROD_22;7;1
ORD_943;PROD_8;7;3
ORD_943;PROD_49;1;4
ORD_943;PROD_19;3;2
ORD_943;PROD_2;3;2
ORD_943;PROD_20;9;5
ORD_943;PROD_43;9;2
ORD_943;PROD_36;5;4
ORD_943;PROD_49;3;5
ORD_943;PROD_20;6;5
ORD_944;PROD_23;6;3
ORD_944;PROD_19;3;5
ORD_944;PROD_38;4;1
ORD_944;PROD_47;1;2
ORD_944;PROD_33;2;2
ORD_944;PROD_38;3;2
ORD_944;PROD_20;6;1
ORD_944;PROD_18;7;5
ORD_944;PROD_17;9;2
ORD_944;PROD_4;7;4
ORD_945;PROD_13;5;2
ORD_945;PROD_7;6;3
ORD_945;PROD_34;8;3
ORD_945;PROD_1;6;4
ORD_945;PROD_33;5;3
ORD_945;PROD_28;7;1
ORD_945;PROD_7;2;3
ORD_945;PROD_32;3;3
ORD_945;PROD_39;8;5
ORD_946;PROD_49;9;5
ORD_946;PROD_8;9;3
ORD_946;PROD_18;3;4
ORD_946;PROD_37;4;5
ORD_946;PROD_4;1;4
ORD_946;PROD_48;6;3
ORD_946;PROD_4;9;3
ORD_946;PROD_31;9;2
ORD_947;PROD_41;9;5
ORD_947;PROD_31;3;4
ORD_947;PROD_28;2;3
ORD_947;PROD_26;3;4
ORD_947;PROD_31;2;2
ORD_947;PROD_34;1;1
ORD_947;PROD_31;2;2
ORD_947;PROD_25;4;5
ORD_947;PROD_32;7;2
ORD_947;PROD_7;1;2
ORD_947;PROD_9;4;1
ORD_947;PROD_33;6;3
ORD_947;PROD_11;6;5
ORD_947;PROD_1;9;1
ORD_948;PROD_47;1;2
ORD_948;PROD_33;1;3
ORD_948;PROD_38;2;4
ORD_948;PROD_13;5;5
ORD_948;PROD_40;8;4
ORD_948;PROD_47;6;5
ORD_948;PROD_18;1;1
ORD_948;PROD_16;3;3
ORD_948;PROD_27;1;2
ORD_948;PROD_35;4;1
ORD_948;PROD_16;7;3
ORD_948;PROD_12;1;2
ORD_948;PROD_31;5;5
ORD_948;PROD_27;2;2
ORD_948;PROD_31;7;1
ORD_949;PROD_13;5;4
ORD_949;PROD_44;3;1
ORD_949;PROD_43;7;2
ORD_949;PROD_45;5;4
ORD_949;PROD_49;6;2
ORD_949;PROD_38;5;5
ORD_949;PROD_27;5;5
ORD_949;PROD_45;8;5
ORD_949;PROD_33;8;2
ORD_949;PROD_24;6;4
ORD_949;PROD_5;8;5
ORD_949;PROD_2;9;2
ORD_949;PROD_33;4;2
ORD_949;PROD_3;3;5
ORD_950;PROD_20;2;4
ORD_950;PROD_18;8;5
ORD_950;PROD_26;6;4
ORD_950;PROD_17;1;4
ORD_950;PROD_17;9;1
ORD_950;PROD_10;7;3
ORD_950;PROD_5;9;4
ORD_950;PROD_41;9;3
ORD_950;PROD_34;8;1
ORD_950;PROD_10;7;2
ORD_950;PROD_23;5;5
ORD_950;PROD_29;4;2
ORD_950;PROD_23;2;1
ORD_950;PROD_36;8;3
ORD_950;PROD_39;5;5
ORD_951;PROD_20;2;1
ORD_951;PROD_18;3;4
ORD_951;PROD_37;4;4
ORD_951;PROD_8;1;2
ORD_951;PROD_17;9;5
ORD_951;PROD_34;4;2
ORD_951;PROD_47;6;3
ORD_951;PROD_33;2;3
ORD_951;PROD_38;9;4
ORD_951;PROD_41;9;3
ORD_952;PROD_11;2;2
ORD_952;PROD_25;6;2
ORD_952;PROD_29;1;1
ORD_952;PROD_13;9;3
ORD_952;PROD_32;7;3
ORD_952;PROD_46;9;5
ORD_952;PROD_46;7;3
ORD_953;PROD_37;2;2
ORD_953;PROD_8;7;3
ORD_953;PROD_17;8;1
ORD_953;PROD_34;2;4
ORD_953;PROD_36;7;4
ORD_953;PROD_21;3;3
ORD_953;PROD_15;7;2
ORD_953;PROD_39;5;2
ORD_953;PROD_1;2;2
ORD_953;PROD_15;8;2
ORD_953;PROD_17;7;2
ORD_953;PROD_37;2;1
ORD_953;PROD_32;5;3
ORD_953;PROD_43;1;4
ORD_953;PROD_42;3;2
ORD_954;PROD_25;1;2
ORD_954;PROD_49;2;3
ORD_954;PROD_32;7;4
ORD_954;PROD_49;3;5
ORD_954;PROD_5;1;1
ORD_954;PROD_32;3;5
ORD_954;PROD_30;5;2
ORD_954;PROD_39;2;4
ORD_954;PROD_16;8;3
ORD_954;PROD_31;5;1
ORD_954;PROD_12;8;4
ORD_954;PROD_41;2;5
ORD_954;PROD_49;3;1
ORD_954;PROD_20;9;5
ORD_954;PROD_48;7;5
ORD_955;PROD_9;1;5
ORD_955;PROD_12;7;4
ORD_955;PROD_41;4;2
ORD_955;PROD_43;1;4
ORD_955;PROD_25;1;1
ORD_955;PROD_13;9;3
ORD_955;PROD_17;6;5
ORD_955;PROD_42;3;2
ORD_955;PROD_27;9;4
ORD_955;PROD_38;9;3
ORD_956;PROD_20;7;2
ORD_956;PROD_25;5;2
ORD_956;PROD_13;2;5
ORD_956;PROD_41;2;4
ORD_956;PROD_33;5;4
ORD_956;PROD_30;7;1
ORD_956;PROD_12;6;3
ORD_956;PROD_45;2;4
ORD_957;PROD_21;8;2
ORD_957;PROD_39;8;4
ORD_957;PROD_8;4;1
ORD_957;PROD_42;2;1
ORD_957;PROD_41;3;2
ORD_957;PROD_12;8;4
ORD_957;PROD_4;3;1
ORD_957;PROD_31;5;4
ORD_958;PROD_37;1;1
ORD_958;PROD_8;6;2
ORD_958;PROD_17;1;2
ORD_958;PROD_34;4;1
ORD_958;PROD_44;5;2
ORD_958;PROD_49;6;5
ORD_958;PROD_14;4;2
ORD_958;PROD_20;2;1
ORD_958;PROD_8;8;2
ORD_958;PROD_45;6;1
ORD_958;PROD_20;3;5
ORD_958;PROD_35;8;5
ORD_958;PROD_28;7;2
ORD_958;PROD_42;3;5
ORD_959;PROD_36;5;1
ORD_959;PROD_21;1;1
ORD_959;PROD_15;5;2
ORD_959;PROD_39;8;4
ORD_959;PROD_13;7;1
ORD_959;PROD_44;6;2
ORD_959;PROD_43;2;3
ORD_959;PROD_45;4;2
ORD_959;PROD_49;8;2
ORD_959;PROD_7;3;1
ORD_959;PROD_17;9;3
ORD_959;PROD_30;1;1
ORD_959;PROD_12;7;4
ORD_960;PROD_6;3;5
ORD_960;PROD_45;4;5
ORD_960;PROD_43;4;5
ORD_960;PROD_2;9;2
ORD_960;PROD_34;4;3
ORD_960;PROD_11;8;1
ORD_960;PROD_35;3;4
ORD_960;PROD_23;1;2
ORD_960;PROD_9;8;3
ORD_960;PROD_48;9;5
ORD_960;PROD_5;7;4
ORD_960;PROD_35;5;4
ORD_961;PROD_48;8;1
ORD_961;PROD_19;1;5
ORD_961;PROD_49;1;1
ORD_961;PROD_45;2;1
ORD_961;PROD_41;8;3
ORD_961;PROD_45;4;3
ORD_961;PROD_49;2;2
ORD_961;PROD_5;8;4
ORD_962;PROD_20;6;4
ORD_962;PROD_18;1;1
ORD_962;PROD_10;7;1
ORD_962;PROD_15;5;5
ORD_962;PROD_13;6;1
ORD_963;PROD_37;2;5
ORD_963;PROD_8;7;1
ORD_963;PROD_17;6;4
ORD_963;PROD_34;5;5
ORD_963;PROD_24;4;1
ORD_963;PROD_5;7;5
ORD_963;PROD_2;6;4
ORD_963;PROD_33;5;2
ORD_963;PROD_36;2;3
ORD_963;PROD_21;8;1
ORD_964;PROD_24;6;2
ORD_964;PROD_5;8;4
ORD_964;PROD_2;8;1
ORD_964;PROD_33;9;3
ORD_964;PROD_17;3;1
ORD_964;PROD_8;2;4
ORD_964;PROD_15;9;3
ORD_964;PROD_43;1;3
ORD_964;PROD_11;8;2
ORD_964;PROD_37;7;3
ORD_964;PROD_46;9;5
ORD_964;PROD_26;9;1
ORD_964;PROD_9;7;2
ORD_965;PROD_20;6;5
ORD_965;PROD_18;6;3
ORD_965;PROD_38;5;2
ORD_965;PROD_4;9;5
ORD_965;PROD_37;3;1
ORD_965;PROD_11;7;3
ORD_965;PROD_20;1;3
ORD_965;PROD_24;8;1
ORD_965;PROD_30;5;3
ORD_965;PROD_41;5;1
ORD_965;PROD_8;7;2
ORD_965;PROD_48;7;3
ORD_965;PROD_18;1;5
ORD_966;PROD_22;9;4
ORD_966;PROD_2;7;3
ORD_966;PROD_48;6;3
ORD_966;PROD_38;4;5
ORD_966;PROD_42;7;3
ORD_966;PROD_40;1;4
ORD_966;PROD_23;5;4
ORD_966;PROD_46;7;3
ORD_966;PROD_13;6;1
ORD_966;PROD_10;3;4
ORD_966;PROD_25;9;2
ORD_966;PROD_33;5;1
ORD_967;PROD_21;7;1
ORD_967;PROD_26;1;4
ORD_967;PROD_18;3;1
ORD_967;PROD_38;8;2
ORD_967;PROD_49;6;5
ORD_967;PROD_5;6;2
ORD_967;PROD_28;8;1
ORD_967;PROD_21;9;2
ORD_967;PROD_42;8;3
ORD_967;PROD_22;1;4
ORD_967;PROD_31;2;2
ORD_967;PROD_8;3;4
ORD_968;PROD_7;9;3
ORD_968;PROD_25;5;2
ORD_968;PROD_24;2;1
ORD_968;PROD_49;8;5
ORD_968;PROD_20;1;3
ORD_968;PROD_26;6;4
ORD_968;PROD_21;1;2
ORD_968;PROD_24;7;5
ORD_968;PROD_11;5;2
ORD_969;PROD_10;1;3
ORD_969;PROD_41;7;4
ORD_969;PROD_27;8;4
ORD_969;PROD_2;3;3
ORD_969;PROD_49;1;1
ORD_969;PROD_44;2;2
ORD_969;PROD_22;7;2
ORD_969;PROD_41;1;3
ORD_969;PROD_26;7;5
ORD_969;PROD_6;4;4
ORD_969;PROD_37;4;5
ORD_970;PROD_2;3;5
ORD_970;PROD_50;8;1
ORD_970;PROD_44;6;2
ORD_970;PROD_12;5;1
ORD_970;PROD_42;2;2
ORD_970;PROD_40;5;5
ORD_970;PROD_29;6;5
ORD_970;PROD_44;8;5
ORD_971;PROD_43;6;3
ORD_971;PROD_25;9;2
ORD_971;PROD_5;2;1
ORD_971;PROD_31;3;5
ORD_971;PROD_25;8;1
ORD_971;PROD_40;3;1
ORD_971;PROD_43;9;2
ORD_971;PROD_2;1;4
ORD_971;PROD_17;5;1
ORD_972;PROD_13;1;2
ORD_972;PROD_40;5;2
ORD_972;PROD_47;1;2
ORD_972;PROD_18;1;3
ORD_972;PROD_16;2;5
ORD_972;PROD_6;4;4
ORD_972;PROD_21;2;1
ORD_973;PROD_40;2;2
ORD_973;PROD_22;5;2
ORD_973;PROD_6;7;5
ORD_973;PROD_26;9;2
ORD_973;PROD_11;5;1
ORD_973;PROD_39;4;2
ORD_973;PROD_42;2;2
ORD_974;PROD_14;1;4
ORD_974;PROD_2;4;3
ORD_974;PROD_7;1;4
ORD_974;PROD_3;6;5
ORD_974;PROD_9;7;4
ORD_974;PROD_38;6;4
ORD_974;PROD_10;8;2
ORD_974;PROD_50;2;5
ORD_974;PROD_44;4;4
ORD_974;PROD_2;5;1
ORD_974;PROD_19;6;2
ORD_974;PROD_31;1;5
ORD_975;PROD_6;4;5
ORD_975;PROD_42;2;2
ORD_975;PROD_1;3;5
ORD_975;PROD_42;5;4
ORD_975;PROD_9;2;5
ORD_975;PROD_2;4;1
ORD_975;PROD_27;6;5
ORD_975;PROD_2;7;4
ORD_975;PROD_44;6;2
ORD_975;PROD_5;4;4
ORD_975;PROD_15;5;3
ORD_975;PROD_7;4;2
ORD_975;PROD_7;5;1
ORD_975;PROD_50;8;5
ORD_976;PROD_32;8;4
ORD_976;PROD_43;9;1
ORD_976;PROD_23;9;3
ORD_976;PROD_19;7;2
ORD_976;PROD_38;6;4
ORD_976;PROD_40;2;5
ORD_977;PROD_32;1;5
ORD_977;PROD_43;6;3
ORD_977;PROD_20;1;3
ORD_977;PROD_25;4;2
ORD_977;PROD_13;1;5
ORD_977;PROD_13;8;1
ORD_977;PROD_5;1;3
ORD_978;PROD_31;2;5
ORD_978;PROD_2;5;5
ORD_978;PROD_7;8;2
ORD_978;PROD_6;1;3
ORD_978;PROD_2;7;1
ORD_978;PROD_20;4;2
ORD_978;PROD_44;7;4
ORD_978;PROD_49;8;2
ORD_978;PROD_27;7;3
ORD_978;PROD_34;9;2
ORD_978;PROD_48;2;3
ORD_979;PROD_39;4;1
ORD_979;PROD_37;3;1
ORD_979;PROD_38;8;4
ORD_979;PROD_23;3;2
ORD_979;PROD_24;6;5
ORD_979;PROD_5;2;3
ORD_979;PROD_2;7;2
ORD_979;PROD_33;3;5
ORD_979;PROD_6;4;4
ORD_979;PROD_45;6;3
ORD_979;PROD_43;8;3
ORD_979;PROD_25;2;5
ORD_979;PROD_28;8;1
ORD_980;PROD_17;2;4
ORD_980;PROD_11;2;3
ORD_980;PROD_37;8;1
ORD_980;PROD_46;7;1
ORD_980;PROD_12;1;5
ORD_980;PROD_46;4;2
ORD_980;PROD_5;3;2
ORD_981;PROD_2;8;3
ORD_981;PROD_33;2;4
ORD_981;PROD_34;9;3
ORD_981;PROD_19;4;3
ORD_981;PROD_43;9;1
ORD_981;PROD_48;6;4
ORD_981;PROD_5;7;4
ORD_981;PROD_24;8;1
ORD_981;PROD_49;5;2
ORD_981;PROD_26;6;4
ORD_981;PROD_4;4;3
ORD_981;PROD_33;4;4
ORD_982;PROD_32;2;3
ORD_982;PROD_43;5;2
ORD_982;PROD_11;4;2
ORD_982;PROD_25;4;1
ORD_982;PROD_29;7;2
ORD_982;PROD_13;4;5
ORD_982;PROD_17;5;2
ORD_982;PROD_40;6;4
ORD_982;PROD_30;7;1
ORD_982;PROD_3;3;5
ORD_982;PROD_1;3;5
ORD_982;PROD_1;9;5
ORD_982;PROD_30;6;4
ORD_982;PROD_21;9;4
ORD_983;PROD_32;7;1
ORD_983;PROD_43;9;2
ORD_983;PROD_36;7;2
ORD_983;PROD_21;9;1
ORD_983;PROD_15;7;4
ORD_983;PROD_39;2;5
ORD_983;PROD_1;2;5
ORD_983;PROD_1;8;5
ORD_983;PROD_48;5;2
ORD_983;PROD_5;7;1
ORD_984;PROD_25;5;2
ORD_984;PROD_21;3;5
ORD_984;PROD_14;5;5
ORD_984;PROD_42;6;3
ORD_984;PROD_36;8;5
ORD_984;PROD_27;6;1
ORD_984;PROD_14;1;2
ORD_984;PROD_27;5;4
ORD_984;PROD_48;7;3
ORD_984;PROD_6;6;4
ORD_984;PROD_20;9;2
ORD_985;PROD_37;3;3
ORD_985;PROD_8;2;4
ORD_985;PROD_17;4;4
ORD_985;PROD_34;2;2
ORD_985;PROD_39;6;2
ORD_985;PROD_37;9;3
ORD_985;PROD_38;4;4
ORD_985;PROD_23;9;1
ORD_986;PROD_49;2;4
ORD_986;PROD_21;5;2
ORD_986;PROD_10;7;1
ORD_986;PROD_43;3;3
ORD_986;PROD_33;7;3
ORD_986;PROD_44;2;1
ORD_986;PROD_9;3;3
ORD_986;PROD_33;2;1
ORD_986;PROD_36;5;2
ORD_986;PROD_12;2;4
ORD_986;PROD_23;9;1
ORD_987;PROD_6;6;2
ORD_987;PROD_45;9;4
ORD_987;PROD_43;4;5
ORD_987;PROD_38;2;3
ORD_987;PROD_45;8;3
ORD_987;PROD_45;5;1
ORD_987;PROD_21;9;5
ORD_987;PROD_31;6;3
ORD_987;PROD_10;2;4
ORD_987;PROD_8;7;3
ORD_987;PROD_47;3;2
ORD_987;PROD_34;6;5
ORD_988;PROD_44;9;5
ORD_988;PROD_8;7;3
ORD_988;PROD_46;7;1
ORD_988;PROD_39;1;2
ORD_988;PROD_14;7;5
ORD_988;PROD_48;7;2
ORD_988;PROD_7;5;2
ORD_988;PROD_44;4;2
ORD_988;PROD_33;3;5
ORD_988;PROD_19;2;2
ORD_989;PROD_11;2;2
ORD_989;PROD_25;4;3
ORD_989;PROD_29;7;4
ORD_989;PROD_13;2;4
ORD_989;PROD_25;6;1
ORD_989;PROD_21;9;4
ORD_989;PROD_14;6;4
ORD_989;PROD_42;9;1
ORD_990;PROD_26;7;5
ORD_990;PROD_25;1;2
ORD_990;PROD_3;5;5
ORD_990;PROD_15;4;1
ORD_990;PROD_22;7;1
ORD_990;PROD_7;8;2
ORD_990;PROD_28;3;1
ORD_990;PROD_26;8;4
ORD_990;PROD_17;7;1
ORD_990;PROD_6;3;5
ORD_991;PROD_24;8;4
ORD_991;PROD_5;1;1
ORD_991;PROD_2;9;2
ORD_991;PROD_33;6;4
ORD_991;PROD_24;2;2
ORD_991;PROD_5;7;3
ORD_991;PROD_2;7;3
ORD_991;PROD_33;7;2
ORD_991;PROD_29;7;4
ORD_991;PROD_46;9;2
ORD_992;PROD_39;7;4
ORD_992;PROD_37;7;2
ORD_992;PROD_38;2;4
ORD_992;PROD_23;8;2
ORD_992;PROD_13;6;3
ORD_992;PROD_40;3;2
ORD_992;PROD_47;7;4
ORD_992;PROD_18;1;4
ORD_992;PROD_16;4;1
ORD_992;PROD_5;2;2
ORD_992;PROD_27;3;2
ORD_992;PROD_12;8;1
ORD_992;PROD_49;1;2
ORD_992;PROD_10;1;5
ORD_993;PROD_41;9;5
ORD_993;PROD_11;9;3
ORD_993;PROD_45;8;5
ORD_993;PROD_27;4;5
ORD_993;PROD_37;4;5
ORD_993;PROD_26;1;3
ORD_994;PROD_30;2;3
ORD_994;PROD_28;8;2
ORD_994;PROD_50;4;1
ORD_994;PROD_13;5;4
ORD_994;PROD_24;4;1
ORD_994;PROD_34;1;3
ORD_994;PROD_39;8;3
ORD_994;PROD_29;9;3
ORD_994;PROD_33;8;4
ORD_994;PROD_28;8;4
ORD_994;PROD_27;6;3
ORD_994;PROD_1;1;3
ORD_995;PROD_42;5;5
ORD_995;PROD_1;5;1
ORD_995;PROD_3;4;2
ORD_995;PROD_30;6;3
ORD_995;PROD_27;5;2
ORD_995;PROD_32;1;2
ORD_995;PROD_41;6;5
ORD_995;PROD_46;7;1
ORD_995;PROD_10;3;5
ORD_995;PROD_44;8;1
ORD_995;PROD_5;7;2
ORD_995;PROD_31;4;2
ORD_995;PROD_32;7;4
ORD_995;PROD_38;2;5
ORD_996;PROD_23;9;5
ORD_996;PROD_45;9;2
ORD_996;PROD_6;7;4
ORD_996;PROD_14;6;5
ORD_996;PROD_10;7;4
ORD_996;PROD_27;2;5
ORD_996;PROD_2;9;1
ORD_997;PROD_47;3;4
ORD_997;PROD_33;1;3
ORD_997;PROD_38;8;3
ORD_997;PROD_32;5;4
ORD_997;PROD_43;5;1
ORD_997;PROD_15;4;1
ORD_997;PROD_9;4;5
ORD_997;PROD_29;2;5
ORD_997;PROD_38;8;2
ORD_997;PROD_34;1;3
ORD_997;PROD_29;4;3
ORD_997;PROD_34;1;2
ORD_997;PROD_41;7;5
ORD_998;PROD_25;1;5
ORD_998;PROD_21;8;2
ORD_998;PROD_14;1;4
ORD_998;PROD_42;1;3
ORD_998;PROD_20;2;3
ORD_998;PROD_18;1;4
ORD_998;PROD_2;5;5
ORD_998;PROD_42;8;4
ORD_999;PROD_7;6;1
ORD_999;PROD_27;6;1
ORD_999;PROD_49;6;2
ORD_999;PROD_20;9;1
ORD_999;PROD_18;9;2
ORD_999;PROD_50;3;3
ORD_999;PROD_39;8;1
ORD_999;PROD_46;9;5
ORD_999;PROD_28;7;4
ORD_999;PROD_20;8;4
ORD_999;PROD_26;6;2
ORD_1000;PROD_6;2;2
ORD_1000;PROD_10;8;4
ORD_1000;PROD_29;7;1
ORD_1000;PROD_6;6;5
ORD_1000;PROD_15;7;4
ORD_1000;PROD_6;8;2
ORD_1000;PROD_4;9;3
ORD_1000;PROD_11;9;4
ORD_1000;PROD_16;7;1
ORD_1000;PROD_25;5;2
ORD_1000;PROD_9;9;5
ORD_1001;PROD_48;9;3
ORD_1001;PROD_24;4;4
ORD_1001;PROD_23;4;2
ORD_1001;PROD_14;8;2
ORD_1001;PROD_5;7;3
ORD_1001;PROD_27;7;1
ORD_1001;PROD_20;9;3
ORD_1001;PROD_25;8;3
ORD_1002;PROD_38;1;1
ORD_1002;PROD_4;7;1
ORD_1002;PROD_37;4;2
ORD_1002;PROD_11;1;2
ORD_1002;PROD_20;6;2
ORD_1002;PROD_2;1;3
ORD_1002;PROD_28;2;2
ORD_1002;PROD_42;2;3
ORD_1003;PROD_37;5;2
ORD_1003;PROD_8;9;2
ORD_1003;PROD_17;9;5
ORD_1003;PROD_34;8;5
ORD_1003;PROD_5;1;2
ORD_1003;PROD_20;7;2
ORD_1003;PROD_33;7;2
ORD_1003;PROD_39;5;4
ORD_1003;PROD_27;4;2
ORD_1003;PROD_40;3;2
ORD_1003;PROD_3;2;3
ORD_1003;PROD_3;6;3
ORD_1003;PROD_35;9;1
ORD_1004;PROD_15;3;5
ORD_1004;PROD_15;9;3
ORD_1004;PROD_36;8;4
ORD_1004;PROD_33;5;2
ORD_1004;PROD_27;6;3
ORD_1004;PROD_36;8;5
ORD_1004;PROD_29;4;4
ORD_1004;PROD_16;9;5
ORD_1004;PROD_36;7;5
ORD_1004;PROD_1;8;3
ORD_1004;PROD_36;7;3
ORD_1005;PROD_20;5;1
ORD_1005;PROD_18;3;4
ORD_1005;PROD_19;2;2
ORD_1005;PROD_14;9;2
ORD_1005;PROD_10;3;5
ORD_1005;PROD_46;5;4
ORD_1005;PROD_29;5;3
ORD_1005;PROD_41;5;3
ORD_1005;PROD_31;4;2
ORD_1006;PROD_20;2;1
ORD_1006;PROD_18;7;2
ORD_1006;PROD_38;8;4
ORD_1006;PROD_4;8;1
ORD_1006;PROD_37;4;2
ORD_1006;PROD_11;1;2
ORD_1006;PROD_20;8;2
ORD_1006;PROD_19;6;4
ORD_1006;PROD_25;5;2
ORD_1006;PROD_8;1;2
ORD_1006;PROD_37;2;2
ORD_1006;PROD_20;7;4
ORD_1006;PROD_9;8;1
ORD_1006;PROD_9;4;4
ORD_1007;PROD_8;2;1
ORD_1007;PROD_32;8;1
ORD_1007;PROD_48;4;2
ORD_1007;PROD_43;9;5
ORD_1007;PROD_44;5;4
ORD_1007;PROD_3;9;5
ORD_1007;PROD_35;9;4
ORD_1008;PROD_36;9;1
ORD_1008;PROD_16;4;5
ORD_1008;PROD_9;6;2
ORD_1008;PROD_29;4;1
ORD_1008;PROD_14;8;1
ORD_1008;PROD_28;3;1
ORD_1008;PROD_49;8;2
ORD_1008;PROD_9;1;2
ORD_1008;PROD_16;1;1
ORD_1009;PROD_49;4;3
ORD_1009;PROD_38;7;3
ORD_1009;PROD_27;8;4
ORD_1009;PROD_45;8;1
ORD_1009;PROD_33;9;3
ORD_1009;PROD_21;4;4
ORD_1009;PROD_49;1;5
ORD_1009;PROD_41;3;5
ORD_1009;PROD_10;8;5
ORD_1009;PROD_32;5;2
ORD_1009;PROD_7;2;2
ORD_1009;PROD_6;2;5
ORD_1010;PROD_47;8;3
ORD_1010;PROD_33;8;5
ORD_1010;PROD_38;8;5
ORD_1010;PROD_48;7;4
ORD_1010;PROD_8;1;5
ORD_1010;PROD_6;4;2
ORD_1010;PROD_4;3;1
ORD_1010;PROD_12;1;5
ORD_1010;PROD_26;6;3
ORD_1010;PROD_11;7;5
ORD_1010;PROD_45;3;1
ORD_1010;PROD_25;9;1
ORD_1010;PROD_13;9;5
ORD_1010;PROD_37;2;1
ORD_1010;PROD_45;2;5
ORD_1011;PROD_46;7;3
ORD_1011;PROD_24;6;5
ORD_1011;PROD_34;6;4
ORD_1011;PROD_25;8;1
ORD_1011;PROD_32;5;5
ORD_1011;PROD_24;9;3
ORD_1011;PROD_13;4;5
ORD_1012;PROD_1;3;4
ORD_1012;PROD_16;1;4
ORD_1012;PROD_6;2;1
ORD_1012;PROD_40;3;5
ORD_1012;PROD_32;8;3
ORD_1013;PROD_41;4;2
ORD_1013;PROD_45;2;3
ORD_1013;PROD_46;2;3
ORD_1013;PROD_19;6;3
ORD_1013;PROD_34;4;5
ORD_1014;PROD_5;2;5
ORD_1014;PROD_26;3;1
ORD_1014;PROD_37;2;2
ORD_1014;PROD_46;3;3
ORD_1014;PROD_30;9;3
ORD_1014;PROD_18;2;2
ORD_1014;PROD_42;3;5
ORD_1014;PROD_1;7;3
ORD_1014;PROD_49;6;4
ORD_1014;PROD_13;7;3
ORD_1014;PROD_38;9;3
ORD_1015;PROD_45;8;5
ORD_1015;PROD_2;4;1
ORD_1015;PROD_46;7;3
ORD_1015;PROD_46;1;4
ORD_1015;PROD_17;2;2
ORD_1015;PROD_7;7;5
ORD_1015;PROD_4;3;2
ORD_1015;PROD_24;2;5
ORD_1015;PROD_33;4;3
ORD_1015;PROD_44;9;2
ORD_1016;PROD_6;8;3
ORD_1016;PROD_45;1;3
ORD_1016;PROD_43;4;1
ORD_1016;PROD_47;8;5
ORD_1016;PROD_33;9;4
ORD_1016;PROD_38;2;3
ORD_1016;PROD_38;4;1
ORD_1016;PROD_4;2;1
ORD_1016;PROD_37;9;4
ORD_1016;PROD_11;2;4
ORD_1016;PROD_20;4;5
ORD_1016;PROD_32;6;2
ORD_1017;PROD_45;6;3
ORD_1017;PROD_10;5;3
ORD_1017;PROD_40;2;3
ORD_1017;PROD_11;7;2
ORD_1017;PROD_17;5;3
ORD_1017;PROD_25;8;3
ORD_1017;PROD_4;5;2
ORD_1017;PROD_27;5;3
ORD_1017;PROD_2;8;4
ORD_1017;PROD_49;8;2
ORD_1017;PROD_31;8;4
ORD_1017;PROD_1;1;2
ORD_1018;PROD_49;7;4
ORD_1018;PROD_38;8;4
ORD_1018;PROD_27;3;1
ORD_1018;PROD_45;5;2
ORD_1018;PROD_33;7;2
ORD_1018;PROD_18;7;2
ORD_1018;PROD_11;9;4
ORD_1018;PROD_36;2;4
ORD_1019;PROD_30;9;1
ORD_1019;PROD_10;7;2
ORD_1019;PROD_30;5;3
ORD_1019;PROD_6;9;2
ORD_1019;PROD_3;2;5
ORD_1019;PROD_38;6;3
ORD_1019;PROD_33;8;2
ORD_1019;PROD_9;2;4
ORD_1019;PROD_3;9;2
ORD_1019;PROD_21;7;1
ORD_1019;PROD_31;9;5
ORD_1020;PROD_8;5;4
ORD_1020;PROD_47;3;3
ORD_1020;PROD_50;3;3
ORD_1020;PROD_17;3;5
ORD_1020;PROD_19;9;4
ORD_1020;PROD_37;6;4
ORD_1020;PROD_43;4;1
ORD_1020;PROD_5;5;3
ORD_1020;PROD_7;4;3
ORD_1021;PROD_26;4;5
ORD_1021;PROD_29;5;3
ORD_1021;PROD_21;2;4
ORD_1021;PROD_38;4;1
ORD_1021;PROD_15;4;4
ORD_1021;PROD_13;8;3
ORD_1021;PROD_36;2;5
ORD_1021;PROD_23;7;1
ORD_1021;PROD_1;6;1
ORD_1021;PROD_39;1;5
ORD_1021;PROD_19;3;3
ORD_1021;PROD_4;4;5
ORD_1021;PROD_19;5;2
ORD_1021;PROD_23;2;5
ORD_1021;PROD_13;3;3
ORD_1022;PROD_36;6;3
ORD_1022;PROD_21;3;1
ORD_1022;PROD_15;3;1
ORD_1022;PROD_39;6;2
ORD_1022;PROD_47;2;3
ORD_1022;PROD_33;3;5
ORD_1022;PROD_38;5;5
ORD_1022;PROD_37;3;5
ORD_1022;PROD_8;4;5
ORD_1022;PROD_17;1;5
ORD_1022;PROD_34;6;5
ORD_1022;PROD_7;9;5
ORD_1022;PROD_27;6;2
ORD_1023;PROD_46;5;2
ORD_1023;PROD_17;2;5
ORD_1023;PROD_15;4;2
ORD_1023;PROD_15;5;5
ORD_1023;PROD_37;7;4
ORD_1023;PROD_17;4;4
ORD_1023;PROD_7;7;3
ORD_1023;PROD_4;1;3
ORD_1023;PROD_34;7;3
ORD_1023;PROD_50;3;3
ORD_1023;PROD_50;7;5
ORD_1023;PROD_31;7;5
ORD_1023;PROD_28;7;5
ORD_1023;PROD_28;5;5
ORD_1024;PROD_39;5;4
ORD_1024;PROD_37;7;1
ORD_1024;PROD_38;5;3
ORD_1024;PROD_23;4;3
ORD_1024;PROD_5;8;2
ORD_1024;PROD_48;5;5
ORD_1025;PROD_10;7;1
ORD_1025;PROD_15;3;1
ORD_1025;PROD_31;2;3
ORD_1025;PROD_32;9;2
ORD_1025;PROD_33;6;5
ORD_1025;PROD_9;2;3
ORD_1025;PROD_6;2;3
ORD_1025;PROD_41;9;2
ORD_1025;PROD_49;6;1
ORD_1025;PROD_16;9;2
ORD_1025;PROD_45;4;4
ORD_1025;PROD_50;1;4
ORD_1025;PROD_21;6;1
ORD_1025;PROD_27;9;2
ORD_1025;PROD_33;4;3
ORD_1026;PROD_3;6;4
ORD_1026;PROD_41;3;4
ORD_1026;PROD_22;4;4
ORD_1026;PROD_15;8;3
ORD_1026;PROD_6;8;2
ORD_1026;PROD_44;3;3
ORD_1026;PROD_26;2;3
ORD_1026;PROD_27;6;2
ORD_1026;PROD_47;1;2
ORD_1026;PROD_14;3;5
ORD_1026;PROD_41;2;3
ORD_1026;PROD_13;4;1
ORD_1027;PROD_39;4;2
ORD_1027;PROD_23;5;3
ORD_1027;PROD_10;8;2
ORD_1027;PROD_20;6;4
ORD_1027;PROD_47;4;4
ORD_1027;PROD_39;7;5
ORD_1027;PROD_4;9;4
ORD_1027;PROD_41;6;5
ORD_1027;PROD_19;4;3
ORD_1027;PROD_25;9;2
ORD_1027;PROD_31;5;2
ORD_1028;PROD_20;1;2
ORD_1028;PROD_18;3;3
ORD_1028;PROD_38;5;2
ORD_1028;PROD_4;8;1
ORD_1028;PROD_37;6;2
ORD_1028;PROD_11;5;2
ORD_1028;PROD_20;5;2
ORD_1028;PROD_36;4;1
ORD_1028;PROD_21;6;4
ORD_1028;PROD_15;7;1
ORD_1028;PROD_39;6;5
ORD_1029;PROD_32;2;2
ORD_1029;PROD_43;2;5
ORD_1029;PROD_16;4;3
ORD_1029;PROD_20;7;2
ORD_1029;PROD_36;3;4
ORD_1029;PROD_9;1;4
ORD_1029;PROD_36;3;5
ORD_1029;PROD_50;8;1
ORD_1029;PROD_6;1;3
ORD_1029;PROD_33;2;4
ORD_1030;PROD_25;9;5
ORD_1030;PROD_2;8;4
ORD_1030;PROD_15;3;4
ORD_1030;PROD_14;9;2
ORD_1030;PROD_2;6;4
ORD_1030;PROD_50;1;4
ORD_1031;PROD_24;5;5
ORD_1031;PROD_5;6;4
ORD_1031;PROD_2;3;1
ORD_1031;PROD_33;9;5
ORD_1031;PROD_10;4;5
ORD_1031;PROD_15;8;5
ORD_1031;PROD_20;9;1
ORD_1031;PROD_26;4;5
ORD_1031;PROD_14;9;3
ORD_1032;PROD_16;3;1
ORD_1032;PROD_8;5;3
ORD_1032;PROD_23;6;1
ORD_1032;PROD_42;5;2
ORD_1032;PROD_49;8;4
ORD_1032;PROD_1;7;1
ORD_1033;PROD_44;3;3
ORD_1033;PROD_13;8;1
ORD_1033;PROD_23;7;4
ORD_1033;PROD_1;7;2
ORD_1033;PROD_49;1;4
ORD_1033;PROD_42;6;1
ORD_1033;PROD_15;1;2
ORD_1033;PROD_27;1;4
ORD_1033;PROD_26;6;2
ORD_1033;PROD_41;4;3
ORD_1034;PROD_37;3;1
ORD_1034;PROD_38;5;1
ORD_1034;PROD_22;2;2
ORD_1034;PROD_17;3;1
ORD_1034;PROD_46;5;2
ORD_1034;PROD_31;4;4
ORD_1034;PROD_2;8;4
ORD_1034;PROD_16;2;3
ORD_1034;PROD_35;1;2
ORD_1034;PROD_12;9;2
ORD_1034;PROD_21;1;3
ORD_1034;PROD_45;2;1
ORD_1034;PROD_43;9;2
ORD_1034;PROD_10;4;1
ORD_1035;PROD_43;2;5
ORD_1035;PROD_7;8;2
ORD_1035;PROD_9;7;4
ORD_1035;PROD_45;1;2
ORD_1035;PROD_48;8;5
ORD_1036;PROD_23;7;2
ORD_1036;PROD_19;4;1
ORD_1036;PROD_38;6;3
ORD_1036;PROD_29;3;1
ORD_1036;PROD_25;3;2
ORD_1037;PROD_19;7;4
ORD_1037;PROD_45;9;4
ORD_1037;PROD_31;7;1
ORD_1037;PROD_35;6;3
ORD_1037;PROD_32;7;1
ORD_1037;PROD_13;2;4
ORD_1037;PROD_13;5;3
ORD_1037;PROD_30;3;3
ORD_1037;PROD_18;9;1
ORD_1037;PROD_19;4;3
ORD_1037;PROD_17;1;2
ORD_1037;PROD_15;4;3
ORD_1037;PROD_32;1;4
ORD_1037;PROD_17;5;5
ORD_1038;PROD_33;8;4
ORD_1038;PROD_24;9;5
ORD_1038;PROD_47;8;4
ORD_1038;PROD_33;9;5
ORD_1038;PROD_25;5;4
ORD_1039;PROD_31;9;3
ORD_1039;PROD_23;8;1
ORD_1039;PROD_2;1;2
ORD_1039;PROD_7;3;4
ORD_1039;PROD_3;2;1
ORD_1039;PROD_43;2;3
ORD_1039;PROD_10;3;3
ORD_1039;PROD_50;1;3
ORD_1039;PROD_32;2;5
ORD_1039;PROD_42;1;1
ORD_1039;PROD_28;9;3
ORD_1039;PROD_23;5;3
ORD_1040;PROD_2;5;2
ORD_1040;PROD_28;7;5
ORD_1040;PROD_10;6;4
ORD_1040;PROD_18;3;1
ORD_1040;PROD_4;4;3
ORD_1040;PROD_30;2;1
ORD_1041;PROD_37;6;1
ORD_1041;PROD_8;1;4
ORD_1041;PROD_17;3;2
ORD_1041;PROD_34;3;4
ORD_1041;PROD_36;9;4
ORD_1041;PROD_21;3;1
ORD_1041;PROD_15;5;1
ORD_1041;PROD_39;9;1
ORD_1041;PROD_20;3;4
ORD_1041;PROD_50;4;4
ORD_1042;PROD_20;2;1
ORD_1042;PROD_18;6;5
ORD_1042;PROD_38;4;4
ORD_1042;PROD_4;8;2
ORD_1042;PROD_37;2;1
ORD_1042;PROD_11;7;2
ORD_1042;PROD_20;1;4
ORD_1042;PROD_3;9;3
ORD_1042;PROD_27;6;1
ORD_1042;PROD_9;4;2
ORD_1043;PROD_32;8;1
ORD_1043;PROD_43;5;1
ORD_1043;PROD_25;5;2
ORD_1043;PROD_50;9;1
ORD_1043;PROD_30;1;2
ORD_1043;PROD_9;9;5
ORD_1043;PROD_16;1;5
ORD_1043;PROD_41;5;1
ORD_1043;PROD_39;4;2
ORD_1043;PROD_27;9;5
ORD_1043;PROD_33;9;2
ORD_1043;PROD_45;3;2
ORD_1043;PROD_48;8;5
ORD_1043;PROD_17;8;5
ORD_1044;PROD_20;2;5
ORD_1044;PROD_25;3;5
ORD_1044;PROD_13;3;3
ORD_1044;PROD_23;3;5
ORD_1044;PROD_19;2;4
ORD_1044;PROD_38;9;2
ORD_1044;PROD_19;6;4
ORD_1044;PROD_23;7;3
ORD_1044;PROD_18;7;1
ORD_1044;PROD_41;4;5
ORD_1044;PROD_28;1;1
ORD_1044;PROD_15;2;4
ORD_1045;PROD_37;4;5
ORD_1045;PROD_12;3;4
ORD_1045;PROD_35;5;1
ORD_1045;PROD_10;5;4
ORD_1045;PROD_47;9;3
ORD_1045;PROD_28;5;1
ORD_1045;PROD_26;6;5
ORD_1045;PROD_8;4;3
ORD_1046;PROD_47;3;1
ORD_1046;PROD_33;5;2
ORD_1046;PROD_38;3;4
ORD_1046;PROD_25;2;1
ORD_1046;PROD_21;6;5
ORD_1046;PROD_14;2;1
ORD_1046;PROD_42;6;2
ORD_1046;PROD_11;9;2
ORD_1046;PROD_25;9;5
ORD_1046;PROD_29;2;5
ORD_1046;PROD_13;3;4
ORD_1046;PROD_34;6;5
ORD_1046;PROD_49;4;3
ORD_1046;PROD_37;8;5
ORD_1046;PROD_17;1;3
ORD_1047;PROD_13;6;3
ORD_1047;PROD_40;6;5
ORD_1047;PROD_47;4;3
ORD_1047;PROD_18;5;3
ORD_1047;PROD_16;4;2
ORD_1047;PROD_15;8;3
ORD_1047;PROD_3;4;4
ORD_1047;PROD_5;4;2
ORD_1047;PROD_2;3;1
ORD_1048;PROD_25;7;4
ORD_1048;PROD_21;4;2
ORD_1048;PROD_14;8;3
ORD_1048;PROD_42;9;2
ORD_1048;PROD_36;9;5
ORD_1048;PROD_21;3;2
ORD_1048;PROD_15;2;2
ORD_1048;PROD_39;9;4
ORD_1048;PROD_44;1;2
ORD_1048;PROD_2;3;3
ORD_1048;PROD_7;5;4
ORD_1048;PROD_28;7;4
ORD_1049;PROD_47;4;2
ORD_1049;PROD_33;4;3
ORD_1049;PROD_38;5;3
ORD_1049;PROD_2;8;1
ORD_1049;PROD_28;4;5
ORD_1049;PROD_5;2;5
ORD_1049;PROD_7;9;1
ORD_1049;PROD_40;6;1
ORD_1049;PROD_34;3;4
ORD_1049;PROD_18;6;5
ORD_1049;PROD_1;6;1
ORD_1050;PROD_23;6;3
ORD_1050;PROD_19;5;5
ORD_1050;PROD_38;1;1
ORD_1050;PROD_39;2;5
ORD_1050;PROD_37;2;5
ORD_1050;PROD_38;7;2
ORD_1050;PROD_23;6;4
ORD_1050;PROD_19;3;1
ORD_1050;PROD_26;4;1
ORD_1050;PROD_4;7;3
ORD_1051;PROD_40;3;5
ORD_1051;PROD_9;3;2
ORD_1051;PROD_25;1;1
ORD_1051;PROD_46;3;3
ORD_1051;PROD_23;1;5
ORD_1051;PROD_13;4;3
ORD_1051;PROD_10;3;5
ORD_1051;PROD_8;5;2
ORD_1051;PROD_39;2;2
ORD_1051;PROD_33;8;5
ORD_1051;PROD_22;6;4
ORD_1051;PROD_12;4;3
ORD_1051;PROD_27;4;5
ORD_1052;PROD_17;4;2
ORD_1052;PROD_27;7;5
ORD_1052;PROD_46;7;2
ORD_1052;PROD_50;2;1
ORD_1052;PROD_43;3;4
ORD_1052;PROD_36;3;2
ORD_1053;PROD_8;7;2
ORD_1053;PROD_23;8;2
ORD_1053;PROD_14;3;5
ORD_1053;PROD_6;6;2
ORD_1053;PROD_22;7;1
ORD_1053;PROD_10;6;4
ORD_1053;PROD_8;7;4
ORD_1053;PROD_24;2;5
ORD_1053;PROD_34;5;5
ORD_1053;PROD_38;5;2
ORD_1053;PROD_2;3;5
ORD_1054;PROD_2;2;3
ORD_1054;PROD_28;3;4
ORD_1054;PROD_49;3;5
ORD_1054;PROD_38;2;2
ORD_1054;PROD_27;2;5
ORD_1054;PROD_45;6;3
ORD_1054;PROD_33;1;4
ORD_1054;PROD_13;5;4
ORD_1054;PROD_2;4;1
ORD_1054;PROD_42;4;5
ORD_1054;PROD_35;6;5
ORD_1054;PROD_25;6;3
ORD_1054;PROD_15;9;1
ORD_1055;PROD_15;5;5
ORD_1055;PROD_24;6;1
ORD_1055;PROD_27;9;3
ORD_1055;PROD_34;1;4
ORD_1055;PROD_24;5;3
ORD_1055;PROD_30;4;4
ORD_1055;PROD_6;8;4
ORD_1055;PROD_22;8;5
ORD_1055;PROD_41;8;2
ORD_1055;PROD_2;2;3
ORD_1055;PROD_1;8;4
ORD_1055;PROD_14;9;2
ORD_1055;PROD_47;7;1
ORD_1056;PROD_20;9;3
ORD_1056;PROD_18;9;3
ORD_1056;PROD_47;6;5
ORD_1056;PROD_33;8;3
ORD_1056;PROD_38;2;4
ORD_1056;PROD_45;6;5
ORD_1056;PROD_41;2;2
ORD_1056;PROD_22;3;3
ORD_1056;PROD_13;5;4
ORD_1056;PROD_45;1;4
ORD_1056;PROD_44;8;5
ORD_1056;PROD_28;3;4
ORD_1056;PROD_41;1;1
ORD_1056;PROD_32;2;1
ORD_1057;PROD_20;6;4
ORD_1057;PROD_18;1;1
ORD_1057;PROD_38;4;3
ORD_1057;PROD_4;4;1
ORD_1057;PROD_37;9;5
ORD_1057;PROD_11;4;5
ORD_1057;PROD_20;7;5
ORD_1057;PROD_20;4;2
ORD_1057;PROD_25;6;3
ORD_1058;PROD_10;7;4
ORD_1058;PROD_15;8;1
ORD_1058;PROD_20;7;4
ORD_1058;PROD_18;5;1
ORD_1058;PROD_6;9;5
ORD_1058;PROD_45;6;3
ORD_1058;PROD_43;5;5
ORD_1058;PROD_13;1;5
ORD_1058;PROD_13;8;5
ORD_1058;PROD_20;1;4
ORD_1058;PROD_47;3;2
ORD_1058;PROD_5;8;1
ORD_1058;PROD_20;3;4
ORD_1058;PROD_7;5;4
ORD_1058;PROD_20;5;3
ORD_1059;PROD_39;3;4
ORD_1059;PROD_37;3;3
ORD_1059;PROD_38;6;3
ORD_1059;PROD_23;4;5
ORD_1059;PROD_37;2;3
ORD_1059;PROD_25;5;5
ORD_1059;PROD_9;4;1
ORD_1059;PROD_29;4;3
ORD_1059;PROD_7;1;4
ORD_1059;PROD_37;5;5
ORD_1059;PROD_10;6;4
ORD_1059;PROD_41;6;4
ORD_1060;PROD_13;3;1
ORD_1060;PROD_40;6;2
ORD_1060;PROD_47;5;1
ORD_1060;PROD_18;1;4
ORD_1060;PROD_16;4;1
ORD_1060;PROD_13;8;1
ORD_1060;PROD_28;8;2
ORD_1060;PROD_48;3;4
ORD_1060;PROD_42;7;2
ORD_1060;PROD_49;6;3
ORD_1060;PROD_2;4;4
ORD_1061;PROD_29;8;4
ORD_1061;PROD_1;3;4
ORD_1061;PROD_9;2;5
ORD_1061;PROD_33;8;4
ORD_1061;PROD_33;5;4
ORD_1061;PROD_18;3;2
ORD_1061;PROD_18;8;4
ORD_1062;PROD_7;9;4
ORD_1062;PROD_27;3;4
ORD_1062;PROD_49;3;3
ORD_1062;PROD_32;9;3
ORD_1062;PROD_24;3;1
ORD_1063;PROD_38;7;3
ORD_1063;PROD_34;5;3
ORD_1063;PROD_14;4;1
ORD_1063;PROD_48;4;2
ORD_1063;PROD_3;8;3
ORD_1064;PROD_25;3;1
ORD_1064;PROD_21;7;5
ORD_1064;PROD_14;4;1
ORD_1064;PROD_42;2;5
ORD_1064;PROD_7;9;2
ORD_1064;PROD_27;1;3
ORD_1064;PROD_49;1;5
ORD_1064;PROD_23;7;4
ORD_1064;PROD_19;2;3
ORD_1064;PROD_38;9;4
ORD_1064;PROD_13;4;2
ORD_1064;PROD_23;5;4
ORD_1064;PROD_45;4;3
ORD_1064;PROD_38;9;3
ORD_1064;PROD_22;8;5
ORD_1065;PROD_47;3;4
ORD_1065;PROD_33;9;5
ORD_1065;PROD_38;9;2
ORD_1065;PROD_6;4;4
ORD_1065;PROD_45;4;3
ORD_1065;PROD_43;2;4
ORD_1065;PROD_5;7;4
ORD_1065;PROD_6;1;5
ORD_1065;PROD_27;1;1
ORD_1065;PROD_31;1;5
ORD_1066;PROD_39;7;5
ORD_1066;PROD_37;9;3
ORD_1066;PROD_38;2;5
ORD_1066;PROD_23;4;3
ORD_1066;PROD_39;1;4
ORD_1066;PROD_19;2;1
ORD_1066;PROD_49;6;1
ORD_1066;PROD_49;5;4
ORD_1067;PROD_13;7;5
ORD_1067;PROD_44;5;4
ORD_1067;PROD_43;8;3
ORD_1067;PROD_45;1;1
ORD_1067;PROD_31;7;2
ORD_1067;PROD_23;3;1
ORD_1067;PROD_8;3;3
ORD_1067;PROD_10;7;3
ORD_1067;PROD_28;9;5
ORD_1067;PROD_18;8;5
ORD_1067;PROD_16;9;4
ORD_1068;PROD_9;4;2
ORD_1068;PROD_32;4;4
ORD_1068;PROD_31;7;5
ORD_1068;PROD_10;6;3
ORD_1068;PROD_12;7;1
ORD_1068;PROD_6;1;3
ORD_1068;PROD_38;4;3
ORD_1068;PROD_6;8;3
ORD_1068;PROD_40;3;4
ORD_1068;PROD_21;6;5
ORD_1068;PROD_32;1;3
ORD_1068;PROD_1;1;4
ORD_1068;PROD_36;8;4
ORD_1068;PROD_50;8;3
ORD_1069;PROD_37;2;2
ORD_1069;PROD_30;2;4
ORD_1069;PROD_50;5;5
ORD_1069;PROD_48;8;1
ORD_1069;PROD_9;5;1
ORD_1069;PROD_18;9;1
ORD_1069;PROD_13;5;1
ORD_1069;PROD_9;2;5
ORD_1069;PROD_43;9;4
ORD_1070;PROD_24;1;5
ORD_1070;PROD_5;5;1
ORD_1070;PROD_2;1;5
ORD_1070;PROD_33;9;4
ORD_1070;PROD_7;5;2
ORD_1070;PROD_27;6;4
ORD_1070;PROD_49;6;3
ORD_1070;PROD_23;7;5
ORD_1071;PROD_24;6;4
ORD_1071;PROD_5;5;3
ORD_1071;PROD_2;5;3
ORD_1071;PROD_33;5;4
ORD_1071;PROD_16;8;3
ORD_1071;PROD_21;1;1
ORD_1071;PROD_19;9;2
ORD_1071;PROD_24;8;3
ORD_1072;PROD_43;6;1
ORD_1072;PROD_23;8;2
ORD_1072;PROD_7;5;3
ORD_1072;PROD_8;8;4
ORD_1072;PROD_28;7;2
ORD_1072;PROD_47;8;3
ORD_1072;PROD_18;3;3
ORD_1072;PROD_42;1;2
ORD_1072;PROD_30;6;2
ORD_1072;PROD_8;4;3
ORD_1072;PROD_25;2;5
ORD_1072;PROD_12;5;1
ORD_1072;PROD_49;5;2
ORD_1073;PROD_47;7;3
ORD_1073;PROD_33;1;1
ORD_1073;PROD_38;2;2
ORD_1073;PROD_13;2;1
ORD_1073;PROD_40;7;2
ORD_1073;PROD_47;9;1
ORD_1073;PROD_18;2;4
ORD_1073;PROD_16;1;2
ORD_1074;PROD_39;1;2
ORD_1074;PROD_37;4;4
ORD_1074;PROD_38;5;5
ORD_1074;PROD_23;6;4
ORD_1074;PROD_39;2;3
ORD_1074;PROD_37;2;4
ORD_1074;PROD_38;8;1
ORD_1074;PROD_23;8;4
ORD_1074;PROD_20;1;3
ORD_1074;PROD_18;8;3
ORD_1074;PROD_7;1;2
ORD_1075;PROD_13;1;4
ORD_1075;PROD_40;2;2
ORD_1075;PROD_47;2;3
ORD_1075;PROD_18;2;5
ORD_1075;PROD_16;9;2
ORD_1075;PROD_38;9;4
ORD_1075;PROD_6;4;3
ORD_1075;PROD_43;2;4
ORD_1075;PROD_12;9;5
ORD_1075;PROD_49;8;3
ORD_1075;PROD_35;6;3
ORD_1075;PROD_11;9;4
ORD_1076;PROD_10;3;4
ORD_1076;PROD_15;8;2
ORD_1076;PROD_10;1;3
ORD_1076;PROD_15;3;3
ORD_1076;PROD_6;8;5
ORD_1076;PROD_45;8;3
ORD_1076;PROD_43;8;2
ORD_1076;PROD_6;8;2
ORD_1076;PROD_40;2;4
ORD_1076;PROD_46;7;3
ORD_1076;PROD_19;6;5
ORD_1076;PROD_33;8;2
ORD_1076;PROD_32;3;2
ORD_1076;PROD_4;4;5
ORD_1077;PROD_13;1;5
ORD_1077;PROD_44;6;5
ORD_1077;PROD_43;6;4
ORD_1077;PROD_45;6;3
ORD_1077;PROD_47;1;5
ORD_1077;PROD_33;8;4
ORD_1077;PROD_38;5;3
ORD_1077;PROD_2;2;5
ORD_1077;PROD_28;5;3
ORD_1077;PROD_35;8;3
ORD_1077;PROD_24;1;4
ORD_1077;PROD_12;3;5
ORD_1077;PROD_6;1;1
ORD_1078;PROD_39;3;5
ORD_1078;PROD_32;9;2
ORD_1078;PROD_27;9;2
ORD_1078;PROD_23;3;4
ORD_1078;PROD_34;6;5
ORD_1078;PROD_9;4;3
ORD_1078;PROD_8;2;2
ORD_1078;PROD_5;5;2
ORD_1079;PROD_2;5;2
ORD_1079;PROD_28;7;1
ORD_1079;PROD_40;4;1
ORD_1079;PROD_9;3;2
ORD_1079;PROD_25;5;1
ORD_1080;PROD_34;8;5
ORD_1080;PROD_25;8;3
ORD_1080;PROD_20;7;3
ORD_1080;PROD_41;5;4
ORD_1080;PROD_16;6;3
ORD_1080;PROD_28;5;4
ORD_1080;PROD_20;1;4
ORD_1080;PROD_39;3;1
ORD_1080;PROD_38;7;4
ORD_1080;PROD_23;5;4
ORD_1080;PROD_13;3;3
ORD_1081;PROD_2;9;2
ORD_1081;PROD_28;7;5
ORD_1081;PROD_36;8;1
ORD_1081;PROD_21;1;2
ORD_1081;PROD_15;7;4
ORD_1081;PROD_39;3;5
ORD_1081;PROD_38;3;2
ORD_1081;PROD_4;4;3
ORD_1081;PROD_37;6;2
ORD_1081;PROD_11;2;1
ORD_1081;PROD_20;9;2
ORD_1081;PROD_41;7;2
ORD_1082;PROD_13;9;5
ORD_1082;PROD_8;4;1
ORD_1082;PROD_9;9;1
ORD_1082;PROD_19;5;3
ORD_1082;PROD_46;7;4
ORD_1082;PROD_35;7;5
ORD_1083;PROD_24;9;5
ORD_1083;PROD_5;5;1
ORD_1083;PROD_2;2;1
ORD_1083;PROD_33;6;2
ORD_1083;PROD_23;9;2
ORD_1084;PROD_10;2;1
ORD_1084;PROD_15;4;5
ORD_1084;PROD_47;6;3
ORD_1084;PROD_33;4;5
ORD_1084;PROD_38;8;1
ORD_1084;PROD_6;4;5
ORD_1084;PROD_45;7;5
ORD_1085;PROD_23;6;5
ORD_1085;PROD_19;9;1
ORD_1085;PROD_38;4;5
ORD_1085;PROD_23;4;2
ORD_1085;PROD_19;2;5
ORD_1085;PROD_38;8;1
ORD_1085;PROD_17;4;5
ORD_1085;PROD_45;4;5
ORD_1085;PROD_14;2;4
ORD_1085;PROD_7;6;3
ORD_1085;PROD_23;9;1
ORD_1085;PROD_12;6;2
ORD_1085;PROD_39;4;4
ORD_1085;PROD_33;4;4
ORD_1086;PROD_25;9;4
ORD_1086;PROD_21;7;4
ORD_1086;PROD_14;5;4
ORD_1086;PROD_42;9;2
ORD_1086;PROD_13;2;4
ORD_1086;PROD_44;6;2
ORD_1086;PROD_43;6;3
ORD_1086;PROD_45;5;1
ORD_1086;PROD_4;5;5
ORD_1086;PROD_37;2;3
ORD_1087;PROD_11;4;1
ORD_1087;PROD_33;9;1
ORD_1087;PROD_27;7;1
ORD_1087;PROD_5;1;2
ORD_1087;PROD_24;8;4
ORD_1087;PROD_8;9;2
ORD_1087;PROD_32;3;4
ORD_1087;PROD_7;8;3
ORD_1087;PROD_20;2;4
ORD_1087;PROD_42;4;4
ORD_1087;PROD_43;4;4
ORD_1088;PROD_6;1;2
ORD_1088;PROD_45;5;1
ORD_1088;PROD_43;2;5
ORD_1088;PROD_35;9;4
ORD_1088;PROD_1;5;1
ORD_1088;PROD_34;1;2
ORD_1088;PROD_48;1;4
ORD_1088;PROD_23;7;5
ORD_1088;PROD_18;6;3
ORD_1088;PROD_36;6;2
ORD_1088;PROD_39;7;5
ORD_1088;PROD_50;5;5
ORD_1089;PROD_41;5;2
ORD_1089;PROD_50;3;5
ORD_1089;PROD_8;4;3
ORD_1089;PROD_18;1;3
ORD_1089;PROD_18;4;1
ORD_1089;PROD_6;5;3
ORD_1089;PROD_26;7;3
ORD_1089;PROD_25;5;3
ORD_1089;PROD_20;2;2
ORD_1089;PROD_36;6;2
ORD_1090;PROD_49;7;1
ORD_1090;PROD_38;8;3
ORD_1090;PROD_27;1;5
ORD_1090;PROD_45;2;4
ORD_1090;PROD_33;5;3
ORD_1090;PROD_23;4;5
ORD_1090;PROD_19;7;3
ORD_1090;PROD_38;2;5
ORD_1090;PROD_25;8;5
ORD_1091;PROD_1;1;3
ORD_1091;PROD_42;7;1
ORD_1091;PROD_24;8;5
ORD_1091;PROD_2;3;3
ORD_1091;PROD_18;6;4
ORD_1092;PROD_5;8;2
ORD_1092;PROD_17;2;4
ORD_1092;PROD_5;7;1
ORD_1092;PROD_44;1;4
ORD_1092;PROD_12;9;2
ORD_1092;PROD_35;5;2
ORD_1092;PROD_28;9;5
ORD_1092;PROD_18;6;4
ORD_1092;PROD_19;8;4
ORD_1092;PROD_13;9;3
ORD_1092;PROD_26;4;1
ORD_1092;PROD_49;6;1
ORD_1092;PROD_43;2;1
ORD_1092;PROD_26;4;4
ORD_1093;PROD_37;9;5
ORD_1093;PROD_8;3;1
ORD_1093;PROD_17;4;1
ORD_1093;PROD_34;7;3
ORD_1093;PROD_10;4;5
ORD_1093;PROD_15;2;3
ORD_1093;PROD_50;5;1
ORD_1093;PROD_47;3;2
ORD_1093;PROD_14;1;2
ORD_1093;PROD_46;8;3
ORD_1093;PROD_6;6;5
ORD_1093;PROD_11;6;3
ORD_1093;PROD_32;1;1
ORD_1093;PROD_22;6;4
ORD_1094;PROD_26;1;5
ORD_1094;PROD_37;9;4
ORD_1094;PROD_48;1;5
ORD_1094;PROD_49;1;1
ORD_1094;PROD_34;9;5
ORD_1094;PROD_36;4;4
ORD_1094;PROD_1;5;1
ORD_1095;PROD_48;6;3
ORD_1095;PROD_25;2;2
ORD_1095;PROD_36;2;3
ORD_1095;PROD_32;8;3
ORD_1095;PROD_36;4;5
ORD_1095;PROD_17;1;1
ORD_1095;PROD_45;5;2
ORD_1096;PROD_29;7;2
ORD_1096;PROD_2;8;1
ORD_1096;PROD_6;2;5
ORD_1096;PROD_1;1;2
ORD_1096;PROD_34;2;3
ORD_1096;PROD_44;1;5
ORD_1096;PROD_19;3;3
ORD_1096;PROD_23;1;5
ORD_1096;PROD_18;4;3
ORD_1097;PROD_24;1;3
ORD_1097;PROD_39;6;5
ORD_1097;PROD_20;5;4
ORD_1097;PROD_29;3;4
ORD_1097;PROD_20;7;5
ORD_1097;PROD_15;6;2
ORD_1097;PROD_47;6;2
ORD_1097;PROD_20;9;5
ORD_1097;PROD_4;2;5
ORD_1097;PROD_36;2;3
ORD_1097;PROD_2;7;4
ORD_1098;PROD_47;3;2
ORD_1098;PROD_33;9;2
ORD_1098;PROD_38;9;4
ORD_1098;PROD_25;7;2
ORD_1098;PROD_1;7;1
ORD_1098;PROD_34;8;3
ORD_1098;PROD_21;7;4
ORD_1098;PROD_19;4;2
ORD_1098;PROD_33;2;1
ORD_1098;PROD_24;3;3
ORD_1098;PROD_3;8;5
ORD_1098;PROD_18;7;3
ORD_1099;PROD_37;3;1
ORD_1099;PROD_8;4;1
ORD_1099;PROD_17;8;2
ORD_1099;PROD_34;5;1
ORD_1099;PROD_13;7;5
ORD_1099;PROD_40;1;5
ORD_1099;PROD_47;3;4
ORD_1099;PROD_18;6;3
ORD_1099;PROD_16;6;5
ORD_1099;PROD_10;1;1
ORD_1099;PROD_15;1;2
ORD_1099;PROD_23;9;1
ORD_1100;PROD_10;3;3
ORD_1100;PROD_15;3;5
ORD_1100;PROD_29;2;5
ORD_1100;PROD_37;6;2
ORD_1100;PROD_14;5;5
ORD_1101;PROD_45;1;3
ORD_1101;PROD_40;9;3
ORD_1101;PROD_16;6;4
ORD_1101;PROD_11;2;5
ORD_1101;PROD_17;9;1
ORD_1101;PROD_32;4;4
ORD_1101;PROD_41;4;1
ORD_1101;PROD_27;4;5
ORD_1101;PROD_33;8;4
ORD_1101;PROD_11;2;1
ORD_1101;PROD_30;1;2
ORD_1102;PROD_40;9;2
ORD_1102;PROD_9;8;4
ORD_1102;PROD_25;9;4
ORD_1102;PROD_46;1;1
ORD_1102;PROD_23;9;2
ORD_1102;PROD_4;2;1
ORD_1102;PROD_23;1;2
ORD_1102;PROD_18;9;1
ORD_1102;PROD_46;1;1
ORD_1102;PROD_39;1;4
ORD_1102;PROD_22;4;3
ORD_1102;PROD_15;7;1
ORD_1102;PROD_46;5;4
ORD_1103;PROD_37;6;4
ORD_1103;PROD_4;5;3
ORD_1103;PROD_42;1;3
ORD_1103;PROD_17;5;2
ORD_1103;PROD_31;2;2
ORD_1103;PROD_27;3;2
ORD_1103;PROD_44;3;3
ORD_1103;PROD_4;4;5
ORD_1103;PROD_46;9;1
ORD_1103;PROD_43;7;1
ORD_1103;PROD_39;3;3
ORD_1103;PROD_43;5;4
ORD_1103;PROD_33;9;4
ORD_1103;PROD_30;9;4
ORD_1103;PROD_45;6;4
ORD_1104;PROD_20;5;2
ORD_1104;PROD_25;6;1
ORD_1104;PROD_13;8;2
ORD_1104;PROD_37;3;1
ORD_1104;PROD_8;6;4
ORD_1104;PROD_17;2;4
ORD_1104;PROD_34;7;3
ORD_1104;PROD_38;6;3
ORD_1104;PROD_30;9;4
ORD_1105;PROD_29;6;4
ORD_1105;PROD_10;2;3
ORD_1105;PROD_33;1;5
ORD_1105;PROD_36;1;2
ORD_1105;PROD_19;7;2
ORD_1105;PROD_10;2;4
ORD_1105;PROD_30;6;2
ORD_1105;PROD_20;1;2
ORD_1105;PROD_40;6;2
ORD_1106;PROD_20;8;4
ORD_1106;PROD_25;5;5
ORD_1106;PROD_13;1;4
ORD_1106;PROD_38;9;4
ORD_1106;PROD_4;2;3
ORD_1106;PROD_37;2;1
ORD_1106;PROD_11;6;5
ORD_1106;PROD_20;7;5
ORD_1106;PROD_32;2;5
ORD_1106;PROD_43;4;4
ORD_1106;PROD_50;1;4
ORD_1106;PROD_17;3;1
ORD_1107;PROD_36;8;3
ORD_1107;PROD_21;2;1
ORD_1107;PROD_15;4;3
ORD_1107;PROD_39;8;2
ORD_1107;PROD_11;7;1
ORD_1107;PROD_25;7;3
ORD_1107;PROD_29;8;5
ORD_1107;PROD_13;7;4
ORD_1107;PROD_6;9;2
ORD_1107;PROD_45;4;3
ORD_1107;PROD_43;5;1
ORD_1107;PROD_39;1;3
ORD_1107;PROD_36;4;2
ORD_1107;PROD_6;4;1
ORD_1108;PROD_39;1;3
ORD_1108;PROD_2;6;3
ORD_1108;PROD_46;5;4
ORD_1108;PROD_14;7;1
ORD_1108;PROD_2;9;4
ORD_1108;PROD_17;7;3
ORD_1108;PROD_40;4;3
ORD_1108;PROD_15;4;2
ORD_1108;PROD_1;5;4
ORD_1108;PROD_37;9;3
ORD_1109;PROD_38;8;4
ORD_1109;PROD_4;2;5
ORD_1109;PROD_37;6;3
ORD_1109;PROD_11;3;1
ORD_1109;PROD_20;1;5
ORD_1109;PROD_24;1;4
ORD_1109;PROD_24;9;5
ORD_1109;PROD_33;3;1
ORD_1109;PROD_50;5;5
ORD_1109;PROD_37;2;3
ORD_1110;PROD_30;5;1
ORD_1110;PROD_25;3;2
ORD_1110;PROD_19;4;2
ORD_1110;PROD_18;6;5
ORD_1110;PROD_26;2;5
ORD_1110;PROD_29;9;2
ORD_1110;PROD_31;1;3
ORD_1110;PROD_29;7;2
ORD_1110;PROD_36;2;3
ORD_1110;PROD_30;1;1
ORD_1110;PROD_27;2;3
ORD_1110;PROD_12;5;2
ORD_1110;PROD_7;3;4
ORD_1110;PROD_2;2;4
ORD_1110;PROD_7;5;1
ORD_1111;PROD_20;9;1
ORD_1111;PROD_25;5;1
ORD_1111;PROD_13;9;4
ORD_1111;PROD_50;3;4
ORD_1111;PROD_50;5;4
ORD_1111;PROD_23;5;4
ORD_1111;PROD_28;6;3
ORD_1111;PROD_6;5;1
ORD_1111;PROD_23;6;2
ORD_1111;PROD_10;7;3
ORD_1111;PROD_27;1;2
ORD_1112;PROD_15;9;2
ORD_1112;PROD_48;9;3
ORD_1112;PROD_36;9;3
ORD_1112;PROD_16;5;5
ORD_1112;PROD_2;7;5
ORD_1112;PROD_19;7;5
ORD_1112;PROD_6;9;3
ORD_1112;PROD_24;3;4
ORD_1112;PROD_23;7;1
ORD_1112;PROD_18;2;1
ORD_1112;PROD_17;1;4
ORD_1113;PROD_50;7;1
ORD_1113;PROD_29;3;1
ORD_1113;PROD_7;8;2
ORD_1113;PROD_41;8;4
ORD_1113;PROD_23;6;3
ORD_1113;PROD_42;5;4
ORD_1113;PROD_28;3;3
ORD_1113;PROD_27;3;1
ORD_1113;PROD_50;6;1
ORD_1113;PROD_14;8;4
ORD_1114;PROD_38;5;2
ORD_1114;PROD_4;5;4
ORD_1114;PROD_37;5;3
ORD_1114;PROD_11;5;4
ORD_1114;PROD_20;3;4
ORD_1115;PROD_28;1;5
ORD_1115;PROD_38;7;2
ORD_1115;PROD_4;5;3
ORD_1115;PROD_35;8;4
ORD_1115;PROD_37;1;1
ORD_1116;PROD_20;8;3
ORD_1116;PROD_18;7;1
ORD_1116;PROD_39;7;3
ORD_1116;PROD_37;6;4
ORD_1116;PROD_38;8;1
ORD_1116;PROD_23;4;4
ORD_1117;PROD_2;3;4
ORD_1117;PROD_28;2;5
ORD_1117;PROD_39;5;1
ORD_1117;PROD_45;5;5
ORD_1117;PROD_16;4;4
ORD_1117;PROD_37;8;1
ORD_1117;PROD_32;1;4
ORD_1117;PROD_17;4;3
ORD_1117;PROD_24;3;4
ORD_1117;PROD_8;4;2
ORD_1117;PROD_31;9;5
ORD_1117;PROD_45;2;5
ORD_1118;PROD_37;1;1
ORD_1118;PROD_4;1;1
ORD_1118;PROD_44;7;1
ORD_1118;PROD_5;4;2
ORD_1118;PROD_12;2;4
ORD_1118;PROD_20;4;3
ORD_1118;PROD_30;4;4
ORD_1118;PROD_4;3;2
ORD_1118;PROD_18;9;5
ORD_1118;PROD_15;5;1
ORD_1118;PROD_4;5;2
ORD_1119;PROD_23;3;3
ORD_1119;PROD_19;7;5
ORD_1119;PROD_38;5;4
ORD_1119;PROD_2;4;2
ORD_1119;PROD_28;8;4
ORD_1119;PROD_24;8;5
ORD_1119;PROD_5;8;2
ORD_1119;PROD_2;3;1
ORD_1120;PROD_41;3;4
ORD_1120;PROD_12;9;3
ORD_1120;PROD_39;5;4
ORD_1120;PROD_35;7;5
ORD_1120;PROD_33;6;3
ORD_1120;PROD_50;6;4
ORD_1121;PROD_44;8;4
ORD_1121;PROD_8;9;4
ORD_1121;PROD_40;6;4
ORD_1121;PROD_38;5;4
ORD_1121;PROD_34;1;3
ORD_1121;PROD_46;5;4
ORD_1121;PROD_15;8;3
ORD_1121;PROD_10;9;3
ORD_1121;PROD_32;3;5
ORD_1121;PROD_14;5;5
ORD_1121;PROD_5;4;2
ORD_1121;PROD_50;5;5
ORD_1122;PROD_13;9;1
ORD_1122;PROD_40;2;3
ORD_1122;PROD_47;3;5
ORD_1122;PROD_18;5;2
ORD_1122;PROD_16;2;4
ORD_1122;PROD_11;6;3
ORD_1122;PROD_25;4;5
ORD_1123;PROD_14;2;4
ORD_1123;PROD_22;4;2
ORD_1123;PROD_44;5;3
ORD_1123;PROD_48;6;3
ORD_1123;PROD_47;4;3
ORD_1123;PROD_12;2;4
ORD_1123;PROD_3;9;3
ORD_1123;PROD_8;4;4
ORD_1124;PROD_33;7;5
ORD_1124;PROD_46;8;3
ORD_1124;PROD_6;4;2
ORD_1124;PROD_27;8;3
ORD_1124;PROD_6;1;1
ORD_1124;PROD_44;5;4
ORD_1124;PROD_10;2;1
ORD_1124;PROD_44;5;4
ORD_1124;PROD_29;1;3
ORD_1124;PROD_5;1;4
ORD_1124;PROD_15;9;4
ORD_1124;PROD_20;3;5
ORD_1125;PROD_13;9;1
ORD_1125;PROD_40;2;3
ORD_1125;PROD_47;2;3
ORD_1125;PROD_18;9;2
ORD_1125;PROD_16;5;4
ORD_1125;PROD_24;4;2
ORD_1125;PROD_5;7;1
ORD_1125;PROD_2;6;1
ORD_1125;PROD_33;4;5
ORD_1125;PROD_6;1;4
ORD_1125;PROD_45;4;1
ORD_1125;PROD_43;7;4
ORD_1125;PROD_33;1;5
ORD_1125;PROD_5;2;4
ORD_1126;PROD_26;6;2
ORD_1126;PROD_9;7;1
ORD_1126;PROD_27;3;3
ORD_1126;PROD_31;1;1
ORD_1126;PROD_29;8;1
ORD_1126;PROD_47;4;4
ORD_1126;PROD_5;2;4
ORD_1126;PROD_27;1;5
ORD_1127;PROD_25;1;3
ORD_1127;PROD_21;4;3
ORD_1127;PROD_14;5;2
ORD_1127;PROD_42;6;4
ORD_1127;PROD_36;8;2
ORD_1127;PROD_21;4;5
ORD_1127;PROD_15;6;3
ORD_1127;PROD_39;4;3
ORD_1127;PROD_38;4;4
ORD_1127;PROD_47;3;5
ORD_1127;PROD_47;1;5
ORD_1127;PROD_46;4;5
ORD_1127;PROD_46;3;3
ORD_1127;PROD_33;1;3
ORD_1127;PROD_44;8;3
ORD_1128;PROD_47;1;3
ORD_1128;PROD_33;8;1
ORD_1128;PROD_38;5;3
ORD_1128;PROD_38;6;3
ORD_1128;PROD_4;6;4
ORD_1128;PROD_37;7;4
ORD_1128;PROD_11;1;1
ORD_1128;PROD_20;4;2
ORD_1129;PROD_40;7;4
ORD_1129;PROD_49;3;3
ORD_1129;PROD_25;4;3
ORD_1129;PROD_34;8;1
ORD_1129;PROD_39;9;3
ORD_1130;PROD_36;2;3
ORD_1130;PROD_21;7;4
ORD_1130;PROD_15;5;4
ORD_1130;PROD_39;2;2
ORD_1130;PROD_13;2;4
ORD_1130;PROD_40;5;4
ORD_1130;PROD_47;4;5
ORD_1130;PROD_18;4;5
ORD_1130;PROD_16;5;2
ORD_1130;PROD_10;5;1
ORD_1131;PROD_44;2;2
ORD_1131;PROD_26;2;1
ORD_1131;PROD_25;7;2
ORD_1131;PROD_20;3;3
ORD_1131;PROD_32;3;2
ORD_1131;PROD_45;5;3
ORD_1131;PROD_27;7;1
ORD_1131;PROD_27;4;5
ORD_1131;PROD_13;9;2
ORD_1131;PROD_31;8;3
ORD_1131;PROD_5;8;3
ORD_1131;PROD_14;5;2
ORD_1131;PROD_23;4;4
ORD_1131;PROD_33;3;2
ORD_1132;PROD_7;8;4
ORD_1132;PROD_27;9;1
ORD_1132;PROD_49;3;3
ORD_1132;PROD_20;3;4
ORD_1132;PROD_18;7;2
ORD_1132;PROD_42;6;2
ORD_1132;PROD_35;2;2
ORD_1132;PROD_13;2;1
ORD_1132;PROD_17;4;3
ORD_1132;PROD_8;2;4
ORD_1132;PROD_10;8;4
ORD_1132;PROD_18;4;4
ORD_1133;PROD_3;6;1
ORD_1133;PROD_18;3;3
ORD_1133;PROD_27;5;3
ORD_1133;PROD_50;6;4
ORD_1133;PROD_29;5;3
ORD_1133;PROD_5;7;1
ORD_1133;PROD_2;9;3
ORD_1133;PROD_1;7;1
ORD_1133;PROD_45;8;5
ORD_1133;PROD_3;9;5
ORD_1133;PROD_14;5;1
ORD_1133;PROD_41;8;5
ORD_1133;PROD_18;7;1
ORD_1134;PROD_35;3;2
ORD_1134;PROD_16;3;4
ORD_1134;PROD_23;4;2
ORD_1134;PROD_31;1;1
ORD_1134;PROD_10;8;5
ORD_1134;PROD_38;5;5
ORD_1134;PROD_5;7;1
ORD_1134;PROD_5;9;2
ORD_1134;PROD_41;2;4
ORD_1134;PROD_25;3;3
ORD_1134;PROD_36;1;1
ORD_1134;PROD_43;2;3
ORD_1135;PROD_2;8;1
ORD_1135;PROD_33;1;4
ORD_1135;PROD_23;7;1
ORD_1135;PROD_48;6;5
ORD_1135;PROD_8;2;4
ORD_1135;PROD_42;5;4
ORD_1136;PROD_48;6;5
ORD_1136;PROD_36;6;4
ORD_1136;PROD_5;5;2
ORD_1136;PROD_12;1;4
ORD_1136;PROD_32;5;2
ORD_1136;PROD_16;5;2
ORD_1136;PROD_36;8;4
ORD_1137;PROD_31;9;1
ORD_1137;PROD_17;1;3
ORD_1137;PROD_28;2;3
ORD_1137;PROD_19;4;3
ORD_1137;PROD_36;2;5
ORD_1137;PROD_4;5;2
ORD_1137;PROD_13;2;2
ORD_1137;PROD_2;7;3
ORD_1137;PROD_16;5;5
ORD_1137;PROD_33;7;5
ORD_1137;PROD_37;1;4
ORD_1137;PROD_32;6;3
ORD_1138;PROD_39;1;2
ORD_1138;PROD_37;5;3
ORD_1138;PROD_38;3;3
ORD_1138;PROD_23;8;2
ORD_1138;PROD_25;5;4
ORD_1138;PROD_44;5;3
ORD_1138;PROD_1;8;3
ORD_1138;PROD_44;1;3
ORD_1138;PROD_5;4;4
ORD_1138;PROD_9;2;3
ORD_1139;PROD_6;7;4
ORD_1139;PROD_45;6;1
ORD_1139;PROD_43;7;2
ORD_1139;PROD_49;6;3
ORD_1139;PROD_43;3;3
ORD_1140;PROD_25;7;1
ORD_1140;PROD_21;9;2
ORD_1140;PROD_14;1;1
ORD_1140;PROD_42;2;5
ORD_1140;PROD_10;2;2
ORD_1140;PROD_15;4;2
ORD_1140;PROD_7;9;1
ORD_1140;PROD_27;7;5
ORD_1140;PROD_49;7;4
ORD_1140;PROD_24;4;1
ORD_1140;PROD_5;4;4
ORD_1140;PROD_50;5;2
ORD_1140;PROD_44;2;1
ORD_1140;PROD_36;9;5
ORD_1140;PROD_33;3;5
ORD_1141;PROD_15;9;3
ORD_1141;PROD_6;1;2
ORD_1141;PROD_19;1;4
ORD_1141;PROD_19;5;3
ORD_1141;PROD_13;9;4
ORD_1142;PROD_9;1;2
ORD_1142;PROD_4;7;1
ORD_1142;PROD_50;2;1
ORD_1142;PROD_24;9;5
ORD_1142;PROD_34;7;1
ORD_1142;PROD_48;8;2
ORD_1142;PROD_50;3;1
ORD_1142;PROD_43;2;1
ORD_1142;PROD_4;4;1
ORD_1142;PROD_8;4;4
ORD_1142;PROD_38;8;1
ORD_1142;PROD_31;2;1
ORD_1142;PROD_6;1;5
ORD_1142;PROD_12;1;3
ORD_1143;PROD_43;9;5
ORD_1143;PROD_14;4;5
ORD_1143;PROD_43;9;1
ORD_1143;PROD_28;3;3
ORD_1143;PROD_12;3;2
ORD_1143;PROD_13;2;5
ORD_1143;PROD_14;4;3
ORD_1143;PROD_20;1;4
ORD_1144;PROD_3;7;4
ORD_1144;PROD_8;3;3
ORD_1144;PROD_34;3;4
ORD_1144;PROD_1;4;5
ORD_1144;PROD_35;5;4
ORD_1144;PROD_36;2;1
ORD_1144;PROD_32;1;4
ORD_1144;PROD_28;8;1
ORD_1145;PROD_40;2;5
ORD_1145;PROD_9;6;4
ORD_1145;PROD_43;5;3
ORD_1145;PROD_37;6;5
ORD_1145;PROD_23;7;5
ORD_1145;PROD_40;4;1
ORD_1145;PROD_33;3;1
ORD_1145;PROD_31;2;2
ORD_1145;PROD_1;4;3
ORD_1145;PROD_5;8;5
ORD_1146;PROD_40;3;2
ORD_1146;PROD_9;1;5
ORD_1146;PROD_25;1;2
ORD_1146;PROD_46;7;1
ORD_1146;PROD_23;1;5
ORD_1146;PROD_36;8;4
ORD_1146;PROD_9;1;3
ORD_1147;PROD_25;9;2
ORD_1147;PROD_21;6;2
ORD_1147;PROD_14;2;1
ORD_1147;PROD_42;5;1
ORD_1147;PROD_40;1;1
ORD_1147;PROD_9;7;3
ORD_1147;PROD_25;1;5
ORD_1147;PROD_46;5;1
ORD_1147;PROD_23;9;3
ORD_1147;PROD_32;4;5
ORD_1147;PROD_43;7;2
ORD_1148;PROD_25;6;2
ORD_1148;PROD_21;6;3
ORD_1148;PROD_14;4;1
ORD_1148;PROD_42;4;2
ORD_1148;PROD_20;1;4
ORD_1148;PROD_18;9;1
ORD_1148;PROD_10;7;5
ORD_1148;PROD_15;8;3
ORD_1148;PROD_26;6;3
ORD_1148;PROD_21;7;4
ORD_1148;PROD_3;8;4
ORD_1148;PROD_16;7;4
ORD_1148;PROD_4;2;1
ORD_1149;PROD_20;8;1
ORD_1149;PROD_18;4;4
ORD_1149;PROD_10;6;1
ORD_1149;PROD_15;2;4
ORD_1149;PROD_29;4;3
ORD_1149;PROD_43;7;3
ORD_1149;PROD_5;7;2
ORD_1149;PROD_38;7;4
ORD_1149;PROD_42;3;2
ORD_1149;PROD_29;4;3
ORD_1149;PROD_35;5;5
ORD_1150;PROD_40;4;3
ORD_1150;PROD_29;4;3
ORD_1150;PROD_37;4;4
ORD_1150;PROD_48;3;4
ORD_1150;PROD_13;9;4
ORD_1150;PROD_10;8;3
ORD_1150;PROD_2;1;4
ORD_1150;PROD_37;6;4
ORD_1151;PROD_38;7;5
ORD_1151;PROD_4;7;4
ORD_1151;PROD_37;9;5
ORD_1151;PROD_11;7;2
ORD_1151;PROD_20;6;3
ORD_1151;PROD_20;3;4
ORD_1151;PROD_18;6;1
ORD_1151;PROD_40;6;3
ORD_1151;PROD_21;7;1
ORD_1151;PROD_12;2;1
ORD_1151;PROD_43;8;5
ORD_1152;PROD_21;8;1
ORD_1152;PROD_23;7;4
ORD_1152;PROD_50;8;4
ORD_1152;PROD_48;4;5
ORD_1152;PROD_17;6;4
ORD_1152;PROD_24;1;1
ORD_1152;PROD_17;8;2
ORD_1152;PROD_19;1;5
ORD_1153;PROD_14;4;4
ORD_1153;PROD_33;2;2
ORD_1153;PROD_49;6;5
ORD_1153;PROD_2;9;3
ORD_1153;PROD_7;8;1
ORD_1153;PROD_42;4;1
ORD_1153;PROD_25;6;1
ORD_1153;PROD_33;8;2
ORD_1153;PROD_29;8;5
ORD_1153;PROD_36;5;2
ORD_1153;PROD_7;6;2
ORD_1153;PROD_22;9;1
ORD_1153;PROD_19;5;5
ORD_1154;PROD_14;3;1
ORD_1154;PROD_23;5;3
ORD_1154;PROD_12;4;4
ORD_1154;PROD_25;4;1
ORD_1154;PROD_17;1;3
ORD_1154;PROD_22;4;5
ORD_1154;PROD_32;3;2
ORD_1154;PROD_5;3;1
ORD_1154;PROD_41;2;1
ORD_1154;PROD_12;3;4
ORD_1154;PROD_38;3;5
ORD_1154;PROD_23;1;2
ORD_1154;PROD_28;7;1
ORD_1154;PROD_31;5;4
ORD_1155;PROD_33;1;1
ORD_1155;PROD_47;7;4
ORD_1155;PROD_48;8;1
ORD_1155;PROD_47;6;5
ORD_1155;PROD_24;6;2
ORD_1155;PROD_33;5;5
ORD_1155;PROD_9;9;2
ORD_1155;PROD_35;7;2
ORD_1155;PROD_10;5;5
ORD_1155;PROD_29;3;5
ORD_1155;PROD_41;6;3
ORD_1156;PROD_12;6;5
ORD_1156;PROD_31;1;3
ORD_1156;PROD_23;5;2
ORD_1156;PROD_32;1;3
ORD_1156;PROD_29;8;2
ORD_1156;PROD_32;7;4
ORD_1157;PROD_7;1;2
ORD_1157;PROD_27;9;4
ORD_1157;PROD_49;8;3
ORD_1157;PROD_16;2;1
ORD_1157;PROD_17;1;4
ORD_1157;PROD_13;7;3
ORD_1157;PROD_45;2;1
ORD_1157;PROD_41;7;5
ORD_1157;PROD_36;7;1
ORD_1157;PROD_3;2;3
ORD_1157;PROD_25;8;2
ORD_1157;PROD_41;3;2
ORD_1157;PROD_35;9;2
ORD_1158;PROD_13;5;5
ORD_1158;PROD_29;6;4
ORD_1158;PROD_46;1;5
ORD_1158;PROD_19;1;5
ORD_1158;PROD_19;8;2
ORD_1158;PROD_47;4;1
ORD_1158;PROD_41;1;1
ORD_1158;PROD_34;3;3
ORD_1158;PROD_2;6;4
ORD_1158;PROD_45;9;1
ORD_1158;PROD_24;1;3
ORD_1158;PROD_30;1;1
ORD_1158;PROD_27;6;5
ORD_1159;PROD_13;6;1
ORD_1159;PROD_44;5;2
ORD_1159;PROD_43;7;2
ORD_1159;PROD_45;5;3
ORD_1159;PROD_37;7;1
ORD_1159;PROD_8;7;4
ORD_1160;PROD_38;2;2
ORD_1160;PROD_4;3;2
ORD_1160;PROD_37;5;3
ORD_1160;PROD_11;9;3
ORD_1160;PROD_20;3;1
ORD_1160;PROD_38;3;4
ORD_1160;PROD_4;3;1
ORD_1160;PROD_37;8;4
ORD_1160;PROD_11;2;5
ORD_1160;PROD_20;1;2
ORD_1160;PROD_5;9;1
ORD_1160;PROD_41;5;5
ORD_1160;PROD_36;7;3
ORD_1161;PROD_7;7;2
ORD_1161;PROD_1;6;3
ORD_1161;PROD_43;7;3
ORD_1161;PROD_5;6;4
ORD_1161;PROD_2;1;5
ORD_1161;PROD_37;2;3
ORD_1161;PROD_34;5;5
ORD_1161;PROD_31;1;1
ORD_1161;PROD_3;1;4
ORD_1161;PROD_33;9;2
ORD_1161;PROD_3;7;4
ORD_1161;PROD_26;6;1
ORD_1161;PROD_43;4;4
ORD_1162;PROD_13;4;4
ORD_1162;PROD_44;8;1
ORD_1162;PROD_43;4;1
ORD_1162;PROD_45;7;4
ORD_1162;PROD_2;6;2
ORD_1162;PROD_28;2;5
ORD_1162;PROD_33;6;2
ORD_1162;PROD_29;8;4
ORD_1162;PROD_15;2;2
ORD_1162;PROD_3;8;5
ORD_1162;PROD_5;4;3
ORD_1162;PROD_45;4;1
ORD_1162;PROD_21;7;5
ORD_1163;PROD_27;8;4
ORD_1163;PROD_20;3;1
ORD_1163;PROD_2;9;5
ORD_1163;PROD_28;3;3
ORD_1163;PROD_6;3;1
ORD_1163;PROD_47;5;4
ORD_1163;PROD_17;7;1
ORD_1163;PROD_14;2;1
ORD_1163;PROD_12;5;1
ORD_1163;PROD_12;4;2
ORD_1163;PROD_21;2;5
ORD_1163;PROD_13;7;5
ORD_1163;PROD_45;8;3
ORD_1163;PROD_5;4;3
ORD_1164;PROD_49;9;1
ORD_1164;PROD_2;2;1
ORD_1164;PROD_16;7;3
ORD_1164;PROD_21;7;4
ORD_1164;PROD_26;7;1
ORD_1164;PROD_6;1;3
ORD_1165;PROD_11;6;2
ORD_1165;PROD_25;9;5
ORD_1165;PROD_29;8;4
ORD_1165;PROD_13;6;4
ORD_1165;PROD_25;4;4
ORD_1165;PROD_21;6;4
ORD_1165;PROD_14;7;2
ORD_1165;PROD_42;8;1
ORD_1165;PROD_20;7;4
ORD_1165;PROD_25;9;3
ORD_1165;PROD_13;8;4
ORD_1165;PROD_10;9;1
ORD_1165;PROD_13;3;4
ORD_1166;PROD_36;5;4
ORD_1166;PROD_21;6;2
ORD_1166;PROD_15;3;5
ORD_1166;PROD_39;9;1
ORD_1166;PROD_10;7;5
ORD_1166;PROD_15;7;3
ORD_1166;PROD_2;1;2
ORD_1166;PROD_28;1;2
ORD_1166;PROD_8;7;3
ORD_1166;PROD_41;4;4
ORD_1166;PROD_24;1;1
ORD_1166;PROD_46;2;2
ORD_1167;PROD_25;1;2
ORD_1167;PROD_21;1;3
ORD_1167;PROD_14;3;4
ORD_1167;PROD_42;7;4
ORD_1167;PROD_14;3;3
ORD_1167;PROD_32;9;1
ORD_1167;PROD_45;8;2
ORD_1167;PROD_32;9;4
ORD_1167;PROD_14;3;4
ORD_1167;PROD_17;6;3
ORD_1167;PROD_38;6;1
ORD_1167;PROD_43;3;4
ORD_1168;PROD_27;1;4
ORD_1168;PROD_14;2;2
ORD_1168;PROD_33;4;4
ORD_1168;PROD_49;5;5
ORD_1168;PROD_14;7;2
ORD_1168;PROD_35;8;5
ORD_1168;PROD_26;9;4
ORD_1169;PROD_30;5;4
ORD_1169;PROD_49;2;5
ORD_1169;PROD_48;9;3
ORD_1169;PROD_30;6;2
ORD_1169;PROD_33;5;5
ORD_1169;PROD_26;7;1
ORD_1169;PROD_26;8;5
ORD_1169;PROD_25;2;2
ORD_1169;PROD_13;3;4
ORD_1169;PROD_49;9;5
ORD_1169;PROD_33;5;4
ORD_1169;PROD_50;2;1
ORD_1169;PROD_4;1;3
ORD_1169;PROD_28;6;3
ORD_1170;PROD_25;9;5
ORD_1170;PROD_7;8;5
ORD_1170;PROD_17;3;3
ORD_1170;PROD_49;1;4
ORD_1170;PROD_16;5;1
ORD_1170;PROD_9;4;5
ORD_1170;PROD_24;9;1
ORD_1170;PROD_42;3;5
ORD_1170;PROD_13;2;1
ORD_1170;PROD_27;5;5
ORD_1170;PROD_37;3;4
ORD_1170;PROD_27;6;1
ORD_1170;PROD_25;3;3
ORD_1171;PROD_39;6;3
ORD_1171;PROD_50;1;5
ORD_1171;PROD_2;6;3
ORD_1171;PROD_29;7;3
ORD_1171;PROD_26;8;2
ORD_1171;PROD_24;4;2
ORD_1171;PROD_17;5;2
ORD_1171;PROD_38;2;3
ORD_1171;PROD_41;3;2
ORD_1171;PROD_6;4;4
ORD_1171;PROD_47;2;5
ORD_1171;PROD_27;5;3
ORD_1171;PROD_19;6;4
ORD_1171;PROD_25;6;5
ORD_1171;PROD_39;5;2
ORD_1172;PROD_13;3;3
ORD_1172;PROD_40;7;1
ORD_1172;PROD_47;6;5
ORD_1172;PROD_18;6;3
ORD_1172;PROD_16;3;5
ORD_1172;PROD_39;4;1
ORD_1172;PROD_37;5;1
ORD_1172;PROD_38;3;3
ORD_1172;PROD_23;3;2
ORD_1172;PROD_20;7;3
ORD_1172;PROD_25;8;3
ORD_1173;PROD_39;7;5
ORD_1173;PROD_37;1;2
ORD_1173;PROD_38;1;4
ORD_1173;PROD_23;2;5
ORD_1173;PROD_32;2;4
ORD_1174;PROD_10;9;3
ORD_1174;PROD_15;1;1
ORD_1174;PROD_16;8;2
ORD_1174;PROD_44;9;3
ORD_1174;PROD_40;5;1
ORD_1174;PROD_33;9;2
ORD_1174;PROD_48;1;2
ORD_1174;PROD_37;9;1
ORD_1174;PROD_44;3;4
ORD_1174;PROD_6;3;2
ORD_1175;PROD_44;1;1
ORD_1175;PROD_45;3;2
ORD_1175;PROD_29;9;4
ORD_1175;PROD_37;4;2
ORD_1175;PROD_44;4;1
ORD_1175;PROD_9;4;1
ORD_1175;PROD_2;5;5
ORD_1175;PROD_43;3;4
ORD_1175;PROD_19;7;4
ORD_1175;PROD_33;7;5
ORD_1175;PROD_11;3;1
ORD_1175;PROD_22;2;5
ORD_1175;PROD_27;9;5
ORD_1175;PROD_36;8;3
ORD_1176;PROD_36;4;3
ORD_1176;PROD_37;3;1
ORD_1176;PROD_22;1;4
ORD_1176;PROD_3;5;3
ORD_1176;PROD_44;8;5
ORD_1177;PROD_31;7;1
ORD_1177;PROD_38;4;2
ORD_1177;PROD_17;5;2
ORD_1177;PROD_13;7;4
ORD_1177;PROD_4;4;3
ORD_1177;PROD_18;9;3
ORD_1177;PROD_37;8;4
ORD_1177;PROD_2;8;1
ORD_1177;PROD_23;4;2
ORD_1177;PROD_38;7;2
ORD_1177;PROD_10;2;1
ORD_1178;PROD_21;3;4
ORD_1178;PROD_5;8;1
ORD_1178;PROD_6;2;1
ORD_1178;PROD_42;8;4
ORD_1178;PROD_31;5;1
ORD_1178;PROD_5;6;3
ORD_1178;PROD_3;8;4
ORD_1178;PROD_44;7;5
ORD_1179;PROD_41;7;3
ORD_1179;PROD_9;7;4
ORD_1179;PROD_21;2;3
ORD_1179;PROD_41;9;5
ORD_1179;PROD_49;1;2
ORD_1179;PROD_32;9;1
ORD_1179;PROD_28;2;1
ORD_1179;PROD_13;6;2
ORD_1179;PROD_23;9;3
ORD_1179;PROD_17;4;2
ORD_1179;PROD_12;1;2
ORD_1179;PROD_22;6;1
ORD_1179;PROD_8;5;2
ORD_1180;PROD_20;9;4
ORD_1180;PROD_25;5;4
ORD_1180;PROD_13;2;1
ORD_1180;PROD_11;5;3
ORD_1180;PROD_25;1;4
ORD_1180;PROD_29;7;5
ORD_1180;PROD_13;3;4
ORD_1180;PROD_46;9;1
ORD_1180;PROD_5;6;1
ORD_1180;PROD_5;7;3
ORD_1180;PROD_44;6;4
ORD_1180;PROD_13;4;1
ORD_1181;PROD_49;4;2
ORD_1181;PROD_38;2;2
ORD_1181;PROD_27;8;4
ORD_1181;PROD_45;6;1
ORD_1181;PROD_33;4;5
ORD_1181;PROD_10;5;4
ORD_1181;PROD_15;2;1
ORD_1182;PROD_32;9;2
ORD_1182;PROD_31;1;3
ORD_1182;PROD_18;2;1
ORD_1182;PROD_21;8;2
ORD_1182;PROD_43;2;5
ORD_1182;PROD_6;2;3
ORD_1182;PROD_22;3;5
ORD_1183;PROD_15;1;2
ORD_1183;PROD_44;8;1
ORD_1183;PROD_6;5;3
ORD_1183;PROD_31;7;2
ORD_1183;PROD_16;2;4
ORD_1183;PROD_2;1;1
ORD_1183;PROD_1;4;5
ORD_1183;PROD_28;3;4
ORD_1183;PROD_17;2;4
ORD_1183;PROD_32;1;2
ORD_1183;PROD_36;6;2
ORD_1183;PROD_11;2;4
ORD_1183;PROD_4;1;3
ORD_1183;PROD_35;7;3
ORD_1183;PROD_6;9;2
ORD_1184;PROD_13;4;5
ORD_1184;PROD_44;5;2
ORD_1184;PROD_43;6;2
ORD_1184;PROD_45;1;5
ORD_1184;PROD_49;3;1
ORD_1184;PROD_38;8;3
ORD_1184;PROD_27;4;1
ORD_1184;PROD_45;7;3
ORD_1184;PROD_33;2;4
ORD_1184;PROD_2;7;1
ORD_1184;PROD_25;9;3
ORD_1184;PROD_9;5;5
ORD_1184;PROD_23;6;1
ORD_1185;PROD_35;1;1
ORD_1185;PROD_9;2;1
ORD_1185;PROD_31;5;5
ORD_1185;PROD_8;4;3
ORD_1185;PROD_34;2;5
ORD_1185;PROD_22;9;5
ORD_1185;PROD_21;1;2
ORD_1186;PROD_49;3;3
ORD_1186;PROD_27;7;3
ORD_1186;PROD_31;3;4
ORD_1186;PROD_3;7;3
ORD_1186;PROD_9;4;5
ORD_1186;PROD_34;8;2
ORD_1186;PROD_7;4;5
ORD_1186;PROD_30;5;3
ORD_1186;PROD_47;2;3
ORD_1186;PROD_27;1;5
ORD_1186;PROD_38;6;2
ORD_1186;PROD_17;8;3
ORD_1186;PROD_40;7;1
ORD_1187;PROD_39;2;1
ORD_1187;PROD_10;8;1
ORD_1187;PROD_15;1;5
ORD_1187;PROD_44;9;4
ORD_1187;PROD_38;2;4
ORD_1187;PROD_41;9;5
ORD_1187;PROD_27;8;5
ORD_1187;PROD_48;8;5
ORD_1187;PROD_25;6;1
ORD_1187;PROD_1;8;5
ORD_1187;PROD_40;5;2
ORD_1187;PROD_21;3;2
ORD_1187;PROD_27;8;1
ORD_1187;PROD_44;5;1
ORD_1187;PROD_7;9;4
ORD_1188;PROD_24;8;4
ORD_1188;PROD_21;2;4
ORD_1188;PROD_32;4;5
ORD_1188;PROD_2;1;2
ORD_1188;PROD_49;9;1
ORD_1188;PROD_5;5;2
ORD_1188;PROD_19;3;3
ORD_1188;PROD_15;8;1
ORD_1188;PROD_12;5;5
ORD_1188;PROD_43;1;2
ORD_1188;PROD_14;7;5
ORD_1188;PROD_15;2;5
ORD_1188;PROD_10;1;3
ORD_1188;PROD_49;3;1
ORD_1188;PROD_39;6;1
ORD_1189;PROD_41;1;3
ORD_1189;PROD_35;1;3
ORD_1189;PROD_29;3;2
ORD_1189;PROD_10;3;5
ORD_1189;PROD_25;4;1
ORD_1189;PROD_19;2;3
ORD_1189;PROD_46;4;3
ORD_1189;PROD_4;6;5
ORD_1189;PROD_4;2;2
ORD_1189;PROD_34;5;2
ORD_1190;PROD_28;6;4
ORD_1190;PROD_46;3;1
ORD_1190;PROD_34;9;3
ORD_1190;PROD_11;4;5
ORD_1190;PROD_47;9;1
ORD_1190;PROD_22;4;4
ORD_1190;PROD_13;2;2
ORD_1190;PROD_8;6;5
ORD_1191;PROD_49;2;5
ORD_1191;PROD_38;8;4
ORD_1191;PROD_27;6;3
ORD_1191;PROD_45;5;5
ORD_1191;PROD_33;2;3
ORD_1191;PROD_2;6;4
ORD_1191;PROD_28;8;5
ORD_1191;PROD_39;3;5
ORD_1191;PROD_37;7;1
ORD_1191;PROD_38;4;3
ORD_1191;PROD_23;2;2
ORD_1191;PROD_8;6;4
ORD_1191;PROD_12;6;2
ORD_1191;PROD_3;7;1
ORD_1192;PROD_34;8;5
ORD_1192;PROD_44;3;5
ORD_1192;PROD_18;1;3
ORD_1192;PROD_36;7;3
ORD_1192;PROD_18;5;5
ORD_1192;PROD_15;4;3
ORD_1193;PROD_39;3;3
ORD_1193;PROD_41;9;5
ORD_1193;PROD_26;1;4
ORD_1193;PROD_11;5;3
ORD_1193;PROD_2;1;1
ORD_1193;PROD_16;7;2
ORD_1193;PROD_29;2;4
ORD_1193;PROD_24;7;4
ORD_1193;PROD_1;9;4
ORD_1193;PROD_6;9;2
ORD_1193;PROD_17;8;2
ORD_1193;PROD_14;8;5
ORD_1193;PROD_32;3;1
ORD_1194;PROD_49;5;1
ORD_1194;PROD_38;6;2
ORD_1194;PROD_27;8;5
ORD_1194;PROD_45;1;2
ORD_1194;PROD_33;1;4
ORD_1194;PROD_32;1;4
ORD_1194;PROD_43;8;2
ORD_1194;PROD_49;7;2
ORD_1194;PROD_38;6;4
ORD_1195;PROD_5;8;4
ORD_1195;PROD_48;7;5
ORD_1195;PROD_22;9;3
ORD_1195;PROD_17;9;1
ORD_1195;PROD_28;1;1
ORD_1195;PROD_28;8;5
ORD_1195;PROD_36;2;3
ORD_1195;PROD_9;5;4
ORD_1195;PROD_39;5;2
ORD_1195;PROD_10;1;3
ORD_1195;PROD_26;2;5
ORD_1195;PROD_47;1;2
ORD_1196;PROD_10;7;4
ORD_1196;PROD_15;7;1
ORD_1196;PROD_47;4;5
ORD_1196;PROD_7;7;1
ORD_1196;PROD_29;2;4
ORD_1196;PROD_46;3;1
ORD_1196;PROD_19;1;5
ORD_1196;PROD_16;8;3
ORD_1196;PROD_16;5;1
ORD_1197;PROD_46;6;1
ORD_1197;PROD_44;1;2
ORD_1197;PROD_22;6;5
ORD_1197;PROD_49;3;2
ORD_1197;PROD_41;7;2
ORD_1197;PROD_46;4;3
ORD_1197;PROD_21;7;2
ORD_1198;PROD_17;7;1
ORD_1198;PROD_10;7;3
ORD_1198;PROD_1;4;1
ORD_1198;PROD_34;8;2
ORD_1198;PROD_19;8;5
ORD_1198;PROD_12;8;2
ORD_1198;PROD_17;3;4
ORD_1198;PROD_27;8;5
ORD_1198;PROD_29;4;1
ORD_1198;PROD_12;8;5
ORD_1198;PROD_23;7;4
ORD_1198;PROD_2;4;2
ORD_1199;PROD_11;7;5
ORD_1199;PROD_48;8;1
ORD_1199;PROD_43;2;4
ORD_1199;PROD_13;2;3
ORD_1199;PROD_19;6;3
ORD_1199;PROD_44;2;1
ORD_1199;PROD_33;5;3
ORD_1199;PROD_6;7;4
ORD_1199;PROD_10;5;5
ORD_1200;PROD_3;6;5
ORD_1200;PROD_27;9;1
ORD_1200;PROD_29;5;3
ORD_1200;PROD_49;7;5
ORD_1200;PROD_42;9;5
ORD_1200;PROD_7;7;5
ORD_1200;PROD_39;5;1
ORD_1200;PROD_47;6;5
ORD_1200;PROD_37;2;1
ORD_1200;PROD_48;2;3
ORD_1200;PROD_15;5;4
ORD_1200;PROD_16;8;1
ORD_1201;PROD_43;4;1
ORD_1201;PROD_15;1;3
ORD_1201;PROD_35;5;3
ORD_1201;PROD_19;9;1
ORD_1201;PROD_50;5;3
ORD_1201;PROD_37;8;4
ORD_1201;PROD_8;6;4
ORD_1201;PROD_19;1;3
ORD_1201;PROD_10;3;3
ORD_1201;PROD_1;1;2
ORD_1202;PROD_14;1;4
ORD_1202;PROD_24;4;1
ORD_1202;PROD_39;2;4
ORD_1202;PROD_15;6;1
ORD_1202;PROD_29;4;1
ORD_1202;PROD_39;6;3
ORD_1202;PROD_18;4;2
ORD_1202;PROD_23;5;4
ORD_1202;PROD_48;8;3
ORD_1202;PROD_36;6;3
ORD_1202;PROD_32;6;3
ORD_1202;PROD_17;4;2
ORD_1202;PROD_46;7;1
ORD_1202;PROD_7;6;3
ORD_1203;PROD_28;4;2
ORD_1203;PROD_35;8;1
ORD_1203;PROD_23;5;2
ORD_1203;PROD_35;2;4
ORD_1203;PROD_5;7;4
ORD_1203;PROD_47;3;3
ORD_1203;PROD_28;9;4
ORD_1203;PROD_21;2;2
ORD_1203;PROD_38;9;2
ORD_1204;PROD_33;6;2
ORD_1204;PROD_7;7;2
ORD_1204;PROD_35;2;1
ORD_1204;PROD_50;4;5
ORD_1204;PROD_44;7;4
ORD_1204;PROD_16;6;4
ORD_1204;PROD_44;9;1
ORD_1204;PROD_43;2;2
ORD_1204;PROD_13;6;3
ORD_1204;PROD_19;7;1
ORD_1205;PROD_7;8;2
ORD_1205;PROD_27;4;3
ORD_1205;PROD_49;1;5
ORD_1205;PROD_39;5;2
ORD_1205;PROD_37;2;3
ORD_1205;PROD_38;8;1
ORD_1205;PROD_23;1;3
ORD_1205;PROD_13;6;3
ORD_1205;PROD_44;4;2
ORD_1205;PROD_43;9;1
ORD_1206;PROD_50;1;1
ORD_1206;PROD_32;2;3
ORD_1206;PROD_42;6;3
ORD_1206;PROD_48;7;2
ORD_1206;PROD_44;4;4
ORD_1206;PROD_18;6;2
ORD_1206;PROD_23;8;2
ORD_1206;PROD_47;3;4
ORD_1206;PROD_40;6;3
ORD_1207;PROD_13;9;3
ORD_1207;PROD_44;8;5
ORD_1207;PROD_43;2;5
ORD_1207;PROD_45;3;1
ORD_1207;PROD_47;7;3
ORD_1207;PROD_38;6;2
ORD_1207;PROD_26;4;4
ORD_1207;PROD_33;1;5
ORD_1207;PROD_39;9;1
ORD_1207;PROD_25;1;4
ORD_1208;PROD_16;9;3
ORD_1208;PROD_4;6;5
ORD_1208;PROD_15;9;4
ORD_1208;PROD_26;8;5
ORD_1208;PROD_20;9;3
ORD_1208;PROD_44;4;5
ORD_1208;PROD_23;8;3
ORD_1208;PROD_42;4;3
ORD_1208;PROD_8;4;3
ORD_1208;PROD_21;4;4
ORD_1208;PROD_13;1;4
ORD_1208;PROD_22;6;5
ORD_1208;PROD_36;9;4
ORD_1209;PROD_50;7;3
ORD_1209;PROD_29;5;4
ORD_1209;PROD_29;6;1
ORD_1209;PROD_33;6;5
ORD_1209;PROD_40;2;1
ORD_1209;PROD_28;9;1
ORD_1210;PROD_33;2;2
ORD_1210;PROD_18;2;2
ORD_1210;PROD_1;3;2
ORD_1210;PROD_2;8;5
ORD_1210;PROD_26;5;5
ORD_1210;PROD_27;1;4
ORD_1210;PROD_12;7;1
ORD_1210;PROD_40;4;3
ORD_1210;PROD_12;2;1
ORD_1210;PROD_29;8;5
ORD_1210;PROD_39;4;5
ORD_1210;PROD_8;5;3
ORD_1210;PROD_50;5;5
ORD_1211;PROD_18;6;2
ORD_1211;PROD_25;7;5
ORD_1211;PROD_3;2;4
ORD_1211;PROD_33;2;4
ORD_1211;PROD_34;7;5
ORD_1212;PROD_39;4;5
ORD_1212;PROD_37;8;5
ORD_1212;PROD_38;2;1
ORD_1212;PROD_23;1;1
ORD_1212;PROD_20;9;3
ORD_1213;PROD_36;6;2
ORD_1213;PROD_10;5;3
ORD_1213;PROD_48;6;1
ORD_1213;PROD_6;4;1
ORD_1213;PROD_4;6;4
ORD_1213;PROD_22;5;1
ORD_1213;PROD_45;2;5
ORD_1213;PROD_9;1;5
ORD_1213;PROD_39;9;4
ORD_1213;PROD_28;8;1
ORD_1213;PROD_47;4;2
ORD_1213;PROD_36;8;2
ORD_1213;PROD_35;1;5
ORD_1213;PROD_12;9;1
ORD_1213;PROD_33;5;4
ORD_1214;PROD_1;5;5
ORD_1214;PROD_28;9;3
ORD_1214;PROD_46;2;5
ORD_1214;PROD_47;6;4
ORD_1214;PROD_29;7;3
ORD_1214;PROD_3;9;5
ORD_1214;PROD_27;6;4
ORD_1214;PROD_27;5;1
ORD_1214;PROD_15;8;2
ORD_1215;PROD_24;8;3
ORD_1215;PROD_5;2;1
ORD_1215;PROD_2;9;1
ORD_1215;PROD_33;1;1
ORD_1215;PROD_14;1;4
ORD_1215;PROD_4;7;2
ORD_1215;PROD_10;3;1
ORD_1215;PROD_9;9;3
ORD_1215;PROD_18;5;1
ORD_1215;PROD_24;7;2
ORD_1215;PROD_42;5;3
ORD_1215;PROD_6;1;3
ORD_1216;PROD_32;2;1
ORD_1216;PROD_43;7;5
ORD_1216;PROD_47;2;1
ORD_1216;PROD_33;7;4
ORD_1216;PROD_38;5;5
ORD_1216;PROD_45;2;3
ORD_1216;PROD_14;8;4
ORD_1216;PROD_20;2;3
ORD_1216;PROD_28;9;5
ORD_1216;PROD_36;3;4
ORD_1216;PROD_26;1;4
ORD_1216;PROD_8;6;1
ORD_1216;PROD_8;6;2
ORD_1217;PROD_39;3;2
ORD_1217;PROD_37;2;1
ORD_1217;PROD_38;8;2
ORD_1217;PROD_23;1;5
ORD_1217;PROD_13;1;2
ORD_1217;PROD_44;1;4
ORD_1217;PROD_43;2;5
ORD_1217;PROD_45;6;1
ORD_1217;PROD_2;3;3
ORD_1218;PROD_38;5;5
ORD_1218;PROD_20;9;3
ORD_1218;PROD_37;8;2
ORD_1218;PROD_4;7;1
ORD_1218;PROD_1;7;1
ORD_1218;PROD_38;1;2
ORD_1218;PROD_36;4;5
ORD_1219;PROD_7;4;4
ORD_1219;PROD_27;3;5
ORD_1219;PROD_49;1;2
ORD_1219;PROD_30;8;1
ORD_1219;PROD_7;1;5
ORD_1219;PROD_29;1;5
ORD_1220;PROD_20;7;5
ORD_1220;PROD_18;3;4
ORD_1220;PROD_39;8;5
ORD_1220;PROD_37;3;4
ORD_1220;PROD_38;1;3
ORD_1220;PROD_23;2;1
ORD_1220;PROD_32;3;3
ORD_1220;PROD_22;8;3
ORD_1221;PROD_36;7;3
ORD_1221;PROD_21;5;1
ORD_1221;PROD_15;9;1
ORD_1221;PROD_39;8;1
ORD_1221;PROD_14;3;2
ORD_1221;PROD_27;4;4
ORD_1221;PROD_25;2;4
ORD_1221;PROD_21;1;1
ORD_1221;PROD_21;5;2
ORD_1221;PROD_41;3;5
ORD_1221;PROD_34;8;1
ORD_1221;PROD_47;2;1
ORD_1221;PROD_5;6;5
ORD_1221;PROD_48;9;2
ORD_1221;PROD_8;7;2
ORD_1222;PROD_23;5;4
ORD_1222;PROD_19;5;3
ORD_1222;PROD_38;7;2
ORD_1222;PROD_37;4;2
ORD_1222;PROD_8;3;3
ORD_1222;PROD_17;1;1
ORD_1222;PROD_34;3;1
ORD_1222;PROD_8;3;4
ORD_1222;PROD_31;3;1
ORD_1222;PROD_39;9;1
ORD_1222;PROD_25;3;3
ORD_1223;PROD_38;4;2
ORD_1223;PROD_1;9;5
ORD_1223;PROD_23;4;5
ORD_1223;PROD_2;9;4
ORD_1223;PROD_16;7;2
ORD_1223;PROD_17;7;2
ORD_1223;PROD_38;3;5
ORD_1223;PROD_28;7;5
ORD_1223;PROD_32;2;2
ORD_1223;PROD_31;1;4
ORD_1223;PROD_39;2;3
ORD_1224;PROD_20;7;3
ORD_1224;PROD_18;5;5
ORD_1224;PROD_40;2;3
ORD_1224;PROD_9;8;4
ORD_1224;PROD_25;3;3
ORD_1224;PROD_46;7;2
ORD_1224;PROD_23;7;4
ORD_1224;PROD_25;9;4
ORD_1224;PROD_21;9;2
ORD_1224;PROD_14;3;5
ORD_1224;PROD_42;5;1
ORD_1224;PROD_18;3;4
ORD_1224;PROD_34;9;1
ORD_1224;PROD_43;9;5
ORD_1225;PROD_45;6;5
ORD_1225;PROD_23;8;2
ORD_1225;PROD_6;9;1
ORD_1225;PROD_13;3;3
ORD_1225;PROD_28;9;2
ORD_1225;PROD_19;1;3
ORD_1225;PROD_26;4;1
ORD_1225;PROD_27;5;5
ORD_1225;PROD_12;7;3
ORD_1225;PROD_12;9;1
ORD_1225;PROD_21;4;3
ORD_1225;PROD_9;4;1
ORD_1226;PROD_7;7;4
ORD_1226;PROD_5;8;1
ORD_1226;PROD_29;5;3
ORD_1226;PROD_38;8;5
ORD_1226;PROD_37;6;4
ORD_1226;PROD_25;8;5
ORD_1226;PROD_8;2;3
ORD_1226;PROD_15;4;2
ORD_1226;PROD_35;2;3
ORD_1226;PROD_28;2;4
ORD_1226;PROD_37;7;5
ORD_1227;PROD_25;3;2
ORD_1227;PROD_21;5;5
ORD_1227;PROD_14;4;5
ORD_1227;PROD_42;6;5
ORD_1227;PROD_25;3;2
ORD_1228;PROD_38;2;4
ORD_1228;PROD_4;4;5
ORD_1228;PROD_37;4;4
ORD_1228;PROD_11;1;4
ORD_1228;PROD_20;5;2
ORD_1228;PROD_25;2;4
ORD_1228;PROD_21;8;5
ORD_1229;PROD_3;6;4
ORD_1229;PROD_31;2;1
ORD_1229;PROD_10;4;1
ORD_1229;PROD_39;8;4
ORD_1229;PROD_35;8;1
ORD_1229;PROD_22;9;2
ORD_1229;PROD_34;9;5
ORD_1229;PROD_42;8;1
ORD_1229;PROD_33;4;4
ORD_1229;PROD_42;7;3
ORD_1229;PROD_40;3;3
ORD_1229;PROD_35;4;5
ORD_1229;PROD_46;6;1
ORD_1230;PROD_38;2;4
ORD_1230;PROD_4;9;5
ORD_1230;PROD_37;5;5
ORD_1230;PROD_11;9;4
ORD_1230;PROD_20;9;4
ORD_1230;PROD_23;3;2
ORD_1230;PROD_19;7;2
ORD_1230;PROD_38;6;1
ORD_1230;PROD_24;8;3
ORD_1230;PROD_5;2;3
ORD_1230;PROD_2;5;1
ORD_1230;PROD_33;1;2
ORD_1230;PROD_46;8;5
ORD_1230;PROD_2;8;3
ORD_1230;PROD_17;6;1
ORD_1231;PROD_32;7;1
ORD_1231;PROD_43;6;5
ORD_1231;PROD_11;5;4
ORD_1231;PROD_25;9;5
ORD_1231;PROD_29;5;5
ORD_1231;PROD_13;1;1
ORD_1231;PROD_39;6;3
ORD_1231;PROD_37;3;5
ORD_1232;PROD_47;8;2
ORD_1232;PROD_33;3;3
ORD_1232;PROD_38;8;3
ORD_1232;PROD_2;2;5
ORD_1232;PROD_28;2;5
ORD_1232;PROD_7;9;1
ORD_1232;PROD_27;9;4
ORD_1232;PROD_49;1;5
ORD_1232;PROD_30;2;2
ORD_1232;PROD_13;3;2
ORD_1232;PROD_3;3;5
ORD_1232;PROD_30;3;1
ORD_1232;PROD_45;8;1
ORD_1233;PROD_49;8;4
ORD_1233;PROD_38;4;4
ORD_1233;PROD_27;3;5
ORD_1233;PROD_45;8;4
ORD_1233;PROD_33;4;4
ORD_1233;PROD_39;7;1
ORD_1233;PROD_37;3;5
ORD_1233;PROD_38;5;1
ORD_1233;PROD_23;4;3
ORD_1233;PROD_37;7;3
ORD_1233;PROD_8;8;2
ORD_1233;PROD_17;5;1
ORD_1234;PROD_28;2;3
ORD_1234;PROD_47;2;1
ORD_1234;PROD_35;2;1
ORD_1234;PROD_48;3;5
ORD_1234;PROD_36;2;4
ORD_1234;PROD_3;2;5
ORD_1234;PROD_17;6;1
ORD_1234;PROD_37;9;4
ORD_1234;PROD_5;9;2
ORD_1234;PROD_1;9;3
ORD_1234;PROD_28;4;3
ORD_1235;PROD_47;1;4
ORD_1235;PROD_33;1;5
ORD_1235;PROD_38;3;3
ORD_1235;PROD_31;9;3
ORD_1235;PROD_35;1;2
ORD_1235;PROD_16;5;2
ORD_1235;PROD_13;3;2
ORD_1236;PROD_41;6;1
ORD_1236;PROD_13;9;1
ORD_1236;PROD_34;7;4
ORD_1236;PROD_11;2;1
ORD_1236;PROD_32;3;1
ORD_1236;PROD_4;9;1
ORD_1236;PROD_8;7;2
ORD_1236;PROD_44;3;3
ORD_1236;PROD_31;5;2
ORD_1236;PROD_25;2;5
ORD_1236;PROD_6;4;3
ORD_1236;PROD_49;9;3
ORD_1237;PROD_45;8;4
ORD_1237;PROD_40;3;2
ORD_1237;PROD_10;2;2
ORD_1237;PROD_6;4;3
ORD_1237;PROD_20;9;2
ORD_1237;PROD_38;4;2
ORD_1237;PROD_10;8;1
ORD_1238;PROD_25;6;2
ORD_1238;PROD_21;2;4
ORD_1238;PROD_14;5;4
ORD_1238;PROD_42;7;3
ORD_1238;PROD_39;9;3
ORD_1238;PROD_37;5;4
ORD_1238;PROD_38;5;1
ORD_1238;PROD_23;1;1
ORD_1238;PROD_24;1;4
ORD_1239;PROD_33;8;2
ORD_1239;PROD_37;5;4
ORD_1239;PROD_27;4;5
ORD_1239;PROD_47;4;4
ORD_1239;PROD_23;6;5
ORD_1239;PROD_29;8;4
ORD_1239;PROD_20;3;1
ORD_1239;PROD_43;6;3
ORD_1240;PROD_13;1;1
ORD_1240;PROD_20;4;5
ORD_1240;PROD_33;1;5
ORD_1240;PROD_42;5;3
ORD_1240;PROD_19;2;2
ORD_1240;PROD_48;2;5
ORD_1240;PROD_29;7;5
ORD_1240;PROD_23;3;2
ORD_1240;PROD_9;9;1
ORD_1240;PROD_7;5;3
ORD_1240;PROD_20;1;4
ORD_1240;PROD_9;2;1
ORD_1240;PROD_7;4;1
ORD_1240;PROD_10;8;2
ORD_1241;PROD_7;6;4
ORD_1241;PROD_27;2;1
ORD_1241;PROD_49;2;2
ORD_1241;PROD_20;9;5
ORD_1241;PROD_25;8;1
ORD_1241;PROD_13;4;4
ORD_1241;PROD_4;9;1
ORD_1241;PROD_45;6;5
ORD_1242;PROD_32;7;1
ORD_1242;PROD_43;1;1
ORD_1242;PROD_23;8;3
ORD_1242;PROD_45;1;1
ORD_1242;PROD_13;1;3
ORD_1242;PROD_35;7;2
ORD_1242;PROD_11;8;5
ORD_1242;PROD_35;2;1
ORD_1242;PROD_16;2;3
ORD_1242;PROD_10;9;1
ORD_1242;PROD_19;9;1
ORD_1242;PROD_39;4;2
ORD_1242;PROD_50;5;2
ORD_1242;PROD_41;1;4
ORD_1242;PROD_39;5;3
ORD_1243;PROD_40;7;5
ORD_1243;PROD_44;6;4
ORD_1243;PROD_39;2;1
ORD_1243;PROD_9;9;1
ORD_1243;PROD_36;9;3
ORD_1243;PROD_2;4;4
ORD_1243;PROD_48;9;1
ORD_1243;PROD_2;6;5
ORD_1243;PROD_14;9;2
ORD_1243;PROD_32;3;5
ORD_1243;PROD_31;4;5
ORD_1243;PROD_43;4;5
ORD_1243;PROD_3;2;2
ORD_1243;PROD_12;5;2
ORD_1244;PROD_26;9;2
ORD_1244;PROD_42;2;1
ORD_1244;PROD_7;1;2
ORD_1244;PROD_17;9;3
ORD_1244;PROD_43;7;5
ORD_1244;PROD_34;9;4
ORD_1244;PROD_42;8;4
ORD_1244;PROD_9;7;4
ORD_1244;PROD_49;9;3
ORD_1244;PROD_33;8;3
ORD_1244;PROD_32;8;1
ORD_1244;PROD_2;4;2
ORD_1245;PROD_40;4;2
ORD_1245;PROD_36;9;5
ORD_1245;PROD_30;4;4
ORD_1245;PROD_37;8;5
ORD_1245;PROD_50;2;1
ORD_1246;PROD_13;7;5
ORD_1246;PROD_16;6;2
ORD_1246;PROD_13;3;3
ORD_1246;PROD_14;9;1
ORD_1246;PROD_4;3;5
ORD_1246;PROD_7;9;1
ORD_1246;PROD_9;6;4
ORD_1246;PROD_41;7;3
ORD_1246;PROD_50;9;2
ORD_1246;PROD_29;2;4
ORD_1246;PROD_37;1;5
ORD_1247;PROD_9;3;3
ORD_1247;PROD_49;4;4
ORD_1247;PROD_5;1;3
ORD_1247;PROD_22;4;4
ORD_1247;PROD_48;3;2
ORD_1247;PROD_44;1;1
ORD_1247;PROD_30;3;4
ORD_1247;PROD_23;3;2
ORD_1247;PROD_4;6;1
ORD_1247;PROD_46;1;1
ORD_1247;PROD_29;2;1
ORD_1248;PROD_49;5;4
ORD_1248;PROD_38;1;2
ORD_1248;PROD_27;2;4
ORD_1248;PROD_45;9;4
ORD_1248;PROD_33;6;1
ORD_1248;PROD_32;3;5
ORD_1249;PROD_37;5;3
ORD_1249;PROD_8;8;1
ORD_1249;PROD_17;1;2
ORD_1249;PROD_34;1;3
ORD_1249;PROD_13;4;3
ORD_1250;PROD_11;9;1
ORD_1250;PROD_25;3;5
ORD_1250;PROD_29;1;1
ORD_1250;PROD_13;6;4
ORD_1250;PROD_11;7;2
ORD_1251;PROD_13;5;3
ORD_1251;PROD_40;6;2
ORD_1251;PROD_47;4;1
ORD_1251;PROD_18;5;4
ORD_1251;PROD_16;5;1
ORD_1251;PROD_31;6;4
ORD_1251;PROD_26;5;3
ORD_1251;PROD_50;4;2
ORD_1251;PROD_41;6;5
ORD_1251;PROD_26;3;3
ORD_1251;PROD_44;2;1
ORD_1251;PROD_20;2;3
ORD_1251;PROD_29;5;2
ORD_1252;PROD_13;2;5
ORD_1252;PROD_40;8;4
ORD_1252;PROD_47;6;2
ORD_1252;PROD_18;8;4
ORD_1252;PROD_16;7;3
ORD_1252;PROD_20;3;3
ORD_1252;PROD_18;6;5
ORD_1252;PROD_37;1;5
ORD_1252;PROD_9;8;5
ORD_1252;PROD_24;2;5
ORD_1252;PROD_38;1;5
ORD_1252;PROD_17;9;2
ORD_1253;PROD_2;1;2
ORD_1253;PROD_32;3;2
ORD_1253;PROD_17;3;4
ORD_1253;PROD_25;4;4
ORD_1253;PROD_35;1;1
ORD_1253;PROD_9;9;5
ORD_1253;PROD_35;3;1
ORD_1253;PROD_25;1;3
ORD_1253;PROD_22;9;5
ORD_1253;PROD_50;9;3
ORD_1253;PROD_46;4;3
ORD_1253;PROD_26;1;2
ORD_1254;PROD_47;3;2
ORD_1254;PROD_33;5;1
ORD_1254;PROD_38;8;3
ORD_1254;PROD_29;2;1
ORD_1254;PROD_5;1;2
ORD_1254;PROD_45;3;4
ORD_1254;PROD_35;7;5
ORD_1254;PROD_17;2;4
ORD_1254;PROD_18;3;3
ORD_1255;PROD_23;3;4
ORD_1255;PROD_19;9;1
ORD_1255;PROD_38;8;2
ORD_1255;PROD_38;5;2
ORD_1255;PROD_4;8;4
ORD_1255;PROD_37;8;2
ORD_1255;PROD_11;5;4
ORD_1255;PROD_20;7;5
ORD_1256;PROD_40;5;5
ORD_1256;PROD_39;9;2
ORD_1256;PROD_40;2;3
ORD_1256;PROD_44;5;2
ORD_1256;PROD_38;7;5
ORD_1256;PROD_41;6;2
ORD_1256;PROD_35;9;4
ORD_1257;PROD_2;7;2
ORD_1257;PROD_28;1;1
ORD_1257;PROD_25;7;1
ORD_1257;PROD_21;6;3
ORD_1257;PROD_14;3;1
ORD_1258;PROD_45;9;1
ORD_1258;PROD_19;1;4
ORD_1258;PROD_47;1;1
ORD_1258;PROD_5;8;2
ORD_1258;PROD_5;5;5
ORD_1258;PROD_48;6;2
ORD_1258;PROD_35;8;4
ORD_1258;PROD_32;1;3
ORD_1258;PROD_38;8;3
ORD_1258;PROD_6;5;5
ORD_1258;PROD_6;7;4
ORD_1258;PROD_12;2;4
ORD_1258;PROD_11;1;5
ORD_1258;PROD_42;6;1
ORD_1258;PROD_31;2;1
ORD_1259;PROD_5;3;3
ORD_1259;PROD_31;8;4
ORD_1259;PROD_10;8;5
ORD_1259;PROD_1;5;3
ORD_1259;PROD_8;2;1
ORD_1259;PROD_13;3;2
ORD_1260;PROD_14;1;2
ORD_1260;PROD_37;2;2
ORD_1260;PROD_15;2;2
ORD_1260;PROD_48;4;4
ORD_1260;PROD_26;6;3
ORD_1261;PROD_20;9;1
ORD_1261;PROD_25;1;2
ORD_1261;PROD_13;1;4
ORD_1261;PROD_20;9;5
ORD_1261;PROD_25;9;3
ORD_1261;PROD_13;6;3
ORD_1261;PROD_13;3;3
ORD_1261;PROD_44;7;1
ORD_1261;PROD_43;6;4
ORD_1262;PROD_28;6;2
ORD_1262;PROD_42;4;3
ORD_1262;PROD_8;6;4
ORD_1262;PROD_49;9;1
ORD_1262;PROD_18;3;2
ORD_1262;PROD_18;9;1
ORD_1262;PROD_31;1;5
ORD_1262;PROD_29;5;1
ORD_1262;PROD_17;8;4
ORD_1262;PROD_24;5;2
ORD_1262;PROD_45;5;2
ORD_1262;PROD_5;9;4
ORD_1262;PROD_25;1;2
ORD_1262;PROD_40;6;3
ORD_1262;PROD_9;9;1
ORD_1263;PROD_36;6;2
ORD_1263;PROD_48;6;5
ORD_1263;PROD_6;9;3
ORD_1263;PROD_33;3;3
ORD_1263;PROD_33;2;4
ORD_1263;PROD_26;1;3
ORD_1263;PROD_50;8;2
ORD_1263;PROD_22;4;3
ORD_1263;PROD_33;1;4
ORD_1263;PROD_27;2;5
ORD_1264;PROD_40;8;4
ORD_1264;PROD_9;2;2
ORD_1264;PROD_25;4;3
ORD_1264;PROD_46;7;1
ORD_1264;PROD_23;5;2
ORD_1264;PROD_10;3;3
ORD_1264;PROD_15;4;2
ORD_1264;PROD_34;8;2
ORD_1264;PROD_24;5;2
ORD_1264;PROD_4;9;4
ORD_1264;PROD_2;3;4
ORD_1264;PROD_6;8;1
ORD_1264;PROD_26;2;4
ORD_1265;PROD_47;8;5
ORD_1265;PROD_49;7;3
ORD_1265;PROD_21;4;1
ORD_1265;PROD_2;4;4
ORD_1265;PROD_11;8;4
ORD_1265;PROD_19;5;5
ORD_1265;PROD_44;6;1
ORD_1266;PROD_48;2;3
ORD_1266;PROD_42;1;5
ORD_1266;PROD_9;5;1
ORD_1266;PROD_49;2;3
ORD_1266;PROD_29;6;3
ORD_1266;PROD_14;2;4
ORD_1267;PROD_40;7;1
ORD_1267;PROD_9;8;1
ORD_1267;PROD_25;6;4
ORD_1267;PROD_46;1;2
ORD_1267;PROD_23;2;2
ORD_1267;PROD_32;3;1
ORD_1267;PROD_43;1;1
ORD_1267;PROD_17;7;4
ORD_1268;PROD_10;7;4
ORD_1268;PROD_26;1;4
ORD_1268;PROD_18;3;4
ORD_1268;PROD_22;8;2
ORD_1268;PROD_40;7;3
ORD_1268;PROD_2;3;3
ORD_1268;PROD_4;6;1
ORD_1268;PROD_15;8;3
ORD_1268;PROD_44;8;2
ORD_1268;PROD_3;8;5
ORD_1268;PROD_1;7;5
ORD_1268;PROD_45;8;5
ORD_1268;PROD_25;8;2
ORD_1268;PROD_13;9;1
ORD_1268;PROD_10;3;2
ORD_1269;PROD_23;5;4
ORD_1269;PROD_19;3;3
ORD_1269;PROD_38;2;2
ORD_1269;PROD_37;6;2
ORD_1269;PROD_8;4;4
ORD_1269;PROD_17;4;4
ORD_1269;PROD_34;3;4
ORD_1269;PROD_40;6;1
ORD_1269;PROD_27;9;2
ORD_1269;PROD_32;6;4
ORD_1269;PROD_22;7;3
ORD_1269;PROD_11;8;3
ORD_1269;PROD_42;4;5
ORD_1270;PROD_36;9;3
ORD_1270;PROD_22;2;5
ORD_1270;PROD_34;9;2
ORD_1270;PROD_9;6;2
ORD_1270;PROD_16;8;3
ORD_1270;PROD_16;8;5
ORD_1270;PROD_4;8;1
ORD_1270;PROD_25;7;2
ORD_1270;PROD_3;9;5
ORD_1270;PROD_14;6;2
ORD_1270;PROD_29;9;2
ORD_1270;PROD_35;8;4
ORD_1271;PROD_23;6;1
ORD_1271;PROD_12;2;5
ORD_1271;PROD_33;3;2
ORD_1271;PROD_34;8;3
ORD_1271;PROD_37;2;5
ORD_1271;PROD_17;2;4
ORD_1271;PROD_50;9;5
ORD_1271;PROD_6;7;2
ORD_1271;PROD_22;4;5
ORD_1271;PROD_19;8;5
ORD_1271;PROD_45;8;4
ORD_1271;PROD_36;6;1
ORD_1271;PROD_14;2;4
ORD_1271;PROD_1;2;3
ORD_1272;PROD_48;9;3
ORD_1272;PROD_13;9;1
ORD_1272;PROD_29;4;3
ORD_1272;PROD_8;6;3
ORD_1272;PROD_44;9;5
ORD_1272;PROD_31;9;3
ORD_1272;PROD_4;5;4
ORD_1272;PROD_23;1;3
ORD_1272;PROD_26;4;5
ORD_1272;PROD_23;6;4
ORD_1272;PROD_43;7;2
ORD_1272;PROD_48;8;1
ORD_1272;PROD_6;9;5
ORD_1272;PROD_31;5;5
ORD_1272;PROD_12;3;2
ORD_1273;PROD_32;5;4
ORD_1273;PROD_21;3;2
ORD_1273;PROD_11;3;5
ORD_1273;PROD_22;1;5
ORD_1273;PROD_26;9;1
ORD_1274;PROD_43;3;2
ORD_1274;PROD_23;1;1
ORD_1274;PROD_9;6;2
ORD_1274;PROD_12;6;2
ORD_1274;PROD_31;4;5
ORD_1274;PROD_41;2;1
ORD_1274;PROD_13;3;2
ORD_1274;PROD_7;4;4
ORD_1274;PROD_2;6;1
ORD_1274;PROD_33;7;5
ORD_1274;PROD_15;9;5
ORD_1274;PROD_9;8;3
ORD_1274;PROD_27;6;5
ORD_1274;PROD_47;8;4
ORD_1274;PROD_16;2;4
ORD_1275;PROD_44;9;5
ORD_1275;PROD_39;9;2
ORD_1275;PROD_34;5;3
ORD_1275;PROD_12;8;4
ORD_1275;PROD_37;9;3
ORD_1275;PROD_26;2;2
ORD_1275;PROD_23;4;4
ORD_1275;PROD_29;3;1
ORD_1275;PROD_21;1;4
ORD_1275;PROD_29;5;2
ORD_1275;PROD_35;1;2
ORD_1275;PROD_38;1;3
ORD_1275;PROD_41;6;3
ORD_1276;PROD_6;4;2
ORD_1276;PROD_45;8;3
ORD_1276;PROD_43;4;1
ORD_1276;PROD_13;2;4
ORD_1276;PROD_44;2;4
ORD_1276;PROD_43;4;4
ORD_1276;PROD_45;2;2
ORD_1276;PROD_13;2;2
ORD_1276;PROD_44;4;4
ORD_1277;PROD_44;2;1
ORD_1277;PROD_20;9;4
ORD_1277;PROD_46;3;3
ORD_1277;PROD_23;9;5
ORD_1277;PROD_10;3;1
ORD_1277;PROD_38;5;4
ORD_1277;PROD_19;9;5
ORD_1277;PROD_34;7;5
ORD_1277;PROD_23;3;5
ORD_1277;PROD_7;1;2
ORD_1277;PROD_15;7;3
ORD_1278;PROD_23;1;1
ORD_1278;PROD_19;6;2
ORD_1278;PROD_38;9;2
ORD_1278;PROD_13;5;2
ORD_1278;PROD_44;9;3
ORD_1278;PROD_43;8;1
ORD_1278;PROD_45;3;1
ORD_1278;PROD_7;2;5
ORD_1278;PROD_27;7;4
ORD_1278;PROD_49;7;2
ORD_1278;PROD_28;5;4
ORD_1278;PROD_29;6;4
ORD_1278;PROD_29;5;5
ORD_1279;PROD_32;6;2
ORD_1279;PROD_43;9;1
ORD_1279;PROD_37;7;1
ORD_1279;PROD_8;2;2
ORD_1279;PROD_17;7;4
ORD_1279;PROD_34;3;1
ORD_1279;PROD_38;4;2
ORD_1279;PROD_1;3;5
ORD_1280;PROD_47;1;5
ORD_1280;PROD_33;5;5
ORD_1280;PROD_38;5;5
ORD_1280;PROD_39;5;3
ORD_1280;PROD_37;5;2
ORD_1280;PROD_38;2;1
ORD_1280;PROD_23;2;4
ORD_1280;PROD_15;5;4
ORD_1280;PROD_11;2;5
ORD_1280;PROD_49;5;5
ORD_1280;PROD_9;7;5
ORD_1281;PROD_46;8;4
ORD_1281;PROD_24;9;3
ORD_1281;PROD_13;1;5
ORD_1281;PROD_5;6;5
ORD_1281;PROD_50;4;4
ORD_1281;PROD_40;9;2
ORD_1281;PROD_46;3;5
ORD_1281;PROD_45;6;3
ORD_1281;PROD_32;3;3
ORD_1281;PROD_6;3;1
ORD_1281;PROD_1;2;4
ORD_1281;PROD_46;1;5
ORD_1281;PROD_44;2;3
ORD_1282;PROD_47;5;3
ORD_1282;PROD_33;8;5
ORD_1282;PROD_38;1;3
ORD_1282;PROD_24;8;4
ORD_1282;PROD_5;9;3
ORD_1282;PROD_2;8;4
ORD_1282;PROD_33;4;3
ORD_1282;PROD_46;7;2
ORD_1282;PROD_10;1;1
ORD_1282;PROD_48;8;5
ORD_1282;PROD_21;1;4
ORD_1283;PROD_23;7;1
ORD_1283;PROD_19;1;1
ORD_1283;PROD_38;3;4
ORD_1283;PROD_36;9;3
ORD_1283;PROD_21;8;4
ORD_1283;PROD_15;4;3
ORD_1283;PROD_39;3;4
ORD_1283;PROD_6;7;5
ORD_1283;PROD_34;8;5
ORD_1284;PROD_6;2;5
ORD_1284;PROD_45;3;5
ORD_1284;PROD_43;7;1
ORD_1284;PROD_23;1;1
ORD_1284;PROD_19;5;1
ORD_1284;PROD_38;8;4
ORD_1284;PROD_30;4;3
ORD_1285;PROD_39;6;3
ORD_1285;PROD_37;6;2
ORD_1285;PROD_38;9;4
ORD_1285;PROD_23;9;4
ORD_1285;PROD_13;1;2
ORD_1285;PROD_40;7;3
ORD_1285;PROD_47;7;2
ORD_1286;PROD_5;6;1
ORD_1286;PROD_48;5;1
ORD_1286;PROD_9;6;1
ORD_1286;PROD_6;9;1
ORD_1286;PROD_37;9;4
ORD_1286;PROD_37;7;3
ORD_1287;PROD_30;5;2
ORD_1287;PROD_49;3;5
ORD_1287;PROD_22;8;4
ORD_1287;PROD_2;1;5
ORD_1287;PROD_9;3;4
ORD_1288;PROD_29;1;4
ORD_1288;PROD_37;6;1
ORD_1288;PROD_12;2;1
ORD_1288;PROD_39;3;3
ORD_1288;PROD_24;3;4
ORD_1288;PROD_42;8;2
ORD_1288;PROD_38;1;5
ORD_1288;PROD_37;1;2
ORD_1288;PROD_37;9;3
ORD_1288;PROD_6;3;5
ORD_1288;PROD_42;6;1
ORD_1288;PROD_20;9;4
ORD_1288;PROD_21;1;3
ORD_1288;PROD_50;4;3
ORD_1288;PROD_23;8;2
ORD_1289;PROD_6;9;5
ORD_1289;PROD_45;6;4
ORD_1289;PROD_43;5;3
ORD_1289;PROD_34;7;4
ORD_1289;PROD_26;7;2
ORD_1289;PROD_11;6;4
ORD_1290;PROD_20;7;5
ORD_1290;PROD_25;8;4
ORD_1290;PROD_13;3;2
ORD_1290;PROD_36;1;4
ORD_1290;PROD_21;6;4
ORD_1291;PROD_31;1;1
ORD_1291;PROD_32;2;5
ORD_1291;PROD_14;5;5
ORD_1291;PROD_46;9;5
ORD_1291;PROD_6;2;2
ORD_1291;PROD_46;2;1
ORD_1291;PROD_27;3;1
ORD_1291;PROD_6;5;3
ORD_1291;PROD_15;8;3
ORD_1291;PROD_29;5;4
ORD_1291;PROD_43;5;5
ORD_1291;PROD_39;9;5
ORD_1291;PROD_1;1;2
ORD_1292;PROD_36;8;3
ORD_1292;PROD_21;3;2
ORD_1292;PROD_15;3;5
ORD_1292;PROD_39;1;3
ORD_1292;PROD_27;6;4
ORD_1292;PROD_48;2;4
ORD_1292;PROD_10;1;4
ORD_1292;PROD_15;4;1
ORD_1292;PROD_3;3;3
ORD_1292;PROD_17;9;5
ORD_1292;PROD_37;9;4
ORD_1292;PROD_22;6;4
ORD_1293;PROD_41;4;1
ORD_1293;PROD_45;5;3
ORD_1293;PROD_34;2;5
ORD_1293;PROD_50;8;4
ORD_1293;PROD_4;7;1
ORD_1293;PROD_38;1;3
ORD_1293;PROD_16;3;4
ORD_1293;PROD_10;8;1
ORD_1293;PROD_49;8;1
ORD_1293;PROD_13;2;1
ORD_1293;PROD_18;7;5
ORD_1294;PROD_23;2;2
ORD_1294;PROD_12;1;1
ORD_1294;PROD_14;5;1
ORD_1294;PROD_35;8;3
ORD_1294;PROD_18;6;1
ORD_1294;PROD_26;1;3
ORD_1294;PROD_16;9;1
ORD_1294;PROD_16;9;1
ORD_1295;PROD_38;2;2
ORD_1295;PROD_4;2;4
ORD_1295;PROD_37;6;4
ORD_1295;PROD_11;4;5
ORD_1295;PROD_20;6;5
ORD_1295;PROD_27;4;1
ORD_1295;PROD_33;4;4
ORD_1296;PROD_13;8;3
ORD_1296;PROD_40;1;5
ORD_1296;PROD_47;7;5
ORD_1296;PROD_18;3;4
ORD_1296;PROD_16;5;1
ORD_1297;PROD_29;4;5
ORD_1297;PROD_31;1;3
ORD_1297;PROD_4;8;4
ORD_1297;PROD_4;4;4
ORD_1297;PROD_23;8;1
ORD_1297;PROD_8;2;5
ORD_1297;PROD_29;4;1
ORD_1297;PROD_17;3;5
ORD_1297;PROD_15;2;4
ORD_1297;PROD_30;2;3
ORD_1297;PROD_21;2;1
ORD_1298;PROD_47;9;3
ORD_1298;PROD_33;4;4
ORD_1298;PROD_38;7;3
ORD_1298;PROD_36;7;4
ORD_1298;PROD_21;7;4
ORD_1298;PROD_15;1;4
ORD_1298;PROD_39;1;1
ORD_1298;PROD_2;9;4
ORD_1298;PROD_31;4;1
ORD_1299;PROD_6;3;1
ORD_1299;PROD_45;9;1
ORD_1299;PROD_43;6;2
ORD_1299;PROD_13;9;3
ORD_1299;PROD_44;8;5
ORD_1299;PROD_43;4;1
ORD_1299;PROD_45;1;3
ORD_1299;PROD_47;8;3
ORD_1299;PROD_33;9;5
ORD_1299;PROD_38;4;1
ORD_1299;PROD_15;5;4
ORD_1299;PROD_42;3;1
ORD_1300;PROD_13;1;4
ORD_1300;PROD_40;5;2
ORD_1300;PROD_47;2;2
ORD_1300;PROD_18;4;5
ORD_1300;PROD_16;8;5
ORD_1300;PROD_25;7;2
ORD_1300;PROD_21;7;5
ORD_1300;PROD_14;1;3
ORD_1300;PROD_42;4;5
ORD_1300;PROD_49;7;2
ORD_1300;PROD_38;7;4
ORD_1300;PROD_27;5;5
ORD_1300;PROD_45;2;5
ORD_1301;PROD_29;8;1
ORD_1301;PROD_9;9;2
ORD_1301;PROD_8;1;4
ORD_1301;PROD_16;4;3
ORD_1301;PROD_25;1;5
ORD_1301;PROD_31;7;1
ORD_1301;PROD_38;2;3
ORD_1301;PROD_36;9;5
ORD_1301;PROD_10;3;4
ORD_1301;PROD_7;2;4
ORD_1301;PROD_48;5;4
ORD_1302;PROD_40;7;2
ORD_1302;PROD_9;6;3
ORD_1302;PROD_25;9;3
ORD_1302;PROD_46;7;2
ORD_1302;PROD_23;6;4
ORD_1302;PROD_11;2;3
ORD_1303;PROD_23;9;5
ORD_1303;PROD_5;2;3
ORD_1303;PROD_27;9;2
ORD_1303;PROD_38;9;2
ORD_1303;PROD_38;9;1
ORD_1303;PROD_25;9;1
ORD_1303;PROD_36;8;5
ORD_1304;PROD_6;8;3
ORD_1304;PROD_45;8;3
ORD_1304;PROD_43;7;1
ORD_1304;PROD_16;6;1
ORD_1304;PROD_47;4;2
ORD_1304;PROD_44;1;1
ORD_1304;PROD_49;7;1
ORD_1305;PROD_23;5;5
ORD_1305;PROD_19;3;5
ORD_1305;PROD_38;1;5
ORD_1305;PROD_14;1;5
ORD_1305;PROD_42;1;3
ORD_1305;PROD_2;5;3
ORD_1305;PROD_27;6;5
ORD_1305;PROD_18;8;2
ORD_1306;PROD_13;4;4
ORD_1306;PROD_22;4;3
ORD_1306;PROD_33;4;5
ORD_1306;PROD_34;5;3
ORD_1306;PROD_26;5;4
ORD_1306;PROD_41;8;5
ORD_1306;PROD_39;9;3
ORD_1306;PROD_13;2;5
ORD_1306;PROD_39;2;2
ORD_1306;PROD_18;4;2
ORD_1306;PROD_43;5;1
ORD_1307;PROD_25;7;2
ORD_1307;PROD_21;6;4
ORD_1307;PROD_14;6;3
ORD_1307;PROD_42;9;5
ORD_1307;PROD_33;3;4
ORD_1307;PROD_21;7;2
ORD_1307;PROD_26;4;1
ORD_1307;PROD_5;8;5
ORD_1307;PROD_31;2;2
ORD_1307;PROD_19;6;4
ORD_1307;PROD_17;4;4
ORD_1307;PROD_18;1;2
ORD_1307;PROD_15;1;4
ORD_1307;PROD_33;1;4
ORD_1307;PROD_37;6;3
ORD_1308;PROD_47;2;4
ORD_1308;PROD_33;1;1
ORD_1308;PROD_38;1;2
ORD_1308;PROD_46;8;1
ORD_1308;PROD_35;2;1
ORD_1309;PROD_11;9;3
ORD_1309;PROD_25;6;2
ORD_1309;PROD_29;7;3
ORD_1309;PROD_13;3;4
ORD_1309;PROD_20;9;1
ORD_1309;PROD_25;7;2
ORD_1309;PROD_13;8;5
ORD_1309;PROD_3;3;1
ORD_1309;PROD_30;9;1
ORD_1309;PROD_1;7;5
ORD_1309;PROD_27;5;4
ORD_1309;PROD_1;2;2
ORD_1309;PROD_20;5;1
ORD_1310;PROD_25;1;3
ORD_1310;PROD_21;4;4
ORD_1310;PROD_14;9;3
ORD_1310;PROD_42;3;3
ORD_1310;PROD_43;9;3
ORD_1310;PROD_6;1;2
ORD_1310;PROD_11;8;1
ORD_1310;PROD_18;1;5
ORD_1310;PROD_19;8;3
ORD_1310;PROD_17;9;5
ORD_1310;PROD_16;9;2
ORD_1310;PROD_15;1;2
ORD_1310;PROD_37;9;2
ORD_1310;PROD_44;3;4
ORD_1310;PROD_22;2;4
ORD_1311;PROD_49;6;4
ORD_1311;PROD_38;9;4
ORD_1311;PROD_27;6;5
ORD_1311;PROD_45;6;5
ORD_1311;PROD_33;6;1
ORD_1311;PROD_43;4;4
ORD_1311;PROD_3;3;1
ORD_1311;PROD_18;2;1
ORD_1311;PROD_29;6;1
ORD_1311;PROD_9;2;5
ORD_1311;PROD_13;3;5
ORD_1311;PROD_23;2;4
ORD_1311;PROD_22;7;1
ORD_1311;PROD_20;4;4
ORD_1311;PROD_47;9;2
ORD_1312;PROD_37;9;1
ORD_1312;PROD_8;5;5
ORD_1312;PROD_17;9;3
ORD_1312;PROD_34;2;2
ORD_1312;PROD_45;1;5
ORD_1312;PROD_12;4;3
ORD_1312;PROD_11;8;5
ORD_1312;PROD_38;4;4
ORD_1312;PROD_19;4;5
ORD_1312;PROD_37;4;3
ORD_1312;PROD_23;3;4
ORD_1312;PROD_17;5;4
ORD_1312;PROD_16;3;4
ORD_1312;PROD_15;4;4
ORD_1313;PROD_9;2;3
ORD_1313;PROD_23;6;4
ORD_1313;PROD_24;8;3
ORD_1313;PROD_48;6;1
ORD_1313;PROD_11;7;4
ORD_1313;PROD_4;8;1
ORD_1313;PROD_30;8;5
ORD_1313;PROD_49;2;3
ORD_1313;PROD_9;5;2
ORD_1314;PROD_40;9;4
ORD_1314;PROD_9;6;2
ORD_1314;PROD_25;3;5
ORD_1314;PROD_46;2;4
ORD_1314;PROD_23;3;2
ORD_1314;PROD_41;9;3
ORD_1314;PROD_46;7;5
ORD_1315;PROD_20;2;1
ORD_1315;PROD_18;6;4
ORD_1315;PROD_37;8;4
ORD_1315;PROD_8;9;4
ORD_1315;PROD_17;7;4
ORD_1315;PROD_34;9;4
ORD_1315;PROD_2;5;1
ORD_1315;PROD_28;6;3
ORD_1315;PROD_34;6;4
ORD_1315;PROD_21;9;3
ORD_1315;PROD_41;5;2
ORD_1315;PROD_17;2;2
ORD_1315;PROD_30;6;1
ORD_1316;PROD_10;3;3
ORD_1316;PROD_15;3;4
ORD_1316;PROD_1;5;2
ORD_1316;PROD_16;8;4
ORD_1316;PROD_17;4;1
ORD_1316;PROD_24;8;2
ORD_1316;PROD_38;8;5
ORD_1316;PROD_22;2;1
ORD_1316;PROD_16;8;5
ORD_1316;PROD_28;6;3
ORD_1316;PROD_22;9;1
ORD_1317;PROD_32;4;4
ORD_1317;PROD_43;2;1
ORD_1317;PROD_15;3;3
ORD_1317;PROD_11;8;4
ORD_1317;PROD_17;7;1
ORD_1317;PROD_5;2;4
ORD_1317;PROD_44;6;5
ORD_1317;PROD_10;6;1
ORD_1317;PROD_38;6;3
ORD_1317;PROD_13;7;1
ORD_1317;PROD_5;9;3
ORD_1317;PROD_23;6;5
ORD_1317;PROD_14;5;4
ORD_1317;PROD_38;5;2
ORD_1318;PROD_10;1;4
ORD_1318;PROD_38;7;3
ORD_1318;PROD_16;3;2
ORD_1318;PROD_27;6;5
ORD_1318;PROD_43;8;2
ORD_1318;PROD_10;5;5
ORD_1318;PROD_48;8;3
ORD_1318;PROD_44;4;5
ORD_1319;PROD_46;8;5
ORD_1319;PROD_4;8;2
ORD_1319;PROD_9;1;1
ORD_1319;PROD_41;9;3
ORD_1319;PROD_19;3;5
ORD_1319;PROD_43;9;1
ORD_1319;PROD_24;2;2
ORD_1319;PROD_19;5;5
ORD_1319;PROD_31;8;2
ORD_1319;PROD_43;1;5
ORD_1319;PROD_10;6;1
ORD_1319;PROD_45;8;2
ORD_1319;PROD_6;1;2
ORD_1319;PROD_5;2;4
ORD_1320;PROD_13;3;5
ORD_1320;PROD_40;5;1
ORD_1320;PROD_47;3;3
ORD_1320;PROD_18;9;2
ORD_1320;PROD_16;6;1
ORD_1320;PROD_37;3;5
ORD_1320;PROD_8;1;5
ORD_1320;PROD_17;6;1
ORD_1321;PROD_39;8;4
ORD_1321;PROD_37;7;1
ORD_1321;PROD_38;6;1
ORD_1321;PROD_23;7;2
ORD_1321;PROD_25;3;1
ORD_1321;PROD_21;6;3
ORD_1321;PROD_14;1;3
ORD_1321;PROD_42;6;3
ORD_1321;PROD_13;6;1
ORD_1321;PROD_40;8;3
ORD_1321;PROD_47;8;5
ORD_1321;PROD_18;6;1
ORD_1321;PROD_16;4;4
ORD_1321;PROD_44;2;5
ORD_1321;PROD_10;5;3
ORD_1322;PROD_37;2;4
ORD_1322;PROD_8;6;4
ORD_1322;PROD_17;3;4
ORD_1322;PROD_34;7;4
ORD_1322;PROD_7;2;1
ORD_1322;PROD_39;5;4
ORD_1322;PROD_23;6;2
ORD_1322;PROD_8;7;1
ORD_1322;PROD_39;6;4
ORD_1322;PROD_4;7;3
ORD_1322;PROD_4;8;4
ORD_1322;PROD_19;8;1
ORD_1322;PROD_45;4;3
ORD_1322;PROD_11;3;5
ORD_1323;PROD_49;7;3
ORD_1323;PROD_38;4;1
ORD_1323;PROD_27;4;3
ORD_1323;PROD_45;3;2
ORD_1323;PROD_33;4;5
ORD_1323;PROD_7;1;3
ORD_1323;PROD_27;9;1
ORD_1323;PROD_49;4;2
ORD_1324;PROD_13;8;1
ORD_1324;PROD_44;2;1
ORD_1324;PROD_43;9;1
ORD_1324;PROD_45;7;3
ORD_1324;PROD_42;7;1
ORD_1324;PROD_24;1;3
ORD_1325;PROD_7;9;2
ORD_1325;PROD_38;5;4
ORD_1325;PROD_14;8;4
ORD_1325;PROD_16;3;2
ORD_1325;PROD_28;2;3
ORD_1325;PROD_28;8;1
ORD_1325;PROD_30;9;5
ORD_1325;PROD_14;9;2
ORD_1325;PROD_21;7;1
ORD_1325;PROD_31;4;4
ORD_1325;PROD_47;2;4
ORD_1325;PROD_23;4;5
ORD_1325;PROD_30;2;5
ORD_1325;PROD_18;9;1
ORD_1326;PROD_50;6;3
ORD_1326;PROD_20;1;2
ORD_1326;PROD_20;3;1
ORD_1326;PROD_13;5;4
ORD_1326;PROD_26;4;5
ORD_1326;PROD_26;2;1
ORD_1326;PROD_46;8;1
ORD_1326;PROD_22;1;3
ORD_1326;PROD_10;7;1
ORD_1326;PROD_39;1;1
ORD_1326;PROD_31;1;1
ORD_1326;PROD_18;8;4
ORD_1326;PROD_11;4;5
ORD_1326;PROD_18;6;3
ORD_1327;PROD_17;7;5
ORD_1327;PROD_27;6;4
ORD_1327;PROD_15;2;2
ORD_1327;PROD_32;2;4
ORD_1327;PROD_31;6;1
ORD_1327;PROD_40;9;5
ORD_1327;PROD_48;5;5
ORD_1327;PROD_43;1;1
ORD_1327;PROD_10;6;3
ORD_1327;PROD_29;5;3
ORD_1327;PROD_38;5;5
ORD_1327;PROD_12;9;3
ORD_1327;PROD_41;4;3
ORD_1328;PROD_10;6;1
ORD_1328;PROD_8;3;1
ORD_1328;PROD_30;6;2
ORD_1328;PROD_18;4;4
ORD_1328;PROD_33;5;4
ORD_1328;PROD_36;5;1
ORD_1329;PROD_46;3;2
ORD_1329;PROD_37;4;2
ORD_1329;PROD_3;5;2
ORD_1329;PROD_12;7;5
ORD_1329;PROD_48;3;4
ORD_1329;PROD_27;7;2
ORD_1329;PROD_31;9;2
ORD_1329;PROD_7;3;4
ORD_1329;PROD_19;4;1
ORD_1330;PROD_13;8;1
ORD_1330;PROD_40;8;4
ORD_1330;PROD_47;2;3
ORD_1330;PROD_18;8;1
ORD_1330;PROD_16;8;4
ORD_1330;PROD_47;2;5
ORD_1330;PROD_33;2;2
ORD_1330;PROD_38;5;5
ORD_1330;PROD_15;3;4
ORD_1330;PROD_44;2;5
ORD_1330;PROD_33;9;3
ORD_1330;PROD_33;9;3
ORD_1330;PROD_19;6;3
ORD_1330;PROD_2;6;4
ORD_1331;PROD_40;8;1
ORD_1331;PROD_34;8;4
ORD_1331;PROD_32;9;2
ORD_1331;PROD_14;8;2
ORD_1331;PROD_15;6;4
ORD_1331;PROD_24;3;2
ORD_1331;PROD_47;2;3
ORD_1331;PROD_17;2;2
ORD_1331;PROD_34;9;2
ORD_1331;PROD_45;4;3
ORD_1331;PROD_22;9;3
ORD_1331;PROD_19;5;4
ORD_1332;PROD_44;8;4
ORD_1332;PROD_36;9;1
ORD_1332;PROD_30;9;3
ORD_1332;PROD_24;4;1
ORD_1332;PROD_21;9;1
ORD_1332;PROD_21;9;4
ORD_1332;PROD_45;7;1
ORD_1332;PROD_42;7;2
ORD_1332;PROD_43;5;1
ORD_1332;PROD_50;9;4
ORD_1332;PROD_24;3;2
ORD_1333;PROD_49;5;2
ORD_1333;PROD_38;5;4
ORD_1333;PROD_27;9;1
ORD_1333;PROD_45;4;3
ORD_1333;PROD_33;3;2
ORD_1333;PROD_6;2;5
ORD_1334;PROD_11;1;5
ORD_1334;PROD_15;2;2
ORD_1334;PROD_34;9;5
ORD_1334;PROD_45;9;1
ORD_1334;PROD_20;1;2
ORD_1334;PROD_35;2;2
ORD_1334;PROD_23;4;2
ORD_1334;PROD_10;7;3
ORD_1334;PROD_47;1;2
ORD_1334;PROD_38;7;2
ORD_1335;PROD_27;6;5
ORD_1335;PROD_4;5;4
ORD_1335;PROD_44;2;2
ORD_1335;PROD_25;6;3
ORD_1335;PROD_40;9;5
ORD_1336;PROD_6;5;3
ORD_1336;PROD_42;3;1
ORD_1336;PROD_30;5;3
ORD_1336;PROD_27;5;4
ORD_1336;PROD_25;4;1
ORD_1336;PROD_11;1;1
ORD_1336;PROD_11;2;5
ORD_1336;PROD_6;4;5
ORD_1336;PROD_1;8;3
ORD_1336;PROD_45;5;1
ORD_1336;PROD_29;8;1
ORD_1336;PROD_35;9;5
ORD_1336;PROD_49;2;2
ORD_1337;PROD_13;3;4
ORD_1337;PROD_44;5;1
ORD_1337;PROD_43;4;3
ORD_1337;PROD_45;1;4
ORD_1337;PROD_49;6;5
ORD_1337;PROD_38;7;1
ORD_1337;PROD_27;1;5
ORD_1338;PROD_47;7;3
ORD_1338;PROD_33;2;5
ORD_1338;PROD_38;1;2
ORD_1338;PROD_46;4;4
ORD_1338;PROD_18;3;2
ORD_1338;PROD_15;1;2
ORD_1338;PROD_48;6;1
ORD_1338;PROD_47;7;1
ORD_1339;PROD_24;7;3
ORD_1339;PROD_5;8;1
ORD_1339;PROD_2;9;3
ORD_1339;PROD_33;7;2
ORD_1339;PROD_13;9;4
ORD_1339;PROD_40;7;4
ORD_1339;PROD_47;8;2
ORD_1339;PROD_18;1;2
ORD_1339;PROD_16;3;2
ORD_1339;PROD_39;3;5
ORD_1340;PROD_10;1;2
ORD_1340;PROD_15;6;5
ORD_1340;PROD_24;4;5
ORD_1340;PROD_18;9;2
ORD_1340;PROD_50;8;5
ORD_1340;PROD_24;8;4
ORD_1340;PROD_36;8;4
ORD_1340;PROD_48;2;2
ORD_1340;PROD_14;8;2
ORD_1340;PROD_45;2;2
ORD_1341;PROD_50;3;2
ORD_1341;PROD_14;8;4
ORD_1341;PROD_38;2;2
ORD_1341;PROD_39;8;5
ORD_1341;PROD_22;6;3
ORD_1341;PROD_13;5;4
ORD_1341;PROD_29;6;5
ORD_1341;PROD_20;3;2
ORD_1342;PROD_23;3;3
ORD_1342;PROD_19;5;2
ORD_1342;PROD_38;1;1
ORD_1342;PROD_6;9;2
ORD_1342;PROD_45;8;1
ORD_1342;PROD_43;3;5
ORD_1342;PROD_21;2;5
ORD_1342;PROD_12;7;1
ORD_1342;PROD_40;4;5
ORD_1342;PROD_7;6;3
ORD_1342;PROD_18;9;5
ORD_1342;PROD_49;2;3
ORD_1342;PROD_41;3;2
ORD_1343;PROD_28;3;3
ORD_1343;PROD_5;1;1
ORD_1343;PROD_44;3;4
ORD_1343;PROD_7;2;2
ORD_1343;PROD_28;9;5
ORD_1343;PROD_44;3;2
ORD_1343;PROD_50;4;3
ORD_1343;PROD_50;2;3
ORD_1343;PROD_19;7;5
ORD_1343;PROD_2;2;5
ORD_1343;PROD_9;2;3
ORD_1343;PROD_1;3;4
ORD_1343;PROD_9;2;3
ORD_1343;PROD_19;4;5
ORD_1343;PROD_37;5;2
ORD_1344;PROD_25;3;3
ORD_1344;PROD_21;6;5
ORD_1344;PROD_14;4;4
ORD_1344;PROD_42;5;1
ORD_1344;PROD_23;8;5
ORD_1344;PROD_19;8;5
ORD_1344;PROD_38;5;3
ORD_1344;PROD_37;7;4
ORD_1345;PROD_47;7;4
ORD_1345;PROD_33;6;2
ORD_1345;PROD_38;6;5
ORD_1345;PROD_7;3;3
ORD_1345;PROD_3;1;1
ORD_1345;PROD_39;5;5
ORD_1345;PROD_12;9;5
ORD_1345;PROD_17;4;5
ORD_1346;PROD_36;4;1
ORD_1346;PROD_21;1;4
ORD_1346;PROD_15;8;5
ORD_1346;PROD_39;3;4
ORD_1346;PROD_6;8;1
ORD_1346;PROD_45;9;5
ORD_1347;PROD_13;1;5
ORD_1347;PROD_44;4;1
ORD_1347;PROD_43;5;1
ORD_1347;PROD_45;4;3
ORD_1347;PROD_47;7;4
ORD_1347;PROD_33;9;5
ORD_1347;PROD_38;2;1
ORD_1347;PROD_20;4;3
ORD_1347;PROD_9;3;3
ORD_1347;PROD_1;2;4
ORD_1347;PROD_31;9;5
ORD_1347;PROD_50;2;5
ORD_1348;PROD_1;2;1
ORD_1348;PROD_4;4;4
ORD_1348;PROD_2;5;2
ORD_1348;PROD_11;5;3
ORD_1348;PROD_1;1;3
ORD_1348;PROD_7;2;3
ORD_1348;PROD_33;6;5
ORD_1348;PROD_49;5;1
ORD_1348;PROD_5;3;4
ORD_1348;PROD_2;9;2
ORD_1349;PROD_11;6;1
ORD_1349;PROD_25;5;2
ORD_1349;PROD_29;5;5
ORD_1349;PROD_13;2;2
ORD_1349;PROD_49;9;5
ORD_1349;PROD_50;4;3
ORD_1350;PROD_24;7;2
ORD_1350;PROD_14;2;5
ORD_1350;PROD_19;8;3
ORD_1350;PROD_13;8;2
ORD_1350;PROD_44;6;5
ORD_1350;PROD_2;9;4
ORD_1350;PROD_48;7;5
ORD_1350;PROD_27;4;5
ORD_1351;PROD_25;3;5
ORD_1351;PROD_21;4;4
ORD_1351;PROD_14;6;3
ORD_1351;PROD_42;5;4
ORD_1351;PROD_24;9;2
ORD_1351;PROD_5;2;2
ORD_1351;PROD_2;3;5
ORD_1351;PROD_33;1;1
ORD_1351;PROD_20;3;5
ORD_1351;PROD_44;6;4
ORD_1351;PROD_49;5;3
ORD_1351;PROD_15;1;4
ORD_1351;PROD_29;4;4
ORD_1351;PROD_15;3;1
ORD_1352;PROD_25;6;1
ORD_1352;PROD_4;5;4
ORD_1352;PROD_27;9;1
ORD_1352;PROD_36;3;4
ORD_1352;PROD_8;3;5
ORD_1352;PROD_6;4;3
ORD_1352;PROD_42;7;4
ORD_1352;PROD_6;9;3
ORD_1352;PROD_37;9;2
ORD_1353;PROD_11;5;4
ORD_1353;PROD_25;4;2
ORD_1353;PROD_29;8;2
ORD_1353;PROD_13;2;1
ORD_1353;PROD_50;8;4
ORD_1353;PROD_32;8;4
ORD_1353;PROD_20;5;4
ORD_1353;PROD_5;2;5
ORD_1353;PROD_17;6;3
ORD_1353;PROD_23;3;2
ORD_1353;PROD_15;5;4
ORD_1353;PROD_34;3;5
ORD_1353;PROD_6;9;5
ORD_1353;PROD_27;6;3
ORD_1353;PROD_20;7;1
ORD_1354;PROD_24;5;4
ORD_1354;PROD_37;7;5
ORD_1354;PROD_32;3;4
ORD_1354;PROD_46;4;3
ORD_1354;PROD_26;4;1
ORD_1354;PROD_36;3;2
ORD_1354;PROD_28;2;2
ORD_1354;PROD_7;4;2
ORD_1354;PROD_7;8;4
ORD_1354;PROD_10;8;4
ORD_1354;PROD_17;6;3
ORD_1354;PROD_21;1;1
ORD_1354;PROD_1;2;5
ORD_1354;PROD_21;3;3
ORD_1355;PROD_48;2;5
ORD_1355;PROD_18;8;3
ORD_1355;PROD_7;2;2
ORD_1355;PROD_18;4;2
ORD_1355;PROD_12;7;2
ORD_1355;PROD_45;5;3
ORD_1356;PROD_31;8;3
ORD_1356;PROD_6;6;2
ORD_1356;PROD_21;3;1
ORD_1356;PROD_38;1;4
ORD_1356;PROD_38;4;2
ORD_1356;PROD_26;7;2
ORD_1356;PROD_4;6;3
ORD_1356;PROD_29;4;1
ORD_1356;PROD_12;3;3
ORD_1356;PROD_29;1;3
ORD_1356;PROD_18;6;5
ORD_1356;PROD_3;3;5
ORD_1357;PROD_38;6;3
ORD_1357;PROD_7;6;1
ORD_1357;PROD_7;5;2
ORD_1357;PROD_50;7;2
ORD_1357;PROD_2;7;5
ORD_1358;PROD_7;9;1
ORD_1358;PROD_27;2;1
ORD_1358;PROD_49;4;3
ORD_1358;PROD_32;2;5
ORD_1358;PROD_43;6;1
ORD_1358;PROD_27;7;5
ORD_1358;PROD_18;8;2
ORD_1358;PROD_21;4;5
ORD_1358;PROD_19;9;1
ORD_1359;PROD_6;2;5
ORD_1359;PROD_45;9;5
ORD_1359;PROD_43;1;2
ORD_1359;PROD_38;4;5
ORD_1359;PROD_4;8;5
ORD_1360;PROD_13;8;5
ORD_1360;PROD_40;9;4
ORD_1360;PROD_47;1;1
ORD_1360;PROD_18;3;1
ORD_1360;PROD_16;4;4
ORD_1360;PROD_14;7;4
ORD_1360;PROD_9;6;4
ORD_1360;PROD_33;5;1
ORD_1360;PROD_9;5;2
ORD_1361;PROD_23;6;5
ORD_1361;PROD_19;4;3
ORD_1361;PROD_38;1;5
ORD_1361;PROD_32;5;1
ORD_1361;PROD_8;8;5
ORD_1361;PROD_32;3;1
ORD_1361;PROD_30;4;2
ORD_1361;PROD_13;8;2
ORD_1361;PROD_36;5;3
ORD_1361;PROD_9;2;5
ORD_1361;PROD_20;8;3
ORD_1361;PROD_48;6;2
ORD_1361;PROD_24;4;2
ORD_1362;PROD_7;5;1
ORD_1362;PROD_26;1;2
ORD_1362;PROD_4;9;5
ORD_1362;PROD_25;5;1
ORD_1362;PROD_31;2;1
ORD_1362;PROD_50;4;2
ORD_1362;PROD_33;5;4
ORD_1362;PROD_11;3;2
ORD_1362;PROD_46;5;5
ORD_1362;PROD_34;7;3
ORD_1362;PROD_40;2;4
ORD_1363;PROD_39;2;4
ORD_1363;PROD_37;6;3
ORD_1363;PROD_38;6;4
ORD_1363;PROD_23;9;2
ORD_1363;PROD_45;5;1
ORD_1363;PROD_49;1;5
ORD_1363;PROD_22;9;5
ORD_1364;PROD_8;6;4
ORD_1364;PROD_12;9;1
ORD_1364;PROD_45;5;4
ORD_1364;PROD_25;6;3
ORD_1364;PROD_9;4;2
ORD_1364;PROD_37;2;5
ORD_1364;PROD_33;3;2
ORD_1364;PROD_35;7;4
ORD_1364;PROD_12;6;4
ORD_1364;PROD_38;2;2
ORD_1364;PROD_44;5;3
ORD_1364;PROD_23;8;2
ORD_1365;PROD_38;5;2
ORD_1365;PROD_4;6;3
ORD_1365;PROD_37;7;1
ORD_1365;PROD_11;2;3
ORD_1365;PROD_20;2;4
ORD_1365;PROD_40;7;5
ORD_1365;PROD_47;2;4
ORD_1365;PROD_35;8;5
ORD_1365;PROD_26;4;1
ORD_1365;PROD_43;1;1
ORD_1365;PROD_48;2;2
ORD_1365;PROD_40;5;2
ORD_1366;PROD_5;1;4
ORD_1366;PROD_38;8;2
ORD_1366;PROD_36;7;4
ORD_1366;PROD_15;6;5
ORD_1366;PROD_44;3;1
ORD_1366;PROD_46;4;5
ORD_1366;PROD_24;1;1
ORD_1367;PROD_44;9;4
ORD_1367;PROD_3;2;3
ORD_1367;PROD_18;8;4
ORD_1367;PROD_39;2;2
ORD_1367;PROD_41;7;1
ORD_1367;PROD_37;2;2
ORD_1368;PROD_20;2;3
ORD_1368;PROD_25;7;3
ORD_1368;PROD_13;4;3
ORD_1368;PROD_11;5;5
ORD_1368;PROD_25;2;4
ORD_1368;PROD_29;7;1
ORD_1369;PROD_13;7;5
ORD_1369;PROD_3;8;3
ORD_1369;PROD_41;7;4
ORD_1369;PROD_17;6;5
ORD_1369;PROD_14;8;5
ORD_1370;PROD_20;3;3
ORD_1370;PROD_18;1;4
ORD_1370;PROD_38;6;5
ORD_1370;PROD_4;7;1
ORD_1370;PROD_37;9;4
ORD_1370;PROD_11;2;2
ORD_1370;PROD_20;5;2
ORD_1370;PROD_2;3;3
ORD_1370;PROD_28;5;2
ORD_1370;PROD_29;8;1
ORD_1370;PROD_39;1;4
ORD_1370;PROD_31;7;4
ORD_1370;PROD_36;6;2
ORD_1371;PROD_20;4;5
ORD_1371;PROD_25;2;4
ORD_1371;PROD_13;7;4
ORD_1371;PROD_20;4;1
ORD_1371;PROD_18;1;2
ORD_1371;PROD_39;8;4
ORD_1371;PROD_10;1;3
ORD_1371;PROD_39;6;5
ORD_1372;PROD_13;4;3
ORD_1372;PROD_40;3;2
ORD_1372;PROD_47;8;1
ORD_1372;PROD_18;2;4
ORD_1372;PROD_16;7;2
ORD_1373;PROD_36;5;1
ORD_1373;PROD_21;4;4
ORD_1373;PROD_15;4;3
ORD_1373;PROD_39;5;2
ORD_1373;PROD_20;5;2
ORD_1373;PROD_18;2;3
ORD_1373;PROD_24;8;1
ORD_1373;PROD_5;4;2
ORD_1374;PROD_23;4;3
ORD_1374;PROD_19;7;2
ORD_1374;PROD_38;8;4
ORD_1374;PROD_38;1;3
ORD_1374;PROD_46;1;1
ORD_1374;PROD_8;3;5
ORD_1374;PROD_12;5;4
ORD_1374;PROD_22;8;2
ORD_1374;PROD_18;6;1
ORD_1374;PROD_14;3;3
ORD_1374;PROD_12;9;1
ORD_1374;PROD_6;5;5
ORD_1374;PROD_27;7;2
ORD_1374;PROD_18;7;2
ORD_1375;PROD_26;4;5
ORD_1375;PROD_29;3;2
ORD_1375;PROD_36;2;4
ORD_1375;PROD_34;5;5
ORD_1375;PROD_32;9;2
ORD_1375;PROD_4;2;2
ORD_1375;PROD_37;3;5
ORD_1375;PROD_40;2;4
ORD_1375;PROD_7;4;3
ORD_1375;PROD_16;6;3
ORD_1375;PROD_15;2;4
ORD_1375;PROD_20;7;2
ORD_1376;PROD_35;2;1
ORD_1376;PROD_31;8;2
ORD_1376;PROD_31;2;1
ORD_1376;PROD_23;8;3
ORD_1376;PROD_2;2;2
ORD_1376;PROD_18;9;5
ORD_1376;PROD_12;7;4
ORD_1377;PROD_47;2;3
ORD_1377;PROD_20;1;1
ORD_1377;PROD_49;4;2
ORD_1377;PROD_18;9;2
ORD_1377;PROD_11;8;2
ORD_1378;PROD_12;5;5
ORD_1378;PROD_17;8;2
ORD_1378;PROD_21;1;4
ORD_1378;PROD_40;7;5
ORD_1378;PROD_17;1;4
ORD_1378;PROD_36;1;4
ORD_1378;PROD_44;1;4
ORD_1378;PROD_12;9;1
ORD_1378;PROD_42;7;4
ORD_1378;PROD_47;6;3
ORD_1378;PROD_46;9;5
ORD_1378;PROD_38;1;4
ORD_1378;PROD_14;7;1
ORD_1379;PROD_47;9;3
ORD_1379;PROD_33;5;2
ORD_1379;PROD_38;9;5
ORD_1379;PROD_47;6;3
ORD_1379;PROD_33;2;3
ORD_1379;PROD_38;4;2
ORD_1379;PROD_40;1;1
ORD_1379;PROD_9;3;3
ORD_1379;PROD_25;5;2
ORD_1380;PROD_23;9;1
ORD_1380;PROD_19;5;4
ORD_1380;PROD_38;2;1
ORD_1380;PROD_24;7;1
ORD_1380;PROD_5;5;3
ORD_1380;PROD_2;1;3
ORD_1380;PROD_33;7;3
ORD_1380;PROD_39;2;1
ORD_1380;PROD_30;3;4
ORD_1380;PROD_45;6;5
ORD_1380;PROD_30;8;1
ORD_1381;PROD_47;2;5
ORD_1381;PROD_33;9;4
ORD_1381;PROD_38;2;3
ORD_1381;PROD_20;3;4
ORD_1381;PROD_18;8;3
ORD_1381;PROD_24;6;4
ORD_1381;PROD_33;9;4
ORD_1381;PROD_33;6;1
ORD_1381;PROD_26;2;1
ORD_1381;PROD_18;1;3
ORD_1381;PROD_50;6;1
ORD_1381;PROD_28;5;1
ORD_1381;PROD_48;3;1
ORD_1381;PROD_13;5;4
ORD_1381;PROD_36;3;3
ORD_1382;PROD_22;9;3
ORD_1382;PROD_10;6;2
ORD_1382;PROD_47;5;3
ORD_1382;PROD_39;7;5
ORD_1382;PROD_11;3;1
ORD_1382;PROD_4;7;5
ORD_1382;PROD_48;4;4
ORD_1382;PROD_6;1;4
ORD_1382;PROD_16;5;4
ORD_1382;PROD_36;2;2
ORD_1382;PROD_44;5;1
ORD_1383;PROD_15;4;2
ORD_1383;PROD_28;4;2
ORD_1383;PROD_26;5;4
ORD_1383;PROD_14;4;3
ORD_1383;PROD_14;5;3
ORD_1383;PROD_30;5;5
ORD_1383;PROD_39;8;1
ORD_1383;PROD_26;4;2
ORD_1383;PROD_41;6;2
ORD_1383;PROD_43;7;4
ORD_1383;PROD_30;7;3
ORD_1384;PROD_26;6;5
ORD_1384;PROD_20;8;3
ORD_1384;PROD_35;2;4
ORD_1384;PROD_28;4;1
ORD_1384;PROD_8;5;5
ORD_1385;PROD_50;5;5
ORD_1385;PROD_3;6;1
ORD_1385;PROD_26;4;2
ORD_1385;PROD_12;8;3
ORD_1385;PROD_26;9;3
ORD_1385;PROD_28;5;1
ORD_1385;PROD_8;8;1
ORD_1386;PROD_36;1;4
ORD_1386;PROD_21;5;4
ORD_1386;PROD_15;6;3
ORD_1386;PROD_39;4;1
ORD_1386;PROD_49;9;4
ORD_1386;PROD_38;4;3
ORD_1386;PROD_27;2;3
ORD_1386;PROD_45;4;2
ORD_1386;PROD_33;6;1
ORD_1386;PROD_37;4;5
ORD_1386;PROD_8;8;4
ORD_1386;PROD_17;7;4
ORD_1387;PROD_39;7;1
ORD_1387;PROD_23;2;2
ORD_1387;PROD_45;8;5
ORD_1387;PROD_39;3;3
ORD_1387;PROD_38;3;5
ORD_1387;PROD_38;4;1
ORD_1387;PROD_49;1;2
ORD_1387;PROD_32;8;1
ORD_1387;PROD_39;9;3
ORD_1387;PROD_26;4;1
ORD_1387;PROD_19;2;3
ORD_1387;PROD_43;2;4
ORD_1388;PROD_28;2;1
ORD_1388;PROD_22;1;3
ORD_1388;PROD_30;6;4
ORD_1388;PROD_27;8;4
ORD_1388;PROD_32;9;5
ORD_1389;PROD_13;6;2
ORD_1389;PROD_40;7;3
ORD_1389;PROD_47;1;1
ORD_1389;PROD_18;7;2
ORD_1389;PROD_16;6;2
ORD_1389;PROD_7;2;3
ORD_1389;PROD_27;4;1
ORD_1389;PROD_49;4;3
ORD_1389;PROD_32;2;2
ORD_1389;PROD_43;9;2
ORD_1389;PROD_11;3;2
ORD_1390;PROD_46;8;1
ORD_1390;PROD_33;6;2
ORD_1390;PROD_15;1;1
ORD_1390;PROD_30;3;3
ORD_1390;PROD_50;8;4
ORD_1390;PROD_46;3;5
ORD_1390;PROD_16;4;2
ORD_1390;PROD_4;9;4
ORD_1390;PROD_45;5;3
ORD_1390;PROD_10;7;3
ORD_1390;PROD_10;9;3
ORD_1390;PROD_26;7;5
ORD_1390;PROD_43;6;2
ORD_1390;PROD_47;7;1
ORD_1390;PROD_37;8;4
ORD_1391;PROD_23;4;5
ORD_1391;PROD_19;2;2
ORD_1391;PROD_38;4;5
ORD_1391;PROD_23;6;4
ORD_1391;PROD_19;6;4
ORD_1391;PROD_38;7;1
ORD_1392;PROD_39;7;1
ORD_1392;PROD_37;8;3
ORD_1392;PROD_38;3;1
ORD_1392;PROD_23;3;3
ORD_1392;PROD_35;2;3
ORD_1392;PROD_29;4;5
ORD_1392;PROD_5;4;5
ORD_1392;PROD_6;9;3
ORD_1392;PROD_5;3;4
ORD_1393;PROD_36;6;2
ORD_1393;PROD_21;4;5
ORD_1393;PROD_15;9;2
ORD_1393;PROD_39;5;5
ORD_1393;PROD_10;5;5
ORD_1393;PROD_7;5;4
ORD_1393;PROD_47;9;3
ORD_1393;PROD_26;2;3
ORD_1393;PROD_18;9;2
ORD_1393;PROD_16;4;1
ORD_1393;PROD_23;1;3
ORD_1393;PROD_34;6;4
ORD_1393;PROD_23;1;5
ORD_1393;PROD_10;6;2
ORD_1393;PROD_26;4;4
ORD_1394;PROD_20;5;5
ORD_1394;PROD_25;6;5
ORD_1394;PROD_13;5;4
ORD_1394;PROD_13;3;3
ORD_1394;PROD_44;6;4
ORD_1394;PROD_43;9;5
ORD_1394;PROD_45;1;4
ORD_1395;PROD_10;6;5
ORD_1395;PROD_15;6;4
ORD_1395;PROD_34;3;1
ORD_1395;PROD_8;5;2
ORD_1395;PROD_14;3;2
ORD_1395;PROD_31;9;4
ORD_1395;PROD_6;3;5
ORD_1395;PROD_1;9;1
ORD_1395;PROD_36;1;2
ORD_1395;PROD_35;4;3
ORD_1395;PROD_13;7;2
ORD_1395;PROD_50;1;1
ORD_1396;PROD_11;3;2
ORD_1396;PROD_27;1;4
ORD_1396;PROD_44;9;4
ORD_1396;PROD_25;6;3
ORD_1396;PROD_41;7;5
ORD_1396;PROD_30;7;1
ORD_1396;PROD_46;7;1
ORD_1396;PROD_39;7;5
ORD_1396;PROD_50;4;5
ORD_1396;PROD_48;4;1
ORD_1396;PROD_50;6;5
ORD_1396;PROD_47;1;5
ORD_1396;PROD_6;1;3
ORD_1396;PROD_26;3;1
ORD_1396;PROD_40;2;5
ORD_1397;PROD_32;9;2
ORD_1397;PROD_43;8;2
ORD_1397;PROD_39;3;3
ORD_1397;PROD_37;7;2
ORD_1397;PROD_38;7;2
ORD_1397;PROD_23;7;3
ORD_1397;PROD_1;8;3
ORD_1397;PROD_23;1;1
ORD_1397;PROD_2;2;1
ORD_1397;PROD_32;8;1
ORD_1397;PROD_9;5;4
ORD_1397;PROD_43;3;1
ORD_1397;PROD_38;2;1
ORD_1397;PROD_32;6;2
ORD_1397;PROD_8;6;1
ORD_1398;PROD_20;2;4
ORD_1398;PROD_18;8;3
ORD_1398;PROD_37;2;2
ORD_1398;PROD_8;8;5
ORD_1398;PROD_17;9;5
ORD_1398;PROD_34;1;3
ORD_1398;PROD_26;5;2
ORD_1398;PROD_33;7;3
ORD_1398;PROD_7;7;5
ORD_1398;PROD_33;3;5
ORD_1398;PROD_15;2;1
ORD_1398;PROD_36;6;2
ORD_1398;PROD_43;4;4
ORD_1398;PROD_17;6;4
ORD_1398;PROD_2;9;5
ORD_1399;PROD_16;3;2
ORD_1399;PROD_5;7;1
ORD_1399;PROD_43;2;2
ORD_1399;PROD_45;7;4
ORD_1399;PROD_29;7;1
ORD_1399;PROD_14;7;5
ORD_1399;PROD_11;9;1
ORD_1399;PROD_47;9;4
ORD_1399;PROD_34;2;1
ORD_1400;PROD_20;4;1
ORD_1400;PROD_18;3;4
ORD_1400;PROD_32;2;3
ORD_1400;PROD_43;6;1
ORD_1400;PROD_18;2;4
ORD_1400;PROD_35;7;2
ORD_1400;PROD_27;3;5
ORD_1400;PROD_15;2;5
ORD_1400;PROD_5;9;5
ORD_1400;PROD_43;6;3
ORD_1400;PROD_8;6;4
ORD_1401;PROD_24;8;4
ORD_1401;PROD_48;5;3
ORD_1401;PROD_12;9;4
ORD_1401;PROD_24;7;4
ORD_1401;PROD_15;4;3
ORD_1401;PROD_23;9;4
ORD_1401;PROD_32;5;2
ORD_1401;PROD_11;1;3
ORD_1401;PROD_2;9;4
ORD_1401;PROD_47;3;3
ORD_1401;PROD_21;5;5
ORD_1401;PROD_20;5;2
ORD_1401;PROD_30;6;5
ORD_1402;PROD_17;7;4
ORD_1402;PROD_14;3;5
ORD_1402;PROD_5;7;1
ORD_1402;PROD_12;9;3
ORD_1402;PROD_6;6;4
ORD_1402;PROD_19;1;3
ORD_1402;PROD_26;7;2
ORD_1402;PROD_32;6;5
ORD_1402;PROD_48;5;1
ORD_1403;PROD_21;4;1
ORD_1403;PROD_7;7;5
ORD_1403;PROD_50;7;4
ORD_1403;PROD_11;7;1
ORD_1403;PROD_49;5;5
ORD_1403;PROD_45;9;1
ORD_1403;PROD_18;3;3
ORD_1403;PROD_33;4;4
ORD_1403;PROD_7;7;3
ORD_1403;PROD_44;1;4
ORD_1403;PROD_49;3;3
ORD_1403;PROD_33;4;4
ORD_1403;PROD_49;2;2
ORD_1404;PROD_38;3;3
ORD_1404;PROD_4;3;2
ORD_1404;PROD_37;7;5
ORD_1404;PROD_11;3;1
ORD_1404;PROD_20;7;5
ORD_1404;PROD_10;7;4
ORD_1404;PROD_15;7;1
ORD_1404;PROD_27;6;2
ORD_1404;PROD_44;8;3
ORD_1404;PROD_22;1;1
ORD_1404;PROD_49;6;2
ORD_1404;PROD_41;7;4
ORD_1404;PROD_48;4;2
ORD_1404;PROD_27;4;5
ORD_1405;PROD_2;3;5
ORD_1405;PROD_28;3;2
ORD_1405;PROD_20;5;2
ORD_1405;PROD_29;3;1
ORD_1405;PROD_14;1;4
ORD_1405;PROD_26;8;1
ORD_1405;PROD_27;6;2
ORD_1405;PROD_17;5;5
ORD_1405;PROD_33;6;5
ORD_1406;PROD_25;6;5
ORD_1406;PROD_3;2;3
ORD_1406;PROD_30;1;5
ORD_1406;PROD_17;6;2
ORD_1406;PROD_21;9;4
ORD_1406;PROD_30;4;4
ORD_1406;PROD_36;7;5
ORD_1407;PROD_37;3;4
ORD_1407;PROD_33;9;5
ORD_1407;PROD_13;8;1
ORD_1407;PROD_26;3;3
ORD_1407;PROD_38;7;1
ORD_1407;PROD_29;5;1
ORD_1407;PROD_21;2;3
ORD_1407;PROD_5;5;5
ORD_1407;PROD_34;1;3
ORD_1408;PROD_10;4;4
ORD_1408;PROD_15;2;1
ORD_1408;PROD_40;2;1
ORD_1408;PROD_9;9;2
ORD_1408;PROD_25;1;3
ORD_1408;PROD_46;6;4
ORD_1409;PROD_13;3;1
ORD_1409;PROD_44;1;5
ORD_1409;PROD_43;4;5
ORD_1409;PROD_45;2;5
ORD_1409;PROD_3;4;5
ORD_1409;PROD_42;4;3
ORD_1409;PROD_18;3;3
ORD_1409;PROD_23;1;2
ORD_1409;PROD_16;2;2
ORD_1409;PROD_47;9;1
ORD_1409;PROD_17;7;3
ORD_1409;PROD_28;7;2
ORD_1409;PROD_35;9;4
ORD_1410;PROD_24;8;2
ORD_1410;PROD_5;7;1
ORD_1410;PROD_2;5;1
ORD_1410;PROD_33;9;4
ORD_1410;PROD_40;4;5
ORD_1410;PROD_9;6;2
ORD_1410;PROD_25;8;3
ORD_1410;PROD_46;9;5
ORD_1410;PROD_23;8;3
ORD_1410;PROD_22;9;2
ORD_1410;PROD_41;1;4
ORD_1411;PROD_41;8;3
ORD_1411;PROD_7;6;2
ORD_1411;PROD_41;5;2
ORD_1411;PROD_44;9;1
ORD_1411;PROD_44;6;2
ORD_1411;PROD_7;1;3
ORD_1411;PROD_30;8;4
ORD_1411;PROD_13;4;1
ORD_1411;PROD_27;1;1
ORD_1412;PROD_32;2;5
ORD_1412;PROD_43;7;1
ORD_1412;PROD_40;5;3
ORD_1412;PROD_9;5;5
ORD_1412;PROD_25;3;5
ORD_1412;PROD_46;8;2
ORD_1412;PROD_23;9;2
ORD_1412;PROD_47;8;1
ORD_1413;PROD_38;1;1
ORD_1413;PROD_4;1;2
ORD_1413;PROD_37;9;4
ORD_1413;PROD_11;7;4
ORD_1413;PROD_20;3;4
ORD_1413;PROD_1;8;3
ORD_1413;PROD_39;5;3
ORD_1413;PROD_4;6;4
ORD_1413;PROD_36;9;5
ORD_1413;PROD_6;1;4
ORD_1413;PROD_24;9;5
ORD_1413;PROD_1;6;1
ORD_1413;PROD_35;5;5
ORD_1414;PROD_37;7;3
ORD_1414;PROD_8;7;5
ORD_1414;PROD_17;3;4
ORD_1414;PROD_34;7;1
ORD_1414;PROD_6;4;1
ORD_1414;PROD_45;2;1
ORD_1414;PROD_43;8;5
ORD_1414;PROD_34;1;1
ORD_1414;PROD_48;2;3
ORD_1414;PROD_31;3;4
ORD_1414;PROD_34;7;2
ORD_1414;PROD_14;1;1
ORD_1414;PROD_13;1;2
ORD_1414;PROD_34;4;1
ORD_1415;PROD_39;8;4
ORD_1415;PROD_37;9;1
ORD_1415;PROD_38;4;2
ORD_1415;PROD_23;9;4
ORD_1415;PROD_27;6;5
ORD_1415;PROD_49;5;5
ORD_1415;PROD_41;1;2
ORD_1415;PROD_25;8;4
ORD_1415;PROD_31;8;4
ORD_1415;PROD_15;8;5
ORD_1415;PROD_1;4;2
ORD_1415;PROD_31;1;5
ORD_1415;PROD_24;8;2
ORD_1416;PROD_29;1;3
ORD_1416;PROD_28;7;4
ORD_1416;PROD_6;5;1
ORD_1416;PROD_19;3;5
ORD_1416;PROD_9;3;3
ORD_1417;PROD_2;3;2
ORD_1417;PROD_28;5;3
ORD_1417;PROD_25;5;4
ORD_1417;PROD_21;2;1
ORD_1417;PROD_14;6;4
ORD_1417;PROD_42;9;4
ORD_1417;PROD_11;4;4
ORD_1417;PROD_25;2;2
ORD_1417;PROD_29;3;5
ORD_1417;PROD_13;2;3
ORD_1417;PROD_43;9;2
ORD_1418;PROD_45;7;4
ORD_1418;PROD_29;7;2
ORD_1418;PROD_40;4;4
ORD_1418;PROD_46;3;1
ORD_1418;PROD_7;8;3
ORD_1418;PROD_41;9;2
ORD_1419;PROD_11;1;4
ORD_1419;PROD_25;3;4
ORD_1419;PROD_29;5;3
ORD_1419;PROD_13;3;2
ORD_1419;PROD_36;5;3
ORD_1419;PROD_21;8;1
ORD_1419;PROD_15;9;4
ORD_1419;PROD_39;1;3
ORD_1419;PROD_31;3;2
ORD_1419;PROD_34;5;5
ORD_1420;PROD_12;8;4
ORD_1420;PROD_34;6;5
ORD_1420;PROD_12;3;3
ORD_1420;PROD_39;1;2
ORD_1420;PROD_8;3;1
ORD_1420;PROD_23;7;2
ORD_1421;PROD_40;8;5
ORD_1421;PROD_9;3;5
ORD_1421;PROD_25;3;2
ORD_1421;PROD_46;2;1
ORD_1421;PROD_23;6;3
ORD_1422;PROD_3;1;4
ORD_1422;PROD_38;3;1
ORD_1422;PROD_18;1;1
ORD_1422;PROD_47;4;2
ORD_1422;PROD_40;9;2
ORD_1422;PROD_34;2;1
ORD_1422;PROD_18;8;5
ORD_1422;PROD_28;8;4
ORD_1422;PROD_34;7;1
ORD_1422;PROD_2;7;2
ORD_1422;PROD_48;1;5
ORD_1422;PROD_10;5;5
ORD_1423;PROD_10;1;2
ORD_1423;PROD_15;4;4
ORD_1423;PROD_6;5;2
ORD_1423;PROD_45;2;1
ORD_1423;PROD_43;4;1
ORD_1423;PROD_36;4;4
ORD_1423;PROD_21;2;2
ORD_1423;PROD_15;9;5
ORD_1423;PROD_39;8;1
ORD_1423;PROD_32;1;3
ORD_1423;PROD_25;9;1
ORD_1423;PROD_38;2;1
ORD_1423;PROD_41;9;5
ORD_1423;PROD_6;5;1
ORD_1424;PROD_25;8;4
ORD_1424;PROD_6;8;1
ORD_1424;PROD_35;3;3
ORD_1424;PROD_40;7;3
ORD_1424;PROD_44;7;3
ORD_1424;PROD_9;4;2
ORD_1424;PROD_18;7;2
ORD_1424;PROD_37;2;2
ORD_1424;PROD_43;7;2
ORD_1424;PROD_32;8;2
ORD_1424;PROD_37;8;5
ORD_1424;PROD_39;3;3
ORD_1425;PROD_15;4;4
ORD_1425;PROD_24;1;2
ORD_1425;PROD_46;1;4
ORD_1425;PROD_7;1;5
ORD_1425;PROD_20;4;1
ORD_1425;PROD_49;1;1
ORD_1425;PROD_37;5;1
ORD_1425;PROD_15;3;4
ORD_1425;PROD_47;2;2
ORD_1425;PROD_5;1;1
ORD_1426;PROD_39;3;1
ORD_1426;PROD_37;8;3
ORD_1426;PROD_38;5;3
ORD_1426;PROD_23;3;3
ORD_1426;PROD_38;7;3
ORD_1426;PROD_4;4;1
ORD_1426;PROD_37;2;2
ORD_1426;PROD_11;9;2
ORD_1426;PROD_20;8;2
ORD_1426;PROD_37;1;4
ORD_1426;PROD_8;1;5
ORD_1427;PROD_21;1;3
ORD_1427;PROD_29;2;1
ORD_1427;PROD_8;8;2
ORD_1427;PROD_7;6;2
ORD_1427;PROD_9;1;5
ORD_1428;PROD_35;6;1
ORD_1428;PROD_3;4;1
ORD_1428;PROD_25;7;5
ORD_1428;PROD_8;4;1
ORD_1428;PROD_17;1;2
ORD_1429;PROD_13;8;4
ORD_1429;PROD_40;8;4
ORD_1429;PROD_47;2;2
ORD_1429;PROD_18;2;4
ORD_1429;PROD_16;3;1
ORD_1429;PROD_25;2;3
ORD_1429;PROD_44;4;4
ORD_1429;PROD_15;5;4
ORD_1429;PROD_20;4;3
ORD_1429;PROD_25;2;2
ORD_1429;PROD_37;6;3
ORD_1429;PROD_18;9;2
ORD_1429;PROD_43;5;5
ORD_1429;PROD_10;1;3
ORD_1429;PROD_45;3;3
ORD_1430;PROD_10;8;4
ORD_1430;PROD_15;3;1
ORD_1430;PROD_13;3;1
ORD_1430;PROD_40;3;5
ORD_1430;PROD_47;7;5
ORD_1430;PROD_18;5;4
ORD_1430;PROD_16;8;4
ORD_1430;PROD_36;1;5
ORD_1431;PROD_38;1;5
ORD_1431;PROD_14;8;5
ORD_1431;PROD_12;1;1
ORD_1431;PROD_22;2;4
ORD_1431;PROD_29;7;5
ORD_1431;PROD_26;4;3
ORD_1431;PROD_35;4;1
ORD_1431;PROD_16;1;2
ORD_1431;PROD_18;1;1
ORD_1432;PROD_2;3;1
ORD_1432;PROD_28;6;2
ORD_1432;PROD_7;6;4
ORD_1432;PROD_27;9;3
ORD_1432;PROD_49;3;4
ORD_1432;PROD_38;9;3
ORD_1432;PROD_4;1;1
ORD_1432;PROD_37;4;5
ORD_1432;PROD_11;1;2
ORD_1432;PROD_20;8;5
ORD_1432;PROD_22;8;1
ORD_1432;PROD_26;3;4
ORD_1432;PROD_34;9;2
ORD_1432;PROD_16;1;2
ORD_1433;PROD_21;1;1
ORD_1433;PROD_10;6;5
ORD_1433;PROD_10;2;2
ORD_1433;PROD_30;1;3
ORD_1433;PROD_4;6;4
ORD_1434;PROD_39;7;2
ORD_1434;PROD_37;8;3
ORD_1434;PROD_38;8;4
ORD_1434;PROD_23;1;5
ORD_1434;PROD_13;2;4
ORD_1434;PROD_44;7;4
ORD_1435;PROD_49;2;2
ORD_1435;PROD_38;6;1
ORD_1435;PROD_27;3;2
ORD_1435;PROD_45;9;1
ORD_1435;PROD_33;7;3
ORD_1436;PROD_10;5;4
ORD_1436;PROD_29;1;2
ORD_1436;PROD_34;8;1
ORD_1436;PROD_12;7;4
ORD_1436;PROD_21;2;3
ORD_1436;PROD_11;4;4
ORD_1436;PROD_17;3;2
ORD_1436;PROD_45;8;2
ORD_1436;PROD_49;7;4
ORD_1436;PROD_23;6;1
ORD_1436;PROD_13;1;1
ORD_1436;PROD_49;5;2
ORD_1436;PROD_48;1;5
ORD_1437;PROD_8;6;2
ORD_1437;PROD_30;2;5
ORD_1437;PROD_2;6;5
ORD_1437;PROD_6;6;4
ORD_1437;PROD_16;2;4
ORD_1438;PROD_7;4;5
ORD_1438;PROD_27;5;4
ORD_1438;PROD_49;2;1
ORD_1438;PROD_38;5;5
ORD_1438;PROD_4;5;3
ORD_1438;PROD_37;9;1
ORD_1439;PROD_24;3;2
ORD_1439;PROD_5;4;1
ORD_1439;PROD_2;9;5
ORD_1439;PROD_33;6;4
ORD_1439;PROD_32;9;4
ORD_1439;PROD_43;8;1
ORD_1439;PROD_47;4;1
ORD_1439;PROD_50;5;3
ORD_1439;PROD_13;9;5
ORD_1439;PROD_3;6;1
ORD_1439;PROD_9;2;2
ORD_1439;PROD_14;8;4
ORD_1439;PROD_7;8;2
ORD_1440;PROD_9;8;2
ORD_1440;PROD_17;5;2
ORD_1440;PROD_37;2;1
ORD_1440;PROD_49;4;1
ORD_1440;PROD_35;6;5
ORD_1440;PROD_21;6;3
ORD_1440;PROD_38;7;3
ORD_1440;PROD_12;8;5
ORD_1440;PROD_21;5;1
ORD_1440;PROD_24;6;4
ORD_1440;PROD_2;7;4
ORD_1440;PROD_33;5;2
ORD_1440;PROD_24;4;2
ORD_1441;PROD_25;8;1
ORD_1441;PROD_21;2;4
ORD_1441;PROD_14;9;4
ORD_1441;PROD_42;4;4
ORD_1441;PROD_11;3;2
ORD_1441;PROD_25;5;2
ORD_1441;PROD_29;8;3
ORD_1441;PROD_13;4;3
ORD_1441;PROD_22;5;3
ORD_1442;PROD_38;3;4
ORD_1442;PROD_4;4;3
ORD_1442;PROD_37;3;4
ORD_1442;PROD_11;7;5
ORD_1442;PROD_20;5;4
ORD_1442;PROD_40;3;4
ORD_1442;PROD_40;5;3
ORD_1442;PROD_3;2;4
ORD_1442;PROD_10;4;1
ORD_1442;PROD_11;1;2
ORD_1442;PROD_35;7;2
ORD_1442;PROD_24;6;1
ORD_1443;PROD_23;9;2
ORD_1443;PROD_19;8;1
ORD_1443;PROD_38;5;2
ORD_1443;PROD_20;4;1
ORD_1443;PROD_18;7;3
ORD_1443;PROD_6;6;1
ORD_1443;PROD_45;2;1
ORD_1444;PROD_32;5;5
ORD_1444;PROD_21;8;2
ORD_1444;PROD_39;8;5
ORD_1444;PROD_45;3;3
ORD_1444;PROD_14;6;2
ORD_1444;PROD_44;5;1
ORD_1444;PROD_13;4;3
ORD_1444;PROD_32;8;2
ORD_1444;PROD_23;4;5
ORD_1444;PROD_49;9;5
ORD_1444;PROD_39;2;2
ORD_1444;PROD_23;4;1
ORD_1445;PROD_35;3;1
ORD_1445;PROD_36;5;1
ORD_1445;PROD_23;4;3
ORD_1445;PROD_33;7;5
ORD_1445;PROD_7;8;4
ORD_1445;PROD_29;2;3
ORD_1445;PROD_13;9;5
ORD_1445;PROD_47;9;2
ORD_1445;PROD_36;3;5
ORD_1446;PROD_47;1;3
ORD_1446;PROD_33;8;3
ORD_1446;PROD_38;4;2
ORD_1446;PROD_43;6;1
ORD_1446;PROD_43;7;4
ORD_1446;PROD_21;7;4
ORD_1446;PROD_27;2;3
ORD_1446;PROD_7;7;1
ORD_1446;PROD_19;8;1
ORD_1447;PROD_49;8;2
ORD_1447;PROD_38;7;1
ORD_1447;PROD_27;8;5
ORD_1447;PROD_45;9;5
ORD_1447;PROD_33;9;4
ORD_1447;PROD_23;1;1
ORD_1447;PROD_19;5;1
ORD_1447;PROD_38;3;3
ORD_1447;PROD_5;7;3
ORD_1448;PROD_13;6;1
ORD_1448;PROD_40;5;5
ORD_1448;PROD_47;2;2
ORD_1448;PROD_18;4;3
ORD_1448;PROD_16;5;4
ORD_1448;PROD_2;3;5
ORD_1448;PROD_28;7;4
ORD_1448;PROD_29;7;3
ORD_1448;PROD_23;1;3
ORD_1449;PROD_19;4;3
ORD_1449;PROD_21;1;5
ORD_1449;PROD_26;5;4
ORD_1449;PROD_16;5;2
ORD_1449;PROD_32;7;1
ORD_1449;PROD_22;1;3
ORD_1449;PROD_22;3;1
ORD_1449;PROD_43;5;4
ORD_1449;PROD_44;7;3
ORD_1449;PROD_16;4;3
ORD_1449;PROD_12;8;1
ORD_1449;PROD_14;1;2
ORD_1449;PROD_46;4;3
ORD_1449;PROD_21;9;2
ORD_1450;PROD_3;5;5
ORD_1450;PROD_22;4;3
ORD_1450;PROD_48;4;3
ORD_1450;PROD_2;4;5
ORD_1450;PROD_48;5;3
ORD_1450;PROD_28;1;5
ORD_1450;PROD_1;5;2
ORD_1450;PROD_2;4;5
ORD_1450;PROD_28;6;2
ORD_1450;PROD_2;4;3
ORD_1450;PROD_22;8;1
ORD_1450;PROD_19;3;3
ORD_1450;PROD_24;2;1
ORD_1451;PROD_20;7;5
ORD_1451;PROD_25;2;5
ORD_1451;PROD_13;6;2
ORD_1451;PROD_25;1;2
ORD_1451;PROD_21;3;3
ORD_1451;PROD_14;6;3
ORD_1451;PROD_42;1;3
ORD_1451;PROD_37;8;5
ORD_1452;PROD_1;8;2
ORD_1452;PROD_11;2;2
ORD_1452;PROD_38;1;4
ORD_1452;PROD_50;3;5
ORD_1452;PROD_5;8;1
ORD_1452;PROD_1;8;5
ORD_1453;PROD_24;4;4
ORD_1453;PROD_41;2;5
ORD_1453;PROD_38;6;1
ORD_1453;PROD_36;5;3
ORD_1453;PROD_3;1;1
ORD_1453;PROD_36;2;5
ORD_1453;PROD_24;3;2
ORD_1453;PROD_37;2;3
ORD_1454;PROD_23;3;3
ORD_1454;PROD_19;5;4
ORD_1454;PROD_38;5;4
ORD_1454;PROD_38;5;2
ORD_1454;PROD_4;5;3
ORD_1454;PROD_37;2;1
ORD_1454;PROD_11;9;3
ORD_1454;PROD_20;9;1
ORD_1454;PROD_21;6;3
ORD_1454;PROD_29;9;1
ORD_1454;PROD_41;5;1
ORD_1454;PROD_30;6;3
ORD_1454;PROD_39;3;4
ORD_1454;PROD_2;1;4
ORD_1454;PROD_7;2;3
ORD_1455;PROD_49;1;5
ORD_1455;PROD_38;9;1
ORD_1455;PROD_27;7;1
ORD_1455;PROD_45;8;2
ORD_1455;PROD_33;3;2
ORD_1455;PROD_49;3;3
ORD_1455;PROD_38;4;1
ORD_1455;PROD_27;3;1
ORD_1455;PROD_45;4;5
ORD_1455;PROD_33;7;2
ORD_1455;PROD_36;3;3
ORD_1455;PROD_21;6;3
ORD_1455;PROD_15;2;5
ORD_1456;PROD_20;7;5
ORD_1456;PROD_25;7;1
ORD_1456;PROD_13;3;4
ORD_1456;PROD_20;6;4
ORD_1456;PROD_18;1;4
ORD_1456;PROD_14;1;5
ORD_1456;PROD_12;2;2
ORD_1456;PROD_48;9;3
ORD_1456;PROD_39;1;4
ORD_1457;PROD_13;1;2
ORD_1457;PROD_44;4;2
ORD_1457;PROD_43;9;3
ORD_1457;PROD_45;8;2
ORD_1457;PROD_23;4;3
ORD_1457;PROD_19;8;3
ORD_1457;PROD_38;8;4
ORD_1457;PROD_7;4;2
ORD_1457;PROD_27;7;2
ORD_1457;PROD_49;9;4
ORD_1458;PROD_20;9;1
ORD_1458;PROD_18;6;4
ORD_1458;PROD_49;1;3
ORD_1458;PROD_38;3;3
ORD_1458;PROD_27;5;1
ORD_1458;PROD_45;2;5
ORD_1458;PROD_33;5;4
ORD_1458;PROD_8;4;1
ORD_1458;PROD_48;9;5
ORD_1458;PROD_38;7;5
ORD_1458;PROD_5;4;3
ORD_1459;PROD_49;7;4
ORD_1459;PROD_22;3;5
ORD_1459;PROD_16;8;2
ORD_1459;PROD_34;9;5
ORD_1459;PROD_27;9;2
ORD_1459;PROD_3;9;1
ORD_1459;PROD_25;5;2
ORD_1459;PROD_45;1;5
ORD_1459;PROD_11;5;2
ORD_1460;PROD_11;6;1
ORD_1460;PROD_45;6;3
ORD_1460;PROD_8;5;4
ORD_1460;PROD_42;7;4
ORD_1460;PROD_36;9;3
ORD_1461;PROD_38;6;1
ORD_1461;PROD_4;6;5
ORD_1461;PROD_37;7;2
ORD_1461;PROD_11;9;3
ORD_1461;PROD_20;4;3
ORD_1461;PROD_49;2;2
ORD_1461;PROD_38;9;4
ORD_1461;PROD_27;3;3
ORD_1461;PROD_45;8;2
ORD_1461;PROD_33;3;4
ORD_1461;PROD_20;1;3
ORD_1461;PROD_7;6;3
ORD_1462;PROD_1;9;3
ORD_1462;PROD_18;4;3
ORD_1462;PROD_29;5;3
ORD_1462;PROD_13;9;4
ORD_1462;PROD_49;1;3
ORD_1462;PROD_10;5;2
ORD_1462;PROD_43;1;3
ORD_1462;PROD_43;2;2
ORD_1462;PROD_28;4;2
ORD_1462;PROD_8;3;5
ORD_1463;PROD_43;1;4
ORD_1463;PROD_13;6;5
ORD_1463;PROD_40;6;1
ORD_1463;PROD_43;5;4
ORD_1463;PROD_44;7;3
ORD_1463;PROD_29;9;4
ORD_1463;PROD_36;2;1
ORD_1463;PROD_38;2;1
ORD_1463;PROD_45;8;5
ORD_1463;PROD_22;3;1
ORD_1463;PROD_44;7;2
ORD_1463;PROD_12;3;3
ORD_1463;PROD_20;1;3
ORD_1463;PROD_22;6;5
ORD_1464;PROD_24;4;2
ORD_1464;PROD_5;9;3
ORD_1464;PROD_2;7;4
ORD_1464;PROD_33;9;3
ORD_1464;PROD_13;1;3
ORD_1464;PROD_40;7;4
ORD_1464;PROD_47;5;4
ORD_1464;PROD_18;4;2
ORD_1464;PROD_16;6;2
ORD_1465;PROD_30;2;1
ORD_1465;PROD_48;6;1
ORD_1465;PROD_43;5;5
ORD_1465;PROD_11;9;3
ORD_1465;PROD_41;6;1
ORD_1465;PROD_28;4;5
ORD_1465;PROD_17;6;5
ORD_1465;PROD_44;2;4
ORD_1465;PROD_5;6;1
ORD_1465;PROD_35;9;2
ORD_1465;PROD_46;2;2
ORD_1465;PROD_21;6;5
ORD_1465;PROD_33;3;1
ORD_1466;PROD_4;6;1
ORD_1466;PROD_13;4;4
ORD_1466;PROD_31;5;4
ORD_1466;PROD_19;7;4
ORD_1466;PROD_34;5;5
ORD_1466;PROD_50;9;5
ORD_1466;PROD_12;9;4
ORD_1466;PROD_21;2;2
ORD_1466;PROD_23;6;1
ORD_1466;PROD_23;9;3
ORD_1466;PROD_23;8;4
ORD_1466;PROD_4;2;1
ORD_1466;PROD_50;4;1
ORD_1466;PROD_32;1;1
ORD_1467;PROD_20;8;5
ORD_1467;PROD_25;3;5
ORD_1467;PROD_13;1;4
ORD_1467;PROD_40;5;2
ORD_1467;PROD_9;8;3
ORD_1467;PROD_25;7;2
ORD_1467;PROD_46;8;3
ORD_1467;PROD_23;7;3
ORD_1467;PROD_21;4;2
ORD_1467;PROD_43;7;5
ORD_1467;PROD_10;7;3
ORD_1467;PROD_46;1;3
ORD_1467;PROD_13;5;4
ORD_1468;PROD_16;7;1
ORD_1468;PROD_20;1;2
ORD_1468;PROD_36;2;5
ORD_1468;PROD_27;9;4
ORD_1468;PROD_10;8;5
ORD_1468;PROD_34;6;5
ORD_1468;PROD_9;7;2
ORD_1468;PROD_48;6;5
ORD_1468;PROD_30;5;2
ORD_1468;PROD_12;7;5
ORD_1468;PROD_14;4;5
ORD_1468;PROD_8;2;3
ORD_1468;PROD_10;2;2
ORD_1468;PROD_11;7;2
ORD_1468;PROD_8;5;5
ORD_1469;PROD_19;5;2
ORD_1469;PROD_1;1;1
ORD_1469;PROD_44;2;1
ORD_1469;PROD_18;2;5
ORD_1469;PROD_25;5;1
ORD_1470;PROD_8;8;5
ORD_1470;PROD_33;9;1
ORD_1470;PROD_31;6;3
ORD_1470;PROD_21;6;1
ORD_1470;PROD_43;7;4
ORD_1470;PROD_24;3;2
ORD_1470;PROD_8;5;2
ORD_1470;PROD_4;9;4
ORD_1470;PROD_1;3;1
ORD_1470;PROD_50;8;5
ORD_1471;PROD_30;1;1
ORD_1471;PROD_19;7;2
ORD_1471;PROD_13;5;3
ORD_1471;PROD_32;8;2
ORD_1471;PROD_50;8;5
ORD_1471;PROD_14;8;3
ORD_1471;PROD_5;4;1
ORD_1471;PROD_30;1;2
ORD_1471;PROD_44;4;4
ORD_1471;PROD_26;2;4
ORD_1471;PROD_18;2;2
ORD_1471;PROD_26;7;2
ORD_1472;PROD_21;8;4
ORD_1472;PROD_24;1;2
ORD_1472;PROD_49;2;2
ORD_1472;PROD_43;5;5
ORD_1472;PROD_16;3;5
ORD_1472;PROD_17;7;2
ORD_1472;PROD_1;3;3
ORD_1472;PROD_49;7;1
ORD_1473;PROD_18;3;3
ORD_1473;PROD_44;3;2
ORD_1473;PROD_28;8;5
ORD_1473;PROD_22;8;1
ORD_1473;PROD_21;4;4
ORD_1473;PROD_46;8;2
ORD_1474;PROD_39;8;4
ORD_1474;PROD_37;6;3
ORD_1474;PROD_38;5;3
ORD_1474;PROD_23;3;5
ORD_1474;PROD_42;5;5
ORD_1474;PROD_37;2;5
ORD_1474;PROD_45;1;1
ORD_1474;PROD_5;9;2
ORD_1474;PROD_43;7;4
ORD_1474;PROD_11;4;2
ORD_1475;PROD_40;5;1
ORD_1475;PROD_9;2;5
ORD_1475;PROD_25;2;2
ORD_1475;PROD_46;7;2
ORD_1475;PROD_23;9;1
ORD_1475;PROD_11;6;1
ORD_1475;PROD_30;1;3
ORD_1475;PROD_30;5;1
ORD_1475;PROD_45;3;2
ORD_1475;PROD_24;7;3
ORD_1475;PROD_12;8;4
ORD_1476;PROD_20;1;1
ORD_1476;PROD_25;6;1
ORD_1476;PROD_13;6;5
ORD_1476;PROD_47;7;5
ORD_1476;PROD_33;9;2
ORD_1476;PROD_38;7;2
ORD_1476;PROD_23;1;5
ORD_1476;PROD_19;1;1
ORD_1476;PROD_38;1;4
ORD_1476;PROD_24;7;5
ORD_1477;PROD_20;3;1
ORD_1477;PROD_25;3;3
ORD_1477;PROD_13;1;5
ORD_1477;PROD_49;7;1
ORD_1477;PROD_38;1;4
ORD_1477;PROD_27;1;4
ORD_1477;PROD_45;6;4
ORD_1477;PROD_33;1;4
ORD_1477;PROD_20;3;1
ORD_1478;PROD_6;9;4
ORD_1478;PROD_45;4;2
ORD_1478;PROD_43;3;1
ORD_1478;PROD_13;3;1
ORD_1478;PROD_44;2;5
ORD_1478;PROD_43;9;2
ORD_1478;PROD_45;6;5
ORD_1478;PROD_32;9;4
ORD_1478;PROD_43;4;5
ORD_1478;PROD_45;6;2
ORD_1478;PROD_29;3;1
ORD_1478;PROD_41;3;4
ORD_1478;PROD_42;1;1
ORD_1479;PROD_35;5;5
ORD_1479;PROD_17;5;1
ORD_1479;PROD_47;6;3
ORD_1479;PROD_41;1;5
ORD_1479;PROD_42;6;3
ORD_1479;PROD_43;9;5
ORD_1479;PROD_23;4;5
ORD_1480;PROD_36;8;4
ORD_1480;PROD_21;6;5
ORD_1480;PROD_15;2;3
ORD_1480;PROD_39;3;2
ORD_1480;PROD_13;2;2
ORD_1480;PROD_44;2;1
ORD_1480;PROD_43;8;1
ORD_1480;PROD_45;9;2
ORD_1480;PROD_2;1;4
ORD_1481;PROD_36;8;1
ORD_1481;PROD_21;8;2
ORD_1481;PROD_15;9;3
ORD_1481;PROD_39;3;4
ORD_1481;PROD_47;5;3
ORD_1481;PROD_33;8;4
ORD_1481;PROD_38;5;5
ORD_1481;PROD_39;5;4
ORD_1481;PROD_37;2;5
ORD_1481;PROD_38;6;4
ORD_1481;PROD_23;2;1
ORD_1481;PROD_41;7;1
ORD_1481;PROD_50;5;5
ORD_1481;PROD_28;1;1
ORD_1482;PROD_23;9;5
ORD_1482;PROD_19;3;1
ORD_1482;PROD_38;6;1
ORD_1482;PROD_10;3;5
ORD_1482;PROD_43;7;4
ORD_1483;PROD_13;3;5
ORD_1483;PROD_40;2;3
ORD_1483;PROD_47;5;1
ORD_1483;PROD_18;2;2
ORD_1483;PROD_16;2;4
ORD_1483;PROD_36;7;5
ORD_1483;PROD_21;6;5
ORD_1483;PROD_15;6;1
ORD_1483;PROD_39;2;2
ORD_1483;PROD_20;9;2
ORD_1483;PROD_18;1;3
ORD_1483;PROD_47;2;4
ORD_1483;PROD_26;4;4
ORD_1483;PROD_3;8;4
ORD_1484;PROD_46;8;3
ORD_1484;PROD_19;9;4
ORD_1484;PROD_41;7;4
ORD_1484;PROD_4;6;2
ORD_1484;PROD_41;6;4
ORD_1484;PROD_32;5;5
ORD_1484;PROD_17;3;1
ORD_1484;PROD_43;2;5
ORD_1484;PROD_6;9;4
ORD_1484;PROD_17;3;3
ORD_1484;PROD_30;3;4
ORD_1484;PROD_38;9;4
ORD_1484;PROD_11;9;2
ORD_1485;PROD_40;1;5
ORD_1485;PROD_9;4;5
ORD_1485;PROD_25;1;4
ORD_1485;PROD_46;6;3
ORD_1485;PROD_23;5;4
ORD_1485;PROD_47;9;1
ORD_1485;PROD_33;7;5
ORD_1485;PROD_38;4;1
ORD_1485;PROD_7;2;2
ORD_1485;PROD_27;6;5
ORD_1486;PROD_24;1;5
ORD_1486;PROD_39;7;3
ORD_1486;PROD_47;2;5
ORD_1486;PROD_31;2;4
ORD_1486;PROD_20;2;4
ORD_1486;PROD_29;4;3
ORD_1486;PROD_21;3;4
ORD_1487;PROD_27;4;4
ORD_1487;PROD_3;6;4
ORD_1487;PROD_2;4;2
ORD_1487;PROD_4;2;1
ORD_1487;PROD_1;8;1
ORD_1487;PROD_13;9;4
ORD_1487;PROD_26;9;5
ORD_1487;PROD_25;1;4
ORD_1487;PROD_28;9;4
ORD_1487;PROD_36;6;2
ORD_1487;PROD_36;1;4
ORD_1487;PROD_30;7;4
ORD_1487;PROD_31;1;3
ORD_1487;PROD_27;9;2
ORD_1487;PROD_42;1;5
ORD_1488;PROD_30;9;3
ORD_1488;PROD_36;7;4
ORD_1488;PROD_16;6;5
ORD_1488;PROD_33;7;2
ORD_1488;PROD_43;6;5
ORD_1488;PROD_33;7;3
ORD_1488;PROD_16;7;1
ORD_1488;PROD_32;9;5
ORD_1489;PROD_37;2;4
ORD_1489;PROD_8;4;5
ORD_1489;PROD_17;7;1
ORD_1489;PROD_34;5;5
ORD_1489;PROD_13;4;3
ORD_1489;PROD_40;9;2
ORD_1489;PROD_47;4;4
ORD_1489;PROD_18;1;1
ORD_1489;PROD_16;4;2
ORD_1489;PROD_2;9;4
ORD_1489;PROD_28;9;1
ORD_1489;PROD_11;9;3
ORD_1489;PROD_48;7;2
ORD_1490;PROD_13;1;5
ORD_1490;PROD_40;6;4
ORD_1490;PROD_47;9;1
ORD_1490;PROD_18;3;1
ORD_1490;PROD_16;2;5
ORD_1490;PROD_13;3;2
ORD_1490;PROD_40;5;2
ORD_1490;PROD_47;9;1
ORD_1490;PROD_18;7;2
ORD_1490;PROD_16;9;2
ORD_1490;PROD_10;8;4
ORD_1490;PROD_26;3;1
ORD_1490;PROD_40;7;5
ORD_1490;PROD_39;6;1
ORD_1491;PROD_39;6;5
ORD_1491;PROD_37;2;4
ORD_1491;PROD_38;7;1
ORD_1491;PROD_23;7;3
ORD_1491;PROD_13;1;3
ORD_1491;PROD_44;6;5
ORD_1491;PROD_43;4;1
ORD_1491;PROD_45;7;4
ORD_1491;PROD_32;3;1
ORD_1491;PROD_43;6;2
ORD_1491;PROD_47;5;5
ORD_1492;PROD_31;5;2
ORD_1492;PROD_24;9;2
ORD_1492;PROD_41;1;4
ORD_1492;PROD_40;8;4
ORD_1492;PROD_4;1;4
ORD_1492;PROD_32;2;2
ORD_1492;PROD_33;9;2
ORD_1492;PROD_46;5;3
ORD_1492;PROD_45;9;3
ORD_1492;PROD_1;2;1
ORD_1493;PROD_13;1;4
ORD_1493;PROD_44;3;5
ORD_1493;PROD_43;8;2
ORD_1493;PROD_45;8;2
ORD_1493;PROD_13;3;2
ORD_1493;PROD_40;9;5
ORD_1493;PROD_47;1;2
ORD_1493;PROD_18;3;5
ORD_1493;PROD_16;4;2
ORD_1493;PROD_49;9;1
ORD_1493;PROD_38;2;5
ORD_1493;PROD_27;4;2
ORD_1494;PROD_10;3;3
ORD_1494;PROD_30;4;1
ORD_1494;PROD_11;2;2
ORD_1494;PROD_24;5;3
ORD_1494;PROD_25;5;3
ORD_1495;PROD_2;4;1
ORD_1495;PROD_28;2;2
ORD_1495;PROD_31;8;4
ORD_1495;PROD_43;7;4
ORD_1495;PROD_50;7;2
ORD_1495;PROD_12;8;5
ORD_1495;PROD_30;3;1
ORD_1495;PROD_27;2;4
ORD_1495;PROD_9;3;4
ORD_1495;PROD_4;6;2
ORD_1495;PROD_50;1;5
ORD_1495;PROD_11;6;4
ORD_1495;PROD_20;1;2
ORD_1496;PROD_20;6;5
ORD_1496;PROD_18;4;2
ORD_1496;PROD_25;1;5
ORD_1496;PROD_21;4;2
ORD_1496;PROD_14;4;4
ORD_1496;PROD_42;5;1
ORD_1496;PROD_20;7;5
ORD_1496;PROD_25;9;4
ORD_1496;PROD_13;8;4
ORD_1496;PROD_22;9;1
ORD_1496;PROD_32;3;5
ORD_1496;PROD_25;1;4
ORD_1497;PROD_30;9;2
ORD_1497;PROD_30;7;4
ORD_1497;PROD_33;5;5
ORD_1497;PROD_36;4;4
ORD_1497;PROD_7;7;2
ORD_1498;PROD_47;1;2
ORD_1498;PROD_33;6;2
ORD_1498;PROD_38;1;4
ORD_1498;PROD_25;5;1
ORD_1498;PROD_18;3;5
ORD_1498;PROD_41;4;1
ORD_1498;PROD_16;7;2
ORD_1498;PROD_12;4;3
ORD_1498;PROD_3;6;5
ORD_1498;PROD_45;9;3
ORD_1498;PROD_10;4;2
ORD_1498;PROD_6;9;1
ORD_1498;PROD_33;4;2
ORD_1498;PROD_24;2;4
ORD_1499;PROD_42;2;3
ORD_1499;PROD_38;5;3
ORD_1499;PROD_18;6;1
ORD_1499;PROD_40;8;2
ORD_1499;PROD_41;4;5
ORD_1499;PROD_12;3;1
ORD_1499;PROD_38;4;1
ORD_1499;PROD_19;9;5
ORD_1499;PROD_4;8;5
ORD_1499;PROD_32;8;1
ORD_1499;PROD_2;8;5
ORD_1499;PROD_2;3;3
ORD_1499;PROD_48;2;2
ORD_1499;PROD_41;8;1
ORD_1500;PROD_19;5;3
ORD_1500;PROD_50;1;4
ORD_1500;PROD_43;1;2
ORD_1500;PROD_12;2;2
ORD_1500;PROD_46;3;4
ORD_1500;PROD_6;3;5
ORD_1500;PROD_2;4;4
ORD_1501;PROD_24;9;2
ORD_1501;PROD_7;2;1
ORD_1501;PROD_27;2;4
ORD_1501;PROD_25;7;3
ORD_1501;PROD_10;5;5
ORD_1501;PROD_49;7;4
ORD_1501;PROD_30;3;1
ORD_1502;PROD_20;6;2
ORD_1502;PROD_18;6;5
ORD_1502;PROD_36;1;1
ORD_1502;PROD_21;5;1
ORD_1502;PROD_15;6;3
ORD_1502;PROD_39;8;1
ORD_1502;PROD_13;9;3
ORD_1502;PROD_40;8;5
ORD_1502;PROD_47;7;2
ORD_1502;PROD_18;7;4
ORD_1502;PROD_16;5;1
ORD_1502;PROD_16;3;4
ORD_1502;PROD_40;2;3
ORD_1502;PROD_49;3;4
ORD_1502;PROD_12;6;1
ORD_1503;PROD_36;8;5
ORD_1503;PROD_21;5;1
ORD_1503;PROD_15;6;2
ORD_1503;PROD_39;3;5
ORD_1503;PROD_24;6;3
ORD_1503;PROD_5;3;1
ORD_1504;PROD_40;4;2
ORD_1504;PROD_9;9;4
ORD_1504;PROD_25;1;2
ORD_1504;PROD_46;6;4
ORD_1504;PROD_23;6;2
ORD_1504;PROD_40;4;3
ORD_1504;PROD_9;5;4
ORD_1504;PROD_25;7;2
ORD_1504;PROD_46;8;4
ORD_1504;PROD_23;2;2
ORD_1504;PROD_19;9;2
ORD_1505;PROD_40;3;5
ORD_1505;PROD_6;5;3
ORD_1505;PROD_9;4;4
ORD_1505;PROD_1;6;1
ORD_1505;PROD_28;7;2
ORD_1505;PROD_42;4;1
ORD_1505;PROD_12;7;4
ORD_1505;PROD_3;9;5
ORD_1505;PROD_22;8;2
ORD_1505;PROD_9;9;4
ORD_1505;PROD_25;8;1
ORD_1506;PROD_8;1;5
ORD_1506;PROD_11;5;4
ORD_1506;PROD_4;2;5
ORD_1506;PROD_6;6;1
ORD_1506;PROD_35;4;2
ORD_1506;PROD_24;2;3
ORD_1506;PROD_18;7;2
ORD_1506;PROD_40;2;2
ORD_1506;PROD_22;3;4
ORD_1506;PROD_1;8;1
ORD_1506;PROD_41;3;1
ORD_1507;PROD_41;3;5
ORD_1507;PROD_41;5;4
ORD_1507;PROD_25;9;1
ORD_1507;PROD_33;3;2
ORD_1507;PROD_8;7;5
ORD_1507;PROD_4;9;4
ORD_1508;PROD_38;9;5
ORD_1508;PROD_4;2;1
ORD_1508;PROD_37;8;3
ORD_1508;PROD_11;9;3
ORD_1508;PROD_20;6;3
ORD_1508;PROD_20;4;1
ORD_1509;PROD_43;9;4
ORD_1509;PROD_24;5;3
ORD_1509;PROD_11;9;5
ORD_1509;PROD_25;4;3
ORD_1509;PROD_14;1;4
ORD_1509;PROD_44;1;5
ORD_1509;PROD_1;6;5
ORD_1510;PROD_29;9;1
ORD_1510;PROD_14;1;5
ORD_1510;PROD_5;4;5
ORD_1510;PROD_45;8;4
ORD_1510;PROD_1;5;2
ORD_1510;PROD_6;2;3
ORD_1510;PROD_37;6;5
ORD_1510;PROD_46;8;4
ORD_1510;PROD_10;1;2
ORD_1510;PROD_41;8;5
ORD_1510;PROD_39;2;3
ORD_1511;PROD_38;7;2
ORD_1511;PROD_4;9;3
ORD_1511;PROD_37;1;3
ORD_1511;PROD_11;8;3
ORD_1511;PROD_20;7;4
ORD_1512;PROD_37;4;4
ORD_1512;PROD_8;5;4
ORD_1512;PROD_17;9;5
ORD_1512;PROD_34;5;2
ORD_1512;PROD_38;3;3
ORD_1512;PROD_4;2;1
ORD_1512;PROD_37;9;1
ORD_1512;PROD_11;6;1
ORD_1512;PROD_20;1;3
ORD_1512;PROD_23;9;2
ORD_1512;PROD_19;5;2
ORD_1512;PROD_38;7;5
ORD_1512;PROD_25;9;4
ORD_1512;PROD_9;5;5
ORD_1513;PROD_42;3;5
ORD_1513;PROD_47;3;2
ORD_1513;PROD_11;6;2
ORD_1513;PROD_5;9;4
ORD_1513;PROD_30;1;4
ORD_1513;PROD_20;1;5
ORD_1513;PROD_33;6;1
ORD_1514;PROD_11;4;2
ORD_1514;PROD_25;5;2
ORD_1514;PROD_29;5;2
ORD_1514;PROD_13;2;2
ORD_1514;PROD_25;3;5
ORD_1515;PROD_23;5;3
ORD_1515;PROD_19;1;1
ORD_1515;PROD_38;7;5
ORD_1515;PROD_10;9;1
ORD_1515;PROD_15;8;1
ORD_1515;PROD_13;9;1
ORD_1515;PROD_40;8;1
ORD_1515;PROD_47;9;3
ORD_1515;PROD_18;9;3
ORD_1515;PROD_16;9;5
ORD_1516;PROD_36;1;2
ORD_1516;PROD_21;1;4
ORD_1516;PROD_15;2;1
ORD_1516;PROD_39;6;2
ORD_1516;PROD_23;2;5
ORD_1516;PROD_39;6;5
ORD_1516;PROD_34;1;4
ORD_1516;PROD_35;4;4
ORD_1517;PROD_38;7;2
ORD_1517;PROD_7;9;3
ORD_1517;PROD_17;5;4
ORD_1517;PROD_24;7;5
ORD_1517;PROD_36;4;4
ORD_1517;PROD_42;8;3
ORD_1517;PROD_8;6;5
ORD_1517;PROD_18;5;2
ORD_1517;PROD_39;2;5
ORD_1517;PROD_9;3;2
ORD_1517;PROD_13;3;4
ORD_1517;PROD_43;6;3
ORD_1517;PROD_29;5;2
ORD_1518;PROD_1;5;1
ORD_1518;PROD_28;7;2
ORD_1518;PROD_27;6;2
ORD_1518;PROD_19;9;4
ORD_1518;PROD_42;3;5
ORD_1518;PROD_24;2;4
ORD_1518;PROD_9;7;5
ORD_1518;PROD_8;6;1
ORD_1519;PROD_14;5;1
ORD_1519;PROD_46;9;2
ORD_1519;PROD_29;1;1
ORD_1519;PROD_35;3;1
ORD_1519;PROD_38;7;4
ORD_1519;PROD_49;2;5
ORD_1519;PROD_31;1;1
ORD_1519;PROD_35;9;5
ORD_1520;PROD_6;1;5
ORD_1520;PROD_45;3;2
ORD_1520;PROD_43;1;5
ORD_1520;PROD_49;5;2
ORD_1520;PROD_38;3;4
ORD_1520;PROD_27;1;4
ORD_1520;PROD_45;9;3
ORD_1521;PROD_49;2;3
ORD_1521;PROD_38;5;5
ORD_1521;PROD_27;6;2
ORD_1521;PROD_45;4;3
ORD_1521;PROD_33;8;1
ORD_1521;PROD_39;1;4
ORD_1521;PROD_37;8;1
ORD_1521;PROD_38;1;3
ORD_1522;PROD_25;6;5
ORD_1522;PROD_48;1;4
ORD_1522;PROD_4;6;3
ORD_1522;PROD_35;8;3
ORD_1522;PROD_3;1;1
ORD_1522;PROD_7;1;3
ORD_1523;PROD_20;8;3
ORD_1523;PROD_25;7;4
ORD_1523;PROD_13;2;2
ORD_1523;PROD_20;7;3
ORD_1523;PROD_25;6;4
ORD_1523;PROD_13;7;1
ORD_1523;PROD_25;7;3
ORD_1523;PROD_21;9;3
ORD_1523;PROD_14;6;2
ORD_1523;PROD_42;4;5
ORD_1523;PROD_40;3;5
ORD_1523;PROD_42;5;4
ORD_1523;PROD_4;5;4
ORD_1523;PROD_27;6;5
ORD_1523;PROD_39;1;3
ORD_1524;PROD_1;9;1
ORD_1524;PROD_44;1;2
ORD_1524;PROD_38;8;1
ORD_1524;PROD_23;5;4
ORD_1524;PROD_40;4;4
ORD_1525;PROD_36;5;5
ORD_1525;PROD_21;9;3
ORD_1525;PROD_15;9;3
ORD_1525;PROD_39;8;5
ORD_1525;PROD_47;8;5
ORD_1526;PROD_36;7;3
ORD_1526;PROD_21;5;2
ORD_1526;PROD_15;3;3
ORD_1526;PROD_39;1;4
ORD_1526;PROD_20;5;1
ORD_1526;PROD_18;2;4
ORD_1527;PROD_10;6;4
ORD_1527;PROD_15;6;5
ORD_1527;PROD_27;5;4
ORD_1527;PROD_42;7;5
ORD_1527;PROD_38;9;2
ORD_1527;PROD_24;2;3
ORD_1527;PROD_28;5;4
ORD_1527;PROD_36;3;3
ORD_1527;PROD_40;9;5
ORD_1527;PROD_45;1;5
ORD_1527;PROD_18;5;1
ORD_1527;PROD_4;4;5
ORD_1527;PROD_49;1;4
ORD_1527;PROD_9;6;3
ORD_1527;PROD_41;7;1
ORD_1528;PROD_13;2;3
ORD_1528;PROD_40;6;3
ORD_1528;PROD_47;7;3
ORD_1528;PROD_18;4;5
ORD_1528;PROD_16;4;3
ORD_1529;PROD_44;6;5
ORD_1529;PROD_37;4;3
ORD_1529;PROD_21;2;5
ORD_1529;PROD_31;6;2
ORD_1529;PROD_44;8;2
ORD_1529;PROD_44;6;3
ORD_1529;PROD_34;6;2
ORD_1530;PROD_38;6;2
ORD_1530;PROD_4;7;2
ORD_1530;PROD_37;2;2
ORD_1530;PROD_11;9;1
ORD_1530;PROD_20;7;2
ORD_1530;PROD_37;1;3
ORD_1530;PROD_8;5;5
ORD_1530;PROD_17;5;2
ORD_1530;PROD_34;6;4
ORD_1530;PROD_21;7;3
ORD_1530;PROD_36;5;3
ORD_1530;PROD_2;7;1
ORD_1530;PROD_20;4;3
ORD_1530;PROD_12;1;3
ORD_1531;PROD_11;7;4
ORD_1531;PROD_4;8;5
ORD_1531;PROD_47;8;2
ORD_1531;PROD_33;6;2
ORD_1531;PROD_39;7;5
ORD_1531;PROD_45;6;2
ORD_1531;PROD_11;5;4
ORD_1532;PROD_13;5;3
ORD_1532;PROD_10;4;2
ORD_1532;PROD_44;2;5
ORD_1532;PROD_5;9;3
ORD_1532;PROD_1;1;1
ORD_1532;PROD_26;2;1
ORD_1532;PROD_11;3;2
ORD_1532;PROD_46;6;2
ORD_1532;PROD_30;3;1
ORD_1532;PROD_13;2;3
ORD_1532;PROD_31;2;4
ORD_1532;PROD_24;5;3
ORD_1532;PROD_41;1;3
ORD_1533;PROD_24;8;5
ORD_1533;PROD_5;2;2
ORD_1533;PROD_2;2;2
ORD_1533;PROD_33;9;3
ORD_1533;PROD_10;2;5
ORD_1534;PROD_20;2;3
ORD_1534;PROD_18;3;3
ORD_1534;PROD_49;8;4
ORD_1534;PROD_38;8;4
ORD_1534;PROD_27;5;4
ORD_1534;PROD_45;2;1
ORD_1535;PROD_12;6;2
ORD_1535;PROD_9;3;3
ORD_1535;PROD_43;9;5
ORD_1535;PROD_21;5;2
ORD_1535;PROD_43;2;4
ORD_1535;PROD_2;4;3
ORD_1535;PROD_12;8;5
ORD_1535;PROD_17;9;5
ORD_1536;PROD_23;6;2
ORD_1536;PROD_19;4;4
ORD_1536;PROD_38;9;3
ORD_1536;PROD_37;1;5
ORD_1536;PROD_8;5;5
ORD_1536;PROD_17;1;1
ORD_1536;PROD_34;1;3
ORD_1537;PROD_32;3;4
ORD_1537;PROD_43;8;5
ORD_1537;PROD_10;2;5
ORD_1537;PROD_15;2;3
ORD_1537;PROD_37;4;5
ORD_1537;PROD_8;1;4
ORD_1537;PROD_17;6;5
ORD_1537;PROD_34;4;1
ORD_1537;PROD_50;3;4
ORD_1537;PROD_35;5;1
ORD_1537;PROD_4;3;3
ORD_1537;PROD_34;9;1
ORD_1537;PROD_20;1;2
ORD_1538;PROD_13;5;1
ORD_1538;PROD_28;2;1
ORD_1538;PROD_47;6;2
ORD_1538;PROD_50;9;5
ORD_1538;PROD_24;4;2
ORD_1538;PROD_22;4;1
ORD_1538;PROD_37;5;2
ORD_1538;PROD_19;3;3
ORD_1538;PROD_20;5;1
ORD_1538;PROD_18;3;4
ORD_1538;PROD_45;4;2
ORD_1538;PROD_34;2;2
ORD_1538;PROD_26;8;2
ORD_1538;PROD_32;1;5
ORD_1539;PROD_7;7;5
ORD_1539;PROD_27;6;3
ORD_1539;PROD_49;4;4
ORD_1539;PROD_11;4;2
ORD_1539;PROD_49;5;1
ORD_1539;PROD_49;7;3
ORD_1540;PROD_6;2;4
ORD_1540;PROD_9;2;5
ORD_1540;PROD_12;4;3
ORD_1540;PROD_13;5;5
ORD_1540;PROD_15;4;3
ORD_1540;PROD_39;4;1
ORD_1540;PROD_20;1;2
ORD_1540;PROD_9;1;1
ORD_1540;PROD_24;4;1
ORD_1540;PROD_2;6;3
ORD_1540;PROD_20;6;2
ORD_1540;PROD_21;3;4
ORD_1540;PROD_25;3;2
ORD_1540;PROD_15;8;3
ORD_1540;PROD_39;6;4
ORD_1541;PROD_25;5;2
ORD_1541;PROD_21;6;1
ORD_1541;PROD_14;9;5
ORD_1541;PROD_42;2;1
ORD_1541;PROD_7;3;1
ORD_1541;PROD_27;7;1
ORD_1542;PROD_33;4;5
ORD_1542;PROD_47;6;2
ORD_1542;PROD_42;3;4
ORD_1542;PROD_8;9;3
ORD_1542;PROD_12;1;2
ORD_1542;PROD_45;8;5
ORD_1542;PROD_5;2;5
ORD_1542;PROD_30;8;5
ORD_1542;PROD_29;6;3
ORD_1542;PROD_44;2;3
ORD_1542;PROD_49;4;5
ORD_1542;PROD_18;2;3
ORD_1542;PROD_33;2;3
ORD_1542;PROD_15;9;4
ORD_1543;PROD_39;6;4
ORD_1543;PROD_37;9;3
ORD_1543;PROD_38;6;1
ORD_1543;PROD_23;4;2
ORD_1543;PROD_4;1;4
ORD_1543;PROD_30;2;1
ORD_1543;PROD_26;5;4
ORD_1543;PROD_35;4;5
ORD_1544;PROD_12;1;3
ORD_1544;PROD_34;3;5
ORD_1544;PROD_15;1;4
ORD_1544;PROD_47;5;5
ORD_1544;PROD_2;3;1
ORD_1544;PROD_25;2;5
ORD_1544;PROD_11;7;5
ORD_1544;PROD_3;1;5
ORD_1544;PROD_48;9;2
ORD_1545;PROD_15;8;1
ORD_1545;PROD_18;5;1
ORD_1545;PROD_6;6;3
ORD_1545;PROD_32;5;1
ORD_1545;PROD_27;6;4
ORD_1545;PROD_16;6;2
ORD_1545;PROD_11;1;4
ORD_1545;PROD_6;8;5
ORD_1545;PROD_16;2;3
ORD_1546;PROD_12;1;5
ORD_1546;PROD_33;2;2
ORD_1546;PROD_4;2;1
ORD_1546;PROD_29;7;4
ORD_1546;PROD_23;2;2
ORD_1546;PROD_7;9;3
ORD_1546;PROD_20;2;5
ORD_1546;PROD_5;4;4
ORD_1546;PROD_34;1;3
ORD_1546;PROD_5;7;5
ORD_1546;PROD_16;8;5
ORD_1546;PROD_14;9;4
ORD_1546;PROD_48;8;3
ORD_1546;PROD_24;4;2
ORD_1546;PROD_35;5;4
ORD_1547;PROD_36;7;3
ORD_1547;PROD_21;9;5
ORD_1547;PROD_15;5;1
ORD_1547;PROD_39;1;5
ORD_1547;PROD_20;3;3
ORD_1547;PROD_18;1;4
ORD_1547;PROD_38;8;3
ORD_1547;PROD_9;9;1
ORD_1547;PROD_10;5;5
ORD_1547;PROD_2;1;4
ORD_1547;PROD_5;4;2
ORD_1547;PROD_7;8;3
ORD_1547;PROD_30;3;2
ORD_1547;PROD_34;8;5
ORD_1547;PROD_33;4;2
ORD_1548;PROD_49;6;3
ORD_1548;PROD_38;4;3
ORD_1548;PROD_27;2;5
ORD_1548;PROD_45;9;3
ORD_1548;PROD_33;7;3
ORD_1548;PROD_36;6;4
ORD_1548;PROD_27;8;2
ORD_1548;PROD_24;3;1
ORD_1548;PROD_33;6;2
ORD_1548;PROD_35;8;5
ORD_1548;PROD_14;6;3
ORD_1549;PROD_47;3;3
ORD_1549;PROD_33;5;5
ORD_1549;PROD_38;6;1
ORD_1549;PROD_10;8;2
ORD_1549;PROD_15;7;4
ORD_1549;PROD_8;7;5
ORD_1549;PROD_14;4;4
ORD_1549;PROD_38;2;1
ORD_1549;PROD_43;3;2
ORD_1549;PROD_45;3;2
ORD_1549;PROD_35;2;2
ORD_1549;PROD_17;1;4
ORD_1550;PROD_2;2;3
ORD_1550;PROD_41;5;5
ORD_1550;PROD_9;4;3
ORD_1550;PROD_28;8;3
ORD_1550;PROD_26;5;3
ORD_1550;PROD_29;1;4
ORD_1551;PROD_20;9;2
ORD_1551;PROD_18;9;2
ORD_1551;PROD_13;8;5
ORD_1551;PROD_44;1;1
ORD_1551;PROD_43;7;4
ORD_1551;PROD_45;8;5
ORD_1551;PROD_43;8;1
ORD_1551;PROD_26;9;1
ORD_1552;PROD_32;8;1
ORD_1552;PROD_43;4;3
ORD_1552;PROD_24;7;5
ORD_1552;PROD_5;2;2
ORD_1552;PROD_2;8;2
ORD_1552;PROD_33;6;1
ORD_1552;PROD_22;6;2
ORD_1552;PROD_18;2;5
ORD_1552;PROD_36;5;3
ORD_1552;PROD_38;4;1
ORD_1552;PROD_50;4;1
ORD_1552;PROD_24;6;2
ORD_1553;PROD_25;6;2
ORD_1553;PROD_34;8;2
ORD_1553;PROD_11;2;5
ORD_1553;PROD_49;9;1
ORD_1553;PROD_22;4;2
ORD_1553;PROD_12;1;2
ORD_1553;PROD_16;9;2
ORD_1553;PROD_33;5;1
ORD_1553;PROD_7;9;3
ORD_1553;PROD_49;9;4
ORD_1554;PROD_7;2;5
ORD_1554;PROD_5;1;2
ORD_1554;PROD_44;8;4
ORD_1554;PROD_31;7;5
ORD_1554;PROD_4;6;1
ORD_1554;PROD_48;1;4
ORD_1554;PROD_45;9;2
ORD_1554;PROD_20;6;3
ORD_1554;PROD_2;9;3
ORD_1554;PROD_16;7;2
ORD_1554;PROD_9;8;2
ORD_1554;PROD_39;9;1
ORD_1555;PROD_47;7;4
ORD_1555;PROD_33;2;1
ORD_1555;PROD_38;9;4
ORD_1555;PROD_23;8;5
ORD_1555;PROD_19;7;2
ORD_1555;PROD_38;9;2
ORD_1555;PROD_11;9;4
ORD_1555;PROD_25;9;1
ORD_1555;PROD_29;5;2
ORD_1555;PROD_13;4;1
ORD_1555;PROD_31;8;3
ORD_1555;PROD_12;2;1
ORD_1555;PROD_32;5;3
ORD_1555;PROD_11;8;5
ORD_1555;PROD_10;8;5
ORD_1556;PROD_39;9;2
ORD_1556;PROD_40;2;2
ORD_1556;PROD_28;5;5
ORD_1556;PROD_23;2;1
ORD_1556;PROD_21;5;3
ORD_1556;PROD_15;2;2
ORD_1556;PROD_25;5;5
ORD_1556;PROD_30;1;2
ORD_1556;PROD_26;4;3
ORD_1556;PROD_43;7;3
ORD_1557;PROD_36;7;5
ORD_1557;PROD_21;3;2
ORD_1557;PROD_15;5;5
ORD_1557;PROD_39;9;1
ORD_1557;PROD_37;7;1
ORD_1557;PROD_20;2;3
ORD_1557;PROD_38;7;2
ORD_1557;PROD_39;8;4
ORD_1557;PROD_9;4;5
ORD_1557;PROD_39;9;2
ORD_1558;PROD_7;9;5
ORD_1558;PROD_27;2;1
ORD_1558;PROD_49;4;3
ORD_1558;PROD_13;8;1
ORD_1558;PROD_44;4;5
ORD_1558;PROD_43;5;4
ORD_1558;PROD_45;6;5
ORD_1558;PROD_49;6;1
ORD_1558;PROD_34;9;4
ORD_1558;PROD_40;2;3
ORD_1558;PROD_10;9;1
ORD_1558;PROD_32;4;1
ORD_1559;PROD_22;5;5
ORD_1559;PROD_3;4;4
ORD_1559;PROD_46;9;2
ORD_1559;PROD_32;8;2
ORD_1559;PROD_21;6;5
ORD_1559;PROD_17;3;4
ORD_1559;PROD_2;2;4
ORD_1559;PROD_20;4;4
ORD_1559;PROD_34;3;4
ORD_1559;PROD_11;7;5
ORD_1559;PROD_6;6;2
ORD_1559;PROD_36;2;3
ORD_1560;PROD_47;5;1
ORD_1560;PROD_33;6;4
ORD_1560;PROD_38;3;3
ORD_1560;PROD_10;5;5
ORD_1560;PROD_15;4;3
ORD_1560;PROD_10;6;2
ORD_1560;PROD_15;7;5
ORD_1560;PROD_32;3;1
ORD_1560;PROD_45;8;2
ORD_1560;PROD_46;8;4
ORD_1560;PROD_46;9;4
ORD_1560;PROD_22;3;5
ORD_1560;PROD_44;1;1
ORD_1560;PROD_45;6;1
ORD_1561;PROD_45;5;4
ORD_1561;PROD_6;6;4
ORD_1561;PROD_31;5;3
ORD_1561;PROD_17;6;4
ORD_1561;PROD_42;2;5
ORD_1562;PROD_39;2;2
ORD_1562;PROD_37;9;5
ORD_1562;PROD_38;3;1
ORD_1562;PROD_23;1;2
ORD_1562;PROD_20;3;4
ORD_1562;PROD_18;9;2
ORD_1562;PROD_39;3;4
ORD_1562;PROD_37;5;3
ORD_1562;PROD_38;7;4
ORD_1562;PROD_23;1;4
ORD_1562;PROD_27;4;5
ORD_1563;PROD_39;6;1
ORD_1563;PROD_28;2;3
ORD_1563;PROD_30;4;5
ORD_1563;PROD_24;7;3
ORD_1563;PROD_24;1;2
ORD_1563;PROD_4;5;5
ORD_1563;PROD_24;9;3
ORD_1563;PROD_46;2;3
ORD_1563;PROD_34;9;3
ORD_1563;PROD_6;3;2
ORD_1563;PROD_27;7;2
ORD_1563;PROD_43;8;1
ORD_1564;PROD_32;3;3
ORD_1564;PROD_43;8;1
ORD_1564;PROD_37;2;3
ORD_1564;PROD_8;8;4
ORD_1564;PROD_17;2;4
ORD_1564;PROD_34;9;3
ORD_1564;PROD_36;7;2
ORD_1565;PROD_9;2;5
ORD_1565;PROD_29;5;3
ORD_1565;PROD_29;5;1
ORD_1565;PROD_25;1;3
ORD_1565;PROD_45;6;5
ORD_1565;PROD_27;1;1
ORD_1566;PROD_39;4;2
ORD_1566;PROD_35;8;2
ORD_1566;PROD_43;4;2
ORD_1566;PROD_25;7;1
ORD_1566;PROD_46;8;2
ORD_1566;PROD_37;8;5
ORD_1566;PROD_10;4;2
ORD_1566;PROD_46;3;4
ORD_1567;PROD_7;5;2
ORD_1567;PROD_22;7;2
ORD_1567;PROD_18;7;3
ORD_1567;PROD_35;4;1
ORD_1567;PROD_11;9;3
ORD_1567;PROD_16;4;4
ORD_1567;PROD_3;6;1
ORD_1567;PROD_22;2;5
ORD_1567;PROD_38;8;3
ORD_1567;PROD_18;3;4
ORD_1567;PROD_30;1;4
ORD_1567;PROD_24;3;2
ORD_1567;PROD_7;9;2
ORD_1567;PROD_19;8;4
ORD_1567;PROD_38;3;1
ORD_1568;PROD_6;4;4
ORD_1568;PROD_45;2;2
ORD_1568;PROD_43;9;2
ORD_1568;PROD_13;8;2
ORD_1568;PROD_40;3;1
ORD_1568;PROD_47;6;5
ORD_1568;PROD_18;7;5
ORD_1568;PROD_16;8;1
ORD_1568;PROD_3;6;5
ORD_1568;PROD_17;5;3
ORD_1568;PROD_7;2;1
ORD_1568;PROD_14;2;2
ORD_1568;PROD_2;4;2
ORD_1568;PROD_17;3;1
ORD_1569;PROD_26;7;4
ORD_1569;PROD_6;6;5
ORD_1569;PROD_21;5;2
ORD_1569;PROD_48;9;2
ORD_1569;PROD_35;4;2
ORD_1569;PROD_9;9;5
ORD_1569;PROD_23;7;2
ORD_1569;PROD_25;7;4
ORD_1570;PROD_44;8;1
ORD_1570;PROD_16;7;5
ORD_1570;PROD_36;5;2
ORD_1570;PROD_31;5;3
ORD_1570;PROD_3;4;3
ORD_1570;PROD_37;2;4
ORD_1570;PROD_44;2;3
ORD_1570;PROD_16;5;3
ORD_1570;PROD_42;5;4
ORD_1570;PROD_33;8;5
ORD_1570;PROD_33;8;4
ORD_1570;PROD_22;3;4
ORD_1571;PROD_13;1;1
ORD_1571;PROD_7;6;3
ORD_1571;PROD_40;8;4
ORD_1571;PROD_33;2;3
ORD_1571;PROD_23;6;2
ORD_1571;PROD_5;9;2
ORD_1571;PROD_46;4;1
ORD_1571;PROD_38;4;3
ORD_1571;PROD_12;9;2
ORD_1571;PROD_46;1;2
ORD_1571;PROD_19;7;4
ORD_1571;PROD_14;1;1
ORD_1571;PROD_2;5;2
ORD_1571;PROD_6;8;3
ORD_1571;PROD_14;2;2
ORD_1572;PROD_7;9;1
ORD_1572;PROD_46;8;4
ORD_1572;PROD_24;8;4
ORD_1572;PROD_1;9;1
ORD_1572;PROD_40;9;4
ORD_1572;PROD_43;1;3
ORD_1572;PROD_1;9;1
ORD_1572;PROD_3;2;5
ORD_1572;PROD_11;4;1
ORD_1572;PROD_13;8;2
ORD_1572;PROD_40;1;4
ORD_1572;PROD_19;6;2
ORD_1572;PROD_33;2;1
ORD_1572;PROD_27;3;1
ORD_1572;PROD_10;3;3
ORD_1573;PROD_44;8;1
ORD_1573;PROD_6;7;5
ORD_1573;PROD_14;4;3
ORD_1573;PROD_4;5;3
ORD_1573;PROD_33;1;4
ORD_1573;PROD_32;1;1
ORD_1573;PROD_17;5;2
ORD_1573;PROD_17;9;1
ORD_1573;PROD_33;5;2
ORD_1573;PROD_5;1;2
ORD_1573;PROD_23;9;1
ORD_1574;PROD_45;8;2
ORD_1574;PROD_4;9;4
ORD_1574;PROD_7;9;3
ORD_1574;PROD_44;9;5
ORD_1574;PROD_49;9;3
ORD_1574;PROD_37;3;1
ORD_1574;PROD_27;6;3
ORD_1575;PROD_24;3;4
ORD_1575;PROD_5;4;5
ORD_1575;PROD_2;7;5
ORD_1575;PROD_33;7;5
ORD_1575;PROD_17;6;1
ORD_1576;PROD_36;1;1
ORD_1576;PROD_21;8;2
ORD_1576;PROD_15;6;1
ORD_1576;PROD_39;2;2
ORD_1576;PROD_47;5;3
ORD_1576;PROD_33;8;3
ORD_1576;PROD_38;4;1
ORD_1576;PROD_24;8;4
ORD_1576;PROD_5;6;3
ORD_1576;PROD_2;8;5
ORD_1576;PROD_33;1;5
ORD_1576;PROD_42;8;5
ORD_1577;PROD_10;5;2
ORD_1577;PROD_15;4;4
ORD_1577;PROD_20;4;2
ORD_1577;PROD_18;9;1
ORD_1577;PROD_47;1;5
ORD_1577;PROD_33;4;4
ORD_1577;PROD_38;5;4
ORD_1577;PROD_49;3;2
ORD_1577;PROD_6;9;4
ORD_1577;PROD_7;5;5
ORD_1578;PROD_25;6;2
ORD_1578;PROD_21;5;1
ORD_1578;PROD_14;5;1
ORD_1578;PROD_42;1;1
ORD_1578;PROD_23;1;1
ORD_1578;PROD_19;6;1
ORD_1578;PROD_38;5;2
ORD_1578;PROD_17;5;3
ORD_1578;PROD_18;6;3
ORD_1578;PROD_50;2;2
ORD_1578;PROD_16;8;2
ORD_1578;PROD_32;3;1
ORD_1578;PROD_19;5;3
ORD_1578;PROD_23;3;2
ORD_1578;PROD_17;4;4
ORD_1579;PROD_24;2;5
ORD_1579;PROD_29;9;3
ORD_1579;PROD_2;8;2
ORD_1579;PROD_27;2;2
ORD_1579;PROD_43;1;4
ORD_1579;PROD_13;2;1
ORD_1579;PROD_45;8;5
ORD_1579;PROD_50;8;1
ORD_1579;PROD_34;2;3
ORD_1579;PROD_27;4;2
ORD_1579;PROD_23;6;4
ORD_1579;PROD_19;7;1
ORD_1579;PROD_45;3;4
ORD_1579;PROD_50;9;5
ORD_1579;PROD_11;5;2
ORD_1580;PROD_32;1;1
ORD_1580;PROD_43;9;5
ORD_1580;PROD_6;7;1
ORD_1580;PROD_45;1;5
ORD_1580;PROD_43;8;1
ORD_1580;PROD_14;6;5
ORD_1580;PROD_8;9;1
ORD_1580;PROD_1;5;2
ORD_1580;PROD_49;4;5
ORD_1580;PROD_1;2;2
ORD_1580;PROD_23;1;5
ORD_1580;PROD_48;5;2
ORD_1581;PROD_38;9;3
ORD_1581;PROD_4;7;4
ORD_1581;PROD_37;8;4
ORD_1581;PROD_11;3;2
ORD_1581;PROD_20;1;4
ORD_1581;PROD_42;6;5
ORD_1581;PROD_44;5;1
ORD_1581;PROD_40;3;5
ORD_1581;PROD_46;8;4
ORD_1581;PROD_2;5;3
ORD_1581;PROD_14;1;4
ORD_1582;PROD_2;8;1
ORD_1582;PROD_28;3;5
ORD_1582;PROD_36;7;5
ORD_1582;PROD_12;2;5
ORD_1582;PROD_44;9;5
ORD_1582;PROD_4;7;2
ORD_1582;PROD_44;9;3
ORD_1582;PROD_19;8;4
ORD_1583;PROD_24;7;1
ORD_1583;PROD_5;2;3
ORD_1583;PROD_2;5;3
ORD_1583;PROD_33;8;1
ORD_1583;PROD_25;2;3
ORD_1583;PROD_21;9;5
ORD_1583;PROD_14;2;2
ORD_1584;PROD_40;9;3
ORD_1584;PROD_9;6;3
ORD_1584;PROD_25;5;4
ORD_1584;PROD_46;9;3
ORD_1584;PROD_23;3;5
ORD_1585;PROD_5;9;4
ORD_1585;PROD_32;9;3
ORD_1585;PROD_14;8;3
ORD_1585;PROD_26;2;4
ORD_1585;PROD_13;6;3
ORD_1585;PROD_22;3;2
ORD_1585;PROD_43;7;3
ORD_1585;PROD_38;1;4
ORD_1585;PROD_28;7;3
ORD_1585;PROD_9;6;4
ORD_1585;PROD_23;6;1
ORD_1585;PROD_47;9;3
ORD_1586;PROD_38;1;4
ORD_1586;PROD_4;3;2
ORD_1586;PROD_37;3;3
ORD_1586;PROD_11;6;2
ORD_1586;PROD_20;8;5
ORD_1586;PROD_2;2;3
ORD_1586;PROD_28;3;4
ORD_1586;PROD_17;8;3
ORD_1586;PROD_39;8;2
ORD_1586;PROD_38;7;3
ORD_1586;PROD_43;2;1
ORD_1586;PROD_3;4;4
ORD_1586;PROD_26;6;2
ORD_1587;PROD_36;3;1
ORD_1587;PROD_21;6;1
ORD_1587;PROD_15;7;4
ORD_1587;PROD_39;4;4
ORD_1587;PROD_23;2;5
ORD_1587;PROD_19;8;1
ORD_1587;PROD_38;7;3
ORD_1587;PROD_38;7;2
ORD_1587;PROD_4;4;3
ORD_1588;PROD_42;1;5
ORD_1588;PROD_38;8;1
ORD_1588;PROD_15;9;1
ORD_1588;PROD_7;7;5
ORD_1588;PROD_43;2;2
ORD_1588;PROD_14;8;5
ORD_1588;PROD_36;8;1
ORD_1588;PROD_13;5;5
ORD_1588;PROD_6;7;1
ORD_1588;PROD_43;8;3
ORD_1588;PROD_23;9;4
ORD_1589;PROD_6;5;5
ORD_1589;PROD_40;6;5
ORD_1589;PROD_15;1;3
ORD_1589;PROD_22;6;5
ORD_1589;PROD_39;3;1
ORD_1589;PROD_19;2;3
ORD_1589;PROD_44;8;5
ORD_1589;PROD_3;9;1
ORD_1589;PROD_42;3;3
ORD_1589;PROD_31;6;3
ORD_1589;PROD_49;4;1
ORD_1590;PROD_36;4;3
ORD_1590;PROD_21;3;1
ORD_1590;PROD_15;8;1
ORD_1590;PROD_39;3;2
ORD_1590;PROD_39;1;3
ORD_1590;PROD_37;8;3
ORD_1590;PROD_38;8;3
ORD_1590;PROD_23;8;3
ORD_1590;PROD_47;3;1
ORD_1590;PROD_33;1;2
ORD_1590;PROD_38;2;5
ORD_1590;PROD_10;7;2
ORD_1590;PROD_1;3;1
ORD_1591;PROD_22;9;5
ORD_1591;PROD_20;6;2
ORD_1591;PROD_43;4;4
ORD_1591;PROD_30;4;4
ORD_1591;PROD_9;9;3
ORD_1591;PROD_44;6;5
ORD_1591;PROD_8;3;2
ORD_1591;PROD_48;8;5
ORD_1591;PROD_8;3;5
ORD_1591;PROD_45;7;4
ORD_1591;PROD_19;6;5
ORD_1591;PROD_22;5;3
ORD_1592;PROD_13;1;4
ORD_1592;PROD_44;7;4
ORD_1592;PROD_43;4;4
ORD_1592;PROD_45;2;4
ORD_1592;PROD_20;9;1
ORD_1592;PROD_25;7;5
ORD_1592;PROD_13;1;1
ORD_1592;PROD_4;8;4
ORD_1592;PROD_47;7;5
ORD_1592;PROD_5;9;1
ORD_1592;PROD_31;1;2
ORD_1593;PROD_7;5;2
ORD_1593;PROD_27;3;4
ORD_1593;PROD_49;6;4
ORD_1593;PROD_38;5;1
ORD_1593;PROD_4;3;4
ORD_1593;PROD_37;4;2
ORD_1593;PROD_11;3;1
ORD_1593;PROD_20;8;5
ORD_1593;PROD_26;7;2
ORD_1593;PROD_29;4;5
ORD_1593;PROD_26;1;4
ORD_1593;PROD_38;8;4
ORD_1593;PROD_39;1;2
ORD_1594;PROD_6;9;4
ORD_1594;PROD_23;9;2
ORD_1594;PROD_35;3;4
ORD_1594;PROD_8;8;5
ORD_1594;PROD_10;4;3
ORD_1594;PROD_10;7;5
ORD_1594;PROD_45;2;2
ORD_1595;PROD_38;4;1
ORD_1595;PROD_4;8;1
ORD_1595;PROD_37;6;4
ORD_1595;PROD_11;6;5
ORD_1595;PROD_20;1;1
ORD_1595;PROD_11;4;3
ORD_1595;PROD_25;1;1
ORD_1595;PROD_29;4;2
ORD_1595;PROD_13;3;2
ORD_1595;PROD_35;3;3
ORD_1595;PROD_8;2;4
ORD_1595;PROD_34;1;5
ORD_1595;PROD_15;5;1
ORD_1596;PROD_25;5;5
ORD_1596;PROD_21;6;4
ORD_1596;PROD_14;4;5
ORD_1596;PROD_42;8;3
ORD_1596;PROD_13;2;2
ORD_1596;PROD_40;1;3
ORD_1596;PROD_47;2;3
ORD_1596;PROD_18;2;3
ORD_1596;PROD_16;2;2
ORD_1596;PROD_47;5;5
ORD_1597;PROD_37;7;2
ORD_1597;PROD_3;6;2
ORD_1597;PROD_16;3;4
ORD_1597;PROD_9;2;5
ORD_1597;PROD_49;9;3
ORD_1597;PROD_1;2;4
ORD_1597;PROD_45;5;2
ORD_1597;PROD_12;9;1
ORD_1597;PROD_9;8;3
ORD_1597;PROD_12;3;3
ORD_1598;PROD_24;1;5
ORD_1598;PROD_5;6;4
ORD_1598;PROD_2;5;5
ORD_1598;PROD_33;5;1
ORD_1598;PROD_40;7;4
ORD_1598;PROD_9;1;2
ORD_1599;PROD_2;5;5
ORD_1599;PROD_28;3;3
ORD_1599;PROD_13;1;5
ORD_1599;PROD_40;9;5
ORD_1599;PROD_47;1;2
ORD_1599;PROD_18;9;3
ORD_1599;PROD_16;8;1
ORD_1599;PROD_32;4;2
ORD_1600;PROD_39;3;3
ORD_1600;PROD_37;2;2
ORD_1600;PROD_38;9;5
ORD_1600;PROD_23;9;3
ORD_1600;PROD_13;2;4
ORD_1600;PROD_40;7;4
ORD_1600;PROD_47;6;5
ORD_1600;PROD_18;3;5
ORD_1600;PROD_16;9;2
ORD_1600;PROD_7;5;3
ORD_1601;PROD_44;3;2
ORD_1601;PROD_42;3;2
ORD_1601;PROD_45;5;2
ORD_1601;PROD_5;1;4
ORD_1601;PROD_23;8;3
ORD_1601;PROD_40;6;5
ORD_1601;PROD_16;6;1
ORD_1601;PROD_12;7;1
ORD_1601;PROD_26;1;2
ORD_1601;PROD_36;8;5
ORD_1601;PROD_2;3;5
ORD_1601;PROD_43;3;1
ORD_1601;PROD_28;5;2
ORD_1602;PROD_25;3;2
ORD_1602;PROD_21;2;5
ORD_1602;PROD_14;8;1
ORD_1602;PROD_42;8;1
ORD_1602;PROD_32;8;4
ORD_1602;PROD_12;7;1
ORD_1602;PROD_41;7;1
ORD_1602;PROD_15;4;3
ORD_1602;PROD_24;5;5
ORD_1602;PROD_16;9;4
ORD_1603;PROD_39;1;1
ORD_1603;PROD_42;4;2
ORD_1603;PROD_30;3;5
ORD_1603;PROD_12;4;3
ORD_1603;PROD_30;4;2
ORD_1603;PROD_43;9;2
ORD_1603;PROD_48;6;4
ORD_1603;PROD_43;3;1
ORD_1603;PROD_1;8;3
ORD_1603;PROD_47;6;5
ORD_1603;PROD_37;8;5
ORD_1603;PROD_45;1;1
ORD_1603;PROD_37;9;1
ORD_1604;PROD_20;1;2
ORD_1604;PROD_18;9;3
ORD_1604;PROD_45;2;5
ORD_1604;PROD_50;5;1
ORD_1604;PROD_9;8;3
ORD_1604;PROD_35;9;5
ORD_1604;PROD_23;1;3
ORD_1605;PROD_39;2;3
ORD_1605;PROD_37;5;4
ORD_1605;PROD_38;9;5
ORD_1605;PROD_23;5;5
ORD_1605;PROD_10;1;4
ORD_1605;PROD_15;9;4
ORD_1605;PROD_40;1;2
ORD_1605;PROD_26;5;1
ORD_1606;PROD_31;4;2
ORD_1606;PROD_29;4;4
ORD_1606;PROD_48;8;2
ORD_1606;PROD_36;6;2
ORD_1606;PROD_47;1;3
ORD_1606;PROD_50;7;4
ORD_1606;PROD_12;8;3
ORD_1606;PROD_25;7;1
ORD_1606;PROD_1;2;5
ORD_1607;PROD_47;5;2
ORD_1607;PROD_33;1;4
ORD_1607;PROD_38;3;1
ORD_1607;PROD_13;6;1
ORD_1607;PROD_40;5;3
ORD_1607;PROD_47;6;5
ORD_1607;PROD_18;4;1
ORD_1607;PROD_16;5;4
ORD_1607;PROD_17;1;5
ORD_1607;PROD_13;5;5
ORD_1608;PROD_45;7;1
ORD_1608;PROD_47;5;1
ORD_1608;PROD_13;2;3
ORD_1608;PROD_39;8;3
ORD_1608;PROD_7;5;2
ORD_1608;PROD_36;4;2
ORD_1608;PROD_10;9;2
ORD_1608;PROD_26;5;5
ORD_1608;PROD_49;4;5
ORD_1608;PROD_38;6;3
ORD_1608;PROD_8;4;2
ORD_1608;PROD_12;1;1
ORD_1609;PROD_13;1;5
ORD_1609;PROD_44;6;4
ORD_1609;PROD_43;8;1
ORD_1609;PROD_45;7;4
ORD_1609;PROD_25;2;1
ORD_1609;PROD_21;6;4
ORD_1609;PROD_14;9;5
ORD_1609;PROD_42;4;4
ORD_1609;PROD_13;4;5
ORD_1609;PROD_40;6;5
ORD_1609;PROD_47;3;3
ORD_1609;PROD_18;7;2
ORD_1609;PROD_16;2;1
ORD_1610;PROD_42;6;3
ORD_1610;PROD_12;7;4
ORD_1610;PROD_36;3;4
ORD_1610;PROD_13;8;4
ORD_1610;PROD_12;4;2
ORD_1610;PROD_37;8;1
ORD_1610;PROD_47;9;3
ORD_1610;PROD_4;2;3
ORD_1610;PROD_27;8;3
ORD_1610;PROD_24;6;2
ORD_1610;PROD_14;1;3
ORD_1611;PROD_28;9;5
ORD_1611;PROD_17;8;3
ORD_1611;PROD_6;6;1
ORD_1611;PROD_1;6;2
ORD_1611;PROD_47;6;3
ORD_1611;PROD_25;9;3
ORD_1611;PROD_22;4;1
ORD_1611;PROD_20;3;1
ORD_1611;PROD_17;3;2
ORD_1611;PROD_10;4;3
ORD_1612;PROD_31;2;2
ORD_1612;PROD_25;6;5
ORD_1612;PROD_45;1;4
ORD_1612;PROD_31;4;5
ORD_1612;PROD_37;5;5
ORD_1612;PROD_11;6;5
ORD_1612;PROD_4;2;5
ORD_1612;PROD_21;1;5
ORD_1613;PROD_6;3;2
ORD_1613;PROD_45;3;3
ORD_1613;PROD_23;1;4
ORD_1613;PROD_19;3;4
ORD_1613;PROD_42;7;1
ORD_1613;PROD_22;5;1
ORD_1613;PROD_11;3;3
ORD_1613;PROD_20;8;5
ORD_1613;PROD_1;6;4
ORD_1613;PROD_24;6;5
ORD_1613;PROD_38;8;4
ORD_1613;PROD_21;1;5
ORD_1613;PROD_34;2;2
ORD_1613;PROD_4;4;4
ORD_1613;PROD_20;5;2
ORD_1614;PROD_36;6;5
ORD_1614;PROD_21;1;1
ORD_1614;PROD_15;2;5
ORD_1614;PROD_39;4;5
ORD_1614;PROD_16;6;1
ORD_1614;PROD_23;5;3
ORD_1614;PROD_35;3;3
ORD_1614;PROD_31;6;3
ORD_1614;PROD_31;4;3
ORD_1614;PROD_25;6;3
ORD_1614;PROD_23;7;3
ORD_1614;PROD_8;8;1
ORD_1614;PROD_26;7;4
ORD_1615;PROD_37;9;5
ORD_1615;PROD_3;7;2
ORD_1615;PROD_35;6;2
ORD_1615;PROD_33;7;2
ORD_1615;PROD_6;3;2
ORD_1615;PROD_38;3;4
ORD_1615;PROD_12;9;3
ORD_1615;PROD_39;8;4
ORD_1615;PROD_40;3;3
ORD_1615;PROD_46;1;1
ORD_1615;PROD_6;1;5
ORD_1615;PROD_15;7;4
ORD_1615;PROD_29;8;4
ORD_1615;PROD_48;1;5
ORD_1615;PROD_9;7;5
ORD_1616;PROD_7;1;5
ORD_1616;PROD_27;9;3
ORD_1616;PROD_49;4;3
ORD_1616;PROD_49;3;2
ORD_1616;PROD_38;2;4
ORD_1616;PROD_27;4;4
ORD_1616;PROD_45;9;5
ORD_1616;PROD_33;5;3
ORD_1616;PROD_48;3;4
ORD_1616;PROD_35;5;1
ORD_1616;PROD_7;2;5
ORD_1616;PROD_19;6;3
ORD_1616;PROD_22;3;1
ORD_1616;PROD_40;1;3
ORD_1617;PROD_36;5;1
ORD_1617;PROD_41;8;1
ORD_1617;PROD_39;8;4
ORD_1617;PROD_28;3;4
ORD_1617;PROD_3;3;3
ORD_1617;PROD_15;8;1
ORD_1618;PROD_11;9;5
ORD_1618;PROD_2;3;2
ORD_1618;PROD_40;8;1
ORD_1618;PROD_15;8;5
ORD_1618;PROD_24;1;2
ORD_1618;PROD_37;5;3
ORD_1618;PROD_5;3;3
ORD_1618;PROD_9;9;5
ORD_1618;PROD_39;8;2
ORD_1618;PROD_47;9;1
ORD_1618;PROD_43;7;3
ORD_1618;PROD_2;3;4
ORD_1618;PROD_42;4;2
ORD_1619;PROD_37;2;4
ORD_1619;PROD_8;3;4
ORD_1619;PROD_17;2;5
ORD_1619;PROD_34;7;1
ORD_1619;PROD_24;7;5
ORD_1619;PROD_5;4;4
ORD_1619;PROD_2;6;5
ORD_1619;PROD_33;1;3
ORD_1619;PROD_32;8;5
ORD_1619;PROD_29;1;1
ORD_1619;PROD_46;5;1
ORD_1619;PROD_3;1;3
ORD_1620;PROD_12;3;4
ORD_1620;PROD_28;2;2
ORD_1620;PROD_11;9;1
ORD_1620;PROD_32;1;4
ORD_1620;PROD_39;1;1
ORD_1620;PROD_39;3;3
ORD_1620;PROD_48;8;1
ORD_1620;PROD_8;4;1
ORD_1621;PROD_6;8;1
ORD_1621;PROD_45;3;1
ORD_1621;PROD_43;7;3
ORD_1621;PROD_2;6;2
ORD_1621;PROD_28;6;4
ORD_1621;PROD_5;3;5
ORD_1621;PROD_31;3;1
ORD_1621;PROD_15;1;5
ORD_1621;PROD_6;4;3
ORD_1622;PROD_47;8;5
ORD_1622;PROD_12;7;2
ORD_1622;PROD_34;4;2
ORD_1622;PROD_36;5;2
ORD_1622;PROD_1;6;3
ORD_1622;PROD_39;8;2
ORD_1622;PROD_46;9;5
ORD_1623;PROD_49;2;1
ORD_1623;PROD_35;1;5
ORD_1623;PROD_30;3;2
ORD_1623;PROD_10;5;2
ORD_1623;PROD_27;3;2
ORD_1623;PROD_45;2;4
ORD_1623;PROD_45;8;5
ORD_1623;PROD_38;7;3
ORD_1624;PROD_14;1;5
ORD_1624;PROD_46;1;2
ORD_1624;PROD_47;3;4
ORD_1624;PROD_49;2;2
ORD_1624;PROD_13;9;2
ORD_1624;PROD_11;9;3
ORD_1624;PROD_35;1;4
ORD_1624;PROD_11;8;3
ORD_1624;PROD_40;7;2
ORD_1624;PROD_2;9;2
ORD_1624;PROD_1;6;5
ORD_1624;PROD_29;6;3
ORD_1625;PROD_31;7;1
ORD_1625;PROD_40;5;5
ORD_1625;PROD_20;6;3
ORD_1625;PROD_25;5;3
ORD_1625;PROD_31;8;3
ORD_1626;PROD_32;1;5
ORD_1626;PROD_43;6;1
ORD_1626;PROD_37;6;4
ORD_1626;PROD_8;9;1
ORD_1626;PROD_17;7;2
ORD_1626;PROD_34;7;2
ORD_1626;PROD_45;9;1
ORD_1626;PROD_19;7;4
ORD_1626;PROD_48;5;5
ORD_1626;PROD_11;3;2
ORD_1626;PROD_38;9;1
ORD_1626;PROD_28;8;4
ORD_1626;PROD_27;2;2
ORD_1626;PROD_8;6;2
ORD_1626;PROD_32;5;4
ORD_1627;PROD_4;7;1
ORD_1627;PROD_29;6;4
ORD_1627;PROD_50;5;4
ORD_1627;PROD_23;6;3
ORD_1627;PROD_17;8;5
ORD_1627;PROD_25;8;5
ORD_1627;PROD_33;6;1
ORD_1627;PROD_50;7;4
ORD_1627;PROD_31;3;5
ORD_1628;PROD_29;7;5
ORD_1628;PROD_10;5;3
ORD_1628;PROD_18;1;2
ORD_1628;PROD_25;5;2
ORD_1628;PROD_12;3;4
ORD_1628;PROD_21;6;3
ORD_1628;PROD_18;5;3
ORD_1628;PROD_42;6;3
ORD_1628;PROD_50;2;4
ORD_1628;PROD_15;8;5
ORD_1628;PROD_47;5;5
ORD_1628;PROD_39;8;3
ORD_1629;PROD_2;4;1
ORD_1629;PROD_28;5;5
ORD_1629;PROD_24;8;4
ORD_1629;PROD_5;8;3
ORD_1629;PROD_2;3;2
ORD_1629;PROD_33;1;2
ORD_1629;PROD_48;6;1
ORD_1629;PROD_37;8;1
ORD_1629;PROD_41;6;2
ORD_1630;PROD_7;7;1
ORD_1630;PROD_27;2;4
ORD_1630;PROD_49;9;5
ORD_1630;PROD_7;6;5
ORD_1630;PROD_27;4;3
ORD_1630;PROD_49;6;3
ORD_1630;PROD_13;8;3
ORD_1630;PROD_44;1;2
ORD_1630;PROD_43;9;1
ORD_1630;PROD_45;6;5
ORD_1630;PROD_19;4;1
ORD_1630;PROD_48;5;5
ORD_1630;PROD_17;7;2
ORD_1630;PROD_29;9;3
ORD_1630;PROD_4;4;4
ORD_1631;PROD_40;9;1
ORD_1631;PROD_42;2;3
ORD_1631;PROD_30;5;3
ORD_1631;PROD_38;3;2
ORD_1631;PROD_37;6;4
ORD_1631;PROD_35;4;5
ORD_1631;PROD_45;3;3
ORD_1631;PROD_19;2;5
ORD_1631;PROD_17;6;3
ORD_1632;PROD_37;5;4
ORD_1632;PROD_8;3;2
ORD_1632;PROD_17;4;3
ORD_1632;PROD_34;8;3
ORD_1632;PROD_12;8;2
ORD_1632;PROD_22;6;4
ORD_1632;PROD_2;6;4
ORD_1632;PROD_22;6;5
ORD_1632;PROD_34;5;1
ORD_1632;PROD_42;1;5
ORD_1632;PROD_49;7;3
ORD_1632;PROD_17;9;2
ORD_1632;PROD_31;9;1
ORD_1633;PROD_44;8;3
ORD_1633;PROD_36;6;4
ORD_1633;PROD_47;6;3
ORD_1633;PROD_27;9;5
ORD_1633;PROD_34;3;3
ORD_1633;PROD_48;6;5
ORD_1633;PROD_3;5;3
ORD_1633;PROD_5;9;5
ORD_1634;PROD_23;3;3
ORD_1634;PROD_11;6;4
ORD_1634;PROD_3;8;2
ORD_1634;PROD_15;6;2
ORD_1634;PROD_33;4;1
ORD_1634;PROD_20;5;4
ORD_1634;PROD_14;3;3
ORD_1634;PROD_47;3;5
ORD_1634;PROD_37;6;1
ORD_1634;PROD_11;5;2
ORD_1634;PROD_16;6;4
ORD_1634;PROD_50;2;1
ORD_1635;PROD_13;2;5
ORD_1635;PROD_44;4;5
ORD_1635;PROD_43;1;1
ORD_1635;PROD_45;4;3
ORD_1635;PROD_37;4;2
ORD_1635;PROD_8;6;1
ORD_1635;PROD_17;1;2
ORD_1635;PROD_34;6;5
ORD_1635;PROD_43;4;1
ORD_1635;PROD_24;9;2
ORD_1635;PROD_32;3;1
ORD_1636;PROD_11;7;3
ORD_1636;PROD_8;9;4
ORD_1636;PROD_13;8;5
ORD_1636;PROD_4;3;4
ORD_1636;PROD_20;9;3
ORD_1636;PROD_34;2;3
ORD_1636;PROD_13;2;1
ORD_1636;PROD_50;2;5
ORD_1637;PROD_24;9;1
ORD_1637;PROD_12;5;2
ORD_1637;PROD_50;8;1
ORD_1637;PROD_39;3;4
ORD_1637;PROD_40;3;2
ORD_1637;PROD_6;9;5
ORD_1638;PROD_32;8;5
ORD_1638;PROD_37;9;1
ORD_1638;PROD_14;7;4
ORD_1638;PROD_48;1;4
ORD_1638;PROD_21;9;3
ORD_1638;PROD_42;9;3
ORD_1638;PROD_24;1;4
ORD_1638;PROD_33;3;3
ORD_1638;PROD_5;2;2
ORD_1638;PROD_33;7;5
ORD_1638;PROD_43;7;4
ORD_1639;PROD_25;1;4
ORD_1639;PROD_21;9;4
ORD_1639;PROD_14;3;5
ORD_1639;PROD_42;2;4
ORD_1639;PROD_32;1;2
ORD_1640;PROD_36;3;2
ORD_1640;PROD_21;5;3
ORD_1640;PROD_15;8;4
ORD_1640;PROD_39;5;5
ORD_1640;PROD_24;4;2
ORD_1641;PROD_24;1;3
ORD_1641;PROD_5;5;1
ORD_1641;PROD_2;5;3
ORD_1641;PROD_33;4;2
ORD_1641;PROD_2;2;4
ORD_1641;PROD_28;4;4
ORD_1641;PROD_47;6;2
ORD_1641;PROD_33;9;5
ORD_1641;PROD_38;2;1
ORD_1642;PROD_47;1;4
ORD_1642;PROD_33;2;5
ORD_1642;PROD_38;5;1
ORD_1642;PROD_47;8;3
ORD_1642;PROD_33;9;3
ORD_1642;PROD_38;1;5
ORD_1642;PROD_28;6;2
ORD_1643;PROD_34;7;3
ORD_1643;PROD_13;8;2
ORD_1643;PROD_26;1;3
ORD_1643;PROD_24;2;1
ORD_1643;PROD_40;5;4
ORD_1643;PROD_19;3;1
ORD_1643;PROD_39;5;2
ORD_1643;PROD_23;4;1
ORD_1643;PROD_29;9;3
ORD_1643;PROD_27;9;5
ORD_1643;PROD_38;1;1
ORD_1643;PROD_16;7;4
ORD_1643;PROD_20;9;1
ORD_1643;PROD_38;9;3
ORD_1643;PROD_10;9;4
ORD_1644;PROD_34;7;5
ORD_1644;PROD_39;1;4
ORD_1644;PROD_35;7;4
ORD_1644;PROD_2;5;1
ORD_1644;PROD_35;3;4
ORD_1644;PROD_36;7;4
ORD_1645;PROD_38;5;4
ORD_1645;PROD_4;9;4
ORD_1645;PROD_37;2;2
ORD_1645;PROD_11;2;1
ORD_1645;PROD_20;5;2
ORD_1645;PROD_38;1;1
ORD_1645;PROD_4;8;4
ORD_1646;PROD_22;7;3
ORD_1646;PROD_13;8;4
ORD_1646;PROD_49;2;2
ORD_1646;PROD_31;2;3
ORD_1646;PROD_1;9;5
ORD_1646;PROD_50;6;3
ORD_1646;PROD_42;8;3
ORD_1646;PROD_35;1;2
ORD_1646;PROD_34;6;1
ORD_1646;PROD_9;6;2
ORD_1646;PROD_37;8;3
ORD_1647;PROD_10;1;2
ORD_1647;PROD_15;3;4
ORD_1647;PROD_49;3;4
ORD_1647;PROD_27;8;1
ORD_1647;PROD_8;4;1
ORD_1647;PROD_10;5;2
ORD_1647;PROD_24;4;4
ORD_1647;PROD_39;8;2
ORD_1647;PROD_13;7;2
ORD_1647;PROD_24;6;1
ORD_1647;PROD_38;5;5
ORD_1647;PROD_39;6;4
ORD_1647;PROD_33;9;1
ORD_1647;PROD_8;2;2
ORD_1648;PROD_38;7;5
ORD_1648;PROD_4;6;3
ORD_1648;PROD_37;2;1
ORD_1648;PROD_11;4;2
ORD_1648;PROD_20;3;5
ORD_1648;PROD_32;8;3
ORD_1648;PROD_43;3;3
ORD_1648;PROD_40;1;1
ORD_1648;PROD_21;6;2
ORD_1648;PROD_29;7;5
ORD_1648;PROD_10;4;3
ORD_1649;PROD_40;6;3
ORD_1649;PROD_21;1;3
ORD_1649;PROD_22;2;1
ORD_1649;PROD_21;3;3
ORD_1649;PROD_29;6;2
ORD_1649;PROD_20;6;3
ORD_1649;PROD_9;5;4
ORD_1649;PROD_2;3;4
ORD_1649;PROD_26;7;4
ORD_1649;PROD_2;4;1
ORD_1649;PROD_46;9;4
ORD_1649;PROD_6;6;1
ORD_1649;PROD_9;3;2
ORD_1649;PROD_6;7;3
ORD_1649;PROD_15;9;4
ORD_1650;PROD_49;3;2
ORD_1650;PROD_38;3;5
ORD_1650;PROD_27;7;4
ORD_1650;PROD_45;4;3
ORD_1650;PROD_33;1;1
ORD_1650;PROD_10;2;2
ORD_1650;PROD_15;6;3
ORD_1650;PROD_16;9;5
ORD_1650;PROD_29;2;1
ORD_1650;PROD_31;3;2
ORD_1650;PROD_37;4;2
ORD_1650;PROD_3;4;2
ORD_1650;PROD_8;5;5
ORD_1651;PROD_32;3;3
ORD_1651;PROD_4;4;1
ORD_1651;PROD_41;7;3
ORD_1651;PROD_5;8;2
ORD_1651;PROD_28;3;2
ORD_1651;PROD_11;7;4
ORD_1651;PROD_43;7;3
ORD_1651;PROD_48;9;3
ORD_1652;PROD_9;2;5
ORD_1652;PROD_23;5;4
ORD_1652;PROD_3;8;3
ORD_1652;PROD_45;5;2
ORD_1652;PROD_45;5;3
ORD_1652;PROD_31;1;4
ORD_1652;PROD_33;5;5
ORD_1652;PROD_31;8;5
ORD_1652;PROD_8;1;4
ORD_1652;PROD_4;9;1
ORD_1652;PROD_28;9;4
ORD_1653;PROD_37;1;5
ORD_1653;PROD_8;8;3
ORD_1653;PROD_17;9;2
ORD_1653;PROD_34;5;3
ORD_1653;PROD_11;6;1
ORD_1653;PROD_25;1;5
ORD_1653;PROD_29;3;4
ORD_1653;PROD_13;1;5
ORD_1653;PROD_18;7;5
ORD_1654;PROD_6;1;3
ORD_1654;PROD_45;8;4
ORD_1654;PROD_43;8;1
ORD_1654;PROD_25;6;1
ORD_1654;PROD_21;4;2
ORD_1654;PROD_14;7;4
ORD_1654;PROD_42;2;4
ORD_1654;PROD_24;9;3
ORD_1654;PROD_5;8;5
ORD_1654;PROD_2;2;4
ORD_1655;PROD_39;8;5
ORD_1655;PROD_50;6;5
ORD_1655;PROD_14;1;3
ORD_1655;PROD_18;5;5
ORD_1655;PROD_17;2;5
ORD_1655;PROD_21;3;1
ORD_1655;PROD_1;9;2
ORD_1655;PROD_5;2;5
ORD_1655;PROD_41;7;3
ORD_1655;PROD_24;6;3
ORD_1655;PROD_4;3;3
ORD_1656;PROD_48;1;4
ORD_1656;PROD_30;2;4
ORD_1656;PROD_45;9;2
ORD_1656;PROD_2;1;4
ORD_1656;PROD_17;3;5
ORD_1656;PROD_40;3;3
ORD_1656;PROD_31;5;5
ORD_1656;PROD_5;6;1
ORD_1656;PROD_42;9;4
ORD_1656;PROD_49;3;4
ORD_1656;PROD_23;1;5
ORD_1657;PROD_19;2;4
ORD_1657;PROD_48;8;4
ORD_1657;PROD_29;4;1
ORD_1657;PROD_17;2;3
ORD_1657;PROD_46;8;3
ORD_1657;PROD_42;7;1
ORD_1657;PROD_43;9;5
ORD_1657;PROD_33;8;1
ORD_1657;PROD_42;7;5
ORD_1657;PROD_36;7;1
ORD_1657;PROD_17;8;4
ORD_1657;PROD_10;1;2
ORD_1657;PROD_23;4;2
ORD_1657;PROD_41;4;4
ORD_1657;PROD_46;9;5
ORD_1658;PROD_13;1;1
ORD_1658;PROD_42;2;1
ORD_1658;PROD_29;3;1
ORD_1658;PROD_45;8;1
ORD_1658;PROD_31;3;4
ORD_1658;PROD_35;3;1
ORD_1658;PROD_38;3;3
ORD_1658;PROD_50;7;4
ORD_1658;PROD_8;6;3
ORD_1658;PROD_11;2;5
ORD_1658;PROD_5;6;2
ORD_1658;PROD_42;4;3
ORD_1658;PROD_10;2;5
ORD_1659;PROD_38;9;4
ORD_1659;PROD_13;6;5
ORD_1659;PROD_37;4;5
ORD_1659;PROD_23;6;2
ORD_1659;PROD_22;3;4
ORD_1659;PROD_24;1;3
ORD_1659;PROD_48;8;2
ORD_1659;PROD_32;5;3
ORD_1660;PROD_10;9;2
ORD_1660;PROD_15;8;4
ORD_1660;PROD_11;9;1
ORD_1660;PROD_25;9;2
ORD_1660;PROD_29;2;2
ORD_1660;PROD_13;5;4
ORD_1660;PROD_44;1;1
ORD_1660;PROD_41;1;4
ORD_1660;PROD_14;7;1
ORD_1660;PROD_18;7;2
ORD_1660;PROD_12;7;3
ORD_1660;PROD_34;3;4
ORD_1660;PROD_24;8;1
ORD_1661;PROD_3;2;4
ORD_1661;PROD_14;2;3
ORD_1661;PROD_23;6;3
ORD_1661;PROD_28;6;2
ORD_1661;PROD_15;4;3
ORD_1661;PROD_36;6;1
ORD_1661;PROD_22;3;1
ORD_1661;PROD_17;5;1
ORD_1661;PROD_49;8;1
ORD_1661;PROD_17;1;2
ORD_1662;PROD_38;1;3
ORD_1662;PROD_24;2;3
ORD_1662;PROD_2;1;4
ORD_1662;PROD_36;4;1
ORD_1662;PROD_1;3;5
ORD_1662;PROD_43;1;4
ORD_1662;PROD_9;5;4
ORD_1662;PROD_28;5;4
ORD_1662;PROD_46;2;4
ORD_1662;PROD_38;4;2
ORD_1662;PROD_30;3;4
ORD_1662;PROD_23;5;2
ORD_1662;PROD_2;5;5
ORD_1663;PROD_11;5;3
ORD_1663;PROD_25;5;2
ORD_1663;PROD_29;8;2
ORD_1663;PROD_13;7;1
ORD_1663;PROD_29;7;4
ORD_1663;PROD_40;5;3
ORD_1664;PROD_2;2;5
ORD_1664;PROD_23;4;2
ORD_1664;PROD_13;3;5
ORD_1664;PROD_16;7;4
ORD_1664;PROD_18;9;3
ORD_1665;PROD_40;1;3
ORD_1665;PROD_9;6;4
ORD_1665;PROD_25;2;4
ORD_1665;PROD_46;7;2
ORD_1665;PROD_23;9;4
ORD_1665;PROD_16;2;1
ORD_1665;PROD_17;2;3
ORD_1665;PROD_4;7;5
ORD_1665;PROD_49;5;3
ORD_1665;PROD_33;7;1
ORD_1665;PROD_18;2;4
ORD_1665;PROD_26;4;4
ORD_1666;PROD_13;4;2
ORD_1666;PROD_40;3;4
ORD_1666;PROD_47;1;3
ORD_1666;PROD_18;9;1
ORD_1666;PROD_16;7;2
ORD_1667;PROD_50;7;5
ORD_1667;PROD_11;6;2
ORD_1667;PROD_32;2;3
ORD_1667;PROD_31;5;3
ORD_1667;PROD_26;5;5
ORD_1667;PROD_49;3;1
ORD_1668;PROD_8;5;3
ORD_1668;PROD_30;9;1
ORD_1668;PROD_23;4;4
ORD_1668;PROD_2;1;3
ORD_1668;PROD_49;8;4
ORD_1668;PROD_12;2;3
ORD_1668;PROD_27;9;1
ORD_1668;PROD_18;8;2
ORD_1668;PROD_3;6;5
ORD_1668;PROD_36;1;1
ORD_1668;PROD_10;7;3
ORD_1669;PROD_36;2;2
ORD_1669;PROD_46;5;2
ORD_1669;PROD_41;6;5
ORD_1669;PROD_43;8;1
ORD_1669;PROD_20;8;3
ORD_1669;PROD_39;4;5
ORD_1669;PROD_16;9;3
ORD_1669;PROD_24;4;4
ORD_1669;PROD_41;9;1
ORD_1669;PROD_1;3;4
ORD_1669;PROD_18;7;3
ORD_1670;PROD_15;6;2
ORD_1670;PROD_4;3;5
ORD_1670;PROD_10;2;2
ORD_1670;PROD_13;5;3
ORD_1670;PROD_37;4;5
ORD_1670;PROD_13;5;5
ORD_1671;PROD_13;6;3
ORD_1671;PROD_40;9;3
ORD_1671;PROD_47;7;4
ORD_1671;PROD_18;8;5
ORD_1671;PROD_16;2;2
ORD_1671;PROD_49;2;4
ORD_1671;PROD_38;3;3
ORD_1671;PROD_27;4;3
ORD_1671;PROD_45;4;1
ORD_1671;PROD_33;8;5
ORD_1671;PROD_40;8;5
ORD_1671;PROD_9;2;1
ORD_1671;PROD_25;8;4
ORD_1671;PROD_46;3;2
ORD_1671;PROD_23;8;2
ORD_1672;PROD_28;6;1
ORD_1672;PROD_16;6;2
ORD_1672;PROD_41;3;2
ORD_1672;PROD_2;2;3
ORD_1672;PROD_29;1;5
ORD_1672;PROD_11;2;3
ORD_1672;PROD_32;8;5
ORD_1672;PROD_31;6;2
ORD_1672;PROD_44;8;4
ORD_1672;PROD_34;2;1
ORD_1672;PROD_13;1;3
ORD_1672;PROD_41;2;3
ORD_1672;PROD_25;6;4
ORD_1672;PROD_28;4;5
ORD_1673;PROD_20;1;3
ORD_1673;PROD_26;1;1
ORD_1673;PROD_31;3;1
ORD_1673;PROD_11;8;3
ORD_1673;PROD_4;7;5
ORD_1673;PROD_13;3;2
ORD_1673;PROD_29;9;4
ORD_1673;PROD_23;4;1
ORD_1673;PROD_22;8;2
ORD_1673;PROD_50;8;5
ORD_1673;PROD_13;4;2
ORD_1674;PROD_10;8;2
ORD_1674;PROD_15;4;5
ORD_1674;PROD_39;1;1
ORD_1674;PROD_37;4;1
ORD_1674;PROD_38;3;1
ORD_1674;PROD_23;5;1
ORD_1674;PROD_49;8;3
ORD_1674;PROD_38;1;3
ORD_1674;PROD_27;5;2
ORD_1674;PROD_45;8;1
ORD_1674;PROD_33;2;2
ORD_1674;PROD_33;5;2
ORD_1674;PROD_35;5;4
ORD_1674;PROD_23;3;2
ORD_1675;PROD_46;7;2
ORD_1675;PROD_43;2;3
ORD_1675;PROD_23;4;4
ORD_1675;PROD_33;5;2
ORD_1675;PROD_50;1;3
ORD_1675;PROD_45;5;2
ORD_1675;PROD_50;2;1
ORD_1675;PROD_23;4;2
ORD_1676;PROD_40;1;4
ORD_1676;PROD_9;6;1
ORD_1676;PROD_25;7;4
ORD_1676;PROD_46;8;2
ORD_1676;PROD_23;9;2
ORD_1677;PROD_13;9;3
ORD_1677;PROD_44;1;5
ORD_1677;PROD_43;4;5
ORD_1677;PROD_45;1;3
ORD_1677;PROD_39;4;3
ORD_1677;PROD_37;9;5
ORD_1677;PROD_38;1;5
ORD_1677;PROD_23;5;1
ORD_1677;PROD_32;3;3
ORD_1677;PROD_38;5;1
ORD_1678;PROD_32;8;1
ORD_1678;PROD_43;1;4
ORD_1678;PROD_24;4;2
ORD_1678;PROD_5;5;1
ORD_1678;PROD_2;7;4
ORD_1678;PROD_33;5;1
ORD_1678;PROD_6;8;4
ORD_1679;PROD_4;3;4
ORD_1679;PROD_28;9;1
ORD_1679;PROD_2;8;2
ORD_1679;PROD_30;3;5
ORD_1679;PROD_15;2;3
ORD_1680;PROD_39;2;2
ORD_1680;PROD_37;3;1
ORD_1680;PROD_38;8;5
ORD_1680;PROD_23;7;5
ORD_1680;PROD_23;3;1
ORD_1680;PROD_19;4;1
ORD_1680;PROD_38;7;1
ORD_1680;PROD_13;5;3
ORD_1680;PROD_44;7;3
ORD_1680;PROD_43;9;3
ORD_1680;PROD_45;8;1
ORD_1680;PROD_42;8;5
ORD_1680;PROD_36;9;2
ORD_1681;PROD_35;2;2
ORD_1681;PROD_47;6;1
ORD_1681;PROD_16;1;4
ORD_1681;PROD_31;8;5
ORD_1681;PROD_47;1;4
ORD_1681;PROD_44;1;1
ORD_1681;PROD_39;6;1
ORD_1681;PROD_21;8;2
ORD_1681;PROD_15;7;2
ORD_1681;PROD_12;8;2
ORD_1681;PROD_1;9;4
ORD_1681;PROD_43;6;2
ORD_1681;PROD_18;6;5
ORD_1681;PROD_9;5;1
ORD_1681;PROD_48;8;4
ORD_1682;PROD_25;2;3
ORD_1682;PROD_4;8;3
ORD_1682;PROD_17;6;2
ORD_1682;PROD_36;3;3
ORD_1682;PROD_42;4;2
ORD_1682;PROD_39;7;1
ORD_1683;PROD_20;8;4
ORD_1683;PROD_25;6;2
ORD_1683;PROD_13;5;2
ORD_1683;PROD_1;2;1
ORD_1683;PROD_17;9;1
ORD_1683;PROD_5;2;3
ORD_1683;PROD_18;1;3
ORD_1683;PROD_11;3;4
ORD_1683;PROD_4;9;4
ORD_1683;PROD_49;9;1
ORD_1683;PROD_24;8;2
ORD_1683;PROD_23;6;3
ORD_1684;PROD_5;7;4
ORD_1684;PROD_3;2;5
ORD_1684;PROD_35;6;4
ORD_1684;PROD_38;6;3
ORD_1684;PROD_27;6;5
ORD_1685;PROD_49;9;4
ORD_1685;PROD_38;4;3
ORD_1685;PROD_27;5;1
ORD_1685;PROD_45;4;4
ORD_1685;PROD_33;5;4
ORD_1685;PROD_24;7;3
ORD_1685;PROD_5;7;1
ORD_1685;PROD_2;5;1
ORD_1685;PROD_33;8;3
ORD_1685;PROD_24;9;4
ORD_1685;PROD_26;8;3
ORD_1685;PROD_40;7;4
ORD_1685;PROD_38;6;4
ORD_1685;PROD_7;7;1
ORD_1686;PROD_10;2;5
ORD_1686;PROD_23;4;5
ORD_1686;PROD_8;9;3
ORD_1686;PROD_26;9;5
ORD_1686;PROD_45;6;3
ORD_1686;PROD_31;1;4
ORD_1686;PROD_49;4;4
ORD_1686;PROD_49;7;3
ORD_1686;PROD_11;4;4
ORD_1686;PROD_41;4;4
ORD_1686;PROD_20;5;1
ORD_1686;PROD_15;3;4
ORD_1687;PROD_42;8;5
ORD_1687;PROD_49;7;1
ORD_1687;PROD_10;8;1
ORD_1687;PROD_43;3;2
ORD_1687;PROD_32;2;3
ORD_1687;PROD_10;2;2
ORD_1687;PROD_47;6;1
ORD_1687;PROD_35;4;3
ORD_1687;PROD_41;7;2
ORD_1687;PROD_37;6;2
ORD_1687;PROD_25;2;4
ORD_1687;PROD_6;7;5
ORD_1688;PROD_2;3;1
ORD_1688;PROD_28;4;4
ORD_1688;PROD_7;2;1
ORD_1688;PROD_24;8;5
ORD_1688;PROD_28;2;3
ORD_1688;PROD_46;7;1
ORD_1688;PROD_30;8;2
ORD_1688;PROD_43;2;4
ORD_1689;PROD_2;2;2
ORD_1689;PROD_28;6;4
ORD_1689;PROD_2;1;3
ORD_1689;PROD_28;7;4
ORD_1689;PROD_37;8;3
ORD_1689;PROD_35;2;2
ORD_1689;PROD_4;9;5
ORD_1689;PROD_6;1;3
ORD_1689;PROD_31;5;3
ORD_1689;PROD_3;1;2
ORD_1689;PROD_29;9;4
ORD_1689;PROD_43;1;1
ORD_1690;PROD_28;8;5
ORD_1690;PROD_49;1;1
ORD_1690;PROD_44;6;1
ORD_1690;PROD_28;6;1
ORD_1690;PROD_16;3;3
ORD_1690;PROD_50;1;4
ORD_1690;PROD_33;7;5
ORD_1690;PROD_44;4;5
ORD_1690;PROD_44;9;1
ORD_1691;PROD_14;9;1
ORD_1691;PROD_21;3;5
ORD_1691;PROD_4;7;3
ORD_1691;PROD_10;8;3
ORD_1691;PROD_10;5;4
ORD_1691;PROD_50;4;2
ORD_1691;PROD_22;8;4
ORD_1691;PROD_28;5;3
ORD_1691;PROD_40;3;1
ORD_1691;PROD_19;4;1
ORD_1691;PROD_34;7;4
ORD_1691;PROD_13;7;5
ORD_1691;PROD_50;4;2
ORD_1692;PROD_9;8;1
ORD_1692;PROD_17;5;3
ORD_1692;PROD_43;6;3
ORD_1692;PROD_10;2;2
ORD_1692;PROD_20;5;4
ORD_1692;PROD_50;6;4
ORD_1692;PROD_13;2;3
ORD_1693;PROD_23;2;4
ORD_1693;PROD_19;1;4
ORD_1693;PROD_38;5;5
ORD_1693;PROD_6;4;2
ORD_1693;PROD_45;8;2
ORD_1693;PROD_43;1;3
ORD_1694;PROD_1;1;3
ORD_1694;PROD_46;6;4
ORD_1694;PROD_3;1;3
ORD_1694;PROD_42;5;3
ORD_1694;PROD_17;3;3
ORD_1695;PROD_13;5;3
ORD_1695;PROD_40;4;3
ORD_1695;PROD_47;4;3
ORD_1695;PROD_18;6;1
ORD_1695;PROD_16;2;3
ORD_1695;PROD_2;3;1
ORD_1695;PROD_28;1;4
ORD_1695;PROD_34;1;3
ORD_1695;PROD_2;4;1
ORD_1695;PROD_38;9;4
ORD_1695;PROD_8;8;2
ORD_1695;PROD_47;8;3
ORD_1695;PROD_17;5;2
ORD_1695;PROD_17;7;2
ORD_1696;PROD_11;4;1
ORD_1696;PROD_25;2;2
ORD_1696;PROD_29;6;4
ORD_1696;PROD_13;8;3
ORD_1696;PROD_2;8;4
ORD_1696;PROD_28;6;2
ORD_1696;PROD_42;2;2
ORD_1696;PROD_39;7;2
ORD_1696;PROD_35;5;5
ORD_1696;PROD_7;3;2
ORD_1696;PROD_1;3;2
ORD_1697;PROD_47;7;5
ORD_1697;PROD_33;8;4
ORD_1697;PROD_38;2;1
ORD_1697;PROD_13;3;4
ORD_1697;PROD_40;2;2
ORD_1697;PROD_47;2;2
ORD_1697;PROD_18;8;4
ORD_1698;PROD_32;8;3
ORD_1698;PROD_43;9;3
ORD_1698;PROD_23;4;3
ORD_1698;PROD_19;7;3
ORD_1698;PROD_38;3;5
ORD_1698;PROD_38;1;4
ORD_1698;PROD_4;6;2
ORD_1698;PROD_37;5;4
ORD_1698;PROD_11;2;4
ORD_1698;PROD_20;6;3
ORD_1699;PROD_7;2;1
ORD_1699;PROD_27;8;2
ORD_1699;PROD_49;5;1
ORD_1699;PROD_33;8;1
ORD_1699;PROD_9;8;5
ORD_1699;PROD_10;3;4
ORD_1699;PROD_8;8;1
ORD_1699;PROD_40;5;2
ORD_1699;PROD_43;8;5
ORD_1699;PROD_42;7;1
ORD_1700;PROD_41;4;3
ORD_1700;PROD_11;4;4
ORD_1700;PROD_6;1;5
ORD_1700;PROD_7;3;3
ORD_1700;PROD_37;1;3
ORD_1700;PROD_26;3;2
ORD_1700;PROD_25;8;3
ORD_1700;PROD_15;9;1
ORD_1700;PROD_8;9;4
ORD_1700;PROD_20;1;4
ORD_1700;PROD_18;4;5
ORD_1700;PROD_8;9;4
ORD_1700;PROD_41;6;4
ORD_1700;PROD_33;5;5
ORD_1701;PROD_31;1;3
ORD_1701;PROD_35;9;1
ORD_1701;PROD_4;7;5
ORD_1701;PROD_50;3;1
ORD_1701;PROD_29;5;1
ORD_1701;PROD_35;1;3
ORD_1701;PROD_9;8;2
ORD_1701;PROD_30;9;3
ORD_1701;PROD_23;7;5
ORD_1701;PROD_32;6;3
ORD_1701;PROD_8;2;4
ORD_1701;PROD_5;5;2
ORD_1701;PROD_7;7;5
ORD_1701;PROD_40;3;4
ORD_1702;PROD_43;9;1
ORD_1702;PROD_10;7;4
ORD_1702;PROD_8;3;3
ORD_1702;PROD_24;6;4
ORD_1702;PROD_27;1;3
ORD_1702;PROD_8;3;4
ORD_1703;PROD_24;1;2
ORD_1703;PROD_5;5;5
ORD_1703;PROD_2;9;1
ORD_1703;PROD_33;1;2
ORD_1703;PROD_29;9;5
ORD_1703;PROD_39;1;5
ORD_1703;PROD_14;1;3
ORD_1703;PROD_26;3;4
ORD_1703;PROD_3;8;4
ORD_1703;PROD_25;3;5
ORD_1703;PROD_20;1;4
ORD_1704;PROD_4;7;4
ORD_1704;PROD_21;5;5
ORD_1704;PROD_26;3;1
ORD_1704;PROD_45;7;1
ORD_1704;PROD_28;7;2
ORD_1704;PROD_19;2;2
ORD_1704;PROD_29;2;2
ORD_1704;PROD_4;7;2
ORD_1704;PROD_43;4;5
ORD_1704;PROD_37;2;4
ORD_1705;PROD_13;5;3
ORD_1705;PROD_40;3;3
ORD_1705;PROD_47;9;2
ORD_1705;PROD_18;3;2
ORD_1705;PROD_16;4;5
ORD_1705;PROD_36;4;3
ORD_1706;PROD_49;8;4
ORD_1706;PROD_13;3;3
ORD_1706;PROD_45;2;2
ORD_1706;PROD_19;3;5
ORD_1706;PROD_24;3;3
ORD_1706;PROD_42;9;4
ORD_1706;PROD_19;3;2
ORD_1706;PROD_38;9;3
ORD_1706;PROD_42;4;5
ORD_1706;PROD_46;6;2
ORD_1707;PROD_34;8;2
ORD_1707;PROD_5;8;5
ORD_1707;PROD_20;5;3
ORD_1707;PROD_8;2;5
ORD_1707;PROD_43;9;4
ORD_1707;PROD_35;4;2
ORD_1707;PROD_33;1;5
ORD_1707;PROD_28;4;5
ORD_1707;PROD_49;6;5
ORD_1707;PROD_46;8;4
ORD_1708;PROD_18;2;2
ORD_1708;PROD_4;1;2
ORD_1708;PROD_35;7;2
ORD_1708;PROD_32;5;4
ORD_1708;PROD_41;8;5
ORD_1708;PROD_26;4;2
ORD_1708;PROD_12;6;1
ORD_1708;PROD_6;5;2
ORD_1708;PROD_37;5;1
ORD_1708;PROD_48;4;3
ORD_1709;PROD_23;8;4
ORD_1709;PROD_19;9;1
ORD_1709;PROD_38;9;5
ORD_1709;PROD_7;6;3
ORD_1709;PROD_27;9;3
ORD_1709;PROD_49;6;3
ORD_1709;PROD_28;9;1
ORD_1709;PROD_3;4;2
ORD_1709;PROD_49;2;4
ORD_1709;PROD_8;2;5
ORD_1709;PROD_43;6;5
ORD_1709;PROD_30;3;1
ORD_1709;PROD_26;3;4
ORD_1709;PROD_5;3;2
ORD_1709;PROD_48;1;5
ORD_1710;PROD_40;1;4
ORD_1710;PROD_9;8;1
ORD_1710;PROD_25;2;2
ORD_1710;PROD_46;5;2
ORD_1710;PROD_23;5;5
ORD_1710;PROD_20;6;5
ORD_1711;PROD_8;7;1
ORD_1711;PROD_36;3;5
ORD_1711;PROD_20;9;1
ORD_1711;PROD_15;2;5
ORD_1711;PROD_42;2;3
ORD_1711;PROD_40;5;2
ORD_1711;PROD_2;9;4
ORD_1711;PROD_47;8;3
ORD_1711;PROD_23;3;4
ORD_1711;PROD_20;7;2
ORD_1711;PROD_36;5;2
ORD_1711;PROD_49;9;1
ORD_1711;PROD_50;4;1
ORD_1711;PROD_18;7;5
ORD_1711;PROD_27;4;4
ORD_1712;PROD_40;4;1
ORD_1712;PROD_9;3;4
ORD_1712;PROD_25;3;4
ORD_1712;PROD_46;4;2
ORD_1712;PROD_23;6;4
ORD_1712;PROD_21;5;1
ORD_1713;PROD_27;6;2
ORD_1713;PROD_24;3;5
ORD_1713;PROD_50;5;1
ORD_1713;PROD_45;3;3
ORD_1713;PROD_22;1;3
ORD_1713;PROD_18;6;3
ORD_1713;PROD_26;4;3
ORD_1713;PROD_39;8;5
ORD_1713;PROD_3;9;5
ORD_1713;PROD_25;6;2
ORD_1713;PROD_44;7;4
ORD_1713;PROD_20;2;4
ORD_1713;PROD_15;2;2
ORD_1713;PROD_9;3;1
ORD_1713;PROD_26;8;2
ORD_1714;PROD_38;5;3
ORD_1714;PROD_4;1;5
ORD_1714;PROD_37;9;1
ORD_1714;PROD_11;8;3
ORD_1714;PROD_20;9;2
ORD_1714;PROD_28;3;3
ORD_1714;PROD_47;8;5
ORD_1715;PROD_14;4;5
ORD_1715;PROD_21;9;5
ORD_1715;PROD_25;4;3
ORD_1715;PROD_32;2;1
ORD_1715;PROD_18;9;1
ORD_1715;PROD_30;5;5
ORD_1715;PROD_46;4;5
ORD_1715;PROD_24;7;3
ORD_1715;PROD_43;6;2
ORD_1715;PROD_43;1;3
ORD_1715;PROD_24;6;2
ORD_1715;PROD_19;8;5
ORD_1715;PROD_48;9;5
ORD_1715;PROD_36;7;4
ORD_1715;PROD_30;6;5
ORD_1716;PROD_35;2;1
ORD_1716;PROD_35;6;1
ORD_1716;PROD_30;8;1
ORD_1716;PROD_18;4;5
ORD_1716;PROD_8;8;5
ORD_1716;PROD_34;9;2
ORD_1717;PROD_24;8;5
ORD_1717;PROD_5;8;4
ORD_1717;PROD_2;6;4
ORD_1717;PROD_33;1;5
ORD_1717;PROD_20;6;4
ORD_1717;PROD_25;8;4
ORD_1717;PROD_13;4;4
ORD_1717;PROD_47;5;3
ORD_1718;PROD_7;6;4
ORD_1718;PROD_50;6;1
ORD_1718;PROD_40;3;2
ORD_1718;PROD_24;9;1
ORD_1718;PROD_15;9;5
ORD_1718;PROD_42;5;3
ORD_1718;PROD_22;9;5
ORD_1718;PROD_30;3;2
ORD_1718;PROD_6;8;5
ORD_1718;PROD_24;7;4
ORD_1718;PROD_49;4;5
ORD_1718;PROD_28;5;2
ORD_1718;PROD_14;6;5
ORD_1718;PROD_29;4;2
ORD_1718;PROD_50;8;2
ORD_1719;PROD_24;6;2
ORD_1719;PROD_5;1;2
ORD_1719;PROD_2;8;4
ORD_1719;PROD_33;9;5
ORD_1719;PROD_20;1;2
ORD_1719;PROD_25;5;3
ORD_1719;PROD_13;8;1
ORD_1719;PROD_6;1;3
ORD_1719;PROD_45;7;1
ORD_1720;PROD_32;4;1
ORD_1720;PROD_43;2;3
ORD_1720;PROD_33;4;3
ORD_1720;PROD_39;6;1
ORD_1720;PROD_48;7;3
ORD_1720;PROD_20;8;1
ORD_1720;PROD_50;9;3
ORD_1720;PROD_22;8;4
ORD_1720;PROD_31;6;2
ORD_1720;PROD_5;4;3
ORD_1720;PROD_41;3;3
ORD_1720;PROD_41;2;1
ORD_1721;PROD_20;7;1
ORD_1721;PROD_18;6;5
ORD_1721;PROD_24;6;3
ORD_1721;PROD_5;8;3
ORD_1721;PROD_2;3;3
ORD_1721;PROD_33;6;2
ORD_1721;PROD_10;5;3
ORD_1722;PROD_32;1;5
ORD_1722;PROD_43;4;4
ORD_1722;PROD_6;9;4
ORD_1722;PROD_45;9;2
ORD_1722;PROD_43;5;2
ORD_1722;PROD_20;1;3
ORD_1722;PROD_18;5;2
ORD_1722;PROD_31;8;3
ORD_1722;PROD_50;6;5
ORD_1722;PROD_10;1;2
ORD_1722;PROD_45;6;3
ORD_1722;PROD_29;9;1
ORD_1722;PROD_43;1;4
ORD_1722;PROD_2;8;4
ORD_1722;PROD_44;3;4
ORD_1723;PROD_13;6;1
ORD_1723;PROD_44;5;1
ORD_1723;PROD_43;4;5
ORD_1723;PROD_45;3;4
ORD_1723;PROD_25;3;3
ORD_1723;PROD_21;2;5
ORD_1723;PROD_14;8;3
ORD_1723;PROD_42;8;3
ORD_1723;PROD_8;1;1
ORD_1723;PROD_44;9;4
ORD_1723;PROD_19;8;3
ORD_1723;PROD_43;1;3
ORD_1723;PROD_16;3;4
ORD_1723;PROD_10;5;5
ORD_1723;PROD_43;1;2
ORD_1724;PROD_35;4;3
ORD_1724;PROD_47;2;4
ORD_1724;PROD_45;8;3
ORD_1724;PROD_3;6;1
ORD_1724;PROD_20;8;4
ORD_1724;PROD_34;6;5
ORD_1724;PROD_25;2;3
ORD_1724;PROD_12;4;2
ORD_1724;PROD_33;6;1
ORD_1724;PROD_32;9;5
ORD_1724;PROD_36;5;3
ORD_1724;PROD_18;8;4
ORD_1724;PROD_7;3;2
ORD_1725;PROD_46;3;2
ORD_1725;PROD_27;4;4
ORD_1725;PROD_14;5;1
ORD_1725;PROD_33;7;4
ORD_1725;PROD_42;9;3
ORD_1725;PROD_20;3;4
ORD_1725;PROD_18;4;2
ORD_1725;PROD_5;9;5
ORD_1725;PROD_46;7;3
ORD_1725;PROD_39;7;3
ORD_1726;PROD_32;7;4
ORD_1726;PROD_7;9;3
ORD_1726;PROD_18;7;2
ORD_1726;PROD_48;7;3
ORD_1726;PROD_4;8;3
ORD_1726;PROD_41;6;1
ORD_1726;PROD_17;8;3
ORD_1726;PROD_45;1;2
ORD_1726;PROD_19;6;2
ORD_1726;PROD_50;9;3
ORD_1726;PROD_2;4;5
ORD_1727;PROD_10;3;5
ORD_1727;PROD_15;8;2
ORD_1727;PROD_46;5;4
ORD_1727;PROD_45;4;3
ORD_1727;PROD_13;1;4
ORD_1727;PROD_44;2;2
ORD_1727;PROD_21;4;4
ORD_1727;PROD_13;9;5
ORD_1727;PROD_45;1;2
ORD_1727;PROD_13;3;3
ORD_1727;PROD_7;4;5
ORD_1727;PROD_3;8;1
ORD_1727;PROD_19;4;4
ORD_1727;PROD_4;6;4
ORD_1727;PROD_36;1;3
ORD_1728;PROD_42;9;3
ORD_1728;PROD_44;3;4
ORD_1728;PROD_29;1;2
ORD_1728;PROD_5;8;2
ORD_1728;PROD_41;3;4
ORD_1728;PROD_31;7;5
ORD_1729;PROD_11;4;4
ORD_1729;PROD_25;8;1
ORD_1729;PROD_29;6;1
ORD_1729;PROD_13;2;5
ORD_1729;PROD_50;4;4
ORD_1729;PROD_6;3;4
ORD_1729;PROD_36;5;5
ORD_1729;PROD_20;6;2
ORD_1729;PROD_18;2;2
ORD_1729;PROD_32;5;5
ORD_1729;PROD_33;5;5
ORD_1729;PROD_42;1;1
ORD_1729;PROD_15;3;1
ORD_1729;PROD_40;7;5
ORD_1729;PROD_22;2;1
ORD_1730;PROD_30;4;3
ORD_1730;PROD_29;4;5
ORD_1730;PROD_8;5;1
ORD_1730;PROD_5;9;5
ORD_1730;PROD_47;8;2
ORD_1730;PROD_46;9;4
ORD_1730;PROD_27;2;1
ORD_1730;PROD_28;6;4
ORD_1730;PROD_15;7;4
ORD_1730;PROD_12;2;3
ORD_1730;PROD_20;6;3
ORD_1731;PROD_38;8;2
ORD_1731;PROD_4;8;4
ORD_1731;PROD_37;9;3
ORD_1731;PROD_11;7;5
ORD_1731;PROD_20;4;1
ORD_1731;PROD_6;3;5
ORD_1731;PROD_45;5;1
ORD_1732;PROD_42;4;3
ORD_1732;PROD_34;8;2
ORD_1732;PROD_41;8;5
ORD_1732;PROD_15;4;1
ORD_1732;PROD_6;5;4
ORD_1732;PROD_50;9;3
ORD_1733;PROD_12;4;4
ORD_1733;PROD_10;4;5
ORD_1733;PROD_44;6;1
ORD_1733;PROD_38;3;5
ORD_1733;PROD_4;8;5
ORD_1733;PROD_34;5;4
ORD_1734;PROD_4;2;3
ORD_1734;PROD_43;2;3
ORD_1734;PROD_6;5;2
ORD_1734;PROD_30;9;1
ORD_1734;PROD_24;2;1
ORD_1734;PROD_8;8;1
ORD_1734;PROD_17;6;5
ORD_1734;PROD_15;9;3
ORD_1734;PROD_40;8;1
ORD_1734;PROD_17;6;1
ORD_1735;PROD_13;3;2
ORD_1735;PROD_44;7;3
ORD_1735;PROD_43;6;1
ORD_1735;PROD_45;2;2
ORD_1735;PROD_10;6;3
ORD_1735;PROD_15;7;2
ORD_1735;PROD_41;8;4
ORD_1736;PROD_24;1;3
ORD_1736;PROD_5;4;2
ORD_1736;PROD_2;9;3
ORD_1736;PROD_33;6;4
ORD_1736;PROD_2;7;2
ORD_1736;PROD_28;7;1
ORD_1736;PROD_23;6;2
ORD_1736;PROD_34;8;1
ORD_1736;PROD_32;4;1
ORD_1736;PROD_34;2;3
ORD_1736;PROD_1;5;2
ORD_1736;PROD_30;6;1
ORD_1736;PROD_7;9;4
ORD_1736;PROD_5;6;5
ORD_1736;PROD_20;4;2
ORD_1737;PROD_37;3;3
ORD_1737;PROD_10;8;5
ORD_1737;PROD_38;4;5
ORD_1737;PROD_5;3;5
ORD_1737;PROD_28;3;1
ORD_1737;PROD_35;7;1
ORD_1737;PROD_5;7;4
ORD_1737;PROD_20;5;5
ORD_1737;PROD_4;2;1
ORD_1737;PROD_47;8;1
ORD_1737;PROD_40;5;4
ORD_1738;PROD_19;8;5
ORD_1738;PROD_19;5;5
ORD_1738;PROD_7;8;3
ORD_1738;PROD_23;5;4
ORD_1738;PROD_21;5;2
ORD_1738;PROD_46;6;4
ORD_1738;PROD_45;5;2
ORD_1738;PROD_39;2;3
ORD_1738;PROD_9;5;2
ORD_1738;PROD_30;7;4
ORD_1739;PROD_32;3;2
ORD_1739;PROD_43;6;3
ORD_1739;PROD_37;8;1
ORD_1739;PROD_8;5;5
ORD_1739;PROD_17;8;5
ORD_1739;PROD_34;7;1
ORD_1740;PROD_22;1;3
ORD_1740;PROD_28;4;3
ORD_1740;PROD_7;8;1
ORD_1740;PROD_38;4;4
ORD_1740;PROD_34;8;4
ORD_1740;PROD_11;9;3
ORD_1740;PROD_49;2;2
ORD_1740;PROD_38;9;4
ORD_1740;PROD_37;6;5
ORD_1740;PROD_47;1;2
ORD_1740;PROD_7;1;4
ORD_1740;PROD_24;6;3
ORD_1741;PROD_2;2;4
ORD_1741;PROD_28;4;3
ORD_1741;PROD_32;3;1
ORD_1741;PROD_43;2;1
ORD_1741;PROD_10;2;5
ORD_1741;PROD_37;9;5
ORD_1741;PROD_15;4;4
ORD_1741;PROD_48;4;1
ORD_1741;PROD_15;8;5
ORD_1741;PROD_50;9;1
ORD_1741;PROD_17;8;4
ORD_1741;PROD_40;5;4
ORD_1741;PROD_50;2;2
ORD_1741;PROD_11;8;3
ORD_1741;PROD_32;1;3
ORD_1742;PROD_38;4;4
ORD_1742;PROD_34;4;1
ORD_1742;PROD_32;1;5
ORD_1742;PROD_38;2;1
ORD_1742;PROD_2;1;2
ORD_1742;PROD_14;2;4
ORD_1742;PROD_2;6;2
ORD_1743;PROD_12;4;3
ORD_1743;PROD_41;6;1
ORD_1743;PROD_20;4;5
ORD_1743;PROD_13;2;5
ORD_1743;PROD_30;6;2
ORD_1743;PROD_23;2;2
ORD_1743;PROD_46;8;2
ORD_1743;PROD_37;8;3
ORD_1743;PROD_16;1;5
ORD_1743;PROD_3;9;2
ORD_1743;PROD_19;3;2
ORD_1743;PROD_19;9;1
ORD_1744;PROD_49;1;2
ORD_1744;PROD_38;9;3
ORD_1744;PROD_27;2;3
ORD_1744;PROD_45;8;2
ORD_1744;PROD_33;5;5
ORD_1744;PROD_11;3;4
ORD_1744;PROD_25;3;2
ORD_1744;PROD_29;3;5
ORD_1744;PROD_13;2;3
ORD_1745;PROD_36;8;2
ORD_1745;PROD_21;6;1
ORD_1745;PROD_15;4;3
ORD_1745;PROD_39;7;1
ORD_1745;PROD_40;9;2
ORD_1745;PROD_9;5;2
ORD_1745;PROD_25;3;4
ORD_1745;PROD_46;7;4
ORD_1745;PROD_23;3;2
ORD_1745;PROD_36;2;1
ORD_1745;PROD_35;5;5
ORD_1745;PROD_47;3;5
ORD_1746;PROD_32;3;4
ORD_1746;PROD_43;1;5
ORD_1746;PROD_26;8;3
ORD_1746;PROD_15;1;4
ORD_1746;PROD_26;7;1
ORD_1747;PROD_20;4;2
ORD_1747;PROD_18;9;1
ORD_1747;PROD_11;2;1
ORD_1747;PROD_25;9;4
ORD_1747;PROD_29;1;4
ORD_1748;PROD_6;9;1
ORD_1748;PROD_45;1;2
ORD_1748;PROD_43;7;3
ORD_1748;PROD_2;3;5
ORD_1748;PROD_28;9;5
ORD_1749;PROD_34;6;3
ORD_1749;PROD_13;9;4
ORD_1749;PROD_27;2;1
ORD_1749;PROD_7;4;3
ORD_1749;PROD_32;1;5
ORD_1749;PROD_3;1;1
ORD_1750;PROD_20;9;1
ORD_1750;PROD_25;4;4
ORD_1750;PROD_13;9;1
ORD_1750;PROD_13;5;3
ORD_1750;PROD_40;8;2
ORD_1750;PROD_47;7;4
ORD_1751;PROD_32;6;4
ORD_1751;PROD_39;1;5
ORD_1751;PROD_33;2;2
ORD_1751;PROD_20;6;4
ORD_1751;PROD_9;8;1
ORD_1751;PROD_11;4;5
ORD_1751;PROD_12;4;4
ORD_1751;PROD_42;5;2
ORD_1751;PROD_36;1;2
ORD_1751;PROD_9;7;5
ORD_1751;PROD_36;2;2
ORD_1751;PROD_24;7;2
ORD_1751;PROD_4;5;5
ORD_1752;PROD_39;6;3
ORD_1752;PROD_29;8;4
ORD_1752;PROD_8;1;2
ORD_1752;PROD_22;8;4
ORD_1752;PROD_3;2;3
ORD_1752;PROD_16;6;5
ORD_1752;PROD_33;1;3
ORD_1752;PROD_14;8;2
ORD_1752;PROD_19;5;4
ORD_1752;PROD_27;4;2
ORD_1752;PROD_4;7;1
ORD_1752;PROD_49;8;3
ORD_1753;PROD_20;8;4
ORD_1753;PROD_18;5;1
ORD_1753;PROD_34;8;5
ORD_1753;PROD_43;1;3
ORD_1753;PROD_32;6;3
ORD_1753;PROD_19;6;5
ORD_1754;PROD_42;1;1
ORD_1754;PROD_37;6;2
ORD_1754;PROD_35;5;1
ORD_1754;PROD_16;7;3
ORD_1754;PROD_26;4;1
ORD_1754;PROD_6;5;2
ORD_1754;PROD_8;5;3
ORD_1754;PROD_17;7;4
ORD_1755;PROD_9;7;2
ORD_1755;PROD_15;5;2
ORD_1755;PROD_21;3;2
ORD_1755;PROD_26;2;5
ORD_1755;PROD_10;1;1
ORD_1755;PROD_6;7;4
ORD_1755;PROD_21;5;1
ORD_1755;PROD_27;2;3
ORD_1755;PROD_23;7;1
ORD_1755;PROD_37;3;3
ORD_1755;PROD_36;8;3
ORD_1755;PROD_18;5;5
ORD_1756;PROD_23;2;5
ORD_1756;PROD_5;4;1
ORD_1756;PROD_20;6;4
ORD_1756;PROD_45;7;5
ORD_1756;PROD_40;4;2
ORD_1756;PROD_10;2;5
ORD_1756;PROD_20;6;2
ORD_1757;PROD_32;7;1
ORD_1757;PROD_43;3;4
ORD_1757;PROD_47;2;5
ORD_1757;PROD_33;9;1
ORD_1757;PROD_38;8;4
ORD_1757;PROD_6;4;3
ORD_1757;PROD_45;7;5
ORD_1757;PROD_43;8;4
ORD_1758;PROD_23;2;1
ORD_1758;PROD_19;5;5
ORD_1758;PROD_38;1;3
ORD_1758;PROD_21;7;1
ORD_1758;PROD_35;2;3
ORD_1758;PROD_33;1;3
ORD_1758;PROD_13;6;2
ORD_1758;PROD_32;1;3
ORD_1758;PROD_20;8;3
ORD_1758;PROD_6;3;4
ORD_1759;PROD_49;7;3
ORD_1759;PROD_19;8;1
ORD_1759;PROD_16;1;3
ORD_1759;PROD_48;6;5
ORD_1759;PROD_39;2;5
ORD_1759;PROD_11;1;3
ORD_1759;PROD_1;6;5
ORD_1759;PROD_14;1;5
ORD_1759;PROD_3;8;5
ORD_1759;PROD_9;2;4
ORD_1760;PROD_49;1;4
ORD_1760;PROD_38;2;3
ORD_1760;PROD_27;6;4
ORD_1760;PROD_45;2;1
ORD_1760;PROD_33;1;2
ORD_1760;PROD_20;8;4
ORD_1760;PROD_25;4;5
ORD_1760;PROD_13;5;2
ORD_1760;PROD_12;3;5
ORD_1760;PROD_1;7;1
ORD_1760;PROD_11;9;4
ORD_1760;PROD_40;6;5
ORD_1760;PROD_11;8;5
ORD_1760;PROD_31;9;1
ORD_1761;PROD_40;6;1
ORD_1761;PROD_13;4;3
ORD_1761;PROD_13;6;5
ORD_1761;PROD_49;3;1
ORD_1761;PROD_50;6;4
ORD_1761;PROD_27;6;4
ORD_1761;PROD_28;2;1
ORD_1761;PROD_3;2;5
ORD_1761;PROD_37;8;5
ORD_1761;PROD_30;3;3
ORD_1761;PROD_29;2;5
ORD_1761;PROD_50;1;5
ORD_1762;PROD_37;7;5
ORD_1762;PROD_8;3;4
ORD_1762;PROD_17;5;3
ORD_1762;PROD_34;7;1
ORD_1762;PROD_44;4;4
ORD_1762;PROD_30;8;2
ORD_1762;PROD_12;4;5
ORD_1762;PROD_27;4;3
ORD_1763;PROD_8;6;3
ORD_1763;PROD_48;2;2
ORD_1763;PROD_48;8;3
ORD_1763;PROD_48;6;1
ORD_1763;PROD_7;6;4
ORD_1763;PROD_8;3;5
ORD_1763;PROD_23;1;1
ORD_1763;PROD_37;1;3
ORD_1763;PROD_17;1;2
ORD_1763;PROD_35;3;5
ORD_1763;PROD_41;9;2
ORD_1764;PROD_47;8;3
ORD_1764;PROD_17;6;2
ORD_1764;PROD_6;4;4
ORD_1764;PROD_46;7;1
ORD_1764;PROD_22;4;5
ORD_1764;PROD_41;5;1
ORD_1764;PROD_19;2;2
ORD_1764;PROD_16;9;3
ORD_1765;PROD_10;1;5
ORD_1765;PROD_15;8;4
ORD_1765;PROD_1;6;1
ORD_1765;PROD_20;7;3
ORD_1765;PROD_30;5;1
ORD_1765;PROD_12;6;1
ORD_1765;PROD_23;9;5
ORD_1765;PROD_12;8;5
ORD_1765;PROD_35;8;3
ORD_1765;PROD_18;3;4
ORD_1765;PROD_30;6;1
ORD_1765;PROD_26;5;5
ORD_1765;PROD_13;2;3
ORD_1766;PROD_44;7;1
ORD_1766;PROD_48;7;3
ORD_1766;PROD_45;2;1
ORD_1766;PROD_24;3;5
ORD_1766;PROD_8;4;5
ORD_1766;PROD_41;8;4
ORD_1766;PROD_2;9;2
ORD_1767;PROD_13;9;1
ORD_1767;PROD_40;5;4
ORD_1767;PROD_47;6;2
ORD_1767;PROD_18;8;4
ORD_1767;PROD_16;4;5
ORD_1767;PROD_47;3;2
ORD_1767;PROD_33;4;3
ORD_1767;PROD_38;1;3
ORD_1768;PROD_16;3;2
ORD_1768;PROD_18;2;5
ORD_1768;PROD_47;2;3
ORD_1768;PROD_44;1;5
ORD_1768;PROD_18;9;5
ORD_1768;PROD_50;5;3
ORD_1768;PROD_7;3;1
ORD_1768;PROD_24;9;5
ORD_1768;PROD_40;8;2
ORD_1769;PROD_7;1;2
ORD_1769;PROD_10;9;3
ORD_1769;PROD_18;5;5
ORD_1769;PROD_48;8;1
ORD_1769;PROD_25;6;1
ORD_1769;PROD_34;2;5
ORD_1769;PROD_10;7;2
ORD_1770;PROD_23;3;2
ORD_1770;PROD_19;5;5
ORD_1770;PROD_38;5;4
ORD_1770;PROD_5;5;3
ORD_1770;PROD_23;3;4
ORD_1770;PROD_50;7;1
ORD_1770;PROD_38;7;4
ORD_1770;PROD_23;8;1
ORD_1770;PROD_28;8;5
ORD_1771;PROD_48;2;2
ORD_1771;PROD_41;4;2
ORD_1771;PROD_8;9;4
ORD_1771;PROD_25;2;4
ORD_1771;PROD_27;3;1
ORD_1771;PROD_49;2;1
ORD_1771;PROD_43;7;3
ORD_1771;PROD_29;6;1
ORD_1771;PROD_36;8;5
ORD_1771;PROD_23;1;2
ORD_1771;PROD_39;3;3
ORD_1771;PROD_39;8;2
ORD_1771;PROD_3;4;3
ORD_1771;PROD_8;3;1
ORD_1771;PROD_9;5;2
ORD_1772;PROD_10;3;3
ORD_1772;PROD_15;6;4
ORD_1772;PROD_36;4;1
ORD_1772;PROD_21;2;5
ORD_1772;PROD_15;6;3
ORD_1772;PROD_39;5;2
ORD_1772;PROD_16;2;4
ORD_1772;PROD_4;2;1
ORD_1772;PROD_35;5;3
ORD_1772;PROD_34;4;5
ORD_1772;PROD_33;1;5
ORD_1772;PROD_19;3;4
ORD_1773;PROD_33;1;3
ORD_1773;PROD_16;9;1
ORD_1773;PROD_24;1;4
ORD_1773;PROD_10;2;1
ORD_1773;PROD_29;3;1
ORD_1773;PROD_21;5;4
ORD_1773;PROD_16;9;3
ORD_1773;PROD_44;5;3
ORD_1773;PROD_26;2;5
ORD_1773;PROD_45;9;5
ORD_1773;PROD_17;6;4
ORD_1774;PROD_7;8;4
ORD_1774;PROD_27;2;3
ORD_1774;PROD_49;6;5
ORD_1774;PROD_36;7;1
ORD_1774;PROD_21;8;4
ORD_1774;PROD_15;4;3
ORD_1774;PROD_39;4;3
ORD_1774;PROD_28;6;3
ORD_1775;PROD_14;8;1
ORD_1775;PROD_39;7;2
ORD_1775;PROD_35;5;3
ORD_1775;PROD_33;5;2
ORD_1775;PROD_37;1;1
ORD_1775;PROD_26;7;2
ORD_1775;PROD_44;8;2
ORD_1775;PROD_19;4;2
ORD_1775;PROD_29;3;5
ORD_1775;PROD_34;3;5
ORD_1775;PROD_6;9;2
ORD_1775;PROD_25;9;5
ORD_1776;PROD_6;1;3
ORD_1776;PROD_45;4;4
ORD_1776;PROD_43;2;2
ORD_1776;PROD_48;4;2
ORD_1776;PROD_16;2;4
ORD_1776;PROD_23;3;2
ORD_1776;PROD_12;1;3
ORD_1777;PROD_37;6;2
ORD_1777;PROD_46;8;1
ORD_1777;PROD_50;4;4
ORD_1777;PROD_42;9;2
ORD_1777;PROD_20;5;3
ORD_1777;PROD_37;7;4
ORD_1777;PROD_23;6;5
ORD_1777;PROD_22;4;1
ORD_1778;PROD_13;3;2
ORD_1778;PROD_40;5;4
ORD_1778;PROD_47;8;2
ORD_1778;PROD_18;8;1
ORD_1778;PROD_16;9;2
ORD_1778;PROD_47;5;1
ORD_1778;PROD_47;9;4
ORD_1778;PROD_37;9;1
ORD_1778;PROD_27;8;2
ORD_1778;PROD_10;3;2
ORD_1778;PROD_42;8;5
ORD_1778;PROD_35;3;3
ORD_1778;PROD_32;4;3
ORD_1778;PROD_9;2;1
ORD_1779;PROD_49;9;3
ORD_1779;PROD_38;1;5
ORD_1779;PROD_27;4;1
ORD_1779;PROD_45;5;1
ORD_1779;PROD_33;8;2
ORD_1779;PROD_47;3;4
ORD_1779;PROD_33;2;5
ORD_1779;PROD_38;6;3
ORD_1779;PROD_14;5;3
ORD_1779;PROD_15;5;3
ORD_1780;PROD_4;4;3
ORD_1780;PROD_21;9;1
ORD_1780;PROD_40;9;1
ORD_1780;PROD_5;6;2
ORD_1780;PROD_6;6;5
ORD_1780;PROD_22;6;3
ORD_1780;PROD_40;7;2
ORD_1780;PROD_47;2;5
ORD_1780;PROD_9;6;2
ORD_1780;PROD_19;5;3
ORD_1780;PROD_1;2;1
ORD_1780;PROD_43;1;2
ORD_1780;PROD_29;7;4
ORD_1780;PROD_4;1;5
ORD_1781;PROD_39;1;4
ORD_1781;PROD_37;3;5
ORD_1781;PROD_38;8;3
ORD_1781;PROD_23;9;3
ORD_1781;PROD_7;5;5
ORD_1781;PROD_27;7;2
ORD_1781;PROD_49;8;4
ORD_1781;PROD_29;9;5
ORD_1781;PROD_30;5;1
ORD_1781;PROD_40;5;3
ORD_1781;PROD_7;7;2
ORD_1781;PROD_6;2;4
ORD_1781;PROD_21;3;5
ORD_1782;PROD_4;4;2
ORD_1782;PROD_19;7;4
ORD_1782;PROD_3;1;5
ORD_1782;PROD_8;6;1
ORD_1782;PROD_17;9;5
ORD_1782;PROD_47;8;3
ORD_1782;PROD_38;6;5
ORD_1782;PROD_47;8;2
ORD_1782;PROD_38;8;3
ORD_1782;PROD_10;2;5
ORD_1782;PROD_24;8;1
ORD_1782;PROD_7;7;4
ORD_1782;PROD_25;3;4
ORD_1783;PROD_25;3;1
ORD_1783;PROD_21;7;4
ORD_1783;PROD_14;2;5
ORD_1783;PROD_42;2;2
ORD_1783;PROD_44;1;1
ORD_1783;PROD_3;6;3
ORD_1783;PROD_12;6;3
ORD_1783;PROD_26;1;3
ORD_1783;PROD_24;4;1
ORD_1783;PROD_23;1;1
ORD_1783;PROD_21;6;5
ORD_1783;PROD_20;3;2
ORD_1783;PROD_23;8;3
ORD_1783;PROD_10;8;5
ORD_1783;PROD_9;8;1
ORD_1784;PROD_26;5;3
ORD_1784;PROD_8;9;1
ORD_1784;PROD_35;1;5
ORD_1784;PROD_15;4;1
ORD_1784;PROD_35;3;3
ORD_1784;PROD_2;4;3
ORD_1785;PROD_6;4;3
ORD_1785;PROD_45;9;5
ORD_1785;PROD_43;6;1
ORD_1785;PROD_10;9;2
ORD_1785;PROD_29;6;2
ORD_1785;PROD_9;9;2
ORD_1785;PROD_40;1;2
ORD_1785;PROD_13;3;4
ORD_1785;PROD_38;6;4
ORD_1786;PROD_50;1;2
ORD_1786;PROD_18;8;2
ORD_1786;PROD_1;3;5
ORD_1786;PROD_10;7;2
ORD_1786;PROD_18;1;1
ORD_1786;PROD_14;2;5
ORD_1787;PROD_42;4;1
ORD_1787;PROD_23;1;3
ORD_1787;PROD_10;5;1
ORD_1787;PROD_45;8;4
ORD_1787;PROD_46;4;5
ORD_1787;PROD_45;3;1
ORD_1787;PROD_21;4;3
ORD_1787;PROD_5;2;1
ORD_1787;PROD_47;6;2
ORD_1787;PROD_41;4;2
ORD_1787;PROD_47;5;1
ORD_1787;PROD_47;1;3
ORD_1787;PROD_10;6;5
ORD_1788;PROD_6;3;2
ORD_1788;PROD_34;6;1
ORD_1788;PROD_3;2;2
ORD_1788;PROD_28;6;2
ORD_1788;PROD_37;2;4
ORD_1788;PROD_24;4;4
ORD_1788;PROD_22;3;5
ORD_1788;PROD_21;7;5
ORD_1788;PROD_32;3;3
ORD_1788;PROD_1;1;1
ORD_1788;PROD_28;9;1
ORD_1788;PROD_36;2;2
ORD_1788;PROD_25;1;2
ORD_1788;PROD_35;4;2
ORD_1788;PROD_33;3;3
ORD_1789;PROD_37;7;1
ORD_1789;PROD_8;2;1
ORD_1789;PROD_17;9;5
ORD_1789;PROD_34;1;5
ORD_1789;PROD_25;6;4
ORD_1789;PROD_41;3;3
ORD_1789;PROD_41;2;3
ORD_1789;PROD_23;9;3
ORD_1789;PROD_1;1;3
ORD_1789;PROD_11;7;3
ORD_1789;PROD_19;8;2
ORD_1789;PROD_11;8;4
ORD_1789;PROD_18;8;2
ORD_1790;PROD_47;9;4
ORD_1790;PROD_33;4;5
ORD_1790;PROD_38;7;1
ORD_1790;PROD_37;8;5
ORD_1790;PROD_8;1;5
ORD_1790;PROD_17;1;2
ORD_1790;PROD_34;5;3
ORD_1790;PROD_21;3;1
ORD_1790;PROD_49;8;2
ORD_1790;PROD_22;3;1
ORD_1790;PROD_31;4;2
ORD_1790;PROD_34;8;4
ORD_1791;PROD_36;6;3
ORD_1791;PROD_38;4;3
ORD_1791;PROD_38;6;1
ORD_1791;PROD_43;9;3
ORD_1791;PROD_11;7;3
ORD_1791;PROD_41;7;5
ORD_1791;PROD_49;3;5
ORD_1791;PROD_50;2;2
ORD_1791;PROD_34;7;4
ORD_1792;PROD_12;5;4
ORD_1792;PROD_43;6;2
ORD_1792;PROD_20;4;5
ORD_1792;PROD_22;9;1
ORD_1792;PROD_43;6;5
ORD_1792;PROD_20;6;4
ORD_1792;PROD_35;9;2
ORD_1792;PROD_24;7;1
ORD_1792;PROD_37;3;1
ORD_1792;PROD_33;6;3
ORD_1792;PROD_28;5;4
ORD_1792;PROD_50;4;4
ORD_1793;PROD_47;3;4
ORD_1793;PROD_49;4;4
ORD_1793;PROD_16;8;5
ORD_1793;PROD_17;1;1
ORD_1793;PROD_48;8;5
ORD_1793;PROD_39;1;2
ORD_1794;PROD_25;8;3
ORD_1794;PROD_21;1;3
ORD_1794;PROD_14;7;3
ORD_1794;PROD_42;6;3
ORD_1794;PROD_7;6;3
ORD_1794;PROD_27;7;4
ORD_1794;PROD_49;4;4
ORD_1794;PROD_47;7;1
ORD_1794;PROD_8;5;3
ORD_1794;PROD_22;4;3
ORD_1794;PROD_24;3;1
ORD_1794;PROD_25;6;2
ORD_1794;PROD_10;4;5
ORD_1794;PROD_47;3;3
ORD_1795;PROD_40;2;1
ORD_1795;PROD_9;7;5
ORD_1795;PROD_25;4;3
ORD_1795;PROD_46;2;2
ORD_1795;PROD_23;3;5
ORD_1795;PROD_13;1;4
ORD_1795;PROD_40;2;5
ORD_1795;PROD_47;8;2
ORD_1795;PROD_18;2;3
ORD_1795;PROD_16;3;3
ORD_1795;PROD_25;7;3
ORD_1795;PROD_12;9;4
ORD_1795;PROD_11;3;2
ORD_1795;PROD_37;6;5
ORD_1795;PROD_43;8;5
ORD_1796;PROD_36;6;1
ORD_1796;PROD_16;5;4
ORD_1796;PROD_33;1;5
ORD_1796;PROD_22;3;3
ORD_1796;PROD_35;6;2
ORD_1796;PROD_43;8;5
ORD_1796;PROD_1;8;4
ORD_1796;PROD_18;1;1
ORD_1796;PROD_42;9;4
ORD_1796;PROD_21;7;1
ORD_1796;PROD_34;4;5
ORD_1796;PROD_44;4;2
ORD_1797;PROD_40;8;4
ORD_1797;PROD_9;6;2
ORD_1797;PROD_43;2;2
ORD_1797;PROD_19;2;3
ORD_1797;PROD_20;2;1
ORD_1797;PROD_2;5;3
ORD_1797;PROD_13;2;3
ORD_1797;PROD_42;6;4
ORD_1797;PROD_8;1;3
ORD_1797;PROD_27;2;3
ORD_1797;PROD_22;7;4
ORD_1797;PROD_42;8;3
ORD_1797;PROD_42;3;1
ORD_1797;PROD_36;9;2
ORD_1797;PROD_48;6;1
ORD_1798;PROD_39;9;5
ORD_1798;PROD_44;5;1
ORD_1798;PROD_40;1;1
ORD_1798;PROD_14;4;1
ORD_1798;PROD_46;1;5
ORD_1798;PROD_32;1;2
ORD_1798;PROD_48;6;2
ORD_1798;PROD_16;6;1
ORD_1798;PROD_1;8;2
ORD_1798;PROD_50;4;4
ORD_1798;PROD_39;8;1
ORD_1798;PROD_29;4;5
ORD_1798;PROD_42;1;3
ORD_1798;PROD_8;5;4
ORD_1798;PROD_30;8;3
ORD_1799;PROD_25;8;5
ORD_1799;PROD_31;4;4
ORD_1799;PROD_45;6;4
ORD_1799;PROD_1;2;5
ORD_1799;PROD_34;2;5
ORD_1799;PROD_50;2;2
ORD_1800;PROD_34;5;5
ORD_1800;PROD_41;6;1
ORD_1800;PROD_20;1;5
ORD_1800;PROD_6;6;4
ORD_1800;PROD_24;9;5
ORD_1800;PROD_14;4;3
ORD_1800;PROD_41;3;3
ORD_1800;PROD_8;8;1
ORD_1801;PROD_12;2;3
ORD_1801;PROD_35;6;3
ORD_1801;PROD_40;2;5
ORD_1801;PROD_2;7;5
ORD_1801;PROD_1;2;5
ORD_1801;PROD_9;9;4
ORD_1801;PROD_19;9;4
ORD_1801;PROD_16;4;3
ORD_1801;PROD_41;3;4
ORD_1801;PROD_8;7;5
ORD_1802;PROD_37;3;2
ORD_1802;PROD_8;7;1
ORD_1802;PROD_17;6;3
ORD_1802;PROD_34;1;5
ORD_1802;PROD_24;1;2
ORD_1802;PROD_5;7;2
ORD_1802;PROD_2;6;5
ORD_1803;PROD_25;2;4
ORD_1803;PROD_21;3;4
ORD_1803;PROD_14;6;5
ORD_1803;PROD_42;9;1
ORD_1803;PROD_23;7;1
ORD_1803;PROD_19;4;3
ORD_1803;PROD_38;1;2
ORD_1804;PROD_7;5;2
ORD_1804;PROD_27;7;3
ORD_1804;PROD_49;3;3
ORD_1804;PROD_10;6;3
ORD_1804;PROD_15;9;3
ORD_1804;PROD_39;1;4
ORD_1804;PROD_9;1;3
ORD_1804;PROD_36;5;3
ORD_1805;PROD_36;3;3
ORD_1805;PROD_21;5;2
ORD_1805;PROD_15;7;2
ORD_1805;PROD_39;8;4
ORD_1805;PROD_24;5;2
ORD_1805;PROD_5;1;2
ORD_1805;PROD_2;8;5
ORD_1805;PROD_33;6;4
ORD_1805;PROD_32;8;3
ORD_1805;PROD_43;6;3
ORD_1805;PROD_30;8;1
ORD_1805;PROD_20;6;5
ORD_1806;PROD_16;8;3
ORD_1806;PROD_15;1;3
ORD_1806;PROD_16;8;4
ORD_1806;PROD_12;6;4
ORD_1806;PROD_50;2;1
ORD_1806;PROD_50;3;4
ORD_1806;PROD_12;8;2
ORD_1806;PROD_28;1;3
ORD_1806;PROD_21;3;5
ORD_1806;PROD_25;6;5
ORD_1806;PROD_8;5;2
ORD_1806;PROD_50;8;3
ORD_1806;PROD_29;8;4
ORD_1807;PROD_12;4;5
ORD_1807;PROD_47;3;3
ORD_1807;PROD_14;1;2
ORD_1807;PROD_20;2;3
ORD_1807;PROD_25;5;4
ORD_1807;PROD_39;3;1
ORD_1807;PROD_44;8;5
ORD_1807;PROD_4;5;4
ORD_1807;PROD_43;1;4
ORD_1807;PROD_13;2;5
ORD_1807;PROD_29;2;3
ORD_1807;PROD_49;4;3
ORD_1807;PROD_50;9;3
ORD_1807;PROD_28;3;1
ORD_1808;PROD_6;4;2
ORD_1808;PROD_45;7;3
ORD_1808;PROD_43;6;3
ORD_1808;PROD_32;1;2
ORD_1808;PROD_7;8;4
ORD_1808;PROD_23;6;5
ORD_1808;PROD_25;3;5
ORD_1808;PROD_4;7;2
ORD_1808;PROD_33;1;5
ORD_1808;PROD_37;1;1
ORD_1808;PROD_17;2;5
ORD_1808;PROD_26;8;5
ORD_1808;PROD_48;7;3
ORD_1808;PROD_12;2;1
ORD_1808;PROD_24;3;4
ORD_1809;PROD_24;9;4
ORD_1809;PROD_11;4;5
ORD_1809;PROD_50;5;4
ORD_1809;PROD_32;1;4
ORD_1809;PROD_35;8;5
ORD_1809;PROD_48;1;4
ORD_1809;PROD_8;7;5
ORD_1809;PROD_40;9;5
ORD_1809;PROD_37;8;1
ORD_1809;PROD_49;2;1
ORD_1809;PROD_12;1;2
ORD_1809;PROD_23;8;3
ORD_1809;PROD_19;5;5
ORD_1810;PROD_6;8;2
ORD_1810;PROD_47;1;1
ORD_1810;PROD_45;7;2
ORD_1810;PROD_8;1;5
ORD_1810;PROD_10;6;5
ORD_1810;PROD_14;8;2
ORD_1810;PROD_1;8;4
ORD_1810;PROD_27;5;4
ORD_1810;PROD_9;2;2
ORD_1810;PROD_4;8;3
ORD_1810;PROD_34;5;5
ORD_1810;PROD_39;9;4
ORD_1810;PROD_12;9;3
ORD_1810;PROD_42;5;2
ORD_1810;PROD_40;7;3
ORD_1811;PROD_43;4;3
ORD_1811;PROD_9;9;3
ORD_1811;PROD_9;1;2
ORD_1811;PROD_9;8;1
ORD_1811;PROD_4;4;1
ORD_1811;PROD_23;3;5
ORD_1811;PROD_42;8;4
ORD_1811;PROD_20;6;4
ORD_1811;PROD_4;2;4
ORD_1811;PROD_25;5;5
ORD_1811;PROD_42;1;4
ORD_1811;PROD_5;2;4
ORD_1812;PROD_45;4;5
ORD_1812;PROD_33;1;4
ORD_1812;PROD_40;7;5
ORD_1812;PROD_49;4;2
ORD_1812;PROD_6;3;5
ORD_1812;PROD_14;4;1
ORD_1813;PROD_16;6;2
ORD_1813;PROD_7;7;1
ORD_1813;PROD_6;3;4
ORD_1813;PROD_36;5;5
ORD_1813;PROD_49;3;5
ORD_1814;PROD_13;6;2
ORD_1814;PROD_44;5;5
ORD_1814;PROD_43;4;2
ORD_1814;PROD_45;4;3
ORD_1814;PROD_11;2;3
ORD_1814;PROD_2;8;4
ORD_1815;PROD_39;8;2
ORD_1815;PROD_37;5;4
ORD_1815;PROD_38;2;3
ORD_1815;PROD_23;5;1
ORD_1815;PROD_37;9;3
ORD_1815;PROD_8;7;3
ORD_1815;PROD_17;3;2
ORD_1815;PROD_34;5;3
ORD_1815;PROD_38;4;1
ORD_1815;PROD_4;5;4
ORD_1815;PROD_37;5;5
ORD_1815;PROD_11;3;3
ORD_1815;PROD_20;3;5
ORD_1815;PROD_5;6;3
ORD_1816;PROD_2;4;4
ORD_1816;PROD_31;2;5
ORD_1816;PROD_31;5;4
ORD_1816;PROD_25;1;3
ORD_1816;PROD_35;6;3
ORD_1816;PROD_8;5;3
ORD_1816;PROD_34;6;3
ORD_1816;PROD_24;1;2
ORD_1816;PROD_24;3;1
ORD_1816;PROD_21;8;1
ORD_1816;PROD_29;7;2
ORD_1816;PROD_41;1;3
ORD_1817;PROD_31;3;2
ORD_1817;PROD_47;2;2
ORD_1817;PROD_36;9;1
ORD_1817;PROD_40;7;2
ORD_1817;PROD_44;9;4
ORD_1817;PROD_10;9;3
ORD_1817;PROD_12;3;1
ORD_1817;PROD_3;2;3
ORD_1817;PROD_1;5;2
ORD_1817;PROD_36;4;2
ORD_1817;PROD_32;6;4
ORD_1817;PROD_36;6;5
ORD_1817;PROD_30;4;2
ORD_1817;PROD_50;8;5
ORD_1817;PROD_42;3;2
ORD_1818;PROD_2;8;5
ORD_1818;PROD_14;8;5
ORD_1818;PROD_12;4;5
ORD_1818;PROD_24;2;5
ORD_1818;PROD_10;9;3
ORD_1818;PROD_27;8;2
ORD_1819;PROD_11;9;2
ORD_1819;PROD_25;4;2
ORD_1819;PROD_29;3;2
ORD_1819;PROD_13;9;4
ORD_1819;PROD_6;5;2
ORD_1819;PROD_45;2;3
ORD_1820;PROD_49;4;5
ORD_1820;PROD_38;2;1
ORD_1820;PROD_27;3;3
ORD_1820;PROD_45;8;4
ORD_1820;PROD_33;2;4
ORD_1820;PROD_49;7;4
ORD_1820;PROD_49;7;5
ORD_1820;PROD_28;2;4
ORD_1820;PROD_43;5;4
ORD_1820;PROD_28;8;1
ORD_1820;PROD_37;1;3
ORD_1820;PROD_9;6;3
ORD_1821;PROD_10;4;3
ORD_1821;PROD_5;1;5
ORD_1821;PROD_41;7;1
ORD_1821;PROD_17;1;3
ORD_1821;PROD_18;1;5
ORD_1821;PROD_39;4;2
ORD_1821;PROD_46;7;1
ORD_1821;PROD_28;7;4
ORD_1821;PROD_36;7;1
ORD_1821;PROD_36;3;3
ORD_1821;PROD_50;8;5
ORD_1821;PROD_8;9;5
ORD_1822;PROD_25;6;4
ORD_1822;PROD_21;7;1
ORD_1822;PROD_14;1;5
ORD_1822;PROD_42;6;5
ORD_1822;PROD_40;3;5
ORD_1823;PROD_48;9;4
ORD_1823;PROD_30;9;5
ORD_1823;PROD_35;8;5
ORD_1823;PROD_38;1;2
ORD_1823;PROD_28;2;4
ORD_1823;PROD_22;7;3
ORD_1823;PROD_24;4;1
ORD_1823;PROD_15;3;5
ORD_1824;PROD_11;8;1
ORD_1824;PROD_25;3;4
ORD_1824;PROD_29;6;5
ORD_1824;PROD_13;5;3
ORD_1824;PROD_49;1;5
ORD_1824;PROD_38;3;2
ORD_1824;PROD_27;3;3
ORD_1824;PROD_45;1;4
ORD_1824;PROD_33;8;5
ORD_1824;PROD_35;2;5
ORD_1824;PROD_26;3;3
ORD_1825;PROD_19;6;1
ORD_1825;PROD_20;6;2
ORD_1825;PROD_8;7;2
ORD_1825;PROD_32;9;1
ORD_1825;PROD_20;8;1
ORD_1825;PROD_34;1;1
ORD_1825;PROD_48;8;5
ORD_1825;PROD_34;8;4
ORD_1825;PROD_40;9;4
ORD_1825;PROD_5;4;3
ORD_1825;PROD_4;7;1
ORD_1825;PROD_18;5;3
ORD_1825;PROD_25;5;5
ORD_1825;PROD_36;2;5
ORD_1825;PROD_5;3;2
ORD_1826;PROD_22;7;5
ORD_1826;PROD_1;9;4
ORD_1826;PROD_28;9;3
ORD_1826;PROD_8;7;4
ORD_1826;PROD_5;8;1
ORD_1826;PROD_7;6;5
ORD_1826;PROD_32;7;4
ORD_1826;PROD_49;6;4
ORD_1827;PROD_47;8;2
ORD_1827;PROD_18;6;2
ORD_1827;PROD_14;3;5
ORD_1827;PROD_39;2;1
ORD_1827;PROD_5;6;3
ORD_1827;PROD_1;2;2
ORD_1827;PROD_47;4;5
ORD_1827;PROD_33;3;3
ORD_1828;PROD_38;9;3
ORD_1828;PROD_4;4;4
ORD_1828;PROD_37;1;5
ORD_1828;PROD_11;1;2
ORD_1828;PROD_20;3;4
ORD_1828;PROD_38;6;4
ORD_1828;PROD_4;2;1
ORD_1828;PROD_37;2;3
ORD_1829;PROD_47;6;1
ORD_1829;PROD_19;6;3
ORD_1829;PROD_39;6;3
ORD_1829;PROD_1;9;2
ORD_1829;PROD_15;2;4
ORD_1830;PROD_38;6;1
ORD_1830;PROD_12;4;1
ORD_1830;PROD_38;6;4
ORD_1830;PROD_23;2;4
ORD_1830;PROD_3;3;2
ORD_1830;PROD_23;8;5
ORD_1830;PROD_33;4;4
ORD_1830;PROD_43;1;3
ORD_1830;PROD_46;8;2
ORD_1830;PROD_13;6;3
ORD_1830;PROD_31;9;2
ORD_1831;PROD_43;3;2
ORD_1831;PROD_21;5;2
ORD_1831;PROD_23;1;5
ORD_1831;PROD_34;1;5
ORD_1831;PROD_48;4;1
ORD_1831;PROD_1;5;3
ORD_1832;PROD_46;9;2
ORD_1832;PROD_15;2;5
ORD_1832;PROD_17;8;2
ORD_1832;PROD_34;9;2
ORD_1832;PROD_12;9;4
ORD_1833;PROD_29;3;1
ORD_1833;PROD_47;3;4
ORD_1833;PROD_23;9;3
ORD_1833;PROD_7;7;3
ORD_1833;PROD_44;4;4
ORD_1833;PROD_1;7;2
ORD_1833;PROD_28;2;3
ORD_1833;PROD_37;7;4
ORD_1834;PROD_40;6;2
ORD_1834;PROD_9;2;3
ORD_1834;PROD_25;7;3
ORD_1834;PROD_46;8;5
ORD_1834;PROD_23;3;2
ORD_1835;PROD_23;6;3
ORD_1835;PROD_19;4;5
ORD_1835;PROD_38;2;5
ORD_1835;PROD_38;6;4
ORD_1835;PROD_4;6;2
ORD_1835;PROD_37;7;2
ORD_1835;PROD_11;3;1
ORD_1835;PROD_20;8;1
ORD_1836;PROD_38;6;2
ORD_1836;PROD_4;1;1
ORD_1836;PROD_37;7;2
ORD_1836;PROD_11;8;1
ORD_1836;PROD_20;8;1
ORD_1836;PROD_24;7;1
ORD_1836;PROD_5;4;4
ORD_1836;PROD_2;7;4
ORD_1836;PROD_33;7;4
ORD_1836;PROD_39;8;5
ORD_1836;PROD_37;5;4
ORD_1836;PROD_38;1;4
ORD_1837;PROD_43;3;4
ORD_1837;PROD_2;9;3
ORD_1837;PROD_48;7;2
ORD_1837;PROD_4;8;4
ORD_1837;PROD_12;4;2
ORD_1837;PROD_6;1;5
ORD_1837;PROD_19;2;2
ORD_1837;PROD_1;1;1
ORD_1837;PROD_32;7;2
ORD_1837;PROD_49;9;4
ORD_1837;PROD_21;7;1
ORD_1837;PROD_33;5;2
ORD_1837;PROD_28;5;3
ORD_1837;PROD_12;5;2
ORD_1837;PROD_49;4;3
ORD_1838;PROD_18;9;4
ORD_1838;PROD_34;8;5
ORD_1838;PROD_32;5;5
ORD_1838;PROD_16;2;3
ORD_1838;PROD_16;6;4
ORD_1838;PROD_33;1;3
ORD_1838;PROD_24;6;2
ORD_1838;PROD_32;5;2
ORD_1838;PROD_28;5;5
ORD_1838;PROD_12;6;3
ORD_1838;PROD_48;8;4
ORD_1839;PROD_32;3;3
ORD_1839;PROD_43;8;5
ORD_1839;PROD_49;1;5
ORD_1839;PROD_38;7;3
ORD_1839;PROD_27;1;4
ORD_1840;PROD_20;3;3
ORD_1840;PROD_22;8;1
ORD_1840;PROD_12;4;2
ORD_1840;PROD_48;1;4
ORD_1840;PROD_30;8;2
ORD_1840;PROD_25;6;2
ORD_1840;PROD_36;3;1
ORD_1840;PROD_4;8;2
ORD_1840;PROD_2;2;5
ORD_1840;PROD_18;1;3
ORD_1840;PROD_29;6;2
ORD_1840;PROD_18;9;5
ORD_1841;PROD_36;6;4
ORD_1841;PROD_21;3;4
ORD_1841;PROD_15;6;2
ORD_1841;PROD_39;9;4
ORD_1841;PROD_40;9;1
ORD_1841;PROD_9;7;3
ORD_1841;PROD_25;2;1
ORD_1841;PROD_46;2;2
ORD_1842;PROD_6;5;3
ORD_1842;PROD_45;3;2
ORD_1842;PROD_43;1;3
ORD_1842;PROD_6;2;1
ORD_1842;PROD_45;3;5
ORD_1842;PROD_43;1;3
ORD_1842;PROD_11;7;3
ORD_1842;PROD_25;6;2
ORD_1842;PROD_29;8;5
ORD_1843;PROD_7;7;3
ORD_1843;PROD_47;3;3
ORD_1843;PROD_50;6;2
ORD_1843;PROD_10;4;4
ORD_1843;PROD_32;8;1
ORD_1843;PROD_1;3;1
ORD_1843;PROD_6;4;3
ORD_1843;PROD_35;7;3
ORD_1843;PROD_12;2;3
ORD_1843;PROD_30;7;5
ORD_1843;PROD_26;5;2
ORD_1844;PROD_20;6;3
ORD_1844;PROD_25;5;4
ORD_1844;PROD_13;8;3
ORD_1844;PROD_49;3;5
ORD_1844;PROD_38;9;5
ORD_1844;PROD_27;7;1
ORD_1844;PROD_45;4;3
ORD_1844;PROD_33;3;5
ORD_1844;PROD_13;7;5
ORD_1845;PROD_22;3;3
ORD_1845;PROD_20;9;5
ORD_1845;PROD_16;4;1
ORD_1845;PROD_42;3;1
ORD_1845;PROD_35;4;2
ORD_1845;PROD_47;6;3
ORD_1845;PROD_11;9;5
ORD_1845;PROD_6;5;1
ORD_1845;PROD_35;5;4
ORD_1845;PROD_37;4;2
ORD_1845;PROD_17;6;5
ORD_1845;PROD_26;8;4
ORD_1845;PROD_13;5;3
ORD_1846;PROD_24;2;2
ORD_1846;PROD_5;4;2
ORD_1846;PROD_2;6;5
ORD_1846;PROD_33;1;2
ORD_1846;PROD_24;3;3
ORD_1846;PROD_5;9;5
ORD_1846;PROD_2;5;3
ORD_1847;PROD_13;5;3
ORD_1847;PROD_44;7;1
ORD_1847;PROD_43;3;5
ORD_1847;PROD_45;5;4
ORD_1847;PROD_24;9;2
ORD_1847;PROD_5;4;3
ORD_1847;PROD_2;4;4
ORD_1847;PROD_33;3;5
ORD_1847;PROD_45;6;4
ORD_1847;PROD_25;6;5
ORD_1848;PROD_47;2;1
ORD_1848;PROD_33;2;5
ORD_1848;PROD_38;8;3
ORD_1848;PROD_49;8;3
ORD_1848;PROD_26;8;4
ORD_1848;PROD_28;6;5
ORD_1848;PROD_15;1;1
ORD_1848;PROD_5;2;2
ORD_1848;PROD_7;7;4
ORD_1848;PROD_42;9;1
ORD_1849;PROD_27;3;2
ORD_1849;PROD_17;3;5
ORD_1849;PROD_31;3;4
ORD_1849;PROD_27;1;4
ORD_1849;PROD_27;4;4
ORD_1849;PROD_18;5;1
ORD_1849;PROD_37;5;1
ORD_1849;PROD_32;1;3
ORD_1849;PROD_31;3;1
ORD_1850;PROD_24;4;4
ORD_1850;PROD_5;6;5
ORD_1850;PROD_2;2;1
ORD_1850;PROD_33;4;4
ORD_1850;PROD_21;8;3
ORD_1850;PROD_15;3;2
ORD_1850;PROD_28;4;2
ORD_1850;PROD_25;6;4
ORD_1850;PROD_19;5;2
ORD_1851;PROD_37;8;1
ORD_1851;PROD_8;7;3
ORD_1851;PROD_17;2;4
ORD_1851;PROD_34;8;3
ORD_1851;PROD_24;3;1
ORD_1851;PROD_5;7;5
ORD_1851;PROD_2;8;1
ORD_1851;PROD_33;9;3
ORD_1851;PROD_24;2;4
ORD_1851;PROD_5;5;1
ORD_1851;PROD_2;8;5
ORD_1852;PROD_20;9;3
ORD_1852;PROD_18;6;4
ORD_1852;PROD_7;5;4
ORD_1852;PROD_27;9;2
ORD_1852;PROD_49;1;3
ORD_1853;PROD_20;7;2
ORD_1853;PROD_18;1;1
ORD_1853;PROD_2;2;2
ORD_1853;PROD_12;6;3
ORD_1853;PROD_45;3;3
ORD_1853;PROD_13;5;4
ORD_1853;PROD_20;4;5
ORD_1853;PROD_5;2;3
ORD_1853;PROD_23;5;2
ORD_1853;PROD_46;9;4
ORD_1853;PROD_31;1;5
ORD_1853;PROD_3;2;5
ORD_1853;PROD_4;3;4
ORD_1853;PROD_34;3;1
ORD_1854;PROD_36;6;3
ORD_1854;PROD_21;7;5
ORD_1854;PROD_15;2;1
ORD_1854;PROD_39;4;1
ORD_1854;PROD_6;2;1
ORD_1855;PROD_1;7;1
ORD_1855;PROD_35;4;4
ORD_1855;PROD_5;1;2
ORD_1855;PROD_16;4;5
ORD_1855;PROD_40;7;3
ORD_1855;PROD_41;1;5
ORD_1855;PROD_39;4;4
ORD_1855;PROD_6;5;5
ORD_1855;PROD_45;5;3
ORD_1855;PROD_49;5;5
ORD_1856;PROD_3;5;3
ORD_1856;PROD_12;7;3
ORD_1856;PROD_18;4;2
ORD_1856;PROD_34;8;1
ORD_1856;PROD_29;8;1
ORD_1856;PROD_34;5;3
ORD_1856;PROD_17;5;4
ORD_1856;PROD_6;9;2
ORD_1856;PROD_27;9;3
ORD_1857;PROD_10;4;4
ORD_1857;PROD_15;5;3
ORD_1857;PROD_45;7;1
ORD_1857;PROD_5;6;5
ORD_1857;PROD_35;5;5
ORD_1857;PROD_47;8;5
ORD_1857;PROD_38;2;1
ORD_1857;PROD_2;1;1
ORD_1857;PROD_17;9;3
ORD_1857;PROD_12;1;5
ORD_1857;PROD_46;9;1
ORD_1857;PROD_17;5;2
ORD_1857;PROD_9;2;1
ORD_1858;PROD_48;7;4
ORD_1858;PROD_14;5;3
ORD_1858;PROD_5;1;5
ORD_1858;PROD_8;8;3
ORD_1858;PROD_41;6;4
ORD_1858;PROD_10;8;2
ORD_1858;PROD_18;8;4
ORD_1858;PROD_36;5;3
ORD_1859;PROD_11;8;4
ORD_1859;PROD_25;9;5
ORD_1859;PROD_29;2;3
ORD_1859;PROD_13;1;3
ORD_1859;PROD_32;3;3
ORD_1859;PROD_43;6;5
ORD_1859;PROD_20;7;5
ORD_1859;PROD_25;7;1
ORD_1859;PROD_13;4;3
ORD_1859;PROD_35;7;1
ORD_1859;PROD_39;4;1
ORD_1860;PROD_11;6;3
ORD_1860;PROD_25;7;5
ORD_1860;PROD_29;7;2
ORD_1860;PROD_13;2;4
ORD_1860;PROD_16;7;4
ORD_1860;PROD_18;4;2
ORD_1861;PROD_33;1;1
ORD_1861;PROD_27;6;4
ORD_1861;PROD_24;8;1
ORD_1861;PROD_45;6;5
ORD_1861;PROD_18;6;2
ORD_1861;PROD_43;7;3
ORD_1861;PROD_9;5;3
ORD_1861;PROD_9;5;1
ORD_1861;PROD_32;5;3
ORD_1862;PROD_44;3;3
ORD_1862;PROD_33;8;1
ORD_1862;PROD_39;4;2
ORD_1862;PROD_34;9;3
ORD_1862;PROD_43;5;2
ORD_1863;PROD_3;4;1
ORD_1863;PROD_50;1;5
ORD_1863;PROD_27;6;4
ORD_1863;PROD_48;1;3
ORD_1863;PROD_9;1;3
ORD_1863;PROD_34;7;3
ORD_1863;PROD_46;9;2
ORD_1863;PROD_21;4;2
ORD_1863;PROD_3;6;4
ORD_1863;PROD_31;9;4
ORD_1863;PROD_27;8;2
ORD_1863;PROD_29;2;5
ORD_1864;PROD_23;2;4
ORD_1864;PROD_19;7;2
ORD_1864;PROD_38;4;1
ORD_1864;PROD_50;4;1
ORD_1864;PROD_12;4;3
ORD_1864;PROD_2;8;1
ORD_1864;PROD_14;6;1
ORD_1864;PROD_4;3;5
ORD_1864;PROD_4;6;5
ORD_1865;PROD_50;9;1
ORD_1865;PROD_27;7;3
ORD_1865;PROD_2;9;4
ORD_1865;PROD_49;6;4
ORD_1865;PROD_37;4;2
ORD_1866;PROD_13;8;3
ORD_1866;PROD_40;1;5
ORD_1866;PROD_47;5;5
ORD_1866;PROD_18;5;1
ORD_1866;PROD_16;8;4
ORD_1866;PROD_11;5;4
ORD_1866;PROD_25;1;1
ORD_1867;PROD_23;3;1
ORD_1867;PROD_19;5;1
ORD_1867;PROD_38;9;3
ORD_1867;PROD_49;8;2
ORD_1867;PROD_47;4;4
ORD_1867;PROD_9;3;1
ORD_1867;PROD_25;7;2
ORD_1867;PROD_36;4;1
ORD_1868;PROD_4;6;1
ORD_1868;PROD_31;9;4
ORD_1868;PROD_48;1;1
ORD_1868;PROD_48;2;2
ORD_1868;PROD_45;2;1
ORD_1868;PROD_31;8;2
ORD_1868;PROD_3;1;4
ORD_1869;PROD_5;2;4
ORD_1869;PROD_17;2;4
ORD_1869;PROD_14;5;3
ORD_1869;PROD_48;9;2
ORD_1869;PROD_14;4;1
ORD_1869;PROD_48;4;1
ORD_1869;PROD_26;3;3
ORD_1869;PROD_29;8;3
ORD_1869;PROD_10;6;2
ORD_1869;PROD_1;3;4
ORD_1869;PROD_17;3;5
ORD_1870;PROD_20;1;1
ORD_1870;PROD_18;6;4
ORD_1870;PROD_20;2;3
ORD_1870;PROD_25;2;1
ORD_1870;PROD_13;8;1
ORD_1870;PROD_20;1;4
ORD_1870;PROD_25;9;2
ORD_1870;PROD_13;5;3
ORD_1870;PROD_46;7;2
ORD_1870;PROD_41;6;4
ORD_1870;PROD_50;8;1
ORD_1870;PROD_12;9;1
ORD_1870;PROD_5;6;4
ORD_1870;PROD_39;9;1
ORD_1870;PROD_44;6;2
ORD_1871;PROD_46;6;5
ORD_1871;PROD_23;5;3
ORD_1871;PROD_12;2;4
ORD_1871;PROD_46;5;3
ORD_1871;PROD_17;4;4
ORD_1872;PROD_21;6;3
ORD_1872;PROD_16;4;4
ORD_1872;PROD_28;5;2
ORD_1872;PROD_8;4;3
ORD_1872;PROD_23;9;5
ORD_1872;PROD_42;5;2
ORD_1872;PROD_36;9;3
ORD_1872;PROD_9;8;3
ORD_1872;PROD_49;5;2
ORD_1872;PROD_46;5;3
ORD_1873;PROD_36;4;1
ORD_1873;PROD_21;3;5
ORD_1873;PROD_15;5;3
ORD_1873;PROD_39;8;3
ORD_1873;PROD_10;9;2
ORD_1873;PROD_15;4;3
ORD_1873;PROD_47;1;2
ORD_1873;PROD_33;6;4
ORD_1873;PROD_38;4;4
ORD_1873;PROD_10;8;5
ORD_1873;PROD_22;7;3
ORD_1873;PROD_2;1;2
ORD_1873;PROD_38;4;1
ORD_1873;PROD_18;7;4
ORD_1873;PROD_32;4;2
ORD_1874;PROD_30;1;4
ORD_1874;PROD_6;1;4
ORD_1874;PROD_34;5;1
ORD_1874;PROD_47;1;1
ORD_1874;PROD_24;7;5
ORD_1874;PROD_39;6;5
ORD_1874;PROD_22;6;4
ORD_1874;PROD_41;4;4
ORD_1874;PROD_26;3;1
ORD_1874;PROD_21;9;1
ORD_1874;PROD_36;1;3
ORD_1875;PROD_20;9;3
ORD_1875;PROD_25;1;5
ORD_1875;PROD_13;7;5
ORD_1875;PROD_37;7;3
ORD_1875;PROD_8;8;4
ORD_1875;PROD_17;8;2
ORD_1875;PROD_34;2;3
ORD_1875;PROD_17;1;4
ORD_1875;PROD_43;4;3
ORD_1875;PROD_18;9;2
ORD_1875;PROD_17;1;3
ORD_1875;PROD_30;9;5
ORD_1875;PROD_25;9;2
ORD_1875;PROD_11;1;2
ORD_1875;PROD_34;6;3
ORD_1876;PROD_31;1;1
ORD_1876;PROD_5;8;3
ORD_1876;PROD_17;4;2
ORD_1876;PROD_7;6;5
ORD_1876;PROD_12;5;2
ORD_1876;PROD_42;7;1
ORD_1877;PROD_33;6;4
ORD_1877;PROD_7;8;2
ORD_1877;PROD_7;6;4
ORD_1877;PROD_17;9;1
ORD_1877;PROD_18;7;5
ORD_1877;PROD_29;8;4
ORD_1877;PROD_11;6;2
ORD_1878;PROD_29;1;3
ORD_1878;PROD_45;2;2
ORD_1878;PROD_37;9;3
ORD_1878;PROD_20;2;3
ORD_1878;PROD_14;9;1
ORD_1878;PROD_23;9;3
ORD_1878;PROD_11;3;4
ORD_1879;PROD_20;9;4
ORD_1879;PROD_18;5;2
ORD_1879;PROD_49;3;5
ORD_1879;PROD_38;8;2
ORD_1879;PROD_27;2;5
ORD_1879;PROD_45;1;3
ORD_1879;PROD_33;4;1
ORD_1879;PROD_23;8;1
ORD_1879;PROD_3;5;1
ORD_1879;PROD_20;1;2
ORD_1879;PROD_45;8;4
ORD_1879;PROD_15;5;3
ORD_1879;PROD_7;6;3
ORD_1879;PROD_25;2;2
ORD_1880;PROD_25;2;3
ORD_1880;PROD_21;1;1
ORD_1880;PROD_14;7;2
ORD_1880;PROD_42;7;4
ORD_1880;PROD_25;4;4
ORD_1880;PROD_21;8;2
ORD_1880;PROD_14;6;2
ORD_1880;PROD_42;8;2
ORD_1880;PROD_8;5;5
ORD_1880;PROD_35;2;5
ORD_1880;PROD_50;4;4
ORD_1880;PROD_4;4;2
ORD_1880;PROD_45;2;4
ORD_1880;PROD_32;7;1
ORD_1880;PROD_19;6;4
ORD_1881;PROD_25;9;4
ORD_1881;PROD_38;3;3
ORD_1881;PROD_37;9;4
ORD_1881;PROD_42;5;3
ORD_1881;PROD_23;6;2
ORD_1881;PROD_40;9;1
ORD_1881;PROD_43;5;4
ORD_1881;PROD_32;1;5
ORD_1881;PROD_43;6;3
ORD_1882;PROD_15;5;3
ORD_1882;PROD_9;9;1
ORD_1882;PROD_15;1;1
ORD_1882;PROD_48;8;2
ORD_1882;PROD_39;3;4
ORD_1883;PROD_37;8;2
ORD_1883;PROD_19;4;3
ORD_1883;PROD_13;1;3
ORD_1883;PROD_3;8;4
ORD_1883;PROD_32;1;3
ORD_1883;PROD_4;5;5
ORD_1883;PROD_45;8;5
ORD_1883;PROD_43;9;2
ORD_1883;PROD_13;2;5
ORD_1883;PROD_39;2;3
ORD_1883;PROD_28;8;2
ORD_1883;PROD_6;7;5
ORD_1884;PROD_26;9;3
ORD_1884;PROD_25;9;1
ORD_1884;PROD_28;1;2
ORD_1884;PROD_12;7;5
ORD_1884;PROD_10;8;2
ORD_1884;PROD_26;4;5
ORD_1885;PROD_7;8;3
ORD_1885;PROD_27;7;1
ORD_1885;PROD_49;2;3
ORD_1885;PROD_16;8;4
ORD_1885;PROD_23;9;5
ORD_1885;PROD_43;4;2
ORD_1885;PROD_41;9;5
ORD_1885;PROD_29;9;1
ORD_1885;PROD_24;8;3
ORD_1885;PROD_32;7;5
ORD_1885;PROD_43;1;5
ORD_1885;PROD_28;2;5
ORD_1885;PROD_1;1;2
ORD_1885;PROD_49;4;4
ORD_1886;PROD_13;2;3
ORD_1886;PROD_40;1;2
ORD_1886;PROD_47;8;4
ORD_1886;PROD_18;8;4
ORD_1886;PROD_16;3;4
ORD_1886;PROD_47;5;1
ORD_1886;PROD_30;1;5
ORD_1886;PROD_49;8;5
ORD_1886;PROD_3;1;2
ORD_1886;PROD_16;6;3
ORD_1887;PROD_10;9;2
ORD_1887;PROD_15;5;4
ORD_1887;PROD_20;8;4
ORD_1887;PROD_18;9;5
ORD_1887;PROD_11;5;2
ORD_1887;PROD_25;3;2
ORD_1887;PROD_29;5;5
ORD_1887;PROD_13;6;2
ORD_1887;PROD_46;1;4
ORD_1887;PROD_32;9;5
ORD_1887;PROD_18;8;5
ORD_1887;PROD_15;1;5
ORD_1887;PROD_44;9;3
ORD_1887;PROD_20;7;1
ORD_1887;PROD_3;4;2
ORD_1888;PROD_21;8;3
ORD_1888;PROD_37;4;4
ORD_1888;PROD_46;6;3
ORD_1888;PROD_30;2;5
ORD_1888;PROD_15;9;2
ORD_1888;PROD_43;3;1
ORD_1888;PROD_37;8;1
ORD_1888;PROD_14;5;4
ORD_1888;PROD_10;1;2
ORD_1888;PROD_6;5;3
ORD_1888;PROD_29;1;3
ORD_1888;PROD_8;3;3
ORD_1889;PROD_25;1;5
ORD_1889;PROD_25;3;4
ORD_1889;PROD_45;4;4
ORD_1889;PROD_32;3;4
ORD_1889;PROD_47;3;4
ORD_1889;PROD_11;7;2
ORD_1889;PROD_12;8;5
ORD_1889;PROD_41;9;3
ORD_1890;PROD_10;7;5
ORD_1890;PROD_15;1;5
ORD_1890;PROD_32;9;3
ORD_1890;PROD_43;4;1
ORD_1890;PROD_49;6;3
ORD_1890;PROD_20;8;5
ORD_1890;PROD_35;8;4
ORD_1890;PROD_16;8;1
ORD_1890;PROD_19;5;4
ORD_1890;PROD_34;9;2
ORD_1890;PROD_28;7;5
ORD_1890;PROD_38;5;3
ORD_1890;PROD_19;7;1
ORD_1890;PROD_28;2;1
ORD_1891;PROD_4;9;1
ORD_1891;PROD_50;1;1
ORD_1891;PROD_12;6;5
ORD_1891;PROD_19;9;2
ORD_1891;PROD_34;3;3
ORD_1891;PROD_8;2;2
ORD_1891;PROD_40;9;1
ORD_1891;PROD_6;3;3
ORD_1891;PROD_16;2;1
ORD_1891;PROD_19;7;4
ORD_1891;PROD_28;1;2
ORD_1892;PROD_20;5;2
ORD_1892;PROD_25;3;1
ORD_1892;PROD_13;4;1
ORD_1892;PROD_13;6;3
ORD_1892;PROD_40;7;4
ORD_1892;PROD_47;3;2
ORD_1892;PROD_18;8;5
ORD_1892;PROD_16;7;1
ORD_1892;PROD_37;5;1
ORD_1892;PROD_8;2;1
ORD_1892;PROD_17;2;5
ORD_1892;PROD_34;9;2
ORD_1892;PROD_9;3;5
ORD_1892;PROD_39;5;2
ORD_1892;PROD_50;7;4
ORD_1893;PROD_38;6;3
ORD_1893;PROD_4;6;4
ORD_1893;PROD_37;9;4
ORD_1893;PROD_11;3;3
ORD_1893;PROD_20;2;2
ORD_1893;PROD_50;5;5
ORD_1893;PROD_26;7;5
ORD_1893;PROD_36;4;1
ORD_1893;PROD_8;6;5
ORD_1893;PROD_16;6;3
ORD_1893;PROD_13;4;3
ORD_1893;PROD_8;4;4
ORD_1893;PROD_14;1;4
ORD_1893;PROD_14;8;5
ORD_1894;PROD_9;1;1
ORD_1894;PROD_39;2;1
ORD_1894;PROD_47;4;1
ORD_1894;PROD_45;4;1
ORD_1894;PROD_42;4;4
ORD_1894;PROD_22;2;1
ORD_1894;PROD_5;5;5
ORD_1894;PROD_36;5;3
ORD_1894;PROD_29;1;4
ORD_1895;PROD_3;9;5
ORD_1895;PROD_23;5;2
ORD_1895;PROD_47;3;2
ORD_1895;PROD_48;5;4
ORD_1895;PROD_9;5;4
ORD_1895;PROD_39;9;2
ORD_1895;PROD_36;9;3
ORD_1895;PROD_8;5;4
ORD_1895;PROD_44;3;2
ORD_1895;PROD_47;6;4
ORD_1895;PROD_17;2;3
ORD_1896;PROD_40;2;3
ORD_1896;PROD_45;3;3
ORD_1896;PROD_3;2;1
ORD_1896;PROD_34;3;1
ORD_1896;PROD_18;5;1
ORD_1896;PROD_19;1;4
ORD_1896;PROD_42;3;1
ORD_1896;PROD_37;3;3
ORD_1896;PROD_23;7;5
ORD_1897;PROD_13;3;2
ORD_1897;PROD_40;3;2
ORD_1897;PROD_47;2;5
ORD_1897;PROD_18;2;1
ORD_1897;PROD_16;9;3
ORD_1897;PROD_14;9;2
ORD_1897;PROD_15;4;4
ORD_1897;PROD_28;5;3
ORD_1897;PROD_5;1;2
ORD_1897;PROD_49;6;3
ORD_1897;PROD_4;3;3
ORD_1897;PROD_14;8;3
ORD_1898;PROD_24;5;4
ORD_1898;PROD_5;3;5
ORD_1898;PROD_2;4;4
ORD_1898;PROD_33;2;3
ORD_1898;PROD_47;2;4
ORD_1898;PROD_33;8;3
ORD_1898;PROD_38;8;4
ORD_1898;PROD_13;5;1
ORD_1898;PROD_44;1;5
ORD_1899;PROD_13;9;2
ORD_1899;PROD_44;4;3
ORD_1899;PROD_43;8;5
ORD_1899;PROD_45;4;3
ORD_1899;PROD_10;7;4
ORD_1900;PROD_38;6;3
ORD_1900;PROD_15;2;5
ORD_1900;PROD_31;9;2
ORD_1900;PROD_17;1;2
ORD_1900;PROD_42;3;3
ORD_1900;PROD_3;7;1
ORD_1900;PROD_35;1;2
ORD_1900;PROD_20;6;5
ORD_1900;PROD_36;8;2
ORD_1900;PROD_42;9;4
ORD_1900;PROD_31;9;5
ORD_1900;PROD_39;5;1
ORD_1900;PROD_34;5;4
ORD_1900;PROD_32;1;4
ORD_1900;PROD_28;5;5
ORD_1901;PROD_25;5;1
ORD_1901;PROD_21;2;2
ORD_1901;PROD_14;1;1
ORD_1901;PROD_42;2;4
ORD_1901;PROD_13;5;2
ORD_1901;PROD_40;5;2
ORD_1901;PROD_47;6;5
ORD_1901;PROD_18;5;2
ORD_1901;PROD_16;1;5
ORD_1901;PROD_13;2;1
ORD_1901;PROD_40;8;1
ORD_1901;PROD_47;2;3
ORD_1901;PROD_18;7;3
ORD_1902;PROD_44;3;5
ORD_1902;PROD_22;5;4
ORD_1902;PROD_24;9;1
ORD_1902;PROD_48;1;2
ORD_1902;PROD_31;2;1
ORD_1902;PROD_47;3;4
ORD_1902;PROD_49;9;5
ORD_1902;PROD_42;9;5
ORD_1902;PROD_11;7;4
ORD_1902;PROD_30;7;5
ORD_1902;PROD_50;6;1
ORD_1902;PROD_42;8;5
ORD_1902;PROD_48;9;1
ORD_1902;PROD_44;1;2
ORD_1902;PROD_46;2;2
ORD_1903;PROD_39;7;4
ORD_1903;PROD_27;2;2
ORD_1903;PROD_28;4;1
ORD_1903;PROD_26;6;2
ORD_1903;PROD_12;6;1
ORD_1903;PROD_21;2;1
ORD_1903;PROD_4;6;5
ORD_1903;PROD_1;8;4
ORD_1903;PROD_38;8;2
ORD_1903;PROD_21;9;5
ORD_1903;PROD_33;5;2
ORD_1904;PROD_25;7;3
ORD_1904;PROD_22;3;5
ORD_1904;PROD_8;3;5
ORD_1904;PROD_48;9;5
ORD_1904;PROD_14;3;2
ORD_1904;PROD_15;8;4
ORD_1904;PROD_46;2;4
ORD_1904;PROD_4;1;5
ORD_1904;PROD_20;4;3
ORD_1904;PROD_35;7;2
ORD_1904;PROD_9;3;1
ORD_1904;PROD_37;7;4
ORD_1904;PROD_31;7;1
ORD_1904;PROD_9;2;3
ORD_1905;PROD_20;2;5
ORD_1905;PROD_42;5;1
ORD_1905;PROD_1;6;1
ORD_1905;PROD_35;9;5
ORD_1905;PROD_12;6;5
ORD_1905;PROD_16;9;3
ORD_1905;PROD_25;4;5
ORD_1906;PROD_39;5;4
ORD_1906;PROD_37;4;3
ORD_1906;PROD_38;7;5
ORD_1906;PROD_23;1;5
ORD_1906;PROD_31;6;1
ORD_1906;PROD_28;1;4
ORD_1906;PROD_11;2;2
ORD_1906;PROD_31;2;3
ORD_1906;PROD_13;4;4
ORD_1906;PROD_13;8;4
ORD_1906;PROD_45;9;3
ORD_1906;PROD_16;7;3
ORD_1906;PROD_27;1;5
ORD_1906;PROD_2;5;2
ORD_1907;PROD_11;3;5
ORD_1907;PROD_16;4;3
ORD_1907;PROD_7;5;1
ORD_1907;PROD_9;5;4
ORD_1907;PROD_13;8;5
ORD_1907;PROD_27;2;4
ORD_1907;PROD_47;3;1
ORD_1908;PROD_2;7;5
ORD_1908;PROD_28;5;3
ORD_1908;PROD_36;4;2
ORD_1908;PROD_21;7;1
ORD_1908;PROD_15;3;4
ORD_1908;PROD_39;1;3
ORD_1908;PROD_5;2;2
ORD_1908;PROD_23;2;5
ORD_1908;PROD_48;3;1
ORD_1908;PROD_12;4;2
ORD_1909;PROD_20;9;3
ORD_1909;PROD_18;5;3
ORD_1909;PROD_6;5;2
ORD_1909;PROD_45;1;4
ORD_1909;PROD_43;4;1
ORD_1909;PROD_20;5;5
ORD_1910;PROD_31;3;1
ORD_1910;PROD_38;6;4
ORD_1910;PROD_19;5;1
ORD_1910;PROD_43;8;3
ORD_1910;PROD_30;8;1
ORD_1910;PROD_19;7;4
ORD_1910;PROD_32;3;5
ORD_1911;PROD_3;6;5
ORD_1911;PROD_26;9;5
ORD_1911;PROD_40;2;5
ORD_1911;PROD_2;7;3
ORD_1911;PROD_16;8;1
ORD_1911;PROD_21;1;1
ORD_1911;PROD_32;8;4
ORD_1911;PROD_14;4;2
ORD_1911;PROD_7;7;4
ORD_1911;PROD_36;9;3
ORD_1911;PROD_7;2;3
ORD_1911;PROD_3;6;2
ORD_1911;PROD_40;4;5
ORD_1911;PROD_18;8;1
ORD_1912;PROD_24;1;4
ORD_1912;PROD_5;7;1
ORD_1912;PROD_2;9;3
ORD_1912;PROD_33;3;4
ORD_1912;PROD_38;5;5
ORD_1912;PROD_4;3;1
ORD_1912;PROD_37;9;4
ORD_1912;PROD_11;1;5
ORD_1912;PROD_20;8;3
ORD_1912;PROD_6;8;1
ORD_1912;PROD_45;7;5
ORD_1912;PROD_43;1;5
ORD_1912;PROD_2;4;1
ORD_1912;PROD_41;8;1
ORD_1912;PROD_20;3;4
ORD_1913;PROD_12;8;3
ORD_1913;PROD_50;7;2
ORD_1913;PROD_16;1;4
ORD_1913;PROD_45;7;4
ORD_1913;PROD_13;4;2
ORD_1913;PROD_2;3;5
ORD_1914;PROD_16;8;3
ORD_1914;PROD_21;5;4
ORD_1914;PROD_13;5;5
ORD_1914;PROD_32;5;5
ORD_1914;PROD_47;7;1
ORD_1914;PROD_10;6;3
ORD_1914;PROD_46;1;3
ORD_1914;PROD_12;6;2
ORD_1914;PROD_6;3;2
ORD_1914;PROD_36;3;3
ORD_1914;PROD_46;7;4
ORD_1914;PROD_28;9;2
ORD_1914;PROD_21;7;1
ORD_1915;PROD_20;6;5
ORD_1915;PROD_24;8;2
ORD_1915;PROD_41;3;5
ORD_1915;PROD_13;8;5
ORD_1915;PROD_34;7;4
ORD_1915;PROD_24;4;3
ORD_1915;PROD_30;5;4
ORD_1915;PROD_44;6;2
ORD_1915;PROD_11;8;1
ORD_1915;PROD_42;4;4
ORD_1916;PROD_16;6;3
ORD_1916;PROD_38;9;1
ORD_1916;PROD_17;2;3
ORD_1916;PROD_20;6;2
ORD_1916;PROD_48;3;4
ORD_1916;PROD_25;3;3
ORD_1916;PROD_30;6;3
ORD_1917;PROD_37;4;3
ORD_1917;PROD_8;5;5
ORD_1917;PROD_17;4;2
ORD_1917;PROD_34;6;4
ORD_1917;PROD_39;6;1
ORD_1917;PROD_37;9;3
ORD_1917;PROD_38;4;5
ORD_1917;PROD_23;7;4
ORD_1917;PROD_6;1;5
ORD_1917;PROD_45;8;3
ORD_1917;PROD_43;9;4
ORD_1918;PROD_10;7;5
ORD_1918;PROD_32;2;5
ORD_1918;PROD_39;2;5
ORD_1918;PROD_20;7;5
ORD_1918;PROD_23;4;1
ORD_1918;PROD_15;2;4
ORD_1918;PROD_50;5;5
ORD_1918;PROD_7;2;2
ORD_1918;PROD_50;5;2
ORD_1918;PROD_32;2;4
ORD_1918;PROD_30;9;1
ORD_1918;PROD_11;2;5
ORD_1918;PROD_18;6;5
ORD_1918;PROD_18;2;3
ORD_1919;PROD_31;4;3
ORD_1919;PROD_6;7;4
ORD_1919;PROD_25;4;3
ORD_1919;PROD_30;3;5
ORD_1919;PROD_44;9;1
ORD_1919;PROD_8;3;4
ORD_1920;PROD_10;3;5
ORD_1920;PROD_15;9;5
ORD_1920;PROD_47;4;3
ORD_1920;PROD_33;7;5
ORD_1920;PROD_38;6;4
ORD_1920;PROD_17;8;4
ORD_1920;PROD_10;2;1
ORD_1920;PROD_11;1;5
ORD_1920;PROD_47;6;1
ORD_1920;PROD_26;1;4
ORD_1920;PROD_4;3;4
ORD_1921;PROD_32;4;5
ORD_1921;PROD_43;2;3
ORD_1921;PROD_25;6;5
ORD_1921;PROD_21;2;3
ORD_1921;PROD_14;9;5
ORD_1921;PROD_42;9;1
ORD_1921;PROD_36;9;2
ORD_1921;PROD_42;7;3
ORD_1921;PROD_11;2;2
ORD_1921;PROD_34;3;3
ORD_1921;PROD_21;3;2
ORD_1921;PROD_7;1;5
ORD_1921;PROD_10;8;3
ORD_1921;PROD_28;5;5
ORD_1922;PROD_10;3;1
ORD_1922;PROD_49;4;2
ORD_1922;PROD_16;1;4
ORD_1922;PROD_11;1;5
ORD_1922;PROD_21;9;2
ORD_1923;PROD_45;8;1
ORD_1923;PROD_34;7;4
ORD_1923;PROD_5;8;1
ORD_1923;PROD_43;7;3
ORD_1923;PROD_35;6;1
ORD_1924;PROD_41;6;3
ORD_1924;PROD_6;7;4
ORD_1924;PROD_1;6;1
ORD_1924;PROD_7;5;4
ORD_1924;PROD_15;5;1
ORD_1924;PROD_14;5;2
ORD_1924;PROD_17;8;1
ORD_1925;PROD_38;7;2
ORD_1925;PROD_4;6;2
ORD_1925;PROD_37;7;3
ORD_1925;PROD_11;7;2
ORD_1925;PROD_20;4;5
ORD_1925;PROD_41;8;2
ORD_1925;PROD_16;2;3
ORD_1925;PROD_34;2;1
ORD_1925;PROD_10;3;2
ORD_1925;PROD_33;5;4
ORD_1925;PROD_5;1;1
ORD_1925;PROD_26;1;2
ORD_1925;PROD_28;5;1
ORD_1926;PROD_10;1;4
ORD_1926;PROD_15;5;4
ORD_1926;PROD_24;3;5
ORD_1926;PROD_5;2;4
ORD_1926;PROD_2;9;1
ORD_1926;PROD_33;6;3
ORD_1926;PROD_13;6;2
ORD_1926;PROD_44;3;1
ORD_1926;PROD_43;2;1
ORD_1926;PROD_45;2;2
ORD_1926;PROD_15;7;1
ORD_1926;PROD_18;8;1
ORD_1926;PROD_6;8;2
ORD_1926;PROD_38;4;3
ORD_1926;PROD_13;6;1
ORD_1927;PROD_24;3;1
ORD_1927;PROD_39;8;5
ORD_1927;PROD_3;6;2
ORD_1927;PROD_32;9;4
ORD_1927;PROD_30;3;4
ORD_1927;PROD_34;9;3
ORD_1927;PROD_31;4;3
ORD_1927;PROD_42;1;2
ORD_1927;PROD_29;1;3
ORD_1927;PROD_22;7;4
ORD_1927;PROD_48;5;4
ORD_1928;PROD_6;4;3
ORD_1928;PROD_45;5;2
ORD_1928;PROD_43;7;3
ORD_1928;PROD_20;9;3
ORD_1928;PROD_25;4;3
ORD_1928;PROD_13;2;4
ORD_1928;PROD_15;3;1
ORD_1928;PROD_30;3;4
ORD_1928;PROD_10;3;1
ORD_1928;PROD_8;7;3
ORD_1928;PROD_22;8;1
ORD_1928;PROD_40;1;4
ORD_1928;PROD_4;5;1
ORD_1928;PROD_35;2;1
ORD_1929;PROD_45;5;1
ORD_1929;PROD_37;1;1
ORD_1929;PROD_33;1;3
ORD_1929;PROD_38;8;4
ORD_1929;PROD_15;2;1
ORD_1929;PROD_8;4;5
ORD_1929;PROD_1;7;5
ORD_1929;PROD_2;8;2
ORD_1929;PROD_2;7;1
ORD_1929;PROD_49;7;4
ORD_1929;PROD_48;2;4
ORD_1930;PROD_36;8;4
ORD_1930;PROD_21;6;3
ORD_1930;PROD_15;9;5
ORD_1930;PROD_39;9;3
ORD_1930;PROD_13;6;5
ORD_1930;PROD_44;8;2
ORD_1930;PROD_43;6;4
ORD_1931;PROD_24;3;3
ORD_1931;PROD_5;7;5
ORD_1931;PROD_2;5;2
ORD_1931;PROD_33;7;3
ORD_1931;PROD_10;8;2
ORD_1931;PROD_15;6;3
ORD_1932;PROD_38;1;1
ORD_1932;PROD_4;3;2
ORD_1932;PROD_37;7;5
ORD_1932;PROD_11;4;3
ORD_1932;PROD_20;4;3
ORD_1932;PROD_38;9;1
ORD_1932;PROD_8;1;2
ORD_1932;PROD_25;2;2
ORD_1932;PROD_48;1;2
ORD_1932;PROD_27;4;2
ORD_1932;PROD_8;4;5
ORD_1932;PROD_23;8;1
ORD_1932;PROD_16;1;5
ORD_1932;PROD_16;5;3
ORD_1933;PROD_10;2;5
ORD_1933;PROD_15;6;2
ORD_1933;PROD_4;1;1
ORD_1933;PROD_23;2;1
ORD_1933;PROD_6;1;3
ORD_1933;PROD_12;6;4
ORD_1933;PROD_15;9;4
ORD_1933;PROD_41;4;2
ORD_1934;PROD_41;8;4
ORD_1934;PROD_22;2;3
ORD_1934;PROD_39;6;4
ORD_1934;PROD_29;1;4
ORD_1934;PROD_24;4;3
ORD_1934;PROD_11;3;1
ORD_1934;PROD_1;3;3
ORD_1934;PROD_42;3;4
ORD_1934;PROD_40;1;2
ORD_1934;PROD_47;5;1
ORD_1934;PROD_39;3;2
ORD_1934;PROD_10;1;2
ORD_1934;PROD_18;3;3
ORD_1935;PROD_39;1;3
ORD_1935;PROD_27;6;3
ORD_1935;PROD_35;9;2
ORD_1935;PROD_3;6;4
ORD_1935;PROD_29;4;3
ORD_1935;PROD_41;9;4
ORD_1935;PROD_41;5;1
ORD_1935;PROD_4;2;3
ORD_1935;PROD_30;5;2
ORD_1935;PROD_24;3;1
ORD_1935;PROD_2;1;2
ORD_1935;PROD_33;3;2
ORD_1935;PROD_47;5;4
ORD_1935;PROD_44;8;2
ORD_1935;PROD_25;6;4
ORD_1936;PROD_19;6;1
ORD_1936;PROD_39;9;5
ORD_1936;PROD_7;7;4
ORD_1936;PROD_24;4;2
ORD_1936;PROD_42;9;1
ORD_1936;PROD_23;9;5
ORD_1936;PROD_21;8;1
ORD_1936;PROD_4;3;5
ORD_1936;PROD_34;3;1
ORD_1936;PROD_2;4;2
ORD_1936;PROD_32;7;5
ORD_1936;PROD_36;6;4
ORD_1936;PROD_49;4;3
ORD_1936;PROD_37;3;4
ORD_1937;PROD_25;6;3
ORD_1937;PROD_21;3;4
ORD_1937;PROD_14;8;1
ORD_1937;PROD_42;1;2
ORD_1937;PROD_6;2;5
ORD_1937;PROD_45;8;2
ORD_1937;PROD_43;9;1
ORD_1937;PROD_12;6;2
ORD_1938;PROD_16;1;5
ORD_1938;PROD_14;9;4
ORD_1938;PROD_42;4;5
ORD_1938;PROD_17;6;5
ORD_1938;PROD_41;6;1
ORD_1939;PROD_38;9;3
ORD_1939;PROD_4;3;4
ORD_1939;PROD_37;4;3
ORD_1939;PROD_11;8;5
ORD_1939;PROD_20;3;3
ORD_1939;PROD_13;6;2
ORD_1940;PROD_31;3;5
ORD_1940;PROD_12;9;2
ORD_1940;PROD_40;1;5
ORD_1940;PROD_12;3;3
ORD_1940;PROD_42;6;1
ORD_1940;PROD_11;8;1
ORD_1940;PROD_13;2;5
ORD_1940;PROD_45;1;3
ORD_1940;PROD_19;7;4
ORD_1940;PROD_11;7;5
ORD_1940;PROD_34;1;1
ORD_1940;PROD_12;8;1
ORD_1940;PROD_17;2;1
ORD_1941;PROD_21;4;1
ORD_1941;PROD_11;4;5
ORD_1941;PROD_49;2;2
ORD_1941;PROD_9;7;2
ORD_1941;PROD_37;8;1
ORD_1941;PROD_46;1;5
ORD_1941;PROD_20;4;4
ORD_1942;PROD_45;1;4
ORD_1942;PROD_26;5;2
ORD_1942;PROD_19;9;2
ORD_1942;PROD_37;2;4
ORD_1942;PROD_49;6;3
ORD_1942;PROD_16;8;2
ORD_1942;PROD_32;6;4
ORD_1943;PROD_13;8;4
ORD_1943;PROD_40;3;3
ORD_1943;PROD_47;1;5
ORD_1943;PROD_18;8;1
ORD_1943;PROD_16;3;3
ORD_1943;PROD_15;4;3
ORD_1943;PROD_5;7;2
ORD_1943;PROD_35;3;4
ORD_1943;PROD_28;6;5
ORD_1943;PROD_6;3;5
ORD_1943;PROD_20;9;2
ORD_1943;PROD_47;9;4
ORD_1944;PROD_27;7;4
ORD_1944;PROD_1;1;1
ORD_1944;PROD_13;2;2
ORD_1944;PROD_40;9;1
ORD_1944;PROD_20;3;4
ORD_1944;PROD_50;3;3
ORD_1944;PROD_7;1;4
ORD_1944;PROD_22;1;1
ORD_1944;PROD_8;7;2
ORD_1944;PROD_38;2;3
ORD_1944;PROD_32;3;2
ORD_1945;PROD_24;8;5
ORD_1945;PROD_5;2;2
ORD_1945;PROD_2;9;4
ORD_1945;PROD_33;2;3
ORD_1945;PROD_26;2;2
ORD_1945;PROD_22;1;5
ORD_1945;PROD_6;2;1
ORD_1945;PROD_21;7;2
ORD_1945;PROD_21;5;2
ORD_1945;PROD_30;2;2
ORD_1946;PROD_5;7;4
ORD_1946;PROD_13;9;1
ORD_1946;PROD_30;3;1
ORD_1946;PROD_47;6;3
ORD_1946;PROD_43;8;4
ORD_1946;PROD_47;4;3
ORD_1947;PROD_7;9;2
ORD_1947;PROD_27;2;5
ORD_1947;PROD_49;5;3
ORD_1947;PROD_20;9;1
ORD_1947;PROD_25;5;2
ORD_1947;PROD_13;7;5
ORD_1947;PROD_7;9;2
ORD_1947;PROD_27;9;3
ORD_1947;PROD_49;7;5
ORD_1947;PROD_39;6;5
ORD_1947;PROD_39;9;2
ORD_1947;PROD_42;5;2
ORD_1947;PROD_25;6;3
ORD_1948;PROD_2;9;5
ORD_1948;PROD_33;2;2
ORD_1948;PROD_4;3;5
ORD_1948;PROD_29;6;1
ORD_1948;PROD_49;3;2
ORD_1948;PROD_15;1;5
ORD_1948;PROD_20;2;2
ORD_1948;PROD_24;6;1
ORD_1948;PROD_5;7;2
ORD_1948;PROD_27;4;1
ORD_1949;PROD_6;1;5
ORD_1949;PROD_45;6;4
ORD_1949;PROD_43;8;5
ORD_1949;PROD_20;3;1
ORD_1949;PROD_25;8;5
ORD_1949;PROD_13;5;1
ORD_1949;PROD_36;5;5
ORD_1949;PROD_21;9;1
ORD_1949;PROD_15;6;5
ORD_1949;PROD_39;1;1
ORD_1950;PROD_25;9;3
ORD_1950;PROD_21;5;5
ORD_1950;PROD_14;6;1
ORD_1950;PROD_42;9;3
ORD_1950;PROD_12;7;2
ORD_1950;PROD_16;2;4
ORD_1950;PROD_36;5;5
ORD_1950;PROD_19;9;1
ORD_1950;PROD_39;3;4
ORD_1950;PROD_5;9;5
ORD_1950;PROD_6;5;1
ORD_1950;PROD_40;8;3
ORD_1950;PROD_12;6;5
ORD_1950;PROD_1;3;1
ORD_1950;PROD_49;6;2
ORD_1951;PROD_32;4;2
ORD_1951;PROD_20;6;2
ORD_1951;PROD_36;1;1
ORD_1951;PROD_33;3;3
ORD_1951;PROD_46;5;3
ORD_1951;PROD_19;1;4
ORD_1951;PROD_41;5;1
ORD_1951;PROD_6;8;4
ORD_1951;PROD_22;9;5
ORD_1951;PROD_26;8;2
ORD_1951;PROD_7;3;1
ORD_1952;PROD_47;3;4
ORD_1952;PROD_33;3;5
ORD_1952;PROD_38;7;3
ORD_1952;PROD_25;1;2
ORD_1952;PROD_21;8;1
ORD_1952;PROD_14;8;5
ORD_1953;PROD_36;3;4
ORD_1953;PROD_21;1;1
ORD_1953;PROD_15;2;2
ORD_1953;PROD_39;1;4
ORD_1953;PROD_27;8;3
ORD_1953;PROD_50;1;4
ORD_1953;PROD_26;4;4
ORD_1953;PROD_31;4;4
ORD_1953;PROD_32;2;5
ORD_1953;PROD_38;1;1
ORD_1953;PROD_21;7;2
ORD_1953;PROD_9;1;4
ORD_1953;PROD_49;3;2
ORD_1953;PROD_43;6;1
ORD_1954;PROD_13;4;1
ORD_1954;PROD_44;6;5
ORD_1954;PROD_43;8;5
ORD_1954;PROD_45;2;1
ORD_1954;PROD_31;1;4
ORD_1954;PROD_5;3;5
ORD_1954;PROD_47;5;1
ORD_1955;PROD_2;2;5
ORD_1955;PROD_28;7;5
ORD_1955;PROD_25;2;2
ORD_1955;PROD_10;3;3
ORD_1955;PROD_1;7;5
ORD_1955;PROD_6;4;1
ORD_1955;PROD_17;2;2
ORD_1955;PROD_50;4;4
ORD_1955;PROD_19;6;1
ORD_1955;PROD_9;2;2
ORD_1955;PROD_30;9;2
ORD_1955;PROD_16;5;1
ORD_1955;PROD_10;5;2
ORD_1955;PROD_33;1;5
ORD_1955;PROD_28;7;3
ORD_1956;PROD_7;6;4
ORD_1956;PROD_27;1;3
ORD_1956;PROD_49;5;5
ORD_1956;PROD_37;2;5
ORD_1956;PROD_8;1;4
ORD_1956;PROD_17;8;5
ORD_1956;PROD_34;6;2
ORD_1956;PROD_1;5;5
ORD_1956;PROD_26;1;3
ORD_1957;PROD_5;3;3
ORD_1957;PROD_8;2;3
ORD_1957;PROD_3;9;5
ORD_1957;PROD_32;6;2
ORD_1957;PROD_16;6;2
ORD_1958;PROD_44;9;1
ORD_1958;PROD_35;7;4
ORD_1958;PROD_26;1;3
ORD_1958;PROD_22;6;4
ORD_1958;PROD_24;8;2
ORD_1958;PROD_25;9;3
ORD_1958;PROD_20;1;4
ORD_1959;PROD_34;3;1
ORD_1959;PROD_4;5;5
ORD_1959;PROD_4;2;2
ORD_1959;PROD_49;4;4
ORD_1959;PROD_50;7;3
ORD_1960;PROD_9;2;5
ORD_1960;PROD_39;3;4
ORD_1960;PROD_11;1;1
ORD_1960;PROD_10;2;4
ORD_1960;PROD_7;3;5
ORD_1960;PROD_38;2;5
ORD_1960;PROD_8;2;5
ORD_1960;PROD_48;9;4
ORD_1961;PROD_10;2;4
ORD_1961;PROD_15;2;2
ORD_1961;PROD_32;2;4
ORD_1961;PROD_43;3;1
ORD_1961;PROD_26;7;4
ORD_1962;PROD_20;9;4
ORD_1962;PROD_25;6;5
ORD_1962;PROD_13;5;5
ORD_1962;PROD_49;6;5
ORD_1962;PROD_38;3;4
ORD_1962;PROD_27;2;4
ORD_1962;PROD_45;3;5
ORD_1962;PROD_33;5;4
ORD_1962;PROD_20;6;2
ORD_1963;PROD_2;8;2
ORD_1963;PROD_28;5;3
ORD_1963;PROD_20;1;2
ORD_1963;PROD_25;9;5
ORD_1963;PROD_13;8;3
ORD_1963;PROD_41;7;5
ORD_1963;PROD_48;8;5
ORD_1963;PROD_43;4;5
ORD_1963;PROD_12;8;1
ORD_1963;PROD_38;3;4
ORD_1963;PROD_29;7;1
ORD_1963;PROD_9;7;1
ORD_1964;PROD_23;4;5
ORD_1964;PROD_19;5;1
ORD_1964;PROD_38;9;2
ORD_1964;PROD_12;3;5
ORD_1964;PROD_7;6;4
ORD_1964;PROD_12;5;4
ORD_1964;PROD_3;8;4
ORD_1964;PROD_13;1;4
ORD_1964;PROD_22;6;2
ORD_1965;PROD_6;2;2
ORD_1965;PROD_45;1;4
ORD_1965;PROD_43;2;1
ORD_1965;PROD_16;1;5
ORD_1965;PROD_36;2;1
ORD_1965;PROD_18;9;4
ORD_1965;PROD_11;5;1
ORD_1965;PROD_17;3;5
ORD_1965;PROD_17;9;1
ORD_1965;PROD_29;7;3
ORD_1966;PROD_10;3;4
ORD_1966;PROD_15;4;3
ORD_1966;PROD_13;1;5
ORD_1966;PROD_40;1;2
ORD_1966;PROD_47;1;5
ORD_1966;PROD_18;1;4
ORD_1966;PROD_16;2;1
ORD_1966;PROD_10;5;4
ORD_1967;PROD_39;6;3
ORD_1967;PROD_37;7;3
ORD_1967;PROD_38;1;1
ORD_1967;PROD_23;1;5
ORD_1967;PROD_25;8;5
ORD_1967;PROD_21;3;3
ORD_1968;PROD_45;1;5
ORD_1968;PROD_25;2;5
ORD_1968;PROD_49;8;2
ORD_1968;PROD_14;9;5
ORD_1968;PROD_7;8;5
ORD_1968;PROD_28;5;5
ORD_1968;PROD_36;1;1
ORD_1969;PROD_21;7;2
ORD_1969;PROD_37;8;5
ORD_1969;PROD_45;5;1
ORD_1969;PROD_32;8;5
ORD_1969;PROD_40;5;1
ORD_1970;PROD_32;2;3
ORD_1970;PROD_43;1;3
ORD_1970;PROD_38;7;3
ORD_1970;PROD_4;5;3
ORD_1970;PROD_37;6;5
ORD_1970;PROD_11;8;4
ORD_1970;PROD_20;3;2
ORD_1970;PROD_1;4;2
ORD_1971;PROD_31;5;2
ORD_1971;PROD_47;7;5
ORD_1971;PROD_20;3;2
ORD_1971;PROD_34;4;3
ORD_1971;PROD_38;7;3
ORD_1971;PROD_22;7;1
ORD_1971;PROD_39;4;1
ORD_1971;PROD_41;7;5
ORD_1971;PROD_8;8;2
ORD_1971;PROD_40;8;1
ORD_1972;PROD_39;4;1
ORD_1972;PROD_37;7;1
ORD_1972;PROD_38;1;4
ORD_1972;PROD_23;9;5
ORD_1972;PROD_11;9;3
ORD_1972;PROD_25;7;3
ORD_1972;PROD_29;9;3
ORD_1972;PROD_13;6;5
ORD_1972;PROD_47;3;2
ORD_1972;PROD_47;3;2
ORD_1973;PROD_13;7;5
ORD_1973;PROD_44;3;1
ORD_1973;PROD_43;6;2
ORD_1973;PROD_45;8;4
ORD_1973;PROD_40;9;3
ORD_1974;PROD_23;5;2
ORD_1974;PROD_19;5;4
ORD_1974;PROD_38;8;4
ORD_1974;PROD_49;2;2
ORD_1974;PROD_38;2;2
ORD_1974;PROD_27;2;5
ORD_1974;PROD_45;6;3
ORD_1974;PROD_33;8;3
ORD_1974;PROD_7;4;1
ORD_1974;PROD_27;6;1
ORD_1974;PROD_49;2;3
ORD_1974;PROD_42;7;1
ORD_1974;PROD_50;7;1
ORD_1974;PROD_6;5;5
ORD_1974;PROD_45;4;5
ORD_1975;PROD_47;2;4
ORD_1975;PROD_33;5;3
ORD_1975;PROD_38;9;1
ORD_1975;PROD_2;1;3
ORD_1975;PROD_28;5;5
ORD_1975;PROD_17;7;1
ORD_1975;PROD_24;5;3
ORD_1975;PROD_23;2;5
ORD_1976;PROD_42;8;5
ORD_1976;PROD_19;8;2
ORD_1976;PROD_29;9;4
ORD_1976;PROD_6;1;5
ORD_1976;PROD_40;5;3
ORD_1976;PROD_18;4;1
ORD_1976;PROD_37;3;5
ORD_1976;PROD_21;1;5
ORD_1976;PROD_1;9;5
ORD_1976;PROD_32;3;5
ORD_1976;PROD_8;2;5
ORD_1976;PROD_37;2;1
ORD_1976;PROD_43;9;4
ORD_1976;PROD_38;8;5
ORD_1977;PROD_30;3;5
ORD_1977;PROD_41;7;5
ORD_1977;PROD_28;7;5
ORD_1977;PROD_48;1;3
ORD_1977;PROD_37;6;5
ORD_1977;PROD_30;9;2
ORD_1977;PROD_28;8;1
ORD_1977;PROD_20;4;3
ORD_1977;PROD_10;1;2
ORD_1977;PROD_1;8;2
ORD_1977;PROD_14;4;4
ORD_1977;PROD_31;6;3
ORD_1978;PROD_2;9;4
ORD_1978;PROD_39;4;3
ORD_1978;PROD_21;7;2
ORD_1978;PROD_31;4;4
ORD_1978;PROD_19;3;1
ORD_1978;PROD_33;4;4
ORD_1979;PROD_36;4;3
ORD_1979;PROD_47;2;5
ORD_1979;PROD_37;8;5
ORD_1979;PROD_36;7;3
ORD_1979;PROD_33;1;1
ORD_1979;PROD_10;3;4
ORD_1979;PROD_27;3;5
ORD_1979;PROD_49;6;4
ORD_1979;PROD_3;2;5
ORD_1980;PROD_13;3;2
ORD_1980;PROD_40;9;1
ORD_1980;PROD_47;5;2
ORD_1980;PROD_18;9;2
ORD_1980;PROD_16;1;4
ORD_1980;PROD_23;5;4
ORD_1980;PROD_50;6;3
ORD_1980;PROD_5;9;2
ORD_1981;PROD_46;3;1
ORD_1981;PROD_6;9;3
ORD_1981;PROD_11;6;3
ORD_1981;PROD_10;7;1
ORD_1981;PROD_18;5;5
ORD_1981;PROD_21;9;3
ORD_1981;PROD_25;5;5
ORD_1981;PROD_9;7;3
ORD_1981;PROD_16;5;3
ORD_1981;PROD_11;4;5
ORD_1981;PROD_43;9;4
ORD_1981;PROD_5;4;1
ORD_1982;PROD_28;7;3
ORD_1982;PROD_26;5;1
ORD_1982;PROD_48;6;3
ORD_1982;PROD_3;7;1
ORD_1982;PROD_13;1;2
ORD_1982;PROD_43;2;3
ORD_1982;PROD_49;3;5
ORD_1982;PROD_27;3;1
ORD_1982;PROD_32;6;5
ORD_1982;PROD_35;9;2
ORD_1982;PROD_13;5;3
ORD_1983;PROD_30;9;3
ORD_1983;PROD_9;1;4
ORD_1983;PROD_23;8;4
ORD_1983;PROD_2;9;3
ORD_1983;PROD_28;2;2
ORD_1983;PROD_20;3;1
ORD_1983;PROD_39;8;3
ORD_1983;PROD_45;3;5
ORD_1983;PROD_18;9;2
ORD_1983;PROD_38;4;2
ORD_1983;PROD_31;2;2
ORD_1983;PROD_20;3;2
ORD_1983;PROD_41;6;2
ORD_1984;PROD_32;1;5
ORD_1984;PROD_39;5;3
ORD_1984;PROD_24;6;3
ORD_1984;PROD_35;7;1
ORD_1984;PROD_35;4;5
ORD_1984;PROD_42;1;5
ORD_1984;PROD_24;6;1
ORD_1984;PROD_25;8;2
ORD_1984;PROD_29;2;3
ORD_1984;PROD_14;6;4
ORD_1984;PROD_50;5;1
ORD_1984;PROD_17;3;3
ORD_1984;PROD_23;1;3
ORD_1984;PROD_37;4;4
ORD_1984;PROD_14;6;5
ORD_1985;PROD_15;2;3
ORD_1985;PROD_39;4;4
ORD_1985;PROD_9;1;4
ORD_1985;PROD_48;1;4
ORD_1985;PROD_25;2;2
ORD_1985;PROD_2;2;5
ORD_1986;PROD_20;4;4
ORD_1986;PROD_25;5;4
ORD_1986;PROD_13;7;3
ORD_1986;PROD_45;4;1
ORD_1986;PROD_39;7;2
ORD_1986;PROD_14;3;4
ORD_1986;PROD_10;6;5
ORD_1987;PROD_47;3;2
ORD_1987;PROD_21;8;4
ORD_1987;PROD_1;3;5
ORD_1987;PROD_5;2;4
ORD_1987;PROD_31;2;5
ORD_1987;PROD_12;8;4
ORD_1987;PROD_6;9;5
ORD_1987;PROD_12;6;4
ORD_1987;PROD_36;7;5
ORD_1987;PROD_31;1;5
ORD_1987;PROD_37;3;5
ORD_1987;PROD_28;8;1
ORD_1988;PROD_17;8;1
ORD_1988;PROD_27;7;1
ORD_1988;PROD_3;2;4
ORD_1988;PROD_30;3;5
ORD_1988;PROD_27;2;5
ORD_1988;PROD_40;9;4
ORD_1988;PROD_39;5;4
ORD_1988;PROD_44;3;3
ORD_1988;PROD_9;3;2
ORD_1989;PROD_13;5;1
ORD_1989;PROD_44;3;4
ORD_1989;PROD_43;2;4
ORD_1989;PROD_45;7;1
ORD_1989;PROD_25;8;4
ORD_1989;PROD_21;4;5
ORD_1989;PROD_14;6;2
ORD_1989;PROD_42;5;2
ORD_1990;PROD_36;6;2
ORD_1990;PROD_21;4;5
ORD_1990;PROD_15;8;3
ORD_1990;PROD_39;2;3
ORD_1990;PROD_11;1;4
ORD_1990;PROD_25;8;1
ORD_1990;PROD_29;9;5
ORD_1990;PROD_13;6;2
ORD_1990;PROD_20;5;2
ORD_1990;PROD_25;3;1
ORD_1990;PROD_13;4;5
ORD_1991;PROD_11;9;2
ORD_1991;PROD_37;4;5
ORD_1991;PROD_30;4;4
ORD_1991;PROD_26;5;4
ORD_1991;PROD_32;4;1
ORD_1991;PROD_40;8;1
ORD_1991;PROD_21;8;4
ORD_1991;PROD_9;9;2
ORD_1991;PROD_47;9;5
ORD_1991;PROD_25;9;2
ORD_1991;PROD_43;5;4
ORD_1991;PROD_29;5;4
ORD_1991;PROD_10;9;4
ORD_1991;PROD_47;4;4
ORD_1991;PROD_50;7;5
ORD_1992;PROD_23;8;4
ORD_1992;PROD_19;4;3
ORD_1992;PROD_38;5;5
ORD_1992;PROD_11;5;5
ORD_1992;PROD_25;3;4
ORD_1992;PROD_29;8;5
ORD_1992;PROD_13;1;2
ORD_1993;PROD_46;1;2
ORD_1993;PROD_7;4;4
ORD_1993;PROD_24;9;5
ORD_1993;PROD_8;7;1
ORD_1993;PROD_33;5;3
ORD_1993;PROD_46;6;5
ORD_1993;PROD_6;1;5
ORD_1993;PROD_41;1;4
ORD_1993;PROD_14;9;5
ORD_1993;PROD_15;7;3
ORD_1993;PROD_49;7;1
ORD_1993;PROD_46;4;2
ORD_1993;PROD_2;5;2
ORD_1993;PROD_28;7;1
ORD_1994;PROD_9;6;3
ORD_1994;PROD_31;9;2
ORD_1994;PROD_28;8;2
ORD_1994;PROD_22;1;5
ORD_1994;PROD_21;6;3
ORD_1994;PROD_10;4;5
ORD_1994;PROD_48;7;4
ORD_1994;PROD_21;3;1
ORD_1994;PROD_30;6;1
ORD_1994;PROD_42;4;2
ORD_1994;PROD_13;2;4
ORD_1994;PROD_22;2;5
ORD_1994;PROD_7;5;5
ORD_1994;PROD_35;3;5
ORD_1995;PROD_30;9;4
ORD_1995;PROD_32;3;1
ORD_1995;PROD_27;9;5
ORD_1995;PROD_43;9;3
ORD_1995;PROD_14;6;4
ORD_1995;PROD_11;6;5
ORD_1995;PROD_24;6;2
ORD_1995;PROD_2;6;5
ORD_1996;PROD_32;2;5
ORD_1996;PROD_43;1;4
ORD_1996;PROD_40;8;4
ORD_1996;PROD_9;2;4
ORD_1996;PROD_25;7;3
ORD_1996;PROD_46;5;1
ORD_1996;PROD_23;1;4
ORD_1996;PROD_19;2;4
ORD_1997;PROD_24;4;1
ORD_1997;PROD_5;2;2
ORD_1997;PROD_2;1;5
ORD_1997;PROD_33;7;3
ORD_1997;PROD_20;4;1
ORD_1997;PROD_18;4;3
ORD_1997;PROD_30;8;4
ORD_1997;PROD_37;8;4
ORD_1998;PROD_10;1;5
ORD_1998;PROD_15;5;1
ORD_1998;PROD_40;1;1
ORD_1998;PROD_9;8;4
ORD_1998;PROD_25;3;1
ORD_1998;PROD_46;8;1
ORD_1998;PROD_23;2;3
ORD_1998;PROD_25;9;2
ORD_1998;PROD_21;7;3
ORD_1998;PROD_14;1;3
ORD_1998;PROD_42;6;2
ORD_1999;PROD_7;7;3
ORD_1999;PROD_27;1;5
ORD_1999;PROD_49;5;2
ORD_1999;PROD_46;5;1
ORD_1999;PROD_44;7;1
ORD_1999;PROD_34;7;2
ORD_1999;PROD_32;6;5
ORD_1999;PROD_27;1;4
ORD_1999;PROD_32;3;1
ORD_2000;PROD_2;8;3
ORD_2000;PROD_3;9;5
ORD_2000;PROD_23;5;5
ORD_2000;PROD_15;8;1
ORD_2000;PROD_40;4;5
ORD_2000;PROD_48;3;4
ORD_2000;PROD_35;9;3
ORD_2000;PROD_49;1;3
ORD_2001;PROD_49;2;3
ORD_2001;PROD_38;5;4
ORD_2001;PROD_27;3;1
ORD_2001;PROD_45;5;3
ORD_2001;PROD_33;9;1
ORD_2001;PROD_38;7;3
ORD_2001;PROD_4;5;5
ORD_2001;PROD_37;4;4
ORD_2001;PROD_11;2;1
ORD_2001;PROD_20;6;1
ORD_2001;PROD_25;6;4
ORD_2001;PROD_21;6;1
ORD_2001;PROD_14;7;3
ORD_2001;PROD_42;6;1
ORD_2002;PROD_13;4;4
ORD_2002;PROD_44;6;4
ORD_2002;PROD_43;4;5
ORD_2002;PROD_45;5;4
ORD_2002;PROD_40;9;1
ORD_2002;PROD_9;1;5
ORD_2002;PROD_25;6;2
ORD_2002;PROD_46;1;4
ORD_2002;PROD_23;4;1
ORD_2002;PROD_42;9;3
ORD_2002;PROD_43;4;3
ORD_2002;PROD_16;6;4
ORD_2002;PROD_33;1;2
ORD_2002;PROD_49;6;3
ORD_2003;PROD_17;7;2
ORD_2003;PROD_6;4;4
ORD_2003;PROD_15;6;4
ORD_2003;PROD_27;1;5
ORD_2003;PROD_3;7;2
ORD_2003;PROD_35;5;2
ORD_2003;PROD_25;1;3
ORD_2004;PROD_7;4;2
ORD_2004;PROD_27;3;1
ORD_2004;PROD_49;8;5
ORD_2004;PROD_36;3;4
ORD_2004;PROD_21;5;3
ORD_2004;PROD_15;9;5
ORD_2004;PROD_39;3;3
ORD_2004;PROD_39;3;5
ORD_2004;PROD_37;9;5
ORD_2004;PROD_26;9;4
ORD_2004;PROD_24;7;5
ORD_2004;PROD_13;3;4
ORD_2005;PROD_48;4;3
ORD_2005;PROD_24;6;5
ORD_2005;PROD_15;1;4
ORD_2005;PROD_49;9;1
ORD_2005;PROD_20;5;4
ORD_2005;PROD_36;6;5
ORD_2005;PROD_22;9;3
ORD_2005;PROD_46;8;2
ORD_2005;PROD_32;7;1
ORD_2005;PROD_46;7;4
ORD_2006;PROD_6;9;5
ORD_2006;PROD_21;7;1
ORD_2006;PROD_7;3;3
ORD_2006;PROD_1;7;1
ORD_2006;PROD_29;5;5
ORD_2006;PROD_42;4;5
ORD_2007;PROD_32;7;1
ORD_2007;PROD_43;8;5
ORD_2007;PROD_6;3;4
ORD_2007;PROD_45;6;5
ORD_2007;PROD_43;4;3
ORD_2007;PROD_49;6;2
ORD_2007;PROD_38;5;2
ORD_2008;PROD_36;8;5
ORD_2008;PROD_21;9;5
ORD_2008;PROD_15;4;3
ORD_2008;PROD_39;8;3
ORD_2008;PROD_32;9;5
ORD_2008;PROD_43;5;4
ORD_2008;PROD_14;7;1
ORD_2008;PROD_20;5;3
ORD_2008;PROD_38;7;4
ORD_2008;PROD_19;3;5
ORD_2008;PROD_35;6;3
ORD_2009;PROD_38;6;5
ORD_2009;PROD_4;7;4
ORD_2009;PROD_37;5;2
ORD_2009;PROD_11;5;2
ORD_2009;PROD_20;3;3
ORD_2009;PROD_39;5;1
ORD_2009;PROD_37;8;3
ORD_2009;PROD_38;8;3
ORD_2009;PROD_23;6;5
ORD_2009;PROD_6;6;1
ORD_2009;PROD_45;6;1
ORD_2009;PROD_43;7;4
ORD_2010;PROD_7;5;4
ORD_2010;PROD_21;7;3
ORD_2010;PROD_27;9;2
ORD_2010;PROD_6;7;5
ORD_2010;PROD_1;7;1
ORD_2010;PROD_48;2;2
ORD_2010;PROD_23;2;1
ORD_2010;PROD_15;5;4
ORD_2010;PROD_42;1;1
ORD_2010;PROD_3;6;2
ORD_2010;PROD_24;6;2
ORD_2010;PROD_33;1;2
ORD_2011;PROD_11;1;3
ORD_2011;PROD_25;3;3
ORD_2011;PROD_29;3;2
ORD_2011;PROD_13;2;4
ORD_2011;PROD_25;6;3
ORD_2011;PROD_21;5;3
ORD_2011;PROD_14;5;5
ORD_2011;PROD_42;9;4
ORD_2011;PROD_11;2;3
ORD_2012;PROD_23;8;3
ORD_2012;PROD_33;9;1
ORD_2012;PROD_39;7;5
ORD_2012;PROD_43;2;3
ORD_2012;PROD_34;9;4
ORD_2012;PROD_24;6;3
ORD_2013;PROD_3;5;1
ORD_2013;PROD_1;8;3
ORD_2013;PROD_3;9;2
ORD_2013;PROD_14;2;1
ORD_2013;PROD_30;1;1
ORD_2013;PROD_43;7;4
ORD_2013;PROD_43;3;2
ORD_2013;PROD_33;3;2
ORD_2013;PROD_14;3;3
ORD_2013;PROD_24;8;2
ORD_2013;PROD_16;2;1
ORD_2013;PROD_7;1;5
ORD_2013;PROD_48;9;5
ORD_2013;PROD_1;5;5
ORD_2014;PROD_46;9;4
ORD_2014;PROD_4;4;3
ORD_2014;PROD_2;3;2
ORD_2014;PROD_26;5;3
ORD_2014;PROD_20;8;1
ORD_2014;PROD_14;1;2
ORD_2014;PROD_36;7;1
ORD_2014;PROD_13;1;1
ORD_2014;PROD_42;8;5
ORD_2014;PROD_44;9;4
ORD_2014;PROD_17;8;3
ORD_2014;PROD_8;3;5
ORD_2015;PROD_23;7;1
ORD_2015;PROD_50;5;4
ORD_2015;PROD_37;6;4
ORD_2015;PROD_42;7;3
ORD_2015;PROD_30;3;1
ORD_2015;PROD_5;8;1
ORD_2015;PROD_24;5;4
ORD_2015;PROD_12;8;3
ORD_2015;PROD_40;7;1
ORD_2015;PROD_39;3;3
ORD_2015;PROD_35;7;5
ORD_2015;PROD_3;9;2
ORD_2016;PROD_2;1;4
ORD_2016;PROD_15;7;4
ORD_2016;PROD_21;8;3
ORD_2016;PROD_1;7;5
ORD_2016;PROD_48;9;5
ORD_2016;PROD_33;2;5
ORD_2016;PROD_12;1;1
ORD_2016;PROD_25;8;5
ORD_2016;PROD_48;8;1
ORD_2016;PROD_2;1;1
ORD_2016;PROD_38;3;1
ORD_2016;PROD_22;6;5
ORD_2017;PROD_19;5;4
ORD_2017;PROD_4;9;1
ORD_2017;PROD_13;5;1
ORD_2017;PROD_34;6;2
ORD_2017;PROD_14;3;5
ORD_2017;PROD_29;3;4
ORD_2017;PROD_28;7;5
ORD_2017;PROD_9;4;1
ORD_2017;PROD_14;2;1
ORD_2017;PROD_23;2;2
ORD_2017;PROD_1;5;3
ORD_2017;PROD_36;8;1
ORD_2017;PROD_2;1;5
ORD_2018;PROD_22;1;4
ORD_2018;PROD_15;4;3
ORD_2018;PROD_20;3;1
ORD_2018;PROD_45;4;2
ORD_2018;PROD_45;5;5
ORD_2018;PROD_31;1;1
ORD_2019;PROD_20;9;2
ORD_2019;PROD_25;6;3
ORD_2019;PROD_13;8;2
ORD_2019;PROD_39;5;5
ORD_2019;PROD_37;8;2
ORD_2019;PROD_38;1;3
ORD_2020;PROD_39;2;3
ORD_2020;PROD_38;1;3
ORD_2020;PROD_43;1;1
ORD_2020;PROD_48;5;3
ORD_2020;PROD_31;5;1
ORD_2020;PROD_28;4;5
ORD_2020;PROD_10;7;3
ORD_2020;PROD_21;5;5
ORD_2020;PROD_28;9;4
ORD_2021;PROD_10;2;5
ORD_2021;PROD_15;4;1
ORD_2021;PROD_2;1;5
ORD_2021;PROD_28;1;4
ORD_2021;PROD_49;6;2
ORD_2021;PROD_38;5;3
ORD_2021;PROD_27;9;3
ORD_2021;PROD_45;9;2
ORD_2021;PROD_33;5;4
ORD_2021;PROD_18;5;3
ORD_2021;PROD_11;7;1
ORD_2021;PROD_23;8;4
ORD_2021;PROD_7;3;2
ORD_2021;PROD_47;7;5
ORD_2021;PROD_16;4;2
ORD_2022;PROD_18;4;5
ORD_2022;PROD_1;5;2
ORD_2022;PROD_8;8;4
ORD_2022;PROD_19;8;5
ORD_2022;PROD_9;7;1
ORD_2022;PROD_7;1;2
ORD_2022;PROD_9;7;4
ORD_2022;PROD_27;6;5
ORD_2022;PROD_4;4;3
ORD_2022;PROD_6;7;3
ORD_2022;PROD_38;4;3
ORD_2022;PROD_5;2;3
ORD_2022;PROD_39;4;1
ORD_2022;PROD_34;9;2
ORD_2023;PROD_4;3;5
ORD_2023;PROD_11;7;4
ORD_2023;PROD_2;3;2
ORD_2023;PROD_9;3;2
ORD_2023;PROD_20;3;5
ORD_2023;PROD_16;7;1
ORD_2023;PROD_12;6;1
ORD_2023;PROD_50;1;2
ORD_2023;PROD_2;8;4
ORD_2024;PROD_35;9;2
ORD_2024;PROD_45;2;3
ORD_2024;PROD_12;5;3
ORD_2024;PROD_10;4;2
ORD_2024;PROD_2;5;2
ORD_2024;PROD_11;3;3
ORD_2025;PROD_24;4;1
ORD_2025;PROD_3;2;1
ORD_2025;PROD_18;7;2
ORD_2025;PROD_21;2;2
ORD_2025;PROD_48;5;1
ORD_2025;PROD_38;8;4
ORD_2025;PROD_36;2;4
ORD_2025;PROD_15;3;5
ORD_2025;PROD_16;9;1
ORD_2025;PROD_46;1;5
ORD_2025;PROD_12;9;2
ORD_2026;PROD_5;3;2
ORD_2026;PROD_20;6;1
ORD_2026;PROD_39;8;2
ORD_2026;PROD_26;9;3
ORD_2026;PROD_4;4;4
ORD_2027;PROD_5;8;5
ORD_2027;PROD_32;2;2
ORD_2027;PROD_24;8;2
ORD_2027;PROD_11;9;2
ORD_2027;PROD_43;3;1
ORD_2027;PROD_42;9;1
ORD_2027;PROD_50;6;3
ORD_2027;PROD_13;6;3
ORD_2027;PROD_1;7;1
ORD_2027;PROD_2;4;2
ORD_2027;PROD_40;1;5
ORD_2027;PROD_36;3;1
ORD_2027;PROD_13;1;4
ORD_2028;PROD_36;9;5
ORD_2028;PROD_21;5;4
ORD_2028;PROD_15;3;2
ORD_2028;PROD_39;7;5
ORD_2028;PROD_2;2;1
ORD_2028;PROD_40;9;4
ORD_2028;PROD_19;2;4
ORD_2028;PROD_2;7;2
ORD_2028;PROD_26;6;3
ORD_2028;PROD_50;5;3
ORD_2028;PROD_37;6;2
ORD_2029;PROD_23;5;3
ORD_2029;PROD_19;7;5
ORD_2029;PROD_38;1;1
ORD_2029;PROD_47;9;1
ORD_2029;PROD_33;8;5
ORD_2029;PROD_38;2;1
ORD_2029;PROD_20;6;4
ORD_2029;PROD_18;4;3
ORD_2029;PROD_17;9;4
ORD_2029;PROD_37;7;1
ORD_2029;PROD_29;4;4
ORD_2029;PROD_44;5;1
ORD_2029;PROD_19;8;1
ORD_2030;PROD_23;1;1
ORD_2030;PROD_16;2;5
ORD_2030;PROD_1;1;2
ORD_2030;PROD_1;8;3
ORD_2030;PROD_30;4;3
ORD_2030;PROD_18;8;2
ORD_2030;PROD_12;2;4
ORD_2030;PROD_44;8;4
ORD_2030;PROD_6;8;3
ORD_2030;PROD_46;1;3
ORD_2031;PROD_24;9;1
ORD_2031;PROD_5;9;4
ORD_2031;PROD_2;7;4
ORD_2031;PROD_33;6;2
ORD_2031;PROD_40;4;3
ORD_2031;PROD_9;5;5
ORD_2031;PROD_25;5;4
ORD_2031;PROD_46;5;1
ORD_2031;PROD_23;5;2
ORD_2031;PROD_25;5;5
ORD_2031;PROD_21;2;5
ORD_2031;PROD_14;5;5
ORD_2031;PROD_42;4;1
ORD_2031;PROD_23;5;5
ORD_2031;PROD_44;7;5
ORD_2032;PROD_32;2;4
ORD_2032;PROD_43;9;1
ORD_2032;PROD_32;9;3
ORD_2032;PROD_50;3;3
ORD_2032;PROD_20;2;5
ORD_2032;PROD_42;1;5
ORD_2032;PROD_40;2;2
ORD_2032;PROD_22;9;1
ORD_2032;PROD_23;9;1
ORD_2032;PROD_3;1;5
ORD_2033;PROD_47;4;4
ORD_2033;PROD_33;4;5
ORD_2033;PROD_38;9;5
ORD_2033;PROD_23;8;3
ORD_2033;PROD_5;3;1
ORD_2033;PROD_23;1;5
ORD_2033;PROD_17;9;1
ORD_2033;PROD_19;7;1
ORD_2033;PROD_46;4;3
ORD_2033;PROD_14;8;5
ORD_2033;PROD_18;4;5
ORD_2033;PROD_50;7;3
ORD_2033;PROD_49;7;2
ORD_2034;PROD_24;4;1
ORD_2034;PROD_5;8;3
ORD_2034;PROD_2;2;2
ORD_2034;PROD_33;6;3
ORD_2034;PROD_41;1;4
ORD_2034;PROD_14;3;4
ORD_2034;PROD_46;1;2
ORD_2034;PROD_3;1;3
ORD_2034;PROD_8;5;5
ORD_2034;PROD_21;4;2
