ORDER;PRODUCT;QTY;STATION
CORD_ORD_1;PROD_11;1;1
CORD_ORD_1;PROD_12;1;1
CORD_ORD_1;PROD_14;1;1
CORD_ORD_1;PROD_18;1;1
CORD_ORD_1;PROD_2;1;1
CORD_ORD_1;PROD_26;1;1
CORD_ORD_1;PROD_36;1;1
CORD_ORD_1;PROD_38;1;1
CORD_ORD_1;PROD_4;1;1
CORD_ORD_1;PROD_40;1;1
CORD_ORD_1;PROD_46;1;1
CORD_ORD_1;PROD_47;1;1
CORD_ORD_1;PROD_48;1;1
CORD_ORD_1;PROD_9;1;1
CORD_ORD_2;PROD_10;1;1
CORD_ORD_2;PROD_12;1;1
CORD_ORD_2;PROD_21;1;1
CORD_ORD_2;PROD_24;1;1
CORD_ORD_2;PROD_26;1;1
CORD_ORD_2;PROD_29;1;1
CORD_ORD_2;PROD_30;1;1
CORD_ORD_2;PROD_31;1;1
CORD_ORD_2;PROD_43;1;1
CORD_ORD_2;PROD_8;1;1
CORD_ORD_3;PROD_1;1;1
CORD_ORD_3;PROD_12;1;1
CORD_ORD_3;PROD_15;1;1
CORD_ORD_3;PROD_16;1;1
CORD_ORD_3;PROD_21;1;1
CORD_ORD_3;PROD_22;1;1
CORD_ORD_3;PROD_24;1;1
CORD_ORD_3;PROD_25;1;1
CORD_ORD_3;PROD_26;1;1
CORD_ORD_3;PROD_28;1;1
CORD_ORD_3;PROD_29;1;1
CORD_ORD_3;PROD_3;1;1
CORD_ORD_3;PROD_31;1;1
CORD_ORD_3;PROD_32;1;1
CORD_ORD_3;PROD_50;1;1
CORD_ORD_3;PROD_6;1;1
CORD_ORD_4;PROD_10;1;1
CORD_ORD_4;PROD_12;1;1
CORD_ORD_4;PROD_14;1;1
CORD_ORD_4;PROD_15;1;1
CORD_ORD_4;PROD_19;1;1
CORD_ORD_4;PROD_20;1;1
CORD_ORD_4;PROD_26;1;1
CORD_ORD_4;PROD_32;1;1
CORD_ORD_4;PROD_36;1;1
CORD_ORD_4;PROD_39;1;1
CORD_ORD_4;PROD_40;1;1
CORD_ORD_4;PROD_43;1;1
CORD_ORD_4;PROD_45;1;1
CORD_ORD_4;PROD_46;1;1
CORD_ORD_4;PROD_47;1;1
CORD_ORD_4;PROD_50;1;1
CORD_ORD_4;PROD_6;1;1
CORD_ORD_4;PROD_9;1;1
CORD_ORD_5;PROD_1;1;1
CORD_ORD_5;PROD_10;1;1
CORD_ORD_5;PROD_11;1;1
CORD_ORD_5;PROD_15;1;1
CORD_ORD_5;PROD_17;1;1
CORD_ORD_5;PROD_29;1;1
CORD_ORD_5;PROD_3;1;1
CORD_ORD_5;PROD_30;1;1
CORD_ORD_5;PROD_31;1;1
CORD_ORD_5;PROD_32;1;1
CORD_ORD_5;PROD_38;1;1
CORD_ORD_5;PROD_4;1;1
CORD_ORD_5;PROD_40;1;1
CORD_ORD_5;PROD_41;1;1
CORD_ORD_5;PROD_43;1;1
CORD_ORD_5;PROD_47;1;1
CORD_ORD_5;PROD_48;1;1
CORD_ORD_5;PROD_8;1;1
CORD_ORD_6;PROD_11;1;1
CORD_ORD_6;PROD_15;1;1
CORD_ORD_6;PROD_16;1;1
CORD_ORD_6;PROD_17;1;1
CORD_ORD_6;PROD_19;1;1
CORD_ORD_6;PROD_21;1;1
CORD_ORD_6;PROD_24;1;1
CORD_ORD_6;PROD_25;1;1
CORD_ORD_6;PROD_30;1;1
CORD_ORD_6;PROD_32;1;1
CORD_ORD_6;PROD_37;1;1
CORD_ORD_6;PROD_40;1;1
CORD_ORD_6;PROD_41;1;1
CORD_ORD_6;PROD_44;1;1
CORD_ORD_6;PROD_45;1;1
CORD_ORD_6;PROD_47;1;1
CORD_ORD_6;PROD_48;1;1
CORD_ORD_6;PROD_8;1;1
CORD_ORD_7;PROD_1;1;1
CORD_ORD_7;PROD_10;1;1
CORD_ORD_7;PROD_20;1;1
CORD_ORD_7;PROD_3;1;1
CORD_ORD_7;PROD_30;1;1
CORD_ORD_7;PROD_36;1;1
CORD_ORD_7;PROD_39;1;1
CORD_ORD_7;PROD_43;1;1
CORD_ORD_7;PROD_46;1;1
CORD_ORD_7;PROD_8;1;1
CORD_ORD_8;PROD_1;1;1
CORD_ORD_8;PROD_10;1;1
CORD_ORD_8;PROD_14;1;1
CORD_ORD_8;PROD_22;1;1
CORD_ORD_8;PROD_28;1;1
CORD_ORD_8;PROD_3;1;1
CORD_ORD_8;PROD_34;1;1
CORD_ORD_8;PROD_35;1;1
CORD_ORD_8;PROD_36;1;1
CORD_ORD_8;PROD_38;1;1
CORD_ORD_8;PROD_4;1;1
CORD_ORD_8;PROD_43;1;1
CORD_ORD_8;PROD_46;1;1
CORD_ORD_8;PROD_5;1;1
CORD_ORD_8;PROD_7;1;1
CORD_ORD_8;PROD_9;1;1
CORD_ORD_9;PROD_10;1;1
CORD_ORD_9;PROD_12;1;1
CORD_ORD_9;PROD_16;1;1
CORD_ORD_9;PROD_17;1;1
CORD_ORD_9;PROD_19;1;1
CORD_ORD_9;PROD_20;1;1
CORD_ORD_9;PROD_25;1;1
CORD_ORD_9;PROD_26;1;1
CORD_ORD_9;PROD_29;1;1
CORD_ORD_9;PROD_30;1;1
CORD_ORD_9;PROD_31;1;1
CORD_ORD_9;PROD_37;1;1
CORD_ORD_9;PROD_38;1;1
CORD_ORD_9;PROD_39;1;1
CORD_ORD_9;PROD_4;1;1
CORD_ORD_9;PROD_41;1;1
CORD_ORD_9;PROD_43;1;1
CORD_ORD_9;PROD_44;1;1
CORD_ORD_9;PROD_45;1;1
CORD_ORD_9;PROD_8;1;1
CORD_ORD_10;PROD_10;1;1
CORD_ORD_10;PROD_11;1;1
CORD_ORD_10;PROD_12;1;1
CORD_ORD_10;PROD_17;1;1
CORD_ORD_10;PROD_20;1;1
CORD_ORD_10;PROD_21;1;1
CORD_ORD_10;PROD_22;1;1
CORD_ORD_10;PROD_24;1;1
CORD_ORD_10;PROD_26;1;1
CORD_ORD_10;PROD_27;1;1
CORD_ORD_10;PROD_28;1;1
CORD_ORD_10;PROD_35;1;1
CORD_ORD_10;PROD_36;1;1
CORD_ORD_10;PROD_37;1;1
CORD_ORD_10;PROD_39;1;1
CORD_ORD_10;PROD_40;1;1
CORD_ORD_10;PROD_41;1;1
CORD_ORD_10;PROD_43;1;1
CORD_ORD_10;PROD_44;1;1
CORD_ORD_10;PROD_46;1;1
CORD_ORD_10;PROD_47;1;1
CORD_ORD_10;PROD_48;1;1
CORD_ORD_10;PROD_49;1;1
CORD_ORD_10;PROD_7;1;1
CORD_ORD_11;PROD_10;1;1
CORD_ORD_11;PROD_12;1;1
CORD_ORD_11;PROD_15;1;1
CORD_ORD_11;PROD_16;1;1
CORD_ORD_11;PROD_19;1;1
CORD_ORD_11;PROD_25;1;1
CORD_ORD_11;PROD_26;1;1
CORD_ORD_11;PROD_27;1;1
CORD_ORD_11;PROD_29;1;1
CORD_ORD_11;PROD_30;1;1
CORD_ORD_11;PROD_31;1;1
CORD_ORD_11;PROD_32;1;1
CORD_ORD_11;PROD_37;1;1
CORD_ORD_11;PROD_38;1;1
CORD_ORD_11;PROD_4;1;1
CORD_ORD_11;PROD_43;1;1
CORD_ORD_11;PROD_44;1;1
CORD_ORD_11;PROD_45;1;1
CORD_ORD_11;PROD_49;1;1
CORD_ORD_11;PROD_8;1;1
CORD_ORD_12;PROD_1;1;1
CORD_ORD_12;PROD_10;1;1
CORD_ORD_12;PROD_12;1;1
CORD_ORD_12;PROD_13;1;1
CORD_ORD_12;PROD_14;1;1
CORD_ORD_12;PROD_16;1;1
CORD_ORD_12;PROD_17;1;1
CORD_ORD_12;PROD_19;1;1
CORD_ORD_12;PROD_25;1;1
CORD_ORD_12;PROD_26;1;1
CORD_ORD_12;PROD_27;1;1
CORD_ORD_12;PROD_3;1;1
CORD_ORD_12;PROD_33;1;1
CORD_ORD_12;PROD_34;1;1
CORD_ORD_12;PROD_35;1;1
CORD_ORD_12;PROD_40;1;1
CORD_ORD_12;PROD_41;1;1
CORD_ORD_12;PROD_43;1;1
CORD_ORD_12;PROD_45;1;1
CORD_ORD_12;PROD_47;1;1
CORD_ORD_12;PROD_49;1;1
CORD_ORD_12;PROD_5;1;1
CORD_ORD_12;PROD_7;1;1
CORD_ORD_12;PROD_9;1;1
CORD_ORD_13;PROD_10;1;1
CORD_ORD_13;PROD_11;1;1
CORD_ORD_13;PROD_15;1;1
CORD_ORD_13;PROD_27;1;1
CORD_ORD_13;PROD_29;1;1
CORD_ORD_13;PROD_31;1;1
CORD_ORD_13;PROD_32;1;1
CORD_ORD_13;PROD_43;1;1
CORD_ORD_13;PROD_48;1;1
CORD_ORD_13;PROD_49;1;1
CORD_ORD_13;PROD_50;1;1
CORD_ORD_13;PROD_6;1;1
CORD_ORD_14;PROD_10;1;1
CORD_ORD_14;PROD_11;1;1
CORD_ORD_14;PROD_13;1;1
CORD_ORD_14;PROD_14;1;1
CORD_ORD_14;PROD_21;1;1
CORD_ORD_14;PROD_24;1;1
CORD_ORD_14;PROD_27;1;1
CORD_ORD_14;PROD_33;1;1
CORD_ORD_14;PROD_35;1;1
CORD_ORD_14;PROD_43;1;1
CORD_ORD_14;PROD_48;1;1
CORD_ORD_14;PROD_49;1;1
CORD_ORD_14;PROD_50;1;1
CORD_ORD_14;PROD_6;1;1
CORD_ORD_14;PROD_7;1;1
CORD_ORD_14;PROD_9;1;1
CORD_ORD_15;PROD_10;1;1
CORD_ORD_15;PROD_11;1;1
CORD_ORD_15;PROD_13;1;1
CORD_ORD_15;PROD_19;1;1
CORD_ORD_15;PROD_20;1;1
CORD_ORD_15;PROD_22;1;1
CORD_ORD_15;PROD_23;1;1
CORD_ORD_15;PROD_28;1;1
CORD_ORD_15;PROD_30;1;1
CORD_ORD_15;PROD_33;1;1
CORD_ORD_15;PROD_36;1;1
CORD_ORD_15;PROD_37;1;1
CORD_ORD_15;PROD_38;1;1
CORD_ORD_15;PROD_39;1;1
CORD_ORD_15;PROD_4;1;1
CORD_ORD_15;PROD_42;1;1
CORD_ORD_15;PROD_43;1;1
CORD_ORD_15;PROD_44;1;1
CORD_ORD_15;PROD_45;1;1
CORD_ORD_15;PROD_46;1;1
CORD_ORD_15;PROD_48;1;1
CORD_ORD_15;PROD_8;1;1
CORD_ORD_16;PROD_10;1;1
CORD_ORD_16;PROD_15;1;1
CORD_ORD_16;PROD_30;1;1
CORD_ORD_16;PROD_32;1;1
CORD_ORD_16;PROD_34;1;1
CORD_ORD_16;PROD_38;1;1
CORD_ORD_16;PROD_4;1;1
CORD_ORD_16;PROD_43;1;1
CORD_ORD_16;PROD_5;1;1
CORD_ORD_16;PROD_8;1;1
CORD_ORD_17;PROD_11;1;1
CORD_ORD_17;PROD_12;1;1
CORD_ORD_17;PROD_13;1;1
CORD_ORD_17;PROD_15;1;1
CORD_ORD_17;PROD_16;1;1
CORD_ORD_17;PROD_25;1;1
CORD_ORD_17;PROD_26;1;1
CORD_ORD_17;PROD_29;1;1
CORD_ORD_17;PROD_30;1;1
CORD_ORD_17;PROD_31;1;1
CORD_ORD_17;PROD_32;1;1
CORD_ORD_17;PROD_33;1;1
CORD_ORD_17;PROD_34;1;1
CORD_ORD_17;PROD_36;1;1
CORD_ORD_17;PROD_37;1;1
CORD_ORD_17;PROD_40;1;1
CORD_ORD_17;PROD_44;1;1
CORD_ORD_17;PROD_46;1;1
CORD_ORD_17;PROD_47;1;1
CORD_ORD_17;PROD_48;1;1
CORD_ORD_17;PROD_5;1;1
CORD_ORD_17;PROD_8;1;1
CORD_ORD_18;PROD_1;1;1
CORD_ORD_18;PROD_10;1;1
CORD_ORD_18;PROD_14;1;1
CORD_ORD_18;PROD_15;1;1
CORD_ORD_18;PROD_29;1;1
CORD_ORD_18;PROD_3;1;1
CORD_ORD_18;PROD_31;1;1
CORD_ORD_18;PROD_32;1;1
CORD_ORD_18;PROD_35;1;1
CORD_ORD_18;PROD_40;1;1
CORD_ORD_18;PROD_43;1;1
CORD_ORD_18;PROD_47;1;1
CORD_ORD_18;PROD_50;1;1
CORD_ORD_18;PROD_6;1;1
CORD_ORD_18;PROD_7;1;1
CORD_ORD_18;PROD_9;1;1
CORD_ORD_19;PROD_1;1;1
CORD_ORD_19;PROD_10;1;1
CORD_ORD_19;PROD_15;1;1
CORD_ORD_19;PROD_16;1;1
CORD_ORD_19;PROD_25;1;1
CORD_ORD_19;PROD_3;1;1
CORD_ORD_19;PROD_30;1;1
CORD_ORD_19;PROD_32;1;1
CORD_ORD_19;PROD_34;1;1
CORD_ORD_19;PROD_36;1;1
CORD_ORD_19;PROD_38;1;1
CORD_ORD_19;PROD_4;1;1
CORD_ORD_19;PROD_43;1;1
CORD_ORD_19;PROD_46;1;1
CORD_ORD_19;PROD_5;1;1
CORD_ORD_19;PROD_8;1;1
CORD_ORD_20;PROD_11;1;1
CORD_ORD_20;PROD_21;1;1
CORD_ORD_20;PROD_23;1;1
CORD_ORD_20;PROD_24;1;1
CORD_ORD_20;PROD_37;1;1
CORD_ORD_20;PROD_42;1;1
CORD_ORD_20;PROD_44;1;1
CORD_ORD_20;PROD_48;1;1
CORD_ORD_21;PROD_10;1;1
CORD_ORD_21;PROD_11;1;1
CORD_ORD_21;PROD_15;1;1
CORD_ORD_21;PROD_20;1;1
CORD_ORD_21;PROD_21;1;1
CORD_ORD_21;PROD_24;1;1
CORD_ORD_21;PROD_30;1;1
CORD_ORD_21;PROD_32;1;1
CORD_ORD_21;PROD_35;1;1
CORD_ORD_21;PROD_36;1;1
CORD_ORD_21;PROD_38;1;1
CORD_ORD_21;PROD_39;1;1
CORD_ORD_21;PROD_4;1;1
CORD_ORD_21;PROD_43;1;1
CORD_ORD_21;PROD_46;1;1
CORD_ORD_21;PROD_48;1;1
CORD_ORD_21;PROD_7;1;1
CORD_ORD_21;PROD_8;1;1
CORD_ORD_22;PROD_10;1;1
CORD_ORD_22;PROD_11;1;1
CORD_ORD_22;PROD_16;1;1
CORD_ORD_22;PROD_17;1;1
CORD_ORD_22;PROD_20;1;1
CORD_ORD_22;PROD_22;1;1
CORD_ORD_22;PROD_25;1;1
CORD_ORD_22;PROD_28;1;1
CORD_ORD_22;PROD_30;1;1
CORD_ORD_22;PROD_36;1;1
CORD_ORD_22;PROD_37;1;1
CORD_ORD_22;PROD_38;1;1
CORD_ORD_22;PROD_39;1;1
CORD_ORD_22;PROD_4;1;1
CORD_ORD_22;PROD_41;1;1
CORD_ORD_22;PROD_43;1;1
CORD_ORD_22;PROD_44;1;1
CORD_ORD_22;PROD_46;1;1
CORD_ORD_22;PROD_48;1;1
CORD_ORD_22;PROD_8;1;1
CORD_ORD_23;PROD_17;1;1
CORD_ORD_23;PROD_20;1;1
CORD_ORD_23;PROD_30;1;1
CORD_ORD_23;PROD_36;1;1
CORD_ORD_23;PROD_37;1;1
CORD_ORD_23;PROD_38;1;1
CORD_ORD_23;PROD_39;1;1
CORD_ORD_23;PROD_4;1;1
CORD_ORD_23;PROD_40;1;1
CORD_ORD_23;PROD_41;1;1
CORD_ORD_23;PROD_44;1;1
CORD_ORD_23;PROD_46;1;1
CORD_ORD_23;PROD_47;1;1
CORD_ORD_23;PROD_8;1;1
CORD_ORD_24;PROD_11;1;1
CORD_ORD_24;PROD_13;1;1
CORD_ORD_24;PROD_19;1;1
CORD_ORD_24;PROD_23;1;1
CORD_ORD_24;PROD_33;1;1
CORD_ORD_24;PROD_37;1;1
CORD_ORD_24;PROD_42;1;1
CORD_ORD_24;PROD_44;1;1
CORD_ORD_24;PROD_45;1;1
CORD_ORD_24;PROD_48;1;1
CORD_ORD_25;PROD_1;1;1
CORD_ORD_25;PROD_11;1;1
CORD_ORD_25;PROD_16;1;1
CORD_ORD_25;PROD_18;1;1
CORD_ORD_25;PROD_2;1;1
CORD_ORD_25;PROD_25;1;1
CORD_ORD_25;PROD_3;1;1
CORD_ORD_25;PROD_36;1;1
CORD_ORD_25;PROD_37;1;1
CORD_ORD_25;PROD_44;1;1
CORD_ORD_25;PROD_46;1;1
CORD_ORD_25;PROD_48;1;1
CORD_ORD_26;PROD_15;1;1
CORD_ORD_26;PROD_19;1;1
CORD_ORD_26;PROD_22;1;1
CORD_ORD_26;PROD_28;1;1
CORD_ORD_26;PROD_29;1;1
CORD_ORD_26;PROD_31;1;1
CORD_ORD_26;PROD_32;1;1
CORD_ORD_26;PROD_35;1;1
CORD_ORD_26;PROD_45;1;1
CORD_ORD_26;PROD_50;1;1
CORD_ORD_26;PROD_6;1;1
CORD_ORD_26;PROD_7;1;1
CORD_ORD_27;PROD_1;1;1
CORD_ORD_27;PROD_10;1;1
CORD_ORD_27;PROD_11;1;1
CORD_ORD_27;PROD_15;1;1
CORD_ORD_27;PROD_29;1;1
CORD_ORD_27;PROD_3;1;1
CORD_ORD_27;PROD_31;1;1
CORD_ORD_27;PROD_32;1;1
CORD_ORD_27;PROD_40;1;1
CORD_ORD_27;PROD_43;1;1
CORD_ORD_27;PROD_47;1;1
CORD_ORD_27;PROD_48;1;1
CORD_ORD_28;PROD_10;1;1
CORD_ORD_28;PROD_11;1;1
CORD_ORD_28;PROD_14;1;1
CORD_ORD_28;PROD_15;1;1
CORD_ORD_28;PROD_18;1;1
CORD_ORD_28;PROD_2;1;1
CORD_ORD_28;PROD_22;1;1
CORD_ORD_28;PROD_28;1;1
CORD_ORD_28;PROD_29;1;1
CORD_ORD_28;PROD_31;1;1
CORD_ORD_28;PROD_32;1;1
CORD_ORD_28;PROD_37;1;1
CORD_ORD_28;PROD_43;1;1
CORD_ORD_28;PROD_44;1;1
CORD_ORD_28;PROD_48;1;1
CORD_ORD_28;PROD_50;1;1
CORD_ORD_28;PROD_6;1;1
CORD_ORD_28;PROD_9;1;1
CORD_ORD_29;PROD_11;1;1
CORD_ORD_29;PROD_14;1;1
CORD_ORD_29;PROD_15;1;1
CORD_ORD_29;PROD_18;1;1
CORD_ORD_29;PROD_2;1;1
CORD_ORD_29;PROD_22;1;1
CORD_ORD_29;PROD_28;1;1
CORD_ORD_29;PROD_29;1;1
CORD_ORD_29;PROD_31;1;1
CORD_ORD_29;PROD_32;1;1
CORD_ORD_29;PROD_36;1;1
CORD_ORD_29;PROD_46;1;1
CORD_ORD_29;PROD_48;1;1
CORD_ORD_29;PROD_50;1;1
CORD_ORD_29;PROD_6;1;1
CORD_ORD_29;PROD_9;1;1
CORD_ORD_30;PROD_11;1;1
CORD_ORD_30;PROD_13;1;1
CORD_ORD_30;PROD_17;1;1
CORD_ORD_30;PROD_19;1;1
CORD_ORD_30;PROD_20;1;1
CORD_ORD_30;PROD_29;1;1
CORD_ORD_30;PROD_31;1;1
CORD_ORD_30;PROD_33;1;1
CORD_ORD_30;PROD_37;1;1
CORD_ORD_30;PROD_38;1;1
CORD_ORD_30;PROD_39;1;1
CORD_ORD_30;PROD_4;1;1
CORD_ORD_30;PROD_41;1;1
CORD_ORD_30;PROD_44;1;1
CORD_ORD_30;PROD_45;1;1
CORD_ORD_30;PROD_48;1;1
CORD_ORD_31;PROD_10;1;1
CORD_ORD_31;PROD_13;1;1
CORD_ORD_31;PROD_15;1;1
CORD_ORD_31;PROD_32;1;1
CORD_ORD_31;PROD_33;1;1
CORD_ORD_31;PROD_34;1;1
CORD_ORD_31;PROD_38;1;1
CORD_ORD_31;PROD_4;1;1
CORD_ORD_31;PROD_43;1;1
CORD_ORD_31;PROD_5;1;1
CORD_ORD_32;PROD_1;1;1
CORD_ORD_32;PROD_10;1;1
CORD_ORD_32;PROD_12;1;1
CORD_ORD_32;PROD_13;1;1
CORD_ORD_32;PROD_19;1;1
CORD_ORD_32;PROD_22;1;1
CORD_ORD_32;PROD_26;1;1
CORD_ORD_32;PROD_28;1;1
CORD_ORD_32;PROD_29;1;1
CORD_ORD_32;PROD_3;1;1
CORD_ORD_32;PROD_31;1;1
CORD_ORD_32;PROD_33;1;1
CORD_ORD_32;PROD_36;1;1
CORD_ORD_32;PROD_43;1;1
CORD_ORD_32;PROD_45;1;1
CORD_ORD_32;PROD_46;1;1
CORD_ORD_33;PROD_12;1;1
CORD_ORD_33;PROD_15;1;1
CORD_ORD_33;PROD_21;1;1
CORD_ORD_33;PROD_24;1;1
CORD_ORD_33;PROD_26;1;1
CORD_ORD_33;PROD_27;1;1
CORD_ORD_33;PROD_32;1;1
CORD_ORD_33;PROD_40;1;1
CORD_ORD_33;PROD_47;1;1
CORD_ORD_33;PROD_49;1;1
CORD_ORD_34;PROD_12;1;1
CORD_ORD_34;PROD_13;1;1
CORD_ORD_34;PROD_17;1;1
CORD_ORD_34;PROD_18;1;1
CORD_ORD_34;PROD_19;1;1
CORD_ORD_34;PROD_2;1;1
CORD_ORD_34;PROD_20;1;1
CORD_ORD_34;PROD_26;1;1
CORD_ORD_34;PROD_29;1;1
CORD_ORD_34;PROD_30;1;1
CORD_ORD_34;PROD_31;1;1
CORD_ORD_34;PROD_33;1;1
CORD_ORD_34;PROD_39;1;1
CORD_ORD_34;PROD_41;1;1
CORD_ORD_34;PROD_45;1;1
CORD_ORD_34;PROD_50;1;1
CORD_ORD_34;PROD_6;1;1
CORD_ORD_34;PROD_8;1;1
CORD_ORD_35;PROD_10;1;1
CORD_ORD_35;PROD_11;1;1
CORD_ORD_35;PROD_14;1;1
CORD_ORD_35;PROD_18;1;1
CORD_ORD_35;PROD_2;1;1
CORD_ORD_35;PROD_22;1;1
CORD_ORD_35;PROD_23;1;1
CORD_ORD_35;PROD_28;1;1
CORD_ORD_35;PROD_29;1;1
CORD_ORD_35;PROD_30;1;1
CORD_ORD_35;PROD_31;1;1
CORD_ORD_35;PROD_36;1;1
CORD_ORD_35;PROD_37;1;1
CORD_ORD_35;PROD_38;1;1
CORD_ORD_35;PROD_4;1;1
CORD_ORD_35;PROD_42;1;1
CORD_ORD_35;PROD_43;1;1
CORD_ORD_35;PROD_44;1;1
CORD_ORD_35;PROD_46;1;1
CORD_ORD_35;PROD_48;1;1
CORD_ORD_35;PROD_8;1;1
CORD_ORD_35;PROD_9;1;1
CORD_ORD_36;PROD_10;1;1
CORD_ORD_36;PROD_11;1;1
CORD_ORD_36;PROD_13;1;1
CORD_ORD_36;PROD_15;1;1
CORD_ORD_36;PROD_18;1;1
CORD_ORD_36;PROD_19;1;1
CORD_ORD_36;PROD_2;1;1
CORD_ORD_36;PROD_22;1;1
CORD_ORD_36;PROD_28;1;1
CORD_ORD_36;PROD_29;1;1
CORD_ORD_36;PROD_30;1;1
CORD_ORD_36;PROD_31;1;1
CORD_ORD_36;PROD_32;1;1
CORD_ORD_36;PROD_33;1;1
CORD_ORD_36;PROD_37;1;1
CORD_ORD_36;PROD_38;1;1
CORD_ORD_36;PROD_4;1;1
CORD_ORD_36;PROD_40;1;1
CORD_ORD_36;PROD_43;1;1
CORD_ORD_36;PROD_44;1;1
CORD_ORD_36;PROD_45;1;1
CORD_ORD_36;PROD_47;1;1
CORD_ORD_36;PROD_48;1;1
CORD_ORD_36;PROD_8;1;1
CORD_ORD_37;PROD_11;1;1
CORD_ORD_37;PROD_12;1;1
CORD_ORD_37;PROD_15;1;1
CORD_ORD_37;PROD_17;1;1
CORD_ORD_37;PROD_21;1;1
CORD_ORD_37;PROD_22;1;1
CORD_ORD_37;PROD_23;1;1
CORD_ORD_37;PROD_24;1;1
CORD_ORD_37;PROD_26;1;1
CORD_ORD_37;PROD_27;1;1
CORD_ORD_37;PROD_28;1;1
CORD_ORD_37;PROD_29;1;1
CORD_ORD_37;PROD_30;1;1
CORD_ORD_37;PROD_31;1;1
CORD_ORD_37;PROD_32;1;1
CORD_ORD_37;PROD_41;1;1
CORD_ORD_37;PROD_42;1;1
CORD_ORD_37;PROD_48;1;1
CORD_ORD_37;PROD_49;1;1
CORD_ORD_37;PROD_50;1;1
CORD_ORD_37;PROD_6;1;1
CORD_ORD_37;PROD_8;1;1
CORD_ORD_38;PROD_10;1;1
CORD_ORD_38;PROD_15;1;1
CORD_ORD_38;PROD_17;1;1
CORD_ORD_38;PROD_32;1;1
CORD_ORD_38;PROD_34;1;1
CORD_ORD_38;PROD_38;1;1
CORD_ORD_38;PROD_4;1;1
CORD_ORD_38;PROD_41;1;1
CORD_ORD_38;PROD_43;1;1
CORD_ORD_38;PROD_5;1;1
CORD_ORD_39;PROD_10;1;1
CORD_ORD_39;PROD_14;1;1
CORD_ORD_39;PROD_21;1;1
CORD_ORD_39;PROD_24;1;1
CORD_ORD_39;PROD_40;1;1
CORD_ORD_39;PROD_43;1;1
CORD_ORD_39;PROD_47;1;1
CORD_ORD_39;PROD_9;1;1
CORD_ORD_40;PROD_11;1;1
CORD_ORD_40;PROD_14;1;1
CORD_ORD_40;PROD_18;1;1
CORD_ORD_40;PROD_2;1;1
CORD_ORD_40;PROD_20;1;1
CORD_ORD_40;PROD_30;1;1
CORD_ORD_40;PROD_36;1;1
CORD_ORD_40;PROD_39;1;1
CORD_ORD_40;PROD_46;1;1
CORD_ORD_40;PROD_48;1;1
CORD_ORD_40;PROD_8;1;1
CORD_ORD_40;PROD_9;1;1
CORD_ORD_41;PROD_10;1;1
CORD_ORD_41;PROD_12;1;1
CORD_ORD_41;PROD_15;1;1
CORD_ORD_41;PROD_20;1;1
CORD_ORD_41;PROD_21;1;1
CORD_ORD_41;PROD_22;1;1
CORD_ORD_41;PROD_23;1;1
CORD_ORD_41;PROD_24;1;1
CORD_ORD_41;PROD_26;1;1
CORD_ORD_41;PROD_28;1;1
CORD_ORD_41;PROD_29;1;1
CORD_ORD_41;PROD_30;1;1
CORD_ORD_41;PROD_31;1;1
CORD_ORD_41;PROD_32;1;1
CORD_ORD_41;PROD_36;1;1
CORD_ORD_41;PROD_38;1;1
CORD_ORD_41;PROD_39;1;1
CORD_ORD_41;PROD_4;1;1
CORD_ORD_41;PROD_42;1;1
CORD_ORD_41;PROD_43;1;1
CORD_ORD_41;PROD_46;1;1
CORD_ORD_41;PROD_50;1;1
CORD_ORD_41;PROD_6;1;1
CORD_ORD_41;PROD_8;1;1
CORD_ORD_42;PROD_10;1;1
CORD_ORD_42;PROD_11;1;1
CORD_ORD_42;PROD_19;1;1
CORD_ORD_42;PROD_22;1;1
CORD_ORD_42;PROD_28;1;1
CORD_ORD_42;PROD_35;1;1
CORD_ORD_42;PROD_36;1;1
CORD_ORD_42;PROD_37;1;1
CORD_ORD_42;PROD_38;1;1
CORD_ORD_42;PROD_4;1;1
CORD_ORD_42;PROD_43;1;1
CORD_ORD_42;PROD_44;1;1
CORD_ORD_42;PROD_45;1;1
CORD_ORD_42;PROD_46;1;1
CORD_ORD_42;PROD_48;1;1
CORD_ORD_42;PROD_7;1;1
CORD_ORD_43;PROD_10;1;1
CORD_ORD_43;PROD_11;1;1
CORD_ORD_43;PROD_12;1;1
CORD_ORD_43;PROD_15;1;1
CORD_ORD_43;PROD_22;1;1
CORD_ORD_43;PROD_26;1;1
CORD_ORD_43;PROD_27;1;1
CORD_ORD_43;PROD_28;1;1
CORD_ORD_43;PROD_29;1;1
CORD_ORD_43;PROD_31;1;1
CORD_ORD_43;PROD_32;1;1
CORD_ORD_43;PROD_34;1;1
CORD_ORD_43;PROD_38;1;1
CORD_ORD_43;PROD_4;1;1
CORD_ORD_43;PROD_43;1;1
CORD_ORD_43;PROD_48;1;1
CORD_ORD_43;PROD_49;1;1
CORD_ORD_43;PROD_5;1;1
CORD_ORD_44;PROD_10;1;1
CORD_ORD_44;PROD_11;1;1
CORD_ORD_44;PROD_13;1;1
CORD_ORD_44;PROD_14;1;1
CORD_ORD_44;PROD_15;1;1
CORD_ORD_44;PROD_18;1;1
CORD_ORD_44;PROD_2;1;1
CORD_ORD_44;PROD_21;1;1
CORD_ORD_44;PROD_23;1;1
CORD_ORD_44;PROD_24;1;1
CORD_ORD_44;PROD_32;1;1
CORD_ORD_44;PROD_33;1;1
CORD_ORD_44;PROD_36;1;1
CORD_ORD_44;PROD_37;1;1
CORD_ORD_44;PROD_40;1;1
CORD_ORD_44;PROD_42;1;1
CORD_ORD_44;PROD_43;1;1
CORD_ORD_44;PROD_44;1;1
CORD_ORD_44;PROD_46;1;1
CORD_ORD_44;PROD_47;1;1
CORD_ORD_44;PROD_48;1;1
CORD_ORD_44;PROD_9;1;1
CORD_ORD_45;PROD_10;1;1
CORD_ORD_45;PROD_11;1;1
CORD_ORD_45;PROD_17;1;1
CORD_ORD_45;PROD_18;1;1
CORD_ORD_45;PROD_19;1;1
CORD_ORD_45;PROD_2;1;1
CORD_ORD_45;PROD_21;1;1
CORD_ORD_45;PROD_24;1;1
CORD_ORD_45;PROD_27;1;1
CORD_ORD_45;PROD_30;1;1
CORD_ORD_45;PROD_40;1;1
CORD_ORD_45;PROD_41;1;1
CORD_ORD_45;PROD_43;1;1
CORD_ORD_45;PROD_45;1;1
CORD_ORD_45;PROD_47;1;1
CORD_ORD_45;PROD_48;1;1
CORD_ORD_45;PROD_49;1;1
CORD_ORD_45;PROD_8;1;1
CORD_ORD_46;PROD_13;1;1
CORD_ORD_46;PROD_14;1;1
CORD_ORD_46;PROD_17;1;1
CORD_ORD_46;PROD_27;1;1
CORD_ORD_46;PROD_29;1;1
CORD_ORD_46;PROD_30;1;1
CORD_ORD_46;PROD_31;1;1
CORD_ORD_46;PROD_33;1;1
CORD_ORD_46;PROD_34;1;1
CORD_ORD_46;PROD_38;1;1
CORD_ORD_46;PROD_4;1;1
CORD_ORD_46;PROD_40;1;1
CORD_ORD_46;PROD_41;1;1
CORD_ORD_46;PROD_47;1;1
CORD_ORD_46;PROD_49;1;1
CORD_ORD_46;PROD_5;1;1
CORD_ORD_46;PROD_50;1;1
CORD_ORD_46;PROD_6;1;1
CORD_ORD_46;PROD_8;1;1
CORD_ORD_46;PROD_9;1;1
CORD_ORD_47;PROD_10;1;1
CORD_ORD_47;PROD_12;1;1
CORD_ORD_47;PROD_13;1;1
CORD_ORD_47;PROD_14;1;1
CORD_ORD_47;PROD_15;1;1
CORD_ORD_47;PROD_17;1;1
CORD_ORD_47;PROD_22;1;1
CORD_ORD_47;PROD_26;1;1
CORD_ORD_47;PROD_27;1;1
CORD_ORD_47;PROD_28;1;1
CORD_ORD_47;PROD_32;1;1
CORD_ORD_47;PROD_33;1;1
CORD_ORD_47;PROD_34;1;1
CORD_ORD_47;PROD_35;1;1
CORD_ORD_47;PROD_40;1;1
CORD_ORD_47;PROD_41;1;1
CORD_ORD_47;PROD_43;1;1
CORD_ORD_47;PROD_47;1;1
CORD_ORD_47;PROD_49;1;1
CORD_ORD_47;PROD_5;1;1
CORD_ORD_47;PROD_7;1;1
CORD_ORD_47;PROD_9;1;1
CORD_ORD_48;PROD_1;1;1
CORD_ORD_48;PROD_10;1;1
CORD_ORD_48;PROD_12;1;1
CORD_ORD_48;PROD_21;1;1
CORD_ORD_48;PROD_24;1;1
CORD_ORD_48;PROD_26;1;1
CORD_ORD_48;PROD_3;1;1
CORD_ORD_48;PROD_30;1;1
CORD_ORD_48;PROD_36;1;1
CORD_ORD_48;PROD_43;1;1
CORD_ORD_48;PROD_46;1;1
CORD_ORD_48;PROD_8;1;1
CORD_ORD_49;PROD_11;1;1
CORD_ORD_49;PROD_13;1;1
CORD_ORD_49;PROD_14;1;1
CORD_ORD_49;PROD_18;1;1
CORD_ORD_49;PROD_2;1;1
CORD_ORD_49;PROD_23;1;1
CORD_ORD_49;PROD_33;1;1
CORD_ORD_49;PROD_37;1;1
CORD_ORD_49;PROD_38;1;1
CORD_ORD_49;PROD_4;1;1
CORD_ORD_49;PROD_40;1;1
CORD_ORD_49;PROD_42;1;1
CORD_ORD_49;PROD_44;1;1
CORD_ORD_49;PROD_47;1;1
CORD_ORD_49;PROD_48;1;1
CORD_ORD_49;PROD_9;1;1
CORD_ORD_50;PROD_10;1;1
CORD_ORD_50;PROD_11;1;1
CORD_ORD_50;PROD_15;1;1
CORD_ORD_50;PROD_17;1;1
CORD_ORD_50;PROD_20;1;1
CORD_ORD_50;PROD_30;1;1
CORD_ORD_50;PROD_32;1;1
CORD_ORD_50;PROD_36;1;1
CORD_ORD_50;PROD_38;1;1
CORD_ORD_50;PROD_39;1;1
CORD_ORD_50;PROD_4;1;1
CORD_ORD_50;PROD_41;1;1
CORD_ORD_50;PROD_43;1;1
CORD_ORD_50;PROD_46;1;1
CORD_ORD_50;PROD_48;1;1
CORD_ORD_50;PROD_8;1;1
CORD_ORD_51;PROD_1;1;1
CORD_ORD_51;PROD_12;1;1
CORD_ORD_51;PROD_16;1;1
CORD_ORD_51;PROD_22;1;1
CORD_ORD_51;PROD_25;1;1
CORD_ORD_51;PROD_26;1;1
CORD_ORD_51;PROD_28;1;1
CORD_ORD_51;PROD_3;1;1
CORD_ORD_51;PROD_38;1;1
CORD_ORD_51;PROD_4;1;1
CORD_ORD_52;PROD_1;1;1
CORD_ORD_52;PROD_10;1;1
CORD_ORD_52;PROD_12;1;1
CORD_ORD_52;PROD_15;1;1
CORD_ORD_52;PROD_18;1;1
CORD_ORD_52;PROD_2;1;1
CORD_ORD_52;PROD_21;1;1
CORD_ORD_52;PROD_24;1;1
CORD_ORD_52;PROD_26;1;1
CORD_ORD_52;PROD_29;1;1
CORD_ORD_52;PROD_3;1;1
CORD_ORD_52;PROD_31;1;1
CORD_ORD_52;PROD_32;1;1
CORD_ORD_52;PROD_35;1;1
CORD_ORD_52;PROD_37;1;1
CORD_ORD_52;PROD_38;1;1
CORD_ORD_52;PROD_4;1;1
CORD_ORD_52;PROD_40;1;1
CORD_ORD_52;PROD_43;1;1
CORD_ORD_52;PROD_44;1;1
CORD_ORD_52;PROD_47;1;1
CORD_ORD_52;PROD_7;1;1
CORD_ORD_53;PROD_13;1;1
CORD_ORD_53;PROD_20;1;1
CORD_ORD_53;PROD_21;1;1
CORD_ORD_53;PROD_23;1;1
CORD_ORD_53;PROD_24;1;1
CORD_ORD_53;PROD_27;1;1
CORD_ORD_53;PROD_29;1;1
CORD_ORD_53;PROD_30;1;1
CORD_ORD_53;PROD_31;1;1
CORD_ORD_53;PROD_33;1;1
CORD_ORD_53;PROD_34;1;1
CORD_ORD_53;PROD_35;1;1
CORD_ORD_53;PROD_36;1;1
CORD_ORD_53;PROD_38;1;1
CORD_ORD_53;PROD_39;1;1
CORD_ORD_53;PROD_4;1;1
CORD_ORD_53;PROD_42;1;1
CORD_ORD_53;PROD_46;1;1
CORD_ORD_53;PROD_49;1;1
CORD_ORD_53;PROD_5;1;1
CORD_ORD_53;PROD_7;1;1
CORD_ORD_53;PROD_8;1;1
CORD_ORD_54;PROD_10;1;1
CORD_ORD_54;PROD_11;1;1
CORD_ORD_54;PROD_12;1;1
CORD_ORD_54;PROD_20;1;1
CORD_ORD_54;PROD_22;1;1
CORD_ORD_54;PROD_23;1;1
CORD_ORD_54;PROD_26;1;1
CORD_ORD_54;PROD_28;1;1
CORD_ORD_54;PROD_37;1;1
CORD_ORD_54;PROD_39;1;1
CORD_ORD_54;PROD_42;1;1
CORD_ORD_54;PROD_43;1;1
CORD_ORD_54;PROD_44;1;1
CORD_ORD_54;PROD_48;1;1
CORD_ORD_55;PROD_1;1;1
CORD_ORD_55;PROD_11;1;1
CORD_ORD_55;PROD_13;1;1
CORD_ORD_55;PROD_14;1;1
CORD_ORD_55;PROD_18;1;1
CORD_ORD_55;PROD_2;1;1
CORD_ORD_55;PROD_23;1;1
CORD_ORD_55;PROD_3;1;1
CORD_ORD_55;PROD_33;1;1
CORD_ORD_55;PROD_36;1;1
CORD_ORD_55;PROD_37;1;1
CORD_ORD_55;PROD_38;1;1
CORD_ORD_55;PROD_4;1;1
CORD_ORD_55;PROD_40;1;1
CORD_ORD_55;PROD_42;1;1
CORD_ORD_55;PROD_44;1;1
CORD_ORD_55;PROD_46;1;1
CORD_ORD_55;PROD_47;1;1
CORD_ORD_55;PROD_48;1;1
CORD_ORD_55;PROD_9;1;1
CORD_ORD_56;PROD_13;1;1
CORD_ORD_56;PROD_18;1;1
CORD_ORD_56;PROD_2;1;1
CORD_ORD_56;PROD_20;1;1
CORD_ORD_56;PROD_30;1;1
CORD_ORD_56;PROD_33;1;1
CORD_ORD_56;PROD_36;1;1
CORD_ORD_56;PROD_38;1;1
CORD_ORD_56;PROD_39;1;1
CORD_ORD_56;PROD_4;1;1
CORD_ORD_56;PROD_46;1;1
CORD_ORD_56;PROD_8;1;1
CORD_ORD_57;PROD_1;1;1
CORD_ORD_57;PROD_10;1;1
CORD_ORD_57;PROD_11;1;1
CORD_ORD_57;PROD_12;1;1
CORD_ORD_57;PROD_13;1;1
CORD_ORD_57;PROD_15;1;1
CORD_ORD_57;PROD_19;1;1
CORD_ORD_57;PROD_26;1;1
CORD_ORD_57;PROD_29;1;1
CORD_ORD_57;PROD_3;1;1
CORD_ORD_57;PROD_31;1;1
CORD_ORD_57;PROD_32;1;1
CORD_ORD_57;PROD_33;1;1
CORD_ORD_57;PROD_37;1;1
CORD_ORD_57;PROD_38;1;1
CORD_ORD_57;PROD_4;1;1
CORD_ORD_57;PROD_40;1;1
CORD_ORD_57;PROD_43;1;1
CORD_ORD_57;PROD_44;1;1
CORD_ORD_57;PROD_45;1;1
CORD_ORD_57;PROD_47;1;1
CORD_ORD_57;PROD_48;1;1
CORD_ORD_58;PROD_15;1;1
CORD_ORD_58;PROD_20;1;1
CORD_ORD_58;PROD_30;1;1
CORD_ORD_58;PROD_32;1;1
CORD_ORD_58;PROD_36;1;1
CORD_ORD_58;PROD_37;1;1
CORD_ORD_58;PROD_38;1;1
CORD_ORD_58;PROD_39;1;1
CORD_ORD_58;PROD_4;1;1
CORD_ORD_58;PROD_44;1;1
CORD_ORD_58;PROD_46;1;1
CORD_ORD_58;PROD_8;1;1
CORD_ORD_59;PROD_1;1;1
CORD_ORD_59;PROD_10;1;1
CORD_ORD_59;PROD_16;1;1
CORD_ORD_59;PROD_22;1;1
CORD_ORD_59;PROD_25;1;1
CORD_ORD_59;PROD_28;1;1
CORD_ORD_59;PROD_3;1;1
CORD_ORD_59;PROD_43;1;1
CORD_ORD_60;PROD_17;1;1
CORD_ORD_60;PROD_22;1;1
CORD_ORD_60;PROD_28;1;1
CORD_ORD_60;PROD_34;1;1
CORD_ORD_60;PROD_37;1;1
CORD_ORD_60;PROD_38;1;1
CORD_ORD_60;PROD_4;1;1
CORD_ORD_60;PROD_40;1;1
CORD_ORD_60;PROD_41;1;1
CORD_ORD_60;PROD_44;1;1
CORD_ORD_60;PROD_47;1;1
CORD_ORD_60;PROD_5;1;1
CORD_ORD_61;PROD_1;1;1
CORD_ORD_61;PROD_18;1;1
CORD_ORD_61;PROD_2;1;1
CORD_ORD_61;PROD_20;1;1
CORD_ORD_61;PROD_3;1;1
CORD_ORD_61;PROD_30;1;1
CORD_ORD_61;PROD_34;1;1
CORD_ORD_61;PROD_37;1;1
CORD_ORD_61;PROD_39;1;1
CORD_ORD_61;PROD_44;1;1
CORD_ORD_61;PROD_5;1;1
CORD_ORD_61;PROD_50;1;1
CORD_ORD_61;PROD_6;1;1
CORD_ORD_61;PROD_8;1;1
CORD_ORD_62;PROD_10;1;1
CORD_ORD_62;PROD_11;1;1
CORD_ORD_62;PROD_14;1;1
CORD_ORD_62;PROD_15;1;1
CORD_ORD_62;PROD_18;1;1
CORD_ORD_62;PROD_2;1;1
CORD_ORD_62;PROD_32;1;1
CORD_ORD_62;PROD_43;1;1
CORD_ORD_62;PROD_48;1;1
CORD_ORD_62;PROD_9;1;1
CORD_ORD_63;PROD_13;1;1
CORD_ORD_63;PROD_17;1;1
CORD_ORD_63;PROD_19;1;1
CORD_ORD_63;PROD_21;1;1
CORD_ORD_63;PROD_23;1;1
CORD_ORD_63;PROD_24;1;1
CORD_ORD_63;PROD_33;1;1
CORD_ORD_63;PROD_37;1;1
CORD_ORD_63;PROD_41;1;1
CORD_ORD_63;PROD_42;1;1
CORD_ORD_63;PROD_44;1;1
CORD_ORD_63;PROD_45;1;1
CORD_ORD_63;PROD_50;1;1
CORD_ORD_63;PROD_6;1;1
CORD_ORD_64;PROD_10;1;1
CORD_ORD_64;PROD_15;1;1
CORD_ORD_64;PROD_18;1;1
CORD_ORD_64;PROD_2;1;1
CORD_ORD_64;PROD_22;1;1
CORD_ORD_64;PROD_27;1;1
CORD_ORD_64;PROD_28;1;1
CORD_ORD_64;PROD_29;1;1
CORD_ORD_64;PROD_31;1;1
CORD_ORD_64;PROD_32;1;1
CORD_ORD_64;PROD_43;1;1
CORD_ORD_64;PROD_49;1;1
CORD_ORD_64;PROD_50;1;1
CORD_ORD_64;PROD_6;1;1
CORD_ORD_65;PROD_10;1;1
CORD_ORD_65;PROD_11;1;1
CORD_ORD_65;PROD_12;1;1
CORD_ORD_65;PROD_13;1;1
CORD_ORD_65;PROD_16;1;1
CORD_ORD_65;PROD_20;1;1
CORD_ORD_65;PROD_22;1;1
CORD_ORD_65;PROD_25;1;1
CORD_ORD_65;PROD_26;1;1
CORD_ORD_65;PROD_28;1;1
CORD_ORD_65;PROD_33;1;1
CORD_ORD_65;PROD_35;1;1
CORD_ORD_65;PROD_36;1;1
CORD_ORD_65;PROD_37;1;1
CORD_ORD_65;PROD_39;1;1
CORD_ORD_65;PROD_43;1;1
CORD_ORD_65;PROD_44;1;1
CORD_ORD_65;PROD_46;1;1
CORD_ORD_65;PROD_48;1;1
CORD_ORD_65;PROD_7;1;1
CORD_ORD_66;PROD_15;1;1
CORD_ORD_66;PROD_16;1;1
CORD_ORD_66;PROD_17;1;1
CORD_ORD_66;PROD_22;1;1
CORD_ORD_66;PROD_23;1;1
CORD_ORD_66;PROD_25;1;1
CORD_ORD_66;PROD_28;1;1
CORD_ORD_66;PROD_32;1;1
CORD_ORD_66;PROD_40;1;1
CORD_ORD_66;PROD_41;1;1
CORD_ORD_66;PROD_42;1;1
CORD_ORD_66;PROD_47;1;1
CORD_ORD_67;PROD_10;1;1
CORD_ORD_67;PROD_13;1;1
CORD_ORD_67;PROD_20;1;1
CORD_ORD_67;PROD_21;1;1
CORD_ORD_67;PROD_22;1;1
CORD_ORD_67;PROD_23;1;1
CORD_ORD_67;PROD_24;1;1
CORD_ORD_67;PROD_28;1;1
CORD_ORD_67;PROD_33;1;1
CORD_ORD_67;PROD_34;1;1
CORD_ORD_67;PROD_35;1;1
CORD_ORD_67;PROD_36;1;1
CORD_ORD_67;PROD_39;1;1
CORD_ORD_67;PROD_40;1;1
CORD_ORD_67;PROD_42;1;1
CORD_ORD_67;PROD_43;1;1
CORD_ORD_67;PROD_46;1;1
CORD_ORD_67;PROD_47;1;1
CORD_ORD_67;PROD_5;1;1
CORD_ORD_67;PROD_7;1;1
CORD_ORD_68;PROD_1;1;1
CORD_ORD_68;PROD_10;1;1
CORD_ORD_68;PROD_3;1;1
CORD_ORD_68;PROD_30;1;1
CORD_ORD_68;PROD_36;1;1
CORD_ORD_68;PROD_43;1;1
CORD_ORD_68;PROD_46;1;1
CORD_ORD_68;PROD_8;1;1
CORD_ORD_69;PROD_11;1;1
CORD_ORD_69;PROD_17;1;1
CORD_ORD_69;PROD_20;1;1
CORD_ORD_69;PROD_23;1;1
CORD_ORD_69;PROD_29;1;1
CORD_ORD_69;PROD_31;1;1
CORD_ORD_69;PROD_39;1;1
CORD_ORD_69;PROD_41;1;1
CORD_ORD_69;PROD_42;1;1
CORD_ORD_69;PROD_48;1;1
CORD_ORD_70;PROD_1;1;1
CORD_ORD_70;PROD_10;1;1
CORD_ORD_70;PROD_14;1;1
CORD_ORD_70;PROD_15;1;1
CORD_ORD_70;PROD_29;1;1
CORD_ORD_70;PROD_3;1;1
CORD_ORD_70;PROD_31;1;1
CORD_ORD_70;PROD_32;1;1
CORD_ORD_70;PROD_40;1;1
CORD_ORD_70;PROD_43;1;1
CORD_ORD_70;PROD_47;1;1
CORD_ORD_70;PROD_9;1;1
CORD_ORD_71;PROD_1;1;1
CORD_ORD_71;PROD_10;1;1
CORD_ORD_71;PROD_15;1;1
CORD_ORD_71;PROD_16;1;1
CORD_ORD_71;PROD_22;1;1
CORD_ORD_71;PROD_25;1;1
CORD_ORD_71;PROD_28;1;1
CORD_ORD_71;PROD_29;1;1
CORD_ORD_71;PROD_3;1;1
CORD_ORD_71;PROD_30;1;1
CORD_ORD_71;PROD_31;1;1
CORD_ORD_71;PROD_32;1;1
CORD_ORD_71;PROD_36;1;1
CORD_ORD_71;PROD_37;1;1
CORD_ORD_71;PROD_40;1;1
CORD_ORD_71;PROD_43;1;1
CORD_ORD_71;PROD_44;1;1
CORD_ORD_71;PROD_46;1;1
CORD_ORD_71;PROD_47;1;1
CORD_ORD_71;PROD_50;1;1
CORD_ORD_71;PROD_6;1;1
CORD_ORD_71;PROD_8;1;1
CORD_ORD_72;PROD_11;1;1
CORD_ORD_72;PROD_15;1;1
CORD_ORD_72;PROD_16;1;1
CORD_ORD_72;PROD_18;1;1
CORD_ORD_72;PROD_2;1;1
CORD_ORD_72;PROD_22;1;1
CORD_ORD_72;PROD_23;1;1
CORD_ORD_72;PROD_25;1;1
CORD_ORD_72;PROD_28;1;1
CORD_ORD_72;PROD_32;1;1
CORD_ORD_72;PROD_34;1;1
CORD_ORD_72;PROD_37;1;1
CORD_ORD_72;PROD_42;1;1
CORD_ORD_72;PROD_44;1;1
CORD_ORD_72;PROD_48;1;1
CORD_ORD_72;PROD_5;1;1
CORD_ORD_73;PROD_10;1;1
CORD_ORD_73;PROD_11;1;1
CORD_ORD_73;PROD_14;1;1
CORD_ORD_73;PROD_15;1;1
CORD_ORD_73;PROD_17;1;1
CORD_ORD_73;PROD_18;1;1
CORD_ORD_73;PROD_2;1;1
CORD_ORD_73;PROD_32;1;1
CORD_ORD_73;PROD_34;1;1
CORD_ORD_73;PROD_36;1;1
CORD_ORD_73;PROD_38;1;1
CORD_ORD_73;PROD_4;1;1
CORD_ORD_73;PROD_41;1;1
CORD_ORD_73;PROD_43;1;1
CORD_ORD_73;PROD_46;1;1
CORD_ORD_73;PROD_48;1;1
CORD_ORD_73;PROD_5;1;1
CORD_ORD_73;PROD_9;1;1
CORD_ORD_74;PROD_10;1;1
CORD_ORD_74;PROD_11;1;1
CORD_ORD_74;PROD_15;1;1
CORD_ORD_74;PROD_17;1;1
CORD_ORD_74;PROD_22;1;1
CORD_ORD_74;PROD_28;1;1
CORD_ORD_74;PROD_32;1;1
CORD_ORD_74;PROD_37;1;1
CORD_ORD_74;PROD_41;1;1
CORD_ORD_74;PROD_43;1;1
CORD_ORD_74;PROD_44;1;1
CORD_ORD_74;PROD_48;1;1
CORD_ORD_75;PROD_10;1;1
CORD_ORD_75;PROD_11;1;1
CORD_ORD_75;PROD_13;1;1
CORD_ORD_75;PROD_14;1;1
CORD_ORD_75;PROD_17;1;1
CORD_ORD_75;PROD_19;1;1
CORD_ORD_75;PROD_21;1;1
CORD_ORD_75;PROD_24;1;1
CORD_ORD_75;PROD_33;1;1
CORD_ORD_75;PROD_35;1;1
CORD_ORD_75;PROD_37;1;1
CORD_ORD_75;PROD_41;1;1
CORD_ORD_75;PROD_43;1;1
CORD_ORD_75;PROD_44;1;1
CORD_ORD_75;PROD_45;1;1
CORD_ORD_75;PROD_48;1;1
CORD_ORD_75;PROD_7;1;1
CORD_ORD_75;PROD_9;1;1
CORD_ORD_76;PROD_1;1;1
CORD_ORD_76;PROD_10;1;1
CORD_ORD_76;PROD_11;1;1
CORD_ORD_76;PROD_12;1;1
CORD_ORD_76;PROD_18;1;1
CORD_ORD_76;PROD_2;1;1
CORD_ORD_76;PROD_21;1;1
CORD_ORD_76;PROD_24;1;1
CORD_ORD_76;PROD_26;1;1
CORD_ORD_76;PROD_29;1;1
CORD_ORD_76;PROD_3;1;1
CORD_ORD_76;PROD_30;1;1
CORD_ORD_76;PROD_31;1;1
CORD_ORD_76;PROD_43;1;1
CORD_ORD_76;PROD_48;1;1
CORD_ORD_76;PROD_8;1;1
CORD_ORD_77;PROD_1;1;1
CORD_ORD_77;PROD_10;1;1
CORD_ORD_77;PROD_14;1;1
CORD_ORD_77;PROD_15;1;1
CORD_ORD_77;PROD_18;1;1
CORD_ORD_77;PROD_2;1;1
CORD_ORD_77;PROD_21;1;1
CORD_ORD_77;PROD_23;1;1
CORD_ORD_77;PROD_24;1;1
CORD_ORD_77;PROD_29;1;1
CORD_ORD_77;PROD_3;1;1
CORD_ORD_77;PROD_31;1;1
CORD_ORD_77;PROD_32;1;1
CORD_ORD_77;PROD_37;1;1
CORD_ORD_77;PROD_40;1;1
CORD_ORD_77;PROD_42;1;1
CORD_ORD_77;PROD_43;1;1
CORD_ORD_77;PROD_44;1;1
CORD_ORD_77;PROD_47;1;1
CORD_ORD_77;PROD_9;1;1
CORD_ORD_78;PROD_1;1;1
CORD_ORD_78;PROD_13;1;1
CORD_ORD_78;PROD_17;1;1
CORD_ORD_78;PROD_18;1;1
CORD_ORD_78;PROD_19;1;1
CORD_ORD_78;PROD_2;1;1
CORD_ORD_78;PROD_20;1;1
CORD_ORD_78;PROD_21;1;1
CORD_ORD_78;PROD_24;1;1
CORD_ORD_78;PROD_3;1;1
CORD_ORD_78;PROD_30;1;1
CORD_ORD_78;PROD_33;1;1
CORD_ORD_78;PROD_35;1;1
CORD_ORD_78;PROD_36;1;1
CORD_ORD_78;PROD_38;1;1
CORD_ORD_78;PROD_39;1;1
CORD_ORD_78;PROD_4;1;1
CORD_ORD_78;PROD_41;1;1
CORD_ORD_78;PROD_45;1;1
CORD_ORD_78;PROD_46;1;1
CORD_ORD_78;PROD_7;1;1
CORD_ORD_78;PROD_8;1;1
CORD_ORD_79;PROD_1;1;1
CORD_ORD_79;PROD_12;1;1
CORD_ORD_79;PROD_14;1;1
CORD_ORD_79;PROD_15;1;1
CORD_ORD_79;PROD_17;1;1
CORD_ORD_79;PROD_19;1;1
CORD_ORD_79;PROD_20;1;1
CORD_ORD_79;PROD_26;1;1
CORD_ORD_79;PROD_27;1;1
CORD_ORD_79;PROD_3;1;1
CORD_ORD_79;PROD_30;1;1
CORD_ORD_79;PROD_32;1;1
CORD_ORD_79;PROD_34;1;1
CORD_ORD_79;PROD_39;1;1
CORD_ORD_79;PROD_40;1;1
CORD_ORD_79;PROD_41;1;1
CORD_ORD_79;PROD_45;1;1
CORD_ORD_79;PROD_47;1;1
CORD_ORD_79;PROD_49;1;1
CORD_ORD_79;PROD_5;1;1
CORD_ORD_79;PROD_8;1;1
CORD_ORD_79;PROD_9;1;1
CORD_ORD_80;PROD_10;1;1
CORD_ORD_80;PROD_11;1;1
CORD_ORD_80;PROD_15;1;1
CORD_ORD_80;PROD_20;1;1
CORD_ORD_80;PROD_21;1;1
CORD_ORD_80;PROD_24;1;1
CORD_ORD_80;PROD_29;1;1
CORD_ORD_80;PROD_30;1;1
CORD_ORD_80;PROD_31;1;1
CORD_ORD_80;PROD_32;1;1
CORD_ORD_80;PROD_34;1;1
CORD_ORD_80;PROD_36;1;1
CORD_ORD_80;PROD_38;1;1
CORD_ORD_80;PROD_39;1;1
CORD_ORD_80;PROD_4;1;1
CORD_ORD_80;PROD_40;1;1
CORD_ORD_80;PROD_43;1;1
CORD_ORD_80;PROD_46;1;1
CORD_ORD_80;PROD_47;1;1
CORD_ORD_80;PROD_48;1;1
CORD_ORD_80;PROD_5;1;1
CORD_ORD_80;PROD_8;1;1
CORD_ORD_81;PROD_1;1;1
CORD_ORD_81;PROD_10;1;1
CORD_ORD_81;PROD_11;1;1
CORD_ORD_81;PROD_16;1;1
CORD_ORD_81;PROD_17;1;1
CORD_ORD_81;PROD_18;1;1
CORD_ORD_81;PROD_2;1;1
CORD_ORD_81;PROD_22;1;1
CORD_ORD_81;PROD_25;1;1
CORD_ORD_81;PROD_28;1;1
CORD_ORD_81;PROD_29;1;1
CORD_ORD_81;PROD_3;1;1
CORD_ORD_81;PROD_30;1;1
CORD_ORD_81;PROD_31;1;1
CORD_ORD_81;PROD_41;1;1
CORD_ORD_81;PROD_43;1;1
CORD_ORD_81;PROD_48;1;1
CORD_ORD_81;PROD_50;1;1
CORD_ORD_81;PROD_6;1;1
CORD_ORD_81;PROD_8;1;1
CORD_ORD_82;PROD_10;1;1
CORD_ORD_82;PROD_15;1;1
CORD_ORD_82;PROD_17;1;1
CORD_ORD_82;PROD_18;1;1
CORD_ORD_82;PROD_2;1;1
CORD_ORD_82;PROD_23;1;1
CORD_ORD_82;PROD_29;1;1
CORD_ORD_82;PROD_30;1;1
CORD_ORD_82;PROD_31;1;1
CORD_ORD_82;PROD_32;1;1
CORD_ORD_82;PROD_35;1;1
CORD_ORD_82;PROD_36;1;1
CORD_ORD_82;PROD_37;1;1
CORD_ORD_82;PROD_38;1;1
CORD_ORD_82;PROD_4;1;1
CORD_ORD_82;PROD_41;1;1
CORD_ORD_82;PROD_42;1;1
CORD_ORD_82;PROD_43;1;1
CORD_ORD_82;PROD_44;1;1
CORD_ORD_82;PROD_46;1;1
CORD_ORD_82;PROD_50;1;1
CORD_ORD_82;PROD_6;1;1
CORD_ORD_82;PROD_7;1;1
CORD_ORD_82;PROD_8;1;1
CORD_ORD_83;PROD_1;1;1
CORD_ORD_83;PROD_10;1;1
CORD_ORD_83;PROD_13;1;1
CORD_ORD_83;PROD_16;1;1
CORD_ORD_83;PROD_19;1;1
CORD_ORD_83;PROD_25;1;1
CORD_ORD_83;PROD_3;1;1
CORD_ORD_83;PROD_30;1;1
CORD_ORD_83;PROD_33;1;1
CORD_ORD_83;PROD_35;1;1
CORD_ORD_83;PROD_36;1;1
CORD_ORD_83;PROD_43;1;1
CORD_ORD_83;PROD_45;1;1
CORD_ORD_83;PROD_46;1;1
CORD_ORD_83;PROD_7;1;1
CORD_ORD_83;PROD_8;1;1
CORD_ORD_84;PROD_10;1;1
CORD_ORD_84;PROD_12;1;1
CORD_ORD_84;PROD_14;1;1
CORD_ORD_84;PROD_16;1;1
CORD_ORD_84;PROD_17;1;1
CORD_ORD_84;PROD_21;1;1
CORD_ORD_84;PROD_24;1;1
CORD_ORD_84;PROD_25;1;1
CORD_ORD_84;PROD_26;1;1
CORD_ORD_84;PROD_30;1;1
CORD_ORD_84;PROD_34;1;1
CORD_ORD_84;PROD_37;1;1
CORD_ORD_84;PROD_38;1;1
CORD_ORD_84;PROD_4;1;1
CORD_ORD_84;PROD_41;1;1
CORD_ORD_84;PROD_43;1;1
CORD_ORD_84;PROD_44;1;1
CORD_ORD_84;PROD_5;1;1
CORD_ORD_84;PROD_50;1;1
CORD_ORD_84;PROD_6;1;1
CORD_ORD_84;PROD_8;1;1
CORD_ORD_84;PROD_9;1;1
CORD_ORD_85;PROD_15;1;1
CORD_ORD_85;PROD_20;1;1
CORD_ORD_85;PROD_22;1;1
CORD_ORD_85;PROD_28;1;1
CORD_ORD_85;PROD_29;1;1
CORD_ORD_85;PROD_30;1;1
CORD_ORD_85;PROD_31;1;1
CORD_ORD_85;PROD_32;1;1
CORD_ORD_85;PROD_36;1;1
CORD_ORD_85;PROD_39;1;1
CORD_ORD_85;PROD_46;1;1
CORD_ORD_85;PROD_50;1;1
CORD_ORD_85;PROD_6;1;1
CORD_ORD_85;PROD_8;1;1
CORD_ORD_86;PROD_13;1;1
CORD_ORD_86;PROD_16;1;1
CORD_ORD_86;PROD_18;1;1
CORD_ORD_86;PROD_2;1;1
CORD_ORD_86;PROD_20;1;1
CORD_ORD_86;PROD_25;1;1
CORD_ORD_86;PROD_33;1;1
CORD_ORD_86;PROD_37;1;1
CORD_ORD_86;PROD_39;1;1
CORD_ORD_86;PROD_44;1;1
CORD_ORD_86;PROD_50;1;1
CORD_ORD_86;PROD_6;1;1
CORD_ORD_87;PROD_1;1;1
CORD_ORD_87;PROD_10;1;1
CORD_ORD_87;PROD_13;1;1
CORD_ORD_87;PROD_15;1;1
CORD_ORD_87;PROD_21;1;1
CORD_ORD_87;PROD_23;1;1
CORD_ORD_87;PROD_24;1;1
CORD_ORD_87;PROD_29;1;1
CORD_ORD_87;PROD_3;1;1
CORD_ORD_87;PROD_31;1;1
CORD_ORD_87;PROD_32;1;1
CORD_ORD_87;PROD_33;1;1
CORD_ORD_87;PROD_34;1;1
CORD_ORD_87;PROD_35;1;1
CORD_ORD_87;PROD_37;1;1
CORD_ORD_87;PROD_40;1;1
CORD_ORD_87;PROD_42;1;1
CORD_ORD_87;PROD_43;1;1
CORD_ORD_87;PROD_44;1;1
CORD_ORD_87;PROD_47;1;1
CORD_ORD_87;PROD_5;1;1
CORD_ORD_87;PROD_50;1;1
CORD_ORD_87;PROD_6;1;1
CORD_ORD_87;PROD_7;1;1
CORD_ORD_88;PROD_12;1;1
CORD_ORD_88;PROD_13;1;1
CORD_ORD_88;PROD_21;1;1
CORD_ORD_88;PROD_22;1;1
CORD_ORD_88;PROD_23;1;1
CORD_ORD_88;PROD_24;1;1
CORD_ORD_88;PROD_26;1;1
CORD_ORD_88;PROD_27;1;1
CORD_ORD_88;PROD_28;1;1
CORD_ORD_88;PROD_33;1;1
CORD_ORD_88;PROD_36;1;1
CORD_ORD_88;PROD_37;1;1
CORD_ORD_88;PROD_40;1;1
CORD_ORD_88;PROD_42;1;1
CORD_ORD_88;PROD_44;1;1
CORD_ORD_88;PROD_46;1;1
CORD_ORD_88;PROD_47;1;1
CORD_ORD_88;PROD_49;1;1
CORD_ORD_88;PROD_50;1;1
CORD_ORD_88;PROD_6;1;1
CORD_ORD_89;PROD_10;1;1
CORD_ORD_89;PROD_21;1;1
CORD_ORD_89;PROD_24;1;1
CORD_ORD_89;PROD_29;1;1
CORD_ORD_89;PROD_30;1;1
CORD_ORD_89;PROD_31;1;1
CORD_ORD_89;PROD_36;1;1
CORD_ORD_89;PROD_43;1;1
CORD_ORD_89;PROD_46;1;1
CORD_ORD_89;PROD_50;1;1
CORD_ORD_89;PROD_6;1;1
CORD_ORD_89;PROD_8;1;1
CORD_ORD_90;PROD_1;1;1
CORD_ORD_90;PROD_10;1;1
CORD_ORD_90;PROD_13;1;1
CORD_ORD_90;PROD_14;1;1
CORD_ORD_90;PROD_15;1;1
CORD_ORD_90;PROD_18;1;1
CORD_ORD_90;PROD_2;1;1
CORD_ORD_90;PROD_20;1;1
CORD_ORD_90;PROD_21;1;1
CORD_ORD_90;PROD_24;1;1
CORD_ORD_90;PROD_3;1;1
CORD_ORD_90;PROD_32;1;1
CORD_ORD_90;PROD_33;1;1
CORD_ORD_90;PROD_35;1;1
CORD_ORD_90;PROD_39;1;1
CORD_ORD_90;PROD_40;1;1
CORD_ORD_90;PROD_43;1;1
CORD_ORD_90;PROD_47;1;1
CORD_ORD_90;PROD_7;1;1
CORD_ORD_90;PROD_9;1;1
CORD_ORD_91;PROD_11;1;1
CORD_ORD_91;PROD_16;1;1
CORD_ORD_91;PROD_17;1;1
CORD_ORD_91;PROD_21;1;1
CORD_ORD_91;PROD_24;1;1
CORD_ORD_91;PROD_25;1;1
CORD_ORD_91;PROD_36;1;1
CORD_ORD_91;PROD_41;1;1
CORD_ORD_91;PROD_46;1;1
CORD_ORD_91;PROD_48;1;1
CORD_ORD_91;PROD_50;1;1
CORD_ORD_91;PROD_6;1;1
CORD_ORD_92;PROD_13;1;1
CORD_ORD_92;PROD_16;1;1
CORD_ORD_92;PROD_25;1;1
CORD_ORD_92;PROD_27;1;1
CORD_ORD_92;PROD_33;1;1
CORD_ORD_92;PROD_35;1;1
CORD_ORD_92;PROD_49;1;1
CORD_ORD_92;PROD_7;1;1
CORD_ORD_93;PROD_1;1;1
CORD_ORD_93;PROD_18;1;1
CORD_ORD_93;PROD_2;1;1
CORD_ORD_93;PROD_3;1;1
CORD_ORD_93;PROD_36;1;1
CORD_ORD_93;PROD_37;1;1
CORD_ORD_93;PROD_44;1;1
CORD_ORD_93;PROD_46;1;1
CORD_ORD_94;PROD_11;1;1
CORD_ORD_94;PROD_15;1;1
CORD_ORD_94;PROD_27;1;1
CORD_ORD_94;PROD_29;1;1
CORD_ORD_94;PROD_31;1;1
CORD_ORD_94;PROD_32;1;1
CORD_ORD_94;PROD_38;1;1
CORD_ORD_94;PROD_4;1;1
CORD_ORD_94;PROD_48;1;1
CORD_ORD_94;PROD_49;1;1
CORD_ORD_95;PROD_1;1;1
CORD_ORD_95;PROD_10;1;1
CORD_ORD_95;PROD_11;1;1
CORD_ORD_95;PROD_12;1;1
CORD_ORD_95;PROD_15;1;1
CORD_ORD_95;PROD_17;1;1
CORD_ORD_95;PROD_18;1;1
CORD_ORD_95;PROD_2;1;1
CORD_ORD_95;PROD_26;1;1
CORD_ORD_95;PROD_27;1;1
CORD_ORD_95;PROD_3;1;1
CORD_ORD_95;PROD_32;1;1
CORD_ORD_95;PROD_34;1;1
CORD_ORD_95;PROD_35;1;1
CORD_ORD_95;PROD_36;1;1
CORD_ORD_95;PROD_37;1;1
CORD_ORD_95;PROD_41;1;1
CORD_ORD_95;PROD_43;1;1
CORD_ORD_95;PROD_44;1;1
CORD_ORD_95;PROD_46;1;1
CORD_ORD_95;PROD_48;1;1
CORD_ORD_95;PROD_49;1;1
CORD_ORD_95;PROD_5;1;1
CORD_ORD_95;PROD_50;1;1
CORD_ORD_95;PROD_6;1;1
CORD_ORD_95;PROD_7;1;1
CORD_ORD_96;PROD_10;1;1
CORD_ORD_96;PROD_11;1;1
CORD_ORD_96;PROD_13;1;1
CORD_ORD_96;PROD_14;1;1
CORD_ORD_96;PROD_15;1;1
CORD_ORD_96;PROD_19;1;1
CORD_ORD_96;PROD_22;1;1
CORD_ORD_96;PROD_27;1;1
CORD_ORD_96;PROD_28;1;1
CORD_ORD_96;PROD_32;1;1
CORD_ORD_96;PROD_33;1;1
CORD_ORD_96;PROD_40;1;1
CORD_ORD_96;PROD_43;1;1
CORD_ORD_96;PROD_45;1;1
CORD_ORD_96;PROD_47;1;1
CORD_ORD_96;PROD_48;1;1
CORD_ORD_96;PROD_49;1;1
CORD_ORD_96;PROD_9;1;1
CORD_ORD_97;PROD_10;1;1
CORD_ORD_97;PROD_14;1;1
CORD_ORD_97;PROD_17;1;1
CORD_ORD_97;PROD_30;1;1
CORD_ORD_97;PROD_35;1;1
CORD_ORD_97;PROD_41;1;1
CORD_ORD_97;PROD_43;1;1
CORD_ORD_97;PROD_7;1;1
CORD_ORD_97;PROD_8;1;1
CORD_ORD_97;PROD_9;1;1
CORD_ORD_98;PROD_11;1;1
CORD_ORD_98;PROD_13;1;1
CORD_ORD_98;PROD_14;1;1
CORD_ORD_98;PROD_19;1;1
CORD_ORD_98;PROD_33;1;1
CORD_ORD_98;PROD_37;1;1
CORD_ORD_98;PROD_44;1;1
CORD_ORD_98;PROD_45;1;1
CORD_ORD_98;PROD_48;1;1
CORD_ORD_98;PROD_9;1;1
CORD_ORD_99;PROD_1;1;1
CORD_ORD_99;PROD_10;1;1
CORD_ORD_99;PROD_22;1;1
CORD_ORD_99;PROD_28;1;1
CORD_ORD_99;PROD_29;1;1
CORD_ORD_99;PROD_3;1;1
CORD_ORD_99;PROD_30;1;1
CORD_ORD_99;PROD_31;1;1
CORD_ORD_99;PROD_36;1;1
CORD_ORD_99;PROD_43;1;1
CORD_ORD_99;PROD_46;1;1
CORD_ORD_99;PROD_8;1;1
CORD_ORD_100;PROD_1;1;1
CORD_ORD_100;PROD_12;1;1
CORD_ORD_100;PROD_19;1;1
CORD_ORD_100;PROD_20;1;1
CORD_ORD_100;PROD_22;1;1
CORD_ORD_100;PROD_26;1;1
CORD_ORD_100;PROD_28;1;1
CORD_ORD_100;PROD_3;1;1
CORD_ORD_100;PROD_30;1;1
CORD_ORD_100;PROD_34;1;1
CORD_ORD_100;PROD_37;1;1
CORD_ORD_100;PROD_38;1;1
CORD_ORD_100;PROD_39;1;1
CORD_ORD_100;PROD_4;1;1
CORD_ORD_100;PROD_44;1;1
CORD_ORD_100;PROD_45;1;1
CORD_ORD_100;PROD_5;1;1
CORD_ORD_100;PROD_50;1;1
CORD_ORD_100;PROD_6;1;1
CORD_ORD_100;PROD_8;1;1
CORD_ORD_101;PROD_11;1;1
CORD_ORD_101;PROD_15;1;1
CORD_ORD_101;PROD_21;1;1
CORD_ORD_101;PROD_23;1;1
CORD_ORD_101;PROD_24;1;1
CORD_ORD_101;PROD_27;1;1
CORD_ORD_101;PROD_29;1;1
CORD_ORD_101;PROD_31;1;1
CORD_ORD_101;PROD_32;1;1
CORD_ORD_101;PROD_34;1;1
CORD_ORD_101;PROD_37;1;1
CORD_ORD_101;PROD_42;1;1
CORD_ORD_101;PROD_44;1;1
CORD_ORD_101;PROD_48;1;1
CORD_ORD_101;PROD_49;1;1
CORD_ORD_101;PROD_5;1;1
CORD_ORD_102;PROD_1;1;1
CORD_ORD_102;PROD_10;1;1
CORD_ORD_102;PROD_18;1;1
CORD_ORD_102;PROD_19;1;1
CORD_ORD_102;PROD_2;1;1
CORD_ORD_102;PROD_29;1;1
CORD_ORD_102;PROD_3;1;1
CORD_ORD_102;PROD_30;1;1
CORD_ORD_102;PROD_31;1;1
CORD_ORD_102;PROD_36;1;1
CORD_ORD_102;PROD_37;1;1
CORD_ORD_102;PROD_43;1;1
CORD_ORD_102;PROD_44;1;1
CORD_ORD_102;PROD_45;1;1
CORD_ORD_102;PROD_46;1;1
CORD_ORD_102;PROD_8;1;1
CORD_ORD_103;PROD_1;1;1
CORD_ORD_103;PROD_10;1;1
CORD_ORD_103;PROD_15;1;1
CORD_ORD_103;PROD_22;1;1
CORD_ORD_103;PROD_28;1;1
CORD_ORD_103;PROD_29;1;1
CORD_ORD_103;PROD_3;1;1
CORD_ORD_103;PROD_31;1;1
CORD_ORD_103;PROD_32;1;1
CORD_ORD_103;PROD_40;1;1
CORD_ORD_103;PROD_43;1;1
CORD_ORD_103;PROD_47;1;1
CORD_ORD_103;PROD_50;1;1
CORD_ORD_103;PROD_6;1;1
CORD_ORD_104;PROD_11;1;1
CORD_ORD_104;PROD_12;1;1
CORD_ORD_104;PROD_13;1;1
CORD_ORD_104;PROD_15;1;1
CORD_ORD_104;PROD_16;1;1
CORD_ORD_104;PROD_17;1;1
CORD_ORD_104;PROD_19;1;1
CORD_ORD_104;PROD_21;1;1
CORD_ORD_104;PROD_24;1;1
CORD_ORD_104;PROD_25;1;1
CORD_ORD_104;PROD_26;1;1
CORD_ORD_104;PROD_27;1;1
CORD_ORD_104;PROD_29;1;1
CORD_ORD_104;PROD_30;1;1
CORD_ORD_104;PROD_31;1;1
CORD_ORD_104;PROD_32;1;1
CORD_ORD_104;PROD_33;1;1
CORD_ORD_104;PROD_40;1;1
CORD_ORD_104;PROD_41;1;1
CORD_ORD_104;PROD_45;1;1
CORD_ORD_104;PROD_47;1;1
CORD_ORD_104;PROD_48;1;1
CORD_ORD_104;PROD_49;1;1
CORD_ORD_104;PROD_8;1;1
CORD_ORD_105;PROD_1;1;1
CORD_ORD_105;PROD_10;1;1
CORD_ORD_105;PROD_15;1;1
CORD_ORD_105;PROD_29;1;1
CORD_ORD_105;PROD_3;1;1
CORD_ORD_105;PROD_31;1;1
CORD_ORD_105;PROD_32;1;1
CORD_ORD_105;PROD_40;1;1
CORD_ORD_105;PROD_43;1;1
CORD_ORD_105;PROD_47;1;1
CORD_ORD_106;PROD_10;1;1
CORD_ORD_106;PROD_11;1;1
CORD_ORD_106;PROD_12;1;1
CORD_ORD_106;PROD_14;1;1
CORD_ORD_106;PROD_17;1;1
CORD_ORD_106;PROD_26;1;1
CORD_ORD_106;PROD_29;1;1
CORD_ORD_106;PROD_31;1;1
CORD_ORD_106;PROD_35;1;1
CORD_ORD_106;PROD_38;1;1
CORD_ORD_106;PROD_4;1;1
CORD_ORD_106;PROD_40;1;1
CORD_ORD_106;PROD_41;1;1
CORD_ORD_106;PROD_43;1;1
CORD_ORD_106;PROD_47;1;1
CORD_ORD_106;PROD_48;1;1
CORD_ORD_106;PROD_50;1;1
CORD_ORD_106;PROD_6;1;1
CORD_ORD_106;PROD_7;1;1
CORD_ORD_106;PROD_9;1;1
CORD_ORD_107;PROD_1;1;1
CORD_ORD_107;PROD_15;1;1
CORD_ORD_107;PROD_16;1;1
CORD_ORD_107;PROD_17;1;1
CORD_ORD_107;PROD_19;1;1
CORD_ORD_107;PROD_21;1;1
CORD_ORD_107;PROD_22;1;1
CORD_ORD_107;PROD_24;1;1
CORD_ORD_107;PROD_25;1;1
CORD_ORD_107;PROD_28;1;1
CORD_ORD_107;PROD_29;1;1
CORD_ORD_107;PROD_3;1;1
CORD_ORD_107;PROD_31;1;1
CORD_ORD_107;PROD_32;1;1
CORD_ORD_107;PROD_35;1;1
CORD_ORD_107;PROD_36;1;1
CORD_ORD_107;PROD_40;1;1
CORD_ORD_107;PROD_41;1;1
CORD_ORD_107;PROD_45;1;1
CORD_ORD_107;PROD_46;1;1
CORD_ORD_107;PROD_47;1;1
CORD_ORD_107;PROD_7;1;1
CORD_ORD_108;PROD_13;1;1
CORD_ORD_108;PROD_14;1;1
CORD_ORD_108;PROD_16;1;1
CORD_ORD_108;PROD_18;1;1
CORD_ORD_108;PROD_2;1;1
CORD_ORD_108;PROD_20;1;1
CORD_ORD_108;PROD_23;1;1
CORD_ORD_108;PROD_25;1;1
CORD_ORD_108;PROD_30;1;1
CORD_ORD_108;PROD_33;1;1
CORD_ORD_108;PROD_36;1;1
CORD_ORD_108;PROD_38;1;1
CORD_ORD_108;PROD_39;1;1
CORD_ORD_108;PROD_4;1;1
CORD_ORD_108;PROD_42;1;1
CORD_ORD_108;PROD_46;1;1
CORD_ORD_108;PROD_50;1;1
CORD_ORD_108;PROD_6;1;1
CORD_ORD_108;PROD_8;1;1
CORD_ORD_108;PROD_9;1;1
CORD_ORD_109;PROD_10;1;1
CORD_ORD_109;PROD_14;1;1
CORD_ORD_109;PROD_15;1;1
CORD_ORD_109;PROD_32;1;1
CORD_ORD_109;PROD_34;1;1
CORD_ORD_109;PROD_35;1;1
CORD_ORD_109;PROD_38;1;1
CORD_ORD_109;PROD_4;1;1
CORD_ORD_109;PROD_43;1;1
CORD_ORD_109;PROD_5;1;1
CORD_ORD_109;PROD_7;1;1
CORD_ORD_109;PROD_9;1;1
CORD_ORD_110;PROD_12;1;1
CORD_ORD_110;PROD_13;1;1
CORD_ORD_110;PROD_17;1;1
CORD_ORD_110;PROD_21;1;1
CORD_ORD_110;PROD_22;1;1
CORD_ORD_110;PROD_24;1;1
CORD_ORD_110;PROD_26;1;1
CORD_ORD_110;PROD_28;1;1
CORD_ORD_110;PROD_33;1;1
CORD_ORD_110;PROD_37;1;1
CORD_ORD_110;PROD_41;1;1
CORD_ORD_110;PROD_44;1;1
CORD_ORD_111;PROD_10;1;1
CORD_ORD_111;PROD_11;1;1
CORD_ORD_111;PROD_12;1;1
CORD_ORD_111;PROD_15;1;1
CORD_ORD_111;PROD_21;1;1
CORD_ORD_111;PROD_22;1;1
CORD_ORD_111;PROD_23;1;1
CORD_ORD_111;PROD_24;1;1
CORD_ORD_111;PROD_26;1;1
CORD_ORD_111;PROD_28;1;1
CORD_ORD_111;PROD_32;1;1
CORD_ORD_111;PROD_34;1;1
CORD_ORD_111;PROD_37;1;1
CORD_ORD_111;PROD_38;1;1
CORD_ORD_111;PROD_4;1;1
CORD_ORD_111;PROD_42;1;1
CORD_ORD_111;PROD_43;1;1
CORD_ORD_111;PROD_44;1;1
CORD_ORD_111;PROD_48;1;1
CORD_ORD_111;PROD_5;1;1
CORD_ORD_112;PROD_11;1;1
CORD_ORD_112;PROD_13;1;1
CORD_ORD_112;PROD_15;1;1
CORD_ORD_112;PROD_19;1;1
CORD_ORD_112;PROD_20;1;1
CORD_ORD_112;PROD_22;1;1
CORD_ORD_112;PROD_28;1;1
CORD_ORD_112;PROD_29;1;1
CORD_ORD_112;PROD_30;1;1
CORD_ORD_112;PROD_31;1;1
CORD_ORD_112;PROD_32;1;1
CORD_ORD_112;PROD_33;1;1
CORD_ORD_112;PROD_37;1;1
CORD_ORD_112;PROD_39;1;1
CORD_ORD_112;PROD_44;1;1
CORD_ORD_112;PROD_45;1;1
CORD_ORD_112;PROD_48;1;1
CORD_ORD_112;PROD_50;1;1
CORD_ORD_112;PROD_6;1;1
CORD_ORD_112;PROD_8;1;1
CORD_ORD_113;PROD_10;1;1
CORD_ORD_113;PROD_11;1;1
CORD_ORD_113;PROD_17;1;1
CORD_ORD_113;PROD_38;1;1
CORD_ORD_113;PROD_4;1;1
CORD_ORD_113;PROD_41;1;1
CORD_ORD_113;PROD_43;1;1
CORD_ORD_113;PROD_48;1;1
CORD_ORD_114;PROD_11;1;1
CORD_ORD_114;PROD_12;1;1
CORD_ORD_114;PROD_13;1;1
CORD_ORD_114;PROD_14;1;1
CORD_ORD_114;PROD_15;1;1
CORD_ORD_114;PROD_20;1;1
CORD_ORD_114;PROD_26;1;1
CORD_ORD_114;PROD_29;1;1
CORD_ORD_114;PROD_30;1;1
CORD_ORD_114;PROD_31;1;1
CORD_ORD_114;PROD_32;1;1
CORD_ORD_114;PROD_33;1;1
CORD_ORD_114;PROD_34;1;1
CORD_ORD_114;PROD_36;1;1
CORD_ORD_114;PROD_39;1;1
CORD_ORD_114;PROD_46;1;1
CORD_ORD_114;PROD_48;1;1
CORD_ORD_114;PROD_5;1;1
CORD_ORD_114;PROD_50;1;1
CORD_ORD_114;PROD_6;1;1
CORD_ORD_114;PROD_8;1;1
CORD_ORD_114;PROD_9;1;1
CORD_ORD_115;PROD_1;1;1
CORD_ORD_115;PROD_16;1;1
CORD_ORD_115;PROD_18;1;1
CORD_ORD_115;PROD_19;1;1
CORD_ORD_115;PROD_2;1;1
CORD_ORD_115;PROD_20;1;1
CORD_ORD_115;PROD_22;1;1
CORD_ORD_115;PROD_25;1;1
CORD_ORD_115;PROD_28;1;1
CORD_ORD_115;PROD_3;1;1
CORD_ORD_115;PROD_30;1;1
CORD_ORD_115;PROD_34;1;1
CORD_ORD_115;PROD_36;1;1
CORD_ORD_115;PROD_38;1;1
CORD_ORD_115;PROD_39;1;1
CORD_ORD_115;PROD_4;1;1
CORD_ORD_115;PROD_40;1;1
CORD_ORD_115;PROD_45;1;1
CORD_ORD_115;PROD_46;1;1
CORD_ORD_115;PROD_47;1;1
CORD_ORD_115;PROD_5;1;1
CORD_ORD_115;PROD_8;1;1
CORD_ORD_116;PROD_10;1;1
CORD_ORD_116;PROD_11;1;1
CORD_ORD_116;PROD_15;1;1
CORD_ORD_116;PROD_17;1;1
CORD_ORD_116;PROD_20;1;1
CORD_ORD_116;PROD_27;1;1
CORD_ORD_116;PROD_29;1;1
CORD_ORD_116;PROD_30;1;1
CORD_ORD_116;PROD_31;1;1
CORD_ORD_116;PROD_32;1;1
CORD_ORD_116;PROD_34;1;1
CORD_ORD_116;PROD_39;1;1
CORD_ORD_116;PROD_41;1;1
CORD_ORD_116;PROD_43;1;1
CORD_ORD_116;PROD_48;1;1
CORD_ORD_116;PROD_49;1;1
CORD_ORD_116;PROD_5;1;1
CORD_ORD_116;PROD_8;1;1
CORD_ORD_117;PROD_1;1;1
CORD_ORD_117;PROD_17;1;1
CORD_ORD_117;PROD_18;1;1
CORD_ORD_117;PROD_2;1;1
CORD_ORD_117;PROD_29;1;1
CORD_ORD_117;PROD_3;1;1
CORD_ORD_117;PROD_31;1;1
CORD_ORD_117;PROD_38;1;1
CORD_ORD_117;PROD_4;1;1
CORD_ORD_117;PROD_41;1;1
CORD_ORD_118;PROD_15;1;1
CORD_ORD_118;PROD_19;1;1
CORD_ORD_118;PROD_22;1;1
CORD_ORD_118;PROD_27;1;1
CORD_ORD_118;PROD_28;1;1
CORD_ORD_118;PROD_32;1;1
CORD_ORD_118;PROD_34;1;1
CORD_ORD_118;PROD_45;1;1
CORD_ORD_118;PROD_49;1;1
CORD_ORD_118;PROD_5;1;1
CORD_ORD_119;PROD_12;1;1
CORD_ORD_119;PROD_15;1;1
CORD_ORD_119;PROD_21;1;1
CORD_ORD_119;PROD_24;1;1
CORD_ORD_119;PROD_26;1;1
CORD_ORD_119;PROD_32;1;1
CORD_ORD_119;PROD_34;1;1
CORD_ORD_119;PROD_38;1;1
CORD_ORD_119;PROD_4;1;1
CORD_ORD_119;PROD_5;1;1
CORD_ORD_120;PROD_11;1;1
CORD_ORD_120;PROD_14;1;1
CORD_ORD_120;PROD_16;1;1
CORD_ORD_120;PROD_18;1;1
CORD_ORD_120;PROD_2;1;1
CORD_ORD_120;PROD_25;1;1
CORD_ORD_120;PROD_27;1;1
CORD_ORD_120;PROD_36;1;1
CORD_ORD_120;PROD_37;1;1
CORD_ORD_120;PROD_38;1;1
CORD_ORD_120;PROD_4;1;1
CORD_ORD_120;PROD_44;1;1
CORD_ORD_120;PROD_46;1;1
CORD_ORD_120;PROD_48;1;1
CORD_ORD_120;PROD_49;1;1
CORD_ORD_120;PROD_9;1;1
CORD_ORD_121;PROD_1;1;1
CORD_ORD_121;PROD_11;1;1
CORD_ORD_121;PROD_12;1;1
CORD_ORD_121;PROD_15;1;1
CORD_ORD_121;PROD_16;1;1
CORD_ORD_121;PROD_19;1;1
CORD_ORD_121;PROD_21;1;1
CORD_ORD_121;PROD_24;1;1
CORD_ORD_121;PROD_25;1;1
CORD_ORD_121;PROD_26;1;1
CORD_ORD_121;PROD_3;1;1
CORD_ORD_121;PROD_32;1;1
CORD_ORD_121;PROD_34;1;1
CORD_ORD_121;PROD_40;1;1
CORD_ORD_121;PROD_45;1;1
CORD_ORD_121;PROD_47;1;1
CORD_ORD_121;PROD_48;1;1
CORD_ORD_121;PROD_5;1;1
CORD_ORD_122;PROD_17;1;1
CORD_ORD_122;PROD_19;1;1
CORD_ORD_122;PROD_20;1;1
CORD_ORD_122;PROD_21;1;1
CORD_ORD_122;PROD_22;1;1
CORD_ORD_122;PROD_23;1;1
CORD_ORD_122;PROD_24;1;1
CORD_ORD_122;PROD_28;1;1
CORD_ORD_122;PROD_34;1;1
CORD_ORD_122;PROD_36;1;1
CORD_ORD_122;PROD_37;1;1
CORD_ORD_122;PROD_39;1;1
CORD_ORD_122;PROD_41;1;1
CORD_ORD_122;PROD_42;1;1
CORD_ORD_122;PROD_44;1;1
CORD_ORD_122;PROD_45;1;1
CORD_ORD_122;PROD_46;1;1
CORD_ORD_122;PROD_5;1;1
CORD_ORD_122;PROD_50;1;1
CORD_ORD_122;PROD_6;1;1
CORD_ORD_123;PROD_11;1;1
CORD_ORD_123;PROD_15;1;1
CORD_ORD_123;PROD_27;1;1
CORD_ORD_123;PROD_29;1;1
CORD_ORD_123;PROD_31;1;1
CORD_ORD_123;PROD_32;1;1
CORD_ORD_123;PROD_48;1;1
CORD_ORD_123;PROD_49;1;1
CORD_ORD_124;PROD_10;1;1
CORD_ORD_124;PROD_17;1;1
CORD_ORD_124;PROD_22;1;1
CORD_ORD_124;PROD_28;1;1
CORD_ORD_124;PROD_29;1;1
CORD_ORD_124;PROD_30;1;1
CORD_ORD_124;PROD_31;1;1
CORD_ORD_124;PROD_41;1;1
CORD_ORD_124;PROD_43;1;1
CORD_ORD_124;PROD_8;1;1
CORD_ORD_125;PROD_1;1;1
CORD_ORD_125;PROD_10;1;1
CORD_ORD_125;PROD_11;1;1
CORD_ORD_125;PROD_12;1;1
CORD_ORD_125;PROD_13;1;1
CORD_ORD_125;PROD_18;1;1
CORD_ORD_125;PROD_19;1;1
CORD_ORD_125;PROD_2;1;1
CORD_ORD_125;PROD_22;1;1
CORD_ORD_125;PROD_26;1;1
CORD_ORD_125;PROD_28;1;1
CORD_ORD_125;PROD_29;1;1
CORD_ORD_125;PROD_3;1;1
CORD_ORD_125;PROD_31;1;1
CORD_ORD_125;PROD_33;1;1
CORD_ORD_125;PROD_36;1;1
CORD_ORD_125;PROD_37;1;1
CORD_ORD_125;PROD_43;1;1
CORD_ORD_125;PROD_44;1;1
CORD_ORD_125;PROD_45;1;1
CORD_ORD_125;PROD_46;1;1
CORD_ORD_125;PROD_48;1;1
CORD_ORD_126;PROD_1;1;1
CORD_ORD_126;PROD_10;1;1
CORD_ORD_126;PROD_3;1;1
CORD_ORD_126;PROD_30;1;1
CORD_ORD_126;PROD_36;1;1
CORD_ORD_126;PROD_38;1;1
CORD_ORD_126;PROD_4;1;1
CORD_ORD_126;PROD_43;1;1
CORD_ORD_126;PROD_46;1;1
CORD_ORD_126;PROD_8;1;1
CORD_ORD_127;PROD_10;1;1
CORD_ORD_127;PROD_14;1;1
CORD_ORD_127;PROD_15;1;1
CORD_ORD_127;PROD_18;1;1
CORD_ORD_127;PROD_2;1;1
CORD_ORD_127;PROD_22;1;1
CORD_ORD_127;PROD_28;1;1
CORD_ORD_127;PROD_29;1;1
CORD_ORD_127;PROD_31;1;1
CORD_ORD_127;PROD_32;1;1
CORD_ORD_127;PROD_35;1;1
CORD_ORD_127;PROD_43;1;1
CORD_ORD_127;PROD_50;1;1
CORD_ORD_127;PROD_6;1;1
CORD_ORD_127;PROD_7;1;1
CORD_ORD_127;PROD_9;1;1
CORD_ORD_128;PROD_1;1;1
CORD_ORD_128;PROD_11;1;1
CORD_ORD_128;PROD_13;1;1
CORD_ORD_128;PROD_14;1;1
CORD_ORD_128;PROD_18;1;1
CORD_ORD_128;PROD_2;1;1
CORD_ORD_128;PROD_21;1;1
CORD_ORD_128;PROD_24;1;1
CORD_ORD_128;PROD_3;1;1
CORD_ORD_128;PROD_33;1;1
CORD_ORD_128;PROD_35;1;1
CORD_ORD_128;PROD_40;1;1
CORD_ORD_128;PROD_47;1;1
CORD_ORD_128;PROD_48;1;1
CORD_ORD_128;PROD_50;1;1
CORD_ORD_128;PROD_6;1;1
CORD_ORD_128;PROD_7;1;1
CORD_ORD_128;PROD_9;1;1
CORD_ORD_129;PROD_10;1;1
CORD_ORD_129;PROD_12;1;1
CORD_ORD_129;PROD_15;1;1
CORD_ORD_129;PROD_19;1;1
CORD_ORD_129;PROD_21;1;1
CORD_ORD_129;PROD_22;1;1
CORD_ORD_129;PROD_24;1;1
CORD_ORD_129;PROD_26;1;1
CORD_ORD_129;PROD_28;1;1
CORD_ORD_129;PROD_29;1;1
CORD_ORD_129;PROD_31;1;1
CORD_ORD_129;PROD_32;1;1
CORD_ORD_129;PROD_34;1;1
CORD_ORD_129;PROD_38;1;1
CORD_ORD_129;PROD_4;1;1
CORD_ORD_129;PROD_43;1;1
CORD_ORD_129;PROD_45;1;1
CORD_ORD_129;PROD_5;1;1
CORD_ORD_129;PROD_50;1;1
CORD_ORD_129;PROD_6;1;1
CORD_ORD_130;PROD_10;1;1
CORD_ORD_130;PROD_14;1;1
CORD_ORD_130;PROD_15;1;1
CORD_ORD_130;PROD_32;1;1
CORD_ORD_130;PROD_35;1;1
CORD_ORD_130;PROD_43;1;1
CORD_ORD_130;PROD_7;1;1
CORD_ORD_130;PROD_9;1;1
CORD_ORD_131;PROD_1;1;1
CORD_ORD_131;PROD_10;1;1
CORD_ORD_131;PROD_14;1;1
CORD_ORD_131;PROD_15;1;1
CORD_ORD_131;PROD_16;1;1
CORD_ORD_131;PROD_21;1;1
CORD_ORD_131;PROD_22;1;1
CORD_ORD_131;PROD_24;1;1
CORD_ORD_131;PROD_25;1;1
CORD_ORD_131;PROD_28;1;1
CORD_ORD_131;PROD_3;1;1
CORD_ORD_131;PROD_32;1;1
CORD_ORD_131;PROD_35;1;1
CORD_ORD_131;PROD_38;1;1
CORD_ORD_131;PROD_4;1;1
CORD_ORD_131;PROD_43;1;1
CORD_ORD_131;PROD_7;1;1
CORD_ORD_131;PROD_9;1;1
CORD_ORD_132;PROD_1;1;1
CORD_ORD_132;PROD_10;1;1
CORD_ORD_132;PROD_11;1;1
CORD_ORD_132;PROD_12;1;1
CORD_ORD_132;PROD_15;1;1
CORD_ORD_132;PROD_20;1;1
CORD_ORD_132;PROD_26;1;1
CORD_ORD_132;PROD_3;1;1
CORD_ORD_132;PROD_30;1;1
CORD_ORD_132;PROD_32;1;1
CORD_ORD_132;PROD_34;1;1
CORD_ORD_132;PROD_36;1;1
CORD_ORD_132;PROD_39;1;1
CORD_ORD_132;PROD_43;1;1
CORD_ORD_132;PROD_46;1;1
CORD_ORD_132;PROD_48;1;1
CORD_ORD_132;PROD_5;1;1
CORD_ORD_132;PROD_8;1;1
CORD_ORD_133;PROD_10;1;1
CORD_ORD_133;PROD_11;1;1
CORD_ORD_133;PROD_13;1;1
CORD_ORD_133;PROD_14;1;1
CORD_ORD_133;PROD_19;1;1
CORD_ORD_133;PROD_22;1;1
CORD_ORD_133;PROD_28;1;1
CORD_ORD_133;PROD_33;1;1
CORD_ORD_133;PROD_35;1;1
CORD_ORD_133;PROD_37;1;1
CORD_ORD_133;PROD_43;1;1
CORD_ORD_133;PROD_44;1;1
CORD_ORD_133;PROD_45;1;1
CORD_ORD_133;PROD_48;1;1
CORD_ORD_133;PROD_7;1;1
CORD_ORD_133;PROD_9;1;1
CORD_ORD_134;PROD_1;1;1
CORD_ORD_134;PROD_11;1;1
CORD_ORD_134;PROD_13;1;1
CORD_ORD_134;PROD_16;1;1
CORD_ORD_134;PROD_18;1;1
CORD_ORD_134;PROD_19;1;1
CORD_ORD_134;PROD_2;1;1
CORD_ORD_134;PROD_21;1;1
CORD_ORD_134;PROD_23;1;1
CORD_ORD_134;PROD_24;1;1
CORD_ORD_134;PROD_25;1;1
CORD_ORD_134;PROD_3;1;1
CORD_ORD_134;PROD_33;1;1
CORD_ORD_134;PROD_36;1;1
CORD_ORD_134;PROD_37;1;1
CORD_ORD_134;PROD_40;1;1
CORD_ORD_134;PROD_42;1;1
CORD_ORD_134;PROD_44;1;1
CORD_ORD_134;PROD_45;1;1
CORD_ORD_134;PROD_46;1;1
CORD_ORD_134;PROD_47;1;1
CORD_ORD_134;PROD_48;1;1
CORD_ORD_135;PROD_10;1;1
CORD_ORD_135;PROD_11;1;1
CORD_ORD_135;PROD_14;1;1
CORD_ORD_135;PROD_18;1;1
CORD_ORD_135;PROD_2;1;1
CORD_ORD_135;PROD_30;1;1
CORD_ORD_135;PROD_35;1;1
CORD_ORD_135;PROD_36;1;1
CORD_ORD_135;PROD_43;1;1
CORD_ORD_135;PROD_46;1;1
CORD_ORD_135;PROD_48;1;1
CORD_ORD_135;PROD_7;1;1
CORD_ORD_135;PROD_8;1;1
CORD_ORD_135;PROD_9;1;1
CORD_ORD_136;PROD_10;1;1
CORD_ORD_136;PROD_11;1;1
CORD_ORD_136;PROD_14;1;1
CORD_ORD_136;PROD_18;1;1
CORD_ORD_136;PROD_2;1;1
CORD_ORD_136;PROD_22;1;1
CORD_ORD_136;PROD_28;1;1
CORD_ORD_136;PROD_36;1;1
CORD_ORD_136;PROD_37;1;1
CORD_ORD_136;PROD_43;1;1
CORD_ORD_136;PROD_44;1;1
CORD_ORD_136;PROD_46;1;1
CORD_ORD_136;PROD_48;1;1
CORD_ORD_136;PROD_9;1;1
CORD_ORD_137;PROD_1;1;1
CORD_ORD_137;PROD_10;1;1
CORD_ORD_137;PROD_3;1;1
CORD_ORD_137;PROD_30;1;1
CORD_ORD_137;PROD_36;1;1
CORD_ORD_137;PROD_43;1;1
CORD_ORD_137;PROD_46;1;1
CORD_ORD_137;PROD_8;1;1
CORD_ORD_138;PROD_10;1;1
CORD_ORD_138;PROD_15;1;1
CORD_ORD_138;PROD_20;1;1
CORD_ORD_138;PROD_22;1;1
CORD_ORD_138;PROD_23;1;1
CORD_ORD_138;PROD_28;1;1
CORD_ORD_138;PROD_29;1;1
CORD_ORD_138;PROD_30;1;1
CORD_ORD_138;PROD_31;1;1
CORD_ORD_138;PROD_32;1;1
CORD_ORD_138;PROD_36;1;1
CORD_ORD_138;PROD_38;1;1
CORD_ORD_138;PROD_39;1;1
CORD_ORD_138;PROD_4;1;1
CORD_ORD_138;PROD_42;1;1
CORD_ORD_138;PROD_43;1;1
CORD_ORD_138;PROD_46;1;1
CORD_ORD_138;PROD_50;1;1
CORD_ORD_138;PROD_6;1;1
CORD_ORD_138;PROD_8;1;1
CORD_ORD_139;PROD_1;1;1
CORD_ORD_139;PROD_11;1;1
CORD_ORD_139;PROD_14;1;1
CORD_ORD_139;PROD_18;1;1
CORD_ORD_139;PROD_2;1;1
CORD_ORD_139;PROD_22;1;1
CORD_ORD_139;PROD_28;1;1
CORD_ORD_139;PROD_3;1;1
CORD_ORD_139;PROD_36;1;1
CORD_ORD_139;PROD_46;1;1
CORD_ORD_139;PROD_48;1;1
CORD_ORD_139;PROD_9;1;1
CORD_ORD_140;PROD_12;1;1
CORD_ORD_140;PROD_13;1;1
CORD_ORD_140;PROD_14;1;1
CORD_ORD_140;PROD_15;1;1
CORD_ORD_140;PROD_17;1;1
CORD_ORD_140;PROD_21;1;1
CORD_ORD_140;PROD_22;1;1
CORD_ORD_140;PROD_24;1;1
CORD_ORD_140;PROD_26;1;1
CORD_ORD_140;PROD_28;1;1
CORD_ORD_140;PROD_29;1;1
CORD_ORD_140;PROD_30;1;1
CORD_ORD_140;PROD_31;1;1
CORD_ORD_140;PROD_32;1;1
CORD_ORD_140;PROD_33;1;1
CORD_ORD_140;PROD_41;1;1
CORD_ORD_140;PROD_50;1;1
CORD_ORD_140;PROD_6;1;1
CORD_ORD_140;PROD_8;1;1
CORD_ORD_140;PROD_9;1;1
CORD_ORD_141;PROD_11;1;1
CORD_ORD_141;PROD_12;1;1
CORD_ORD_141;PROD_16;1;1
CORD_ORD_141;PROD_18;1;1
CORD_ORD_141;PROD_19;1;1
CORD_ORD_141;PROD_2;1;1
CORD_ORD_141;PROD_22;1;1
CORD_ORD_141;PROD_25;1;1
CORD_ORD_141;PROD_26;1;1
CORD_ORD_141;PROD_28;1;1
CORD_ORD_141;PROD_29;1;1
CORD_ORD_141;PROD_31;1;1
CORD_ORD_141;PROD_34;1;1
CORD_ORD_141;PROD_45;1;1
CORD_ORD_141;PROD_48;1;1
CORD_ORD_141;PROD_5;1;1
CORD_ORD_141;PROD_50;1;1
CORD_ORD_141;PROD_6;1;1
CORD_ORD_142;PROD_1;1;1
CORD_ORD_142;PROD_15;1;1
CORD_ORD_142;PROD_20;1;1
CORD_ORD_142;PROD_22;1;1
CORD_ORD_142;PROD_28;1;1
CORD_ORD_142;PROD_3;1;1
CORD_ORD_142;PROD_32;1;1
CORD_ORD_142;PROD_36;1;1
CORD_ORD_142;PROD_37;1;1
CORD_ORD_142;PROD_39;1;1
CORD_ORD_142;PROD_44;1;1
CORD_ORD_142;PROD_46;1;1
CORD_ORD_143;PROD_10;1;1
CORD_ORD_143;PROD_11;1;1
CORD_ORD_143;PROD_20;1;1
CORD_ORD_143;PROD_22;1;1
CORD_ORD_143;PROD_28;1;1
CORD_ORD_143;PROD_30;1;1
CORD_ORD_143;PROD_37;1;1
CORD_ORD_143;PROD_39;1;1
CORD_ORD_143;PROD_43;1;1
CORD_ORD_143;PROD_44;1;1
CORD_ORD_143;PROD_48;1;1
CORD_ORD_143;PROD_8;1;1
CORD_ORD_144;PROD_11;1;1
CORD_ORD_144;PROD_13;1;1
CORD_ORD_144;PROD_19;1;1
CORD_ORD_144;PROD_33;1;1
CORD_ORD_144;PROD_37;1;1
CORD_ORD_144;PROD_44;1;1
CORD_ORD_144;PROD_45;1;1
CORD_ORD_144;PROD_48;1;1
CORD_ORD_145;PROD_1;1;1
CORD_ORD_145;PROD_12;1;1
CORD_ORD_145;PROD_13;1;1
CORD_ORD_145;PROD_16;1;1
CORD_ORD_145;PROD_18;1;1
CORD_ORD_145;PROD_19;1;1
CORD_ORD_145;PROD_2;1;1
CORD_ORD_145;PROD_21;1;1
CORD_ORD_145;PROD_22;1;1
CORD_ORD_145;PROD_24;1;1
CORD_ORD_145;PROD_25;1;1
CORD_ORD_145;PROD_26;1;1
CORD_ORD_145;PROD_28;1;1
CORD_ORD_145;PROD_29;1;1
CORD_ORD_145;PROD_3;1;1
CORD_ORD_145;PROD_31;1;1
CORD_ORD_145;PROD_33;1;1
CORD_ORD_145;PROD_36;1;1
CORD_ORD_145;PROD_37;1;1
CORD_ORD_145;PROD_44;1;1
CORD_ORD_145;PROD_45;1;1
CORD_ORD_145;PROD_46;1;1
CORD_ORD_146;PROD_11;1;1
CORD_ORD_146;PROD_12;1;1
CORD_ORD_146;PROD_13;1;1
CORD_ORD_146;PROD_18;1;1
CORD_ORD_146;PROD_19;1;1
CORD_ORD_146;PROD_2;1;1
CORD_ORD_146;PROD_20;1;1
CORD_ORD_146;PROD_26;1;1
CORD_ORD_146;PROD_30;1;1
CORD_ORD_146;PROD_33;1;1
CORD_ORD_146;PROD_36;1;1
CORD_ORD_146;PROD_38;1;1
CORD_ORD_146;PROD_39;1;1
CORD_ORD_146;PROD_4;1;1
CORD_ORD_146;PROD_45;1;1
CORD_ORD_146;PROD_46;1;1
CORD_ORD_146;PROD_48;1;1
CORD_ORD_146;PROD_50;1;1
CORD_ORD_146;PROD_6;1;1
CORD_ORD_146;PROD_8;1;1
CORD_ORD_147;PROD_10;1;1
CORD_ORD_147;PROD_15;1;1
CORD_ORD_147;PROD_22;1;1
CORD_ORD_147;PROD_28;1;1
CORD_ORD_147;PROD_29;1;1
CORD_ORD_147;PROD_31;1;1
CORD_ORD_147;PROD_32;1;1
CORD_ORD_147;PROD_34;1;1
CORD_ORD_147;PROD_38;1;1
CORD_ORD_147;PROD_4;1;1
CORD_ORD_147;PROD_43;1;1
CORD_ORD_147;PROD_5;1;1
CORD_ORD_147;PROD_50;1;1
CORD_ORD_147;PROD_6;1;1
CORD_ORD_148;PROD_11;1;1
CORD_ORD_148;PROD_12;1;1
CORD_ORD_148;PROD_14;1;1
CORD_ORD_148;PROD_18;1;1
CORD_ORD_148;PROD_2;1;1
CORD_ORD_148;PROD_20;1;1
CORD_ORD_148;PROD_21;1;1
CORD_ORD_148;PROD_22;1;1
CORD_ORD_148;PROD_23;1;1
CORD_ORD_148;PROD_24;1;1
CORD_ORD_148;PROD_26;1;1
CORD_ORD_148;PROD_28;1;1
CORD_ORD_148;PROD_36;1;1
CORD_ORD_148;PROD_37;1;1
CORD_ORD_148;PROD_39;1;1
CORD_ORD_148;PROD_42;1;1
CORD_ORD_148;PROD_44;1;1
CORD_ORD_148;PROD_46;1;1
CORD_ORD_148;PROD_48;1;1
CORD_ORD_148;PROD_9;1;1
CORD_ORD_149;PROD_1;1;1
CORD_ORD_149;PROD_10;1;1
CORD_ORD_149;PROD_15;1;1
CORD_ORD_149;PROD_18;1;1
CORD_ORD_149;PROD_2;1;1
CORD_ORD_149;PROD_27;1;1
CORD_ORD_149;PROD_3;1;1
CORD_ORD_149;PROD_32;1;1
CORD_ORD_149;PROD_34;1;1
CORD_ORD_149;PROD_36;1;1
CORD_ORD_149;PROD_37;1;1
CORD_ORD_149;PROD_38;1;1
CORD_ORD_149;PROD_4;1;1
CORD_ORD_149;PROD_43;1;1
CORD_ORD_149;PROD_44;1;1
CORD_ORD_149;PROD_46;1;1
CORD_ORD_149;PROD_49;1;1
CORD_ORD_149;PROD_5;1;1
CORD_ORD_150;PROD_1;1;1
CORD_ORD_150;PROD_11;1;1
CORD_ORD_150;PROD_18;1;1
CORD_ORD_150;PROD_19;1;1
CORD_ORD_150;PROD_2;1;1
CORD_ORD_150;PROD_3;1;1
CORD_ORD_150;PROD_35;1;1
CORD_ORD_150;PROD_45;1;1
CORD_ORD_150;PROD_48;1;1
CORD_ORD_150;PROD_7;1;1
CORD_ORD_151;PROD_11;1;1
CORD_ORD_151;PROD_29;1;1
CORD_ORD_151;PROD_31;1;1
CORD_ORD_151;PROD_36;1;1
CORD_ORD_151;PROD_37;1;1
CORD_ORD_151;PROD_40;1;1
CORD_ORD_151;PROD_44;1;1
CORD_ORD_151;PROD_46;1;1
CORD_ORD_151;PROD_47;1;1
CORD_ORD_151;PROD_48;1;1
CORD_ORD_151;PROD_50;1;1
CORD_ORD_151;PROD_6;1;1
CORD_ORD_152;PROD_10;1;1
CORD_ORD_152;PROD_12;1;1
CORD_ORD_152;PROD_16;1;1
CORD_ORD_152;PROD_18;1;1
CORD_ORD_152;PROD_2;1;1
CORD_ORD_152;PROD_21;1;1
CORD_ORD_152;PROD_23;1;1
CORD_ORD_152;PROD_24;1;1
CORD_ORD_152;PROD_25;1;1
CORD_ORD_152;PROD_26;1;1
CORD_ORD_152;PROD_27;1;1
CORD_ORD_152;PROD_30;1;1
CORD_ORD_152;PROD_37;1;1
CORD_ORD_152;PROD_40;1;1
CORD_ORD_152;PROD_42;1;1
CORD_ORD_152;PROD_43;1;1
CORD_ORD_152;PROD_44;1;1
CORD_ORD_152;PROD_47;1;1
CORD_ORD_152;PROD_49;1;1
CORD_ORD_152;PROD_8;1;1
CORD_ORD_153;PROD_10;1;1
CORD_ORD_153;PROD_14;1;1
CORD_ORD_153;PROD_15;1;1
CORD_ORD_153;PROD_16;1;1
CORD_ORD_153;PROD_22;1;1
CORD_ORD_153;PROD_25;1;1
CORD_ORD_153;PROD_28;1;1
CORD_ORD_153;PROD_29;1;1
CORD_ORD_153;PROD_31;1;1
CORD_ORD_153;PROD_32;1;1
CORD_ORD_153;PROD_35;1;1
CORD_ORD_153;PROD_36;1;1
CORD_ORD_153;PROD_40;1;1
CORD_ORD_153;PROD_43;1;1
CORD_ORD_153;PROD_46;1;1
CORD_ORD_153;PROD_47;1;1
CORD_ORD_153;PROD_50;1;1
CORD_ORD_153;PROD_6;1;1
CORD_ORD_153;PROD_7;1;1
CORD_ORD_153;PROD_9;1;1
CORD_ORD_154;PROD_1;1;1
CORD_ORD_154;PROD_17;1;1
CORD_ORD_154;PROD_18;1;1
CORD_ORD_154;PROD_2;1;1
CORD_ORD_154;PROD_23;1;1
CORD_ORD_154;PROD_27;1;1
CORD_ORD_154;PROD_3;1;1
CORD_ORD_154;PROD_34;1;1
CORD_ORD_154;PROD_35;1;1
CORD_ORD_154;PROD_41;1;1
CORD_ORD_154;PROD_42;1;1
CORD_ORD_154;PROD_49;1;1
CORD_ORD_154;PROD_5;1;1
CORD_ORD_154;PROD_7;1;1
CORD_ORD_155;PROD_11;1;1
CORD_ORD_155;PROD_14;1;1
CORD_ORD_155;PROD_18;1;1
CORD_ORD_155;PROD_2;1;1
CORD_ORD_155;PROD_36;1;1
CORD_ORD_155;PROD_37;1;1
CORD_ORD_155;PROD_44;1;1
CORD_ORD_155;PROD_46;1;1
CORD_ORD_155;PROD_48;1;1
CORD_ORD_155;PROD_9;1;1
CORD_ORD_156;PROD_12;1;1
CORD_ORD_156;PROD_15;1;1
CORD_ORD_156;PROD_22;1;1
CORD_ORD_156;PROD_26;1;1
CORD_ORD_156;PROD_27;1;1
CORD_ORD_156;PROD_28;1;1
CORD_ORD_156;PROD_29;1;1
CORD_ORD_156;PROD_31;1;1
CORD_ORD_156;PROD_32;1;1
CORD_ORD_156;PROD_34;1;1
CORD_ORD_156;PROD_36;1;1
CORD_ORD_156;PROD_46;1;1
CORD_ORD_156;PROD_49;1;1
CORD_ORD_156;PROD_5;1;1
CORD_ORD_156;PROD_50;1;1
CORD_ORD_156;PROD_6;1;1
CORD_ORD_157;PROD_1;1;1
CORD_ORD_157;PROD_10;1;1
CORD_ORD_157;PROD_11;1;1
CORD_ORD_157;PROD_20;1;1
CORD_ORD_157;PROD_21;1;1
CORD_ORD_157;PROD_23;1;1
CORD_ORD_157;PROD_24;1;1
CORD_ORD_157;PROD_3;1;1
CORD_ORD_157;PROD_30;1;1
CORD_ORD_157;PROD_36;1;1
CORD_ORD_157;PROD_37;1;1
CORD_ORD_157;PROD_38;1;1
CORD_ORD_157;PROD_39;1;1
CORD_ORD_157;PROD_4;1;1
CORD_ORD_157;PROD_42;1;1
CORD_ORD_157;PROD_43;1;1
CORD_ORD_157;PROD_44;1;1
CORD_ORD_157;PROD_46;1;1
CORD_ORD_157;PROD_48;1;1
CORD_ORD_157;PROD_8;1;1
CORD_ORD_158;PROD_10;1;1
CORD_ORD_158;PROD_12;1;1
CORD_ORD_158;PROD_14;1;1
CORD_ORD_158;PROD_17;1;1
CORD_ORD_158;PROD_20;1;1
CORD_ORD_158;PROD_22;1;1
CORD_ORD_158;PROD_26;1;1
CORD_ORD_158;PROD_28;1;1
CORD_ORD_158;PROD_34;1;1
CORD_ORD_158;PROD_35;1;1
CORD_ORD_158;PROD_36;1;1
CORD_ORD_158;PROD_38;1;1
CORD_ORD_158;PROD_39;1;1
CORD_ORD_158;PROD_4;1;1
CORD_ORD_158;PROD_41;1;1
CORD_ORD_158;PROD_43;1;1
CORD_ORD_158;PROD_46;1;1
CORD_ORD_158;PROD_5;1;1
CORD_ORD_158;PROD_7;1;1
CORD_ORD_158;PROD_9;1;1
CORD_ORD_159;PROD_1;1;1
CORD_ORD_159;PROD_10;1;1
CORD_ORD_159;PROD_11;1;1
CORD_ORD_159;PROD_12;1;1
CORD_ORD_159;PROD_17;1;1
CORD_ORD_159;PROD_26;1;1
CORD_ORD_159;PROD_3;1;1
CORD_ORD_159;PROD_30;1;1
CORD_ORD_159;PROD_38;1;1
CORD_ORD_159;PROD_4;1;1
CORD_ORD_159;PROD_41;1;1
CORD_ORD_159;PROD_43;1;1
CORD_ORD_159;PROD_48;1;1
CORD_ORD_159;PROD_50;1;1
CORD_ORD_159;PROD_6;1;1
CORD_ORD_159;PROD_8;1;1
CORD_ORD_160;PROD_12;1;1
CORD_ORD_160;PROD_26;1;1
CORD_ORD_160;PROD_30;1;1
CORD_ORD_160;PROD_36;1;1
CORD_ORD_160;PROD_38;1;1
CORD_ORD_160;PROD_4;1;1
CORD_ORD_160;PROD_46;1;1
CORD_ORD_160;PROD_8;1;1
CORD_ORD_161;PROD_11;1;1
CORD_ORD_161;PROD_15;1;1
CORD_ORD_161;PROD_18;1;1
CORD_ORD_161;PROD_2;1;1
CORD_ORD_161;PROD_20;1;1
CORD_ORD_161;PROD_27;1;1
CORD_ORD_161;PROD_32;1;1
CORD_ORD_161;PROD_39;1;1
CORD_ORD_161;PROD_48;1;1
CORD_ORD_161;PROD_49;1;1
CORD_ORD_162;PROD_11;1;1
CORD_ORD_162;PROD_12;1;1
CORD_ORD_162;PROD_13;1;1
CORD_ORD_162;PROD_15;1;1
CORD_ORD_162;PROD_19;1;1
CORD_ORD_162;PROD_21;1;1
CORD_ORD_162;PROD_24;1;1
CORD_ORD_162;PROD_26;1;1
CORD_ORD_162;PROD_27;1;1
CORD_ORD_162;PROD_32;1;1
CORD_ORD_162;PROD_33;1;1
CORD_ORD_162;PROD_37;1;1
CORD_ORD_162;PROD_44;1;1
CORD_ORD_162;PROD_45;1;1
CORD_ORD_162;PROD_48;1;1
CORD_ORD_162;PROD_49;1;1
CORD_ORD_163;PROD_10;1;1
CORD_ORD_163;PROD_14;1;1
CORD_ORD_163;PROD_21;1;1
CORD_ORD_163;PROD_23;1;1
CORD_ORD_163;PROD_24;1;1
CORD_ORD_163;PROD_34;1;1
CORD_ORD_163;PROD_35;1;1
CORD_ORD_163;PROD_37;1;1
CORD_ORD_163;PROD_42;1;1
CORD_ORD_163;PROD_43;1;1
CORD_ORD_163;PROD_44;1;1
CORD_ORD_163;PROD_5;1;1
CORD_ORD_163;PROD_7;1;1
CORD_ORD_163;PROD_9;1;1
CORD_ORD_164;PROD_14;1;1
CORD_ORD_164;PROD_15;1;1
CORD_ORD_164;PROD_16;1;1
CORD_ORD_164;PROD_20;1;1
CORD_ORD_164;PROD_22;1;1
CORD_ORD_164;PROD_25;1;1
CORD_ORD_164;PROD_28;1;1
CORD_ORD_164;PROD_32;1;1
CORD_ORD_164;PROD_34;1;1
CORD_ORD_164;PROD_36;1;1
CORD_ORD_164;PROD_39;1;1
CORD_ORD_164;PROD_46;1;1
CORD_ORD_164;PROD_5;1;1
CORD_ORD_164;PROD_50;1;1
CORD_ORD_164;PROD_6;1;1
CORD_ORD_164;PROD_9;1;1
CORD_ORD_165;PROD_1;1;1
CORD_ORD_165;PROD_12;1;1
CORD_ORD_165;PROD_13;1;1
CORD_ORD_165;PROD_14;1;1
CORD_ORD_165;PROD_15;1;1
CORD_ORD_165;PROD_18;1;1
CORD_ORD_165;PROD_2;1;1
CORD_ORD_165;PROD_23;1;1
CORD_ORD_165;PROD_26;1;1
CORD_ORD_165;PROD_3;1;1
CORD_ORD_165;PROD_30;1;1
CORD_ORD_165;PROD_32;1;1
CORD_ORD_165;PROD_33;1;1
CORD_ORD_165;PROD_42;1;1
CORD_ORD_165;PROD_50;1;1
CORD_ORD_165;PROD_6;1;1
CORD_ORD_165;PROD_8;1;1
CORD_ORD_165;PROD_9;1;1
CORD_ORD_166;PROD_11;1;1
CORD_ORD_166;PROD_15;1;1
CORD_ORD_166;PROD_16;1;1
CORD_ORD_166;PROD_25;1;1
CORD_ORD_166;PROD_27;1;1
CORD_ORD_166;PROD_29;1;1
CORD_ORD_166;PROD_31;1;1
CORD_ORD_166;PROD_32;1;1
CORD_ORD_166;PROD_48;1;1
CORD_ORD_166;PROD_49;1;1
CORD_ORD_167;PROD_1;1;1
CORD_ORD_167;PROD_10;1;1
CORD_ORD_167;PROD_15;1;1
CORD_ORD_167;PROD_16;1;1
CORD_ORD_167;PROD_22;1;1
CORD_ORD_167;PROD_25;1;1
CORD_ORD_167;PROD_28;1;1
CORD_ORD_167;PROD_3;1;1
CORD_ORD_167;PROD_32;1;1
CORD_ORD_167;PROD_34;1;1
CORD_ORD_167;PROD_38;1;1
CORD_ORD_167;PROD_4;1;1
CORD_ORD_167;PROD_43;1;1
CORD_ORD_167;PROD_5;1;1
CORD_ORD_168;PROD_10;1;1
CORD_ORD_168;PROD_11;1;1
CORD_ORD_168;PROD_12;1;1
CORD_ORD_168;PROD_14;1;1
CORD_ORD_168;PROD_21;1;1
CORD_ORD_168;PROD_22;1;1
CORD_ORD_168;PROD_23;1;1
CORD_ORD_168;PROD_24;1;1
CORD_ORD_168;PROD_26;1;1
CORD_ORD_168;PROD_28;1;1
CORD_ORD_168;PROD_37;1;1
CORD_ORD_168;PROD_42;1;1
CORD_ORD_168;PROD_43;1;1
CORD_ORD_168;PROD_44;1;1
CORD_ORD_168;PROD_48;1;1
CORD_ORD_168;PROD_9;1;1
CORD_ORD_169;PROD_1;1;1
CORD_ORD_169;PROD_10;1;1
CORD_ORD_169;PROD_11;1;1
CORD_ORD_169;PROD_18;1;1
CORD_ORD_169;PROD_2;1;1
CORD_ORD_169;PROD_22;1;1
CORD_ORD_169;PROD_28;1;1
CORD_ORD_169;PROD_3;1;1
CORD_ORD_169;PROD_36;1;1
CORD_ORD_169;PROD_37;1;1
CORD_ORD_169;PROD_43;1;1
CORD_ORD_169;PROD_44;1;1
CORD_ORD_169;PROD_46;1;1
CORD_ORD_169;PROD_48;1;1
CORD_ORD_170;PROD_1;1;1
CORD_ORD_170;PROD_10;1;1
CORD_ORD_170;PROD_12;1;1
CORD_ORD_170;PROD_18;1;1
CORD_ORD_170;PROD_2;1;1
CORD_ORD_170;PROD_21;1;1
CORD_ORD_170;PROD_23;1;1
CORD_ORD_170;PROD_24;1;1
CORD_ORD_170;PROD_26;1;1
CORD_ORD_170;PROD_3;1;1
CORD_ORD_170;PROD_36;1;1
CORD_ORD_170;PROD_37;1;1
CORD_ORD_170;PROD_42;1;1
CORD_ORD_170;PROD_43;1;1
CORD_ORD_170;PROD_44;1;1
CORD_ORD_170;PROD_46;1;1
CORD_ORD_171;PROD_1;1;1
CORD_ORD_171;PROD_11;1;1
CORD_ORD_171;PROD_12;1;1
CORD_ORD_171;PROD_13;1;1
CORD_ORD_171;PROD_14;1;1
CORD_ORD_171;PROD_18;1;1
CORD_ORD_171;PROD_2;1;1
CORD_ORD_171;PROD_23;1;1
CORD_ORD_171;PROD_26;1;1
CORD_ORD_171;PROD_27;1;1
CORD_ORD_171;PROD_29;1;1
CORD_ORD_171;PROD_3;1;1
CORD_ORD_171;PROD_30;1;1
CORD_ORD_171;PROD_31;1;1
CORD_ORD_171;PROD_33;1;1
CORD_ORD_171;PROD_34;1;1
CORD_ORD_171;PROD_37;1;1
CORD_ORD_171;PROD_42;1;1
CORD_ORD_171;PROD_44;1;1
CORD_ORD_171;PROD_48;1;1
CORD_ORD_171;PROD_49;1;1
CORD_ORD_171;PROD_5;1;1
CORD_ORD_171;PROD_8;1;1
CORD_ORD_171;PROD_9;1;1
CORD_ORD_172;PROD_10;1;1
CORD_ORD_172;PROD_11;1;1
CORD_ORD_172;PROD_15;1;1
CORD_ORD_172;PROD_17;1;1
CORD_ORD_172;PROD_32;1;1
CORD_ORD_172;PROD_34;1;1
CORD_ORD_172;PROD_38;1;1
CORD_ORD_172;PROD_4;1;1
CORD_ORD_172;PROD_41;1;1
CORD_ORD_172;PROD_43;1;1
CORD_ORD_172;PROD_48;1;1
CORD_ORD_172;PROD_5;1;1
CORD_ORD_173;PROD_11;1;1
CORD_ORD_173;PROD_12;1;1
CORD_ORD_173;PROD_13;1;1
CORD_ORD_173;PROD_14;1;1
CORD_ORD_173;PROD_18;1;1
CORD_ORD_173;PROD_2;1;1
CORD_ORD_173;PROD_21;1;1
CORD_ORD_173;PROD_24;1;1
CORD_ORD_173;PROD_26;1;1
CORD_ORD_173;PROD_27;1;1
CORD_ORD_173;PROD_33;1;1
CORD_ORD_173;PROD_37;1;1
CORD_ORD_173;PROD_38;1;1
CORD_ORD_173;PROD_4;1;1
CORD_ORD_173;PROD_40;1;1
CORD_ORD_173;PROD_44;1;1
CORD_ORD_173;PROD_47;1;1
CORD_ORD_173;PROD_48;1;1
CORD_ORD_173;PROD_49;1;1
CORD_ORD_173;PROD_50;1;1
CORD_ORD_173;PROD_6;1;1
CORD_ORD_173;PROD_9;1;1
CORD_ORD_174;PROD_11;1;1
CORD_ORD_174;PROD_12;1;1
CORD_ORD_174;PROD_26;1;1
CORD_ORD_174;PROD_38;1;1
CORD_ORD_174;PROD_4;1;1
CORD_ORD_174;PROD_48;1;1
CORD_ORD_175;PROD_1;1;1
CORD_ORD_175;PROD_11;1;1
CORD_ORD_175;PROD_14;1;1
CORD_ORD_175;PROD_16;1;1
CORD_ORD_175;PROD_19;1;1
CORD_ORD_175;PROD_20;1;1
CORD_ORD_175;PROD_21;1;1
CORD_ORD_175;PROD_23;1;1
CORD_ORD_175;PROD_24;1;1
CORD_ORD_175;PROD_25;1;1
CORD_ORD_175;PROD_3;1;1
CORD_ORD_175;PROD_34;1;1
CORD_ORD_175;PROD_35;1;1
CORD_ORD_175;PROD_36;1;1
CORD_ORD_175;PROD_37;1;1
CORD_ORD_175;PROD_39;1;1
CORD_ORD_175;PROD_40;1;1
CORD_ORD_175;PROD_42;1;1
CORD_ORD_175;PROD_44;1;1
CORD_ORD_175;PROD_45;1;1
CORD_ORD_175;PROD_46;1;1
CORD_ORD_175;PROD_47;1;1
CORD_ORD_175;PROD_48;1;1
CORD_ORD_175;PROD_5;1;1
CORD_ORD_175;PROD_50;1;1
CORD_ORD_175;PROD_6;1;1
CORD_ORD_175;PROD_7;1;1
CORD_ORD_175;PROD_9;1;1
CORD_ORD_176;PROD_10;1;1
CORD_ORD_176;PROD_11;1;1
CORD_ORD_176;PROD_14;1;1
CORD_ORD_176;PROD_17;1;1
CORD_ORD_176;PROD_18;1;1
CORD_ORD_176;PROD_19;1;1
CORD_ORD_176;PROD_2;1;1
CORD_ORD_176;PROD_22;1;1
CORD_ORD_176;PROD_23;1;1
CORD_ORD_176;PROD_28;1;1
CORD_ORD_176;PROD_29;1;1
CORD_ORD_176;PROD_31;1;1
CORD_ORD_176;PROD_34;1;1
CORD_ORD_176;PROD_36;1;1
CORD_ORD_176;PROD_38;1;1
CORD_ORD_176;PROD_4;1;1
CORD_ORD_176;PROD_41;1;1
CORD_ORD_176;PROD_42;1;1
CORD_ORD_176;PROD_43;1;1
CORD_ORD_176;PROD_45;1;1
CORD_ORD_176;PROD_46;1;1
CORD_ORD_176;PROD_48;1;1
CORD_ORD_176;PROD_5;1;1
CORD_ORD_176;PROD_50;1;1
CORD_ORD_176;PROD_6;1;1
CORD_ORD_176;PROD_9;1;1
CORD_ORD_177;PROD_13;1;1
CORD_ORD_177;PROD_14;1;1
CORD_ORD_177;PROD_19;1;1
CORD_ORD_177;PROD_30;1;1
CORD_ORD_177;PROD_33;1;1
CORD_ORD_177;PROD_37;1;1
CORD_ORD_177;PROD_44;1;1
CORD_ORD_177;PROD_45;1;1
CORD_ORD_177;PROD_50;1;1
CORD_ORD_177;PROD_6;1;1
CORD_ORD_177;PROD_8;1;1
CORD_ORD_177;PROD_9;1;1
CORD_ORD_178;PROD_10;1;1
CORD_ORD_178;PROD_11;1;1
CORD_ORD_178;PROD_14;1;1
CORD_ORD_178;PROD_18;1;1
CORD_ORD_178;PROD_2;1;1
CORD_ORD_178;PROD_20;1;1
CORD_ORD_178;PROD_27;1;1
CORD_ORD_178;PROD_30;1;1
CORD_ORD_178;PROD_36;1;1
CORD_ORD_178;PROD_38;1;1
CORD_ORD_178;PROD_39;1;1
CORD_ORD_178;PROD_4;1;1
CORD_ORD_178;PROD_43;1;1
CORD_ORD_178;PROD_46;1;1
CORD_ORD_178;PROD_48;1;1
CORD_ORD_178;PROD_49;1;1
CORD_ORD_178;PROD_50;1;1
CORD_ORD_178;PROD_6;1;1
CORD_ORD_178;PROD_8;1;1
CORD_ORD_178;PROD_9;1;1
CORD_ORD_179;PROD_1;1;1
CORD_ORD_179;PROD_16;1;1
CORD_ORD_179;PROD_19;1;1
CORD_ORD_179;PROD_22;1;1
CORD_ORD_179;PROD_25;1;1
CORD_ORD_179;PROD_28;1;1
CORD_ORD_179;PROD_3;1;1
CORD_ORD_179;PROD_38;1;1
CORD_ORD_179;PROD_4;1;1
CORD_ORD_179;PROD_45;1;1
CORD_ORD_180;PROD_1;1;1
CORD_ORD_180;PROD_11;1;1
CORD_ORD_180;PROD_13;1;1
CORD_ORD_180;PROD_16;1;1
CORD_ORD_180;PROD_19;1;1
CORD_ORD_180;PROD_22;1;1
CORD_ORD_180;PROD_25;1;1
CORD_ORD_180;PROD_28;1;1
CORD_ORD_180;PROD_3;1;1
CORD_ORD_180;PROD_33;1;1
CORD_ORD_180;PROD_37;1;1
CORD_ORD_180;PROD_44;1;1
CORD_ORD_180;PROD_45;1;1
CORD_ORD_180;PROD_48;1;1
CORD_ORD_181;PROD_10;1;1
CORD_ORD_181;PROD_11;1;1
CORD_ORD_181;PROD_15;1;1
CORD_ORD_181;PROD_17;1;1
CORD_ORD_181;PROD_19;1;1
CORD_ORD_181;PROD_22;1;1
CORD_ORD_181;PROD_28;1;1
CORD_ORD_181;PROD_29;1;1
CORD_ORD_181;PROD_30;1;1
CORD_ORD_181;PROD_31;1;1
CORD_ORD_181;PROD_32;1;1
CORD_ORD_181;PROD_34;1;1
CORD_ORD_181;PROD_41;1;1
CORD_ORD_181;PROD_43;1;1
CORD_ORD_181;PROD_45;1;1
CORD_ORD_181;PROD_48;1;1
CORD_ORD_181;PROD_5;1;1
CORD_ORD_181;PROD_50;1;1
CORD_ORD_181;PROD_6;1;1
CORD_ORD_181;PROD_8;1;1
CORD_ORD_182;PROD_11;1;1
CORD_ORD_182;PROD_12;1;1
CORD_ORD_182;PROD_14;1;1
CORD_ORD_182;PROD_18;1;1
CORD_ORD_182;PROD_2;1;1
CORD_ORD_182;PROD_21;1;1
CORD_ORD_182;PROD_24;1;1
CORD_ORD_182;PROD_26;1;1
CORD_ORD_182;PROD_30;1;1
CORD_ORD_182;PROD_36;1;1
CORD_ORD_182;PROD_46;1;1
CORD_ORD_182;PROD_48;1;1
CORD_ORD_182;PROD_8;1;1
CORD_ORD_182;PROD_9;1;1
CORD_ORD_183;PROD_13;1;1
CORD_ORD_183;PROD_15;1;1
CORD_ORD_183;PROD_16;1;1
CORD_ORD_183;PROD_19;1;1
CORD_ORD_183;PROD_21;1;1
CORD_ORD_183;PROD_24;1;1
CORD_ORD_183;PROD_25;1;1
CORD_ORD_183;PROD_27;1;1
CORD_ORD_183;PROD_29;1;1
CORD_ORD_183;PROD_30;1;1
CORD_ORD_183;PROD_31;1;1
CORD_ORD_183;PROD_32;1;1
CORD_ORD_183;PROD_33;1;1
CORD_ORD_183;PROD_34;1;1
CORD_ORD_183;PROD_35;1;1
CORD_ORD_183;PROD_38;1;1
CORD_ORD_183;PROD_4;1;1
CORD_ORD_183;PROD_45;1;1
CORD_ORD_183;PROD_49;1;1
CORD_ORD_183;PROD_5;1;1
CORD_ORD_183;PROD_50;1;1
CORD_ORD_183;PROD_6;1;1
CORD_ORD_183;PROD_7;1;1
CORD_ORD_183;PROD_8;1;1
CORD_ORD_184;PROD_11;1;1
CORD_ORD_184;PROD_13;1;1
CORD_ORD_184;PROD_19;1;1
CORD_ORD_184;PROD_33;1;1
CORD_ORD_184;PROD_37;1;1
CORD_ORD_184;PROD_44;1;1
CORD_ORD_184;PROD_45;1;1
CORD_ORD_184;PROD_48;1;1
CORD_ORD_185;PROD_1;1;1
CORD_ORD_185;PROD_18;1;1
CORD_ORD_185;PROD_2;1;1
CORD_ORD_185;PROD_3;1;1
CORD_ORD_185;PROD_36;1;1
CORD_ORD_185;PROD_37;1;1
CORD_ORD_185;PROD_44;1;1
CORD_ORD_185;PROD_46;1;1
CORD_ORD_186;PROD_11;1;1
CORD_ORD_186;PROD_12;1;1
CORD_ORD_186;PROD_13;1;1
CORD_ORD_186;PROD_19;1;1
CORD_ORD_186;PROD_20;1;1
CORD_ORD_186;PROD_26;1;1
CORD_ORD_186;PROD_30;1;1
CORD_ORD_186;PROD_33;1;1
CORD_ORD_186;PROD_36;1;1
CORD_ORD_186;PROD_37;1;1
CORD_ORD_186;PROD_38;1;1
CORD_ORD_186;PROD_39;1;1
CORD_ORD_186;PROD_4;1;1
CORD_ORD_186;PROD_44;1;1
CORD_ORD_186;PROD_45;1;1
CORD_ORD_186;PROD_46;1;1
CORD_ORD_186;PROD_48;1;1
CORD_ORD_186;PROD_8;1;1
CORD_ORD_187;PROD_1;1;1
CORD_ORD_187;PROD_11;1;1
CORD_ORD_187;PROD_12;1;1
CORD_ORD_187;PROD_15;1;1
CORD_ORD_187;PROD_19;1;1
CORD_ORD_187;PROD_23;1;1
CORD_ORD_187;PROD_26;1;1
CORD_ORD_187;PROD_27;1;1
CORD_ORD_187;PROD_3;1;1
CORD_ORD_187;PROD_30;1;1
CORD_ORD_187;PROD_32;1;1
CORD_ORD_187;PROD_34;1;1
CORD_ORD_187;PROD_35;1;1
CORD_ORD_187;PROD_42;1;1
CORD_ORD_187;PROD_45;1;1
CORD_ORD_187;PROD_48;1;1
CORD_ORD_187;PROD_49;1;1
CORD_ORD_187;PROD_5;1;1
CORD_ORD_187;PROD_7;1;1
CORD_ORD_187;PROD_8;1;1
CORD_ORD_188;PROD_1;1;1
CORD_ORD_188;PROD_10;1;1
CORD_ORD_188;PROD_15;1;1
CORD_ORD_188;PROD_29;1;1
CORD_ORD_188;PROD_3;1;1
CORD_ORD_188;PROD_31;1;1
CORD_ORD_188;PROD_32;1;1
CORD_ORD_188;PROD_40;1;1
CORD_ORD_188;PROD_43;1;1
CORD_ORD_188;PROD_47;1;1
CORD_ORD_189;PROD_10;1;1
CORD_ORD_189;PROD_15;1;1
CORD_ORD_189;PROD_17;1;1
CORD_ORD_189;PROD_18;1;1
CORD_ORD_189;PROD_2;1;1
CORD_ORD_189;PROD_21;1;1
CORD_ORD_189;PROD_23;1;1
CORD_ORD_189;PROD_24;1;1
CORD_ORD_189;PROD_29;1;1
CORD_ORD_189;PROD_31;1;1
CORD_ORD_189;PROD_32;1;1
CORD_ORD_189;PROD_35;1;1
CORD_ORD_189;PROD_41;1;1
CORD_ORD_189;PROD_42;1;1
CORD_ORD_189;PROD_43;1;1
CORD_ORD_189;PROD_50;1;1
CORD_ORD_189;PROD_6;1;1
CORD_ORD_189;PROD_7;1;1
CORD_ORD_190;PROD_1;1;1
CORD_ORD_190;PROD_14;1;1
CORD_ORD_190;PROD_15;1;1
CORD_ORD_190;PROD_16;1;1
CORD_ORD_190;PROD_17;1;1
CORD_ORD_190;PROD_18;1;1
CORD_ORD_190;PROD_2;1;1
CORD_ORD_190;PROD_25;1;1
CORD_ORD_190;PROD_27;1;1
CORD_ORD_190;PROD_3;1;1
CORD_ORD_190;PROD_30;1;1
CORD_ORD_190;PROD_32;1;1
CORD_ORD_190;PROD_36;1;1
CORD_ORD_190;PROD_37;1;1
CORD_ORD_190;PROD_41;1;1
CORD_ORD_190;PROD_44;1;1
CORD_ORD_190;PROD_46;1;1
CORD_ORD_190;PROD_49;1;1
CORD_ORD_190;PROD_8;1;1
CORD_ORD_190;PROD_9;1;1
CORD_ORD_191;PROD_1;1;1
CORD_ORD_191;PROD_10;1;1
CORD_ORD_191;PROD_14;1;1
CORD_ORD_191;PROD_18;1;1
CORD_ORD_191;PROD_2;1;1
CORD_ORD_191;PROD_3;1;1
CORD_ORD_191;PROD_34;1;1
CORD_ORD_191;PROD_35;1;1
CORD_ORD_191;PROD_36;1;1
CORD_ORD_191;PROD_37;1;1
CORD_ORD_191;PROD_43;1;1
CORD_ORD_191;PROD_44;1;1
CORD_ORD_191;PROD_46;1;1
CORD_ORD_191;PROD_5;1;1
CORD_ORD_191;PROD_50;1;1
CORD_ORD_191;PROD_6;1;1
CORD_ORD_191;PROD_7;1;1
CORD_ORD_191;PROD_9;1;1
CORD_ORD_192;PROD_1;1;1
CORD_ORD_192;PROD_10;1;1
CORD_ORD_192;PROD_15;1;1
CORD_ORD_192;PROD_27;1;1
CORD_ORD_192;PROD_29;1;1
CORD_ORD_192;PROD_3;1;1
CORD_ORD_192;PROD_31;1;1
CORD_ORD_192;PROD_32;1;1
CORD_ORD_192;PROD_36;1;1
CORD_ORD_192;PROD_37;1;1
CORD_ORD_192;PROD_43;1;1
CORD_ORD_192;PROD_44;1;1
CORD_ORD_192;PROD_46;1;1
CORD_ORD_192;PROD_49;1;1
CORD_ORD_193;PROD_10;1;1
CORD_ORD_193;PROD_13;1;1
CORD_ORD_193;PROD_14;1;1
CORD_ORD_193;PROD_15;1;1
CORD_ORD_193;PROD_16;1;1
CORD_ORD_193;PROD_18;1;1
CORD_ORD_193;PROD_2;1;1
CORD_ORD_193;PROD_21;1;1
CORD_ORD_193;PROD_22;1;1
CORD_ORD_193;PROD_24;1;1
CORD_ORD_193;PROD_25;1;1
CORD_ORD_193;PROD_28;1;1
CORD_ORD_193;PROD_32;1;1
CORD_ORD_193;PROD_33;1;1
CORD_ORD_193;PROD_34;1;1
CORD_ORD_193;PROD_38;1;1
CORD_ORD_193;PROD_4;1;1
CORD_ORD_193;PROD_40;1;1
CORD_ORD_193;PROD_43;1;1
CORD_ORD_193;PROD_47;1;1
CORD_ORD_193;PROD_5;1;1
CORD_ORD_193;PROD_9;1;1
CORD_ORD_194;PROD_10;1;1
CORD_ORD_194;PROD_15;1;1
CORD_ORD_194;PROD_20;1;1
CORD_ORD_194;PROD_30;1;1
CORD_ORD_194;PROD_32;1;1
CORD_ORD_194;PROD_34;1;1
CORD_ORD_194;PROD_38;1;1
CORD_ORD_194;PROD_39;1;1
CORD_ORD_194;PROD_4;1;1
CORD_ORD_194;PROD_43;1;1
CORD_ORD_194;PROD_5;1;1
CORD_ORD_194;PROD_8;1;1
CORD_ORD_195;PROD_11;1;1
CORD_ORD_195;PROD_15;1;1
CORD_ORD_195;PROD_18;1;1
CORD_ORD_195;PROD_19;1;1
CORD_ORD_195;PROD_2;1;1
CORD_ORD_195;PROD_23;1;1
CORD_ORD_195;PROD_27;1;1
CORD_ORD_195;PROD_29;1;1
CORD_ORD_195;PROD_31;1;1
CORD_ORD_195;PROD_32;1;1
CORD_ORD_195;PROD_42;1;1
CORD_ORD_195;PROD_45;1;1
CORD_ORD_195;PROD_48;1;1
CORD_ORD_195;PROD_49;1;1
CORD_ORD_196;PROD_12;1;1
CORD_ORD_196;PROD_21;1;1
CORD_ORD_196;PROD_23;1;1
CORD_ORD_196;PROD_24;1;1
CORD_ORD_196;PROD_26;1;1
CORD_ORD_196;PROD_34;1;1
CORD_ORD_196;PROD_37;1;1
CORD_ORD_196;PROD_38;1;1
CORD_ORD_196;PROD_4;1;1
CORD_ORD_196;PROD_40;1;1
CORD_ORD_196;PROD_42;1;1
CORD_ORD_196;PROD_44;1;1
CORD_ORD_196;PROD_47;1;1
CORD_ORD_196;PROD_5;1;1
CORD_ORD_197;PROD_1;1;1
CORD_ORD_197;PROD_11;1;1
CORD_ORD_197;PROD_12;1;1
CORD_ORD_197;PROD_13;1;1
CORD_ORD_197;PROD_18;1;1
CORD_ORD_197;PROD_2;1;1
CORD_ORD_197;PROD_20;1;1
CORD_ORD_197;PROD_26;1;1
CORD_ORD_197;PROD_27;1;1
CORD_ORD_197;PROD_29;1;1
CORD_ORD_197;PROD_3;1;1
CORD_ORD_197;PROD_31;1;1
CORD_ORD_197;PROD_33;1;1
CORD_ORD_197;PROD_39;1;1
CORD_ORD_197;PROD_40;1;1
CORD_ORD_197;PROD_47;1;1
CORD_ORD_197;PROD_48;1;1
CORD_ORD_197;PROD_49;1;1
CORD_ORD_198;PROD_10;1;1
CORD_ORD_198;PROD_15;1;1
CORD_ORD_198;PROD_18;1;1
CORD_ORD_198;PROD_2;1;1
CORD_ORD_198;PROD_20;1;1
CORD_ORD_198;PROD_30;1;1
CORD_ORD_198;PROD_32;1;1
CORD_ORD_198;PROD_34;1;1
CORD_ORD_198;PROD_36;1;1
CORD_ORD_198;PROD_38;1;1
CORD_ORD_198;PROD_39;1;1
CORD_ORD_198;PROD_4;1;1
CORD_ORD_198;PROD_43;1;1
CORD_ORD_198;PROD_46;1;1
CORD_ORD_198;PROD_5;1;1
CORD_ORD_198;PROD_8;1;1
CORD_ORD_199;PROD_12;1;1
CORD_ORD_199;PROD_18;1;1
CORD_ORD_199;PROD_2;1;1
CORD_ORD_199;PROD_20;1;1
CORD_ORD_199;PROD_26;1;1
CORD_ORD_199;PROD_34;1;1
CORD_ORD_199;PROD_35;1;1
CORD_ORD_199;PROD_38;1;1
CORD_ORD_199;PROD_39;1;1
CORD_ORD_199;PROD_4;1;1
CORD_ORD_199;PROD_5;1;1
CORD_ORD_199;PROD_50;1;1
CORD_ORD_199;PROD_6;1;1
CORD_ORD_199;PROD_7;1;1
CORD_ORD_200;PROD_10;1;1
CORD_ORD_200;PROD_11;1;1
CORD_ORD_200;PROD_15;1;1
CORD_ORD_200;PROD_17;1;1
CORD_ORD_200;PROD_27;1;1
CORD_ORD_200;PROD_29;1;1
CORD_ORD_200;PROD_31;1;1
CORD_ORD_200;PROD_32;1;1
CORD_ORD_200;PROD_34;1;1
CORD_ORD_200;PROD_35;1;1
CORD_ORD_200;PROD_38;1;1
CORD_ORD_200;PROD_4;1;1
CORD_ORD_200;PROD_41;1;1
CORD_ORD_200;PROD_43;1;1
CORD_ORD_200;PROD_48;1;1
CORD_ORD_200;PROD_49;1;1
CORD_ORD_200;PROD_5;1;1
CORD_ORD_200;PROD_7;1;1
CORD_ORD_201;PROD_10;1;1
CORD_ORD_201;PROD_11;1;1
CORD_ORD_201;PROD_12;1;1
CORD_ORD_201;PROD_14;1;1
CORD_ORD_201;PROD_15;1;1
CORD_ORD_201;PROD_16;1;1
CORD_ORD_201;PROD_22;1;1
CORD_ORD_201;PROD_25;1;1
CORD_ORD_201;PROD_26;1;1
CORD_ORD_201;PROD_27;1;1
CORD_ORD_201;PROD_28;1;1
CORD_ORD_201;PROD_29;1;1
CORD_ORD_201;PROD_30;1;1
CORD_ORD_201;PROD_31;1;1
CORD_ORD_201;PROD_32;1;1
CORD_ORD_201;PROD_35;1;1
CORD_ORD_201;PROD_43;1;1
CORD_ORD_201;PROD_48;1;1
CORD_ORD_201;PROD_49;1;1
CORD_ORD_201;PROD_50;1;1
CORD_ORD_201;PROD_6;1;1
CORD_ORD_201;PROD_7;1;1
CORD_ORD_201;PROD_8;1;1
CORD_ORD_201;PROD_9;1;1
CORD_ORD_202;PROD_1;1;1
CORD_ORD_202;PROD_10;1;1
CORD_ORD_202;PROD_15;1;1
CORD_ORD_202;PROD_29;1;1
CORD_ORD_202;PROD_3;1;1
CORD_ORD_202;PROD_31;1;1
CORD_ORD_202;PROD_32;1;1
CORD_ORD_202;PROD_34;1;1
CORD_ORD_202;PROD_38;1;1
CORD_ORD_202;PROD_4;1;1
CORD_ORD_202;PROD_40;1;1
CORD_ORD_202;PROD_43;1;1
CORD_ORD_202;PROD_47;1;1
CORD_ORD_202;PROD_5;1;1
CORD_ORD_203;PROD_10;1;1
CORD_ORD_203;PROD_12;1;1
CORD_ORD_203;PROD_15;1;1
CORD_ORD_203;PROD_19;1;1
CORD_ORD_203;PROD_21;1;1
CORD_ORD_203;PROD_24;1;1
CORD_ORD_203;PROD_26;1;1
CORD_ORD_203;PROD_27;1;1
CORD_ORD_203;PROD_29;1;1
CORD_ORD_203;PROD_31;1;1
CORD_ORD_203;PROD_32;1;1
CORD_ORD_203;PROD_34;1;1
CORD_ORD_203;PROD_38;1;1
CORD_ORD_203;PROD_4;1;1
CORD_ORD_203;PROD_43;1;1
CORD_ORD_203;PROD_45;1;1
CORD_ORD_203;PROD_49;1;1
CORD_ORD_203;PROD_5;1;1
CORD_ORD_204;PROD_1;1;1
CORD_ORD_204;PROD_10;1;1
CORD_ORD_204;PROD_11;1;1
CORD_ORD_204;PROD_12;1;1
CORD_ORD_204;PROD_17;1;1
CORD_ORD_204;PROD_18;1;1
CORD_ORD_204;PROD_2;1;1
CORD_ORD_204;PROD_26;1;1
CORD_ORD_204;PROD_3;1;1
CORD_ORD_204;PROD_30;1;1
CORD_ORD_204;PROD_34;1;1
CORD_ORD_204;PROD_36;1;1
CORD_ORD_204;PROD_41;1;1
CORD_ORD_204;PROD_43;1;1
CORD_ORD_204;PROD_46;1;1
CORD_ORD_204;PROD_48;1;1
CORD_ORD_204;PROD_5;1;1
CORD_ORD_204;PROD_8;1;1
CORD_ORD_205;PROD_10;1;1
CORD_ORD_205;PROD_11;1;1
CORD_ORD_205;PROD_15;1;1
CORD_ORD_205;PROD_22;1;1
CORD_ORD_205;PROD_27;1;1
CORD_ORD_205;PROD_28;1;1
CORD_ORD_205;PROD_29;1;1
CORD_ORD_205;PROD_31;1;1
CORD_ORD_205;PROD_32;1;1
CORD_ORD_205;PROD_43;1;1
CORD_ORD_205;PROD_48;1;1
CORD_ORD_205;PROD_49;1;1
CORD_ORD_206;PROD_10;1;1
CORD_ORD_206;PROD_13;1;1
CORD_ORD_206;PROD_17;1;1
CORD_ORD_206;PROD_21;1;1
CORD_ORD_206;PROD_24;1;1
CORD_ORD_206;PROD_33;1;1
CORD_ORD_206;PROD_36;1;1
CORD_ORD_206;PROD_40;1;1
CORD_ORD_206;PROD_41;1;1
CORD_ORD_206;PROD_43;1;1
CORD_ORD_206;PROD_46;1;1
CORD_ORD_206;PROD_47;1;1
CORD_ORD_206;PROD_50;1;1
CORD_ORD_206;PROD_6;1;1
CORD_ORD_207;PROD_1;1;1
CORD_ORD_207;PROD_18;1;1
CORD_ORD_207;PROD_2;1;1
CORD_ORD_207;PROD_21;1;1
CORD_ORD_207;PROD_24;1;1
CORD_ORD_207;PROD_29;1;1
CORD_ORD_207;PROD_3;1;1
CORD_ORD_207;PROD_31;1;1
CORD_ORD_207;PROD_36;1;1
CORD_ORD_207;PROD_37;1;1
CORD_ORD_207;PROD_44;1;1
CORD_ORD_207;PROD_46;1;1
CORD_ORD_208;PROD_1;1;1
CORD_ORD_208;PROD_10;1;1
CORD_ORD_208;PROD_15;1;1
CORD_ORD_208;PROD_29;1;1
CORD_ORD_208;PROD_3;1;1
CORD_ORD_208;PROD_31;1;1
CORD_ORD_208;PROD_32;1;1
CORD_ORD_208;PROD_40;1;1
CORD_ORD_208;PROD_43;1;1
CORD_ORD_208;PROD_47;1;1
CORD_ORD_209;PROD_10;1;1
CORD_ORD_209;PROD_11;1;1
CORD_ORD_209;PROD_15;1;1
CORD_ORD_209;PROD_22;1;1
CORD_ORD_209;PROD_27;1;1
CORD_ORD_209;PROD_28;1;1
CORD_ORD_209;PROD_29;1;1
CORD_ORD_209;PROD_31;1;1
CORD_ORD_209;PROD_32;1;1
CORD_ORD_209;PROD_37;1;1
CORD_ORD_209;PROD_43;1;1
CORD_ORD_209;PROD_44;1;1
CORD_ORD_209;PROD_48;1;1
CORD_ORD_209;PROD_49;1;1
CORD_ORD_210;PROD_20;1;1
CORD_ORD_210;PROD_30;1;1
CORD_ORD_210;PROD_36;1;1
CORD_ORD_210;PROD_38;1;1
CORD_ORD_210;PROD_39;1;1
CORD_ORD_210;PROD_4;1;1
CORD_ORD_210;PROD_46;1;1
CORD_ORD_210;PROD_8;1;1
CORD_ORD_211;PROD_10;1;1
CORD_ORD_211;PROD_11;1;1
CORD_ORD_211;PROD_16;1;1
CORD_ORD_211;PROD_17;1;1
CORD_ORD_211;PROD_20;1;1
CORD_ORD_211;PROD_25;1;1
CORD_ORD_211;PROD_30;1;1
CORD_ORD_211;PROD_39;1;1
CORD_ORD_211;PROD_41;1;1
CORD_ORD_211;PROD_43;1;1
CORD_ORD_211;PROD_48;1;1
CORD_ORD_211;PROD_8;1;1
CORD_ORD_212;PROD_10;1;1
CORD_ORD_212;PROD_11;1;1
CORD_ORD_212;PROD_13;1;1
CORD_ORD_212;PROD_14;1;1
CORD_ORD_212;PROD_18;1;1
CORD_ORD_212;PROD_19;1;1
CORD_ORD_212;PROD_2;1;1
CORD_ORD_212;PROD_29;1;1
CORD_ORD_212;PROD_30;1;1
CORD_ORD_212;PROD_31;1;1
CORD_ORD_212;PROD_33;1;1
CORD_ORD_212;PROD_37;1;1
CORD_ORD_212;PROD_43;1;1
CORD_ORD_212;PROD_44;1;1
CORD_ORD_212;PROD_45;1;1
CORD_ORD_212;PROD_48;1;1
CORD_ORD_212;PROD_8;1;1
CORD_ORD_212;PROD_9;1;1
CORD_ORD_213;PROD_10;1;1
CORD_ORD_213;PROD_11;1;1
CORD_ORD_213;PROD_15;1;1
CORD_ORD_213;PROD_17;1;1
CORD_ORD_213;PROD_22;1;1
CORD_ORD_213;PROD_27;1;1
CORD_ORD_213;PROD_28;1;1
CORD_ORD_213;PROD_29;1;1
CORD_ORD_213;PROD_31;1;1
CORD_ORD_213;PROD_32;1;1
CORD_ORD_213;PROD_34;1;1
CORD_ORD_213;PROD_37;1;1
CORD_ORD_213;PROD_41;1;1
CORD_ORD_213;PROD_43;1;1
CORD_ORD_213;PROD_44;1;1
CORD_ORD_213;PROD_48;1;1
CORD_ORD_213;PROD_49;1;1
CORD_ORD_213;PROD_5;1;1
CORD_ORD_213;PROD_50;1;1
CORD_ORD_213;PROD_6;1;1
CORD_ORD_214;PROD_12;1;1
CORD_ORD_214;PROD_13;1;1
CORD_ORD_214;PROD_14;1;1
CORD_ORD_214;PROD_17;1;1
CORD_ORD_214;PROD_18;1;1
CORD_ORD_214;PROD_2;1;1
CORD_ORD_214;PROD_20;1;1
CORD_ORD_214;PROD_21;1;1
CORD_ORD_214;PROD_24;1;1
CORD_ORD_214;PROD_26;1;1
CORD_ORD_214;PROD_27;1;1
CORD_ORD_214;PROD_33;1;1
CORD_ORD_214;PROD_38;1;1
CORD_ORD_214;PROD_39;1;1
CORD_ORD_214;PROD_4;1;1
CORD_ORD_214;PROD_41;1;1
CORD_ORD_214;PROD_49;1;1
CORD_ORD_214;PROD_9;1;1
CORD_ORD_215;PROD_11;1;1
CORD_ORD_215;PROD_14;1;1
CORD_ORD_215;PROD_18;1;1
CORD_ORD_215;PROD_2;1;1
CORD_ORD_215;PROD_20;1;1
CORD_ORD_215;PROD_23;1;1
CORD_ORD_215;PROD_36;1;1
CORD_ORD_215;PROD_39;1;1
CORD_ORD_215;PROD_40;1;1
CORD_ORD_215;PROD_42;1;1
CORD_ORD_215;PROD_46;1;1
CORD_ORD_215;PROD_47;1;1
CORD_ORD_215;PROD_48;1;1
CORD_ORD_215;PROD_50;1;1
CORD_ORD_215;PROD_6;1;1
CORD_ORD_215;PROD_9;1;1
CORD_ORD_216;PROD_10;1;1
CORD_ORD_216;PROD_15;1;1
CORD_ORD_216;PROD_32;1;1
CORD_ORD_216;PROD_34;1;1
CORD_ORD_216;PROD_38;1;1
CORD_ORD_216;PROD_4;1;1
CORD_ORD_216;PROD_43;1;1
CORD_ORD_216;PROD_5;1;1
CORD_ORD_217;PROD_1;1;1
CORD_ORD_217;PROD_10;1;1
CORD_ORD_217;PROD_15;1;1
CORD_ORD_217;PROD_22;1;1
CORD_ORD_217;PROD_28;1;1
CORD_ORD_217;PROD_29;1;1
CORD_ORD_217;PROD_3;1;1
CORD_ORD_217;PROD_31;1;1
CORD_ORD_217;PROD_32;1;1
CORD_ORD_217;PROD_40;1;1
CORD_ORD_217;PROD_43;1;1
CORD_ORD_217;PROD_47;1;1
CORD_ORD_217;PROD_50;1;1
CORD_ORD_217;PROD_6;1;1
CORD_ORD_218;PROD_11;1;1
CORD_ORD_218;PROD_13;1;1
CORD_ORD_218;PROD_15;1;1
CORD_ORD_218;PROD_18;1;1
CORD_ORD_218;PROD_2;1;1
CORD_ORD_218;PROD_21;1;1
CORD_ORD_218;PROD_24;1;1
CORD_ORD_218;PROD_32;1;1
CORD_ORD_218;PROD_33;1;1
CORD_ORD_218;PROD_36;1;1
CORD_ORD_218;PROD_40;1;1
CORD_ORD_218;PROD_46;1;1
CORD_ORD_218;PROD_47;1;1
CORD_ORD_218;PROD_48;1;1
CORD_ORD_219;PROD_1;1;1
CORD_ORD_219;PROD_10;1;1
CORD_ORD_219;PROD_11;1;1
CORD_ORD_219;PROD_15;1;1
CORD_ORD_219;PROD_17;1;1
CORD_ORD_219;PROD_20;1;1
CORD_ORD_219;PROD_22;1;1
CORD_ORD_219;PROD_27;1;1
CORD_ORD_219;PROD_28;1;1
CORD_ORD_219;PROD_29;1;1
CORD_ORD_219;PROD_3;1;1
CORD_ORD_219;PROD_31;1;1
CORD_ORD_219;PROD_32;1;1
CORD_ORD_219;PROD_39;1;1
CORD_ORD_219;PROD_41;1;1
CORD_ORD_219;PROD_43;1;1
CORD_ORD_219;PROD_48;1;1
CORD_ORD_219;PROD_49;1;1
CORD_ORD_219;PROD_50;1;1
CORD_ORD_219;PROD_6;1;1
CORD_ORD_220;PROD_11;1;1
CORD_ORD_220;PROD_16;1;1
CORD_ORD_220;PROD_18;1;1
CORD_ORD_220;PROD_2;1;1
CORD_ORD_220;PROD_25;1;1
CORD_ORD_220;PROD_29;1;1
CORD_ORD_220;PROD_30;1;1
CORD_ORD_220;PROD_31;1;1
CORD_ORD_220;PROD_37;1;1
CORD_ORD_220;PROD_44;1;1
CORD_ORD_220;PROD_48;1;1
CORD_ORD_220;PROD_50;1;1
CORD_ORD_220;PROD_6;1;1
CORD_ORD_220;PROD_8;1;1
CORD_ORD_221;PROD_10;1;1
CORD_ORD_221;PROD_11;1;1
CORD_ORD_221;PROD_13;1;1
CORD_ORD_221;PROD_14;1;1
CORD_ORD_221;PROD_16;1;1
CORD_ORD_221;PROD_17;1;1
CORD_ORD_221;PROD_18;1;1
CORD_ORD_221;PROD_2;1;1
CORD_ORD_221;PROD_23;1;1
CORD_ORD_221;PROD_25;1;1
CORD_ORD_221;PROD_33;1;1
CORD_ORD_221;PROD_36;1;1
CORD_ORD_221;PROD_37;1;1
CORD_ORD_221;PROD_40;1;1
CORD_ORD_221;PROD_41;1;1
CORD_ORD_221;PROD_42;1;1
CORD_ORD_221;PROD_43;1;1
CORD_ORD_221;PROD_44;1;1
CORD_ORD_221;PROD_46;1;1
CORD_ORD_221;PROD_47;1;1
CORD_ORD_221;PROD_48;1;1
CORD_ORD_221;PROD_9;1;1
CORD_ORD_222;PROD_10;1;1
CORD_ORD_222;PROD_11;1;1
CORD_ORD_222;PROD_14;1;1
CORD_ORD_222;PROD_16;1;1
CORD_ORD_222;PROD_20;1;1
CORD_ORD_222;PROD_22;1;1
CORD_ORD_222;PROD_25;1;1
CORD_ORD_222;PROD_27;1;1
CORD_ORD_222;PROD_28;1;1
CORD_ORD_222;PROD_35;1;1
CORD_ORD_222;PROD_36;1;1
CORD_ORD_222;PROD_37;1;1
CORD_ORD_222;PROD_39;1;1
CORD_ORD_222;PROD_43;1;1
CORD_ORD_222;PROD_44;1;1
CORD_ORD_222;PROD_46;1;1
CORD_ORD_222;PROD_48;1;1
CORD_ORD_222;PROD_49;1;1
CORD_ORD_222;PROD_50;1;1
CORD_ORD_222;PROD_6;1;1
CORD_ORD_222;PROD_7;1;1
CORD_ORD_222;PROD_9;1;1
CORD_ORD_223;PROD_20;1;1
CORD_ORD_223;PROD_22;1;1
CORD_ORD_223;PROD_28;1;1
CORD_ORD_223;PROD_30;1;1
CORD_ORD_223;PROD_35;1;1
CORD_ORD_223;PROD_36;1;1
CORD_ORD_223;PROD_37;1;1
CORD_ORD_223;PROD_38;1;1
CORD_ORD_223;PROD_39;1;1
CORD_ORD_223;PROD_4;1;1
CORD_ORD_223;PROD_44;1;1
CORD_ORD_223;PROD_46;1;1
CORD_ORD_223;PROD_50;1;1
CORD_ORD_223;PROD_6;1;1
CORD_ORD_223;PROD_7;1;1
CORD_ORD_223;PROD_8;1;1
CORD_ORD_224;PROD_11;1;1
CORD_ORD_224;PROD_15;1;1
CORD_ORD_224;PROD_27;1;1
CORD_ORD_224;PROD_29;1;1
CORD_ORD_224;PROD_31;1;1
CORD_ORD_224;PROD_32;1;1
CORD_ORD_224;PROD_48;1;1
CORD_ORD_224;PROD_49;1;1
CORD_ORD_225;PROD_14;1;1
CORD_ORD_225;PROD_17;1;1
CORD_ORD_225;PROD_20;1;1
CORD_ORD_225;PROD_23;1;1
CORD_ORD_225;PROD_29;1;1
CORD_ORD_225;PROD_31;1;1
CORD_ORD_225;PROD_34;1;1
CORD_ORD_225;PROD_39;1;1
CORD_ORD_225;PROD_41;1;1
CORD_ORD_225;PROD_42;1;1
CORD_ORD_225;PROD_5;1;1
CORD_ORD_225;PROD_9;1;1
CORD_ORD_226;PROD_12;1;1
CORD_ORD_226;PROD_19;1;1
CORD_ORD_226;PROD_23;1;1
CORD_ORD_226;PROD_26;1;1
CORD_ORD_226;PROD_30;1;1
CORD_ORD_226;PROD_37;1;1
CORD_ORD_226;PROD_42;1;1
CORD_ORD_226;PROD_44;1;1
CORD_ORD_226;PROD_45;1;1
CORD_ORD_226;PROD_50;1;1
CORD_ORD_226;PROD_6;1;1
CORD_ORD_226;PROD_8;1;1
CORD_ORD_227;PROD_10;1;1
CORD_ORD_227;PROD_14;1;1
CORD_ORD_227;PROD_16;1;1
CORD_ORD_227;PROD_19;1;1
CORD_ORD_227;PROD_25;1;1
CORD_ORD_227;PROD_30;1;1
CORD_ORD_227;PROD_36;1;1
CORD_ORD_227;PROD_38;1;1
CORD_ORD_227;PROD_4;1;1
CORD_ORD_227;PROD_43;1;1
CORD_ORD_227;PROD_45;1;1
CORD_ORD_227;PROD_46;1;1
CORD_ORD_227;PROD_50;1;1
CORD_ORD_227;PROD_6;1;1
CORD_ORD_227;PROD_8;1;1
CORD_ORD_227;PROD_9;1;1
CORD_ORD_228;PROD_13;1;1
CORD_ORD_228;PROD_16;1;1
CORD_ORD_228;PROD_17;1;1
CORD_ORD_228;PROD_18;1;1
CORD_ORD_228;PROD_19;1;1
CORD_ORD_228;PROD_2;1;1
CORD_ORD_228;PROD_21;1;1
CORD_ORD_228;PROD_22;1;1
CORD_ORD_228;PROD_23;1;1
CORD_ORD_228;PROD_24;1;1
CORD_ORD_228;PROD_25;1;1
CORD_ORD_228;PROD_27;1;1
CORD_ORD_228;PROD_28;1;1
CORD_ORD_228;PROD_33;1;1
CORD_ORD_228;PROD_41;1;1
CORD_ORD_228;PROD_42;1;1
CORD_ORD_228;PROD_45;1;1
CORD_ORD_228;PROD_49;1;1
CORD_ORD_228;PROD_50;1;1
CORD_ORD_228;PROD_6;1;1
CORD_ORD_229;PROD_1;1;1
CORD_ORD_229;PROD_10;1;1
CORD_ORD_229;PROD_15;1;1
CORD_ORD_229;PROD_29;1;1
CORD_ORD_229;PROD_3;1;1
CORD_ORD_229;PROD_30;1;1
CORD_ORD_229;PROD_31;1;1
CORD_ORD_229;PROD_32;1;1
CORD_ORD_229;PROD_36;1;1
CORD_ORD_229;PROD_40;1;1
CORD_ORD_229;PROD_43;1;1
CORD_ORD_229;PROD_46;1;1
CORD_ORD_229;PROD_47;1;1
CORD_ORD_229;PROD_8;1;1
CORD_ORD_230;PROD_1;1;1
CORD_ORD_230;PROD_10;1;1
CORD_ORD_230;PROD_13;1;1
CORD_ORD_230;PROD_17;1;1
CORD_ORD_230;PROD_18;1;1
CORD_ORD_230;PROD_19;1;1
CORD_ORD_230;PROD_2;1;1
CORD_ORD_230;PROD_23;1;1
CORD_ORD_230;PROD_3;1;1
CORD_ORD_230;PROD_30;1;1
CORD_ORD_230;PROD_33;1;1
CORD_ORD_230;PROD_41;1;1
CORD_ORD_230;PROD_42;1;1
CORD_ORD_230;PROD_43;1;1
CORD_ORD_230;PROD_45;1;1
CORD_ORD_230;PROD_50;1;1
CORD_ORD_230;PROD_6;1;1
CORD_ORD_230;PROD_8;1;1
CORD_ORD_231;PROD_10;1;1
CORD_ORD_231;PROD_11;1;1
CORD_ORD_231;PROD_13;1;1
CORD_ORD_231;PROD_14;1;1
CORD_ORD_231;PROD_15;1;1
CORD_ORD_231;PROD_18;1;1
CORD_ORD_231;PROD_19;1;1
CORD_ORD_231;PROD_2;1;1
CORD_ORD_231;PROD_29;1;1
CORD_ORD_231;PROD_31;1;1
CORD_ORD_231;PROD_32;1;1
CORD_ORD_231;PROD_33;1;1
CORD_ORD_231;PROD_36;1;1
CORD_ORD_231;PROD_37;1;1
CORD_ORD_231;PROD_43;1;1
CORD_ORD_231;PROD_44;1;1
CORD_ORD_231;PROD_45;1;1
CORD_ORD_231;PROD_46;1;1
CORD_ORD_231;PROD_48;1;1
CORD_ORD_231;PROD_9;1;1
CORD_ORD_232;PROD_1;1;1
CORD_ORD_232;PROD_10;1;1
CORD_ORD_232;PROD_11;1;1
CORD_ORD_232;PROD_17;1;1
CORD_ORD_232;PROD_18;1;1
CORD_ORD_232;PROD_19;1;1
CORD_ORD_232;PROD_2;1;1
CORD_ORD_232;PROD_29;1;1
CORD_ORD_232;PROD_3;1;1
CORD_ORD_232;PROD_30;1;1
CORD_ORD_232;PROD_31;1;1
CORD_ORD_232;PROD_36;1;1
CORD_ORD_232;PROD_37;1;1
CORD_ORD_232;PROD_38;1;1
CORD_ORD_232;PROD_4;1;1
CORD_ORD_232;PROD_41;1;1
CORD_ORD_232;PROD_43;1;1
CORD_ORD_232;PROD_44;1;1
CORD_ORD_232;PROD_45;1;1
CORD_ORD_232;PROD_46;1;1
CORD_ORD_232;PROD_48;1;1
CORD_ORD_232;PROD_8;1;1
CORD_ORD_233;PROD_10;1;1
CORD_ORD_233;PROD_11;1;1
CORD_ORD_233;PROD_14;1;1
CORD_ORD_233;PROD_15;1;1
CORD_ORD_233;PROD_18;1;1
CORD_ORD_233;PROD_2;1;1
CORD_ORD_233;PROD_32;1;1
CORD_ORD_233;PROD_34;1;1
CORD_ORD_233;PROD_36;1;1
CORD_ORD_233;PROD_38;1;1
CORD_ORD_233;PROD_4;1;1
CORD_ORD_233;PROD_43;1;1
CORD_ORD_233;PROD_46;1;1
CORD_ORD_233;PROD_48;1;1
CORD_ORD_233;PROD_5;1;1
CORD_ORD_233;PROD_9;1;1
CORD_ORD_234;PROD_11;1;1
CORD_ORD_234;PROD_13;1;1
CORD_ORD_234;PROD_19;1;1
CORD_ORD_234;PROD_33;1;1
CORD_ORD_234;PROD_37;1;1
CORD_ORD_234;PROD_44;1;1
CORD_ORD_234;PROD_45;1;1
CORD_ORD_234;PROD_48;1;1
CORD_ORD_235;PROD_1;1;1
CORD_ORD_235;PROD_10;1;1
CORD_ORD_235;PROD_11;1;1
CORD_ORD_235;PROD_15;1;1
CORD_ORD_235;PROD_17;1;1
CORD_ORD_235;PROD_20;1;1
CORD_ORD_235;PROD_29;1;1
CORD_ORD_235;PROD_3;1;1
CORD_ORD_235;PROD_30;1;1
CORD_ORD_235;PROD_31;1;1
CORD_ORD_235;PROD_32;1;1
CORD_ORD_235;PROD_39;1;1
CORD_ORD_235;PROD_40;1;1
CORD_ORD_235;PROD_41;1;1
CORD_ORD_235;PROD_43;1;1
CORD_ORD_235;PROD_47;1;1
CORD_ORD_235;PROD_48;1;1
CORD_ORD_235;PROD_8;1;1
CORD_ORD_236;PROD_1;1;1
CORD_ORD_236;PROD_10;1;1
CORD_ORD_236;PROD_11;1;1
CORD_ORD_236;PROD_13;1;1
CORD_ORD_236;PROD_14;1;1
CORD_ORD_236;PROD_16;1;1
CORD_ORD_236;PROD_17;1;1
CORD_ORD_236;PROD_22;1;1
CORD_ORD_236;PROD_25;1;1
CORD_ORD_236;PROD_28;1;1
CORD_ORD_236;PROD_3;1;1
CORD_ORD_236;PROD_33;1;1
CORD_ORD_236;PROD_34;1;1
CORD_ORD_236;PROD_37;1;1
CORD_ORD_236;PROD_41;1;1
CORD_ORD_236;PROD_43;1;1
CORD_ORD_236;PROD_44;1;1
CORD_ORD_236;PROD_48;1;1
CORD_ORD_236;PROD_5;1;1
CORD_ORD_236;PROD_9;1;1
CORD_ORD_237;PROD_1;1;1
CORD_ORD_237;PROD_10;1;1
CORD_ORD_237;PROD_12;1;1
CORD_ORD_237;PROD_15;1;1
CORD_ORD_237;PROD_16;1;1
CORD_ORD_237;PROD_25;1;1
CORD_ORD_237;PROD_26;1;1
CORD_ORD_237;PROD_3;1;1
CORD_ORD_237;PROD_30;1;1
CORD_ORD_237;PROD_32;1;1
CORD_ORD_237;PROD_36;1;1
CORD_ORD_237;PROD_37;1;1
CORD_ORD_237;PROD_43;1;1
CORD_ORD_237;PROD_44;1;1
CORD_ORD_237;PROD_46;1;1
CORD_ORD_237;PROD_8;1;1
CORD_ORD_238;PROD_10;1;1
CORD_ORD_238;PROD_14;1;1
CORD_ORD_238;PROD_22;1;1
CORD_ORD_238;PROD_28;1;1
CORD_ORD_238;PROD_29;1;1
CORD_ORD_238;PROD_31;1;1
CORD_ORD_238;PROD_35;1;1
CORD_ORD_238;PROD_43;1;1
CORD_ORD_238;PROD_7;1;1
CORD_ORD_238;PROD_9;1;1
CORD_ORD_239;PROD_1;1;1
CORD_ORD_239;PROD_10;1;1
CORD_ORD_239;PROD_15;1;1
CORD_ORD_239;PROD_3;1;1
CORD_ORD_239;PROD_32;1;1
CORD_ORD_239;PROD_40;1;1
CORD_ORD_239;PROD_43;1;1
CORD_ORD_239;PROD_47;1;1
CORD_ORD_240;PROD_1;1;1
CORD_ORD_240;PROD_10;1;1
CORD_ORD_240;PROD_15;1;1
CORD_ORD_240;PROD_16;1;1
CORD_ORD_240;PROD_19;1;1
CORD_ORD_240;PROD_22;1;1
CORD_ORD_240;PROD_25;1;1
CORD_ORD_240;PROD_27;1;1
CORD_ORD_240;PROD_28;1;1
CORD_ORD_240;PROD_3;1;1
CORD_ORD_240;PROD_32;1;1
CORD_ORD_240;PROD_40;1;1
CORD_ORD_240;PROD_43;1;1
CORD_ORD_240;PROD_45;1;1
CORD_ORD_240;PROD_47;1;1
CORD_ORD_240;PROD_49;1;1
CORD_ORD_241;PROD_10;1;1
CORD_ORD_241;PROD_11;1;1
CORD_ORD_241;PROD_14;1;1
CORD_ORD_241;PROD_17;1;1
CORD_ORD_241;PROD_18;1;1
CORD_ORD_241;PROD_2;1;1
CORD_ORD_241;PROD_35;1;1
CORD_ORD_241;PROD_36;1;1
CORD_ORD_241;PROD_41;1;1
CORD_ORD_241;PROD_43;1;1
CORD_ORD_241;PROD_46;1;1
CORD_ORD_241;PROD_48;1;1
CORD_ORD_241;PROD_7;1;1
CORD_ORD_241;PROD_9;1;1
CORD_ORD_242;PROD_10;1;1
CORD_ORD_242;PROD_12;1;1
CORD_ORD_242;PROD_15;1;1
CORD_ORD_242;PROD_26;1;1
CORD_ORD_242;PROD_30;1;1
CORD_ORD_242;PROD_32;1;1
CORD_ORD_242;PROD_34;1;1
CORD_ORD_242;PROD_38;1;1
CORD_ORD_242;PROD_4;1;1
CORD_ORD_242;PROD_43;1;1
CORD_ORD_242;PROD_5;1;1
CORD_ORD_242;PROD_8;1;1
CORD_ORD_243;PROD_10;1;1
CORD_ORD_243;PROD_11;1;1
CORD_ORD_243;PROD_14;1;1
CORD_ORD_243;PROD_15;1;1
CORD_ORD_243;PROD_17;1;1
CORD_ORD_243;PROD_18;1;1
CORD_ORD_243;PROD_2;1;1
CORD_ORD_243;PROD_22;1;1
CORD_ORD_243;PROD_28;1;1
CORD_ORD_243;PROD_29;1;1
CORD_ORD_243;PROD_31;1;1
CORD_ORD_243;PROD_32;1;1
CORD_ORD_243;PROD_36;1;1
CORD_ORD_243;PROD_41;1;1
CORD_ORD_243;PROD_43;1;1
CORD_ORD_243;PROD_46;1;1
CORD_ORD_243;PROD_48;1;1
CORD_ORD_243;PROD_50;1;1
CORD_ORD_243;PROD_6;1;1
CORD_ORD_243;PROD_9;1;1
CORD_ORD_244;PROD_11;1;1
CORD_ORD_244;PROD_14;1;1
CORD_ORD_244;PROD_18;1;1
CORD_ORD_244;PROD_2;1;1
CORD_ORD_244;PROD_21;1;1
CORD_ORD_244;PROD_23;1;1
CORD_ORD_244;PROD_24;1;1
CORD_ORD_244;PROD_27;1;1
CORD_ORD_244;PROD_34;1;1
CORD_ORD_244;PROD_36;1;1
CORD_ORD_244;PROD_37;1;1
CORD_ORD_244;PROD_42;1;1
CORD_ORD_244;PROD_44;1;1
CORD_ORD_244;PROD_46;1;1
CORD_ORD_244;PROD_48;1;1
CORD_ORD_244;PROD_49;1;1
CORD_ORD_244;PROD_5;1;1
CORD_ORD_244;PROD_9;1;1
CORD_ORD_245;PROD_10;1;1
CORD_ORD_245;PROD_11;1;1
CORD_ORD_245;PROD_12;1;1
CORD_ORD_245;PROD_13;1;1
CORD_ORD_245;PROD_15;1;1
CORD_ORD_245;PROD_19;1;1
CORD_ORD_245;PROD_26;1;1
CORD_ORD_245;PROD_32;1;1
CORD_ORD_245;PROD_33;1;1
CORD_ORD_245;PROD_37;1;1
CORD_ORD_245;PROD_38;1;1
CORD_ORD_245;PROD_4;1;1
CORD_ORD_245;PROD_43;1;1
CORD_ORD_245;PROD_44;1;1
CORD_ORD_245;PROD_45;1;1
CORD_ORD_245;PROD_48;1;1
CORD_ORD_246;PROD_1;1;1
CORD_ORD_246;PROD_10;1;1
CORD_ORD_246;PROD_15;1;1
CORD_ORD_246;PROD_16;1;1
CORD_ORD_246;PROD_21;1;1
CORD_ORD_246;PROD_22;1;1
CORD_ORD_246;PROD_23;1;1
CORD_ORD_246;PROD_24;1;1
CORD_ORD_246;PROD_25;1;1
CORD_ORD_246;PROD_28;1;1
CORD_ORD_246;PROD_29;1;1
CORD_ORD_246;PROD_3;1;1
CORD_ORD_246;PROD_31;1;1
CORD_ORD_246;PROD_32;1;1
CORD_ORD_246;PROD_37;1;1
CORD_ORD_246;PROD_40;1;1
CORD_ORD_246;PROD_42;1;1
CORD_ORD_246;PROD_43;1;1
CORD_ORD_246;PROD_44;1;1
CORD_ORD_246;PROD_47;1;1
CORD_ORD_247;PROD_17;1;1
CORD_ORD_247;PROD_18;1;1
CORD_ORD_247;PROD_19;1;1
CORD_ORD_247;PROD_2;1;1
CORD_ORD_247;PROD_23;1;1
CORD_ORD_247;PROD_27;1;1
CORD_ORD_247;PROD_35;1;1
CORD_ORD_247;PROD_36;1;1
CORD_ORD_247;PROD_37;1;1
CORD_ORD_247;PROD_38;1;1
CORD_ORD_247;PROD_4;1;1
CORD_ORD_247;PROD_41;1;1
CORD_ORD_247;PROD_42;1;1
CORD_ORD_247;PROD_44;1;1
CORD_ORD_247;PROD_45;1;1
CORD_ORD_247;PROD_46;1;1
CORD_ORD_247;PROD_49;1;1
CORD_ORD_247;PROD_7;1;1
CORD_ORD_248;PROD_10;1;1
CORD_ORD_248;PROD_12;1;1
CORD_ORD_248;PROD_15;1;1
CORD_ORD_248;PROD_26;1;1
CORD_ORD_248;PROD_32;1;1
CORD_ORD_248;PROD_38;1;1
CORD_ORD_248;PROD_4;1;1
CORD_ORD_248;PROD_43;1;1
CORD_ORD_249;PROD_15;1;1
CORD_ORD_249;PROD_18;1;1
CORD_ORD_249;PROD_2;1;1
CORD_ORD_249;PROD_22;1;1
CORD_ORD_249;PROD_28;1;1
CORD_ORD_249;PROD_29;1;1
CORD_ORD_249;PROD_31;1;1
CORD_ORD_249;PROD_32;1;1
CORD_ORD_249;PROD_50;1;1
CORD_ORD_249;PROD_6;1;1
CORD_ORD_250;PROD_1;1;1
CORD_ORD_250;PROD_13;1;1
CORD_ORD_250;PROD_14;1;1
CORD_ORD_250;PROD_15;1;1
CORD_ORD_250;PROD_17;1;1
CORD_ORD_250;PROD_19;1;1
CORD_ORD_250;PROD_23;1;1
CORD_ORD_250;PROD_27;1;1
CORD_ORD_250;PROD_29;1;1
CORD_ORD_250;PROD_3;1;1
CORD_ORD_250;PROD_31;1;1
CORD_ORD_250;PROD_32;1;1
CORD_ORD_250;PROD_33;1;1
CORD_ORD_250;PROD_37;1;1
CORD_ORD_250;PROD_38;1;1
CORD_ORD_250;PROD_4;1;1
CORD_ORD_250;PROD_41;1;1
CORD_ORD_250;PROD_42;1;1
CORD_ORD_250;PROD_44;1;1
CORD_ORD_250;PROD_45;1;1
CORD_ORD_250;PROD_49;1;1
CORD_ORD_250;PROD_9;1;1
CORD_ORD_251;PROD_1;1;1
CORD_ORD_251;PROD_10;1;1
CORD_ORD_251;PROD_12;1;1
CORD_ORD_251;PROD_15;1;1
CORD_ORD_251;PROD_26;1;1
CORD_ORD_251;PROD_29;1;1
CORD_ORD_251;PROD_3;1;1
CORD_ORD_251;PROD_31;1;1
CORD_ORD_251;PROD_32;1;1
CORD_ORD_251;PROD_38;1;1
CORD_ORD_251;PROD_4;1;1
CORD_ORD_251;PROD_40;1;1
CORD_ORD_251;PROD_43;1;1
CORD_ORD_251;PROD_47;1;1
CORD_ORD_252;PROD_16;1;1
CORD_ORD_252;PROD_18;1;1
CORD_ORD_252;PROD_2;1;1
CORD_ORD_252;PROD_23;1;1
CORD_ORD_252;PROD_25;1;1
CORD_ORD_252;PROD_27;1;1
CORD_ORD_252;PROD_29;1;1
CORD_ORD_252;PROD_31;1;1
CORD_ORD_252;PROD_35;1;1
CORD_ORD_252;PROD_42;1;1
CORD_ORD_252;PROD_49;1;1
CORD_ORD_252;PROD_7;1;1
CORD_ORD_253;PROD_11;1;1
CORD_ORD_253;PROD_13;1;1
CORD_ORD_253;PROD_15;1;1
CORD_ORD_253;PROD_19;1;1
CORD_ORD_253;PROD_20;1;1
CORD_ORD_253;PROD_21;1;1
CORD_ORD_253;PROD_24;1;1
CORD_ORD_253;PROD_29;1;1
CORD_ORD_253;PROD_31;1;1
CORD_ORD_253;PROD_32;1;1
CORD_ORD_253;PROD_33;1;1
CORD_ORD_253;PROD_37;1;1
CORD_ORD_253;PROD_39;1;1
CORD_ORD_253;PROD_44;1;1
CORD_ORD_253;PROD_45;1;1
CORD_ORD_253;PROD_48;1;1
CORD_ORD_253;PROD_50;1;1
CORD_ORD_253;PROD_6;1;1
CORD_ORD_254;PROD_1;1;1
CORD_ORD_254;PROD_11;1;1
CORD_ORD_254;PROD_13;1;1
CORD_ORD_254;PROD_15;1;1
CORD_ORD_254;PROD_18;1;1
CORD_ORD_254;PROD_19;1;1
CORD_ORD_254;PROD_2;1;1
CORD_ORD_254;PROD_27;1;1
CORD_ORD_254;PROD_3;1;1
CORD_ORD_254;PROD_32;1;1
CORD_ORD_254;PROD_33;1;1
CORD_ORD_254;PROD_35;1;1
CORD_ORD_254;PROD_40;1;1
CORD_ORD_254;PROD_45;1;1
CORD_ORD_254;PROD_47;1;1
CORD_ORD_254;PROD_48;1;1
CORD_ORD_254;PROD_49;1;1
CORD_ORD_254;PROD_50;1;1
CORD_ORD_254;PROD_6;1;1
CORD_ORD_254;PROD_7;1;1
CORD_ORD_255;PROD_10;1;1
CORD_ORD_255;PROD_29;1;1
CORD_ORD_255;PROD_30;1;1
CORD_ORD_255;PROD_31;1;1
CORD_ORD_255;PROD_36;1;1
CORD_ORD_255;PROD_43;1;1
CORD_ORD_255;PROD_46;1;1
CORD_ORD_255;PROD_8;1;1
CORD_ORD_256;PROD_10;1;1
CORD_ORD_256;PROD_11;1;1
CORD_ORD_256;PROD_16;1;1
CORD_ORD_256;PROD_17;1;1
CORD_ORD_256;PROD_18;1;1
CORD_ORD_256;PROD_2;1;1
CORD_ORD_256;PROD_21;1;1
CORD_ORD_256;PROD_23;1;1
CORD_ORD_256;PROD_24;1;1
CORD_ORD_256;PROD_25;1;1
CORD_ORD_256;PROD_35;1;1
CORD_ORD_256;PROD_37;1;1
CORD_ORD_256;PROD_41;1;1
CORD_ORD_256;PROD_42;1;1
CORD_ORD_256;PROD_43;1;1
CORD_ORD_256;PROD_44;1;1
CORD_ORD_256;PROD_48;1;1
CORD_ORD_256;PROD_7;1;1
CORD_ORD_257;PROD_12;1;1
CORD_ORD_257;PROD_15;1;1
CORD_ORD_257;PROD_22;1;1
CORD_ORD_257;PROD_26;1;1
CORD_ORD_257;PROD_28;1;1
CORD_ORD_257;PROD_29;1;1
CORD_ORD_257;PROD_31;1;1
CORD_ORD_257;PROD_32;1;1
CORD_ORD_257;PROD_38;1;1
CORD_ORD_257;PROD_4;1;1
CORD_ORD_257;PROD_50;1;1
CORD_ORD_257;PROD_6;1;1
CORD_ORD_258;PROD_1;1;1
CORD_ORD_258;PROD_10;1;1
CORD_ORD_258;PROD_15;1;1
CORD_ORD_258;PROD_22;1;1
CORD_ORD_258;PROD_28;1;1
CORD_ORD_258;PROD_29;1;1
CORD_ORD_258;PROD_3;1;1
CORD_ORD_258;PROD_30;1;1
CORD_ORD_258;PROD_31;1;1
CORD_ORD_258;PROD_32;1;1
CORD_ORD_258;PROD_43;1;1
CORD_ORD_258;PROD_8;1;1
CORD_ORD_259;PROD_10;1;1
CORD_ORD_259;PROD_12;1;1
CORD_ORD_259;PROD_15;1;1
CORD_ORD_259;PROD_20;1;1
CORD_ORD_259;PROD_22;1;1
CORD_ORD_259;PROD_26;1;1
CORD_ORD_259;PROD_28;1;1
CORD_ORD_259;PROD_32;1;1
CORD_ORD_259;PROD_37;1;1
CORD_ORD_259;PROD_38;1;1
CORD_ORD_259;PROD_39;1;1
CORD_ORD_259;PROD_4;1;1
CORD_ORD_259;PROD_40;1;1
CORD_ORD_259;PROD_43;1;1
CORD_ORD_259;PROD_44;1;1
CORD_ORD_259;PROD_47;1;1
CORD_ORD_260;PROD_11;1;1
CORD_ORD_260;PROD_15;1;1
CORD_ORD_260;PROD_27;1;1
CORD_ORD_260;PROD_29;1;1
CORD_ORD_260;PROD_31;1;1
CORD_ORD_260;PROD_32;1;1
CORD_ORD_260;PROD_48;1;1
CORD_ORD_260;PROD_49;1;1
CORD_ORD_261;PROD_10;1;1
CORD_ORD_261;PROD_11;1;1
CORD_ORD_261;PROD_12;1;1
CORD_ORD_261;PROD_14;1;1
CORD_ORD_261;PROD_17;1;1
CORD_ORD_261;PROD_18;1;1
CORD_ORD_261;PROD_2;1;1
CORD_ORD_261;PROD_22;1;1
CORD_ORD_261;PROD_26;1;1
CORD_ORD_261;PROD_28;1;1
CORD_ORD_261;PROD_36;1;1
CORD_ORD_261;PROD_37;1;1
CORD_ORD_261;PROD_38;1;1
CORD_ORD_261;PROD_4;1;1
CORD_ORD_261;PROD_41;1;1
CORD_ORD_261;PROD_43;1;1
CORD_ORD_261;PROD_44;1;1
CORD_ORD_261;PROD_46;1;1
CORD_ORD_261;PROD_48;1;1
CORD_ORD_261;PROD_9;1;1
CORD_ORD_262;PROD_1;1;1
CORD_ORD_262;PROD_10;1;1
CORD_ORD_262;PROD_11;1;1
CORD_ORD_262;PROD_15;1;1
CORD_ORD_262;PROD_16;1;1
CORD_ORD_262;PROD_18;1;1
CORD_ORD_262;PROD_19;1;1
CORD_ORD_262;PROD_2;1;1
CORD_ORD_262;PROD_21;1;1
CORD_ORD_262;PROD_22;1;1
CORD_ORD_262;PROD_24;1;1
CORD_ORD_262;PROD_25;1;1
CORD_ORD_262;PROD_28;1;1
CORD_ORD_262;PROD_29;1;1
CORD_ORD_262;PROD_3;1;1
CORD_ORD_262;PROD_31;1;1
CORD_ORD_262;PROD_32;1;1
CORD_ORD_262;PROD_35;1;1
CORD_ORD_262;PROD_37;1;1
CORD_ORD_262;PROD_40;1;1
CORD_ORD_262;PROD_43;1;1
CORD_ORD_262;PROD_44;1;1
CORD_ORD_262;PROD_45;1;1
CORD_ORD_262;PROD_47;1;1
CORD_ORD_262;PROD_48;1;1
CORD_ORD_262;PROD_7;1;1
CORD_ORD_263;PROD_1;1;1
CORD_ORD_263;PROD_10;1;1
CORD_ORD_263;PROD_22;1;1
CORD_ORD_263;PROD_28;1;1
CORD_ORD_263;PROD_29;1;1
CORD_ORD_263;PROD_3;1;1
CORD_ORD_263;PROD_30;1;1
CORD_ORD_263;PROD_31;1;1
CORD_ORD_263;PROD_43;1;1
CORD_ORD_263;PROD_8;1;1
CORD_ORD_264;PROD_1;1;1
CORD_ORD_264;PROD_18;1;1
CORD_ORD_264;PROD_2;1;1
CORD_ORD_264;PROD_3;1;1
CORD_ORD_264;PROD_30;1;1
CORD_ORD_264;PROD_36;1;1
CORD_ORD_264;PROD_37;1;1
CORD_ORD_264;PROD_44;1;1
CORD_ORD_264;PROD_46;1;1
CORD_ORD_264;PROD_8;1;1
CORD_ORD_265;PROD_1;1;1
CORD_ORD_265;PROD_10;1;1
CORD_ORD_265;PROD_14;1;1
CORD_ORD_265;PROD_3;1;1
CORD_ORD_265;PROD_30;1;1
CORD_ORD_265;PROD_35;1;1
CORD_ORD_265;PROD_36;1;1
CORD_ORD_265;PROD_43;1;1
CORD_ORD_265;PROD_46;1;1
CORD_ORD_265;PROD_7;1;1
CORD_ORD_265;PROD_8;1;1
CORD_ORD_265;PROD_9;1;1
CORD_ORD_266;PROD_10;1;1
CORD_ORD_266;PROD_11;1;1
CORD_ORD_266;PROD_12;1;1
CORD_ORD_266;PROD_13;1;1
CORD_ORD_266;PROD_16;1;1
CORD_ORD_266;PROD_17;1;1
CORD_ORD_266;PROD_25;1;1
CORD_ORD_266;PROD_26;1;1
CORD_ORD_266;PROD_33;1;1
CORD_ORD_266;PROD_41;1;1
CORD_ORD_266;PROD_43;1;1
CORD_ORD_266;PROD_48;1;1
CORD_ORD_267;PROD_11;1;1
CORD_ORD_267;PROD_12;1;1
CORD_ORD_267;PROD_13;1;1
CORD_ORD_267;PROD_17;1;1
CORD_ORD_267;PROD_18;1;1
CORD_ORD_267;PROD_2;1;1
CORD_ORD_267;PROD_20;1;1
CORD_ORD_267;PROD_26;1;1
CORD_ORD_267;PROD_27;1;1
CORD_ORD_267;PROD_29;1;1
CORD_ORD_267;PROD_31;1;1
CORD_ORD_267;PROD_33;1;1
CORD_ORD_267;PROD_34;1;1
CORD_ORD_267;PROD_38;1;1
CORD_ORD_267;PROD_39;1;1
CORD_ORD_267;PROD_4;1;1
CORD_ORD_267;PROD_41;1;1
CORD_ORD_267;PROD_48;1;1
CORD_ORD_267;PROD_49;1;1
CORD_ORD_267;PROD_5;1;1
CORD_ORD_268;PROD_10;1;1
CORD_ORD_268;PROD_12;1;1
CORD_ORD_268;PROD_20;1;1
CORD_ORD_268;PROD_26;1;1
CORD_ORD_268;PROD_34;1;1
CORD_ORD_268;PROD_39;1;1
CORD_ORD_268;PROD_43;1;1
CORD_ORD_268;PROD_5;1;1
CORD_ORD_268;PROD_50;1;1
CORD_ORD_268;PROD_6;1;1
CORD_ORD_269;PROD_1;1;1
CORD_ORD_269;PROD_10;1;1
CORD_ORD_269;PROD_18;1;1
CORD_ORD_269;PROD_2;1;1
CORD_ORD_269;PROD_20;1;1
CORD_ORD_269;PROD_29;1;1
CORD_ORD_269;PROD_3;1;1
CORD_ORD_269;PROD_30;1;1
CORD_ORD_269;PROD_31;1;1
CORD_ORD_269;PROD_35;1;1
CORD_ORD_269;PROD_36;1;1
CORD_ORD_269;PROD_38;1;1
CORD_ORD_269;PROD_39;1;1
CORD_ORD_269;PROD_4;1;1
CORD_ORD_269;PROD_43;1;1
CORD_ORD_269;PROD_46;1;1
CORD_ORD_269;PROD_50;1;1
CORD_ORD_269;PROD_6;1;1
CORD_ORD_269;PROD_7;1;1
CORD_ORD_269;PROD_8;1;1
CORD_ORD_270;PROD_1;1;1
CORD_ORD_270;PROD_15;1;1
CORD_ORD_270;PROD_17;1;1
CORD_ORD_270;PROD_19;1;1
CORD_ORD_270;PROD_21;1;1
CORD_ORD_270;PROD_24;1;1
CORD_ORD_270;PROD_29;1;1
CORD_ORD_270;PROD_3;1;1
CORD_ORD_270;PROD_31;1;1
CORD_ORD_270;PROD_32;1;1
CORD_ORD_270;PROD_34;1;1
CORD_ORD_270;PROD_37;1;1
CORD_ORD_270;PROD_38;1;1
CORD_ORD_270;PROD_4;1;1
CORD_ORD_270;PROD_41;1;1
CORD_ORD_270;PROD_44;1;1
CORD_ORD_270;PROD_45;1;1
CORD_ORD_270;PROD_5;1;1
CORD_ORD_271;PROD_1;1;1
CORD_ORD_271;PROD_10;1;1
CORD_ORD_271;PROD_14;1;1
CORD_ORD_271;PROD_21;1;1
CORD_ORD_271;PROD_24;1;1
CORD_ORD_271;PROD_3;1;1
CORD_ORD_271;PROD_30;1;1
CORD_ORD_271;PROD_35;1;1
CORD_ORD_271;PROD_36;1;1
CORD_ORD_271;PROD_38;1;1
CORD_ORD_271;PROD_4;1;1
CORD_ORD_271;PROD_43;1;1
CORD_ORD_271;PROD_46;1;1
CORD_ORD_271;PROD_7;1;1
CORD_ORD_271;PROD_8;1;1
CORD_ORD_271;PROD_9;1;1
CORD_ORD_272;PROD_10;1;1
CORD_ORD_272;PROD_11;1;1
CORD_ORD_272;PROD_12;1;1
CORD_ORD_272;PROD_14;1;1
CORD_ORD_272;PROD_17;1;1
CORD_ORD_272;PROD_20;1;1
CORD_ORD_272;PROD_22;1;1
CORD_ORD_272;PROD_26;1;1
CORD_ORD_272;PROD_27;1;1
CORD_ORD_272;PROD_28;1;1
CORD_ORD_272;PROD_34;1;1
CORD_ORD_272;PROD_35;1;1
CORD_ORD_272;PROD_37;1;1
CORD_ORD_272;PROD_38;1;1
CORD_ORD_272;PROD_39;1;1
CORD_ORD_272;PROD_4;1;1
CORD_ORD_272;PROD_41;1;1
CORD_ORD_272;PROD_43;1;1
CORD_ORD_272;PROD_44;1;1
CORD_ORD_272;PROD_48;1;1
CORD_ORD_272;PROD_49;1;1
CORD_ORD_272;PROD_5;1;1
CORD_ORD_272;PROD_7;1;1
CORD_ORD_272;PROD_9;1;1
CORD_ORD_273;PROD_11;1;1
CORD_ORD_273;PROD_14;1;1
CORD_ORD_273;PROD_18;1;1
CORD_ORD_273;PROD_2;1;1
CORD_ORD_273;PROD_22;1;1
CORD_ORD_273;PROD_28;1;1
CORD_ORD_273;PROD_29;1;1
CORD_ORD_273;PROD_31;1;1
CORD_ORD_273;PROD_36;1;1
CORD_ORD_273;PROD_46;1;1
CORD_ORD_273;PROD_48;1;1
CORD_ORD_273;PROD_9;1;1
CORD_ORD_274;PROD_11;1;1
CORD_ORD_274;PROD_14;1;1
CORD_ORD_274;PROD_15;1;1
CORD_ORD_274;PROD_16;1;1
CORD_ORD_274;PROD_25;1;1
CORD_ORD_274;PROD_27;1;1
CORD_ORD_274;PROD_30;1;1
CORD_ORD_274;PROD_32;1;1
CORD_ORD_274;PROD_34;1;1
CORD_ORD_274;PROD_38;1;1
CORD_ORD_274;PROD_4;1;1
CORD_ORD_274;PROD_40;1;1
CORD_ORD_274;PROD_47;1;1
CORD_ORD_274;PROD_48;1;1
CORD_ORD_274;PROD_49;1;1
CORD_ORD_274;PROD_5;1;1
CORD_ORD_274;PROD_50;1;1
CORD_ORD_274;PROD_6;1;1
CORD_ORD_274;PROD_8;1;1
CORD_ORD_274;PROD_9;1;1
CORD_ORD_275;PROD_10;1;1
CORD_ORD_275;PROD_11;1;1
CORD_ORD_275;PROD_15;1;1
CORD_ORD_275;PROD_21;1;1
CORD_ORD_275;PROD_22;1;1
CORD_ORD_275;PROD_23;1;1
CORD_ORD_275;PROD_24;1;1
CORD_ORD_275;PROD_28;1;1
CORD_ORD_275;PROD_32;1;1
CORD_ORD_275;PROD_34;1;1
CORD_ORD_275;PROD_36;1;1
CORD_ORD_275;PROD_37;1;1
CORD_ORD_275;PROD_38;1;1
CORD_ORD_275;PROD_4;1;1
CORD_ORD_275;PROD_42;1;1
CORD_ORD_275;PROD_43;1;1
CORD_ORD_275;PROD_44;1;1
CORD_ORD_275;PROD_46;1;1
CORD_ORD_275;PROD_48;1;1
CORD_ORD_275;PROD_5;1;1
CORD_ORD_276;PROD_13;1;1
CORD_ORD_276;PROD_14;1;1
CORD_ORD_276;PROD_19;1;1
CORD_ORD_276;PROD_23;1;1
CORD_ORD_276;PROD_27;1;1
CORD_ORD_276;PROD_29;1;1
CORD_ORD_276;PROD_31;1;1
CORD_ORD_276;PROD_33;1;1
CORD_ORD_276;PROD_34;1;1
CORD_ORD_276;PROD_35;1;1
CORD_ORD_276;PROD_36;1;1
CORD_ORD_276;PROD_37;1;1
CORD_ORD_276;PROD_42;1;1
CORD_ORD_276;PROD_44;1;1
CORD_ORD_276;PROD_45;1;1
CORD_ORD_276;PROD_46;1;1
CORD_ORD_276;PROD_49;1;1
CORD_ORD_276;PROD_5;1;1
CORD_ORD_276;PROD_7;1;1
CORD_ORD_276;PROD_9;1;1
CORD_ORD_277;PROD_1;1;1
CORD_ORD_277;PROD_10;1;1
CORD_ORD_277;PROD_17;1;1
CORD_ORD_277;PROD_19;1;1
CORD_ORD_277;PROD_29;1;1
CORD_ORD_277;PROD_3;1;1
CORD_ORD_277;PROD_30;1;1
CORD_ORD_277;PROD_31;1;1
CORD_ORD_277;PROD_34;1;1
CORD_ORD_277;PROD_35;1;1
CORD_ORD_277;PROD_41;1;1
CORD_ORD_277;PROD_43;1;1
CORD_ORD_277;PROD_45;1;1
CORD_ORD_277;PROD_5;1;1
CORD_ORD_277;PROD_7;1;1
CORD_ORD_277;PROD_8;1;1
CORD_ORD_278;PROD_10;1;1
CORD_ORD_278;PROD_11;1;1
CORD_ORD_278;PROD_15;1;1
CORD_ORD_278;PROD_20;1;1
CORD_ORD_278;PROD_21;1;1
CORD_ORD_278;PROD_22;1;1
CORD_ORD_278;PROD_24;1;1
CORD_ORD_278;PROD_27;1;1
CORD_ORD_278;PROD_28;1;1
CORD_ORD_278;PROD_29;1;1
CORD_ORD_278;PROD_30;1;1
CORD_ORD_278;PROD_31;1;1
CORD_ORD_278;PROD_32;1;1
CORD_ORD_278;PROD_36;1;1
CORD_ORD_278;PROD_37;1;1
CORD_ORD_278;PROD_38;1;1
CORD_ORD_278;PROD_39;1;1
CORD_ORD_278;PROD_4;1;1
CORD_ORD_278;PROD_43;1;1
CORD_ORD_278;PROD_44;1;1
CORD_ORD_278;PROD_46;1;1
CORD_ORD_278;PROD_48;1;1
CORD_ORD_278;PROD_49;1;1
CORD_ORD_278;PROD_8;1;1
CORD_ORD_279;PROD_1;1;1
CORD_ORD_279;PROD_10;1;1
CORD_ORD_279;PROD_11;1;1
CORD_ORD_279;PROD_14;1;1
CORD_ORD_279;PROD_15;1;1
CORD_ORD_279;PROD_16;1;1
CORD_ORD_279;PROD_19;1;1
CORD_ORD_279;PROD_21;1;1
CORD_ORD_279;PROD_24;1;1
CORD_ORD_279;PROD_25;1;1
CORD_ORD_279;PROD_3;1;1
CORD_ORD_279;PROD_32;1;1
CORD_ORD_279;PROD_36;1;1
CORD_ORD_279;PROD_37;1;1
CORD_ORD_279;PROD_43;1;1
CORD_ORD_279;PROD_44;1;1
CORD_ORD_279;PROD_45;1;1
CORD_ORD_279;PROD_46;1;1
CORD_ORD_279;PROD_48;1;1
CORD_ORD_279;PROD_50;1;1
CORD_ORD_279;PROD_6;1;1
CORD_ORD_279;PROD_9;1;1
CORD_ORD_280;PROD_1;1;1
CORD_ORD_280;PROD_11;1;1
CORD_ORD_280;PROD_16;1;1
CORD_ORD_280;PROD_18;1;1
CORD_ORD_280;PROD_2;1;1
CORD_ORD_280;PROD_20;1;1
CORD_ORD_280;PROD_21;1;1
CORD_ORD_280;PROD_23;1;1
CORD_ORD_280;PROD_24;1;1
CORD_ORD_280;PROD_25;1;1
CORD_ORD_280;PROD_29;1;1
CORD_ORD_280;PROD_3;1;1
CORD_ORD_280;PROD_31;1;1
CORD_ORD_280;PROD_37;1;1
CORD_ORD_280;PROD_39;1;1
CORD_ORD_280;PROD_40;1;1
CORD_ORD_280;PROD_42;1;1
CORD_ORD_280;PROD_44;1;1
CORD_ORD_280;PROD_47;1;1
CORD_ORD_280;PROD_48;1;1
CORD_ORD_281;PROD_13;1;1
CORD_ORD_281;PROD_20;1;1
CORD_ORD_281;PROD_29;1;1
CORD_ORD_281;PROD_30;1;1
CORD_ORD_281;PROD_31;1;1
CORD_ORD_281;PROD_33;1;1
CORD_ORD_281;PROD_34;1;1
CORD_ORD_281;PROD_35;1;1
CORD_ORD_281;PROD_37;1;1
CORD_ORD_281;PROD_39;1;1
CORD_ORD_281;PROD_44;1;1
CORD_ORD_281;PROD_5;1;1
CORD_ORD_281;PROD_7;1;1
CORD_ORD_281;PROD_8;1;1
CORD_ORD_282;PROD_20;1;1
CORD_ORD_282;PROD_23;1;1
CORD_ORD_282;PROD_30;1;1
CORD_ORD_282;PROD_36;1;1
CORD_ORD_282;PROD_37;1;1
CORD_ORD_282;PROD_38;1;1
CORD_ORD_282;PROD_39;1;1
CORD_ORD_282;PROD_4;1;1
CORD_ORD_282;PROD_42;1;1
CORD_ORD_282;PROD_44;1;1
CORD_ORD_282;PROD_46;1;1
CORD_ORD_282;PROD_8;1;1
CORD_ORD_283;PROD_10;1;1
CORD_ORD_283;PROD_11;1;1
CORD_ORD_283;PROD_20;1;1
CORD_ORD_283;PROD_30;1;1
CORD_ORD_283;PROD_36;1;1
CORD_ORD_283;PROD_38;1;1
CORD_ORD_283;PROD_39;1;1
CORD_ORD_283;PROD_4;1;1
CORD_ORD_283;PROD_43;1;1
CORD_ORD_283;PROD_46;1;1
CORD_ORD_283;PROD_48;1;1
CORD_ORD_283;PROD_50;1;1
CORD_ORD_283;PROD_6;1;1
CORD_ORD_283;PROD_8;1;1
CORD_ORD_284;PROD_1;1;1
CORD_ORD_284;PROD_10;1;1
CORD_ORD_284;PROD_13;1;1
CORD_ORD_284;PROD_15;1;1
CORD_ORD_284;PROD_20;1;1
CORD_ORD_284;PROD_22;1;1
CORD_ORD_284;PROD_27;1;1
CORD_ORD_284;PROD_28;1;1
CORD_ORD_284;PROD_3;1;1
CORD_ORD_284;PROD_30;1;1
CORD_ORD_284;PROD_32;1;1
CORD_ORD_284;PROD_33;1;1
CORD_ORD_284;PROD_36;1;1
CORD_ORD_284;PROD_38;1;1
CORD_ORD_284;PROD_39;1;1
CORD_ORD_284;PROD_4;1;1
CORD_ORD_284;PROD_43;1;1
CORD_ORD_284;PROD_46;1;1
CORD_ORD_284;PROD_49;1;1
CORD_ORD_284;PROD_8;1;1
CORD_ORD_285;PROD_1;1;1
CORD_ORD_285;PROD_10;1;1
CORD_ORD_285;PROD_11;1;1
CORD_ORD_285;PROD_12;1;1
CORD_ORD_285;PROD_13;1;1
CORD_ORD_285;PROD_14;1;1
CORD_ORD_285;PROD_19;1;1
CORD_ORD_285;PROD_20;1;1
CORD_ORD_285;PROD_26;1;1
CORD_ORD_285;PROD_3;1;1
CORD_ORD_285;PROD_33;1;1
CORD_ORD_285;PROD_35;1;1
CORD_ORD_285;PROD_37;1;1
CORD_ORD_285;PROD_38;1;1
CORD_ORD_285;PROD_39;1;1
CORD_ORD_285;PROD_4;1;1
CORD_ORD_285;PROD_43;1;1
CORD_ORD_285;PROD_44;1;1
CORD_ORD_285;PROD_45;1;1
CORD_ORD_285;PROD_48;1;1
CORD_ORD_285;PROD_7;1;1
CORD_ORD_285;PROD_9;1;1
CORD_ORD_286;PROD_14;1;1
CORD_ORD_286;PROD_18;1;1
CORD_ORD_286;PROD_19;1;1
CORD_ORD_286;PROD_2;1;1
CORD_ORD_286;PROD_21;1;1
CORD_ORD_286;PROD_23;1;1
CORD_ORD_286;PROD_24;1;1
CORD_ORD_286;PROD_27;1;1
CORD_ORD_286;PROD_37;1;1
CORD_ORD_286;PROD_38;1;1
CORD_ORD_286;PROD_4;1;1
CORD_ORD_286;PROD_42;1;1
CORD_ORD_286;PROD_44;1;1
CORD_ORD_286;PROD_45;1;1
CORD_ORD_286;PROD_49;1;1
CORD_ORD_286;PROD_9;1;1
CORD_ORD_287;PROD_10;1;1
CORD_ORD_287;PROD_14;1;1
CORD_ORD_287;PROD_29;1;1
CORD_ORD_287;PROD_30;1;1
CORD_ORD_287;PROD_31;1;1
CORD_ORD_287;PROD_35;1;1
CORD_ORD_287;PROD_36;1;1
CORD_ORD_287;PROD_43;1;1
CORD_ORD_287;PROD_46;1;1
CORD_ORD_287;PROD_7;1;1
CORD_ORD_287;PROD_8;1;1
CORD_ORD_287;PROD_9;1;1
CORD_ORD_288;PROD_15;1;1
CORD_ORD_288;PROD_18;1;1
CORD_ORD_288;PROD_2;1;1
CORD_ORD_288;PROD_22;1;1
CORD_ORD_288;PROD_28;1;1
CORD_ORD_288;PROD_29;1;1
CORD_ORD_288;PROD_31;1;1
CORD_ORD_288;PROD_32;1;1
CORD_ORD_288;PROD_50;1;1
CORD_ORD_288;PROD_6;1;1
CORD_ORD_289;PROD_12;1;1
CORD_ORD_289;PROD_16;1;1
CORD_ORD_289;PROD_19;1;1
CORD_ORD_289;PROD_22;1;1
CORD_ORD_289;PROD_25;1;1
CORD_ORD_289;PROD_26;1;1
CORD_ORD_289;PROD_28;1;1
CORD_ORD_289;PROD_29;1;1
CORD_ORD_289;PROD_31;1;1
CORD_ORD_289;PROD_34;1;1
CORD_ORD_289;PROD_38;1;1
CORD_ORD_289;PROD_4;1;1
CORD_ORD_289;PROD_40;1;1
CORD_ORD_289;PROD_45;1;1
CORD_ORD_289;PROD_47;1;1
CORD_ORD_289;PROD_5;1;1
CORD_ORD_290;PROD_10;1;1
CORD_ORD_290;PROD_12;1;1
CORD_ORD_290;PROD_13;1;1
CORD_ORD_290;PROD_16;1;1
CORD_ORD_290;PROD_17;1;1
CORD_ORD_290;PROD_19;1;1
CORD_ORD_290;PROD_20;1;1
CORD_ORD_290;PROD_22;1;1
CORD_ORD_290;PROD_25;1;1
CORD_ORD_290;PROD_26;1;1
CORD_ORD_290;PROD_28;1;1
CORD_ORD_290;PROD_33;1;1
CORD_ORD_290;PROD_38;1;1
CORD_ORD_290;PROD_39;1;1
CORD_ORD_290;PROD_4;1;1
CORD_ORD_290;PROD_41;1;1
CORD_ORD_290;PROD_43;1;1
CORD_ORD_290;PROD_45;1;1
CORD_ORD_291;PROD_14;1;1
CORD_ORD_291;PROD_15;1;1
CORD_ORD_291;PROD_16;1;1
CORD_ORD_291;PROD_19;1;1
CORD_ORD_291;PROD_21;1;1
CORD_ORD_291;PROD_22;1;1
CORD_ORD_291;PROD_24;1;1
CORD_ORD_291;PROD_25;1;1
CORD_ORD_291;PROD_28;1;1
CORD_ORD_291;PROD_30;1;1
CORD_ORD_291;PROD_32;1;1
CORD_ORD_291;PROD_35;1;1
CORD_ORD_291;PROD_37;1;1
CORD_ORD_291;PROD_44;1;1
CORD_ORD_291;PROD_45;1;1
CORD_ORD_291;PROD_7;1;1
CORD_ORD_291;PROD_8;1;1
CORD_ORD_291;PROD_9;1;1
CORD_ORD_292;PROD_11;1;1
CORD_ORD_292;PROD_12;1;1
CORD_ORD_292;PROD_16;1;1
CORD_ORD_292;PROD_18;1;1
CORD_ORD_292;PROD_19;1;1
CORD_ORD_292;PROD_2;1;1
CORD_ORD_292;PROD_23;1;1
CORD_ORD_292;PROD_25;1;1
CORD_ORD_292;PROD_26;1;1
CORD_ORD_292;PROD_34;1;1
CORD_ORD_292;PROD_36;1;1
CORD_ORD_292;PROD_37;1;1
CORD_ORD_292;PROD_42;1;1
CORD_ORD_292;PROD_44;1;1
CORD_ORD_292;PROD_45;1;1
CORD_ORD_292;PROD_46;1;1
CORD_ORD_292;PROD_48;1;1
CORD_ORD_292;PROD_5;1;1
CORD_ORD_292;PROD_50;1;1
CORD_ORD_292;PROD_6;1;1
CORD_ORD_293;PROD_1;1;1
CORD_ORD_293;PROD_16;1;1
CORD_ORD_293;PROD_20;1;1
CORD_ORD_293;PROD_25;1;1
CORD_ORD_293;PROD_3;1;1
CORD_ORD_293;PROD_30;1;1
CORD_ORD_293;PROD_36;1;1
CORD_ORD_293;PROD_38;1;1
CORD_ORD_293;PROD_39;1;1
CORD_ORD_293;PROD_4;1;1
CORD_ORD_293;PROD_40;1;1
CORD_ORD_293;PROD_46;1;1
CORD_ORD_293;PROD_47;1;1
CORD_ORD_293;PROD_50;1;1
CORD_ORD_293;PROD_6;1;1
CORD_ORD_293;PROD_8;1;1
CORD_ORD_294;PROD_11;1;1
CORD_ORD_294;PROD_13;1;1
CORD_ORD_294;PROD_19;1;1
CORD_ORD_294;PROD_33;1;1
CORD_ORD_294;PROD_37;1;1
CORD_ORD_294;PROD_44;1;1
CORD_ORD_294;PROD_45;1;1
CORD_ORD_294;PROD_48;1;1
CORD_ORD_295;PROD_20;1;1
CORD_ORD_295;PROD_30;1;1
CORD_ORD_295;PROD_36;1;1
CORD_ORD_295;PROD_38;1;1
CORD_ORD_295;PROD_39;1;1
CORD_ORD_295;PROD_4;1;1
CORD_ORD_295;PROD_46;1;1
CORD_ORD_295;PROD_8;1;1
CORD_ORD_296;PROD_1;1;1
CORD_ORD_296;PROD_10;1;1
CORD_ORD_296;PROD_13;1;1
CORD_ORD_296;PROD_16;1;1
CORD_ORD_296;PROD_18;1;1
CORD_ORD_296;PROD_2;1;1
CORD_ORD_296;PROD_25;1;1
CORD_ORD_296;PROD_3;1;1
CORD_ORD_296;PROD_30;1;1
CORD_ORD_296;PROD_33;1;1
CORD_ORD_296;PROD_36;1;1
CORD_ORD_296;PROD_37;1;1
CORD_ORD_296;PROD_40;1;1
CORD_ORD_296;PROD_43;1;1
CORD_ORD_296;PROD_44;1;1
CORD_ORD_296;PROD_46;1;1
CORD_ORD_296;PROD_47;1;1
CORD_ORD_296;PROD_8;1;1
CORD_ORD_297;PROD_1;1;1
CORD_ORD_297;PROD_12;1;1
CORD_ORD_297;PROD_18;1;1
CORD_ORD_297;PROD_2;1;1
CORD_ORD_297;PROD_20;1;1
CORD_ORD_297;PROD_21;1;1
CORD_ORD_297;PROD_22;1;1
CORD_ORD_297;PROD_23;1;1
CORD_ORD_297;PROD_24;1;1
CORD_ORD_297;PROD_26;1;1
CORD_ORD_297;PROD_27;1;1
CORD_ORD_297;PROD_28;1;1
CORD_ORD_297;PROD_3;1;1
CORD_ORD_297;PROD_30;1;1
CORD_ORD_297;PROD_35;1;1
CORD_ORD_297;PROD_36;1;1
CORD_ORD_297;PROD_37;1;1
CORD_ORD_297;PROD_39;1;1
CORD_ORD_297;PROD_40;1;1
CORD_ORD_297;PROD_42;1;1
CORD_ORD_297;PROD_44;1;1
CORD_ORD_297;PROD_46;1;1
CORD_ORD_297;PROD_47;1;1
CORD_ORD_297;PROD_49;1;1
CORD_ORD_297;PROD_7;1;1
CORD_ORD_297;PROD_8;1;1
CORD_ORD_298;PROD_11;1;1
CORD_ORD_298;PROD_13;1;1
CORD_ORD_298;PROD_14;1;1
CORD_ORD_298;PROD_19;1;1
CORD_ORD_298;PROD_33;1;1
CORD_ORD_298;PROD_38;1;1
CORD_ORD_298;PROD_4;1;1
CORD_ORD_298;PROD_45;1;1
CORD_ORD_298;PROD_48;1;1
CORD_ORD_298;PROD_9;1;1
CORD_ORD_299;PROD_1;1;1
CORD_ORD_299;PROD_10;1;1
CORD_ORD_299;PROD_13;1;1
CORD_ORD_299;PROD_15;1;1
CORD_ORD_299;PROD_18;1;1
CORD_ORD_299;PROD_2;1;1
CORD_ORD_299;PROD_27;1;1
CORD_ORD_299;PROD_3;1;1
CORD_ORD_299;PROD_32;1;1
CORD_ORD_299;PROD_33;1;1
CORD_ORD_299;PROD_34;1;1
CORD_ORD_299;PROD_36;1;1
CORD_ORD_299;PROD_37;1;1
CORD_ORD_299;PROD_38;1;1
CORD_ORD_299;PROD_4;1;1
CORD_ORD_299;PROD_43;1;1
CORD_ORD_299;PROD_44;1;1
CORD_ORD_299;PROD_46;1;1
CORD_ORD_299;PROD_49;1;1
CORD_ORD_299;PROD_5;1;1
CORD_ORD_300;PROD_1;1;1
CORD_ORD_300;PROD_20;1;1
CORD_ORD_300;PROD_27;1;1
CORD_ORD_300;PROD_3;1;1
CORD_ORD_300;PROD_37;1;1
CORD_ORD_300;PROD_39;1;1
CORD_ORD_300;PROD_40;1;1
CORD_ORD_300;PROD_44;1;1
CORD_ORD_300;PROD_47;1;1
CORD_ORD_300;PROD_49;1;1
CORD_ORD_301;PROD_10;1;1
CORD_ORD_301;PROD_12;1;1
CORD_ORD_301;PROD_14;1;1
CORD_ORD_301;PROD_19;1;1
CORD_ORD_301;PROD_26;1;1
CORD_ORD_301;PROD_35;1;1
CORD_ORD_301;PROD_38;1;1
CORD_ORD_301;PROD_4;1;1
CORD_ORD_301;PROD_43;1;1
CORD_ORD_301;PROD_45;1;1
CORD_ORD_301;PROD_7;1;1
CORD_ORD_301;PROD_9;1;1
CORD_ORD_302;PROD_1;1;1
CORD_ORD_302;PROD_10;1;1
CORD_ORD_302;PROD_14;1;1
CORD_ORD_302;PROD_16;1;1
CORD_ORD_302;PROD_17;1;1
CORD_ORD_302;PROD_18;1;1
CORD_ORD_302;PROD_2;1;1
CORD_ORD_302;PROD_22;1;1
CORD_ORD_302;PROD_25;1;1
CORD_ORD_302;PROD_28;1;1
CORD_ORD_302;PROD_3;1;1
CORD_ORD_302;PROD_35;1;1
CORD_ORD_302;PROD_38;1;1
CORD_ORD_302;PROD_4;1;1
CORD_ORD_302;PROD_41;1;1
CORD_ORD_302;PROD_43;1;1
CORD_ORD_302;PROD_7;1;1
CORD_ORD_302;PROD_9;1;1
CORD_ORD_303;PROD_12;1;1
CORD_ORD_303;PROD_15;1;1
CORD_ORD_303;PROD_19;1;1
CORD_ORD_303;PROD_22;1;1
CORD_ORD_303;PROD_23;1;1
CORD_ORD_303;PROD_26;1;1
CORD_ORD_303;PROD_28;1;1
CORD_ORD_303;PROD_29;1;1
CORD_ORD_303;PROD_31;1;1
CORD_ORD_303;PROD_32;1;1
CORD_ORD_303;PROD_42;1;1
CORD_ORD_303;PROD_45;1;1
CORD_ORD_303;PROD_50;1;1
CORD_ORD_303;PROD_6;1;1
CORD_ORD_304;PROD_10;1;1
CORD_ORD_304;PROD_21;1;1
CORD_ORD_304;PROD_24;1;1
CORD_ORD_304;PROD_29;1;1
CORD_ORD_304;PROD_30;1;1
CORD_ORD_304;PROD_31;1;1
CORD_ORD_304;PROD_34;1;1
CORD_ORD_304;PROD_43;1;1
CORD_ORD_304;PROD_5;1;1
CORD_ORD_304;PROD_8;1;1
CORD_ORD_305;PROD_10;1;1
CORD_ORD_305;PROD_12;1;1
CORD_ORD_305;PROD_21;1;1
CORD_ORD_305;PROD_23;1;1
CORD_ORD_305;PROD_24;1;1
CORD_ORD_305;PROD_26;1;1
CORD_ORD_305;PROD_36;1;1
CORD_ORD_305;PROD_37;1;1
CORD_ORD_305;PROD_42;1;1
CORD_ORD_305;PROD_43;1;1
CORD_ORD_305;PROD_44;1;1
CORD_ORD_305;PROD_46;1;1
CORD_ORD_306;PROD_10;1;1
CORD_ORD_306;PROD_11;1;1
CORD_ORD_306;PROD_12;1;1
CORD_ORD_306;PROD_14;1;1
CORD_ORD_306;PROD_17;1;1
CORD_ORD_306;PROD_18;1;1
CORD_ORD_306;PROD_2;1;1
CORD_ORD_306;PROD_20;1;1
CORD_ORD_306;PROD_23;1;1
CORD_ORD_306;PROD_26;1;1
CORD_ORD_306;PROD_29;1;1
CORD_ORD_306;PROD_30;1;1
CORD_ORD_306;PROD_31;1;1
CORD_ORD_306;PROD_36;1;1
CORD_ORD_306;PROD_39;1;1
CORD_ORD_306;PROD_40;1;1
CORD_ORD_306;PROD_41;1;1
CORD_ORD_306;PROD_42;1;1
CORD_ORD_306;PROD_43;1;1
CORD_ORD_306;PROD_46;1;1
CORD_ORD_306;PROD_47;1;1
CORD_ORD_306;PROD_48;1;1
CORD_ORD_306;PROD_8;1;1
CORD_ORD_306;PROD_9;1;1
CORD_ORD_307;PROD_10;1;1
CORD_ORD_307;PROD_15;1;1
CORD_ORD_307;PROD_18;1;1
CORD_ORD_307;PROD_2;1;1
CORD_ORD_307;PROD_29;1;1
CORD_ORD_307;PROD_30;1;1
CORD_ORD_307;PROD_31;1;1
CORD_ORD_307;PROD_32;1;1
CORD_ORD_307;PROD_34;1;1
CORD_ORD_307;PROD_35;1;1
CORD_ORD_307;PROD_38;1;1
CORD_ORD_307;PROD_4;1;1
CORD_ORD_307;PROD_43;1;1
CORD_ORD_307;PROD_5;1;1
CORD_ORD_307;PROD_50;1;1
CORD_ORD_307;PROD_6;1;1
CORD_ORD_307;PROD_7;1;1
CORD_ORD_307;PROD_8;1;1
CORD_ORD_308;PROD_10;1;1
CORD_ORD_308;PROD_12;1;1
CORD_ORD_308;PROD_14;1;1
CORD_ORD_308;PROD_17;1;1
CORD_ORD_308;PROD_18;1;1
CORD_ORD_308;PROD_2;1;1
CORD_ORD_308;PROD_23;1;1
CORD_ORD_308;PROD_26;1;1
CORD_ORD_308;PROD_27;1;1
CORD_ORD_308;PROD_29;1;1
CORD_ORD_308;PROD_30;1;1
CORD_ORD_308;PROD_31;1;1
CORD_ORD_308;PROD_38;1;1
CORD_ORD_308;PROD_4;1;1
CORD_ORD_308;PROD_41;1;1
CORD_ORD_308;PROD_42;1;1
CORD_ORD_308;PROD_43;1;1
CORD_ORD_308;PROD_49;1;1
CORD_ORD_308;PROD_50;1;1
CORD_ORD_308;PROD_6;1;1
CORD_ORD_308;PROD_8;1;1
CORD_ORD_308;PROD_9;1;1
CORD_ORD_309;PROD_12;1;1
CORD_ORD_309;PROD_15;1;1
CORD_ORD_309;PROD_19;1;1
CORD_ORD_309;PROD_20;1;1
CORD_ORD_309;PROD_26;1;1
CORD_ORD_309;PROD_32;1;1
CORD_ORD_309;PROD_35;1;1
CORD_ORD_309;PROD_39;1;1
CORD_ORD_309;PROD_45;1;1
CORD_ORD_309;PROD_7;1;1
CORD_ORD_310;PROD_1;1;1
CORD_ORD_310;PROD_10;1;1
CORD_ORD_310;PROD_3;1;1
CORD_ORD_310;PROD_30;1;1
CORD_ORD_310;PROD_36;1;1
CORD_ORD_310;PROD_43;1;1
CORD_ORD_310;PROD_46;1;1
CORD_ORD_310;PROD_8;1;1
CORD_ORD_311;PROD_1;1;1
CORD_ORD_311;PROD_11;1;1
CORD_ORD_311;PROD_12;1;1
CORD_ORD_311;PROD_13;1;1
CORD_ORD_311;PROD_18;1;1
CORD_ORD_311;PROD_2;1;1
CORD_ORD_311;PROD_21;1;1
CORD_ORD_311;PROD_24;1;1
CORD_ORD_311;PROD_26;1;1
CORD_ORD_311;PROD_3;1;1
CORD_ORD_311;PROD_30;1;1
CORD_ORD_311;PROD_33;1;1
CORD_ORD_311;PROD_34;1;1
CORD_ORD_311;PROD_48;1;1
CORD_ORD_311;PROD_5;1;1
CORD_ORD_311;PROD_8;1;1
CORD_ORD_312;PROD_18;1;1
CORD_ORD_312;PROD_19;1;1
CORD_ORD_312;PROD_2;1;1
CORD_ORD_312;PROD_20;1;1
CORD_ORD_312;PROD_29;1;1
CORD_ORD_312;PROD_31;1;1
CORD_ORD_312;PROD_37;1;1
CORD_ORD_312;PROD_38;1;1
CORD_ORD_312;PROD_39;1;1
CORD_ORD_312;PROD_4;1;1
CORD_ORD_312;PROD_40;1;1
CORD_ORD_312;PROD_44;1;1
CORD_ORD_312;PROD_45;1;1
CORD_ORD_312;PROD_47;1;1
CORD_ORD_313;PROD_1;1;1
CORD_ORD_313;PROD_14;1;1
CORD_ORD_313;PROD_16;1;1
CORD_ORD_313;PROD_25;1;1
CORD_ORD_313;PROD_3;1;1
CORD_ORD_313;PROD_30;1;1
CORD_ORD_313;PROD_38;1;1
CORD_ORD_313;PROD_4;1;1
CORD_ORD_313;PROD_8;1;1
CORD_ORD_313;PROD_9;1;1
CORD_ORD_314;PROD_10;1;1
CORD_ORD_314;PROD_11;1;1
CORD_ORD_314;PROD_15;1;1
CORD_ORD_314;PROD_17;1;1
CORD_ORD_314;PROD_32;1;1
CORD_ORD_314;PROD_34;1;1
CORD_ORD_314;PROD_38;1;1
CORD_ORD_314;PROD_4;1;1
CORD_ORD_314;PROD_41;1;1
CORD_ORD_314;PROD_43;1;1
CORD_ORD_314;PROD_48;1;1
CORD_ORD_314;PROD_5;1;1
CORD_ORD_315;PROD_1;1;1
CORD_ORD_315;PROD_10;1;1
CORD_ORD_315;PROD_11;1;1
CORD_ORD_315;PROD_12;1;1
CORD_ORD_315;PROD_13;1;1
CORD_ORD_315;PROD_14;1;1
CORD_ORD_315;PROD_17;1;1
CORD_ORD_315;PROD_23;1;1
CORD_ORD_315;PROD_26;1;1
CORD_ORD_315;PROD_3;1;1
CORD_ORD_315;PROD_33;1;1
CORD_ORD_315;PROD_34;1;1
CORD_ORD_315;PROD_35;1;1
CORD_ORD_315;PROD_41;1;1
CORD_ORD_315;PROD_42;1;1
CORD_ORD_315;PROD_43;1;1
CORD_ORD_315;PROD_48;1;1
CORD_ORD_315;PROD_5;1;1
CORD_ORD_315;PROD_50;1;1
CORD_ORD_315;PROD_6;1;1
CORD_ORD_315;PROD_7;1;1
CORD_ORD_315;PROD_9;1;1
CORD_ORD_316;PROD_10;1;1
CORD_ORD_316;PROD_11;1;1
CORD_ORD_316;PROD_13;1;1
CORD_ORD_316;PROD_14;1;1
CORD_ORD_316;PROD_17;1;1
CORD_ORD_316;PROD_19;1;1
CORD_ORD_316;PROD_33;1;1
CORD_ORD_316;PROD_37;1;1
CORD_ORD_316;PROD_41;1;1
CORD_ORD_316;PROD_43;1;1
CORD_ORD_316;PROD_44;1;1
CORD_ORD_316;PROD_45;1;1
CORD_ORD_316;PROD_48;1;1
CORD_ORD_316;PROD_9;1;1
CORD_ORD_317;PROD_11;1;1
CORD_ORD_317;PROD_14;1;1
CORD_ORD_317;PROD_18;1;1
CORD_ORD_317;PROD_2;1;1
CORD_ORD_317;PROD_23;1;1
CORD_ORD_317;PROD_36;1;1
CORD_ORD_317;PROD_40;1;1
CORD_ORD_317;PROD_42;1;1
CORD_ORD_317;PROD_46;1;1
CORD_ORD_317;PROD_47;1;1
CORD_ORD_317;PROD_48;1;1
CORD_ORD_317;PROD_9;1;1
CORD_ORD_318;PROD_13;1;1
CORD_ORD_318;PROD_14;1;1
CORD_ORD_318;PROD_15;1;1
CORD_ORD_318;PROD_18;1;1
CORD_ORD_318;PROD_2;1;1
CORD_ORD_318;PROD_22;1;1
CORD_ORD_318;PROD_28;1;1
CORD_ORD_318;PROD_29;1;1
CORD_ORD_318;PROD_30;1;1
CORD_ORD_318;PROD_31;1;1
CORD_ORD_318;PROD_32;1;1
CORD_ORD_318;PROD_33;1;1
CORD_ORD_318;PROD_36;1;1
CORD_ORD_318;PROD_38;1;1
CORD_ORD_318;PROD_4;1;1
CORD_ORD_318;PROD_40;1;1
CORD_ORD_318;PROD_46;1;1
CORD_ORD_318;PROD_47;1;1
CORD_ORD_318;PROD_8;1;1
CORD_ORD_318;PROD_9;1;1
CORD_ORD_319;PROD_15;1;1
CORD_ORD_319;PROD_18;1;1
CORD_ORD_319;PROD_2;1;1
CORD_ORD_319;PROD_22;1;1
CORD_ORD_319;PROD_28;1;1
CORD_ORD_319;PROD_29;1;1
CORD_ORD_319;PROD_31;1;1
CORD_ORD_319;PROD_32;1;1
CORD_ORD_319;PROD_34;1;1
CORD_ORD_319;PROD_38;1;1
CORD_ORD_319;PROD_4;1;1
CORD_ORD_319;PROD_5;1;1
CORD_ORD_319;PROD_50;1;1
CORD_ORD_319;PROD_6;1;1
CORD_ORD_320;PROD_1;1;1
CORD_ORD_320;PROD_10;1;1
CORD_ORD_320;PROD_11;1;1
CORD_ORD_320;PROD_14;1;1
CORD_ORD_320;PROD_15;1;1
CORD_ORD_320;PROD_18;1;1
CORD_ORD_320;PROD_2;1;1
CORD_ORD_320;PROD_22;1;1
CORD_ORD_320;PROD_28;1;1
CORD_ORD_320;PROD_29;1;1
CORD_ORD_320;PROD_3;1;1
CORD_ORD_320;PROD_31;1;1
CORD_ORD_320;PROD_32;1;1
CORD_ORD_320;PROD_36;1;1
CORD_ORD_320;PROD_40;1;1
CORD_ORD_320;PROD_43;1;1
CORD_ORD_320;PROD_46;1;1
CORD_ORD_320;PROD_47;1;1
CORD_ORD_320;PROD_48;1;1
CORD_ORD_320;PROD_50;1;1
CORD_ORD_320;PROD_6;1;1
CORD_ORD_320;PROD_9;1;1
CORD_ORD_321;PROD_10;1;1
CORD_ORD_321;PROD_16;1;1
CORD_ORD_321;PROD_17;1;1
CORD_ORD_321;PROD_23;1;1
CORD_ORD_321;PROD_25;1;1
CORD_ORD_321;PROD_27;1;1
CORD_ORD_321;PROD_34;1;1
CORD_ORD_321;PROD_37;1;1
CORD_ORD_321;PROD_40;1;1
CORD_ORD_321;PROD_41;1;1
CORD_ORD_321;PROD_42;1;1
CORD_ORD_321;PROD_43;1;1
CORD_ORD_321;PROD_44;1;1
CORD_ORD_321;PROD_47;1;1
CORD_ORD_321;PROD_49;1;1
CORD_ORD_321;PROD_5;1;1
CORD_ORD_322;PROD_20;1;1
CORD_ORD_322;PROD_22;1;1
CORD_ORD_322;PROD_28;1;1
CORD_ORD_322;PROD_29;1;1
CORD_ORD_322;PROD_30;1;1
CORD_ORD_322;PROD_31;1;1
CORD_ORD_322;PROD_36;1;1
CORD_ORD_322;PROD_38;1;1
CORD_ORD_322;PROD_39;1;1
CORD_ORD_322;PROD_4;1;1
CORD_ORD_322;PROD_46;1;1
CORD_ORD_322;PROD_8;1;1
CORD_ORD_323;PROD_12;1;1
CORD_ORD_323;PROD_15;1;1
CORD_ORD_323;PROD_22;1;1
CORD_ORD_323;PROD_26;1;1
CORD_ORD_323;PROD_28;1;1
CORD_ORD_323;PROD_29;1;1
CORD_ORD_323;PROD_31;1;1
CORD_ORD_323;PROD_32;1;1
CORD_ORD_323;PROD_37;1;1
CORD_ORD_323;PROD_38;1;1
CORD_ORD_323;PROD_4;1;1
CORD_ORD_323;PROD_44;1;1
CORD_ORD_323;PROD_50;1;1
CORD_ORD_323;PROD_6;1;1
CORD_ORD_324;PROD_1;1;1
CORD_ORD_324;PROD_18;1;1
CORD_ORD_324;PROD_2;1;1
CORD_ORD_324;PROD_3;1;1
CORD_ORD_324;PROD_30;1;1
CORD_ORD_324;PROD_35;1;1
CORD_ORD_324;PROD_36;1;1
CORD_ORD_324;PROD_37;1;1
CORD_ORD_324;PROD_44;1;1
CORD_ORD_324;PROD_46;1;1
CORD_ORD_324;PROD_7;1;1
CORD_ORD_324;PROD_8;1;1
CORD_ORD_325;PROD_10;1;1
CORD_ORD_325;PROD_11;1;1
CORD_ORD_325;PROD_20;1;1
CORD_ORD_325;PROD_27;1;1
CORD_ORD_325;PROD_34;1;1
CORD_ORD_325;PROD_36;1;1
CORD_ORD_325;PROD_39;1;1
CORD_ORD_325;PROD_43;1;1
CORD_ORD_325;PROD_46;1;1
CORD_ORD_325;PROD_48;1;1
CORD_ORD_325;PROD_49;1;1
CORD_ORD_325;PROD_5;1;1
CORD_ORD_325;PROD_50;1;1
CORD_ORD_325;PROD_6;1;1
CORD_ORD_326;PROD_1;1;1
CORD_ORD_326;PROD_13;1;1
CORD_ORD_326;PROD_16;1;1
CORD_ORD_326;PROD_21;1;1
CORD_ORD_326;PROD_24;1;1
CORD_ORD_326;PROD_25;1;1
CORD_ORD_326;PROD_3;1;1
CORD_ORD_326;PROD_33;1;1
CORD_ORD_326;PROD_36;1;1
CORD_ORD_326;PROD_37;1;1
CORD_ORD_326;PROD_44;1;1
CORD_ORD_326;PROD_46;1;1
CORD_ORD_327;PROD_10;1;1
CORD_ORD_327;PROD_11;1;1
CORD_ORD_327;PROD_14;1;1
CORD_ORD_327;PROD_15;1;1
CORD_ORD_327;PROD_18;1;1
CORD_ORD_327;PROD_2;1;1
CORD_ORD_327;PROD_27;1;1
CORD_ORD_327;PROD_30;1;1
CORD_ORD_327;PROD_32;1;1
CORD_ORD_327;PROD_36;1;1
CORD_ORD_327;PROD_38;1;1
CORD_ORD_327;PROD_4;1;1
CORD_ORD_327;PROD_40;1;1
CORD_ORD_327;PROD_43;1;1
CORD_ORD_327;PROD_46;1;1
CORD_ORD_327;PROD_47;1;1
CORD_ORD_327;PROD_48;1;1
CORD_ORD_327;PROD_49;1;1
CORD_ORD_327;PROD_50;1;1
CORD_ORD_327;PROD_6;1;1
CORD_ORD_327;PROD_8;1;1
CORD_ORD_327;PROD_9;1;1
CORD_ORD_328;PROD_11;1;1
CORD_ORD_328;PROD_15;1;1
CORD_ORD_328;PROD_27;1;1
CORD_ORD_328;PROD_29;1;1
CORD_ORD_328;PROD_31;1;1
CORD_ORD_328;PROD_32;1;1
CORD_ORD_328;PROD_48;1;1
CORD_ORD_328;PROD_49;1;1
CORD_ORD_329;PROD_12;1;1
CORD_ORD_329;PROD_13;1;1
CORD_ORD_329;PROD_17;1;1
CORD_ORD_329;PROD_21;1;1
CORD_ORD_329;PROD_22;1;1
CORD_ORD_329;PROD_24;1;1
CORD_ORD_329;PROD_26;1;1
CORD_ORD_329;PROD_27;1;1
CORD_ORD_329;PROD_28;1;1
CORD_ORD_329;PROD_33;1;1
CORD_ORD_329;PROD_36;1;1
CORD_ORD_329;PROD_38;1;1
CORD_ORD_329;PROD_4;1;1
CORD_ORD_329;PROD_41;1;1
CORD_ORD_329;PROD_46;1;1
CORD_ORD_329;PROD_49;1;1
CORD_ORD_329;PROD_50;1;1
CORD_ORD_329;PROD_6;1;1
CORD_ORD_330;PROD_12;1;1
CORD_ORD_330;PROD_20;1;1
CORD_ORD_330;PROD_26;1;1
CORD_ORD_330;PROD_30;1;1
CORD_ORD_330;PROD_36;1;1
CORD_ORD_330;PROD_38;1;1
CORD_ORD_330;PROD_39;1;1
CORD_ORD_330;PROD_4;1;1
CORD_ORD_330;PROD_46;1;1
CORD_ORD_330;PROD_8;1;1
CORD_ORD_331;PROD_12;1;1
CORD_ORD_331;PROD_13;1;1
CORD_ORD_331;PROD_15;1;1
CORD_ORD_331;PROD_16;1;1
CORD_ORD_331;PROD_18;1;1
CORD_ORD_331;PROD_19;1;1
CORD_ORD_331;PROD_2;1;1
CORD_ORD_331;PROD_21;1;1
CORD_ORD_331;PROD_23;1;1
CORD_ORD_331;PROD_24;1;1
CORD_ORD_331;PROD_25;1;1
CORD_ORD_331;PROD_26;1;1
CORD_ORD_331;PROD_27;1;1
CORD_ORD_331;PROD_29;1;1
CORD_ORD_331;PROD_31;1;1
CORD_ORD_331;PROD_32;1;1
CORD_ORD_331;PROD_33;1;1
CORD_ORD_331;PROD_34;1;1
CORD_ORD_331;PROD_36;1;1
CORD_ORD_331;PROD_40;1;1
CORD_ORD_331;PROD_42;1;1
CORD_ORD_331;PROD_45;1;1
CORD_ORD_331;PROD_46;1;1
CORD_ORD_331;PROD_47;1;1
CORD_ORD_331;PROD_49;1;1
CORD_ORD_331;PROD_5;1;1
CORD_ORD_332;PROD_10;1;1
CORD_ORD_332;PROD_11;1;1
CORD_ORD_332;PROD_15;1;1
CORD_ORD_332;PROD_18;1;1
CORD_ORD_332;PROD_2;1;1
CORD_ORD_332;PROD_22;1;1
CORD_ORD_332;PROD_28;1;1
CORD_ORD_332;PROD_32;1;1
CORD_ORD_332;PROD_37;1;1
CORD_ORD_332;PROD_43;1;1
CORD_ORD_332;PROD_44;1;1
CORD_ORD_332;PROD_48;1;1
CORD_ORD_333;PROD_1;1;1
CORD_ORD_333;PROD_10;1;1
CORD_ORD_333;PROD_11;1;1
CORD_ORD_333;PROD_15;1;1
CORD_ORD_333;PROD_16;1;1
CORD_ORD_333;PROD_22;1;1
CORD_ORD_333;PROD_25;1;1
CORD_ORD_333;PROD_28;1;1
CORD_ORD_333;PROD_29;1;1
CORD_ORD_333;PROD_3;1;1
CORD_ORD_333;PROD_31;1;1
CORD_ORD_333;PROD_32;1;1
CORD_ORD_333;PROD_37;1;1
CORD_ORD_333;PROD_40;1;1
CORD_ORD_333;PROD_43;1;1
CORD_ORD_333;PROD_44;1;1
CORD_ORD_333;PROD_47;1;1
CORD_ORD_333;PROD_48;1;1
CORD_ORD_334;PROD_1;1;1
CORD_ORD_334;PROD_10;1;1
CORD_ORD_334;PROD_11;1;1
CORD_ORD_334;PROD_13;1;1
CORD_ORD_334;PROD_16;1;1
CORD_ORD_334;PROD_17;1;1
CORD_ORD_334;PROD_20;1;1
CORD_ORD_334;PROD_21;1;1
CORD_ORD_334;PROD_22;1;1
CORD_ORD_334;PROD_24;1;1
CORD_ORD_334;PROD_25;1;1
CORD_ORD_334;PROD_28;1;1
CORD_ORD_334;PROD_3;1;1
CORD_ORD_334;PROD_30;1;1
CORD_ORD_334;PROD_33;1;1
CORD_ORD_334;PROD_37;1;1
CORD_ORD_334;PROD_39;1;1
CORD_ORD_334;PROD_41;1;1
CORD_ORD_334;PROD_43;1;1
CORD_ORD_334;PROD_44;1;1
CORD_ORD_334;PROD_48;1;1
CORD_ORD_334;PROD_8;1;1
CORD_ORD_335;PROD_11;1;1
CORD_ORD_335;PROD_13;1;1
CORD_ORD_335;PROD_14;1;1
CORD_ORD_335;PROD_17;1;1
CORD_ORD_335;PROD_18;1;1
CORD_ORD_335;PROD_2;1;1
CORD_ORD_335;PROD_29;1;1
CORD_ORD_335;PROD_31;1;1
CORD_ORD_335;PROD_33;1;1
CORD_ORD_335;PROD_35;1;1
CORD_ORD_335;PROD_38;1;1
CORD_ORD_335;PROD_4;1;1
CORD_ORD_335;PROD_41;1;1
CORD_ORD_335;PROD_48;1;1
CORD_ORD_335;PROD_7;1;1
CORD_ORD_335;PROD_9;1;1
CORD_ORD_336;PROD_12;1;1
CORD_ORD_336;PROD_15;1;1
CORD_ORD_336;PROD_17;1;1
CORD_ORD_336;PROD_21;1;1
CORD_ORD_336;PROD_22;1;1
CORD_ORD_336;PROD_24;1;1
CORD_ORD_336;PROD_26;1;1
CORD_ORD_336;PROD_28;1;1
CORD_ORD_336;PROD_29;1;1
CORD_ORD_336;PROD_30;1;1
CORD_ORD_336;PROD_31;1;1
CORD_ORD_336;PROD_32;1;1
CORD_ORD_336;PROD_37;1;1
CORD_ORD_336;PROD_41;1;1
CORD_ORD_336;PROD_44;1;1
CORD_ORD_336;PROD_50;1;1
CORD_ORD_336;PROD_6;1;1
CORD_ORD_336;PROD_8;1;1
CORD_ORD_337;PROD_1;1;1
CORD_ORD_337;PROD_10;1;1
CORD_ORD_337;PROD_14;1;1
CORD_ORD_337;PROD_15;1;1
CORD_ORD_337;PROD_21;1;1
CORD_ORD_337;PROD_23;1;1
CORD_ORD_337;PROD_24;1;1
CORD_ORD_337;PROD_27;1;1
CORD_ORD_337;PROD_3;1;1
CORD_ORD_337;PROD_32;1;1
CORD_ORD_337;PROD_37;1;1
CORD_ORD_337;PROD_42;1;1
CORD_ORD_337;PROD_43;1;1
CORD_ORD_337;PROD_44;1;1
CORD_ORD_337;PROD_49;1;1
CORD_ORD_337;PROD_9;1;1
CORD_ORD_338;PROD_1;1;1
CORD_ORD_338;PROD_11;1;1
CORD_ORD_338;PROD_13;1;1
CORD_ORD_338;PROD_19;1;1
CORD_ORD_338;PROD_29;1;1
CORD_ORD_338;PROD_3;1;1
CORD_ORD_338;PROD_31;1;1
CORD_ORD_338;PROD_33;1;1
CORD_ORD_338;PROD_36;1;1
CORD_ORD_338;PROD_37;1;1
CORD_ORD_338;PROD_44;1;1
CORD_ORD_338;PROD_45;1;1
CORD_ORD_338;PROD_46;1;1
CORD_ORD_338;PROD_48;1;1
CORD_ORD_339;PROD_1;1;1
CORD_ORD_339;PROD_15;1;1
CORD_ORD_339;PROD_22;1;1
CORD_ORD_339;PROD_28;1;1
CORD_ORD_339;PROD_29;1;1
CORD_ORD_339;PROD_3;1;1
CORD_ORD_339;PROD_31;1;1
CORD_ORD_339;PROD_32;1;1
CORD_ORD_339;PROD_36;1;1
CORD_ORD_339;PROD_46;1;1
CORD_ORD_339;PROD_50;1;1
CORD_ORD_339;PROD_6;1;1
CORD_ORD_340;PROD_15;1;1
CORD_ORD_340;PROD_22;1;1
CORD_ORD_340;PROD_28;1;1
CORD_ORD_340;PROD_29;1;1
CORD_ORD_340;PROD_30;1;1
CORD_ORD_340;PROD_31;1;1
CORD_ORD_340;PROD_32;1;1
CORD_ORD_340;PROD_36;1;1
CORD_ORD_340;PROD_46;1;1
CORD_ORD_340;PROD_50;1;1
CORD_ORD_340;PROD_6;1;1
CORD_ORD_340;PROD_8;1;1
CORD_ORD_341;PROD_12;1;1
CORD_ORD_341;PROD_18;1;1
CORD_ORD_341;PROD_2;1;1
CORD_ORD_341;PROD_20;1;1
CORD_ORD_341;PROD_21;1;1
CORD_ORD_341;PROD_23;1;1
CORD_ORD_341;PROD_24;1;1
CORD_ORD_341;PROD_26;1;1
CORD_ORD_341;PROD_29;1;1
CORD_ORD_341;PROD_31;1;1
CORD_ORD_341;PROD_38;1;1
CORD_ORD_341;PROD_39;1;1
CORD_ORD_341;PROD_4;1;1
CORD_ORD_341;PROD_42;1;1
CORD_ORD_342;PROD_11;1;1
CORD_ORD_342;PROD_14;1;1
CORD_ORD_342;PROD_18;1;1
CORD_ORD_342;PROD_2;1;1
CORD_ORD_342;PROD_36;1;1
CORD_ORD_342;PROD_40;1;1
CORD_ORD_342;PROD_46;1;1
CORD_ORD_342;PROD_47;1;1
CORD_ORD_342;PROD_48;1;1
CORD_ORD_342;PROD_9;1;1
CORD_ORD_343;PROD_1;1;1
CORD_ORD_343;PROD_11;1;1
CORD_ORD_343;PROD_13;1;1
CORD_ORD_343;PROD_16;1;1
CORD_ORD_343;PROD_17;1;1
CORD_ORD_343;PROD_18;1;1
CORD_ORD_343;PROD_2;1;1
CORD_ORD_343;PROD_21;1;1
CORD_ORD_343;PROD_22;1;1
CORD_ORD_343;PROD_23;1;1
CORD_ORD_343;PROD_24;1;1
CORD_ORD_343;PROD_25;1;1
CORD_ORD_343;PROD_28;1;1
CORD_ORD_343;PROD_3;1;1
CORD_ORD_343;PROD_33;1;1
CORD_ORD_343;PROD_36;1;1
CORD_ORD_343;PROD_37;1;1
CORD_ORD_343;PROD_41;1;1
CORD_ORD_343;PROD_42;1;1
CORD_ORD_343;PROD_44;1;1
CORD_ORD_343;PROD_46;1;1
CORD_ORD_343;PROD_48;1;1
CORD_ORD_344;PROD_11;1;1
CORD_ORD_344;PROD_12;1;1
CORD_ORD_344;PROD_14;1;1
CORD_ORD_344;PROD_18;1;1
CORD_ORD_344;PROD_2;1;1
CORD_ORD_344;PROD_26;1;1
CORD_ORD_344;PROD_36;1;1
CORD_ORD_344;PROD_38;1;1
CORD_ORD_344;PROD_4;1;1
CORD_ORD_344;PROD_46;1;1
CORD_ORD_344;PROD_48;1;1
CORD_ORD_344;PROD_9;1;1
CORD_ORD_345;PROD_1;1;1
CORD_ORD_345;PROD_10;1;1
CORD_ORD_345;PROD_14;1;1
CORD_ORD_345;PROD_21;1;1
CORD_ORD_345;PROD_23;1;1
CORD_ORD_345;PROD_24;1;1
CORD_ORD_345;PROD_3;1;1
CORD_ORD_345;PROD_35;1;1
CORD_ORD_345;PROD_37;1;1
CORD_ORD_345;PROD_42;1;1
CORD_ORD_345;PROD_43;1;1
CORD_ORD_345;PROD_44;1;1
CORD_ORD_345;PROD_7;1;1
CORD_ORD_345;PROD_9;1;1
CORD_ORD_346;PROD_10;1;1
CORD_ORD_346;PROD_29;1;1
CORD_ORD_346;PROD_30;1;1
CORD_ORD_346;PROD_31;1;1
CORD_ORD_346;PROD_38;1;1
CORD_ORD_346;PROD_4;1;1
CORD_ORD_346;PROD_43;1;1
CORD_ORD_346;PROD_8;1;1
CORD_ORD_347;PROD_1;1;1
CORD_ORD_347;PROD_10;1;1
CORD_ORD_347;PROD_12;1;1
CORD_ORD_347;PROD_13;1;1
CORD_ORD_347;PROD_15;1;1
CORD_ORD_347;PROD_16;1;1
CORD_ORD_347;PROD_18;1;1
CORD_ORD_347;PROD_2;1;1
CORD_ORD_347;PROD_21;1;1
CORD_ORD_347;PROD_24;1;1
CORD_ORD_347;PROD_25;1;1
CORD_ORD_347;PROD_26;1;1
CORD_ORD_347;PROD_3;1;1
CORD_ORD_347;PROD_30;1;1
CORD_ORD_347;PROD_32;1;1
CORD_ORD_347;PROD_33;1;1
CORD_ORD_347;PROD_43;1;1
CORD_ORD_347;PROD_8;1;1
CORD_ORD_348;PROD_1;1;1
CORD_ORD_348;PROD_11;1;1
CORD_ORD_348;PROD_15;1;1
CORD_ORD_348;PROD_27;1;1
CORD_ORD_348;PROD_29;1;1
CORD_ORD_348;PROD_3;1;1
CORD_ORD_348;PROD_31;1;1
CORD_ORD_348;PROD_32;1;1
CORD_ORD_348;PROD_48;1;1
CORD_ORD_348;PROD_49;1;1
CORD_ORD_349;PROD_1;1;1
CORD_ORD_349;PROD_12;1;1
CORD_ORD_349;PROD_15;1;1
CORD_ORD_349;PROD_16;1;1
CORD_ORD_349;PROD_17;1;1
CORD_ORD_349;PROD_20;1;1
CORD_ORD_349;PROD_25;1;1
CORD_ORD_349;PROD_26;1;1
CORD_ORD_349;PROD_29;1;1
CORD_ORD_349;PROD_3;1;1
CORD_ORD_349;PROD_31;1;1
CORD_ORD_349;PROD_32;1;1
CORD_ORD_349;PROD_36;1;1
CORD_ORD_349;PROD_37;1;1
CORD_ORD_349;PROD_39;1;1
CORD_ORD_349;PROD_41;1;1
CORD_ORD_349;PROD_44;1;1
CORD_ORD_349;PROD_46;1;1
CORD_ORD_349;PROD_50;1;1
CORD_ORD_349;PROD_6;1;1
CORD_ORD_350;PROD_11;1;1
CORD_ORD_350;PROD_12;1;1
CORD_ORD_350;PROD_13;1;1
CORD_ORD_350;PROD_19;1;1
CORD_ORD_350;PROD_20;1;1
CORD_ORD_350;PROD_26;1;1
CORD_ORD_350;PROD_30;1;1
CORD_ORD_350;PROD_33;1;1
CORD_ORD_350;PROD_36;1;1
CORD_ORD_350;PROD_37;1;1
CORD_ORD_350;PROD_38;1;1
CORD_ORD_350;PROD_39;1;1
CORD_ORD_350;PROD_4;1;1
CORD_ORD_350;PROD_44;1;1
CORD_ORD_350;PROD_45;1;1
CORD_ORD_350;PROD_46;1;1
CORD_ORD_350;PROD_48;1;1
CORD_ORD_350;PROD_8;1;1
CORD_ORD_351;PROD_10;1;1
CORD_ORD_351;PROD_13;1;1
CORD_ORD_351;PROD_15;1;1
CORD_ORD_351;PROD_18;1;1
CORD_ORD_351;PROD_2;1;1
CORD_ORD_351;PROD_27;1;1
CORD_ORD_351;PROD_32;1;1
CORD_ORD_351;PROD_33;1;1
CORD_ORD_351;PROD_36;1;1
CORD_ORD_351;PROD_37;1;1
CORD_ORD_351;PROD_40;1;1
CORD_ORD_351;PROD_43;1;1
CORD_ORD_351;PROD_44;1;1
CORD_ORD_351;PROD_46;1;1
CORD_ORD_351;PROD_47;1;1
CORD_ORD_351;PROD_49;1;1
CORD_ORD_352;PROD_10;1;1
CORD_ORD_352;PROD_11;1;1
CORD_ORD_352;PROD_15;1;1
CORD_ORD_352;PROD_17;1;1
CORD_ORD_352;PROD_22;1;1
CORD_ORD_352;PROD_27;1;1
CORD_ORD_352;PROD_28;1;1
CORD_ORD_352;PROD_29;1;1
CORD_ORD_352;PROD_31;1;1
CORD_ORD_352;PROD_32;1;1
CORD_ORD_352;PROD_37;1;1
CORD_ORD_352;PROD_41;1;1
CORD_ORD_352;PROD_43;1;1
CORD_ORD_352;PROD_44;1;1
CORD_ORD_352;PROD_48;1;1
CORD_ORD_352;PROD_49;1;1
CORD_ORD_353;PROD_1;1;1
CORD_ORD_353;PROD_10;1;1
CORD_ORD_353;PROD_13;1;1
CORD_ORD_353;PROD_15;1;1
CORD_ORD_353;PROD_16;1;1
CORD_ORD_353;PROD_18;1;1
CORD_ORD_353;PROD_2;1;1
CORD_ORD_353;PROD_25;1;1
CORD_ORD_353;PROD_27;1;1
CORD_ORD_353;PROD_3;1;1
CORD_ORD_353;PROD_32;1;1
CORD_ORD_353;PROD_33;1;1
CORD_ORD_353;PROD_34;1;1
CORD_ORD_353;PROD_36;1;1
CORD_ORD_353;PROD_37;1;1
CORD_ORD_353;PROD_38;1;1
CORD_ORD_353;PROD_4;1;1
CORD_ORD_353;PROD_43;1;1
CORD_ORD_353;PROD_44;1;1
CORD_ORD_353;PROD_46;1;1
CORD_ORD_353;PROD_49;1;1
CORD_ORD_353;PROD_5;1;1
CORD_ORD_353;PROD_50;1;1
CORD_ORD_353;PROD_6;1;1
CORD_ORD_354;PROD_1;1;1
CORD_ORD_354;PROD_10;1;1
CORD_ORD_354;PROD_11;1;1
CORD_ORD_354;PROD_15;1;1
CORD_ORD_354;PROD_17;1;1
CORD_ORD_354;PROD_20;1;1
CORD_ORD_354;PROD_27;1;1
CORD_ORD_354;PROD_29;1;1
CORD_ORD_354;PROD_3;1;1
CORD_ORD_354;PROD_31;1;1
CORD_ORD_354;PROD_32;1;1
CORD_ORD_354;PROD_39;1;1
CORD_ORD_354;PROD_41;1;1
CORD_ORD_354;PROD_43;1;1
CORD_ORD_354;PROD_48;1;1
CORD_ORD_354;PROD_49;1;1
CORD_ORD_354;PROD_50;1;1
CORD_ORD_354;PROD_6;1;1
CORD_ORD_355;PROD_1;1;1
CORD_ORD_355;PROD_10;1;1
CORD_ORD_355;PROD_15;1;1
CORD_ORD_355;PROD_3;1;1
CORD_ORD_355;PROD_30;1;1
CORD_ORD_355;PROD_32;1;1
CORD_ORD_355;PROD_36;1;1
CORD_ORD_355;PROD_43;1;1
CORD_ORD_355;PROD_46;1;1
CORD_ORD_355;PROD_8;1;1
CORD_ORD_356;PROD_1;1;1
CORD_ORD_356;PROD_13;1;1
CORD_ORD_356;PROD_14;1;1
CORD_ORD_356;PROD_18;1;1
CORD_ORD_356;PROD_2;1;1
CORD_ORD_356;PROD_3;1;1
CORD_ORD_356;PROD_33;1;1
CORD_ORD_356;PROD_36;1;1
CORD_ORD_356;PROD_46;1;1
CORD_ORD_356;PROD_9;1;1
CORD_ORD_357;PROD_1;1;1
CORD_ORD_357;PROD_10;1;1
CORD_ORD_357;PROD_12;1;1
CORD_ORD_357;PROD_15;1;1
CORD_ORD_357;PROD_16;1;1
CORD_ORD_357;PROD_18;1;1
CORD_ORD_357;PROD_2;1;1
CORD_ORD_357;PROD_20;1;1
CORD_ORD_357;PROD_25;1;1
CORD_ORD_357;PROD_26;1;1
CORD_ORD_357;PROD_27;1;1
CORD_ORD_357;PROD_3;1;1
CORD_ORD_357;PROD_32;1;1
CORD_ORD_357;PROD_34;1;1
CORD_ORD_357;PROD_38;1;1
CORD_ORD_357;PROD_39;1;1
CORD_ORD_357;PROD_4;1;1
CORD_ORD_357;PROD_43;1;1
CORD_ORD_357;PROD_49;1;1
CORD_ORD_357;PROD_5;1;1
CORD_ORD_358;PROD_11;1;1
CORD_ORD_358;PROD_13;1;1
CORD_ORD_358;PROD_14;1;1
CORD_ORD_358;PROD_18;1;1
CORD_ORD_358;PROD_2;1;1
CORD_ORD_358;PROD_20;1;1
CORD_ORD_358;PROD_21;1;1
CORD_ORD_358;PROD_23;1;1
CORD_ORD_358;PROD_24;1;1
CORD_ORD_358;PROD_30;1;1
CORD_ORD_358;PROD_33;1;1
CORD_ORD_358;PROD_34;1;1
CORD_ORD_358;PROD_36;1;1
CORD_ORD_358;PROD_38;1;1
CORD_ORD_358;PROD_39;1;1
CORD_ORD_358;PROD_4;1;1
CORD_ORD_358;PROD_42;1;1
CORD_ORD_358;PROD_46;1;1
CORD_ORD_358;PROD_48;1;1
CORD_ORD_358;PROD_5;1;1
CORD_ORD_358;PROD_8;1;1
CORD_ORD_358;PROD_9;1;1
CORD_ORD_359;PROD_1;1;1
CORD_ORD_359;PROD_10;1;1
CORD_ORD_359;PROD_11;1;1
CORD_ORD_359;PROD_13;1;1
CORD_ORD_359;PROD_14;1;1
CORD_ORD_359;PROD_17;1;1
CORD_ORD_359;PROD_19;1;1
CORD_ORD_359;PROD_21;1;1
CORD_ORD_359;PROD_24;1;1
CORD_ORD_359;PROD_29;1;1
CORD_ORD_359;PROD_3;1;1
CORD_ORD_359;PROD_30;1;1
CORD_ORD_359;PROD_31;1;1
CORD_ORD_359;PROD_33;1;1
CORD_ORD_359;PROD_36;1;1
CORD_ORD_359;PROD_41;1;1
CORD_ORD_359;PROD_43;1;1
CORD_ORD_359;PROD_45;1;1
CORD_ORD_359;PROD_46;1;1
CORD_ORD_359;PROD_48;1;1
CORD_ORD_359;PROD_8;1;1
CORD_ORD_359;PROD_9;1;1
CORD_ORD_360;PROD_1;1;1
CORD_ORD_360;PROD_17;1;1
CORD_ORD_360;PROD_19;1;1
CORD_ORD_360;PROD_22;1;1
CORD_ORD_360;PROD_27;1;1
CORD_ORD_360;PROD_28;1;1
CORD_ORD_360;PROD_3;1;1
CORD_ORD_360;PROD_36;1;1
CORD_ORD_360;PROD_38;1;1
CORD_ORD_360;PROD_4;1;1
CORD_ORD_360;PROD_41;1;1
CORD_ORD_360;PROD_45;1;1
CORD_ORD_360;PROD_46;1;1
CORD_ORD_360;PROD_49;1;1
CORD_ORD_361;PROD_10;1;1
CORD_ORD_361;PROD_17;1;1
CORD_ORD_361;PROD_21;1;1
CORD_ORD_361;PROD_23;1;1
CORD_ORD_361;PROD_24;1;1
CORD_ORD_361;PROD_36;1;1
CORD_ORD_361;PROD_37;1;1
CORD_ORD_361;PROD_41;1;1
CORD_ORD_361;PROD_42;1;1
CORD_ORD_361;PROD_43;1;1
CORD_ORD_361;PROD_44;1;1
CORD_ORD_361;PROD_46;1;1
CORD_ORD_361;PROD_50;1;1
CORD_ORD_361;PROD_6;1;1
CORD_ORD_362;PROD_10;1;1
CORD_ORD_362;PROD_20;1;1
CORD_ORD_362;PROD_30;1;1
CORD_ORD_362;PROD_36;1;1
CORD_ORD_362;PROD_38;1;1
CORD_ORD_362;PROD_39;1;1
CORD_ORD_362;PROD_4;1;1
CORD_ORD_362;PROD_43;1;1
CORD_ORD_362;PROD_46;1;1
CORD_ORD_362;PROD_8;1;1
CORD_ORD_363;PROD_1;1;1
CORD_ORD_363;PROD_10;1;1
CORD_ORD_363;PROD_29;1;1
CORD_ORD_363;PROD_3;1;1
CORD_ORD_363;PROD_30;1;1
CORD_ORD_363;PROD_31;1;1
CORD_ORD_363;PROD_36;1;1
CORD_ORD_363;PROD_43;1;1
CORD_ORD_363;PROD_46;1;1
CORD_ORD_363;PROD_8;1;1
CORD_ORD_364;PROD_10;1;1
CORD_ORD_364;PROD_15;1;1
CORD_ORD_364;PROD_16;1;1
CORD_ORD_364;PROD_25;1;1
CORD_ORD_364;PROD_32;1;1
CORD_ORD_364;PROD_34;1;1
CORD_ORD_364;PROD_36;1;1
CORD_ORD_364;PROD_38;1;1
CORD_ORD_364;PROD_4;1;1
CORD_ORD_364;PROD_43;1;1
CORD_ORD_364;PROD_46;1;1
CORD_ORD_364;PROD_5;1;1
CORD_ORD_365;PROD_10;1;1
CORD_ORD_365;PROD_14;1;1
CORD_ORD_365;PROD_15;1;1
CORD_ORD_365;PROD_17;1;1
CORD_ORD_365;PROD_19;1;1
CORD_ORD_365;PROD_23;1;1
CORD_ORD_365;PROD_27;1;1
CORD_ORD_365;PROD_30;1;1
CORD_ORD_365;PROD_32;1;1
CORD_ORD_365;PROD_35;1;1
CORD_ORD_365;PROD_40;1;1
CORD_ORD_365;PROD_41;1;1
CORD_ORD_365;PROD_42;1;1
CORD_ORD_365;PROD_43;1;1
CORD_ORD_365;PROD_45;1;1
CORD_ORD_365;PROD_47;1;1
CORD_ORD_365;PROD_49;1;1
CORD_ORD_365;PROD_7;1;1
CORD_ORD_365;PROD_8;1;1
CORD_ORD_365;PROD_9;1;1
CORD_ORD_366;PROD_10;1;1
CORD_ORD_366;PROD_11;1;1
CORD_ORD_366;PROD_20;1;1
CORD_ORD_366;PROD_22;1;1
CORD_ORD_366;PROD_28;1;1
CORD_ORD_366;PROD_30;1;1
CORD_ORD_366;PROD_36;1;1
CORD_ORD_366;PROD_37;1;1
CORD_ORD_366;PROD_38;1;1
CORD_ORD_366;PROD_39;1;1
CORD_ORD_366;PROD_4;1;1
CORD_ORD_366;PROD_43;1;1
CORD_ORD_366;PROD_44;1;1
CORD_ORD_366;PROD_46;1;1
CORD_ORD_366;PROD_48;1;1
CORD_ORD_366;PROD_8;1;1
CORD_ORD_367;PROD_10;1;1
CORD_ORD_367;PROD_11;1;1
CORD_ORD_367;PROD_13;1;1
CORD_ORD_367;PROD_14;1;1
CORD_ORD_367;PROD_19;1;1
CORD_ORD_367;PROD_21;1;1
CORD_ORD_367;PROD_24;1;1
CORD_ORD_367;PROD_27;1;1
CORD_ORD_367;PROD_33;1;1
CORD_ORD_367;PROD_34;1;1
CORD_ORD_367;PROD_35;1;1
CORD_ORD_367;PROD_43;1;1
CORD_ORD_367;PROD_45;1;1
CORD_ORD_367;PROD_48;1;1
CORD_ORD_367;PROD_49;1;1
CORD_ORD_367;PROD_5;1;1
CORD_ORD_367;PROD_7;1;1
CORD_ORD_367;PROD_9;1;1
CORD_ORD_368;PROD_12;1;1
CORD_ORD_368;PROD_14;1;1
CORD_ORD_368;PROD_18;1;1
CORD_ORD_368;PROD_2;1;1
CORD_ORD_368;PROD_23;1;1
CORD_ORD_368;PROD_26;1;1
CORD_ORD_368;PROD_42;1;1
CORD_ORD_368;PROD_9;1;1
CORD_ORD_369;PROD_1;1;1
CORD_ORD_369;PROD_10;1;1
CORD_ORD_369;PROD_12;1;1
CORD_ORD_369;PROD_18;1;1
CORD_ORD_369;PROD_19;1;1
CORD_ORD_369;PROD_2;1;1
CORD_ORD_369;PROD_26;1;1
CORD_ORD_369;PROD_27;1;1
CORD_ORD_369;PROD_3;1;1
CORD_ORD_369;PROD_30;1;1
CORD_ORD_369;PROD_36;1;1
CORD_ORD_369;PROD_37;1;1
CORD_ORD_369;PROD_43;1;1
CORD_ORD_369;PROD_44;1;1
CORD_ORD_369;PROD_45;1;1
CORD_ORD_369;PROD_46;1;1
CORD_ORD_369;PROD_49;1;1
CORD_ORD_369;PROD_8;1;1
CORD_ORD_370;PROD_1;1;1
CORD_ORD_370;PROD_20;1;1
CORD_ORD_370;PROD_3;1;1
CORD_ORD_370;PROD_30;1;1
CORD_ORD_370;PROD_36;1;1
CORD_ORD_370;PROD_38;1;1
CORD_ORD_370;PROD_39;1;1
CORD_ORD_370;PROD_4;1;1
CORD_ORD_370;PROD_46;1;1
CORD_ORD_370;PROD_8;1;1
CORD_ORD_371;PROD_1;1;1
CORD_ORD_371;PROD_10;1;1
CORD_ORD_371;PROD_15;1;1
CORD_ORD_371;PROD_16;1;1
CORD_ORD_371;PROD_18;1;1
CORD_ORD_371;PROD_2;1;1
CORD_ORD_371;PROD_21;1;1
CORD_ORD_371;PROD_22;1;1
CORD_ORD_371;PROD_24;1;1
CORD_ORD_371;PROD_25;1;1
CORD_ORD_371;PROD_28;1;1
CORD_ORD_371;PROD_3;1;1
CORD_ORD_371;PROD_30;1;1
CORD_ORD_371;PROD_32;1;1
CORD_ORD_371;PROD_34;1;1
CORD_ORD_371;PROD_36;1;1
CORD_ORD_371;PROD_37;1;1
CORD_ORD_371;PROD_38;1;1
CORD_ORD_371;PROD_4;1;1
CORD_ORD_371;PROD_43;1;1
CORD_ORD_371;PROD_44;1;1
CORD_ORD_371;PROD_46;1;1
CORD_ORD_371;PROD_5;1;1
CORD_ORD_371;PROD_8;1;1
CORD_ORD_372;PROD_1;1;1
CORD_ORD_372;PROD_10;1;1
CORD_ORD_372;PROD_17;1;1
CORD_ORD_372;PROD_19;1;1
CORD_ORD_372;PROD_3;1;1
CORD_ORD_372;PROD_30;1;1
CORD_ORD_372;PROD_34;1;1
CORD_ORD_372;PROD_36;1;1
CORD_ORD_372;PROD_41;1;1
CORD_ORD_372;PROD_43;1;1
CORD_ORD_372;PROD_45;1;1
CORD_ORD_372;PROD_46;1;1
CORD_ORD_372;PROD_5;1;1
CORD_ORD_372;PROD_8;1;1
CORD_ORD_373;PROD_10;1;1
CORD_ORD_373;PROD_12;1;1
CORD_ORD_373;PROD_21;1;1
CORD_ORD_373;PROD_24;1;1
CORD_ORD_373;PROD_26;1;1
CORD_ORD_373;PROD_29;1;1
CORD_ORD_373;PROD_30;1;1
CORD_ORD_373;PROD_31;1;1
CORD_ORD_373;PROD_43;1;1
CORD_ORD_373;PROD_8;1;1
CORD_ORD_374;PROD_1;1;1
CORD_ORD_374;PROD_10;1;1
CORD_ORD_374;PROD_12;1;1
CORD_ORD_374;PROD_15;1;1
CORD_ORD_374;PROD_21;1;1
CORD_ORD_374;PROD_23;1;1
CORD_ORD_374;PROD_24;1;1
CORD_ORD_374;PROD_26;1;1
CORD_ORD_374;PROD_29;1;1
CORD_ORD_374;PROD_3;1;1
CORD_ORD_374;PROD_30;1;1
CORD_ORD_374;PROD_31;1;1
CORD_ORD_374;PROD_32;1;1
CORD_ORD_374;PROD_35;1;1
CORD_ORD_374;PROD_38;1;1
CORD_ORD_374;PROD_4;1;1
CORD_ORD_374;PROD_42;1;1
CORD_ORD_374;PROD_43;1;1
CORD_ORD_374;PROD_7;1;1
CORD_ORD_374;PROD_8;1;1
CORD_ORD_375;PROD_11;1;1
CORD_ORD_375;PROD_13;1;1
CORD_ORD_375;PROD_15;1;1
CORD_ORD_375;PROD_19;1;1
CORD_ORD_375;PROD_21;1;1
CORD_ORD_375;PROD_22;1;1
CORD_ORD_375;PROD_23;1;1
CORD_ORD_375;PROD_24;1;1
CORD_ORD_375;PROD_28;1;1
CORD_ORD_375;PROD_29;1;1
CORD_ORD_375;PROD_31;1;1
CORD_ORD_375;PROD_32;1;1
CORD_ORD_375;PROD_33;1;1
CORD_ORD_375;PROD_37;1;1
CORD_ORD_375;PROD_42;1;1
CORD_ORD_375;PROD_44;1;1
CORD_ORD_375;PROD_45;1;1
CORD_ORD_375;PROD_48;1;1
CORD_ORD_375;PROD_50;1;1
CORD_ORD_375;PROD_6;1;1
CORD_ORD_376;PROD_13;1;1
CORD_ORD_376;PROD_14;1;1
CORD_ORD_376;PROD_20;1;1
CORD_ORD_376;PROD_22;1;1
CORD_ORD_376;PROD_28;1;1
CORD_ORD_376;PROD_30;1;1
CORD_ORD_376;PROD_33;1;1
CORD_ORD_376;PROD_35;1;1
CORD_ORD_376;PROD_37;1;1
CORD_ORD_376;PROD_39;1;1
CORD_ORD_376;PROD_40;1;1
CORD_ORD_376;PROD_44;1;1
CORD_ORD_376;PROD_47;1;1
CORD_ORD_376;PROD_7;1;1
CORD_ORD_376;PROD_8;1;1
CORD_ORD_376;PROD_9;1;1
CORD_ORD_377;PROD_10;1;1
CORD_ORD_377;PROD_13;1;1
CORD_ORD_377;PROD_17;1;1
CORD_ORD_377;PROD_18;1;1
CORD_ORD_377;PROD_2;1;1
CORD_ORD_377;PROD_21;1;1
CORD_ORD_377;PROD_23;1;1
CORD_ORD_377;PROD_24;1;1
CORD_ORD_377;PROD_33;1;1
CORD_ORD_377;PROD_38;1;1
CORD_ORD_377;PROD_4;1;1
CORD_ORD_377;PROD_41;1;1
CORD_ORD_377;PROD_42;1;1
CORD_ORD_377;PROD_43;1;1
CORD_ORD_377;PROD_50;1;1
CORD_ORD_377;PROD_6;1;1
CORD_ORD_378;PROD_11;1;1
CORD_ORD_378;PROD_13;1;1
CORD_ORD_378;PROD_19;1;1
CORD_ORD_378;PROD_20;1;1
CORD_ORD_378;PROD_33;1;1
CORD_ORD_378;PROD_35;1;1
CORD_ORD_378;PROD_37;1;1
CORD_ORD_378;PROD_39;1;1
CORD_ORD_378;PROD_44;1;1
CORD_ORD_378;PROD_45;1;1
CORD_ORD_378;PROD_48;1;1
CORD_ORD_378;PROD_50;1;1
CORD_ORD_378;PROD_6;1;1
CORD_ORD_378;PROD_7;1;1
CORD_ORD_379;PROD_14;1;1
CORD_ORD_379;PROD_16;1;1
CORD_ORD_379;PROD_21;1;1
CORD_ORD_379;PROD_23;1;1
CORD_ORD_379;PROD_24;1;1
CORD_ORD_379;PROD_25;1;1
CORD_ORD_379;PROD_27;1;1
CORD_ORD_379;PROD_29;1;1
CORD_ORD_379;PROD_31;1;1
CORD_ORD_379;PROD_37;1;1
CORD_ORD_379;PROD_38;1;1
CORD_ORD_379;PROD_4;1;1
CORD_ORD_379;PROD_40;1;1
CORD_ORD_379;PROD_42;1;1
CORD_ORD_379;PROD_44;1;1
CORD_ORD_379;PROD_47;1;1
CORD_ORD_379;PROD_49;1;1
CORD_ORD_379;PROD_9;1;1
CORD_ORD_380;PROD_20;1;1
CORD_ORD_380;PROD_30;1;1
CORD_ORD_380;PROD_36;1;1
CORD_ORD_380;PROD_38;1;1
CORD_ORD_380;PROD_39;1;1
CORD_ORD_380;PROD_4;1;1
CORD_ORD_380;PROD_46;1;1
CORD_ORD_380;PROD_8;1;1
CORD_ORD_381;PROD_12;1;1
CORD_ORD_381;PROD_13;1;1
CORD_ORD_381;PROD_14;1;1
CORD_ORD_381;PROD_17;1;1
CORD_ORD_381;PROD_22;1;1
CORD_ORD_381;PROD_26;1;1
CORD_ORD_381;PROD_28;1;1
CORD_ORD_381;PROD_29;1;1
CORD_ORD_381;PROD_30;1;1
CORD_ORD_381;PROD_31;1;1
CORD_ORD_381;PROD_33;1;1
CORD_ORD_381;PROD_40;1;1
CORD_ORD_381;PROD_41;1;1
CORD_ORD_381;PROD_47;1;1
CORD_ORD_381;PROD_50;1;1
CORD_ORD_381;PROD_6;1;1
CORD_ORD_381;PROD_8;1;1
CORD_ORD_381;PROD_9;1;1
CORD_ORD_382;PROD_1;1;1
CORD_ORD_382;PROD_16;1;1
CORD_ORD_382;PROD_20;1;1
CORD_ORD_382;PROD_22;1;1
CORD_ORD_382;PROD_25;1;1
CORD_ORD_382;PROD_28;1;1
CORD_ORD_382;PROD_3;1;1
CORD_ORD_382;PROD_30;1;1
CORD_ORD_382;PROD_36;1;1
CORD_ORD_382;PROD_38;1;1
CORD_ORD_382;PROD_39;1;1
CORD_ORD_382;PROD_4;1;1
CORD_ORD_382;PROD_46;1;1
CORD_ORD_382;PROD_8;1;1
CORD_ORD_383;PROD_1;1;1
CORD_ORD_383;PROD_10;1;1
CORD_ORD_383;PROD_14;1;1
CORD_ORD_383;PROD_15;1;1
CORD_ORD_383;PROD_29;1;1
CORD_ORD_383;PROD_3;1;1
CORD_ORD_383;PROD_31;1;1
CORD_ORD_383;PROD_32;1;1
CORD_ORD_383;PROD_35;1;1
CORD_ORD_383;PROD_40;1;1
CORD_ORD_383;PROD_43;1;1
CORD_ORD_383;PROD_47;1;1
CORD_ORD_383;PROD_7;1;1
CORD_ORD_383;PROD_9;1;1
CORD_ORD_384;PROD_11;1;1
CORD_ORD_384;PROD_12;1;1
CORD_ORD_384;PROD_16;1;1
CORD_ORD_384;PROD_18;1;1
CORD_ORD_384;PROD_2;1;1
CORD_ORD_384;PROD_21;1;1
CORD_ORD_384;PROD_24;1;1
CORD_ORD_384;PROD_25;1;1
CORD_ORD_384;PROD_26;1;1
CORD_ORD_384;PROD_27;1;1
CORD_ORD_384;PROD_29;1;1
CORD_ORD_384;PROD_31;1;1
CORD_ORD_384;PROD_35;1;1
CORD_ORD_384;PROD_38;1;1
CORD_ORD_384;PROD_4;1;1
CORD_ORD_384;PROD_40;1;1
CORD_ORD_384;PROD_47;1;1
CORD_ORD_384;PROD_48;1;1
CORD_ORD_384;PROD_49;1;1
CORD_ORD_384;PROD_50;1;1
CORD_ORD_384;PROD_6;1;1
CORD_ORD_384;PROD_7;1;1
CORD_ORD_385;PROD_1;1;1
CORD_ORD_385;PROD_14;1;1
CORD_ORD_385;PROD_17;1;1
CORD_ORD_385;PROD_18;1;1
CORD_ORD_385;PROD_2;1;1
CORD_ORD_385;PROD_3;1;1
CORD_ORD_385;PROD_30;1;1
CORD_ORD_385;PROD_36;1;1
CORD_ORD_385;PROD_37;1;1
CORD_ORD_385;PROD_41;1;1
CORD_ORD_385;PROD_44;1;1
CORD_ORD_385;PROD_46;1;1
CORD_ORD_385;PROD_50;1;1
CORD_ORD_385;PROD_6;1;1
CORD_ORD_385;PROD_8;1;1
CORD_ORD_385;PROD_9;1;1
CORD_ORD_386;PROD_12;1;1
CORD_ORD_386;PROD_15;1;1
CORD_ORD_386;PROD_22;1;1
CORD_ORD_386;PROD_23;1;1
CORD_ORD_386;PROD_26;1;1
CORD_ORD_386;PROD_28;1;1
CORD_ORD_386;PROD_29;1;1
CORD_ORD_386;PROD_31;1;1
CORD_ORD_386;PROD_32;1;1
CORD_ORD_386;PROD_37;1;1
CORD_ORD_386;PROD_38;1;1
CORD_ORD_386;PROD_4;1;1
CORD_ORD_386;PROD_42;1;1
CORD_ORD_386;PROD_44;1;1
CORD_ORD_386;PROD_50;1;1
CORD_ORD_386;PROD_6;1;1
CORD_ORD_387;PROD_1;1;1
CORD_ORD_387;PROD_10;1;1
CORD_ORD_387;PROD_11;1;1
CORD_ORD_387;PROD_14;1;1
CORD_ORD_387;PROD_22;1;1
CORD_ORD_387;PROD_28;1;1
CORD_ORD_387;PROD_3;1;1
CORD_ORD_387;PROD_35;1;1
CORD_ORD_387;PROD_40;1;1
CORD_ORD_387;PROD_43;1;1
CORD_ORD_387;PROD_47;1;1
CORD_ORD_387;PROD_48;1;1
CORD_ORD_387;PROD_7;1;1
CORD_ORD_387;PROD_9;1;1
CORD_ORD_388;PROD_11;1;1
CORD_ORD_388;PROD_15;1;1
CORD_ORD_388;PROD_17;1;1
CORD_ORD_388;PROD_22;1;1
CORD_ORD_388;PROD_28;1;1
CORD_ORD_388;PROD_29;1;1
CORD_ORD_388;PROD_31;1;1
CORD_ORD_388;PROD_32;1;1
CORD_ORD_388;PROD_41;1;1
CORD_ORD_388;PROD_48;1;1
CORD_ORD_388;PROD_50;1;1
CORD_ORD_388;PROD_6;1;1
CORD_ORD_389;PROD_10;1;1
CORD_ORD_389;PROD_29;1;1
CORD_ORD_389;PROD_30;1;1
CORD_ORD_389;PROD_31;1;1
CORD_ORD_389;PROD_36;1;1
CORD_ORD_389;PROD_43;1;1
CORD_ORD_389;PROD_46;1;1
CORD_ORD_389;PROD_8;1;1
CORD_ORD_390;PROD_1;1;1
CORD_ORD_390;PROD_10;1;1
CORD_ORD_390;PROD_3;1;1
CORD_ORD_390;PROD_30;1;1
CORD_ORD_390;PROD_36;1;1
CORD_ORD_390;PROD_43;1;1
CORD_ORD_390;PROD_46;1;1
CORD_ORD_390;PROD_8;1;1
CORD_ORD_391;PROD_10;1;1
CORD_ORD_391;PROD_12;1;1
CORD_ORD_391;PROD_14;1;1
CORD_ORD_391;PROD_15;1;1
CORD_ORD_391;PROD_16;1;1
CORD_ORD_391;PROD_18;1;1
CORD_ORD_391;PROD_2;1;1
CORD_ORD_391;PROD_21;1;1
CORD_ORD_391;PROD_24;1;1
CORD_ORD_391;PROD_25;1;1
CORD_ORD_391;PROD_26;1;1
CORD_ORD_391;PROD_30;1;1
CORD_ORD_391;PROD_32;1;1
CORD_ORD_391;PROD_37;1;1
CORD_ORD_391;PROD_38;1;1
CORD_ORD_391;PROD_4;1;1
CORD_ORD_391;PROD_43;1;1
CORD_ORD_391;PROD_44;1;1
CORD_ORD_391;PROD_8;1;1
CORD_ORD_391;PROD_9;1;1
CORD_ORD_392;PROD_11;1;1
CORD_ORD_392;PROD_14;1;1
CORD_ORD_392;PROD_15;1;1
CORD_ORD_392;PROD_18;1;1
CORD_ORD_392;PROD_2;1;1
CORD_ORD_392;PROD_22;1;1
CORD_ORD_392;PROD_28;1;1
CORD_ORD_392;PROD_29;1;1
CORD_ORD_392;PROD_31;1;1
CORD_ORD_392;PROD_32;1;1
CORD_ORD_392;PROD_35;1;1
CORD_ORD_392;PROD_36;1;1
CORD_ORD_392;PROD_40;1;1
CORD_ORD_392;PROD_46;1;1
CORD_ORD_392;PROD_47;1;1
CORD_ORD_392;PROD_48;1;1
CORD_ORD_392;PROD_50;1;1
CORD_ORD_392;PROD_6;1;1
CORD_ORD_392;PROD_7;1;1
CORD_ORD_392;PROD_9;1;1
CORD_ORD_393;PROD_1;1;1
CORD_ORD_393;PROD_11;1;1
CORD_ORD_393;PROD_14;1;1
CORD_ORD_393;PROD_15;1;1
CORD_ORD_393;PROD_18;1;1
CORD_ORD_393;PROD_2;1;1
CORD_ORD_393;PROD_22;1;1
CORD_ORD_393;PROD_27;1;1
CORD_ORD_393;PROD_28;1;1
CORD_ORD_393;PROD_29;1;1
CORD_ORD_393;PROD_3;1;1
CORD_ORD_393;PROD_31;1;1
CORD_ORD_393;PROD_32;1;1
CORD_ORD_393;PROD_37;1;1
CORD_ORD_393;PROD_40;1;1
CORD_ORD_393;PROD_44;1;1
CORD_ORD_393;PROD_47;1;1
CORD_ORD_393;PROD_48;1;1
CORD_ORD_393;PROD_49;1;1
CORD_ORD_393;PROD_50;1;1
CORD_ORD_393;PROD_6;1;1
CORD_ORD_393;PROD_9;1;1
CORD_ORD_394;PROD_1;1;1
CORD_ORD_394;PROD_10;1;1
CORD_ORD_394;PROD_15;1;1
CORD_ORD_394;PROD_20;1;1
CORD_ORD_394;PROD_22;1;1
CORD_ORD_394;PROD_28;1;1
CORD_ORD_394;PROD_29;1;1
CORD_ORD_394;PROD_3;1;1
CORD_ORD_394;PROD_30;1;1
CORD_ORD_394;PROD_31;1;1
CORD_ORD_394;PROD_32;1;1
CORD_ORD_394;PROD_36;1;1
CORD_ORD_394;PROD_39;1;1
CORD_ORD_394;PROD_43;1;1
CORD_ORD_394;PROD_46;1;1
CORD_ORD_394;PROD_50;1;1
CORD_ORD_394;PROD_6;1;1
CORD_ORD_394;PROD_8;1;1
CORD_ORD_395;PROD_10;1;1
CORD_ORD_395;PROD_11;1;1
CORD_ORD_395;PROD_12;1;1
CORD_ORD_395;PROD_17;1;1
CORD_ORD_395;PROD_20;1;1
CORD_ORD_395;PROD_21;1;1
CORD_ORD_395;PROD_24;1;1
CORD_ORD_395;PROD_26;1;1
CORD_ORD_395;PROD_30;1;1
CORD_ORD_395;PROD_36;1;1
CORD_ORD_395;PROD_38;1;1
CORD_ORD_395;PROD_39;1;1
CORD_ORD_395;PROD_4;1;1
CORD_ORD_395;PROD_41;1;1
CORD_ORD_395;PROD_43;1;1
CORD_ORD_395;PROD_46;1;1
CORD_ORD_395;PROD_48;1;1
CORD_ORD_395;PROD_8;1;1
CORD_ORD_396;PROD_1;1;1
CORD_ORD_396;PROD_15;1;1
CORD_ORD_396;PROD_18;1;1
CORD_ORD_396;PROD_2;1;1
CORD_ORD_396;PROD_22;1;1
CORD_ORD_396;PROD_23;1;1
CORD_ORD_396;PROD_28;1;1
CORD_ORD_396;PROD_29;1;1
CORD_ORD_396;PROD_3;1;1
CORD_ORD_396;PROD_31;1;1
CORD_ORD_396;PROD_32;1;1
CORD_ORD_396;PROD_34;1;1
CORD_ORD_396;PROD_35;1;1
CORD_ORD_396;PROD_36;1;1
CORD_ORD_396;PROD_42;1;1
CORD_ORD_396;PROD_46;1;1
CORD_ORD_396;PROD_5;1;1
CORD_ORD_396;PROD_50;1;1
CORD_ORD_396;PROD_6;1;1
CORD_ORD_396;PROD_7;1;1
CORD_ORD_397;PROD_1;1;1
CORD_ORD_397;PROD_10;1;1
CORD_ORD_397;PROD_11;1;1
CORD_ORD_397;PROD_16;1;1
CORD_ORD_397;PROD_18;1;1
CORD_ORD_397;PROD_2;1;1
CORD_ORD_397;PROD_20;1;1
CORD_ORD_397;PROD_22;1;1
CORD_ORD_397;PROD_25;1;1
CORD_ORD_397;PROD_28;1;1
CORD_ORD_397;PROD_3;1;1
CORD_ORD_397;PROD_36;1;1
CORD_ORD_397;PROD_37;1;1
CORD_ORD_397;PROD_39;1;1
CORD_ORD_397;PROD_43;1;1
CORD_ORD_397;PROD_44;1;1
CORD_ORD_397;PROD_46;1;1
CORD_ORD_397;PROD_48;1;1
CORD_ORD_398;PROD_1;1;1
CORD_ORD_398;PROD_10;1;1
CORD_ORD_398;PROD_14;1;1
CORD_ORD_398;PROD_3;1;1
CORD_ORD_398;PROD_35;1;1
CORD_ORD_398;PROD_43;1;1
CORD_ORD_398;PROD_7;1;1
CORD_ORD_398;PROD_9;1;1
CORD_ORD_399;PROD_10;1;1
CORD_ORD_399;PROD_11;1;1
CORD_ORD_399;PROD_13;1;1
CORD_ORD_399;PROD_17;1;1
CORD_ORD_399;PROD_18;1;1
CORD_ORD_399;PROD_19;1;1
CORD_ORD_399;PROD_2;1;1
CORD_ORD_399;PROD_30;1;1
CORD_ORD_399;PROD_33;1;1
CORD_ORD_399;PROD_34;1;1
CORD_ORD_399;PROD_37;1;1
CORD_ORD_399;PROD_38;1;1
CORD_ORD_399;PROD_4;1;1
CORD_ORD_399;PROD_40;1;1
CORD_ORD_399;PROD_41;1;1
CORD_ORD_399;PROD_43;1;1
CORD_ORD_399;PROD_44;1;1
CORD_ORD_399;PROD_45;1;1
CORD_ORD_399;PROD_47;1;1
CORD_ORD_399;PROD_48;1;1
CORD_ORD_399;PROD_5;1;1
CORD_ORD_399;PROD_50;1;1
CORD_ORD_399;PROD_6;1;1
CORD_ORD_399;PROD_8;1;1
CORD_ORD_400;PROD_10;1;1
CORD_ORD_400;PROD_12;1;1
CORD_ORD_400;PROD_15;1;1
CORD_ORD_400;PROD_19;1;1
CORD_ORD_400;PROD_21;1;1
CORD_ORD_400;PROD_24;1;1
CORD_ORD_400;PROD_26;1;1
CORD_ORD_400;PROD_32;1;1
CORD_ORD_400;PROD_40;1;1
CORD_ORD_400;PROD_43;1;1
CORD_ORD_400;PROD_45;1;1
CORD_ORD_400;PROD_47;1;1
CORD_ORD_401;PROD_10;1;1
CORD_ORD_401;PROD_11;1;1
CORD_ORD_401;PROD_17;1;1
CORD_ORD_401;PROD_18;1;1
CORD_ORD_401;PROD_2;1;1
CORD_ORD_401;PROD_20;1;1
CORD_ORD_401;PROD_27;1;1
CORD_ORD_401;PROD_35;1;1
CORD_ORD_401;PROD_37;1;1
CORD_ORD_401;PROD_39;1;1
CORD_ORD_401;PROD_40;1;1
CORD_ORD_401;PROD_41;1;1
CORD_ORD_401;PROD_43;1;1
CORD_ORD_401;PROD_44;1;1
CORD_ORD_401;PROD_47;1;1
CORD_ORD_401;PROD_48;1;1
CORD_ORD_401;PROD_49;1;1
CORD_ORD_401;PROD_50;1;1
CORD_ORD_401;PROD_6;1;1
CORD_ORD_401;PROD_7;1;1
CORD_ORD_402;PROD_10;1;1
CORD_ORD_402;PROD_12;1;1
CORD_ORD_402;PROD_13;1;1
CORD_ORD_402;PROD_18;1;1
CORD_ORD_402;PROD_19;1;1
CORD_ORD_402;PROD_2;1;1
CORD_ORD_402;PROD_20;1;1
CORD_ORD_402;PROD_21;1;1
CORD_ORD_402;PROD_22;1;1
CORD_ORD_402;PROD_23;1;1
CORD_ORD_402;PROD_24;1;1
CORD_ORD_402;PROD_26;1;1
CORD_ORD_402;PROD_28;1;1
CORD_ORD_402;PROD_33;1;1
CORD_ORD_402;PROD_37;1;1
CORD_ORD_402;PROD_39;1;1
CORD_ORD_402;PROD_42;1;1
CORD_ORD_402;PROD_43;1;1
CORD_ORD_402;PROD_44;1;1
CORD_ORD_402;PROD_45;1;1
CORD_ORD_402;PROD_50;1;1
CORD_ORD_402;PROD_6;1;1
CORD_ORD_403;PROD_13;1;1
CORD_ORD_403;PROD_14;1;1
CORD_ORD_403;PROD_19;1;1
CORD_ORD_403;PROD_29;1;1
CORD_ORD_403;PROD_31;1;1
CORD_ORD_403;PROD_33;1;1
CORD_ORD_403;PROD_35;1;1
CORD_ORD_403;PROD_36;1;1
CORD_ORD_403;PROD_37;1;1
CORD_ORD_403;PROD_44;1;1
CORD_ORD_403;PROD_45;1;1
CORD_ORD_403;PROD_46;1;1
CORD_ORD_403;PROD_50;1;1
CORD_ORD_403;PROD_6;1;1
CORD_ORD_403;PROD_7;1;1
CORD_ORD_403;PROD_9;1;1
CORD_ORD_404;PROD_1;1;1
CORD_ORD_404;PROD_10;1;1
CORD_ORD_404;PROD_14;1;1
CORD_ORD_404;PROD_3;1;1
CORD_ORD_404;PROD_30;1;1
CORD_ORD_404;PROD_35;1;1
CORD_ORD_404;PROD_36;1;1
CORD_ORD_404;PROD_43;1;1
CORD_ORD_404;PROD_46;1;1
CORD_ORD_404;PROD_7;1;1
CORD_ORD_404;PROD_8;1;1
CORD_ORD_404;PROD_9;1;1
CORD_ORD_405;PROD_17;1;1
CORD_ORD_405;PROD_29;1;1
CORD_ORD_405;PROD_31;1;1
CORD_ORD_405;PROD_35;1;1
CORD_ORD_405;PROD_36;1;1
CORD_ORD_405;PROD_37;1;1
CORD_ORD_405;PROD_38;1;1
CORD_ORD_405;PROD_4;1;1
CORD_ORD_405;PROD_41;1;1
CORD_ORD_405;PROD_44;1;1
CORD_ORD_405;PROD_46;1;1
CORD_ORD_405;PROD_7;1;1
CORD_ORD_406;PROD_10;1;1
CORD_ORD_406;PROD_13;1;1
CORD_ORD_406;PROD_14;1;1
CORD_ORD_406;PROD_18;1;1
CORD_ORD_406;PROD_2;1;1
CORD_ORD_406;PROD_20;1;1
CORD_ORD_406;PROD_21;1;1
CORD_ORD_406;PROD_22;1;1
CORD_ORD_406;PROD_24;1;1
CORD_ORD_406;PROD_28;1;1
CORD_ORD_406;PROD_30;1;1
CORD_ORD_406;PROD_33;1;1
CORD_ORD_406;PROD_36;1;1
CORD_ORD_406;PROD_39;1;1
CORD_ORD_406;PROD_43;1;1
CORD_ORD_406;PROD_46;1;1
CORD_ORD_406;PROD_8;1;1
CORD_ORD_406;PROD_9;1;1
CORD_ORD_407;PROD_11;1;1
CORD_ORD_407;PROD_14;1;1
CORD_ORD_407;PROD_15;1;1
CORD_ORD_407;PROD_18;1;1
CORD_ORD_407;PROD_2;1;1
CORD_ORD_407;PROD_27;1;1
CORD_ORD_407;PROD_29;1;1
CORD_ORD_407;PROD_31;1;1
CORD_ORD_407;PROD_32;1;1
CORD_ORD_407;PROD_36;1;1
CORD_ORD_407;PROD_46;1;1
CORD_ORD_407;PROD_48;1;1
CORD_ORD_407;PROD_49;1;1
CORD_ORD_407;PROD_9;1;1
CORD_ORD_408;PROD_12;1;1
CORD_ORD_408;PROD_13;1;1
CORD_ORD_408;PROD_15;1;1
CORD_ORD_408;PROD_22;1;1
CORD_ORD_408;PROD_26;1;1
CORD_ORD_408;PROD_27;1;1
CORD_ORD_408;PROD_28;1;1
CORD_ORD_408;PROD_29;1;1
CORD_ORD_408;PROD_31;1;1
CORD_ORD_408;PROD_32;1;1
CORD_ORD_408;PROD_33;1;1
CORD_ORD_408;PROD_35;1;1
CORD_ORD_408;PROD_38;1;1
CORD_ORD_408;PROD_4;1;1
CORD_ORD_408;PROD_49;1;1
CORD_ORD_408;PROD_50;1;1
CORD_ORD_408;PROD_6;1;1
CORD_ORD_408;PROD_7;1;1
CORD_ORD_409;PROD_13;1;1
CORD_ORD_409;PROD_14;1;1
CORD_ORD_409;PROD_15;1;1
CORD_ORD_409;PROD_22;1;1
CORD_ORD_409;PROD_23;1;1
CORD_ORD_409;PROD_27;1;1
CORD_ORD_409;PROD_28;1;1
CORD_ORD_409;PROD_29;1;1
CORD_ORD_409;PROD_31;1;1
CORD_ORD_409;PROD_32;1;1
CORD_ORD_409;PROD_33;1;1
CORD_ORD_409;PROD_35;1;1
CORD_ORD_409;PROD_42;1;1
CORD_ORD_409;PROD_49;1;1
CORD_ORD_409;PROD_50;1;1
CORD_ORD_409;PROD_6;1;1
CORD_ORD_409;PROD_7;1;1
CORD_ORD_409;PROD_9;1;1
CORD_ORD_410;PROD_11;1;1
CORD_ORD_410;PROD_13;1;1
CORD_ORD_410;PROD_15;1;1
CORD_ORD_410;PROD_19;1;1
CORD_ORD_410;PROD_29;1;1
CORD_ORD_410;PROD_30;1;1
CORD_ORD_410;PROD_31;1;1
CORD_ORD_410;PROD_32;1;1
CORD_ORD_410;PROD_33;1;1
CORD_ORD_410;PROD_34;1;1
CORD_ORD_410;PROD_45;1;1
CORD_ORD_410;PROD_48;1;1
CORD_ORD_410;PROD_5;1;1
CORD_ORD_410;PROD_50;1;1
CORD_ORD_410;PROD_6;1;1
CORD_ORD_410;PROD_8;1;1
CORD_ORD_411;PROD_10;1;1
CORD_ORD_411;PROD_12;1;1
CORD_ORD_411;PROD_15;1;1
CORD_ORD_411;PROD_17;1;1
CORD_ORD_411;PROD_26;1;1
CORD_ORD_411;PROD_27;1;1
CORD_ORD_411;PROD_32;1;1
CORD_ORD_411;PROD_38;1;1
CORD_ORD_411;PROD_4;1;1
CORD_ORD_411;PROD_41;1;1
CORD_ORD_411;PROD_43;1;1
CORD_ORD_411;PROD_49;1;1
CORD_ORD_412;PROD_1;1;1
CORD_ORD_412;PROD_10;1;1
CORD_ORD_412;PROD_12;1;1
CORD_ORD_412;PROD_15;1;1
CORD_ORD_412;PROD_16;1;1
CORD_ORD_412;PROD_20;1;1
CORD_ORD_412;PROD_22;1;1
CORD_ORD_412;PROD_25;1;1
CORD_ORD_412;PROD_26;1;1
CORD_ORD_412;PROD_28;1;1
CORD_ORD_412;PROD_3;1;1
CORD_ORD_412;PROD_30;1;1
CORD_ORD_412;PROD_32;1;1
CORD_ORD_412;PROD_34;1;1
CORD_ORD_412;PROD_36;1;1
CORD_ORD_412;PROD_38;1;1
CORD_ORD_412;PROD_39;1;1
CORD_ORD_412;PROD_4;1;1
CORD_ORD_412;PROD_43;1;1
CORD_ORD_412;PROD_46;1;1
CORD_ORD_412;PROD_5;1;1
CORD_ORD_412;PROD_8;1;1
CORD_ORD_413;PROD_12;1;1
CORD_ORD_413;PROD_14;1;1
CORD_ORD_413;PROD_17;1;1
CORD_ORD_413;PROD_18;1;1
CORD_ORD_413;PROD_19;1;1
CORD_ORD_413;PROD_2;1;1
CORD_ORD_413;PROD_22;1;1
CORD_ORD_413;PROD_26;1;1
CORD_ORD_413;PROD_28;1;1
CORD_ORD_413;PROD_41;1;1
CORD_ORD_413;PROD_45;1;1
CORD_ORD_413;PROD_50;1;1
CORD_ORD_413;PROD_6;1;1
CORD_ORD_413;PROD_9;1;1
CORD_ORD_414;PROD_1;1;1
CORD_ORD_414;PROD_10;1;1
CORD_ORD_414;PROD_11;1;1
CORD_ORD_414;PROD_12;1;1
CORD_ORD_414;PROD_15;1;1
CORD_ORD_414;PROD_17;1;1
CORD_ORD_414;PROD_18;1;1
CORD_ORD_414;PROD_2;1;1
CORD_ORD_414;PROD_21;1;1
CORD_ORD_414;PROD_24;1;1
CORD_ORD_414;PROD_26;1;1
CORD_ORD_414;PROD_3;1;1
CORD_ORD_414;PROD_30;1;1
CORD_ORD_414;PROD_32;1;1
CORD_ORD_414;PROD_34;1;1
CORD_ORD_414;PROD_36;1;1
CORD_ORD_414;PROD_37;1;1
CORD_ORD_414;PROD_40;1;1
CORD_ORD_414;PROD_41;1;1
CORD_ORD_414;PROD_43;1;1
CORD_ORD_414;PROD_44;1;1
CORD_ORD_414;PROD_46;1;1
CORD_ORD_414;PROD_47;1;1
CORD_ORD_414;PROD_48;1;1
CORD_ORD_414;PROD_5;1;1
CORD_ORD_414;PROD_8;1;1
CORD_ORD_415;PROD_10;1;1
CORD_ORD_415;PROD_11;1;1
CORD_ORD_415;PROD_17;1;1
CORD_ORD_415;PROD_18;1;1
CORD_ORD_415;PROD_19;1;1
CORD_ORD_415;PROD_2;1;1
CORD_ORD_415;PROD_21;1;1
CORD_ORD_415;PROD_23;1;1
CORD_ORD_415;PROD_24;1;1
CORD_ORD_415;PROD_29;1;1
CORD_ORD_415;PROD_31;1;1
CORD_ORD_415;PROD_34;1;1
CORD_ORD_415;PROD_37;1;1
CORD_ORD_415;PROD_41;1;1
CORD_ORD_415;PROD_42;1;1
CORD_ORD_415;PROD_43;1;1
CORD_ORD_415;PROD_44;1;1
CORD_ORD_415;PROD_45;1;1
CORD_ORD_415;PROD_48;1;1
CORD_ORD_415;PROD_5;1;1
CORD_ORD_415;PROD_50;1;1
CORD_ORD_415;PROD_6;1;1
CORD_ORD_416;PROD_12;1;1
CORD_ORD_416;PROD_13;1;1
CORD_ORD_416;PROD_15;1;1
CORD_ORD_416;PROD_17;1;1
CORD_ORD_416;PROD_19;1;1
CORD_ORD_416;PROD_20;1;1
CORD_ORD_416;PROD_21;1;1
CORD_ORD_416;PROD_22;1;1
CORD_ORD_416;PROD_24;1;1
CORD_ORD_416;PROD_26;1;1
CORD_ORD_416;PROD_28;1;1
CORD_ORD_416;PROD_32;1;1
CORD_ORD_416;PROD_33;1;1
CORD_ORD_416;PROD_39;1;1
CORD_ORD_416;PROD_41;1;1
CORD_ORD_416;PROD_45;1;1
CORD_ORD_417;PROD_1;1;1
CORD_ORD_417;PROD_10;1;1
CORD_ORD_417;PROD_13;1;1
CORD_ORD_417;PROD_27;1;1
CORD_ORD_417;PROD_3;1;1
CORD_ORD_417;PROD_30;1;1
CORD_ORD_417;PROD_33;1;1
CORD_ORD_417;PROD_34;1;1
CORD_ORD_417;PROD_36;1;1
CORD_ORD_417;PROD_38;1;1
CORD_ORD_417;PROD_4;1;1
CORD_ORD_417;PROD_43;1;1
CORD_ORD_417;PROD_46;1;1
CORD_ORD_417;PROD_49;1;1
CORD_ORD_417;PROD_5;1;1
CORD_ORD_417;PROD_50;1;1
CORD_ORD_417;PROD_6;1;1
CORD_ORD_417;PROD_8;1;1
CORD_ORD_418;PROD_1;1;1
CORD_ORD_418;PROD_11;1;1
CORD_ORD_418;PROD_19;1;1
CORD_ORD_418;PROD_3;1;1
CORD_ORD_418;PROD_35;1;1
CORD_ORD_418;PROD_37;1;1
CORD_ORD_418;PROD_44;1;1
CORD_ORD_418;PROD_45;1;1
CORD_ORD_418;PROD_48;1;1
CORD_ORD_418;PROD_7;1;1
CORD_ORD_419;PROD_1;1;1
CORD_ORD_419;PROD_11;1;1
CORD_ORD_419;PROD_13;1;1
CORD_ORD_419;PROD_14;1;1
CORD_ORD_419;PROD_18;1;1
CORD_ORD_419;PROD_19;1;1
CORD_ORD_419;PROD_2;1;1
CORD_ORD_419;PROD_3;1;1
CORD_ORD_419;PROD_33;1;1
CORD_ORD_419;PROD_36;1;1
CORD_ORD_419;PROD_37;1;1
CORD_ORD_419;PROD_44;1;1
CORD_ORD_419;PROD_45;1;1
CORD_ORD_419;PROD_46;1;1
CORD_ORD_419;PROD_48;1;1
CORD_ORD_419;PROD_9;1;1
CORD_ORD_420;PROD_11;1;1
CORD_ORD_420;PROD_14;1;1
CORD_ORD_420;PROD_15;1;1
CORD_ORD_420;PROD_16;1;1
CORD_ORD_420;PROD_17;1;1
CORD_ORD_420;PROD_18;1;1
CORD_ORD_420;PROD_19;1;1
CORD_ORD_420;PROD_2;1;1
CORD_ORD_420;PROD_23;1;1
CORD_ORD_420;PROD_25;1;1
CORD_ORD_420;PROD_27;1;1
CORD_ORD_420;PROD_32;1;1
CORD_ORD_420;PROD_36;1;1
CORD_ORD_420;PROD_41;1;1
CORD_ORD_420;PROD_42;1;1
CORD_ORD_420;PROD_45;1;1
CORD_ORD_420;PROD_46;1;1
CORD_ORD_420;PROD_48;1;1
CORD_ORD_420;PROD_49;1;1
CORD_ORD_420;PROD_9;1;1
CORD_ORD_421;PROD_11;1;1
CORD_ORD_421;PROD_14;1;1
CORD_ORD_421;PROD_15;1;1
CORD_ORD_421;PROD_18;1;1
CORD_ORD_421;PROD_2;1;1
CORD_ORD_421;PROD_22;1;1
CORD_ORD_421;PROD_28;1;1
CORD_ORD_421;PROD_29;1;1
CORD_ORD_421;PROD_30;1;1
CORD_ORD_421;PROD_31;1;1
CORD_ORD_421;PROD_32;1;1
CORD_ORD_421;PROD_36;1;1
CORD_ORD_421;PROD_37;1;1
CORD_ORD_421;PROD_44;1;1
CORD_ORD_421;PROD_46;1;1
CORD_ORD_421;PROD_48;1;1
CORD_ORD_421;PROD_8;1;1
CORD_ORD_421;PROD_9;1;1
CORD_ORD_422;PROD_1;1;1
CORD_ORD_422;PROD_16;1;1
CORD_ORD_422;PROD_22;1;1
CORD_ORD_422;PROD_25;1;1
CORD_ORD_422;PROD_28;1;1
CORD_ORD_422;PROD_29;1;1
CORD_ORD_422;PROD_3;1;1
CORD_ORD_422;PROD_31;1;1
CORD_ORD_422;PROD_50;1;1
CORD_ORD_422;PROD_6;1;1
CORD_ORD_423;PROD_1;1;1
CORD_ORD_423;PROD_12;1;1
CORD_ORD_423;PROD_16;1;1
CORD_ORD_423;PROD_17;1;1
CORD_ORD_423;PROD_18;1;1
CORD_ORD_423;PROD_2;1;1
CORD_ORD_423;PROD_25;1;1
CORD_ORD_423;PROD_26;1;1
CORD_ORD_423;PROD_3;1;1
CORD_ORD_423;PROD_30;1;1
CORD_ORD_423;PROD_40;1;1
CORD_ORD_423;PROD_41;1;1
CORD_ORD_423;PROD_47;1;1
CORD_ORD_423;PROD_8;1;1
CORD_ORD_424;PROD_10;1;1
CORD_ORD_424;PROD_12;1;1
CORD_ORD_424;PROD_13;1;1
CORD_ORD_424;PROD_17;1;1
CORD_ORD_424;PROD_26;1;1
CORD_ORD_424;PROD_33;1;1
CORD_ORD_424;PROD_38;1;1
CORD_ORD_424;PROD_4;1;1
CORD_ORD_424;PROD_40;1;1
CORD_ORD_424;PROD_41;1;1
CORD_ORD_424;PROD_43;1;1
CORD_ORD_424;PROD_47;1;1
CORD_ORD_425;PROD_10;1;1
CORD_ORD_425;PROD_11;1;1
CORD_ORD_425;PROD_15;1;1
CORD_ORD_425;PROD_21;1;1
CORD_ORD_425;PROD_23;1;1
CORD_ORD_425;PROD_24;1;1
CORD_ORD_425;PROD_29;1;1
CORD_ORD_425;PROD_30;1;1
CORD_ORD_425;PROD_31;1;1
CORD_ORD_425;PROD_32;1;1
CORD_ORD_425;PROD_35;1;1
CORD_ORD_425;PROD_42;1;1
CORD_ORD_425;PROD_43;1;1
CORD_ORD_425;PROD_48;1;1
CORD_ORD_425;PROD_7;1;1
CORD_ORD_425;PROD_8;1;1
CORD_ORD_426;PROD_10;1;1
CORD_ORD_426;PROD_11;1;1
CORD_ORD_426;PROD_13;1;1
CORD_ORD_426;PROD_14;1;1
CORD_ORD_426;PROD_16;1;1
CORD_ORD_426;PROD_19;1;1
CORD_ORD_426;PROD_25;1;1
CORD_ORD_426;PROD_29;1;1
CORD_ORD_426;PROD_30;1;1
CORD_ORD_426;PROD_31;1;1
CORD_ORD_426;PROD_33;1;1
CORD_ORD_426;PROD_37;1;1
CORD_ORD_426;PROD_43;1;1
CORD_ORD_426;PROD_44;1;1
CORD_ORD_426;PROD_45;1;1
CORD_ORD_426;PROD_48;1;1
CORD_ORD_426;PROD_8;1;1
CORD_ORD_426;PROD_9;1;1
CORD_ORD_427;PROD_10;1;1
CORD_ORD_427;PROD_11;1;1
CORD_ORD_427;PROD_14;1;1
CORD_ORD_427;PROD_18;1;1
CORD_ORD_427;PROD_2;1;1
CORD_ORD_427;PROD_21;1;1
CORD_ORD_427;PROD_24;1;1
CORD_ORD_427;PROD_27;1;1
CORD_ORD_427;PROD_29;1;1
CORD_ORD_427;PROD_31;1;1
CORD_ORD_427;PROD_43;1;1
CORD_ORD_427;PROD_48;1;1
CORD_ORD_427;PROD_49;1;1
CORD_ORD_427;PROD_50;1;1
CORD_ORD_427;PROD_6;1;1
CORD_ORD_427;PROD_9;1;1
CORD_ORD_428;PROD_11;1;1
CORD_ORD_428;PROD_12;1;1
CORD_ORD_428;PROD_15;1;1
CORD_ORD_428;PROD_26;1;1
CORD_ORD_428;PROD_27;1;1
CORD_ORD_428;PROD_29;1;1
CORD_ORD_428;PROD_31;1;1
CORD_ORD_428;PROD_32;1;1
CORD_ORD_428;PROD_48;1;1
CORD_ORD_428;PROD_49;1;1
CORD_ORD_429;PROD_13;1;1
CORD_ORD_429;PROD_14;1;1
CORD_ORD_429;PROD_33;1;1
CORD_ORD_429;PROD_36;1;1
CORD_ORD_429;PROD_38;1;1
CORD_ORD_429;PROD_4;1;1
CORD_ORD_429;PROD_46;1;1
CORD_ORD_429;PROD_9;1;1
CORD_ORD_430;PROD_1;1;1
CORD_ORD_430;PROD_14;1;1
CORD_ORD_430;PROD_27;1;1
CORD_ORD_430;PROD_3;1;1
CORD_ORD_430;PROD_40;1;1
CORD_ORD_430;PROD_47;1;1
CORD_ORD_430;PROD_49;1;1
CORD_ORD_430;PROD_9;1;1
CORD_ORD_431;PROD_11;1;1
CORD_ORD_431;PROD_12;1;1
CORD_ORD_431;PROD_15;1;1
CORD_ORD_431;PROD_20;1;1
CORD_ORD_431;PROD_21;1;1
CORD_ORD_431;PROD_24;1;1
CORD_ORD_431;PROD_26;1;1
CORD_ORD_431;PROD_27;1;1
CORD_ORD_431;PROD_29;1;1
CORD_ORD_431;PROD_30;1;1
CORD_ORD_431;PROD_31;1;1
CORD_ORD_431;PROD_32;1;1
CORD_ORD_431;PROD_36;1;1
CORD_ORD_431;PROD_38;1;1
CORD_ORD_431;PROD_39;1;1
CORD_ORD_431;PROD_4;1;1
CORD_ORD_431;PROD_46;1;1
CORD_ORD_431;PROD_48;1;1
CORD_ORD_431;PROD_49;1;1
CORD_ORD_431;PROD_50;1;1
CORD_ORD_431;PROD_6;1;1
CORD_ORD_431;PROD_8;1;1
CORD_ORD_432;PROD_1;1;1
CORD_ORD_432;PROD_10;1;1
CORD_ORD_432;PROD_15;1;1
CORD_ORD_432;PROD_16;1;1
CORD_ORD_432;PROD_17;1;1
CORD_ORD_432;PROD_20;1;1
CORD_ORD_432;PROD_22;1;1
CORD_ORD_432;PROD_25;1;1
CORD_ORD_432;PROD_28;1;1
CORD_ORD_432;PROD_29;1;1
CORD_ORD_432;PROD_3;1;1
CORD_ORD_432;PROD_30;1;1
CORD_ORD_432;PROD_31;1;1
CORD_ORD_432;PROD_32;1;1
CORD_ORD_432;PROD_35;1;1
CORD_ORD_432;PROD_36;1;1
CORD_ORD_432;PROD_39;1;1
CORD_ORD_432;PROD_41;1;1
CORD_ORD_432;PROD_43;1;1
CORD_ORD_432;PROD_46;1;1
CORD_ORD_432;PROD_50;1;1
CORD_ORD_432;PROD_6;1;1
CORD_ORD_432;PROD_7;1;1
CORD_ORD_432;PROD_8;1;1
CORD_ORD_433;PROD_1;1;1
CORD_ORD_433;PROD_10;1;1
CORD_ORD_433;PROD_11;1;1
CORD_ORD_433;PROD_12;1;1
CORD_ORD_433;PROD_13;1;1
CORD_ORD_433;PROD_14;1;1
CORD_ORD_433;PROD_15;1;1
CORD_ORD_433;PROD_18;1;1
CORD_ORD_433;PROD_2;1;1
CORD_ORD_433;PROD_20;1;1
CORD_ORD_433;PROD_23;1;1
CORD_ORD_433;PROD_26;1;1
CORD_ORD_433;PROD_27;1;1
CORD_ORD_433;PROD_3;1;1
CORD_ORD_433;PROD_32;1;1
CORD_ORD_433;PROD_33;1;1
CORD_ORD_433;PROD_38;1;1
CORD_ORD_433;PROD_39;1;1
CORD_ORD_433;PROD_4;1;1
CORD_ORD_433;PROD_40;1;1
CORD_ORD_433;PROD_42;1;1
CORD_ORD_433;PROD_43;1;1
CORD_ORD_433;PROD_47;1;1
CORD_ORD_433;PROD_48;1;1
CORD_ORD_433;PROD_49;1;1
CORD_ORD_433;PROD_9;1;1
CORD_ORD_434;PROD_10;1;1
CORD_ORD_434;PROD_17;1;1
CORD_ORD_434;PROD_19;1;1
CORD_ORD_434;PROD_20;1;1
CORD_ORD_434;PROD_21;1;1
CORD_ORD_434;PROD_22;1;1
CORD_ORD_434;PROD_24;1;1
CORD_ORD_434;PROD_27;1;1
CORD_ORD_434;PROD_28;1;1
CORD_ORD_434;PROD_29;1;1
CORD_ORD_434;PROD_31;1;1
CORD_ORD_434;PROD_34;1;1
CORD_ORD_434;PROD_35;1;1
CORD_ORD_434;PROD_39;1;1
CORD_ORD_434;PROD_41;1;1
CORD_ORD_434;PROD_43;1;1
CORD_ORD_434;PROD_45;1;1
CORD_ORD_434;PROD_49;1;1
CORD_ORD_434;PROD_5;1;1
CORD_ORD_434;PROD_7;1;1
CORD_ORD_435;PROD_1;1;1
CORD_ORD_435;PROD_10;1;1
CORD_ORD_435;PROD_15;1;1
CORD_ORD_435;PROD_16;1;1
CORD_ORD_435;PROD_22;1;1
CORD_ORD_435;PROD_25;1;1
CORD_ORD_435;PROD_28;1;1
CORD_ORD_435;PROD_3;1;1
CORD_ORD_435;PROD_30;1;1
CORD_ORD_435;PROD_32;1;1
CORD_ORD_435;PROD_36;1;1
CORD_ORD_435;PROD_43;1;1
CORD_ORD_435;PROD_46;1;1
CORD_ORD_435;PROD_8;1;1
CORD_ORD_436;PROD_12;1;1
CORD_ORD_436;PROD_20;1;1
CORD_ORD_436;PROD_26;1;1
CORD_ORD_436;PROD_30;1;1
CORD_ORD_436;PROD_36;1;1
CORD_ORD_436;PROD_38;1;1
CORD_ORD_436;PROD_39;1;1
CORD_ORD_436;PROD_4;1;1
CORD_ORD_436;PROD_46;1;1
CORD_ORD_436;PROD_8;1;1
CORD_ORD_437;PROD_10;1;1
CORD_ORD_437;PROD_11;1;1
CORD_ORD_437;PROD_14;1;1
CORD_ORD_437;PROD_18;1;1
CORD_ORD_437;PROD_2;1;1
CORD_ORD_437;PROD_29;1;1
CORD_ORD_437;PROD_30;1;1
CORD_ORD_437;PROD_31;1;1
CORD_ORD_437;PROD_35;1;1
CORD_ORD_437;PROD_36;1;1
CORD_ORD_437;PROD_43;1;1
CORD_ORD_437;PROD_46;1;1
CORD_ORD_437;PROD_48;1;1
CORD_ORD_437;PROD_7;1;1
CORD_ORD_437;PROD_8;1;1
CORD_ORD_437;PROD_9;1;1
CORD_ORD_438;PROD_10;1;1
CORD_ORD_438;PROD_15;1;1
CORD_ORD_438;PROD_21;1;1
CORD_ORD_438;PROD_22;1;1
CORD_ORD_438;PROD_23;1;1
CORD_ORD_438;PROD_24;1;1
CORD_ORD_438;PROD_28;1;1
CORD_ORD_438;PROD_29;1;1
CORD_ORD_438;PROD_31;1;1
CORD_ORD_438;PROD_32;1;1
CORD_ORD_438;PROD_37;1;1
CORD_ORD_438;PROD_42;1;1
CORD_ORD_438;PROD_43;1;1
CORD_ORD_438;PROD_44;1;1
CORD_ORD_438;PROD_50;1;1
CORD_ORD_438;PROD_6;1;1
CORD_ORD_439;PROD_10;1;1
CORD_ORD_439;PROD_11;1;1
CORD_ORD_439;PROD_13;1;1
CORD_ORD_439;PROD_14;1;1
CORD_ORD_439;PROD_15;1;1
CORD_ORD_439;PROD_17;1;1
CORD_ORD_439;PROD_19;1;1
CORD_ORD_439;PROD_21;1;1
CORD_ORD_439;PROD_22;1;1
CORD_ORD_439;PROD_24;1;1
CORD_ORD_439;PROD_28;1;1
CORD_ORD_439;PROD_29;1;1
CORD_ORD_439;PROD_31;1;1
CORD_ORD_439;PROD_32;1;1
CORD_ORD_439;PROD_33;1;1
CORD_ORD_439;PROD_37;1;1
CORD_ORD_439;PROD_41;1;1
CORD_ORD_439;PROD_43;1;1
CORD_ORD_439;PROD_44;1;1
CORD_ORD_439;PROD_45;1;1
CORD_ORD_439;PROD_48;1;1
CORD_ORD_439;PROD_50;1;1
CORD_ORD_439;PROD_6;1;1
CORD_ORD_439;PROD_9;1;1
CORD_ORD_440;PROD_20;1;1
CORD_ORD_440;PROD_30;1;1
CORD_ORD_440;PROD_36;1;1
CORD_ORD_440;PROD_38;1;1
CORD_ORD_440;PROD_39;1;1
CORD_ORD_440;PROD_4;1;1
CORD_ORD_440;PROD_46;1;1
CORD_ORD_440;PROD_8;1;1
CORD_ORD_441;PROD_10;1;1
CORD_ORD_441;PROD_11;1;1
CORD_ORD_441;PROD_16;1;1
CORD_ORD_441;PROD_25;1;1
CORD_ORD_441;PROD_29;1;1
CORD_ORD_441;PROD_30;1;1
CORD_ORD_441;PROD_31;1;1
CORD_ORD_441;PROD_43;1;1
CORD_ORD_441;PROD_48;1;1
CORD_ORD_441;PROD_50;1;1
CORD_ORD_441;PROD_6;1;1
CORD_ORD_441;PROD_8;1;1
CORD_ORD_442;PROD_10;1;1
CORD_ORD_442;PROD_13;1;1
CORD_ORD_442;PROD_20;1;1
CORD_ORD_442;PROD_22;1;1
CORD_ORD_442;PROD_28;1;1
CORD_ORD_442;PROD_33;1;1
CORD_ORD_442;PROD_36;1;1
CORD_ORD_442;PROD_39;1;1
CORD_ORD_442;PROD_40;1;1
CORD_ORD_442;PROD_43;1;1
CORD_ORD_442;PROD_46;1;1
CORD_ORD_442;PROD_47;1;1
CORD_ORD_442;PROD_50;1;1
CORD_ORD_442;PROD_6;1;1
CORD_ORD_443;PROD_10;1;1
CORD_ORD_443;PROD_15;1;1
CORD_ORD_443;PROD_16;1;1
CORD_ORD_443;PROD_19;1;1
CORD_ORD_443;PROD_22;1;1
CORD_ORD_443;PROD_25;1;1
CORD_ORD_443;PROD_28;1;1
CORD_ORD_443;PROD_30;1;1
CORD_ORD_443;PROD_32;1;1
CORD_ORD_443;PROD_34;1;1
CORD_ORD_443;PROD_40;1;1
CORD_ORD_443;PROD_43;1;1
CORD_ORD_443;PROD_45;1;1
CORD_ORD_443;PROD_47;1;1
CORD_ORD_443;PROD_5;1;1
CORD_ORD_443;PROD_8;1;1
CORD_ORD_444;PROD_10;1;1
CORD_ORD_444;PROD_11;1;1
CORD_ORD_444;PROD_13;1;1
CORD_ORD_444;PROD_17;1;1
CORD_ORD_444;PROD_19;1;1
CORD_ORD_444;PROD_33;1;1
CORD_ORD_444;PROD_37;1;1
CORD_ORD_444;PROD_41;1;1
CORD_ORD_444;PROD_43;1;1
CORD_ORD_444;PROD_44;1;1
CORD_ORD_444;PROD_45;1;1
CORD_ORD_444;PROD_48;1;1
CORD_ORD_445;PROD_1;1;1
CORD_ORD_445;PROD_10;1;1
CORD_ORD_445;PROD_20;1;1
CORD_ORD_445;PROD_3;1;1
CORD_ORD_445;PROD_30;1;1
CORD_ORD_445;PROD_36;1;1
CORD_ORD_445;PROD_39;1;1
CORD_ORD_445;PROD_43;1;1
CORD_ORD_445;PROD_46;1;1
CORD_ORD_445;PROD_8;1;1
CORD_ORD_446;PROD_10;1;1
CORD_ORD_446;PROD_11;1;1
CORD_ORD_446;PROD_15;1;1
CORD_ORD_446;PROD_22;1;1
CORD_ORD_446;PROD_28;1;1
CORD_ORD_446;PROD_32;1;1
CORD_ORD_446;PROD_37;1;1
CORD_ORD_446;PROD_43;1;1
CORD_ORD_446;PROD_44;1;1
CORD_ORD_446;PROD_48;1;1
CORD_ORD_447;PROD_1;1;1
CORD_ORD_447;PROD_10;1;1
CORD_ORD_447;PROD_11;1;1
CORD_ORD_447;PROD_13;1;1
CORD_ORD_447;PROD_14;1;1
CORD_ORD_447;PROD_19;1;1
CORD_ORD_447;PROD_21;1;1
CORD_ORD_447;PROD_24;1;1
CORD_ORD_447;PROD_3;1;1
CORD_ORD_447;PROD_33;1;1
CORD_ORD_447;PROD_34;1;1
CORD_ORD_447;PROD_37;1;1
CORD_ORD_447;PROD_43;1;1
CORD_ORD_447;PROD_44;1;1
CORD_ORD_447;PROD_45;1;1
CORD_ORD_447;PROD_48;1;1
CORD_ORD_447;PROD_5;1;1
CORD_ORD_447;PROD_50;1;1
CORD_ORD_447;PROD_6;1;1
CORD_ORD_447;PROD_9;1;1
CORD_ORD_448;PROD_1;1;1
CORD_ORD_448;PROD_10;1;1
CORD_ORD_448;PROD_15;1;1
CORD_ORD_448;PROD_3;1;1
CORD_ORD_448;PROD_32;1;1
CORD_ORD_448;PROD_38;1;1
CORD_ORD_448;PROD_4;1;1
CORD_ORD_448;PROD_40;1;1
CORD_ORD_448;PROD_43;1;1
CORD_ORD_448;PROD_47;1;1
CORD_ORD_449;PROD_18;1;1
CORD_ORD_449;PROD_19;1;1
CORD_ORD_449;PROD_2;1;1
CORD_ORD_449;PROD_29;1;1
CORD_ORD_449;PROD_31;1;1
CORD_ORD_449;PROD_36;1;1
CORD_ORD_449;PROD_38;1;1
CORD_ORD_449;PROD_4;1;1
CORD_ORD_449;PROD_45;1;1
CORD_ORD_449;PROD_46;1;1
CORD_ORD_450;PROD_10;1;1
CORD_ORD_450;PROD_14;1;1
CORD_ORD_450;PROD_29;1;1
CORD_ORD_450;PROD_30;1;1
CORD_ORD_450;PROD_31;1;1
CORD_ORD_450;PROD_35;1;1
CORD_ORD_450;PROD_36;1;1
CORD_ORD_450;PROD_38;1;1
CORD_ORD_450;PROD_4;1;1
CORD_ORD_450;PROD_43;1;1
CORD_ORD_450;PROD_46;1;1
CORD_ORD_450;PROD_7;1;1
CORD_ORD_450;PROD_8;1;1
CORD_ORD_450;PROD_9;1;1
CORD_ORD_451;PROD_1;1;1
CORD_ORD_451;PROD_11;1;1
CORD_ORD_451;PROD_16;1;1
CORD_ORD_451;PROD_22;1;1
CORD_ORD_451;PROD_23;1;1
CORD_ORD_451;PROD_25;1;1
CORD_ORD_451;PROD_28;1;1
CORD_ORD_451;PROD_3;1;1
CORD_ORD_451;PROD_30;1;1
CORD_ORD_451;PROD_34;1;1
CORD_ORD_451;PROD_36;1;1
CORD_ORD_451;PROD_42;1;1
CORD_ORD_451;PROD_46;1;1
CORD_ORD_451;PROD_48;1;1
CORD_ORD_451;PROD_5;1;1
CORD_ORD_451;PROD_8;1;1
CORD_ORD_452;PROD_1;1;1
CORD_ORD_452;PROD_10;1;1
CORD_ORD_452;PROD_15;1;1
CORD_ORD_452;PROD_16;1;1
CORD_ORD_452;PROD_19;1;1
CORD_ORD_452;PROD_25;1;1
CORD_ORD_452;PROD_29;1;1
CORD_ORD_452;PROD_3;1;1
CORD_ORD_452;PROD_30;1;1
CORD_ORD_452;PROD_31;1;1
CORD_ORD_452;PROD_32;1;1
CORD_ORD_452;PROD_34;1;1
CORD_ORD_452;PROD_37;1;1
CORD_ORD_452;PROD_38;1;1
CORD_ORD_452;PROD_4;1;1
CORD_ORD_452;PROD_40;1;1
CORD_ORD_452;PROD_43;1;1
CORD_ORD_452;PROD_44;1;1
CORD_ORD_452;PROD_45;1;1
CORD_ORD_452;PROD_47;1;1
CORD_ORD_452;PROD_5;1;1
CORD_ORD_452;PROD_8;1;1
CORD_ORD_453;PROD_1;1;1
CORD_ORD_453;PROD_12;1;1
CORD_ORD_453;PROD_16;1;1
CORD_ORD_453;PROD_18;1;1
CORD_ORD_453;PROD_2;1;1
CORD_ORD_453;PROD_20;1;1
CORD_ORD_453;PROD_21;1;1
CORD_ORD_453;PROD_22;1;1
CORD_ORD_453;PROD_24;1;1
CORD_ORD_453;PROD_25;1;1
CORD_ORD_453;PROD_26;1;1
CORD_ORD_453;PROD_28;1;1
CORD_ORD_453;PROD_3;1;1
CORD_ORD_453;PROD_30;1;1
CORD_ORD_453;PROD_36;1;1
CORD_ORD_453;PROD_38;1;1
CORD_ORD_453;PROD_39;1;1
CORD_ORD_453;PROD_4;1;1
CORD_ORD_453;PROD_46;1;1
CORD_ORD_453;PROD_8;1;1
CORD_ORD_454;PROD_10;1;1
CORD_ORD_454;PROD_11;1;1
CORD_ORD_454;PROD_13;1;1
CORD_ORD_454;PROD_17;1;1
CORD_ORD_454;PROD_33;1;1
CORD_ORD_454;PROD_37;1;1
CORD_ORD_454;PROD_41;1;1
CORD_ORD_454;PROD_43;1;1
CORD_ORD_454;PROD_44;1;1
CORD_ORD_454;PROD_48;1;1
CORD_ORD_455;PROD_11;1;1
CORD_ORD_455;PROD_13;1;1
CORD_ORD_455;PROD_19;1;1
CORD_ORD_455;PROD_20;1;1
CORD_ORD_455;PROD_21;1;1
CORD_ORD_455;PROD_24;1;1
CORD_ORD_455;PROD_30;1;1
CORD_ORD_455;PROD_33;1;1
CORD_ORD_455;PROD_36;1;1
CORD_ORD_455;PROD_37;1;1
CORD_ORD_455;PROD_38;1;1
CORD_ORD_455;PROD_39;1;1
CORD_ORD_455;PROD_4;1;1
CORD_ORD_455;PROD_44;1;1
CORD_ORD_455;PROD_45;1;1
CORD_ORD_455;PROD_46;1;1
CORD_ORD_455;PROD_48;1;1
CORD_ORD_455;PROD_8;1;1
CORD_ORD_456;PROD_1;1;1
CORD_ORD_456;PROD_10;1;1
CORD_ORD_456;PROD_13;1;1
CORD_ORD_456;PROD_19;1;1
CORD_ORD_456;PROD_3;1;1
CORD_ORD_456;PROD_30;1;1
CORD_ORD_456;PROD_33;1;1
CORD_ORD_456;PROD_36;1;1
CORD_ORD_456;PROD_37;1;1
CORD_ORD_456;PROD_43;1;1
CORD_ORD_456;PROD_44;1;1
CORD_ORD_456;PROD_45;1;1
CORD_ORD_456;PROD_46;1;1
CORD_ORD_456;PROD_8;1;1
CORD_ORD_457;PROD_1;1;1
CORD_ORD_457;PROD_12;1;1
CORD_ORD_457;PROD_26;1;1
CORD_ORD_457;PROD_3;1;1
CORD_ORD_457;PROD_36;1;1
CORD_ORD_457;PROD_38;1;1
CORD_ORD_457;PROD_4;1;1
CORD_ORD_457;PROD_46;1;1
CORD_ORD_458;PROD_1;1;1
CORD_ORD_458;PROD_10;1;1
CORD_ORD_458;PROD_13;1;1
CORD_ORD_458;PROD_14;1;1
CORD_ORD_458;PROD_16;1;1
CORD_ORD_458;PROD_18;1;1
CORD_ORD_458;PROD_2;1;1
CORD_ORD_458;PROD_20;1;1
CORD_ORD_458;PROD_22;1;1
CORD_ORD_458;PROD_25;1;1
CORD_ORD_458;PROD_28;1;1
CORD_ORD_458;PROD_3;1;1
CORD_ORD_458;PROD_33;1;1
CORD_ORD_458;PROD_36;1;1
CORD_ORD_458;PROD_37;1;1
CORD_ORD_458;PROD_39;1;1
CORD_ORD_458;PROD_43;1;1
CORD_ORD_458;PROD_44;1;1
CORD_ORD_458;PROD_46;1;1
CORD_ORD_458;PROD_9;1;1
CORD_ORD_459;PROD_11;1;1
CORD_ORD_459;PROD_12;1;1
CORD_ORD_459;PROD_16;1;1
CORD_ORD_459;PROD_23;1;1
CORD_ORD_459;PROD_25;1;1
CORD_ORD_459;PROD_26;1;1
CORD_ORD_459;PROD_35;1;1
CORD_ORD_459;PROD_42;1;1
CORD_ORD_459;PROD_48;1;1
CORD_ORD_459;PROD_7;1;1
CORD_ORD_460;PROD_1;1;1
CORD_ORD_460;PROD_10;1;1
CORD_ORD_460;PROD_15;1;1
CORD_ORD_460;PROD_19;1;1
CORD_ORD_460;PROD_20;1;1
CORD_ORD_460;PROD_22;1;1
CORD_ORD_460;PROD_23;1;1
CORD_ORD_460;PROD_28;1;1
CORD_ORD_460;PROD_29;1;1
CORD_ORD_460;PROD_3;1;1
CORD_ORD_460;PROD_31;1;1
CORD_ORD_460;PROD_32;1;1
CORD_ORD_460;PROD_34;1;1
CORD_ORD_460;PROD_38;1;1
CORD_ORD_460;PROD_39;1;1
CORD_ORD_460;PROD_4;1;1
CORD_ORD_460;PROD_42;1;1
CORD_ORD_460;PROD_43;1;1
CORD_ORD_460;PROD_45;1;1
CORD_ORD_460;PROD_5;1;1
CORD_ORD_460;PROD_50;1;1
CORD_ORD_460;PROD_6;1;1
CORD_ORD_461;PROD_1;1;1
CORD_ORD_461;PROD_16;1;1
CORD_ORD_461;PROD_17;1;1
CORD_ORD_461;PROD_18;1;1
CORD_ORD_461;PROD_2;1;1
CORD_ORD_461;PROD_21;1;1
CORD_ORD_461;PROD_24;1;1
CORD_ORD_461;PROD_25;1;1
CORD_ORD_461;PROD_27;1;1
CORD_ORD_461;PROD_3;1;1
CORD_ORD_461;PROD_30;1;1
CORD_ORD_461;PROD_41;1;1
CORD_ORD_461;PROD_49;1;1
CORD_ORD_461;PROD_8;1;1
CORD_ORD_462;PROD_13;1;1
CORD_ORD_462;PROD_19;1;1
CORD_ORD_462;PROD_29;1;1
CORD_ORD_462;PROD_31;1;1
CORD_ORD_462;PROD_33;1;1
CORD_ORD_462;PROD_38;1;1
CORD_ORD_462;PROD_4;1;1
CORD_ORD_462;PROD_45;1;1
CORD_ORD_462;PROD_50;1;1
CORD_ORD_462;PROD_6;1;1
CORD_ORD_463;PROD_11;1;1
CORD_ORD_463;PROD_13;1;1
CORD_ORD_463;PROD_19;1;1
CORD_ORD_463;PROD_30;1;1
CORD_ORD_463;PROD_33;1;1
CORD_ORD_463;PROD_37;1;1
CORD_ORD_463;PROD_44;1;1
CORD_ORD_463;PROD_45;1;1
CORD_ORD_463;PROD_48;1;1
CORD_ORD_463;PROD_8;1;1
CORD_ORD_464;PROD_10;1;1
CORD_ORD_464;PROD_15;1;1
CORD_ORD_464;PROD_16;1;1
CORD_ORD_464;PROD_17;1;1
CORD_ORD_464;PROD_25;1;1
CORD_ORD_464;PROD_29;1;1
CORD_ORD_464;PROD_30;1;1
CORD_ORD_464;PROD_31;1;1
CORD_ORD_464;PROD_32;1;1
CORD_ORD_464;PROD_34;1;1
CORD_ORD_464;PROD_38;1;1
CORD_ORD_464;PROD_4;1;1
CORD_ORD_464;PROD_40;1;1
CORD_ORD_464;PROD_41;1;1
CORD_ORD_464;PROD_43;1;1
CORD_ORD_464;PROD_47;1;1
CORD_ORD_464;PROD_5;1;1
CORD_ORD_464;PROD_8;1;1
CORD_ORD_465;PROD_10;1;1
CORD_ORD_465;PROD_11;1;1
CORD_ORD_465;PROD_14;1;1
CORD_ORD_465;PROD_15;1;1
CORD_ORD_465;PROD_18;1;1
CORD_ORD_465;PROD_19;1;1
CORD_ORD_465;PROD_2;1;1
CORD_ORD_465;PROD_22;1;1
CORD_ORD_465;PROD_28;1;1
CORD_ORD_465;PROD_32;1;1
CORD_ORD_465;PROD_36;1;1
CORD_ORD_465;PROD_37;1;1
CORD_ORD_465;PROD_38;1;1
CORD_ORD_465;PROD_4;1;1
CORD_ORD_465;PROD_43;1;1
CORD_ORD_465;PROD_44;1;1
CORD_ORD_465;PROD_45;1;1
CORD_ORD_465;PROD_46;1;1
CORD_ORD_465;PROD_48;1;1
CORD_ORD_465;PROD_9;1;1
CORD_ORD_466;PROD_1;1;1
CORD_ORD_466;PROD_10;1;1
CORD_ORD_466;PROD_20;1;1
CORD_ORD_466;PROD_3;1;1
CORD_ORD_466;PROD_30;1;1
CORD_ORD_466;PROD_36;1;1
CORD_ORD_466;PROD_38;1;1
CORD_ORD_466;PROD_39;1;1
CORD_ORD_466;PROD_4;1;1
CORD_ORD_466;PROD_43;1;1
CORD_ORD_466;PROD_46;1;1
CORD_ORD_466;PROD_8;1;1
CORD_ORD_467;PROD_1;1;1
CORD_ORD_467;PROD_10;1;1
CORD_ORD_467;PROD_16;1;1
CORD_ORD_467;PROD_18;1;1
CORD_ORD_467;PROD_2;1;1
CORD_ORD_467;PROD_25;1;1
CORD_ORD_467;PROD_3;1;1
CORD_ORD_467;PROD_30;1;1
CORD_ORD_467;PROD_36;1;1
CORD_ORD_467;PROD_37;1;1
CORD_ORD_467;PROD_38;1;1
CORD_ORD_467;PROD_4;1;1
CORD_ORD_467;PROD_43;1;1
CORD_ORD_467;PROD_44;1;1
CORD_ORD_467;PROD_46;1;1
CORD_ORD_467;PROD_8;1;1
CORD_ORD_468;PROD_12;1;1
CORD_ORD_468;PROD_17;1;1
CORD_ORD_468;PROD_21;1;1
CORD_ORD_468;PROD_24;1;1
CORD_ORD_468;PROD_26;1;1
CORD_ORD_468;PROD_38;1;1
CORD_ORD_468;PROD_4;1;1
CORD_ORD_468;PROD_41;1;1
CORD_ORD_469;PROD_14;1;1
CORD_ORD_469;PROD_15;1;1
CORD_ORD_469;PROD_19;1;1
CORD_ORD_469;PROD_21;1;1
CORD_ORD_469;PROD_24;1;1
CORD_ORD_469;PROD_29;1;1
CORD_ORD_469;PROD_31;1;1
CORD_ORD_469;PROD_32;1;1
CORD_ORD_469;PROD_35;1;1
CORD_ORD_469;PROD_37;1;1
CORD_ORD_469;PROD_40;1;1
CORD_ORD_469;PROD_44;1;1
CORD_ORD_469;PROD_45;1;1
CORD_ORD_469;PROD_47;1;1
CORD_ORD_469;PROD_7;1;1
CORD_ORD_469;PROD_9;1;1
CORD_ORD_470;PROD_1;1;1
CORD_ORD_470;PROD_10;1;1
CORD_ORD_470;PROD_17;1;1
CORD_ORD_470;PROD_22;1;1
CORD_ORD_470;PROD_27;1;1
CORD_ORD_470;PROD_28;1;1
CORD_ORD_470;PROD_3;1;1
CORD_ORD_470;PROD_35;1;1
CORD_ORD_470;PROD_38;1;1
CORD_ORD_470;PROD_4;1;1
CORD_ORD_470;PROD_41;1;1
CORD_ORD_470;PROD_43;1;1
CORD_ORD_470;PROD_49;1;1
CORD_ORD_470;PROD_50;1;1
CORD_ORD_470;PROD_6;1;1
CORD_ORD_470;PROD_7;1;1
CORD_ORD_471;PROD_11;1;1
CORD_ORD_471;PROD_13;1;1
CORD_ORD_471;PROD_19;1;1
CORD_ORD_471;PROD_22;1;1
CORD_ORD_471;PROD_28;1;1
CORD_ORD_471;PROD_33;1;1
CORD_ORD_471;PROD_37;1;1
CORD_ORD_471;PROD_38;1;1
CORD_ORD_471;PROD_4;1;1
CORD_ORD_471;PROD_40;1;1
CORD_ORD_471;PROD_44;1;1
CORD_ORD_471;PROD_45;1;1
CORD_ORD_471;PROD_47;1;1
CORD_ORD_471;PROD_48;1;1
CORD_ORD_472;PROD_10;1;1
CORD_ORD_472;PROD_11;1;1
CORD_ORD_472;PROD_12;1;1
CORD_ORD_472;PROD_14;1;1
CORD_ORD_472;PROD_17;1;1
CORD_ORD_472;PROD_21;1;1
CORD_ORD_472;PROD_24;1;1
CORD_ORD_472;PROD_26;1;1
CORD_ORD_472;PROD_35;1;1
CORD_ORD_472;PROD_41;1;1
CORD_ORD_472;PROD_43;1;1
CORD_ORD_472;PROD_48;1;1
CORD_ORD_472;PROD_7;1;1
CORD_ORD_472;PROD_9;1;1
CORD_ORD_473;PROD_11;1;1
CORD_ORD_473;PROD_13;1;1
CORD_ORD_473;PROD_14;1;1
CORD_ORD_473;PROD_16;1;1
CORD_ORD_473;PROD_18;1;1
CORD_ORD_473;PROD_2;1;1
CORD_ORD_473;PROD_20;1;1
CORD_ORD_473;PROD_25;1;1
CORD_ORD_473;PROD_29;1;1
CORD_ORD_473;PROD_31;1;1
CORD_ORD_473;PROD_33;1;1
CORD_ORD_473;PROD_34;1;1
CORD_ORD_473;PROD_39;1;1
CORD_ORD_473;PROD_40;1;1
CORD_ORD_473;PROD_47;1;1
CORD_ORD_473;PROD_48;1;1
CORD_ORD_473;PROD_5;1;1
CORD_ORD_473;PROD_9;1;1
CORD_ORD_474;PROD_10;1;1
CORD_ORD_474;PROD_11;1;1
CORD_ORD_474;PROD_12;1;1
CORD_ORD_474;PROD_15;1;1
CORD_ORD_474;PROD_17;1;1
CORD_ORD_474;PROD_18;1;1
CORD_ORD_474;PROD_2;1;1
CORD_ORD_474;PROD_26;1;1
CORD_ORD_474;PROD_27;1;1
CORD_ORD_474;PROD_29;1;1
CORD_ORD_474;PROD_31;1;1
CORD_ORD_474;PROD_32;1;1
CORD_ORD_474;PROD_37;1;1
CORD_ORD_474;PROD_38;1;1
CORD_ORD_474;PROD_4;1;1
CORD_ORD_474;PROD_41;1;1
CORD_ORD_474;PROD_43;1;1
CORD_ORD_474;PROD_44;1;1
CORD_ORD_474;PROD_48;1;1
CORD_ORD_474;PROD_49;1;1
CORD_ORD_474;PROD_50;1;1
CORD_ORD_474;PROD_6;1;1
CORD_ORD_475;PROD_13;1;1
CORD_ORD_475;PROD_19;1;1
CORD_ORD_475;PROD_21;1;1
CORD_ORD_475;PROD_23;1;1
CORD_ORD_475;PROD_24;1;1
CORD_ORD_475;PROD_33;1;1
CORD_ORD_475;PROD_37;1;1
CORD_ORD_475;PROD_42;1;1
CORD_ORD_475;PROD_44;1;1
CORD_ORD_475;PROD_45;1;1
CORD_ORD_476;PROD_11;1;1
CORD_ORD_476;PROD_15;1;1
CORD_ORD_476;PROD_19;1;1
CORD_ORD_476;PROD_27;1;1
CORD_ORD_476;PROD_29;1;1
CORD_ORD_476;PROD_31;1;1
CORD_ORD_476;PROD_32;1;1
CORD_ORD_476;PROD_45;1;1
CORD_ORD_476;PROD_48;1;1
CORD_ORD_476;PROD_49;1;1
CORD_ORD_477;PROD_1;1;1
CORD_ORD_477;PROD_10;1;1
CORD_ORD_477;PROD_3;1;1
CORD_ORD_477;PROD_30;1;1
CORD_ORD_477;PROD_36;1;1
CORD_ORD_477;PROD_43;1;1
CORD_ORD_477;PROD_46;1;1
CORD_ORD_477;PROD_8;1;1
CORD_ORD_478;PROD_10;1;1
CORD_ORD_478;PROD_12;1;1
CORD_ORD_478;PROD_15;1;1
CORD_ORD_478;PROD_16;1;1
CORD_ORD_478;PROD_17;1;1
CORD_ORD_478;PROD_21;1;1
CORD_ORD_478;PROD_24;1;1
CORD_ORD_478;PROD_25;1;1
CORD_ORD_478;PROD_26;1;1
CORD_ORD_478;PROD_29;1;1
CORD_ORD_478;PROD_31;1;1
CORD_ORD_478;PROD_32;1;1
CORD_ORD_478;PROD_34;1;1
CORD_ORD_478;PROD_38;1;1
CORD_ORD_478;PROD_4;1;1
CORD_ORD_478;PROD_41;1;1
CORD_ORD_478;PROD_43;1;1
CORD_ORD_478;PROD_5;1;1
CORD_ORD_479;PROD_11;1;1
CORD_ORD_479;PROD_12;1;1
CORD_ORD_479;PROD_13;1;1
CORD_ORD_479;PROD_20;1;1
CORD_ORD_479;PROD_21;1;1
CORD_ORD_479;PROD_23;1;1
CORD_ORD_479;PROD_24;1;1
CORD_ORD_479;PROD_26;1;1
CORD_ORD_479;PROD_33;1;1
CORD_ORD_479;PROD_34;1;1
CORD_ORD_479;PROD_35;1;1
CORD_ORD_479;PROD_39;1;1
CORD_ORD_479;PROD_42;1;1
CORD_ORD_479;PROD_48;1;1
CORD_ORD_479;PROD_5;1;1
CORD_ORD_479;PROD_7;1;1
CORD_ORD_480;PROD_10;1;1
CORD_ORD_480;PROD_11;1;1
CORD_ORD_480;PROD_17;1;1
CORD_ORD_480;PROD_19;1;1
CORD_ORD_480;PROD_21;1;1
CORD_ORD_480;PROD_23;1;1
CORD_ORD_480;PROD_24;1;1
CORD_ORD_480;PROD_29;1;1
CORD_ORD_480;PROD_31;1;1
CORD_ORD_480;PROD_34;1;1
CORD_ORD_480;PROD_35;1;1
CORD_ORD_480;PROD_37;1;1
CORD_ORD_480;PROD_41;1;1
CORD_ORD_480;PROD_42;1;1
CORD_ORD_480;PROD_43;1;1
CORD_ORD_480;PROD_44;1;1
CORD_ORD_480;PROD_45;1;1
CORD_ORD_480;PROD_48;1;1
CORD_ORD_480;PROD_5;1;1
CORD_ORD_480;PROD_7;1;1
CORD_ORD_481;PROD_1;1;1
CORD_ORD_481;PROD_16;1;1
CORD_ORD_481;PROD_22;1;1
CORD_ORD_481;PROD_25;1;1
CORD_ORD_481;PROD_28;1;1
CORD_ORD_481;PROD_3;1;1
CORD_ORD_482;PROD_10;1;1
CORD_ORD_482;PROD_22;1;1
CORD_ORD_482;PROD_28;1;1
CORD_ORD_482;PROD_29;1;1
CORD_ORD_482;PROD_30;1;1
CORD_ORD_482;PROD_31;1;1
CORD_ORD_482;PROD_43;1;1
CORD_ORD_482;PROD_8;1;1
CORD_ORD_483;PROD_17;1;1
CORD_ORD_483;PROD_20;1;1
CORD_ORD_483;PROD_27;1;1
CORD_ORD_483;PROD_29;1;1
CORD_ORD_483;PROD_30;1;1
CORD_ORD_483;PROD_31;1;1
CORD_ORD_483;PROD_36;1;1
CORD_ORD_483;PROD_38;1;1
CORD_ORD_483;PROD_39;1;1
CORD_ORD_483;PROD_4;1;1
CORD_ORD_483;PROD_41;1;1
CORD_ORD_483;PROD_46;1;1
CORD_ORD_483;PROD_49;1;1
CORD_ORD_483;PROD_8;1;1
CORD_ORD_484;PROD_10;1;1
CORD_ORD_484;PROD_20;1;1
CORD_ORD_484;PROD_27;1;1
CORD_ORD_484;PROD_35;1;1
CORD_ORD_484;PROD_39;1;1
CORD_ORD_484;PROD_40;1;1
CORD_ORD_484;PROD_43;1;1
CORD_ORD_484;PROD_47;1;1
CORD_ORD_484;PROD_49;1;1
CORD_ORD_484;PROD_7;1;1
CORD_ORD_485;PROD_1;1;1
CORD_ORD_485;PROD_11;1;1
CORD_ORD_485;PROD_19;1;1
CORD_ORD_485;PROD_22;1;1
CORD_ORD_485;PROD_27;1;1
CORD_ORD_485;PROD_28;1;1
CORD_ORD_485;PROD_3;1;1
CORD_ORD_485;PROD_37;1;1
CORD_ORD_485;PROD_38;1;1
CORD_ORD_485;PROD_4;1;1
CORD_ORD_485;PROD_44;1;1
CORD_ORD_485;PROD_45;1;1
CORD_ORD_485;PROD_48;1;1
CORD_ORD_485;PROD_49;1;1
CORD_ORD_486;PROD_10;1;1
CORD_ORD_486;PROD_11;1;1
CORD_ORD_486;PROD_15;1;1
CORD_ORD_486;PROD_27;1;1
CORD_ORD_486;PROD_29;1;1
CORD_ORD_486;PROD_31;1;1
CORD_ORD_486;PROD_32;1;1
CORD_ORD_486;PROD_34;1;1
CORD_ORD_486;PROD_37;1;1
CORD_ORD_486;PROD_43;1;1
CORD_ORD_486;PROD_44;1;1
CORD_ORD_486;PROD_48;1;1
CORD_ORD_486;PROD_49;1;1
CORD_ORD_486;PROD_5;1;1
CORD_ORD_487;PROD_10;1;1
CORD_ORD_487;PROD_12;1;1
CORD_ORD_487;PROD_14;1;1
CORD_ORD_487;PROD_15;1;1
CORD_ORD_487;PROD_16;1;1
CORD_ORD_487;PROD_17;1;1
CORD_ORD_487;PROD_22;1;1
CORD_ORD_487;PROD_25;1;1
CORD_ORD_487;PROD_26;1;1
CORD_ORD_487;PROD_27;1;1
CORD_ORD_487;PROD_28;1;1
CORD_ORD_487;PROD_30;1;1
CORD_ORD_487;PROD_32;1;1
CORD_ORD_487;PROD_34;1;1
CORD_ORD_487;PROD_37;1;1
CORD_ORD_487;PROD_41;1;1
CORD_ORD_487;PROD_43;1;1
CORD_ORD_487;PROD_44;1;1
CORD_ORD_487;PROD_49;1;1
CORD_ORD_487;PROD_5;1;1
CORD_ORD_487;PROD_50;1;1
CORD_ORD_487;PROD_6;1;1
CORD_ORD_487;PROD_8;1;1
CORD_ORD_487;PROD_9;1;1
CORD_ORD_488;PROD_1;1;1
CORD_ORD_488;PROD_16;1;1
CORD_ORD_488;PROD_25;1;1
CORD_ORD_488;PROD_27;1;1
CORD_ORD_488;PROD_3;1;1
CORD_ORD_488;PROD_36;1;1
CORD_ORD_488;PROD_46;1;1
CORD_ORD_488;PROD_49;1;1
CORD_ORD_489;PROD_11;1;1
CORD_ORD_489;PROD_12;1;1
CORD_ORD_489;PROD_13;1;1
CORD_ORD_489;PROD_20;1;1
CORD_ORD_489;PROD_22;1;1
CORD_ORD_489;PROD_23;1;1
CORD_ORD_489;PROD_26;1;1
CORD_ORD_489;PROD_27;1;1
CORD_ORD_489;PROD_28;1;1
CORD_ORD_489;PROD_33;1;1
CORD_ORD_489;PROD_35;1;1
CORD_ORD_489;PROD_37;1;1
CORD_ORD_489;PROD_39;1;1
CORD_ORD_489;PROD_42;1;1
CORD_ORD_489;PROD_44;1;1
CORD_ORD_489;PROD_48;1;1
CORD_ORD_489;PROD_49;1;1
CORD_ORD_489;PROD_7;1;1
CORD_ORD_490;PROD_1;1;1
CORD_ORD_490;PROD_10;1;1
CORD_ORD_490;PROD_12;1;1
CORD_ORD_490;PROD_14;1;1
CORD_ORD_490;PROD_15;1;1
CORD_ORD_490;PROD_26;1;1
CORD_ORD_490;PROD_29;1;1
CORD_ORD_490;PROD_3;1;1
CORD_ORD_490;PROD_31;1;1
CORD_ORD_490;PROD_32;1;1
CORD_ORD_490;PROD_35;1;1
CORD_ORD_490;PROD_40;1;1
CORD_ORD_490;PROD_43;1;1
CORD_ORD_490;PROD_47;1;1
CORD_ORD_490;PROD_7;1;1
CORD_ORD_490;PROD_9;1;1
CORD_ORD_491;PROD_1;1;1
CORD_ORD_491;PROD_10;1;1
CORD_ORD_491;PROD_3;1;1
CORD_ORD_491;PROD_30;1;1
CORD_ORD_491;PROD_36;1;1
CORD_ORD_491;PROD_43;1;1
CORD_ORD_491;PROD_46;1;1
CORD_ORD_491;PROD_8;1;1
CORD_ORD_492;PROD_1;1;1
CORD_ORD_492;PROD_10;1;1
CORD_ORD_492;PROD_11;1;1
CORD_ORD_492;PROD_14;1;1
CORD_ORD_492;PROD_15;1;1
CORD_ORD_492;PROD_18;1;1
CORD_ORD_492;PROD_2;1;1
CORD_ORD_492;PROD_3;1;1
CORD_ORD_492;PROD_30;1;1
CORD_ORD_492;PROD_32;1;1
CORD_ORD_492;PROD_36;1;1
CORD_ORD_492;PROD_43;1;1
CORD_ORD_492;PROD_46;1;1
CORD_ORD_492;PROD_48;1;1
CORD_ORD_492;PROD_8;1;1
CORD_ORD_492;PROD_9;1;1
CORD_ORD_493;PROD_10;1;1
CORD_ORD_493;PROD_12;1;1
CORD_ORD_493;PROD_14;1;1
CORD_ORD_493;PROD_26;1;1
CORD_ORD_493;PROD_27;1;1
CORD_ORD_493;PROD_35;1;1
CORD_ORD_493;PROD_38;1;1
CORD_ORD_493;PROD_4;1;1
CORD_ORD_493;PROD_43;1;1
CORD_ORD_493;PROD_49;1;1
CORD_ORD_493;PROD_7;1;1
CORD_ORD_493;PROD_9;1;1
CORD_ORD_494;PROD_13;1;1
CORD_ORD_494;PROD_14;1;1
CORD_ORD_494;PROD_15;1;1
CORD_ORD_494;PROD_17;1;1
CORD_ORD_494;PROD_18;1;1
CORD_ORD_494;PROD_2;1;1
CORD_ORD_494;PROD_21;1;1
CORD_ORD_494;PROD_24;1;1
CORD_ORD_494;PROD_32;1;1
CORD_ORD_494;PROD_33;1;1
CORD_ORD_494;PROD_40;1;1
CORD_ORD_494;PROD_41;1;1
CORD_ORD_494;PROD_47;1;1
CORD_ORD_494;PROD_50;1;1
CORD_ORD_494;PROD_6;1;1
CORD_ORD_494;PROD_9;1;1
CORD_ORD_495;PROD_1;1;1
CORD_ORD_495;PROD_10;1;1
CORD_ORD_495;PROD_12;1;1
CORD_ORD_495;PROD_21;1;1
CORD_ORD_495;PROD_24;1;1
CORD_ORD_495;PROD_26;1;1
CORD_ORD_495;PROD_3;1;1
CORD_ORD_495;PROD_36;1;1
CORD_ORD_495;PROD_40;1;1
CORD_ORD_495;PROD_43;1;1
CORD_ORD_495;PROD_46;1;1
CORD_ORD_495;PROD_47;1;1
CORD_ORD_495;PROD_50;1;1
CORD_ORD_495;PROD_6;1;1
CORD_ORD_496;PROD_1;1;1
CORD_ORD_496;PROD_13;1;1
CORD_ORD_496;PROD_18;1;1
CORD_ORD_496;PROD_2;1;1
CORD_ORD_496;PROD_21;1;1
CORD_ORD_496;PROD_24;1;1
CORD_ORD_496;PROD_27;1;1
CORD_ORD_496;PROD_3;1;1
CORD_ORD_496;PROD_33;1;1
CORD_ORD_496;PROD_34;1;1
CORD_ORD_496;PROD_36;1;1
CORD_ORD_496;PROD_37;1;1
CORD_ORD_496;PROD_38;1;1
CORD_ORD_496;PROD_4;1;1
CORD_ORD_496;PROD_40;1;1
CORD_ORD_496;PROD_44;1;1
CORD_ORD_496;PROD_46;1;1
CORD_ORD_496;PROD_47;1;1
CORD_ORD_496;PROD_49;1;1
CORD_ORD_496;PROD_5;1;1
CORD_ORD_497;PROD_12;1;1
CORD_ORD_497;PROD_20;1;1
CORD_ORD_497;PROD_26;1;1
CORD_ORD_497;PROD_30;1;1
CORD_ORD_497;PROD_36;1;1
CORD_ORD_497;PROD_38;1;1
CORD_ORD_497;PROD_39;1;1
CORD_ORD_497;PROD_4;1;1
CORD_ORD_497;PROD_46;1;1
CORD_ORD_497;PROD_8;1;1
CORD_ORD_498;PROD_20;1;1
CORD_ORD_498;PROD_30;1;1
CORD_ORD_498;PROD_36;1;1
CORD_ORD_498;PROD_38;1;1
CORD_ORD_498;PROD_39;1;1
CORD_ORD_498;PROD_4;1;1
CORD_ORD_498;PROD_46;1;1
CORD_ORD_498;PROD_8;1;1
CORD_ORD_499;PROD_11;1;1
CORD_ORD_499;PROD_13;1;1
CORD_ORD_499;PROD_19;1;1
CORD_ORD_499;PROD_33;1;1
CORD_ORD_499;PROD_37;1;1
CORD_ORD_499;PROD_44;1;1
CORD_ORD_499;PROD_45;1;1
CORD_ORD_499;PROD_48;1;1
CORD_ORD_500;PROD_1;1;1
CORD_ORD_500;PROD_11;1;1
CORD_ORD_500;PROD_12;1;1
CORD_ORD_500;PROD_14;1;1
CORD_ORD_500;PROD_18;1;1
CORD_ORD_500;PROD_2;1;1
CORD_ORD_500;PROD_22;1;1
CORD_ORD_500;PROD_26;1;1
CORD_ORD_500;PROD_28;1;1
CORD_ORD_500;PROD_3;1;1
CORD_ORD_500;PROD_36;1;1
CORD_ORD_500;PROD_37;1;1
CORD_ORD_500;PROD_38;1;1
CORD_ORD_500;PROD_4;1;1
CORD_ORD_500;PROD_44;1;1
CORD_ORD_500;PROD_46;1;1
CORD_ORD_500;PROD_48;1;1
CORD_ORD_500;PROD_9;1;1
CORD_ORD_501;PROD_16;1;1
CORD_ORD_501;PROD_21;1;1
CORD_ORD_501;PROD_22;1;1
CORD_ORD_501;PROD_23;1;1
CORD_ORD_501;PROD_24;1;1
CORD_ORD_501;PROD_25;1;1
CORD_ORD_501;PROD_28;1;1
CORD_ORD_501;PROD_34;1;1
CORD_ORD_501;PROD_37;1;1
CORD_ORD_501;PROD_40;1;1
CORD_ORD_501;PROD_42;1;1
CORD_ORD_501;PROD_44;1;1
CORD_ORD_501;PROD_47;1;1
CORD_ORD_501;PROD_5;1;1
CORD_ORD_502;PROD_10;1;1
CORD_ORD_502;PROD_13;1;1
CORD_ORD_502;PROD_15;1;1
CORD_ORD_502;PROD_16;1;1
CORD_ORD_502;PROD_25;1;1
CORD_ORD_502;PROD_27;1;1
CORD_ORD_502;PROD_29;1;1
CORD_ORD_502;PROD_30;1;1
CORD_ORD_502;PROD_31;1;1
CORD_ORD_502;PROD_32;1;1
CORD_ORD_502;PROD_33;1;1
CORD_ORD_502;PROD_34;1;1
CORD_ORD_502;PROD_38;1;1
CORD_ORD_502;PROD_4;1;1
CORD_ORD_502;PROD_43;1;1
CORD_ORD_502;PROD_49;1;1
CORD_ORD_502;PROD_5;1;1
CORD_ORD_502;PROD_50;1;1
CORD_ORD_502;PROD_6;1;1
CORD_ORD_502;PROD_8;1;1
CORD_ORD_503;PROD_1;1;1
CORD_ORD_503;PROD_10;1;1
CORD_ORD_503;PROD_12;1;1
CORD_ORD_503;PROD_13;1;1
CORD_ORD_503;PROD_15;1;1
CORD_ORD_503;PROD_19;1;1
CORD_ORD_503;PROD_26;1;1
CORD_ORD_503;PROD_29;1;1
CORD_ORD_503;PROD_3;1;1
CORD_ORD_503;PROD_31;1;1
CORD_ORD_503;PROD_32;1;1
CORD_ORD_503;PROD_33;1;1
CORD_ORD_503;PROD_37;1;1
CORD_ORD_503;PROD_38;1;1
CORD_ORD_503;PROD_4;1;1
CORD_ORD_503;PROD_40;1;1
CORD_ORD_503;PROD_43;1;1
CORD_ORD_503;PROD_44;1;1
CORD_ORD_503;PROD_45;1;1
CORD_ORD_503;PROD_47;1;1
CORD_ORD_504;PROD_10;1;1
CORD_ORD_504;PROD_11;1;1
CORD_ORD_504;PROD_12;1;1
CORD_ORD_504;PROD_15;1;1
CORD_ORD_504;PROD_26;1;1
CORD_ORD_504;PROD_32;1;1
CORD_ORD_504;PROD_34;1;1
CORD_ORD_504;PROD_38;1;1
CORD_ORD_504;PROD_4;1;1
CORD_ORD_504;PROD_43;1;1
CORD_ORD_504;PROD_48;1;1
CORD_ORD_504;PROD_5;1;1
CORD_ORD_505;PROD_1;1;1
CORD_ORD_505;PROD_11;1;1
CORD_ORD_505;PROD_15;1;1
CORD_ORD_505;PROD_18;1;1
CORD_ORD_505;PROD_2;1;1
CORD_ORD_505;PROD_27;1;1
CORD_ORD_505;PROD_29;1;1
CORD_ORD_505;PROD_3;1;1
CORD_ORD_505;PROD_31;1;1
CORD_ORD_505;PROD_32;1;1
CORD_ORD_505;PROD_36;1;1
CORD_ORD_505;PROD_37;1;1
CORD_ORD_505;PROD_44;1;1
CORD_ORD_505;PROD_46;1;1
CORD_ORD_505;PROD_48;1;1
CORD_ORD_505;PROD_49;1;1
CORD_ORD_506;PROD_12;1;1
CORD_ORD_506;PROD_13;1;1
CORD_ORD_506;PROD_14;1;1
CORD_ORD_506;PROD_17;1;1
CORD_ORD_506;PROD_18;1;1
CORD_ORD_506;PROD_2;1;1
CORD_ORD_506;PROD_20;1;1
CORD_ORD_506;PROD_26;1;1
CORD_ORD_506;PROD_27;1;1
CORD_ORD_506;PROD_33;1;1
CORD_ORD_506;PROD_34;1;1
CORD_ORD_506;PROD_37;1;1
CORD_ORD_506;PROD_38;1;1
CORD_ORD_506;PROD_39;1;1
CORD_ORD_506;PROD_4;1;1
CORD_ORD_506;PROD_41;1;1
CORD_ORD_506;PROD_44;1;1
CORD_ORD_506;PROD_49;1;1
CORD_ORD_506;PROD_5;1;1
CORD_ORD_506;PROD_50;1;1
CORD_ORD_506;PROD_6;1;1
CORD_ORD_506;PROD_9;1;1
CORD_ORD_507;PROD_10;1;1
CORD_ORD_507;PROD_12;1;1
CORD_ORD_507;PROD_13;1;1
CORD_ORD_507;PROD_14;1;1
CORD_ORD_507;PROD_18;1;1
CORD_ORD_507;PROD_19;1;1
CORD_ORD_507;PROD_2;1;1
CORD_ORD_507;PROD_21;1;1
CORD_ORD_507;PROD_22;1;1
CORD_ORD_507;PROD_23;1;1
CORD_ORD_507;PROD_24;1;1
CORD_ORD_507;PROD_26;1;1
CORD_ORD_507;PROD_28;1;1
CORD_ORD_507;PROD_30;1;1
CORD_ORD_507;PROD_33;1;1
CORD_ORD_507;PROD_37;1;1
CORD_ORD_507;PROD_42;1;1
CORD_ORD_507;PROD_43;1;1
CORD_ORD_507;PROD_44;1;1
CORD_ORD_507;PROD_45;1;1
CORD_ORD_507;PROD_50;1;1
CORD_ORD_507;PROD_6;1;1
CORD_ORD_507;PROD_8;1;1
CORD_ORD_507;PROD_9;1;1
CORD_ORD_508;PROD_1;1;1
CORD_ORD_508;PROD_10;1;1
CORD_ORD_508;PROD_16;1;1
CORD_ORD_508;PROD_22;1;1
CORD_ORD_508;PROD_25;1;1
CORD_ORD_508;PROD_28;1;1
CORD_ORD_508;PROD_29;1;1
CORD_ORD_508;PROD_3;1;1
CORD_ORD_508;PROD_30;1;1
CORD_ORD_508;PROD_31;1;1
CORD_ORD_508;PROD_43;1;1
CORD_ORD_508;PROD_8;1;1
CORD_ORD_509;PROD_1;1;1
CORD_ORD_509;PROD_10;1;1
CORD_ORD_509;PROD_11;1;1
CORD_ORD_509;PROD_13;1;1
CORD_ORD_509;PROD_16;1;1
CORD_ORD_509;PROD_17;1;1
CORD_ORD_509;PROD_19;1;1
CORD_ORD_509;PROD_22;1;1
CORD_ORD_509;PROD_25;1;1
CORD_ORD_509;PROD_27;1;1
CORD_ORD_509;PROD_28;1;1
CORD_ORD_509;PROD_3;1;1
CORD_ORD_509;PROD_33;1;1
CORD_ORD_509;PROD_37;1;1
CORD_ORD_509;PROD_41;1;1
CORD_ORD_509;PROD_43;1;1
CORD_ORD_509;PROD_44;1;1
CORD_ORD_509;PROD_45;1;1
CORD_ORD_509;PROD_48;1;1
CORD_ORD_509;PROD_49;1;1
CORD_ORD_510;PROD_10;1;1
CORD_ORD_510;PROD_15;1;1
CORD_ORD_510;PROD_20;1;1
CORD_ORD_510;PROD_21;1;1
CORD_ORD_510;PROD_24;1;1
CORD_ORD_510;PROD_29;1;1
CORD_ORD_510;PROD_30;1;1
CORD_ORD_510;PROD_31;1;1
CORD_ORD_510;PROD_32;1;1
CORD_ORD_510;PROD_36;1;1
CORD_ORD_510;PROD_38;1;1
CORD_ORD_510;PROD_39;1;1
CORD_ORD_510;PROD_4;1;1
CORD_ORD_510;PROD_40;1;1
CORD_ORD_510;PROD_43;1;1
CORD_ORD_510;PROD_46;1;1
CORD_ORD_510;PROD_47;1;1
CORD_ORD_510;PROD_8;1;1
CORD_ORD_511;PROD_10;1;1
CORD_ORD_511;PROD_11;1;1
CORD_ORD_511;PROD_16;1;1
CORD_ORD_511;PROD_21;1;1
CORD_ORD_511;PROD_24;1;1
CORD_ORD_511;PROD_25;1;1
CORD_ORD_511;PROD_35;1;1
CORD_ORD_511;PROD_37;1;1
CORD_ORD_511;PROD_38;1;1
CORD_ORD_511;PROD_4;1;1
CORD_ORD_511;PROD_40;1;1
CORD_ORD_511;PROD_43;1;1
CORD_ORD_511;PROD_44;1;1
CORD_ORD_511;PROD_47;1;1
CORD_ORD_511;PROD_48;1;1
CORD_ORD_511;PROD_7;1;1
CORD_ORD_512;PROD_11;1;1
CORD_ORD_512;PROD_15;1;1
CORD_ORD_512;PROD_20;1;1
CORD_ORD_512;PROD_22;1;1
CORD_ORD_512;PROD_28;1;1
CORD_ORD_512;PROD_29;1;1
CORD_ORD_512;PROD_31;1;1
CORD_ORD_512;PROD_32;1;1
CORD_ORD_512;PROD_37;1;1
CORD_ORD_512;PROD_39;1;1
CORD_ORD_512;PROD_44;1;1
CORD_ORD_512;PROD_48;1;1
CORD_ORD_512;PROD_50;1;1
CORD_ORD_512;PROD_6;1;1
CORD_ORD_513;PROD_1;1;1
CORD_ORD_513;PROD_18;1;1
CORD_ORD_513;PROD_2;1;1
CORD_ORD_513;PROD_3;1;1
CORD_ORD_513;PROD_35;1;1
CORD_ORD_513;PROD_36;1;1
CORD_ORD_513;PROD_37;1;1
CORD_ORD_513;PROD_44;1;1
CORD_ORD_513;PROD_46;1;1
CORD_ORD_513;PROD_7;1;1
CORD_ORD_514;PROD_1;1;1
CORD_ORD_514;PROD_14;1;1
CORD_ORD_514;PROD_18;1;1
CORD_ORD_514;PROD_2;1;1
CORD_ORD_514;PROD_3;1;1
CORD_ORD_514;PROD_35;1;1
CORD_ORD_514;PROD_36;1;1
CORD_ORD_514;PROD_37;1;1
CORD_ORD_514;PROD_44;1;1
CORD_ORD_514;PROD_46;1;1
CORD_ORD_514;PROD_7;1;1
CORD_ORD_514;PROD_9;1;1
CORD_ORD_515;PROD_1;1;1
CORD_ORD_515;PROD_10;1;1
CORD_ORD_515;PROD_15;1;1
CORD_ORD_515;PROD_29;1;1
CORD_ORD_515;PROD_3;1;1
CORD_ORD_515;PROD_30;1;1
CORD_ORD_515;PROD_31;1;1
CORD_ORD_515;PROD_32;1;1
CORD_ORD_515;PROD_34;1;1
CORD_ORD_515;PROD_38;1;1
CORD_ORD_515;PROD_4;1;1
CORD_ORD_515;PROD_40;1;1
CORD_ORD_515;PROD_43;1;1
CORD_ORD_515;PROD_47;1;1
CORD_ORD_515;PROD_5;1;1
CORD_ORD_515;PROD_8;1;1
CORD_ORD_516;PROD_1;1;1
CORD_ORD_516;PROD_16;1;1
CORD_ORD_516;PROD_20;1;1
CORD_ORD_516;PROD_22;1;1
CORD_ORD_516;PROD_25;1;1
CORD_ORD_516;PROD_28;1;1
CORD_ORD_516;PROD_3;1;1
CORD_ORD_516;PROD_37;1;1
CORD_ORD_516;PROD_39;1;1
CORD_ORD_516;PROD_44;1;1
CORD_ORD_517;PROD_10;1;1
CORD_ORD_517;PROD_11;1;1
CORD_ORD_517;PROD_12;1;1
CORD_ORD_517;PROD_13;1;1
CORD_ORD_517;PROD_15;1;1
CORD_ORD_517;PROD_19;1;1
CORD_ORD_517;PROD_21;1;1
CORD_ORD_517;PROD_23;1;1
CORD_ORD_517;PROD_24;1;1
CORD_ORD_517;PROD_26;1;1
CORD_ORD_517;PROD_27;1;1
CORD_ORD_517;PROD_32;1;1
CORD_ORD_517;PROD_33;1;1
CORD_ORD_517;PROD_34;1;1
CORD_ORD_517;PROD_37;1;1
CORD_ORD_517;PROD_38;1;1
CORD_ORD_517;PROD_4;1;1
CORD_ORD_517;PROD_42;1;1
CORD_ORD_517;PROD_43;1;1
CORD_ORD_517;PROD_44;1;1
CORD_ORD_517;PROD_45;1;1
CORD_ORD_517;PROD_48;1;1
CORD_ORD_517;PROD_49;1;1
CORD_ORD_517;PROD_5;1;1
CORD_ORD_518;PROD_1;1;1
CORD_ORD_518;PROD_10;1;1
CORD_ORD_518;PROD_11;1;1
CORD_ORD_518;PROD_14;1;1
CORD_ORD_518;PROD_17;1;1
CORD_ORD_518;PROD_18;1;1
CORD_ORD_518;PROD_2;1;1
CORD_ORD_518;PROD_29;1;1
CORD_ORD_518;PROD_3;1;1
CORD_ORD_518;PROD_30;1;1
CORD_ORD_518;PROD_31;1;1
CORD_ORD_518;PROD_35;1;1
CORD_ORD_518;PROD_36;1;1
CORD_ORD_518;PROD_41;1;1
CORD_ORD_518;PROD_43;1;1
CORD_ORD_518;PROD_46;1;1
CORD_ORD_518;PROD_48;1;1
CORD_ORD_518;PROD_7;1;1
CORD_ORD_518;PROD_8;1;1
CORD_ORD_518;PROD_9;1;1
CORD_ORD_519;PROD_1;1;1
CORD_ORD_519;PROD_16;1;1
CORD_ORD_519;PROD_18;1;1
CORD_ORD_519;PROD_2;1;1
CORD_ORD_519;PROD_20;1;1
CORD_ORD_519;PROD_22;1;1
CORD_ORD_519;PROD_25;1;1
CORD_ORD_519;PROD_28;1;1
CORD_ORD_519;PROD_3;1;1
CORD_ORD_519;PROD_36;1;1
CORD_ORD_519;PROD_39;1;1
CORD_ORD_519;PROD_46;1;1
CORD_ORD_520;PROD_10;1;1
CORD_ORD_520;PROD_14;1;1
CORD_ORD_520;PROD_17;1;1
CORD_ORD_520;PROD_29;1;1
CORD_ORD_520;PROD_30;1;1
CORD_ORD_520;PROD_31;1;1
CORD_ORD_520;PROD_35;1;1
CORD_ORD_520;PROD_38;1;1
CORD_ORD_520;PROD_4;1;1
CORD_ORD_520;PROD_41;1;1
CORD_ORD_520;PROD_43;1;1
CORD_ORD_520;PROD_7;1;1
CORD_ORD_520;PROD_8;1;1
CORD_ORD_520;PROD_9;1;1
CORD_ORD_521;PROD_1;1;1
CORD_ORD_521;PROD_13;1;1
CORD_ORD_521;PROD_3;1;1
CORD_ORD_521;PROD_33;1;1
CORD_ORD_521;PROD_34;1;1
CORD_ORD_521;PROD_36;1;1
CORD_ORD_521;PROD_37;1;1
CORD_ORD_521;PROD_44;1;1
CORD_ORD_521;PROD_46;1;1
CORD_ORD_521;PROD_5;1;1
CORD_ORD_521;PROD_50;1;1
CORD_ORD_521;PROD_6;1;1
CORD_ORD_522;PROD_10;1;1
CORD_ORD_522;PROD_11;1;1
CORD_ORD_522;PROD_12;1;1
CORD_ORD_522;PROD_15;1;1
CORD_ORD_522;PROD_17;1;1
CORD_ORD_522;PROD_19;1;1
CORD_ORD_522;PROD_21;1;1
CORD_ORD_522;PROD_24;1;1
CORD_ORD_522;PROD_26;1;1
CORD_ORD_522;PROD_32;1;1
CORD_ORD_522;PROD_38;1;1
CORD_ORD_522;PROD_4;1;1
CORD_ORD_522;PROD_40;1;1
CORD_ORD_522;PROD_41;1;1
CORD_ORD_522;PROD_43;1;1
CORD_ORD_522;PROD_45;1;1
CORD_ORD_522;PROD_47;1;1
CORD_ORD_522;PROD_48;1;1
CORD_ORD_522;PROD_50;1;1
CORD_ORD_522;PROD_6;1;1
CORD_ORD_523;PROD_10;1;1
CORD_ORD_523;PROD_11;1;1
CORD_ORD_523;PROD_12;1;1
CORD_ORD_523;PROD_15;1;1
CORD_ORD_523;PROD_21;1;1
CORD_ORD_523;PROD_22;1;1
CORD_ORD_523;PROD_24;1;1
CORD_ORD_523;PROD_26;1;1
CORD_ORD_523;PROD_28;1;1
CORD_ORD_523;PROD_30;1;1
CORD_ORD_523;PROD_32;1;1
CORD_ORD_523;PROD_34;1;1
CORD_ORD_523;PROD_37;1;1
CORD_ORD_523;PROD_40;1;1
CORD_ORD_523;PROD_43;1;1
CORD_ORD_523;PROD_44;1;1
CORD_ORD_523;PROD_47;1;1
CORD_ORD_523;PROD_48;1;1
CORD_ORD_523;PROD_5;1;1
CORD_ORD_523;PROD_50;1;1
CORD_ORD_523;PROD_6;1;1
CORD_ORD_523;PROD_8;1;1
CORD_ORD_524;PROD_11;1;1
CORD_ORD_524;PROD_13;1;1
CORD_ORD_524;PROD_19;1;1
CORD_ORD_524;PROD_23;1;1
CORD_ORD_524;PROD_33;1;1
CORD_ORD_524;PROD_37;1;1
CORD_ORD_524;PROD_38;1;1
CORD_ORD_524;PROD_4;1;1
CORD_ORD_524;PROD_40;1;1
CORD_ORD_524;PROD_42;1;1
CORD_ORD_524;PROD_44;1;1
CORD_ORD_524;PROD_45;1;1
CORD_ORD_524;PROD_47;1;1
CORD_ORD_524;PROD_48;1;1
CORD_ORD_525;PROD_1;1;1
CORD_ORD_525;PROD_13;1;1
CORD_ORD_525;PROD_15;1;1
CORD_ORD_525;PROD_16;1;1
CORD_ORD_525;PROD_22;1;1
CORD_ORD_525;PROD_25;1;1
CORD_ORD_525;PROD_28;1;1
CORD_ORD_525;PROD_29;1;1
CORD_ORD_525;PROD_3;1;1
CORD_ORD_525;PROD_31;1;1
CORD_ORD_525;PROD_32;1;1
CORD_ORD_525;PROD_33;1;1
CORD_ORD_525;PROD_37;1;1
CORD_ORD_525;PROD_44;1;1
CORD_ORD_525;PROD_50;1;1
CORD_ORD_525;PROD_6;1;1
CORD_ORD_526;PROD_1;1;1
CORD_ORD_526;PROD_18;1;1
CORD_ORD_526;PROD_2;1;1
CORD_ORD_526;PROD_20;1;1
CORD_ORD_526;PROD_23;1;1
CORD_ORD_526;PROD_27;1;1
CORD_ORD_526;PROD_3;1;1
CORD_ORD_526;PROD_34;1;1
CORD_ORD_526;PROD_39;1;1
CORD_ORD_526;PROD_42;1;1
CORD_ORD_526;PROD_49;1;1
CORD_ORD_526;PROD_5;1;1
CORD_ORD_526;PROD_50;1;1
CORD_ORD_526;PROD_6;1;1
CORD_ORD_527;PROD_15;1;1
CORD_ORD_527;PROD_18;1;1
CORD_ORD_527;PROD_2;1;1
CORD_ORD_527;PROD_20;1;1
CORD_ORD_527;PROD_22;1;1
CORD_ORD_527;PROD_28;1;1
CORD_ORD_527;PROD_32;1;1
CORD_ORD_527;PROD_36;1;1
CORD_ORD_527;PROD_39;1;1
CORD_ORD_527;PROD_40;1;1
CORD_ORD_527;PROD_46;1;1
CORD_ORD_527;PROD_47;1;1
CORD_ORD_528;PROD_1;1;1
CORD_ORD_528;PROD_13;1;1
CORD_ORD_528;PROD_14;1;1
CORD_ORD_528;PROD_16;1;1
CORD_ORD_528;PROD_22;1;1
CORD_ORD_528;PROD_25;1;1
CORD_ORD_528;PROD_28;1;1
CORD_ORD_528;PROD_3;1;1
CORD_ORD_528;PROD_33;1;1
CORD_ORD_528;PROD_35;1;1
CORD_ORD_528;PROD_38;1;1
CORD_ORD_528;PROD_4;1;1
CORD_ORD_528;PROD_7;1;1
CORD_ORD_528;PROD_9;1;1
CORD_ORD_529;PROD_1;1;1
CORD_ORD_529;PROD_10;1;1
CORD_ORD_529;PROD_11;1;1
CORD_ORD_529;PROD_16;1;1
CORD_ORD_529;PROD_17;1;1
CORD_ORD_529;PROD_18;1;1
CORD_ORD_529;PROD_19;1;1
CORD_ORD_529;PROD_2;1;1
CORD_ORD_529;PROD_25;1;1
CORD_ORD_529;PROD_29;1;1
CORD_ORD_529;PROD_3;1;1
CORD_ORD_529;PROD_30;1;1
CORD_ORD_529;PROD_31;1;1
CORD_ORD_529;PROD_36;1;1
CORD_ORD_529;PROD_40;1;1
CORD_ORD_529;PROD_41;1;1
CORD_ORD_529;PROD_43;1;1
CORD_ORD_529;PROD_45;1;1
CORD_ORD_529;PROD_46;1;1
CORD_ORD_529;PROD_47;1;1
CORD_ORD_529;PROD_48;1;1
CORD_ORD_529;PROD_8;1;1
CORD_ORD_530;PROD_1;1;1
CORD_ORD_530;PROD_10;1;1
CORD_ORD_530;PROD_11;1;1
CORD_ORD_530;PROD_17;1;1
CORD_ORD_530;PROD_20;1;1
CORD_ORD_530;PROD_29;1;1
CORD_ORD_530;PROD_3;1;1
CORD_ORD_530;PROD_31;1;1
CORD_ORD_530;PROD_38;1;1
CORD_ORD_530;PROD_39;1;1
CORD_ORD_530;PROD_4;1;1
CORD_ORD_530;PROD_41;1;1
CORD_ORD_530;PROD_43;1;1
CORD_ORD_530;PROD_48;1;1
CORD_ORD_531;PROD_13;1;1
CORD_ORD_531;PROD_14;1;1
CORD_ORD_531;PROD_15;1;1
CORD_ORD_531;PROD_16;1;1
CORD_ORD_531;PROD_20;1;1
CORD_ORD_531;PROD_21;1;1
CORD_ORD_531;PROD_22;1;1
CORD_ORD_531;PROD_24;1;1
CORD_ORD_531;PROD_25;1;1
CORD_ORD_531;PROD_28;1;1
CORD_ORD_531;PROD_29;1;1
CORD_ORD_531;PROD_30;1;1
CORD_ORD_531;PROD_31;1;1
CORD_ORD_531;PROD_32;1;1
CORD_ORD_531;PROD_33;1;1
CORD_ORD_531;PROD_36;1;1
CORD_ORD_531;PROD_38;1;1
CORD_ORD_531;PROD_39;1;1
CORD_ORD_531;PROD_4;1;1
CORD_ORD_531;PROD_46;1;1
CORD_ORD_531;PROD_50;1;1
CORD_ORD_531;PROD_6;1;1
CORD_ORD_531;PROD_8;1;1
CORD_ORD_531;PROD_9;1;1
CORD_ORD_532;PROD_10;1;1
CORD_ORD_532;PROD_21;1;1
CORD_ORD_532;PROD_22;1;1
CORD_ORD_532;PROD_23;1;1
CORD_ORD_532;PROD_24;1;1
CORD_ORD_532;PROD_28;1;1
CORD_ORD_532;PROD_37;1;1
CORD_ORD_532;PROD_42;1;1
CORD_ORD_532;PROD_43;1;1
CORD_ORD_532;PROD_44;1;1
CORD_ORD_533;PROD_10;1;1
CORD_ORD_533;PROD_12;1;1
CORD_ORD_533;PROD_15;1;1
CORD_ORD_533;PROD_22;1;1
CORD_ORD_533;PROD_26;1;1
CORD_ORD_533;PROD_28;1;1
CORD_ORD_533;PROD_32;1;1
CORD_ORD_533;PROD_35;1;1
CORD_ORD_533;PROD_40;1;1
CORD_ORD_533;PROD_43;1;1
CORD_ORD_533;PROD_47;1;1
CORD_ORD_533;PROD_7;1;1
CORD_ORD_534;PROD_1;1;1
CORD_ORD_534;PROD_12;1;1
CORD_ORD_534;PROD_13;1;1
CORD_ORD_534;PROD_14;1;1
CORD_ORD_534;PROD_16;1;1
CORD_ORD_534;PROD_18;1;1
CORD_ORD_534;PROD_19;1;1
CORD_ORD_534;PROD_2;1;1
CORD_ORD_534;PROD_21;1;1
CORD_ORD_534;PROD_24;1;1
CORD_ORD_534;PROD_25;1;1
CORD_ORD_534;PROD_26;1;1
CORD_ORD_534;PROD_29;1;1
CORD_ORD_534;PROD_3;1;1
CORD_ORD_534;PROD_31;1;1
CORD_ORD_534;PROD_33;1;1
CORD_ORD_534;PROD_36;1;1
CORD_ORD_534;PROD_40;1;1
CORD_ORD_534;PROD_45;1;1
CORD_ORD_534;PROD_46;1;1
CORD_ORD_534;PROD_47;1;1
CORD_ORD_534;PROD_50;1;1
CORD_ORD_534;PROD_6;1;1
CORD_ORD_534;PROD_9;1;1
CORD_ORD_535;PROD_1;1;1
CORD_ORD_535;PROD_10;1;1
CORD_ORD_535;PROD_11;1;1
CORD_ORD_535;PROD_15;1;1
CORD_ORD_535;PROD_27;1;1
CORD_ORD_535;PROD_29;1;1
CORD_ORD_535;PROD_3;1;1
CORD_ORD_535;PROD_30;1;1
CORD_ORD_535;PROD_31;1;1
CORD_ORD_535;PROD_32;1;1
CORD_ORD_535;PROD_36;1;1
CORD_ORD_535;PROD_43;1;1
CORD_ORD_535;PROD_46;1;1
CORD_ORD_535;PROD_48;1;1
CORD_ORD_535;PROD_49;1;1
CORD_ORD_535;PROD_8;1;1
CORD_ORD_536;PROD_1;1;1
CORD_ORD_536;PROD_10;1;1
CORD_ORD_536;PROD_15;1;1
CORD_ORD_536;PROD_22;1;1
CORD_ORD_536;PROD_28;1;1
CORD_ORD_536;PROD_29;1;1
CORD_ORD_536;PROD_3;1;1
CORD_ORD_536;PROD_31;1;1
CORD_ORD_536;PROD_32;1;1
CORD_ORD_536;PROD_40;1;1
CORD_ORD_536;PROD_43;1;1
CORD_ORD_536;PROD_47;1;1
CORD_ORD_537;PROD_11;1;1
CORD_ORD_537;PROD_13;1;1
CORD_ORD_537;PROD_14;1;1
CORD_ORD_537;PROD_19;1;1
CORD_ORD_537;PROD_21;1;1
CORD_ORD_537;PROD_24;1;1
CORD_ORD_537;PROD_27;1;1
CORD_ORD_537;PROD_33;1;1
CORD_ORD_537;PROD_36;1;1
CORD_ORD_537;PROD_37;1;1
CORD_ORD_537;PROD_44;1;1
CORD_ORD_537;PROD_45;1;1
CORD_ORD_537;PROD_46;1;1
CORD_ORD_537;PROD_48;1;1
CORD_ORD_537;PROD_49;1;1
CORD_ORD_537;PROD_50;1;1
CORD_ORD_537;PROD_6;1;1
CORD_ORD_537;PROD_9;1;1
CORD_ORD_538;PROD_12;1;1
CORD_ORD_538;PROD_13;1;1
CORD_ORD_538;PROD_19;1;1
CORD_ORD_538;PROD_26;1;1
CORD_ORD_538;PROD_33;1;1
CORD_ORD_538;PROD_37;1;1
CORD_ORD_538;PROD_38;1;1
CORD_ORD_538;PROD_4;1;1
CORD_ORD_538;PROD_44;1;1
CORD_ORD_538;PROD_45;1;1
CORD_ORD_539;PROD_1;1;1
CORD_ORD_539;PROD_10;1;1
CORD_ORD_539;PROD_11;1;1
CORD_ORD_539;PROD_15;1;1
CORD_ORD_539;PROD_17;1;1
CORD_ORD_539;PROD_29;1;1
CORD_ORD_539;PROD_3;1;1
CORD_ORD_539;PROD_30;1;1
CORD_ORD_539;PROD_31;1;1
CORD_ORD_539;PROD_32;1;1
CORD_ORD_539;PROD_34;1;1
CORD_ORD_539;PROD_35;1;1
CORD_ORD_539;PROD_36;1;1
CORD_ORD_539;PROD_38;1;1
CORD_ORD_539;PROD_4;1;1
CORD_ORD_539;PROD_41;1;1
CORD_ORD_539;PROD_43;1;1
CORD_ORD_539;PROD_46;1;1
CORD_ORD_539;PROD_48;1;1
CORD_ORD_539;PROD_5;1;1
CORD_ORD_539;PROD_7;1;1
CORD_ORD_539;PROD_8;1;1
CORD_ORD_540;PROD_1;1;1
CORD_ORD_540;PROD_10;1;1
CORD_ORD_540;PROD_15;1;1
CORD_ORD_540;PROD_22;1;1
CORD_ORD_540;PROD_28;1;1
CORD_ORD_540;PROD_29;1;1
CORD_ORD_540;PROD_3;1;1
CORD_ORD_540;PROD_31;1;1
CORD_ORD_540;PROD_32;1;1
CORD_ORD_540;PROD_40;1;1
CORD_ORD_540;PROD_43;1;1
CORD_ORD_540;PROD_47;1;1
CORD_ORD_540;PROD_50;1;1
CORD_ORD_540;PROD_6;1;1
CORD_ORD_541;PROD_10;1;1
CORD_ORD_541;PROD_11;1;1
CORD_ORD_541;PROD_12;1;1
CORD_ORD_541;PROD_14;1;1
CORD_ORD_541;PROD_16;1;1
CORD_ORD_541;PROD_22;1;1
CORD_ORD_541;PROD_23;1;1
CORD_ORD_541;PROD_25;1;1
CORD_ORD_541;PROD_26;1;1
CORD_ORD_541;PROD_28;1;1
CORD_ORD_541;PROD_35;1;1
CORD_ORD_541;PROD_37;1;1
CORD_ORD_541;PROD_42;1;1
CORD_ORD_541;PROD_43;1;1
CORD_ORD_541;PROD_44;1;1
CORD_ORD_541;PROD_48;1;1
CORD_ORD_541;PROD_7;1;1
CORD_ORD_541;PROD_9;1;1
CORD_ORD_542;PROD_1;1;1
CORD_ORD_542;PROD_10;1;1
CORD_ORD_542;PROD_3;1;1
CORD_ORD_542;PROD_30;1;1
CORD_ORD_542;PROD_36;1;1
CORD_ORD_542;PROD_43;1;1
CORD_ORD_542;PROD_46;1;1
CORD_ORD_542;PROD_8;1;1
CORD_ORD_543;PROD_13;1;1
CORD_ORD_543;PROD_17;1;1
CORD_ORD_543;PROD_18;1;1
CORD_ORD_543;PROD_2;1;1
CORD_ORD_543;PROD_21;1;1
CORD_ORD_543;PROD_23;1;1
CORD_ORD_543;PROD_24;1;1
CORD_ORD_543;PROD_33;1;1
CORD_ORD_543;PROD_36;1;1
CORD_ORD_543;PROD_37;1;1
CORD_ORD_543;PROD_41;1;1
CORD_ORD_543;PROD_42;1;1
CORD_ORD_543;PROD_44;1;1
CORD_ORD_543;PROD_46;1;1
CORD_ORD_544;PROD_11;1;1
CORD_ORD_544;PROD_14;1;1
CORD_ORD_544;PROD_15;1;1
CORD_ORD_544;PROD_19;1;1
CORD_ORD_544;PROD_20;1;1
CORD_ORD_544;PROD_21;1;1
CORD_ORD_544;PROD_22;1;1
CORD_ORD_544;PROD_24;1;1
CORD_ORD_544;PROD_28;1;1
CORD_ORD_544;PROD_29;1;1
CORD_ORD_544;PROD_31;1;1
CORD_ORD_544;PROD_32;1;1
CORD_ORD_544;PROD_34;1;1
CORD_ORD_544;PROD_36;1;1
CORD_ORD_544;PROD_37;1;1
CORD_ORD_544;PROD_38;1;1
CORD_ORD_544;PROD_39;1;1
CORD_ORD_544;PROD_4;1;1
CORD_ORD_544;PROD_44;1;1
CORD_ORD_544;PROD_45;1;1
CORD_ORD_544;PROD_46;1;1
CORD_ORD_544;PROD_48;1;1
CORD_ORD_544;PROD_5;1;1
CORD_ORD_544;PROD_9;1;1
CORD_ORD_545;PROD_12;1;1
CORD_ORD_545;PROD_19;1;1
CORD_ORD_545;PROD_21;1;1
CORD_ORD_545;PROD_24;1;1
CORD_ORD_545;PROD_26;1;1
CORD_ORD_545;PROD_37;1;1
CORD_ORD_545;PROD_44;1;1
CORD_ORD_545;PROD_45;1;1
CORD_ORD_545;PROD_50;1;1
CORD_ORD_545;PROD_6;1;1
CORD_ORD_546;PROD_11;1;1
CORD_ORD_546;PROD_13;1;1
CORD_ORD_546;PROD_17;1;1
CORD_ORD_546;PROD_18;1;1
CORD_ORD_546;PROD_19;1;1
CORD_ORD_546;PROD_2;1;1
CORD_ORD_546;PROD_22;1;1
CORD_ORD_546;PROD_28;1;1
CORD_ORD_546;PROD_29;1;1
CORD_ORD_546;PROD_30;1;1
CORD_ORD_546;PROD_31;1;1
CORD_ORD_546;PROD_33;1;1
CORD_ORD_546;PROD_36;1;1
CORD_ORD_546;PROD_37;1;1
CORD_ORD_546;PROD_41;1;1
CORD_ORD_546;PROD_44;1;1
CORD_ORD_546;PROD_45;1;1
CORD_ORD_546;PROD_46;1;1
CORD_ORD_546;PROD_48;1;1
CORD_ORD_546;PROD_50;1;1
CORD_ORD_546;PROD_6;1;1
CORD_ORD_546;PROD_8;1;1
CORD_ORD_547;PROD_10;1;1
CORD_ORD_547;PROD_11;1;1
CORD_ORD_547;PROD_15;1;1
CORD_ORD_547;PROD_27;1;1
CORD_ORD_547;PROD_29;1;1
CORD_ORD_547;PROD_30;1;1
CORD_ORD_547;PROD_31;1;1
CORD_ORD_547;PROD_32;1;1
CORD_ORD_547;PROD_34;1;1
CORD_ORD_547;PROD_38;1;1
CORD_ORD_547;PROD_4;1;1
CORD_ORD_547;PROD_43;1;1
CORD_ORD_547;PROD_48;1;1
CORD_ORD_547;PROD_49;1;1
CORD_ORD_547;PROD_5;1;1
CORD_ORD_547;PROD_8;1;1
CORD_ORD_548;PROD_1;1;1
CORD_ORD_548;PROD_20;1;1
CORD_ORD_548;PROD_3;1;1
CORD_ORD_548;PROD_30;1;1
CORD_ORD_548;PROD_36;1;1
CORD_ORD_548;PROD_38;1;1
CORD_ORD_548;PROD_39;1;1
CORD_ORD_548;PROD_4;1;1
CORD_ORD_548;PROD_46;1;1
CORD_ORD_548;PROD_8;1;1
CORD_ORD_549;PROD_1;1;1
CORD_ORD_549;PROD_10;1;1
CORD_ORD_549;PROD_17;1;1
CORD_ORD_549;PROD_18;1;1
CORD_ORD_549;PROD_2;1;1
CORD_ORD_549;PROD_22;1;1
CORD_ORD_549;PROD_23;1;1
CORD_ORD_549;PROD_28;1;1
CORD_ORD_549;PROD_3;1;1
CORD_ORD_549;PROD_30;1;1
CORD_ORD_549;PROD_34;1;1
CORD_ORD_549;PROD_36;1;1
CORD_ORD_549;PROD_41;1;1
CORD_ORD_549;PROD_42;1;1
CORD_ORD_549;PROD_43;1;1
CORD_ORD_549;PROD_46;1;1
CORD_ORD_549;PROD_5;1;1
CORD_ORD_549;PROD_8;1;1
CORD_ORD_550;PROD_10;1;1
CORD_ORD_550;PROD_11;1;1
CORD_ORD_550;PROD_12;1;1
CORD_ORD_550;PROD_14;1;1
CORD_ORD_550;PROD_20;1;1
CORD_ORD_550;PROD_21;1;1
CORD_ORD_550;PROD_24;1;1
CORD_ORD_550;PROD_26;1;1
CORD_ORD_550;PROD_34;1;1
CORD_ORD_550;PROD_35;1;1
CORD_ORD_550;PROD_38;1;1
CORD_ORD_550;PROD_39;1;1
CORD_ORD_550;PROD_4;1;1
CORD_ORD_550;PROD_43;1;1
CORD_ORD_550;PROD_48;1;1
CORD_ORD_550;PROD_5;1;1
CORD_ORD_550;PROD_7;1;1
CORD_ORD_550;PROD_9;1;1
CORD_ORD_551;PROD_10;1;1
CORD_ORD_551;PROD_11;1;1
CORD_ORD_551;PROD_17;1;1
CORD_ORD_551;PROD_41;1;1
CORD_ORD_551;PROD_43;1;1
CORD_ORD_551;PROD_48;1;1
CORD_ORD_552;PROD_1;1;1
CORD_ORD_552;PROD_11;1;1
CORD_ORD_552;PROD_14;1;1
CORD_ORD_552;PROD_15;1;1
CORD_ORD_552;PROD_16;1;1
CORD_ORD_552;PROD_20;1;1
CORD_ORD_552;PROD_23;1;1
CORD_ORD_552;PROD_25;1;1
CORD_ORD_552;PROD_27;1;1
CORD_ORD_552;PROD_29;1;1
CORD_ORD_552;PROD_3;1;1
CORD_ORD_552;PROD_31;1;1
CORD_ORD_552;PROD_32;1;1
CORD_ORD_552;PROD_39;1;1
CORD_ORD_552;PROD_42;1;1
CORD_ORD_552;PROD_48;1;1
CORD_ORD_552;PROD_49;1;1
CORD_ORD_552;PROD_9;1;1
CORD_ORD_553;PROD_1;1;1
CORD_ORD_553;PROD_11;1;1
CORD_ORD_553;PROD_15;1;1
CORD_ORD_553;PROD_16;1;1
CORD_ORD_553;PROD_23;1;1
CORD_ORD_553;PROD_25;1;1
CORD_ORD_553;PROD_27;1;1
CORD_ORD_553;PROD_29;1;1
CORD_ORD_553;PROD_3;1;1
CORD_ORD_553;PROD_31;1;1
CORD_ORD_553;PROD_32;1;1
CORD_ORD_553;PROD_35;1;1
CORD_ORD_553;PROD_42;1;1
CORD_ORD_553;PROD_48;1;1
CORD_ORD_553;PROD_49;1;1
CORD_ORD_553;PROD_7;1;1
CORD_ORD_554;PROD_12;1;1
CORD_ORD_554;PROD_16;1;1
CORD_ORD_554;PROD_17;1;1
CORD_ORD_554;PROD_25;1;1
CORD_ORD_554;PROD_26;1;1
CORD_ORD_554;PROD_27;1;1
CORD_ORD_554;PROD_41;1;1
CORD_ORD_554;PROD_49;1;1
CORD_ORD_555;PROD_11;1;1
CORD_ORD_555;PROD_15;1;1
CORD_ORD_555;PROD_22;1;1
CORD_ORD_555;PROD_27;1;1
CORD_ORD_555;PROD_28;1;1
CORD_ORD_555;PROD_29;1;1
CORD_ORD_555;PROD_31;1;1
CORD_ORD_555;PROD_32;1;1
CORD_ORD_555;PROD_48;1;1
CORD_ORD_555;PROD_49;1;1
CORD_ORD_555;PROD_50;1;1
CORD_ORD_555;PROD_6;1;1
CORD_ORD_556;PROD_12;1;1
CORD_ORD_556;PROD_16;1;1
CORD_ORD_556;PROD_17;1;1
CORD_ORD_556;PROD_19;1;1
CORD_ORD_556;PROD_20;1;1
CORD_ORD_556;PROD_21;1;1
CORD_ORD_556;PROD_22;1;1
CORD_ORD_556;PROD_23;1;1
CORD_ORD_556;PROD_24;1;1
CORD_ORD_556;PROD_25;1;1
CORD_ORD_556;PROD_26;1;1
CORD_ORD_556;PROD_28;1;1
CORD_ORD_556;PROD_30;1;1
CORD_ORD_556;PROD_34;1;1
CORD_ORD_556;PROD_39;1;1
CORD_ORD_556;PROD_41;1;1
CORD_ORD_556;PROD_42;1;1
CORD_ORD_556;PROD_45;1;1
CORD_ORD_556;PROD_5;1;1
CORD_ORD_556;PROD_8;1;1
CORD_ORD_557;PROD_1;1;1
CORD_ORD_557;PROD_10;1;1
CORD_ORD_557;PROD_13;1;1
CORD_ORD_557;PROD_14;1;1
CORD_ORD_557;PROD_18;1;1
CORD_ORD_557;PROD_2;1;1
CORD_ORD_557;PROD_23;1;1
CORD_ORD_557;PROD_27;1;1
CORD_ORD_557;PROD_3;1;1
CORD_ORD_557;PROD_33;1;1
CORD_ORD_557;PROD_35;1;1
CORD_ORD_557;PROD_36;1;1
CORD_ORD_557;PROD_37;1;1
CORD_ORD_557;PROD_42;1;1
CORD_ORD_557;PROD_43;1;1
CORD_ORD_557;PROD_44;1;1
CORD_ORD_557;PROD_46;1;1
CORD_ORD_557;PROD_49;1;1
CORD_ORD_557;PROD_7;1;1
CORD_ORD_557;PROD_9;1;1
CORD_ORD_558;PROD_11;1;1
CORD_ORD_558;PROD_14;1;1
CORD_ORD_558;PROD_15;1;1
CORD_ORD_558;PROD_18;1;1
CORD_ORD_558;PROD_2;1;1
CORD_ORD_558;PROD_27;1;1
CORD_ORD_558;PROD_32;1;1
CORD_ORD_558;PROD_36;1;1
CORD_ORD_558;PROD_46;1;1
CORD_ORD_558;PROD_48;1;1
CORD_ORD_558;PROD_49;1;1
CORD_ORD_558;PROD_9;1;1
CORD_ORD_559;PROD_10;1;1
CORD_ORD_559;PROD_12;1;1
CORD_ORD_559;PROD_13;1;1
CORD_ORD_559;PROD_15;1;1
CORD_ORD_559;PROD_17;1;1
CORD_ORD_559;PROD_22;1;1
CORD_ORD_559;PROD_26;1;1
CORD_ORD_559;PROD_28;1;1
CORD_ORD_559;PROD_29;1;1
CORD_ORD_559;PROD_31;1;1
CORD_ORD_559;PROD_32;1;1
CORD_ORD_559;PROD_33;1;1
CORD_ORD_559;PROD_34;1;1
CORD_ORD_559;PROD_37;1;1
CORD_ORD_559;PROD_38;1;1
CORD_ORD_559;PROD_4;1;1
CORD_ORD_559;PROD_41;1;1
CORD_ORD_559;PROD_43;1;1
CORD_ORD_559;PROD_44;1;1
CORD_ORD_559;PROD_5;1;1
CORD_ORD_559;PROD_50;1;1
CORD_ORD_559;PROD_6;1;1
CORD_ORD_560;PROD_10;1;1
CORD_ORD_560;PROD_14;1;1
CORD_ORD_560;PROD_15;1;1
CORD_ORD_560;PROD_30;1;1
CORD_ORD_560;PROD_32;1;1
CORD_ORD_560;PROD_37;1;1
CORD_ORD_560;PROD_43;1;1
CORD_ORD_560;PROD_44;1;1
CORD_ORD_560;PROD_8;1;1
CORD_ORD_560;PROD_9;1;1
CORD_ORD_561;PROD_11;1;1
CORD_ORD_561;PROD_14;1;1
CORD_ORD_561;PROD_15;1;1
CORD_ORD_561;PROD_18;1;1
CORD_ORD_561;PROD_2;1;1
CORD_ORD_561;PROD_30;1;1
CORD_ORD_561;PROD_32;1;1
CORD_ORD_561;PROD_35;1;1
CORD_ORD_561;PROD_40;1;1
CORD_ORD_561;PROD_47;1;1
CORD_ORD_561;PROD_48;1;1
CORD_ORD_561;PROD_50;1;1
CORD_ORD_561;PROD_6;1;1
CORD_ORD_561;PROD_7;1;1
CORD_ORD_561;PROD_8;1;1
CORD_ORD_561;PROD_9;1;1
CORD_ORD_562;PROD_10;1;1
CORD_ORD_562;PROD_12;1;1
CORD_ORD_562;PROD_13;1;1
CORD_ORD_562;PROD_15;1;1
CORD_ORD_562;PROD_18;1;1
CORD_ORD_562;PROD_2;1;1
CORD_ORD_562;PROD_20;1;1
CORD_ORD_562;PROD_21;1;1
CORD_ORD_562;PROD_24;1;1
CORD_ORD_562;PROD_26;1;1
CORD_ORD_562;PROD_29;1;1
CORD_ORD_562;PROD_31;1;1
CORD_ORD_562;PROD_32;1;1
CORD_ORD_562;PROD_33;1;1
CORD_ORD_562;PROD_34;1;1
CORD_ORD_562;PROD_37;1;1
CORD_ORD_562;PROD_38;1;1
CORD_ORD_562;PROD_39;1;1
CORD_ORD_562;PROD_4;1;1
CORD_ORD_562;PROD_40;1;1
CORD_ORD_562;PROD_43;1;1
CORD_ORD_562;PROD_44;1;1
CORD_ORD_562;PROD_47;1;1
CORD_ORD_562;PROD_5;1;1
CORD_ORD_562;PROD_50;1;1
CORD_ORD_562;PROD_6;1;1
CORD_ORD_563;PROD_11;1;1
CORD_ORD_563;PROD_15;1;1
CORD_ORD_563;PROD_27;1;1
CORD_ORD_563;PROD_29;1;1
CORD_ORD_563;PROD_31;1;1
CORD_ORD_563;PROD_32;1;1
CORD_ORD_563;PROD_37;1;1
CORD_ORD_563;PROD_44;1;1
CORD_ORD_563;PROD_48;1;1
CORD_ORD_563;PROD_49;1;1
CORD_ORD_564;PROD_13;1;1
CORD_ORD_564;PROD_15;1;1
CORD_ORD_564;PROD_18;1;1
CORD_ORD_564;PROD_19;1;1
CORD_ORD_564;PROD_2;1;1
CORD_ORD_564;PROD_22;1;1
CORD_ORD_564;PROD_23;1;1
CORD_ORD_564;PROD_28;1;1
CORD_ORD_564;PROD_30;1;1
CORD_ORD_564;PROD_32;1;1
CORD_ORD_564;PROD_33;1;1
CORD_ORD_564;PROD_42;1;1
CORD_ORD_564;PROD_45;1;1
CORD_ORD_564;PROD_50;1;1
CORD_ORD_564;PROD_6;1;1
CORD_ORD_564;PROD_8;1;1
CORD_ORD_565;PROD_20;1;1
CORD_ORD_565;PROD_30;1;1
CORD_ORD_565;PROD_34;1;1
CORD_ORD_565;PROD_36;1;1
CORD_ORD_565;PROD_38;1;1
CORD_ORD_565;PROD_39;1;1
CORD_ORD_565;PROD_4;1;1
CORD_ORD_565;PROD_46;1;1
CORD_ORD_565;PROD_5;1;1
CORD_ORD_565;PROD_8;1;1
CORD_ORD_566;PROD_10;1;1
CORD_ORD_566;PROD_11;1;1
CORD_ORD_566;PROD_12;1;1
CORD_ORD_566;PROD_21;1;1
CORD_ORD_566;PROD_22;1;1
CORD_ORD_566;PROD_24;1;1
CORD_ORD_566;PROD_26;1;1
CORD_ORD_566;PROD_28;1;1
CORD_ORD_566;PROD_37;1;1
CORD_ORD_566;PROD_43;1;1
CORD_ORD_566;PROD_44;1;1
CORD_ORD_566;PROD_48;1;1
CORD_ORD_567;PROD_10;1;1
CORD_ORD_567;PROD_13;1;1
CORD_ORD_567;PROD_19;1;1
CORD_ORD_567;PROD_21;1;1
CORD_ORD_567;PROD_22;1;1
CORD_ORD_567;PROD_24;1;1
CORD_ORD_567;PROD_27;1;1
CORD_ORD_567;PROD_28;1;1
CORD_ORD_567;PROD_33;1;1
CORD_ORD_567;PROD_34;1;1
CORD_ORD_567;PROD_37;1;1
CORD_ORD_567;PROD_38;1;1
CORD_ORD_567;PROD_4;1;1
CORD_ORD_567;PROD_43;1;1
CORD_ORD_567;PROD_44;1;1
CORD_ORD_567;PROD_45;1;1
CORD_ORD_567;PROD_49;1;1
CORD_ORD_567;PROD_5;1;1
CORD_ORD_568;PROD_11;1;1
CORD_ORD_568;PROD_14;1;1
CORD_ORD_568;PROD_15;1;1
CORD_ORD_568;PROD_18;1;1
CORD_ORD_568;PROD_2;1;1
CORD_ORD_568;PROD_27;1;1
CORD_ORD_568;PROD_29;1;1
CORD_ORD_568;PROD_31;1;1
CORD_ORD_568;PROD_32;1;1
CORD_ORD_568;PROD_48;1;1
CORD_ORD_568;PROD_49;1;1
CORD_ORD_568;PROD_9;1;1
CORD_ORD_569;PROD_1;1;1
CORD_ORD_569;PROD_11;1;1
CORD_ORD_569;PROD_13;1;1
CORD_ORD_569;PROD_15;1;1
CORD_ORD_569;PROD_16;1;1
CORD_ORD_569;PROD_17;1;1
CORD_ORD_569;PROD_18;1;1
CORD_ORD_569;PROD_2;1;1
CORD_ORD_569;PROD_20;1;1
CORD_ORD_569;PROD_25;1;1
CORD_ORD_569;PROD_3;1;1
CORD_ORD_569;PROD_30;1;1
CORD_ORD_569;PROD_32;1;1
CORD_ORD_569;PROD_33;1;1
CORD_ORD_569;PROD_36;1;1
CORD_ORD_569;PROD_37;1;1
CORD_ORD_569;PROD_38;1;1
CORD_ORD_569;PROD_39;1;1
CORD_ORD_569;PROD_4;1;1
CORD_ORD_569;PROD_41;1;1
CORD_ORD_569;PROD_44;1;1
CORD_ORD_569;PROD_46;1;1
CORD_ORD_569;PROD_48;1;1
CORD_ORD_569;PROD_8;1;1
CORD_ORD_570;PROD_1;1;1
CORD_ORD_570;PROD_15;1;1
CORD_ORD_570;PROD_16;1;1
CORD_ORD_570;PROD_19;1;1
CORD_ORD_570;PROD_22;1;1
CORD_ORD_570;PROD_23;1;1
CORD_ORD_570;PROD_25;1;1
CORD_ORD_570;PROD_28;1;1
CORD_ORD_570;PROD_29;1;1
CORD_ORD_570;PROD_3;1;1
CORD_ORD_570;PROD_31;1;1
CORD_ORD_570;PROD_32;1;1
CORD_ORD_570;PROD_34;1;1
CORD_ORD_570;PROD_37;1;1
CORD_ORD_570;PROD_42;1;1
CORD_ORD_570;PROD_44;1;1
CORD_ORD_570;PROD_45;1;1
CORD_ORD_570;PROD_5;1;1
CORD_ORD_570;PROD_50;1;1
CORD_ORD_570;PROD_6;1;1
CORD_ORD_571;PROD_11;1;1
CORD_ORD_571;PROD_13;1;1
CORD_ORD_571;PROD_19;1;1
CORD_ORD_571;PROD_33;1;1
CORD_ORD_571;PROD_37;1;1
CORD_ORD_571;PROD_44;1;1
CORD_ORD_571;PROD_45;1;1
CORD_ORD_571;PROD_48;1;1
CORD_ORD_572;PROD_10;1;1
CORD_ORD_572;PROD_15;1;1
CORD_ORD_572;PROD_20;1;1
CORD_ORD_572;PROD_30;1;1
CORD_ORD_572;PROD_32;1;1
CORD_ORD_572;PROD_36;1;1
CORD_ORD_572;PROD_38;1;1
CORD_ORD_572;PROD_39;1;1
CORD_ORD_572;PROD_4;1;1
CORD_ORD_572;PROD_43;1;1
CORD_ORD_572;PROD_46;1;1
CORD_ORD_572;PROD_8;1;1
CORD_ORD_573;PROD_10;1;1
CORD_ORD_573;PROD_11;1;1
CORD_ORD_573;PROD_12;1;1
CORD_ORD_573;PROD_14;1;1
CORD_ORD_573;PROD_17;1;1
CORD_ORD_573;PROD_18;1;1
CORD_ORD_573;PROD_2;1;1
CORD_ORD_573;PROD_21;1;1
CORD_ORD_573;PROD_24;1;1
CORD_ORD_573;PROD_26;1;1
CORD_ORD_573;PROD_35;1;1
CORD_ORD_573;PROD_37;1;1
CORD_ORD_573;PROD_41;1;1
CORD_ORD_573;PROD_43;1;1
CORD_ORD_573;PROD_44;1;1
CORD_ORD_573;PROD_48;1;1
CORD_ORD_573;PROD_7;1;1
CORD_ORD_573;PROD_9;1;1
CORD_ORD_574;PROD_10;1;1
CORD_ORD_574;PROD_11;1;1
CORD_ORD_574;PROD_15;1;1
CORD_ORD_574;PROD_22;1;1
CORD_ORD_574;PROD_27;1;1
CORD_ORD_574;PROD_28;1;1
CORD_ORD_574;PROD_29;1;1
CORD_ORD_574;PROD_31;1;1
CORD_ORD_574;PROD_32;1;1
CORD_ORD_574;PROD_37;1;1
CORD_ORD_574;PROD_43;1;1
CORD_ORD_574;PROD_44;1;1
CORD_ORD_574;PROD_48;1;1
CORD_ORD_574;PROD_49;1;1
CORD_ORD_575;PROD_10;1;1
CORD_ORD_575;PROD_11;1;1
CORD_ORD_575;PROD_18;1;1
CORD_ORD_575;PROD_2;1;1
CORD_ORD_575;PROD_20;1;1
CORD_ORD_575;PROD_21;1;1
CORD_ORD_575;PROD_22;1;1
CORD_ORD_575;PROD_23;1;1
CORD_ORD_575;PROD_24;1;1
CORD_ORD_575;PROD_28;1;1
CORD_ORD_575;PROD_34;1;1
CORD_ORD_575;PROD_37;1;1
CORD_ORD_575;PROD_39;1;1
CORD_ORD_575;PROD_42;1;1
CORD_ORD_575;PROD_43;1;1
CORD_ORD_575;PROD_44;1;1
CORD_ORD_575;PROD_48;1;1
CORD_ORD_575;PROD_5;1;1
CORD_ORD_576;PROD_13;1;1
CORD_ORD_576;PROD_16;1;1
CORD_ORD_576;PROD_19;1;1
CORD_ORD_576;PROD_21;1;1
CORD_ORD_576;PROD_22;1;1
CORD_ORD_576;PROD_23;1;1
CORD_ORD_576;PROD_24;1;1
CORD_ORD_576;PROD_25;1;1
CORD_ORD_576;PROD_28;1;1
CORD_ORD_576;PROD_33;1;1
CORD_ORD_576;PROD_34;1;1
CORD_ORD_576;PROD_42;1;1
CORD_ORD_576;PROD_45;1;1
CORD_ORD_576;PROD_5;1;1
CORD_ORD_577;PROD_12;1;1
CORD_ORD_577;PROD_17;1;1
CORD_ORD_577;PROD_20;1;1
CORD_ORD_577;PROD_26;1;1
CORD_ORD_577;PROD_30;1;1
CORD_ORD_577;PROD_39;1;1
CORD_ORD_577;PROD_40;1;1
CORD_ORD_577;PROD_41;1;1
CORD_ORD_577;PROD_47;1;1
CORD_ORD_577;PROD_8;1;1
CORD_ORD_578;PROD_1;1;1
CORD_ORD_578;PROD_11;1;1
CORD_ORD_578;PROD_12;1;1
CORD_ORD_578;PROD_18;1;1
CORD_ORD_578;PROD_2;1;1
CORD_ORD_578;PROD_20;1;1
CORD_ORD_578;PROD_23;1;1
CORD_ORD_578;PROD_26;1;1
CORD_ORD_578;PROD_3;1;1
CORD_ORD_578;PROD_34;1;1
CORD_ORD_578;PROD_35;1;1
CORD_ORD_578;PROD_36;1;1
CORD_ORD_578;PROD_39;1;1
CORD_ORD_578;PROD_42;1;1
CORD_ORD_578;PROD_46;1;1
CORD_ORD_578;PROD_48;1;1
CORD_ORD_578;PROD_5;1;1
CORD_ORD_578;PROD_7;1;1
CORD_ORD_579;PROD_1;1;1
CORD_ORD_579;PROD_10;1;1
CORD_ORD_579;PROD_15;1;1
CORD_ORD_579;PROD_20;1;1
CORD_ORD_579;PROD_22;1;1
CORD_ORD_579;PROD_28;1;1
CORD_ORD_579;PROD_3;1;1
CORD_ORD_579;PROD_30;1;1
CORD_ORD_579;PROD_32;1;1
CORD_ORD_579;PROD_36;1;1
CORD_ORD_579;PROD_38;1;1
CORD_ORD_579;PROD_39;1;1
CORD_ORD_579;PROD_4;1;1
CORD_ORD_579;PROD_43;1;1
CORD_ORD_579;PROD_46;1;1
CORD_ORD_579;PROD_8;1;1
CORD_ORD_580;PROD_12;1;1
CORD_ORD_580;PROD_18;1;1
CORD_ORD_580;PROD_19;1;1
CORD_ORD_580;PROD_2;1;1
CORD_ORD_580;PROD_26;1;1
CORD_ORD_580;PROD_27;1;1
CORD_ORD_580;PROD_30;1;1
CORD_ORD_580;PROD_34;1;1
CORD_ORD_580;PROD_36;1;1
CORD_ORD_580;PROD_38;1;1
CORD_ORD_580;PROD_4;1;1
CORD_ORD_580;PROD_45;1;1
CORD_ORD_580;PROD_46;1;1
CORD_ORD_580;PROD_49;1;1
CORD_ORD_580;PROD_5;1;1
CORD_ORD_580;PROD_50;1;1
CORD_ORD_580;PROD_6;1;1
CORD_ORD_580;PROD_8;1;1
CORD_ORD_581;PROD_1;1;1
CORD_ORD_581;PROD_10;1;1
CORD_ORD_581;PROD_12;1;1
CORD_ORD_581;PROD_17;1;1
CORD_ORD_581;PROD_21;1;1
CORD_ORD_581;PROD_24;1;1
CORD_ORD_581;PROD_26;1;1
CORD_ORD_581;PROD_3;1;1
CORD_ORD_581;PROD_30;1;1
CORD_ORD_581;PROD_36;1;1
CORD_ORD_581;PROD_38;1;1
CORD_ORD_581;PROD_4;1;1
CORD_ORD_581;PROD_41;1;1
CORD_ORD_581;PROD_43;1;1
CORD_ORD_581;PROD_46;1;1
CORD_ORD_581;PROD_8;1;1
CORD_ORD_582;PROD_10;1;1
CORD_ORD_582;PROD_11;1;1
CORD_ORD_582;PROD_14;1;1
CORD_ORD_582;PROD_15;1;1
CORD_ORD_582;PROD_18;1;1
CORD_ORD_582;PROD_2;1;1
CORD_ORD_582;PROD_23;1;1
CORD_ORD_582;PROD_27;1;1
CORD_ORD_582;PROD_29;1;1
CORD_ORD_582;PROD_31;1;1
CORD_ORD_582;PROD_32;1;1
CORD_ORD_582;PROD_35;1;1
CORD_ORD_582;PROD_36;1;1
CORD_ORD_582;PROD_42;1;1
CORD_ORD_582;PROD_43;1;1
CORD_ORD_582;PROD_46;1;1
CORD_ORD_582;PROD_48;1;1
CORD_ORD_582;PROD_49;1;1
CORD_ORD_582;PROD_7;1;1
CORD_ORD_582;PROD_9;1;1
CORD_ORD_583;PROD_1;1;1
CORD_ORD_583;PROD_18;1;1
CORD_ORD_583;PROD_2;1;1
CORD_ORD_583;PROD_20;1;1
CORD_ORD_583;PROD_3;1;1
CORD_ORD_583;PROD_30;1;1
CORD_ORD_583;PROD_36;1;1
CORD_ORD_583;PROD_37;1;1
CORD_ORD_583;PROD_38;1;1
CORD_ORD_583;PROD_39;1;1
CORD_ORD_583;PROD_4;1;1
CORD_ORD_583;PROD_44;1;1
CORD_ORD_583;PROD_46;1;1
CORD_ORD_583;PROD_8;1;1
CORD_ORD_584;PROD_12;1;1
CORD_ORD_584;PROD_21;1;1
CORD_ORD_584;PROD_22;1;1
CORD_ORD_584;PROD_24;1;1
CORD_ORD_584;PROD_26;1;1
CORD_ORD_584;PROD_28;1;1
CORD_ORD_584;PROD_29;1;1
CORD_ORD_584;PROD_31;1;1
CORD_ORD_584;PROD_50;1;1
CORD_ORD_584;PROD_6;1;1
CORD_ORD_585;PROD_1;1;1
CORD_ORD_585;PROD_10;1;1
CORD_ORD_585;PROD_11;1;1
CORD_ORD_585;PROD_12;1;1
CORD_ORD_585;PROD_13;1;1
CORD_ORD_585;PROD_14;1;1
CORD_ORD_585;PROD_15;1;1
CORD_ORD_585;PROD_17;1;1
CORD_ORD_585;PROD_18;1;1
CORD_ORD_585;PROD_2;1;1
CORD_ORD_585;PROD_26;1;1
CORD_ORD_585;PROD_3;1;1
CORD_ORD_585;PROD_32;1;1
CORD_ORD_585;PROD_33;1;1
CORD_ORD_585;PROD_34;1;1
CORD_ORD_585;PROD_38;1;1
CORD_ORD_585;PROD_4;1;1
CORD_ORD_585;PROD_41;1;1
CORD_ORD_585;PROD_43;1;1
CORD_ORD_585;PROD_48;1;1
CORD_ORD_585;PROD_5;1;1
CORD_ORD_585;PROD_9;1;1
CORD_ORD_586;PROD_1;1;1
CORD_ORD_586;PROD_10;1;1
CORD_ORD_586;PROD_14;1;1
CORD_ORD_586;PROD_3;1;1
CORD_ORD_586;PROD_30;1;1
CORD_ORD_586;PROD_35;1;1
CORD_ORD_586;PROD_36;1;1
CORD_ORD_586;PROD_43;1;1
CORD_ORD_586;PROD_46;1;1
CORD_ORD_586;PROD_7;1;1
CORD_ORD_586;PROD_8;1;1
CORD_ORD_586;PROD_9;1;1
CORD_ORD_587;PROD_1;1;1
CORD_ORD_587;PROD_12;1;1
CORD_ORD_587;PROD_15;1;1
CORD_ORD_587;PROD_16;1;1
CORD_ORD_587;PROD_22;1;1
CORD_ORD_587;PROD_25;1;1
CORD_ORD_587;PROD_26;1;1
CORD_ORD_587;PROD_28;1;1
CORD_ORD_587;PROD_3;1;1
CORD_ORD_587;PROD_32;1;1
CORD_ORD_587;PROD_34;1;1
CORD_ORD_587;PROD_38;1;1
CORD_ORD_587;PROD_4;1;1
CORD_ORD_587;PROD_5;1;1
CORD_ORD_588;PROD_10;1;1
CORD_ORD_588;PROD_20;1;1
CORD_ORD_588;PROD_30;1;1
CORD_ORD_588;PROD_36;1;1
CORD_ORD_588;PROD_38;1;1
CORD_ORD_588;PROD_39;1;1
CORD_ORD_588;PROD_4;1;1
CORD_ORD_588;PROD_43;1;1
CORD_ORD_588;PROD_46;1;1
CORD_ORD_588;PROD_50;1;1
CORD_ORD_588;PROD_6;1;1
CORD_ORD_588;PROD_8;1;1
CORD_ORD_589;PROD_1;1;1
CORD_ORD_589;PROD_11;1;1
CORD_ORD_589;PROD_18;1;1
CORD_ORD_589;PROD_19;1;1
CORD_ORD_589;PROD_2;1;1
CORD_ORD_589;PROD_27;1;1
CORD_ORD_589;PROD_3;1;1
CORD_ORD_589;PROD_36;1;1
CORD_ORD_589;PROD_37;1;1
CORD_ORD_589;PROD_44;1;1
CORD_ORD_589;PROD_45;1;1
CORD_ORD_589;PROD_46;1;1
CORD_ORD_589;PROD_48;1;1
CORD_ORD_589;PROD_49;1;1
CORD_ORD_590;PROD_10;1;1
CORD_ORD_590;PROD_11;1;1
CORD_ORD_590;PROD_12;1;1
CORD_ORD_590;PROD_17;1;1
CORD_ORD_590;PROD_19;1;1
CORD_ORD_590;PROD_21;1;1
CORD_ORD_590;PROD_23;1;1
CORD_ORD_590;PROD_24;1;1
CORD_ORD_590;PROD_26;1;1
CORD_ORD_590;PROD_29;1;1
CORD_ORD_590;PROD_30;1;1
CORD_ORD_590;PROD_31;1;1
CORD_ORD_590;PROD_35;1;1
CORD_ORD_590;PROD_41;1;1
CORD_ORD_590;PROD_42;1;1
CORD_ORD_590;PROD_43;1;1
CORD_ORD_590;PROD_45;1;1
CORD_ORD_590;PROD_48;1;1
CORD_ORD_590;PROD_50;1;1
CORD_ORD_590;PROD_6;1;1
CORD_ORD_590;PROD_7;1;1
CORD_ORD_590;PROD_8;1;1
CORD_ORD_591;PROD_1;1;1
CORD_ORD_591;PROD_15;1;1
CORD_ORD_591;PROD_16;1;1
CORD_ORD_591;PROD_22;1;1
CORD_ORD_591;PROD_25;1;1
CORD_ORD_591;PROD_27;1;1
CORD_ORD_591;PROD_28;1;1
CORD_ORD_591;PROD_29;1;1
CORD_ORD_591;PROD_3;1;1
CORD_ORD_591;PROD_30;1;1
CORD_ORD_591;PROD_31;1;1
CORD_ORD_591;PROD_32;1;1
CORD_ORD_591;PROD_40;1;1
CORD_ORD_591;PROD_47;1;1
CORD_ORD_591;PROD_49;1;1
CORD_ORD_591;PROD_50;1;1
CORD_ORD_591;PROD_6;1;1
CORD_ORD_591;PROD_8;1;1
CORD_ORD_592;PROD_11;1;1
CORD_ORD_592;PROD_15;1;1
CORD_ORD_592;PROD_20;1;1
CORD_ORD_592;PROD_21;1;1
CORD_ORD_592;PROD_23;1;1
CORD_ORD_592;PROD_24;1;1
CORD_ORD_592;PROD_27;1;1
CORD_ORD_592;PROD_29;1;1
CORD_ORD_592;PROD_31;1;1
CORD_ORD_592;PROD_32;1;1
CORD_ORD_592;PROD_35;1;1
CORD_ORD_592;PROD_37;1;1
CORD_ORD_592;PROD_39;1;1
CORD_ORD_592;PROD_42;1;1
CORD_ORD_592;PROD_44;1;1
CORD_ORD_592;PROD_48;1;1
CORD_ORD_592;PROD_49;1;1
CORD_ORD_592;PROD_7;1;1
CORD_ORD_593;PROD_1;1;1
CORD_ORD_593;PROD_10;1;1
CORD_ORD_593;PROD_15;1;1
CORD_ORD_593;PROD_16;1;1
CORD_ORD_593;PROD_19;1;1
CORD_ORD_593;PROD_20;1;1
CORD_ORD_593;PROD_22;1;1
CORD_ORD_593;PROD_25;1;1
CORD_ORD_593;PROD_28;1;1
CORD_ORD_593;PROD_29;1;1
CORD_ORD_593;PROD_3;1;1
CORD_ORD_593;PROD_30;1;1
CORD_ORD_593;PROD_31;1;1
CORD_ORD_593;PROD_32;1;1
CORD_ORD_593;PROD_36;1;1
CORD_ORD_593;PROD_38;1;1
CORD_ORD_593;PROD_39;1;1
CORD_ORD_593;PROD_4;1;1
CORD_ORD_593;PROD_43;1;1
CORD_ORD_593;PROD_45;1;1
CORD_ORD_593;PROD_46;1;1
CORD_ORD_593;PROD_8;1;1
CORD_ORD_594;PROD_10;1;1
CORD_ORD_594;PROD_11;1;1
CORD_ORD_594;PROD_22;1;1
CORD_ORD_594;PROD_28;1;1
CORD_ORD_594;PROD_29;1;1
CORD_ORD_594;PROD_31;1;1
CORD_ORD_594;PROD_37;1;1
CORD_ORD_594;PROD_43;1;1
CORD_ORD_594;PROD_44;1;1
CORD_ORD_594;PROD_48;1;1
CORD_ORD_594;PROD_50;1;1
CORD_ORD_594;PROD_6;1;1
CORD_ORD_595;PROD_1;1;1
CORD_ORD_595;PROD_10;1;1
CORD_ORD_595;PROD_11;1;1
CORD_ORD_595;PROD_16;1;1
CORD_ORD_595;PROD_17;1;1
CORD_ORD_595;PROD_20;1;1
CORD_ORD_595;PROD_22;1;1
CORD_ORD_595;PROD_25;1;1
CORD_ORD_595;PROD_28;1;1
CORD_ORD_595;PROD_3;1;1
CORD_ORD_595;PROD_30;1;1
CORD_ORD_595;PROD_39;1;1
CORD_ORD_595;PROD_41;1;1
CORD_ORD_595;PROD_43;1;1
CORD_ORD_595;PROD_48;1;1
CORD_ORD_595;PROD_8;1;1
CORD_ORD_596;PROD_11;1;1
CORD_ORD_596;PROD_13;1;1
CORD_ORD_596;PROD_19;1;1
CORD_ORD_596;PROD_20;1;1
CORD_ORD_596;PROD_33;1;1
CORD_ORD_596;PROD_37;1;1
CORD_ORD_596;PROD_39;1;1
CORD_ORD_596;PROD_44;1;1
CORD_ORD_596;PROD_45;1;1
CORD_ORD_596;PROD_48;1;1
CORD_ORD_597;PROD_11;1;1
CORD_ORD_597;PROD_15;1;1
CORD_ORD_597;PROD_27;1;1
CORD_ORD_597;PROD_29;1;1
CORD_ORD_597;PROD_31;1;1
CORD_ORD_597;PROD_32;1;1
CORD_ORD_597;PROD_48;1;1
CORD_ORD_597;PROD_49;1;1
CORD_ORD_598;PROD_1;1;1
CORD_ORD_598;PROD_10;1;1
CORD_ORD_598;PROD_15;1;1
CORD_ORD_598;PROD_29;1;1
CORD_ORD_598;PROD_3;1;1
CORD_ORD_598;PROD_31;1;1
CORD_ORD_598;PROD_32;1;1
CORD_ORD_598;PROD_40;1;1
CORD_ORD_598;PROD_43;1;1
CORD_ORD_598;PROD_47;1;1
CORD_ORD_599;PROD_10;1;1
CORD_ORD_599;PROD_14;1;1
CORD_ORD_599;PROD_20;1;1
CORD_ORD_599;PROD_27;1;1
CORD_ORD_599;PROD_30;1;1
CORD_ORD_599;PROD_35;1;1
CORD_ORD_599;PROD_36;1;1
CORD_ORD_599;PROD_38;1;1
CORD_ORD_599;PROD_39;1;1
CORD_ORD_599;PROD_4;1;1
CORD_ORD_599;PROD_43;1;1
CORD_ORD_599;PROD_46;1;1
CORD_ORD_599;PROD_49;1;1
CORD_ORD_599;PROD_7;1;1
CORD_ORD_599;PROD_8;1;1
CORD_ORD_599;PROD_9;1;1
CORD_ORD_600;PROD_10;1;1
CORD_ORD_600;PROD_14;1;1
CORD_ORD_600;PROD_20;1;1
CORD_ORD_600;PROD_30;1;1
CORD_ORD_600;PROD_34;1;1
CORD_ORD_600;PROD_35;1;1
CORD_ORD_600;PROD_36;1;1
CORD_ORD_600;PROD_38;1;1
CORD_ORD_600;PROD_39;1;1
CORD_ORD_600;PROD_4;1;1
CORD_ORD_600;PROD_43;1;1
CORD_ORD_600;PROD_46;1;1
CORD_ORD_600;PROD_5;1;1
CORD_ORD_600;PROD_7;1;1
CORD_ORD_600;PROD_8;1;1
CORD_ORD_600;PROD_9;1;1
CORD_ORD_601;PROD_1;1;1
CORD_ORD_601;PROD_10;1;1
CORD_ORD_601;PROD_15;1;1
CORD_ORD_601;PROD_20;1;1
CORD_ORD_601;PROD_21;1;1
CORD_ORD_601;PROD_22;1;1
CORD_ORD_601;PROD_24;1;1
CORD_ORD_601;PROD_28;1;1
CORD_ORD_601;PROD_29;1;1
CORD_ORD_601;PROD_3;1;1
CORD_ORD_601;PROD_30;1;1
CORD_ORD_601;PROD_31;1;1
CORD_ORD_601;PROD_32;1;1
CORD_ORD_601;PROD_35;1;1
CORD_ORD_601;PROD_36;1;1
CORD_ORD_601;PROD_37;1;1
CORD_ORD_601;PROD_39;1;1
CORD_ORD_601;PROD_43;1;1
CORD_ORD_601;PROD_44;1;1
CORD_ORD_601;PROD_46;1;1
CORD_ORD_601;PROD_7;1;1
CORD_ORD_601;PROD_8;1;1
CORD_ORD_602;PROD_1;1;1
CORD_ORD_602;PROD_10;1;1
CORD_ORD_602;PROD_11;1;1
CORD_ORD_602;PROD_13;1;1
CORD_ORD_602;PROD_18;1;1
CORD_ORD_602;PROD_19;1;1
CORD_ORD_602;PROD_2;1;1
CORD_ORD_602;PROD_3;1;1
CORD_ORD_602;PROD_30;1;1
CORD_ORD_602;PROD_33;1;1
CORD_ORD_602;PROD_36;1;1
CORD_ORD_602;PROD_37;1;1
CORD_ORD_602;PROD_43;1;1
CORD_ORD_602;PROD_44;1;1
CORD_ORD_602;PROD_45;1;1
CORD_ORD_602;PROD_46;1;1
CORD_ORD_602;PROD_48;1;1
CORD_ORD_602;PROD_8;1;1
CORD_ORD_603;PROD_10;1;1
CORD_ORD_603;PROD_11;1;1
CORD_ORD_603;PROD_13;1;1
CORD_ORD_603;PROD_14;1;1
CORD_ORD_603;PROD_15;1;1
CORD_ORD_603;PROD_20;1;1
CORD_ORD_603;PROD_22;1;1
CORD_ORD_603;PROD_23;1;1
CORD_ORD_603;PROD_28;1;1
CORD_ORD_603;PROD_29;1;1
CORD_ORD_603;PROD_31;1;1
CORD_ORD_603;PROD_32;1;1
CORD_ORD_603;PROD_33;1;1
CORD_ORD_603;PROD_37;1;1
CORD_ORD_603;PROD_39;1;1
CORD_ORD_603;PROD_40;1;1
CORD_ORD_603;PROD_42;1;1
CORD_ORD_603;PROD_43;1;1
CORD_ORD_603;PROD_44;1;1
CORD_ORD_603;PROD_47;1;1
CORD_ORD_603;PROD_48;1;1
CORD_ORD_603;PROD_9;1;1
CORD_ORD_604;PROD_1;1;1
CORD_ORD_604;PROD_12;1;1
CORD_ORD_604;PROD_16;1;1
CORD_ORD_604;PROD_18;1;1
CORD_ORD_604;PROD_2;1;1
CORD_ORD_604;PROD_21;1;1
CORD_ORD_604;PROD_24;1;1
CORD_ORD_604;PROD_25;1;1
CORD_ORD_604;PROD_26;1;1
CORD_ORD_604;PROD_27;1;1
CORD_ORD_604;PROD_3;1;1
CORD_ORD_604;PROD_34;1;1
CORD_ORD_604;PROD_36;1;1
CORD_ORD_604;PROD_37;1;1
CORD_ORD_604;PROD_38;1;1
CORD_ORD_604;PROD_4;1;1
CORD_ORD_604;PROD_44;1;1
CORD_ORD_604;PROD_46;1;1
CORD_ORD_604;PROD_49;1;1
CORD_ORD_604;PROD_5;1;1
CORD_ORD_605;PROD_10;1;1
CORD_ORD_605;PROD_11;1;1
CORD_ORD_605;PROD_12;1;1
CORD_ORD_605;PROD_17;1;1
CORD_ORD_605;PROD_26;1;1
CORD_ORD_605;PROD_40;1;1
CORD_ORD_605;PROD_41;1;1
CORD_ORD_605;PROD_43;1;1
CORD_ORD_605;PROD_47;1;1
CORD_ORD_605;PROD_48;1;1
CORD_ORD_605;PROD_50;1;1
CORD_ORD_605;PROD_6;1;1
CORD_ORD_606;PROD_10;1;1
CORD_ORD_606;PROD_11;1;1
CORD_ORD_606;PROD_12;1;1
CORD_ORD_606;PROD_15;1;1
CORD_ORD_606;PROD_17;1;1
CORD_ORD_606;PROD_20;1;1
CORD_ORD_606;PROD_22;1;1
CORD_ORD_606;PROD_26;1;1
CORD_ORD_606;PROD_28;1;1
CORD_ORD_606;PROD_29;1;1
CORD_ORD_606;PROD_31;1;1
CORD_ORD_606;PROD_32;1;1
CORD_ORD_606;PROD_37;1;1
CORD_ORD_606;PROD_38;1;1
CORD_ORD_606;PROD_39;1;1
CORD_ORD_606;PROD_4;1;1
CORD_ORD_606;PROD_41;1;1
CORD_ORD_606;PROD_43;1;1
CORD_ORD_606;PROD_44;1;1
CORD_ORD_606;PROD_48;1;1
CORD_ORD_606;PROD_50;1;1
CORD_ORD_606;PROD_6;1;1
CORD_ORD_607;PROD_1;1;1
CORD_ORD_607;PROD_10;1;1
CORD_ORD_607;PROD_12;1;1
CORD_ORD_607;PROD_15;1;1
CORD_ORD_607;PROD_16;1;1
CORD_ORD_607;PROD_18;1;1
CORD_ORD_607;PROD_2;1;1
CORD_ORD_607;PROD_20;1;1
CORD_ORD_607;PROD_22;1;1
CORD_ORD_607;PROD_25;1;1
CORD_ORD_607;PROD_26;1;1
CORD_ORD_607;PROD_28;1;1
CORD_ORD_607;PROD_29;1;1
CORD_ORD_607;PROD_3;1;1
CORD_ORD_607;PROD_30;1;1
CORD_ORD_607;PROD_31;1;1
CORD_ORD_607;PROD_32;1;1
CORD_ORD_607;PROD_36;1;1
CORD_ORD_607;PROD_37;1;1
CORD_ORD_607;PROD_39;1;1
CORD_ORD_607;PROD_43;1;1
CORD_ORD_607;PROD_44;1;1
CORD_ORD_607;PROD_46;1;1
CORD_ORD_607;PROD_8;1;1
CORD_ORD_608;PROD_1;1;1
CORD_ORD_608;PROD_10;1;1
CORD_ORD_608;PROD_12;1;1
CORD_ORD_608;PROD_18;1;1
CORD_ORD_608;PROD_2;1;1
CORD_ORD_608;PROD_21;1;1
CORD_ORD_608;PROD_24;1;1
CORD_ORD_608;PROD_26;1;1
CORD_ORD_608;PROD_27;1;1
CORD_ORD_608;PROD_29;1;1
CORD_ORD_608;PROD_3;1;1
CORD_ORD_608;PROD_31;1;1
CORD_ORD_608;PROD_36;1;1
CORD_ORD_608;PROD_37;1;1
CORD_ORD_608;PROD_43;1;1
CORD_ORD_608;PROD_44;1;1
CORD_ORD_608;PROD_46;1;1
CORD_ORD_608;PROD_49;1;1
CORD_ORD_608;PROD_50;1;1
CORD_ORD_608;PROD_6;1;1
CORD_ORD_609;PROD_1;1;1
CORD_ORD_609;PROD_10;1;1
CORD_ORD_609;PROD_16;1;1
CORD_ORD_609;PROD_18;1;1
CORD_ORD_609;PROD_2;1;1
CORD_ORD_609;PROD_21;1;1
CORD_ORD_609;PROD_24;1;1
CORD_ORD_609;PROD_25;1;1
CORD_ORD_609;PROD_29;1;1
CORD_ORD_609;PROD_3;1;1
CORD_ORD_609;PROD_31;1;1
CORD_ORD_609;PROD_36;1;1
CORD_ORD_609;PROD_37;1;1
CORD_ORD_609;PROD_43;1;1
CORD_ORD_609;PROD_44;1;1
CORD_ORD_609;PROD_46;1;1
CORD_ORD_610;PROD_16;1;1
CORD_ORD_610;PROD_18;1;1
CORD_ORD_610;PROD_19;1;1
CORD_ORD_610;PROD_2;1;1
CORD_ORD_610;PROD_21;1;1
CORD_ORD_610;PROD_22;1;1
CORD_ORD_610;PROD_24;1;1
CORD_ORD_610;PROD_25;1;1
CORD_ORD_610;PROD_28;1;1
CORD_ORD_610;PROD_30;1;1
CORD_ORD_610;PROD_34;1;1
CORD_ORD_610;PROD_37;1;1
CORD_ORD_610;PROD_40;1;1
CORD_ORD_610;PROD_44;1;1
CORD_ORD_610;PROD_45;1;1
CORD_ORD_610;PROD_47;1;1
CORD_ORD_610;PROD_5;1;1
CORD_ORD_610;PROD_50;1;1
CORD_ORD_610;PROD_6;1;1
CORD_ORD_610;PROD_8;1;1
CORD_ORD_611;PROD_1;1;1
CORD_ORD_611;PROD_10;1;1
CORD_ORD_611;PROD_16;1;1
CORD_ORD_611;PROD_22;1;1
CORD_ORD_611;PROD_25;1;1
CORD_ORD_611;PROD_28;1;1
CORD_ORD_611;PROD_3;1;1
CORD_ORD_611;PROD_30;1;1
CORD_ORD_611;PROD_36;1;1
CORD_ORD_611;PROD_43;1;1
CORD_ORD_611;PROD_46;1;1
CORD_ORD_611;PROD_8;1;1
CORD_ORD_612;PROD_1;1;1
CORD_ORD_612;PROD_11;1;1
CORD_ORD_612;PROD_12;1;1
CORD_ORD_612;PROD_13;1;1
CORD_ORD_612;PROD_16;1;1
CORD_ORD_612;PROD_17;1;1
CORD_ORD_612;PROD_21;1;1
CORD_ORD_612;PROD_22;1;1
CORD_ORD_612;PROD_24;1;1
CORD_ORD_612;PROD_25;1;1
CORD_ORD_612;PROD_26;1;1
CORD_ORD_612;PROD_27;1;1
CORD_ORD_612;PROD_28;1;1
CORD_ORD_612;PROD_29;1;1
CORD_ORD_612;PROD_3;1;1
CORD_ORD_612;PROD_31;1;1
CORD_ORD_612;PROD_33;1;1
CORD_ORD_612;PROD_34;1;1
CORD_ORD_612;PROD_35;1;1
CORD_ORD_612;PROD_38;1;1
CORD_ORD_612;PROD_4;1;1
CORD_ORD_612;PROD_41;1;1
CORD_ORD_612;PROD_48;1;1
CORD_ORD_612;PROD_49;1;1
CORD_ORD_612;PROD_5;1;1
CORD_ORD_612;PROD_50;1;1
CORD_ORD_612;PROD_6;1;1
CORD_ORD_612;PROD_7;1;1
CORD_ORD_613;PROD_1;1;1
CORD_ORD_613;PROD_10;1;1
CORD_ORD_613;PROD_13;1;1
CORD_ORD_613;PROD_15;1;1
CORD_ORD_613;PROD_3;1;1
CORD_ORD_613;PROD_30;1;1
CORD_ORD_613;PROD_32;1;1
CORD_ORD_613;PROD_33;1;1
CORD_ORD_613;PROD_36;1;1
CORD_ORD_613;PROD_43;1;1
CORD_ORD_613;PROD_46;1;1
CORD_ORD_613;PROD_8;1;1
CORD_ORD_614;PROD_10;1;1
CORD_ORD_614;PROD_11;1;1
CORD_ORD_614;PROD_13;1;1
CORD_ORD_614;PROD_19;1;1
CORD_ORD_614;PROD_33;1;1
CORD_ORD_614;PROD_37;1;1
CORD_ORD_614;PROD_43;1;1
CORD_ORD_614;PROD_44;1;1
CORD_ORD_614;PROD_45;1;1
CORD_ORD_614;PROD_48;1;1
CORD_ORD_615;PROD_1;1;1
CORD_ORD_615;PROD_13;1;1
CORD_ORD_615;PROD_14;1;1
CORD_ORD_615;PROD_19;1;1
CORD_ORD_615;PROD_27;1;1
CORD_ORD_615;PROD_29;1;1
CORD_ORD_615;PROD_3;1;1
CORD_ORD_615;PROD_30;1;1
CORD_ORD_615;PROD_31;1;1
CORD_ORD_615;PROD_33;1;1
CORD_ORD_615;PROD_34;1;1
CORD_ORD_615;PROD_36;1;1
CORD_ORD_615;PROD_40;1;1
CORD_ORD_615;PROD_45;1;1
CORD_ORD_615;PROD_46;1;1
CORD_ORD_615;PROD_47;1;1
CORD_ORD_615;PROD_49;1;1
CORD_ORD_615;PROD_5;1;1
CORD_ORD_615;PROD_50;1;1
CORD_ORD_615;PROD_6;1;1
CORD_ORD_615;PROD_8;1;1
CORD_ORD_615;PROD_9;1;1
CORD_ORD_616;PROD_1;1;1
CORD_ORD_616;PROD_10;1;1
CORD_ORD_616;PROD_12;1;1
CORD_ORD_616;PROD_13;1;1
CORD_ORD_616;PROD_14;1;1
CORD_ORD_616;PROD_15;1;1
CORD_ORD_616;PROD_17;1;1
CORD_ORD_616;PROD_19;1;1
CORD_ORD_616;PROD_26;1;1
CORD_ORD_616;PROD_3;1;1
CORD_ORD_616;PROD_30;1;1
CORD_ORD_616;PROD_32;1;1
CORD_ORD_616;PROD_33;1;1
CORD_ORD_616;PROD_34;1;1
CORD_ORD_616;PROD_41;1;1
CORD_ORD_616;PROD_43;1;1
CORD_ORD_616;PROD_45;1;1
CORD_ORD_616;PROD_5;1;1
CORD_ORD_616;PROD_50;1;1
CORD_ORD_616;PROD_6;1;1
CORD_ORD_616;PROD_8;1;1
CORD_ORD_616;PROD_9;1;1
CORD_ORD_617;PROD_1;1;1
CORD_ORD_617;PROD_10;1;1
CORD_ORD_617;PROD_14;1;1
CORD_ORD_617;PROD_17;1;1
CORD_ORD_617;PROD_21;1;1
CORD_ORD_617;PROD_23;1;1
CORD_ORD_617;PROD_24;1;1
CORD_ORD_617;PROD_27;1;1
CORD_ORD_617;PROD_3;1;1
CORD_ORD_617;PROD_36;1;1
CORD_ORD_617;PROD_37;1;1
CORD_ORD_617;PROD_41;1;1
CORD_ORD_617;PROD_42;1;1
CORD_ORD_617;PROD_43;1;1
CORD_ORD_617;PROD_44;1;1
CORD_ORD_617;PROD_46;1;1
CORD_ORD_617;PROD_49;1;1
CORD_ORD_617;PROD_50;1;1
CORD_ORD_617;PROD_6;1;1
CORD_ORD_617;PROD_9;1;1
CORD_ORD_618;PROD_10;1;1
CORD_ORD_618;PROD_14;1;1
CORD_ORD_618;PROD_30;1;1
CORD_ORD_618;PROD_35;1;1
CORD_ORD_618;PROD_36;1;1
CORD_ORD_618;PROD_43;1;1
CORD_ORD_618;PROD_46;1;1
CORD_ORD_618;PROD_7;1;1
CORD_ORD_618;PROD_8;1;1
CORD_ORD_618;PROD_9;1;1
CORD_ORD_619;PROD_1;1;1
CORD_ORD_619;PROD_10;1;1
CORD_ORD_619;PROD_15;1;1
CORD_ORD_619;PROD_16;1;1
CORD_ORD_619;PROD_22;1;1
CORD_ORD_619;PROD_25;1;1
CORD_ORD_619;PROD_28;1;1
CORD_ORD_619;PROD_3;1;1
CORD_ORD_619;PROD_32;1;1
CORD_ORD_619;PROD_38;1;1
CORD_ORD_619;PROD_4;1;1
CORD_ORD_619;PROD_43;1;1
CORD_ORD_620;PROD_10;1;1
CORD_ORD_620;PROD_12;1;1
CORD_ORD_620;PROD_14;1;1
CORD_ORD_620;PROD_15;1;1
CORD_ORD_620;PROD_26;1;1
CORD_ORD_620;PROD_32;1;1
CORD_ORD_620;PROD_34;1;1
CORD_ORD_620;PROD_35;1;1
CORD_ORD_620;PROD_38;1;1
CORD_ORD_620;PROD_4;1;1
CORD_ORD_620;PROD_43;1;1
CORD_ORD_620;PROD_5;1;1
CORD_ORD_620;PROD_7;1;1
CORD_ORD_620;PROD_9;1;1
CORD_ORD_621;PROD_10;1;1
CORD_ORD_621;PROD_11;1;1
CORD_ORD_621;PROD_12;1;1
CORD_ORD_621;PROD_18;1;1
CORD_ORD_621;PROD_19;1;1
CORD_ORD_621;PROD_2;1;1
CORD_ORD_621;PROD_21;1;1
CORD_ORD_621;PROD_22;1;1
CORD_ORD_621;PROD_24;1;1
CORD_ORD_621;PROD_26;1;1
CORD_ORD_621;PROD_28;1;1
CORD_ORD_621;PROD_29;1;1
CORD_ORD_621;PROD_31;1;1
CORD_ORD_621;PROD_35;1;1
CORD_ORD_621;PROD_37;1;1
CORD_ORD_621;PROD_38;1;1
CORD_ORD_621;PROD_4;1;1
CORD_ORD_621;PROD_43;1;1
CORD_ORD_621;PROD_44;1;1
CORD_ORD_621;PROD_45;1;1
CORD_ORD_621;PROD_48;1;1
CORD_ORD_621;PROD_7;1;1
CORD_ORD_622;PROD_10;1;1
CORD_ORD_622;PROD_14;1;1
CORD_ORD_622;PROD_15;1;1
CORD_ORD_622;PROD_17;1;1
CORD_ORD_622;PROD_20;1;1
CORD_ORD_622;PROD_23;1;1
CORD_ORD_622;PROD_32;1;1
CORD_ORD_622;PROD_35;1;1
CORD_ORD_622;PROD_36;1;1
CORD_ORD_622;PROD_38;1;1
CORD_ORD_622;PROD_39;1;1
CORD_ORD_622;PROD_4;1;1
CORD_ORD_622;PROD_41;1;1
CORD_ORD_622;PROD_42;1;1
CORD_ORD_622;PROD_43;1;1
CORD_ORD_622;PROD_46;1;1
CORD_ORD_622;PROD_50;1;1
CORD_ORD_622;PROD_6;1;1
CORD_ORD_622;PROD_7;1;1
CORD_ORD_622;PROD_9;1;1
CORD_ORD_623;PROD_10;1;1
CORD_ORD_623;PROD_11;1;1
CORD_ORD_623;PROD_13;1;1
CORD_ORD_623;PROD_17;1;1
CORD_ORD_623;PROD_19;1;1
CORD_ORD_623;PROD_33;1;1
CORD_ORD_623;PROD_37;1;1
CORD_ORD_623;PROD_41;1;1
CORD_ORD_623;PROD_43;1;1
CORD_ORD_623;PROD_44;1;1
CORD_ORD_623;PROD_45;1;1
CORD_ORD_623;PROD_48;1;1
CORD_ORD_624;PROD_1;1;1
CORD_ORD_624;PROD_14;1;1
CORD_ORD_624;PROD_21;1;1
CORD_ORD_624;PROD_24;1;1
CORD_ORD_624;PROD_29;1;1
CORD_ORD_624;PROD_3;1;1
CORD_ORD_624;PROD_31;1;1
CORD_ORD_624;PROD_38;1;1
CORD_ORD_624;PROD_4;1;1
CORD_ORD_624;PROD_40;1;1
CORD_ORD_624;PROD_47;1;1
CORD_ORD_624;PROD_9;1;1
CORD_ORD_625;PROD_1;1;1
CORD_ORD_625;PROD_10;1;1
CORD_ORD_625;PROD_16;1;1
CORD_ORD_625;PROD_23;1;1
CORD_ORD_625;PROD_25;1;1
CORD_ORD_625;PROD_3;1;1
CORD_ORD_625;PROD_30;1;1
CORD_ORD_625;PROD_42;1;1
CORD_ORD_625;PROD_43;1;1
CORD_ORD_625;PROD_8;1;1
CORD_ORD_626;PROD_1;1;1
CORD_ORD_626;PROD_10;1;1
CORD_ORD_626;PROD_11;1;1
CORD_ORD_626;PROD_12;1;1
CORD_ORD_626;PROD_18;1;1
CORD_ORD_626;PROD_2;1;1
CORD_ORD_626;PROD_21;1;1
CORD_ORD_626;PROD_22;1;1
CORD_ORD_626;PROD_24;1;1
CORD_ORD_626;PROD_26;1;1
CORD_ORD_626;PROD_28;1;1
CORD_ORD_626;PROD_3;1;1
CORD_ORD_626;PROD_30;1;1
CORD_ORD_626;PROD_36;1;1
CORD_ORD_626;PROD_37;1;1
CORD_ORD_626;PROD_43;1;1
CORD_ORD_626;PROD_44;1;1
CORD_ORD_626;PROD_46;1;1
CORD_ORD_626;PROD_48;1;1
CORD_ORD_626;PROD_8;1;1
CORD_ORD_627;PROD_10;1;1
CORD_ORD_627;PROD_11;1;1
CORD_ORD_627;PROD_14;1;1
CORD_ORD_627;PROD_15;1;1
CORD_ORD_627;PROD_17;1;1
CORD_ORD_627;PROD_22;1;1
CORD_ORD_627;PROD_28;1;1
CORD_ORD_627;PROD_29;1;1
CORD_ORD_627;PROD_31;1;1
CORD_ORD_627;PROD_32;1;1
CORD_ORD_627;PROD_35;1;1
CORD_ORD_627;PROD_41;1;1
CORD_ORD_627;PROD_43;1;1
CORD_ORD_627;PROD_48;1;1
CORD_ORD_627;PROD_50;1;1
CORD_ORD_627;PROD_6;1;1
CORD_ORD_627;PROD_7;1;1
CORD_ORD_627;PROD_9;1;1
CORD_ORD_628;PROD_10;1;1
CORD_ORD_628;PROD_11;1;1
CORD_ORD_628;PROD_13;1;1
CORD_ORD_628;PROD_14;1;1
CORD_ORD_628;PROD_18;1;1
CORD_ORD_628;PROD_2;1;1
CORD_ORD_628;PROD_20;1;1
CORD_ORD_628;PROD_21;1;1
CORD_ORD_628;PROD_23;1;1
CORD_ORD_628;PROD_24;1;1
CORD_ORD_628;PROD_33;1;1
CORD_ORD_628;PROD_35;1;1
CORD_ORD_628;PROD_36;1;1
CORD_ORD_628;PROD_37;1;1
CORD_ORD_628;PROD_38;1;1
CORD_ORD_628;PROD_39;1;1
CORD_ORD_628;PROD_4;1;1
CORD_ORD_628;PROD_42;1;1
CORD_ORD_628;PROD_43;1;1
CORD_ORD_628;PROD_44;1;1
CORD_ORD_628;PROD_46;1;1
CORD_ORD_628;PROD_48;1;1
CORD_ORD_628;PROD_7;1;1
CORD_ORD_628;PROD_9;1;1
CORD_ORD_629;PROD_1;1;1
CORD_ORD_629;PROD_12;1;1
CORD_ORD_629;PROD_20;1;1
CORD_ORD_629;PROD_26;1;1
CORD_ORD_629;PROD_3;1;1
CORD_ORD_629;PROD_30;1;1
CORD_ORD_629;PROD_36;1;1
CORD_ORD_629;PROD_38;1;1
CORD_ORD_629;PROD_39;1;1
CORD_ORD_629;PROD_4;1;1
CORD_ORD_629;PROD_46;1;1
CORD_ORD_629;PROD_8;1;1
CORD_ORD_630;PROD_10;1;1
CORD_ORD_630;PROD_11;1;1
CORD_ORD_630;PROD_14;1;1
CORD_ORD_630;PROD_18;1;1
CORD_ORD_630;PROD_2;1;1
CORD_ORD_630;PROD_29;1;1
CORD_ORD_630;PROD_30;1;1
CORD_ORD_630;PROD_31;1;1
CORD_ORD_630;PROD_43;1;1
CORD_ORD_630;PROD_48;1;1
CORD_ORD_630;PROD_8;1;1
CORD_ORD_630;PROD_9;1;1
CORD_ORD_631;PROD_10;1;1
CORD_ORD_631;PROD_11;1;1
CORD_ORD_631;PROD_12;1;1
CORD_ORD_631;PROD_17;1;1
CORD_ORD_631;PROD_26;1;1
CORD_ORD_631;PROD_36;1;1
CORD_ORD_631;PROD_38;1;1
CORD_ORD_631;PROD_4;1;1
CORD_ORD_631;PROD_41;1;1
CORD_ORD_631;PROD_43;1;1
CORD_ORD_631;PROD_46;1;1
CORD_ORD_631;PROD_48;1;1
CORD_ORD_632;PROD_16;1;1
CORD_ORD_632;PROD_17;1;1
CORD_ORD_632;PROD_21;1;1
CORD_ORD_632;PROD_24;1;1
CORD_ORD_632;PROD_25;1;1
CORD_ORD_632;PROD_34;1;1
CORD_ORD_632;PROD_41;1;1
CORD_ORD_632;PROD_5;1;1
CORD_ORD_632;PROD_50;1;1
CORD_ORD_632;PROD_6;1;1
CORD_ORD_633;PROD_1;1;1
CORD_ORD_633;PROD_12;1;1
CORD_ORD_633;PROD_14;1;1
CORD_ORD_633;PROD_18;1;1
CORD_ORD_633;PROD_19;1;1
CORD_ORD_633;PROD_2;1;1
CORD_ORD_633;PROD_20;1;1
CORD_ORD_633;PROD_26;1;1
CORD_ORD_633;PROD_27;1;1
CORD_ORD_633;PROD_29;1;1
CORD_ORD_633;PROD_3;1;1
CORD_ORD_633;PROD_31;1;1
CORD_ORD_633;PROD_36;1;1
CORD_ORD_633;PROD_37;1;1
CORD_ORD_633;PROD_39;1;1
CORD_ORD_633;PROD_44;1;1
CORD_ORD_633;PROD_45;1;1
CORD_ORD_633;PROD_46;1;1
CORD_ORD_633;PROD_49;1;1
CORD_ORD_633;PROD_9;1;1
CORD_ORD_634;PROD_1;1;1
CORD_ORD_634;PROD_11;1;1
CORD_ORD_634;PROD_12;1;1
CORD_ORD_634;PROD_14;1;1
CORD_ORD_634;PROD_23;1;1
CORD_ORD_634;PROD_26;1;1
CORD_ORD_634;PROD_29;1;1
CORD_ORD_634;PROD_3;1;1
CORD_ORD_634;PROD_31;1;1
CORD_ORD_634;PROD_34;1;1
CORD_ORD_634;PROD_38;1;1
CORD_ORD_634;PROD_4;1;1
CORD_ORD_634;PROD_40;1;1
CORD_ORD_634;PROD_42;1;1
CORD_ORD_634;PROD_47;1;1
CORD_ORD_634;PROD_48;1;1
CORD_ORD_634;PROD_5;1;1
CORD_ORD_634;PROD_9;1;1
CORD_ORD_635;PROD_11;1;1
CORD_ORD_635;PROD_13;1;1
CORD_ORD_635;PROD_19;1;1
CORD_ORD_635;PROD_33;1;1
CORD_ORD_635;PROD_36;1;1
CORD_ORD_635;PROD_37;1;1
CORD_ORD_635;PROD_44;1;1
CORD_ORD_635;PROD_45;1;1
CORD_ORD_635;PROD_46;1;1
CORD_ORD_635;PROD_48;1;1
CORD_ORD_636;PROD_10;1;1
CORD_ORD_636;PROD_15;1;1
CORD_ORD_636;PROD_21;1;1
CORD_ORD_636;PROD_23;1;1
CORD_ORD_636;PROD_24;1;1
CORD_ORD_636;PROD_32;1;1
CORD_ORD_636;PROD_34;1;1
CORD_ORD_636;PROD_37;1;1
CORD_ORD_636;PROD_38;1;1
CORD_ORD_636;PROD_4;1;1
CORD_ORD_636;PROD_42;1;1
CORD_ORD_636;PROD_43;1;1
CORD_ORD_636;PROD_44;1;1
CORD_ORD_636;PROD_5;1;1
CORD_ORD_637;PROD_11;1;1
CORD_ORD_637;PROD_14;1;1
CORD_ORD_637;PROD_18;1;1
CORD_ORD_637;PROD_19;1;1
CORD_ORD_637;PROD_2;1;1
CORD_ORD_637;PROD_21;1;1
CORD_ORD_637;PROD_22;1;1
CORD_ORD_637;PROD_24;1;1
CORD_ORD_637;PROD_28;1;1
CORD_ORD_637;PROD_29;1;1
CORD_ORD_637;PROD_31;1;1
CORD_ORD_637;PROD_36;1;1
CORD_ORD_637;PROD_45;1;1
CORD_ORD_637;PROD_46;1;1
CORD_ORD_637;PROD_48;1;1
CORD_ORD_637;PROD_50;1;1
CORD_ORD_637;PROD_6;1;1
CORD_ORD_637;PROD_9;1;1
CORD_ORD_638;PROD_1;1;1
CORD_ORD_638;PROD_10;1;1
CORD_ORD_638;PROD_14;1;1
CORD_ORD_638;PROD_15;1;1
CORD_ORD_638;PROD_3;1;1
CORD_ORD_638;PROD_30;1;1
CORD_ORD_638;PROD_32;1;1
CORD_ORD_638;PROD_34;1;1
CORD_ORD_638;PROD_36;1;1
CORD_ORD_638;PROD_38;1;1
CORD_ORD_638;PROD_4;1;1
CORD_ORD_638;PROD_43;1;1
CORD_ORD_638;PROD_46;1;1
CORD_ORD_638;PROD_5;1;1
CORD_ORD_638;PROD_8;1;1
CORD_ORD_638;PROD_9;1;1
CORD_ORD_639;PROD_1;1;1
CORD_ORD_639;PROD_10;1;1
CORD_ORD_639;PROD_3;1;1
CORD_ORD_639;PROD_30;1;1
CORD_ORD_639;PROD_36;1;1
CORD_ORD_639;PROD_43;1;1
CORD_ORD_639;PROD_46;1;1
CORD_ORD_639;PROD_8;1;1
CORD_ORD_640;PROD_1;1;1
CORD_ORD_640;PROD_18;1;1
CORD_ORD_640;PROD_2;1;1
CORD_ORD_640;PROD_20;1;1
CORD_ORD_640;PROD_3;1;1
CORD_ORD_640;PROD_30;1;1
CORD_ORD_640;PROD_36;1;1
CORD_ORD_640;PROD_37;1;1
CORD_ORD_640;PROD_38;1;1
CORD_ORD_640;PROD_39;1;1
CORD_ORD_640;PROD_4;1;1
CORD_ORD_640;PROD_44;1;1
CORD_ORD_640;PROD_46;1;1
CORD_ORD_640;PROD_8;1;1
CORD_ORD_641;PROD_1;1;1
CORD_ORD_641;PROD_10;1;1
CORD_ORD_641;PROD_11;1;1
CORD_ORD_641;PROD_14;1;1
CORD_ORD_641;PROD_15;1;1
CORD_ORD_641;PROD_16;1;1
CORD_ORD_641;PROD_22;1;1
CORD_ORD_641;PROD_25;1;1
CORD_ORD_641;PROD_27;1;1
CORD_ORD_641;PROD_28;1;1
CORD_ORD_641;PROD_29;1;1
CORD_ORD_641;PROD_3;1;1
CORD_ORD_641;PROD_31;1;1
CORD_ORD_641;PROD_32;1;1
CORD_ORD_641;PROD_35;1;1
CORD_ORD_641;PROD_38;1;1
CORD_ORD_641;PROD_4;1;1
CORD_ORD_641;PROD_43;1;1
CORD_ORD_641;PROD_48;1;1
CORD_ORD_641;PROD_49;1;1
CORD_ORD_641;PROD_50;1;1
CORD_ORD_641;PROD_6;1;1
CORD_ORD_641;PROD_7;1;1
CORD_ORD_641;PROD_9;1;1
CORD_ORD_642;PROD_1;1;1
CORD_ORD_642;PROD_18;1;1
CORD_ORD_642;PROD_2;1;1
CORD_ORD_642;PROD_3;1;1
CORD_ORD_642;PROD_36;1;1
CORD_ORD_642;PROD_37;1;1
CORD_ORD_642;PROD_38;1;1
CORD_ORD_642;PROD_4;1;1
CORD_ORD_642;PROD_44;1;1
CORD_ORD_642;PROD_46;1;1
CORD_ORD_643;PROD_10;1;1
CORD_ORD_643;PROD_12;1;1
CORD_ORD_643;PROD_26;1;1
CORD_ORD_643;PROD_30;1;1
CORD_ORD_643;PROD_38;1;1
CORD_ORD_643;PROD_4;1;1
CORD_ORD_643;PROD_43;1;1
CORD_ORD_643;PROD_8;1;1
CORD_ORD_644;PROD_1;1;1
CORD_ORD_644;PROD_10;1;1
CORD_ORD_644;PROD_11;1;1
CORD_ORD_644;PROD_14;1;1
CORD_ORD_644;PROD_15;1;1
CORD_ORD_644;PROD_16;1;1
CORD_ORD_644;PROD_17;1;1
CORD_ORD_644;PROD_18;1;1
CORD_ORD_644;PROD_19;1;1
CORD_ORD_644;PROD_2;1;1
CORD_ORD_644;PROD_22;1;1
CORD_ORD_644;PROD_25;1;1
CORD_ORD_644;PROD_27;1;1
CORD_ORD_644;PROD_28;1;1
CORD_ORD_644;PROD_29;1;1
CORD_ORD_644;PROD_3;1;1
CORD_ORD_644;PROD_30;1;1
CORD_ORD_644;PROD_31;1;1
CORD_ORD_644;PROD_32;1;1
CORD_ORD_644;PROD_41;1;1
CORD_ORD_644;PROD_43;1;1
CORD_ORD_644;PROD_45;1;1
CORD_ORD_644;PROD_48;1;1
CORD_ORD_644;PROD_49;1;1
CORD_ORD_644;PROD_8;1;1
CORD_ORD_644;PROD_9;1;1
CORD_ORD_645;PROD_10;1;1
CORD_ORD_645;PROD_11;1;1
CORD_ORD_645;PROD_22;1;1
CORD_ORD_645;PROD_28;1;1
CORD_ORD_645;PROD_30;1;1
CORD_ORD_645;PROD_34;1;1
CORD_ORD_645;PROD_37;1;1
CORD_ORD_645;PROD_38;1;1
CORD_ORD_645;PROD_4;1;1
CORD_ORD_645;PROD_43;1;1
CORD_ORD_645;PROD_44;1;1
CORD_ORD_645;PROD_48;1;1
CORD_ORD_645;PROD_5;1;1
CORD_ORD_645;PROD_8;1;1
CORD_ORD_646;PROD_12;1;1
CORD_ORD_646;PROD_13;1;1
CORD_ORD_646;PROD_19;1;1
CORD_ORD_646;PROD_21;1;1
CORD_ORD_646;PROD_22;1;1
CORD_ORD_646;PROD_24;1;1
CORD_ORD_646;PROD_26;1;1
CORD_ORD_646;PROD_27;1;1
CORD_ORD_646;PROD_28;1;1
CORD_ORD_646;PROD_30;1;1
CORD_ORD_646;PROD_33;1;1
CORD_ORD_646;PROD_34;1;1
CORD_ORD_646;PROD_35;1;1
CORD_ORD_646;PROD_37;1;1
CORD_ORD_646;PROD_44;1;1
CORD_ORD_646;PROD_45;1;1
CORD_ORD_646;PROD_49;1;1
CORD_ORD_646;PROD_5;1;1
CORD_ORD_646;PROD_7;1;1
CORD_ORD_646;PROD_8;1;1
CORD_ORD_647;PROD_1;1;1
CORD_ORD_647;PROD_11;1;1
CORD_ORD_647;PROD_13;1;1
CORD_ORD_647;PROD_14;1;1
CORD_ORD_647;PROD_16;1;1
CORD_ORD_647;PROD_19;1;1
CORD_ORD_647;PROD_22;1;1
CORD_ORD_647;PROD_25;1;1
CORD_ORD_647;PROD_28;1;1
CORD_ORD_647;PROD_29;1;1
CORD_ORD_647;PROD_3;1;1
CORD_ORD_647;PROD_31;1;1
CORD_ORD_647;PROD_33;1;1
CORD_ORD_647;PROD_35;1;1
CORD_ORD_647;PROD_36;1;1
CORD_ORD_647;PROD_37;1;1
CORD_ORD_647;PROD_40;1;1
CORD_ORD_647;PROD_44;1;1
CORD_ORD_647;PROD_45;1;1
CORD_ORD_647;PROD_46;1;1
CORD_ORD_647;PROD_47;1;1
CORD_ORD_647;PROD_48;1;1
CORD_ORD_647;PROD_7;1;1
CORD_ORD_647;PROD_9;1;1
CORD_ORD_648;PROD_1;1;1
CORD_ORD_648;PROD_11;1;1
CORD_ORD_648;PROD_12;1;1
CORD_ORD_648;PROD_16;1;1
CORD_ORD_648;PROD_25;1;1
CORD_ORD_648;PROD_26;1;1
CORD_ORD_648;PROD_3;1;1
CORD_ORD_648;PROD_30;1;1
CORD_ORD_648;PROD_35;1;1
CORD_ORD_648;PROD_36;1;1
CORD_ORD_648;PROD_40;1;1
CORD_ORD_648;PROD_46;1;1
CORD_ORD_648;PROD_47;1;1
CORD_ORD_648;PROD_48;1;1
CORD_ORD_648;PROD_7;1;1
CORD_ORD_648;PROD_8;1;1
CORD_ORD_649;PROD_1;1;1
CORD_ORD_649;PROD_10;1;1
CORD_ORD_649;PROD_3;1;1
CORD_ORD_649;PROD_30;1;1
CORD_ORD_649;PROD_36;1;1
CORD_ORD_649;PROD_43;1;1
CORD_ORD_649;PROD_46;1;1
CORD_ORD_649;PROD_8;1;1
CORD_ORD_650;PROD_1;1;1
CORD_ORD_650;PROD_10;1;1
CORD_ORD_650;PROD_15;1;1
CORD_ORD_650;PROD_23;1;1
CORD_ORD_650;PROD_27;1;1
CORD_ORD_650;PROD_29;1;1
CORD_ORD_650;PROD_3;1;1
CORD_ORD_650;PROD_30;1;1
CORD_ORD_650;PROD_31;1;1
CORD_ORD_650;PROD_32;1;1
CORD_ORD_650;PROD_40;1;1
CORD_ORD_650;PROD_42;1;1
CORD_ORD_650;PROD_43;1;1
CORD_ORD_650;PROD_47;1;1
CORD_ORD_650;PROD_49;1;1
CORD_ORD_650;PROD_8;1;1
CORD_ORD_651;PROD_10;1;1
CORD_ORD_651;PROD_14;1;1
CORD_ORD_651;PROD_15;1;1
CORD_ORD_651;PROD_32;1;1
CORD_ORD_651;PROD_37;1;1
CORD_ORD_651;PROD_38;1;1
CORD_ORD_651;PROD_4;1;1
CORD_ORD_651;PROD_40;1;1
CORD_ORD_651;PROD_43;1;1
CORD_ORD_651;PROD_44;1;1
CORD_ORD_651;PROD_47;1;1
CORD_ORD_651;PROD_50;1;1
CORD_ORD_651;PROD_6;1;1
CORD_ORD_651;PROD_9;1;1
CORD_ORD_652;PROD_1;1;1
CORD_ORD_652;PROD_11;1;1
CORD_ORD_652;PROD_12;1;1
CORD_ORD_652;PROD_15;1;1
CORD_ORD_652;PROD_20;1;1
CORD_ORD_652;PROD_23;1;1
CORD_ORD_652;PROD_26;1;1
CORD_ORD_652;PROD_3;1;1
CORD_ORD_652;PROD_32;1;1
CORD_ORD_652;PROD_36;1;1
CORD_ORD_652;PROD_38;1;1
CORD_ORD_652;PROD_39;1;1
CORD_ORD_652;PROD_4;1;1
CORD_ORD_652;PROD_40;1;1
CORD_ORD_652;PROD_42;1;1
CORD_ORD_652;PROD_46;1;1
CORD_ORD_652;PROD_47;1;1
CORD_ORD_652;PROD_48;1;1
CORD_ORD_652;PROD_50;1;1
CORD_ORD_652;PROD_6;1;1
CORD_ORD_653;PROD_11;1;1
CORD_ORD_653;PROD_14;1;1
CORD_ORD_653;PROD_17;1;1
CORD_ORD_653;PROD_20;1;1
CORD_ORD_653;PROD_27;1;1
CORD_ORD_653;PROD_29;1;1
CORD_ORD_653;PROD_31;1;1
CORD_ORD_653;PROD_34;1;1
CORD_ORD_653;PROD_35;1;1
CORD_ORD_653;PROD_37;1;1
CORD_ORD_653;PROD_38;1;1
CORD_ORD_653;PROD_39;1;1
CORD_ORD_653;PROD_4;1;1
CORD_ORD_653;PROD_41;1;1
CORD_ORD_653;PROD_44;1;1
CORD_ORD_653;PROD_48;1;1
CORD_ORD_653;PROD_49;1;1
CORD_ORD_653;PROD_5;1;1
CORD_ORD_653;PROD_7;1;1
CORD_ORD_653;PROD_9;1;1
CORD_ORD_654;PROD_1;1;1
CORD_ORD_654;PROD_16;1;1
CORD_ORD_654;PROD_22;1;1
CORD_ORD_654;PROD_25;1;1
CORD_ORD_654;PROD_28;1;1
CORD_ORD_654;PROD_3;1;1
CORD_ORD_655;PROD_11;1;1
CORD_ORD_655;PROD_12;1;1
CORD_ORD_655;PROD_14;1;1
CORD_ORD_655;PROD_18;1;1
CORD_ORD_655;PROD_2;1;1
CORD_ORD_655;PROD_21;1;1
CORD_ORD_655;PROD_22;1;1
CORD_ORD_655;PROD_24;1;1
CORD_ORD_655;PROD_26;1;1
CORD_ORD_655;PROD_28;1;1
CORD_ORD_655;PROD_34;1;1
CORD_ORD_655;PROD_36;1;1
CORD_ORD_655;PROD_37;1;1
CORD_ORD_655;PROD_40;1;1
CORD_ORD_655;PROD_44;1;1
CORD_ORD_655;PROD_46;1;1
CORD_ORD_655;PROD_47;1;1
CORD_ORD_655;PROD_48;1;1
CORD_ORD_655;PROD_5;1;1
CORD_ORD_655;PROD_50;1;1
CORD_ORD_655;PROD_6;1;1
CORD_ORD_655;PROD_9;1;1
CORD_ORD_656;PROD_1;1;1
CORD_ORD_656;PROD_10;1;1
CORD_ORD_656;PROD_11;1;1
CORD_ORD_656;PROD_16;1;1
CORD_ORD_656;PROD_17;1;1
CORD_ORD_656;PROD_18;1;1
CORD_ORD_656;PROD_2;1;1
CORD_ORD_656;PROD_25;1;1
CORD_ORD_656;PROD_3;1;1
CORD_ORD_656;PROD_30;1;1
CORD_ORD_656;PROD_34;1;1
CORD_ORD_656;PROD_35;1;1
CORD_ORD_656;PROD_36;1;1
CORD_ORD_656;PROD_37;1;1
CORD_ORD_656;PROD_38;1;1
CORD_ORD_656;PROD_4;1;1
CORD_ORD_656;PROD_41;1;1
CORD_ORD_656;PROD_43;1;1
CORD_ORD_656;PROD_44;1;1
CORD_ORD_656;PROD_46;1;1
CORD_ORD_656;PROD_48;1;1
CORD_ORD_656;PROD_5;1;1
CORD_ORD_656;PROD_7;1;1
CORD_ORD_656;PROD_8;1;1
CORD_ORD_657;PROD_1;1;1
CORD_ORD_657;PROD_21;1;1
CORD_ORD_657;PROD_23;1;1
CORD_ORD_657;PROD_24;1;1
CORD_ORD_657;PROD_29;1;1
CORD_ORD_657;PROD_3;1;1
CORD_ORD_657;PROD_30;1;1
CORD_ORD_657;PROD_31;1;1
CORD_ORD_657;PROD_37;1;1
CORD_ORD_657;PROD_38;1;1
CORD_ORD_657;PROD_4;1;1
CORD_ORD_657;PROD_40;1;1
CORD_ORD_657;PROD_42;1;1
CORD_ORD_657;PROD_44;1;1
CORD_ORD_657;PROD_47;1;1
CORD_ORD_657;PROD_8;1;1
CORD_ORD_658;PROD_12;1;1
CORD_ORD_658;PROD_13;1;1
CORD_ORD_658;PROD_15;1;1
CORD_ORD_658;PROD_16;1;1
CORD_ORD_658;PROD_21;1;1
CORD_ORD_658;PROD_24;1;1
CORD_ORD_658;PROD_25;1;1
CORD_ORD_658;PROD_26;1;1
CORD_ORD_658;PROD_32;1;1
CORD_ORD_658;PROD_33;1;1
CORD_ORD_658;PROD_34;1;1
CORD_ORD_658;PROD_37;1;1
CORD_ORD_658;PROD_38;1;1
CORD_ORD_658;PROD_4;1;1
CORD_ORD_658;PROD_40;1;1
CORD_ORD_658;PROD_44;1;1
CORD_ORD_658;PROD_47;1;1
CORD_ORD_658;PROD_5;1;1
CORD_ORD_659;PROD_1;1;1
CORD_ORD_659;PROD_14;1;1
CORD_ORD_659;PROD_18;1;1
CORD_ORD_659;PROD_2;1;1
CORD_ORD_659;PROD_3;1;1
CORD_ORD_659;PROD_35;1;1
CORD_ORD_659;PROD_36;1;1
CORD_ORD_659;PROD_37;1;1
CORD_ORD_659;PROD_44;1;1
CORD_ORD_659;PROD_46;1;1
CORD_ORD_659;PROD_7;1;1
CORD_ORD_659;PROD_9;1;1
CORD_ORD_660;PROD_1;1;1
CORD_ORD_660;PROD_10;1;1
CORD_ORD_660;PROD_21;1;1
CORD_ORD_660;PROD_24;1;1
CORD_ORD_660;PROD_3;1;1
CORD_ORD_660;PROD_30;1;1
CORD_ORD_660;PROD_36;1;1
CORD_ORD_660;PROD_37;1;1
CORD_ORD_660;PROD_43;1;1
CORD_ORD_660;PROD_44;1;1
CORD_ORD_660;PROD_46;1;1
CORD_ORD_660;PROD_50;1;1
CORD_ORD_660;PROD_6;1;1
CORD_ORD_660;PROD_8;1;1
CORD_ORD_661;PROD_10;1;1
CORD_ORD_661;PROD_11;1;1
CORD_ORD_661;PROD_21;1;1
CORD_ORD_661;PROD_22;1;1
CORD_ORD_661;PROD_24;1;1
CORD_ORD_661;PROD_28;1;1
CORD_ORD_661;PROD_37;1;1
CORD_ORD_661;PROD_38;1;1
CORD_ORD_661;PROD_4;1;1
CORD_ORD_661;PROD_43;1;1
CORD_ORD_661;PROD_44;1;1
CORD_ORD_661;PROD_48;1;1
CORD_ORD_662;PROD_1;1;1
CORD_ORD_662;PROD_10;1;1
CORD_ORD_662;PROD_12;1;1
CORD_ORD_662;PROD_15;1;1
CORD_ORD_662;PROD_22;1;1
CORD_ORD_662;PROD_26;1;1
CORD_ORD_662;PROD_28;1;1
CORD_ORD_662;PROD_29;1;1
CORD_ORD_662;PROD_3;1;1
CORD_ORD_662;PROD_31;1;1
CORD_ORD_662;PROD_32;1;1
CORD_ORD_662;PROD_37;1;1
CORD_ORD_662;PROD_38;1;1
CORD_ORD_662;PROD_4;1;1
CORD_ORD_662;PROD_40;1;1
CORD_ORD_662;PROD_43;1;1
CORD_ORD_662;PROD_44;1;1
CORD_ORD_662;PROD_47;1;1
CORD_ORD_662;PROD_50;1;1
CORD_ORD_662;PROD_6;1;1
CORD_ORD_663;PROD_10;1;1
CORD_ORD_663;PROD_11;1;1
CORD_ORD_663;PROD_14;1;1
CORD_ORD_663;PROD_17;1;1
CORD_ORD_663;PROD_18;1;1
CORD_ORD_663;PROD_2;1;1
CORD_ORD_663;PROD_41;1;1
CORD_ORD_663;PROD_43;1;1
CORD_ORD_663;PROD_48;1;1
CORD_ORD_663;PROD_9;1;1
CORD_ORD_664;PROD_1;1;1
CORD_ORD_664;PROD_10;1;1
CORD_ORD_664;PROD_18;1;1
CORD_ORD_664;PROD_2;1;1
CORD_ORD_664;PROD_29;1;1
CORD_ORD_664;PROD_3;1;1
CORD_ORD_664;PROD_30;1;1
CORD_ORD_664;PROD_31;1;1
CORD_ORD_664;PROD_36;1;1
CORD_ORD_664;PROD_43;1;1
CORD_ORD_664;PROD_46;1;1
CORD_ORD_664;PROD_8;1;1
CORD_ORD_665;PROD_11;1;1
CORD_ORD_665;PROD_14;1;1
CORD_ORD_665;PROD_18;1;1
CORD_ORD_665;PROD_2;1;1
CORD_ORD_665;PROD_20;1;1
CORD_ORD_665;PROD_30;1;1
CORD_ORD_665;PROD_36;1;1
CORD_ORD_665;PROD_38;1;1
CORD_ORD_665;PROD_39;1;1
CORD_ORD_665;PROD_4;1;1
CORD_ORD_665;PROD_46;1;1
CORD_ORD_665;PROD_48;1;1
CORD_ORD_665;PROD_8;1;1
CORD_ORD_665;PROD_9;1;1
CORD_ORD_666;PROD_1;1;1
CORD_ORD_666;PROD_10;1;1
CORD_ORD_666;PROD_11;1;1
CORD_ORD_666;PROD_13;1;1
CORD_ORD_666;PROD_14;1;1
CORD_ORD_666;PROD_18;1;1
CORD_ORD_666;PROD_19;1;1
CORD_ORD_666;PROD_2;1;1
CORD_ORD_666;PROD_21;1;1
CORD_ORD_666;PROD_23;1;1
CORD_ORD_666;PROD_24;1;1
CORD_ORD_666;PROD_3;1;1
CORD_ORD_666;PROD_33;1;1
CORD_ORD_666;PROD_35;1;1
CORD_ORD_666;PROD_36;1;1
CORD_ORD_666;PROD_38;1;1
CORD_ORD_666;PROD_4;1;1
CORD_ORD_666;PROD_40;1;1
CORD_ORD_666;PROD_42;1;1
CORD_ORD_666;PROD_43;1;1
CORD_ORD_666;PROD_45;1;1
CORD_ORD_666;PROD_46;1;1
CORD_ORD_666;PROD_47;1;1
CORD_ORD_666;PROD_48;1;1
CORD_ORD_666;PROD_7;1;1
CORD_ORD_666;PROD_9;1;1
CORD_ORD_667;PROD_10;1;1
CORD_ORD_667;PROD_15;1;1
CORD_ORD_667;PROD_17;1;1
CORD_ORD_667;PROD_22;1;1
CORD_ORD_667;PROD_23;1;1
CORD_ORD_667;PROD_28;1;1
CORD_ORD_667;PROD_30;1;1
CORD_ORD_667;PROD_32;1;1
CORD_ORD_667;PROD_36;1;1
CORD_ORD_667;PROD_37;1;1
CORD_ORD_667;PROD_41;1;1
CORD_ORD_667;PROD_42;1;1
CORD_ORD_667;PROD_43;1;1
CORD_ORD_667;PROD_44;1;1
CORD_ORD_667;PROD_46;1;1
CORD_ORD_667;PROD_50;1;1
CORD_ORD_667;PROD_6;1;1
CORD_ORD_667;PROD_8;1;1
CORD_ORD_668;PROD_1;1;1
CORD_ORD_668;PROD_10;1;1
CORD_ORD_668;PROD_15;1;1
CORD_ORD_668;PROD_29;1;1
CORD_ORD_668;PROD_3;1;1
CORD_ORD_668;PROD_30;1;1
CORD_ORD_668;PROD_31;1;1
CORD_ORD_668;PROD_32;1;1
CORD_ORD_668;PROD_40;1;1
CORD_ORD_668;PROD_43;1;1
CORD_ORD_668;PROD_47;1;1
CORD_ORD_668;PROD_8;1;1
CORD_ORD_669;PROD_1;1;1
CORD_ORD_669;PROD_10;1;1
CORD_ORD_669;PROD_11;1;1
CORD_ORD_669;PROD_15;1;1
CORD_ORD_669;PROD_22;1;1
CORD_ORD_669;PROD_27;1;1
CORD_ORD_669;PROD_28;1;1
CORD_ORD_669;PROD_29;1;1
CORD_ORD_669;PROD_3;1;1
CORD_ORD_669;PROD_31;1;1
CORD_ORD_669;PROD_32;1;1
CORD_ORD_669;PROD_43;1;1
CORD_ORD_669;PROD_48;1;1
CORD_ORD_669;PROD_49;1;1
CORD_ORD_669;PROD_50;1;1
CORD_ORD_669;PROD_6;1;1
CORD_ORD_670;PROD_1;1;1
CORD_ORD_670;PROD_11;1;1
CORD_ORD_670;PROD_12;1;1
CORD_ORD_670;PROD_17;1;1
CORD_ORD_670;PROD_18;1;1
CORD_ORD_670;PROD_2;1;1
CORD_ORD_670;PROD_20;1;1
CORD_ORD_670;PROD_23;1;1
CORD_ORD_670;PROD_26;1;1
CORD_ORD_670;PROD_27;1;1
CORD_ORD_670;PROD_3;1;1
CORD_ORD_670;PROD_39;1;1
CORD_ORD_670;PROD_40;1;1
CORD_ORD_670;PROD_41;1;1
CORD_ORD_670;PROD_42;1;1
CORD_ORD_670;PROD_47;1;1
CORD_ORD_670;PROD_48;1;1
CORD_ORD_670;PROD_49;1;1
CORD_ORD_670;PROD_50;1;1
CORD_ORD_670;PROD_6;1;1
CORD_ORD_671;PROD_1;1;1
CORD_ORD_671;PROD_10;1;1
CORD_ORD_671;PROD_3;1;1
CORD_ORD_671;PROD_30;1;1
CORD_ORD_671;PROD_36;1;1
CORD_ORD_671;PROD_43;1;1
CORD_ORD_671;PROD_46;1;1
CORD_ORD_671;PROD_8;1;1
CORD_ORD_672;PROD_10;1;1
CORD_ORD_672;PROD_11;1;1
CORD_ORD_672;PROD_14;1;1
CORD_ORD_672;PROD_18;1;1
CORD_ORD_672;PROD_19;1;1
CORD_ORD_672;PROD_2;1;1
CORD_ORD_672;PROD_21;1;1
CORD_ORD_672;PROD_22;1;1
CORD_ORD_672;PROD_24;1;1
CORD_ORD_672;PROD_28;1;1
CORD_ORD_672;PROD_30;1;1
CORD_ORD_672;PROD_37;1;1
CORD_ORD_672;PROD_43;1;1
CORD_ORD_672;PROD_44;1;1
CORD_ORD_672;PROD_45;1;1
CORD_ORD_672;PROD_48;1;1
CORD_ORD_672;PROD_8;1;1
CORD_ORD_672;PROD_9;1;1
CORD_ORD_673;PROD_11;1;1
CORD_ORD_673;PROD_18;1;1
CORD_ORD_673;PROD_2;1;1
CORD_ORD_673;PROD_22;1;1
CORD_ORD_673;PROD_28;1;1
CORD_ORD_673;PROD_29;1;1
CORD_ORD_673;PROD_31;1;1
CORD_ORD_673;PROD_34;1;1
CORD_ORD_673;PROD_35;1;1
CORD_ORD_673;PROD_36;1;1
CORD_ORD_673;PROD_38;1;1
CORD_ORD_673;PROD_4;1;1
CORD_ORD_673;PROD_46;1;1
CORD_ORD_673;PROD_48;1;1
CORD_ORD_673;PROD_5;1;1
CORD_ORD_673;PROD_7;1;1
CORD_ORD_674;PROD_1;1;1
CORD_ORD_674;PROD_10;1;1
CORD_ORD_674;PROD_11;1;1
CORD_ORD_674;PROD_12;1;1
CORD_ORD_674;PROD_13;1;1
CORD_ORD_674;PROD_14;1;1
CORD_ORD_674;PROD_15;1;1
CORD_ORD_674;PROD_18;1;1
CORD_ORD_674;PROD_2;1;1
CORD_ORD_674;PROD_20;1;1
CORD_ORD_674;PROD_21;1;1
CORD_ORD_674;PROD_24;1;1
CORD_ORD_674;PROD_26;1;1
CORD_ORD_674;PROD_3;1;1
CORD_ORD_674;PROD_32;1;1
CORD_ORD_674;PROD_33;1;1
CORD_ORD_674;PROD_37;1;1
CORD_ORD_674;PROD_39;1;1
CORD_ORD_674;PROD_43;1;1
CORD_ORD_674;PROD_44;1;1
CORD_ORD_674;PROD_48;1;1
CORD_ORD_674;PROD_9;1;1
CORD_ORD_675;PROD_10;1;1
CORD_ORD_675;PROD_11;1;1
CORD_ORD_675;PROD_12;1;1
CORD_ORD_675;PROD_18;1;1
CORD_ORD_675;PROD_2;1;1
CORD_ORD_675;PROD_21;1;1
CORD_ORD_675;PROD_24;1;1
CORD_ORD_675;PROD_26;1;1
CORD_ORD_675;PROD_29;1;1
CORD_ORD_675;PROD_30;1;1
CORD_ORD_675;PROD_31;1;1
CORD_ORD_675;PROD_35;1;1
CORD_ORD_675;PROD_36;1;1
CORD_ORD_675;PROD_37;1;1
CORD_ORD_675;PROD_43;1;1
CORD_ORD_675;PROD_44;1;1
CORD_ORD_675;PROD_46;1;1
CORD_ORD_675;PROD_48;1;1
CORD_ORD_675;PROD_7;1;1
CORD_ORD_675;PROD_8;1;1
CORD_ORD_676;PROD_10;1;1
CORD_ORD_676;PROD_12;1;1
CORD_ORD_676;PROD_17;1;1
CORD_ORD_676;PROD_26;1;1
CORD_ORD_676;PROD_29;1;1
CORD_ORD_676;PROD_30;1;1
CORD_ORD_676;PROD_31;1;1
CORD_ORD_676;PROD_38;1;1
CORD_ORD_676;PROD_4;1;1
CORD_ORD_676;PROD_41;1;1
CORD_ORD_676;PROD_43;1;1
CORD_ORD_676;PROD_50;1;1
CORD_ORD_676;PROD_6;1;1
CORD_ORD_676;PROD_8;1;1
CORD_ORD_677;PROD_14;1;1
CORD_ORD_677;PROD_16;1;1
CORD_ORD_677;PROD_17;1;1
CORD_ORD_677;PROD_18;1;1
CORD_ORD_677;PROD_2;1;1
CORD_ORD_677;PROD_20;1;1
CORD_ORD_677;PROD_21;1;1
CORD_ORD_677;PROD_24;1;1
CORD_ORD_677;PROD_25;1;1
CORD_ORD_677;PROD_36;1;1
CORD_ORD_677;PROD_37;1;1
CORD_ORD_677;PROD_39;1;1
CORD_ORD_677;PROD_41;1;1
CORD_ORD_677;PROD_44;1;1
CORD_ORD_677;PROD_46;1;1
CORD_ORD_677;PROD_9;1;1
CORD_ORD_678;PROD_1;1;1
CORD_ORD_678;PROD_12;1;1
CORD_ORD_678;PROD_18;1;1
CORD_ORD_678;PROD_19;1;1
CORD_ORD_678;PROD_2;1;1
CORD_ORD_678;PROD_21;1;1
CORD_ORD_678;PROD_24;1;1
CORD_ORD_678;PROD_26;1;1
CORD_ORD_678;PROD_27;1;1
CORD_ORD_678;PROD_3;1;1
CORD_ORD_678;PROD_30;1;1
CORD_ORD_678;PROD_40;1;1
CORD_ORD_678;PROD_45;1;1
CORD_ORD_678;PROD_47;1;1
CORD_ORD_678;PROD_49;1;1
CORD_ORD_678;PROD_8;1;1
CORD_ORD_679;PROD_1;1;1
CORD_ORD_679;PROD_10;1;1
CORD_ORD_679;PROD_15;1;1
CORD_ORD_679;PROD_18;1;1
CORD_ORD_679;PROD_2;1;1
CORD_ORD_679;PROD_21;1;1
CORD_ORD_679;PROD_23;1;1
CORD_ORD_679;PROD_24;1;1
CORD_ORD_679;PROD_29;1;1
CORD_ORD_679;PROD_3;1;1
CORD_ORD_679;PROD_31;1;1
CORD_ORD_679;PROD_32;1;1
CORD_ORD_679;PROD_37;1;1
CORD_ORD_679;PROD_40;1;1
CORD_ORD_679;PROD_42;1;1
CORD_ORD_679;PROD_43;1;1
CORD_ORD_679;PROD_44;1;1
CORD_ORD_679;PROD_47;1;1
CORD_ORD_680;PROD_10;1;1
CORD_ORD_680;PROD_13;1;1
CORD_ORD_680;PROD_15;1;1
CORD_ORD_680;PROD_27;1;1
CORD_ORD_680;PROD_29;1;1
CORD_ORD_680;PROD_31;1;1
CORD_ORD_680;PROD_32;1;1
CORD_ORD_680;PROD_33;1;1
CORD_ORD_680;PROD_34;1;1
CORD_ORD_680;PROD_35;1;1
CORD_ORD_680;PROD_36;1;1
CORD_ORD_680;PROD_37;1;1
CORD_ORD_680;PROD_38;1;1
CORD_ORD_680;PROD_4;1;1
CORD_ORD_680;PROD_40;1;1
CORD_ORD_680;PROD_43;1;1
CORD_ORD_680;PROD_44;1;1
CORD_ORD_680;PROD_46;1;1
CORD_ORD_680;PROD_47;1;1
CORD_ORD_680;PROD_49;1;1
CORD_ORD_680;PROD_5;1;1
CORD_ORD_680;PROD_7;1;1
CORD_ORD_681;PROD_10;1;1
CORD_ORD_681;PROD_12;1;1
CORD_ORD_681;PROD_17;1;1
CORD_ORD_681;PROD_19;1;1
CORD_ORD_681;PROD_21;1;1
CORD_ORD_681;PROD_24;1;1
CORD_ORD_681;PROD_26;1;1
CORD_ORD_681;PROD_27;1;1
CORD_ORD_681;PROD_29;1;1
CORD_ORD_681;PROD_30;1;1
CORD_ORD_681;PROD_31;1;1
CORD_ORD_681;PROD_34;1;1
CORD_ORD_681;PROD_41;1;1
CORD_ORD_681;PROD_43;1;1
CORD_ORD_681;PROD_45;1;1
CORD_ORD_681;PROD_49;1;1
CORD_ORD_681;PROD_5;1;1
CORD_ORD_681;PROD_8;1;1
CORD_ORD_682;PROD_10;1;1
CORD_ORD_682;PROD_17;1;1
CORD_ORD_682;PROD_18;1;1
CORD_ORD_682;PROD_2;1;1
CORD_ORD_682;PROD_20;1;1
CORD_ORD_682;PROD_22;1;1
CORD_ORD_682;PROD_28;1;1
CORD_ORD_682;PROD_30;1;1
CORD_ORD_682;PROD_35;1;1
CORD_ORD_682;PROD_39;1;1
CORD_ORD_682;PROD_41;1;1
CORD_ORD_682;PROD_43;1;1
CORD_ORD_682;PROD_7;1;1
CORD_ORD_682;PROD_8;1;1
CORD_ORD_683;PROD_1;1;1
CORD_ORD_683;PROD_15;1;1
CORD_ORD_683;PROD_17;1;1
CORD_ORD_683;PROD_18;1;1
CORD_ORD_683;PROD_19;1;1
CORD_ORD_683;PROD_2;1;1
CORD_ORD_683;PROD_27;1;1
CORD_ORD_683;PROD_29;1;1
CORD_ORD_683;PROD_3;1;1
CORD_ORD_683;PROD_30;1;1
CORD_ORD_683;PROD_31;1;1
CORD_ORD_683;PROD_32;1;1
CORD_ORD_683;PROD_35;1;1
CORD_ORD_683;PROD_36;1;1
CORD_ORD_683;PROD_40;1;1
CORD_ORD_683;PROD_41;1;1
CORD_ORD_683;PROD_45;1;1
CORD_ORD_683;PROD_46;1;1
CORD_ORD_683;PROD_47;1;1
CORD_ORD_683;PROD_49;1;1
CORD_ORD_683;PROD_7;1;1
CORD_ORD_683;PROD_8;1;1
CORD_ORD_684;PROD_1;1;1
CORD_ORD_684;PROD_12;1;1
CORD_ORD_684;PROD_13;1;1
CORD_ORD_684;PROD_26;1;1
CORD_ORD_684;PROD_3;1;1
CORD_ORD_684;PROD_30;1;1
CORD_ORD_684;PROD_33;1;1
CORD_ORD_684;PROD_36;1;1
CORD_ORD_684;PROD_38;1;1
CORD_ORD_684;PROD_4;1;1
CORD_ORD_684;PROD_40;1;1
CORD_ORD_684;PROD_46;1;1
CORD_ORD_684;PROD_47;1;1
CORD_ORD_684;PROD_8;1;1
CORD_ORD_685;PROD_13;1;1
CORD_ORD_685;PROD_15;1;1
CORD_ORD_685;PROD_16;1;1
CORD_ORD_685;PROD_25;1;1
CORD_ORD_685;PROD_32;1;1
CORD_ORD_685;PROD_33;1;1
CORD_ORD_685;PROD_35;1;1
CORD_ORD_685;PROD_36;1;1
CORD_ORD_685;PROD_37;1;1
CORD_ORD_685;PROD_38;1;1
CORD_ORD_685;PROD_4;1;1
CORD_ORD_685;PROD_44;1;1
CORD_ORD_685;PROD_46;1;1
CORD_ORD_685;PROD_50;1;1
CORD_ORD_685;PROD_6;1;1
CORD_ORD_685;PROD_7;1;1
CORD_ORD_686;PROD_14;1;1
CORD_ORD_686;PROD_17;1;1
CORD_ORD_686;PROD_35;1;1
CORD_ORD_686;PROD_36;1;1
CORD_ORD_686;PROD_41;1;1
CORD_ORD_686;PROD_46;1;1
CORD_ORD_686;PROD_7;1;1
CORD_ORD_686;PROD_9;1;1
CORD_ORD_687;PROD_10;1;1
CORD_ORD_687;PROD_11;1;1
CORD_ORD_687;PROD_13;1;1
CORD_ORD_687;PROD_14;1;1
CORD_ORD_687;PROD_15;1;1
CORD_ORD_687;PROD_17;1;1
CORD_ORD_687;PROD_19;1;1
CORD_ORD_687;PROD_30;1;1
CORD_ORD_687;PROD_32;1;1
CORD_ORD_687;PROD_33;1;1
CORD_ORD_687;PROD_35;1;1
CORD_ORD_687;PROD_37;1;1
CORD_ORD_687;PROD_40;1;1
CORD_ORD_687;PROD_41;1;1
CORD_ORD_687;PROD_43;1;1
CORD_ORD_687;PROD_44;1;1
CORD_ORD_687;PROD_45;1;1
CORD_ORD_687;PROD_47;1;1
CORD_ORD_687;PROD_48;1;1
CORD_ORD_687;PROD_7;1;1
CORD_ORD_687;PROD_8;1;1
CORD_ORD_687;PROD_9;1;1
CORD_ORD_688;PROD_1;1;1
CORD_ORD_688;PROD_10;1;1
CORD_ORD_688;PROD_17;1;1
CORD_ORD_688;PROD_18;1;1
CORD_ORD_688;PROD_2;1;1
CORD_ORD_688;PROD_21;1;1
CORD_ORD_688;PROD_24;1;1
CORD_ORD_688;PROD_3;1;1
CORD_ORD_688;PROD_36;1;1
CORD_ORD_688;PROD_37;1;1
CORD_ORD_688;PROD_41;1;1
CORD_ORD_688;PROD_43;1;1
CORD_ORD_688;PROD_44;1;1
CORD_ORD_688;PROD_46;1;1
CORD_ORD_688;PROD_50;1;1
CORD_ORD_688;PROD_6;1;1
CORD_ORD_689;PROD_1;1;1
CORD_ORD_689;PROD_11;1;1
CORD_ORD_689;PROD_16;1;1
CORD_ORD_689;PROD_17;1;1
CORD_ORD_689;PROD_18;1;1
CORD_ORD_689;PROD_2;1;1
CORD_ORD_689;PROD_20;1;1
CORD_ORD_689;PROD_22;1;1
CORD_ORD_689;PROD_23;1;1
CORD_ORD_689;PROD_25;1;1
CORD_ORD_689;PROD_28;1;1
CORD_ORD_689;PROD_29;1;1
CORD_ORD_689;PROD_3;1;1
CORD_ORD_689;PROD_30;1;1
CORD_ORD_689;PROD_31;1;1
CORD_ORD_689;PROD_34;1;1
CORD_ORD_689;PROD_39;1;1
CORD_ORD_689;PROD_41;1;1
CORD_ORD_689;PROD_42;1;1
CORD_ORD_689;PROD_48;1;1
CORD_ORD_689;PROD_5;1;1
CORD_ORD_689;PROD_8;1;1
CORD_ORD_690;PROD_11;1;1
CORD_ORD_690;PROD_13;1;1
CORD_ORD_690;PROD_14;1;1
CORD_ORD_690;PROD_15;1;1
CORD_ORD_690;PROD_17;1;1
CORD_ORD_690;PROD_18;1;1
CORD_ORD_690;PROD_19;1;1
CORD_ORD_690;PROD_2;1;1
CORD_ORD_690;PROD_21;1;1
CORD_ORD_690;PROD_22;1;1
CORD_ORD_690;PROD_24;1;1
CORD_ORD_690;PROD_28;1;1
CORD_ORD_690;PROD_32;1;1
CORD_ORD_690;PROD_33;1;1
CORD_ORD_690;PROD_35;1;1
CORD_ORD_690;PROD_40;1;1
CORD_ORD_690;PROD_41;1;1
CORD_ORD_690;PROD_45;1;1
CORD_ORD_690;PROD_47;1;1
CORD_ORD_690;PROD_48;1;1
CORD_ORD_690;PROD_50;1;1
CORD_ORD_690;PROD_6;1;1
CORD_ORD_690;PROD_7;1;1
CORD_ORD_690;PROD_9;1;1
CORD_ORD_691;PROD_1;1;1
CORD_ORD_691;PROD_16;1;1
CORD_ORD_691;PROD_20;1;1
CORD_ORD_691;PROD_22;1;1
CORD_ORD_691;PROD_25;1;1
CORD_ORD_691;PROD_28;1;1
CORD_ORD_691;PROD_3;1;1
CORD_ORD_691;PROD_30;1;1
CORD_ORD_691;PROD_36;1;1
CORD_ORD_691;PROD_38;1;1
CORD_ORD_691;PROD_39;1;1
CORD_ORD_691;PROD_4;1;1
CORD_ORD_691;PROD_46;1;1
CORD_ORD_691;PROD_8;1;1
CORD_ORD_692;PROD_1;1;1
CORD_ORD_692;PROD_13;1;1
CORD_ORD_692;PROD_14;1;1
CORD_ORD_692;PROD_18;1;1
CORD_ORD_692;PROD_2;1;1
CORD_ORD_692;PROD_3;1;1
CORD_ORD_692;PROD_33;1;1
CORD_ORD_692;PROD_34;1;1
CORD_ORD_692;PROD_36;1;1
CORD_ORD_692;PROD_37;1;1
CORD_ORD_692;PROD_44;1;1
CORD_ORD_692;PROD_46;1;1
CORD_ORD_692;PROD_5;1;1
CORD_ORD_692;PROD_9;1;1
CORD_ORD_693;PROD_10;1;1
CORD_ORD_693;PROD_11;1;1
CORD_ORD_693;PROD_12;1;1
CORD_ORD_693;PROD_15;1;1
CORD_ORD_693;PROD_20;1;1
CORD_ORD_693;PROD_23;1;1
CORD_ORD_693;PROD_26;1;1
CORD_ORD_693;PROD_30;1;1
CORD_ORD_693;PROD_32;1;1
CORD_ORD_693;PROD_35;1;1
CORD_ORD_693;PROD_36;1;1
CORD_ORD_693;PROD_39;1;1
CORD_ORD_693;PROD_42;1;1
CORD_ORD_693;PROD_43;1;1
CORD_ORD_693;PROD_46;1;1
CORD_ORD_693;PROD_48;1;1
CORD_ORD_693;PROD_50;1;1
CORD_ORD_693;PROD_6;1;1
CORD_ORD_693;PROD_7;1;1
CORD_ORD_693;PROD_8;1;1
CORD_ORD_694;PROD_11;1;1
CORD_ORD_694;PROD_13;1;1
CORD_ORD_694;PROD_19;1;1
CORD_ORD_694;PROD_33;1;1
CORD_ORD_694;PROD_37;1;1
CORD_ORD_694;PROD_44;1;1
CORD_ORD_694;PROD_45;1;1
CORD_ORD_694;PROD_48;1;1
CORD_ORD_695;PROD_15;1;1
CORD_ORD_695;PROD_20;1;1
CORD_ORD_695;PROD_22;1;1
CORD_ORD_695;PROD_28;1;1
CORD_ORD_695;PROD_29;1;1
CORD_ORD_695;PROD_30;1;1
CORD_ORD_695;PROD_31;1;1
CORD_ORD_695;PROD_32;1;1
CORD_ORD_695;PROD_36;1;1
CORD_ORD_695;PROD_39;1;1
CORD_ORD_695;PROD_46;1;1
CORD_ORD_695;PROD_50;1;1
CORD_ORD_695;PROD_6;1;1
CORD_ORD_695;PROD_8;1;1
CORD_ORD_696;PROD_10;1;1
CORD_ORD_696;PROD_11;1;1
CORD_ORD_696;PROD_12;1;1
CORD_ORD_696;PROD_13;1;1
CORD_ORD_696;PROD_14;1;1
CORD_ORD_696;PROD_17;1;1
CORD_ORD_696;PROD_19;1;1
CORD_ORD_696;PROD_26;1;1
CORD_ORD_696;PROD_29;1;1
CORD_ORD_696;PROD_30;1;1
CORD_ORD_696;PROD_31;1;1
CORD_ORD_696;PROD_33;1;1
CORD_ORD_696;PROD_34;1;1
CORD_ORD_696;PROD_37;1;1
CORD_ORD_696;PROD_40;1;1
CORD_ORD_696;PROD_41;1;1
CORD_ORD_696;PROD_43;1;1
CORD_ORD_696;PROD_44;1;1
CORD_ORD_696;PROD_45;1;1
CORD_ORD_696;PROD_47;1;1
CORD_ORD_696;PROD_48;1;1
CORD_ORD_696;PROD_5;1;1
CORD_ORD_696;PROD_8;1;1
CORD_ORD_696;PROD_9;1;1
CORD_ORD_697;PROD_1;1;1
CORD_ORD_697;PROD_11;1;1
CORD_ORD_697;PROD_13;1;1
CORD_ORD_697;PROD_16;1;1
CORD_ORD_697;PROD_19;1;1
CORD_ORD_697;PROD_20;1;1
CORD_ORD_697;PROD_25;1;1
CORD_ORD_697;PROD_3;1;1
CORD_ORD_697;PROD_33;1;1
CORD_ORD_697;PROD_37;1;1
CORD_ORD_697;PROD_39;1;1
CORD_ORD_697;PROD_44;1;1
CORD_ORD_697;PROD_45;1;1
CORD_ORD_697;PROD_48;1;1
CORD_ORD_698;PROD_10;1;1
CORD_ORD_698;PROD_11;1;1
CORD_ORD_698;PROD_12;1;1
CORD_ORD_698;PROD_14;1;1
CORD_ORD_698;PROD_17;1;1
CORD_ORD_698;PROD_21;1;1
CORD_ORD_698;PROD_22;1;1
CORD_ORD_698;PROD_24;1;1
CORD_ORD_698;PROD_26;1;1
CORD_ORD_698;PROD_28;1;1
CORD_ORD_698;PROD_29;1;1
CORD_ORD_698;PROD_31;1;1
CORD_ORD_698;PROD_35;1;1
CORD_ORD_698;PROD_37;1;1
CORD_ORD_698;PROD_41;1;1
CORD_ORD_698;PROD_43;1;1
CORD_ORD_698;PROD_44;1;1
CORD_ORD_698;PROD_48;1;1
CORD_ORD_698;PROD_7;1;1
CORD_ORD_698;PROD_9;1;1
CORD_ORD_699;PROD_11;1;1
CORD_ORD_699;PROD_12;1;1
CORD_ORD_699;PROD_14;1;1
CORD_ORD_699;PROD_18;1;1
CORD_ORD_699;PROD_2;1;1
CORD_ORD_699;PROD_21;1;1
CORD_ORD_699;PROD_24;1;1
CORD_ORD_699;PROD_26;1;1
CORD_ORD_699;PROD_48;1;1
CORD_ORD_699;PROD_9;1;1
CORD_ORD_700;PROD_1;1;1
CORD_ORD_700;PROD_15;1;1
CORD_ORD_700;PROD_18;1;1
CORD_ORD_700;PROD_19;1;1
CORD_ORD_700;PROD_2;1;1
CORD_ORD_700;PROD_22;1;1
CORD_ORD_700;PROD_23;1;1
CORD_ORD_700;PROD_28;1;1
CORD_ORD_700;PROD_3;1;1
CORD_ORD_700;PROD_32;1;1
CORD_ORD_700;PROD_38;1;1
CORD_ORD_700;PROD_4;1;1
CORD_ORD_700;PROD_40;1;1
CORD_ORD_700;PROD_42;1;1
CORD_ORD_700;PROD_45;1;1
CORD_ORD_700;PROD_47;1;1
CORD_ORD_700;PROD_50;1;1
CORD_ORD_700;PROD_6;1;1
CORD_ORD_701;PROD_1;1;1
CORD_ORD_701;PROD_10;1;1
CORD_ORD_701;PROD_12;1;1
CORD_ORD_701;PROD_16;1;1
CORD_ORD_701;PROD_17;1;1
CORD_ORD_701;PROD_21;1;1
CORD_ORD_701;PROD_23;1;1
CORD_ORD_701;PROD_24;1;1
CORD_ORD_701;PROD_25;1;1
CORD_ORD_701;PROD_26;1;1
CORD_ORD_701;PROD_3;1;1
CORD_ORD_701;PROD_30;1;1
CORD_ORD_701;PROD_37;1;1
CORD_ORD_701;PROD_40;1;1
CORD_ORD_701;PROD_41;1;1
CORD_ORD_701;PROD_42;1;1
CORD_ORD_701;PROD_43;1;1
CORD_ORD_701;PROD_44;1;1
CORD_ORD_701;PROD_47;1;1
CORD_ORD_701;PROD_8;1;1
CORD_ORD_702;PROD_1;1;1
CORD_ORD_702;PROD_18;1;1
CORD_ORD_702;PROD_2;1;1
CORD_ORD_702;PROD_21;1;1
CORD_ORD_702;PROD_23;1;1
CORD_ORD_702;PROD_24;1;1
CORD_ORD_702;PROD_3;1;1
CORD_ORD_702;PROD_36;1;1
CORD_ORD_702;PROD_37;1;1
CORD_ORD_702;PROD_42;1;1
CORD_ORD_702;PROD_44;1;1
CORD_ORD_702;PROD_46;1;1
CORD_ORD_703;PROD_1;1;1
CORD_ORD_703;PROD_13;1;1
CORD_ORD_703;PROD_18;1;1
CORD_ORD_703;PROD_2;1;1
CORD_ORD_703;PROD_23;1;1
CORD_ORD_703;PROD_3;1;1
CORD_ORD_703;PROD_33;1;1
CORD_ORD_703;PROD_35;1;1
CORD_ORD_703;PROD_36;1;1
CORD_ORD_703;PROD_37;1;1
CORD_ORD_703;PROD_42;1;1
CORD_ORD_703;PROD_44;1;1
CORD_ORD_703;PROD_46;1;1
CORD_ORD_703;PROD_7;1;1
CORD_ORD_704;PROD_10;1;1
CORD_ORD_704;PROD_11;1;1
CORD_ORD_704;PROD_12;1;1
CORD_ORD_704;PROD_13;1;1
CORD_ORD_704;PROD_15;1;1
CORD_ORD_704;PROD_19;1;1
CORD_ORD_704;PROD_21;1;1
CORD_ORD_704;PROD_24;1;1
CORD_ORD_704;PROD_26;1;1
CORD_ORD_704;PROD_32;1;1
CORD_ORD_704;PROD_33;1;1
CORD_ORD_704;PROD_37;1;1
CORD_ORD_704;PROD_40;1;1
CORD_ORD_704;PROD_43;1;1
CORD_ORD_704;PROD_44;1;1
CORD_ORD_704;PROD_45;1;1
CORD_ORD_704;PROD_47;1;1
CORD_ORD_704;PROD_48;1;1
CORD_ORD_705;PROD_1;1;1
CORD_ORD_705;PROD_10;1;1
CORD_ORD_705;PROD_15;1;1
CORD_ORD_705;PROD_16;1;1
CORD_ORD_705;PROD_22;1;1
CORD_ORD_705;PROD_25;1;1
CORD_ORD_705;PROD_28;1;1
CORD_ORD_705;PROD_3;1;1
CORD_ORD_705;PROD_32;1;1
CORD_ORD_705;PROD_40;1;1
CORD_ORD_705;PROD_43;1;1
CORD_ORD_705;PROD_47;1;1
CORD_ORD_706;PROD_1;1;1
CORD_ORD_706;PROD_14;1;1
CORD_ORD_706;PROD_18;1;1
CORD_ORD_706;PROD_2;1;1
CORD_ORD_706;PROD_3;1;1
CORD_ORD_706;PROD_30;1;1
CORD_ORD_706;PROD_36;1;1
CORD_ORD_706;PROD_37;1;1
CORD_ORD_706;PROD_44;1;1
CORD_ORD_706;PROD_46;1;1
CORD_ORD_706;PROD_8;1;1
CORD_ORD_706;PROD_9;1;1
CORD_ORD_707;PROD_11;1;1
CORD_ORD_707;PROD_14;1;1
CORD_ORD_707;PROD_18;1;1
CORD_ORD_707;PROD_2;1;1
CORD_ORD_707;PROD_36;1;1
CORD_ORD_707;PROD_46;1;1
CORD_ORD_707;PROD_48;1;1
CORD_ORD_707;PROD_9;1;1
CORD_ORD_708;PROD_1;1;1
CORD_ORD_708;PROD_10;1;1
CORD_ORD_708;PROD_14;1;1
CORD_ORD_708;PROD_15;1;1
CORD_ORD_708;PROD_16;1;1
CORD_ORD_708;PROD_22;1;1
CORD_ORD_708;PROD_25;1;1
CORD_ORD_708;PROD_28;1;1
CORD_ORD_708;PROD_3;1;1
CORD_ORD_708;PROD_32;1;1
CORD_ORD_708;PROD_35;1;1
CORD_ORD_708;PROD_43;1;1
CORD_ORD_708;PROD_7;1;1
CORD_ORD_708;PROD_9;1;1
CORD_ORD_709;PROD_1;1;1
CORD_ORD_709;PROD_10;1;1
CORD_ORD_709;PROD_14;1;1
CORD_ORD_709;PROD_16;1;1
CORD_ORD_709;PROD_21;1;1
CORD_ORD_709;PROD_22;1;1
CORD_ORD_709;PROD_23;1;1
CORD_ORD_709;PROD_24;1;1
CORD_ORD_709;PROD_25;1;1
CORD_ORD_709;PROD_28;1;1
CORD_ORD_709;PROD_3;1;1
CORD_ORD_709;PROD_35;1;1
CORD_ORD_709;PROD_37;1;1
CORD_ORD_709;PROD_42;1;1
CORD_ORD_709;PROD_43;1;1
CORD_ORD_709;PROD_44;1;1
CORD_ORD_709;PROD_7;1;1
CORD_ORD_709;PROD_9;1;1
CORD_ORD_710;PROD_1;1;1
CORD_ORD_710;PROD_10;1;1
CORD_ORD_710;PROD_11;1;1
CORD_ORD_710;PROD_14;1;1
CORD_ORD_710;PROD_15;1;1
CORD_ORD_710;PROD_18;1;1
CORD_ORD_710;PROD_2;1;1
CORD_ORD_710;PROD_22;1;1
CORD_ORD_710;PROD_28;1;1
CORD_ORD_710;PROD_29;1;1
CORD_ORD_710;PROD_3;1;1
CORD_ORD_710;PROD_30;1;1
CORD_ORD_710;PROD_31;1;1
CORD_ORD_710;PROD_32;1;1
CORD_ORD_710;PROD_36;1;1
CORD_ORD_710;PROD_43;1;1
CORD_ORD_710;PROD_46;1;1
CORD_ORD_710;PROD_48;1;1
CORD_ORD_710;PROD_50;1;1
CORD_ORD_710;PROD_6;1;1
CORD_ORD_710;PROD_8;1;1
CORD_ORD_710;PROD_9;1;1
CORD_ORD_711;PROD_10;1;1
CORD_ORD_711;PROD_11;1;1
CORD_ORD_711;PROD_13;1;1
CORD_ORD_711;PROD_22;1;1
CORD_ORD_711;PROD_28;1;1
CORD_ORD_711;PROD_29;1;1
CORD_ORD_711;PROD_30;1;1
CORD_ORD_711;PROD_31;1;1
CORD_ORD_711;PROD_33;1;1
CORD_ORD_711;PROD_37;1;1
CORD_ORD_711;PROD_43;1;1
CORD_ORD_711;PROD_44;1;1
CORD_ORD_711;PROD_48;1;1
CORD_ORD_711;PROD_8;1;1
CORD_ORD_712;PROD_11;1;1
CORD_ORD_712;PROD_14;1;1
CORD_ORD_712;PROD_15;1;1
CORD_ORD_712;PROD_22;1;1
CORD_ORD_712;PROD_27;1;1
CORD_ORD_712;PROD_28;1;1
CORD_ORD_712;PROD_32;1;1
CORD_ORD_712;PROD_38;1;1
CORD_ORD_712;PROD_4;1;1
CORD_ORD_712;PROD_40;1;1
CORD_ORD_712;PROD_47;1;1
CORD_ORD_712;PROD_48;1;1
CORD_ORD_712;PROD_49;1;1
CORD_ORD_712;PROD_9;1;1
CORD_ORD_713;PROD_1;1;1
CORD_ORD_713;PROD_10;1;1
CORD_ORD_713;PROD_17;1;1
CORD_ORD_713;PROD_19;1;1
CORD_ORD_713;PROD_21;1;1
CORD_ORD_713;PROD_24;1;1
CORD_ORD_713;PROD_3;1;1
CORD_ORD_713;PROD_30;1;1
CORD_ORD_713;PROD_36;1;1
CORD_ORD_713;PROD_41;1;1
CORD_ORD_713;PROD_43;1;1
CORD_ORD_713;PROD_45;1;1
CORD_ORD_713;PROD_46;1;1
CORD_ORD_713;PROD_50;1;1
CORD_ORD_713;PROD_6;1;1
CORD_ORD_713;PROD_8;1;1
CORD_ORD_714;PROD_10;1;1
CORD_ORD_714;PROD_11;1;1
CORD_ORD_714;PROD_16;1;1
CORD_ORD_714;PROD_22;1;1
CORD_ORD_714;PROD_23;1;1
CORD_ORD_714;PROD_25;1;1
CORD_ORD_714;PROD_28;1;1
CORD_ORD_714;PROD_29;1;1
CORD_ORD_714;PROD_30;1;1
CORD_ORD_714;PROD_31;1;1
CORD_ORD_714;PROD_35;1;1
CORD_ORD_714;PROD_42;1;1
CORD_ORD_714;PROD_43;1;1
CORD_ORD_714;PROD_48;1;1
CORD_ORD_714;PROD_7;1;1
CORD_ORD_714;PROD_8;1;1
CORD_ORD_715;PROD_10;1;1
CORD_ORD_715;PROD_13;1;1
CORD_ORD_715;PROD_17;1;1
CORD_ORD_715;PROD_18;1;1
CORD_ORD_715;PROD_2;1;1
CORD_ORD_715;PROD_27;1;1
CORD_ORD_715;PROD_30;1;1
CORD_ORD_715;PROD_33;1;1
CORD_ORD_715;PROD_34;1;1
CORD_ORD_715;PROD_41;1;1
CORD_ORD_715;PROD_43;1;1
CORD_ORD_715;PROD_49;1;1
CORD_ORD_715;PROD_5;1;1
CORD_ORD_715;PROD_8;1;1
CORD_ORD_716;PROD_10;1;1
CORD_ORD_716;PROD_15;1;1
CORD_ORD_716;PROD_29;1;1
CORD_ORD_716;PROD_30;1;1
CORD_ORD_716;PROD_31;1;1
CORD_ORD_716;PROD_32;1;1
CORD_ORD_716;PROD_34;1;1
CORD_ORD_716;PROD_38;1;1
CORD_ORD_716;PROD_4;1;1
CORD_ORD_716;PROD_43;1;1
CORD_ORD_716;PROD_5;1;1
CORD_ORD_716;PROD_8;1;1
CORD_ORD_717;PROD_10;1;1
CORD_ORD_717;PROD_12;1;1
CORD_ORD_717;PROD_23;1;1
CORD_ORD_717;PROD_26;1;1
CORD_ORD_717;PROD_34;1;1
CORD_ORD_717;PROD_37;1;1
CORD_ORD_717;PROD_42;1;1
CORD_ORD_717;PROD_43;1;1
CORD_ORD_717;PROD_44;1;1
CORD_ORD_717;PROD_5;1;1
CORD_ORD_718;PROD_1;1;1
CORD_ORD_718;PROD_14;1;1
CORD_ORD_718;PROD_16;1;1
CORD_ORD_718;PROD_21;1;1
CORD_ORD_718;PROD_23;1;1
CORD_ORD_718;PROD_24;1;1
CORD_ORD_718;PROD_25;1;1
CORD_ORD_718;PROD_27;1;1
CORD_ORD_718;PROD_3;1;1
CORD_ORD_718;PROD_34;1;1
CORD_ORD_718;PROD_42;1;1
CORD_ORD_718;PROD_49;1;1
CORD_ORD_718;PROD_5;1;1
CORD_ORD_718;PROD_9;1;1
CORD_ORD_719;PROD_1;1;1
CORD_ORD_719;PROD_10;1;1
CORD_ORD_719;PROD_14;1;1
CORD_ORD_719;PROD_15;1;1
CORD_ORD_719;PROD_16;1;1
CORD_ORD_719;PROD_20;1;1
CORD_ORD_719;PROD_21;1;1
CORD_ORD_719;PROD_22;1;1
CORD_ORD_719;PROD_23;1;1
CORD_ORD_719;PROD_24;1;1
CORD_ORD_719;PROD_25;1;1
CORD_ORD_719;PROD_27;1;1
CORD_ORD_719;PROD_28;1;1
CORD_ORD_719;PROD_3;1;1
CORD_ORD_719;PROD_32;1;1
CORD_ORD_719;PROD_35;1;1
CORD_ORD_719;PROD_37;1;1
CORD_ORD_719;PROD_39;1;1
CORD_ORD_719;PROD_42;1;1
CORD_ORD_719;PROD_43;1;1
CORD_ORD_719;PROD_44;1;1
CORD_ORD_719;PROD_49;1;1
CORD_ORD_719;PROD_7;1;1
CORD_ORD_719;PROD_9;1;1
CORD_ORD_720;PROD_10;1;1
CORD_ORD_720;PROD_11;1;1
CORD_ORD_720;PROD_12;1;1
CORD_ORD_720;PROD_17;1;1
CORD_ORD_720;PROD_20;1;1
CORD_ORD_720;PROD_26;1;1
CORD_ORD_720;PROD_36;1;1
CORD_ORD_720;PROD_39;1;1
CORD_ORD_720;PROD_41;1;1
CORD_ORD_720;PROD_43;1;1
CORD_ORD_720;PROD_46;1;1
CORD_ORD_720;PROD_48;1;1
CORD_ORD_721;PROD_11;1;1
CORD_ORD_721;PROD_13;1;1
CORD_ORD_721;PROD_15;1;1
CORD_ORD_721;PROD_18;1;1
CORD_ORD_721;PROD_2;1;1
CORD_ORD_721;PROD_32;1;1
CORD_ORD_721;PROD_33;1;1
CORD_ORD_721;PROD_35;1;1
CORD_ORD_721;PROD_48;1;1
CORD_ORD_721;PROD_50;1;1
CORD_ORD_721;PROD_6;1;1
CORD_ORD_721;PROD_7;1;1
CORD_ORD_722;PROD_1;1;1
CORD_ORD_722;PROD_11;1;1
CORD_ORD_722;PROD_12;1;1
CORD_ORD_722;PROD_14;1;1
CORD_ORD_722;PROD_16;1;1
CORD_ORD_722;PROD_20;1;1
CORD_ORD_722;PROD_22;1;1
CORD_ORD_722;PROD_25;1;1
CORD_ORD_722;PROD_26;1;1
CORD_ORD_722;PROD_28;1;1
CORD_ORD_722;PROD_3;1;1
CORD_ORD_722;PROD_30;1;1
CORD_ORD_722;PROD_36;1;1
CORD_ORD_722;PROD_38;1;1
CORD_ORD_722;PROD_39;1;1
CORD_ORD_722;PROD_4;1;1
CORD_ORD_722;PROD_46;1;1
CORD_ORD_722;PROD_48;1;1
CORD_ORD_722;PROD_8;1;1
CORD_ORD_722;PROD_9;1;1
CORD_ORD_723;PROD_10;1;1
CORD_ORD_723;PROD_11;1;1
CORD_ORD_723;PROD_15;1;1
CORD_ORD_723;PROD_22;1;1
CORD_ORD_723;PROD_28;1;1
CORD_ORD_723;PROD_29;1;1
CORD_ORD_723;PROD_31;1;1
CORD_ORD_723;PROD_32;1;1
CORD_ORD_723;PROD_43;1;1
CORD_ORD_723;PROD_48;1;1
CORD_ORD_723;PROD_50;1;1
CORD_ORD_723;PROD_6;1;1
CORD_ORD_724;PROD_1;1;1
CORD_ORD_724;PROD_10;1;1
CORD_ORD_724;PROD_16;1;1
CORD_ORD_724;PROD_22;1;1
CORD_ORD_724;PROD_25;1;1
CORD_ORD_724;PROD_28;1;1
CORD_ORD_724;PROD_3;1;1
CORD_ORD_724;PROD_30;1;1
CORD_ORD_724;PROD_36;1;1
CORD_ORD_724;PROD_43;1;1
CORD_ORD_724;PROD_46;1;1
CORD_ORD_724;PROD_8;1;1
CORD_ORD_725;PROD_1;1;1
CORD_ORD_725;PROD_11;1;1
CORD_ORD_725;PROD_12;1;1
CORD_ORD_725;PROD_13;1;1
CORD_ORD_725;PROD_14;1;1
CORD_ORD_725;PROD_18;1;1
CORD_ORD_725;PROD_19;1;1
CORD_ORD_725;PROD_2;1;1
CORD_ORD_725;PROD_22;1;1
CORD_ORD_725;PROD_23;1;1
CORD_ORD_725;PROD_26;1;1
CORD_ORD_725;PROD_28;1;1
CORD_ORD_725;PROD_3;1;1
CORD_ORD_725;PROD_33;1;1
CORD_ORD_725;PROD_34;1;1
CORD_ORD_725;PROD_35;1;1
CORD_ORD_725;PROD_37;1;1
CORD_ORD_725;PROD_42;1;1
CORD_ORD_725;PROD_44;1;1
CORD_ORD_725;PROD_45;1;1
CORD_ORD_725;PROD_48;1;1
CORD_ORD_725;PROD_5;1;1
CORD_ORD_725;PROD_7;1;1
CORD_ORD_725;PROD_9;1;1
CORD_ORD_726;PROD_1;1;1
CORD_ORD_726;PROD_10;1;1
CORD_ORD_726;PROD_29;1;1
CORD_ORD_726;PROD_3;1;1
CORD_ORD_726;PROD_30;1;1
CORD_ORD_726;PROD_31;1;1
CORD_ORD_726;PROD_36;1;1
CORD_ORD_726;PROD_43;1;1
CORD_ORD_726;PROD_46;1;1
CORD_ORD_726;PROD_8;1;1
CORD_ORD_727;PROD_11;1;1
CORD_ORD_727;PROD_13;1;1
CORD_ORD_727;PROD_14;1;1
CORD_ORD_727;PROD_18;1;1
CORD_ORD_727;PROD_19;1;1
CORD_ORD_727;PROD_2;1;1
CORD_ORD_727;PROD_21;1;1
CORD_ORD_727;PROD_24;1;1
CORD_ORD_727;PROD_33;1;1
CORD_ORD_727;PROD_34;1;1
CORD_ORD_727;PROD_36;1;1
CORD_ORD_727;PROD_37;1;1
CORD_ORD_727;PROD_44;1;1
CORD_ORD_727;PROD_45;1;1
CORD_ORD_727;PROD_46;1;1
CORD_ORD_727;PROD_48;1;1
CORD_ORD_727;PROD_5;1;1
CORD_ORD_727;PROD_50;1;1
CORD_ORD_727;PROD_6;1;1
CORD_ORD_727;PROD_9;1;1
CORD_ORD_728;PROD_12;1;1
CORD_ORD_728;PROD_14;1;1
CORD_ORD_728;PROD_17;1;1
CORD_ORD_728;PROD_18;1;1
CORD_ORD_728;PROD_2;1;1
CORD_ORD_728;PROD_23;1;1
CORD_ORD_728;PROD_26;1;1
CORD_ORD_728;PROD_27;1;1
CORD_ORD_728;PROD_29;1;1
CORD_ORD_728;PROD_30;1;1
CORD_ORD_728;PROD_31;1;1
CORD_ORD_728;PROD_36;1;1
CORD_ORD_728;PROD_38;1;1
CORD_ORD_728;PROD_4;1;1
CORD_ORD_728;PROD_41;1;1
CORD_ORD_728;PROD_42;1;1
CORD_ORD_728;PROD_46;1;1
CORD_ORD_728;PROD_49;1;1
CORD_ORD_728;PROD_8;1;1
CORD_ORD_728;PROD_9;1;1
CORD_ORD_729;PROD_10;1;1
CORD_ORD_729;PROD_12;1;1
CORD_ORD_729;PROD_16;1;1
CORD_ORD_729;PROD_17;1;1
CORD_ORD_729;PROD_20;1;1
CORD_ORD_729;PROD_21;1;1
CORD_ORD_729;PROD_24;1;1
CORD_ORD_729;PROD_25;1;1
CORD_ORD_729;PROD_26;1;1
CORD_ORD_729;PROD_35;1;1
CORD_ORD_729;PROD_37;1;1
CORD_ORD_729;PROD_38;1;1
CORD_ORD_729;PROD_39;1;1
CORD_ORD_729;PROD_4;1;1
CORD_ORD_729;PROD_41;1;1
CORD_ORD_729;PROD_43;1;1
CORD_ORD_729;PROD_44;1;1
CORD_ORD_729;PROD_7;1;1
CORD_ORD_730;PROD_1;1;1
CORD_ORD_730;PROD_10;1;1
CORD_ORD_730;PROD_11;1;1
CORD_ORD_730;PROD_18;1;1
CORD_ORD_730;PROD_19;1;1
CORD_ORD_730;PROD_2;1;1
CORD_ORD_730;PROD_20;1;1
CORD_ORD_730;PROD_22;1;1
CORD_ORD_730;PROD_27;1;1
CORD_ORD_730;PROD_28;1;1
CORD_ORD_730;PROD_3;1;1
CORD_ORD_730;PROD_36;1;1
CORD_ORD_730;PROD_37;1;1
CORD_ORD_730;PROD_39;1;1
CORD_ORD_730;PROD_43;1;1
CORD_ORD_730;PROD_44;1;1
CORD_ORD_730;PROD_45;1;1
CORD_ORD_730;PROD_46;1;1
CORD_ORD_730;PROD_48;1;1
CORD_ORD_730;PROD_49;1;1
CORD_ORD_730;PROD_50;1;1
CORD_ORD_730;PROD_6;1;1
CORD_ORD_731;PROD_1;1;1
CORD_ORD_731;PROD_10;1;1
CORD_ORD_731;PROD_16;1;1
CORD_ORD_731;PROD_22;1;1
CORD_ORD_731;PROD_25;1;1
CORD_ORD_731;PROD_28;1;1
CORD_ORD_731;PROD_3;1;1
CORD_ORD_731;PROD_30;1;1
CORD_ORD_731;PROD_36;1;1
CORD_ORD_731;PROD_43;1;1
CORD_ORD_731;PROD_46;1;1
CORD_ORD_731;PROD_8;1;1
CORD_ORD_732;PROD_1;1;1
CORD_ORD_732;PROD_11;1;1
CORD_ORD_732;PROD_16;1;1
CORD_ORD_732;PROD_19;1;1
CORD_ORD_732;PROD_21;1;1
CORD_ORD_732;PROD_24;1;1
CORD_ORD_732;PROD_25;1;1
CORD_ORD_732;PROD_3;1;1
CORD_ORD_732;PROD_36;1;1
CORD_ORD_732;PROD_45;1;1
CORD_ORD_732;PROD_46;1;1
CORD_ORD_732;PROD_48;1;1
CORD_ORD_733;PROD_21;1;1
CORD_ORD_733;PROD_22;1;1
CORD_ORD_733;PROD_24;1;1
CORD_ORD_733;PROD_28;1;1
CORD_ORD_733;PROD_35;1;1
CORD_ORD_733;PROD_36;1;1
CORD_ORD_733;PROD_40;1;1
CORD_ORD_733;PROD_46;1;1
CORD_ORD_733;PROD_47;1;1
CORD_ORD_733;PROD_7;1;1
CORD_ORD_734;PROD_1;1;1
CORD_ORD_734;PROD_13;1;1
CORD_ORD_734;PROD_16;1;1
CORD_ORD_734;PROD_18;1;1
CORD_ORD_734;PROD_19;1;1
CORD_ORD_734;PROD_2;1;1
CORD_ORD_734;PROD_20;1;1
CORD_ORD_734;PROD_25;1;1
CORD_ORD_734;PROD_3;1;1
CORD_ORD_734;PROD_30;1;1
CORD_ORD_734;PROD_33;1;1
CORD_ORD_734;PROD_35;1;1
CORD_ORD_734;PROD_36;1;1
CORD_ORD_734;PROD_38;1;1
CORD_ORD_734;PROD_39;1;1
CORD_ORD_734;PROD_4;1;1
CORD_ORD_734;PROD_45;1;1
CORD_ORD_734;PROD_46;1;1
CORD_ORD_734;PROD_7;1;1
CORD_ORD_734;PROD_8;1;1
CORD_ORD_735;PROD_11;1;1
CORD_ORD_735;PROD_12;1;1
CORD_ORD_735;PROD_15;1;1
CORD_ORD_735;PROD_21;1;1
CORD_ORD_735;PROD_24;1;1
CORD_ORD_735;PROD_26;1;1
CORD_ORD_735;PROD_27;1;1
CORD_ORD_735;PROD_29;1;1
CORD_ORD_735;PROD_31;1;1
CORD_ORD_735;PROD_32;1;1
CORD_ORD_735;PROD_40;1;1
CORD_ORD_735;PROD_47;1;1
CORD_ORD_735;PROD_48;1;1
CORD_ORD_735;PROD_49;1;1
CORD_ORD_736;PROD_1;1;1
CORD_ORD_736;PROD_11;1;1
CORD_ORD_736;PROD_14;1;1
CORD_ORD_736;PROD_15;1;1
CORD_ORD_736;PROD_16;1;1
CORD_ORD_736;PROD_18;1;1
CORD_ORD_736;PROD_2;1;1
CORD_ORD_736;PROD_22;1;1
CORD_ORD_736;PROD_25;1;1
CORD_ORD_736;PROD_28;1;1
CORD_ORD_736;PROD_29;1;1
CORD_ORD_736;PROD_3;1;1
CORD_ORD_736;PROD_30;1;1
CORD_ORD_736;PROD_31;1;1
CORD_ORD_736;PROD_32;1;1
CORD_ORD_736;PROD_36;1;1
CORD_ORD_736;PROD_40;1;1
CORD_ORD_736;PROD_46;1;1
CORD_ORD_736;PROD_47;1;1
CORD_ORD_736;PROD_48;1;1
CORD_ORD_736;PROD_8;1;1
CORD_ORD_736;PROD_9;1;1
CORD_ORD_737;PROD_1;1;1
CORD_ORD_737;PROD_10;1;1
CORD_ORD_737;PROD_11;1;1
CORD_ORD_737;PROD_12;1;1
CORD_ORD_737;PROD_13;1;1
CORD_ORD_737;PROD_15;1;1
CORD_ORD_737;PROD_17;1;1
CORD_ORD_737;PROD_18;1;1
CORD_ORD_737;PROD_2;1;1
CORD_ORD_737;PROD_21;1;1
CORD_ORD_737;PROD_24;1;1
CORD_ORD_737;PROD_26;1;1
CORD_ORD_737;PROD_29;1;1
CORD_ORD_737;PROD_3;1;1
CORD_ORD_737;PROD_30;1;1
CORD_ORD_737;PROD_31;1;1
CORD_ORD_737;PROD_32;1;1
CORD_ORD_737;PROD_33;1;1
CORD_ORD_737;PROD_36;1;1
CORD_ORD_737;PROD_41;1;1
CORD_ORD_737;PROD_43;1;1
CORD_ORD_737;PROD_46;1;1
CORD_ORD_737;PROD_48;1;1
CORD_ORD_737;PROD_8;1;1
CORD_ORD_738;PROD_1;1;1
CORD_ORD_738;PROD_11;1;1
CORD_ORD_738;PROD_16;1;1
CORD_ORD_738;PROD_19;1;1
CORD_ORD_738;PROD_22;1;1
CORD_ORD_738;PROD_25;1;1
CORD_ORD_738;PROD_27;1;1
CORD_ORD_738;PROD_28;1;1
CORD_ORD_738;PROD_3;1;1
CORD_ORD_738;PROD_30;1;1
CORD_ORD_738;PROD_45;1;1
CORD_ORD_738;PROD_48;1;1
CORD_ORD_738;PROD_49;1;1
CORD_ORD_738;PROD_50;1;1
CORD_ORD_738;PROD_6;1;1
CORD_ORD_738;PROD_8;1;1
CORD_ORD_739;PROD_10;1;1
CORD_ORD_739;PROD_12;1;1
CORD_ORD_739;PROD_14;1;1
CORD_ORD_739;PROD_15;1;1
CORD_ORD_739;PROD_16;1;1
CORD_ORD_739;PROD_20;1;1
CORD_ORD_739;PROD_25;1;1
CORD_ORD_739;PROD_26;1;1
CORD_ORD_739;PROD_30;1;1
CORD_ORD_739;PROD_32;1;1
CORD_ORD_739;PROD_36;1;1
CORD_ORD_739;PROD_38;1;1
CORD_ORD_739;PROD_39;1;1
CORD_ORD_739;PROD_4;1;1
CORD_ORD_739;PROD_43;1;1
CORD_ORD_739;PROD_46;1;1
CORD_ORD_739;PROD_8;1;1
CORD_ORD_739;PROD_9;1;1
CORD_ORD_740;PROD_11;1;1
CORD_ORD_740;PROD_12;1;1
CORD_ORD_740;PROD_13;1;1
CORD_ORD_740;PROD_16;1;1
CORD_ORD_740;PROD_19;1;1
CORD_ORD_740;PROD_23;1;1
CORD_ORD_740;PROD_25;1;1
CORD_ORD_740;PROD_26;1;1
CORD_ORD_740;PROD_30;1;1
CORD_ORD_740;PROD_33;1;1
CORD_ORD_740;PROD_34;1;1
CORD_ORD_740;PROD_37;1;1
CORD_ORD_740;PROD_38;1;1
CORD_ORD_740;PROD_4;1;1
CORD_ORD_740;PROD_42;1;1
CORD_ORD_740;PROD_44;1;1
CORD_ORD_740;PROD_45;1;1
CORD_ORD_740;PROD_48;1;1
CORD_ORD_740;PROD_5;1;1
CORD_ORD_740;PROD_8;1;1
CORD_ORD_741;PROD_10;1;1
CORD_ORD_741;PROD_11;1;1
CORD_ORD_741;PROD_12;1;1
CORD_ORD_741;PROD_13;1;1
CORD_ORD_741;PROD_17;1;1
CORD_ORD_741;PROD_20;1;1
CORD_ORD_741;PROD_26;1;1
CORD_ORD_741;PROD_27;1;1
CORD_ORD_741;PROD_30;1;1
CORD_ORD_741;PROD_33;1;1
CORD_ORD_741;PROD_36;1;1
CORD_ORD_741;PROD_38;1;1
CORD_ORD_741;PROD_39;1;1
CORD_ORD_741;PROD_4;1;1
CORD_ORD_741;PROD_40;1;1
CORD_ORD_741;PROD_41;1;1
CORD_ORD_741;PROD_43;1;1
CORD_ORD_741;PROD_46;1;1
CORD_ORD_741;PROD_47;1;1
CORD_ORD_741;PROD_48;1;1
CORD_ORD_741;PROD_49;1;1
CORD_ORD_741;PROD_8;1;1
CORD_ORD_742;PROD_11;1;1
CORD_ORD_742;PROD_14;1;1
CORD_ORD_742;PROD_21;1;1
CORD_ORD_742;PROD_22;1;1
CORD_ORD_742;PROD_24;1;1
CORD_ORD_742;PROD_28;1;1
CORD_ORD_742;PROD_30;1;1
CORD_ORD_742;PROD_40;1;1
CORD_ORD_742;PROD_47;1;1
CORD_ORD_742;PROD_48;1;1
CORD_ORD_742;PROD_50;1;1
CORD_ORD_742;PROD_6;1;1
CORD_ORD_742;PROD_8;1;1
CORD_ORD_742;PROD_9;1;1
CORD_ORD_743;PROD_10;1;1
CORD_ORD_743;PROD_13;1;1
CORD_ORD_743;PROD_22;1;1
CORD_ORD_743;PROD_23;1;1
CORD_ORD_743;PROD_27;1;1
CORD_ORD_743;PROD_28;1;1
CORD_ORD_743;PROD_29;1;1
CORD_ORD_743;PROD_30;1;1
CORD_ORD_743;PROD_31;1;1
CORD_ORD_743;PROD_33;1;1
CORD_ORD_743;PROD_37;1;1
CORD_ORD_743;PROD_40;1;1
CORD_ORD_743;PROD_42;1;1
CORD_ORD_743;PROD_43;1;1
CORD_ORD_743;PROD_44;1;1
CORD_ORD_743;PROD_47;1;1
CORD_ORD_743;PROD_49;1;1
CORD_ORD_743;PROD_8;1;1
CORD_ORD_744;PROD_14;1;1
CORD_ORD_744;PROD_15;1;1
CORD_ORD_744;PROD_16;1;1
CORD_ORD_744;PROD_17;1;1
CORD_ORD_744;PROD_18;1;1
CORD_ORD_744;PROD_2;1;1
CORD_ORD_744;PROD_21;1;1
CORD_ORD_744;PROD_24;1;1
CORD_ORD_744;PROD_25;1;1
CORD_ORD_744;PROD_32;1;1
CORD_ORD_744;PROD_34;1;1
CORD_ORD_744;PROD_35;1;1
CORD_ORD_744;PROD_37;1;1
CORD_ORD_744;PROD_41;1;1
CORD_ORD_744;PROD_44;1;1
CORD_ORD_744;PROD_5;1;1
CORD_ORD_744;PROD_7;1;1
CORD_ORD_744;PROD_9;1;1
CORD_ORD_745;PROD_1;1;1
CORD_ORD_745;PROD_10;1;1
CORD_ORD_745;PROD_14;1;1
CORD_ORD_745;PROD_15;1;1
CORD_ORD_745;PROD_19;1;1
CORD_ORD_745;PROD_20;1;1
CORD_ORD_745;PROD_3;1;1
CORD_ORD_745;PROD_30;1;1
CORD_ORD_745;PROD_32;1;1
CORD_ORD_745;PROD_36;1;1
CORD_ORD_745;PROD_39;1;1
CORD_ORD_745;PROD_43;1;1
CORD_ORD_745;PROD_45;1;1
CORD_ORD_745;PROD_46;1;1
CORD_ORD_745;PROD_8;1;1
CORD_ORD_745;PROD_9;1;1
CORD_ORD_746;PROD_1;1;1
CORD_ORD_746;PROD_10;1;1
CORD_ORD_746;PROD_11;1;1
CORD_ORD_746;PROD_15;1;1
CORD_ORD_746;PROD_27;1;1
CORD_ORD_746;PROD_29;1;1
CORD_ORD_746;PROD_3;1;1
CORD_ORD_746;PROD_30;1;1
CORD_ORD_746;PROD_31;1;1
CORD_ORD_746;PROD_32;1;1
CORD_ORD_746;PROD_36;1;1
CORD_ORD_746;PROD_43;1;1
CORD_ORD_746;PROD_46;1;1
CORD_ORD_746;PROD_48;1;1
CORD_ORD_746;PROD_49;1;1
CORD_ORD_746;PROD_50;1;1
CORD_ORD_746;PROD_6;1;1
CORD_ORD_746;PROD_8;1;1
CORD_ORD_747;PROD_11;1;1
CORD_ORD_747;PROD_12;1;1
CORD_ORD_747;PROD_14;1;1
CORD_ORD_747;PROD_15;1;1
CORD_ORD_747;PROD_18;1;1
CORD_ORD_747;PROD_2;1;1
CORD_ORD_747;PROD_21;1;1
CORD_ORD_747;PROD_22;1;1
CORD_ORD_747;PROD_24;1;1
CORD_ORD_747;PROD_26;1;1
CORD_ORD_747;PROD_28;1;1
CORD_ORD_747;PROD_29;1;1
CORD_ORD_747;PROD_31;1;1
CORD_ORD_747;PROD_32;1;1
CORD_ORD_747;PROD_36;1;1
CORD_ORD_747;PROD_37;1;1
CORD_ORD_747;PROD_44;1;1
CORD_ORD_747;PROD_46;1;1
CORD_ORD_747;PROD_48;1;1
CORD_ORD_747;PROD_50;1;1
CORD_ORD_747;PROD_6;1;1
CORD_ORD_747;PROD_9;1;1
CORD_ORD_748;PROD_1;1;1
CORD_ORD_748;PROD_10;1;1
CORD_ORD_748;PROD_15;1;1
CORD_ORD_748;PROD_16;1;1
CORD_ORD_748;PROD_22;1;1
CORD_ORD_748;PROD_25;1;1
CORD_ORD_748;PROD_28;1;1
CORD_ORD_748;PROD_29;1;1
CORD_ORD_748;PROD_3;1;1
CORD_ORD_748;PROD_30;1;1
CORD_ORD_748;PROD_31;1;1
CORD_ORD_748;PROD_32;1;1
CORD_ORD_748;PROD_34;1;1
CORD_ORD_748;PROD_43;1;1
CORD_ORD_748;PROD_5;1;1
CORD_ORD_748;PROD_50;1;1
CORD_ORD_748;PROD_6;1;1
CORD_ORD_748;PROD_8;1;1
CORD_ORD_749;PROD_10;1;1
CORD_ORD_749;PROD_13;1;1
CORD_ORD_749;PROD_16;1;1
CORD_ORD_749;PROD_22;1;1
CORD_ORD_749;PROD_25;1;1
CORD_ORD_749;PROD_27;1;1
CORD_ORD_749;PROD_28;1;1
CORD_ORD_749;PROD_30;1;1
CORD_ORD_749;PROD_33;1;1
CORD_ORD_749;PROD_43;1;1
CORD_ORD_749;PROD_49;1;1
CORD_ORD_749;PROD_8;1;1
CORD_ORD_750;PROD_10;1;1
CORD_ORD_750;PROD_12;1;1
CORD_ORD_750;PROD_18;1;1
CORD_ORD_750;PROD_2;1;1
CORD_ORD_750;PROD_22;1;1
CORD_ORD_750;PROD_26;1;1
CORD_ORD_750;PROD_28;1;1
CORD_ORD_750;PROD_43;1;1
CORD_ORD_750;PROD_50;1;1
CORD_ORD_750;PROD_6;1;1
CORD_ORD_751;PROD_11;1;1
CORD_ORD_751;PROD_15;1;1
CORD_ORD_751;PROD_27;1;1
CORD_ORD_751;PROD_29;1;1
CORD_ORD_751;PROD_31;1;1
CORD_ORD_751;PROD_32;1;1
CORD_ORD_751;PROD_37;1;1
CORD_ORD_751;PROD_44;1;1
CORD_ORD_751;PROD_48;1;1
CORD_ORD_751;PROD_49;1;1
CORD_ORD_752;PROD_10;1;1
CORD_ORD_752;PROD_11;1;1
CORD_ORD_752;PROD_14;1;1
CORD_ORD_752;PROD_22;1;1
CORD_ORD_752;PROD_28;1;1
CORD_ORD_752;PROD_35;1;1
CORD_ORD_752;PROD_36;1;1
CORD_ORD_752;PROD_37;1;1
CORD_ORD_752;PROD_43;1;1
CORD_ORD_752;PROD_44;1;1
CORD_ORD_752;PROD_46;1;1
CORD_ORD_752;PROD_48;1;1
CORD_ORD_752;PROD_7;1;1
CORD_ORD_752;PROD_9;1;1
CORD_ORD_753;PROD_10;1;1
CORD_ORD_753;PROD_14;1;1
CORD_ORD_753;PROD_30;1;1
CORD_ORD_753;PROD_35;1;1
CORD_ORD_753;PROD_36;1;1
CORD_ORD_753;PROD_43;1;1
CORD_ORD_753;PROD_46;1;1
CORD_ORD_753;PROD_7;1;1
CORD_ORD_753;PROD_8;1;1
CORD_ORD_753;PROD_9;1;1
CORD_ORD_754;PROD_1;1;1
CORD_ORD_754;PROD_10;1;1
CORD_ORD_754;PROD_12;1;1
CORD_ORD_754;PROD_15;1;1
CORD_ORD_754;PROD_23;1;1
CORD_ORD_754;PROD_26;1;1
CORD_ORD_754;PROD_29;1;1
CORD_ORD_754;PROD_3;1;1
CORD_ORD_754;PROD_31;1;1
CORD_ORD_754;PROD_32;1;1
CORD_ORD_754;PROD_35;1;1
CORD_ORD_754;PROD_42;1;1
CORD_ORD_754;PROD_43;1;1
CORD_ORD_754;PROD_50;1;1
CORD_ORD_754;PROD_6;1;1
CORD_ORD_754;PROD_7;1;1
CORD_ORD_755;PROD_36;1;1
CORD_ORD_755;PROD_38;1;1
CORD_ORD_755;PROD_4;1;1
CORD_ORD_755;PROD_40;1;1
CORD_ORD_755;PROD_46;1;1
CORD_ORD_755;PROD_47;1;1
CORD_ORD_755;PROD_50;1;1
CORD_ORD_755;PROD_6;1;1
CORD_ORD_756;PROD_1;1;1
CORD_ORD_756;PROD_13;1;1
CORD_ORD_756;PROD_15;1;1
CORD_ORD_756;PROD_17;1;1
CORD_ORD_756;PROD_19;1;1
CORD_ORD_756;PROD_29;1;1
CORD_ORD_756;PROD_3;1;1
CORD_ORD_756;PROD_30;1;1
CORD_ORD_756;PROD_31;1;1
CORD_ORD_756;PROD_32;1;1
CORD_ORD_756;PROD_33;1;1
CORD_ORD_756;PROD_41;1;1
CORD_ORD_756;PROD_45;1;1
CORD_ORD_756;PROD_50;1;1
CORD_ORD_756;PROD_6;1;1
CORD_ORD_756;PROD_8;1;1
CORD_ORD_757;PROD_1;1;1
CORD_ORD_757;PROD_10;1;1
CORD_ORD_757;PROD_11;1;1
CORD_ORD_757;PROD_15;1;1
CORD_ORD_757;PROD_18;1;1
CORD_ORD_757;PROD_2;1;1
CORD_ORD_757;PROD_22;1;1
CORD_ORD_757;PROD_28;1;1
CORD_ORD_757;PROD_29;1;1
CORD_ORD_757;PROD_3;1;1
CORD_ORD_757;PROD_31;1;1
CORD_ORD_757;PROD_32;1;1
CORD_ORD_757;PROD_36;1;1
CORD_ORD_757;PROD_38;1;1
CORD_ORD_757;PROD_4;1;1
CORD_ORD_757;PROD_40;1;1
CORD_ORD_757;PROD_43;1;1
CORD_ORD_757;PROD_46;1;1
CORD_ORD_757;PROD_47;1;1
CORD_ORD_757;PROD_48;1;1
CORD_ORD_758;PROD_1;1;1
CORD_ORD_758;PROD_10;1;1
CORD_ORD_758;PROD_11;1;1
CORD_ORD_758;PROD_13;1;1
CORD_ORD_758;PROD_15;1;1
CORD_ORD_758;PROD_16;1;1
CORD_ORD_758;PROD_18;1;1
CORD_ORD_758;PROD_2;1;1
CORD_ORD_758;PROD_22;1;1
CORD_ORD_758;PROD_25;1;1
CORD_ORD_758;PROD_28;1;1
CORD_ORD_758;PROD_3;1;1
CORD_ORD_758;PROD_32;1;1
CORD_ORD_758;PROD_33;1;1
CORD_ORD_758;PROD_38;1;1
CORD_ORD_758;PROD_4;1;1
CORD_ORD_758;PROD_43;1;1
CORD_ORD_758;PROD_48;1;1
CORD_ORD_759;PROD_10;1;1
CORD_ORD_759;PROD_13;1;1
CORD_ORD_759;PROD_15;1;1
CORD_ORD_759;PROD_18;1;1
CORD_ORD_759;PROD_19;1;1
CORD_ORD_759;PROD_2;1;1
CORD_ORD_759;PROD_29;1;1
CORD_ORD_759;PROD_31;1;1
CORD_ORD_759;PROD_32;1;1
CORD_ORD_759;PROD_33;1;1
CORD_ORD_759;PROD_34;1;1
CORD_ORD_759;PROD_40;1;1
CORD_ORD_759;PROD_43;1;1
CORD_ORD_759;PROD_45;1;1
CORD_ORD_759;PROD_47;1;1
CORD_ORD_759;PROD_5;1;1
CORD_ORD_760;PROD_11;1;1
CORD_ORD_760;PROD_14;1;1
CORD_ORD_760;PROD_17;1;1
CORD_ORD_760;PROD_18;1;1
CORD_ORD_760;PROD_19;1;1
CORD_ORD_760;PROD_2;1;1
CORD_ORD_760;PROD_27;1;1
CORD_ORD_760;PROD_30;1;1
CORD_ORD_760;PROD_34;1;1
CORD_ORD_760;PROD_36;1;1
CORD_ORD_760;PROD_37;1;1
CORD_ORD_760;PROD_41;1;1
CORD_ORD_760;PROD_44;1;1
CORD_ORD_760;PROD_45;1;1
CORD_ORD_760;PROD_46;1;1
CORD_ORD_760;PROD_48;1;1
CORD_ORD_760;PROD_49;1;1
CORD_ORD_760;PROD_5;1;1
CORD_ORD_760;PROD_50;1;1
CORD_ORD_760;PROD_6;1;1
CORD_ORD_760;PROD_8;1;1
CORD_ORD_760;PROD_9;1;1
CORD_ORD_761;PROD_11;1;1
CORD_ORD_761;PROD_14;1;1
CORD_ORD_761;PROD_29;1;1
CORD_ORD_761;PROD_30;1;1
CORD_ORD_761;PROD_31;1;1
CORD_ORD_761;PROD_36;1;1
CORD_ORD_761;PROD_40;1;1
CORD_ORD_761;PROD_46;1;1
CORD_ORD_761;PROD_47;1;1
CORD_ORD_761;PROD_48;1;1
CORD_ORD_761;PROD_50;1;1
CORD_ORD_761;PROD_6;1;1
CORD_ORD_761;PROD_8;1;1
CORD_ORD_761;PROD_9;1;1
CORD_ORD_762;PROD_1;1;1
CORD_ORD_762;PROD_14;1;1
CORD_ORD_762;PROD_17;1;1
CORD_ORD_762;PROD_19;1;1
CORD_ORD_762;PROD_23;1;1
CORD_ORD_762;PROD_29;1;1
CORD_ORD_762;PROD_3;1;1
CORD_ORD_762;PROD_31;1;1
CORD_ORD_762;PROD_35;1;1
CORD_ORD_762;PROD_40;1;1
CORD_ORD_762;PROD_41;1;1
CORD_ORD_762;PROD_42;1;1
CORD_ORD_762;PROD_45;1;1
CORD_ORD_762;PROD_47;1;1
CORD_ORD_762;PROD_7;1;1
CORD_ORD_762;PROD_9;1;1
CORD_ORD_763;PROD_10;1;1
CORD_ORD_763;PROD_11;1;1
CORD_ORD_763;PROD_12;1;1
CORD_ORD_763;PROD_14;1;1
CORD_ORD_763;PROD_16;1;1
CORD_ORD_763;PROD_17;1;1
CORD_ORD_763;PROD_18;1;1
CORD_ORD_763;PROD_2;1;1
CORD_ORD_763;PROD_21;1;1
CORD_ORD_763;PROD_22;1;1
CORD_ORD_763;PROD_24;1;1
CORD_ORD_763;PROD_25;1;1
CORD_ORD_763;PROD_26;1;1
CORD_ORD_763;PROD_28;1;1
CORD_ORD_763;PROD_34;1;1
CORD_ORD_763;PROD_38;1;1
CORD_ORD_763;PROD_4;1;1
CORD_ORD_763;PROD_41;1;1
CORD_ORD_763;PROD_43;1;1
CORD_ORD_763;PROD_48;1;1
CORD_ORD_763;PROD_5;1;1
CORD_ORD_763;PROD_9;1;1
CORD_ORD_764;PROD_13;1;1
CORD_ORD_764;PROD_33;1;1
CORD_ORD_764;PROD_35;1;1
CORD_ORD_764;PROD_36;1;1
CORD_ORD_764;PROD_40;1;1
CORD_ORD_764;PROD_46;1;1
CORD_ORD_764;PROD_47;1;1
CORD_ORD_764;PROD_7;1;1
CORD_ORD_765;PROD_1;1;1
CORD_ORD_765;PROD_10;1;1
CORD_ORD_765;PROD_18;1;1
CORD_ORD_765;PROD_2;1;1
CORD_ORD_765;PROD_3;1;1
CORD_ORD_765;PROD_30;1;1
CORD_ORD_765;PROD_36;1;1
CORD_ORD_765;PROD_37;1;1
CORD_ORD_765;PROD_43;1;1
CORD_ORD_765;PROD_44;1;1
CORD_ORD_765;PROD_46;1;1
CORD_ORD_765;PROD_8;1;1
CORD_ORD_766;PROD_10;1;1
CORD_ORD_766;PROD_15;1;1
CORD_ORD_766;PROD_23;1;1
CORD_ORD_766;PROD_32;1;1
CORD_ORD_766;PROD_34;1;1
CORD_ORD_766;PROD_37;1;1
CORD_ORD_766;PROD_38;1;1
CORD_ORD_766;PROD_4;1;1
CORD_ORD_766;PROD_42;1;1
CORD_ORD_766;PROD_43;1;1
CORD_ORD_766;PROD_44;1;1
CORD_ORD_766;PROD_5;1;1
CORD_ORD_767;PROD_1;1;1
CORD_ORD_767;PROD_12;1;1
CORD_ORD_767;PROD_14;1;1
CORD_ORD_767;PROD_16;1;1
CORD_ORD_767;PROD_22;1;1
CORD_ORD_767;PROD_25;1;1
CORD_ORD_767;PROD_26;1;1
CORD_ORD_767;PROD_28;1;1
CORD_ORD_767;PROD_29;1;1
CORD_ORD_767;PROD_3;1;1
CORD_ORD_767;PROD_31;1;1
CORD_ORD_767;PROD_38;1;1
CORD_ORD_767;PROD_4;1;1
CORD_ORD_767;PROD_40;1;1
CORD_ORD_767;PROD_47;1;1
CORD_ORD_767;PROD_50;1;1
CORD_ORD_767;PROD_6;1;1
CORD_ORD_767;PROD_9;1;1
CORD_ORD_768;PROD_1;1;1
CORD_ORD_768;PROD_12;1;1
CORD_ORD_768;PROD_21;1;1
CORD_ORD_768;PROD_24;1;1
CORD_ORD_768;PROD_26;1;1
CORD_ORD_768;PROD_3;1;1
CORD_ORD_768;PROD_34;1;1
CORD_ORD_768;PROD_35;1;1
CORD_ORD_768;PROD_37;1;1
CORD_ORD_768;PROD_40;1;1
CORD_ORD_768;PROD_44;1;1
CORD_ORD_768;PROD_47;1;1
CORD_ORD_768;PROD_5;1;1
CORD_ORD_768;PROD_7;1;1
CORD_ORD_769;PROD_20;1;1
CORD_ORD_769;PROD_30;1;1
CORD_ORD_769;PROD_36;1;1
CORD_ORD_769;PROD_38;1;1
CORD_ORD_769;PROD_39;1;1
CORD_ORD_769;PROD_4;1;1
CORD_ORD_769;PROD_46;1;1
CORD_ORD_769;PROD_8;1;1
CORD_ORD_770;PROD_12;1;1
CORD_ORD_770;PROD_14;1;1
CORD_ORD_770;PROD_15;1;1
CORD_ORD_770;PROD_18;1;1
CORD_ORD_770;PROD_19;1;1
CORD_ORD_770;PROD_2;1;1
CORD_ORD_770;PROD_21;1;1
CORD_ORD_770;PROD_24;1;1
CORD_ORD_770;PROD_26;1;1
CORD_ORD_770;PROD_29;1;1
CORD_ORD_770;PROD_31;1;1
CORD_ORD_770;PROD_32;1;1
CORD_ORD_770;PROD_35;1;1
CORD_ORD_770;PROD_36;1;1
CORD_ORD_770;PROD_45;1;1
CORD_ORD_770;PROD_46;1;1
CORD_ORD_770;PROD_7;1;1
CORD_ORD_770;PROD_9;1;1
CORD_ORD_771;PROD_10;1;1
CORD_ORD_771;PROD_11;1;1
CORD_ORD_771;PROD_21;1;1
CORD_ORD_771;PROD_22;1;1
CORD_ORD_771;PROD_23;1;1
CORD_ORD_771;PROD_24;1;1
CORD_ORD_771;PROD_28;1;1
CORD_ORD_771;PROD_30;1;1
CORD_ORD_771;PROD_37;1;1
CORD_ORD_771;PROD_42;1;1
CORD_ORD_771;PROD_43;1;1
CORD_ORD_771;PROD_44;1;1
CORD_ORD_771;PROD_48;1;1
CORD_ORD_771;PROD_8;1;1
CORD_ORD_772;PROD_1;1;1
CORD_ORD_772;PROD_10;1;1
CORD_ORD_772;PROD_21;1;1
CORD_ORD_772;PROD_23;1;1
CORD_ORD_772;PROD_24;1;1
CORD_ORD_772;PROD_27;1;1
CORD_ORD_772;PROD_29;1;1
CORD_ORD_772;PROD_3;1;1
CORD_ORD_772;PROD_31;1;1
CORD_ORD_772;PROD_34;1;1
CORD_ORD_772;PROD_36;1;1
CORD_ORD_772;PROD_42;1;1
CORD_ORD_772;PROD_43;1;1
CORD_ORD_772;PROD_46;1;1
CORD_ORD_772;PROD_49;1;1
CORD_ORD_772;PROD_5;1;1
CORD_ORD_773;PROD_1;1;1
CORD_ORD_773;PROD_10;1;1
CORD_ORD_773;PROD_11;1;1
CORD_ORD_773;PROD_13;1;1
CORD_ORD_773;PROD_19;1;1
CORD_ORD_773;PROD_22;1;1
CORD_ORD_773;PROD_28;1;1
CORD_ORD_773;PROD_3;1;1
CORD_ORD_773;PROD_33;1;1
CORD_ORD_773;PROD_36;1;1
CORD_ORD_773;PROD_37;1;1
CORD_ORD_773;PROD_43;1;1
CORD_ORD_773;PROD_44;1;1
CORD_ORD_773;PROD_45;1;1
CORD_ORD_773;PROD_46;1;1
CORD_ORD_773;PROD_48;1;1
CORD_ORD_774;PROD_10;1;1
CORD_ORD_774;PROD_12;1;1
CORD_ORD_774;PROD_13;1;1
CORD_ORD_774;PROD_14;1;1
CORD_ORD_774;PROD_22;1;1
CORD_ORD_774;PROD_26;1;1
CORD_ORD_774;PROD_28;1;1
CORD_ORD_774;PROD_33;1;1
CORD_ORD_774;PROD_35;1;1
CORD_ORD_774;PROD_43;1;1
CORD_ORD_774;PROD_7;1;1
CORD_ORD_774;PROD_9;1;1
CORD_ORD_775;PROD_10;1;1
CORD_ORD_775;PROD_11;1;1
CORD_ORD_775;PROD_15;1;1
CORD_ORD_775;PROD_22;1;1
CORD_ORD_775;PROD_28;1;1
CORD_ORD_775;PROD_32;1;1
CORD_ORD_775;PROD_37;1;1
CORD_ORD_775;PROD_43;1;1
CORD_ORD_775;PROD_44;1;1
CORD_ORD_775;PROD_48;1;1
CORD_ORD_776;PROD_10;1;1
CORD_ORD_776;PROD_14;1;1
CORD_ORD_776;PROD_16;1;1
CORD_ORD_776;PROD_18;1;1
CORD_ORD_776;PROD_2;1;1
CORD_ORD_776;PROD_21;1;1
CORD_ORD_776;PROD_24;1;1
CORD_ORD_776;PROD_25;1;1
CORD_ORD_776;PROD_30;1;1
CORD_ORD_776;PROD_35;1;1
CORD_ORD_776;PROD_38;1;1
CORD_ORD_776;PROD_4;1;1
CORD_ORD_776;PROD_43;1;1
CORD_ORD_776;PROD_7;1;1
CORD_ORD_776;PROD_8;1;1
CORD_ORD_776;PROD_9;1;1
CORD_ORD_777;PROD_20;1;1
CORD_ORD_777;PROD_22;1;1
CORD_ORD_777;PROD_27;1;1
CORD_ORD_777;PROD_28;1;1
CORD_ORD_777;PROD_39;1;1
CORD_ORD_777;PROD_40;1;1
CORD_ORD_777;PROD_47;1;1
CORD_ORD_777;PROD_49;1;1
CORD_ORD_778;PROD_10;1;1
CORD_ORD_778;PROD_11;1;1
CORD_ORD_778;PROD_12;1;1
CORD_ORD_778;PROD_22;1;1
CORD_ORD_778;PROD_26;1;1
CORD_ORD_778;PROD_28;1;1
CORD_ORD_778;PROD_29;1;1
CORD_ORD_778;PROD_30;1;1
CORD_ORD_778;PROD_31;1;1
CORD_ORD_778;PROD_38;1;1
CORD_ORD_778;PROD_4;1;1
CORD_ORD_778;PROD_43;1;1
CORD_ORD_778;PROD_48;1;1
CORD_ORD_778;PROD_8;1;1
CORD_ORD_779;PROD_10;1;1
CORD_ORD_779;PROD_15;1;1
CORD_ORD_779;PROD_32;1;1
CORD_ORD_779;PROD_34;1;1
CORD_ORD_779;PROD_37;1;1
CORD_ORD_779;PROD_38;1;1
CORD_ORD_779;PROD_4;1;1
CORD_ORD_779;PROD_43;1;1
CORD_ORD_779;PROD_44;1;1
CORD_ORD_779;PROD_5;1;1
CORD_ORD_780;PROD_1;1;1
CORD_ORD_780;PROD_10;1;1
CORD_ORD_780;PROD_12;1;1
CORD_ORD_780;PROD_21;1;1
CORD_ORD_780;PROD_22;1;1
CORD_ORD_780;PROD_23;1;1
CORD_ORD_780;PROD_24;1;1
CORD_ORD_780;PROD_26;1;1
CORD_ORD_780;PROD_27;1;1
CORD_ORD_780;PROD_28;1;1
CORD_ORD_780;PROD_29;1;1
CORD_ORD_780;PROD_3;1;1
CORD_ORD_780;PROD_30;1;1
CORD_ORD_780;PROD_31;1;1
CORD_ORD_780;PROD_36;1;1
CORD_ORD_780;PROD_42;1;1
CORD_ORD_780;PROD_43;1;1
CORD_ORD_780;PROD_46;1;1
CORD_ORD_780;PROD_49;1;1
CORD_ORD_780;PROD_8;1;1
CORD_ORD_781;PROD_10;1;1
CORD_ORD_781;PROD_11;1;1
CORD_ORD_781;PROD_12;1;1
CORD_ORD_781;PROD_13;1;1
CORD_ORD_781;PROD_15;1;1
CORD_ORD_781;PROD_16;1;1
CORD_ORD_781;PROD_17;1;1
CORD_ORD_781;PROD_25;1;1
CORD_ORD_781;PROD_26;1;1
CORD_ORD_781;PROD_32;1;1
CORD_ORD_781;PROD_33;1;1
CORD_ORD_781;PROD_37;1;1
CORD_ORD_781;PROD_38;1;1
CORD_ORD_781;PROD_4;1;1
CORD_ORD_781;PROD_41;1;1
CORD_ORD_781;PROD_43;1;1
CORD_ORD_781;PROD_44;1;1
CORD_ORD_781;PROD_48;1;1
CORD_ORD_782;PROD_11;1;1
CORD_ORD_782;PROD_13;1;1
CORD_ORD_782;PROD_15;1;1
CORD_ORD_782;PROD_19;1;1
CORD_ORD_782;PROD_32;1;1
CORD_ORD_782;PROD_33;1;1
CORD_ORD_782;PROD_34;1;1
CORD_ORD_782;PROD_37;1;1
CORD_ORD_782;PROD_38;1;1
CORD_ORD_782;PROD_4;1;1
CORD_ORD_782;PROD_44;1;1
CORD_ORD_782;PROD_45;1;1
CORD_ORD_782;PROD_48;1;1
CORD_ORD_782;PROD_5;1;1
CORD_ORD_783;PROD_10;1;1
CORD_ORD_783;PROD_11;1;1
CORD_ORD_783;PROD_13;1;1
CORD_ORD_783;PROD_14;1;1
CORD_ORD_783;PROD_17;1;1
CORD_ORD_783;PROD_18;1;1
CORD_ORD_783;PROD_2;1;1
CORD_ORD_783;PROD_22;1;1
CORD_ORD_783;PROD_28;1;1
CORD_ORD_783;PROD_33;1;1
CORD_ORD_783;PROD_34;1;1
CORD_ORD_783;PROD_35;1;1
CORD_ORD_783;PROD_36;1;1
CORD_ORD_783;PROD_41;1;1
CORD_ORD_783;PROD_43;1;1
CORD_ORD_783;PROD_46;1;1
CORD_ORD_783;PROD_48;1;1
CORD_ORD_783;PROD_5;1;1
CORD_ORD_783;PROD_7;1;1
CORD_ORD_783;PROD_9;1;1
CORD_ORD_784;PROD_1;1;1
CORD_ORD_784;PROD_10;1;1
CORD_ORD_784;PROD_11;1;1
CORD_ORD_784;PROD_22;1;1
CORD_ORD_784;PROD_28;1;1
CORD_ORD_784;PROD_3;1;1
CORD_ORD_784;PROD_30;1;1
CORD_ORD_784;PROD_36;1;1
CORD_ORD_784;PROD_43;1;1
CORD_ORD_784;PROD_46;1;1
CORD_ORD_784;PROD_48;1;1
CORD_ORD_784;PROD_8;1;1
CORD_ORD_785;PROD_11;1;1
CORD_ORD_785;PROD_13;1;1
CORD_ORD_785;PROD_14;1;1
CORD_ORD_785;PROD_15;1;1
CORD_ORD_785;PROD_19;1;1
CORD_ORD_785;PROD_21;1;1
CORD_ORD_785;PROD_24;1;1
CORD_ORD_785;PROD_29;1;1
CORD_ORD_785;PROD_31;1;1
CORD_ORD_785;PROD_32;1;1
CORD_ORD_785;PROD_33;1;1
CORD_ORD_785;PROD_36;1;1
CORD_ORD_785;PROD_38;1;1
CORD_ORD_785;PROD_4;1;1
CORD_ORD_785;PROD_40;1;1
CORD_ORD_785;PROD_45;1;1
CORD_ORD_785;PROD_46;1;1
CORD_ORD_785;PROD_47;1;1
CORD_ORD_785;PROD_48;1;1
CORD_ORD_785;PROD_50;1;1
CORD_ORD_785;PROD_6;1;1
CORD_ORD_785;PROD_9;1;1
CORD_ORD_786;PROD_1;1;1
CORD_ORD_786;PROD_10;1;1
CORD_ORD_786;PROD_11;1;1
CORD_ORD_786;PROD_12;1;1
CORD_ORD_786;PROD_13;1;1
CORD_ORD_786;PROD_15;1;1
CORD_ORD_786;PROD_16;1;1
CORD_ORD_786;PROD_25;1;1
CORD_ORD_786;PROD_26;1;1
CORD_ORD_786;PROD_29;1;1
CORD_ORD_786;PROD_3;1;1
CORD_ORD_786;PROD_31;1;1
CORD_ORD_786;PROD_32;1;1
CORD_ORD_786;PROD_33;1;1
CORD_ORD_786;PROD_34;1;1
CORD_ORD_786;PROD_35;1;1
CORD_ORD_786;PROD_40;1;1
CORD_ORD_786;PROD_43;1;1
CORD_ORD_786;PROD_47;1;1
CORD_ORD_786;PROD_48;1;1
CORD_ORD_786;PROD_5;1;1
CORD_ORD_786;PROD_7;1;1
CORD_ORD_787;PROD_12;1;1
CORD_ORD_787;PROD_22;1;1
CORD_ORD_787;PROD_26;1;1
CORD_ORD_787;PROD_28;1;1
CORD_ORD_787;PROD_29;1;1
CORD_ORD_787;PROD_31;1;1
CORD_ORD_787;PROD_38;1;1
CORD_ORD_787;PROD_4;1;1
CORD_ORD_787;PROD_50;1;1
CORD_ORD_787;PROD_6;1;1
CORD_ORD_788;PROD_10;1;1
CORD_ORD_788;PROD_15;1;1
CORD_ORD_788;PROD_30;1;1
CORD_ORD_788;PROD_32;1;1
CORD_ORD_788;PROD_34;1;1
CORD_ORD_788;PROD_38;1;1
CORD_ORD_788;PROD_4;1;1
CORD_ORD_788;PROD_43;1;1
CORD_ORD_788;PROD_5;1;1
CORD_ORD_788;PROD_8;1;1
CORD_ORD_789;PROD_10;1;1
CORD_ORD_789;PROD_12;1;1
CORD_ORD_789;PROD_17;1;1
CORD_ORD_789;PROD_26;1;1
CORD_ORD_789;PROD_29;1;1
CORD_ORD_789;PROD_30;1;1
CORD_ORD_789;PROD_31;1;1
CORD_ORD_789;PROD_41;1;1
CORD_ORD_789;PROD_43;1;1
CORD_ORD_789;PROD_8;1;1
CORD_ORD_790;PROD_12;1;1
CORD_ORD_790;PROD_20;1;1
CORD_ORD_790;PROD_21;1;1
CORD_ORD_790;PROD_24;1;1
CORD_ORD_790;PROD_26;1;1
CORD_ORD_790;PROD_29;1;1
CORD_ORD_790;PROD_31;1;1
CORD_ORD_790;PROD_39;1;1
CORD_ORD_790;PROD_40;1;1
CORD_ORD_790;PROD_47;1;1
CORD_ORD_791;PROD_15;1;1
CORD_ORD_791;PROD_20;1;1
CORD_ORD_791;PROD_21;1;1
CORD_ORD_791;PROD_23;1;1
CORD_ORD_791;PROD_24;1;1
CORD_ORD_791;PROD_27;1;1
CORD_ORD_791;PROD_29;1;1
CORD_ORD_791;PROD_30;1;1
CORD_ORD_791;PROD_31;1;1
CORD_ORD_791;PROD_32;1;1
CORD_ORD_791;PROD_34;1;1
CORD_ORD_791;PROD_38;1;1
CORD_ORD_791;PROD_39;1;1
CORD_ORD_791;PROD_4;1;1
CORD_ORD_791;PROD_40;1;1
CORD_ORD_791;PROD_42;1;1
CORD_ORD_791;PROD_47;1;1
CORD_ORD_791;PROD_49;1;1
CORD_ORD_791;PROD_5;1;1
CORD_ORD_791;PROD_50;1;1
CORD_ORD_791;PROD_6;1;1
CORD_ORD_791;PROD_8;1;1
CORD_ORD_792;PROD_11;1;1
CORD_ORD_792;PROD_12;1;1
CORD_ORD_792;PROD_16;1;1
CORD_ORD_792;PROD_18;1;1
CORD_ORD_792;PROD_2;1;1
CORD_ORD_792;PROD_21;1;1
CORD_ORD_792;PROD_24;1;1
CORD_ORD_792;PROD_25;1;1
CORD_ORD_792;PROD_26;1;1
CORD_ORD_792;PROD_27;1;1
CORD_ORD_792;PROD_34;1;1
CORD_ORD_792;PROD_35;1;1
CORD_ORD_792;PROD_38;1;1
CORD_ORD_792;PROD_4;1;1
CORD_ORD_792;PROD_48;1;1
CORD_ORD_792;PROD_49;1;1
CORD_ORD_792;PROD_5;1;1
CORD_ORD_792;PROD_7;1;1
CORD_ORD_793;PROD_1;1;1
CORD_ORD_793;PROD_18;1;1
CORD_ORD_793;PROD_2;1;1
CORD_ORD_793;PROD_20;1;1
CORD_ORD_793;PROD_3;1;1
CORD_ORD_793;PROD_36;1;1
CORD_ORD_793;PROD_37;1;1
CORD_ORD_793;PROD_39;1;1
CORD_ORD_793;PROD_44;1;1
CORD_ORD_793;PROD_46;1;1
CORD_ORD_794;PROD_1;1;1
CORD_ORD_794;PROD_11;1;1
CORD_ORD_794;PROD_14;1;1
CORD_ORD_794;PROD_27;1;1
CORD_ORD_794;PROD_3;1;1
CORD_ORD_794;PROD_30;1;1
CORD_ORD_794;PROD_38;1;1
CORD_ORD_794;PROD_4;1;1
CORD_ORD_794;PROD_48;1;1
CORD_ORD_794;PROD_49;1;1
CORD_ORD_794;PROD_8;1;1
CORD_ORD_794;PROD_9;1;1
CORD_ORD_795;PROD_10;1;1
CORD_ORD_795;PROD_15;1;1
CORD_ORD_795;PROD_27;1;1
CORD_ORD_795;PROD_32;1;1
CORD_ORD_795;PROD_34;1;1
CORD_ORD_795;PROD_36;1;1
CORD_ORD_795;PROD_38;1;1
CORD_ORD_795;PROD_4;1;1
CORD_ORD_795;PROD_43;1;1
CORD_ORD_795;PROD_46;1;1
CORD_ORD_795;PROD_49;1;1
CORD_ORD_795;PROD_5;1;1
CORD_ORD_796;PROD_1;1;1
CORD_ORD_796;PROD_10;1;1
CORD_ORD_796;PROD_11;1;1
CORD_ORD_796;PROD_15;1;1
CORD_ORD_796;PROD_17;1;1
CORD_ORD_796;PROD_29;1;1
CORD_ORD_796;PROD_3;1;1
CORD_ORD_796;PROD_30;1;1
CORD_ORD_796;PROD_31;1;1
CORD_ORD_796;PROD_32;1;1
CORD_ORD_796;PROD_37;1;1
CORD_ORD_796;PROD_40;1;1
CORD_ORD_796;PROD_41;1;1
CORD_ORD_796;PROD_43;1;1
CORD_ORD_796;PROD_44;1;1
CORD_ORD_796;PROD_47;1;1
CORD_ORD_796;PROD_48;1;1
CORD_ORD_796;PROD_8;1;1
CORD_ORD_797;PROD_10;1;1
CORD_ORD_797;PROD_11;1;1
CORD_ORD_797;PROD_15;1;1
CORD_ORD_797;PROD_17;1;1
CORD_ORD_797;PROD_18;1;1
CORD_ORD_797;PROD_2;1;1
CORD_ORD_797;PROD_22;1;1
CORD_ORD_797;PROD_27;1;1
CORD_ORD_797;PROD_28;1;1
CORD_ORD_797;PROD_29;1;1
CORD_ORD_797;PROD_30;1;1
CORD_ORD_797;PROD_31;1;1
CORD_ORD_797;PROD_32;1;1
CORD_ORD_797;PROD_41;1;1
CORD_ORD_797;PROD_43;1;1
CORD_ORD_797;PROD_48;1;1
CORD_ORD_797;PROD_49;1;1
CORD_ORD_797;PROD_8;1;1
CORD_ORD_798;PROD_11;1;1
CORD_ORD_798;PROD_12;1;1
CORD_ORD_798;PROD_15;1;1
CORD_ORD_798;PROD_20;1;1
CORD_ORD_798;PROD_26;1;1
CORD_ORD_798;PROD_27;1;1
CORD_ORD_798;PROD_29;1;1
CORD_ORD_798;PROD_30;1;1
CORD_ORD_798;PROD_31;1;1
CORD_ORD_798;PROD_32;1;1
CORD_ORD_798;PROD_36;1;1
CORD_ORD_798;PROD_38;1;1
CORD_ORD_798;PROD_39;1;1
CORD_ORD_798;PROD_4;1;1
CORD_ORD_798;PROD_46;1;1
CORD_ORD_798;PROD_48;1;1
CORD_ORD_798;PROD_49;1;1
CORD_ORD_798;PROD_8;1;1
CORD_ORD_799;PROD_1;1;1
CORD_ORD_799;PROD_10;1;1
CORD_ORD_799;PROD_14;1;1
CORD_ORD_799;PROD_3;1;1
CORD_ORD_799;PROD_35;1;1
CORD_ORD_799;PROD_36;1;1
CORD_ORD_799;PROD_43;1;1
CORD_ORD_799;PROD_46;1;1
CORD_ORD_799;PROD_7;1;1
CORD_ORD_799;PROD_9;1;1
CORD_ORD_800;PROD_14;1;1
CORD_ORD_800;PROD_17;1;1
CORD_ORD_800;PROD_21;1;1
CORD_ORD_800;PROD_22;1;1
CORD_ORD_800;PROD_23;1;1
CORD_ORD_800;PROD_24;1;1
CORD_ORD_800;PROD_27;1;1
CORD_ORD_800;PROD_28;1;1
CORD_ORD_800;PROD_29;1;1
CORD_ORD_800;PROD_30;1;1
CORD_ORD_800;PROD_31;1;1
CORD_ORD_800;PROD_34;1;1
CORD_ORD_800;PROD_41;1;1
CORD_ORD_800;PROD_42;1;1
CORD_ORD_800;PROD_49;1;1
CORD_ORD_800;PROD_5;1;1
CORD_ORD_800;PROD_8;1;1
CORD_ORD_800;PROD_9;1;1
CORD_ORD_801;PROD_1;1;1
CORD_ORD_801;PROD_10;1;1
CORD_ORD_801;PROD_14;1;1
CORD_ORD_801;PROD_15;1;1
CORD_ORD_801;PROD_29;1;1
CORD_ORD_801;PROD_3;1;1
CORD_ORD_801;PROD_31;1;1
CORD_ORD_801;PROD_32;1;1
CORD_ORD_801;PROD_35;1;1
CORD_ORD_801;PROD_40;1;1
CORD_ORD_801;PROD_43;1;1
CORD_ORD_801;PROD_47;1;1
CORD_ORD_801;PROD_7;1;1
CORD_ORD_801;PROD_9;1;1
CORD_ORD_802;PROD_10;1;1
CORD_ORD_802;PROD_12;1;1
CORD_ORD_802;PROD_17;1;1
CORD_ORD_802;PROD_19;1;1
CORD_ORD_802;PROD_22;1;1
CORD_ORD_802;PROD_26;1;1
CORD_ORD_802;PROD_28;1;1
CORD_ORD_802;PROD_29;1;1
CORD_ORD_802;PROD_31;1;1
CORD_ORD_802;PROD_35;1;1
CORD_ORD_802;PROD_40;1;1
CORD_ORD_802;PROD_41;1;1
CORD_ORD_802;PROD_43;1;1
CORD_ORD_802;PROD_45;1;1
CORD_ORD_802;PROD_47;1;1
CORD_ORD_802;PROD_7;1;1
CORD_ORD_803;PROD_1;1;1
CORD_ORD_803;PROD_10;1;1
CORD_ORD_803;PROD_15;1;1
CORD_ORD_803;PROD_18;1;1
CORD_ORD_803;PROD_19;1;1
CORD_ORD_803;PROD_2;1;1
CORD_ORD_803;PROD_21;1;1
CORD_ORD_803;PROD_22;1;1
CORD_ORD_803;PROD_24;1;1
CORD_ORD_803;PROD_28;1;1
CORD_ORD_803;PROD_29;1;1
CORD_ORD_803;PROD_3;1;1
CORD_ORD_803;PROD_31;1;1
CORD_ORD_803;PROD_32;1;1
CORD_ORD_803;PROD_34;1;1
CORD_ORD_803;PROD_37;1;1
CORD_ORD_803;PROD_38;1;1
CORD_ORD_803;PROD_4;1;1
CORD_ORD_803;PROD_43;1;1
CORD_ORD_803;PROD_44;1;1
CORD_ORD_803;PROD_45;1;1
CORD_ORD_803;PROD_5;1;1
CORD_ORD_803;PROD_50;1;1
CORD_ORD_803;PROD_6;1;1
CORD_ORD_804;PROD_14;1;1
CORD_ORD_804;PROD_15;1;1
CORD_ORD_804;PROD_22;1;1
CORD_ORD_804;PROD_23;1;1
CORD_ORD_804;PROD_28;1;1
CORD_ORD_804;PROD_32;1;1
CORD_ORD_804;PROD_42;1;1
CORD_ORD_804;PROD_9;1;1
CORD_ORD_805;PROD_1;1;1
CORD_ORD_805;PROD_10;1;1
CORD_ORD_805;PROD_11;1;1
CORD_ORD_805;PROD_13;1;1
CORD_ORD_805;PROD_15;1;1
CORD_ORD_805;PROD_18;1;1
CORD_ORD_805;PROD_19;1;1
CORD_ORD_805;PROD_2;1;1
CORD_ORD_805;PROD_29;1;1
CORD_ORD_805;PROD_3;1;1
CORD_ORD_805;PROD_31;1;1
CORD_ORD_805;PROD_32;1;1
CORD_ORD_805;PROD_33;1;1
CORD_ORD_805;PROD_37;1;1
CORD_ORD_805;PROD_40;1;1
CORD_ORD_805;PROD_43;1;1
CORD_ORD_805;PROD_44;1;1
CORD_ORD_805;PROD_45;1;1
CORD_ORD_805;PROD_47;1;1
CORD_ORD_805;PROD_48;1;1
CORD_ORD_806;PROD_10;1;1
CORD_ORD_806;PROD_11;1;1
CORD_ORD_806;PROD_17;1;1
CORD_ORD_806;PROD_29;1;1
CORD_ORD_806;PROD_30;1;1
CORD_ORD_806;PROD_31;1;1
CORD_ORD_806;PROD_41;1;1
CORD_ORD_806;PROD_43;1;1
CORD_ORD_806;PROD_48;1;1
CORD_ORD_806;PROD_8;1;1
CORD_ORD_807;PROD_1;1;1
CORD_ORD_807;PROD_10;1;1
CORD_ORD_807;PROD_13;1;1
CORD_ORD_807;PROD_21;1;1
CORD_ORD_807;PROD_24;1;1
CORD_ORD_807;PROD_27;1;1
CORD_ORD_807;PROD_3;1;1
CORD_ORD_807;PROD_30;1;1
CORD_ORD_807;PROD_33;1;1
CORD_ORD_807;PROD_34;1;1
CORD_ORD_807;PROD_35;1;1
CORD_ORD_807;PROD_36;1;1
CORD_ORD_807;PROD_37;1;1
CORD_ORD_807;PROD_38;1;1
CORD_ORD_807;PROD_4;1;1
CORD_ORD_807;PROD_43;1;1
CORD_ORD_807;PROD_44;1;1
CORD_ORD_807;PROD_46;1;1
CORD_ORD_807;PROD_49;1;1
CORD_ORD_807;PROD_5;1;1
CORD_ORD_807;PROD_50;1;1
CORD_ORD_807;PROD_6;1;1
CORD_ORD_807;PROD_7;1;1
CORD_ORD_807;PROD_8;1;1
CORD_ORD_808;PROD_12;1;1
CORD_ORD_808;PROD_21;1;1
CORD_ORD_808;PROD_24;1;1
CORD_ORD_808;PROD_26;1;1
CORD_ORD_808;PROD_30;1;1
CORD_ORD_808;PROD_40;1;1
CORD_ORD_808;PROD_47;1;1
CORD_ORD_808;PROD_8;1;1
CORD_ORD_809;PROD_1;1;1
CORD_ORD_809;PROD_10;1;1
CORD_ORD_809;PROD_13;1;1
CORD_ORD_809;PROD_15;1;1
CORD_ORD_809;PROD_16;1;1
CORD_ORD_809;PROD_19;1;1
CORD_ORD_809;PROD_21;1;1
CORD_ORD_809;PROD_22;1;1
CORD_ORD_809;PROD_24;1;1
CORD_ORD_809;PROD_25;1;1
CORD_ORD_809;PROD_28;1;1
CORD_ORD_809;PROD_3;1;1
CORD_ORD_809;PROD_32;1;1
CORD_ORD_809;PROD_33;1;1
CORD_ORD_809;PROD_36;1;1
CORD_ORD_809;PROD_40;1;1
CORD_ORD_809;PROD_43;1;1
CORD_ORD_809;PROD_45;1;1
CORD_ORD_809;PROD_46;1;1
CORD_ORD_809;PROD_47;1;1
CORD_ORD_810;PROD_1;1;1
CORD_ORD_810;PROD_10;1;1
CORD_ORD_810;PROD_15;1;1
CORD_ORD_810;PROD_29;1;1
CORD_ORD_810;PROD_3;1;1
CORD_ORD_810;PROD_30;1;1
CORD_ORD_810;PROD_31;1;1
CORD_ORD_810;PROD_32;1;1
CORD_ORD_810;PROD_36;1;1
CORD_ORD_810;PROD_40;1;1
CORD_ORD_810;PROD_43;1;1
CORD_ORD_810;PROD_46;1;1
CORD_ORD_810;PROD_47;1;1
CORD_ORD_810;PROD_8;1;1
CORD_ORD_811;PROD_1;1;1
CORD_ORD_811;PROD_10;1;1
CORD_ORD_811;PROD_12;1;1
CORD_ORD_811;PROD_16;1;1
CORD_ORD_811;PROD_19;1;1
CORD_ORD_811;PROD_20;1;1
CORD_ORD_811;PROD_25;1;1
CORD_ORD_811;PROD_26;1;1
CORD_ORD_811;PROD_3;1;1
CORD_ORD_811;PROD_30;1;1
CORD_ORD_811;PROD_36;1;1
CORD_ORD_811;PROD_39;1;1
CORD_ORD_811;PROD_43;1;1
CORD_ORD_811;PROD_45;1;1
CORD_ORD_811;PROD_46;1;1
CORD_ORD_811;PROD_8;1;1
CORD_ORD_812;PROD_12;1;1
CORD_ORD_812;PROD_13;1;1
CORD_ORD_812;PROD_16;1;1
CORD_ORD_812;PROD_18;1;1
CORD_ORD_812;PROD_19;1;1
CORD_ORD_812;PROD_2;1;1
CORD_ORD_812;PROD_21;1;1
CORD_ORD_812;PROD_22;1;1
CORD_ORD_812;PROD_23;1;1
CORD_ORD_812;PROD_24;1;1
CORD_ORD_812;PROD_25;1;1
CORD_ORD_812;PROD_26;1;1
CORD_ORD_812;PROD_28;1;1
CORD_ORD_812;PROD_33;1;1
CORD_ORD_812;PROD_34;1;1
CORD_ORD_812;PROD_42;1;1
CORD_ORD_812;PROD_45;1;1
CORD_ORD_812;PROD_5;1;1
CORD_ORD_813;PROD_12;1;1
CORD_ORD_813;PROD_19;1;1
CORD_ORD_813;PROD_21;1;1
CORD_ORD_813;PROD_22;1;1
CORD_ORD_813;PROD_24;1;1
CORD_ORD_813;PROD_26;1;1
CORD_ORD_813;PROD_27;1;1
CORD_ORD_813;PROD_28;1;1
CORD_ORD_813;PROD_35;1;1
CORD_ORD_813;PROD_38;1;1
CORD_ORD_813;PROD_4;1;1
CORD_ORD_813;PROD_45;1;1
CORD_ORD_813;PROD_49;1;1
CORD_ORD_813;PROD_7;1;1
CORD_ORD_814;PROD_11;1;1
CORD_ORD_814;PROD_13;1;1
CORD_ORD_814;PROD_20;1;1
CORD_ORD_814;PROD_29;1;1
CORD_ORD_814;PROD_31;1;1
CORD_ORD_814;PROD_33;1;1
CORD_ORD_814;PROD_36;1;1
CORD_ORD_814;PROD_38;1;1
CORD_ORD_814;PROD_39;1;1
CORD_ORD_814;PROD_4;1;1
CORD_ORD_814;PROD_40;1;1
CORD_ORD_814;PROD_46;1;1
CORD_ORD_814;PROD_47;1;1
CORD_ORD_814;PROD_48;1;1
CORD_ORD_815;PROD_1;1;1
CORD_ORD_815;PROD_10;1;1
CORD_ORD_815;PROD_11;1;1
CORD_ORD_815;PROD_12;1;1
CORD_ORD_815;PROD_13;1;1
CORD_ORD_815;PROD_14;1;1
CORD_ORD_815;PROD_16;1;1
CORD_ORD_815;PROD_20;1;1
CORD_ORD_815;PROD_25;1;1
CORD_ORD_815;PROD_26;1;1
CORD_ORD_815;PROD_27;1;1
CORD_ORD_815;PROD_29;1;1
CORD_ORD_815;PROD_3;1;1
CORD_ORD_815;PROD_30;1;1
CORD_ORD_815;PROD_31;1;1
CORD_ORD_815;PROD_33;1;1
CORD_ORD_815;PROD_35;1;1
CORD_ORD_815;PROD_36;1;1
CORD_ORD_815;PROD_39;1;1
CORD_ORD_815;PROD_43;1;1
CORD_ORD_815;PROD_46;1;1
CORD_ORD_815;PROD_48;1;1
CORD_ORD_815;PROD_49;1;1
CORD_ORD_815;PROD_7;1;1
CORD_ORD_815;PROD_8;1;1
CORD_ORD_815;PROD_9;1;1
CORD_ORD_816;PROD_1;1;1
CORD_ORD_816;PROD_11;1;1
CORD_ORD_816;PROD_12;1;1
CORD_ORD_816;PROD_13;1;1
CORD_ORD_816;PROD_15;1;1
CORD_ORD_816;PROD_16;1;1
CORD_ORD_816;PROD_19;1;1
CORD_ORD_816;PROD_21;1;1
CORD_ORD_816;PROD_24;1;1
CORD_ORD_816;PROD_25;1;1
CORD_ORD_816;PROD_26;1;1
CORD_ORD_816;PROD_27;1;1
CORD_ORD_816;PROD_29;1;1
CORD_ORD_816;PROD_3;1;1
CORD_ORD_816;PROD_31;1;1
CORD_ORD_816;PROD_32;1;1
CORD_ORD_816;PROD_33;1;1
CORD_ORD_816;PROD_36;1;1
CORD_ORD_816;PROD_38;1;1
CORD_ORD_816;PROD_4;1;1
CORD_ORD_816;PROD_45;1;1
CORD_ORD_816;PROD_46;1;1
CORD_ORD_816;PROD_48;1;1
CORD_ORD_816;PROD_49;1;1
CORD_ORD_817;PROD_1;1;1
CORD_ORD_817;PROD_10;1;1
CORD_ORD_817;PROD_12;1;1
CORD_ORD_817;PROD_15;1;1
CORD_ORD_817;PROD_21;1;1
CORD_ORD_817;PROD_24;1;1
CORD_ORD_817;PROD_26;1;1
CORD_ORD_817;PROD_29;1;1
CORD_ORD_817;PROD_3;1;1
CORD_ORD_817;PROD_31;1;1
CORD_ORD_817;PROD_32;1;1
CORD_ORD_817;PROD_38;1;1
CORD_ORD_817;PROD_4;1;1
CORD_ORD_817;PROD_40;1;1
CORD_ORD_817;PROD_43;1;1
CORD_ORD_817;PROD_47;1;1
CORD_ORD_818;PROD_1;1;1
CORD_ORD_818;PROD_12;1;1
CORD_ORD_818;PROD_14;1;1
CORD_ORD_818;PROD_17;1;1
CORD_ORD_818;PROD_18;1;1
CORD_ORD_818;PROD_2;1;1
CORD_ORD_818;PROD_21;1;1
CORD_ORD_818;PROD_22;1;1
CORD_ORD_818;PROD_24;1;1
CORD_ORD_818;PROD_26;1;1
CORD_ORD_818;PROD_27;1;1
CORD_ORD_818;PROD_28;1;1
CORD_ORD_818;PROD_3;1;1
CORD_ORD_818;PROD_36;1;1
CORD_ORD_818;PROD_37;1;1
CORD_ORD_818;PROD_40;1;1
CORD_ORD_818;PROD_41;1;1
CORD_ORD_818;PROD_44;1;1
CORD_ORD_818;PROD_46;1;1
CORD_ORD_818;PROD_47;1;1
CORD_ORD_818;PROD_49;1;1
CORD_ORD_818;PROD_9;1;1
CORD_ORD_819;PROD_10;1;1
CORD_ORD_819;PROD_14;1;1
CORD_ORD_819;PROD_20;1;1
CORD_ORD_819;PROD_29;1;1
CORD_ORD_819;PROD_30;1;1
CORD_ORD_819;PROD_31;1;1
CORD_ORD_819;PROD_35;1;1
CORD_ORD_819;PROD_39;1;1
CORD_ORD_819;PROD_43;1;1
CORD_ORD_819;PROD_7;1;1
CORD_ORD_819;PROD_8;1;1
CORD_ORD_819;PROD_9;1;1
CORD_ORD_820;PROD_1;1;1
CORD_ORD_820;PROD_10;1;1
CORD_ORD_820;PROD_12;1;1
CORD_ORD_820;PROD_14;1;1
CORD_ORD_820;PROD_15;1;1
CORD_ORD_820;PROD_16;1;1
CORD_ORD_820;PROD_21;1;1
CORD_ORD_820;PROD_24;1;1
CORD_ORD_820;PROD_25;1;1
CORD_ORD_820;PROD_26;1;1
CORD_ORD_820;PROD_3;1;1
CORD_ORD_820;PROD_30;1;1
CORD_ORD_820;PROD_32;1;1
CORD_ORD_820;PROD_35;1;1
CORD_ORD_820;PROD_37;1;1
CORD_ORD_820;PROD_38;1;1
CORD_ORD_820;PROD_4;1;1
CORD_ORD_820;PROD_43;1;1
CORD_ORD_820;PROD_44;1;1
CORD_ORD_820;PROD_50;1;1
CORD_ORD_820;PROD_6;1;1
CORD_ORD_820;PROD_7;1;1
CORD_ORD_820;PROD_8;1;1
CORD_ORD_820;PROD_9;1;1
CORD_ORD_821;PROD_11;1;1
CORD_ORD_821;PROD_13;1;1
CORD_ORD_821;PROD_19;1;1
CORD_ORD_821;PROD_22;1;1
CORD_ORD_821;PROD_28;1;1
CORD_ORD_821;PROD_29;1;1
CORD_ORD_821;PROD_31;1;1
CORD_ORD_821;PROD_33;1;1
CORD_ORD_821;PROD_37;1;1
CORD_ORD_821;PROD_44;1;1
CORD_ORD_821;PROD_45;1;1
CORD_ORD_821;PROD_48;1;1
CORD_ORD_821;PROD_50;1;1
CORD_ORD_821;PROD_6;1;1
CORD_ORD_822;PROD_1;1;1
CORD_ORD_822;PROD_11;1;1
CORD_ORD_822;PROD_15;1;1
CORD_ORD_822;PROD_17;1;1
CORD_ORD_822;PROD_21;1;1
CORD_ORD_822;PROD_24;1;1
CORD_ORD_822;PROD_3;1;1
CORD_ORD_822;PROD_32;1;1
CORD_ORD_822;PROD_34;1;1
CORD_ORD_822;PROD_40;1;1
CORD_ORD_822;PROD_41;1;1
CORD_ORD_822;PROD_47;1;1
CORD_ORD_822;PROD_48;1;1
CORD_ORD_822;PROD_5;1;1
CORD_ORD_822;PROD_50;1;1
CORD_ORD_822;PROD_6;1;1
CORD_ORD_823;PROD_10;1;1
CORD_ORD_823;PROD_11;1;1
CORD_ORD_823;PROD_15;1;1
CORD_ORD_823;PROD_19;1;1
CORD_ORD_823;PROD_20;1;1
CORD_ORD_823;PROD_21;1;1
CORD_ORD_823;PROD_24;1;1
CORD_ORD_823;PROD_30;1;1
CORD_ORD_823;PROD_32;1;1
CORD_ORD_823;PROD_34;1;1
CORD_ORD_823;PROD_35;1;1
CORD_ORD_823;PROD_38;1;1
CORD_ORD_823;PROD_39;1;1
CORD_ORD_823;PROD_4;1;1
CORD_ORD_823;PROD_43;1;1
CORD_ORD_823;PROD_45;1;1
CORD_ORD_823;PROD_48;1;1
CORD_ORD_823;PROD_5;1;1
CORD_ORD_823;PROD_7;1;1
CORD_ORD_823;PROD_8;1;1
CORD_ORD_824;PROD_12;1;1
CORD_ORD_824;PROD_17;1;1
CORD_ORD_824;PROD_21;1;1
CORD_ORD_824;PROD_23;1;1
CORD_ORD_824;PROD_24;1;1
CORD_ORD_824;PROD_26;1;1
CORD_ORD_824;PROD_37;1;1
CORD_ORD_824;PROD_38;1;1
CORD_ORD_824;PROD_4;1;1
CORD_ORD_824;PROD_41;1;1
CORD_ORD_824;PROD_42;1;1
CORD_ORD_824;PROD_44;1;1
CORD_ORD_824;PROD_50;1;1
CORD_ORD_824;PROD_6;1;1
CORD_ORD_825;PROD_10;1;1
CORD_ORD_825;PROD_12;1;1
CORD_ORD_825;PROD_13;1;1
CORD_ORD_825;PROD_16;1;1
CORD_ORD_825;PROD_22;1;1
CORD_ORD_825;PROD_25;1;1
CORD_ORD_825;PROD_26;1;1
CORD_ORD_825;PROD_28;1;1
CORD_ORD_825;PROD_29;1;1
CORD_ORD_825;PROD_30;1;1
CORD_ORD_825;PROD_31;1;1
CORD_ORD_825;PROD_33;1;1
CORD_ORD_825;PROD_40;1;1
CORD_ORD_825;PROD_43;1;1
CORD_ORD_825;PROD_47;1;1
CORD_ORD_825;PROD_50;1;1
CORD_ORD_825;PROD_6;1;1
CORD_ORD_825;PROD_8;1;1
CORD_ORD_826;PROD_11;1;1
CORD_ORD_826;PROD_13;1;1
CORD_ORD_826;PROD_15;1;1
CORD_ORD_826;PROD_17;1;1
CORD_ORD_826;PROD_21;1;1
CORD_ORD_826;PROD_23;1;1
CORD_ORD_826;PROD_24;1;1
CORD_ORD_826;PROD_27;1;1
CORD_ORD_826;PROD_29;1;1
CORD_ORD_826;PROD_31;1;1
CORD_ORD_826;PROD_32;1;1
CORD_ORD_826;PROD_33;1;1
CORD_ORD_826;PROD_37;1;1
CORD_ORD_826;PROD_38;1;1
CORD_ORD_826;PROD_4;1;1
CORD_ORD_826;PROD_40;1;1
CORD_ORD_826;PROD_41;1;1
CORD_ORD_826;PROD_42;1;1
CORD_ORD_826;PROD_44;1;1
CORD_ORD_826;PROD_47;1;1
CORD_ORD_826;PROD_48;1;1
CORD_ORD_826;PROD_49;1;1
CORD_ORD_827;PROD_1;1;1
CORD_ORD_827;PROD_10;1;1
CORD_ORD_827;PROD_12;1;1
CORD_ORD_827;PROD_17;1;1
CORD_ORD_827;PROD_21;1;1
CORD_ORD_827;PROD_24;1;1
CORD_ORD_827;PROD_26;1;1
CORD_ORD_827;PROD_27;1;1
CORD_ORD_827;PROD_3;1;1
CORD_ORD_827;PROD_38;1;1
CORD_ORD_827;PROD_4;1;1
CORD_ORD_827;PROD_41;1;1
CORD_ORD_827;PROD_43;1;1
CORD_ORD_827;PROD_49;1;1
CORD_ORD_828;PROD_10;1;1
CORD_ORD_828;PROD_11;1;1
CORD_ORD_828;PROD_14;1;1
CORD_ORD_828;PROD_18;1;1
CORD_ORD_828;PROD_2;1;1
CORD_ORD_828;PROD_22;1;1
CORD_ORD_828;PROD_28;1;1
CORD_ORD_828;PROD_36;1;1
CORD_ORD_828;PROD_43;1;1
CORD_ORD_828;PROD_46;1;1
CORD_ORD_828;PROD_48;1;1
CORD_ORD_828;PROD_9;1;1
CORD_ORD_829;PROD_10;1;1
CORD_ORD_829;PROD_11;1;1
CORD_ORD_829;PROD_18;1;1
CORD_ORD_829;PROD_2;1;1
CORD_ORD_829;PROD_20;1;1
CORD_ORD_829;PROD_22;1;1
CORD_ORD_829;PROD_28;1;1
CORD_ORD_829;PROD_29;1;1
CORD_ORD_829;PROD_30;1;1
CORD_ORD_829;PROD_31;1;1
CORD_ORD_829;PROD_36;1;1
CORD_ORD_829;PROD_37;1;1
CORD_ORD_829;PROD_38;1;1
CORD_ORD_829;PROD_39;1;1
CORD_ORD_829;PROD_4;1;1
CORD_ORD_829;PROD_43;1;1
CORD_ORD_829;PROD_44;1;1
CORD_ORD_829;PROD_46;1;1
CORD_ORD_829;PROD_48;1;1
CORD_ORD_829;PROD_8;1;1
CORD_ORD_830;PROD_1;1;1
CORD_ORD_830;PROD_10;1;1
CORD_ORD_830;PROD_11;1;1
CORD_ORD_830;PROD_15;1;1
CORD_ORD_830;PROD_21;1;1
CORD_ORD_830;PROD_22;1;1
CORD_ORD_830;PROD_24;1;1
CORD_ORD_830;PROD_28;1;1
CORD_ORD_830;PROD_3;1;1
CORD_ORD_830;PROD_32;1;1
CORD_ORD_830;PROD_34;1;1
CORD_ORD_830;PROD_35;1;1
CORD_ORD_830;PROD_37;1;1
CORD_ORD_830;PROD_43;1;1
CORD_ORD_830;PROD_44;1;1
CORD_ORD_830;PROD_48;1;1
CORD_ORD_830;PROD_5;1;1
CORD_ORD_830;PROD_50;1;1
CORD_ORD_830;PROD_6;1;1
CORD_ORD_830;PROD_7;1;1
CORD_ORD_831;PROD_11;1;1
CORD_ORD_831;PROD_15;1;1
CORD_ORD_831;PROD_27;1;1
CORD_ORD_831;PROD_29;1;1
CORD_ORD_831;PROD_31;1;1
CORD_ORD_831;PROD_32;1;1
CORD_ORD_831;PROD_48;1;1
CORD_ORD_831;PROD_49;1;1
CORD_ORD_832;PROD_11;1;1
CORD_ORD_832;PROD_15;1;1
CORD_ORD_832;PROD_27;1;1
CORD_ORD_832;PROD_29;1;1
CORD_ORD_832;PROD_30;1;1
CORD_ORD_832;PROD_31;1;1
CORD_ORD_832;PROD_32;1;1
CORD_ORD_832;PROD_48;1;1
CORD_ORD_832;PROD_49;1;1
CORD_ORD_832;PROD_8;1;1
CORD_ORD_833;PROD_1;1;1
CORD_ORD_833;PROD_10;1;1
CORD_ORD_833;PROD_11;1;1
CORD_ORD_833;PROD_16;1;1
CORD_ORD_833;PROD_17;1;1
CORD_ORD_833;PROD_25;1;1
CORD_ORD_833;PROD_29;1;1
CORD_ORD_833;PROD_3;1;1
CORD_ORD_833;PROD_30;1;1
CORD_ORD_833;PROD_31;1;1
CORD_ORD_833;PROD_35;1;1
CORD_ORD_833;PROD_36;1;1
CORD_ORD_833;PROD_38;1;1
CORD_ORD_833;PROD_4;1;1
CORD_ORD_833;PROD_40;1;1
CORD_ORD_833;PROD_41;1;1
CORD_ORD_833;PROD_43;1;1
CORD_ORD_833;PROD_46;1;1
CORD_ORD_833;PROD_47;1;1
CORD_ORD_833;PROD_48;1;1
CORD_ORD_833;PROD_7;1;1
CORD_ORD_833;PROD_8;1;1
CORD_ORD_834;PROD_15;1;1
CORD_ORD_834;PROD_17;1;1
CORD_ORD_834;PROD_19;1;1
CORD_ORD_834;PROD_20;1;1
CORD_ORD_834;PROD_32;1;1
CORD_ORD_834;PROD_35;1;1
CORD_ORD_834;PROD_39;1;1
CORD_ORD_834;PROD_41;1;1
CORD_ORD_834;PROD_45;1;1
CORD_ORD_834;PROD_50;1;1
CORD_ORD_834;PROD_6;1;1
CORD_ORD_834;PROD_7;1;1
CORD_ORD_835;PROD_10;1;1
CORD_ORD_835;PROD_11;1;1
CORD_ORD_835;PROD_22;1;1
CORD_ORD_835;PROD_28;1;1
CORD_ORD_835;PROD_36;1;1
CORD_ORD_835;PROD_37;1;1
CORD_ORD_835;PROD_43;1;1
CORD_ORD_835;PROD_44;1;1
CORD_ORD_835;PROD_46;1;1
CORD_ORD_835;PROD_48;1;1
CORD_ORD_836;PROD_1;1;1
CORD_ORD_836;PROD_12;1;1
CORD_ORD_836;PROD_20;1;1
CORD_ORD_836;PROD_22;1;1
CORD_ORD_836;PROD_23;1;1
CORD_ORD_836;PROD_26;1;1
CORD_ORD_836;PROD_28;1;1
CORD_ORD_836;PROD_3;1;1
CORD_ORD_836;PROD_30;1;1
CORD_ORD_836;PROD_34;1;1
CORD_ORD_836;PROD_36;1;1
CORD_ORD_836;PROD_38;1;1
CORD_ORD_836;PROD_39;1;1
CORD_ORD_836;PROD_4;1;1
CORD_ORD_836;PROD_40;1;1
CORD_ORD_836;PROD_42;1;1
CORD_ORD_836;PROD_46;1;1
CORD_ORD_836;PROD_47;1;1
CORD_ORD_836;PROD_5;1;1
CORD_ORD_836;PROD_8;1;1
CORD_ORD_837;PROD_13;1;1
CORD_ORD_837;PROD_14;1;1
CORD_ORD_837;PROD_16;1;1
CORD_ORD_837;PROD_23;1;1
CORD_ORD_837;PROD_25;1;1
CORD_ORD_837;PROD_27;1;1
CORD_ORD_837;PROD_33;1;1
CORD_ORD_837;PROD_34;1;1
CORD_ORD_837;PROD_36;1;1
CORD_ORD_837;PROD_38;1;1
CORD_ORD_837;PROD_4;1;1
CORD_ORD_837;PROD_40;1;1
CORD_ORD_837;PROD_42;1;1
CORD_ORD_837;PROD_46;1;1
CORD_ORD_837;PROD_47;1;1
CORD_ORD_837;PROD_49;1;1
CORD_ORD_837;PROD_5;1;1
CORD_ORD_837;PROD_50;1;1
CORD_ORD_837;PROD_6;1;1
CORD_ORD_837;PROD_9;1;1
CORD_ORD_838;PROD_1;1;1
CORD_ORD_838;PROD_10;1;1
CORD_ORD_838;PROD_15;1;1
CORD_ORD_838;PROD_17;1;1
CORD_ORD_838;PROD_29;1;1
CORD_ORD_838;PROD_3;1;1
CORD_ORD_838;PROD_31;1;1
CORD_ORD_838;PROD_32;1;1
CORD_ORD_838;PROD_40;1;1
CORD_ORD_838;PROD_41;1;1
CORD_ORD_838;PROD_43;1;1
CORD_ORD_838;PROD_47;1;1
CORD_ORD_839;PROD_11;1;1
CORD_ORD_839;PROD_12;1;1
CORD_ORD_839;PROD_16;1;1
CORD_ORD_839;PROD_17;1;1
CORD_ORD_839;PROD_18;1;1
CORD_ORD_839;PROD_2;1;1
CORD_ORD_839;PROD_25;1;1
CORD_ORD_839;PROD_26;1;1
CORD_ORD_839;PROD_27;1;1
CORD_ORD_839;PROD_34;1;1
CORD_ORD_839;PROD_35;1;1
CORD_ORD_839;PROD_40;1;1
CORD_ORD_839;PROD_41;1;1
CORD_ORD_839;PROD_47;1;1
CORD_ORD_839;PROD_48;1;1
CORD_ORD_839;PROD_49;1;1
CORD_ORD_839;PROD_5;1;1
CORD_ORD_839;PROD_7;1;1
CORD_ORD_840;PROD_1;1;1
CORD_ORD_840;PROD_10;1;1
CORD_ORD_840;PROD_21;1;1
CORD_ORD_840;PROD_24;1;1
CORD_ORD_840;PROD_29;1;1
CORD_ORD_840;PROD_3;1;1
CORD_ORD_840;PROD_30;1;1
CORD_ORD_840;PROD_31;1;1
CORD_ORD_840;PROD_36;1;1
CORD_ORD_840;PROD_43;1;1
CORD_ORD_840;PROD_46;1;1
CORD_ORD_840;PROD_8;1;1
CORD_ORD_841;PROD_10;1;1
CORD_ORD_841;PROD_11;1;1
CORD_ORD_841;PROD_12;1;1
CORD_ORD_841;PROD_13;1;1
CORD_ORD_841;PROD_15;1;1
CORD_ORD_841;PROD_17;1;1
CORD_ORD_841;PROD_20;1;1
CORD_ORD_841;PROD_26;1;1
CORD_ORD_841;PROD_27;1;1
CORD_ORD_841;PROD_29;1;1
CORD_ORD_841;PROD_31;1;1
CORD_ORD_841;PROD_32;1;1
CORD_ORD_841;PROD_33;1;1
CORD_ORD_841;PROD_37;1;1
CORD_ORD_841;PROD_39;1;1
CORD_ORD_841;PROD_40;1;1
CORD_ORD_841;PROD_41;1;1
CORD_ORD_841;PROD_43;1;1
CORD_ORD_841;PROD_44;1;1
CORD_ORD_841;PROD_47;1;1
CORD_ORD_841;PROD_48;1;1
CORD_ORD_841;PROD_49;1;1
CORD_ORD_842;PROD_10;1;1
CORD_ORD_842;PROD_15;1;1
CORD_ORD_842;PROD_23;1;1
CORD_ORD_842;PROD_32;1;1
CORD_ORD_842;PROD_34;1;1
CORD_ORD_842;PROD_37;1;1
CORD_ORD_842;PROD_38;1;1
CORD_ORD_842;PROD_4;1;1
CORD_ORD_842;PROD_42;1;1
CORD_ORD_842;PROD_43;1;1
CORD_ORD_842;PROD_44;1;1
CORD_ORD_842;PROD_5;1;1
CORD_ORD_843;PROD_19;1;1
CORD_ORD_843;PROD_21;1;1
CORD_ORD_843;PROD_24;1;1
CORD_ORD_843;PROD_29;1;1
CORD_ORD_843;PROD_31;1;1
CORD_ORD_843;PROD_37;1;1
CORD_ORD_843;PROD_40;1;1
CORD_ORD_843;PROD_44;1;1
CORD_ORD_843;PROD_45;1;1
CORD_ORD_843;PROD_47;1;1
CORD_ORD_844;PROD_11;1;1
CORD_ORD_844;PROD_12;1;1
CORD_ORD_844;PROD_15;1;1
CORD_ORD_844;PROD_17;1;1
CORD_ORD_844;PROD_18;1;1
CORD_ORD_844;PROD_19;1;1
CORD_ORD_844;PROD_2;1;1
CORD_ORD_844;PROD_26;1;1
CORD_ORD_844;PROD_29;1;1
CORD_ORD_844;PROD_31;1;1
CORD_ORD_844;PROD_32;1;1
CORD_ORD_844;PROD_38;1;1
CORD_ORD_844;PROD_4;1;1
CORD_ORD_844;PROD_41;1;1
CORD_ORD_844;PROD_45;1;1
CORD_ORD_844;PROD_48;1;1
CORD_ORD_845;PROD_11;1;1
CORD_ORD_845;PROD_14;1;1
CORD_ORD_845;PROD_15;1;1
CORD_ORD_845;PROD_18;1;1
CORD_ORD_845;PROD_2;1;1
CORD_ORD_845;PROD_22;1;1
CORD_ORD_845;PROD_28;1;1
CORD_ORD_845;PROD_29;1;1
CORD_ORD_845;PROD_31;1;1
CORD_ORD_845;PROD_32;1;1
CORD_ORD_845;PROD_36;1;1
CORD_ORD_845;PROD_46;1;1
CORD_ORD_845;PROD_48;1;1
CORD_ORD_845;PROD_50;1;1
CORD_ORD_845;PROD_6;1;1
CORD_ORD_845;PROD_9;1;1
CORD_ORD_846;PROD_10;1;1
CORD_ORD_846;PROD_11;1;1
CORD_ORD_846;PROD_15;1;1
CORD_ORD_846;PROD_22;1;1
CORD_ORD_846;PROD_27;1;1
CORD_ORD_846;PROD_28;1;1
CORD_ORD_846;PROD_29;1;1
CORD_ORD_846;PROD_30;1;1
CORD_ORD_846;PROD_31;1;1
CORD_ORD_846;PROD_32;1;1
CORD_ORD_846;PROD_43;1;1
CORD_ORD_846;PROD_48;1;1
CORD_ORD_846;PROD_49;1;1
CORD_ORD_846;PROD_50;1;1
CORD_ORD_846;PROD_6;1;1
CORD_ORD_846;PROD_8;1;1
CORD_ORD_847;PROD_13;1;1
CORD_ORD_847;PROD_14;1;1
CORD_ORD_847;PROD_17;1;1
CORD_ORD_847;PROD_22;1;1
CORD_ORD_847;PROD_28;1;1
CORD_ORD_847;PROD_33;1;1
CORD_ORD_847;PROD_34;1;1
CORD_ORD_847;PROD_35;1;1
CORD_ORD_847;PROD_36;1;1
CORD_ORD_847;PROD_41;1;1
CORD_ORD_847;PROD_46;1;1
CORD_ORD_847;PROD_5;1;1
CORD_ORD_847;PROD_50;1;1
CORD_ORD_847;PROD_6;1;1
CORD_ORD_847;PROD_7;1;1
CORD_ORD_847;PROD_9;1;1
CORD_ORD_848;PROD_13;1;1
CORD_ORD_848;PROD_15;1;1
CORD_ORD_848;PROD_18;1;1
CORD_ORD_848;PROD_19;1;1
CORD_ORD_848;PROD_2;1;1
CORD_ORD_848;PROD_20;1;1
CORD_ORD_848;PROD_23;1;1
CORD_ORD_848;PROD_27;1;1
CORD_ORD_848;PROD_29;1;1
CORD_ORD_848;PROD_31;1;1
CORD_ORD_848;PROD_32;1;1
CORD_ORD_848;PROD_33;1;1
CORD_ORD_848;PROD_34;1;1
CORD_ORD_848;PROD_35;1;1
CORD_ORD_848;PROD_39;1;1
CORD_ORD_848;PROD_42;1;1
CORD_ORD_848;PROD_45;1;1
CORD_ORD_848;PROD_49;1;1
CORD_ORD_848;PROD_5;1;1
CORD_ORD_848;PROD_7;1;1
CORD_ORD_849;PROD_10;1;1
CORD_ORD_849;PROD_12;1;1
CORD_ORD_849;PROD_14;1;1
CORD_ORD_849;PROD_26;1;1
CORD_ORD_849;PROD_35;1;1
CORD_ORD_849;PROD_37;1;1
CORD_ORD_849;PROD_38;1;1
CORD_ORD_849;PROD_4;1;1
CORD_ORD_849;PROD_43;1;1
CORD_ORD_849;PROD_44;1;1
CORD_ORD_849;PROD_7;1;1
CORD_ORD_849;PROD_9;1;1
CORD_ORD_850;PROD_10;1;1
CORD_ORD_850;PROD_11;1;1
CORD_ORD_850;PROD_12;1;1
CORD_ORD_850;PROD_14;1;1
CORD_ORD_850;PROD_18;1;1
CORD_ORD_850;PROD_2;1;1
CORD_ORD_850;PROD_21;1;1
CORD_ORD_850;PROD_24;1;1
CORD_ORD_850;PROD_26;1;1
CORD_ORD_850;PROD_36;1;1
CORD_ORD_850;PROD_40;1;1
CORD_ORD_850;PROD_43;1;1
CORD_ORD_850;PROD_46;1;1
CORD_ORD_850;PROD_47;1;1
CORD_ORD_850;PROD_48;1;1
CORD_ORD_850;PROD_9;1;1
CORD_ORD_851;PROD_10;1;1
CORD_ORD_851;PROD_11;1;1
CORD_ORD_851;PROD_13;1;1
CORD_ORD_851;PROD_15;1;1
CORD_ORD_851;PROD_20;1;1
CORD_ORD_851;PROD_21;1;1
CORD_ORD_851;PROD_23;1;1
CORD_ORD_851;PROD_24;1;1
CORD_ORD_851;PROD_30;1;1
CORD_ORD_851;PROD_32;1;1
CORD_ORD_851;PROD_33;1;1
CORD_ORD_851;PROD_35;1;1
CORD_ORD_851;PROD_39;1;1
CORD_ORD_851;PROD_42;1;1
CORD_ORD_851;PROD_43;1;1
CORD_ORD_851;PROD_48;1;1
CORD_ORD_851;PROD_7;1;1
CORD_ORD_851;PROD_8;1;1
CORD_ORD_852;PROD_10;1;1
CORD_ORD_852;PROD_12;1;1
CORD_ORD_852;PROD_26;1;1
CORD_ORD_852;PROD_30;1;1
CORD_ORD_852;PROD_38;1;1
CORD_ORD_852;PROD_4;1;1
CORD_ORD_852;PROD_43;1;1
CORD_ORD_852;PROD_8;1;1
CORD_ORD_853;PROD_1;1;1
CORD_ORD_853;PROD_16;1;1
CORD_ORD_853;PROD_21;1;1
CORD_ORD_853;PROD_22;1;1
CORD_ORD_853;PROD_24;1;1
CORD_ORD_853;PROD_25;1;1
CORD_ORD_853;PROD_28;1;1
CORD_ORD_853;PROD_3;1;1
CORD_ORD_854;PROD_10;1;1
CORD_ORD_854;PROD_11;1;1
CORD_ORD_854;PROD_22;1;1
CORD_ORD_854;PROD_28;1;1
CORD_ORD_854;PROD_37;1;1
CORD_ORD_854;PROD_43;1;1
CORD_ORD_854;PROD_44;1;1
CORD_ORD_854;PROD_48;1;1
CORD_ORD_855;PROD_10;1;1
CORD_ORD_855;PROD_11;1;1
CORD_ORD_855;PROD_15;1;1
CORD_ORD_855;PROD_27;1;1
CORD_ORD_855;PROD_29;1;1
CORD_ORD_855;PROD_31;1;1
CORD_ORD_855;PROD_32;1;1
CORD_ORD_855;PROD_43;1;1
CORD_ORD_855;PROD_48;1;1
CORD_ORD_855;PROD_49;1;1
CORD_ORD_856;PROD_1;1;1
CORD_ORD_856;PROD_13;1;1
CORD_ORD_856;PROD_14;1;1
CORD_ORD_856;PROD_16;1;1
CORD_ORD_856;PROD_21;1;1
CORD_ORD_856;PROD_24;1;1
CORD_ORD_856;PROD_25;1;1
CORD_ORD_856;PROD_3;1;1
CORD_ORD_856;PROD_33;1;1
CORD_ORD_856;PROD_36;1;1
CORD_ORD_856;PROD_46;1;1
CORD_ORD_856;PROD_9;1;1
CORD_ORD_857;PROD_1;1;1
CORD_ORD_857;PROD_18;1;1
CORD_ORD_857;PROD_2;1;1
CORD_ORD_857;PROD_3;1;1
CORD_ORD_857;PROD_36;1;1
CORD_ORD_857;PROD_37;1;1
CORD_ORD_857;PROD_44;1;1
CORD_ORD_857;PROD_46;1;1
CORD_ORD_858;PROD_1;1;1
CORD_ORD_858;PROD_10;1;1
CORD_ORD_858;PROD_12;1;1
CORD_ORD_858;PROD_14;1;1
CORD_ORD_858;PROD_15;1;1
CORD_ORD_858;PROD_16;1;1
CORD_ORD_858;PROD_21;1;1
CORD_ORD_858;PROD_23;1;1
CORD_ORD_858;PROD_24;1;1
CORD_ORD_858;PROD_25;1;1
CORD_ORD_858;PROD_26;1;1
CORD_ORD_858;PROD_3;1;1
CORD_ORD_858;PROD_32;1;1
CORD_ORD_858;PROD_34;1;1
CORD_ORD_858;PROD_35;1;1
CORD_ORD_858;PROD_37;1;1
CORD_ORD_858;PROD_38;1;1
CORD_ORD_858;PROD_4;1;1
CORD_ORD_858;PROD_42;1;1
CORD_ORD_858;PROD_43;1;1
CORD_ORD_858;PROD_44;1;1
CORD_ORD_858;PROD_5;1;1
CORD_ORD_858;PROD_7;1;1
CORD_ORD_858;PROD_9;1;1
CORD_ORD_859;PROD_1;1;1
CORD_ORD_859;PROD_18;1;1
CORD_ORD_859;PROD_2;1;1
CORD_ORD_859;PROD_21;1;1
CORD_ORD_859;PROD_22;1;1
CORD_ORD_859;PROD_24;1;1
CORD_ORD_859;PROD_28;1;1
CORD_ORD_859;PROD_3;1;1
CORD_ORD_859;PROD_34;1;1
CORD_ORD_859;PROD_5;1;1
CORD_ORD_860;PROD_10;1;1
CORD_ORD_860;PROD_14;1;1
CORD_ORD_860;PROD_30;1;1
CORD_ORD_860;PROD_35;1;1
CORD_ORD_860;PROD_43;1;1
CORD_ORD_860;PROD_7;1;1
CORD_ORD_860;PROD_8;1;1
CORD_ORD_860;PROD_9;1;1
CORD_ORD_861;PROD_10;1;1
CORD_ORD_861;PROD_11;1;1
CORD_ORD_861;PROD_14;1;1
CORD_ORD_861;PROD_22;1;1
CORD_ORD_861;PROD_28;1;1
CORD_ORD_861;PROD_37;1;1
CORD_ORD_861;PROD_43;1;1
CORD_ORD_861;PROD_44;1;1
CORD_ORD_861;PROD_48;1;1
CORD_ORD_861;PROD_9;1;1
CORD_ORD_862;PROD_11;1;1
CORD_ORD_862;PROD_15;1;1
CORD_ORD_862;PROD_27;1;1
CORD_ORD_862;PROD_29;1;1
CORD_ORD_862;PROD_31;1;1
CORD_ORD_862;PROD_32;1;1
CORD_ORD_862;PROD_48;1;1
CORD_ORD_862;PROD_49;1;1
CORD_ORD_863;PROD_11;1;1
CORD_ORD_863;PROD_13;1;1
CORD_ORD_863;PROD_15;1;1
CORD_ORD_863;PROD_19;1;1
CORD_ORD_863;PROD_23;1;1
CORD_ORD_863;PROD_30;1;1
CORD_ORD_863;PROD_32;1;1
CORD_ORD_863;PROD_33;1;1
CORD_ORD_863;PROD_37;1;1
CORD_ORD_863;PROD_38;1;1
CORD_ORD_863;PROD_4;1;1
CORD_ORD_863;PROD_42;1;1
CORD_ORD_863;PROD_44;1;1
CORD_ORD_863;PROD_45;1;1
CORD_ORD_863;PROD_48;1;1
CORD_ORD_863;PROD_8;1;1
CORD_ORD_864;PROD_1;1;1
CORD_ORD_864;PROD_10;1;1
CORD_ORD_864;PROD_3;1;1
CORD_ORD_864;PROD_30;1;1
CORD_ORD_864;PROD_36;1;1
CORD_ORD_864;PROD_43;1;1
CORD_ORD_864;PROD_46;1;1
CORD_ORD_864;PROD_8;1;1
CORD_ORD_865;PROD_1;1;1
CORD_ORD_865;PROD_10;1;1
CORD_ORD_865;PROD_15;1;1
CORD_ORD_865;PROD_18;1;1
CORD_ORD_865;PROD_2;1;1
CORD_ORD_865;PROD_29;1;1
CORD_ORD_865;PROD_3;1;1
CORD_ORD_865;PROD_30;1;1
CORD_ORD_865;PROD_31;1;1
CORD_ORD_865;PROD_32;1;1
CORD_ORD_865;PROD_36;1;1
CORD_ORD_865;PROD_40;1;1
CORD_ORD_865;PROD_43;1;1
CORD_ORD_865;PROD_46;1;1
CORD_ORD_865;PROD_47;1;1
CORD_ORD_865;PROD_8;1;1
CORD_ORD_866;PROD_12;1;1
CORD_ORD_866;PROD_26;1;1
CORD_ORD_866;PROD_35;1;1
CORD_ORD_866;PROD_38;1;1
CORD_ORD_866;PROD_4;1;1
CORD_ORD_866;PROD_7;1;1
CORD_ORD_867;PROD_1;1;1
CORD_ORD_867;PROD_10;1;1
CORD_ORD_867;PROD_14;1;1
CORD_ORD_867;PROD_17;1;1
CORD_ORD_867;PROD_18;1;1
CORD_ORD_867;PROD_2;1;1
CORD_ORD_867;PROD_21;1;1
CORD_ORD_867;PROD_22;1;1
CORD_ORD_867;PROD_24;1;1
CORD_ORD_867;PROD_27;1;1
CORD_ORD_867;PROD_28;1;1
CORD_ORD_867;PROD_29;1;1
CORD_ORD_867;PROD_3;1;1
CORD_ORD_867;PROD_30;1;1
CORD_ORD_867;PROD_31;1;1
CORD_ORD_867;PROD_35;1;1
CORD_ORD_867;PROD_36;1;1
CORD_ORD_867;PROD_41;1;1
CORD_ORD_867;PROD_43;1;1
CORD_ORD_867;PROD_46;1;1
CORD_ORD_867;PROD_49;1;1
CORD_ORD_867;PROD_7;1;1
CORD_ORD_867;PROD_8;1;1
CORD_ORD_867;PROD_9;1;1
CORD_ORD_868;PROD_1;1;1
CORD_ORD_868;PROD_10;1;1
CORD_ORD_868;PROD_12;1;1
CORD_ORD_868;PROD_21;1;1
CORD_ORD_868;PROD_22;1;1
CORD_ORD_868;PROD_24;1;1
CORD_ORD_868;PROD_26;1;1
CORD_ORD_868;PROD_28;1;1
CORD_ORD_868;PROD_3;1;1
CORD_ORD_868;PROD_30;1;1
CORD_ORD_868;PROD_36;1;1
CORD_ORD_868;PROD_43;1;1
CORD_ORD_868;PROD_46;1;1
CORD_ORD_868;PROD_8;1;1
CORD_ORD_869;PROD_10;1;1
CORD_ORD_869;PROD_11;1;1
CORD_ORD_869;PROD_12;1;1
CORD_ORD_869;PROD_14;1;1
CORD_ORD_869;PROD_15;1;1
CORD_ORD_869;PROD_21;1;1
CORD_ORD_869;PROD_24;1;1
CORD_ORD_869;PROD_26;1;1
CORD_ORD_869;PROD_27;1;1
CORD_ORD_869;PROD_29;1;1
CORD_ORD_869;PROD_31;1;1
CORD_ORD_869;PROD_32;1;1
CORD_ORD_869;PROD_36;1;1
CORD_ORD_869;PROD_43;1;1
CORD_ORD_869;PROD_46;1;1
CORD_ORD_869;PROD_48;1;1
CORD_ORD_869;PROD_49;1;1
CORD_ORD_869;PROD_50;1;1
CORD_ORD_869;PROD_6;1;1
CORD_ORD_869;PROD_9;1;1
CORD_ORD_870;PROD_11;1;1
CORD_ORD_870;PROD_15;1;1
CORD_ORD_870;PROD_27;1;1
CORD_ORD_870;PROD_29;1;1
CORD_ORD_870;PROD_31;1;1
CORD_ORD_870;PROD_32;1;1
CORD_ORD_870;PROD_36;1;1
CORD_ORD_870;PROD_46;1;1
CORD_ORD_870;PROD_48;1;1
CORD_ORD_870;PROD_49;1;1
CORD_ORD_871;PROD_12;1;1
CORD_ORD_871;PROD_13;1;1
CORD_ORD_871;PROD_16;1;1
CORD_ORD_871;PROD_25;1;1
CORD_ORD_871;PROD_26;1;1
CORD_ORD_871;PROD_33;1;1
CORD_ORD_871;PROD_40;1;1
CORD_ORD_871;PROD_47;1;1
CORD_ORD_872;PROD_11;1;1
CORD_ORD_872;PROD_14;1;1
CORD_ORD_872;PROD_21;1;1
CORD_ORD_872;PROD_24;1;1
CORD_ORD_872;PROD_30;1;1
CORD_ORD_872;PROD_35;1;1
CORD_ORD_872;PROD_40;1;1
CORD_ORD_872;PROD_47;1;1
CORD_ORD_872;PROD_48;1;1
CORD_ORD_872;PROD_7;1;1
CORD_ORD_872;PROD_8;1;1
CORD_ORD_872;PROD_9;1;1
CORD_ORD_873;PROD_11;1;1
CORD_ORD_873;PROD_15;1;1
CORD_ORD_873;PROD_16;1;1
CORD_ORD_873;PROD_18;1;1
CORD_ORD_873;PROD_2;1;1
CORD_ORD_873;PROD_22;1;1
CORD_ORD_873;PROD_25;1;1
CORD_ORD_873;PROD_28;1;1
CORD_ORD_873;PROD_32;1;1
CORD_ORD_873;PROD_35;1;1
CORD_ORD_873;PROD_38;1;1
CORD_ORD_873;PROD_4;1;1
CORD_ORD_873;PROD_48;1;1
CORD_ORD_873;PROD_7;1;1
CORD_ORD_874;PROD_10;1;1
CORD_ORD_874;PROD_12;1;1
CORD_ORD_874;PROD_20;1;1
CORD_ORD_874;PROD_21;1;1
CORD_ORD_874;PROD_22;1;1
CORD_ORD_874;PROD_23;1;1
CORD_ORD_874;PROD_24;1;1
CORD_ORD_874;PROD_26;1;1
CORD_ORD_874;PROD_28;1;1
CORD_ORD_874;PROD_29;1;1
CORD_ORD_874;PROD_30;1;1
CORD_ORD_874;PROD_31;1;1
CORD_ORD_874;PROD_36;1;1
CORD_ORD_874;PROD_39;1;1
CORD_ORD_874;PROD_42;1;1
CORD_ORD_874;PROD_43;1;1
CORD_ORD_874;PROD_46;1;1
CORD_ORD_874;PROD_8;1;1
CORD_ORD_875;PROD_11;1;1
CORD_ORD_875;PROD_13;1;1
CORD_ORD_875;PROD_19;1;1
CORD_ORD_875;PROD_33;1;1
CORD_ORD_875;PROD_37;1;1
CORD_ORD_875;PROD_44;1;1
CORD_ORD_875;PROD_45;1;1
CORD_ORD_875;PROD_48;1;1
CORD_ORD_876;PROD_23;1;1
CORD_ORD_876;PROD_29;1;1
CORD_ORD_876;PROD_30;1;1
CORD_ORD_876;PROD_31;1;1
CORD_ORD_876;PROD_36;1;1
CORD_ORD_876;PROD_37;1;1
CORD_ORD_876;PROD_40;1;1
CORD_ORD_876;PROD_42;1;1
CORD_ORD_876;PROD_44;1;1
CORD_ORD_876;PROD_46;1;1
CORD_ORD_876;PROD_47;1;1
CORD_ORD_876;PROD_50;1;1
CORD_ORD_876;PROD_6;1;1
CORD_ORD_876;PROD_8;1;1
CORD_ORD_877;PROD_10;1;1
CORD_ORD_877;PROD_12;1;1
CORD_ORD_877;PROD_13;1;1
CORD_ORD_877;PROD_14;1;1
CORD_ORD_877;PROD_20;1;1
CORD_ORD_877;PROD_21;1;1
CORD_ORD_877;PROD_23;1;1
CORD_ORD_877;PROD_24;1;1
CORD_ORD_877;PROD_26;1;1
CORD_ORD_877;PROD_33;1;1
CORD_ORD_877;PROD_35;1;1
CORD_ORD_877;PROD_36;1;1
CORD_ORD_877;PROD_37;1;1
CORD_ORD_877;PROD_39;1;1
CORD_ORD_877;PROD_42;1;1
CORD_ORD_877;PROD_43;1;1
CORD_ORD_877;PROD_44;1;1
CORD_ORD_877;PROD_46;1;1
CORD_ORD_877;PROD_7;1;1
CORD_ORD_877;PROD_9;1;1
CORD_ORD_878;PROD_11;1;1
CORD_ORD_878;PROD_15;1;1
CORD_ORD_878;PROD_17;1;1
CORD_ORD_878;PROD_22;1;1
CORD_ORD_878;PROD_23;1;1
CORD_ORD_878;PROD_28;1;1
CORD_ORD_878;PROD_29;1;1
CORD_ORD_878;PROD_31;1;1
CORD_ORD_878;PROD_32;1;1
CORD_ORD_878;PROD_35;1;1
CORD_ORD_878;PROD_36;1;1
CORD_ORD_878;PROD_41;1;1
CORD_ORD_878;PROD_42;1;1
CORD_ORD_878;PROD_46;1;1
CORD_ORD_878;PROD_48;1;1
CORD_ORD_878;PROD_50;1;1
CORD_ORD_878;PROD_6;1;1
CORD_ORD_878;PROD_7;1;1
CORD_ORD_879;PROD_1;1;1
CORD_ORD_879;PROD_10;1;1
CORD_ORD_879;PROD_14;1;1
CORD_ORD_879;PROD_18;1;1
CORD_ORD_879;PROD_2;1;1
CORD_ORD_879;PROD_27;1;1
CORD_ORD_879;PROD_29;1;1
CORD_ORD_879;PROD_3;1;1
CORD_ORD_879;PROD_30;1;1
CORD_ORD_879;PROD_31;1;1
CORD_ORD_879;PROD_36;1;1
CORD_ORD_879;PROD_38;1;1
CORD_ORD_879;PROD_4;1;1
CORD_ORD_879;PROD_40;1;1
CORD_ORD_879;PROD_43;1;1
CORD_ORD_879;PROD_46;1;1
CORD_ORD_879;PROD_47;1;1
CORD_ORD_879;PROD_49;1;1
CORD_ORD_879;PROD_50;1;1
CORD_ORD_879;PROD_6;1;1
CORD_ORD_879;PROD_8;1;1
CORD_ORD_879;PROD_9;1;1
CORD_ORD_880;PROD_1;1;1
CORD_ORD_880;PROD_13;1;1
CORD_ORD_880;PROD_16;1;1
CORD_ORD_880;PROD_19;1;1
CORD_ORD_880;PROD_22;1;1
CORD_ORD_880;PROD_25;1;1
CORD_ORD_880;PROD_28;1;1
CORD_ORD_880;PROD_3;1;1
CORD_ORD_880;PROD_33;1;1
CORD_ORD_880;PROD_37;1;1
CORD_ORD_880;PROD_44;1;1
CORD_ORD_880;PROD_45;1;1
CORD_ORD_881;PROD_1;1;1
CORD_ORD_881;PROD_10;1;1
CORD_ORD_881;PROD_11;1;1
CORD_ORD_881;PROD_12;1;1
CORD_ORD_881;PROD_13;1;1
CORD_ORD_881;PROD_19;1;1
CORD_ORD_881;PROD_26;1;1
CORD_ORD_881;PROD_3;1;1
CORD_ORD_881;PROD_30;1;1
CORD_ORD_881;PROD_33;1;1
CORD_ORD_881;PROD_36;1;1
CORD_ORD_881;PROD_37;1;1
CORD_ORD_881;PROD_38;1;1
CORD_ORD_881;PROD_4;1;1
CORD_ORD_881;PROD_43;1;1
CORD_ORD_881;PROD_44;1;1
CORD_ORD_881;PROD_45;1;1
CORD_ORD_881;PROD_46;1;1
CORD_ORD_881;PROD_48;1;1
CORD_ORD_881;PROD_8;1;1
CORD_ORD_882;PROD_1;1;1
CORD_ORD_882;PROD_10;1;1
CORD_ORD_882;PROD_11;1;1
CORD_ORD_882;PROD_14;1;1
CORD_ORD_882;PROD_23;1;1
CORD_ORD_882;PROD_27;1;1
CORD_ORD_882;PROD_3;1;1
CORD_ORD_882;PROD_30;1;1
CORD_ORD_882;PROD_37;1;1
CORD_ORD_882;PROD_40;1;1
CORD_ORD_882;PROD_42;1;1
CORD_ORD_882;PROD_43;1;1
CORD_ORD_882;PROD_44;1;1
CORD_ORD_882;PROD_47;1;1
CORD_ORD_882;PROD_48;1;1
CORD_ORD_882;PROD_49;1;1
CORD_ORD_882;PROD_50;1;1
CORD_ORD_882;PROD_6;1;1
CORD_ORD_882;PROD_8;1;1
CORD_ORD_882;PROD_9;1;1
CORD_ORD_883;PROD_1;1;1
CORD_ORD_883;PROD_11;1;1
CORD_ORD_883;PROD_13;1;1
CORD_ORD_883;PROD_19;1;1
CORD_ORD_883;PROD_27;1;1
CORD_ORD_883;PROD_3;1;1
CORD_ORD_883;PROD_33;1;1
CORD_ORD_883;PROD_34;1;1
CORD_ORD_883;PROD_35;1;1
CORD_ORD_883;PROD_37;1;1
CORD_ORD_883;PROD_44;1;1
CORD_ORD_883;PROD_45;1;1
CORD_ORD_883;PROD_48;1;1
CORD_ORD_883;PROD_49;1;1
CORD_ORD_883;PROD_5;1;1
CORD_ORD_883;PROD_7;1;1
CORD_ORD_884;PROD_10;1;1
CORD_ORD_884;PROD_12;1;1
CORD_ORD_884;PROD_20;1;1
CORD_ORD_884;PROD_21;1;1
CORD_ORD_884;PROD_24;1;1
CORD_ORD_884;PROD_26;1;1
CORD_ORD_884;PROD_30;1;1
CORD_ORD_884;PROD_36;1;1
CORD_ORD_884;PROD_38;1;1
CORD_ORD_884;PROD_39;1;1
CORD_ORD_884;PROD_4;1;1
CORD_ORD_884;PROD_43;1;1
CORD_ORD_884;PROD_46;1;1
CORD_ORD_884;PROD_8;1;1
CORD_ORD_885;PROD_1;1;1
CORD_ORD_885;PROD_10;1;1
CORD_ORD_885;PROD_14;1;1
CORD_ORD_885;PROD_18;1;1
CORD_ORD_885;PROD_2;1;1
CORD_ORD_885;PROD_3;1;1
CORD_ORD_885;PROD_35;1;1
CORD_ORD_885;PROD_36;1;1
CORD_ORD_885;PROD_37;1;1
CORD_ORD_885;PROD_43;1;1
CORD_ORD_885;PROD_44;1;1
CORD_ORD_885;PROD_46;1;1
CORD_ORD_885;PROD_7;1;1
CORD_ORD_885;PROD_9;1;1
CORD_ORD_886;PROD_20;1;1
CORD_ORD_886;PROD_30;1;1
CORD_ORD_886;PROD_36;1;1
CORD_ORD_886;PROD_38;1;1
CORD_ORD_886;PROD_39;1;1
CORD_ORD_886;PROD_4;1;1
CORD_ORD_886;PROD_46;1;1
CORD_ORD_886;PROD_8;1;1
CORD_ORD_887;PROD_10;1;1
CORD_ORD_887;PROD_11;1;1
CORD_ORD_887;PROD_15;1;1
CORD_ORD_887;PROD_17;1;1
CORD_ORD_887;PROD_21;1;1
CORD_ORD_887;PROD_24;1;1
CORD_ORD_887;PROD_27;1;1
CORD_ORD_887;PROD_29;1;1
CORD_ORD_887;PROD_30;1;1
CORD_ORD_887;PROD_31;1;1
CORD_ORD_887;PROD_32;1;1
CORD_ORD_887;PROD_34;1;1
CORD_ORD_887;PROD_36;1;1
CORD_ORD_887;PROD_41;1;1
CORD_ORD_887;PROD_43;1;1
CORD_ORD_887;PROD_46;1;1
CORD_ORD_887;PROD_48;1;1
CORD_ORD_887;PROD_49;1;1
CORD_ORD_887;PROD_5;1;1
CORD_ORD_887;PROD_8;1;1
CORD_ORD_888;PROD_1;1;1
CORD_ORD_888;PROD_10;1;1
CORD_ORD_888;PROD_12;1;1
CORD_ORD_888;PROD_15;1;1
CORD_ORD_888;PROD_21;1;1
CORD_ORD_888;PROD_24;1;1
CORD_ORD_888;PROD_26;1;1
CORD_ORD_888;PROD_29;1;1
CORD_ORD_888;PROD_3;1;1
CORD_ORD_888;PROD_31;1;1
CORD_ORD_888;PROD_32;1;1
CORD_ORD_888;PROD_40;1;1
CORD_ORD_888;PROD_43;1;1
CORD_ORD_888;PROD_47;1;1
CORD_ORD_889;PROD_1;1;1
CORD_ORD_889;PROD_10;1;1
CORD_ORD_889;PROD_15;1;1
CORD_ORD_889;PROD_16;1;1
CORD_ORD_889;PROD_19;1;1
CORD_ORD_889;PROD_25;1;1
CORD_ORD_889;PROD_29;1;1
CORD_ORD_889;PROD_3;1;1
CORD_ORD_889;PROD_30;1;1
CORD_ORD_889;PROD_31;1;1
CORD_ORD_889;PROD_32;1;1
CORD_ORD_889;PROD_40;1;1
CORD_ORD_889;PROD_43;1;1
CORD_ORD_889;PROD_45;1;1
CORD_ORD_889;PROD_47;1;1
CORD_ORD_889;PROD_8;1;1
CORD_ORD_890;PROD_10;1;1
CORD_ORD_890;PROD_11;1;1
CORD_ORD_890;PROD_14;1;1
CORD_ORD_890;PROD_18;1;1
CORD_ORD_890;PROD_2;1;1
CORD_ORD_890;PROD_20;1;1
CORD_ORD_890;PROD_22;1;1
CORD_ORD_890;PROD_28;1;1
CORD_ORD_890;PROD_30;1;1
CORD_ORD_890;PROD_36;1;1
CORD_ORD_890;PROD_37;1;1
CORD_ORD_890;PROD_38;1;1
CORD_ORD_890;PROD_39;1;1
CORD_ORD_890;PROD_4;1;1
CORD_ORD_890;PROD_43;1;1
CORD_ORD_890;PROD_44;1;1
CORD_ORD_890;PROD_46;1;1
CORD_ORD_890;PROD_48;1;1
CORD_ORD_890;PROD_8;1;1
CORD_ORD_890;PROD_9;1;1
CORD_ORD_891;PROD_1;1;1
CORD_ORD_891;PROD_10;1;1
CORD_ORD_891;PROD_18;1;1
CORD_ORD_891;PROD_19;1;1
CORD_ORD_891;PROD_2;1;1
CORD_ORD_891;PROD_22;1;1
CORD_ORD_891;PROD_28;1;1
CORD_ORD_891;PROD_3;1;1
CORD_ORD_891;PROD_35;1;1
CORD_ORD_891;PROD_36;1;1
CORD_ORD_891;PROD_37;1;1
CORD_ORD_891;PROD_43;1;1
CORD_ORD_891;PROD_44;1;1
CORD_ORD_891;PROD_45;1;1
CORD_ORD_891;PROD_46;1;1
CORD_ORD_891;PROD_7;1;1
CORD_ORD_892;PROD_1;1;1
CORD_ORD_892;PROD_10;1;1
CORD_ORD_892;PROD_3;1;1
CORD_ORD_892;PROD_30;1;1
CORD_ORD_892;PROD_36;1;1
CORD_ORD_892;PROD_43;1;1
CORD_ORD_892;PROD_46;1;1
CORD_ORD_892;PROD_8;1;1
CORD_ORD_893;PROD_13;1;1
CORD_ORD_893;PROD_16;1;1
CORD_ORD_893;PROD_17;1;1
CORD_ORD_893;PROD_25;1;1
CORD_ORD_893;PROD_27;1;1
CORD_ORD_893;PROD_29;1;1
CORD_ORD_893;PROD_31;1;1
CORD_ORD_893;PROD_33;1;1
CORD_ORD_893;PROD_37;1;1
CORD_ORD_893;PROD_41;1;1
CORD_ORD_893;PROD_44;1;1
CORD_ORD_893;PROD_49;1;1
CORD_ORD_894;PROD_10;1;1
CORD_ORD_894;PROD_14;1;1
CORD_ORD_894;PROD_15;1;1
CORD_ORD_894;PROD_32;1;1
CORD_ORD_894;PROD_35;1;1
CORD_ORD_894;PROD_43;1;1
CORD_ORD_894;PROD_7;1;1
CORD_ORD_894;PROD_9;1;1
CORD_ORD_895;PROD_11;1;1
CORD_ORD_895;PROD_13;1;1
CORD_ORD_895;PROD_15;1;1
CORD_ORD_895;PROD_19;1;1
CORD_ORD_895;PROD_20;1;1
CORD_ORD_895;PROD_32;1;1
CORD_ORD_895;PROD_33;1;1
CORD_ORD_895;PROD_38;1;1
CORD_ORD_895;PROD_39;1;1
CORD_ORD_895;PROD_4;1;1
CORD_ORD_895;PROD_45;1;1
CORD_ORD_895;PROD_48;1;1
CORD_ORD_896;PROD_10;1;1
CORD_ORD_896;PROD_15;1;1
CORD_ORD_896;PROD_20;1;1
CORD_ORD_896;PROD_30;1;1
CORD_ORD_896;PROD_32;1;1
CORD_ORD_896;PROD_34;1;1
CORD_ORD_896;PROD_36;1;1
CORD_ORD_896;PROD_38;1;1
CORD_ORD_896;PROD_39;1;1
CORD_ORD_896;PROD_4;1;1
CORD_ORD_896;PROD_43;1;1
CORD_ORD_896;PROD_46;1;1
CORD_ORD_896;PROD_5;1;1
CORD_ORD_896;PROD_8;1;1
CORD_ORD_897;PROD_10;1;1
CORD_ORD_897;PROD_12;1;1
CORD_ORD_897;PROD_15;1;1
CORD_ORD_897;PROD_26;1;1
CORD_ORD_897;PROD_32;1;1
CORD_ORD_897;PROD_34;1;1
CORD_ORD_897;PROD_38;1;1
CORD_ORD_897;PROD_4;1;1
CORD_ORD_897;PROD_43;1;1
CORD_ORD_897;PROD_5;1;1
CORD_ORD_898;PROD_1;1;1
CORD_ORD_898;PROD_10;1;1
CORD_ORD_898;PROD_15;1;1
CORD_ORD_898;PROD_29;1;1
CORD_ORD_898;PROD_3;1;1
CORD_ORD_898;PROD_30;1;1
CORD_ORD_898;PROD_31;1;1
CORD_ORD_898;PROD_32;1;1
CORD_ORD_898;PROD_36;1;1
CORD_ORD_898;PROD_40;1;1
CORD_ORD_898;PROD_43;1;1
CORD_ORD_898;PROD_46;1;1
CORD_ORD_898;PROD_47;1;1
CORD_ORD_898;PROD_8;1;1
CORD_ORD_899;PROD_1;1;1
CORD_ORD_899;PROD_10;1;1
CORD_ORD_899;PROD_11;1;1
CORD_ORD_899;PROD_16;1;1
CORD_ORD_899;PROD_22;1;1
CORD_ORD_899;PROD_25;1;1
CORD_ORD_899;PROD_28;1;1
CORD_ORD_899;PROD_3;1;1
CORD_ORD_899;PROD_37;1;1
CORD_ORD_899;PROD_43;1;1
CORD_ORD_899;PROD_44;1;1
CORD_ORD_899;PROD_48;1;1
CORD_ORD_900;PROD_11;1;1
CORD_ORD_900;PROD_15;1;1
CORD_ORD_900;PROD_27;1;1
CORD_ORD_900;PROD_29;1;1
CORD_ORD_900;PROD_31;1;1
CORD_ORD_900;PROD_32;1;1
CORD_ORD_900;PROD_48;1;1
CORD_ORD_900;PROD_49;1;1
CORD_ORD_901;PROD_1;1;1
CORD_ORD_901;PROD_11;1;1
CORD_ORD_901;PROD_14;1;1
CORD_ORD_901;PROD_18;1;1
CORD_ORD_901;PROD_2;1;1
CORD_ORD_901;PROD_20;1;1
CORD_ORD_901;PROD_21;1;1
CORD_ORD_901;PROD_23;1;1
CORD_ORD_901;PROD_24;1;1
CORD_ORD_901;PROD_3;1;1
CORD_ORD_901;PROD_30;1;1
CORD_ORD_901;PROD_36;1;1
CORD_ORD_901;PROD_37;1;1
CORD_ORD_901;PROD_38;1;1
CORD_ORD_901;PROD_39;1;1
CORD_ORD_901;PROD_4;1;1
CORD_ORD_901;PROD_42;1;1
CORD_ORD_901;PROD_44;1;1
CORD_ORD_901;PROD_46;1;1
CORD_ORD_901;PROD_48;1;1
CORD_ORD_901;PROD_8;1;1
CORD_ORD_901;PROD_9;1;1
CORD_ORD_902;PROD_13;1;1
CORD_ORD_902;PROD_15;1;1
CORD_ORD_902;PROD_16;1;1
CORD_ORD_902;PROD_19;1;1
CORD_ORD_902;PROD_25;1;1
CORD_ORD_902;PROD_29;1;1
CORD_ORD_902;PROD_31;1;1
CORD_ORD_902;PROD_32;1;1
CORD_ORD_902;PROD_33;1;1
CORD_ORD_902;PROD_34;1;1
CORD_ORD_902;PROD_38;1;1
CORD_ORD_902;PROD_4;1;1
CORD_ORD_902;PROD_45;1;1
CORD_ORD_902;PROD_5;1;1
CORD_ORD_903;PROD_12;1;1
CORD_ORD_903;PROD_13;1;1
CORD_ORD_903;PROD_17;1;1
CORD_ORD_903;PROD_20;1;1
CORD_ORD_903;PROD_21;1;1
CORD_ORD_903;PROD_23;1;1
CORD_ORD_903;PROD_24;1;1
CORD_ORD_903;PROD_26;1;1
CORD_ORD_903;PROD_30;1;1
CORD_ORD_903;PROD_33;1;1
CORD_ORD_903;PROD_36;1;1
CORD_ORD_903;PROD_37;1;1
CORD_ORD_903;PROD_38;1;1
CORD_ORD_903;PROD_39;1;1
CORD_ORD_903;PROD_4;1;1
CORD_ORD_903;PROD_41;1;1
CORD_ORD_903;PROD_42;1;1
CORD_ORD_903;PROD_44;1;1
CORD_ORD_903;PROD_46;1;1
CORD_ORD_903;PROD_8;1;1
CORD_ORD_904;PROD_10;1;1
CORD_ORD_904;PROD_12;1;1
CORD_ORD_904;PROD_15;1;1
CORD_ORD_904;PROD_16;1;1
CORD_ORD_904;PROD_21;1;1
CORD_ORD_904;PROD_22;1;1
CORD_ORD_904;PROD_24;1;1
CORD_ORD_904;PROD_25;1;1
CORD_ORD_904;PROD_26;1;1
CORD_ORD_904;PROD_28;1;1
CORD_ORD_904;PROD_29;1;1
CORD_ORD_904;PROD_31;1;1
CORD_ORD_904;PROD_32;1;1
CORD_ORD_904;PROD_43;1;1
CORD_ORD_905;PROD_1;1;1
CORD_ORD_905;PROD_10;1;1
CORD_ORD_905;PROD_15;1;1
CORD_ORD_905;PROD_22;1;1
CORD_ORD_905;PROD_28;1;1
CORD_ORD_905;PROD_29;1;1
CORD_ORD_905;PROD_3;1;1
CORD_ORD_905;PROD_31;1;1
CORD_ORD_905;PROD_32;1;1
CORD_ORD_905;PROD_40;1;1
CORD_ORD_905;PROD_43;1;1
CORD_ORD_905;PROD_47;1;1
CORD_ORD_906;PROD_10;1;1
CORD_ORD_906;PROD_11;1;1
CORD_ORD_906;PROD_13;1;1
CORD_ORD_906;PROD_17;1;1
CORD_ORD_906;PROD_18;1;1
CORD_ORD_906;PROD_19;1;1
CORD_ORD_906;PROD_2;1;1
CORD_ORD_906;PROD_23;1;1
CORD_ORD_906;PROD_29;1;1
CORD_ORD_906;PROD_31;1;1
CORD_ORD_906;PROD_33;1;1
CORD_ORD_906;PROD_41;1;1
CORD_ORD_906;PROD_42;1;1
CORD_ORD_906;PROD_43;1;1
CORD_ORD_906;PROD_45;1;1
CORD_ORD_906;PROD_48;1;1
CORD_ORD_906;PROD_50;1;1
CORD_ORD_906;PROD_6;1;1
CORD_ORD_907;PROD_1;1;1
CORD_ORD_907;PROD_10;1;1
CORD_ORD_907;PROD_11;1;1
CORD_ORD_907;PROD_16;1;1
CORD_ORD_907;PROD_17;1;1
CORD_ORD_907;PROD_23;1;1
CORD_ORD_907;PROD_25;1;1
CORD_ORD_907;PROD_29;1;1
CORD_ORD_907;PROD_3;1;1
CORD_ORD_907;PROD_30;1;1
CORD_ORD_907;PROD_31;1;1
CORD_ORD_907;PROD_36;1;1
CORD_ORD_907;PROD_41;1;1
CORD_ORD_907;PROD_42;1;1
CORD_ORD_907;PROD_43;1;1
CORD_ORD_907;PROD_46;1;1
CORD_ORD_907;PROD_48;1;1
CORD_ORD_907;PROD_8;1;1
CORD_ORD_908;PROD_11;1;1
CORD_ORD_908;PROD_13;1;1
CORD_ORD_908;PROD_15;1;1
CORD_ORD_908;PROD_20;1;1
CORD_ORD_908;PROD_21;1;1
CORD_ORD_908;PROD_22;1;1
CORD_ORD_908;PROD_24;1;1
CORD_ORD_908;PROD_27;1;1
CORD_ORD_908;PROD_28;1;1
CORD_ORD_908;PROD_32;1;1
CORD_ORD_908;PROD_33;1;1
CORD_ORD_908;PROD_36;1;1
CORD_ORD_908;PROD_37;1;1
CORD_ORD_908;PROD_39;1;1
CORD_ORD_908;PROD_40;1;1
CORD_ORD_908;PROD_44;1;1
CORD_ORD_908;PROD_46;1;1
CORD_ORD_908;PROD_47;1;1
CORD_ORD_908;PROD_48;1;1
CORD_ORD_908;PROD_49;1;1
CORD_ORD_909;PROD_1;1;1
CORD_ORD_909;PROD_16;1;1
CORD_ORD_909;PROD_22;1;1
CORD_ORD_909;PROD_25;1;1
CORD_ORD_909;PROD_27;1;1
CORD_ORD_909;PROD_28;1;1
CORD_ORD_909;PROD_3;1;1
CORD_ORD_909;PROD_40;1;1
CORD_ORD_909;PROD_47;1;1
CORD_ORD_909;PROD_49;1;1
CORD_ORD_910;PROD_1;1;1
CORD_ORD_910;PROD_10;1;1
CORD_ORD_910;PROD_11;1;1
CORD_ORD_910;PROD_12;1;1
CORD_ORD_910;PROD_17;1;1
CORD_ORD_910;PROD_19;1;1
CORD_ORD_910;PROD_20;1;1
CORD_ORD_910;PROD_26;1;1
CORD_ORD_910;PROD_29;1;1
CORD_ORD_910;PROD_3;1;1
CORD_ORD_910;PROD_31;1;1
CORD_ORD_910;PROD_36;1;1
CORD_ORD_910;PROD_38;1;1
CORD_ORD_910;PROD_39;1;1
CORD_ORD_910;PROD_4;1;1
CORD_ORD_910;PROD_41;1;1
CORD_ORD_910;PROD_43;1;1
CORD_ORD_910;PROD_45;1;1
CORD_ORD_910;PROD_46;1;1
CORD_ORD_910;PROD_48;1;1
CORD_ORD_911;PROD_1;1;1
CORD_ORD_911;PROD_10;1;1
CORD_ORD_911;PROD_13;1;1
CORD_ORD_911;PROD_14;1;1
CORD_ORD_911;PROD_15;1;1
CORD_ORD_911;PROD_19;1;1
CORD_ORD_911;PROD_21;1;1
CORD_ORD_911;PROD_22;1;1
CORD_ORD_911;PROD_23;1;1
CORD_ORD_911;PROD_24;1;1
CORD_ORD_911;PROD_28;1;1
CORD_ORD_911;PROD_29;1;1
CORD_ORD_911;PROD_3;1;1
CORD_ORD_911;PROD_31;1;1
CORD_ORD_911;PROD_32;1;1
CORD_ORD_911;PROD_33;1;1
CORD_ORD_911;PROD_37;1;1
CORD_ORD_911;PROD_42;1;1
CORD_ORD_911;PROD_43;1;1
CORD_ORD_911;PROD_44;1;1
CORD_ORD_911;PROD_45;1;1
CORD_ORD_911;PROD_50;1;1
CORD_ORD_911;PROD_6;1;1
CORD_ORD_911;PROD_9;1;1
CORD_ORD_912;PROD_13;1;1
CORD_ORD_912;PROD_21;1;1
CORD_ORD_912;PROD_23;1;1
CORD_ORD_912;PROD_24;1;1
CORD_ORD_912;PROD_33;1;1
CORD_ORD_912;PROD_36;1;1
CORD_ORD_912;PROD_37;1;1
CORD_ORD_912;PROD_42;1;1
CORD_ORD_912;PROD_44;1;1
CORD_ORD_912;PROD_46;1;1
CORD_ORD_913;PROD_10;1;1
CORD_ORD_913;PROD_11;1;1
CORD_ORD_913;PROD_15;1;1
CORD_ORD_913;PROD_17;1;1
CORD_ORD_913;PROD_32;1;1
CORD_ORD_913;PROD_34;1;1
CORD_ORD_913;PROD_38;1;1
CORD_ORD_913;PROD_4;1;1
CORD_ORD_913;PROD_41;1;1
CORD_ORD_913;PROD_43;1;1
CORD_ORD_913;PROD_48;1;1
CORD_ORD_913;PROD_5;1;1
CORD_ORD_914;PROD_1;1;1
CORD_ORD_914;PROD_12;1;1
CORD_ORD_914;PROD_14;1;1
CORD_ORD_914;PROD_20;1;1
CORD_ORD_914;PROD_26;1;1
CORD_ORD_914;PROD_29;1;1
CORD_ORD_914;PROD_3;1;1
CORD_ORD_914;PROD_30;1;1
CORD_ORD_914;PROD_31;1;1
CORD_ORD_914;PROD_34;1;1
CORD_ORD_914;PROD_35;1;1
CORD_ORD_914;PROD_38;1;1
CORD_ORD_914;PROD_39;1;1
CORD_ORD_914;PROD_4;1;1
CORD_ORD_914;PROD_40;1;1
CORD_ORD_914;PROD_47;1;1
CORD_ORD_914;PROD_5;1;1
CORD_ORD_914;PROD_7;1;1
CORD_ORD_914;PROD_8;1;1
CORD_ORD_914;PROD_9;1;1
CORD_ORD_915;PROD_1;1;1
CORD_ORD_915;PROD_10;1;1
CORD_ORD_915;PROD_19;1;1
CORD_ORD_915;PROD_22;1;1
CORD_ORD_915;PROD_28;1;1
CORD_ORD_915;PROD_3;1;1
CORD_ORD_915;PROD_34;1;1
CORD_ORD_915;PROD_35;1;1
CORD_ORD_915;PROD_38;1;1
CORD_ORD_915;PROD_4;1;1
CORD_ORD_915;PROD_43;1;1
CORD_ORD_915;PROD_45;1;1
CORD_ORD_915;PROD_5;1;1
CORD_ORD_915;PROD_50;1;1
CORD_ORD_915;PROD_6;1;1
CORD_ORD_915;PROD_7;1;1
CORD_ORD_916;PROD_10;1;1
CORD_ORD_916;PROD_11;1;1
CORD_ORD_916;PROD_12;1;1
CORD_ORD_916;PROD_17;1;1
CORD_ORD_916;PROD_19;1;1
CORD_ORD_916;PROD_26;1;1
CORD_ORD_916;PROD_27;1;1
CORD_ORD_916;PROD_30;1;1
CORD_ORD_916;PROD_34;1;1
CORD_ORD_916;PROD_35;1;1
CORD_ORD_916;PROD_40;1;1
CORD_ORD_916;PROD_41;1;1
CORD_ORD_916;PROD_43;1;1
CORD_ORD_916;PROD_45;1;1
CORD_ORD_916;PROD_47;1;1
CORD_ORD_916;PROD_48;1;1
CORD_ORD_916;PROD_49;1;1
CORD_ORD_916;PROD_5;1;1
CORD_ORD_916;PROD_7;1;1
CORD_ORD_916;PROD_8;1;1
CORD_ORD_917;PROD_12;1;1
CORD_ORD_917;PROD_15;1;1
CORD_ORD_917;PROD_19;1;1
CORD_ORD_917;PROD_26;1;1
CORD_ORD_917;PROD_27;1;1
CORD_ORD_917;PROD_32;1;1
CORD_ORD_917;PROD_45;1;1
CORD_ORD_917;PROD_49;1;1
CORD_ORD_917;PROD_50;1;1
CORD_ORD_917;PROD_6;1;1
CORD_ORD_918;PROD_10;1;1
CORD_ORD_918;PROD_12;1;1
CORD_ORD_918;PROD_13;1;1
CORD_ORD_918;PROD_15;1;1
CORD_ORD_918;PROD_21;1;1
CORD_ORD_918;PROD_24;1;1
CORD_ORD_918;PROD_26;1;1
CORD_ORD_918;PROD_32;1;1
CORD_ORD_918;PROD_33;1;1
CORD_ORD_918;PROD_43;1;1
CORD_ORD_919;PROD_1;1;1
CORD_ORD_919;PROD_10;1;1
CORD_ORD_919;PROD_13;1;1
CORD_ORD_919;PROD_3;1;1
CORD_ORD_919;PROD_30;1;1
CORD_ORD_919;PROD_33;1;1
CORD_ORD_919;PROD_36;1;1
CORD_ORD_919;PROD_37;1;1
CORD_ORD_919;PROD_43;1;1
CORD_ORD_919;PROD_44;1;1
CORD_ORD_919;PROD_46;1;1
CORD_ORD_919;PROD_8;1;1
CORD_ORD_920;PROD_1;1;1
CORD_ORD_920;PROD_10;1;1
CORD_ORD_920;PROD_3;1;1
CORD_ORD_920;PROD_30;1;1
CORD_ORD_920;PROD_36;1;1
CORD_ORD_920;PROD_43;1;1
CORD_ORD_920;PROD_46;1;1
CORD_ORD_920;PROD_8;1;1
CORD_ORD_921;PROD_10;1;1
CORD_ORD_921;PROD_14;1;1
CORD_ORD_921;PROD_17;1;1
CORD_ORD_921;PROD_18;1;1
CORD_ORD_921;PROD_2;1;1
CORD_ORD_921;PROD_22;1;1
CORD_ORD_921;PROD_23;1;1
CORD_ORD_921;PROD_27;1;1
CORD_ORD_921;PROD_28;1;1
CORD_ORD_921;PROD_35;1;1
CORD_ORD_921;PROD_38;1;1
CORD_ORD_921;PROD_4;1;1
CORD_ORD_921;PROD_40;1;1
CORD_ORD_921;PROD_41;1;1
CORD_ORD_921;PROD_42;1;1
CORD_ORD_921;PROD_43;1;1
CORD_ORD_921;PROD_47;1;1
CORD_ORD_921;PROD_49;1;1
CORD_ORD_921;PROD_7;1;1
CORD_ORD_921;PROD_9;1;1
CORD_ORD_922;PROD_12;1;1
CORD_ORD_922;PROD_13;1;1
CORD_ORD_922;PROD_26;1;1
CORD_ORD_922;PROD_33;1;1
CORD_ORD_922;PROD_37;1;1
CORD_ORD_922;PROD_38;1;1
CORD_ORD_922;PROD_4;1;1
CORD_ORD_922;PROD_44;1;1
CORD_ORD_923;PROD_10;1;1
CORD_ORD_923;PROD_12;1;1
CORD_ORD_923;PROD_26;1;1
CORD_ORD_923;PROD_29;1;1
CORD_ORD_923;PROD_30;1;1
CORD_ORD_923;PROD_31;1;1
CORD_ORD_923;PROD_35;1;1
CORD_ORD_923;PROD_36;1;1
CORD_ORD_923;PROD_43;1;1
CORD_ORD_923;PROD_46;1;1
CORD_ORD_923;PROD_50;1;1
CORD_ORD_923;PROD_6;1;1
CORD_ORD_923;PROD_7;1;1
CORD_ORD_923;PROD_8;1;1
CORD_ORD_924;PROD_1;1;1
CORD_ORD_924;PROD_10;1;1
CORD_ORD_924;PROD_11;1;1
CORD_ORD_924;PROD_16;1;1
CORD_ORD_924;PROD_17;1;1
CORD_ORD_924;PROD_21;1;1
CORD_ORD_924;PROD_22;1;1
CORD_ORD_924;PROD_23;1;1
CORD_ORD_924;PROD_24;1;1
CORD_ORD_924;PROD_25;1;1
CORD_ORD_924;PROD_28;1;1
CORD_ORD_924;PROD_29;1;1
CORD_ORD_924;PROD_3;1;1
CORD_ORD_924;PROD_30;1;1
CORD_ORD_924;PROD_31;1;1
CORD_ORD_924;PROD_37;1;1
CORD_ORD_924;PROD_38;1;1
CORD_ORD_924;PROD_4;1;1
CORD_ORD_924;PROD_41;1;1
CORD_ORD_924;PROD_42;1;1
CORD_ORD_924;PROD_43;1;1
CORD_ORD_924;PROD_44;1;1
CORD_ORD_924;PROD_48;1;1
CORD_ORD_924;PROD_8;1;1
CORD_ORD_925;PROD_10;1;1
CORD_ORD_925;PROD_18;1;1
CORD_ORD_925;PROD_19;1;1
CORD_ORD_925;PROD_2;1;1
CORD_ORD_925;PROD_37;1;1
CORD_ORD_925;PROD_40;1;1
CORD_ORD_925;PROD_43;1;1
CORD_ORD_925;PROD_44;1;1
CORD_ORD_925;PROD_45;1;1
CORD_ORD_925;PROD_47;1;1
CORD_ORD_926;PROD_10;1;1
CORD_ORD_926;PROD_15;1;1
CORD_ORD_926;PROD_19;1;1
CORD_ORD_926;PROD_22;1;1
CORD_ORD_926;PROD_28;1;1
CORD_ORD_926;PROD_32;1;1
CORD_ORD_926;PROD_35;1;1
CORD_ORD_926;PROD_36;1;1
CORD_ORD_926;PROD_43;1;1
CORD_ORD_926;PROD_45;1;1
CORD_ORD_926;PROD_46;1;1
CORD_ORD_926;PROD_7;1;1
CORD_ORD_927;PROD_1;1;1
CORD_ORD_927;PROD_10;1;1
CORD_ORD_927;PROD_13;1;1
CORD_ORD_927;PROD_14;1;1
CORD_ORD_927;PROD_17;1;1
CORD_ORD_927;PROD_21;1;1
CORD_ORD_927;PROD_24;1;1
CORD_ORD_927;PROD_29;1;1
CORD_ORD_927;PROD_3;1;1
CORD_ORD_927;PROD_30;1;1
CORD_ORD_927;PROD_31;1;1
CORD_ORD_927;PROD_33;1;1
CORD_ORD_927;PROD_36;1;1
CORD_ORD_927;PROD_38;1;1
CORD_ORD_927;PROD_4;1;1
CORD_ORD_927;PROD_41;1;1
CORD_ORD_927;PROD_43;1;1
CORD_ORD_927;PROD_46;1;1
CORD_ORD_927;PROD_8;1;1
CORD_ORD_927;PROD_9;1;1
CORD_ORD_928;PROD_10;1;1
CORD_ORD_928;PROD_12;1;1
CORD_ORD_928;PROD_13;1;1
CORD_ORD_928;PROD_20;1;1
CORD_ORD_928;PROD_26;1;1
CORD_ORD_928;PROD_29;1;1
CORD_ORD_928;PROD_31;1;1
CORD_ORD_928;PROD_33;1;1
CORD_ORD_928;PROD_35;1;1
CORD_ORD_928;PROD_36;1;1
CORD_ORD_928;PROD_39;1;1
CORD_ORD_928;PROD_43;1;1
CORD_ORD_928;PROD_46;1;1
CORD_ORD_928;PROD_7;1;1
CORD_ORD_929;PROD_10;1;1
CORD_ORD_929;PROD_11;1;1
CORD_ORD_929;PROD_21;1;1
CORD_ORD_929;PROD_22;1;1
CORD_ORD_929;PROD_24;1;1
CORD_ORD_929;PROD_27;1;1
CORD_ORD_929;PROD_28;1;1
CORD_ORD_929;PROD_37;1;1
CORD_ORD_929;PROD_43;1;1
CORD_ORD_929;PROD_44;1;1
CORD_ORD_929;PROD_48;1;1
CORD_ORD_929;PROD_49;1;1
CORD_ORD_930;PROD_20;1;1
CORD_ORD_930;PROD_30;1;1
CORD_ORD_930;PROD_36;1;1
CORD_ORD_930;PROD_38;1;1
CORD_ORD_930;PROD_39;1;1
CORD_ORD_930;PROD_4;1;1
CORD_ORD_930;PROD_46;1;1
CORD_ORD_930;PROD_8;1;1
CORD_ORD_931;PROD_1;1;1
CORD_ORD_931;PROD_18;1;1
CORD_ORD_931;PROD_2;1;1
CORD_ORD_931;PROD_22;1;1
CORD_ORD_931;PROD_28;1;1
CORD_ORD_931;PROD_29;1;1
CORD_ORD_931;PROD_3;1;1
CORD_ORD_931;PROD_30;1;1
CORD_ORD_931;PROD_31;1;1
CORD_ORD_931;PROD_37;1;1
CORD_ORD_931;PROD_44;1;1
CORD_ORD_931;PROD_8;1;1
CORD_ORD_932;PROD_1;1;1
CORD_ORD_932;PROD_11;1;1
CORD_ORD_932;PROD_13;1;1
CORD_ORD_932;PROD_19;1;1
CORD_ORD_932;PROD_3;1;1
CORD_ORD_932;PROD_33;1;1
CORD_ORD_932;PROD_37;1;1
CORD_ORD_932;PROD_44;1;1
CORD_ORD_932;PROD_45;1;1
CORD_ORD_932;PROD_48;1;1
CORD_ORD_933;PROD_11;1;1
CORD_ORD_933;PROD_15;1;1
CORD_ORD_933;PROD_20;1;1
CORD_ORD_933;PROD_27;1;1
CORD_ORD_933;PROD_29;1;1
CORD_ORD_933;PROD_30;1;1
CORD_ORD_933;PROD_31;1;1
CORD_ORD_933;PROD_32;1;1
CORD_ORD_933;PROD_34;1;1
CORD_ORD_933;PROD_36;1;1
CORD_ORD_933;PROD_38;1;1
CORD_ORD_933;PROD_39;1;1
CORD_ORD_933;PROD_4;1;1
CORD_ORD_933;PROD_46;1;1
CORD_ORD_933;PROD_48;1;1
CORD_ORD_933;PROD_49;1;1
CORD_ORD_933;PROD_5;1;1
CORD_ORD_933;PROD_50;1;1
CORD_ORD_933;PROD_6;1;1
CORD_ORD_933;PROD_8;1;1
CORD_ORD_934;PROD_12;1;1
CORD_ORD_934;PROD_13;1;1
CORD_ORD_934;PROD_14;1;1
CORD_ORD_934;PROD_15;1;1
CORD_ORD_934;PROD_19;1;1
CORD_ORD_934;PROD_20;1;1
CORD_ORD_934;PROD_26;1;1
CORD_ORD_934;PROD_29;1;1
CORD_ORD_934;PROD_31;1;1
CORD_ORD_934;PROD_32;1;1
CORD_ORD_934;PROD_33;1;1
CORD_ORD_934;PROD_36;1;1
CORD_ORD_934;PROD_39;1;1
CORD_ORD_934;PROD_40;1;1
CORD_ORD_934;PROD_45;1;1
CORD_ORD_934;PROD_46;1;1
CORD_ORD_934;PROD_47;1;1
CORD_ORD_934;PROD_9;1;1
CORD_ORD_935;PROD_11;1;1
CORD_ORD_935;PROD_14;1;1
CORD_ORD_935;PROD_17;1;1
CORD_ORD_935;PROD_18;1;1
CORD_ORD_935;PROD_2;1;1
CORD_ORD_935;PROD_36;1;1
CORD_ORD_935;PROD_41;1;1
CORD_ORD_935;PROD_46;1;1
CORD_ORD_935;PROD_48;1;1
CORD_ORD_935;PROD_9;1;1
CORD_ORD_936;PROD_1;1;1
CORD_ORD_936;PROD_11;1;1
CORD_ORD_936;PROD_15;1;1
CORD_ORD_936;PROD_16;1;1
CORD_ORD_936;PROD_23;1;1
CORD_ORD_936;PROD_25;1;1
CORD_ORD_936;PROD_27;1;1
CORD_ORD_936;PROD_29;1;1
CORD_ORD_936;PROD_3;1;1
CORD_ORD_936;PROD_31;1;1
CORD_ORD_936;PROD_32;1;1
CORD_ORD_936;PROD_34;1;1
CORD_ORD_936;PROD_42;1;1
CORD_ORD_936;PROD_48;1;1
CORD_ORD_936;PROD_49;1;1
CORD_ORD_936;PROD_5;1;1
CORD_ORD_937;PROD_1;1;1
CORD_ORD_937;PROD_11;1;1
CORD_ORD_937;PROD_13;1;1
CORD_ORD_937;PROD_19;1;1
CORD_ORD_937;PROD_3;1;1
CORD_ORD_937;PROD_33;1;1
CORD_ORD_937;PROD_35;1;1
CORD_ORD_937;PROD_36;1;1
CORD_ORD_937;PROD_37;1;1
CORD_ORD_937;PROD_38;1;1
CORD_ORD_937;PROD_4;1;1
CORD_ORD_937;PROD_44;1;1
CORD_ORD_937;PROD_45;1;1
CORD_ORD_937;PROD_46;1;1
CORD_ORD_937;PROD_48;1;1
CORD_ORD_937;PROD_50;1;1
CORD_ORD_937;PROD_6;1;1
CORD_ORD_937;PROD_7;1;1
CORD_ORD_938;PROD_10;1;1
CORD_ORD_938;PROD_11;1;1
CORD_ORD_938;PROD_12;1;1
CORD_ORD_938;PROD_14;1;1
CORD_ORD_938;PROD_17;1;1
CORD_ORD_938;PROD_18;1;1
CORD_ORD_938;PROD_2;1;1
CORD_ORD_938;PROD_21;1;1
CORD_ORD_938;PROD_24;1;1
CORD_ORD_938;PROD_26;1;1
CORD_ORD_938;PROD_29;1;1
CORD_ORD_938;PROD_31;1;1
CORD_ORD_938;PROD_36;1;1
CORD_ORD_938;PROD_41;1;1
CORD_ORD_938;PROD_43;1;1
CORD_ORD_938;PROD_46;1;1
CORD_ORD_938;PROD_48;1;1
CORD_ORD_938;PROD_9;1;1
CORD_ORD_939;PROD_14;1;1
CORD_ORD_939;PROD_23;1;1
CORD_ORD_939;PROD_29;1;1
CORD_ORD_939;PROD_31;1;1
CORD_ORD_939;PROD_37;1;1
CORD_ORD_939;PROD_40;1;1
CORD_ORD_939;PROD_42;1;1
CORD_ORD_939;PROD_44;1;1
CORD_ORD_939;PROD_47;1;1
CORD_ORD_939;PROD_50;1;1
CORD_ORD_939;PROD_6;1;1
CORD_ORD_939;PROD_9;1;1
CORD_ORD_940;PROD_1;1;1
CORD_ORD_940;PROD_11;1;1
CORD_ORD_940;PROD_18;1;1
CORD_ORD_940;PROD_2;1;1
CORD_ORD_940;PROD_20;1;1
CORD_ORD_940;PROD_22;1;1
CORD_ORD_940;PROD_23;1;1
CORD_ORD_940;PROD_28;1;1
CORD_ORD_940;PROD_3;1;1
CORD_ORD_940;PROD_35;1;1
CORD_ORD_940;PROD_36;1;1
CORD_ORD_940;PROD_37;1;1
CORD_ORD_940;PROD_39;1;1
CORD_ORD_940;PROD_40;1;1
CORD_ORD_940;PROD_42;1;1
CORD_ORD_940;PROD_44;1;1
CORD_ORD_940;PROD_46;1;1
CORD_ORD_940;PROD_47;1;1
CORD_ORD_940;PROD_48;1;1
CORD_ORD_940;PROD_7;1;1
CORD_ORD_941;PROD_1;1;1
CORD_ORD_941;PROD_10;1;1
CORD_ORD_941;PROD_11;1;1
CORD_ORD_941;PROD_19;1;1
CORD_ORD_941;PROD_22;1;1
CORD_ORD_941;PROD_28;1;1
CORD_ORD_941;PROD_3;1;1
CORD_ORD_941;PROD_34;1;1
CORD_ORD_941;PROD_36;1;1
CORD_ORD_941;PROD_37;1;1
CORD_ORD_941;PROD_40;1;1
CORD_ORD_941;PROD_43;1;1
CORD_ORD_941;PROD_44;1;1
CORD_ORD_941;PROD_45;1;1
CORD_ORD_941;PROD_46;1;1
CORD_ORD_941;PROD_47;1;1
CORD_ORD_941;PROD_48;1;1
CORD_ORD_941;PROD_5;1;1
CORD_ORD_942;PROD_10;1;1
CORD_ORD_942;PROD_11;1;1
CORD_ORD_942;PROD_12;1;1
CORD_ORD_942;PROD_15;1;1
CORD_ORD_942;PROD_20;1;1
CORD_ORD_942;PROD_21;1;1
CORD_ORD_942;PROD_24;1;1
CORD_ORD_942;PROD_26;1;1
CORD_ORD_942;PROD_29;1;1
CORD_ORD_942;PROD_31;1;1
CORD_ORD_942;PROD_32;1;1
CORD_ORD_942;PROD_34;1;1
CORD_ORD_942;PROD_36;1;1
CORD_ORD_942;PROD_39;1;1
CORD_ORD_942;PROD_40;1;1
CORD_ORD_942;PROD_43;1;1
CORD_ORD_942;PROD_46;1;1
CORD_ORD_942;PROD_47;1;1
CORD_ORD_942;PROD_48;1;1
CORD_ORD_942;PROD_5;1;1
CORD_ORD_943;PROD_10;1;1
CORD_ORD_943;PROD_20;1;1
CORD_ORD_943;PROD_29;1;1
CORD_ORD_943;PROD_30;1;1
CORD_ORD_943;PROD_31;1;1
CORD_ORD_943;PROD_36;1;1
CORD_ORD_943;PROD_38;1;1
CORD_ORD_943;PROD_39;1;1
CORD_ORD_943;PROD_4;1;1
CORD_ORD_943;PROD_43;1;1
CORD_ORD_943;PROD_46;1;1
CORD_ORD_943;PROD_8;1;1
CORD_ORD_944;PROD_11;1;1
CORD_ORD_944;PROD_12;1;1
CORD_ORD_944;PROD_14;1;1
CORD_ORD_944;PROD_15;1;1
CORD_ORD_944;PROD_18;1;1
CORD_ORD_944;PROD_2;1;1
CORD_ORD_944;PROD_22;1;1
CORD_ORD_944;PROD_26;1;1
CORD_ORD_944;PROD_28;1;1
CORD_ORD_944;PROD_32;1;1
CORD_ORD_944;PROD_36;1;1
CORD_ORD_944;PROD_38;1;1
CORD_ORD_944;PROD_4;1;1
CORD_ORD_944;PROD_46;1;1
CORD_ORD_944;PROD_48;1;1
CORD_ORD_944;PROD_9;1;1
CORD_ORD_945;PROD_15;1;1
CORD_ORD_945;PROD_21;1;1
CORD_ORD_945;PROD_24;1;1
CORD_ORD_945;PROD_29;1;1
CORD_ORD_945;PROD_31;1;1
CORD_ORD_945;PROD_32;1;1
CORD_ORD_945;PROD_34;1;1
CORD_ORD_945;PROD_5;1;1
CORD_ORD_946;PROD_11;1;1
CORD_ORD_946;PROD_12;1;1
CORD_ORD_946;PROD_14;1;1
CORD_ORD_946;PROD_15;1;1
CORD_ORD_946;PROD_16;1;1
CORD_ORD_946;PROD_18;1;1
CORD_ORD_946;PROD_2;1;1
CORD_ORD_946;PROD_25;1;1
CORD_ORD_946;PROD_26;1;1
CORD_ORD_946;PROD_32;1;1
CORD_ORD_946;PROD_34;1;1
CORD_ORD_946;PROD_38;1;1
CORD_ORD_946;PROD_4;1;1
CORD_ORD_946;PROD_40;1;1
CORD_ORD_946;PROD_47;1;1
CORD_ORD_946;PROD_48;1;1
CORD_ORD_946;PROD_5;1;1
CORD_ORD_946;PROD_9;1;1
CORD_ORD_947;PROD_10;1;1
CORD_ORD_947;PROD_11;1;1
CORD_ORD_947;PROD_13;1;1
CORD_ORD_947;PROD_16;1;1
CORD_ORD_947;PROD_17;1;1
CORD_ORD_947;PROD_19;1;1
CORD_ORD_947;PROD_22;1;1
CORD_ORD_947;PROD_25;1;1
CORD_ORD_947;PROD_28;1;1
CORD_ORD_947;PROD_30;1;1
CORD_ORD_947;PROD_33;1;1
CORD_ORD_947;PROD_34;1;1
CORD_ORD_947;PROD_41;1;1
CORD_ORD_947;PROD_43;1;1
CORD_ORD_947;PROD_45;1;1
CORD_ORD_947;PROD_48;1;1
CORD_ORD_947;PROD_5;1;1
CORD_ORD_947;PROD_8;1;1
CORD_ORD_948;PROD_10;1;1
CORD_ORD_948;PROD_11;1;1
CORD_ORD_948;PROD_15;1;1
CORD_ORD_948;PROD_22;1;1
CORD_ORD_948;PROD_28;1;1
CORD_ORD_948;PROD_32;1;1
CORD_ORD_948;PROD_43;1;1
CORD_ORD_948;PROD_48;1;1
CORD_ORD_949;PROD_22;1;1
CORD_ORD_949;PROD_23;1;1
CORD_ORD_949;PROD_28;1;1
CORD_ORD_949;PROD_34;1;1
CORD_ORD_949;PROD_36;1;1
CORD_ORD_949;PROD_37;1;1
CORD_ORD_949;PROD_42;1;1
CORD_ORD_949;PROD_44;1;1
CORD_ORD_949;PROD_46;1;1
CORD_ORD_949;PROD_5;1;1
CORD_ORD_950;PROD_10;1;1
CORD_ORD_950;PROD_11;1;1
CORD_ORD_950;PROD_12;1;1
CORD_ORD_950;PROD_13;1;1
CORD_ORD_950;PROD_16;1;1
CORD_ORD_950;PROD_17;1;1
CORD_ORD_950;PROD_19;1;1
CORD_ORD_950;PROD_23;1;1
CORD_ORD_950;PROD_25;1;1
CORD_ORD_950;PROD_26;1;1
CORD_ORD_950;PROD_33;1;1
CORD_ORD_950;PROD_37;1;1
CORD_ORD_950;PROD_41;1;1
CORD_ORD_950;PROD_42;1;1
CORD_ORD_950;PROD_43;1;1
CORD_ORD_950;PROD_44;1;1
CORD_ORD_950;PROD_45;1;1
CORD_ORD_950;PROD_48;1;1
CORD_ORD_951;PROD_10;1;1
CORD_ORD_951;PROD_11;1;1
CORD_ORD_951;PROD_17;1;1
CORD_ORD_951;PROD_21;1;1
CORD_ORD_951;PROD_24;1;1
CORD_ORD_951;PROD_35;1;1
CORD_ORD_951;PROD_37;1;1
CORD_ORD_951;PROD_41;1;1
CORD_ORD_951;PROD_43;1;1
CORD_ORD_951;PROD_44;1;1
CORD_ORD_951;PROD_48;1;1
CORD_ORD_951;PROD_7;1;1
CORD_ORD_952;PROD_1;1;1
CORD_ORD_952;PROD_12;1;1
CORD_ORD_952;PROD_13;1;1
CORD_ORD_952;PROD_21;1;1
CORD_ORD_952;PROD_24;1;1
CORD_ORD_952;PROD_26;1;1
CORD_ORD_952;PROD_27;1;1
CORD_ORD_952;PROD_29;1;1
CORD_ORD_952;PROD_3;1;1
CORD_ORD_952;PROD_30;1;1
CORD_ORD_952;PROD_31;1;1
CORD_ORD_952;PROD_33;1;1
CORD_ORD_952;PROD_35;1;1
CORD_ORD_952;PROD_36;1;1
CORD_ORD_952;PROD_46;1;1
CORD_ORD_952;PROD_49;1;1
CORD_ORD_952;PROD_50;1;1
CORD_ORD_952;PROD_6;1;1
CORD_ORD_952;PROD_7;1;1
CORD_ORD_952;PROD_8;1;1
CORD_ORD_953;PROD_11;1;1
CORD_ORD_953;PROD_13;1;1
CORD_ORD_953;PROD_14;1;1
CORD_ORD_953;PROD_16;1;1
CORD_ORD_953;PROD_18;1;1
CORD_ORD_953;PROD_2;1;1
CORD_ORD_953;PROD_25;1;1
CORD_ORD_953;PROD_33;1;1
CORD_ORD_953;PROD_34;1;1
CORD_ORD_953;PROD_36;1;1
CORD_ORD_953;PROD_46;1;1
CORD_ORD_953;PROD_48;1;1
CORD_ORD_953;PROD_5;1;1
CORD_ORD_953;PROD_9;1;1
CORD_ORD_954;PROD_10;1;1
CORD_ORD_954;PROD_11;1;1
CORD_ORD_954;PROD_17;1;1
CORD_ORD_954;PROD_22;1;1
CORD_ORD_954;PROD_28;1;1
CORD_ORD_954;PROD_34;1;1
CORD_ORD_954;PROD_36;1;1
CORD_ORD_954;PROD_37;1;1
CORD_ORD_954;PROD_41;1;1
CORD_ORD_954;PROD_43;1;1
CORD_ORD_954;PROD_44;1;1
CORD_ORD_954;PROD_46;1;1
CORD_ORD_954;PROD_48;1;1
CORD_ORD_954;PROD_5;1;1
CORD_ORD_954;PROD_50;1;1
CORD_ORD_954;PROD_6;1;1
CORD_ORD_955;PROD_1;1;1
CORD_ORD_955;PROD_10;1;1
CORD_ORD_955;PROD_11;1;1
CORD_ORD_955;PROD_14;1;1
CORD_ORD_955;PROD_15;1;1
CORD_ORD_955;PROD_17;1;1
CORD_ORD_955;PROD_18;1;1
CORD_ORD_955;PROD_2;1;1
CORD_ORD_955;PROD_22;1;1
CORD_ORD_955;PROD_28;1;1
CORD_ORD_955;PROD_29;1;1
CORD_ORD_955;PROD_3;1;1
CORD_ORD_955;PROD_31;1;1
CORD_ORD_955;PROD_32;1;1
CORD_ORD_955;PROD_38;1;1
CORD_ORD_955;PROD_4;1;1
CORD_ORD_955;PROD_40;1;1
CORD_ORD_955;PROD_41;1;1
CORD_ORD_955;PROD_43;1;1
CORD_ORD_955;PROD_47;1;1
CORD_ORD_955;PROD_48;1;1
CORD_ORD_955;PROD_50;1;1
CORD_ORD_955;PROD_6;1;1
CORD_ORD_955;PROD_9;1;1
CORD_ORD_956;PROD_1;1;1
CORD_ORD_956;PROD_10;1;1
CORD_ORD_956;PROD_12;1;1
CORD_ORD_956;PROD_19;1;1
CORD_ORD_956;PROD_21;1;1
CORD_ORD_956;PROD_24;1;1
CORD_ORD_956;PROD_26;1;1
CORD_ORD_956;PROD_29;1;1
CORD_ORD_956;PROD_3;1;1
CORD_ORD_956;PROD_30;1;1
CORD_ORD_956;PROD_31;1;1
CORD_ORD_956;PROD_36;1;1
CORD_ORD_956;PROD_40;1;1
CORD_ORD_956;PROD_43;1;1
CORD_ORD_956;PROD_45;1;1
CORD_ORD_956;PROD_46;1;1
CORD_ORD_956;PROD_47;1;1
CORD_ORD_956;PROD_8;1;1
CORD_ORD_957;PROD_15;1;1
CORD_ORD_957;PROD_18;1;1
CORD_ORD_957;PROD_2;1;1
CORD_ORD_957;PROD_20;1;1
CORD_ORD_957;PROD_21;1;1
CORD_ORD_957;PROD_23;1;1
CORD_ORD_957;PROD_24;1;1
CORD_ORD_957;PROD_32;1;1
CORD_ORD_957;PROD_34;1;1
CORD_ORD_957;PROD_35;1;1
CORD_ORD_957;PROD_36;1;1
CORD_ORD_957;PROD_37;1;1
CORD_ORD_957;PROD_39;1;1
CORD_ORD_957;PROD_40;1;1
CORD_ORD_957;PROD_42;1;1
CORD_ORD_957;PROD_44;1;1
CORD_ORD_957;PROD_46;1;1
CORD_ORD_957;PROD_47;1;1
CORD_ORD_957;PROD_5;1;1
CORD_ORD_957;PROD_7;1;1
CORD_ORD_958;PROD_13;1;1
CORD_ORD_958;PROD_14;1;1
CORD_ORD_958;PROD_19;1;1
CORD_ORD_958;PROD_20;1;1
CORD_ORD_958;PROD_21;1;1
CORD_ORD_958;PROD_24;1;1
CORD_ORD_958;PROD_33;1;1
CORD_ORD_958;PROD_37;1;1
CORD_ORD_958;PROD_39;1;1
CORD_ORD_958;PROD_44;1;1
CORD_ORD_958;PROD_45;1;1
CORD_ORD_958;PROD_9;1;1
CORD_ORD_959;PROD_1;1;1
CORD_ORD_959;PROD_19;1;1
CORD_ORD_959;PROD_21;1;1
CORD_ORD_959;PROD_24;1;1
CORD_ORD_959;PROD_27;1;1
CORD_ORD_959;PROD_29;1;1
CORD_ORD_959;PROD_3;1;1
CORD_ORD_959;PROD_31;1;1
CORD_ORD_959;PROD_34;1;1
CORD_ORD_959;PROD_35;1;1
CORD_ORD_959;PROD_37;1;1
CORD_ORD_959;PROD_38;1;1
CORD_ORD_959;PROD_4;1;1
CORD_ORD_959;PROD_44;1;1
CORD_ORD_959;PROD_45;1;1
CORD_ORD_959;PROD_49;1;1
CORD_ORD_959;PROD_5;1;1
CORD_ORD_959;PROD_50;1;1
CORD_ORD_959;PROD_6;1;1
CORD_ORD_959;PROD_7;1;1
CORD_ORD_960;PROD_12;1;1
CORD_ORD_960;PROD_15;1;1
CORD_ORD_960;PROD_21;1;1
CORD_ORD_960;PROD_23;1;1
CORD_ORD_960;PROD_24;1;1
CORD_ORD_960;PROD_26;1;1
CORD_ORD_960;PROD_29;1;1
CORD_ORD_960;PROD_31;1;1
CORD_ORD_960;PROD_32;1;1
CORD_ORD_960;PROD_37;1;1
CORD_ORD_960;PROD_42;1;1
CORD_ORD_960;PROD_44;1;1
CORD_ORD_961;PROD_10;1;1
CORD_ORD_961;PROD_11;1;1
CORD_ORD_961;PROD_15;1;1
CORD_ORD_961;PROD_16;1;1
CORD_ORD_961;PROD_17;1;1
CORD_ORD_961;PROD_22;1;1
CORD_ORD_961;PROD_25;1;1
CORD_ORD_961;PROD_28;1;1
CORD_ORD_961;PROD_32;1;1
CORD_ORD_961;PROD_37;1;1
CORD_ORD_961;PROD_41;1;1
CORD_ORD_961;PROD_43;1;1
CORD_ORD_961;PROD_44;1;1
CORD_ORD_961;PROD_48;1;1
CORD_ORD_962;PROD_1;1;1
CORD_ORD_962;PROD_14;1;1
CORD_ORD_962;PROD_16;1;1
CORD_ORD_962;PROD_17;1;1
CORD_ORD_962;PROD_18;1;1
CORD_ORD_962;PROD_2;1;1
CORD_ORD_962;PROD_21;1;1
CORD_ORD_962;PROD_22;1;1
CORD_ORD_962;PROD_24;1;1
CORD_ORD_962;PROD_25;1;1
CORD_ORD_962;PROD_27;1;1
CORD_ORD_962;PROD_28;1;1
CORD_ORD_962;PROD_29;1;1
CORD_ORD_962;PROD_3;1;1
CORD_ORD_962;PROD_30;1;1
CORD_ORD_962;PROD_31;1;1
CORD_ORD_962;PROD_35;1;1
CORD_ORD_962;PROD_36;1;1
CORD_ORD_962;PROD_40;1;1
CORD_ORD_962;PROD_41;1;1
CORD_ORD_962;PROD_46;1;1
CORD_ORD_962;PROD_47;1;1
CORD_ORD_962;PROD_49;1;1
CORD_ORD_962;PROD_7;1;1
CORD_ORD_962;PROD_8;1;1
CORD_ORD_962;PROD_9;1;1
CORD_ORD_963;PROD_10;1;1
CORD_ORD_963;PROD_12;1;1
CORD_ORD_963;PROD_19;1;1
CORD_ORD_963;PROD_21;1;1
CORD_ORD_963;PROD_22;1;1
CORD_ORD_963;PROD_24;1;1
CORD_ORD_963;PROD_26;1;1
CORD_ORD_963;PROD_28;1;1
CORD_ORD_963;PROD_29;1;1
CORD_ORD_963;PROD_30;1;1
CORD_ORD_963;PROD_31;1;1
CORD_ORD_963;PROD_43;1;1
CORD_ORD_963;PROD_45;1;1
CORD_ORD_963;PROD_8;1;1
CORD_ORD_964;PROD_11;1;1
CORD_ORD_964;PROD_15;1;1
CORD_ORD_964;PROD_27;1;1
CORD_ORD_964;PROD_29;1;1
CORD_ORD_964;PROD_31;1;1
CORD_ORD_964;PROD_32;1;1
CORD_ORD_964;PROD_35;1;1
CORD_ORD_964;PROD_48;1;1
CORD_ORD_964;PROD_49;1;1
CORD_ORD_964;PROD_7;1;1
CORD_ORD_965;PROD_1;1;1
CORD_ORD_965;PROD_10;1;1
CORD_ORD_965;PROD_11;1;1
CORD_ORD_965;PROD_14;1;1
CORD_ORD_965;PROD_21;1;1
CORD_ORD_965;PROD_24;1;1
CORD_ORD_965;PROD_29;1;1
CORD_ORD_965;PROD_3;1;1
CORD_ORD_965;PROD_30;1;1
CORD_ORD_965;PROD_31;1;1
CORD_ORD_965;PROD_36;1;1
CORD_ORD_965;PROD_38;1;1
CORD_ORD_965;PROD_4;1;1
CORD_ORD_965;PROD_43;1;1
CORD_ORD_965;PROD_46;1;1
CORD_ORD_965;PROD_48;1;1
CORD_ORD_965;PROD_8;1;1
CORD_ORD_965;PROD_9;1;1
CORD_ORD_966;PROD_14;1;1
CORD_ORD_966;PROD_16;1;1
CORD_ORD_966;PROD_19;1;1
CORD_ORD_966;PROD_25;1;1
CORD_ORD_966;PROD_34;1;1
CORD_ORD_966;PROD_36;1;1
CORD_ORD_966;PROD_45;1;1
CORD_ORD_966;PROD_46;1;1
CORD_ORD_966;PROD_5;1;1
CORD_ORD_966;PROD_9;1;1
CORD_ORD_967;PROD_10;1;1
CORD_ORD_967;PROD_12;1;1
CORD_ORD_967;PROD_20;1;1
CORD_ORD_967;PROD_21;1;1
CORD_ORD_967;PROD_23;1;1
CORD_ORD_967;PROD_24;1;1
CORD_ORD_967;PROD_26;1;1
CORD_ORD_967;PROD_34;1;1
CORD_ORD_967;PROD_37;1;1
CORD_ORD_967;PROD_38;1;1
CORD_ORD_967;PROD_39;1;1
CORD_ORD_967;PROD_4;1;1
CORD_ORD_967;PROD_42;1;1
CORD_ORD_967;PROD_43;1;1
CORD_ORD_967;PROD_44;1;1
CORD_ORD_967;PROD_5;1;1
CORD_ORD_968;PROD_11;1;1
CORD_ORD_968;PROD_15;1;1
CORD_ORD_968;PROD_21;1;1
CORD_ORD_968;PROD_22;1;1
CORD_ORD_968;PROD_23;1;1
CORD_ORD_968;PROD_24;1;1
CORD_ORD_968;PROD_27;1;1
CORD_ORD_968;PROD_28;1;1
CORD_ORD_968;PROD_29;1;1
CORD_ORD_968;PROD_31;1;1
CORD_ORD_968;PROD_32;1;1
CORD_ORD_968;PROD_35;1;1
CORD_ORD_968;PROD_42;1;1
CORD_ORD_968;PROD_48;1;1
CORD_ORD_968;PROD_49;1;1
CORD_ORD_968;PROD_50;1;1
CORD_ORD_968;PROD_6;1;1
CORD_ORD_968;PROD_7;1;1
CORD_ORD_969;PROD_1;1;1
CORD_ORD_969;PROD_10;1;1
CORD_ORD_969;PROD_3;1;1
CORD_ORD_969;PROD_30;1;1
CORD_ORD_969;PROD_36;1;1
CORD_ORD_969;PROD_43;1;1
CORD_ORD_969;PROD_46;1;1
CORD_ORD_969;PROD_8;1;1
CORD_ORD_970;PROD_20;1;1
CORD_ORD_970;PROD_30;1;1
CORD_ORD_970;PROD_36;1;1
CORD_ORD_970;PROD_38;1;1
CORD_ORD_970;PROD_39;1;1
CORD_ORD_970;PROD_4;1;1
CORD_ORD_970;PROD_46;1;1
CORD_ORD_970;PROD_8;1;1
CORD_ORD_971;PROD_1;1;1
CORD_ORD_971;PROD_10;1;1
CORD_ORD_971;PROD_18;1;1
CORD_ORD_971;PROD_2;1;1
CORD_ORD_971;PROD_3;1;1
CORD_ORD_971;PROD_36;1;1
CORD_ORD_971;PROD_37;1;1
CORD_ORD_971;PROD_43;1;1
CORD_ORD_971;PROD_44;1;1
CORD_ORD_971;PROD_46;1;1
CORD_ORD_972;PROD_1;1;1
CORD_ORD_972;PROD_10;1;1
CORD_ORD_972;PROD_11;1;1
CORD_ORD_972;PROD_13;1;1
CORD_ORD_972;PROD_16;1;1
CORD_ORD_972;PROD_17;1;1
CORD_ORD_972;PROD_21;1;1
CORD_ORD_972;PROD_24;1;1
CORD_ORD_972;PROD_25;1;1
CORD_ORD_972;PROD_29;1;1
CORD_ORD_972;PROD_3;1;1
CORD_ORD_972;PROD_30;1;1
CORD_ORD_972;PROD_31;1;1
CORD_ORD_972;PROD_33;1;1
CORD_ORD_972;PROD_37;1;1
CORD_ORD_972;PROD_41;1;1
CORD_ORD_972;PROD_43;1;1
CORD_ORD_972;PROD_44;1;1
CORD_ORD_972;PROD_48;1;1
CORD_ORD_972;PROD_8;1;1
CORD_ORD_973;PROD_11;1;1
CORD_ORD_973;PROD_15;1;1
CORD_ORD_973;PROD_21;1;1
CORD_ORD_973;PROD_24;1;1
CORD_ORD_973;PROD_27;1;1
CORD_ORD_973;PROD_29;1;1
CORD_ORD_973;PROD_31;1;1
CORD_ORD_973;PROD_32;1;1
CORD_ORD_973;PROD_35;1;1
CORD_ORD_973;PROD_38;1;1
CORD_ORD_973;PROD_4;1;1
CORD_ORD_973;PROD_40;1;1
CORD_ORD_973;PROD_47;1;1
CORD_ORD_973;PROD_48;1;1
CORD_ORD_973;PROD_49;1;1
CORD_ORD_973;PROD_7;1;1
CORD_ORD_974;PROD_1;1;1
CORD_ORD_974;PROD_10;1;1
CORD_ORD_974;PROD_11;1;1
CORD_ORD_974;PROD_12;1;1
CORD_ORD_974;PROD_13;1;1
CORD_ORD_974;PROD_14;1;1
CORD_ORD_974;PROD_18;1;1
CORD_ORD_974;PROD_2;1;1
CORD_ORD_974;PROD_21;1;1
CORD_ORD_974;PROD_24;1;1
CORD_ORD_974;PROD_26;1;1
CORD_ORD_974;PROD_29;1;1
CORD_ORD_974;PROD_3;1;1
CORD_ORD_974;PROD_30;1;1
CORD_ORD_974;PROD_31;1;1
CORD_ORD_974;PROD_33;1;1
CORD_ORD_974;PROD_40;1;1
CORD_ORD_974;PROD_43;1;1
CORD_ORD_974;PROD_47;1;1
CORD_ORD_974;PROD_48;1;1
CORD_ORD_974;PROD_8;1;1
CORD_ORD_974;PROD_9;1;1
CORD_ORD_975;PROD_1;1;1
CORD_ORD_975;PROD_11;1;1
CORD_ORD_975;PROD_12;1;1
CORD_ORD_975;PROD_14;1;1
CORD_ORD_975;PROD_18;1;1
CORD_ORD_975;PROD_2;1;1
CORD_ORD_975;PROD_26;1;1
CORD_ORD_975;PROD_3;1;1
CORD_ORD_975;PROD_34;1;1
CORD_ORD_975;PROD_36;1;1
CORD_ORD_975;PROD_38;1;1
CORD_ORD_975;PROD_4;1;1
CORD_ORD_975;PROD_46;1;1
CORD_ORD_975;PROD_48;1;1
CORD_ORD_975;PROD_5;1;1
CORD_ORD_975;PROD_9;1;1
CORD_ORD_976;PROD_1;1;1
CORD_ORD_976;PROD_14;1;1
CORD_ORD_976;PROD_17;1;1
CORD_ORD_976;PROD_18;1;1
CORD_ORD_976;PROD_19;1;1
CORD_ORD_976;PROD_2;1;1
CORD_ORD_976;PROD_21;1;1
CORD_ORD_976;PROD_22;1;1
CORD_ORD_976;PROD_24;1;1
CORD_ORD_976;PROD_28;1;1
CORD_ORD_976;PROD_29;1;1
CORD_ORD_976;PROD_3;1;1
CORD_ORD_976;PROD_30;1;1
CORD_ORD_976;PROD_31;1;1
CORD_ORD_976;PROD_36;1;1
CORD_ORD_976;PROD_41;1;1
CORD_ORD_976;PROD_45;1;1
CORD_ORD_976;PROD_46;1;1
CORD_ORD_976;PROD_8;1;1
CORD_ORD_976;PROD_9;1;1
CORD_ORD_977;PROD_10;1;1
CORD_ORD_977;PROD_12;1;1
CORD_ORD_977;PROD_14;1;1
CORD_ORD_977;PROD_20;1;1
CORD_ORD_977;PROD_26;1;1
CORD_ORD_977;PROD_29;1;1
CORD_ORD_977;PROD_31;1;1
CORD_ORD_977;PROD_35;1;1
CORD_ORD_977;PROD_38;1;1
CORD_ORD_977;PROD_39;1;1
CORD_ORD_977;PROD_4;1;1
CORD_ORD_977;PROD_43;1;1
CORD_ORD_977;PROD_50;1;1
CORD_ORD_977;PROD_6;1;1
CORD_ORD_977;PROD_7;1;1
CORD_ORD_977;PROD_9;1;1
CORD_ORD_978;PROD_1;1;1
CORD_ORD_978;PROD_11;1;1
CORD_ORD_978;PROD_14;1;1
CORD_ORD_978;PROD_21;1;1
CORD_ORD_978;PROD_24;1;1
CORD_ORD_978;PROD_29;1;1
CORD_ORD_978;PROD_3;1;1
CORD_ORD_978;PROD_31;1;1
CORD_ORD_978;PROD_34;1;1
CORD_ORD_978;PROD_36;1;1
CORD_ORD_978;PROD_37;1;1
CORD_ORD_978;PROD_38;1;1
CORD_ORD_978;PROD_4;1;1
CORD_ORD_978;PROD_44;1;1
CORD_ORD_978;PROD_46;1;1
CORD_ORD_978;PROD_48;1;1
CORD_ORD_978;PROD_5;1;1
CORD_ORD_978;PROD_9;1;1
CORD_ORD_979;PROD_14;1;1
CORD_ORD_979;PROD_19;1;1
CORD_ORD_979;PROD_21;1;1
CORD_ORD_979;PROD_22;1;1
CORD_ORD_979;PROD_23;1;1
CORD_ORD_979;PROD_24;1;1
CORD_ORD_979;PROD_28;1;1
CORD_ORD_979;PROD_38;1;1
CORD_ORD_979;PROD_4;1;1
CORD_ORD_979;PROD_42;1;1
CORD_ORD_979;PROD_45;1;1
CORD_ORD_979;PROD_9;1;1
CORD_ORD_980;PROD_12;1;1
CORD_ORD_980;PROD_14;1;1
CORD_ORD_980;PROD_15;1;1
CORD_ORD_980;PROD_19;1;1
CORD_ORD_980;PROD_21;1;1
CORD_ORD_980;PROD_23;1;1
CORD_ORD_980;PROD_24;1;1
CORD_ORD_980;PROD_26;1;1
CORD_ORD_980;PROD_30;1;1
CORD_ORD_980;PROD_32;1;1
CORD_ORD_980;PROD_34;1;1
CORD_ORD_980;PROD_40;1;1
CORD_ORD_980;PROD_42;1;1
CORD_ORD_980;PROD_45;1;1
CORD_ORD_980;PROD_47;1;1
CORD_ORD_980;PROD_5;1;1
CORD_ORD_980;PROD_8;1;1
CORD_ORD_980;PROD_9;1;1
CORD_ORD_981;PROD_1;1;1
CORD_ORD_981;PROD_10;1;1
CORD_ORD_981;PROD_15;1;1
CORD_ORD_981;PROD_20;1;1
CORD_ORD_981;PROD_21;1;1
CORD_ORD_981;PROD_23;1;1
CORD_ORD_981;PROD_24;1;1
CORD_ORD_981;PROD_3;1;1
CORD_ORD_981;PROD_30;1;1
CORD_ORD_981;PROD_32;1;1
CORD_ORD_981;PROD_36;1;1
CORD_ORD_981;PROD_37;1;1
CORD_ORD_981;PROD_38;1;1
CORD_ORD_981;PROD_39;1;1
CORD_ORD_981;PROD_4;1;1
CORD_ORD_981;PROD_42;1;1
CORD_ORD_981;PROD_43;1;1
CORD_ORD_981;PROD_44;1;1
CORD_ORD_981;PROD_46;1;1
CORD_ORD_981;PROD_8;1;1
CORD_ORD_982;PROD_10;1;1
CORD_ORD_982;PROD_13;1;1
CORD_ORD_982;PROD_14;1;1
CORD_ORD_982;PROD_20;1;1
CORD_ORD_982;PROD_33;1;1
CORD_ORD_982;PROD_35;1;1
CORD_ORD_982;PROD_39;1;1
CORD_ORD_982;PROD_43;1;1
CORD_ORD_982;PROD_50;1;1
CORD_ORD_982;PROD_6;1;1
CORD_ORD_982;PROD_7;1;1
CORD_ORD_982;PROD_9;1;1
CORD_ORD_983;PROD_1;1;1
CORD_ORD_983;PROD_13;1;1
CORD_ORD_983;PROD_14;1;1
CORD_ORD_983;PROD_17;1;1
CORD_ORD_983;PROD_20;1;1
CORD_ORD_983;PROD_23;1;1
CORD_ORD_983;PROD_27;1;1
CORD_ORD_983;PROD_3;1;1
CORD_ORD_983;PROD_33;1;1
CORD_ORD_983;PROD_38;1;1
CORD_ORD_983;PROD_39;1;1
CORD_ORD_983;PROD_4;1;1
CORD_ORD_983;PROD_41;1;1
CORD_ORD_983;PROD_42;1;1
CORD_ORD_983;PROD_49;1;1
CORD_ORD_983;PROD_50;1;1
CORD_ORD_983;PROD_6;1;1
CORD_ORD_983;PROD_9;1;1
CORD_ORD_984;PROD_1;1;1
CORD_ORD_984;PROD_12;1;1
CORD_ORD_984;PROD_14;1;1
CORD_ORD_984;PROD_16;1;1
CORD_ORD_984;PROD_20;1;1
CORD_ORD_984;PROD_22;1;1
CORD_ORD_984;PROD_25;1;1
CORD_ORD_984;PROD_26;1;1
CORD_ORD_984;PROD_28;1;1
CORD_ORD_984;PROD_3;1;1
CORD_ORD_984;PROD_34;1;1
CORD_ORD_984;PROD_36;1;1
CORD_ORD_984;PROD_39;1;1
CORD_ORD_984;PROD_46;1;1
CORD_ORD_984;PROD_5;1;1
CORD_ORD_984;PROD_9;1;1
CORD_ORD_985;PROD_10;1;1
CORD_ORD_985;PROD_11;1;1
CORD_ORD_985;PROD_12;1;1
CORD_ORD_985;PROD_13;1;1
CORD_ORD_985;PROD_15;1;1
CORD_ORD_985;PROD_19;1;1
CORD_ORD_985;PROD_26;1;1
CORD_ORD_985;PROD_27;1;1
CORD_ORD_985;PROD_32;1;1
CORD_ORD_985;PROD_33;1;1
CORD_ORD_985;PROD_34;1;1
CORD_ORD_985;PROD_37;1;1
CORD_ORD_985;PROD_38;1;1
CORD_ORD_985;PROD_4;1;1
CORD_ORD_985;PROD_43;1;1
CORD_ORD_985;PROD_44;1;1
CORD_ORD_985;PROD_45;1;1
CORD_ORD_985;PROD_48;1;1
CORD_ORD_985;PROD_49;1;1
CORD_ORD_985;PROD_5;1;1
CORD_ORD_986;PROD_11;1;1
CORD_ORD_986;PROD_15;1;1
CORD_ORD_986;PROD_22;1;1
CORD_ORD_986;PROD_28;1;1
CORD_ORD_986;PROD_29;1;1
CORD_ORD_986;PROD_31;1;1
CORD_ORD_986;PROD_32;1;1
CORD_ORD_986;PROD_48;1;1
CORD_ORD_986;PROD_50;1;1
CORD_ORD_986;PROD_6;1;1
CORD_ORD_987;PROD_1;1;1
CORD_ORD_987;PROD_10;1;1
CORD_ORD_987;PROD_11;1;1
CORD_ORD_987;PROD_16;1;1
CORD_ORD_987;PROD_17;1;1
CORD_ORD_987;PROD_18;1;1
CORD_ORD_987;PROD_2;1;1
CORD_ORD_987;PROD_20;1;1
CORD_ORD_987;PROD_25;1;1
CORD_ORD_987;PROD_3;1;1
CORD_ORD_987;PROD_30;1;1
CORD_ORD_987;PROD_36;1;1
CORD_ORD_987;PROD_37;1;1
CORD_ORD_987;PROD_38;1;1
CORD_ORD_987;PROD_39;1;1
CORD_ORD_987;PROD_4;1;1
CORD_ORD_987;PROD_41;1;1
CORD_ORD_987;PROD_43;1;1
CORD_ORD_987;PROD_44;1;1
CORD_ORD_987;PROD_46;1;1
CORD_ORD_987;PROD_48;1;1
CORD_ORD_987;PROD_8;1;1
CORD_ORD_988;PROD_11;1;1
CORD_ORD_988;PROD_13;1;1
CORD_ORD_988;PROD_14;1;1
CORD_ORD_988;PROD_15;1;1
CORD_ORD_988;PROD_27;1;1
CORD_ORD_988;PROD_29;1;1
CORD_ORD_988;PROD_31;1;1
CORD_ORD_988;PROD_32;1;1
CORD_ORD_988;PROD_33;1;1
CORD_ORD_988;PROD_36;1;1
CORD_ORD_988;PROD_37;1;1
CORD_ORD_988;PROD_40;1;1
CORD_ORD_988;PROD_44;1;1
CORD_ORD_988;PROD_46;1;1
CORD_ORD_988;PROD_47;1;1
CORD_ORD_988;PROD_48;1;1
CORD_ORD_988;PROD_49;1;1
CORD_ORD_988;PROD_9;1;1
CORD_ORD_989;PROD_1;1;1
CORD_ORD_989;PROD_10;1;1
CORD_ORD_989;PROD_14;1;1
CORD_ORD_989;PROD_16;1;1
CORD_ORD_989;PROD_20;1;1
CORD_ORD_989;PROD_22;1;1
CORD_ORD_989;PROD_25;1;1
CORD_ORD_989;PROD_28;1;1
CORD_ORD_989;PROD_3;1;1
CORD_ORD_989;PROD_30;1;1
CORD_ORD_989;PROD_35;1;1
CORD_ORD_989;PROD_39;1;1
CORD_ORD_989;PROD_43;1;1
CORD_ORD_989;PROD_7;1;1
CORD_ORD_989;PROD_8;1;1
CORD_ORD_989;PROD_9;1;1
CORD_ORD_990;PROD_10;1;1
CORD_ORD_990;PROD_21;1;1
CORD_ORD_990;PROD_24;1;1
CORD_ORD_990;PROD_29;1;1
CORD_ORD_990;PROD_30;1;1
CORD_ORD_990;PROD_31;1;1
CORD_ORD_990;PROD_35;1;1
CORD_ORD_990;PROD_36;1;1
CORD_ORD_990;PROD_37;1;1
CORD_ORD_990;PROD_38;1;1
CORD_ORD_990;PROD_4;1;1
CORD_ORD_990;PROD_40;1;1
CORD_ORD_990;PROD_43;1;1
CORD_ORD_990;PROD_44;1;1
CORD_ORD_990;PROD_46;1;1
CORD_ORD_990;PROD_47;1;1
CORD_ORD_990;PROD_7;1;1
CORD_ORD_990;PROD_8;1;1
CORD_ORD_991;PROD_11;1;1
CORD_ORD_991;PROD_12;1;1
CORD_ORD_991;PROD_13;1;1
CORD_ORD_991;PROD_14;1;1
CORD_ORD_991;PROD_16;1;1
CORD_ORD_991;PROD_18;1;1
CORD_ORD_991;PROD_2;1;1
CORD_ORD_991;PROD_21;1;1
CORD_ORD_991;PROD_23;1;1
CORD_ORD_991;PROD_24;1;1
CORD_ORD_991;PROD_25;1;1
CORD_ORD_991;PROD_26;1;1
CORD_ORD_991;PROD_30;1;1
CORD_ORD_991;PROD_33;1;1
CORD_ORD_991;PROD_36;1;1
CORD_ORD_991;PROD_42;1;1
CORD_ORD_991;PROD_46;1;1
CORD_ORD_991;PROD_48;1;1
CORD_ORD_991;PROD_50;1;1
CORD_ORD_991;PROD_6;1;1
CORD_ORD_991;PROD_8;1;1
CORD_ORD_991;PROD_9;1;1
CORD_ORD_992;PROD_1;1;1
CORD_ORD_992;PROD_13;1;1
CORD_ORD_992;PROD_16;1;1
CORD_ORD_992;PROD_22;1;1
CORD_ORD_992;PROD_25;1;1
CORD_ORD_992;PROD_28;1;1
CORD_ORD_992;PROD_29;1;1
CORD_ORD_992;PROD_3;1;1
CORD_ORD_992;PROD_31;1;1
CORD_ORD_992;PROD_33;1;1
CORD_ORD_992;PROD_40;1;1
CORD_ORD_992;PROD_47;1;1
CORD_ORD_993;PROD_10;1;1
CORD_ORD_993;PROD_11;1;1
CORD_ORD_993;PROD_12;1;1
CORD_ORD_993;PROD_13;1;1
CORD_ORD_993;PROD_14;1;1
CORD_ORD_993;PROD_17;1;1
CORD_ORD_993;PROD_19;1;1
CORD_ORD_993;PROD_23;1;1
CORD_ORD_993;PROD_26;1;1
CORD_ORD_993;PROD_27;1;1
CORD_ORD_993;PROD_29;1;1
CORD_ORD_993;PROD_31;1;1
CORD_ORD_993;PROD_33;1;1
CORD_ORD_993;PROD_36;1;1
CORD_ORD_993;PROD_40;1;1
CORD_ORD_993;PROD_41;1;1
CORD_ORD_993;PROD_42;1;1
CORD_ORD_993;PROD_43;1;1
CORD_ORD_993;PROD_45;1;1
CORD_ORD_993;PROD_46;1;1
CORD_ORD_993;PROD_47;1;1
CORD_ORD_993;PROD_48;1;1
CORD_ORD_993;PROD_49;1;1
CORD_ORD_993;PROD_9;1;1
CORD_ORD_994;PROD_12;1;1
CORD_ORD_994;PROD_21;1;1
CORD_ORD_994;PROD_22;1;1
CORD_ORD_994;PROD_23;1;1
CORD_ORD_994;PROD_24;1;1
CORD_ORD_994;PROD_26;1;1
CORD_ORD_994;PROD_28;1;1
CORD_ORD_994;PROD_30;1;1
CORD_ORD_994;PROD_38;1;1
CORD_ORD_994;PROD_4;1;1
CORD_ORD_994;PROD_42;1;1
CORD_ORD_994;PROD_8;1;1
CORD_ORD_995;PROD_1;1;1
CORD_ORD_995;PROD_10;1;1
CORD_ORD_995;PROD_11;1;1
CORD_ORD_995;PROD_15;1;1
CORD_ORD_995;PROD_16;1;1
CORD_ORD_995;PROD_17;1;1
CORD_ORD_995;PROD_22;1;1
CORD_ORD_995;PROD_25;1;1
CORD_ORD_995;PROD_27;1;1
CORD_ORD_995;PROD_28;1;1
CORD_ORD_995;PROD_29;1;1
CORD_ORD_995;PROD_3;1;1
CORD_ORD_995;PROD_31;1;1
CORD_ORD_995;PROD_32;1;1
CORD_ORD_995;PROD_37;1;1
CORD_ORD_995;PROD_41;1;1
CORD_ORD_995;PROD_43;1;1
CORD_ORD_995;PROD_44;1;1
CORD_ORD_995;PROD_48;1;1
CORD_ORD_995;PROD_49;1;1
CORD_ORD_996;PROD_11;1;1
CORD_ORD_996;PROD_12;1;1
CORD_ORD_996;PROD_13;1;1
CORD_ORD_996;PROD_19;1;1
CORD_ORD_996;PROD_26;1;1
CORD_ORD_996;PROD_33;1;1
CORD_ORD_996;PROD_37;1;1
CORD_ORD_996;PROD_38;1;1
CORD_ORD_996;PROD_4;1;1
CORD_ORD_996;PROD_44;1;1
CORD_ORD_996;PROD_45;1;1
CORD_ORD_996;PROD_48;1;1
CORD_ORD_997;PROD_12;1;1
CORD_ORD_997;PROD_21;1;1
CORD_ORD_997;PROD_22;1;1
CORD_ORD_997;PROD_23;1;1
CORD_ORD_997;PROD_24;1;1
CORD_ORD_997;PROD_26;1;1
CORD_ORD_997;PROD_28;1;1
CORD_ORD_997;PROD_37;1;1
CORD_ORD_997;PROD_38;1;1
CORD_ORD_997;PROD_4;1;1
CORD_ORD_997;PROD_42;1;1
CORD_ORD_997;PROD_44;1;1
CORD_ORD_998;PROD_12;1;1
CORD_ORD_998;PROD_15;1;1
CORD_ORD_998;PROD_16;1;1
CORD_ORD_998;PROD_17;1;1
CORD_ORD_998;PROD_18;1;1
CORD_ORD_998;PROD_2;1;1
CORD_ORD_998;PROD_20;1;1
CORD_ORD_998;PROD_25;1;1
CORD_ORD_998;PROD_26;1;1
CORD_ORD_998;PROD_30;1;1
CORD_ORD_998;PROD_32;1;1
CORD_ORD_998;PROD_38;1;1
CORD_ORD_998;PROD_39;1;1
CORD_ORD_998;PROD_4;1;1
CORD_ORD_998;PROD_41;1;1
CORD_ORD_998;PROD_50;1;1
CORD_ORD_998;PROD_6;1;1
CORD_ORD_998;PROD_8;1;1
CORD_ORD_999;PROD_11;1;1
CORD_ORD_999;PROD_13;1;1
CORD_ORD_999;PROD_19;1;1
CORD_ORD_999;PROD_33;1;1
CORD_ORD_999;PROD_37;1;1
CORD_ORD_999;PROD_44;1;1
CORD_ORD_999;PROD_45;1;1
CORD_ORD_999;PROD_48;1;1
CORD_ORD_1000;PROD_1;1;1
CORD_ORD_1000;PROD_11;1;1
CORD_ORD_1000;PROD_12;1;1
CORD_ORD_1000;PROD_15;1;1
CORD_ORD_1000;PROD_20;1;1
CORD_ORD_1000;PROD_26;1;1
CORD_ORD_1000;PROD_27;1;1
CORD_ORD_1000;PROD_3;1;1
CORD_ORD_1000;PROD_30;1;1
CORD_ORD_1000;PROD_32;1;1
CORD_ORD_1000;PROD_34;1;1
CORD_ORD_1000;PROD_39;1;1
CORD_ORD_1000;PROD_48;1;1
CORD_ORD_1000;PROD_49;1;1
CORD_ORD_1000;PROD_5;1;1
CORD_ORD_1000;PROD_8;1;1
CORD_ORD_1001;PROD_1;1;1
CORD_ORD_1001;PROD_10;1;1
CORD_ORD_1001;PROD_14;1;1
CORD_ORD_1001;PROD_15;1;1
CORD_ORD_1001;PROD_22;1;1
CORD_ORD_1001;PROD_28;1;1
CORD_ORD_1001;PROD_29;1;1
CORD_ORD_1001;PROD_3;1;1
CORD_ORD_1001;PROD_31;1;1
CORD_ORD_1001;PROD_32;1;1
CORD_ORD_1001;PROD_35;1;1
CORD_ORD_1001;PROD_40;1;1
CORD_ORD_1001;PROD_43;1;1
CORD_ORD_1001;PROD_47;1;1
CORD_ORD_1001;PROD_50;1;1
CORD_ORD_1001;PROD_6;1;1
CORD_ORD_1001;PROD_7;1;1
CORD_ORD_1001;PROD_9;1;1
CORD_ORD_1002;PROD_1;1;1
CORD_ORD_1002;PROD_10;1;1
CORD_ORD_1002;PROD_11;1;1
CORD_ORD_1002;PROD_16;1;1
CORD_ORD_1002;PROD_17;1;1
CORD_ORD_1002;PROD_18;1;1
CORD_ORD_1002;PROD_2;1;1
CORD_ORD_1002;PROD_22;1;1
CORD_ORD_1002;PROD_25;1;1
CORD_ORD_1002;PROD_28;1;1
CORD_ORD_1002;PROD_3;1;1
CORD_ORD_1002;PROD_30;1;1
CORD_ORD_1002;PROD_41;1;1
CORD_ORD_1002;PROD_43;1;1
CORD_ORD_1002;PROD_48;1;1
CORD_ORD_1002;PROD_8;1;1
CORD_ORD_1003;PROD_11;1;1
CORD_ORD_1003;PROD_12;1;1
CORD_ORD_1003;PROD_15;1;1
CORD_ORD_1003;PROD_17;1;1
CORD_ORD_1003;PROD_18;1;1
CORD_ORD_1003;PROD_2;1;1
CORD_ORD_1003;PROD_26;1;1
CORD_ORD_1003;PROD_29;1;1
CORD_ORD_1003;PROD_30;1;1
CORD_ORD_1003;PROD_31;1;1
CORD_ORD_1003;PROD_32;1;1
CORD_ORD_1003;PROD_34;1;1
CORD_ORD_1003;PROD_35;1;1
CORD_ORD_1003;PROD_37;1;1
CORD_ORD_1003;PROD_38;1;1
CORD_ORD_1003;PROD_4;1;1
CORD_ORD_1003;PROD_41;1;1
CORD_ORD_1003;PROD_44;1;1
CORD_ORD_1003;PROD_48;1;1
CORD_ORD_1003;PROD_5;1;1
CORD_ORD_1003;PROD_7;1;1
CORD_ORD_1003;PROD_8;1;1
CORD_ORD_1004;PROD_20;1;1
CORD_ORD_1004;PROD_21;1;1
CORD_ORD_1004;PROD_23;1;1
CORD_ORD_1004;PROD_24;1;1
CORD_ORD_1004;PROD_30;1;1
CORD_ORD_1004;PROD_37;1;1
CORD_ORD_1004;PROD_39;1;1
CORD_ORD_1004;PROD_42;1;1
CORD_ORD_1004;PROD_44;1;1
CORD_ORD_1004;PROD_8;1;1
CORD_ORD_1005;PROD_1;1;1
CORD_ORD_1005;PROD_10;1;1
CORD_ORD_1005;PROD_12;1;1
CORD_ORD_1005;PROD_26;1;1
CORD_ORD_1005;PROD_3;1;1
CORD_ORD_1005;PROD_30;1;1
CORD_ORD_1005;PROD_38;1;1
CORD_ORD_1005;PROD_4;1;1
CORD_ORD_1005;PROD_43;1;1
CORD_ORD_1005;PROD_8;1;1
CORD_ORD_1006;PROD_1;1;1
CORD_ORD_1006;PROD_10;1;1
CORD_ORD_1006;PROD_11;1;1
CORD_ORD_1006;PROD_13;1;1
CORD_ORD_1006;PROD_15;1;1
CORD_ORD_1006;PROD_17;1;1
CORD_ORD_1006;PROD_29;1;1
CORD_ORD_1006;PROD_3;1;1
CORD_ORD_1006;PROD_30;1;1
CORD_ORD_1006;PROD_31;1;1
CORD_ORD_1006;PROD_32;1;1
CORD_ORD_1006;PROD_33;1;1
CORD_ORD_1006;PROD_36;1;1
CORD_ORD_1006;PROD_41;1;1
CORD_ORD_1006;PROD_43;1;1
CORD_ORD_1006;PROD_46;1;1
CORD_ORD_1006;PROD_48;1;1
CORD_ORD_1006;PROD_8;1;1
CORD_ORD_1007;PROD_10;1;1
CORD_ORD_1007;PROD_11;1;1
CORD_ORD_1007;PROD_13;1;1
CORD_ORD_1007;PROD_17;1;1
CORD_ORD_1007;PROD_19;1;1
CORD_ORD_1007;PROD_21;1;1
CORD_ORD_1007;PROD_24;1;1
CORD_ORD_1007;PROD_33;1;1
CORD_ORD_1007;PROD_37;1;1
CORD_ORD_1007;PROD_41;1;1
CORD_ORD_1007;PROD_43;1;1
CORD_ORD_1007;PROD_44;1;1
CORD_ORD_1007;PROD_45;1;1
CORD_ORD_1007;PROD_48;1;1
CORD_ORD_1008;PROD_10;1;1
CORD_ORD_1008;PROD_11;1;1
CORD_ORD_1008;PROD_14;1;1
CORD_ORD_1008;PROD_15;1;1
CORD_ORD_1008;PROD_20;1;1
CORD_ORD_1008;PROD_27;1;1
CORD_ORD_1008;PROD_29;1;1
CORD_ORD_1008;PROD_31;1;1
CORD_ORD_1008;PROD_32;1;1
CORD_ORD_1008;PROD_35;1;1
CORD_ORD_1008;PROD_39;1;1
CORD_ORD_1008;PROD_43;1;1
CORD_ORD_1008;PROD_48;1;1
CORD_ORD_1008;PROD_49;1;1
CORD_ORD_1008;PROD_7;1;1
CORD_ORD_1008;PROD_9;1;1
CORD_ORD_1009;PROD_15;1;1
CORD_ORD_1009;PROD_18;1;1
CORD_ORD_1009;PROD_2;1;1
CORD_ORD_1009;PROD_21;1;1
CORD_ORD_1009;PROD_22;1;1
CORD_ORD_1009;PROD_23;1;1
CORD_ORD_1009;PROD_24;1;1
CORD_ORD_1009;PROD_27;1;1
CORD_ORD_1009;PROD_28;1;1
CORD_ORD_1009;PROD_29;1;1
CORD_ORD_1009;PROD_31;1;1
CORD_ORD_1009;PROD_32;1;1
CORD_ORD_1009;PROD_42;1;1
CORD_ORD_1009;PROD_49;1;1
CORD_ORD_1009;PROD_50;1;1
CORD_ORD_1009;PROD_6;1;1
CORD_ORD_1010;PROD_11;1;1
CORD_ORD_1010;PROD_13;1;1
CORD_ORD_1010;PROD_14;1;1
CORD_ORD_1010;PROD_17;1;1
CORD_ORD_1010;PROD_21;1;1
CORD_ORD_1010;PROD_24;1;1
CORD_ORD_1010;PROD_29;1;1
CORD_ORD_1010;PROD_31;1;1
CORD_ORD_1010;PROD_33;1;1
CORD_ORD_1010;PROD_35;1;1
CORD_ORD_1010;PROD_38;1;1
CORD_ORD_1010;PROD_4;1;1
CORD_ORD_1010;PROD_41;1;1
CORD_ORD_1010;PROD_48;1;1
CORD_ORD_1010;PROD_50;1;1
CORD_ORD_1010;PROD_6;1;1
CORD_ORD_1010;PROD_7;1;1
CORD_ORD_1010;PROD_9;1;1
CORD_ORD_1011;PROD_1;1;1
CORD_ORD_1011;PROD_10;1;1
CORD_ORD_1011;PROD_13;1;1
CORD_ORD_1011;PROD_14;1;1
CORD_ORD_1011;PROD_16;1;1
CORD_ORD_1011;PROD_17;1;1
CORD_ORD_1011;PROD_18;1;1
CORD_ORD_1011;PROD_2;1;1
CORD_ORD_1011;PROD_22;1;1
CORD_ORD_1011;PROD_25;1;1
CORD_ORD_1011;PROD_28;1;1
CORD_ORD_1011;PROD_3;1;1
CORD_ORD_1011;PROD_30;1;1
CORD_ORD_1011;PROD_33;1;1
CORD_ORD_1011;PROD_34;1;1
CORD_ORD_1011;PROD_37;1;1
CORD_ORD_1011;PROD_38;1;1
CORD_ORD_1011;PROD_4;1;1
CORD_ORD_1011;PROD_40;1;1
CORD_ORD_1011;PROD_41;1;1
CORD_ORD_1011;PROD_43;1;1
CORD_ORD_1011;PROD_44;1;1
CORD_ORD_1011;PROD_47;1;1
CORD_ORD_1011;PROD_5;1;1
CORD_ORD_1011;PROD_8;1;1
CORD_ORD_1011;PROD_9;1;1
CORD_ORD_1012;PROD_11;1;1
CORD_ORD_1012;PROD_12;1;1
CORD_ORD_1012;PROD_15;1;1
CORD_ORD_1012;PROD_16;1;1
CORD_ORD_1012;PROD_19;1;1
CORD_ORD_1012;PROD_21;1;1
CORD_ORD_1012;PROD_22;1;1
CORD_ORD_1012;PROD_23;1;1
CORD_ORD_1012;PROD_24;1;1
CORD_ORD_1012;PROD_25;1;1
CORD_ORD_1012;PROD_26;1;1
CORD_ORD_1012;PROD_27;1;1
CORD_ORD_1012;PROD_28;1;1
CORD_ORD_1012;PROD_29;1;1
CORD_ORD_1012;PROD_31;1;1
CORD_ORD_1012;PROD_32;1;1
CORD_ORD_1012;PROD_36;1;1
CORD_ORD_1012;PROD_37;1;1
CORD_ORD_1012;PROD_42;1;1
CORD_ORD_1012;PROD_44;1;1
CORD_ORD_1012;PROD_45;1;1
CORD_ORD_1012;PROD_46;1;1
CORD_ORD_1012;PROD_48;1;1
CORD_ORD_1012;PROD_49;1;1
CORD_ORD_1013;PROD_10;1;1
CORD_ORD_1013;PROD_12;1;1
CORD_ORD_1013;PROD_15;1;1
CORD_ORD_1013;PROD_19;1;1
CORD_ORD_1013;PROD_20;1;1
CORD_ORD_1013;PROD_21;1;1
CORD_ORD_1013;PROD_24;1;1
CORD_ORD_1013;PROD_26;1;1
CORD_ORD_1013;PROD_30;1;1
CORD_ORD_1013;PROD_32;1;1
CORD_ORD_1013;PROD_34;1;1
CORD_ORD_1013;PROD_35;1;1
CORD_ORD_1013;PROD_39;1;1
CORD_ORD_1013;PROD_43;1;1
CORD_ORD_1013;PROD_45;1;1
CORD_ORD_1013;PROD_5;1;1
CORD_ORD_1013;PROD_7;1;1
CORD_ORD_1013;PROD_8;1;1
CORD_ORD_1014;PROD_11;1;1
CORD_ORD_1014;PROD_12;1;1
CORD_ORD_1014;PROD_14;1;1
CORD_ORD_1014;PROD_15;1;1
CORD_ORD_1014;PROD_16;1;1
CORD_ORD_1014;PROD_17;1;1
CORD_ORD_1014;PROD_18;1;1
CORD_ORD_1014;PROD_2;1;1
CORD_ORD_1014;PROD_22;1;1
CORD_ORD_1014;PROD_25;1;1
CORD_ORD_1014;PROD_26;1;1
CORD_ORD_1014;PROD_28;1;1
CORD_ORD_1014;PROD_30;1;1
CORD_ORD_1014;PROD_32;1;1
CORD_ORD_1014;PROD_34;1;1
CORD_ORD_1014;PROD_36;1;1
CORD_ORD_1014;PROD_41;1;1
CORD_ORD_1014;PROD_46;1;1
CORD_ORD_1014;PROD_48;1;1
CORD_ORD_1014;PROD_5;1;1
CORD_ORD_1014;PROD_50;1;1
CORD_ORD_1014;PROD_6;1;1
CORD_ORD_1014;PROD_8;1;1
CORD_ORD_1014;PROD_9;1;1
CORD_ORD_1015;PROD_11;1;1
CORD_ORD_1015;PROD_14;1;1
CORD_ORD_1015;PROD_18;1;1
CORD_ORD_1015;PROD_2;1;1
CORD_ORD_1015;PROD_20;1;1
CORD_ORD_1015;PROD_30;1;1
CORD_ORD_1015;PROD_36;1;1
CORD_ORD_1015;PROD_38;1;1
CORD_ORD_1015;PROD_39;1;1
CORD_ORD_1015;PROD_4;1;1
CORD_ORD_1015;PROD_46;1;1
CORD_ORD_1015;PROD_48;1;1
CORD_ORD_1015;PROD_8;1;1
CORD_ORD_1015;PROD_9;1;1
CORD_ORD_1016;PROD_1;1;1
CORD_ORD_1016;PROD_10;1;1
CORD_ORD_1016;PROD_12;1;1
CORD_ORD_1016;PROD_16;1;1
CORD_ORD_1016;PROD_21;1;1
CORD_ORD_1016;PROD_24;1;1
CORD_ORD_1016;PROD_25;1;1
CORD_ORD_1016;PROD_26;1;1
CORD_ORD_1016;PROD_29;1;1
CORD_ORD_1016;PROD_3;1;1
CORD_ORD_1016;PROD_31;1;1
CORD_ORD_1016;PROD_34;1;1
CORD_ORD_1016;PROD_38;1;1
CORD_ORD_1016;PROD_4;1;1
CORD_ORD_1016;PROD_43;1;1
CORD_ORD_1016;PROD_5;1;1
CORD_ORD_1017;PROD_12;1;1
CORD_ORD_1017;PROD_14;1;1
CORD_ORD_1017;PROD_18;1;1
CORD_ORD_1017;PROD_2;1;1
CORD_ORD_1017;PROD_26;1;1
CORD_ORD_1017;PROD_38;1;1
CORD_ORD_1017;PROD_4;1;1
CORD_ORD_1017;PROD_9;1;1
CORD_ORD_1018;PROD_16;1;1
CORD_ORD_1018;PROD_18;1;1
CORD_ORD_1018;PROD_2;1;1
CORD_ORD_1018;PROD_25;1;1
CORD_ORD_1018;PROD_30;1;1
CORD_ORD_1018;PROD_36;1;1
CORD_ORD_1018;PROD_38;1;1
CORD_ORD_1018;PROD_4;1;1
CORD_ORD_1018;PROD_46;1;1
CORD_ORD_1018;PROD_8;1;1
CORD_ORD_1019;PROD_12;1;1
CORD_ORD_1019;PROD_15;1;1
CORD_ORD_1019;PROD_26;1;1
CORD_ORD_1019;PROD_32;1;1
CORD_ORD_1019;PROD_37;1;1
CORD_ORD_1019;PROD_38;1;1
CORD_ORD_1019;PROD_4;1;1
CORD_ORD_1019;PROD_44;1;1
CORD_ORD_1020;PROD_10;1;1
CORD_ORD_1020;PROD_11;1;1
CORD_ORD_1020;PROD_15;1;1
CORD_ORD_1020;PROD_21;1;1
CORD_ORD_1020;PROD_24;1;1
CORD_ORD_1020;PROD_27;1;1
CORD_ORD_1020;PROD_29;1;1
CORD_ORD_1020;PROD_31;1;1
CORD_ORD_1020;PROD_32;1;1
CORD_ORD_1020;PROD_34;1;1
CORD_ORD_1020;PROD_38;1;1
CORD_ORD_1020;PROD_4;1;1
CORD_ORD_1020;PROD_43;1;1
CORD_ORD_1020;PROD_48;1;1
CORD_ORD_1020;PROD_49;1;1
CORD_ORD_1020;PROD_5;1;1
CORD_ORD_1021;PROD_10;1;1
CORD_ORD_1021;PROD_11;1;1
CORD_ORD_1021;PROD_12;1;1
CORD_ORD_1021;PROD_14;1;1
CORD_ORD_1021;PROD_22;1;1
CORD_ORD_1021;PROD_26;1;1
CORD_ORD_1021;PROD_28;1;1
CORD_ORD_1021;PROD_30;1;1
CORD_ORD_1021;PROD_36;1;1
CORD_ORD_1021;PROD_40;1;1
CORD_ORD_1021;PROD_43;1;1
CORD_ORD_1021;PROD_46;1;1
CORD_ORD_1021;PROD_47;1;1
CORD_ORD_1021;PROD_48;1;1
CORD_ORD_1021;PROD_50;1;1
CORD_ORD_1021;PROD_6;1;1
CORD_ORD_1021;PROD_8;1;1
CORD_ORD_1021;PROD_9;1;1
CORD_ORD_1022;PROD_1;1;1
CORD_ORD_1022;PROD_11;1;1
CORD_ORD_1022;PROD_16;1;1
CORD_ORD_1022;PROD_18;1;1
CORD_ORD_1022;PROD_19;1;1
CORD_ORD_1022;PROD_2;1;1
CORD_ORD_1022;PROD_20;1;1
CORD_ORD_1022;PROD_25;1;1
CORD_ORD_1022;PROD_3;1;1
CORD_ORD_1022;PROD_30;1;1
CORD_ORD_1022;PROD_36;1;1
CORD_ORD_1022;PROD_37;1;1
CORD_ORD_1022;PROD_38;1;1
CORD_ORD_1022;PROD_39;1;1
CORD_ORD_1022;PROD_4;1;1
CORD_ORD_1022;PROD_44;1;1
CORD_ORD_1022;PROD_45;1;1
CORD_ORD_1022;PROD_46;1;1
CORD_ORD_1022;PROD_48;1;1
CORD_ORD_1022;PROD_8;1;1
CORD_ORD_1023;PROD_20;1;1
CORD_ORD_1023;PROD_30;1;1
CORD_ORD_1023;PROD_36;1;1
CORD_ORD_1023;PROD_38;1;1
CORD_ORD_1023;PROD_39;1;1
CORD_ORD_1023;PROD_4;1;1
CORD_ORD_1023;PROD_46;1;1
CORD_ORD_1023;PROD_8;1;1
CORD_ORD_1024;PROD_1;1;1
CORD_ORD_1024;PROD_10;1;1
CORD_ORD_1024;PROD_15;1;1
CORD_ORD_1024;PROD_19;1;1
CORD_ORD_1024;PROD_27;1;1
CORD_ORD_1024;PROD_3;1;1
CORD_ORD_1024;PROD_30;1;1
CORD_ORD_1024;PROD_32;1;1
CORD_ORD_1024;PROD_35;1;1
CORD_ORD_1024;PROD_37;1;1
CORD_ORD_1024;PROD_38;1;1
CORD_ORD_1024;PROD_4;1;1
CORD_ORD_1024;PROD_43;1;1
CORD_ORD_1024;PROD_44;1;1
CORD_ORD_1024;PROD_45;1;1
CORD_ORD_1024;PROD_49;1;1
CORD_ORD_1024;PROD_7;1;1
CORD_ORD_1024;PROD_8;1;1
CORD_ORD_1025;PROD_11;1;1
CORD_ORD_1025;PROD_12;1;1
CORD_ORD_1025;PROD_14;1;1
CORD_ORD_1025;PROD_15;1;1
CORD_ORD_1025;PROD_20;1;1
CORD_ORD_1025;PROD_26;1;1
CORD_ORD_1025;PROD_27;1;1
CORD_ORD_1025;PROD_29;1;1
CORD_ORD_1025;PROD_31;1;1
CORD_ORD_1025;PROD_32;1;1
CORD_ORD_1025;PROD_39;1;1
CORD_ORD_1025;PROD_48;1;1
CORD_ORD_1025;PROD_49;1;1
CORD_ORD_1025;PROD_9;1;1
CORD_ORD_1026;PROD_11;1;1
CORD_ORD_1026;PROD_12;1;1
CORD_ORD_1026;PROD_14;1;1
CORD_ORD_1026;PROD_15;1;1
CORD_ORD_1026;PROD_20;1;1
CORD_ORD_1026;PROD_21;1;1
CORD_ORD_1026;PROD_24;1;1
CORD_ORD_1026;PROD_26;1;1
CORD_ORD_1026;PROD_27;1;1
CORD_ORD_1026;PROD_29;1;1
CORD_ORD_1026;PROD_30;1;1
CORD_ORD_1026;PROD_31;1;1
CORD_ORD_1026;PROD_32;1;1
CORD_ORD_1026;PROD_36;1;1
CORD_ORD_1026;PROD_38;1;1
CORD_ORD_1026;PROD_39;1;1
CORD_ORD_1026;PROD_4;1;1
CORD_ORD_1026;PROD_46;1;1
CORD_ORD_1026;PROD_48;1;1
CORD_ORD_1026;PROD_49;1;1
CORD_ORD_1026;PROD_8;1;1
CORD_ORD_1026;PROD_9;1;1
CORD_ORD_1027;PROD_11;1;1
CORD_ORD_1027;PROD_12;1;1
CORD_ORD_1027;PROD_13;1;1
CORD_ORD_1027;PROD_15;1;1
CORD_ORD_1027;PROD_16;1;1
CORD_ORD_1027;PROD_22;1;1
CORD_ORD_1027;PROD_25;1;1
CORD_ORD_1027;PROD_26;1;1
CORD_ORD_1027;PROD_28;1;1
CORD_ORD_1027;PROD_29;1;1
CORD_ORD_1027;PROD_31;1;1
CORD_ORD_1027;PROD_32;1;1
CORD_ORD_1027;PROD_33;1;1
CORD_ORD_1027;PROD_35;1;1
CORD_ORD_1027;PROD_36;1;1
CORD_ORD_1027;PROD_38;1;1
CORD_ORD_1027;PROD_4;1;1
CORD_ORD_1027;PROD_40;1;1
CORD_ORD_1027;PROD_46;1;1
CORD_ORD_1027;PROD_47;1;1
CORD_ORD_1027;PROD_48;1;1
CORD_ORD_1027;PROD_7;1;1
CORD_ORD_1028;PROD_1;1;1
CORD_ORD_1028;PROD_10;1;1
CORD_ORD_1028;PROD_15;1;1
CORD_ORD_1028;PROD_18;1;1
CORD_ORD_1028;PROD_2;1;1
CORD_ORD_1028;PROD_22;1;1
CORD_ORD_1028;PROD_23;1;1
CORD_ORD_1028;PROD_28;1;1
CORD_ORD_1028;PROD_3;1;1
CORD_ORD_1028;PROD_32;1;1
CORD_ORD_1028;PROD_34;1;1
CORD_ORD_1028;PROD_36;1;1
CORD_ORD_1028;PROD_37;1;1
CORD_ORD_1028;PROD_38;1;1
CORD_ORD_1028;PROD_4;1;1
CORD_ORD_1028;PROD_42;1;1
CORD_ORD_1028;PROD_43;1;1
CORD_ORD_1028;PROD_44;1;1
CORD_ORD_1028;PROD_46;1;1
CORD_ORD_1028;PROD_5;1;1
CORD_ORD_1029;PROD_10;1;1
CORD_ORD_1029;PROD_11;1;1
CORD_ORD_1029;PROD_14;1;1
CORD_ORD_1029;PROD_20;1;1
CORD_ORD_1029;PROD_22;1;1
CORD_ORD_1029;PROD_28;1;1
CORD_ORD_1029;PROD_29;1;1
CORD_ORD_1029;PROD_30;1;1
CORD_ORD_1029;PROD_31;1;1
CORD_ORD_1029;PROD_36;1;1
CORD_ORD_1029;PROD_37;1;1
CORD_ORD_1029;PROD_38;1;1
CORD_ORD_1029;PROD_39;1;1
CORD_ORD_1029;PROD_4;1;1
CORD_ORD_1029;PROD_43;1;1
CORD_ORD_1029;PROD_44;1;1
CORD_ORD_1029;PROD_46;1;1
CORD_ORD_1029;PROD_48;1;1
CORD_ORD_1029;PROD_50;1;1
CORD_ORD_1029;PROD_6;1;1
CORD_ORD_1029;PROD_8;1;1
CORD_ORD_1029;PROD_9;1;1
CORD_ORD_1030;PROD_10;1;1
CORD_ORD_1030;PROD_12;1;1
CORD_ORD_1030;PROD_15;1;1
CORD_ORD_1030;PROD_26;1;1
CORD_ORD_1030;PROD_32;1;1
CORD_ORD_1030;PROD_38;1;1
CORD_ORD_1030;PROD_4;1;1
CORD_ORD_1030;PROD_43;1;1
CORD_ORD_1031;PROD_1;1;1
CORD_ORD_1031;PROD_10;1;1
CORD_ORD_1031;PROD_12;1;1
CORD_ORD_1031;PROD_13;1;1
CORD_ORD_1031;PROD_14;1;1
CORD_ORD_1031;PROD_15;1;1
CORD_ORD_1031;PROD_17;1;1
CORD_ORD_1031;PROD_18;1;1
CORD_ORD_1031;PROD_19;1;1
CORD_ORD_1031;PROD_2;1;1
CORD_ORD_1031;PROD_26;1;1
CORD_ORD_1031;PROD_3;1;1
CORD_ORD_1031;PROD_32;1;1
CORD_ORD_1031;PROD_33;1;1
CORD_ORD_1031;PROD_36;1;1
CORD_ORD_1031;PROD_37;1;1
CORD_ORD_1031;PROD_38;1;1
CORD_ORD_1031;PROD_4;1;1
CORD_ORD_1031;PROD_41;1;1
CORD_ORD_1031;PROD_43;1;1
CORD_ORD_1031;PROD_44;1;1
CORD_ORD_1031;PROD_45;1;1
CORD_ORD_1031;PROD_46;1;1
CORD_ORD_1031;PROD_9;1;1
CORD_ORD_1032;PROD_1;1;1
CORD_ORD_1032;PROD_16;1;1
CORD_ORD_1032;PROD_17;1;1
CORD_ORD_1032;PROD_18;1;1
CORD_ORD_1032;PROD_2;1;1
CORD_ORD_1032;PROD_20;1;1
CORD_ORD_1032;PROD_21;1;1
CORD_ORD_1032;PROD_22;1;1
CORD_ORD_1032;PROD_23;1;1
CORD_ORD_1032;PROD_24;1;1
CORD_ORD_1032;PROD_25;1;1
CORD_ORD_1032;PROD_27;1;1
CORD_ORD_1032;PROD_28;1;1
CORD_ORD_1032;PROD_29;1;1
CORD_ORD_1032;PROD_3;1;1
CORD_ORD_1032;PROD_31;1;1
CORD_ORD_1032;PROD_38;1;1
CORD_ORD_1032;PROD_39;1;1
CORD_ORD_1032;PROD_4;1;1
CORD_ORD_1032;PROD_40;1;1
CORD_ORD_1032;PROD_41;1;1
CORD_ORD_1032;PROD_42;1;1
CORD_ORD_1032;PROD_47;1;1
CORD_ORD_1032;PROD_49;1;1
CORD_ORD_1033;PROD_1;1;1
CORD_ORD_1033;PROD_10;1;1
CORD_ORD_1033;PROD_15;1;1
CORD_ORD_1033;PROD_16;1;1
CORD_ORD_1033;PROD_22;1;1
CORD_ORD_1033;PROD_25;1;1
CORD_ORD_1033;PROD_28;1;1
CORD_ORD_1033;PROD_29;1;1
CORD_ORD_1033;PROD_3;1;1
CORD_ORD_1033;PROD_31;1;1
CORD_ORD_1033;PROD_32;1;1
CORD_ORD_1033;PROD_40;1;1
CORD_ORD_1033;PROD_43;1;1
CORD_ORD_1033;PROD_47;1;1
CORD_ORD_1034;PROD_10;1;1
CORD_ORD_1034;PROD_11;1;1
CORD_ORD_1034;PROD_12;1;1
CORD_ORD_1034;PROD_15;1;1
CORD_ORD_1034;PROD_17;1;1
CORD_ORD_1034;PROD_21;1;1
CORD_ORD_1034;PROD_22;1;1
CORD_ORD_1034;PROD_23;1;1
CORD_ORD_1034;PROD_24;1;1
CORD_ORD_1034;PROD_26;1;1
CORD_ORD_1034;PROD_28;1;1
CORD_ORD_1034;PROD_29;1;1
CORD_ORD_1034;PROD_30;1;1
CORD_ORD_1034;PROD_31;1;1
CORD_ORD_1034;PROD_32;1;1
CORD_ORD_1034;PROD_37;1;1
CORD_ORD_1034;PROD_41;1;1
CORD_ORD_1034;PROD_42;1;1
CORD_ORD_1034;PROD_43;1;1
CORD_ORD_1034;PROD_44;1;1
CORD_ORD_1034;PROD_48;1;1
CORD_ORD_1034;PROD_8;1;1
CORD_ORD_1035;PROD_1;1;1
CORD_ORD_1035;PROD_11;1;1
CORD_ORD_1035;PROD_15;1;1
CORD_ORD_1035;PROD_22;1;1
CORD_ORD_1035;PROD_27;1;1
CORD_ORD_1035;PROD_28;1;1
CORD_ORD_1035;PROD_29;1;1
CORD_ORD_1035;PROD_3;1;1
CORD_ORD_1035;PROD_31;1;1
CORD_ORD_1035;PROD_32;1;1
CORD_ORD_1035;PROD_48;1;1
CORD_ORD_1035;PROD_49;1;1
CORD_ORD_1036;PROD_10;1;1
CORD_ORD_1036;PROD_12;1;1
CORD_ORD_1036;PROD_15;1;1
CORD_ORD_1036;PROD_21;1;1
CORD_ORD_1036;PROD_24;1;1
CORD_ORD_1036;PROD_26;1;1
CORD_ORD_1036;PROD_32;1;1
CORD_ORD_1036;PROD_34;1;1
CORD_ORD_1036;PROD_38;1;1
CORD_ORD_1036;PROD_4;1;1
CORD_ORD_1036;PROD_43;1;1
CORD_ORD_1036;PROD_5;1;1
CORD_ORD_1037;PROD_1;1;1
CORD_ORD_1037;PROD_10;1;1
CORD_ORD_1037;PROD_11;1;1
CORD_ORD_1037;PROD_12;1;1
CORD_ORD_1037;PROD_14;1;1
CORD_ORD_1037;PROD_15;1;1
CORD_ORD_1037;PROD_18;1;1
CORD_ORD_1037;PROD_2;1;1
CORD_ORD_1037;PROD_21;1;1
CORD_ORD_1037;PROD_24;1;1
CORD_ORD_1037;PROD_26;1;1
CORD_ORD_1037;PROD_29;1;1
CORD_ORD_1037;PROD_3;1;1
CORD_ORD_1037;PROD_31;1;1
CORD_ORD_1037;PROD_32;1;1
CORD_ORD_1037;PROD_36;1;1
CORD_ORD_1037;PROD_38;1;1
CORD_ORD_1037;PROD_4;1;1
CORD_ORD_1037;PROD_40;1;1
CORD_ORD_1037;PROD_43;1;1
CORD_ORD_1037;PROD_46;1;1
CORD_ORD_1037;PROD_47;1;1
CORD_ORD_1037;PROD_48;1;1
CORD_ORD_1037;PROD_9;1;1
CORD_ORD_1038;PROD_11;1;1
CORD_ORD_1038;PROD_18;1;1
CORD_ORD_1038;PROD_2;1;1
CORD_ORD_1038;PROD_29;1;1
CORD_ORD_1038;PROD_31;1;1
CORD_ORD_1038;PROD_34;1;1
CORD_ORD_1038;PROD_35;1;1
CORD_ORD_1038;PROD_48;1;1
CORD_ORD_1038;PROD_5;1;1
CORD_ORD_1038;PROD_7;1;1
CORD_ORD_1039;PROD_1;1;1
CORD_ORD_1039;PROD_10;1;1
CORD_ORD_1039;PROD_15;1;1
CORD_ORD_1039;PROD_16;1;1
CORD_ORD_1039;PROD_17;1;1
CORD_ORD_1039;PROD_22;1;1
CORD_ORD_1039;PROD_25;1;1
CORD_ORD_1039;PROD_28;1;1
CORD_ORD_1039;PROD_29;1;1
CORD_ORD_1039;PROD_3;1;1
CORD_ORD_1039;PROD_31;1;1
CORD_ORD_1039;PROD_32;1;1
CORD_ORD_1039;PROD_34;1;1
CORD_ORD_1039;PROD_41;1;1
CORD_ORD_1039;PROD_43;1;1
CORD_ORD_1039;PROD_5;1;1
CORD_ORD_1039;PROD_50;1;1
CORD_ORD_1039;PROD_6;1;1
CORD_ORD_1040;PROD_12;1;1
CORD_ORD_1040;PROD_17;1;1
CORD_ORD_1040;PROD_18;1;1
CORD_ORD_1040;PROD_19;1;1
CORD_ORD_1040;PROD_2;1;1
CORD_ORD_1040;PROD_20;1;1
CORD_ORD_1040;PROD_21;1;1
CORD_ORD_1040;PROD_23;1;1
CORD_ORD_1040;PROD_24;1;1
CORD_ORD_1040;PROD_26;1;1
CORD_ORD_1040;PROD_30;1;1
CORD_ORD_1040;PROD_36;1;1
CORD_ORD_1040;PROD_37;1;1
CORD_ORD_1040;PROD_38;1;1
CORD_ORD_1040;PROD_39;1;1
CORD_ORD_1040;PROD_4;1;1
CORD_ORD_1040;PROD_41;1;1
CORD_ORD_1040;PROD_42;1;1
CORD_ORD_1040;PROD_44;1;1
CORD_ORD_1040;PROD_45;1;1
CORD_ORD_1040;PROD_46;1;1
CORD_ORD_1040;PROD_8;1;1
CORD_ORD_1041;PROD_1;1;1
CORD_ORD_1041;PROD_10;1;1
CORD_ORD_1041;PROD_15;1;1
CORD_ORD_1041;PROD_29;1;1
CORD_ORD_1041;PROD_3;1;1
CORD_ORD_1041;PROD_30;1;1
CORD_ORD_1041;PROD_31;1;1
CORD_ORD_1041;PROD_32;1;1
CORD_ORD_1041;PROD_43;1;1
CORD_ORD_1041;PROD_8;1;1
CORD_ORD_1042;PROD_11;1;1
CORD_ORD_1042;PROD_18;1;1
CORD_ORD_1042;PROD_2;1;1
CORD_ORD_1042;PROD_21;1;1
CORD_ORD_1042;PROD_23;1;1
CORD_ORD_1042;PROD_24;1;1
CORD_ORD_1042;PROD_27;1;1
CORD_ORD_1042;PROD_37;1;1
CORD_ORD_1042;PROD_38;1;1
CORD_ORD_1042;PROD_4;1;1
CORD_ORD_1042;PROD_42;1;1
CORD_ORD_1042;PROD_44;1;1
CORD_ORD_1042;PROD_48;1;1
CORD_ORD_1042;PROD_49;1;1
CORD_ORD_1043;PROD_10;1;1
CORD_ORD_1043;PROD_11;1;1
CORD_ORD_1043;PROD_15;1;1
CORD_ORD_1043;PROD_17;1;1
CORD_ORD_1043;PROD_32;1;1
CORD_ORD_1043;PROD_34;1;1
CORD_ORD_1043;PROD_38;1;1
CORD_ORD_1043;PROD_4;1;1
CORD_ORD_1043;PROD_41;1;1
CORD_ORD_1043;PROD_43;1;1
CORD_ORD_1043;PROD_48;1;1
CORD_ORD_1043;PROD_5;1;1
CORD_ORD_1044;PROD_1;1;1
CORD_ORD_1044;PROD_10;1;1
CORD_ORD_1044;PROD_14;1;1
CORD_ORD_1044;PROD_16;1;1
CORD_ORD_1044;PROD_22;1;1
CORD_ORD_1044;PROD_25;1;1
CORD_ORD_1044;PROD_28;1;1
CORD_ORD_1044;PROD_3;1;1
CORD_ORD_1044;PROD_35;1;1
CORD_ORD_1044;PROD_43;1;1
CORD_ORD_1044;PROD_7;1;1
CORD_ORD_1044;PROD_9;1;1
CORD_ORD_1045;PROD_10;1;1
CORD_ORD_1045;PROD_11;1;1
CORD_ORD_1045;PROD_14;1;1
CORD_ORD_1045;PROD_17;1;1
CORD_ORD_1045;PROD_18;1;1
CORD_ORD_1045;PROD_2;1;1
CORD_ORD_1045;PROD_22;1;1
CORD_ORD_1045;PROD_28;1;1
CORD_ORD_1045;PROD_41;1;1
CORD_ORD_1045;PROD_43;1;1
CORD_ORD_1045;PROD_48;1;1
CORD_ORD_1045;PROD_9;1;1
CORD_ORD_1046;PROD_1;1;1
CORD_ORD_1046;PROD_10;1;1
CORD_ORD_1046;PROD_15;1;1
CORD_ORD_1046;PROD_29;1;1
CORD_ORD_1046;PROD_3;1;1
CORD_ORD_1046;PROD_31;1;1
CORD_ORD_1046;PROD_32;1;1
CORD_ORD_1046;PROD_36;1;1
CORD_ORD_1046;PROD_40;1;1
CORD_ORD_1046;PROD_43;1;1
CORD_ORD_1046;PROD_46;1;1
CORD_ORD_1046;PROD_47;1;1
CORD_ORD_1047;PROD_10;1;1
CORD_ORD_1047;PROD_12;1;1
CORD_ORD_1047;PROD_14;1;1
CORD_ORD_1047;PROD_15;1;1
CORD_ORD_1047;PROD_26;1;1
CORD_ORD_1047;PROD_32;1;1
CORD_ORD_1047;PROD_35;1;1
CORD_ORD_1047;PROD_38;1;1
CORD_ORD_1047;PROD_4;1;1
CORD_ORD_1047;PROD_43;1;1
CORD_ORD_1047;PROD_7;1;1
CORD_ORD_1047;PROD_9;1;1
CORD_ORD_1048;PROD_10;1;1
CORD_ORD_1048;PROD_11;1;1
CORD_ORD_1048;PROD_12;1;1
CORD_ORD_1048;PROD_13;1;1
CORD_ORD_1048;PROD_19;1;1
CORD_ORD_1048;PROD_22;1;1
CORD_ORD_1048;PROD_26;1;1
CORD_ORD_1048;PROD_28;1;1
CORD_ORD_1048;PROD_33;1;1
CORD_ORD_1048;PROD_37;1;1
CORD_ORD_1048;PROD_43;1;1
CORD_ORD_1048;PROD_44;1;1
CORD_ORD_1048;PROD_45;1;1
CORD_ORD_1048;PROD_48;1;1
CORD_ORD_1049;PROD_1;1;1
CORD_ORD_1049;PROD_11;1;1
CORD_ORD_1049;PROD_13;1;1
CORD_ORD_1049;PROD_16;1;1
CORD_ORD_1049;PROD_19;1;1
CORD_ORD_1049;PROD_22;1;1
CORD_ORD_1049;PROD_25;1;1
CORD_ORD_1049;PROD_28;1;1
CORD_ORD_1049;PROD_3;1;1
CORD_ORD_1049;PROD_33;1;1
CORD_ORD_1049;PROD_37;1;1
CORD_ORD_1049;PROD_44;1;1
CORD_ORD_1049;PROD_45;1;1
CORD_ORD_1049;PROD_48;1;1
CORD_ORD_1049;PROD_50;1;1
CORD_ORD_1049;PROD_6;1;1
CORD_ORD_1050;PROD_11;1;1
CORD_ORD_1050;PROD_13;1;1
CORD_ORD_1050;PROD_15;1;1
CORD_ORD_1050;PROD_19;1;1
CORD_ORD_1050;PROD_20;1;1
CORD_ORD_1050;PROD_23;1;1
CORD_ORD_1050;PROD_30;1;1
CORD_ORD_1050;PROD_32;1;1
CORD_ORD_1050;PROD_33;1;1
CORD_ORD_1050;PROD_37;1;1
CORD_ORD_1050;PROD_38;1;1
CORD_ORD_1050;PROD_39;1;1
CORD_ORD_1050;PROD_4;1;1
CORD_ORD_1050;PROD_40;1;1
CORD_ORD_1050;PROD_42;1;1
CORD_ORD_1050;PROD_44;1;1
CORD_ORD_1050;PROD_45;1;1
CORD_ORD_1050;PROD_47;1;1
CORD_ORD_1050;PROD_48;1;1
CORD_ORD_1050;PROD_50;1;1
CORD_ORD_1050;PROD_6;1;1
CORD_ORD_1050;PROD_8;1;1
CORD_ORD_1051;PROD_1;1;1
CORD_ORD_1051;PROD_10;1;1
CORD_ORD_1051;PROD_11;1;1
CORD_ORD_1051;PROD_17;1;1
CORD_ORD_1051;PROD_21;1;1
CORD_ORD_1051;PROD_22;1;1
CORD_ORD_1051;PROD_23;1;1
CORD_ORD_1051;PROD_24;1;1
CORD_ORD_1051;PROD_28;1;1
CORD_ORD_1051;PROD_3;1;1
CORD_ORD_1051;PROD_30;1;1
CORD_ORD_1051;PROD_36;1;1
CORD_ORD_1051;PROD_37;1;1
CORD_ORD_1051;PROD_41;1;1
CORD_ORD_1051;PROD_42;1;1
CORD_ORD_1051;PROD_43;1;1
CORD_ORD_1051;PROD_44;1;1
CORD_ORD_1051;PROD_46;1;1
CORD_ORD_1051;PROD_48;1;1
CORD_ORD_1051;PROD_8;1;1
CORD_ORD_1052;PROD_20;1;1
CORD_ORD_1052;PROD_30;1;1
CORD_ORD_1052;PROD_36;1;1
CORD_ORD_1052;PROD_38;1;1
CORD_ORD_1052;PROD_39;1;1
CORD_ORD_1052;PROD_4;1;1
CORD_ORD_1052;PROD_46;1;1
CORD_ORD_1052;PROD_8;1;1
CORD_ORD_1053;PROD_10;1;1
CORD_ORD_1053;PROD_15;1;1
CORD_ORD_1053;PROD_19;1;1
CORD_ORD_1053;PROD_22;1;1
CORD_ORD_1053;PROD_27;1;1
CORD_ORD_1053;PROD_28;1;1
CORD_ORD_1053;PROD_29;1;1
CORD_ORD_1053;PROD_30;1;1
CORD_ORD_1053;PROD_31;1;1
CORD_ORD_1053;PROD_32;1;1
CORD_ORD_1053;PROD_35;1;1
CORD_ORD_1053;PROD_37;1;1
CORD_ORD_1053;PROD_43;1;1
CORD_ORD_1053;PROD_44;1;1
CORD_ORD_1053;PROD_45;1;1
CORD_ORD_1053;PROD_49;1;1
CORD_ORD_1053;PROD_50;1;1
CORD_ORD_1053;PROD_6;1;1
CORD_ORD_1053;PROD_7;1;1
CORD_ORD_1053;PROD_8;1;1
CORD_ORD_1054;PROD_10;1;1
CORD_ORD_1054;PROD_16;1;1
CORD_ORD_1054;PROD_18;1;1
CORD_ORD_1054;PROD_19;1;1
CORD_ORD_1054;PROD_2;1;1
CORD_ORD_1054;PROD_25;1;1
CORD_ORD_1054;PROD_34;1;1
CORD_ORD_1054;PROD_35;1;1
CORD_ORD_1054;PROD_37;1;1
CORD_ORD_1054;PROD_43;1;1
CORD_ORD_1054;PROD_44;1;1
CORD_ORD_1054;PROD_45;1;1
CORD_ORD_1054;PROD_5;1;1
CORD_ORD_1054;PROD_50;1;1
CORD_ORD_1054;PROD_6;1;1
CORD_ORD_1054;PROD_7;1;1
CORD_ORD_1055;PROD_10;1;1
CORD_ORD_1055;PROD_11;1;1
CORD_ORD_1055;PROD_22;1;1
CORD_ORD_1055;PROD_28;1;1
CORD_ORD_1055;PROD_37;1;1
CORD_ORD_1055;PROD_38;1;1
CORD_ORD_1055;PROD_4;1;1
CORD_ORD_1055;PROD_43;1;1
CORD_ORD_1055;PROD_44;1;1
CORD_ORD_1055;PROD_48;1;1
CORD_ORD_1056;PROD_11;1;1
CORD_ORD_1056;PROD_18;1;1
CORD_ORD_1056;PROD_2;1;1
CORD_ORD_1056;PROD_34;1;1
CORD_ORD_1056;PROD_37;1;1
CORD_ORD_1056;PROD_38;1;1
CORD_ORD_1056;PROD_4;1;1
CORD_ORD_1056;PROD_40;1;1
CORD_ORD_1056;PROD_44;1;1
CORD_ORD_1056;PROD_47;1;1
CORD_ORD_1056;PROD_48;1;1
CORD_ORD_1056;PROD_5;1;1
CORD_ORD_1057;PROD_1;1;1
CORD_ORD_1057;PROD_10;1;1
CORD_ORD_1057;PROD_11;1;1
CORD_ORD_1057;PROD_13;1;1
CORD_ORD_1057;PROD_14;1;1
CORD_ORD_1057;PROD_16;1;1
CORD_ORD_1057;PROD_20;1;1
CORD_ORD_1057;PROD_21;1;1
CORD_ORD_1057;PROD_23;1;1
CORD_ORD_1057;PROD_24;1;1
CORD_ORD_1057;PROD_25;1;1
CORD_ORD_1057;PROD_27;1;1
CORD_ORD_1057;PROD_3;1;1
CORD_ORD_1057;PROD_33;1;1
CORD_ORD_1057;PROD_39;1;1
CORD_ORD_1057;PROD_42;1;1
CORD_ORD_1057;PROD_43;1;1
CORD_ORD_1057;PROD_48;1;1
CORD_ORD_1057;PROD_49;1;1
CORD_ORD_1057;PROD_9;1;1
CORD_ORD_1058;PROD_1;1;1
CORD_ORD_1058;PROD_11;1;1
CORD_ORD_1058;PROD_13;1;1
CORD_ORD_1058;PROD_19;1;1
CORD_ORD_1058;PROD_22;1;1
CORD_ORD_1058;PROD_28;1;1
CORD_ORD_1058;PROD_3;1;1
CORD_ORD_1058;PROD_33;1;1
CORD_ORD_1058;PROD_37;1;1
CORD_ORD_1058;PROD_44;1;1
CORD_ORD_1058;PROD_45;1;1
CORD_ORD_1058;PROD_48;1;1
CORD_ORD_1059;PROD_10;1;1
CORD_ORD_1059;PROD_18;1;1
CORD_ORD_1059;PROD_19;1;1
CORD_ORD_1059;PROD_2;1;1
CORD_ORD_1059;PROD_23;1;1
CORD_ORD_1059;PROD_30;1;1
CORD_ORD_1059;PROD_35;1;1
CORD_ORD_1059;PROD_42;1;1
CORD_ORD_1059;PROD_43;1;1
CORD_ORD_1059;PROD_45;1;1
CORD_ORD_1059;PROD_7;1;1
CORD_ORD_1059;PROD_8;1;1
CORD_ORD_1060;PROD_20;1;1
CORD_ORD_1060;PROD_30;1;1
CORD_ORD_1060;PROD_36;1;1
CORD_ORD_1060;PROD_38;1;1
CORD_ORD_1060;PROD_39;1;1
CORD_ORD_1060;PROD_4;1;1
CORD_ORD_1060;PROD_46;1;1
CORD_ORD_1060;PROD_8;1;1
CORD_ORD_1061;PROD_1;1;1
CORD_ORD_1061;PROD_10;1;1
CORD_ORD_1061;PROD_15;1;1
CORD_ORD_1061;PROD_20;1;1
CORD_ORD_1061;PROD_3;1;1
CORD_ORD_1061;PROD_30;1;1
CORD_ORD_1061;PROD_32;1;1
CORD_ORD_1061;PROD_34;1;1
CORD_ORD_1061;PROD_36;1;1
CORD_ORD_1061;PROD_38;1;1
CORD_ORD_1061;PROD_39;1;1
CORD_ORD_1061;PROD_4;1;1
CORD_ORD_1061;PROD_43;1;1
CORD_ORD_1061;PROD_46;1;1
CORD_ORD_1061;PROD_5;1;1
CORD_ORD_1061;PROD_8;1;1
CORD_ORD_1062;PROD_1;1;1
CORD_ORD_1062;PROD_10;1;1
CORD_ORD_1062;PROD_12;1;1
CORD_ORD_1062;PROD_15;1;1
CORD_ORD_1062;PROD_16;1;1
CORD_ORD_1062;PROD_19;1;1
CORD_ORD_1062;PROD_20;1;1
CORD_ORD_1062;PROD_22;1;1
CORD_ORD_1062;PROD_25;1;1
CORD_ORD_1062;PROD_26;1;1
CORD_ORD_1062;PROD_28;1;1
CORD_ORD_1062;PROD_29;1;1
CORD_ORD_1062;PROD_3;1;1
CORD_ORD_1062;PROD_31;1;1
CORD_ORD_1062;PROD_32;1;1
CORD_ORD_1062;PROD_38;1;1
CORD_ORD_1062;PROD_39;1;1
CORD_ORD_1062;PROD_4;1;1
CORD_ORD_1062;PROD_43;1;1
CORD_ORD_1062;PROD_45;1;1
CORD_ORD_1062;PROD_50;1;1
CORD_ORD_1062;PROD_6;1;1
CORD_ORD_1063;PROD_1;1;1
CORD_ORD_1063;PROD_10;1;1
CORD_ORD_1063;PROD_15;1;1
CORD_ORD_1063;PROD_20;1;1
CORD_ORD_1063;PROD_29;1;1
CORD_ORD_1063;PROD_3;1;1
CORD_ORD_1063;PROD_30;1;1
CORD_ORD_1063;PROD_31;1;1
CORD_ORD_1063;PROD_32;1;1
CORD_ORD_1063;PROD_36;1;1
CORD_ORD_1063;PROD_39;1;1
CORD_ORD_1063;PROD_40;1;1
CORD_ORD_1063;PROD_43;1;1
CORD_ORD_1063;PROD_46;1;1
CORD_ORD_1063;PROD_47;1;1
CORD_ORD_1063;PROD_8;1;1
CORD_ORD_1064;PROD_10;1;1
CORD_ORD_1064;PROD_14;1;1
CORD_ORD_1064;PROD_15;1;1
CORD_ORD_1064;PROD_17;1;1
CORD_ORD_1064;PROD_20;1;1
CORD_ORD_1064;PROD_32;1;1
CORD_ORD_1064;PROD_38;1;1
CORD_ORD_1064;PROD_39;1;1
CORD_ORD_1064;PROD_4;1;1
CORD_ORD_1064;PROD_40;1;1
CORD_ORD_1064;PROD_41;1;1
CORD_ORD_1064;PROD_43;1;1
CORD_ORD_1064;PROD_47;1;1
CORD_ORD_1064;PROD_9;1;1
CORD_ORD_1065;PROD_11;1;1
CORD_ORD_1065;PROD_12;1;1
CORD_ORD_1065;PROD_15;1;1
CORD_ORD_1065;PROD_26;1;1
CORD_ORD_1065;PROD_32;1;1
CORD_ORD_1065;PROD_38;1;1
CORD_ORD_1065;PROD_4;1;1
CORD_ORD_1065;PROD_48;1;1
CORD_ORD_1066;PROD_1;1;1
CORD_ORD_1066;PROD_18;1;1
CORD_ORD_1066;PROD_2;1;1
CORD_ORD_1066;PROD_21;1;1
CORD_ORD_1066;PROD_24;1;1
CORD_ORD_1066;PROD_3;1;1
CORD_ORD_1066;PROD_30;1;1
CORD_ORD_1066;PROD_36;1;1
CORD_ORD_1066;PROD_37;1;1
CORD_ORD_1066;PROD_44;1;1
CORD_ORD_1066;PROD_46;1;1
CORD_ORD_1066;PROD_8;1;1
CORD_ORD_1067;PROD_10;1;1
CORD_ORD_1067;PROD_11;1;1
CORD_ORD_1067;PROD_12;1;1
CORD_ORD_1067;PROD_13;1;1
CORD_ORD_1067;PROD_15;1;1
CORD_ORD_1067;PROD_17;1;1
CORD_ORD_1067;PROD_21;1;1
CORD_ORD_1067;PROD_24;1;1
CORD_ORD_1067;PROD_26;1;1
CORD_ORD_1067;PROD_32;1;1
CORD_ORD_1067;PROD_33;1;1
CORD_ORD_1067;PROD_38;1;1
CORD_ORD_1067;PROD_4;1;1
CORD_ORD_1067;PROD_41;1;1
CORD_ORD_1067;PROD_43;1;1
CORD_ORD_1067;PROD_48;1;1
CORD_ORD_1067;PROD_50;1;1
CORD_ORD_1067;PROD_6;1;1
CORD_ORD_1068;PROD_10;1;1
CORD_ORD_1068;PROD_11;1;1
CORD_ORD_1068;PROD_15;1;1
CORD_ORD_1068;PROD_17;1;1
CORD_ORD_1068;PROD_19;1;1
CORD_ORD_1068;PROD_22;1;1
CORD_ORD_1068;PROD_27;1;1
CORD_ORD_1068;PROD_28;1;1
CORD_ORD_1068;PROD_29;1;1
CORD_ORD_1068;PROD_31;1;1
CORD_ORD_1068;PROD_32;1;1
CORD_ORD_1068;PROD_41;1;1
CORD_ORD_1068;PROD_43;1;1
CORD_ORD_1068;PROD_45;1;1
CORD_ORD_1068;PROD_48;1;1
CORD_ORD_1068;PROD_49;1;1
CORD_ORD_1069;PROD_1;1;1
CORD_ORD_1069;PROD_11;1;1
CORD_ORD_1069;PROD_23;1;1
CORD_ORD_1069;PROD_3;1;1
CORD_ORD_1069;PROD_30;1;1
CORD_ORD_1069;PROD_36;1;1
CORD_ORD_1069;PROD_40;1;1
CORD_ORD_1069;PROD_42;1;1
CORD_ORD_1069;PROD_46;1;1
CORD_ORD_1069;PROD_47;1;1
CORD_ORD_1069;PROD_48;1;1
CORD_ORD_1069;PROD_8;1;1
CORD_ORD_1070;PROD_10;1;1
CORD_ORD_1070;PROD_11;1;1
CORD_ORD_1070;PROD_14;1;1
CORD_ORD_1070;PROD_15;1;1
CORD_ORD_1070;PROD_18;1;1
CORD_ORD_1070;PROD_2;1;1
CORD_ORD_1070;PROD_22;1;1
CORD_ORD_1070;PROD_28;1;1
CORD_ORD_1070;PROD_29;1;1
CORD_ORD_1070;PROD_31;1;1
CORD_ORD_1070;PROD_32;1;1
CORD_ORD_1070;PROD_34;1;1
CORD_ORD_1070;PROD_38;1;1
CORD_ORD_1070;PROD_4;1;1
CORD_ORD_1070;PROD_43;1;1
CORD_ORD_1070;PROD_48;1;1
CORD_ORD_1070;PROD_5;1;1
CORD_ORD_1070;PROD_50;1;1
CORD_ORD_1070;PROD_6;1;1
CORD_ORD_1070;PROD_9;1;1
CORD_ORD_1071;PROD_13;1;1
CORD_ORD_1071;PROD_18;1;1
CORD_ORD_1071;PROD_2;1;1
CORD_ORD_1071;PROD_20;1;1
CORD_ORD_1071;PROD_22;1;1
CORD_ORD_1071;PROD_28;1;1
CORD_ORD_1071;PROD_30;1;1
CORD_ORD_1071;PROD_33;1;1
CORD_ORD_1071;PROD_35;1;1
CORD_ORD_1071;PROD_36;1;1
CORD_ORD_1071;PROD_38;1;1
CORD_ORD_1071;PROD_39;1;1
CORD_ORD_1071;PROD_4;1;1
CORD_ORD_1071;PROD_46;1;1
CORD_ORD_1071;PROD_7;1;1
CORD_ORD_1071;PROD_8;1;1
CORD_ORD_1072;PROD_1;1;1
CORD_ORD_1072;PROD_11;1;1
CORD_ORD_1072;PROD_13;1;1
CORD_ORD_1072;PROD_16;1;1
CORD_ORD_1072;PROD_21;1;1
CORD_ORD_1072;PROD_24;1;1
CORD_ORD_1072;PROD_25;1;1
CORD_ORD_1072;PROD_27;1;1
CORD_ORD_1072;PROD_3;1;1
CORD_ORD_1072;PROD_30;1;1
CORD_ORD_1072;PROD_33;1;1
CORD_ORD_1072;PROD_34;1;1
CORD_ORD_1072;PROD_38;1;1
CORD_ORD_1072;PROD_4;1;1
CORD_ORD_1072;PROD_48;1;1
CORD_ORD_1072;PROD_49;1;1
CORD_ORD_1072;PROD_5;1;1
CORD_ORD_1072;PROD_8;1;1
CORD_ORD_1073;PROD_1;1;1
CORD_ORD_1073;PROD_10;1;1
CORD_ORD_1073;PROD_11;1;1
CORD_ORD_1073;PROD_14;1;1
CORD_ORD_1073;PROD_15;1;1
CORD_ORD_1073;PROD_18;1;1
CORD_ORD_1073;PROD_19;1;1
CORD_ORD_1073;PROD_2;1;1
CORD_ORD_1073;PROD_27;1;1
CORD_ORD_1073;PROD_29;1;1
CORD_ORD_1073;PROD_3;1;1
CORD_ORD_1073;PROD_30;1;1
CORD_ORD_1073;PROD_31;1;1
CORD_ORD_1073;PROD_32;1;1
CORD_ORD_1073;PROD_36;1;1
CORD_ORD_1073;PROD_43;1;1
CORD_ORD_1073;PROD_45;1;1
CORD_ORD_1073;PROD_46;1;1
CORD_ORD_1073;PROD_48;1;1
CORD_ORD_1073;PROD_49;1;1
CORD_ORD_1073;PROD_8;1;1
CORD_ORD_1073;PROD_9;1;1
CORD_ORD_1074;PROD_1;1;1
CORD_ORD_1074;PROD_10;1;1
CORD_ORD_1074;PROD_12;1;1
CORD_ORD_1074;PROD_14;1;1
CORD_ORD_1074;PROD_15;1;1
CORD_ORD_1074;PROD_17;1;1
CORD_ORD_1074;PROD_18;1;1
CORD_ORD_1074;PROD_19;1;1
CORD_ORD_1074;PROD_2;1;1
CORD_ORD_1074;PROD_26;1;1
CORD_ORD_1074;PROD_27;1;1
CORD_ORD_1074;PROD_29;1;1
CORD_ORD_1074;PROD_3;1;1
CORD_ORD_1074;PROD_30;1;1
CORD_ORD_1074;PROD_31;1;1
CORD_ORD_1074;PROD_32;1;1
CORD_ORD_1074;PROD_35;1;1
CORD_ORD_1074;PROD_36;1;1
CORD_ORD_1074;PROD_41;1;1
CORD_ORD_1074;PROD_43;1;1
CORD_ORD_1074;PROD_45;1;1
CORD_ORD_1074;PROD_46;1;1
CORD_ORD_1074;PROD_49;1;1
CORD_ORD_1074;PROD_7;1;1
CORD_ORD_1074;PROD_8;1;1
CORD_ORD_1074;PROD_9;1;1
CORD_ORD_1075;PROD_10;1;1
CORD_ORD_1075;PROD_11;1;1
CORD_ORD_1075;PROD_14;1;1
CORD_ORD_1075;PROD_22;1;1
CORD_ORD_1075;PROD_28;1;1
CORD_ORD_1075;PROD_35;1;1
CORD_ORD_1075;PROD_37;1;1
CORD_ORD_1075;PROD_43;1;1
CORD_ORD_1075;PROD_44;1;1
CORD_ORD_1075;PROD_48;1;1
CORD_ORD_1075;PROD_7;1;1
CORD_ORD_1075;PROD_9;1;1
CORD_ORD_1076;PROD_10;1;1
CORD_ORD_1076;PROD_12;1;1
CORD_ORD_1076;PROD_14;1;1
CORD_ORD_1076;PROD_17;1;1
CORD_ORD_1076;PROD_26;1;1
CORD_ORD_1076;PROD_34;1;1
CORD_ORD_1076;PROD_36;1;1
CORD_ORD_1076;PROD_38;1;1
CORD_ORD_1076;PROD_4;1;1
CORD_ORD_1076;PROD_41;1;1
CORD_ORD_1076;PROD_43;1;1
CORD_ORD_1076;PROD_46;1;1
CORD_ORD_1076;PROD_5;1;1
CORD_ORD_1076;PROD_9;1;1
CORD_ORD_1077;PROD_1;1;1
CORD_ORD_1077;PROD_10;1;1
CORD_ORD_1077;PROD_14;1;1
CORD_ORD_1077;PROD_18;1;1
CORD_ORD_1077;PROD_2;1;1
CORD_ORD_1077;PROD_3;1;1
CORD_ORD_1077;PROD_35;1;1
CORD_ORD_1077;PROD_36;1;1
CORD_ORD_1077;PROD_37;1;1
CORD_ORD_1077;PROD_43;1;1
CORD_ORD_1077;PROD_44;1;1
CORD_ORD_1077;PROD_46;1;1
CORD_ORD_1077;PROD_7;1;1
CORD_ORD_1077;PROD_9;1;1
CORD_ORD_1078;PROD_10;1;1
CORD_ORD_1078;PROD_11;1;1
CORD_ORD_1078;PROD_12;1;1
CORD_ORD_1078;PROD_16;1;1
CORD_ORD_1078;PROD_17;1;1
CORD_ORD_1078;PROD_20;1;1
CORD_ORD_1078;PROD_21;1;1
CORD_ORD_1078;PROD_24;1;1
CORD_ORD_1078;PROD_25;1;1
CORD_ORD_1078;PROD_26;1;1
CORD_ORD_1078;PROD_36;1;1
CORD_ORD_1078;PROD_37;1;1
CORD_ORD_1078;PROD_38;1;1
CORD_ORD_1078;PROD_39;1;1
CORD_ORD_1078;PROD_4;1;1
CORD_ORD_1078;PROD_40;1;1
CORD_ORD_1078;PROD_41;1;1
CORD_ORD_1078;PROD_43;1;1
CORD_ORD_1078;PROD_44;1;1
CORD_ORD_1078;PROD_46;1;1
CORD_ORD_1078;PROD_47;1;1
CORD_ORD_1078;PROD_48;1;1
CORD_ORD_1079;PROD_1;1;1
CORD_ORD_1079;PROD_12;1;1
CORD_ORD_1079;PROD_16;1;1
CORD_ORD_1079;PROD_22;1;1
CORD_ORD_1079;PROD_25;1;1
CORD_ORD_1079;PROD_26;1;1
CORD_ORD_1079;PROD_28;1;1
CORD_ORD_1079;PROD_3;1;1
CORD_ORD_1079;PROD_38;1;1
CORD_ORD_1079;PROD_4;1;1
CORD_ORD_1080;PROD_12;1;1
CORD_ORD_1080;PROD_13;1;1
CORD_ORD_1080;PROD_15;1;1
CORD_ORD_1080;PROD_16;1;1
CORD_ORD_1080;PROD_19;1;1
CORD_ORD_1080;PROD_20;1;1
CORD_ORD_1080;PROD_22;1;1
CORD_ORD_1080;PROD_25;1;1
CORD_ORD_1080;PROD_26;1;1
CORD_ORD_1080;PROD_28;1;1
CORD_ORD_1080;PROD_29;1;1
CORD_ORD_1080;PROD_31;1;1
CORD_ORD_1080;PROD_32;1;1
CORD_ORD_1080;PROD_33;1;1
CORD_ORD_1080;PROD_34;1;1
CORD_ORD_1080;PROD_37;1;1
CORD_ORD_1080;PROD_39;1;1
CORD_ORD_1080;PROD_44;1;1
CORD_ORD_1080;PROD_45;1;1
CORD_ORD_1080;PROD_5;1;1
CORD_ORD_1080;PROD_50;1;1
CORD_ORD_1080;PROD_6;1;1
CORD_ORD_1081;PROD_1;1;1
CORD_ORD_1081;PROD_13;1;1
CORD_ORD_1081;PROD_14;1;1
CORD_ORD_1081;PROD_15;1;1
CORD_ORD_1081;PROD_16;1;1
CORD_ORD_1081;PROD_20;1;1
CORD_ORD_1081;PROD_21;1;1
CORD_ORD_1081;PROD_23;1;1
CORD_ORD_1081;PROD_24;1;1
CORD_ORD_1081;PROD_25;1;1
CORD_ORD_1081;PROD_29;1;1
CORD_ORD_1081;PROD_3;1;1
CORD_ORD_1081;PROD_31;1;1
CORD_ORD_1081;PROD_32;1;1
CORD_ORD_1081;PROD_33;1;1
CORD_ORD_1081;PROD_35;1;1
CORD_ORD_1081;PROD_38;1;1
CORD_ORD_1081;PROD_39;1;1
CORD_ORD_1081;PROD_4;1;1
CORD_ORD_1081;PROD_40;1;1
CORD_ORD_1081;PROD_42;1;1
CORD_ORD_1081;PROD_47;1;1
CORD_ORD_1081;PROD_7;1;1
CORD_ORD_1081;PROD_9;1;1
CORD_ORD_1082;PROD_1;1;1
CORD_ORD_1082;PROD_11;1;1
CORD_ORD_1082;PROD_18;1;1
CORD_ORD_1082;PROD_2;1;1
CORD_ORD_1082;PROD_27;1;1
CORD_ORD_1082;PROD_29;1;1
CORD_ORD_1082;PROD_3;1;1
CORD_ORD_1082;PROD_31;1;1
CORD_ORD_1082;PROD_35;1;1
CORD_ORD_1082;PROD_48;1;1
CORD_ORD_1082;PROD_49;1;1
CORD_ORD_1082;PROD_50;1;1
CORD_ORD_1082;PROD_6;1;1
CORD_ORD_1082;PROD_7;1;1
CORD_ORD_1083;PROD_1;1;1
CORD_ORD_1083;PROD_10;1;1
CORD_ORD_1083;PROD_15;1;1
CORD_ORD_1083;PROD_22;1;1
CORD_ORD_1083;PROD_28;1;1
CORD_ORD_1083;PROD_29;1;1
CORD_ORD_1083;PROD_3;1;1
CORD_ORD_1083;PROD_30;1;1
CORD_ORD_1083;PROD_31;1;1
CORD_ORD_1083;PROD_32;1;1
CORD_ORD_1083;PROD_40;1;1
CORD_ORD_1083;PROD_43;1;1
CORD_ORD_1083;PROD_47;1;1
CORD_ORD_1083;PROD_8;1;1
CORD_ORD_1084;PROD_1;1;1
CORD_ORD_1084;PROD_10;1;1
CORD_ORD_1084;PROD_16;1;1
CORD_ORD_1084;PROD_21;1;1
CORD_ORD_1084;PROD_22;1;1
CORD_ORD_1084;PROD_24;1;1
CORD_ORD_1084;PROD_25;1;1
CORD_ORD_1084;PROD_28;1;1
CORD_ORD_1084;PROD_3;1;1
CORD_ORD_1084;PROD_30;1;1
CORD_ORD_1084;PROD_36;1;1
CORD_ORD_1084;PROD_43;1;1
CORD_ORD_1084;PROD_46;1;1
CORD_ORD_1084;PROD_8;1;1
CORD_ORD_1085;PROD_10;1;1
CORD_ORD_1085;PROD_12;1;1
CORD_ORD_1085;PROD_14;1;1
CORD_ORD_1085;PROD_26;1;1
CORD_ORD_1085;PROD_29;1;1
CORD_ORD_1085;PROD_30;1;1
CORD_ORD_1085;PROD_31;1;1
CORD_ORD_1085;PROD_35;1;1
CORD_ORD_1085;PROD_38;1;1
CORD_ORD_1085;PROD_4;1;1
CORD_ORD_1085;PROD_43;1;1
CORD_ORD_1085;PROD_7;1;1
CORD_ORD_1085;PROD_8;1;1
CORD_ORD_1085;PROD_9;1;1
CORD_ORD_1086;PROD_1;1;1
CORD_ORD_1086;PROD_11;1;1
CORD_ORD_1086;PROD_13;1;1
CORD_ORD_1086;PROD_16;1;1
CORD_ORD_1086;PROD_19;1;1
CORD_ORD_1086;PROD_21;1;1
CORD_ORD_1086;PROD_22;1;1
CORD_ORD_1086;PROD_24;1;1
CORD_ORD_1086;PROD_25;1;1
CORD_ORD_1086;PROD_28;1;1
CORD_ORD_1086;PROD_3;1;1
CORD_ORD_1086;PROD_33;1;1
CORD_ORD_1086;PROD_36;1;1
CORD_ORD_1086;PROD_37;1;1
CORD_ORD_1086;PROD_40;1;1
CORD_ORD_1086;PROD_44;1;1
CORD_ORD_1086;PROD_45;1;1
CORD_ORD_1086;PROD_46;1;1
CORD_ORD_1086;PROD_47;1;1
CORD_ORD_1086;PROD_48;1;1
CORD_ORD_1087;PROD_1;1;1
CORD_ORD_1087;PROD_10;1;1
CORD_ORD_1087;PROD_11;1;1
CORD_ORD_1087;PROD_15;1;1
CORD_ORD_1087;PROD_17;1;1
CORD_ORD_1087;PROD_20;1;1
CORD_ORD_1087;PROD_29;1;1
CORD_ORD_1087;PROD_3;1;1
CORD_ORD_1087;PROD_30;1;1
CORD_ORD_1087;PROD_31;1;1
CORD_ORD_1087;PROD_32;1;1
CORD_ORD_1087;PROD_36;1;1
CORD_ORD_1087;PROD_38;1;1
CORD_ORD_1087;PROD_39;1;1
CORD_ORD_1087;PROD_4;1;1
CORD_ORD_1087;PROD_40;1;1
CORD_ORD_1087;PROD_41;1;1
CORD_ORD_1087;PROD_43;1;1
CORD_ORD_1087;PROD_46;1;1
CORD_ORD_1087;PROD_47;1;1
CORD_ORD_1087;PROD_48;1;1
CORD_ORD_1087;PROD_8;1;1
CORD_ORD_1088;PROD_13;1;1
CORD_ORD_1088;PROD_15;1;1
CORD_ORD_1088;PROD_19;1;1
CORD_ORD_1088;PROD_21;1;1
CORD_ORD_1088;PROD_22;1;1
CORD_ORD_1088;PROD_24;1;1
CORD_ORD_1088;PROD_27;1;1
CORD_ORD_1088;PROD_28;1;1
CORD_ORD_1088;PROD_32;1;1
CORD_ORD_1088;PROD_33;1;1
CORD_ORD_1088;PROD_36;1;1
CORD_ORD_1088;PROD_40;1;1
CORD_ORD_1088;PROD_45;1;1
CORD_ORD_1088;PROD_46;1;1
CORD_ORD_1088;PROD_47;1;1
CORD_ORD_1088;PROD_49;1;1
CORD_ORD_1088;PROD_50;1;1
CORD_ORD_1088;PROD_6;1;1
CORD_ORD_1089;PROD_10;1;1
CORD_ORD_1089;PROD_20;1;1
CORD_ORD_1089;PROD_30;1;1
CORD_ORD_1089;PROD_36;1;1
CORD_ORD_1089;PROD_38;1;1
CORD_ORD_1089;PROD_39;1;1
CORD_ORD_1089;PROD_4;1;1
CORD_ORD_1089;PROD_43;1;1
CORD_ORD_1089;PROD_46;1;1
CORD_ORD_1089;PROD_8;1;1
CORD_ORD_1090;PROD_10;1;1
CORD_ORD_1090;PROD_12;1;1
CORD_ORD_1090;PROD_15;1;1
CORD_ORD_1090;PROD_16;1;1
CORD_ORD_1090;PROD_21;1;1
CORD_ORD_1090;PROD_24;1;1
CORD_ORD_1090;PROD_25;1;1
CORD_ORD_1090;PROD_26;1;1
CORD_ORD_1090;PROD_29;1;1
CORD_ORD_1090;PROD_30;1;1
CORD_ORD_1090;PROD_31;1;1
CORD_ORD_1090;PROD_32;1;1
CORD_ORD_1090;PROD_34;1;1
CORD_ORD_1090;PROD_38;1;1
CORD_ORD_1090;PROD_4;1;1
CORD_ORD_1090;PROD_40;1;1
CORD_ORD_1090;PROD_43;1;1
CORD_ORD_1090;PROD_47;1;1
CORD_ORD_1090;PROD_5;1;1
CORD_ORD_1090;PROD_8;1;1
CORD_ORD_1091;PROD_11;1;1
CORD_ORD_1091;PROD_12;1;1
CORD_ORD_1091;PROD_15;1;1
CORD_ORD_1091;PROD_20;1;1
CORD_ORD_1091;PROD_21;1;1
CORD_ORD_1091;PROD_24;1;1
CORD_ORD_1091;PROD_26;1;1
CORD_ORD_1091;PROD_27;1;1
CORD_ORD_1091;PROD_29;1;1
CORD_ORD_1091;PROD_30;1;1
CORD_ORD_1091;PROD_31;1;1
CORD_ORD_1091;PROD_32;1;1
CORD_ORD_1091;PROD_36;1;1
CORD_ORD_1091;PROD_38;1;1
CORD_ORD_1091;PROD_39;1;1
CORD_ORD_1091;PROD_4;1;1
CORD_ORD_1091;PROD_46;1;1
CORD_ORD_1091;PROD_48;1;1
CORD_ORD_1091;PROD_49;1;1
CORD_ORD_1091;PROD_8;1;1
CORD_ORD_1092;PROD_10;1;1
CORD_ORD_1092;PROD_11;1;1
CORD_ORD_1092;PROD_17;1;1
CORD_ORD_1092;PROD_20;1;1
CORD_ORD_1092;PROD_29;1;1
CORD_ORD_1092;PROD_30;1;1
CORD_ORD_1092;PROD_31;1;1
CORD_ORD_1092;PROD_36;1;1
CORD_ORD_1092;PROD_38;1;1
CORD_ORD_1092;PROD_39;1;1
CORD_ORD_1092;PROD_4;1;1
CORD_ORD_1092;PROD_41;1;1
CORD_ORD_1092;PROD_43;1;1
CORD_ORD_1092;PROD_46;1;1
CORD_ORD_1092;PROD_48;1;1
CORD_ORD_1092;PROD_8;1;1
CORD_ORD_1093;PROD_20;1;1
CORD_ORD_1093;PROD_30;1;1
CORD_ORD_1093;PROD_36;1;1
CORD_ORD_1093;PROD_38;1;1
CORD_ORD_1093;PROD_39;1;1
CORD_ORD_1093;PROD_4;1;1
CORD_ORD_1093;PROD_46;1;1
CORD_ORD_1093;PROD_8;1;1
CORD_ORD_1094;PROD_10;1;1
CORD_ORD_1094;PROD_15;1;1
CORD_ORD_1094;PROD_18;1;1
CORD_ORD_1094;PROD_19;1;1
CORD_ORD_1094;PROD_2;1;1
CORD_ORD_1094;PROD_22;1;1
CORD_ORD_1094;PROD_28;1;1
CORD_ORD_1094;PROD_29;1;1
CORD_ORD_1094;PROD_31;1;1
CORD_ORD_1094;PROD_32;1;1
CORD_ORD_1094;PROD_37;1;1
CORD_ORD_1094;PROD_43;1;1
CORD_ORD_1094;PROD_44;1;1
CORD_ORD_1094;PROD_45;1;1
CORD_ORD_1095;PROD_11;1;1
CORD_ORD_1095;PROD_15;1;1
CORD_ORD_1095;PROD_27;1;1
CORD_ORD_1095;PROD_29;1;1
CORD_ORD_1095;PROD_31;1;1
CORD_ORD_1095;PROD_32;1;1
CORD_ORD_1095;PROD_48;1;1
CORD_ORD_1095;PROD_49;1;1
CORD_ORD_1096;PROD_1;1;1
CORD_ORD_1096;PROD_10;1;1
CORD_ORD_1096;PROD_13;1;1
CORD_ORD_1096;PROD_14;1;1
CORD_ORD_1096;PROD_19;1;1
CORD_ORD_1096;PROD_20;1;1
CORD_ORD_1096;PROD_21;1;1
CORD_ORD_1096;PROD_24;1;1
CORD_ORD_1096;PROD_27;1;1
CORD_ORD_1096;PROD_3;1;1
CORD_ORD_1096;PROD_33;1;1
CORD_ORD_1096;PROD_34;1;1
CORD_ORD_1096;PROD_36;1;1
CORD_ORD_1096;PROD_39;1;1
CORD_ORD_1096;PROD_43;1;1
CORD_ORD_1096;PROD_45;1;1
CORD_ORD_1096;PROD_46;1;1
CORD_ORD_1096;PROD_49;1;1
CORD_ORD_1096;PROD_5;1;1
CORD_ORD_1096;PROD_50;1;1
CORD_ORD_1096;PROD_6;1;1
CORD_ORD_1096;PROD_9;1;1
CORD_ORD_1097;PROD_10;1;1
CORD_ORD_1097;PROD_11;1;1
CORD_ORD_1097;PROD_12;1;1
CORD_ORD_1097;PROD_13;1;1
CORD_ORD_1097;PROD_16;1;1
CORD_ORD_1097;PROD_21;1;1
CORD_ORD_1097;PROD_22;1;1
CORD_ORD_1097;PROD_23;1;1
CORD_ORD_1097;PROD_24;1;1
CORD_ORD_1097;PROD_25;1;1
CORD_ORD_1097;PROD_26;1;1
CORD_ORD_1097;PROD_28;1;1
CORD_ORD_1097;PROD_33;1;1
CORD_ORD_1097;PROD_35;1;1
CORD_ORD_1097;PROD_37;1;1
CORD_ORD_1097;PROD_42;1;1
CORD_ORD_1097;PROD_43;1;1
CORD_ORD_1097;PROD_44;1;1
CORD_ORD_1097;PROD_48;1;1
CORD_ORD_1097;PROD_7;1;1
CORD_ORD_1098;PROD_1;1;1
CORD_ORD_1098;PROD_10;1;1
CORD_ORD_1098;PROD_15;1;1
CORD_ORD_1098;PROD_20;1;1
CORD_ORD_1098;PROD_22;1;1
CORD_ORD_1098;PROD_28;1;1
CORD_ORD_1098;PROD_29;1;1
CORD_ORD_1098;PROD_3;1;1
CORD_ORD_1098;PROD_30;1;1
CORD_ORD_1098;PROD_31;1;1
CORD_ORD_1098;PROD_32;1;1
CORD_ORD_1098;PROD_36;1;1
CORD_ORD_1098;PROD_39;1;1
CORD_ORD_1098;PROD_43;1;1
CORD_ORD_1098;PROD_46;1;1
CORD_ORD_1098;PROD_50;1;1
CORD_ORD_1098;PROD_6;1;1
CORD_ORD_1098;PROD_8;1;1
CORD_ORD_1099;PROD_11;1;1
CORD_ORD_1099;PROD_12;1;1
CORD_ORD_1099;PROD_13;1;1
CORD_ORD_1099;PROD_16;1;1
CORD_ORD_1099;PROD_17;1;1
CORD_ORD_1099;PROD_19;1;1
CORD_ORD_1099;PROD_21;1;1
CORD_ORD_1099;PROD_22;1;1
CORD_ORD_1099;PROD_23;1;1
CORD_ORD_1099;PROD_24;1;1
CORD_ORD_1099;PROD_25;1;1
CORD_ORD_1099;PROD_26;1;1
CORD_ORD_1099;PROD_28;1;1
CORD_ORD_1099;PROD_29;1;1
CORD_ORD_1099;PROD_31;1;1
CORD_ORD_1099;PROD_33;1;1
CORD_ORD_1099;PROD_34;1;1
CORD_ORD_1099;PROD_36;1;1
CORD_ORD_1099;PROD_37;1;1
CORD_ORD_1099;PROD_41;1;1
CORD_ORD_1099;PROD_42;1;1
CORD_ORD_1099;PROD_44;1;1
CORD_ORD_1099;PROD_45;1;1
CORD_ORD_1099;PROD_46;1;1
CORD_ORD_1099;PROD_48;1;1
CORD_ORD_1099;PROD_5;1;1
CORD_ORD_1100;PROD_1;1;1
CORD_ORD_1100;PROD_12;1;1
CORD_ORD_1100;PROD_18;1;1
CORD_ORD_1100;PROD_2;1;1
CORD_ORD_1100;PROD_21;1;1
CORD_ORD_1100;PROD_24;1;1
CORD_ORD_1100;PROD_26;1;1
CORD_ORD_1100;PROD_3;1;1
CORD_ORD_1100;PROD_36;1;1
CORD_ORD_1100;PROD_37;1;1
CORD_ORD_1100;PROD_44;1;1
CORD_ORD_1100;PROD_46;1;1
CORD_ORD_1101;PROD_1;1;1
CORD_ORD_1101;PROD_11;1;1
CORD_ORD_1101;PROD_12;1;1
CORD_ORD_1101;PROD_13;1;1
CORD_ORD_1101;PROD_15;1;1
CORD_ORD_1101;PROD_17;1;1
CORD_ORD_1101;PROD_20;1;1
CORD_ORD_1101;PROD_23;1;1
CORD_ORD_1101;PROD_26;1;1
CORD_ORD_1101;PROD_27;1;1
CORD_ORD_1101;PROD_29;1;1
CORD_ORD_1101;PROD_3;1;1
CORD_ORD_1101;PROD_30;1;1
CORD_ORD_1101;PROD_31;1;1
CORD_ORD_1101;PROD_32;1;1
CORD_ORD_1101;PROD_33;1;1
CORD_ORD_1101;PROD_34;1;1
CORD_ORD_1101;PROD_36;1;1
CORD_ORD_1101;PROD_39;1;1
CORD_ORD_1101;PROD_40;1;1
CORD_ORD_1101;PROD_41;1;1
CORD_ORD_1101;PROD_42;1;1
CORD_ORD_1101;PROD_46;1;1
CORD_ORD_1101;PROD_47;1;1
CORD_ORD_1101;PROD_48;1;1
CORD_ORD_1101;PROD_49;1;1
CORD_ORD_1101;PROD_5;1;1
CORD_ORD_1101;PROD_8;1;1
CORD_ORD_1102;PROD_11;1;1
CORD_ORD_1102;PROD_13;1;1
CORD_ORD_1102;PROD_15;1;1
CORD_ORD_1102;PROD_19;1;1
CORD_ORD_1102;PROD_32;1;1
CORD_ORD_1102;PROD_33;1;1
CORD_ORD_1102;PROD_34;1;1
CORD_ORD_1102;PROD_37;1;1
CORD_ORD_1102;PROD_38;1;1
CORD_ORD_1102;PROD_4;1;1
CORD_ORD_1102;PROD_44;1;1
CORD_ORD_1102;PROD_45;1;1
CORD_ORD_1102;PROD_48;1;1
CORD_ORD_1102;PROD_5;1;1
CORD_ORD_1103;PROD_1;1;1
CORD_ORD_1103;PROD_10;1;1
CORD_ORD_1103;PROD_11;1;1
CORD_ORD_1103;PROD_15;1;1
CORD_ORD_1103;PROD_16;1;1
CORD_ORD_1103;PROD_25;1;1
CORD_ORD_1103;PROD_29;1;1
CORD_ORD_1103;PROD_3;1;1
CORD_ORD_1103;PROD_31;1;1
CORD_ORD_1103;PROD_32;1;1
CORD_ORD_1103;PROD_40;1;1
CORD_ORD_1103;PROD_43;1;1
CORD_ORD_1103;PROD_47;1;1
CORD_ORD_1103;PROD_48;1;1
CORD_ORD_1104;PROD_10;1;1
CORD_ORD_1104;PROD_15;1;1
CORD_ORD_1104;PROD_29;1;1
CORD_ORD_1104;PROD_30;1;1
CORD_ORD_1104;PROD_31;1;1
CORD_ORD_1104;PROD_32;1;1
CORD_ORD_1104;PROD_34;1;1
CORD_ORD_1104;PROD_38;1;1
CORD_ORD_1104;PROD_4;1;1
CORD_ORD_1104;PROD_43;1;1
CORD_ORD_1104;PROD_5;1;1
CORD_ORD_1104;PROD_8;1;1
CORD_ORD_1105;PROD_1;1;1
CORD_ORD_1105;PROD_10;1;1
CORD_ORD_1105;PROD_15;1;1
CORD_ORD_1105;PROD_29;1;1
CORD_ORD_1105;PROD_3;1;1
CORD_ORD_1105;PROD_31;1;1
CORD_ORD_1105;PROD_32;1;1
CORD_ORD_1105;PROD_34;1;1
CORD_ORD_1105;PROD_40;1;1
CORD_ORD_1105;PROD_43;1;1
CORD_ORD_1105;PROD_47;1;1
CORD_ORD_1105;PROD_5;1;1
CORD_ORD_1105;PROD_50;1;1
CORD_ORD_1105;PROD_6;1;1
CORD_ORD_1106;PROD_1;1;1
CORD_ORD_1106;PROD_10;1;1
CORD_ORD_1106;PROD_15;1;1
CORD_ORD_1106;PROD_29;1;1
CORD_ORD_1106;PROD_3;1;1
CORD_ORD_1106;PROD_30;1;1
CORD_ORD_1106;PROD_31;1;1
CORD_ORD_1106;PROD_32;1;1
CORD_ORD_1106;PROD_36;1;1
CORD_ORD_1106;PROD_40;1;1
CORD_ORD_1106;PROD_43;1;1
CORD_ORD_1106;PROD_46;1;1
CORD_ORD_1106;PROD_47;1;1
CORD_ORD_1106;PROD_8;1;1
CORD_ORD_1107;PROD_14;1;1
CORD_ORD_1107;PROD_17;1;1
CORD_ORD_1107;PROD_22;1;1
CORD_ORD_1107;PROD_23;1;1
CORD_ORD_1107;PROD_28;1;1
CORD_ORD_1107;PROD_30;1;1
CORD_ORD_1107;PROD_35;1;1
CORD_ORD_1107;PROD_36;1;1
CORD_ORD_1107;PROD_37;1;1
CORD_ORD_1107;PROD_38;1;1
CORD_ORD_1107;PROD_4;1;1
CORD_ORD_1107;PROD_40;1;1
CORD_ORD_1107;PROD_41;1;1
CORD_ORD_1107;PROD_42;1;1
CORD_ORD_1107;PROD_44;1;1
CORD_ORD_1107;PROD_46;1;1
CORD_ORD_1107;PROD_47;1;1
CORD_ORD_1107;PROD_7;1;1
CORD_ORD_1107;PROD_8;1;1
CORD_ORD_1107;PROD_9;1;1
CORD_ORD_1108;PROD_10;1;1
CORD_ORD_1108;PROD_11;1;1
CORD_ORD_1108;PROD_12;1;1
CORD_ORD_1108;PROD_21;1;1
CORD_ORD_1108;PROD_22;1;1
CORD_ORD_1108;PROD_24;1;1
CORD_ORD_1108;PROD_26;1;1
CORD_ORD_1108;PROD_28;1;1
CORD_ORD_1108;PROD_34;1;1
CORD_ORD_1108;PROD_37;1;1
CORD_ORD_1108;PROD_40;1;1
CORD_ORD_1108;PROD_43;1;1
CORD_ORD_1108;PROD_44;1;1
CORD_ORD_1108;PROD_47;1;1
CORD_ORD_1108;PROD_48;1;1
CORD_ORD_1108;PROD_5;1;1
CORD_ORD_1109;PROD_10;1;1
CORD_ORD_1109;PROD_11;1;1
CORD_ORD_1109;PROD_20;1;1
CORD_ORD_1109;PROD_22;1;1
CORD_ORD_1109;PROD_28;1;1
CORD_ORD_1109;PROD_30;1;1
CORD_ORD_1109;PROD_35;1;1
CORD_ORD_1109;PROD_37;1;1
CORD_ORD_1109;PROD_38;1;1
CORD_ORD_1109;PROD_39;1;1
CORD_ORD_1109;PROD_4;1;1
CORD_ORD_1109;PROD_43;1;1
CORD_ORD_1109;PROD_44;1;1
CORD_ORD_1109;PROD_48;1;1
CORD_ORD_1109;PROD_7;1;1
CORD_ORD_1109;PROD_8;1;1
CORD_ORD_1110;PROD_1;1;1
CORD_ORD_1110;PROD_12;1;1
CORD_ORD_1110;PROD_13;1;1
CORD_ORD_1110;PROD_16;1;1
CORD_ORD_1110;PROD_22;1;1
CORD_ORD_1110;PROD_23;1;1
CORD_ORD_1110;PROD_25;1;1
CORD_ORD_1110;PROD_26;1;1
CORD_ORD_1110;PROD_27;1;1
CORD_ORD_1110;PROD_28;1;1
CORD_ORD_1110;PROD_29;1;1
CORD_ORD_1110;PROD_3;1;1
CORD_ORD_1110;PROD_31;1;1
CORD_ORD_1110;PROD_33;1;1
CORD_ORD_1110;PROD_34;1;1
CORD_ORD_1110;PROD_35;1;1
CORD_ORD_1110;PROD_42;1;1
CORD_ORD_1110;PROD_49;1;1
CORD_ORD_1110;PROD_5;1;1
CORD_ORD_1110;PROD_7;1;1
CORD_ORD_1111;PROD_14;1;1
CORD_ORD_1111;PROD_15;1;1
CORD_ORD_1111;PROD_16;1;1
CORD_ORD_1111;PROD_19;1;1
CORD_ORD_1111;PROD_21;1;1
CORD_ORD_1111;PROD_23;1;1
CORD_ORD_1111;PROD_24;1;1
CORD_ORD_1111;PROD_25;1;1
CORD_ORD_1111;PROD_29;1;1
CORD_ORD_1111;PROD_31;1;1
CORD_ORD_1111;PROD_32;1;1
CORD_ORD_1111;PROD_34;1;1
CORD_ORD_1111;PROD_35;1;1
CORD_ORD_1111;PROD_42;1;1
CORD_ORD_1111;PROD_45;1;1
CORD_ORD_1111;PROD_5;1;1
CORD_ORD_1111;PROD_7;1;1
CORD_ORD_1111;PROD_9;1;1
CORD_ORD_1112;PROD_11;1;1
CORD_ORD_1112;PROD_12;1;1
CORD_ORD_1112;PROD_14;1;1
CORD_ORD_1112;PROD_15;1;1
CORD_ORD_1112;PROD_23;1;1
CORD_ORD_1112;PROD_26;1;1
CORD_ORD_1112;PROD_27;1;1
CORD_ORD_1112;PROD_32;1;1
CORD_ORD_1112;PROD_34;1;1
CORD_ORD_1112;PROD_37;1;1
CORD_ORD_1112;PROD_42;1;1
CORD_ORD_1112;PROD_44;1;1
CORD_ORD_1112;PROD_48;1;1
CORD_ORD_1112;PROD_49;1;1
CORD_ORD_1112;PROD_5;1;1
CORD_ORD_1112;PROD_50;1;1
CORD_ORD_1112;PROD_6;1;1
CORD_ORD_1112;PROD_9;1;1
CORD_ORD_1113;PROD_1;1;1
CORD_ORD_1113;PROD_11;1;1
CORD_ORD_1113;PROD_13;1;1
CORD_ORD_1113;PROD_16;1;1
CORD_ORD_1113;PROD_19;1;1
CORD_ORD_1113;PROD_22;1;1
CORD_ORD_1113;PROD_25;1;1
CORD_ORD_1113;PROD_28;1;1
CORD_ORD_1113;PROD_3;1;1
CORD_ORD_1113;PROD_33;1;1
CORD_ORD_1113;PROD_37;1;1
CORD_ORD_1113;PROD_44;1;1
CORD_ORD_1113;PROD_45;1;1
CORD_ORD_1113;PROD_48;1;1
CORD_ORD_1114;PROD_10;1;1
CORD_ORD_1114;PROD_20;1;1
CORD_ORD_1114;PROD_22;1;1
CORD_ORD_1114;PROD_28;1;1
CORD_ORD_1114;PROD_29;1;1
CORD_ORD_1114;PROD_30;1;1
CORD_ORD_1114;PROD_31;1;1
CORD_ORD_1114;PROD_36;1;1
CORD_ORD_1114;PROD_38;1;1
CORD_ORD_1114;PROD_39;1;1
CORD_ORD_1114;PROD_4;1;1
CORD_ORD_1114;PROD_43;1;1
CORD_ORD_1114;PROD_46;1;1
CORD_ORD_1114;PROD_8;1;1
CORD_ORD_1115;PROD_15;1;1
CORD_ORD_1115;PROD_18;1;1
CORD_ORD_1115;PROD_2;1;1
CORD_ORD_1115;PROD_22;1;1
CORD_ORD_1115;PROD_28;1;1
CORD_ORD_1115;PROD_29;1;1
CORD_ORD_1115;PROD_31;1;1
CORD_ORD_1115;PROD_32;1;1
CORD_ORD_1115;PROD_34;1;1
CORD_ORD_1115;PROD_5;1;1
CORD_ORD_1115;PROD_50;1;1
CORD_ORD_1115;PROD_6;1;1
CORD_ORD_1116;PROD_12;1;1
CORD_ORD_1116;PROD_16;1;1
CORD_ORD_1116;PROD_17;1;1
CORD_ORD_1116;PROD_21;1;1
CORD_ORD_1116;PROD_24;1;1
CORD_ORD_1116;PROD_25;1;1
CORD_ORD_1116;PROD_26;1;1
CORD_ORD_1116;PROD_27;1;1
CORD_ORD_1116;PROD_37;1;1
CORD_ORD_1116;PROD_38;1;1
CORD_ORD_1116;PROD_4;1;1
CORD_ORD_1116;PROD_40;1;1
CORD_ORD_1116;PROD_41;1;1
CORD_ORD_1116;PROD_44;1;1
CORD_ORD_1116;PROD_47;1;1
CORD_ORD_1116;PROD_49;1;1
CORD_ORD_1117;PROD_1;1;1
CORD_ORD_1117;PROD_16;1;1
CORD_ORD_1117;PROD_19;1;1
CORD_ORD_1117;PROD_20;1;1
CORD_ORD_1117;PROD_22;1;1
CORD_ORD_1117;PROD_25;1;1
CORD_ORD_1117;PROD_28;1;1
CORD_ORD_1117;PROD_29;1;1
CORD_ORD_1117;PROD_3;1;1
CORD_ORD_1117;PROD_31;1;1
CORD_ORD_1117;PROD_39;1;1
CORD_ORD_1117;PROD_45;1;1
CORD_ORD_1118;PROD_1;1;1
CORD_ORD_1118;PROD_10;1;1
CORD_ORD_1118;PROD_12;1;1
CORD_ORD_1118;PROD_18;1;1
CORD_ORD_1118;PROD_2;1;1
CORD_ORD_1118;PROD_20;1;1
CORD_ORD_1118;PROD_26;1;1
CORD_ORD_1118;PROD_29;1;1
CORD_ORD_1118;PROD_3;1;1
CORD_ORD_1118;PROD_30;1;1
CORD_ORD_1118;PROD_31;1;1
CORD_ORD_1118;PROD_36;1;1
CORD_ORD_1118;PROD_37;1;1
CORD_ORD_1118;PROD_39;1;1
CORD_ORD_1118;PROD_43;1;1
CORD_ORD_1118;PROD_44;1;1
CORD_ORD_1118;PROD_46;1;1
CORD_ORD_1118;PROD_8;1;1
CORD_ORD_1119;PROD_17;1;1
CORD_ORD_1119;PROD_18;1;1
CORD_ORD_1119;PROD_19;1;1
CORD_ORD_1119;PROD_2;1;1
CORD_ORD_1119;PROD_21;1;1
CORD_ORD_1119;PROD_22;1;1
CORD_ORD_1119;PROD_24;1;1
CORD_ORD_1119;PROD_28;1;1
CORD_ORD_1119;PROD_38;1;1
CORD_ORD_1119;PROD_4;1;1
CORD_ORD_1119;PROD_40;1;1
CORD_ORD_1119;PROD_41;1;1
CORD_ORD_1119;PROD_45;1;1
CORD_ORD_1119;PROD_47;1;1
CORD_ORD_1119;PROD_50;1;1
CORD_ORD_1119;PROD_6;1;1
CORD_ORD_1120;PROD_11;1;1
CORD_ORD_1120;PROD_15;1;1
CORD_ORD_1120;PROD_27;1;1
CORD_ORD_1120;PROD_29;1;1
CORD_ORD_1120;PROD_31;1;1
CORD_ORD_1120;PROD_32;1;1
CORD_ORD_1120;PROD_48;1;1
CORD_ORD_1120;PROD_49;1;1
CORD_ORD_1121;PROD_1;1;1
CORD_ORD_1121;PROD_10;1;1
CORD_ORD_1121;PROD_13;1;1
CORD_ORD_1121;PROD_14;1;1
CORD_ORD_1121;PROD_23;1;1
CORD_ORD_1121;PROD_3;1;1
CORD_ORD_1121;PROD_30;1;1
CORD_ORD_1121;PROD_33;1;1
CORD_ORD_1121;PROD_35;1;1
CORD_ORD_1121;PROD_36;1;1
CORD_ORD_1121;PROD_42;1;1
CORD_ORD_1121;PROD_43;1;1
CORD_ORD_1121;PROD_46;1;1
CORD_ORD_1121;PROD_7;1;1
CORD_ORD_1121;PROD_8;1;1
CORD_ORD_1121;PROD_9;1;1
CORD_ORD_1122;PROD_1;1;1
CORD_ORD_1122;PROD_10;1;1
CORD_ORD_1122;PROD_3;1;1
CORD_ORD_1122;PROD_30;1;1
CORD_ORD_1122;PROD_36;1;1
CORD_ORD_1122;PROD_43;1;1
CORD_ORD_1122;PROD_46;1;1
CORD_ORD_1122;PROD_8;1;1
CORD_ORD_1123;PROD_1;1;1
CORD_ORD_1123;PROD_10;1;1
CORD_ORD_1123;PROD_14;1;1
CORD_ORD_1123;PROD_29;1;1
CORD_ORD_1123;PROD_3;1;1
CORD_ORD_1123;PROD_30;1;1
CORD_ORD_1123;PROD_31;1;1
CORD_ORD_1123;PROD_36;1;1
CORD_ORD_1123;PROD_43;1;1
CORD_ORD_1123;PROD_46;1;1
CORD_ORD_1123;PROD_8;1;1
CORD_ORD_1123;PROD_9;1;1
CORD_ORD_1124;PROD_1;1;1
CORD_ORD_1124;PROD_10;1;1
CORD_ORD_1124;PROD_11;1;1
CORD_ORD_1124;PROD_13;1;1
CORD_ORD_1124;PROD_19;1;1
CORD_ORD_1124;PROD_23;1;1
CORD_ORD_1124;PROD_29;1;1
CORD_ORD_1124;PROD_3;1;1
CORD_ORD_1124;PROD_30;1;1
CORD_ORD_1124;PROD_31;1;1
CORD_ORD_1124;PROD_33;1;1
CORD_ORD_1124;PROD_36;1;1
CORD_ORD_1124;PROD_37;1;1
CORD_ORD_1124;PROD_42;1;1
CORD_ORD_1124;PROD_43;1;1
CORD_ORD_1124;PROD_44;1;1
CORD_ORD_1124;PROD_45;1;1
CORD_ORD_1124;PROD_46;1;1
CORD_ORD_1124;PROD_48;1;1
CORD_ORD_1124;PROD_8;1;1
CORD_ORD_1125;PROD_13;1;1
CORD_ORD_1125;PROD_16;1;1
CORD_ORD_1125;PROD_17;1;1
CORD_ORD_1125;PROD_19;1;1
CORD_ORD_1125;PROD_25;1;1
CORD_ORD_1125;PROD_29;1;1
CORD_ORD_1125;PROD_30;1;1
CORD_ORD_1125;PROD_31;1;1
CORD_ORD_1125;PROD_33;1;1
CORD_ORD_1125;PROD_37;1;1
CORD_ORD_1125;PROD_41;1;1
CORD_ORD_1125;PROD_44;1;1
CORD_ORD_1125;PROD_45;1;1
CORD_ORD_1125;PROD_8;1;1
CORD_ORD_1126;PROD_1;1;1
CORD_ORD_1126;PROD_12;1;1
CORD_ORD_1126;PROD_15;1;1
CORD_ORD_1126;PROD_20;1;1
CORD_ORD_1126;PROD_21;1;1
CORD_ORD_1126;PROD_23;1;1
CORD_ORD_1126;PROD_24;1;1
CORD_ORD_1126;PROD_26;1;1
CORD_ORD_1126;PROD_3;1;1
CORD_ORD_1126;PROD_30;1;1
CORD_ORD_1126;PROD_32;1;1
CORD_ORD_1126;PROD_37;1;1
CORD_ORD_1126;PROD_39;1;1
CORD_ORD_1126;PROD_42;1;1
CORD_ORD_1126;PROD_44;1;1
CORD_ORD_1126;PROD_8;1;1
CORD_ORD_1127;PROD_1;1;1
CORD_ORD_1127;PROD_19;1;1
CORD_ORD_1127;PROD_22;1;1
CORD_ORD_1127;PROD_23;1;1
CORD_ORD_1127;PROD_27;1;1
CORD_ORD_1127;PROD_28;1;1
CORD_ORD_1127;PROD_3;1;1
CORD_ORD_1127;PROD_30;1;1
CORD_ORD_1127;PROD_34;1;1
CORD_ORD_1127;PROD_35;1;1
CORD_ORD_1127;PROD_36;1;1
CORD_ORD_1127;PROD_38;1;1
CORD_ORD_1127;PROD_4;1;1
CORD_ORD_1127;PROD_40;1;1
CORD_ORD_1127;PROD_42;1;1
CORD_ORD_1127;PROD_45;1;1
CORD_ORD_1127;PROD_46;1;1
CORD_ORD_1127;PROD_47;1;1
CORD_ORD_1127;PROD_49;1;1
CORD_ORD_1127;PROD_5;1;1
CORD_ORD_1127;PROD_7;1;1
CORD_ORD_1127;PROD_8;1;1
CORD_ORD_1128;PROD_12;1;1
CORD_ORD_1128;PROD_13;1;1
CORD_ORD_1128;PROD_14;1;1
CORD_ORD_1128;PROD_15;1;1
CORD_ORD_1128;PROD_20;1;1
CORD_ORD_1128;PROD_21;1;1
CORD_ORD_1128;PROD_22;1;1
CORD_ORD_1128;PROD_24;1;1
CORD_ORD_1128;PROD_26;1;1
CORD_ORD_1128;PROD_28;1;1
CORD_ORD_1128;PROD_30;1;1
CORD_ORD_1128;PROD_32;1;1
CORD_ORD_1128;PROD_33;1;1
CORD_ORD_1128;PROD_38;1;1
CORD_ORD_1128;PROD_39;1;1
CORD_ORD_1128;PROD_4;1;1
CORD_ORD_1128;PROD_50;1;1
CORD_ORD_1128;PROD_6;1;1
CORD_ORD_1128;PROD_8;1;1
CORD_ORD_1128;PROD_9;1;1
CORD_ORD_1129;PROD_10;1;1
CORD_ORD_1129;PROD_13;1;1
CORD_ORD_1129;PROD_14;1;1
CORD_ORD_1129;PROD_15;1;1
CORD_ORD_1129;PROD_16;1;1
CORD_ORD_1129;PROD_18;1;1
CORD_ORD_1129;PROD_2;1;1
CORD_ORD_1129;PROD_21;1;1
CORD_ORD_1129;PROD_24;1;1
CORD_ORD_1129;PROD_25;1;1
CORD_ORD_1129;PROD_27;1;1
CORD_ORD_1129;PROD_29;1;1
CORD_ORD_1129;PROD_30;1;1
CORD_ORD_1129;PROD_31;1;1
CORD_ORD_1129;PROD_32;1;1
CORD_ORD_1129;PROD_33;1;1
CORD_ORD_1129;PROD_34;1;1
CORD_ORD_1129;PROD_36;1;1
CORD_ORD_1129;PROD_37;1;1
CORD_ORD_1129;PROD_43;1;1
CORD_ORD_1129;PROD_44;1;1
CORD_ORD_1129;PROD_46;1;1
CORD_ORD_1129;PROD_49;1;1
CORD_ORD_1129;PROD_5;1;1
CORD_ORD_1129;PROD_8;1;1
CORD_ORD_1129;PROD_9;1;1
CORD_ORD_1130;PROD_1;1;1
CORD_ORD_1130;PROD_10;1;1
CORD_ORD_1130;PROD_15;1;1
CORD_ORD_1130;PROD_16;1;1
CORD_ORD_1130;PROD_22;1;1
CORD_ORD_1130;PROD_25;1;1
CORD_ORD_1130;PROD_28;1;1
CORD_ORD_1130;PROD_29;1;1
CORD_ORD_1130;PROD_3;1;1
CORD_ORD_1130;PROD_31;1;1
CORD_ORD_1130;PROD_32;1;1
CORD_ORD_1130;PROD_40;1;1
CORD_ORD_1130;PROD_43;1;1
CORD_ORD_1130;PROD_47;1;1
CORD_ORD_1131;PROD_1;1;1
CORD_ORD_1131;PROD_10;1;1
CORD_ORD_1131;PROD_13;1;1
CORD_ORD_1131;PROD_15;1;1
CORD_ORD_1131;PROD_18;1;1
CORD_ORD_1131;PROD_2;1;1
CORD_ORD_1131;PROD_29;1;1
CORD_ORD_1131;PROD_3;1;1
CORD_ORD_1131;PROD_30;1;1
CORD_ORD_1131;PROD_31;1;1
CORD_ORD_1131;PROD_32;1;1
CORD_ORD_1131;PROD_33;1;1
CORD_ORD_1131;PROD_36;1;1
CORD_ORD_1131;PROD_37;1;1
CORD_ORD_1131;PROD_43;1;1
CORD_ORD_1131;PROD_44;1;1
CORD_ORD_1131;PROD_46;1;1
CORD_ORD_1131;PROD_50;1;1
CORD_ORD_1131;PROD_6;1;1
CORD_ORD_1131;PROD_8;1;1
CORD_ORD_1132;PROD_1;1;1
CORD_ORD_1132;PROD_11;1;1
CORD_ORD_1132;PROD_12;1;1
CORD_ORD_1132;PROD_16;1;1
CORD_ORD_1132;PROD_18;1;1
CORD_ORD_1132;PROD_2;1;1
CORD_ORD_1132;PROD_22;1;1
CORD_ORD_1132;PROD_25;1;1
CORD_ORD_1132;PROD_26;1;1
CORD_ORD_1132;PROD_28;1;1
CORD_ORD_1132;PROD_3;1;1
CORD_ORD_1132;PROD_36;1;1
CORD_ORD_1132;PROD_46;1;1
CORD_ORD_1132;PROD_48;1;1
CORD_ORD_1132;PROD_50;1;1
CORD_ORD_1132;PROD_6;1;1
CORD_ORD_1133;PROD_10;1;1
CORD_ORD_1133;PROD_12;1;1
CORD_ORD_1133;PROD_15;1;1
CORD_ORD_1133;PROD_20;1;1
CORD_ORD_1133;PROD_23;1;1
CORD_ORD_1133;PROD_26;1;1
CORD_ORD_1133;PROD_30;1;1
CORD_ORD_1133;PROD_32;1;1
CORD_ORD_1133;PROD_36;1;1
CORD_ORD_1133;PROD_38;1;1
CORD_ORD_1133;PROD_39;1;1
CORD_ORD_1133;PROD_4;1;1
CORD_ORD_1133;PROD_42;1;1
CORD_ORD_1133;PROD_43;1;1
CORD_ORD_1133;PROD_46;1;1
CORD_ORD_1133;PROD_8;1;1
CORD_ORD_1134;PROD_10;1;1
CORD_ORD_1134;PROD_11;1;1
CORD_ORD_1134;PROD_14;1;1
CORD_ORD_1134;PROD_17;1;1
CORD_ORD_1134;PROD_19;1;1
CORD_ORD_1134;PROD_20;1;1
CORD_ORD_1134;PROD_29;1;1
CORD_ORD_1134;PROD_31;1;1
CORD_ORD_1134;PROD_34;1;1
CORD_ORD_1134;PROD_35;1;1
CORD_ORD_1134;PROD_37;1;1
CORD_ORD_1134;PROD_39;1;1
CORD_ORD_1134;PROD_41;1;1
CORD_ORD_1134;PROD_43;1;1
CORD_ORD_1134;PROD_44;1;1
CORD_ORD_1134;PROD_45;1;1
CORD_ORD_1134;PROD_48;1;1
CORD_ORD_1134;PROD_5;1;1
CORD_ORD_1134;PROD_7;1;1
CORD_ORD_1134;PROD_9;1;1
CORD_ORD_1135;PROD_21;1;1
CORD_ORD_1135;PROD_24;1;1
CORD_ORD_1135;PROD_34;1;1
CORD_ORD_1135;PROD_36;1;1
CORD_ORD_1135;PROD_40;1;1
CORD_ORD_1135;PROD_46;1;1
CORD_ORD_1135;PROD_47;1;1
CORD_ORD_1135;PROD_5;1;1
CORD_ORD_1136;PROD_11;1;1
CORD_ORD_1136;PROD_13;1;1
CORD_ORD_1136;PROD_19;1;1
CORD_ORD_1136;PROD_20;1;1
CORD_ORD_1136;PROD_30;1;1
CORD_ORD_1136;PROD_33;1;1
CORD_ORD_1136;PROD_36;1;1
CORD_ORD_1136;PROD_37;1;1
CORD_ORD_1136;PROD_38;1;1
CORD_ORD_1136;PROD_39;1;1
CORD_ORD_1136;PROD_4;1;1
CORD_ORD_1136;PROD_44;1;1
CORD_ORD_1136;PROD_45;1;1
CORD_ORD_1136;PROD_46;1;1
CORD_ORD_1136;PROD_48;1;1
CORD_ORD_1136;PROD_8;1;1
CORD_ORD_1137;PROD_11;1;1
CORD_ORD_1137;PROD_13;1;1
CORD_ORD_1137;PROD_14;1;1
CORD_ORD_1137;PROD_17;1;1
CORD_ORD_1137;PROD_18;1;1
CORD_ORD_1137;PROD_2;1;1
CORD_ORD_1137;PROD_20;1;1
CORD_ORD_1137;PROD_21;1;1
CORD_ORD_1137;PROD_24;1;1
CORD_ORD_1137;PROD_27;1;1
CORD_ORD_1137;PROD_33;1;1
CORD_ORD_1137;PROD_35;1;1
CORD_ORD_1137;PROD_39;1;1
CORD_ORD_1137;PROD_41;1;1
CORD_ORD_1137;PROD_48;1;1
CORD_ORD_1137;PROD_49;1;1
CORD_ORD_1137;PROD_50;1;1
CORD_ORD_1137;PROD_6;1;1
CORD_ORD_1137;PROD_7;1;1
CORD_ORD_1137;PROD_9;1;1
CORD_ORD_1138;PROD_1;1;1
CORD_ORD_1138;PROD_11;1;1
CORD_ORD_1138;PROD_15;1;1
CORD_ORD_1138;PROD_19;1;1
CORD_ORD_1138;PROD_27;1;1
CORD_ORD_1138;PROD_3;1;1
CORD_ORD_1138;PROD_32;1;1
CORD_ORD_1138;PROD_35;1;1
CORD_ORD_1138;PROD_36;1;1
CORD_ORD_1138;PROD_40;1;1
CORD_ORD_1138;PROD_45;1;1
CORD_ORD_1138;PROD_46;1;1
CORD_ORD_1138;PROD_47;1;1
CORD_ORD_1138;PROD_48;1;1
CORD_ORD_1138;PROD_49;1;1
CORD_ORD_1138;PROD_50;1;1
CORD_ORD_1138;PROD_6;1;1
CORD_ORD_1138;PROD_7;1;1
CORD_ORD_1139;PROD_13;1;1
CORD_ORD_1139;PROD_14;1;1
CORD_ORD_1139;PROD_15;1;1
CORD_ORD_1139;PROD_16;1;1
CORD_ORD_1139;PROD_20;1;1
CORD_ORD_1139;PROD_21;1;1
CORD_ORD_1139;PROD_24;1;1
CORD_ORD_1139;PROD_25;1;1
CORD_ORD_1139;PROD_30;1;1
CORD_ORD_1139;PROD_32;1;1
CORD_ORD_1139;PROD_33;1;1
CORD_ORD_1139;PROD_34;1;1
CORD_ORD_1139;PROD_35;1;1
CORD_ORD_1139;PROD_37;1;1
CORD_ORD_1139;PROD_39;1;1
CORD_ORD_1139;PROD_40;1;1
CORD_ORD_1139;PROD_44;1;1
CORD_ORD_1139;PROD_47;1;1
CORD_ORD_1139;PROD_5;1;1
CORD_ORD_1139;PROD_50;1;1
CORD_ORD_1139;PROD_6;1;1
CORD_ORD_1139;PROD_7;1;1
CORD_ORD_1139;PROD_8;1;1
CORD_ORD_1139;PROD_9;1;1
CORD_ORD_1140;PROD_11;1;1
CORD_ORD_1140;PROD_12;1;1
CORD_ORD_1140;PROD_13;1;1
CORD_ORD_1140;PROD_14;1;1
CORD_ORD_1140;PROD_17;1;1
CORD_ORD_1140;PROD_19;1;1
CORD_ORD_1140;PROD_23;1;1
CORD_ORD_1140;PROD_26;1;1
CORD_ORD_1140;PROD_33;1;1
CORD_ORD_1140;PROD_34;1;1
CORD_ORD_1140;PROD_37;1;1
CORD_ORD_1140;PROD_41;1;1
CORD_ORD_1140;PROD_42;1;1
CORD_ORD_1140;PROD_44;1;1
CORD_ORD_1140;PROD_45;1;1
CORD_ORD_1140;PROD_48;1;1
CORD_ORD_1140;PROD_5;1;1
CORD_ORD_1140;PROD_50;1;1
CORD_ORD_1140;PROD_6;1;1
CORD_ORD_1140;PROD_9;1;1
CORD_ORD_1141;PROD_1;1;1
CORD_ORD_1141;PROD_10;1;1
CORD_ORD_1141;PROD_18;1;1
CORD_ORD_1141;PROD_2;1;1
CORD_ORD_1141;PROD_3;1;1
CORD_ORD_1141;PROD_30;1;1
CORD_ORD_1141;PROD_36;1;1
CORD_ORD_1141;PROD_43;1;1
CORD_ORD_1141;PROD_46;1;1
CORD_ORD_1141;PROD_8;1;1
CORD_ORD_1142;PROD_20;1;1
CORD_ORD_1142;PROD_30;1;1
CORD_ORD_1142;PROD_36;1;1
CORD_ORD_1142;PROD_38;1;1
CORD_ORD_1142;PROD_39;1;1
CORD_ORD_1142;PROD_4;1;1
CORD_ORD_1142;PROD_46;1;1
CORD_ORD_1142;PROD_8;1;1
CORD_ORD_1143;PROD_10;1;1
CORD_ORD_1143;PROD_13;1;1
CORD_ORD_1143;PROD_14;1;1
CORD_ORD_1143;PROD_15;1;1
CORD_ORD_1143;PROD_17;1;1
CORD_ORD_1143;PROD_29;1;1
CORD_ORD_1143;PROD_30;1;1
CORD_ORD_1143;PROD_31;1;1
CORD_ORD_1143;PROD_32;1;1
CORD_ORD_1143;PROD_33;1;1
CORD_ORD_1143;PROD_35;1;1
CORD_ORD_1143;PROD_38;1;1
CORD_ORD_1143;PROD_4;1;1
CORD_ORD_1143;PROD_41;1;1
CORD_ORD_1143;PROD_43;1;1
CORD_ORD_1143;PROD_50;1;1
CORD_ORD_1143;PROD_6;1;1
CORD_ORD_1143;PROD_7;1;1
CORD_ORD_1143;PROD_8;1;1
CORD_ORD_1143;PROD_9;1;1
CORD_ORD_1144;PROD_10;1;1
CORD_ORD_1144;PROD_15;1;1
CORD_ORD_1144;PROD_21;1;1
CORD_ORD_1144;PROD_23;1;1
CORD_ORD_1144;PROD_24;1;1
CORD_ORD_1144;PROD_29;1;1
CORD_ORD_1144;PROD_31;1;1
CORD_ORD_1144;PROD_32;1;1
CORD_ORD_1144;PROD_37;1;1
CORD_ORD_1144;PROD_42;1;1
CORD_ORD_1144;PROD_43;1;1
CORD_ORD_1144;PROD_44;1;1
CORD_ORD_1144;PROD_50;1;1
CORD_ORD_1144;PROD_6;1;1
CORD_ORD_1145;PROD_11;1;1
CORD_ORD_1145;PROD_14;1;1
CORD_ORD_1145;PROD_18;1;1
CORD_ORD_1145;PROD_2;1;1
CORD_ORD_1145;PROD_20;1;1
CORD_ORD_1145;PROD_23;1;1
CORD_ORD_1145;PROD_27;1;1
CORD_ORD_1145;PROD_36;1;1
CORD_ORD_1145;PROD_37;1;1
CORD_ORD_1145;PROD_39;1;1
CORD_ORD_1145;PROD_42;1;1
CORD_ORD_1145;PROD_44;1;1
CORD_ORD_1145;PROD_46;1;1
CORD_ORD_1145;PROD_48;1;1
CORD_ORD_1145;PROD_49;1;1
CORD_ORD_1145;PROD_9;1;1
CORD_ORD_1146;PROD_10;1;1
CORD_ORD_1146;PROD_11;1;1
CORD_ORD_1146;PROD_14;1;1
CORD_ORD_1146;PROD_15;1;1
CORD_ORD_1146;PROD_27;1;1
CORD_ORD_1146;PROD_29;1;1
CORD_ORD_1146;PROD_31;1;1
CORD_ORD_1146;PROD_32;1;1
CORD_ORD_1146;PROD_35;1;1
CORD_ORD_1146;PROD_43;1;1
CORD_ORD_1146;PROD_48;1;1
CORD_ORD_1146;PROD_49;1;1
CORD_ORD_1146;PROD_7;1;1
CORD_ORD_1146;PROD_9;1;1
CORD_ORD_1147;PROD_11;1;1
CORD_ORD_1147;PROD_12;1;1
CORD_ORD_1147;PROD_14;1;1
CORD_ORD_1147;PROD_21;1;1
CORD_ORD_1147;PROD_24;1;1
CORD_ORD_1147;PROD_26;1;1
CORD_ORD_1147;PROD_27;1;1
CORD_ORD_1147;PROD_34;1;1
CORD_ORD_1147;PROD_35;1;1
CORD_ORD_1147;PROD_38;1;1
CORD_ORD_1147;PROD_4;1;1
CORD_ORD_1147;PROD_48;1;1
CORD_ORD_1147;PROD_49;1;1
CORD_ORD_1147;PROD_5;1;1
CORD_ORD_1147;PROD_7;1;1
CORD_ORD_1147;PROD_9;1;1
CORD_ORD_1148;PROD_1;1;1
CORD_ORD_1148;PROD_10;1;1
CORD_ORD_1148;PROD_15;1;1
CORD_ORD_1148;PROD_16;1;1
CORD_ORD_1148;PROD_22;1;1
CORD_ORD_1148;PROD_25;1;1
CORD_ORD_1148;PROD_28;1;1
CORD_ORD_1148;PROD_29;1;1
CORD_ORD_1148;PROD_3;1;1
CORD_ORD_1148;PROD_31;1;1
CORD_ORD_1148;PROD_32;1;1
CORD_ORD_1148;PROD_40;1;1
CORD_ORD_1148;PROD_43;1;1
CORD_ORD_1148;PROD_47;1;1
CORD_ORD_1149;PROD_10;1;1
CORD_ORD_1149;PROD_15;1;1
CORD_ORD_1149;PROD_21;1;1
CORD_ORD_1149;PROD_23;1;1
CORD_ORD_1149;PROD_24;1;1
CORD_ORD_1149;PROD_32;1;1
CORD_ORD_1149;PROD_34;1;1
CORD_ORD_1149;PROD_37;1;1
CORD_ORD_1149;PROD_38;1;1
CORD_ORD_1149;PROD_4;1;1
CORD_ORD_1149;PROD_42;1;1
CORD_ORD_1149;PROD_43;1;1
CORD_ORD_1149;PROD_44;1;1
CORD_ORD_1149;PROD_5;1;1
CORD_ORD_1150;PROD_1;1;1
CORD_ORD_1150;PROD_15;1;1
CORD_ORD_1150;PROD_16;1;1
CORD_ORD_1150;PROD_17;1;1
CORD_ORD_1150;PROD_18;1;1
CORD_ORD_1150;PROD_2;1;1
CORD_ORD_1150;PROD_21;1;1
CORD_ORD_1150;PROD_24;1;1
CORD_ORD_1150;PROD_25;1;1
CORD_ORD_1150;PROD_27;1;1
CORD_ORD_1150;PROD_29;1;1
CORD_ORD_1150;PROD_3;1;1
CORD_ORD_1150;PROD_31;1;1
CORD_ORD_1150;PROD_32;1;1
CORD_ORD_1150;PROD_37;1;1
CORD_ORD_1150;PROD_38;1;1
CORD_ORD_1150;PROD_4;1;1
CORD_ORD_1150;PROD_41;1;1
CORD_ORD_1150;PROD_44;1;1
CORD_ORD_1150;PROD_49;1;1
CORD_ORD_1150;PROD_50;1;1
CORD_ORD_1150;PROD_6;1;1
CORD_ORD_1151;PROD_1;1;1
CORD_ORD_1151;PROD_10;1;1
CORD_ORD_1151;PROD_11;1;1
CORD_ORD_1151;PROD_14;1;1
CORD_ORD_1151;PROD_15;1;1
CORD_ORD_1151;PROD_18;1;1
CORD_ORD_1151;PROD_2;1;1
CORD_ORD_1151;PROD_3;1;1
CORD_ORD_1151;PROD_30;1;1
CORD_ORD_1151;PROD_32;1;1
CORD_ORD_1151;PROD_34;1;1
CORD_ORD_1151;PROD_36;1;1
CORD_ORD_1151;PROD_38;1;1
CORD_ORD_1151;PROD_4;1;1
CORD_ORD_1151;PROD_43;1;1
CORD_ORD_1151;PROD_46;1;1
CORD_ORD_1151;PROD_48;1;1
CORD_ORD_1151;PROD_5;1;1
CORD_ORD_1151;PROD_8;1;1
CORD_ORD_1151;PROD_9;1;1
CORD_ORD_1152;PROD_11;1;1
CORD_ORD_1152;PROD_12;1;1
CORD_ORD_1152;PROD_16;1;1
CORD_ORD_1152;PROD_21;1;1
CORD_ORD_1152;PROD_22;1;1
CORD_ORD_1152;PROD_23;1;1
CORD_ORD_1152;PROD_24;1;1
CORD_ORD_1152;PROD_25;1;1
CORD_ORD_1152;PROD_26;1;1
CORD_ORD_1152;PROD_28;1;1
CORD_ORD_1152;PROD_34;1;1
CORD_ORD_1152;PROD_35;1;1
CORD_ORD_1152;PROD_37;1;1
CORD_ORD_1152;PROD_40;1;1
CORD_ORD_1152;PROD_42;1;1
CORD_ORD_1152;PROD_44;1;1
CORD_ORD_1152;PROD_47;1;1
CORD_ORD_1152;PROD_48;1;1
CORD_ORD_1152;PROD_5;1;1
CORD_ORD_1152;PROD_50;1;1
CORD_ORD_1152;PROD_6;1;1
CORD_ORD_1152;PROD_7;1;1
CORD_ORD_1153;PROD_10;1;1
CORD_ORD_1153;PROD_11;1;1
CORD_ORD_1153;PROD_12;1;1
CORD_ORD_1153;PROD_15;1;1
CORD_ORD_1153;PROD_17;1;1
CORD_ORD_1153;PROD_20;1;1
CORD_ORD_1153;PROD_21;1;1
CORD_ORD_1153;PROD_23;1;1
CORD_ORD_1153;PROD_24;1;1
CORD_ORD_1153;PROD_26;1;1
CORD_ORD_1153;PROD_32;1;1
CORD_ORD_1153;PROD_34;1;1
CORD_ORD_1153;PROD_35;1;1
CORD_ORD_1153;PROD_38;1;1
CORD_ORD_1153;PROD_39;1;1
CORD_ORD_1153;PROD_4;1;1
CORD_ORD_1153;PROD_41;1;1
CORD_ORD_1153;PROD_42;1;1
CORD_ORD_1153;PROD_43;1;1
CORD_ORD_1153;PROD_48;1;1
CORD_ORD_1153;PROD_5;1;1
CORD_ORD_1153;PROD_7;1;1
CORD_ORD_1154;PROD_1;1;1
CORD_ORD_1154;PROD_12;1;1
CORD_ORD_1154;PROD_14;1;1
CORD_ORD_1154;PROD_18;1;1
CORD_ORD_1154;PROD_2;1;1
CORD_ORD_1154;PROD_20;1;1
CORD_ORD_1154;PROD_21;1;1
CORD_ORD_1154;PROD_24;1;1
CORD_ORD_1154;PROD_26;1;1
CORD_ORD_1154;PROD_3;1;1
CORD_ORD_1154;PROD_30;1;1
CORD_ORD_1154;PROD_36;1;1
CORD_ORD_1154;PROD_37;1;1
CORD_ORD_1154;PROD_38;1;1
CORD_ORD_1154;PROD_39;1;1
CORD_ORD_1154;PROD_4;1;1
CORD_ORD_1154;PROD_44;1;1
CORD_ORD_1154;PROD_46;1;1
CORD_ORD_1154;PROD_8;1;1
CORD_ORD_1154;PROD_9;1;1
CORD_ORD_1155;PROD_12;1;1
CORD_ORD_1155;PROD_14;1;1
CORD_ORD_1155;PROD_15;1;1
CORD_ORD_1155;PROD_21;1;1
CORD_ORD_1155;PROD_22;1;1
CORD_ORD_1155;PROD_23;1;1
CORD_ORD_1155;PROD_24;1;1
CORD_ORD_1155;PROD_26;1;1
CORD_ORD_1155;PROD_28;1;1
CORD_ORD_1155;PROD_29;1;1
CORD_ORD_1155;PROD_30;1;1
CORD_ORD_1155;PROD_31;1;1
CORD_ORD_1155;PROD_32;1;1
CORD_ORD_1155;PROD_37;1;1
CORD_ORD_1155;PROD_38;1;1
CORD_ORD_1155;PROD_4;1;1
CORD_ORD_1155;PROD_42;1;1
CORD_ORD_1155;PROD_44;1;1
CORD_ORD_1155;PROD_50;1;1
CORD_ORD_1155;PROD_6;1;1
CORD_ORD_1155;PROD_8;1;1
CORD_ORD_1155;PROD_9;1;1
CORD_ORD_1156;PROD_11;1;1
CORD_ORD_1156;PROD_14;1;1
CORD_ORD_1156;PROD_18;1;1
CORD_ORD_1156;PROD_2;1;1
CORD_ORD_1156;PROD_23;1;1
CORD_ORD_1156;PROD_36;1;1
CORD_ORD_1156;PROD_42;1;1
CORD_ORD_1156;PROD_46;1;1
CORD_ORD_1156;PROD_48;1;1
CORD_ORD_1156;PROD_50;1;1
CORD_ORD_1156;PROD_6;1;1
CORD_ORD_1156;PROD_9;1;1
CORD_ORD_1157;PROD_1;1;1
CORD_ORD_1157;PROD_10;1;1
CORD_ORD_1157;PROD_11;1;1
CORD_ORD_1157;PROD_12;1;1
CORD_ORD_1157;PROD_15;1;1
CORD_ORD_1157;PROD_19;1;1
CORD_ORD_1157;PROD_21;1;1
CORD_ORD_1157;PROD_24;1;1
CORD_ORD_1157;PROD_26;1;1
CORD_ORD_1157;PROD_3;1;1
CORD_ORD_1157;PROD_30;1;1
CORD_ORD_1157;PROD_32;1;1
CORD_ORD_1157;PROD_38;1;1
CORD_ORD_1157;PROD_4;1;1
CORD_ORD_1157;PROD_43;1;1
CORD_ORD_1157;PROD_45;1;1
CORD_ORD_1157;PROD_48;1;1
CORD_ORD_1157;PROD_8;1;1
CORD_ORD_1158;PROD_1;1;1
CORD_ORD_1158;PROD_10;1;1
CORD_ORD_1158;PROD_11;1;1
CORD_ORD_1158;PROD_12;1;1
CORD_ORD_1158;PROD_14;1;1
CORD_ORD_1158;PROD_17;1;1
CORD_ORD_1158;PROD_26;1;1
CORD_ORD_1158;PROD_3;1;1
CORD_ORD_1158;PROD_38;1;1
CORD_ORD_1158;PROD_4;1;1
CORD_ORD_1158;PROD_41;1;1
CORD_ORD_1158;PROD_43;1;1
CORD_ORD_1158;PROD_48;1;1
CORD_ORD_1158;PROD_9;1;1
CORD_ORD_1159;PROD_1;1;1
CORD_ORD_1159;PROD_12;1;1
CORD_ORD_1159;PROD_18;1;1
CORD_ORD_1159;PROD_2;1;1
CORD_ORD_1159;PROD_21;1;1
CORD_ORD_1159;PROD_24;1;1
CORD_ORD_1159;PROD_26;1;1
CORD_ORD_1159;PROD_29;1;1
CORD_ORD_1159;PROD_3;1;1
CORD_ORD_1159;PROD_30;1;1
CORD_ORD_1159;PROD_31;1;1
CORD_ORD_1159;PROD_35;1;1
CORD_ORD_1159;PROD_38;1;1
CORD_ORD_1159;PROD_4;1;1
CORD_ORD_1159;PROD_7;1;1
CORD_ORD_1159;PROD_8;1;1
CORD_ORD_1160;PROD_1;1;1
CORD_ORD_1160;PROD_10;1;1
CORD_ORD_1160;PROD_15;1;1
CORD_ORD_1160;PROD_18;1;1
CORD_ORD_1160;PROD_2;1;1
CORD_ORD_1160;PROD_29;1;1
CORD_ORD_1160;PROD_3;1;1
CORD_ORD_1160;PROD_30;1;1
CORD_ORD_1160;PROD_31;1;1
CORD_ORD_1160;PROD_32;1;1
CORD_ORD_1160;PROD_34;1;1
CORD_ORD_1160;PROD_37;1;1
CORD_ORD_1160;PROD_40;1;1
CORD_ORD_1160;PROD_43;1;1
CORD_ORD_1160;PROD_44;1;1
CORD_ORD_1160;PROD_47;1;1
CORD_ORD_1160;PROD_5;1;1
CORD_ORD_1160;PROD_8;1;1
CORD_ORD_1161;PROD_10;1;1
CORD_ORD_1161;PROD_11;1;1
CORD_ORD_1161;PROD_12;1;1
CORD_ORD_1161;PROD_14;1;1
CORD_ORD_1161;PROD_15;1;1
CORD_ORD_1161;PROD_18;1;1
CORD_ORD_1161;PROD_2;1;1
CORD_ORD_1161;PROD_26;1;1
CORD_ORD_1161;PROD_32;1;1
CORD_ORD_1161;PROD_36;1;1
CORD_ORD_1161;PROD_43;1;1
CORD_ORD_1161;PROD_46;1;1
CORD_ORD_1161;PROD_48;1;1
CORD_ORD_1161;PROD_9;1;1
CORD_ORD_1162;PROD_12;1;1
CORD_ORD_1162;PROD_13;1;1
CORD_ORD_1162;PROD_17;1;1
CORD_ORD_1162;PROD_20;1;1
CORD_ORD_1162;PROD_21;1;1
CORD_ORD_1162;PROD_23;1;1
CORD_ORD_1162;PROD_24;1;1
CORD_ORD_1162;PROD_26;1;1
CORD_ORD_1162;PROD_29;1;1
CORD_ORD_1162;PROD_31;1;1
CORD_ORD_1162;PROD_33;1;1
CORD_ORD_1162;PROD_34;1;1
CORD_ORD_1162;PROD_38;1;1
CORD_ORD_1162;PROD_39;1;1
CORD_ORD_1162;PROD_4;1;1
CORD_ORD_1162;PROD_40;1;1
CORD_ORD_1162;PROD_41;1;1
CORD_ORD_1162;PROD_42;1;1
CORD_ORD_1162;PROD_47;1;1
CORD_ORD_1162;PROD_5;1;1
CORD_ORD_1162;PROD_50;1;1
CORD_ORD_1162;PROD_6;1;1
CORD_ORD_1163;PROD_1;1;1
CORD_ORD_1163;PROD_16;1;1
CORD_ORD_1163;PROD_22;1;1
CORD_ORD_1163;PROD_25;1;1
CORD_ORD_1163;PROD_28;1;1
CORD_ORD_1163;PROD_3;1;1
CORD_ORD_1164;PROD_10;1;1
CORD_ORD_1164;PROD_11;1;1
CORD_ORD_1164;PROD_13;1;1
CORD_ORD_1164;PROD_15;1;1
CORD_ORD_1164;PROD_17;1;1
CORD_ORD_1164;PROD_19;1;1
CORD_ORD_1164;PROD_32;1;1
CORD_ORD_1164;PROD_33;1;1
CORD_ORD_1164;PROD_34;1;1
CORD_ORD_1164;PROD_37;1;1
CORD_ORD_1164;PROD_38;1;1
CORD_ORD_1164;PROD_4;1;1
CORD_ORD_1164;PROD_41;1;1
CORD_ORD_1164;PROD_43;1;1
CORD_ORD_1164;PROD_44;1;1
CORD_ORD_1164;PROD_45;1;1
CORD_ORD_1164;PROD_48;1;1
CORD_ORD_1164;PROD_5;1;1
CORD_ORD_1165;PROD_1;1;1
CORD_ORD_1165;PROD_10;1;1
CORD_ORD_1165;PROD_13;1;1
CORD_ORD_1165;PROD_15;1;1
CORD_ORD_1165;PROD_16;1;1
CORD_ORD_1165;PROD_18;1;1
CORD_ORD_1165;PROD_2;1;1
CORD_ORD_1165;PROD_22;1;1
CORD_ORD_1165;PROD_25;1;1
CORD_ORD_1165;PROD_28;1;1
CORD_ORD_1165;PROD_3;1;1
CORD_ORD_1165;PROD_32;1;1
CORD_ORD_1165;PROD_33;1;1
CORD_ORD_1165;PROD_34;1;1
CORD_ORD_1165;PROD_38;1;1
CORD_ORD_1165;PROD_4;1;1
CORD_ORD_1165;PROD_43;1;1
CORD_ORD_1165;PROD_5;1;1
CORD_ORD_1165;PROD_50;1;1
CORD_ORD_1165;PROD_6;1;1
CORD_ORD_1166;PROD_1;1;1
CORD_ORD_1166;PROD_11;1;1
CORD_ORD_1166;PROD_13;1;1
CORD_ORD_1166;PROD_15;1;1
CORD_ORD_1166;PROD_21;1;1
CORD_ORD_1166;PROD_22;1;1
CORD_ORD_1166;PROD_23;1;1
CORD_ORD_1166;PROD_24;1;1
CORD_ORD_1166;PROD_27;1;1
CORD_ORD_1166;PROD_28;1;1
CORD_ORD_1166;PROD_29;1;1
CORD_ORD_1166;PROD_3;1;1
CORD_ORD_1166;PROD_31;1;1
CORD_ORD_1166;PROD_32;1;1
CORD_ORD_1166;PROD_33;1;1
CORD_ORD_1166;PROD_37;1;1
CORD_ORD_1166;PROD_42;1;1
CORD_ORD_1166;PROD_44;1;1
CORD_ORD_1166;PROD_48;1;1
CORD_ORD_1166;PROD_49;1;1
CORD_ORD_1167;PROD_1;1;1
CORD_ORD_1167;PROD_10;1;1
CORD_ORD_1167;PROD_14;1;1
CORD_ORD_1167;PROD_15;1;1
CORD_ORD_1167;PROD_20;1;1
CORD_ORD_1167;PROD_27;1;1
CORD_ORD_1167;PROD_3;1;1
CORD_ORD_1167;PROD_30;1;1
CORD_ORD_1167;PROD_32;1;1
CORD_ORD_1167;PROD_34;1;1
CORD_ORD_1167;PROD_36;1;1
CORD_ORD_1167;PROD_39;1;1
CORD_ORD_1167;PROD_40;1;1
CORD_ORD_1167;PROD_43;1;1
CORD_ORD_1167;PROD_46;1;1
CORD_ORD_1167;PROD_47;1;1
CORD_ORD_1167;PROD_49;1;1
CORD_ORD_1167;PROD_5;1;1
CORD_ORD_1167;PROD_8;1;1
CORD_ORD_1167;PROD_9;1;1
CORD_ORD_1168;PROD_10;1;1
CORD_ORD_1168;PROD_12;1;1
CORD_ORD_1168;PROD_15;1;1
CORD_ORD_1168;PROD_19;1;1
CORD_ORD_1168;PROD_21;1;1
CORD_ORD_1168;PROD_22;1;1
CORD_ORD_1168;PROD_24;1;1
CORD_ORD_1168;PROD_26;1;1
CORD_ORD_1168;PROD_27;1;1
CORD_ORD_1168;PROD_28;1;1
CORD_ORD_1168;PROD_29;1;1
CORD_ORD_1168;PROD_31;1;1
CORD_ORD_1168;PROD_32;1;1
CORD_ORD_1168;PROD_43;1;1
CORD_ORD_1168;PROD_45;1;1
CORD_ORD_1168;PROD_49;1;1
CORD_ORD_1168;PROD_50;1;1
CORD_ORD_1168;PROD_6;1;1
CORD_ORD_1169;PROD_19;1;1
CORD_ORD_1169;PROD_21;1;1
CORD_ORD_1169;PROD_23;1;1
CORD_ORD_1169;PROD_24;1;1
CORD_ORD_1169;PROD_27;1;1
CORD_ORD_1169;PROD_37;1;1
CORD_ORD_1169;PROD_38;1;1
CORD_ORD_1169;PROD_4;1;1
CORD_ORD_1169;PROD_42;1;1
CORD_ORD_1169;PROD_44;1;1
CORD_ORD_1169;PROD_45;1;1
CORD_ORD_1169;PROD_49;1;1
CORD_ORD_1169;PROD_50;1;1
CORD_ORD_1169;PROD_6;1;1
CORD_ORD_1170;PROD_11;1;1
CORD_ORD_1170;PROD_13;1;1
CORD_ORD_1170;PROD_14;1;1
CORD_ORD_1170;PROD_15;1;1
CORD_ORD_1170;PROD_18;1;1
CORD_ORD_1170;PROD_19;1;1
CORD_ORD_1170;PROD_2;1;1
CORD_ORD_1170;PROD_20;1;1
CORD_ORD_1170;PROD_22;1;1
CORD_ORD_1170;PROD_28;1;1
CORD_ORD_1170;PROD_29;1;1
CORD_ORD_1170;PROD_31;1;1
CORD_ORD_1170;PROD_32;1;1
CORD_ORD_1170;PROD_33;1;1
CORD_ORD_1170;PROD_35;1;1
CORD_ORD_1170;PROD_37;1;1
CORD_ORD_1170;PROD_38;1;1
CORD_ORD_1170;PROD_39;1;1
CORD_ORD_1170;PROD_4;1;1
CORD_ORD_1170;PROD_44;1;1
CORD_ORD_1170;PROD_45;1;1
CORD_ORD_1170;PROD_48;1;1
CORD_ORD_1170;PROD_7;1;1
CORD_ORD_1170;PROD_9;1;1
CORD_ORD_1171;PROD_1;1;1
CORD_ORD_1171;PROD_10;1;1
CORD_ORD_1171;PROD_14;1;1
CORD_ORD_1171;PROD_15;1;1
CORD_ORD_1171;PROD_17;1;1
CORD_ORD_1171;PROD_21;1;1
CORD_ORD_1171;PROD_24;1;1
CORD_ORD_1171;PROD_3;1;1
CORD_ORD_1171;PROD_32;1;1
CORD_ORD_1171;PROD_34;1;1
CORD_ORD_1171;PROD_36;1;1
CORD_ORD_1171;PROD_38;1;1
CORD_ORD_1171;PROD_4;1;1
CORD_ORD_1171;PROD_41;1;1
CORD_ORD_1171;PROD_43;1;1
CORD_ORD_1171;PROD_46;1;1
CORD_ORD_1171;PROD_5;1;1
CORD_ORD_1171;PROD_9;1;1
CORD_ORD_1172;PROD_1;1;1
CORD_ORD_1172;PROD_11;1;1
CORD_ORD_1172;PROD_15;1;1
CORD_ORD_1172;PROD_23;1;1
CORD_ORD_1172;PROD_3;1;1
CORD_ORD_1172;PROD_32;1;1
CORD_ORD_1172;PROD_34;1;1
CORD_ORD_1172;PROD_36;1;1
CORD_ORD_1172;PROD_42;1;1
CORD_ORD_1172;PROD_46;1;1
CORD_ORD_1172;PROD_48;1;1
CORD_ORD_1172;PROD_5;1;1
CORD_ORD_1172;PROD_50;1;1
CORD_ORD_1172;PROD_6;1;1
CORD_ORD_1173;PROD_10;1;1
CORD_ORD_1173;PROD_12;1;1
CORD_ORD_1173;PROD_15;1;1
CORD_ORD_1173;PROD_26;1;1
CORD_ORD_1173;PROD_32;1;1
CORD_ORD_1173;PROD_34;1;1
CORD_ORD_1173;PROD_37;1;1
CORD_ORD_1173;PROD_38;1;1
CORD_ORD_1173;PROD_4;1;1
CORD_ORD_1173;PROD_43;1;1
CORD_ORD_1173;PROD_44;1;1
CORD_ORD_1173;PROD_5;1;1
CORD_ORD_1174;PROD_13;1;1
CORD_ORD_1174;PROD_14;1;1
CORD_ORD_1174;PROD_19;1;1
CORD_ORD_1174;PROD_33;1;1
CORD_ORD_1174;PROD_34;1;1
CORD_ORD_1174;PROD_40;1;1
CORD_ORD_1174;PROD_45;1;1
CORD_ORD_1174;PROD_47;1;1
CORD_ORD_1174;PROD_5;1;1
CORD_ORD_1174;PROD_9;1;1
CORD_ORD_1175;PROD_13;1;1
CORD_ORD_1175;PROD_21;1;1
CORD_ORD_1175;PROD_23;1;1
CORD_ORD_1175;PROD_24;1;1
CORD_ORD_1175;PROD_33;1;1
CORD_ORD_1175;PROD_37;1;1
CORD_ORD_1175;PROD_42;1;1
CORD_ORD_1175;PROD_44;1;1
CORD_ORD_1175;PROD_50;1;1
CORD_ORD_1175;PROD_6;1;1
CORD_ORD_1176;PROD_1;1;1
CORD_ORD_1176;PROD_10;1;1
CORD_ORD_1176;PROD_13;1;1
CORD_ORD_1176;PROD_17;1;1
CORD_ORD_1176;PROD_19;1;1
CORD_ORD_1176;PROD_27;1;1
CORD_ORD_1176;PROD_29;1;1
CORD_ORD_1176;PROD_3;1;1
CORD_ORD_1176;PROD_30;1;1
CORD_ORD_1176;PROD_31;1;1
CORD_ORD_1176;PROD_33;1;1
CORD_ORD_1176;PROD_34;1;1
CORD_ORD_1176;PROD_35;1;1
CORD_ORD_1176;PROD_37;1;1
CORD_ORD_1176;PROD_41;1;1
CORD_ORD_1176;PROD_43;1;1
CORD_ORD_1176;PROD_44;1;1
CORD_ORD_1176;PROD_45;1;1
CORD_ORD_1176;PROD_49;1;1
CORD_ORD_1176;PROD_5;1;1
CORD_ORD_1176;PROD_7;1;1
CORD_ORD_1176;PROD_8;1;1
CORD_ORD_1177;PROD_1;1;1
CORD_ORD_1177;PROD_10;1;1
CORD_ORD_1177;PROD_18;1;1
CORD_ORD_1177;PROD_2;1;1
CORD_ORD_1177;PROD_20;1;1
CORD_ORD_1177;PROD_3;1;1
CORD_ORD_1177;PROD_36;1;1
CORD_ORD_1177;PROD_37;1;1
CORD_ORD_1177;PROD_39;1;1
CORD_ORD_1177;PROD_40;1;1
CORD_ORD_1177;PROD_43;1;1
CORD_ORD_1177;PROD_44;1;1
CORD_ORD_1177;PROD_46;1;1
CORD_ORD_1177;PROD_47;1;1
CORD_ORD_1178;PROD_1;1;1
CORD_ORD_1178;PROD_18;1;1
CORD_ORD_1178;PROD_2;1;1
CORD_ORD_1178;PROD_22;1;1
CORD_ORD_1178;PROD_28;1;1
CORD_ORD_1178;PROD_29;1;1
CORD_ORD_1178;PROD_3;1;1
CORD_ORD_1178;PROD_31;1;1
CORD_ORD_1178;PROD_36;1;1
CORD_ORD_1178;PROD_37;1;1
CORD_ORD_1178;PROD_44;1;1
CORD_ORD_1178;PROD_46;1;1
CORD_ORD_1179;PROD_10;1;1
CORD_ORD_1179;PROD_20;1;1
CORD_ORD_1179;PROD_29;1;1
CORD_ORD_1179;PROD_30;1;1
CORD_ORD_1179;PROD_31;1;1
CORD_ORD_1179;PROD_36;1;1
CORD_ORD_1179;PROD_38;1;1
CORD_ORD_1179;PROD_39;1;1
CORD_ORD_1179;PROD_4;1;1
CORD_ORD_1179;PROD_43;1;1
CORD_ORD_1179;PROD_46;1;1
CORD_ORD_1179;PROD_8;1;1
CORD_ORD_1180;PROD_10;1;1
CORD_ORD_1180;PROD_15;1;1
CORD_ORD_1180;PROD_27;1;1
CORD_ORD_1180;PROD_29;1;1
CORD_ORD_1180;PROD_30;1;1
CORD_ORD_1180;PROD_31;1;1
CORD_ORD_1180;PROD_32;1;1
CORD_ORD_1180;PROD_37;1;1
CORD_ORD_1180;PROD_43;1;1
CORD_ORD_1180;PROD_44;1;1
CORD_ORD_1180;PROD_49;1;1
CORD_ORD_1180;PROD_8;1;1
CORD_ORD_1181;PROD_10;1;1
CORD_ORD_1181;PROD_11;1;1
CORD_ORD_1181;PROD_14;1;1
CORD_ORD_1181;PROD_15;1;1
CORD_ORD_1181;PROD_18;1;1
CORD_ORD_1181;PROD_2;1;1
CORD_ORD_1181;PROD_21;1;1
CORD_ORD_1181;PROD_22;1;1
CORD_ORD_1181;PROD_23;1;1
CORD_ORD_1181;PROD_24;1;1
CORD_ORD_1181;PROD_28;1;1
CORD_ORD_1181;PROD_32;1;1
CORD_ORD_1181;PROD_34;1;1
CORD_ORD_1181;PROD_35;1;1
CORD_ORD_1181;PROD_36;1;1
CORD_ORD_1181;PROD_37;1;1
CORD_ORD_1181;PROD_38;1;1
CORD_ORD_1181;PROD_4;1;1
CORD_ORD_1181;PROD_42;1;1
CORD_ORD_1181;PROD_43;1;1
CORD_ORD_1181;PROD_44;1;1
CORD_ORD_1181;PROD_46;1;1
CORD_ORD_1181;PROD_48;1;1
CORD_ORD_1181;PROD_5;1;1
CORD_ORD_1181;PROD_7;1;1
CORD_ORD_1181;PROD_9;1;1
CORD_ORD_1182;PROD_1;1;1
CORD_ORD_1182;PROD_12;1;1
CORD_ORD_1182;PROD_20;1;1
CORD_ORD_1182;PROD_21;1;1
CORD_ORD_1182;PROD_24;1;1
CORD_ORD_1182;PROD_26;1;1
CORD_ORD_1182;PROD_3;1;1
CORD_ORD_1182;PROD_34;1;1
CORD_ORD_1182;PROD_35;1;1
CORD_ORD_1182;PROD_36;1;1
CORD_ORD_1182;PROD_38;1;1
CORD_ORD_1182;PROD_39;1;1
CORD_ORD_1182;PROD_4;1;1
CORD_ORD_1182;PROD_46;1;1
CORD_ORD_1182;PROD_5;1;1
CORD_ORD_1182;PROD_7;1;1
CORD_ORD_1183;PROD_10;1;1
CORD_ORD_1183;PROD_11;1;1
CORD_ORD_1183;PROD_14;1;1
CORD_ORD_1183;PROD_15;1;1
CORD_ORD_1183;PROD_17;1;1
CORD_ORD_1183;PROD_19;1;1
CORD_ORD_1183;PROD_27;1;1
CORD_ORD_1183;PROD_32;1;1
CORD_ORD_1183;PROD_34;1;1
CORD_ORD_1183;PROD_36;1;1
CORD_ORD_1183;PROD_40;1;1
CORD_ORD_1183;PROD_41;1;1
CORD_ORD_1183;PROD_43;1;1
CORD_ORD_1183;PROD_45;1;1
CORD_ORD_1183;PROD_46;1;1
CORD_ORD_1183;PROD_47;1;1
CORD_ORD_1183;PROD_48;1;1
CORD_ORD_1183;PROD_49;1;1
CORD_ORD_1183;PROD_5;1;1
CORD_ORD_1183;PROD_9;1;1
CORD_ORD_1184;PROD_12;1;1
CORD_ORD_1184;PROD_13;1;1
CORD_ORD_1184;PROD_14;1;1
CORD_ORD_1184;PROD_19;1;1
CORD_ORD_1184;PROD_20;1;1
CORD_ORD_1184;PROD_21;1;1
CORD_ORD_1184;PROD_23;1;1
CORD_ORD_1184;PROD_24;1;1
CORD_ORD_1184;PROD_26;1;1
CORD_ORD_1184;PROD_30;1;1
CORD_ORD_1184;PROD_33;1;1
CORD_ORD_1184;PROD_37;1;1
CORD_ORD_1184;PROD_39;1;1
CORD_ORD_1184;PROD_42;1;1
CORD_ORD_1184;PROD_44;1;1
CORD_ORD_1184;PROD_45;1;1
CORD_ORD_1184;PROD_8;1;1
CORD_ORD_1184;PROD_9;1;1
CORD_ORD_1185;PROD_10;1;1
CORD_ORD_1185;PROD_14;1;1
CORD_ORD_1185;PROD_15;1;1
CORD_ORD_1185;PROD_16;1;1
CORD_ORD_1185;PROD_25;1;1
CORD_ORD_1185;PROD_32;1;1
CORD_ORD_1185;PROD_35;1;1
CORD_ORD_1185;PROD_43;1;1
CORD_ORD_1185;PROD_7;1;1
CORD_ORD_1185;PROD_9;1;1
CORD_ORD_1186;PROD_10;1;1
CORD_ORD_1186;PROD_11;1;1
CORD_ORD_1186;PROD_12;1;1
CORD_ORD_1186;PROD_13;1;1
CORD_ORD_1186;PROD_17;1;1
CORD_ORD_1186;PROD_21;1;1
CORD_ORD_1186;PROD_24;1;1
CORD_ORD_1186;PROD_26;1;1
CORD_ORD_1186;PROD_33;1;1
CORD_ORD_1186;PROD_37;1;1
CORD_ORD_1186;PROD_41;1;1
CORD_ORD_1186;PROD_43;1;1
CORD_ORD_1186;PROD_44;1;1
CORD_ORD_1186;PROD_48;1;1
CORD_ORD_1187;PROD_12;1;1
CORD_ORD_1187;PROD_17;1;1
CORD_ORD_1187;PROD_21;1;1
CORD_ORD_1187;PROD_24;1;1
CORD_ORD_1187;PROD_26;1;1
CORD_ORD_1187;PROD_34;1;1
CORD_ORD_1187;PROD_40;1;1
CORD_ORD_1187;PROD_41;1;1
CORD_ORD_1187;PROD_47;1;1
CORD_ORD_1187;PROD_5;1;1
CORD_ORD_1187;PROD_50;1;1
CORD_ORD_1187;PROD_6;1;1
CORD_ORD_1188;PROD_1;1;1
CORD_ORD_1188;PROD_16;1;1
CORD_ORD_1188;PROD_22;1;1
CORD_ORD_1188;PROD_25;1;1
CORD_ORD_1188;PROD_28;1;1
CORD_ORD_1188;PROD_3;1;1
CORD_ORD_1188;PROD_50;1;1
CORD_ORD_1188;PROD_6;1;1
CORD_ORD_1189;PROD_10;1;1
CORD_ORD_1189;PROD_12;1;1
CORD_ORD_1189;PROD_21;1;1
CORD_ORD_1189;PROD_24;1;1
CORD_ORD_1189;PROD_26;1;1
CORD_ORD_1189;PROD_29;1;1
CORD_ORD_1189;PROD_30;1;1
CORD_ORD_1189;PROD_31;1;1
CORD_ORD_1189;PROD_38;1;1
CORD_ORD_1189;PROD_4;1;1
CORD_ORD_1189;PROD_43;1;1
CORD_ORD_1189;PROD_8;1;1
CORD_ORD_1190;PROD_15;1;1
CORD_ORD_1190;PROD_17;1;1
CORD_ORD_1190;PROD_19;1;1
CORD_ORD_1190;PROD_20;1;1
CORD_ORD_1190;PROD_27;1;1
CORD_ORD_1190;PROD_30;1;1
CORD_ORD_1190;PROD_32;1;1
CORD_ORD_1190;PROD_35;1;1
CORD_ORD_1190;PROD_36;1;1
CORD_ORD_1190;PROD_38;1;1
CORD_ORD_1190;PROD_39;1;1
CORD_ORD_1190;PROD_4;1;1
CORD_ORD_1190;PROD_40;1;1
CORD_ORD_1190;PROD_41;1;1
CORD_ORD_1190;PROD_45;1;1
CORD_ORD_1190;PROD_46;1;1
CORD_ORD_1190;PROD_47;1;1
CORD_ORD_1190;PROD_49;1;1
CORD_ORD_1190;PROD_50;1;1
CORD_ORD_1190;PROD_6;1;1
CORD_ORD_1190;PROD_7;1;1
CORD_ORD_1190;PROD_8;1;1
CORD_ORD_1191;PROD_11;1;1
CORD_ORD_1191;PROD_12;1;1
CORD_ORD_1191;PROD_14;1;1
CORD_ORD_1191;PROD_15;1;1
CORD_ORD_1191;PROD_19;1;1
CORD_ORD_1191;PROD_26;1;1
CORD_ORD_1191;PROD_27;1;1
CORD_ORD_1191;PROD_32;1;1
CORD_ORD_1191;PROD_34;1;1
CORD_ORD_1191;PROD_35;1;1
CORD_ORD_1191;PROD_37;1;1
CORD_ORD_1191;PROD_44;1;1
CORD_ORD_1191;PROD_45;1;1
CORD_ORD_1191;PROD_48;1;1
CORD_ORD_1191;PROD_49;1;1
CORD_ORD_1191;PROD_5;1;1
CORD_ORD_1191;PROD_7;1;1
CORD_ORD_1191;PROD_9;1;1
CORD_ORD_1192;PROD_1;1;1
CORD_ORD_1192;PROD_16;1;1
CORD_ORD_1192;PROD_22;1;1
CORD_ORD_1192;PROD_25;1;1
CORD_ORD_1192;PROD_28;1;1
CORD_ORD_1192;PROD_3;1;1
CORD_ORD_1192;PROD_30;1;1
CORD_ORD_1192;PROD_36;1;1
CORD_ORD_1192;PROD_46;1;1
CORD_ORD_1192;PROD_8;1;1
CORD_ORD_1193;PROD_14;1;1
CORD_ORD_1193;PROD_20;1;1
CORD_ORD_1193;PROD_22;1;1
CORD_ORD_1193;PROD_28;1;1
CORD_ORD_1193;PROD_35;1;1
CORD_ORD_1193;PROD_38;1;1
CORD_ORD_1193;PROD_39;1;1
CORD_ORD_1193;PROD_4;1;1
CORD_ORD_1193;PROD_7;1;1
CORD_ORD_1193;PROD_9;1;1
CORD_ORD_1194;PROD_16;1;1
CORD_ORD_1194;PROD_20;1;1
CORD_ORD_1194;PROD_22;1;1
CORD_ORD_1194;PROD_25;1;1
CORD_ORD_1194;PROD_27;1;1
CORD_ORD_1194;PROD_28;1;1
CORD_ORD_1194;PROD_29;1;1
CORD_ORD_1194;PROD_31;1;1
CORD_ORD_1194;PROD_35;1;1
CORD_ORD_1194;PROD_36;1;1
CORD_ORD_1194;PROD_38;1;1
CORD_ORD_1194;PROD_39;1;1
CORD_ORD_1194;PROD_4;1;1
CORD_ORD_1194;PROD_40;1;1
CORD_ORD_1194;PROD_46;1;1
CORD_ORD_1194;PROD_47;1;1
CORD_ORD_1194;PROD_49;1;1
CORD_ORD_1194;PROD_50;1;1
CORD_ORD_1194;PROD_6;1;1
CORD_ORD_1194;PROD_7;1;1
CORD_ORD_1195;PROD_1;1;1
CORD_ORD_1195;PROD_11;1;1
CORD_ORD_1195;PROD_13;1;1
CORD_ORD_1195;PROD_16;1;1
CORD_ORD_1195;PROD_19;1;1
CORD_ORD_1195;PROD_22;1;1
CORD_ORD_1195;PROD_25;1;1
CORD_ORD_1195;PROD_28;1;1
CORD_ORD_1195;PROD_3;1;1
CORD_ORD_1195;PROD_30;1;1
CORD_ORD_1195;PROD_33;1;1
CORD_ORD_1195;PROD_36;1;1
CORD_ORD_1195;PROD_37;1;1
CORD_ORD_1195;PROD_44;1;1
CORD_ORD_1195;PROD_45;1;1
CORD_ORD_1195;PROD_46;1;1
CORD_ORD_1195;PROD_48;1;1
CORD_ORD_1195;PROD_8;1;1
CORD_ORD_1196;PROD_10;1;1
CORD_ORD_1196;PROD_11;1;1
CORD_ORD_1196;PROD_15;1;1
CORD_ORD_1196;PROD_16;1;1
CORD_ORD_1196;PROD_17;1;1
CORD_ORD_1196;PROD_25;1;1
CORD_ORD_1196;PROD_32;1;1
CORD_ORD_1196;PROD_34;1;1
CORD_ORD_1196;PROD_38;1;1
CORD_ORD_1196;PROD_4;1;1
CORD_ORD_1196;PROD_41;1;1
CORD_ORD_1196;PROD_43;1;1
CORD_ORD_1196;PROD_48;1;1
CORD_ORD_1196;PROD_5;1;1
CORD_ORD_1197;PROD_10;1;1
CORD_ORD_1197;PROD_11;1;1
CORD_ORD_1197;PROD_13;1;1
CORD_ORD_1197;PROD_14;1;1
CORD_ORD_1197;PROD_16;1;1
CORD_ORD_1197;PROD_19;1;1
CORD_ORD_1197;PROD_20;1;1
CORD_ORD_1197;PROD_25;1;1
CORD_ORD_1197;PROD_27;1;1
CORD_ORD_1197;PROD_33;1;1
CORD_ORD_1197;PROD_37;1;1
CORD_ORD_1197;PROD_38;1;1
CORD_ORD_1197;PROD_39;1;1
CORD_ORD_1197;PROD_4;1;1
CORD_ORD_1197;PROD_40;1;1
CORD_ORD_1197;PROD_43;1;1
CORD_ORD_1197;PROD_44;1;1
CORD_ORD_1197;PROD_45;1;1
CORD_ORD_1197;PROD_47;1;1
CORD_ORD_1197;PROD_48;1;1
CORD_ORD_1197;PROD_49;1;1
CORD_ORD_1197;PROD_9;1;1
CORD_ORD_1198;PROD_10;1;1
CORD_ORD_1198;PROD_12;1;1
CORD_ORD_1198;PROD_15;1;1
CORD_ORD_1198;PROD_18;1;1
CORD_ORD_1198;PROD_19;1;1
CORD_ORD_1198;PROD_2;1;1
CORD_ORD_1198;PROD_26;1;1
CORD_ORD_1198;PROD_27;1;1
CORD_ORD_1198;PROD_32;1;1
CORD_ORD_1198;PROD_38;1;1
CORD_ORD_1198;PROD_4;1;1
CORD_ORD_1198;PROD_40;1;1
CORD_ORD_1198;PROD_43;1;1
CORD_ORD_1198;PROD_45;1;1
CORD_ORD_1198;PROD_47;1;1
CORD_ORD_1198;PROD_49;1;1
CORD_ORD_1198;PROD_50;1;1
CORD_ORD_1198;PROD_6;1;1
CORD_ORD_1199;PROD_11;1;1
CORD_ORD_1199;PROD_14;1;1
CORD_ORD_1199;PROD_20;1;1
CORD_ORD_1199;PROD_21;1;1
CORD_ORD_1199;PROD_23;1;1
CORD_ORD_1199;PROD_24;1;1
CORD_ORD_1199;PROD_30;1;1
CORD_ORD_1199;PROD_37;1;1
CORD_ORD_1199;PROD_39;1;1
CORD_ORD_1199;PROD_42;1;1
CORD_ORD_1199;PROD_44;1;1
CORD_ORD_1199;PROD_48;1;1
CORD_ORD_1199;PROD_50;1;1
CORD_ORD_1199;PROD_6;1;1
CORD_ORD_1199;PROD_8;1;1
CORD_ORD_1199;PROD_9;1;1
CORD_ORD_1200;PROD_10;1;1
CORD_ORD_1200;PROD_14;1;1
CORD_ORD_1200;PROD_18;1;1
CORD_ORD_1200;PROD_2;1;1
CORD_ORD_1200;PROD_35;1;1
CORD_ORD_1200;PROD_36;1;1
CORD_ORD_1200;PROD_43;1;1
CORD_ORD_1200;PROD_46;1;1
CORD_ORD_1200;PROD_7;1;1
CORD_ORD_1200;PROD_9;1;1
CORD_ORD_1201;PROD_1;1;1
CORD_ORD_1201;PROD_13;1;1
CORD_ORD_1201;PROD_15;1;1
CORD_ORD_1201;PROD_16;1;1
CORD_ORD_1201;PROD_18;1;1
CORD_ORD_1201;PROD_2;1;1
CORD_ORD_1201;PROD_21;1;1
CORD_ORD_1201;PROD_22;1;1
CORD_ORD_1201;PROD_23;1;1
CORD_ORD_1201;PROD_24;1;1
CORD_ORD_1201;PROD_25;1;1
CORD_ORD_1201;PROD_27;1;1
CORD_ORD_1201;PROD_28;1;1
CORD_ORD_1201;PROD_3;1;1
CORD_ORD_1201;PROD_30;1;1
CORD_ORD_1201;PROD_32;1;1
CORD_ORD_1201;PROD_33;1;1
CORD_ORD_1201;PROD_34;1;1
CORD_ORD_1201;PROD_42;1;1
CORD_ORD_1201;PROD_49;1;1
CORD_ORD_1201;PROD_5;1;1
CORD_ORD_1201;PROD_8;1;1
CORD_ORD_1202;PROD_1;1;1
CORD_ORD_1202;PROD_10;1;1
CORD_ORD_1202;PROD_21;1;1
CORD_ORD_1202;PROD_23;1;1
CORD_ORD_1202;PROD_24;1;1
CORD_ORD_1202;PROD_3;1;1
CORD_ORD_1202;PROD_30;1;1
CORD_ORD_1202;PROD_36;1;1
CORD_ORD_1202;PROD_37;1;1
CORD_ORD_1202;PROD_42;1;1
CORD_ORD_1202;PROD_43;1;1
CORD_ORD_1202;PROD_44;1;1
CORD_ORD_1202;PROD_46;1;1
CORD_ORD_1202;PROD_8;1;1
CORD_ORD_1203;PROD_1;1;1
CORD_ORD_1203;PROD_10;1;1
CORD_ORD_1203;PROD_23;1;1
CORD_ORD_1203;PROD_3;1;1
CORD_ORD_1203;PROD_30;1;1
CORD_ORD_1203;PROD_34;1;1
CORD_ORD_1203;PROD_36;1;1
CORD_ORD_1203;PROD_42;1;1
CORD_ORD_1203;PROD_43;1;1
CORD_ORD_1203;PROD_46;1;1
CORD_ORD_1203;PROD_5;1;1
CORD_ORD_1203;PROD_8;1;1
CORD_ORD_1204;PROD_10;1;1
CORD_ORD_1204;PROD_15;1;1
CORD_ORD_1204;PROD_19;1;1
CORD_ORD_1204;PROD_20;1;1
CORD_ORD_1204;PROD_21;1;1
CORD_ORD_1204;PROD_24;1;1
CORD_ORD_1204;PROD_27;1;1
CORD_ORD_1204;PROD_30;1;1
CORD_ORD_1204;PROD_32;1;1
CORD_ORD_1204;PROD_36;1;1
CORD_ORD_1204;PROD_38;1;1
CORD_ORD_1204;PROD_39;1;1
CORD_ORD_1204;PROD_4;1;1
CORD_ORD_1204;PROD_43;1;1
CORD_ORD_1204;PROD_45;1;1
CORD_ORD_1204;PROD_46;1;1
CORD_ORD_1204;PROD_49;1;1
CORD_ORD_1204;PROD_8;1;1
CORD_ORD_1205;PROD_1;1;1
CORD_ORD_1205;PROD_11;1;1
CORD_ORD_1205;PROD_14;1;1
CORD_ORD_1205;PROD_18;1;1
CORD_ORD_1205;PROD_2;1;1
CORD_ORD_1205;PROD_21;1;1
CORD_ORD_1205;PROD_22;1;1
CORD_ORD_1205;PROD_23;1;1
CORD_ORD_1205;PROD_24;1;1
CORD_ORD_1205;PROD_28;1;1
CORD_ORD_1205;PROD_3;1;1
CORD_ORD_1205;PROD_35;1;1
CORD_ORD_1205;PROD_36;1;1
CORD_ORD_1205;PROD_37;1;1
CORD_ORD_1205;PROD_40;1;1
CORD_ORD_1205;PROD_42;1;1
CORD_ORD_1205;PROD_44;1;1
CORD_ORD_1205;PROD_46;1;1
CORD_ORD_1205;PROD_47;1;1
CORD_ORD_1205;PROD_48;1;1
CORD_ORD_1205;PROD_50;1;1
CORD_ORD_1205;PROD_6;1;1
CORD_ORD_1205;PROD_7;1;1
CORD_ORD_1205;PROD_9;1;1
CORD_ORD_1206;PROD_10;1;1
CORD_ORD_1206;PROD_12;1;1
CORD_ORD_1206;PROD_15;1;1
CORD_ORD_1206;PROD_18;1;1
CORD_ORD_1206;PROD_2;1;1
CORD_ORD_1206;PROD_21;1;1
CORD_ORD_1206;PROD_24;1;1
CORD_ORD_1206;PROD_26;1;1
CORD_ORD_1206;PROD_29;1;1
CORD_ORD_1206;PROD_30;1;1
CORD_ORD_1206;PROD_31;1;1
CORD_ORD_1206;PROD_32;1;1
CORD_ORD_1206;PROD_34;1;1
CORD_ORD_1206;PROD_38;1;1
CORD_ORD_1206;PROD_4;1;1
CORD_ORD_1206;PROD_43;1;1
CORD_ORD_1206;PROD_5;1;1
CORD_ORD_1206;PROD_8;1;1
CORD_ORD_1207;PROD_1;1;1
CORD_ORD_1207;PROD_10;1;1
CORD_ORD_1207;PROD_15;1;1
CORD_ORD_1207;PROD_21;1;1
CORD_ORD_1207;PROD_24;1;1
CORD_ORD_1207;PROD_29;1;1
CORD_ORD_1207;PROD_3;1;1
CORD_ORD_1207;PROD_31;1;1
CORD_ORD_1207;PROD_32;1;1
CORD_ORD_1207;PROD_40;1;1
CORD_ORD_1207;PROD_43;1;1
CORD_ORD_1207;PROD_47;1;1
CORD_ORD_1207;PROD_50;1;1
CORD_ORD_1207;PROD_6;1;1
CORD_ORD_1208;PROD_10;1;1
CORD_ORD_1208;PROD_11;1;1
CORD_ORD_1208;PROD_17;1;1
CORD_ORD_1208;PROD_30;1;1
CORD_ORD_1208;PROD_41;1;1
CORD_ORD_1208;PROD_43;1;1
CORD_ORD_1208;PROD_48;1;1
CORD_ORD_1208;PROD_8;1;1
CORD_ORD_1209;PROD_10;1;1
CORD_ORD_1209;PROD_14;1;1
CORD_ORD_1209;PROD_15;1;1
CORD_ORD_1209;PROD_17;1;1
CORD_ORD_1209;PROD_23;1;1
CORD_ORD_1209;PROD_32;1;1
CORD_ORD_1209;PROD_34;1;1
CORD_ORD_1209;PROD_35;1;1
CORD_ORD_1209;PROD_38;1;1
CORD_ORD_1209;PROD_4;1;1
CORD_ORD_1209;PROD_41;1;1
CORD_ORD_1209;PROD_42;1;1
CORD_ORD_1209;PROD_43;1;1
CORD_ORD_1209;PROD_5;1;1
CORD_ORD_1209;PROD_7;1;1
CORD_ORD_1209;PROD_9;1;1
CORD_ORD_1210;PROD_1;1;1
CORD_ORD_1210;PROD_10;1;1
CORD_ORD_1210;PROD_18;1;1
CORD_ORD_1210;PROD_2;1;1
CORD_ORD_1210;PROD_29;1;1
CORD_ORD_1210;PROD_3;1;1
CORD_ORD_1210;PROD_30;1;1
CORD_ORD_1210;PROD_31;1;1
CORD_ORD_1210;PROD_35;1;1
CORD_ORD_1210;PROD_36;1;1
CORD_ORD_1210;PROD_37;1;1
CORD_ORD_1210;PROD_38;1;1
CORD_ORD_1210;PROD_4;1;1
CORD_ORD_1210;PROD_43;1;1
CORD_ORD_1210;PROD_44;1;1
CORD_ORD_1210;PROD_46;1;1
CORD_ORD_1210;PROD_7;1;1
CORD_ORD_1210;PROD_8;1;1
CORD_ORD_1211;PROD_10;1;1
CORD_ORD_1211;PROD_11;1;1
CORD_ORD_1211;PROD_12;1;1
CORD_ORD_1211;PROD_15;1;1
CORD_ORD_1211;PROD_21;1;1
CORD_ORD_1211;PROD_22;1;1
CORD_ORD_1211;PROD_24;1;1
CORD_ORD_1211;PROD_26;1;1
CORD_ORD_1211;PROD_28;1;1
CORD_ORD_1211;PROD_30;1;1
CORD_ORD_1211;PROD_32;1;1
CORD_ORD_1211;PROD_34;1;1
CORD_ORD_1211;PROD_35;1;1
CORD_ORD_1211;PROD_37;1;1
CORD_ORD_1211;PROD_43;1;1
CORD_ORD_1211;PROD_44;1;1
CORD_ORD_1211;PROD_48;1;1
CORD_ORD_1211;PROD_5;1;1
CORD_ORD_1211;PROD_50;1;1
CORD_ORD_1211;PROD_6;1;1
CORD_ORD_1211;PROD_7;1;1
CORD_ORD_1211;PROD_8;1;1
CORD_ORD_1212;PROD_1;1;1
CORD_ORD_1212;PROD_14;1;1
CORD_ORD_1212;PROD_17;1;1
CORD_ORD_1212;PROD_18;1;1
CORD_ORD_1212;PROD_2;1;1
CORD_ORD_1212;PROD_29;1;1
CORD_ORD_1212;PROD_3;1;1
CORD_ORD_1212;PROD_31;1;1
CORD_ORD_1212;PROD_35;1;1
CORD_ORD_1212;PROD_40;1;1
CORD_ORD_1212;PROD_41;1;1
CORD_ORD_1212;PROD_47;1;1
CORD_ORD_1212;PROD_50;1;1
CORD_ORD_1212;PROD_6;1;1
CORD_ORD_1212;PROD_7;1;1
CORD_ORD_1212;PROD_9;1;1
CORD_ORD_1213;PROD_1;1;1
CORD_ORD_1213;PROD_10;1;1
CORD_ORD_1213;PROD_11;1;1
CORD_ORD_1213;PROD_13;1;1
CORD_ORD_1213;PROD_15;1;1
CORD_ORD_1213;PROD_17;1;1
CORD_ORD_1213;PROD_18;1;1
CORD_ORD_1213;PROD_2;1;1
CORD_ORD_1213;PROD_22;1;1
CORD_ORD_1213;PROD_28;1;1
CORD_ORD_1213;PROD_3;1;1
CORD_ORD_1213;PROD_30;1;1
CORD_ORD_1213;PROD_32;1;1
CORD_ORD_1213;PROD_33;1;1
CORD_ORD_1213;PROD_35;1;1
CORD_ORD_1213;PROD_36;1;1
CORD_ORD_1213;PROD_41;1;1
CORD_ORD_1213;PROD_43;1;1
CORD_ORD_1213;PROD_46;1;1
CORD_ORD_1213;PROD_48;1;1
CORD_ORD_1213;PROD_7;1;1
CORD_ORD_1213;PROD_8;1;1
CORD_ORD_1214;PROD_11;1;1
CORD_ORD_1214;PROD_14;1;1
CORD_ORD_1214;PROD_18;1;1
CORD_ORD_1214;PROD_2;1;1
CORD_ORD_1214;PROD_20;1;1
CORD_ORD_1214;PROD_30;1;1
CORD_ORD_1214;PROD_36;1;1
CORD_ORD_1214;PROD_38;1;1
CORD_ORD_1214;PROD_39;1;1
CORD_ORD_1214;PROD_4;1;1
CORD_ORD_1214;PROD_46;1;1
CORD_ORD_1214;PROD_48;1;1
CORD_ORD_1214;PROD_8;1;1
CORD_ORD_1214;PROD_9;1;1
CORD_ORD_1215;PROD_1;1;1
CORD_ORD_1215;PROD_10;1;1
CORD_ORD_1215;PROD_11;1;1
CORD_ORD_1215;PROD_17;1;1
CORD_ORD_1215;PROD_21;1;1
CORD_ORD_1215;PROD_22;1;1
CORD_ORD_1215;PROD_23;1;1
CORD_ORD_1215;PROD_24;1;1
CORD_ORD_1215;PROD_27;1;1
CORD_ORD_1215;PROD_28;1;1
CORD_ORD_1215;PROD_3;1;1
CORD_ORD_1215;PROD_30;1;1
CORD_ORD_1215;PROD_35;1;1
CORD_ORD_1215;PROD_37;1;1
CORD_ORD_1215;PROD_41;1;1
CORD_ORD_1215;PROD_42;1;1
CORD_ORD_1215;PROD_43;1;1
CORD_ORD_1215;PROD_44;1;1
CORD_ORD_1215;PROD_48;1;1
CORD_ORD_1215;PROD_49;1;1
CORD_ORD_1215;PROD_7;1;1
CORD_ORD_1215;PROD_8;1;1
CORD_ORD_1216;PROD_11;1;1
CORD_ORD_1216;PROD_20;1;1
CORD_ORD_1216;PROD_22;1;1
CORD_ORD_1216;PROD_28;1;1
CORD_ORD_1216;PROD_29;1;1
CORD_ORD_1216;PROD_30;1;1
CORD_ORD_1216;PROD_31;1;1
CORD_ORD_1216;PROD_38;1;1
CORD_ORD_1216;PROD_39;1;1
CORD_ORD_1216;PROD_4;1;1
CORD_ORD_1216;PROD_40;1;1
CORD_ORD_1216;PROD_47;1;1
CORD_ORD_1216;PROD_48;1;1
CORD_ORD_1216;PROD_8;1;1
CORD_ORD_1217;PROD_10;1;1
CORD_ORD_1217;PROD_15;1;1
CORD_ORD_1217;PROD_18;1;1
CORD_ORD_1217;PROD_19;1;1
CORD_ORD_1217;PROD_2;1;1
CORD_ORD_1217;PROD_21;1;1
CORD_ORD_1217;PROD_24;1;1
CORD_ORD_1217;PROD_32;1;1
CORD_ORD_1217;PROD_38;1;1
CORD_ORD_1217;PROD_4;1;1
CORD_ORD_1217;PROD_43;1;1
CORD_ORD_1217;PROD_45;1;1
CORD_ORD_1218;PROD_13;1;1
CORD_ORD_1218;PROD_16;1;1
CORD_ORD_1218;PROD_21;1;1
CORD_ORD_1218;PROD_24;1;1
CORD_ORD_1218;PROD_25;1;1
CORD_ORD_1218;PROD_29;1;1
CORD_ORD_1218;PROD_31;1;1
CORD_ORD_1218;PROD_33;1;1
CORD_ORD_1218;PROD_37;1;1
CORD_ORD_1218;PROD_40;1;1
CORD_ORD_1218;PROD_44;1;1
CORD_ORD_1218;PROD_47;1;1
CORD_ORD_1218;PROD_50;1;1
CORD_ORD_1218;PROD_6;1;1
CORD_ORD_1219;PROD_11;1;1
CORD_ORD_1219;PROD_14;1;1
CORD_ORD_1219;PROD_15;1;1
CORD_ORD_1219;PROD_18;1;1
CORD_ORD_1219;PROD_19;1;1
CORD_ORD_1219;PROD_2;1;1
CORD_ORD_1219;PROD_22;1;1
CORD_ORD_1219;PROD_23;1;1
CORD_ORD_1219;PROD_27;1;1
CORD_ORD_1219;PROD_28;1;1
CORD_ORD_1219;PROD_29;1;1
CORD_ORD_1219;PROD_30;1;1
CORD_ORD_1219;PROD_31;1;1
CORD_ORD_1219;PROD_32;1;1
CORD_ORD_1219;PROD_34;1;1
CORD_ORD_1219;PROD_38;1;1
CORD_ORD_1219;PROD_4;1;1
CORD_ORD_1219;PROD_42;1;1
CORD_ORD_1219;PROD_45;1;1
CORD_ORD_1219;PROD_48;1;1
CORD_ORD_1219;PROD_49;1;1
CORD_ORD_1219;PROD_5;1;1
CORD_ORD_1219;PROD_8;1;1
CORD_ORD_1219;PROD_9;1;1
CORD_ORD_1220;PROD_10;1;1
CORD_ORD_1220;PROD_12;1;1
CORD_ORD_1220;PROD_18;1;1
CORD_ORD_1220;PROD_2;1;1
CORD_ORD_1220;PROD_26;1;1
CORD_ORD_1220;PROD_29;1;1
CORD_ORD_1220;PROD_30;1;1
CORD_ORD_1220;PROD_31;1;1
CORD_ORD_1220;PROD_38;1;1
CORD_ORD_1220;PROD_4;1;1
CORD_ORD_1220;PROD_43;1;1
CORD_ORD_1220;PROD_8;1;1
CORD_ORD_1221;PROD_1;1;1
CORD_ORD_1221;PROD_18;1;1
CORD_ORD_1221;PROD_2;1;1
CORD_ORD_1221;PROD_3;1;1
CORD_ORD_1221;PROD_36;1;1
CORD_ORD_1221;PROD_37;1;1
CORD_ORD_1221;PROD_44;1;1
CORD_ORD_1221;PROD_46;1;1
CORD_ORD_1222;PROD_1;1;1
CORD_ORD_1222;PROD_10;1;1
CORD_ORD_1222;PROD_29;1;1
CORD_ORD_1222;PROD_3;1;1
CORD_ORD_1222;PROD_31;1;1
CORD_ORD_1222;PROD_34;1;1
CORD_ORD_1222;PROD_40;1;1
CORD_ORD_1222;PROD_43;1;1
CORD_ORD_1222;PROD_47;1;1
CORD_ORD_1222;PROD_5;1;1
CORD_ORD_1223;PROD_1;1;1
CORD_ORD_1223;PROD_10;1;1
CORD_ORD_1223;PROD_15;1;1
CORD_ORD_1223;PROD_18;1;1
CORD_ORD_1223;PROD_2;1;1
CORD_ORD_1223;PROD_3;1;1
CORD_ORD_1223;PROD_30;1;1
CORD_ORD_1223;PROD_32;1;1
CORD_ORD_1223;PROD_36;1;1
CORD_ORD_1223;PROD_37;1;1
CORD_ORD_1223;PROD_43;1;1
CORD_ORD_1223;PROD_44;1;1
CORD_ORD_1223;PROD_46;1;1
CORD_ORD_1223;PROD_8;1;1
CORD_ORD_1224;PROD_11;1;1
CORD_ORD_1224;PROD_18;1;1
CORD_ORD_1224;PROD_2;1;1
CORD_ORD_1224;PROD_21;1;1
CORD_ORD_1224;PROD_23;1;1
CORD_ORD_1224;PROD_24;1;1
CORD_ORD_1224;PROD_27;1;1
CORD_ORD_1224;PROD_29;1;1
CORD_ORD_1224;PROD_30;1;1
CORD_ORD_1224;PROD_31;1;1
CORD_ORD_1224;PROD_34;1;1
CORD_ORD_1224;PROD_36;1;1
CORD_ORD_1224;PROD_38;1;1
CORD_ORD_1224;PROD_4;1;1
CORD_ORD_1224;PROD_42;1;1
CORD_ORD_1224;PROD_46;1;1
CORD_ORD_1224;PROD_48;1;1
CORD_ORD_1224;PROD_49;1;1
CORD_ORD_1224;PROD_5;1;1
CORD_ORD_1224;PROD_50;1;1
CORD_ORD_1224;PROD_6;1;1
CORD_ORD_1224;PROD_8;1;1
CORD_ORD_1225;PROD_12;1;1
CORD_ORD_1225;PROD_23;1;1
CORD_ORD_1225;PROD_26;1;1
CORD_ORD_1225;PROD_30;1;1
CORD_ORD_1225;PROD_37;1;1
CORD_ORD_1225;PROD_38;1;1
CORD_ORD_1225;PROD_4;1;1
CORD_ORD_1225;PROD_42;1;1
CORD_ORD_1225;PROD_44;1;1
CORD_ORD_1225;PROD_8;1;1
CORD_ORD_1226;PROD_1;1;1
CORD_ORD_1226;PROD_12;1;1
CORD_ORD_1226;PROD_26;1;1
CORD_ORD_1226;PROD_3;1;1
CORD_ORD_1226;PROD_34;1;1
CORD_ORD_1226;PROD_36;1;1
CORD_ORD_1226;PROD_37;1;1
CORD_ORD_1226;PROD_44;1;1
CORD_ORD_1226;PROD_46;1;1
CORD_ORD_1226;PROD_5;1;1
CORD_ORD_1227;PROD_1;1;1
CORD_ORD_1227;PROD_11;1;1
CORD_ORD_1227;PROD_13;1;1
CORD_ORD_1227;PROD_21;1;1
CORD_ORD_1227;PROD_22;1;1
CORD_ORD_1227;PROD_23;1;1
CORD_ORD_1227;PROD_24;1;1
CORD_ORD_1227;PROD_27;1;1
CORD_ORD_1227;PROD_28;1;1
CORD_ORD_1227;PROD_3;1;1
CORD_ORD_1227;PROD_33;1;1
CORD_ORD_1227;PROD_34;1;1
CORD_ORD_1227;PROD_42;1;1
CORD_ORD_1227;PROD_48;1;1
CORD_ORD_1227;PROD_49;1;1
CORD_ORD_1227;PROD_5;1;1
CORD_ORD_1228;PROD_11;1;1
CORD_ORD_1228;PROD_12;1;1
CORD_ORD_1228;PROD_14;1;1
CORD_ORD_1228;PROD_17;1;1
CORD_ORD_1228;PROD_19;1;1
CORD_ORD_1228;PROD_20;1;1
CORD_ORD_1228;PROD_22;1;1
CORD_ORD_1228;PROD_23;1;1
CORD_ORD_1228;PROD_26;1;1
CORD_ORD_1228;PROD_27;1;1
CORD_ORD_1228;PROD_28;1;1
CORD_ORD_1228;PROD_29;1;1
CORD_ORD_1228;PROD_31;1;1
CORD_ORD_1228;PROD_36;1;1
CORD_ORD_1228;PROD_38;1;1
CORD_ORD_1228;PROD_39;1;1
CORD_ORD_1228;PROD_4;1;1
CORD_ORD_1228;PROD_41;1;1
CORD_ORD_1228;PROD_42;1;1
CORD_ORD_1228;PROD_45;1;1
CORD_ORD_1228;PROD_46;1;1
CORD_ORD_1228;PROD_48;1;1
CORD_ORD_1228;PROD_49;1;1
CORD_ORD_1228;PROD_50;1;1
CORD_ORD_1228;PROD_6;1;1
CORD_ORD_1228;PROD_9;1;1
CORD_ORD_1229;PROD_10;1;1
CORD_ORD_1229;PROD_12;1;1
CORD_ORD_1229;PROD_16;1;1
CORD_ORD_1229;PROD_19;1;1
CORD_ORD_1229;PROD_22;1;1
CORD_ORD_1229;PROD_25;1;1
CORD_ORD_1229;PROD_26;1;1
CORD_ORD_1229;PROD_27;1;1
CORD_ORD_1229;PROD_28;1;1
CORD_ORD_1229;PROD_35;1;1
CORD_ORD_1229;PROD_43;1;1
CORD_ORD_1229;PROD_45;1;1
CORD_ORD_1229;PROD_49;1;1
CORD_ORD_1229;PROD_50;1;1
CORD_ORD_1229;PROD_6;1;1
CORD_ORD_1229;PROD_7;1;1
CORD_ORD_1230;PROD_1;1;1
CORD_ORD_1230;PROD_10;1;1
CORD_ORD_1230;PROD_11;1;1
CORD_ORD_1230;PROD_15;1;1
CORD_ORD_1230;PROD_17;1;1
CORD_ORD_1230;PROD_20;1;1
CORD_ORD_1230;PROD_29;1;1
CORD_ORD_1230;PROD_3;1;1
CORD_ORD_1230;PROD_31;1;1
CORD_ORD_1230;PROD_32;1;1
CORD_ORD_1230;PROD_39;1;1
CORD_ORD_1230;PROD_40;1;1
CORD_ORD_1230;PROD_41;1;1
CORD_ORD_1230;PROD_43;1;1
CORD_ORD_1230;PROD_47;1;1
CORD_ORD_1230;PROD_48;1;1
CORD_ORD_1231;PROD_21;1;1
CORD_ORD_1231;PROD_23;1;1
CORD_ORD_1231;PROD_24;1;1
CORD_ORD_1231;PROD_29;1;1
CORD_ORD_1231;PROD_31;1;1
CORD_ORD_1231;PROD_37;1;1
CORD_ORD_1231;PROD_42;1;1
CORD_ORD_1231;PROD_44;1;1
CORD_ORD_1232;PROD_10;1;1
CORD_ORD_1232;PROD_15;1;1
CORD_ORD_1232;PROD_16;1;1
CORD_ORD_1232;PROD_18;1;1
CORD_ORD_1232;PROD_2;1;1
CORD_ORD_1232;PROD_21;1;1
CORD_ORD_1232;PROD_24;1;1
CORD_ORD_1232;PROD_25;1;1
CORD_ORD_1232;PROD_32;1;1
CORD_ORD_1232;PROD_34;1;1
CORD_ORD_1232;PROD_38;1;1
CORD_ORD_1232;PROD_4;1;1
CORD_ORD_1232;PROD_43;1;1
CORD_ORD_1232;PROD_5;1;1
CORD_ORD_1232;PROD_50;1;1
CORD_ORD_1232;PROD_6;1;1
CORD_ORD_1233;PROD_1;1;1
CORD_ORD_1233;PROD_10;1;1
CORD_ORD_1233;PROD_15;1;1
CORD_ORD_1233;PROD_16;1;1
CORD_ORD_1233;PROD_18;1;1
CORD_ORD_1233;PROD_19;1;1
CORD_ORD_1233;PROD_2;1;1
CORD_ORD_1233;PROD_20;1;1
CORD_ORD_1233;PROD_21;1;1
CORD_ORD_1233;PROD_22;1;1
CORD_ORD_1233;PROD_24;1;1
CORD_ORD_1233;PROD_25;1;1
CORD_ORD_1233;PROD_28;1;1
CORD_ORD_1233;PROD_3;1;1
CORD_ORD_1233;PROD_32;1;1
CORD_ORD_1233;PROD_35;1;1
CORD_ORD_1233;PROD_39;1;1
CORD_ORD_1233;PROD_40;1;1
CORD_ORD_1233;PROD_43;1;1
CORD_ORD_1233;PROD_45;1;1
CORD_ORD_1233;PROD_47;1;1
CORD_ORD_1233;PROD_7;1;1
CORD_ORD_1234;PROD_10;1;1
CORD_ORD_1234;PROD_12;1;1
CORD_ORD_1234;PROD_21;1;1
CORD_ORD_1234;PROD_24;1;1
CORD_ORD_1234;PROD_26;1;1
CORD_ORD_1234;PROD_29;1;1
CORD_ORD_1234;PROD_30;1;1
CORD_ORD_1234;PROD_31;1;1
CORD_ORD_1234;PROD_36;1;1
CORD_ORD_1234;PROD_43;1;1
CORD_ORD_1234;PROD_46;1;1
CORD_ORD_1234;PROD_8;1;1
CORD_ORD_1235;PROD_20;1;1
CORD_ORD_1235;PROD_22;1;1
CORD_ORD_1235;PROD_28;1;1
CORD_ORD_1235;PROD_30;1;1
CORD_ORD_1235;PROD_36;1;1
CORD_ORD_1235;PROD_38;1;1
CORD_ORD_1235;PROD_39;1;1
CORD_ORD_1235;PROD_4;1;1
CORD_ORD_1235;PROD_46;1;1
CORD_ORD_1235;PROD_8;1;1
CORD_ORD_1236;PROD_1;1;1
CORD_ORD_1236;PROD_10;1;1
CORD_ORD_1236;PROD_15;1;1
CORD_ORD_1236;PROD_3;1;1
CORD_ORD_1236;PROD_30;1;1
CORD_ORD_1236;PROD_32;1;1
CORD_ORD_1236;PROD_36;1;1
CORD_ORD_1236;PROD_43;1;1
CORD_ORD_1236;PROD_46;1;1
CORD_ORD_1236;PROD_8;1;1
CORD_ORD_1237;PROD_1;1;1
CORD_ORD_1237;PROD_14;1;1
CORD_ORD_1237;PROD_18;1;1
CORD_ORD_1237;PROD_2;1;1
CORD_ORD_1237;PROD_21;1;1
CORD_ORD_1237;PROD_22;1;1
CORD_ORD_1237;PROD_24;1;1
CORD_ORD_1237;PROD_27;1;1
CORD_ORD_1237;PROD_28;1;1
CORD_ORD_1237;PROD_3;1;1
CORD_ORD_1237;PROD_36;1;1
CORD_ORD_1237;PROD_37;1;1
CORD_ORD_1237;PROD_38;1;1
CORD_ORD_1237;PROD_4;1;1
CORD_ORD_1237;PROD_44;1;1
CORD_ORD_1237;PROD_46;1;1
CORD_ORD_1237;PROD_49;1;1
CORD_ORD_1237;PROD_50;1;1
CORD_ORD_1237;PROD_6;1;1
CORD_ORD_1237;PROD_9;1;1
CORD_ORD_1238;PROD_14;1;1
CORD_ORD_1238;PROD_15;1;1
CORD_ORD_1238;PROD_16;1;1
CORD_ORD_1238;PROD_19;1;1
CORD_ORD_1238;PROD_22;1;1
CORD_ORD_1238;PROD_25;1;1
CORD_ORD_1238;PROD_28;1;1
CORD_ORD_1238;PROD_32;1;1
CORD_ORD_1238;PROD_35;1;1
CORD_ORD_1238;PROD_45;1;1
CORD_ORD_1238;PROD_50;1;1
CORD_ORD_1238;PROD_6;1;1
CORD_ORD_1238;PROD_7;1;1
CORD_ORD_1238;PROD_9;1;1
CORD_ORD_1239;PROD_10;1;1
CORD_ORD_1239;PROD_11;1;1
CORD_ORD_1239;PROD_15;1;1
CORD_ORD_1239;PROD_32;1;1
CORD_ORD_1239;PROD_34;1;1
CORD_ORD_1239;PROD_38;1;1
CORD_ORD_1239;PROD_4;1;1
CORD_ORD_1239;PROD_43;1;1
CORD_ORD_1239;PROD_48;1;1
CORD_ORD_1239;PROD_5;1;1
CORD_ORD_1240;PROD_10;1;1
CORD_ORD_1240;PROD_11;1;1
CORD_ORD_1240;PROD_13;1;1
CORD_ORD_1240;PROD_14;1;1
CORD_ORD_1240;PROD_17;1;1
CORD_ORD_1240;PROD_19;1;1
CORD_ORD_1240;PROD_21;1;1
CORD_ORD_1240;PROD_23;1;1
CORD_ORD_1240;PROD_24;1;1
CORD_ORD_1240;PROD_27;1;1
CORD_ORD_1240;PROD_30;1;1
CORD_ORD_1240;PROD_33;1;1
CORD_ORD_1240;PROD_34;1;1
CORD_ORD_1240;PROD_41;1;1
CORD_ORD_1240;PROD_42;1;1
CORD_ORD_1240;PROD_43;1;1
CORD_ORD_1240;PROD_45;1;1
CORD_ORD_1240;PROD_48;1;1
CORD_ORD_1240;PROD_49;1;1
CORD_ORD_1240;PROD_5;1;1
CORD_ORD_1240;PROD_50;1;1
CORD_ORD_1240;PROD_6;1;1
CORD_ORD_1240;PROD_8;1;1
CORD_ORD_1240;PROD_9;1;1
CORD_ORD_1241;PROD_10;1;1
CORD_ORD_1241;PROD_11;1;1
CORD_ORD_1241;PROD_15;1;1
CORD_ORD_1241;PROD_17;1;1
CORD_ORD_1241;PROD_18;1;1
CORD_ORD_1241;PROD_2;1;1
CORD_ORD_1241;PROD_29;1;1
CORD_ORD_1241;PROD_31;1;1
CORD_ORD_1241;PROD_32;1;1
CORD_ORD_1241;PROD_35;1;1
CORD_ORD_1241;PROD_36;1;1
CORD_ORD_1241;PROD_37;1;1
CORD_ORD_1241;PROD_41;1;1
CORD_ORD_1241;PROD_43;1;1
CORD_ORD_1241;PROD_44;1;1
CORD_ORD_1241;PROD_46;1;1
CORD_ORD_1241;PROD_48;1;1
CORD_ORD_1241;PROD_7;1;1
CORD_ORD_1242;PROD_10;1;1
CORD_ORD_1242;PROD_11;1;1
CORD_ORD_1242;PROD_17;1;1
CORD_ORD_1242;PROD_21;1;1
CORD_ORD_1242;PROD_23;1;1
CORD_ORD_1242;PROD_24;1;1
CORD_ORD_1242;PROD_30;1;1
CORD_ORD_1242;PROD_34;1;1
CORD_ORD_1242;PROD_36;1;1
CORD_ORD_1242;PROD_37;1;1
CORD_ORD_1242;PROD_41;1;1
CORD_ORD_1242;PROD_42;1;1
CORD_ORD_1242;PROD_43;1;1
CORD_ORD_1242;PROD_44;1;1
CORD_ORD_1242;PROD_46;1;1
CORD_ORD_1242;PROD_48;1;1
CORD_ORD_1242;PROD_5;1;1
CORD_ORD_1242;PROD_8;1;1
CORD_ORD_1243;PROD_11;1;1
CORD_ORD_1243;PROD_13;1;1
CORD_ORD_1243;PROD_14;1;1
CORD_ORD_1243;PROD_18;1;1
CORD_ORD_1243;PROD_2;1;1
CORD_ORD_1243;PROD_22;1;1
CORD_ORD_1243;PROD_23;1;1
CORD_ORD_1243;PROD_28;1;1
CORD_ORD_1243;PROD_29;1;1
CORD_ORD_1243;PROD_31;1;1
CORD_ORD_1243;PROD_33;1;1
CORD_ORD_1243;PROD_35;1;1
CORD_ORD_1243;PROD_36;1;1
CORD_ORD_1243;PROD_40;1;1
CORD_ORD_1243;PROD_42;1;1
CORD_ORD_1243;PROD_46;1;1
CORD_ORD_1243;PROD_47;1;1
CORD_ORD_1243;PROD_48;1;1
CORD_ORD_1243;PROD_7;1;1
CORD_ORD_1243;PROD_9;1;1
CORD_ORD_1244;PROD_10;1;1
CORD_ORD_1244;PROD_11;1;1
CORD_ORD_1244;PROD_14;1;1
CORD_ORD_1244;PROD_15;1;1
CORD_ORD_1244;PROD_32;1;1
CORD_ORD_1244;PROD_34;1;1
CORD_ORD_1244;PROD_35;1;1
CORD_ORD_1244;PROD_38;1;1
CORD_ORD_1244;PROD_4;1;1
CORD_ORD_1244;PROD_43;1;1
CORD_ORD_1244;PROD_48;1;1
CORD_ORD_1244;PROD_5;1;1
CORD_ORD_1244;PROD_7;1;1
CORD_ORD_1244;PROD_9;1;1
CORD_ORD_1245;PROD_1;1;1
CORD_ORD_1245;PROD_10;1;1
CORD_ORD_1245;PROD_11;1;1
CORD_ORD_1245;PROD_12;1;1
CORD_ORD_1245;PROD_13;1;1
CORD_ORD_1245;PROD_15;1;1
CORD_ORD_1245;PROD_19;1;1
CORD_ORD_1245;PROD_26;1;1
CORD_ORD_1245;PROD_27;1;1
CORD_ORD_1245;PROD_29;1;1
CORD_ORD_1245;PROD_3;1;1
CORD_ORD_1245;PROD_30;1;1
CORD_ORD_1245;PROD_31;1;1
CORD_ORD_1245;PROD_32;1;1
CORD_ORD_1245;PROD_33;1;1
CORD_ORD_1245;PROD_38;1;1
CORD_ORD_1245;PROD_4;1;1
CORD_ORD_1245;PROD_40;1;1
CORD_ORD_1245;PROD_43;1;1
CORD_ORD_1245;PROD_45;1;1
CORD_ORD_1245;PROD_47;1;1
CORD_ORD_1245;PROD_48;1;1
CORD_ORD_1245;PROD_49;1;1
CORD_ORD_1245;PROD_8;1;1
CORD_ORD_1246;PROD_1;1;1
CORD_ORD_1246;PROD_10;1;1
CORD_ORD_1246;PROD_11;1;1
CORD_ORD_1246;PROD_14;1;1
CORD_ORD_1246;PROD_18;1;1
CORD_ORD_1246;PROD_2;1;1
CORD_ORD_1246;PROD_3;1;1
CORD_ORD_1246;PROD_30;1;1
CORD_ORD_1246;PROD_36;1;1
CORD_ORD_1246;PROD_43;1;1
CORD_ORD_1246;PROD_46;1;1
CORD_ORD_1246;PROD_48;1;1
CORD_ORD_1246;PROD_8;1;1
CORD_ORD_1246;PROD_9;1;1
CORD_ORD_1247;PROD_1;1;1
CORD_ORD_1247;PROD_13;1;1
CORD_ORD_1247;PROD_16;1;1
CORD_ORD_1247;PROD_20;1;1
CORD_ORD_1247;PROD_25;1;1
CORD_ORD_1247;PROD_3;1;1
CORD_ORD_1247;PROD_33;1;1
CORD_ORD_1247;PROD_35;1;1
CORD_ORD_1247;PROD_37;1;1
CORD_ORD_1247;PROD_39;1;1
CORD_ORD_1247;PROD_44;1;1
CORD_ORD_1247;PROD_7;1;1
CORD_ORD_1248;PROD_1;1;1
CORD_ORD_1248;PROD_10;1;1
CORD_ORD_1248;PROD_3;1;1
CORD_ORD_1248;PROD_30;1;1
CORD_ORD_1248;PROD_36;1;1
CORD_ORD_1248;PROD_43;1;1
CORD_ORD_1248;PROD_46;1;1
CORD_ORD_1248;PROD_8;1;1
CORD_ORD_1249;PROD_10;1;1
CORD_ORD_1249;PROD_11;1;1
CORD_ORD_1249;PROD_12;1;1
CORD_ORD_1249;PROD_13;1;1
CORD_ORD_1249;PROD_19;1;1
CORD_ORD_1249;PROD_20;1;1
CORD_ORD_1249;PROD_21;1;1
CORD_ORD_1249;PROD_24;1;1
CORD_ORD_1249;PROD_26;1;1
CORD_ORD_1249;PROD_30;1;1
CORD_ORD_1249;PROD_33;1;1
CORD_ORD_1249;PROD_36;1;1
CORD_ORD_1249;PROD_37;1;1
CORD_ORD_1249;PROD_38;1;1
CORD_ORD_1249;PROD_39;1;1
CORD_ORD_1249;PROD_4;1;1
CORD_ORD_1249;PROD_43;1;1
CORD_ORD_1249;PROD_44;1;1
CORD_ORD_1249;PROD_45;1;1
CORD_ORD_1249;PROD_46;1;1
CORD_ORD_1249;PROD_48;1;1
CORD_ORD_1249;PROD_8;1;1
CORD_ORD_1250;PROD_13;1;1
CORD_ORD_1250;PROD_15;1;1
CORD_ORD_1250;PROD_16;1;1
CORD_ORD_1250;PROD_19;1;1
CORD_ORD_1250;PROD_21;1;1
CORD_ORD_1250;PROD_22;1;1
CORD_ORD_1250;PROD_23;1;1
CORD_ORD_1250;PROD_24;1;1
CORD_ORD_1250;PROD_25;1;1
CORD_ORD_1250;PROD_28;1;1
CORD_ORD_1250;PROD_29;1;1
CORD_ORD_1250;PROD_31;1;1
CORD_ORD_1250;PROD_32;1;1
CORD_ORD_1250;PROD_33;1;1
CORD_ORD_1250;PROD_36;1;1
CORD_ORD_1250;PROD_40;1;1
CORD_ORD_1250;PROD_42;1;1
CORD_ORD_1250;PROD_45;1;1
CORD_ORD_1250;PROD_46;1;1
CORD_ORD_1250;PROD_47;1;1
CORD_ORD_1250;PROD_50;1;1
CORD_ORD_1250;PROD_6;1;1
CORD_ORD_1251;PROD_10;1;1
CORD_ORD_1251;PROD_11;1;1
CORD_ORD_1251;PROD_14;1;1
CORD_ORD_1251;PROD_15;1;1
CORD_ORD_1251;PROD_17;1;1
CORD_ORD_1251;PROD_18;1;1
CORD_ORD_1251;PROD_2;1;1
CORD_ORD_1251;PROD_22;1;1
CORD_ORD_1251;PROD_28;1;1
CORD_ORD_1251;PROD_29;1;1
CORD_ORD_1251;PROD_30;1;1
CORD_ORD_1251;PROD_31;1;1
CORD_ORD_1251;PROD_32;1;1
CORD_ORD_1251;PROD_36;1;1
CORD_ORD_1251;PROD_41;1;1
CORD_ORD_1251;PROD_43;1;1
CORD_ORD_1251;PROD_46;1;1
CORD_ORD_1251;PROD_48;1;1
CORD_ORD_1251;PROD_50;1;1
CORD_ORD_1251;PROD_6;1;1
CORD_ORD_1251;PROD_8;1;1
CORD_ORD_1251;PROD_9;1;1
CORD_ORD_1252;PROD_10;1;1
CORD_ORD_1252;PROD_11;1;1
CORD_ORD_1252;PROD_12;1;1
CORD_ORD_1252;PROD_14;1;1
CORD_ORD_1252;PROD_15;1;1
CORD_ORD_1252;PROD_18;1;1
CORD_ORD_1252;PROD_19;1;1
CORD_ORD_1252;PROD_2;1;1
CORD_ORD_1252;PROD_26;1;1
CORD_ORD_1252;PROD_29;1;1
CORD_ORD_1252;PROD_30;1;1
CORD_ORD_1252;PROD_31;1;1
CORD_ORD_1252;PROD_32;1;1
CORD_ORD_1252;PROD_34;1;1
CORD_ORD_1252;PROD_35;1;1
CORD_ORD_1252;PROD_36;1;1
CORD_ORD_1252;PROD_43;1;1
CORD_ORD_1252;PROD_45;1;1
CORD_ORD_1252;PROD_46;1;1
CORD_ORD_1252;PROD_48;1;1
CORD_ORD_1252;PROD_5;1;1
CORD_ORD_1252;PROD_7;1;1
CORD_ORD_1252;PROD_8;1;1
CORD_ORD_1252;PROD_9;1;1
CORD_ORD_1253;PROD_11;1;1
CORD_ORD_1253;PROD_13;1;1
CORD_ORD_1253;PROD_14;1;1
CORD_ORD_1253;PROD_16;1;1
CORD_ORD_1253;PROD_17;1;1
CORD_ORD_1253;PROD_19;1;1
CORD_ORD_1253;PROD_25;1;1
CORD_ORD_1253;PROD_33;1;1
CORD_ORD_1253;PROD_37;1;1
CORD_ORD_1253;PROD_41;1;1
CORD_ORD_1253;PROD_44;1;1
CORD_ORD_1253;PROD_45;1;1
CORD_ORD_1253;PROD_48;1;1
CORD_ORD_1253;PROD_9;1;1
CORD_ORD_1254;PROD_10;1;1
CORD_ORD_1254;PROD_11;1;1
CORD_ORD_1254;PROD_14;1;1
CORD_ORD_1254;PROD_15;1;1
CORD_ORD_1254;PROD_18;1;1
CORD_ORD_1254;PROD_2;1;1
CORD_ORD_1254;PROD_22;1;1
CORD_ORD_1254;PROD_28;1;1
CORD_ORD_1254;PROD_29;1;1
CORD_ORD_1254;PROD_30;1;1
CORD_ORD_1254;PROD_31;1;1
CORD_ORD_1254;PROD_32;1;1
CORD_ORD_1254;PROD_43;1;1
CORD_ORD_1254;PROD_48;1;1
CORD_ORD_1254;PROD_8;1;1
CORD_ORD_1254;PROD_9;1;1
CORD_ORD_1255;PROD_10;1;1
CORD_ORD_1255;PROD_15;1;1
CORD_ORD_1255;PROD_17;1;1
CORD_ORD_1255;PROD_21;1;1
CORD_ORD_1255;PROD_23;1;1
CORD_ORD_1255;PROD_24;1;1
CORD_ORD_1255;PROD_32;1;1
CORD_ORD_1255;PROD_34;1;1
CORD_ORD_1255;PROD_35;1;1
CORD_ORD_1255;PROD_37;1;1
CORD_ORD_1255;PROD_38;1;1
CORD_ORD_1255;PROD_4;1;1
CORD_ORD_1255;PROD_40;1;1
CORD_ORD_1255;PROD_41;1;1
CORD_ORD_1255;PROD_42;1;1
CORD_ORD_1255;PROD_43;1;1
CORD_ORD_1255;PROD_44;1;1
CORD_ORD_1255;PROD_47;1;1
CORD_ORD_1255;PROD_5;1;1
CORD_ORD_1255;PROD_50;1;1
CORD_ORD_1255;PROD_6;1;1
CORD_ORD_1255;PROD_7;1;1
CORD_ORD_1256;PROD_10;1;1
CORD_ORD_1256;PROD_11;1;1
CORD_ORD_1256;PROD_18;1;1
CORD_ORD_1256;PROD_2;1;1
CORD_ORD_1256;PROD_22;1;1
CORD_ORD_1256;PROD_28;1;1
CORD_ORD_1256;PROD_37;1;1
CORD_ORD_1256;PROD_43;1;1
CORD_ORD_1256;PROD_44;1;1
CORD_ORD_1256;PROD_48;1;1
CORD_ORD_1256;PROD_50;1;1
CORD_ORD_1256;PROD_6;1;1
CORD_ORD_1257;PROD_1;1;1
CORD_ORD_1257;PROD_11;1;1
CORD_ORD_1257;PROD_13;1;1
CORD_ORD_1257;PROD_16;1;1
CORD_ORD_1257;PROD_21;1;1
CORD_ORD_1257;PROD_22;1;1
CORD_ORD_1257;PROD_24;1;1
CORD_ORD_1257;PROD_25;1;1
CORD_ORD_1257;PROD_28;1;1
CORD_ORD_1257;PROD_3;1;1
CORD_ORD_1257;PROD_33;1;1
CORD_ORD_1257;PROD_35;1;1
CORD_ORD_1257;PROD_48;1;1
CORD_ORD_1257;PROD_7;1;1
CORD_ORD_1258;PROD_1;1;1
CORD_ORD_1258;PROD_10;1;1
CORD_ORD_1258;PROD_13;1;1
CORD_ORD_1258;PROD_19;1;1
CORD_ORD_1258;PROD_29;1;1
CORD_ORD_1258;PROD_3;1;1
CORD_ORD_1258;PROD_30;1;1
CORD_ORD_1258;PROD_31;1;1
CORD_ORD_1258;PROD_33;1;1
CORD_ORD_1258;PROD_36;1;1
CORD_ORD_1258;PROD_37;1;1
CORD_ORD_1258;PROD_43;1;1
CORD_ORD_1258;PROD_44;1;1
CORD_ORD_1258;PROD_45;1;1
CORD_ORD_1258;PROD_46;1;1
CORD_ORD_1258;PROD_8;1;1
CORD_ORD_1259;PROD_11;1;1
CORD_ORD_1259;PROD_12;1;1
CORD_ORD_1259;PROD_13;1;1
CORD_ORD_1259;PROD_19;1;1
CORD_ORD_1259;PROD_22;1;1
CORD_ORD_1259;PROD_26;1;1
CORD_ORD_1259;PROD_28;1;1
CORD_ORD_1259;PROD_30;1;1
CORD_ORD_1259;PROD_33;1;1
CORD_ORD_1259;PROD_37;1;1
CORD_ORD_1259;PROD_38;1;1
CORD_ORD_1259;PROD_4;1;1
CORD_ORD_1259;PROD_40;1;1
CORD_ORD_1259;PROD_44;1;1
CORD_ORD_1259;PROD_45;1;1
CORD_ORD_1259;PROD_47;1;1
CORD_ORD_1259;PROD_48;1;1
CORD_ORD_1259;PROD_8;1;1
CORD_ORD_1260;PROD_11;1;1
CORD_ORD_1260;PROD_16;1;1
CORD_ORD_1260;PROD_17;1;1
CORD_ORD_1260;PROD_21;1;1
CORD_ORD_1260;PROD_24;1;1
CORD_ORD_1260;PROD_25;1;1
CORD_ORD_1260;PROD_35;1;1
CORD_ORD_1260;PROD_41;1;1
CORD_ORD_1260;PROD_48;1;1
CORD_ORD_1260;PROD_7;1;1
CORD_ORD_1261;PROD_10;1;1
CORD_ORD_1261;PROD_11;1;1
CORD_ORD_1261;PROD_12;1;1
CORD_ORD_1261;PROD_15;1;1
CORD_ORD_1261;PROD_16;1;1
CORD_ORD_1261;PROD_19;1;1
CORD_ORD_1261;PROD_22;1;1
CORD_ORD_1261;PROD_25;1;1
CORD_ORD_1261;PROD_26;1;1
CORD_ORD_1261;PROD_28;1;1
CORD_ORD_1261;PROD_32;1;1
CORD_ORD_1261;PROD_36;1;1
CORD_ORD_1261;PROD_37;1;1
CORD_ORD_1261;PROD_38;1;1
CORD_ORD_1261;PROD_4;1;1
CORD_ORD_1261;PROD_43;1;1
CORD_ORD_1261;PROD_44;1;1
CORD_ORD_1261;PROD_45;1;1
CORD_ORD_1261;PROD_46;1;1
CORD_ORD_1261;PROD_48;1;1
CORD_ORD_1262;PROD_1;1;1
CORD_ORD_1262;PROD_12;1;1
CORD_ORD_1262;PROD_16;1;1
CORD_ORD_1262;PROD_18;1;1
CORD_ORD_1262;PROD_2;1;1
CORD_ORD_1262;PROD_20;1;1
CORD_ORD_1262;PROD_25;1;1
CORD_ORD_1262;PROD_26;1;1
CORD_ORD_1262;PROD_3;1;1
CORD_ORD_1262;PROD_30;1;1
CORD_ORD_1262;PROD_36;1;1
CORD_ORD_1262;PROD_37;1;1
CORD_ORD_1262;PROD_38;1;1
CORD_ORD_1262;PROD_39;1;1
CORD_ORD_1262;PROD_4;1;1
CORD_ORD_1262;PROD_44;1;1
CORD_ORD_1262;PROD_46;1;1
CORD_ORD_1262;PROD_8;1;1
CORD_ORD_1263;PROD_1;1;1
CORD_ORD_1263;PROD_10;1;1
CORD_ORD_1263;PROD_11;1;1
CORD_ORD_1263;PROD_15;1;1
CORD_ORD_1263;PROD_20;1;1
CORD_ORD_1263;PROD_22;1;1
CORD_ORD_1263;PROD_28;1;1
CORD_ORD_1263;PROD_29;1;1
CORD_ORD_1263;PROD_3;1;1
CORD_ORD_1263;PROD_30;1;1
CORD_ORD_1263;PROD_31;1;1
CORD_ORD_1263;PROD_32;1;1
CORD_ORD_1263;PROD_36;1;1
CORD_ORD_1263;PROD_38;1;1
CORD_ORD_1263;PROD_39;1;1
CORD_ORD_1263;PROD_4;1;1
CORD_ORD_1263;PROD_40;1;1
CORD_ORD_1263;PROD_43;1;1
CORD_ORD_1263;PROD_46;1;1
CORD_ORD_1263;PROD_47;1;1
CORD_ORD_1263;PROD_48;1;1
CORD_ORD_1263;PROD_8;1;1
CORD_ORD_1264;PROD_1;1;1
CORD_ORD_1264;PROD_10;1;1
CORD_ORD_1264;PROD_11;1;1
CORD_ORD_1264;PROD_12;1;1
CORD_ORD_1264;PROD_15;1;1
CORD_ORD_1264;PROD_16;1;1
CORD_ORD_1264;PROD_17;1;1
CORD_ORD_1264;PROD_19;1;1
CORD_ORD_1264;PROD_25;1;1
CORD_ORD_1264;PROD_26;1;1
CORD_ORD_1264;PROD_27;1;1
CORD_ORD_1264;PROD_29;1;1
CORD_ORD_1264;PROD_3;1;1
CORD_ORD_1264;PROD_31;1;1
CORD_ORD_1264;PROD_32;1;1
CORD_ORD_1264;PROD_37;1;1
CORD_ORD_1264;PROD_38;1;1
CORD_ORD_1264;PROD_4;1;1
CORD_ORD_1264;PROD_40;1;1
CORD_ORD_1264;PROD_41;1;1
CORD_ORD_1264;PROD_43;1;1
CORD_ORD_1264;PROD_44;1;1
CORD_ORD_1264;PROD_45;1;1
CORD_ORD_1264;PROD_47;1;1
CORD_ORD_1264;PROD_48;1;1
CORD_ORD_1264;PROD_49;1;1
CORD_ORD_1265;PROD_1;1;1
CORD_ORD_1265;PROD_14;1;1
CORD_ORD_1265;PROD_15;1;1
CORD_ORD_1265;PROD_16;1;1
CORD_ORD_1265;PROD_18;1;1
CORD_ORD_1265;PROD_19;1;1
CORD_ORD_1265;PROD_2;1;1
CORD_ORD_1265;PROD_22;1;1
CORD_ORD_1265;PROD_23;1;1
CORD_ORD_1265;PROD_25;1;1
CORD_ORD_1265;PROD_28;1;1
CORD_ORD_1265;PROD_3;1;1
CORD_ORD_1265;PROD_32;1;1
CORD_ORD_1265;PROD_36;1;1
CORD_ORD_1265;PROD_37;1;1
CORD_ORD_1265;PROD_40;1;1
CORD_ORD_1265;PROD_42;1;1
CORD_ORD_1265;PROD_44;1;1
CORD_ORD_1265;PROD_45;1;1
CORD_ORD_1265;PROD_46;1;1
CORD_ORD_1265;PROD_47;1;1
CORD_ORD_1265;PROD_50;1;1
CORD_ORD_1265;PROD_6;1;1
CORD_ORD_1265;PROD_9;1;1
CORD_ORD_1266;PROD_12;1;1
CORD_ORD_1266;PROD_18;1;1
CORD_ORD_1266;PROD_2;1;1
CORD_ORD_1266;PROD_20;1;1
CORD_ORD_1266;PROD_21;1;1
CORD_ORD_1266;PROD_24;1;1
CORD_ORD_1266;PROD_26;1;1
CORD_ORD_1266;PROD_30;1;1
CORD_ORD_1266;PROD_37;1;1
CORD_ORD_1266;PROD_38;1;1
CORD_ORD_1266;PROD_39;1;1
CORD_ORD_1266;PROD_4;1;1
CORD_ORD_1266;PROD_44;1;1
CORD_ORD_1266;PROD_8;1;1
CORD_ORD_1267;PROD_1;1;1
CORD_ORD_1267;PROD_10;1;1
CORD_ORD_1267;PROD_12;1;1
CORD_ORD_1267;PROD_15;1;1
CORD_ORD_1267;PROD_18;1;1
CORD_ORD_1267;PROD_2;1;1
CORD_ORD_1267;PROD_21;1;1
CORD_ORD_1267;PROD_24;1;1
CORD_ORD_1267;PROD_26;1;1
CORD_ORD_1267;PROD_29;1;1
CORD_ORD_1267;PROD_3;1;1
CORD_ORD_1267;PROD_31;1;1
CORD_ORD_1267;PROD_32;1;1
CORD_ORD_1267;PROD_36;1;1
CORD_ORD_1267;PROD_37;1;1
CORD_ORD_1267;PROD_40;1;1
CORD_ORD_1267;PROD_43;1;1
CORD_ORD_1267;PROD_44;1;1
CORD_ORD_1267;PROD_46;1;1
CORD_ORD_1267;PROD_47;1;1
CORD_ORD_1268;PROD_10;1;1
CORD_ORD_1268;PROD_11;1;1
CORD_ORD_1268;PROD_14;1;1
CORD_ORD_1268;PROD_16;1;1
CORD_ORD_1268;PROD_17;1;1
CORD_ORD_1268;PROD_20;1;1
CORD_ORD_1268;PROD_21;1;1
CORD_ORD_1268;PROD_23;1;1
CORD_ORD_1268;PROD_24;1;1
CORD_ORD_1268;PROD_25;1;1
CORD_ORD_1268;PROD_34;1;1
CORD_ORD_1268;PROD_37;1;1
CORD_ORD_1268;PROD_39;1;1
CORD_ORD_1268;PROD_41;1;1
CORD_ORD_1268;PROD_42;1;1
CORD_ORD_1268;PROD_43;1;1
CORD_ORD_1268;PROD_44;1;1
CORD_ORD_1268;PROD_48;1;1
CORD_ORD_1268;PROD_5;1;1
CORD_ORD_1268;PROD_9;1;1
CORD_ORD_1269;PROD_12;1;1
CORD_ORD_1269;PROD_15;1;1
CORD_ORD_1269;PROD_20;1;1
CORD_ORD_1269;PROD_21;1;1
CORD_ORD_1269;PROD_22;1;1
CORD_ORD_1269;PROD_24;1;1
CORD_ORD_1269;PROD_26;1;1
CORD_ORD_1269;PROD_28;1;1
CORD_ORD_1269;PROD_29;1;1
CORD_ORD_1269;PROD_30;1;1
CORD_ORD_1269;PROD_31;1;1
CORD_ORD_1269;PROD_32;1;1
CORD_ORD_1269;PROD_34;1;1
CORD_ORD_1269;PROD_39;1;1
CORD_ORD_1269;PROD_5;1;1
CORD_ORD_1269;PROD_50;1;1
CORD_ORD_1269;PROD_6;1;1
CORD_ORD_1269;PROD_8;1;1
CORD_ORD_1270;PROD_1;1;1
CORD_ORD_1270;PROD_14;1;1
CORD_ORD_1270;PROD_18;1;1
CORD_ORD_1270;PROD_2;1;1
CORD_ORD_1270;PROD_3;1;1
CORD_ORD_1270;PROD_36;1;1
CORD_ORD_1270;PROD_37;1;1
CORD_ORD_1270;PROD_40;1;1
CORD_ORD_1270;PROD_44;1;1
CORD_ORD_1270;PROD_46;1;1
CORD_ORD_1270;PROD_47;1;1
CORD_ORD_1270;PROD_9;1;1
CORD_ORD_1271;PROD_1;1;1
CORD_ORD_1271;PROD_10;1;1
CORD_ORD_1271;PROD_15;1;1
CORD_ORD_1271;PROD_3;1;1
CORD_ORD_1271;PROD_30;1;1
CORD_ORD_1271;PROD_32;1;1
CORD_ORD_1271;PROD_34;1;1
CORD_ORD_1271;PROD_36;1;1
CORD_ORD_1271;PROD_38;1;1
CORD_ORD_1271;PROD_4;1;1
CORD_ORD_1271;PROD_43;1;1
CORD_ORD_1271;PROD_46;1;1
CORD_ORD_1271;PROD_5;1;1
CORD_ORD_1271;PROD_8;1;1
CORD_ORD_1272;PROD_11;1;1
CORD_ORD_1272;PROD_14;1;1
CORD_ORD_1272;PROD_27;1;1
CORD_ORD_1272;PROD_29;1;1
CORD_ORD_1272;PROD_31;1;1
CORD_ORD_1272;PROD_35;1;1
CORD_ORD_1272;PROD_38;1;1
CORD_ORD_1272;PROD_4;1;1
CORD_ORD_1272;PROD_48;1;1
CORD_ORD_1272;PROD_49;1;1
CORD_ORD_1272;PROD_50;1;1
CORD_ORD_1272;PROD_6;1;1
CORD_ORD_1272;PROD_7;1;1
CORD_ORD_1272;PROD_9;1;1
CORD_ORD_1273;PROD_16;1;1
CORD_ORD_1273;PROD_18;1;1
CORD_ORD_1273;PROD_19;1;1
CORD_ORD_1273;PROD_2;1;1
CORD_ORD_1273;PROD_21;1;1
CORD_ORD_1273;PROD_22;1;1
CORD_ORD_1273;PROD_24;1;1
CORD_ORD_1273;PROD_25;1;1
CORD_ORD_1273;PROD_28;1;1
CORD_ORD_1273;PROD_29;1;1
CORD_ORD_1273;PROD_31;1;1
CORD_ORD_1273;PROD_36;1;1
CORD_ORD_1273;PROD_40;1;1
CORD_ORD_1273;PROD_45;1;1
CORD_ORD_1273;PROD_46;1;1
CORD_ORD_1273;PROD_47;1;1
CORD_ORD_1274;PROD_1;1;1
CORD_ORD_1274;PROD_10;1;1
CORD_ORD_1274;PROD_12;1;1
CORD_ORD_1274;PROD_18;1;1
CORD_ORD_1274;PROD_2;1;1
CORD_ORD_1274;PROD_26;1;1
CORD_ORD_1274;PROD_3;1;1
CORD_ORD_1274;PROD_30;1;1
CORD_ORD_1274;PROD_36;1;1
CORD_ORD_1274;PROD_43;1;1
CORD_ORD_1274;PROD_46;1;1
CORD_ORD_1274;PROD_8;1;1
CORD_ORD_1275;PROD_13;1;1
CORD_ORD_1275;PROD_14;1;1
CORD_ORD_1275;PROD_16;1;1
CORD_ORD_1275;PROD_20;1;1
CORD_ORD_1275;PROD_21;1;1
CORD_ORD_1275;PROD_24;1;1
CORD_ORD_1275;PROD_25;1;1
CORD_ORD_1275;PROD_30;1;1
CORD_ORD_1275;PROD_33;1;1
CORD_ORD_1275;PROD_37;1;1
CORD_ORD_1275;PROD_39;1;1
CORD_ORD_1275;PROD_44;1;1
CORD_ORD_1275;PROD_8;1;1
CORD_ORD_1275;PROD_9;1;1
CORD_ORD_1276;PROD_11;1;1
CORD_ORD_1276;PROD_13;1;1
CORD_ORD_1276;PROD_14;1;1
CORD_ORD_1276;PROD_18;1;1
CORD_ORD_1276;PROD_19;1;1
CORD_ORD_1276;PROD_2;1;1
CORD_ORD_1276;PROD_33;1;1
CORD_ORD_1276;PROD_37;1;1
CORD_ORD_1276;PROD_44;1;1
CORD_ORD_1276;PROD_45;1;1
CORD_ORD_1276;PROD_48;1;1
CORD_ORD_1276;PROD_9;1;1
CORD_ORD_1277;PROD_1;1;1
CORD_ORD_1277;PROD_10;1;1
CORD_ORD_1277;PROD_12;1;1
CORD_ORD_1277;PROD_15;1;1
CORD_ORD_1277;PROD_18;1;1
CORD_ORD_1277;PROD_2;1;1
CORD_ORD_1277;PROD_26;1;1
CORD_ORD_1277;PROD_29;1;1
CORD_ORD_1277;PROD_3;1;1
CORD_ORD_1277;PROD_31;1;1
CORD_ORD_1277;PROD_32;1;1
CORD_ORD_1277;PROD_36;1;1
CORD_ORD_1277;PROD_37;1;1
CORD_ORD_1277;PROD_38;1;1
CORD_ORD_1277;PROD_4;1;1
CORD_ORD_1277;PROD_40;1;1
CORD_ORD_1277;PROD_43;1;1
CORD_ORD_1277;PROD_44;1;1
CORD_ORD_1277;PROD_46;1;1
CORD_ORD_1277;PROD_47;1;1
CORD_ORD_1278;PROD_1;1;1
CORD_ORD_1278;PROD_10;1;1
CORD_ORD_1278;PROD_15;1;1
CORD_ORD_1278;PROD_17;1;1
CORD_ORD_1278;PROD_18;1;1
CORD_ORD_1278;PROD_2;1;1
CORD_ORD_1278;PROD_3;1;1
CORD_ORD_1278;PROD_30;1;1
CORD_ORD_1278;PROD_32;1;1
CORD_ORD_1278;PROD_36;1;1
CORD_ORD_1278;PROD_37;1;1
CORD_ORD_1278;PROD_41;1;1
CORD_ORD_1278;PROD_43;1;1
CORD_ORD_1278;PROD_44;1;1
CORD_ORD_1278;PROD_46;1;1
CORD_ORD_1278;PROD_8;1;1
CORD_ORD_1279;PROD_1;1;1
CORD_ORD_1279;PROD_12;1;1
CORD_ORD_1279;PROD_18;1;1
CORD_ORD_1279;PROD_2;1;1
CORD_ORD_1279;PROD_21;1;1
CORD_ORD_1279;PROD_24;1;1
CORD_ORD_1279;PROD_26;1;1
CORD_ORD_1279;PROD_3;1;1
CORD_ORD_1279;PROD_36;1;1
CORD_ORD_1279;PROD_37;1;1
CORD_ORD_1279;PROD_44;1;1
CORD_ORD_1279;PROD_46;1;1
CORD_ORD_1280;PROD_1;1;1
CORD_ORD_1280;PROD_11;1;1
CORD_ORD_1280;PROD_12;1;1
CORD_ORD_1280;PROD_14;1;1
CORD_ORD_1280;PROD_18;1;1
CORD_ORD_1280;PROD_2;1;1
CORD_ORD_1280;PROD_20;1;1
CORD_ORD_1280;PROD_23;1;1
CORD_ORD_1280;PROD_26;1;1
CORD_ORD_1280;PROD_29;1;1
CORD_ORD_1280;PROD_3;1;1
CORD_ORD_1280;PROD_31;1;1
CORD_ORD_1280;PROD_36;1;1
CORD_ORD_1280;PROD_37;1;1
CORD_ORD_1280;PROD_38;1;1
CORD_ORD_1280;PROD_39;1;1
CORD_ORD_1280;PROD_4;1;1
CORD_ORD_1280;PROD_42;1;1
CORD_ORD_1280;PROD_44;1;1
CORD_ORD_1280;PROD_46;1;1
CORD_ORD_1280;PROD_48;1;1
CORD_ORD_1280;PROD_9;1;1
CORD_ORD_1281;PROD_10;1;1
CORD_ORD_1281;PROD_11;1;1
CORD_ORD_1281;PROD_12;1;1
CORD_ORD_1281;PROD_13;1;1
CORD_ORD_1281;PROD_15;1;1
CORD_ORD_1281;PROD_20;1;1
CORD_ORD_1281;PROD_22;1;1
CORD_ORD_1281;PROD_26;1;1
CORD_ORD_1281;PROD_28;1;1
CORD_ORD_1281;PROD_29;1;1
CORD_ORD_1281;PROD_31;1;1
CORD_ORD_1281;PROD_32;1;1
CORD_ORD_1281;PROD_33;1;1
CORD_ORD_1281;PROD_34;1;1
CORD_ORD_1281;PROD_35;1;1
CORD_ORD_1281;PROD_36;1;1
CORD_ORD_1281;PROD_39;1;1
CORD_ORD_1281;PROD_43;1;1
CORD_ORD_1281;PROD_46;1;1
CORD_ORD_1281;PROD_48;1;1
CORD_ORD_1281;PROD_5;1;1
CORD_ORD_1281;PROD_50;1;1
CORD_ORD_1281;PROD_6;1;1
CORD_ORD_1281;PROD_7;1;1
CORD_ORD_1282;PROD_1;1;1
CORD_ORD_1282;PROD_10;1;1
CORD_ORD_1282;PROD_14;1;1
CORD_ORD_1282;PROD_16;1;1
CORD_ORD_1282;PROD_22;1;1
CORD_ORD_1282;PROD_25;1;1
CORD_ORD_1282;PROD_28;1;1
CORD_ORD_1282;PROD_3;1;1
CORD_ORD_1282;PROD_35;1;1
CORD_ORD_1282;PROD_36;1;1
CORD_ORD_1282;PROD_43;1;1
CORD_ORD_1282;PROD_46;1;1
CORD_ORD_1282;PROD_7;1;1
CORD_ORD_1282;PROD_9;1;1
CORD_ORD_1283;PROD_12;1;1
CORD_ORD_1283;PROD_15;1;1
CORD_ORD_1283;PROD_21;1;1
CORD_ORD_1283;PROD_22;1;1
CORD_ORD_1283;PROD_24;1;1
CORD_ORD_1283;PROD_26;1;1
CORD_ORD_1283;PROD_28;1;1
CORD_ORD_1283;PROD_29;1;1
CORD_ORD_1283;PROD_31;1;1
CORD_ORD_1283;PROD_32;1;1
CORD_ORD_1283;PROD_34;1;1
CORD_ORD_1283;PROD_35;1;1
CORD_ORD_1283;PROD_37;1;1
CORD_ORD_1283;PROD_44;1;1
CORD_ORD_1283;PROD_5;1;1
CORD_ORD_1283;PROD_50;1;1
CORD_ORD_1283;PROD_6;1;1
CORD_ORD_1283;PROD_7;1;1
CORD_ORD_1284;PROD_1;1;1
CORD_ORD_1284;PROD_17;1;1
CORD_ORD_1284;PROD_18;1;1
CORD_ORD_1284;PROD_2;1;1
CORD_ORD_1284;PROD_3;1;1
CORD_ORD_1284;PROD_36;1;1
CORD_ORD_1284;PROD_37;1;1
CORD_ORD_1284;PROD_41;1;1
CORD_ORD_1284;PROD_44;1;1
CORD_ORD_1284;PROD_46;1;1
CORD_ORD_1285;PROD_10;1;1
CORD_ORD_1285;PROD_11;1;1
CORD_ORD_1285;PROD_15;1;1
CORD_ORD_1285;PROD_22;1;1
CORD_ORD_1285;PROD_27;1;1
CORD_ORD_1285;PROD_28;1;1
CORD_ORD_1285;PROD_32;1;1
CORD_ORD_1285;PROD_37;1;1
CORD_ORD_1285;PROD_43;1;1
CORD_ORD_1285;PROD_44;1;1
CORD_ORD_1285;PROD_48;1;1
CORD_ORD_1285;PROD_49;1;1
CORD_ORD_1286;PROD_1;1;1
CORD_ORD_1286;PROD_10;1;1
CORD_ORD_1286;PROD_11;1;1
CORD_ORD_1286;PROD_18;1;1
CORD_ORD_1286;PROD_2;1;1
CORD_ORD_1286;PROD_22;1;1
CORD_ORD_1286;PROD_28;1;1
CORD_ORD_1286;PROD_3;1;1
CORD_ORD_1286;PROD_36;1;1
CORD_ORD_1286;PROD_37;1;1
CORD_ORD_1286;PROD_43;1;1
CORD_ORD_1286;PROD_44;1;1
CORD_ORD_1286;PROD_46;1;1
CORD_ORD_1286;PROD_48;1;1
CORD_ORD_1287;PROD_1;1;1
CORD_ORD_1287;PROD_10;1;1
CORD_ORD_1287;PROD_11;1;1
CORD_ORD_1287;PROD_15;1;1
CORD_ORD_1287;PROD_22;1;1
CORD_ORD_1287;PROD_28;1;1
CORD_ORD_1287;PROD_29;1;1
CORD_ORD_1287;PROD_3;1;1
CORD_ORD_1287;PROD_31;1;1
CORD_ORD_1287;PROD_32;1;1
CORD_ORD_1287;PROD_36;1;1
CORD_ORD_1287;PROD_37;1;1
CORD_ORD_1287;PROD_43;1;1
CORD_ORD_1287;PROD_44;1;1
CORD_ORD_1287;PROD_46;1;1
CORD_ORD_1287;PROD_48;1;1
CORD_ORD_1287;PROD_50;1;1
CORD_ORD_1287;PROD_6;1;1
CORD_ORD_1288;PROD_10;1;1
CORD_ORD_1288;PROD_14;1;1
CORD_ORD_1288;PROD_16;1;1
CORD_ORD_1288;PROD_25;1;1
CORD_ORD_1288;PROD_29;1;1
CORD_ORD_1288;PROD_30;1;1
CORD_ORD_1288;PROD_31;1;1
CORD_ORD_1288;PROD_34;1;1
CORD_ORD_1288;PROD_35;1;1
CORD_ORD_1288;PROD_36;1;1
CORD_ORD_1288;PROD_37;1;1
CORD_ORD_1288;PROD_40;1;1
CORD_ORD_1288;PROD_43;1;1
CORD_ORD_1288;PROD_44;1;1
CORD_ORD_1288;PROD_46;1;1
CORD_ORD_1288;PROD_47;1;1
CORD_ORD_1288;PROD_5;1;1
CORD_ORD_1288;PROD_50;1;1
CORD_ORD_1288;PROD_6;1;1
CORD_ORD_1288;PROD_7;1;1
CORD_ORD_1288;PROD_8;1;1
CORD_ORD_1288;PROD_9;1;1
CORD_ORD_1289;PROD_1;1;1
CORD_ORD_1289;PROD_18;1;1
CORD_ORD_1289;PROD_2;1;1
CORD_ORD_1289;PROD_22;1;1
CORD_ORD_1289;PROD_28;1;1
CORD_ORD_1289;PROD_3;1;1
CORD_ORD_1289;PROD_30;1;1
CORD_ORD_1289;PROD_36;1;1
CORD_ORD_1289;PROD_37;1;1
CORD_ORD_1289;PROD_44;1;1
CORD_ORD_1289;PROD_46;1;1
CORD_ORD_1289;PROD_8;1;1
CORD_ORD_1290;PROD_10;1;1
CORD_ORD_1290;PROD_12;1;1
CORD_ORD_1290;PROD_14;1;1
CORD_ORD_1290;PROD_15;1;1
CORD_ORD_1290;PROD_16;1;1
CORD_ORD_1290;PROD_17;1;1
CORD_ORD_1290;PROD_25;1;1
CORD_ORD_1290;PROD_26;1;1
CORD_ORD_1290;PROD_32;1;1
CORD_ORD_1290;PROD_34;1;1
CORD_ORD_1290;PROD_36;1;1
CORD_ORD_1290;PROD_38;1;1
CORD_ORD_1290;PROD_4;1;1
CORD_ORD_1290;PROD_41;1;1
CORD_ORD_1290;PROD_43;1;1
CORD_ORD_1290;PROD_46;1;1
CORD_ORD_1290;PROD_5;1;1
CORD_ORD_1290;PROD_50;1;1
CORD_ORD_1290;PROD_6;1;1
CORD_ORD_1290;PROD_9;1;1
CORD_ORD_1291;PROD_10;1;1
CORD_ORD_1291;PROD_11;1;1
CORD_ORD_1291;PROD_15;1;1
CORD_ORD_1291;PROD_16;1;1
CORD_ORD_1291;PROD_22;1;1
CORD_ORD_1291;PROD_23;1;1
CORD_ORD_1291;PROD_25;1;1
CORD_ORD_1291;PROD_28;1;1
CORD_ORD_1291;PROD_29;1;1
CORD_ORD_1291;PROD_31;1;1
CORD_ORD_1291;PROD_32;1;1
CORD_ORD_1291;PROD_36;1;1
CORD_ORD_1291;PROD_42;1;1
CORD_ORD_1291;PROD_43;1;1
CORD_ORD_1291;PROD_46;1;1
CORD_ORD_1291;PROD_48;1;1
CORD_ORD_1291;PROD_50;1;1
CORD_ORD_1291;PROD_6;1;1
CORD_ORD_1292;PROD_1;1;1
CORD_ORD_1292;PROD_16;1;1
CORD_ORD_1292;PROD_22;1;1
CORD_ORD_1292;PROD_25;1;1
CORD_ORD_1292;PROD_28;1;1
CORD_ORD_1292;PROD_3;1;1
CORD_ORD_1293;PROD_10;1;1
CORD_ORD_1293;PROD_11;1;1
CORD_ORD_1293;PROD_13;1;1
CORD_ORD_1293;PROD_15;1;1
CORD_ORD_1293;PROD_17;1;1
CORD_ORD_1293;PROD_32;1;1
CORD_ORD_1293;PROD_33;1;1
CORD_ORD_1293;PROD_34;1;1
CORD_ORD_1293;PROD_41;1;1
CORD_ORD_1293;PROD_43;1;1
CORD_ORD_1293;PROD_48;1;1
CORD_ORD_1293;PROD_5;1;1
CORD_ORD_1294;PROD_10;1;1
CORD_ORD_1294;PROD_15;1;1
CORD_ORD_1294;PROD_19;1;1
CORD_ORD_1294;PROD_20;1;1
CORD_ORD_1294;PROD_23;1;1
CORD_ORD_1294;PROD_29;1;1
CORD_ORD_1294;PROD_30;1;1
CORD_ORD_1294;PROD_31;1;1
CORD_ORD_1294;PROD_32;1;1
CORD_ORD_1294;PROD_34;1;1
CORD_ORD_1294;PROD_36;1;1
CORD_ORD_1294;PROD_38;1;1
CORD_ORD_1294;PROD_39;1;1
CORD_ORD_1294;PROD_4;1;1
CORD_ORD_1294;PROD_42;1;1
CORD_ORD_1294;PROD_43;1;1
CORD_ORD_1294;PROD_45;1;1
CORD_ORD_1294;PROD_46;1;1
CORD_ORD_1294;PROD_5;1;1
CORD_ORD_1294;PROD_8;1;1
CORD_ORD_1295;PROD_11;1;1
CORD_ORD_1295;PROD_13;1;1
CORD_ORD_1295;PROD_14;1;1
CORD_ORD_1295;PROD_18;1;1
CORD_ORD_1295;PROD_2;1;1
CORD_ORD_1295;PROD_22;1;1
CORD_ORD_1295;PROD_28;1;1
CORD_ORD_1295;PROD_33;1;1
CORD_ORD_1295;PROD_35;1;1
CORD_ORD_1295;PROD_36;1;1
CORD_ORD_1295;PROD_46;1;1
CORD_ORD_1295;PROD_48;1;1
CORD_ORD_1295;PROD_7;1;1
CORD_ORD_1295;PROD_9;1;1
CORD_ORD_1296;PROD_1;1;1
CORD_ORD_1296;PROD_10;1;1
CORD_ORD_1296;PROD_13;1;1
CORD_ORD_1296;PROD_19;1;1
CORD_ORD_1296;PROD_3;1;1
CORD_ORD_1296;PROD_30;1;1
CORD_ORD_1296;PROD_33;1;1
CORD_ORD_1296;PROD_36;1;1
CORD_ORD_1296;PROD_37;1;1
CORD_ORD_1296;PROD_43;1;1
CORD_ORD_1296;PROD_44;1;1
CORD_ORD_1296;PROD_45;1;1
CORD_ORD_1296;PROD_46;1;1
CORD_ORD_1296;PROD_8;1;1
CORD_ORD_1297;PROD_10;1;1
CORD_ORD_1297;PROD_11;1;1
CORD_ORD_1297;PROD_12;1;1
CORD_ORD_1297;PROD_14;1;1
CORD_ORD_1297;PROD_16;1;1
CORD_ORD_1297;PROD_17;1;1
CORD_ORD_1297;PROD_18;1;1
CORD_ORD_1297;PROD_2;1;1
CORD_ORD_1297;PROD_21;1;1
CORD_ORD_1297;PROD_24;1;1
CORD_ORD_1297;PROD_25;1;1
CORD_ORD_1297;PROD_26;1;1
CORD_ORD_1297;PROD_30;1;1
CORD_ORD_1297;PROD_41;1;1
CORD_ORD_1297;PROD_43;1;1
CORD_ORD_1297;PROD_48;1;1
CORD_ORD_1297;PROD_8;1;1
CORD_ORD_1297;PROD_9;1;1
CORD_ORD_1298;PROD_1;1;1
CORD_ORD_1298;PROD_18;1;1
CORD_ORD_1298;PROD_2;1;1
CORD_ORD_1298;PROD_3;1;1
CORD_ORD_1298;PROD_36;1;1
CORD_ORD_1298;PROD_37;1;1
CORD_ORD_1298;PROD_40;1;1
CORD_ORD_1298;PROD_44;1;1
CORD_ORD_1298;PROD_46;1;1
CORD_ORD_1298;PROD_47;1;1
CORD_ORD_1299;PROD_10;1;1
CORD_ORD_1299;PROD_11;1;1
CORD_ORD_1299;PROD_15;1;1
CORD_ORD_1299;PROD_16;1;1
CORD_ORD_1299;PROD_21;1;1
CORD_ORD_1299;PROD_24;1;1
CORD_ORD_1299;PROD_25;1;1
CORD_ORD_1299;PROD_32;1;1
CORD_ORD_1299;PROD_34;1;1
CORD_ORD_1299;PROD_38;1;1
CORD_ORD_1299;PROD_4;1;1
CORD_ORD_1299;PROD_43;1;1
CORD_ORD_1299;PROD_48;1;1
CORD_ORD_1299;PROD_5;1;1
CORD_ORD_1299;PROD_50;1;1
CORD_ORD_1299;PROD_6;1;1
CORD_ORD_1300;PROD_1;1;1
CORD_ORD_1300;PROD_10;1;1
CORD_ORD_1300;PROD_11;1;1
CORD_ORD_1300;PROD_12;1;1
CORD_ORD_1300;PROD_15;1;1
CORD_ORD_1300;PROD_18;1;1
CORD_ORD_1300;PROD_2;1;1
CORD_ORD_1300;PROD_26;1;1
CORD_ORD_1300;PROD_27;1;1
CORD_ORD_1300;PROD_3;1;1
CORD_ORD_1300;PROD_32;1;1
CORD_ORD_1300;PROD_36;1;1
CORD_ORD_1300;PROD_37;1;1
CORD_ORD_1300;PROD_43;1;1
CORD_ORD_1300;PROD_44;1;1
CORD_ORD_1300;PROD_46;1;1
CORD_ORD_1300;PROD_48;1;1
CORD_ORD_1300;PROD_49;1;1
CORD_ORD_1301;PROD_11;1;1
CORD_ORD_1301;PROD_12;1;1
CORD_ORD_1301;PROD_17;1;1
CORD_ORD_1301;PROD_18;1;1
CORD_ORD_1301;PROD_2;1;1
CORD_ORD_1301;PROD_23;1;1
CORD_ORD_1301;PROD_26;1;1
CORD_ORD_1301;PROD_29;1;1
CORD_ORD_1301;PROD_31;1;1
CORD_ORD_1301;PROD_34;1;1
CORD_ORD_1301;PROD_36;1;1
CORD_ORD_1301;PROD_40;1;1
CORD_ORD_1301;PROD_41;1;1
CORD_ORD_1301;PROD_42;1;1
CORD_ORD_1301;PROD_46;1;1
CORD_ORD_1301;PROD_47;1;1
CORD_ORD_1301;PROD_48;1;1
CORD_ORD_1301;PROD_5;1;1
CORD_ORD_1302;PROD_15;1;1
CORD_ORD_1302;PROD_16;1;1
CORD_ORD_1302;PROD_17;1;1
CORD_ORD_1302;PROD_19;1;1
CORD_ORD_1302;PROD_21;1;1
CORD_ORD_1302;PROD_24;1;1
CORD_ORD_1302;PROD_25;1;1
CORD_ORD_1302;PROD_30;1;1
CORD_ORD_1302;PROD_32;1;1
CORD_ORD_1302;PROD_40;1;1
CORD_ORD_1302;PROD_41;1;1
CORD_ORD_1302;PROD_45;1;1
CORD_ORD_1302;PROD_47;1;1
CORD_ORD_1302;PROD_8;1;1
CORD_ORD_1303;PROD_10;1;1
CORD_ORD_1303;PROD_11;1;1
CORD_ORD_1303;PROD_12;1;1
CORD_ORD_1303;PROD_15;1;1
CORD_ORD_1303;PROD_22;1;1
CORD_ORD_1303;PROD_26;1;1
CORD_ORD_1303;PROD_28;1;1
CORD_ORD_1303;PROD_29;1;1
CORD_ORD_1303;PROD_31;1;1
CORD_ORD_1303;PROD_32;1;1
CORD_ORD_1303;PROD_37;1;1
CORD_ORD_1303;PROD_38;1;1
CORD_ORD_1303;PROD_4;1;1
CORD_ORD_1303;PROD_43;1;1
CORD_ORD_1303;PROD_44;1;1
CORD_ORD_1303;PROD_48;1;1
CORD_ORD_1303;PROD_50;1;1
CORD_ORD_1303;PROD_6;1;1
CORD_ORD_1304;PROD_1;1;1
CORD_ORD_1304;PROD_10;1;1
CORD_ORD_1304;PROD_11;1;1
CORD_ORD_1304;PROD_15;1;1
CORD_ORD_1304;PROD_22;1;1
CORD_ORD_1304;PROD_27;1;1
CORD_ORD_1304;PROD_28;1;1
CORD_ORD_1304;PROD_29;1;1
CORD_ORD_1304;PROD_3;1;1
CORD_ORD_1304;PROD_30;1;1
CORD_ORD_1304;PROD_31;1;1
CORD_ORD_1304;PROD_32;1;1
CORD_ORD_1304;PROD_36;1;1
CORD_ORD_1304;PROD_37;1;1
CORD_ORD_1304;PROD_43;1;1
CORD_ORD_1304;PROD_44;1;1
CORD_ORD_1304;PROD_46;1;1
CORD_ORD_1304;PROD_48;1;1
CORD_ORD_1304;PROD_49;1;1
CORD_ORD_1304;PROD_8;1;1
CORD_ORD_1305;PROD_10;1;1
CORD_ORD_1305;PROD_15;1;1
CORD_ORD_1305;PROD_20;1;1
CORD_ORD_1305;PROD_30;1;1
CORD_ORD_1305;PROD_32;1;1
CORD_ORD_1305;PROD_34;1;1
CORD_ORD_1305;PROD_38;1;1
CORD_ORD_1305;PROD_39;1;1
CORD_ORD_1305;PROD_4;1;1
CORD_ORD_1305;PROD_43;1;1
CORD_ORD_1305;PROD_5;1;1
CORD_ORD_1305;PROD_8;1;1
CORD_ORD_1306;PROD_10;1;1
CORD_ORD_1306;PROD_15;1;1
CORD_ORD_1306;PROD_20;1;1
CORD_ORD_1306;PROD_22;1;1
CORD_ORD_1306;PROD_28;1;1
CORD_ORD_1306;PROD_29;1;1
CORD_ORD_1306;PROD_30;1;1
CORD_ORD_1306;PROD_31;1;1
CORD_ORD_1306;PROD_32;1;1
CORD_ORD_1306;PROD_34;1;1
CORD_ORD_1306;PROD_38;1;1
CORD_ORD_1306;PROD_39;1;1
CORD_ORD_1306;PROD_4;1;1
CORD_ORD_1306;PROD_43;1;1
CORD_ORD_1306;PROD_5;1;1
CORD_ORD_1306;PROD_50;1;1
CORD_ORD_1306;PROD_6;1;1
CORD_ORD_1306;PROD_8;1;1
CORD_ORD_1307;PROD_13;1;1
CORD_ORD_1307;PROD_17;1;1
CORD_ORD_1307;PROD_30;1;1
CORD_ORD_1307;PROD_33;1;1
CORD_ORD_1307;PROD_34;1;1
CORD_ORD_1307;PROD_37;1;1
CORD_ORD_1307;PROD_38;1;1
CORD_ORD_1307;PROD_4;1;1
CORD_ORD_1307;PROD_41;1;1
CORD_ORD_1307;PROD_44;1;1
CORD_ORD_1307;PROD_5;1;1
CORD_ORD_1307;PROD_8;1;1
CORD_ORD_1308;PROD_11;1;1
CORD_ORD_1308;PROD_18;1;1
CORD_ORD_1308;PROD_19;1;1
CORD_ORD_1308;PROD_2;1;1
CORD_ORD_1308;PROD_20;1;1
CORD_ORD_1308;PROD_23;1;1
CORD_ORD_1308;PROD_34;1;1
CORD_ORD_1308;PROD_39;1;1
CORD_ORD_1308;PROD_40;1;1
CORD_ORD_1308;PROD_42;1;1
CORD_ORD_1308;PROD_45;1;1
CORD_ORD_1308;PROD_47;1;1
CORD_ORD_1308;PROD_48;1;1
CORD_ORD_1308;PROD_5;1;1
CORD_ORD_1309;PROD_1;1;1
CORD_ORD_1309;PROD_10;1;1
CORD_ORD_1309;PROD_11;1;1
CORD_ORD_1309;PROD_16;1;1
CORD_ORD_1309;PROD_17;1;1
CORD_ORD_1309;PROD_20;1;1
CORD_ORD_1309;PROD_22;1;1
CORD_ORD_1309;PROD_25;1;1
CORD_ORD_1309;PROD_28;1;1
CORD_ORD_1309;PROD_3;1;1
CORD_ORD_1309;PROD_37;1;1
CORD_ORD_1309;PROD_39;1;1
CORD_ORD_1309;PROD_41;1;1
CORD_ORD_1309;PROD_43;1;1
CORD_ORD_1309;PROD_44;1;1
CORD_ORD_1309;PROD_48;1;1
CORD_ORD_1310;PROD_1;1;1
CORD_ORD_1310;PROD_10;1;1
CORD_ORD_1310;PROD_14;1;1
CORD_ORD_1310;PROD_15;1;1
CORD_ORD_1310;PROD_20;1;1
CORD_ORD_1310;PROD_29;1;1
CORD_ORD_1310;PROD_3;1;1
CORD_ORD_1310;PROD_30;1;1
CORD_ORD_1310;PROD_31;1;1
CORD_ORD_1310;PROD_32;1;1
CORD_ORD_1310;PROD_35;1;1
CORD_ORD_1310;PROD_36;1;1
CORD_ORD_1310;PROD_38;1;1
CORD_ORD_1310;PROD_39;1;1
CORD_ORD_1310;PROD_4;1;1
CORD_ORD_1310;PROD_40;1;1
CORD_ORD_1310;PROD_43;1;1
CORD_ORD_1310;PROD_46;1;1
CORD_ORD_1310;PROD_47;1;1
CORD_ORD_1310;PROD_7;1;1
CORD_ORD_1310;PROD_8;1;1
CORD_ORD_1310;PROD_9;1;1
CORD_ORD_1311;PROD_10;1;1
CORD_ORD_1311;PROD_11;1;1
CORD_ORD_1311;PROD_14;1;1
CORD_ORD_1311;PROD_15;1;1
CORD_ORD_1311;PROD_27;1;1
CORD_ORD_1311;PROD_29;1;1
CORD_ORD_1311;PROD_30;1;1
CORD_ORD_1311;PROD_31;1;1
CORD_ORD_1311;PROD_32;1;1
CORD_ORD_1311;PROD_36;1;1
CORD_ORD_1311;PROD_43;1;1
CORD_ORD_1311;PROD_46;1;1
CORD_ORD_1311;PROD_48;1;1
CORD_ORD_1311;PROD_49;1;1
CORD_ORD_1311;PROD_8;1;1
CORD_ORD_1311;PROD_9;1;1
CORD_ORD_1312;PROD_1;1;1
CORD_ORD_1312;PROD_10;1;1
CORD_ORD_1312;PROD_11;1;1
CORD_ORD_1312;PROD_15;1;1
CORD_ORD_1312;PROD_27;1;1
CORD_ORD_1312;PROD_29;1;1
CORD_ORD_1312;PROD_3;1;1
CORD_ORD_1312;PROD_30;1;1
CORD_ORD_1312;PROD_31;1;1
CORD_ORD_1312;PROD_32;1;1
CORD_ORD_1312;PROD_36;1;1
CORD_ORD_1312;PROD_43;1;1
CORD_ORD_1312;PROD_46;1;1
CORD_ORD_1312;PROD_48;1;1
CORD_ORD_1312;PROD_49;1;1
CORD_ORD_1312;PROD_8;1;1
CORD_ORD_1313;PROD_1;1;1
CORD_ORD_1313;PROD_10;1;1
CORD_ORD_1313;PROD_19;1;1
CORD_ORD_1313;PROD_3;1;1
CORD_ORD_1313;PROD_30;1;1
CORD_ORD_1313;PROD_36;1;1
CORD_ORD_1313;PROD_43;1;1
CORD_ORD_1313;PROD_45;1;1
CORD_ORD_1313;PROD_46;1;1
CORD_ORD_1313;PROD_8;1;1
CORD_ORD_1314;PROD_1;1;1
CORD_ORD_1314;PROD_10;1;1
CORD_ORD_1314;PROD_11;1;1
CORD_ORD_1314;PROD_13;1;1
CORD_ORD_1314;PROD_20;1;1
CORD_ORD_1314;PROD_22;1;1
CORD_ORD_1314;PROD_28;1;1
CORD_ORD_1314;PROD_3;1;1
CORD_ORD_1314;PROD_30;1;1
CORD_ORD_1314;PROD_33;1;1
CORD_ORD_1314;PROD_36;1;1
CORD_ORD_1314;PROD_37;1;1
CORD_ORD_1314;PROD_39;1;1
CORD_ORD_1314;PROD_43;1;1
CORD_ORD_1314;PROD_44;1;1
CORD_ORD_1314;PROD_46;1;1
CORD_ORD_1314;PROD_48;1;1
CORD_ORD_1314;PROD_8;1;1
CORD_ORD_1315;PROD_1;1;1
CORD_ORD_1315;PROD_11;1;1
CORD_ORD_1315;PROD_13;1;1
CORD_ORD_1315;PROD_14;1;1
CORD_ORD_1315;PROD_15;1;1
CORD_ORD_1315;PROD_19;1;1
CORD_ORD_1315;PROD_20;1;1
CORD_ORD_1315;PROD_23;1;1
CORD_ORD_1315;PROD_27;1;1
CORD_ORD_1315;PROD_29;1;1
CORD_ORD_1315;PROD_3;1;1
CORD_ORD_1315;PROD_31;1;1
CORD_ORD_1315;PROD_32;1;1
CORD_ORD_1315;PROD_33;1;1
CORD_ORD_1315;PROD_39;1;1
CORD_ORD_1315;PROD_42;1;1
CORD_ORD_1315;PROD_45;1;1
CORD_ORD_1315;PROD_48;1;1
CORD_ORD_1315;PROD_49;1;1
CORD_ORD_1315;PROD_9;1;1
CORD_ORD_1316;PROD_11;1;1
CORD_ORD_1316;PROD_12;1;1
CORD_ORD_1316;PROD_13;1;1
CORD_ORD_1316;PROD_19;1;1
CORD_ORD_1316;PROD_26;1;1
CORD_ORD_1316;PROD_33;1;1
CORD_ORD_1316;PROD_37;1;1
CORD_ORD_1316;PROD_38;1;1
CORD_ORD_1316;PROD_4;1;1
CORD_ORD_1316;PROD_44;1;1
CORD_ORD_1316;PROD_45;1;1
CORD_ORD_1316;PROD_48;1;1
CORD_ORD_1317;PROD_10;1;1
CORD_ORD_1317;PROD_11;1;1
CORD_ORD_1317;PROD_15;1;1
CORD_ORD_1317;PROD_18;1;1
CORD_ORD_1317;PROD_2;1;1
CORD_ORD_1317;PROD_22;1;1
CORD_ORD_1317;PROD_28;1;1
CORD_ORD_1317;PROD_32;1;1
CORD_ORD_1317;PROD_34;1;1
CORD_ORD_1317;PROD_37;1;1
CORD_ORD_1317;PROD_38;1;1
CORD_ORD_1317;PROD_4;1;1
CORD_ORD_1317;PROD_43;1;1
CORD_ORD_1317;PROD_44;1;1
CORD_ORD_1317;PROD_48;1;1
CORD_ORD_1317;PROD_5;1;1
CORD_ORD_1318;PROD_1;1;1
CORD_ORD_1318;PROD_10;1;1
CORD_ORD_1318;PROD_11;1;1
CORD_ORD_1318;PROD_12;1;1
CORD_ORD_1318;PROD_16;1;1
CORD_ORD_1318;PROD_18;1;1
CORD_ORD_1318;PROD_2;1;1
CORD_ORD_1318;PROD_21;1;1
CORD_ORD_1318;PROD_22;1;1
CORD_ORD_1318;PROD_24;1;1
CORD_ORD_1318;PROD_25;1;1
CORD_ORD_1318;PROD_26;1;1
CORD_ORD_1318;PROD_27;1;1
CORD_ORD_1318;PROD_28;1;1
CORD_ORD_1318;PROD_3;1;1
CORD_ORD_1318;PROD_35;1;1
CORD_ORD_1318;PROD_37;1;1
CORD_ORD_1318;PROD_43;1;1
CORD_ORD_1318;PROD_44;1;1
CORD_ORD_1318;PROD_48;1;1
CORD_ORD_1318;PROD_49;1;1
CORD_ORD_1318;PROD_7;1;1
CORD_ORD_1319;PROD_1;1;1
CORD_ORD_1319;PROD_10;1;1
CORD_ORD_1319;PROD_11;1;1
CORD_ORD_1319;PROD_12;1;1
CORD_ORD_1319;PROD_15;1;1
CORD_ORD_1319;PROD_21;1;1
CORD_ORD_1319;PROD_22;1;1
CORD_ORD_1319;PROD_23;1;1
CORD_ORD_1319;PROD_24;1;1
CORD_ORD_1319;PROD_26;1;1
CORD_ORD_1319;PROD_28;1;1
CORD_ORD_1319;PROD_29;1;1
CORD_ORD_1319;PROD_3;1;1
CORD_ORD_1319;PROD_31;1;1
CORD_ORD_1319;PROD_32;1;1
CORD_ORD_1319;PROD_37;1;1
CORD_ORD_1319;PROD_42;1;1
CORD_ORD_1319;PROD_43;1;1
CORD_ORD_1319;PROD_44;1;1
CORD_ORD_1319;PROD_48;1;1
CORD_ORD_1320;PROD_10;1;1
CORD_ORD_1320;PROD_15;1;1
CORD_ORD_1320;PROD_22;1;1
CORD_ORD_1320;PROD_28;1;1
CORD_ORD_1320;PROD_29;1;1
CORD_ORD_1320;PROD_30;1;1
CORD_ORD_1320;PROD_31;1;1
CORD_ORD_1320;PROD_32;1;1
CORD_ORD_1320;PROD_43;1;1
CORD_ORD_1320;PROD_8;1;1
CORD_ORD_1321;PROD_1;1;1
CORD_ORD_1321;PROD_18;1;1
CORD_ORD_1321;PROD_2;1;1
CORD_ORD_1321;PROD_3;1;1
CORD_ORD_1321;PROD_36;1;1
CORD_ORD_1321;PROD_37;1;1
CORD_ORD_1321;PROD_38;1;1
CORD_ORD_1321;PROD_4;1;1
CORD_ORD_1321;PROD_44;1;1
CORD_ORD_1321;PROD_46;1;1
CORD_ORD_1322;PROD_1;1;1
CORD_ORD_1322;PROD_15;1;1
CORD_ORD_1322;PROD_18;1;1
CORD_ORD_1322;PROD_2;1;1
CORD_ORD_1322;PROD_22;1;1
CORD_ORD_1322;PROD_28;1;1
CORD_ORD_1322;PROD_29;1;1
CORD_ORD_1322;PROD_3;1;1
CORD_ORD_1322;PROD_31;1;1
CORD_ORD_1322;PROD_32;1;1
CORD_ORD_1322;PROD_36;1;1
CORD_ORD_1322;PROD_37;1;1
CORD_ORD_1322;PROD_44;1;1
CORD_ORD_1322;PROD_46;1;1
CORD_ORD_1322;PROD_50;1;1
CORD_ORD_1322;PROD_6;1;1
CORD_ORD_1323;PROD_12;1;1
CORD_ORD_1323;PROD_14;1;1
CORD_ORD_1323;PROD_15;1;1
CORD_ORD_1323;PROD_16;1;1
CORD_ORD_1323;PROD_17;1;1
CORD_ORD_1323;PROD_22;1;1
CORD_ORD_1323;PROD_25;1;1
CORD_ORD_1323;PROD_26;1;1
CORD_ORD_1323;PROD_28;1;1
CORD_ORD_1323;PROD_29;1;1
CORD_ORD_1323;PROD_30;1;1
CORD_ORD_1323;PROD_31;1;1
CORD_ORD_1323;PROD_32;1;1
CORD_ORD_1323;PROD_40;1;1
CORD_ORD_1323;PROD_41;1;1
CORD_ORD_1323;PROD_47;1;1
CORD_ORD_1323;PROD_50;1;1
CORD_ORD_1323;PROD_6;1;1
CORD_ORD_1323;PROD_8;1;1
CORD_ORD_1323;PROD_9;1;1
CORD_ORD_1324;PROD_10;1;1
CORD_ORD_1324;PROD_11;1;1
CORD_ORD_1324;PROD_14;1;1
CORD_ORD_1324;PROD_15;1;1
CORD_ORD_1324;PROD_18;1;1
CORD_ORD_1324;PROD_2;1;1
CORD_ORD_1324;PROD_22;1;1
CORD_ORD_1324;PROD_28;1;1
CORD_ORD_1324;PROD_29;1;1
CORD_ORD_1324;PROD_31;1;1
CORD_ORD_1324;PROD_32;1;1
CORD_ORD_1324;PROD_36;1;1
CORD_ORD_1324;PROD_43;1;1
CORD_ORD_1324;PROD_46;1;1
CORD_ORD_1324;PROD_48;1;1
CORD_ORD_1324;PROD_50;1;1
CORD_ORD_1324;PROD_6;1;1
CORD_ORD_1324;PROD_9;1;1
CORD_ORD_1325;PROD_1;1;1
CORD_ORD_1325;PROD_10;1;1
CORD_ORD_1325;PROD_18;1;1
CORD_ORD_1325;PROD_2;1;1
CORD_ORD_1325;PROD_22;1;1
CORD_ORD_1325;PROD_28;1;1
CORD_ORD_1325;PROD_3;1;1
CORD_ORD_1325;PROD_36;1;1
CORD_ORD_1325;PROD_37;1;1
CORD_ORD_1325;PROD_43;1;1
CORD_ORD_1325;PROD_44;1;1
CORD_ORD_1325;PROD_46;1;1
CORD_ORD_1326;PROD_10;1;1
CORD_ORD_1326;PROD_15;1;1
CORD_ORD_1326;PROD_20;1;1
CORD_ORD_1326;PROD_30;1;1
CORD_ORD_1326;PROD_32;1;1
CORD_ORD_1326;PROD_34;1;1
CORD_ORD_1326;PROD_36;1;1
CORD_ORD_1326;PROD_38;1;1
CORD_ORD_1326;PROD_39;1;1
CORD_ORD_1326;PROD_4;1;1
CORD_ORD_1326;PROD_43;1;1
CORD_ORD_1326;PROD_46;1;1
CORD_ORD_1326;PROD_5;1;1
CORD_ORD_1326;PROD_8;1;1
CORD_ORD_1327;PROD_10;1;1
CORD_ORD_1327;PROD_11;1;1
CORD_ORD_1327;PROD_22;1;1
CORD_ORD_1327;PROD_28;1;1
CORD_ORD_1327;PROD_29;1;1
CORD_ORD_1327;PROD_30;1;1
CORD_ORD_1327;PROD_31;1;1
CORD_ORD_1327;PROD_37;1;1
CORD_ORD_1327;PROD_43;1;1
CORD_ORD_1327;PROD_44;1;1
CORD_ORD_1327;PROD_48;1;1
CORD_ORD_1327;PROD_8;1;1
CORD_ORD_1328;PROD_1;1;1
CORD_ORD_1328;PROD_12;1;1
CORD_ORD_1328;PROD_13;1;1
CORD_ORD_1328;PROD_18;1;1
CORD_ORD_1328;PROD_19;1;1
CORD_ORD_1328;PROD_2;1;1
CORD_ORD_1328;PROD_20;1;1
CORD_ORD_1328;PROD_21;1;1
CORD_ORD_1328;PROD_24;1;1
CORD_ORD_1328;PROD_26;1;1
CORD_ORD_1328;PROD_29;1;1
CORD_ORD_1328;PROD_3;1;1
CORD_ORD_1328;PROD_31;1;1
CORD_ORD_1328;PROD_33;1;1
CORD_ORD_1328;PROD_35;1;1
CORD_ORD_1328;PROD_36;1;1
CORD_ORD_1328;PROD_39;1;1
CORD_ORD_1328;PROD_45;1;1
CORD_ORD_1328;PROD_46;1;1
CORD_ORD_1328;PROD_50;1;1
CORD_ORD_1328;PROD_6;1;1
CORD_ORD_1328;PROD_7;1;1
CORD_ORD_1329;PROD_10;1;1
CORD_ORD_1329;PROD_13;1;1
CORD_ORD_1329;PROD_14;1;1
CORD_ORD_1329;PROD_20;1;1
CORD_ORD_1329;PROD_23;1;1
CORD_ORD_1329;PROD_33;1;1
CORD_ORD_1329;PROD_34;1;1
CORD_ORD_1329;PROD_39;1;1
CORD_ORD_1329;PROD_42;1;1
CORD_ORD_1329;PROD_43;1;1
CORD_ORD_1329;PROD_5;1;1
CORD_ORD_1329;PROD_9;1;1
CORD_ORD_1330;PROD_1;1;1
CORD_ORD_1330;PROD_16;1;1
CORD_ORD_1330;PROD_22;1;1
CORD_ORD_1330;PROD_25;1;1
CORD_ORD_1330;PROD_28;1;1
CORD_ORD_1330;PROD_3;1;1
CORD_ORD_1331;PROD_1;1;1
CORD_ORD_1331;PROD_10;1;1
CORD_ORD_1331;PROD_11;1;1
CORD_ORD_1331;PROD_12;1;1
CORD_ORD_1331;PROD_16;1;1
CORD_ORD_1331;PROD_17;1;1
CORD_ORD_1331;PROD_20;1;1
CORD_ORD_1331;PROD_22;1;1
CORD_ORD_1331;PROD_25;1;1
CORD_ORD_1331;PROD_26;1;1
CORD_ORD_1331;PROD_28;1;1
CORD_ORD_1331;PROD_3;1;1
CORD_ORD_1331;PROD_39;1;1
CORD_ORD_1331;PROD_41;1;1
CORD_ORD_1331;PROD_43;1;1
CORD_ORD_1331;PROD_48;1;1
CORD_ORD_1332;PROD_16;1;1
CORD_ORD_1332;PROD_19;1;1
CORD_ORD_1332;PROD_25;1;1
CORD_ORD_1332;PROD_29;1;1
CORD_ORD_1332;PROD_31;1;1
CORD_ORD_1332;PROD_36;1;1
CORD_ORD_1332;PROD_40;1;1
CORD_ORD_1332;PROD_45;1;1
CORD_ORD_1332;PROD_46;1;1
CORD_ORD_1332;PROD_47;1;1
CORD_ORD_1332;PROD_50;1;1
CORD_ORD_1332;PROD_6;1;1
CORD_ORD_1333;PROD_11;1;1
CORD_ORD_1333;PROD_12;1;1
CORD_ORD_1333;PROD_13;1;1
CORD_ORD_1333;PROD_16;1;1
CORD_ORD_1333;PROD_19;1;1
CORD_ORD_1333;PROD_21;1;1
CORD_ORD_1333;PROD_24;1;1
CORD_ORD_1333;PROD_25;1;1
CORD_ORD_1333;PROD_26;1;1
CORD_ORD_1333;PROD_33;1;1
CORD_ORD_1333;PROD_37;1;1
CORD_ORD_1333;PROD_44;1;1
CORD_ORD_1333;PROD_45;1;1
CORD_ORD_1333;PROD_48;1;1
CORD_ORD_1334;PROD_10;1;1
CORD_ORD_1334;PROD_11;1;1
CORD_ORD_1334;PROD_14;1;1
CORD_ORD_1334;PROD_15;1;1
CORD_ORD_1334;PROD_19;1;1
CORD_ORD_1334;PROD_21;1;1
CORD_ORD_1334;PROD_22;1;1
CORD_ORD_1334;PROD_24;1;1
CORD_ORD_1334;PROD_28;1;1
CORD_ORD_1334;PROD_29;1;1
CORD_ORD_1334;PROD_31;1;1
CORD_ORD_1334;PROD_32;1;1
CORD_ORD_1334;PROD_35;1;1
CORD_ORD_1334;PROD_43;1;1
CORD_ORD_1334;PROD_45;1;1
CORD_ORD_1334;PROD_48;1;1
CORD_ORD_1334;PROD_50;1;1
CORD_ORD_1334;PROD_6;1;1
CORD_ORD_1334;PROD_7;1;1
CORD_ORD_1334;PROD_9;1;1
CORD_ORD_1335;PROD_11;1;1
CORD_ORD_1335;PROD_30;1;1
CORD_ORD_1335;PROD_34;1;1
CORD_ORD_1335;PROD_35;1;1
CORD_ORD_1335;PROD_37;1;1
CORD_ORD_1335;PROD_44;1;1
CORD_ORD_1335;PROD_48;1;1
CORD_ORD_1335;PROD_5;1;1
CORD_ORD_1335;PROD_7;1;1
CORD_ORD_1335;PROD_8;1;1
CORD_ORD_1336;PROD_10;1;1
CORD_ORD_1336;PROD_11;1;1
CORD_ORD_1336;PROD_15;1;1
CORD_ORD_1336;PROD_22;1;1
CORD_ORD_1336;PROD_28;1;1
CORD_ORD_1336;PROD_32;1;1
CORD_ORD_1336;PROD_37;1;1
CORD_ORD_1336;PROD_43;1;1
CORD_ORD_1336;PROD_44;1;1
CORD_ORD_1336;PROD_48;1;1
CORD_ORD_1337;PROD_1;1;1
CORD_ORD_1337;PROD_10;1;1
CORD_ORD_1337;PROD_11;1;1
CORD_ORD_1337;PROD_13;1;1
CORD_ORD_1337;PROD_15;1;1
CORD_ORD_1337;PROD_19;1;1
CORD_ORD_1337;PROD_3;1;1
CORD_ORD_1337;PROD_30;1;1
CORD_ORD_1337;PROD_32;1;1
CORD_ORD_1337;PROD_33;1;1
CORD_ORD_1337;PROD_36;1;1
CORD_ORD_1337;PROD_37;1;1
CORD_ORD_1337;PROD_43;1;1
CORD_ORD_1337;PROD_44;1;1
CORD_ORD_1337;PROD_45;1;1
CORD_ORD_1337;PROD_46;1;1
CORD_ORD_1337;PROD_48;1;1
CORD_ORD_1337;PROD_8;1;1
CORD_ORD_1338;PROD_13;1;1
CORD_ORD_1338;PROD_14;1;1
CORD_ORD_1338;PROD_20;1;1
CORD_ORD_1338;PROD_27;1;1
CORD_ORD_1338;PROD_33;1;1
CORD_ORD_1338;PROD_35;1;1
CORD_ORD_1338;PROD_39;1;1
CORD_ORD_1338;PROD_49;1;1
CORD_ORD_1338;PROD_50;1;1
CORD_ORD_1338;PROD_6;1;1
CORD_ORD_1338;PROD_7;1;1
CORD_ORD_1338;PROD_9;1;1
CORD_ORD_1339;PROD_1;1;1
CORD_ORD_1339;PROD_10;1;1
CORD_ORD_1339;PROD_17;1;1
CORD_ORD_1339;PROD_18;1;1
CORD_ORD_1339;PROD_2;1;1
CORD_ORD_1339;PROD_3;1;1
CORD_ORD_1339;PROD_35;1;1
CORD_ORD_1339;PROD_37;1;1
CORD_ORD_1339;PROD_41;1;1
CORD_ORD_1339;PROD_43;1;1
CORD_ORD_1339;PROD_44;1;1
CORD_ORD_1339;PROD_7;1;1
CORD_ORD_1340;PROD_11;1;1
CORD_ORD_1340;PROD_13;1;1
CORD_ORD_1340;PROD_17;1;1
CORD_ORD_1340;PROD_19;1;1
CORD_ORD_1340;PROD_20;1;1
CORD_ORD_1340;PROD_29;1;1
CORD_ORD_1340;PROD_31;1;1
CORD_ORD_1340;PROD_33;1;1
CORD_ORD_1340;PROD_37;1;1
CORD_ORD_1340;PROD_39;1;1
CORD_ORD_1340;PROD_41;1;1
CORD_ORD_1340;PROD_44;1;1
CORD_ORD_1340;PROD_45;1;1
CORD_ORD_1340;PROD_48;1;1
CORD_ORD_1341;PROD_11;1;1
CORD_ORD_1341;PROD_14;1;1
CORD_ORD_1341;PROD_18;1;1
CORD_ORD_1341;PROD_2;1;1
CORD_ORD_1341;PROD_21;1;1
CORD_ORD_1341;PROD_24;1;1
CORD_ORD_1341;PROD_27;1;1
CORD_ORD_1341;PROD_29;1;1
CORD_ORD_1341;PROD_31;1;1
CORD_ORD_1341;PROD_34;1;1
CORD_ORD_1341;PROD_36;1;1
CORD_ORD_1341;PROD_46;1;1
CORD_ORD_1341;PROD_48;1;1
CORD_ORD_1341;PROD_49;1;1
CORD_ORD_1341;PROD_5;1;1
CORD_ORD_1341;PROD_9;1;1
CORD_ORD_1342;PROD_11;1;1
CORD_ORD_1342;PROD_12;1;1
CORD_ORD_1342;PROD_13;1;1
CORD_ORD_1342;PROD_18;1;1
CORD_ORD_1342;PROD_19;1;1
CORD_ORD_1342;PROD_2;1;1
CORD_ORD_1342;PROD_26;1;1
CORD_ORD_1342;PROD_33;1;1
CORD_ORD_1342;PROD_37;1;1
CORD_ORD_1342;PROD_38;1;1
CORD_ORD_1342;PROD_4;1;1
CORD_ORD_1342;PROD_44;1;1
CORD_ORD_1342;PROD_45;1;1
CORD_ORD_1342;PROD_48;1;1
CORD_ORD_1343;PROD_11;1;1
CORD_ORD_1343;PROD_12;1;1
CORD_ORD_1343;PROD_13;1;1
CORD_ORD_1343;PROD_19;1;1
CORD_ORD_1343;PROD_26;1;1
CORD_ORD_1343;PROD_33;1;1
CORD_ORD_1343;PROD_37;1;1
CORD_ORD_1343;PROD_38;1;1
CORD_ORD_1343;PROD_4;1;1
CORD_ORD_1343;PROD_44;1;1
CORD_ORD_1343;PROD_45;1;1
CORD_ORD_1343;PROD_48;1;1
CORD_ORD_1344;PROD_1;1;1
CORD_ORD_1344;PROD_10;1;1
CORD_ORD_1344;PROD_11;1;1
CORD_ORD_1344;PROD_12;1;1
CORD_ORD_1344;PROD_14;1;1
CORD_ORD_1344;PROD_20;1;1
CORD_ORD_1344;PROD_26;1;1
CORD_ORD_1344;PROD_27;1;1
CORD_ORD_1344;PROD_3;1;1
CORD_ORD_1344;PROD_37;1;1
CORD_ORD_1344;PROD_39;1;1
CORD_ORD_1344;PROD_40;1;1
CORD_ORD_1344;PROD_43;1;1
CORD_ORD_1344;PROD_44;1;1
CORD_ORD_1344;PROD_47;1;1
CORD_ORD_1344;PROD_48;1;1
CORD_ORD_1344;PROD_49;1;1
CORD_ORD_1344;PROD_9;1;1
CORD_ORD_1345;PROD_12;1;1
CORD_ORD_1345;PROD_18;1;1
CORD_ORD_1345;PROD_19;1;1
CORD_ORD_1345;PROD_2;1;1
CORD_ORD_1345;PROD_23;1;1
CORD_ORD_1345;PROD_26;1;1
CORD_ORD_1345;PROD_29;1;1
CORD_ORD_1345;PROD_31;1;1
CORD_ORD_1345;PROD_34;1;1
CORD_ORD_1345;PROD_35;1;1
CORD_ORD_1345;PROD_42;1;1
CORD_ORD_1345;PROD_45;1;1
CORD_ORD_1345;PROD_5;1;1
CORD_ORD_1345;PROD_50;1;1
CORD_ORD_1345;PROD_6;1;1
CORD_ORD_1345;PROD_7;1;1
CORD_ORD_1346;PROD_10;1;1
CORD_ORD_1346;PROD_12;1;1
CORD_ORD_1346;PROD_13;1;1
CORD_ORD_1346;PROD_14;1;1
CORD_ORD_1346;PROD_15;1;1
CORD_ORD_1346;PROD_21;1;1
CORD_ORD_1346;PROD_22;1;1
CORD_ORD_1346;PROD_24;1;1
CORD_ORD_1346;PROD_26;1;1
CORD_ORD_1346;PROD_28;1;1
CORD_ORD_1346;PROD_29;1;1
CORD_ORD_1346;PROD_31;1;1
CORD_ORD_1346;PROD_32;1;1
CORD_ORD_1346;PROD_33;1;1
CORD_ORD_1346;PROD_35;1;1
CORD_ORD_1346;PROD_38;1;1
CORD_ORD_1346;PROD_4;1;1
CORD_ORD_1346;PROD_43;1;1
CORD_ORD_1346;PROD_50;1;1
CORD_ORD_1346;PROD_6;1;1
CORD_ORD_1346;PROD_7;1;1
CORD_ORD_1346;PROD_9;1;1
CORD_ORD_1347;PROD_10;1;1
CORD_ORD_1347;PROD_13;1;1
CORD_ORD_1347;PROD_15;1;1
CORD_ORD_1347;PROD_17;1;1
CORD_ORD_1347;PROD_18;1;1
CORD_ORD_1347;PROD_19;1;1
CORD_ORD_1347;PROD_2;1;1
CORD_ORD_1347;PROD_21;1;1
CORD_ORD_1347;PROD_22;1;1
CORD_ORD_1347;PROD_23;1;1
CORD_ORD_1347;PROD_24;1;1
CORD_ORD_1347;PROD_28;1;1
CORD_ORD_1347;PROD_29;1;1
CORD_ORD_1347;PROD_31;1;1
CORD_ORD_1347;PROD_32;1;1
CORD_ORD_1347;PROD_33;1;1
CORD_ORD_1347;PROD_38;1;1
CORD_ORD_1347;PROD_4;1;1
CORD_ORD_1347;PROD_41;1;1
CORD_ORD_1347;PROD_42;1;1
CORD_ORD_1347;PROD_43;1;1
CORD_ORD_1347;PROD_45;1;1
CORD_ORD_1348;PROD_11;1;1
CORD_ORD_1348;PROD_15;1;1
CORD_ORD_1348;PROD_16;1;1
CORD_ORD_1348;PROD_20;1;1
CORD_ORD_1348;PROD_22;1;1
CORD_ORD_1348;PROD_25;1;1
CORD_ORD_1348;PROD_27;1;1
CORD_ORD_1348;PROD_28;1;1
CORD_ORD_1348;PROD_29;1;1
CORD_ORD_1348;PROD_31;1;1
CORD_ORD_1348;PROD_32;1;1
CORD_ORD_1348;PROD_39;1;1
CORD_ORD_1348;PROD_40;1;1
CORD_ORD_1348;PROD_47;1;1
CORD_ORD_1348;PROD_48;1;1
CORD_ORD_1348;PROD_49;1;1
CORD_ORD_1348;PROD_50;1;1
CORD_ORD_1348;PROD_6;1;1
CORD_ORD_1349;PROD_10;1;1
CORD_ORD_1349;PROD_14;1;1
CORD_ORD_1349;PROD_19;1;1
CORD_ORD_1349;PROD_20;1;1
CORD_ORD_1349;PROD_22;1;1
CORD_ORD_1349;PROD_23;1;1
CORD_ORD_1349;PROD_27;1;1
CORD_ORD_1349;PROD_28;1;1
CORD_ORD_1349;PROD_30;1;1
CORD_ORD_1349;PROD_34;1;1
CORD_ORD_1349;PROD_35;1;1
CORD_ORD_1349;PROD_36;1;1
CORD_ORD_1349;PROD_38;1;1
CORD_ORD_1349;PROD_39;1;1
CORD_ORD_1349;PROD_4;1;1
CORD_ORD_1349;PROD_42;1;1
CORD_ORD_1349;PROD_43;1;1
CORD_ORD_1349;PROD_45;1;1
CORD_ORD_1349;PROD_46;1;1
CORD_ORD_1349;PROD_49;1;1
CORD_ORD_1349;PROD_5;1;1
CORD_ORD_1349;PROD_7;1;1
CORD_ORD_1349;PROD_8;1;1
CORD_ORD_1349;PROD_9;1;1
CORD_ORD_1350;PROD_10;1;1
CORD_ORD_1350;PROD_14;1;1
CORD_ORD_1350;PROD_15;1;1
CORD_ORD_1350;PROD_20;1;1
CORD_ORD_1350;PROD_22;1;1
CORD_ORD_1350;PROD_28;1;1
CORD_ORD_1350;PROD_29;1;1
CORD_ORD_1350;PROD_30;1;1
CORD_ORD_1350;PROD_31;1;1
CORD_ORD_1350;PROD_32;1;1
CORD_ORD_1350;PROD_35;1;1
CORD_ORD_1350;PROD_36;1;1
CORD_ORD_1350;PROD_38;1;1
CORD_ORD_1350;PROD_39;1;1
CORD_ORD_1350;PROD_4;1;1
CORD_ORD_1350;PROD_43;1;1
CORD_ORD_1350;PROD_46;1;1
CORD_ORD_1350;PROD_50;1;1
CORD_ORD_1350;PROD_6;1;1
CORD_ORD_1350;PROD_7;1;1
CORD_ORD_1350;PROD_8;1;1
CORD_ORD_1350;PROD_9;1;1
CORD_ORD_1351;PROD_11;1;1
CORD_ORD_1351;PROD_13;1;1
CORD_ORD_1351;PROD_16;1;1
CORD_ORD_1351;PROD_19;1;1
CORD_ORD_1351;PROD_25;1;1
CORD_ORD_1351;PROD_33;1;1
CORD_ORD_1351;PROD_35;1;1
CORD_ORD_1351;PROD_37;1;1
CORD_ORD_1351;PROD_44;1;1
CORD_ORD_1351;PROD_45;1;1
CORD_ORD_1351;PROD_48;1;1
CORD_ORD_1351;PROD_50;1;1
CORD_ORD_1351;PROD_6;1;1
CORD_ORD_1351;PROD_7;1;1
CORD_ORD_1352;PROD_1;1;1
CORD_ORD_1352;PROD_10;1;1
CORD_ORD_1352;PROD_11;1;1
CORD_ORD_1352;PROD_14;1;1
CORD_ORD_1352;PROD_20;1;1
CORD_ORD_1352;PROD_22;1;1
CORD_ORD_1352;PROD_27;1;1
CORD_ORD_1352;PROD_28;1;1
CORD_ORD_1352;PROD_3;1;1
CORD_ORD_1352;PROD_35;1;1
CORD_ORD_1352;PROD_36;1;1
CORD_ORD_1352;PROD_37;1;1
CORD_ORD_1352;PROD_39;1;1
CORD_ORD_1352;PROD_43;1;1
CORD_ORD_1352;PROD_44;1;1
CORD_ORD_1352;PROD_46;1;1
CORD_ORD_1352;PROD_48;1;1
CORD_ORD_1352;PROD_49;1;1
CORD_ORD_1352;PROD_50;1;1
CORD_ORD_1352;PROD_6;1;1
CORD_ORD_1352;PROD_7;1;1
CORD_ORD_1352;PROD_9;1;1
CORD_ORD_1353;PROD_1;1;1
CORD_ORD_1353;PROD_10;1;1
CORD_ORD_1353;PROD_11;1;1
CORD_ORD_1353;PROD_12;1;1
CORD_ORD_1353;PROD_15;1;1
CORD_ORD_1353;PROD_17;1;1
CORD_ORD_1353;PROD_18;1;1
CORD_ORD_1353;PROD_19;1;1
CORD_ORD_1353;PROD_2;1;1
CORD_ORD_1353;PROD_26;1;1
CORD_ORD_1353;PROD_3;1;1
CORD_ORD_1353;PROD_32;1;1
CORD_ORD_1353;PROD_34;1;1
CORD_ORD_1353;PROD_36;1;1
CORD_ORD_1353;PROD_37;1;1
CORD_ORD_1353;PROD_38;1;1
CORD_ORD_1353;PROD_4;1;1
CORD_ORD_1353;PROD_41;1;1
CORD_ORD_1353;PROD_43;1;1
CORD_ORD_1353;PROD_44;1;1
CORD_ORD_1353;PROD_45;1;1
CORD_ORD_1353;PROD_46;1;1
CORD_ORD_1353;PROD_48;1;1
CORD_ORD_1353;PROD_5;1;1
CORD_ORD_1354;PROD_1;1;1
CORD_ORD_1354;PROD_10;1;1
CORD_ORD_1354;PROD_17;1;1
CORD_ORD_1354;PROD_23;1;1
CORD_ORD_1354;PROD_27;1;1
CORD_ORD_1354;PROD_3;1;1
CORD_ORD_1354;PROD_30;1;1
CORD_ORD_1354;PROD_34;1;1
CORD_ORD_1354;PROD_36;1;1
CORD_ORD_1354;PROD_41;1;1
CORD_ORD_1354;PROD_42;1;1
CORD_ORD_1354;PROD_43;1;1
CORD_ORD_1354;PROD_46;1;1
CORD_ORD_1354;PROD_49;1;1
CORD_ORD_1354;PROD_5;1;1
CORD_ORD_1354;PROD_8;1;1
CORD_ORD_1355;PROD_1;1;1
CORD_ORD_1355;PROD_10;1;1
CORD_ORD_1355;PROD_16;1;1
CORD_ORD_1355;PROD_17;1;1
CORD_ORD_1355;PROD_18;1;1
CORD_ORD_1355;PROD_2;1;1
CORD_ORD_1355;PROD_21;1;1
CORD_ORD_1355;PROD_24;1;1
CORD_ORD_1355;PROD_25;1;1
CORD_ORD_1355;PROD_29;1;1
CORD_ORD_1355;PROD_3;1;1
CORD_ORD_1355;PROD_30;1;1
CORD_ORD_1355;PROD_31;1;1
CORD_ORD_1355;PROD_34;1;1
CORD_ORD_1355;PROD_41;1;1
CORD_ORD_1355;PROD_43;1;1
CORD_ORD_1355;PROD_5;1;1
CORD_ORD_1355;PROD_50;1;1
CORD_ORD_1355;PROD_6;1;1
CORD_ORD_1355;PROD_8;1;1
CORD_ORD_1356;PROD_11;1;1
CORD_ORD_1356;PROD_13;1;1
CORD_ORD_1356;PROD_19;1;1
CORD_ORD_1356;PROD_33;1;1
CORD_ORD_1356;PROD_37;1;1
CORD_ORD_1356;PROD_44;1;1
CORD_ORD_1356;PROD_45;1;1
CORD_ORD_1356;PROD_48;1;1
CORD_ORD_1357;PROD_12;1;1
CORD_ORD_1357;PROD_15;1;1
CORD_ORD_1357;PROD_17;1;1
CORD_ORD_1357;PROD_20;1;1
CORD_ORD_1357;PROD_21;1;1
CORD_ORD_1357;PROD_23;1;1
CORD_ORD_1357;PROD_24;1;1
CORD_ORD_1357;PROD_26;1;1
CORD_ORD_1357;PROD_29;1;1
CORD_ORD_1357;PROD_30;1;1
CORD_ORD_1357;PROD_31;1;1
CORD_ORD_1357;PROD_32;1;1
CORD_ORD_1357;PROD_34;1;1
CORD_ORD_1357;PROD_35;1;1
CORD_ORD_1357;PROD_37;1;1
CORD_ORD_1357;PROD_39;1;1
CORD_ORD_1357;PROD_40;1;1
CORD_ORD_1357;PROD_41;1;1
CORD_ORD_1357;PROD_42;1;1
CORD_ORD_1357;PROD_44;1;1
CORD_ORD_1357;PROD_47;1;1
CORD_ORD_1357;PROD_5;1;1
CORD_ORD_1357;PROD_50;1;1
CORD_ORD_1357;PROD_6;1;1
CORD_ORD_1357;PROD_7;1;1
CORD_ORD_1357;PROD_8;1;1
CORD_ORD_1358;PROD_1;1;1
CORD_ORD_1358;PROD_10;1;1
CORD_ORD_1358;PROD_15;1;1
CORD_ORD_1358;PROD_20;1;1
CORD_ORD_1358;PROD_29;1;1
CORD_ORD_1358;PROD_3;1;1
CORD_ORD_1358;PROD_31;1;1
CORD_ORD_1358;PROD_32;1;1
CORD_ORD_1358;PROD_35;1;1
CORD_ORD_1358;PROD_38;1;1
CORD_ORD_1358;PROD_39;1;1
CORD_ORD_1358;PROD_4;1;1
CORD_ORD_1358;PROD_40;1;1
CORD_ORD_1358;PROD_43;1;1
CORD_ORD_1358;PROD_47;1;1
CORD_ORD_1358;PROD_7;1;1
CORD_ORD_1359;PROD_12;1;1
CORD_ORD_1359;PROD_15;1;1
CORD_ORD_1359;PROD_20;1;1
CORD_ORD_1359;PROD_21;1;1
CORD_ORD_1359;PROD_22;1;1
CORD_ORD_1359;PROD_24;1;1
CORD_ORD_1359;PROD_26;1;1
CORD_ORD_1359;PROD_28;1;1
CORD_ORD_1359;PROD_29;1;1
CORD_ORD_1359;PROD_30;1;1
CORD_ORD_1359;PROD_31;1;1
CORD_ORD_1359;PROD_32;1;1
CORD_ORD_1359;PROD_36;1;1
CORD_ORD_1359;PROD_38;1;1
CORD_ORD_1359;PROD_39;1;1
CORD_ORD_1359;PROD_4;1;1
CORD_ORD_1359;PROD_40;1;1
CORD_ORD_1359;PROD_46;1;1
CORD_ORD_1359;PROD_47;1;1
CORD_ORD_1359;PROD_50;1;1
CORD_ORD_1359;PROD_6;1;1
CORD_ORD_1359;PROD_8;1;1
CORD_ORD_1360;PROD_10;1;1
CORD_ORD_1360;PROD_12;1;1
CORD_ORD_1360;PROD_13;1;1
CORD_ORD_1360;PROD_15;1;1
CORD_ORD_1360;PROD_19;1;1
CORD_ORD_1360;PROD_20;1;1
CORD_ORD_1360;PROD_26;1;1
CORD_ORD_1360;PROD_27;1;1
CORD_ORD_1360;PROD_32;1;1
CORD_ORD_1360;PROD_33;1;1
CORD_ORD_1360;PROD_36;1;1
CORD_ORD_1360;PROD_39;1;1
CORD_ORD_1360;PROD_43;1;1
CORD_ORD_1360;PROD_45;1;1
CORD_ORD_1360;PROD_46;1;1
CORD_ORD_1360;PROD_49;1;1
CORD_ORD_1360;PROD_50;1;1
CORD_ORD_1360;PROD_6;1;1
CORD_ORD_1361;PROD_11;1;1
CORD_ORD_1361;PROD_13;1;1
CORD_ORD_1361;PROD_19;1;1
CORD_ORD_1361;PROD_33;1;1
CORD_ORD_1361;PROD_36;1;1
CORD_ORD_1361;PROD_37;1;1
CORD_ORD_1361;PROD_44;1;1
CORD_ORD_1361;PROD_45;1;1
CORD_ORD_1361;PROD_46;1;1
CORD_ORD_1361;PROD_48;1;1
CORD_ORD_1361;PROD_50;1;1
CORD_ORD_1361;PROD_6;1;1
CORD_ORD_1362;PROD_11;1;1
CORD_ORD_1362;PROD_12;1;1
CORD_ORD_1362;PROD_13;1;1
CORD_ORD_1362;PROD_17;1;1
CORD_ORD_1362;PROD_21;1;1
CORD_ORD_1362;PROD_24;1;1
CORD_ORD_1362;PROD_26;1;1
CORD_ORD_1362;PROD_30;1;1
CORD_ORD_1362;PROD_33;1;1
CORD_ORD_1362;PROD_34;1;1
CORD_ORD_1362;PROD_41;1;1
CORD_ORD_1362;PROD_48;1;1
CORD_ORD_1362;PROD_5;1;1
CORD_ORD_1362;PROD_8;1;1
CORD_ORD_1363;PROD_10;1;1
CORD_ORD_1363;PROD_11;1;1
CORD_ORD_1363;PROD_14;1;1
CORD_ORD_1363;PROD_19;1;1
CORD_ORD_1363;PROD_21;1;1
CORD_ORD_1363;PROD_23;1;1
CORD_ORD_1363;PROD_24;1;1
CORD_ORD_1363;PROD_27;1;1
CORD_ORD_1363;PROD_29;1;1
CORD_ORD_1363;PROD_30;1;1
CORD_ORD_1363;PROD_31;1;1
CORD_ORD_1363;PROD_36;1;1
CORD_ORD_1363;PROD_38;1;1
CORD_ORD_1363;PROD_4;1;1
CORD_ORD_1363;PROD_42;1;1
CORD_ORD_1363;PROD_43;1;1
CORD_ORD_1363;PROD_45;1;1
CORD_ORD_1363;PROD_46;1;1
CORD_ORD_1363;PROD_48;1;1
CORD_ORD_1363;PROD_49;1;1
CORD_ORD_1363;PROD_8;1;1
CORD_ORD_1363;PROD_9;1;1
CORD_ORD_1364;PROD_10;1;1
CORD_ORD_1364;PROD_13;1;1
CORD_ORD_1364;PROD_19;1;1
CORD_ORD_1364;PROD_23;1;1
CORD_ORD_1364;PROD_30;1;1
CORD_ORD_1364;PROD_33;1;1
CORD_ORD_1364;PROD_36;1;1
CORD_ORD_1364;PROD_42;1;1
CORD_ORD_1364;PROD_43;1;1
CORD_ORD_1364;PROD_45;1;1
CORD_ORD_1364;PROD_46;1;1
CORD_ORD_1364;PROD_8;1;1
CORD_ORD_1365;PROD_1;1;1
CORD_ORD_1365;PROD_10;1;1
CORD_ORD_1365;PROD_11;1;1
CORD_ORD_1365;PROD_17;1;1
CORD_ORD_1365;PROD_18;1;1
CORD_ORD_1365;PROD_2;1;1
CORD_ORD_1365;PROD_29;1;1
CORD_ORD_1365;PROD_3;1;1
CORD_ORD_1365;PROD_30;1;1
CORD_ORD_1365;PROD_31;1;1
CORD_ORD_1365;PROD_36;1;1
CORD_ORD_1365;PROD_41;1;1
CORD_ORD_1365;PROD_43;1;1
CORD_ORD_1365;PROD_46;1;1
CORD_ORD_1365;PROD_48;1;1
CORD_ORD_1365;PROD_8;1;1
CORD_ORD_1366;PROD_10;1;1
CORD_ORD_1366;PROD_11;1;1
CORD_ORD_1366;PROD_12;1;1
CORD_ORD_1366;PROD_13;1;1
CORD_ORD_1366;PROD_19;1;1
CORD_ORD_1366;PROD_21;1;1
CORD_ORD_1366;PROD_24;1;1
CORD_ORD_1366;PROD_26;1;1
CORD_ORD_1366;PROD_30;1;1
CORD_ORD_1366;PROD_33;1;1
CORD_ORD_1366;PROD_37;1;1
CORD_ORD_1366;PROD_38;1;1
CORD_ORD_1366;PROD_4;1;1
CORD_ORD_1366;PROD_43;1;1
CORD_ORD_1366;PROD_44;1;1
CORD_ORD_1366;PROD_45;1;1
CORD_ORD_1366;PROD_48;1;1
CORD_ORD_1366;PROD_8;1;1
CORD_ORD_1367;PROD_1;1;1
CORD_ORD_1367;PROD_10;1;1
CORD_ORD_1367;PROD_12;1;1
CORD_ORD_1367;PROD_15;1;1
CORD_ORD_1367;PROD_18;1;1
CORD_ORD_1367;PROD_2;1;1
CORD_ORD_1367;PROD_21;1;1
CORD_ORD_1367;PROD_24;1;1
CORD_ORD_1367;PROD_26;1;1
CORD_ORD_1367;PROD_29;1;1
CORD_ORD_1367;PROD_3;1;1
CORD_ORD_1367;PROD_31;1;1
CORD_ORD_1367;PROD_32;1;1
CORD_ORD_1367;PROD_40;1;1
CORD_ORD_1367;PROD_43;1;1
CORD_ORD_1367;PROD_47;1;1
CORD_ORD_1368;PROD_12;1;1
CORD_ORD_1368;PROD_14;1;1
CORD_ORD_1368;PROD_16;1;1
CORD_ORD_1368;PROD_19;1;1
CORD_ORD_1368;PROD_20;1;1
CORD_ORD_1368;PROD_21;1;1
CORD_ORD_1368;PROD_23;1;1
CORD_ORD_1368;PROD_24;1;1
CORD_ORD_1368;PROD_25;1;1
CORD_ORD_1368;PROD_26;1;1
CORD_ORD_1368;PROD_30;1;1
CORD_ORD_1368;PROD_36;1;1
CORD_ORD_1368;PROD_38;1;1
CORD_ORD_1368;PROD_39;1;1
CORD_ORD_1368;PROD_4;1;1
CORD_ORD_1368;PROD_40;1;1
CORD_ORD_1368;PROD_42;1;1
CORD_ORD_1368;PROD_45;1;1
CORD_ORD_1368;PROD_46;1;1
CORD_ORD_1368;PROD_47;1;1
CORD_ORD_1368;PROD_8;1;1
CORD_ORD_1368;PROD_9;1;1
CORD_ORD_1369;PROD_11;1;1
CORD_ORD_1369;PROD_15;1;1
CORD_ORD_1369;PROD_16;1;1
CORD_ORD_1369;PROD_19;1;1
CORD_ORD_1369;PROD_20;1;1
CORD_ORD_1369;PROD_22;1;1
CORD_ORD_1369;PROD_23;1;1
CORD_ORD_1369;PROD_25;1;1
CORD_ORD_1369;PROD_28;1;1
CORD_ORD_1369;PROD_29;1;1
CORD_ORD_1369;PROD_31;1;1
CORD_ORD_1369;PROD_32;1;1
CORD_ORD_1369;PROD_38;1;1
CORD_ORD_1369;PROD_39;1;1
CORD_ORD_1369;PROD_4;1;1
CORD_ORD_1369;PROD_42;1;1
CORD_ORD_1369;PROD_45;1;1
CORD_ORD_1369;PROD_48;1;1
CORD_ORD_1369;PROD_50;1;1
CORD_ORD_1369;PROD_6;1;1
CORD_ORD_1370;PROD_10;1;1
CORD_ORD_1370;PROD_13;1;1
CORD_ORD_1370;PROD_14;1;1
CORD_ORD_1370;PROD_15;1;1
CORD_ORD_1370;PROD_22;1;1
CORD_ORD_1370;PROD_28;1;1
CORD_ORD_1370;PROD_29;1;1
CORD_ORD_1370;PROD_30;1;1
CORD_ORD_1370;PROD_31;1;1
CORD_ORD_1370;PROD_32;1;1
CORD_ORD_1370;PROD_33;1;1
CORD_ORD_1370;PROD_40;1;1
CORD_ORD_1370;PROD_43;1;1
CORD_ORD_1370;PROD_47;1;1
CORD_ORD_1370;PROD_50;1;1
CORD_ORD_1370;PROD_6;1;1
CORD_ORD_1370;PROD_8;1;1
CORD_ORD_1370;PROD_9;1;1
CORD_ORD_1371;PROD_1;1;1
CORD_ORD_1371;PROD_10;1;1
CORD_ORD_1371;PROD_15;1;1
CORD_ORD_1371;PROD_21;1;1
CORD_ORD_1371;PROD_24;1;1
CORD_ORD_1371;PROD_29;1;1
CORD_ORD_1371;PROD_3;1;1
CORD_ORD_1371;PROD_30;1;1
CORD_ORD_1371;PROD_31;1;1
CORD_ORD_1371;PROD_32;1;1
CORD_ORD_1371;PROD_40;1;1
CORD_ORD_1371;PROD_43;1;1
CORD_ORD_1371;PROD_47;1;1
CORD_ORD_1371;PROD_50;1;1
CORD_ORD_1371;PROD_6;1;1
CORD_ORD_1371;PROD_8;1;1
CORD_ORD_1372;PROD_11;1;1
CORD_ORD_1372;PROD_15;1;1
CORD_ORD_1372;PROD_20;1;1
CORD_ORD_1372;PROD_27;1;1
CORD_ORD_1372;PROD_29;1;1
CORD_ORD_1372;PROD_30;1;1
CORD_ORD_1372;PROD_31;1;1
CORD_ORD_1372;PROD_32;1;1
CORD_ORD_1372;PROD_36;1;1
CORD_ORD_1372;PROD_38;1;1
CORD_ORD_1372;PROD_39;1;1
CORD_ORD_1372;PROD_4;1;1
CORD_ORD_1372;PROD_46;1;1
CORD_ORD_1372;PROD_48;1;1
CORD_ORD_1372;PROD_49;1;1
CORD_ORD_1372;PROD_8;1;1
CORD_ORD_1373;PROD_12;1;1
CORD_ORD_1373;PROD_13;1;1
CORD_ORD_1373;PROD_14;1;1
CORD_ORD_1373;PROD_15;1;1
CORD_ORD_1373;PROD_16;1;1
CORD_ORD_1373;PROD_21;1;1
CORD_ORD_1373;PROD_23;1;1
CORD_ORD_1373;PROD_24;1;1
CORD_ORD_1373;PROD_25;1;1
CORD_ORD_1373;PROD_26;1;1
CORD_ORD_1373;PROD_32;1;1
CORD_ORD_1373;PROD_33;1;1
CORD_ORD_1373;PROD_34;1;1
CORD_ORD_1373;PROD_37;1;1
CORD_ORD_1373;PROD_42;1;1
CORD_ORD_1373;PROD_44;1;1
CORD_ORD_1373;PROD_5;1;1
CORD_ORD_1373;PROD_9;1;1
CORD_ORD_1374;PROD_1;1;1
CORD_ORD_1374;PROD_10;1;1
CORD_ORD_1374;PROD_12;1;1
CORD_ORD_1374;PROD_15;1;1
CORD_ORD_1374;PROD_18;1;1
CORD_ORD_1374;PROD_2;1;1
CORD_ORD_1374;PROD_22;1;1
CORD_ORD_1374;PROD_26;1;1
CORD_ORD_1374;PROD_28;1;1
CORD_ORD_1374;PROD_3;1;1
CORD_ORD_1374;PROD_30;1;1
CORD_ORD_1374;PROD_32;1;1
CORD_ORD_1374;PROD_34;1;1
CORD_ORD_1374;PROD_43;1;1
CORD_ORD_1374;PROD_5;1;1
CORD_ORD_1374;PROD_8;1;1
CORD_ORD_1375;PROD_10;1;1
CORD_ORD_1375;PROD_21;1;1
CORD_ORD_1375;PROD_22;1;1
CORD_ORD_1375;PROD_24;1;1
CORD_ORD_1375;PROD_28;1;1
CORD_ORD_1375;PROD_30;1;1
CORD_ORD_1375;PROD_37;1;1
CORD_ORD_1375;PROD_38;1;1
CORD_ORD_1375;PROD_4;1;1
CORD_ORD_1375;PROD_40;1;1
CORD_ORD_1375;PROD_43;1;1
CORD_ORD_1375;PROD_44;1;1
CORD_ORD_1375;PROD_47;1;1
CORD_ORD_1375;PROD_8;1;1
CORD_ORD_1376;PROD_11;1;1
CORD_ORD_1376;PROD_14;1;1
CORD_ORD_1376;PROD_18;1;1
CORD_ORD_1376;PROD_2;1;1
CORD_ORD_1376;PROD_21;1;1
CORD_ORD_1376;PROD_24;1;1
CORD_ORD_1376;PROD_36;1;1
CORD_ORD_1376;PROD_46;1;1
CORD_ORD_1376;PROD_48;1;1
CORD_ORD_1376;PROD_9;1;1
CORD_ORD_1377;PROD_1;1;1
CORD_ORD_1377;PROD_13;1;1
CORD_ORD_1377;PROD_17;1;1
CORD_ORD_1377;PROD_21;1;1
CORD_ORD_1377;PROD_24;1;1
CORD_ORD_1377;PROD_27;1;1
CORD_ORD_1377;PROD_29;1;1
CORD_ORD_1377;PROD_3;1;1
CORD_ORD_1377;PROD_31;1;1
CORD_ORD_1377;PROD_33;1;1
CORD_ORD_1377;PROD_37;1;1
CORD_ORD_1377;PROD_41;1;1
CORD_ORD_1377;PROD_44;1;1
CORD_ORD_1377;PROD_49;1;1
CORD_ORD_1378;PROD_11;1;1
CORD_ORD_1378;PROD_13;1;1
CORD_ORD_1378;PROD_14;1;1
CORD_ORD_1378;PROD_18;1;1
CORD_ORD_1378;PROD_19;1;1
CORD_ORD_1378;PROD_2;1;1
CORD_ORD_1378;PROD_21;1;1
CORD_ORD_1378;PROD_24;1;1
CORD_ORD_1378;PROD_30;1;1
CORD_ORD_1378;PROD_33;1;1
CORD_ORD_1378;PROD_37;1;1
CORD_ORD_1378;PROD_40;1;1
CORD_ORD_1378;PROD_44;1;1
CORD_ORD_1378;PROD_45;1;1
CORD_ORD_1378;PROD_47;1;1
CORD_ORD_1378;PROD_48;1;1
CORD_ORD_1378;PROD_50;1;1
CORD_ORD_1378;PROD_6;1;1
CORD_ORD_1378;PROD_8;1;1
CORD_ORD_1378;PROD_9;1;1
CORD_ORD_1379;PROD_1;1;1
CORD_ORD_1379;PROD_17;1;1
CORD_ORD_1379;PROD_20;1;1
CORD_ORD_1379;PROD_21;1;1
CORD_ORD_1379;PROD_22;1;1
CORD_ORD_1379;PROD_24;1;1
CORD_ORD_1379;PROD_28;1;1
CORD_ORD_1379;PROD_29;1;1
CORD_ORD_1379;PROD_3;1;1
CORD_ORD_1379;PROD_30;1;1
CORD_ORD_1379;PROD_31;1;1
CORD_ORD_1379;PROD_36;1;1
CORD_ORD_1379;PROD_37;1;1
CORD_ORD_1379;PROD_38;1;1
CORD_ORD_1379;PROD_39;1;1
CORD_ORD_1379;PROD_4;1;1
CORD_ORD_1379;PROD_40;1;1
CORD_ORD_1379;PROD_41;1;1
CORD_ORD_1379;PROD_44;1;1
CORD_ORD_1379;PROD_46;1;1
CORD_ORD_1379;PROD_47;1;1
CORD_ORD_1379;PROD_50;1;1
CORD_ORD_1379;PROD_6;1;1
CORD_ORD_1379;PROD_8;1;1
CORD_ORD_1380;PROD_1;1;1
CORD_ORD_1380;PROD_10;1;1
CORD_ORD_1380;PROD_13;1;1
CORD_ORD_1380;PROD_15;1;1
CORD_ORD_1380;PROD_19;1;1
CORD_ORD_1380;PROD_20;1;1
CORD_ORD_1380;PROD_23;1;1
CORD_ORD_1380;PROD_27;1;1
CORD_ORD_1380;PROD_29;1;1
CORD_ORD_1380;PROD_3;1;1
CORD_ORD_1380;PROD_30;1;1
CORD_ORD_1380;PROD_31;1;1
CORD_ORD_1380;PROD_32;1;1
CORD_ORD_1380;PROD_33;1;1
CORD_ORD_1380;PROD_38;1;1
CORD_ORD_1380;PROD_39;1;1
CORD_ORD_1380;PROD_4;1;1
CORD_ORD_1380;PROD_40;1;1
CORD_ORD_1380;PROD_42;1;1
CORD_ORD_1380;PROD_43;1;1
CORD_ORD_1380;PROD_45;1;1
CORD_ORD_1380;PROD_47;1;1
CORD_ORD_1380;PROD_49;1;1
CORD_ORD_1380;PROD_8;1;1
CORD_ORD_1381;PROD_1;1;1
CORD_ORD_1381;PROD_10;1;1
CORD_ORD_1381;PROD_11;1;1
CORD_ORD_1381;PROD_12;1;1
CORD_ORD_1381;PROD_16;1;1
CORD_ORD_1381;PROD_18;1;1
CORD_ORD_1381;PROD_19;1;1
CORD_ORD_1381;PROD_2;1;1
CORD_ORD_1381;PROD_22;1;1
CORD_ORD_1381;PROD_25;1;1
CORD_ORD_1381;PROD_26;1;1
CORD_ORD_1381;PROD_28;1;1
CORD_ORD_1381;PROD_3;1;1
CORD_ORD_1381;PROD_30;1;1
CORD_ORD_1381;PROD_38;1;1
CORD_ORD_1381;PROD_4;1;1
CORD_ORD_1381;PROD_43;1;1
CORD_ORD_1381;PROD_45;1;1
CORD_ORD_1381;PROD_48;1;1
CORD_ORD_1381;PROD_8;1;1
CORD_ORD_1382;PROD_1;1;1
CORD_ORD_1382;PROD_11;1;1
CORD_ORD_1382;PROD_14;1;1
CORD_ORD_1382;PROD_15;1;1
CORD_ORD_1382;PROD_19;1;1
CORD_ORD_1382;PROD_3;1;1
CORD_ORD_1382;PROD_30;1;1
CORD_ORD_1382;PROD_32;1;1
CORD_ORD_1382;PROD_35;1;1
CORD_ORD_1382;PROD_40;1;1
CORD_ORD_1382;PROD_45;1;1
CORD_ORD_1382;PROD_47;1;1
CORD_ORD_1382;PROD_48;1;1
CORD_ORD_1382;PROD_7;1;1
CORD_ORD_1382;PROD_8;1;1
CORD_ORD_1382;PROD_9;1;1
CORD_ORD_1383;PROD_1;1;1
CORD_ORD_1383;PROD_10;1;1
CORD_ORD_1383;PROD_11;1;1
CORD_ORD_1383;PROD_14;1;1
CORD_ORD_1383;PROD_15;1;1
CORD_ORD_1383;PROD_18;1;1
CORD_ORD_1383;PROD_2;1;1
CORD_ORD_1383;PROD_29;1;1
CORD_ORD_1383;PROD_3;1;1
CORD_ORD_1383;PROD_31;1;1
CORD_ORD_1383;PROD_32;1;1
CORD_ORD_1383;PROD_35;1;1
CORD_ORD_1383;PROD_36;1;1
CORD_ORD_1383;PROD_37;1;1
CORD_ORD_1383;PROD_43;1;1
CORD_ORD_1383;PROD_44;1;1
CORD_ORD_1383;PROD_46;1;1
CORD_ORD_1383;PROD_48;1;1
CORD_ORD_1383;PROD_7;1;1
CORD_ORD_1383;PROD_9;1;1
CORD_ORD_1384;PROD_1;1;1
CORD_ORD_1384;PROD_10;1;1
CORD_ORD_1384;PROD_15;1;1
CORD_ORD_1384;PROD_29;1;1
CORD_ORD_1384;PROD_3;1;1
CORD_ORD_1384;PROD_31;1;1
CORD_ORD_1384;PROD_32;1;1
CORD_ORD_1384;PROD_40;1;1
CORD_ORD_1384;PROD_43;1;1
CORD_ORD_1384;PROD_47;1;1
CORD_ORD_1385;PROD_15;1;1
CORD_ORD_1385;PROD_16;1;1
CORD_ORD_1385;PROD_25;1;1
CORD_ORD_1385;PROD_29;1;1
CORD_ORD_1385;PROD_31;1;1
CORD_ORD_1385;PROD_32;1;1
CORD_ORD_1385;PROD_34;1;1
CORD_ORD_1385;PROD_37;1;1
CORD_ORD_1385;PROD_44;1;1
CORD_ORD_1385;PROD_5;1;1
CORD_ORD_1386;PROD_1;1;1
CORD_ORD_1386;PROD_16;1;1
CORD_ORD_1386;PROD_22;1;1
CORD_ORD_1386;PROD_25;1;1
CORD_ORD_1386;PROD_28;1;1
CORD_ORD_1386;PROD_3;1;1
CORD_ORD_1386;PROD_38;1;1
CORD_ORD_1386;PROD_4;1;1
CORD_ORD_1387;PROD_11;1;1
CORD_ORD_1387;PROD_12;1;1
CORD_ORD_1387;PROD_15;1;1
CORD_ORD_1387;PROD_16;1;1
CORD_ORD_1387;PROD_17;1;1
CORD_ORD_1387;PROD_19;1;1
CORD_ORD_1387;PROD_20;1;1
CORD_ORD_1387;PROD_25;1;1
CORD_ORD_1387;PROD_26;1;1
CORD_ORD_1387;PROD_32;1;1
CORD_ORD_1387;PROD_36;1;1
CORD_ORD_1387;PROD_39;1;1
CORD_ORD_1387;PROD_41;1;1
CORD_ORD_1387;PROD_45;1;1
CORD_ORD_1387;PROD_46;1;1
CORD_ORD_1387;PROD_48;1;1
CORD_ORD_1388;PROD_1;1;1
CORD_ORD_1388;PROD_13;1;1
CORD_ORD_1388;PROD_16;1;1
CORD_ORD_1388;PROD_22;1;1
CORD_ORD_1388;PROD_25;1;1
CORD_ORD_1388;PROD_28;1;1
CORD_ORD_1388;PROD_3;1;1
CORD_ORD_1388;PROD_33;1;1
CORD_ORD_1388;PROD_50;1;1
CORD_ORD_1388;PROD_6;1;1
CORD_ORD_1389;PROD_1;1;1
CORD_ORD_1389;PROD_12;1;1
CORD_ORD_1389;PROD_15;1;1
CORD_ORD_1389;PROD_16;1;1
CORD_ORD_1389;PROD_21;1;1
CORD_ORD_1389;PROD_22;1;1
CORD_ORD_1389;PROD_24;1;1
CORD_ORD_1389;PROD_25;1;1
CORD_ORD_1389;PROD_26;1;1
CORD_ORD_1389;PROD_28;1;1
CORD_ORD_1389;PROD_29;1;1
CORD_ORD_1389;PROD_3;1;1
CORD_ORD_1389;PROD_31;1;1
CORD_ORD_1389;PROD_32;1;1
CORD_ORD_1389;PROD_38;1;1
CORD_ORD_1389;PROD_4;1;1
CORD_ORD_1389;PROD_50;1;1
CORD_ORD_1389;PROD_6;1;1
CORD_ORD_1390;PROD_21;1;1
CORD_ORD_1390;PROD_23;1;1
CORD_ORD_1390;PROD_24;1;1
CORD_ORD_1390;PROD_37;1;1
CORD_ORD_1390;PROD_42;1;1
CORD_ORD_1390;PROD_44;1;1
CORD_ORD_1391;PROD_10;1;1
CORD_ORD_1391;PROD_11;1;1
CORD_ORD_1391;PROD_13;1;1
CORD_ORD_1391;PROD_15;1;1
CORD_ORD_1391;PROD_19;1;1
CORD_ORD_1391;PROD_32;1;1
CORD_ORD_1391;PROD_33;1;1
CORD_ORD_1391;PROD_34;1;1
CORD_ORD_1391;PROD_37;1;1
CORD_ORD_1391;PROD_38;1;1
CORD_ORD_1391;PROD_4;1;1
CORD_ORD_1391;PROD_43;1;1
CORD_ORD_1391;PROD_44;1;1
CORD_ORD_1391;PROD_45;1;1
CORD_ORD_1391;PROD_48;1;1
CORD_ORD_1391;PROD_5;1;1
CORD_ORD_1392;PROD_1;1;1
CORD_ORD_1392;PROD_10;1;1
CORD_ORD_1392;PROD_15;1;1
CORD_ORD_1392;PROD_27;1;1
CORD_ORD_1392;PROD_3;1;1
CORD_ORD_1392;PROD_32;1;1
CORD_ORD_1392;PROD_36;1;1
CORD_ORD_1392;PROD_38;1;1
CORD_ORD_1392;PROD_4;1;1
CORD_ORD_1392;PROD_40;1;1
CORD_ORD_1392;PROD_43;1;1
CORD_ORD_1392;PROD_46;1;1
CORD_ORD_1392;PROD_47;1;1
CORD_ORD_1392;PROD_49;1;1
CORD_ORD_1392;PROD_50;1;1
CORD_ORD_1392;PROD_6;1;1
CORD_ORD_1393;PROD_14;1;1
CORD_ORD_1393;PROD_15;1;1
CORD_ORD_1393;PROD_18;1;1
CORD_ORD_1393;PROD_2;1;1
CORD_ORD_1393;PROD_21;1;1
CORD_ORD_1393;PROD_22;1;1
CORD_ORD_1393;PROD_24;1;1
CORD_ORD_1393;PROD_27;1;1
CORD_ORD_1393;PROD_28;1;1
CORD_ORD_1393;PROD_29;1;1
CORD_ORD_1393;PROD_30;1;1
CORD_ORD_1393;PROD_31;1;1
CORD_ORD_1393;PROD_32;1;1
CORD_ORD_1393;PROD_36;1;1
CORD_ORD_1393;PROD_46;1;1
CORD_ORD_1393;PROD_49;1;1
CORD_ORD_1393;PROD_8;1;1
CORD_ORD_1393;PROD_9;1;1
CORD_ORD_1394;PROD_1;1;1
CORD_ORD_1394;PROD_10;1;1
CORD_ORD_1394;PROD_15;1;1
CORD_ORD_1394;PROD_21;1;1
CORD_ORD_1394;PROD_24;1;1
CORD_ORD_1394;PROD_29;1;1
CORD_ORD_1394;PROD_3;1;1
CORD_ORD_1394;PROD_31;1;1
CORD_ORD_1394;PROD_32;1;1
CORD_ORD_1394;PROD_40;1;1
CORD_ORD_1394;PROD_43;1;1
CORD_ORD_1394;PROD_47;1;1
CORD_ORD_1395;PROD_13;1;1
CORD_ORD_1395;PROD_17;1;1
CORD_ORD_1395;PROD_33;1;1
CORD_ORD_1395;PROD_35;1;1
CORD_ORD_1395;PROD_41;1;1
CORD_ORD_1395;PROD_50;1;1
CORD_ORD_1395;PROD_6;1;1
CORD_ORD_1395;PROD_7;1;1
CORD_ORD_1396;PROD_14;1;1
CORD_ORD_1396;PROD_19;1;1
CORD_ORD_1396;PROD_21;1;1
CORD_ORD_1396;PROD_22;1;1
CORD_ORD_1396;PROD_23;1;1
CORD_ORD_1396;PROD_24;1;1
CORD_ORD_1396;PROD_28;1;1
CORD_ORD_1396;PROD_34;1;1
CORD_ORD_1396;PROD_37;1;1
CORD_ORD_1396;PROD_42;1;1
CORD_ORD_1396;PROD_44;1;1
CORD_ORD_1396;PROD_45;1;1
CORD_ORD_1396;PROD_5;1;1
CORD_ORD_1396;PROD_9;1;1
CORD_ORD_1397;PROD_11;1;1
CORD_ORD_1397;PROD_12;1;1
CORD_ORD_1397;PROD_13;1;1
CORD_ORD_1397;PROD_14;1;1
CORD_ORD_1397;PROD_15;1;1
CORD_ORD_1397;PROD_16;1;1
CORD_ORD_1397;PROD_17;1;1
CORD_ORD_1397;PROD_18;1;1
CORD_ORD_1397;PROD_2;1;1
CORD_ORD_1397;PROD_22;1;1
CORD_ORD_1397;PROD_25;1;1
CORD_ORD_1397;PROD_26;1;1
CORD_ORD_1397;PROD_28;1;1
CORD_ORD_1397;PROD_32;1;1
CORD_ORD_1397;PROD_33;1;1
CORD_ORD_1397;PROD_37;1;1
CORD_ORD_1397;PROD_38;1;1
CORD_ORD_1397;PROD_4;1;1
CORD_ORD_1397;PROD_40;1;1
CORD_ORD_1397;PROD_41;1;1
CORD_ORD_1397;PROD_44;1;1
CORD_ORD_1397;PROD_47;1;1
CORD_ORD_1397;PROD_48;1;1
CORD_ORD_1397;PROD_9;1;1
CORD_ORD_1398;PROD_10;1;1
CORD_ORD_1398;PROD_12;1;1
CORD_ORD_1398;PROD_14;1;1
CORD_ORD_1398;PROD_15;1;1
CORD_ORD_1398;PROD_18;1;1
CORD_ORD_1398;PROD_2;1;1
CORD_ORD_1398;PROD_22;1;1
CORD_ORD_1398;PROD_26;1;1
CORD_ORD_1398;PROD_28;1;1
CORD_ORD_1398;PROD_32;1;1
CORD_ORD_1398;PROD_37;1;1
CORD_ORD_1398;PROD_43;1;1
CORD_ORD_1398;PROD_44;1;1
CORD_ORD_1398;PROD_9;1;1
CORD_ORD_1399;PROD_10;1;1
CORD_ORD_1399;PROD_16;1;1
CORD_ORD_1399;PROD_18;1;1
CORD_ORD_1399;PROD_2;1;1
CORD_ORD_1399;PROD_23;1;1
CORD_ORD_1399;PROD_25;1;1
CORD_ORD_1399;PROD_40;1;1
CORD_ORD_1399;PROD_42;1;1
CORD_ORD_1399;PROD_43;1;1
CORD_ORD_1399;PROD_47;1;1
CORD_ORD_1400;PROD_1;1;1
CORD_ORD_1400;PROD_13;1;1
CORD_ORD_1400;PROD_15;1;1
CORD_ORD_1400;PROD_18;1;1
CORD_ORD_1400;PROD_2;1;1
CORD_ORD_1400;PROD_20;1;1
CORD_ORD_1400;PROD_21;1;1
CORD_ORD_1400;PROD_22;1;1
CORD_ORD_1400;PROD_24;1;1
CORD_ORD_1400;PROD_27;1;1
CORD_ORD_1400;PROD_28;1;1
CORD_ORD_1400;PROD_3;1;1
CORD_ORD_1400;PROD_30;1;1
CORD_ORD_1400;PROD_32;1;1
CORD_ORD_1400;PROD_33;1;1
CORD_ORD_1400;PROD_34;1;1
CORD_ORD_1400;PROD_36;1;1
CORD_ORD_1400;PROD_39;1;1
CORD_ORD_1400;PROD_40;1;1
CORD_ORD_1400;PROD_46;1;1
CORD_ORD_1400;PROD_47;1;1
CORD_ORD_1400;PROD_49;1;1
CORD_ORD_1400;PROD_5;1;1
CORD_ORD_1400;PROD_8;1;1
CORD_ORD_1401;PROD_1;1;1
CORD_ORD_1401;PROD_11;1;1
CORD_ORD_1401;PROD_12;1;1
CORD_ORD_1401;PROD_17;1;1
CORD_ORD_1401;PROD_21;1;1
CORD_ORD_1401;PROD_22;1;1
CORD_ORD_1401;PROD_24;1;1
CORD_ORD_1401;PROD_26;1;1
CORD_ORD_1401;PROD_27;1;1
CORD_ORD_1401;PROD_28;1;1
CORD_ORD_1401;PROD_3;1;1
CORD_ORD_1401;PROD_40;1;1
CORD_ORD_1401;PROD_41;1;1
CORD_ORD_1401;PROD_47;1;1
CORD_ORD_1401;PROD_48;1;1
CORD_ORD_1401;PROD_49;1;1
CORD_ORD_1401;PROD_50;1;1
CORD_ORD_1401;PROD_6;1;1
CORD_ORD_1402;PROD_10;1;1
CORD_ORD_1402;PROD_16;1;1
CORD_ORD_1402;PROD_17;1;1
CORD_ORD_1402;PROD_21;1;1
CORD_ORD_1402;PROD_22;1;1
CORD_ORD_1402;PROD_24;1;1
CORD_ORD_1402;PROD_25;1;1
CORD_ORD_1402;PROD_28;1;1
CORD_ORD_1402;PROD_29;1;1
CORD_ORD_1402;PROD_30;1;1
CORD_ORD_1402;PROD_31;1;1
CORD_ORD_1402;PROD_34;1;1
CORD_ORD_1402;PROD_36;1;1
CORD_ORD_1402;PROD_38;1;1
CORD_ORD_1402;PROD_4;1;1
CORD_ORD_1402;PROD_41;1;1
CORD_ORD_1402;PROD_43;1;1
CORD_ORD_1402;PROD_46;1;1
CORD_ORD_1402;PROD_5;1;1
CORD_ORD_1402;PROD_8;1;1
CORD_ORD_1403;PROD_14;1;1
CORD_ORD_1403;PROD_19;1;1
CORD_ORD_1403;PROD_27;1;1
CORD_ORD_1403;PROD_29;1;1
CORD_ORD_1403;PROD_31;1;1
CORD_ORD_1403;PROD_35;1;1
CORD_ORD_1403;PROD_38;1;1
CORD_ORD_1403;PROD_4;1;1
CORD_ORD_1403;PROD_40;1;1
CORD_ORD_1403;PROD_45;1;1
CORD_ORD_1403;PROD_47;1;1
CORD_ORD_1403;PROD_49;1;1
CORD_ORD_1403;PROD_7;1;1
CORD_ORD_1403;PROD_9;1;1
CORD_ORD_1404;PROD_10;1;1
CORD_ORD_1404;PROD_11;1;1
CORD_ORD_1404;PROD_14;1;1
CORD_ORD_1404;PROD_18;1;1
CORD_ORD_1404;PROD_2;1;1
CORD_ORD_1404;PROD_27;1;1
CORD_ORD_1404;PROD_35;1;1
CORD_ORD_1404;PROD_36;1;1
CORD_ORD_1404;PROD_43;1;1
CORD_ORD_1404;PROD_46;1;1
CORD_ORD_1404;PROD_48;1;1
CORD_ORD_1404;PROD_49;1;1
CORD_ORD_1404;PROD_7;1;1
CORD_ORD_1404;PROD_9;1;1
CORD_ORD_1405;PROD_12;1;1
CORD_ORD_1405;PROD_13;1;1
CORD_ORD_1405;PROD_20;1;1
CORD_ORD_1405;PROD_21;1;1
CORD_ORD_1405;PROD_22;1;1
CORD_ORD_1405;PROD_23;1;1
CORD_ORD_1405;PROD_24;1;1
CORD_ORD_1405;PROD_26;1;1
CORD_ORD_1405;PROD_28;1;1
CORD_ORD_1405;PROD_30;1;1
CORD_ORD_1405;PROD_33;1;1
CORD_ORD_1405;PROD_39;1;1
CORD_ORD_1405;PROD_42;1;1
CORD_ORD_1405;PROD_50;1;1
CORD_ORD_1405;PROD_6;1;1
CORD_ORD_1405;PROD_8;1;1
CORD_ORD_1406;PROD_20;1;1
CORD_ORD_1406;PROD_30;1;1
CORD_ORD_1406;PROD_36;1;1
CORD_ORD_1406;PROD_38;1;1
CORD_ORD_1406;PROD_39;1;1
CORD_ORD_1406;PROD_4;1;1
CORD_ORD_1406;PROD_40;1;1
CORD_ORD_1406;PROD_46;1;1
CORD_ORD_1406;PROD_47;1;1
CORD_ORD_1406;PROD_8;1;1
CORD_ORD_1407;PROD_10;1;1
CORD_ORD_1407;PROD_11;1;1
CORD_ORD_1407;PROD_12;1;1
CORD_ORD_1407;PROD_21;1;1
CORD_ORD_1407;PROD_22;1;1
CORD_ORD_1407;PROD_24;1;1
CORD_ORD_1407;PROD_26;1;1
CORD_ORD_1407;PROD_28;1;1
CORD_ORD_1407;PROD_35;1;1
CORD_ORD_1407;PROD_43;1;1
CORD_ORD_1407;PROD_48;1;1
CORD_ORD_1407;PROD_50;1;1
CORD_ORD_1407;PROD_6;1;1
CORD_ORD_1407;PROD_7;1;1
CORD_ORD_1408;PROD_12;1;1
CORD_ORD_1408;PROD_13;1;1
CORD_ORD_1408;PROD_14;1;1
CORD_ORD_1408;PROD_17;1;1
CORD_ORD_1408;PROD_18;1;1
CORD_ORD_1408;PROD_19;1;1
CORD_ORD_1408;PROD_2;1;1
CORD_ORD_1408;PROD_21;1;1
CORD_ORD_1408;PROD_22;1;1
CORD_ORD_1408;PROD_24;1;1
CORD_ORD_1408;PROD_26;1;1
CORD_ORD_1408;PROD_27;1;1
CORD_ORD_1408;PROD_28;1;1
CORD_ORD_1408;PROD_30;1;1
CORD_ORD_1408;PROD_33;1;1
CORD_ORD_1408;PROD_34;1;1
CORD_ORD_1408;PROD_41;1;1
CORD_ORD_1408;PROD_45;1;1
CORD_ORD_1408;PROD_49;1;1
CORD_ORD_1408;PROD_5;1;1
CORD_ORD_1408;PROD_8;1;1
CORD_ORD_1408;PROD_9;1;1
CORD_ORD_1409;PROD_13;1;1
CORD_ORD_1409;PROD_14;1;1
CORD_ORD_1409;PROD_16;1;1
CORD_ORD_1409;PROD_20;1;1
CORD_ORD_1409;PROD_21;1;1
CORD_ORD_1409;PROD_22;1;1
CORD_ORD_1409;PROD_23;1;1
CORD_ORD_1409;PROD_24;1;1
CORD_ORD_1409;PROD_25;1;1
CORD_ORD_1409;PROD_28;1;1
CORD_ORD_1409;PROD_33;1;1
CORD_ORD_1409;PROD_34;1;1
CORD_ORD_1409;PROD_35;1;1
CORD_ORD_1409;PROD_37;1;1
CORD_ORD_1409;PROD_38;1;1
CORD_ORD_1409;PROD_39;1;1
CORD_ORD_1409;PROD_4;1;1
CORD_ORD_1409;PROD_40;1;1
CORD_ORD_1409;PROD_42;1;1
CORD_ORD_1409;PROD_44;1;1
CORD_ORD_1409;PROD_47;1;1
CORD_ORD_1409;PROD_5;1;1
CORD_ORD_1409;PROD_50;1;1
CORD_ORD_1409;PROD_6;1;1
CORD_ORD_1409;PROD_7;1;1
CORD_ORD_1409;PROD_9;1;1
CORD_ORD_1410;PROD_10;1;1
CORD_ORD_1410;PROD_11;1;1
CORD_ORD_1410;PROD_12;1;1
CORD_ORD_1410;PROD_15;1;1
CORD_ORD_1410;PROD_22;1;1
CORD_ORD_1410;PROD_26;1;1
CORD_ORD_1410;PROD_28;1;1
CORD_ORD_1410;PROD_32;1;1
CORD_ORD_1410;PROD_38;1;1
CORD_ORD_1410;PROD_4;1;1
CORD_ORD_1410;PROD_43;1;1
CORD_ORD_1410;PROD_48;1;1
CORD_ORD_1411;PROD_1;1;1
CORD_ORD_1411;PROD_10;1;1
CORD_ORD_1411;PROD_12;1;1
CORD_ORD_1411;PROD_13;1;1
CORD_ORD_1411;PROD_21;1;1
CORD_ORD_1411;PROD_24;1;1
CORD_ORD_1411;PROD_26;1;1
CORD_ORD_1411;PROD_3;1;1
CORD_ORD_1411;PROD_30;1;1
CORD_ORD_1411;PROD_33;1;1
CORD_ORD_1411;PROD_36;1;1
CORD_ORD_1411;PROD_43;1;1
CORD_ORD_1411;PROD_46;1;1
CORD_ORD_1411;PROD_8;1;1
CORD_ORD_1412;PROD_10;1;1
CORD_ORD_1412;PROD_11;1;1
CORD_ORD_1412;PROD_17;1;1
CORD_ORD_1412;PROD_18;1;1
CORD_ORD_1412;PROD_2;1;1
CORD_ORD_1412;PROD_21;1;1
CORD_ORD_1412;PROD_24;1;1
CORD_ORD_1412;PROD_41;1;1
CORD_ORD_1412;PROD_43;1;1
CORD_ORD_1412;PROD_48;1;1
CORD_ORD_1413;PROD_10;1;1
CORD_ORD_1413;PROD_15;1;1
CORD_ORD_1413;PROD_20;1;1
CORD_ORD_1413;PROD_22;1;1
CORD_ORD_1413;PROD_28;1;1
CORD_ORD_1413;PROD_29;1;1
CORD_ORD_1413;PROD_30;1;1
CORD_ORD_1413;PROD_31;1;1
CORD_ORD_1413;PROD_32;1;1
CORD_ORD_1413;PROD_36;1;1
CORD_ORD_1413;PROD_38;1;1
CORD_ORD_1413;PROD_39;1;1
CORD_ORD_1413;PROD_4;1;1
CORD_ORD_1413;PROD_43;1;1
CORD_ORD_1413;PROD_46;1;1
CORD_ORD_1413;PROD_8;1;1
CORD_ORD_1414;PROD_1;1;1
CORD_ORD_1414;PROD_10;1;1
CORD_ORD_1414;PROD_15;1;1
CORD_ORD_1414;PROD_22;1;1
CORD_ORD_1414;PROD_28;1;1
CORD_ORD_1414;PROD_29;1;1
CORD_ORD_1414;PROD_3;1;1
CORD_ORD_1414;PROD_30;1;1
CORD_ORD_1414;PROD_31;1;1
CORD_ORD_1414;PROD_32;1;1
CORD_ORD_1414;PROD_34;1;1
CORD_ORD_1414;PROD_36;1;1
CORD_ORD_1414;PROD_38;1;1
CORD_ORD_1414;PROD_4;1;1
CORD_ORD_1414;PROD_43;1;1
CORD_ORD_1414;PROD_46;1;1
CORD_ORD_1414;PROD_5;1;1
CORD_ORD_1414;PROD_50;1;1
CORD_ORD_1414;PROD_6;1;1
CORD_ORD_1414;PROD_8;1;1
CORD_ORD_1415;PROD_10;1;1
CORD_ORD_1415;PROD_14;1;1
CORD_ORD_1415;PROD_18;1;1
CORD_ORD_1415;PROD_2;1;1
CORD_ORD_1415;PROD_35;1;1
CORD_ORD_1415;PROD_43;1;1
CORD_ORD_1415;PROD_7;1;1
CORD_ORD_1415;PROD_9;1;1
CORD_ORD_1416;PROD_1;1;1
CORD_ORD_1416;PROD_16;1;1
CORD_ORD_1416;PROD_18;1;1
CORD_ORD_1416;PROD_2;1;1
CORD_ORD_1416;PROD_20;1;1
CORD_ORD_1416;PROD_22;1;1
CORD_ORD_1416;PROD_25;1;1
CORD_ORD_1416;PROD_28;1;1
CORD_ORD_1416;PROD_3;1;1
CORD_ORD_1416;PROD_30;1;1
CORD_ORD_1416;PROD_36;1;1
CORD_ORD_1416;PROD_37;1;1
CORD_ORD_1416;PROD_38;1;1
CORD_ORD_1416;PROD_39;1;1
CORD_ORD_1416;PROD_4;1;1
CORD_ORD_1416;PROD_44;1;1
CORD_ORD_1416;PROD_46;1;1
CORD_ORD_1416;PROD_8;1;1
CORD_ORD_1417;PROD_10;1;1
CORD_ORD_1417;PROD_11;1;1
CORD_ORD_1417;PROD_12;1;1
CORD_ORD_1417;PROD_13;1;1
CORD_ORD_1417;PROD_17;1;1
CORD_ORD_1417;PROD_19;1;1
CORD_ORD_1417;PROD_21;1;1
CORD_ORD_1417;PROD_23;1;1
CORD_ORD_1417;PROD_24;1;1
CORD_ORD_1417;PROD_26;1;1
CORD_ORD_1417;PROD_33;1;1
CORD_ORD_1417;PROD_38;1;1
CORD_ORD_1417;PROD_4;1;1
CORD_ORD_1417;PROD_41;1;1
CORD_ORD_1417;PROD_42;1;1
CORD_ORD_1417;PROD_43;1;1
CORD_ORD_1417;PROD_45;1;1
CORD_ORD_1417;PROD_48;1;1
CORD_ORD_1418;PROD_1;1;1
CORD_ORD_1418;PROD_10;1;1
CORD_ORD_1418;PROD_12;1;1
CORD_ORD_1418;PROD_18;1;1
CORD_ORD_1418;PROD_2;1;1
CORD_ORD_1418;PROD_21;1;1
CORD_ORD_1418;PROD_24;1;1
CORD_ORD_1418;PROD_26;1;1
CORD_ORD_1418;PROD_29;1;1
CORD_ORD_1418;PROD_3;1;1
CORD_ORD_1418;PROD_30;1;1
CORD_ORD_1418;PROD_31;1;1
CORD_ORD_1418;PROD_36;1;1
CORD_ORD_1418;PROD_37;1;1
CORD_ORD_1418;PROD_43;1;1
CORD_ORD_1418;PROD_44;1;1
CORD_ORD_1418;PROD_46;1;1
CORD_ORD_1418;PROD_8;1;1
CORD_ORD_1419;PROD_11;1;1
CORD_ORD_1419;PROD_12;1;1
CORD_ORD_1419;PROD_13;1;1
CORD_ORD_1419;PROD_15;1;1
CORD_ORD_1419;PROD_17;1;1
CORD_ORD_1419;PROD_19;1;1
CORD_ORD_1419;PROD_21;1;1
CORD_ORD_1419;PROD_24;1;1
CORD_ORD_1419;PROD_26;1;1
CORD_ORD_1419;PROD_27;1;1
CORD_ORD_1419;PROD_32;1;1
CORD_ORD_1419;PROD_33;1;1
CORD_ORD_1419;PROD_37;1;1
CORD_ORD_1419;PROD_41;1;1
CORD_ORD_1419;PROD_44;1;1
CORD_ORD_1419;PROD_45;1;1
CORD_ORD_1419;PROD_48;1;1
CORD_ORD_1419;PROD_49;1;1
CORD_ORD_1420;PROD_11;1;1
CORD_ORD_1420;PROD_13;1;1
CORD_ORD_1420;PROD_14;1;1
CORD_ORD_1420;PROD_16;1;1
CORD_ORD_1420;PROD_18;1;1
CORD_ORD_1420;PROD_19;1;1
CORD_ORD_1420;PROD_2;1;1
CORD_ORD_1420;PROD_21;1;1
CORD_ORD_1420;PROD_23;1;1
CORD_ORD_1420;PROD_24;1;1
CORD_ORD_1420;PROD_25;1;1
CORD_ORD_1420;PROD_27;1;1
CORD_ORD_1420;PROD_33;1;1
CORD_ORD_1420;PROD_34;1;1
CORD_ORD_1420;PROD_36;1;1
CORD_ORD_1420;PROD_40;1;1
CORD_ORD_1420;PROD_42;1;1
CORD_ORD_1420;PROD_45;1;1
CORD_ORD_1420;PROD_46;1;1
CORD_ORD_1420;PROD_47;1;1
CORD_ORD_1420;PROD_48;1;1
CORD_ORD_1420;PROD_49;1;1
CORD_ORD_1420;PROD_5;1;1
CORD_ORD_1420;PROD_9;1;1
CORD_ORD_1421;PROD_11;1;1
CORD_ORD_1421;PROD_12;1;1
CORD_ORD_1421;PROD_15;1;1
CORD_ORD_1421;PROD_26;1;1
CORD_ORD_1421;PROD_27;1;1
CORD_ORD_1421;PROD_29;1;1
CORD_ORD_1421;PROD_31;1;1
CORD_ORD_1421;PROD_32;1;1
CORD_ORD_1421;PROD_38;1;1
CORD_ORD_1421;PROD_4;1;1
CORD_ORD_1421;PROD_48;1;1
CORD_ORD_1421;PROD_49;1;1
CORD_ORD_1422;PROD_10;1;1
CORD_ORD_1422;PROD_11;1;1
CORD_ORD_1422;PROD_14;1;1
CORD_ORD_1422;PROD_15;1;1
CORD_ORD_1422;PROD_17;1;1
CORD_ORD_1422;PROD_32;1;1
CORD_ORD_1422;PROD_34;1;1
CORD_ORD_1422;PROD_38;1;1
CORD_ORD_1422;PROD_4;1;1
CORD_ORD_1422;PROD_41;1;1
CORD_ORD_1422;PROD_43;1;1
CORD_ORD_1422;PROD_48;1;1
CORD_ORD_1422;PROD_5;1;1
CORD_ORD_1422;PROD_9;1;1
CORD_ORD_1423;PROD_11;1;1
CORD_ORD_1423;PROD_13;1;1
CORD_ORD_1423;PROD_19;1;1
CORD_ORD_1423;PROD_23;1;1
CORD_ORD_1423;PROD_29;1;1
CORD_ORD_1423;PROD_31;1;1
CORD_ORD_1423;PROD_33;1;1
CORD_ORD_1423;PROD_37;1;1
CORD_ORD_1423;PROD_42;1;1
CORD_ORD_1423;PROD_44;1;1
CORD_ORD_1423;PROD_45;1;1
CORD_ORD_1423;PROD_48;1;1
CORD_ORD_1424;PROD_1;1;1
CORD_ORD_1424;PROD_10;1;1
CORD_ORD_1424;PROD_15;1;1
CORD_ORD_1424;PROD_19;1;1
CORD_ORD_1424;PROD_23;1;1
CORD_ORD_1424;PROD_29;1;1
CORD_ORD_1424;PROD_3;1;1
CORD_ORD_1424;PROD_30;1;1
CORD_ORD_1424;PROD_31;1;1
CORD_ORD_1424;PROD_32;1;1
CORD_ORD_1424;PROD_35;1;1
CORD_ORD_1424;PROD_40;1;1
CORD_ORD_1424;PROD_42;1;1
CORD_ORD_1424;PROD_43;1;1
CORD_ORD_1424;PROD_45;1;1
CORD_ORD_1424;PROD_47;1;1
CORD_ORD_1424;PROD_7;1;1
CORD_ORD_1424;PROD_8;1;1
CORD_ORD_1425;PROD_1;1;1
CORD_ORD_1425;PROD_14;1;1
CORD_ORD_1425;PROD_15;1;1
CORD_ORD_1425;PROD_19;1;1
CORD_ORD_1425;PROD_3;1;1
CORD_ORD_1425;PROD_32;1;1
CORD_ORD_1425;PROD_40;1;1
CORD_ORD_1425;PROD_45;1;1
CORD_ORD_1425;PROD_47;1;1
CORD_ORD_1425;PROD_50;1;1
CORD_ORD_1425;PROD_6;1;1
CORD_ORD_1425;PROD_9;1;1
CORD_ORD_1426;PROD_10;1;1
CORD_ORD_1426;PROD_15;1;1
CORD_ORD_1426;PROD_32;1;1
CORD_ORD_1426;PROD_34;1;1
CORD_ORD_1426;PROD_38;1;1
CORD_ORD_1426;PROD_4;1;1
CORD_ORD_1426;PROD_43;1;1
CORD_ORD_1426;PROD_5;1;1
CORD_ORD_1427;PROD_11;1;1
CORD_ORD_1427;PROD_14;1;1
CORD_ORD_1427;PROD_22;1;1
CORD_ORD_1427;PROD_23;1;1
CORD_ORD_1427;PROD_27;1;1
CORD_ORD_1427;PROD_28;1;1
CORD_ORD_1427;PROD_36;1;1
CORD_ORD_1427;PROD_42;1;1
CORD_ORD_1427;PROD_46;1;1
CORD_ORD_1427;PROD_48;1;1
CORD_ORD_1427;PROD_49;1;1
CORD_ORD_1427;PROD_50;1;1
CORD_ORD_1427;PROD_6;1;1
CORD_ORD_1427;PROD_9;1;1
CORD_ORD_1428;PROD_1;1;1
CORD_ORD_1428;PROD_10;1;1
CORD_ORD_1428;PROD_13;1;1
CORD_ORD_1428;PROD_15;1;1
CORD_ORD_1428;PROD_20;1;1
CORD_ORD_1428;PROD_23;1;1
CORD_ORD_1428;PROD_27;1;1
CORD_ORD_1428;PROD_29;1;1
CORD_ORD_1428;PROD_3;1;1
CORD_ORD_1428;PROD_31;1;1
CORD_ORD_1428;PROD_32;1;1
CORD_ORD_1428;PROD_33;1;1
CORD_ORD_1428;PROD_35;1;1
CORD_ORD_1428;PROD_39;1;1
CORD_ORD_1428;PROD_40;1;1
CORD_ORD_1428;PROD_42;1;1
CORD_ORD_1428;PROD_43;1;1
CORD_ORD_1428;PROD_47;1;1
CORD_ORD_1428;PROD_49;1;1
CORD_ORD_1428;PROD_50;1;1
CORD_ORD_1428;PROD_6;1;1
CORD_ORD_1428;PROD_7;1;1
CORD_ORD_1429;PROD_10;1;1
CORD_ORD_1429;PROD_15;1;1
CORD_ORD_1429;PROD_21;1;1
CORD_ORD_1429;PROD_23;1;1
CORD_ORD_1429;PROD_24;1;1
CORD_ORD_1429;PROD_32;1;1
CORD_ORD_1429;PROD_36;1;1
CORD_ORD_1429;PROD_37;1;1
CORD_ORD_1429;PROD_38;1;1
CORD_ORD_1429;PROD_4;1;1
CORD_ORD_1429;PROD_42;1;1
CORD_ORD_1429;PROD_43;1;1
CORD_ORD_1429;PROD_44;1;1
CORD_ORD_1429;PROD_46;1;1
CORD_ORD_1429;PROD_50;1;1
CORD_ORD_1429;PROD_6;1;1
CORD_ORD_1430;PROD_10;1;1
CORD_ORD_1430;PROD_15;1;1
CORD_ORD_1430;PROD_22;1;1
CORD_ORD_1430;PROD_28;1;1
CORD_ORD_1430;PROD_29;1;1
CORD_ORD_1430;PROD_31;1;1
CORD_ORD_1430;PROD_32;1;1
CORD_ORD_1430;PROD_34;1;1
CORD_ORD_1430;PROD_43;1;1
CORD_ORD_1430;PROD_5;1;1
CORD_ORD_1430;PROD_50;1;1
CORD_ORD_1430;PROD_6;1;1
CORD_ORD_1431;PROD_1;1;1
CORD_ORD_1431;PROD_10;1;1
CORD_ORD_1431;PROD_12;1;1
CORD_ORD_1431;PROD_15;1;1
CORD_ORD_1431;PROD_18;1;1
CORD_ORD_1431;PROD_2;1;1
CORD_ORD_1431;PROD_21;1;1
CORD_ORD_1431;PROD_24;1;1
CORD_ORD_1431;PROD_26;1;1
CORD_ORD_1431;PROD_3;1;1
CORD_ORD_1431;PROD_32;1;1
CORD_ORD_1431;PROD_36;1;1
CORD_ORD_1431;PROD_37;1;1
CORD_ORD_1431;PROD_40;1;1
CORD_ORD_1431;PROD_43;1;1
CORD_ORD_1431;PROD_44;1;1
CORD_ORD_1431;PROD_46;1;1
CORD_ORD_1431;PROD_47;1;1
CORD_ORD_1432;PROD_10;1;1
CORD_ORD_1432;PROD_11;1;1
CORD_ORD_1432;PROD_22;1;1
CORD_ORD_1432;PROD_28;1;1
CORD_ORD_1432;PROD_37;1;1
CORD_ORD_1432;PROD_43;1;1
CORD_ORD_1432;PROD_44;1;1
CORD_ORD_1432;PROD_48;1;1
CORD_ORD_1433;PROD_10;1;1
CORD_ORD_1433;PROD_11;1;1
CORD_ORD_1433;PROD_13;1;1
CORD_ORD_1433;PROD_14;1;1
CORD_ORD_1433;PROD_15;1;1
CORD_ORD_1433;PROD_16;1;1
CORD_ORD_1433;PROD_18;1;1
CORD_ORD_1433;PROD_19;1;1
CORD_ORD_1433;PROD_2;1;1
CORD_ORD_1433;PROD_23;1;1
CORD_ORD_1433;PROD_25;1;1
CORD_ORD_1433;PROD_29;1;1
CORD_ORD_1433;PROD_31;1;1
CORD_ORD_1433;PROD_32;1;1
CORD_ORD_1433;PROD_33;1;1
CORD_ORD_1433;PROD_36;1;1
CORD_ORD_1433;PROD_37;1;1
CORD_ORD_1433;PROD_42;1;1
CORD_ORD_1433;PROD_43;1;1
CORD_ORD_1433;PROD_44;1;1
CORD_ORD_1433;PROD_45;1;1
CORD_ORD_1433;PROD_46;1;1
CORD_ORD_1433;PROD_48;1;1
CORD_ORD_1433;PROD_9;1;1
CORD_ORD_1434;PROD_10;1;1
CORD_ORD_1434;PROD_12;1;1
CORD_ORD_1434;PROD_13;1;1
CORD_ORD_1434;PROD_15;1;1
CORD_ORD_1434;PROD_16;1;1
CORD_ORD_1434;PROD_19;1;1
CORD_ORD_1434;PROD_20;1;1
CORD_ORD_1434;PROD_23;1;1
CORD_ORD_1434;PROD_25;1;1
CORD_ORD_1434;PROD_26;1;1
CORD_ORD_1434;PROD_27;1;1
CORD_ORD_1434;PROD_30;1;1
CORD_ORD_1434;PROD_32;1;1
CORD_ORD_1434;PROD_33;1;1
CORD_ORD_1434;PROD_38;1;1
CORD_ORD_1434;PROD_39;1;1
CORD_ORD_1434;PROD_4;1;1
CORD_ORD_1434;PROD_42;1;1
CORD_ORD_1434;PROD_43;1;1
CORD_ORD_1434;PROD_45;1;1
CORD_ORD_1434;PROD_49;1;1
CORD_ORD_1434;PROD_8;1;1
CORD_ORD_1435;PROD_10;1;1
CORD_ORD_1435;PROD_11;1;1
CORD_ORD_1435;PROD_13;1;1
CORD_ORD_1435;PROD_19;1;1
CORD_ORD_1435;PROD_20;1;1
CORD_ORD_1435;PROD_23;1;1
CORD_ORD_1435;PROD_29;1;1
CORD_ORD_1435;PROD_30;1;1
CORD_ORD_1435;PROD_31;1;1
CORD_ORD_1435;PROD_33;1;1
CORD_ORD_1435;PROD_37;1;1
CORD_ORD_1435;PROD_39;1;1
CORD_ORD_1435;PROD_42;1;1
CORD_ORD_1435;PROD_43;1;1
CORD_ORD_1435;PROD_44;1;1
CORD_ORD_1435;PROD_45;1;1
CORD_ORD_1435;PROD_48;1;1
CORD_ORD_1435;PROD_8;1;1
CORD_ORD_1436;PROD_1;1;1
CORD_ORD_1436;PROD_10;1;1
CORD_ORD_1436;PROD_13;1;1
CORD_ORD_1436;PROD_14;1;1
CORD_ORD_1436;PROD_16;1;1
CORD_ORD_1436;PROD_17;1;1
CORD_ORD_1436;PROD_22;1;1
CORD_ORD_1436;PROD_25;1;1
CORD_ORD_1436;PROD_27;1;1
CORD_ORD_1436;PROD_28;1;1
CORD_ORD_1436;PROD_29;1;1
CORD_ORD_1436;PROD_3;1;1
CORD_ORD_1436;PROD_30;1;1
CORD_ORD_1436;PROD_31;1;1
CORD_ORD_1436;PROD_33;1;1
CORD_ORD_1436;PROD_38;1;1
CORD_ORD_1436;PROD_4;1;1
CORD_ORD_1436;PROD_41;1;1
CORD_ORD_1436;PROD_43;1;1
CORD_ORD_1436;PROD_49;1;1
CORD_ORD_1436;PROD_50;1;1
CORD_ORD_1436;PROD_6;1;1
CORD_ORD_1436;PROD_8;1;1
CORD_ORD_1436;PROD_9;1;1
CORD_ORD_1437;PROD_12;1;1
CORD_ORD_1437;PROD_13;1;1
CORD_ORD_1437;PROD_17;1;1
CORD_ORD_1437;PROD_21;1;1
CORD_ORD_1437;PROD_23;1;1
CORD_ORD_1437;PROD_24;1;1
CORD_ORD_1437;PROD_26;1;1
CORD_ORD_1437;PROD_33;1;1
CORD_ORD_1437;PROD_37;1;1
CORD_ORD_1437;PROD_41;1;1
CORD_ORD_1437;PROD_42;1;1
CORD_ORD_1437;PROD_44;1;1
CORD_ORD_1437;PROD_50;1;1
CORD_ORD_1437;PROD_6;1;1
CORD_ORD_1438;PROD_11;1;1
CORD_ORD_1438;PROD_13;1;1
CORD_ORD_1438;PROD_17;1;1
CORD_ORD_1438;PROD_19;1;1
CORD_ORD_1438;PROD_33;1;1
CORD_ORD_1438;PROD_36;1;1
CORD_ORD_1438;PROD_37;1;1
CORD_ORD_1438;PROD_41;1;1
CORD_ORD_1438;PROD_44;1;1
CORD_ORD_1438;PROD_45;1;1
CORD_ORD_1438;PROD_46;1;1
CORD_ORD_1438;PROD_48;1;1
CORD_ORD_1438;PROD_50;1;1
CORD_ORD_1438;PROD_6;1;1
CORD_ORD_1439;PROD_1;1;1
CORD_ORD_1439;PROD_10;1;1
CORD_ORD_1439;PROD_11;1;1
CORD_ORD_1439;PROD_3;1;1
CORD_ORD_1439;PROD_30;1;1
CORD_ORD_1439;PROD_36;1;1
CORD_ORD_1439;PROD_43;1;1
CORD_ORD_1439;PROD_46;1;1
CORD_ORD_1439;PROD_48;1;1
CORD_ORD_1439;PROD_8;1;1
CORD_ORD_1440;PROD_1;1;1
CORD_ORD_1440;PROD_10;1;1
CORD_ORD_1440;PROD_18;1;1
CORD_ORD_1440;PROD_2;1;1
CORD_ORD_1440;PROD_20;1;1
CORD_ORD_1440;PROD_29;1;1
CORD_ORD_1440;PROD_3;1;1
CORD_ORD_1440;PROD_30;1;1
CORD_ORD_1440;PROD_31;1;1
CORD_ORD_1440;PROD_34;1;1
CORD_ORD_1440;PROD_36;1;1
CORD_ORD_1440;PROD_37;1;1
CORD_ORD_1440;PROD_39;1;1
CORD_ORD_1440;PROD_43;1;1
CORD_ORD_1440;PROD_44;1;1
CORD_ORD_1440;PROD_46;1;1
CORD_ORD_1440;PROD_5;1;1
CORD_ORD_1440;PROD_8;1;1
CORD_ORD_1441;PROD_11;1;1
CORD_ORD_1441;PROD_13;1;1
CORD_ORD_1441;PROD_15;1;1
CORD_ORD_1441;PROD_16;1;1
CORD_ORD_1441;PROD_19;1;1
CORD_ORD_1441;PROD_25;1;1
CORD_ORD_1441;PROD_32;1;1
CORD_ORD_1441;PROD_33;1;1
CORD_ORD_1441;PROD_34;1;1
CORD_ORD_1441;PROD_36;1;1
CORD_ORD_1441;PROD_37;1;1
CORD_ORD_1441;PROD_40;1;1
CORD_ORD_1441;PROD_44;1;1
CORD_ORD_1441;PROD_45;1;1
CORD_ORD_1441;PROD_46;1;1
CORD_ORD_1441;PROD_47;1;1
CORD_ORD_1441;PROD_48;1;1
CORD_ORD_1441;PROD_5;1;1
CORD_ORD_1442;PROD_1;1;1
CORD_ORD_1442;PROD_15;1;1
CORD_ORD_1442;PROD_16;1;1
CORD_ORD_1442;PROD_23;1;1
CORD_ORD_1442;PROD_25;1;1
CORD_ORD_1442;PROD_29;1;1
CORD_ORD_1442;PROD_3;1;1
CORD_ORD_1442;PROD_31;1;1
CORD_ORD_1442;PROD_32;1;1
CORD_ORD_1442;PROD_34;1;1
CORD_ORD_1442;PROD_36;1;1
CORD_ORD_1442;PROD_40;1;1
CORD_ORD_1442;PROD_42;1;1
CORD_ORD_1442;PROD_46;1;1
CORD_ORD_1442;PROD_47;1;1
CORD_ORD_1442;PROD_5;1;1
CORD_ORD_1443;PROD_11;1;1
CORD_ORD_1443;PROD_12;1;1
CORD_ORD_1443;PROD_13;1;1
CORD_ORD_1443;PROD_14;1;1
CORD_ORD_1443;PROD_16;1;1
CORD_ORD_1443;PROD_19;1;1
CORD_ORD_1443;PROD_21;1;1
CORD_ORD_1443;PROD_24;1;1
CORD_ORD_1443;PROD_25;1;1
CORD_ORD_1443;PROD_26;1;1
CORD_ORD_1443;PROD_33;1;1
CORD_ORD_1443;PROD_37;1;1
CORD_ORD_1443;PROD_44;1;1
CORD_ORD_1443;PROD_45;1;1
CORD_ORD_1443;PROD_48;1;1
CORD_ORD_1443;PROD_9;1;1
CORD_ORD_1444;PROD_1;1;1
CORD_ORD_1444;PROD_10;1;1
CORD_ORD_1444;PROD_11;1;1
CORD_ORD_1444;PROD_17;1;1
CORD_ORD_1444;PROD_18;1;1
CORD_ORD_1444;PROD_2;1;1
CORD_ORD_1444;PROD_3;1;1
CORD_ORD_1444;PROD_36;1;1
CORD_ORD_1444;PROD_37;1;1
CORD_ORD_1444;PROD_41;1;1
CORD_ORD_1444;PROD_43;1;1
CORD_ORD_1444;PROD_44;1;1
CORD_ORD_1444;PROD_46;1;1
CORD_ORD_1444;PROD_48;1;1
CORD_ORD_1445;PROD_1;1;1
CORD_ORD_1445;PROD_10;1;1
CORD_ORD_1445;PROD_15;1;1
CORD_ORD_1445;PROD_29;1;1
CORD_ORD_1445;PROD_3;1;1
CORD_ORD_1445;PROD_31;1;1
CORD_ORD_1445;PROD_32;1;1
CORD_ORD_1445;PROD_40;1;1
CORD_ORD_1445;PROD_43;1;1
CORD_ORD_1445;PROD_47;1;1
CORD_ORD_1446;PROD_10;1;1
CORD_ORD_1446;PROD_11;1;1
CORD_ORD_1446;PROD_22;1;1
CORD_ORD_1446;PROD_28;1;1
CORD_ORD_1446;PROD_34;1;1
CORD_ORD_1446;PROD_37;1;1
CORD_ORD_1446;PROD_43;1;1
CORD_ORD_1446;PROD_44;1;1
CORD_ORD_1446;PROD_48;1;1
CORD_ORD_1446;PROD_5;1;1
CORD_ORD_1447;PROD_10;1;1
CORD_ORD_1447;PROD_12;1;1
CORD_ORD_1447;PROD_16;1;1
CORD_ORD_1447;PROD_18;1;1
CORD_ORD_1447;PROD_2;1;1
CORD_ORD_1447;PROD_25;1;1
CORD_ORD_1447;PROD_26;1;1
CORD_ORD_1447;PROD_35;1;1
CORD_ORD_1447;PROD_37;1;1
CORD_ORD_1447;PROD_38;1;1
CORD_ORD_1447;PROD_4;1;1
CORD_ORD_1447;PROD_40;1;1
CORD_ORD_1447;PROD_43;1;1
CORD_ORD_1447;PROD_44;1;1
CORD_ORD_1447;PROD_47;1;1
CORD_ORD_1447;PROD_50;1;1
CORD_ORD_1447;PROD_6;1;1
CORD_ORD_1447;PROD_7;1;1
CORD_ORD_1448;PROD_20;1;1
CORD_ORD_1448;PROD_30;1;1
CORD_ORD_1448;PROD_36;1;1
CORD_ORD_1448;PROD_38;1;1
CORD_ORD_1448;PROD_39;1;1
CORD_ORD_1448;PROD_4;1;1
CORD_ORD_1448;PROD_46;1;1
CORD_ORD_1448;PROD_8;1;1
CORD_ORD_1449;PROD_1;1;1
CORD_ORD_1449;PROD_10;1;1
CORD_ORD_1449;PROD_11;1;1
CORD_ORD_1449;PROD_14;1;1
CORD_ORD_1449;PROD_17;1;1
CORD_ORD_1449;PROD_18;1;1
CORD_ORD_1449;PROD_2;1;1
CORD_ORD_1449;PROD_23;1;1
CORD_ORD_1449;PROD_3;1;1
CORD_ORD_1449;PROD_34;1;1
CORD_ORD_1449;PROD_36;1;1
CORD_ORD_1449;PROD_41;1;1
CORD_ORD_1449;PROD_42;1;1
CORD_ORD_1449;PROD_43;1;1
CORD_ORD_1449;PROD_46;1;1
CORD_ORD_1449;PROD_48;1;1
CORD_ORD_1449;PROD_5;1;1
CORD_ORD_1449;PROD_9;1;1
CORD_ORD_1450;PROD_17;1;1
CORD_ORD_1450;PROD_18;1;1
CORD_ORD_1450;PROD_2;1;1
CORD_ORD_1450;PROD_20;1;1
CORD_ORD_1450;PROD_37;1;1
CORD_ORD_1450;PROD_39;1;1
CORD_ORD_1450;PROD_41;1;1
CORD_ORD_1450;PROD_44;1;1
CORD_ORD_1451;PROD_1;1;1
CORD_ORD_1451;PROD_10;1;1
CORD_ORD_1451;PROD_15;1;1
CORD_ORD_1451;PROD_20;1;1
CORD_ORD_1451;PROD_21;1;1
CORD_ORD_1451;PROD_22;1;1
CORD_ORD_1451;PROD_24;1;1
CORD_ORD_1451;PROD_28;1;1
CORD_ORD_1451;PROD_3;1;1
CORD_ORD_1451;PROD_30;1;1
CORD_ORD_1451;PROD_32;1;1
CORD_ORD_1451;PROD_34;1;1
CORD_ORD_1451;PROD_36;1;1
CORD_ORD_1451;PROD_38;1;1
CORD_ORD_1451;PROD_39;1;1
CORD_ORD_1451;PROD_4;1;1
CORD_ORD_1451;PROD_43;1;1
CORD_ORD_1451;PROD_46;1;1
CORD_ORD_1451;PROD_5;1;1
CORD_ORD_1451;PROD_8;1;1
CORD_ORD_1452;PROD_1;1;1
CORD_ORD_1452;PROD_10;1;1
CORD_ORD_1452;PROD_14;1;1
CORD_ORD_1452;PROD_15;1;1
CORD_ORD_1452;PROD_22;1;1
CORD_ORD_1452;PROD_28;1;1
CORD_ORD_1452;PROD_29;1;1
CORD_ORD_1452;PROD_3;1;1
CORD_ORD_1452;PROD_30;1;1
CORD_ORD_1452;PROD_31;1;1
CORD_ORD_1452;PROD_32;1;1
CORD_ORD_1452;PROD_35;1;1
CORD_ORD_1452;PROD_36;1;1
CORD_ORD_1452;PROD_40;1;1
CORD_ORD_1452;PROD_43;1;1
CORD_ORD_1452;PROD_46;1;1
CORD_ORD_1452;PROD_47;1;1
CORD_ORD_1452;PROD_7;1;1
CORD_ORD_1452;PROD_8;1;1
CORD_ORD_1452;PROD_9;1;1
CORD_ORD_1453;PROD_12;1;1
CORD_ORD_1453;PROD_15;1;1
CORD_ORD_1453;PROD_26;1;1
CORD_ORD_1453;PROD_29;1;1
CORD_ORD_1453;PROD_30;1;1
CORD_ORD_1453;PROD_31;1;1
CORD_ORD_1453;PROD_32;1;1
CORD_ORD_1453;PROD_36;1;1
CORD_ORD_1453;PROD_37;1;1
CORD_ORD_1453;PROD_38;1;1
CORD_ORD_1453;PROD_4;1;1
CORD_ORD_1453;PROD_44;1;1
CORD_ORD_1453;PROD_46;1;1
CORD_ORD_1453;PROD_8;1;1
CORD_ORD_1454;PROD_1;1;1
CORD_ORD_1454;PROD_10;1;1
CORD_ORD_1454;PROD_12;1;1
CORD_ORD_1454;PROD_13;1;1
CORD_ORD_1454;PROD_16;1;1
CORD_ORD_1454;PROD_25;1;1
CORD_ORD_1454;PROD_26;1;1
CORD_ORD_1454;PROD_27;1;1
CORD_ORD_1454;PROD_3;1;1
CORD_ORD_1454;PROD_33;1;1
CORD_ORD_1454;PROD_34;1;1
CORD_ORD_1454;PROD_38;1;1
CORD_ORD_1454;PROD_4;1;1
CORD_ORD_1454;PROD_40;1;1
CORD_ORD_1454;PROD_43;1;1
CORD_ORD_1454;PROD_47;1;1
CORD_ORD_1454;PROD_49;1;1
CORD_ORD_1454;PROD_5;1;1
CORD_ORD_1455;PROD_1;1;1
CORD_ORD_1455;PROD_10;1;1
CORD_ORD_1455;PROD_15;1;1
CORD_ORD_1455;PROD_29;1;1
CORD_ORD_1455;PROD_3;1;1
CORD_ORD_1455;PROD_31;1;1
CORD_ORD_1455;PROD_32;1;1
CORD_ORD_1455;PROD_37;1;1
CORD_ORD_1455;PROD_40;1;1
CORD_ORD_1455;PROD_43;1;1
CORD_ORD_1455;PROD_44;1;1
CORD_ORD_1455;PROD_47;1;1
CORD_ORD_1456;PROD_15;1;1
CORD_ORD_1456;PROD_18;1;1
CORD_ORD_1456;PROD_2;1;1
CORD_ORD_1456;PROD_20;1;1
CORD_ORD_1456;PROD_22;1;1
CORD_ORD_1456;PROD_23;1;1
CORD_ORD_1456;PROD_28;1;1
CORD_ORD_1456;PROD_32;1;1
CORD_ORD_1456;PROD_39;1;1
CORD_ORD_1456;PROD_42;1;1
CORD_ORD_1457;PROD_10;1;1
CORD_ORD_1457;PROD_11;1;1
CORD_ORD_1457;PROD_14;1;1
CORD_ORD_1457;PROD_17;1;1
CORD_ORD_1457;PROD_18;1;1
CORD_ORD_1457;PROD_2;1;1
CORD_ORD_1457;PROD_36;1;1
CORD_ORD_1457;PROD_41;1;1
CORD_ORD_1457;PROD_43;1;1
CORD_ORD_1457;PROD_46;1;1
CORD_ORD_1457;PROD_48;1;1
CORD_ORD_1457;PROD_9;1;1
CORD_ORD_1458;PROD_11;1;1
CORD_ORD_1458;PROD_15;1;1
CORD_ORD_1458;PROD_27;1;1
CORD_ORD_1458;PROD_29;1;1
CORD_ORD_1458;PROD_30;1;1
CORD_ORD_1458;PROD_31;1;1
CORD_ORD_1458;PROD_32;1;1
CORD_ORD_1458;PROD_36;1;1
CORD_ORD_1458;PROD_46;1;1
CORD_ORD_1458;PROD_48;1;1
CORD_ORD_1458;PROD_49;1;1
CORD_ORD_1458;PROD_8;1;1
CORD_ORD_1459;PROD_20;1;1
CORD_ORD_1459;PROD_21;1;1
CORD_ORD_1459;PROD_23;1;1
CORD_ORD_1459;PROD_24;1;1
CORD_ORD_1459;PROD_30;1;1
CORD_ORD_1459;PROD_37;1;1
CORD_ORD_1459;PROD_39;1;1
CORD_ORD_1459;PROD_42;1;1
CORD_ORD_1459;PROD_44;1;1
CORD_ORD_1459;PROD_8;1;1
CORD_ORD_1460;PROD_10;1;1
CORD_ORD_1460;PROD_29;1;1
CORD_ORD_1460;PROD_30;1;1
CORD_ORD_1460;PROD_31;1;1
CORD_ORD_1460;PROD_40;1;1
CORD_ORD_1460;PROD_43;1;1
CORD_ORD_1460;PROD_47;1;1
CORD_ORD_1460;PROD_8;1;1
CORD_ORD_1461;PROD_10;1;1
CORD_ORD_1461;PROD_17;1;1
CORD_ORD_1461;PROD_20;1;1
CORD_ORD_1461;PROD_27;1;1
CORD_ORD_1461;PROD_35;1;1
CORD_ORD_1461;PROD_36;1;1
CORD_ORD_1461;PROD_39;1;1
CORD_ORD_1461;PROD_40;1;1
CORD_ORD_1461;PROD_41;1;1
CORD_ORD_1461;PROD_43;1;1
CORD_ORD_1461;PROD_46;1;1
CORD_ORD_1461;PROD_47;1;1
CORD_ORD_1461;PROD_49;1;1
CORD_ORD_1461;PROD_7;1;1
CORD_ORD_1462;PROD_13;1;1
CORD_ORD_1462;PROD_15;1;1
CORD_ORD_1462;PROD_27;1;1
CORD_ORD_1462;PROD_32;1;1
CORD_ORD_1462;PROD_33;1;1
CORD_ORD_1462;PROD_35;1;1
CORD_ORD_1462;PROD_49;1;1
CORD_ORD_1462;PROD_7;1;1
CORD_ORD_1463;PROD_12;1;1
CORD_ORD_1463;PROD_20;1;1
CORD_ORD_1463;PROD_21;1;1
CORD_ORD_1463;PROD_23;1;1
CORD_ORD_1463;PROD_24;1;1
CORD_ORD_1463;PROD_26;1;1
CORD_ORD_1463;PROD_35;1;1
CORD_ORD_1463;PROD_37;1;1
CORD_ORD_1463;PROD_39;1;1
CORD_ORD_1463;PROD_42;1;1
CORD_ORD_1463;PROD_44;1;1
CORD_ORD_1463;PROD_7;1;1
CORD_ORD_1464;PROD_1;1;1
CORD_ORD_1464;PROD_13;1;1
CORD_ORD_1464;PROD_14;1;1
CORD_ORD_1464;PROD_17;1;1
CORD_ORD_1464;PROD_18;1;1
CORD_ORD_1464;PROD_2;1;1
CORD_ORD_1464;PROD_27;1;1
CORD_ORD_1464;PROD_3;1;1
CORD_ORD_1464;PROD_33;1;1
CORD_ORD_1464;PROD_34;1;1
CORD_ORD_1464;PROD_37;1;1
CORD_ORD_1464;PROD_38;1;1
CORD_ORD_1464;PROD_4;1;1
CORD_ORD_1464;PROD_41;1;1
CORD_ORD_1464;PROD_44;1;1
CORD_ORD_1464;PROD_49;1;1
CORD_ORD_1464;PROD_5;1;1
CORD_ORD_1464;PROD_9;1;1
CORD_ORD_1465;PROD_11;1;1
CORD_ORD_1465;PROD_13;1;1
CORD_ORD_1465;PROD_15;1;1
CORD_ORD_1465;PROD_19;1;1
CORD_ORD_1465;PROD_32;1;1
CORD_ORD_1465;PROD_33;1;1
CORD_ORD_1465;PROD_34;1;1
CORD_ORD_1465;PROD_37;1;1
CORD_ORD_1465;PROD_38;1;1
CORD_ORD_1465;PROD_4;1;1
CORD_ORD_1465;PROD_44;1;1
CORD_ORD_1465;PROD_45;1;1
CORD_ORD_1465;PROD_48;1;1
CORD_ORD_1465;PROD_5;1;1
CORD_ORD_1466;PROD_1;1;1
CORD_ORD_1466;PROD_11;1;1
CORD_ORD_1466;PROD_12;1;1
CORD_ORD_1466;PROD_13;1;1
CORD_ORD_1466;PROD_14;1;1
CORD_ORD_1466;PROD_15;1;1
CORD_ORD_1466;PROD_16;1;1
CORD_ORD_1466;PROD_17;1;1
CORD_ORD_1466;PROD_18;1;1
CORD_ORD_1466;PROD_2;1;1
CORD_ORD_1466;PROD_25;1;1
CORD_ORD_1466;PROD_26;1;1
CORD_ORD_1466;PROD_3;1;1
CORD_ORD_1466;PROD_30;1;1
CORD_ORD_1466;PROD_32;1;1
CORD_ORD_1466;PROD_33;1;1
CORD_ORD_1466;PROD_40;1;1
CORD_ORD_1466;PROD_41;1;1
CORD_ORD_1466;PROD_47;1;1
CORD_ORD_1466;PROD_48;1;1
CORD_ORD_1466;PROD_50;1;1
CORD_ORD_1466;PROD_6;1;1
CORD_ORD_1466;PROD_8;1;1
CORD_ORD_1466;PROD_9;1;1
CORD_ORD_1467;PROD_10;1;1
CORD_ORD_1467;PROD_11;1;1
CORD_ORD_1467;PROD_12;1;1
CORD_ORD_1467;PROD_15;1;1
CORD_ORD_1467;PROD_22;1;1
CORD_ORD_1467;PROD_26;1;1
CORD_ORD_1467;PROD_28;1;1
CORD_ORD_1467;PROD_29;1;1
CORD_ORD_1467;PROD_31;1;1
CORD_ORD_1467;PROD_32;1;1
CORD_ORD_1467;PROD_35;1;1
CORD_ORD_1467;PROD_37;1;1
CORD_ORD_1467;PROD_38;1;1
CORD_ORD_1467;PROD_4;1;1
CORD_ORD_1467;PROD_43;1;1
CORD_ORD_1467;PROD_44;1;1
CORD_ORD_1467;PROD_48;1;1
CORD_ORD_1467;PROD_50;1;1
CORD_ORD_1467;PROD_6;1;1
CORD_ORD_1467;PROD_7;1;1
CORD_ORD_1468;PROD_12;1;1
CORD_ORD_1468;PROD_15;1;1
CORD_ORD_1468;PROD_18;1;1
CORD_ORD_1468;PROD_2;1;1
CORD_ORD_1468;PROD_23;1;1
CORD_ORD_1468;PROD_26;1;1
CORD_ORD_1468;PROD_32;1;1
CORD_ORD_1468;PROD_38;1;1
CORD_ORD_1468;PROD_4;1;1
CORD_ORD_1468;PROD_40;1;1
CORD_ORD_1468;PROD_42;1;1
CORD_ORD_1468;PROD_47;1;1
CORD_ORD_1469;PROD_10;1;1
CORD_ORD_1469;PROD_11;1;1
CORD_ORD_1469;PROD_14;1;1
CORD_ORD_1469;PROD_17;1;1
CORD_ORD_1469;PROD_19;1;1
CORD_ORD_1469;PROD_27;1;1
CORD_ORD_1469;PROD_30;1;1
CORD_ORD_1469;PROD_35;1;1
CORD_ORD_1469;PROD_38;1;1
CORD_ORD_1469;PROD_4;1;1
CORD_ORD_1469;PROD_41;1;1
CORD_ORD_1469;PROD_43;1;1
CORD_ORD_1469;PROD_45;1;1
CORD_ORD_1469;PROD_48;1;1
CORD_ORD_1469;PROD_49;1;1
CORD_ORD_1469;PROD_7;1;1
CORD_ORD_1469;PROD_8;1;1
CORD_ORD_1469;PROD_9;1;1
CORD_ORD_1470;PROD_12;1;1
CORD_ORD_1470;PROD_21;1;1
CORD_ORD_1470;PROD_22;1;1
CORD_ORD_1470;PROD_23;1;1
CORD_ORD_1470;PROD_24;1;1
CORD_ORD_1470;PROD_26;1;1
CORD_ORD_1470;PROD_28;1;1
CORD_ORD_1470;PROD_37;1;1
CORD_ORD_1470;PROD_42;1;1
CORD_ORD_1470;PROD_44;1;1
CORD_ORD_1471;PROD_11;1;1
CORD_ORD_1471;PROD_13;1;1
CORD_ORD_1471;PROD_15;1;1
CORD_ORD_1471;PROD_17;1;1
CORD_ORD_1471;PROD_19;1;1
CORD_ORD_1471;PROD_20;1;1
CORD_ORD_1471;PROD_21;1;1
CORD_ORD_1471;PROD_24;1;1
CORD_ORD_1471;PROD_27;1;1
CORD_ORD_1471;PROD_32;1;1
CORD_ORD_1471;PROD_33;1;1
CORD_ORD_1471;PROD_36;1;1
CORD_ORD_1471;PROD_39;1;1
CORD_ORD_1471;PROD_41;1;1
CORD_ORD_1471;PROD_45;1;1
CORD_ORD_1471;PROD_46;1;1
CORD_ORD_1471;PROD_48;1;1
CORD_ORD_1471;PROD_49;1;1
CORD_ORD_1472;PROD_13;1;1
CORD_ORD_1472;PROD_22;1;1
CORD_ORD_1472;PROD_28;1;1
CORD_ORD_1472;PROD_30;1;1
CORD_ORD_1472;PROD_33;1;1
CORD_ORD_1472;PROD_34;1;1
CORD_ORD_1472;PROD_40;1;1
CORD_ORD_1472;PROD_47;1;1
CORD_ORD_1472;PROD_5;1;1
CORD_ORD_1472;PROD_8;1;1
CORD_ORD_1473;PROD_1;1;1
CORD_ORD_1473;PROD_10;1;1
CORD_ORD_1473;PROD_14;1;1
CORD_ORD_1473;PROD_17;1;1
CORD_ORD_1473;PROD_18;1;1
CORD_ORD_1473;PROD_2;1;1
CORD_ORD_1473;PROD_27;1;1
CORD_ORD_1473;PROD_29;1;1
CORD_ORD_1473;PROD_3;1;1
CORD_ORD_1473;PROD_30;1;1
CORD_ORD_1473;PROD_31;1;1
CORD_ORD_1473;PROD_35;1;1
CORD_ORD_1473;PROD_36;1;1
CORD_ORD_1473;PROD_37;1;1
CORD_ORD_1473;PROD_41;1;1
CORD_ORD_1473;PROD_43;1;1
CORD_ORD_1473;PROD_44;1;1
CORD_ORD_1473;PROD_46;1;1
CORD_ORD_1473;PROD_49;1;1
CORD_ORD_1473;PROD_7;1;1
CORD_ORD_1473;PROD_8;1;1
CORD_ORD_1473;PROD_9;1;1
CORD_ORD_1474;PROD_10;1;1
CORD_ORD_1474;PROD_11;1;1
CORD_ORD_1474;PROD_15;1;1
CORD_ORD_1474;PROD_18;1;1
CORD_ORD_1474;PROD_2;1;1
CORD_ORD_1474;PROD_22;1;1
CORD_ORD_1474;PROD_28;1;1
CORD_ORD_1474;PROD_29;1;1
CORD_ORD_1474;PROD_31;1;1
CORD_ORD_1474;PROD_32;1;1
CORD_ORD_1474;PROD_37;1;1
CORD_ORD_1474;PROD_43;1;1
CORD_ORD_1474;PROD_44;1;1
CORD_ORD_1474;PROD_48;1;1
CORD_ORD_1474;PROD_50;1;1
CORD_ORD_1474;PROD_6;1;1
CORD_ORD_1475;PROD_10;1;1
CORD_ORD_1475;PROD_19;1;1
CORD_ORD_1475;PROD_22;1;1
CORD_ORD_1475;PROD_23;1;1
CORD_ORD_1475;PROD_27;1;1
CORD_ORD_1475;PROD_28;1;1
CORD_ORD_1475;PROD_30;1;1
CORD_ORD_1475;PROD_36;1;1
CORD_ORD_1475;PROD_37;1;1
CORD_ORD_1475;PROD_38;1;1
CORD_ORD_1475;PROD_4;1;1
CORD_ORD_1475;PROD_42;1;1
CORD_ORD_1475;PROD_43;1;1
CORD_ORD_1475;PROD_44;1;1
CORD_ORD_1475;PROD_45;1;1
CORD_ORD_1475;PROD_46;1;1
CORD_ORD_1475;PROD_49;1;1
CORD_ORD_1475;PROD_8;1;1
CORD_ORD_1476;PROD_1;1;1
CORD_ORD_1476;PROD_12;1;1
CORD_ORD_1476;PROD_14;1;1
CORD_ORD_1476;PROD_15;1;1
CORD_ORD_1476;PROD_17;1;1
CORD_ORD_1476;PROD_18;1;1
CORD_ORD_1476;PROD_19;1;1
CORD_ORD_1476;PROD_2;1;1
CORD_ORD_1476;PROD_21;1;1
CORD_ORD_1476;PROD_24;1;1
CORD_ORD_1476;PROD_26;1;1
CORD_ORD_1476;PROD_3;1;1
CORD_ORD_1476;PROD_32;1;1
CORD_ORD_1476;PROD_36;1;1
CORD_ORD_1476;PROD_37;1;1
CORD_ORD_1476;PROD_41;1;1
CORD_ORD_1476;PROD_44;1;1
CORD_ORD_1476;PROD_45;1;1
CORD_ORD_1476;PROD_46;1;1
CORD_ORD_1476;PROD_9;1;1
CORD_ORD_1477;PROD_1;1;1
CORD_ORD_1477;PROD_10;1;1
CORD_ORD_1477;PROD_11;1;1
CORD_ORD_1477;PROD_14;1;1
CORD_ORD_1477;PROD_15;1;1
CORD_ORD_1477;PROD_22;1;1
CORD_ORD_1477;PROD_28;1;1
CORD_ORD_1477;PROD_3;1;1
CORD_ORD_1477;PROD_32;1;1
CORD_ORD_1477;PROD_35;1;1
CORD_ORD_1477;PROD_40;1;1
CORD_ORD_1477;PROD_43;1;1
CORD_ORD_1477;PROD_47;1;1
CORD_ORD_1477;PROD_48;1;1
CORD_ORD_1477;PROD_50;1;1
CORD_ORD_1477;PROD_6;1;1
CORD_ORD_1477;PROD_7;1;1
CORD_ORD_1477;PROD_9;1;1
CORD_ORD_1478;PROD_10;1;1
CORD_ORD_1478;PROD_12;1;1
CORD_ORD_1478;PROD_15;1;1
CORD_ORD_1478;PROD_26;1;1
CORD_ORD_1478;PROD_29;1;1
CORD_ORD_1478;PROD_30;1;1
CORD_ORD_1478;PROD_31;1;1
CORD_ORD_1478;PROD_32;1;1
CORD_ORD_1478;PROD_43;1;1
CORD_ORD_1478;PROD_8;1;1
CORD_ORD_1479;PROD_1;1;1
CORD_ORD_1479;PROD_10;1;1
CORD_ORD_1479;PROD_13;1;1
CORD_ORD_1479;PROD_22;1;1
CORD_ORD_1479;PROD_23;1;1
CORD_ORD_1479;PROD_27;1;1
CORD_ORD_1479;PROD_28;1;1
CORD_ORD_1479;PROD_3;1;1
CORD_ORD_1479;PROD_30;1;1
CORD_ORD_1479;PROD_33;1;1
CORD_ORD_1479;PROD_34;1;1
CORD_ORD_1479;PROD_36;1;1
CORD_ORD_1479;PROD_37;1;1
CORD_ORD_1479;PROD_42;1;1
CORD_ORD_1479;PROD_43;1;1
CORD_ORD_1479;PROD_44;1;1
CORD_ORD_1479;PROD_46;1;1
CORD_ORD_1479;PROD_49;1;1
CORD_ORD_1479;PROD_5;1;1
CORD_ORD_1479;PROD_8;1;1
CORD_ORD_1480;PROD_11;1;1
CORD_ORD_1480;PROD_12;1;1
CORD_ORD_1480;PROD_26;1;1
CORD_ORD_1480;PROD_29;1;1
CORD_ORD_1480;PROD_30;1;1
CORD_ORD_1480;PROD_31;1;1
CORD_ORD_1480;PROD_34;1;1
CORD_ORD_1480;PROD_35;1;1
CORD_ORD_1480;PROD_36;1;1
CORD_ORD_1480;PROD_38;1;1
CORD_ORD_1480;PROD_4;1;1
CORD_ORD_1480;PROD_40;1;1
CORD_ORD_1480;PROD_46;1;1
CORD_ORD_1480;PROD_47;1;1
CORD_ORD_1480;PROD_48;1;1
CORD_ORD_1480;PROD_5;1;1
CORD_ORD_1480;PROD_50;1;1
CORD_ORD_1480;PROD_6;1;1
CORD_ORD_1480;PROD_7;1;1
CORD_ORD_1480;PROD_8;1;1
CORD_ORD_1481;PROD_11;1;1
CORD_ORD_1481;PROD_15;1;1
CORD_ORD_1481;PROD_22;1;1
CORD_ORD_1481;PROD_28;1;1
CORD_ORD_1481;PROD_29;1;1
CORD_ORD_1481;PROD_31;1;1
CORD_ORD_1481;PROD_32;1;1
CORD_ORD_1481;PROD_34;1;1
CORD_ORD_1481;PROD_36;1;1
CORD_ORD_1481;PROD_46;1;1
CORD_ORD_1481;PROD_48;1;1
CORD_ORD_1481;PROD_5;1;1
CORD_ORD_1482;PROD_12;1;1
CORD_ORD_1482;PROD_13;1;1
CORD_ORD_1482;PROD_15;1;1
CORD_ORD_1482;PROD_21;1;1
CORD_ORD_1482;PROD_22;1;1
CORD_ORD_1482;PROD_24;1;1
CORD_ORD_1482;PROD_26;1;1
CORD_ORD_1482;PROD_28;1;1
CORD_ORD_1482;PROD_29;1;1
CORD_ORD_1482;PROD_31;1;1
CORD_ORD_1482;PROD_32;1;1
CORD_ORD_1482;PROD_33;1;1
CORD_ORD_1482;PROD_37;1;1
CORD_ORD_1482;PROD_44;1;1
CORD_ORD_1482;PROD_50;1;1
CORD_ORD_1482;PROD_6;1;1
CORD_ORD_1483;PROD_1;1;1
CORD_ORD_1483;PROD_10;1;1
CORD_ORD_1483;PROD_11;1;1
CORD_ORD_1483;PROD_12;1;1
CORD_ORD_1483;PROD_13;1;1
CORD_ORD_1483;PROD_16;1;1
CORD_ORD_1483;PROD_17;1;1
CORD_ORD_1483;PROD_25;1;1
CORD_ORD_1483;PROD_26;1;1
CORD_ORD_1483;PROD_3;1;1
CORD_ORD_1483;PROD_30;1;1
CORD_ORD_1483;PROD_33;1;1
CORD_ORD_1483;PROD_34;1;1
CORD_ORD_1483;PROD_38;1;1
CORD_ORD_1483;PROD_4;1;1
CORD_ORD_1483;PROD_41;1;1
CORD_ORD_1483;PROD_43;1;1
CORD_ORD_1483;PROD_48;1;1
CORD_ORD_1483;PROD_5;1;1
CORD_ORD_1483;PROD_50;1;1
CORD_ORD_1483;PROD_6;1;1
CORD_ORD_1483;PROD_8;1;1
CORD_ORD_1484;PROD_11;1;1
CORD_ORD_1484;PROD_13;1;1
CORD_ORD_1484;PROD_14;1;1
CORD_ORD_1484;PROD_19;1;1
CORD_ORD_1484;PROD_33;1;1
CORD_ORD_1484;PROD_37;1;1
CORD_ORD_1484;PROD_44;1;1
CORD_ORD_1484;PROD_45;1;1
CORD_ORD_1484;PROD_48;1;1
CORD_ORD_1484;PROD_9;1;1
CORD_ORD_1485;PROD_1;1;1
CORD_ORD_1485;PROD_10;1;1
CORD_ORD_1485;PROD_12;1;1
CORD_ORD_1485;PROD_17;1;1
CORD_ORD_1485;PROD_21;1;1
CORD_ORD_1485;PROD_24;1;1
CORD_ORD_1485;PROD_26;1;1
CORD_ORD_1485;PROD_29;1;1
CORD_ORD_1485;PROD_3;1;1
CORD_ORD_1485;PROD_30;1;1
CORD_ORD_1485;PROD_31;1;1
CORD_ORD_1485;PROD_34;1;1
CORD_ORD_1485;PROD_36;1;1
CORD_ORD_1485;PROD_41;1;1
CORD_ORD_1485;PROD_43;1;1
CORD_ORD_1485;PROD_46;1;1
CORD_ORD_1485;PROD_5;1;1
CORD_ORD_1485;PROD_50;1;1
CORD_ORD_1485;PROD_6;1;1
CORD_ORD_1485;PROD_8;1;1
CORD_ORD_1486;PROD_1;1;1
CORD_ORD_1486;PROD_10;1;1
CORD_ORD_1486;PROD_15;1;1
CORD_ORD_1486;PROD_16;1;1
CORD_ORD_1486;PROD_20;1;1
CORD_ORD_1486;PROD_22;1;1
CORD_ORD_1486;PROD_25;1;1
CORD_ORD_1486;PROD_28;1;1
CORD_ORD_1486;PROD_3;1;1
CORD_ORD_1486;PROD_30;1;1
CORD_ORD_1486;PROD_32;1;1
CORD_ORD_1486;PROD_34;1;1
CORD_ORD_1486;PROD_36;1;1
CORD_ORD_1486;PROD_38;1;1
CORD_ORD_1486;PROD_39;1;1
CORD_ORD_1486;PROD_4;1;1
CORD_ORD_1486;PROD_43;1;1
CORD_ORD_1486;PROD_46;1;1
CORD_ORD_1486;PROD_5;1;1
CORD_ORD_1486;PROD_8;1;1
CORD_ORD_1487;PROD_1;1;1
CORD_ORD_1487;PROD_10;1;1
CORD_ORD_1487;PROD_11;1;1
CORD_ORD_1487;PROD_13;1;1
CORD_ORD_1487;PROD_14;1;1
CORD_ORD_1487;PROD_15;1;1
CORD_ORD_1487;PROD_19;1;1
CORD_ORD_1487;PROD_29;1;1
CORD_ORD_1487;PROD_3;1;1
CORD_ORD_1487;PROD_31;1;1
CORD_ORD_1487;PROD_32;1;1
CORD_ORD_1487;PROD_33;1;1
CORD_ORD_1487;PROD_35;1;1
CORD_ORD_1487;PROD_37;1;1
CORD_ORD_1487;PROD_40;1;1
CORD_ORD_1487;PROD_43;1;1
CORD_ORD_1487;PROD_44;1;1
CORD_ORD_1487;PROD_45;1;1
CORD_ORD_1487;PROD_47;1;1
CORD_ORD_1487;PROD_48;1;1
CORD_ORD_1487;PROD_7;1;1
CORD_ORD_1487;PROD_9;1;1
CORD_ORD_1488;PROD_10;1;1
CORD_ORD_1488;PROD_20;1;1
CORD_ORD_1488;PROD_29;1;1
CORD_ORD_1488;PROD_30;1;1
CORD_ORD_1488;PROD_31;1;1
CORD_ORD_1488;PROD_39;1;1
CORD_ORD_1488;PROD_43;1;1
CORD_ORD_1488;PROD_8;1;1
CORD_ORD_1489;PROD_14;1;1
CORD_ORD_1489;PROD_17;1;1
CORD_ORD_1489;PROD_21;1;1
CORD_ORD_1489;PROD_24;1;1
CORD_ORD_1489;PROD_29;1;1
CORD_ORD_1489;PROD_31;1;1
CORD_ORD_1489;PROD_34;1;1
CORD_ORD_1489;PROD_35;1;1
CORD_ORD_1489;PROD_40;1;1
CORD_ORD_1489;PROD_41;1;1
CORD_ORD_1489;PROD_47;1;1
CORD_ORD_1489;PROD_5;1;1
CORD_ORD_1489;PROD_7;1;1
CORD_ORD_1489;PROD_9;1;1
CORD_ORD_1490;PROD_10;1;1
CORD_ORD_1490;PROD_19;1;1
CORD_ORD_1490;PROD_29;1;1
CORD_ORD_1490;PROD_30;1;1
CORD_ORD_1490;PROD_31;1;1
CORD_ORD_1490;PROD_36;1;1
CORD_ORD_1490;PROD_37;1;1
CORD_ORD_1490;PROD_43;1;1
CORD_ORD_1490;PROD_44;1;1
CORD_ORD_1490;PROD_45;1;1
CORD_ORD_1490;PROD_46;1;1
CORD_ORD_1490;PROD_8;1;1
CORD_ORD_1491;PROD_10;1;1
CORD_ORD_1491;PROD_15;1;1
CORD_ORD_1491;PROD_20;1;1
CORD_ORD_1491;PROD_27;1;1
CORD_ORD_1491;PROD_29;1;1
CORD_ORD_1491;PROD_30;1;1
CORD_ORD_1491;PROD_31;1;1
CORD_ORD_1491;PROD_32;1;1
CORD_ORD_1491;PROD_36;1;1
CORD_ORD_1491;PROD_38;1;1
CORD_ORD_1491;PROD_39;1;1
CORD_ORD_1491;PROD_4;1;1
CORD_ORD_1491;PROD_40;1;1
CORD_ORD_1491;PROD_43;1;1
CORD_ORD_1491;PROD_46;1;1
CORD_ORD_1491;PROD_47;1;1
CORD_ORD_1491;PROD_49;1;1
CORD_ORD_1491;PROD_50;1;1
CORD_ORD_1491;PROD_6;1;1
CORD_ORD_1491;PROD_8;1;1
CORD_ORD_1492;PROD_11;1;1
CORD_ORD_1492;PROD_14;1;1
CORD_ORD_1492;PROD_18;1;1
CORD_ORD_1492;PROD_2;1;1
CORD_ORD_1492;PROD_22;1;1
CORD_ORD_1492;PROD_28;1;1
CORD_ORD_1492;PROD_36;1;1
CORD_ORD_1492;PROD_40;1;1
CORD_ORD_1492;PROD_46;1;1
CORD_ORD_1492;PROD_47;1;1
CORD_ORD_1492;PROD_48;1;1
CORD_ORD_1492;PROD_9;1;1
CORD_ORD_1493;PROD_11;1;1
CORD_ORD_1493;PROD_13;1;1
CORD_ORD_1493;PROD_15;1;1
CORD_ORD_1493;PROD_16;1;1
CORD_ORD_1493;PROD_18;1;1
CORD_ORD_1493;PROD_19;1;1
CORD_ORD_1493;PROD_2;1;1
CORD_ORD_1493;PROD_22;1;1
CORD_ORD_1493;PROD_25;1;1
CORD_ORD_1493;PROD_27;1;1
CORD_ORD_1493;PROD_28;1;1
CORD_ORD_1493;PROD_32;1;1
CORD_ORD_1493;PROD_33;1;1
CORD_ORD_1493;PROD_34;1;1
CORD_ORD_1493;PROD_38;1;1
CORD_ORD_1493;PROD_4;1;1
CORD_ORD_1493;PROD_45;1;1
CORD_ORD_1493;PROD_48;1;1
CORD_ORD_1493;PROD_49;1;1
CORD_ORD_1493;PROD_5;1;1
CORD_ORD_1494;PROD_10;1;1
CORD_ORD_1494;PROD_12;1;1
CORD_ORD_1494;PROD_13;1;1
CORD_ORD_1494;PROD_15;1;1
CORD_ORD_1494;PROD_21;1;1
CORD_ORD_1494;PROD_23;1;1
CORD_ORD_1494;PROD_24;1;1
CORD_ORD_1494;PROD_26;1;1
CORD_ORD_1494;PROD_32;1;1
CORD_ORD_1494;PROD_33;1;1
CORD_ORD_1494;PROD_34;1;1
CORD_ORD_1494;PROD_38;1;1
CORD_ORD_1494;PROD_4;1;1
CORD_ORD_1494;PROD_40;1;1
CORD_ORD_1494;PROD_42;1;1
CORD_ORD_1494;PROD_43;1;1
CORD_ORD_1494;PROD_47;1;1
CORD_ORD_1494;PROD_5;1;1
CORD_ORD_1495;PROD_1;1;1
CORD_ORD_1495;PROD_10;1;1
CORD_ORD_1495;PROD_13;1;1
CORD_ORD_1495;PROD_16;1;1
CORD_ORD_1495;PROD_17;1;1
CORD_ORD_1495;PROD_20;1;1
CORD_ORD_1495;PROD_21;1;1
CORD_ORD_1495;PROD_24;1;1
CORD_ORD_1495;PROD_25;1;1
CORD_ORD_1495;PROD_27;1;1
CORD_ORD_1495;PROD_29;1;1
CORD_ORD_1495;PROD_3;1;1
CORD_ORD_1495;PROD_30;1;1
CORD_ORD_1495;PROD_31;1;1
CORD_ORD_1495;PROD_33;1;1
CORD_ORD_1495;PROD_39;1;1
CORD_ORD_1495;PROD_41;1;1
CORD_ORD_1495;PROD_43;1;1
CORD_ORD_1495;PROD_49;1;1
CORD_ORD_1495;PROD_50;1;1
CORD_ORD_1495;PROD_6;1;1
CORD_ORD_1495;PROD_8;1;1
CORD_ORD_1496;PROD_1;1;1
CORD_ORD_1496;PROD_11;1;1
CORD_ORD_1496;PROD_13;1;1
CORD_ORD_1496;PROD_15;1;1
CORD_ORD_1496;PROD_19;1;1
CORD_ORD_1496;PROD_27;1;1
CORD_ORD_1496;PROD_29;1;1
CORD_ORD_1496;PROD_3;1;1
CORD_ORD_1496;PROD_31;1;1
CORD_ORD_1496;PROD_32;1;1
CORD_ORD_1496;PROD_33;1;1
CORD_ORD_1496;PROD_37;1;1
CORD_ORD_1496;PROD_44;1;1
CORD_ORD_1496;PROD_45;1;1
CORD_ORD_1496;PROD_48;1;1
CORD_ORD_1496;PROD_49;1;1
CORD_ORD_1497;PROD_10;1;1
CORD_ORD_1497;PROD_11;1;1
CORD_ORD_1497;PROD_12;1;1
CORD_ORD_1497;PROD_14;1;1
CORD_ORD_1497;PROD_16;1;1
CORD_ORD_1497;PROD_21;1;1
CORD_ORD_1497;PROD_22;1;1
CORD_ORD_1497;PROD_24;1;1
CORD_ORD_1497;PROD_25;1;1
CORD_ORD_1497;PROD_26;1;1
CORD_ORD_1497;PROD_28;1;1
CORD_ORD_1497;PROD_37;1;1
CORD_ORD_1497;PROD_40;1;1
CORD_ORD_1497;PROD_43;1;1
CORD_ORD_1497;PROD_44;1;1
CORD_ORD_1497;PROD_47;1;1
CORD_ORD_1497;PROD_48;1;1
CORD_ORD_1497;PROD_50;1;1
CORD_ORD_1497;PROD_6;1;1
CORD_ORD_1497;PROD_9;1;1
CORD_ORD_1498;PROD_10;1;1
CORD_ORD_1498;PROD_11;1;1
CORD_ORD_1498;PROD_14;1;1
CORD_ORD_1498;PROD_18;1;1
CORD_ORD_1498;PROD_2;1;1
CORD_ORD_1498;PROD_22;1;1
CORD_ORD_1498;PROD_28;1;1
CORD_ORD_1498;PROD_37;1;1
CORD_ORD_1498;PROD_43;1;1
CORD_ORD_1498;PROD_44;1;1
CORD_ORD_1498;PROD_48;1;1
CORD_ORD_1498;PROD_9;1;1
CORD_ORD_1499;PROD_15;1;1
CORD_ORD_1499;PROD_19;1;1
CORD_ORD_1499;PROD_20;1;1
CORD_ORD_1499;PROD_22;1;1
CORD_ORD_1499;PROD_28;1;1
CORD_ORD_1499;PROD_29;1;1
CORD_ORD_1499;PROD_31;1;1
CORD_ORD_1499;PROD_32;1;1
CORD_ORD_1499;PROD_34;1;1
CORD_ORD_1499;PROD_36;1;1
CORD_ORD_1499;PROD_39;1;1
CORD_ORD_1499;PROD_45;1;1
CORD_ORD_1499;PROD_46;1;1
CORD_ORD_1499;PROD_5;1;1
CORD_ORD_1499;PROD_50;1;1
CORD_ORD_1499;PROD_6;1;1
CORD_ORD_1500;PROD_15;1;1
CORD_ORD_1500;PROD_19;1;1
CORD_ORD_1500;PROD_20;1;1
CORD_ORD_1500;PROD_22;1;1
CORD_ORD_1500;PROD_23;1;1
CORD_ORD_1500;PROD_28;1;1
CORD_ORD_1500;PROD_30;1;1
CORD_ORD_1500;PROD_32;1;1
CORD_ORD_1500;PROD_36;1;1
CORD_ORD_1500;PROD_38;1;1
CORD_ORD_1500;PROD_39;1;1
CORD_ORD_1500;PROD_4;1;1
CORD_ORD_1500;PROD_42;1;1
CORD_ORD_1500;PROD_45;1;1
CORD_ORD_1500;PROD_46;1;1
CORD_ORD_1500;PROD_8;1;1
CORD_ORD_1501;PROD_15;1;1
CORD_ORD_1501;PROD_22;1;1
CORD_ORD_1501;PROD_28;1;1
CORD_ORD_1501;PROD_29;1;1
CORD_ORD_1501;PROD_30;1;1
CORD_ORD_1501;PROD_31;1;1
CORD_ORD_1501;PROD_32;1;1
CORD_ORD_1501;PROD_36;1;1
CORD_ORD_1501;PROD_46;1;1
CORD_ORD_1501;PROD_50;1;1
CORD_ORD_1501;PROD_6;1;1
CORD_ORD_1501;PROD_8;1;1
CORD_ORD_1502;PROD_10;1;1
CORD_ORD_1502;PROD_11;1;1
CORD_ORD_1502;PROD_17;1;1
CORD_ORD_1502;PROD_22;1;1
CORD_ORD_1502;PROD_23;1;1
CORD_ORD_1502;PROD_28;1;1
CORD_ORD_1502;PROD_29;1;1
CORD_ORD_1502;PROD_31;1;1
CORD_ORD_1502;PROD_37;1;1
CORD_ORD_1502;PROD_38;1;1
CORD_ORD_1502;PROD_4;1;1
CORD_ORD_1502;PROD_40;1;1
CORD_ORD_1502;PROD_41;1;1
CORD_ORD_1502;PROD_42;1;1
CORD_ORD_1502;PROD_43;1;1
CORD_ORD_1502;PROD_44;1;1
CORD_ORD_1502;PROD_47;1;1
CORD_ORD_1502;PROD_48;1;1
CORD_ORD_1503;PROD_1;1;1
CORD_ORD_1503;PROD_10;1;1
CORD_ORD_1503;PROD_13;1;1
CORD_ORD_1503;PROD_14;1;1
CORD_ORD_1503;PROD_16;1;1
CORD_ORD_1503;PROD_18;1;1
CORD_ORD_1503;PROD_2;1;1
CORD_ORD_1503;PROD_22;1;1
CORD_ORD_1503;PROD_25;1;1
CORD_ORD_1503;PROD_27;1;1
CORD_ORD_1503;PROD_28;1;1
CORD_ORD_1503;PROD_3;1;1
CORD_ORD_1503;PROD_33;1;1
CORD_ORD_1503;PROD_35;1;1
CORD_ORD_1503;PROD_36;1;1
CORD_ORD_1503;PROD_37;1;1
CORD_ORD_1503;PROD_43;1;1
CORD_ORD_1503;PROD_44;1;1
CORD_ORD_1503;PROD_46;1;1
CORD_ORD_1503;PROD_49;1;1
CORD_ORD_1503;PROD_7;1;1
CORD_ORD_1503;PROD_9;1;1
CORD_ORD_1504;PROD_1;1;1
CORD_ORD_1504;PROD_10;1;1
CORD_ORD_1504;PROD_15;1;1
CORD_ORD_1504;PROD_16;1;1
CORD_ORD_1504;PROD_17;1;1
CORD_ORD_1504;PROD_20;1;1
CORD_ORD_1504;PROD_22;1;1
CORD_ORD_1504;PROD_23;1;1
CORD_ORD_1504;PROD_25;1;1
CORD_ORD_1504;PROD_28;1;1
CORD_ORD_1504;PROD_29;1;1
CORD_ORD_1504;PROD_3;1;1
CORD_ORD_1504;PROD_31;1;1
CORD_ORD_1504;PROD_32;1;1
CORD_ORD_1504;PROD_39;1;1
CORD_ORD_1504;PROD_40;1;1
CORD_ORD_1504;PROD_41;1;1
CORD_ORD_1504;PROD_42;1;1
CORD_ORD_1504;PROD_43;1;1
CORD_ORD_1504;PROD_47;1;1
CORD_ORD_1505;PROD_1;1;1
CORD_ORD_1505;PROD_11;1;1
CORD_ORD_1505;PROD_13;1;1
CORD_ORD_1505;PROD_17;1;1
CORD_ORD_1505;PROD_19;1;1
CORD_ORD_1505;PROD_20;1;1
CORD_ORD_1505;PROD_22;1;1
CORD_ORD_1505;PROD_28;1;1
CORD_ORD_1505;PROD_3;1;1
CORD_ORD_1505;PROD_30;1;1
CORD_ORD_1505;PROD_33;1;1
CORD_ORD_1505;PROD_34;1;1
CORD_ORD_1505;PROD_37;1;1
CORD_ORD_1505;PROD_38;1;1
CORD_ORD_1505;PROD_39;1;1
CORD_ORD_1505;PROD_4;1;1
CORD_ORD_1505;PROD_41;1;1
CORD_ORD_1505;PROD_44;1;1
CORD_ORD_1505;PROD_45;1;1
CORD_ORD_1505;PROD_48;1;1
CORD_ORD_1505;PROD_5;1;1
CORD_ORD_1505;PROD_50;1;1
CORD_ORD_1505;PROD_6;1;1
CORD_ORD_1505;PROD_8;1;1
CORD_ORD_1506;PROD_1;1;1
CORD_ORD_1506;PROD_10;1;1
CORD_ORD_1506;PROD_11;1;1
CORD_ORD_1506;PROD_12;1;1
CORD_ORD_1506;PROD_14;1;1
CORD_ORD_1506;PROD_20;1;1
CORD_ORD_1506;PROD_21;1;1
CORD_ORD_1506;PROD_22;1;1
CORD_ORD_1506;PROD_24;1;1
CORD_ORD_1506;PROD_26;1;1
CORD_ORD_1506;PROD_28;1;1
CORD_ORD_1506;PROD_3;1;1
CORD_ORD_1506;PROD_30;1;1
CORD_ORD_1506;PROD_36;1;1
CORD_ORD_1506;PROD_37;1;1
CORD_ORD_1506;PROD_38;1;1
CORD_ORD_1506;PROD_39;1;1
CORD_ORD_1506;PROD_4;1;1
CORD_ORD_1506;PROD_43;1;1
CORD_ORD_1506;PROD_44;1;1
CORD_ORD_1506;PROD_46;1;1
CORD_ORD_1506;PROD_48;1;1
CORD_ORD_1506;PROD_8;1;1
CORD_ORD_1506;PROD_9;1;1
CORD_ORD_1507;PROD_1;1;1
CORD_ORD_1507;PROD_10;1;1
CORD_ORD_1507;PROD_16;1;1
CORD_ORD_1507;PROD_18;1;1
CORD_ORD_1507;PROD_2;1;1
CORD_ORD_1507;PROD_21;1;1
CORD_ORD_1507;PROD_23;1;1
CORD_ORD_1507;PROD_24;1;1
CORD_ORD_1507;PROD_25;1;1
CORD_ORD_1507;PROD_29;1;1
CORD_ORD_1507;PROD_3;1;1
CORD_ORD_1507;PROD_31;1;1
CORD_ORD_1507;PROD_36;1;1
CORD_ORD_1507;PROD_37;1;1
CORD_ORD_1507;PROD_42;1;1
CORD_ORD_1507;PROD_43;1;1
CORD_ORD_1507;PROD_44;1;1
CORD_ORD_1507;PROD_46;1;1
CORD_ORD_1508;PROD_11;1;1
CORD_ORD_1508;PROD_12;1;1
CORD_ORD_1508;PROD_13;1;1
CORD_ORD_1508;PROD_15;1;1
CORD_ORD_1508;PROD_16;1;1
CORD_ORD_1508;PROD_23;1;1
CORD_ORD_1508;PROD_25;1;1
CORD_ORD_1508;PROD_26;1;1
CORD_ORD_1508;PROD_27;1;1
CORD_ORD_1508;PROD_29;1;1
CORD_ORD_1508;PROD_30;1;1
CORD_ORD_1508;PROD_31;1;1
CORD_ORD_1508;PROD_32;1;1
CORD_ORD_1508;PROD_33;1;1
CORD_ORD_1508;PROD_40;1;1
CORD_ORD_1508;PROD_42;1;1
CORD_ORD_1508;PROD_47;1;1
CORD_ORD_1508;PROD_48;1;1
CORD_ORD_1508;PROD_49;1;1
CORD_ORD_1508;PROD_8;1;1
CORD_ORD_1509;PROD_12;1;1
CORD_ORD_1509;PROD_13;1;1
CORD_ORD_1509;PROD_20;1;1
CORD_ORD_1509;PROD_26;1;1
CORD_ORD_1509;PROD_27;1;1
CORD_ORD_1509;PROD_29;1;1
CORD_ORD_1509;PROD_31;1;1
CORD_ORD_1509;PROD_33;1;1
CORD_ORD_1509;PROD_35;1;1
CORD_ORD_1509;PROD_36;1;1
CORD_ORD_1509;PROD_37;1;1
CORD_ORD_1509;PROD_38;1;1
CORD_ORD_1509;PROD_39;1;1
CORD_ORD_1509;PROD_4;1;1
CORD_ORD_1509;PROD_40;1;1
CORD_ORD_1509;PROD_44;1;1
CORD_ORD_1509;PROD_46;1;1
CORD_ORD_1509;PROD_47;1;1
CORD_ORD_1509;PROD_49;1;1
CORD_ORD_1509;PROD_50;1;1
CORD_ORD_1509;PROD_6;1;1
CORD_ORD_1509;PROD_7;1;1
CORD_ORD_1510;PROD_10;1;1
CORD_ORD_1510;PROD_14;1;1
CORD_ORD_1510;PROD_15;1;1
CORD_ORD_1510;PROD_18;1;1
CORD_ORD_1510;PROD_2;1;1
CORD_ORD_1510;PROD_22;1;1
CORD_ORD_1510;PROD_23;1;1
CORD_ORD_1510;PROD_28;1;1
CORD_ORD_1510;PROD_32;1;1
CORD_ORD_1510;PROD_35;1;1
CORD_ORD_1510;PROD_38;1;1
CORD_ORD_1510;PROD_4;1;1
CORD_ORD_1510;PROD_40;1;1
CORD_ORD_1510;PROD_42;1;1
CORD_ORD_1510;PROD_43;1;1
CORD_ORD_1510;PROD_47;1;1
CORD_ORD_1510;PROD_50;1;1
CORD_ORD_1510;PROD_6;1;1
CORD_ORD_1510;PROD_7;1;1
CORD_ORD_1510;PROD_9;1;1
CORD_ORD_1511;PROD_1;1;1
CORD_ORD_1511;PROD_14;1;1
CORD_ORD_1511;PROD_16;1;1
CORD_ORD_1511;PROD_22;1;1
CORD_ORD_1511;PROD_23;1;1
CORD_ORD_1511;PROD_25;1;1
CORD_ORD_1511;PROD_28;1;1
CORD_ORD_1511;PROD_3;1;1
CORD_ORD_1511;PROD_38;1;1
CORD_ORD_1511;PROD_4;1;1
CORD_ORD_1511;PROD_42;1;1
CORD_ORD_1511;PROD_9;1;1
CORD_ORD_1512;PROD_1;1;1
CORD_ORD_1512;PROD_10;1;1
CORD_ORD_1512;PROD_14;1;1
CORD_ORD_1512;PROD_15;1;1
CORD_ORD_1512;PROD_16;1;1
CORD_ORD_1512;PROD_18;1;1
CORD_ORD_1512;PROD_2;1;1
CORD_ORD_1512;PROD_21;1;1
CORD_ORD_1512;PROD_24;1;1
CORD_ORD_1512;PROD_25;1;1
CORD_ORD_1512;PROD_29;1;1
CORD_ORD_1512;PROD_3;1;1
CORD_ORD_1512;PROD_31;1;1
CORD_ORD_1512;PROD_32;1;1
CORD_ORD_1512;PROD_36;1;1
CORD_ORD_1512;PROD_40;1;1
CORD_ORD_1512;PROD_43;1;1
CORD_ORD_1512;PROD_46;1;1
CORD_ORD_1512;PROD_47;1;1
CORD_ORD_1512;PROD_9;1;1
CORD_ORD_1513;PROD_1;1;1
CORD_ORD_1513;PROD_10;1;1
CORD_ORD_1513;PROD_15;1;1
CORD_ORD_1513;PROD_16;1;1
CORD_ORD_1513;PROD_22;1;1
CORD_ORD_1513;PROD_25;1;1
CORD_ORD_1513;PROD_28;1;1
CORD_ORD_1513;PROD_3;1;1
CORD_ORD_1513;PROD_32;1;1
CORD_ORD_1513;PROD_34;1;1
CORD_ORD_1513;PROD_36;1;1
CORD_ORD_1513;PROD_38;1;1
CORD_ORD_1513;PROD_4;1;1
CORD_ORD_1513;PROD_43;1;1
CORD_ORD_1513;PROD_46;1;1
CORD_ORD_1513;PROD_5;1;1
CORD_ORD_1514;PROD_11;1;1
CORD_ORD_1514;PROD_12;1;1
CORD_ORD_1514;PROD_14;1;1
CORD_ORD_1514;PROD_15;1;1
CORD_ORD_1514;PROD_18;1;1
CORD_ORD_1514;PROD_19;1;1
CORD_ORD_1514;PROD_2;1;1
CORD_ORD_1514;PROD_26;1;1
CORD_ORD_1514;PROD_29;1;1
CORD_ORD_1514;PROD_31;1;1
CORD_ORD_1514;PROD_32;1;1
CORD_ORD_1514;PROD_35;1;1
CORD_ORD_1514;PROD_37;1;1
CORD_ORD_1514;PROD_40;1;1
CORD_ORD_1514;PROD_44;1;1
CORD_ORD_1514;PROD_45;1;1
CORD_ORD_1514;PROD_47;1;1
CORD_ORD_1514;PROD_48;1;1
CORD_ORD_1514;PROD_7;1;1
CORD_ORD_1514;PROD_9;1;1
CORD_ORD_1515;PROD_10;1;1
CORD_ORD_1515;PROD_11;1;1
CORD_ORD_1515;PROD_13;1;1
CORD_ORD_1515;PROD_14;1;1
CORD_ORD_1515;PROD_15;1;1
CORD_ORD_1515;PROD_16;1;1
CORD_ORD_1515;PROD_19;1;1
CORD_ORD_1515;PROD_23;1;1
CORD_ORD_1515;PROD_25;1;1
CORD_ORD_1515;PROD_32;1;1
CORD_ORD_1515;PROD_33;1;1
CORD_ORD_1515;PROD_34;1;1
CORD_ORD_1515;PROD_35;1;1
CORD_ORD_1515;PROD_37;1;1
CORD_ORD_1515;PROD_38;1;1
CORD_ORD_1515;PROD_4;1;1
CORD_ORD_1515;PROD_42;1;1
CORD_ORD_1515;PROD_43;1;1
CORD_ORD_1515;PROD_44;1;1
CORD_ORD_1515;PROD_45;1;1
CORD_ORD_1515;PROD_48;1;1
CORD_ORD_1515;PROD_5;1;1
CORD_ORD_1515;PROD_7;1;1
CORD_ORD_1515;PROD_9;1;1
CORD_ORD_1516;PROD_11;1;1
CORD_ORD_1516;PROD_12;1;1
CORD_ORD_1516;PROD_13;1;1
CORD_ORD_1516;PROD_16;1;1
CORD_ORD_1516;PROD_22;1;1
CORD_ORD_1516;PROD_25;1;1
CORD_ORD_1516;PROD_26;1;1
CORD_ORD_1516;PROD_28;1;1
CORD_ORD_1516;PROD_33;1;1
CORD_ORD_1516;PROD_35;1;1
CORD_ORD_1516;PROD_48;1;1
CORD_ORD_1516;PROD_7;1;1
CORD_ORD_1517;PROD_10;1;1
CORD_ORD_1517;PROD_11;1;1
CORD_ORD_1517;PROD_12;1;1
CORD_ORD_1517;PROD_26;1;1
CORD_ORD_1517;PROD_30;1;1
CORD_ORD_1517;PROD_34;1;1
CORD_ORD_1517;PROD_40;1;1
CORD_ORD_1517;PROD_43;1;1
CORD_ORD_1517;PROD_47;1;1
CORD_ORD_1517;PROD_48;1;1
CORD_ORD_1517;PROD_5;1;1
CORD_ORD_1517;PROD_8;1;1
CORD_ORD_1518;PROD_11;1;1
CORD_ORD_1518;PROD_13;1;1
CORD_ORD_1518;PROD_19;1;1
CORD_ORD_1518;PROD_21;1;1
CORD_ORD_1518;PROD_24;1;1
CORD_ORD_1518;PROD_33;1;1
CORD_ORD_1518;PROD_37;1;1
CORD_ORD_1518;PROD_44;1;1
CORD_ORD_1518;PROD_45;1;1
CORD_ORD_1518;PROD_48;1;1
CORD_ORD_1519;PROD_1;1;1
CORD_ORD_1519;PROD_14;1;1
CORD_ORD_1519;PROD_16;1;1
CORD_ORD_1519;PROD_18;1;1
CORD_ORD_1519;PROD_2;1;1
CORD_ORD_1519;PROD_22;1;1
CORD_ORD_1519;PROD_23;1;1
CORD_ORD_1519;PROD_25;1;1
CORD_ORD_1519;PROD_28;1;1
CORD_ORD_1519;PROD_29;1;1
CORD_ORD_1519;PROD_3;1;1
CORD_ORD_1519;PROD_31;1;1
CORD_ORD_1519;PROD_35;1;1
CORD_ORD_1519;PROD_36;1;1
CORD_ORD_1519;PROD_40;1;1
CORD_ORD_1519;PROD_42;1;1
CORD_ORD_1519;PROD_46;1;1
CORD_ORD_1519;PROD_47;1;1
CORD_ORD_1519;PROD_50;1;1
CORD_ORD_1519;PROD_6;1;1
CORD_ORD_1519;PROD_7;1;1
CORD_ORD_1519;PROD_9;1;1
CORD_ORD_1520;PROD_17;1;1
CORD_ORD_1520;PROD_22;1;1
CORD_ORD_1520;PROD_23;1;1
CORD_ORD_1520;PROD_28;1;1
CORD_ORD_1520;PROD_35;1;1
CORD_ORD_1520;PROD_36;1;1
CORD_ORD_1520;PROD_37;1;1
CORD_ORD_1520;PROD_38;1;1
CORD_ORD_1520;PROD_4;1;1
CORD_ORD_1520;PROD_41;1;1
CORD_ORD_1520;PROD_42;1;1
CORD_ORD_1520;PROD_44;1;1
CORD_ORD_1520;PROD_46;1;1
CORD_ORD_1520;PROD_50;1;1
CORD_ORD_1520;PROD_6;1;1
CORD_ORD_1520;PROD_7;1;1
CORD_ORD_1521;PROD_1;1;1
CORD_ORD_1521;PROD_10;1;1
CORD_ORD_1521;PROD_11;1;1
CORD_ORD_1521;PROD_14;1;1
CORD_ORD_1521;PROD_22;1;1
CORD_ORD_1521;PROD_27;1;1
CORD_ORD_1521;PROD_28;1;1
CORD_ORD_1521;PROD_3;1;1
CORD_ORD_1521;PROD_37;1;1
CORD_ORD_1521;PROD_43;1;1
CORD_ORD_1521;PROD_44;1;1
CORD_ORD_1521;PROD_48;1;1
CORD_ORD_1521;PROD_49;1;1
CORD_ORD_1521;PROD_9;1;1
CORD_ORD_1522;PROD_13;1;1
CORD_ORD_1522;PROD_15;1;1
CORD_ORD_1522;PROD_17;1;1
CORD_ORD_1522;PROD_19;1;1
CORD_ORD_1522;PROD_21;1;1
CORD_ORD_1522;PROD_22;1;1
CORD_ORD_1522;PROD_24;1;1
CORD_ORD_1522;PROD_28;1;1
CORD_ORD_1522;PROD_29;1;1
CORD_ORD_1522;PROD_31;1;1
CORD_ORD_1522;PROD_32;1;1
CORD_ORD_1522;PROD_33;1;1
CORD_ORD_1522;PROD_41;1;1
CORD_ORD_1522;PROD_45;1;1
CORD_ORD_1522;PROD_50;1;1
CORD_ORD_1522;PROD_6;1;1
CORD_ORD_1523;PROD_1;1;1
CORD_ORD_1523;PROD_10;1;1
CORD_ORD_1523;PROD_15;1;1
CORD_ORD_1523;PROD_19;1;1
CORD_ORD_1523;PROD_22;1;1
CORD_ORD_1523;PROD_28;1;1
CORD_ORD_1523;PROD_29;1;1
CORD_ORD_1523;PROD_3;1;1
CORD_ORD_1523;PROD_30;1;1
CORD_ORD_1523;PROD_31;1;1
CORD_ORD_1523;PROD_32;1;1
CORD_ORD_1523;PROD_36;1;1
CORD_ORD_1523;PROD_43;1;1
CORD_ORD_1523;PROD_45;1;1
CORD_ORD_1523;PROD_46;1;1
CORD_ORD_1523;PROD_50;1;1
CORD_ORD_1523;PROD_6;1;1
CORD_ORD_1523;PROD_8;1;1
CORD_ORD_1524;PROD_1;1;1
CORD_ORD_1524;PROD_10;1;1
CORD_ORD_1524;PROD_11;1;1
CORD_ORD_1524;PROD_14;1;1
CORD_ORD_1524;PROD_15;1;1
CORD_ORD_1524;PROD_16;1;1
CORD_ORD_1524;PROD_18;1;1
CORD_ORD_1524;PROD_2;1;1
CORD_ORD_1524;PROD_20;1;1
CORD_ORD_1524;PROD_25;1;1
CORD_ORD_1524;PROD_27;1;1
CORD_ORD_1524;PROD_29;1;1
CORD_ORD_1524;PROD_3;1;1
CORD_ORD_1524;PROD_31;1;1
CORD_ORD_1524;PROD_32;1;1
CORD_ORD_1524;PROD_36;1;1
CORD_ORD_1524;PROD_37;1;1
CORD_ORD_1524;PROD_39;1;1
CORD_ORD_1524;PROD_43;1;1
CORD_ORD_1524;PROD_44;1;1
CORD_ORD_1524;PROD_46;1;1
CORD_ORD_1524;PROD_48;1;1
CORD_ORD_1524;PROD_49;1;1
CORD_ORD_1524;PROD_9;1;1
CORD_ORD_1525;PROD_1;1;1
CORD_ORD_1525;PROD_10;1;1
CORD_ORD_1525;PROD_12;1;1
CORD_ORD_1525;PROD_15;1;1
CORD_ORD_1525;PROD_18;1;1
CORD_ORD_1525;PROD_2;1;1
CORD_ORD_1525;PROD_22;1;1
CORD_ORD_1525;PROD_26;1;1
CORD_ORD_1525;PROD_28;1;1
CORD_ORD_1525;PROD_29;1;1
CORD_ORD_1525;PROD_3;1;1
CORD_ORD_1525;PROD_31;1;1
CORD_ORD_1525;PROD_32;1;1
CORD_ORD_1525;PROD_36;1;1
CORD_ORD_1525;PROD_37;1;1
CORD_ORD_1525;PROD_40;1;1
CORD_ORD_1525;PROD_43;1;1
CORD_ORD_1525;PROD_44;1;1
CORD_ORD_1525;PROD_46;1;1
CORD_ORD_1525;PROD_47;1;1
CORD_ORD_1526;PROD_1;1;1
CORD_ORD_1526;PROD_11;1;1
CORD_ORD_1526;PROD_15;1;1
CORD_ORD_1526;PROD_22;1;1
CORD_ORD_1526;PROD_27;1;1
CORD_ORD_1526;PROD_28;1;1
CORD_ORD_1526;PROD_29;1;1
CORD_ORD_1526;PROD_3;1;1
CORD_ORD_1526;PROD_31;1;1
CORD_ORD_1526;PROD_32;1;1
CORD_ORD_1526;PROD_48;1;1
CORD_ORD_1526;PROD_49;1;1
CORD_ORD_1527;PROD_1;1;1
CORD_ORD_1527;PROD_11;1;1
CORD_ORD_1527;PROD_15;1;1
CORD_ORD_1527;PROD_17;1;1
CORD_ORD_1527;PROD_18;1;1
CORD_ORD_1527;PROD_2;1;1
CORD_ORD_1527;PROD_22;1;1
CORD_ORD_1527;PROD_27;1;1
CORD_ORD_1527;PROD_28;1;1
CORD_ORD_1527;PROD_29;1;1
CORD_ORD_1527;PROD_3;1;1
CORD_ORD_1527;PROD_31;1;1
CORD_ORD_1527;PROD_32;1;1
CORD_ORD_1527;PROD_36;1;1
CORD_ORD_1527;PROD_37;1;1
CORD_ORD_1527;PROD_41;1;1
CORD_ORD_1527;PROD_44;1;1
CORD_ORD_1527;PROD_46;1;1
CORD_ORD_1527;PROD_48;1;1
CORD_ORD_1527;PROD_49;1;1
CORD_ORD_1528;PROD_10;1;1
CORD_ORD_1528;PROD_12;1;1
CORD_ORD_1528;PROD_13;1;1
CORD_ORD_1528;PROD_21;1;1
CORD_ORD_1528;PROD_23;1;1
CORD_ORD_1528;PROD_24;1;1
CORD_ORD_1528;PROD_26;1;1
CORD_ORD_1528;PROD_33;1;1
CORD_ORD_1528;PROD_34;1;1
CORD_ORD_1528;PROD_35;1;1
CORD_ORD_1528;PROD_38;1;1
CORD_ORD_1528;PROD_4;1;1
CORD_ORD_1528;PROD_40;1;1
CORD_ORD_1528;PROD_42;1;1
CORD_ORD_1528;PROD_43;1;1
CORD_ORD_1528;PROD_47;1;1
CORD_ORD_1528;PROD_5;1;1
CORD_ORD_1528;PROD_7;1;1
CORD_ORD_1529;PROD_10;1;1
CORD_ORD_1529;PROD_14;1;1
CORD_ORD_1529;PROD_15;1;1
CORD_ORD_1529;PROD_17;1;1
CORD_ORD_1529;PROD_21;1;1
CORD_ORD_1529;PROD_23;1;1
CORD_ORD_1529;PROD_24;1;1
CORD_ORD_1529;PROD_32;1;1
CORD_ORD_1529;PROD_34;1;1
CORD_ORD_1529;PROD_36;1;1
CORD_ORD_1529;PROD_38;1;1
CORD_ORD_1529;PROD_4;1;1
CORD_ORD_1529;PROD_41;1;1
CORD_ORD_1529;PROD_42;1;1
CORD_ORD_1529;PROD_43;1;1
CORD_ORD_1529;PROD_46;1;1
CORD_ORD_1529;PROD_5;1;1
CORD_ORD_1529;PROD_9;1;1
CORD_ORD_1530;PROD_10;1;1
CORD_ORD_1530;PROD_11;1;1
CORD_ORD_1530;PROD_12;1;1
CORD_ORD_1530;PROD_13;1;1
CORD_ORD_1530;PROD_17;1;1
CORD_ORD_1530;PROD_21;1;1
CORD_ORD_1530;PROD_24;1;1
CORD_ORD_1530;PROD_26;1;1
CORD_ORD_1530;PROD_33;1;1
CORD_ORD_1530;PROD_38;1;1
CORD_ORD_1530;PROD_4;1;1
CORD_ORD_1530;PROD_41;1;1
CORD_ORD_1530;PROD_43;1;1
CORD_ORD_1530;PROD_48;1;1
CORD_ORD_1531;PROD_10;1;1
CORD_ORD_1531;PROD_20;1;1
CORD_ORD_1531;PROD_21;1;1
CORD_ORD_1531;PROD_23;1;1
CORD_ORD_1531;PROD_24;1;1
CORD_ORD_1531;PROD_30;1;1
CORD_ORD_1531;PROD_39;1;1
CORD_ORD_1531;PROD_42;1;1
CORD_ORD_1531;PROD_43;1;1
CORD_ORD_1531;PROD_50;1;1
CORD_ORD_1531;PROD_6;1;1
CORD_ORD_1531;PROD_8;1;1
CORD_ORD_1532;PROD_1;1;1
CORD_ORD_1532;PROD_11;1;1
CORD_ORD_1532;PROD_17;1;1
CORD_ORD_1532;PROD_23;1;1
CORD_ORD_1532;PROD_3;1;1
CORD_ORD_1532;PROD_35;1;1
CORD_ORD_1532;PROD_37;1;1
CORD_ORD_1532;PROD_41;1;1
CORD_ORD_1532;PROD_42;1;1
CORD_ORD_1532;PROD_44;1;1
CORD_ORD_1532;PROD_48;1;1
CORD_ORD_1532;PROD_7;1;1
CORD_ORD_1533;PROD_10;1;1
CORD_ORD_1533;PROD_11;1;1
CORD_ORD_1533;PROD_14;1;1
CORD_ORD_1533;PROD_22;1;1
CORD_ORD_1533;PROD_28;1;1
CORD_ORD_1533;PROD_29;1;1
CORD_ORD_1533;PROD_30;1;1
CORD_ORD_1533;PROD_31;1;1
CORD_ORD_1533;PROD_35;1;1
CORD_ORD_1533;PROD_37;1;1
CORD_ORD_1533;PROD_43;1;1
CORD_ORD_1533;PROD_44;1;1
CORD_ORD_1533;PROD_48;1;1
CORD_ORD_1533;PROD_7;1;1
CORD_ORD_1533;PROD_8;1;1
CORD_ORD_1533;PROD_9;1;1
CORD_ORD_1534;PROD_11;1;1
CORD_ORD_1534;PROD_18;1;1
CORD_ORD_1534;PROD_2;1;1
CORD_ORD_1534;PROD_29;1;1
CORD_ORD_1534;PROD_31;1;1
CORD_ORD_1534;PROD_34;1;1
CORD_ORD_1534;PROD_35;1;1
CORD_ORD_1534;PROD_40;1;1
CORD_ORD_1534;PROD_47;1;1
CORD_ORD_1534;PROD_48;1;1
CORD_ORD_1534;PROD_5;1;1
CORD_ORD_1534;PROD_7;1;1
CORD_ORD_1535;PROD_1;1;1
CORD_ORD_1535;PROD_10;1;1
CORD_ORD_1535;PROD_12;1;1
CORD_ORD_1535;PROD_15;1;1
CORD_ORD_1535;PROD_18;1;1
CORD_ORD_1535;PROD_2;1;1
CORD_ORD_1535;PROD_26;1;1
CORD_ORD_1535;PROD_3;1;1
CORD_ORD_1535;PROD_32;1;1
CORD_ORD_1535;PROD_34;1;1
CORD_ORD_1535;PROD_36;1;1
CORD_ORD_1535;PROD_37;1;1
CORD_ORD_1535;PROD_38;1;1
CORD_ORD_1535;PROD_4;1;1
CORD_ORD_1535;PROD_43;1;1
CORD_ORD_1535;PROD_44;1;1
CORD_ORD_1535;PROD_46;1;1
CORD_ORD_1535;PROD_5;1;1
CORD_ORD_1536;PROD_10;1;1
CORD_ORD_1536;PROD_14;1;1
CORD_ORD_1536;PROD_17;1;1
CORD_ORD_1536;PROD_41;1;1
CORD_ORD_1536;PROD_43;1;1
CORD_ORD_1536;PROD_50;1;1
CORD_ORD_1536;PROD_6;1;1
CORD_ORD_1536;PROD_9;1;1
CORD_ORD_1537;PROD_11;1;1
CORD_ORD_1537;PROD_14;1;1
CORD_ORD_1537;PROD_15;1;1
CORD_ORD_1537;PROD_18;1;1
CORD_ORD_1537;PROD_2;1;1
CORD_ORD_1537;PROD_27;1;1
CORD_ORD_1537;PROD_32;1;1
CORD_ORD_1537;PROD_36;1;1
CORD_ORD_1537;PROD_46;1;1
CORD_ORD_1537;PROD_48;1;1
CORD_ORD_1537;PROD_49;1;1
CORD_ORD_1537;PROD_9;1;1
CORD_ORD_1538;PROD_10;1;1
CORD_ORD_1538;PROD_11;1;1
CORD_ORD_1538;PROD_15;1;1
CORD_ORD_1538;PROD_17;1;1
CORD_ORD_1538;PROD_22;1;1
CORD_ORD_1538;PROD_28;1;1
CORD_ORD_1538;PROD_29;1;1
CORD_ORD_1538;PROD_31;1;1
CORD_ORD_1538;PROD_32;1;1
CORD_ORD_1538;PROD_35;1;1
CORD_ORD_1538;PROD_41;1;1
CORD_ORD_1538;PROD_43;1;1
CORD_ORD_1538;PROD_48;1;1
CORD_ORD_1538;PROD_50;1;1
CORD_ORD_1538;PROD_6;1;1
CORD_ORD_1538;PROD_7;1;1
CORD_ORD_1539;PROD_1;1;1
CORD_ORD_1539;PROD_10;1;1
CORD_ORD_1539;PROD_11;1;1
CORD_ORD_1539;PROD_13;1;1
CORD_ORD_1539;PROD_14;1;1
CORD_ORD_1539;PROD_19;1;1
CORD_ORD_1539;PROD_21;1;1
CORD_ORD_1539;PROD_24;1;1
CORD_ORD_1539;PROD_29;1;1
CORD_ORD_1539;PROD_3;1;1
CORD_ORD_1539;PROD_30;1;1
CORD_ORD_1539;PROD_31;1;1
CORD_ORD_1539;PROD_33;1;1
CORD_ORD_1539;PROD_36;1;1
CORD_ORD_1539;PROD_37;1;1
CORD_ORD_1539;PROD_43;1;1
CORD_ORD_1539;PROD_44;1;1
CORD_ORD_1539;PROD_45;1;1
CORD_ORD_1539;PROD_46;1;1
CORD_ORD_1539;PROD_48;1;1
CORD_ORD_1539;PROD_8;1;1
CORD_ORD_1539;PROD_9;1;1
CORD_ORD_1540;PROD_10;1;1
CORD_ORD_1540;PROD_16;1;1
CORD_ORD_1540;PROD_18;1;1
CORD_ORD_1540;PROD_19;1;1
CORD_ORD_1540;PROD_2;1;1
CORD_ORD_1540;PROD_22;1;1
CORD_ORD_1540;PROD_25;1;1
CORD_ORD_1540;PROD_28;1;1
CORD_ORD_1540;PROD_30;1;1
CORD_ORD_1540;PROD_37;1;1
CORD_ORD_1540;PROD_38;1;1
CORD_ORD_1540;PROD_4;1;1
CORD_ORD_1540;PROD_40;1;1
CORD_ORD_1540;PROD_43;1;1
CORD_ORD_1540;PROD_44;1;1
CORD_ORD_1540;PROD_45;1;1
CORD_ORD_1540;PROD_47;1;1
CORD_ORD_1540;PROD_8;1;1
CORD_ORD_1541;PROD_13;1;1
CORD_ORD_1541;PROD_14;1;1
CORD_ORD_1541;PROD_16;1;1
CORD_ORD_1541;PROD_19;1;1
CORD_ORD_1541;PROD_20;1;1
CORD_ORD_1541;PROD_25;1;1
CORD_ORD_1541;PROD_27;1;1
CORD_ORD_1541;PROD_33;1;1
CORD_ORD_1541;PROD_34;1;1
CORD_ORD_1541;PROD_36;1;1
CORD_ORD_1541;PROD_39;1;1
CORD_ORD_1541;PROD_45;1;1
CORD_ORD_1541;PROD_46;1;1
CORD_ORD_1541;PROD_49;1;1
CORD_ORD_1541;PROD_5;1;1
CORD_ORD_1541;PROD_50;1;1
CORD_ORD_1541;PROD_6;1;1
CORD_ORD_1541;PROD_9;1;1
CORD_ORD_1542;PROD_10;1;1
CORD_ORD_1542;PROD_11;1;1
CORD_ORD_1542;PROD_12;1;1
CORD_ORD_1542;PROD_14;1;1
CORD_ORD_1542;PROD_15;1;1
CORD_ORD_1542;PROD_18;1;1
CORD_ORD_1542;PROD_2;1;1
CORD_ORD_1542;PROD_22;1;1
CORD_ORD_1542;PROD_23;1;1
CORD_ORD_1542;PROD_26;1;1
CORD_ORD_1542;PROD_28;1;1
CORD_ORD_1542;PROD_32;1;1
CORD_ORD_1542;PROD_34;1;1
CORD_ORD_1542;PROD_37;1;1
CORD_ORD_1542;PROD_38;1;1
CORD_ORD_1542;PROD_4;1;1
CORD_ORD_1542;PROD_42;1;1
CORD_ORD_1542;PROD_43;1;1
CORD_ORD_1542;PROD_44;1;1
CORD_ORD_1542;PROD_48;1;1
CORD_ORD_1542;PROD_5;1;1
CORD_ORD_1542;PROD_9;1;1
CORD_ORD_1543;PROD_13;1;1
CORD_ORD_1543;PROD_20;1;1
CORD_ORD_1543;PROD_29;1;1
CORD_ORD_1543;PROD_30;1;1
CORD_ORD_1543;PROD_31;1;1
CORD_ORD_1543;PROD_33;1;1
CORD_ORD_1543;PROD_35;1;1
CORD_ORD_1543;PROD_39;1;1
CORD_ORD_1543;PROD_40;1;1
CORD_ORD_1543;PROD_47;1;1
CORD_ORD_1543;PROD_50;1;1
CORD_ORD_1543;PROD_6;1;1
CORD_ORD_1543;PROD_7;1;1
CORD_ORD_1543;PROD_8;1;1
CORD_ORD_1544;PROD_1;1;1
CORD_ORD_1544;PROD_11;1;1
CORD_ORD_1544;PROD_15;1;1
CORD_ORD_1544;PROD_16;1;1
CORD_ORD_1544;PROD_22;1;1
CORD_ORD_1544;PROD_25;1;1
CORD_ORD_1544;PROD_27;1;1
CORD_ORD_1544;PROD_28;1;1
CORD_ORD_1544;PROD_29;1;1
CORD_ORD_1544;PROD_3;1;1
CORD_ORD_1544;PROD_31;1;1
CORD_ORD_1544;PROD_32;1;1
CORD_ORD_1544;PROD_48;1;1
CORD_ORD_1544;PROD_49;1;1
CORD_ORD_1545;PROD_11;1;1
CORD_ORD_1545;PROD_13;1;1
CORD_ORD_1545;PROD_15;1;1
CORD_ORD_1545;PROD_19;1;1
CORD_ORD_1545;PROD_27;1;1
CORD_ORD_1545;PROD_29;1;1
CORD_ORD_1545;PROD_31;1;1
CORD_ORD_1545;PROD_32;1;1
CORD_ORD_1545;PROD_33;1;1
CORD_ORD_1545;PROD_37;1;1
CORD_ORD_1545;PROD_44;1;1
CORD_ORD_1545;PROD_45;1;1
CORD_ORD_1545;PROD_48;1;1
CORD_ORD_1545;PROD_49;1;1
CORD_ORD_1546;PROD_12;1;1
CORD_ORD_1546;PROD_13;1;1
CORD_ORD_1546;PROD_14;1;1
CORD_ORD_1546;PROD_19;1;1
CORD_ORD_1546;PROD_20;1;1
CORD_ORD_1546;PROD_26;1;1
CORD_ORD_1546;PROD_27;1;1
CORD_ORD_1546;PROD_33;1;1
CORD_ORD_1546;PROD_34;1;1
CORD_ORD_1546;PROD_37;1;1
CORD_ORD_1546;PROD_39;1;1
CORD_ORD_1546;PROD_40;1;1
CORD_ORD_1546;PROD_44;1;1
CORD_ORD_1546;PROD_45;1;1
CORD_ORD_1546;PROD_47;1;1
CORD_ORD_1546;PROD_49;1;1
CORD_ORD_1546;PROD_5;1;1
CORD_ORD_1546;PROD_9;1;1
CORD_ORD_1547;PROD_10;1;1
CORD_ORD_1547;PROD_16;1;1
CORD_ORD_1547;PROD_18;1;1
CORD_ORD_1547;PROD_2;1;1
CORD_ORD_1547;PROD_21;1;1
CORD_ORD_1547;PROD_24;1;1
CORD_ORD_1547;PROD_25;1;1
CORD_ORD_1547;PROD_29;1;1
CORD_ORD_1547;PROD_31;1;1
CORD_ORD_1547;PROD_43;1;1
CORD_ORD_1548;PROD_10;1;1
CORD_ORD_1548;PROD_27;1;1
CORD_ORD_1548;PROD_29;1;1
CORD_ORD_1548;PROD_30;1;1
CORD_ORD_1548;PROD_31;1;1
CORD_ORD_1548;PROD_37;1;1
CORD_ORD_1548;PROD_43;1;1
CORD_ORD_1548;PROD_44;1;1
CORD_ORD_1548;PROD_49;1;1
CORD_ORD_1548;PROD_8;1;1
CORD_ORD_1549;PROD_1;1;1
CORD_ORD_1549;PROD_10;1;1
CORD_ORD_1549;PROD_11;1;1
CORD_ORD_1549;PROD_15;1;1
CORD_ORD_1549;PROD_19;1;1
CORD_ORD_1549;PROD_29;1;1
CORD_ORD_1549;PROD_3;1;1
CORD_ORD_1549;PROD_31;1;1
CORD_ORD_1549;PROD_32;1;1
CORD_ORD_1549;PROD_40;1;1
CORD_ORD_1549;PROD_43;1;1
CORD_ORD_1549;PROD_45;1;1
CORD_ORD_1549;PROD_47;1;1
CORD_ORD_1549;PROD_48;1;1
CORD_ORD_1550;PROD_11;1;1
CORD_ORD_1550;PROD_13;1;1
CORD_ORD_1550;PROD_18;1;1
CORD_ORD_1550;PROD_19;1;1
CORD_ORD_1550;PROD_2;1;1
CORD_ORD_1550;PROD_21;1;1
CORD_ORD_1550;PROD_23;1;1
CORD_ORD_1550;PROD_24;1;1
CORD_ORD_1550;PROD_33;1;1
CORD_ORD_1550;PROD_37;1;1
CORD_ORD_1550;PROD_38;1;1
CORD_ORD_1550;PROD_4;1;1
CORD_ORD_1550;PROD_42;1;1
CORD_ORD_1550;PROD_44;1;1
CORD_ORD_1550;PROD_45;1;1
CORD_ORD_1550;PROD_48;1;1
CORD_ORD_1551;PROD_13;1;1
CORD_ORD_1551;PROD_15;1;1
CORD_ORD_1551;PROD_19;1;1
CORD_ORD_1551;PROD_22;1;1
CORD_ORD_1551;PROD_28;1;1
CORD_ORD_1551;PROD_29;1;1
CORD_ORD_1551;PROD_31;1;1
CORD_ORD_1551;PROD_32;1;1
CORD_ORD_1551;PROD_33;1;1
CORD_ORD_1551;PROD_37;1;1
CORD_ORD_1551;PROD_44;1;1
CORD_ORD_1551;PROD_45;1;1
CORD_ORD_1551;PROD_50;1;1
CORD_ORD_1551;PROD_6;1;1
CORD_ORD_1552;PROD_11;1;1
CORD_ORD_1552;PROD_12;1;1
CORD_ORD_1552;PROD_15;1;1
CORD_ORD_1552;PROD_26;1;1
CORD_ORD_1552;PROD_27;1;1
CORD_ORD_1552;PROD_29;1;1
CORD_ORD_1552;PROD_31;1;1
CORD_ORD_1552;PROD_32;1;1
CORD_ORD_1552;PROD_38;1;1
CORD_ORD_1552;PROD_4;1;1
CORD_ORD_1552;PROD_48;1;1
CORD_ORD_1552;PROD_49;1;1
CORD_ORD_1553;PROD_1;1;1
CORD_ORD_1553;PROD_12;1;1
CORD_ORD_1553;PROD_18;1;1
CORD_ORD_1553;PROD_2;1;1
CORD_ORD_1553;PROD_21;1;1
CORD_ORD_1553;PROD_23;1;1
CORD_ORD_1553;PROD_24;1;1
CORD_ORD_1553;PROD_26;1;1
CORD_ORD_1553;PROD_27;1;1
CORD_ORD_1553;PROD_3;1;1
CORD_ORD_1553;PROD_30;1;1
CORD_ORD_1553;PROD_36;1;1
CORD_ORD_1553;PROD_37;1;1
CORD_ORD_1553;PROD_38;1;1
CORD_ORD_1553;PROD_4;1;1
CORD_ORD_1553;PROD_42;1;1
CORD_ORD_1553;PROD_44;1;1
CORD_ORD_1553;PROD_46;1;1
CORD_ORD_1553;PROD_49;1;1
CORD_ORD_1553;PROD_8;1;1
CORD_ORD_1554;PROD_1;1;1
CORD_ORD_1554;PROD_18;1;1
CORD_ORD_1554;PROD_2;1;1
CORD_ORD_1554;PROD_20;1;1
CORD_ORD_1554;PROD_3;1;1
CORD_ORD_1554;PROD_30;1;1
CORD_ORD_1554;PROD_36;1;1
CORD_ORD_1554;PROD_37;1;1
CORD_ORD_1554;PROD_39;1;1
CORD_ORD_1554;PROD_44;1;1
CORD_ORD_1554;PROD_46;1;1
CORD_ORD_1554;PROD_8;1;1
CORD_ORD_1555;PROD_11;1;1
CORD_ORD_1555;PROD_15;1;1
CORD_ORD_1555;PROD_27;1;1
CORD_ORD_1555;PROD_29;1;1
CORD_ORD_1555;PROD_31;1;1
CORD_ORD_1555;PROD_32;1;1
CORD_ORD_1555;PROD_37;1;1
CORD_ORD_1555;PROD_44;1;1
CORD_ORD_1555;PROD_48;1;1
CORD_ORD_1555;PROD_49;1;1
CORD_ORD_1556;PROD_1;1;1
CORD_ORD_1556;PROD_10;1;1
CORD_ORD_1556;PROD_12;1;1
CORD_ORD_1556;PROD_16;1;1
CORD_ORD_1556;PROD_19;1;1
CORD_ORD_1556;PROD_23;1;1
CORD_ORD_1556;PROD_25;1;1
CORD_ORD_1556;PROD_26;1;1
CORD_ORD_1556;PROD_3;1;1
CORD_ORD_1556;PROD_30;1;1
CORD_ORD_1556;PROD_38;1;1
CORD_ORD_1556;PROD_4;1;1
CORD_ORD_1556;PROD_42;1;1
CORD_ORD_1556;PROD_43;1;1
CORD_ORD_1556;PROD_45;1;1
CORD_ORD_1556;PROD_8;1;1
CORD_ORD_1557;PROD_11;1;1
CORD_ORD_1557;PROD_17;1;1
CORD_ORD_1557;PROD_21;1;1
CORD_ORD_1557;PROD_23;1;1
CORD_ORD_1557;PROD_24;1;1
CORD_ORD_1557;PROD_37;1;1
CORD_ORD_1557;PROD_41;1;1
CORD_ORD_1557;PROD_42;1;1
CORD_ORD_1557;PROD_44;1;1
CORD_ORD_1557;PROD_48;1;1
CORD_ORD_1558;PROD_11;1;1
CORD_ORD_1558;PROD_15;1;1
CORD_ORD_1558;PROD_22;1;1
CORD_ORD_1558;PROD_28;1;1
CORD_ORD_1558;PROD_29;1;1
CORD_ORD_1558;PROD_31;1;1
CORD_ORD_1558;PROD_32;1;1
CORD_ORD_1558;PROD_48;1;1
CORD_ORD_1558;PROD_50;1;1
CORD_ORD_1558;PROD_6;1;1
CORD_ORD_1559;PROD_1;1;1
CORD_ORD_1559;PROD_13;1;1
CORD_ORD_1559;PROD_15;1;1
CORD_ORD_1559;PROD_17;1;1
CORD_ORD_1559;PROD_18;1;1
CORD_ORD_1559;PROD_2;1;1
CORD_ORD_1559;PROD_20;1;1
CORD_ORD_1559;PROD_21;1;1
CORD_ORD_1559;PROD_24;1;1
CORD_ORD_1559;PROD_3;1;1
CORD_ORD_1559;PROD_32;1;1
CORD_ORD_1559;PROD_33;1;1
CORD_ORD_1559;PROD_34;1;1
CORD_ORD_1559;PROD_39;1;1
CORD_ORD_1559;PROD_41;1;1
CORD_ORD_1559;PROD_5;1;1
CORD_ORD_1559;PROD_50;1;1
CORD_ORD_1559;PROD_6;1;1
CORD_ORD_1560;PROD_1;1;1
CORD_ORD_1560;PROD_10;1;1
CORD_ORD_1560;PROD_11;1;1
CORD_ORD_1560;PROD_15;1;1
CORD_ORD_1560;PROD_18;1;1
CORD_ORD_1560;PROD_2;1;1
CORD_ORD_1560;PROD_22;1;1
CORD_ORD_1560;PROD_28;1;1
CORD_ORD_1560;PROD_29;1;1
CORD_ORD_1560;PROD_3;1;1
CORD_ORD_1560;PROD_30;1;1
CORD_ORD_1560;PROD_31;1;1
CORD_ORD_1560;PROD_32;1;1
CORD_ORD_1560;PROD_37;1;1
CORD_ORD_1560;PROD_40;1;1
CORD_ORD_1560;PROD_43;1;1
CORD_ORD_1560;PROD_44;1;1
CORD_ORD_1560;PROD_47;1;1
CORD_ORD_1560;PROD_48;1;1
CORD_ORD_1560;PROD_8;1;1
CORD_ORD_1561;PROD_1;1;1
CORD_ORD_1561;PROD_10;1;1
CORD_ORD_1561;PROD_11;1;1
CORD_ORD_1561;PROD_14;1;1
CORD_ORD_1561;PROD_15;1;1
CORD_ORD_1561;PROD_18;1;1
CORD_ORD_1561;PROD_2;1;1
CORD_ORD_1561;PROD_29;1;1
CORD_ORD_1561;PROD_3;1;1
CORD_ORD_1561;PROD_31;1;1
CORD_ORD_1561;PROD_32;1;1
CORD_ORD_1561;PROD_35;1;1
CORD_ORD_1561;PROD_36;1;1
CORD_ORD_1561;PROD_43;1;1
CORD_ORD_1561;PROD_46;1;1
CORD_ORD_1561;PROD_48;1;1
CORD_ORD_1561;PROD_7;1;1
CORD_ORD_1561;PROD_9;1;1
CORD_ORD_1562;PROD_12;1;1
CORD_ORD_1562;PROD_16;1;1
CORD_ORD_1562;PROD_25;1;1
CORD_ORD_1562;PROD_26;1;1
CORD_ORD_1562;PROD_35;1;1
CORD_ORD_1562;PROD_36;1;1
CORD_ORD_1562;PROD_37;1;1
CORD_ORD_1562;PROD_38;1;1
CORD_ORD_1562;PROD_4;1;1
CORD_ORD_1562;PROD_44;1;1
CORD_ORD_1562;PROD_46;1;1
CORD_ORD_1562;PROD_50;1;1
CORD_ORD_1562;PROD_6;1;1
CORD_ORD_1562;PROD_7;1;1
CORD_ORD_1563;PROD_10;1;1
CORD_ORD_1563;PROD_12;1;1
CORD_ORD_1563;PROD_14;1;1
CORD_ORD_1563;PROD_15;1;1
CORD_ORD_1563;PROD_21;1;1
CORD_ORD_1563;PROD_24;1;1
CORD_ORD_1563;PROD_26;1;1
CORD_ORD_1563;PROD_32;1;1
CORD_ORD_1563;PROD_34;1;1
CORD_ORD_1563;PROD_38;1;1
CORD_ORD_1563;PROD_4;1;1
CORD_ORD_1563;PROD_43;1;1
CORD_ORD_1563;PROD_5;1;1
CORD_ORD_1563;PROD_9;1;1
CORD_ORD_1564;PROD_1;1;1
CORD_ORD_1564;PROD_10;1;1
CORD_ORD_1564;PROD_11;1;1
CORD_ORD_1564;PROD_19;1;1
CORD_ORD_1564;PROD_22;1;1
CORD_ORD_1564;PROD_28;1;1
CORD_ORD_1564;PROD_3;1;1
CORD_ORD_1564;PROD_37;1;1
CORD_ORD_1564;PROD_43;1;1
CORD_ORD_1564;PROD_44;1;1
CORD_ORD_1564;PROD_45;1;1
CORD_ORD_1564;PROD_48;1;1
CORD_ORD_1565;PROD_1;1;1
CORD_ORD_1565;PROD_10;1;1
CORD_ORD_1565;PROD_12;1;1
CORD_ORD_1565;PROD_14;1;1
CORD_ORD_1565;PROD_15;1;1
CORD_ORD_1565;PROD_18;1;1
CORD_ORD_1565;PROD_2;1;1
CORD_ORD_1565;PROD_26;1;1
CORD_ORD_1565;PROD_29;1;1
CORD_ORD_1565;PROD_3;1;1
CORD_ORD_1565;PROD_31;1;1
CORD_ORD_1565;PROD_32;1;1
CORD_ORD_1565;PROD_38;1;1
CORD_ORD_1565;PROD_4;1;1
CORD_ORD_1565;PROD_40;1;1
CORD_ORD_1565;PROD_43;1;1
CORD_ORD_1565;PROD_47;1;1
CORD_ORD_1565;PROD_9;1;1
CORD_ORD_1566;PROD_11;1;1
CORD_ORD_1566;PROD_13;1;1
CORD_ORD_1566;PROD_19;1;1
CORD_ORD_1566;PROD_20;1;1
CORD_ORD_1566;PROD_30;1;1
CORD_ORD_1566;PROD_33;1;1
CORD_ORD_1566;PROD_36;1;1
CORD_ORD_1566;PROD_37;1;1
CORD_ORD_1566;PROD_39;1;1
CORD_ORD_1566;PROD_44;1;1
CORD_ORD_1566;PROD_45;1;1
CORD_ORD_1566;PROD_46;1;1
CORD_ORD_1566;PROD_48;1;1
CORD_ORD_1566;PROD_8;1;1
CORD_ORD_1567;PROD_10;1;1
CORD_ORD_1567;PROD_11;1;1
CORD_ORD_1567;PROD_14;1;1
CORD_ORD_1567;PROD_18;1;1
CORD_ORD_1567;PROD_2;1;1
CORD_ORD_1567;PROD_36;1;1
CORD_ORD_1567;PROD_43;1;1
CORD_ORD_1567;PROD_46;1;1
CORD_ORD_1567;PROD_48;1;1
CORD_ORD_1567;PROD_9;1;1
CORD_ORD_1568;PROD_10;1;1
CORD_ORD_1568;PROD_11;1;1
CORD_ORD_1568;PROD_12;1;1
CORD_ORD_1568;PROD_14;1;1
CORD_ORD_1568;PROD_17;1;1
CORD_ORD_1568;PROD_19;1;1
CORD_ORD_1568;PROD_26;1;1
CORD_ORD_1568;PROD_27;1;1
CORD_ORD_1568;PROD_29;1;1
CORD_ORD_1568;PROD_30;1;1
CORD_ORD_1568;PROD_31;1;1
CORD_ORD_1568;PROD_35;1;1
CORD_ORD_1568;PROD_41;1;1
CORD_ORD_1568;PROD_43;1;1
CORD_ORD_1568;PROD_45;1;1
CORD_ORD_1568;PROD_48;1;1
CORD_ORD_1568;PROD_49;1;1
CORD_ORD_1568;PROD_7;1;1
CORD_ORD_1568;PROD_8;1;1
CORD_ORD_1568;PROD_9;1;1
CORD_ORD_1569;PROD_1;1;1
CORD_ORD_1569;PROD_10;1;1
CORD_ORD_1569;PROD_12;1;1
CORD_ORD_1569;PROD_22;1;1
CORD_ORD_1569;PROD_26;1;1
CORD_ORD_1569;PROD_28;1;1
CORD_ORD_1569;PROD_29;1;1
CORD_ORD_1569;PROD_3;1;1
CORD_ORD_1569;PROD_30;1;1
CORD_ORD_1569;PROD_31;1;1
CORD_ORD_1569;PROD_36;1;1
CORD_ORD_1569;PROD_38;1;1
CORD_ORD_1569;PROD_4;1;1
CORD_ORD_1569;PROD_43;1;1
CORD_ORD_1569;PROD_46;1;1
CORD_ORD_1569;PROD_8;1;1
CORD_ORD_1570;PROD_10;1;1
CORD_ORD_1570;PROD_15;1;1
CORD_ORD_1570;PROD_21;1;1
CORD_ORD_1570;PROD_23;1;1
CORD_ORD_1570;PROD_24;1;1
CORD_ORD_1570;PROD_32;1;1
CORD_ORD_1570;PROD_34;1;1
CORD_ORD_1570;PROD_37;1;1
CORD_ORD_1570;PROD_38;1;1
CORD_ORD_1570;PROD_4;1;1
CORD_ORD_1570;PROD_42;1;1
CORD_ORD_1570;PROD_43;1;1
CORD_ORD_1570;PROD_44;1;1
CORD_ORD_1570;PROD_5;1;1
CORD_ORD_1571;PROD_1;1;1
CORD_ORD_1571;PROD_14;1;1
CORD_ORD_1571;PROD_21;1;1
CORD_ORD_1571;PROD_24;1;1
CORD_ORD_1571;PROD_29;1;1
CORD_ORD_1571;PROD_3;1;1
CORD_ORD_1571;PROD_31;1;1
CORD_ORD_1571;PROD_35;1;1
CORD_ORD_1571;PROD_36;1;1
CORD_ORD_1571;PROD_38;1;1
CORD_ORD_1571;PROD_4;1;1
CORD_ORD_1571;PROD_46;1;1
CORD_ORD_1571;PROD_7;1;1
CORD_ORD_1571;PROD_9;1;1
CORD_ORD_1572;PROD_10;1;1
CORD_ORD_1572;PROD_12;1;1
CORD_ORD_1572;PROD_17;1;1
CORD_ORD_1572;PROD_20;1;1
CORD_ORD_1572;PROD_26;1;1
CORD_ORD_1572;PROD_39;1;1
CORD_ORD_1572;PROD_40;1;1
CORD_ORD_1572;PROD_41;1;1
CORD_ORD_1572;PROD_43;1;1
CORD_ORD_1572;PROD_47;1;1
CORD_ORD_1573;PROD_10;1;1
CORD_ORD_1573;PROD_13;1;1
CORD_ORD_1573;PROD_18;1;1
CORD_ORD_1573;PROD_19;1;1
CORD_ORD_1573;PROD_2;1;1
CORD_ORD_1573;PROD_27;1;1
CORD_ORD_1573;PROD_33;1;1
CORD_ORD_1573;PROD_34;1;1
CORD_ORD_1573;PROD_35;1;1
CORD_ORD_1573;PROD_36;1;1
CORD_ORD_1573;PROD_37;1;1
CORD_ORD_1573;PROD_40;1;1
CORD_ORD_1573;PROD_43;1;1
CORD_ORD_1573;PROD_44;1;1
CORD_ORD_1573;PROD_45;1;1
CORD_ORD_1573;PROD_46;1;1
CORD_ORD_1573;PROD_47;1;1
CORD_ORD_1573;PROD_49;1;1
CORD_ORD_1573;PROD_5;1;1
CORD_ORD_1573;PROD_7;1;1
CORD_ORD_1574;PROD_1;1;1
CORD_ORD_1574;PROD_11;1;1
CORD_ORD_1574;PROD_23;1;1
CORD_ORD_1574;PROD_3;1;1
CORD_ORD_1574;PROD_37;1;1
CORD_ORD_1574;PROD_42;1;1
CORD_ORD_1574;PROD_44;1;1
CORD_ORD_1574;PROD_48;1;1
CORD_ORD_1575;PROD_1;1;1
CORD_ORD_1575;PROD_10;1;1
CORD_ORD_1575;PROD_14;1;1
CORD_ORD_1575;PROD_17;1;1
CORD_ORD_1575;PROD_20;1;1
CORD_ORD_1575;PROD_29;1;1
CORD_ORD_1575;PROD_3;1;1
CORD_ORD_1575;PROD_31;1;1
CORD_ORD_1575;PROD_35;1;1
CORD_ORD_1575;PROD_37;1;1
CORD_ORD_1575;PROD_39;1;1
CORD_ORD_1575;PROD_40;1;1
CORD_ORD_1575;PROD_41;1;1
CORD_ORD_1575;PROD_43;1;1
CORD_ORD_1575;PROD_44;1;1
CORD_ORD_1575;PROD_47;1;1
CORD_ORD_1575;PROD_50;1;1
CORD_ORD_1575;PROD_6;1;1
CORD_ORD_1575;PROD_7;1;1
CORD_ORD_1575;PROD_9;1;1
CORD_ORD_1576;PROD_1;1;1
CORD_ORD_1576;PROD_10;1;1
CORD_ORD_1576;PROD_15;1;1
CORD_ORD_1576;PROD_18;1;1
CORD_ORD_1576;PROD_2;1;1
CORD_ORD_1576;PROD_3;1;1
CORD_ORD_1576;PROD_32;1;1
CORD_ORD_1576;PROD_36;1;1
CORD_ORD_1576;PROD_37;1;1
CORD_ORD_1576;PROD_43;1;1
CORD_ORD_1576;PROD_44;1;1
CORD_ORD_1576;PROD_46;1;1
CORD_ORD_1577;PROD_1;1;1
CORD_ORD_1577;PROD_10;1;1
CORD_ORD_1577;PROD_11;1;1
CORD_ORD_1577;PROD_12;1;1
CORD_ORD_1577;PROD_14;1;1
CORD_ORD_1577;PROD_15;1;1
CORD_ORD_1577;PROD_19;1;1
CORD_ORD_1577;PROD_26;1;1
CORD_ORD_1577;PROD_27;1;1
CORD_ORD_1577;PROD_29;1;1
CORD_ORD_1577;PROD_3;1;1
CORD_ORD_1577;PROD_31;1;1
CORD_ORD_1577;PROD_32;1;1
CORD_ORD_1577;PROD_36;1;1
CORD_ORD_1577;PROD_38;1;1
CORD_ORD_1577;PROD_4;1;1
CORD_ORD_1577;PROD_43;1;1
CORD_ORD_1577;PROD_45;1;1
CORD_ORD_1577;PROD_46;1;1
CORD_ORD_1577;PROD_48;1;1
CORD_ORD_1577;PROD_49;1;1
CORD_ORD_1577;PROD_9;1;1
CORD_ORD_1578;PROD_15;1;1
CORD_ORD_1578;PROD_20;1;1
CORD_ORD_1578;PROD_29;1;1
CORD_ORD_1578;PROD_31;1;1
CORD_ORD_1578;PROD_32;1;1
CORD_ORD_1578;PROD_34;1;1
CORD_ORD_1578;PROD_39;1;1
CORD_ORD_1578;PROD_5;1;1
CORD_ORD_1579;PROD_1;1;1
CORD_ORD_1579;PROD_12;1;1
CORD_ORD_1579;PROD_13;1;1
CORD_ORD_1579;PROD_16;1;1
CORD_ORD_1579;PROD_21;1;1
CORD_ORD_1579;PROD_22;1;1
CORD_ORD_1579;PROD_24;1;1
CORD_ORD_1579;PROD_25;1;1
CORD_ORD_1579;PROD_26;1;1
CORD_ORD_1579;PROD_28;1;1
CORD_ORD_1579;PROD_3;1;1
CORD_ORD_1579;PROD_33;1;1
CORD_ORD_1580;PROD_11;1;1
CORD_ORD_1580;PROD_15;1;1
CORD_ORD_1580;PROD_17;1;1
CORD_ORD_1580;PROD_19;1;1
CORD_ORD_1580;PROD_20;1;1
CORD_ORD_1580;PROD_32;1;1
CORD_ORD_1580;PROD_36;1;1
CORD_ORD_1580;PROD_39;1;1
CORD_ORD_1580;PROD_41;1;1
CORD_ORD_1580;PROD_45;1;1
CORD_ORD_1580;PROD_46;1;1
CORD_ORD_1580;PROD_48;1;1
CORD_ORD_1581;PROD_1;1;1
CORD_ORD_1581;PROD_12;1;1
CORD_ORD_1581;PROD_15;1;1
CORD_ORD_1581;PROD_16;1;1
CORD_ORD_1581;PROD_21;1;1
CORD_ORD_1581;PROD_22;1;1
CORD_ORD_1581;PROD_24;1;1
CORD_ORD_1581;PROD_25;1;1
CORD_ORD_1581;PROD_26;1;1
CORD_ORD_1581;PROD_28;1;1
CORD_ORD_1581;PROD_29;1;1
CORD_ORD_1581;PROD_3;1;1
CORD_ORD_1581;PROD_31;1;1
CORD_ORD_1581;PROD_32;1;1
CORD_ORD_1581;PROD_50;1;1
CORD_ORD_1581;PROD_6;1;1
CORD_ORD_1582;PROD_1;1;1
CORD_ORD_1582;PROD_10;1;1
CORD_ORD_1582;PROD_15;1;1
CORD_ORD_1582;PROD_20;1;1
CORD_ORD_1582;PROD_3;1;1
CORD_ORD_1582;PROD_30;1;1
CORD_ORD_1582;PROD_32;1;1
CORD_ORD_1582;PROD_36;1;1
CORD_ORD_1582;PROD_39;1;1
CORD_ORD_1582;PROD_40;1;1
CORD_ORD_1582;PROD_43;1;1
CORD_ORD_1582;PROD_46;1;1
CORD_ORD_1582;PROD_47;1;1
CORD_ORD_1582;PROD_8;1;1
CORD_ORD_1583;PROD_12;1;1
CORD_ORD_1583;PROD_22;1;1
CORD_ORD_1583;PROD_26;1;1
CORD_ORD_1583;PROD_28;1;1
CORD_ORD_1583;PROD_29;1;1
CORD_ORD_1583;PROD_31;1;1
CORD_ORD_1583;PROD_38;1;1
CORD_ORD_1583;PROD_4;1;1
CORD_ORD_1583;PROD_50;1;1
CORD_ORD_1583;PROD_6;1;1
CORD_ORD_1584;PROD_1;1;1
CORD_ORD_1584;PROD_16;1;1
CORD_ORD_1584;PROD_17;1;1
CORD_ORD_1584;PROD_21;1;1
CORD_ORD_1584;PROD_23;1;1
CORD_ORD_1584;PROD_24;1;1
CORD_ORD_1584;PROD_25;1;1
CORD_ORD_1584;PROD_3;1;1
CORD_ORD_1584;PROD_37;1;1
CORD_ORD_1584;PROD_40;1;1
CORD_ORD_1584;PROD_41;1;1
CORD_ORD_1584;PROD_42;1;1
CORD_ORD_1584;PROD_44;1;1
CORD_ORD_1584;PROD_47;1;1
CORD_ORD_1584;PROD_50;1;1
CORD_ORD_1584;PROD_6;1;1
CORD_ORD_1585;PROD_1;1;1
CORD_ORD_1585;PROD_11;1;1
CORD_ORD_1585;PROD_13;1;1
CORD_ORD_1585;PROD_14;1;1
CORD_ORD_1585;PROD_19;1;1
CORD_ORD_1585;PROD_3;1;1
CORD_ORD_1585;PROD_33;1;1
CORD_ORD_1585;PROD_34;1;1
CORD_ORD_1585;PROD_38;1;1
CORD_ORD_1585;PROD_4;1;1
CORD_ORD_1585;PROD_45;1;1
CORD_ORD_1585;PROD_48;1;1
CORD_ORD_1585;PROD_5;1;1
CORD_ORD_1585;PROD_9;1;1
CORD_ORD_1586;PROD_1;1;1
CORD_ORD_1586;PROD_10;1;1
CORD_ORD_1586;PROD_15;1;1
CORD_ORD_1586;PROD_16;1;1
CORD_ORD_1586;PROD_20;1;1
CORD_ORD_1586;PROD_22;1;1
CORD_ORD_1586;PROD_23;1;1
CORD_ORD_1586;PROD_25;1;1
CORD_ORD_1586;PROD_28;1;1
CORD_ORD_1586;PROD_3;1;1
CORD_ORD_1586;PROD_32;1;1
CORD_ORD_1586;PROD_34;1;1
CORD_ORD_1586;PROD_38;1;1
CORD_ORD_1586;PROD_39;1;1
CORD_ORD_1586;PROD_4;1;1
CORD_ORD_1586;PROD_42;1;1
CORD_ORD_1586;PROD_43;1;1
CORD_ORD_1586;PROD_5;1;1
CORD_ORD_1587;PROD_10;1;1
CORD_ORD_1587;PROD_11;1;1
CORD_ORD_1587;PROD_12;1;1
CORD_ORD_1587;PROD_15;1;1
CORD_ORD_1587;PROD_22;1;1
CORD_ORD_1587;PROD_26;1;1
CORD_ORD_1587;PROD_27;1;1
CORD_ORD_1587;PROD_28;1;1
CORD_ORD_1587;PROD_29;1;1
CORD_ORD_1587;PROD_31;1;1
CORD_ORD_1587;PROD_32;1;1
CORD_ORD_1587;PROD_37;1;1
CORD_ORD_1587;PROD_38;1;1
CORD_ORD_1587;PROD_4;1;1
CORD_ORD_1587;PROD_43;1;1
CORD_ORD_1587;PROD_44;1;1
CORD_ORD_1587;PROD_48;1;1
CORD_ORD_1587;PROD_49;1;1
CORD_ORD_1588;PROD_1;1;1
CORD_ORD_1588;PROD_11;1;1
CORD_ORD_1588;PROD_12;1;1
CORD_ORD_1588;PROD_16;1;1
CORD_ORD_1588;PROD_25;1;1
CORD_ORD_1588;PROD_26;1;1
CORD_ORD_1588;PROD_27;1;1
CORD_ORD_1588;PROD_29;1;1
CORD_ORD_1588;PROD_3;1;1
CORD_ORD_1588;PROD_31;1;1
CORD_ORD_1588;PROD_48;1;1
CORD_ORD_1588;PROD_49;1;1
CORD_ORD_1589;PROD_10;1;1
CORD_ORD_1589;PROD_17;1;1
CORD_ORD_1589;PROD_27;1;1
CORD_ORD_1589;PROD_35;1;1
CORD_ORD_1589;PROD_37;1;1
CORD_ORD_1589;PROD_40;1;1
CORD_ORD_1589;PROD_41;1;1
CORD_ORD_1589;PROD_43;1;1
CORD_ORD_1589;PROD_44;1;1
CORD_ORD_1589;PROD_47;1;1
CORD_ORD_1589;PROD_49;1;1
CORD_ORD_1589;PROD_50;1;1
CORD_ORD_1589;PROD_6;1;1
CORD_ORD_1589;PROD_7;1;1
CORD_ORD_1590;PROD_14;1;1
CORD_ORD_1590;PROD_18;1;1
CORD_ORD_1590;PROD_19;1;1
CORD_ORD_1590;PROD_2;1;1
CORD_ORD_1590;PROD_21;1;1
CORD_ORD_1590;PROD_24;1;1
CORD_ORD_1590;PROD_27;1;1
CORD_ORD_1590;PROD_29;1;1
CORD_ORD_1590;PROD_31;1;1
CORD_ORD_1590;PROD_40;1;1
CORD_ORD_1590;PROD_45;1;1
CORD_ORD_1590;PROD_47;1;1
CORD_ORD_1590;PROD_49;1;1
CORD_ORD_1590;PROD_9;1;1
CORD_ORD_1591;PROD_1;1;1
CORD_ORD_1591;PROD_10;1;1
CORD_ORD_1591;PROD_11;1;1
CORD_ORD_1591;PROD_12;1;1
CORD_ORD_1591;PROD_13;1;1
CORD_ORD_1591;PROD_15;1;1
CORD_ORD_1591;PROD_20;1;1
CORD_ORD_1591;PROD_23;1;1
CORD_ORD_1591;PROD_26;1;1
CORD_ORD_1591;PROD_27;1;1
CORD_ORD_1591;PROD_29;1;1
CORD_ORD_1591;PROD_3;1;1
CORD_ORD_1591;PROD_30;1;1
CORD_ORD_1591;PROD_31;1;1
CORD_ORD_1591;PROD_32;1;1
CORD_ORD_1591;PROD_33;1;1
CORD_ORD_1591;PROD_36;1;1
CORD_ORD_1591;PROD_38;1;1
CORD_ORD_1591;PROD_39;1;1
CORD_ORD_1591;PROD_4;1;1
CORD_ORD_1591;PROD_42;1;1
CORD_ORD_1591;PROD_43;1;1
CORD_ORD_1591;PROD_46;1;1
CORD_ORD_1591;PROD_48;1;1
CORD_ORD_1591;PROD_49;1;1
CORD_ORD_1591;PROD_8;1;1
CORD_ORD_1592;PROD_10;1;1
CORD_ORD_1592;PROD_11;1;1
CORD_ORD_1592;PROD_14;1;1
CORD_ORD_1592;PROD_18;1;1
CORD_ORD_1592;PROD_2;1;1
CORD_ORD_1592;PROD_35;1;1
CORD_ORD_1592;PROD_36;1;1
CORD_ORD_1592;PROD_43;1;1
CORD_ORD_1592;PROD_46;1;1
CORD_ORD_1592;PROD_48;1;1
CORD_ORD_1592;PROD_7;1;1
CORD_ORD_1592;PROD_9;1;1
CORD_ORD_1593;PROD_1;1;1
CORD_ORD_1593;PROD_10;1;1
CORD_ORD_1593;PROD_15;1;1
CORD_ORD_1593;PROD_29;1;1
CORD_ORD_1593;PROD_3;1;1
CORD_ORD_1593;PROD_30;1;1
CORD_ORD_1593;PROD_31;1;1
CORD_ORD_1593;PROD_32;1;1
CORD_ORD_1593;PROD_36;1;1
CORD_ORD_1593;PROD_38;1;1
CORD_ORD_1593;PROD_4;1;1
CORD_ORD_1593;PROD_40;1;1
CORD_ORD_1593;PROD_43;1;1
CORD_ORD_1593;PROD_46;1;1
CORD_ORD_1593;PROD_47;1;1
CORD_ORD_1593;PROD_8;1;1
CORD_ORD_1594;PROD_1;1;1
CORD_ORD_1594;PROD_13;1;1
CORD_ORD_1594;PROD_16;1;1
CORD_ORD_1594;PROD_22;1;1
CORD_ORD_1594;PROD_25;1;1
CORD_ORD_1594;PROD_27;1;1
CORD_ORD_1594;PROD_28;1;1
CORD_ORD_1594;PROD_3;1;1
CORD_ORD_1594;PROD_33;1;1
CORD_ORD_1594;PROD_37;1;1
CORD_ORD_1594;PROD_44;1;1
CORD_ORD_1594;PROD_49;1;1
CORD_ORD_1594;PROD_50;1;1
CORD_ORD_1594;PROD_6;1;1
CORD_ORD_1595;PROD_1;1;1
CORD_ORD_1595;PROD_10;1;1
CORD_ORD_1595;PROD_14;1;1
CORD_ORD_1595;PROD_16;1;1
CORD_ORD_1595;PROD_22;1;1
CORD_ORD_1595;PROD_25;1;1
CORD_ORD_1595;PROD_28;1;1
CORD_ORD_1595;PROD_3;1;1
CORD_ORD_1595;PROD_35;1;1
CORD_ORD_1595;PROD_43;1;1
CORD_ORD_1595;PROD_7;1;1
CORD_ORD_1595;PROD_9;1;1
CORD_ORD_1596;PROD_16;1;1
CORD_ORD_1596;PROD_18;1;1
CORD_ORD_1596;PROD_2;1;1
CORD_ORD_1596;PROD_21;1;1
CORD_ORD_1596;PROD_24;1;1
CORD_ORD_1596;PROD_25;1;1
CORD_ORD_1596;PROD_38;1;1
CORD_ORD_1596;PROD_4;1;1
CORD_ORD_1596;PROD_50;1;1
CORD_ORD_1596;PROD_6;1;1
CORD_ORD_1597;PROD_10;1;1
CORD_ORD_1597;PROD_11;1;1
CORD_ORD_1597;PROD_13;1;1
CORD_ORD_1597;PROD_17;1;1
CORD_ORD_1597;PROD_19;1;1
CORD_ORD_1597;PROD_33;1;1
CORD_ORD_1597;PROD_37;1;1
CORD_ORD_1597;PROD_41;1;1
CORD_ORD_1597;PROD_43;1;1
CORD_ORD_1597;PROD_44;1;1
CORD_ORD_1597;PROD_45;1;1
CORD_ORD_1597;PROD_48;1;1
CORD_ORD_1598;PROD_11;1;1
CORD_ORD_1598;PROD_12;1;1
CORD_ORD_1598;PROD_13;1;1
CORD_ORD_1598;PROD_17;1;1
CORD_ORD_1598;PROD_19;1;1
CORD_ORD_1598;PROD_21;1;1
CORD_ORD_1598;PROD_24;1;1
CORD_ORD_1598;PROD_26;1;1
CORD_ORD_1598;PROD_27;1;1
CORD_ORD_1598;PROD_33;1;1
CORD_ORD_1598;PROD_35;1;1
CORD_ORD_1598;PROD_36;1;1
CORD_ORD_1598;PROD_37;1;1
CORD_ORD_1598;PROD_38;1;1
CORD_ORD_1598;PROD_4;1;1
CORD_ORD_1598;PROD_41;1;1
CORD_ORD_1598;PROD_44;1;1
CORD_ORD_1598;PROD_45;1;1
CORD_ORD_1598;PROD_46;1;1
CORD_ORD_1598;PROD_48;1;1
CORD_ORD_1598;PROD_49;1;1
CORD_ORD_1598;PROD_50;1;1
CORD_ORD_1598;PROD_6;1;1
CORD_ORD_1598;PROD_7;1;1
CORD_ORD_1599;PROD_1;1;1
CORD_ORD_1599;PROD_10;1;1
CORD_ORD_1599;PROD_11;1;1
CORD_ORD_1599;PROD_13;1;1
CORD_ORD_1599;PROD_14;1;1
CORD_ORD_1599;PROD_15;1;1
CORD_ORD_1599;PROD_18;1;1
CORD_ORD_1599;PROD_19;1;1
CORD_ORD_1599;PROD_2;1;1
CORD_ORD_1599;PROD_29;1;1
CORD_ORD_1599;PROD_3;1;1
CORD_ORD_1599;PROD_31;1;1
CORD_ORD_1599;PROD_32;1;1
CORD_ORD_1599;PROD_33;1;1
CORD_ORD_1599;PROD_36;1;1
CORD_ORD_1599;PROD_37;1;1
CORD_ORD_1599;PROD_40;1;1
CORD_ORD_1599;PROD_43;1;1
CORD_ORD_1599;PROD_44;1;1
CORD_ORD_1599;PROD_45;1;1
CORD_ORD_1599;PROD_46;1;1
CORD_ORD_1599;PROD_47;1;1
CORD_ORD_1599;PROD_48;1;1
CORD_ORD_1599;PROD_9;1;1
CORD_ORD_1600;PROD_1;1;1
CORD_ORD_1600;PROD_18;1;1
CORD_ORD_1600;PROD_2;1;1
CORD_ORD_1600;PROD_22;1;1
CORD_ORD_1600;PROD_28;1;1
CORD_ORD_1600;PROD_3;1;1
CORD_ORD_1600;PROD_36;1;1
CORD_ORD_1600;PROD_37;1;1
CORD_ORD_1600;PROD_44;1;1
CORD_ORD_1600;PROD_46;1;1
CORD_ORD_1601;PROD_11;1;1
CORD_ORD_1601;PROD_13;1;1
CORD_ORD_1601;PROD_14;1;1
CORD_ORD_1601;PROD_18;1;1
CORD_ORD_1601;PROD_19;1;1
CORD_ORD_1601;PROD_2;1;1
CORD_ORD_1601;PROD_20;1;1
CORD_ORD_1601;PROD_33;1;1
CORD_ORD_1601;PROD_36;1;1
CORD_ORD_1601;PROD_37;1;1
CORD_ORD_1601;PROD_39;1;1
CORD_ORD_1601;PROD_40;1;1
CORD_ORD_1601;PROD_44;1;1
CORD_ORD_1601;PROD_45;1;1
CORD_ORD_1601;PROD_46;1;1
CORD_ORD_1601;PROD_47;1;1
CORD_ORD_1601;PROD_48;1;1
CORD_ORD_1601;PROD_50;1;1
CORD_ORD_1601;PROD_6;1;1
CORD_ORD_1601;PROD_9;1;1
CORD_ORD_1602;PROD_1;1;1
CORD_ORD_1602;PROD_10;1;1
CORD_ORD_1602;PROD_15;1;1
CORD_ORD_1602;PROD_3;1;1
CORD_ORD_1602;PROD_30;1;1
CORD_ORD_1602;PROD_32;1;1
CORD_ORD_1602;PROD_34;1;1
CORD_ORD_1602;PROD_36;1;1
CORD_ORD_1602;PROD_38;1;1
CORD_ORD_1602;PROD_4;1;1
CORD_ORD_1602;PROD_43;1;1
CORD_ORD_1602;PROD_46;1;1
CORD_ORD_1602;PROD_5;1;1
CORD_ORD_1602;PROD_8;1;1
CORD_ORD_1603;PROD_11;1;1
CORD_ORD_1603;PROD_23;1;1
CORD_ORD_1603;PROD_36;1;1
CORD_ORD_1603;PROD_38;1;1
CORD_ORD_1603;PROD_4;1;1
CORD_ORD_1603;PROD_40;1;1
CORD_ORD_1603;PROD_42;1;1
CORD_ORD_1603;PROD_46;1;1
CORD_ORD_1603;PROD_47;1;1
CORD_ORD_1603;PROD_48;1;1
CORD_ORD_1604;PROD_1;1;1
CORD_ORD_1604;PROD_10;1;1
CORD_ORD_1604;PROD_15;1;1
CORD_ORD_1604;PROD_3;1;1
CORD_ORD_1604;PROD_30;1;1
CORD_ORD_1604;PROD_32;1;1
CORD_ORD_1604;PROD_36;1;1
CORD_ORD_1604;PROD_43;1;1
CORD_ORD_1604;PROD_46;1;1
CORD_ORD_1604;PROD_8;1;1
CORD_ORD_1605;PROD_1;1;1
CORD_ORD_1605;PROD_10;1;1
CORD_ORD_1605;PROD_20;1;1
CORD_ORD_1605;PROD_22;1;1
CORD_ORD_1605;PROD_28;1;1
CORD_ORD_1605;PROD_29;1;1
CORD_ORD_1605;PROD_3;1;1
CORD_ORD_1605;PROD_30;1;1
CORD_ORD_1605;PROD_31;1;1
CORD_ORD_1605;PROD_36;1;1
CORD_ORD_1605;PROD_38;1;1
CORD_ORD_1605;PROD_39;1;1
CORD_ORD_1605;PROD_4;1;1
CORD_ORD_1605;PROD_43;1;1
CORD_ORD_1605;PROD_46;1;1
CORD_ORD_1605;PROD_8;1;1
CORD_ORD_1606;PROD_1;1;1
CORD_ORD_1606;PROD_14;1;1
CORD_ORD_1606;PROD_16;1;1
CORD_ORD_1606;PROD_22;1;1
CORD_ORD_1606;PROD_25;1;1
CORD_ORD_1606;PROD_28;1;1
CORD_ORD_1606;PROD_3;1;1
CORD_ORD_1606;PROD_35;1;1
CORD_ORD_1606;PROD_7;1;1
CORD_ORD_1606;PROD_9;1;1
CORD_ORD_1607;PROD_10;1;1
CORD_ORD_1607;PROD_12;1;1
CORD_ORD_1607;PROD_14;1;1
CORD_ORD_1607;PROD_21;1;1
CORD_ORD_1607;PROD_24;1;1
CORD_ORD_1607;PROD_26;1;1
CORD_ORD_1607;PROD_35;1;1
CORD_ORD_1607;PROD_43;1;1
CORD_ORD_1607;PROD_7;1;1
CORD_ORD_1607;PROD_9;1;1
CORD_ORD_1608;PROD_1;1;1
CORD_ORD_1608;PROD_10;1;1
CORD_ORD_1608;PROD_11;1;1
CORD_ORD_1608;PROD_15;1;1
CORD_ORD_1608;PROD_27;1;1
CORD_ORD_1608;PROD_29;1;1
CORD_ORD_1608;PROD_3;1;1
CORD_ORD_1608;PROD_31;1;1
CORD_ORD_1608;PROD_32;1;1
CORD_ORD_1608;PROD_40;1;1
CORD_ORD_1608;PROD_43;1;1
CORD_ORD_1608;PROD_47;1;1
CORD_ORD_1608;PROD_48;1;1
CORD_ORD_1608;PROD_49;1;1
CORD_ORD_1609;PROD_12;1;1
CORD_ORD_1609;PROD_17;1;1
CORD_ORD_1609;PROD_18;1;1
CORD_ORD_1609;PROD_2;1;1
CORD_ORD_1609;PROD_22;1;1
CORD_ORD_1609;PROD_23;1;1
CORD_ORD_1609;PROD_26;1;1
CORD_ORD_1609;PROD_28;1;1
CORD_ORD_1609;PROD_30;1;1
CORD_ORD_1609;PROD_34;1;1
CORD_ORD_1609;PROD_36;1;1
CORD_ORD_1609;PROD_37;1;1
CORD_ORD_1609;PROD_38;1;1
CORD_ORD_1609;PROD_4;1;1
CORD_ORD_1609;PROD_40;1;1
CORD_ORD_1609;PROD_41;1;1
CORD_ORD_1609;PROD_42;1;1
CORD_ORD_1609;PROD_44;1;1
CORD_ORD_1609;PROD_46;1;1
CORD_ORD_1609;PROD_47;1;1
CORD_ORD_1609;PROD_5;1;1
CORD_ORD_1609;PROD_8;1;1
CORD_ORD_1610;PROD_10;1;1
CORD_ORD_1610;PROD_11;1;1
CORD_ORD_1610;PROD_15;1;1
CORD_ORD_1610;PROD_17;1;1
CORD_ORD_1610;PROD_27;1;1
CORD_ORD_1610;PROD_29;1;1
CORD_ORD_1610;PROD_31;1;1
CORD_ORD_1610;PROD_32;1;1
CORD_ORD_1610;PROD_41;1;1
CORD_ORD_1610;PROD_43;1;1
CORD_ORD_1610;PROD_48;1;1
CORD_ORD_1610;PROD_49;1;1
CORD_ORD_1611;PROD_10;1;1
CORD_ORD_1611;PROD_12;1;1
CORD_ORD_1611;PROD_15;1;1
CORD_ORD_1611;PROD_26;1;1
CORD_ORD_1611;PROD_32;1;1
CORD_ORD_1611;PROD_34;1;1
CORD_ORD_1611;PROD_40;1;1
CORD_ORD_1611;PROD_43;1;1
CORD_ORD_1611;PROD_47;1;1
CORD_ORD_1611;PROD_5;1;1
CORD_ORD_1612;PROD_10;1;1
CORD_ORD_1612;PROD_11;1;1
CORD_ORD_1612;PROD_17;1;1
CORD_ORD_1612;PROD_30;1;1
CORD_ORD_1612;PROD_36;1;1
CORD_ORD_1612;PROD_41;1;1
CORD_ORD_1612;PROD_43;1;1
CORD_ORD_1612;PROD_46;1;1
CORD_ORD_1612;PROD_48;1;1
CORD_ORD_1612;PROD_8;1;1
CORD_ORD_1613;PROD_12;1;1
CORD_ORD_1613;PROD_13;1;1
CORD_ORD_1613;PROD_22;1;1
CORD_ORD_1613;PROD_26;1;1
CORD_ORD_1613;PROD_28;1;1
CORD_ORD_1613;PROD_33;1;1
CORD_ORD_1613;PROD_35;1;1
CORD_ORD_1613;PROD_36;1;1
CORD_ORD_1613;PROD_37;1;1
CORD_ORD_1613;PROD_38;1;1
CORD_ORD_1613;PROD_4;1;1
CORD_ORD_1613;PROD_44;1;1
CORD_ORD_1613;PROD_46;1;1
CORD_ORD_1613;PROD_7;1;1
CORD_ORD_1614;PROD_1;1;1
CORD_ORD_1614;PROD_10;1;1
CORD_ORD_1614;PROD_18;1;1
CORD_ORD_1614;PROD_2;1;1
CORD_ORD_1614;PROD_3;1;1
CORD_ORD_1614;PROD_30;1;1
CORD_ORD_1614;PROD_36;1;1
CORD_ORD_1614;PROD_37;1;1
CORD_ORD_1614;PROD_43;1;1
CORD_ORD_1614;PROD_44;1;1
CORD_ORD_1614;PROD_46;1;1
CORD_ORD_1614;PROD_8;1;1
CORD_ORD_1615;PROD_13;1;1
CORD_ORD_1615;PROD_17;1;1
CORD_ORD_1615;PROD_18;1;1
CORD_ORD_1615;PROD_2;1;1
CORD_ORD_1615;PROD_20;1;1
CORD_ORD_1615;PROD_21;1;1
CORD_ORD_1615;PROD_22;1;1
CORD_ORD_1615;PROD_23;1;1
CORD_ORD_1615;PROD_24;1;1
CORD_ORD_1615;PROD_28;1;1
CORD_ORD_1615;PROD_33;1;1
CORD_ORD_1615;PROD_36;1;1
CORD_ORD_1615;PROD_37;1;1
CORD_ORD_1615;PROD_39;1;1
CORD_ORD_1615;PROD_41;1;1
CORD_ORD_1615;PROD_42;1;1
CORD_ORD_1615;PROD_44;1;1
CORD_ORD_1615;PROD_46;1;1
CORD_ORD_1616;PROD_1;1;1
CORD_ORD_1616;PROD_12;1;1
CORD_ORD_1616;PROD_18;1;1
CORD_ORD_1616;PROD_2;1;1
CORD_ORD_1616;PROD_20;1;1
CORD_ORD_1616;PROD_21;1;1
CORD_ORD_1616;PROD_24;1;1
CORD_ORD_1616;PROD_26;1;1
CORD_ORD_1616;PROD_3;1;1
CORD_ORD_1616;PROD_30;1;1
CORD_ORD_1616;PROD_36;1;1
CORD_ORD_1616;PROD_37;1;1
CORD_ORD_1616;PROD_39;1;1
CORD_ORD_1616;PROD_44;1;1
CORD_ORD_1616;PROD_46;1;1
CORD_ORD_1616;PROD_8;1;1
CORD_ORD_1617;PROD_1;1;1
CORD_ORD_1617;PROD_10;1;1
CORD_ORD_1617;PROD_13;1;1
CORD_ORD_1617;PROD_15;1;1
CORD_ORD_1617;PROD_19;1;1
CORD_ORD_1617;PROD_3;1;1
CORD_ORD_1617;PROD_32;1;1
CORD_ORD_1617;PROD_33;1;1
CORD_ORD_1617;PROD_43;1;1
CORD_ORD_1617;PROD_45;1;1
CORD_ORD_1618;PROD_1;1;1
CORD_ORD_1618;PROD_11;1;1
CORD_ORD_1618;PROD_12;1;1
CORD_ORD_1618;PROD_13;1;1
CORD_ORD_1618;PROD_14;1;1
CORD_ORD_1618;PROD_17;1;1
CORD_ORD_1618;PROD_18;1;1
CORD_ORD_1618;PROD_2;1;1
CORD_ORD_1618;PROD_20;1;1
CORD_ORD_1618;PROD_21;1;1
CORD_ORD_1618;PROD_24;1;1
CORD_ORD_1618;PROD_26;1;1
CORD_ORD_1618;PROD_3;1;1
CORD_ORD_1618;PROD_33;1;1
CORD_ORD_1618;PROD_37;1;1
CORD_ORD_1618;PROD_38;1;1
CORD_ORD_1618;PROD_39;1;1
CORD_ORD_1618;PROD_4;1;1
CORD_ORD_1618;PROD_40;1;1
CORD_ORD_1618;PROD_41;1;1
CORD_ORD_1618;PROD_44;1;1
CORD_ORD_1618;PROD_47;1;1
CORD_ORD_1618;PROD_48;1;1
CORD_ORD_1618;PROD_50;1;1
CORD_ORD_1618;PROD_6;1;1
CORD_ORD_1618;PROD_9;1;1
CORD_ORD_1619;PROD_1;1;1
CORD_ORD_1619;PROD_12;1;1
CORD_ORD_1619;PROD_13;1;1
CORD_ORD_1619;PROD_14;1;1
CORD_ORD_1619;PROD_16;1;1
CORD_ORD_1619;PROD_17;1;1
CORD_ORD_1619;PROD_21;1;1
CORD_ORD_1619;PROD_22;1;1
CORD_ORD_1619;PROD_24;1;1
CORD_ORD_1619;PROD_25;1;1
CORD_ORD_1619;PROD_26;1;1
CORD_ORD_1619;PROD_28;1;1
CORD_ORD_1619;PROD_3;1;1
CORD_ORD_1619;PROD_30;1;1
CORD_ORD_1619;PROD_33;1;1
CORD_ORD_1619;PROD_38;1;1
CORD_ORD_1619;PROD_4;1;1
CORD_ORD_1619;PROD_41;1;1
CORD_ORD_1619;PROD_8;1;1
CORD_ORD_1619;PROD_9;1;1
CORD_ORD_1620;PROD_1;1;1
CORD_ORD_1620;PROD_10;1;1
CORD_ORD_1620;PROD_12;1;1
CORD_ORD_1620;PROD_14;1;1
CORD_ORD_1620;PROD_15;1;1
CORD_ORD_1620;PROD_17;1;1
CORD_ORD_1620;PROD_22;1;1
CORD_ORD_1620;PROD_26;1;1
CORD_ORD_1620;PROD_28;1;1
CORD_ORD_1620;PROD_29;1;1
CORD_ORD_1620;PROD_3;1;1
CORD_ORD_1620;PROD_31;1;1
CORD_ORD_1620;PROD_32;1;1
CORD_ORD_1620;PROD_35;1;1
CORD_ORD_1620;PROD_41;1;1
CORD_ORD_1620;PROD_43;1;1
CORD_ORD_1620;PROD_50;1;1
CORD_ORD_1620;PROD_6;1;1
CORD_ORD_1620;PROD_7;1;1
CORD_ORD_1620;PROD_9;1;1
CORD_ORD_1621;PROD_11;1;1
CORD_ORD_1621;PROD_14;1;1
CORD_ORD_1621;PROD_15;1;1
CORD_ORD_1621;PROD_18;1;1
CORD_ORD_1621;PROD_2;1;1
CORD_ORD_1621;PROD_23;1;1
CORD_ORD_1621;PROD_29;1;1
CORD_ORD_1621;PROD_30;1;1
CORD_ORD_1621;PROD_31;1;1
CORD_ORD_1621;PROD_32;1;1
CORD_ORD_1621;PROD_42;1;1
CORD_ORD_1621;PROD_48;1;1
CORD_ORD_1621;PROD_8;1;1
CORD_ORD_1621;PROD_9;1;1
CORD_ORD_1622;PROD_10;1;1
CORD_ORD_1622;PROD_21;1;1
CORD_ORD_1622;PROD_23;1;1
CORD_ORD_1622;PROD_24;1;1
CORD_ORD_1622;PROD_29;1;1
CORD_ORD_1622;PROD_30;1;1
CORD_ORD_1622;PROD_31;1;1
CORD_ORD_1622;PROD_37;1;1
CORD_ORD_1622;PROD_42;1;1
CORD_ORD_1622;PROD_43;1;1
CORD_ORD_1622;PROD_44;1;1
CORD_ORD_1622;PROD_8;1;1
CORD_ORD_1623;PROD_1;1;1
CORD_ORD_1623;PROD_10;1;1
CORD_ORD_1623;PROD_11;1;1
CORD_ORD_1623;PROD_14;1;1
CORD_ORD_1623;PROD_19;1;1
CORD_ORD_1623;PROD_21;1;1
CORD_ORD_1623;PROD_24;1;1
CORD_ORD_1623;PROD_3;1;1
CORD_ORD_1623;PROD_30;1;1
CORD_ORD_1623;PROD_35;1;1
CORD_ORD_1623;PROD_40;1;1
CORD_ORD_1623;PROD_43;1;1
CORD_ORD_1623;PROD_45;1;1
CORD_ORD_1623;PROD_47;1;1
CORD_ORD_1623;PROD_48;1;1
CORD_ORD_1623;PROD_7;1;1
CORD_ORD_1623;PROD_8;1;1
CORD_ORD_1623;PROD_9;1;1
CORD_ORD_1624;PROD_10;1;1
CORD_ORD_1624;PROD_11;1;1
CORD_ORD_1624;PROD_14;1;1
CORD_ORD_1624;PROD_15;1;1
CORD_ORD_1624;PROD_17;1;1
CORD_ORD_1624;PROD_27;1;1
CORD_ORD_1624;PROD_29;1;1
CORD_ORD_1624;PROD_31;1;1
CORD_ORD_1624;PROD_32;1;1
CORD_ORD_1624;PROD_35;1;1
CORD_ORD_1624;PROD_41;1;1
CORD_ORD_1624;PROD_43;1;1
CORD_ORD_1624;PROD_48;1;1
CORD_ORD_1624;PROD_49;1;1
CORD_ORD_1624;PROD_7;1;1
CORD_ORD_1624;PROD_9;1;1
CORD_ORD_1625;PROD_11;1;1
CORD_ORD_1625;PROD_12;1;1
CORD_ORD_1625;PROD_16;1;1
CORD_ORD_1625;PROD_25;1;1
CORD_ORD_1625;PROD_26;1;1
CORD_ORD_1625;PROD_29;1;1
CORD_ORD_1625;PROD_31;1;1
CORD_ORD_1625;PROD_34;1;1
CORD_ORD_1625;PROD_38;1;1
CORD_ORD_1625;PROD_4;1;1
CORD_ORD_1625;PROD_48;1;1
CORD_ORD_1625;PROD_5;1;1
CORD_ORD_1625;PROD_50;1;1
CORD_ORD_1625;PROD_6;1;1
CORD_ORD_1626;PROD_11;1;1
CORD_ORD_1626;PROD_12;1;1
CORD_ORD_1626;PROD_15;1;1
CORD_ORD_1626;PROD_21;1;1
CORD_ORD_1626;PROD_24;1;1
CORD_ORD_1626;PROD_26;1;1
CORD_ORD_1626;PROD_27;1;1
CORD_ORD_1626;PROD_32;1;1
CORD_ORD_1626;PROD_48;1;1
CORD_ORD_1626;PROD_49;1;1
CORD_ORD_1627;PROD_11;1;1
CORD_ORD_1627;PROD_12;1;1
CORD_ORD_1627;PROD_20;1;1
CORD_ORD_1627;PROD_22;1;1
CORD_ORD_1627;PROD_26;1;1
CORD_ORD_1627;PROD_27;1;1
CORD_ORD_1627;PROD_28;1;1
CORD_ORD_1627;PROD_39;1;1
CORD_ORD_1627;PROD_40;1;1
CORD_ORD_1627;PROD_47;1;1
CORD_ORD_1627;PROD_48;1;1
CORD_ORD_1627;PROD_49;1;1
CORD_ORD_1628;PROD_11;1;1
CORD_ORD_1628;PROD_13;1;1
CORD_ORD_1628;PROD_14;1;1
CORD_ORD_1628;PROD_15;1;1
CORD_ORD_1628;PROD_19;1;1
CORD_ORD_1628;PROD_21;1;1
CORD_ORD_1628;PROD_24;1;1
CORD_ORD_1628;PROD_27;1;1
CORD_ORD_1628;PROD_29;1;1
CORD_ORD_1628;PROD_31;1;1
CORD_ORD_1628;PROD_32;1;1
CORD_ORD_1628;PROD_33;1;1
CORD_ORD_1628;PROD_34;1;1
CORD_ORD_1628;PROD_38;1;1
CORD_ORD_1628;PROD_4;1;1
CORD_ORD_1628;PROD_40;1;1
CORD_ORD_1628;PROD_45;1;1
CORD_ORD_1628;PROD_47;1;1
CORD_ORD_1628;PROD_48;1;1
CORD_ORD_1628;PROD_49;1;1
CORD_ORD_1628;PROD_5;1;1
CORD_ORD_1628;PROD_9;1;1
CORD_ORD_1629;PROD_10;1;1
CORD_ORD_1629;PROD_11;1;1
CORD_ORD_1629;PROD_21;1;1
CORD_ORD_1629;PROD_22;1;1
CORD_ORD_1629;PROD_23;1;1
CORD_ORD_1629;PROD_24;1;1
CORD_ORD_1629;PROD_28;1;1
CORD_ORD_1629;PROD_37;1;1
CORD_ORD_1629;PROD_42;1;1
CORD_ORD_1629;PROD_43;1;1
CORD_ORD_1629;PROD_44;1;1
CORD_ORD_1629;PROD_48;1;1
CORD_ORD_1630;PROD_11;1;1
CORD_ORD_1630;PROD_13;1;1
CORD_ORD_1630;PROD_14;1;1
CORD_ORD_1630;PROD_18;1;1
CORD_ORD_1630;PROD_19;1;1
CORD_ORD_1630;PROD_2;1;1
CORD_ORD_1630;PROD_21;1;1
CORD_ORD_1630;PROD_24;1;1
CORD_ORD_1630;PROD_27;1;1
CORD_ORD_1630;PROD_30;1;1
CORD_ORD_1630;PROD_33;1;1
CORD_ORD_1630;PROD_36;1;1
CORD_ORD_1630;PROD_38;1;1
CORD_ORD_1630;PROD_4;1;1
CORD_ORD_1630;PROD_40;1;1
CORD_ORD_1630;PROD_45;1;1
CORD_ORD_1630;PROD_46;1;1
CORD_ORD_1630;PROD_47;1;1
CORD_ORD_1630;PROD_48;1;1
CORD_ORD_1630;PROD_49;1;1
CORD_ORD_1630;PROD_50;1;1
CORD_ORD_1630;PROD_6;1;1
CORD_ORD_1630;PROD_8;1;1
CORD_ORD_1630;PROD_9;1;1
CORD_ORD_1631;PROD_10;1;1
CORD_ORD_1631;PROD_11;1;1
CORD_ORD_1631;PROD_14;1;1
CORD_ORD_1631;PROD_22;1;1
CORD_ORD_1631;PROD_28;1;1
CORD_ORD_1631;PROD_35;1;1
CORD_ORD_1631;PROD_37;1;1
CORD_ORD_1631;PROD_43;1;1
CORD_ORD_1631;PROD_44;1;1
CORD_ORD_1631;PROD_48;1;1
CORD_ORD_1631;PROD_7;1;1
CORD_ORD_1631;PROD_9;1;1
CORD_ORD_1632;PROD_1;1;1
CORD_ORD_1632;PROD_10;1;1
CORD_ORD_1632;PROD_13;1;1
CORD_ORD_1632;PROD_15;1;1
CORD_ORD_1632;PROD_21;1;1
CORD_ORD_1632;PROD_22;1;1
CORD_ORD_1632;PROD_24;1;1
CORD_ORD_1632;PROD_27;1;1
CORD_ORD_1632;PROD_28;1;1
CORD_ORD_1632;PROD_29;1;1
CORD_ORD_1632;PROD_3;1;1
CORD_ORD_1632;PROD_31;1;1
CORD_ORD_1632;PROD_32;1;1
CORD_ORD_1632;PROD_33;1;1
CORD_ORD_1632;PROD_37;1;1
CORD_ORD_1632;PROD_40;1;1
CORD_ORD_1632;PROD_43;1;1
CORD_ORD_1632;PROD_44;1;1
CORD_ORD_1632;PROD_47;1;1
CORD_ORD_1632;PROD_49;1;1
CORD_ORD_1633;PROD_17;1;1
CORD_ORD_1633;PROD_27;1;1
CORD_ORD_1633;PROD_35;1;1
CORD_ORD_1633;PROD_41;1;1
CORD_ORD_1633;PROD_49;1;1
CORD_ORD_1633;PROD_50;1;1
CORD_ORD_1633;PROD_6;1;1
CORD_ORD_1633;PROD_7;1;1
CORD_ORD_1634;PROD_1;1;1
CORD_ORD_1634;PROD_10;1;1
CORD_ORD_1634;PROD_14;1;1
CORD_ORD_1634;PROD_16;1;1
CORD_ORD_1634;PROD_18;1;1
CORD_ORD_1634;PROD_2;1;1
CORD_ORD_1634;PROD_25;1;1
CORD_ORD_1634;PROD_3;1;1
CORD_ORD_1634;PROD_35;1;1
CORD_ORD_1634;PROD_36;1;1
CORD_ORD_1634;PROD_37;1;1
CORD_ORD_1634;PROD_40;1;1
CORD_ORD_1634;PROD_43;1;1
CORD_ORD_1634;PROD_44;1;1
CORD_ORD_1634;PROD_46;1;1
CORD_ORD_1634;PROD_47;1;1
CORD_ORD_1634;PROD_50;1;1
CORD_ORD_1634;PROD_6;1;1
CORD_ORD_1634;PROD_7;1;1
CORD_ORD_1634;PROD_9;1;1
CORD_ORD_1635;PROD_12;1;1
CORD_ORD_1635;PROD_15;1;1
CORD_ORD_1635;PROD_22;1;1
CORD_ORD_1635;PROD_26;1;1
CORD_ORD_1635;PROD_28;1;1
CORD_ORD_1635;PROD_29;1;1
CORD_ORD_1635;PROD_31;1;1
CORD_ORD_1635;PROD_32;1;1
CORD_ORD_1635;PROD_38;1;1
CORD_ORD_1635;PROD_4;1;1
CORD_ORD_1635;PROD_50;1;1
CORD_ORD_1635;PROD_6;1;1
CORD_ORD_1636;PROD_1;1;1
CORD_ORD_1636;PROD_11;1;1
CORD_ORD_1636;PROD_13;1;1
CORD_ORD_1636;PROD_16;1;1
CORD_ORD_1636;PROD_20;1;1
CORD_ORD_1636;PROD_22;1;1
CORD_ORD_1636;PROD_25;1;1
CORD_ORD_1636;PROD_28;1;1
CORD_ORD_1636;PROD_3;1;1
CORD_ORD_1636;PROD_30;1;1
CORD_ORD_1636;PROD_33;1;1
CORD_ORD_1636;PROD_35;1;1
CORD_ORD_1636;PROD_36;1;1
CORD_ORD_1636;PROD_37;1;1
CORD_ORD_1636;PROD_38;1;1
CORD_ORD_1636;PROD_39;1;1
CORD_ORD_1636;PROD_4;1;1
CORD_ORD_1636;PROD_44;1;1
CORD_ORD_1636;PROD_46;1;1
CORD_ORD_1636;PROD_48;1;1
CORD_ORD_1636;PROD_7;1;1
CORD_ORD_1636;PROD_8;1;1
CORD_ORD_1637;PROD_10;1;1
CORD_ORD_1637;PROD_11;1;1
CORD_ORD_1637;PROD_13;1;1
CORD_ORD_1637;PROD_15;1;1
CORD_ORD_1637;PROD_18;1;1
CORD_ORD_1637;PROD_2;1;1
CORD_ORD_1637;PROD_27;1;1
CORD_ORD_1637;PROD_29;1;1
CORD_ORD_1637;PROD_31;1;1
CORD_ORD_1637;PROD_32;1;1
CORD_ORD_1637;PROD_33;1;1
CORD_ORD_1637;PROD_34;1;1
CORD_ORD_1637;PROD_38;1;1
CORD_ORD_1637;PROD_4;1;1
CORD_ORD_1637;PROD_43;1;1
CORD_ORD_1637;PROD_48;1;1
CORD_ORD_1637;PROD_49;1;1
CORD_ORD_1637;PROD_5;1;1
CORD_ORD_1638;PROD_1;1;1
CORD_ORD_1638;PROD_16;1;1
CORD_ORD_1638;PROD_21;1;1
CORD_ORD_1638;PROD_22;1;1
CORD_ORD_1638;PROD_23;1;1
CORD_ORD_1638;PROD_24;1;1
CORD_ORD_1638;PROD_25;1;1
CORD_ORD_1638;PROD_28;1;1
CORD_ORD_1638;PROD_3;1;1
CORD_ORD_1638;PROD_37;1;1
CORD_ORD_1638;PROD_42;1;1
CORD_ORD_1638;PROD_44;1;1
CORD_ORD_1639;PROD_1;1;1
CORD_ORD_1639;PROD_10;1;1
CORD_ORD_1639;PROD_3;1;1
CORD_ORD_1639;PROD_30;1;1
CORD_ORD_1639;PROD_36;1;1
CORD_ORD_1639;PROD_43;1;1
CORD_ORD_1639;PROD_46;1;1
CORD_ORD_1639;PROD_8;1;1
CORD_ORD_1640;PROD_1;1;1
CORD_ORD_1640;PROD_18;1;1
CORD_ORD_1640;PROD_2;1;1
CORD_ORD_1640;PROD_23;1;1
CORD_ORD_1640;PROD_3;1;1
CORD_ORD_1640;PROD_35;1;1
CORD_ORD_1640;PROD_37;1;1
CORD_ORD_1640;PROD_40;1;1
CORD_ORD_1640;PROD_42;1;1
CORD_ORD_1640;PROD_44;1;1
CORD_ORD_1640;PROD_47;1;1
CORD_ORD_1640;PROD_7;1;1
CORD_ORD_1641;PROD_1;1;1
CORD_ORD_1641;PROD_11;1;1
CORD_ORD_1641;PROD_13;1;1
CORD_ORD_1641;PROD_16;1;1
CORD_ORD_1641;PROD_19;1;1
CORD_ORD_1641;PROD_22;1;1
CORD_ORD_1641;PROD_25;1;1
CORD_ORD_1641;PROD_28;1;1
CORD_ORD_1641;PROD_3;1;1
CORD_ORD_1641;PROD_33;1;1
CORD_ORD_1641;PROD_37;1;1
CORD_ORD_1641;PROD_44;1;1
CORD_ORD_1641;PROD_45;1;1
CORD_ORD_1641;PROD_48;1;1
CORD_ORD_1642;PROD_16;1;1
CORD_ORD_1642;PROD_19;1;1
CORD_ORD_1642;PROD_20;1;1
CORD_ORD_1642;PROD_25;1;1
CORD_ORD_1642;PROD_29;1;1
CORD_ORD_1642;PROD_31;1;1
CORD_ORD_1642;PROD_34;1;1
CORD_ORD_1642;PROD_39;1;1
CORD_ORD_1642;PROD_45;1;1
CORD_ORD_1642;PROD_5;1;1
CORD_ORD_1643;PROD_1;1;1
CORD_ORD_1643;PROD_13;1;1
CORD_ORD_1643;PROD_15;1;1
CORD_ORD_1643;PROD_3;1;1
CORD_ORD_1643;PROD_32;1;1
CORD_ORD_1643;PROD_33;1;1
CORD_ORD_1643;PROD_36;1;1
CORD_ORD_1643;PROD_46;1;1
CORD_ORD_1644;PROD_10;1;1
CORD_ORD_1644;PROD_11;1;1
CORD_ORD_1644;PROD_13;1;1
CORD_ORD_1644;PROD_14;1;1
CORD_ORD_1644;PROD_19;1;1
CORD_ORD_1644;PROD_33;1;1
CORD_ORD_1644;PROD_35;1;1
CORD_ORD_1644;PROD_37;1;1
CORD_ORD_1644;PROD_43;1;1
CORD_ORD_1644;PROD_44;1;1
CORD_ORD_1644;PROD_45;1;1
CORD_ORD_1644;PROD_48;1;1
CORD_ORD_1644;PROD_7;1;1
CORD_ORD_1644;PROD_9;1;1
CORD_ORD_1645;PROD_1;1;1
CORD_ORD_1645;PROD_10;1;1
CORD_ORD_1645;PROD_12;1;1
CORD_ORD_1645;PROD_18;1;1
CORD_ORD_1645;PROD_2;1;1
CORD_ORD_1645;PROD_20;1;1
CORD_ORD_1645;PROD_26;1;1
CORD_ORD_1645;PROD_3;1;1
CORD_ORD_1645;PROD_30;1;1
CORD_ORD_1645;PROD_36;1;1
CORD_ORD_1645;PROD_37;1;1
CORD_ORD_1645;PROD_39;1;1
CORD_ORD_1645;PROD_43;1;1
CORD_ORD_1645;PROD_44;1;1
CORD_ORD_1645;PROD_46;1;1
CORD_ORD_1645;PROD_8;1;1
CORD_ORD_1646;PROD_10;1;1
CORD_ORD_1646;PROD_19;1;1
CORD_ORD_1646;PROD_21;1;1
CORD_ORD_1646;PROD_24;1;1
CORD_ORD_1646;PROD_27;1;1
CORD_ORD_1646;PROD_29;1;1
CORD_ORD_1646;PROD_30;1;1
CORD_ORD_1646;PROD_31;1;1
CORD_ORD_1646;PROD_35;1;1
CORD_ORD_1646;PROD_37;1;1
CORD_ORD_1646;PROD_43;1;1
CORD_ORD_1646;PROD_44;1;1
CORD_ORD_1646;PROD_45;1;1
CORD_ORD_1646;PROD_49;1;1
CORD_ORD_1646;PROD_7;1;1
CORD_ORD_1646;PROD_8;1;1
CORD_ORD_1647;PROD_1;1;1
CORD_ORD_1647;PROD_13;1;1
CORD_ORD_1647;PROD_14;1;1
CORD_ORD_1647;PROD_16;1;1
CORD_ORD_1647;PROD_18;1;1
CORD_ORD_1647;PROD_19;1;1
CORD_ORD_1647;PROD_2;1;1
CORD_ORD_1647;PROD_20;1;1
CORD_ORD_1647;PROD_22;1;1
CORD_ORD_1647;PROD_23;1;1
CORD_ORD_1647;PROD_25;1;1
CORD_ORD_1647;PROD_27;1;1
CORD_ORD_1647;PROD_28;1;1
CORD_ORD_1647;PROD_3;1;1
CORD_ORD_1647;PROD_33;1;1
CORD_ORD_1647;PROD_34;1;1
CORD_ORD_1647;PROD_38;1;1
CORD_ORD_1647;PROD_39;1;1
CORD_ORD_1647;PROD_4;1;1
CORD_ORD_1647;PROD_42;1;1
CORD_ORD_1647;PROD_45;1;1
CORD_ORD_1647;PROD_49;1;1
CORD_ORD_1647;PROD_5;1;1
CORD_ORD_1647;PROD_9;1;1
CORD_ORD_1648;PROD_10;1;1
CORD_ORD_1648;PROD_15;1;1
CORD_ORD_1648;PROD_22;1;1
CORD_ORD_1648;PROD_28;1;1
CORD_ORD_1648;PROD_29;1;1
CORD_ORD_1648;PROD_31;1;1
CORD_ORD_1648;PROD_32;1;1
CORD_ORD_1648;PROD_34;1;1
CORD_ORD_1648;PROD_38;1;1
CORD_ORD_1648;PROD_4;1;1
CORD_ORD_1648;PROD_43;1;1
CORD_ORD_1648;PROD_5;1;1
CORD_ORD_1649;PROD_10;1;1
CORD_ORD_1649;PROD_14;1;1
CORD_ORD_1649;PROD_29;1;1
CORD_ORD_1649;PROD_31;1;1
CORD_ORD_1649;PROD_35;1;1
CORD_ORD_1649;PROD_43;1;1
CORD_ORD_1649;PROD_50;1;1
CORD_ORD_1649;PROD_6;1;1
CORD_ORD_1649;PROD_7;1;1
CORD_ORD_1649;PROD_9;1;1
CORD_ORD_1650;PROD_15;1;1
CORD_ORD_1650;PROD_22;1;1
CORD_ORD_1650;PROD_28;1;1
CORD_ORD_1650;PROD_29;1;1
CORD_ORD_1650;PROD_30;1;1
CORD_ORD_1650;PROD_31;1;1
CORD_ORD_1650;PROD_32;1;1
CORD_ORD_1650;PROD_50;1;1
CORD_ORD_1650;PROD_6;1;1
CORD_ORD_1650;PROD_8;1;1
CORD_ORD_1651;PROD_12;1;1
CORD_ORD_1651;PROD_14;1;1
CORD_ORD_1651;PROD_19;1;1
CORD_ORD_1651;PROD_26;1;1
CORD_ORD_1651;PROD_29;1;1
CORD_ORD_1651;PROD_31;1;1
CORD_ORD_1651;PROD_34;1;1
CORD_ORD_1651;PROD_38;1;1
CORD_ORD_1651;PROD_4;1;1
CORD_ORD_1651;PROD_45;1;1
CORD_ORD_1651;PROD_5;1;1
CORD_ORD_1651;PROD_9;1;1
CORD_ORD_1652;PROD_1;1;1
CORD_ORD_1652;PROD_10;1;1
CORD_ORD_1652;PROD_13;1;1
CORD_ORD_1652;PROD_15;1;1
CORD_ORD_1652;PROD_23;1;1
CORD_ORD_1652;PROD_3;1;1
CORD_ORD_1652;PROD_32;1;1
CORD_ORD_1652;PROD_33;1;1
CORD_ORD_1652;PROD_36;1;1
CORD_ORD_1652;PROD_42;1;1
CORD_ORD_1652;PROD_43;1;1
CORD_ORD_1652;PROD_46;1;1
CORD_ORD_1653;PROD_15;1;1
CORD_ORD_1653;PROD_16;1;1
CORD_ORD_1653;PROD_23;1;1
CORD_ORD_1653;PROD_25;1;1
CORD_ORD_1653;PROD_32;1;1
CORD_ORD_1653;PROD_42;1;1
CORD_ORD_1653;PROD_50;1;1
CORD_ORD_1653;PROD_6;1;1
CORD_ORD_1654;PROD_12;1;1
CORD_ORD_1654;PROD_22;1;1
CORD_ORD_1654;PROD_26;1;1
CORD_ORD_1654;PROD_28;1;1
CORD_ORD_1654;PROD_29;1;1
CORD_ORD_1654;PROD_31;1;1
CORD_ORD_1654;PROD_38;1;1
CORD_ORD_1654;PROD_4;1;1
CORD_ORD_1655;PROD_1;1;1
CORD_ORD_1655;PROD_10;1;1
CORD_ORD_1655;PROD_15;1;1
CORD_ORD_1655;PROD_29;1;1
CORD_ORD_1655;PROD_3;1;1
CORD_ORD_1655;PROD_31;1;1
CORD_ORD_1655;PROD_32;1;1
CORD_ORD_1655;PROD_40;1;1
CORD_ORD_1655;PROD_43;1;1
CORD_ORD_1655;PROD_47;1;1
CORD_ORD_1656;PROD_1;1;1
CORD_ORD_1656;PROD_16;1;1
CORD_ORD_1656;PROD_18;1;1
CORD_ORD_1656;PROD_2;1;1
CORD_ORD_1656;PROD_20;1;1
CORD_ORD_1656;PROD_25;1;1
CORD_ORD_1656;PROD_3;1;1
CORD_ORD_1656;PROD_30;1;1
CORD_ORD_1656;PROD_36;1;1
CORD_ORD_1656;PROD_37;1;1
CORD_ORD_1656;PROD_38;1;1
CORD_ORD_1656;PROD_39;1;1
CORD_ORD_1656;PROD_4;1;1
CORD_ORD_1656;PROD_44;1;1
CORD_ORD_1656;PROD_46;1;1
CORD_ORD_1656;PROD_8;1;1
CORD_ORD_1657;PROD_15;1;1
CORD_ORD_1657;PROD_18;1;1
CORD_ORD_1657;PROD_19;1;1
CORD_ORD_1657;PROD_2;1;1
CORD_ORD_1657;PROD_30;1;1
CORD_ORD_1657;PROD_32;1;1
CORD_ORD_1657;PROD_38;1;1
CORD_ORD_1657;PROD_4;1;1
CORD_ORD_1657;PROD_40;1;1
CORD_ORD_1657;PROD_45;1;1
CORD_ORD_1657;PROD_47;1;1
CORD_ORD_1657;PROD_8;1;1
CORD_ORD_1658;PROD_1;1;1
CORD_ORD_1658;PROD_15;1;1
CORD_ORD_1658;PROD_16;1;1
CORD_ORD_1658;PROD_18;1;1
CORD_ORD_1658;PROD_19;1;1
CORD_ORD_1658;PROD_2;1;1
CORD_ORD_1658;PROD_21;1;1
CORD_ORD_1658;PROD_22;1;1
CORD_ORD_1658;PROD_23;1;1
CORD_ORD_1658;PROD_24;1;1
CORD_ORD_1658;PROD_25;1;1
CORD_ORD_1658;PROD_28;1;1
CORD_ORD_1658;PROD_3;1;1
CORD_ORD_1658;PROD_30;1;1
CORD_ORD_1658;PROD_32;1;1
CORD_ORD_1658;PROD_34;1;1
CORD_ORD_1658;PROD_35;1;1
CORD_ORD_1658;PROD_42;1;1
CORD_ORD_1658;PROD_45;1;1
CORD_ORD_1658;PROD_5;1;1
CORD_ORD_1658;PROD_7;1;1
CORD_ORD_1658;PROD_8;1;1
CORD_ORD_1659;PROD_1;1;1
CORD_ORD_1659;PROD_10;1;1
CORD_ORD_1659;PROD_15;1;1
CORD_ORD_1659;PROD_16;1;1
CORD_ORD_1659;PROD_22;1;1
CORD_ORD_1659;PROD_25;1;1
CORD_ORD_1659;PROD_28;1;1
CORD_ORD_1659;PROD_3;1;1
CORD_ORD_1659;PROD_32;1;1
CORD_ORD_1659;PROD_34;1;1
CORD_ORD_1659;PROD_38;1;1
CORD_ORD_1659;PROD_4;1;1
CORD_ORD_1659;PROD_43;1;1
CORD_ORD_1659;PROD_5;1;1
CORD_ORD_1660;PROD_11;1;1
CORD_ORD_1660;PROD_17;1;1
CORD_ORD_1660;PROD_19;1;1
CORD_ORD_1660;PROD_22;1;1
CORD_ORD_1660;PROD_27;1;1
CORD_ORD_1660;PROD_28;1;1
CORD_ORD_1660;PROD_30;1;1
CORD_ORD_1660;PROD_34;1;1
CORD_ORD_1660;PROD_35;1;1
CORD_ORD_1660;PROD_41;1;1
CORD_ORD_1660;PROD_45;1;1
CORD_ORD_1660;PROD_48;1;1
CORD_ORD_1660;PROD_49;1;1
CORD_ORD_1660;PROD_5;1;1
CORD_ORD_1660;PROD_7;1;1
CORD_ORD_1660;PROD_8;1;1
CORD_ORD_1661;PROD_12;1;1
CORD_ORD_1661;PROD_15;1;1
CORD_ORD_1661;PROD_16;1;1
CORD_ORD_1661;PROD_17;1;1
CORD_ORD_1661;PROD_18;1;1
CORD_ORD_1661;PROD_2;1;1
CORD_ORD_1661;PROD_20;1;1
CORD_ORD_1661;PROD_21;1;1
CORD_ORD_1661;PROD_22;1;1
CORD_ORD_1661;PROD_24;1;1
CORD_ORD_1661;PROD_25;1;1
CORD_ORD_1661;PROD_26;1;1
CORD_ORD_1661;PROD_27;1;1
CORD_ORD_1661;PROD_28;1;1
CORD_ORD_1661;PROD_29;1;1
CORD_ORD_1661;PROD_31;1;1
CORD_ORD_1661;PROD_32;1;1
CORD_ORD_1661;PROD_34;1;1
CORD_ORD_1661;PROD_38;1;1
CORD_ORD_1661;PROD_39;1;1
CORD_ORD_1661;PROD_4;1;1
CORD_ORD_1661;PROD_41;1;1
CORD_ORD_1661;PROD_49;1;1
CORD_ORD_1661;PROD_5;1;1
CORD_ORD_1661;PROD_50;1;1
CORD_ORD_1661;PROD_6;1;1
CORD_ORD_1662;PROD_15;1;1
CORD_ORD_1662;PROD_18;1;1
CORD_ORD_1662;PROD_2;1;1
CORD_ORD_1662;PROD_23;1;1
CORD_ORD_1662;PROD_30;1;1
CORD_ORD_1662;PROD_32;1;1
CORD_ORD_1662;PROD_35;1;1
CORD_ORD_1662;PROD_37;1;1
CORD_ORD_1662;PROD_42;1;1
CORD_ORD_1662;PROD_44;1;1
CORD_ORD_1662;PROD_7;1;1
CORD_ORD_1662;PROD_8;1;1
CORD_ORD_1663;PROD_1;1;1
CORD_ORD_1663;PROD_12;1;1
CORD_ORD_1663;PROD_14;1;1
CORD_ORD_1663;PROD_26;1;1
CORD_ORD_1663;PROD_3;1;1
CORD_ORD_1663;PROD_30;1;1
CORD_ORD_1663;PROD_34;1;1
CORD_ORD_1663;PROD_5;1;1
CORD_ORD_1663;PROD_8;1;1
CORD_ORD_1663;PROD_9;1;1
CORD_ORD_1664;PROD_16;1;1
CORD_ORD_1664;PROD_18;1;1
CORD_ORD_1664;PROD_19;1;1
CORD_ORD_1664;PROD_2;1;1
CORD_ORD_1664;PROD_21;1;1
CORD_ORD_1664;PROD_24;1;1
CORD_ORD_1664;PROD_25;1;1
CORD_ORD_1664;PROD_29;1;1
CORD_ORD_1664;PROD_31;1;1
CORD_ORD_1664;PROD_37;1;1
CORD_ORD_1664;PROD_40;1;1
CORD_ORD_1664;PROD_44;1;1
CORD_ORD_1664;PROD_45;1;1
CORD_ORD_1664;PROD_47;1;1
CORD_ORD_1665;PROD_1;1;1
CORD_ORD_1665;PROD_10;1;1
CORD_ORD_1665;PROD_12;1;1
CORD_ORD_1665;PROD_13;1;1
CORD_ORD_1665;PROD_14;1;1
CORD_ORD_1665;PROD_15;1;1
CORD_ORD_1665;PROD_22;1;1
CORD_ORD_1665;PROD_26;1;1
CORD_ORD_1665;PROD_28;1;1
CORD_ORD_1665;PROD_29;1;1
CORD_ORD_1665;PROD_3;1;1
CORD_ORD_1665;PROD_31;1;1
CORD_ORD_1665;PROD_32;1;1
CORD_ORD_1665;PROD_33;1;1
CORD_ORD_1665;PROD_38;1;1
CORD_ORD_1665;PROD_4;1;1
CORD_ORD_1665;PROD_43;1;1
CORD_ORD_1665;PROD_50;1;1
CORD_ORD_1665;PROD_6;1;1
CORD_ORD_1665;PROD_9;1;1
CORD_ORD_1666;PROD_20;1;1
CORD_ORD_1666;PROD_22;1;1
CORD_ORD_1666;PROD_28;1;1
CORD_ORD_1666;PROD_35;1;1
CORD_ORD_1666;PROD_36;1;1
CORD_ORD_1666;PROD_37;1;1
CORD_ORD_1666;PROD_38;1;1
CORD_ORD_1666;PROD_39;1;1
CORD_ORD_1666;PROD_4;1;1
CORD_ORD_1666;PROD_44;1;1
CORD_ORD_1666;PROD_46;1;1
CORD_ORD_1666;PROD_7;1;1
CORD_ORD_1667;PROD_10;1;1
CORD_ORD_1667;PROD_11;1;1
CORD_ORD_1667;PROD_15;1;1
CORD_ORD_1667;PROD_21;1;1
CORD_ORD_1667;PROD_23;1;1
CORD_ORD_1667;PROD_24;1;1
CORD_ORD_1667;PROD_27;1;1
CORD_ORD_1667;PROD_29;1;1
CORD_ORD_1667;PROD_31;1;1
CORD_ORD_1667;PROD_32;1;1
CORD_ORD_1667;PROD_34;1;1
CORD_ORD_1667;PROD_36;1;1
CORD_ORD_1667;PROD_38;1;1
CORD_ORD_1667;PROD_4;1;1
CORD_ORD_1667;PROD_42;1;1
CORD_ORD_1667;PROD_43;1;1
CORD_ORD_1667;PROD_46;1;1
CORD_ORD_1667;PROD_48;1;1
CORD_ORD_1667;PROD_49;1;1
CORD_ORD_1667;PROD_5;1;1
CORD_ORD_1668;PROD_10;1;1
CORD_ORD_1668;PROD_11;1;1
CORD_ORD_1668;PROD_12;1;1
CORD_ORD_1668;PROD_14;1;1
CORD_ORD_1668;PROD_15;1;1
CORD_ORD_1668;PROD_18;1;1
CORD_ORD_1668;PROD_2;1;1
CORD_ORD_1668;PROD_21;1;1
CORD_ORD_1668;PROD_24;1;1
CORD_ORD_1668;PROD_26;1;1
CORD_ORD_1668;PROD_32;1;1
CORD_ORD_1668;PROD_34;1;1
CORD_ORD_1668;PROD_36;1;1
CORD_ORD_1668;PROD_38;1;1
CORD_ORD_1668;PROD_4;1;1
CORD_ORD_1668;PROD_43;1;1
CORD_ORD_1668;PROD_46;1;1
CORD_ORD_1668;PROD_48;1;1
CORD_ORD_1668;PROD_5;1;1
CORD_ORD_1668;PROD_9;1;1
CORD_ORD_1669;PROD_1;1;1
CORD_ORD_1669;PROD_10;1;1
CORD_ORD_1669;PROD_11;1;1
CORD_ORD_1669;PROD_13;1;1
CORD_ORD_1669;PROD_19;1;1
CORD_ORD_1669;PROD_20;1;1
CORD_ORD_1669;PROD_21;1;1
CORD_ORD_1669;PROD_23;1;1
CORD_ORD_1669;PROD_24;1;1
CORD_ORD_1669;PROD_3;1;1
CORD_ORD_1669;PROD_30;1;1
CORD_ORD_1669;PROD_33;1;1
CORD_ORD_1669;PROD_36;1;1
CORD_ORD_1669;PROD_37;1;1
CORD_ORD_1669;PROD_39;1;1
CORD_ORD_1669;PROD_42;1;1
CORD_ORD_1669;PROD_43;1;1
CORD_ORD_1669;PROD_44;1;1
CORD_ORD_1669;PROD_45;1;1
CORD_ORD_1669;PROD_46;1;1
CORD_ORD_1669;PROD_48;1;1
CORD_ORD_1669;PROD_8;1;1
CORD_ORD_1670;PROD_1;1;1
CORD_ORD_1670;PROD_10;1;1
CORD_ORD_1670;PROD_11;1;1
CORD_ORD_1670;PROD_15;1;1
CORD_ORD_1670;PROD_18;1;1
CORD_ORD_1670;PROD_2;1;1
CORD_ORD_1670;PROD_27;1;1
CORD_ORD_1670;PROD_29;1;1
CORD_ORD_1670;PROD_3;1;1
CORD_ORD_1670;PROD_30;1;1
CORD_ORD_1670;PROD_31;1;1
CORD_ORD_1670;PROD_32;1;1
CORD_ORD_1670;PROD_36;1;1
CORD_ORD_1670;PROD_37;1;1
CORD_ORD_1670;PROD_43;1;1
CORD_ORD_1670;PROD_44;1;1
CORD_ORD_1670;PROD_46;1;1
CORD_ORD_1670;PROD_48;1;1
CORD_ORD_1670;PROD_49;1;1
CORD_ORD_1670;PROD_8;1;1
CORD_ORD_1671;PROD_1;1;1
CORD_ORD_1671;PROD_10;1;1
CORD_ORD_1671;PROD_11;1;1
CORD_ORD_1671;PROD_12;1;1
CORD_ORD_1671;PROD_14;1;1
CORD_ORD_1671;PROD_15;1;1
CORD_ORD_1671;PROD_18;1;1
CORD_ORD_1671;PROD_2;1;1
CORD_ORD_1671;PROD_26;1;1
CORD_ORD_1671;PROD_29;1;1
CORD_ORD_1671;PROD_3;1;1
CORD_ORD_1671;PROD_31;1;1
CORD_ORD_1671;PROD_32;1;1
CORD_ORD_1671;PROD_36;1;1
CORD_ORD_1671;PROD_38;1;1
CORD_ORD_1671;PROD_4;1;1
CORD_ORD_1671;PROD_40;1;1
CORD_ORD_1671;PROD_43;1;1
CORD_ORD_1671;PROD_46;1;1
CORD_ORD_1671;PROD_47;1;1
CORD_ORD_1671;PROD_48;1;1
CORD_ORD_1671;PROD_9;1;1
CORD_ORD_1672;PROD_10;1;1
CORD_ORD_1672;PROD_12;1;1
CORD_ORD_1672;PROD_14;1;1
CORD_ORD_1672;PROD_15;1;1
CORD_ORD_1672;PROD_16;1;1
CORD_ORD_1672;PROD_17;1;1
CORD_ORD_1672;PROD_20;1;1
CORD_ORD_1672;PROD_25;1;1
CORD_ORD_1672;PROD_26;1;1
CORD_ORD_1672;PROD_29;1;1
CORD_ORD_1672;PROD_30;1;1
CORD_ORD_1672;PROD_31;1;1
CORD_ORD_1672;PROD_32;1;1
CORD_ORD_1672;PROD_34;1;1
CORD_ORD_1672;PROD_36;1;1
CORD_ORD_1672;PROD_38;1;1
CORD_ORD_1672;PROD_39;1;1
CORD_ORD_1672;PROD_4;1;1
CORD_ORD_1672;PROD_41;1;1
CORD_ORD_1672;PROD_43;1;1
CORD_ORD_1672;PROD_46;1;1
CORD_ORD_1672;PROD_5;1;1
CORD_ORD_1672;PROD_8;1;1
CORD_ORD_1672;PROD_9;1;1
CORD_ORD_1673;PROD_10;1;1
CORD_ORD_1673;PROD_16;1;1
CORD_ORD_1673;PROD_18;1;1
CORD_ORD_1673;PROD_19;1;1
CORD_ORD_1673;PROD_2;1;1
CORD_ORD_1673;PROD_22;1;1
CORD_ORD_1673;PROD_25;1;1
CORD_ORD_1673;PROD_28;1;1
CORD_ORD_1673;PROD_30;1;1
CORD_ORD_1673;PROD_40;1;1
CORD_ORD_1673;PROD_43;1;1
CORD_ORD_1673;PROD_45;1;1
CORD_ORD_1673;PROD_47;1;1
CORD_ORD_1673;PROD_50;1;1
CORD_ORD_1673;PROD_6;1;1
CORD_ORD_1673;PROD_8;1;1
CORD_ORD_1674;PROD_1;1;1
CORD_ORD_1674;PROD_16;1;1
CORD_ORD_1674;PROD_21;1;1
CORD_ORD_1674;PROD_22;1;1
CORD_ORD_1674;PROD_24;1;1
CORD_ORD_1674;PROD_25;1;1
CORD_ORD_1674;PROD_28;1;1
CORD_ORD_1674;PROD_3;1;1
CORD_ORD_1674;PROD_36;1;1
CORD_ORD_1674;PROD_46;1;1
CORD_ORD_1675;PROD_12;1;1
CORD_ORD_1675;PROD_14;1;1
CORD_ORD_1675;PROD_16;1;1
CORD_ORD_1675;PROD_17;1;1
CORD_ORD_1675;PROD_21;1;1
CORD_ORD_1675;PROD_22;1;1
CORD_ORD_1675;PROD_23;1;1
CORD_ORD_1675;PROD_24;1;1
CORD_ORD_1675;PROD_25;1;1
CORD_ORD_1675;PROD_26;1;1
CORD_ORD_1675;PROD_28;1;1
CORD_ORD_1675;PROD_29;1;1
CORD_ORD_1675;PROD_31;1;1
CORD_ORD_1675;PROD_34;1;1
CORD_ORD_1675;PROD_35;1;1
CORD_ORD_1675;PROD_36;1;1
CORD_ORD_1675;PROD_38;1;1
CORD_ORD_1675;PROD_4;1;1
CORD_ORD_1675;PROD_41;1;1
CORD_ORD_1675;PROD_42;1;1
CORD_ORD_1675;PROD_46;1;1
CORD_ORD_1675;PROD_5;1;1
CORD_ORD_1675;PROD_7;1;1
CORD_ORD_1675;PROD_9;1;1
CORD_ORD_1676;PROD_10;1;1
CORD_ORD_1676;PROD_11;1;1
CORD_ORD_1676;PROD_14;1;1
CORD_ORD_1676;PROD_15;1;1
CORD_ORD_1676;PROD_18;1;1
CORD_ORD_1676;PROD_2;1;1
CORD_ORD_1676;PROD_32;1;1
CORD_ORD_1676;PROD_35;1;1
CORD_ORD_1676;PROD_36;1;1
CORD_ORD_1676;PROD_43;1;1
CORD_ORD_1676;PROD_46;1;1
CORD_ORD_1676;PROD_48;1;1
CORD_ORD_1676;PROD_7;1;1
CORD_ORD_1676;PROD_9;1;1
CORD_ORD_1677;PROD_11;1;1
CORD_ORD_1677;PROD_15;1;1
CORD_ORD_1677;PROD_27;1;1
CORD_ORD_1677;PROD_29;1;1
CORD_ORD_1677;PROD_31;1;1
CORD_ORD_1677;PROD_32;1;1
CORD_ORD_1677;PROD_48;1;1
CORD_ORD_1677;PROD_49;1;1
CORD_ORD_1678;PROD_12;1;1
CORD_ORD_1678;PROD_13;1;1
CORD_ORD_1678;PROD_14;1;1
CORD_ORD_1678;PROD_15;1;1
CORD_ORD_1678;PROD_16;1;1
CORD_ORD_1678;PROD_23;1;1
CORD_ORD_1678;PROD_25;1;1
CORD_ORD_1678;PROD_26;1;1
CORD_ORD_1678;PROD_27;1;1
CORD_ORD_1678;PROD_32;1;1
CORD_ORD_1678;PROD_33;1;1
CORD_ORD_1678;PROD_36;1;1
CORD_ORD_1678;PROD_37;1;1
CORD_ORD_1678;PROD_40;1;1
CORD_ORD_1678;PROD_42;1;1
CORD_ORD_1678;PROD_44;1;1
CORD_ORD_1678;PROD_46;1;1
CORD_ORD_1678;PROD_47;1;1
CORD_ORD_1678;PROD_49;1;1
CORD_ORD_1678;PROD_9;1;1
CORD_ORD_1679;PROD_11;1;1
CORD_ORD_1679;PROD_13;1;1
CORD_ORD_1679;PROD_19;1;1
CORD_ORD_1679;PROD_33;1;1
CORD_ORD_1679;PROD_37;1;1
CORD_ORD_1679;PROD_44;1;1
CORD_ORD_1679;PROD_45;1;1
CORD_ORD_1679;PROD_48;1;1
CORD_ORD_1680;PROD_1;1;1
CORD_ORD_1680;PROD_10;1;1
CORD_ORD_1680;PROD_11;1;1
CORD_ORD_1680;PROD_14;1;1
CORD_ORD_1680;PROD_18;1;1
CORD_ORD_1680;PROD_2;1;1
CORD_ORD_1680;PROD_3;1;1
CORD_ORD_1680;PROD_30;1;1
CORD_ORD_1680;PROD_36;1;1
CORD_ORD_1680;PROD_43;1;1
CORD_ORD_1680;PROD_46;1;1
CORD_ORD_1680;PROD_48;1;1
CORD_ORD_1680;PROD_8;1;1
CORD_ORD_1680;PROD_9;1;1
CORD_ORD_1681;PROD_10;1;1
CORD_ORD_1681;PROD_14;1;1
CORD_ORD_1681;PROD_20;1;1
CORD_ORD_1681;PROD_21;1;1
CORD_ORD_1681;PROD_23;1;1
CORD_ORD_1681;PROD_24;1;1
CORD_ORD_1681;PROD_35;1;1
CORD_ORD_1681;PROD_37;1;1
CORD_ORD_1681;PROD_39;1;1
CORD_ORD_1681;PROD_42;1;1
CORD_ORD_1681;PROD_43;1;1
CORD_ORD_1681;PROD_44;1;1
CORD_ORD_1681;PROD_50;1;1
CORD_ORD_1681;PROD_6;1;1
CORD_ORD_1681;PROD_7;1;1
CORD_ORD_1681;PROD_9;1;1
CORD_ORD_1682;PROD_10;1;1
CORD_ORD_1682;PROD_14;1;1
CORD_ORD_1682;PROD_19;1;1
CORD_ORD_1682;PROD_22;1;1
CORD_ORD_1682;PROD_23;1;1
CORD_ORD_1682;PROD_28;1;1
CORD_ORD_1682;PROD_29;1;1
CORD_ORD_1682;PROD_30;1;1
CORD_ORD_1682;PROD_31;1;1
CORD_ORD_1682;PROD_35;1;1
CORD_ORD_1682;PROD_38;1;1
CORD_ORD_1682;PROD_4;1;1
CORD_ORD_1682;PROD_42;1;1
CORD_ORD_1682;PROD_43;1;1
CORD_ORD_1682;PROD_45;1;1
CORD_ORD_1682;PROD_7;1;1
CORD_ORD_1682;PROD_8;1;1
CORD_ORD_1682;PROD_9;1;1
CORD_ORD_1683;PROD_11;1;1
CORD_ORD_1683;PROD_14;1;1
CORD_ORD_1683;PROD_15;1;1
CORD_ORD_1683;PROD_16;1;1
CORD_ORD_1683;PROD_25;1;1
CORD_ORD_1683;PROD_29;1;1
CORD_ORD_1683;PROD_31;1;1
CORD_ORD_1683;PROD_32;1;1
CORD_ORD_1683;PROD_38;1;1
CORD_ORD_1683;PROD_4;1;1
CORD_ORD_1683;PROD_48;1;1
CORD_ORD_1683;PROD_9;1;1
CORD_ORD_1684;PROD_13;1;1
CORD_ORD_1684;PROD_17;1;1
CORD_ORD_1684;PROD_23;1;1
CORD_ORD_1684;PROD_27;1;1
CORD_ORD_1684;PROD_30;1;1
CORD_ORD_1684;PROD_33;1;1
CORD_ORD_1684;PROD_38;1;1
CORD_ORD_1684;PROD_4;1;1
CORD_ORD_1684;PROD_40;1;1
CORD_ORD_1684;PROD_41;1;1
CORD_ORD_1684;PROD_42;1;1
CORD_ORD_1684;PROD_47;1;1
CORD_ORD_1684;PROD_49;1;1
CORD_ORD_1684;PROD_8;1;1
CORD_ORD_1685;PROD_12;1;1
CORD_ORD_1685;PROD_15;1;1
CORD_ORD_1685;PROD_16;1;1
CORD_ORD_1685;PROD_22;1;1
CORD_ORD_1685;PROD_23;1;1
CORD_ORD_1685;PROD_25;1;1
CORD_ORD_1685;PROD_26;1;1
CORD_ORD_1685;PROD_27;1;1
CORD_ORD_1685;PROD_28;1;1
CORD_ORD_1685;PROD_29;1;1
CORD_ORD_1685;PROD_31;1;1
CORD_ORD_1685;PROD_32;1;1
CORD_ORD_1685;PROD_35;1;1
CORD_ORD_1685;PROD_36;1;1
CORD_ORD_1685;PROD_38;1;1
CORD_ORD_1685;PROD_4;1;1
CORD_ORD_1685;PROD_42;1;1
CORD_ORD_1685;PROD_46;1;1
CORD_ORD_1685;PROD_49;1;1
CORD_ORD_1685;PROD_50;1;1
CORD_ORD_1685;PROD_6;1;1
CORD_ORD_1685;PROD_7;1;1
CORD_ORD_1686;PROD_11;1;1
CORD_ORD_1686;PROD_13;1;1
CORD_ORD_1686;PROD_14;1;1
CORD_ORD_1686;PROD_18;1;1
CORD_ORD_1686;PROD_19;1;1
CORD_ORD_1686;PROD_2;1;1
CORD_ORD_1686;PROD_20;1;1
CORD_ORD_1686;PROD_29;1;1
CORD_ORD_1686;PROD_31;1;1
CORD_ORD_1686;PROD_33;1;1
CORD_ORD_1686;PROD_36;1;1
CORD_ORD_1686;PROD_37;1;1
CORD_ORD_1686;PROD_39;1;1
CORD_ORD_1686;PROD_44;1;1
CORD_ORD_1686;PROD_45;1;1
CORD_ORD_1686;PROD_46;1;1
CORD_ORD_1686;PROD_48;1;1
CORD_ORD_1686;PROD_9;1;1
CORD_ORD_1687;PROD_12;1;1
CORD_ORD_1687;PROD_13;1;1
CORD_ORD_1687;PROD_18;1;1
CORD_ORD_1687;PROD_19;1;1
CORD_ORD_1687;PROD_2;1;1
CORD_ORD_1687;PROD_26;1;1
CORD_ORD_1687;PROD_33;1;1
CORD_ORD_1687;PROD_45;1;1
CORD_ORD_1688;PROD_1;1;1
CORD_ORD_1688;PROD_10;1;1
CORD_ORD_1688;PROD_11;1;1
CORD_ORD_1688;PROD_22;1;1
CORD_ORD_1688;PROD_28;1;1
CORD_ORD_1688;PROD_3;1;1
CORD_ORD_1688;PROD_30;1;1
CORD_ORD_1688;PROD_36;1;1
CORD_ORD_1688;PROD_37;1;1
CORD_ORD_1688;PROD_43;1;1
CORD_ORD_1688;PROD_44;1;1
CORD_ORD_1688;PROD_46;1;1
CORD_ORD_1688;PROD_48;1;1
CORD_ORD_1688;PROD_8;1;1
CORD_ORD_1689;PROD_10;1;1
CORD_ORD_1689;PROD_11;1;1
CORD_ORD_1689;PROD_13;1;1
CORD_ORD_1689;PROD_14;1;1
CORD_ORD_1689;PROD_17;1;1
CORD_ORD_1689;PROD_20;1;1
CORD_ORD_1689;PROD_22;1;1
CORD_ORD_1689;PROD_27;1;1
CORD_ORD_1689;PROD_28;1;1
CORD_ORD_1689;PROD_30;1;1
CORD_ORD_1689;PROD_33;1;1
CORD_ORD_1689;PROD_36;1;1
CORD_ORD_1689;PROD_37;1;1
CORD_ORD_1689;PROD_39;1;1
CORD_ORD_1689;PROD_41;1;1
CORD_ORD_1689;PROD_43;1;1
CORD_ORD_1689;PROD_44;1;1
CORD_ORD_1689;PROD_46;1;1
CORD_ORD_1689;PROD_48;1;1
CORD_ORD_1689;PROD_49;1;1
CORD_ORD_1689;PROD_8;1;1
CORD_ORD_1689;PROD_9;1;1
CORD_ORD_1690;PROD_11;1;1
CORD_ORD_1690;PROD_12;1;1
CORD_ORD_1690;PROD_13;1;1
CORD_ORD_1690;PROD_16;1;1
CORD_ORD_1690;PROD_17;1;1
CORD_ORD_1690;PROD_18;1;1
CORD_ORD_1690;PROD_19;1;1
CORD_ORD_1690;PROD_2;1;1
CORD_ORD_1690;PROD_25;1;1
CORD_ORD_1690;PROD_26;1;1
CORD_ORD_1690;PROD_29;1;1
CORD_ORD_1690;PROD_31;1;1
CORD_ORD_1690;PROD_33;1;1
CORD_ORD_1690;PROD_35;1;1
CORD_ORD_1690;PROD_37;1;1
CORD_ORD_1690;PROD_38;1;1
CORD_ORD_1690;PROD_4;1;1
CORD_ORD_1690;PROD_40;1;1
CORD_ORD_1690;PROD_41;1;1
CORD_ORD_1690;PROD_44;1;1
CORD_ORD_1690;PROD_45;1;1
CORD_ORD_1690;PROD_47;1;1
CORD_ORD_1690;PROD_48;1;1
CORD_ORD_1690;PROD_7;1;1
CORD_ORD_1691;PROD_1;1;1
CORD_ORD_1691;PROD_10;1;1
CORD_ORD_1691;PROD_15;1;1
CORD_ORD_1691;PROD_16;1;1
CORD_ORD_1691;PROD_22;1;1
CORD_ORD_1691;PROD_25;1;1
CORD_ORD_1691;PROD_28;1;1
CORD_ORD_1691;PROD_3;1;1
CORD_ORD_1691;PROD_32;1;1
CORD_ORD_1691;PROD_34;1;1
CORD_ORD_1691;PROD_36;1;1
CORD_ORD_1691;PROD_43;1;1
CORD_ORD_1691;PROD_46;1;1
CORD_ORD_1691;PROD_5;1;1
CORD_ORD_1692;PROD_1;1;1
CORD_ORD_1692;PROD_12;1;1
CORD_ORD_1692;PROD_14;1;1
CORD_ORD_1692;PROD_21;1;1
CORD_ORD_1692;PROD_24;1;1
CORD_ORD_1692;PROD_26;1;1
CORD_ORD_1692;PROD_29;1;1
CORD_ORD_1692;PROD_3;1;1
CORD_ORD_1692;PROD_31;1;1
CORD_ORD_1692;PROD_38;1;1
CORD_ORD_1692;PROD_4;1;1
CORD_ORD_1692;PROD_9;1;1
CORD_ORD_1693;PROD_10;1;1
CORD_ORD_1693;PROD_11;1;1
CORD_ORD_1693;PROD_12;1;1
CORD_ORD_1693;PROD_16;1;1
CORD_ORD_1693;PROD_17;1;1
CORD_ORD_1693;PROD_21;1;1
CORD_ORD_1693;PROD_22;1;1
CORD_ORD_1693;PROD_23;1;1
CORD_ORD_1693;PROD_24;1;1
CORD_ORD_1693;PROD_25;1;1
CORD_ORD_1693;PROD_26;1;1
CORD_ORD_1693;PROD_28;1;1
CORD_ORD_1693;PROD_36;1;1
CORD_ORD_1693;PROD_37;1;1
CORD_ORD_1693;PROD_38;1;1
CORD_ORD_1693;PROD_4;1;1
CORD_ORD_1693;PROD_40;1;1
CORD_ORD_1693;PROD_41;1;1
CORD_ORD_1693;PROD_42;1;1
CORD_ORD_1693;PROD_43;1;1
CORD_ORD_1693;PROD_44;1;1
CORD_ORD_1693;PROD_46;1;1
CORD_ORD_1693;PROD_47;1;1
CORD_ORD_1693;PROD_48;1;1
CORD_ORD_1694;PROD_1;1;1
CORD_ORD_1694;PROD_10;1;1
CORD_ORD_1694;PROD_12;1;1
CORD_ORD_1694;PROD_15;1;1
CORD_ORD_1694;PROD_21;1;1
CORD_ORD_1694;PROD_24;1;1
CORD_ORD_1694;PROD_26;1;1
CORD_ORD_1694;PROD_29;1;1
CORD_ORD_1694;PROD_3;1;1
CORD_ORD_1694;PROD_31;1;1
CORD_ORD_1694;PROD_32;1;1
CORD_ORD_1694;PROD_34;1;1
CORD_ORD_1694;PROD_43;1;1
CORD_ORD_1694;PROD_5;1;1
CORD_ORD_1695;PROD_1;1;1
CORD_ORD_1695;PROD_11;1;1
CORD_ORD_1695;PROD_16;1;1
CORD_ORD_1695;PROD_18;1;1
CORD_ORD_1695;PROD_2;1;1
CORD_ORD_1695;PROD_20;1;1
CORD_ORD_1695;PROD_21;1;1
CORD_ORD_1695;PROD_22;1;1
CORD_ORD_1695;PROD_23;1;1
CORD_ORD_1695;PROD_24;1;1
CORD_ORD_1695;PROD_25;1;1
CORD_ORD_1695;PROD_27;1;1
CORD_ORD_1695;PROD_28;1;1
CORD_ORD_1695;PROD_3;1;1
CORD_ORD_1695;PROD_36;1;1
CORD_ORD_1695;PROD_37;1;1
CORD_ORD_1695;PROD_39;1;1
CORD_ORD_1695;PROD_40;1;1
CORD_ORD_1695;PROD_42;1;1
CORD_ORD_1695;PROD_44;1;1
CORD_ORD_1695;PROD_46;1;1
CORD_ORD_1695;PROD_47;1;1
CORD_ORD_1695;PROD_48;1;1
CORD_ORD_1695;PROD_49;1;1
CORD_ORD_1696;PROD_14;1;1
CORD_ORD_1696;PROD_15;1;1
CORD_ORD_1696;PROD_16;1;1
CORD_ORD_1696;PROD_17;1;1
CORD_ORD_1696;PROD_20;1;1
CORD_ORD_1696;PROD_21;1;1
CORD_ORD_1696;PROD_22;1;1
CORD_ORD_1696;PROD_24;1;1
CORD_ORD_1696;PROD_25;1;1
CORD_ORD_1696;PROD_28;1;1
CORD_ORD_1696;PROD_32;1;1
CORD_ORD_1696;PROD_35;1;1
CORD_ORD_1696;PROD_36;1;1
CORD_ORD_1696;PROD_37;1;1
CORD_ORD_1696;PROD_39;1;1
CORD_ORD_1696;PROD_40;1;1
CORD_ORD_1696;PROD_41;1;1
CORD_ORD_1696;PROD_44;1;1
CORD_ORD_1696;PROD_46;1;1
CORD_ORD_1696;PROD_47;1;1
CORD_ORD_1696;PROD_7;1;1
CORD_ORD_1696;PROD_9;1;1
CORD_ORD_1697;PROD_1;1;1
CORD_ORD_1697;PROD_10;1;1
CORD_ORD_1697;PROD_15;1;1
CORD_ORD_1697;PROD_17;1;1
CORD_ORD_1697;PROD_18;1;1
CORD_ORD_1697;PROD_2;1;1
CORD_ORD_1697;PROD_29;1;1
CORD_ORD_1697;PROD_3;1;1
CORD_ORD_1697;PROD_31;1;1
CORD_ORD_1697;PROD_32;1;1
CORD_ORD_1697;PROD_35;1;1
CORD_ORD_1697;PROD_36;1;1
CORD_ORD_1697;PROD_37;1;1
CORD_ORD_1697;PROD_40;1;1
CORD_ORD_1697;PROD_41;1;1
CORD_ORD_1697;PROD_43;1;1
CORD_ORD_1697;PROD_44;1;1
CORD_ORD_1697;PROD_46;1;1
CORD_ORD_1697;PROD_47;1;1
CORD_ORD_1697;PROD_7;1;1
CORD_ORD_1698;PROD_10;1;1
CORD_ORD_1698;PROD_14;1;1
CORD_ORD_1698;PROD_17;1;1
CORD_ORD_1698;PROD_19;1;1
CORD_ORD_1698;PROD_20;1;1
CORD_ORD_1698;PROD_22;1;1
CORD_ORD_1698;PROD_28;1;1
CORD_ORD_1698;PROD_29;1;1
CORD_ORD_1698;PROD_30;1;1
CORD_ORD_1698;PROD_31;1;1
CORD_ORD_1698;PROD_35;1;1
CORD_ORD_1698;PROD_36;1;1
CORD_ORD_1698;PROD_38;1;1
CORD_ORD_1698;PROD_39;1;1
CORD_ORD_1698;PROD_4;1;1
CORD_ORD_1698;PROD_40;1;1
CORD_ORD_1698;PROD_41;1;1
CORD_ORD_1698;PROD_43;1;1
CORD_ORD_1698;PROD_45;1;1
CORD_ORD_1698;PROD_46;1;1
CORD_ORD_1698;PROD_47;1;1
CORD_ORD_1698;PROD_7;1;1
CORD_ORD_1698;PROD_8;1;1
CORD_ORD_1698;PROD_9;1;1
CORD_ORD_1699;PROD_11;1;1
CORD_ORD_1699;PROD_12;1;1
CORD_ORD_1699;PROD_13;1;1
CORD_ORD_1699;PROD_14;1;1
CORD_ORD_1699;PROD_15;1;1
CORD_ORD_1699;PROD_18;1;1
CORD_ORD_1699;PROD_2;1;1
CORD_ORD_1699;PROD_26;1;1
CORD_ORD_1699;PROD_29;1;1
CORD_ORD_1699;PROD_31;1;1
CORD_ORD_1699;PROD_32;1;1
CORD_ORD_1699;PROD_33;1;1
CORD_ORD_1699;PROD_34;1;1
CORD_ORD_1699;PROD_36;1;1
CORD_ORD_1699;PROD_46;1;1
CORD_ORD_1699;PROD_48;1;1
CORD_ORD_1699;PROD_5;1;1
CORD_ORD_1699;PROD_9;1;1
CORD_ORD_1700;PROD_1;1;1
CORD_ORD_1700;PROD_12;1;1
CORD_ORD_1700;PROD_17;1;1
CORD_ORD_1700;PROD_18;1;1
CORD_ORD_1700;PROD_2;1;1
CORD_ORD_1700;PROD_20;1;1
CORD_ORD_1700;PROD_21;1;1
CORD_ORD_1700;PROD_24;1;1
CORD_ORD_1700;PROD_26;1;1
CORD_ORD_1700;PROD_3;1;1
CORD_ORD_1700;PROD_30;1;1
CORD_ORD_1700;PROD_36;1;1
CORD_ORD_1700;PROD_37;1;1
CORD_ORD_1700;PROD_38;1;1
CORD_ORD_1700;PROD_39;1;1
CORD_ORD_1700;PROD_4;1;1
CORD_ORD_1700;PROD_41;1;1
CORD_ORD_1700;PROD_44;1;1
CORD_ORD_1700;PROD_46;1;1
CORD_ORD_1700;PROD_8;1;1
CORD_ORD_1701;PROD_1;1;1
CORD_ORD_1701;PROD_10;1;1
CORD_ORD_1701;PROD_12;1;1
CORD_ORD_1701;PROD_15;1;1
CORD_ORD_1701;PROD_16;1;1
CORD_ORD_1701;PROD_18;1;1
CORD_ORD_1701;PROD_2;1;1
CORD_ORD_1701;PROD_21;1;1
CORD_ORD_1701;PROD_22;1;1
CORD_ORD_1701;PROD_24;1;1
CORD_ORD_1701;PROD_25;1;1
CORD_ORD_1701;PROD_26;1;1
CORD_ORD_1701;PROD_28;1;1
CORD_ORD_1701;PROD_29;1;1
CORD_ORD_1701;PROD_3;1;1
CORD_ORD_1701;PROD_31;1;1
CORD_ORD_1701;PROD_32;1;1
CORD_ORD_1701;PROD_34;1;1
CORD_ORD_1701;PROD_37;1;1
CORD_ORD_1701;PROD_40;1;1
CORD_ORD_1701;PROD_43;1;1
CORD_ORD_1701;PROD_44;1;1
CORD_ORD_1701;PROD_47;1;1
CORD_ORD_1701;PROD_5;1;1
CORD_ORD_1702;PROD_13;1;1
CORD_ORD_1702;PROD_14;1;1
CORD_ORD_1702;PROD_16;1;1
CORD_ORD_1702;PROD_19;1;1
CORD_ORD_1702;PROD_21;1;1
CORD_ORD_1702;PROD_23;1;1
CORD_ORD_1702;PROD_24;1;1
CORD_ORD_1702;PROD_25;1;1
CORD_ORD_1702;PROD_29;1;1
CORD_ORD_1702;PROD_31;1;1
CORD_ORD_1702;PROD_33;1;1
CORD_ORD_1702;PROD_42;1;1
CORD_ORD_1702;PROD_45;1;1
CORD_ORD_1702;PROD_9;1;1
CORD_ORD_1703;PROD_11;1;1
CORD_ORD_1703;PROD_21;1;1
CORD_ORD_1703;PROD_23;1;1
CORD_ORD_1703;PROD_24;1;1
CORD_ORD_1703;PROD_34;1;1
CORD_ORD_1703;PROD_37;1;1
CORD_ORD_1703;PROD_42;1;1
CORD_ORD_1703;PROD_44;1;1
CORD_ORD_1703;PROD_48;1;1
CORD_ORD_1703;PROD_5;1;1
CORD_ORD_1703;PROD_50;1;1
CORD_ORD_1703;PROD_6;1;1
CORD_ORD_1704;PROD_1;1;1
CORD_ORD_1704;PROD_10;1;1
CORD_ORD_1704;PROD_11;1;1
CORD_ORD_1704;PROD_3;1;1
CORD_ORD_1704;PROD_30;1;1
CORD_ORD_1704;PROD_36;1;1
CORD_ORD_1704;PROD_43;1;1
CORD_ORD_1704;PROD_46;1;1
CORD_ORD_1704;PROD_48;1;1
CORD_ORD_1704;PROD_8;1;1
CORD_ORD_1705;PROD_15;1;1
CORD_ORD_1705;PROD_21;1;1
CORD_ORD_1705;PROD_23;1;1
CORD_ORD_1705;PROD_24;1;1
CORD_ORD_1705;PROD_32;1;1
CORD_ORD_1705;PROD_34;1;1
CORD_ORD_1705;PROD_37;1;1
CORD_ORD_1705;PROD_42;1;1
CORD_ORD_1705;PROD_44;1;1
CORD_ORD_1705;PROD_5;1;1
CORD_ORD_1706;PROD_1;1;1
CORD_ORD_1706;PROD_11;1;1
CORD_ORD_1706;PROD_16;1;1
CORD_ORD_1706;PROD_22;1;1
CORD_ORD_1706;PROD_23;1;1
CORD_ORD_1706;PROD_25;1;1
CORD_ORD_1706;PROD_28;1;1
CORD_ORD_1706;PROD_3;1;1
CORD_ORD_1706;PROD_35;1;1
CORD_ORD_1706;PROD_42;1;1
CORD_ORD_1706;PROD_48;1;1
CORD_ORD_1706;PROD_7;1;1
CORD_ORD_1707;PROD_1;1;1
CORD_ORD_1707;PROD_20;1;1
CORD_ORD_1707;PROD_3;1;1
CORD_ORD_1707;PROD_30;1;1
CORD_ORD_1707;PROD_36;1;1
CORD_ORD_1707;PROD_38;1;1
CORD_ORD_1707;PROD_39;1;1
CORD_ORD_1707;PROD_4;1;1
CORD_ORD_1707;PROD_46;1;1
CORD_ORD_1707;PROD_8;1;1
CORD_ORD_1708;PROD_1;1;1
CORD_ORD_1708;PROD_10;1;1
CORD_ORD_1708;PROD_3;1;1
CORD_ORD_1708;PROD_30;1;1
CORD_ORD_1708;PROD_36;1;1
CORD_ORD_1708;PROD_43;1;1
CORD_ORD_1708;PROD_46;1;1
CORD_ORD_1708;PROD_8;1;1
CORD_ORD_1709;PROD_10;1;1
CORD_ORD_1709;PROD_11;1;1
CORD_ORD_1709;PROD_13;1;1
CORD_ORD_1709;PROD_16;1;1
CORD_ORD_1709;PROD_25;1;1
CORD_ORD_1709;PROD_27;1;1
CORD_ORD_1709;PROD_33;1;1
CORD_ORD_1709;PROD_43;1;1
CORD_ORD_1709;PROD_48;1;1
CORD_ORD_1709;PROD_49;1;1
CORD_ORD_1710;PROD_10;1;1
CORD_ORD_1710;PROD_11;1;1
CORD_ORD_1710;PROD_14;1;1
CORD_ORD_1710;PROD_15;1;1
CORD_ORD_1710;PROD_18;1;1
CORD_ORD_1710;PROD_19;1;1
CORD_ORD_1710;PROD_2;1;1
CORD_ORD_1710;PROD_22;1;1
CORD_ORD_1710;PROD_28;1;1
CORD_ORD_1710;PROD_32;1;1
CORD_ORD_1710;PROD_36;1;1
CORD_ORD_1710;PROD_37;1;1
CORD_ORD_1710;PROD_43;1;1
CORD_ORD_1710;PROD_44;1;1
CORD_ORD_1710;PROD_45;1;1
CORD_ORD_1710;PROD_46;1;1
CORD_ORD_1710;PROD_48;1;1
CORD_ORD_1710;PROD_9;1;1
CORD_ORD_1711;PROD_10;1;1
CORD_ORD_1711;PROD_11;1;1
CORD_ORD_1711;PROD_14;1;1
CORD_ORD_1711;PROD_15;1;1
CORD_ORD_1711;PROD_19;1;1
CORD_ORD_1711;PROD_22;1;1
CORD_ORD_1711;PROD_28;1;1
CORD_ORD_1711;PROD_29;1;1
CORD_ORD_1711;PROD_31;1;1
CORD_ORD_1711;PROD_32;1;1
CORD_ORD_1711;PROD_35;1;1
CORD_ORD_1711;PROD_43;1;1
CORD_ORD_1711;PROD_45;1;1
CORD_ORD_1711;PROD_48;1;1
CORD_ORD_1711;PROD_50;1;1
CORD_ORD_1711;PROD_6;1;1
CORD_ORD_1711;PROD_7;1;1
CORD_ORD_1711;PROD_9;1;1
CORD_ORD_1712;PROD_10;1;1
CORD_ORD_1712;PROD_11;1;1
CORD_ORD_1712;PROD_13;1;1
CORD_ORD_1712;PROD_16;1;1
CORD_ORD_1712;PROD_22;1;1
CORD_ORD_1712;PROD_25;1;1
CORD_ORD_1712;PROD_27;1;1
CORD_ORD_1712;PROD_28;1;1
CORD_ORD_1712;PROD_30;1;1
CORD_ORD_1712;PROD_33;1;1
CORD_ORD_1712;PROD_34;1;1
CORD_ORD_1712;PROD_37;1;1
CORD_ORD_1712;PROD_38;1;1
CORD_ORD_1712;PROD_4;1;1
CORD_ORD_1712;PROD_43;1;1
CORD_ORD_1712;PROD_44;1;1
CORD_ORD_1712;PROD_48;1;1
CORD_ORD_1712;PROD_49;1;1
CORD_ORD_1712;PROD_5;1;1
CORD_ORD_1712;PROD_8;1;1
CORD_ORD_1713;PROD_10;1;1
CORD_ORD_1713;PROD_12;1;1
CORD_ORD_1713;PROD_13;1;1
CORD_ORD_1713;PROD_14;1;1
CORD_ORD_1713;PROD_18;1;1
CORD_ORD_1713;PROD_19;1;1
CORD_ORD_1713;PROD_2;1;1
CORD_ORD_1713;PROD_23;1;1
CORD_ORD_1713;PROD_26;1;1
CORD_ORD_1713;PROD_29;1;1
CORD_ORD_1713;PROD_30;1;1
CORD_ORD_1713;PROD_31;1;1
CORD_ORD_1713;PROD_33;1;1
CORD_ORD_1713;PROD_36;1;1
CORD_ORD_1713;PROD_42;1;1
CORD_ORD_1713;PROD_43;1;1
CORD_ORD_1713;PROD_45;1;1
CORD_ORD_1713;PROD_46;1;1
CORD_ORD_1713;PROD_50;1;1
CORD_ORD_1713;PROD_6;1;1
CORD_ORD_1713;PROD_8;1;1
CORD_ORD_1713;PROD_9;1;1
CORD_ORD_1714;PROD_1;1;1
CORD_ORD_1714;PROD_10;1;1
CORD_ORD_1714;PROD_15;1;1
CORD_ORD_1714;PROD_19;1;1
CORD_ORD_1714;PROD_21;1;1
CORD_ORD_1714;PROD_24;1;1
CORD_ORD_1714;PROD_29;1;1
CORD_ORD_1714;PROD_3;1;1
CORD_ORD_1714;PROD_31;1;1
CORD_ORD_1714;PROD_32;1;1
CORD_ORD_1714;PROD_34;1;1
CORD_ORD_1714;PROD_36;1;1
CORD_ORD_1714;PROD_40;1;1
CORD_ORD_1714;PROD_43;1;1
CORD_ORD_1714;PROD_45;1;1
CORD_ORD_1714;PROD_46;1;1
CORD_ORD_1714;PROD_47;1;1
CORD_ORD_1714;PROD_5;1;1
CORD_ORD_1714;PROD_50;1;1
CORD_ORD_1714;PROD_6;1;1
CORD_ORD_1715;PROD_1;1;1
CORD_ORD_1715;PROD_10;1;1
CORD_ORD_1715;PROD_15;1;1
CORD_ORD_1715;PROD_20;1;1
CORD_ORD_1715;PROD_22;1;1
CORD_ORD_1715;PROD_28;1;1
CORD_ORD_1715;PROD_29;1;1
CORD_ORD_1715;PROD_3;1;1
CORD_ORD_1715;PROD_30;1;1
CORD_ORD_1715;PROD_31;1;1
CORD_ORD_1715;PROD_32;1;1
CORD_ORD_1715;PROD_36;1;1
CORD_ORD_1715;PROD_38;1;1
CORD_ORD_1715;PROD_39;1;1
CORD_ORD_1715;PROD_4;1;1
CORD_ORD_1715;PROD_43;1;1
CORD_ORD_1715;PROD_46;1;1
CORD_ORD_1715;PROD_50;1;1
CORD_ORD_1715;PROD_6;1;1
CORD_ORD_1715;PROD_8;1;1
CORD_ORD_1716;PROD_10;1;1
CORD_ORD_1716;PROD_11;1;1
CORD_ORD_1716;PROD_13;1;1
CORD_ORD_1716;PROD_14;1;1
CORD_ORD_1716;PROD_16;1;1
CORD_ORD_1716;PROD_17;1;1
CORD_ORD_1716;PROD_19;1;1
CORD_ORD_1716;PROD_25;1;1
CORD_ORD_1716;PROD_29;1;1
CORD_ORD_1716;PROD_30;1;1
CORD_ORD_1716;PROD_31;1;1
CORD_ORD_1716;PROD_33;1;1
CORD_ORD_1716;PROD_34;1;1
CORD_ORD_1716;PROD_37;1;1
CORD_ORD_1716;PROD_41;1;1
CORD_ORD_1716;PROD_43;1;1
CORD_ORD_1716;PROD_44;1;1
CORD_ORD_1716;PROD_45;1;1
CORD_ORD_1716;PROD_48;1;1
CORD_ORD_1716;PROD_5;1;1
CORD_ORD_1716;PROD_8;1;1
CORD_ORD_1716;PROD_9;1;1
CORD_ORD_1717;PROD_1;1;1
CORD_ORD_1717;PROD_18;1;1
CORD_ORD_1717;PROD_2;1;1
CORD_ORD_1717;PROD_23;1;1
CORD_ORD_1717;PROD_3;1;1
CORD_ORD_1717;PROD_36;1;1
CORD_ORD_1717;PROD_37;1;1
CORD_ORD_1717;PROD_42;1;1
CORD_ORD_1717;PROD_44;1;1
CORD_ORD_1717;PROD_46;1;1
CORD_ORD_1718;PROD_1;1;1
CORD_ORD_1718;PROD_12;1;1
CORD_ORD_1718;PROD_13;1;1
CORD_ORD_1718;PROD_14;1;1
CORD_ORD_1718;PROD_19;1;1
CORD_ORD_1718;PROD_22;1;1
CORD_ORD_1718;PROD_23;1;1
CORD_ORD_1718;PROD_26;1;1
CORD_ORD_1718;PROD_28;1;1
CORD_ORD_1718;PROD_3;1;1
CORD_ORD_1718;PROD_30;1;1
CORD_ORD_1718;PROD_33;1;1
CORD_ORD_1718;PROD_35;1;1
CORD_ORD_1718;PROD_36;1;1
CORD_ORD_1718;PROD_42;1;1
CORD_ORD_1718;PROD_45;1;1
CORD_ORD_1718;PROD_46;1;1
CORD_ORD_1718;PROD_7;1;1
CORD_ORD_1718;PROD_8;1;1
CORD_ORD_1718;PROD_9;1;1
CORD_ORD_1719;PROD_10;1;1
CORD_ORD_1719;PROD_13;1;1
CORD_ORD_1719;PROD_15;1;1
CORD_ORD_1719;PROD_21;1;1
CORD_ORD_1719;PROD_23;1;1
CORD_ORD_1719;PROD_24;1;1
CORD_ORD_1719;PROD_27;1;1
CORD_ORD_1719;PROD_30;1;1
CORD_ORD_1719;PROD_32;1;1
CORD_ORD_1719;PROD_33;1;1
CORD_ORD_1719;PROD_36;1;1
CORD_ORD_1719;PROD_42;1;1
CORD_ORD_1719;PROD_43;1;1
CORD_ORD_1719;PROD_46;1;1
CORD_ORD_1719;PROD_49;1;1
CORD_ORD_1719;PROD_50;1;1
CORD_ORD_1719;PROD_6;1;1
CORD_ORD_1719;PROD_8;1;1
CORD_ORD_1720;PROD_12;1;1
CORD_ORD_1720;PROD_22;1;1
CORD_ORD_1720;PROD_26;1;1
CORD_ORD_1720;PROD_28;1;1
CORD_ORD_1720;PROD_29;1;1
CORD_ORD_1720;PROD_31;1;1
CORD_ORD_1720;PROD_38;1;1
CORD_ORD_1720;PROD_4;1;1
CORD_ORD_1721;PROD_1;1;1
CORD_ORD_1721;PROD_10;1;1
CORD_ORD_1721;PROD_12;1;1
CORD_ORD_1721;PROD_14;1;1
CORD_ORD_1721;PROD_15;1;1
CORD_ORD_1721;PROD_17;1;1
CORD_ORD_1721;PROD_26;1;1
CORD_ORD_1721;PROD_29;1;1
CORD_ORD_1721;PROD_3;1;1
CORD_ORD_1721;PROD_30;1;1
CORD_ORD_1721;PROD_31;1;1
CORD_ORD_1721;PROD_32;1;1
CORD_ORD_1721;PROD_35;1;1
CORD_ORD_1721;PROD_38;1;1
CORD_ORD_1721;PROD_4;1;1
CORD_ORD_1721;PROD_40;1;1
CORD_ORD_1721;PROD_41;1;1
CORD_ORD_1721;PROD_43;1;1
CORD_ORD_1721;PROD_47;1;1
CORD_ORD_1721;PROD_7;1;1
CORD_ORD_1721;PROD_8;1;1
CORD_ORD_1721;PROD_9;1;1
CORD_ORD_1722;PROD_10;1;1
CORD_ORD_1722;PROD_11;1;1
CORD_ORD_1722;PROD_15;1;1
CORD_ORD_1722;PROD_16;1;1
CORD_ORD_1722;PROD_21;1;1
CORD_ORD_1722;PROD_24;1;1
CORD_ORD_1722;PROD_25;1;1
CORD_ORD_1722;PROD_27;1;1
CORD_ORD_1722;PROD_29;1;1
CORD_ORD_1722;PROD_30;1;1
CORD_ORD_1722;PROD_31;1;1
CORD_ORD_1722;PROD_32;1;1
CORD_ORD_1722;PROD_43;1;1
CORD_ORD_1722;PROD_48;1;1
CORD_ORD_1722;PROD_49;1;1
CORD_ORD_1722;PROD_50;1;1
CORD_ORD_1722;PROD_6;1;1
CORD_ORD_1722;PROD_8;1;1
CORD_ORD_1723;PROD_10;1;1
CORD_ORD_1723;PROD_11;1;1
CORD_ORD_1723;PROD_13;1;1
CORD_ORD_1723;PROD_17;1;1
CORD_ORD_1723;PROD_19;1;1
CORD_ORD_1723;PROD_27;1;1
CORD_ORD_1723;PROD_33;1;1
CORD_ORD_1723;PROD_37;1;1
CORD_ORD_1723;PROD_41;1;1
CORD_ORD_1723;PROD_43;1;1
CORD_ORD_1723;PROD_44;1;1
CORD_ORD_1723;PROD_45;1;1
CORD_ORD_1723;PROD_48;1;1
CORD_ORD_1723;PROD_49;1;1
CORD_ORD_1724;PROD_15;1;1
CORD_ORD_1724;PROD_22;1;1
CORD_ORD_1724;PROD_28;1;1
CORD_ORD_1724;PROD_29;1;1
CORD_ORD_1724;PROD_31;1;1
CORD_ORD_1724;PROD_32;1;1
CORD_ORD_1724;PROD_50;1;1
CORD_ORD_1724;PROD_6;1;1
CORD_ORD_1725;PROD_10;1;1
CORD_ORD_1725;PROD_11;1;1
CORD_ORD_1725;PROD_13;1;1
CORD_ORD_1725;PROD_14;1;1
CORD_ORD_1725;PROD_15;1;1
CORD_ORD_1725;PROD_19;1;1
CORD_ORD_1725;PROD_21;1;1
CORD_ORD_1725;PROD_22;1;1
CORD_ORD_1725;PROD_24;1;1
CORD_ORD_1725;PROD_27;1;1
CORD_ORD_1725;PROD_28;1;1
CORD_ORD_1725;PROD_32;1;1
CORD_ORD_1725;PROD_33;1;1
CORD_ORD_1725;PROD_35;1;1
CORD_ORD_1725;PROD_36;1;1
CORD_ORD_1725;PROD_38;1;1
CORD_ORD_1725;PROD_4;1;1
CORD_ORD_1725;PROD_40;1;1
CORD_ORD_1725;PROD_43;1;1
CORD_ORD_1725;PROD_45;1;1
CORD_ORD_1725;PROD_46;1;1
CORD_ORD_1725;PROD_47;1;1
CORD_ORD_1725;PROD_48;1;1
CORD_ORD_1725;PROD_49;1;1
CORD_ORD_1725;PROD_7;1;1
CORD_ORD_1725;PROD_9;1;1
CORD_ORD_1726;PROD_10;1;1
CORD_ORD_1726;PROD_12;1;1
CORD_ORD_1726;PROD_13;1;1
CORD_ORD_1726;PROD_17;1;1
CORD_ORD_1726;PROD_18;1;1
CORD_ORD_1726;PROD_2;1;1
CORD_ORD_1726;PROD_21;1;1
CORD_ORD_1726;PROD_24;1;1
CORD_ORD_1726;PROD_26;1;1
CORD_ORD_1726;PROD_33;1;1
CORD_ORD_1726;PROD_35;1;1
CORD_ORD_1726;PROD_36;1;1
CORD_ORD_1726;PROD_38;1;1
CORD_ORD_1726;PROD_4;1;1
CORD_ORD_1726;PROD_41;1;1
CORD_ORD_1726;PROD_43;1;1
CORD_ORD_1726;PROD_46;1;1
CORD_ORD_1726;PROD_7;1;1
CORD_ORD_1727;PROD_11;1;1
CORD_ORD_1727;PROD_15;1;1
CORD_ORD_1727;PROD_21;1;1
CORD_ORD_1727;PROD_22;1;1
CORD_ORD_1727;PROD_23;1;1
CORD_ORD_1727;PROD_24;1;1
CORD_ORD_1727;PROD_28;1;1
CORD_ORD_1727;PROD_29;1;1
CORD_ORD_1727;PROD_31;1;1
CORD_ORD_1727;PROD_32;1;1
CORD_ORD_1727;PROD_37;1;1
CORD_ORD_1727;PROD_40;1;1
CORD_ORD_1727;PROD_42;1;1
CORD_ORD_1727;PROD_44;1;1
CORD_ORD_1727;PROD_47;1;1
CORD_ORD_1727;PROD_48;1;1
CORD_ORD_1727;PROD_50;1;1
CORD_ORD_1727;PROD_6;1;1
CORD_ORD_1728;PROD_12;1;1
CORD_ORD_1728;PROD_16;1;1
CORD_ORD_1728;PROD_17;1;1
CORD_ORD_1728;PROD_18;1;1
CORD_ORD_1728;PROD_19;1;1
CORD_ORD_1728;PROD_2;1;1
CORD_ORD_1728;PROD_25;1;1
CORD_ORD_1728;PROD_26;1;1
CORD_ORD_1728;PROD_27;1;1
CORD_ORD_1728;PROD_30;1;1
CORD_ORD_1728;PROD_41;1;1
CORD_ORD_1728;PROD_45;1;1
CORD_ORD_1728;PROD_49;1;1
CORD_ORD_1728;PROD_50;1;1
CORD_ORD_1728;PROD_6;1;1
CORD_ORD_1728;PROD_8;1;1
CORD_ORD_1729;PROD_1;1;1
CORD_ORD_1729;PROD_13;1;1
CORD_ORD_1729;PROD_14;1;1
CORD_ORD_1729;PROD_19;1;1
CORD_ORD_1729;PROD_21;1;1
CORD_ORD_1729;PROD_22;1;1
CORD_ORD_1729;PROD_23;1;1
CORD_ORD_1729;PROD_24;1;1
CORD_ORD_1729;PROD_28;1;1
CORD_ORD_1729;PROD_29;1;1
CORD_ORD_1729;PROD_3;1;1
CORD_ORD_1729;PROD_30;1;1
CORD_ORD_1729;PROD_31;1;1
CORD_ORD_1729;PROD_33;1;1
CORD_ORD_1729;PROD_40;1;1
CORD_ORD_1729;PROD_42;1;1
CORD_ORD_1729;PROD_45;1;1
CORD_ORD_1729;PROD_47;1;1
CORD_ORD_1729;PROD_8;1;1
CORD_ORD_1729;PROD_9;1;1
CORD_ORD_1730;PROD_10;1;1
CORD_ORD_1730;PROD_12;1;1
CORD_ORD_1730;PROD_21;1;1
CORD_ORD_1730;PROD_24;1;1
CORD_ORD_1730;PROD_26;1;1
CORD_ORD_1730;PROD_29;1;1
CORD_ORD_1730;PROD_30;1;1
CORD_ORD_1730;PROD_31;1;1
CORD_ORD_1730;PROD_40;1;1
CORD_ORD_1730;PROD_43;1;1
CORD_ORD_1730;PROD_47;1;1
CORD_ORD_1730;PROD_8;1;1
CORD_ORD_1731;PROD_1;1;1
CORD_ORD_1731;PROD_14;1;1
CORD_ORD_1731;PROD_16;1;1
CORD_ORD_1731;PROD_18;1;1
CORD_ORD_1731;PROD_2;1;1
CORD_ORD_1731;PROD_22;1;1
CORD_ORD_1731;PROD_25;1;1
CORD_ORD_1731;PROD_28;1;1
CORD_ORD_1731;PROD_3;1;1
CORD_ORD_1731;PROD_9;1;1
CORD_ORD_1732;PROD_11;1;1
CORD_ORD_1732;PROD_13;1;1
CORD_ORD_1732;PROD_16;1;1
CORD_ORD_1732;PROD_20;1;1
CORD_ORD_1732;PROD_21;1;1
CORD_ORD_1732;PROD_22;1;1
CORD_ORD_1732;PROD_24;1;1
CORD_ORD_1732;PROD_25;1;1
CORD_ORD_1732;PROD_28;1;1
CORD_ORD_1732;PROD_29;1;1
CORD_ORD_1732;PROD_31;1;1
CORD_ORD_1732;PROD_33;1;1
CORD_ORD_1732;PROD_36;1;1
CORD_ORD_1732;PROD_38;1;1
CORD_ORD_1732;PROD_39;1;1
CORD_ORD_1732;PROD_4;1;1
CORD_ORD_1732;PROD_40;1;1
CORD_ORD_1732;PROD_46;1;1
CORD_ORD_1732;PROD_47;1;1
CORD_ORD_1732;PROD_48;1;1
CORD_ORD_1733;PROD_1;1;1
CORD_ORD_1733;PROD_11;1;1
CORD_ORD_1733;PROD_12;1;1
CORD_ORD_1733;PROD_17;1;1
CORD_ORD_1733;PROD_18;1;1
CORD_ORD_1733;PROD_19;1;1
CORD_ORD_1733;PROD_2;1;1
CORD_ORD_1733;PROD_21;1;1
CORD_ORD_1733;PROD_24;1;1
CORD_ORD_1733;PROD_26;1;1
CORD_ORD_1733;PROD_29;1;1
CORD_ORD_1733;PROD_3;1;1
CORD_ORD_1733;PROD_31;1;1
CORD_ORD_1733;PROD_37;1;1
CORD_ORD_1733;PROD_38;1;1
CORD_ORD_1733;PROD_4;1;1
CORD_ORD_1733;PROD_40;1;1
CORD_ORD_1733;PROD_41;1;1
CORD_ORD_1733;PROD_44;1;1
CORD_ORD_1733;PROD_45;1;1
CORD_ORD_1733;PROD_47;1;1
CORD_ORD_1733;PROD_48;1;1
CORD_ORD_1734;PROD_11;1;1
CORD_ORD_1734;PROD_15;1;1
CORD_ORD_1734;PROD_21;1;1
CORD_ORD_1734;PROD_23;1;1
CORD_ORD_1734;PROD_24;1;1
CORD_ORD_1734;PROD_27;1;1
CORD_ORD_1734;PROD_29;1;1
CORD_ORD_1734;PROD_31;1;1
CORD_ORD_1734;PROD_32;1;1
CORD_ORD_1734;PROD_37;1;1
CORD_ORD_1734;PROD_42;1;1
CORD_ORD_1734;PROD_44;1;1
CORD_ORD_1734;PROD_48;1;1
CORD_ORD_1734;PROD_49;1;1
CORD_ORD_1735;PROD_13;1;1
CORD_ORD_1735;PROD_15;1;1
CORD_ORD_1735;PROD_19;1;1
CORD_ORD_1735;PROD_22;1;1
CORD_ORD_1735;PROD_28;1;1
CORD_ORD_1735;PROD_29;1;1
CORD_ORD_1735;PROD_31;1;1
CORD_ORD_1735;PROD_32;1;1
CORD_ORD_1735;PROD_33;1;1
CORD_ORD_1735;PROD_37;1;1
CORD_ORD_1735;PROD_44;1;1
CORD_ORD_1735;PROD_45;1;1
CORD_ORD_1735;PROD_50;1;1
CORD_ORD_1735;PROD_6;1;1
CORD_ORD_1736;PROD_1;1;1
CORD_ORD_1736;PROD_12;1;1
CORD_ORD_1736;PROD_13;1;1
CORD_ORD_1736;PROD_14;1;1
CORD_ORD_1736;PROD_17;1;1
CORD_ORD_1736;PROD_21;1;1
CORD_ORD_1736;PROD_23;1;1
CORD_ORD_1736;PROD_24;1;1
CORD_ORD_1736;PROD_26;1;1
CORD_ORD_1736;PROD_29;1;1
CORD_ORD_1736;PROD_3;1;1
CORD_ORD_1736;PROD_31;1;1
CORD_ORD_1736;PROD_33;1;1
CORD_ORD_1736;PROD_34;1;1
CORD_ORD_1736;PROD_36;1;1
CORD_ORD_1736;PROD_38;1;1
CORD_ORD_1736;PROD_4;1;1
CORD_ORD_1736;PROD_41;1;1
CORD_ORD_1736;PROD_42;1;1
CORD_ORD_1736;PROD_46;1;1
CORD_ORD_1736;PROD_5;1;1
CORD_ORD_1736;PROD_9;1;1
CORD_ORD_1737;PROD_11;1;1
CORD_ORD_1737;PROD_13;1;1
CORD_ORD_1737;PROD_14;1;1
CORD_ORD_1737;PROD_15;1;1
CORD_ORD_1737;PROD_18;1;1
CORD_ORD_1737;PROD_19;1;1
CORD_ORD_1737;PROD_2;1;1
CORD_ORD_1737;PROD_32;1;1
CORD_ORD_1737;PROD_33;1;1
CORD_ORD_1737;PROD_36;1;1
CORD_ORD_1737;PROD_37;1;1
CORD_ORD_1737;PROD_44;1;1
CORD_ORD_1737;PROD_45;1;1
CORD_ORD_1737;PROD_46;1;1
CORD_ORD_1737;PROD_48;1;1
CORD_ORD_1737;PROD_9;1;1
CORD_ORD_1738;PROD_1;1;1
CORD_ORD_1738;PROD_10;1;1
CORD_ORD_1738;PROD_15;1;1
CORD_ORD_1738;PROD_29;1;1
CORD_ORD_1738;PROD_3;1;1
CORD_ORD_1738;PROD_30;1;1
CORD_ORD_1738;PROD_31;1;1
CORD_ORD_1738;PROD_32;1;1
CORD_ORD_1738;PROD_36;1;1
CORD_ORD_1738;PROD_40;1;1
CORD_ORD_1738;PROD_43;1;1
CORD_ORD_1738;PROD_46;1;1
CORD_ORD_1738;PROD_47;1;1
CORD_ORD_1738;PROD_8;1;1
CORD_ORD_1739;PROD_12;1;1
CORD_ORD_1739;PROD_13;1;1
CORD_ORD_1739;PROD_20;1;1
CORD_ORD_1739;PROD_21;1;1
CORD_ORD_1739;PROD_24;1;1
CORD_ORD_1739;PROD_26;1;1
CORD_ORD_1739;PROD_30;1;1
CORD_ORD_1739;PROD_33;1;1
CORD_ORD_1739;PROD_36;1;1
CORD_ORD_1739;PROD_37;1;1
CORD_ORD_1739;PROD_38;1;1
CORD_ORD_1739;PROD_39;1;1
CORD_ORD_1739;PROD_4;1;1
CORD_ORD_1739;PROD_44;1;1
CORD_ORD_1739;PROD_46;1;1
CORD_ORD_1739;PROD_8;1;1
CORD_ORD_1740;PROD_10;1;1
CORD_ORD_1740;PROD_11;1;1
CORD_ORD_1740;PROD_13;1;1
CORD_ORD_1740;PROD_14;1;1
CORD_ORD_1740;PROD_17;1;1
CORD_ORD_1740;PROD_18;1;1
CORD_ORD_1740;PROD_2;1;1
CORD_ORD_1740;PROD_21;1;1
CORD_ORD_1740;PROD_22;1;1
CORD_ORD_1740;PROD_24;1;1
CORD_ORD_1740;PROD_28;1;1
CORD_ORD_1740;PROD_33;1;1
CORD_ORD_1740;PROD_35;1;1
CORD_ORD_1740;PROD_36;1;1
CORD_ORD_1740;PROD_37;1;1
CORD_ORD_1740;PROD_41;1;1
CORD_ORD_1740;PROD_43;1;1
CORD_ORD_1740;PROD_44;1;1
CORD_ORD_1740;PROD_46;1;1
CORD_ORD_1740;PROD_48;1;1
CORD_ORD_1740;PROD_7;1;1
CORD_ORD_1740;PROD_9;1;1
CORD_ORD_1741;PROD_11;1;1
CORD_ORD_1741;PROD_13;1;1
CORD_ORD_1741;PROD_18;1;1
CORD_ORD_1741;PROD_2;1;1
CORD_ORD_1741;PROD_20;1;1
CORD_ORD_1741;PROD_22;1;1
CORD_ORD_1741;PROD_23;1;1
CORD_ORD_1741;PROD_27;1;1
CORD_ORD_1741;PROD_28;1;1
CORD_ORD_1741;PROD_29;1;1
CORD_ORD_1741;PROD_30;1;1
CORD_ORD_1741;PROD_31;1;1
CORD_ORD_1741;PROD_33;1;1
CORD_ORD_1741;PROD_34;1;1
CORD_ORD_1741;PROD_39;1;1
CORD_ORD_1741;PROD_42;1;1
CORD_ORD_1741;PROD_48;1;1
CORD_ORD_1741;PROD_49;1;1
CORD_ORD_1741;PROD_5;1;1
CORD_ORD_1741;PROD_8;1;1
CORD_ORD_1742;PROD_10;1;1
CORD_ORD_1742;PROD_14;1;1
CORD_ORD_1742;PROD_15;1;1
CORD_ORD_1742;PROD_32;1;1
CORD_ORD_1742;PROD_34;1;1
CORD_ORD_1742;PROD_35;1;1
CORD_ORD_1742;PROD_37;1;1
CORD_ORD_1742;PROD_38;1;1
CORD_ORD_1742;PROD_4;1;1
CORD_ORD_1742;PROD_40;1;1
CORD_ORD_1742;PROD_43;1;1
CORD_ORD_1742;PROD_44;1;1
CORD_ORD_1742;PROD_47;1;1
CORD_ORD_1742;PROD_5;1;1
CORD_ORD_1742;PROD_7;1;1
CORD_ORD_1742;PROD_9;1;1
CORD_ORD_1743;PROD_10;1;1
CORD_ORD_1743;PROD_15;1;1
CORD_ORD_1743;PROD_22;1;1
CORD_ORD_1743;PROD_28;1;1
CORD_ORD_1743;PROD_29;1;1
CORD_ORD_1743;PROD_31;1;1
CORD_ORD_1743;PROD_32;1;1
CORD_ORD_1743;PROD_34;1;1
CORD_ORD_1743;PROD_38;1;1
CORD_ORD_1743;PROD_4;1;1
CORD_ORD_1743;PROD_43;1;1
CORD_ORD_1743;PROD_5;1;1
CORD_ORD_1743;PROD_50;1;1
CORD_ORD_1743;PROD_6;1;1
CORD_ORD_1744;PROD_1;1;1
CORD_ORD_1744;PROD_12;1;1
CORD_ORD_1744;PROD_16;1;1
CORD_ORD_1744;PROD_18;1;1
CORD_ORD_1744;PROD_19;1;1
CORD_ORD_1744;PROD_2;1;1
CORD_ORD_1744;PROD_22;1;1
CORD_ORD_1744;PROD_25;1;1
CORD_ORD_1744;PROD_26;1;1
CORD_ORD_1744;PROD_27;1;1
CORD_ORD_1744;PROD_28;1;1
CORD_ORD_1744;PROD_3;1;1
CORD_ORD_1744;PROD_34;1;1
CORD_ORD_1744;PROD_35;1;1
CORD_ORD_1744;PROD_45;1;1
CORD_ORD_1744;PROD_49;1;1
CORD_ORD_1744;PROD_5;1;1
CORD_ORD_1744;PROD_7;1;1
CORD_ORD_1745;PROD_10;1;1
CORD_ORD_1745;PROD_11;1;1
CORD_ORD_1745;PROD_12;1;1
CORD_ORD_1745;PROD_13;1;1
CORD_ORD_1745;PROD_22;1;1
CORD_ORD_1745;PROD_23;1;1
CORD_ORD_1745;PROD_26;1;1
CORD_ORD_1745;PROD_28;1;1
CORD_ORD_1745;PROD_30;1;1
CORD_ORD_1745;PROD_33;1;1
CORD_ORD_1745;PROD_34;1;1
CORD_ORD_1745;PROD_36;1;1
CORD_ORD_1745;PROD_38;1;1
CORD_ORD_1745;PROD_4;1;1
CORD_ORD_1745;PROD_40;1;1
CORD_ORD_1745;PROD_42;1;1
CORD_ORD_1745;PROD_43;1;1
CORD_ORD_1745;PROD_46;1;1
CORD_ORD_1745;PROD_47;1;1
CORD_ORD_1745;PROD_48;1;1
CORD_ORD_1745;PROD_5;1;1
CORD_ORD_1745;PROD_8;1;1
CORD_ORD_1746;PROD_1;1;1
CORD_ORD_1746;PROD_10;1;1
CORD_ORD_1746;PROD_13;1;1
CORD_ORD_1746;PROD_15;1;1
CORD_ORD_1746;PROD_19;1;1
CORD_ORD_1746;PROD_23;1;1
CORD_ORD_1746;PROD_29;1;1
CORD_ORD_1746;PROD_3;1;1
CORD_ORD_1746;PROD_31;1;1
CORD_ORD_1746;PROD_32;1;1
CORD_ORD_1746;PROD_33;1;1
CORD_ORD_1746;PROD_38;1;1
CORD_ORD_1746;PROD_4;1;1
CORD_ORD_1746;PROD_40;1;1
CORD_ORD_1746;PROD_42;1;1
CORD_ORD_1746;PROD_43;1;1
CORD_ORD_1746;PROD_45;1;1
CORD_ORD_1746;PROD_47;1;1
CORD_ORD_1747;PROD_1;1;1
CORD_ORD_1747;PROD_10;1;1
CORD_ORD_1747;PROD_3;1;1
CORD_ORD_1747;PROD_30;1;1
CORD_ORD_1747;PROD_36;1;1
CORD_ORD_1747;PROD_43;1;1
CORD_ORD_1747;PROD_46;1;1
CORD_ORD_1747;PROD_8;1;1
CORD_ORD_1748;PROD_11;1;1
CORD_ORD_1748;PROD_12;1;1
CORD_ORD_1748;PROD_15;1;1
CORD_ORD_1748;PROD_21;1;1
CORD_ORD_1748;PROD_24;1;1
CORD_ORD_1748;PROD_26;1;1
CORD_ORD_1748;PROD_27;1;1
CORD_ORD_1748;PROD_32;1;1
CORD_ORD_1748;PROD_48;1;1
CORD_ORD_1748;PROD_49;1;1
CORD_ORD_1749;PROD_10;1;1
CORD_ORD_1749;PROD_15;1;1
CORD_ORD_1749;PROD_20;1;1
CORD_ORD_1749;PROD_22;1;1
CORD_ORD_1749;PROD_27;1;1
CORD_ORD_1749;PROD_28;1;1
CORD_ORD_1749;PROD_29;1;1
CORD_ORD_1749;PROD_31;1;1
CORD_ORD_1749;PROD_32;1;1
CORD_ORD_1749;PROD_34;1;1
CORD_ORD_1749;PROD_38;1;1
CORD_ORD_1749;PROD_39;1;1
CORD_ORD_1749;PROD_4;1;1
CORD_ORD_1749;PROD_43;1;1
CORD_ORD_1749;PROD_49;1;1
CORD_ORD_1749;PROD_5;1;1
CORD_ORD_1749;PROD_50;1;1
CORD_ORD_1749;PROD_6;1;1
CORD_ORD_1750;PROD_1;1;1
CORD_ORD_1750;PROD_18;1;1
CORD_ORD_1750;PROD_2;1;1
CORD_ORD_1750;PROD_20;1;1
CORD_ORD_1750;PROD_3;1;1
CORD_ORD_1750;PROD_30;1;1
CORD_ORD_1750;PROD_36;1;1
CORD_ORD_1750;PROD_37;1;1
CORD_ORD_1750;PROD_38;1;1
CORD_ORD_1750;PROD_39;1;1
CORD_ORD_1750;PROD_4;1;1
CORD_ORD_1750;PROD_44;1;1
CORD_ORD_1750;PROD_46;1;1
CORD_ORD_1750;PROD_8;1;1
CORD_ORD_1751;PROD_1;1;1
CORD_ORD_1751;PROD_10;1;1
CORD_ORD_1751;PROD_11;1;1
CORD_ORD_1751;PROD_15;1;1
CORD_ORD_1751;PROD_16;1;1
CORD_ORD_1751;PROD_22;1;1
CORD_ORD_1751;PROD_23;1;1
CORD_ORD_1751;PROD_25;1;1
CORD_ORD_1751;PROD_27;1;1
CORD_ORD_1751;PROD_28;1;1
CORD_ORD_1751;PROD_29;1;1
CORD_ORD_1751;PROD_3;1;1
CORD_ORD_1751;PROD_31;1;1
CORD_ORD_1751;PROD_32;1;1
CORD_ORD_1751;PROD_40;1;1
CORD_ORD_1751;PROD_42;1;1
CORD_ORD_1751;PROD_43;1;1
CORD_ORD_1751;PROD_47;1;1
CORD_ORD_1751;PROD_48;1;1
CORD_ORD_1751;PROD_49;1;1
CORD_ORD_1751;PROD_50;1;1
CORD_ORD_1751;PROD_6;1;1
CORD_ORD_1752;PROD_10;1;1
CORD_ORD_1752;PROD_15;1;1
CORD_ORD_1752;PROD_29;1;1
CORD_ORD_1752;PROD_30;1;1
CORD_ORD_1752;PROD_31;1;1
CORD_ORD_1752;PROD_32;1;1
CORD_ORD_1752;PROD_34;1;1
CORD_ORD_1752;PROD_43;1;1
CORD_ORD_1752;PROD_5;1;1
CORD_ORD_1752;PROD_8;1;1
CORD_ORD_1753;PROD_10;1;1
CORD_ORD_1753;PROD_14;1;1
CORD_ORD_1753;PROD_20;1;1
CORD_ORD_1753;PROD_30;1;1
CORD_ORD_1753;PROD_35;1;1
CORD_ORD_1753;PROD_39;1;1
CORD_ORD_1753;PROD_43;1;1
CORD_ORD_1753;PROD_7;1;1
CORD_ORD_1753;PROD_8;1;1
CORD_ORD_1753;PROD_9;1;1
CORD_ORD_1754;PROD_1;1;1
CORD_ORD_1754;PROD_10;1;1
CORD_ORD_1754;PROD_12;1;1
CORD_ORD_1754;PROD_13;1;1
CORD_ORD_1754;PROD_15;1;1
CORD_ORD_1754;PROD_20;1;1
CORD_ORD_1754;PROD_21;1;1
CORD_ORD_1754;PROD_23;1;1
CORD_ORD_1754;PROD_24;1;1
CORD_ORD_1754;PROD_26;1;1
CORD_ORD_1754;PROD_3;1;1
CORD_ORD_1754;PROD_32;1;1
CORD_ORD_1754;PROD_33;1;1
CORD_ORD_1754;PROD_37;1;1
CORD_ORD_1754;PROD_39;1;1
CORD_ORD_1754;PROD_42;1;1
CORD_ORD_1754;PROD_43;1;1
CORD_ORD_1754;PROD_44;1;1
CORD_ORD_1755;PROD_10;1;1
CORD_ORD_1755;PROD_11;1;1
CORD_ORD_1755;PROD_14;1;1
CORD_ORD_1755;PROD_17;1;1
CORD_ORD_1755;PROD_29;1;1
CORD_ORD_1755;PROD_30;1;1
CORD_ORD_1755;PROD_31;1;1
CORD_ORD_1755;PROD_35;1;1
CORD_ORD_1755;PROD_38;1;1
CORD_ORD_1755;PROD_4;1;1
CORD_ORD_1755;PROD_41;1;1
CORD_ORD_1755;PROD_43;1;1
CORD_ORD_1755;PROD_48;1;1
CORD_ORD_1755;PROD_7;1;1
CORD_ORD_1755;PROD_8;1;1
CORD_ORD_1755;PROD_9;1;1
CORD_ORD_1756;PROD_10;1;1
CORD_ORD_1756;PROD_11;1;1
CORD_ORD_1756;PROD_13;1;1
CORD_ORD_1756;PROD_14;1;1
CORD_ORD_1756;PROD_16;1;1
CORD_ORD_1756;PROD_19;1;1
CORD_ORD_1756;PROD_21;1;1
CORD_ORD_1756;PROD_24;1;1
CORD_ORD_1756;PROD_25;1;1
CORD_ORD_1756;PROD_29;1;1
CORD_ORD_1756;PROD_31;1;1
CORD_ORD_1756;PROD_33;1;1
CORD_ORD_1756;PROD_35;1;1
CORD_ORD_1756;PROD_37;1;1
CORD_ORD_1756;PROD_43;1;1
CORD_ORD_1756;PROD_44;1;1
CORD_ORD_1756;PROD_45;1;1
CORD_ORD_1756;PROD_48;1;1
CORD_ORD_1756;PROD_7;1;1
CORD_ORD_1756;PROD_9;1;1
CORD_ORD_1757;PROD_11;1;1
CORD_ORD_1757;PROD_12;1;1
CORD_ORD_1757;PROD_13;1;1
CORD_ORD_1757;PROD_16;1;1
CORD_ORD_1757;PROD_17;1;1
CORD_ORD_1757;PROD_19;1;1
CORD_ORD_1757;PROD_20;1;1
CORD_ORD_1757;PROD_25;1;1
CORD_ORD_1757;PROD_26;1;1
CORD_ORD_1757;PROD_29;1;1
CORD_ORD_1757;PROD_30;1;1
CORD_ORD_1757;PROD_31;1;1
CORD_ORD_1757;PROD_33;1;1
CORD_ORD_1757;PROD_36;1;1
CORD_ORD_1757;PROD_37;1;1
CORD_ORD_1757;PROD_39;1;1
CORD_ORD_1757;PROD_41;1;1
CORD_ORD_1757;PROD_44;1;1
CORD_ORD_1757;PROD_45;1;1
CORD_ORD_1757;PROD_46;1;1
CORD_ORD_1757;PROD_48;1;1
CORD_ORD_1757;PROD_50;1;1
CORD_ORD_1757;PROD_6;1;1
CORD_ORD_1757;PROD_8;1;1
CORD_ORD_1758;PROD_10;1;1
CORD_ORD_1758;PROD_13;1;1
CORD_ORD_1758;PROD_14;1;1
CORD_ORD_1758;PROD_16;1;1
CORD_ORD_1758;PROD_19;1;1
CORD_ORD_1758;PROD_23;1;1
CORD_ORD_1758;PROD_25;1;1
CORD_ORD_1758;PROD_29;1;1
CORD_ORD_1758;PROD_31;1;1
CORD_ORD_1758;PROD_33;1;1
CORD_ORD_1758;PROD_34;1;1
CORD_ORD_1758;PROD_35;1;1
CORD_ORD_1758;PROD_36;1;1
CORD_ORD_1758;PROD_42;1;1
CORD_ORD_1758;PROD_43;1;1
CORD_ORD_1758;PROD_45;1;1
CORD_ORD_1758;PROD_46;1;1
CORD_ORD_1758;PROD_5;1;1
CORD_ORD_1758;PROD_7;1;1
CORD_ORD_1758;PROD_9;1;1
CORD_ORD_1759;PROD_10;1;1
CORD_ORD_1759;PROD_11;1;1
CORD_ORD_1759;PROD_14;1;1
CORD_ORD_1759;PROD_21;1;1
CORD_ORD_1759;PROD_22;1;1
CORD_ORD_1759;PROD_24;1;1
CORD_ORD_1759;PROD_28;1;1
CORD_ORD_1759;PROD_35;1;1
CORD_ORD_1759;PROD_37;1;1
CORD_ORD_1759;PROD_43;1;1
CORD_ORD_1759;PROD_44;1;1
CORD_ORD_1759;PROD_48;1;1
CORD_ORD_1759;PROD_7;1;1
CORD_ORD_1759;PROD_9;1;1
CORD_ORD_1760;PROD_1;1;1
CORD_ORD_1760;PROD_10;1;1
CORD_ORD_1760;PROD_14;1;1
CORD_ORD_1760;PROD_16;1;1
CORD_ORD_1760;PROD_21;1;1
CORD_ORD_1760;PROD_22;1;1
CORD_ORD_1760;PROD_23;1;1
CORD_ORD_1760;PROD_24;1;1
CORD_ORD_1760;PROD_25;1;1
CORD_ORD_1760;PROD_28;1;1
CORD_ORD_1760;PROD_3;1;1
CORD_ORD_1760;PROD_34;1;1
CORD_ORD_1760;PROD_35;1;1
CORD_ORD_1760;PROD_36;1;1
CORD_ORD_1760;PROD_42;1;1
CORD_ORD_1760;PROD_43;1;1
CORD_ORD_1760;PROD_46;1;1
CORD_ORD_1760;PROD_5;1;1
CORD_ORD_1760;PROD_7;1;1
CORD_ORD_1760;PROD_9;1;1
CORD_ORD_1761;PROD_1;1;1
CORD_ORD_1761;PROD_10;1;1
CORD_ORD_1761;PROD_11;1;1
CORD_ORD_1761;PROD_12;1;1
CORD_ORD_1761;PROD_14;1;1
CORD_ORD_1761;PROD_19;1;1
CORD_ORD_1761;PROD_26;1;1
CORD_ORD_1761;PROD_29;1;1
CORD_ORD_1761;PROD_3;1;1
CORD_ORD_1761;PROD_30;1;1
CORD_ORD_1761;PROD_31;1;1
CORD_ORD_1761;PROD_35;1;1
CORD_ORD_1761;PROD_43;1;1
CORD_ORD_1761;PROD_45;1;1
CORD_ORD_1761;PROD_48;1;1
CORD_ORD_1761;PROD_7;1;1
CORD_ORD_1761;PROD_8;1;1
CORD_ORD_1761;PROD_9;1;1
CORD_ORD_1762;PROD_11;1;1
CORD_ORD_1762;PROD_13;1;1
CORD_ORD_1762;PROD_15;1;1
CORD_ORD_1762;PROD_19;1;1
CORD_ORD_1762;PROD_27;1;1
CORD_ORD_1762;PROD_29;1;1
CORD_ORD_1762;PROD_31;1;1
CORD_ORD_1762;PROD_32;1;1
CORD_ORD_1762;PROD_33;1;1
CORD_ORD_1762;PROD_37;1;1
CORD_ORD_1762;PROD_44;1;1
CORD_ORD_1762;PROD_45;1;1
CORD_ORD_1762;PROD_48;1;1
CORD_ORD_1762;PROD_49;1;1
CORD_ORD_1763;PROD_12;1;1
CORD_ORD_1763;PROD_26;1;1
CORD_ORD_1763;PROD_30;1;1
CORD_ORD_1763;PROD_40;1;1
CORD_ORD_1763;PROD_47;1;1
CORD_ORD_1763;PROD_50;1;1
CORD_ORD_1763;PROD_6;1;1
CORD_ORD_1763;PROD_8;1;1
CORD_ORD_1764;PROD_11;1;1
CORD_ORD_1764;PROD_14;1;1
CORD_ORD_1764;PROD_15;1;1
CORD_ORD_1764;PROD_20;1;1
CORD_ORD_1764;PROD_21;1;1
CORD_ORD_1764;PROD_22;1;1
CORD_ORD_1764;PROD_24;1;1
CORD_ORD_1764;PROD_28;1;1
CORD_ORD_1764;PROD_29;1;1
CORD_ORD_1764;PROD_30;1;1
CORD_ORD_1764;PROD_31;1;1
CORD_ORD_1764;PROD_32;1;1
CORD_ORD_1764;PROD_34;1;1
CORD_ORD_1764;PROD_35;1;1
CORD_ORD_1764;PROD_36;1;1
CORD_ORD_1764;PROD_38;1;1
CORD_ORD_1764;PROD_39;1;1
CORD_ORD_1764;PROD_4;1;1
CORD_ORD_1764;PROD_46;1;1
CORD_ORD_1764;PROD_48;1;1
CORD_ORD_1764;PROD_5;1;1
CORD_ORD_1764;PROD_50;1;1
CORD_ORD_1764;PROD_6;1;1
CORD_ORD_1764;PROD_7;1;1
CORD_ORD_1764;PROD_8;1;1
CORD_ORD_1764;PROD_9;1;1
CORD_ORD_1765;PROD_1;1;1
CORD_ORD_1765;PROD_10;1;1
CORD_ORD_1765;PROD_13;1;1
CORD_ORD_1765;PROD_17;1;1
CORD_ORD_1765;PROD_22;1;1
CORD_ORD_1765;PROD_28;1;1
CORD_ORD_1765;PROD_3;1;1
CORD_ORD_1765;PROD_30;1;1
CORD_ORD_1765;PROD_33;1;1
CORD_ORD_1765;PROD_36;1;1
CORD_ORD_1765;PROD_40;1;1
CORD_ORD_1765;PROD_41;1;1
CORD_ORD_1765;PROD_43;1;1
CORD_ORD_1765;PROD_46;1;1
CORD_ORD_1765;PROD_47;1;1
CORD_ORD_1765;PROD_8;1;1
CORD_ORD_1766;PROD_11;1;1
CORD_ORD_1766;PROD_15;1;1
CORD_ORD_1766;PROD_27;1;1
CORD_ORD_1766;PROD_29;1;1
CORD_ORD_1766;PROD_31;1;1
CORD_ORD_1766;PROD_32;1;1
CORD_ORD_1766;PROD_34;1;1
CORD_ORD_1766;PROD_48;1;1
CORD_ORD_1766;PROD_49;1;1
CORD_ORD_1766;PROD_5;1;1
CORD_ORD_1767;PROD_10;1;1
CORD_ORD_1767;PROD_11;1;1
CORD_ORD_1767;PROD_15;1;1
CORD_ORD_1767;PROD_17;1;1
CORD_ORD_1767;PROD_18;1;1
CORD_ORD_1767;PROD_19;1;1
CORD_ORD_1767;PROD_2;1;1
CORD_ORD_1767;PROD_22;1;1
CORD_ORD_1767;PROD_28;1;1
CORD_ORD_1767;PROD_29;1;1
CORD_ORD_1767;PROD_31;1;1
CORD_ORD_1767;PROD_32;1;1
CORD_ORD_1767;PROD_34;1;1
CORD_ORD_1767;PROD_37;1;1
CORD_ORD_1767;PROD_38;1;1
CORD_ORD_1767;PROD_4;1;1
CORD_ORD_1767;PROD_41;1;1
CORD_ORD_1767;PROD_43;1;1
CORD_ORD_1767;PROD_44;1;1
CORD_ORD_1767;PROD_45;1;1
CORD_ORD_1767;PROD_48;1;1
CORD_ORD_1767;PROD_5;1;1
CORD_ORD_1768;PROD_10;1;1
CORD_ORD_1768;PROD_11;1;1
CORD_ORD_1768;PROD_12;1;1
CORD_ORD_1768;PROD_15;1;1
CORD_ORD_1768;PROD_16;1;1
CORD_ORD_1768;PROD_17;1;1
CORD_ORD_1768;PROD_19;1;1
CORD_ORD_1768;PROD_20;1;1
CORD_ORD_1768;PROD_25;1;1
CORD_ORD_1768;PROD_26;1;1
CORD_ORD_1768;PROD_29;1;1
CORD_ORD_1768;PROD_31;1;1
CORD_ORD_1768;PROD_32;1;1
CORD_ORD_1768;PROD_37;1;1
CORD_ORD_1768;PROD_38;1;1
CORD_ORD_1768;PROD_39;1;1
CORD_ORD_1768;PROD_4;1;1
CORD_ORD_1768;PROD_41;1;1
CORD_ORD_1768;PROD_43;1;1
CORD_ORD_1768;PROD_44;1;1
CORD_ORD_1768;PROD_45;1;1
CORD_ORD_1768;PROD_48;1;1
CORD_ORD_1769;PROD_12;1;1
CORD_ORD_1769;PROD_14;1;1
CORD_ORD_1769;PROD_18;1;1
CORD_ORD_1769;PROD_2;1;1
CORD_ORD_1769;PROD_26;1;1
CORD_ORD_1769;PROD_38;1;1
CORD_ORD_1769;PROD_4;1;1
CORD_ORD_1769;PROD_9;1;1
CORD_ORD_1770;PROD_1;1;1
CORD_ORD_1770;PROD_10;1;1
CORD_ORD_1770;PROD_15;1;1
CORD_ORD_1770;PROD_29;1;1
CORD_ORD_1770;PROD_3;1;1
CORD_ORD_1770;PROD_30;1;1
CORD_ORD_1770;PROD_31;1;1
CORD_ORD_1770;PROD_32;1;1
CORD_ORD_1770;PROD_36;1;1
CORD_ORD_1770;PROD_38;1;1
CORD_ORD_1770;PROD_4;1;1
CORD_ORD_1770;PROD_40;1;1
CORD_ORD_1770;PROD_43;1;1
CORD_ORD_1770;PROD_46;1;1
CORD_ORD_1770;PROD_47;1;1
CORD_ORD_1770;PROD_8;1;1
CORD_ORD_1771;PROD_10;1;1
CORD_ORD_1771;PROD_11;1;1
CORD_ORD_1771;PROD_17;1;1
CORD_ORD_1771;PROD_21;1;1
CORD_ORD_1771;PROD_24;1;1
CORD_ORD_1771;PROD_34;1;1
CORD_ORD_1771;PROD_35;1;1
CORD_ORD_1771;PROD_41;1;1
CORD_ORD_1771;PROD_43;1;1
CORD_ORD_1771;PROD_48;1;1
CORD_ORD_1771;PROD_5;1;1
CORD_ORD_1771;PROD_7;1;1
CORD_ORD_1772;PROD_12;1;1
CORD_ORD_1772;PROD_15;1;1
CORD_ORD_1772;PROD_17;1;1
CORD_ORD_1772;PROD_21;1;1
CORD_ORD_1772;PROD_24;1;1
CORD_ORD_1772;PROD_26;1;1
CORD_ORD_1772;PROD_30;1;1
CORD_ORD_1772;PROD_32;1;1
CORD_ORD_1772;PROD_34;1;1
CORD_ORD_1772;PROD_35;1;1
CORD_ORD_1772;PROD_41;1;1
CORD_ORD_1772;PROD_5;1;1
CORD_ORD_1772;PROD_50;1;1
CORD_ORD_1772;PROD_6;1;1
CORD_ORD_1772;PROD_7;1;1
CORD_ORD_1772;PROD_8;1;1
CORD_ORD_1773;PROD_10;1;1
CORD_ORD_1773;PROD_11;1;1
CORD_ORD_1773;PROD_15;1;1
CORD_ORD_1773;PROD_27;1;1
CORD_ORD_1773;PROD_29;1;1
CORD_ORD_1773;PROD_31;1;1
CORD_ORD_1773;PROD_32;1;1
CORD_ORD_1773;PROD_43;1;1
CORD_ORD_1773;PROD_48;1;1
CORD_ORD_1773;PROD_49;1;1
CORD_ORD_1774;PROD_1;1;1
CORD_ORD_1774;PROD_10;1;1
CORD_ORD_1774;PROD_11;1;1
CORD_ORD_1774;PROD_15;1;1
CORD_ORD_1774;PROD_20;1;1
CORD_ORD_1774;PROD_21;1;1
CORD_ORD_1774;PROD_23;1;1
CORD_ORD_1774;PROD_24;1;1
CORD_ORD_1774;PROD_29;1;1
CORD_ORD_1774;PROD_3;1;1
CORD_ORD_1774;PROD_30;1;1
CORD_ORD_1774;PROD_31;1;1
CORD_ORD_1774;PROD_32;1;1
CORD_ORD_1774;PROD_35;1;1
CORD_ORD_1774;PROD_36;1;1
CORD_ORD_1774;PROD_37;1;1
CORD_ORD_1774;PROD_38;1;1
CORD_ORD_1774;PROD_39;1;1
CORD_ORD_1774;PROD_4;1;1
CORD_ORD_1774;PROD_40;1;1
CORD_ORD_1774;PROD_42;1;1
CORD_ORD_1774;PROD_43;1;1
CORD_ORD_1774;PROD_44;1;1
CORD_ORD_1774;PROD_46;1;1
CORD_ORD_1774;PROD_47;1;1
CORD_ORD_1774;PROD_48;1;1
CORD_ORD_1774;PROD_7;1;1
CORD_ORD_1774;PROD_8;1;1
CORD_ORD_1775;PROD_10;1;1
CORD_ORD_1775;PROD_11;1;1
CORD_ORD_1775;PROD_15;1;1
CORD_ORD_1775;PROD_22;1;1
CORD_ORD_1775;PROD_28;1;1
CORD_ORD_1775;PROD_32;1;1
CORD_ORD_1775;PROD_37;1;1
CORD_ORD_1775;PROD_43;1;1
CORD_ORD_1775;PROD_44;1;1
CORD_ORD_1775;PROD_48;1;1
CORD_ORD_1776;PROD_1;1;1
CORD_ORD_1776;PROD_12;1;1
CORD_ORD_1776;PROD_13;1;1
CORD_ORD_1776;PROD_15;1;1
CORD_ORD_1776;PROD_18;1;1
CORD_ORD_1776;PROD_2;1;1
CORD_ORD_1776;PROD_21;1;1
CORD_ORD_1776;PROD_23;1;1
CORD_ORD_1776;PROD_24;1;1
CORD_ORD_1776;PROD_26;1;1
CORD_ORD_1776;PROD_3;1;1
CORD_ORD_1776;PROD_30;1;1
CORD_ORD_1776;PROD_32;1;1
CORD_ORD_1776;PROD_33;1;1
CORD_ORD_1776;PROD_35;1;1
CORD_ORD_1776;PROD_36;1;1
CORD_ORD_1776;PROD_37;1;1
CORD_ORD_1776;PROD_42;1;1
CORD_ORD_1776;PROD_44;1;1
CORD_ORD_1776;PROD_46;1;1
CORD_ORD_1776;PROD_7;1;1
CORD_ORD_1776;PROD_8;1;1
CORD_ORD_1777;PROD_11;1;1
CORD_ORD_1777;PROD_21;1;1
CORD_ORD_1777;PROD_23;1;1
CORD_ORD_1777;PROD_24;1;1
CORD_ORD_1777;PROD_37;1;1
CORD_ORD_1777;PROD_42;1;1
CORD_ORD_1777;PROD_44;1;1
CORD_ORD_1777;PROD_48;1;1
CORD_ORD_1778;PROD_10;1;1
CORD_ORD_1778;PROD_11;1;1
CORD_ORD_1778;PROD_14;1;1
CORD_ORD_1778;PROD_15;1;1
CORD_ORD_1778;PROD_19;1;1
CORD_ORD_1778;PROD_20;1;1
CORD_ORD_1778;PROD_21;1;1
CORD_ORD_1778;PROD_24;1;1
CORD_ORD_1778;PROD_27;1;1
CORD_ORD_1778;PROD_32;1;1
CORD_ORD_1778;PROD_36;1;1
CORD_ORD_1778;PROD_39;1;1
CORD_ORD_1778;PROD_43;1;1
CORD_ORD_1778;PROD_45;1;1
CORD_ORD_1778;PROD_46;1;1
CORD_ORD_1778;PROD_48;1;1
CORD_ORD_1778;PROD_49;1;1
CORD_ORD_1778;PROD_9;1;1
CORD_ORD_1779;PROD_10;1;1
CORD_ORD_1779;PROD_11;1;1
CORD_ORD_1779;PROD_20;1;1
CORD_ORD_1779;PROD_22;1;1
CORD_ORD_1779;PROD_28;1;1
CORD_ORD_1779;PROD_30;1;1
CORD_ORD_1779;PROD_37;1;1
CORD_ORD_1779;PROD_39;1;1
CORD_ORD_1779;PROD_43;1;1
CORD_ORD_1779;PROD_44;1;1
CORD_ORD_1779;PROD_48;1;1
CORD_ORD_1779;PROD_8;1;1
CORD_ORD_1780;PROD_1;1;1
CORD_ORD_1780;PROD_15;1;1
CORD_ORD_1780;PROD_16;1;1
CORD_ORD_1780;PROD_19;1;1
CORD_ORD_1780;PROD_22;1;1
CORD_ORD_1780;PROD_23;1;1
CORD_ORD_1780;PROD_25;1;1
CORD_ORD_1780;PROD_28;1;1
CORD_ORD_1780;PROD_29;1;1
CORD_ORD_1780;PROD_3;1;1
CORD_ORD_1780;PROD_30;1;1
CORD_ORD_1780;PROD_31;1;1
CORD_ORD_1780;PROD_32;1;1
CORD_ORD_1780;PROD_38;1;1
CORD_ORD_1780;PROD_4;1;1
CORD_ORD_1780;PROD_40;1;1
CORD_ORD_1780;PROD_42;1;1
CORD_ORD_1780;PROD_45;1;1
CORD_ORD_1780;PROD_47;1;1
CORD_ORD_1780;PROD_50;1;1
CORD_ORD_1780;PROD_6;1;1
CORD_ORD_1780;PROD_8;1;1
CORD_ORD_1781;PROD_1;1;1
CORD_ORD_1781;PROD_10;1;1
CORD_ORD_1781;PROD_12;1;1
CORD_ORD_1781;PROD_15;1;1
CORD_ORD_1781;PROD_26;1;1
CORD_ORD_1781;PROD_29;1;1
CORD_ORD_1781;PROD_3;1;1
CORD_ORD_1781;PROD_30;1;1
CORD_ORD_1781;PROD_31;1;1
CORD_ORD_1781;PROD_32;1;1
CORD_ORD_1781;PROD_38;1;1
CORD_ORD_1781;PROD_4;1;1
CORD_ORD_1781;PROD_40;1;1
CORD_ORD_1781;PROD_43;1;1
CORD_ORD_1781;PROD_47;1;1
CORD_ORD_1781;PROD_50;1;1
CORD_ORD_1781;PROD_6;1;1
CORD_ORD_1781;PROD_8;1;1
CORD_ORD_1782;PROD_1;1;1
CORD_ORD_1782;PROD_13;1;1
CORD_ORD_1782;PROD_18;1;1
CORD_ORD_1782;PROD_2;1;1
CORD_ORD_1782;PROD_3;1;1
CORD_ORD_1782;PROD_33;1;1
CORD_ORD_1782;PROD_36;1;1
CORD_ORD_1782;PROD_37;1;1
CORD_ORD_1782;PROD_44;1;1
CORD_ORD_1782;PROD_46;1;1
CORD_ORD_1783;PROD_1;1;1
CORD_ORD_1783;PROD_13;1;1
CORD_ORD_1783;PROD_15;1;1
CORD_ORD_1783;PROD_18;1;1
CORD_ORD_1783;PROD_19;1;1
CORD_ORD_1783;PROD_2;1;1
CORD_ORD_1783;PROD_22;1;1
CORD_ORD_1783;PROD_27;1;1
CORD_ORD_1783;PROD_28;1;1
CORD_ORD_1783;PROD_3;1;1
CORD_ORD_1783;PROD_32;1;1
CORD_ORD_1783;PROD_33;1;1
CORD_ORD_1783;PROD_36;1;1
CORD_ORD_1783;PROD_37;1;1
CORD_ORD_1783;PROD_38;1;1
CORD_ORD_1783;PROD_4;1;1
CORD_ORD_1783;PROD_44;1;1
CORD_ORD_1783;PROD_45;1;1
CORD_ORD_1783;PROD_46;1;1
CORD_ORD_1783;PROD_49;1;1
CORD_ORD_1784;PROD_10;1;1
CORD_ORD_1784;PROD_11;1;1
CORD_ORD_1784;PROD_22;1;1
CORD_ORD_1784;PROD_28;1;1
CORD_ORD_1784;PROD_29;1;1
CORD_ORD_1784;PROD_30;1;1
CORD_ORD_1784;PROD_31;1;1
CORD_ORD_1784;PROD_37;1;1
CORD_ORD_1784;PROD_43;1;1
CORD_ORD_1784;PROD_44;1;1
CORD_ORD_1784;PROD_48;1;1
CORD_ORD_1784;PROD_8;1;1
CORD_ORD_1785;PROD_10;1;1
CORD_ORD_1785;PROD_11;1;1
CORD_ORD_1785;PROD_13;1;1
CORD_ORD_1785;PROD_17;1;1
CORD_ORD_1785;PROD_21;1;1
CORD_ORD_1785;PROD_24;1;1
CORD_ORD_1785;PROD_29;1;1
CORD_ORD_1785;PROD_31;1;1
CORD_ORD_1785;PROD_33;1;1
CORD_ORD_1785;PROD_34;1;1
CORD_ORD_1785;PROD_38;1;1
CORD_ORD_1785;PROD_4;1;1
CORD_ORD_1785;PROD_41;1;1
CORD_ORD_1785;PROD_43;1;1
CORD_ORD_1785;PROD_48;1;1
CORD_ORD_1785;PROD_5;1;1
CORD_ORD_1786;PROD_11;1;1
CORD_ORD_1786;PROD_12;1;1
CORD_ORD_1786;PROD_13;1;1
CORD_ORD_1786;PROD_14;1;1
CORD_ORD_1786;PROD_15;1;1
CORD_ORD_1786;PROD_16;1;1
CORD_ORD_1786;PROD_21;1;1
CORD_ORD_1786;PROD_24;1;1
CORD_ORD_1786;PROD_25;1;1
CORD_ORD_1786;PROD_26;1;1
CORD_ORD_1786;PROD_30;1;1
CORD_ORD_1786;PROD_32;1;1
CORD_ORD_1786;PROD_33;1;1
CORD_ORD_1786;PROD_37;1;1
CORD_ORD_1786;PROD_44;1;1
CORD_ORD_1786;PROD_48;1;1
CORD_ORD_1786;PROD_50;1;1
CORD_ORD_1786;PROD_6;1;1
CORD_ORD_1786;PROD_8;1;1
CORD_ORD_1786;PROD_9;1;1
CORD_ORD_1787;PROD_13;1;1
CORD_ORD_1787;PROD_14;1;1
CORD_ORD_1787;PROD_17;1;1
CORD_ORD_1787;PROD_18;1;1
CORD_ORD_1787;PROD_2;1;1
CORD_ORD_1787;PROD_29;1;1
CORD_ORD_1787;PROD_30;1;1
CORD_ORD_1787;PROD_31;1;1
CORD_ORD_1787;PROD_33;1;1
CORD_ORD_1787;PROD_35;1;1
CORD_ORD_1787;PROD_36;1;1
CORD_ORD_1787;PROD_37;1;1
CORD_ORD_1787;PROD_41;1;1
CORD_ORD_1787;PROD_44;1;1
CORD_ORD_1787;PROD_46;1;1
CORD_ORD_1787;PROD_50;1;1
CORD_ORD_1787;PROD_6;1;1
CORD_ORD_1787;PROD_7;1;1
CORD_ORD_1787;PROD_8;1;1
CORD_ORD_1787;PROD_9;1;1
CORD_ORD_1788;PROD_1;1;1
CORD_ORD_1788;PROD_10;1;1
CORD_ORD_1788;PROD_11;1;1
CORD_ORD_1788;PROD_13;1;1
CORD_ORD_1788;PROD_16;1;1
CORD_ORD_1788;PROD_19;1;1
CORD_ORD_1788;PROD_22;1;1
CORD_ORD_1788;PROD_25;1;1
CORD_ORD_1788;PROD_28;1;1
CORD_ORD_1788;PROD_29;1;1
CORD_ORD_1788;PROD_3;1;1
CORD_ORD_1788;PROD_31;1;1
CORD_ORD_1788;PROD_33;1;1
CORD_ORD_1788;PROD_37;1;1
CORD_ORD_1788;PROD_43;1;1
CORD_ORD_1788;PROD_44;1;1
CORD_ORD_1788;PROD_45;1;1
CORD_ORD_1788;PROD_48;1;1
CORD_ORD_1789;PROD_19;1;1
CORD_ORD_1789;PROD_20;1;1
CORD_ORD_1789;PROD_21;1;1
CORD_ORD_1789;PROD_23;1;1
CORD_ORD_1789;PROD_24;1;1
CORD_ORD_1789;PROD_27;1;1
CORD_ORD_1789;PROD_37;1;1
CORD_ORD_1789;PROD_39;1;1
CORD_ORD_1789;PROD_40;1;1
CORD_ORD_1789;PROD_42;1;1
CORD_ORD_1789;PROD_44;1;1
CORD_ORD_1789;PROD_45;1;1
CORD_ORD_1789;PROD_47;1;1
CORD_ORD_1789;PROD_49;1;1
CORD_ORD_1789;PROD_50;1;1
CORD_ORD_1789;PROD_6;1;1
CORD_ORD_1790;PROD_10;1;1
CORD_ORD_1790;PROD_11;1;1
CORD_ORD_1790;PROD_15;1;1
CORD_ORD_1790;PROD_17;1;1
CORD_ORD_1790;PROD_22;1;1
CORD_ORD_1790;PROD_27;1;1
CORD_ORD_1790;PROD_28;1;1
CORD_ORD_1790;PROD_29;1;1
CORD_ORD_1790;PROD_31;1;1
CORD_ORD_1790;PROD_32;1;1
CORD_ORD_1790;PROD_41;1;1
CORD_ORD_1790;PROD_43;1;1
CORD_ORD_1790;PROD_48;1;1
CORD_ORD_1790;PROD_49;1;1
CORD_ORD_1790;PROD_50;1;1
CORD_ORD_1790;PROD_6;1;1
CORD_ORD_1791;PROD_1;1;1
CORD_ORD_1791;PROD_10;1;1
CORD_ORD_1791;PROD_15;1;1
CORD_ORD_1791;PROD_16;1;1
CORD_ORD_1791;PROD_19;1;1
CORD_ORD_1791;PROD_25;1;1
CORD_ORD_1791;PROD_27;1;1
CORD_ORD_1791;PROD_3;1;1
CORD_ORD_1791;PROD_30;1;1
CORD_ORD_1791;PROD_32;1;1
CORD_ORD_1791;PROD_36;1;1
CORD_ORD_1791;PROD_38;1;1
CORD_ORD_1791;PROD_4;1;1
CORD_ORD_1791;PROD_43;1;1
CORD_ORD_1791;PROD_45;1;1
CORD_ORD_1791;PROD_46;1;1
CORD_ORD_1791;PROD_49;1;1
CORD_ORD_1791;PROD_50;1;1
CORD_ORD_1791;PROD_6;1;1
CORD_ORD_1791;PROD_8;1;1
CORD_ORD_1792;PROD_1;1;1
CORD_ORD_1792;PROD_10;1;1
CORD_ORD_1792;PROD_15;1;1
CORD_ORD_1792;PROD_20;1;1
CORD_ORD_1792;PROD_3;1;1
CORD_ORD_1792;PROD_30;1;1
CORD_ORD_1792;PROD_32;1;1
CORD_ORD_1792;PROD_36;1;1
CORD_ORD_1792;PROD_38;1;1
CORD_ORD_1792;PROD_39;1;1
CORD_ORD_1792;PROD_4;1;1
CORD_ORD_1792;PROD_43;1;1
CORD_ORD_1792;PROD_46;1;1
CORD_ORD_1792;PROD_8;1;1
CORD_ORD_1793;PROD_1;1;1
CORD_ORD_1793;PROD_10;1;1
CORD_ORD_1793;PROD_15;1;1
CORD_ORD_1793;PROD_17;1;1
CORD_ORD_1793;PROD_23;1;1
CORD_ORD_1793;PROD_29;1;1
CORD_ORD_1793;PROD_3;1;1
CORD_ORD_1793;PROD_31;1;1
CORD_ORD_1793;PROD_32;1;1
CORD_ORD_1793;PROD_40;1;1
CORD_ORD_1793;PROD_41;1;1
CORD_ORD_1793;PROD_42;1;1
CORD_ORD_1793;PROD_43;1;1
CORD_ORD_1793;PROD_47;1;1
CORD_ORD_1794;PROD_11;1;1
CORD_ORD_1794;PROD_13;1;1
CORD_ORD_1794;PROD_14;1;1
CORD_ORD_1794;PROD_15;1;1
CORD_ORD_1794;PROD_17;1;1
CORD_ORD_1794;PROD_18;1;1
CORD_ORD_1794;PROD_2;1;1
CORD_ORD_1794;PROD_21;1;1
CORD_ORD_1794;PROD_22;1;1
CORD_ORD_1794;PROD_24;1;1
CORD_ORD_1794;PROD_28;1;1
CORD_ORD_1794;PROD_32;1;1
CORD_ORD_1794;PROD_33;1;1
CORD_ORD_1794;PROD_37;1;1
CORD_ORD_1794;PROD_41;1;1
CORD_ORD_1794;PROD_44;1;1
CORD_ORD_1794;PROD_48;1;1
CORD_ORD_1794;PROD_9;1;1
CORD_ORD_1795;PROD_11;1;1
CORD_ORD_1795;PROD_12;1;1
CORD_ORD_1795;PROD_18;1;1
CORD_ORD_1795;PROD_2;1;1
CORD_ORD_1795;PROD_23;1;1
CORD_ORD_1795;PROD_26;1;1
CORD_ORD_1795;PROD_34;1;1
CORD_ORD_1795;PROD_35;1;1
CORD_ORD_1795;PROD_38;1;1
CORD_ORD_1795;PROD_4;1;1
CORD_ORD_1795;PROD_40;1;1
CORD_ORD_1795;PROD_42;1;1
CORD_ORD_1795;PROD_47;1;1
CORD_ORD_1795;PROD_48;1;1
CORD_ORD_1795;PROD_5;1;1
CORD_ORD_1795;PROD_50;1;1
CORD_ORD_1795;PROD_6;1;1
CORD_ORD_1795;PROD_7;1;1
CORD_ORD_1796;PROD_15;1;1
CORD_ORD_1796;PROD_16;1;1
CORD_ORD_1796;PROD_19;1;1
CORD_ORD_1796;PROD_25;1;1
CORD_ORD_1796;PROD_32;1;1
CORD_ORD_1796;PROD_34;1;1
CORD_ORD_1796;PROD_35;1;1
CORD_ORD_1796;PROD_45;1;1
CORD_ORD_1796;PROD_5;1;1
CORD_ORD_1796;PROD_7;1;1
CORD_ORD_1797;PROD_16;1;1
CORD_ORD_1797;PROD_18;1;1
CORD_ORD_1797;PROD_19;1;1
CORD_ORD_1797;PROD_2;1;1
CORD_ORD_1797;PROD_21;1;1
CORD_ORD_1797;PROD_23;1;1
CORD_ORD_1797;PROD_24;1;1
CORD_ORD_1797;PROD_25;1;1
CORD_ORD_1797;PROD_27;1;1
CORD_ORD_1797;PROD_30;1;1
CORD_ORD_1797;PROD_35;1;1
CORD_ORD_1797;PROD_37;1;1
CORD_ORD_1797;PROD_42;1;1
CORD_ORD_1797;PROD_44;1;1
CORD_ORD_1797;PROD_45;1;1
CORD_ORD_1797;PROD_49;1;1
CORD_ORD_1797;PROD_7;1;1
CORD_ORD_1797;PROD_8;1;1
CORD_ORD_1798;PROD_10;1;1
CORD_ORD_1798;PROD_21;1;1
CORD_ORD_1798;PROD_23;1;1
CORD_ORD_1798;PROD_24;1;1
CORD_ORD_1798;PROD_29;1;1
CORD_ORD_1798;PROD_30;1;1
CORD_ORD_1798;PROD_31;1;1
CORD_ORD_1798;PROD_37;1;1
CORD_ORD_1798;PROD_42;1;1
CORD_ORD_1798;PROD_43;1;1
CORD_ORD_1798;PROD_44;1;1
CORD_ORD_1798;PROD_8;1;1
CORD_ORD_1799;PROD_1;1;1
CORD_ORD_1799;PROD_10;1;1
CORD_ORD_1799;PROD_12;1;1
CORD_ORD_1799;PROD_18;1;1
CORD_ORD_1799;PROD_2;1;1
CORD_ORD_1799;PROD_21;1;1
CORD_ORD_1799;PROD_23;1;1
CORD_ORD_1799;PROD_24;1;1
CORD_ORD_1799;PROD_26;1;1
CORD_ORD_1799;PROD_3;1;1
CORD_ORD_1799;PROD_36;1;1
CORD_ORD_1799;PROD_37;1;1
CORD_ORD_1799;PROD_42;1;1
CORD_ORD_1799;PROD_43;1;1
CORD_ORD_1799;PROD_44;1;1
CORD_ORD_1799;PROD_46;1;1
CORD_ORD_1800;PROD_10;1;1
CORD_ORD_1800;PROD_15;1;1
CORD_ORD_1800;PROD_17;1;1
CORD_ORD_1800;PROD_21;1;1
CORD_ORD_1800;PROD_23;1;1
CORD_ORD_1800;PROD_24;1;1
CORD_ORD_1800;PROD_29;1;1
CORD_ORD_1800;PROD_31;1;1
CORD_ORD_1800;PROD_32;1;1
CORD_ORD_1800;PROD_34;1;1
CORD_ORD_1800;PROD_36;1;1
CORD_ORD_1800;PROD_37;1;1
CORD_ORD_1800;PROD_38;1;1
CORD_ORD_1800;PROD_4;1;1
CORD_ORD_1800;PROD_40;1;1
CORD_ORD_1800;PROD_41;1;1
CORD_ORD_1800;PROD_42;1;1
CORD_ORD_1800;PROD_43;1;1
CORD_ORD_1800;PROD_44;1;1
CORD_ORD_1800;PROD_46;1;1
CORD_ORD_1800;PROD_47;1;1
CORD_ORD_1800;PROD_5;1;1
CORD_ORD_1801;PROD_10;1;1
CORD_ORD_1801;PROD_11;1;1
CORD_ORD_1801;PROD_15;1;1
CORD_ORD_1801;PROD_20;1;1
CORD_ORD_1801;PROD_21;1;1
CORD_ORD_1801;PROD_22;1;1
CORD_ORD_1801;PROD_24;1;1
CORD_ORD_1801;PROD_27;1;1
CORD_ORD_1801;PROD_28;1;1
CORD_ORD_1801;PROD_32;1;1
CORD_ORD_1801;PROD_37;1;1
CORD_ORD_1801;PROD_39;1;1
CORD_ORD_1801;PROD_43;1;1
CORD_ORD_1801;PROD_44;1;1
CORD_ORD_1801;PROD_48;1;1
CORD_ORD_1801;PROD_49;1;1
CORD_ORD_1802;PROD_10;1;1
CORD_ORD_1802;PROD_12;1;1
CORD_ORD_1802;PROD_14;1;1
CORD_ORD_1802;PROD_26;1;1
CORD_ORD_1802;PROD_35;1;1
CORD_ORD_1802;PROD_38;1;1
CORD_ORD_1802;PROD_4;1;1
CORD_ORD_1802;PROD_43;1;1
CORD_ORD_1802;PROD_7;1;1
CORD_ORD_1802;PROD_9;1;1
CORD_ORD_1803;PROD_10;1;1
CORD_ORD_1803;PROD_11;1;1
CORD_ORD_1803;PROD_15;1;1
CORD_ORD_1803;PROD_17;1;1
CORD_ORD_1803;PROD_19;1;1
CORD_ORD_1803;PROD_20;1;1
CORD_ORD_1803;PROD_21;1;1
CORD_ORD_1803;PROD_22;1;1
CORD_ORD_1803;PROD_23;1;1
CORD_ORD_1803;PROD_24;1;1
CORD_ORD_1803;PROD_28;1;1
CORD_ORD_1803;PROD_32;1;1
CORD_ORD_1803;PROD_37;1;1
CORD_ORD_1803;PROD_38;1;1
CORD_ORD_1803;PROD_39;1;1
CORD_ORD_1803;PROD_4;1;1
CORD_ORD_1803;PROD_40;1;1
CORD_ORD_1803;PROD_41;1;1
CORD_ORD_1803;PROD_42;1;1
CORD_ORD_1803;PROD_43;1;1
CORD_ORD_1803;PROD_44;1;1
CORD_ORD_1803;PROD_45;1;1
CORD_ORD_1803;PROD_47;1;1
CORD_ORD_1803;PROD_48;1;1
CORD_ORD_1803;PROD_50;1;1
CORD_ORD_1803;PROD_6;1;1
CORD_ORD_1804;PROD_12;1;1
CORD_ORD_1804;PROD_20;1;1
CORD_ORD_1804;PROD_26;1;1
CORD_ORD_1804;PROD_34;1;1
CORD_ORD_1804;PROD_35;1;1
CORD_ORD_1804;PROD_36;1;1
CORD_ORD_1804;PROD_39;1;1
CORD_ORD_1804;PROD_40;1;1
CORD_ORD_1804;PROD_46;1;1
CORD_ORD_1804;PROD_47;1;1
CORD_ORD_1804;PROD_5;1;1
CORD_ORD_1804;PROD_7;1;1
CORD_ORD_1805;PROD_1;1;1
CORD_ORD_1805;PROD_11;1;1
CORD_ORD_1805;PROD_14;1;1
CORD_ORD_1805;PROD_18;1;1
CORD_ORD_1805;PROD_2;1;1
CORD_ORD_1805;PROD_3;1;1
CORD_ORD_1805;PROD_36;1;1
CORD_ORD_1805;PROD_46;1;1
CORD_ORD_1805;PROD_48;1;1
CORD_ORD_1805;PROD_9;1;1
CORD_ORD_1806;PROD_1;1;1
CORD_ORD_1806;PROD_18;1;1
CORD_ORD_1806;PROD_2;1;1
CORD_ORD_1806;PROD_3;1;1
CORD_ORD_1806;PROD_30;1;1
CORD_ORD_1806;PROD_36;1;1
CORD_ORD_1806;PROD_37;1;1
CORD_ORD_1806;PROD_44;1;1
CORD_ORD_1806;PROD_46;1;1
CORD_ORD_1806;PROD_8;1;1
CORD_ORD_1807;PROD_10;1;1
CORD_ORD_1807;PROD_11;1;1
CORD_ORD_1807;PROD_13;1;1
CORD_ORD_1807;PROD_14;1;1
CORD_ORD_1807;PROD_15;1;1
CORD_ORD_1807;PROD_19;1;1
CORD_ORD_1807;PROD_32;1;1
CORD_ORD_1807;PROD_33;1;1
CORD_ORD_1807;PROD_35;1;1
CORD_ORD_1807;PROD_37;1;1
CORD_ORD_1807;PROD_43;1;1
CORD_ORD_1807;PROD_44;1;1
CORD_ORD_1807;PROD_45;1;1
CORD_ORD_1807;PROD_48;1;1
CORD_ORD_1807;PROD_7;1;1
CORD_ORD_1807;PROD_9;1;1
CORD_ORD_1808;PROD_11;1;1
CORD_ORD_1808;PROD_13;1;1
CORD_ORD_1808;PROD_14;1;1
CORD_ORD_1808;PROD_16;1;1
CORD_ORD_1808;PROD_19;1;1
CORD_ORD_1808;PROD_25;1;1
CORD_ORD_1808;PROD_27;1;1
CORD_ORD_1808;PROD_30;1;1
CORD_ORD_1808;PROD_33;1;1
CORD_ORD_1808;PROD_37;1;1
CORD_ORD_1808;PROD_44;1;1
CORD_ORD_1808;PROD_45;1;1
CORD_ORD_1808;PROD_48;1;1
CORD_ORD_1808;PROD_49;1;1
CORD_ORD_1808;PROD_8;1;1
CORD_ORD_1808;PROD_9;1;1
CORD_ORD_1809;PROD_1;1;1
CORD_ORD_1809;PROD_10;1;1
CORD_ORD_1809;PROD_14;1;1
CORD_ORD_1809;PROD_15;1;1
CORD_ORD_1809;PROD_16;1;1
CORD_ORD_1809;PROD_17;1;1
CORD_ORD_1809;PROD_22;1;1
CORD_ORD_1809;PROD_25;1;1
CORD_ORD_1809;PROD_28;1;1
CORD_ORD_1809;PROD_29;1;1
CORD_ORD_1809;PROD_3;1;1
CORD_ORD_1809;PROD_31;1;1
CORD_ORD_1809;PROD_32;1;1
CORD_ORD_1809;PROD_38;1;1
CORD_ORD_1809;PROD_4;1;1
CORD_ORD_1809;PROD_41;1;1
CORD_ORD_1809;PROD_43;1;1
CORD_ORD_1809;PROD_50;1;1
CORD_ORD_1809;PROD_6;1;1
CORD_ORD_1809;PROD_9;1;1
CORD_ORD_1810;PROD_10;1;1
CORD_ORD_1810;PROD_12;1;1
CORD_ORD_1810;PROD_15;1;1
CORD_ORD_1810;PROD_16;1;1
CORD_ORD_1810;PROD_23;1;1
CORD_ORD_1810;PROD_25;1;1
CORD_ORD_1810;PROD_26;1;1
CORD_ORD_1810;PROD_32;1;1
CORD_ORD_1810;PROD_38;1;1
CORD_ORD_1810;PROD_4;1;1
CORD_ORD_1810;PROD_42;1;1
CORD_ORD_1810;PROD_43;1;1
CORD_ORD_1810;PROD_50;1;1
CORD_ORD_1810;PROD_6;1;1
CORD_ORD_1811;PROD_1;1;1
CORD_ORD_1811;PROD_10;1;1
CORD_ORD_1811;PROD_11;1;1
CORD_ORD_1811;PROD_15;1;1
CORD_ORD_1811;PROD_22;1;1
CORD_ORD_1811;PROD_27;1;1
CORD_ORD_1811;PROD_28;1;1
CORD_ORD_1811;PROD_29;1;1
CORD_ORD_1811;PROD_3;1;1
CORD_ORD_1811;PROD_30;1;1
CORD_ORD_1811;PROD_31;1;1
CORD_ORD_1811;PROD_32;1;1
CORD_ORD_1811;PROD_35;1;1
CORD_ORD_1811;PROD_36;1;1
CORD_ORD_1811;PROD_40;1;1
CORD_ORD_1811;PROD_43;1;1
CORD_ORD_1811;PROD_46;1;1
CORD_ORD_1811;PROD_47;1;1
CORD_ORD_1811;PROD_48;1;1
CORD_ORD_1811;PROD_49;1;1
CORD_ORD_1811;PROD_7;1;1
CORD_ORD_1811;PROD_8;1;1
CORD_ORD_1812;PROD_11;1;1
CORD_ORD_1812;PROD_14;1;1
CORD_ORD_1812;PROD_18;1;1
CORD_ORD_1812;PROD_2;1;1
CORD_ORD_1812;PROD_30;1;1
CORD_ORD_1812;PROD_36;1;1
CORD_ORD_1812;PROD_46;1;1
CORD_ORD_1812;PROD_48;1;1
CORD_ORD_1812;PROD_8;1;1
CORD_ORD_1812;PROD_9;1;1
CORD_ORD_1813;PROD_1;1;1
CORD_ORD_1813;PROD_10;1;1
CORD_ORD_1813;PROD_12;1;1
CORD_ORD_1813;PROD_18;1;1
CORD_ORD_1813;PROD_2;1;1
CORD_ORD_1813;PROD_21;1;1
CORD_ORD_1813;PROD_24;1;1
CORD_ORD_1813;PROD_26;1;1
CORD_ORD_1813;PROD_29;1;1
CORD_ORD_1813;PROD_3;1;1
CORD_ORD_1813;PROD_30;1;1
CORD_ORD_1813;PROD_31;1;1
CORD_ORD_1813;PROD_37;1;1
CORD_ORD_1813;PROD_40;1;1
CORD_ORD_1813;PROD_43;1;1
CORD_ORD_1813;PROD_44;1;1
CORD_ORD_1813;PROD_47;1;1
CORD_ORD_1813;PROD_8;1;1
CORD_ORD_1814;PROD_10;1;1
CORD_ORD_1814;PROD_15;1;1
CORD_ORD_1814;PROD_29;1;1
CORD_ORD_1814;PROD_30;1;1
CORD_ORD_1814;PROD_31;1;1
CORD_ORD_1814;PROD_32;1;1
CORD_ORD_1814;PROD_34;1;1
CORD_ORD_1814;PROD_43;1;1
CORD_ORD_1814;PROD_5;1;1
CORD_ORD_1814;PROD_8;1;1
CORD_ORD_1815;PROD_1;1;1
CORD_ORD_1815;PROD_10;1;1
CORD_ORD_1815;PROD_11;1;1
CORD_ORD_1815;PROD_12;1;1
CORD_ORD_1815;PROD_13;1;1
CORD_ORD_1815;PROD_15;1;1
CORD_ORD_1815;PROD_18;1;1
CORD_ORD_1815;PROD_19;1;1
CORD_ORD_1815;PROD_2;1;1
CORD_ORD_1815;PROD_23;1;1
CORD_ORD_1815;PROD_26;1;1
CORD_ORD_1815;PROD_29;1;1
CORD_ORD_1815;PROD_3;1;1
CORD_ORD_1815;PROD_31;1;1
CORD_ORD_1815;PROD_32;1;1
CORD_ORD_1815;PROD_33;1;1
CORD_ORD_1815;PROD_37;1;1
CORD_ORD_1815;PROD_38;1;1
CORD_ORD_1815;PROD_4;1;1
CORD_ORD_1815;PROD_40;1;1
CORD_ORD_1815;PROD_42;1;1
CORD_ORD_1815;PROD_43;1;1
CORD_ORD_1815;PROD_44;1;1
CORD_ORD_1815;PROD_45;1;1
CORD_ORD_1815;PROD_47;1;1
CORD_ORD_1815;PROD_48;1;1
CORD_ORD_1816;PROD_1;1;1
CORD_ORD_1816;PROD_10;1;1
CORD_ORD_1816;PROD_11;1;1
CORD_ORD_1816;PROD_14;1;1
CORD_ORD_1816;PROD_17;1;1
CORD_ORD_1816;PROD_18;1;1
CORD_ORD_1816;PROD_2;1;1
CORD_ORD_1816;PROD_23;1;1
CORD_ORD_1816;PROD_29;1;1
CORD_ORD_1816;PROD_3;1;1
CORD_ORD_1816;PROD_30;1;1
CORD_ORD_1816;PROD_31;1;1
CORD_ORD_1816;PROD_36;1;1
CORD_ORD_1816;PROD_38;1;1
CORD_ORD_1816;PROD_4;1;1
CORD_ORD_1816;PROD_41;1;1
CORD_ORD_1816;PROD_42;1;1
CORD_ORD_1816;PROD_43;1;1
CORD_ORD_1816;PROD_46;1;1
CORD_ORD_1816;PROD_48;1;1
CORD_ORD_1816;PROD_8;1;1
CORD_ORD_1816;PROD_9;1;1
CORD_ORD_1817;PROD_1;1;1
CORD_ORD_1817;PROD_13;1;1
CORD_ORD_1817;PROD_15;1;1
CORD_ORD_1817;PROD_17;1;1
CORD_ORD_1817;PROD_20;1;1
CORD_ORD_1817;PROD_22;1;1
CORD_ORD_1817;PROD_28;1;1
CORD_ORD_1817;PROD_3;1;1
CORD_ORD_1817;PROD_32;1;1
CORD_ORD_1817;PROD_33;1;1
CORD_ORD_1817;PROD_34;1;1
CORD_ORD_1817;PROD_35;1;1
CORD_ORD_1817;PROD_36;1;1
CORD_ORD_1817;PROD_37;1;1
CORD_ORD_1817;PROD_39;1;1
CORD_ORD_1817;PROD_41;1;1
CORD_ORD_1817;PROD_44;1;1
CORD_ORD_1817;PROD_46;1;1
CORD_ORD_1817;PROD_5;1;1
CORD_ORD_1817;PROD_50;1;1
CORD_ORD_1817;PROD_6;1;1
CORD_ORD_1817;PROD_7;1;1
CORD_ORD_1818;PROD_10;1;1
CORD_ORD_1818;PROD_11;1;1
CORD_ORD_1818;PROD_15;1;1
CORD_ORD_1818;PROD_17;1;1
CORD_ORD_1818;PROD_19;1;1
CORD_ORD_1818;PROD_32;1;1
CORD_ORD_1818;PROD_34;1;1
CORD_ORD_1818;PROD_35;1;1
CORD_ORD_1818;PROD_37;1;1
CORD_ORD_1818;PROD_38;1;1
CORD_ORD_1818;PROD_4;1;1
CORD_ORD_1818;PROD_41;1;1
CORD_ORD_1818;PROD_43;1;1
CORD_ORD_1818;PROD_44;1;1
CORD_ORD_1818;PROD_45;1;1
CORD_ORD_1818;PROD_48;1;1
CORD_ORD_1818;PROD_5;1;1
CORD_ORD_1818;PROD_7;1;1
CORD_ORD_1819;PROD_10;1;1
CORD_ORD_1819;PROD_11;1;1
CORD_ORD_1819;PROD_12;1;1
CORD_ORD_1819;PROD_15;1;1
CORD_ORD_1819;PROD_19;1;1
CORD_ORD_1819;PROD_22;1;1
CORD_ORD_1819;PROD_26;1;1
CORD_ORD_1819;PROD_28;1;1
CORD_ORD_1819;PROD_32;1;1
CORD_ORD_1819;PROD_37;1;1
CORD_ORD_1819;PROD_38;1;1
CORD_ORD_1819;PROD_4;1;1
CORD_ORD_1819;PROD_43;1;1
CORD_ORD_1819;PROD_44;1;1
CORD_ORD_1819;PROD_45;1;1
CORD_ORD_1819;PROD_48;1;1
CORD_ORD_1820;PROD_1;1;1
CORD_ORD_1820;PROD_10;1;1
CORD_ORD_1820;PROD_11;1;1
CORD_ORD_1820;PROD_16;1;1
CORD_ORD_1820;PROD_18;1;1
CORD_ORD_1820;PROD_19;1;1
CORD_ORD_1820;PROD_2;1;1
CORD_ORD_1820;PROD_22;1;1
CORD_ORD_1820;PROD_23;1;1
CORD_ORD_1820;PROD_25;1;1
CORD_ORD_1820;PROD_28;1;1
CORD_ORD_1820;PROD_29;1;1
CORD_ORD_1820;PROD_3;1;1
CORD_ORD_1820;PROD_30;1;1
CORD_ORD_1820;PROD_31;1;1
CORD_ORD_1820;PROD_34;1;1
CORD_ORD_1820;PROD_37;1;1
CORD_ORD_1820;PROD_42;1;1
CORD_ORD_1820;PROD_43;1;1
CORD_ORD_1820;PROD_44;1;1
CORD_ORD_1820;PROD_45;1;1
CORD_ORD_1820;PROD_48;1;1
CORD_ORD_1820;PROD_5;1;1
CORD_ORD_1820;PROD_50;1;1
CORD_ORD_1820;PROD_6;1;1
CORD_ORD_1820;PROD_8;1;1
CORD_ORD_1821;PROD_1;1;1
CORD_ORD_1821;PROD_10;1;1
CORD_ORD_1821;PROD_14;1;1
CORD_ORD_1821;PROD_16;1;1
CORD_ORD_1821;PROD_19;1;1
CORD_ORD_1821;PROD_21;1;1
CORD_ORD_1821;PROD_22;1;1
CORD_ORD_1821;PROD_24;1;1
CORD_ORD_1821;PROD_25;1;1
CORD_ORD_1821;PROD_28;1;1
CORD_ORD_1821;PROD_3;1;1
CORD_ORD_1821;PROD_30;1;1
CORD_ORD_1821;PROD_36;1;1
CORD_ORD_1821;PROD_40;1;1
CORD_ORD_1821;PROD_43;1;1
CORD_ORD_1821;PROD_45;1;1
CORD_ORD_1821;PROD_46;1;1
CORD_ORD_1821;PROD_47;1;1
CORD_ORD_1821;PROD_8;1;1
CORD_ORD_1821;PROD_9;1;1
CORD_ORD_1822;PROD_11;1;1
CORD_ORD_1822;PROD_14;1;1
CORD_ORD_1822;PROD_18;1;1
CORD_ORD_1822;PROD_2;1;1
CORD_ORD_1822;PROD_20;1;1
CORD_ORD_1822;PROD_22;1;1
CORD_ORD_1822;PROD_28;1;1
CORD_ORD_1822;PROD_29;1;1
CORD_ORD_1822;PROD_31;1;1
CORD_ORD_1822;PROD_34;1;1
CORD_ORD_1822;PROD_35;1;1
CORD_ORD_1822;PROD_36;1;1
CORD_ORD_1822;PROD_37;1;1
CORD_ORD_1822;PROD_39;1;1
CORD_ORD_1822;PROD_44;1;1
CORD_ORD_1822;PROD_46;1;1
CORD_ORD_1822;PROD_48;1;1
CORD_ORD_1822;PROD_5;1;1
CORD_ORD_1822;PROD_50;1;1
CORD_ORD_1822;PROD_6;1;1
CORD_ORD_1822;PROD_7;1;1
CORD_ORD_1822;PROD_9;1;1
CORD_ORD_1823;PROD_10;1;1
CORD_ORD_1823;PROD_11;1;1
CORD_ORD_1823;PROD_22;1;1
CORD_ORD_1823;PROD_28;1;1
CORD_ORD_1823;PROD_29;1;1
CORD_ORD_1823;PROD_30;1;1
CORD_ORD_1823;PROD_31;1;1
CORD_ORD_1823;PROD_43;1;1
CORD_ORD_1823;PROD_48;1;1
CORD_ORD_1823;PROD_8;1;1
CORD_ORD_1824;PROD_11;1;1
CORD_ORD_1824;PROD_14;1;1
CORD_ORD_1824;PROD_15;1;1
CORD_ORD_1824;PROD_19;1;1
CORD_ORD_1824;PROD_22;1;1
CORD_ORD_1824;PROD_27;1;1
CORD_ORD_1824;PROD_28;1;1
CORD_ORD_1824;PROD_29;1;1
CORD_ORD_1824;PROD_30;1;1
CORD_ORD_1824;PROD_31;1;1
CORD_ORD_1824;PROD_32;1;1
CORD_ORD_1824;PROD_35;1;1
CORD_ORD_1824;PROD_45;1;1
CORD_ORD_1824;PROD_48;1;1
CORD_ORD_1824;PROD_49;1;1
CORD_ORD_1824;PROD_7;1;1
CORD_ORD_1824;PROD_8;1;1
CORD_ORD_1824;PROD_9;1;1
CORD_ORD_1825;PROD_1;1;1
CORD_ORD_1825;PROD_10;1;1
CORD_ORD_1825;PROD_13;1;1
CORD_ORD_1825;PROD_15;1;1
CORD_ORD_1825;PROD_17;1;1
CORD_ORD_1825;PROD_23;1;1
CORD_ORD_1825;PROD_29;1;1
CORD_ORD_1825;PROD_3;1;1
CORD_ORD_1825;PROD_31;1;1
CORD_ORD_1825;PROD_32;1;1
CORD_ORD_1825;PROD_33;1;1
CORD_ORD_1825;PROD_40;1;1
CORD_ORD_1825;PROD_41;1;1
CORD_ORD_1825;PROD_42;1;1
CORD_ORD_1825;PROD_43;1;1
CORD_ORD_1825;PROD_47;1;1
CORD_ORD_1826;PROD_10;1;1
CORD_ORD_1826;PROD_11;1;1
CORD_ORD_1826;PROD_22;1;1
CORD_ORD_1826;PROD_28;1;1
CORD_ORD_1826;PROD_29;1;1
CORD_ORD_1826;PROD_30;1;1
CORD_ORD_1826;PROD_31;1;1
CORD_ORD_1826;PROD_37;1;1
CORD_ORD_1826;PROD_40;1;1
CORD_ORD_1826;PROD_43;1;1
CORD_ORD_1826;PROD_44;1;1
CORD_ORD_1826;PROD_47;1;1
CORD_ORD_1826;PROD_48;1;1
CORD_ORD_1826;PROD_8;1;1
CORD_ORD_1827;PROD_1;1;1
CORD_ORD_1827;PROD_11;1;1
CORD_ORD_1827;PROD_12;1;1
CORD_ORD_1827;PROD_16;1;1
CORD_ORD_1827;PROD_21;1;1
CORD_ORD_1827;PROD_22;1;1
CORD_ORD_1827;PROD_24;1;1
CORD_ORD_1827;PROD_25;1;1
CORD_ORD_1827;PROD_26;1;1
CORD_ORD_1827;PROD_27;1;1
CORD_ORD_1827;PROD_28;1;1
CORD_ORD_1827;PROD_3;1;1
CORD_ORD_1827;PROD_48;1;1
CORD_ORD_1827;PROD_49;1;1
CORD_ORD_1828;PROD_12;1;1
CORD_ORD_1828;PROD_18;1;1
CORD_ORD_1828;PROD_2;1;1
CORD_ORD_1828;PROD_23;1;1
CORD_ORD_1828;PROD_26;1;1
CORD_ORD_1828;PROD_27;1;1
CORD_ORD_1828;PROD_29;1;1
CORD_ORD_1828;PROD_31;1;1
CORD_ORD_1828;PROD_35;1;1
CORD_ORD_1828;PROD_42;1;1
CORD_ORD_1828;PROD_49;1;1
CORD_ORD_1828;PROD_7;1;1
CORD_ORD_1829;PROD_10;1;1
CORD_ORD_1829;PROD_14;1;1
CORD_ORD_1829;PROD_15;1;1
CORD_ORD_1829;PROD_17;1;1
CORD_ORD_1829;PROD_32;1;1
CORD_ORD_1829;PROD_34;1;1
CORD_ORD_1829;PROD_35;1;1
CORD_ORD_1829;PROD_38;1;1
CORD_ORD_1829;PROD_4;1;1
CORD_ORD_1829;PROD_41;1;1
CORD_ORD_1829;PROD_43;1;1
CORD_ORD_1829;PROD_5;1;1
CORD_ORD_1829;PROD_7;1;1
CORD_ORD_1829;PROD_9;1;1
CORD_ORD_1830;PROD_1;1;1
CORD_ORD_1830;PROD_18;1;1
CORD_ORD_1830;PROD_2;1;1
CORD_ORD_1830;PROD_3;1;1
CORD_ORD_1830;PROD_36;1;1
CORD_ORD_1830;PROD_37;1;1
CORD_ORD_1830;PROD_38;1;1
CORD_ORD_1830;PROD_4;1;1
CORD_ORD_1830;PROD_44;1;1
CORD_ORD_1830;PROD_46;1;1
CORD_ORD_1831;PROD_11;1;1
CORD_ORD_1831;PROD_13;1;1
CORD_ORD_1831;PROD_19;1;1
CORD_ORD_1831;PROD_33;1;1
CORD_ORD_1831;PROD_37;1;1
CORD_ORD_1831;PROD_44;1;1
CORD_ORD_1831;PROD_45;1;1
CORD_ORD_1831;PROD_48;1;1
CORD_ORD_1832;PROD_1;1;1
CORD_ORD_1832;PROD_10;1;1
CORD_ORD_1832;PROD_15;1;1
CORD_ORD_1832;PROD_18;1;1
CORD_ORD_1832;PROD_2;1;1
CORD_ORD_1832;PROD_20;1;1
CORD_ORD_1832;PROD_3;1;1
CORD_ORD_1832;PROD_30;1;1
CORD_ORD_1832;PROD_32;1;1
CORD_ORD_1832;PROD_34;1;1
CORD_ORD_1832;PROD_36;1;1
CORD_ORD_1832;PROD_37;1;1
CORD_ORD_1832;PROD_38;1;1
CORD_ORD_1832;PROD_39;1;1
CORD_ORD_1832;PROD_4;1;1
CORD_ORD_1832;PROD_43;1;1
CORD_ORD_1832;PROD_44;1;1
CORD_ORD_1832;PROD_46;1;1
CORD_ORD_1832;PROD_5;1;1
CORD_ORD_1832;PROD_8;1;1
CORD_ORD_1833;PROD_1;1;1
CORD_ORD_1833;PROD_11;1;1
CORD_ORD_1833;PROD_18;1;1
CORD_ORD_1833;PROD_2;1;1
CORD_ORD_1833;PROD_3;1;1
CORD_ORD_1833;PROD_36;1;1
CORD_ORD_1833;PROD_37;1;1
CORD_ORD_1833;PROD_44;1;1
CORD_ORD_1833;PROD_46;1;1
CORD_ORD_1833;PROD_48;1;1
CORD_ORD_1834;PROD_10;1;1
CORD_ORD_1834;PROD_11;1;1
CORD_ORD_1834;PROD_13;1;1
CORD_ORD_1834;PROD_15;1;1
CORD_ORD_1834;PROD_17;1;1
CORD_ORD_1834;PROD_19;1;1
CORD_ORD_1834;PROD_22;1;1
CORD_ORD_1834;PROD_28;1;1
CORD_ORD_1834;PROD_29;1;1
CORD_ORD_1834;PROD_31;1;1
CORD_ORD_1834;PROD_32;1;1
CORD_ORD_1834;PROD_33;1;1
CORD_ORD_1834;PROD_37;1;1
CORD_ORD_1834;PROD_41;1;1
CORD_ORD_1834;PROD_43;1;1
CORD_ORD_1834;PROD_44;1;1
CORD_ORD_1834;PROD_45;1;1
CORD_ORD_1834;PROD_48;1;1
CORD_ORD_1834;PROD_50;1;1
CORD_ORD_1834;PROD_6;1;1
CORD_ORD_1835;PROD_1;1;1
CORD_ORD_1835;PROD_10;1;1
CORD_ORD_1835;PROD_12;1;1
CORD_ORD_1835;PROD_15;1;1
CORD_ORD_1835;PROD_20;1;1
CORD_ORD_1835;PROD_21;1;1
CORD_ORD_1835;PROD_24;1;1
CORD_ORD_1835;PROD_26;1;1
CORD_ORD_1835;PROD_3;1;1
CORD_ORD_1835;PROD_30;1;1
CORD_ORD_1835;PROD_32;1;1
CORD_ORD_1835;PROD_37;1;1
CORD_ORD_1835;PROD_38;1;1
CORD_ORD_1835;PROD_39;1;1
CORD_ORD_1835;PROD_4;1;1
CORD_ORD_1835;PROD_43;1;1
CORD_ORD_1835;PROD_44;1;1
CORD_ORD_1835;PROD_8;1;1
CORD_ORD_1836;PROD_1;1;1
CORD_ORD_1836;PROD_10;1;1
CORD_ORD_1836;PROD_15;1;1
CORD_ORD_1836;PROD_18;1;1
CORD_ORD_1836;PROD_2;1;1
CORD_ORD_1836;PROD_22;1;1
CORD_ORD_1836;PROD_28;1;1
CORD_ORD_1836;PROD_29;1;1
CORD_ORD_1836;PROD_3;1;1
CORD_ORD_1836;PROD_30;1;1
CORD_ORD_1836;PROD_31;1;1
CORD_ORD_1836;PROD_32;1;1
CORD_ORD_1836;PROD_36;1;1
CORD_ORD_1836;PROD_37;1;1
CORD_ORD_1836;PROD_43;1;1
CORD_ORD_1836;PROD_44;1;1
CORD_ORD_1836;PROD_46;1;1
CORD_ORD_1836;PROD_50;1;1
CORD_ORD_1836;PROD_6;1;1
CORD_ORD_1836;PROD_8;1;1
CORD_ORD_1837;PROD_11;1;1
CORD_ORD_1837;PROD_15;1;1
CORD_ORD_1837;PROD_27;1;1
CORD_ORD_1837;PROD_29;1;1
CORD_ORD_1837;PROD_31;1;1
CORD_ORD_1837;PROD_32;1;1
CORD_ORD_1837;PROD_48;1;1
CORD_ORD_1837;PROD_49;1;1
CORD_ORD_1838;PROD_10;1;1
CORD_ORD_1838;PROD_11;1;1
CORD_ORD_1838;PROD_17;1;1
CORD_ORD_1838;PROD_19;1;1
CORD_ORD_1838;PROD_23;1;1
CORD_ORD_1838;PROD_29;1;1
CORD_ORD_1838;PROD_31;1;1
CORD_ORD_1838;PROD_34;1;1
CORD_ORD_1838;PROD_40;1;1
CORD_ORD_1838;PROD_41;1;1
CORD_ORD_1838;PROD_42;1;1
CORD_ORD_1838;PROD_43;1;1
CORD_ORD_1838;PROD_45;1;1
CORD_ORD_1838;PROD_47;1;1
CORD_ORD_1838;PROD_48;1;1
CORD_ORD_1838;PROD_5;1;1
CORD_ORD_1839;PROD_10;1;1
CORD_ORD_1839;PROD_11;1;1
CORD_ORD_1839;PROD_13;1;1
CORD_ORD_1839;PROD_14;1;1
CORD_ORD_1839;PROD_19;1;1
CORD_ORD_1839;PROD_21;1;1
CORD_ORD_1839;PROD_22;1;1
CORD_ORD_1839;PROD_24;1;1
CORD_ORD_1839;PROD_28;1;1
CORD_ORD_1839;PROD_33;1;1
CORD_ORD_1839;PROD_35;1;1
CORD_ORD_1839;PROD_37;1;1
CORD_ORD_1839;PROD_38;1;1
CORD_ORD_1839;PROD_4;1;1
CORD_ORD_1839;PROD_43;1;1
CORD_ORD_1839;PROD_44;1;1
CORD_ORD_1839;PROD_45;1;1
CORD_ORD_1839;PROD_48;1;1
CORD_ORD_1839;PROD_7;1;1
CORD_ORD_1839;PROD_9;1;1
CORD_ORD_1840;PROD_1;1;1
CORD_ORD_1840;PROD_10;1;1
CORD_ORD_1840;PROD_11;1;1
CORD_ORD_1840;PROD_13;1;1
CORD_ORD_1840;PROD_18;1;1
CORD_ORD_1840;PROD_19;1;1
CORD_ORD_1840;PROD_2;1;1
CORD_ORD_1840;PROD_3;1;1
CORD_ORD_1840;PROD_33;1;1
CORD_ORD_1840;PROD_36;1;1
CORD_ORD_1840;PROD_37;1;1
CORD_ORD_1840;PROD_43;1;1
CORD_ORD_1840;PROD_44;1;1
CORD_ORD_1840;PROD_45;1;1
CORD_ORD_1840;PROD_46;1;1
CORD_ORD_1840;PROD_48;1;1
CORD_ORD_1841;PROD_1;1;1
CORD_ORD_1841;PROD_10;1;1
CORD_ORD_1841;PROD_12;1;1
CORD_ORD_1841;PROD_15;1;1
CORD_ORD_1841;PROD_20;1;1
CORD_ORD_1841;PROD_22;1;1
CORD_ORD_1841;PROD_23;1;1
CORD_ORD_1841;PROD_26;1;1
CORD_ORD_1841;PROD_27;1;1
CORD_ORD_1841;PROD_28;1;1
CORD_ORD_1841;PROD_29;1;1
CORD_ORD_1841;PROD_3;1;1
CORD_ORD_1841;PROD_31;1;1
CORD_ORD_1841;PROD_32;1;1
CORD_ORD_1841;PROD_35;1;1
CORD_ORD_1841;PROD_38;1;1
CORD_ORD_1841;PROD_39;1;1
CORD_ORD_1841;PROD_4;1;1
CORD_ORD_1841;PROD_42;1;1
CORD_ORD_1841;PROD_43;1;1
CORD_ORD_1841;PROD_49;1;1
CORD_ORD_1841;PROD_50;1;1
CORD_ORD_1841;PROD_6;1;1
CORD_ORD_1841;PROD_7;1;1
CORD_ORD_1842;PROD_1;1;1
CORD_ORD_1842;PROD_13;1;1
CORD_ORD_1842;PROD_16;1;1
CORD_ORD_1842;PROD_17;1;1
CORD_ORD_1842;PROD_18;1;1
CORD_ORD_1842;PROD_2;1;1
CORD_ORD_1842;PROD_25;1;1
CORD_ORD_1842;PROD_27;1;1
CORD_ORD_1842;PROD_29;1;1
CORD_ORD_1842;PROD_3;1;1
CORD_ORD_1842;PROD_31;1;1
CORD_ORD_1842;PROD_33;1;1
CORD_ORD_1842;PROD_37;1;1
CORD_ORD_1842;PROD_40;1;1
CORD_ORD_1842;PROD_41;1;1
CORD_ORD_1842;PROD_44;1;1
CORD_ORD_1842;PROD_47;1;1
CORD_ORD_1842;PROD_49;1;1
CORD_ORD_1843;PROD_1;1;1
CORD_ORD_1843;PROD_10;1;1
CORD_ORD_1843;PROD_12;1;1
CORD_ORD_1843;PROD_14;1;1
CORD_ORD_1843;PROD_15;1;1
CORD_ORD_1843;PROD_16;1;1
CORD_ORD_1843;PROD_20;1;1
CORD_ORD_1843;PROD_23;1;1
CORD_ORD_1843;PROD_25;1;1
CORD_ORD_1843;PROD_26;1;1
CORD_ORD_1843;PROD_3;1;1
CORD_ORD_1843;PROD_30;1;1
CORD_ORD_1843;PROD_32;1;1
CORD_ORD_1843;PROD_36;1;1
CORD_ORD_1843;PROD_37;1;1
CORD_ORD_1843;PROD_39;1;1
CORD_ORD_1843;PROD_42;1;1
CORD_ORD_1843;PROD_43;1;1
CORD_ORD_1843;PROD_44;1;1
CORD_ORD_1843;PROD_46;1;1
CORD_ORD_1843;PROD_8;1;1
CORD_ORD_1843;PROD_9;1;1
CORD_ORD_1844;PROD_1;1;1
CORD_ORD_1844;PROD_10;1;1
CORD_ORD_1844;PROD_14;1;1
CORD_ORD_1844;PROD_15;1;1
CORD_ORD_1844;PROD_16;1;1
CORD_ORD_1844;PROD_22;1;1
CORD_ORD_1844;PROD_25;1;1
CORD_ORD_1844;PROD_28;1;1
CORD_ORD_1844;PROD_3;1;1
CORD_ORD_1844;PROD_32;1;1
CORD_ORD_1844;PROD_35;1;1
CORD_ORD_1844;PROD_43;1;1
CORD_ORD_1844;PROD_7;1;1
CORD_ORD_1844;PROD_9;1;1
CORD_ORD_1845;PROD_10;1;1
CORD_ORD_1845;PROD_11;1;1
CORD_ORD_1845;PROD_12;1;1
CORD_ORD_1845;PROD_14;1;1
CORD_ORD_1845;PROD_16;1;1
CORD_ORD_1845;PROD_17;1;1
CORD_ORD_1845;PROD_21;1;1
CORD_ORD_1845;PROD_22;1;1
CORD_ORD_1845;PROD_24;1;1
CORD_ORD_1845;PROD_25;1;1
CORD_ORD_1845;PROD_26;1;1
CORD_ORD_1845;PROD_28;1;1
CORD_ORD_1845;PROD_35;1;1
CORD_ORD_1845;PROD_36;1;1
CORD_ORD_1845;PROD_41;1;1
CORD_ORD_1845;PROD_43;1;1
CORD_ORD_1845;PROD_46;1;1
CORD_ORD_1845;PROD_48;1;1
CORD_ORD_1845;PROD_7;1;1
CORD_ORD_1845;PROD_9;1;1
CORD_ORD_1846;PROD_13;1;1
CORD_ORD_1846;PROD_20;1;1
CORD_ORD_1846;PROD_30;1;1
CORD_ORD_1846;PROD_33;1;1
CORD_ORD_1846;PROD_36;1;1
CORD_ORD_1846;PROD_39;1;1
CORD_ORD_1846;PROD_46;1;1
CORD_ORD_1846;PROD_8;1;1
CORD_ORD_1847;PROD_14;1;1
CORD_ORD_1847;PROD_18;1;1
CORD_ORD_1847;PROD_2;1;1
CORD_ORD_1847;PROD_20;1;1
CORD_ORD_1847;PROD_22;1;1
CORD_ORD_1847;PROD_28;1;1
CORD_ORD_1847;PROD_35;1;1
CORD_ORD_1847;PROD_39;1;1
CORD_ORD_1847;PROD_50;1;1
CORD_ORD_1847;PROD_6;1;1
CORD_ORD_1847;PROD_7;1;1
CORD_ORD_1847;PROD_9;1;1
CORD_ORD_1848;PROD_15;1;1
CORD_ORD_1848;PROD_16;1;1
CORD_ORD_1848;PROD_18;1;1
CORD_ORD_1848;PROD_19;1;1
CORD_ORD_1848;PROD_2;1;1
CORD_ORD_1848;PROD_23;1;1
CORD_ORD_1848;PROD_25;1;1
CORD_ORD_1848;PROD_32;1;1
CORD_ORD_1848;PROD_37;1;1
CORD_ORD_1848;PROD_42;1;1
CORD_ORD_1848;PROD_44;1;1
CORD_ORD_1848;PROD_45;1;1
CORD_ORD_1849;PROD_10;1;1
CORD_ORD_1849;PROD_11;1;1
CORD_ORD_1849;PROD_15;1;1
CORD_ORD_1849;PROD_27;1;1
CORD_ORD_1849;PROD_32;1;1
CORD_ORD_1849;PROD_34;1;1
CORD_ORD_1849;PROD_38;1;1
CORD_ORD_1849;PROD_4;1;1
CORD_ORD_1849;PROD_43;1;1
CORD_ORD_1849;PROD_48;1;1
CORD_ORD_1849;PROD_49;1;1
CORD_ORD_1849;PROD_5;1;1
CORD_ORD_1850;PROD_1;1;1
CORD_ORD_1850;PROD_11;1;1
CORD_ORD_1850;PROD_12;1;1
CORD_ORD_1850;PROD_13;1;1
CORD_ORD_1850;PROD_21;1;1
CORD_ORD_1850;PROD_22;1;1
CORD_ORD_1850;PROD_24;1;1
CORD_ORD_1850;PROD_26;1;1
CORD_ORD_1850;PROD_28;1;1
CORD_ORD_1850;PROD_3;1;1
CORD_ORD_1850;PROD_30;1;1
CORD_ORD_1850;PROD_33;1;1
CORD_ORD_1850;PROD_34;1;1
CORD_ORD_1850;PROD_35;1;1
CORD_ORD_1850;PROD_37;1;1
CORD_ORD_1850;PROD_44;1;1
CORD_ORD_1850;PROD_48;1;1
CORD_ORD_1850;PROD_5;1;1
CORD_ORD_1850;PROD_50;1;1
CORD_ORD_1850;PROD_6;1;1
CORD_ORD_1850;PROD_7;1;1
CORD_ORD_1850;PROD_8;1;1
CORD_ORD_1851;PROD_11;1;1
CORD_ORD_1851;PROD_12;1;1
CORD_ORD_1851;PROD_15;1;1
CORD_ORD_1851;PROD_18;1;1
CORD_ORD_1851;PROD_2;1;1
CORD_ORD_1851;PROD_23;1;1
CORD_ORD_1851;PROD_26;1;1
CORD_ORD_1851;PROD_27;1;1
CORD_ORD_1851;PROD_29;1;1
CORD_ORD_1851;PROD_30;1;1
CORD_ORD_1851;PROD_31;1;1
CORD_ORD_1851;PROD_32;1;1
CORD_ORD_1851;PROD_40;1;1
CORD_ORD_1851;PROD_42;1;1
CORD_ORD_1851;PROD_47;1;1
CORD_ORD_1851;PROD_48;1;1
CORD_ORD_1851;PROD_49;1;1
CORD_ORD_1851;PROD_50;1;1
CORD_ORD_1851;PROD_6;1;1
CORD_ORD_1851;PROD_8;1;1
CORD_ORD_1852;PROD_10;1;1
CORD_ORD_1852;PROD_14;1;1
CORD_ORD_1852;PROD_15;1;1
CORD_ORD_1852;PROD_21;1;1
CORD_ORD_1852;PROD_23;1;1
CORD_ORD_1852;PROD_24;1;1
CORD_ORD_1852;PROD_32;1;1
CORD_ORD_1852;PROD_34;1;1
CORD_ORD_1852;PROD_35;1;1
CORD_ORD_1852;PROD_37;1;1
CORD_ORD_1852;PROD_38;1;1
CORD_ORD_1852;PROD_4;1;1
CORD_ORD_1852;PROD_42;1;1
CORD_ORD_1852;PROD_43;1;1
CORD_ORD_1852;PROD_44;1;1
CORD_ORD_1852;PROD_5;1;1
CORD_ORD_1852;PROD_7;1;1
CORD_ORD_1852;PROD_9;1;1
CORD_ORD_1853;PROD_10;1;1
CORD_ORD_1853;PROD_15;1;1
CORD_ORD_1853;PROD_16;1;1
CORD_ORD_1853;PROD_18;1;1
CORD_ORD_1853;PROD_2;1;1
CORD_ORD_1853;PROD_20;1;1
CORD_ORD_1853;PROD_25;1;1
CORD_ORD_1853;PROD_32;1;1
CORD_ORD_1853;PROD_34;1;1
CORD_ORD_1853;PROD_38;1;1
CORD_ORD_1853;PROD_39;1;1
CORD_ORD_1853;PROD_4;1;1
CORD_ORD_1853;PROD_40;1;1
CORD_ORD_1853;PROD_43;1;1
CORD_ORD_1853;PROD_47;1;1
CORD_ORD_1853;PROD_5;1;1
CORD_ORD_1854;PROD_11;1;1
CORD_ORD_1854;PROD_15;1;1
CORD_ORD_1854;PROD_18;1;1
CORD_ORD_1854;PROD_2;1;1
CORD_ORD_1854;PROD_20;1;1
CORD_ORD_1854;PROD_21;1;1
CORD_ORD_1854;PROD_22;1;1
CORD_ORD_1854;PROD_24;1;1
CORD_ORD_1854;PROD_27;1;1
CORD_ORD_1854;PROD_28;1;1
CORD_ORD_1854;PROD_29;1;1
CORD_ORD_1854;PROD_31;1;1
CORD_ORD_1854;PROD_32;1;1
CORD_ORD_1854;PROD_39;1;1
CORD_ORD_1854;PROD_48;1;1
CORD_ORD_1854;PROD_49;1;1
CORD_ORD_1855;PROD_10;1;1
CORD_ORD_1855;PROD_16;1;1
CORD_ORD_1855;PROD_20;1;1
CORD_ORD_1855;PROD_21;1;1
CORD_ORD_1855;PROD_22;1;1
CORD_ORD_1855;PROD_24;1;1
CORD_ORD_1855;PROD_25;1;1
CORD_ORD_1855;PROD_28;1;1
CORD_ORD_1855;PROD_30;1;1
CORD_ORD_1855;PROD_36;1;1
CORD_ORD_1855;PROD_39;1;1
CORD_ORD_1855;PROD_43;1;1
CORD_ORD_1855;PROD_46;1;1
CORD_ORD_1855;PROD_8;1;1
CORD_ORD_1856;PROD_12;1;1
CORD_ORD_1856;PROD_14;1;1
CORD_ORD_1856;PROD_16;1;1
CORD_ORD_1856;PROD_20;1;1
CORD_ORD_1856;PROD_22;1;1
CORD_ORD_1856;PROD_25;1;1
CORD_ORD_1856;PROD_26;1;1
CORD_ORD_1856;PROD_28;1;1
CORD_ORD_1856;PROD_36;1;1
CORD_ORD_1856;PROD_39;1;1
CORD_ORD_1856;PROD_40;1;1
CORD_ORD_1856;PROD_46;1;1
CORD_ORD_1856;PROD_47;1;1
CORD_ORD_1856;PROD_9;1;1
CORD_ORD_1857;PROD_1;1;1
CORD_ORD_1857;PROD_10;1;1
CORD_ORD_1857;PROD_19;1;1
CORD_ORD_1857;PROD_29;1;1
CORD_ORD_1857;PROD_3;1;1
CORD_ORD_1857;PROD_30;1;1
CORD_ORD_1857;PROD_31;1;1
CORD_ORD_1857;PROD_36;1;1
CORD_ORD_1857;PROD_43;1;1
CORD_ORD_1857;PROD_45;1;1
CORD_ORD_1857;PROD_46;1;1
CORD_ORD_1857;PROD_8;1;1
CORD_ORD_1858;PROD_1;1;1
CORD_ORD_1858;PROD_11;1;1
CORD_ORD_1858;PROD_12;1;1
CORD_ORD_1858;PROD_14;1;1
CORD_ORD_1858;PROD_18;1;1
CORD_ORD_1858;PROD_2;1;1
CORD_ORD_1858;PROD_21;1;1
CORD_ORD_1858;PROD_22;1;1
CORD_ORD_1858;PROD_24;1;1
CORD_ORD_1858;PROD_26;1;1
CORD_ORD_1858;PROD_27;1;1
CORD_ORD_1858;PROD_28;1;1
CORD_ORD_1858;PROD_3;1;1
CORD_ORD_1858;PROD_36;1;1
CORD_ORD_1858;PROD_37;1;1
CORD_ORD_1858;PROD_38;1;1
CORD_ORD_1858;PROD_4;1;1
CORD_ORD_1858;PROD_44;1;1
CORD_ORD_1858;PROD_46;1;1
CORD_ORD_1858;PROD_48;1;1
CORD_ORD_1858;PROD_49;1;1
CORD_ORD_1858;PROD_9;1;1
CORD_ORD_1859;PROD_1;1;1
CORD_ORD_1859;PROD_12;1;1
CORD_ORD_1859;PROD_18;1;1
CORD_ORD_1859;PROD_2;1;1
CORD_ORD_1859;PROD_21;1;1
CORD_ORD_1859;PROD_24;1;1
CORD_ORD_1859;PROD_26;1;1
CORD_ORD_1859;PROD_3;1;1
CORD_ORD_1859;PROD_36;1;1
CORD_ORD_1859;PROD_37;1;1
CORD_ORD_1859;PROD_44;1;1
CORD_ORD_1859;PROD_46;1;1
CORD_ORD_1860;PROD_1;1;1
CORD_ORD_1860;PROD_10;1;1
CORD_ORD_1860;PROD_11;1;1
CORD_ORD_1860;PROD_13;1;1
CORD_ORD_1860;PROD_15;1;1
CORD_ORD_1860;PROD_19;1;1
CORD_ORD_1860;PROD_29;1;1
CORD_ORD_1860;PROD_3;1;1
CORD_ORD_1860;PROD_31;1;1
CORD_ORD_1860;PROD_32;1;1
CORD_ORD_1860;PROD_33;1;1
CORD_ORD_1860;PROD_37;1;1
CORD_ORD_1860;PROD_40;1;1
CORD_ORD_1860;PROD_43;1;1
CORD_ORD_1860;PROD_44;1;1
CORD_ORD_1860;PROD_45;1;1
CORD_ORD_1860;PROD_47;1;1
CORD_ORD_1860;PROD_48;1;1
CORD_ORD_1861;PROD_11;1;1
CORD_ORD_1861;PROD_12;1;1
CORD_ORD_1861;PROD_16;1;1
CORD_ORD_1861;PROD_17;1;1
CORD_ORD_1861;PROD_19;1;1
CORD_ORD_1861;PROD_20;1;1
CORD_ORD_1861;PROD_21;1;1
CORD_ORD_1861;PROD_23;1;1
CORD_ORD_1861;PROD_24;1;1
CORD_ORD_1861;PROD_25;1;1
CORD_ORD_1861;PROD_26;1;1
CORD_ORD_1861;PROD_35;1;1
CORD_ORD_1861;PROD_38;1;1
CORD_ORD_1861;PROD_39;1;1
CORD_ORD_1861;PROD_4;1;1
CORD_ORD_1861;PROD_41;1;1
CORD_ORD_1861;PROD_42;1;1
CORD_ORD_1861;PROD_45;1;1
CORD_ORD_1861;PROD_48;1;1
CORD_ORD_1861;PROD_50;1;1
CORD_ORD_1861;PROD_6;1;1
CORD_ORD_1861;PROD_7;1;1
CORD_ORD_1862;PROD_12;1;1
CORD_ORD_1862;PROD_16;1;1
CORD_ORD_1862;PROD_20;1;1
CORD_ORD_1862;PROD_21;1;1
CORD_ORD_1862;PROD_23;1;1
CORD_ORD_1862;PROD_24;1;1
CORD_ORD_1862;PROD_25;1;1
CORD_ORD_1862;PROD_26;1;1
CORD_ORD_1862;PROD_39;1;1
CORD_ORD_1862;PROD_42;1;1
CORD_ORD_1863;PROD_1;1;1
CORD_ORD_1863;PROD_16;1;1
CORD_ORD_1863;PROD_17;1;1
CORD_ORD_1863;PROD_19;1;1
CORD_ORD_1863;PROD_25;1;1
CORD_ORD_1863;PROD_29;1;1
CORD_ORD_1863;PROD_3;1;1
CORD_ORD_1863;PROD_31;1;1
CORD_ORD_1863;PROD_35;1;1
CORD_ORD_1863;PROD_37;1;1
CORD_ORD_1863;PROD_41;1;1
CORD_ORD_1863;PROD_44;1;1
CORD_ORD_1863;PROD_45;1;1
CORD_ORD_1863;PROD_50;1;1
CORD_ORD_1863;PROD_6;1;1
CORD_ORD_1863;PROD_7;1;1
CORD_ORD_1864;PROD_11;1;1
CORD_ORD_1864;PROD_13;1;1
CORD_ORD_1864;PROD_30;1;1
CORD_ORD_1864;PROD_33;1;1
CORD_ORD_1864;PROD_35;1;1
CORD_ORD_1864;PROD_37;1;1
CORD_ORD_1864;PROD_38;1;1
CORD_ORD_1864;PROD_4;1;1
CORD_ORD_1864;PROD_44;1;1
CORD_ORD_1864;PROD_48;1;1
CORD_ORD_1864;PROD_50;1;1
CORD_ORD_1864;PROD_6;1;1
CORD_ORD_1864;PROD_7;1;1
CORD_ORD_1864;PROD_8;1;1
CORD_ORD_1865;PROD_1;1;1
CORD_ORD_1865;PROD_10;1;1
CORD_ORD_1865;PROD_18;1;1
CORD_ORD_1865;PROD_19;1;1
CORD_ORD_1865;PROD_2;1;1
CORD_ORD_1865;PROD_20;1;1
CORD_ORD_1865;PROD_22;1;1
CORD_ORD_1865;PROD_28;1;1
CORD_ORD_1865;PROD_29;1;1
CORD_ORD_1865;PROD_3;1;1
CORD_ORD_1865;PROD_30;1;1
CORD_ORD_1865;PROD_31;1;1
CORD_ORD_1865;PROD_36;1;1
CORD_ORD_1865;PROD_37;1;1
CORD_ORD_1865;PROD_39;1;1
CORD_ORD_1865;PROD_40;1;1
CORD_ORD_1865;PROD_43;1;1
CORD_ORD_1865;PROD_44;1;1
CORD_ORD_1865;PROD_45;1;1
CORD_ORD_1865;PROD_46;1;1
CORD_ORD_1865;PROD_47;1;1
CORD_ORD_1865;PROD_8;1;1
CORD_ORD_1866;PROD_15;1;1
CORD_ORD_1866;PROD_22;1;1
CORD_ORD_1866;PROD_28;1;1
CORD_ORD_1866;PROD_29;1;1
CORD_ORD_1866;PROD_30;1;1
CORD_ORD_1866;PROD_31;1;1
CORD_ORD_1866;PROD_32;1;1
CORD_ORD_1866;PROD_50;1;1
CORD_ORD_1866;PROD_6;1;1
CORD_ORD_1866;PROD_8;1;1
CORD_ORD_1867;PROD_10;1;1
CORD_ORD_1867;PROD_13;1;1
CORD_ORD_1867;PROD_15;1;1
CORD_ORD_1867;PROD_21;1;1
CORD_ORD_1867;PROD_24;1;1
CORD_ORD_1867;PROD_30;1;1
CORD_ORD_1867;PROD_32;1;1
CORD_ORD_1867;PROD_33;1;1
CORD_ORD_1867;PROD_34;1;1
CORD_ORD_1867;PROD_37;1;1
CORD_ORD_1867;PROD_38;1;1
CORD_ORD_1867;PROD_4;1;1
CORD_ORD_1867;PROD_40;1;1
CORD_ORD_1867;PROD_43;1;1
CORD_ORD_1867;PROD_44;1;1
CORD_ORD_1867;PROD_47;1;1
CORD_ORD_1867;PROD_5;1;1
CORD_ORD_1867;PROD_8;1;1
CORD_ORD_1868;PROD_10;1;1
CORD_ORD_1868;PROD_14;1;1
CORD_ORD_1868;PROD_20;1;1
CORD_ORD_1868;PROD_30;1;1
CORD_ORD_1868;PROD_35;1;1
CORD_ORD_1868;PROD_36;1;1
CORD_ORD_1868;PROD_38;1;1
CORD_ORD_1868;PROD_39;1;1
CORD_ORD_1868;PROD_4;1;1
CORD_ORD_1868;PROD_43;1;1
CORD_ORD_1868;PROD_46;1;1
CORD_ORD_1868;PROD_7;1;1
CORD_ORD_1868;PROD_8;1;1
CORD_ORD_1868;PROD_9;1;1
CORD_ORD_1869;PROD_10;1;1
CORD_ORD_1869;PROD_11;1;1
CORD_ORD_1869;PROD_12;1;1
CORD_ORD_1869;PROD_13;1;1
CORD_ORD_1869;PROD_15;1;1
CORD_ORD_1869;PROD_16;1;1
CORD_ORD_1869;PROD_19;1;1
CORD_ORD_1869;PROD_25;1;1
CORD_ORD_1869;PROD_26;1;1
CORD_ORD_1869;PROD_30;1;1
CORD_ORD_1869;PROD_32;1;1
CORD_ORD_1869;PROD_33;1;1
CORD_ORD_1869;PROD_34;1;1
CORD_ORD_1869;PROD_37;1;1
CORD_ORD_1869;PROD_38;1;1
CORD_ORD_1869;PROD_4;1;1
CORD_ORD_1869;PROD_43;1;1
CORD_ORD_1869;PROD_44;1;1
CORD_ORD_1869;PROD_45;1;1
CORD_ORD_1869;PROD_48;1;1
CORD_ORD_1869;PROD_5;1;1
CORD_ORD_1869;PROD_8;1;1
CORD_ORD_1870;PROD_10;1;1
CORD_ORD_1870;PROD_11;1;1
CORD_ORD_1870;PROD_13;1;1
CORD_ORD_1870;PROD_14;1;1
CORD_ORD_1870;PROD_18;1;1
CORD_ORD_1870;PROD_2;1;1
CORD_ORD_1870;PROD_21;1;1
CORD_ORD_1870;PROD_24;1;1
CORD_ORD_1870;PROD_30;1;1
CORD_ORD_1870;PROD_33;1;1
CORD_ORD_1870;PROD_34;1;1
CORD_ORD_1870;PROD_36;1;1
CORD_ORD_1870;PROD_40;1;1
CORD_ORD_1870;PROD_43;1;1
CORD_ORD_1870;PROD_46;1;1
CORD_ORD_1870;PROD_47;1;1
CORD_ORD_1870;PROD_48;1;1
CORD_ORD_1870;PROD_5;1;1
CORD_ORD_1870;PROD_8;1;1
CORD_ORD_1870;PROD_9;1;1
CORD_ORD_1871;PROD_1;1;1
CORD_ORD_1871;PROD_10;1;1
CORD_ORD_1871;PROD_12;1;1
CORD_ORD_1871;PROD_15;1;1
CORD_ORD_1871;PROD_18;1;1
CORD_ORD_1871;PROD_2;1;1
CORD_ORD_1871;PROD_26;1;1
CORD_ORD_1871;PROD_29;1;1
CORD_ORD_1871;PROD_3;1;1
CORD_ORD_1871;PROD_30;1;1
CORD_ORD_1871;PROD_31;1;1
CORD_ORD_1871;PROD_32;1;1
CORD_ORD_1871;PROD_36;1;1
CORD_ORD_1871;PROD_37;1;1
CORD_ORD_1871;PROD_40;1;1
CORD_ORD_1871;PROD_43;1;1
CORD_ORD_1871;PROD_44;1;1
CORD_ORD_1871;PROD_46;1;1
CORD_ORD_1871;PROD_47;1;1
CORD_ORD_1871;PROD_8;1;1
CORD_ORD_1872;PROD_10;1;1
CORD_ORD_1872;PROD_12;1;1
CORD_ORD_1872;PROD_14;1;1
CORD_ORD_1872;PROD_18;1;1
CORD_ORD_1872;PROD_2;1;1
CORD_ORD_1872;PROD_26;1;1
CORD_ORD_1872;PROD_29;1;1
CORD_ORD_1872;PROD_30;1;1
CORD_ORD_1872;PROD_31;1;1
CORD_ORD_1872;PROD_35;1;1
CORD_ORD_1872;PROD_37;1;1
CORD_ORD_1872;PROD_43;1;1
CORD_ORD_1872;PROD_44;1;1
CORD_ORD_1872;PROD_50;1;1
CORD_ORD_1872;PROD_6;1;1
CORD_ORD_1872;PROD_7;1;1
CORD_ORD_1872;PROD_8;1;1
CORD_ORD_1872;PROD_9;1;1
CORD_ORD_1873;PROD_11;1;1
CORD_ORD_1873;PROD_12;1;1
CORD_ORD_1873;PROD_15;1;1
CORD_ORD_1873;PROD_26;1;1
CORD_ORD_1873;PROD_27;1;1
CORD_ORD_1873;PROD_29;1;1
CORD_ORD_1873;PROD_30;1;1
CORD_ORD_1873;PROD_31;1;1
CORD_ORD_1873;PROD_32;1;1
CORD_ORD_1873;PROD_38;1;1
CORD_ORD_1873;PROD_4;1;1
CORD_ORD_1873;PROD_40;1;1
CORD_ORD_1873;PROD_47;1;1
CORD_ORD_1873;PROD_48;1;1
CORD_ORD_1873;PROD_49;1;1
CORD_ORD_1873;PROD_8;1;1
CORD_ORD_1874;PROD_1;1;1
CORD_ORD_1874;PROD_10;1;1
CORD_ORD_1874;PROD_14;1;1
CORD_ORD_1874;PROD_18;1;1
CORD_ORD_1874;PROD_2;1;1
CORD_ORD_1874;PROD_3;1;1
CORD_ORD_1874;PROD_35;1;1
CORD_ORD_1874;PROD_36;1;1
CORD_ORD_1874;PROD_43;1;1
CORD_ORD_1874;PROD_46;1;1
CORD_ORD_1874;PROD_7;1;1
CORD_ORD_1874;PROD_9;1;1
CORD_ORD_1875;PROD_11;1;1
CORD_ORD_1875;PROD_15;1;1
CORD_ORD_1875;PROD_16;1;1
CORD_ORD_1875;PROD_20;1;1
CORD_ORD_1875;PROD_22;1;1
CORD_ORD_1875;PROD_25;1;1
CORD_ORD_1875;PROD_28;1;1
CORD_ORD_1875;PROD_30;1;1
CORD_ORD_1875;PROD_32;1;1
CORD_ORD_1875;PROD_34;1;1
CORD_ORD_1875;PROD_35;1;1
CORD_ORD_1875;PROD_38;1;1
CORD_ORD_1875;PROD_39;1;1
CORD_ORD_1875;PROD_4;1;1
CORD_ORD_1875;PROD_40;1;1
CORD_ORD_1875;PROD_47;1;1
CORD_ORD_1875;PROD_48;1;1
CORD_ORD_1875;PROD_5;1;1
CORD_ORD_1875;PROD_7;1;1
CORD_ORD_1875;PROD_8;1;1
CORD_ORD_1876;PROD_12;1;1
CORD_ORD_1876;PROD_17;1;1
CORD_ORD_1876;PROD_18;1;1
CORD_ORD_1876;PROD_2;1;1
CORD_ORD_1876;PROD_21;1;1
CORD_ORD_1876;PROD_24;1;1
CORD_ORD_1876;PROD_26;1;1
CORD_ORD_1876;PROD_27;1;1
CORD_ORD_1876;PROD_38;1;1
CORD_ORD_1876;PROD_4;1;1
CORD_ORD_1876;PROD_41;1;1
CORD_ORD_1876;PROD_49;1;1
CORD_ORD_1877;PROD_10;1;1
CORD_ORD_1877;PROD_11;1;1
CORD_ORD_1877;PROD_15;1;1
CORD_ORD_1877;PROD_22;1;1
CORD_ORD_1877;PROD_28;1;1
CORD_ORD_1877;PROD_30;1;1
CORD_ORD_1877;PROD_32;1;1
CORD_ORD_1877;PROD_34;1;1
CORD_ORD_1877;PROD_36;1;1
CORD_ORD_1877;PROD_37;1;1
CORD_ORD_1877;PROD_38;1;1
CORD_ORD_1877;PROD_4;1;1
CORD_ORD_1877;PROD_43;1;1
CORD_ORD_1877;PROD_44;1;1
CORD_ORD_1877;PROD_46;1;1
CORD_ORD_1877;PROD_48;1;1
CORD_ORD_1877;PROD_5;1;1
CORD_ORD_1877;PROD_8;1;1
CORD_ORD_1878;PROD_10;1;1
CORD_ORD_1878;PROD_11;1;1
CORD_ORD_1878;PROD_13;1;1
CORD_ORD_1878;PROD_15;1;1
CORD_ORD_1878;PROD_16;1;1
CORD_ORD_1878;PROD_19;1;1
CORD_ORD_1878;PROD_22;1;1
CORD_ORD_1878;PROD_25;1;1
CORD_ORD_1878;PROD_28;1;1
CORD_ORD_1878;PROD_30;1;1
CORD_ORD_1878;PROD_32;1;1
CORD_ORD_1878;PROD_33;1;1
CORD_ORD_1878;PROD_37;1;1
CORD_ORD_1878;PROD_43;1;1
CORD_ORD_1878;PROD_44;1;1
CORD_ORD_1878;PROD_45;1;1
CORD_ORD_1878;PROD_48;1;1
CORD_ORD_1878;PROD_8;1;1
CORD_ORD_1879;PROD_1;1;1
CORD_ORD_1879;PROD_10;1;1
CORD_ORD_1879;PROD_22;1;1
CORD_ORD_1879;PROD_23;1;1
CORD_ORD_1879;PROD_28;1;1
CORD_ORD_1879;PROD_3;1;1
CORD_ORD_1879;PROD_30;1;1
CORD_ORD_1879;PROD_34;1;1
CORD_ORD_1879;PROD_35;1;1
CORD_ORD_1879;PROD_36;1;1
CORD_ORD_1879;PROD_37;1;1
CORD_ORD_1879;PROD_40;1;1
CORD_ORD_1879;PROD_42;1;1
CORD_ORD_1879;PROD_43;1;1
CORD_ORD_1879;PROD_44;1;1
CORD_ORD_1879;PROD_46;1;1
CORD_ORD_1879;PROD_47;1;1
CORD_ORD_1879;PROD_5;1;1
CORD_ORD_1879;PROD_7;1;1
CORD_ORD_1879;PROD_8;1;1
CORD_ORD_1880;PROD_1;1;1
CORD_ORD_1880;PROD_11;1;1
CORD_ORD_1880;PROD_13;1;1
CORD_ORD_1880;PROD_19;1;1
CORD_ORD_1880;PROD_22;1;1
CORD_ORD_1880;PROD_23;1;1
CORD_ORD_1880;PROD_28;1;1
CORD_ORD_1880;PROD_3;1;1
CORD_ORD_1880;PROD_30;1;1
CORD_ORD_1880;PROD_33;1;1
CORD_ORD_1880;PROD_34;1;1
CORD_ORD_1880;PROD_35;1;1
CORD_ORD_1880;PROD_36;1;1
CORD_ORD_1880;PROD_37;1;1
CORD_ORD_1880;PROD_42;1;1
CORD_ORD_1880;PROD_44;1;1
CORD_ORD_1880;PROD_45;1;1
CORD_ORD_1880;PROD_46;1;1
CORD_ORD_1880;PROD_48;1;1
CORD_ORD_1880;PROD_5;1;1
CORD_ORD_1880;PROD_50;1;1
CORD_ORD_1880;PROD_6;1;1
CORD_ORD_1880;PROD_7;1;1
CORD_ORD_1880;PROD_8;1;1
CORD_ORD_1881;PROD_12;1;1
CORD_ORD_1881;PROD_19;1;1
CORD_ORD_1881;PROD_20;1;1
CORD_ORD_1881;PROD_21;1;1
CORD_ORD_1881;PROD_22;1;1
CORD_ORD_1881;PROD_24;1;1
CORD_ORD_1881;PROD_26;1;1
CORD_ORD_1881;PROD_28;1;1
CORD_ORD_1881;PROD_30;1;1
CORD_ORD_1881;PROD_34;1;1
CORD_ORD_1881;PROD_37;1;1
CORD_ORD_1881;PROD_38;1;1
CORD_ORD_1881;PROD_39;1;1
CORD_ORD_1881;PROD_4;1;1
CORD_ORD_1881;PROD_44;1;1
CORD_ORD_1881;PROD_45;1;1
CORD_ORD_1881;PROD_5;1;1
CORD_ORD_1881;PROD_50;1;1
CORD_ORD_1881;PROD_6;1;1
CORD_ORD_1881;PROD_8;1;1
CORD_ORD_1882;PROD_21;1;1
CORD_ORD_1882;PROD_24;1;1
CORD_ORD_1882;PROD_27;1;1
CORD_ORD_1882;PROD_38;1;1
CORD_ORD_1882;PROD_4;1;1
CORD_ORD_1882;PROD_40;1;1
CORD_ORD_1882;PROD_47;1;1
CORD_ORD_1882;PROD_49;1;1
CORD_ORD_1883;PROD_1;1;1
CORD_ORD_1883;PROD_15;1;1
CORD_ORD_1883;PROD_16;1;1
CORD_ORD_1883;PROD_22;1;1
CORD_ORD_1883;PROD_25;1;1
CORD_ORD_1883;PROD_28;1;1
CORD_ORD_1883;PROD_3;1;1
CORD_ORD_1883;PROD_32;1;1
CORD_ORD_1884;PROD_10;1;1
CORD_ORD_1884;PROD_12;1;1
CORD_ORD_1884;PROD_15;1;1
CORD_ORD_1884;PROD_26;1;1
CORD_ORD_1884;PROD_32;1;1
CORD_ORD_1884;PROD_34;1;1
CORD_ORD_1884;PROD_38;1;1
CORD_ORD_1884;PROD_4;1;1
CORD_ORD_1884;PROD_43;1;1
CORD_ORD_1884;PROD_5;1;1
CORD_ORD_1885;PROD_13;1;1
CORD_ORD_1885;PROD_15;1;1
CORD_ORD_1885;PROD_22;1;1
CORD_ORD_1885;PROD_23;1;1
CORD_ORD_1885;PROD_28;1;1
CORD_ORD_1885;PROD_29;1;1
CORD_ORD_1885;PROD_31;1;1
CORD_ORD_1885;PROD_32;1;1
CORD_ORD_1885;PROD_33;1;1
CORD_ORD_1885;PROD_42;1;1
CORD_ORD_1886;PROD_15;1;1
CORD_ORD_1886;PROD_16;1;1
CORD_ORD_1886;PROD_25;1;1
CORD_ORD_1886;PROD_30;1;1
CORD_ORD_1886;PROD_32;1;1
CORD_ORD_1886;PROD_36;1;1
CORD_ORD_1886;PROD_37;1;1
CORD_ORD_1886;PROD_40;1;1
CORD_ORD_1886;PROD_44;1;1
CORD_ORD_1886;PROD_46;1;1
CORD_ORD_1886;PROD_47;1;1
CORD_ORD_1886;PROD_8;1;1
CORD_ORD_1887;PROD_1;1;1
CORD_ORD_1887;PROD_10;1;1
CORD_ORD_1887;PROD_11;1;1
CORD_ORD_1887;PROD_12;1;1
CORD_ORD_1887;PROD_15;1;1
CORD_ORD_1887;PROD_16;1;1
CORD_ORD_1887;PROD_18;1;1
CORD_ORD_1887;PROD_2;1;1
CORD_ORD_1887;PROD_25;1;1
CORD_ORD_1887;PROD_26;1;1
CORD_ORD_1887;PROD_29;1;1
CORD_ORD_1887;PROD_3;1;1
CORD_ORD_1887;PROD_31;1;1
CORD_ORD_1887;PROD_32;1;1
CORD_ORD_1887;PROD_36;1;1
CORD_ORD_1887;PROD_37;1;1
CORD_ORD_1887;PROD_40;1;1
CORD_ORD_1887;PROD_43;1;1
CORD_ORD_1887;PROD_44;1;1
CORD_ORD_1887;PROD_46;1;1
CORD_ORD_1887;PROD_47;1;1
CORD_ORD_1887;PROD_48;1;1
CORD_ORD_1888;PROD_10;1;1
CORD_ORD_1888;PROD_11;1;1
CORD_ORD_1888;PROD_14;1;1
CORD_ORD_1888;PROD_18;1;1
CORD_ORD_1888;PROD_2;1;1
CORD_ORD_1888;PROD_23;1;1
CORD_ORD_1888;PROD_29;1;1
CORD_ORD_1888;PROD_31;1;1
CORD_ORD_1888;PROD_34;1;1
CORD_ORD_1888;PROD_35;1;1
CORD_ORD_1888;PROD_42;1;1
CORD_ORD_1888;PROD_43;1;1
CORD_ORD_1888;PROD_48;1;1
CORD_ORD_1888;PROD_5;1;1
CORD_ORD_1888;PROD_7;1;1
CORD_ORD_1888;PROD_9;1;1
CORD_ORD_1889;PROD_1;1;1
CORD_ORD_1889;PROD_10;1;1
CORD_ORD_1889;PROD_11;1;1
CORD_ORD_1889;PROD_14;1;1
CORD_ORD_1889;PROD_15;1;1
CORD_ORD_1889;PROD_17;1;1
CORD_ORD_1889;PROD_27;1;1
CORD_ORD_1889;PROD_29;1;1
CORD_ORD_1889;PROD_3;1;1
CORD_ORD_1889;PROD_31;1;1
CORD_ORD_1889;PROD_32;1;1
CORD_ORD_1889;PROD_35;1;1
CORD_ORD_1889;PROD_40;1;1
CORD_ORD_1889;PROD_41;1;1
CORD_ORD_1889;PROD_43;1;1
CORD_ORD_1889;PROD_47;1;1
CORD_ORD_1889;PROD_48;1;1
CORD_ORD_1889;PROD_49;1;1
CORD_ORD_1889;PROD_7;1;1
CORD_ORD_1889;PROD_9;1;1
CORD_ORD_1890;PROD_16;1;1
CORD_ORD_1890;PROD_18;1;1
CORD_ORD_1890;PROD_2;1;1
CORD_ORD_1890;PROD_20;1;1
CORD_ORD_1890;PROD_21;1;1
CORD_ORD_1890;PROD_24;1;1
CORD_ORD_1890;PROD_25;1;1
CORD_ORD_1890;PROD_27;1;1
CORD_ORD_1890;PROD_29;1;1
CORD_ORD_1890;PROD_30;1;1
CORD_ORD_1890;PROD_31;1;1
CORD_ORD_1890;PROD_37;1;1
CORD_ORD_1890;PROD_39;1;1
CORD_ORD_1890;PROD_40;1;1
CORD_ORD_1890;PROD_44;1;1
CORD_ORD_1890;PROD_47;1;1
CORD_ORD_1890;PROD_49;1;1
CORD_ORD_1890;PROD_8;1;1
CORD_ORD_1891;PROD_1;1;1
CORD_ORD_1891;PROD_10;1;1
CORD_ORD_1891;PROD_19;1;1
CORD_ORD_1891;PROD_21;1;1
CORD_ORD_1891;PROD_24;1;1
CORD_ORD_1891;PROD_3;1;1
CORD_ORD_1891;PROD_30;1;1
CORD_ORD_1891;PROD_35;1;1
CORD_ORD_1891;PROD_36;1;1
CORD_ORD_1891;PROD_43;1;1
CORD_ORD_1891;PROD_45;1;1
CORD_ORD_1891;PROD_46;1;1
CORD_ORD_1891;PROD_7;1;1
CORD_ORD_1891;PROD_8;1;1
CORD_ORD_1892;PROD_10;1;1
CORD_ORD_1892;PROD_12;1;1
CORD_ORD_1892;PROD_14;1;1
CORD_ORD_1892;PROD_16;1;1
CORD_ORD_1892;PROD_22;1;1
CORD_ORD_1892;PROD_25;1;1
CORD_ORD_1892;PROD_26;1;1
CORD_ORD_1892;PROD_28;1;1
CORD_ORD_1892;PROD_36;1;1
CORD_ORD_1892;PROD_37;1;1
CORD_ORD_1892;PROD_38;1;1
CORD_ORD_1892;PROD_4;1;1
CORD_ORD_1892;PROD_43;1;1
CORD_ORD_1892;PROD_44;1;1
CORD_ORD_1892;PROD_46;1;1
CORD_ORD_1892;PROD_9;1;1
CORD_ORD_1893;PROD_1;1;1
CORD_ORD_1893;PROD_10;1;1
CORD_ORD_1893;PROD_11;1;1
CORD_ORD_1893;PROD_16;1;1
CORD_ORD_1893;PROD_17;1;1
CORD_ORD_1893;PROD_22;1;1
CORD_ORD_1893;PROD_25;1;1
CORD_ORD_1893;PROD_28;1;1
CORD_ORD_1893;PROD_3;1;1
CORD_ORD_1893;PROD_41;1;1
CORD_ORD_1893;PROD_43;1;1
CORD_ORD_1893;PROD_48;1;1
CORD_ORD_1894;PROD_1;1;1
CORD_ORD_1894;PROD_13;1;1
CORD_ORD_1894;PROD_16;1;1
CORD_ORD_1894;PROD_22;1;1
CORD_ORD_1894;PROD_25;1;1
CORD_ORD_1894;PROD_28;1;1
CORD_ORD_1894;PROD_3;1;1
CORD_ORD_1894;PROD_33;1;1
CORD_ORD_1894;PROD_38;1;1
CORD_ORD_1894;PROD_4;1;1
CORD_ORD_1895;PROD_23;1;1
CORD_ORD_1895;PROD_27;1;1
CORD_ORD_1895;PROD_30;1;1
CORD_ORD_1895;PROD_35;1;1
CORD_ORD_1895;PROD_36;1;1
CORD_ORD_1895;PROD_40;1;1
CORD_ORD_1895;PROD_42;1;1
CORD_ORD_1895;PROD_46;1;1
CORD_ORD_1895;PROD_47;1;1
CORD_ORD_1895;PROD_49;1;1
CORD_ORD_1895;PROD_7;1;1
CORD_ORD_1895;PROD_8;1;1
CORD_ORD_1896;PROD_1;1;1
CORD_ORD_1896;PROD_10;1;1
CORD_ORD_1896;PROD_14;1;1
CORD_ORD_1896;PROD_18;1;1
CORD_ORD_1896;PROD_2;1;1
CORD_ORD_1896;PROD_22;1;1
CORD_ORD_1896;PROD_28;1;1
CORD_ORD_1896;PROD_3;1;1
CORD_ORD_1896;PROD_35;1;1
CORD_ORD_1896;PROD_36;1;1
CORD_ORD_1896;PROD_37;1;1
CORD_ORD_1896;PROD_40;1;1
CORD_ORD_1896;PROD_43;1;1
CORD_ORD_1896;PROD_44;1;1
CORD_ORD_1896;PROD_46;1;1
CORD_ORD_1896;PROD_47;1;1
CORD_ORD_1896;PROD_7;1;1
CORD_ORD_1896;PROD_9;1;1
CORD_ORD_1897;PROD_17;1;1
CORD_ORD_1897;PROD_20;1;1
CORD_ORD_1897;PROD_21;1;1
CORD_ORD_1897;PROD_24;1;1
CORD_ORD_1897;PROD_30;1;1
CORD_ORD_1897;PROD_39;1;1
CORD_ORD_1897;PROD_41;1;1
CORD_ORD_1897;PROD_8;1;1
CORD_ORD_1898;PROD_10;1;1
CORD_ORD_1898;PROD_15;1;1
CORD_ORD_1898;PROD_16;1;1
CORD_ORD_1898;PROD_17;1;1
CORD_ORD_1898;PROD_18;1;1
CORD_ORD_1898;PROD_19;1;1
CORD_ORD_1898;PROD_2;1;1
CORD_ORD_1898;PROD_23;1;1
CORD_ORD_1898;PROD_25;1;1
CORD_ORD_1898;PROD_29;1;1
CORD_ORD_1898;PROD_31;1;1
CORD_ORD_1898;PROD_32;1;1
CORD_ORD_1898;PROD_34;1;1
CORD_ORD_1898;PROD_35;1;1
CORD_ORD_1898;PROD_40;1;1
CORD_ORD_1898;PROD_41;1;1
CORD_ORD_1898;PROD_42;1;1
CORD_ORD_1898;PROD_43;1;1
CORD_ORD_1898;PROD_45;1;1
CORD_ORD_1898;PROD_47;1;1
CORD_ORD_1898;PROD_5;1;1
CORD_ORD_1898;PROD_7;1;1
CORD_ORD_1899;PROD_12;1;1
CORD_ORD_1899;PROD_21;1;1
CORD_ORD_1899;PROD_23;1;1
CORD_ORD_1899;PROD_24;1;1
CORD_ORD_1899;PROD_26;1;1
CORD_ORD_1899;PROD_37;1;1
CORD_ORD_1899;PROD_42;1;1
CORD_ORD_1899;PROD_44;1;1
CORD_ORD_1900;PROD_11;1;1
CORD_ORD_1900;PROD_13;1;1
CORD_ORD_1900;PROD_19;1;1
CORD_ORD_1900;PROD_20;1;1
CORD_ORD_1900;PROD_30;1;1
CORD_ORD_1900;PROD_33;1;1
CORD_ORD_1900;PROD_37;1;1
CORD_ORD_1900;PROD_39;1;1
CORD_ORD_1900;PROD_44;1;1
CORD_ORD_1900;PROD_45;1;1
CORD_ORD_1900;PROD_48;1;1
CORD_ORD_1900;PROD_8;1;1
CORD_ORD_1901;PROD_10;1;1
CORD_ORD_1901;PROD_11;1;1
CORD_ORD_1901;PROD_14;1;1
CORD_ORD_1901;PROD_15;1;1
CORD_ORD_1901;PROD_17;1;1
CORD_ORD_1901;PROD_27;1;1
CORD_ORD_1901;PROD_32;1;1
CORD_ORD_1901;PROD_41;1;1
CORD_ORD_1901;PROD_43;1;1
CORD_ORD_1901;PROD_48;1;1
CORD_ORD_1901;PROD_49;1;1
CORD_ORD_1901;PROD_9;1;1
CORD_ORD_1902;PROD_1;1;1
CORD_ORD_1902;PROD_12;1;1
CORD_ORD_1902;PROD_26;1;1
CORD_ORD_1902;PROD_29;1;1
CORD_ORD_1902;PROD_3;1;1
CORD_ORD_1902;PROD_31;1;1
CORD_ORD_1902;PROD_36;1;1
CORD_ORD_1902;PROD_38;1;1
CORD_ORD_1902;PROD_4;1;1
CORD_ORD_1902;PROD_46;1;1
CORD_ORD_1903;PROD_1;1;1
CORD_ORD_1903;PROD_10;1;1
CORD_ORD_1903;PROD_13;1;1
CORD_ORD_1903;PROD_18;1;1
CORD_ORD_1903;PROD_2;1;1
CORD_ORD_1903;PROD_21;1;1
CORD_ORD_1903;PROD_22;1;1
CORD_ORD_1903;PROD_24;1;1
CORD_ORD_1903;PROD_28;1;1
CORD_ORD_1903;PROD_3;1;1
CORD_ORD_1903;PROD_33;1;1
CORD_ORD_1903;PROD_34;1;1
CORD_ORD_1903;PROD_37;1;1
CORD_ORD_1903;PROD_43;1;1
CORD_ORD_1903;PROD_44;1;1
CORD_ORD_1903;PROD_5;1;1
CORD_ORD_1903;PROD_50;1;1
CORD_ORD_1903;PROD_6;1;1
CORD_ORD_1904;PROD_13;1;1
CORD_ORD_1904;PROD_14;1;1
CORD_ORD_1904;PROD_15;1;1
CORD_ORD_1904;PROD_22;1;1
CORD_ORD_1904;PROD_28;1;1
CORD_ORD_1904;PROD_29;1;1
CORD_ORD_1904;PROD_30;1;1
CORD_ORD_1904;PROD_31;1;1
CORD_ORD_1904;PROD_32;1;1
CORD_ORD_1904;PROD_33;1;1
CORD_ORD_1904;PROD_35;1;1
CORD_ORD_1904;PROD_37;1;1
CORD_ORD_1904;PROD_38;1;1
CORD_ORD_1904;PROD_4;1;1
CORD_ORD_1904;PROD_44;1;1
CORD_ORD_1904;PROD_7;1;1
CORD_ORD_1904;PROD_8;1;1
CORD_ORD_1904;PROD_9;1;1
CORD_ORD_1905;PROD_13;1;1
CORD_ORD_1905;PROD_15;1;1
CORD_ORD_1905;PROD_16;1;1
CORD_ORD_1905;PROD_22;1;1
CORD_ORD_1905;PROD_25;1;1
CORD_ORD_1905;PROD_28;1;1
CORD_ORD_1905;PROD_29;1;1
CORD_ORD_1905;PROD_30;1;1
CORD_ORD_1905;PROD_31;1;1
CORD_ORD_1905;PROD_32;1;1
CORD_ORD_1905;PROD_33;1;1
CORD_ORD_1905;PROD_34;1;1
CORD_ORD_1905;PROD_36;1;1
CORD_ORD_1905;PROD_37;1;1
CORD_ORD_1905;PROD_44;1;1
CORD_ORD_1905;PROD_46;1;1
CORD_ORD_1905;PROD_5;1;1
CORD_ORD_1905;PROD_50;1;1
CORD_ORD_1905;PROD_6;1;1
CORD_ORD_1905;PROD_8;1;1
CORD_ORD_1906;PROD_1;1;1
CORD_ORD_1906;PROD_11;1;1
CORD_ORD_1906;PROD_18;1;1
CORD_ORD_1906;PROD_2;1;1
CORD_ORD_1906;PROD_3;1;1
CORD_ORD_1906;PROD_36;1;1
CORD_ORD_1906;PROD_37;1;1
CORD_ORD_1906;PROD_44;1;1
CORD_ORD_1906;PROD_46;1;1
CORD_ORD_1906;PROD_48;1;1
CORD_ORD_1907;PROD_1;1;1
CORD_ORD_1907;PROD_11;1;1
CORD_ORD_1907;PROD_13;1;1
CORD_ORD_1907;PROD_14;1;1
CORD_ORD_1907;PROD_18;1;1
CORD_ORD_1907;PROD_2;1;1
CORD_ORD_1907;PROD_3;1;1
CORD_ORD_1907;PROD_33;1;1
CORD_ORD_1907;PROD_36;1;1
CORD_ORD_1907;PROD_37;1;1
CORD_ORD_1907;PROD_44;1;1
CORD_ORD_1907;PROD_46;1;1
CORD_ORD_1907;PROD_48;1;1
CORD_ORD_1907;PROD_9;1;1
CORD_ORD_1908;PROD_11;1;1
CORD_ORD_1908;PROD_12;1;1
CORD_ORD_1908;PROD_14;1;1
CORD_ORD_1908;PROD_15;1;1
CORD_ORD_1908;PROD_21;1;1
CORD_ORD_1908;PROD_22;1;1
CORD_ORD_1908;PROD_24;1;1
CORD_ORD_1908;PROD_26;1;1
CORD_ORD_1908;PROD_27;1;1
CORD_ORD_1908;PROD_28;1;1
CORD_ORD_1908;PROD_29;1;1
CORD_ORD_1908;PROD_31;1;1
CORD_ORD_1908;PROD_32;1;1
CORD_ORD_1908;PROD_40;1;1
CORD_ORD_1908;PROD_47;1;1
CORD_ORD_1908;PROD_48;1;1
CORD_ORD_1908;PROD_49;1;1
CORD_ORD_1908;PROD_9;1;1
CORD_ORD_1909;PROD_13;1;1
CORD_ORD_1909;PROD_15;1;1
CORD_ORD_1909;PROD_16;1;1
CORD_ORD_1909;PROD_17;1;1
CORD_ORD_1909;PROD_19;1;1
CORD_ORD_1909;PROD_21;1;1
CORD_ORD_1909;PROD_23;1;1
CORD_ORD_1909;PROD_24;1;1
CORD_ORD_1909;PROD_25;1;1
CORD_ORD_1909;PROD_32;1;1
CORD_ORD_1909;PROD_33;1;1
CORD_ORD_1909;PROD_34;1;1
CORD_ORD_1909;PROD_40;1;1
CORD_ORD_1909;PROD_41;1;1
CORD_ORD_1909;PROD_42;1;1
CORD_ORD_1909;PROD_45;1;1
CORD_ORD_1909;PROD_47;1;1
CORD_ORD_1909;PROD_5;1;1
CORD_ORD_1910;PROD_10;1;1
CORD_ORD_1910;PROD_11;1;1
CORD_ORD_1910;PROD_12;1;1
CORD_ORD_1910;PROD_17;1;1
CORD_ORD_1910;PROD_19;1;1
CORD_ORD_1910;PROD_26;1;1
CORD_ORD_1910;PROD_41;1;1
CORD_ORD_1910;PROD_43;1;1
CORD_ORD_1910;PROD_45;1;1
CORD_ORD_1910;PROD_48;1;1
CORD_ORD_1910;PROD_50;1;1
CORD_ORD_1910;PROD_6;1;1
CORD_ORD_1911;PROD_10;1;1
CORD_ORD_1911;PROD_12;1;1
CORD_ORD_1911;PROD_22;1;1
CORD_ORD_1911;PROD_26;1;1
CORD_ORD_1911;PROD_28;1;1
CORD_ORD_1911;PROD_29;1;1
CORD_ORD_1911;PROD_30;1;1
CORD_ORD_1911;PROD_31;1;1
CORD_ORD_1911;PROD_38;1;1
CORD_ORD_1911;PROD_4;1;1
CORD_ORD_1911;PROD_43;1;1
CORD_ORD_1911;PROD_8;1;1
CORD_ORD_1912;PROD_1;1;1
CORD_ORD_1912;PROD_10;1;1
CORD_ORD_1912;PROD_11;1;1
CORD_ORD_1912;PROD_15;1;1
CORD_ORD_1912;PROD_22;1;1
CORD_ORD_1912;PROD_27;1;1
CORD_ORD_1912;PROD_28;1;1
CORD_ORD_1912;PROD_29;1;1
CORD_ORD_1912;PROD_3;1;1
CORD_ORD_1912;PROD_30;1;1
CORD_ORD_1912;PROD_31;1;1
CORD_ORD_1912;PROD_32;1;1
CORD_ORD_1912;PROD_36;1;1
CORD_ORD_1912;PROD_43;1;1
CORD_ORD_1912;PROD_46;1;1
CORD_ORD_1912;PROD_48;1;1
CORD_ORD_1912;PROD_49;1;1
CORD_ORD_1912;PROD_8;1;1
CORD_ORD_1913;PROD_11;1;1
CORD_ORD_1913;PROD_12;1;1
CORD_ORD_1913;PROD_13;1;1
CORD_ORD_1913;PROD_14;1;1
CORD_ORD_1913;PROD_15;1;1
CORD_ORD_1913;PROD_19;1;1
CORD_ORD_1913;PROD_20;1;1
CORD_ORD_1913;PROD_22;1;1
CORD_ORD_1913;PROD_26;1;1
CORD_ORD_1913;PROD_27;1;1
CORD_ORD_1913;PROD_28;1;1
CORD_ORD_1913;PROD_32;1;1
CORD_ORD_1913;PROD_33;1;1
CORD_ORD_1913;PROD_34;1;1
CORD_ORD_1913;PROD_36;1;1
CORD_ORD_1913;PROD_38;1;1
CORD_ORD_1913;PROD_39;1;1
CORD_ORD_1913;PROD_4;1;1
CORD_ORD_1913;PROD_40;1;1
CORD_ORD_1913;PROD_45;1;1
CORD_ORD_1913;PROD_46;1;1
CORD_ORD_1913;PROD_47;1;1
CORD_ORD_1913;PROD_48;1;1
CORD_ORD_1913;PROD_49;1;1
CORD_ORD_1913;PROD_5;1;1
CORD_ORD_1913;PROD_9;1;1
CORD_ORD_1914;PROD_1;1;1
CORD_ORD_1914;PROD_10;1;1
CORD_ORD_1914;PROD_15;1;1
CORD_ORD_1914;PROD_29;1;1
CORD_ORD_1914;PROD_3;1;1
CORD_ORD_1914;PROD_31;1;1
CORD_ORD_1914;PROD_32;1;1
CORD_ORD_1914;PROD_40;1;1
CORD_ORD_1914;PROD_43;1;1
CORD_ORD_1914;PROD_47;1;1
CORD_ORD_1915;PROD_14;1;1
CORD_ORD_1915;PROD_16;1;1
CORD_ORD_1915;PROD_25;1;1
CORD_ORD_1915;PROD_29;1;1
CORD_ORD_1915;PROD_31;1;1
CORD_ORD_1915;PROD_37;1;1
CORD_ORD_1915;PROD_44;1;1
CORD_ORD_1915;PROD_9;1;1
CORD_ORD_1916;PROD_11;1;1
CORD_ORD_1916;PROD_13;1;1
CORD_ORD_1916;PROD_15;1;1
CORD_ORD_1916;PROD_17;1;1
CORD_ORD_1916;PROD_19;1;1
CORD_ORD_1916;PROD_21;1;1
CORD_ORD_1916;PROD_23;1;1
CORD_ORD_1916;PROD_24;1;1
CORD_ORD_1916;PROD_30;1;1
CORD_ORD_1916;PROD_32;1;1
CORD_ORD_1916;PROD_33;1;1
CORD_ORD_1916;PROD_36;1;1
CORD_ORD_1916;PROD_37;1;1
CORD_ORD_1916;PROD_38;1;1
CORD_ORD_1916;PROD_4;1;1
CORD_ORD_1916;PROD_41;1;1
CORD_ORD_1916;PROD_42;1;1
CORD_ORD_1916;PROD_44;1;1
CORD_ORD_1916;PROD_45;1;1
CORD_ORD_1916;PROD_46;1;1
CORD_ORD_1916;PROD_48;1;1
CORD_ORD_1916;PROD_8;1;1
CORD_ORD_1917;PROD_12;1;1
CORD_ORD_1917;PROD_13;1;1
CORD_ORD_1917;PROD_14;1;1
CORD_ORD_1917;PROD_15;1;1
CORD_ORD_1917;PROD_16;1;1
CORD_ORD_1917;PROD_18;1;1
CORD_ORD_1917;PROD_2;1;1
CORD_ORD_1917;PROD_21;1;1
CORD_ORD_1917;PROD_24;1;1
CORD_ORD_1917;PROD_25;1;1
CORD_ORD_1917;PROD_26;1;1
CORD_ORD_1917;PROD_27;1;1
CORD_ORD_1917;PROD_32;1;1
CORD_ORD_1917;PROD_33;1;1
CORD_ORD_1917;PROD_36;1;1
CORD_ORD_1917;PROD_38;1;1
CORD_ORD_1917;PROD_4;1;1
CORD_ORD_1917;PROD_46;1;1
CORD_ORD_1917;PROD_49;1;1
CORD_ORD_1917;PROD_9;1;1
CORD_ORD_1918;PROD_10;1;1
CORD_ORD_1918;PROD_11;1;1
CORD_ORD_1918;PROD_14;1;1
CORD_ORD_1918;PROD_19;1;1
CORD_ORD_1918;PROD_21;1;1
CORD_ORD_1918;PROD_22;1;1
CORD_ORD_1918;PROD_24;1;1
CORD_ORD_1918;PROD_28;1;1
CORD_ORD_1918;PROD_37;1;1
CORD_ORD_1918;PROD_38;1;1
CORD_ORD_1918;PROD_4;1;1
CORD_ORD_1918;PROD_40;1;1
CORD_ORD_1918;PROD_43;1;1
CORD_ORD_1918;PROD_44;1;1
CORD_ORD_1918;PROD_45;1;1
CORD_ORD_1918;PROD_47;1;1
CORD_ORD_1918;PROD_48;1;1
CORD_ORD_1918;PROD_9;1;1
CORD_ORD_1919;PROD_1;1;1
CORD_ORD_1919;PROD_13;1;1
CORD_ORD_1919;PROD_20;1;1
CORD_ORD_1919;PROD_29;1;1
CORD_ORD_1919;PROD_3;1;1
CORD_ORD_1919;PROD_31;1;1
CORD_ORD_1919;PROD_33;1;1
CORD_ORD_1919;PROD_37;1;1
CORD_ORD_1919;PROD_39;1;1
CORD_ORD_1919;PROD_40;1;1
CORD_ORD_1919;PROD_44;1;1
CORD_ORD_1919;PROD_47;1;1
CORD_ORD_1920;PROD_10;1;1
CORD_ORD_1920;PROD_14;1;1
CORD_ORD_1920;PROD_18;1;1
CORD_ORD_1920;PROD_2;1;1
CORD_ORD_1920;PROD_21;1;1
CORD_ORD_1920;PROD_24;1;1
CORD_ORD_1920;PROD_27;1;1
CORD_ORD_1920;PROD_35;1;1
CORD_ORD_1920;PROD_40;1;1
CORD_ORD_1920;PROD_43;1;1
CORD_ORD_1920;PROD_47;1;1
CORD_ORD_1920;PROD_49;1;1
CORD_ORD_1920;PROD_50;1;1
CORD_ORD_1920;PROD_6;1;1
CORD_ORD_1920;PROD_7;1;1
CORD_ORD_1920;PROD_9;1;1
CORD_ORD_1921;PROD_1;1;1
CORD_ORD_1921;PROD_17;1;1
CORD_ORD_1921;PROD_20;1;1
CORD_ORD_1921;PROD_21;1;1
CORD_ORD_1921;PROD_22;1;1
CORD_ORD_1921;PROD_23;1;1
CORD_ORD_1921;PROD_24;1;1
CORD_ORD_1921;PROD_28;1;1
CORD_ORD_1921;PROD_3;1;1
CORD_ORD_1921;PROD_37;1;1
CORD_ORD_1921;PROD_38;1;1
CORD_ORD_1921;PROD_39;1;1
CORD_ORD_1921;PROD_4;1;1
CORD_ORD_1921;PROD_41;1;1
CORD_ORD_1921;PROD_42;1;1
CORD_ORD_1921;PROD_44;1;1
CORD_ORD_1922;PROD_10;1;1
CORD_ORD_1922;PROD_11;1;1
CORD_ORD_1922;PROD_22;1;1
CORD_ORD_1922;PROD_23;1;1
CORD_ORD_1922;PROD_28;1;1
CORD_ORD_1922;PROD_37;1;1
CORD_ORD_1922;PROD_42;1;1
CORD_ORD_1922;PROD_43;1;1
CORD_ORD_1922;PROD_44;1;1
CORD_ORD_1922;PROD_48;1;1
CORD_ORD_1923;PROD_1;1;1
CORD_ORD_1923;PROD_10;1;1
CORD_ORD_1923;PROD_11;1;1
CORD_ORD_1923;PROD_13;1;1
CORD_ORD_1923;PROD_19;1;1
CORD_ORD_1923;PROD_3;1;1
CORD_ORD_1923;PROD_30;1;1
CORD_ORD_1923;PROD_33;1;1
CORD_ORD_1923;PROD_36;1;1
CORD_ORD_1923;PROD_37;1;1
CORD_ORD_1923;PROD_43;1;1
CORD_ORD_1923;PROD_44;1;1
CORD_ORD_1923;PROD_45;1;1
CORD_ORD_1923;PROD_46;1;1
CORD_ORD_1923;PROD_48;1;1
CORD_ORD_1923;PROD_8;1;1
CORD_ORD_1924;PROD_12;1;1
CORD_ORD_1924;PROD_14;1;1
CORD_ORD_1924;PROD_19;1;1
CORD_ORD_1924;PROD_26;1;1
CORD_ORD_1924;PROD_40;1;1
CORD_ORD_1924;PROD_45;1;1
CORD_ORD_1924;PROD_47;1;1
CORD_ORD_1924;PROD_9;1;1
CORD_ORD_1925;PROD_1;1;1
CORD_ORD_1925;PROD_16;1;1
CORD_ORD_1925;PROD_18;1;1
CORD_ORD_1925;PROD_2;1;1
CORD_ORD_1925;PROD_22;1;1
CORD_ORD_1925;PROD_25;1;1
CORD_ORD_1925;PROD_28;1;1
CORD_ORD_1925;PROD_3;1;1
CORD_ORD_1925;PROD_36;1;1
CORD_ORD_1925;PROD_37;1;1
CORD_ORD_1925;PROD_44;1;1
CORD_ORD_1925;PROD_46;1;1
CORD_ORD_1926;PROD_10;1;1
CORD_ORD_1926;PROD_11;1;1
CORD_ORD_1926;PROD_13;1;1
CORD_ORD_1926;PROD_16;1;1
CORD_ORD_1926;PROD_25;1;1
CORD_ORD_1926;PROD_33;1;1
CORD_ORD_1926;PROD_36;1;1
CORD_ORD_1926;PROD_43;1;1
CORD_ORD_1926;PROD_46;1;1
CORD_ORD_1926;PROD_48;1;1
CORD_ORD_1927;PROD_10;1;1
CORD_ORD_1927;PROD_15;1;1
CORD_ORD_1927;PROD_32;1;1
CORD_ORD_1927;PROD_34;1;1
CORD_ORD_1927;PROD_38;1;1
CORD_ORD_1927;PROD_4;1;1
CORD_ORD_1927;PROD_43;1;1
CORD_ORD_1927;PROD_5;1;1
CORD_ORD_1928;PROD_1;1;1
CORD_ORD_1928;PROD_10;1;1
CORD_ORD_1928;PROD_15;1;1
CORD_ORD_1928;PROD_3;1;1
CORD_ORD_1928;PROD_30;1;1
CORD_ORD_1928;PROD_32;1;1
CORD_ORD_1928;PROD_34;1;1
CORD_ORD_1928;PROD_36;1;1
CORD_ORD_1928;PROD_38;1;1
CORD_ORD_1928;PROD_4;1;1
CORD_ORD_1928;PROD_40;1;1
CORD_ORD_1928;PROD_43;1;1
CORD_ORD_1928;PROD_46;1;1
CORD_ORD_1928;PROD_47;1;1
CORD_ORD_1928;PROD_5;1;1
CORD_ORD_1928;PROD_8;1;1
CORD_ORD_1929;PROD_11;1;1
CORD_ORD_1929;PROD_13;1;1
CORD_ORD_1929;PROD_14;1;1
CORD_ORD_1929;PROD_15;1;1
CORD_ORD_1929;PROD_18;1;1
CORD_ORD_1929;PROD_2;1;1
CORD_ORD_1929;PROD_32;1;1
CORD_ORD_1929;PROD_33;1;1
CORD_ORD_1929;PROD_36;1;1
CORD_ORD_1929;PROD_46;1;1
CORD_ORD_1929;PROD_48;1;1
CORD_ORD_1929;PROD_9;1;1
CORD_ORD_1930;PROD_10;1;1
CORD_ORD_1930;PROD_11;1;1
CORD_ORD_1930;PROD_12;1;1
CORD_ORD_1930;PROD_14;1;1
CORD_ORD_1930;PROD_16;1;1
CORD_ORD_1930;PROD_17;1;1
CORD_ORD_1930;PROD_25;1;1
CORD_ORD_1930;PROD_26;1;1
CORD_ORD_1930;PROD_27;1;1
CORD_ORD_1930;PROD_29;1;1
CORD_ORD_1930;PROD_31;1;1
CORD_ORD_1930;PROD_36;1;1
CORD_ORD_1930;PROD_38;1;1
CORD_ORD_1930;PROD_4;1;1
CORD_ORD_1930;PROD_41;1;1
CORD_ORD_1930;PROD_43;1;1
CORD_ORD_1930;PROD_46;1;1
CORD_ORD_1930;PROD_48;1;1
CORD_ORD_1930;PROD_49;1;1
CORD_ORD_1930;PROD_9;1;1
CORD_ORD_1931;PROD_1;1;1
CORD_ORD_1931;PROD_10;1;1
CORD_ORD_1931;PROD_29;1;1
CORD_ORD_1931;PROD_3;1;1
CORD_ORD_1931;PROD_30;1;1
CORD_ORD_1931;PROD_31;1;1
CORD_ORD_1931;PROD_36;1;1
CORD_ORD_1931;PROD_43;1;1
CORD_ORD_1931;PROD_46;1;1
CORD_ORD_1931;PROD_8;1;1
CORD_ORD_1932;PROD_11;1;1
CORD_ORD_1932;PROD_13;1;1
CORD_ORD_1932;PROD_19;1;1
CORD_ORD_1932;PROD_33;1;1
CORD_ORD_1932;PROD_37;1;1
CORD_ORD_1932;PROD_44;1;1
CORD_ORD_1932;PROD_45;1;1
CORD_ORD_1932;PROD_48;1;1
CORD_ORD_1933;PROD_10;1;1
CORD_ORD_1933;PROD_13;1;1
CORD_ORD_1933;PROD_15;1;1
CORD_ORD_1933;PROD_18;1;1
CORD_ORD_1933;PROD_2;1;1
CORD_ORD_1933;PROD_20;1;1
CORD_ORD_1933;PROD_22;1;1
CORD_ORD_1933;PROD_27;1;1
CORD_ORD_1933;PROD_28;1;1
CORD_ORD_1933;PROD_29;1;1
CORD_ORD_1933;PROD_30;1;1
CORD_ORD_1933;PROD_31;1;1
CORD_ORD_1933;PROD_32;1;1
CORD_ORD_1933;PROD_33;1;1
CORD_ORD_1933;PROD_39;1;1
CORD_ORD_1933;PROD_43;1;1
CORD_ORD_1933;PROD_49;1;1
CORD_ORD_1933;PROD_50;1;1
CORD_ORD_1933;PROD_6;1;1
CORD_ORD_1933;PROD_8;1;1
CORD_ORD_1934;PROD_1;1;1
CORD_ORD_1934;PROD_14;1;1
CORD_ORD_1934;PROD_22;1;1
CORD_ORD_1934;PROD_23;1;1
CORD_ORD_1934;PROD_28;1;1
CORD_ORD_1934;PROD_29;1;1
CORD_ORD_1934;PROD_3;1;1
CORD_ORD_1934;PROD_30;1;1
CORD_ORD_1934;PROD_31;1;1
CORD_ORD_1934;PROD_35;1;1
CORD_ORD_1934;PROD_36;1;1
CORD_ORD_1934;PROD_38;1;1
CORD_ORD_1934;PROD_4;1;1
CORD_ORD_1934;PROD_40;1;1
CORD_ORD_1934;PROD_42;1;1
CORD_ORD_1934;PROD_46;1;1
CORD_ORD_1934;PROD_47;1;1
CORD_ORD_1934;PROD_50;1;1
CORD_ORD_1934;PROD_6;1;1
CORD_ORD_1934;PROD_7;1;1
CORD_ORD_1934;PROD_8;1;1
CORD_ORD_1934;PROD_9;1;1
CORD_ORD_1935;PROD_12;1;1
CORD_ORD_1935;PROD_13;1;1
CORD_ORD_1935;PROD_14;1;1
CORD_ORD_1935;PROD_15;1;1
CORD_ORD_1935;PROD_17;1;1
CORD_ORD_1935;PROD_18;1;1
CORD_ORD_1935;PROD_2;1;1
CORD_ORD_1935;PROD_20;1;1
CORD_ORD_1935;PROD_26;1;1
CORD_ORD_1935;PROD_32;1;1
CORD_ORD_1935;PROD_33;1;1
CORD_ORD_1935;PROD_35;1;1
CORD_ORD_1935;PROD_36;1;1
CORD_ORD_1935;PROD_38;1;1
CORD_ORD_1935;PROD_39;1;1
CORD_ORD_1935;PROD_4;1;1
CORD_ORD_1935;PROD_41;1;1
CORD_ORD_1935;PROD_46;1;1
CORD_ORD_1935;PROD_7;1;1
CORD_ORD_1935;PROD_9;1;1
CORD_ORD_1936;PROD_1;1;1
CORD_ORD_1936;PROD_15;1;1
CORD_ORD_1936;PROD_16;1;1
CORD_ORD_1936;PROD_20;1;1
CORD_ORD_1936;PROD_22;1;1
CORD_ORD_1936;PROD_25;1;1
CORD_ORD_1936;PROD_28;1;1
CORD_ORD_1936;PROD_29;1;1
CORD_ORD_1936;PROD_3;1;1
CORD_ORD_1936;PROD_30;1;1
CORD_ORD_1936;PROD_31;1;1
CORD_ORD_1936;PROD_32;1;1
CORD_ORD_1936;PROD_36;1;1
CORD_ORD_1936;PROD_38;1;1
CORD_ORD_1936;PROD_39;1;1
CORD_ORD_1936;PROD_4;1;1
CORD_ORD_1936;PROD_46;1;1
CORD_ORD_1936;PROD_50;1;1
CORD_ORD_1936;PROD_6;1;1
CORD_ORD_1936;PROD_8;1;1
CORD_ORD_1937;PROD_10;1;1
CORD_ORD_1937;PROD_12;1;1
CORD_ORD_1937;PROD_13;1;1
CORD_ORD_1937;PROD_14;1;1
CORD_ORD_1937;PROD_15;1;1
CORD_ORD_1937;PROD_17;1;1
CORD_ORD_1937;PROD_22;1;1
CORD_ORD_1937;PROD_23;1;1
CORD_ORD_1937;PROD_26;1;1
CORD_ORD_1937;PROD_28;1;1
CORD_ORD_1937;PROD_29;1;1
CORD_ORD_1937;PROD_30;1;1
CORD_ORD_1937;PROD_31;1;1
CORD_ORD_1937;PROD_32;1;1
CORD_ORD_1937;PROD_33;1;1
CORD_ORD_1937;PROD_41;1;1
CORD_ORD_1937;PROD_42;1;1
CORD_ORD_1937;PROD_43;1;1
CORD_ORD_1937;PROD_8;1;1
CORD_ORD_1937;PROD_9;1;1
CORD_ORD_1938;PROD_15;1;1
CORD_ORD_1938;PROD_16;1;1
CORD_ORD_1938;PROD_18;1;1
CORD_ORD_1938;PROD_19;1;1
CORD_ORD_1938;PROD_2;1;1
CORD_ORD_1938;PROD_22;1;1
CORD_ORD_1938;PROD_25;1;1
CORD_ORD_1938;PROD_28;1;1
CORD_ORD_1938;PROD_30;1;1
CORD_ORD_1938;PROD_32;1;1
CORD_ORD_1938;PROD_34;1;1
CORD_ORD_1938;PROD_35;1;1
CORD_ORD_1938;PROD_37;1;1
CORD_ORD_1938;PROD_40;1;1
CORD_ORD_1938;PROD_44;1;1
CORD_ORD_1938;PROD_45;1;1
CORD_ORD_1938;PROD_47;1;1
CORD_ORD_1938;PROD_5;1;1
CORD_ORD_1938;PROD_7;1;1
CORD_ORD_1938;PROD_8;1;1
CORD_ORD_1939;PROD_10;1;1
CORD_ORD_1939;PROD_11;1;1
CORD_ORD_1939;PROD_16;1;1
CORD_ORD_1939;PROD_17;1;1
CORD_ORD_1939;PROD_20;1;1
CORD_ORD_1939;PROD_22;1;1
CORD_ORD_1939;PROD_25;1;1
CORD_ORD_1939;PROD_27;1;1
CORD_ORD_1939;PROD_28;1;1
CORD_ORD_1939;PROD_37;1;1
CORD_ORD_1939;PROD_38;1;1
CORD_ORD_1939;PROD_39;1;1
CORD_ORD_1939;PROD_4;1;1
CORD_ORD_1939;PROD_41;1;1
CORD_ORD_1939;PROD_43;1;1
CORD_ORD_1939;PROD_44;1;1
CORD_ORD_1939;PROD_48;1;1
CORD_ORD_1939;PROD_49;1;1
CORD_ORD_1940;PROD_1;1;1
CORD_ORD_1940;PROD_10;1;1
CORD_ORD_1940;PROD_11;1;1
CORD_ORD_1940;PROD_12;1;1
CORD_ORD_1940;PROD_13;1;1
CORD_ORD_1940;PROD_14;1;1
CORD_ORD_1940;PROD_15;1;1
CORD_ORD_1940;PROD_18;1;1
CORD_ORD_1940;PROD_2;1;1
CORD_ORD_1940;PROD_20;1;1
CORD_ORD_1940;PROD_26;1;1
CORD_ORD_1940;PROD_29;1;1
CORD_ORD_1940;PROD_3;1;1
CORD_ORD_1940;PROD_30;1;1
CORD_ORD_1940;PROD_31;1;1
CORD_ORD_1940;PROD_32;1;1
CORD_ORD_1940;PROD_33;1;1
CORD_ORD_1940;PROD_37;1;1
CORD_ORD_1940;PROD_39;1;1
CORD_ORD_1940;PROD_43;1;1
CORD_ORD_1940;PROD_44;1;1
CORD_ORD_1940;PROD_48;1;1
CORD_ORD_1940;PROD_50;1;1
CORD_ORD_1940;PROD_6;1;1
CORD_ORD_1940;PROD_8;1;1
CORD_ORD_1940;PROD_9;1;1
CORD_ORD_1941;PROD_1;1;1
CORD_ORD_1941;PROD_10;1;1
CORD_ORD_1941;PROD_15;1;1
CORD_ORD_1941;PROD_16;1;1
CORD_ORD_1941;PROD_18;1;1
CORD_ORD_1941;PROD_2;1;1
CORD_ORD_1941;PROD_22;1;1
CORD_ORD_1941;PROD_25;1;1
CORD_ORD_1941;PROD_27;1;1
CORD_ORD_1941;PROD_28;1;1
CORD_ORD_1941;PROD_29;1;1
CORD_ORD_1941;PROD_3;1;1
CORD_ORD_1941;PROD_31;1;1
CORD_ORD_1941;PROD_32;1;1
CORD_ORD_1941;PROD_36;1;1
CORD_ORD_1941;PROD_37;1;1
CORD_ORD_1941;PROD_40;1;1
CORD_ORD_1941;PROD_43;1;1
CORD_ORD_1941;PROD_44;1;1
CORD_ORD_1941;PROD_46;1;1
CORD_ORD_1941;PROD_47;1;1
CORD_ORD_1941;PROD_49;1;1
CORD_ORD_1941;PROD_50;1;1
CORD_ORD_1941;PROD_6;1;1
CORD_ORD_1942;PROD_1;1;1
CORD_ORD_1942;PROD_14;1;1
CORD_ORD_1942;PROD_18;1;1
CORD_ORD_1942;PROD_2;1;1
CORD_ORD_1942;PROD_3;1;1
CORD_ORD_1942;PROD_34;1;1
CORD_ORD_1942;PROD_36;1;1
CORD_ORD_1942;PROD_37;1;1
CORD_ORD_1942;PROD_44;1;1
CORD_ORD_1942;PROD_46;1;1
CORD_ORD_1942;PROD_5;1;1
CORD_ORD_1942;PROD_50;1;1
CORD_ORD_1942;PROD_6;1;1
CORD_ORD_1942;PROD_9;1;1
CORD_ORD_1943;PROD_10;1;1
CORD_ORD_1943;PROD_12;1;1
CORD_ORD_1943;PROD_16;1;1
CORD_ORD_1943;PROD_17;1;1
CORD_ORD_1943;PROD_21;1;1
CORD_ORD_1943;PROD_24;1;1
CORD_ORD_1943;PROD_25;1;1
CORD_ORD_1943;PROD_26;1;1
CORD_ORD_1943;PROD_36;1;1
CORD_ORD_1943;PROD_37;1;1
CORD_ORD_1943;PROD_41;1;1
CORD_ORD_1943;PROD_43;1;1
CORD_ORD_1943;PROD_44;1;1
CORD_ORD_1943;PROD_46;1;1
CORD_ORD_1944;PROD_1;1;1
CORD_ORD_1944;PROD_11;1;1
CORD_ORD_1944;PROD_16;1;1
CORD_ORD_1944;PROD_19;1;1
CORD_ORD_1944;PROD_21;1;1
CORD_ORD_1944;PROD_23;1;1
CORD_ORD_1944;PROD_24;1;1
CORD_ORD_1944;PROD_25;1;1
CORD_ORD_1944;PROD_29;1;1
CORD_ORD_1944;PROD_3;1;1
CORD_ORD_1944;PROD_31;1;1
CORD_ORD_1944;PROD_36;1;1
CORD_ORD_1944;PROD_37;1;1
CORD_ORD_1944;PROD_38;1;1
CORD_ORD_1944;PROD_4;1;1
CORD_ORD_1944;PROD_40;1;1
CORD_ORD_1944;PROD_42;1;1
CORD_ORD_1944;PROD_44;1;1
CORD_ORD_1944;PROD_45;1;1
CORD_ORD_1944;PROD_46;1;1
CORD_ORD_1944;PROD_47;1;1
CORD_ORD_1944;PROD_48;1;1
CORD_ORD_1944;PROD_50;1;1
CORD_ORD_1944;PROD_6;1;1
CORD_ORD_1945;PROD_1;1;1
CORD_ORD_1945;PROD_10;1;1
CORD_ORD_1945;PROD_11;1;1
CORD_ORD_1945;PROD_14;1;1
CORD_ORD_1945;PROD_16;1;1
CORD_ORD_1945;PROD_18;1;1
CORD_ORD_1945;PROD_2;1;1
CORD_ORD_1945;PROD_25;1;1
CORD_ORD_1945;PROD_3;1;1
CORD_ORD_1945;PROD_35;1;1
CORD_ORD_1945;PROD_36;1;1
CORD_ORD_1945;PROD_37;1;1
CORD_ORD_1945;PROD_38;1;1
CORD_ORD_1945;PROD_4;1;1
CORD_ORD_1945;PROD_43;1;1
CORD_ORD_1945;PROD_44;1;1
CORD_ORD_1945;PROD_46;1;1
CORD_ORD_1945;PROD_48;1;1
CORD_ORD_1945;PROD_7;1;1
CORD_ORD_1945;PROD_9;1;1
CORD_ORD_1946;PROD_1;1;1
CORD_ORD_1946;PROD_12;1;1
CORD_ORD_1946;PROD_15;1;1
CORD_ORD_1946;PROD_18;1;1
CORD_ORD_1946;PROD_2;1;1
CORD_ORD_1946;PROD_22;1;1
CORD_ORD_1946;PROD_26;1;1
CORD_ORD_1946;PROD_28;1;1
CORD_ORD_1946;PROD_29;1;1
CORD_ORD_1946;PROD_3;1;1
CORD_ORD_1946;PROD_31;1;1
CORD_ORD_1946;PROD_32;1;1
CORD_ORD_1946;PROD_36;1;1
CORD_ORD_1946;PROD_37;1;1
CORD_ORD_1946;PROD_44;1;1
CORD_ORD_1946;PROD_46;1;1
CORD_ORD_1946;PROD_50;1;1
CORD_ORD_1946;PROD_6;1;1
CORD_ORD_1947;PROD_1;1;1
CORD_ORD_1947;PROD_10;1;1
CORD_ORD_1947;PROD_13;1;1
CORD_ORD_1947;PROD_14;1;1
CORD_ORD_1947;PROD_18;1;1
CORD_ORD_1947;PROD_19;1;1
CORD_ORD_1947;PROD_2;1;1
CORD_ORD_1947;PROD_21;1;1
CORD_ORD_1947;PROD_24;1;1
CORD_ORD_1947;PROD_29;1;1
CORD_ORD_1947;PROD_3;1;1
CORD_ORD_1947;PROD_30;1;1
CORD_ORD_1947;PROD_31;1;1
CORD_ORD_1947;PROD_33;1;1
CORD_ORD_1947;PROD_35;1;1
CORD_ORD_1947;PROD_36;1;1
CORD_ORD_1947;PROD_37;1;1
CORD_ORD_1947;PROD_43;1;1
CORD_ORD_1947;PROD_44;1;1
CORD_ORD_1947;PROD_45;1;1
CORD_ORD_1947;PROD_46;1;1
CORD_ORD_1947;PROD_7;1;1
CORD_ORD_1947;PROD_8;1;1
CORD_ORD_1947;PROD_9;1;1
CORD_ORD_1948;PROD_1;1;1
CORD_ORD_1948;PROD_10;1;1
CORD_ORD_1948;PROD_11;1;1
CORD_ORD_1948;PROD_18;1;1
CORD_ORD_1948;PROD_19;1;1
CORD_ORD_1948;PROD_2;1;1
CORD_ORD_1948;PROD_23;1;1
CORD_ORD_1948;PROD_3;1;1
CORD_ORD_1948;PROD_42;1;1
CORD_ORD_1948;PROD_43;1;1
CORD_ORD_1948;PROD_45;1;1
CORD_ORD_1948;PROD_48;1;1
CORD_ORD_1949;PROD_13;1;1
CORD_ORD_1949;PROD_15;1;1
CORD_ORD_1949;PROD_19;1;1
CORD_ORD_1949;PROD_21;1;1
CORD_ORD_1949;PROD_24;1;1
CORD_ORD_1949;PROD_30;1;1
CORD_ORD_1949;PROD_32;1;1
CORD_ORD_1949;PROD_33;1;1
CORD_ORD_1949;PROD_36;1;1
CORD_ORD_1949;PROD_40;1;1
CORD_ORD_1949;PROD_45;1;1
CORD_ORD_1949;PROD_46;1;1
CORD_ORD_1949;PROD_47;1;1
CORD_ORD_1949;PROD_8;1;1
CORD_ORD_1950;PROD_1;1;1
CORD_ORD_1950;PROD_10;1;1
CORD_ORD_1950;PROD_13;1;1
CORD_ORD_1950;PROD_14;1;1
CORD_ORD_1950;PROD_16;1;1
CORD_ORD_1950;PROD_25;1;1
CORD_ORD_1950;PROD_27;1;1
CORD_ORD_1950;PROD_3;1;1
CORD_ORD_1950;PROD_30;1;1
CORD_ORD_1950;PROD_33;1;1
CORD_ORD_1950;PROD_35;1;1
CORD_ORD_1950;PROD_37;1;1
CORD_ORD_1950;PROD_40;1;1
CORD_ORD_1950;PROD_43;1;1
CORD_ORD_1950;PROD_44;1;1
CORD_ORD_1950;PROD_47;1;1
CORD_ORD_1950;PROD_49;1;1
CORD_ORD_1950;PROD_7;1;1
CORD_ORD_1950;PROD_8;1;1
CORD_ORD_1950;PROD_9;1;1
CORD_ORD_1951;PROD_11;1;1
CORD_ORD_1951;PROD_12;1;1
CORD_ORD_1951;PROD_14;1;1
CORD_ORD_1951;PROD_15;1;1
CORD_ORD_1951;PROD_18;1;1
CORD_ORD_1951;PROD_2;1;1
CORD_ORD_1951;PROD_26;1;1
CORD_ORD_1951;PROD_27;1;1
CORD_ORD_1951;PROD_29;1;1
CORD_ORD_1951;PROD_31;1;1
CORD_ORD_1951;PROD_32;1;1
CORD_ORD_1951;PROD_36;1;1
CORD_ORD_1951;PROD_38;1;1
CORD_ORD_1951;PROD_4;1;1
CORD_ORD_1951;PROD_40;1;1
CORD_ORD_1951;PROD_46;1;1
CORD_ORD_1951;PROD_47;1;1
CORD_ORD_1951;PROD_48;1;1
CORD_ORD_1951;PROD_49;1;1
CORD_ORD_1951;PROD_9;1;1
CORD_ORD_1952;PROD_10;1;1
CORD_ORD_1952;PROD_11;1;1
CORD_ORD_1952;PROD_12;1;1
CORD_ORD_1952;PROD_14;1;1
CORD_ORD_1952;PROD_17;1;1
CORD_ORD_1952;PROD_21;1;1
CORD_ORD_1952;PROD_24;1;1
CORD_ORD_1952;PROD_26;1;1
CORD_ORD_1952;PROD_29;1;1
CORD_ORD_1952;PROD_30;1;1
CORD_ORD_1952;PROD_31;1;1
CORD_ORD_1952;PROD_41;1;1
CORD_ORD_1952;PROD_43;1;1
CORD_ORD_1952;PROD_48;1;1
CORD_ORD_1952;PROD_8;1;1
CORD_ORD_1952;PROD_9;1;1
CORD_ORD_1953;PROD_11;1;1
CORD_ORD_1953;PROD_12;1;1
CORD_ORD_1953;PROD_15;1;1
CORD_ORD_1953;PROD_17;1;1
CORD_ORD_1953;PROD_20;1;1
CORD_ORD_1953;PROD_21;1;1
CORD_ORD_1953;PROD_22;1;1
CORD_ORD_1953;PROD_24;1;1
CORD_ORD_1953;PROD_26;1;1
CORD_ORD_1953;PROD_27;1;1
CORD_ORD_1953;PROD_28;1;1
CORD_ORD_1953;PROD_29;1;1
CORD_ORD_1953;PROD_31;1;1
CORD_ORD_1953;PROD_32;1;1
CORD_ORD_1953;PROD_38;1;1
CORD_ORD_1953;PROD_39;1;1
CORD_ORD_1953;PROD_4;1;1
CORD_ORD_1953;PROD_41;1;1
CORD_ORD_1953;PROD_48;1;1
CORD_ORD_1953;PROD_49;1;1
CORD_ORD_1953;PROD_50;1;1
CORD_ORD_1953;PROD_6;1;1
CORD_ORD_1954;PROD_10;1;1
CORD_ORD_1954;PROD_11;1;1
CORD_ORD_1954;PROD_15;1;1
CORD_ORD_1954;PROD_17;1;1
CORD_ORD_1954;PROD_27;1;1
CORD_ORD_1954;PROD_29;1;1
CORD_ORD_1954;PROD_31;1;1
CORD_ORD_1954;PROD_32;1;1
CORD_ORD_1954;PROD_41;1;1
CORD_ORD_1954;PROD_43;1;1
CORD_ORD_1954;PROD_48;1;1
CORD_ORD_1954;PROD_49;1;1
CORD_ORD_1955;PROD_10;1;1
CORD_ORD_1955;PROD_15;1;1
CORD_ORD_1955;PROD_21;1;1
CORD_ORD_1955;PROD_23;1;1
CORD_ORD_1955;PROD_24;1;1
CORD_ORD_1955;PROD_32;1;1
CORD_ORD_1955;PROD_34;1;1
CORD_ORD_1955;PROD_37;1;1
CORD_ORD_1955;PROD_38;1;1
CORD_ORD_1955;PROD_4;1;1
CORD_ORD_1955;PROD_42;1;1
CORD_ORD_1955;PROD_43;1;1
CORD_ORD_1955;PROD_44;1;1
CORD_ORD_1955;PROD_5;1;1
CORD_ORD_1956;PROD_1;1;1
CORD_ORD_1956;PROD_10;1;1
CORD_ORD_1956;PROD_14;1;1
CORD_ORD_1956;PROD_18;1;1
CORD_ORD_1956;PROD_2;1;1
CORD_ORD_1956;PROD_21;1;1
CORD_ORD_1956;PROD_22;1;1
CORD_ORD_1956;PROD_23;1;1
CORD_ORD_1956;PROD_24;1;1
CORD_ORD_1956;PROD_28;1;1
CORD_ORD_1956;PROD_29;1;1
CORD_ORD_1956;PROD_3;1;1
CORD_ORD_1956;PROD_31;1;1
CORD_ORD_1956;PROD_38;1;1
CORD_ORD_1956;PROD_4;1;1
CORD_ORD_1956;PROD_42;1;1
CORD_ORD_1956;PROD_43;1;1
CORD_ORD_1956;PROD_50;1;1
CORD_ORD_1956;PROD_6;1;1
CORD_ORD_1956;PROD_9;1;1
CORD_ORD_1957;PROD_10;1;1
CORD_ORD_1957;PROD_11;1;1
CORD_ORD_1957;PROD_14;1;1
CORD_ORD_1957;PROD_15;1;1
CORD_ORD_1957;PROD_16;1;1
CORD_ORD_1957;PROD_18;1;1
CORD_ORD_1957;PROD_2;1;1
CORD_ORD_1957;PROD_21;1;1
CORD_ORD_1957;PROD_23;1;1
CORD_ORD_1957;PROD_24;1;1
CORD_ORD_1957;PROD_25;1;1
CORD_ORD_1957;PROD_29;1;1
CORD_ORD_1957;PROD_30;1;1
CORD_ORD_1957;PROD_31;1;1
CORD_ORD_1957;PROD_32;1;1
CORD_ORD_1957;PROD_35;1;1
CORD_ORD_1957;PROD_36;1;1
CORD_ORD_1957;PROD_37;1;1
CORD_ORD_1957;PROD_42;1;1
CORD_ORD_1957;PROD_43;1;1
CORD_ORD_1957;PROD_44;1;1
CORD_ORD_1957;PROD_46;1;1
CORD_ORD_1957;PROD_48;1;1
CORD_ORD_1957;PROD_7;1;1
CORD_ORD_1957;PROD_8;1;1
CORD_ORD_1957;PROD_9;1;1
CORD_ORD_1958;PROD_16;1;1
CORD_ORD_1958;PROD_21;1;1
CORD_ORD_1958;PROD_23;1;1
CORD_ORD_1958;PROD_24;1;1
CORD_ORD_1958;PROD_25;1;1
CORD_ORD_1958;PROD_35;1;1
CORD_ORD_1958;PROD_40;1;1
CORD_ORD_1958;PROD_42;1;1
CORD_ORD_1958;PROD_47;1;1
CORD_ORD_1958;PROD_7;1;1
CORD_ORD_1959;PROD_1;1;1
CORD_ORD_1959;PROD_10;1;1
CORD_ORD_1959;PROD_14;1;1
CORD_ORD_1959;PROD_15;1;1
CORD_ORD_1959;PROD_16;1;1
CORD_ORD_1959;PROD_22;1;1
CORD_ORD_1959;PROD_25;1;1
CORD_ORD_1959;PROD_28;1;1
CORD_ORD_1959;PROD_29;1;1
CORD_ORD_1959;PROD_3;1;1
CORD_ORD_1959;PROD_31;1;1
CORD_ORD_1959;PROD_32;1;1
CORD_ORD_1959;PROD_35;1;1
CORD_ORD_1959;PROD_37;1;1
CORD_ORD_1959;PROD_43;1;1
CORD_ORD_1959;PROD_44;1;1
CORD_ORD_1959;PROD_50;1;1
CORD_ORD_1959;PROD_6;1;1
CORD_ORD_1959;PROD_7;1;1
CORD_ORD_1959;PROD_9;1;1
CORD_ORD_1960;PROD_1;1;1
CORD_ORD_1960;PROD_13;1;1
CORD_ORD_1960;PROD_20;1;1
CORD_ORD_1960;PROD_21;1;1
CORD_ORD_1960;PROD_24;1;1
CORD_ORD_1960;PROD_27;1;1
CORD_ORD_1960;PROD_29;1;1
CORD_ORD_1960;PROD_3;1;1
CORD_ORD_1960;PROD_30;1;1
CORD_ORD_1960;PROD_31;1;1
CORD_ORD_1960;PROD_33;1;1
CORD_ORD_1960;PROD_36;1;1
CORD_ORD_1960;PROD_38;1;1
CORD_ORD_1960;PROD_39;1;1
CORD_ORD_1960;PROD_4;1;1
CORD_ORD_1960;PROD_46;1;1
CORD_ORD_1960;PROD_49;1;1
CORD_ORD_1960;PROD_8;1;1
CORD_ORD_1961;PROD_1;1;1
CORD_ORD_1961;PROD_11;1;1
CORD_ORD_1961;PROD_14;1;1
CORD_ORD_1961;PROD_18;1;1
CORD_ORD_1961;PROD_2;1;1
CORD_ORD_1961;PROD_3;1;1
CORD_ORD_1961;PROD_36;1;1
CORD_ORD_1961;PROD_37;1;1
CORD_ORD_1961;PROD_38;1;1
CORD_ORD_1961;PROD_4;1;1
CORD_ORD_1961;PROD_44;1;1
CORD_ORD_1961;PROD_46;1;1
CORD_ORD_1961;PROD_48;1;1
CORD_ORD_1961;PROD_9;1;1
CORD_ORD_1962;PROD_11;1;1
CORD_ORD_1962;PROD_13;1;1
CORD_ORD_1962;PROD_14;1;1
CORD_ORD_1962;PROD_16;1;1
CORD_ORD_1962;PROD_19;1;1
CORD_ORD_1962;PROD_20;1;1
CORD_ORD_1962;PROD_21;1;1
CORD_ORD_1962;PROD_24;1;1
CORD_ORD_1962;PROD_25;1;1
CORD_ORD_1962;PROD_30;1;1
CORD_ORD_1962;PROD_33;1;1
CORD_ORD_1962;PROD_36;1;1
CORD_ORD_1962;PROD_37;1;1
CORD_ORD_1962;PROD_38;1;1
CORD_ORD_1962;PROD_39;1;1
CORD_ORD_1962;PROD_4;1;1
CORD_ORD_1962;PROD_44;1;1
CORD_ORD_1962;PROD_45;1;1
CORD_ORD_1962;PROD_46;1;1
CORD_ORD_1962;PROD_48;1;1
CORD_ORD_1962;PROD_8;1;1
CORD_ORD_1962;PROD_9;1;1
CORD_ORD_1963;PROD_10;1;1
CORD_ORD_1963;PROD_11;1;1
CORD_ORD_1963;PROD_12;1;1
CORD_ORD_1963;PROD_13;1;1
CORD_ORD_1963;PROD_19;1;1
CORD_ORD_1963;PROD_21;1;1
CORD_ORD_1963;PROD_24;1;1
CORD_ORD_1963;PROD_26;1;1
CORD_ORD_1963;PROD_27;1;1
CORD_ORD_1963;PROD_29;1;1
CORD_ORD_1963;PROD_31;1;1
CORD_ORD_1963;PROD_33;1;1
CORD_ORD_1963;PROD_40;1;1
CORD_ORD_1963;PROD_43;1;1
CORD_ORD_1963;PROD_45;1;1
CORD_ORD_1963;PROD_47;1;1
CORD_ORD_1963;PROD_48;1;1
CORD_ORD_1963;PROD_49;1;1
CORD_ORD_1963;PROD_50;1;1
CORD_ORD_1963;PROD_6;1;1
CORD_ORD_1964;PROD_16;1;1
CORD_ORD_1964;PROD_17;1;1
CORD_ORD_1964;PROD_21;1;1
CORD_ORD_1964;PROD_24;1;1
CORD_ORD_1964;PROD_25;1;1
CORD_ORD_1964;PROD_29;1;1
CORD_ORD_1964;PROD_30;1;1
CORD_ORD_1964;PROD_31;1;1
CORD_ORD_1964;PROD_34;1;1
CORD_ORD_1964;PROD_37;1;1
CORD_ORD_1964;PROD_38;1;1
CORD_ORD_1964;PROD_4;1;1
CORD_ORD_1964;PROD_40;1;1
CORD_ORD_1964;PROD_41;1;1
CORD_ORD_1964;PROD_44;1;1
CORD_ORD_1964;PROD_47;1;1
CORD_ORD_1964;PROD_5;1;1
CORD_ORD_1964;PROD_50;1;1
CORD_ORD_1964;PROD_6;1;1
CORD_ORD_1964;PROD_8;1;1
CORD_ORD_1965;PROD_15;1;1
CORD_ORD_1965;PROD_17;1;1
CORD_ORD_1965;PROD_19;1;1
CORD_ORD_1965;PROD_20;1;1
CORD_ORD_1965;PROD_23;1;1
CORD_ORD_1965;PROD_29;1;1
CORD_ORD_1965;PROD_31;1;1
CORD_ORD_1965;PROD_32;1;1
CORD_ORD_1965;PROD_34;1;1
CORD_ORD_1965;PROD_37;1;1
CORD_ORD_1965;PROD_39;1;1
CORD_ORD_1965;PROD_41;1;1
CORD_ORD_1965;PROD_42;1;1
CORD_ORD_1965;PROD_44;1;1
CORD_ORD_1965;PROD_45;1;1
CORD_ORD_1965;PROD_5;1;1
CORD_ORD_1965;PROD_50;1;1
CORD_ORD_1965;PROD_6;1;1
CORD_ORD_1966;PROD_1;1;1
CORD_ORD_1966;PROD_10;1;1
CORD_ORD_1966;PROD_12;1;1
CORD_ORD_1966;PROD_16;1;1
CORD_ORD_1966;PROD_25;1;1
CORD_ORD_1966;PROD_26;1;1
CORD_ORD_1966;PROD_27;1;1
CORD_ORD_1966;PROD_29;1;1
CORD_ORD_1966;PROD_3;1;1
CORD_ORD_1966;PROD_30;1;1
CORD_ORD_1966;PROD_31;1;1
CORD_ORD_1966;PROD_36;1;1
CORD_ORD_1966;PROD_38;1;1
CORD_ORD_1966;PROD_4;1;1
CORD_ORD_1966;PROD_43;1;1
CORD_ORD_1966;PROD_46;1;1
CORD_ORD_1966;PROD_49;1;1
CORD_ORD_1966;PROD_50;1;1
CORD_ORD_1966;PROD_6;1;1
CORD_ORD_1966;PROD_8;1;1
CORD_ORD_1967;PROD_12;1;1
CORD_ORD_1967;PROD_21;1;1
CORD_ORD_1967;PROD_23;1;1
CORD_ORD_1967;PROD_24;1;1
CORD_ORD_1967;PROD_26;1;1
CORD_ORD_1967;PROD_30;1;1
CORD_ORD_1967;PROD_35;1;1
CORD_ORD_1967;PROD_42;1;1
CORD_ORD_1967;PROD_7;1;1
CORD_ORD_1967;PROD_8;1;1
CORD_ORD_1968;PROD_10;1;1
CORD_ORD_1968;PROD_11;1;1
CORD_ORD_1968;PROD_14;1;1
CORD_ORD_1968;PROD_18;1;1
CORD_ORD_1968;PROD_2;1;1
CORD_ORD_1968;PROD_20;1;1
CORD_ORD_1968;PROD_22;1;1
CORD_ORD_1968;PROD_28;1;1
CORD_ORD_1968;PROD_34;1;1
CORD_ORD_1968;PROD_36;1;1
CORD_ORD_1968;PROD_37;1;1
CORD_ORD_1968;PROD_39;1;1
CORD_ORD_1968;PROD_43;1;1
CORD_ORD_1968;PROD_44;1;1
CORD_ORD_1968;PROD_46;1;1
CORD_ORD_1968;PROD_48;1;1
CORD_ORD_1968;PROD_5;1;1
CORD_ORD_1968;PROD_9;1;1
CORD_ORD_1969;PROD_10;1;1
CORD_ORD_1969;PROD_15;1;1
CORD_ORD_1969;PROD_20;1;1
CORD_ORD_1969;PROD_30;1;1
CORD_ORD_1969;PROD_32;1;1
CORD_ORD_1969;PROD_36;1;1
CORD_ORD_1969;PROD_38;1;1
CORD_ORD_1969;PROD_39;1;1
CORD_ORD_1969;PROD_4;1;1
CORD_ORD_1969;PROD_43;1;1
CORD_ORD_1969;PROD_46;1;1
CORD_ORD_1969;PROD_8;1;1
CORD_ORD_1970;PROD_10;1;1
CORD_ORD_1970;PROD_11;1;1
CORD_ORD_1970;PROD_12;1;1
CORD_ORD_1970;PROD_15;1;1
CORD_ORD_1970;PROD_16;1;1
CORD_ORD_1970;PROD_17;1;1
CORD_ORD_1970;PROD_25;1;1
CORD_ORD_1970;PROD_26;1;1
CORD_ORD_1970;PROD_30;1;1
CORD_ORD_1970;PROD_32;1;1
CORD_ORD_1970;PROD_34;1;1
CORD_ORD_1970;PROD_35;1;1
CORD_ORD_1970;PROD_38;1;1
CORD_ORD_1970;PROD_4;1;1
CORD_ORD_1970;PROD_41;1;1
CORD_ORD_1970;PROD_43;1;1
CORD_ORD_1970;PROD_48;1;1
CORD_ORD_1970;PROD_5;1;1
CORD_ORD_1970;PROD_7;1;1
CORD_ORD_1970;PROD_8;1;1
CORD_ORD_1971;PROD_12;1;1
CORD_ORD_1971;PROD_13;1;1
CORD_ORD_1971;PROD_14;1;1
CORD_ORD_1971;PROD_18;1;1
CORD_ORD_1971;PROD_2;1;1
CORD_ORD_1971;PROD_23;1;1
CORD_ORD_1971;PROD_26;1;1
CORD_ORD_1971;PROD_27;1;1
CORD_ORD_1971;PROD_33;1;1
CORD_ORD_1971;PROD_34;1;1
CORD_ORD_1971;PROD_35;1;1
CORD_ORD_1971;PROD_37;1;1
CORD_ORD_1971;PROD_38;1;1
CORD_ORD_1971;PROD_4;1;1
CORD_ORD_1971;PROD_40;1;1
CORD_ORD_1971;PROD_42;1;1
CORD_ORD_1971;PROD_44;1;1
CORD_ORD_1971;PROD_47;1;1
CORD_ORD_1971;PROD_49;1;1
CORD_ORD_1971;PROD_5;1;1
CORD_ORD_1971;PROD_50;1;1
CORD_ORD_1971;PROD_6;1;1
CORD_ORD_1971;PROD_7;1;1
CORD_ORD_1971;PROD_9;1;1
CORD_ORD_1972;PROD_1;1;1
CORD_ORD_1972;PROD_10;1;1
CORD_ORD_1972;PROD_11;1;1
CORD_ORD_1972;PROD_15;1;1
CORD_ORD_1972;PROD_27;1;1
CORD_ORD_1972;PROD_29;1;1
CORD_ORD_1972;PROD_3;1;1
CORD_ORD_1972;PROD_30;1;1
CORD_ORD_1972;PROD_31;1;1
CORD_ORD_1972;PROD_32;1;1
CORD_ORD_1972;PROD_36;1;1
CORD_ORD_1972;PROD_43;1;1
CORD_ORD_1972;PROD_46;1;1
CORD_ORD_1972;PROD_48;1;1
CORD_ORD_1972;PROD_49;1;1
CORD_ORD_1972;PROD_8;1;1
CORD_ORD_1973;PROD_1;1;1
CORD_ORD_1973;PROD_10;1;1
CORD_ORD_1973;PROD_11;1;1
CORD_ORD_1973;PROD_20;1;1
CORD_ORD_1973;PROD_29;1;1
CORD_ORD_1973;PROD_3;1;1
CORD_ORD_1973;PROD_30;1;1
CORD_ORD_1973;PROD_31;1;1
CORD_ORD_1973;PROD_36;1;1
CORD_ORD_1973;PROD_38;1;1
CORD_ORD_1973;PROD_39;1;1
CORD_ORD_1973;PROD_4;1;1
CORD_ORD_1973;PROD_40;1;1
CORD_ORD_1973;PROD_43;1;1
CORD_ORD_1973;PROD_46;1;1
CORD_ORD_1973;PROD_47;1;1
CORD_ORD_1973;PROD_48;1;1
CORD_ORD_1973;PROD_8;1;1
CORD_ORD_1974;PROD_12;1;1
CORD_ORD_1974;PROD_13;1;1
CORD_ORD_1974;PROD_19;1;1
CORD_ORD_1974;PROD_22;1;1
CORD_ORD_1974;PROD_26;1;1
CORD_ORD_1974;PROD_28;1;1
CORD_ORD_1974;PROD_29;1;1
CORD_ORD_1974;PROD_31;1;1
CORD_ORD_1974;PROD_33;1;1
CORD_ORD_1974;PROD_34;1;1
CORD_ORD_1974;PROD_35;1;1
CORD_ORD_1974;PROD_36;1;1
CORD_ORD_1974;PROD_37;1;1
CORD_ORD_1974;PROD_40;1;1
CORD_ORD_1974;PROD_44;1;1
CORD_ORD_1974;PROD_45;1;1
CORD_ORD_1974;PROD_46;1;1
CORD_ORD_1974;PROD_47;1;1
CORD_ORD_1974;PROD_5;1;1
CORD_ORD_1974;PROD_7;1;1
CORD_ORD_1975;PROD_1;1;1
CORD_ORD_1975;PROD_14;1;1
CORD_ORD_1975;PROD_15;1;1
CORD_ORD_1975;PROD_21;1;1
CORD_ORD_1975;PROD_24;1;1
CORD_ORD_1975;PROD_3;1;1
CORD_ORD_1975;PROD_32;1;1
CORD_ORD_1975;PROD_9;1;1
CORD_ORD_1976;PROD_1;1;1
CORD_ORD_1976;PROD_11;1;1
CORD_ORD_1976;PROD_13;1;1
CORD_ORD_1976;PROD_15;1;1
CORD_ORD_1976;PROD_18;1;1
CORD_ORD_1976;PROD_19;1;1
CORD_ORD_1976;PROD_2;1;1
CORD_ORD_1976;PROD_3;1;1
CORD_ORD_1976;PROD_32;1;1
CORD_ORD_1976;PROD_33;1;1
CORD_ORD_1976;PROD_34;1;1
CORD_ORD_1976;PROD_36;1;1
CORD_ORD_1976;PROD_37;1;1
CORD_ORD_1976;PROD_38;1;1
CORD_ORD_1976;PROD_4;1;1
CORD_ORD_1976;PROD_44;1;1
CORD_ORD_1976;PROD_45;1;1
CORD_ORD_1976;PROD_46;1;1
CORD_ORD_1976;PROD_48;1;1
CORD_ORD_1976;PROD_5;1;1
CORD_ORD_1977;PROD_13;1;1
CORD_ORD_1977;PROD_20;1;1
CORD_ORD_1977;PROD_30;1;1
CORD_ORD_1977;PROD_33;1;1
CORD_ORD_1977;PROD_36;1;1
CORD_ORD_1977;PROD_38;1;1
CORD_ORD_1977;PROD_39;1;1
CORD_ORD_1977;PROD_4;1;1
CORD_ORD_1977;PROD_46;1;1
CORD_ORD_1977;PROD_8;1;1
CORD_ORD_1978;PROD_1;1;1
CORD_ORD_1978;PROD_10;1;1
CORD_ORD_1978;PROD_15;1;1
CORD_ORD_1978;PROD_3;1;1
CORD_ORD_1978;PROD_30;1;1
CORD_ORD_1978;PROD_32;1;1
CORD_ORD_1978;PROD_36;1;1
CORD_ORD_1978;PROD_43;1;1
CORD_ORD_1978;PROD_46;1;1
CORD_ORD_1978;PROD_8;1;1
CORD_ORD_1979;PROD_1;1;1
CORD_ORD_1979;PROD_10;1;1
CORD_ORD_1979;PROD_12;1;1
CORD_ORD_1979;PROD_13;1;1
CORD_ORD_1979;PROD_18;1;1
CORD_ORD_1979;PROD_2;1;1
CORD_ORD_1979;PROD_26;1;1
CORD_ORD_1979;PROD_27;1;1
CORD_ORD_1979;PROD_29;1;1
CORD_ORD_1979;PROD_3;1;1
CORD_ORD_1979;PROD_30;1;1
CORD_ORD_1979;PROD_31;1;1
CORD_ORD_1979;PROD_33;1;1
CORD_ORD_1979;PROD_43;1;1
CORD_ORD_1979;PROD_49;1;1
CORD_ORD_1979;PROD_8;1;1
CORD_ORD_1980;PROD_11;1;1
CORD_ORD_1980;PROD_13;1;1
CORD_ORD_1980;PROD_16;1;1
CORD_ORD_1980;PROD_19;1;1
CORD_ORD_1980;PROD_20;1;1
CORD_ORD_1980;PROD_25;1;1
CORD_ORD_1980;PROD_33;1;1
CORD_ORD_1980;PROD_37;1;1
CORD_ORD_1980;PROD_38;1;1
CORD_ORD_1980;PROD_39;1;1
CORD_ORD_1980;PROD_4;1;1
CORD_ORD_1980;PROD_40;1;1
CORD_ORD_1980;PROD_44;1;1
CORD_ORD_1980;PROD_45;1;1
CORD_ORD_1980;PROD_47;1;1
CORD_ORD_1980;PROD_48;1;1
CORD_ORD_1981;PROD_10;1;1
CORD_ORD_1981;PROD_14;1;1
CORD_ORD_1981;PROD_16;1;1
CORD_ORD_1981;PROD_17;1;1
CORD_ORD_1981;PROD_19;1;1
CORD_ORD_1981;PROD_21;1;1
CORD_ORD_1981;PROD_22;1;1
CORD_ORD_1981;PROD_24;1;1
CORD_ORD_1981;PROD_25;1;1
CORD_ORD_1981;PROD_28;1;1
CORD_ORD_1981;PROD_29;1;1
CORD_ORD_1981;PROD_30;1;1
CORD_ORD_1981;PROD_31;1;1
CORD_ORD_1981;PROD_37;1;1
CORD_ORD_1981;PROD_38;1;1
CORD_ORD_1981;PROD_4;1;1
CORD_ORD_1981;PROD_40;1;1
CORD_ORD_1981;PROD_41;1;1
CORD_ORD_1981;PROD_43;1;1
CORD_ORD_1981;PROD_44;1;1
CORD_ORD_1981;PROD_45;1;1
CORD_ORD_1981;PROD_47;1;1
CORD_ORD_1981;PROD_8;1;1
CORD_ORD_1981;PROD_9;1;1
CORD_ORD_1982;PROD_1;1;1
CORD_ORD_1982;PROD_10;1;1
CORD_ORD_1982;PROD_11;1;1
CORD_ORD_1982;PROD_15;1;1
CORD_ORD_1982;PROD_21;1;1
CORD_ORD_1982;PROD_22;1;1
CORD_ORD_1982;PROD_24;1;1
CORD_ORD_1982;PROD_27;1;1
CORD_ORD_1982;PROD_28;1;1
CORD_ORD_1982;PROD_29;1;1
CORD_ORD_1982;PROD_3;1;1
CORD_ORD_1982;PROD_31;1;1
CORD_ORD_1982;PROD_32;1;1
CORD_ORD_1982;PROD_40;1;1
CORD_ORD_1982;PROD_43;1;1
CORD_ORD_1982;PROD_47;1;1
CORD_ORD_1982;PROD_48;1;1
CORD_ORD_1982;PROD_49;1;1
CORD_ORD_1982;PROD_50;1;1
CORD_ORD_1982;PROD_6;1;1
CORD_ORD_1983;PROD_10;1;1
CORD_ORD_1983;PROD_11;1;1
CORD_ORD_1983;PROD_18;1;1
CORD_ORD_1983;PROD_2;1;1
CORD_ORD_1983;PROD_22;1;1
CORD_ORD_1983;PROD_28;1;1
CORD_ORD_1983;PROD_37;1;1
CORD_ORD_1983;PROD_43;1;1
CORD_ORD_1983;PROD_44;1;1
CORD_ORD_1983;PROD_48;1;1
CORD_ORD_1984;PROD_10;1;1
CORD_ORD_1984;PROD_11;1;1
CORD_ORD_1984;PROD_12;1;1
CORD_ORD_1984;PROD_15;1;1
CORD_ORD_1984;PROD_17;1;1
CORD_ORD_1984;PROD_21;1;1
CORD_ORD_1984;PROD_24;1;1
CORD_ORD_1984;PROD_26;1;1
CORD_ORD_1984;PROD_32;1;1
CORD_ORD_1984;PROD_35;1;1
CORD_ORD_1984;PROD_36;1;1
CORD_ORD_1984;PROD_38;1;1
CORD_ORD_1984;PROD_4;1;1
CORD_ORD_1984;PROD_41;1;1
CORD_ORD_1984;PROD_43;1;1
CORD_ORD_1984;PROD_46;1;1
CORD_ORD_1984;PROD_48;1;1
CORD_ORD_1984;PROD_7;1;1
CORD_ORD_1985;PROD_1;1;1
CORD_ORD_1985;PROD_11;1;1
CORD_ORD_1985;PROD_12;1;1
CORD_ORD_1985;PROD_14;1;1
CORD_ORD_1985;PROD_16;1;1
CORD_ORD_1985;PROD_22;1;1
CORD_ORD_1985;PROD_25;1;1
CORD_ORD_1985;PROD_26;1;1
CORD_ORD_1985;PROD_28;1;1
CORD_ORD_1985;PROD_29;1;1
CORD_ORD_1985;PROD_3;1;1
CORD_ORD_1985;PROD_31;1;1
CORD_ORD_1985;PROD_34;1;1
CORD_ORD_1985;PROD_36;1;1
CORD_ORD_1985;PROD_38;1;1
CORD_ORD_1985;PROD_4;1;1
CORD_ORD_1985;PROD_46;1;1
CORD_ORD_1985;PROD_48;1;1
CORD_ORD_1985;PROD_5;1;1
CORD_ORD_1985;PROD_50;1;1
CORD_ORD_1985;PROD_6;1;1
CORD_ORD_1985;PROD_9;1;1
CORD_ORD_1986;PROD_18;1;1
CORD_ORD_1986;PROD_2;1;1
CORD_ORD_1986;PROD_20;1;1
CORD_ORD_1986;PROD_39;1;1
CORD_ORD_1986;PROD_50;1;1
CORD_ORD_1986;PROD_6;1;1
CORD_ORD_1987;PROD_10;1;1
CORD_ORD_1987;PROD_13;1;1
CORD_ORD_1987;PROD_19;1;1
CORD_ORD_1987;PROD_29;1;1
CORD_ORD_1987;PROD_30;1;1
CORD_ORD_1987;PROD_31;1;1
CORD_ORD_1987;PROD_33;1;1
CORD_ORD_1987;PROD_37;1;1
CORD_ORD_1987;PROD_43;1;1
CORD_ORD_1987;PROD_44;1;1
CORD_ORD_1987;PROD_45;1;1
CORD_ORD_1987;PROD_8;1;1
CORD_ORD_1988;PROD_12;1;1
CORD_ORD_1988;PROD_16;1;1
CORD_ORD_1988;PROD_17;1;1
CORD_ORD_1988;PROD_21;1;1
CORD_ORD_1988;PROD_23;1;1
CORD_ORD_1988;PROD_24;1;1
CORD_ORD_1988;PROD_25;1;1
CORD_ORD_1988;PROD_26;1;1
CORD_ORD_1988;PROD_36;1;1
CORD_ORD_1988;PROD_37;1;1
CORD_ORD_1988;PROD_38;1;1
CORD_ORD_1988;PROD_4;1;1
CORD_ORD_1988;PROD_41;1;1
CORD_ORD_1988;PROD_42;1;1
CORD_ORD_1988;PROD_44;1;1
CORD_ORD_1988;PROD_46;1;1
CORD_ORD_1989;PROD_10;1;1
CORD_ORD_1989;PROD_11;1;1
CORD_ORD_1989;PROD_14;1;1
CORD_ORD_1989;PROD_16;1;1
CORD_ORD_1989;PROD_20;1;1
CORD_ORD_1989;PROD_25;1;1
CORD_ORD_1989;PROD_27;1;1
CORD_ORD_1989;PROD_30;1;1
CORD_ORD_1989;PROD_37;1;1
CORD_ORD_1989;PROD_39;1;1
CORD_ORD_1989;PROD_43;1;1
CORD_ORD_1989;PROD_44;1;1
CORD_ORD_1989;PROD_48;1;1
CORD_ORD_1989;PROD_49;1;1
CORD_ORD_1989;PROD_8;1;1
CORD_ORD_1989;PROD_9;1;1
CORD_ORD_1990;PROD_12;1;1
CORD_ORD_1990;PROD_13;1;1
CORD_ORD_1990;PROD_14;1;1
CORD_ORD_1990;PROD_19;1;1
CORD_ORD_1990;PROD_20;1;1
CORD_ORD_1990;PROD_21;1;1
CORD_ORD_1990;PROD_24;1;1
CORD_ORD_1990;PROD_26;1;1
CORD_ORD_1990;PROD_33;1;1
CORD_ORD_1990;PROD_34;1;1
CORD_ORD_1990;PROD_35;1;1
CORD_ORD_1990;PROD_39;1;1
CORD_ORD_1990;PROD_45;1;1
CORD_ORD_1990;PROD_5;1;1
CORD_ORD_1990;PROD_7;1;1
CORD_ORD_1990;PROD_9;1;1
CORD_ORD_1991;PROD_1;1;1
CORD_ORD_1991;PROD_10;1;1
CORD_ORD_1991;PROD_11;1;1
CORD_ORD_1991;PROD_18;1;1
CORD_ORD_1991;PROD_2;1;1
CORD_ORD_1991;PROD_20;1;1
CORD_ORD_1991;PROD_22;1;1
CORD_ORD_1991;PROD_28;1;1
CORD_ORD_1991;PROD_3;1;1
CORD_ORD_1991;PROD_37;1;1
CORD_ORD_1991;PROD_39;1;1
CORD_ORD_1991;PROD_40;1;1
CORD_ORD_1991;PROD_43;1;1
CORD_ORD_1991;PROD_44;1;1
CORD_ORD_1991;PROD_47;1;1
CORD_ORD_1991;PROD_48;1;1
CORD_ORD_1992;PROD_11;1;1
CORD_ORD_1992;PROD_14;1;1
CORD_ORD_1992;PROD_16;1;1
CORD_ORD_1992;PROD_18;1;1
CORD_ORD_1992;PROD_2;1;1
CORD_ORD_1992;PROD_25;1;1
CORD_ORD_1992;PROD_36;1;1
CORD_ORD_1992;PROD_46;1;1
CORD_ORD_1992;PROD_48;1;1
CORD_ORD_1992;PROD_9;1;1
CORD_ORD_1993;PROD_11;1;1
CORD_ORD_1993;PROD_13;1;1
CORD_ORD_1993;PROD_14;1;1
CORD_ORD_1993;PROD_17;1;1
CORD_ORD_1993;PROD_20;1;1
CORD_ORD_1993;PROD_27;1;1
CORD_ORD_1993;PROD_33;1;1
CORD_ORD_1993;PROD_35;1;1
CORD_ORD_1993;PROD_39;1;1
CORD_ORD_1993;PROD_40;1;1
CORD_ORD_1993;PROD_41;1;1
CORD_ORD_1993;PROD_47;1;1
CORD_ORD_1993;PROD_48;1;1
CORD_ORD_1993;PROD_49;1;1
CORD_ORD_1993;PROD_50;1;1
CORD_ORD_1993;PROD_6;1;1
CORD_ORD_1993;PROD_7;1;1
CORD_ORD_1993;PROD_9;1;1
CORD_ORD_1994;PROD_1;1;1
CORD_ORD_1994;PROD_12;1;1
CORD_ORD_1994;PROD_15;1;1
CORD_ORD_1994;PROD_21;1;1
CORD_ORD_1994;PROD_22;1;1
CORD_ORD_1994;PROD_24;1;1
CORD_ORD_1994;PROD_26;1;1
CORD_ORD_1994;PROD_28;1;1
CORD_ORD_1994;PROD_29;1;1
CORD_ORD_1994;PROD_3;1;1
CORD_ORD_1994;PROD_31;1;1
CORD_ORD_1994;PROD_32;1;1
CORD_ORD_1994;PROD_35;1;1
CORD_ORD_1994;PROD_38;1;1
CORD_ORD_1994;PROD_4;1;1
CORD_ORD_1994;PROD_50;1;1
CORD_ORD_1994;PROD_6;1;1
CORD_ORD_1994;PROD_7;1;1
CORD_ORD_1995;PROD_10;1;1
CORD_ORD_1995;PROD_11;1;1
CORD_ORD_1995;PROD_14;1;1
CORD_ORD_1995;PROD_15;1;1
CORD_ORD_1995;PROD_18;1;1
CORD_ORD_1995;PROD_2;1;1
CORD_ORD_1995;PROD_22;1;1
CORD_ORD_1995;PROD_23;1;1
CORD_ORD_1995;PROD_28;1;1
CORD_ORD_1995;PROD_29;1;1
CORD_ORD_1995;PROD_31;1;1
CORD_ORD_1995;PROD_32;1;1
CORD_ORD_1995;PROD_35;1;1
CORD_ORD_1995;PROD_36;1;1
CORD_ORD_1995;PROD_42;1;1
CORD_ORD_1995;PROD_43;1;1
CORD_ORD_1995;PROD_46;1;1
CORD_ORD_1995;PROD_48;1;1
CORD_ORD_1995;PROD_50;1;1
CORD_ORD_1995;PROD_6;1;1
CORD_ORD_1995;PROD_7;1;1
CORD_ORD_1995;PROD_9;1;1
CORD_ORD_1996;PROD_10;1;1
CORD_ORD_1996;PROD_13;1;1
CORD_ORD_1996;PROD_15;1;1
CORD_ORD_1996;PROD_16;1;1
CORD_ORD_1996;PROD_17;1;1
CORD_ORD_1996;PROD_20;1;1
CORD_ORD_1996;PROD_25;1;1
CORD_ORD_1996;PROD_27;1;1
CORD_ORD_1996;PROD_30;1;1
CORD_ORD_1996;PROD_32;1;1
CORD_ORD_1996;PROD_33;1;1
CORD_ORD_1996;PROD_39;1;1
CORD_ORD_1996;PROD_40;1;1
CORD_ORD_1996;PROD_41;1;1
CORD_ORD_1996;PROD_43;1;1
CORD_ORD_1996;PROD_47;1;1
CORD_ORD_1996;PROD_49;1;1
CORD_ORD_1996;PROD_8;1;1
CORD_ORD_1997;PROD_11;1;1
CORD_ORD_1997;PROD_13;1;1
CORD_ORD_1997;PROD_14;1;1
CORD_ORD_1997;PROD_16;1;1
CORD_ORD_1997;PROD_18;1;1
CORD_ORD_1997;PROD_2;1;1
CORD_ORD_1997;PROD_25;1;1
CORD_ORD_1997;PROD_29;1;1
CORD_ORD_1997;PROD_31;1;1
CORD_ORD_1997;PROD_33;1;1
CORD_ORD_1997;PROD_36;1;1
CORD_ORD_1997;PROD_38;1;1
CORD_ORD_1997;PROD_4;1;1
CORD_ORD_1997;PROD_46;1;1
CORD_ORD_1997;PROD_48;1;1
CORD_ORD_1997;PROD_9;1;1
CORD_ORD_1998;PROD_10;1;1
CORD_ORD_1998;PROD_12;1;1
CORD_ORD_1998;PROD_14;1;1
CORD_ORD_1998;PROD_16;1;1
CORD_ORD_1998;PROD_23;1;1
CORD_ORD_1998;PROD_25;1;1
CORD_ORD_1998;PROD_26;1;1
CORD_ORD_1998;PROD_30;1;1
CORD_ORD_1998;PROD_35;1;1
CORD_ORD_1998;PROD_36;1;1
CORD_ORD_1998;PROD_42;1;1
CORD_ORD_1998;PROD_43;1;1
CORD_ORD_1998;PROD_46;1;1
CORD_ORD_1998;PROD_50;1;1
CORD_ORD_1998;PROD_6;1;1
CORD_ORD_1998;PROD_7;1;1
CORD_ORD_1998;PROD_8;1;1
CORD_ORD_1998;PROD_9;1;1
CORD_ORD_1999;PROD_1;1;1
CORD_ORD_1999;PROD_13;1;1
CORD_ORD_1999;PROD_17;1;1
CORD_ORD_1999;PROD_18;1;1
CORD_ORD_1999;PROD_19;1;1
CORD_ORD_1999;PROD_2;1;1
CORD_ORD_1999;PROD_21;1;1
CORD_ORD_1999;PROD_23;1;1
CORD_ORD_1999;PROD_24;1;1
CORD_ORD_1999;PROD_27;1;1
CORD_ORD_1999;PROD_29;1;1
CORD_ORD_1999;PROD_3;1;1
CORD_ORD_1999;PROD_31;1;1
CORD_ORD_1999;PROD_33;1;1
CORD_ORD_1999;PROD_36;1;1
CORD_ORD_1999;PROD_37;1;1
CORD_ORD_1999;PROD_41;1;1
CORD_ORD_1999;PROD_42;1;1
CORD_ORD_1999;PROD_44;1;1
CORD_ORD_1999;PROD_45;1;1
CORD_ORD_1999;PROD_46;1;1
CORD_ORD_1999;PROD_49;1;1
