ORDER;PRODUCT;QTY;STATION
CORD_ORD_1;PROD_11;1;1
CORD_ORD_1;PROD_12;1;1
CORD_ORD_1;PROD_13;1;1
CORD_ORD_1;PROD_14;1;1
CORD_ORD_1;PROD_17;1;1
CORD_ORD_1;PROD_18;1;1
CORD_ORD_1;PROD_2;1;1
CORD_ORD_1;PROD_21;1;1
CORD_ORD_1;PROD_26;1;1
CORD_ORD_1;PROD_27;1;1
CORD_ORD_1;PROD_28;1;1
CORD_ORD_1;PROD_29;1;1
CORD_ORD_1;PROD_31;1;1
CORD_ORD_1;PROD_32;1;1
CORD_ORD_1;PROD_38;1;1
CORD_ORD_1;PROD_4;1;1
CORD_ORD_1;PROD_41;1;1
CORD_ORD_1;PROD_43;1;1
CORD_ORD_1;PROD_46;1;1
CORD_ORD_1;PROD_47;1;1
CORD_ORD_1;PROD_48;1;1
CORD_ORD_1;PROD_6;1;1
CORD_ORD_1;PROD_9;1;1
CORD_ORD_2;PROD_10;1;1
CORD_ORD_2;PROD_11;1;1
CORD_ORD_2;PROD_12;1;1
CORD_ORD_2;PROD_16;1;1
CORD_ORD_2;PROD_21;1;1
CORD_ORD_2;PROD_27;1;1
CORD_ORD_2;PROD_29;1;1
CORD_ORD_2;PROD_4;1;1
CORD_ORD_2;PROD_8;1;1
CORD_ORD_3;PROD_1;1;1
CORD_ORD_3;PROD_10;1;1
CORD_ORD_3;PROD_12;1;1
CORD_ORD_3;PROD_15;1;1
CORD_ORD_3;PROD_16;1;1
CORD_ORD_3;PROD_17;1;1
CORD_ORD_3;PROD_21;1;1
CORD_ORD_3;PROD_22;1;1
CORD_ORD_3;PROD_25;1;1
CORD_ORD_3;PROD_26;1;1
CORD_ORD_3;PROD_3;1;1
CORD_ORD_3;PROD_31;1;1
CORD_ORD_3;PROD_34;1;1
CORD_ORD_3;PROD_36;1;1
CORD_ORD_3;PROD_4;1;1
CORD_ORD_3;PROD_46;1;1
CORD_ORD_3;PROD_48;1;1
CORD_ORD_3;PROD_49;1;1
CORD_ORD_3;PROD_50;1;1
CORD_ORD_3;PROD_6;1;1
CORD_ORD_3;PROD_8;1;1
CORD_ORD_4;PROD_1;1;1
CORD_ORD_4;PROD_10;1;1
CORD_ORD_4;PROD_12;1;1
CORD_ORD_4;PROD_14;1;1
CORD_ORD_4;PROD_15;1;1
CORD_ORD_4;PROD_16;1;1
CORD_ORD_4;PROD_20;1;1
CORD_ORD_4;PROD_21;1;1
CORD_ORD_4;PROD_23;1;1
CORD_ORD_4;PROD_26;1;1
CORD_ORD_4;PROD_28;1;1
CORD_ORD_4;PROD_3;1;1
CORD_ORD_4;PROD_30;1;1
CORD_ORD_4;PROD_32;1;1
CORD_ORD_4;PROD_34;1;1
CORD_ORD_4;PROD_35;1;1
CORD_ORD_4;PROD_36;1;1
CORD_ORD_4;PROD_39;1;1
CORD_ORD_4;PROD_4;1;1
CORD_ORD_4;PROD_40;1;1
CORD_ORD_4;PROD_43;1;1
CORD_ORD_4;PROD_45;1;1
CORD_ORD_4;PROD_46;1;1
CORD_ORD_4;PROD_47;1;1
CORD_ORD_4;PROD_49;1;1
CORD_ORD_4;PROD_6;1;1
CORD_ORD_4;PROD_8;1;1
CORD_ORD_4;PROD_9;1;1
CORD_ORD_5;PROD_1;1;1
CORD_ORD_5;PROD_10;1;1
CORD_ORD_5;PROD_11;1;1
CORD_ORD_5;PROD_13;1;1
CORD_ORD_5;PROD_16;1;1
CORD_ORD_5;PROD_17;1;1
CORD_ORD_5;PROD_27;1;1
CORD_ORD_5;PROD_29;1;1
CORD_ORD_5;PROD_3;1;1
CORD_ORD_5;PROD_31;1;1
CORD_ORD_5;PROD_32;1;1
CORD_ORD_5;PROD_36;1;1
CORD_ORD_5;PROD_38;1;1
CORD_ORD_5;PROD_43;1;1
CORD_ORD_5;PROD_47;1;1
CORD_ORD_5;PROD_48;1;1
CORD_ORD_5;PROD_8;1;1
CORD_ORD_6;PROD_10;1;1
CORD_ORD_6;PROD_11;1;1
CORD_ORD_6;PROD_12;1;1
CORD_ORD_6;PROD_15;1;1
CORD_ORD_6;PROD_16;1;1
CORD_ORD_6;PROD_17;1;1
CORD_ORD_6;PROD_18;1;1
CORD_ORD_6;PROD_19;1;1
CORD_ORD_6;PROD_2;1;1
CORD_ORD_6;PROD_21;1;1
CORD_ORD_6;PROD_27;1;1
CORD_ORD_6;PROD_29;1;1
CORD_ORD_6;PROD_30;1;1
CORD_ORD_6;PROD_31;1;1
CORD_ORD_6;PROD_33;1;1
CORD_ORD_6;PROD_34;1;1
CORD_ORD_6;PROD_4;1;1
CORD_ORD_6;PROD_40;1;1
CORD_ORD_6;PROD_41;1;1
CORD_ORD_6;PROD_44;1;1
CORD_ORD_6;PROD_48;1;1
CORD_ORD_6;PROD_49;1;1
CORD_ORD_6;PROD_8;1;1
CORD_ORD_7;PROD_1;1;1
CORD_ORD_7;PROD_10;1;1
CORD_ORD_7;PROD_16;1;1
CORD_ORD_7;PROD_20;1;1
CORD_ORD_7;PROD_26;1;1
CORD_ORD_7;PROD_3;1;1
CORD_ORD_7;PROD_35;1;1
CORD_ORD_7;PROD_36;1;1
CORD_ORD_7;PROD_39;1;1
CORD_ORD_7;PROD_46;1;1
CORD_ORD_7;PROD_6;1;1
CORD_ORD_7;PROD_8;1;1
CORD_ORD_8;PROD_1;1;1
CORD_ORD_8;PROD_10;1;1
CORD_ORD_8;PROD_13;1;1
CORD_ORD_8;PROD_14;1;1
CORD_ORD_8;PROD_16;1;1
CORD_ORD_8;PROD_20;1;1
CORD_ORD_8;PROD_26;1;1
CORD_ORD_8;PROD_28;1;1
CORD_ORD_8;PROD_3;1;1
CORD_ORD_8;PROD_35;1;1
CORD_ORD_8;PROD_36;1;1
CORD_ORD_8;PROD_38;1;1
CORD_ORD_8;PROD_39;1;1
CORD_ORD_8;PROD_46;1;1
CORD_ORD_8;PROD_5;1;1
CORD_ORD_8;PROD_6;1;1
CORD_ORD_8;PROD_7;1;1
CORD_ORD_8;PROD_8;1;1
CORD_ORD_8;PROD_9;1;1
CORD_ORD_9;PROD_10;1;1
CORD_ORD_9;PROD_12;1;1
CORD_ORD_9;PROD_13;1;1
CORD_ORD_9;PROD_16;1;1
CORD_ORD_9;PROD_17;1;1
CORD_ORD_9;PROD_18;1;1
CORD_ORD_9;PROD_19;1;1
CORD_ORD_9;PROD_2;1;1
CORD_ORD_9;PROD_20;1;1
CORD_ORD_9;PROD_21;1;1
CORD_ORD_9;PROD_22;1;1
CORD_ORD_9;PROD_23;1;1
CORD_ORD_9;PROD_25;1;1
CORD_ORD_9;PROD_31;1;1
CORD_ORD_9;PROD_33;1;1
CORD_ORD_9;PROD_35;1;1
CORD_ORD_9;PROD_38;1;1
CORD_ORD_9;PROD_39;1;1
CORD_ORD_9;PROD_4;1;1
CORD_ORD_9;PROD_41;1;1
CORD_ORD_9;PROD_44;1;1
CORD_ORD_9;PROD_45;1;1
CORD_ORD_9;PROD_48;1;1
CORD_ORD_9;PROD_50;1;1
CORD_ORD_9;PROD_8;1;1
CORD_ORD_10;PROD_1;1;1
CORD_ORD_10;PROD_10;1;1
CORD_ORD_10;PROD_11;1;1
CORD_ORD_10;PROD_12;1;1
CORD_ORD_10;PROD_16;1;1
CORD_ORD_10;PROD_17;1;1
CORD_ORD_10;PROD_19;1;1
CORD_ORD_10;PROD_20;1;1
CORD_ORD_10;PROD_21;1;1
CORD_ORD_10;PROD_22;1;1
CORD_ORD_10;PROD_25;1;1
CORD_ORD_10;PROD_27;1;1
CORD_ORD_10;PROD_29;1;1
CORD_ORD_10;PROD_3;1;1
CORD_ORD_10;PROD_31;1;1
CORD_ORD_10;PROD_32;1;1
CORD_ORD_10;PROD_33;1;1
CORD_ORD_10;PROD_35;1;1
CORD_ORD_10;PROD_36;1;1
CORD_ORD_10;PROD_39;1;1
CORD_ORD_10;PROD_4;1;1
CORD_ORD_10;PROD_43;1;1
CORD_ORD_10;PROD_44;1;1
CORD_ORD_10;PROD_47;1;1
CORD_ORD_10;PROD_48;1;1
CORD_ORD_10;PROD_50;1;1
CORD_ORD_10;PROD_8;1;1
CORD_ORD_11;PROD_10;1;1
CORD_ORD_11;PROD_11;1;1
CORD_ORD_11;PROD_12;1;1
CORD_ORD_11;PROD_15;1;1
CORD_ORD_11;PROD_16;1;1
CORD_ORD_11;PROD_19;1;1
CORD_ORD_11;PROD_21;1;1
CORD_ORD_11;PROD_22;1;1
CORD_ORD_11;PROD_23;1;1
CORD_ORD_11;PROD_25;1;1
CORD_ORD_11;PROD_27;1;1
CORD_ORD_11;PROD_29;1;1
CORD_ORD_11;PROD_30;1;1
CORD_ORD_11;PROD_33;1;1
CORD_ORD_11;PROD_34;1;1
CORD_ORD_11;PROD_4;1;1
CORD_ORD_11;PROD_40;1;1
CORD_ORD_11;PROD_44;1;1
CORD_ORD_11;PROD_45;1;1
CORD_ORD_11;PROD_49;1;1
CORD_ORD_11;PROD_50;1;1
CORD_ORD_11;PROD_8;1;1
CORD_ORD_12;PROD_1;1;1
CORD_ORD_12;PROD_11;1;1
CORD_ORD_12;PROD_13;1;1
CORD_ORD_12;PROD_14;1;1
CORD_ORD_12;PROD_17;1;1
CORD_ORD_12;PROD_22;1;1
CORD_ORD_12;PROD_23;1;1
CORD_ORD_12;PROD_25;1;1
CORD_ORD_12;PROD_26;1;1
CORD_ORD_12;PROD_27;1;1
CORD_ORD_12;PROD_28;1;1
CORD_ORD_12;PROD_29;1;1
CORD_ORD_12;PROD_3;1;1
CORD_ORD_12;PROD_31;1;1
CORD_ORD_12;PROD_32;1;1
CORD_ORD_12;PROD_36;1;1
CORD_ORD_12;PROD_38;1;1
CORD_ORD_12;PROD_43;1;1
CORD_ORD_12;PROD_45;1;1
CORD_ORD_12;PROD_46;1;1
CORD_ORD_12;PROD_47;1;1
CORD_ORD_12;PROD_48;1;1
CORD_ORD_12;PROD_5;1;1
CORD_ORD_12;PROD_50;1;1
CORD_ORD_12;PROD_6;1;1
CORD_ORD_12;PROD_7;1;1
CORD_ORD_12;PROD_9;1;1
CORD_ORD_13;PROD_11;1;1
CORD_ORD_13;PROD_17;1;1
CORD_ORD_13;PROD_26;1;1
CORD_ORD_13;PROD_27;1;1
CORD_ORD_13;PROD_29;1;1
CORD_ORD_13;PROD_31;1;1
CORD_ORD_13;PROD_32;1;1
CORD_ORD_13;PROD_43;1;1
CORD_ORD_13;PROD_46;1;1
CORD_ORD_13;PROD_47;1;1
CORD_ORD_13;PROD_48;1;1
CORD_ORD_13;PROD_6;1;1
CORD_ORD_14;PROD_10;1;1
CORD_ORD_14;PROD_11;1;1
CORD_ORD_14;PROD_12;1;1
CORD_ORD_14;PROD_14;1;1
CORD_ORD_14;PROD_16;1;1
CORD_ORD_14;PROD_19;1;1
CORD_ORD_14;PROD_21;1;1
CORD_ORD_14;PROD_22;1;1
CORD_ORD_14;PROD_25;1;1
CORD_ORD_14;PROD_27;1;1
CORD_ORD_14;PROD_28;1;1
CORD_ORD_14;PROD_29;1;1
CORD_ORD_14;PROD_32;1;1
CORD_ORD_14;PROD_33;1;1
CORD_ORD_14;PROD_4;1;1
CORD_ORD_14;PROD_43;1;1
CORD_ORD_14;PROD_44;1;1
CORD_ORD_14;PROD_47;1;1
CORD_ORD_14;PROD_5;1;1
CORD_ORD_14;PROD_50;1;1
CORD_ORD_14;PROD_7;1;1
CORD_ORD_14;PROD_8;1;1
CORD_ORD_14;PROD_9;1;1
CORD_ORD_15;PROD_1;1;1
CORD_ORD_15;PROD_10;1;1
CORD_ORD_15;PROD_11;1;1
CORD_ORD_15;PROD_13;1;1
CORD_ORD_15;PROD_16;1;1
CORD_ORD_15;PROD_19;1;1
CORD_ORD_15;PROD_20;1;1
CORD_ORD_15;PROD_22;1;1
CORD_ORD_15;PROD_23;1;1
CORD_ORD_15;PROD_25;1;1
CORD_ORD_15;PROD_27;1;1
CORD_ORD_15;PROD_29;1;1
CORD_ORD_15;PROD_3;1;1
CORD_ORD_15;PROD_33;1;1
CORD_ORD_15;PROD_35;1;1
CORD_ORD_15;PROD_36;1;1
CORD_ORD_15;PROD_38;1;1
CORD_ORD_15;PROD_39;1;1
CORD_ORD_15;PROD_44;1;1
CORD_ORD_15;PROD_45;1;1
CORD_ORD_15;PROD_50;1;1
CORD_ORD_15;PROD_8;1;1
CORD_ORD_16;PROD_10;1;1
CORD_ORD_16;PROD_13;1;1
CORD_ORD_16;PROD_15;1;1
CORD_ORD_16;PROD_16;1;1
CORD_ORD_16;PROD_32;1;1
CORD_ORD_16;PROD_34;1;1
CORD_ORD_16;PROD_38;1;1
CORD_ORD_16;PROD_43;1;1
CORD_ORD_16;PROD_47;1;1
CORD_ORD_16;PROD_49;1;1
CORD_ORD_16;PROD_8;1;1
CORD_ORD_17;PROD_10;1;1
CORD_ORD_17;PROD_11;1;1
CORD_ORD_17;PROD_13;1;1
CORD_ORD_17;PROD_15;1;1
CORD_ORD_17;PROD_16;1;1
CORD_ORD_17;PROD_17;1;1
CORD_ORD_17;PROD_19;1;1
CORD_ORD_17;PROD_22;1;1
CORD_ORD_17;PROD_25;1;1
CORD_ORD_17;PROD_26;1;1
CORD_ORD_17;PROD_27;1;1
CORD_ORD_17;PROD_29;1;1
CORD_ORD_17;PROD_31;1;1
CORD_ORD_17;PROD_32;1;1
CORD_ORD_17;PROD_33;1;1
CORD_ORD_17;PROD_34;1;1
CORD_ORD_17;PROD_38;1;1
CORD_ORD_17;PROD_43;1;1
CORD_ORD_17;PROD_44;1;1
CORD_ORD_17;PROD_46;1;1
CORD_ORD_17;PROD_47;1;1
CORD_ORD_17;PROD_48;1;1
CORD_ORD_17;PROD_49;1;1
CORD_ORD_17;PROD_50;1;1
CORD_ORD_17;PROD_6;1;1
CORD_ORD_17;PROD_8;1;1
CORD_ORD_18;PROD_1;1;1
CORD_ORD_18;PROD_10;1;1
CORD_ORD_18;PROD_11;1;1
CORD_ORD_18;PROD_14;1;1
CORD_ORD_18;PROD_16;1;1
CORD_ORD_18;PROD_20;1;1
CORD_ORD_18;PROD_26;1;1
CORD_ORD_18;PROD_27;1;1
CORD_ORD_18;PROD_28;1;1
CORD_ORD_18;PROD_29;1;1
CORD_ORD_18;PROD_3;1;1
CORD_ORD_18;PROD_32;1;1
CORD_ORD_18;PROD_35;1;1
CORD_ORD_18;PROD_36;1;1
CORD_ORD_18;PROD_39;1;1
CORD_ORD_18;PROD_43;1;1
CORD_ORD_18;PROD_46;1;1
CORD_ORD_18;PROD_47;1;1
CORD_ORD_18;PROD_6;1;1
CORD_ORD_18;PROD_8;1;1
CORD_ORD_18;PROD_9;1;1
CORD_ORD_19;PROD_1;1;1
CORD_ORD_19;PROD_10;1;1
CORD_ORD_19;PROD_13;1;1
CORD_ORD_19;PROD_15;1;1
CORD_ORD_19;PROD_16;1;1
CORD_ORD_19;PROD_3;1;1
CORD_ORD_19;PROD_32;1;1
CORD_ORD_19;PROD_34;1;1
CORD_ORD_19;PROD_36;1;1
CORD_ORD_19;PROD_38;1;1
CORD_ORD_19;PROD_43;1;1
CORD_ORD_19;PROD_47;1;1
CORD_ORD_19;PROD_49;1;1
CORD_ORD_19;PROD_8;1;1
CORD_ORD_20;PROD_11;1;1
CORD_ORD_20;PROD_17;1;1
CORD_ORD_20;PROD_19;1;1
CORD_ORD_20;PROD_24;1;1
CORD_ORD_20;PROD_27;1;1
CORD_ORD_20;PROD_29;1;1
CORD_ORD_20;PROD_31;1;1
CORD_ORD_20;PROD_33;1;1
CORD_ORD_20;PROD_37;1;1
CORD_ORD_20;PROD_42;1;1
CORD_ORD_20;PROD_44;1;1
CORD_ORD_20;PROD_48;1;1
CORD_ORD_21;PROD_1;1;1
CORD_ORD_21;PROD_10;1;1
CORD_ORD_21;PROD_11;1;1
CORD_ORD_21;PROD_12;1;1
CORD_ORD_21;PROD_13;1;1
CORD_ORD_21;PROD_15;1;1
CORD_ORD_21;PROD_16;1;1
CORD_ORD_21;PROD_20;1;1
CORD_ORD_21;PROD_21;1;1
CORD_ORD_21;PROD_24;1;1
CORD_ORD_21;PROD_27;1;1
CORD_ORD_21;PROD_29;1;1
CORD_ORD_21;PROD_3;1;1
CORD_ORD_21;PROD_30;1;1
CORD_ORD_21;PROD_34;1;1
CORD_ORD_21;PROD_35;1;1
CORD_ORD_21;PROD_36;1;1
CORD_ORD_21;PROD_37;1;1
CORD_ORD_21;PROD_38;1;1
CORD_ORD_21;PROD_39;1;1
CORD_ORD_21;PROD_4;1;1
CORD_ORD_21;PROD_40;1;1
CORD_ORD_21;PROD_42;1;1
CORD_ORD_21;PROD_49;1;1
CORD_ORD_21;PROD_5;1;1
CORD_ORD_21;PROD_7;1;1
CORD_ORD_21;PROD_8;1;1
CORD_ORD_22;PROD_1;1;1
CORD_ORD_22;PROD_10;1;1
CORD_ORD_22;PROD_11;1;1
CORD_ORD_22;PROD_13;1;1
CORD_ORD_22;PROD_16;1;1
CORD_ORD_22;PROD_17;1;1
CORD_ORD_22;PROD_19;1;1
CORD_ORD_22;PROD_20;1;1
CORD_ORD_22;PROD_22;1;1
CORD_ORD_22;PROD_24;1;1
CORD_ORD_22;PROD_25;1;1
CORD_ORD_22;PROD_27;1;1
CORD_ORD_22;PROD_29;1;1
CORD_ORD_22;PROD_3;1;1
CORD_ORD_22;PROD_31;1;1
CORD_ORD_22;PROD_33;1;1
CORD_ORD_22;PROD_35;1;1
CORD_ORD_22;PROD_36;1;1
CORD_ORD_22;PROD_37;1;1
CORD_ORD_22;PROD_38;1;1
CORD_ORD_22;PROD_39;1;1
CORD_ORD_22;PROD_42;1;1
CORD_ORD_22;PROD_44;1;1
CORD_ORD_22;PROD_48;1;1
CORD_ORD_22;PROD_50;1;1
CORD_ORD_22;PROD_8;1;1
CORD_ORD_23;PROD_1;1;1
CORD_ORD_23;PROD_10;1;1
CORD_ORD_23;PROD_13;1;1
CORD_ORD_23;PROD_16;1;1
CORD_ORD_23;PROD_17;1;1
CORD_ORD_23;PROD_19;1;1
CORD_ORD_23;PROD_20;1;1
CORD_ORD_23;PROD_3;1;1
CORD_ORD_23;PROD_30;1;1
CORD_ORD_23;PROD_31;1;1
CORD_ORD_23;PROD_33;1;1
CORD_ORD_23;PROD_35;1;1
CORD_ORD_23;PROD_36;1;1
CORD_ORD_23;PROD_38;1;1
CORD_ORD_23;PROD_39;1;1
CORD_ORD_23;PROD_40;1;1
CORD_ORD_23;PROD_44;1;1
CORD_ORD_23;PROD_48;1;1
CORD_ORD_23;PROD_8;1;1
CORD_ORD_24;PROD_11;1;1
CORD_ORD_24;PROD_19;1;1
CORD_ORD_24;PROD_23;1;1
CORD_ORD_24;PROD_24;1;1
CORD_ORD_24;PROD_27;1;1
CORD_ORD_24;PROD_29;1;1
CORD_ORD_24;PROD_33;1;1
CORD_ORD_24;PROD_37;1;1
CORD_ORD_24;PROD_42;1;1
CORD_ORD_24;PROD_44;1;1
CORD_ORD_24;PROD_45;1;1
CORD_ORD_25;PROD_1;1;1
CORD_ORD_25;PROD_17;1;1
CORD_ORD_25;PROD_18;1;1
CORD_ORD_25;PROD_2;1;1
CORD_ORD_25;PROD_22;1;1
CORD_ORD_25;PROD_24;1;1
CORD_ORD_25;PROD_25;1;1
CORD_ORD_25;PROD_26;1;1
CORD_ORD_25;PROD_3;1;1
CORD_ORD_25;PROD_31;1;1
CORD_ORD_25;PROD_36;1;1
CORD_ORD_25;PROD_37;1;1
CORD_ORD_25;PROD_41;1;1
CORD_ORD_25;PROD_42;1;1
CORD_ORD_25;PROD_46;1;1
CORD_ORD_25;PROD_48;1;1
CORD_ORD_25;PROD_50;1;1
CORD_ORD_25;PROD_6;1;1
CORD_ORD_26;PROD_15;1;1
CORD_ORD_26;PROD_17;1;1
CORD_ORD_26;PROD_22;1;1
CORD_ORD_26;PROD_23;1;1
CORD_ORD_26;PROD_25;1;1
CORD_ORD_26;PROD_26;1;1
CORD_ORD_26;PROD_31;1;1
CORD_ORD_26;PROD_34;1;1
CORD_ORD_26;PROD_45;1;1
CORD_ORD_26;PROD_46;1;1
CORD_ORD_26;PROD_48;1;1
CORD_ORD_26;PROD_49;1;1
CORD_ORD_26;PROD_5;1;1
CORD_ORD_26;PROD_50;1;1
CORD_ORD_26;PROD_6;1;1
CORD_ORD_26;PROD_7;1;1
CORD_ORD_27;PROD_1;1;1
CORD_ORD_27;PROD_11;1;1
CORD_ORD_27;PROD_17;1;1
CORD_ORD_27;PROD_27;1;1
CORD_ORD_27;PROD_29;1;1
CORD_ORD_27;PROD_3;1;1
CORD_ORD_27;PROD_31;1;1
CORD_ORD_27;PROD_32;1;1
CORD_ORD_27;PROD_36;1;1
CORD_ORD_27;PROD_43;1;1
CORD_ORD_27;PROD_47;1;1
CORD_ORD_27;PROD_48;1;1
CORD_ORD_28;PROD_10;1;1
CORD_ORD_28;PROD_11;1;1
CORD_ORD_28;PROD_14;1;1
CORD_ORD_28;PROD_15;1;1
CORD_ORD_28;PROD_16;1;1
CORD_ORD_28;PROD_17;1;1
CORD_ORD_28;PROD_18;1;1
CORD_ORD_28;PROD_19;1;1
CORD_ORD_28;PROD_2;1;1
CORD_ORD_28;PROD_22;1;1
CORD_ORD_28;PROD_25;1;1
CORD_ORD_28;PROD_26;1;1
CORD_ORD_28;PROD_27;1;1
CORD_ORD_28;PROD_28;1;1
CORD_ORD_28;PROD_29;1;1
CORD_ORD_28;PROD_31;1;1
CORD_ORD_28;PROD_33;1;1
CORD_ORD_28;PROD_34;1;1
CORD_ORD_28;PROD_41;1;1
CORD_ORD_28;PROD_44;1;1
CORD_ORD_28;PROD_46;1;1
CORD_ORD_28;PROD_48;1;1
CORD_ORD_28;PROD_49;1;1
CORD_ORD_28;PROD_50;1;1
CORD_ORD_28;PROD_6;1;1
CORD_ORD_28;PROD_8;1;1
CORD_ORD_28;PROD_9;1;1
CORD_ORD_29;PROD_11;1;1
CORD_ORD_29;PROD_14;1;1
CORD_ORD_29;PROD_15;1;1
CORD_ORD_29;PROD_17;1;1
CORD_ORD_29;PROD_18;1;1
CORD_ORD_29;PROD_2;1;1
CORD_ORD_29;PROD_22;1;1
CORD_ORD_29;PROD_25;1;1
CORD_ORD_29;PROD_26;1;1
CORD_ORD_29;PROD_27;1;1
CORD_ORD_29;PROD_28;1;1
CORD_ORD_29;PROD_29;1;1
CORD_ORD_29;PROD_31;1;1
CORD_ORD_29;PROD_34;1;1
CORD_ORD_29;PROD_41;1;1
CORD_ORD_29;PROD_46;1;1
CORD_ORD_29;PROD_48;1;1
CORD_ORD_29;PROD_49;1;1
CORD_ORD_29;PROD_50;1;1
CORD_ORD_29;PROD_6;1;1
CORD_ORD_29;PROD_9;1;1
CORD_ORD_30;PROD_11;1;1
CORD_ORD_30;PROD_12;1;1
CORD_ORD_30;PROD_17;1;1
CORD_ORD_30;PROD_19;1;1
CORD_ORD_30;PROD_20;1;1
CORD_ORD_30;PROD_21;1;1
CORD_ORD_30;PROD_23;1;1
CORD_ORD_30;PROD_27;1;1
CORD_ORD_30;PROD_29;1;1
CORD_ORD_30;PROD_31;1;1
CORD_ORD_30;PROD_33;1;1
CORD_ORD_30;PROD_35;1;1
CORD_ORD_30;PROD_39;1;1
CORD_ORD_30;PROD_4;1;1
CORD_ORD_30;PROD_44;1;1
CORD_ORD_30;PROD_45;1;1
CORD_ORD_30;PROD_48;1;1
CORD_ORD_31;PROD_10;1;1
CORD_ORD_31;PROD_13;1;1
CORD_ORD_31;PROD_15;1;1
CORD_ORD_31;PROD_16;1;1
CORD_ORD_31;PROD_19;1;1
CORD_ORD_31;PROD_33;1;1
CORD_ORD_31;PROD_34;1;1
CORD_ORD_31;PROD_38;1;1
CORD_ORD_31;PROD_44;1;1
CORD_ORD_31;PROD_49;1;1
CORD_ORD_31;PROD_8;1;1
CORD_ORD_32;PROD_1;1;1
CORD_ORD_32;PROD_10;1;1
CORD_ORD_32;PROD_11;1;1
CORD_ORD_32;PROD_16;1;1
CORD_ORD_32;PROD_19;1;1
CORD_ORD_32;PROD_22;1;1
CORD_ORD_32;PROD_25;1;1
CORD_ORD_32;PROD_26;1;1
CORD_ORD_32;PROD_27;1;1
CORD_ORD_32;PROD_29;1;1
CORD_ORD_32;PROD_3;1;1
CORD_ORD_32;PROD_33;1;1
CORD_ORD_32;PROD_36;1;1
CORD_ORD_32;PROD_44;1;1
CORD_ORD_32;PROD_46;1;1
CORD_ORD_32;PROD_50;1;1
CORD_ORD_32;PROD_6;1;1
CORD_ORD_32;PROD_8;1;1
CORD_ORD_33;PROD_11;1;1
CORD_ORD_33;PROD_12;1;1
CORD_ORD_33;PROD_21;1;1
CORD_ORD_33;PROD_27;1;1
CORD_ORD_33;PROD_29;1;1
CORD_ORD_33;PROD_32;1;1
CORD_ORD_33;PROD_4;1;1
CORD_ORD_33;PROD_43;1;1
CORD_ORD_33;PROD_47;1;1
CORD_ORD_34;PROD_10;1;1
CORD_ORD_34;PROD_11;1;1
CORD_ORD_34;PROD_12;1;1
CORD_ORD_34;PROD_13;1;1
CORD_ORD_34;PROD_16;1;1
CORD_ORD_34;PROD_18;1;1
CORD_ORD_34;PROD_19;1;1
CORD_ORD_34;PROD_2;1;1
CORD_ORD_34;PROD_20;1;1
CORD_ORD_34;PROD_21;1;1
CORD_ORD_34;PROD_26;1;1
CORD_ORD_34;PROD_27;1;1
CORD_ORD_34;PROD_29;1;1
CORD_ORD_34;PROD_33;1;1
CORD_ORD_34;PROD_35;1;1
CORD_ORD_34;PROD_38;1;1
CORD_ORD_34;PROD_39;1;1
CORD_ORD_34;PROD_4;1;1
CORD_ORD_34;PROD_41;1;1
CORD_ORD_34;PROD_44;1;1
CORD_ORD_34;PROD_46;1;1
CORD_ORD_34;PROD_6;1;1
CORD_ORD_34;PROD_8;1;1
CORD_ORD_35;PROD_10;1;1
CORD_ORD_35;PROD_11;1;1
CORD_ORD_35;PROD_12;1;1
CORD_ORD_35;PROD_14;1;1
CORD_ORD_35;PROD_16;1;1
CORD_ORD_35;PROD_17;1;1
CORD_ORD_35;PROD_18;1;1
CORD_ORD_35;PROD_19;1;1
CORD_ORD_35;PROD_2;1;1
CORD_ORD_35;PROD_21;1;1
CORD_ORD_35;PROD_22;1;1
CORD_ORD_35;PROD_24;1;1
CORD_ORD_35;PROD_25;1;1
CORD_ORD_35;PROD_26;1;1
CORD_ORD_35;PROD_27;1;1
CORD_ORD_35;PROD_28;1;1
CORD_ORD_35;PROD_29;1;1
CORD_ORD_35;PROD_31;1;1
CORD_ORD_35;PROD_33;1;1
CORD_ORD_35;PROD_37;1;1
CORD_ORD_35;PROD_4;1;1
CORD_ORD_35;PROD_41;1;1
CORD_ORD_35;PROD_42;1;1
CORD_ORD_35;PROD_44;1;1
CORD_ORD_35;PROD_46;1;1
CORD_ORD_35;PROD_48;1;1
CORD_ORD_35;PROD_50;1;1
CORD_ORD_35;PROD_6;1;1
CORD_ORD_35;PROD_8;1;1
CORD_ORD_35;PROD_9;1;1
CORD_ORD_36;PROD_10;1;1
CORD_ORD_36;PROD_11;1;1
CORD_ORD_36;PROD_13;1;1
CORD_ORD_36;PROD_14;1;1
CORD_ORD_36;PROD_16;1;1
CORD_ORD_36;PROD_18;1;1
CORD_ORD_36;PROD_19;1;1
CORD_ORD_36;PROD_2;1;1
CORD_ORD_36;PROD_23;1;1
CORD_ORD_36;PROD_24;1;1
CORD_ORD_36;PROD_27;1;1
CORD_ORD_36;PROD_28;1;1
CORD_ORD_36;PROD_29;1;1
CORD_ORD_36;PROD_32;1;1
CORD_ORD_36;PROD_33;1;1
CORD_ORD_36;PROD_37;1;1
CORD_ORD_36;PROD_38;1;1
CORD_ORD_36;PROD_41;1;1
CORD_ORD_36;PROD_42;1;1
CORD_ORD_36;PROD_43;1;1
CORD_ORD_36;PROD_44;1;1
CORD_ORD_36;PROD_45;1;1
CORD_ORD_36;PROD_47;1;1
CORD_ORD_36;PROD_8;1;1
CORD_ORD_36;PROD_9;1;1
CORD_ORD_37;PROD_10;1;1
CORD_ORD_37;PROD_11;1;1
CORD_ORD_37;PROD_12;1;1
CORD_ORD_37;PROD_15;1;1
CORD_ORD_37;PROD_16;1;1
CORD_ORD_37;PROD_17;1;1
CORD_ORD_37;PROD_21;1;1
CORD_ORD_37;PROD_22;1;1
CORD_ORD_37;PROD_24;1;1
CORD_ORD_37;PROD_25;1;1
CORD_ORD_37;PROD_26;1;1
CORD_ORD_37;PROD_27;1;1
CORD_ORD_37;PROD_29;1;1
CORD_ORD_37;PROD_31;1;1
CORD_ORD_37;PROD_34;1;1
CORD_ORD_37;PROD_37;1;1
CORD_ORD_37;PROD_4;1;1
CORD_ORD_37;PROD_42;1;1
CORD_ORD_37;PROD_46;1;1
CORD_ORD_37;PROD_48;1;1
CORD_ORD_37;PROD_49;1;1
CORD_ORD_37;PROD_50;1;1
CORD_ORD_37;PROD_6;1;1
CORD_ORD_37;PROD_8;1;1
CORD_ORD_38;PROD_10;1;1
CORD_ORD_38;PROD_13;1;1
CORD_ORD_38;PROD_15;1;1
CORD_ORD_38;PROD_16;1;1
CORD_ORD_38;PROD_17;1;1
CORD_ORD_38;PROD_31;1;1
CORD_ORD_38;PROD_34;1;1
CORD_ORD_38;PROD_38;1;1
CORD_ORD_38;PROD_48;1;1
CORD_ORD_38;PROD_49;1;1
CORD_ORD_38;PROD_8;1;1
CORD_ORD_39;PROD_10;1;1
CORD_ORD_39;PROD_12;1;1
CORD_ORD_39;PROD_14;1;1
CORD_ORD_39;PROD_16;1;1
CORD_ORD_39;PROD_21;1;1
CORD_ORD_39;PROD_28;1;1
CORD_ORD_39;PROD_30;1;1
CORD_ORD_39;PROD_32;1;1
CORD_ORD_39;PROD_4;1;1
CORD_ORD_39;PROD_40;1;1
CORD_ORD_39;PROD_43;1;1
CORD_ORD_39;PROD_47;1;1
CORD_ORD_39;PROD_8;1;1
CORD_ORD_39;PROD_9;1;1
CORD_ORD_40;PROD_1;1;1
CORD_ORD_40;PROD_10;1;1
CORD_ORD_40;PROD_14;1;1
CORD_ORD_40;PROD_16;1;1
CORD_ORD_40;PROD_17;1;1
CORD_ORD_40;PROD_18;1;1
CORD_ORD_40;PROD_2;1;1
CORD_ORD_40;PROD_20;1;1
CORD_ORD_40;PROD_26;1;1
CORD_ORD_40;PROD_28;1;1
CORD_ORD_40;PROD_3;1;1
CORD_ORD_40;PROD_31;1;1
CORD_ORD_40;PROD_35;1;1
CORD_ORD_40;PROD_36;1;1
CORD_ORD_40;PROD_39;1;1
CORD_ORD_40;PROD_41;1;1
CORD_ORD_40;PROD_46;1;1
CORD_ORD_40;PROD_48;1;1
CORD_ORD_40;PROD_6;1;1
CORD_ORD_40;PROD_8;1;1
CORD_ORD_40;PROD_9;1;1
CORD_ORD_41;PROD_1;1;1
CORD_ORD_41;PROD_10;1;1
CORD_ORD_41;PROD_12;1;1
CORD_ORD_41;PROD_13;1;1
CORD_ORD_41;PROD_15;1;1
CORD_ORD_41;PROD_16;1;1
CORD_ORD_41;PROD_17;1;1
CORD_ORD_41;PROD_20;1;1
CORD_ORD_41;PROD_21;1;1
CORD_ORD_41;PROD_22;1;1
CORD_ORD_41;PROD_23;1;1
CORD_ORD_41;PROD_25;1;1
CORD_ORD_41;PROD_26;1;1
CORD_ORD_41;PROD_3;1;1
CORD_ORD_41;PROD_31;1;1
CORD_ORD_41;PROD_32;1;1
CORD_ORD_41;PROD_34;1;1
CORD_ORD_41;PROD_35;1;1
CORD_ORD_41;PROD_36;1;1
CORD_ORD_41;PROD_38;1;1
CORD_ORD_41;PROD_39;1;1
CORD_ORD_41;PROD_4;1;1
CORD_ORD_41;PROD_43;1;1
CORD_ORD_41;PROD_45;1;1
CORD_ORD_41;PROD_46;1;1
CORD_ORD_41;PROD_47;1;1
CORD_ORD_41;PROD_48;1;1
CORD_ORD_41;PROD_49;1;1
CORD_ORD_41;PROD_50;1;1
CORD_ORD_41;PROD_6;1;1
CORD_ORD_41;PROD_8;1;1
CORD_ORD_42;PROD_1;1;1
CORD_ORD_42;PROD_10;1;1
CORD_ORD_42;PROD_11;1;1
CORD_ORD_42;PROD_12;1;1
CORD_ORD_42;PROD_16;1;1
CORD_ORD_42;PROD_19;1;1
CORD_ORD_42;PROD_21;1;1
CORD_ORD_42;PROD_22;1;1
CORD_ORD_42;PROD_23;1;1
CORD_ORD_42;PROD_25;1;1
CORD_ORD_42;PROD_26;1;1
CORD_ORD_42;PROD_27;1;1
CORD_ORD_42;PROD_29;1;1
CORD_ORD_42;PROD_3;1;1
CORD_ORD_42;PROD_33;1;1
CORD_ORD_42;PROD_36;1;1
CORD_ORD_42;PROD_4;1;1
CORD_ORD_42;PROD_44;1;1
CORD_ORD_42;PROD_45;1;1
CORD_ORD_42;PROD_46;1;1
CORD_ORD_42;PROD_5;1;1
CORD_ORD_42;PROD_50;1;1
CORD_ORD_42;PROD_6;1;1
CORD_ORD_42;PROD_7;1;1
CORD_ORD_42;PROD_8;1;1
CORD_ORD_43;PROD_10;1;1
CORD_ORD_43;PROD_11;1;1
CORD_ORD_43;PROD_12;1;1
CORD_ORD_43;PROD_13;1;1
CORD_ORD_43;PROD_15;1;1
CORD_ORD_43;PROD_16;1;1
CORD_ORD_43;PROD_17;1;1
CORD_ORD_43;PROD_21;1;1
CORD_ORD_43;PROD_22;1;1
CORD_ORD_43;PROD_25;1;1
CORD_ORD_43;PROD_27;1;1
CORD_ORD_43;PROD_29;1;1
CORD_ORD_43;PROD_31;1;1
CORD_ORD_43;PROD_34;1;1
CORD_ORD_43;PROD_38;1;1
CORD_ORD_43;PROD_4;1;1
CORD_ORD_43;PROD_48;1;1
CORD_ORD_43;PROD_49;1;1
CORD_ORD_43;PROD_50;1;1
CORD_ORD_43;PROD_8;1;1
CORD_ORD_44;PROD_14;1;1
CORD_ORD_44;PROD_17;1;1
CORD_ORD_44;PROD_18;1;1
CORD_ORD_44;PROD_19;1;1
CORD_ORD_44;PROD_2;1;1
CORD_ORD_44;PROD_23;1;1
CORD_ORD_44;PROD_24;1;1
CORD_ORD_44;PROD_26;1;1
CORD_ORD_44;PROD_28;1;1
CORD_ORD_44;PROD_31;1;1
CORD_ORD_44;PROD_32;1;1
CORD_ORD_44;PROD_33;1;1
CORD_ORD_44;PROD_37;1;1
CORD_ORD_44;PROD_41;1;1
CORD_ORD_44;PROD_42;1;1
CORD_ORD_44;PROD_43;1;1
CORD_ORD_44;PROD_44;1;1
CORD_ORD_44;PROD_45;1;1
CORD_ORD_44;PROD_46;1;1
CORD_ORD_44;PROD_47;1;1
CORD_ORD_44;PROD_48;1;1
CORD_ORD_44;PROD_6;1;1
CORD_ORD_44;PROD_9;1;1
CORD_ORD_45;PROD_10;1;1
CORD_ORD_45;PROD_12;1;1
CORD_ORD_45;PROD_15;1;1
CORD_ORD_45;PROD_16;1;1
CORD_ORD_45;PROD_17;1;1
CORD_ORD_45;PROD_18;1;1
CORD_ORD_45;PROD_2;1;1
CORD_ORD_45;PROD_21;1;1
CORD_ORD_45;PROD_23;1;1
CORD_ORD_45;PROD_30;1;1
CORD_ORD_45;PROD_31;1;1
CORD_ORD_45;PROD_34;1;1
CORD_ORD_45;PROD_4;1;1
CORD_ORD_45;PROD_40;1;1
CORD_ORD_45;PROD_41;1;1
CORD_ORD_45;PROD_45;1;1
CORD_ORD_45;PROD_48;1;1
CORD_ORD_45;PROD_49;1;1
CORD_ORD_45;PROD_8;1;1
CORD_ORD_46;PROD_11;1;1
CORD_ORD_46;PROD_13;1;1
CORD_ORD_46;PROD_14;1;1
CORD_ORD_46;PROD_17;1;1
CORD_ORD_46;PROD_18;1;1
CORD_ORD_46;PROD_19;1;1
CORD_ORD_46;PROD_2;1;1
CORD_ORD_46;PROD_22;1;1
CORD_ORD_46;PROD_25;1;1
CORD_ORD_46;PROD_27;1;1
CORD_ORD_46;PROD_28;1;1
CORD_ORD_46;PROD_29;1;1
CORD_ORD_46;PROD_30;1;1
CORD_ORD_46;PROD_31;1;1
CORD_ORD_46;PROD_32;1;1
CORD_ORD_46;PROD_33;1;1
CORD_ORD_46;PROD_38;1;1
CORD_ORD_46;PROD_40;1;1
CORD_ORD_46;PROD_41;1;1
CORD_ORD_46;PROD_43;1;1
CORD_ORD_46;PROD_44;1;1
CORD_ORD_46;PROD_47;1;1
CORD_ORD_46;PROD_48;1;1
CORD_ORD_46;PROD_5;1;1
CORD_ORD_46;PROD_50;1;1
CORD_ORD_46;PROD_7;1;1
CORD_ORD_46;PROD_9;1;1
CORD_ORD_47;PROD_10;1;1
CORD_ORD_47;PROD_11;1;1
CORD_ORD_47;PROD_12;1;1
CORD_ORD_47;PROD_13;1;1
CORD_ORD_47;PROD_14;1;1
CORD_ORD_47;PROD_15;1;1
CORD_ORD_47;PROD_16;1;1
CORD_ORD_47;PROD_18;1;1
CORD_ORD_47;PROD_19;1;1
CORD_ORD_47;PROD_2;1;1
CORD_ORD_47;PROD_20;1;1
CORD_ORD_47;PROD_21;1;1
CORD_ORD_47;PROD_22;1;1
CORD_ORD_47;PROD_25;1;1
CORD_ORD_47;PROD_27;1;1
CORD_ORD_47;PROD_28;1;1
CORD_ORD_47;PROD_29;1;1
CORD_ORD_47;PROD_30;1;1
CORD_ORD_47;PROD_32;1;1
CORD_ORD_47;PROD_33;1;1
CORD_ORD_47;PROD_34;1;1
CORD_ORD_47;PROD_35;1;1
CORD_ORD_47;PROD_38;1;1
CORD_ORD_47;PROD_39;1;1
CORD_ORD_47;PROD_4;1;1
CORD_ORD_47;PROD_40;1;1
CORD_ORD_47;PROD_41;1;1
CORD_ORD_47;PROD_43;1;1
CORD_ORD_47;PROD_44;1;1
CORD_ORD_47;PROD_47;1;1
CORD_ORD_47;PROD_49;1;1
CORD_ORD_47;PROD_50;1;1
CORD_ORD_47;PROD_8;1;1
CORD_ORD_47;PROD_9;1;1
CORD_ORD_48;PROD_1;1;1
CORD_ORD_48;PROD_10;1;1
CORD_ORD_48;PROD_12;1;1
CORD_ORD_48;PROD_16;1;1
CORD_ORD_48;PROD_21;1;1
CORD_ORD_48;PROD_26;1;1
CORD_ORD_48;PROD_3;1;1
CORD_ORD_48;PROD_30;1;1
CORD_ORD_48;PROD_36;1;1
CORD_ORD_48;PROD_4;1;1
CORD_ORD_48;PROD_40;1;1
CORD_ORD_48;PROD_46;1;1
CORD_ORD_48;PROD_6;1;1
CORD_ORD_48;PROD_8;1;1
CORD_ORD_49;PROD_12;1;1
CORD_ORD_49;PROD_13;1;1
CORD_ORD_49;PROD_14;1;1
CORD_ORD_49;PROD_17;1;1
CORD_ORD_49;PROD_18;1;1
CORD_ORD_49;PROD_2;1;1
CORD_ORD_49;PROD_21;1;1
CORD_ORD_49;PROD_23;1;1
CORD_ORD_49;PROD_24;1;1
CORD_ORD_49;PROD_28;1;1
CORD_ORD_49;PROD_30;1;1
CORD_ORD_49;PROD_31;1;1
CORD_ORD_49;PROD_37;1;1
CORD_ORD_49;PROD_38;1;1
CORD_ORD_49;PROD_4;1;1
CORD_ORD_49;PROD_40;1;1
CORD_ORD_49;PROD_41;1;1
CORD_ORD_49;PROD_42;1;1
CORD_ORD_49;PROD_45;1;1
CORD_ORD_49;PROD_48;1;1
CORD_ORD_49;PROD_9;1;1
CORD_ORD_50;PROD_1;1;1
CORD_ORD_50;PROD_10;1;1
CORD_ORD_50;PROD_13;1;1
CORD_ORD_50;PROD_16;1;1
CORD_ORD_50;PROD_17;1;1
CORD_ORD_50;PROD_20;1;1
CORD_ORD_50;PROD_3;1;1
CORD_ORD_50;PROD_31;1;1
CORD_ORD_50;PROD_32;1;1
CORD_ORD_50;PROD_35;1;1
CORD_ORD_50;PROD_36;1;1
CORD_ORD_50;PROD_38;1;1
CORD_ORD_50;PROD_39;1;1
CORD_ORD_50;PROD_43;1;1
CORD_ORD_50;PROD_47;1;1
CORD_ORD_50;PROD_48;1;1
CORD_ORD_50;PROD_8;1;1
CORD_ORD_51;PROD_1;1;1
CORD_ORD_51;PROD_10;1;1
CORD_ORD_51;PROD_12;1;1
CORD_ORD_51;PROD_13;1;1
CORD_ORD_51;PROD_16;1;1
CORD_ORD_51;PROD_21;1;1
CORD_ORD_51;PROD_22;1;1
CORD_ORD_51;PROD_25;1;1
CORD_ORD_51;PROD_3;1;1
CORD_ORD_51;PROD_36;1;1
CORD_ORD_51;PROD_38;1;1
CORD_ORD_51;PROD_4;1;1
CORD_ORD_51;PROD_50;1;1
CORD_ORD_51;PROD_8;1;1
CORD_ORD_52;PROD_1;1;1
CORD_ORD_52;PROD_11;1;1
CORD_ORD_52;PROD_12;1;1
CORD_ORD_52;PROD_13;1;1
CORD_ORD_52;PROD_17;1;1
CORD_ORD_52;PROD_18;1;1
CORD_ORD_52;PROD_19;1;1
CORD_ORD_52;PROD_2;1;1
CORD_ORD_52;PROD_21;1;1
CORD_ORD_52;PROD_24;1;1
CORD_ORD_52;PROD_27;1;1
CORD_ORD_52;PROD_29;1;1
CORD_ORD_52;PROD_3;1;1
CORD_ORD_52;PROD_31;1;1
CORD_ORD_52;PROD_32;1;1
CORD_ORD_52;PROD_33;1;1
CORD_ORD_52;PROD_36;1;1
CORD_ORD_52;PROD_37;1;1
CORD_ORD_52;PROD_38;1;1
CORD_ORD_52;PROD_4;1;1
CORD_ORD_52;PROD_41;1;1
CORD_ORD_52;PROD_42;1;1
CORD_ORD_52;PROD_43;1;1
CORD_ORD_52;PROD_44;1;1
CORD_ORD_52;PROD_47;1;1
CORD_ORD_52;PROD_48;1;1
CORD_ORD_52;PROD_5;1;1
CORD_ORD_52;PROD_7;1;1
CORD_ORD_53;PROD_1;1;1
CORD_ORD_53;PROD_10;1;1
CORD_ORD_53;PROD_11;1;1
CORD_ORD_53;PROD_12;1;1
CORD_ORD_53;PROD_13;1;1
CORD_ORD_53;PROD_15;1;1
CORD_ORD_53;PROD_16;1;1
CORD_ORD_53;PROD_17;1;1
CORD_ORD_53;PROD_19;1;1
CORD_ORD_53;PROD_20;1;1
CORD_ORD_53;PROD_21;1;1
CORD_ORD_53;PROD_23;1;1
CORD_ORD_53;PROD_26;1;1
CORD_ORD_53;PROD_27;1;1
CORD_ORD_53;PROD_29;1;1
CORD_ORD_53;PROD_3;1;1
CORD_ORD_53;PROD_31;1;1
CORD_ORD_53;PROD_33;1;1
CORD_ORD_53;PROD_34;1;1
CORD_ORD_53;PROD_35;1;1
CORD_ORD_53;PROD_36;1;1
CORD_ORD_53;PROD_38;1;1
CORD_ORD_53;PROD_39;1;1
CORD_ORD_53;PROD_4;1;1
CORD_ORD_53;PROD_44;1;1
CORD_ORD_53;PROD_45;1;1
CORD_ORD_53;PROD_46;1;1
CORD_ORD_53;PROD_48;1;1
CORD_ORD_53;PROD_49;1;1
CORD_ORD_53;PROD_6;1;1
CORD_ORD_53;PROD_8;1;1
CORD_ORD_54;PROD_10;1;1
CORD_ORD_54;PROD_11;1;1
CORD_ORD_54;PROD_16;1;1
CORD_ORD_54;PROD_19;1;1
CORD_ORD_54;PROD_20;1;1
CORD_ORD_54;PROD_22;1;1
CORD_ORD_54;PROD_23;1;1
CORD_ORD_54;PROD_25;1;1
CORD_ORD_54;PROD_26;1;1
CORD_ORD_54;PROD_27;1;1
CORD_ORD_54;PROD_29;1;1
CORD_ORD_54;PROD_33;1;1
CORD_ORD_54;PROD_35;1;1
CORD_ORD_54;PROD_39;1;1
CORD_ORD_54;PROD_44;1;1
CORD_ORD_54;PROD_45;1;1
CORD_ORD_54;PROD_46;1;1
CORD_ORD_54;PROD_50;1;1
CORD_ORD_54;PROD_6;1;1
CORD_ORD_54;PROD_8;1;1
CORD_ORD_55;PROD_1;1;1
CORD_ORD_55;PROD_12;1;1
CORD_ORD_55;PROD_14;1;1
CORD_ORD_55;PROD_17;1;1
CORD_ORD_55;PROD_18;1;1
CORD_ORD_55;PROD_19;1;1
CORD_ORD_55;PROD_2;1;1
CORD_ORD_55;PROD_21;1;1
CORD_ORD_55;PROD_23;1;1
CORD_ORD_55;PROD_24;1;1
CORD_ORD_55;PROD_26;1;1
CORD_ORD_55;PROD_28;1;1
CORD_ORD_55;PROD_3;1;1
CORD_ORD_55;PROD_30;1;1
CORD_ORD_55;PROD_31;1;1
CORD_ORD_55;PROD_33;1;1
CORD_ORD_55;PROD_36;1;1
CORD_ORD_55;PROD_37;1;1
CORD_ORD_55;PROD_4;1;1
CORD_ORD_55;PROD_40;1;1
CORD_ORD_55;PROD_41;1;1
CORD_ORD_55;PROD_42;1;1
CORD_ORD_55;PROD_44;1;1
CORD_ORD_55;PROD_45;1;1
CORD_ORD_55;PROD_46;1;1
CORD_ORD_55;PROD_48;1;1
CORD_ORD_55;PROD_6;1;1
CORD_ORD_55;PROD_9;1;1
CORD_ORD_56;PROD_1;1;1
CORD_ORD_56;PROD_10;1;1
CORD_ORD_56;PROD_13;1;1
CORD_ORD_56;PROD_16;1;1
CORD_ORD_56;PROD_18;1;1
CORD_ORD_56;PROD_2;1;1
CORD_ORD_56;PROD_20;1;1
CORD_ORD_56;PROD_3;1;1
CORD_ORD_56;PROD_35;1;1
CORD_ORD_56;PROD_36;1;1
CORD_ORD_56;PROD_38;1;1
CORD_ORD_56;PROD_39;1;1
CORD_ORD_56;PROD_41;1;1
CORD_ORD_56;PROD_8;1;1
CORD_ORD_57;PROD_1;1;1
CORD_ORD_57;PROD_11;1;1
CORD_ORD_57;PROD_12;1;1
CORD_ORD_57;PROD_13;1;1
CORD_ORD_57;PROD_19;1;1
CORD_ORD_57;PROD_21;1;1
CORD_ORD_57;PROD_23;1;1
CORD_ORD_57;PROD_24;1;1
CORD_ORD_57;PROD_27;1;1
CORD_ORD_57;PROD_29;1;1
CORD_ORD_57;PROD_3;1;1
CORD_ORD_57;PROD_32;1;1
CORD_ORD_57;PROD_33;1;1
CORD_ORD_57;PROD_36;1;1
CORD_ORD_57;PROD_37;1;1
CORD_ORD_57;PROD_38;1;1
CORD_ORD_57;PROD_4;1;1
CORD_ORD_57;PROD_42;1;1
CORD_ORD_57;PROD_43;1;1
CORD_ORD_57;PROD_44;1;1
CORD_ORD_57;PROD_45;1;1
CORD_ORD_57;PROD_47;1;1
CORD_ORD_58;PROD_1;1;1
CORD_ORD_58;PROD_10;1;1
CORD_ORD_58;PROD_13;1;1
CORD_ORD_58;PROD_16;1;1
CORD_ORD_58;PROD_19;1;1
CORD_ORD_58;PROD_20;1;1
CORD_ORD_58;PROD_3;1;1
CORD_ORD_58;PROD_32;1;1
CORD_ORD_58;PROD_33;1;1
CORD_ORD_58;PROD_35;1;1
CORD_ORD_58;PROD_36;1;1
CORD_ORD_58;PROD_38;1;1
CORD_ORD_58;PROD_39;1;1
CORD_ORD_58;PROD_43;1;1
CORD_ORD_58;PROD_44;1;1
CORD_ORD_58;PROD_47;1;1
CORD_ORD_58;PROD_8;1;1
CORD_ORD_59;PROD_1;1;1
CORD_ORD_59;PROD_10;1;1
CORD_ORD_59;PROD_16;1;1
CORD_ORD_59;PROD_22;1;1
CORD_ORD_59;PROD_25;1;1
CORD_ORD_59;PROD_3;1;1
CORD_ORD_59;PROD_32;1;1
CORD_ORD_59;PROD_36;1;1
CORD_ORD_59;PROD_43;1;1
CORD_ORD_59;PROD_47;1;1
CORD_ORD_59;PROD_50;1;1
CORD_ORD_59;PROD_8;1;1
CORD_ORD_60;PROD_13;1;1
CORD_ORD_60;PROD_17;1;1
CORD_ORD_60;PROD_22;1;1
CORD_ORD_60;PROD_24;1;1
CORD_ORD_60;PROD_25;1;1
CORD_ORD_60;PROD_30;1;1
CORD_ORD_60;PROD_31;1;1
CORD_ORD_60;PROD_37;1;1
CORD_ORD_60;PROD_38;1;1
CORD_ORD_60;PROD_40;1;1
CORD_ORD_60;PROD_42;1;1
CORD_ORD_60;PROD_48;1;1
CORD_ORD_60;PROD_5;1;1
CORD_ORD_60;PROD_50;1;1
CORD_ORD_60;PROD_7;1;1
CORD_ORD_61;PROD_1;1;1
CORD_ORD_61;PROD_18;1;1
CORD_ORD_61;PROD_2;1;1
CORD_ORD_61;PROD_20;1;1
CORD_ORD_61;PROD_22;1;1
CORD_ORD_61;PROD_24;1;1
CORD_ORD_61;PROD_25;1;1
CORD_ORD_61;PROD_3;1;1
CORD_ORD_61;PROD_30;1;1
CORD_ORD_61;PROD_35;1;1
CORD_ORD_61;PROD_36;1;1
CORD_ORD_61;PROD_37;1;1
CORD_ORD_61;PROD_39;1;1
CORD_ORD_61;PROD_40;1;1
CORD_ORD_61;PROD_41;1;1
CORD_ORD_61;PROD_42;1;1
CORD_ORD_61;PROD_5;1;1
CORD_ORD_61;PROD_50;1;1
CORD_ORD_61;PROD_7;1;1
CORD_ORD_62;PROD_14;1;1
CORD_ORD_62;PROD_17;1;1
CORD_ORD_62;PROD_18;1;1
CORD_ORD_62;PROD_2;1;1
CORD_ORD_62;PROD_28;1;1
CORD_ORD_62;PROD_31;1;1
CORD_ORD_62;PROD_32;1;1
CORD_ORD_62;PROD_41;1;1
CORD_ORD_62;PROD_43;1;1
CORD_ORD_62;PROD_47;1;1
CORD_ORD_62;PROD_48;1;1
CORD_ORD_62;PROD_9;1;1
CORD_ORD_63;PROD_17;1;1
CORD_ORD_63;PROD_19;1;1
CORD_ORD_63;PROD_24;1;1
CORD_ORD_63;PROD_26;1;1
CORD_ORD_63;PROD_31;1;1
CORD_ORD_63;PROD_33;1;1
CORD_ORD_63;PROD_37;1;1
CORD_ORD_63;PROD_42;1;1
CORD_ORD_63;PROD_44;1;1
CORD_ORD_63;PROD_46;1;1
CORD_ORD_63;PROD_48;1;1
CORD_ORD_63;PROD_6;1;1
CORD_ORD_64;PROD_14;1;1
CORD_ORD_64;PROD_15;1;1
CORD_ORD_64;PROD_17;1;1
CORD_ORD_64;PROD_18;1;1
CORD_ORD_64;PROD_2;1;1
CORD_ORD_64;PROD_22;1;1
CORD_ORD_64;PROD_25;1;1
CORD_ORD_64;PROD_26;1;1
CORD_ORD_64;PROD_28;1;1
CORD_ORD_64;PROD_31;1;1
CORD_ORD_64;PROD_32;1;1
CORD_ORD_64;PROD_34;1;1
CORD_ORD_64;PROD_41;1;1
CORD_ORD_64;PROD_43;1;1
CORD_ORD_64;PROD_46;1;1
CORD_ORD_64;PROD_47;1;1
CORD_ORD_64;PROD_48;1;1
CORD_ORD_64;PROD_49;1;1
CORD_ORD_64;PROD_50;1;1
CORD_ORD_64;PROD_6;1;1
CORD_ORD_64;PROD_9;1;1
CORD_ORD_65;PROD_10;1;1
CORD_ORD_65;PROD_11;1;1
CORD_ORD_65;PROD_12;1;1
CORD_ORD_65;PROD_16;1;1
CORD_ORD_65;PROD_19;1;1
CORD_ORD_65;PROD_20;1;1
CORD_ORD_65;PROD_21;1;1
CORD_ORD_65;PROD_22;1;1
CORD_ORD_65;PROD_24;1;1
CORD_ORD_65;PROD_25;1;1
CORD_ORD_65;PROD_26;1;1
CORD_ORD_65;PROD_27;1;1
CORD_ORD_65;PROD_29;1;1
CORD_ORD_65;PROD_33;1;1
CORD_ORD_65;PROD_35;1;1
CORD_ORD_65;PROD_37;1;1
CORD_ORD_65;PROD_39;1;1
CORD_ORD_65;PROD_4;1;1
CORD_ORD_65;PROD_42;1;1
CORD_ORD_65;PROD_44;1;1
CORD_ORD_65;PROD_46;1;1
CORD_ORD_65;PROD_50;1;1
CORD_ORD_65;PROD_6;1;1
CORD_ORD_65;PROD_8;1;1
CORD_ORD_66;PROD_14;1;1
CORD_ORD_66;PROD_18;1;1
CORD_ORD_66;PROD_2;1;1
CORD_ORD_66;PROD_22;1;1
CORD_ORD_66;PROD_23;1;1
CORD_ORD_66;PROD_25;1;1
CORD_ORD_66;PROD_28;1;1
CORD_ORD_66;PROD_32;1;1
CORD_ORD_66;PROD_41;1;1
CORD_ORD_66;PROD_43;1;1
CORD_ORD_66;PROD_45;1;1
CORD_ORD_66;PROD_47;1;1
CORD_ORD_66;PROD_50;1;1
CORD_ORD_66;PROD_9;1;1
CORD_ORD_67;PROD_12;1;1
CORD_ORD_67;PROD_13;1;1
CORD_ORD_67;PROD_14;1;1
CORD_ORD_67;PROD_19;1;1
CORD_ORD_67;PROD_20;1;1
CORD_ORD_67;PROD_21;1;1
CORD_ORD_67;PROD_24;1;1
CORD_ORD_67;PROD_26;1;1
CORD_ORD_67;PROD_28;1;1
CORD_ORD_67;PROD_30;1;1
CORD_ORD_67;PROD_32;1;1
CORD_ORD_67;PROD_33;1;1
CORD_ORD_67;PROD_35;1;1
CORD_ORD_67;PROD_37;1;1
CORD_ORD_67;PROD_38;1;1
CORD_ORD_67;PROD_39;1;1
CORD_ORD_67;PROD_4;1;1
CORD_ORD_67;PROD_40;1;1
CORD_ORD_67;PROD_42;1;1
CORD_ORD_67;PROD_43;1;1
CORD_ORD_67;PROD_44;1;1
CORD_ORD_67;PROD_46;1;1
CORD_ORD_67;PROD_47;1;1
CORD_ORD_67;PROD_5;1;1
CORD_ORD_67;PROD_6;1;1
CORD_ORD_67;PROD_7;1;1
CORD_ORD_67;PROD_9;1;1
CORD_ORD_68;PROD_1;1;1
CORD_ORD_68;PROD_10;1;1
CORD_ORD_68;PROD_16;1;1
CORD_ORD_68;PROD_26;1;1
CORD_ORD_68;PROD_3;1;1
CORD_ORD_68;PROD_36;1;1
CORD_ORD_68;PROD_46;1;1
CORD_ORD_68;PROD_6;1;1
CORD_ORD_68;PROD_8;1;1
CORD_ORD_69;PROD_11;1;1
CORD_ORD_69;PROD_17;1;1
CORD_ORD_69;PROD_18;1;1
CORD_ORD_69;PROD_2;1;1
CORD_ORD_69;PROD_20;1;1
CORD_ORD_69;PROD_23;1;1
CORD_ORD_69;PROD_27;1;1
CORD_ORD_69;PROD_29;1;1
CORD_ORD_69;PROD_31;1;1
CORD_ORD_69;PROD_35;1;1
CORD_ORD_69;PROD_39;1;1
CORD_ORD_69;PROD_41;1;1
CORD_ORD_69;PROD_45;1;1
CORD_ORD_69;PROD_48;1;1
CORD_ORD_70;PROD_1;1;1
CORD_ORD_70;PROD_11;1;1
CORD_ORD_70;PROD_14;1;1
CORD_ORD_70;PROD_27;1;1
CORD_ORD_70;PROD_28;1;1
CORD_ORD_70;PROD_29;1;1
CORD_ORD_70;PROD_3;1;1
CORD_ORD_70;PROD_32;1;1
CORD_ORD_70;PROD_36;1;1
CORD_ORD_70;PROD_43;1;1
CORD_ORD_70;PROD_47;1;1
CORD_ORD_70;PROD_9;1;1
CORD_ORD_71;PROD_1;1;1
CORD_ORD_71;PROD_10;1;1
CORD_ORD_71;PROD_15;1;1
CORD_ORD_71;PROD_16;1;1
CORD_ORD_71;PROD_17;1;1
CORD_ORD_71;PROD_22;1;1
CORD_ORD_71;PROD_24;1;1
CORD_ORD_71;PROD_25;1;1
CORD_ORD_71;PROD_26;1;1
CORD_ORD_71;PROD_3;1;1
CORD_ORD_71;PROD_31;1;1
CORD_ORD_71;PROD_32;1;1
CORD_ORD_71;PROD_34;1;1
CORD_ORD_71;PROD_36;1;1
CORD_ORD_71;PROD_37;1;1
CORD_ORD_71;PROD_42;1;1
CORD_ORD_71;PROD_43;1;1
CORD_ORD_71;PROD_46;1;1
CORD_ORD_71;PROD_47;1;1
CORD_ORD_71;PROD_48;1;1
CORD_ORD_71;PROD_49;1;1
CORD_ORD_71;PROD_50;1;1
CORD_ORD_71;PROD_6;1;1
CORD_ORD_71;PROD_8;1;1
CORD_ORD_72;PROD_14;1;1
CORD_ORD_72;PROD_15;1;1
CORD_ORD_72;PROD_17;1;1
CORD_ORD_72;PROD_18;1;1
CORD_ORD_72;PROD_19;1;1
CORD_ORD_72;PROD_2;1;1
CORD_ORD_72;PROD_22;1;1
CORD_ORD_72;PROD_23;1;1
CORD_ORD_72;PROD_24;1;1
CORD_ORD_72;PROD_25;1;1
CORD_ORD_72;PROD_28;1;1
CORD_ORD_72;PROD_31;1;1
CORD_ORD_72;PROD_32;1;1
CORD_ORD_72;PROD_33;1;1
CORD_ORD_72;PROD_34;1;1
CORD_ORD_72;PROD_37;1;1
CORD_ORD_72;PROD_41;1;1
CORD_ORD_72;PROD_42;1;1
CORD_ORD_72;PROD_43;1;1
CORD_ORD_72;PROD_44;1;1
CORD_ORD_72;PROD_45;1;1
CORD_ORD_72;PROD_47;1;1
CORD_ORD_72;PROD_48;1;1
CORD_ORD_72;PROD_49;1;1
CORD_ORD_72;PROD_5;1;1
CORD_ORD_72;PROD_50;1;1
CORD_ORD_72;PROD_7;1;1
CORD_ORD_72;PROD_9;1;1
CORD_ORD_73;PROD_10;1;1
CORD_ORD_73;PROD_13;1;1
CORD_ORD_73;PROD_14;1;1
CORD_ORD_73;PROD_15;1;1
CORD_ORD_73;PROD_16;1;1
CORD_ORD_73;PROD_17;1;1
CORD_ORD_73;PROD_18;1;1
CORD_ORD_73;PROD_2;1;1
CORD_ORD_73;PROD_26;1;1
CORD_ORD_73;PROD_28;1;1
CORD_ORD_73;PROD_31;1;1
CORD_ORD_73;PROD_34;1;1
CORD_ORD_73;PROD_38;1;1
CORD_ORD_73;PROD_41;1;1
CORD_ORD_73;PROD_46;1;1
CORD_ORD_73;PROD_48;1;1
CORD_ORD_73;PROD_49;1;1
CORD_ORD_73;PROD_6;1;1
CORD_ORD_73;PROD_8;1;1
CORD_ORD_73;PROD_9;1;1
CORD_ORD_74;PROD_10;1;1
CORD_ORD_74;PROD_11;1;1
CORD_ORD_74;PROD_16;1;1
CORD_ORD_74;PROD_17;1;1
CORD_ORD_74;PROD_19;1;1
CORD_ORD_74;PROD_22;1;1
CORD_ORD_74;PROD_25;1;1
CORD_ORD_74;PROD_27;1;1
CORD_ORD_74;PROD_29;1;1
CORD_ORD_74;PROD_31;1;1
CORD_ORD_74;PROD_32;1;1
CORD_ORD_74;PROD_33;1;1
CORD_ORD_74;PROD_43;1;1
CORD_ORD_74;PROD_44;1;1
CORD_ORD_74;PROD_47;1;1
CORD_ORD_74;PROD_48;1;1
CORD_ORD_74;PROD_50;1;1
CORD_ORD_74;PROD_8;1;1
CORD_ORD_75;PROD_10;1;1
CORD_ORD_75;PROD_11;1;1
CORD_ORD_75;PROD_12;1;1
CORD_ORD_75;PROD_14;1;1
CORD_ORD_75;PROD_16;1;1
CORD_ORD_75;PROD_17;1;1
CORD_ORD_75;PROD_19;1;1
CORD_ORD_75;PROD_20;1;1
CORD_ORD_75;PROD_21;1;1
CORD_ORD_75;PROD_23;1;1
CORD_ORD_75;PROD_27;1;1
CORD_ORD_75;PROD_28;1;1
CORD_ORD_75;PROD_29;1;1
CORD_ORD_75;PROD_31;1;1
CORD_ORD_75;PROD_33;1;1
CORD_ORD_75;PROD_35;1;1
CORD_ORD_75;PROD_39;1;1
CORD_ORD_75;PROD_4;1;1
CORD_ORD_75;PROD_44;1;1
CORD_ORD_75;PROD_45;1;1
CORD_ORD_75;PROD_48;1;1
CORD_ORD_75;PROD_8;1;1
CORD_ORD_75;PROD_9;1;1
CORD_ORD_76;PROD_1;1;1
CORD_ORD_76;PROD_10;1;1
CORD_ORD_76;PROD_11;1;1
CORD_ORD_76;PROD_12;1;1
CORD_ORD_76;PROD_16;1;1
CORD_ORD_76;PROD_18;1;1
CORD_ORD_76;PROD_2;1;1
CORD_ORD_76;PROD_21;1;1
CORD_ORD_76;PROD_27;1;1
CORD_ORD_76;PROD_29;1;1
CORD_ORD_76;PROD_3;1;1
CORD_ORD_76;PROD_36;1;1
CORD_ORD_76;PROD_4;1;1
CORD_ORD_76;PROD_41;1;1
CORD_ORD_76;PROD_8;1;1
CORD_ORD_77;PROD_1;1;1
CORD_ORD_77;PROD_11;1;1
CORD_ORD_77;PROD_14;1;1
CORD_ORD_77;PROD_18;1;1
CORD_ORD_77;PROD_19;1;1
CORD_ORD_77;PROD_2;1;1
CORD_ORD_77;PROD_24;1;1
CORD_ORD_77;PROD_27;1;1
CORD_ORD_77;PROD_28;1;1
CORD_ORD_77;PROD_29;1;1
CORD_ORD_77;PROD_3;1;1
CORD_ORD_77;PROD_32;1;1
CORD_ORD_77;PROD_33;1;1
CORD_ORD_77;PROD_36;1;1
CORD_ORD_77;PROD_37;1;1
CORD_ORD_77;PROD_41;1;1
CORD_ORD_77;PROD_42;1;1
CORD_ORD_77;PROD_43;1;1
CORD_ORD_77;PROD_44;1;1
CORD_ORD_77;PROD_47;1;1
CORD_ORD_77;PROD_9;1;1
CORD_ORD_78;PROD_1;1;1
CORD_ORD_78;PROD_10;1;1
CORD_ORD_78;PROD_13;1;1
CORD_ORD_78;PROD_16;1;1
CORD_ORD_78;PROD_18;1;1
CORD_ORD_78;PROD_19;1;1
CORD_ORD_78;PROD_2;1;1
CORD_ORD_78;PROD_20;1;1
CORD_ORD_78;PROD_23;1;1
CORD_ORD_78;PROD_24;1;1
CORD_ORD_78;PROD_3;1;1
CORD_ORD_78;PROD_33;1;1
CORD_ORD_78;PROD_35;1;1
CORD_ORD_78;PROD_36;1;1
CORD_ORD_78;PROD_37;1;1
CORD_ORD_78;PROD_38;1;1
CORD_ORD_78;PROD_39;1;1
CORD_ORD_78;PROD_41;1;1
CORD_ORD_78;PROD_42;1;1
CORD_ORD_78;PROD_44;1;1
CORD_ORD_78;PROD_45;1;1
CORD_ORD_78;PROD_5;1;1
CORD_ORD_78;PROD_7;1;1
CORD_ORD_78;PROD_8;1;1
CORD_ORD_79;PROD_1;1;1
CORD_ORD_79;PROD_10;1;1
CORD_ORD_79;PROD_11;1;1
CORD_ORD_79;PROD_14;1;1
CORD_ORD_79;PROD_15;1;1
CORD_ORD_79;PROD_16;1;1
CORD_ORD_79;PROD_18;1;1
CORD_ORD_79;PROD_19;1;1
CORD_ORD_79;PROD_2;1;1
CORD_ORD_79;PROD_20;1;1
CORD_ORD_79;PROD_26;1;1
CORD_ORD_79;PROD_27;1;1
CORD_ORD_79;PROD_28;1;1
CORD_ORD_79;PROD_29;1;1
CORD_ORD_79;PROD_3;1;1
CORD_ORD_79;PROD_30;1;1
CORD_ORD_79;PROD_32;1;1
CORD_ORD_79;PROD_33;1;1
CORD_ORD_79;PROD_34;1;1
CORD_ORD_79;PROD_35;1;1
CORD_ORD_79;PROD_36;1;1
CORD_ORD_79;PROD_39;1;1
CORD_ORD_79;PROD_40;1;1
CORD_ORD_79;PROD_41;1;1
CORD_ORD_79;PROD_43;1;1
CORD_ORD_79;PROD_44;1;1
CORD_ORD_79;PROD_46;1;1
CORD_ORD_79;PROD_47;1;1
CORD_ORD_79;PROD_49;1;1
CORD_ORD_79;PROD_6;1;1
CORD_ORD_79;PROD_8;1;1
CORD_ORD_79;PROD_9;1;1
CORD_ORD_80;PROD_1;1;1
CORD_ORD_80;PROD_10;1;1
CORD_ORD_80;PROD_11;1;1
CORD_ORD_80;PROD_12;1;1
CORD_ORD_80;PROD_13;1;1
CORD_ORD_80;PROD_15;1;1
CORD_ORD_80;PROD_16;1;1
CORD_ORD_80;PROD_20;1;1
CORD_ORD_80;PROD_21;1;1
CORD_ORD_80;PROD_24;1;1
CORD_ORD_80;PROD_27;1;1
CORD_ORD_80;PROD_29;1;1
CORD_ORD_80;PROD_3;1;1
CORD_ORD_80;PROD_32;1;1
CORD_ORD_80;PROD_34;1;1
CORD_ORD_80;PROD_35;1;1
CORD_ORD_80;PROD_36;1;1
CORD_ORD_80;PROD_37;1;1
CORD_ORD_80;PROD_38;1;1
CORD_ORD_80;PROD_39;1;1
CORD_ORD_80;PROD_4;1;1
CORD_ORD_80;PROD_42;1;1
CORD_ORD_80;PROD_43;1;1
CORD_ORD_80;PROD_47;1;1
CORD_ORD_80;PROD_49;1;1
CORD_ORD_80;PROD_8;1;1
CORD_ORD_81;PROD_1;1;1
CORD_ORD_81;PROD_10;1;1
CORD_ORD_81;PROD_11;1;1
CORD_ORD_81;PROD_16;1;1
CORD_ORD_81;PROD_17;1;1
CORD_ORD_81;PROD_18;1;1
CORD_ORD_81;PROD_2;1;1
CORD_ORD_81;PROD_22;1;1
CORD_ORD_81;PROD_25;1;1
CORD_ORD_81;PROD_27;1;1
CORD_ORD_81;PROD_29;1;1
CORD_ORD_81;PROD_3;1;1
CORD_ORD_81;PROD_30;1;1
CORD_ORD_81;PROD_31;1;1
CORD_ORD_81;PROD_36;1;1
CORD_ORD_81;PROD_40;1;1
CORD_ORD_81;PROD_41;1;1
CORD_ORD_81;PROD_48;1;1
CORD_ORD_81;PROD_50;1;1
CORD_ORD_81;PROD_8;1;1
CORD_ORD_82;PROD_11;1;1
CORD_ORD_82;PROD_13;1;1
CORD_ORD_82;PROD_15;1;1
CORD_ORD_82;PROD_17;1;1
CORD_ORD_82;PROD_18;1;1
CORD_ORD_82;PROD_19;1;1
CORD_ORD_82;PROD_2;1;1
CORD_ORD_82;PROD_20;1;1
CORD_ORD_82;PROD_22;1;1
CORD_ORD_82;PROD_23;1;1
CORD_ORD_82;PROD_24;1;1
CORD_ORD_82;PROD_25;1;1
CORD_ORD_82;PROD_26;1;1
CORD_ORD_82;PROD_27;1;1
CORD_ORD_82;PROD_29;1;1
CORD_ORD_82;PROD_30;1;1
CORD_ORD_82;PROD_31;1;1
CORD_ORD_82;PROD_32;1;1
CORD_ORD_82;PROD_33;1;1
CORD_ORD_82;PROD_34;1;1
CORD_ORD_82;PROD_35;1;1
CORD_ORD_82;PROD_37;1;1
CORD_ORD_82;PROD_38;1;1
CORD_ORD_82;PROD_39;1;1
CORD_ORD_82;PROD_40;1;1
CORD_ORD_82;PROD_41;1;1
CORD_ORD_82;PROD_42;1;1
CORD_ORD_82;PROD_43;1;1
CORD_ORD_82;PROD_44;1;1
CORD_ORD_82;PROD_45;1;1
CORD_ORD_82;PROD_46;1;1
CORD_ORD_82;PROD_47;1;1
CORD_ORD_82;PROD_48;1;1
CORD_ORD_82;PROD_49;1;1
CORD_ORD_82;PROD_50;1;1
CORD_ORD_82;PROD_6;1;1
CORD_ORD_83;PROD_1;1;1
CORD_ORD_83;PROD_10;1;1
CORD_ORD_83;PROD_13;1;1
CORD_ORD_83;PROD_16;1;1
CORD_ORD_83;PROD_19;1;1
CORD_ORD_83;PROD_26;1;1
CORD_ORD_83;PROD_3;1;1
CORD_ORD_83;PROD_33;1;1
CORD_ORD_83;PROD_36;1;1
CORD_ORD_83;PROD_38;1;1
CORD_ORD_83;PROD_44;1;1
CORD_ORD_83;PROD_46;1;1
CORD_ORD_83;PROD_5;1;1
CORD_ORD_83;PROD_6;1;1
CORD_ORD_83;PROD_7;1;1
CORD_ORD_83;PROD_8;1;1
CORD_ORD_84;PROD_10;1;1
CORD_ORD_84;PROD_12;1;1
CORD_ORD_84;PROD_13;1;1
CORD_ORD_84;PROD_14;1;1
CORD_ORD_84;PROD_16;1;1
CORD_ORD_84;PROD_18;1;1
CORD_ORD_84;PROD_2;1;1
CORD_ORD_84;PROD_21;1;1
CORD_ORD_84;PROD_22;1;1
CORD_ORD_84;PROD_24;1;1
CORD_ORD_84;PROD_25;1;1
CORD_ORD_84;PROD_26;1;1
CORD_ORD_84;PROD_28;1;1
CORD_ORD_84;PROD_32;1;1
CORD_ORD_84;PROD_37;1;1
CORD_ORD_84;PROD_38;1;1
CORD_ORD_84;PROD_4;1;1
CORD_ORD_84;PROD_41;1;1
CORD_ORD_84;PROD_42;1;1
CORD_ORD_84;PROD_43;1;1
CORD_ORD_84;PROD_46;1;1
CORD_ORD_84;PROD_47;1;1
CORD_ORD_84;PROD_5;1;1
CORD_ORD_84;PROD_50;1;1
CORD_ORD_84;PROD_6;1;1
CORD_ORD_84;PROD_7;1;1
CORD_ORD_84;PROD_8;1;1
CORD_ORD_84;PROD_9;1;1
CORD_ORD_85;PROD_1;1;1
CORD_ORD_85;PROD_10;1;1
CORD_ORD_85;PROD_15;1;1
CORD_ORD_85;PROD_16;1;1
CORD_ORD_85;PROD_17;1;1
CORD_ORD_85;PROD_20;1;1
CORD_ORD_85;PROD_22;1;1
CORD_ORD_85;PROD_25;1;1
CORD_ORD_85;PROD_26;1;1
CORD_ORD_85;PROD_3;1;1
CORD_ORD_85;PROD_31;1;1
CORD_ORD_85;PROD_34;1;1
CORD_ORD_85;PROD_35;1;1
CORD_ORD_85;PROD_36;1;1
CORD_ORD_85;PROD_39;1;1
CORD_ORD_85;PROD_46;1;1
CORD_ORD_85;PROD_48;1;1
CORD_ORD_85;PROD_49;1;1
CORD_ORD_85;PROD_50;1;1
CORD_ORD_85;PROD_6;1;1
CORD_ORD_85;PROD_8;1;1
CORD_ORD_86;PROD_13;1;1
CORD_ORD_86;PROD_18;1;1
CORD_ORD_86;PROD_19;1;1
CORD_ORD_86;PROD_2;1;1
CORD_ORD_86;PROD_20;1;1
CORD_ORD_86;PROD_22;1;1
CORD_ORD_86;PROD_25;1;1
CORD_ORD_86;PROD_26;1;1
CORD_ORD_86;PROD_33;1;1
CORD_ORD_86;PROD_35;1;1
CORD_ORD_86;PROD_38;1;1
CORD_ORD_86;PROD_39;1;1
CORD_ORD_86;PROD_41;1;1
CORD_ORD_86;PROD_44;1;1
CORD_ORD_86;PROD_46;1;1
CORD_ORD_86;PROD_50;1;1
CORD_ORD_86;PROD_6;1;1
CORD_ORD_87;PROD_1;1;1
CORD_ORD_87;PROD_11;1;1
CORD_ORD_87;PROD_13;1;1
CORD_ORD_87;PROD_19;1;1
CORD_ORD_87;PROD_22;1;1
CORD_ORD_87;PROD_24;1;1
CORD_ORD_87;PROD_25;1;1
CORD_ORD_87;PROD_27;1;1
CORD_ORD_87;PROD_29;1;1
CORD_ORD_87;PROD_3;1;1
CORD_ORD_87;PROD_32;1;1
CORD_ORD_87;PROD_33;1;1
CORD_ORD_87;PROD_36;1;1
CORD_ORD_87;PROD_37;1;1
CORD_ORD_87;PROD_38;1;1
CORD_ORD_87;PROD_42;1;1
CORD_ORD_87;PROD_43;1;1
CORD_ORD_87;PROD_44;1;1
CORD_ORD_87;PROD_47;1;1
CORD_ORD_87;PROD_5;1;1
CORD_ORD_87;PROD_50;1;1
CORD_ORD_87;PROD_7;1;1
CORD_ORD_88;PROD_1;1;1
CORD_ORD_88;PROD_12;1;1
CORD_ORD_88;PROD_15;1;1
CORD_ORD_88;PROD_19;1;1
CORD_ORD_88;PROD_21;1;1
CORD_ORD_88;PROD_22;1;1
CORD_ORD_88;PROD_24;1;1
CORD_ORD_88;PROD_25;1;1
CORD_ORD_88;PROD_26;1;1
CORD_ORD_88;PROD_3;1;1
CORD_ORD_88;PROD_32;1;1
CORD_ORD_88;PROD_33;1;1
CORD_ORD_88;PROD_34;1;1
CORD_ORD_88;PROD_36;1;1
CORD_ORD_88;PROD_37;1;1
CORD_ORD_88;PROD_4;1;1
CORD_ORD_88;PROD_42;1;1
CORD_ORD_88;PROD_43;1;1
CORD_ORD_88;PROD_44;1;1
CORD_ORD_88;PROD_46;1;1
CORD_ORD_88;PROD_47;1;1
CORD_ORD_88;PROD_49;1;1
CORD_ORD_88;PROD_50;1;1
CORD_ORD_88;PROD_6;1;1
CORD_ORD_89;PROD_10;1;1
CORD_ORD_89;PROD_11;1;1
CORD_ORD_89;PROD_16;1;1
CORD_ORD_89;PROD_22;1;1
CORD_ORD_89;PROD_24;1;1
CORD_ORD_89;PROD_25;1;1
CORD_ORD_89;PROD_26;1;1
CORD_ORD_89;PROD_27;1;1
CORD_ORD_89;PROD_29;1;1
CORD_ORD_89;PROD_37;1;1
CORD_ORD_89;PROD_42;1;1
CORD_ORD_89;PROD_46;1;1
CORD_ORD_89;PROD_50;1;1
CORD_ORD_89;PROD_6;1;1
CORD_ORD_89;PROD_8;1;1
CORD_ORD_90;PROD_1;1;1
CORD_ORD_90;PROD_12;1;1
CORD_ORD_90;PROD_14;1;1
CORD_ORD_90;PROD_15;1;1
CORD_ORD_90;PROD_18;1;1
CORD_ORD_90;PROD_19;1;1
CORD_ORD_90;PROD_2;1;1
CORD_ORD_90;PROD_20;1;1
CORD_ORD_90;PROD_21;1;1
CORD_ORD_90;PROD_28;1;1
CORD_ORD_90;PROD_3;1;1
CORD_ORD_90;PROD_30;1;1
CORD_ORD_90;PROD_32;1;1
CORD_ORD_90;PROD_33;1;1
CORD_ORD_90;PROD_34;1;1
CORD_ORD_90;PROD_35;1;1
CORD_ORD_90;PROD_36;1;1
CORD_ORD_90;PROD_39;1;1
CORD_ORD_90;PROD_4;1;1
CORD_ORD_90;PROD_40;1;1
CORD_ORD_90;PROD_41;1;1
CORD_ORD_90;PROD_43;1;1
CORD_ORD_90;PROD_44;1;1
CORD_ORD_90;PROD_47;1;1
CORD_ORD_90;PROD_49;1;1
CORD_ORD_90;PROD_9;1;1
CORD_ORD_91;PROD_10;1;1
CORD_ORD_91;PROD_12;1;1
CORD_ORD_91;PROD_16;1;1
CORD_ORD_91;PROD_17;1;1
CORD_ORD_91;PROD_21;1;1
CORD_ORD_91;PROD_22;1;1
CORD_ORD_91;PROD_24;1;1
CORD_ORD_91;PROD_25;1;1
CORD_ORD_91;PROD_26;1;1
CORD_ORD_91;PROD_31;1;1
CORD_ORD_91;PROD_37;1;1
CORD_ORD_91;PROD_4;1;1
CORD_ORD_91;PROD_42;1;1
CORD_ORD_91;PROD_46;1;1
CORD_ORD_91;PROD_48;1;1
CORD_ORD_91;PROD_50;1;1
CORD_ORD_91;PROD_6;1;1
CORD_ORD_91;PROD_8;1;1
CORD_ORD_92;PROD_13;1;1
CORD_ORD_92;PROD_15;1;1
CORD_ORD_92;PROD_19;1;1
CORD_ORD_92;PROD_20;1;1
CORD_ORD_92;PROD_22;1;1
CORD_ORD_92;PROD_25;1;1
CORD_ORD_92;PROD_33;1;1
CORD_ORD_92;PROD_34;1;1
CORD_ORD_92;PROD_35;1;1
CORD_ORD_92;PROD_38;1;1
CORD_ORD_92;PROD_39;1;1
CORD_ORD_92;PROD_44;1;1
CORD_ORD_92;PROD_49;1;1
CORD_ORD_92;PROD_50;1;1
CORD_ORD_93;PROD_1;1;1
CORD_ORD_93;PROD_18;1;1
CORD_ORD_93;PROD_2;1;1
CORD_ORD_93;PROD_24;1;1
CORD_ORD_93;PROD_26;1;1
CORD_ORD_93;PROD_3;1;1
CORD_ORD_93;PROD_36;1;1
CORD_ORD_93;PROD_37;1;1
CORD_ORD_93;PROD_41;1;1
CORD_ORD_93;PROD_42;1;1
CORD_ORD_93;PROD_46;1;1
CORD_ORD_93;PROD_6;1;1
CORD_ORD_94;PROD_11;1;1
CORD_ORD_94;PROD_12;1;1
CORD_ORD_94;PROD_13;1;1
CORD_ORD_94;PROD_17;1;1
CORD_ORD_94;PROD_21;1;1
CORD_ORD_94;PROD_27;1;1
CORD_ORD_94;PROD_29;1;1
CORD_ORD_94;PROD_31;1;1
CORD_ORD_94;PROD_32;1;1
CORD_ORD_94;PROD_38;1;1
CORD_ORD_94;PROD_4;1;1
CORD_ORD_94;PROD_43;1;1
CORD_ORD_94;PROD_47;1;1
CORD_ORD_94;PROD_48;1;1
CORD_ORD_95;PROD_1;1;1
CORD_ORD_95;PROD_10;1;1
CORD_ORD_95;PROD_11;1;1
CORD_ORD_95;PROD_15;1;1
CORD_ORD_95;PROD_16;1;1
CORD_ORD_95;PROD_17;1;1
CORD_ORD_95;PROD_18;1;1
CORD_ORD_95;PROD_2;1;1
CORD_ORD_95;PROD_20;1;1
CORD_ORD_95;PROD_22;1;1
CORD_ORD_95;PROD_24;1;1
CORD_ORD_95;PROD_25;1;1
CORD_ORD_95;PROD_26;1;1
CORD_ORD_95;PROD_27;1;1
CORD_ORD_95;PROD_29;1;1
CORD_ORD_95;PROD_3;1;1
CORD_ORD_95;PROD_31;1;1
CORD_ORD_95;PROD_32;1;1
CORD_ORD_95;PROD_34;1;1
CORD_ORD_95;PROD_35;1;1
CORD_ORD_95;PROD_36;1;1
CORD_ORD_95;PROD_37;1;1
CORD_ORD_95;PROD_39;1;1
CORD_ORD_95;PROD_41;1;1
CORD_ORD_95;PROD_42;1;1
CORD_ORD_95;PROD_43;1;1
CORD_ORD_95;PROD_46;1;1
CORD_ORD_95;PROD_47;1;1
CORD_ORD_95;PROD_48;1;1
CORD_ORD_95;PROD_49;1;1
CORD_ORD_95;PROD_50;1;1
CORD_ORD_95;PROD_6;1;1
CORD_ORD_95;PROD_8;1;1
CORD_ORD_96;PROD_10;1;1
CORD_ORD_96;PROD_11;1;1
CORD_ORD_96;PROD_13;1;1
CORD_ORD_96;PROD_14;1;1
CORD_ORD_96;PROD_16;1;1
CORD_ORD_96;PROD_17;1;1
CORD_ORD_96;PROD_23;1;1
CORD_ORD_96;PROD_27;1;1
CORD_ORD_96;PROD_28;1;1
CORD_ORD_96;PROD_29;1;1
CORD_ORD_96;PROD_30;1;1
CORD_ORD_96;PROD_31;1;1
CORD_ORD_96;PROD_32;1;1
CORD_ORD_96;PROD_38;1;1
CORD_ORD_96;PROD_40;1;1
CORD_ORD_96;PROD_43;1;1
CORD_ORD_96;PROD_45;1;1
CORD_ORD_96;PROD_47;1;1
CORD_ORD_96;PROD_48;1;1
CORD_ORD_96;PROD_8;1;1
CORD_ORD_96;PROD_9;1;1
CORD_ORD_97;PROD_10;1;1
CORD_ORD_97;PROD_14;1;1
CORD_ORD_97;PROD_16;1;1
CORD_ORD_97;PROD_18;1;1
CORD_ORD_97;PROD_2;1;1
CORD_ORD_97;PROD_28;1;1
CORD_ORD_97;PROD_30;1;1
CORD_ORD_97;PROD_40;1;1
CORD_ORD_97;PROD_41;1;1
CORD_ORD_97;PROD_5;1;1
CORD_ORD_97;PROD_7;1;1
CORD_ORD_97;PROD_8;1;1
CORD_ORD_97;PROD_9;1;1
CORD_ORD_98;PROD_11;1;1
CORD_ORD_98;PROD_14;1;1
CORD_ORD_98;PROD_19;1;1
CORD_ORD_98;PROD_23;1;1
CORD_ORD_98;PROD_27;1;1
CORD_ORD_98;PROD_28;1;1
CORD_ORD_98;PROD_29;1;1
CORD_ORD_98;PROD_33;1;1
CORD_ORD_98;PROD_44;1;1
CORD_ORD_98;PROD_45;1;1
CORD_ORD_98;PROD_9;1;1
CORD_ORD_99;PROD_1;1;1
CORD_ORD_99;PROD_10;1;1
CORD_ORD_99;PROD_16;1;1
CORD_ORD_99;PROD_17;1;1
CORD_ORD_99;PROD_22;1;1
CORD_ORD_99;PROD_25;1;1
CORD_ORD_99;PROD_26;1;1
CORD_ORD_99;PROD_3;1;1
CORD_ORD_99;PROD_31;1;1
CORD_ORD_99;PROD_36;1;1
CORD_ORD_99;PROD_46;1;1
CORD_ORD_99;PROD_48;1;1
CORD_ORD_99;PROD_50;1;1
CORD_ORD_99;PROD_6;1;1
CORD_ORD_99;PROD_8;1;1
CORD_ORD_100;PROD_1;1;1
CORD_ORD_100;PROD_12;1;1
CORD_ORD_100;PROD_13;1;1
CORD_ORD_100;PROD_15;1;1
CORD_ORD_100;PROD_20;1;1
CORD_ORD_100;PROD_21;1;1
CORD_ORD_100;PROD_22;1;1
CORD_ORD_100;PROD_23;1;1
CORD_ORD_100;PROD_24;1;1
CORD_ORD_100;PROD_25;1;1
CORD_ORD_100;PROD_26;1;1
CORD_ORD_100;PROD_3;1;1
CORD_ORD_100;PROD_30;1;1
CORD_ORD_100;PROD_34;1;1
CORD_ORD_100;PROD_35;1;1
CORD_ORD_100;PROD_36;1;1
CORD_ORD_100;PROD_37;1;1
CORD_ORD_100;PROD_38;1;1
CORD_ORD_100;PROD_39;1;1
CORD_ORD_100;PROD_4;1;1
CORD_ORD_100;PROD_40;1;1
CORD_ORD_100;PROD_42;1;1
CORD_ORD_100;PROD_45;1;1
CORD_ORD_100;PROD_46;1;1
CORD_ORD_100;PROD_49;1;1
CORD_ORD_100;PROD_50;1;1
CORD_ORD_100;PROD_6;1;1
CORD_ORD_101;PROD_11;1;1
CORD_ORD_101;PROD_15;1;1
CORD_ORD_101;PROD_17;1;1
CORD_ORD_101;PROD_19;1;1
CORD_ORD_101;PROD_24;1;1
CORD_ORD_101;PROD_27;1;1
CORD_ORD_101;PROD_29;1;1
CORD_ORD_101;PROD_31;1;1
CORD_ORD_101;PROD_32;1;1
CORD_ORD_101;PROD_33;1;1
CORD_ORD_101;PROD_34;1;1
CORD_ORD_101;PROD_37;1;1
CORD_ORD_101;PROD_42;1;1
CORD_ORD_101;PROD_43;1;1
CORD_ORD_101;PROD_44;1;1
CORD_ORD_101;PROD_47;1;1
CORD_ORD_101;PROD_48;1;1
CORD_ORD_101;PROD_49;1;1
CORD_ORD_102;PROD_1;1;1
CORD_ORD_102;PROD_10;1;1
CORD_ORD_102;PROD_11;1;1
CORD_ORD_102;PROD_16;1;1
CORD_ORD_102;PROD_18;1;1
CORD_ORD_102;PROD_2;1;1
CORD_ORD_102;PROD_23;1;1
CORD_ORD_102;PROD_24;1;1
CORD_ORD_102;PROD_26;1;1
CORD_ORD_102;PROD_27;1;1
CORD_ORD_102;PROD_29;1;1
CORD_ORD_102;PROD_3;1;1
CORD_ORD_102;PROD_36;1;1
CORD_ORD_102;PROD_37;1;1
CORD_ORD_102;PROD_41;1;1
CORD_ORD_102;PROD_42;1;1
CORD_ORD_102;PROD_45;1;1
CORD_ORD_102;PROD_46;1;1
CORD_ORD_102;PROD_6;1;1
CORD_ORD_102;PROD_8;1;1
CORD_ORD_103;PROD_1;1;1
CORD_ORD_103;PROD_11;1;1
CORD_ORD_103;PROD_15;1;1
CORD_ORD_103;PROD_17;1;1
CORD_ORD_103;PROD_22;1;1
CORD_ORD_103;PROD_25;1;1
CORD_ORD_103;PROD_26;1;1
CORD_ORD_103;PROD_27;1;1
CORD_ORD_103;PROD_29;1;1
CORD_ORD_103;PROD_3;1;1
CORD_ORD_103;PROD_31;1;1
CORD_ORD_103;PROD_32;1;1
CORD_ORD_103;PROD_34;1;1
CORD_ORD_103;PROD_36;1;1
CORD_ORD_103;PROD_43;1;1
CORD_ORD_103;PROD_46;1;1
CORD_ORD_103;PROD_47;1;1
CORD_ORD_103;PROD_48;1;1
CORD_ORD_103;PROD_49;1;1
CORD_ORD_103;PROD_50;1;1
CORD_ORD_103;PROD_6;1;1
CORD_ORD_104;PROD_11;1;1
CORD_ORD_104;PROD_12;1;1
CORD_ORD_104;PROD_13;1;1
CORD_ORD_104;PROD_15;1;1
CORD_ORD_104;PROD_17;1;1
CORD_ORD_104;PROD_18;1;1
CORD_ORD_104;PROD_19;1;1
CORD_ORD_104;PROD_2;1;1
CORD_ORD_104;PROD_21;1;1
CORD_ORD_104;PROD_22;1;1
CORD_ORD_104;PROD_25;1;1
CORD_ORD_104;PROD_27;1;1
CORD_ORD_104;PROD_29;1;1
CORD_ORD_104;PROD_30;1;1
CORD_ORD_104;PROD_31;1;1
CORD_ORD_104;PROD_32;1;1
CORD_ORD_104;PROD_33;1;1
CORD_ORD_104;PROD_34;1;1
CORD_ORD_104;PROD_38;1;1
CORD_ORD_104;PROD_4;1;1
CORD_ORD_104;PROD_40;1;1
CORD_ORD_104;PROD_41;1;1
CORD_ORD_104;PROD_43;1;1
CORD_ORD_104;PROD_44;1;1
CORD_ORD_104;PROD_47;1;1
CORD_ORD_104;PROD_48;1;1
CORD_ORD_104;PROD_49;1;1
CORD_ORD_104;PROD_50;1;1
CORD_ORD_105;PROD_1;1;1
CORD_ORD_105;PROD_11;1;1
CORD_ORD_105;PROD_27;1;1
CORD_ORD_105;PROD_29;1;1
CORD_ORD_105;PROD_3;1;1
CORD_ORD_105;PROD_32;1;1
CORD_ORD_105;PROD_36;1;1
CORD_ORD_105;PROD_43;1;1
CORD_ORD_105;PROD_47;1;1
CORD_ORD_106;PROD_10;1;1
CORD_ORD_106;PROD_11;1;1
CORD_ORD_106;PROD_12;1;1
CORD_ORD_106;PROD_13;1;1
CORD_ORD_106;PROD_14;1;1
CORD_ORD_106;PROD_16;1;1
CORD_ORD_106;PROD_17;1;1
CORD_ORD_106;PROD_20;1;1
CORD_ORD_106;PROD_21;1;1
CORD_ORD_106;PROD_22;1;1
CORD_ORD_106;PROD_25;1;1
CORD_ORD_106;PROD_27;1;1
CORD_ORD_106;PROD_28;1;1
CORD_ORD_106;PROD_29;1;1
CORD_ORD_106;PROD_30;1;1
CORD_ORD_106;PROD_31;1;1
CORD_ORD_106;PROD_35;1;1
CORD_ORD_106;PROD_38;1;1
CORD_ORD_106;PROD_39;1;1
CORD_ORD_106;PROD_4;1;1
CORD_ORD_106;PROD_40;1;1
CORD_ORD_106;PROD_48;1;1
CORD_ORD_106;PROD_50;1;1
CORD_ORD_106;PROD_8;1;1
CORD_ORD_106;PROD_9;1;1
CORD_ORD_107;PROD_1;1;1
CORD_ORD_107;PROD_14;1;1
CORD_ORD_107;PROD_15;1;1
CORD_ORD_107;PROD_17;1;1
CORD_ORD_107;PROD_18;1;1
CORD_ORD_107;PROD_2;1;1
CORD_ORD_107;PROD_22;1;1
CORD_ORD_107;PROD_23;1;1
CORD_ORD_107;PROD_24;1;1
CORD_ORD_107;PROD_25;1;1
CORD_ORD_107;PROD_26;1;1
CORD_ORD_107;PROD_28;1;1
CORD_ORD_107;PROD_3;1;1
CORD_ORD_107;PROD_31;1;1
CORD_ORD_107;PROD_32;1;1
CORD_ORD_107;PROD_34;1;1
CORD_ORD_107;PROD_36;1;1
CORD_ORD_107;PROD_37;1;1
CORD_ORD_107;PROD_41;1;1
CORD_ORD_107;PROD_42;1;1
CORD_ORD_107;PROD_43;1;1
CORD_ORD_107;PROD_45;1;1
CORD_ORD_107;PROD_46;1;1
CORD_ORD_107;PROD_47;1;1
CORD_ORD_107;PROD_48;1;1
CORD_ORD_107;PROD_49;1;1
CORD_ORD_107;PROD_5;1;1
CORD_ORD_107;PROD_50;1;1
CORD_ORD_107;PROD_6;1;1
CORD_ORD_107;PROD_7;1;1
CORD_ORD_107;PROD_9;1;1
CORD_ORD_108;PROD_1;1;1
CORD_ORD_108;PROD_10;1;1
CORD_ORD_108;PROD_13;1;1
CORD_ORD_108;PROD_14;1;1
CORD_ORD_108;PROD_16;1;1
CORD_ORD_108;PROD_18;1;1
CORD_ORD_108;PROD_2;1;1
CORD_ORD_108;PROD_20;1;1
CORD_ORD_108;PROD_22;1;1
CORD_ORD_108;PROD_23;1;1
CORD_ORD_108;PROD_25;1;1
CORD_ORD_108;PROD_26;1;1
CORD_ORD_108;PROD_28;1;1
CORD_ORD_108;PROD_3;1;1
CORD_ORD_108;PROD_35;1;1
CORD_ORD_108;PROD_36;1;1
CORD_ORD_108;PROD_38;1;1
CORD_ORD_108;PROD_39;1;1
CORD_ORD_108;PROD_41;1;1
CORD_ORD_108;PROD_45;1;1
CORD_ORD_108;PROD_46;1;1
CORD_ORD_108;PROD_50;1;1
CORD_ORD_108;PROD_6;1;1
CORD_ORD_108;PROD_8;1;1
CORD_ORD_108;PROD_9;1;1
CORD_ORD_109;PROD_10;1;1
CORD_ORD_109;PROD_13;1;1
CORD_ORD_109;PROD_14;1;1
CORD_ORD_109;PROD_15;1;1
CORD_ORD_109;PROD_16;1;1
CORD_ORD_109;PROD_20;1;1
CORD_ORD_109;PROD_28;1;1
CORD_ORD_109;PROD_34;1;1
CORD_ORD_109;PROD_35;1;1
CORD_ORD_109;PROD_38;1;1
CORD_ORD_109;PROD_39;1;1
CORD_ORD_109;PROD_49;1;1
CORD_ORD_109;PROD_8;1;1
CORD_ORD_109;PROD_9;1;1
CORD_ORD_110;PROD_12;1;1
CORD_ORD_110;PROD_13;1;1
CORD_ORD_110;PROD_18;1;1
CORD_ORD_110;PROD_19;1;1
CORD_ORD_110;PROD_2;1;1
CORD_ORD_110;PROD_21;1;1
CORD_ORD_110;PROD_22;1;1
CORD_ORD_110;PROD_24;1;1
CORD_ORD_110;PROD_25;1;1
CORD_ORD_110;PROD_33;1;1
CORD_ORD_110;PROD_37;1;1
CORD_ORD_110;PROD_38;1;1
CORD_ORD_110;PROD_4;1;1
CORD_ORD_110;PROD_41;1;1
CORD_ORD_110;PROD_42;1;1
CORD_ORD_110;PROD_44;1;1
CORD_ORD_110;PROD_50;1;1
CORD_ORD_111;PROD_10;1;1
CORD_ORD_111;PROD_11;1;1
CORD_ORD_111;PROD_12;1;1
CORD_ORD_111;PROD_13;1;1
CORD_ORD_111;PROD_15;1;1
CORD_ORD_111;PROD_16;1;1
CORD_ORD_111;PROD_19;1;1
CORD_ORD_111;PROD_21;1;1
CORD_ORD_111;PROD_22;1;1
CORD_ORD_111;PROD_24;1;1
CORD_ORD_111;PROD_25;1;1
CORD_ORD_111;PROD_27;1;1
CORD_ORD_111;PROD_29;1;1
CORD_ORD_111;PROD_33;1;1
CORD_ORD_111;PROD_34;1;1
CORD_ORD_111;PROD_37;1;1
CORD_ORD_111;PROD_38;1;1
CORD_ORD_111;PROD_4;1;1
CORD_ORD_111;PROD_42;1;1
CORD_ORD_111;PROD_44;1;1
CORD_ORD_111;PROD_49;1;1
CORD_ORD_111;PROD_50;1;1
CORD_ORD_111;PROD_8;1;1
CORD_ORD_112;PROD_10;1;1
CORD_ORD_112;PROD_11;1;1
CORD_ORD_112;PROD_15;1;1
CORD_ORD_112;PROD_16;1;1
CORD_ORD_112;PROD_17;1;1
CORD_ORD_112;PROD_19;1;1
CORD_ORD_112;PROD_20;1;1
CORD_ORD_112;PROD_22;1;1
CORD_ORD_112;PROD_23;1;1
CORD_ORD_112;PROD_25;1;1
CORD_ORD_112;PROD_26;1;1
CORD_ORD_112;PROD_27;1;1
CORD_ORD_112;PROD_29;1;1
CORD_ORD_112;PROD_31;1;1
CORD_ORD_112;PROD_33;1;1
CORD_ORD_112;PROD_34;1;1
CORD_ORD_112;PROD_35;1;1
CORD_ORD_112;PROD_39;1;1
CORD_ORD_112;PROD_44;1;1
CORD_ORD_112;PROD_45;1;1
CORD_ORD_112;PROD_46;1;1
CORD_ORD_112;PROD_48;1;1
CORD_ORD_112;PROD_49;1;1
CORD_ORD_112;PROD_50;1;1
CORD_ORD_112;PROD_6;1;1
CORD_ORD_112;PROD_8;1;1
CORD_ORD_113;PROD_10;1;1
CORD_ORD_113;PROD_12;1;1
CORD_ORD_113;PROD_16;1;1
CORD_ORD_113;PROD_17;1;1
CORD_ORD_113;PROD_21;1;1
CORD_ORD_113;PROD_31;1;1
CORD_ORD_113;PROD_32;1;1
CORD_ORD_113;PROD_4;1;1
CORD_ORD_113;PROD_43;1;1
CORD_ORD_113;PROD_47;1;1
CORD_ORD_113;PROD_48;1;1
CORD_ORD_113;PROD_8;1;1
CORD_ORD_114;PROD_11;1;1
CORD_ORD_114;PROD_12;1;1
CORD_ORD_114;PROD_13;1;1
CORD_ORD_114;PROD_14;1;1
CORD_ORD_114;PROD_15;1;1
CORD_ORD_114;PROD_19;1;1
CORD_ORD_114;PROD_20;1;1
CORD_ORD_114;PROD_21;1;1
CORD_ORD_114;PROD_22;1;1
CORD_ORD_114;PROD_25;1;1
CORD_ORD_114;PROD_26;1;1
CORD_ORD_114;PROD_27;1;1
CORD_ORD_114;PROD_28;1;1
CORD_ORD_114;PROD_29;1;1
CORD_ORD_114;PROD_30;1;1
CORD_ORD_114;PROD_33;1;1
CORD_ORD_114;PROD_34;1;1
CORD_ORD_114;PROD_35;1;1
CORD_ORD_114;PROD_38;1;1
CORD_ORD_114;PROD_39;1;1
CORD_ORD_114;PROD_4;1;1
CORD_ORD_114;PROD_40;1;1
CORD_ORD_114;PROD_44;1;1
CORD_ORD_114;PROD_46;1;1
CORD_ORD_114;PROD_49;1;1
CORD_ORD_114;PROD_5;1;1
CORD_ORD_114;PROD_50;1;1
CORD_ORD_114;PROD_6;1;1
CORD_ORD_114;PROD_7;1;1
CORD_ORD_114;PROD_9;1;1
CORD_ORD_115;PROD_1;1;1
CORD_ORD_115;PROD_10;1;1
CORD_ORD_115;PROD_13;1;1
CORD_ORD_115;PROD_16;1;1
CORD_ORD_115;PROD_18;1;1
CORD_ORD_115;PROD_19;1;1
CORD_ORD_115;PROD_2;1;1
CORD_ORD_115;PROD_20;1;1
CORD_ORD_115;PROD_22;1;1
CORD_ORD_115;PROD_25;1;1
CORD_ORD_115;PROD_3;1;1
CORD_ORD_115;PROD_30;1;1
CORD_ORD_115;PROD_32;1;1
CORD_ORD_115;PROD_33;1;1
CORD_ORD_115;PROD_35;1;1
CORD_ORD_115;PROD_36;1;1
CORD_ORD_115;PROD_38;1;1
CORD_ORD_115;PROD_39;1;1
CORD_ORD_115;PROD_40;1;1
CORD_ORD_115;PROD_41;1;1
CORD_ORD_115;PROD_43;1;1
CORD_ORD_115;PROD_44;1;1
CORD_ORD_115;PROD_47;1;1
CORD_ORD_115;PROD_5;1;1
CORD_ORD_115;PROD_50;1;1
CORD_ORD_115;PROD_7;1;1
CORD_ORD_115;PROD_8;1;1
CORD_ORD_116;PROD_10;1;1
CORD_ORD_116;PROD_11;1;1
CORD_ORD_116;PROD_15;1;1
CORD_ORD_116;PROD_16;1;1
CORD_ORD_116;PROD_17;1;1
CORD_ORD_116;PROD_18;1;1
CORD_ORD_116;PROD_2;1;1
CORD_ORD_116;PROD_20;1;1
CORD_ORD_116;PROD_27;1;1
CORD_ORD_116;PROD_29;1;1
CORD_ORD_116;PROD_31;1;1
CORD_ORD_116;PROD_32;1;1
CORD_ORD_116;PROD_34;1;1
CORD_ORD_116;PROD_35;1;1
CORD_ORD_116;PROD_39;1;1
CORD_ORD_116;PROD_41;1;1
CORD_ORD_116;PROD_43;1;1
CORD_ORD_116;PROD_47;1;1
CORD_ORD_116;PROD_48;1;1
CORD_ORD_116;PROD_49;1;1
CORD_ORD_116;PROD_8;1;1
CORD_ORD_117;PROD_1;1;1
CORD_ORD_117;PROD_11;1;1
CORD_ORD_117;PROD_12;1;1
CORD_ORD_117;PROD_17;1;1
CORD_ORD_117;PROD_18;1;1
CORD_ORD_117;PROD_2;1;1
CORD_ORD_117;PROD_21;1;1
CORD_ORD_117;PROD_27;1;1
CORD_ORD_117;PROD_29;1;1
CORD_ORD_117;PROD_3;1;1
CORD_ORD_117;PROD_31;1;1
CORD_ORD_117;PROD_36;1;1
CORD_ORD_117;PROD_4;1;1
CORD_ORD_117;PROD_41;1;1
CORD_ORD_117;PROD_48;1;1
CORD_ORD_118;PROD_11;1;1
CORD_ORD_118;PROD_14;1;1
CORD_ORD_118;PROD_15;1;1
CORD_ORD_118;PROD_19;1;1
CORD_ORD_118;PROD_27;1;1
CORD_ORD_118;PROD_28;1;1
CORD_ORD_118;PROD_29;1;1
CORD_ORD_118;PROD_33;1;1
CORD_ORD_118;PROD_34;1;1
CORD_ORD_118;PROD_44;1;1
CORD_ORD_118;PROD_49;1;1
CORD_ORD_118;PROD_5;1;1
CORD_ORD_118;PROD_7;1;1
CORD_ORD_118;PROD_9;1;1
CORD_ORD_119;PROD_12;1;1
CORD_ORD_119;PROD_13;1;1
CORD_ORD_119;PROD_15;1;1
CORD_ORD_119;PROD_21;1;1
CORD_ORD_119;PROD_34;1;1
CORD_ORD_119;PROD_38;1;1
CORD_ORD_119;PROD_4;1;1
CORD_ORD_119;PROD_49;1;1
CORD_ORD_120;PROD_13;1;1
CORD_ORD_120;PROD_14;1;1
CORD_ORD_120;PROD_15;1;1
CORD_ORD_120;PROD_17;1;1
CORD_ORD_120;PROD_18;1;1
CORD_ORD_120;PROD_2;1;1
CORD_ORD_120;PROD_22;1;1
CORD_ORD_120;PROD_24;1;1
CORD_ORD_120;PROD_25;1;1
CORD_ORD_120;PROD_26;1;1
CORD_ORD_120;PROD_28;1;1
CORD_ORD_120;PROD_31;1;1
CORD_ORD_120;PROD_34;1;1
CORD_ORD_120;PROD_37;1;1
CORD_ORD_120;PROD_38;1;1
CORD_ORD_120;PROD_41;1;1
CORD_ORD_120;PROD_42;1;1
CORD_ORD_120;PROD_46;1;1
CORD_ORD_120;PROD_48;1;1
CORD_ORD_120;PROD_49;1;1
CORD_ORD_120;PROD_50;1;1
CORD_ORD_120;PROD_6;1;1
CORD_ORD_120;PROD_9;1;1
CORD_ORD_121;PROD_1;1;1
CORD_ORD_121;PROD_10;1;1
CORD_ORD_121;PROD_11;1;1
CORD_ORD_121;PROD_15;1;1
CORD_ORD_121;PROD_16;1;1
CORD_ORD_121;PROD_19;1;1
CORD_ORD_121;PROD_22;1;1
CORD_ORD_121;PROD_24;1;1
CORD_ORD_121;PROD_25;1;1
CORD_ORD_121;PROD_26;1;1
CORD_ORD_121;PROD_27;1;1
CORD_ORD_121;PROD_29;1;1
CORD_ORD_121;PROD_3;1;1
CORD_ORD_121;PROD_30;1;1
CORD_ORD_121;PROD_33;1;1
CORD_ORD_121;PROD_34;1;1
CORD_ORD_121;PROD_36;1;1
CORD_ORD_121;PROD_37;1;1
CORD_ORD_121;PROD_40;1;1
CORD_ORD_121;PROD_42;1;1
CORD_ORD_121;PROD_44;1;1
CORD_ORD_121;PROD_46;1;1
CORD_ORD_121;PROD_49;1;1
CORD_ORD_121;PROD_50;1;1
CORD_ORD_121;PROD_6;1;1
CORD_ORD_121;PROD_8;1;1
CORD_ORD_122;PROD_1;1;1
CORD_ORD_122;PROD_12;1;1
CORD_ORD_122;PROD_17;1;1
CORD_ORD_122;PROD_19;1;1
CORD_ORD_122;PROD_20;1;1
CORD_ORD_122;PROD_21;1;1
CORD_ORD_122;PROD_22;1;1
CORD_ORD_122;PROD_23;1;1
CORD_ORD_122;PROD_24;1;1
CORD_ORD_122;PROD_25;1;1
CORD_ORD_122;PROD_26;1;1
CORD_ORD_122;PROD_3;1;1
CORD_ORD_122;PROD_31;1;1
CORD_ORD_122;PROD_33;1;1
CORD_ORD_122;PROD_35;1;1
CORD_ORD_122;PROD_36;1;1
CORD_ORD_122;PROD_37;1;1
CORD_ORD_122;PROD_39;1;1
CORD_ORD_122;PROD_4;1;1
CORD_ORD_122;PROD_42;1;1
CORD_ORD_122;PROD_44;1;1
CORD_ORD_122;PROD_45;1;1
CORD_ORD_122;PROD_46;1;1
CORD_ORD_122;PROD_48;1;1
CORD_ORD_122;PROD_5;1;1
CORD_ORD_122;PROD_50;1;1
CORD_ORD_122;PROD_6;1;1
CORD_ORD_122;PROD_7;1;1
CORD_ORD_123;PROD_11;1;1
CORD_ORD_123;PROD_17;1;1
CORD_ORD_123;PROD_27;1;1
CORD_ORD_123;PROD_29;1;1
CORD_ORD_123;PROD_31;1;1
CORD_ORD_123;PROD_32;1;1
CORD_ORD_123;PROD_43;1;1
CORD_ORD_123;PROD_47;1;1
CORD_ORD_123;PROD_48;1;1
CORD_ORD_124;PROD_10;1;1
CORD_ORD_124;PROD_11;1;1
CORD_ORD_124;PROD_16;1;1
CORD_ORD_124;PROD_18;1;1
CORD_ORD_124;PROD_2;1;1
CORD_ORD_124;PROD_22;1;1
CORD_ORD_124;PROD_25;1;1
CORD_ORD_124;PROD_27;1;1
CORD_ORD_124;PROD_29;1;1
CORD_ORD_124;PROD_41;1;1
CORD_ORD_124;PROD_50;1;1
CORD_ORD_124;PROD_8;1;1
CORD_ORD_125;PROD_1;1;1
CORD_ORD_125;PROD_10;1;1
CORD_ORD_125;PROD_11;1;1
CORD_ORD_125;PROD_16;1;1
CORD_ORD_125;PROD_18;1;1
CORD_ORD_125;PROD_19;1;1
CORD_ORD_125;PROD_2;1;1
CORD_ORD_125;PROD_22;1;1
CORD_ORD_125;PROD_23;1;1
CORD_ORD_125;PROD_24;1;1
CORD_ORD_125;PROD_25;1;1
CORD_ORD_125;PROD_26;1;1
CORD_ORD_125;PROD_27;1;1
CORD_ORD_125;PROD_29;1;1
CORD_ORD_125;PROD_3;1;1
CORD_ORD_125;PROD_33;1;1
CORD_ORD_125;PROD_36;1;1
CORD_ORD_125;PROD_37;1;1
CORD_ORD_125;PROD_41;1;1
CORD_ORD_125;PROD_42;1;1
CORD_ORD_125;PROD_44;1;1
CORD_ORD_125;PROD_45;1;1
CORD_ORD_125;PROD_46;1;1
CORD_ORD_125;PROD_50;1;1
CORD_ORD_125;PROD_6;1;1
CORD_ORD_125;PROD_8;1;1
CORD_ORD_126;PROD_1;1;1
CORD_ORD_126;PROD_10;1;1
CORD_ORD_126;PROD_12;1;1
CORD_ORD_126;PROD_13;1;1
CORD_ORD_126;PROD_16;1;1
CORD_ORD_126;PROD_21;1;1
CORD_ORD_126;PROD_26;1;1
CORD_ORD_126;PROD_3;1;1
CORD_ORD_126;PROD_36;1;1
CORD_ORD_126;PROD_38;1;1
CORD_ORD_126;PROD_4;1;1
CORD_ORD_126;PROD_46;1;1
CORD_ORD_126;PROD_6;1;1
CORD_ORD_126;PROD_8;1;1
CORD_ORD_127;PROD_10;1;1
CORD_ORD_127;PROD_14;1;1
CORD_ORD_127;PROD_15;1;1
CORD_ORD_127;PROD_16;1;1
CORD_ORD_127;PROD_17;1;1
CORD_ORD_127;PROD_18;1;1
CORD_ORD_127;PROD_2;1;1
CORD_ORD_127;PROD_20;1;1
CORD_ORD_127;PROD_22;1;1
CORD_ORD_127;PROD_25;1;1
CORD_ORD_127;PROD_26;1;1
CORD_ORD_127;PROD_28;1;1
CORD_ORD_127;PROD_31;1;1
CORD_ORD_127;PROD_34;1;1
CORD_ORD_127;PROD_35;1;1
CORD_ORD_127;PROD_39;1;1
CORD_ORD_127;PROD_41;1;1
CORD_ORD_127;PROD_46;1;1
CORD_ORD_127;PROD_48;1;1
CORD_ORD_127;PROD_49;1;1
CORD_ORD_127;PROD_50;1;1
CORD_ORD_127;PROD_6;1;1
CORD_ORD_127;PROD_8;1;1
CORD_ORD_127;PROD_9;1;1
CORD_ORD_128;PROD_1;1;1
CORD_ORD_128;PROD_11;1;1
CORD_ORD_128;PROD_12;1;1
CORD_ORD_128;PROD_13;1;1
CORD_ORD_128;PROD_14;1;1
CORD_ORD_128;PROD_18;1;1
CORD_ORD_128;PROD_2;1;1
CORD_ORD_128;PROD_21;1;1
CORD_ORD_128;PROD_24;1;1
CORD_ORD_128;PROD_26;1;1
CORD_ORD_128;PROD_27;1;1
CORD_ORD_128;PROD_28;1;1
CORD_ORD_128;PROD_29;1;1
CORD_ORD_128;PROD_3;1;1
CORD_ORD_128;PROD_30;1;1
CORD_ORD_128;PROD_32;1;1
CORD_ORD_128;PROD_36;1;1
CORD_ORD_128;PROD_37;1;1
CORD_ORD_128;PROD_38;1;1
CORD_ORD_128;PROD_4;1;1
CORD_ORD_128;PROD_40;1;1
CORD_ORD_128;PROD_41;1;1
CORD_ORD_128;PROD_42;1;1
CORD_ORD_128;PROD_43;1;1
CORD_ORD_128;PROD_46;1;1
CORD_ORD_128;PROD_47;1;1
CORD_ORD_128;PROD_5;1;1
CORD_ORD_128;PROD_6;1;1
CORD_ORD_128;PROD_7;1;1
CORD_ORD_128;PROD_9;1;1
CORD_ORD_129;PROD_10;1;1
CORD_ORD_129;PROD_12;1;1
CORD_ORD_129;PROD_13;1;1
CORD_ORD_129;PROD_15;1;1
CORD_ORD_129;PROD_16;1;1
CORD_ORD_129;PROD_17;1;1
CORD_ORD_129;PROD_19;1;1
CORD_ORD_129;PROD_21;1;1
CORD_ORD_129;PROD_22;1;1
CORD_ORD_129;PROD_25;1;1
CORD_ORD_129;PROD_26;1;1
CORD_ORD_129;PROD_31;1;1
CORD_ORD_129;PROD_33;1;1
CORD_ORD_129;PROD_34;1;1
CORD_ORD_129;PROD_38;1;1
CORD_ORD_129;PROD_4;1;1
CORD_ORD_129;PROD_44;1;1
CORD_ORD_129;PROD_46;1;1
CORD_ORD_129;PROD_48;1;1
CORD_ORD_129;PROD_49;1;1
CORD_ORD_129;PROD_50;1;1
CORD_ORD_129;PROD_6;1;1
CORD_ORD_129;PROD_8;1;1
CORD_ORD_130;PROD_10;1;1
CORD_ORD_130;PROD_14;1;1
CORD_ORD_130;PROD_16;1;1
CORD_ORD_130;PROD_20;1;1
CORD_ORD_130;PROD_28;1;1
CORD_ORD_130;PROD_32;1;1
CORD_ORD_130;PROD_35;1;1
CORD_ORD_130;PROD_39;1;1
CORD_ORD_130;PROD_43;1;1
CORD_ORD_130;PROD_47;1;1
CORD_ORD_130;PROD_8;1;1
CORD_ORD_130;PROD_9;1;1
CORD_ORD_131;PROD_1;1;1
CORD_ORD_131;PROD_10;1;1
CORD_ORD_131;PROD_12;1;1
CORD_ORD_131;PROD_14;1;1
CORD_ORD_131;PROD_16;1;1
CORD_ORD_131;PROD_20;1;1
CORD_ORD_131;PROD_21;1;1
CORD_ORD_131;PROD_22;1;1
CORD_ORD_131;PROD_24;1;1
CORD_ORD_131;PROD_25;1;1
CORD_ORD_131;PROD_28;1;1
CORD_ORD_131;PROD_3;1;1
CORD_ORD_131;PROD_32;1;1
CORD_ORD_131;PROD_35;1;1
CORD_ORD_131;PROD_36;1;1
CORD_ORD_131;PROD_37;1;1
CORD_ORD_131;PROD_39;1;1
CORD_ORD_131;PROD_4;1;1
CORD_ORD_131;PROD_42;1;1
CORD_ORD_131;PROD_43;1;1
CORD_ORD_131;PROD_47;1;1
CORD_ORD_131;PROD_50;1;1
CORD_ORD_131;PROD_8;1;1
CORD_ORD_131;PROD_9;1;1
CORD_ORD_132;PROD_1;1;1
CORD_ORD_132;PROD_10;1;1
CORD_ORD_132;PROD_11;1;1
CORD_ORD_132;PROD_12;1;1
CORD_ORD_132;PROD_15;1;1
CORD_ORD_132;PROD_16;1;1
CORD_ORD_132;PROD_20;1;1
CORD_ORD_132;PROD_21;1;1
CORD_ORD_132;PROD_26;1;1
CORD_ORD_132;PROD_27;1;1
CORD_ORD_132;PROD_29;1;1
CORD_ORD_132;PROD_3;1;1
CORD_ORD_132;PROD_32;1;1
CORD_ORD_132;PROD_34;1;1
CORD_ORD_132;PROD_35;1;1
CORD_ORD_132;PROD_36;1;1
CORD_ORD_132;PROD_39;1;1
CORD_ORD_132;PROD_4;1;1
CORD_ORD_132;PROD_43;1;1
CORD_ORD_132;PROD_46;1;1
CORD_ORD_132;PROD_47;1;1
CORD_ORD_132;PROD_49;1;1
CORD_ORD_132;PROD_6;1;1
CORD_ORD_132;PROD_8;1;1
CORD_ORD_133;PROD_10;1;1
CORD_ORD_133;PROD_11;1;1
CORD_ORD_133;PROD_14;1;1
CORD_ORD_133;PROD_16;1;1
CORD_ORD_133;PROD_19;1;1
CORD_ORD_133;PROD_20;1;1
CORD_ORD_133;PROD_22;1;1
CORD_ORD_133;PROD_23;1;1
CORD_ORD_133;PROD_25;1;1
CORD_ORD_133;PROD_27;1;1
CORD_ORD_133;PROD_28;1;1
CORD_ORD_133;PROD_29;1;1
CORD_ORD_133;PROD_33;1;1
CORD_ORD_133;PROD_35;1;1
CORD_ORD_133;PROD_39;1;1
CORD_ORD_133;PROD_44;1;1
CORD_ORD_133;PROD_45;1;1
CORD_ORD_133;PROD_50;1;1
CORD_ORD_133;PROD_8;1;1
CORD_ORD_133;PROD_9;1;1
CORD_ORD_134;PROD_1;1;1
CORD_ORD_134;PROD_11;1;1
CORD_ORD_134;PROD_18;1;1
CORD_ORD_134;PROD_19;1;1
CORD_ORD_134;PROD_2;1;1
CORD_ORD_134;PROD_22;1;1
CORD_ORD_134;PROD_23;1;1
CORD_ORD_134;PROD_24;1;1
CORD_ORD_134;PROD_25;1;1
CORD_ORD_134;PROD_26;1;1
CORD_ORD_134;PROD_27;1;1
CORD_ORD_134;PROD_29;1;1
CORD_ORD_134;PROD_3;1;1
CORD_ORD_134;PROD_30;1;1
CORD_ORD_134;PROD_33;1;1
CORD_ORD_134;PROD_36;1;1
CORD_ORD_134;PROD_37;1;1
CORD_ORD_134;PROD_40;1;1
CORD_ORD_134;PROD_41;1;1
CORD_ORD_134;PROD_42;1;1
CORD_ORD_134;PROD_44;1;1
CORD_ORD_134;PROD_45;1;1
CORD_ORD_134;PROD_46;1;1
CORD_ORD_134;PROD_50;1;1
CORD_ORD_134;PROD_6;1;1
CORD_ORD_135;PROD_10;1;1
CORD_ORD_135;PROD_14;1;1
CORD_ORD_135;PROD_16;1;1
CORD_ORD_135;PROD_17;1;1
CORD_ORD_135;PROD_18;1;1
CORD_ORD_135;PROD_2;1;1
CORD_ORD_135;PROD_20;1;1
CORD_ORD_135;PROD_26;1;1
CORD_ORD_135;PROD_28;1;1
CORD_ORD_135;PROD_31;1;1
CORD_ORD_135;PROD_35;1;1
CORD_ORD_135;PROD_39;1;1
CORD_ORD_135;PROD_41;1;1
CORD_ORD_135;PROD_46;1;1
CORD_ORD_135;PROD_48;1;1
CORD_ORD_135;PROD_6;1;1
CORD_ORD_135;PROD_8;1;1
CORD_ORD_135;PROD_9;1;1
CORD_ORD_136;PROD_10;1;1
CORD_ORD_136;PROD_11;1;1
CORD_ORD_136;PROD_14;1;1
CORD_ORD_136;PROD_16;1;1
CORD_ORD_136;PROD_17;1;1
CORD_ORD_136;PROD_18;1;1
CORD_ORD_136;PROD_19;1;1
CORD_ORD_136;PROD_2;1;1
CORD_ORD_136;PROD_22;1;1
CORD_ORD_136;PROD_25;1;1
CORD_ORD_136;PROD_26;1;1
CORD_ORD_136;PROD_27;1;1
CORD_ORD_136;PROD_28;1;1
CORD_ORD_136;PROD_29;1;1
CORD_ORD_136;PROD_31;1;1
CORD_ORD_136;PROD_33;1;1
CORD_ORD_136;PROD_41;1;1
CORD_ORD_136;PROD_44;1;1
CORD_ORD_136;PROD_46;1;1
CORD_ORD_136;PROD_48;1;1
CORD_ORD_136;PROD_50;1;1
CORD_ORD_136;PROD_6;1;1
CORD_ORD_136;PROD_8;1;1
CORD_ORD_136;PROD_9;1;1
CORD_ORD_137;PROD_1;1;1
CORD_ORD_137;PROD_10;1;1
CORD_ORD_137;PROD_16;1;1
CORD_ORD_137;PROD_26;1;1
CORD_ORD_137;PROD_3;1;1
CORD_ORD_137;PROD_36;1;1
CORD_ORD_137;PROD_46;1;1
CORD_ORD_137;PROD_6;1;1
CORD_ORD_137;PROD_8;1;1
CORD_ORD_138;PROD_1;1;1
CORD_ORD_138;PROD_10;1;1
CORD_ORD_138;PROD_13;1;1
CORD_ORD_138;PROD_15;1;1
CORD_ORD_138;PROD_16;1;1
CORD_ORD_138;PROD_17;1;1
CORD_ORD_138;PROD_20;1;1
CORD_ORD_138;PROD_22;1;1
CORD_ORD_138;PROD_24;1;1
CORD_ORD_138;PROD_25;1;1
CORD_ORD_138;PROD_26;1;1
CORD_ORD_138;PROD_3;1;1
CORD_ORD_138;PROD_31;1;1
CORD_ORD_138;PROD_32;1;1
CORD_ORD_138;PROD_34;1;1
CORD_ORD_138;PROD_35;1;1
CORD_ORD_138;PROD_36;1;1
CORD_ORD_138;PROD_37;1;1
CORD_ORD_138;PROD_38;1;1
CORD_ORD_138;PROD_39;1;1
CORD_ORD_138;PROD_42;1;1
CORD_ORD_138;PROD_43;1;1
CORD_ORD_138;PROD_46;1;1
CORD_ORD_138;PROD_47;1;1
CORD_ORD_138;PROD_48;1;1
CORD_ORD_138;PROD_49;1;1
CORD_ORD_138;PROD_50;1;1
CORD_ORD_138;PROD_6;1;1
CORD_ORD_138;PROD_8;1;1
CORD_ORD_139;PROD_1;1;1
CORD_ORD_139;PROD_14;1;1
CORD_ORD_139;PROD_17;1;1
CORD_ORD_139;PROD_18;1;1
CORD_ORD_139;PROD_2;1;1
CORD_ORD_139;PROD_22;1;1
CORD_ORD_139;PROD_25;1;1
CORD_ORD_139;PROD_26;1;1
CORD_ORD_139;PROD_28;1;1
CORD_ORD_139;PROD_3;1;1
CORD_ORD_139;PROD_31;1;1
CORD_ORD_139;PROD_36;1;1
CORD_ORD_139;PROD_41;1;1
CORD_ORD_139;PROD_46;1;1
CORD_ORD_139;PROD_48;1;1
CORD_ORD_139;PROD_50;1;1
CORD_ORD_139;PROD_6;1;1
CORD_ORD_139;PROD_9;1;1
CORD_ORD_140;PROD_12;1;1
CORD_ORD_140;PROD_13;1;1
CORD_ORD_140;PROD_14;1;1
CORD_ORD_140;PROD_15;1;1
CORD_ORD_140;PROD_17;1;1
CORD_ORD_140;PROD_21;1;1
CORD_ORD_140;PROD_22;1;1
CORD_ORD_140;PROD_24;1;1
CORD_ORD_140;PROD_25;1;1
CORD_ORD_140;PROD_26;1;1
CORD_ORD_140;PROD_28;1;1
CORD_ORD_140;PROD_30;1;1
CORD_ORD_140;PROD_31;1;1
CORD_ORD_140;PROD_34;1;1
CORD_ORD_140;PROD_37;1;1
CORD_ORD_140;PROD_38;1;1
CORD_ORD_140;PROD_4;1;1
CORD_ORD_140;PROD_40;1;1
CORD_ORD_140;PROD_42;1;1
CORD_ORD_140;PROD_46;1;1
CORD_ORD_140;PROD_48;1;1
CORD_ORD_140;PROD_49;1;1
CORD_ORD_140;PROD_50;1;1
CORD_ORD_140;PROD_6;1;1
CORD_ORD_140;PROD_9;1;1
CORD_ORD_141;PROD_11;1;1
CORD_ORD_141;PROD_12;1;1
CORD_ORD_141;PROD_17;1;1
CORD_ORD_141;PROD_18;1;1
CORD_ORD_141;PROD_19;1;1
CORD_ORD_141;PROD_2;1;1
CORD_ORD_141;PROD_21;1;1
CORD_ORD_141;PROD_22;1;1
CORD_ORD_141;PROD_25;1;1
CORD_ORD_141;PROD_26;1;1
CORD_ORD_141;PROD_27;1;1
CORD_ORD_141;PROD_29;1;1
CORD_ORD_141;PROD_31;1;1
CORD_ORD_141;PROD_33;1;1
CORD_ORD_141;PROD_4;1;1
CORD_ORD_141;PROD_41;1;1
CORD_ORD_141;PROD_44;1;1
CORD_ORD_141;PROD_46;1;1
CORD_ORD_141;PROD_48;1;1
CORD_ORD_141;PROD_5;1;1
CORD_ORD_141;PROD_50;1;1
CORD_ORD_141;PROD_6;1;1
CORD_ORD_141;PROD_7;1;1
CORD_ORD_142;PROD_1;1;1
CORD_ORD_142;PROD_14;1;1
CORD_ORD_142;PROD_20;1;1
CORD_ORD_142;PROD_24;1;1
CORD_ORD_142;PROD_26;1;1
CORD_ORD_142;PROD_28;1;1
CORD_ORD_142;PROD_3;1;1
CORD_ORD_142;PROD_32;1;1
CORD_ORD_142;PROD_35;1;1
CORD_ORD_142;PROD_36;1;1
CORD_ORD_142;PROD_37;1;1
CORD_ORD_142;PROD_39;1;1
CORD_ORD_142;PROD_42;1;1
CORD_ORD_142;PROD_43;1;1
CORD_ORD_142;PROD_46;1;1
CORD_ORD_142;PROD_47;1;1
CORD_ORD_142;PROD_6;1;1
CORD_ORD_142;PROD_9;1;1
CORD_ORD_143;PROD_10;1;1
CORD_ORD_143;PROD_11;1;1
CORD_ORD_143;PROD_16;1;1
CORD_ORD_143;PROD_19;1;1
CORD_ORD_143;PROD_20;1;1
CORD_ORD_143;PROD_22;1;1
CORD_ORD_143;PROD_25;1;1
CORD_ORD_143;PROD_27;1;1
CORD_ORD_143;PROD_29;1;1
CORD_ORD_143;PROD_33;1;1
CORD_ORD_143;PROD_35;1;1
CORD_ORD_143;PROD_39;1;1
CORD_ORD_143;PROD_44;1;1
CORD_ORD_143;PROD_50;1;1
CORD_ORD_143;PROD_8;1;1
CORD_ORD_144;PROD_11;1;1
CORD_ORD_144;PROD_19;1;1
CORD_ORD_144;PROD_23;1;1
CORD_ORD_144;PROD_27;1;1
CORD_ORD_144;PROD_29;1;1
CORD_ORD_144;PROD_33;1;1
CORD_ORD_144;PROD_44;1;1
CORD_ORD_144;PROD_45;1;1
CORD_ORD_145;PROD_1;1;1
CORD_ORD_145;PROD_10;1;1
CORD_ORD_145;PROD_12;1;1
CORD_ORD_145;PROD_13;1;1
CORD_ORD_145;PROD_16;1;1
CORD_ORD_145;PROD_17;1;1
CORD_ORD_145;PROD_18;1;1
CORD_ORD_145;PROD_19;1;1
CORD_ORD_145;PROD_2;1;1
CORD_ORD_145;PROD_21;1;1
CORD_ORD_145;PROD_22;1;1
CORD_ORD_145;PROD_23;1;1
CORD_ORD_145;PROD_24;1;1
CORD_ORD_145;PROD_25;1;1
CORD_ORD_145;PROD_26;1;1
CORD_ORD_145;PROD_3;1;1
CORD_ORD_145;PROD_31;1;1
CORD_ORD_145;PROD_33;1;1
CORD_ORD_145;PROD_36;1;1
CORD_ORD_145;PROD_37;1;1
CORD_ORD_145;PROD_38;1;1
CORD_ORD_145;PROD_4;1;1
CORD_ORD_145;PROD_41;1;1
CORD_ORD_145;PROD_42;1;1
CORD_ORD_145;PROD_44;1;1
CORD_ORD_145;PROD_45;1;1
CORD_ORD_145;PROD_46;1;1
CORD_ORD_145;PROD_48;1;1
CORD_ORD_145;PROD_50;1;1
CORD_ORD_145;PROD_6;1;1
CORD_ORD_145;PROD_8;1;1
CORD_ORD_146;PROD_1;1;1
CORD_ORD_146;PROD_10;1;1
CORD_ORD_146;PROD_11;1;1
CORD_ORD_146;PROD_12;1;1
CORD_ORD_146;PROD_13;1;1
CORD_ORD_146;PROD_16;1;1
CORD_ORD_146;PROD_18;1;1
CORD_ORD_146;PROD_19;1;1
CORD_ORD_146;PROD_2;1;1
CORD_ORD_146;PROD_20;1;1
CORD_ORD_146;PROD_21;1;1
CORD_ORD_146;PROD_22;1;1
CORD_ORD_146;PROD_23;1;1
CORD_ORD_146;PROD_25;1;1
CORD_ORD_146;PROD_26;1;1
CORD_ORD_146;PROD_27;1;1
CORD_ORD_146;PROD_29;1;1
CORD_ORD_146;PROD_3;1;1
CORD_ORD_146;PROD_33;1;1
CORD_ORD_146;PROD_35;1;1
CORD_ORD_146;PROD_36;1;1
CORD_ORD_146;PROD_38;1;1
CORD_ORD_146;PROD_39;1;1
CORD_ORD_146;PROD_4;1;1
CORD_ORD_146;PROD_41;1;1
CORD_ORD_146;PROD_44;1;1
CORD_ORD_146;PROD_45;1;1
CORD_ORD_146;PROD_46;1;1
CORD_ORD_146;PROD_50;1;1
CORD_ORD_146;PROD_6;1;1
CORD_ORD_146;PROD_8;1;1
CORD_ORD_147;PROD_10;1;1
CORD_ORD_147;PROD_13;1;1
CORD_ORD_147;PROD_15;1;1
CORD_ORD_147;PROD_16;1;1
CORD_ORD_147;PROD_17;1;1
CORD_ORD_147;PROD_22;1;1
CORD_ORD_147;PROD_25;1;1
CORD_ORD_147;PROD_26;1;1
CORD_ORD_147;PROD_31;1;1
CORD_ORD_147;PROD_34;1;1
CORD_ORD_147;PROD_38;1;1
CORD_ORD_147;PROD_46;1;1
CORD_ORD_147;PROD_48;1;1
CORD_ORD_147;PROD_49;1;1
CORD_ORD_147;PROD_50;1;1
CORD_ORD_147;PROD_6;1;1
CORD_ORD_147;PROD_8;1;1
CORD_ORD_148;PROD_12;1;1
CORD_ORD_148;PROD_14;1;1
CORD_ORD_148;PROD_17;1;1
CORD_ORD_148;PROD_18;1;1
CORD_ORD_148;PROD_19;1;1
CORD_ORD_148;PROD_2;1;1
CORD_ORD_148;PROD_20;1;1
CORD_ORD_148;PROD_21;1;1
CORD_ORD_148;PROD_22;1;1
CORD_ORD_148;PROD_24;1;1
CORD_ORD_148;PROD_25;1;1
CORD_ORD_148;PROD_26;1;1
CORD_ORD_148;PROD_28;1;1
CORD_ORD_148;PROD_31;1;1
CORD_ORD_148;PROD_33;1;1
CORD_ORD_148;PROD_35;1;1
CORD_ORD_148;PROD_37;1;1
CORD_ORD_148;PROD_39;1;1
CORD_ORD_148;PROD_4;1;1
CORD_ORD_148;PROD_41;1;1
CORD_ORD_148;PROD_42;1;1
CORD_ORD_148;PROD_44;1;1
CORD_ORD_148;PROD_46;1;1
CORD_ORD_148;PROD_48;1;1
CORD_ORD_148;PROD_50;1;1
CORD_ORD_148;PROD_6;1;1
CORD_ORD_148;PROD_9;1;1
CORD_ORD_149;PROD_1;1;1
CORD_ORD_149;PROD_10;1;1
CORD_ORD_149;PROD_13;1;1
CORD_ORD_149;PROD_15;1;1
CORD_ORD_149;PROD_16;1;1
CORD_ORD_149;PROD_18;1;1
CORD_ORD_149;PROD_2;1;1
CORD_ORD_149;PROD_24;1;1
CORD_ORD_149;PROD_26;1;1
CORD_ORD_149;PROD_3;1;1
CORD_ORD_149;PROD_34;1;1
CORD_ORD_149;PROD_36;1;1
CORD_ORD_149;PROD_37;1;1
CORD_ORD_149;PROD_38;1;1
CORD_ORD_149;PROD_41;1;1
CORD_ORD_149;PROD_42;1;1
CORD_ORD_149;PROD_46;1;1
CORD_ORD_149;PROD_49;1;1
CORD_ORD_149;PROD_5;1;1
CORD_ORD_149;PROD_6;1;1
CORD_ORD_149;PROD_7;1;1
CORD_ORD_149;PROD_8;1;1
CORD_ORD_150;PROD_1;1;1
CORD_ORD_150;PROD_11;1;1
CORD_ORD_150;PROD_18;1;1
CORD_ORD_150;PROD_2;1;1
CORD_ORD_150;PROD_23;1;1
CORD_ORD_150;PROD_27;1;1
CORD_ORD_150;PROD_29;1;1
CORD_ORD_150;PROD_3;1;1
CORD_ORD_150;PROD_36;1;1
CORD_ORD_150;PROD_41;1;1
CORD_ORD_150;PROD_45;1;1
CORD_ORD_150;PROD_5;1;1
CORD_ORD_150;PROD_7;1;1
CORD_ORD_151;PROD_17;1;1
CORD_ORD_151;PROD_22;1;1
CORD_ORD_151;PROD_24;1;1
CORD_ORD_151;PROD_25;1;1
CORD_ORD_151;PROD_26;1;1
CORD_ORD_151;PROD_31;1;1
CORD_ORD_151;PROD_32;1;1
CORD_ORD_151;PROD_37;1;1
CORD_ORD_151;PROD_42;1;1
CORD_ORD_151;PROD_43;1;1
CORD_ORD_151;PROD_46;1;1
CORD_ORD_151;PROD_47;1;1
CORD_ORD_151;PROD_48;1;1
CORD_ORD_151;PROD_50;1;1
CORD_ORD_151;PROD_6;1;1
CORD_ORD_152;PROD_11;1;1
CORD_ORD_152;PROD_12;1;1
CORD_ORD_152;PROD_18;1;1
CORD_ORD_152;PROD_2;1;1
CORD_ORD_152;PROD_21;1;1
CORD_ORD_152;PROD_22;1;1
CORD_ORD_152;PROD_23;1;1
CORD_ORD_152;PROD_24;1;1
CORD_ORD_152;PROD_25;1;1
CORD_ORD_152;PROD_27;1;1
CORD_ORD_152;PROD_29;1;1
CORD_ORD_152;PROD_30;1;1
CORD_ORD_152;PROD_32;1;1
CORD_ORD_152;PROD_37;1;1
CORD_ORD_152;PROD_4;1;1
CORD_ORD_152;PROD_40;1;1
CORD_ORD_152;PROD_41;1;1
CORD_ORD_152;PROD_42;1;1
CORD_ORD_152;PROD_43;1;1
CORD_ORD_152;PROD_45;1;1
CORD_ORD_152;PROD_47;1;1
CORD_ORD_152;PROD_50;1;1
CORD_ORD_153;PROD_10;1;1
CORD_ORD_153;PROD_14;1;1
CORD_ORD_153;PROD_15;1;1
CORD_ORD_153;PROD_16;1;1
CORD_ORD_153;PROD_17;1;1
CORD_ORD_153;PROD_20;1;1
CORD_ORD_153;PROD_22;1;1
CORD_ORD_153;PROD_25;1;1
CORD_ORD_153;PROD_26;1;1
CORD_ORD_153;PROD_28;1;1
CORD_ORD_153;PROD_30;1;1
CORD_ORD_153;PROD_31;1;1
CORD_ORD_153;PROD_34;1;1
CORD_ORD_153;PROD_35;1;1
CORD_ORD_153;PROD_39;1;1
CORD_ORD_153;PROD_40;1;1
CORD_ORD_153;PROD_46;1;1
CORD_ORD_153;PROD_48;1;1
CORD_ORD_153;PROD_49;1;1
CORD_ORD_153;PROD_50;1;1
CORD_ORD_153;PROD_6;1;1
CORD_ORD_153;PROD_8;1;1
CORD_ORD_153;PROD_9;1;1
CORD_ORD_154;PROD_1;1;1
CORD_ORD_154;PROD_15;1;1
CORD_ORD_154;PROD_17;1;1
CORD_ORD_154;PROD_18;1;1
CORD_ORD_154;PROD_2;1;1
CORD_ORD_154;PROD_20;1;1
CORD_ORD_154;PROD_24;1;1
CORD_ORD_154;PROD_3;1;1
CORD_ORD_154;PROD_31;1;1
CORD_ORD_154;PROD_34;1;1
CORD_ORD_154;PROD_35;1;1
CORD_ORD_154;PROD_36;1;1
CORD_ORD_154;PROD_37;1;1
CORD_ORD_154;PROD_39;1;1
CORD_ORD_154;PROD_41;1;1
CORD_ORD_154;PROD_42;1;1
CORD_ORD_154;PROD_48;1;1
CORD_ORD_154;PROD_49;1;1
CORD_ORD_155;PROD_14;1;1
CORD_ORD_155;PROD_17;1;1
CORD_ORD_155;PROD_18;1;1
CORD_ORD_155;PROD_19;1;1
CORD_ORD_155;PROD_2;1;1
CORD_ORD_155;PROD_26;1;1
CORD_ORD_155;PROD_28;1;1
CORD_ORD_155;PROD_31;1;1
CORD_ORD_155;PROD_33;1;1
CORD_ORD_155;PROD_41;1;1
CORD_ORD_155;PROD_44;1;1
CORD_ORD_155;PROD_46;1;1
CORD_ORD_155;PROD_48;1;1
CORD_ORD_155;PROD_6;1;1
CORD_ORD_155;PROD_9;1;1
CORD_ORD_156;PROD_1;1;1
CORD_ORD_156;PROD_12;1;1
CORD_ORD_156;PROD_15;1;1
CORD_ORD_156;PROD_17;1;1
CORD_ORD_156;PROD_21;1;1
CORD_ORD_156;PROD_22;1;1
CORD_ORD_156;PROD_25;1;1
CORD_ORD_156;PROD_26;1;1
CORD_ORD_156;PROD_3;1;1
CORD_ORD_156;PROD_31;1;1
CORD_ORD_156;PROD_32;1;1
CORD_ORD_156;PROD_34;1;1
CORD_ORD_156;PROD_36;1;1
CORD_ORD_156;PROD_4;1;1
CORD_ORD_156;PROD_43;1;1
CORD_ORD_156;PROD_46;1;1
CORD_ORD_156;PROD_47;1;1
CORD_ORD_156;PROD_48;1;1
CORD_ORD_156;PROD_49;1;1
CORD_ORD_156;PROD_5;1;1
CORD_ORD_156;PROD_50;1;1
CORD_ORD_156;PROD_6;1;1
CORD_ORD_156;PROD_7;1;1
CORD_ORD_157;PROD_1;1;1
CORD_ORD_157;PROD_10;1;1
CORD_ORD_157;PROD_13;1;1
CORD_ORD_157;PROD_16;1;1
CORD_ORD_157;PROD_17;1;1
CORD_ORD_157;PROD_19;1;1
CORD_ORD_157;PROD_20;1;1
CORD_ORD_157;PROD_24;1;1
CORD_ORD_157;PROD_3;1;1
CORD_ORD_157;PROD_31;1;1
CORD_ORD_157;PROD_32;1;1
CORD_ORD_157;PROD_33;1;1
CORD_ORD_157;PROD_35;1;1
CORD_ORD_157;PROD_36;1;1
CORD_ORD_157;PROD_37;1;1
CORD_ORD_157;PROD_38;1;1
CORD_ORD_157;PROD_39;1;1
CORD_ORD_157;PROD_42;1;1
CORD_ORD_157;PROD_43;1;1
CORD_ORD_157;PROD_44;1;1
CORD_ORD_157;PROD_47;1;1
CORD_ORD_157;PROD_48;1;1
CORD_ORD_157;PROD_8;1;1
CORD_ORD_158;PROD_1;1;1
CORD_ORD_158;PROD_10;1;1
CORD_ORD_158;PROD_12;1;1
CORD_ORD_158;PROD_13;1;1
CORD_ORD_158;PROD_14;1;1
CORD_ORD_158;PROD_16;1;1
CORD_ORD_158;PROD_17;1;1
CORD_ORD_158;PROD_20;1;1
CORD_ORD_158;PROD_21;1;1
CORD_ORD_158;PROD_22;1;1
CORD_ORD_158;PROD_25;1;1
CORD_ORD_158;PROD_26;1;1
CORD_ORD_158;PROD_28;1;1
CORD_ORD_158;PROD_3;1;1
CORD_ORD_158;PROD_31;1;1
CORD_ORD_158;PROD_35;1;1
CORD_ORD_158;PROD_36;1;1
CORD_ORD_158;PROD_38;1;1
CORD_ORD_158;PROD_39;1;1
CORD_ORD_158;PROD_4;1;1
CORD_ORD_158;PROD_46;1;1
CORD_ORD_158;PROD_48;1;1
CORD_ORD_158;PROD_5;1;1
CORD_ORD_158;PROD_50;1;1
CORD_ORD_158;PROD_6;1;1
CORD_ORD_158;PROD_7;1;1
CORD_ORD_158;PROD_8;1;1
CORD_ORD_158;PROD_9;1;1
CORD_ORD_159;PROD_1;1;1
CORD_ORD_159;PROD_10;1;1
CORD_ORD_159;PROD_12;1;1
CORD_ORD_159;PROD_13;1;1
CORD_ORD_159;PROD_16;1;1
CORD_ORD_159;PROD_17;1;1
CORD_ORD_159;PROD_21;1;1
CORD_ORD_159;PROD_22;1;1
CORD_ORD_159;PROD_25;1;1
CORD_ORD_159;PROD_3;1;1
CORD_ORD_159;PROD_30;1;1
CORD_ORD_159;PROD_31;1;1
CORD_ORD_159;PROD_36;1;1
CORD_ORD_159;PROD_38;1;1
CORD_ORD_159;PROD_4;1;1
CORD_ORD_159;PROD_40;1;1
CORD_ORD_159;PROD_48;1;1
CORD_ORD_159;PROD_50;1;1
CORD_ORD_159;PROD_8;1;1
CORD_ORD_160;PROD_1;1;1
CORD_ORD_160;PROD_10;1;1
CORD_ORD_160;PROD_12;1;1
CORD_ORD_160;PROD_13;1;1
CORD_ORD_160;PROD_16;1;1
CORD_ORD_160;PROD_21;1;1
CORD_ORD_160;PROD_26;1;1
CORD_ORD_160;PROD_3;1;1
CORD_ORD_160;PROD_36;1;1
CORD_ORD_160;PROD_38;1;1
CORD_ORD_160;PROD_4;1;1
CORD_ORD_160;PROD_46;1;1
CORD_ORD_160;PROD_6;1;1
CORD_ORD_160;PROD_8;1;1
CORD_ORD_161;PROD_11;1;1
CORD_ORD_161;PROD_17;1;1
CORD_ORD_161;PROD_18;1;1
CORD_ORD_161;PROD_2;1;1
CORD_ORD_161;PROD_20;1;1
CORD_ORD_161;PROD_27;1;1
CORD_ORD_161;PROD_29;1;1
CORD_ORD_161;PROD_31;1;1
CORD_ORD_161;PROD_32;1;1
CORD_ORD_161;PROD_35;1;1
CORD_ORD_161;PROD_39;1;1
CORD_ORD_161;PROD_41;1;1
CORD_ORD_161;PROD_43;1;1
CORD_ORD_161;PROD_47;1;1
CORD_ORD_161;PROD_48;1;1
CORD_ORD_162;PROD_11;1;1
CORD_ORD_162;PROD_12;1;1
CORD_ORD_162;PROD_17;1;1
CORD_ORD_162;PROD_19;1;1
CORD_ORD_162;PROD_21;1;1
CORD_ORD_162;PROD_23;1;1
CORD_ORD_162;PROD_27;1;1
CORD_ORD_162;PROD_29;1;1
CORD_ORD_162;PROD_31;1;1
CORD_ORD_162;PROD_32;1;1
CORD_ORD_162;PROD_33;1;1
CORD_ORD_162;PROD_4;1;1
CORD_ORD_162;PROD_43;1;1
CORD_ORD_162;PROD_44;1;1
CORD_ORD_162;PROD_45;1;1
CORD_ORD_162;PROD_47;1;1
CORD_ORD_162;PROD_48;1;1
CORD_ORD_163;PROD_10;1;1
CORD_ORD_163;PROD_14;1;1
CORD_ORD_163;PROD_16;1;1
CORD_ORD_163;PROD_19;1;1
CORD_ORD_163;PROD_20;1;1
CORD_ORD_163;PROD_24;1;1
CORD_ORD_163;PROD_28;1;1
CORD_ORD_163;PROD_33;1;1
CORD_ORD_163;PROD_35;1;1
CORD_ORD_163;PROD_37;1;1
CORD_ORD_163;PROD_39;1;1
CORD_ORD_163;PROD_42;1;1
CORD_ORD_163;PROD_44;1;1
CORD_ORD_163;PROD_5;1;1
CORD_ORD_163;PROD_7;1;1
CORD_ORD_163;PROD_8;1;1
CORD_ORD_163;PROD_9;1;1
CORD_ORD_164;PROD_1;1;1
CORD_ORD_164;PROD_10;1;1
CORD_ORD_164;PROD_14;1;1
CORD_ORD_164;PROD_16;1;1
CORD_ORD_164;PROD_20;1;1
CORD_ORD_164;PROD_22;1;1
CORD_ORD_164;PROD_25;1;1
CORD_ORD_164;PROD_26;1;1
CORD_ORD_164;PROD_28;1;1
CORD_ORD_164;PROD_3;1;1
CORD_ORD_164;PROD_32;1;1
CORD_ORD_164;PROD_35;1;1
CORD_ORD_164;PROD_36;1;1
CORD_ORD_164;PROD_39;1;1
CORD_ORD_164;PROD_43;1;1
CORD_ORD_164;PROD_46;1;1
CORD_ORD_164;PROD_47;1;1
CORD_ORD_164;PROD_5;1;1
CORD_ORD_164;PROD_50;1;1
CORD_ORD_164;PROD_6;1;1
CORD_ORD_164;PROD_7;1;1
CORD_ORD_164;PROD_8;1;1
CORD_ORD_164;PROD_9;1;1
CORD_ORD_165;PROD_1;1;1
CORD_ORD_165;PROD_10;1;1
CORD_ORD_165;PROD_12;1;1
CORD_ORD_165;PROD_13;1;1
CORD_ORD_165;PROD_14;1;1
CORD_ORD_165;PROD_15;1;1
CORD_ORD_165;PROD_16;1;1
CORD_ORD_165;PROD_18;1;1
CORD_ORD_165;PROD_2;1;1
CORD_ORD_165;PROD_21;1;1
CORD_ORD_165;PROD_22;1;1
CORD_ORD_165;PROD_24;1;1
CORD_ORD_165;PROD_25;1;1
CORD_ORD_165;PROD_28;1;1
CORD_ORD_165;PROD_3;1;1
CORD_ORD_165;PROD_34;1;1
CORD_ORD_165;PROD_36;1;1
CORD_ORD_165;PROD_37;1;1
CORD_ORD_165;PROD_38;1;1
CORD_ORD_165;PROD_4;1;1
CORD_ORD_165;PROD_41;1;1
CORD_ORD_165;PROD_42;1;1
CORD_ORD_165;PROD_49;1;1
CORD_ORD_165;PROD_50;1;1
CORD_ORD_165;PROD_8;1;1
CORD_ORD_165;PROD_9;1;1
CORD_ORD_166;PROD_11;1;1
CORD_ORD_166;PROD_17;1;1
CORD_ORD_166;PROD_22;1;1
CORD_ORD_166;PROD_25;1;1
CORD_ORD_166;PROD_27;1;1
CORD_ORD_166;PROD_29;1;1
CORD_ORD_166;PROD_31;1;1
CORD_ORD_166;PROD_32;1;1
CORD_ORD_166;PROD_43;1;1
CORD_ORD_166;PROD_47;1;1
CORD_ORD_166;PROD_48;1;1
CORD_ORD_166;PROD_50;1;1
CORD_ORD_167;PROD_1;1;1
CORD_ORD_167;PROD_10;1;1
CORD_ORD_167;PROD_13;1;1
CORD_ORD_167;PROD_15;1;1
CORD_ORD_167;PROD_16;1;1
CORD_ORD_167;PROD_22;1;1
CORD_ORD_167;PROD_25;1;1
CORD_ORD_167;PROD_3;1;1
CORD_ORD_167;PROD_34;1;1
CORD_ORD_167;PROD_36;1;1
CORD_ORD_167;PROD_38;1;1
CORD_ORD_167;PROD_49;1;1
CORD_ORD_167;PROD_50;1;1
CORD_ORD_167;PROD_8;1;1
CORD_ORD_168;PROD_10;1;1
CORD_ORD_168;PROD_11;1;1
CORD_ORD_168;PROD_12;1;1
CORD_ORD_168;PROD_14;1;1
CORD_ORD_168;PROD_16;1;1
CORD_ORD_168;PROD_19;1;1
CORD_ORD_168;PROD_21;1;1
CORD_ORD_168;PROD_22;1;1
CORD_ORD_168;PROD_23;1;1
CORD_ORD_168;PROD_25;1;1
CORD_ORD_168;PROD_27;1;1
CORD_ORD_168;PROD_28;1;1
CORD_ORD_168;PROD_29;1;1
CORD_ORD_168;PROD_33;1;1
CORD_ORD_168;PROD_4;1;1
CORD_ORD_168;PROD_44;1;1
CORD_ORD_168;PROD_45;1;1
CORD_ORD_168;PROD_50;1;1
CORD_ORD_168;PROD_8;1;1
CORD_ORD_168;PROD_9;1;1
CORD_ORD_169;PROD_1;1;1
CORD_ORD_169;PROD_10;1;1
CORD_ORD_169;PROD_11;1;1
CORD_ORD_169;PROD_16;1;1
CORD_ORD_169;PROD_18;1;1
CORD_ORD_169;PROD_19;1;1
CORD_ORD_169;PROD_2;1;1
CORD_ORD_169;PROD_22;1;1
CORD_ORD_169;PROD_25;1;1
CORD_ORD_169;PROD_26;1;1
CORD_ORD_169;PROD_27;1;1
CORD_ORD_169;PROD_29;1;1
CORD_ORD_169;PROD_3;1;1
CORD_ORD_169;PROD_33;1;1
CORD_ORD_169;PROD_36;1;1
CORD_ORD_169;PROD_41;1;1
CORD_ORD_169;PROD_44;1;1
CORD_ORD_169;PROD_46;1;1
CORD_ORD_169;PROD_50;1;1
CORD_ORD_169;PROD_6;1;1
CORD_ORD_169;PROD_8;1;1
CORD_ORD_170;PROD_1;1;1
CORD_ORD_170;PROD_10;1;1
CORD_ORD_170;PROD_12;1;1
CORD_ORD_170;PROD_16;1;1
CORD_ORD_170;PROD_18;1;1
CORD_ORD_170;PROD_19;1;1
CORD_ORD_170;PROD_2;1;1
CORD_ORD_170;PROD_21;1;1
CORD_ORD_170;PROD_24;1;1
CORD_ORD_170;PROD_26;1;1
CORD_ORD_170;PROD_3;1;1
CORD_ORD_170;PROD_32;1;1
CORD_ORD_170;PROD_33;1;1
CORD_ORD_170;PROD_36;1;1
CORD_ORD_170;PROD_37;1;1
CORD_ORD_170;PROD_4;1;1
CORD_ORD_170;PROD_41;1;1
CORD_ORD_170;PROD_42;1;1
CORD_ORD_170;PROD_43;1;1
CORD_ORD_170;PROD_44;1;1
CORD_ORD_170;PROD_46;1;1
CORD_ORD_170;PROD_47;1;1
CORD_ORD_170;PROD_6;1;1
CORD_ORD_170;PROD_8;1;1
CORD_ORD_171;PROD_1;1;1
CORD_ORD_171;PROD_11;1;1
CORD_ORD_171;PROD_12;1;1
CORD_ORD_171;PROD_14;1;1
CORD_ORD_171;PROD_15;1;1
CORD_ORD_171;PROD_17;1;1
CORD_ORD_171;PROD_18;1;1
CORD_ORD_171;PROD_19;1;1
CORD_ORD_171;PROD_2;1;1
CORD_ORD_171;PROD_21;1;1
CORD_ORD_171;PROD_23;1;1
CORD_ORD_171;PROD_24;1;1
CORD_ORD_171;PROD_27;1;1
CORD_ORD_171;PROD_28;1;1
CORD_ORD_171;PROD_29;1;1
CORD_ORD_171;PROD_3;1;1
CORD_ORD_171;PROD_30;1;1
CORD_ORD_171;PROD_31;1;1
CORD_ORD_171;PROD_33;1;1
CORD_ORD_171;PROD_34;1;1
CORD_ORD_171;PROD_36;1;1
CORD_ORD_171;PROD_37;1;1
CORD_ORD_171;PROD_4;1;1
CORD_ORD_171;PROD_40;1;1
CORD_ORD_171;PROD_41;1;1
CORD_ORD_171;PROD_42;1;1
CORD_ORD_171;PROD_44;1;1
CORD_ORD_171;PROD_45;1;1
CORD_ORD_171;PROD_48;1;1
CORD_ORD_171;PROD_49;1;1
CORD_ORD_171;PROD_9;1;1
CORD_ORD_172;PROD_10;1;1
CORD_ORD_172;PROD_13;1;1
CORD_ORD_172;PROD_15;1;1
CORD_ORD_172;PROD_16;1;1
CORD_ORD_172;PROD_17;1;1
CORD_ORD_172;PROD_31;1;1
CORD_ORD_172;PROD_34;1;1
CORD_ORD_172;PROD_38;1;1
CORD_ORD_172;PROD_48;1;1
CORD_ORD_172;PROD_49;1;1
CORD_ORD_172;PROD_8;1;1
CORD_ORD_173;PROD_11;1;1
CORD_ORD_173;PROD_12;1;1
CORD_ORD_173;PROD_13;1;1
CORD_ORD_173;PROD_14;1;1
CORD_ORD_173;PROD_15;1;1
CORD_ORD_173;PROD_17;1;1
CORD_ORD_173;PROD_18;1;1
CORD_ORD_173;PROD_19;1;1
CORD_ORD_173;PROD_2;1;1
CORD_ORD_173;PROD_21;1;1
CORD_ORD_173;PROD_22;1;1
CORD_ORD_173;PROD_25;1;1
CORD_ORD_173;PROD_26;1;1
CORD_ORD_173;PROD_27;1;1
CORD_ORD_173;PROD_28;1;1
CORD_ORD_173;PROD_29;1;1
CORD_ORD_173;PROD_31;1;1
CORD_ORD_173;PROD_32;1;1
CORD_ORD_173;PROD_33;1;1
CORD_ORD_173;PROD_34;1;1
CORD_ORD_173;PROD_38;1;1
CORD_ORD_173;PROD_4;1;1
CORD_ORD_173;PROD_41;1;1
CORD_ORD_173;PROD_43;1;1
CORD_ORD_173;PROD_44;1;1
CORD_ORD_173;PROD_46;1;1
CORD_ORD_173;PROD_47;1;1
CORD_ORD_173;PROD_48;1;1
CORD_ORD_173;PROD_49;1;1
CORD_ORD_173;PROD_50;1;1
CORD_ORD_173;PROD_6;1;1
CORD_ORD_173;PROD_9;1;1
CORD_ORD_174;PROD_11;1;1
CORD_ORD_174;PROD_12;1;1
CORD_ORD_174;PROD_13;1;1
CORD_ORD_174;PROD_17;1;1
CORD_ORD_174;PROD_21;1;1
CORD_ORD_174;PROD_27;1;1
CORD_ORD_174;PROD_29;1;1
CORD_ORD_174;PROD_31;1;1
CORD_ORD_174;PROD_38;1;1
CORD_ORD_174;PROD_4;1;1
CORD_ORD_174;PROD_48;1;1
CORD_ORD_175;PROD_1;1;1
CORD_ORD_175;PROD_10;1;1
CORD_ORD_175;PROD_12;1;1
CORD_ORD_175;PROD_14;1;1
CORD_ORD_175;PROD_15;1;1
CORD_ORD_175;PROD_16;1;1
CORD_ORD_175;PROD_17;1;1
CORD_ORD_175;PROD_19;1;1
CORD_ORD_175;PROD_20;1;1
CORD_ORD_175;PROD_21;1;1
CORD_ORD_175;PROD_22;1;1
CORD_ORD_175;PROD_23;1;1
CORD_ORD_175;PROD_24;1;1
CORD_ORD_175;PROD_25;1;1
CORD_ORD_175;PROD_28;1;1
CORD_ORD_175;PROD_3;1;1
CORD_ORD_175;PROD_31;1;1
CORD_ORD_175;PROD_32;1;1
CORD_ORD_175;PROD_33;1;1
CORD_ORD_175;PROD_34;1;1
CORD_ORD_175;PROD_35;1;1
CORD_ORD_175;PROD_36;1;1
CORD_ORD_175;PROD_37;1;1
CORD_ORD_175;PROD_39;1;1
CORD_ORD_175;PROD_4;1;1
CORD_ORD_175;PROD_42;1;1
CORD_ORD_175;PROD_43;1;1
CORD_ORD_175;PROD_44;1;1
CORD_ORD_175;PROD_45;1;1
CORD_ORD_175;PROD_47;1;1
CORD_ORD_175;PROD_48;1;1
CORD_ORD_175;PROD_49;1;1
CORD_ORD_175;PROD_50;1;1
CORD_ORD_175;PROD_8;1;1
CORD_ORD_175;PROD_9;1;1
CORD_ORD_176;PROD_1;1;1
CORD_ORD_176;PROD_10;1;1
CORD_ORD_176;PROD_11;1;1
CORD_ORD_176;PROD_13;1;1
CORD_ORD_176;PROD_14;1;1
CORD_ORD_176;PROD_15;1;1
CORD_ORD_176;PROD_16;1;1
CORD_ORD_176;PROD_17;1;1
CORD_ORD_176;PROD_18;1;1
CORD_ORD_176;PROD_2;1;1
CORD_ORD_176;PROD_23;1;1
CORD_ORD_176;PROD_26;1;1
CORD_ORD_176;PROD_27;1;1
CORD_ORD_176;PROD_28;1;1
CORD_ORD_176;PROD_29;1;1
CORD_ORD_176;PROD_3;1;1
CORD_ORD_176;PROD_31;1;1
CORD_ORD_176;PROD_34;1;1
CORD_ORD_176;PROD_36;1;1
CORD_ORD_176;PROD_38;1;1
CORD_ORD_176;PROD_41;1;1
CORD_ORD_176;PROD_45;1;1
CORD_ORD_176;PROD_46;1;1
CORD_ORD_176;PROD_48;1;1
CORD_ORD_176;PROD_49;1;1
CORD_ORD_176;PROD_6;1;1
CORD_ORD_176;PROD_8;1;1
CORD_ORD_176;PROD_9;1;1
CORD_ORD_177;PROD_10;1;1
CORD_ORD_177;PROD_13;1;1
CORD_ORD_177;PROD_14;1;1
CORD_ORD_177;PROD_16;1;1
CORD_ORD_177;PROD_19;1;1
CORD_ORD_177;PROD_22;1;1
CORD_ORD_177;PROD_23;1;1
CORD_ORD_177;PROD_25;1;1
CORD_ORD_177;PROD_28;1;1
CORD_ORD_177;PROD_33;1;1
CORD_ORD_177;PROD_38;1;1
CORD_ORD_177;PROD_44;1;1
CORD_ORD_177;PROD_45;1;1
CORD_ORD_177;PROD_50;1;1
CORD_ORD_177;PROD_8;1;1
CORD_ORD_177;PROD_9;1;1
CORD_ORD_178;PROD_1;1;1
CORD_ORD_178;PROD_10;1;1
CORD_ORD_178;PROD_11;1;1
CORD_ORD_178;PROD_13;1;1
CORD_ORD_178;PROD_14;1;1
CORD_ORD_178;PROD_16;1;1
CORD_ORD_178;PROD_17;1;1
CORD_ORD_178;PROD_18;1;1
CORD_ORD_178;PROD_2;1;1
CORD_ORD_178;PROD_20;1;1
CORD_ORD_178;PROD_26;1;1
CORD_ORD_178;PROD_27;1;1
CORD_ORD_178;PROD_28;1;1
CORD_ORD_178;PROD_29;1;1
CORD_ORD_178;PROD_3;1;1
CORD_ORD_178;PROD_31;1;1
CORD_ORD_178;PROD_35;1;1
CORD_ORD_178;PROD_36;1;1
CORD_ORD_178;PROD_38;1;1
CORD_ORD_178;PROD_39;1;1
CORD_ORD_178;PROD_41;1;1
CORD_ORD_178;PROD_46;1;1
CORD_ORD_178;PROD_48;1;1
CORD_ORD_178;PROD_6;1;1
CORD_ORD_178;PROD_8;1;1
CORD_ORD_178;PROD_9;1;1
CORD_ORD_179;PROD_1;1;1
CORD_ORD_179;PROD_10;1;1
CORD_ORD_179;PROD_13;1;1
CORD_ORD_179;PROD_16;1;1
CORD_ORD_179;PROD_19;1;1
CORD_ORD_179;PROD_22;1;1
CORD_ORD_179;PROD_25;1;1
CORD_ORD_179;PROD_3;1;1
CORD_ORD_179;PROD_33;1;1
CORD_ORD_179;PROD_36;1;1
CORD_ORD_179;PROD_38;1;1
CORD_ORD_179;PROD_44;1;1
CORD_ORD_179;PROD_50;1;1
CORD_ORD_179;PROD_8;1;1
CORD_ORD_180;PROD_1;1;1
CORD_ORD_180;PROD_10;1;1
CORD_ORD_180;PROD_11;1;1
CORD_ORD_180;PROD_16;1;1
CORD_ORD_180;PROD_19;1;1
CORD_ORD_180;PROD_22;1;1
CORD_ORD_180;PROD_23;1;1
CORD_ORD_180;PROD_25;1;1
CORD_ORD_180;PROD_27;1;1
CORD_ORD_180;PROD_29;1;1
CORD_ORD_180;PROD_3;1;1
CORD_ORD_180;PROD_33;1;1
CORD_ORD_180;PROD_36;1;1
CORD_ORD_180;PROD_44;1;1
CORD_ORD_180;PROD_45;1;1
CORD_ORD_180;PROD_50;1;1
CORD_ORD_180;PROD_8;1;1
CORD_ORD_181;PROD_10;1;1
CORD_ORD_181;PROD_15;1;1
CORD_ORD_181;PROD_16;1;1
CORD_ORD_181;PROD_17;1;1
CORD_ORD_181;PROD_19;1;1
CORD_ORD_181;PROD_22;1;1
CORD_ORD_181;PROD_25;1;1
CORD_ORD_181;PROD_26;1;1
CORD_ORD_181;PROD_31;1;1
CORD_ORD_181;PROD_32;1;1
CORD_ORD_181;PROD_33;1;1
CORD_ORD_181;PROD_34;1;1
CORD_ORD_181;PROD_43;1;1
CORD_ORD_181;PROD_44;1;1
CORD_ORD_181;PROD_46;1;1
CORD_ORD_181;PROD_47;1;1
CORD_ORD_181;PROD_48;1;1
CORD_ORD_181;PROD_49;1;1
CORD_ORD_181;PROD_5;1;1
CORD_ORD_181;PROD_50;1;1
CORD_ORD_181;PROD_6;1;1
CORD_ORD_181;PROD_7;1;1
CORD_ORD_181;PROD_8;1;1
CORD_ORD_182;PROD_10;1;1
CORD_ORD_182;PROD_12;1;1
CORD_ORD_182;PROD_14;1;1
CORD_ORD_182;PROD_16;1;1
CORD_ORD_182;PROD_17;1;1
CORD_ORD_182;PROD_18;1;1
CORD_ORD_182;PROD_2;1;1
CORD_ORD_182;PROD_21;1;1
CORD_ORD_182;PROD_26;1;1
CORD_ORD_182;PROD_28;1;1
CORD_ORD_182;PROD_31;1;1
CORD_ORD_182;PROD_4;1;1
CORD_ORD_182;PROD_41;1;1
CORD_ORD_182;PROD_46;1;1
CORD_ORD_182;PROD_48;1;1
CORD_ORD_182;PROD_6;1;1
CORD_ORD_182;PROD_8;1;1
CORD_ORD_182;PROD_9;1;1
CORD_ORD_183;PROD_10;1;1
CORD_ORD_183;PROD_11;1;1
CORD_ORD_183;PROD_12;1;1
CORD_ORD_183;PROD_13;1;1
CORD_ORD_183;PROD_16;1;1
CORD_ORD_183;PROD_17;1;1
CORD_ORD_183;PROD_19;1;1
CORD_ORD_183;PROD_20;1;1
CORD_ORD_183;PROD_21;1;1
CORD_ORD_183;PROD_22;1;1
CORD_ORD_183;PROD_25;1;1
CORD_ORD_183;PROD_27;1;1
CORD_ORD_183;PROD_29;1;1
CORD_ORD_183;PROD_31;1;1
CORD_ORD_183;PROD_32;1;1
CORD_ORD_183;PROD_33;1;1
CORD_ORD_183;PROD_35;1;1
CORD_ORD_183;PROD_38;1;1
CORD_ORD_183;PROD_39;1;1
CORD_ORD_183;PROD_4;1;1
CORD_ORD_183;PROD_43;1;1
CORD_ORD_183;PROD_44;1;1
CORD_ORD_183;PROD_47;1;1
CORD_ORD_183;PROD_48;1;1
CORD_ORD_183;PROD_5;1;1
CORD_ORD_183;PROD_50;1;1
CORD_ORD_183;PROD_7;1;1
CORD_ORD_183;PROD_8;1;1
CORD_ORD_184;PROD_11;1;1
CORD_ORD_184;PROD_19;1;1
CORD_ORD_184;PROD_23;1;1
CORD_ORD_184;PROD_27;1;1
CORD_ORD_184;PROD_29;1;1
CORD_ORD_184;PROD_33;1;1
CORD_ORD_184;PROD_44;1;1
CORD_ORD_184;PROD_45;1;1
CORD_ORD_185;PROD_1;1;1
CORD_ORD_185;PROD_18;1;1
CORD_ORD_185;PROD_2;1;1
CORD_ORD_185;PROD_24;1;1
CORD_ORD_185;PROD_26;1;1
CORD_ORD_185;PROD_3;1;1
CORD_ORD_185;PROD_36;1;1
CORD_ORD_185;PROD_37;1;1
CORD_ORD_185;PROD_41;1;1
CORD_ORD_185;PROD_42;1;1
CORD_ORD_185;PROD_46;1;1
CORD_ORD_185;PROD_6;1;1
CORD_ORD_186;PROD_1;1;1
CORD_ORD_186;PROD_10;1;1
CORD_ORD_186;PROD_11;1;1
CORD_ORD_186;PROD_12;1;1
CORD_ORD_186;PROD_13;1;1
CORD_ORD_186;PROD_16;1;1
CORD_ORD_186;PROD_19;1;1
CORD_ORD_186;PROD_20;1;1
CORD_ORD_186;PROD_21;1;1
CORD_ORD_186;PROD_23;1;1
CORD_ORD_186;PROD_27;1;1
CORD_ORD_186;PROD_29;1;1
CORD_ORD_186;PROD_3;1;1
CORD_ORD_186;PROD_33;1;1
CORD_ORD_186;PROD_35;1;1
CORD_ORD_186;PROD_36;1;1
CORD_ORD_186;PROD_38;1;1
CORD_ORD_186;PROD_39;1;1
CORD_ORD_186;PROD_4;1;1
CORD_ORD_186;PROD_44;1;1
CORD_ORD_186;PROD_45;1;1
CORD_ORD_186;PROD_8;1;1
CORD_ORD_187;PROD_1;1;1
CORD_ORD_187;PROD_10;1;1
CORD_ORD_187;PROD_11;1;1
CORD_ORD_187;PROD_15;1;1
CORD_ORD_187;PROD_16;1;1
CORD_ORD_187;PROD_17;1;1
CORD_ORD_187;PROD_20;1;1
CORD_ORD_187;PROD_23;1;1
CORD_ORD_187;PROD_24;1;1
CORD_ORD_187;PROD_26;1;1
CORD_ORD_187;PROD_27;1;1
CORD_ORD_187;PROD_29;1;1
CORD_ORD_187;PROD_3;1;1
CORD_ORD_187;PROD_30;1;1
CORD_ORD_187;PROD_31;1;1
CORD_ORD_187;PROD_34;1;1
CORD_ORD_187;PROD_35;1;1
CORD_ORD_187;PROD_36;1;1
CORD_ORD_187;PROD_37;1;1
CORD_ORD_187;PROD_39;1;1
CORD_ORD_187;PROD_40;1;1
CORD_ORD_187;PROD_42;1;1
CORD_ORD_187;PROD_45;1;1
CORD_ORD_187;PROD_46;1;1
CORD_ORD_187;PROD_48;1;1
CORD_ORD_187;PROD_49;1;1
CORD_ORD_187;PROD_5;1;1
CORD_ORD_187;PROD_6;1;1
CORD_ORD_187;PROD_7;1;1
CORD_ORD_187;PROD_8;1;1
CORD_ORD_188;PROD_1;1;1
CORD_ORD_188;PROD_11;1;1
CORD_ORD_188;PROD_27;1;1
CORD_ORD_188;PROD_29;1;1
CORD_ORD_188;PROD_3;1;1
CORD_ORD_188;PROD_32;1;1
CORD_ORD_188;PROD_36;1;1
CORD_ORD_188;PROD_43;1;1
CORD_ORD_188;PROD_47;1;1
CORD_ORD_189;PROD_11;1;1
CORD_ORD_189;PROD_12;1;1
CORD_ORD_189;PROD_15;1;1
CORD_ORD_189;PROD_17;1;1
CORD_ORD_189;PROD_18;1;1
CORD_ORD_189;PROD_2;1;1
CORD_ORD_189;PROD_21;1;1
CORD_ORD_189;PROD_23;1;1
CORD_ORD_189;PROD_26;1;1
CORD_ORD_189;PROD_27;1;1
CORD_ORD_189;PROD_29;1;1
CORD_ORD_189;PROD_31;1;1
CORD_ORD_189;PROD_32;1;1
CORD_ORD_189;PROD_34;1;1
CORD_ORD_189;PROD_4;1;1
CORD_ORD_189;PROD_41;1;1
CORD_ORD_189;PROD_43;1;1
CORD_ORD_189;PROD_45;1;1
CORD_ORD_189;PROD_46;1;1
CORD_ORD_189;PROD_47;1;1
CORD_ORD_189;PROD_48;1;1
CORD_ORD_189;PROD_49;1;1
CORD_ORD_189;PROD_5;1;1
CORD_ORD_189;PROD_6;1;1
CORD_ORD_189;PROD_7;1;1
CORD_ORD_190;PROD_1;1;1
CORD_ORD_190;PROD_10;1;1
CORD_ORD_190;PROD_11;1;1
CORD_ORD_190;PROD_14;1;1
CORD_ORD_190;PROD_15;1;1
CORD_ORD_190;PROD_16;1;1
CORD_ORD_190;PROD_18;1;1
CORD_ORD_190;PROD_2;1;1
CORD_ORD_190;PROD_22;1;1
CORD_ORD_190;PROD_24;1;1
CORD_ORD_190;PROD_25;1;1
CORD_ORD_190;PROD_26;1;1
CORD_ORD_190;PROD_27;1;1
CORD_ORD_190;PROD_28;1;1
CORD_ORD_190;PROD_29;1;1
CORD_ORD_190;PROD_3;1;1
CORD_ORD_190;PROD_32;1;1
CORD_ORD_190;PROD_34;1;1
CORD_ORD_190;PROD_36;1;1
CORD_ORD_190;PROD_37;1;1
CORD_ORD_190;PROD_41;1;1
CORD_ORD_190;PROD_42;1;1
CORD_ORD_190;PROD_43;1;1
CORD_ORD_190;PROD_46;1;1
CORD_ORD_190;PROD_47;1;1
CORD_ORD_190;PROD_49;1;1
CORD_ORD_190;PROD_50;1;1
CORD_ORD_190;PROD_6;1;1
CORD_ORD_190;PROD_8;1;1
CORD_ORD_190;PROD_9;1;1
CORD_ORD_191;PROD_1;1;1
CORD_ORD_191;PROD_10;1;1
CORD_ORD_191;PROD_14;1;1
CORD_ORD_191;PROD_16;1;1
CORD_ORD_191;PROD_18;1;1
CORD_ORD_191;PROD_2;1;1
CORD_ORD_191;PROD_20;1;1
CORD_ORD_191;PROD_22;1;1
CORD_ORD_191;PROD_24;1;1
CORD_ORD_191;PROD_25;1;1
CORD_ORD_191;PROD_26;1;1
CORD_ORD_191;PROD_28;1;1
CORD_ORD_191;PROD_3;1;1
CORD_ORD_191;PROD_35;1;1
CORD_ORD_191;PROD_36;1;1
CORD_ORD_191;PROD_37;1;1
CORD_ORD_191;PROD_39;1;1
CORD_ORD_191;PROD_41;1;1
CORD_ORD_191;PROD_42;1;1
CORD_ORD_191;PROD_46;1;1
CORD_ORD_191;PROD_5;1;1
CORD_ORD_191;PROD_50;1;1
CORD_ORD_191;PROD_6;1;1
CORD_ORD_191;PROD_7;1;1
CORD_ORD_191;PROD_8;1;1
CORD_ORD_191;PROD_9;1;1
CORD_ORD_192;PROD_1;1;1
CORD_ORD_192;PROD_11;1;1
CORD_ORD_192;PROD_15;1;1
CORD_ORD_192;PROD_17;1;1
CORD_ORD_192;PROD_19;1;1
CORD_ORD_192;PROD_26;1;1
CORD_ORD_192;PROD_27;1;1
CORD_ORD_192;PROD_29;1;1
CORD_ORD_192;PROD_3;1;1
CORD_ORD_192;PROD_31;1;1
CORD_ORD_192;PROD_32;1;1
CORD_ORD_192;PROD_33;1;1
CORD_ORD_192;PROD_34;1;1
CORD_ORD_192;PROD_36;1;1
CORD_ORD_192;PROD_43;1;1
CORD_ORD_192;PROD_44;1;1
CORD_ORD_192;PROD_46;1;1
CORD_ORD_192;PROD_47;1;1
CORD_ORD_192;PROD_48;1;1
CORD_ORD_192;PROD_49;1;1
CORD_ORD_192;PROD_6;1;1
CORD_ORD_193;PROD_10;1;1
CORD_ORD_193;PROD_13;1;1
CORD_ORD_193;PROD_14;1;1
CORD_ORD_193;PROD_15;1;1
CORD_ORD_193;PROD_16;1;1
CORD_ORD_193;PROD_18;1;1
CORD_ORD_193;PROD_2;1;1
CORD_ORD_193;PROD_22;1;1
CORD_ORD_193;PROD_24;1;1
CORD_ORD_193;PROD_25;1;1
CORD_ORD_193;PROD_28;1;1
CORD_ORD_193;PROD_32;1;1
CORD_ORD_193;PROD_34;1;1
CORD_ORD_193;PROD_37;1;1
CORD_ORD_193;PROD_38;1;1
CORD_ORD_193;PROD_41;1;1
CORD_ORD_193;PROD_42;1;1
CORD_ORD_193;PROD_43;1;1
CORD_ORD_193;PROD_47;1;1
CORD_ORD_193;PROD_49;1;1
CORD_ORD_193;PROD_50;1;1
CORD_ORD_193;PROD_8;1;1
CORD_ORD_193;PROD_9;1;1
CORD_ORD_194;PROD_10;1;1
CORD_ORD_194;PROD_13;1;1
CORD_ORD_194;PROD_15;1;1
CORD_ORD_194;PROD_16;1;1
CORD_ORD_194;PROD_20;1;1
CORD_ORD_194;PROD_34;1;1
CORD_ORD_194;PROD_35;1;1
CORD_ORD_194;PROD_38;1;1
CORD_ORD_194;PROD_39;1;1
CORD_ORD_194;PROD_49;1;1
CORD_ORD_194;PROD_8;1;1
CORD_ORD_195;PROD_11;1;1
CORD_ORD_195;PROD_17;1;1
CORD_ORD_195;PROD_18;1;1
CORD_ORD_195;PROD_2;1;1
CORD_ORD_195;PROD_23;1;1
CORD_ORD_195;PROD_24;1;1
CORD_ORD_195;PROD_27;1;1
CORD_ORD_195;PROD_29;1;1
CORD_ORD_195;PROD_31;1;1
CORD_ORD_195;PROD_32;1;1
CORD_ORD_195;PROD_37;1;1
CORD_ORD_195;PROD_41;1;1
CORD_ORD_195;PROD_42;1;1
CORD_ORD_195;PROD_43;1;1
CORD_ORD_195;PROD_45;1;1
CORD_ORD_195;PROD_47;1;1
CORD_ORD_195;PROD_48;1;1
CORD_ORD_196;PROD_12;1;1
CORD_ORD_196;PROD_13;1;1
CORD_ORD_196;PROD_19;1;1
CORD_ORD_196;PROD_21;1;1
CORD_ORD_196;PROD_24;1;1
CORD_ORD_196;PROD_30;1;1
CORD_ORD_196;PROD_33;1;1
CORD_ORD_196;PROD_37;1;1
CORD_ORD_196;PROD_38;1;1
CORD_ORD_196;PROD_4;1;1
CORD_ORD_196;PROD_40;1;1
CORD_ORD_196;PROD_42;1;1
CORD_ORD_196;PROD_44;1;1
CORD_ORD_196;PROD_5;1;1
CORD_ORD_196;PROD_7;1;1
CORD_ORD_197;PROD_1;1;1
CORD_ORD_197;PROD_11;1;1
CORD_ORD_197;PROD_13;1;1
CORD_ORD_197;PROD_15;1;1
CORD_ORD_197;PROD_17;1;1
CORD_ORD_197;PROD_18;1;1
CORD_ORD_197;PROD_2;1;1
CORD_ORD_197;PROD_20;1;1
CORD_ORD_197;PROD_26;1;1
CORD_ORD_197;PROD_27;1;1
CORD_ORD_197;PROD_29;1;1
CORD_ORD_197;PROD_3;1;1
CORD_ORD_197;PROD_30;1;1
CORD_ORD_197;PROD_31;1;1
CORD_ORD_197;PROD_34;1;1
CORD_ORD_197;PROD_35;1;1
CORD_ORD_197;PROD_36;1;1
CORD_ORD_197;PROD_38;1;1
CORD_ORD_197;PROD_39;1;1
CORD_ORD_197;PROD_40;1;1
CORD_ORD_197;PROD_41;1;1
CORD_ORD_197;PROD_46;1;1
CORD_ORD_197;PROD_48;1;1
CORD_ORD_197;PROD_49;1;1
CORD_ORD_197;PROD_6;1;1
CORD_ORD_198;PROD_1;1;1
CORD_ORD_198;PROD_10;1;1
CORD_ORD_198;PROD_13;1;1
CORD_ORD_198;PROD_15;1;1
CORD_ORD_198;PROD_16;1;1
CORD_ORD_198;PROD_18;1;1
CORD_ORD_198;PROD_2;1;1
CORD_ORD_198;PROD_20;1;1
CORD_ORD_198;PROD_3;1;1
CORD_ORD_198;PROD_32;1;1
CORD_ORD_198;PROD_34;1;1
CORD_ORD_198;PROD_35;1;1
CORD_ORD_198;PROD_36;1;1
CORD_ORD_198;PROD_38;1;1
CORD_ORD_198;PROD_39;1;1
CORD_ORD_198;PROD_41;1;1
CORD_ORD_198;PROD_43;1;1
CORD_ORD_198;PROD_47;1;1
CORD_ORD_198;PROD_49;1;1
CORD_ORD_198;PROD_8;1;1
CORD_ORD_199;PROD_12;1;1
CORD_ORD_199;PROD_18;1;1
CORD_ORD_199;PROD_2;1;1
CORD_ORD_199;PROD_20;1;1
CORD_ORD_199;PROD_21;1;1
CORD_ORD_199;PROD_22;1;1
CORD_ORD_199;PROD_25;1;1
CORD_ORD_199;PROD_35;1;1
CORD_ORD_199;PROD_39;1;1
CORD_ORD_199;PROD_4;1;1
CORD_ORD_199;PROD_41;1;1
CORD_ORD_199;PROD_5;1;1
CORD_ORD_199;PROD_50;1;1
CORD_ORD_199;PROD_7;1;1
CORD_ORD_200;PROD_10;1;1
CORD_ORD_200;PROD_11;1;1
CORD_ORD_200;PROD_13;1;1
CORD_ORD_200;PROD_15;1;1
CORD_ORD_200;PROD_16;1;1
CORD_ORD_200;PROD_17;1;1
CORD_ORD_200;PROD_18;1;1
CORD_ORD_200;PROD_2;1;1
CORD_ORD_200;PROD_20;1;1
CORD_ORD_200;PROD_27;1;1
CORD_ORD_200;PROD_29;1;1
CORD_ORD_200;PROD_31;1;1
CORD_ORD_200;PROD_32;1;1
CORD_ORD_200;PROD_34;1;1
CORD_ORD_200;PROD_35;1;1
CORD_ORD_200;PROD_38;1;1
CORD_ORD_200;PROD_39;1;1
CORD_ORD_200;PROD_41;1;1
CORD_ORD_200;PROD_43;1;1
CORD_ORD_200;PROD_47;1;1
CORD_ORD_200;PROD_48;1;1
CORD_ORD_200;PROD_49;1;1
CORD_ORD_200;PROD_8;1;1
CORD_ORD_201;PROD_10;1;1
CORD_ORD_201;PROD_11;1;1
CORD_ORD_201;PROD_12;1;1
CORD_ORD_201;PROD_14;1;1
CORD_ORD_201;PROD_15;1;1
CORD_ORD_201;PROD_16;1;1
CORD_ORD_201;PROD_17;1;1
CORD_ORD_201;PROD_20;1;1
CORD_ORD_201;PROD_21;1;1
CORD_ORD_201;PROD_22;1;1
CORD_ORD_201;PROD_25;1;1
CORD_ORD_201;PROD_26;1;1
CORD_ORD_201;PROD_27;1;1
CORD_ORD_201;PROD_28;1;1
CORD_ORD_201;PROD_29;1;1
CORD_ORD_201;PROD_30;1;1
CORD_ORD_201;PROD_31;1;1
CORD_ORD_201;PROD_34;1;1
CORD_ORD_201;PROD_35;1;1
CORD_ORD_201;PROD_39;1;1
CORD_ORD_201;PROD_4;1;1
CORD_ORD_201;PROD_40;1;1
CORD_ORD_201;PROD_46;1;1
CORD_ORD_201;PROD_48;1;1
CORD_ORD_201;PROD_49;1;1
CORD_ORD_201;PROD_50;1;1
CORD_ORD_201;PROD_6;1;1
CORD_ORD_201;PROD_8;1;1
CORD_ORD_201;PROD_9;1;1
CORD_ORD_202;PROD_1;1;1
CORD_ORD_202;PROD_11;1;1
CORD_ORD_202;PROD_13;1;1
CORD_ORD_202;PROD_15;1;1
CORD_ORD_202;PROD_27;1;1
CORD_ORD_202;PROD_29;1;1
CORD_ORD_202;PROD_3;1;1
CORD_ORD_202;PROD_32;1;1
CORD_ORD_202;PROD_34;1;1
CORD_ORD_202;PROD_36;1;1
CORD_ORD_202;PROD_38;1;1
CORD_ORD_202;PROD_43;1;1
CORD_ORD_202;PROD_47;1;1
CORD_ORD_202;PROD_49;1;1
CORD_ORD_203;PROD_10;1;1
CORD_ORD_203;PROD_11;1;1
CORD_ORD_203;PROD_12;1;1
CORD_ORD_203;PROD_13;1;1
CORD_ORD_203;PROD_15;1;1
CORD_ORD_203;PROD_16;1;1
CORD_ORD_203;PROD_21;1;1
CORD_ORD_203;PROD_23;1;1
CORD_ORD_203;PROD_27;1;1
CORD_ORD_203;PROD_29;1;1
CORD_ORD_203;PROD_32;1;1
CORD_ORD_203;PROD_34;1;1
CORD_ORD_203;PROD_38;1;1
CORD_ORD_203;PROD_4;1;1
CORD_ORD_203;PROD_43;1;1
CORD_ORD_203;PROD_45;1;1
CORD_ORD_203;PROD_47;1;1
CORD_ORD_203;PROD_49;1;1
CORD_ORD_203;PROD_8;1;1
CORD_ORD_204;PROD_1;1;1
CORD_ORD_204;PROD_10;1;1
CORD_ORD_204;PROD_12;1;1
CORD_ORD_204;PROD_16;1;1
CORD_ORD_204;PROD_17;1;1
CORD_ORD_204;PROD_18;1;1
CORD_ORD_204;PROD_2;1;1
CORD_ORD_204;PROD_21;1;1
CORD_ORD_204;PROD_26;1;1
CORD_ORD_204;PROD_3;1;1
CORD_ORD_204;PROD_31;1;1
CORD_ORD_204;PROD_36;1;1
CORD_ORD_204;PROD_4;1;1
CORD_ORD_204;PROD_41;1;1
CORD_ORD_204;PROD_46;1;1
CORD_ORD_204;PROD_48;1;1
CORD_ORD_204;PROD_5;1;1
CORD_ORD_204;PROD_6;1;1
CORD_ORD_204;PROD_7;1;1
CORD_ORD_204;PROD_8;1;1
CORD_ORD_205;PROD_10;1;1
CORD_ORD_205;PROD_11;1;1
CORD_ORD_205;PROD_16;1;1
CORD_ORD_205;PROD_17;1;1
CORD_ORD_205;PROD_22;1;1
CORD_ORD_205;PROD_25;1;1
CORD_ORD_205;PROD_27;1;1
CORD_ORD_205;PROD_29;1;1
CORD_ORD_205;PROD_31;1;1
CORD_ORD_205;PROD_32;1;1
CORD_ORD_205;PROD_43;1;1
CORD_ORD_205;PROD_47;1;1
CORD_ORD_205;PROD_48;1;1
CORD_ORD_205;PROD_50;1;1
CORD_ORD_205;PROD_8;1;1
CORD_ORD_206;PROD_1;1;1
CORD_ORD_206;PROD_12;1;1
CORD_ORD_206;PROD_18;1;1
CORD_ORD_206;PROD_19;1;1
CORD_ORD_206;PROD_2;1;1
CORD_ORD_206;PROD_21;1;1
CORD_ORD_206;PROD_22;1;1
CORD_ORD_206;PROD_25;1;1
CORD_ORD_206;PROD_3;1;1
CORD_ORD_206;PROD_30;1;1
CORD_ORD_206;PROD_32;1;1
CORD_ORD_206;PROD_33;1;1
CORD_ORD_206;PROD_36;1;1
CORD_ORD_206;PROD_4;1;1
CORD_ORD_206;PROD_40;1;1
CORD_ORD_206;PROD_41;1;1
CORD_ORD_206;PROD_43;1;1
CORD_ORD_206;PROD_44;1;1
CORD_ORD_206;PROD_47;1;1
CORD_ORD_206;PROD_50;1;1
CORD_ORD_207;PROD_1;1;1
CORD_ORD_207;PROD_11;1;1
CORD_ORD_207;PROD_12;1;1
CORD_ORD_207;PROD_18;1;1
CORD_ORD_207;PROD_2;1;1
CORD_ORD_207;PROD_21;1;1
CORD_ORD_207;PROD_24;1;1
CORD_ORD_207;PROD_26;1;1
CORD_ORD_207;PROD_27;1;1
CORD_ORD_207;PROD_29;1;1
CORD_ORD_207;PROD_3;1;1
CORD_ORD_207;PROD_36;1;1
CORD_ORD_207;PROD_37;1;1
CORD_ORD_207;PROD_4;1;1
CORD_ORD_207;PROD_41;1;1
CORD_ORD_207;PROD_42;1;1
CORD_ORD_207;PROD_46;1;1
CORD_ORD_207;PROD_6;1;1
CORD_ORD_208;PROD_1;1;1
CORD_ORD_208;PROD_11;1;1
CORD_ORD_208;PROD_27;1;1
CORD_ORD_208;PROD_29;1;1
CORD_ORD_208;PROD_3;1;1
CORD_ORD_208;PROD_32;1;1
CORD_ORD_208;PROD_36;1;1
CORD_ORD_208;PROD_43;1;1
CORD_ORD_208;PROD_47;1;1
CORD_ORD_209;PROD_10;1;1
CORD_ORD_209;PROD_11;1;1
CORD_ORD_209;PROD_16;1;1
CORD_ORD_209;PROD_17;1;1
CORD_ORD_209;PROD_19;1;1
CORD_ORD_209;PROD_22;1;1
CORD_ORD_209;PROD_25;1;1
CORD_ORD_209;PROD_27;1;1
CORD_ORD_209;PROD_29;1;1
CORD_ORD_209;PROD_31;1;1
CORD_ORD_209;PROD_32;1;1
CORD_ORD_209;PROD_33;1;1
CORD_ORD_209;PROD_43;1;1
CORD_ORD_209;PROD_44;1;1
CORD_ORD_209;PROD_47;1;1
CORD_ORD_209;PROD_48;1;1
CORD_ORD_209;PROD_50;1;1
CORD_ORD_209;PROD_8;1;1
CORD_ORD_210;PROD_1;1;1
CORD_ORD_210;PROD_10;1;1
CORD_ORD_210;PROD_13;1;1
CORD_ORD_210;PROD_16;1;1
CORD_ORD_210;PROD_20;1;1
CORD_ORD_210;PROD_3;1;1
CORD_ORD_210;PROD_35;1;1
CORD_ORD_210;PROD_36;1;1
CORD_ORD_210;PROD_38;1;1
CORD_ORD_210;PROD_39;1;1
CORD_ORD_210;PROD_8;1;1
CORD_ORD_211;PROD_10;1;1
CORD_ORD_211;PROD_16;1;1
CORD_ORD_211;PROD_17;1;1
CORD_ORD_211;PROD_20;1;1
CORD_ORD_211;PROD_30;1;1
CORD_ORD_211;PROD_31;1;1
CORD_ORD_211;PROD_35;1;1
CORD_ORD_211;PROD_39;1;1
CORD_ORD_211;PROD_40;1;1
CORD_ORD_211;PROD_48;1;1
CORD_ORD_211;PROD_8;1;1
CORD_ORD_212;PROD_10;1;1
CORD_ORD_212;PROD_11;1;1
CORD_ORD_212;PROD_14;1;1
CORD_ORD_212;PROD_16;1;1
CORD_ORD_212;PROD_17;1;1
CORD_ORD_212;PROD_18;1;1
CORD_ORD_212;PROD_19;1;1
CORD_ORD_212;PROD_2;1;1
CORD_ORD_212;PROD_23;1;1
CORD_ORD_212;PROD_27;1;1
CORD_ORD_212;PROD_28;1;1
CORD_ORD_212;PROD_29;1;1
CORD_ORD_212;PROD_31;1;1
CORD_ORD_212;PROD_33;1;1
CORD_ORD_212;PROD_41;1;1
CORD_ORD_212;PROD_44;1;1
CORD_ORD_212;PROD_45;1;1
CORD_ORD_212;PROD_48;1;1
CORD_ORD_212;PROD_8;1;1
CORD_ORD_212;PROD_9;1;1
CORD_ORD_213;PROD_10;1;1
CORD_ORD_213;PROD_11;1;1
CORD_ORD_213;PROD_15;1;1
CORD_ORD_213;PROD_16;1;1
CORD_ORD_213;PROD_17;1;1
CORD_ORD_213;PROD_19;1;1
CORD_ORD_213;PROD_22;1;1
CORD_ORD_213;PROD_25;1;1
CORD_ORD_213;PROD_27;1;1
CORD_ORD_213;PROD_29;1;1
CORD_ORD_213;PROD_31;1;1
CORD_ORD_213;PROD_32;1;1
CORD_ORD_213;PROD_33;1;1
CORD_ORD_213;PROD_34;1;1
CORD_ORD_213;PROD_43;1;1
CORD_ORD_213;PROD_44;1;1
CORD_ORD_213;PROD_47;1;1
CORD_ORD_213;PROD_48;1;1
CORD_ORD_213;PROD_49;1;1
CORD_ORD_213;PROD_50;1;1
CORD_ORD_213;PROD_8;1;1
CORD_ORD_214;PROD_11;1;1
CORD_ORD_214;PROD_12;1;1
CORD_ORD_214;PROD_13;1;1
CORD_ORD_214;PROD_14;1;1
CORD_ORD_214;PROD_18;1;1
CORD_ORD_214;PROD_19;1;1
CORD_ORD_214;PROD_2;1;1
CORD_ORD_214;PROD_20;1;1
CORD_ORD_214;PROD_21;1;1
CORD_ORD_214;PROD_24;1;1
CORD_ORD_214;PROD_27;1;1
CORD_ORD_214;PROD_28;1;1
CORD_ORD_214;PROD_29;1;1
CORD_ORD_214;PROD_33;1;1
CORD_ORD_214;PROD_35;1;1
CORD_ORD_214;PROD_37;1;1
CORD_ORD_214;PROD_38;1;1
CORD_ORD_214;PROD_39;1;1
CORD_ORD_214;PROD_4;1;1
CORD_ORD_214;PROD_41;1;1
CORD_ORD_214;PROD_42;1;1
CORD_ORD_214;PROD_44;1;1
CORD_ORD_214;PROD_9;1;1
CORD_ORD_215;PROD_14;1;1
CORD_ORD_215;PROD_17;1;1
CORD_ORD_215;PROD_18;1;1
CORD_ORD_215;PROD_2;1;1
CORD_ORD_215;PROD_20;1;1
CORD_ORD_215;PROD_22;1;1
CORD_ORD_215;PROD_24;1;1
CORD_ORD_215;PROD_25;1;1
CORD_ORD_215;PROD_26;1;1
CORD_ORD_215;PROD_28;1;1
CORD_ORD_215;PROD_30;1;1
CORD_ORD_215;PROD_31;1;1
CORD_ORD_215;PROD_35;1;1
CORD_ORD_215;PROD_37;1;1
CORD_ORD_215;PROD_39;1;1
CORD_ORD_215;PROD_40;1;1
CORD_ORD_215;PROD_41;1;1
CORD_ORD_215;PROD_42;1;1
CORD_ORD_215;PROD_46;1;1
CORD_ORD_215;PROD_48;1;1
CORD_ORD_215;PROD_50;1;1
CORD_ORD_215;PROD_6;1;1
CORD_ORD_215;PROD_9;1;1
CORD_ORD_216;PROD_10;1;1
CORD_ORD_216;PROD_13;1;1
CORD_ORD_216;PROD_15;1;1
CORD_ORD_216;PROD_16;1;1
CORD_ORD_216;PROD_34;1;1
CORD_ORD_216;PROD_38;1;1
CORD_ORD_216;PROD_49;1;1
CORD_ORD_216;PROD_8;1;1
CORD_ORD_217;PROD_1;1;1
CORD_ORD_217;PROD_11;1;1
CORD_ORD_217;PROD_15;1;1
CORD_ORD_217;PROD_17;1;1
CORD_ORD_217;PROD_22;1;1
CORD_ORD_217;PROD_25;1;1
CORD_ORD_217;PROD_26;1;1
CORD_ORD_217;PROD_27;1;1
CORD_ORD_217;PROD_29;1;1
CORD_ORD_217;PROD_3;1;1
CORD_ORD_217;PROD_31;1;1
CORD_ORD_217;PROD_32;1;1
CORD_ORD_217;PROD_34;1;1
CORD_ORD_217;PROD_36;1;1
CORD_ORD_217;PROD_43;1;1
CORD_ORD_217;PROD_46;1;1
CORD_ORD_217;PROD_47;1;1
CORD_ORD_217;PROD_48;1;1
CORD_ORD_217;PROD_49;1;1
CORD_ORD_217;PROD_50;1;1
CORD_ORD_217;PROD_6;1;1
CORD_ORD_218;PROD_1;1;1
CORD_ORD_218;PROD_15;1;1
CORD_ORD_218;PROD_17;1;1
CORD_ORD_218;PROD_18;1;1
CORD_ORD_218;PROD_19;1;1
CORD_ORD_218;PROD_2;1;1
CORD_ORD_218;PROD_24;1;1
CORD_ORD_218;PROD_3;1;1
CORD_ORD_218;PROD_31;1;1
CORD_ORD_218;PROD_32;1;1
CORD_ORD_218;PROD_33;1;1
CORD_ORD_218;PROD_34;1;1
CORD_ORD_218;PROD_36;1;1
CORD_ORD_218;PROD_37;1;1
CORD_ORD_218;PROD_41;1;1
CORD_ORD_218;PROD_42;1;1
CORD_ORD_218;PROD_43;1;1
CORD_ORD_218;PROD_44;1;1
CORD_ORD_218;PROD_47;1;1
CORD_ORD_218;PROD_48;1;1
CORD_ORD_218;PROD_49;1;1
CORD_ORD_219;PROD_1;1;1
CORD_ORD_219;PROD_10;1;1
CORD_ORD_219;PROD_11;1;1
CORD_ORD_219;PROD_14;1;1
CORD_ORD_219;PROD_15;1;1
CORD_ORD_219;PROD_16;1;1
CORD_ORD_219;PROD_17;1;1
CORD_ORD_219;PROD_20;1;1
CORD_ORD_219;PROD_22;1;1
CORD_ORD_219;PROD_25;1;1
CORD_ORD_219;PROD_26;1;1
CORD_ORD_219;PROD_27;1;1
CORD_ORD_219;PROD_28;1;1
CORD_ORD_219;PROD_29;1;1
CORD_ORD_219;PROD_3;1;1
CORD_ORD_219;PROD_31;1;1
CORD_ORD_219;PROD_34;1;1
CORD_ORD_219;PROD_35;1;1
CORD_ORD_219;PROD_36;1;1
CORD_ORD_219;PROD_39;1;1
CORD_ORD_219;PROD_46;1;1
CORD_ORD_219;PROD_48;1;1
CORD_ORD_219;PROD_49;1;1
CORD_ORD_219;PROD_50;1;1
CORD_ORD_219;PROD_6;1;1
CORD_ORD_219;PROD_8;1;1
CORD_ORD_219;PROD_9;1;1
CORD_ORD_220;PROD_10;1;1
CORD_ORD_220;PROD_11;1;1
CORD_ORD_220;PROD_16;1;1
CORD_ORD_220;PROD_17;1;1
CORD_ORD_220;PROD_18;1;1
CORD_ORD_220;PROD_2;1;1
CORD_ORD_220;PROD_24;1;1
CORD_ORD_220;PROD_26;1;1
CORD_ORD_220;PROD_27;1;1
CORD_ORD_220;PROD_29;1;1
CORD_ORD_220;PROD_31;1;1
CORD_ORD_220;PROD_37;1;1
CORD_ORD_220;PROD_41;1;1
CORD_ORD_220;PROD_42;1;1
CORD_ORD_220;PROD_46;1;1
CORD_ORD_220;PROD_48;1;1
CORD_ORD_220;PROD_6;1;1
CORD_ORD_220;PROD_8;1;1
CORD_ORD_221;PROD_10;1;1
CORD_ORD_221;PROD_14;1;1
CORD_ORD_221;PROD_16;1;1
CORD_ORD_221;PROD_17;1;1
CORD_ORD_221;PROD_18;1;1
CORD_ORD_221;PROD_19;1;1
CORD_ORD_221;PROD_2;1;1
CORD_ORD_221;PROD_24;1;1
CORD_ORD_221;PROD_26;1;1
CORD_ORD_221;PROD_28;1;1
CORD_ORD_221;PROD_31;1;1
CORD_ORD_221;PROD_32;1;1
CORD_ORD_221;PROD_33;1;1
CORD_ORD_221;PROD_37;1;1
CORD_ORD_221;PROD_41;1;1
CORD_ORD_221;PROD_42;1;1
CORD_ORD_221;PROD_43;1;1
CORD_ORD_221;PROD_44;1;1
CORD_ORD_221;PROD_46;1;1
CORD_ORD_221;PROD_47;1;1
CORD_ORD_221;PROD_48;1;1
CORD_ORD_221;PROD_6;1;1
CORD_ORD_221;PROD_8;1;1
CORD_ORD_221;PROD_9;1;1
CORD_ORD_222;PROD_1;1;1
CORD_ORD_222;PROD_10;1;1
CORD_ORD_222;PROD_11;1;1
CORD_ORD_222;PROD_14;1;1
CORD_ORD_222;PROD_16;1;1
CORD_ORD_222;PROD_19;1;1
CORD_ORD_222;PROD_20;1;1
CORD_ORD_222;PROD_22;1;1
CORD_ORD_222;PROD_25;1;1
CORD_ORD_222;PROD_27;1;1
CORD_ORD_222;PROD_28;1;1
CORD_ORD_222;PROD_29;1;1
CORD_ORD_222;PROD_3;1;1
CORD_ORD_222;PROD_33;1;1
CORD_ORD_222;PROD_35;1;1
CORD_ORD_222;PROD_36;1;1
CORD_ORD_222;PROD_39;1;1
CORD_ORD_222;PROD_44;1;1
CORD_ORD_222;PROD_50;1;1
CORD_ORD_222;PROD_8;1;1
CORD_ORD_222;PROD_9;1;1
CORD_ORD_223;PROD_1;1;1
CORD_ORD_223;PROD_12;1;1
CORD_ORD_223;PROD_14;1;1
CORD_ORD_223;PROD_20;1;1
CORD_ORD_223;PROD_21;1;1
CORD_ORD_223;PROD_24;1;1
CORD_ORD_223;PROD_26;1;1
CORD_ORD_223;PROD_28;1;1
CORD_ORD_223;PROD_3;1;1
CORD_ORD_223;PROD_30;1;1
CORD_ORD_223;PROD_35;1;1
CORD_ORD_223;PROD_36;1;1
CORD_ORD_223;PROD_37;1;1
CORD_ORD_223;PROD_39;1;1
CORD_ORD_223;PROD_4;1;1
CORD_ORD_223;PROD_40;1;1
CORD_ORD_223;PROD_42;1;1
CORD_ORD_223;PROD_46;1;1
CORD_ORD_223;PROD_6;1;1
CORD_ORD_223;PROD_9;1;1
CORD_ORD_224;PROD_11;1;1
CORD_ORD_224;PROD_15;1;1
CORD_ORD_224;PROD_17;1;1
CORD_ORD_224;PROD_27;1;1
CORD_ORD_224;PROD_29;1;1
CORD_ORD_224;PROD_31;1;1
CORD_ORD_224;PROD_32;1;1
CORD_ORD_224;PROD_34;1;1
CORD_ORD_224;PROD_43;1;1
CORD_ORD_224;PROD_47;1;1
CORD_ORD_224;PROD_48;1;1
CORD_ORD_224;PROD_49;1;1
CORD_ORD_225;PROD_11;1;1
CORD_ORD_225;PROD_14;1;1
CORD_ORD_225;PROD_17;1;1
CORD_ORD_225;PROD_18;1;1
CORD_ORD_225;PROD_2;1;1
CORD_ORD_225;PROD_20;1;1
CORD_ORD_225;PROD_23;1;1
CORD_ORD_225;PROD_24;1;1
CORD_ORD_225;PROD_27;1;1
CORD_ORD_225;PROD_28;1;1
CORD_ORD_225;PROD_29;1;1
CORD_ORD_225;PROD_31;1;1
CORD_ORD_225;PROD_35;1;1
CORD_ORD_225;PROD_37;1;1
CORD_ORD_225;PROD_39;1;1
CORD_ORD_225;PROD_41;1;1
CORD_ORD_225;PROD_42;1;1
CORD_ORD_225;PROD_45;1;1
CORD_ORD_225;PROD_48;1;1
CORD_ORD_225;PROD_5;1;1
CORD_ORD_225;PROD_7;1;1
CORD_ORD_225;PROD_9;1;1
CORD_ORD_226;PROD_10;1;1
CORD_ORD_226;PROD_12;1;1
CORD_ORD_226;PROD_16;1;1
CORD_ORD_226;PROD_19;1;1
CORD_ORD_226;PROD_21;1;1
CORD_ORD_226;PROD_23;1;1
CORD_ORD_226;PROD_24;1;1
CORD_ORD_226;PROD_26;1;1
CORD_ORD_226;PROD_33;1;1
CORD_ORD_226;PROD_37;1;1
CORD_ORD_226;PROD_4;1;1
CORD_ORD_226;PROD_42;1;1
CORD_ORD_226;PROD_44;1;1
CORD_ORD_226;PROD_45;1;1
CORD_ORD_226;PROD_46;1;1
CORD_ORD_226;PROD_6;1;1
CORD_ORD_226;PROD_8;1;1
CORD_ORD_227;PROD_10;1;1
CORD_ORD_227;PROD_12;1;1
CORD_ORD_227;PROD_14;1;1
CORD_ORD_227;PROD_16;1;1
CORD_ORD_227;PROD_21;1;1
CORD_ORD_227;PROD_22;1;1
CORD_ORD_227;PROD_23;1;1
CORD_ORD_227;PROD_25;1;1
CORD_ORD_227;PROD_26;1;1
CORD_ORD_227;PROD_28;1;1
CORD_ORD_227;PROD_30;1;1
CORD_ORD_227;PROD_32;1;1
CORD_ORD_227;PROD_4;1;1
CORD_ORD_227;PROD_40;1;1
CORD_ORD_227;PROD_43;1;1
CORD_ORD_227;PROD_45;1;1
CORD_ORD_227;PROD_46;1;1
CORD_ORD_227;PROD_47;1;1
CORD_ORD_227;PROD_50;1;1
CORD_ORD_227;PROD_6;1;1
CORD_ORD_227;PROD_8;1;1
CORD_ORD_227;PROD_9;1;1
CORD_ORD_228;PROD_12;1;1
CORD_ORD_228;PROD_13;1;1
CORD_ORD_228;PROD_15;1;1
CORD_ORD_228;PROD_18;1;1
CORD_ORD_228;PROD_19;1;1
CORD_ORD_228;PROD_2;1;1
CORD_ORD_228;PROD_21;1;1
CORD_ORD_228;PROD_22;1;1
CORD_ORD_228;PROD_23;1;1
CORD_ORD_228;PROD_25;1;1
CORD_ORD_228;PROD_33;1;1
CORD_ORD_228;PROD_34;1;1
CORD_ORD_228;PROD_38;1;1
CORD_ORD_228;PROD_4;1;1
CORD_ORD_228;PROD_41;1;1
CORD_ORD_228;PROD_44;1;1
CORD_ORD_228;PROD_45;1;1
CORD_ORD_228;PROD_49;1;1
CORD_ORD_228;PROD_50;1;1
CORD_ORD_229;PROD_1;1;1
CORD_ORD_229;PROD_10;1;1
CORD_ORD_229;PROD_11;1;1
CORD_ORD_229;PROD_16;1;1
CORD_ORD_229;PROD_26;1;1
CORD_ORD_229;PROD_27;1;1
CORD_ORD_229;PROD_29;1;1
CORD_ORD_229;PROD_3;1;1
CORD_ORD_229;PROD_32;1;1
CORD_ORD_229;PROD_36;1;1
CORD_ORD_229;PROD_43;1;1
CORD_ORD_229;PROD_46;1;1
CORD_ORD_229;PROD_47;1;1
CORD_ORD_229;PROD_6;1;1
CORD_ORD_229;PROD_8;1;1
CORD_ORD_230;PROD_1;1;1
CORD_ORD_230;PROD_17;1;1
CORD_ORD_230;PROD_18;1;1
CORD_ORD_230;PROD_19;1;1
CORD_ORD_230;PROD_2;1;1
CORD_ORD_230;PROD_22;1;1
CORD_ORD_230;PROD_23;1;1
CORD_ORD_230;PROD_24;1;1
CORD_ORD_230;PROD_25;1;1
CORD_ORD_230;PROD_3;1;1
CORD_ORD_230;PROD_30;1;1
CORD_ORD_230;PROD_31;1;1
CORD_ORD_230;PROD_32;1;1
CORD_ORD_230;PROD_33;1;1
CORD_ORD_230;PROD_36;1;1
CORD_ORD_230;PROD_37;1;1
CORD_ORD_230;PROD_40;1;1
CORD_ORD_230;PROD_41;1;1
CORD_ORD_230;PROD_42;1;1
CORD_ORD_230;PROD_43;1;1
CORD_ORD_230;PROD_44;1;1
CORD_ORD_230;PROD_45;1;1
CORD_ORD_230;PROD_47;1;1
CORD_ORD_230;PROD_48;1;1
CORD_ORD_230;PROD_50;1;1
CORD_ORD_231;PROD_11;1;1
CORD_ORD_231;PROD_14;1;1
CORD_ORD_231;PROD_15;1;1
CORD_ORD_231;PROD_17;1;1
CORD_ORD_231;PROD_18;1;1
CORD_ORD_231;PROD_19;1;1
CORD_ORD_231;PROD_2;1;1
CORD_ORD_231;PROD_23;1;1
CORD_ORD_231;PROD_26;1;1
CORD_ORD_231;PROD_27;1;1
CORD_ORD_231;PROD_28;1;1
CORD_ORD_231;PROD_29;1;1
CORD_ORD_231;PROD_31;1;1
CORD_ORD_231;PROD_32;1;1
CORD_ORD_231;PROD_33;1;1
CORD_ORD_231;PROD_34;1;1
CORD_ORD_231;PROD_41;1;1
CORD_ORD_231;PROD_43;1;1
CORD_ORD_231;PROD_44;1;1
CORD_ORD_231;PROD_45;1;1
CORD_ORD_231;PROD_46;1;1
CORD_ORD_231;PROD_47;1;1
CORD_ORD_231;PROD_48;1;1
CORD_ORD_231;PROD_49;1;1
CORD_ORD_231;PROD_6;1;1
CORD_ORD_231;PROD_9;1;1
CORD_ORD_232;PROD_1;1;1
CORD_ORD_232;PROD_10;1;1
CORD_ORD_232;PROD_11;1;1
CORD_ORD_232;PROD_12;1;1
CORD_ORD_232;PROD_13;1;1
CORD_ORD_232;PROD_16;1;1
CORD_ORD_232;PROD_17;1;1
CORD_ORD_232;PROD_18;1;1
CORD_ORD_232;PROD_19;1;1
CORD_ORD_232;PROD_2;1;1
CORD_ORD_232;PROD_21;1;1
CORD_ORD_232;PROD_24;1;1
CORD_ORD_232;PROD_26;1;1
CORD_ORD_232;PROD_27;1;1
CORD_ORD_232;PROD_29;1;1
CORD_ORD_232;PROD_3;1;1
CORD_ORD_232;PROD_31;1;1
CORD_ORD_232;PROD_33;1;1
CORD_ORD_232;PROD_36;1;1
CORD_ORD_232;PROD_37;1;1
CORD_ORD_232;PROD_38;1;1
CORD_ORD_232;PROD_4;1;1
CORD_ORD_232;PROD_41;1;1
CORD_ORD_232;PROD_42;1;1
CORD_ORD_232;PROD_44;1;1
CORD_ORD_232;PROD_46;1;1
CORD_ORD_232;PROD_48;1;1
CORD_ORD_232;PROD_6;1;1
CORD_ORD_232;PROD_8;1;1
CORD_ORD_233;PROD_10;1;1
CORD_ORD_233;PROD_13;1;1
CORD_ORD_233;PROD_14;1;1
CORD_ORD_233;PROD_15;1;1
CORD_ORD_233;PROD_16;1;1
CORD_ORD_233;PROD_17;1;1
CORD_ORD_233;PROD_18;1;1
CORD_ORD_233;PROD_2;1;1
CORD_ORD_233;PROD_26;1;1
CORD_ORD_233;PROD_28;1;1
CORD_ORD_233;PROD_31;1;1
CORD_ORD_233;PROD_32;1;1
CORD_ORD_233;PROD_34;1;1
CORD_ORD_233;PROD_38;1;1
CORD_ORD_233;PROD_41;1;1
CORD_ORD_233;PROD_43;1;1
CORD_ORD_233;PROD_46;1;1
CORD_ORD_233;PROD_47;1;1
CORD_ORD_233;PROD_48;1;1
CORD_ORD_233;PROD_49;1;1
CORD_ORD_233;PROD_6;1;1
CORD_ORD_233;PROD_8;1;1
CORD_ORD_233;PROD_9;1;1
CORD_ORD_234;PROD_11;1;1
CORD_ORD_234;PROD_19;1;1
CORD_ORD_234;PROD_23;1;1
CORD_ORD_234;PROD_27;1;1
CORD_ORD_234;PROD_29;1;1
CORD_ORD_234;PROD_33;1;1
CORD_ORD_234;PROD_44;1;1
CORD_ORD_234;PROD_45;1;1
CORD_ORD_235;PROD_1;1;1
CORD_ORD_235;PROD_10;1;1
CORD_ORD_235;PROD_11;1;1
CORD_ORD_235;PROD_16;1;1
CORD_ORD_235;PROD_17;1;1
CORD_ORD_235;PROD_20;1;1
CORD_ORD_235;PROD_27;1;1
CORD_ORD_235;PROD_29;1;1
CORD_ORD_235;PROD_3;1;1
CORD_ORD_235;PROD_31;1;1
CORD_ORD_235;PROD_32;1;1
CORD_ORD_235;PROD_35;1;1
CORD_ORD_235;PROD_36;1;1
CORD_ORD_235;PROD_39;1;1
CORD_ORD_235;PROD_43;1;1
CORD_ORD_235;PROD_47;1;1
CORD_ORD_235;PROD_48;1;1
CORD_ORD_235;PROD_8;1;1
CORD_ORD_236;PROD_1;1;1
CORD_ORD_236;PROD_10;1;1
CORD_ORD_236;PROD_13;1;1
CORD_ORD_236;PROD_14;1;1
CORD_ORD_236;PROD_16;1;1
CORD_ORD_236;PROD_17;1;1
CORD_ORD_236;PROD_22;1;1
CORD_ORD_236;PROD_24;1;1
CORD_ORD_236;PROD_25;1;1
CORD_ORD_236;PROD_28;1;1
CORD_ORD_236;PROD_3;1;1
CORD_ORD_236;PROD_31;1;1
CORD_ORD_236;PROD_36;1;1
CORD_ORD_236;PROD_37;1;1
CORD_ORD_236;PROD_38;1;1
CORD_ORD_236;PROD_42;1;1
CORD_ORD_236;PROD_48;1;1
CORD_ORD_236;PROD_5;1;1
CORD_ORD_236;PROD_50;1;1
CORD_ORD_236;PROD_7;1;1
CORD_ORD_236;PROD_8;1;1
CORD_ORD_236;PROD_9;1;1
CORD_ORD_237;PROD_1;1;1
CORD_ORD_237;PROD_10;1;1
CORD_ORD_237;PROD_15;1;1
CORD_ORD_237;PROD_16;1;1
CORD_ORD_237;PROD_19;1;1
CORD_ORD_237;PROD_26;1;1
CORD_ORD_237;PROD_3;1;1
CORD_ORD_237;PROD_33;1;1
CORD_ORD_237;PROD_34;1;1
CORD_ORD_237;PROD_36;1;1
CORD_ORD_237;PROD_44;1;1
CORD_ORD_237;PROD_46;1;1
CORD_ORD_237;PROD_49;1;1
CORD_ORD_237;PROD_6;1;1
CORD_ORD_237;PROD_8;1;1
CORD_ORD_238;PROD_10;1;1
CORD_ORD_238;PROD_14;1;1
CORD_ORD_238;PROD_16;1;1
CORD_ORD_238;PROD_17;1;1
CORD_ORD_238;PROD_20;1;1
CORD_ORD_238;PROD_22;1;1
CORD_ORD_238;PROD_25;1;1
CORD_ORD_238;PROD_28;1;1
CORD_ORD_238;PROD_31;1;1
CORD_ORD_238;PROD_35;1;1
CORD_ORD_238;PROD_39;1;1
CORD_ORD_238;PROD_48;1;1
CORD_ORD_238;PROD_50;1;1
CORD_ORD_238;PROD_8;1;1
CORD_ORD_238;PROD_9;1;1
CORD_ORD_239;PROD_1;1;1
CORD_ORD_239;PROD_3;1;1
CORD_ORD_239;PROD_32;1;1
CORD_ORD_239;PROD_36;1;1
CORD_ORD_239;PROD_43;1;1
CORD_ORD_239;PROD_47;1;1
CORD_ORD_240;PROD_1;1;1
CORD_ORD_240;PROD_10;1;1
CORD_ORD_240;PROD_11;1;1
CORD_ORD_240;PROD_15;1;1
CORD_ORD_240;PROD_16;1;1
CORD_ORD_240;PROD_22;1;1
CORD_ORD_240;PROD_23;1;1
CORD_ORD_240;PROD_25;1;1
CORD_ORD_240;PROD_27;1;1
CORD_ORD_240;PROD_29;1;1
CORD_ORD_240;PROD_3;1;1
CORD_ORD_240;PROD_30;1;1
CORD_ORD_240;PROD_32;1;1
CORD_ORD_240;PROD_34;1;1
CORD_ORD_240;PROD_36;1;1
CORD_ORD_240;PROD_40;1;1
CORD_ORD_240;PROD_43;1;1
CORD_ORD_240;PROD_45;1;1
CORD_ORD_240;PROD_47;1;1
CORD_ORD_240;PROD_49;1;1
CORD_ORD_240;PROD_50;1;1
CORD_ORD_240;PROD_8;1;1
CORD_ORD_241;PROD_10;1;1
CORD_ORD_241;PROD_14;1;1
CORD_ORD_241;PROD_16;1;1
CORD_ORD_241;PROD_17;1;1
CORD_ORD_241;PROD_18;1;1
CORD_ORD_241;PROD_2;1;1
CORD_ORD_241;PROD_20;1;1
CORD_ORD_241;PROD_26;1;1
CORD_ORD_241;PROD_28;1;1
CORD_ORD_241;PROD_31;1;1
CORD_ORD_241;PROD_35;1;1
CORD_ORD_241;PROD_39;1;1
CORD_ORD_241;PROD_41;1;1
CORD_ORD_241;PROD_46;1;1
CORD_ORD_241;PROD_48;1;1
CORD_ORD_241;PROD_6;1;1
CORD_ORD_241;PROD_8;1;1
CORD_ORD_241;PROD_9;1;1
CORD_ORD_242;PROD_10;1;1
CORD_ORD_242;PROD_12;1;1
CORD_ORD_242;PROD_13;1;1
CORD_ORD_242;PROD_15;1;1
CORD_ORD_242;PROD_16;1;1
CORD_ORD_242;PROD_21;1;1
CORD_ORD_242;PROD_30;1;1
CORD_ORD_242;PROD_34;1;1
CORD_ORD_242;PROD_38;1;1
CORD_ORD_242;PROD_4;1;1
CORD_ORD_242;PROD_40;1;1
CORD_ORD_242;PROD_49;1;1
CORD_ORD_242;PROD_8;1;1
CORD_ORD_243;PROD_1;1;1
CORD_ORD_243;PROD_10;1;1
CORD_ORD_243;PROD_11;1;1
CORD_ORD_243;PROD_14;1;1
CORD_ORD_243;PROD_15;1;1
CORD_ORD_243;PROD_16;1;1
CORD_ORD_243;PROD_17;1;1
CORD_ORD_243;PROD_18;1;1
CORD_ORD_243;PROD_2;1;1
CORD_ORD_243;PROD_22;1;1
CORD_ORD_243;PROD_25;1;1
CORD_ORD_243;PROD_26;1;1
CORD_ORD_243;PROD_27;1;1
CORD_ORD_243;PROD_28;1;1
CORD_ORD_243;PROD_29;1;1
CORD_ORD_243;PROD_3;1;1
CORD_ORD_243;PROD_31;1;1
CORD_ORD_243;PROD_32;1;1
CORD_ORD_243;PROD_34;1;1
CORD_ORD_243;PROD_36;1;1
CORD_ORD_243;PROD_41;1;1
CORD_ORD_243;PROD_43;1;1
CORD_ORD_243;PROD_46;1;1
CORD_ORD_243;PROD_47;1;1
CORD_ORD_243;PROD_48;1;1
CORD_ORD_243;PROD_49;1;1
CORD_ORD_243;PROD_50;1;1
CORD_ORD_243;PROD_6;1;1
CORD_ORD_243;PROD_8;1;1
CORD_ORD_243;PROD_9;1;1
CORD_ORD_244;PROD_12;1;1
CORD_ORD_244;PROD_14;1;1
CORD_ORD_244;PROD_15;1;1
CORD_ORD_244;PROD_17;1;1
CORD_ORD_244;PROD_18;1;1
CORD_ORD_244;PROD_19;1;1
CORD_ORD_244;PROD_2;1;1
CORD_ORD_244;PROD_21;1;1
CORD_ORD_244;PROD_24;1;1
CORD_ORD_244;PROD_26;1;1
CORD_ORD_244;PROD_28;1;1
CORD_ORD_244;PROD_31;1;1
CORD_ORD_244;PROD_33;1;1
CORD_ORD_244;PROD_34;1;1
CORD_ORD_244;PROD_37;1;1
CORD_ORD_244;PROD_4;1;1
CORD_ORD_244;PROD_41;1;1
CORD_ORD_244;PROD_42;1;1
CORD_ORD_244;PROD_44;1;1
CORD_ORD_244;PROD_46;1;1
CORD_ORD_244;PROD_48;1;1
CORD_ORD_244;PROD_49;1;1
CORD_ORD_244;PROD_6;1;1
CORD_ORD_244;PROD_9;1;1
CORD_ORD_245;PROD_10;1;1
CORD_ORD_245;PROD_11;1;1
CORD_ORD_245;PROD_12;1;1
CORD_ORD_245;PROD_13;1;1
CORD_ORD_245;PROD_15;1;1
CORD_ORD_245;PROD_16;1;1
CORD_ORD_245;PROD_19;1;1
CORD_ORD_245;PROD_21;1;1
CORD_ORD_245;PROD_23;1;1
CORD_ORD_245;PROD_27;1;1
CORD_ORD_245;PROD_29;1;1
CORD_ORD_245;PROD_32;1;1
CORD_ORD_245;PROD_33;1;1
CORD_ORD_245;PROD_34;1;1
CORD_ORD_245;PROD_38;1;1
CORD_ORD_245;PROD_4;1;1
CORD_ORD_245;PROD_43;1;1
CORD_ORD_245;PROD_44;1;1
CORD_ORD_245;PROD_45;1;1
CORD_ORD_245;PROD_47;1;1
CORD_ORD_245;PROD_49;1;1
CORD_ORD_245;PROD_8;1;1
CORD_ORD_246;PROD_1;1;1
CORD_ORD_246;PROD_11;1;1
CORD_ORD_246;PROD_19;1;1
CORD_ORD_246;PROD_22;1;1
CORD_ORD_246;PROD_24;1;1
CORD_ORD_246;PROD_25;1;1
CORD_ORD_246;PROD_27;1;1
CORD_ORD_246;PROD_29;1;1
CORD_ORD_246;PROD_3;1;1
CORD_ORD_246;PROD_32;1;1
CORD_ORD_246;PROD_33;1;1
CORD_ORD_246;PROD_36;1;1
CORD_ORD_246;PROD_37;1;1
CORD_ORD_246;PROD_42;1;1
CORD_ORD_246;PROD_43;1;1
CORD_ORD_246;PROD_44;1;1
CORD_ORD_246;PROD_47;1;1
CORD_ORD_246;PROD_50;1;1
CORD_ORD_247;PROD_12;1;1
CORD_ORD_247;PROD_15;1;1
CORD_ORD_247;PROD_18;1;1
CORD_ORD_247;PROD_2;1;1
CORD_ORD_247;PROD_20;1;1
CORD_ORD_247;PROD_21;1;1
CORD_ORD_247;PROD_23;1;1
CORD_ORD_247;PROD_24;1;1
CORD_ORD_247;PROD_26;1;1
CORD_ORD_247;PROD_34;1;1
CORD_ORD_247;PROD_35;1;1
CORD_ORD_247;PROD_37;1;1
CORD_ORD_247;PROD_39;1;1
CORD_ORD_247;PROD_4;1;1
CORD_ORD_247;PROD_41;1;1
CORD_ORD_247;PROD_42;1;1
CORD_ORD_247;PROD_45;1;1
CORD_ORD_247;PROD_46;1;1
CORD_ORD_247;PROD_49;1;1
CORD_ORD_247;PROD_6;1;1
CORD_ORD_248;PROD_12;1;1
CORD_ORD_248;PROD_13;1;1
CORD_ORD_248;PROD_21;1;1
CORD_ORD_248;PROD_32;1;1
CORD_ORD_248;PROD_38;1;1
CORD_ORD_248;PROD_4;1;1
CORD_ORD_248;PROD_43;1;1
CORD_ORD_248;PROD_47;1;1
CORD_ORD_249;PROD_15;1;1
CORD_ORD_249;PROD_17;1;1
CORD_ORD_249;PROD_18;1;1
CORD_ORD_249;PROD_2;1;1
CORD_ORD_249;PROD_22;1;1
CORD_ORD_249;PROD_25;1;1
CORD_ORD_249;PROD_26;1;1
CORD_ORD_249;PROD_31;1;1
CORD_ORD_249;PROD_34;1;1
CORD_ORD_249;PROD_41;1;1
CORD_ORD_249;PROD_46;1;1
CORD_ORD_249;PROD_48;1;1
CORD_ORD_249;PROD_49;1;1
CORD_ORD_249;PROD_50;1;1
CORD_ORD_249;PROD_6;1;1
CORD_ORD_250;PROD_1;1;1
CORD_ORD_250;PROD_11;1;1
CORD_ORD_250;PROD_13;1;1
CORD_ORD_250;PROD_14;1;1
CORD_ORD_250;PROD_17;1;1
CORD_ORD_250;PROD_18;1;1
CORD_ORD_250;PROD_19;1;1
CORD_ORD_250;PROD_2;1;1
CORD_ORD_250;PROD_23;1;1
CORD_ORD_250;PROD_24;1;1
CORD_ORD_250;PROD_27;1;1
CORD_ORD_250;PROD_28;1;1
CORD_ORD_250;PROD_29;1;1
CORD_ORD_250;PROD_3;1;1
CORD_ORD_250;PROD_31;1;1
CORD_ORD_250;PROD_32;1;1
CORD_ORD_250;PROD_33;1;1
CORD_ORD_250;PROD_36;1;1
CORD_ORD_250;PROD_37;1;1
CORD_ORD_250;PROD_38;1;1
CORD_ORD_250;PROD_41;1;1
CORD_ORD_250;PROD_42;1;1
CORD_ORD_250;PROD_43;1;1
CORD_ORD_250;PROD_44;1;1
CORD_ORD_250;PROD_45;1;1
CORD_ORD_250;PROD_47;1;1
CORD_ORD_250;PROD_48;1;1
CORD_ORD_250;PROD_9;1;1
CORD_ORD_251;PROD_1;1;1
CORD_ORD_251;PROD_11;1;1
CORD_ORD_251;PROD_12;1;1
CORD_ORD_251;PROD_13;1;1
CORD_ORD_251;PROD_21;1;1
CORD_ORD_251;PROD_27;1;1
CORD_ORD_251;PROD_29;1;1
CORD_ORD_251;PROD_3;1;1
CORD_ORD_251;PROD_32;1;1
CORD_ORD_251;PROD_36;1;1
CORD_ORD_251;PROD_38;1;1
CORD_ORD_251;PROD_4;1;1
CORD_ORD_251;PROD_43;1;1
CORD_ORD_251;PROD_47;1;1
CORD_ORD_252;PROD_10;1;1
CORD_ORD_252;PROD_11;1;1
CORD_ORD_252;PROD_15;1;1
CORD_ORD_252;PROD_16;1;1
CORD_ORD_252;PROD_18;1;1
CORD_ORD_252;PROD_2;1;1
CORD_ORD_252;PROD_20;1;1
CORD_ORD_252;PROD_24;1;1
CORD_ORD_252;PROD_27;1;1
CORD_ORD_252;PROD_29;1;1
CORD_ORD_252;PROD_34;1;1
CORD_ORD_252;PROD_35;1;1
CORD_ORD_252;PROD_37;1;1
CORD_ORD_252;PROD_39;1;1
CORD_ORD_252;PROD_41;1;1
CORD_ORD_252;PROD_42;1;1
CORD_ORD_252;PROD_49;1;1
CORD_ORD_252;PROD_5;1;1
CORD_ORD_252;PROD_7;1;1
CORD_ORD_252;PROD_8;1;1
CORD_ORD_253;PROD_11;1;1
CORD_ORD_253;PROD_12;1;1
CORD_ORD_253;PROD_15;1;1
CORD_ORD_253;PROD_17;1;1
CORD_ORD_253;PROD_19;1;1
CORD_ORD_253;PROD_20;1;1
CORD_ORD_253;PROD_21;1;1
CORD_ORD_253;PROD_22;1;1
CORD_ORD_253;PROD_23;1;1
CORD_ORD_253;PROD_24;1;1
CORD_ORD_253;PROD_25;1;1
CORD_ORD_253;PROD_27;1;1
CORD_ORD_253;PROD_29;1;1
CORD_ORD_253;PROD_31;1;1
CORD_ORD_253;PROD_33;1;1
CORD_ORD_253;PROD_34;1;1
CORD_ORD_253;PROD_35;1;1
CORD_ORD_253;PROD_37;1;1
CORD_ORD_253;PROD_39;1;1
CORD_ORD_253;PROD_4;1;1
CORD_ORD_253;PROD_42;1;1
CORD_ORD_253;PROD_44;1;1
CORD_ORD_253;PROD_45;1;1
CORD_ORD_253;PROD_48;1;1
CORD_ORD_253;PROD_49;1;1
CORD_ORD_253;PROD_50;1;1
CORD_ORD_254;PROD_1;1;1
CORD_ORD_254;PROD_11;1;1
CORD_ORD_254;PROD_13;1;1
CORD_ORD_254;PROD_15;1;1
CORD_ORD_254;PROD_17;1;1
CORD_ORD_254;PROD_18;1;1
CORD_ORD_254;PROD_2;1;1
CORD_ORD_254;PROD_22;1;1
CORD_ORD_254;PROD_23;1;1
CORD_ORD_254;PROD_25;1;1
CORD_ORD_254;PROD_27;1;1
CORD_ORD_254;PROD_29;1;1
CORD_ORD_254;PROD_3;1;1
CORD_ORD_254;PROD_30;1;1
CORD_ORD_254;PROD_31;1;1
CORD_ORD_254;PROD_34;1;1
CORD_ORD_254;PROD_36;1;1
CORD_ORD_254;PROD_38;1;1
CORD_ORD_254;PROD_40;1;1
CORD_ORD_254;PROD_41;1;1
CORD_ORD_254;PROD_45;1;1
CORD_ORD_254;PROD_48;1;1
CORD_ORD_254;PROD_49;1;1
CORD_ORD_254;PROD_5;1;1
CORD_ORD_254;PROD_50;1;1
CORD_ORD_254;PROD_7;1;1
CORD_ORD_255;PROD_1;1;1
CORD_ORD_255;PROD_10;1;1
CORD_ORD_255;PROD_11;1;1
CORD_ORD_255;PROD_16;1;1
CORD_ORD_255;PROD_26;1;1
CORD_ORD_255;PROD_27;1;1
CORD_ORD_255;PROD_29;1;1
CORD_ORD_255;PROD_3;1;1
CORD_ORD_255;PROD_36;1;1
CORD_ORD_255;PROD_46;1;1
CORD_ORD_255;PROD_6;1;1
CORD_ORD_255;PROD_8;1;1
CORD_ORD_256;PROD_10;1;1
CORD_ORD_256;PROD_16;1;1
CORD_ORD_256;PROD_17;1;1
CORD_ORD_256;PROD_18;1;1
CORD_ORD_256;PROD_19;1;1
CORD_ORD_256;PROD_2;1;1
CORD_ORD_256;PROD_20;1;1
CORD_ORD_256;PROD_22;1;1
CORD_ORD_256;PROD_24;1;1
CORD_ORD_256;PROD_25;1;1
CORD_ORD_256;PROD_31;1;1
CORD_ORD_256;PROD_33;1;1
CORD_ORD_256;PROD_35;1;1
CORD_ORD_256;PROD_37;1;1
CORD_ORD_256;PROD_39;1;1
CORD_ORD_256;PROD_41;1;1
CORD_ORD_256;PROD_42;1;1
CORD_ORD_256;PROD_44;1;1
CORD_ORD_256;PROD_48;1;1
CORD_ORD_256;PROD_50;1;1
CORD_ORD_256;PROD_8;1;1
CORD_ORD_257;PROD_11;1;1
CORD_ORD_257;PROD_12;1;1
CORD_ORD_257;PROD_13;1;1
CORD_ORD_257;PROD_15;1;1
CORD_ORD_257;PROD_17;1;1
CORD_ORD_257;PROD_21;1;1
CORD_ORD_257;PROD_22;1;1
CORD_ORD_257;PROD_25;1;1
CORD_ORD_257;PROD_26;1;1
CORD_ORD_257;PROD_27;1;1
CORD_ORD_257;PROD_29;1;1
CORD_ORD_257;PROD_31;1;1
CORD_ORD_257;PROD_34;1;1
CORD_ORD_257;PROD_38;1;1
CORD_ORD_257;PROD_4;1;1
CORD_ORD_257;PROD_46;1;1
CORD_ORD_257;PROD_48;1;1
CORD_ORD_257;PROD_49;1;1
CORD_ORD_257;PROD_50;1;1
CORD_ORD_257;PROD_6;1;1
CORD_ORD_258;PROD_1;1;1
CORD_ORD_258;PROD_10;1;1
CORD_ORD_258;PROD_11;1;1
CORD_ORD_258;PROD_16;1;1
CORD_ORD_258;PROD_22;1;1
CORD_ORD_258;PROD_25;1;1
CORD_ORD_258;PROD_27;1;1
CORD_ORD_258;PROD_29;1;1
CORD_ORD_258;PROD_3;1;1
CORD_ORD_258;PROD_32;1;1
CORD_ORD_258;PROD_36;1;1
CORD_ORD_258;PROD_43;1;1
CORD_ORD_258;PROD_47;1;1
CORD_ORD_258;PROD_50;1;1
CORD_ORD_258;PROD_8;1;1
CORD_ORD_259;PROD_12;1;1
CORD_ORD_259;PROD_14;1;1
CORD_ORD_259;PROD_19;1;1
CORD_ORD_259;PROD_20;1;1
CORD_ORD_259;PROD_21;1;1
CORD_ORD_259;PROD_28;1;1
CORD_ORD_259;PROD_30;1;1
CORD_ORD_259;PROD_32;1;1
CORD_ORD_259;PROD_33;1;1
CORD_ORD_259;PROD_35;1;1
CORD_ORD_259;PROD_39;1;1
CORD_ORD_259;PROD_4;1;1
CORD_ORD_259;PROD_40;1;1
CORD_ORD_259;PROD_43;1;1
CORD_ORD_259;PROD_44;1;1
CORD_ORD_259;PROD_47;1;1
CORD_ORD_259;PROD_9;1;1
CORD_ORD_260;PROD_11;1;1
CORD_ORD_260;PROD_17;1;1
CORD_ORD_260;PROD_27;1;1
CORD_ORD_260;PROD_29;1;1
CORD_ORD_260;PROD_31;1;1
CORD_ORD_260;PROD_32;1;1
CORD_ORD_260;PROD_43;1;1
CORD_ORD_260;PROD_47;1;1
CORD_ORD_260;PROD_48;1;1
CORD_ORD_261;PROD_10;1;1
CORD_ORD_261;PROD_11;1;1
CORD_ORD_261;PROD_13;1;1
CORD_ORD_261;PROD_14;1;1
CORD_ORD_261;PROD_16;1;1
CORD_ORD_261;PROD_17;1;1
CORD_ORD_261;PROD_18;1;1
CORD_ORD_261;PROD_19;1;1
CORD_ORD_261;PROD_2;1;1
CORD_ORD_261;PROD_22;1;1
CORD_ORD_261;PROD_25;1;1
CORD_ORD_261;PROD_26;1;1
CORD_ORD_261;PROD_27;1;1
CORD_ORD_261;PROD_28;1;1
CORD_ORD_261;PROD_29;1;1
CORD_ORD_261;PROD_31;1;1
CORD_ORD_261;PROD_33;1;1
CORD_ORD_261;PROD_38;1;1
CORD_ORD_261;PROD_41;1;1
CORD_ORD_261;PROD_44;1;1
CORD_ORD_261;PROD_46;1;1
CORD_ORD_261;PROD_48;1;1
CORD_ORD_261;PROD_50;1;1
CORD_ORD_261;PROD_6;1;1
CORD_ORD_261;PROD_8;1;1
CORD_ORD_261;PROD_9;1;1
CORD_ORD_262;PROD_1;1;1
CORD_ORD_262;PROD_10;1;1
CORD_ORD_262;PROD_11;1;1
CORD_ORD_262;PROD_12;1;1
CORD_ORD_262;PROD_16;1;1
CORD_ORD_262;PROD_18;1;1
CORD_ORD_262;PROD_19;1;1
CORD_ORD_262;PROD_2;1;1
CORD_ORD_262;PROD_20;1;1
CORD_ORD_262;PROD_21;1;1
CORD_ORD_262;PROD_22;1;1
CORD_ORD_262;PROD_25;1;1
CORD_ORD_262;PROD_27;1;1
CORD_ORD_262;PROD_29;1;1
CORD_ORD_262;PROD_3;1;1
CORD_ORD_262;PROD_30;1;1
CORD_ORD_262;PROD_32;1;1
CORD_ORD_262;PROD_33;1;1
CORD_ORD_262;PROD_35;1;1
CORD_ORD_262;PROD_36;1;1
CORD_ORD_262;PROD_39;1;1
CORD_ORD_262;PROD_4;1;1
CORD_ORD_262;PROD_40;1;1
CORD_ORD_262;PROD_41;1;1
CORD_ORD_262;PROD_43;1;1
CORD_ORD_262;PROD_44;1;1
CORD_ORD_262;PROD_47;1;1
CORD_ORD_262;PROD_50;1;1
CORD_ORD_262;PROD_8;1;1
CORD_ORD_263;PROD_1;1;1
CORD_ORD_263;PROD_10;1;1
CORD_ORD_263;PROD_11;1;1
CORD_ORD_263;PROD_16;1;1
CORD_ORD_263;PROD_22;1;1
CORD_ORD_263;PROD_25;1;1
CORD_ORD_263;PROD_27;1;1
CORD_ORD_263;PROD_29;1;1
CORD_ORD_263;PROD_3;1;1
CORD_ORD_263;PROD_36;1;1
CORD_ORD_263;PROD_50;1;1
CORD_ORD_263;PROD_8;1;1
CORD_ORD_264;PROD_1;1;1
CORD_ORD_264;PROD_10;1;1
CORD_ORD_264;PROD_16;1;1
CORD_ORD_264;PROD_18;1;1
CORD_ORD_264;PROD_2;1;1
CORD_ORD_264;PROD_24;1;1
CORD_ORD_264;PROD_26;1;1
CORD_ORD_264;PROD_3;1;1
CORD_ORD_264;PROD_36;1;1
CORD_ORD_264;PROD_37;1;1
CORD_ORD_264;PROD_41;1;1
CORD_ORD_264;PROD_42;1;1
CORD_ORD_264;PROD_46;1;1
CORD_ORD_264;PROD_6;1;1
CORD_ORD_264;PROD_8;1;1
CORD_ORD_265;PROD_1;1;1
CORD_ORD_265;PROD_10;1;1
CORD_ORD_265;PROD_14;1;1
CORD_ORD_265;PROD_16;1;1
CORD_ORD_265;PROD_20;1;1
CORD_ORD_265;PROD_26;1;1
CORD_ORD_265;PROD_28;1;1
CORD_ORD_265;PROD_3;1;1
CORD_ORD_265;PROD_35;1;1
CORD_ORD_265;PROD_36;1;1
CORD_ORD_265;PROD_39;1;1
CORD_ORD_265;PROD_46;1;1
CORD_ORD_265;PROD_6;1;1
CORD_ORD_265;PROD_8;1;1
CORD_ORD_265;PROD_9;1;1
CORD_ORD_266;PROD_10;1;1
CORD_ORD_266;PROD_12;1;1
CORD_ORD_266;PROD_16;1;1
CORD_ORD_266;PROD_17;1;1
CORD_ORD_266;PROD_19;1;1
CORD_ORD_266;PROD_21;1;1
CORD_ORD_266;PROD_22;1;1
CORD_ORD_266;PROD_25;1;1
CORD_ORD_266;PROD_31;1;1
CORD_ORD_266;PROD_33;1;1
CORD_ORD_266;PROD_4;1;1
CORD_ORD_266;PROD_44;1;1
CORD_ORD_266;PROD_48;1;1
CORD_ORD_266;PROD_50;1;1
CORD_ORD_266;PROD_8;1;1
CORD_ORD_267;PROD_12;1;1
CORD_ORD_267;PROD_13;1;1
CORD_ORD_267;PROD_15;1;1
CORD_ORD_267;PROD_17;1;1
CORD_ORD_267;PROD_18;1;1
CORD_ORD_267;PROD_19;1;1
CORD_ORD_267;PROD_2;1;1
CORD_ORD_267;PROD_20;1;1
CORD_ORD_267;PROD_21;1;1
CORD_ORD_267;PROD_26;1;1
CORD_ORD_267;PROD_31;1;1
CORD_ORD_267;PROD_33;1;1
CORD_ORD_267;PROD_34;1;1
CORD_ORD_267;PROD_35;1;1
CORD_ORD_267;PROD_38;1;1
CORD_ORD_267;PROD_39;1;1
CORD_ORD_267;PROD_4;1;1
CORD_ORD_267;PROD_41;1;1
CORD_ORD_267;PROD_44;1;1
CORD_ORD_267;PROD_46;1;1
CORD_ORD_267;PROD_48;1;1
CORD_ORD_267;PROD_49;1;1
CORD_ORD_267;PROD_6;1;1
CORD_ORD_268;PROD_12;1;1
CORD_ORD_268;PROD_15;1;1
CORD_ORD_268;PROD_20;1;1
CORD_ORD_268;PROD_21;1;1
CORD_ORD_268;PROD_22;1;1
CORD_ORD_268;PROD_25;1;1
CORD_ORD_268;PROD_26;1;1
CORD_ORD_268;PROD_32;1;1
CORD_ORD_268;PROD_34;1;1
CORD_ORD_268;PROD_35;1;1
CORD_ORD_268;PROD_39;1;1
CORD_ORD_268;PROD_4;1;1
CORD_ORD_268;PROD_43;1;1
CORD_ORD_268;PROD_46;1;1
CORD_ORD_268;PROD_47;1;1
CORD_ORD_268;PROD_49;1;1
CORD_ORD_268;PROD_50;1;1
CORD_ORD_268;PROD_6;1;1
CORD_ORD_269;PROD_1;1;1
CORD_ORD_269;PROD_10;1;1
CORD_ORD_269;PROD_11;1;1
CORD_ORD_269;PROD_13;1;1
CORD_ORD_269;PROD_16;1;1
CORD_ORD_269;PROD_18;1;1
CORD_ORD_269;PROD_2;1;1
CORD_ORD_269;PROD_20;1;1
CORD_ORD_269;PROD_22;1;1
CORD_ORD_269;PROD_25;1;1
CORD_ORD_269;PROD_27;1;1
CORD_ORD_269;PROD_29;1;1
CORD_ORD_269;PROD_3;1;1
CORD_ORD_269;PROD_35;1;1
CORD_ORD_269;PROD_36;1;1
CORD_ORD_269;PROD_38;1;1
CORD_ORD_269;PROD_39;1;1
CORD_ORD_269;PROD_41;1;1
CORD_ORD_269;PROD_50;1;1
CORD_ORD_269;PROD_8;1;1
CORD_ORD_270;PROD_1;1;1
CORD_ORD_270;PROD_11;1;1
CORD_ORD_270;PROD_12;1;1
CORD_ORD_270;PROD_15;1;1
CORD_ORD_270;PROD_17;1;1
CORD_ORD_270;PROD_18;1;1
CORD_ORD_270;PROD_19;1;1
CORD_ORD_270;PROD_2;1;1
CORD_ORD_270;PROD_21;1;1
CORD_ORD_270;PROD_23;1;1
CORD_ORD_270;PROD_24;1;1
CORD_ORD_270;PROD_27;1;1
CORD_ORD_270;PROD_29;1;1
CORD_ORD_270;PROD_3;1;1
CORD_ORD_270;PROD_31;1;1
CORD_ORD_270;PROD_33;1;1
CORD_ORD_270;PROD_34;1;1
CORD_ORD_270;PROD_36;1;1
CORD_ORD_270;PROD_37;1;1
CORD_ORD_270;PROD_4;1;1
CORD_ORD_270;PROD_41;1;1
CORD_ORD_270;PROD_42;1;1
CORD_ORD_270;PROD_44;1;1
CORD_ORD_270;PROD_45;1;1
CORD_ORD_270;PROD_48;1;1
CORD_ORD_270;PROD_49;1;1
CORD_ORD_270;PROD_5;1;1
CORD_ORD_270;PROD_7;1;1
CORD_ORD_271;PROD_1;1;1
CORD_ORD_271;PROD_10;1;1
CORD_ORD_271;PROD_12;1;1
CORD_ORD_271;PROD_14;1;1
CORD_ORD_271;PROD_16;1;1
CORD_ORD_271;PROD_20;1;1
CORD_ORD_271;PROD_21;1;1
CORD_ORD_271;PROD_24;1;1
CORD_ORD_271;PROD_26;1;1
CORD_ORD_271;PROD_28;1;1
CORD_ORD_271;PROD_3;1;1
CORD_ORD_271;PROD_30;1;1
CORD_ORD_271;PROD_32;1;1
CORD_ORD_271;PROD_35;1;1
CORD_ORD_271;PROD_36;1;1
CORD_ORD_271;PROD_37;1;1
CORD_ORD_271;PROD_39;1;1
CORD_ORD_271;PROD_4;1;1
CORD_ORD_271;PROD_40;1;1
CORD_ORD_271;PROD_42;1;1
CORD_ORD_271;PROD_43;1;1
CORD_ORD_271;PROD_46;1;1
CORD_ORD_271;PROD_47;1;1
CORD_ORD_271;PROD_6;1;1
CORD_ORD_271;PROD_8;1;1
CORD_ORD_271;PROD_9;1;1
CORD_ORD_272;PROD_10;1;1
CORD_ORD_272;PROD_12;1;1
CORD_ORD_272;PROD_13;1;1
CORD_ORD_272;PROD_14;1;1
CORD_ORD_272;PROD_15;1;1
CORD_ORD_272;PROD_16;1;1
CORD_ORD_272;PROD_17;1;1
CORD_ORD_272;PROD_19;1;1
CORD_ORD_272;PROD_20;1;1
CORD_ORD_272;PROD_21;1;1
CORD_ORD_272;PROD_28;1;1
CORD_ORD_272;PROD_31;1;1
CORD_ORD_272;PROD_33;1;1
CORD_ORD_272;PROD_34;1;1
CORD_ORD_272;PROD_35;1;1
CORD_ORD_272;PROD_38;1;1
CORD_ORD_272;PROD_39;1;1
CORD_ORD_272;PROD_4;1;1
CORD_ORD_272;PROD_44;1;1
CORD_ORD_272;PROD_48;1;1
CORD_ORD_272;PROD_49;1;1
CORD_ORD_272;PROD_5;1;1
CORD_ORD_272;PROD_7;1;1
CORD_ORD_272;PROD_8;1;1
CORD_ORD_272;PROD_9;1;1
CORD_ORD_273;PROD_14;1;1
CORD_ORD_273;PROD_17;1;1
CORD_ORD_273;PROD_18;1;1
CORD_ORD_273;PROD_2;1;1
CORD_ORD_273;PROD_22;1;1
CORD_ORD_273;PROD_25;1;1
CORD_ORD_273;PROD_26;1;1
CORD_ORD_273;PROD_28;1;1
CORD_ORD_273;PROD_31;1;1
CORD_ORD_273;PROD_41;1;1
CORD_ORD_273;PROD_46;1;1
CORD_ORD_273;PROD_48;1;1
CORD_ORD_273;PROD_50;1;1
CORD_ORD_273;PROD_6;1;1
CORD_ORD_273;PROD_9;1;1
CORD_ORD_274;PROD_10;1;1
CORD_ORD_274;PROD_11;1;1
CORD_ORD_274;PROD_12;1;1
CORD_ORD_274;PROD_13;1;1
CORD_ORD_274;PROD_14;1;1
CORD_ORD_274;PROD_15;1;1
CORD_ORD_274;PROD_16;1;1
CORD_ORD_274;PROD_21;1;1
CORD_ORD_274;PROD_22;1;1
CORD_ORD_274;PROD_25;1;1
CORD_ORD_274;PROD_26;1;1
CORD_ORD_274;PROD_27;1;1
CORD_ORD_274;PROD_28;1;1
CORD_ORD_274;PROD_29;1;1
CORD_ORD_274;PROD_32;1;1
CORD_ORD_274;PROD_34;1;1
CORD_ORD_274;PROD_38;1;1
CORD_ORD_274;PROD_4;1;1
CORD_ORD_274;PROD_43;1;1
CORD_ORD_274;PROD_46;1;1
CORD_ORD_274;PROD_47;1;1
CORD_ORD_274;PROD_49;1;1
CORD_ORD_274;PROD_5;1;1
CORD_ORD_274;PROD_50;1;1
CORD_ORD_274;PROD_6;1;1
CORD_ORD_274;PROD_7;1;1
CORD_ORD_274;PROD_8;1;1
CORD_ORD_274;PROD_9;1;1
CORD_ORD_275;PROD_10;1;1
CORD_ORD_275;PROD_11;1;1
CORD_ORD_275;PROD_13;1;1
CORD_ORD_275;PROD_15;1;1
CORD_ORD_275;PROD_16;1;1
CORD_ORD_275;PROD_19;1;1
CORD_ORD_275;PROD_22;1;1
CORD_ORD_275;PROD_24;1;1
CORD_ORD_275;PROD_25;1;1
CORD_ORD_275;PROD_26;1;1
CORD_ORD_275;PROD_27;1;1
CORD_ORD_275;PROD_29;1;1
CORD_ORD_275;PROD_33;1;1
CORD_ORD_275;PROD_34;1;1
CORD_ORD_275;PROD_37;1;1
CORD_ORD_275;PROD_38;1;1
CORD_ORD_275;PROD_42;1;1
CORD_ORD_275;PROD_44;1;1
CORD_ORD_275;PROD_46;1;1
CORD_ORD_275;PROD_49;1;1
CORD_ORD_275;PROD_50;1;1
CORD_ORD_275;PROD_6;1;1
CORD_ORD_275;PROD_8;1;1
CORD_ORD_276;PROD_11;1;1
CORD_ORD_276;PROD_14;1;1
CORD_ORD_276;PROD_15;1;1
CORD_ORD_276;PROD_17;1;1
CORD_ORD_276;PROD_19;1;1
CORD_ORD_276;PROD_23;1;1
CORD_ORD_276;PROD_24;1;1
CORD_ORD_276;PROD_26;1;1
CORD_ORD_276;PROD_27;1;1
CORD_ORD_276;PROD_28;1;1
CORD_ORD_276;PROD_29;1;1
CORD_ORD_276;PROD_31;1;1
CORD_ORD_276;PROD_33;1;1
CORD_ORD_276;PROD_34;1;1
CORD_ORD_276;PROD_37;1;1
CORD_ORD_276;PROD_42;1;1
CORD_ORD_276;PROD_44;1;1
CORD_ORD_276;PROD_45;1;1
CORD_ORD_276;PROD_46;1;1
CORD_ORD_276;PROD_48;1;1
CORD_ORD_276;PROD_49;1;1
CORD_ORD_276;PROD_5;1;1
CORD_ORD_276;PROD_6;1;1
CORD_ORD_276;PROD_7;1;1
CORD_ORD_276;PROD_9;1;1
CORD_ORD_277;PROD_1;1;1
CORD_ORD_277;PROD_10;1;1
CORD_ORD_277;PROD_11;1;1
CORD_ORD_277;PROD_15;1;1
CORD_ORD_277;PROD_16;1;1
CORD_ORD_277;PROD_17;1;1
CORD_ORD_277;PROD_18;1;1
CORD_ORD_277;PROD_19;1;1
CORD_ORD_277;PROD_2;1;1
CORD_ORD_277;PROD_20;1;1
CORD_ORD_277;PROD_27;1;1
CORD_ORD_277;PROD_29;1;1
CORD_ORD_277;PROD_3;1;1
CORD_ORD_277;PROD_31;1;1
CORD_ORD_277;PROD_33;1;1
CORD_ORD_277;PROD_34;1;1
CORD_ORD_277;PROD_35;1;1
CORD_ORD_277;PROD_36;1;1
CORD_ORD_277;PROD_39;1;1
CORD_ORD_277;PROD_41;1;1
CORD_ORD_277;PROD_44;1;1
CORD_ORD_277;PROD_48;1;1
CORD_ORD_277;PROD_49;1;1
CORD_ORD_277;PROD_5;1;1
CORD_ORD_277;PROD_7;1;1
CORD_ORD_277;PROD_8;1;1
CORD_ORD_278;PROD_1;1;1
CORD_ORD_278;PROD_10;1;1
CORD_ORD_278;PROD_11;1;1
CORD_ORD_278;PROD_12;1;1
CORD_ORD_278;PROD_13;1;1
CORD_ORD_278;PROD_15;1;1
CORD_ORD_278;PROD_16;1;1
CORD_ORD_278;PROD_19;1;1
CORD_ORD_278;PROD_20;1;1
CORD_ORD_278;PROD_21;1;1
CORD_ORD_278;PROD_22;1;1
CORD_ORD_278;PROD_25;1;1
CORD_ORD_278;PROD_26;1;1
CORD_ORD_278;PROD_27;1;1
CORD_ORD_278;PROD_29;1;1
CORD_ORD_278;PROD_3;1;1
CORD_ORD_278;PROD_32;1;1
CORD_ORD_278;PROD_33;1;1
CORD_ORD_278;PROD_34;1;1
CORD_ORD_278;PROD_35;1;1
CORD_ORD_278;PROD_36;1;1
CORD_ORD_278;PROD_38;1;1
CORD_ORD_278;PROD_39;1;1
CORD_ORD_278;PROD_4;1;1
CORD_ORD_278;PROD_43;1;1
CORD_ORD_278;PROD_44;1;1
CORD_ORD_278;PROD_46;1;1
CORD_ORD_278;PROD_47;1;1
CORD_ORD_278;PROD_49;1;1
CORD_ORD_278;PROD_50;1;1
CORD_ORD_278;PROD_6;1;1
CORD_ORD_278;PROD_8;1;1
CORD_ORD_279;PROD_1;1;1
CORD_ORD_279;PROD_10;1;1
CORD_ORD_279;PROD_11;1;1
CORD_ORD_279;PROD_14;1;1
CORD_ORD_279;PROD_15;1;1
CORD_ORD_279;PROD_16;1;1
CORD_ORD_279;PROD_17;1;1
CORD_ORD_279;PROD_19;1;1
CORD_ORD_279;PROD_22;1;1
CORD_ORD_279;PROD_24;1;1
CORD_ORD_279;PROD_25;1;1
CORD_ORD_279;PROD_27;1;1
CORD_ORD_279;PROD_28;1;1
CORD_ORD_279;PROD_29;1;1
CORD_ORD_279;PROD_3;1;1
CORD_ORD_279;PROD_31;1;1
CORD_ORD_279;PROD_33;1;1
CORD_ORD_279;PROD_34;1;1
CORD_ORD_279;PROD_36;1;1
CORD_ORD_279;PROD_37;1;1
CORD_ORD_279;PROD_42;1;1
CORD_ORD_279;PROD_44;1;1
CORD_ORD_279;PROD_48;1;1
CORD_ORD_279;PROD_49;1;1
CORD_ORD_279;PROD_50;1;1
CORD_ORD_279;PROD_8;1;1
CORD_ORD_279;PROD_9;1;1
CORD_ORD_280;PROD_1;1;1
CORD_ORD_280;PROD_10;1;1
CORD_ORD_280;PROD_16;1;1
CORD_ORD_280;PROD_17;1;1
CORD_ORD_280;PROD_18;1;1
CORD_ORD_280;PROD_19;1;1
CORD_ORD_280;PROD_2;1;1
CORD_ORD_280;PROD_20;1;1
CORD_ORD_280;PROD_22;1;1
CORD_ORD_280;PROD_24;1;1
CORD_ORD_280;PROD_25;1;1
CORD_ORD_280;PROD_3;1;1
CORD_ORD_280;PROD_30;1;1
CORD_ORD_280;PROD_31;1;1
CORD_ORD_280;PROD_33;1;1
CORD_ORD_280;PROD_35;1;1
CORD_ORD_280;PROD_36;1;1
CORD_ORD_280;PROD_37;1;1
CORD_ORD_280;PROD_39;1;1
CORD_ORD_280;PROD_40;1;1
CORD_ORD_280;PROD_41;1;1
CORD_ORD_280;PROD_42;1;1
CORD_ORD_280;PROD_44;1;1
CORD_ORD_280;PROD_48;1;1
CORD_ORD_280;PROD_50;1;1
CORD_ORD_280;PROD_8;1;1
CORD_ORD_281;PROD_10;1;1
CORD_ORD_281;PROD_13;1;1
CORD_ORD_281;PROD_16;1;1
CORD_ORD_281;PROD_17;1;1
CORD_ORD_281;PROD_19;1;1
CORD_ORD_281;PROD_20;1;1
CORD_ORD_281;PROD_24;1;1
CORD_ORD_281;PROD_30;1;1
CORD_ORD_281;PROD_31;1;1
CORD_ORD_281;PROD_33;1;1
CORD_ORD_281;PROD_35;1;1
CORD_ORD_281;PROD_37;1;1
CORD_ORD_281;PROD_38;1;1
CORD_ORD_281;PROD_39;1;1
CORD_ORD_281;PROD_40;1;1
CORD_ORD_281;PROD_42;1;1
CORD_ORD_281;PROD_44;1;1
CORD_ORD_281;PROD_48;1;1
CORD_ORD_281;PROD_5;1;1
CORD_ORD_281;PROD_7;1;1
CORD_ORD_281;PROD_8;1;1
CORD_ORD_282;PROD_1;1;1
CORD_ORD_282;PROD_10;1;1
CORD_ORD_282;PROD_13;1;1
CORD_ORD_282;PROD_16;1;1
CORD_ORD_282;PROD_19;1;1
CORD_ORD_282;PROD_20;1;1
CORD_ORD_282;PROD_24;1;1
CORD_ORD_282;PROD_3;1;1
CORD_ORD_282;PROD_33;1;1
CORD_ORD_282;PROD_35;1;1
CORD_ORD_282;PROD_36;1;1
CORD_ORD_282;PROD_37;1;1
CORD_ORD_282;PROD_38;1;1
CORD_ORD_282;PROD_39;1;1
CORD_ORD_282;PROD_42;1;1
CORD_ORD_282;PROD_44;1;1
CORD_ORD_282;PROD_8;1;1
CORD_ORD_283;PROD_1;1;1
CORD_ORD_283;PROD_10;1;1
CORD_ORD_283;PROD_13;1;1
CORD_ORD_283;PROD_16;1;1
CORD_ORD_283;PROD_17;1;1
CORD_ORD_283;PROD_20;1;1
CORD_ORD_283;PROD_22;1;1
CORD_ORD_283;PROD_25;1;1
CORD_ORD_283;PROD_3;1;1
CORD_ORD_283;PROD_31;1;1
CORD_ORD_283;PROD_35;1;1
CORD_ORD_283;PROD_36;1;1
CORD_ORD_283;PROD_38;1;1
CORD_ORD_283;PROD_39;1;1
CORD_ORD_283;PROD_48;1;1
CORD_ORD_283;PROD_50;1;1
CORD_ORD_283;PROD_8;1;1
CORD_ORD_284;PROD_1;1;1
CORD_ORD_284;PROD_10;1;1
CORD_ORD_284;PROD_13;1;1
CORD_ORD_284;PROD_14;1;1
CORD_ORD_284;PROD_15;1;1
CORD_ORD_284;PROD_16;1;1
CORD_ORD_284;PROD_19;1;1
CORD_ORD_284;PROD_20;1;1
CORD_ORD_284;PROD_22;1;1
CORD_ORD_284;PROD_25;1;1
CORD_ORD_284;PROD_28;1;1
CORD_ORD_284;PROD_3;1;1
CORD_ORD_284;PROD_32;1;1
CORD_ORD_284;PROD_33;1;1
CORD_ORD_284;PROD_34;1;1
CORD_ORD_284;PROD_35;1;1
CORD_ORD_284;PROD_36;1;1
CORD_ORD_284;PROD_38;1;1
CORD_ORD_284;PROD_39;1;1
CORD_ORD_284;PROD_43;1;1
CORD_ORD_284;PROD_44;1;1
CORD_ORD_284;PROD_47;1;1
CORD_ORD_284;PROD_49;1;1
CORD_ORD_284;PROD_50;1;1
CORD_ORD_284;PROD_8;1;1
CORD_ORD_284;PROD_9;1;1
CORD_ORD_285;PROD_1;1;1
CORD_ORD_285;PROD_10;1;1
CORD_ORD_285;PROD_11;1;1
CORD_ORD_285;PROD_12;1;1
CORD_ORD_285;PROD_13;1;1
CORD_ORD_285;PROD_14;1;1
CORD_ORD_285;PROD_16;1;1
CORD_ORD_285;PROD_19;1;1
CORD_ORD_285;PROD_20;1;1
CORD_ORD_285;PROD_21;1;1
CORD_ORD_285;PROD_23;1;1
CORD_ORD_285;PROD_27;1;1
CORD_ORD_285;PROD_28;1;1
CORD_ORD_285;PROD_29;1;1
CORD_ORD_285;PROD_3;1;1
CORD_ORD_285;PROD_33;1;1
CORD_ORD_285;PROD_35;1;1
CORD_ORD_285;PROD_36;1;1
CORD_ORD_285;PROD_38;1;1
CORD_ORD_285;PROD_39;1;1
CORD_ORD_285;PROD_4;1;1
CORD_ORD_285;PROD_44;1;1
CORD_ORD_285;PROD_45;1;1
CORD_ORD_285;PROD_8;1;1
CORD_ORD_285;PROD_9;1;1
CORD_ORD_286;PROD_11;1;1
CORD_ORD_286;PROD_13;1;1
CORD_ORD_286;PROD_14;1;1
CORD_ORD_286;PROD_18;1;1
CORD_ORD_286;PROD_19;1;1
CORD_ORD_286;PROD_2;1;1
CORD_ORD_286;PROD_23;1;1
CORD_ORD_286;PROD_24;1;1
CORD_ORD_286;PROD_27;1;1
CORD_ORD_286;PROD_28;1;1
CORD_ORD_286;PROD_29;1;1
CORD_ORD_286;PROD_33;1;1
CORD_ORD_286;PROD_37;1;1
CORD_ORD_286;PROD_38;1;1
CORD_ORD_286;PROD_41;1;1
CORD_ORD_286;PROD_42;1;1
CORD_ORD_286;PROD_44;1;1
CORD_ORD_286;PROD_45;1;1
CORD_ORD_286;PROD_9;1;1
CORD_ORD_287;PROD_1;1;1
CORD_ORD_287;PROD_10;1;1
CORD_ORD_287;PROD_11;1;1
CORD_ORD_287;PROD_14;1;1
CORD_ORD_287;PROD_16;1;1
CORD_ORD_287;PROD_20;1;1
CORD_ORD_287;PROD_26;1;1
CORD_ORD_287;PROD_27;1;1
CORD_ORD_287;PROD_28;1;1
CORD_ORD_287;PROD_29;1;1
CORD_ORD_287;PROD_3;1;1
CORD_ORD_287;PROD_35;1;1
CORD_ORD_287;PROD_36;1;1
CORD_ORD_287;PROD_39;1;1
CORD_ORD_287;PROD_46;1;1
CORD_ORD_287;PROD_6;1;1
CORD_ORD_287;PROD_8;1;1
CORD_ORD_287;PROD_9;1;1
CORD_ORD_288;PROD_15;1;1
CORD_ORD_288;PROD_17;1;1
CORD_ORD_288;PROD_18;1;1
CORD_ORD_288;PROD_2;1;1
CORD_ORD_288;PROD_22;1;1
CORD_ORD_288;PROD_25;1;1
CORD_ORD_288;PROD_26;1;1
CORD_ORD_288;PROD_31;1;1
CORD_ORD_288;PROD_34;1;1
CORD_ORD_288;PROD_41;1;1
CORD_ORD_288;PROD_46;1;1
CORD_ORD_288;PROD_48;1;1
CORD_ORD_288;PROD_49;1;1
CORD_ORD_288;PROD_50;1;1
CORD_ORD_288;PROD_6;1;1
CORD_ORD_289;PROD_12;1;1
CORD_ORD_289;PROD_13;1;1
CORD_ORD_289;PROD_17;1;1
CORD_ORD_289;PROD_21;1;1
CORD_ORD_289;PROD_22;1;1
CORD_ORD_289;PROD_23;1;1
CORD_ORD_289;PROD_25;1;1
CORD_ORD_289;PROD_31;1;1
CORD_ORD_289;PROD_32;1;1
CORD_ORD_289;PROD_38;1;1
CORD_ORD_289;PROD_4;1;1
CORD_ORD_289;PROD_43;1;1
CORD_ORD_289;PROD_45;1;1
CORD_ORD_289;PROD_47;1;1
CORD_ORD_289;PROD_48;1;1
CORD_ORD_289;PROD_5;1;1
CORD_ORD_289;PROD_50;1;1
CORD_ORD_289;PROD_7;1;1
CORD_ORD_290;PROD_10;1;1
CORD_ORD_290;PROD_12;1;1
CORD_ORD_290;PROD_14;1;1
CORD_ORD_290;PROD_16;1;1
CORD_ORD_290;PROD_18;1;1
CORD_ORD_290;PROD_19;1;1
CORD_ORD_290;PROD_2;1;1
CORD_ORD_290;PROD_20;1;1
CORD_ORD_290;PROD_21;1;1
CORD_ORD_290;PROD_23;1;1
CORD_ORD_290;PROD_26;1;1
CORD_ORD_290;PROD_28;1;1
CORD_ORD_290;PROD_32;1;1
CORD_ORD_290;PROD_33;1;1
CORD_ORD_290;PROD_35;1;1
CORD_ORD_290;PROD_39;1;1
CORD_ORD_290;PROD_4;1;1
CORD_ORD_290;PROD_41;1;1
CORD_ORD_290;PROD_43;1;1
CORD_ORD_290;PROD_44;1;1
CORD_ORD_290;PROD_45;1;1
CORD_ORD_290;PROD_46;1;1
CORD_ORD_290;PROD_47;1;1
CORD_ORD_290;PROD_6;1;1
CORD_ORD_290;PROD_8;1;1
CORD_ORD_290;PROD_9;1;1
CORD_ORD_291;PROD_10;1;1
CORD_ORD_291;PROD_14;1;1
CORD_ORD_291;PROD_16;1;1
CORD_ORD_291;PROD_20;1;1
CORD_ORD_291;PROD_22;1;1
CORD_ORD_291;PROD_23;1;1
CORD_ORD_291;PROD_24;1;1
CORD_ORD_291;PROD_25;1;1
CORD_ORD_291;PROD_28;1;1
CORD_ORD_291;PROD_30;1;1
CORD_ORD_291;PROD_32;1;1
CORD_ORD_291;PROD_35;1;1
CORD_ORD_291;PROD_37;1;1
CORD_ORD_291;PROD_39;1;1
CORD_ORD_291;PROD_40;1;1
CORD_ORD_291;PROD_42;1;1
CORD_ORD_291;PROD_43;1;1
CORD_ORD_291;PROD_45;1;1
CORD_ORD_291;PROD_47;1;1
CORD_ORD_291;PROD_50;1;1
CORD_ORD_291;PROD_8;1;1
CORD_ORD_291;PROD_9;1;1
CORD_ORD_292;PROD_1;1;1
CORD_ORD_292;PROD_10;1;1
CORD_ORD_292;PROD_12;1;1
CORD_ORD_292;PROD_16;1;1
CORD_ORD_292;PROD_17;1;1
CORD_ORD_292;PROD_18;1;1
CORD_ORD_292;PROD_19;1;1
CORD_ORD_292;PROD_2;1;1
CORD_ORD_292;PROD_21;1;1
CORD_ORD_292;PROD_22;1;1
CORD_ORD_292;PROD_24;1;1
CORD_ORD_292;PROD_25;1;1
CORD_ORD_292;PROD_26;1;1
CORD_ORD_292;PROD_3;1;1
CORD_ORD_292;PROD_31;1;1
CORD_ORD_292;PROD_33;1;1
CORD_ORD_292;PROD_36;1;1
CORD_ORD_292;PROD_37;1;1
CORD_ORD_292;PROD_4;1;1
CORD_ORD_292;PROD_41;1;1
CORD_ORD_292;PROD_42;1;1
CORD_ORD_292;PROD_44;1;1
CORD_ORD_292;PROD_46;1;1
CORD_ORD_292;PROD_48;1;1
CORD_ORD_292;PROD_5;1;1
CORD_ORD_292;PROD_50;1;1
CORD_ORD_292;PROD_6;1;1
CORD_ORD_292;PROD_7;1;1
CORD_ORD_292;PROD_8;1;1
CORD_ORD_293;PROD_1;1;1
CORD_ORD_293;PROD_10;1;1
CORD_ORD_293;PROD_13;1;1
CORD_ORD_293;PROD_16;1;1
CORD_ORD_293;PROD_20;1;1
CORD_ORD_293;PROD_22;1;1
CORD_ORD_293;PROD_25;1;1
CORD_ORD_293;PROD_3;1;1
CORD_ORD_293;PROD_30;1;1
CORD_ORD_293;PROD_35;1;1
CORD_ORD_293;PROD_36;1;1
CORD_ORD_293;PROD_38;1;1
CORD_ORD_293;PROD_39;1;1
CORD_ORD_293;PROD_40;1;1
CORD_ORD_293;PROD_50;1;1
CORD_ORD_293;PROD_8;1;1
CORD_ORD_294;PROD_11;1;1
CORD_ORD_294;PROD_19;1;1
CORD_ORD_294;PROD_23;1;1
CORD_ORD_294;PROD_27;1;1
CORD_ORD_294;PROD_29;1;1
CORD_ORD_294;PROD_33;1;1
CORD_ORD_294;PROD_44;1;1
CORD_ORD_294;PROD_45;1;1
CORD_ORD_295;PROD_1;1;1
CORD_ORD_295;PROD_10;1;1
CORD_ORD_295;PROD_13;1;1
CORD_ORD_295;PROD_16;1;1
CORD_ORD_295;PROD_20;1;1
CORD_ORD_295;PROD_3;1;1
CORD_ORD_295;PROD_35;1;1
CORD_ORD_295;PROD_36;1;1
CORD_ORD_295;PROD_38;1;1
CORD_ORD_295;PROD_39;1;1
CORD_ORD_295;PROD_8;1;1
CORD_ORD_296;PROD_1;1;1
CORD_ORD_296;PROD_10;1;1
CORD_ORD_296;PROD_16;1;1
CORD_ORD_296;PROD_18;1;1
CORD_ORD_296;PROD_19;1;1
CORD_ORD_296;PROD_2;1;1
CORD_ORD_296;PROD_24;1;1
CORD_ORD_296;PROD_26;1;1
CORD_ORD_296;PROD_3;1;1
CORD_ORD_296;PROD_32;1;1
CORD_ORD_296;PROD_33;1;1
CORD_ORD_296;PROD_36;1;1
CORD_ORD_296;PROD_37;1;1
CORD_ORD_296;PROD_41;1;1
CORD_ORD_296;PROD_42;1;1
CORD_ORD_296;PROD_43;1;1
CORD_ORD_296;PROD_44;1;1
CORD_ORD_296;PROD_46;1;1
CORD_ORD_296;PROD_47;1;1
CORD_ORD_296;PROD_6;1;1
CORD_ORD_296;PROD_8;1;1
CORD_ORD_297;PROD_1;1;1
CORD_ORD_297;PROD_10;1;1
CORD_ORD_297;PROD_11;1;1
CORD_ORD_297;PROD_16;1;1
CORD_ORD_297;PROD_18;1;1
CORD_ORD_297;PROD_2;1;1
CORD_ORD_297;PROD_20;1;1
CORD_ORD_297;PROD_22;1;1
CORD_ORD_297;PROD_24;1;1
CORD_ORD_297;PROD_25;1;1
CORD_ORD_297;PROD_26;1;1
CORD_ORD_297;PROD_27;1;1
CORD_ORD_297;PROD_29;1;1
CORD_ORD_297;PROD_3;1;1
CORD_ORD_297;PROD_30;1;1
CORD_ORD_297;PROD_35;1;1
CORD_ORD_297;PROD_36;1;1
CORD_ORD_297;PROD_37;1;1
CORD_ORD_297;PROD_39;1;1
CORD_ORD_297;PROD_40;1;1
CORD_ORD_297;PROD_41;1;1
CORD_ORD_297;PROD_42;1;1
CORD_ORD_297;PROD_46;1;1
CORD_ORD_297;PROD_5;1;1
CORD_ORD_297;PROD_50;1;1
CORD_ORD_297;PROD_6;1;1
CORD_ORD_297;PROD_7;1;1
CORD_ORD_297;PROD_8;1;1
CORD_ORD_298;PROD_12;1;1
CORD_ORD_298;PROD_13;1;1
CORD_ORD_298;PROD_14;1;1
CORD_ORD_298;PROD_17;1;1
CORD_ORD_298;PROD_19;1;1
CORD_ORD_298;PROD_21;1;1
CORD_ORD_298;PROD_28;1;1
CORD_ORD_298;PROD_31;1;1
CORD_ORD_298;PROD_33;1;1
CORD_ORD_298;PROD_38;1;1
CORD_ORD_298;PROD_4;1;1
CORD_ORD_298;PROD_44;1;1
CORD_ORD_298;PROD_48;1;1
CORD_ORD_298;PROD_9;1;1
CORD_ORD_299;PROD_1;1;1
CORD_ORD_299;PROD_11;1;1
CORD_ORD_299;PROD_13;1;1
CORD_ORD_299;PROD_18;1;1
CORD_ORD_299;PROD_19;1;1
CORD_ORD_299;PROD_2;1;1
CORD_ORD_299;PROD_24;1;1
CORD_ORD_299;PROD_26;1;1
CORD_ORD_299;PROD_27;1;1
CORD_ORD_299;PROD_29;1;1
CORD_ORD_299;PROD_3;1;1
CORD_ORD_299;PROD_32;1;1
CORD_ORD_299;PROD_33;1;1
CORD_ORD_299;PROD_36;1;1
CORD_ORD_299;PROD_37;1;1
CORD_ORD_299;PROD_38;1;1
CORD_ORD_299;PROD_41;1;1
CORD_ORD_299;PROD_42;1;1
CORD_ORD_299;PROD_43;1;1
CORD_ORD_299;PROD_44;1;1
CORD_ORD_299;PROD_46;1;1
CORD_ORD_299;PROD_47;1;1
CORD_ORD_299;PROD_5;1;1
CORD_ORD_299;PROD_6;1;1
CORD_ORD_299;PROD_7;1;1
CORD_ORD_300;PROD_1;1;1
CORD_ORD_300;PROD_15;1;1
CORD_ORD_300;PROD_19;1;1
CORD_ORD_300;PROD_20;1;1
CORD_ORD_300;PROD_3;1;1
CORD_ORD_300;PROD_32;1;1
CORD_ORD_300;PROD_33;1;1
CORD_ORD_300;PROD_34;1;1
CORD_ORD_300;PROD_35;1;1
CORD_ORD_300;PROD_36;1;1
CORD_ORD_300;PROD_39;1;1
CORD_ORD_300;PROD_43;1;1
CORD_ORD_300;PROD_44;1;1
CORD_ORD_300;PROD_47;1;1
CORD_ORD_300;PROD_49;1;1
CORD_ORD_301;PROD_10;1;1
CORD_ORD_301;PROD_12;1;1
CORD_ORD_301;PROD_13;1;1
CORD_ORD_301;PROD_14;1;1
CORD_ORD_301;PROD_16;1;1
CORD_ORD_301;PROD_19;1;1
CORD_ORD_301;PROD_20;1;1
CORD_ORD_301;PROD_21;1;1
CORD_ORD_301;PROD_28;1;1
CORD_ORD_301;PROD_33;1;1
CORD_ORD_301;PROD_35;1;1
CORD_ORD_301;PROD_38;1;1
CORD_ORD_301;PROD_39;1;1
CORD_ORD_301;PROD_4;1;1
CORD_ORD_301;PROD_44;1;1
CORD_ORD_301;PROD_8;1;1
CORD_ORD_301;PROD_9;1;1
CORD_ORD_302;PROD_1;1;1
CORD_ORD_302;PROD_10;1;1
CORD_ORD_302;PROD_13;1;1
CORD_ORD_302;PROD_14;1;1
CORD_ORD_302;PROD_16;1;1
CORD_ORD_302;PROD_18;1;1
CORD_ORD_302;PROD_2;1;1
CORD_ORD_302;PROD_20;1;1
CORD_ORD_302;PROD_22;1;1
CORD_ORD_302;PROD_25;1;1
CORD_ORD_302;PROD_28;1;1
CORD_ORD_302;PROD_3;1;1
CORD_ORD_302;PROD_35;1;1
CORD_ORD_302;PROD_36;1;1
CORD_ORD_302;PROD_38;1;1
CORD_ORD_302;PROD_39;1;1
CORD_ORD_302;PROD_41;1;1
CORD_ORD_302;PROD_5;1;1
CORD_ORD_302;PROD_50;1;1
CORD_ORD_302;PROD_7;1;1
CORD_ORD_302;PROD_8;1;1
CORD_ORD_302;PROD_9;1;1
CORD_ORD_303;PROD_12;1;1
CORD_ORD_303;PROD_15;1;1
CORD_ORD_303;PROD_17;1;1
CORD_ORD_303;PROD_21;1;1
CORD_ORD_303;PROD_22;1;1
CORD_ORD_303;PROD_23;1;1
CORD_ORD_303;PROD_25;1;1
CORD_ORD_303;PROD_26;1;1
CORD_ORD_303;PROD_31;1;1
CORD_ORD_303;PROD_34;1;1
CORD_ORD_303;PROD_4;1;1
CORD_ORD_303;PROD_45;1;1
CORD_ORD_303;PROD_46;1;1
CORD_ORD_303;PROD_48;1;1
CORD_ORD_303;PROD_49;1;1
CORD_ORD_303;PROD_50;1;1
CORD_ORD_303;PROD_6;1;1
CORD_ORD_304;PROD_10;1;1
CORD_ORD_304;PROD_11;1;1
CORD_ORD_304;PROD_12;1;1
CORD_ORD_304;PROD_16;1;1
CORD_ORD_304;PROD_21;1;1
CORD_ORD_304;PROD_27;1;1
CORD_ORD_304;PROD_29;1;1
CORD_ORD_304;PROD_4;1;1
CORD_ORD_304;PROD_5;1;1
CORD_ORD_304;PROD_7;1;1
CORD_ORD_304;PROD_8;1;1
CORD_ORD_305;PROD_1;1;1
CORD_ORD_305;PROD_10;1;1
CORD_ORD_305;PROD_16;1;1
CORD_ORD_305;PROD_19;1;1
CORD_ORD_305;PROD_24;1;1
CORD_ORD_305;PROD_26;1;1
CORD_ORD_305;PROD_3;1;1
CORD_ORD_305;PROD_33;1;1
CORD_ORD_305;PROD_36;1;1
CORD_ORD_305;PROD_37;1;1
CORD_ORD_305;PROD_42;1;1
CORD_ORD_305;PROD_44;1;1
CORD_ORD_305;PROD_46;1;1
CORD_ORD_305;PROD_6;1;1
CORD_ORD_305;PROD_8;1;1
CORD_ORD_306;PROD_10;1;1
CORD_ORD_306;PROD_11;1;1
CORD_ORD_306;PROD_14;1;1
CORD_ORD_306;PROD_16;1;1
CORD_ORD_306;PROD_17;1;1
CORD_ORD_306;PROD_18;1;1
CORD_ORD_306;PROD_2;1;1
CORD_ORD_306;PROD_20;1;1
CORD_ORD_306;PROD_24;1;1
CORD_ORD_306;PROD_26;1;1
CORD_ORD_306;PROD_27;1;1
CORD_ORD_306;PROD_28;1;1
CORD_ORD_306;PROD_29;1;1
CORD_ORD_306;PROD_30;1;1
CORD_ORD_306;PROD_31;1;1
CORD_ORD_306;PROD_35;1;1
CORD_ORD_306;PROD_37;1;1
CORD_ORD_306;PROD_39;1;1
CORD_ORD_306;PROD_40;1;1
CORD_ORD_306;PROD_41;1;1
CORD_ORD_306;PROD_42;1;1
CORD_ORD_306;PROD_46;1;1
CORD_ORD_306;PROD_48;1;1
CORD_ORD_306;PROD_6;1;1
CORD_ORD_306;PROD_8;1;1
CORD_ORD_306;PROD_9;1;1
CORD_ORD_307;PROD_10;1;1
CORD_ORD_307;PROD_11;1;1
CORD_ORD_307;PROD_12;1;1
CORD_ORD_307;PROD_13;1;1
CORD_ORD_307;PROD_15;1;1
CORD_ORD_307;PROD_16;1;1
CORD_ORD_307;PROD_17;1;1
CORD_ORD_307;PROD_18;1;1
CORD_ORD_307;PROD_2;1;1
CORD_ORD_307;PROD_20;1;1
CORD_ORD_307;PROD_21;1;1
CORD_ORD_307;PROD_26;1;1
CORD_ORD_307;PROD_27;1;1
CORD_ORD_307;PROD_29;1;1
CORD_ORD_307;PROD_31;1;1
CORD_ORD_307;PROD_34;1;1
CORD_ORD_307;PROD_35;1;1
CORD_ORD_307;PROD_38;1;1
CORD_ORD_307;PROD_39;1;1
CORD_ORD_307;PROD_4;1;1
CORD_ORD_307;PROD_41;1;1
CORD_ORD_307;PROD_46;1;1
CORD_ORD_307;PROD_48;1;1
CORD_ORD_307;PROD_49;1;1
CORD_ORD_307;PROD_6;1;1
CORD_ORD_307;PROD_8;1;1
CORD_ORD_308;PROD_10;1;1
CORD_ORD_308;PROD_11;1;1
CORD_ORD_308;PROD_12;1;1
CORD_ORD_308;PROD_13;1;1
CORD_ORD_308;PROD_14;1;1
CORD_ORD_308;PROD_15;1;1
CORD_ORD_308;PROD_16;1;1
CORD_ORD_308;PROD_17;1;1
CORD_ORD_308;PROD_18;1;1
CORD_ORD_308;PROD_2;1;1
CORD_ORD_308;PROD_21;1;1
CORD_ORD_308;PROD_22;1;1
CORD_ORD_308;PROD_24;1;1
CORD_ORD_308;PROD_25;1;1
CORD_ORD_308;PROD_26;1;1
CORD_ORD_308;PROD_27;1;1
CORD_ORD_308;PROD_28;1;1
CORD_ORD_308;PROD_29;1;1
CORD_ORD_308;PROD_31;1;1
CORD_ORD_308;PROD_34;1;1
CORD_ORD_308;PROD_37;1;1
CORD_ORD_308;PROD_38;1;1
CORD_ORD_308;PROD_4;1;1
CORD_ORD_308;PROD_41;1;1
CORD_ORD_308;PROD_42;1;1
CORD_ORD_308;PROD_46;1;1
CORD_ORD_308;PROD_48;1;1
CORD_ORD_308;PROD_49;1;1
CORD_ORD_308;PROD_50;1;1
CORD_ORD_308;PROD_6;1;1
CORD_ORD_308;PROD_8;1;1
CORD_ORD_308;PROD_9;1;1
CORD_ORD_309;PROD_19;1;1
CORD_ORD_309;PROD_20;1;1
CORD_ORD_309;PROD_26;1;1
CORD_ORD_309;PROD_32;1;1
CORD_ORD_309;PROD_33;1;1
CORD_ORD_309;PROD_35;1;1
CORD_ORD_309;PROD_39;1;1
CORD_ORD_309;PROD_43;1;1
CORD_ORD_309;PROD_44;1;1
CORD_ORD_309;PROD_46;1;1
CORD_ORD_309;PROD_47;1;1
CORD_ORD_309;PROD_6;1;1
CORD_ORD_310;PROD_1;1;1
CORD_ORD_310;PROD_10;1;1
CORD_ORD_310;PROD_16;1;1
CORD_ORD_310;PROD_26;1;1
CORD_ORD_310;PROD_3;1;1
CORD_ORD_310;PROD_36;1;1
CORD_ORD_310;PROD_46;1;1
CORD_ORD_310;PROD_6;1;1
CORD_ORD_310;PROD_8;1;1
CORD_ORD_311;PROD_1;1;1
CORD_ORD_311;PROD_11;1;1
CORD_ORD_311;PROD_12;1;1
CORD_ORD_311;PROD_13;1;1
CORD_ORD_311;PROD_18;1;1
CORD_ORD_311;PROD_2;1;1
CORD_ORD_311;PROD_21;1;1
CORD_ORD_311;PROD_26;1;1
CORD_ORD_311;PROD_27;1;1
CORD_ORD_311;PROD_29;1;1
CORD_ORD_311;PROD_3;1;1
CORD_ORD_311;PROD_30;1;1
CORD_ORD_311;PROD_36;1;1
CORD_ORD_311;PROD_38;1;1
CORD_ORD_311;PROD_4;1;1
CORD_ORD_311;PROD_40;1;1
CORD_ORD_311;PROD_41;1;1
CORD_ORD_311;PROD_46;1;1
CORD_ORD_311;PROD_5;1;1
CORD_ORD_311;PROD_6;1;1
CORD_ORD_311;PROD_7;1;1
CORD_ORD_312;PROD_11;1;1
CORD_ORD_312;PROD_12;1;1
CORD_ORD_312;PROD_13;1;1
CORD_ORD_312;PROD_18;1;1
CORD_ORD_312;PROD_19;1;1
CORD_ORD_312;PROD_2;1;1
CORD_ORD_312;PROD_20;1;1
CORD_ORD_312;PROD_21;1;1
CORD_ORD_312;PROD_24;1;1
CORD_ORD_312;PROD_27;1;1
CORD_ORD_312;PROD_29;1;1
CORD_ORD_312;PROD_30;1;1
CORD_ORD_312;PROD_33;1;1
CORD_ORD_312;PROD_35;1;1
CORD_ORD_312;PROD_37;1;1
CORD_ORD_312;PROD_38;1;1
CORD_ORD_312;PROD_39;1;1
CORD_ORD_312;PROD_4;1;1
CORD_ORD_312;PROD_40;1;1
CORD_ORD_312;PROD_41;1;1
CORD_ORD_312;PROD_42;1;1
CORD_ORD_312;PROD_44;1;1
CORD_ORD_313;PROD_1;1;1
CORD_ORD_313;PROD_12;1;1
CORD_ORD_313;PROD_14;1;1
CORD_ORD_313;PROD_21;1;1
CORD_ORD_313;PROD_22;1;1
CORD_ORD_313;PROD_25;1;1
CORD_ORD_313;PROD_28;1;1
CORD_ORD_313;PROD_3;1;1
CORD_ORD_313;PROD_30;1;1
CORD_ORD_313;PROD_36;1;1
CORD_ORD_313;PROD_4;1;1
CORD_ORD_313;PROD_40;1;1
CORD_ORD_313;PROD_50;1;1
CORD_ORD_313;PROD_9;1;1
CORD_ORD_314;PROD_10;1;1
CORD_ORD_314;PROD_13;1;1
CORD_ORD_314;PROD_15;1;1
CORD_ORD_314;PROD_16;1;1
CORD_ORD_314;PROD_17;1;1
CORD_ORD_314;PROD_31;1;1
CORD_ORD_314;PROD_34;1;1
CORD_ORD_314;PROD_38;1;1
CORD_ORD_314;PROD_48;1;1
CORD_ORD_314;PROD_49;1;1
CORD_ORD_314;PROD_8;1;1
CORD_ORD_315;PROD_1;1;1
CORD_ORD_315;PROD_10;1;1
CORD_ORD_315;PROD_12;1;1
CORD_ORD_315;PROD_14;1;1
CORD_ORD_315;PROD_16;1;1
CORD_ORD_315;PROD_17;1;1
CORD_ORD_315;PROD_18;1;1
CORD_ORD_315;PROD_19;1;1
CORD_ORD_315;PROD_2;1;1
CORD_ORD_315;PROD_20;1;1
CORD_ORD_315;PROD_21;1;1
CORD_ORD_315;PROD_22;1;1
CORD_ORD_315;PROD_24;1;1
CORD_ORD_315;PROD_25;1;1
CORD_ORD_315;PROD_28;1;1
CORD_ORD_315;PROD_3;1;1
CORD_ORD_315;PROD_31;1;1
CORD_ORD_315;PROD_33;1;1
CORD_ORD_315;PROD_35;1;1
CORD_ORD_315;PROD_36;1;1
CORD_ORD_315;PROD_37;1;1
CORD_ORD_315;PROD_39;1;1
CORD_ORD_315;PROD_4;1;1
CORD_ORD_315;PROD_41;1;1
CORD_ORD_315;PROD_42;1;1
CORD_ORD_315;PROD_44;1;1
CORD_ORD_315;PROD_48;1;1
CORD_ORD_315;PROD_5;1;1
CORD_ORD_315;PROD_50;1;1
CORD_ORD_315;PROD_7;1;1
CORD_ORD_315;PROD_8;1;1
CORD_ORD_315;PROD_9;1;1
CORD_ORD_316;PROD_10;1;1
CORD_ORD_316;PROD_11;1;1
CORD_ORD_316;PROD_14;1;1
CORD_ORD_316;PROD_16;1;1
CORD_ORD_316;PROD_17;1;1
CORD_ORD_316;PROD_19;1;1
CORD_ORD_316;PROD_23;1;1
CORD_ORD_316;PROD_27;1;1
CORD_ORD_316;PROD_28;1;1
CORD_ORD_316;PROD_29;1;1
CORD_ORD_316;PROD_31;1;1
CORD_ORD_316;PROD_33;1;1
CORD_ORD_316;PROD_44;1;1
CORD_ORD_316;PROD_45;1;1
CORD_ORD_316;PROD_48;1;1
CORD_ORD_316;PROD_8;1;1
CORD_ORD_316;PROD_9;1;1
CORD_ORD_317;PROD_14;1;1
CORD_ORD_317;PROD_17;1;1
CORD_ORD_317;PROD_18;1;1
CORD_ORD_317;PROD_2;1;1
CORD_ORD_317;PROD_24;1;1
CORD_ORD_317;PROD_26;1;1
CORD_ORD_317;PROD_28;1;1
CORD_ORD_317;PROD_30;1;1
CORD_ORD_317;PROD_31;1;1
CORD_ORD_317;PROD_37;1;1
CORD_ORD_317;PROD_40;1;1
CORD_ORD_317;PROD_41;1;1
CORD_ORD_317;PROD_42;1;1
CORD_ORD_317;PROD_46;1;1
CORD_ORD_317;PROD_48;1;1
CORD_ORD_317;PROD_6;1;1
CORD_ORD_317;PROD_9;1;1
CORD_ORD_318;PROD_13;1;1
CORD_ORD_318;PROD_14;1;1
CORD_ORD_318;PROD_15;1;1
CORD_ORD_318;PROD_17;1;1
CORD_ORD_318;PROD_18;1;1
CORD_ORD_318;PROD_19;1;1
CORD_ORD_318;PROD_2;1;1
CORD_ORD_318;PROD_26;1;1
CORD_ORD_318;PROD_28;1;1
CORD_ORD_318;PROD_30;1;1
CORD_ORD_318;PROD_31;1;1
CORD_ORD_318;PROD_33;1;1
CORD_ORD_318;PROD_34;1;1
CORD_ORD_318;PROD_38;1;1
CORD_ORD_318;PROD_40;1;1
CORD_ORD_318;PROD_41;1;1
CORD_ORD_318;PROD_44;1;1
CORD_ORD_318;PROD_46;1;1
CORD_ORD_318;PROD_48;1;1
CORD_ORD_318;PROD_49;1;1
CORD_ORD_318;PROD_6;1;1
CORD_ORD_318;PROD_9;1;1
CORD_ORD_319;PROD_12;1;1
CORD_ORD_319;PROD_15;1;1
CORD_ORD_319;PROD_17;1;1
CORD_ORD_319;PROD_18;1;1
CORD_ORD_319;PROD_2;1;1
CORD_ORD_319;PROD_21;1;1
CORD_ORD_319;PROD_22;1;1
CORD_ORD_319;PROD_25;1;1
CORD_ORD_319;PROD_26;1;1
CORD_ORD_319;PROD_31;1;1
CORD_ORD_319;PROD_34;1;1
CORD_ORD_319;PROD_4;1;1
CORD_ORD_319;PROD_41;1;1
CORD_ORD_319;PROD_46;1;1
CORD_ORD_319;PROD_48;1;1
CORD_ORD_319;PROD_49;1;1
CORD_ORD_319;PROD_50;1;1
CORD_ORD_319;PROD_6;1;1
CORD_ORD_320;PROD_1;1;1
CORD_ORD_320;PROD_11;1;1
CORD_ORD_320;PROD_14;1;1
CORD_ORD_320;PROD_15;1;1
CORD_ORD_320;PROD_17;1;1
CORD_ORD_320;PROD_18;1;1
CORD_ORD_320;PROD_2;1;1
CORD_ORD_320;PROD_22;1;1
CORD_ORD_320;PROD_25;1;1
CORD_ORD_320;PROD_26;1;1
CORD_ORD_320;PROD_27;1;1
CORD_ORD_320;PROD_28;1;1
CORD_ORD_320;PROD_29;1;1
CORD_ORD_320;PROD_3;1;1
CORD_ORD_320;PROD_31;1;1
CORD_ORD_320;PROD_32;1;1
CORD_ORD_320;PROD_34;1;1
CORD_ORD_320;PROD_36;1;1
CORD_ORD_320;PROD_41;1;1
CORD_ORD_320;PROD_43;1;1
CORD_ORD_320;PROD_46;1;1
CORD_ORD_320;PROD_47;1;1
CORD_ORD_320;PROD_48;1;1
CORD_ORD_320;PROD_49;1;1
CORD_ORD_320;PROD_50;1;1
CORD_ORD_320;PROD_6;1;1
CORD_ORD_320;PROD_9;1;1
CORD_ORD_321;PROD_10;1;1
CORD_ORD_321;PROD_11;1;1
CORD_ORD_321;PROD_15;1;1
CORD_ORD_321;PROD_16;1;1
CORD_ORD_321;PROD_18;1;1
CORD_ORD_321;PROD_2;1;1
CORD_ORD_321;PROD_23;1;1
CORD_ORD_321;PROD_24;1;1
CORD_ORD_321;PROD_27;1;1
CORD_ORD_321;PROD_29;1;1
CORD_ORD_321;PROD_30;1;1
CORD_ORD_321;PROD_32;1;1
CORD_ORD_321;PROD_34;1;1
CORD_ORD_321;PROD_37;1;1
CORD_ORD_321;PROD_40;1;1
CORD_ORD_321;PROD_41;1;1
CORD_ORD_321;PROD_42;1;1
CORD_ORD_321;PROD_43;1;1
CORD_ORD_321;PROD_45;1;1
CORD_ORD_321;PROD_47;1;1
CORD_ORD_321;PROD_49;1;1
CORD_ORD_321;PROD_8;1;1
CORD_ORD_322;PROD_1;1;1
CORD_ORD_322;PROD_10;1;1
CORD_ORD_322;PROD_13;1;1
CORD_ORD_322;PROD_16;1;1
CORD_ORD_322;PROD_17;1;1
CORD_ORD_322;PROD_20;1;1
CORD_ORD_322;PROD_22;1;1
CORD_ORD_322;PROD_25;1;1
CORD_ORD_322;PROD_3;1;1
CORD_ORD_322;PROD_31;1;1
CORD_ORD_322;PROD_35;1;1
CORD_ORD_322;PROD_36;1;1
CORD_ORD_322;PROD_38;1;1
CORD_ORD_322;PROD_39;1;1
CORD_ORD_322;PROD_48;1;1
CORD_ORD_322;PROD_50;1;1
CORD_ORD_322;PROD_8;1;1
CORD_ORD_323;PROD_12;1;1
CORD_ORD_323;PROD_13;1;1
CORD_ORD_323;PROD_15;1;1
CORD_ORD_323;PROD_17;1;1
CORD_ORD_323;PROD_19;1;1
CORD_ORD_323;PROD_21;1;1
CORD_ORD_323;PROD_22;1;1
CORD_ORD_323;PROD_25;1;1
CORD_ORD_323;PROD_26;1;1
CORD_ORD_323;PROD_31;1;1
CORD_ORD_323;PROD_33;1;1
CORD_ORD_323;PROD_34;1;1
CORD_ORD_323;PROD_38;1;1
CORD_ORD_323;PROD_4;1;1
CORD_ORD_323;PROD_44;1;1
CORD_ORD_323;PROD_46;1;1
CORD_ORD_323;PROD_48;1;1
CORD_ORD_323;PROD_49;1;1
CORD_ORD_323;PROD_50;1;1
CORD_ORD_323;PROD_6;1;1
CORD_ORD_324;PROD_1;1;1
CORD_ORD_324;PROD_10;1;1
CORD_ORD_324;PROD_16;1;1
CORD_ORD_324;PROD_18;1;1
CORD_ORD_324;PROD_2;1;1
CORD_ORD_324;PROD_20;1;1
CORD_ORD_324;PROD_24;1;1
CORD_ORD_324;PROD_26;1;1
CORD_ORD_324;PROD_3;1;1
CORD_ORD_324;PROD_35;1;1
CORD_ORD_324;PROD_36;1;1
CORD_ORD_324;PROD_37;1;1
CORD_ORD_324;PROD_39;1;1
CORD_ORD_324;PROD_41;1;1
CORD_ORD_324;PROD_42;1;1
CORD_ORD_324;PROD_46;1;1
CORD_ORD_324;PROD_6;1;1
CORD_ORD_324;PROD_8;1;1
CORD_ORD_325;PROD_11;1;1
CORD_ORD_325;PROD_15;1;1
CORD_ORD_325;PROD_17;1;1
CORD_ORD_325;PROD_20;1;1
CORD_ORD_325;PROD_26;1;1
CORD_ORD_325;PROD_27;1;1
CORD_ORD_325;PROD_29;1;1
CORD_ORD_325;PROD_31;1;1
CORD_ORD_325;PROD_32;1;1
CORD_ORD_325;PROD_34;1;1
CORD_ORD_325;PROD_35;1;1
CORD_ORD_325;PROD_39;1;1
CORD_ORD_325;PROD_43;1;1
CORD_ORD_325;PROD_46;1;1
CORD_ORD_325;PROD_47;1;1
CORD_ORD_325;PROD_48;1;1
CORD_ORD_325;PROD_49;1;1
CORD_ORD_325;PROD_6;1;1
CORD_ORD_326;PROD_1;1;1
CORD_ORD_326;PROD_13;1;1
CORD_ORD_326;PROD_22;1;1
CORD_ORD_326;PROD_24;1;1
CORD_ORD_326;PROD_25;1;1
CORD_ORD_326;PROD_26;1;1
CORD_ORD_326;PROD_3;1;1
CORD_ORD_326;PROD_36;1;1
CORD_ORD_326;PROD_37;1;1
CORD_ORD_326;PROD_38;1;1
CORD_ORD_326;PROD_42;1;1
CORD_ORD_326;PROD_46;1;1
CORD_ORD_326;PROD_50;1;1
CORD_ORD_326;PROD_6;1;1
CORD_ORD_327;PROD_1;1;1
CORD_ORD_327;PROD_10;1;1
CORD_ORD_327;PROD_11;1;1
CORD_ORD_327;PROD_13;1;1
CORD_ORD_327;PROD_14;1;1
CORD_ORD_327;PROD_15;1;1
CORD_ORD_327;PROD_16;1;1
CORD_ORD_327;PROD_17;1;1
CORD_ORD_327;PROD_18;1;1
CORD_ORD_327;PROD_2;1;1
CORD_ORD_327;PROD_22;1;1
CORD_ORD_327;PROD_25;1;1
CORD_ORD_327;PROD_26;1;1
CORD_ORD_327;PROD_27;1;1
CORD_ORD_327;PROD_28;1;1
CORD_ORD_327;PROD_29;1;1
CORD_ORD_327;PROD_3;1;1
CORD_ORD_327;PROD_31;1;1
CORD_ORD_327;PROD_32;1;1
CORD_ORD_327;PROD_34;1;1
CORD_ORD_327;PROD_36;1;1
CORD_ORD_327;PROD_38;1;1
CORD_ORD_327;PROD_41;1;1
CORD_ORD_327;PROD_43;1;1
CORD_ORD_327;PROD_46;1;1
CORD_ORD_327;PROD_47;1;1
CORD_ORD_327;PROD_48;1;1
CORD_ORD_327;PROD_49;1;1
CORD_ORD_327;PROD_50;1;1
CORD_ORD_327;PROD_6;1;1
CORD_ORD_327;PROD_8;1;1
CORD_ORD_327;PROD_9;1;1
CORD_ORD_328;PROD_11;1;1
CORD_ORD_328;PROD_17;1;1
CORD_ORD_328;PROD_27;1;1
CORD_ORD_328;PROD_29;1;1
CORD_ORD_328;PROD_31;1;1
CORD_ORD_328;PROD_32;1;1
CORD_ORD_328;PROD_43;1;1
CORD_ORD_328;PROD_47;1;1
CORD_ORD_328;PROD_48;1;1
CORD_ORD_329;PROD_11;1;1
CORD_ORD_329;PROD_12;1;1
CORD_ORD_329;PROD_13;1;1
CORD_ORD_329;PROD_14;1;1
CORD_ORD_329;PROD_18;1;1
CORD_ORD_329;PROD_19;1;1
CORD_ORD_329;PROD_2;1;1
CORD_ORD_329;PROD_21;1;1
CORD_ORD_329;PROD_22;1;1
CORD_ORD_329;PROD_24;1;1
CORD_ORD_329;PROD_25;1;1
CORD_ORD_329;PROD_26;1;1
CORD_ORD_329;PROD_27;1;1
CORD_ORD_329;PROD_28;1;1
CORD_ORD_329;PROD_29;1;1
CORD_ORD_329;PROD_33;1;1
CORD_ORD_329;PROD_37;1;1
CORD_ORD_329;PROD_38;1;1
CORD_ORD_329;PROD_4;1;1
CORD_ORD_329;PROD_41;1;1
CORD_ORD_329;PROD_42;1;1
CORD_ORD_329;PROD_44;1;1
CORD_ORD_329;PROD_46;1;1
CORD_ORD_329;PROD_50;1;1
CORD_ORD_329;PROD_6;1;1
CORD_ORD_329;PROD_9;1;1
CORD_ORD_330;PROD_1;1;1
CORD_ORD_330;PROD_10;1;1
CORD_ORD_330;PROD_12;1;1
CORD_ORD_330;PROD_13;1;1
CORD_ORD_330;PROD_16;1;1
CORD_ORD_330;PROD_20;1;1
CORD_ORD_330;PROD_21;1;1
CORD_ORD_330;PROD_3;1;1
CORD_ORD_330;PROD_35;1;1
CORD_ORD_330;PROD_36;1;1
CORD_ORD_330;PROD_38;1;1
CORD_ORD_330;PROD_39;1;1
CORD_ORD_330;PROD_4;1;1
CORD_ORD_330;PROD_8;1;1
CORD_ORD_331;PROD_1;1;1
CORD_ORD_331;PROD_10;1;1
CORD_ORD_331;PROD_11;1;1
CORD_ORD_331;PROD_12;1;1
CORD_ORD_331;PROD_13;1;1
CORD_ORD_331;PROD_15;1;1
CORD_ORD_331;PROD_16;1;1
CORD_ORD_331;PROD_18;1;1
CORD_ORD_331;PROD_2;1;1
CORD_ORD_331;PROD_21;1;1
CORD_ORD_331;PROD_23;1;1
CORD_ORD_331;PROD_26;1;1
CORD_ORD_331;PROD_27;1;1
CORD_ORD_331;PROD_29;1;1
CORD_ORD_331;PROD_3;1;1
CORD_ORD_331;PROD_30;1;1
CORD_ORD_331;PROD_34;1;1
CORD_ORD_331;PROD_36;1;1
CORD_ORD_331;PROD_38;1;1
CORD_ORD_331;PROD_4;1;1
CORD_ORD_331;PROD_40;1;1
CORD_ORD_331;PROD_41;1;1
CORD_ORD_331;PROD_45;1;1
CORD_ORD_331;PROD_46;1;1
CORD_ORD_331;PROD_49;1;1
CORD_ORD_331;PROD_5;1;1
CORD_ORD_331;PROD_6;1;1
CORD_ORD_331;PROD_7;1;1
CORD_ORD_331;PROD_8;1;1
CORD_ORD_332;PROD_10;1;1
CORD_ORD_332;PROD_11;1;1
CORD_ORD_332;PROD_16;1;1
CORD_ORD_332;PROD_18;1;1
CORD_ORD_332;PROD_19;1;1
CORD_ORD_332;PROD_2;1;1
CORD_ORD_332;PROD_22;1;1
CORD_ORD_332;PROD_25;1;1
CORD_ORD_332;PROD_27;1;1
CORD_ORD_332;PROD_29;1;1
CORD_ORD_332;PROD_32;1;1
CORD_ORD_332;PROD_33;1;1
CORD_ORD_332;PROD_41;1;1
CORD_ORD_332;PROD_43;1;1
CORD_ORD_332;PROD_44;1;1
CORD_ORD_332;PROD_47;1;1
CORD_ORD_332;PROD_50;1;1
CORD_ORD_332;PROD_8;1;1
CORD_ORD_333;PROD_1;1;1
CORD_ORD_333;PROD_10;1;1
CORD_ORD_333;PROD_11;1;1
CORD_ORD_333;PROD_16;1;1
CORD_ORD_333;PROD_17;1;1
CORD_ORD_333;PROD_19;1;1
CORD_ORD_333;PROD_22;1;1
CORD_ORD_333;PROD_25;1;1
CORD_ORD_333;PROD_27;1;1
CORD_ORD_333;PROD_29;1;1
CORD_ORD_333;PROD_3;1;1
CORD_ORD_333;PROD_31;1;1
CORD_ORD_333;PROD_32;1;1
CORD_ORD_333;PROD_33;1;1
CORD_ORD_333;PROD_36;1;1
CORD_ORD_333;PROD_43;1;1
CORD_ORD_333;PROD_44;1;1
CORD_ORD_333;PROD_47;1;1
CORD_ORD_333;PROD_48;1;1
CORD_ORD_333;PROD_50;1;1
CORD_ORD_333;PROD_8;1;1
CORD_ORD_334;PROD_1;1;1
CORD_ORD_334;PROD_10;1;1
CORD_ORD_334;PROD_13;1;1
CORD_ORD_334;PROD_16;1;1
CORD_ORD_334;PROD_17;1;1
CORD_ORD_334;PROD_19;1;1
CORD_ORD_334;PROD_20;1;1
CORD_ORD_334;PROD_22;1;1
CORD_ORD_334;PROD_24;1;1
CORD_ORD_334;PROD_25;1;1
CORD_ORD_334;PROD_3;1;1
CORD_ORD_334;PROD_31;1;1
CORD_ORD_334;PROD_33;1;1
CORD_ORD_334;PROD_35;1;1
CORD_ORD_334;PROD_36;1;1
CORD_ORD_334;PROD_37;1;1
CORD_ORD_334;PROD_38;1;1
CORD_ORD_334;PROD_39;1;1
CORD_ORD_334;PROD_42;1;1
CORD_ORD_334;PROD_44;1;1
CORD_ORD_334;PROD_48;1;1
CORD_ORD_334;PROD_50;1;1
CORD_ORD_334;PROD_8;1;1
CORD_ORD_335;PROD_11;1;1
CORD_ORD_335;PROD_12;1;1
CORD_ORD_335;PROD_14;1;1
CORD_ORD_335;PROD_17;1;1
CORD_ORD_335;PROD_18;1;1
CORD_ORD_335;PROD_19;1;1
CORD_ORD_335;PROD_2;1;1
CORD_ORD_335;PROD_20;1;1
CORD_ORD_335;PROD_21;1;1
CORD_ORD_335;PROD_27;1;1
CORD_ORD_335;PROD_28;1;1
CORD_ORD_335;PROD_29;1;1
CORD_ORD_335;PROD_31;1;1
CORD_ORD_335;PROD_33;1;1
CORD_ORD_335;PROD_35;1;1
CORD_ORD_335;PROD_39;1;1
CORD_ORD_335;PROD_4;1;1
CORD_ORD_335;PROD_41;1;1
CORD_ORD_335;PROD_44;1;1
CORD_ORD_335;PROD_48;1;1
CORD_ORD_335;PROD_9;1;1
CORD_ORD_336;PROD_12;1;1
CORD_ORD_336;PROD_15;1;1
CORD_ORD_336;PROD_17;1;1
CORD_ORD_336;PROD_19;1;1
CORD_ORD_336;PROD_21;1;1
CORD_ORD_336;PROD_22;1;1
CORD_ORD_336;PROD_24;1;1
CORD_ORD_336;PROD_25;1;1
CORD_ORD_336;PROD_26;1;1
CORD_ORD_336;PROD_30;1;1
CORD_ORD_336;PROD_31;1;1
CORD_ORD_336;PROD_33;1;1
CORD_ORD_336;PROD_34;1;1
CORD_ORD_336;PROD_37;1;1
CORD_ORD_336;PROD_4;1;1
CORD_ORD_336;PROD_40;1;1
CORD_ORD_336;PROD_42;1;1
CORD_ORD_336;PROD_44;1;1
CORD_ORD_336;PROD_46;1;1
CORD_ORD_336;PROD_48;1;1
CORD_ORD_336;PROD_49;1;1
CORD_ORD_336;PROD_50;1;1
CORD_ORD_336;PROD_6;1;1
CORD_ORD_337;PROD_1;1;1
CORD_ORD_337;PROD_14;1;1
CORD_ORD_337;PROD_15;1;1
CORD_ORD_337;PROD_19;1;1
CORD_ORD_337;PROD_24;1;1
CORD_ORD_337;PROD_28;1;1
CORD_ORD_337;PROD_3;1;1
CORD_ORD_337;PROD_32;1;1
CORD_ORD_337;PROD_33;1;1
CORD_ORD_337;PROD_34;1;1
CORD_ORD_337;PROD_36;1;1
CORD_ORD_337;PROD_37;1;1
CORD_ORD_337;PROD_42;1;1
CORD_ORD_337;PROD_43;1;1
CORD_ORD_337;PROD_44;1;1
CORD_ORD_337;PROD_47;1;1
CORD_ORD_337;PROD_49;1;1
CORD_ORD_337;PROD_9;1;1
CORD_ORD_338;PROD_1;1;1
CORD_ORD_338;PROD_11;1;1
CORD_ORD_338;PROD_19;1;1
CORD_ORD_338;PROD_23;1;1
CORD_ORD_338;PROD_27;1;1
CORD_ORD_338;PROD_29;1;1
CORD_ORD_338;PROD_3;1;1
CORD_ORD_338;PROD_33;1;1
CORD_ORD_338;PROD_36;1;1
CORD_ORD_338;PROD_44;1;1
CORD_ORD_338;PROD_45;1;1
CORD_ORD_339;PROD_1;1;1
CORD_ORD_339;PROD_15;1;1
CORD_ORD_339;PROD_17;1;1
CORD_ORD_339;PROD_22;1;1
CORD_ORD_339;PROD_25;1;1
CORD_ORD_339;PROD_26;1;1
CORD_ORD_339;PROD_3;1;1
CORD_ORD_339;PROD_31;1;1
CORD_ORD_339;PROD_34;1;1
CORD_ORD_339;PROD_36;1;1
CORD_ORD_339;PROD_46;1;1
CORD_ORD_339;PROD_48;1;1
CORD_ORD_339;PROD_49;1;1
CORD_ORD_339;PROD_50;1;1
CORD_ORD_339;PROD_6;1;1
CORD_ORD_340;PROD_1;1;1
CORD_ORD_340;PROD_10;1;1
CORD_ORD_340;PROD_15;1;1
CORD_ORD_340;PROD_16;1;1
CORD_ORD_340;PROD_17;1;1
CORD_ORD_340;PROD_22;1;1
CORD_ORD_340;PROD_25;1;1
CORD_ORD_340;PROD_26;1;1
CORD_ORD_340;PROD_3;1;1
CORD_ORD_340;PROD_31;1;1
CORD_ORD_340;PROD_34;1;1
CORD_ORD_340;PROD_36;1;1
CORD_ORD_340;PROD_46;1;1
CORD_ORD_340;PROD_48;1;1
CORD_ORD_340;PROD_49;1;1
CORD_ORD_340;PROD_50;1;1
CORD_ORD_340;PROD_6;1;1
CORD_ORD_340;PROD_8;1;1
CORD_ORD_341;PROD_11;1;1
CORD_ORD_341;PROD_12;1;1
CORD_ORD_341;PROD_18;1;1
CORD_ORD_341;PROD_2;1;1
CORD_ORD_341;PROD_20;1;1
CORD_ORD_341;PROD_21;1;1
CORD_ORD_341;PROD_24;1;1
CORD_ORD_341;PROD_26;1;1
CORD_ORD_341;PROD_27;1;1
CORD_ORD_341;PROD_29;1;1
CORD_ORD_341;PROD_35;1;1
CORD_ORD_341;PROD_37;1;1
CORD_ORD_341;PROD_39;1;1
CORD_ORD_341;PROD_4;1;1
CORD_ORD_341;PROD_41;1;1
CORD_ORD_341;PROD_42;1;1
CORD_ORD_341;PROD_46;1;1
CORD_ORD_341;PROD_6;1;1
CORD_ORD_342;PROD_14;1;1
CORD_ORD_342;PROD_17;1;1
CORD_ORD_342;PROD_18;1;1
CORD_ORD_342;PROD_2;1;1
CORD_ORD_342;PROD_26;1;1
CORD_ORD_342;PROD_28;1;1
CORD_ORD_342;PROD_31;1;1
CORD_ORD_342;PROD_32;1;1
CORD_ORD_342;PROD_41;1;1
CORD_ORD_342;PROD_43;1;1
CORD_ORD_342;PROD_46;1;1
CORD_ORD_342;PROD_47;1;1
CORD_ORD_342;PROD_48;1;1
CORD_ORD_342;PROD_6;1;1
CORD_ORD_342;PROD_9;1;1
CORD_ORD_343;PROD_1;1;1
CORD_ORD_343;PROD_10;1;1
CORD_ORD_343;PROD_16;1;1
CORD_ORD_343;PROD_17;1;1
CORD_ORD_343;PROD_18;1;1
CORD_ORD_343;PROD_19;1;1
CORD_ORD_343;PROD_2;1;1
CORD_ORD_343;PROD_22;1;1
CORD_ORD_343;PROD_24;1;1
CORD_ORD_343;PROD_25;1;1
CORD_ORD_343;PROD_3;1;1
CORD_ORD_343;PROD_31;1;1
CORD_ORD_343;PROD_33;1;1
CORD_ORD_343;PROD_36;1;1
CORD_ORD_343;PROD_37;1;1
CORD_ORD_343;PROD_41;1;1
CORD_ORD_343;PROD_42;1;1
CORD_ORD_343;PROD_44;1;1
CORD_ORD_343;PROD_48;1;1
CORD_ORD_343;PROD_50;1;1
CORD_ORD_343;PROD_8;1;1
CORD_ORD_344;PROD_12;1;1
CORD_ORD_344;PROD_13;1;1
CORD_ORD_344;PROD_14;1;1
CORD_ORD_344;PROD_17;1;1
CORD_ORD_344;PROD_18;1;1
CORD_ORD_344;PROD_2;1;1
CORD_ORD_344;PROD_21;1;1
CORD_ORD_344;PROD_26;1;1
CORD_ORD_344;PROD_28;1;1
CORD_ORD_344;PROD_31;1;1
CORD_ORD_344;PROD_38;1;1
CORD_ORD_344;PROD_4;1;1
CORD_ORD_344;PROD_41;1;1
CORD_ORD_344;PROD_46;1;1
CORD_ORD_344;PROD_48;1;1
CORD_ORD_344;PROD_6;1;1
CORD_ORD_344;PROD_9;1;1
CORD_ORD_345;PROD_1;1;1
CORD_ORD_345;PROD_10;1;1
CORD_ORD_345;PROD_14;1;1
CORD_ORD_345;PROD_16;1;1
CORD_ORD_345;PROD_19;1;1
CORD_ORD_345;PROD_20;1;1
CORD_ORD_345;PROD_24;1;1
CORD_ORD_345;PROD_28;1;1
CORD_ORD_345;PROD_3;1;1
CORD_ORD_345;PROD_33;1;1
CORD_ORD_345;PROD_35;1;1
CORD_ORD_345;PROD_36;1;1
CORD_ORD_345;PROD_37;1;1
CORD_ORD_345;PROD_39;1;1
CORD_ORD_345;PROD_42;1;1
CORD_ORD_345;PROD_44;1;1
CORD_ORD_345;PROD_8;1;1
CORD_ORD_345;PROD_9;1;1
CORD_ORD_346;PROD_10;1;1
CORD_ORD_346;PROD_11;1;1
CORD_ORD_346;PROD_12;1;1
CORD_ORD_346;PROD_13;1;1
CORD_ORD_346;PROD_16;1;1
CORD_ORD_346;PROD_21;1;1
CORD_ORD_346;PROD_27;1;1
CORD_ORD_346;PROD_29;1;1
CORD_ORD_346;PROD_38;1;1
CORD_ORD_346;PROD_4;1;1
CORD_ORD_346;PROD_8;1;1
CORD_ORD_347;PROD_1;1;1
CORD_ORD_347;PROD_10;1;1
CORD_ORD_347;PROD_12;1;1
CORD_ORD_347;PROD_13;1;1
CORD_ORD_347;PROD_15;1;1
CORD_ORD_347;PROD_16;1;1
CORD_ORD_347;PROD_18;1;1
CORD_ORD_347;PROD_2;1;1
CORD_ORD_347;PROD_21;1;1
CORD_ORD_347;PROD_22;1;1
CORD_ORD_347;PROD_25;1;1
CORD_ORD_347;PROD_26;1;1
CORD_ORD_347;PROD_3;1;1
CORD_ORD_347;PROD_30;1;1
CORD_ORD_347;PROD_32;1;1
CORD_ORD_347;PROD_34;1;1
CORD_ORD_347;PROD_36;1;1
CORD_ORD_347;PROD_38;1;1
CORD_ORD_347;PROD_4;1;1
CORD_ORD_347;PROD_40;1;1
CORD_ORD_347;PROD_41;1;1
CORD_ORD_347;PROD_43;1;1
CORD_ORD_347;PROD_46;1;1
CORD_ORD_347;PROD_47;1;1
CORD_ORD_347;PROD_49;1;1
CORD_ORD_347;PROD_50;1;1
CORD_ORD_347;PROD_6;1;1
CORD_ORD_347;PROD_8;1;1
CORD_ORD_348;PROD_1;1;1
CORD_ORD_348;PROD_11;1;1
CORD_ORD_348;PROD_17;1;1
CORD_ORD_348;PROD_27;1;1
CORD_ORD_348;PROD_29;1;1
CORD_ORD_348;PROD_3;1;1
CORD_ORD_348;PROD_31;1;1
CORD_ORD_348;PROD_32;1;1
CORD_ORD_348;PROD_36;1;1
CORD_ORD_348;PROD_43;1;1
CORD_ORD_348;PROD_47;1;1
CORD_ORD_348;PROD_48;1;1
CORD_ORD_349;PROD_1;1;1
CORD_ORD_349;PROD_15;1;1
CORD_ORD_349;PROD_17;1;1
CORD_ORD_349;PROD_18;1;1
CORD_ORD_349;PROD_2;1;1
CORD_ORD_349;PROD_20;1;1
CORD_ORD_349;PROD_22;1;1
CORD_ORD_349;PROD_24;1;1
CORD_ORD_349;PROD_25;1;1
CORD_ORD_349;PROD_26;1;1
CORD_ORD_349;PROD_3;1;1
CORD_ORD_349;PROD_31;1;1
CORD_ORD_349;PROD_34;1;1
CORD_ORD_349;PROD_35;1;1
CORD_ORD_349;PROD_36;1;1
CORD_ORD_349;PROD_37;1;1
CORD_ORD_349;PROD_39;1;1
CORD_ORD_349;PROD_41;1;1
CORD_ORD_349;PROD_42;1;1
CORD_ORD_349;PROD_46;1;1
CORD_ORD_349;PROD_48;1;1
CORD_ORD_349;PROD_49;1;1
CORD_ORD_349;PROD_50;1;1
CORD_ORD_349;PROD_6;1;1
CORD_ORD_350;PROD_1;1;1
CORD_ORD_350;PROD_10;1;1
CORD_ORD_350;PROD_11;1;1
CORD_ORD_350;PROD_13;1;1
CORD_ORD_350;PROD_16;1;1
CORD_ORD_350;PROD_19;1;1
CORD_ORD_350;PROD_20;1;1
CORD_ORD_350;PROD_23;1;1
CORD_ORD_350;PROD_26;1;1
CORD_ORD_350;PROD_27;1;1
CORD_ORD_350;PROD_29;1;1
CORD_ORD_350;PROD_3;1;1
CORD_ORD_350;PROD_30;1;1
CORD_ORD_350;PROD_33;1;1
CORD_ORD_350;PROD_35;1;1
CORD_ORD_350;PROD_36;1;1
CORD_ORD_350;PROD_38;1;1
CORD_ORD_350;PROD_39;1;1
CORD_ORD_350;PROD_40;1;1
CORD_ORD_350;PROD_44;1;1
CORD_ORD_350;PROD_45;1;1
CORD_ORD_350;PROD_46;1;1
CORD_ORD_350;PROD_6;1;1
CORD_ORD_350;PROD_8;1;1
CORD_ORD_351;PROD_11;1;1
CORD_ORD_351;PROD_13;1;1
CORD_ORD_351;PROD_18;1;1
CORD_ORD_351;PROD_19;1;1
CORD_ORD_351;PROD_2;1;1
CORD_ORD_351;PROD_24;1;1
CORD_ORD_351;PROD_26;1;1
CORD_ORD_351;PROD_27;1;1
CORD_ORD_351;PROD_29;1;1
CORD_ORD_351;PROD_32;1;1
CORD_ORD_351;PROD_33;1;1
CORD_ORD_351;PROD_37;1;1
CORD_ORD_351;PROD_38;1;1
CORD_ORD_351;PROD_41;1;1
CORD_ORD_351;PROD_42;1;1
CORD_ORD_351;PROD_43;1;1
CORD_ORD_351;PROD_44;1;1
CORD_ORD_351;PROD_46;1;1
CORD_ORD_351;PROD_47;1;1
CORD_ORD_351;PROD_6;1;1
CORD_ORD_352;PROD_10;1;1
CORD_ORD_352;PROD_11;1;1
CORD_ORD_352;PROD_16;1;1
CORD_ORD_352;PROD_17;1;1
CORD_ORD_352;PROD_19;1;1
CORD_ORD_352;PROD_22;1;1
CORD_ORD_352;PROD_25;1;1
CORD_ORD_352;PROD_27;1;1
CORD_ORD_352;PROD_29;1;1
CORD_ORD_352;PROD_31;1;1
CORD_ORD_352;PROD_32;1;1
CORD_ORD_352;PROD_33;1;1
CORD_ORD_352;PROD_43;1;1
CORD_ORD_352;PROD_44;1;1
CORD_ORD_352;PROD_47;1;1
CORD_ORD_352;PROD_48;1;1
CORD_ORD_352;PROD_50;1;1
CORD_ORD_352;PROD_8;1;1
CORD_ORD_353;PROD_1;1;1
CORD_ORD_353;PROD_10;1;1
CORD_ORD_353;PROD_12;1;1
CORD_ORD_353;PROD_13;1;1
CORD_ORD_353;PROD_15;1;1
CORD_ORD_353;PROD_16;1;1
CORD_ORD_353;PROD_18;1;1
CORD_ORD_353;PROD_2;1;1
CORD_ORD_353;PROD_21;1;1
CORD_ORD_353;PROD_22;1;1
CORD_ORD_353;PROD_24;1;1
CORD_ORD_353;PROD_25;1;1
CORD_ORD_353;PROD_26;1;1
CORD_ORD_353;PROD_3;1;1
CORD_ORD_353;PROD_32;1;1
CORD_ORD_353;PROD_34;1;1
CORD_ORD_353;PROD_36;1;1
CORD_ORD_353;PROD_37;1;1
CORD_ORD_353;PROD_38;1;1
CORD_ORD_353;PROD_4;1;1
CORD_ORD_353;PROD_41;1;1
CORD_ORD_353;PROD_42;1;1
CORD_ORD_353;PROD_43;1;1
CORD_ORD_353;PROD_46;1;1
CORD_ORD_353;PROD_47;1;1
CORD_ORD_353;PROD_49;1;1
CORD_ORD_353;PROD_5;1;1
CORD_ORD_353;PROD_50;1;1
CORD_ORD_353;PROD_6;1;1
CORD_ORD_353;PROD_7;1;1
CORD_ORD_353;PROD_8;1;1
CORD_ORD_354;PROD_1;1;1
CORD_ORD_354;PROD_10;1;1
CORD_ORD_354;PROD_11;1;1
CORD_ORD_354;PROD_15;1;1
CORD_ORD_354;PROD_16;1;1
CORD_ORD_354;PROD_17;1;1
CORD_ORD_354;PROD_20;1;1
CORD_ORD_354;PROD_22;1;1
CORD_ORD_354;PROD_25;1;1
CORD_ORD_354;PROD_27;1;1
CORD_ORD_354;PROD_29;1;1
CORD_ORD_354;PROD_3;1;1
CORD_ORD_354;PROD_31;1;1
CORD_ORD_354;PROD_32;1;1
CORD_ORD_354;PROD_34;1;1
CORD_ORD_354;PROD_35;1;1
CORD_ORD_354;PROD_36;1;1
CORD_ORD_354;PROD_39;1;1
CORD_ORD_354;PROD_43;1;1
CORD_ORD_354;PROD_47;1;1
CORD_ORD_354;PROD_48;1;1
CORD_ORD_354;PROD_49;1;1
CORD_ORD_354;PROD_50;1;1
CORD_ORD_354;PROD_8;1;1
CORD_ORD_355;PROD_1;1;1
CORD_ORD_355;PROD_10;1;1
CORD_ORD_355;PROD_16;1;1
CORD_ORD_355;PROD_26;1;1
CORD_ORD_355;PROD_3;1;1
CORD_ORD_355;PROD_32;1;1
CORD_ORD_355;PROD_36;1;1
CORD_ORD_355;PROD_43;1;1
CORD_ORD_355;PROD_46;1;1
CORD_ORD_355;PROD_47;1;1
CORD_ORD_355;PROD_6;1;1
CORD_ORD_355;PROD_8;1;1
CORD_ORD_356;PROD_1;1;1
CORD_ORD_356;PROD_14;1;1
CORD_ORD_356;PROD_18;1;1
CORD_ORD_356;PROD_19;1;1
CORD_ORD_356;PROD_2;1;1
CORD_ORD_356;PROD_28;1;1
CORD_ORD_356;PROD_3;1;1
CORD_ORD_356;PROD_33;1;1
CORD_ORD_356;PROD_36;1;1
CORD_ORD_356;PROD_41;1;1
CORD_ORD_356;PROD_44;1;1
CORD_ORD_356;PROD_9;1;1
CORD_ORD_357;PROD_1;1;1
CORD_ORD_357;PROD_10;1;1
CORD_ORD_357;PROD_11;1;1
CORD_ORD_357;PROD_12;1;1
CORD_ORD_357;PROD_13;1;1
CORD_ORD_357;PROD_15;1;1
CORD_ORD_357;PROD_16;1;1
CORD_ORD_357;PROD_18;1;1
CORD_ORD_357;PROD_2;1;1
CORD_ORD_357;PROD_20;1;1
CORD_ORD_357;PROD_21;1;1
CORD_ORD_357;PROD_27;1;1
CORD_ORD_357;PROD_29;1;1
CORD_ORD_357;PROD_3;1;1
CORD_ORD_357;PROD_34;1;1
CORD_ORD_357;PROD_35;1;1
CORD_ORD_357;PROD_36;1;1
CORD_ORD_357;PROD_38;1;1
CORD_ORD_357;PROD_39;1;1
CORD_ORD_357;PROD_4;1;1
CORD_ORD_357;PROD_41;1;1
CORD_ORD_357;PROD_49;1;1
CORD_ORD_357;PROD_8;1;1
CORD_ORD_358;PROD_10;1;1
CORD_ORD_358;PROD_12;1;1
CORD_ORD_358;PROD_13;1;1
CORD_ORD_358;PROD_14;1;1
CORD_ORD_358;PROD_15;1;1
CORD_ORD_358;PROD_16;1;1
CORD_ORD_358;PROD_17;1;1
CORD_ORD_358;PROD_18;1;1
CORD_ORD_358;PROD_2;1;1
CORD_ORD_358;PROD_20;1;1
CORD_ORD_358;PROD_21;1;1
CORD_ORD_358;PROD_24;1;1
CORD_ORD_358;PROD_26;1;1
CORD_ORD_358;PROD_28;1;1
CORD_ORD_358;PROD_31;1;1
CORD_ORD_358;PROD_34;1;1
CORD_ORD_358;PROD_35;1;1
CORD_ORD_358;PROD_37;1;1
CORD_ORD_358;PROD_38;1;1
CORD_ORD_358;PROD_39;1;1
CORD_ORD_358;PROD_4;1;1
CORD_ORD_358;PROD_41;1;1
CORD_ORD_358;PROD_42;1;1
CORD_ORD_358;PROD_46;1;1
CORD_ORD_358;PROD_48;1;1
CORD_ORD_358;PROD_49;1;1
CORD_ORD_358;PROD_6;1;1
CORD_ORD_358;PROD_8;1;1
CORD_ORD_358;PROD_9;1;1
CORD_ORD_359;PROD_1;1;1
CORD_ORD_359;PROD_10;1;1
CORD_ORD_359;PROD_12;1;1
CORD_ORD_359;PROD_14;1;1
CORD_ORD_359;PROD_16;1;1
CORD_ORD_359;PROD_17;1;1
CORD_ORD_359;PROD_19;1;1
CORD_ORD_359;PROD_21;1;1
CORD_ORD_359;PROD_24;1;1
CORD_ORD_359;PROD_26;1;1
CORD_ORD_359;PROD_28;1;1
CORD_ORD_359;PROD_3;1;1
CORD_ORD_359;PROD_30;1;1
CORD_ORD_359;PROD_31;1;1
CORD_ORD_359;PROD_32;1;1
CORD_ORD_359;PROD_33;1;1
CORD_ORD_359;PROD_36;1;1
CORD_ORD_359;PROD_37;1;1
CORD_ORD_359;PROD_4;1;1
CORD_ORD_359;PROD_40;1;1
CORD_ORD_359;PROD_42;1;1
CORD_ORD_359;PROD_43;1;1
CORD_ORD_359;PROD_44;1;1
CORD_ORD_359;PROD_46;1;1
CORD_ORD_359;PROD_47;1;1
CORD_ORD_359;PROD_48;1;1
CORD_ORD_359;PROD_6;1;1
CORD_ORD_359;PROD_8;1;1
CORD_ORD_359;PROD_9;1;1
CORD_ORD_360;PROD_1;1;1
CORD_ORD_360;PROD_11;1;1
CORD_ORD_360;PROD_12;1;1
CORD_ORD_360;PROD_13;1;1
CORD_ORD_360;PROD_14;1;1
CORD_ORD_360;PROD_17;1;1
CORD_ORD_360;PROD_21;1;1
CORD_ORD_360;PROD_23;1;1
CORD_ORD_360;PROD_27;1;1
CORD_ORD_360;PROD_28;1;1
CORD_ORD_360;PROD_29;1;1
CORD_ORD_360;PROD_3;1;1
CORD_ORD_360;PROD_31;1;1
CORD_ORD_360;PROD_36;1;1
CORD_ORD_360;PROD_38;1;1
CORD_ORD_360;PROD_4;1;1
CORD_ORD_360;PROD_45;1;1
CORD_ORD_360;PROD_48;1;1
CORD_ORD_360;PROD_9;1;1
CORD_ORD_361;PROD_12;1;1
CORD_ORD_361;PROD_17;1;1
CORD_ORD_361;PROD_21;1;1
CORD_ORD_361;PROD_22;1;1
CORD_ORD_361;PROD_24;1;1
CORD_ORD_361;PROD_25;1;1
CORD_ORD_361;PROD_26;1;1
CORD_ORD_361;PROD_31;1;1
CORD_ORD_361;PROD_32;1;1
CORD_ORD_361;PROD_37;1;1
CORD_ORD_361;PROD_4;1;1
CORD_ORD_361;PROD_42;1;1
CORD_ORD_361;PROD_43;1;1
CORD_ORD_361;PROD_46;1;1
CORD_ORD_361;PROD_47;1;1
CORD_ORD_361;PROD_48;1;1
CORD_ORD_361;PROD_50;1;1
CORD_ORD_361;PROD_6;1;1
CORD_ORD_362;PROD_1;1;1
CORD_ORD_362;PROD_10;1;1
CORD_ORD_362;PROD_13;1;1
CORD_ORD_362;PROD_16;1;1
CORD_ORD_362;PROD_20;1;1
CORD_ORD_362;PROD_3;1;1
CORD_ORD_362;PROD_32;1;1
CORD_ORD_362;PROD_35;1;1
CORD_ORD_362;PROD_36;1;1
CORD_ORD_362;PROD_38;1;1
CORD_ORD_362;PROD_39;1;1
CORD_ORD_362;PROD_43;1;1
CORD_ORD_362;PROD_47;1;1
CORD_ORD_362;PROD_8;1;1
CORD_ORD_363;PROD_1;1;1
CORD_ORD_363;PROD_10;1;1
CORD_ORD_363;PROD_11;1;1
CORD_ORD_363;PROD_16;1;1
CORD_ORD_363;PROD_26;1;1
CORD_ORD_363;PROD_27;1;1
CORD_ORD_363;PROD_29;1;1
CORD_ORD_363;PROD_3;1;1
CORD_ORD_363;PROD_36;1;1
CORD_ORD_363;PROD_46;1;1
CORD_ORD_363;PROD_6;1;1
CORD_ORD_363;PROD_8;1;1
CORD_ORD_364;PROD_1;1;1
CORD_ORD_364;PROD_10;1;1
CORD_ORD_364;PROD_13;1;1
CORD_ORD_364;PROD_15;1;1
CORD_ORD_364;PROD_16;1;1
CORD_ORD_364;PROD_22;1;1
CORD_ORD_364;PROD_25;1;1
CORD_ORD_364;PROD_3;1;1
CORD_ORD_364;PROD_34;1;1
CORD_ORD_364;PROD_36;1;1
CORD_ORD_364;PROD_38;1;1
CORD_ORD_364;PROD_49;1;1
CORD_ORD_364;PROD_50;1;1
CORD_ORD_364;PROD_8;1;1
CORD_ORD_365;PROD_10;1;1
CORD_ORD_365;PROD_11;1;1
CORD_ORD_365;PROD_14;1;1
CORD_ORD_365;PROD_15;1;1
CORD_ORD_365;PROD_16;1;1
CORD_ORD_365;PROD_17;1;1
CORD_ORD_365;PROD_20;1;1
CORD_ORD_365;PROD_23;1;1
CORD_ORD_365;PROD_24;1;1
CORD_ORD_365;PROD_27;1;1
CORD_ORD_365;PROD_28;1;1
CORD_ORD_365;PROD_29;1;1
CORD_ORD_365;PROD_30;1;1
CORD_ORD_365;PROD_31;1;1
CORD_ORD_365;PROD_34;1;1
CORD_ORD_365;PROD_35;1;1
CORD_ORD_365;PROD_37;1;1
CORD_ORD_365;PROD_39;1;1
CORD_ORD_365;PROD_40;1;1
CORD_ORD_365;PROD_42;1;1
CORD_ORD_365;PROD_45;1;1
CORD_ORD_365;PROD_48;1;1
CORD_ORD_365;PROD_49;1;1
CORD_ORD_365;PROD_8;1;1
CORD_ORD_365;PROD_9;1;1
CORD_ORD_366;PROD_1;1;1
CORD_ORD_366;PROD_10;1;1
CORD_ORD_366;PROD_11;1;1
CORD_ORD_366;PROD_12;1;1
CORD_ORD_366;PROD_13;1;1
CORD_ORD_366;PROD_16;1;1
CORD_ORD_366;PROD_19;1;1
CORD_ORD_366;PROD_20;1;1
CORD_ORD_366;PROD_21;1;1
CORD_ORD_366;PROD_22;1;1
CORD_ORD_366;PROD_25;1;1
CORD_ORD_366;PROD_27;1;1
CORD_ORD_366;PROD_29;1;1
CORD_ORD_366;PROD_3;1;1
CORD_ORD_366;PROD_33;1;1
CORD_ORD_366;PROD_35;1;1
CORD_ORD_366;PROD_36;1;1
CORD_ORD_366;PROD_38;1;1
CORD_ORD_366;PROD_39;1;1
CORD_ORD_366;PROD_4;1;1
CORD_ORD_366;PROD_44;1;1
CORD_ORD_366;PROD_50;1;1
CORD_ORD_366;PROD_8;1;1
CORD_ORD_367;PROD_10;1;1
CORD_ORD_367;PROD_11;1;1
CORD_ORD_367;PROD_13;1;1
CORD_ORD_367;PROD_14;1;1
CORD_ORD_367;PROD_15;1;1
CORD_ORD_367;PROD_16;1;1
CORD_ORD_367;PROD_19;1;1
CORD_ORD_367;PROD_20;1;1
CORD_ORD_367;PROD_24;1;1
CORD_ORD_367;PROD_27;1;1
CORD_ORD_367;PROD_28;1;1
CORD_ORD_367;PROD_29;1;1
CORD_ORD_367;PROD_32;1;1
CORD_ORD_367;PROD_33;1;1
CORD_ORD_367;PROD_34;1;1
CORD_ORD_367;PROD_35;1;1
CORD_ORD_367;PROD_37;1;1
CORD_ORD_367;PROD_38;1;1
CORD_ORD_367;PROD_39;1;1
CORD_ORD_367;PROD_42;1;1
CORD_ORD_367;PROD_43;1;1
CORD_ORD_367;PROD_44;1;1
CORD_ORD_367;PROD_47;1;1
CORD_ORD_367;PROD_49;1;1
CORD_ORD_367;PROD_8;1;1
CORD_ORD_367;PROD_9;1;1
CORD_ORD_368;PROD_14;1;1
CORD_ORD_368;PROD_18;1;1
CORD_ORD_368;PROD_2;1;1
CORD_ORD_368;PROD_23;1;1
CORD_ORD_368;PROD_26;1;1
CORD_ORD_368;PROD_28;1;1
CORD_ORD_368;PROD_41;1;1
CORD_ORD_368;PROD_45;1;1
CORD_ORD_368;PROD_46;1;1
CORD_ORD_368;PROD_6;1;1
CORD_ORD_368;PROD_9;1;1
CORD_ORD_369;PROD_1;1;1
CORD_ORD_369;PROD_10;1;1
CORD_ORD_369;PROD_15;1;1
CORD_ORD_369;PROD_16;1;1
CORD_ORD_369;PROD_18;1;1
CORD_ORD_369;PROD_19;1;1
CORD_ORD_369;PROD_2;1;1
CORD_ORD_369;PROD_24;1;1
CORD_ORD_369;PROD_26;1;1
CORD_ORD_369;PROD_3;1;1
CORD_ORD_369;PROD_33;1;1
CORD_ORD_369;PROD_34;1;1
CORD_ORD_369;PROD_36;1;1
CORD_ORD_369;PROD_37;1;1
CORD_ORD_369;PROD_41;1;1
CORD_ORD_369;PROD_42;1;1
CORD_ORD_369;PROD_44;1;1
CORD_ORD_369;PROD_46;1;1
CORD_ORD_369;PROD_49;1;1
CORD_ORD_369;PROD_6;1;1
CORD_ORD_369;PROD_8;1;1
CORD_ORD_370;PROD_1;1;1
CORD_ORD_370;PROD_10;1;1
CORD_ORD_370;PROD_13;1;1
CORD_ORD_370;PROD_16;1;1
CORD_ORD_370;PROD_20;1;1
CORD_ORD_370;PROD_26;1;1
CORD_ORD_370;PROD_3;1;1
CORD_ORD_370;PROD_35;1;1
CORD_ORD_370;PROD_36;1;1
CORD_ORD_370;PROD_38;1;1
CORD_ORD_370;PROD_39;1;1
CORD_ORD_370;PROD_46;1;1
CORD_ORD_370;PROD_6;1;1
CORD_ORD_370;PROD_8;1;1
CORD_ORD_371;PROD_1;1;1
CORD_ORD_371;PROD_10;1;1
CORD_ORD_371;PROD_13;1;1
CORD_ORD_371;PROD_15;1;1
CORD_ORD_371;PROD_16;1;1
CORD_ORD_371;PROD_18;1;1
CORD_ORD_371;PROD_2;1;1
CORD_ORD_371;PROD_22;1;1
CORD_ORD_371;PROD_24;1;1
CORD_ORD_371;PROD_25;1;1
CORD_ORD_371;PROD_26;1;1
CORD_ORD_371;PROD_3;1;1
CORD_ORD_371;PROD_34;1;1
CORD_ORD_371;PROD_36;1;1
CORD_ORD_371;PROD_37;1;1
CORD_ORD_371;PROD_38;1;1
CORD_ORD_371;PROD_41;1;1
CORD_ORD_371;PROD_42;1;1
CORD_ORD_371;PROD_46;1;1
CORD_ORD_371;PROD_49;1;1
CORD_ORD_371;PROD_50;1;1
CORD_ORD_371;PROD_6;1;1
CORD_ORD_371;PROD_8;1;1
CORD_ORD_372;PROD_1;1;1
CORD_ORD_372;PROD_10;1;1
CORD_ORD_372;PROD_15;1;1
CORD_ORD_372;PROD_16;1;1
CORD_ORD_372;PROD_17;1;1
CORD_ORD_372;PROD_23;1;1
CORD_ORD_372;PROD_26;1;1
CORD_ORD_372;PROD_3;1;1
CORD_ORD_372;PROD_31;1;1
CORD_ORD_372;PROD_34;1;1
CORD_ORD_372;PROD_36;1;1
CORD_ORD_372;PROD_45;1;1
CORD_ORD_372;PROD_46;1;1
CORD_ORD_372;PROD_48;1;1
CORD_ORD_372;PROD_49;1;1
CORD_ORD_372;PROD_6;1;1
CORD_ORD_372;PROD_8;1;1
CORD_ORD_373;PROD_10;1;1
CORD_ORD_373;PROD_11;1;1
CORD_ORD_373;PROD_12;1;1
CORD_ORD_373;PROD_16;1;1
CORD_ORD_373;PROD_21;1;1
CORD_ORD_373;PROD_27;1;1
CORD_ORD_373;PROD_29;1;1
CORD_ORD_373;PROD_4;1;1
CORD_ORD_373;PROD_8;1;1
CORD_ORD_374;PROD_1;1;1
CORD_ORD_374;PROD_10;1;1
CORD_ORD_374;PROD_11;1;1
CORD_ORD_374;PROD_12;1;1
CORD_ORD_374;PROD_13;1;1
CORD_ORD_374;PROD_16;1;1
CORD_ORD_374;PROD_17;1;1
CORD_ORD_374;PROD_20;1;1
CORD_ORD_374;PROD_21;1;1
CORD_ORD_374;PROD_23;1;1
CORD_ORD_374;PROD_27;1;1
CORD_ORD_374;PROD_29;1;1
CORD_ORD_374;PROD_3;1;1
CORD_ORD_374;PROD_31;1;1
CORD_ORD_374;PROD_32;1;1
CORD_ORD_374;PROD_35;1;1
CORD_ORD_374;PROD_36;1;1
CORD_ORD_374;PROD_38;1;1
CORD_ORD_374;PROD_39;1;1
CORD_ORD_374;PROD_4;1;1
CORD_ORD_374;PROD_43;1;1
CORD_ORD_374;PROD_45;1;1
CORD_ORD_374;PROD_47;1;1
CORD_ORD_374;PROD_48;1;1
CORD_ORD_374;PROD_8;1;1
CORD_ORD_375;PROD_11;1;1
CORD_ORD_375;PROD_12;1;1
CORD_ORD_375;PROD_15;1;1
CORD_ORD_375;PROD_17;1;1
CORD_ORD_375;PROD_19;1;1
CORD_ORD_375;PROD_21;1;1
CORD_ORD_375;PROD_22;1;1
CORD_ORD_375;PROD_23;1;1
CORD_ORD_375;PROD_24;1;1
CORD_ORD_375;PROD_25;1;1
CORD_ORD_375;PROD_26;1;1
CORD_ORD_375;PROD_27;1;1
CORD_ORD_375;PROD_29;1;1
CORD_ORD_375;PROD_31;1;1
CORD_ORD_375;PROD_33;1;1
CORD_ORD_375;PROD_34;1;1
CORD_ORD_375;PROD_37;1;1
CORD_ORD_375;PROD_4;1;1
CORD_ORD_375;PROD_42;1;1
CORD_ORD_375;PROD_44;1;1
CORD_ORD_375;PROD_45;1;1
CORD_ORD_375;PROD_46;1;1
CORD_ORD_375;PROD_48;1;1
CORD_ORD_375;PROD_49;1;1
CORD_ORD_375;PROD_50;1;1
CORD_ORD_375;PROD_6;1;1
CORD_ORD_376;PROD_14;1;1
CORD_ORD_376;PROD_19;1;1
CORD_ORD_376;PROD_20;1;1
CORD_ORD_376;PROD_28;1;1
CORD_ORD_376;PROD_30;1;1
CORD_ORD_376;PROD_32;1;1
CORD_ORD_376;PROD_33;1;1
CORD_ORD_376;PROD_35;1;1
CORD_ORD_376;PROD_39;1;1
CORD_ORD_376;PROD_40;1;1
CORD_ORD_376;PROD_43;1;1
CORD_ORD_376;PROD_44;1;1
CORD_ORD_376;PROD_47;1;1
CORD_ORD_376;PROD_9;1;1
CORD_ORD_377;PROD_12;1;1
CORD_ORD_377;PROD_13;1;1
CORD_ORD_377;PROD_18;1;1
CORD_ORD_377;PROD_19;1;1
CORD_ORD_377;PROD_2;1;1
CORD_ORD_377;PROD_21;1;1
CORD_ORD_377;PROD_22;1;1
CORD_ORD_377;PROD_23;1;1
CORD_ORD_377;PROD_24;1;1
CORD_ORD_377;PROD_25;1;1
CORD_ORD_377;PROD_32;1;1
CORD_ORD_377;PROD_33;1;1
CORD_ORD_377;PROD_37;1;1
CORD_ORD_377;PROD_38;1;1
CORD_ORD_377;PROD_4;1;1
CORD_ORD_377;PROD_41;1;1
CORD_ORD_377;PROD_42;1;1
CORD_ORD_377;PROD_43;1;1
CORD_ORD_377;PROD_44;1;1
CORD_ORD_377;PROD_45;1;1
CORD_ORD_377;PROD_47;1;1
CORD_ORD_377;PROD_50;1;1
CORD_ORD_378;PROD_11;1;1
CORD_ORD_378;PROD_19;1;1
CORD_ORD_378;PROD_20;1;1
CORD_ORD_378;PROD_23;1;1
CORD_ORD_378;PROD_26;1;1
CORD_ORD_378;PROD_27;1;1
CORD_ORD_378;PROD_29;1;1
CORD_ORD_378;PROD_33;1;1
CORD_ORD_378;PROD_35;1;1
CORD_ORD_378;PROD_39;1;1
CORD_ORD_378;PROD_44;1;1
CORD_ORD_378;PROD_45;1;1
CORD_ORD_378;PROD_46;1;1
CORD_ORD_378;PROD_5;1;1
CORD_ORD_378;PROD_6;1;1
CORD_ORD_378;PROD_7;1;1
CORD_ORD_379;PROD_10;1;1
CORD_ORD_379;PROD_11;1;1
CORD_ORD_379;PROD_12;1;1
CORD_ORD_379;PROD_13;1;1
CORD_ORD_379;PROD_14;1;1
CORD_ORD_379;PROD_16;1;1
CORD_ORD_379;PROD_19;1;1
CORD_ORD_379;PROD_21;1;1
CORD_ORD_379;PROD_23;1;1
CORD_ORD_379;PROD_24;1;1
CORD_ORD_379;PROD_27;1;1
CORD_ORD_379;PROD_28;1;1
CORD_ORD_379;PROD_29;1;1
CORD_ORD_379;PROD_30;1;1
CORD_ORD_379;PROD_32;1;1
CORD_ORD_379;PROD_33;1;1
CORD_ORD_379;PROD_37;1;1
CORD_ORD_379;PROD_38;1;1
CORD_ORD_379;PROD_4;1;1
CORD_ORD_379;PROD_40;1;1
CORD_ORD_379;PROD_42;1;1
CORD_ORD_379;PROD_43;1;1
CORD_ORD_379;PROD_44;1;1
CORD_ORD_379;PROD_45;1;1
CORD_ORD_379;PROD_47;1;1
CORD_ORD_379;PROD_8;1;1
CORD_ORD_379;PROD_9;1;1
CORD_ORD_380;PROD_1;1;1
CORD_ORD_380;PROD_10;1;1
CORD_ORD_380;PROD_13;1;1
CORD_ORD_380;PROD_16;1;1
CORD_ORD_380;PROD_20;1;1
CORD_ORD_380;PROD_26;1;1
CORD_ORD_380;PROD_3;1;1
CORD_ORD_380;PROD_35;1;1
CORD_ORD_380;PROD_36;1;1
CORD_ORD_380;PROD_38;1;1
CORD_ORD_380;PROD_39;1;1
CORD_ORD_380;PROD_46;1;1
CORD_ORD_380;PROD_6;1;1
CORD_ORD_380;PROD_8;1;1
CORD_ORD_381;PROD_10;1;1
CORD_ORD_381;PROD_11;1;1
CORD_ORD_381;PROD_12;1;1
CORD_ORD_381;PROD_13;1;1
CORD_ORD_381;PROD_14;1;1
CORD_ORD_381;PROD_16;1;1
CORD_ORD_381;PROD_17;1;1
CORD_ORD_381;PROD_18;1;1
CORD_ORD_381;PROD_19;1;1
CORD_ORD_381;PROD_2;1;1
CORD_ORD_381;PROD_21;1;1
CORD_ORD_381;PROD_22;1;1
CORD_ORD_381;PROD_25;1;1
CORD_ORD_381;PROD_27;1;1
CORD_ORD_381;PROD_28;1;1
CORD_ORD_381;PROD_29;1;1
CORD_ORD_381;PROD_31;1;1
CORD_ORD_381;PROD_32;1;1
CORD_ORD_381;PROD_33;1;1
CORD_ORD_381;PROD_38;1;1
CORD_ORD_381;PROD_4;1;1
CORD_ORD_381;PROD_41;1;1
CORD_ORD_381;PROD_43;1;1
CORD_ORD_381;PROD_44;1;1
CORD_ORD_381;PROD_47;1;1
CORD_ORD_381;PROD_48;1;1
CORD_ORD_381;PROD_50;1;1
CORD_ORD_381;PROD_8;1;1
CORD_ORD_381;PROD_9;1;1
CORD_ORD_382;PROD_1;1;1
CORD_ORD_382;PROD_10;1;1
CORD_ORD_382;PROD_13;1;1
CORD_ORD_382;PROD_16;1;1
CORD_ORD_382;PROD_20;1;1
CORD_ORD_382;PROD_22;1;1
CORD_ORD_382;PROD_25;1;1
CORD_ORD_382;PROD_3;1;1
CORD_ORD_382;PROD_35;1;1
CORD_ORD_382;PROD_36;1;1
CORD_ORD_382;PROD_38;1;1
CORD_ORD_382;PROD_39;1;1
CORD_ORD_382;PROD_50;1;1
CORD_ORD_382;PROD_8;1;1
CORD_ORD_383;PROD_1;1;1
CORD_ORD_383;PROD_10;1;1
CORD_ORD_383;PROD_11;1;1
CORD_ORD_383;PROD_14;1;1
CORD_ORD_383;PROD_16;1;1
CORD_ORD_383;PROD_20;1;1
CORD_ORD_383;PROD_27;1;1
CORD_ORD_383;PROD_28;1;1
CORD_ORD_383;PROD_29;1;1
CORD_ORD_383;PROD_3;1;1
CORD_ORD_383;PROD_32;1;1
CORD_ORD_383;PROD_35;1;1
CORD_ORD_383;PROD_36;1;1
CORD_ORD_383;PROD_39;1;1
CORD_ORD_383;PROD_43;1;1
CORD_ORD_383;PROD_47;1;1
CORD_ORD_383;PROD_8;1;1
CORD_ORD_383;PROD_9;1;1
CORD_ORD_384;PROD_10;1;1
CORD_ORD_384;PROD_11;1;1
CORD_ORD_384;PROD_12;1;1
CORD_ORD_384;PROD_13;1;1
CORD_ORD_384;PROD_15;1;1
CORD_ORD_384;PROD_16;1;1
CORD_ORD_384;PROD_18;1;1
CORD_ORD_384;PROD_2;1;1
CORD_ORD_384;PROD_20;1;1
CORD_ORD_384;PROD_21;1;1
CORD_ORD_384;PROD_22;1;1
CORD_ORD_384;PROD_25;1;1
CORD_ORD_384;PROD_26;1;1
CORD_ORD_384;PROD_27;1;1
CORD_ORD_384;PROD_29;1;1
CORD_ORD_384;PROD_32;1;1
CORD_ORD_384;PROD_34;1;1
CORD_ORD_384;PROD_35;1;1
CORD_ORD_384;PROD_38;1;1
CORD_ORD_384;PROD_39;1;1
CORD_ORD_384;PROD_4;1;1
CORD_ORD_384;PROD_41;1;1
CORD_ORD_384;PROD_43;1;1
CORD_ORD_384;PROD_46;1;1
CORD_ORD_384;PROD_47;1;1
CORD_ORD_384;PROD_49;1;1
CORD_ORD_384;PROD_50;1;1
CORD_ORD_384;PROD_6;1;1
CORD_ORD_384;PROD_8;1;1
CORD_ORD_385;PROD_1;1;1
CORD_ORD_385;PROD_14;1;1
CORD_ORD_385;PROD_17;1;1
CORD_ORD_385;PROD_18;1;1
CORD_ORD_385;PROD_2;1;1
CORD_ORD_385;PROD_24;1;1
CORD_ORD_385;PROD_26;1;1
CORD_ORD_385;PROD_28;1;1
CORD_ORD_385;PROD_3;1;1
CORD_ORD_385;PROD_30;1;1
CORD_ORD_385;PROD_31;1;1
CORD_ORD_385;PROD_36;1;1
CORD_ORD_385;PROD_37;1;1
CORD_ORD_385;PROD_40;1;1
CORD_ORD_385;PROD_41;1;1
CORD_ORD_385;PROD_42;1;1
CORD_ORD_385;PROD_46;1;1
CORD_ORD_385;PROD_48;1;1
CORD_ORD_385;PROD_6;1;1
CORD_ORD_385;PROD_9;1;1
CORD_ORD_386;PROD_12;1;1
CORD_ORD_386;PROD_13;1;1
CORD_ORD_386;PROD_15;1;1
CORD_ORD_386;PROD_17;1;1
CORD_ORD_386;PROD_21;1;1
CORD_ORD_386;PROD_22;1;1
CORD_ORD_386;PROD_23;1;1
CORD_ORD_386;PROD_24;1;1
CORD_ORD_386;PROD_25;1;1
CORD_ORD_386;PROD_26;1;1
CORD_ORD_386;PROD_31;1;1
CORD_ORD_386;PROD_34;1;1
CORD_ORD_386;PROD_37;1;1
CORD_ORD_386;PROD_38;1;1
CORD_ORD_386;PROD_4;1;1
CORD_ORD_386;PROD_42;1;1
CORD_ORD_386;PROD_45;1;1
CORD_ORD_386;PROD_46;1;1
CORD_ORD_386;PROD_48;1;1
CORD_ORD_386;PROD_49;1;1
CORD_ORD_386;PROD_50;1;1
CORD_ORD_386;PROD_6;1;1
CORD_ORD_387;PROD_1;1;1
CORD_ORD_387;PROD_10;1;1
CORD_ORD_387;PROD_14;1;1
CORD_ORD_387;PROD_16;1;1
CORD_ORD_387;PROD_17;1;1
CORD_ORD_387;PROD_22;1;1
CORD_ORD_387;PROD_25;1;1
CORD_ORD_387;PROD_28;1;1
CORD_ORD_387;PROD_3;1;1
CORD_ORD_387;PROD_30;1;1
CORD_ORD_387;PROD_31;1;1
CORD_ORD_387;PROD_32;1;1
CORD_ORD_387;PROD_36;1;1
CORD_ORD_387;PROD_40;1;1
CORD_ORD_387;PROD_43;1;1
CORD_ORD_387;PROD_47;1;1
CORD_ORD_387;PROD_48;1;1
CORD_ORD_387;PROD_5;1;1
CORD_ORD_387;PROD_50;1;1
CORD_ORD_387;PROD_7;1;1
CORD_ORD_387;PROD_8;1;1
CORD_ORD_387;PROD_9;1;1
CORD_ORD_388;PROD_15;1;1
CORD_ORD_388;PROD_17;1;1
CORD_ORD_388;PROD_22;1;1
CORD_ORD_388;PROD_25;1;1
CORD_ORD_388;PROD_26;1;1
CORD_ORD_388;PROD_31;1;1
CORD_ORD_388;PROD_34;1;1
CORD_ORD_388;PROD_46;1;1
CORD_ORD_388;PROD_48;1;1
CORD_ORD_388;PROD_49;1;1
CORD_ORD_388;PROD_50;1;1
CORD_ORD_388;PROD_6;1;1
CORD_ORD_389;PROD_10;1;1
CORD_ORD_389;PROD_11;1;1
CORD_ORD_389;PROD_16;1;1
CORD_ORD_389;PROD_26;1;1
CORD_ORD_389;PROD_27;1;1
CORD_ORD_389;PROD_29;1;1
CORD_ORD_389;PROD_46;1;1
CORD_ORD_389;PROD_6;1;1
CORD_ORD_389;PROD_8;1;1
CORD_ORD_390;PROD_1;1;1
CORD_ORD_390;PROD_10;1;1
CORD_ORD_390;PROD_16;1;1
CORD_ORD_390;PROD_26;1;1
CORD_ORD_390;PROD_3;1;1
CORD_ORD_390;PROD_36;1;1
CORD_ORD_390;PROD_46;1;1
CORD_ORD_390;PROD_6;1;1
CORD_ORD_390;PROD_8;1;1
CORD_ORD_391;PROD_12;1;1
CORD_ORD_391;PROD_13;1;1
CORD_ORD_391;PROD_14;1;1
CORD_ORD_391;PROD_15;1;1
CORD_ORD_391;PROD_18;1;1
CORD_ORD_391;PROD_2;1;1
CORD_ORD_391;PROD_21;1;1
CORD_ORD_391;PROD_22;1;1
CORD_ORD_391;PROD_24;1;1
CORD_ORD_391;PROD_25;1;1
CORD_ORD_391;PROD_28;1;1
CORD_ORD_391;PROD_30;1;1
CORD_ORD_391;PROD_32;1;1
CORD_ORD_391;PROD_34;1;1
CORD_ORD_391;PROD_37;1;1
CORD_ORD_391;PROD_38;1;1
CORD_ORD_391;PROD_4;1;1
CORD_ORD_391;PROD_40;1;1
CORD_ORD_391;PROD_41;1;1
CORD_ORD_391;PROD_42;1;1
CORD_ORD_391;PROD_43;1;1
CORD_ORD_391;PROD_47;1;1
CORD_ORD_391;PROD_49;1;1
CORD_ORD_391;PROD_50;1;1
CORD_ORD_391;PROD_9;1;1
CORD_ORD_392;PROD_11;1;1
CORD_ORD_392;PROD_14;1;1
CORD_ORD_392;PROD_15;1;1
CORD_ORD_392;PROD_17;1;1
CORD_ORD_392;PROD_18;1;1
CORD_ORD_392;PROD_2;1;1
CORD_ORD_392;PROD_22;1;1
CORD_ORD_392;PROD_25;1;1
CORD_ORD_392;PROD_26;1;1
CORD_ORD_392;PROD_27;1;1
CORD_ORD_392;PROD_28;1;1
CORD_ORD_392;PROD_29;1;1
CORD_ORD_392;PROD_31;1;1
CORD_ORD_392;PROD_32;1;1
CORD_ORD_392;PROD_34;1;1
CORD_ORD_392;PROD_41;1;1
CORD_ORD_392;PROD_43;1;1
CORD_ORD_392;PROD_46;1;1
CORD_ORD_392;PROD_47;1;1
CORD_ORD_392;PROD_48;1;1
CORD_ORD_392;PROD_49;1;1
CORD_ORD_392;PROD_5;1;1
CORD_ORD_392;PROD_50;1;1
CORD_ORD_392;PROD_6;1;1
CORD_ORD_392;PROD_7;1;1
CORD_ORD_392;PROD_9;1;1
CORD_ORD_393;PROD_1;1;1
CORD_ORD_393;PROD_11;1;1
CORD_ORD_393;PROD_14;1;1
CORD_ORD_393;PROD_15;1;1
CORD_ORD_393;PROD_17;1;1
CORD_ORD_393;PROD_18;1;1
CORD_ORD_393;PROD_2;1;1
CORD_ORD_393;PROD_22;1;1
CORD_ORD_393;PROD_24;1;1
CORD_ORD_393;PROD_25;1;1
CORD_ORD_393;PROD_26;1;1
CORD_ORD_393;PROD_27;1;1
CORD_ORD_393;PROD_28;1;1
CORD_ORD_393;PROD_29;1;1
CORD_ORD_393;PROD_3;1;1
CORD_ORD_393;PROD_31;1;1
CORD_ORD_393;PROD_32;1;1
CORD_ORD_393;PROD_34;1;1
CORD_ORD_393;PROD_36;1;1
CORD_ORD_393;PROD_37;1;1
CORD_ORD_393;PROD_41;1;1
CORD_ORD_393;PROD_42;1;1
CORD_ORD_393;PROD_43;1;1
CORD_ORD_393;PROD_46;1;1
CORD_ORD_393;PROD_47;1;1
CORD_ORD_393;PROD_48;1;1
CORD_ORD_393;PROD_49;1;1
CORD_ORD_393;PROD_50;1;1
CORD_ORD_393;PROD_6;1;1
CORD_ORD_393;PROD_9;1;1
CORD_ORD_394;PROD_1;1;1
CORD_ORD_394;PROD_10;1;1
CORD_ORD_394;PROD_14;1;1
CORD_ORD_394;PROD_15;1;1
CORD_ORD_394;PROD_16;1;1
CORD_ORD_394;PROD_17;1;1
CORD_ORD_394;PROD_20;1;1
CORD_ORD_394;PROD_22;1;1
CORD_ORD_394;PROD_25;1;1
CORD_ORD_394;PROD_26;1;1
CORD_ORD_394;PROD_28;1;1
CORD_ORD_394;PROD_3;1;1
CORD_ORD_394;PROD_30;1;1
CORD_ORD_394;PROD_31;1;1
CORD_ORD_394;PROD_32;1;1
CORD_ORD_394;PROD_34;1;1
CORD_ORD_394;PROD_35;1;1
CORD_ORD_394;PROD_36;1;1
CORD_ORD_394;PROD_39;1;1
CORD_ORD_394;PROD_40;1;1
CORD_ORD_394;PROD_43;1;1
CORD_ORD_394;PROD_46;1;1
CORD_ORD_394;PROD_47;1;1
CORD_ORD_394;PROD_48;1;1
CORD_ORD_394;PROD_49;1;1
CORD_ORD_394;PROD_50;1;1
CORD_ORD_394;PROD_6;1;1
CORD_ORD_394;PROD_8;1;1
CORD_ORD_394;PROD_9;1;1
CORD_ORD_395;PROD_1;1;1
CORD_ORD_395;PROD_10;1;1
CORD_ORD_395;PROD_12;1;1
CORD_ORD_395;PROD_13;1;1
CORD_ORD_395;PROD_16;1;1
CORD_ORD_395;PROD_17;1;1
CORD_ORD_395;PROD_20;1;1
CORD_ORD_395;PROD_21;1;1
CORD_ORD_395;PROD_24;1;1
CORD_ORD_395;PROD_3;1;1
CORD_ORD_395;PROD_31;1;1
CORD_ORD_395;PROD_35;1;1
CORD_ORD_395;PROD_36;1;1
CORD_ORD_395;PROD_37;1;1
CORD_ORD_395;PROD_38;1;1
CORD_ORD_395;PROD_39;1;1
CORD_ORD_395;PROD_4;1;1
CORD_ORD_395;PROD_42;1;1
CORD_ORD_395;PROD_48;1;1
CORD_ORD_395;PROD_8;1;1
CORD_ORD_396;PROD_1;1;1
CORD_ORD_396;PROD_15;1;1
CORD_ORD_396;PROD_17;1;1
CORD_ORD_396;PROD_18;1;1
CORD_ORD_396;PROD_2;1;1
CORD_ORD_396;PROD_20;1;1
CORD_ORD_396;PROD_22;1;1
CORD_ORD_396;PROD_24;1;1
CORD_ORD_396;PROD_25;1;1
CORD_ORD_396;PROD_26;1;1
CORD_ORD_396;PROD_3;1;1
CORD_ORD_396;PROD_31;1;1
CORD_ORD_396;PROD_34;1;1
CORD_ORD_396;PROD_35;1;1
CORD_ORD_396;PROD_36;1;1
CORD_ORD_396;PROD_37;1;1
CORD_ORD_396;PROD_39;1;1
CORD_ORD_396;PROD_41;1;1
CORD_ORD_396;PROD_42;1;1
CORD_ORD_396;PROD_46;1;1
CORD_ORD_396;PROD_48;1;1
CORD_ORD_396;PROD_49;1;1
CORD_ORD_396;PROD_50;1;1
CORD_ORD_396;PROD_6;1;1
CORD_ORD_397;PROD_1;1;1
CORD_ORD_397;PROD_10;1;1
CORD_ORD_397;PROD_11;1;1
CORD_ORD_397;PROD_16;1;1
CORD_ORD_397;PROD_18;1;1
CORD_ORD_397;PROD_19;1;1
CORD_ORD_397;PROD_2;1;1
CORD_ORD_397;PROD_20;1;1
CORD_ORD_397;PROD_22;1;1
CORD_ORD_397;PROD_24;1;1
CORD_ORD_397;PROD_25;1;1
CORD_ORD_397;PROD_26;1;1
CORD_ORD_397;PROD_27;1;1
CORD_ORD_397;PROD_29;1;1
CORD_ORD_397;PROD_3;1;1
CORD_ORD_397;PROD_33;1;1
CORD_ORD_397;PROD_35;1;1
CORD_ORD_397;PROD_36;1;1
CORD_ORD_397;PROD_37;1;1
CORD_ORD_397;PROD_39;1;1
CORD_ORD_397;PROD_41;1;1
CORD_ORD_397;PROD_42;1;1
CORD_ORD_397;PROD_44;1;1
CORD_ORD_397;PROD_46;1;1
CORD_ORD_397;PROD_50;1;1
CORD_ORD_397;PROD_6;1;1
CORD_ORD_397;PROD_8;1;1
CORD_ORD_398;PROD_1;1;1
CORD_ORD_398;PROD_10;1;1
CORD_ORD_398;PROD_14;1;1
CORD_ORD_398;PROD_16;1;1
CORD_ORD_398;PROD_20;1;1
CORD_ORD_398;PROD_28;1;1
CORD_ORD_398;PROD_3;1;1
CORD_ORD_398;PROD_35;1;1
CORD_ORD_398;PROD_36;1;1
CORD_ORD_398;PROD_39;1;1
CORD_ORD_398;PROD_8;1;1
CORD_ORD_398;PROD_9;1;1
CORD_ORD_399;PROD_10;1;1
CORD_ORD_399;PROD_11;1;1
CORD_ORD_399;PROD_13;1;1
CORD_ORD_399;PROD_15;1;1
CORD_ORD_399;PROD_16;1;1
CORD_ORD_399;PROD_17;1;1
CORD_ORD_399;PROD_18;1;1
CORD_ORD_399;PROD_19;1;1
CORD_ORD_399;PROD_2;1;1
CORD_ORD_399;PROD_23;1;1
CORD_ORD_399;PROD_26;1;1
CORD_ORD_399;PROD_27;1;1
CORD_ORD_399;PROD_29;1;1
CORD_ORD_399;PROD_30;1;1
CORD_ORD_399;PROD_31;1;1
CORD_ORD_399;PROD_33;1;1
CORD_ORD_399;PROD_34;1;1
CORD_ORD_399;PROD_38;1;1
CORD_ORD_399;PROD_40;1;1
CORD_ORD_399;PROD_41;1;1
CORD_ORD_399;PROD_44;1;1
CORD_ORD_399;PROD_45;1;1
CORD_ORD_399;PROD_46;1;1
CORD_ORD_399;PROD_48;1;1
CORD_ORD_399;PROD_49;1;1
CORD_ORD_399;PROD_6;1;1
CORD_ORD_399;PROD_8;1;1
CORD_ORD_400;PROD_12;1;1
CORD_ORD_400;PROD_21;1;1
CORD_ORD_400;PROD_23;1;1
CORD_ORD_400;PROD_24;1;1
CORD_ORD_400;PROD_32;1;1
CORD_ORD_400;PROD_37;1;1
CORD_ORD_400;PROD_4;1;1
CORD_ORD_400;PROD_42;1;1
CORD_ORD_400;PROD_43;1;1
CORD_ORD_400;PROD_45;1;1
CORD_ORD_400;PROD_47;1;1
CORD_ORD_401;PROD_10;1;1
CORD_ORD_401;PROD_11;1;1
CORD_ORD_401;PROD_15;1;1
CORD_ORD_401;PROD_16;1;1
CORD_ORD_401;PROD_17;1;1
CORD_ORD_401;PROD_18;1;1
CORD_ORD_401;PROD_2;1;1
CORD_ORD_401;PROD_20;1;1
CORD_ORD_401;PROD_22;1;1
CORD_ORD_401;PROD_24;1;1
CORD_ORD_401;PROD_25;1;1
CORD_ORD_401;PROD_27;1;1
CORD_ORD_401;PROD_29;1;1
CORD_ORD_401;PROD_31;1;1
CORD_ORD_401;PROD_32;1;1
CORD_ORD_401;PROD_34;1;1
CORD_ORD_401;PROD_35;1;1
CORD_ORD_401;PROD_37;1;1
CORD_ORD_401;PROD_39;1;1
CORD_ORD_401;PROD_41;1;1
CORD_ORD_401;PROD_42;1;1
CORD_ORD_401;PROD_43;1;1
CORD_ORD_401;PROD_47;1;1
CORD_ORD_401;PROD_48;1;1
CORD_ORD_401;PROD_49;1;1
CORD_ORD_401;PROD_50;1;1
CORD_ORD_401;PROD_8;1;1
CORD_ORD_402;PROD_10;1;1
CORD_ORD_402;PROD_12;1;1
CORD_ORD_402;PROD_16;1;1
CORD_ORD_402;PROD_18;1;1
CORD_ORD_402;PROD_19;1;1
CORD_ORD_402;PROD_2;1;1
CORD_ORD_402;PROD_20;1;1
CORD_ORD_402;PROD_21;1;1
CORD_ORD_402;PROD_22;1;1
CORD_ORD_402;PROD_24;1;1
CORD_ORD_402;PROD_25;1;1
CORD_ORD_402;PROD_26;1;1
CORD_ORD_402;PROD_33;1;1
CORD_ORD_402;PROD_35;1;1
CORD_ORD_402;PROD_37;1;1
CORD_ORD_402;PROD_39;1;1
CORD_ORD_402;PROD_4;1;1
CORD_ORD_402;PROD_41;1;1
CORD_ORD_402;PROD_42;1;1
CORD_ORD_402;PROD_44;1;1
CORD_ORD_402;PROD_46;1;1
CORD_ORD_402;PROD_50;1;1
CORD_ORD_402;PROD_6;1;1
CORD_ORD_402;PROD_8;1;1
CORD_ORD_403;PROD_1;1;1
CORD_ORD_403;PROD_11;1;1
CORD_ORD_403;PROD_13;1;1
CORD_ORD_403;PROD_14;1;1
CORD_ORD_403;PROD_19;1;1
CORD_ORD_403;PROD_22;1;1
CORD_ORD_403;PROD_23;1;1
CORD_ORD_403;PROD_25;1;1
CORD_ORD_403;PROD_27;1;1
CORD_ORD_403;PROD_28;1;1
CORD_ORD_403;PROD_29;1;1
CORD_ORD_403;PROD_3;1;1
CORD_ORD_403;PROD_33;1;1
CORD_ORD_403;PROD_36;1;1
CORD_ORD_403;PROD_38;1;1
CORD_ORD_403;PROD_44;1;1
CORD_ORD_403;PROD_45;1;1
CORD_ORD_403;PROD_5;1;1
CORD_ORD_403;PROD_50;1;1
CORD_ORD_403;PROD_7;1;1
CORD_ORD_403;PROD_9;1;1
CORD_ORD_404;PROD_1;1;1
CORD_ORD_404;PROD_10;1;1
CORD_ORD_404;PROD_14;1;1
CORD_ORD_404;PROD_16;1;1
CORD_ORD_404;PROD_20;1;1
CORD_ORD_404;PROD_26;1;1
CORD_ORD_404;PROD_28;1;1
CORD_ORD_404;PROD_3;1;1
CORD_ORD_404;PROD_35;1;1
CORD_ORD_404;PROD_36;1;1
CORD_ORD_404;PROD_39;1;1
CORD_ORD_404;PROD_46;1;1
CORD_ORD_404;PROD_6;1;1
CORD_ORD_404;PROD_8;1;1
CORD_ORD_404;PROD_9;1;1
CORD_ORD_405;PROD_1;1;1
CORD_ORD_405;PROD_12;1;1
CORD_ORD_405;PROD_13;1;1
CORD_ORD_405;PROD_17;1;1
CORD_ORD_405;PROD_19;1;1
CORD_ORD_405;PROD_20;1;1
CORD_ORD_405;PROD_21;1;1
CORD_ORD_405;PROD_24;1;1
CORD_ORD_405;PROD_3;1;1
CORD_ORD_405;PROD_31;1;1
CORD_ORD_405;PROD_33;1;1
CORD_ORD_405;PROD_35;1;1
CORD_ORD_405;PROD_36;1;1
CORD_ORD_405;PROD_37;1;1
CORD_ORD_405;PROD_38;1;1
CORD_ORD_405;PROD_39;1;1
CORD_ORD_405;PROD_4;1;1
CORD_ORD_405;PROD_42;1;1
CORD_ORD_405;PROD_44;1;1
CORD_ORD_405;PROD_48;1;1
CORD_ORD_406;PROD_1;1;1
CORD_ORD_406;PROD_10;1;1
CORD_ORD_406;PROD_13;1;1
CORD_ORD_406;PROD_14;1;1
CORD_ORD_406;PROD_16;1;1
CORD_ORD_406;PROD_18;1;1
CORD_ORD_406;PROD_19;1;1
CORD_ORD_406;PROD_2;1;1
CORD_ORD_406;PROD_20;1;1
CORD_ORD_406;PROD_22;1;1
CORD_ORD_406;PROD_24;1;1
CORD_ORD_406;PROD_25;1;1
CORD_ORD_406;PROD_28;1;1
CORD_ORD_406;PROD_3;1;1
CORD_ORD_406;PROD_30;1;1
CORD_ORD_406;PROD_33;1;1
CORD_ORD_406;PROD_35;1;1
CORD_ORD_406;PROD_36;1;1
CORD_ORD_406;PROD_37;1;1
CORD_ORD_406;PROD_38;1;1
CORD_ORD_406;PROD_39;1;1
CORD_ORD_406;PROD_40;1;1
CORD_ORD_406;PROD_41;1;1
CORD_ORD_406;PROD_42;1;1
CORD_ORD_406;PROD_44;1;1
CORD_ORD_406;PROD_50;1;1
CORD_ORD_406;PROD_8;1;1
CORD_ORD_406;PROD_9;1;1
CORD_ORD_407;PROD_11;1;1
CORD_ORD_407;PROD_14;1;1
CORD_ORD_407;PROD_17;1;1
CORD_ORD_407;PROD_18;1;1
CORD_ORD_407;PROD_2;1;1
CORD_ORD_407;PROD_26;1;1
CORD_ORD_407;PROD_27;1;1
CORD_ORD_407;PROD_28;1;1
CORD_ORD_407;PROD_29;1;1
CORD_ORD_407;PROD_31;1;1
CORD_ORD_407;PROD_32;1;1
CORD_ORD_407;PROD_41;1;1
CORD_ORD_407;PROD_43;1;1
CORD_ORD_407;PROD_46;1;1
CORD_ORD_407;PROD_47;1;1
CORD_ORD_407;PROD_48;1;1
CORD_ORD_407;PROD_6;1;1
CORD_ORD_407;PROD_9;1;1
CORD_ORD_408;PROD_12;1;1
CORD_ORD_408;PROD_13;1;1
CORD_ORD_408;PROD_14;1;1
CORD_ORD_408;PROD_15;1;1
CORD_ORD_408;PROD_17;1;1
CORD_ORD_408;PROD_19;1;1
CORD_ORD_408;PROD_21;1;1
CORD_ORD_408;PROD_22;1;1
CORD_ORD_408;PROD_25;1;1
CORD_ORD_408;PROD_26;1;1
CORD_ORD_408;PROD_28;1;1
CORD_ORD_408;PROD_31;1;1
CORD_ORD_408;PROD_32;1;1
CORD_ORD_408;PROD_33;1;1
CORD_ORD_408;PROD_34;1;1
CORD_ORD_408;PROD_38;1;1
CORD_ORD_408;PROD_4;1;1
CORD_ORD_408;PROD_43;1;1
CORD_ORD_408;PROD_44;1;1
CORD_ORD_408;PROD_46;1;1
CORD_ORD_408;PROD_47;1;1
CORD_ORD_408;PROD_48;1;1
CORD_ORD_408;PROD_49;1;1
CORD_ORD_408;PROD_5;1;1
CORD_ORD_408;PROD_50;1;1
CORD_ORD_408;PROD_6;1;1
CORD_ORD_408;PROD_7;1;1
CORD_ORD_408;PROD_9;1;1
CORD_ORD_409;PROD_11;1;1
CORD_ORD_409;PROD_13;1;1
CORD_ORD_409;PROD_14;1;1
CORD_ORD_409;PROD_15;1;1
CORD_ORD_409;PROD_17;1;1
CORD_ORD_409;PROD_19;1;1
CORD_ORD_409;PROD_22;1;1
CORD_ORD_409;PROD_24;1;1
CORD_ORD_409;PROD_25;1;1
CORD_ORD_409;PROD_26;1;1
CORD_ORD_409;PROD_27;1;1
CORD_ORD_409;PROD_28;1;1
CORD_ORD_409;PROD_29;1;1
CORD_ORD_409;PROD_31;1;1
CORD_ORD_409;PROD_33;1;1
CORD_ORD_409;PROD_34;1;1
CORD_ORD_409;PROD_37;1;1
CORD_ORD_409;PROD_38;1;1
CORD_ORD_409;PROD_42;1;1
CORD_ORD_409;PROD_44;1;1
CORD_ORD_409;PROD_46;1;1
CORD_ORD_409;PROD_48;1;1
CORD_ORD_409;PROD_49;1;1
CORD_ORD_409;PROD_5;1;1
CORD_ORD_409;PROD_50;1;1
CORD_ORD_409;PROD_6;1;1
CORD_ORD_409;PROD_7;1;1
CORD_ORD_409;PROD_9;1;1
CORD_ORD_410;PROD_10;1;1
CORD_ORD_410;PROD_15;1;1
CORD_ORD_410;PROD_16;1;1
CORD_ORD_410;PROD_17;1;1
CORD_ORD_410;PROD_19;1;1
CORD_ORD_410;PROD_22;1;1
CORD_ORD_410;PROD_23;1;1
CORD_ORD_410;PROD_25;1;1
CORD_ORD_410;PROD_31;1;1
CORD_ORD_410;PROD_33;1;1
CORD_ORD_410;PROD_34;1;1
CORD_ORD_410;PROD_44;1;1
CORD_ORD_410;PROD_45;1;1
CORD_ORD_410;PROD_48;1;1
CORD_ORD_410;PROD_49;1;1
CORD_ORD_410;PROD_5;1;1
CORD_ORD_410;PROD_50;1;1
CORD_ORD_410;PROD_7;1;1
CORD_ORD_410;PROD_8;1;1
CORD_ORD_411;PROD_12;1;1
CORD_ORD_411;PROD_13;1;1
CORD_ORD_411;PROD_15;1;1
CORD_ORD_411;PROD_17;1;1
CORD_ORD_411;PROD_21;1;1
CORD_ORD_411;PROD_31;1;1
CORD_ORD_411;PROD_32;1;1
CORD_ORD_411;PROD_34;1;1
CORD_ORD_411;PROD_38;1;1
CORD_ORD_411;PROD_4;1;1
CORD_ORD_411;PROD_43;1;1
CORD_ORD_411;PROD_47;1;1
CORD_ORD_411;PROD_48;1;1
CORD_ORD_411;PROD_49;1;1
CORD_ORD_412;PROD_1;1;1
CORD_ORD_412;PROD_10;1;1
CORD_ORD_412;PROD_13;1;1
CORD_ORD_412;PROD_15;1;1
CORD_ORD_412;PROD_16;1;1
CORD_ORD_412;PROD_20;1;1
CORD_ORD_412;PROD_22;1;1
CORD_ORD_412;PROD_25;1;1
CORD_ORD_412;PROD_26;1;1
CORD_ORD_412;PROD_3;1;1
CORD_ORD_412;PROD_34;1;1
CORD_ORD_412;PROD_35;1;1
CORD_ORD_412;PROD_36;1;1
CORD_ORD_412;PROD_38;1;1
CORD_ORD_412;PROD_39;1;1
CORD_ORD_412;PROD_46;1;1
CORD_ORD_412;PROD_49;1;1
CORD_ORD_412;PROD_50;1;1
CORD_ORD_412;PROD_6;1;1
CORD_ORD_412;PROD_8;1;1
CORD_ORD_413;PROD_12;1;1
CORD_ORD_413;PROD_14;1;1
CORD_ORD_413;PROD_17;1;1
CORD_ORD_413;PROD_18;1;1
CORD_ORD_413;PROD_19;1;1
CORD_ORD_413;PROD_2;1;1
CORD_ORD_413;PROD_21;1;1
CORD_ORD_413;PROD_22;1;1
CORD_ORD_413;PROD_25;1;1
CORD_ORD_413;PROD_26;1;1
CORD_ORD_413;PROD_28;1;1
CORD_ORD_413;PROD_31;1;1
CORD_ORD_413;PROD_33;1;1
CORD_ORD_413;PROD_4;1;1
CORD_ORD_413;PROD_41;1;1
CORD_ORD_413;PROD_44;1;1
CORD_ORD_413;PROD_46;1;1
CORD_ORD_413;PROD_48;1;1
CORD_ORD_413;PROD_50;1;1
CORD_ORD_413;PROD_6;1;1
CORD_ORD_413;PROD_9;1;1
CORD_ORD_414;PROD_1;1;1
CORD_ORD_414;PROD_10;1;1
CORD_ORD_414;PROD_12;1;1
CORD_ORD_414;PROD_15;1;1
CORD_ORD_414;PROD_16;1;1
CORD_ORD_414;PROD_17;1;1
CORD_ORD_414;PROD_18;1;1
CORD_ORD_414;PROD_2;1;1
CORD_ORD_414;PROD_21;1;1
CORD_ORD_414;PROD_24;1;1
CORD_ORD_414;PROD_26;1;1
CORD_ORD_414;PROD_3;1;1
CORD_ORD_414;PROD_31;1;1
CORD_ORD_414;PROD_32;1;1
CORD_ORD_414;PROD_34;1;1
CORD_ORD_414;PROD_36;1;1
CORD_ORD_414;PROD_37;1;1
CORD_ORD_414;PROD_4;1;1
CORD_ORD_414;PROD_41;1;1
CORD_ORD_414;PROD_42;1;1
CORD_ORD_414;PROD_43;1;1
CORD_ORD_414;PROD_46;1;1
CORD_ORD_414;PROD_47;1;1
CORD_ORD_414;PROD_48;1;1
CORD_ORD_414;PROD_49;1;1
CORD_ORD_414;PROD_5;1;1
CORD_ORD_414;PROD_6;1;1
CORD_ORD_414;PROD_7;1;1
CORD_ORD_414;PROD_8;1;1
CORD_ORD_415;PROD_11;1;1
CORD_ORD_415;PROD_12;1;1
CORD_ORD_415;PROD_15;1;1
CORD_ORD_415;PROD_17;1;1
CORD_ORD_415;PROD_18;1;1
CORD_ORD_415;PROD_19;1;1
CORD_ORD_415;PROD_2;1;1
CORD_ORD_415;PROD_21;1;1
CORD_ORD_415;PROD_23;1;1
CORD_ORD_415;PROD_24;1;1
CORD_ORD_415;PROD_26;1;1
CORD_ORD_415;PROD_27;1;1
CORD_ORD_415;PROD_29;1;1
CORD_ORD_415;PROD_31;1;1
CORD_ORD_415;PROD_32;1;1
CORD_ORD_415;PROD_33;1;1
CORD_ORD_415;PROD_34;1;1
CORD_ORD_415;PROD_37;1;1
CORD_ORD_415;PROD_4;1;1
CORD_ORD_415;PROD_41;1;1
CORD_ORD_415;PROD_42;1;1
CORD_ORD_415;PROD_43;1;1
CORD_ORD_415;PROD_44;1;1
CORD_ORD_415;PROD_45;1;1
CORD_ORD_415;PROD_46;1;1
CORD_ORD_415;PROD_47;1;1
CORD_ORD_415;PROD_48;1;1
CORD_ORD_415;PROD_49;1;1
CORD_ORD_415;PROD_5;1;1
CORD_ORD_415;PROD_6;1;1
CORD_ORD_415;PROD_7;1;1
CORD_ORD_416;PROD_12;1;1
CORD_ORD_416;PROD_14;1;1
CORD_ORD_416;PROD_15;1;1
CORD_ORD_416;PROD_18;1;1
CORD_ORD_416;PROD_19;1;1
CORD_ORD_416;PROD_2;1;1
CORD_ORD_416;PROD_20;1;1
CORD_ORD_416;PROD_21;1;1
CORD_ORD_416;PROD_23;1;1
CORD_ORD_416;PROD_24;1;1
CORD_ORD_416;PROD_28;1;1
CORD_ORD_416;PROD_32;1;1
CORD_ORD_416;PROD_33;1;1
CORD_ORD_416;PROD_34;1;1
CORD_ORD_416;PROD_35;1;1
CORD_ORD_416;PROD_37;1;1
CORD_ORD_416;PROD_39;1;1
CORD_ORD_416;PROD_4;1;1
CORD_ORD_416;PROD_41;1;1
CORD_ORD_416;PROD_42;1;1
CORD_ORD_416;PROD_43;1;1
CORD_ORD_416;PROD_44;1;1
CORD_ORD_416;PROD_45;1;1
CORD_ORD_416;PROD_47;1;1
CORD_ORD_416;PROD_49;1;1
CORD_ORD_416;PROD_9;1;1
CORD_ORD_417;PROD_1;1;1
CORD_ORD_417;PROD_10;1;1
CORD_ORD_417;PROD_11;1;1
CORD_ORD_417;PROD_12;1;1
CORD_ORD_417;PROD_16;1;1
CORD_ORD_417;PROD_19;1;1
CORD_ORD_417;PROD_21;1;1
CORD_ORD_417;PROD_22;1;1
CORD_ORD_417;PROD_25;1;1
CORD_ORD_417;PROD_26;1;1
CORD_ORD_417;PROD_27;1;1
CORD_ORD_417;PROD_29;1;1
CORD_ORD_417;PROD_3;1;1
CORD_ORD_417;PROD_33;1;1
CORD_ORD_417;PROD_36;1;1
CORD_ORD_417;PROD_4;1;1
CORD_ORD_417;PROD_44;1;1
CORD_ORD_417;PROD_46;1;1
CORD_ORD_417;PROD_5;1;1
CORD_ORD_417;PROD_50;1;1
CORD_ORD_417;PROD_6;1;1
CORD_ORD_417;PROD_7;1;1
CORD_ORD_417;PROD_8;1;1
CORD_ORD_418;PROD_1;1;1
CORD_ORD_418;PROD_17;1;1
CORD_ORD_418;PROD_19;1;1
CORD_ORD_418;PROD_23;1;1
CORD_ORD_418;PROD_3;1;1
CORD_ORD_418;PROD_31;1;1
CORD_ORD_418;PROD_33;1;1
CORD_ORD_418;PROD_36;1;1
CORD_ORD_418;PROD_44;1;1
CORD_ORD_418;PROD_45;1;1
CORD_ORD_418;PROD_48;1;1
CORD_ORD_418;PROD_5;1;1
CORD_ORD_418;PROD_7;1;1
CORD_ORD_419;PROD_1;1;1
CORD_ORD_419;PROD_14;1;1
CORD_ORD_419;PROD_17;1;1
CORD_ORD_419;PROD_18;1;1
CORD_ORD_419;PROD_19;1;1
CORD_ORD_419;PROD_2;1;1
CORD_ORD_419;PROD_23;1;1
CORD_ORD_419;PROD_24;1;1
CORD_ORD_419;PROD_26;1;1
CORD_ORD_419;PROD_28;1;1
CORD_ORD_419;PROD_3;1;1
CORD_ORD_419;PROD_31;1;1
CORD_ORD_419;PROD_33;1;1
CORD_ORD_419;PROD_36;1;1
CORD_ORD_419;PROD_37;1;1
CORD_ORD_419;PROD_41;1;1
CORD_ORD_419;PROD_42;1;1
CORD_ORD_419;PROD_44;1;1
CORD_ORD_419;PROD_45;1;1
CORD_ORD_419;PROD_46;1;1
CORD_ORD_419;PROD_48;1;1
CORD_ORD_419;PROD_6;1;1
CORD_ORD_419;PROD_9;1;1
CORD_ORD_420;PROD_14;1;1
CORD_ORD_420;PROD_15;1;1
CORD_ORD_420;PROD_17;1;1
CORD_ORD_420;PROD_18;1;1
CORD_ORD_420;PROD_19;1;1
CORD_ORD_420;PROD_2;1;1
CORD_ORD_420;PROD_22;1;1
CORD_ORD_420;PROD_23;1;1
CORD_ORD_420;PROD_25;1;1
CORD_ORD_420;PROD_26;1;1
CORD_ORD_420;PROD_28;1;1
CORD_ORD_420;PROD_31;1;1
CORD_ORD_420;PROD_32;1;1
CORD_ORD_420;PROD_33;1;1
CORD_ORD_420;PROD_34;1;1
CORD_ORD_420;PROD_41;1;1
CORD_ORD_420;PROD_43;1;1
CORD_ORD_420;PROD_44;1;1
CORD_ORD_420;PROD_45;1;1
CORD_ORD_420;PROD_46;1;1
CORD_ORD_420;PROD_47;1;1
CORD_ORD_420;PROD_48;1;1
CORD_ORD_420;PROD_49;1;1
CORD_ORD_420;PROD_50;1;1
CORD_ORD_420;PROD_6;1;1
CORD_ORD_420;PROD_9;1;1
CORD_ORD_421;PROD_1;1;1
CORD_ORD_421;PROD_10;1;1
CORD_ORD_421;PROD_11;1;1
CORD_ORD_421;PROD_14;1;1
CORD_ORD_421;PROD_16;1;1
CORD_ORD_421;PROD_17;1;1
CORD_ORD_421;PROD_18;1;1
CORD_ORD_421;PROD_19;1;1
CORD_ORD_421;PROD_2;1;1
CORD_ORD_421;PROD_27;1;1
CORD_ORD_421;PROD_28;1;1
CORD_ORD_421;PROD_29;1;1
CORD_ORD_421;PROD_3;1;1
CORD_ORD_421;PROD_31;1;1
CORD_ORD_421;PROD_32;1;1
CORD_ORD_421;PROD_33;1;1
CORD_ORD_421;PROD_36;1;1
CORD_ORD_421;PROD_41;1;1
CORD_ORD_421;PROD_43;1;1
CORD_ORD_421;PROD_44;1;1
CORD_ORD_421;PROD_47;1;1
CORD_ORD_421;PROD_48;1;1
CORD_ORD_421;PROD_8;1;1
CORD_ORD_421;PROD_9;1;1
CORD_ORD_422;PROD_1;1;1
CORD_ORD_422;PROD_10;1;1
CORD_ORD_422;PROD_16;1;1
CORD_ORD_422;PROD_17;1;1
CORD_ORD_422;PROD_22;1;1
CORD_ORD_422;PROD_25;1;1
CORD_ORD_422;PROD_26;1;1
CORD_ORD_422;PROD_3;1;1
CORD_ORD_422;PROD_31;1;1
CORD_ORD_422;PROD_36;1;1
CORD_ORD_422;PROD_46;1;1
CORD_ORD_422;PROD_48;1;1
CORD_ORD_422;PROD_50;1;1
CORD_ORD_422;PROD_6;1;1
CORD_ORD_422;PROD_8;1;1
CORD_ORD_423;PROD_1;1;1
CORD_ORD_423;PROD_10;1;1
CORD_ORD_423;PROD_16;1;1
CORD_ORD_423;PROD_17;1;1
CORD_ORD_423;PROD_18;1;1
CORD_ORD_423;PROD_2;1;1
CORD_ORD_423;PROD_26;1;1
CORD_ORD_423;PROD_3;1;1
CORD_ORD_423;PROD_30;1;1
CORD_ORD_423;PROD_31;1;1
CORD_ORD_423;PROD_36;1;1
CORD_ORD_423;PROD_40;1;1
CORD_ORD_423;PROD_41;1;1
CORD_ORD_423;PROD_46;1;1
CORD_ORD_423;PROD_48;1;1
CORD_ORD_423;PROD_6;1;1
CORD_ORD_423;PROD_8;1;1
CORD_ORD_424;PROD_10;1;1
CORD_ORD_424;PROD_12;1;1
CORD_ORD_424;PROD_13;1;1
CORD_ORD_424;PROD_16;1;1
CORD_ORD_424;PROD_18;1;1
CORD_ORD_424;PROD_2;1;1
CORD_ORD_424;PROD_21;1;1
CORD_ORD_424;PROD_30;1;1
CORD_ORD_424;PROD_38;1;1
CORD_ORD_424;PROD_4;1;1
CORD_ORD_424;PROD_40;1;1
CORD_ORD_424;PROD_41;1;1
CORD_ORD_424;PROD_8;1;1
CORD_ORD_425;PROD_10;1;1
CORD_ORD_425;PROD_11;1;1
CORD_ORD_425;PROD_16;1;1
CORD_ORD_425;PROD_20;1;1
CORD_ORD_425;PROD_24;1;1
CORD_ORD_425;PROD_27;1;1
CORD_ORD_425;PROD_29;1;1
CORD_ORD_425;PROD_32;1;1
CORD_ORD_425;PROD_35;1;1
CORD_ORD_425;PROD_37;1;1
CORD_ORD_425;PROD_39;1;1
CORD_ORD_425;PROD_42;1;1
CORD_ORD_425;PROD_43;1;1
CORD_ORD_425;PROD_47;1;1
CORD_ORD_425;PROD_8;1;1
CORD_ORD_426;PROD_10;1;1
CORD_ORD_426;PROD_11;1;1
CORD_ORD_426;PROD_14;1;1
CORD_ORD_426;PROD_16;1;1
CORD_ORD_426;PROD_17;1;1
CORD_ORD_426;PROD_19;1;1
CORD_ORD_426;PROD_23;1;1
CORD_ORD_426;PROD_27;1;1
CORD_ORD_426;PROD_28;1;1
CORD_ORD_426;PROD_29;1;1
CORD_ORD_426;PROD_31;1;1
CORD_ORD_426;PROD_33;1;1
CORD_ORD_426;PROD_44;1;1
CORD_ORD_426;PROD_45;1;1
CORD_ORD_426;PROD_48;1;1
CORD_ORD_426;PROD_8;1;1
CORD_ORD_426;PROD_9;1;1
CORD_ORD_427;PROD_10;1;1
CORD_ORD_427;PROD_11;1;1
CORD_ORD_427;PROD_14;1;1
CORD_ORD_427;PROD_15;1;1
CORD_ORD_427;PROD_16;1;1
CORD_ORD_427;PROD_17;1;1
CORD_ORD_427;PROD_18;1;1
CORD_ORD_427;PROD_2;1;1
CORD_ORD_427;PROD_24;1;1
CORD_ORD_427;PROD_26;1;1
CORD_ORD_427;PROD_27;1;1
CORD_ORD_427;PROD_28;1;1
CORD_ORD_427;PROD_29;1;1
CORD_ORD_427;PROD_31;1;1
CORD_ORD_427;PROD_34;1;1
CORD_ORD_427;PROD_37;1;1
CORD_ORD_427;PROD_41;1;1
CORD_ORD_427;PROD_42;1;1
CORD_ORD_427;PROD_46;1;1
CORD_ORD_427;PROD_48;1;1
CORD_ORD_427;PROD_49;1;1
CORD_ORD_427;PROD_6;1;1
CORD_ORD_427;PROD_8;1;1
CORD_ORD_427;PROD_9;1;1
CORD_ORD_428;PROD_11;1;1
CORD_ORD_428;PROD_17;1;1
CORD_ORD_428;PROD_26;1;1
CORD_ORD_428;PROD_27;1;1
CORD_ORD_428;PROD_29;1;1
CORD_ORD_428;PROD_31;1;1
CORD_ORD_428;PROD_32;1;1
CORD_ORD_428;PROD_43;1;1
CORD_ORD_428;PROD_46;1;1
CORD_ORD_428;PROD_47;1;1
CORD_ORD_428;PROD_48;1;1
CORD_ORD_428;PROD_6;1;1
CORD_ORD_429;PROD_13;1;1
CORD_ORD_429;PROD_14;1;1
CORD_ORD_429;PROD_19;1;1
CORD_ORD_429;PROD_26;1;1
CORD_ORD_429;PROD_28;1;1
CORD_ORD_429;PROD_33;1;1
CORD_ORD_429;PROD_38;1;1
CORD_ORD_429;PROD_44;1;1
CORD_ORD_429;PROD_46;1;1
CORD_ORD_429;PROD_6;1;1
CORD_ORD_429;PROD_9;1;1
CORD_ORD_430;PROD_1;1;1
CORD_ORD_430;PROD_14;1;1
CORD_ORD_430;PROD_15;1;1
CORD_ORD_430;PROD_28;1;1
CORD_ORD_430;PROD_3;1;1
CORD_ORD_430;PROD_30;1;1
CORD_ORD_430;PROD_34;1;1
CORD_ORD_430;PROD_36;1;1
CORD_ORD_430;PROD_40;1;1
CORD_ORD_430;PROD_49;1;1
CORD_ORD_430;PROD_9;1;1
CORD_ORD_431;PROD_1;1;1
CORD_ORD_431;PROD_10;1;1
CORD_ORD_431;PROD_11;1;1
CORD_ORD_431;PROD_12;1;1
CORD_ORD_431;PROD_13;1;1
CORD_ORD_431;PROD_16;1;1
CORD_ORD_431;PROD_17;1;1
CORD_ORD_431;PROD_20;1;1
CORD_ORD_431;PROD_21;1;1
CORD_ORD_431;PROD_22;1;1
CORD_ORD_431;PROD_25;1;1
CORD_ORD_431;PROD_27;1;1
CORD_ORD_431;PROD_29;1;1
CORD_ORD_431;PROD_3;1;1
CORD_ORD_431;PROD_30;1;1
CORD_ORD_431;PROD_31;1;1
CORD_ORD_431;PROD_32;1;1
CORD_ORD_431;PROD_35;1;1
CORD_ORD_431;PROD_36;1;1
CORD_ORD_431;PROD_38;1;1
CORD_ORD_431;PROD_39;1;1
CORD_ORD_431;PROD_4;1;1
CORD_ORD_431;PROD_40;1;1
CORD_ORD_431;PROD_43;1;1
CORD_ORD_431;PROD_47;1;1
CORD_ORD_431;PROD_48;1;1
CORD_ORD_431;PROD_50;1;1
CORD_ORD_431;PROD_8;1;1
CORD_ORD_432;PROD_1;1;1
CORD_ORD_432;PROD_11;1;1
CORD_ORD_432;PROD_17;1;1
CORD_ORD_432;PROD_20;1;1
CORD_ORD_432;PROD_22;1;1
CORD_ORD_432;PROD_25;1;1
CORD_ORD_432;PROD_26;1;1
CORD_ORD_432;PROD_27;1;1
CORD_ORD_432;PROD_29;1;1
CORD_ORD_432;PROD_3;1;1
CORD_ORD_432;PROD_30;1;1
CORD_ORD_432;PROD_31;1;1
CORD_ORD_432;PROD_32;1;1
CORD_ORD_432;PROD_35;1;1
CORD_ORD_432;PROD_36;1;1
CORD_ORD_432;PROD_39;1;1
CORD_ORD_432;PROD_40;1;1
CORD_ORD_432;PROD_43;1;1
CORD_ORD_432;PROD_46;1;1
CORD_ORD_432;PROD_47;1;1
CORD_ORD_432;PROD_48;1;1
CORD_ORD_432;PROD_50;1;1
CORD_ORD_432;PROD_6;1;1
CORD_ORD_433;PROD_1;1;1
CORD_ORD_433;PROD_13;1;1
CORD_ORD_433;PROD_14;1;1
CORD_ORD_433;PROD_15;1;1
CORD_ORD_433;PROD_17;1;1
CORD_ORD_433;PROD_18;1;1
CORD_ORD_433;PROD_19;1;1
CORD_ORD_433;PROD_2;1;1
CORD_ORD_433;PROD_20;1;1
CORD_ORD_433;PROD_24;1;1
CORD_ORD_433;PROD_26;1;1
CORD_ORD_433;PROD_28;1;1
CORD_ORD_433;PROD_3;1;1
CORD_ORD_433;PROD_31;1;1
CORD_ORD_433;PROD_32;1;1
CORD_ORD_433;PROD_33;1;1
CORD_ORD_433;PROD_34;1;1
CORD_ORD_433;PROD_35;1;1
CORD_ORD_433;PROD_36;1;1
CORD_ORD_433;PROD_37;1;1
CORD_ORD_433;PROD_38;1;1
CORD_ORD_433;PROD_39;1;1
CORD_ORD_433;PROD_41;1;1
CORD_ORD_433;PROD_42;1;1
CORD_ORD_433;PROD_43;1;1
CORD_ORD_433;PROD_44;1;1
CORD_ORD_433;PROD_46;1;1
CORD_ORD_433;PROD_47;1;1
CORD_ORD_433;PROD_48;1;1
CORD_ORD_433;PROD_49;1;1
CORD_ORD_433;PROD_6;1;1
CORD_ORD_433;PROD_9;1;1
CORD_ORD_434;PROD_11;1;1
CORD_ORD_434;PROD_12;1;1
CORD_ORD_434;PROD_15;1;1
CORD_ORD_434;PROD_17;1;1
CORD_ORD_434;PROD_19;1;1
CORD_ORD_434;PROD_20;1;1
CORD_ORD_434;PROD_21;1;1
CORD_ORD_434;PROD_22;1;1
CORD_ORD_434;PROD_24;1;1
CORD_ORD_434;PROD_25;1;1
CORD_ORD_434;PROD_27;1;1
CORD_ORD_434;PROD_29;1;1
CORD_ORD_434;PROD_31;1;1
CORD_ORD_434;PROD_32;1;1
CORD_ORD_434;PROD_33;1;1
CORD_ORD_434;PROD_34;1;1
CORD_ORD_434;PROD_35;1;1
CORD_ORD_434;PROD_37;1;1
CORD_ORD_434;PROD_39;1;1
CORD_ORD_434;PROD_4;1;1
CORD_ORD_434;PROD_42;1;1
CORD_ORD_434;PROD_43;1;1
CORD_ORD_434;PROD_44;1;1
CORD_ORD_434;PROD_47;1;1
CORD_ORD_434;PROD_48;1;1
CORD_ORD_434;PROD_49;1;1
CORD_ORD_434;PROD_5;1;1
CORD_ORD_434;PROD_50;1;1
CORD_ORD_434;PROD_7;1;1
CORD_ORD_435;PROD_1;1;1
CORD_ORD_435;PROD_10;1;1
CORD_ORD_435;PROD_16;1;1
CORD_ORD_435;PROD_22;1;1
CORD_ORD_435;PROD_25;1;1
CORD_ORD_435;PROD_26;1;1
CORD_ORD_435;PROD_3;1;1
CORD_ORD_435;PROD_32;1;1
CORD_ORD_435;PROD_36;1;1
CORD_ORD_435;PROD_43;1;1
CORD_ORD_435;PROD_46;1;1
CORD_ORD_435;PROD_47;1;1
CORD_ORD_435;PROD_50;1;1
CORD_ORD_435;PROD_6;1;1
CORD_ORD_435;PROD_8;1;1
CORD_ORD_436;PROD_1;1;1
CORD_ORD_436;PROD_10;1;1
CORD_ORD_436;PROD_12;1;1
CORD_ORD_436;PROD_13;1;1
CORD_ORD_436;PROD_16;1;1
CORD_ORD_436;PROD_20;1;1
CORD_ORD_436;PROD_21;1;1
CORD_ORD_436;PROD_3;1;1
CORD_ORD_436;PROD_35;1;1
CORD_ORD_436;PROD_36;1;1
CORD_ORD_436;PROD_38;1;1
CORD_ORD_436;PROD_39;1;1
CORD_ORD_436;PROD_4;1;1
CORD_ORD_436;PROD_8;1;1
CORD_ORD_437;PROD_10;1;1
CORD_ORD_437;PROD_11;1;1
CORD_ORD_437;PROD_14;1;1
CORD_ORD_437;PROD_16;1;1
CORD_ORD_437;PROD_17;1;1
CORD_ORD_437;PROD_18;1;1
CORD_ORD_437;PROD_2;1;1
CORD_ORD_437;PROD_20;1;1
CORD_ORD_437;PROD_26;1;1
CORD_ORD_437;PROD_27;1;1
CORD_ORD_437;PROD_28;1;1
CORD_ORD_437;PROD_29;1;1
CORD_ORD_437;PROD_31;1;1
CORD_ORD_437;PROD_35;1;1
CORD_ORD_437;PROD_39;1;1
CORD_ORD_437;PROD_41;1;1
CORD_ORD_437;PROD_46;1;1
CORD_ORD_437;PROD_48;1;1
CORD_ORD_437;PROD_6;1;1
CORD_ORD_437;PROD_8;1;1
CORD_ORD_437;PROD_9;1;1
CORD_ORD_438;PROD_15;1;1
CORD_ORD_438;PROD_17;1;1
CORD_ORD_438;PROD_19;1;1
CORD_ORD_438;PROD_22;1;1
CORD_ORD_438;PROD_24;1;1
CORD_ORD_438;PROD_25;1;1
CORD_ORD_438;PROD_26;1;1
CORD_ORD_438;PROD_31;1;1
CORD_ORD_438;PROD_32;1;1
CORD_ORD_438;PROD_33;1;1
CORD_ORD_438;PROD_34;1;1
CORD_ORD_438;PROD_37;1;1
CORD_ORD_438;PROD_42;1;1
CORD_ORD_438;PROD_43;1;1
CORD_ORD_438;PROD_44;1;1
CORD_ORD_438;PROD_46;1;1
CORD_ORD_438;PROD_47;1;1
CORD_ORD_438;PROD_48;1;1
CORD_ORD_438;PROD_49;1;1
CORD_ORD_438;PROD_50;1;1
CORD_ORD_438;PROD_6;1;1
CORD_ORD_439;PROD_10;1;1
CORD_ORD_439;PROD_11;1;1
CORD_ORD_439;PROD_14;1;1
CORD_ORD_439;PROD_15;1;1
CORD_ORD_439;PROD_16;1;1
CORD_ORD_439;PROD_17;1;1
CORD_ORD_439;PROD_19;1;1
CORD_ORD_439;PROD_22;1;1
CORD_ORD_439;PROD_23;1;1
CORD_ORD_439;PROD_24;1;1
CORD_ORD_439;PROD_25;1;1
CORD_ORD_439;PROD_26;1;1
CORD_ORD_439;PROD_27;1;1
CORD_ORD_439;PROD_28;1;1
CORD_ORD_439;PROD_29;1;1
CORD_ORD_439;PROD_31;1;1
CORD_ORD_439;PROD_33;1;1
CORD_ORD_439;PROD_34;1;1
CORD_ORD_439;PROD_37;1;1
CORD_ORD_439;PROD_42;1;1
CORD_ORD_439;PROD_44;1;1
CORD_ORD_439;PROD_45;1;1
CORD_ORD_439;PROD_46;1;1
CORD_ORD_439;PROD_48;1;1
CORD_ORD_439;PROD_49;1;1
CORD_ORD_439;PROD_50;1;1
CORD_ORD_439;PROD_6;1;1
CORD_ORD_439;PROD_8;1;1
CORD_ORD_439;PROD_9;1;1
CORD_ORD_440;PROD_1;1;1
CORD_ORD_440;PROD_10;1;1
CORD_ORD_440;PROD_13;1;1
CORD_ORD_440;PROD_16;1;1
CORD_ORD_440;PROD_20;1;1
CORD_ORD_440;PROD_3;1;1
CORD_ORD_440;PROD_35;1;1
CORD_ORD_440;PROD_36;1;1
CORD_ORD_440;PROD_38;1;1
CORD_ORD_440;PROD_39;1;1
CORD_ORD_440;PROD_8;1;1
CORD_ORD_441;PROD_10;1;1
CORD_ORD_441;PROD_11;1;1
CORD_ORD_441;PROD_16;1;1
CORD_ORD_441;PROD_26;1;1
CORD_ORD_441;PROD_27;1;1
CORD_ORD_441;PROD_29;1;1
CORD_ORD_441;PROD_46;1;1
CORD_ORD_441;PROD_6;1;1
CORD_ORD_441;PROD_8;1;1
CORD_ORD_442;PROD_1;1;1
CORD_ORD_442;PROD_10;1;1
CORD_ORD_442;PROD_13;1;1
CORD_ORD_442;PROD_14;1;1
CORD_ORD_442;PROD_16;1;1
CORD_ORD_442;PROD_20;1;1
CORD_ORD_442;PROD_22;1;1
CORD_ORD_442;PROD_25;1;1
CORD_ORD_442;PROD_28;1;1
CORD_ORD_442;PROD_3;1;1
CORD_ORD_442;PROD_32;1;1
CORD_ORD_442;PROD_35;1;1
CORD_ORD_442;PROD_36;1;1
CORD_ORD_442;PROD_38;1;1
CORD_ORD_442;PROD_39;1;1
CORD_ORD_442;PROD_43;1;1
CORD_ORD_442;PROD_47;1;1
CORD_ORD_442;PROD_50;1;1
CORD_ORD_442;PROD_8;1;1
CORD_ORD_442;PROD_9;1;1
CORD_ORD_443;PROD_10;1;1
CORD_ORD_443;PROD_14;1;1
CORD_ORD_443;PROD_15;1;1
CORD_ORD_443;PROD_16;1;1
CORD_ORD_443;PROD_23;1;1
CORD_ORD_443;PROD_28;1;1
CORD_ORD_443;PROD_30;1;1
CORD_ORD_443;PROD_32;1;1
CORD_ORD_443;PROD_34;1;1
CORD_ORD_443;PROD_40;1;1
CORD_ORD_443;PROD_43;1;1
CORD_ORD_443;PROD_45;1;1
CORD_ORD_443;PROD_47;1;1
CORD_ORD_443;PROD_49;1;1
CORD_ORD_443;PROD_5;1;1
CORD_ORD_443;PROD_7;1;1
CORD_ORD_443;PROD_8;1;1
CORD_ORD_443;PROD_9;1;1
CORD_ORD_444;PROD_10;1;1
CORD_ORD_444;PROD_16;1;1
CORD_ORD_444;PROD_17;1;1
CORD_ORD_444;PROD_19;1;1
CORD_ORD_444;PROD_23;1;1
CORD_ORD_444;PROD_31;1;1
CORD_ORD_444;PROD_33;1;1
CORD_ORD_444;PROD_44;1;1
CORD_ORD_444;PROD_45;1;1
CORD_ORD_444;PROD_48;1;1
CORD_ORD_444;PROD_8;1;1
CORD_ORD_445;PROD_1;1;1
CORD_ORD_445;PROD_10;1;1
CORD_ORD_445;PROD_16;1;1
CORD_ORD_445;PROD_20;1;1
CORD_ORD_445;PROD_26;1;1
CORD_ORD_445;PROD_3;1;1
CORD_ORD_445;PROD_35;1;1
CORD_ORD_445;PROD_36;1;1
CORD_ORD_445;PROD_39;1;1
CORD_ORD_445;PROD_46;1;1
CORD_ORD_445;PROD_6;1;1
CORD_ORD_445;PROD_8;1;1
CORD_ORD_446;PROD_10;1;1
CORD_ORD_446;PROD_11;1;1
CORD_ORD_446;PROD_16;1;1
CORD_ORD_446;PROD_19;1;1
CORD_ORD_446;PROD_22;1;1
CORD_ORD_446;PROD_25;1;1
CORD_ORD_446;PROD_27;1;1
CORD_ORD_446;PROD_29;1;1
CORD_ORD_446;PROD_32;1;1
CORD_ORD_446;PROD_33;1;1
CORD_ORD_446;PROD_43;1;1
CORD_ORD_446;PROD_44;1;1
CORD_ORD_446;PROD_47;1;1
CORD_ORD_446;PROD_50;1;1
CORD_ORD_446;PROD_8;1;1
CORD_ORD_447;PROD_1;1;1
CORD_ORD_447;PROD_11;1;1
CORD_ORD_447;PROD_14;1;1
CORD_ORD_447;PROD_15;1;1
CORD_ORD_447;PROD_17;1;1
CORD_ORD_447;PROD_19;1;1
CORD_ORD_447;PROD_22;1;1
CORD_ORD_447;PROD_23;1;1
CORD_ORD_447;PROD_24;1;1
CORD_ORD_447;PROD_25;1;1
CORD_ORD_447;PROD_27;1;1
CORD_ORD_447;PROD_28;1;1
CORD_ORD_447;PROD_29;1;1
CORD_ORD_447;PROD_3;1;1
CORD_ORD_447;PROD_31;1;1
CORD_ORD_447;PROD_32;1;1
CORD_ORD_447;PROD_33;1;1
CORD_ORD_447;PROD_34;1;1
CORD_ORD_447;PROD_36;1;1
CORD_ORD_447;PROD_37;1;1
CORD_ORD_447;PROD_42;1;1
CORD_ORD_447;PROD_43;1;1
CORD_ORD_447;PROD_44;1;1
CORD_ORD_447;PROD_45;1;1
CORD_ORD_447;PROD_47;1;1
CORD_ORD_447;PROD_48;1;1
CORD_ORD_447;PROD_49;1;1
CORD_ORD_447;PROD_50;1;1
CORD_ORD_447;PROD_9;1;1
CORD_ORD_448;PROD_1;1;1
CORD_ORD_448;PROD_12;1;1
CORD_ORD_448;PROD_13;1;1
CORD_ORD_448;PROD_21;1;1
CORD_ORD_448;PROD_3;1;1
CORD_ORD_448;PROD_30;1;1
CORD_ORD_448;PROD_32;1;1
CORD_ORD_448;PROD_36;1;1
CORD_ORD_448;PROD_38;1;1
CORD_ORD_448;PROD_4;1;1
CORD_ORD_448;PROD_40;1;1
CORD_ORD_448;PROD_43;1;1
CORD_ORD_448;PROD_47;1;1
CORD_ORD_449;PROD_11;1;1
CORD_ORD_449;PROD_12;1;1
CORD_ORD_449;PROD_18;1;1
CORD_ORD_449;PROD_19;1;1
CORD_ORD_449;PROD_2;1;1
CORD_ORD_449;PROD_21;1;1
CORD_ORD_449;PROD_26;1;1
CORD_ORD_449;PROD_27;1;1
CORD_ORD_449;PROD_29;1;1
CORD_ORD_449;PROD_33;1;1
CORD_ORD_449;PROD_4;1;1
CORD_ORD_449;PROD_41;1;1
CORD_ORD_449;PROD_44;1;1
CORD_ORD_449;PROD_46;1;1
CORD_ORD_449;PROD_6;1;1
CORD_ORD_450;PROD_10;1;1
CORD_ORD_450;PROD_11;1;1
CORD_ORD_450;PROD_12;1;1
CORD_ORD_450;PROD_14;1;1
CORD_ORD_450;PROD_16;1;1
CORD_ORD_450;PROD_20;1;1
CORD_ORD_450;PROD_21;1;1
CORD_ORD_450;PROD_26;1;1
CORD_ORD_450;PROD_27;1;1
CORD_ORD_450;PROD_28;1;1
CORD_ORD_450;PROD_29;1;1
CORD_ORD_450;PROD_35;1;1
CORD_ORD_450;PROD_39;1;1
CORD_ORD_450;PROD_4;1;1
CORD_ORD_450;PROD_46;1;1
CORD_ORD_450;PROD_5;1;1
CORD_ORD_450;PROD_6;1;1
CORD_ORD_450;PROD_7;1;1
CORD_ORD_450;PROD_8;1;1
CORD_ORD_450;PROD_9;1;1
CORD_ORD_451;PROD_1;1;1
CORD_ORD_451;PROD_10;1;1
CORD_ORD_451;PROD_16;1;1
CORD_ORD_451;PROD_17;1;1
CORD_ORD_451;PROD_22;1;1
CORD_ORD_451;PROD_23;1;1
CORD_ORD_451;PROD_25;1;1
CORD_ORD_451;PROD_26;1;1
CORD_ORD_451;PROD_3;1;1
CORD_ORD_451;PROD_31;1;1
CORD_ORD_451;PROD_36;1;1
CORD_ORD_451;PROD_45;1;1
CORD_ORD_451;PROD_46;1;1
CORD_ORD_451;PROD_48;1;1
CORD_ORD_451;PROD_5;1;1
CORD_ORD_451;PROD_50;1;1
CORD_ORD_451;PROD_6;1;1
CORD_ORD_451;PROD_7;1;1
CORD_ORD_451;PROD_8;1;1
CORD_ORD_452;PROD_1;1;1
CORD_ORD_452;PROD_10;1;1
CORD_ORD_452;PROD_11;1;1
CORD_ORD_452;PROD_13;1;1
CORD_ORD_452;PROD_15;1;1
CORD_ORD_452;PROD_16;1;1
CORD_ORD_452;PROD_19;1;1
CORD_ORD_452;PROD_22;1;1
CORD_ORD_452;PROD_24;1;1
CORD_ORD_452;PROD_25;1;1
CORD_ORD_452;PROD_27;1;1
CORD_ORD_452;PROD_29;1;1
CORD_ORD_452;PROD_3;1;1
CORD_ORD_452;PROD_32;1;1
CORD_ORD_452;PROD_33;1;1
CORD_ORD_452;PROD_34;1;1
CORD_ORD_452;PROD_36;1;1
CORD_ORD_452;PROD_37;1;1
CORD_ORD_452;PROD_38;1;1
CORD_ORD_452;PROD_42;1;1
CORD_ORD_452;PROD_43;1;1
CORD_ORD_452;PROD_44;1;1
CORD_ORD_452;PROD_47;1;1
CORD_ORD_452;PROD_49;1;1
CORD_ORD_452;PROD_50;1;1
CORD_ORD_452;PROD_8;1;1
CORD_ORD_453;PROD_1;1;1
CORD_ORD_453;PROD_10;1;1
CORD_ORD_453;PROD_12;1;1
CORD_ORD_453;PROD_13;1;1
CORD_ORD_453;PROD_16;1;1
CORD_ORD_453;PROD_18;1;1
CORD_ORD_453;PROD_2;1;1
CORD_ORD_453;PROD_20;1;1
CORD_ORD_453;PROD_21;1;1
CORD_ORD_453;PROD_22;1;1
CORD_ORD_453;PROD_25;1;1
CORD_ORD_453;PROD_3;1;1
CORD_ORD_453;PROD_35;1;1
CORD_ORD_453;PROD_36;1;1
CORD_ORD_453;PROD_38;1;1
CORD_ORD_453;PROD_39;1;1
CORD_ORD_453;PROD_4;1;1
CORD_ORD_453;PROD_41;1;1
CORD_ORD_453;PROD_50;1;1
CORD_ORD_453;PROD_8;1;1
CORD_ORD_454;PROD_10;1;1
CORD_ORD_454;PROD_16;1;1
CORD_ORD_454;PROD_17;1;1
CORD_ORD_454;PROD_19;1;1
CORD_ORD_454;PROD_31;1;1
CORD_ORD_454;PROD_33;1;1
CORD_ORD_454;PROD_44;1;1
CORD_ORD_454;PROD_48;1;1
CORD_ORD_454;PROD_8;1;1
CORD_ORD_455;PROD_1;1;1
CORD_ORD_455;PROD_10;1;1
CORD_ORD_455;PROD_11;1;1
CORD_ORD_455;PROD_12;1;1
CORD_ORD_455;PROD_13;1;1
CORD_ORD_455;PROD_16;1;1
CORD_ORD_455;PROD_19;1;1
CORD_ORD_455;PROD_20;1;1
CORD_ORD_455;PROD_21;1;1
CORD_ORD_455;PROD_23;1;1
CORD_ORD_455;PROD_27;1;1
CORD_ORD_455;PROD_29;1;1
CORD_ORD_455;PROD_3;1;1
CORD_ORD_455;PROD_33;1;1
CORD_ORD_455;PROD_35;1;1
CORD_ORD_455;PROD_36;1;1
CORD_ORD_455;PROD_38;1;1
CORD_ORD_455;PROD_39;1;1
CORD_ORD_455;PROD_4;1;1
CORD_ORD_455;PROD_44;1;1
CORD_ORD_455;PROD_45;1;1
CORD_ORD_455;PROD_8;1;1
CORD_ORD_456;PROD_1;1;1
CORD_ORD_456;PROD_10;1;1
CORD_ORD_456;PROD_16;1;1
CORD_ORD_456;PROD_19;1;1
CORD_ORD_456;PROD_23;1;1
CORD_ORD_456;PROD_26;1;1
CORD_ORD_456;PROD_3;1;1
CORD_ORD_456;PROD_33;1;1
CORD_ORD_456;PROD_36;1;1
CORD_ORD_456;PROD_44;1;1
CORD_ORD_456;PROD_45;1;1
CORD_ORD_456;PROD_46;1;1
CORD_ORD_456;PROD_6;1;1
CORD_ORD_456;PROD_8;1;1
CORD_ORD_457;PROD_1;1;1
CORD_ORD_457;PROD_12;1;1
CORD_ORD_457;PROD_13;1;1
CORD_ORD_457;PROD_21;1;1
CORD_ORD_457;PROD_26;1;1
CORD_ORD_457;PROD_3;1;1
CORD_ORD_457;PROD_36;1;1
CORD_ORD_457;PROD_38;1;1
CORD_ORD_457;PROD_4;1;1
CORD_ORD_457;PROD_46;1;1
CORD_ORD_457;PROD_6;1;1
CORD_ORD_458;PROD_1;1;1
CORD_ORD_458;PROD_10;1;1
CORD_ORD_458;PROD_14;1;1
CORD_ORD_458;PROD_16;1;1
CORD_ORD_458;PROD_18;1;1
CORD_ORD_458;PROD_19;1;1
CORD_ORD_458;PROD_2;1;1
CORD_ORD_458;PROD_20;1;1
CORD_ORD_458;PROD_24;1;1
CORD_ORD_458;PROD_26;1;1
CORD_ORD_458;PROD_28;1;1
CORD_ORD_458;PROD_3;1;1
CORD_ORD_458;PROD_32;1;1
CORD_ORD_458;PROD_33;1;1
CORD_ORD_458;PROD_35;1;1
CORD_ORD_458;PROD_36;1;1
CORD_ORD_458;PROD_37;1;1
CORD_ORD_458;PROD_39;1;1
CORD_ORD_458;PROD_41;1;1
CORD_ORD_458;PROD_42;1;1
CORD_ORD_458;PROD_43;1;1
CORD_ORD_458;PROD_44;1;1
CORD_ORD_458;PROD_46;1;1
CORD_ORD_458;PROD_47;1;1
CORD_ORD_458;PROD_6;1;1
CORD_ORD_458;PROD_8;1;1
CORD_ORD_458;PROD_9;1;1
CORD_ORD_459;PROD_10;1;1
CORD_ORD_459;PROD_12;1;1
CORD_ORD_459;PROD_16;1;1
CORD_ORD_459;PROD_17;1;1
CORD_ORD_459;PROD_21;1;1
CORD_ORD_459;PROD_23;1;1
CORD_ORD_459;PROD_31;1;1
CORD_ORD_459;PROD_4;1;1
CORD_ORD_459;PROD_45;1;1
CORD_ORD_459;PROD_48;1;1
CORD_ORD_459;PROD_5;1;1
CORD_ORD_459;PROD_7;1;1
CORD_ORD_459;PROD_8;1;1
CORD_ORD_460;PROD_1;1;1
CORD_ORD_460;PROD_11;1;1
CORD_ORD_460;PROD_12;1;1
CORD_ORD_460;PROD_15;1;1
CORD_ORD_460;PROD_17;1;1
CORD_ORD_460;PROD_20;1;1
CORD_ORD_460;PROD_21;1;1
CORD_ORD_460;PROD_22;1;1
CORD_ORD_460;PROD_23;1;1
CORD_ORD_460;PROD_25;1;1
CORD_ORD_460;PROD_26;1;1
CORD_ORD_460;PROD_27;1;1
CORD_ORD_460;PROD_29;1;1
CORD_ORD_460;PROD_3;1;1
CORD_ORD_460;PROD_31;1;1
CORD_ORD_460;PROD_32;1;1
CORD_ORD_460;PROD_34;1;1
CORD_ORD_460;PROD_35;1;1
CORD_ORD_460;PROD_36;1;1
CORD_ORD_460;PROD_39;1;1
CORD_ORD_460;PROD_4;1;1
CORD_ORD_460;PROD_43;1;1
CORD_ORD_460;PROD_45;1;1
CORD_ORD_460;PROD_46;1;1
CORD_ORD_460;PROD_47;1;1
CORD_ORD_460;PROD_48;1;1
CORD_ORD_460;PROD_49;1;1
CORD_ORD_460;PROD_5;1;1
CORD_ORD_460;PROD_50;1;1
CORD_ORD_460;PROD_6;1;1
CORD_ORD_460;PROD_7;1;1
CORD_ORD_461;PROD_1;1;1
CORD_ORD_461;PROD_10;1;1
CORD_ORD_461;PROD_11;1;1
CORD_ORD_461;PROD_12;1;1
CORD_ORD_461;PROD_16;1;1
CORD_ORD_461;PROD_17;1;1
CORD_ORD_461;PROD_18;1;1
CORD_ORD_461;PROD_2;1;1
CORD_ORD_461;PROD_21;1;1
CORD_ORD_461;PROD_27;1;1
CORD_ORD_461;PROD_29;1;1
CORD_ORD_461;PROD_3;1;1
CORD_ORD_461;PROD_30;1;1
CORD_ORD_461;PROD_31;1;1
CORD_ORD_461;PROD_36;1;1
CORD_ORD_461;PROD_4;1;1
CORD_ORD_461;PROD_40;1;1
CORD_ORD_461;PROD_41;1;1
CORD_ORD_461;PROD_48;1;1
CORD_ORD_461;PROD_8;1;1
CORD_ORD_462;PROD_13;1;1
CORD_ORD_462;PROD_17;1;1
CORD_ORD_462;PROD_19;1;1
CORD_ORD_462;PROD_26;1;1
CORD_ORD_462;PROD_31;1;1
CORD_ORD_462;PROD_33;1;1
CORD_ORD_462;PROD_38;1;1
CORD_ORD_462;PROD_44;1;1
CORD_ORD_462;PROD_46;1;1
CORD_ORD_462;PROD_48;1;1
CORD_ORD_462;PROD_6;1;1
CORD_ORD_463;PROD_11;1;1
CORD_ORD_463;PROD_19;1;1
CORD_ORD_463;PROD_23;1;1
CORD_ORD_463;PROD_27;1;1
CORD_ORD_463;PROD_29;1;1
CORD_ORD_463;PROD_30;1;1
CORD_ORD_463;PROD_33;1;1
CORD_ORD_463;PROD_40;1;1
CORD_ORD_463;PROD_44;1;1
CORD_ORD_463;PROD_45;1;1
CORD_ORD_464;PROD_10;1;1
CORD_ORD_464;PROD_11;1;1
CORD_ORD_464;PROD_13;1;1
CORD_ORD_464;PROD_15;1;1
CORD_ORD_464;PROD_16;1;1
CORD_ORD_464;PROD_18;1;1
CORD_ORD_464;PROD_2;1;1
CORD_ORD_464;PROD_22;1;1
CORD_ORD_464;PROD_25;1;1
CORD_ORD_464;PROD_27;1;1
CORD_ORD_464;PROD_29;1;1
CORD_ORD_464;PROD_30;1;1
CORD_ORD_464;PROD_32;1;1
CORD_ORD_464;PROD_34;1;1
CORD_ORD_464;PROD_38;1;1
CORD_ORD_464;PROD_40;1;1
CORD_ORD_464;PROD_41;1;1
CORD_ORD_464;PROD_43;1;1
CORD_ORD_464;PROD_47;1;1
CORD_ORD_464;PROD_49;1;1
CORD_ORD_464;PROD_50;1;1
CORD_ORD_464;PROD_8;1;1
CORD_ORD_465;PROD_10;1;1
CORD_ORD_465;PROD_11;1;1
CORD_ORD_465;PROD_13;1;1
CORD_ORD_465;PROD_14;1;1
CORD_ORD_465;PROD_15;1;1
CORD_ORD_465;PROD_16;1;1
CORD_ORD_465;PROD_17;1;1
CORD_ORD_465;PROD_18;1;1
CORD_ORD_465;PROD_19;1;1
CORD_ORD_465;PROD_2;1;1
CORD_ORD_465;PROD_22;1;1
CORD_ORD_465;PROD_23;1;1
CORD_ORD_465;PROD_25;1;1
CORD_ORD_465;PROD_26;1;1
CORD_ORD_465;PROD_27;1;1
CORD_ORD_465;PROD_28;1;1
CORD_ORD_465;PROD_29;1;1
CORD_ORD_465;PROD_31;1;1
CORD_ORD_465;PROD_33;1;1
CORD_ORD_465;PROD_34;1;1
CORD_ORD_465;PROD_38;1;1
CORD_ORD_465;PROD_41;1;1
CORD_ORD_465;PROD_44;1;1
CORD_ORD_465;PROD_45;1;1
CORD_ORD_465;PROD_46;1;1
CORD_ORD_465;PROD_48;1;1
CORD_ORD_465;PROD_49;1;1
CORD_ORD_465;PROD_50;1;1
CORD_ORD_465;PROD_6;1;1
CORD_ORD_465;PROD_8;1;1
CORD_ORD_465;PROD_9;1;1
CORD_ORD_466;PROD_1;1;1
CORD_ORD_466;PROD_10;1;1
CORD_ORD_466;PROD_13;1;1
CORD_ORD_466;PROD_16;1;1
CORD_ORD_466;PROD_20;1;1
CORD_ORD_466;PROD_26;1;1
CORD_ORD_466;PROD_3;1;1
CORD_ORD_466;PROD_35;1;1
CORD_ORD_466;PROD_36;1;1
CORD_ORD_466;PROD_38;1;1
CORD_ORD_466;PROD_39;1;1
CORD_ORD_466;PROD_46;1;1
CORD_ORD_466;PROD_6;1;1
CORD_ORD_466;PROD_8;1;1
CORD_ORD_467;PROD_1;1;1
CORD_ORD_467;PROD_10;1;1
CORD_ORD_467;PROD_12;1;1
CORD_ORD_467;PROD_16;1;1
CORD_ORD_467;PROD_18;1;1
CORD_ORD_467;PROD_2;1;1
CORD_ORD_467;PROD_21;1;1
CORD_ORD_467;PROD_22;1;1
CORD_ORD_467;PROD_24;1;1
CORD_ORD_467;PROD_25;1;1
CORD_ORD_467;PROD_26;1;1
CORD_ORD_467;PROD_3;1;1
CORD_ORD_467;PROD_36;1;1
CORD_ORD_467;PROD_37;1;1
CORD_ORD_467;PROD_4;1;1
CORD_ORD_467;PROD_41;1;1
CORD_ORD_467;PROD_42;1;1
CORD_ORD_467;PROD_46;1;1
CORD_ORD_467;PROD_50;1;1
CORD_ORD_467;PROD_6;1;1
CORD_ORD_467;PROD_8;1;1
CORD_ORD_468;PROD_12;1;1
CORD_ORD_468;PROD_13;1;1
CORD_ORD_468;PROD_17;1;1
CORD_ORD_468;PROD_21;1;1
CORD_ORD_468;PROD_26;1;1
CORD_ORD_468;PROD_31;1;1
CORD_ORD_468;PROD_38;1;1
CORD_ORD_468;PROD_4;1;1
CORD_ORD_468;PROD_46;1;1
CORD_ORD_468;PROD_48;1;1
CORD_ORD_468;PROD_6;1;1
CORD_ORD_469;PROD_11;1;1
CORD_ORD_469;PROD_12;1;1
CORD_ORD_469;PROD_14;1;1
CORD_ORD_469;PROD_15;1;1
CORD_ORD_469;PROD_21;1;1
CORD_ORD_469;PROD_23;1;1
CORD_ORD_469;PROD_24;1;1
CORD_ORD_469;PROD_27;1;1
CORD_ORD_469;PROD_28;1;1
CORD_ORD_469;PROD_29;1;1
CORD_ORD_469;PROD_30;1;1
CORD_ORD_469;PROD_32;1;1
CORD_ORD_469;PROD_34;1;1
CORD_ORD_469;PROD_37;1;1
CORD_ORD_469;PROD_4;1;1
CORD_ORD_469;PROD_40;1;1
CORD_ORD_469;PROD_42;1;1
CORD_ORD_469;PROD_43;1;1
CORD_ORD_469;PROD_45;1;1
CORD_ORD_469;PROD_47;1;1
CORD_ORD_469;PROD_49;1;1
CORD_ORD_469;PROD_5;1;1
CORD_ORD_469;PROD_7;1;1
CORD_ORD_469;PROD_9;1;1
CORD_ORD_470;PROD_1;1;1
CORD_ORD_470;PROD_12;1;1
CORD_ORD_470;PROD_13;1;1
CORD_ORD_470;PROD_14;1;1
CORD_ORD_470;PROD_15;1;1
CORD_ORD_470;PROD_18;1;1
CORD_ORD_470;PROD_2;1;1
CORD_ORD_470;PROD_21;1;1
CORD_ORD_470;PROD_26;1;1
CORD_ORD_470;PROD_28;1;1
CORD_ORD_470;PROD_3;1;1
CORD_ORD_470;PROD_32;1;1
CORD_ORD_470;PROD_34;1;1
CORD_ORD_470;PROD_36;1;1
CORD_ORD_470;PROD_38;1;1
CORD_ORD_470;PROD_4;1;1
CORD_ORD_470;PROD_41;1;1
CORD_ORD_470;PROD_43;1;1
CORD_ORD_470;PROD_46;1;1
CORD_ORD_470;PROD_47;1;1
CORD_ORD_470;PROD_49;1;1
CORD_ORD_470;PROD_5;1;1
CORD_ORD_470;PROD_6;1;1
CORD_ORD_470;PROD_7;1;1
CORD_ORD_470;PROD_9;1;1
CORD_ORD_471;PROD_11;1;1
CORD_ORD_471;PROD_13;1;1
CORD_ORD_471;PROD_19;1;1
CORD_ORD_471;PROD_22;1;1
CORD_ORD_471;PROD_23;1;1
CORD_ORD_471;PROD_25;1;1
CORD_ORD_471;PROD_27;1;1
CORD_ORD_471;PROD_29;1;1
CORD_ORD_471;PROD_30;1;1
CORD_ORD_471;PROD_32;1;1
CORD_ORD_471;PROD_33;1;1
CORD_ORD_471;PROD_38;1;1
CORD_ORD_471;PROD_40;1;1
CORD_ORD_471;PROD_43;1;1
CORD_ORD_471;PROD_44;1;1
CORD_ORD_471;PROD_45;1;1
CORD_ORD_471;PROD_47;1;1
CORD_ORD_471;PROD_50;1;1
CORD_ORD_472;PROD_10;1;1
CORD_ORD_472;PROD_12;1;1
CORD_ORD_472;PROD_14;1;1
CORD_ORD_472;PROD_16;1;1
CORD_ORD_472;PROD_17;1;1
CORD_ORD_472;PROD_20;1;1
CORD_ORD_472;PROD_21;1;1
CORD_ORD_472;PROD_28;1;1
CORD_ORD_472;PROD_31;1;1
CORD_ORD_472;PROD_35;1;1
CORD_ORD_472;PROD_39;1;1
CORD_ORD_472;PROD_4;1;1
CORD_ORD_472;PROD_48;1;1
CORD_ORD_472;PROD_8;1;1
CORD_ORD_472;PROD_9;1;1
CORD_ORD_473;PROD_10;1;1
CORD_ORD_473;PROD_11;1;1
CORD_ORD_473;PROD_14;1;1
CORD_ORD_473;PROD_15;1;1
CORD_ORD_473;PROD_16;1;1
CORD_ORD_473;PROD_17;1;1
CORD_ORD_473;PROD_18;1;1
CORD_ORD_473;PROD_19;1;1
CORD_ORD_473;PROD_2;1;1
CORD_ORD_473;PROD_20;1;1
CORD_ORD_473;PROD_27;1;1
CORD_ORD_473;PROD_28;1;1
CORD_ORD_473;PROD_29;1;1
CORD_ORD_473;PROD_31;1;1
CORD_ORD_473;PROD_32;1;1
CORD_ORD_473;PROD_33;1;1
CORD_ORD_473;PROD_34;1;1
CORD_ORD_473;PROD_35;1;1
CORD_ORD_473;PROD_39;1;1
CORD_ORD_473;PROD_41;1;1
CORD_ORD_473;PROD_43;1;1
CORD_ORD_473;PROD_44;1;1
CORD_ORD_473;PROD_47;1;1
CORD_ORD_473;PROD_48;1;1
CORD_ORD_473;PROD_49;1;1
CORD_ORD_473;PROD_8;1;1
CORD_ORD_473;PROD_9;1;1
CORD_ORD_474;PROD_11;1;1
CORD_ORD_474;PROD_12;1;1
CORD_ORD_474;PROD_15;1;1
CORD_ORD_474;PROD_17;1;1
CORD_ORD_474;PROD_18;1;1
CORD_ORD_474;PROD_19;1;1
CORD_ORD_474;PROD_2;1;1
CORD_ORD_474;PROD_21;1;1
CORD_ORD_474;PROD_26;1;1
CORD_ORD_474;PROD_27;1;1
CORD_ORD_474;PROD_29;1;1
CORD_ORD_474;PROD_31;1;1
CORD_ORD_474;PROD_32;1;1
CORD_ORD_474;PROD_33;1;1
CORD_ORD_474;PROD_34;1;1
CORD_ORD_474;PROD_4;1;1
CORD_ORD_474;PROD_41;1;1
CORD_ORD_474;PROD_43;1;1
CORD_ORD_474;PROD_44;1;1
CORD_ORD_474;PROD_46;1;1
CORD_ORD_474;PROD_47;1;1
CORD_ORD_474;PROD_48;1;1
CORD_ORD_474;PROD_49;1;1
CORD_ORD_474;PROD_6;1;1
CORD_ORD_475;PROD_19;1;1
CORD_ORD_475;PROD_23;1;1
CORD_ORD_475;PROD_24;1;1
CORD_ORD_475;PROD_33;1;1
CORD_ORD_475;PROD_37;1;1
CORD_ORD_475;PROD_42;1;1
CORD_ORD_475;PROD_44;1;1
CORD_ORD_475;PROD_45;1;1
CORD_ORD_476;PROD_11;1;1
CORD_ORD_476;PROD_17;1;1
CORD_ORD_476;PROD_19;1;1
CORD_ORD_476;PROD_27;1;1
CORD_ORD_476;PROD_29;1;1
CORD_ORD_476;PROD_31;1;1
CORD_ORD_476;PROD_32;1;1
CORD_ORD_476;PROD_33;1;1
CORD_ORD_476;PROD_43;1;1
CORD_ORD_476;PROD_44;1;1
CORD_ORD_476;PROD_47;1;1
CORD_ORD_476;PROD_48;1;1
CORD_ORD_477;PROD_1;1;1
CORD_ORD_477;PROD_10;1;1
CORD_ORD_477;PROD_16;1;1
CORD_ORD_477;PROD_26;1;1
CORD_ORD_477;PROD_3;1;1
CORD_ORD_477;PROD_36;1;1
CORD_ORD_477;PROD_46;1;1
CORD_ORD_477;PROD_6;1;1
CORD_ORD_477;PROD_8;1;1
CORD_ORD_478;PROD_10;1;1
CORD_ORD_478;PROD_12;1;1
CORD_ORD_478;PROD_13;1;1
CORD_ORD_478;PROD_15;1;1
CORD_ORD_478;PROD_16;1;1
CORD_ORD_478;PROD_17;1;1
CORD_ORD_478;PROD_21;1;1
CORD_ORD_478;PROD_22;1;1
CORD_ORD_478;PROD_25;1;1
CORD_ORD_478;PROD_31;1;1
CORD_ORD_478;PROD_34;1;1
CORD_ORD_478;PROD_38;1;1
CORD_ORD_478;PROD_4;1;1
CORD_ORD_478;PROD_48;1;1
CORD_ORD_478;PROD_49;1;1
CORD_ORD_478;PROD_50;1;1
CORD_ORD_478;PROD_8;1;1
CORD_ORD_479;PROD_11;1;1
CORD_ORD_479;PROD_12;1;1
CORD_ORD_479;PROD_13;1;1
CORD_ORD_479;PROD_15;1;1
CORD_ORD_479;PROD_20;1;1
CORD_ORD_479;PROD_21;1;1
CORD_ORD_479;PROD_23;1;1
CORD_ORD_479;PROD_27;1;1
CORD_ORD_479;PROD_29;1;1
CORD_ORD_479;PROD_34;1;1
CORD_ORD_479;PROD_35;1;1
CORD_ORD_479;PROD_38;1;1
CORD_ORD_479;PROD_39;1;1
CORD_ORD_479;PROD_4;1;1
CORD_ORD_479;PROD_45;1;1
CORD_ORD_479;PROD_49;1;1
CORD_ORD_480;PROD_10;1;1
CORD_ORD_480;PROD_11;1;1
CORD_ORD_480;PROD_16;1;1
CORD_ORD_480;PROD_17;1;1
CORD_ORD_480;PROD_19;1;1
CORD_ORD_480;PROD_20;1;1
CORD_ORD_480;PROD_23;1;1
CORD_ORD_480;PROD_24;1;1
CORD_ORD_480;PROD_27;1;1
CORD_ORD_480;PROD_29;1;1
CORD_ORD_480;PROD_31;1;1
CORD_ORD_480;PROD_33;1;1
CORD_ORD_480;PROD_35;1;1
CORD_ORD_480;PROD_37;1;1
CORD_ORD_480;PROD_39;1;1
CORD_ORD_480;PROD_42;1;1
CORD_ORD_480;PROD_44;1;1
CORD_ORD_480;PROD_45;1;1
CORD_ORD_480;PROD_48;1;1
CORD_ORD_480;PROD_5;1;1
CORD_ORD_480;PROD_7;1;1
CORD_ORD_480;PROD_8;1;1
CORD_ORD_481;PROD_1;1;1
CORD_ORD_481;PROD_10;1;1
CORD_ORD_481;PROD_16;1;1
CORD_ORD_481;PROD_22;1;1
CORD_ORD_481;PROD_25;1;1
CORD_ORD_481;PROD_3;1;1
CORD_ORD_481;PROD_36;1;1
CORD_ORD_481;PROD_50;1;1
CORD_ORD_481;PROD_8;1;1
CORD_ORD_482;PROD_10;1;1
CORD_ORD_482;PROD_11;1;1
CORD_ORD_482;PROD_16;1;1
CORD_ORD_482;PROD_17;1;1
CORD_ORD_482;PROD_22;1;1
CORD_ORD_482;PROD_25;1;1
CORD_ORD_482;PROD_27;1;1
CORD_ORD_482;PROD_29;1;1
CORD_ORD_482;PROD_31;1;1
CORD_ORD_482;PROD_48;1;1
CORD_ORD_482;PROD_50;1;1
CORD_ORD_482;PROD_8;1;1
CORD_ORD_483;PROD_1;1;1
CORD_ORD_483;PROD_10;1;1
CORD_ORD_483;PROD_11;1;1
CORD_ORD_483;PROD_13;1;1
CORD_ORD_483;PROD_16;1;1
CORD_ORD_483;PROD_17;1;1
CORD_ORD_483;PROD_18;1;1
CORD_ORD_483;PROD_2;1;1
CORD_ORD_483;PROD_20;1;1
CORD_ORD_483;PROD_27;1;1
CORD_ORD_483;PROD_29;1;1
CORD_ORD_483;PROD_3;1;1
CORD_ORD_483;PROD_31;1;1
CORD_ORD_483;PROD_35;1;1
CORD_ORD_483;PROD_36;1;1
CORD_ORD_483;PROD_38;1;1
CORD_ORD_483;PROD_39;1;1
CORD_ORD_483;PROD_41;1;1
CORD_ORD_483;PROD_48;1;1
CORD_ORD_483;PROD_8;1;1
CORD_ORD_484;PROD_10;1;1
CORD_ORD_484;PROD_11;1;1
CORD_ORD_484;PROD_16;1;1
CORD_ORD_484;PROD_20;1;1
CORD_ORD_484;PROD_27;1;1
CORD_ORD_484;PROD_29;1;1
CORD_ORD_484;PROD_30;1;1
CORD_ORD_484;PROD_35;1;1
CORD_ORD_484;PROD_39;1;1
CORD_ORD_484;PROD_40;1;1
CORD_ORD_484;PROD_5;1;1
CORD_ORD_484;PROD_7;1;1
CORD_ORD_484;PROD_8;1;1
CORD_ORD_485;PROD_1;1;1
CORD_ORD_485;PROD_11;1;1
CORD_ORD_485;PROD_13;1;1
CORD_ORD_485;PROD_14;1;1
CORD_ORD_485;PROD_17;1;1
CORD_ORD_485;PROD_19;1;1
CORD_ORD_485;PROD_23;1;1
CORD_ORD_485;PROD_24;1;1
CORD_ORD_485;PROD_27;1;1
CORD_ORD_485;PROD_28;1;1
CORD_ORD_485;PROD_29;1;1
CORD_ORD_485;PROD_3;1;1
CORD_ORD_485;PROD_31;1;1
CORD_ORD_485;PROD_33;1;1
CORD_ORD_485;PROD_36;1;1
CORD_ORD_485;PROD_37;1;1
CORD_ORD_485;PROD_38;1;1
CORD_ORD_485;PROD_42;1;1
CORD_ORD_485;PROD_44;1;1
CORD_ORD_485;PROD_45;1;1
CORD_ORD_485;PROD_48;1;1
CORD_ORD_485;PROD_9;1;1
CORD_ORD_486;PROD_11;1;1
CORD_ORD_486;PROD_15;1;1
CORD_ORD_486;PROD_17;1;1
CORD_ORD_486;PROD_24;1;1
CORD_ORD_486;PROD_27;1;1
CORD_ORD_486;PROD_29;1;1
CORD_ORD_486;PROD_31;1;1
CORD_ORD_486;PROD_32;1;1
CORD_ORD_486;PROD_34;1;1
CORD_ORD_486;PROD_37;1;1
CORD_ORD_486;PROD_42;1;1
CORD_ORD_486;PROD_43;1;1
CORD_ORD_486;PROD_47;1;1
CORD_ORD_486;PROD_48;1;1
CORD_ORD_486;PROD_49;1;1
CORD_ORD_487;PROD_10;1;1
CORD_ORD_487;PROD_11;1;1
CORD_ORD_487;PROD_14;1;1
CORD_ORD_487;PROD_15;1;1
CORD_ORD_487;PROD_16;1;1
CORD_ORD_487;PROD_17;1;1
CORD_ORD_487;PROD_22;1;1
CORD_ORD_487;PROD_24;1;1
CORD_ORD_487;PROD_25;1;1
CORD_ORD_487;PROD_26;1;1
CORD_ORD_487;PROD_27;1;1
CORD_ORD_487;PROD_28;1;1
CORD_ORD_487;PROD_29;1;1
CORD_ORD_487;PROD_31;1;1
CORD_ORD_487;PROD_32;1;1
CORD_ORD_487;PROD_34;1;1
CORD_ORD_487;PROD_37;1;1
CORD_ORD_487;PROD_42;1;1
CORD_ORD_487;PROD_43;1;1
CORD_ORD_487;PROD_46;1;1
CORD_ORD_487;PROD_47;1;1
CORD_ORD_487;PROD_48;1;1
CORD_ORD_487;PROD_49;1;1
CORD_ORD_487;PROD_50;1;1
CORD_ORD_487;PROD_6;1;1
CORD_ORD_487;PROD_8;1;1
CORD_ORD_487;PROD_9;1;1
CORD_ORD_488;PROD_1;1;1
CORD_ORD_488;PROD_10;1;1
CORD_ORD_488;PROD_11;1;1
CORD_ORD_488;PROD_15;1;1
CORD_ORD_488;PROD_16;1;1
CORD_ORD_488;PROD_27;1;1
CORD_ORD_488;PROD_29;1;1
CORD_ORD_488;PROD_3;1;1
CORD_ORD_488;PROD_34;1;1
CORD_ORD_488;PROD_36;1;1
CORD_ORD_488;PROD_49;1;1
CORD_ORD_488;PROD_8;1;1
CORD_ORD_489;PROD_11;1;1
CORD_ORD_489;PROD_13;1;1
CORD_ORD_489;PROD_14;1;1
CORD_ORD_489;PROD_17;1;1
CORD_ORD_489;PROD_19;1;1
CORD_ORD_489;PROD_20;1;1
CORD_ORD_489;PROD_24;1;1
CORD_ORD_489;PROD_26;1;1
CORD_ORD_489;PROD_27;1;1
CORD_ORD_489;PROD_28;1;1
CORD_ORD_489;PROD_29;1;1
CORD_ORD_489;PROD_31;1;1
CORD_ORD_489;PROD_33;1;1
CORD_ORD_489;PROD_35;1;1
CORD_ORD_489;PROD_37;1;1
CORD_ORD_489;PROD_38;1;1
CORD_ORD_489;PROD_39;1;1
CORD_ORD_489;PROD_42;1;1
CORD_ORD_489;PROD_44;1;1
CORD_ORD_489;PROD_46;1;1
CORD_ORD_489;PROD_48;1;1
CORD_ORD_489;PROD_5;1;1
CORD_ORD_489;PROD_6;1;1
CORD_ORD_489;PROD_7;1;1
CORD_ORD_489;PROD_9;1;1
CORD_ORD_490;PROD_1;1;1
CORD_ORD_490;PROD_10;1;1
CORD_ORD_490;PROD_11;1;1
CORD_ORD_490;PROD_14;1;1
CORD_ORD_490;PROD_16;1;1
CORD_ORD_490;PROD_20;1;1
CORD_ORD_490;PROD_26;1;1
CORD_ORD_490;PROD_27;1;1
CORD_ORD_490;PROD_28;1;1
CORD_ORD_490;PROD_29;1;1
CORD_ORD_490;PROD_3;1;1
CORD_ORD_490;PROD_32;1;1
CORD_ORD_490;PROD_35;1;1
CORD_ORD_490;PROD_36;1;1
CORD_ORD_490;PROD_39;1;1
CORD_ORD_490;PROD_43;1;1
CORD_ORD_490;PROD_46;1;1
CORD_ORD_490;PROD_47;1;1
CORD_ORD_490;PROD_6;1;1
CORD_ORD_490;PROD_8;1;1
CORD_ORD_490;PROD_9;1;1
CORD_ORD_491;PROD_1;1;1
CORD_ORD_491;PROD_10;1;1
CORD_ORD_491;PROD_16;1;1
CORD_ORD_491;PROD_26;1;1
CORD_ORD_491;PROD_3;1;1
CORD_ORD_491;PROD_36;1;1
CORD_ORD_491;PROD_46;1;1
CORD_ORD_491;PROD_6;1;1
CORD_ORD_491;PROD_8;1;1
CORD_ORD_492;PROD_1;1;1
CORD_ORD_492;PROD_10;1;1
CORD_ORD_492;PROD_14;1;1
CORD_ORD_492;PROD_15;1;1
CORD_ORD_492;PROD_16;1;1
CORD_ORD_492;PROD_17;1;1
CORD_ORD_492;PROD_18;1;1
CORD_ORD_492;PROD_2;1;1
CORD_ORD_492;PROD_26;1;1
CORD_ORD_492;PROD_28;1;1
CORD_ORD_492;PROD_3;1;1
CORD_ORD_492;PROD_31;1;1
CORD_ORD_492;PROD_34;1;1
CORD_ORD_492;PROD_36;1;1
CORD_ORD_492;PROD_41;1;1
CORD_ORD_492;PROD_46;1;1
CORD_ORD_492;PROD_48;1;1
CORD_ORD_492;PROD_49;1;1
CORD_ORD_492;PROD_6;1;1
CORD_ORD_492;PROD_8;1;1
CORD_ORD_492;PROD_9;1;1
CORD_ORD_493;PROD_10;1;1
CORD_ORD_493;PROD_11;1;1
CORD_ORD_493;PROD_12;1;1
CORD_ORD_493;PROD_13;1;1
CORD_ORD_493;PROD_14;1;1
CORD_ORD_493;PROD_16;1;1
CORD_ORD_493;PROD_20;1;1
CORD_ORD_493;PROD_21;1;1
CORD_ORD_493;PROD_27;1;1
CORD_ORD_493;PROD_28;1;1
CORD_ORD_493;PROD_29;1;1
CORD_ORD_493;PROD_35;1;1
CORD_ORD_493;PROD_38;1;1
CORD_ORD_493;PROD_39;1;1
CORD_ORD_493;PROD_4;1;1
CORD_ORD_493;PROD_8;1;1
CORD_ORD_493;PROD_9;1;1
CORD_ORD_494;PROD_12;1;1
CORD_ORD_494;PROD_13;1;1
CORD_ORD_494;PROD_14;1;1
CORD_ORD_494;PROD_15;1;1
CORD_ORD_494;PROD_18;1;1
CORD_ORD_494;PROD_2;1;1
CORD_ORD_494;PROD_21;1;1
CORD_ORD_494;PROD_22;1;1
CORD_ORD_494;PROD_25;1;1
CORD_ORD_494;PROD_28;1;1
CORD_ORD_494;PROD_32;1;1
CORD_ORD_494;PROD_34;1;1
CORD_ORD_494;PROD_38;1;1
CORD_ORD_494;PROD_4;1;1
CORD_ORD_494;PROD_41;1;1
CORD_ORD_494;PROD_43;1;1
CORD_ORD_494;PROD_47;1;1
CORD_ORD_494;PROD_49;1;1
CORD_ORD_494;PROD_50;1;1
CORD_ORD_494;PROD_9;1;1
CORD_ORD_495;PROD_1;1;1
CORD_ORD_495;PROD_10;1;1
CORD_ORD_495;PROD_16;1;1
CORD_ORD_495;PROD_22;1;1
CORD_ORD_495;PROD_24;1;1
CORD_ORD_495;PROD_25;1;1
CORD_ORD_495;PROD_26;1;1
CORD_ORD_495;PROD_3;1;1
CORD_ORD_495;PROD_30;1;1
CORD_ORD_495;PROD_36;1;1
CORD_ORD_495;PROD_37;1;1
CORD_ORD_495;PROD_40;1;1
CORD_ORD_495;PROD_42;1;1
CORD_ORD_495;PROD_46;1;1
CORD_ORD_495;PROD_50;1;1
CORD_ORD_495;PROD_6;1;1
CORD_ORD_495;PROD_8;1;1
CORD_ORD_496;PROD_1;1;1
CORD_ORD_496;PROD_11;1;1
CORD_ORD_496;PROD_12;1;1
CORD_ORD_496;PROD_13;1;1
CORD_ORD_496;PROD_15;1;1
CORD_ORD_496;PROD_18;1;1
CORD_ORD_496;PROD_19;1;1
CORD_ORD_496;PROD_2;1;1
CORD_ORD_496;PROD_21;1;1
CORD_ORD_496;PROD_27;1;1
CORD_ORD_496;PROD_29;1;1
CORD_ORD_496;PROD_3;1;1
CORD_ORD_496;PROD_32;1;1
CORD_ORD_496;PROD_33;1;1
CORD_ORD_496;PROD_34;1;1
CORD_ORD_496;PROD_36;1;1
CORD_ORD_496;PROD_38;1;1
CORD_ORD_496;PROD_4;1;1
CORD_ORD_496;PROD_41;1;1
CORD_ORD_496;PROD_43;1;1
CORD_ORD_496;PROD_44;1;1
CORD_ORD_496;PROD_47;1;1
CORD_ORD_496;PROD_49;1;1
CORD_ORD_496;PROD_5;1;1
CORD_ORD_496;PROD_7;1;1
CORD_ORD_497;PROD_1;1;1
CORD_ORD_497;PROD_10;1;1
CORD_ORD_497;PROD_12;1;1
CORD_ORD_497;PROD_13;1;1
CORD_ORD_497;PROD_16;1;1
CORD_ORD_497;PROD_20;1;1
CORD_ORD_497;PROD_21;1;1
CORD_ORD_497;PROD_3;1;1
CORD_ORD_497;PROD_35;1;1
CORD_ORD_497;PROD_36;1;1
CORD_ORD_497;PROD_38;1;1
CORD_ORD_497;PROD_39;1;1
CORD_ORD_497;PROD_4;1;1
CORD_ORD_497;PROD_8;1;1
CORD_ORD_498;PROD_1;1;1
CORD_ORD_498;PROD_10;1;1
CORD_ORD_498;PROD_13;1;1
CORD_ORD_498;PROD_16;1;1
CORD_ORD_498;PROD_20;1;1
CORD_ORD_498;PROD_26;1;1
CORD_ORD_498;PROD_3;1;1
CORD_ORD_498;PROD_35;1;1
CORD_ORD_498;PROD_36;1;1
CORD_ORD_498;PROD_38;1;1
CORD_ORD_498;PROD_39;1;1
CORD_ORD_498;PROD_46;1;1
CORD_ORD_498;PROD_6;1;1
CORD_ORD_498;PROD_8;1;1
CORD_ORD_499;PROD_11;1;1
CORD_ORD_499;PROD_19;1;1
CORD_ORD_499;PROD_23;1;1
CORD_ORD_499;PROD_27;1;1
CORD_ORD_499;PROD_29;1;1
CORD_ORD_499;PROD_33;1;1
CORD_ORD_499;PROD_44;1;1
CORD_ORD_499;PROD_45;1;1
CORD_ORD_500;PROD_1;1;1
CORD_ORD_500;PROD_12;1;1
CORD_ORD_500;PROD_13;1;1
CORD_ORD_500;PROD_14;1;1
CORD_ORD_500;PROD_17;1;1
CORD_ORD_500;PROD_18;1;1
CORD_ORD_500;PROD_2;1;1
CORD_ORD_500;PROD_21;1;1
CORD_ORD_500;PROD_22;1;1
CORD_ORD_500;PROD_24;1;1
CORD_ORD_500;PROD_25;1;1
CORD_ORD_500;PROD_26;1;1
CORD_ORD_500;PROD_28;1;1
CORD_ORD_500;PROD_3;1;1
CORD_ORD_500;PROD_31;1;1
CORD_ORD_500;PROD_36;1;1
CORD_ORD_500;PROD_37;1;1
CORD_ORD_500;PROD_38;1;1
CORD_ORD_500;PROD_4;1;1
CORD_ORD_500;PROD_41;1;1
CORD_ORD_500;PROD_42;1;1
CORD_ORD_500;PROD_46;1;1
CORD_ORD_500;PROD_48;1;1
CORD_ORD_500;PROD_50;1;1
CORD_ORD_500;PROD_6;1;1
CORD_ORD_500;PROD_9;1;1
CORD_ORD_501;PROD_10;1;1
CORD_ORD_501;PROD_12;1;1
CORD_ORD_501;PROD_14;1;1
CORD_ORD_501;PROD_16;1;1
CORD_ORD_501;PROD_19;1;1
CORD_ORD_501;PROD_21;1;1
CORD_ORD_501;PROD_22;1;1
CORD_ORD_501;PROD_23;1;1
CORD_ORD_501;PROD_24;1;1
CORD_ORD_501;PROD_25;1;1
CORD_ORD_501;PROD_28;1;1
CORD_ORD_501;PROD_30;1;1
CORD_ORD_501;PROD_33;1;1
CORD_ORD_501;PROD_37;1;1
CORD_ORD_501;PROD_4;1;1
CORD_ORD_501;PROD_40;1;1
CORD_ORD_501;PROD_42;1;1
CORD_ORD_501;PROD_44;1;1
CORD_ORD_501;PROD_45;1;1
CORD_ORD_501;PROD_5;1;1
CORD_ORD_501;PROD_50;1;1
CORD_ORD_501;PROD_7;1;1
CORD_ORD_501;PROD_8;1;1
CORD_ORD_501;PROD_9;1;1
CORD_ORD_502;PROD_10;1;1
CORD_ORD_502;PROD_13;1;1
CORD_ORD_502;PROD_15;1;1
CORD_ORD_502;PROD_16;1;1
CORD_ORD_502;PROD_17;1;1
CORD_ORD_502;PROD_19;1;1
CORD_ORD_502;PROD_22;1;1
CORD_ORD_502;PROD_25;1;1
CORD_ORD_502;PROD_30;1;1
CORD_ORD_502;PROD_31;1;1
CORD_ORD_502;PROD_32;1;1
CORD_ORD_502;PROD_33;1;1
CORD_ORD_502;PROD_34;1;1
CORD_ORD_502;PROD_38;1;1
CORD_ORD_502;PROD_40;1;1
CORD_ORD_502;PROD_43;1;1
CORD_ORD_502;PROD_44;1;1
CORD_ORD_502;PROD_47;1;1
CORD_ORD_502;PROD_48;1;1
CORD_ORD_502;PROD_49;1;1
CORD_ORD_502;PROD_5;1;1
CORD_ORD_502;PROD_50;1;1
CORD_ORD_502;PROD_7;1;1
CORD_ORD_502;PROD_8;1;1
CORD_ORD_503;PROD_1;1;1
CORD_ORD_503;PROD_11;1;1
CORD_ORD_503;PROD_12;1;1
CORD_ORD_503;PROD_13;1;1
CORD_ORD_503;PROD_19;1;1
CORD_ORD_503;PROD_21;1;1
CORD_ORD_503;PROD_23;1;1
CORD_ORD_503;PROD_27;1;1
CORD_ORD_503;PROD_29;1;1
CORD_ORD_503;PROD_3;1;1
CORD_ORD_503;PROD_32;1;1
CORD_ORD_503;PROD_33;1;1
CORD_ORD_503;PROD_36;1;1
CORD_ORD_503;PROD_38;1;1
CORD_ORD_503;PROD_4;1;1
CORD_ORD_503;PROD_43;1;1
CORD_ORD_503;PROD_44;1;1
CORD_ORD_503;PROD_45;1;1
CORD_ORD_503;PROD_47;1;1
CORD_ORD_504;PROD_10;1;1
CORD_ORD_504;PROD_11;1;1
CORD_ORD_504;PROD_12;1;1
CORD_ORD_504;PROD_13;1;1
CORD_ORD_504;PROD_15;1;1
CORD_ORD_504;PROD_16;1;1
CORD_ORD_504;PROD_17;1;1
CORD_ORD_504;PROD_21;1;1
CORD_ORD_504;PROD_27;1;1
CORD_ORD_504;PROD_29;1;1
CORD_ORD_504;PROD_31;1;1
CORD_ORD_504;PROD_32;1;1
CORD_ORD_504;PROD_34;1;1
CORD_ORD_504;PROD_38;1;1
CORD_ORD_504;PROD_4;1;1
CORD_ORD_504;PROD_43;1;1
CORD_ORD_504;PROD_47;1;1
CORD_ORD_504;PROD_48;1;1
CORD_ORD_504;PROD_49;1;1
CORD_ORD_504;PROD_8;1;1
CORD_ORD_505;PROD_1;1;1
CORD_ORD_505;PROD_11;1;1
CORD_ORD_505;PROD_17;1;1
CORD_ORD_505;PROD_18;1;1
CORD_ORD_505;PROD_2;1;1
CORD_ORD_505;PROD_24;1;1
CORD_ORD_505;PROD_26;1;1
CORD_ORD_505;PROD_27;1;1
CORD_ORD_505;PROD_29;1;1
CORD_ORD_505;PROD_3;1;1
CORD_ORD_505;PROD_31;1;1
CORD_ORD_505;PROD_32;1;1
CORD_ORD_505;PROD_36;1;1
CORD_ORD_505;PROD_37;1;1
CORD_ORD_505;PROD_41;1;1
CORD_ORD_505;PROD_42;1;1
CORD_ORD_505;PROD_43;1;1
CORD_ORD_505;PROD_46;1;1
CORD_ORD_505;PROD_47;1;1
CORD_ORD_505;PROD_48;1;1
CORD_ORD_505;PROD_6;1;1
CORD_ORD_506;PROD_11;1;1
CORD_ORD_506;PROD_12;1;1
CORD_ORD_506;PROD_13;1;1
CORD_ORD_506;PROD_14;1;1
CORD_ORD_506;PROD_15;1;1
CORD_ORD_506;PROD_17;1;1
CORD_ORD_506;PROD_18;1;1
CORD_ORD_506;PROD_19;1;1
CORD_ORD_506;PROD_2;1;1
CORD_ORD_506;PROD_20;1;1
CORD_ORD_506;PROD_21;1;1
CORD_ORD_506;PROD_26;1;1
CORD_ORD_506;PROD_27;1;1
CORD_ORD_506;PROD_28;1;1
CORD_ORD_506;PROD_29;1;1
CORD_ORD_506;PROD_31;1;1
CORD_ORD_506;PROD_33;1;1
CORD_ORD_506;PROD_34;1;1
CORD_ORD_506;PROD_35;1;1
CORD_ORD_506;PROD_38;1;1
CORD_ORD_506;PROD_39;1;1
CORD_ORD_506;PROD_4;1;1
CORD_ORD_506;PROD_41;1;1
CORD_ORD_506;PROD_44;1;1
CORD_ORD_506;PROD_46;1;1
CORD_ORD_506;PROD_48;1;1
CORD_ORD_506;PROD_49;1;1
CORD_ORD_506;PROD_5;1;1
CORD_ORD_506;PROD_6;1;1
CORD_ORD_506;PROD_7;1;1
CORD_ORD_506;PROD_9;1;1
CORD_ORD_507;PROD_10;1;1
CORD_ORD_507;PROD_13;1;1
CORD_ORD_507;PROD_14;1;1
CORD_ORD_507;PROD_16;1;1
CORD_ORD_507;PROD_18;1;1
CORD_ORD_507;PROD_19;1;1
CORD_ORD_507;PROD_2;1;1
CORD_ORD_507;PROD_22;1;1
CORD_ORD_507;PROD_23;1;1
CORD_ORD_507;PROD_24;1;1
CORD_ORD_507;PROD_25;1;1
CORD_ORD_507;PROD_26;1;1
CORD_ORD_507;PROD_28;1;1
CORD_ORD_507;PROD_33;1;1
CORD_ORD_507;PROD_37;1;1
CORD_ORD_507;PROD_38;1;1
CORD_ORD_507;PROD_41;1;1
CORD_ORD_507;PROD_42;1;1
CORD_ORD_507;PROD_44;1;1
CORD_ORD_507;PROD_45;1;1
CORD_ORD_507;PROD_46;1;1
CORD_ORD_507;PROD_50;1;1
CORD_ORD_507;PROD_6;1;1
CORD_ORD_507;PROD_8;1;1
CORD_ORD_507;PROD_9;1;1
CORD_ORD_508;PROD_1;1;1
CORD_ORD_508;PROD_10;1;1
CORD_ORD_508;PROD_11;1;1
CORD_ORD_508;PROD_16;1;1
CORD_ORD_508;PROD_22;1;1
CORD_ORD_508;PROD_25;1;1
CORD_ORD_508;PROD_27;1;1
CORD_ORD_508;PROD_29;1;1
CORD_ORD_508;PROD_3;1;1
CORD_ORD_508;PROD_36;1;1
CORD_ORD_508;PROD_50;1;1
CORD_ORD_508;PROD_8;1;1
CORD_ORD_509;PROD_1;1;1
CORD_ORD_509;PROD_10;1;1
CORD_ORD_509;PROD_11;1;1
CORD_ORD_509;PROD_16;1;1
CORD_ORD_509;PROD_17;1;1
CORD_ORD_509;PROD_19;1;1
CORD_ORD_509;PROD_22;1;1
CORD_ORD_509;PROD_23;1;1
CORD_ORD_509;PROD_25;1;1
CORD_ORD_509;PROD_27;1;1
CORD_ORD_509;PROD_29;1;1
CORD_ORD_509;PROD_3;1;1
CORD_ORD_509;PROD_31;1;1
CORD_ORD_509;PROD_33;1;1
CORD_ORD_509;PROD_36;1;1
CORD_ORD_509;PROD_44;1;1
CORD_ORD_509;PROD_45;1;1
CORD_ORD_509;PROD_48;1;1
CORD_ORD_509;PROD_50;1;1
CORD_ORD_509;PROD_8;1;1
CORD_ORD_510;PROD_1;1;1
CORD_ORD_510;PROD_10;1;1
CORD_ORD_510;PROD_11;1;1
CORD_ORD_510;PROD_12;1;1
CORD_ORD_510;PROD_13;1;1
CORD_ORD_510;PROD_16;1;1
CORD_ORD_510;PROD_17;1;1
CORD_ORD_510;PROD_20;1;1
CORD_ORD_510;PROD_21;1;1
CORD_ORD_510;PROD_27;1;1
CORD_ORD_510;PROD_29;1;1
CORD_ORD_510;PROD_3;1;1
CORD_ORD_510;PROD_30;1;1
CORD_ORD_510;PROD_31;1;1
CORD_ORD_510;PROD_32;1;1
CORD_ORD_510;PROD_35;1;1
CORD_ORD_510;PROD_36;1;1
CORD_ORD_510;PROD_38;1;1
CORD_ORD_510;PROD_39;1;1
CORD_ORD_510;PROD_4;1;1
CORD_ORD_510;PROD_40;1;1
CORD_ORD_510;PROD_43;1;1
CORD_ORD_510;PROD_47;1;1
CORD_ORD_510;PROD_48;1;1
CORD_ORD_510;PROD_8;1;1
CORD_ORD_511;PROD_10;1;1
CORD_ORD_511;PROD_12;1;1
CORD_ORD_511;PROD_16;1;1
CORD_ORD_511;PROD_17;1;1
CORD_ORD_511;PROD_20;1;1
CORD_ORD_511;PROD_21;1;1
CORD_ORD_511;PROD_22;1;1
CORD_ORD_511;PROD_24;1;1
CORD_ORD_511;PROD_25;1;1
CORD_ORD_511;PROD_31;1;1
CORD_ORD_511;PROD_32;1;1
CORD_ORD_511;PROD_35;1;1
CORD_ORD_511;PROD_37;1;1
CORD_ORD_511;PROD_39;1;1
CORD_ORD_511;PROD_4;1;1
CORD_ORD_511;PROD_42;1;1
CORD_ORD_511;PROD_43;1;1
CORD_ORD_511;PROD_47;1;1
CORD_ORD_511;PROD_48;1;1
CORD_ORD_511;PROD_50;1;1
CORD_ORD_511;PROD_8;1;1
CORD_ORD_512;PROD_15;1;1
CORD_ORD_512;PROD_17;1;1
CORD_ORD_512;PROD_20;1;1
CORD_ORD_512;PROD_22;1;1
CORD_ORD_512;PROD_24;1;1
CORD_ORD_512;PROD_25;1;1
CORD_ORD_512;PROD_26;1;1
CORD_ORD_512;PROD_31;1;1
CORD_ORD_512;PROD_34;1;1
CORD_ORD_512;PROD_35;1;1
CORD_ORD_512;PROD_37;1;1
CORD_ORD_512;PROD_39;1;1
CORD_ORD_512;PROD_42;1;1
CORD_ORD_512;PROD_46;1;1
CORD_ORD_512;PROD_48;1;1
CORD_ORD_512;PROD_49;1;1
CORD_ORD_512;PROD_50;1;1
CORD_ORD_512;PROD_6;1;1
CORD_ORD_513;PROD_1;1;1
CORD_ORD_513;PROD_18;1;1
CORD_ORD_513;PROD_2;1;1
CORD_ORD_513;PROD_24;1;1
CORD_ORD_513;PROD_26;1;1
CORD_ORD_513;PROD_3;1;1
CORD_ORD_513;PROD_36;1;1
CORD_ORD_513;PROD_37;1;1
CORD_ORD_513;PROD_41;1;1
CORD_ORD_513;PROD_42;1;1
CORD_ORD_513;PROD_46;1;1
CORD_ORD_513;PROD_5;1;1
CORD_ORD_513;PROD_6;1;1
CORD_ORD_513;PROD_7;1;1
CORD_ORD_514;PROD_1;1;1
CORD_ORD_514;PROD_14;1;1
CORD_ORD_514;PROD_18;1;1
CORD_ORD_514;PROD_2;1;1
CORD_ORD_514;PROD_20;1;1
CORD_ORD_514;PROD_24;1;1
CORD_ORD_514;PROD_26;1;1
CORD_ORD_514;PROD_28;1;1
CORD_ORD_514;PROD_3;1;1
CORD_ORD_514;PROD_35;1;1
CORD_ORD_514;PROD_36;1;1
CORD_ORD_514;PROD_37;1;1
CORD_ORD_514;PROD_39;1;1
CORD_ORD_514;PROD_41;1;1
CORD_ORD_514;PROD_42;1;1
CORD_ORD_514;PROD_46;1;1
CORD_ORD_514;PROD_6;1;1
CORD_ORD_514;PROD_9;1;1
CORD_ORD_515;PROD_1;1;1
CORD_ORD_515;PROD_10;1;1
CORD_ORD_515;PROD_11;1;1
CORD_ORD_515;PROD_13;1;1
CORD_ORD_515;PROD_15;1;1
CORD_ORD_515;PROD_16;1;1
CORD_ORD_515;PROD_27;1;1
CORD_ORD_515;PROD_29;1;1
CORD_ORD_515;PROD_3;1;1
CORD_ORD_515;PROD_32;1;1
CORD_ORD_515;PROD_34;1;1
CORD_ORD_515;PROD_36;1;1
CORD_ORD_515;PROD_38;1;1
CORD_ORD_515;PROD_43;1;1
CORD_ORD_515;PROD_47;1;1
CORD_ORD_515;PROD_49;1;1
CORD_ORD_515;PROD_8;1;1
CORD_ORD_516;PROD_1;1;1
CORD_ORD_516;PROD_10;1;1
CORD_ORD_516;PROD_16;1;1
CORD_ORD_516;PROD_20;1;1
CORD_ORD_516;PROD_22;1;1
CORD_ORD_516;PROD_24;1;1
CORD_ORD_516;PROD_25;1;1
CORD_ORD_516;PROD_3;1;1
CORD_ORD_516;PROD_35;1;1
CORD_ORD_516;PROD_36;1;1
CORD_ORD_516;PROD_37;1;1
CORD_ORD_516;PROD_39;1;1
CORD_ORD_516;PROD_42;1;1
CORD_ORD_516;PROD_50;1;1
CORD_ORD_516;PROD_8;1;1
CORD_ORD_517;PROD_10;1;1
CORD_ORD_517;PROD_11;1;1
CORD_ORD_517;PROD_12;1;1
CORD_ORD_517;PROD_13;1;1
CORD_ORD_517;PROD_15;1;1
CORD_ORD_517;PROD_16;1;1
CORD_ORD_517;PROD_19;1;1
CORD_ORD_517;PROD_21;1;1
CORD_ORD_517;PROD_23;1;1
CORD_ORD_517;PROD_24;1;1
CORD_ORD_517;PROD_27;1;1
CORD_ORD_517;PROD_29;1;1
CORD_ORD_517;PROD_33;1;1
CORD_ORD_517;PROD_34;1;1
CORD_ORD_517;PROD_37;1;1
CORD_ORD_517;PROD_38;1;1
CORD_ORD_517;PROD_4;1;1
CORD_ORD_517;PROD_42;1;1
CORD_ORD_517;PROD_44;1;1
CORD_ORD_517;PROD_45;1;1
CORD_ORD_517;PROD_49;1;1
CORD_ORD_517;PROD_8;1;1
CORD_ORD_518;PROD_1;1;1
CORD_ORD_518;PROD_10;1;1
CORD_ORD_518;PROD_11;1;1
CORD_ORD_518;PROD_14;1;1
CORD_ORD_518;PROD_16;1;1
CORD_ORD_518;PROD_17;1;1
CORD_ORD_518;PROD_18;1;1
CORD_ORD_518;PROD_2;1;1
CORD_ORD_518;PROD_20;1;1
CORD_ORD_518;PROD_26;1;1
CORD_ORD_518;PROD_27;1;1
CORD_ORD_518;PROD_28;1;1
CORD_ORD_518;PROD_29;1;1
CORD_ORD_518;PROD_3;1;1
CORD_ORD_518;PROD_31;1;1
CORD_ORD_518;PROD_35;1;1
CORD_ORD_518;PROD_36;1;1
CORD_ORD_518;PROD_39;1;1
CORD_ORD_518;PROD_41;1;1
CORD_ORD_518;PROD_46;1;1
CORD_ORD_518;PROD_48;1;1
CORD_ORD_518;PROD_6;1;1
CORD_ORD_518;PROD_8;1;1
CORD_ORD_518;PROD_9;1;1
CORD_ORD_519;PROD_1;1;1
CORD_ORD_519;PROD_10;1;1
CORD_ORD_519;PROD_16;1;1
CORD_ORD_519;PROD_18;1;1
CORD_ORD_519;PROD_2;1;1
CORD_ORD_519;PROD_20;1;1
CORD_ORD_519;PROD_22;1;1
CORD_ORD_519;PROD_25;1;1
CORD_ORD_519;PROD_3;1;1
CORD_ORD_519;PROD_35;1;1
CORD_ORD_519;PROD_36;1;1
CORD_ORD_519;PROD_39;1;1
CORD_ORD_519;PROD_41;1;1
CORD_ORD_519;PROD_50;1;1
CORD_ORD_519;PROD_8;1;1
CORD_ORD_520;PROD_10;1;1
CORD_ORD_520;PROD_11;1;1
CORD_ORD_520;PROD_12;1;1
CORD_ORD_520;PROD_14;1;1
CORD_ORD_520;PROD_16;1;1
CORD_ORD_520;PROD_17;1;1
CORD_ORD_520;PROD_20;1;1
CORD_ORD_520;PROD_21;1;1
CORD_ORD_520;PROD_27;1;1
CORD_ORD_520;PROD_28;1;1
CORD_ORD_520;PROD_29;1;1
CORD_ORD_520;PROD_31;1;1
CORD_ORD_520;PROD_35;1;1
CORD_ORD_520;PROD_39;1;1
CORD_ORD_520;PROD_4;1;1
CORD_ORD_520;PROD_48;1;1
CORD_ORD_520;PROD_8;1;1
CORD_ORD_520;PROD_9;1;1
CORD_ORD_521;PROD_1;1;1
CORD_ORD_521;PROD_19;1;1
CORD_ORD_521;PROD_22;1;1
CORD_ORD_521;PROD_24;1;1
CORD_ORD_521;PROD_25;1;1
CORD_ORD_521;PROD_26;1;1
CORD_ORD_521;PROD_3;1;1
CORD_ORD_521;PROD_33;1;1
CORD_ORD_521;PROD_36;1;1
CORD_ORD_521;PROD_37;1;1
CORD_ORD_521;PROD_42;1;1
CORD_ORD_521;PROD_44;1;1
CORD_ORD_521;PROD_46;1;1
CORD_ORD_521;PROD_5;1;1
CORD_ORD_521;PROD_50;1;1
CORD_ORD_521;PROD_6;1;1
CORD_ORD_521;PROD_7;1;1
CORD_ORD_522;PROD_10;1;1
CORD_ORD_522;PROD_12;1;1
CORD_ORD_522;PROD_13;1;1
CORD_ORD_522;PROD_15;1;1
CORD_ORD_522;PROD_16;1;1
CORD_ORD_522;PROD_17;1;1
CORD_ORD_522;PROD_19;1;1
CORD_ORD_522;PROD_21;1;1
CORD_ORD_522;PROD_26;1;1
CORD_ORD_522;PROD_31;1;1
CORD_ORD_522;PROD_32;1;1
CORD_ORD_522;PROD_33;1;1
CORD_ORD_522;PROD_34;1;1
CORD_ORD_522;PROD_38;1;1
CORD_ORD_522;PROD_4;1;1
CORD_ORD_522;PROD_43;1;1
CORD_ORD_522;PROD_44;1;1
CORD_ORD_522;PROD_46;1;1
CORD_ORD_522;PROD_47;1;1
CORD_ORD_522;PROD_48;1;1
CORD_ORD_522;PROD_49;1;1
CORD_ORD_522;PROD_6;1;1
CORD_ORD_522;PROD_8;1;1
CORD_ORD_523;PROD_10;1;1
CORD_ORD_523;PROD_11;1;1
CORD_ORD_523;PROD_12;1;1
CORD_ORD_523;PROD_15;1;1
CORD_ORD_523;PROD_16;1;1
CORD_ORD_523;PROD_19;1;1
CORD_ORD_523;PROD_21;1;1
CORD_ORD_523;PROD_22;1;1
CORD_ORD_523;PROD_24;1;1
CORD_ORD_523;PROD_25;1;1
CORD_ORD_523;PROD_27;1;1
CORD_ORD_523;PROD_29;1;1
CORD_ORD_523;PROD_32;1;1
CORD_ORD_523;PROD_33;1;1
CORD_ORD_523;PROD_34;1;1
CORD_ORD_523;PROD_37;1;1
CORD_ORD_523;PROD_4;1;1
CORD_ORD_523;PROD_42;1;1
CORD_ORD_523;PROD_43;1;1
CORD_ORD_523;PROD_44;1;1
CORD_ORD_523;PROD_47;1;1
CORD_ORD_523;PROD_49;1;1
CORD_ORD_523;PROD_50;1;1
CORD_ORD_523;PROD_8;1;1
CORD_ORD_524;PROD_11;1;1
CORD_ORD_524;PROD_12;1;1
CORD_ORD_524;PROD_19;1;1
CORD_ORD_524;PROD_21;1;1
CORD_ORD_524;PROD_23;1;1
CORD_ORD_524;PROD_27;1;1
CORD_ORD_524;PROD_29;1;1
CORD_ORD_524;PROD_30;1;1
CORD_ORD_524;PROD_33;1;1
CORD_ORD_524;PROD_4;1;1
CORD_ORD_524;PROD_40;1;1
CORD_ORD_524;PROD_44;1;1
CORD_ORD_524;PROD_45;1;1
CORD_ORD_525;PROD_1;1;1
CORD_ORD_525;PROD_10;1;1
CORD_ORD_525;PROD_15;1;1
CORD_ORD_525;PROD_16;1;1
CORD_ORD_525;PROD_17;1;1
CORD_ORD_525;PROD_19;1;1
CORD_ORD_525;PROD_22;1;1
CORD_ORD_525;PROD_25;1;1
CORD_ORD_525;PROD_26;1;1
CORD_ORD_525;PROD_3;1;1
CORD_ORD_525;PROD_31;1;1
CORD_ORD_525;PROD_33;1;1
CORD_ORD_525;PROD_34;1;1
CORD_ORD_525;PROD_36;1;1
CORD_ORD_525;PROD_44;1;1
CORD_ORD_525;PROD_46;1;1
CORD_ORD_525;PROD_48;1;1
CORD_ORD_525;PROD_49;1;1
CORD_ORD_525;PROD_50;1;1
CORD_ORD_525;PROD_6;1;1
CORD_ORD_525;PROD_8;1;1
CORD_ORD_526;PROD_1;1;1
CORD_ORD_526;PROD_15;1;1
CORD_ORD_526;PROD_18;1;1
CORD_ORD_526;PROD_2;1;1
CORD_ORD_526;PROD_20;1;1
CORD_ORD_526;PROD_23;1;1
CORD_ORD_526;PROD_26;1;1
CORD_ORD_526;PROD_3;1;1
CORD_ORD_526;PROD_34;1;1
CORD_ORD_526;PROD_35;1;1
CORD_ORD_526;PROD_36;1;1
CORD_ORD_526;PROD_39;1;1
CORD_ORD_526;PROD_41;1;1
CORD_ORD_526;PROD_45;1;1
CORD_ORD_526;PROD_46;1;1
CORD_ORD_526;PROD_49;1;1
CORD_ORD_526;PROD_5;1;1
CORD_ORD_526;PROD_6;1;1
CORD_ORD_526;PROD_7;1;1
CORD_ORD_527;PROD_1;1;1
CORD_ORD_527;PROD_18;1;1
CORD_ORD_527;PROD_2;1;1
CORD_ORD_527;PROD_20;1;1
CORD_ORD_527;PROD_22;1;1
CORD_ORD_527;PROD_25;1;1
CORD_ORD_527;PROD_3;1;1
CORD_ORD_527;PROD_30;1;1
CORD_ORD_527;PROD_32;1;1
CORD_ORD_527;PROD_35;1;1
CORD_ORD_527;PROD_36;1;1
CORD_ORD_527;PROD_39;1;1
CORD_ORD_527;PROD_40;1;1
CORD_ORD_527;PROD_41;1;1
CORD_ORD_527;PROD_43;1;1
CORD_ORD_527;PROD_47;1;1
CORD_ORD_527;PROD_50;1;1
CORD_ORD_528;PROD_1;1;1
CORD_ORD_528;PROD_10;1;1
CORD_ORD_528;PROD_13;1;1
CORD_ORD_528;PROD_14;1;1
CORD_ORD_528;PROD_16;1;1
CORD_ORD_528;PROD_19;1;1
CORD_ORD_528;PROD_20;1;1
CORD_ORD_528;PROD_22;1;1
CORD_ORD_528;PROD_25;1;1
CORD_ORD_528;PROD_28;1;1
CORD_ORD_528;PROD_3;1;1
CORD_ORD_528;PROD_33;1;1
CORD_ORD_528;PROD_35;1;1
CORD_ORD_528;PROD_36;1;1
CORD_ORD_528;PROD_38;1;1
CORD_ORD_528;PROD_39;1;1
CORD_ORD_528;PROD_44;1;1
CORD_ORD_528;PROD_50;1;1
CORD_ORD_528;PROD_8;1;1
CORD_ORD_528;PROD_9;1;1
CORD_ORD_529;PROD_1;1;1
CORD_ORD_529;PROD_10;1;1
CORD_ORD_529;PROD_11;1;1
CORD_ORD_529;PROD_16;1;1
CORD_ORD_529;PROD_17;1;1
CORD_ORD_529;PROD_18;1;1
CORD_ORD_529;PROD_2;1;1
CORD_ORD_529;PROD_22;1;1
CORD_ORD_529;PROD_23;1;1
CORD_ORD_529;PROD_25;1;1
CORD_ORD_529;PROD_26;1;1
CORD_ORD_529;PROD_27;1;1
CORD_ORD_529;PROD_29;1;1
CORD_ORD_529;PROD_3;1;1
CORD_ORD_529;PROD_30;1;1
CORD_ORD_529;PROD_31;1;1
CORD_ORD_529;PROD_36;1;1
CORD_ORD_529;PROD_40;1;1
CORD_ORD_529;PROD_41;1;1
CORD_ORD_529;PROD_45;1;1
CORD_ORD_529;PROD_46;1;1
CORD_ORD_529;PROD_48;1;1
CORD_ORD_529;PROD_50;1;1
CORD_ORD_529;PROD_6;1;1
CORD_ORD_529;PROD_8;1;1
CORD_ORD_530;PROD_1;1;1
CORD_ORD_530;PROD_10;1;1
CORD_ORD_530;PROD_13;1;1
CORD_ORD_530;PROD_16;1;1
CORD_ORD_530;PROD_17;1;1
CORD_ORD_530;PROD_20;1;1
CORD_ORD_530;PROD_3;1;1
CORD_ORD_530;PROD_31;1;1
CORD_ORD_530;PROD_32;1;1
CORD_ORD_530;PROD_35;1;1
CORD_ORD_530;PROD_36;1;1
CORD_ORD_530;PROD_38;1;1
CORD_ORD_530;PROD_39;1;1
CORD_ORD_530;PROD_43;1;1
CORD_ORD_530;PROD_47;1;1
CORD_ORD_530;PROD_48;1;1
CORD_ORD_530;PROD_8;1;1
CORD_ORD_531;PROD_1;1;1
CORD_ORD_531;PROD_10;1;1
CORD_ORD_531;PROD_13;1;1
CORD_ORD_531;PROD_14;1;1
CORD_ORD_531;PROD_15;1;1
CORD_ORD_531;PROD_16;1;1
CORD_ORD_531;PROD_17;1;1
CORD_ORD_531;PROD_19;1;1
CORD_ORD_531;PROD_20;1;1
CORD_ORD_531;PROD_22;1;1
CORD_ORD_531;PROD_24;1;1
CORD_ORD_531;PROD_25;1;1
CORD_ORD_531;PROD_26;1;1
CORD_ORD_531;PROD_28;1;1
CORD_ORD_531;PROD_3;1;1
CORD_ORD_531;PROD_31;1;1
CORD_ORD_531;PROD_33;1;1
CORD_ORD_531;PROD_34;1;1
CORD_ORD_531;PROD_35;1;1
CORD_ORD_531;PROD_36;1;1
CORD_ORD_531;PROD_37;1;1
CORD_ORD_531;PROD_38;1;1
CORD_ORD_531;PROD_39;1;1
CORD_ORD_531;PROD_42;1;1
CORD_ORD_531;PROD_44;1;1
CORD_ORD_531;PROD_46;1;1
CORD_ORD_531;PROD_48;1;1
CORD_ORD_531;PROD_49;1;1
CORD_ORD_531;PROD_50;1;1
CORD_ORD_531;PROD_6;1;1
CORD_ORD_531;PROD_8;1;1
CORD_ORD_531;PROD_9;1;1
CORD_ORD_532;PROD_10;1;1
CORD_ORD_532;PROD_16;1;1
CORD_ORD_532;PROD_19;1;1
CORD_ORD_532;PROD_22;1;1
CORD_ORD_532;PROD_24;1;1
CORD_ORD_532;PROD_25;1;1
CORD_ORD_532;PROD_33;1;1
CORD_ORD_532;PROD_37;1;1
CORD_ORD_532;PROD_42;1;1
CORD_ORD_532;PROD_44;1;1
CORD_ORD_532;PROD_50;1;1
CORD_ORD_532;PROD_8;1;1
CORD_ORD_533;PROD_10;1;1
CORD_ORD_533;PROD_12;1;1
CORD_ORD_533;PROD_14;1;1
CORD_ORD_533;PROD_15;1;1
CORD_ORD_533;PROD_16;1;1
CORD_ORD_533;PROD_20;1;1
CORD_ORD_533;PROD_21;1;1
CORD_ORD_533;PROD_28;1;1
CORD_ORD_533;PROD_30;1;1
CORD_ORD_533;PROD_32;1;1
CORD_ORD_533;PROD_34;1;1
CORD_ORD_533;PROD_35;1;1
CORD_ORD_533;PROD_39;1;1
CORD_ORD_533;PROD_4;1;1
CORD_ORD_533;PROD_40;1;1
CORD_ORD_533;PROD_43;1;1
CORD_ORD_533;PROD_47;1;1
CORD_ORD_533;PROD_49;1;1
CORD_ORD_533;PROD_8;1;1
CORD_ORD_533;PROD_9;1;1
CORD_ORD_534;PROD_1;1;1
CORD_ORD_534;PROD_10;1;1
CORD_ORD_534;PROD_12;1;1
CORD_ORD_534;PROD_14;1;1
CORD_ORD_534;PROD_16;1;1
CORD_ORD_534;PROD_17;1;1
CORD_ORD_534;PROD_18;1;1
CORD_ORD_534;PROD_19;1;1
CORD_ORD_534;PROD_2;1;1
CORD_ORD_534;PROD_21;1;1
CORD_ORD_534;PROD_24;1;1
CORD_ORD_534;PROD_26;1;1
CORD_ORD_534;PROD_28;1;1
CORD_ORD_534;PROD_3;1;1
CORD_ORD_534;PROD_31;1;1
CORD_ORD_534;PROD_32;1;1
CORD_ORD_534;PROD_33;1;1
CORD_ORD_534;PROD_36;1;1
CORD_ORD_534;PROD_37;1;1
CORD_ORD_534;PROD_4;1;1
CORD_ORD_534;PROD_41;1;1
CORD_ORD_534;PROD_42;1;1
CORD_ORD_534;PROD_43;1;1
CORD_ORD_534;PROD_44;1;1
CORD_ORD_534;PROD_46;1;1
CORD_ORD_534;PROD_47;1;1
CORD_ORD_534;PROD_48;1;1
CORD_ORD_534;PROD_6;1;1
CORD_ORD_534;PROD_8;1;1
CORD_ORD_534;PROD_9;1;1
CORD_ORD_535;PROD_1;1;1
CORD_ORD_535;PROD_10;1;1
CORD_ORD_535;PROD_11;1;1
CORD_ORD_535;PROD_16;1;1
CORD_ORD_535;PROD_17;1;1
CORD_ORD_535;PROD_26;1;1
CORD_ORD_535;PROD_27;1;1
CORD_ORD_535;PROD_29;1;1
CORD_ORD_535;PROD_3;1;1
CORD_ORD_535;PROD_31;1;1
CORD_ORD_535;PROD_32;1;1
CORD_ORD_535;PROD_36;1;1
CORD_ORD_535;PROD_43;1;1
CORD_ORD_535;PROD_46;1;1
CORD_ORD_535;PROD_47;1;1
CORD_ORD_535;PROD_48;1;1
CORD_ORD_535;PROD_6;1;1
CORD_ORD_535;PROD_8;1;1
CORD_ORD_536;PROD_1;1;1
CORD_ORD_536;PROD_11;1;1
CORD_ORD_536;PROD_22;1;1
CORD_ORD_536;PROD_25;1;1
CORD_ORD_536;PROD_27;1;1
CORD_ORD_536;PROD_29;1;1
CORD_ORD_536;PROD_3;1;1
CORD_ORD_536;PROD_32;1;1
CORD_ORD_536;PROD_36;1;1
CORD_ORD_536;PROD_43;1;1
CORD_ORD_536;PROD_47;1;1
CORD_ORD_536;PROD_50;1;1
CORD_ORD_537;PROD_1;1;1
CORD_ORD_537;PROD_11;1;1
CORD_ORD_537;PROD_12;1;1
CORD_ORD_537;PROD_14;1;1
CORD_ORD_537;PROD_15;1;1
CORD_ORD_537;PROD_19;1;1
CORD_ORD_537;PROD_21;1;1
CORD_ORD_537;PROD_23;1;1
CORD_ORD_537;PROD_26;1;1
CORD_ORD_537;PROD_27;1;1
CORD_ORD_537;PROD_28;1;1
CORD_ORD_537;PROD_29;1;1
CORD_ORD_537;PROD_3;1;1
CORD_ORD_537;PROD_33;1;1
CORD_ORD_537;PROD_34;1;1
CORD_ORD_537;PROD_36;1;1
CORD_ORD_537;PROD_4;1;1
CORD_ORD_537;PROD_44;1;1
CORD_ORD_537;PROD_45;1;1
CORD_ORD_537;PROD_46;1;1
CORD_ORD_537;PROD_49;1;1
CORD_ORD_537;PROD_6;1;1
CORD_ORD_537;PROD_9;1;1
CORD_ORD_538;PROD_12;1;1
CORD_ORD_538;PROD_13;1;1
CORD_ORD_538;PROD_19;1;1
CORD_ORD_538;PROD_21;1;1
CORD_ORD_538;PROD_23;1;1
CORD_ORD_538;PROD_33;1;1
CORD_ORD_538;PROD_38;1;1
CORD_ORD_538;PROD_4;1;1
CORD_ORD_538;PROD_44;1;1
CORD_ORD_538;PROD_45;1;1
CORD_ORD_539;PROD_1;1;1
CORD_ORD_539;PROD_10;1;1
CORD_ORD_539;PROD_12;1;1
CORD_ORD_539;PROD_13;1;1
CORD_ORD_539;PROD_15;1;1
CORD_ORD_539;PROD_16;1;1
CORD_ORD_539;PROD_17;1;1
CORD_ORD_539;PROD_21;1;1
CORD_ORD_539;PROD_26;1;1
CORD_ORD_539;PROD_3;1;1
CORD_ORD_539;PROD_31;1;1
CORD_ORD_539;PROD_32;1;1
CORD_ORD_539;PROD_34;1;1
CORD_ORD_539;PROD_36;1;1
CORD_ORD_539;PROD_38;1;1
CORD_ORD_539;PROD_4;1;1
CORD_ORD_539;PROD_43;1;1
CORD_ORD_539;PROD_46;1;1
CORD_ORD_539;PROD_47;1;1
CORD_ORD_539;PROD_48;1;1
CORD_ORD_539;PROD_49;1;1
CORD_ORD_539;PROD_5;1;1
CORD_ORD_539;PROD_6;1;1
CORD_ORD_539;PROD_7;1;1
CORD_ORD_539;PROD_8;1;1
CORD_ORD_540;PROD_1;1;1
CORD_ORD_540;PROD_11;1;1
CORD_ORD_540;PROD_15;1;1
CORD_ORD_540;PROD_17;1;1
CORD_ORD_540;PROD_22;1;1
CORD_ORD_540;PROD_25;1;1
CORD_ORD_540;PROD_26;1;1
CORD_ORD_540;PROD_27;1;1
CORD_ORD_540;PROD_29;1;1
CORD_ORD_540;PROD_3;1;1
CORD_ORD_540;PROD_31;1;1
CORD_ORD_540;PROD_32;1;1
CORD_ORD_540;PROD_34;1;1
CORD_ORD_540;PROD_36;1;1
CORD_ORD_540;PROD_43;1;1
CORD_ORD_540;PROD_46;1;1
CORD_ORD_540;PROD_47;1;1
CORD_ORD_540;PROD_48;1;1
CORD_ORD_540;PROD_49;1;1
CORD_ORD_540;PROD_50;1;1
CORD_ORD_540;PROD_6;1;1
CORD_ORD_541;PROD_10;1;1
CORD_ORD_541;PROD_11;1;1
CORD_ORD_541;PROD_12;1;1
CORD_ORD_541;PROD_14;1;1
CORD_ORD_541;PROD_16;1;1
CORD_ORD_541;PROD_19;1;1
CORD_ORD_541;PROD_20;1;1
CORD_ORD_541;PROD_21;1;1
CORD_ORD_541;PROD_22;1;1
CORD_ORD_541;PROD_24;1;1
CORD_ORD_541;PROD_25;1;1
CORD_ORD_541;PROD_27;1;1
CORD_ORD_541;PROD_28;1;1
CORD_ORD_541;PROD_29;1;1
CORD_ORD_541;PROD_33;1;1
CORD_ORD_541;PROD_35;1;1
CORD_ORD_541;PROD_37;1;1
CORD_ORD_541;PROD_39;1;1
CORD_ORD_541;PROD_4;1;1
CORD_ORD_541;PROD_42;1;1
CORD_ORD_541;PROD_44;1;1
CORD_ORD_541;PROD_5;1;1
CORD_ORD_541;PROD_50;1;1
CORD_ORD_541;PROD_7;1;1
CORD_ORD_541;PROD_8;1;1
CORD_ORD_541;PROD_9;1;1
CORD_ORD_542;PROD_1;1;1
CORD_ORD_542;PROD_10;1;1
CORD_ORD_542;PROD_16;1;1
CORD_ORD_542;PROD_26;1;1
CORD_ORD_542;PROD_3;1;1
CORD_ORD_542;PROD_36;1;1
CORD_ORD_542;PROD_46;1;1
CORD_ORD_542;PROD_6;1;1
CORD_ORD_542;PROD_8;1;1
CORD_ORD_543;PROD_13;1;1
CORD_ORD_543;PROD_18;1;1
CORD_ORD_543;PROD_19;1;1
CORD_ORD_543;PROD_2;1;1
CORD_ORD_543;PROD_24;1;1
CORD_ORD_543;PROD_26;1;1
CORD_ORD_543;PROD_33;1;1
CORD_ORD_543;PROD_37;1;1
CORD_ORD_543;PROD_38;1;1
CORD_ORD_543;PROD_41;1;1
CORD_ORD_543;PROD_42;1;1
CORD_ORD_543;PROD_44;1;1
CORD_ORD_543;PROD_46;1;1
CORD_ORD_543;PROD_6;1;1
CORD_ORD_544;PROD_11;1;1
CORD_ORD_544;PROD_13;1;1
CORD_ORD_544;PROD_14;1;1
CORD_ORD_544;PROD_15;1;1
CORD_ORD_544;PROD_19;1;1
CORD_ORD_544;PROD_20;1;1
CORD_ORD_544;PROD_22;1;1
CORD_ORD_544;PROD_23;1;1
CORD_ORD_544;PROD_24;1;1
CORD_ORD_544;PROD_25;1;1
CORD_ORD_544;PROD_26;1;1
CORD_ORD_544;PROD_27;1;1
CORD_ORD_544;PROD_28;1;1
CORD_ORD_544;PROD_29;1;1
CORD_ORD_544;PROD_33;1;1
CORD_ORD_544;PROD_34;1;1
CORD_ORD_544;PROD_35;1;1
CORD_ORD_544;PROD_37;1;1
CORD_ORD_544;PROD_38;1;1
CORD_ORD_544;PROD_39;1;1
CORD_ORD_544;PROD_42;1;1
CORD_ORD_544;PROD_44;1;1
CORD_ORD_544;PROD_45;1;1
CORD_ORD_544;PROD_46;1;1
CORD_ORD_544;PROD_49;1;1
CORD_ORD_544;PROD_50;1;1
CORD_ORD_544;PROD_6;1;1
CORD_ORD_544;PROD_9;1;1
CORD_ORD_545;PROD_12;1;1
CORD_ORD_545;PROD_19;1;1
CORD_ORD_545;PROD_21;1;1
CORD_ORD_545;PROD_24;1;1
CORD_ORD_545;PROD_26;1;1
CORD_ORD_545;PROD_33;1;1
CORD_ORD_545;PROD_37;1;1
CORD_ORD_545;PROD_4;1;1
CORD_ORD_545;PROD_42;1;1
CORD_ORD_545;PROD_44;1;1
CORD_ORD_545;PROD_46;1;1
CORD_ORD_545;PROD_6;1;1
CORD_ORD_546;PROD_1;1;1
CORD_ORD_546;PROD_10;1;1
CORD_ORD_546;PROD_11;1;1
CORD_ORD_546;PROD_16;1;1
CORD_ORD_546;PROD_17;1;1
CORD_ORD_546;PROD_18;1;1
CORD_ORD_546;PROD_19;1;1
CORD_ORD_546;PROD_2;1;1
CORD_ORD_546;PROD_22;1;1
CORD_ORD_546;PROD_23;1;1
CORD_ORD_546;PROD_25;1;1
CORD_ORD_546;PROD_26;1;1
CORD_ORD_546;PROD_27;1;1
CORD_ORD_546;PROD_29;1;1
CORD_ORD_546;PROD_3;1;1
CORD_ORD_546;PROD_31;1;1
CORD_ORD_546;PROD_33;1;1
CORD_ORD_546;PROD_36;1;1
CORD_ORD_546;PROD_41;1;1
CORD_ORD_546;PROD_44;1;1
CORD_ORD_546;PROD_45;1;1
CORD_ORD_546;PROD_46;1;1
CORD_ORD_546;PROD_48;1;1
CORD_ORD_546;PROD_50;1;1
CORD_ORD_546;PROD_6;1;1
CORD_ORD_546;PROD_8;1;1
CORD_ORD_547;PROD_10;1;1
CORD_ORD_547;PROD_11;1;1
CORD_ORD_547;PROD_13;1;1
CORD_ORD_547;PROD_15;1;1
CORD_ORD_547;PROD_16;1;1
CORD_ORD_547;PROD_17;1;1
CORD_ORD_547;PROD_27;1;1
CORD_ORD_547;PROD_29;1;1
CORD_ORD_547;PROD_31;1;1
CORD_ORD_547;PROD_32;1;1
CORD_ORD_547;PROD_34;1;1
CORD_ORD_547;PROD_38;1;1
CORD_ORD_547;PROD_43;1;1
CORD_ORD_547;PROD_47;1;1
CORD_ORD_547;PROD_48;1;1
CORD_ORD_547;PROD_49;1;1
CORD_ORD_547;PROD_8;1;1
CORD_ORD_548;PROD_1;1;1
CORD_ORD_548;PROD_10;1;1
CORD_ORD_548;PROD_13;1;1
CORD_ORD_548;PROD_16;1;1
CORD_ORD_548;PROD_20;1;1
CORD_ORD_548;PROD_26;1;1
CORD_ORD_548;PROD_3;1;1
CORD_ORD_548;PROD_35;1;1
CORD_ORD_548;PROD_36;1;1
CORD_ORD_548;PROD_38;1;1
CORD_ORD_548;PROD_39;1;1
CORD_ORD_548;PROD_46;1;1
CORD_ORD_548;PROD_6;1;1
CORD_ORD_548;PROD_8;1;1
CORD_ORD_549;PROD_1;1;1
CORD_ORD_549;PROD_10;1;1
CORD_ORD_549;PROD_14;1;1
CORD_ORD_549;PROD_16;1;1
CORD_ORD_549;PROD_17;1;1
CORD_ORD_549;PROD_18;1;1
CORD_ORD_549;PROD_2;1;1
CORD_ORD_549;PROD_23;1;1
CORD_ORD_549;PROD_26;1;1
CORD_ORD_549;PROD_28;1;1
CORD_ORD_549;PROD_3;1;1
CORD_ORD_549;PROD_31;1;1
CORD_ORD_549;PROD_36;1;1
CORD_ORD_549;PROD_41;1;1
CORD_ORD_549;PROD_45;1;1
CORD_ORD_549;PROD_46;1;1
CORD_ORD_549;PROD_48;1;1
CORD_ORD_549;PROD_5;1;1
CORD_ORD_549;PROD_6;1;1
CORD_ORD_549;PROD_7;1;1
CORD_ORD_549;PROD_8;1;1
CORD_ORD_549;PROD_9;1;1
CORD_ORD_550;PROD_10;1;1
CORD_ORD_550;PROD_12;1;1
CORD_ORD_550;PROD_14;1;1
CORD_ORD_550;PROD_16;1;1
CORD_ORD_550;PROD_17;1;1
CORD_ORD_550;PROD_20;1;1
CORD_ORD_550;PROD_21;1;1
CORD_ORD_550;PROD_26;1;1
CORD_ORD_550;PROD_28;1;1
CORD_ORD_550;PROD_31;1;1
CORD_ORD_550;PROD_32;1;1
CORD_ORD_550;PROD_35;1;1
CORD_ORD_550;PROD_39;1;1
CORD_ORD_550;PROD_4;1;1
CORD_ORD_550;PROD_43;1;1
CORD_ORD_550;PROD_46;1;1
CORD_ORD_550;PROD_47;1;1
CORD_ORD_550;PROD_48;1;1
CORD_ORD_550;PROD_5;1;1
CORD_ORD_550;PROD_6;1;1
CORD_ORD_550;PROD_7;1;1
CORD_ORD_550;PROD_8;1;1
CORD_ORD_550;PROD_9;1;1
CORD_ORD_551;PROD_10;1;1
CORD_ORD_551;PROD_16;1;1
CORD_ORD_551;PROD_17;1;1
CORD_ORD_551;PROD_31;1;1
CORD_ORD_551;PROD_48;1;1
CORD_ORD_551;PROD_8;1;1
CORD_ORD_552;PROD_1;1;1
CORD_ORD_552;PROD_11;1;1
CORD_ORD_552;PROD_14;1;1
CORD_ORD_552;PROD_17;1;1
CORD_ORD_552;PROD_20;1;1
CORD_ORD_552;PROD_22;1;1
CORD_ORD_552;PROD_24;1;1
CORD_ORD_552;PROD_25;1;1
CORD_ORD_552;PROD_27;1;1
CORD_ORD_552;PROD_28;1;1
CORD_ORD_552;PROD_29;1;1
CORD_ORD_552;PROD_3;1;1
CORD_ORD_552;PROD_31;1;1
CORD_ORD_552;PROD_32;1;1
CORD_ORD_552;PROD_35;1;1
CORD_ORD_552;PROD_36;1;1
CORD_ORD_552;PROD_37;1;1
CORD_ORD_552;PROD_39;1;1
CORD_ORD_552;PROD_42;1;1
CORD_ORD_552;PROD_43;1;1
CORD_ORD_552;PROD_47;1;1
CORD_ORD_552;PROD_48;1;1
CORD_ORD_552;PROD_50;1;1
CORD_ORD_552;PROD_9;1;1
CORD_ORD_553;PROD_1;1;1
CORD_ORD_553;PROD_11;1;1
CORD_ORD_553;PROD_17;1;1
CORD_ORD_553;PROD_22;1;1
CORD_ORD_553;PROD_24;1;1
CORD_ORD_553;PROD_25;1;1
CORD_ORD_553;PROD_27;1;1
CORD_ORD_553;PROD_29;1;1
CORD_ORD_553;PROD_3;1;1
CORD_ORD_553;PROD_31;1;1
CORD_ORD_553;PROD_32;1;1
CORD_ORD_553;PROD_36;1;1
CORD_ORD_553;PROD_37;1;1
CORD_ORD_553;PROD_42;1;1
CORD_ORD_553;PROD_43;1;1
CORD_ORD_553;PROD_47;1;1
CORD_ORD_553;PROD_48;1;1
CORD_ORD_553;PROD_5;1;1
CORD_ORD_553;PROD_50;1;1
CORD_ORD_553;PROD_7;1;1
CORD_ORD_554;PROD_11;1;1
CORD_ORD_554;PROD_15;1;1
CORD_ORD_554;PROD_18;1;1
CORD_ORD_554;PROD_2;1;1
CORD_ORD_554;PROD_22;1;1
CORD_ORD_554;PROD_25;1;1
CORD_ORD_554;PROD_26;1;1
CORD_ORD_554;PROD_27;1;1
CORD_ORD_554;PROD_29;1;1
CORD_ORD_554;PROD_34;1;1
CORD_ORD_554;PROD_41;1;1
CORD_ORD_554;PROD_46;1;1
CORD_ORD_554;PROD_49;1;1
CORD_ORD_554;PROD_50;1;1
CORD_ORD_554;PROD_6;1;1
CORD_ORD_555;PROD_11;1;1
CORD_ORD_555;PROD_17;1;1
CORD_ORD_555;PROD_22;1;1
CORD_ORD_555;PROD_25;1;1
CORD_ORD_555;PROD_26;1;1
CORD_ORD_555;PROD_27;1;1
CORD_ORD_555;PROD_29;1;1
CORD_ORD_555;PROD_31;1;1
CORD_ORD_555;PROD_32;1;1
CORD_ORD_555;PROD_43;1;1
CORD_ORD_555;PROD_46;1;1
CORD_ORD_555;PROD_47;1;1
CORD_ORD_555;PROD_48;1;1
CORD_ORD_555;PROD_50;1;1
CORD_ORD_555;PROD_6;1;1
CORD_ORD_556;PROD_10;1;1
CORD_ORD_556;PROD_12;1;1
CORD_ORD_556;PROD_14;1;1
CORD_ORD_556;PROD_16;1;1
CORD_ORD_556;PROD_17;1;1
CORD_ORD_556;PROD_20;1;1
CORD_ORD_556;PROD_21;1;1
CORD_ORD_556;PROD_23;1;1
CORD_ORD_556;PROD_24;1;1
CORD_ORD_556;PROD_28;1;1
CORD_ORD_556;PROD_31;1;1
CORD_ORD_556;PROD_35;1;1
CORD_ORD_556;PROD_37;1;1
CORD_ORD_556;PROD_39;1;1
CORD_ORD_556;PROD_4;1;1
CORD_ORD_556;PROD_42;1;1
CORD_ORD_556;PROD_45;1;1
CORD_ORD_556;PROD_48;1;1
CORD_ORD_556;PROD_5;1;1
CORD_ORD_556;PROD_7;1;1
CORD_ORD_556;PROD_8;1;1
CORD_ORD_556;PROD_9;1;1
CORD_ORD_557;PROD_1;1;1
CORD_ORD_557;PROD_10;1;1
CORD_ORD_557;PROD_13;1;1
CORD_ORD_557;PROD_14;1;1
CORD_ORD_557;PROD_15;1;1
CORD_ORD_557;PROD_16;1;1
CORD_ORD_557;PROD_18;1;1
CORD_ORD_557;PROD_2;1;1
CORD_ORD_557;PROD_20;1;1
CORD_ORD_557;PROD_23;1;1
CORD_ORD_557;PROD_24;1;1
CORD_ORD_557;PROD_26;1;1
CORD_ORD_557;PROD_28;1;1
CORD_ORD_557;PROD_3;1;1
CORD_ORD_557;PROD_34;1;1
CORD_ORD_557;PROD_35;1;1
CORD_ORD_557;PROD_36;1;1
CORD_ORD_557;PROD_37;1;1
CORD_ORD_557;PROD_38;1;1
CORD_ORD_557;PROD_39;1;1
CORD_ORD_557;PROD_41;1;1
CORD_ORD_557;PROD_42;1;1
CORD_ORD_557;PROD_45;1;1
CORD_ORD_557;PROD_46;1;1
CORD_ORD_557;PROD_49;1;1
CORD_ORD_557;PROD_6;1;1
CORD_ORD_557;PROD_8;1;1
CORD_ORD_557;PROD_9;1;1
CORD_ORD_558;PROD_11;1;1
CORD_ORD_558;PROD_14;1;1
CORD_ORD_558;PROD_17;1;1
CORD_ORD_558;PROD_18;1;1
CORD_ORD_558;PROD_2;1;1
CORD_ORD_558;PROD_26;1;1
CORD_ORD_558;PROD_27;1;1
CORD_ORD_558;PROD_28;1;1
CORD_ORD_558;PROD_29;1;1
CORD_ORD_558;PROD_31;1;1
CORD_ORD_558;PROD_32;1;1
CORD_ORD_558;PROD_41;1;1
CORD_ORD_558;PROD_43;1;1
CORD_ORD_558;PROD_46;1;1
CORD_ORD_558;PROD_47;1;1
CORD_ORD_558;PROD_48;1;1
CORD_ORD_558;PROD_6;1;1
CORD_ORD_558;PROD_9;1;1
CORD_ORD_559;PROD_10;1;1
CORD_ORD_559;PROD_12;1;1
CORD_ORD_559;PROD_13;1;1
CORD_ORD_559;PROD_15;1;1
CORD_ORD_559;PROD_16;1;1
CORD_ORD_559;PROD_17;1;1
CORD_ORD_559;PROD_21;1;1
CORD_ORD_559;PROD_22;1;1
CORD_ORD_559;PROD_24;1;1
CORD_ORD_559;PROD_25;1;1
CORD_ORD_559;PROD_26;1;1
CORD_ORD_559;PROD_31;1;1
CORD_ORD_559;PROD_34;1;1
CORD_ORD_559;PROD_37;1;1
CORD_ORD_559;PROD_38;1;1
CORD_ORD_559;PROD_4;1;1
CORD_ORD_559;PROD_42;1;1
CORD_ORD_559;PROD_46;1;1
CORD_ORD_559;PROD_48;1;1
CORD_ORD_559;PROD_49;1;1
CORD_ORD_559;PROD_50;1;1
CORD_ORD_559;PROD_6;1;1
CORD_ORD_559;PROD_8;1;1
CORD_ORD_560;PROD_10;1;1
CORD_ORD_560;PROD_14;1;1
CORD_ORD_560;PROD_16;1;1
CORD_ORD_560;PROD_19;1;1
CORD_ORD_560;PROD_24;1;1
CORD_ORD_560;PROD_28;1;1
CORD_ORD_560;PROD_32;1;1
CORD_ORD_560;PROD_33;1;1
CORD_ORD_560;PROD_37;1;1
CORD_ORD_560;PROD_42;1;1
CORD_ORD_560;PROD_43;1;1
CORD_ORD_560;PROD_44;1;1
CORD_ORD_560;PROD_47;1;1
CORD_ORD_560;PROD_8;1;1
CORD_ORD_560;PROD_9;1;1
CORD_ORD_561;PROD_10;1;1
CORD_ORD_561;PROD_11;1;1
CORD_ORD_561;PROD_14;1;1
CORD_ORD_561;PROD_15;1;1
CORD_ORD_561;PROD_16;1;1
CORD_ORD_561;PROD_18;1;1
CORD_ORD_561;PROD_2;1;1
CORD_ORD_561;PROD_20;1;1
CORD_ORD_561;PROD_26;1;1
CORD_ORD_561;PROD_27;1;1
CORD_ORD_561;PROD_28;1;1
CORD_ORD_561;PROD_29;1;1
CORD_ORD_561;PROD_30;1;1
CORD_ORD_561;PROD_34;1;1
CORD_ORD_561;PROD_35;1;1
CORD_ORD_561;PROD_39;1;1
CORD_ORD_561;PROD_40;1;1
CORD_ORD_561;PROD_41;1;1
CORD_ORD_561;PROD_46;1;1
CORD_ORD_561;PROD_49;1;1
CORD_ORD_561;PROD_6;1;1
CORD_ORD_561;PROD_8;1;1
CORD_ORD_561;PROD_9;1;1
CORD_ORD_562;PROD_10;1;1
CORD_ORD_562;PROD_11;1;1
CORD_ORD_562;PROD_12;1;1
CORD_ORD_562;PROD_13;1;1
CORD_ORD_562;PROD_15;1;1
CORD_ORD_562;PROD_16;1;1
CORD_ORD_562;PROD_18;1;1
CORD_ORD_562;PROD_19;1;1
CORD_ORD_562;PROD_2;1;1
CORD_ORD_562;PROD_20;1;1
CORD_ORD_562;PROD_21;1;1
CORD_ORD_562;PROD_22;1;1
CORD_ORD_562;PROD_25;1;1
CORD_ORD_562;PROD_26;1;1
CORD_ORD_562;PROD_27;1;1
CORD_ORD_562;PROD_29;1;1
CORD_ORD_562;PROD_32;1;1
CORD_ORD_562;PROD_33;1;1
CORD_ORD_562;PROD_34;1;1
CORD_ORD_562;PROD_35;1;1
CORD_ORD_562;PROD_38;1;1
CORD_ORD_562;PROD_39;1;1
CORD_ORD_562;PROD_4;1;1
CORD_ORD_562;PROD_41;1;1
CORD_ORD_562;PROD_43;1;1
CORD_ORD_562;PROD_44;1;1
CORD_ORD_562;PROD_46;1;1
CORD_ORD_562;PROD_47;1;1
CORD_ORD_562;PROD_49;1;1
CORD_ORD_562;PROD_50;1;1
CORD_ORD_562;PROD_6;1;1
CORD_ORD_562;PROD_8;1;1
CORD_ORD_563;PROD_11;1;1
CORD_ORD_563;PROD_17;1;1
CORD_ORD_563;PROD_19;1;1
CORD_ORD_563;PROD_27;1;1
CORD_ORD_563;PROD_29;1;1
CORD_ORD_563;PROD_31;1;1
CORD_ORD_563;PROD_32;1;1
CORD_ORD_563;PROD_33;1;1
CORD_ORD_563;PROD_43;1;1
CORD_ORD_563;PROD_44;1;1
CORD_ORD_563;PROD_47;1;1
CORD_ORD_563;PROD_48;1;1
CORD_ORD_564;PROD_10;1;1
CORD_ORD_564;PROD_16;1;1
CORD_ORD_564;PROD_18;1;1
CORD_ORD_564;PROD_19;1;1
CORD_ORD_564;PROD_2;1;1
CORD_ORD_564;PROD_22;1;1
CORD_ORD_564;PROD_23;1;1
CORD_ORD_564;PROD_24;1;1
CORD_ORD_564;PROD_25;1;1
CORD_ORD_564;PROD_32;1;1
CORD_ORD_564;PROD_33;1;1
CORD_ORD_564;PROD_37;1;1
CORD_ORD_564;PROD_41;1;1
CORD_ORD_564;PROD_42;1;1
CORD_ORD_564;PROD_43;1;1
CORD_ORD_564;PROD_44;1;1
CORD_ORD_564;PROD_45;1;1
CORD_ORD_564;PROD_47;1;1
CORD_ORD_564;PROD_50;1;1
CORD_ORD_564;PROD_8;1;1
CORD_ORD_565;PROD_1;1;1
CORD_ORD_565;PROD_10;1;1
CORD_ORD_565;PROD_13;1;1
CORD_ORD_565;PROD_15;1;1
CORD_ORD_565;PROD_16;1;1
CORD_ORD_565;PROD_20;1;1
CORD_ORD_565;PROD_3;1;1
CORD_ORD_565;PROD_34;1;1
CORD_ORD_565;PROD_35;1;1
CORD_ORD_565;PROD_36;1;1
CORD_ORD_565;PROD_38;1;1
CORD_ORD_565;PROD_39;1;1
CORD_ORD_565;PROD_49;1;1
CORD_ORD_565;PROD_8;1;1
CORD_ORD_566;PROD_10;1;1
CORD_ORD_566;PROD_11;1;1
CORD_ORD_566;PROD_12;1;1
CORD_ORD_566;PROD_16;1;1
CORD_ORD_566;PROD_19;1;1
CORD_ORD_566;PROD_21;1;1
CORD_ORD_566;PROD_22;1;1
CORD_ORD_566;PROD_24;1;1
CORD_ORD_566;PROD_25;1;1
CORD_ORD_566;PROD_26;1;1
CORD_ORD_566;PROD_27;1;1
CORD_ORD_566;PROD_29;1;1
CORD_ORD_566;PROD_33;1;1
CORD_ORD_566;PROD_37;1;1
CORD_ORD_566;PROD_4;1;1
CORD_ORD_566;PROD_42;1;1
CORD_ORD_566;PROD_44;1;1
CORD_ORD_566;PROD_46;1;1
CORD_ORD_566;PROD_50;1;1
CORD_ORD_566;PROD_6;1;1
CORD_ORD_566;PROD_8;1;1
CORD_ORD_567;PROD_10;1;1
CORD_ORD_567;PROD_12;1;1
CORD_ORD_567;PROD_13;1;1
CORD_ORD_567;PROD_14;1;1
CORD_ORD_567;PROD_15;1;1
CORD_ORD_567;PROD_16;1;1
CORD_ORD_567;PROD_19;1;1
CORD_ORD_567;PROD_21;1;1
CORD_ORD_567;PROD_24;1;1
CORD_ORD_567;PROD_28;1;1
CORD_ORD_567;PROD_33;1;1
CORD_ORD_567;PROD_34;1;1
CORD_ORD_567;PROD_37;1;1
CORD_ORD_567;PROD_38;1;1
CORD_ORD_567;PROD_4;1;1
CORD_ORD_567;PROD_42;1;1
CORD_ORD_567;PROD_44;1;1
CORD_ORD_567;PROD_49;1;1
CORD_ORD_567;PROD_5;1;1
CORD_ORD_567;PROD_7;1;1
CORD_ORD_567;PROD_8;1;1
CORD_ORD_567;PROD_9;1;1
CORD_ORD_568;PROD_11;1;1
CORD_ORD_568;PROD_14;1;1
CORD_ORD_568;PROD_17;1;1
CORD_ORD_568;PROD_18;1;1
CORD_ORD_568;PROD_2;1;1
CORD_ORD_568;PROD_27;1;1
CORD_ORD_568;PROD_28;1;1
CORD_ORD_568;PROD_29;1;1
CORD_ORD_568;PROD_31;1;1
CORD_ORD_568;PROD_32;1;1
CORD_ORD_568;PROD_41;1;1
CORD_ORD_568;PROD_43;1;1
CORD_ORD_568;PROD_47;1;1
CORD_ORD_568;PROD_48;1;1
CORD_ORD_568;PROD_9;1;1
CORD_ORD_569;PROD_1;1;1
CORD_ORD_569;PROD_10;1;1
CORD_ORD_569;PROD_12;1;1
CORD_ORD_569;PROD_13;1;1
CORD_ORD_569;PROD_16;1;1
CORD_ORD_569;PROD_17;1;1
CORD_ORD_569;PROD_18;1;1
CORD_ORD_569;PROD_19;1;1
CORD_ORD_569;PROD_2;1;1
CORD_ORD_569;PROD_20;1;1
CORD_ORD_569;PROD_21;1;1
CORD_ORD_569;PROD_26;1;1
CORD_ORD_569;PROD_3;1;1
CORD_ORD_569;PROD_30;1;1
CORD_ORD_569;PROD_31;1;1
CORD_ORD_569;PROD_32;1;1
CORD_ORD_569;PROD_33;1;1
CORD_ORD_569;PROD_35;1;1
CORD_ORD_569;PROD_36;1;1
CORD_ORD_569;PROD_38;1;1
CORD_ORD_569;PROD_39;1;1
CORD_ORD_569;PROD_4;1;1
CORD_ORD_569;PROD_40;1;1
CORD_ORD_569;PROD_41;1;1
CORD_ORD_569;PROD_43;1;1
CORD_ORD_569;PROD_44;1;1
CORD_ORD_569;PROD_46;1;1
CORD_ORD_569;PROD_47;1;1
CORD_ORD_569;PROD_48;1;1
CORD_ORD_569;PROD_6;1;1
CORD_ORD_569;PROD_8;1;1
CORD_ORD_570;PROD_1;1;1
CORD_ORD_570;PROD_10;1;1
CORD_ORD_570;PROD_15;1;1
CORD_ORD_570;PROD_16;1;1
CORD_ORD_570;PROD_17;1;1
CORD_ORD_570;PROD_22;1;1
CORD_ORD_570;PROD_23;1;1
CORD_ORD_570;PROD_24;1;1
CORD_ORD_570;PROD_25;1;1
CORD_ORD_570;PROD_26;1;1
CORD_ORD_570;PROD_3;1;1
CORD_ORD_570;PROD_31;1;1
CORD_ORD_570;PROD_34;1;1
CORD_ORD_570;PROD_36;1;1
CORD_ORD_570;PROD_37;1;1
CORD_ORD_570;PROD_42;1;1
CORD_ORD_570;PROD_45;1;1
CORD_ORD_570;PROD_46;1;1
CORD_ORD_570;PROD_48;1;1
CORD_ORD_570;PROD_49;1;1
CORD_ORD_570;PROD_5;1;1
CORD_ORD_570;PROD_50;1;1
CORD_ORD_570;PROD_6;1;1
CORD_ORD_570;PROD_7;1;1
CORD_ORD_570;PROD_8;1;1
CORD_ORD_571;PROD_11;1;1
CORD_ORD_571;PROD_19;1;1
CORD_ORD_571;PROD_23;1;1
CORD_ORD_571;PROD_27;1;1
CORD_ORD_571;PROD_29;1;1
CORD_ORD_571;PROD_33;1;1
CORD_ORD_571;PROD_44;1;1
CORD_ORD_571;PROD_45;1;1
CORD_ORD_572;PROD_1;1;1
CORD_ORD_572;PROD_10;1;1
CORD_ORD_572;PROD_13;1;1
CORD_ORD_572;PROD_15;1;1
CORD_ORD_572;PROD_16;1;1
CORD_ORD_572;PROD_20;1;1
CORD_ORD_572;PROD_3;1;1
CORD_ORD_572;PROD_32;1;1
CORD_ORD_572;PROD_34;1;1
CORD_ORD_572;PROD_35;1;1
CORD_ORD_572;PROD_36;1;1
CORD_ORD_572;PROD_38;1;1
CORD_ORD_572;PROD_39;1;1
CORD_ORD_572;PROD_43;1;1
CORD_ORD_572;PROD_47;1;1
CORD_ORD_572;PROD_49;1;1
CORD_ORD_572;PROD_8;1;1
CORD_ORD_573;PROD_10;1;1
CORD_ORD_573;PROD_12;1;1
CORD_ORD_573;PROD_14;1;1
CORD_ORD_573;PROD_16;1;1
CORD_ORD_573;PROD_17;1;1
CORD_ORD_573;PROD_18;1;1
CORD_ORD_573;PROD_19;1;1
CORD_ORD_573;PROD_2;1;1
CORD_ORD_573;PROD_20;1;1
CORD_ORD_573;PROD_21;1;1
CORD_ORD_573;PROD_24;1;1
CORD_ORD_573;PROD_26;1;1
CORD_ORD_573;PROD_28;1;1
CORD_ORD_573;PROD_31;1;1
CORD_ORD_573;PROD_32;1;1
CORD_ORD_573;PROD_33;1;1
CORD_ORD_573;PROD_35;1;1
CORD_ORD_573;PROD_37;1;1
CORD_ORD_573;PROD_39;1;1
CORD_ORD_573;PROD_4;1;1
CORD_ORD_573;PROD_41;1;1
CORD_ORD_573;PROD_42;1;1
CORD_ORD_573;PROD_43;1;1
CORD_ORD_573;PROD_44;1;1
CORD_ORD_573;PROD_46;1;1
CORD_ORD_573;PROD_47;1;1
CORD_ORD_573;PROD_48;1;1
CORD_ORD_573;PROD_6;1;1
CORD_ORD_573;PROD_8;1;1
CORD_ORD_573;PROD_9;1;1
CORD_ORD_574;PROD_10;1;1
CORD_ORD_574;PROD_11;1;1
CORD_ORD_574;PROD_16;1;1
CORD_ORD_574;PROD_17;1;1
CORD_ORD_574;PROD_19;1;1
CORD_ORD_574;PROD_22;1;1
CORD_ORD_574;PROD_25;1;1
CORD_ORD_574;PROD_27;1;1
CORD_ORD_574;PROD_29;1;1
CORD_ORD_574;PROD_31;1;1
CORD_ORD_574;PROD_32;1;1
CORD_ORD_574;PROD_33;1;1
CORD_ORD_574;PROD_43;1;1
CORD_ORD_574;PROD_44;1;1
CORD_ORD_574;PROD_47;1;1
CORD_ORD_574;PROD_48;1;1
CORD_ORD_574;PROD_50;1;1
CORD_ORD_574;PROD_8;1;1
CORD_ORD_575;PROD_10;1;1
CORD_ORD_575;PROD_11;1;1
CORD_ORD_575;PROD_15;1;1
CORD_ORD_575;PROD_16;1;1
CORD_ORD_575;PROD_18;1;1
CORD_ORD_575;PROD_19;1;1
CORD_ORD_575;PROD_2;1;1
CORD_ORD_575;PROD_20;1;1
CORD_ORD_575;PROD_22;1;1
CORD_ORD_575;PROD_24;1;1
CORD_ORD_575;PROD_25;1;1
CORD_ORD_575;PROD_27;1;1
CORD_ORD_575;PROD_29;1;1
CORD_ORD_575;PROD_33;1;1
CORD_ORD_575;PROD_34;1;1
CORD_ORD_575;PROD_35;1;1
CORD_ORD_575;PROD_37;1;1
CORD_ORD_575;PROD_39;1;1
CORD_ORD_575;PROD_41;1;1
CORD_ORD_575;PROD_42;1;1
CORD_ORD_575;PROD_44;1;1
CORD_ORD_575;PROD_49;1;1
CORD_ORD_575;PROD_50;1;1
CORD_ORD_575;PROD_8;1;1
CORD_ORD_576;PROD_10;1;1
CORD_ORD_576;PROD_15;1;1
CORD_ORD_576;PROD_16;1;1
CORD_ORD_576;PROD_19;1;1
CORD_ORD_576;PROD_22;1;1
CORD_ORD_576;PROD_23;1;1
CORD_ORD_576;PROD_24;1;1
CORD_ORD_576;PROD_25;1;1
CORD_ORD_576;PROD_33;1;1
CORD_ORD_576;PROD_34;1;1
CORD_ORD_576;PROD_37;1;1
CORD_ORD_576;PROD_42;1;1
CORD_ORD_576;PROD_44;1;1
CORD_ORD_576;PROD_45;1;1
CORD_ORD_576;PROD_49;1;1
CORD_ORD_576;PROD_50;1;1
CORD_ORD_576;PROD_8;1;1
CORD_ORD_577;PROD_12;1;1
CORD_ORD_577;PROD_17;1;1
CORD_ORD_577;PROD_20;1;1
CORD_ORD_577;PROD_21;1;1
CORD_ORD_577;PROD_30;1;1
CORD_ORD_577;PROD_31;1;1
CORD_ORD_577;PROD_35;1;1
CORD_ORD_577;PROD_39;1;1
CORD_ORD_577;PROD_4;1;1
CORD_ORD_577;PROD_40;1;1
CORD_ORD_577;PROD_48;1;1
CORD_ORD_578;PROD_1;1;1
CORD_ORD_578;PROD_17;1;1
CORD_ORD_578;PROD_18;1;1
CORD_ORD_578;PROD_2;1;1
CORD_ORD_578;PROD_20;1;1
CORD_ORD_578;PROD_24;1;1
CORD_ORD_578;PROD_26;1;1
CORD_ORD_578;PROD_3;1;1
CORD_ORD_578;PROD_31;1;1
CORD_ORD_578;PROD_35;1;1
CORD_ORD_578;PROD_36;1;1
CORD_ORD_578;PROD_37;1;1
CORD_ORD_578;PROD_39;1;1
CORD_ORD_578;PROD_41;1;1
CORD_ORD_578;PROD_42;1;1
CORD_ORD_578;PROD_46;1;1
CORD_ORD_578;PROD_48;1;1
CORD_ORD_578;PROD_5;1;1
CORD_ORD_578;PROD_6;1;1
CORD_ORD_578;PROD_7;1;1
CORD_ORD_579;PROD_1;1;1
CORD_ORD_579;PROD_10;1;1
CORD_ORD_579;PROD_13;1;1
CORD_ORD_579;PROD_16;1;1
CORD_ORD_579;PROD_20;1;1
CORD_ORD_579;PROD_22;1;1
CORD_ORD_579;PROD_25;1;1
CORD_ORD_579;PROD_3;1;1
CORD_ORD_579;PROD_32;1;1
CORD_ORD_579;PROD_35;1;1
CORD_ORD_579;PROD_36;1;1
CORD_ORD_579;PROD_38;1;1
CORD_ORD_579;PROD_39;1;1
CORD_ORD_579;PROD_43;1;1
CORD_ORD_579;PROD_47;1;1
CORD_ORD_579;PROD_50;1;1
CORD_ORD_579;PROD_8;1;1
CORD_ORD_580;PROD_1;1;1
CORD_ORD_580;PROD_12;1;1
CORD_ORD_580;PROD_13;1;1
CORD_ORD_580;PROD_15;1;1
CORD_ORD_580;PROD_18;1;1
CORD_ORD_580;PROD_19;1;1
CORD_ORD_580;PROD_2;1;1
CORD_ORD_580;PROD_21;1;1
CORD_ORD_580;PROD_26;1;1
CORD_ORD_580;PROD_3;1;1
CORD_ORD_580;PROD_30;1;1
CORD_ORD_580;PROD_33;1;1
CORD_ORD_580;PROD_34;1;1
CORD_ORD_580;PROD_36;1;1
CORD_ORD_580;PROD_38;1;1
CORD_ORD_580;PROD_4;1;1
CORD_ORD_580;PROD_40;1;1
CORD_ORD_580;PROD_41;1;1
CORD_ORD_580;PROD_44;1;1
CORD_ORD_580;PROD_46;1;1
CORD_ORD_580;PROD_49;1;1
CORD_ORD_580;PROD_5;1;1
CORD_ORD_580;PROD_6;1;1
CORD_ORD_580;PROD_7;1;1
CORD_ORD_581;PROD_1;1;1
CORD_ORD_581;PROD_10;1;1
CORD_ORD_581;PROD_12;1;1
CORD_ORD_581;PROD_13;1;1
CORD_ORD_581;PROD_16;1;1
CORD_ORD_581;PROD_17;1;1
CORD_ORD_581;PROD_21;1;1
CORD_ORD_581;PROD_26;1;1
CORD_ORD_581;PROD_3;1;1
CORD_ORD_581;PROD_31;1;1
CORD_ORD_581;PROD_36;1;1
CORD_ORD_581;PROD_38;1;1
CORD_ORD_581;PROD_4;1;1
CORD_ORD_581;PROD_46;1;1
CORD_ORD_581;PROD_48;1;1
CORD_ORD_581;PROD_6;1;1
CORD_ORD_581;PROD_8;1;1
CORD_ORD_582;PROD_10;1;1
CORD_ORD_582;PROD_11;1;1
CORD_ORD_582;PROD_14;1;1
CORD_ORD_582;PROD_16;1;1
CORD_ORD_582;PROD_17;1;1
CORD_ORD_582;PROD_18;1;1
CORD_ORD_582;PROD_2;1;1
CORD_ORD_582;PROD_20;1;1
CORD_ORD_582;PROD_23;1;1
CORD_ORD_582;PROD_26;1;1
CORD_ORD_582;PROD_27;1;1
CORD_ORD_582;PROD_28;1;1
CORD_ORD_582;PROD_29;1;1
CORD_ORD_582;PROD_31;1;1
CORD_ORD_582;PROD_32;1;1
CORD_ORD_582;PROD_35;1;1
CORD_ORD_582;PROD_39;1;1
CORD_ORD_582;PROD_41;1;1
CORD_ORD_582;PROD_43;1;1
CORD_ORD_582;PROD_45;1;1
CORD_ORD_582;PROD_46;1;1
CORD_ORD_582;PROD_47;1;1
CORD_ORD_582;PROD_48;1;1
CORD_ORD_582;PROD_6;1;1
CORD_ORD_582;PROD_8;1;1
CORD_ORD_582;PROD_9;1;1
CORD_ORD_583;PROD_1;1;1
CORD_ORD_583;PROD_10;1;1
CORD_ORD_583;PROD_13;1;1
CORD_ORD_583;PROD_16;1;1
CORD_ORD_583;PROD_18;1;1
CORD_ORD_583;PROD_2;1;1
CORD_ORD_583;PROD_20;1;1
CORD_ORD_583;PROD_24;1;1
CORD_ORD_583;PROD_26;1;1
CORD_ORD_583;PROD_3;1;1
CORD_ORD_583;PROD_35;1;1
CORD_ORD_583;PROD_36;1;1
CORD_ORD_583;PROD_37;1;1
CORD_ORD_583;PROD_38;1;1
CORD_ORD_583;PROD_39;1;1
CORD_ORD_583;PROD_41;1;1
CORD_ORD_583;PROD_42;1;1
CORD_ORD_583;PROD_46;1;1
CORD_ORD_583;PROD_6;1;1
CORD_ORD_583;PROD_8;1;1
CORD_ORD_584;PROD_12;1;1
CORD_ORD_584;PROD_17;1;1
CORD_ORD_584;PROD_21;1;1
CORD_ORD_584;PROD_22;1;1
CORD_ORD_584;PROD_25;1;1
CORD_ORD_584;PROD_26;1;1
CORD_ORD_584;PROD_31;1;1
CORD_ORD_584;PROD_4;1;1
CORD_ORD_584;PROD_46;1;1
CORD_ORD_584;PROD_48;1;1
CORD_ORD_584;PROD_50;1;1
CORD_ORD_584;PROD_6;1;1
CORD_ORD_585;PROD_1;1;1
CORD_ORD_585;PROD_10;1;1
CORD_ORD_585;PROD_12;1;1
CORD_ORD_585;PROD_13;1;1
CORD_ORD_585;PROD_14;1;1
CORD_ORD_585;PROD_15;1;1
CORD_ORD_585;PROD_16;1;1
CORD_ORD_585;PROD_17;1;1
CORD_ORD_585;PROD_18;1;1
CORD_ORD_585;PROD_19;1;1
CORD_ORD_585;PROD_2;1;1
CORD_ORD_585;PROD_21;1;1
CORD_ORD_585;PROD_28;1;1
CORD_ORD_585;PROD_3;1;1
CORD_ORD_585;PROD_31;1;1
CORD_ORD_585;PROD_33;1;1
CORD_ORD_585;PROD_34;1;1
CORD_ORD_585;PROD_36;1;1
CORD_ORD_585;PROD_38;1;1
CORD_ORD_585;PROD_4;1;1
CORD_ORD_585;PROD_41;1;1
CORD_ORD_585;PROD_44;1;1
CORD_ORD_585;PROD_48;1;1
CORD_ORD_585;PROD_49;1;1
CORD_ORD_585;PROD_8;1;1
CORD_ORD_585;PROD_9;1;1
CORD_ORD_586;PROD_1;1;1
CORD_ORD_586;PROD_10;1;1
CORD_ORD_586;PROD_14;1;1
CORD_ORD_586;PROD_16;1;1
CORD_ORD_586;PROD_20;1;1
CORD_ORD_586;PROD_26;1;1
CORD_ORD_586;PROD_28;1;1
CORD_ORD_586;PROD_3;1;1
CORD_ORD_586;PROD_35;1;1
CORD_ORD_586;PROD_36;1;1
CORD_ORD_586;PROD_39;1;1
CORD_ORD_586;PROD_46;1;1
CORD_ORD_586;PROD_6;1;1
CORD_ORD_586;PROD_8;1;1
CORD_ORD_586;PROD_9;1;1
CORD_ORD_587;PROD_1;1;1
CORD_ORD_587;PROD_10;1;1
CORD_ORD_587;PROD_12;1;1
CORD_ORD_587;PROD_13;1;1
CORD_ORD_587;PROD_15;1;1
CORD_ORD_587;PROD_16;1;1
CORD_ORD_587;PROD_21;1;1
CORD_ORD_587;PROD_22;1;1
CORD_ORD_587;PROD_25;1;1
CORD_ORD_587;PROD_3;1;1
CORD_ORD_587;PROD_34;1;1
CORD_ORD_587;PROD_36;1;1
CORD_ORD_587;PROD_38;1;1
CORD_ORD_587;PROD_4;1;1
CORD_ORD_587;PROD_49;1;1
CORD_ORD_587;PROD_50;1;1
CORD_ORD_587;PROD_8;1;1
CORD_ORD_588;PROD_1;1;1
CORD_ORD_588;PROD_10;1;1
CORD_ORD_588;PROD_13;1;1
CORD_ORD_588;PROD_16;1;1
CORD_ORD_588;PROD_20;1;1
CORD_ORD_588;PROD_22;1;1
CORD_ORD_588;PROD_25;1;1
CORD_ORD_588;PROD_3;1;1
CORD_ORD_588;PROD_32;1;1
CORD_ORD_588;PROD_35;1;1
CORD_ORD_588;PROD_36;1;1
CORD_ORD_588;PROD_38;1;1
CORD_ORD_588;PROD_39;1;1
CORD_ORD_588;PROD_43;1;1
CORD_ORD_588;PROD_47;1;1
CORD_ORD_588;PROD_50;1;1
CORD_ORD_588;PROD_8;1;1
CORD_ORD_589;PROD_1;1;1
CORD_ORD_589;PROD_11;1;1
CORD_ORD_589;PROD_17;1;1
CORD_ORD_589;PROD_18;1;1
CORD_ORD_589;PROD_19;1;1
CORD_ORD_589;PROD_2;1;1
CORD_ORD_589;PROD_23;1;1
CORD_ORD_589;PROD_24;1;1
CORD_ORD_589;PROD_26;1;1
CORD_ORD_589;PROD_27;1;1
CORD_ORD_589;PROD_29;1;1
CORD_ORD_589;PROD_3;1;1
CORD_ORD_589;PROD_31;1;1
CORD_ORD_589;PROD_33;1;1
CORD_ORD_589;PROD_36;1;1
CORD_ORD_589;PROD_37;1;1
CORD_ORD_589;PROD_41;1;1
CORD_ORD_589;PROD_42;1;1
CORD_ORD_589;PROD_44;1;1
CORD_ORD_589;PROD_45;1;1
CORD_ORD_589;PROD_46;1;1
CORD_ORD_589;PROD_48;1;1
CORD_ORD_589;PROD_6;1;1
CORD_ORD_590;PROD_10;1;1
CORD_ORD_590;PROD_11;1;1
CORD_ORD_590;PROD_12;1;1
CORD_ORD_590;PROD_16;1;1
CORD_ORD_590;PROD_17;1;1
CORD_ORD_590;PROD_21;1;1
CORD_ORD_590;PROD_22;1;1
CORD_ORD_590;PROD_23;1;1
CORD_ORD_590;PROD_24;1;1
CORD_ORD_590;PROD_25;1;1
CORD_ORD_590;PROD_27;1;1
CORD_ORD_590;PROD_29;1;1
CORD_ORD_590;PROD_31;1;1
CORD_ORD_590;PROD_37;1;1
CORD_ORD_590;PROD_4;1;1
CORD_ORD_590;PROD_42;1;1
CORD_ORD_590;PROD_45;1;1
CORD_ORD_590;PROD_48;1;1
CORD_ORD_590;PROD_5;1;1
CORD_ORD_590;PROD_50;1;1
CORD_ORD_590;PROD_7;1;1
CORD_ORD_590;PROD_8;1;1
CORD_ORD_591;PROD_1;1;1
CORD_ORD_591;PROD_10;1;1
CORD_ORD_591;PROD_11;1;1
CORD_ORD_591;PROD_15;1;1
CORD_ORD_591;PROD_16;1;1
CORD_ORD_591;PROD_22;1;1
CORD_ORD_591;PROD_25;1;1
CORD_ORD_591;PROD_26;1;1
CORD_ORD_591;PROD_27;1;1
CORD_ORD_591;PROD_29;1;1
CORD_ORD_591;PROD_3;1;1
CORD_ORD_591;PROD_30;1;1
CORD_ORD_591;PROD_32;1;1
CORD_ORD_591;PROD_34;1;1
CORD_ORD_591;PROD_36;1;1
CORD_ORD_591;PROD_40;1;1
CORD_ORD_591;PROD_43;1;1
CORD_ORD_591;PROD_46;1;1
CORD_ORD_591;PROD_47;1;1
CORD_ORD_591;PROD_49;1;1
CORD_ORD_591;PROD_50;1;1
CORD_ORD_591;PROD_6;1;1
CORD_ORD_591;PROD_8;1;1
CORD_ORD_592;PROD_11;1;1
CORD_ORD_592;PROD_17;1;1
CORD_ORD_592;PROD_19;1;1
CORD_ORD_592;PROD_20;1;1
CORD_ORD_592;PROD_24;1;1
CORD_ORD_592;PROD_27;1;1
CORD_ORD_592;PROD_29;1;1
CORD_ORD_592;PROD_31;1;1
CORD_ORD_592;PROD_32;1;1
CORD_ORD_592;PROD_33;1;1
CORD_ORD_592;PROD_35;1;1
CORD_ORD_592;PROD_37;1;1
CORD_ORD_592;PROD_39;1;1
CORD_ORD_592;PROD_42;1;1
CORD_ORD_592;PROD_43;1;1
CORD_ORD_592;PROD_44;1;1
CORD_ORD_592;PROD_47;1;1
CORD_ORD_592;PROD_48;1;1
CORD_ORD_592;PROD_5;1;1
CORD_ORD_592;PROD_7;1;1
CORD_ORD_593;PROD_1;1;1
CORD_ORD_593;PROD_10;1;1
CORD_ORD_593;PROD_13;1;1
CORD_ORD_593;PROD_16;1;1
CORD_ORD_593;PROD_17;1;1
CORD_ORD_593;PROD_20;1;1
CORD_ORD_593;PROD_22;1;1
CORD_ORD_593;PROD_23;1;1
CORD_ORD_593;PROD_25;1;1
CORD_ORD_593;PROD_3;1;1
CORD_ORD_593;PROD_31;1;1
CORD_ORD_593;PROD_32;1;1
CORD_ORD_593;PROD_35;1;1
CORD_ORD_593;PROD_36;1;1
CORD_ORD_593;PROD_38;1;1
CORD_ORD_593;PROD_39;1;1
CORD_ORD_593;PROD_43;1;1
CORD_ORD_593;PROD_45;1;1
CORD_ORD_593;PROD_47;1;1
CORD_ORD_593;PROD_48;1;1
CORD_ORD_593;PROD_50;1;1
CORD_ORD_593;PROD_8;1;1
CORD_ORD_594;PROD_10;1;1
CORD_ORD_594;PROD_11;1;1
CORD_ORD_594;PROD_16;1;1
CORD_ORD_594;PROD_17;1;1
CORD_ORD_594;PROD_19;1;1
CORD_ORD_594;PROD_22;1;1
CORD_ORD_594;PROD_25;1;1
CORD_ORD_594;PROD_26;1;1
CORD_ORD_594;PROD_27;1;1
CORD_ORD_594;PROD_29;1;1
CORD_ORD_594;PROD_31;1;1
CORD_ORD_594;PROD_33;1;1
CORD_ORD_594;PROD_44;1;1
CORD_ORD_594;PROD_46;1;1
CORD_ORD_594;PROD_48;1;1
CORD_ORD_594;PROD_50;1;1
CORD_ORD_594;PROD_6;1;1
CORD_ORD_594;PROD_8;1;1
CORD_ORD_595;PROD_1;1;1
CORD_ORD_595;PROD_10;1;1
CORD_ORD_595;PROD_16;1;1
CORD_ORD_595;PROD_17;1;1
CORD_ORD_595;PROD_20;1;1
CORD_ORD_595;PROD_22;1;1
CORD_ORD_595;PROD_25;1;1
CORD_ORD_595;PROD_3;1;1
CORD_ORD_595;PROD_31;1;1
CORD_ORD_595;PROD_35;1;1
CORD_ORD_595;PROD_36;1;1
CORD_ORD_595;PROD_39;1;1
CORD_ORD_595;PROD_48;1;1
CORD_ORD_595;PROD_50;1;1
CORD_ORD_595;PROD_8;1;1
CORD_ORD_596;PROD_11;1;1
CORD_ORD_596;PROD_19;1;1
CORD_ORD_596;PROD_20;1;1
CORD_ORD_596;PROD_23;1;1
CORD_ORD_596;PROD_27;1;1
CORD_ORD_596;PROD_29;1;1
CORD_ORD_596;PROD_33;1;1
CORD_ORD_596;PROD_35;1;1
CORD_ORD_596;PROD_39;1;1
CORD_ORD_596;PROD_44;1;1
CORD_ORD_596;PROD_45;1;1
CORD_ORD_597;PROD_11;1;1
CORD_ORD_597;PROD_17;1;1
CORD_ORD_597;PROD_27;1;1
CORD_ORD_597;PROD_29;1;1
CORD_ORD_597;PROD_31;1;1
CORD_ORD_597;PROD_32;1;1
CORD_ORD_597;PROD_43;1;1
CORD_ORD_597;PROD_47;1;1
CORD_ORD_597;PROD_48;1;1
CORD_ORD_598;PROD_1;1;1
CORD_ORD_598;PROD_11;1;1
CORD_ORD_598;PROD_27;1;1
CORD_ORD_598;PROD_29;1;1
CORD_ORD_598;PROD_3;1;1
CORD_ORD_598;PROD_32;1;1
CORD_ORD_598;PROD_36;1;1
CORD_ORD_598;PROD_43;1;1
CORD_ORD_598;PROD_47;1;1
CORD_ORD_599;PROD_1;1;1
CORD_ORD_599;PROD_10;1;1
CORD_ORD_599;PROD_11;1;1
CORD_ORD_599;PROD_13;1;1
CORD_ORD_599;PROD_14;1;1
CORD_ORD_599;PROD_16;1;1
CORD_ORD_599;PROD_20;1;1
CORD_ORD_599;PROD_27;1;1
CORD_ORD_599;PROD_28;1;1
CORD_ORD_599;PROD_29;1;1
CORD_ORD_599;PROD_3;1;1
CORD_ORD_599;PROD_35;1;1
CORD_ORD_599;PROD_36;1;1
CORD_ORD_599;PROD_38;1;1
CORD_ORD_599;PROD_39;1;1
CORD_ORD_599;PROD_8;1;1
CORD_ORD_599;PROD_9;1;1
CORD_ORD_600;PROD_1;1;1
CORD_ORD_600;PROD_10;1;1
CORD_ORD_600;PROD_13;1;1
CORD_ORD_600;PROD_14;1;1
CORD_ORD_600;PROD_15;1;1
CORD_ORD_600;PROD_16;1;1
CORD_ORD_600;PROD_20;1;1
CORD_ORD_600;PROD_28;1;1
CORD_ORD_600;PROD_3;1;1
CORD_ORD_600;PROD_34;1;1
CORD_ORD_600;PROD_35;1;1
CORD_ORD_600;PROD_36;1;1
CORD_ORD_600;PROD_38;1;1
CORD_ORD_600;PROD_39;1;1
CORD_ORD_600;PROD_49;1;1
CORD_ORD_600;PROD_8;1;1
CORD_ORD_600;PROD_9;1;1
CORD_ORD_601;PROD_1;1;1
CORD_ORD_601;PROD_11;1;1
CORD_ORD_601;PROD_14;1;1
CORD_ORD_601;PROD_15;1;1
CORD_ORD_601;PROD_19;1;1
CORD_ORD_601;PROD_20;1;1
CORD_ORD_601;PROD_24;1;1
CORD_ORD_601;PROD_26;1;1
CORD_ORD_601;PROD_27;1;1
CORD_ORD_601;PROD_28;1;1
CORD_ORD_601;PROD_29;1;1
CORD_ORD_601;PROD_3;1;1
CORD_ORD_601;PROD_30;1;1
CORD_ORD_601;PROD_32;1;1
CORD_ORD_601;PROD_33;1;1
CORD_ORD_601;PROD_34;1;1
CORD_ORD_601;PROD_35;1;1
CORD_ORD_601;PROD_36;1;1
CORD_ORD_601;PROD_37;1;1
CORD_ORD_601;PROD_39;1;1
CORD_ORD_601;PROD_40;1;1
CORD_ORD_601;PROD_42;1;1
CORD_ORD_601;PROD_43;1;1
CORD_ORD_601;PROD_44;1;1
CORD_ORD_601;PROD_46;1;1
CORD_ORD_601;PROD_47;1;1
CORD_ORD_601;PROD_49;1;1
CORD_ORD_601;PROD_6;1;1
CORD_ORD_601;PROD_9;1;1
CORD_ORD_602;PROD_1;1;1
CORD_ORD_602;PROD_10;1;1
CORD_ORD_602;PROD_11;1;1
CORD_ORD_602;PROD_16;1;1
CORD_ORD_602;PROD_18;1;1
CORD_ORD_602;PROD_19;1;1
CORD_ORD_602;PROD_2;1;1
CORD_ORD_602;PROD_23;1;1
CORD_ORD_602;PROD_24;1;1
CORD_ORD_602;PROD_26;1;1
CORD_ORD_602;PROD_27;1;1
CORD_ORD_602;PROD_29;1;1
CORD_ORD_602;PROD_3;1;1
CORD_ORD_602;PROD_33;1;1
CORD_ORD_602;PROD_36;1;1
CORD_ORD_602;PROD_37;1;1
CORD_ORD_602;PROD_41;1;1
CORD_ORD_602;PROD_42;1;1
CORD_ORD_602;PROD_44;1;1
CORD_ORD_602;PROD_45;1;1
CORD_ORD_602;PROD_46;1;1
CORD_ORD_602;PROD_6;1;1
CORD_ORD_602;PROD_8;1;1
CORD_ORD_603;PROD_10;1;1
CORD_ORD_603;PROD_11;1;1
CORD_ORD_603;PROD_13;1;1
CORD_ORD_603;PROD_14;1;1
CORD_ORD_603;PROD_15;1;1
CORD_ORD_603;PROD_16;1;1
CORD_ORD_603;PROD_17;1;1
CORD_ORD_603;PROD_19;1;1
CORD_ORD_603;PROD_20;1;1
CORD_ORD_603;PROD_22;1;1
CORD_ORD_603;PROD_24;1;1
CORD_ORD_603;PROD_25;1;1
CORD_ORD_603;PROD_27;1;1
CORD_ORD_603;PROD_28;1;1
CORD_ORD_603;PROD_29;1;1
CORD_ORD_603;PROD_30;1;1
CORD_ORD_603;PROD_31;1;1
CORD_ORD_603;PROD_32;1;1
CORD_ORD_603;PROD_33;1;1
CORD_ORD_603;PROD_34;1;1
CORD_ORD_603;PROD_35;1;1
CORD_ORD_603;PROD_37;1;1
CORD_ORD_603;PROD_38;1;1
CORD_ORD_603;PROD_39;1;1
CORD_ORD_603;PROD_40;1;1
CORD_ORD_603;PROD_42;1;1
CORD_ORD_603;PROD_43;1;1
CORD_ORD_603;PROD_44;1;1
CORD_ORD_603;PROD_47;1;1
CORD_ORD_603;PROD_48;1;1
CORD_ORD_603;PROD_49;1;1
CORD_ORD_603;PROD_50;1;1
CORD_ORD_603;PROD_8;1;1
CORD_ORD_603;PROD_9;1;1
CORD_ORD_604;PROD_1;1;1
CORD_ORD_604;PROD_12;1;1
CORD_ORD_604;PROD_15;1;1
CORD_ORD_604;PROD_18;1;1
CORD_ORD_604;PROD_2;1;1
CORD_ORD_604;PROD_21;1;1
CORD_ORD_604;PROD_22;1;1
CORD_ORD_604;PROD_24;1;1
CORD_ORD_604;PROD_25;1;1
CORD_ORD_604;PROD_26;1;1
CORD_ORD_604;PROD_3;1;1
CORD_ORD_604;PROD_34;1;1
CORD_ORD_604;PROD_36;1;1
CORD_ORD_604;PROD_37;1;1
CORD_ORD_604;PROD_4;1;1
CORD_ORD_604;PROD_41;1;1
CORD_ORD_604;PROD_42;1;1
CORD_ORD_604;PROD_46;1;1
CORD_ORD_604;PROD_49;1;1
CORD_ORD_604;PROD_50;1;1
CORD_ORD_604;PROD_6;1;1
CORD_ORD_605;PROD_10;1;1
CORD_ORD_605;PROD_16;1;1
CORD_ORD_605;PROD_17;1;1
CORD_ORD_605;PROD_22;1;1
CORD_ORD_605;PROD_25;1;1
CORD_ORD_605;PROD_26;1;1
CORD_ORD_605;PROD_31;1;1
CORD_ORD_605;PROD_32;1;1
CORD_ORD_605;PROD_43;1;1
CORD_ORD_605;PROD_46;1;1
CORD_ORD_605;PROD_47;1;1
CORD_ORD_605;PROD_48;1;1
CORD_ORD_605;PROD_50;1;1
CORD_ORD_605;PROD_6;1;1
CORD_ORD_605;PROD_8;1;1
CORD_ORD_606;PROD_10;1;1
CORD_ORD_606;PROD_11;1;1
CORD_ORD_606;PROD_12;1;1
CORD_ORD_606;PROD_13;1;1
CORD_ORD_606;PROD_15;1;1
CORD_ORD_606;PROD_16;1;1
CORD_ORD_606;PROD_17;1;1
CORD_ORD_606;PROD_18;1;1
CORD_ORD_606;PROD_19;1;1
CORD_ORD_606;PROD_2;1;1
CORD_ORD_606;PROD_20;1;1
CORD_ORD_606;PROD_21;1;1
CORD_ORD_606;PROD_22;1;1
CORD_ORD_606;PROD_25;1;1
CORD_ORD_606;PROD_26;1;1
CORD_ORD_606;PROD_27;1;1
CORD_ORD_606;PROD_29;1;1
CORD_ORD_606;PROD_31;1;1
CORD_ORD_606;PROD_32;1;1
CORD_ORD_606;PROD_33;1;1
CORD_ORD_606;PROD_34;1;1
CORD_ORD_606;PROD_35;1;1
CORD_ORD_606;PROD_38;1;1
CORD_ORD_606;PROD_39;1;1
CORD_ORD_606;PROD_4;1;1
CORD_ORD_606;PROD_41;1;1
CORD_ORD_606;PROD_43;1;1
CORD_ORD_606;PROD_44;1;1
CORD_ORD_606;PROD_46;1;1
CORD_ORD_606;PROD_47;1;1
CORD_ORD_606;PROD_48;1;1
CORD_ORD_606;PROD_49;1;1
CORD_ORD_606;PROD_50;1;1
CORD_ORD_606;PROD_6;1;1
CORD_ORD_606;PROD_8;1;1
CORD_ORD_607;PROD_1;1;1
CORD_ORD_607;PROD_10;1;1
CORD_ORD_607;PROD_11;1;1
CORD_ORD_607;PROD_12;1;1
CORD_ORD_607;PROD_15;1;1
CORD_ORD_607;PROD_16;1;1
CORD_ORD_607;PROD_18;1;1
CORD_ORD_607;PROD_2;1;1
CORD_ORD_607;PROD_20;1;1
CORD_ORD_607;PROD_21;1;1
CORD_ORD_607;PROD_22;1;1
CORD_ORD_607;PROD_24;1;1
CORD_ORD_607;PROD_25;1;1
CORD_ORD_607;PROD_26;1;1
CORD_ORD_607;PROD_27;1;1
CORD_ORD_607;PROD_29;1;1
CORD_ORD_607;PROD_3;1;1
CORD_ORD_607;PROD_30;1;1
CORD_ORD_607;PROD_32;1;1
CORD_ORD_607;PROD_34;1;1
CORD_ORD_607;PROD_35;1;1
CORD_ORD_607;PROD_36;1;1
CORD_ORD_607;PROD_37;1;1
CORD_ORD_607;PROD_39;1;1
CORD_ORD_607;PROD_4;1;1
CORD_ORD_607;PROD_40;1;1
CORD_ORD_607;PROD_41;1;1
CORD_ORD_607;PROD_42;1;1
CORD_ORD_607;PROD_43;1;1
CORD_ORD_607;PROD_46;1;1
CORD_ORD_607;PROD_47;1;1
CORD_ORD_607;PROD_49;1;1
CORD_ORD_607;PROD_50;1;1
CORD_ORD_607;PROD_6;1;1
CORD_ORD_607;PROD_8;1;1
CORD_ORD_608;PROD_1;1;1
CORD_ORD_608;PROD_10;1;1
CORD_ORD_608;PROD_11;1;1
CORD_ORD_608;PROD_16;1;1
CORD_ORD_608;PROD_18;1;1
CORD_ORD_608;PROD_19;1;1
CORD_ORD_608;PROD_2;1;1
CORD_ORD_608;PROD_24;1;1
CORD_ORD_608;PROD_26;1;1
CORD_ORD_608;PROD_27;1;1
CORD_ORD_608;PROD_29;1;1
CORD_ORD_608;PROD_3;1;1
CORD_ORD_608;PROD_33;1;1
CORD_ORD_608;PROD_36;1;1
CORD_ORD_608;PROD_37;1;1
CORD_ORD_608;PROD_41;1;1
CORD_ORD_608;PROD_42;1;1
CORD_ORD_608;PROD_44;1;1
CORD_ORD_608;PROD_46;1;1
CORD_ORD_608;PROD_6;1;1
CORD_ORD_608;PROD_8;1;1
CORD_ORD_609;PROD_1;1;1
CORD_ORD_609;PROD_10;1;1
CORD_ORD_609;PROD_12;1;1
CORD_ORD_609;PROD_16;1;1
CORD_ORD_609;PROD_17;1;1
CORD_ORD_609;PROD_18;1;1
CORD_ORD_609;PROD_2;1;1
CORD_ORD_609;PROD_21;1;1
CORD_ORD_609;PROD_22;1;1
CORD_ORD_609;PROD_24;1;1
CORD_ORD_609;PROD_25;1;1
CORD_ORD_609;PROD_26;1;1
CORD_ORD_609;PROD_3;1;1
CORD_ORD_609;PROD_31;1;1
CORD_ORD_609;PROD_36;1;1
CORD_ORD_609;PROD_37;1;1
CORD_ORD_609;PROD_4;1;1
CORD_ORD_609;PROD_41;1;1
CORD_ORD_609;PROD_42;1;1
CORD_ORD_609;PROD_46;1;1
CORD_ORD_609;PROD_48;1;1
CORD_ORD_609;PROD_50;1;1
CORD_ORD_609;PROD_6;1;1
CORD_ORD_609;PROD_8;1;1
CORD_ORD_610;PROD_10;1;1
CORD_ORD_610;PROD_14;1;1
CORD_ORD_610;PROD_16;1;1
CORD_ORD_610;PROD_18;1;1
CORD_ORD_610;PROD_19;1;1
CORD_ORD_610;PROD_2;1;1
CORD_ORD_610;PROD_22;1;1
CORD_ORD_610;PROD_24;1;1
CORD_ORD_610;PROD_25;1;1
CORD_ORD_610;PROD_28;1;1
CORD_ORD_610;PROD_30;1;1
CORD_ORD_610;PROD_32;1;1
CORD_ORD_610;PROD_33;1;1
CORD_ORD_610;PROD_37;1;1
CORD_ORD_610;PROD_40;1;1
CORD_ORD_610;PROD_41;1;1
CORD_ORD_610;PROD_42;1;1
CORD_ORD_610;PROD_43;1;1
CORD_ORD_610;PROD_44;1;1
CORD_ORD_610;PROD_47;1;1
CORD_ORD_610;PROD_5;1;1
CORD_ORD_610;PROD_50;1;1
CORD_ORD_610;PROD_7;1;1
CORD_ORD_610;PROD_8;1;1
CORD_ORD_610;PROD_9;1;1
CORD_ORD_611;PROD_1;1;1
CORD_ORD_611;PROD_10;1;1
CORD_ORD_611;PROD_16;1;1
CORD_ORD_611;PROD_22;1;1
CORD_ORD_611;PROD_25;1;1
CORD_ORD_611;PROD_26;1;1
CORD_ORD_611;PROD_3;1;1
CORD_ORD_611;PROD_36;1;1
CORD_ORD_611;PROD_46;1;1
CORD_ORD_611;PROD_50;1;1
CORD_ORD_611;PROD_6;1;1
CORD_ORD_611;PROD_8;1;1
CORD_ORD_612;PROD_1;1;1
CORD_ORD_612;PROD_10;1;1
CORD_ORD_612;PROD_11;1;1
CORD_ORD_612;PROD_12;1;1
CORD_ORD_612;PROD_13;1;1
CORD_ORD_612;PROD_14;1;1
CORD_ORD_612;PROD_15;1;1
CORD_ORD_612;PROD_16;1;1
CORD_ORD_612;PROD_17;1;1
CORD_ORD_612;PROD_19;1;1
CORD_ORD_612;PROD_21;1;1
CORD_ORD_612;PROD_24;1;1
CORD_ORD_612;PROD_26;1;1
CORD_ORD_612;PROD_27;1;1
CORD_ORD_612;PROD_28;1;1
CORD_ORD_612;PROD_29;1;1
CORD_ORD_612;PROD_3;1;1
CORD_ORD_612;PROD_31;1;1
CORD_ORD_612;PROD_33;1;1
CORD_ORD_612;PROD_34;1;1
CORD_ORD_612;PROD_36;1;1
CORD_ORD_612;PROD_37;1;1
CORD_ORD_612;PROD_38;1;1
CORD_ORD_612;PROD_4;1;1
CORD_ORD_612;PROD_42;1;1
CORD_ORD_612;PROD_44;1;1
CORD_ORD_612;PROD_46;1;1
CORD_ORD_612;PROD_48;1;1
CORD_ORD_612;PROD_49;1;1
CORD_ORD_612;PROD_5;1;1
CORD_ORD_612;PROD_6;1;1
CORD_ORD_612;PROD_7;1;1
CORD_ORD_612;PROD_8;1;1
CORD_ORD_612;PROD_9;1;1
CORD_ORD_613;PROD_1;1;1
CORD_ORD_613;PROD_10;1;1
CORD_ORD_613;PROD_13;1;1
CORD_ORD_613;PROD_15;1;1
CORD_ORD_613;PROD_16;1;1
CORD_ORD_613;PROD_26;1;1
CORD_ORD_613;PROD_3;1;1
CORD_ORD_613;PROD_34;1;1
CORD_ORD_613;PROD_36;1;1
CORD_ORD_613;PROD_38;1;1
CORD_ORD_613;PROD_46;1;1
CORD_ORD_613;PROD_49;1;1
CORD_ORD_613;PROD_6;1;1
CORD_ORD_613;PROD_8;1;1
CORD_ORD_614;PROD_10;1;1
CORD_ORD_614;PROD_11;1;1
CORD_ORD_614;PROD_16;1;1
CORD_ORD_614;PROD_19;1;1
CORD_ORD_614;PROD_23;1;1
CORD_ORD_614;PROD_27;1;1
CORD_ORD_614;PROD_29;1;1
CORD_ORD_614;PROD_33;1;1
CORD_ORD_614;PROD_44;1;1
CORD_ORD_614;PROD_45;1;1
CORD_ORD_614;PROD_8;1;1
CORD_ORD_615;PROD_1;1;1
CORD_ORD_615;PROD_10;1;1
CORD_ORD_615;PROD_11;1;1
CORD_ORD_615;PROD_13;1;1
CORD_ORD_615;PROD_14;1;1
CORD_ORD_615;PROD_15;1;1
CORD_ORD_615;PROD_16;1;1
CORD_ORD_615;PROD_19;1;1
CORD_ORD_615;PROD_23;1;1
CORD_ORD_615;PROD_26;1;1
CORD_ORD_615;PROD_27;1;1
CORD_ORD_615;PROD_28;1;1
CORD_ORD_615;PROD_29;1;1
CORD_ORD_615;PROD_3;1;1
CORD_ORD_615;PROD_30;1;1
CORD_ORD_615;PROD_32;1;1
CORD_ORD_615;PROD_33;1;1
CORD_ORD_615;PROD_34;1;1
CORD_ORD_615;PROD_36;1;1
CORD_ORD_615;PROD_38;1;1
CORD_ORD_615;PROD_40;1;1
CORD_ORD_615;PROD_43;1;1
CORD_ORD_615;PROD_44;1;1
CORD_ORD_615;PROD_45;1;1
CORD_ORD_615;PROD_46;1;1
CORD_ORD_615;PROD_47;1;1
CORD_ORD_615;PROD_49;1;1
CORD_ORD_615;PROD_6;1;1
CORD_ORD_615;PROD_8;1;1
CORD_ORD_615;PROD_9;1;1
CORD_ORD_616;PROD_1;1;1
CORD_ORD_616;PROD_10;1;1
CORD_ORD_616;PROD_12;1;1
CORD_ORD_616;PROD_14;1;1
CORD_ORD_616;PROD_15;1;1
CORD_ORD_616;PROD_16;1;1
CORD_ORD_616;PROD_18;1;1
CORD_ORD_616;PROD_19;1;1
CORD_ORD_616;PROD_2;1;1
CORD_ORD_616;PROD_21;1;1
CORD_ORD_616;PROD_22;1;1
CORD_ORD_616;PROD_23;1;1
CORD_ORD_616;PROD_25;1;1
CORD_ORD_616;PROD_28;1;1
CORD_ORD_616;PROD_3;1;1
CORD_ORD_616;PROD_32;1;1
CORD_ORD_616;PROD_33;1;1
CORD_ORD_616;PROD_34;1;1
CORD_ORD_616;PROD_36;1;1
CORD_ORD_616;PROD_4;1;1
CORD_ORD_616;PROD_41;1;1
CORD_ORD_616;PROD_43;1;1
CORD_ORD_616;PROD_44;1;1
CORD_ORD_616;PROD_45;1;1
CORD_ORD_616;PROD_47;1;1
CORD_ORD_616;PROD_49;1;1
CORD_ORD_616;PROD_50;1;1
CORD_ORD_616;PROD_8;1;1
CORD_ORD_616;PROD_9;1;1
CORD_ORD_617;PROD_1;1;1
CORD_ORD_617;PROD_10;1;1
CORD_ORD_617;PROD_11;1;1
CORD_ORD_617;PROD_14;1;1
CORD_ORD_617;PROD_16;1;1
CORD_ORD_617;PROD_18;1;1
CORD_ORD_617;PROD_19;1;1
CORD_ORD_617;PROD_2;1;1
CORD_ORD_617;PROD_22;1;1
CORD_ORD_617;PROD_24;1;1
CORD_ORD_617;PROD_25;1;1
CORD_ORD_617;PROD_26;1;1
CORD_ORD_617;PROD_27;1;1
CORD_ORD_617;PROD_28;1;1
CORD_ORD_617;PROD_29;1;1
CORD_ORD_617;PROD_3;1;1
CORD_ORD_617;PROD_33;1;1
CORD_ORD_617;PROD_36;1;1
CORD_ORD_617;PROD_37;1;1
CORD_ORD_617;PROD_41;1;1
CORD_ORD_617;PROD_42;1;1
CORD_ORD_617;PROD_44;1;1
CORD_ORD_617;PROD_46;1;1
CORD_ORD_617;PROD_50;1;1
CORD_ORD_617;PROD_6;1;1
CORD_ORD_617;PROD_8;1;1
CORD_ORD_617;PROD_9;1;1
CORD_ORD_618;PROD_10;1;1
CORD_ORD_618;PROD_14;1;1
CORD_ORD_618;PROD_16;1;1
CORD_ORD_618;PROD_20;1;1
CORD_ORD_618;PROD_26;1;1
CORD_ORD_618;PROD_28;1;1
CORD_ORD_618;PROD_35;1;1
CORD_ORD_618;PROD_39;1;1
CORD_ORD_618;PROD_46;1;1
CORD_ORD_618;PROD_6;1;1
CORD_ORD_618;PROD_8;1;1
CORD_ORD_618;PROD_9;1;1
CORD_ORD_619;PROD_1;1;1
CORD_ORD_619;PROD_10;1;1
CORD_ORD_619;PROD_12;1;1
CORD_ORD_619;PROD_13;1;1
CORD_ORD_619;PROD_16;1;1
CORD_ORD_619;PROD_21;1;1
CORD_ORD_619;PROD_22;1;1
CORD_ORD_619;PROD_25;1;1
CORD_ORD_619;PROD_3;1;1
CORD_ORD_619;PROD_32;1;1
CORD_ORD_619;PROD_36;1;1
CORD_ORD_619;PROD_38;1;1
CORD_ORD_619;PROD_4;1;1
CORD_ORD_619;PROD_43;1;1
CORD_ORD_619;PROD_47;1;1
CORD_ORD_619;PROD_50;1;1
CORD_ORD_619;PROD_8;1;1
CORD_ORD_620;PROD_10;1;1
CORD_ORD_620;PROD_12;1;1
CORD_ORD_620;PROD_13;1;1
CORD_ORD_620;PROD_14;1;1
CORD_ORD_620;PROD_15;1;1
CORD_ORD_620;PROD_16;1;1
CORD_ORD_620;PROD_20;1;1
CORD_ORD_620;PROD_21;1;1
CORD_ORD_620;PROD_28;1;1
CORD_ORD_620;PROD_34;1;1
CORD_ORD_620;PROD_35;1;1
CORD_ORD_620;PROD_38;1;1
CORD_ORD_620;PROD_39;1;1
CORD_ORD_620;PROD_4;1;1
CORD_ORD_620;PROD_49;1;1
CORD_ORD_620;PROD_8;1;1
CORD_ORD_620;PROD_9;1;1
CORD_ORD_621;PROD_10;1;1
CORD_ORD_621;PROD_11;1;1
CORD_ORD_621;PROD_12;1;1
CORD_ORD_621;PROD_13;1;1
CORD_ORD_621;PROD_16;1;1
CORD_ORD_621;PROD_17;1;1
CORD_ORD_621;PROD_18;1;1
CORD_ORD_621;PROD_19;1;1
CORD_ORD_621;PROD_2;1;1
CORD_ORD_621;PROD_21;1;1
CORD_ORD_621;PROD_22;1;1
CORD_ORD_621;PROD_25;1;1
CORD_ORD_621;PROD_27;1;1
CORD_ORD_621;PROD_29;1;1
CORD_ORD_621;PROD_31;1;1
CORD_ORD_621;PROD_33;1;1
CORD_ORD_621;PROD_38;1;1
CORD_ORD_621;PROD_4;1;1
CORD_ORD_621;PROD_41;1;1
CORD_ORD_621;PROD_44;1;1
CORD_ORD_621;PROD_48;1;1
CORD_ORD_621;PROD_5;1;1
CORD_ORD_621;PROD_50;1;1
CORD_ORD_621;PROD_7;1;1
CORD_ORD_621;PROD_8;1;1
CORD_ORD_622;PROD_10;1;1
CORD_ORD_622;PROD_12;1;1
CORD_ORD_622;PROD_14;1;1
CORD_ORD_622;PROD_15;1;1
CORD_ORD_622;PROD_16;1;1
CORD_ORD_622;PROD_17;1;1
CORD_ORD_622;PROD_20;1;1
CORD_ORD_622;PROD_21;1;1
CORD_ORD_622;PROD_22;1;1
CORD_ORD_622;PROD_23;1;1
CORD_ORD_622;PROD_25;1;1
CORD_ORD_622;PROD_26;1;1
CORD_ORD_622;PROD_28;1;1
CORD_ORD_622;PROD_31;1;1
CORD_ORD_622;PROD_34;1;1
CORD_ORD_622;PROD_35;1;1
CORD_ORD_622;PROD_39;1;1
CORD_ORD_622;PROD_4;1;1
CORD_ORD_622;PROD_45;1;1
CORD_ORD_622;PROD_46;1;1
CORD_ORD_622;PROD_48;1;1
CORD_ORD_622;PROD_49;1;1
CORD_ORD_622;PROD_50;1;1
CORD_ORD_622;PROD_6;1;1
CORD_ORD_622;PROD_8;1;1
CORD_ORD_622;PROD_9;1;1
CORD_ORD_623;PROD_10;1;1
CORD_ORD_623;PROD_11;1;1
CORD_ORD_623;PROD_16;1;1
CORD_ORD_623;PROD_17;1;1
CORD_ORD_623;PROD_19;1;1
CORD_ORD_623;PROD_23;1;1
CORD_ORD_623;PROD_27;1;1
CORD_ORD_623;PROD_29;1;1
CORD_ORD_623;PROD_31;1;1
CORD_ORD_623;PROD_33;1;1
CORD_ORD_623;PROD_44;1;1
CORD_ORD_623;PROD_45;1;1
CORD_ORD_623;PROD_48;1;1
CORD_ORD_623;PROD_8;1;1
CORD_ORD_624;PROD_1;1;1
CORD_ORD_624;PROD_12;1;1
CORD_ORD_624;PROD_13;1;1
CORD_ORD_624;PROD_14;1;1
CORD_ORD_624;PROD_17;1;1
CORD_ORD_624;PROD_21;1;1
CORD_ORD_624;PROD_28;1;1
CORD_ORD_624;PROD_3;1;1
CORD_ORD_624;PROD_31;1;1
CORD_ORD_624;PROD_32;1;1
CORD_ORD_624;PROD_36;1;1
CORD_ORD_624;PROD_38;1;1
CORD_ORD_624;PROD_4;1;1
CORD_ORD_624;PROD_43;1;1
CORD_ORD_624;PROD_47;1;1
CORD_ORD_624;PROD_48;1;1
CORD_ORD_624;PROD_9;1;1
CORD_ORD_625;PROD_1;1;1
CORD_ORD_625;PROD_10;1;1
CORD_ORD_625;PROD_16;1;1
CORD_ORD_625;PROD_24;1;1
CORD_ORD_625;PROD_3;1;1
CORD_ORD_625;PROD_36;1;1
CORD_ORD_625;PROD_37;1;1
CORD_ORD_625;PROD_42;1;1
CORD_ORD_625;PROD_8;1;1
CORD_ORD_626;PROD_1;1;1
CORD_ORD_626;PROD_10;1;1
CORD_ORD_626;PROD_11;1;1
CORD_ORD_626;PROD_12;1;1
CORD_ORD_626;PROD_16;1;1
CORD_ORD_626;PROD_18;1;1
CORD_ORD_626;PROD_19;1;1
CORD_ORD_626;PROD_2;1;1
CORD_ORD_626;PROD_21;1;1
CORD_ORD_626;PROD_22;1;1
CORD_ORD_626;PROD_25;1;1
CORD_ORD_626;PROD_26;1;1
CORD_ORD_626;PROD_27;1;1
CORD_ORD_626;PROD_29;1;1
CORD_ORD_626;PROD_3;1;1
CORD_ORD_626;PROD_32;1;1
CORD_ORD_626;PROD_33;1;1
CORD_ORD_626;PROD_36;1;1
CORD_ORD_626;PROD_4;1;1
CORD_ORD_626;PROD_41;1;1
CORD_ORD_626;PROD_43;1;1
CORD_ORD_626;PROD_44;1;1
CORD_ORD_626;PROD_46;1;1
CORD_ORD_626;PROD_47;1;1
CORD_ORD_626;PROD_50;1;1
CORD_ORD_626;PROD_6;1;1
CORD_ORD_626;PROD_8;1;1
CORD_ORD_627;PROD_10;1;1
CORD_ORD_627;PROD_14;1;1
CORD_ORD_627;PROD_15;1;1
CORD_ORD_627;PROD_16;1;1
CORD_ORD_627;PROD_17;1;1
CORD_ORD_627;PROD_20;1;1
CORD_ORD_627;PROD_22;1;1
CORD_ORD_627;PROD_25;1;1
CORD_ORD_627;PROD_26;1;1
CORD_ORD_627;PROD_28;1;1
CORD_ORD_627;PROD_31;1;1
CORD_ORD_627;PROD_34;1;1
CORD_ORD_627;PROD_35;1;1
CORD_ORD_627;PROD_39;1;1
CORD_ORD_627;PROD_46;1;1
CORD_ORD_627;PROD_48;1;1
CORD_ORD_627;PROD_49;1;1
CORD_ORD_627;PROD_50;1;1
CORD_ORD_627;PROD_6;1;1
CORD_ORD_627;PROD_8;1;1
CORD_ORD_627;PROD_9;1;1
CORD_ORD_628;PROD_10;1;1
CORD_ORD_628;PROD_13;1;1
CORD_ORD_628;PROD_14;1;1
CORD_ORD_628;PROD_16;1;1
CORD_ORD_628;PROD_17;1;1
CORD_ORD_628;PROD_18;1;1
CORD_ORD_628;PROD_19;1;1
CORD_ORD_628;PROD_2;1;1
CORD_ORD_628;PROD_20;1;1
CORD_ORD_628;PROD_24;1;1
CORD_ORD_628;PROD_26;1;1
CORD_ORD_628;PROD_28;1;1
CORD_ORD_628;PROD_31;1;1
CORD_ORD_628;PROD_33;1;1
CORD_ORD_628;PROD_35;1;1
CORD_ORD_628;PROD_37;1;1
CORD_ORD_628;PROD_38;1;1
CORD_ORD_628;PROD_39;1;1
CORD_ORD_628;PROD_41;1;1
CORD_ORD_628;PROD_42;1;1
CORD_ORD_628;PROD_44;1;1
CORD_ORD_628;PROD_46;1;1
CORD_ORD_628;PROD_48;1;1
CORD_ORD_628;PROD_6;1;1
CORD_ORD_628;PROD_8;1;1
CORD_ORD_628;PROD_9;1;1
CORD_ORD_629;PROD_1;1;1
CORD_ORD_629;PROD_10;1;1
CORD_ORD_629;PROD_12;1;1
CORD_ORD_629;PROD_13;1;1
CORD_ORD_629;PROD_16;1;1
CORD_ORD_629;PROD_20;1;1
CORD_ORD_629;PROD_21;1;1
CORD_ORD_629;PROD_26;1;1
CORD_ORD_629;PROD_3;1;1
CORD_ORD_629;PROD_35;1;1
CORD_ORD_629;PROD_36;1;1
CORD_ORD_629;PROD_38;1;1
CORD_ORD_629;PROD_39;1;1
CORD_ORD_629;PROD_4;1;1
CORD_ORD_629;PROD_46;1;1
CORD_ORD_629;PROD_6;1;1
CORD_ORD_629;PROD_8;1;1
CORD_ORD_630;PROD_10;1;1
CORD_ORD_630;PROD_11;1;1
CORD_ORD_630;PROD_14;1;1
CORD_ORD_630;PROD_16;1;1
CORD_ORD_630;PROD_17;1;1
CORD_ORD_630;PROD_18;1;1
CORD_ORD_630;PROD_2;1;1
CORD_ORD_630;PROD_27;1;1
CORD_ORD_630;PROD_28;1;1
CORD_ORD_630;PROD_29;1;1
CORD_ORD_630;PROD_31;1;1
CORD_ORD_630;PROD_41;1;1
CORD_ORD_630;PROD_48;1;1
CORD_ORD_630;PROD_8;1;1
CORD_ORD_630;PROD_9;1;1
CORD_ORD_631;PROD_1;1;1
CORD_ORD_631;PROD_10;1;1
CORD_ORD_631;PROD_12;1;1
CORD_ORD_631;PROD_16;1;1
CORD_ORD_631;PROD_17;1;1
CORD_ORD_631;PROD_21;1;1
CORD_ORD_631;PROD_3;1;1
CORD_ORD_631;PROD_31;1;1
CORD_ORD_631;PROD_36;1;1
CORD_ORD_631;PROD_4;1;1
CORD_ORD_631;PROD_48;1;1
CORD_ORD_631;PROD_8;1;1
CORD_ORD_632;PROD_10;1;1
CORD_ORD_632;PROD_12;1;1
CORD_ORD_632;PROD_16;1;1
CORD_ORD_632;PROD_17;1;1
CORD_ORD_632;PROD_21;1;1
CORD_ORD_632;PROD_24;1;1
CORD_ORD_632;PROD_26;1;1
CORD_ORD_632;PROD_31;1;1
CORD_ORD_632;PROD_37;1;1
CORD_ORD_632;PROD_4;1;1
CORD_ORD_632;PROD_42;1;1
CORD_ORD_632;PROD_46;1;1
CORD_ORD_632;PROD_48;1;1
CORD_ORD_632;PROD_5;1;1
CORD_ORD_632;PROD_6;1;1
CORD_ORD_632;PROD_7;1;1
CORD_ORD_632;PROD_8;1;1
CORD_ORD_633;PROD_1;1;1
CORD_ORD_633;PROD_11;1;1
CORD_ORD_633;PROD_14;1;1
CORD_ORD_633;PROD_15;1;1
CORD_ORD_633;PROD_18;1;1
CORD_ORD_633;PROD_19;1;1
CORD_ORD_633;PROD_2;1;1
CORD_ORD_633;PROD_20;1;1
CORD_ORD_633;PROD_24;1;1
CORD_ORD_633;PROD_26;1;1
CORD_ORD_633;PROD_27;1;1
CORD_ORD_633;PROD_28;1;1
CORD_ORD_633;PROD_29;1;1
CORD_ORD_633;PROD_3;1;1
CORD_ORD_633;PROD_33;1;1
CORD_ORD_633;PROD_34;1;1
CORD_ORD_633;PROD_35;1;1
CORD_ORD_633;PROD_36;1;1
CORD_ORD_633;PROD_37;1;1
CORD_ORD_633;PROD_39;1;1
CORD_ORD_633;PROD_41;1;1
CORD_ORD_633;PROD_42;1;1
CORD_ORD_633;PROD_44;1;1
CORD_ORD_633;PROD_46;1;1
CORD_ORD_633;PROD_49;1;1
CORD_ORD_633;PROD_6;1;1
CORD_ORD_633;PROD_9;1;1
CORD_ORD_634;PROD_1;1;1
CORD_ORD_634;PROD_11;1;1
CORD_ORD_634;PROD_12;1;1
CORD_ORD_634;PROD_13;1;1
CORD_ORD_634;PROD_14;1;1
CORD_ORD_634;PROD_17;1;1
CORD_ORD_634;PROD_21;1;1
CORD_ORD_634;PROD_24;1;1
CORD_ORD_634;PROD_27;1;1
CORD_ORD_634;PROD_28;1;1
CORD_ORD_634;PROD_29;1;1
CORD_ORD_634;PROD_3;1;1
CORD_ORD_634;PROD_30;1;1
CORD_ORD_634;PROD_31;1;1
CORD_ORD_634;PROD_36;1;1
CORD_ORD_634;PROD_37;1;1
CORD_ORD_634;PROD_38;1;1
CORD_ORD_634;PROD_4;1;1
CORD_ORD_634;PROD_40;1;1
CORD_ORD_634;PROD_42;1;1
CORD_ORD_634;PROD_48;1;1
CORD_ORD_634;PROD_5;1;1
CORD_ORD_634;PROD_7;1;1
CORD_ORD_634;PROD_9;1;1
CORD_ORD_635;PROD_11;1;1
CORD_ORD_635;PROD_19;1;1
CORD_ORD_635;PROD_23;1;1
CORD_ORD_635;PROD_26;1;1
CORD_ORD_635;PROD_27;1;1
CORD_ORD_635;PROD_29;1;1
CORD_ORD_635;PROD_33;1;1
CORD_ORD_635;PROD_44;1;1
CORD_ORD_635;PROD_45;1;1
CORD_ORD_635;PROD_46;1;1
CORD_ORD_635;PROD_6;1;1
CORD_ORD_636;PROD_10;1;1
CORD_ORD_636;PROD_13;1;1
CORD_ORD_636;PROD_15;1;1
CORD_ORD_636;PROD_16;1;1
CORD_ORD_636;PROD_19;1;1
CORD_ORD_636;PROD_24;1;1
CORD_ORD_636;PROD_33;1;1
CORD_ORD_636;PROD_34;1;1
CORD_ORD_636;PROD_37;1;1
CORD_ORD_636;PROD_38;1;1
CORD_ORD_636;PROD_42;1;1
CORD_ORD_636;PROD_44;1;1
CORD_ORD_636;PROD_49;1;1
CORD_ORD_636;PROD_8;1;1
CORD_ORD_637;PROD_11;1;1
CORD_ORD_637;PROD_12;1;1
CORD_ORD_637;PROD_14;1;1
CORD_ORD_637;PROD_18;1;1
CORD_ORD_637;PROD_2;1;1
CORD_ORD_637;PROD_21;1;1
CORD_ORD_637;PROD_22;1;1
CORD_ORD_637;PROD_23;1;1
CORD_ORD_637;PROD_25;1;1
CORD_ORD_637;PROD_26;1;1
CORD_ORD_637;PROD_27;1;1
CORD_ORD_637;PROD_28;1;1
CORD_ORD_637;PROD_29;1;1
CORD_ORD_637;PROD_4;1;1
CORD_ORD_637;PROD_41;1;1
CORD_ORD_637;PROD_45;1;1
CORD_ORD_637;PROD_46;1;1
CORD_ORD_637;PROD_50;1;1
CORD_ORD_637;PROD_6;1;1
CORD_ORD_637;PROD_9;1;1
CORD_ORD_638;PROD_1;1;1
CORD_ORD_638;PROD_10;1;1
CORD_ORD_638;PROD_13;1;1
CORD_ORD_638;PROD_14;1;1
CORD_ORD_638;PROD_15;1;1
CORD_ORD_638;PROD_16;1;1
CORD_ORD_638;PROD_26;1;1
CORD_ORD_638;PROD_28;1;1
CORD_ORD_638;PROD_3;1;1
CORD_ORD_638;PROD_34;1;1
CORD_ORD_638;PROD_36;1;1
CORD_ORD_638;PROD_38;1;1
CORD_ORD_638;PROD_46;1;1
CORD_ORD_638;PROD_49;1;1
CORD_ORD_638;PROD_6;1;1
CORD_ORD_638;PROD_8;1;1
CORD_ORD_638;PROD_9;1;1
CORD_ORD_639;PROD_1;1;1
CORD_ORD_639;PROD_10;1;1
CORD_ORD_639;PROD_16;1;1
CORD_ORD_639;PROD_26;1;1
CORD_ORD_639;PROD_3;1;1
CORD_ORD_639;PROD_36;1;1
CORD_ORD_639;PROD_46;1;1
CORD_ORD_639;PROD_6;1;1
CORD_ORD_639;PROD_8;1;1
CORD_ORD_640;PROD_1;1;1
CORD_ORD_640;PROD_10;1;1
CORD_ORD_640;PROD_13;1;1
CORD_ORD_640;PROD_16;1;1
CORD_ORD_640;PROD_18;1;1
CORD_ORD_640;PROD_2;1;1
CORD_ORD_640;PROD_20;1;1
CORD_ORD_640;PROD_24;1;1
CORD_ORD_640;PROD_26;1;1
CORD_ORD_640;PROD_3;1;1
CORD_ORD_640;PROD_35;1;1
CORD_ORD_640;PROD_36;1;1
CORD_ORD_640;PROD_37;1;1
CORD_ORD_640;PROD_38;1;1
CORD_ORD_640;PROD_39;1;1
CORD_ORD_640;PROD_41;1;1
CORD_ORD_640;PROD_42;1;1
CORD_ORD_640;PROD_46;1;1
CORD_ORD_640;PROD_6;1;1
CORD_ORD_640;PROD_8;1;1
CORD_ORD_641;PROD_1;1;1
CORD_ORD_641;PROD_10;1;1
CORD_ORD_641;PROD_11;1;1
CORD_ORD_641;PROD_12;1;1
CORD_ORD_641;PROD_14;1;1
CORD_ORD_641;PROD_16;1;1
CORD_ORD_641;PROD_17;1;1
CORD_ORD_641;PROD_20;1;1
CORD_ORD_641;PROD_21;1;1
CORD_ORD_641;PROD_22;1;1
CORD_ORD_641;PROD_25;1;1
CORD_ORD_641;PROD_26;1;1
CORD_ORD_641;PROD_27;1;1
CORD_ORD_641;PROD_28;1;1
CORD_ORD_641;PROD_29;1;1
CORD_ORD_641;PROD_3;1;1
CORD_ORD_641;PROD_31;1;1
CORD_ORD_641;PROD_32;1;1
CORD_ORD_641;PROD_35;1;1
CORD_ORD_641;PROD_36;1;1
CORD_ORD_641;PROD_39;1;1
CORD_ORD_641;PROD_4;1;1
CORD_ORD_641;PROD_43;1;1
CORD_ORD_641;PROD_46;1;1
CORD_ORD_641;PROD_47;1;1
CORD_ORD_641;PROD_48;1;1
CORD_ORD_641;PROD_50;1;1
CORD_ORD_641;PROD_6;1;1
CORD_ORD_641;PROD_8;1;1
CORD_ORD_641;PROD_9;1;1
CORD_ORD_642;PROD_1;1;1
CORD_ORD_642;PROD_12;1;1
CORD_ORD_642;PROD_13;1;1
CORD_ORD_642;PROD_18;1;1
CORD_ORD_642;PROD_2;1;1
CORD_ORD_642;PROD_21;1;1
CORD_ORD_642;PROD_24;1;1
CORD_ORD_642;PROD_26;1;1
CORD_ORD_642;PROD_3;1;1
CORD_ORD_642;PROD_36;1;1
CORD_ORD_642;PROD_37;1;1
CORD_ORD_642;PROD_38;1;1
CORD_ORD_642;PROD_4;1;1
CORD_ORD_642;PROD_41;1;1
CORD_ORD_642;PROD_42;1;1
CORD_ORD_642;PROD_46;1;1
CORD_ORD_642;PROD_6;1;1
CORD_ORD_643;PROD_10;1;1
CORD_ORD_643;PROD_12;1;1
CORD_ORD_643;PROD_13;1;1
CORD_ORD_643;PROD_16;1;1
CORD_ORD_643;PROD_21;1;1
CORD_ORD_643;PROD_26;1;1
CORD_ORD_643;PROD_30;1;1
CORD_ORD_643;PROD_32;1;1
CORD_ORD_643;PROD_38;1;1
CORD_ORD_643;PROD_4;1;1
CORD_ORD_643;PROD_40;1;1
CORD_ORD_643;PROD_43;1;1
CORD_ORD_643;PROD_46;1;1
CORD_ORD_643;PROD_47;1;1
CORD_ORD_643;PROD_6;1;1
CORD_ORD_643;PROD_8;1;1
CORD_ORD_644;PROD_1;1;1
CORD_ORD_644;PROD_10;1;1
CORD_ORD_644;PROD_11;1;1
CORD_ORD_644;PROD_14;1;1
CORD_ORD_644;PROD_15;1;1
CORD_ORD_644;PROD_16;1;1
CORD_ORD_644;PROD_17;1;1
CORD_ORD_644;PROD_18;1;1
CORD_ORD_644;PROD_19;1;1
CORD_ORD_644;PROD_2;1;1
CORD_ORD_644;PROD_22;1;1
CORD_ORD_644;PROD_25;1;1
CORD_ORD_644;PROD_27;1;1
CORD_ORD_644;PROD_28;1;1
CORD_ORD_644;PROD_29;1;1
CORD_ORD_644;PROD_3;1;1
CORD_ORD_644;PROD_31;1;1
CORD_ORD_644;PROD_32;1;1
CORD_ORD_644;PROD_33;1;1
CORD_ORD_644;PROD_34;1;1
CORD_ORD_644;PROD_36;1;1
CORD_ORD_644;PROD_41;1;1
CORD_ORD_644;PROD_43;1;1
CORD_ORD_644;PROD_44;1;1
CORD_ORD_644;PROD_47;1;1
CORD_ORD_644;PROD_48;1;1
CORD_ORD_644;PROD_49;1;1
CORD_ORD_644;PROD_50;1;1
CORD_ORD_644;PROD_8;1;1
CORD_ORD_644;PROD_9;1;1
CORD_ORD_645;PROD_10;1;1
CORD_ORD_645;PROD_11;1;1
CORD_ORD_645;PROD_13;1;1
CORD_ORD_645;PROD_16;1;1
CORD_ORD_645;PROD_19;1;1
CORD_ORD_645;PROD_22;1;1
CORD_ORD_645;PROD_25;1;1
CORD_ORD_645;PROD_27;1;1
CORD_ORD_645;PROD_29;1;1
CORD_ORD_645;PROD_33;1;1
CORD_ORD_645;PROD_38;1;1
CORD_ORD_645;PROD_44;1;1
CORD_ORD_645;PROD_5;1;1
CORD_ORD_645;PROD_50;1;1
CORD_ORD_645;PROD_7;1;1
CORD_ORD_645;PROD_8;1;1
CORD_ORD_646;PROD_10;1;1
CORD_ORD_646;PROD_12;1;1
CORD_ORD_646;PROD_13;1;1
CORD_ORD_646;PROD_15;1;1
CORD_ORD_646;PROD_16;1;1
CORD_ORD_646;PROD_20;1;1
CORD_ORD_646;PROD_21;1;1
CORD_ORD_646;PROD_22;1;1
CORD_ORD_646;PROD_23;1;1
CORD_ORD_646;PROD_24;1;1
CORD_ORD_646;PROD_25;1;1
CORD_ORD_646;PROD_34;1;1
CORD_ORD_646;PROD_35;1;1
CORD_ORD_646;PROD_37;1;1
CORD_ORD_646;PROD_38;1;1
CORD_ORD_646;PROD_39;1;1
CORD_ORD_646;PROD_4;1;1
CORD_ORD_646;PROD_42;1;1
CORD_ORD_646;PROD_45;1;1
CORD_ORD_646;PROD_49;1;1
CORD_ORD_646;PROD_5;1;1
CORD_ORD_646;PROD_50;1;1
CORD_ORD_646;PROD_7;1;1
CORD_ORD_646;PROD_8;1;1
CORD_ORD_647;PROD_1;1;1
CORD_ORD_647;PROD_10;1;1
CORD_ORD_647;PROD_11;1;1
CORD_ORD_647;PROD_14;1;1
CORD_ORD_647;PROD_16;1;1
CORD_ORD_647;PROD_17;1;1
CORD_ORD_647;PROD_19;1;1
CORD_ORD_647;PROD_20;1;1
CORD_ORD_647;PROD_22;1;1
CORD_ORD_647;PROD_23;1;1
CORD_ORD_647;PROD_25;1;1
CORD_ORD_647;PROD_26;1;1
CORD_ORD_647;PROD_27;1;1
CORD_ORD_647;PROD_28;1;1
CORD_ORD_647;PROD_29;1;1
CORD_ORD_647;PROD_3;1;1
CORD_ORD_647;PROD_30;1;1
CORD_ORD_647;PROD_31;1;1
CORD_ORD_647;PROD_33;1;1
CORD_ORD_647;PROD_35;1;1
CORD_ORD_647;PROD_36;1;1
CORD_ORD_647;PROD_39;1;1
CORD_ORD_647;PROD_40;1;1
CORD_ORD_647;PROD_44;1;1
CORD_ORD_647;PROD_45;1;1
CORD_ORD_647;PROD_46;1;1
CORD_ORD_647;PROD_48;1;1
CORD_ORD_647;PROD_50;1;1
CORD_ORD_647;PROD_6;1;1
CORD_ORD_647;PROD_8;1;1
CORD_ORD_647;PROD_9;1;1
CORD_ORD_648;PROD_1;1;1
CORD_ORD_648;PROD_10;1;1
CORD_ORD_648;PROD_11;1;1
CORD_ORD_648;PROD_16;1;1
CORD_ORD_648;PROD_20;1;1
CORD_ORD_648;PROD_22;1;1
CORD_ORD_648;PROD_25;1;1
CORD_ORD_648;PROD_26;1;1
CORD_ORD_648;PROD_27;1;1
CORD_ORD_648;PROD_29;1;1
CORD_ORD_648;PROD_3;1;1
CORD_ORD_648;PROD_30;1;1
CORD_ORD_648;PROD_35;1;1
CORD_ORD_648;PROD_36;1;1
CORD_ORD_648;PROD_39;1;1
CORD_ORD_648;PROD_40;1;1
CORD_ORD_648;PROD_46;1;1
CORD_ORD_648;PROD_50;1;1
CORD_ORD_648;PROD_6;1;1
CORD_ORD_648;PROD_8;1;1
CORD_ORD_649;PROD_1;1;1
CORD_ORD_649;PROD_10;1;1
CORD_ORD_649;PROD_16;1;1
CORD_ORD_649;PROD_26;1;1
CORD_ORD_649;PROD_3;1;1
CORD_ORD_649;PROD_36;1;1
CORD_ORD_649;PROD_46;1;1
CORD_ORD_649;PROD_6;1;1
CORD_ORD_649;PROD_8;1;1
CORD_ORD_650;PROD_1;1;1
CORD_ORD_650;PROD_11;1;1
CORD_ORD_650;PROD_15;1;1
CORD_ORD_650;PROD_23;1;1
CORD_ORD_650;PROD_27;1;1
CORD_ORD_650;PROD_29;1;1
CORD_ORD_650;PROD_3;1;1
CORD_ORD_650;PROD_30;1;1
CORD_ORD_650;PROD_32;1;1
CORD_ORD_650;PROD_34;1;1
CORD_ORD_650;PROD_36;1;1
CORD_ORD_650;PROD_40;1;1
CORD_ORD_650;PROD_43;1;1
CORD_ORD_650;PROD_45;1;1
CORD_ORD_650;PROD_47;1;1
CORD_ORD_650;PROD_49;1;1
CORD_ORD_651;PROD_13;1;1
CORD_ORD_651;PROD_14;1;1
CORD_ORD_651;PROD_19;1;1
CORD_ORD_651;PROD_22;1;1
CORD_ORD_651;PROD_25;1;1
CORD_ORD_651;PROD_28;1;1
CORD_ORD_651;PROD_32;1;1
CORD_ORD_651;PROD_33;1;1
CORD_ORD_651;PROD_38;1;1
CORD_ORD_651;PROD_43;1;1
CORD_ORD_651;PROD_44;1;1
CORD_ORD_651;PROD_47;1;1
CORD_ORD_651;PROD_50;1;1
CORD_ORD_651;PROD_9;1;1
CORD_ORD_652;PROD_1;1;1
CORD_ORD_652;PROD_11;1;1
CORD_ORD_652;PROD_12;1;1
CORD_ORD_652;PROD_15;1;1
CORD_ORD_652;PROD_20;1;1
CORD_ORD_652;PROD_21;1;1
CORD_ORD_652;PROD_24;1;1
CORD_ORD_652;PROD_26;1;1
CORD_ORD_652;PROD_27;1;1
CORD_ORD_652;PROD_29;1;1
CORD_ORD_652;PROD_3;1;1
CORD_ORD_652;PROD_32;1;1
CORD_ORD_652;PROD_34;1;1
CORD_ORD_652;PROD_35;1;1
CORD_ORD_652;PROD_36;1;1
CORD_ORD_652;PROD_37;1;1
CORD_ORD_652;PROD_39;1;1
CORD_ORD_652;PROD_4;1;1
CORD_ORD_652;PROD_42;1;1
CORD_ORD_652;PROD_43;1;1
CORD_ORD_652;PROD_46;1;1
CORD_ORD_652;PROD_47;1;1
CORD_ORD_652;PROD_49;1;1
CORD_ORD_652;PROD_6;1;1
CORD_ORD_653;PROD_13;1;1
CORD_ORD_653;PROD_14;1;1
CORD_ORD_653;PROD_15;1;1
CORD_ORD_653;PROD_17;1;1
CORD_ORD_653;PROD_18;1;1
CORD_ORD_653;PROD_19;1;1
CORD_ORD_653;PROD_2;1;1
CORD_ORD_653;PROD_20;1;1
CORD_ORD_653;PROD_28;1;1
CORD_ORD_653;PROD_31;1;1
CORD_ORD_653;PROD_33;1;1
CORD_ORD_653;PROD_34;1;1
CORD_ORD_653;PROD_35;1;1
CORD_ORD_653;PROD_38;1;1
CORD_ORD_653;PROD_39;1;1
CORD_ORD_653;PROD_41;1;1
CORD_ORD_653;PROD_44;1;1
CORD_ORD_653;PROD_48;1;1
CORD_ORD_653;PROD_49;1;1
CORD_ORD_653;PROD_5;1;1
CORD_ORD_653;PROD_7;1;1
CORD_ORD_653;PROD_9;1;1
CORD_ORD_654;PROD_1;1;1
CORD_ORD_654;PROD_10;1;1
CORD_ORD_654;PROD_16;1;1
CORD_ORD_654;PROD_22;1;1
CORD_ORD_654;PROD_25;1;1
CORD_ORD_654;PROD_3;1;1
CORD_ORD_654;PROD_36;1;1
CORD_ORD_654;PROD_50;1;1
CORD_ORD_654;PROD_8;1;1
CORD_ORD_655;PROD_1;1;1
CORD_ORD_655;PROD_12;1;1
CORD_ORD_655;PROD_14;1;1
CORD_ORD_655;PROD_15;1;1
CORD_ORD_655;PROD_17;1;1
CORD_ORD_655;PROD_18;1;1
CORD_ORD_655;PROD_2;1;1
CORD_ORD_655;PROD_21;1;1
CORD_ORD_655;PROD_22;1;1
CORD_ORD_655;PROD_24;1;1
CORD_ORD_655;PROD_25;1;1
CORD_ORD_655;PROD_26;1;1
CORD_ORD_655;PROD_28;1;1
CORD_ORD_655;PROD_3;1;1
CORD_ORD_655;PROD_30;1;1
CORD_ORD_655;PROD_31;1;1
CORD_ORD_655;PROD_34;1;1
CORD_ORD_655;PROD_36;1;1
CORD_ORD_655;PROD_37;1;1
CORD_ORD_655;PROD_4;1;1
CORD_ORD_655;PROD_40;1;1
CORD_ORD_655;PROD_41;1;1
CORD_ORD_655;PROD_42;1;1
CORD_ORD_655;PROD_46;1;1
CORD_ORD_655;PROD_48;1;1
CORD_ORD_655;PROD_49;1;1
CORD_ORD_655;PROD_5;1;1
CORD_ORD_655;PROD_50;1;1
CORD_ORD_655;PROD_6;1;1
CORD_ORD_655;PROD_7;1;1
CORD_ORD_655;PROD_9;1;1
CORD_ORD_656;PROD_1;1;1
CORD_ORD_656;PROD_10;1;1
CORD_ORD_656;PROD_13;1;1
CORD_ORD_656;PROD_16;1;1
CORD_ORD_656;PROD_17;1;1
CORD_ORD_656;PROD_18;1;1
CORD_ORD_656;PROD_2;1;1
CORD_ORD_656;PROD_22;1;1
CORD_ORD_656;PROD_24;1;1
CORD_ORD_656;PROD_25;1;1
CORD_ORD_656;PROD_26;1;1
CORD_ORD_656;PROD_3;1;1
CORD_ORD_656;PROD_31;1;1
CORD_ORD_656;PROD_32;1;1
CORD_ORD_656;PROD_36;1;1
CORD_ORD_656;PROD_37;1;1
CORD_ORD_656;PROD_38;1;1
CORD_ORD_656;PROD_41;1;1
CORD_ORD_656;PROD_42;1;1
CORD_ORD_656;PROD_43;1;1
CORD_ORD_656;PROD_46;1;1
CORD_ORD_656;PROD_47;1;1
CORD_ORD_656;PROD_48;1;1
CORD_ORD_656;PROD_5;1;1
CORD_ORD_656;PROD_50;1;1
CORD_ORD_656;PROD_6;1;1
CORD_ORD_656;PROD_7;1;1
CORD_ORD_656;PROD_8;1;1
CORD_ORD_657;PROD_1;1;1
CORD_ORD_657;PROD_10;1;1
CORD_ORD_657;PROD_11;1;1
CORD_ORD_657;PROD_13;1;1
CORD_ORD_657;PROD_16;1;1
CORD_ORD_657;PROD_17;1;1
CORD_ORD_657;PROD_19;1;1
CORD_ORD_657;PROD_24;1;1
CORD_ORD_657;PROD_27;1;1
CORD_ORD_657;PROD_29;1;1
CORD_ORD_657;PROD_3;1;1
CORD_ORD_657;PROD_30;1;1
CORD_ORD_657;PROD_31;1;1
CORD_ORD_657;PROD_33;1;1
CORD_ORD_657;PROD_36;1;1
CORD_ORD_657;PROD_37;1;1
CORD_ORD_657;PROD_38;1;1
CORD_ORD_657;PROD_40;1;1
CORD_ORD_657;PROD_42;1;1
CORD_ORD_657;PROD_44;1;1
CORD_ORD_657;PROD_48;1;1
CORD_ORD_657;PROD_8;1;1
CORD_ORD_658;PROD_10;1;1
CORD_ORD_658;PROD_12;1;1
CORD_ORD_658;PROD_13;1;1
CORD_ORD_658;PROD_16;1;1
CORD_ORD_658;PROD_19;1;1
CORD_ORD_658;PROD_21;1;1
CORD_ORD_658;PROD_24;1;1
CORD_ORD_658;PROD_26;1;1
CORD_ORD_658;PROD_32;1;1
CORD_ORD_658;PROD_33;1;1
CORD_ORD_658;PROD_37;1;1
CORD_ORD_658;PROD_38;1;1
CORD_ORD_658;PROD_4;1;1
CORD_ORD_658;PROD_42;1;1
CORD_ORD_658;PROD_43;1;1
CORD_ORD_658;PROD_44;1;1
CORD_ORD_658;PROD_46;1;1
CORD_ORD_658;PROD_47;1;1
CORD_ORD_658;PROD_5;1;1
CORD_ORD_658;PROD_6;1;1
CORD_ORD_658;PROD_7;1;1
CORD_ORD_658;PROD_8;1;1
CORD_ORD_659;PROD_1;1;1
CORD_ORD_659;PROD_14;1;1
CORD_ORD_659;PROD_18;1;1
CORD_ORD_659;PROD_2;1;1
CORD_ORD_659;PROD_20;1;1
CORD_ORD_659;PROD_24;1;1
CORD_ORD_659;PROD_26;1;1
CORD_ORD_659;PROD_28;1;1
CORD_ORD_659;PROD_3;1;1
CORD_ORD_659;PROD_35;1;1
CORD_ORD_659;PROD_36;1;1
CORD_ORD_659;PROD_37;1;1
CORD_ORD_659;PROD_39;1;1
CORD_ORD_659;PROD_41;1;1
CORD_ORD_659;PROD_42;1;1
CORD_ORD_659;PROD_46;1;1
CORD_ORD_659;PROD_6;1;1
CORD_ORD_659;PROD_9;1;1
CORD_ORD_660;PROD_1;1;1
CORD_ORD_660;PROD_10;1;1
CORD_ORD_660;PROD_12;1;1
CORD_ORD_660;PROD_16;1;1
CORD_ORD_660;PROD_19;1;1
CORD_ORD_660;PROD_21;1;1
CORD_ORD_660;PROD_26;1;1
CORD_ORD_660;PROD_3;1;1
CORD_ORD_660;PROD_33;1;1
CORD_ORD_660;PROD_36;1;1
CORD_ORD_660;PROD_4;1;1
CORD_ORD_660;PROD_44;1;1
CORD_ORD_660;PROD_46;1;1
CORD_ORD_660;PROD_6;1;1
CORD_ORD_660;PROD_8;1;1
CORD_ORD_661;PROD_10;1;1
CORD_ORD_661;PROD_11;1;1
CORD_ORD_661;PROD_12;1;1
CORD_ORD_661;PROD_13;1;1
CORD_ORD_661;PROD_16;1;1
CORD_ORD_661;PROD_19;1;1
CORD_ORD_661;PROD_21;1;1
CORD_ORD_661;PROD_22;1;1
CORD_ORD_661;PROD_25;1;1
CORD_ORD_661;PROD_27;1;1
CORD_ORD_661;PROD_29;1;1
CORD_ORD_661;PROD_33;1;1
CORD_ORD_661;PROD_38;1;1
CORD_ORD_661;PROD_4;1;1
CORD_ORD_661;PROD_44;1;1
CORD_ORD_661;PROD_50;1;1
CORD_ORD_661;PROD_8;1;1
CORD_ORD_662;PROD_1;1;1
CORD_ORD_662;PROD_11;1;1
CORD_ORD_662;PROD_12;1;1
CORD_ORD_662;PROD_13;1;1
CORD_ORD_662;PROD_15;1;1
CORD_ORD_662;PROD_17;1;1
CORD_ORD_662;PROD_21;1;1
CORD_ORD_662;PROD_22;1;1
CORD_ORD_662;PROD_24;1;1
CORD_ORD_662;PROD_25;1;1
CORD_ORD_662;PROD_26;1;1
CORD_ORD_662;PROD_27;1;1
CORD_ORD_662;PROD_29;1;1
CORD_ORD_662;PROD_3;1;1
CORD_ORD_662;PROD_31;1;1
CORD_ORD_662;PROD_32;1;1
CORD_ORD_662;PROD_34;1;1
CORD_ORD_662;PROD_36;1;1
CORD_ORD_662;PROD_37;1;1
CORD_ORD_662;PROD_38;1;1
CORD_ORD_662;PROD_4;1;1
CORD_ORD_662;PROD_42;1;1
CORD_ORD_662;PROD_43;1;1
CORD_ORD_662;PROD_46;1;1
CORD_ORD_662;PROD_47;1;1
CORD_ORD_662;PROD_48;1;1
CORD_ORD_662;PROD_49;1;1
CORD_ORD_662;PROD_50;1;1
CORD_ORD_662;PROD_6;1;1
CORD_ORD_663;PROD_10;1;1
CORD_ORD_663;PROD_14;1;1
CORD_ORD_663;PROD_16;1;1
CORD_ORD_663;PROD_17;1;1
CORD_ORD_663;PROD_18;1;1
CORD_ORD_663;PROD_2;1;1
CORD_ORD_663;PROD_28;1;1
CORD_ORD_663;PROD_31;1;1
CORD_ORD_663;PROD_41;1;1
CORD_ORD_663;PROD_48;1;1
CORD_ORD_663;PROD_8;1;1
CORD_ORD_663;PROD_9;1;1
CORD_ORD_664;PROD_1;1;1
CORD_ORD_664;PROD_10;1;1
CORD_ORD_664;PROD_11;1;1
CORD_ORD_664;PROD_16;1;1
CORD_ORD_664;PROD_18;1;1
CORD_ORD_664;PROD_2;1;1
CORD_ORD_664;PROD_26;1;1
CORD_ORD_664;PROD_27;1;1
CORD_ORD_664;PROD_29;1;1
CORD_ORD_664;PROD_3;1;1
CORD_ORD_664;PROD_36;1;1
CORD_ORD_664;PROD_41;1;1
CORD_ORD_664;PROD_46;1;1
CORD_ORD_664;PROD_6;1;1
CORD_ORD_664;PROD_8;1;1
CORD_ORD_665;PROD_1;1;1
CORD_ORD_665;PROD_10;1;1
CORD_ORD_665;PROD_13;1;1
CORD_ORD_665;PROD_14;1;1
CORD_ORD_665;PROD_16;1;1
CORD_ORD_665;PROD_17;1;1
CORD_ORD_665;PROD_18;1;1
CORD_ORD_665;PROD_2;1;1
CORD_ORD_665;PROD_20;1;1
CORD_ORD_665;PROD_26;1;1
CORD_ORD_665;PROD_28;1;1
CORD_ORD_665;PROD_3;1;1
CORD_ORD_665;PROD_31;1;1
CORD_ORD_665;PROD_35;1;1
CORD_ORD_665;PROD_36;1;1
CORD_ORD_665;PROD_38;1;1
CORD_ORD_665;PROD_39;1;1
CORD_ORD_665;PROD_41;1;1
CORD_ORD_665;PROD_46;1;1
CORD_ORD_665;PROD_48;1;1
CORD_ORD_665;PROD_6;1;1
CORD_ORD_665;PROD_8;1;1
CORD_ORD_665;PROD_9;1;1
CORD_ORD_666;PROD_1;1;1
CORD_ORD_666;PROD_10;1;1
CORD_ORD_666;PROD_12;1;1
CORD_ORD_666;PROD_13;1;1
CORD_ORD_666;PROD_14;1;1
CORD_ORD_666;PROD_16;1;1
CORD_ORD_666;PROD_17;1;1
CORD_ORD_666;PROD_18;1;1
CORD_ORD_666;PROD_2;1;1
CORD_ORD_666;PROD_20;1;1
CORD_ORD_666;PROD_21;1;1
CORD_ORD_666;PROD_23;1;1
CORD_ORD_666;PROD_26;1;1
CORD_ORD_666;PROD_28;1;1
CORD_ORD_666;PROD_3;1;1
CORD_ORD_666;PROD_30;1;1
CORD_ORD_666;PROD_31;1;1
CORD_ORD_666;PROD_32;1;1
CORD_ORD_666;PROD_35;1;1
CORD_ORD_666;PROD_36;1;1
CORD_ORD_666;PROD_38;1;1
CORD_ORD_666;PROD_39;1;1
CORD_ORD_666;PROD_4;1;1
CORD_ORD_666;PROD_40;1;1
CORD_ORD_666;PROD_41;1;1
CORD_ORD_666;PROD_43;1;1
CORD_ORD_666;PROD_45;1;1
CORD_ORD_666;PROD_46;1;1
CORD_ORD_666;PROD_47;1;1
CORD_ORD_666;PROD_48;1;1
CORD_ORD_666;PROD_6;1;1
CORD_ORD_666;PROD_8;1;1
CORD_ORD_666;PROD_9;1;1
CORD_ORD_667;PROD_1;1;1
CORD_ORD_667;PROD_14;1;1
CORD_ORD_667;PROD_17;1;1
CORD_ORD_667;PROD_18;1;1
CORD_ORD_667;PROD_2;1;1
CORD_ORD_667;PROD_24;1;1
CORD_ORD_667;PROD_26;1;1
CORD_ORD_667;PROD_28;1;1
CORD_ORD_667;PROD_3;1;1
CORD_ORD_667;PROD_30;1;1
CORD_ORD_667;PROD_31;1;1
CORD_ORD_667;PROD_32;1;1
CORD_ORD_667;PROD_36;1;1
CORD_ORD_667;PROD_37;1;1
CORD_ORD_667;PROD_40;1;1
CORD_ORD_667;PROD_41;1;1
CORD_ORD_667;PROD_42;1;1
CORD_ORD_667;PROD_43;1;1
CORD_ORD_667;PROD_46;1;1
CORD_ORD_667;PROD_47;1;1
CORD_ORD_667;PROD_48;1;1
CORD_ORD_667;PROD_6;1;1
CORD_ORD_667;PROD_9;1;1
CORD_ORD_668;PROD_1;1;1
CORD_ORD_668;PROD_10;1;1
CORD_ORD_668;PROD_11;1;1
CORD_ORD_668;PROD_16;1;1
CORD_ORD_668;PROD_27;1;1
CORD_ORD_668;PROD_29;1;1
CORD_ORD_668;PROD_3;1;1
CORD_ORD_668;PROD_32;1;1
CORD_ORD_668;PROD_36;1;1
CORD_ORD_668;PROD_43;1;1
CORD_ORD_668;PROD_47;1;1
CORD_ORD_668;PROD_8;1;1
CORD_ORD_669;PROD_1;1;1
CORD_ORD_669;PROD_11;1;1
CORD_ORD_669;PROD_15;1;1
CORD_ORD_669;PROD_17;1;1
CORD_ORD_669;PROD_22;1;1
CORD_ORD_669;PROD_25;1;1
CORD_ORD_669;PROD_26;1;1
CORD_ORD_669;PROD_27;1;1
CORD_ORD_669;PROD_29;1;1
CORD_ORD_669;PROD_3;1;1
CORD_ORD_669;PROD_31;1;1
CORD_ORD_669;PROD_32;1;1
CORD_ORD_669;PROD_34;1;1
CORD_ORD_669;PROD_36;1;1
CORD_ORD_669;PROD_43;1;1
CORD_ORD_669;PROD_46;1;1
CORD_ORD_669;PROD_47;1;1
CORD_ORD_669;PROD_48;1;1
CORD_ORD_669;PROD_49;1;1
CORD_ORD_669;PROD_50;1;1
CORD_ORD_669;PROD_6;1;1
CORD_ORD_670;PROD_1;1;1
CORD_ORD_670;PROD_11;1;1
CORD_ORD_670;PROD_12;1;1
CORD_ORD_670;PROD_15;1;1
CORD_ORD_670;PROD_18;1;1
CORD_ORD_670;PROD_2;1;1
CORD_ORD_670;PROD_20;1;1
CORD_ORD_670;PROD_21;1;1
CORD_ORD_670;PROD_22;1;1
CORD_ORD_670;PROD_24;1;1
CORD_ORD_670;PROD_25;1;1
CORD_ORD_670;PROD_26;1;1
CORD_ORD_670;PROD_27;1;1
CORD_ORD_670;PROD_29;1;1
CORD_ORD_670;PROD_3;1;1
CORD_ORD_670;PROD_30;1;1
CORD_ORD_670;PROD_34;1;1
CORD_ORD_670;PROD_35;1;1
CORD_ORD_670;PROD_36;1;1
CORD_ORD_670;PROD_37;1;1
CORD_ORD_670;PROD_39;1;1
CORD_ORD_670;PROD_4;1;1
CORD_ORD_670;PROD_40;1;1
CORD_ORD_670;PROD_41;1;1
CORD_ORD_670;PROD_42;1;1
CORD_ORD_670;PROD_46;1;1
CORD_ORD_670;PROD_49;1;1
CORD_ORD_670;PROD_50;1;1
CORD_ORD_670;PROD_6;1;1
CORD_ORD_671;PROD_1;1;1
CORD_ORD_671;PROD_10;1;1
CORD_ORD_671;PROD_16;1;1
CORD_ORD_671;PROD_26;1;1
CORD_ORD_671;PROD_3;1;1
CORD_ORD_671;PROD_36;1;1
CORD_ORD_671;PROD_46;1;1
CORD_ORD_671;PROD_6;1;1
CORD_ORD_671;PROD_8;1;1
CORD_ORD_672;PROD_10;1;1
CORD_ORD_672;PROD_11;1;1
CORD_ORD_672;PROD_14;1;1
CORD_ORD_672;PROD_16;1;1
CORD_ORD_672;PROD_18;1;1
CORD_ORD_672;PROD_19;1;1
CORD_ORD_672;PROD_2;1;1
CORD_ORD_672;PROD_22;1;1
CORD_ORD_672;PROD_24;1;1
CORD_ORD_672;PROD_25;1;1
CORD_ORD_672;PROD_27;1;1
CORD_ORD_672;PROD_28;1;1
CORD_ORD_672;PROD_29;1;1
CORD_ORD_672;PROD_30;1;1
CORD_ORD_672;PROD_33;1;1
CORD_ORD_672;PROD_37;1;1
CORD_ORD_672;PROD_40;1;1
CORD_ORD_672;PROD_41;1;1
CORD_ORD_672;PROD_42;1;1
CORD_ORD_672;PROD_44;1;1
CORD_ORD_672;PROD_50;1;1
CORD_ORD_672;PROD_8;1;1
CORD_ORD_672;PROD_9;1;1
CORD_ORD_673;PROD_11;1;1
CORD_ORD_673;PROD_13;1;1
CORD_ORD_673;PROD_17;1;1
CORD_ORD_673;PROD_18;1;1
CORD_ORD_673;PROD_2;1;1
CORD_ORD_673;PROD_20;1;1
CORD_ORD_673;PROD_22;1;1
CORD_ORD_673;PROD_25;1;1
CORD_ORD_673;PROD_26;1;1
CORD_ORD_673;PROD_27;1;1
CORD_ORD_673;PROD_29;1;1
CORD_ORD_673;PROD_31;1;1
CORD_ORD_673;PROD_35;1;1
CORD_ORD_673;PROD_38;1;1
CORD_ORD_673;PROD_39;1;1
CORD_ORD_673;PROD_41;1;1
CORD_ORD_673;PROD_46;1;1
CORD_ORD_673;PROD_48;1;1
CORD_ORD_673;PROD_5;1;1
CORD_ORD_673;PROD_50;1;1
CORD_ORD_673;PROD_6;1;1
CORD_ORD_673;PROD_7;1;1
CORD_ORD_674;PROD_1;1;1
CORD_ORD_674;PROD_12;1;1
CORD_ORD_674;PROD_13;1;1
CORD_ORD_674;PROD_14;1;1
CORD_ORD_674;PROD_17;1;1
CORD_ORD_674;PROD_18;1;1
CORD_ORD_674;PROD_2;1;1
CORD_ORD_674;PROD_20;1;1
CORD_ORD_674;PROD_21;1;1
CORD_ORD_674;PROD_24;1;1
CORD_ORD_674;PROD_28;1;1
CORD_ORD_674;PROD_3;1;1
CORD_ORD_674;PROD_31;1;1
CORD_ORD_674;PROD_32;1;1
CORD_ORD_674;PROD_35;1;1
CORD_ORD_674;PROD_36;1;1
CORD_ORD_674;PROD_37;1;1
CORD_ORD_674;PROD_38;1;1
CORD_ORD_674;PROD_39;1;1
CORD_ORD_674;PROD_4;1;1
CORD_ORD_674;PROD_41;1;1
CORD_ORD_674;PROD_42;1;1
CORD_ORD_674;PROD_43;1;1
CORD_ORD_674;PROD_47;1;1
CORD_ORD_674;PROD_48;1;1
CORD_ORD_674;PROD_9;1;1
CORD_ORD_675;PROD_1;1;1
CORD_ORD_675;PROD_10;1;1
CORD_ORD_675;PROD_11;1;1
CORD_ORD_675;PROD_12;1;1
CORD_ORD_675;PROD_16;1;1
CORD_ORD_675;PROD_17;1;1
CORD_ORD_675;PROD_18;1;1
CORD_ORD_675;PROD_2;1;1
CORD_ORD_675;PROD_21;1;1
CORD_ORD_675;PROD_24;1;1
CORD_ORD_675;PROD_26;1;1
CORD_ORD_675;PROD_27;1;1
CORD_ORD_675;PROD_29;1;1
CORD_ORD_675;PROD_3;1;1
CORD_ORD_675;PROD_30;1;1
CORD_ORD_675;PROD_31;1;1
CORD_ORD_675;PROD_36;1;1
CORD_ORD_675;PROD_37;1;1
CORD_ORD_675;PROD_4;1;1
CORD_ORD_675;PROD_40;1;1
CORD_ORD_675;PROD_41;1;1
CORD_ORD_675;PROD_42;1;1
CORD_ORD_675;PROD_46;1;1
CORD_ORD_675;PROD_48;1;1
CORD_ORD_675;PROD_5;1;1
CORD_ORD_675;PROD_6;1;1
CORD_ORD_675;PROD_7;1;1
CORD_ORD_675;PROD_8;1;1
CORD_ORD_676;PROD_10;1;1
CORD_ORD_676;PROD_11;1;1
CORD_ORD_676;PROD_12;1;1
CORD_ORD_676;PROD_13;1;1
CORD_ORD_676;PROD_16;1;1
CORD_ORD_676;PROD_18;1;1
CORD_ORD_676;PROD_2;1;1
CORD_ORD_676;PROD_21;1;1
CORD_ORD_676;PROD_22;1;1
CORD_ORD_676;PROD_25;1;1
CORD_ORD_676;PROD_27;1;1
CORD_ORD_676;PROD_29;1;1
CORD_ORD_676;PROD_38;1;1
CORD_ORD_676;PROD_4;1;1
CORD_ORD_676;PROD_41;1;1
CORD_ORD_676;PROD_50;1;1
CORD_ORD_676;PROD_8;1;1
CORD_ORD_677;PROD_14;1;1
CORD_ORD_677;PROD_17;1;1
CORD_ORD_677;PROD_18;1;1
CORD_ORD_677;PROD_19;1;1
CORD_ORD_677;PROD_2;1;1
CORD_ORD_677;PROD_20;1;1
CORD_ORD_677;PROD_22;1;1
CORD_ORD_677;PROD_24;1;1
CORD_ORD_677;PROD_25;1;1
CORD_ORD_677;PROD_26;1;1
CORD_ORD_677;PROD_28;1;1
CORD_ORD_677;PROD_31;1;1
CORD_ORD_677;PROD_33;1;1
CORD_ORD_677;PROD_35;1;1
CORD_ORD_677;PROD_37;1;1
CORD_ORD_677;PROD_39;1;1
CORD_ORD_677;PROD_41;1;1
CORD_ORD_677;PROD_42;1;1
CORD_ORD_677;PROD_44;1;1
CORD_ORD_677;PROD_46;1;1
CORD_ORD_677;PROD_48;1;1
CORD_ORD_677;PROD_50;1;1
CORD_ORD_677;PROD_6;1;1
CORD_ORD_677;PROD_9;1;1
CORD_ORD_678;PROD_1;1;1
CORD_ORD_678;PROD_10;1;1
CORD_ORD_678;PROD_12;1;1
CORD_ORD_678;PROD_15;1;1
CORD_ORD_678;PROD_16;1;1
CORD_ORD_678;PROD_18;1;1
CORD_ORD_678;PROD_2;1;1
CORD_ORD_678;PROD_21;1;1
CORD_ORD_678;PROD_23;1;1
CORD_ORD_678;PROD_26;1;1
CORD_ORD_678;PROD_3;1;1
CORD_ORD_678;PROD_30;1;1
CORD_ORD_678;PROD_34;1;1
CORD_ORD_678;PROD_36;1;1
CORD_ORD_678;PROD_4;1;1
CORD_ORD_678;PROD_40;1;1
CORD_ORD_678;PROD_41;1;1
CORD_ORD_678;PROD_45;1;1
CORD_ORD_678;PROD_46;1;1
CORD_ORD_678;PROD_49;1;1
CORD_ORD_678;PROD_6;1;1
CORD_ORD_678;PROD_8;1;1
CORD_ORD_679;PROD_1;1;1
CORD_ORD_679;PROD_11;1;1
CORD_ORD_679;PROD_18;1;1
CORD_ORD_679;PROD_19;1;1
CORD_ORD_679;PROD_2;1;1
CORD_ORD_679;PROD_24;1;1
CORD_ORD_679;PROD_27;1;1
CORD_ORD_679;PROD_29;1;1
CORD_ORD_679;PROD_3;1;1
CORD_ORD_679;PROD_32;1;1
CORD_ORD_679;PROD_33;1;1
CORD_ORD_679;PROD_36;1;1
CORD_ORD_679;PROD_37;1;1
CORD_ORD_679;PROD_41;1;1
CORD_ORD_679;PROD_42;1;1
CORD_ORD_679;PROD_43;1;1
CORD_ORD_679;PROD_44;1;1
CORD_ORD_679;PROD_47;1;1
CORD_ORD_680;PROD_1;1;1
CORD_ORD_680;PROD_10;1;1
CORD_ORD_680;PROD_11;1;1
CORD_ORD_680;PROD_12;1;1
CORD_ORD_680;PROD_13;1;1
CORD_ORD_680;PROD_15;1;1
CORD_ORD_680;PROD_16;1;1
CORD_ORD_680;PROD_21;1;1
CORD_ORD_680;PROD_24;1;1
CORD_ORD_680;PROD_26;1;1
CORD_ORD_680;PROD_27;1;1
CORD_ORD_680;PROD_29;1;1
CORD_ORD_680;PROD_3;1;1
CORD_ORD_680;PROD_30;1;1
CORD_ORD_680;PROD_34;1;1
CORD_ORD_680;PROD_36;1;1
CORD_ORD_680;PROD_37;1;1
CORD_ORD_680;PROD_38;1;1
CORD_ORD_680;PROD_4;1;1
CORD_ORD_680;PROD_40;1;1
CORD_ORD_680;PROD_42;1;1
CORD_ORD_680;PROD_46;1;1
CORD_ORD_680;PROD_49;1;1
CORD_ORD_680;PROD_5;1;1
CORD_ORD_680;PROD_6;1;1
CORD_ORD_680;PROD_7;1;1
CORD_ORD_680;PROD_8;1;1
CORD_ORD_681;PROD_10;1;1
CORD_ORD_681;PROD_11;1;1
CORD_ORD_681;PROD_12;1;1
CORD_ORD_681;PROD_15;1;1
CORD_ORD_681;PROD_16;1;1
CORD_ORD_681;PROD_17;1;1
CORD_ORD_681;PROD_18;1;1
CORD_ORD_681;PROD_19;1;1
CORD_ORD_681;PROD_2;1;1
CORD_ORD_681;PROD_21;1;1
CORD_ORD_681;PROD_27;1;1
CORD_ORD_681;PROD_29;1;1
CORD_ORD_681;PROD_31;1;1
CORD_ORD_681;PROD_33;1;1
CORD_ORD_681;PROD_34;1;1
CORD_ORD_681;PROD_4;1;1
CORD_ORD_681;PROD_41;1;1
CORD_ORD_681;PROD_44;1;1
CORD_ORD_681;PROD_48;1;1
CORD_ORD_681;PROD_49;1;1
CORD_ORD_681;PROD_8;1;1
CORD_ORD_682;PROD_14;1;1
CORD_ORD_682;PROD_18;1;1
CORD_ORD_682;PROD_2;1;1
CORD_ORD_682;PROD_20;1;1
CORD_ORD_682;PROD_28;1;1
CORD_ORD_682;PROD_30;1;1
CORD_ORD_682;PROD_32;1;1
CORD_ORD_682;PROD_35;1;1
CORD_ORD_682;PROD_39;1;1
CORD_ORD_682;PROD_40;1;1
CORD_ORD_682;PROD_41;1;1
CORD_ORD_682;PROD_43;1;1
CORD_ORD_682;PROD_47;1;1
CORD_ORD_682;PROD_9;1;1
CORD_ORD_683;PROD_1;1;1
CORD_ORD_683;PROD_10;1;1
CORD_ORD_683;PROD_15;1;1
CORD_ORD_683;PROD_16;1;1
CORD_ORD_683;PROD_17;1;1
CORD_ORD_683;PROD_18;1;1
CORD_ORD_683;PROD_19;1;1
CORD_ORD_683;PROD_2;1;1
CORD_ORD_683;PROD_20;1;1
CORD_ORD_683;PROD_26;1;1
CORD_ORD_683;PROD_3;1;1
CORD_ORD_683;PROD_31;1;1
CORD_ORD_683;PROD_32;1;1
CORD_ORD_683;PROD_33;1;1
CORD_ORD_683;PROD_34;1;1
CORD_ORD_683;PROD_35;1;1
CORD_ORD_683;PROD_36;1;1
CORD_ORD_683;PROD_39;1;1
CORD_ORD_683;PROD_41;1;1
CORD_ORD_683;PROD_43;1;1
CORD_ORD_683;PROD_44;1;1
CORD_ORD_683;PROD_46;1;1
CORD_ORD_683;PROD_47;1;1
CORD_ORD_683;PROD_48;1;1
CORD_ORD_683;PROD_49;1;1
CORD_ORD_683;PROD_6;1;1
CORD_ORD_683;PROD_8;1;1
CORD_ORD_684;PROD_1;1;1
CORD_ORD_684;PROD_10;1;1
CORD_ORD_684;PROD_12;1;1
CORD_ORD_684;PROD_16;1;1
CORD_ORD_684;PROD_19;1;1
CORD_ORD_684;PROD_21;1;1
CORD_ORD_684;PROD_26;1;1
CORD_ORD_684;PROD_3;1;1
CORD_ORD_684;PROD_30;1;1
CORD_ORD_684;PROD_33;1;1
CORD_ORD_684;PROD_36;1;1
CORD_ORD_684;PROD_4;1;1
CORD_ORD_684;PROD_40;1;1
CORD_ORD_684;PROD_44;1;1
CORD_ORD_684;PROD_46;1;1
CORD_ORD_684;PROD_6;1;1
CORD_ORD_684;PROD_8;1;1
CORD_ORD_685;PROD_10;1;1
CORD_ORD_685;PROD_13;1;1
CORD_ORD_685;PROD_15;1;1
CORD_ORD_685;PROD_16;1;1
CORD_ORD_685;PROD_19;1;1
CORD_ORD_685;PROD_20;1;1
CORD_ORD_685;PROD_26;1;1
CORD_ORD_685;PROD_33;1;1
CORD_ORD_685;PROD_34;1;1
CORD_ORD_685;PROD_35;1;1
CORD_ORD_685;PROD_38;1;1
CORD_ORD_685;PROD_39;1;1
CORD_ORD_685;PROD_44;1;1
CORD_ORD_685;PROD_46;1;1
CORD_ORD_685;PROD_49;1;1
CORD_ORD_685;PROD_6;1;1
CORD_ORD_685;PROD_8;1;1
CORD_ORD_686;PROD_14;1;1
CORD_ORD_686;PROD_18;1;1
CORD_ORD_686;PROD_2;1;1
CORD_ORD_686;PROD_20;1;1
CORD_ORD_686;PROD_26;1;1
CORD_ORD_686;PROD_28;1;1
CORD_ORD_686;PROD_35;1;1
CORD_ORD_686;PROD_39;1;1
CORD_ORD_686;PROD_41;1;1
CORD_ORD_686;PROD_46;1;1
CORD_ORD_686;PROD_6;1;1
CORD_ORD_686;PROD_9;1;1
CORD_ORD_687;PROD_10;1;1
CORD_ORD_687;PROD_11;1;1
CORD_ORD_687;PROD_14;1;1
CORD_ORD_687;PROD_15;1;1
CORD_ORD_687;PROD_16;1;1
CORD_ORD_687;PROD_17;1;1
CORD_ORD_687;PROD_19;1;1
CORD_ORD_687;PROD_20;1;1
CORD_ORD_687;PROD_23;1;1
CORD_ORD_687;PROD_27;1;1
CORD_ORD_687;PROD_28;1;1
CORD_ORD_687;PROD_29;1;1
CORD_ORD_687;PROD_30;1;1
CORD_ORD_687;PROD_31;1;1
CORD_ORD_687;PROD_32;1;1
CORD_ORD_687;PROD_33;1;1
CORD_ORD_687;PROD_34;1;1
CORD_ORD_687;PROD_35;1;1
CORD_ORD_687;PROD_39;1;1
CORD_ORD_687;PROD_40;1;1
CORD_ORD_687;PROD_43;1;1
CORD_ORD_687;PROD_44;1;1
CORD_ORD_687;PROD_45;1;1
CORD_ORD_687;PROD_47;1;1
CORD_ORD_687;PROD_48;1;1
CORD_ORD_687;PROD_49;1;1
CORD_ORD_687;PROD_8;1;1
CORD_ORD_687;PROD_9;1;1
CORD_ORD_688;PROD_1;1;1
CORD_ORD_688;PROD_10;1;1
CORD_ORD_688;PROD_12;1;1
CORD_ORD_688;PROD_16;1;1
CORD_ORD_688;PROD_17;1;1
CORD_ORD_688;PROD_18;1;1
CORD_ORD_688;PROD_2;1;1
CORD_ORD_688;PROD_21;1;1
CORD_ORD_688;PROD_22;1;1
CORD_ORD_688;PROD_24;1;1
CORD_ORD_688;PROD_25;1;1
CORD_ORD_688;PROD_26;1;1
CORD_ORD_688;PROD_3;1;1
CORD_ORD_688;PROD_31;1;1
CORD_ORD_688;PROD_36;1;1
CORD_ORD_688;PROD_37;1;1
CORD_ORD_688;PROD_4;1;1
CORD_ORD_688;PROD_41;1;1
CORD_ORD_688;PROD_42;1;1
CORD_ORD_688;PROD_46;1;1
CORD_ORD_688;PROD_48;1;1
CORD_ORD_688;PROD_50;1;1
CORD_ORD_688;PROD_6;1;1
CORD_ORD_688;PROD_8;1;1
CORD_ORD_689;PROD_1;1;1
CORD_ORD_689;PROD_10;1;1
CORD_ORD_689;PROD_11;1;1
CORD_ORD_689;PROD_15;1;1
CORD_ORD_689;PROD_16;1;1
CORD_ORD_689;PROD_17;1;1
CORD_ORD_689;PROD_18;1;1
CORD_ORD_689;PROD_2;1;1
CORD_ORD_689;PROD_20;1;1
CORD_ORD_689;PROD_22;1;1
CORD_ORD_689;PROD_23;1;1
CORD_ORD_689;PROD_25;1;1
CORD_ORD_689;PROD_27;1;1
CORD_ORD_689;PROD_29;1;1
CORD_ORD_689;PROD_3;1;1
CORD_ORD_689;PROD_31;1;1
CORD_ORD_689;PROD_34;1;1
CORD_ORD_689;PROD_35;1;1
CORD_ORD_689;PROD_36;1;1
CORD_ORD_689;PROD_39;1;1
CORD_ORD_689;PROD_41;1;1
CORD_ORD_689;PROD_45;1;1
CORD_ORD_689;PROD_48;1;1
CORD_ORD_689;PROD_49;1;1
CORD_ORD_689;PROD_50;1;1
CORD_ORD_689;PROD_8;1;1
CORD_ORD_690;PROD_12;1;1
CORD_ORD_690;PROD_13;1;1
CORD_ORD_690;PROD_14;1;1
CORD_ORD_690;PROD_17;1;1
CORD_ORD_690;PROD_18;1;1
CORD_ORD_690;PROD_19;1;1
CORD_ORD_690;PROD_2;1;1
CORD_ORD_690;PROD_20;1;1
CORD_ORD_690;PROD_21;1;1
CORD_ORD_690;PROD_26;1;1
CORD_ORD_690;PROD_28;1;1
CORD_ORD_690;PROD_31;1;1
CORD_ORD_690;PROD_32;1;1
CORD_ORD_690;PROD_33;1;1
CORD_ORD_690;PROD_35;1;1
CORD_ORD_690;PROD_38;1;1
CORD_ORD_690;PROD_39;1;1
CORD_ORD_690;PROD_4;1;1
CORD_ORD_690;PROD_41;1;1
CORD_ORD_690;PROD_43;1;1
CORD_ORD_690;PROD_44;1;1
CORD_ORD_690;PROD_46;1;1
CORD_ORD_690;PROD_47;1;1
CORD_ORD_690;PROD_48;1;1
CORD_ORD_690;PROD_6;1;1
CORD_ORD_690;PROD_9;1;1
CORD_ORD_691;PROD_1;1;1
CORD_ORD_691;PROD_10;1;1
CORD_ORD_691;PROD_13;1;1
CORD_ORD_691;PROD_16;1;1
CORD_ORD_691;PROD_20;1;1
CORD_ORD_691;PROD_22;1;1
CORD_ORD_691;PROD_25;1;1
CORD_ORD_691;PROD_3;1;1
CORD_ORD_691;PROD_35;1;1
CORD_ORD_691;PROD_36;1;1
CORD_ORD_691;PROD_38;1;1
CORD_ORD_691;PROD_39;1;1
CORD_ORD_691;PROD_50;1;1
CORD_ORD_691;PROD_8;1;1
CORD_ORD_692;PROD_1;1;1
CORD_ORD_692;PROD_13;1;1
CORD_ORD_692;PROD_14;1;1
CORD_ORD_692;PROD_15;1;1
CORD_ORD_692;PROD_18;1;1
CORD_ORD_692;PROD_2;1;1
CORD_ORD_692;PROD_24;1;1
CORD_ORD_692;PROD_26;1;1
CORD_ORD_692;PROD_28;1;1
CORD_ORD_692;PROD_3;1;1
CORD_ORD_692;PROD_34;1;1
CORD_ORD_692;PROD_36;1;1
CORD_ORD_692;PROD_37;1;1
CORD_ORD_692;PROD_38;1;1
CORD_ORD_692;PROD_41;1;1
CORD_ORD_692;PROD_42;1;1
CORD_ORD_692;PROD_46;1;1
CORD_ORD_692;PROD_49;1;1
CORD_ORD_692;PROD_6;1;1
CORD_ORD_692;PROD_9;1;1
CORD_ORD_693;PROD_1;1;1
CORD_ORD_693;PROD_10;1;1
CORD_ORD_693;PROD_15;1;1
CORD_ORD_693;PROD_16;1;1
CORD_ORD_693;PROD_17;1;1
CORD_ORD_693;PROD_20;1;1
CORD_ORD_693;PROD_22;1;1
CORD_ORD_693;PROD_24;1;1
CORD_ORD_693;PROD_25;1;1
CORD_ORD_693;PROD_26;1;1
CORD_ORD_693;PROD_3;1;1
CORD_ORD_693;PROD_31;1;1
CORD_ORD_693;PROD_32;1;1
CORD_ORD_693;PROD_34;1;1
CORD_ORD_693;PROD_35;1;1
CORD_ORD_693;PROD_36;1;1
CORD_ORD_693;PROD_37;1;1
CORD_ORD_693;PROD_39;1;1
CORD_ORD_693;PROD_42;1;1
CORD_ORD_693;PROD_43;1;1
CORD_ORD_693;PROD_46;1;1
CORD_ORD_693;PROD_47;1;1
CORD_ORD_693;PROD_48;1;1
CORD_ORD_693;PROD_49;1;1
CORD_ORD_693;PROD_5;1;1
CORD_ORD_693;PROD_50;1;1
CORD_ORD_693;PROD_6;1;1
CORD_ORD_693;PROD_7;1;1
CORD_ORD_693;PROD_8;1;1
CORD_ORD_694;PROD_11;1;1
CORD_ORD_694;PROD_19;1;1
CORD_ORD_694;PROD_23;1;1
CORD_ORD_694;PROD_27;1;1
CORD_ORD_694;PROD_29;1;1
CORD_ORD_694;PROD_33;1;1
CORD_ORD_694;PROD_44;1;1
CORD_ORD_694;PROD_45;1;1
CORD_ORD_695;PROD_1;1;1
CORD_ORD_695;PROD_10;1;1
CORD_ORD_695;PROD_15;1;1
CORD_ORD_695;PROD_16;1;1
CORD_ORD_695;PROD_17;1;1
CORD_ORD_695;PROD_20;1;1
CORD_ORD_695;PROD_22;1;1
CORD_ORD_695;PROD_25;1;1
CORD_ORD_695;PROD_26;1;1
CORD_ORD_695;PROD_3;1;1
CORD_ORD_695;PROD_31;1;1
CORD_ORD_695;PROD_34;1;1
CORD_ORD_695;PROD_35;1;1
CORD_ORD_695;PROD_36;1;1
CORD_ORD_695;PROD_39;1;1
CORD_ORD_695;PROD_46;1;1
CORD_ORD_695;PROD_48;1;1
CORD_ORD_695;PROD_49;1;1
CORD_ORD_695;PROD_50;1;1
CORD_ORD_695;PROD_6;1;1
CORD_ORD_695;PROD_8;1;1
CORD_ORD_696;PROD_10;1;1
CORD_ORD_696;PROD_11;1;1
CORD_ORD_696;PROD_12;1;1
CORD_ORD_696;PROD_14;1;1
CORD_ORD_696;PROD_15;1;1
CORD_ORD_696;PROD_16;1;1
CORD_ORD_696;PROD_17;1;1
CORD_ORD_696;PROD_18;1;1
CORD_ORD_696;PROD_19;1;1
CORD_ORD_696;PROD_2;1;1
CORD_ORD_696;PROD_21;1;1
CORD_ORD_696;PROD_23;1;1
CORD_ORD_696;PROD_27;1;1
CORD_ORD_696;PROD_28;1;1
CORD_ORD_696;PROD_29;1;1
CORD_ORD_696;PROD_30;1;1
CORD_ORD_696;PROD_31;1;1
CORD_ORD_696;PROD_33;1;1
CORD_ORD_696;PROD_34;1;1
CORD_ORD_696;PROD_4;1;1
CORD_ORD_696;PROD_40;1;1
CORD_ORD_696;PROD_41;1;1
CORD_ORD_696;PROD_44;1;1
CORD_ORD_696;PROD_45;1;1
CORD_ORD_696;PROD_48;1;1
CORD_ORD_696;PROD_49;1;1
CORD_ORD_696;PROD_8;1;1
CORD_ORD_696;PROD_9;1;1
CORD_ORD_697;PROD_1;1;1
CORD_ORD_697;PROD_10;1;1
CORD_ORD_697;PROD_11;1;1
CORD_ORD_697;PROD_16;1;1
CORD_ORD_697;PROD_19;1;1
CORD_ORD_697;PROD_20;1;1
CORD_ORD_697;PROD_22;1;1
CORD_ORD_697;PROD_23;1;1
CORD_ORD_697;PROD_24;1;1
CORD_ORD_697;PROD_25;1;1
CORD_ORD_697;PROD_27;1;1
CORD_ORD_697;PROD_29;1;1
CORD_ORD_697;PROD_3;1;1
CORD_ORD_697;PROD_33;1;1
CORD_ORD_697;PROD_35;1;1
CORD_ORD_697;PROD_36;1;1
CORD_ORD_697;PROD_37;1;1
CORD_ORD_697;PROD_39;1;1
CORD_ORD_697;PROD_42;1;1
CORD_ORD_697;PROD_44;1;1
CORD_ORD_697;PROD_45;1;1
CORD_ORD_697;PROD_50;1;1
CORD_ORD_697;PROD_8;1;1
CORD_ORD_698;PROD_10;1;1
CORD_ORD_698;PROD_12;1;1
CORD_ORD_698;PROD_14;1;1
CORD_ORD_698;PROD_16;1;1
CORD_ORD_698;PROD_17;1;1
CORD_ORD_698;PROD_19;1;1
CORD_ORD_698;PROD_20;1;1
CORD_ORD_698;PROD_21;1;1
CORD_ORD_698;PROD_22;1;1
CORD_ORD_698;PROD_24;1;1
CORD_ORD_698;PROD_25;1;1
CORD_ORD_698;PROD_28;1;1
CORD_ORD_698;PROD_31;1;1
CORD_ORD_698;PROD_33;1;1
CORD_ORD_698;PROD_35;1;1
CORD_ORD_698;PROD_37;1;1
CORD_ORD_698;PROD_39;1;1
CORD_ORD_698;PROD_4;1;1
CORD_ORD_698;PROD_42;1;1
CORD_ORD_698;PROD_44;1;1
CORD_ORD_698;PROD_48;1;1
CORD_ORD_698;PROD_50;1;1
CORD_ORD_698;PROD_8;1;1
CORD_ORD_698;PROD_9;1;1
CORD_ORD_699;PROD_12;1;1
CORD_ORD_699;PROD_14;1;1
CORD_ORD_699;PROD_17;1;1
CORD_ORD_699;PROD_18;1;1
CORD_ORD_699;PROD_2;1;1
CORD_ORD_699;PROD_21;1;1
CORD_ORD_699;PROD_28;1;1
CORD_ORD_699;PROD_31;1;1
CORD_ORD_699;PROD_4;1;1
CORD_ORD_699;PROD_41;1;1
CORD_ORD_699;PROD_48;1;1
CORD_ORD_699;PROD_9;1;1
CORD_ORD_700;PROD_1;1;1
CORD_ORD_700;PROD_13;1;1
CORD_ORD_700;PROD_15;1;1
CORD_ORD_700;PROD_18;1;1
CORD_ORD_700;PROD_2;1;1
CORD_ORD_700;PROD_22;1;1
CORD_ORD_700;PROD_23;1;1
CORD_ORD_700;PROD_25;1;1
CORD_ORD_700;PROD_26;1;1
CORD_ORD_700;PROD_3;1;1
CORD_ORD_700;PROD_32;1;1
CORD_ORD_700;PROD_34;1;1
CORD_ORD_700;PROD_36;1;1
CORD_ORD_700;PROD_38;1;1
CORD_ORD_700;PROD_41;1;1
CORD_ORD_700;PROD_43;1;1
CORD_ORD_700;PROD_45;1;1
CORD_ORD_700;PROD_46;1;1
CORD_ORD_700;PROD_47;1;1
CORD_ORD_700;PROD_49;1;1
CORD_ORD_700;PROD_50;1;1
CORD_ORD_700;PROD_6;1;1
CORD_ORD_701;PROD_1;1;1
CORD_ORD_701;PROD_10;1;1
CORD_ORD_701;PROD_12;1;1
CORD_ORD_701;PROD_16;1;1
CORD_ORD_701;PROD_17;1;1
CORD_ORD_701;PROD_18;1;1
CORD_ORD_701;PROD_19;1;1
CORD_ORD_701;PROD_2;1;1
CORD_ORD_701;PROD_21;1;1
CORD_ORD_701;PROD_22;1;1
CORD_ORD_701;PROD_23;1;1
CORD_ORD_701;PROD_24;1;1
CORD_ORD_701;PROD_25;1;1
CORD_ORD_701;PROD_3;1;1
CORD_ORD_701;PROD_30;1;1
CORD_ORD_701;PROD_31;1;1
CORD_ORD_701;PROD_32;1;1
CORD_ORD_701;PROD_33;1;1
CORD_ORD_701;PROD_36;1;1
CORD_ORD_701;PROD_37;1;1
CORD_ORD_701;PROD_4;1;1
CORD_ORD_701;PROD_40;1;1
CORD_ORD_701;PROD_41;1;1
CORD_ORD_701;PROD_42;1;1
CORD_ORD_701;PROD_43;1;1
CORD_ORD_701;PROD_44;1;1
CORD_ORD_701;PROD_45;1;1
CORD_ORD_701;PROD_47;1;1
CORD_ORD_701;PROD_48;1;1
CORD_ORD_701;PROD_50;1;1
CORD_ORD_701;PROD_8;1;1
CORD_ORD_702;PROD_1;1;1
CORD_ORD_702;PROD_18;1;1
CORD_ORD_702;PROD_19;1;1
CORD_ORD_702;PROD_2;1;1
CORD_ORD_702;PROD_24;1;1
CORD_ORD_702;PROD_26;1;1
CORD_ORD_702;PROD_3;1;1
CORD_ORD_702;PROD_33;1;1
CORD_ORD_702;PROD_36;1;1
CORD_ORD_702;PROD_37;1;1
CORD_ORD_702;PROD_41;1;1
CORD_ORD_702;PROD_42;1;1
CORD_ORD_702;PROD_44;1;1
CORD_ORD_702;PROD_46;1;1
CORD_ORD_702;PROD_6;1;1
CORD_ORD_703;PROD_1;1;1
CORD_ORD_703;PROD_13;1;1
CORD_ORD_703;PROD_18;1;1
CORD_ORD_703;PROD_19;1;1
CORD_ORD_703;PROD_2;1;1
CORD_ORD_703;PROD_24;1;1
CORD_ORD_703;PROD_26;1;1
CORD_ORD_703;PROD_3;1;1
CORD_ORD_703;PROD_33;1;1
CORD_ORD_703;PROD_36;1;1
CORD_ORD_703;PROD_37;1;1
CORD_ORD_703;PROD_38;1;1
CORD_ORD_703;PROD_41;1;1
CORD_ORD_703;PROD_42;1;1
CORD_ORD_703;PROD_44;1;1
CORD_ORD_703;PROD_46;1;1
CORD_ORD_703;PROD_5;1;1
CORD_ORD_703;PROD_6;1;1
CORD_ORD_703;PROD_7;1;1
CORD_ORD_704;PROD_11;1;1
CORD_ORD_704;PROD_12;1;1
CORD_ORD_704;PROD_17;1;1
CORD_ORD_704;PROD_19;1;1
CORD_ORD_704;PROD_21;1;1
CORD_ORD_704;PROD_23;1;1
CORD_ORD_704;PROD_27;1;1
CORD_ORD_704;PROD_29;1;1
CORD_ORD_704;PROD_31;1;1
CORD_ORD_704;PROD_32;1;1
CORD_ORD_704;PROD_33;1;1
CORD_ORD_704;PROD_4;1;1
CORD_ORD_704;PROD_43;1;1
CORD_ORD_704;PROD_44;1;1
CORD_ORD_704;PROD_45;1;1
CORD_ORD_704;PROD_47;1;1
CORD_ORD_704;PROD_48;1;1
CORD_ORD_705;PROD_1;1;1
CORD_ORD_705;PROD_10;1;1
CORD_ORD_705;PROD_16;1;1
CORD_ORD_705;PROD_22;1;1
CORD_ORD_705;PROD_25;1;1
CORD_ORD_705;PROD_3;1;1
CORD_ORD_705;PROD_32;1;1
CORD_ORD_705;PROD_36;1;1
CORD_ORD_705;PROD_43;1;1
CORD_ORD_705;PROD_47;1;1
CORD_ORD_705;PROD_50;1;1
CORD_ORD_705;PROD_8;1;1
CORD_ORD_706;PROD_1;1;1
CORD_ORD_706;PROD_10;1;1
CORD_ORD_706;PROD_14;1;1
CORD_ORD_706;PROD_16;1;1
CORD_ORD_706;PROD_18;1;1
CORD_ORD_706;PROD_2;1;1
CORD_ORD_706;PROD_24;1;1
CORD_ORD_706;PROD_26;1;1
CORD_ORD_706;PROD_28;1;1
CORD_ORD_706;PROD_3;1;1
CORD_ORD_706;PROD_36;1;1
CORD_ORD_706;PROD_37;1;1
CORD_ORD_706;PROD_41;1;1
CORD_ORD_706;PROD_42;1;1
CORD_ORD_706;PROD_46;1;1
CORD_ORD_706;PROD_6;1;1
CORD_ORD_706;PROD_8;1;1
CORD_ORD_706;PROD_9;1;1
CORD_ORD_707;PROD_1;1;1
CORD_ORD_707;PROD_14;1;1
CORD_ORD_707;PROD_17;1;1
CORD_ORD_707;PROD_18;1;1
CORD_ORD_707;PROD_2;1;1
CORD_ORD_707;PROD_26;1;1
CORD_ORD_707;PROD_28;1;1
CORD_ORD_707;PROD_3;1;1
CORD_ORD_707;PROD_31;1;1
CORD_ORD_707;PROD_36;1;1
CORD_ORD_707;PROD_41;1;1
CORD_ORD_707;PROD_46;1;1
CORD_ORD_707;PROD_48;1;1
CORD_ORD_707;PROD_6;1;1
CORD_ORD_707;PROD_9;1;1
CORD_ORD_708;PROD_1;1;1
CORD_ORD_708;PROD_10;1;1
CORD_ORD_708;PROD_14;1;1
CORD_ORD_708;PROD_16;1;1
CORD_ORD_708;PROD_20;1;1
CORD_ORD_708;PROD_22;1;1
CORD_ORD_708;PROD_25;1;1
CORD_ORD_708;PROD_28;1;1
CORD_ORD_708;PROD_3;1;1
CORD_ORD_708;PROD_32;1;1
CORD_ORD_708;PROD_35;1;1
CORD_ORD_708;PROD_36;1;1
CORD_ORD_708;PROD_39;1;1
CORD_ORD_708;PROD_43;1;1
CORD_ORD_708;PROD_47;1;1
CORD_ORD_708;PROD_50;1;1
CORD_ORD_708;PROD_8;1;1
CORD_ORD_708;PROD_9;1;1
CORD_ORD_709;PROD_1;1;1
CORD_ORD_709;PROD_10;1;1
CORD_ORD_709;PROD_14;1;1
CORD_ORD_709;PROD_16;1;1
CORD_ORD_709;PROD_19;1;1
CORD_ORD_709;PROD_20;1;1
CORD_ORD_709;PROD_22;1;1
CORD_ORD_709;PROD_24;1;1
CORD_ORD_709;PROD_25;1;1
CORD_ORD_709;PROD_28;1;1
CORD_ORD_709;PROD_3;1;1
CORD_ORD_709;PROD_33;1;1
CORD_ORD_709;PROD_35;1;1
CORD_ORD_709;PROD_36;1;1
CORD_ORD_709;PROD_37;1;1
CORD_ORD_709;PROD_39;1;1
CORD_ORD_709;PROD_42;1;1
CORD_ORD_709;PROD_44;1;1
CORD_ORD_709;PROD_50;1;1
CORD_ORD_709;PROD_8;1;1
CORD_ORD_709;PROD_9;1;1
CORD_ORD_710;PROD_1;1;1
CORD_ORD_710;PROD_10;1;1
CORD_ORD_710;PROD_14;1;1
CORD_ORD_710;PROD_15;1;1
CORD_ORD_710;PROD_16;1;1
CORD_ORD_710;PROD_17;1;1
CORD_ORD_710;PROD_18;1;1
CORD_ORD_710;PROD_2;1;1
CORD_ORD_710;PROD_22;1;1
CORD_ORD_710;PROD_25;1;1
CORD_ORD_710;PROD_26;1;1
CORD_ORD_710;PROD_28;1;1
CORD_ORD_710;PROD_3;1;1
CORD_ORD_710;PROD_30;1;1
CORD_ORD_710;PROD_31;1;1
CORD_ORD_710;PROD_32;1;1
CORD_ORD_710;PROD_34;1;1
CORD_ORD_710;PROD_36;1;1
CORD_ORD_710;PROD_40;1;1
CORD_ORD_710;PROD_41;1;1
CORD_ORD_710;PROD_43;1;1
CORD_ORD_710;PROD_46;1;1
CORD_ORD_710;PROD_47;1;1
CORD_ORD_710;PROD_48;1;1
CORD_ORD_710;PROD_49;1;1
CORD_ORD_710;PROD_50;1;1
CORD_ORD_710;PROD_6;1;1
CORD_ORD_710;PROD_8;1;1
CORD_ORD_710;PROD_9;1;1
CORD_ORD_711;PROD_10;1;1
CORD_ORD_711;PROD_11;1;1
CORD_ORD_711;PROD_16;1;1
CORD_ORD_711;PROD_19;1;1
CORD_ORD_711;PROD_22;1;1
CORD_ORD_711;PROD_24;1;1
CORD_ORD_711;PROD_25;1;1
CORD_ORD_711;PROD_27;1;1
CORD_ORD_711;PROD_29;1;1
CORD_ORD_711;PROD_33;1;1
CORD_ORD_711;PROD_37;1;1
CORD_ORD_711;PROD_42;1;1
CORD_ORD_711;PROD_44;1;1
CORD_ORD_711;PROD_50;1;1
CORD_ORD_711;PROD_8;1;1
CORD_ORD_712;PROD_11;1;1
CORD_ORD_712;PROD_12;1;1
CORD_ORD_712;PROD_14;1;1
CORD_ORD_712;PROD_15;1;1
CORD_ORD_712;PROD_17;1;1
CORD_ORD_712;PROD_21;1;1
CORD_ORD_712;PROD_22;1;1
CORD_ORD_712;PROD_25;1;1
CORD_ORD_712;PROD_27;1;1
CORD_ORD_712;PROD_28;1;1
CORD_ORD_712;PROD_29;1;1
CORD_ORD_712;PROD_31;1;1
CORD_ORD_712;PROD_32;1;1
CORD_ORD_712;PROD_34;1;1
CORD_ORD_712;PROD_4;1;1
CORD_ORD_712;PROD_43;1;1
CORD_ORD_712;PROD_47;1;1
CORD_ORD_712;PROD_48;1;1
CORD_ORD_712;PROD_49;1;1
CORD_ORD_712;PROD_50;1;1
CORD_ORD_712;PROD_9;1;1
CORD_ORD_713;PROD_1;1;1
CORD_ORD_713;PROD_10;1;1
CORD_ORD_713;PROD_12;1;1
CORD_ORD_713;PROD_16;1;1
CORD_ORD_713;PROD_18;1;1
CORD_ORD_713;PROD_19;1;1
CORD_ORD_713;PROD_2;1;1
CORD_ORD_713;PROD_21;1;1
CORD_ORD_713;PROD_26;1;1
CORD_ORD_713;PROD_3;1;1
CORD_ORD_713;PROD_30;1;1
CORD_ORD_713;PROD_33;1;1
CORD_ORD_713;PROD_36;1;1
CORD_ORD_713;PROD_4;1;1
CORD_ORD_713;PROD_40;1;1
CORD_ORD_713;PROD_41;1;1
CORD_ORD_713;PROD_44;1;1
CORD_ORD_713;PROD_46;1;1
CORD_ORD_713;PROD_6;1;1
CORD_ORD_713;PROD_8;1;1
CORD_ORD_714;PROD_10;1;1
CORD_ORD_714;PROD_11;1;1
CORD_ORD_714;PROD_14;1;1
CORD_ORD_714;PROD_16;1;1
CORD_ORD_714;PROD_17;1;1
CORD_ORD_714;PROD_22;1;1
CORD_ORD_714;PROD_23;1;1
CORD_ORD_714;PROD_25;1;1
CORD_ORD_714;PROD_27;1;1
CORD_ORD_714;PROD_28;1;1
CORD_ORD_714;PROD_29;1;1
CORD_ORD_714;PROD_30;1;1
CORD_ORD_714;PROD_31;1;1
CORD_ORD_714;PROD_32;1;1
CORD_ORD_714;PROD_40;1;1
CORD_ORD_714;PROD_43;1;1
CORD_ORD_714;PROD_45;1;1
CORD_ORD_714;PROD_47;1;1
CORD_ORD_714;PROD_48;1;1
CORD_ORD_714;PROD_5;1;1
CORD_ORD_714;PROD_50;1;1
CORD_ORD_714;PROD_7;1;1
CORD_ORD_714;PROD_8;1;1
CORD_ORD_714;PROD_9;1;1
CORD_ORD_715;PROD_10;1;1
CORD_ORD_715;PROD_13;1;1
CORD_ORD_715;PROD_15;1;1
CORD_ORD_715;PROD_16;1;1
CORD_ORD_715;PROD_18;1;1
CORD_ORD_715;PROD_2;1;1
CORD_ORD_715;PROD_34;1;1
CORD_ORD_715;PROD_38;1;1
CORD_ORD_715;PROD_41;1;1
CORD_ORD_715;PROD_49;1;1
CORD_ORD_715;PROD_8;1;1
CORD_ORD_716;PROD_10;1;1
CORD_ORD_716;PROD_11;1;1
CORD_ORD_716;PROD_13;1;1
CORD_ORD_716;PROD_15;1;1
CORD_ORD_716;PROD_16;1;1
CORD_ORD_716;PROD_27;1;1
CORD_ORD_716;PROD_29;1;1
CORD_ORD_716;PROD_34;1;1
CORD_ORD_716;PROD_38;1;1
CORD_ORD_716;PROD_49;1;1
CORD_ORD_716;PROD_8;1;1
CORD_ORD_717;PROD_15;1;1
CORD_ORD_717;PROD_24;1;1
CORD_ORD_717;PROD_26;1;1
CORD_ORD_717;PROD_32;1;1
CORD_ORD_717;PROD_34;1;1
CORD_ORD_717;PROD_37;1;1
CORD_ORD_717;PROD_42;1;1
CORD_ORD_717;PROD_43;1;1
CORD_ORD_717;PROD_46;1;1
CORD_ORD_717;PROD_47;1;1
CORD_ORD_717;PROD_49;1;1
CORD_ORD_717;PROD_6;1;1
CORD_ORD_718;PROD_1;1;1
CORD_ORD_718;PROD_12;1;1
CORD_ORD_718;PROD_14;1;1
CORD_ORD_718;PROD_15;1;1
CORD_ORD_718;PROD_21;1;1
CORD_ORD_718;PROD_22;1;1
CORD_ORD_718;PROD_23;1;1
CORD_ORD_718;PROD_24;1;1
CORD_ORD_718;PROD_25;1;1
CORD_ORD_718;PROD_28;1;1
CORD_ORD_718;PROD_3;1;1
CORD_ORD_718;PROD_34;1;1
CORD_ORD_718;PROD_36;1;1
CORD_ORD_718;PROD_37;1;1
CORD_ORD_718;PROD_4;1;1
CORD_ORD_718;PROD_42;1;1
CORD_ORD_718;PROD_45;1;1
CORD_ORD_718;PROD_49;1;1
CORD_ORD_718;PROD_50;1;1
CORD_ORD_718;PROD_9;1;1
CORD_ORD_719;PROD_1;1;1
CORD_ORD_719;PROD_10;1;1
CORD_ORD_719;PROD_11;1;1
CORD_ORD_719;PROD_14;1;1
CORD_ORD_719;PROD_16;1;1
CORD_ORD_719;PROD_19;1;1
CORD_ORD_719;PROD_20;1;1
CORD_ORD_719;PROD_22;1;1
CORD_ORD_719;PROD_24;1;1
CORD_ORD_719;PROD_25;1;1
CORD_ORD_719;PROD_27;1;1
CORD_ORD_719;PROD_28;1;1
CORD_ORD_719;PROD_29;1;1
CORD_ORD_719;PROD_3;1;1
CORD_ORD_719;PROD_32;1;1
CORD_ORD_719;PROD_33;1;1
CORD_ORD_719;PROD_35;1;1
CORD_ORD_719;PROD_36;1;1
CORD_ORD_719;PROD_37;1;1
CORD_ORD_719;PROD_39;1;1
CORD_ORD_719;PROD_42;1;1
CORD_ORD_719;PROD_43;1;1
CORD_ORD_719;PROD_44;1;1
CORD_ORD_719;PROD_47;1;1
CORD_ORD_719;PROD_50;1;1
CORD_ORD_719;PROD_8;1;1
CORD_ORD_719;PROD_9;1;1
CORD_ORD_720;PROD_1;1;1
CORD_ORD_720;PROD_11;1;1
CORD_ORD_720;PROD_17;1;1
CORD_ORD_720;PROD_20;1;1
CORD_ORD_720;PROD_26;1;1
CORD_ORD_720;PROD_27;1;1
CORD_ORD_720;PROD_29;1;1
CORD_ORD_720;PROD_3;1;1
CORD_ORD_720;PROD_31;1;1
CORD_ORD_720;PROD_32;1;1
CORD_ORD_720;PROD_35;1;1
CORD_ORD_720;PROD_36;1;1
CORD_ORD_720;PROD_39;1;1
CORD_ORD_720;PROD_43;1;1
CORD_ORD_720;PROD_46;1;1
CORD_ORD_720;PROD_47;1;1
CORD_ORD_720;PROD_48;1;1
CORD_ORD_720;PROD_6;1;1
CORD_ORD_721;PROD_17;1;1
CORD_ORD_721;PROD_18;1;1
CORD_ORD_721;PROD_19;1;1
CORD_ORD_721;PROD_2;1;1
CORD_ORD_721;PROD_20;1;1
CORD_ORD_721;PROD_26;1;1
CORD_ORD_721;PROD_31;1;1
CORD_ORD_721;PROD_32;1;1
CORD_ORD_721;PROD_33;1;1
CORD_ORD_721;PROD_35;1;1
CORD_ORD_721;PROD_39;1;1
CORD_ORD_721;PROD_41;1;1
CORD_ORD_721;PROD_43;1;1
CORD_ORD_721;PROD_44;1;1
CORD_ORD_721;PROD_46;1;1
CORD_ORD_721;PROD_47;1;1
CORD_ORD_721;PROD_48;1;1
CORD_ORD_721;PROD_6;1;1
CORD_ORD_722;PROD_1;1;1
CORD_ORD_722;PROD_10;1;1
CORD_ORD_722;PROD_12;1;1
CORD_ORD_722;PROD_13;1;1
CORD_ORD_722;PROD_14;1;1
CORD_ORD_722;PROD_16;1;1
CORD_ORD_722;PROD_17;1;1
CORD_ORD_722;PROD_20;1;1
CORD_ORD_722;PROD_21;1;1
CORD_ORD_722;PROD_22;1;1
CORD_ORD_722;PROD_25;1;1
CORD_ORD_722;PROD_28;1;1
CORD_ORD_722;PROD_3;1;1
CORD_ORD_722;PROD_31;1;1
CORD_ORD_722;PROD_35;1;1
CORD_ORD_722;PROD_36;1;1
CORD_ORD_722;PROD_38;1;1
CORD_ORD_722;PROD_39;1;1
CORD_ORD_722;PROD_4;1;1
CORD_ORD_722;PROD_48;1;1
CORD_ORD_722;PROD_50;1;1
CORD_ORD_722;PROD_8;1;1
CORD_ORD_722;PROD_9;1;1
CORD_ORD_723;PROD_10;1;1
CORD_ORD_723;PROD_11;1;1
CORD_ORD_723;PROD_15;1;1
CORD_ORD_723;PROD_16;1;1
CORD_ORD_723;PROD_17;1;1
CORD_ORD_723;PROD_22;1;1
CORD_ORD_723;PROD_25;1;1
CORD_ORD_723;PROD_26;1;1
CORD_ORD_723;PROD_27;1;1
CORD_ORD_723;PROD_29;1;1
CORD_ORD_723;PROD_31;1;1
CORD_ORD_723;PROD_32;1;1
CORD_ORD_723;PROD_34;1;1
CORD_ORD_723;PROD_43;1;1
CORD_ORD_723;PROD_46;1;1
CORD_ORD_723;PROD_47;1;1
CORD_ORD_723;PROD_48;1;1
CORD_ORD_723;PROD_49;1;1
CORD_ORD_723;PROD_50;1;1
CORD_ORD_723;PROD_6;1;1
CORD_ORD_723;PROD_8;1;1
CORD_ORD_724;PROD_1;1;1
CORD_ORD_724;PROD_10;1;1
CORD_ORD_724;PROD_16;1;1
CORD_ORD_724;PROD_22;1;1
CORD_ORD_724;PROD_25;1;1
CORD_ORD_724;PROD_26;1;1
CORD_ORD_724;PROD_3;1;1
CORD_ORD_724;PROD_36;1;1
CORD_ORD_724;PROD_46;1;1
CORD_ORD_724;PROD_50;1;1
CORD_ORD_724;PROD_6;1;1
CORD_ORD_724;PROD_8;1;1
CORD_ORD_725;PROD_1;1;1
CORD_ORD_725;PROD_11;1;1
CORD_ORD_725;PROD_12;1;1
CORD_ORD_725;PROD_13;1;1
CORD_ORD_725;PROD_14;1;1
CORD_ORD_725;PROD_18;1;1
CORD_ORD_725;PROD_19;1;1
CORD_ORD_725;PROD_2;1;1
CORD_ORD_725;PROD_21;1;1
CORD_ORD_725;PROD_23;1;1
CORD_ORD_725;PROD_27;1;1
CORD_ORD_725;PROD_28;1;1
CORD_ORD_725;PROD_29;1;1
CORD_ORD_725;PROD_3;1;1
CORD_ORD_725;PROD_33;1;1
CORD_ORD_725;PROD_36;1;1
CORD_ORD_725;PROD_38;1;1
CORD_ORD_725;PROD_4;1;1
CORD_ORD_725;PROD_41;1;1
CORD_ORD_725;PROD_44;1;1
CORD_ORD_725;PROD_45;1;1
CORD_ORD_725;PROD_5;1;1
CORD_ORD_725;PROD_7;1;1
CORD_ORD_725;PROD_9;1;1
CORD_ORD_726;PROD_1;1;1
CORD_ORD_726;PROD_10;1;1
CORD_ORD_726;PROD_11;1;1
CORD_ORD_726;PROD_16;1;1
CORD_ORD_726;PROD_26;1;1
CORD_ORD_726;PROD_27;1;1
CORD_ORD_726;PROD_29;1;1
CORD_ORD_726;PROD_3;1;1
CORD_ORD_726;PROD_36;1;1
CORD_ORD_726;PROD_46;1;1
CORD_ORD_726;PROD_6;1;1
CORD_ORD_726;PROD_8;1;1
CORD_ORD_727;PROD_11;1;1
CORD_ORD_727;PROD_12;1;1
CORD_ORD_727;PROD_14;1;1
CORD_ORD_727;PROD_17;1;1
CORD_ORD_727;PROD_18;1;1
CORD_ORD_727;PROD_19;1;1
CORD_ORD_727;PROD_2;1;1
CORD_ORD_727;PROD_21;1;1
CORD_ORD_727;PROD_22;1;1
CORD_ORD_727;PROD_23;1;1
CORD_ORD_727;PROD_25;1;1
CORD_ORD_727;PROD_26;1;1
CORD_ORD_727;PROD_27;1;1
CORD_ORD_727;PROD_28;1;1
CORD_ORD_727;PROD_29;1;1
CORD_ORD_727;PROD_31;1;1
CORD_ORD_727;PROD_33;1;1
CORD_ORD_727;PROD_4;1;1
CORD_ORD_727;PROD_41;1;1
CORD_ORD_727;PROD_44;1;1
CORD_ORD_727;PROD_45;1;1
CORD_ORD_727;PROD_46;1;1
CORD_ORD_727;PROD_48;1;1
CORD_ORD_727;PROD_5;1;1
CORD_ORD_727;PROD_50;1;1
CORD_ORD_727;PROD_6;1;1
CORD_ORD_727;PROD_7;1;1
CORD_ORD_727;PROD_9;1;1
CORD_ORD_728;PROD_1;1;1
CORD_ORD_728;PROD_11;1;1
CORD_ORD_728;PROD_13;1;1
CORD_ORD_728;PROD_14;1;1
CORD_ORD_728;PROD_15;1;1
CORD_ORD_728;PROD_17;1;1
CORD_ORD_728;PROD_18;1;1
CORD_ORD_728;PROD_2;1;1
CORD_ORD_728;PROD_23;1;1
CORD_ORD_728;PROD_26;1;1
CORD_ORD_728;PROD_27;1;1
CORD_ORD_728;PROD_28;1;1
CORD_ORD_728;PROD_29;1;1
CORD_ORD_728;PROD_3;1;1
CORD_ORD_728;PROD_30;1;1
CORD_ORD_728;PROD_31;1;1
CORD_ORD_728;PROD_34;1;1
CORD_ORD_728;PROD_36;1;1
CORD_ORD_728;PROD_38;1;1
CORD_ORD_728;PROD_40;1;1
CORD_ORD_728;PROD_41;1;1
CORD_ORD_728;PROD_45;1;1
CORD_ORD_728;PROD_46;1;1
CORD_ORD_728;PROD_48;1;1
CORD_ORD_728;PROD_49;1;1
CORD_ORD_728;PROD_6;1;1
CORD_ORD_728;PROD_9;1;1
CORD_ORD_729;PROD_10;1;1
CORD_ORD_729;PROD_12;1;1
CORD_ORD_729;PROD_13;1;1
CORD_ORD_729;PROD_16;1;1
CORD_ORD_729;PROD_18;1;1
CORD_ORD_729;PROD_2;1;1
CORD_ORD_729;PROD_20;1;1
CORD_ORD_729;PROD_21;1;1
CORD_ORD_729;PROD_22;1;1
CORD_ORD_729;PROD_24;1;1
CORD_ORD_729;PROD_25;1;1
CORD_ORD_729;PROD_35;1;1
CORD_ORD_729;PROD_37;1;1
CORD_ORD_729;PROD_38;1;1
CORD_ORD_729;PROD_39;1;1
CORD_ORD_729;PROD_4;1;1
CORD_ORD_729;PROD_41;1;1
CORD_ORD_729;PROD_42;1;1
CORD_ORD_729;PROD_5;1;1
CORD_ORD_729;PROD_50;1;1
CORD_ORD_729;PROD_7;1;1
CORD_ORD_729;PROD_8;1;1
CORD_ORD_730;PROD_1;1;1
CORD_ORD_730;PROD_10;1;1
CORD_ORD_730;PROD_11;1;1
CORD_ORD_730;PROD_15;1;1
CORD_ORD_730;PROD_16;1;1
CORD_ORD_730;PROD_18;1;1
CORD_ORD_730;PROD_19;1;1
CORD_ORD_730;PROD_2;1;1
CORD_ORD_730;PROD_20;1;1
CORD_ORD_730;PROD_22;1;1
CORD_ORD_730;PROD_24;1;1
CORD_ORD_730;PROD_25;1;1
CORD_ORD_730;PROD_26;1;1
CORD_ORD_730;PROD_27;1;1
CORD_ORD_730;PROD_29;1;1
CORD_ORD_730;PROD_3;1;1
CORD_ORD_730;PROD_32;1;1
CORD_ORD_730;PROD_33;1;1
CORD_ORD_730;PROD_34;1;1
CORD_ORD_730;PROD_35;1;1
CORD_ORD_730;PROD_36;1;1
CORD_ORD_730;PROD_37;1;1
CORD_ORD_730;PROD_39;1;1
CORD_ORD_730;PROD_41;1;1
CORD_ORD_730;PROD_42;1;1
CORD_ORD_730;PROD_43;1;1
CORD_ORD_730;PROD_44;1;1
CORD_ORD_730;PROD_46;1;1
CORD_ORD_730;PROD_47;1;1
CORD_ORD_730;PROD_49;1;1
CORD_ORD_730;PROD_50;1;1
CORD_ORD_730;PROD_6;1;1
CORD_ORD_730;PROD_8;1;1
CORD_ORD_731;PROD_1;1;1
CORD_ORD_731;PROD_10;1;1
CORD_ORD_731;PROD_16;1;1
CORD_ORD_731;PROD_22;1;1
CORD_ORD_731;PROD_25;1;1
CORD_ORD_731;PROD_26;1;1
CORD_ORD_731;PROD_3;1;1
CORD_ORD_731;PROD_36;1;1
CORD_ORD_731;PROD_46;1;1
CORD_ORD_731;PROD_50;1;1
CORD_ORD_731;PROD_6;1;1
CORD_ORD_731;PROD_8;1;1
CORD_ORD_732;PROD_1;1;1
CORD_ORD_732;PROD_10;1;1
CORD_ORD_732;PROD_11;1;1
CORD_ORD_732;PROD_12;1;1
CORD_ORD_732;PROD_16;1;1
CORD_ORD_732;PROD_17;1;1
CORD_ORD_732;PROD_21;1;1
CORD_ORD_732;PROD_23;1;1
CORD_ORD_732;PROD_26;1;1
CORD_ORD_732;PROD_27;1;1
CORD_ORD_732;PROD_29;1;1
CORD_ORD_732;PROD_3;1;1
CORD_ORD_732;PROD_31;1;1
CORD_ORD_732;PROD_36;1;1
CORD_ORD_732;PROD_4;1;1
CORD_ORD_732;PROD_45;1;1
CORD_ORD_732;PROD_46;1;1
CORD_ORD_732;PROD_48;1;1
CORD_ORD_732;PROD_6;1;1
CORD_ORD_732;PROD_8;1;1
CORD_ORD_733;PROD_1;1;1
CORD_ORD_733;PROD_12;1;1
CORD_ORD_733;PROD_20;1;1
CORD_ORD_733;PROD_21;1;1
CORD_ORD_733;PROD_22;1;1
CORD_ORD_733;PROD_25;1;1
CORD_ORD_733;PROD_3;1;1
CORD_ORD_733;PROD_30;1;1
CORD_ORD_733;PROD_35;1;1
CORD_ORD_733;PROD_36;1;1
CORD_ORD_733;PROD_39;1;1
CORD_ORD_733;PROD_4;1;1
CORD_ORD_733;PROD_40;1;1
CORD_ORD_733;PROD_50;1;1
CORD_ORD_734;PROD_1;1;1
CORD_ORD_734;PROD_10;1;1
CORD_ORD_734;PROD_13;1;1
CORD_ORD_734;PROD_16;1;1
CORD_ORD_734;PROD_18;1;1
CORD_ORD_734;PROD_2;1;1
CORD_ORD_734;PROD_20;1;1
CORD_ORD_734;PROD_22;1;1
CORD_ORD_734;PROD_23;1;1
CORD_ORD_734;PROD_25;1;1
CORD_ORD_734;PROD_26;1;1
CORD_ORD_734;PROD_3;1;1
CORD_ORD_734;PROD_35;1;1
CORD_ORD_734;PROD_36;1;1
CORD_ORD_734;PROD_38;1;1
CORD_ORD_734;PROD_39;1;1
CORD_ORD_734;PROD_41;1;1
CORD_ORD_734;PROD_45;1;1
CORD_ORD_734;PROD_46;1;1
CORD_ORD_734;PROD_50;1;1
CORD_ORD_734;PROD_6;1;1
CORD_ORD_734;PROD_8;1;1
CORD_ORD_735;PROD_11;1;1
CORD_ORD_735;PROD_12;1;1
CORD_ORD_735;PROD_17;1;1
CORD_ORD_735;PROD_21;1;1
CORD_ORD_735;PROD_27;1;1
CORD_ORD_735;PROD_29;1;1
CORD_ORD_735;PROD_30;1;1
CORD_ORD_735;PROD_31;1;1
CORD_ORD_735;PROD_32;1;1
CORD_ORD_735;PROD_4;1;1
CORD_ORD_735;PROD_40;1;1
CORD_ORD_735;PROD_43;1;1
CORD_ORD_735;PROD_47;1;1
CORD_ORD_735;PROD_48;1;1
CORD_ORD_736;PROD_1;1;1
CORD_ORD_736;PROD_10;1;1
CORD_ORD_736;PROD_11;1;1
CORD_ORD_736;PROD_14;1;1
CORD_ORD_736;PROD_16;1;1
CORD_ORD_736;PROD_17;1;1
CORD_ORD_736;PROD_18;1;1
CORD_ORD_736;PROD_2;1;1
CORD_ORD_736;PROD_22;1;1
CORD_ORD_736;PROD_25;1;1
CORD_ORD_736;PROD_26;1;1
CORD_ORD_736;PROD_27;1;1
CORD_ORD_736;PROD_28;1;1
CORD_ORD_736;PROD_29;1;1
CORD_ORD_736;PROD_3;1;1
CORD_ORD_736;PROD_30;1;1
CORD_ORD_736;PROD_31;1;1
CORD_ORD_736;PROD_32;1;1
CORD_ORD_736;PROD_36;1;1
CORD_ORD_736;PROD_40;1;1
CORD_ORD_736;PROD_41;1;1
CORD_ORD_736;PROD_43;1;1
CORD_ORD_736;PROD_46;1;1
CORD_ORD_736;PROD_47;1;1
CORD_ORD_736;PROD_48;1;1
CORD_ORD_736;PROD_50;1;1
CORD_ORD_736;PROD_6;1;1
CORD_ORD_736;PROD_8;1;1
CORD_ORD_736;PROD_9;1;1
CORD_ORD_737;PROD_1;1;1
CORD_ORD_737;PROD_10;1;1
CORD_ORD_737;PROD_11;1;1
CORD_ORD_737;PROD_12;1;1
CORD_ORD_737;PROD_13;1;1
CORD_ORD_737;PROD_16;1;1
CORD_ORD_737;PROD_17;1;1
CORD_ORD_737;PROD_18;1;1
CORD_ORD_737;PROD_2;1;1
CORD_ORD_737;PROD_21;1;1
CORD_ORD_737;PROD_26;1;1
CORD_ORD_737;PROD_27;1;1
CORD_ORD_737;PROD_29;1;1
CORD_ORD_737;PROD_3;1;1
CORD_ORD_737;PROD_31;1;1
CORD_ORD_737;PROD_32;1;1
CORD_ORD_737;PROD_36;1;1
CORD_ORD_737;PROD_38;1;1
CORD_ORD_737;PROD_4;1;1
CORD_ORD_737;PROD_41;1;1
CORD_ORD_737;PROD_43;1;1
CORD_ORD_737;PROD_46;1;1
CORD_ORD_737;PROD_47;1;1
CORD_ORD_737;PROD_48;1;1
CORD_ORD_737;PROD_6;1;1
CORD_ORD_737;PROD_8;1;1
CORD_ORD_738;PROD_1;1;1
CORD_ORD_738;PROD_10;1;1
CORD_ORD_738;PROD_14;1;1
CORD_ORD_738;PROD_15;1;1
CORD_ORD_738;PROD_16;1;1
CORD_ORD_738;PROD_17;1;1
CORD_ORD_738;PROD_19;1;1
CORD_ORD_738;PROD_22;1;1
CORD_ORD_738;PROD_25;1;1
CORD_ORD_738;PROD_28;1;1
CORD_ORD_738;PROD_3;1;1
CORD_ORD_738;PROD_30;1;1
CORD_ORD_738;PROD_31;1;1
CORD_ORD_738;PROD_33;1;1
CORD_ORD_738;PROD_34;1;1
CORD_ORD_738;PROD_36;1;1
CORD_ORD_738;PROD_40;1;1
CORD_ORD_738;PROD_44;1;1
CORD_ORD_738;PROD_48;1;1
CORD_ORD_738;PROD_49;1;1
CORD_ORD_738;PROD_50;1;1
CORD_ORD_738;PROD_8;1;1
CORD_ORD_738;PROD_9;1;1
CORD_ORD_739;PROD_1;1;1
CORD_ORD_739;PROD_10;1;1
CORD_ORD_739;PROD_12;1;1
CORD_ORD_739;PROD_13;1;1
CORD_ORD_739;PROD_14;1;1
CORD_ORD_739;PROD_15;1;1
CORD_ORD_739;PROD_16;1;1
CORD_ORD_739;PROD_20;1;1
CORD_ORD_739;PROD_21;1;1
CORD_ORD_739;PROD_28;1;1
CORD_ORD_739;PROD_3;1;1
CORD_ORD_739;PROD_32;1;1
CORD_ORD_739;PROD_34;1;1
CORD_ORD_739;PROD_35;1;1
CORD_ORD_739;PROD_36;1;1
CORD_ORD_739;PROD_38;1;1
CORD_ORD_739;PROD_39;1;1
CORD_ORD_739;PROD_4;1;1
CORD_ORD_739;PROD_43;1;1
CORD_ORD_739;PROD_47;1;1
CORD_ORD_739;PROD_49;1;1
CORD_ORD_739;PROD_8;1;1
CORD_ORD_739;PROD_9;1;1
CORD_ORD_740;PROD_10;1;1
CORD_ORD_740;PROD_11;1;1
CORD_ORD_740;PROD_12;1;1
CORD_ORD_740;PROD_16;1;1
CORD_ORD_740;PROD_19;1;1
CORD_ORD_740;PROD_21;1;1
CORD_ORD_740;PROD_23;1;1
CORD_ORD_740;PROD_24;1;1
CORD_ORD_740;PROD_27;1;1
CORD_ORD_740;PROD_29;1;1
CORD_ORD_740;PROD_33;1;1
CORD_ORD_740;PROD_37;1;1
CORD_ORD_740;PROD_4;1;1
CORD_ORD_740;PROD_42;1;1
CORD_ORD_740;PROD_44;1;1
CORD_ORD_740;PROD_45;1;1
CORD_ORD_740;PROD_5;1;1
CORD_ORD_740;PROD_7;1;1
CORD_ORD_740;PROD_8;1;1
CORD_ORD_741;PROD_1;1;1
CORD_ORD_741;PROD_10;1;1
CORD_ORD_741;PROD_11;1;1
CORD_ORD_741;PROD_13;1;1
CORD_ORD_741;PROD_15;1;1
CORD_ORD_741;PROD_16;1;1
CORD_ORD_741;PROD_17;1;1
CORD_ORD_741;PROD_19;1;1
CORD_ORD_741;PROD_20;1;1
CORD_ORD_741;PROD_26;1;1
CORD_ORD_741;PROD_27;1;1
CORD_ORD_741;PROD_29;1;1
CORD_ORD_741;PROD_3;1;1
CORD_ORD_741;PROD_31;1;1
CORD_ORD_741;PROD_32;1;1
CORD_ORD_741;PROD_33;1;1
CORD_ORD_741;PROD_34;1;1
CORD_ORD_741;PROD_35;1;1
CORD_ORD_741;PROD_36;1;1
CORD_ORD_741;PROD_38;1;1
CORD_ORD_741;PROD_39;1;1
CORD_ORD_741;PROD_43;1;1
CORD_ORD_741;PROD_44;1;1
CORD_ORD_741;PROD_46;1;1
CORD_ORD_741;PROD_47;1;1
CORD_ORD_741;PROD_48;1;1
CORD_ORD_741;PROD_49;1;1
CORD_ORD_741;PROD_6;1;1
CORD_ORD_741;PROD_8;1;1
CORD_ORD_742;PROD_11;1;1
CORD_ORD_742;PROD_12;1;1
CORD_ORD_742;PROD_14;1;1
CORD_ORD_742;PROD_21;1;1
CORD_ORD_742;PROD_22;1;1
CORD_ORD_742;PROD_24;1;1
CORD_ORD_742;PROD_25;1;1
CORD_ORD_742;PROD_26;1;1
CORD_ORD_742;PROD_27;1;1
CORD_ORD_742;PROD_28;1;1
CORD_ORD_742;PROD_29;1;1
CORD_ORD_742;PROD_30;1;1
CORD_ORD_742;PROD_32;1;1
CORD_ORD_742;PROD_37;1;1
CORD_ORD_742;PROD_4;1;1
CORD_ORD_742;PROD_40;1;1
CORD_ORD_742;PROD_42;1;1
CORD_ORD_742;PROD_43;1;1
CORD_ORD_742;PROD_46;1;1
CORD_ORD_742;PROD_47;1;1
CORD_ORD_742;PROD_50;1;1
CORD_ORD_742;PROD_6;1;1
CORD_ORD_742;PROD_9;1;1
CORD_ORD_743;PROD_10;1;1
CORD_ORD_743;PROD_11;1;1
CORD_ORD_743;PROD_13;1;1
CORD_ORD_743;PROD_16;1;1
CORD_ORD_743;PROD_17;1;1
CORD_ORD_743;PROD_19;1;1
CORD_ORD_743;PROD_22;1;1
CORD_ORD_743;PROD_24;1;1
CORD_ORD_743;PROD_25;1;1
CORD_ORD_743;PROD_27;1;1
CORD_ORD_743;PROD_29;1;1
CORD_ORD_743;PROD_31;1;1
CORD_ORD_743;PROD_32;1;1
CORD_ORD_743;PROD_33;1;1
CORD_ORD_743;PROD_37;1;1
CORD_ORD_743;PROD_38;1;1
CORD_ORD_743;PROD_42;1;1
CORD_ORD_743;PROD_43;1;1
CORD_ORD_743;PROD_44;1;1
CORD_ORD_743;PROD_47;1;1
CORD_ORD_743;PROD_48;1;1
CORD_ORD_743;PROD_50;1;1
CORD_ORD_743;PROD_8;1;1
CORD_ORD_744;PROD_10;1;1
CORD_ORD_744;PROD_14;1;1
CORD_ORD_744;PROD_15;1;1
CORD_ORD_744;PROD_16;1;1
CORD_ORD_744;PROD_18;1;1
CORD_ORD_744;PROD_2;1;1
CORD_ORD_744;PROD_20;1;1
CORD_ORD_744;PROD_24;1;1
CORD_ORD_744;PROD_28;1;1
CORD_ORD_744;PROD_32;1;1
CORD_ORD_744;PROD_34;1;1
CORD_ORD_744;PROD_35;1;1
CORD_ORD_744;PROD_37;1;1
CORD_ORD_744;PROD_39;1;1
CORD_ORD_744;PROD_41;1;1
CORD_ORD_744;PROD_42;1;1
CORD_ORD_744;PROD_43;1;1
CORD_ORD_744;PROD_47;1;1
CORD_ORD_744;PROD_49;1;1
CORD_ORD_744;PROD_5;1;1
CORD_ORD_744;PROD_7;1;1
CORD_ORD_744;PROD_8;1;1
CORD_ORD_744;PROD_9;1;1
CORD_ORD_745;PROD_1;1;1
CORD_ORD_745;PROD_10;1;1
CORD_ORD_745;PROD_14;1;1
CORD_ORD_745;PROD_16;1;1
CORD_ORD_745;PROD_19;1;1
CORD_ORD_745;PROD_20;1;1
CORD_ORD_745;PROD_26;1;1
CORD_ORD_745;PROD_28;1;1
CORD_ORD_745;PROD_3;1;1
CORD_ORD_745;PROD_32;1;1
CORD_ORD_745;PROD_33;1;1
CORD_ORD_745;PROD_35;1;1
CORD_ORD_745;PROD_36;1;1
CORD_ORD_745;PROD_39;1;1
CORD_ORD_745;PROD_43;1;1
CORD_ORD_745;PROD_44;1;1
CORD_ORD_745;PROD_46;1;1
CORD_ORD_745;PROD_47;1;1
CORD_ORD_745;PROD_6;1;1
CORD_ORD_745;PROD_8;1;1
CORD_ORD_745;PROD_9;1;1
CORD_ORD_746;PROD_1;1;1
CORD_ORD_746;PROD_10;1;1
CORD_ORD_746;PROD_11;1;1
CORD_ORD_746;PROD_16;1;1
CORD_ORD_746;PROD_17;1;1
CORD_ORD_746;PROD_22;1;1
CORD_ORD_746;PROD_25;1;1
CORD_ORD_746;PROD_26;1;1
CORD_ORD_746;PROD_27;1;1
CORD_ORD_746;PROD_29;1;1
CORD_ORD_746;PROD_3;1;1
CORD_ORD_746;PROD_31;1;1
CORD_ORD_746;PROD_32;1;1
CORD_ORD_746;PROD_36;1;1
CORD_ORD_746;PROD_43;1;1
CORD_ORD_746;PROD_46;1;1
CORD_ORD_746;PROD_47;1;1
CORD_ORD_746;PROD_48;1;1
CORD_ORD_746;PROD_50;1;1
CORD_ORD_746;PROD_6;1;1
CORD_ORD_746;PROD_8;1;1
CORD_ORD_747;PROD_12;1;1
CORD_ORD_747;PROD_14;1;1
CORD_ORD_747;PROD_15;1;1
CORD_ORD_747;PROD_17;1;1
CORD_ORD_747;PROD_18;1;1
CORD_ORD_747;PROD_19;1;1
CORD_ORD_747;PROD_2;1;1
CORD_ORD_747;PROD_21;1;1
CORD_ORD_747;PROD_22;1;1
CORD_ORD_747;PROD_25;1;1
CORD_ORD_747;PROD_26;1;1
CORD_ORD_747;PROD_28;1;1
CORD_ORD_747;PROD_31;1;1
CORD_ORD_747;PROD_33;1;1
CORD_ORD_747;PROD_34;1;1
CORD_ORD_747;PROD_4;1;1
CORD_ORD_747;PROD_41;1;1
CORD_ORD_747;PROD_44;1;1
CORD_ORD_747;PROD_46;1;1
CORD_ORD_747;PROD_48;1;1
CORD_ORD_747;PROD_49;1;1
CORD_ORD_747;PROD_50;1;1
CORD_ORD_747;PROD_6;1;1
CORD_ORD_747;PROD_9;1;1
CORD_ORD_748;PROD_1;1;1
CORD_ORD_748;PROD_10;1;1
CORD_ORD_748;PROD_11;1;1
CORD_ORD_748;PROD_15;1;1
CORD_ORD_748;PROD_16;1;1
CORD_ORD_748;PROD_17;1;1
CORD_ORD_748;PROD_22;1;1
CORD_ORD_748;PROD_25;1;1
CORD_ORD_748;PROD_26;1;1
CORD_ORD_748;PROD_27;1;1
CORD_ORD_748;PROD_29;1;1
CORD_ORD_748;PROD_3;1;1
CORD_ORD_748;PROD_31;1;1
CORD_ORD_748;PROD_34;1;1
CORD_ORD_748;PROD_36;1;1
CORD_ORD_748;PROD_46;1;1
CORD_ORD_748;PROD_48;1;1
CORD_ORD_748;PROD_49;1;1
CORD_ORD_748;PROD_50;1;1
CORD_ORD_748;PROD_6;1;1
CORD_ORD_748;PROD_8;1;1
CORD_ORD_749;PROD_10;1;1
CORD_ORD_749;PROD_13;1;1
CORD_ORD_749;PROD_15;1;1
CORD_ORD_749;PROD_16;1;1
CORD_ORD_749;PROD_22;1;1
CORD_ORD_749;PROD_25;1;1
CORD_ORD_749;PROD_30;1;1
CORD_ORD_749;PROD_34;1;1
CORD_ORD_749;PROD_38;1;1
CORD_ORD_749;PROD_40;1;1
CORD_ORD_749;PROD_49;1;1
CORD_ORD_749;PROD_50;1;1
CORD_ORD_749;PROD_8;1;1
CORD_ORD_750;PROD_10;1;1
CORD_ORD_750;PROD_16;1;1
CORD_ORD_750;PROD_18;1;1
CORD_ORD_750;PROD_2;1;1
CORD_ORD_750;PROD_22;1;1
CORD_ORD_750;PROD_25;1;1
CORD_ORD_750;PROD_26;1;1
CORD_ORD_750;PROD_41;1;1
CORD_ORD_750;PROD_46;1;1
CORD_ORD_750;PROD_50;1;1
CORD_ORD_750;PROD_6;1;1
CORD_ORD_750;PROD_8;1;1
CORD_ORD_751;PROD_11;1;1
CORD_ORD_751;PROD_17;1;1
CORD_ORD_751;PROD_19;1;1
CORD_ORD_751;PROD_27;1;1
CORD_ORD_751;PROD_29;1;1
CORD_ORD_751;PROD_31;1;1
CORD_ORD_751;PROD_32;1;1
CORD_ORD_751;PROD_33;1;1
CORD_ORD_751;PROD_43;1;1
CORD_ORD_751;PROD_44;1;1
CORD_ORD_751;PROD_47;1;1
CORD_ORD_751;PROD_48;1;1
CORD_ORD_752;PROD_10;1;1
CORD_ORD_752;PROD_11;1;1
CORD_ORD_752;PROD_14;1;1
CORD_ORD_752;PROD_16;1;1
CORD_ORD_752;PROD_19;1;1
CORD_ORD_752;PROD_20;1;1
CORD_ORD_752;PROD_22;1;1
CORD_ORD_752;PROD_25;1;1
CORD_ORD_752;PROD_26;1;1
CORD_ORD_752;PROD_27;1;1
CORD_ORD_752;PROD_28;1;1
CORD_ORD_752;PROD_29;1;1
CORD_ORD_752;PROD_33;1;1
CORD_ORD_752;PROD_35;1;1
CORD_ORD_752;PROD_39;1;1
CORD_ORD_752;PROD_44;1;1
CORD_ORD_752;PROD_46;1;1
CORD_ORD_752;PROD_50;1;1
CORD_ORD_752;PROD_6;1;1
CORD_ORD_752;PROD_8;1;1
CORD_ORD_752;PROD_9;1;1
CORD_ORD_753;PROD_1;1;1
CORD_ORD_753;PROD_10;1;1
CORD_ORD_753;PROD_14;1;1
CORD_ORD_753;PROD_16;1;1
CORD_ORD_753;PROD_20;1;1
CORD_ORD_753;PROD_26;1;1
CORD_ORD_753;PROD_28;1;1
CORD_ORD_753;PROD_3;1;1
CORD_ORD_753;PROD_35;1;1
CORD_ORD_753;PROD_36;1;1
CORD_ORD_753;PROD_39;1;1
CORD_ORD_753;PROD_46;1;1
CORD_ORD_753;PROD_6;1;1
CORD_ORD_753;PROD_8;1;1
CORD_ORD_753;PROD_9;1;1
CORD_ORD_754;PROD_1;1;1
CORD_ORD_754;PROD_10;1;1
CORD_ORD_754;PROD_16;1;1
CORD_ORD_754;PROD_17;1;1
CORD_ORD_754;PROD_22;1;1
CORD_ORD_754;PROD_24;1;1
CORD_ORD_754;PROD_25;1;1
CORD_ORD_754;PROD_26;1;1
CORD_ORD_754;PROD_3;1;1
CORD_ORD_754;PROD_31;1;1
CORD_ORD_754;PROD_32;1;1
CORD_ORD_754;PROD_36;1;1
CORD_ORD_754;PROD_37;1;1
CORD_ORD_754;PROD_42;1;1
CORD_ORD_754;PROD_43;1;1
CORD_ORD_754;PROD_46;1;1
CORD_ORD_754;PROD_47;1;1
CORD_ORD_754;PROD_48;1;1
CORD_ORD_754;PROD_5;1;1
CORD_ORD_754;PROD_50;1;1
CORD_ORD_754;PROD_6;1;1
CORD_ORD_754;PROD_7;1;1
CORD_ORD_754;PROD_8;1;1
CORD_ORD_755;PROD_1;1;1
CORD_ORD_755;PROD_12;1;1
CORD_ORD_755;PROD_21;1;1
CORD_ORD_755;PROD_26;1;1
CORD_ORD_755;PROD_3;1;1
CORD_ORD_755;PROD_32;1;1
CORD_ORD_755;PROD_36;1;1
CORD_ORD_755;PROD_4;1;1
CORD_ORD_755;PROD_43;1;1
CORD_ORD_755;PROD_46;1;1
CORD_ORD_755;PROD_47;1;1
CORD_ORD_755;PROD_6;1;1
CORD_ORD_756;PROD_1;1;1
CORD_ORD_756;PROD_10;1;1
CORD_ORD_756;PROD_11;1;1
CORD_ORD_756;PROD_15;1;1
CORD_ORD_756;PROD_16;1;1
CORD_ORD_756;PROD_17;1;1
CORD_ORD_756;PROD_19;1;1
CORD_ORD_756;PROD_22;1;1
CORD_ORD_756;PROD_25;1;1
CORD_ORD_756;PROD_26;1;1
CORD_ORD_756;PROD_27;1;1
CORD_ORD_756;PROD_29;1;1
CORD_ORD_756;PROD_3;1;1
CORD_ORD_756;PROD_31;1;1
CORD_ORD_756;PROD_32;1;1
CORD_ORD_756;PROD_33;1;1
CORD_ORD_756;PROD_34;1;1
CORD_ORD_756;PROD_36;1;1
CORD_ORD_756;PROD_43;1;1
CORD_ORD_756;PROD_44;1;1
CORD_ORD_756;PROD_46;1;1
CORD_ORD_756;PROD_47;1;1
CORD_ORD_756;PROD_48;1;1
CORD_ORD_756;PROD_49;1;1
CORD_ORD_756;PROD_50;1;1
CORD_ORD_756;PROD_6;1;1
CORD_ORD_756;PROD_8;1;1
CORD_ORD_757;PROD_1;1;1
CORD_ORD_757;PROD_11;1;1
CORD_ORD_757;PROD_12;1;1
CORD_ORD_757;PROD_13;1;1
CORD_ORD_757;PROD_14;1;1
CORD_ORD_757;PROD_18;1;1
CORD_ORD_757;PROD_2;1;1
CORD_ORD_757;PROD_21;1;1
CORD_ORD_757;PROD_26;1;1
CORD_ORD_757;PROD_27;1;1
CORD_ORD_757;PROD_28;1;1
CORD_ORD_757;PROD_29;1;1
CORD_ORD_757;PROD_3;1;1
CORD_ORD_757;PROD_32;1;1
CORD_ORD_757;PROD_36;1;1
CORD_ORD_757;PROD_38;1;1
CORD_ORD_757;PROD_4;1;1
CORD_ORD_757;PROD_41;1;1
CORD_ORD_757;PROD_43;1;1
CORD_ORD_757;PROD_46;1;1
CORD_ORD_757;PROD_47;1;1
CORD_ORD_757;PROD_6;1;1
CORD_ORD_757;PROD_9;1;1
CORD_ORD_758;PROD_1;1;1
CORD_ORD_758;PROD_10;1;1
CORD_ORD_758;PROD_11;1;1
CORD_ORD_758;PROD_13;1;1
CORD_ORD_758;PROD_16;1;1
CORD_ORD_758;PROD_18;1;1
CORD_ORD_758;PROD_2;1;1
CORD_ORD_758;PROD_22;1;1
CORD_ORD_758;PROD_25;1;1
CORD_ORD_758;PROD_27;1;1
CORD_ORD_758;PROD_29;1;1
CORD_ORD_758;PROD_3;1;1
CORD_ORD_758;PROD_32;1;1
CORD_ORD_758;PROD_36;1;1
CORD_ORD_758;PROD_38;1;1
CORD_ORD_758;PROD_41;1;1
CORD_ORD_758;PROD_43;1;1
CORD_ORD_758;PROD_47;1;1
CORD_ORD_758;PROD_50;1;1
CORD_ORD_758;PROD_8;1;1
CORD_ORD_759;PROD_17;1;1
CORD_ORD_759;PROD_18;1;1
CORD_ORD_759;PROD_19;1;1
CORD_ORD_759;PROD_2;1;1
CORD_ORD_759;PROD_30;1;1
CORD_ORD_759;PROD_31;1;1
CORD_ORD_759;PROD_32;1;1
CORD_ORD_759;PROD_33;1;1
CORD_ORD_759;PROD_40;1;1
CORD_ORD_759;PROD_41;1;1
CORD_ORD_759;PROD_43;1;1
CORD_ORD_759;PROD_44;1;1
CORD_ORD_759;PROD_47;1;1
CORD_ORD_759;PROD_48;1;1
CORD_ORD_759;PROD_5;1;1
CORD_ORD_759;PROD_7;1;1
CORD_ORD_760;PROD_1;1;1
CORD_ORD_760;PROD_10;1;1
CORD_ORD_760;PROD_11;1;1
CORD_ORD_760;PROD_14;1;1
CORD_ORD_760;PROD_15;1;1
CORD_ORD_760;PROD_16;1;1
CORD_ORD_760;PROD_17;1;1
CORD_ORD_760;PROD_18;1;1
CORD_ORD_760;PROD_19;1;1
CORD_ORD_760;PROD_2;1;1
CORD_ORD_760;PROD_22;1;1
CORD_ORD_760;PROD_25;1;1
CORD_ORD_760;PROD_26;1;1
CORD_ORD_760;PROD_27;1;1
CORD_ORD_760;PROD_28;1;1
CORD_ORD_760;PROD_29;1;1
CORD_ORD_760;PROD_3;1;1
CORD_ORD_760;PROD_31;1;1
CORD_ORD_760;PROD_33;1;1
CORD_ORD_760;PROD_34;1;1
CORD_ORD_760;PROD_36;1;1
CORD_ORD_760;PROD_41;1;1
CORD_ORD_760;PROD_44;1;1
CORD_ORD_760;PROD_46;1;1
CORD_ORD_760;PROD_48;1;1
CORD_ORD_760;PROD_49;1;1
CORD_ORD_760;PROD_50;1;1
CORD_ORD_760;PROD_6;1;1
CORD_ORD_760;PROD_8;1;1
CORD_ORD_760;PROD_9;1;1
CORD_ORD_761;PROD_1;1;1
CORD_ORD_761;PROD_11;1;1
CORD_ORD_761;PROD_14;1;1
CORD_ORD_761;PROD_17;1;1
CORD_ORD_761;PROD_22;1;1
CORD_ORD_761;PROD_25;1;1
CORD_ORD_761;PROD_27;1;1
CORD_ORD_761;PROD_28;1;1
CORD_ORD_761;PROD_29;1;1
CORD_ORD_761;PROD_3;1;1
CORD_ORD_761;PROD_30;1;1
CORD_ORD_761;PROD_31;1;1
CORD_ORD_761;PROD_32;1;1
CORD_ORD_761;PROD_36;1;1
CORD_ORD_761;PROD_40;1;1
CORD_ORD_761;PROD_43;1;1
CORD_ORD_761;PROD_47;1;1
CORD_ORD_761;PROD_48;1;1
CORD_ORD_761;PROD_50;1;1
CORD_ORD_761;PROD_9;1;1
CORD_ORD_762;PROD_1;1;1
CORD_ORD_762;PROD_11;1;1
CORD_ORD_762;PROD_14;1;1
CORD_ORD_762;PROD_17;1;1
CORD_ORD_762;PROD_18;1;1
CORD_ORD_762;PROD_19;1;1
CORD_ORD_762;PROD_2;1;1
CORD_ORD_762;PROD_20;1;1
CORD_ORD_762;PROD_24;1;1
CORD_ORD_762;PROD_27;1;1
CORD_ORD_762;PROD_28;1;1
CORD_ORD_762;PROD_29;1;1
CORD_ORD_762;PROD_3;1;1
CORD_ORD_762;PROD_30;1;1
CORD_ORD_762;PROD_31;1;1
CORD_ORD_762;PROD_33;1;1
CORD_ORD_762;PROD_35;1;1
CORD_ORD_762;PROD_36;1;1
CORD_ORD_762;PROD_37;1;1
CORD_ORD_762;PROD_39;1;1
CORD_ORD_762;PROD_40;1;1
CORD_ORD_762;PROD_41;1;1
CORD_ORD_762;PROD_42;1;1
CORD_ORD_762;PROD_44;1;1
CORD_ORD_762;PROD_48;1;1
CORD_ORD_762;PROD_5;1;1
CORD_ORD_762;PROD_7;1;1
CORD_ORD_762;PROD_9;1;1
CORD_ORD_763;PROD_10;1;1
CORD_ORD_763;PROD_11;1;1
CORD_ORD_763;PROD_12;1;1
CORD_ORD_763;PROD_13;1;1
CORD_ORD_763;PROD_14;1;1
CORD_ORD_763;PROD_16;1;1
CORD_ORD_763;PROD_17;1;1
CORD_ORD_763;PROD_18;1;1
CORD_ORD_763;PROD_2;1;1
CORD_ORD_763;PROD_21;1;1
CORD_ORD_763;PROD_22;1;1
CORD_ORD_763;PROD_24;1;1
CORD_ORD_763;PROD_25;1;1
CORD_ORD_763;PROD_27;1;1
CORD_ORD_763;PROD_28;1;1
CORD_ORD_763;PROD_29;1;1
CORD_ORD_763;PROD_31;1;1
CORD_ORD_763;PROD_32;1;1
CORD_ORD_763;PROD_37;1;1
CORD_ORD_763;PROD_38;1;1
CORD_ORD_763;PROD_4;1;1
CORD_ORD_763;PROD_41;1;1
CORD_ORD_763;PROD_42;1;1
CORD_ORD_763;PROD_43;1;1
CORD_ORD_763;PROD_47;1;1
CORD_ORD_763;PROD_48;1;1
CORD_ORD_763;PROD_5;1;1
CORD_ORD_763;PROD_50;1;1
CORD_ORD_763;PROD_7;1;1
CORD_ORD_763;PROD_8;1;1
CORD_ORD_763;PROD_9;1;1
CORD_ORD_764;PROD_1;1;1
CORD_ORD_764;PROD_13;1;1
CORD_ORD_764;PROD_20;1;1
CORD_ORD_764;PROD_3;1;1
CORD_ORD_764;PROD_30;1;1
CORD_ORD_764;PROD_35;1;1
CORD_ORD_764;PROD_36;1;1
CORD_ORD_764;PROD_38;1;1
CORD_ORD_764;PROD_39;1;1
CORD_ORD_764;PROD_40;1;1
CORD_ORD_765;PROD_1;1;1
CORD_ORD_765;PROD_10;1;1
CORD_ORD_765;PROD_16;1;1
CORD_ORD_765;PROD_18;1;1
CORD_ORD_765;PROD_2;1;1
CORD_ORD_765;PROD_24;1;1
CORD_ORD_765;PROD_26;1;1
CORD_ORD_765;PROD_3;1;1
CORD_ORD_765;PROD_36;1;1
CORD_ORD_765;PROD_37;1;1
CORD_ORD_765;PROD_41;1;1
CORD_ORD_765;PROD_42;1;1
CORD_ORD_765;PROD_46;1;1
CORD_ORD_765;PROD_6;1;1
CORD_ORD_765;PROD_8;1;1
CORD_ORD_766;PROD_10;1;1
CORD_ORD_766;PROD_13;1;1
CORD_ORD_766;PROD_15;1;1
CORD_ORD_766;PROD_16;1;1
CORD_ORD_766;PROD_19;1;1
CORD_ORD_766;PROD_24;1;1
CORD_ORD_766;PROD_33;1;1
CORD_ORD_766;PROD_34;1;1
CORD_ORD_766;PROD_37;1;1
CORD_ORD_766;PROD_38;1;1
CORD_ORD_766;PROD_42;1;1
CORD_ORD_766;PROD_44;1;1
CORD_ORD_766;PROD_49;1;1
CORD_ORD_766;PROD_8;1;1
CORD_ORD_767;PROD_1;1;1
CORD_ORD_767;PROD_10;1;1
CORD_ORD_767;PROD_11;1;1
CORD_ORD_767;PROD_12;1;1
CORD_ORD_767;PROD_14;1;1
CORD_ORD_767;PROD_16;1;1
CORD_ORD_767;PROD_21;1;1
CORD_ORD_767;PROD_22;1;1
CORD_ORD_767;PROD_25;1;1
CORD_ORD_767;PROD_26;1;1
CORD_ORD_767;PROD_27;1;1
CORD_ORD_767;PROD_28;1;1
CORD_ORD_767;PROD_29;1;1
CORD_ORD_767;PROD_3;1;1
CORD_ORD_767;PROD_32;1;1
CORD_ORD_767;PROD_36;1;1
CORD_ORD_767;PROD_4;1;1
CORD_ORD_767;PROD_43;1;1
CORD_ORD_767;PROD_46;1;1
CORD_ORD_767;PROD_47;1;1
CORD_ORD_767;PROD_50;1;1
CORD_ORD_767;PROD_6;1;1
CORD_ORD_767;PROD_8;1;1
CORD_ORD_767;PROD_9;1;1
CORD_ORD_768;PROD_1;1;1
CORD_ORD_768;PROD_12;1;1
CORD_ORD_768;PROD_15;1;1
CORD_ORD_768;PROD_19;1;1
CORD_ORD_768;PROD_21;1;1
CORD_ORD_768;PROD_3;1;1
CORD_ORD_768;PROD_32;1;1
CORD_ORD_768;PROD_33;1;1
CORD_ORD_768;PROD_34;1;1
CORD_ORD_768;PROD_36;1;1
CORD_ORD_768;PROD_4;1;1
CORD_ORD_768;PROD_43;1;1
CORD_ORD_768;PROD_44;1;1
CORD_ORD_768;PROD_47;1;1
CORD_ORD_768;PROD_49;1;1
CORD_ORD_768;PROD_5;1;1
CORD_ORD_768;PROD_7;1;1
CORD_ORD_769;PROD_1;1;1
CORD_ORD_769;PROD_10;1;1
CORD_ORD_769;PROD_13;1;1
CORD_ORD_769;PROD_16;1;1
CORD_ORD_769;PROD_20;1;1
CORD_ORD_769;PROD_3;1;1
CORD_ORD_769;PROD_35;1;1
CORD_ORD_769;PROD_36;1;1
CORD_ORD_769;PROD_38;1;1
CORD_ORD_769;PROD_39;1;1
CORD_ORD_769;PROD_8;1;1
CORD_ORD_770;PROD_11;1;1
CORD_ORD_770;PROD_14;1;1
CORD_ORD_770;PROD_15;1;1
CORD_ORD_770;PROD_18;1;1
CORD_ORD_770;PROD_19;1;1
CORD_ORD_770;PROD_2;1;1
CORD_ORD_770;PROD_24;1;1
CORD_ORD_770;PROD_26;1;1
CORD_ORD_770;PROD_27;1;1
CORD_ORD_770;PROD_28;1;1
CORD_ORD_770;PROD_29;1;1
CORD_ORD_770;PROD_33;1;1
CORD_ORD_770;PROD_34;1;1
CORD_ORD_770;PROD_37;1;1
CORD_ORD_770;PROD_41;1;1
CORD_ORD_770;PROD_42;1;1
CORD_ORD_770;PROD_44;1;1
CORD_ORD_770;PROD_46;1;1
CORD_ORD_770;PROD_49;1;1
CORD_ORD_770;PROD_5;1;1
CORD_ORD_770;PROD_6;1;1
CORD_ORD_770;PROD_7;1;1
CORD_ORD_770;PROD_9;1;1
CORD_ORD_771;PROD_10;1;1
CORD_ORD_771;PROD_11;1;1
CORD_ORD_771;PROD_16;1;1
CORD_ORD_771;PROD_19;1;1
CORD_ORD_771;PROD_22;1;1
CORD_ORD_771;PROD_24;1;1
CORD_ORD_771;PROD_25;1;1
CORD_ORD_771;PROD_27;1;1
CORD_ORD_771;PROD_29;1;1
CORD_ORD_771;PROD_33;1;1
CORD_ORD_771;PROD_37;1;1
CORD_ORD_771;PROD_42;1;1
CORD_ORD_771;PROD_44;1;1
CORD_ORD_771;PROD_50;1;1
CORD_ORD_771;PROD_8;1;1
CORD_ORD_772;PROD_1;1;1
CORD_ORD_772;PROD_10;1;1
CORD_ORD_772;PROD_11;1;1
CORD_ORD_772;PROD_12;1;1
CORD_ORD_772;PROD_15;1;1
CORD_ORD_772;PROD_16;1;1
CORD_ORD_772;PROD_21;1;1
CORD_ORD_772;PROD_23;1;1
CORD_ORD_772;PROD_27;1;1
CORD_ORD_772;PROD_29;1;1
CORD_ORD_772;PROD_3;1;1
CORD_ORD_772;PROD_34;1;1
CORD_ORD_772;PROD_36;1;1
CORD_ORD_772;PROD_4;1;1
CORD_ORD_772;PROD_45;1;1
CORD_ORD_772;PROD_49;1;1
CORD_ORD_772;PROD_8;1;1
CORD_ORD_773;PROD_1;1;1
CORD_ORD_773;PROD_10;1;1
CORD_ORD_773;PROD_11;1;1
CORD_ORD_773;PROD_16;1;1
CORD_ORD_773;PROD_19;1;1
CORD_ORD_773;PROD_22;1;1
CORD_ORD_773;PROD_23;1;1
CORD_ORD_773;PROD_25;1;1
CORD_ORD_773;PROD_26;1;1
CORD_ORD_773;PROD_27;1;1
CORD_ORD_773;PROD_29;1;1
CORD_ORD_773;PROD_3;1;1
CORD_ORD_773;PROD_33;1;1
CORD_ORD_773;PROD_36;1;1
CORD_ORD_773;PROD_44;1;1
CORD_ORD_773;PROD_45;1;1
CORD_ORD_773;PROD_46;1;1
CORD_ORD_773;PROD_50;1;1
CORD_ORD_773;PROD_6;1;1
CORD_ORD_773;PROD_8;1;1
CORD_ORD_774;PROD_10;1;1
CORD_ORD_774;PROD_12;1;1
CORD_ORD_774;PROD_14;1;1
CORD_ORD_774;PROD_16;1;1
CORD_ORD_774;PROD_19;1;1
CORD_ORD_774;PROD_20;1;1
CORD_ORD_774;PROD_21;1;1
CORD_ORD_774;PROD_22;1;1
CORD_ORD_774;PROD_25;1;1
CORD_ORD_774;PROD_28;1;1
CORD_ORD_774;PROD_33;1;1
CORD_ORD_774;PROD_35;1;1
CORD_ORD_774;PROD_39;1;1
CORD_ORD_774;PROD_4;1;1
CORD_ORD_774;PROD_44;1;1
CORD_ORD_774;PROD_50;1;1
CORD_ORD_774;PROD_8;1;1
CORD_ORD_774;PROD_9;1;1
CORD_ORD_775;PROD_10;1;1
CORD_ORD_775;PROD_11;1;1
CORD_ORD_775;PROD_16;1;1
CORD_ORD_775;PROD_17;1;1
CORD_ORD_775;PROD_19;1;1
CORD_ORD_775;PROD_22;1;1
CORD_ORD_775;PROD_25;1;1
CORD_ORD_775;PROD_27;1;1
CORD_ORD_775;PROD_29;1;1
CORD_ORD_775;PROD_31;1;1
CORD_ORD_775;PROD_32;1;1
CORD_ORD_775;PROD_33;1;1
CORD_ORD_775;PROD_43;1;1
CORD_ORD_775;PROD_44;1;1
CORD_ORD_775;PROD_47;1;1
CORD_ORD_775;PROD_48;1;1
CORD_ORD_775;PROD_50;1;1
CORD_ORD_775;PROD_8;1;1
CORD_ORD_776;PROD_10;1;1
CORD_ORD_776;PROD_12;1;1
CORD_ORD_776;PROD_14;1;1
CORD_ORD_776;PROD_16;1;1
CORD_ORD_776;PROD_18;1;1
CORD_ORD_776;PROD_2;1;1
CORD_ORD_776;PROD_21;1;1
CORD_ORD_776;PROD_22;1;1
CORD_ORD_776;PROD_24;1;1
CORD_ORD_776;PROD_25;1;1
CORD_ORD_776;PROD_28;1;1
CORD_ORD_776;PROD_30;1;1
CORD_ORD_776;PROD_37;1;1
CORD_ORD_776;PROD_4;1;1
CORD_ORD_776;PROD_40;1;1
CORD_ORD_776;PROD_41;1;1
CORD_ORD_776;PROD_42;1;1
CORD_ORD_776;PROD_5;1;1
CORD_ORD_776;PROD_50;1;1
CORD_ORD_776;PROD_7;1;1
CORD_ORD_776;PROD_8;1;1
CORD_ORD_776;PROD_9;1;1
CORD_ORD_777;PROD_11;1;1
CORD_ORD_777;PROD_14;1;1
CORD_ORD_777;PROD_15;1;1
CORD_ORD_777;PROD_20;1;1
CORD_ORD_777;PROD_27;1;1
CORD_ORD_777;PROD_28;1;1
CORD_ORD_777;PROD_29;1;1
CORD_ORD_777;PROD_30;1;1
CORD_ORD_777;PROD_34;1;1
CORD_ORD_777;PROD_35;1;1
CORD_ORD_777;PROD_39;1;1
CORD_ORD_777;PROD_40;1;1
CORD_ORD_777;PROD_49;1;1
CORD_ORD_777;PROD_9;1;1
CORD_ORD_778;PROD_10;1;1
CORD_ORD_778;PROD_11;1;1
CORD_ORD_778;PROD_12;1;1
CORD_ORD_778;PROD_13;1;1
CORD_ORD_778;PROD_16;1;1
CORD_ORD_778;PROD_21;1;1
CORD_ORD_778;PROD_22;1;1
CORD_ORD_778;PROD_25;1;1
CORD_ORD_778;PROD_27;1;1
CORD_ORD_778;PROD_29;1;1
CORD_ORD_778;PROD_38;1;1
CORD_ORD_778;PROD_4;1;1
CORD_ORD_778;PROD_50;1;1
CORD_ORD_778;PROD_8;1;1
CORD_ORD_779;PROD_10;1;1
CORD_ORD_779;PROD_13;1;1
CORD_ORD_779;PROD_15;1;1
CORD_ORD_779;PROD_16;1;1
CORD_ORD_779;PROD_19;1;1
CORD_ORD_779;PROD_33;1;1
CORD_ORD_779;PROD_34;1;1
CORD_ORD_779;PROD_38;1;1
CORD_ORD_779;PROD_44;1;1
CORD_ORD_779;PROD_49;1;1
CORD_ORD_779;PROD_8;1;1
CORD_ORD_780;PROD_1;1;1
CORD_ORD_780;PROD_10;1;1
CORD_ORD_780;PROD_11;1;1
CORD_ORD_780;PROD_12;1;1
CORD_ORD_780;PROD_14;1;1
CORD_ORD_780;PROD_16;1;1
CORD_ORD_780;PROD_21;1;1
CORD_ORD_780;PROD_23;1;1
CORD_ORD_780;PROD_24;1;1
CORD_ORD_780;PROD_26;1;1
CORD_ORD_780;PROD_27;1;1
CORD_ORD_780;PROD_28;1;1
CORD_ORD_780;PROD_29;1;1
CORD_ORD_780;PROD_3;1;1
CORD_ORD_780;PROD_30;1;1
CORD_ORD_780;PROD_36;1;1
CORD_ORD_780;PROD_37;1;1
CORD_ORD_780;PROD_4;1;1
CORD_ORD_780;PROD_40;1;1
CORD_ORD_780;PROD_42;1;1
CORD_ORD_780;PROD_45;1;1
CORD_ORD_780;PROD_46;1;1
CORD_ORD_780;PROD_6;1;1
CORD_ORD_780;PROD_8;1;1
CORD_ORD_780;PROD_9;1;1
CORD_ORD_781;PROD_10;1;1
CORD_ORD_781;PROD_11;1;1
CORD_ORD_781;PROD_12;1;1
CORD_ORD_781;PROD_13;1;1
CORD_ORD_781;PROD_15;1;1
CORD_ORD_781;PROD_16;1;1
CORD_ORD_781;PROD_18;1;1
CORD_ORD_781;PROD_19;1;1
CORD_ORD_781;PROD_2;1;1
CORD_ORD_781;PROD_21;1;1
CORD_ORD_781;PROD_24;1;1
CORD_ORD_781;PROD_26;1;1
CORD_ORD_781;PROD_27;1;1
CORD_ORD_781;PROD_29;1;1
CORD_ORD_781;PROD_32;1;1
CORD_ORD_781;PROD_33;1;1
CORD_ORD_781;PROD_34;1;1
CORD_ORD_781;PROD_37;1;1
CORD_ORD_781;PROD_38;1;1
CORD_ORD_781;PROD_4;1;1
CORD_ORD_781;PROD_41;1;1
CORD_ORD_781;PROD_42;1;1
CORD_ORD_781;PROD_43;1;1
CORD_ORD_781;PROD_44;1;1
CORD_ORD_781;PROD_46;1;1
CORD_ORD_781;PROD_47;1;1
CORD_ORD_781;PROD_49;1;1
CORD_ORD_781;PROD_6;1;1
CORD_ORD_781;PROD_8;1;1
CORD_ORD_782;PROD_11;1;1
CORD_ORD_782;PROD_13;1;1
CORD_ORD_782;PROD_15;1;1
CORD_ORD_782;PROD_19;1;1
CORD_ORD_782;PROD_23;1;1
CORD_ORD_782;PROD_27;1;1
CORD_ORD_782;PROD_29;1;1
CORD_ORD_782;PROD_33;1;1
CORD_ORD_782;PROD_34;1;1
CORD_ORD_782;PROD_38;1;1
CORD_ORD_782;PROD_44;1;1
CORD_ORD_782;PROD_45;1;1
CORD_ORD_782;PROD_49;1;1
CORD_ORD_783;PROD_10;1;1
CORD_ORD_783;PROD_14;1;1
CORD_ORD_783;PROD_15;1;1
CORD_ORD_783;PROD_16;1;1
CORD_ORD_783;PROD_17;1;1
CORD_ORD_783;PROD_18;1;1
CORD_ORD_783;PROD_19;1;1
CORD_ORD_783;PROD_2;1;1
CORD_ORD_783;PROD_20;1;1
CORD_ORD_783;PROD_26;1;1
CORD_ORD_783;PROD_28;1;1
CORD_ORD_783;PROD_31;1;1
CORD_ORD_783;PROD_33;1;1
CORD_ORD_783;PROD_34;1;1
CORD_ORD_783;PROD_35;1;1
CORD_ORD_783;PROD_39;1;1
CORD_ORD_783;PROD_41;1;1
CORD_ORD_783;PROD_44;1;1
CORD_ORD_783;PROD_46;1;1
CORD_ORD_783;PROD_48;1;1
CORD_ORD_783;PROD_49;1;1
CORD_ORD_783;PROD_6;1;1
CORD_ORD_783;PROD_8;1;1
CORD_ORD_783;PROD_9;1;1
CORD_ORD_784;PROD_1;1;1
CORD_ORD_784;PROD_10;1;1
CORD_ORD_784;PROD_16;1;1
CORD_ORD_784;PROD_17;1;1
CORD_ORD_784;PROD_22;1;1
CORD_ORD_784;PROD_25;1;1
CORD_ORD_784;PROD_26;1;1
CORD_ORD_784;PROD_3;1;1
CORD_ORD_784;PROD_31;1;1
CORD_ORD_784;PROD_36;1;1
CORD_ORD_784;PROD_46;1;1
CORD_ORD_784;PROD_48;1;1
CORD_ORD_784;PROD_50;1;1
CORD_ORD_784;PROD_6;1;1
CORD_ORD_784;PROD_8;1;1
CORD_ORD_785;PROD_11;1;1
CORD_ORD_785;PROD_12;1;1
CORD_ORD_785;PROD_13;1;1
CORD_ORD_785;PROD_14;1;1
CORD_ORD_785;PROD_15;1;1
CORD_ORD_785;PROD_19;1;1
CORD_ORD_785;PROD_21;1;1
CORD_ORD_785;PROD_22;1;1
CORD_ORD_785;PROD_23;1;1
CORD_ORD_785;PROD_25;1;1
CORD_ORD_785;PROD_26;1;1
CORD_ORD_785;PROD_27;1;1
CORD_ORD_785;PROD_28;1;1
CORD_ORD_785;PROD_29;1;1
CORD_ORD_785;PROD_32;1;1
CORD_ORD_785;PROD_33;1;1
CORD_ORD_785;PROD_34;1;1
CORD_ORD_785;PROD_38;1;1
CORD_ORD_785;PROD_4;1;1
CORD_ORD_785;PROD_43;1;1
CORD_ORD_785;PROD_44;1;1
CORD_ORD_785;PROD_45;1;1
CORD_ORD_785;PROD_46;1;1
CORD_ORD_785;PROD_47;1;1
CORD_ORD_785;PROD_49;1;1
CORD_ORD_785;PROD_50;1;1
CORD_ORD_785;PROD_6;1;1
CORD_ORD_785;PROD_9;1;1
CORD_ORD_786;PROD_1;1;1
CORD_ORD_786;PROD_10;1;1
CORD_ORD_786;PROD_11;1;1
CORD_ORD_786;PROD_13;1;1
CORD_ORD_786;PROD_16;1;1
CORD_ORD_786;PROD_26;1;1
CORD_ORD_786;PROD_27;1;1
CORD_ORD_786;PROD_29;1;1
CORD_ORD_786;PROD_3;1;1
CORD_ORD_786;PROD_32;1;1
CORD_ORD_786;PROD_36;1;1
CORD_ORD_786;PROD_38;1;1
CORD_ORD_786;PROD_43;1;1
CORD_ORD_786;PROD_46;1;1
CORD_ORD_786;PROD_47;1;1
CORD_ORD_786;PROD_5;1;1
CORD_ORD_786;PROD_6;1;1
CORD_ORD_786;PROD_7;1;1
CORD_ORD_786;PROD_8;1;1
CORD_ORD_787;PROD_12;1;1
CORD_ORD_787;PROD_13;1;1
CORD_ORD_787;PROD_17;1;1
CORD_ORD_787;PROD_21;1;1
CORD_ORD_787;PROD_22;1;1
CORD_ORD_787;PROD_25;1;1
CORD_ORD_787;PROD_26;1;1
CORD_ORD_787;PROD_31;1;1
CORD_ORD_787;PROD_38;1;1
CORD_ORD_787;PROD_4;1;1
CORD_ORD_787;PROD_46;1;1
CORD_ORD_787;PROD_48;1;1
CORD_ORD_787;PROD_50;1;1
CORD_ORD_787;PROD_6;1;1
CORD_ORD_788;PROD_10;1;1
CORD_ORD_788;PROD_13;1;1
CORD_ORD_788;PROD_15;1;1
CORD_ORD_788;PROD_16;1;1
CORD_ORD_788;PROD_34;1;1
CORD_ORD_788;PROD_38;1;1
CORD_ORD_788;PROD_49;1;1
CORD_ORD_788;PROD_8;1;1
CORD_ORD_789;PROD_10;1;1
CORD_ORD_789;PROD_11;1;1
CORD_ORD_789;PROD_12;1;1
CORD_ORD_789;PROD_16;1;1
CORD_ORD_789;PROD_17;1;1
CORD_ORD_789;PROD_21;1;1
CORD_ORD_789;PROD_27;1;1
CORD_ORD_789;PROD_29;1;1
CORD_ORD_789;PROD_30;1;1
CORD_ORD_789;PROD_31;1;1
CORD_ORD_789;PROD_4;1;1
CORD_ORD_789;PROD_40;1;1
CORD_ORD_789;PROD_48;1;1
CORD_ORD_789;PROD_8;1;1
CORD_ORD_790;PROD_17;1;1
CORD_ORD_790;PROD_20;1;1
CORD_ORD_790;PROD_24;1;1
CORD_ORD_790;PROD_26;1;1
CORD_ORD_790;PROD_30;1;1
CORD_ORD_790;PROD_31;1;1
CORD_ORD_790;PROD_35;1;1
CORD_ORD_790;PROD_37;1;1
CORD_ORD_790;PROD_39;1;1
CORD_ORD_790;PROD_40;1;1
CORD_ORD_790;PROD_42;1;1
CORD_ORD_790;PROD_46;1;1
CORD_ORD_790;PROD_48;1;1
CORD_ORD_790;PROD_6;1;1
CORD_ORD_791;PROD_10;1;1
CORD_ORD_791;PROD_11;1;1
CORD_ORD_791;PROD_12;1;1
CORD_ORD_791;PROD_15;1;1
CORD_ORD_791;PROD_16;1;1
CORD_ORD_791;PROD_17;1;1
CORD_ORD_791;PROD_20;1;1
CORD_ORD_791;PROD_21;1;1
CORD_ORD_791;PROD_22;1;1
CORD_ORD_791;PROD_23;1;1
CORD_ORD_791;PROD_24;1;1
CORD_ORD_791;PROD_25;1;1
CORD_ORD_791;PROD_27;1;1
CORD_ORD_791;PROD_29;1;1
CORD_ORD_791;PROD_30;1;1
CORD_ORD_791;PROD_31;1;1
CORD_ORD_791;PROD_34;1;1
CORD_ORD_791;PROD_35;1;1
CORD_ORD_791;PROD_37;1;1
CORD_ORD_791;PROD_39;1;1
CORD_ORD_791;PROD_4;1;1
CORD_ORD_791;PROD_40;1;1
CORD_ORD_791;PROD_42;1;1
CORD_ORD_791;PROD_45;1;1
CORD_ORD_791;PROD_48;1;1
CORD_ORD_791;PROD_49;1;1
CORD_ORD_791;PROD_50;1;1
CORD_ORD_791;PROD_8;1;1
CORD_ORD_792;PROD_11;1;1
CORD_ORD_792;PROD_12;1;1
CORD_ORD_792;PROD_13;1;1
CORD_ORD_792;PROD_15;1;1
CORD_ORD_792;PROD_17;1;1
CORD_ORD_792;PROD_18;1;1
CORD_ORD_792;PROD_2;1;1
CORD_ORD_792;PROD_21;1;1
CORD_ORD_792;PROD_22;1;1
CORD_ORD_792;PROD_24;1;1
CORD_ORD_792;PROD_25;1;1
CORD_ORD_792;PROD_27;1;1
CORD_ORD_792;PROD_29;1;1
CORD_ORD_792;PROD_31;1;1
CORD_ORD_792;PROD_34;1;1
CORD_ORD_792;PROD_37;1;1
CORD_ORD_792;PROD_38;1;1
CORD_ORD_792;PROD_4;1;1
CORD_ORD_792;PROD_41;1;1
CORD_ORD_792;PROD_42;1;1
CORD_ORD_792;PROD_48;1;1
CORD_ORD_792;PROD_49;1;1
CORD_ORD_792;PROD_5;1;1
CORD_ORD_792;PROD_50;1;1
CORD_ORD_792;PROD_7;1;1
CORD_ORD_793;PROD_1;1;1
CORD_ORD_793;PROD_18;1;1
CORD_ORD_793;PROD_2;1;1
CORD_ORD_793;PROD_20;1;1
CORD_ORD_793;PROD_24;1;1
CORD_ORD_793;PROD_26;1;1
CORD_ORD_793;PROD_3;1;1
CORD_ORD_793;PROD_35;1;1
CORD_ORD_793;PROD_36;1;1
CORD_ORD_793;PROD_37;1;1
CORD_ORD_793;PROD_39;1;1
CORD_ORD_793;PROD_41;1;1
CORD_ORD_793;PROD_42;1;1
CORD_ORD_793;PROD_46;1;1
CORD_ORD_793;PROD_6;1;1
CORD_ORD_794;PROD_1;1;1
CORD_ORD_794;PROD_10;1;1
CORD_ORD_794;PROD_11;1;1
CORD_ORD_794;PROD_12;1;1
CORD_ORD_794;PROD_14;1;1
CORD_ORD_794;PROD_16;1;1
CORD_ORD_794;PROD_21;1;1
CORD_ORD_794;PROD_27;1;1
CORD_ORD_794;PROD_28;1;1
CORD_ORD_794;PROD_29;1;1
CORD_ORD_794;PROD_3;1;1
CORD_ORD_794;PROD_36;1;1
CORD_ORD_794;PROD_4;1;1
CORD_ORD_794;PROD_8;1;1
CORD_ORD_794;PROD_9;1;1
CORD_ORD_795;PROD_1;1;1
CORD_ORD_795;PROD_10;1;1
CORD_ORD_795;PROD_12;1;1
CORD_ORD_795;PROD_13;1;1
CORD_ORD_795;PROD_15;1;1
CORD_ORD_795;PROD_16;1;1
CORD_ORD_795;PROD_21;1;1
CORD_ORD_795;PROD_3;1;1
CORD_ORD_795;PROD_34;1;1
CORD_ORD_795;PROD_36;1;1
CORD_ORD_795;PROD_38;1;1
CORD_ORD_795;PROD_4;1;1
CORD_ORD_795;PROD_49;1;1
CORD_ORD_795;PROD_8;1;1
CORD_ORD_796;PROD_1;1;1
CORD_ORD_796;PROD_10;1;1
CORD_ORD_796;PROD_11;1;1
CORD_ORD_796;PROD_16;1;1
CORD_ORD_796;PROD_17;1;1
CORD_ORD_796;PROD_19;1;1
CORD_ORD_796;PROD_27;1;1
CORD_ORD_796;PROD_29;1;1
CORD_ORD_796;PROD_3;1;1
CORD_ORD_796;PROD_30;1;1
CORD_ORD_796;PROD_31;1;1
CORD_ORD_796;PROD_32;1;1
CORD_ORD_796;PROD_33;1;1
CORD_ORD_796;PROD_36;1;1
CORD_ORD_796;PROD_40;1;1
CORD_ORD_796;PROD_43;1;1
CORD_ORD_796;PROD_44;1;1
CORD_ORD_796;PROD_47;1;1
CORD_ORD_796;PROD_48;1;1
CORD_ORD_796;PROD_8;1;1
CORD_ORD_797;PROD_10;1;1
CORD_ORD_797;PROD_11;1;1
CORD_ORD_797;PROD_15;1;1
CORD_ORD_797;PROD_16;1;1
CORD_ORD_797;PROD_17;1;1
CORD_ORD_797;PROD_18;1;1
CORD_ORD_797;PROD_2;1;1
CORD_ORD_797;PROD_22;1;1
CORD_ORD_797;PROD_25;1;1
CORD_ORD_797;PROD_27;1;1
CORD_ORD_797;PROD_29;1;1
CORD_ORD_797;PROD_31;1;1
CORD_ORD_797;PROD_32;1;1
CORD_ORD_797;PROD_34;1;1
CORD_ORD_797;PROD_41;1;1
CORD_ORD_797;PROD_43;1;1
CORD_ORD_797;PROD_47;1;1
CORD_ORD_797;PROD_48;1;1
CORD_ORD_797;PROD_49;1;1
CORD_ORD_797;PROD_50;1;1
CORD_ORD_797;PROD_8;1;1
CORD_ORD_798;PROD_1;1;1
CORD_ORD_798;PROD_10;1;1
CORD_ORD_798;PROD_11;1;1
CORD_ORD_798;PROD_12;1;1
CORD_ORD_798;PROD_13;1;1
CORD_ORD_798;PROD_16;1;1
CORD_ORD_798;PROD_17;1;1
CORD_ORD_798;PROD_20;1;1
CORD_ORD_798;PROD_21;1;1
CORD_ORD_798;PROD_27;1;1
CORD_ORD_798;PROD_29;1;1
CORD_ORD_798;PROD_3;1;1
CORD_ORD_798;PROD_31;1;1
CORD_ORD_798;PROD_32;1;1
CORD_ORD_798;PROD_35;1;1
CORD_ORD_798;PROD_36;1;1
CORD_ORD_798;PROD_38;1;1
CORD_ORD_798;PROD_39;1;1
CORD_ORD_798;PROD_4;1;1
CORD_ORD_798;PROD_43;1;1
CORD_ORD_798;PROD_47;1;1
CORD_ORD_798;PROD_48;1;1
CORD_ORD_798;PROD_8;1;1
CORD_ORD_799;PROD_1;1;1
CORD_ORD_799;PROD_10;1;1
CORD_ORD_799;PROD_14;1;1
CORD_ORD_799;PROD_16;1;1
CORD_ORD_799;PROD_20;1;1
CORD_ORD_799;PROD_26;1;1
CORD_ORD_799;PROD_28;1;1
CORD_ORD_799;PROD_3;1;1
CORD_ORD_799;PROD_35;1;1
CORD_ORD_799;PROD_36;1;1
CORD_ORD_799;PROD_39;1;1
CORD_ORD_799;PROD_46;1;1
CORD_ORD_799;PROD_6;1;1
CORD_ORD_799;PROD_8;1;1
CORD_ORD_799;PROD_9;1;1
CORD_ORD_800;PROD_14;1;1
CORD_ORD_800;PROD_15;1;1
CORD_ORD_800;PROD_17;1;1
CORD_ORD_800;PROD_18;1;1
CORD_ORD_800;PROD_2;1;1
CORD_ORD_800;PROD_22;1;1
CORD_ORD_800;PROD_23;1;1
CORD_ORD_800;PROD_24;1;1
CORD_ORD_800;PROD_25;1;1
CORD_ORD_800;PROD_28;1;1
CORD_ORD_800;PROD_30;1;1
CORD_ORD_800;PROD_31;1;1
CORD_ORD_800;PROD_34;1;1
CORD_ORD_800;PROD_37;1;1
CORD_ORD_800;PROD_40;1;1
CORD_ORD_800;PROD_41;1;1
CORD_ORD_800;PROD_42;1;1
CORD_ORD_800;PROD_45;1;1
CORD_ORD_800;PROD_48;1;1
CORD_ORD_800;PROD_49;1;1
CORD_ORD_800;PROD_50;1;1
CORD_ORD_800;PROD_9;1;1
CORD_ORD_801;PROD_1;1;1
CORD_ORD_801;PROD_11;1;1
CORD_ORD_801;PROD_14;1;1
CORD_ORD_801;PROD_20;1;1
CORD_ORD_801;PROD_27;1;1
CORD_ORD_801;PROD_28;1;1
CORD_ORD_801;PROD_29;1;1
CORD_ORD_801;PROD_3;1;1
CORD_ORD_801;PROD_32;1;1
CORD_ORD_801;PROD_35;1;1
CORD_ORD_801;PROD_36;1;1
CORD_ORD_801;PROD_39;1;1
CORD_ORD_801;PROD_43;1;1
CORD_ORD_801;PROD_47;1;1
CORD_ORD_801;PROD_9;1;1
CORD_ORD_802;PROD_10;1;1
CORD_ORD_802;PROD_11;1;1
CORD_ORD_802;PROD_14;1;1
CORD_ORD_802;PROD_16;1;1
CORD_ORD_802;PROD_17;1;1
CORD_ORD_802;PROD_19;1;1
CORD_ORD_802;PROD_26;1;1
CORD_ORD_802;PROD_27;1;1
CORD_ORD_802;PROD_28;1;1
CORD_ORD_802;PROD_29;1;1
CORD_ORD_802;PROD_31;1;1
CORD_ORD_802;PROD_32;1;1
CORD_ORD_802;PROD_33;1;1
CORD_ORD_802;PROD_43;1;1
CORD_ORD_802;PROD_44;1;1
CORD_ORD_802;PROD_46;1;1
CORD_ORD_802;PROD_47;1;1
CORD_ORD_802;PROD_48;1;1
CORD_ORD_802;PROD_5;1;1
CORD_ORD_802;PROD_6;1;1
CORD_ORD_802;PROD_7;1;1
CORD_ORD_802;PROD_8;1;1
CORD_ORD_802;PROD_9;1;1
CORD_ORD_803;PROD_1;1;1
CORD_ORD_803;PROD_10;1;1
CORD_ORD_803;PROD_12;1;1
CORD_ORD_803;PROD_15;1;1
CORD_ORD_803;PROD_16;1;1
CORD_ORD_803;PROD_17;1;1
CORD_ORD_803;PROD_18;1;1
CORD_ORD_803;PROD_2;1;1
CORD_ORD_803;PROD_21;1;1
CORD_ORD_803;PROD_22;1;1
CORD_ORD_803;PROD_23;1;1
CORD_ORD_803;PROD_24;1;1
CORD_ORD_803;PROD_25;1;1
CORD_ORD_803;PROD_26;1;1
CORD_ORD_803;PROD_3;1;1
CORD_ORD_803;PROD_31;1;1
CORD_ORD_803;PROD_34;1;1
CORD_ORD_803;PROD_36;1;1
CORD_ORD_803;PROD_37;1;1
CORD_ORD_803;PROD_4;1;1
CORD_ORD_803;PROD_41;1;1
CORD_ORD_803;PROD_42;1;1
CORD_ORD_803;PROD_45;1;1
CORD_ORD_803;PROD_46;1;1
CORD_ORD_803;PROD_48;1;1
CORD_ORD_803;PROD_49;1;1
CORD_ORD_803;PROD_5;1;1
CORD_ORD_803;PROD_50;1;1
CORD_ORD_803;PROD_6;1;1
CORD_ORD_803;PROD_7;1;1
CORD_ORD_803;PROD_8;1;1
CORD_ORD_804;PROD_14;1;1
CORD_ORD_804;PROD_22;1;1
CORD_ORD_804;PROD_23;1;1
CORD_ORD_804;PROD_25;1;1
CORD_ORD_804;PROD_28;1;1
CORD_ORD_804;PROD_32;1;1
CORD_ORD_804;PROD_43;1;1
CORD_ORD_804;PROD_45;1;1
CORD_ORD_804;PROD_47;1;1
CORD_ORD_804;PROD_50;1;1
CORD_ORD_804;PROD_9;1;1
CORD_ORD_805;PROD_1;1;1
CORD_ORD_805;PROD_11;1;1
CORD_ORD_805;PROD_18;1;1
CORD_ORD_805;PROD_19;1;1
CORD_ORD_805;PROD_2;1;1
CORD_ORD_805;PROD_23;1;1
CORD_ORD_805;PROD_27;1;1
CORD_ORD_805;PROD_29;1;1
CORD_ORD_805;PROD_3;1;1
CORD_ORD_805;PROD_32;1;1
CORD_ORD_805;PROD_33;1;1
CORD_ORD_805;PROD_36;1;1
CORD_ORD_805;PROD_41;1;1
CORD_ORD_805;PROD_43;1;1
CORD_ORD_805;PROD_44;1;1
CORD_ORD_805;PROD_45;1;1
CORD_ORD_805;PROD_47;1;1
CORD_ORD_806;PROD_10;1;1
CORD_ORD_806;PROD_11;1;1
CORD_ORD_806;PROD_16;1;1
CORD_ORD_806;PROD_17;1;1
CORD_ORD_806;PROD_27;1;1
CORD_ORD_806;PROD_29;1;1
CORD_ORD_806;PROD_31;1;1
CORD_ORD_806;PROD_48;1;1
CORD_ORD_806;PROD_8;1;1
CORD_ORD_807;PROD_1;1;1
CORD_ORD_807;PROD_11;1;1
CORD_ORD_807;PROD_12;1;1
CORD_ORD_807;PROD_13;1;1
CORD_ORD_807;PROD_19;1;1
CORD_ORD_807;PROD_20;1;1
CORD_ORD_807;PROD_21;1;1
CORD_ORD_807;PROD_22;1;1
CORD_ORD_807;PROD_25;1;1
CORD_ORD_807;PROD_27;1;1
CORD_ORD_807;PROD_29;1;1
CORD_ORD_807;PROD_3;1;1
CORD_ORD_807;PROD_30;1;1
CORD_ORD_807;PROD_32;1;1
CORD_ORD_807;PROD_33;1;1
CORD_ORD_807;PROD_35;1;1
CORD_ORD_807;PROD_36;1;1
CORD_ORD_807;PROD_38;1;1
CORD_ORD_807;PROD_39;1;1
CORD_ORD_807;PROD_4;1;1
CORD_ORD_807;PROD_40;1;1
CORD_ORD_807;PROD_43;1;1
CORD_ORD_807;PROD_44;1;1
CORD_ORD_807;PROD_47;1;1
CORD_ORD_807;PROD_5;1;1
CORD_ORD_807;PROD_50;1;1
CORD_ORD_807;PROD_7;1;1
CORD_ORD_808;PROD_12;1;1
CORD_ORD_808;PROD_21;1;1
CORD_ORD_808;PROD_24;1;1
CORD_ORD_808;PROD_30;1;1
CORD_ORD_808;PROD_32;1;1
CORD_ORD_808;PROD_37;1;1
CORD_ORD_808;PROD_4;1;1
CORD_ORD_808;PROD_40;1;1
CORD_ORD_808;PROD_42;1;1
CORD_ORD_808;PROD_43;1;1
CORD_ORD_808;PROD_47;1;1
CORD_ORD_809;PROD_1;1;1
CORD_ORD_809;PROD_10;1;1
CORD_ORD_809;PROD_12;1;1
CORD_ORD_809;PROD_16;1;1
CORD_ORD_809;PROD_19;1;1
CORD_ORD_809;PROD_21;1;1
CORD_ORD_809;PROD_22;1;1
CORD_ORD_809;PROD_23;1;1
CORD_ORD_809;PROD_25;1;1
CORD_ORD_809;PROD_26;1;1
CORD_ORD_809;PROD_3;1;1
CORD_ORD_809;PROD_32;1;1
CORD_ORD_809;PROD_33;1;1
CORD_ORD_809;PROD_36;1;1
CORD_ORD_809;PROD_4;1;1
CORD_ORD_809;PROD_43;1;1
CORD_ORD_809;PROD_44;1;1
CORD_ORD_809;PROD_45;1;1
CORD_ORD_809;PROD_46;1;1
CORD_ORD_809;PROD_47;1;1
CORD_ORD_809;PROD_50;1;1
CORD_ORD_809;PROD_6;1;1
CORD_ORD_809;PROD_8;1;1
CORD_ORD_810;PROD_1;1;1
CORD_ORD_810;PROD_10;1;1
CORD_ORD_810;PROD_11;1;1
CORD_ORD_810;PROD_16;1;1
CORD_ORD_810;PROD_26;1;1
CORD_ORD_810;PROD_27;1;1
CORD_ORD_810;PROD_29;1;1
CORD_ORD_810;PROD_3;1;1
CORD_ORD_810;PROD_32;1;1
CORD_ORD_810;PROD_36;1;1
CORD_ORD_810;PROD_43;1;1
CORD_ORD_810;PROD_46;1;1
CORD_ORD_810;PROD_47;1;1
CORD_ORD_810;PROD_6;1;1
CORD_ORD_810;PROD_8;1;1
CORD_ORD_811;PROD_1;1;1
CORD_ORD_811;PROD_10;1;1
CORD_ORD_811;PROD_16;1;1
CORD_ORD_811;PROD_19;1;1
CORD_ORD_811;PROD_20;1;1
CORD_ORD_811;PROD_26;1;1
CORD_ORD_811;PROD_3;1;1
CORD_ORD_811;PROD_33;1;1
CORD_ORD_811;PROD_35;1;1
CORD_ORD_811;PROD_36;1;1
CORD_ORD_811;PROD_39;1;1
CORD_ORD_811;PROD_44;1;1
CORD_ORD_811;PROD_46;1;1
CORD_ORD_811;PROD_6;1;1
CORD_ORD_811;PROD_8;1;1
CORD_ORD_812;PROD_10;1;1
CORD_ORD_812;PROD_12;1;1
CORD_ORD_812;PROD_13;1;1
CORD_ORD_812;PROD_15;1;1
CORD_ORD_812;PROD_16;1;1
CORD_ORD_812;PROD_18;1;1
CORD_ORD_812;PROD_19;1;1
CORD_ORD_812;PROD_2;1;1
CORD_ORD_812;PROD_21;1;1
CORD_ORD_812;PROD_22;1;1
CORD_ORD_812;PROD_24;1;1
CORD_ORD_812;PROD_25;1;1
CORD_ORD_812;PROD_33;1;1
CORD_ORD_812;PROD_34;1;1
CORD_ORD_812;PROD_37;1;1
CORD_ORD_812;PROD_38;1;1
CORD_ORD_812;PROD_4;1;1
CORD_ORD_812;PROD_41;1;1
CORD_ORD_812;PROD_42;1;1
CORD_ORD_812;PROD_44;1;1
CORD_ORD_812;PROD_49;1;1
CORD_ORD_812;PROD_50;1;1
CORD_ORD_812;PROD_8;1;1
CORD_ORD_813;PROD_12;1;1
CORD_ORD_813;PROD_13;1;1
CORD_ORD_813;PROD_15;1;1
CORD_ORD_813;PROD_19;1;1
CORD_ORD_813;PROD_20;1;1
CORD_ORD_813;PROD_21;1;1
CORD_ORD_813;PROD_22;1;1
CORD_ORD_813;PROD_25;1;1
CORD_ORD_813;PROD_26;1;1
CORD_ORD_813;PROD_33;1;1
CORD_ORD_813;PROD_34;1;1
CORD_ORD_813;PROD_35;1;1
CORD_ORD_813;PROD_38;1;1
CORD_ORD_813;PROD_39;1;1
CORD_ORD_813;PROD_4;1;1
CORD_ORD_813;PROD_44;1;1
CORD_ORD_813;PROD_46;1;1
CORD_ORD_813;PROD_49;1;1
CORD_ORD_813;PROD_5;1;1
CORD_ORD_813;PROD_50;1;1
CORD_ORD_813;PROD_6;1;1
CORD_ORD_813;PROD_7;1;1
CORD_ORD_814;PROD_12;1;1
CORD_ORD_814;PROD_13;1;1
CORD_ORD_814;PROD_17;1;1
CORD_ORD_814;PROD_20;1;1
CORD_ORD_814;PROD_21;1;1
CORD_ORD_814;PROD_26;1;1
CORD_ORD_814;PROD_30;1;1
CORD_ORD_814;PROD_31;1;1
CORD_ORD_814;PROD_35;1;1
CORD_ORD_814;PROD_38;1;1
CORD_ORD_814;PROD_39;1;1
CORD_ORD_814;PROD_4;1;1
CORD_ORD_814;PROD_40;1;1
CORD_ORD_814;PROD_46;1;1
CORD_ORD_814;PROD_48;1;1
CORD_ORD_814;PROD_6;1;1
CORD_ORD_815;PROD_1;1;1
CORD_ORD_815;PROD_10;1;1
CORD_ORD_815;PROD_11;1;1
CORD_ORD_815;PROD_12;1;1
CORD_ORD_815;PROD_14;1;1
CORD_ORD_815;PROD_16;1;1
CORD_ORD_815;PROD_17;1;1
CORD_ORD_815;PROD_19;1;1
CORD_ORD_815;PROD_20;1;1
CORD_ORD_815;PROD_21;1;1
CORD_ORD_815;PROD_26;1;1
CORD_ORD_815;PROD_27;1;1
CORD_ORD_815;PROD_28;1;1
CORD_ORD_815;PROD_29;1;1
CORD_ORD_815;PROD_3;1;1
CORD_ORD_815;PROD_30;1;1
CORD_ORD_815;PROD_31;1;1
CORD_ORD_815;PROD_32;1;1
CORD_ORD_815;PROD_33;1;1
CORD_ORD_815;PROD_35;1;1
CORD_ORD_815;PROD_36;1;1
CORD_ORD_815;PROD_39;1;1
CORD_ORD_815;PROD_4;1;1
CORD_ORD_815;PROD_40;1;1
CORD_ORD_815;PROD_43;1;1
CORD_ORD_815;PROD_44;1;1
CORD_ORD_815;PROD_46;1;1
CORD_ORD_815;PROD_47;1;1
CORD_ORD_815;PROD_48;1;1
CORD_ORD_815;PROD_5;1;1
CORD_ORD_815;PROD_6;1;1
CORD_ORD_815;PROD_7;1;1
CORD_ORD_815;PROD_8;1;1
CORD_ORD_815;PROD_9;1;1
CORD_ORD_816;PROD_1;1;1
CORD_ORD_816;PROD_10;1;1
CORD_ORD_816;PROD_11;1;1
CORD_ORD_816;PROD_12;1;1
CORD_ORD_816;PROD_13;1;1
CORD_ORD_816;PROD_16;1;1
CORD_ORD_816;PROD_17;1;1
CORD_ORD_816;PROD_19;1;1
CORD_ORD_816;PROD_21;1;1
CORD_ORD_816;PROD_26;1;1
CORD_ORD_816;PROD_27;1;1
CORD_ORD_816;PROD_29;1;1
CORD_ORD_816;PROD_3;1;1
CORD_ORD_816;PROD_31;1;1
CORD_ORD_816;PROD_32;1;1
CORD_ORD_816;PROD_33;1;1
CORD_ORD_816;PROD_36;1;1
CORD_ORD_816;PROD_38;1;1
CORD_ORD_816;PROD_4;1;1
CORD_ORD_816;PROD_43;1;1
CORD_ORD_816;PROD_44;1;1
CORD_ORD_816;PROD_46;1;1
CORD_ORD_816;PROD_47;1;1
CORD_ORD_816;PROD_48;1;1
CORD_ORD_816;PROD_6;1;1
CORD_ORD_816;PROD_8;1;1
CORD_ORD_817;PROD_1;1;1
CORD_ORD_817;PROD_11;1;1
CORD_ORD_817;PROD_12;1;1
CORD_ORD_817;PROD_13;1;1
CORD_ORD_817;PROD_21;1;1
CORD_ORD_817;PROD_27;1;1
CORD_ORD_817;PROD_29;1;1
CORD_ORD_817;PROD_3;1;1
CORD_ORD_817;PROD_32;1;1
CORD_ORD_817;PROD_36;1;1
CORD_ORD_817;PROD_38;1;1
CORD_ORD_817;PROD_4;1;1
CORD_ORD_817;PROD_43;1;1
CORD_ORD_817;PROD_47;1;1
CORD_ORD_818;PROD_1;1;1
CORD_ORD_818;PROD_11;1;1
CORD_ORD_818;PROD_12;1;1
CORD_ORD_818;PROD_14;1;1
CORD_ORD_818;PROD_18;1;1
CORD_ORD_818;PROD_19;1;1
CORD_ORD_818;PROD_2;1;1
CORD_ORD_818;PROD_21;1;1
CORD_ORD_818;PROD_22;1;1
CORD_ORD_818;PROD_24;1;1
CORD_ORD_818;PROD_25;1;1
CORD_ORD_818;PROD_26;1;1
CORD_ORD_818;PROD_27;1;1
CORD_ORD_818;PROD_28;1;1
CORD_ORD_818;PROD_29;1;1
CORD_ORD_818;PROD_3;1;1
CORD_ORD_818;PROD_30;1;1
CORD_ORD_818;PROD_33;1;1
CORD_ORD_818;PROD_36;1;1
CORD_ORD_818;PROD_37;1;1
CORD_ORD_818;PROD_4;1;1
CORD_ORD_818;PROD_40;1;1
CORD_ORD_818;PROD_41;1;1
CORD_ORD_818;PROD_42;1;1
CORD_ORD_818;PROD_44;1;1
CORD_ORD_818;PROD_46;1;1
CORD_ORD_818;PROD_50;1;1
CORD_ORD_818;PROD_6;1;1
CORD_ORD_818;PROD_9;1;1
CORD_ORD_819;PROD_10;1;1
CORD_ORD_819;PROD_11;1;1
CORD_ORD_819;PROD_14;1;1
CORD_ORD_819;PROD_16;1;1
CORD_ORD_819;PROD_20;1;1
CORD_ORD_819;PROD_27;1;1
CORD_ORD_819;PROD_28;1;1
CORD_ORD_819;PROD_29;1;1
CORD_ORD_819;PROD_35;1;1
CORD_ORD_819;PROD_39;1;1
CORD_ORD_819;PROD_8;1;1
CORD_ORD_819;PROD_9;1;1
CORD_ORD_820;PROD_1;1;1
CORD_ORD_820;PROD_12;1;1
CORD_ORD_820;PROD_13;1;1
CORD_ORD_820;PROD_14;1;1
CORD_ORD_820;PROD_19;1;1
CORD_ORD_820;PROD_21;1;1
CORD_ORD_820;PROD_22;1;1
CORD_ORD_820;PROD_24;1;1
CORD_ORD_820;PROD_25;1;1
CORD_ORD_820;PROD_26;1;1
CORD_ORD_820;PROD_28;1;1
CORD_ORD_820;PROD_3;1;1
CORD_ORD_820;PROD_30;1;1
CORD_ORD_820;PROD_32;1;1
CORD_ORD_820;PROD_33;1;1
CORD_ORD_820;PROD_36;1;1
CORD_ORD_820;PROD_37;1;1
CORD_ORD_820;PROD_38;1;1
CORD_ORD_820;PROD_4;1;1
CORD_ORD_820;PROD_40;1;1
CORD_ORD_820;PROD_42;1;1
CORD_ORD_820;PROD_43;1;1
CORD_ORD_820;PROD_44;1;1
CORD_ORD_820;PROD_46;1;1
CORD_ORD_820;PROD_47;1;1
CORD_ORD_820;PROD_5;1;1
CORD_ORD_820;PROD_50;1;1
CORD_ORD_820;PROD_6;1;1
CORD_ORD_820;PROD_7;1;1
CORD_ORD_820;PROD_9;1;1
CORD_ORD_821;PROD_11;1;1
CORD_ORD_821;PROD_17;1;1
CORD_ORD_821;PROD_19;1;1
CORD_ORD_821;PROD_22;1;1
CORD_ORD_821;PROD_23;1;1
CORD_ORD_821;PROD_25;1;1
CORD_ORD_821;PROD_26;1;1
CORD_ORD_821;PROD_27;1;1
CORD_ORD_821;PROD_29;1;1
CORD_ORD_821;PROD_31;1;1
CORD_ORD_821;PROD_33;1;1
CORD_ORD_821;PROD_44;1;1
CORD_ORD_821;PROD_45;1;1
CORD_ORD_821;PROD_46;1;1
CORD_ORD_821;PROD_48;1;1
CORD_ORD_821;PROD_50;1;1
CORD_ORD_821;PROD_6;1;1
CORD_ORD_822;PROD_1;1;1
CORD_ORD_822;PROD_12;1;1
CORD_ORD_822;PROD_15;1;1
CORD_ORD_822;PROD_17;1;1
CORD_ORD_822;PROD_21;1;1
CORD_ORD_822;PROD_22;1;1
CORD_ORD_822;PROD_25;1;1
CORD_ORD_822;PROD_3;1;1
CORD_ORD_822;PROD_31;1;1
CORD_ORD_822;PROD_32;1;1
CORD_ORD_822;PROD_34;1;1
CORD_ORD_822;PROD_36;1;1
CORD_ORD_822;PROD_4;1;1
CORD_ORD_822;PROD_43;1;1
CORD_ORD_822;PROD_47;1;1
CORD_ORD_822;PROD_48;1;1
CORD_ORD_822;PROD_49;1;1
CORD_ORD_822;PROD_50;1;1
CORD_ORD_823;PROD_10;1;1
CORD_ORD_823;PROD_11;1;1
CORD_ORD_823;PROD_12;1;1
CORD_ORD_823;PROD_13;1;1
CORD_ORD_823;PROD_15;1;1
CORD_ORD_823;PROD_16;1;1
CORD_ORD_823;PROD_17;1;1
CORD_ORD_823;PROD_19;1;1
CORD_ORD_823;PROD_20;1;1
CORD_ORD_823;PROD_21;1;1
CORD_ORD_823;PROD_27;1;1
CORD_ORD_823;PROD_29;1;1
CORD_ORD_823;PROD_30;1;1
CORD_ORD_823;PROD_31;1;1
CORD_ORD_823;PROD_32;1;1
CORD_ORD_823;PROD_33;1;1
CORD_ORD_823;PROD_34;1;1
CORD_ORD_823;PROD_35;1;1
CORD_ORD_823;PROD_38;1;1
CORD_ORD_823;PROD_39;1;1
CORD_ORD_823;PROD_4;1;1
CORD_ORD_823;PROD_40;1;1
CORD_ORD_823;PROD_43;1;1
CORD_ORD_823;PROD_44;1;1
CORD_ORD_823;PROD_47;1;1
CORD_ORD_823;PROD_48;1;1
CORD_ORD_823;PROD_49;1;1
CORD_ORD_823;PROD_8;1;1
CORD_ORD_824;PROD_12;1;1
CORD_ORD_824;PROD_13;1;1
CORD_ORD_824;PROD_18;1;1
CORD_ORD_824;PROD_19;1;1
CORD_ORD_824;PROD_2;1;1
CORD_ORD_824;PROD_21;1;1
CORD_ORD_824;PROD_22;1;1
CORD_ORD_824;PROD_24;1;1
CORD_ORD_824;PROD_25;1;1
CORD_ORD_824;PROD_26;1;1
CORD_ORD_824;PROD_33;1;1
CORD_ORD_824;PROD_37;1;1
CORD_ORD_824;PROD_38;1;1
CORD_ORD_824;PROD_4;1;1
CORD_ORD_824;PROD_41;1;1
CORD_ORD_824;PROD_42;1;1
CORD_ORD_824;PROD_44;1;1
CORD_ORD_824;PROD_46;1;1
CORD_ORD_824;PROD_50;1;1
CORD_ORD_824;PROD_6;1;1
CORD_ORD_825;PROD_10;1;1
CORD_ORD_825;PROD_11;1;1
CORD_ORD_825;PROD_12;1;1
CORD_ORD_825;PROD_14;1;1
CORD_ORD_825;PROD_16;1;1
CORD_ORD_825;PROD_19;1;1
CORD_ORD_825;PROD_21;1;1
CORD_ORD_825;PROD_22;1;1
CORD_ORD_825;PROD_25;1;1
CORD_ORD_825;PROD_26;1;1
CORD_ORD_825;PROD_27;1;1
CORD_ORD_825;PROD_28;1;1
CORD_ORD_825;PROD_29;1;1
CORD_ORD_825;PROD_30;1;1
CORD_ORD_825;PROD_33;1;1
CORD_ORD_825;PROD_4;1;1
CORD_ORD_825;PROD_40;1;1
CORD_ORD_825;PROD_44;1;1
CORD_ORD_825;PROD_46;1;1
CORD_ORD_825;PROD_50;1;1
CORD_ORD_825;PROD_6;1;1
CORD_ORD_825;PROD_8;1;1
CORD_ORD_825;PROD_9;1;1
CORD_ORD_826;PROD_11;1;1
CORD_ORD_826;PROD_12;1;1
CORD_ORD_826;PROD_13;1;1
CORD_ORD_826;PROD_17;1;1
CORD_ORD_826;PROD_21;1;1
CORD_ORD_826;PROD_24;1;1
CORD_ORD_826;PROD_27;1;1
CORD_ORD_826;PROD_29;1;1
CORD_ORD_826;PROD_30;1;1
CORD_ORD_826;PROD_31;1;1
CORD_ORD_826;PROD_32;1;1
CORD_ORD_826;PROD_37;1;1
CORD_ORD_826;PROD_38;1;1
CORD_ORD_826;PROD_4;1;1
CORD_ORD_826;PROD_40;1;1
CORD_ORD_826;PROD_42;1;1
CORD_ORD_826;PROD_43;1;1
CORD_ORD_826;PROD_47;1;1
CORD_ORD_826;PROD_48;1;1
CORD_ORD_827;PROD_1;1;1
CORD_ORD_827;PROD_12;1;1
CORD_ORD_827;PROD_15;1;1
CORD_ORD_827;PROD_17;1;1
CORD_ORD_827;PROD_21;1;1
CORD_ORD_827;PROD_3;1;1
CORD_ORD_827;PROD_31;1;1
CORD_ORD_827;PROD_32;1;1
CORD_ORD_827;PROD_34;1;1
CORD_ORD_827;PROD_36;1;1
CORD_ORD_827;PROD_4;1;1
CORD_ORD_827;PROD_43;1;1
CORD_ORD_827;PROD_47;1;1
CORD_ORD_827;PROD_48;1;1
CORD_ORD_827;PROD_49;1;1
CORD_ORD_828;PROD_10;1;1
CORD_ORD_828;PROD_14;1;1
CORD_ORD_828;PROD_16;1;1
CORD_ORD_828;PROD_17;1;1
CORD_ORD_828;PROD_18;1;1
CORD_ORD_828;PROD_2;1;1
CORD_ORD_828;PROD_22;1;1
CORD_ORD_828;PROD_25;1;1
CORD_ORD_828;PROD_26;1;1
CORD_ORD_828;PROD_28;1;1
CORD_ORD_828;PROD_31;1;1
CORD_ORD_828;PROD_41;1;1
CORD_ORD_828;PROD_46;1;1
CORD_ORD_828;PROD_48;1;1
CORD_ORD_828;PROD_50;1;1
CORD_ORD_828;PROD_6;1;1
CORD_ORD_828;PROD_8;1;1
CORD_ORD_828;PROD_9;1;1
CORD_ORD_829;PROD_1;1;1
CORD_ORD_829;PROD_10;1;1
CORD_ORD_829;PROD_11;1;1
CORD_ORD_829;PROD_13;1;1
CORD_ORD_829;PROD_16;1;1
CORD_ORD_829;PROD_18;1;1
CORD_ORD_829;PROD_19;1;1
CORD_ORD_829;PROD_2;1;1
CORD_ORD_829;PROD_20;1;1
CORD_ORD_829;PROD_22;1;1
CORD_ORD_829;PROD_25;1;1
CORD_ORD_829;PROD_27;1;1
CORD_ORD_829;PROD_29;1;1
CORD_ORD_829;PROD_3;1;1
CORD_ORD_829;PROD_33;1;1
CORD_ORD_829;PROD_35;1;1
CORD_ORD_829;PROD_36;1;1
CORD_ORD_829;PROD_38;1;1
CORD_ORD_829;PROD_39;1;1
CORD_ORD_829;PROD_41;1;1
CORD_ORD_829;PROD_44;1;1
CORD_ORD_829;PROD_50;1;1
CORD_ORD_829;PROD_8;1;1
CORD_ORD_830;PROD_1;1;1
CORD_ORD_830;PROD_10;1;1
CORD_ORD_830;PROD_11;1;1
CORD_ORD_830;PROD_12;1;1
CORD_ORD_830;PROD_15;1;1
CORD_ORD_830;PROD_16;1;1
CORD_ORD_830;PROD_19;1;1
CORD_ORD_830;PROD_21;1;1
CORD_ORD_830;PROD_22;1;1
CORD_ORD_830;PROD_25;1;1
CORD_ORD_830;PROD_27;1;1
CORD_ORD_830;PROD_29;1;1
CORD_ORD_830;PROD_3;1;1
CORD_ORD_830;PROD_33;1;1
CORD_ORD_830;PROD_34;1;1
CORD_ORD_830;PROD_36;1;1
CORD_ORD_830;PROD_4;1;1
CORD_ORD_830;PROD_44;1;1
CORD_ORD_830;PROD_49;1;1
CORD_ORD_830;PROD_5;1;1
CORD_ORD_830;PROD_50;1;1
CORD_ORD_830;PROD_7;1;1
CORD_ORD_830;PROD_8;1;1
CORD_ORD_831;PROD_11;1;1
CORD_ORD_831;PROD_17;1;1
CORD_ORD_831;PROD_27;1;1
CORD_ORD_831;PROD_29;1;1
CORD_ORD_831;PROD_31;1;1
CORD_ORD_831;PROD_32;1;1
CORD_ORD_831;PROD_43;1;1
CORD_ORD_831;PROD_47;1;1
CORD_ORD_831;PROD_48;1;1
CORD_ORD_832;PROD_10;1;1
CORD_ORD_832;PROD_11;1;1
CORD_ORD_832;PROD_16;1;1
CORD_ORD_832;PROD_17;1;1
CORD_ORD_832;PROD_27;1;1
CORD_ORD_832;PROD_29;1;1
CORD_ORD_832;PROD_31;1;1
CORD_ORD_832;PROD_32;1;1
CORD_ORD_832;PROD_43;1;1
CORD_ORD_832;PROD_47;1;1
CORD_ORD_832;PROD_48;1;1
CORD_ORD_832;PROD_8;1;1
CORD_ORD_833;PROD_1;1;1
CORD_ORD_833;PROD_10;1;1
CORD_ORD_833;PROD_11;1;1
CORD_ORD_833;PROD_12;1;1
CORD_ORD_833;PROD_16;1;1
CORD_ORD_833;PROD_17;1;1
CORD_ORD_833;PROD_18;1;1
CORD_ORD_833;PROD_2;1;1
CORD_ORD_833;PROD_21;1;1
CORD_ORD_833;PROD_26;1;1
CORD_ORD_833;PROD_27;1;1
CORD_ORD_833;PROD_29;1;1
CORD_ORD_833;PROD_3;1;1
CORD_ORD_833;PROD_30;1;1
CORD_ORD_833;PROD_31;1;1
CORD_ORD_833;PROD_32;1;1
CORD_ORD_833;PROD_36;1;1
CORD_ORD_833;PROD_4;1;1
CORD_ORD_833;PROD_40;1;1
CORD_ORD_833;PROD_41;1;1
CORD_ORD_833;PROD_43;1;1
CORD_ORD_833;PROD_46;1;1
CORD_ORD_833;PROD_47;1;1
CORD_ORD_833;PROD_48;1;1
CORD_ORD_833;PROD_5;1;1
CORD_ORD_833;PROD_6;1;1
CORD_ORD_833;PROD_7;1;1
CORD_ORD_833;PROD_8;1;1
CORD_ORD_834;PROD_15;1;1
CORD_ORD_834;PROD_18;1;1
CORD_ORD_834;PROD_2;1;1
CORD_ORD_834;PROD_20;1;1
CORD_ORD_834;PROD_23;1;1
CORD_ORD_834;PROD_26;1;1
CORD_ORD_834;PROD_34;1;1
CORD_ORD_834;PROD_35;1;1
CORD_ORD_834;PROD_39;1;1
CORD_ORD_834;PROD_41;1;1
CORD_ORD_834;PROD_45;1;1
CORD_ORD_834;PROD_46;1;1
CORD_ORD_834;PROD_49;1;1
CORD_ORD_834;PROD_5;1;1
CORD_ORD_834;PROD_6;1;1
CORD_ORD_834;PROD_7;1;1
CORD_ORD_835;PROD_10;1;1
CORD_ORD_835;PROD_11;1;1
CORD_ORD_835;PROD_16;1;1
CORD_ORD_835;PROD_19;1;1
CORD_ORD_835;PROD_22;1;1
CORD_ORD_835;PROD_25;1;1
CORD_ORD_835;PROD_26;1;1
CORD_ORD_835;PROD_27;1;1
CORD_ORD_835;PROD_29;1;1
CORD_ORD_835;PROD_33;1;1
CORD_ORD_835;PROD_44;1;1
CORD_ORD_835;PROD_46;1;1
CORD_ORD_835;PROD_50;1;1
CORD_ORD_835;PROD_6;1;1
CORD_ORD_835;PROD_8;1;1
CORD_ORD_836;PROD_1;1;1
CORD_ORD_836;PROD_10;1;1
CORD_ORD_836;PROD_12;1;1
CORD_ORD_836;PROD_13;1;1
CORD_ORD_836;PROD_16;1;1
CORD_ORD_836;PROD_20;1;1
CORD_ORD_836;PROD_21;1;1
CORD_ORD_836;PROD_22;1;1
CORD_ORD_836;PROD_23;1;1
CORD_ORD_836;PROD_25;1;1
CORD_ORD_836;PROD_3;1;1
CORD_ORD_836;PROD_32;1;1
CORD_ORD_836;PROD_35;1;1
CORD_ORD_836;PROD_36;1;1
CORD_ORD_836;PROD_38;1;1
CORD_ORD_836;PROD_39;1;1
CORD_ORD_836;PROD_4;1;1
CORD_ORD_836;PROD_43;1;1
CORD_ORD_836;PROD_45;1;1
CORD_ORD_836;PROD_47;1;1
CORD_ORD_836;PROD_5;1;1
CORD_ORD_836;PROD_50;1;1
CORD_ORD_836;PROD_7;1;1
CORD_ORD_836;PROD_8;1;1
CORD_ORD_837;PROD_1;1;1
CORD_ORD_837;PROD_10;1;1
CORD_ORD_837;PROD_11;1;1
CORD_ORD_837;PROD_13;1;1
CORD_ORD_837;PROD_14;1;1
CORD_ORD_837;PROD_15;1;1
CORD_ORD_837;PROD_16;1;1
CORD_ORD_837;PROD_19;1;1
CORD_ORD_837;PROD_22;1;1
CORD_ORD_837;PROD_24;1;1
CORD_ORD_837;PROD_25;1;1
CORD_ORD_837;PROD_26;1;1
CORD_ORD_837;PROD_27;1;1
CORD_ORD_837;PROD_28;1;1
CORD_ORD_837;PROD_29;1;1
CORD_ORD_837;PROD_3;1;1
CORD_ORD_837;PROD_30;1;1
CORD_ORD_837;PROD_33;1;1
CORD_ORD_837;PROD_34;1;1
CORD_ORD_837;PROD_36;1;1
CORD_ORD_837;PROD_37;1;1
CORD_ORD_837;PROD_38;1;1
CORD_ORD_837;PROD_40;1;1
CORD_ORD_837;PROD_42;1;1
CORD_ORD_837;PROD_44;1;1
CORD_ORD_837;PROD_46;1;1
CORD_ORD_837;PROD_49;1;1
CORD_ORD_837;PROD_50;1;1
CORD_ORD_837;PROD_6;1;1
CORD_ORD_837;PROD_8;1;1
CORD_ORD_837;PROD_9;1;1
CORD_ORD_838;PROD_1;1;1
CORD_ORD_838;PROD_11;1;1
CORD_ORD_838;PROD_17;1;1
CORD_ORD_838;PROD_27;1;1
CORD_ORD_838;PROD_29;1;1
CORD_ORD_838;PROD_3;1;1
CORD_ORD_838;PROD_31;1;1
CORD_ORD_838;PROD_32;1;1
CORD_ORD_838;PROD_36;1;1
CORD_ORD_838;PROD_43;1;1
CORD_ORD_838;PROD_47;1;1
CORD_ORD_838;PROD_48;1;1
CORD_ORD_839;PROD_11;1;1
CORD_ORD_839;PROD_15;1;1
CORD_ORD_839;PROD_17;1;1
CORD_ORD_839;PROD_18;1;1
CORD_ORD_839;PROD_2;1;1
CORD_ORD_839;PROD_22;1;1
CORD_ORD_839;PROD_25;1;1
CORD_ORD_839;PROD_26;1;1
CORD_ORD_839;PROD_27;1;1
CORD_ORD_839;PROD_29;1;1
CORD_ORD_839;PROD_30;1;1
CORD_ORD_839;PROD_31;1;1
CORD_ORD_839;PROD_34;1;1
CORD_ORD_839;PROD_40;1;1
CORD_ORD_839;PROD_41;1;1
CORD_ORD_839;PROD_46;1;1
CORD_ORD_839;PROD_48;1;1
CORD_ORD_839;PROD_49;1;1
CORD_ORD_839;PROD_5;1;1
CORD_ORD_839;PROD_50;1;1
CORD_ORD_839;PROD_6;1;1
CORD_ORD_839;PROD_7;1;1
CORD_ORD_840;PROD_1;1;1
CORD_ORD_840;PROD_10;1;1
CORD_ORD_840;PROD_11;1;1
CORD_ORD_840;PROD_12;1;1
CORD_ORD_840;PROD_16;1;1
CORD_ORD_840;PROD_21;1;1
CORD_ORD_840;PROD_26;1;1
CORD_ORD_840;PROD_27;1;1
CORD_ORD_840;PROD_29;1;1
CORD_ORD_840;PROD_3;1;1
CORD_ORD_840;PROD_36;1;1
CORD_ORD_840;PROD_4;1;1
CORD_ORD_840;PROD_46;1;1
CORD_ORD_840;PROD_6;1;1
CORD_ORD_840;PROD_8;1;1
CORD_ORD_841;PROD_10;1;1
CORD_ORD_841;PROD_11;1;1
CORD_ORD_841;PROD_12;1;1
CORD_ORD_841;PROD_13;1;1
CORD_ORD_841;PROD_15;1;1
CORD_ORD_841;PROD_16;1;1
CORD_ORD_841;PROD_17;1;1
CORD_ORD_841;PROD_19;1;1
CORD_ORD_841;PROD_20;1;1
CORD_ORD_841;PROD_21;1;1
CORD_ORD_841;PROD_27;1;1
CORD_ORD_841;PROD_29;1;1
CORD_ORD_841;PROD_31;1;1
CORD_ORD_841;PROD_32;1;1
CORD_ORD_841;PROD_33;1;1
CORD_ORD_841;PROD_34;1;1
CORD_ORD_841;PROD_35;1;1
CORD_ORD_841;PROD_38;1;1
CORD_ORD_841;PROD_39;1;1
CORD_ORD_841;PROD_4;1;1
CORD_ORD_841;PROD_43;1;1
CORD_ORD_841;PROD_44;1;1
CORD_ORD_841;PROD_47;1;1
CORD_ORD_841;PROD_48;1;1
CORD_ORD_841;PROD_49;1;1
CORD_ORD_841;PROD_8;1;1
CORD_ORD_842;PROD_10;1;1
CORD_ORD_842;PROD_13;1;1
CORD_ORD_842;PROD_15;1;1
CORD_ORD_842;PROD_16;1;1
CORD_ORD_842;PROD_19;1;1
CORD_ORD_842;PROD_24;1;1
CORD_ORD_842;PROD_33;1;1
CORD_ORD_842;PROD_34;1;1
CORD_ORD_842;PROD_37;1;1
CORD_ORD_842;PROD_38;1;1
CORD_ORD_842;PROD_42;1;1
CORD_ORD_842;PROD_44;1;1
CORD_ORD_842;PROD_49;1;1
CORD_ORD_842;PROD_8;1;1
CORD_ORD_843;PROD_11;1;1
CORD_ORD_843;PROD_12;1;1
CORD_ORD_843;PROD_19;1;1
CORD_ORD_843;PROD_21;1;1
CORD_ORD_843;PROD_23;1;1
CORD_ORD_843;PROD_27;1;1
CORD_ORD_843;PROD_29;1;1
CORD_ORD_843;PROD_32;1;1
CORD_ORD_843;PROD_33;1;1
CORD_ORD_843;PROD_4;1;1
CORD_ORD_843;PROD_43;1;1
CORD_ORD_843;PROD_44;1;1
CORD_ORD_843;PROD_45;1;1
CORD_ORD_843;PROD_47;1;1
CORD_ORD_844;PROD_11;1;1
CORD_ORD_844;PROD_12;1;1
CORD_ORD_844;PROD_13;1;1
CORD_ORD_844;PROD_15;1;1
CORD_ORD_844;PROD_18;1;1
CORD_ORD_844;PROD_19;1;1
CORD_ORD_844;PROD_2;1;1
CORD_ORD_844;PROD_21;1;1
CORD_ORD_844;PROD_26;1;1
CORD_ORD_844;PROD_27;1;1
CORD_ORD_844;PROD_29;1;1
CORD_ORD_844;PROD_32;1;1
CORD_ORD_844;PROD_33;1;1
CORD_ORD_844;PROD_34;1;1
CORD_ORD_844;PROD_38;1;1
CORD_ORD_844;PROD_4;1;1
CORD_ORD_844;PROD_41;1;1
CORD_ORD_844;PROD_43;1;1
CORD_ORD_844;PROD_44;1;1
CORD_ORD_844;PROD_46;1;1
CORD_ORD_844;PROD_47;1;1
CORD_ORD_844;PROD_49;1;1
CORD_ORD_844;PROD_6;1;1
CORD_ORD_845;PROD_14;1;1
CORD_ORD_845;PROD_15;1;1
CORD_ORD_845;PROD_17;1;1
CORD_ORD_845;PROD_18;1;1
CORD_ORD_845;PROD_2;1;1
CORD_ORD_845;PROD_22;1;1
CORD_ORD_845;PROD_25;1;1
CORD_ORD_845;PROD_26;1;1
CORD_ORD_845;PROD_28;1;1
CORD_ORD_845;PROD_31;1;1
CORD_ORD_845;PROD_34;1;1
CORD_ORD_845;PROD_41;1;1
CORD_ORD_845;PROD_46;1;1
CORD_ORD_845;PROD_48;1;1
CORD_ORD_845;PROD_49;1;1
CORD_ORD_845;PROD_50;1;1
CORD_ORD_845;PROD_6;1;1
CORD_ORD_845;PROD_9;1;1
CORD_ORD_846;PROD_10;1;1
CORD_ORD_846;PROD_11;1;1
CORD_ORD_846;PROD_15;1;1
CORD_ORD_846;PROD_16;1;1
CORD_ORD_846;PROD_17;1;1
CORD_ORD_846;PROD_22;1;1
CORD_ORD_846;PROD_25;1;1
CORD_ORD_846;PROD_26;1;1
CORD_ORD_846;PROD_27;1;1
CORD_ORD_846;PROD_29;1;1
CORD_ORD_846;PROD_31;1;1
CORD_ORD_846;PROD_32;1;1
CORD_ORD_846;PROD_34;1;1
CORD_ORD_846;PROD_43;1;1
CORD_ORD_846;PROD_46;1;1
CORD_ORD_846;PROD_47;1;1
CORD_ORD_846;PROD_48;1;1
CORD_ORD_846;PROD_49;1;1
CORD_ORD_846;PROD_50;1;1
CORD_ORD_846;PROD_6;1;1
CORD_ORD_846;PROD_8;1;1
CORD_ORD_847;PROD_13;1;1
CORD_ORD_847;PROD_14;1;1
CORD_ORD_847;PROD_18;1;1
CORD_ORD_847;PROD_2;1;1
CORD_ORD_847;PROD_26;1;1
CORD_ORD_847;PROD_28;1;1
CORD_ORD_847;PROD_38;1;1
CORD_ORD_847;PROD_41;1;1
CORD_ORD_847;PROD_46;1;1
CORD_ORD_847;PROD_5;1;1
CORD_ORD_847;PROD_6;1;1
CORD_ORD_847;PROD_7;1;1
CORD_ORD_847;PROD_9;1;1
CORD_ORD_848;PROD_11;1;1
CORD_ORD_848;PROD_15;1;1
CORD_ORD_848;PROD_17;1;1
CORD_ORD_848;PROD_18;1;1
CORD_ORD_848;PROD_19;1;1
CORD_ORD_848;PROD_2;1;1
CORD_ORD_848;PROD_20;1;1
CORD_ORD_848;PROD_24;1;1
CORD_ORD_848;PROD_27;1;1
CORD_ORD_848;PROD_29;1;1
CORD_ORD_848;PROD_31;1;1
CORD_ORD_848;PROD_32;1;1
CORD_ORD_848;PROD_33;1;1
CORD_ORD_848;PROD_34;1;1
CORD_ORD_848;PROD_35;1;1
CORD_ORD_848;PROD_37;1;1
CORD_ORD_848;PROD_39;1;1
CORD_ORD_848;PROD_41;1;1
CORD_ORD_848;PROD_42;1;1
CORD_ORD_848;PROD_43;1;1
CORD_ORD_848;PROD_44;1;1
CORD_ORD_848;PROD_47;1;1
CORD_ORD_848;PROD_48;1;1
CORD_ORD_848;PROD_49;1;1
CORD_ORD_849;PROD_10;1;1
CORD_ORD_849;PROD_12;1;1
CORD_ORD_849;PROD_13;1;1
CORD_ORD_849;PROD_14;1;1
CORD_ORD_849;PROD_16;1;1
CORD_ORD_849;PROD_19;1;1
CORD_ORD_849;PROD_20;1;1
CORD_ORD_849;PROD_21;1;1
CORD_ORD_849;PROD_28;1;1
CORD_ORD_849;PROD_33;1;1
CORD_ORD_849;PROD_35;1;1
CORD_ORD_849;PROD_38;1;1
CORD_ORD_849;PROD_39;1;1
CORD_ORD_849;PROD_4;1;1
CORD_ORD_849;PROD_44;1;1
CORD_ORD_849;PROD_8;1;1
CORD_ORD_849;PROD_9;1;1
CORD_ORD_850;PROD_11;1;1
CORD_ORD_850;PROD_12;1;1
CORD_ORD_850;PROD_14;1;1
CORD_ORD_850;PROD_18;1;1
CORD_ORD_850;PROD_2;1;1
CORD_ORD_850;PROD_21;1;1
CORD_ORD_850;PROD_26;1;1
CORD_ORD_850;PROD_27;1;1
CORD_ORD_850;PROD_28;1;1
CORD_ORD_850;PROD_29;1;1
CORD_ORD_850;PROD_32;1;1
CORD_ORD_850;PROD_4;1;1
CORD_ORD_850;PROD_41;1;1
CORD_ORD_850;PROD_43;1;1
CORD_ORD_850;PROD_46;1;1
CORD_ORD_850;PROD_47;1;1
CORD_ORD_850;PROD_6;1;1
CORD_ORD_850;PROD_9;1;1
CORD_ORD_851;PROD_11;1;1
CORD_ORD_851;PROD_13;1;1
CORD_ORD_851;PROD_15;1;1
CORD_ORD_851;PROD_20;1;1
CORD_ORD_851;PROD_23;1;1
CORD_ORD_851;PROD_24;1;1
CORD_ORD_851;PROD_27;1;1
CORD_ORD_851;PROD_29;1;1
CORD_ORD_851;PROD_30;1;1
CORD_ORD_851;PROD_32;1;1
CORD_ORD_851;PROD_34;1;1
CORD_ORD_851;PROD_35;1;1
CORD_ORD_851;PROD_37;1;1
CORD_ORD_851;PROD_38;1;1
CORD_ORD_851;PROD_39;1;1
CORD_ORD_851;PROD_40;1;1
CORD_ORD_851;PROD_42;1;1
CORD_ORD_851;PROD_43;1;1
CORD_ORD_851;PROD_45;1;1
CORD_ORD_851;PROD_47;1;1
CORD_ORD_851;PROD_49;1;1
CORD_ORD_852;PROD_10;1;1
CORD_ORD_852;PROD_12;1;1
CORD_ORD_852;PROD_13;1;1
CORD_ORD_852;PROD_16;1;1
CORD_ORD_852;PROD_21;1;1
CORD_ORD_852;PROD_38;1;1
CORD_ORD_852;PROD_4;1;1
CORD_ORD_852;PROD_8;1;1
CORD_ORD_853;PROD_1;1;1
CORD_ORD_853;PROD_10;1;1
CORD_ORD_853;PROD_12;1;1
CORD_ORD_853;PROD_16;1;1
CORD_ORD_853;PROD_21;1;1
CORD_ORD_853;PROD_22;1;1
CORD_ORD_853;PROD_25;1;1
CORD_ORD_853;PROD_3;1;1
CORD_ORD_853;PROD_36;1;1
CORD_ORD_853;PROD_4;1;1
CORD_ORD_853;PROD_50;1;1
CORD_ORD_853;PROD_8;1;1
CORD_ORD_854;PROD_10;1;1
CORD_ORD_854;PROD_11;1;1
CORD_ORD_854;PROD_16;1;1
CORD_ORD_854;PROD_19;1;1
CORD_ORD_854;PROD_22;1;1
CORD_ORD_854;PROD_25;1;1
CORD_ORD_854;PROD_27;1;1
CORD_ORD_854;PROD_29;1;1
CORD_ORD_854;PROD_32;1;1
CORD_ORD_854;PROD_33;1;1
CORD_ORD_854;PROD_43;1;1
CORD_ORD_854;PROD_44;1;1
CORD_ORD_854;PROD_47;1;1
CORD_ORD_854;PROD_50;1;1
CORD_ORD_854;PROD_8;1;1
CORD_ORD_855;PROD_11;1;1
CORD_ORD_855;PROD_17;1;1
CORD_ORD_855;PROD_27;1;1
CORD_ORD_855;PROD_29;1;1
CORD_ORD_855;PROD_31;1;1
CORD_ORD_855;PROD_32;1;1
CORD_ORD_855;PROD_43;1;1
CORD_ORD_855;PROD_47;1;1
CORD_ORD_855;PROD_48;1;1
CORD_ORD_856;PROD_1;1;1
CORD_ORD_856;PROD_10;1;1
CORD_ORD_856;PROD_12;1;1
CORD_ORD_856;PROD_13;1;1
CORD_ORD_856;PROD_14;1;1
CORD_ORD_856;PROD_16;1;1
CORD_ORD_856;PROD_19;1;1
CORD_ORD_856;PROD_21;1;1
CORD_ORD_856;PROD_22;1;1
CORD_ORD_856;PROD_24;1;1
CORD_ORD_856;PROD_25;1;1
CORD_ORD_856;PROD_28;1;1
CORD_ORD_856;PROD_3;1;1
CORD_ORD_856;PROD_33;1;1
CORD_ORD_856;PROD_36;1;1
CORD_ORD_856;PROD_37;1;1
CORD_ORD_856;PROD_38;1;1
CORD_ORD_856;PROD_4;1;1
CORD_ORD_856;PROD_42;1;1
CORD_ORD_856;PROD_44;1;1
CORD_ORD_856;PROD_50;1;1
CORD_ORD_856;PROD_8;1;1
CORD_ORD_856;PROD_9;1;1
CORD_ORD_857;PROD_1;1;1
CORD_ORD_857;PROD_18;1;1
CORD_ORD_857;PROD_2;1;1
CORD_ORD_857;PROD_24;1;1
CORD_ORD_857;PROD_26;1;1
CORD_ORD_857;PROD_3;1;1
CORD_ORD_857;PROD_36;1;1
CORD_ORD_857;PROD_37;1;1
CORD_ORD_857;PROD_41;1;1
CORD_ORD_857;PROD_42;1;1
CORD_ORD_857;PROD_46;1;1
CORD_ORD_857;PROD_6;1;1
CORD_ORD_858;PROD_1;1;1
CORD_ORD_858;PROD_10;1;1
CORD_ORD_858;PROD_12;1;1
CORD_ORD_858;PROD_13;1;1
CORD_ORD_858;PROD_14;1;1
CORD_ORD_858;PROD_15;1;1
CORD_ORD_858;PROD_16;1;1
CORD_ORD_858;PROD_19;1;1
CORD_ORD_858;PROD_21;1;1
CORD_ORD_858;PROD_22;1;1
CORD_ORD_858;PROD_24;1;1
CORD_ORD_858;PROD_25;1;1
CORD_ORD_858;PROD_28;1;1
CORD_ORD_858;PROD_3;1;1
CORD_ORD_858;PROD_33;1;1
CORD_ORD_858;PROD_34;1;1
CORD_ORD_858;PROD_36;1;1
CORD_ORD_858;PROD_37;1;1
CORD_ORD_858;PROD_38;1;1
CORD_ORD_858;PROD_4;1;1
CORD_ORD_858;PROD_42;1;1
CORD_ORD_858;PROD_44;1;1
CORD_ORD_858;PROD_49;1;1
CORD_ORD_858;PROD_5;1;1
CORD_ORD_858;PROD_50;1;1
CORD_ORD_858;PROD_7;1;1
CORD_ORD_858;PROD_8;1;1
CORD_ORD_858;PROD_9;1;1
CORD_ORD_859;PROD_1;1;1
CORD_ORD_859;PROD_12;1;1
CORD_ORD_859;PROD_15;1;1
CORD_ORD_859;PROD_18;1;1
CORD_ORD_859;PROD_2;1;1
CORD_ORD_859;PROD_21;1;1
CORD_ORD_859;PROD_22;1;1
CORD_ORD_859;PROD_25;1;1
CORD_ORD_859;PROD_3;1;1
CORD_ORD_859;PROD_34;1;1
CORD_ORD_859;PROD_36;1;1
CORD_ORD_859;PROD_4;1;1
CORD_ORD_859;PROD_41;1;1
CORD_ORD_859;PROD_49;1;1
CORD_ORD_859;PROD_50;1;1
CORD_ORD_860;PROD_10;1;1
CORD_ORD_860;PROD_14;1;1
CORD_ORD_860;PROD_16;1;1
CORD_ORD_860;PROD_20;1;1
CORD_ORD_860;PROD_28;1;1
CORD_ORD_860;PROD_35;1;1
CORD_ORD_860;PROD_39;1;1
CORD_ORD_860;PROD_8;1;1
CORD_ORD_860;PROD_9;1;1
CORD_ORD_861;PROD_10;1;1
CORD_ORD_861;PROD_11;1;1
CORD_ORD_861;PROD_14;1;1
CORD_ORD_861;PROD_16;1;1
CORD_ORD_861;PROD_19;1;1
CORD_ORD_861;PROD_22;1;1
CORD_ORD_861;PROD_25;1;1
CORD_ORD_861;PROD_27;1;1
CORD_ORD_861;PROD_28;1;1
CORD_ORD_861;PROD_29;1;1
CORD_ORD_861;PROD_33;1;1
CORD_ORD_861;PROD_44;1;1
CORD_ORD_861;PROD_50;1;1
CORD_ORD_861;PROD_8;1;1
CORD_ORD_861;PROD_9;1;1
CORD_ORD_862;PROD_11;1;1
CORD_ORD_862;PROD_17;1;1
CORD_ORD_862;PROD_27;1;1
CORD_ORD_862;PROD_29;1;1
CORD_ORD_862;PROD_31;1;1
CORD_ORD_862;PROD_32;1;1
CORD_ORD_862;PROD_43;1;1
CORD_ORD_862;PROD_47;1;1
CORD_ORD_862;PROD_48;1;1
CORD_ORD_863;PROD_10;1;1
CORD_ORD_863;PROD_11;1;1
CORD_ORD_863;PROD_12;1;1
CORD_ORD_863;PROD_15;1;1
CORD_ORD_863;PROD_16;1;1
CORD_ORD_863;PROD_19;1;1
CORD_ORD_863;PROD_21;1;1
CORD_ORD_863;PROD_23;1;1
CORD_ORD_863;PROD_24;1;1
CORD_ORD_863;PROD_27;1;1
CORD_ORD_863;PROD_29;1;1
CORD_ORD_863;PROD_33;1;1
CORD_ORD_863;PROD_34;1;1
CORD_ORD_863;PROD_37;1;1
CORD_ORD_863;PROD_4;1;1
CORD_ORD_863;PROD_42;1;1
CORD_ORD_863;PROD_44;1;1
CORD_ORD_863;PROD_45;1;1
CORD_ORD_863;PROD_49;1;1
CORD_ORD_863;PROD_8;1;1
CORD_ORD_864;PROD_1;1;1
CORD_ORD_864;PROD_10;1;1
CORD_ORD_864;PROD_16;1;1
CORD_ORD_864;PROD_26;1;1
CORD_ORD_864;PROD_3;1;1
CORD_ORD_864;PROD_36;1;1
CORD_ORD_864;PROD_46;1;1
CORD_ORD_864;PROD_6;1;1
CORD_ORD_864;PROD_8;1;1
CORD_ORD_865;PROD_1;1;1
CORD_ORD_865;PROD_10;1;1
CORD_ORD_865;PROD_11;1;1
CORD_ORD_865;PROD_16;1;1
CORD_ORD_865;PROD_18;1;1
CORD_ORD_865;PROD_2;1;1
CORD_ORD_865;PROD_26;1;1
CORD_ORD_865;PROD_27;1;1
CORD_ORD_865;PROD_29;1;1
CORD_ORD_865;PROD_3;1;1
CORD_ORD_865;PROD_32;1;1
CORD_ORD_865;PROD_36;1;1
CORD_ORD_865;PROD_41;1;1
CORD_ORD_865;PROD_43;1;1
CORD_ORD_865;PROD_46;1;1
CORD_ORD_865;PROD_47;1;1
CORD_ORD_865;PROD_6;1;1
CORD_ORD_865;PROD_8;1;1
CORD_ORD_866;PROD_12;1;1
CORD_ORD_866;PROD_13;1;1
CORD_ORD_866;PROD_21;1;1
CORD_ORD_866;PROD_38;1;1
CORD_ORD_866;PROD_4;1;1
CORD_ORD_866;PROD_5;1;1
CORD_ORD_866;PROD_7;1;1
CORD_ORD_867;PROD_1;1;1
CORD_ORD_867;PROD_10;1;1
CORD_ORD_867;PROD_11;1;1
CORD_ORD_867;PROD_14;1;1
CORD_ORD_867;PROD_16;1;1
CORD_ORD_867;PROD_17;1;1
CORD_ORD_867;PROD_18;1;1
CORD_ORD_867;PROD_2;1;1
CORD_ORD_867;PROD_24;1;1
CORD_ORD_867;PROD_27;1;1
CORD_ORD_867;PROD_28;1;1
CORD_ORD_867;PROD_29;1;1
CORD_ORD_867;PROD_3;1;1
CORD_ORD_867;PROD_31;1;1
CORD_ORD_867;PROD_36;1;1
CORD_ORD_867;PROD_37;1;1
CORD_ORD_867;PROD_41;1;1
CORD_ORD_867;PROD_42;1;1
CORD_ORD_867;PROD_48;1;1
CORD_ORD_867;PROD_5;1;1
CORD_ORD_867;PROD_7;1;1
CORD_ORD_867;PROD_8;1;1
CORD_ORD_867;PROD_9;1;1
CORD_ORD_868;PROD_1;1;1
CORD_ORD_868;PROD_10;1;1
CORD_ORD_868;PROD_12;1;1
CORD_ORD_868;PROD_16;1;1
CORD_ORD_868;PROD_21;1;1
CORD_ORD_868;PROD_22;1;1
CORD_ORD_868;PROD_25;1;1
CORD_ORD_868;PROD_26;1;1
CORD_ORD_868;PROD_3;1;1
CORD_ORD_868;PROD_36;1;1
CORD_ORD_868;PROD_4;1;1
CORD_ORD_868;PROD_46;1;1
CORD_ORD_868;PROD_50;1;1
CORD_ORD_868;PROD_6;1;1
CORD_ORD_868;PROD_8;1;1
CORD_ORD_869;PROD_1;1;1
CORD_ORD_869;PROD_11;1;1
CORD_ORD_869;PROD_14;1;1
CORD_ORD_869;PROD_15;1;1
CORD_ORD_869;PROD_17;1;1
CORD_ORD_869;PROD_24;1;1
CORD_ORD_869;PROD_26;1;1
CORD_ORD_869;PROD_27;1;1
CORD_ORD_869;PROD_28;1;1
CORD_ORD_869;PROD_29;1;1
CORD_ORD_869;PROD_3;1;1
CORD_ORD_869;PROD_31;1;1
CORD_ORD_869;PROD_32;1;1
CORD_ORD_869;PROD_34;1;1
CORD_ORD_869;PROD_36;1;1
CORD_ORD_869;PROD_37;1;1
CORD_ORD_869;PROD_42;1;1
CORD_ORD_869;PROD_43;1;1
CORD_ORD_869;PROD_46;1;1
CORD_ORD_869;PROD_47;1;1
CORD_ORD_869;PROD_48;1;1
CORD_ORD_869;PROD_49;1;1
CORD_ORD_869;PROD_6;1;1
CORD_ORD_869;PROD_9;1;1
CORD_ORD_870;PROD_1;1;1
CORD_ORD_870;PROD_11;1;1
CORD_ORD_870;PROD_17;1;1
CORD_ORD_870;PROD_27;1;1
CORD_ORD_870;PROD_29;1;1
CORD_ORD_870;PROD_3;1;1
CORD_ORD_870;PROD_31;1;1
CORD_ORD_870;PROD_32;1;1
CORD_ORD_870;PROD_36;1;1
CORD_ORD_870;PROD_43;1;1
CORD_ORD_870;PROD_47;1;1
CORD_ORD_870;PROD_48;1;1
CORD_ORD_871;PROD_12;1;1
CORD_ORD_871;PROD_13;1;1
CORD_ORD_871;PROD_21;1;1
CORD_ORD_871;PROD_22;1;1
CORD_ORD_871;PROD_25;1;1
CORD_ORD_871;PROD_32;1;1
CORD_ORD_871;PROD_38;1;1
CORD_ORD_871;PROD_4;1;1
CORD_ORD_871;PROD_43;1;1
CORD_ORD_871;PROD_47;1;1
CORD_ORD_871;PROD_50;1;1
CORD_ORD_872;PROD_14;1;1
CORD_ORD_872;PROD_17;1;1
CORD_ORD_872;PROD_20;1;1
CORD_ORD_872;PROD_24;1;1
CORD_ORD_872;PROD_28;1;1
CORD_ORD_872;PROD_30;1;1
CORD_ORD_872;PROD_31;1;1
CORD_ORD_872;PROD_32;1;1
CORD_ORD_872;PROD_35;1;1
CORD_ORD_872;PROD_37;1;1
CORD_ORD_872;PROD_39;1;1
CORD_ORD_872;PROD_40;1;1
CORD_ORD_872;PROD_42;1;1
CORD_ORD_872;PROD_43;1;1
CORD_ORD_872;PROD_47;1;1
CORD_ORD_872;PROD_48;1;1
CORD_ORD_872;PROD_9;1;1
CORD_ORD_873;PROD_10;1;1
CORD_ORD_873;PROD_11;1;1
CORD_ORD_873;PROD_12;1;1
CORD_ORD_873;PROD_14;1;1
CORD_ORD_873;PROD_15;1;1
CORD_ORD_873;PROD_16;1;1
CORD_ORD_873;PROD_18;1;1
CORD_ORD_873;PROD_2;1;1
CORD_ORD_873;PROD_21;1;1
CORD_ORD_873;PROD_27;1;1
CORD_ORD_873;PROD_28;1;1
CORD_ORD_873;PROD_29;1;1
CORD_ORD_873;PROD_34;1;1
CORD_ORD_873;PROD_4;1;1
CORD_ORD_873;PROD_41;1;1
CORD_ORD_873;PROD_49;1;1
CORD_ORD_873;PROD_5;1;1
CORD_ORD_873;PROD_7;1;1
CORD_ORD_873;PROD_8;1;1
CORD_ORD_873;PROD_9;1;1
CORD_ORD_874;PROD_1;1;1
CORD_ORD_874;PROD_10;1;1
CORD_ORD_874;PROD_11;1;1
CORD_ORD_874;PROD_12;1;1
CORD_ORD_874;PROD_16;1;1
CORD_ORD_874;PROD_20;1;1
CORD_ORD_874;PROD_21;1;1
CORD_ORD_874;PROD_22;1;1
CORD_ORD_874;PROD_24;1;1
CORD_ORD_874;PROD_25;1;1
CORD_ORD_874;PROD_27;1;1
CORD_ORD_874;PROD_29;1;1
CORD_ORD_874;PROD_3;1;1
CORD_ORD_874;PROD_35;1;1
CORD_ORD_874;PROD_36;1;1
CORD_ORD_874;PROD_37;1;1
CORD_ORD_874;PROD_39;1;1
CORD_ORD_874;PROD_4;1;1
CORD_ORD_874;PROD_42;1;1
CORD_ORD_874;PROD_50;1;1
CORD_ORD_874;PROD_8;1;1
CORD_ORD_875;PROD_11;1;1
CORD_ORD_875;PROD_19;1;1
CORD_ORD_875;PROD_23;1;1
CORD_ORD_875;PROD_27;1;1
CORD_ORD_875;PROD_29;1;1
CORD_ORD_875;PROD_33;1;1
CORD_ORD_875;PROD_44;1;1
CORD_ORD_875;PROD_45;1;1
CORD_ORD_876;PROD_1;1;1
CORD_ORD_876;PROD_11;1;1
CORD_ORD_876;PROD_22;1;1
CORD_ORD_876;PROD_24;1;1
CORD_ORD_876;PROD_25;1;1
CORD_ORD_876;PROD_26;1;1
CORD_ORD_876;PROD_27;1;1
CORD_ORD_876;PROD_29;1;1
CORD_ORD_876;PROD_3;1;1
CORD_ORD_876;PROD_30;1;1
CORD_ORD_876;PROD_36;1;1
CORD_ORD_876;PROD_37;1;1
CORD_ORD_876;PROD_40;1;1
CORD_ORD_876;PROD_42;1;1
CORD_ORD_876;PROD_46;1;1
CORD_ORD_876;PROD_50;1;1
CORD_ORD_876;PROD_6;1;1
CORD_ORD_877;PROD_13;1;1
CORD_ORD_877;PROD_14;1;1
CORD_ORD_877;PROD_19;1;1
CORD_ORD_877;PROD_20;1;1
CORD_ORD_877;PROD_23;1;1
CORD_ORD_877;PROD_24;1;1
CORD_ORD_877;PROD_26;1;1
CORD_ORD_877;PROD_28;1;1
CORD_ORD_877;PROD_32;1;1
CORD_ORD_877;PROD_33;1;1
CORD_ORD_877;PROD_35;1;1
CORD_ORD_877;PROD_37;1;1
CORD_ORD_877;PROD_38;1;1
CORD_ORD_877;PROD_39;1;1
CORD_ORD_877;PROD_42;1;1
CORD_ORD_877;PROD_43;1;1
CORD_ORD_877;PROD_44;1;1
CORD_ORD_877;PROD_45;1;1
CORD_ORD_877;PROD_46;1;1
CORD_ORD_877;PROD_47;1;1
CORD_ORD_877;PROD_6;1;1
CORD_ORD_877;PROD_9;1;1
CORD_ORD_878;PROD_11;1;1
CORD_ORD_878;PROD_15;1;1
CORD_ORD_878;PROD_17;1;1
CORD_ORD_878;PROD_22;1;1
CORD_ORD_878;PROD_23;1;1
CORD_ORD_878;PROD_25;1;1
CORD_ORD_878;PROD_26;1;1
CORD_ORD_878;PROD_27;1;1
CORD_ORD_878;PROD_29;1;1
CORD_ORD_878;PROD_31;1;1
CORD_ORD_878;PROD_32;1;1
CORD_ORD_878;PROD_34;1;1
CORD_ORD_878;PROD_43;1;1
CORD_ORD_878;PROD_45;1;1
CORD_ORD_878;PROD_46;1;1
CORD_ORD_878;PROD_47;1;1
CORD_ORD_878;PROD_48;1;1
CORD_ORD_878;PROD_49;1;1
CORD_ORD_878;PROD_5;1;1
CORD_ORD_878;PROD_50;1;1
CORD_ORD_878;PROD_6;1;1
CORD_ORD_878;PROD_7;1;1
CORD_ORD_879;PROD_1;1;1
CORD_ORD_879;PROD_11;1;1
CORD_ORD_879;PROD_13;1;1
CORD_ORD_879;PROD_14;1;1
CORD_ORD_879;PROD_18;1;1
CORD_ORD_879;PROD_2;1;1
CORD_ORD_879;PROD_22;1;1
CORD_ORD_879;PROD_25;1;1
CORD_ORD_879;PROD_27;1;1
CORD_ORD_879;PROD_28;1;1
CORD_ORD_879;PROD_29;1;1
CORD_ORD_879;PROD_3;1;1
CORD_ORD_879;PROD_30;1;1
CORD_ORD_879;PROD_32;1;1
CORD_ORD_879;PROD_36;1;1
CORD_ORD_879;PROD_38;1;1
CORD_ORD_879;PROD_40;1;1
CORD_ORD_879;PROD_41;1;1
CORD_ORD_879;PROD_43;1;1
CORD_ORD_879;PROD_47;1;1
CORD_ORD_879;PROD_50;1;1
CORD_ORD_879;PROD_9;1;1
CORD_ORD_880;PROD_1;1;1
CORD_ORD_880;PROD_10;1;1
CORD_ORD_880;PROD_16;1;1
CORD_ORD_880;PROD_19;1;1
CORD_ORD_880;PROD_22;1;1
CORD_ORD_880;PROD_23;1;1
CORD_ORD_880;PROD_25;1;1
CORD_ORD_880;PROD_3;1;1
CORD_ORD_880;PROD_33;1;1
CORD_ORD_880;PROD_36;1;1
CORD_ORD_880;PROD_44;1;1
CORD_ORD_880;PROD_45;1;1
CORD_ORD_880;PROD_50;1;1
CORD_ORD_880;PROD_8;1;1
CORD_ORD_881;PROD_1;1;1
CORD_ORD_881;PROD_10;1;1
CORD_ORD_881;PROD_11;1;1
CORD_ORD_881;PROD_12;1;1
CORD_ORD_881;PROD_13;1;1
CORD_ORD_881;PROD_16;1;1
CORD_ORD_881;PROD_19;1;1
CORD_ORD_881;PROD_21;1;1
CORD_ORD_881;PROD_23;1;1
CORD_ORD_881;PROD_26;1;1
CORD_ORD_881;PROD_27;1;1
CORD_ORD_881;PROD_29;1;1
CORD_ORD_881;PROD_3;1;1
CORD_ORD_881;PROD_30;1;1
CORD_ORD_881;PROD_33;1;1
CORD_ORD_881;PROD_36;1;1
CORD_ORD_881;PROD_38;1;1
CORD_ORD_881;PROD_4;1;1
CORD_ORD_881;PROD_40;1;1
CORD_ORD_881;PROD_44;1;1
CORD_ORD_881;PROD_45;1;1
CORD_ORD_881;PROD_46;1;1
CORD_ORD_881;PROD_6;1;1
CORD_ORD_881;PROD_8;1;1
CORD_ORD_882;PROD_1;1;1
CORD_ORD_882;PROD_10;1;1
CORD_ORD_882;PROD_11;1;1
CORD_ORD_882;PROD_14;1;1
CORD_ORD_882;PROD_15;1;1
CORD_ORD_882;PROD_16;1;1
CORD_ORD_882;PROD_17;1;1
CORD_ORD_882;PROD_19;1;1
CORD_ORD_882;PROD_22;1;1
CORD_ORD_882;PROD_23;1;1
CORD_ORD_882;PROD_24;1;1
CORD_ORD_882;PROD_25;1;1
CORD_ORD_882;PROD_26;1;1
CORD_ORD_882;PROD_27;1;1
CORD_ORD_882;PROD_28;1;1
CORD_ORD_882;PROD_29;1;1
CORD_ORD_882;PROD_3;1;1
CORD_ORD_882;PROD_30;1;1
CORD_ORD_882;PROD_31;1;1
CORD_ORD_882;PROD_32;1;1
CORD_ORD_882;PROD_33;1;1
CORD_ORD_882;PROD_34;1;1
CORD_ORD_882;PROD_36;1;1
CORD_ORD_882;PROD_37;1;1
CORD_ORD_882;PROD_40;1;1
CORD_ORD_882;PROD_42;1;1
CORD_ORD_882;PROD_43;1;1
CORD_ORD_882;PROD_44;1;1
CORD_ORD_882;PROD_45;1;1
CORD_ORD_882;PROD_46;1;1
CORD_ORD_882;PROD_47;1;1
CORD_ORD_882;PROD_48;1;1
CORD_ORD_882;PROD_49;1;1
CORD_ORD_882;PROD_50;1;1
CORD_ORD_882;PROD_6;1;1
CORD_ORD_882;PROD_8;1;1
CORD_ORD_882;PROD_9;1;1
CORD_ORD_883;PROD_1;1;1
CORD_ORD_883;PROD_11;1;1
CORD_ORD_883;PROD_15;1;1
CORD_ORD_883;PROD_19;1;1
CORD_ORD_883;PROD_20;1;1
CORD_ORD_883;PROD_23;1;1
CORD_ORD_883;PROD_27;1;1
CORD_ORD_883;PROD_29;1;1
CORD_ORD_883;PROD_3;1;1
CORD_ORD_883;PROD_33;1;1
CORD_ORD_883;PROD_34;1;1
CORD_ORD_883;PROD_35;1;1
CORD_ORD_883;PROD_36;1;1
CORD_ORD_883;PROD_39;1;1
CORD_ORD_883;PROD_44;1;1
CORD_ORD_883;PROD_45;1;1
CORD_ORD_883;PROD_49;1;1
CORD_ORD_884;PROD_1;1;1
CORD_ORD_884;PROD_10;1;1
CORD_ORD_884;PROD_12;1;1
CORD_ORD_884;PROD_13;1;1
CORD_ORD_884;PROD_16;1;1
CORD_ORD_884;PROD_20;1;1
CORD_ORD_884;PROD_21;1;1
CORD_ORD_884;PROD_3;1;1
CORD_ORD_884;PROD_35;1;1
CORD_ORD_884;PROD_36;1;1
CORD_ORD_884;PROD_38;1;1
CORD_ORD_884;PROD_39;1;1
CORD_ORD_884;PROD_4;1;1
CORD_ORD_884;PROD_8;1;1
CORD_ORD_885;PROD_1;1;1
CORD_ORD_885;PROD_10;1;1
CORD_ORD_885;PROD_14;1;1
CORD_ORD_885;PROD_16;1;1
CORD_ORD_885;PROD_18;1;1
CORD_ORD_885;PROD_2;1;1
CORD_ORD_885;PROD_20;1;1
CORD_ORD_885;PROD_24;1;1
CORD_ORD_885;PROD_26;1;1
CORD_ORD_885;PROD_28;1;1
CORD_ORD_885;PROD_3;1;1
CORD_ORD_885;PROD_35;1;1
CORD_ORD_885;PROD_36;1;1
CORD_ORD_885;PROD_37;1;1
CORD_ORD_885;PROD_39;1;1
CORD_ORD_885;PROD_41;1;1
CORD_ORD_885;PROD_42;1;1
CORD_ORD_885;PROD_46;1;1
CORD_ORD_885;PROD_6;1;1
CORD_ORD_885;PROD_8;1;1
CORD_ORD_885;PROD_9;1;1
CORD_ORD_886;PROD_1;1;1
CORD_ORD_886;PROD_10;1;1
CORD_ORD_886;PROD_13;1;1
CORD_ORD_886;PROD_16;1;1
CORD_ORD_886;PROD_20;1;1
CORD_ORD_886;PROD_3;1;1
CORD_ORD_886;PROD_35;1;1
CORD_ORD_886;PROD_36;1;1
CORD_ORD_886;PROD_38;1;1
CORD_ORD_886;PROD_39;1;1
CORD_ORD_886;PROD_8;1;1
CORD_ORD_887;PROD_1;1;1
CORD_ORD_887;PROD_10;1;1
CORD_ORD_887;PROD_11;1;1
CORD_ORD_887;PROD_16;1;1
CORD_ORD_887;PROD_17;1;1
CORD_ORD_887;PROD_24;1;1
CORD_ORD_887;PROD_27;1;1
CORD_ORD_887;PROD_29;1;1
CORD_ORD_887;PROD_3;1;1
CORD_ORD_887;PROD_30;1;1
CORD_ORD_887;PROD_31;1;1
CORD_ORD_887;PROD_32;1;1
CORD_ORD_887;PROD_36;1;1
CORD_ORD_887;PROD_37;1;1
CORD_ORD_887;PROD_40;1;1
CORD_ORD_887;PROD_42;1;1
CORD_ORD_887;PROD_43;1;1
CORD_ORD_887;PROD_47;1;1
CORD_ORD_887;PROD_48;1;1
CORD_ORD_887;PROD_5;1;1
CORD_ORD_887;PROD_7;1;1
CORD_ORD_887;PROD_8;1;1
CORD_ORD_888;PROD_1;1;1
CORD_ORD_888;PROD_11;1;1
CORD_ORD_888;PROD_12;1;1
CORD_ORD_888;PROD_21;1;1
CORD_ORD_888;PROD_27;1;1
CORD_ORD_888;PROD_29;1;1
CORD_ORD_888;PROD_3;1;1
CORD_ORD_888;PROD_32;1;1
CORD_ORD_888;PROD_36;1;1
CORD_ORD_888;PROD_4;1;1
CORD_ORD_888;PROD_43;1;1
CORD_ORD_888;PROD_47;1;1
CORD_ORD_889;PROD_1;1;1
CORD_ORD_889;PROD_11;1;1
CORD_ORD_889;PROD_15;1;1
CORD_ORD_889;PROD_19;1;1
CORD_ORD_889;PROD_22;1;1
CORD_ORD_889;PROD_25;1;1
CORD_ORD_889;PROD_27;1;1
CORD_ORD_889;PROD_29;1;1
CORD_ORD_889;PROD_3;1;1
CORD_ORD_889;PROD_30;1;1
CORD_ORD_889;PROD_32;1;1
CORD_ORD_889;PROD_33;1;1
CORD_ORD_889;PROD_34;1;1
CORD_ORD_889;PROD_36;1;1
CORD_ORD_889;PROD_40;1;1
CORD_ORD_889;PROD_43;1;1
CORD_ORD_889;PROD_44;1;1
CORD_ORD_889;PROD_47;1;1
CORD_ORD_889;PROD_49;1;1
CORD_ORD_889;PROD_50;1;1
CORD_ORD_890;PROD_1;1;1
CORD_ORD_890;PROD_10;1;1
CORD_ORD_890;PROD_11;1;1
CORD_ORD_890;PROD_13;1;1
CORD_ORD_890;PROD_14;1;1
CORD_ORD_890;PROD_16;1;1
CORD_ORD_890;PROD_17;1;1
CORD_ORD_890;PROD_18;1;1
CORD_ORD_890;PROD_19;1;1
CORD_ORD_890;PROD_2;1;1
CORD_ORD_890;PROD_20;1;1
CORD_ORD_890;PROD_22;1;1
CORD_ORD_890;PROD_25;1;1
CORD_ORD_890;PROD_26;1;1
CORD_ORD_890;PROD_27;1;1
CORD_ORD_890;PROD_28;1;1
CORD_ORD_890;PROD_29;1;1
CORD_ORD_890;PROD_3;1;1
CORD_ORD_890;PROD_31;1;1
CORD_ORD_890;PROD_33;1;1
CORD_ORD_890;PROD_35;1;1
CORD_ORD_890;PROD_36;1;1
CORD_ORD_890;PROD_38;1;1
CORD_ORD_890;PROD_39;1;1
CORD_ORD_890;PROD_41;1;1
CORD_ORD_890;PROD_44;1;1
CORD_ORD_890;PROD_46;1;1
CORD_ORD_890;PROD_48;1;1
CORD_ORD_890;PROD_50;1;1
CORD_ORD_890;PROD_6;1;1
CORD_ORD_890;PROD_8;1;1
CORD_ORD_890;PROD_9;1;1
CORD_ORD_891;PROD_1;1;1
CORD_ORD_891;PROD_18;1;1
CORD_ORD_891;PROD_19;1;1
CORD_ORD_891;PROD_2;1;1
CORD_ORD_891;PROD_20;1;1
CORD_ORD_891;PROD_22;1;1
CORD_ORD_891;PROD_24;1;1
CORD_ORD_891;PROD_25;1;1
CORD_ORD_891;PROD_26;1;1
CORD_ORD_891;PROD_3;1;1
CORD_ORD_891;PROD_32;1;1
CORD_ORD_891;PROD_33;1;1
CORD_ORD_891;PROD_35;1;1
CORD_ORD_891;PROD_36;1;1
CORD_ORD_891;PROD_37;1;1
CORD_ORD_891;PROD_39;1;1
CORD_ORD_891;PROD_41;1;1
CORD_ORD_891;PROD_42;1;1
CORD_ORD_891;PROD_43;1;1
CORD_ORD_891;PROD_44;1;1
CORD_ORD_891;PROD_46;1;1
CORD_ORD_891;PROD_47;1;1
CORD_ORD_891;PROD_50;1;1
CORD_ORD_891;PROD_6;1;1
CORD_ORD_892;PROD_1;1;1
CORD_ORD_892;PROD_10;1;1
CORD_ORD_892;PROD_16;1;1
CORD_ORD_892;PROD_26;1;1
CORD_ORD_892;PROD_3;1;1
CORD_ORD_892;PROD_36;1;1
CORD_ORD_892;PROD_46;1;1
CORD_ORD_892;PROD_6;1;1
CORD_ORD_892;PROD_8;1;1
CORD_ORD_893;PROD_10;1;1
CORD_ORD_893;PROD_11;1;1
CORD_ORD_893;PROD_13;1;1
CORD_ORD_893;PROD_15;1;1
CORD_ORD_893;PROD_16;1;1
CORD_ORD_893;PROD_18;1;1
CORD_ORD_893;PROD_2;1;1
CORD_ORD_893;PROD_24;1;1
CORD_ORD_893;PROD_27;1;1
CORD_ORD_893;PROD_29;1;1
CORD_ORD_893;PROD_34;1;1
CORD_ORD_893;PROD_37;1;1
CORD_ORD_893;PROD_38;1;1
CORD_ORD_893;PROD_41;1;1
CORD_ORD_893;PROD_42;1;1
CORD_ORD_893;PROD_49;1;1
CORD_ORD_893;PROD_8;1;1
CORD_ORD_894;PROD_10;1;1
CORD_ORD_894;PROD_14;1;1
CORD_ORD_894;PROD_16;1;1
CORD_ORD_894;PROD_20;1;1
CORD_ORD_894;PROD_28;1;1
CORD_ORD_894;PROD_32;1;1
CORD_ORD_894;PROD_35;1;1
CORD_ORD_894;PROD_39;1;1
CORD_ORD_894;PROD_43;1;1
CORD_ORD_894;PROD_47;1;1
CORD_ORD_894;PROD_8;1;1
CORD_ORD_894;PROD_9;1;1
CORD_ORD_895;PROD_11;1;1
CORD_ORD_895;PROD_13;1;1
CORD_ORD_895;PROD_15;1;1
CORD_ORD_895;PROD_20;1;1
CORD_ORD_895;PROD_23;1;1
CORD_ORD_895;PROD_27;1;1
CORD_ORD_895;PROD_29;1;1
CORD_ORD_895;PROD_34;1;1
CORD_ORD_895;PROD_35;1;1
CORD_ORD_895;PROD_38;1;1
CORD_ORD_895;PROD_39;1;1
CORD_ORD_895;PROD_45;1;1
CORD_ORD_895;PROD_49;1;1
CORD_ORD_896;PROD_1;1;1
CORD_ORD_896;PROD_10;1;1
CORD_ORD_896;PROD_13;1;1
CORD_ORD_896;PROD_15;1;1
CORD_ORD_896;PROD_16;1;1
CORD_ORD_896;PROD_20;1;1
CORD_ORD_896;PROD_3;1;1
CORD_ORD_896;PROD_34;1;1
CORD_ORD_896;PROD_35;1;1
CORD_ORD_896;PROD_36;1;1
CORD_ORD_896;PROD_38;1;1
CORD_ORD_896;PROD_39;1;1
CORD_ORD_896;PROD_49;1;1
CORD_ORD_896;PROD_8;1;1
CORD_ORD_897;PROD_10;1;1
CORD_ORD_897;PROD_12;1;1
CORD_ORD_897;PROD_13;1;1
CORD_ORD_897;PROD_15;1;1
CORD_ORD_897;PROD_16;1;1
CORD_ORD_897;PROD_21;1;1
CORD_ORD_897;PROD_26;1;1
CORD_ORD_897;PROD_34;1;1
CORD_ORD_897;PROD_38;1;1
CORD_ORD_897;PROD_4;1;1
CORD_ORD_897;PROD_46;1;1
CORD_ORD_897;PROD_49;1;1
CORD_ORD_897;PROD_6;1;1
CORD_ORD_897;PROD_8;1;1
CORD_ORD_898;PROD_1;1;1
CORD_ORD_898;PROD_10;1;1
CORD_ORD_898;PROD_11;1;1
CORD_ORD_898;PROD_16;1;1
CORD_ORD_898;PROD_26;1;1
CORD_ORD_898;PROD_27;1;1
CORD_ORD_898;PROD_29;1;1
CORD_ORD_898;PROD_3;1;1
CORD_ORD_898;PROD_32;1;1
CORD_ORD_898;PROD_36;1;1
CORD_ORD_898;PROD_43;1;1
CORD_ORD_898;PROD_46;1;1
CORD_ORD_898;PROD_47;1;1
CORD_ORD_898;PROD_6;1;1
CORD_ORD_898;PROD_8;1;1
CORD_ORD_899;PROD_1;1;1
CORD_ORD_899;PROD_10;1;1
CORD_ORD_899;PROD_11;1;1
CORD_ORD_899;PROD_16;1;1
CORD_ORD_899;PROD_19;1;1
CORD_ORD_899;PROD_22;1;1
CORD_ORD_899;PROD_25;1;1
CORD_ORD_899;PROD_27;1;1
CORD_ORD_899;PROD_29;1;1
CORD_ORD_899;PROD_3;1;1
CORD_ORD_899;PROD_33;1;1
CORD_ORD_899;PROD_36;1;1
CORD_ORD_899;PROD_44;1;1
CORD_ORD_899;PROD_50;1;1
CORD_ORD_899;PROD_8;1;1
CORD_ORD_900;PROD_11;1;1
CORD_ORD_900;PROD_17;1;1
CORD_ORD_900;PROD_27;1;1
CORD_ORD_900;PROD_29;1;1
CORD_ORD_900;PROD_31;1;1
CORD_ORD_900;PROD_32;1;1
CORD_ORD_900;PROD_43;1;1
CORD_ORD_900;PROD_47;1;1
CORD_ORD_900;PROD_48;1;1
CORD_ORD_901;PROD_1;1;1
CORD_ORD_901;PROD_10;1;1
CORD_ORD_901;PROD_13;1;1
CORD_ORD_901;PROD_14;1;1
CORD_ORD_901;PROD_16;1;1
CORD_ORD_901;PROD_17;1;1
CORD_ORD_901;PROD_18;1;1
CORD_ORD_901;PROD_19;1;1
CORD_ORD_901;PROD_2;1;1
CORD_ORD_901;PROD_20;1;1
CORD_ORD_901;PROD_24;1;1
CORD_ORD_901;PROD_26;1;1
CORD_ORD_901;PROD_28;1;1
CORD_ORD_901;PROD_3;1;1
CORD_ORD_901;PROD_31;1;1
CORD_ORD_901;PROD_33;1;1
CORD_ORD_901;PROD_35;1;1
CORD_ORD_901;PROD_36;1;1
CORD_ORD_901;PROD_37;1;1
CORD_ORD_901;PROD_38;1;1
CORD_ORD_901;PROD_39;1;1
CORD_ORD_901;PROD_41;1;1
CORD_ORD_901;PROD_42;1;1
CORD_ORD_901;PROD_44;1;1
CORD_ORD_901;PROD_46;1;1
CORD_ORD_901;PROD_48;1;1
CORD_ORD_901;PROD_6;1;1
CORD_ORD_901;PROD_8;1;1
CORD_ORD_901;PROD_9;1;1
CORD_ORD_902;PROD_10;1;1
CORD_ORD_902;PROD_12;1;1
CORD_ORD_902;PROD_16;1;1
CORD_ORD_902;PROD_17;1;1
CORD_ORD_902;PROD_19;1;1
CORD_ORD_902;PROD_21;1;1
CORD_ORD_902;PROD_31;1;1
CORD_ORD_902;PROD_32;1;1
CORD_ORD_902;PROD_33;1;1
CORD_ORD_902;PROD_4;1;1
CORD_ORD_902;PROD_43;1;1
CORD_ORD_902;PROD_44;1;1
CORD_ORD_902;PROD_47;1;1
CORD_ORD_902;PROD_48;1;1
CORD_ORD_902;PROD_5;1;1
CORD_ORD_902;PROD_7;1;1
CORD_ORD_902;PROD_8;1;1
CORD_ORD_903;PROD_1;1;1
CORD_ORD_903;PROD_12;1;1
CORD_ORD_903;PROD_13;1;1
CORD_ORD_903;PROD_18;1;1
CORD_ORD_903;PROD_19;1;1
CORD_ORD_903;PROD_2;1;1
CORD_ORD_903;PROD_20;1;1
CORD_ORD_903;PROD_21;1;1
CORD_ORD_903;PROD_23;1;1
CORD_ORD_903;PROD_24;1;1
CORD_ORD_903;PROD_3;1;1
CORD_ORD_903;PROD_30;1;1
CORD_ORD_903;PROD_33;1;1
CORD_ORD_903;PROD_35;1;1
CORD_ORD_903;PROD_36;1;1
CORD_ORD_903;PROD_37;1;1
CORD_ORD_903;PROD_38;1;1
CORD_ORD_903;PROD_39;1;1
CORD_ORD_903;PROD_4;1;1
CORD_ORD_903;PROD_40;1;1
CORD_ORD_903;PROD_41;1;1
CORD_ORD_903;PROD_42;1;1
CORD_ORD_903;PROD_44;1;1
CORD_ORD_903;PROD_45;1;1
CORD_ORD_904;PROD_10;1;1
CORD_ORD_904;PROD_11;1;1
CORD_ORD_904;PROD_12;1;1
CORD_ORD_904;PROD_16;1;1
CORD_ORD_904;PROD_21;1;1
CORD_ORD_904;PROD_22;1;1
CORD_ORD_904;PROD_25;1;1
CORD_ORD_904;PROD_27;1;1
CORD_ORD_904;PROD_29;1;1
CORD_ORD_904;PROD_32;1;1
CORD_ORD_904;PROD_4;1;1
CORD_ORD_904;PROD_43;1;1
CORD_ORD_904;PROD_47;1;1
CORD_ORD_904;PROD_50;1;1
CORD_ORD_904;PROD_8;1;1
CORD_ORD_905;PROD_1;1;1
CORD_ORD_905;PROD_11;1;1
CORD_ORD_905;PROD_22;1;1
CORD_ORD_905;PROD_25;1;1
CORD_ORD_905;PROD_27;1;1
CORD_ORD_905;PROD_29;1;1
CORD_ORD_905;PROD_3;1;1
CORD_ORD_905;PROD_32;1;1
CORD_ORD_905;PROD_36;1;1
CORD_ORD_905;PROD_43;1;1
CORD_ORD_905;PROD_47;1;1
CORD_ORD_905;PROD_50;1;1
CORD_ORD_906;PROD_10;1;1
CORD_ORD_906;PROD_11;1;1
CORD_ORD_906;PROD_13;1;1
CORD_ORD_906;PROD_16;1;1
CORD_ORD_906;PROD_17;1;1
CORD_ORD_906;PROD_18;1;1
CORD_ORD_906;PROD_2;1;1
CORD_ORD_906;PROD_22;1;1
CORD_ORD_906;PROD_23;1;1
CORD_ORD_906;PROD_24;1;1
CORD_ORD_906;PROD_25;1;1
CORD_ORD_906;PROD_27;1;1
CORD_ORD_906;PROD_29;1;1
CORD_ORD_906;PROD_31;1;1
CORD_ORD_906;PROD_37;1;1
CORD_ORD_906;PROD_38;1;1
CORD_ORD_906;PROD_41;1;1
CORD_ORD_906;PROD_42;1;1
CORD_ORD_906;PROD_45;1;1
CORD_ORD_906;PROD_48;1;1
CORD_ORD_906;PROD_50;1;1
CORD_ORD_906;PROD_8;1;1
CORD_ORD_907;PROD_1;1;1
CORD_ORD_907;PROD_10;1;1
CORD_ORD_907;PROD_11;1;1
CORD_ORD_907;PROD_16;1;1
CORD_ORD_907;PROD_17;1;1
CORD_ORD_907;PROD_22;1;1
CORD_ORD_907;PROD_23;1;1
CORD_ORD_907;PROD_25;1;1
CORD_ORD_907;PROD_26;1;1
CORD_ORD_907;PROD_27;1;1
CORD_ORD_907;PROD_29;1;1
CORD_ORD_907;PROD_3;1;1
CORD_ORD_907;PROD_31;1;1
CORD_ORD_907;PROD_36;1;1
CORD_ORD_907;PROD_45;1;1
CORD_ORD_907;PROD_46;1;1
CORD_ORD_907;PROD_48;1;1
CORD_ORD_907;PROD_50;1;1
CORD_ORD_907;PROD_6;1;1
CORD_ORD_907;PROD_8;1;1
CORD_ORD_908;PROD_1;1;1
CORD_ORD_908;PROD_11;1;1
CORD_ORD_908;PROD_12;1;1
CORD_ORD_908;PROD_15;1;1
CORD_ORD_908;PROD_17;1;1
CORD_ORD_908;PROD_19;1;1
CORD_ORD_908;PROD_20;1;1
CORD_ORD_908;PROD_21;1;1
CORD_ORD_908;PROD_22;1;1
CORD_ORD_908;PROD_25;1;1
CORD_ORD_908;PROD_27;1;1
CORD_ORD_908;PROD_29;1;1
CORD_ORD_908;PROD_3;1;1
CORD_ORD_908;PROD_31;1;1
CORD_ORD_908;PROD_32;1;1
CORD_ORD_908;PROD_33;1;1
CORD_ORD_908;PROD_34;1;1
CORD_ORD_908;PROD_35;1;1
CORD_ORD_908;PROD_36;1;1
CORD_ORD_908;PROD_39;1;1
CORD_ORD_908;PROD_4;1;1
CORD_ORD_908;PROD_43;1;1
CORD_ORD_908;PROD_44;1;1
CORD_ORD_908;PROD_47;1;1
CORD_ORD_908;PROD_48;1;1
CORD_ORD_908;PROD_49;1;1
CORD_ORD_908;PROD_50;1;1
CORD_ORD_909;PROD_1;1;1
CORD_ORD_909;PROD_10;1;1
CORD_ORD_909;PROD_15;1;1
CORD_ORD_909;PROD_16;1;1
CORD_ORD_909;PROD_22;1;1
CORD_ORD_909;PROD_25;1;1
CORD_ORD_909;PROD_3;1;1
CORD_ORD_909;PROD_30;1;1
CORD_ORD_909;PROD_34;1;1
CORD_ORD_909;PROD_36;1;1
CORD_ORD_909;PROD_40;1;1
CORD_ORD_909;PROD_49;1;1
CORD_ORD_909;PROD_50;1;1
CORD_ORD_909;PROD_8;1;1
CORD_ORD_910;PROD_1;1;1
CORD_ORD_910;PROD_10;1;1
CORD_ORD_910;PROD_12;1;1
CORD_ORD_910;PROD_13;1;1
CORD_ORD_910;PROD_16;1;1
CORD_ORD_910;PROD_17;1;1
CORD_ORD_910;PROD_20;1;1
CORD_ORD_910;PROD_21;1;1
CORD_ORD_910;PROD_23;1;1
CORD_ORD_910;PROD_3;1;1
CORD_ORD_910;PROD_31;1;1
CORD_ORD_910;PROD_32;1;1
CORD_ORD_910;PROD_35;1;1
CORD_ORD_910;PROD_36;1;1
CORD_ORD_910;PROD_38;1;1
CORD_ORD_910;PROD_39;1;1
CORD_ORD_910;PROD_4;1;1
CORD_ORD_910;PROD_43;1;1
CORD_ORD_910;PROD_45;1;1
CORD_ORD_910;PROD_47;1;1
CORD_ORD_910;PROD_48;1;1
CORD_ORD_910;PROD_8;1;1
CORD_ORD_911;PROD_1;1;1
CORD_ORD_911;PROD_10;1;1
CORD_ORD_911;PROD_12;1;1
CORD_ORD_911;PROD_13;1;1
CORD_ORD_911;PROD_14;1;1
CORD_ORD_911;PROD_15;1;1
CORD_ORD_911;PROD_16;1;1
CORD_ORD_911;PROD_17;1;1
CORD_ORD_911;PROD_19;1;1
CORD_ORD_911;PROD_21;1;1
CORD_ORD_911;PROD_22;1;1
CORD_ORD_911;PROD_23;1;1
CORD_ORD_911;PROD_24;1;1
CORD_ORD_911;PROD_25;1;1
CORD_ORD_911;PROD_26;1;1
CORD_ORD_911;PROD_28;1;1
CORD_ORD_911;PROD_3;1;1
CORD_ORD_911;PROD_31;1;1
CORD_ORD_911;PROD_33;1;1
CORD_ORD_911;PROD_34;1;1
CORD_ORD_911;PROD_36;1;1
CORD_ORD_911;PROD_37;1;1
CORD_ORD_911;PROD_38;1;1
CORD_ORD_911;PROD_4;1;1
CORD_ORD_911;PROD_42;1;1
CORD_ORD_911;PROD_44;1;1
CORD_ORD_911;PROD_45;1;1
CORD_ORD_911;PROD_46;1;1
CORD_ORD_911;PROD_48;1;1
CORD_ORD_911;PROD_49;1;1
CORD_ORD_911;PROD_50;1;1
CORD_ORD_911;PROD_6;1;1
CORD_ORD_911;PROD_8;1;1
CORD_ORD_911;PROD_9;1;1
CORD_ORD_912;PROD_13;1;1
CORD_ORD_912;PROD_19;1;1
CORD_ORD_912;PROD_24;1;1
CORD_ORD_912;PROD_26;1;1
CORD_ORD_912;PROD_33;1;1
CORD_ORD_912;PROD_37;1;1
CORD_ORD_912;PROD_38;1;1
CORD_ORD_912;PROD_42;1;1
CORD_ORD_912;PROD_44;1;1
CORD_ORD_912;PROD_46;1;1
CORD_ORD_912;PROD_6;1;1
CORD_ORD_913;PROD_10;1;1
CORD_ORD_913;PROD_13;1;1
CORD_ORD_913;PROD_15;1;1
CORD_ORD_913;PROD_16;1;1
CORD_ORD_913;PROD_17;1;1
CORD_ORD_913;PROD_31;1;1
CORD_ORD_913;PROD_34;1;1
CORD_ORD_913;PROD_38;1;1
CORD_ORD_913;PROD_48;1;1
CORD_ORD_913;PROD_49;1;1
CORD_ORD_913;PROD_8;1;1
CORD_ORD_914;PROD_1;1;1
CORD_ORD_914;PROD_10;1;1
CORD_ORD_914;PROD_12;1;1
CORD_ORD_914;PROD_14;1;1
CORD_ORD_914;PROD_15;1;1
CORD_ORD_914;PROD_16;1;1
CORD_ORD_914;PROD_17;1;1
CORD_ORD_914;PROD_20;1;1
CORD_ORD_914;PROD_21;1;1
CORD_ORD_914;PROD_26;1;1
CORD_ORD_914;PROD_28;1;1
CORD_ORD_914;PROD_3;1;1
CORD_ORD_914;PROD_30;1;1
CORD_ORD_914;PROD_31;1;1
CORD_ORD_914;PROD_34;1;1
CORD_ORD_914;PROD_35;1;1
CORD_ORD_914;PROD_36;1;1
CORD_ORD_914;PROD_39;1;1
CORD_ORD_914;PROD_4;1;1
CORD_ORD_914;PROD_40;1;1
CORD_ORD_914;PROD_46;1;1
CORD_ORD_914;PROD_48;1;1
CORD_ORD_914;PROD_49;1;1
CORD_ORD_914;PROD_5;1;1
CORD_ORD_914;PROD_6;1;1
CORD_ORD_914;PROD_7;1;1
CORD_ORD_914;PROD_8;1;1
CORD_ORD_914;PROD_9;1;1
CORD_ORD_915;PROD_1;1;1
CORD_ORD_915;PROD_12;1;1
CORD_ORD_915;PROD_15;1;1
CORD_ORD_915;PROD_19;1;1
CORD_ORD_915;PROD_20;1;1
CORD_ORD_915;PROD_21;1;1
CORD_ORD_915;PROD_22;1;1
CORD_ORD_915;PROD_25;1;1
CORD_ORD_915;PROD_3;1;1
CORD_ORD_915;PROD_32;1;1
CORD_ORD_915;PROD_33;1;1
CORD_ORD_915;PROD_34;1;1
CORD_ORD_915;PROD_35;1;1
CORD_ORD_915;PROD_36;1;1
CORD_ORD_915;PROD_39;1;1
CORD_ORD_915;PROD_4;1;1
CORD_ORD_915;PROD_43;1;1
CORD_ORD_915;PROD_44;1;1
CORD_ORD_915;PROD_47;1;1
CORD_ORD_915;PROD_49;1;1
CORD_ORD_915;PROD_50;1;1
CORD_ORD_916;PROD_10;1;1
CORD_ORD_916;PROD_11;1;1
CORD_ORD_916;PROD_12;1;1
CORD_ORD_916;PROD_16;1;1
CORD_ORD_916;PROD_17;1;1
CORD_ORD_916;PROD_19;1;1
CORD_ORD_916;PROD_21;1;1
CORD_ORD_916;PROD_27;1;1
CORD_ORD_916;PROD_29;1;1
CORD_ORD_916;PROD_30;1;1
CORD_ORD_916;PROD_31;1;1
CORD_ORD_916;PROD_33;1;1
CORD_ORD_916;PROD_4;1;1
CORD_ORD_916;PROD_40;1;1
CORD_ORD_916;PROD_44;1;1
CORD_ORD_916;PROD_48;1;1
CORD_ORD_916;PROD_5;1;1
CORD_ORD_916;PROD_7;1;1
CORD_ORD_916;PROD_8;1;1
CORD_ORD_917;PROD_12;1;1
CORD_ORD_917;PROD_15;1;1
CORD_ORD_917;PROD_21;1;1
CORD_ORD_917;PROD_23;1;1
CORD_ORD_917;PROD_26;1;1
CORD_ORD_917;PROD_32;1;1
CORD_ORD_917;PROD_34;1;1
CORD_ORD_917;PROD_4;1;1
CORD_ORD_917;PROD_43;1;1
CORD_ORD_917;PROD_45;1;1
CORD_ORD_917;PROD_46;1;1
CORD_ORD_917;PROD_47;1;1
CORD_ORD_917;PROD_49;1;1
CORD_ORD_917;PROD_6;1;1
CORD_ORD_918;PROD_12;1;1
CORD_ORD_918;PROD_13;1;1
CORD_ORD_918;PROD_21;1;1
CORD_ORD_918;PROD_32;1;1
CORD_ORD_918;PROD_38;1;1
CORD_ORD_918;PROD_4;1;1
CORD_ORD_918;PROD_43;1;1
CORD_ORD_918;PROD_47;1;1
CORD_ORD_919;PROD_1;1;1
CORD_ORD_919;PROD_10;1;1
CORD_ORD_919;PROD_16;1;1
CORD_ORD_919;PROD_19;1;1
CORD_ORD_919;PROD_26;1;1
CORD_ORD_919;PROD_3;1;1
CORD_ORD_919;PROD_33;1;1
CORD_ORD_919;PROD_36;1;1
CORD_ORD_919;PROD_44;1;1
CORD_ORD_919;PROD_46;1;1
CORD_ORD_919;PROD_6;1;1
CORD_ORD_919;PROD_8;1;1
CORD_ORD_920;PROD_1;1;1
CORD_ORD_920;PROD_10;1;1
CORD_ORD_920;PROD_16;1;1
CORD_ORD_920;PROD_26;1;1
CORD_ORD_920;PROD_3;1;1
CORD_ORD_920;PROD_32;1;1
CORD_ORD_920;PROD_36;1;1
CORD_ORD_920;PROD_43;1;1
CORD_ORD_920;PROD_46;1;1
CORD_ORD_920;PROD_47;1;1
CORD_ORD_920;PROD_6;1;1
CORD_ORD_920;PROD_8;1;1
CORD_ORD_921;PROD_12;1;1
CORD_ORD_921;PROD_14;1;1
CORD_ORD_921;PROD_15;1;1
CORD_ORD_921;PROD_18;1;1
CORD_ORD_921;PROD_2;1;1
CORD_ORD_921;PROD_20;1;1
CORD_ORD_921;PROD_21;1;1
CORD_ORD_921;PROD_22;1;1
CORD_ORD_921;PROD_24;1;1
CORD_ORD_921;PROD_25;1;1
CORD_ORD_921;PROD_28;1;1
CORD_ORD_921;PROD_30;1;1
CORD_ORD_921;PROD_32;1;1
CORD_ORD_921;PROD_34;1;1
CORD_ORD_921;PROD_35;1;1
CORD_ORD_921;PROD_37;1;1
CORD_ORD_921;PROD_39;1;1
CORD_ORD_921;PROD_4;1;1
CORD_ORD_921;PROD_40;1;1
CORD_ORD_921;PROD_41;1;1
CORD_ORD_921;PROD_42;1;1
CORD_ORD_921;PROD_43;1;1
CORD_ORD_921;PROD_47;1;1
CORD_ORD_921;PROD_49;1;1
CORD_ORD_921;PROD_50;1;1
CORD_ORD_921;PROD_9;1;1
CORD_ORD_922;PROD_12;1;1
CORD_ORD_922;PROD_13;1;1
CORD_ORD_922;PROD_19;1;1
CORD_ORD_922;PROD_21;1;1
CORD_ORD_922;PROD_33;1;1
CORD_ORD_922;PROD_38;1;1
CORD_ORD_922;PROD_4;1;1
CORD_ORD_922;PROD_44;1;1
CORD_ORD_923;PROD_10;1;1
CORD_ORD_923;PROD_12;1;1
CORD_ORD_923;PROD_16;1;1
CORD_ORD_923;PROD_17;1;1
CORD_ORD_923;PROD_21;1;1
CORD_ORD_923;PROD_26;1;1
CORD_ORD_923;PROD_31;1;1
CORD_ORD_923;PROD_4;1;1
CORD_ORD_923;PROD_46;1;1
CORD_ORD_923;PROD_48;1;1
CORD_ORD_923;PROD_5;1;1
CORD_ORD_923;PROD_6;1;1
CORD_ORD_923;PROD_7;1;1
CORD_ORD_923;PROD_8;1;1
CORD_ORD_924;PROD_1;1;1
CORD_ORD_924;PROD_10;1;1
CORD_ORD_924;PROD_11;1;1
CORD_ORD_924;PROD_13;1;1
CORD_ORD_924;PROD_16;1;1
CORD_ORD_924;PROD_18;1;1
CORD_ORD_924;PROD_19;1;1
CORD_ORD_924;PROD_2;1;1
CORD_ORD_924;PROD_22;1;1
CORD_ORD_924;PROD_24;1;1
CORD_ORD_924;PROD_25;1;1
CORD_ORD_924;PROD_27;1;1
CORD_ORD_924;PROD_29;1;1
CORD_ORD_924;PROD_3;1;1
CORD_ORD_924;PROD_32;1;1
CORD_ORD_924;PROD_33;1;1
CORD_ORD_924;PROD_36;1;1
CORD_ORD_924;PROD_37;1;1
CORD_ORD_924;PROD_38;1;1
CORD_ORD_924;PROD_41;1;1
CORD_ORD_924;PROD_42;1;1
CORD_ORD_924;PROD_43;1;1
CORD_ORD_924;PROD_44;1;1
CORD_ORD_924;PROD_47;1;1
CORD_ORD_924;PROD_50;1;1
CORD_ORD_924;PROD_8;1;1
CORD_ORD_925;PROD_10;1;1
CORD_ORD_925;PROD_16;1;1
CORD_ORD_925;PROD_18;1;1
CORD_ORD_925;PROD_19;1;1
CORD_ORD_925;PROD_2;1;1
CORD_ORD_925;PROD_23;1;1
CORD_ORD_925;PROD_32;1;1
CORD_ORD_925;PROD_33;1;1
CORD_ORD_925;PROD_41;1;1
CORD_ORD_925;PROD_43;1;1
CORD_ORD_925;PROD_44;1;1
CORD_ORD_925;PROD_45;1;1
CORD_ORD_925;PROD_47;1;1
CORD_ORD_925;PROD_8;1;1
CORD_ORD_926;PROD_14;1;1
CORD_ORD_926;PROD_15;1;1
CORD_ORD_926;PROD_19;1;1
CORD_ORD_926;PROD_26;1;1
CORD_ORD_926;PROD_28;1;1
CORD_ORD_926;PROD_32;1;1
CORD_ORD_926;PROD_33;1;1
CORD_ORD_926;PROD_34;1;1
CORD_ORD_926;PROD_43;1;1
CORD_ORD_926;PROD_44;1;1
CORD_ORD_926;PROD_46;1;1
CORD_ORD_926;PROD_47;1;1
CORD_ORD_926;PROD_49;1;1
CORD_ORD_926;PROD_5;1;1
CORD_ORD_926;PROD_6;1;1
CORD_ORD_926;PROD_7;1;1
CORD_ORD_926;PROD_9;1;1
CORD_ORD_927;PROD_1;1;1
CORD_ORD_927;PROD_11;1;1
CORD_ORD_927;PROD_13;1;1
CORD_ORD_927;PROD_14;1;1
CORD_ORD_927;PROD_17;1;1
CORD_ORD_927;PROD_24;1;1
CORD_ORD_927;PROD_27;1;1
CORD_ORD_927;PROD_28;1;1
CORD_ORD_927;PROD_29;1;1
CORD_ORD_927;PROD_3;1;1
CORD_ORD_927;PROD_30;1;1
CORD_ORD_927;PROD_31;1;1
CORD_ORD_927;PROD_32;1;1
CORD_ORD_927;PROD_36;1;1
CORD_ORD_927;PROD_37;1;1
CORD_ORD_927;PROD_38;1;1
CORD_ORD_927;PROD_40;1;1
CORD_ORD_927;PROD_42;1;1
CORD_ORD_927;PROD_43;1;1
CORD_ORD_927;PROD_47;1;1
CORD_ORD_927;PROD_48;1;1
CORD_ORD_927;PROD_9;1;1
CORD_ORD_928;PROD_1;1;1
CORD_ORD_928;PROD_10;1;1
CORD_ORD_928;PROD_12;1;1
CORD_ORD_928;PROD_16;1;1
CORD_ORD_928;PROD_17;1;1
CORD_ORD_928;PROD_19;1;1
CORD_ORD_928;PROD_20;1;1
CORD_ORD_928;PROD_21;1;1
CORD_ORD_928;PROD_3;1;1
CORD_ORD_928;PROD_31;1;1
CORD_ORD_928;PROD_33;1;1
CORD_ORD_928;PROD_35;1;1
CORD_ORD_928;PROD_36;1;1
CORD_ORD_928;PROD_39;1;1
CORD_ORD_928;PROD_4;1;1
CORD_ORD_928;PROD_44;1;1
CORD_ORD_928;PROD_48;1;1
CORD_ORD_928;PROD_5;1;1
CORD_ORD_928;PROD_7;1;1
CORD_ORD_928;PROD_8;1;1
CORD_ORD_929;PROD_10;1;1
CORD_ORD_929;PROD_11;1;1
CORD_ORD_929;PROD_12;1;1
CORD_ORD_929;PROD_15;1;1
CORD_ORD_929;PROD_16;1;1
CORD_ORD_929;PROD_19;1;1
CORD_ORD_929;PROD_21;1;1
CORD_ORD_929;PROD_22;1;1
CORD_ORD_929;PROD_24;1;1
CORD_ORD_929;PROD_25;1;1
CORD_ORD_929;PROD_27;1;1
CORD_ORD_929;PROD_29;1;1
CORD_ORD_929;PROD_33;1;1
CORD_ORD_929;PROD_34;1;1
CORD_ORD_929;PROD_37;1;1
CORD_ORD_929;PROD_4;1;1
CORD_ORD_929;PROD_42;1;1
CORD_ORD_929;PROD_44;1;1
CORD_ORD_929;PROD_49;1;1
CORD_ORD_929;PROD_50;1;1
CORD_ORD_929;PROD_8;1;1
CORD_ORD_930;PROD_1;1;1
CORD_ORD_930;PROD_10;1;1
CORD_ORD_930;PROD_13;1;1
CORD_ORD_930;PROD_16;1;1
CORD_ORD_930;PROD_20;1;1
CORD_ORD_930;PROD_3;1;1
CORD_ORD_930;PROD_35;1;1
CORD_ORD_930;PROD_36;1;1
CORD_ORD_930;PROD_38;1;1
CORD_ORD_930;PROD_39;1;1
CORD_ORD_930;PROD_8;1;1
CORD_ORD_931;PROD_1;1;1
CORD_ORD_931;PROD_10;1;1
CORD_ORD_931;PROD_11;1;1
CORD_ORD_931;PROD_16;1;1
CORD_ORD_931;PROD_18;1;1
CORD_ORD_931;PROD_2;1;1
CORD_ORD_931;PROD_22;1;1
CORD_ORD_931;PROD_24;1;1
CORD_ORD_931;PROD_25;1;1
CORD_ORD_931;PROD_27;1;1
CORD_ORD_931;PROD_29;1;1
CORD_ORD_931;PROD_3;1;1
CORD_ORD_931;PROD_36;1;1
CORD_ORD_931;PROD_37;1;1
CORD_ORD_931;PROD_41;1;1
CORD_ORD_931;PROD_42;1;1
CORD_ORD_931;PROD_50;1;1
CORD_ORD_931;PROD_8;1;1
CORD_ORD_932;PROD_1;1;1
CORD_ORD_932;PROD_11;1;1
CORD_ORD_932;PROD_19;1;1
CORD_ORD_932;PROD_23;1;1
CORD_ORD_932;PROD_27;1;1
CORD_ORD_932;PROD_29;1;1
CORD_ORD_932;PROD_3;1;1
CORD_ORD_932;PROD_33;1;1
CORD_ORD_932;PROD_36;1;1
CORD_ORD_932;PROD_44;1;1
CORD_ORD_932;PROD_45;1;1
CORD_ORD_933;PROD_1;1;1
CORD_ORD_933;PROD_10;1;1
CORD_ORD_933;PROD_11;1;1
CORD_ORD_933;PROD_13;1;1
CORD_ORD_933;PROD_15;1;1
CORD_ORD_933;PROD_16;1;1
CORD_ORD_933;PROD_17;1;1
CORD_ORD_933;PROD_20;1;1
CORD_ORD_933;PROD_26;1;1
CORD_ORD_933;PROD_27;1;1
CORD_ORD_933;PROD_29;1;1
CORD_ORD_933;PROD_3;1;1
CORD_ORD_933;PROD_31;1;1
CORD_ORD_933;PROD_32;1;1
CORD_ORD_933;PROD_34;1;1
CORD_ORD_933;PROD_35;1;1
CORD_ORD_933;PROD_36;1;1
CORD_ORD_933;PROD_38;1;1
CORD_ORD_933;PROD_39;1;1
CORD_ORD_933;PROD_43;1;1
CORD_ORD_933;PROD_46;1;1
CORD_ORD_933;PROD_47;1;1
CORD_ORD_933;PROD_48;1;1
CORD_ORD_933;PROD_49;1;1
CORD_ORD_933;PROD_5;1;1
CORD_ORD_933;PROD_6;1;1
CORD_ORD_933;PROD_7;1;1
CORD_ORD_933;PROD_8;1;1
CORD_ORD_934;PROD_1;1;1
CORD_ORD_934;PROD_12;1;1
CORD_ORD_934;PROD_14;1;1
CORD_ORD_934;PROD_15;1;1
CORD_ORD_934;PROD_17;1;1
CORD_ORD_934;PROD_19;1;1
CORD_ORD_934;PROD_20;1;1
CORD_ORD_934;PROD_21;1;1
CORD_ORD_934;PROD_23;1;1
CORD_ORD_934;PROD_28;1;1
CORD_ORD_934;PROD_3;1;1
CORD_ORD_934;PROD_31;1;1
CORD_ORD_934;PROD_32;1;1
CORD_ORD_934;PROD_33;1;1
CORD_ORD_934;PROD_34;1;1
CORD_ORD_934;PROD_35;1;1
CORD_ORD_934;PROD_36;1;1
CORD_ORD_934;PROD_39;1;1
CORD_ORD_934;PROD_4;1;1
CORD_ORD_934;PROD_43;1;1
CORD_ORD_934;PROD_44;1;1
CORD_ORD_934;PROD_45;1;1
CORD_ORD_934;PROD_47;1;1
CORD_ORD_934;PROD_48;1;1
CORD_ORD_934;PROD_49;1;1
CORD_ORD_934;PROD_9;1;1
CORD_ORD_935;PROD_14;1;1
CORD_ORD_935;PROD_17;1;1
CORD_ORD_935;PROD_18;1;1
CORD_ORD_935;PROD_2;1;1
CORD_ORD_935;PROD_26;1;1
CORD_ORD_935;PROD_28;1;1
CORD_ORD_935;PROD_31;1;1
CORD_ORD_935;PROD_41;1;1
CORD_ORD_935;PROD_46;1;1
CORD_ORD_935;PROD_48;1;1
CORD_ORD_935;PROD_6;1;1
CORD_ORD_935;PROD_9;1;1
CORD_ORD_936;PROD_1;1;1
CORD_ORD_936;PROD_10;1;1
CORD_ORD_936;PROD_11;1;1
CORD_ORD_936;PROD_15;1;1
CORD_ORD_936;PROD_16;1;1
CORD_ORD_936;PROD_17;1;1
CORD_ORD_936;PROD_24;1;1
CORD_ORD_936;PROD_27;1;1
CORD_ORD_936;PROD_29;1;1
CORD_ORD_936;PROD_3;1;1
CORD_ORD_936;PROD_31;1;1
CORD_ORD_936;PROD_32;1;1
CORD_ORD_936;PROD_34;1;1
CORD_ORD_936;PROD_36;1;1
CORD_ORD_936;PROD_37;1;1
CORD_ORD_936;PROD_42;1;1
CORD_ORD_936;PROD_43;1;1
CORD_ORD_936;PROD_47;1;1
CORD_ORD_936;PROD_48;1;1
CORD_ORD_936;PROD_49;1;1
CORD_ORD_936;PROD_8;1;1
CORD_ORD_937;PROD_1;1;1
CORD_ORD_937;PROD_11;1;1
CORD_ORD_937;PROD_13;1;1
CORD_ORD_937;PROD_17;1;1
CORD_ORD_937;PROD_19;1;1
CORD_ORD_937;PROD_20;1;1
CORD_ORD_937;PROD_22;1;1
CORD_ORD_937;PROD_23;1;1
CORD_ORD_937;PROD_25;1;1
CORD_ORD_937;PROD_27;1;1
CORD_ORD_937;PROD_29;1;1
CORD_ORD_937;PROD_3;1;1
CORD_ORD_937;PROD_31;1;1
CORD_ORD_937;PROD_33;1;1
CORD_ORD_937;PROD_35;1;1
CORD_ORD_937;PROD_36;1;1
CORD_ORD_937;PROD_38;1;1
CORD_ORD_937;PROD_39;1;1
CORD_ORD_937;PROD_44;1;1
CORD_ORD_937;PROD_45;1;1
CORD_ORD_937;PROD_48;1;1
CORD_ORD_937;PROD_50;1;1
CORD_ORD_938;PROD_10;1;1
CORD_ORD_938;PROD_12;1;1
CORD_ORD_938;PROD_14;1;1
CORD_ORD_938;PROD_16;1;1
CORD_ORD_938;PROD_17;1;1
CORD_ORD_938;PROD_18;1;1
CORD_ORD_938;PROD_2;1;1
CORD_ORD_938;PROD_21;1;1
CORD_ORD_938;PROD_26;1;1
CORD_ORD_938;PROD_28;1;1
CORD_ORD_938;PROD_31;1;1
CORD_ORD_938;PROD_4;1;1
CORD_ORD_938;PROD_41;1;1
CORD_ORD_938;PROD_46;1;1
CORD_ORD_938;PROD_48;1;1
CORD_ORD_938;PROD_6;1;1
CORD_ORD_938;PROD_8;1;1
CORD_ORD_938;PROD_9;1;1
CORD_ORD_939;PROD_14;1;1
CORD_ORD_939;PROD_17;1;1
CORD_ORD_939;PROD_19;1;1
CORD_ORD_939;PROD_23;1;1
CORD_ORD_939;PROD_26;1;1
CORD_ORD_939;PROD_28;1;1
CORD_ORD_939;PROD_30;1;1
CORD_ORD_939;PROD_31;1;1
CORD_ORD_939;PROD_33;1;1
CORD_ORD_939;PROD_40;1;1
CORD_ORD_939;PROD_44;1;1
CORD_ORD_939;PROD_45;1;1
CORD_ORD_939;PROD_46;1;1
CORD_ORD_939;PROD_48;1;1
CORD_ORD_939;PROD_6;1;1
CORD_ORD_939;PROD_9;1;1
CORD_ORD_940;PROD_1;1;1
CORD_ORD_940;PROD_17;1;1
CORD_ORD_940;PROD_18;1;1
CORD_ORD_940;PROD_19;1;1
CORD_ORD_940;PROD_2;1;1
CORD_ORD_940;PROD_20;1;1
CORD_ORD_940;PROD_22;1;1
CORD_ORD_940;PROD_23;1;1
CORD_ORD_940;PROD_25;1;1
CORD_ORD_940;PROD_26;1;1
CORD_ORD_940;PROD_3;1;1
CORD_ORD_940;PROD_30;1;1
CORD_ORD_940;PROD_31;1;1
CORD_ORD_940;PROD_32;1;1
CORD_ORD_940;PROD_33;1;1
CORD_ORD_940;PROD_35;1;1
CORD_ORD_940;PROD_36;1;1
CORD_ORD_940;PROD_39;1;1
CORD_ORD_940;PROD_40;1;1
CORD_ORD_940;PROD_41;1;1
CORD_ORD_940;PROD_43;1;1
CORD_ORD_940;PROD_44;1;1
CORD_ORD_940;PROD_45;1;1
CORD_ORD_940;PROD_46;1;1
CORD_ORD_940;PROD_47;1;1
CORD_ORD_940;PROD_48;1;1
CORD_ORD_940;PROD_5;1;1
CORD_ORD_940;PROD_50;1;1
CORD_ORD_940;PROD_6;1;1
CORD_ORD_940;PROD_7;1;1
CORD_ORD_941;PROD_1;1;1
CORD_ORD_941;PROD_10;1;1
CORD_ORD_941;PROD_11;1;1
CORD_ORD_941;PROD_15;1;1
CORD_ORD_941;PROD_16;1;1
CORD_ORD_941;PROD_19;1;1
CORD_ORD_941;PROD_22;1;1
CORD_ORD_941;PROD_25;1;1
CORD_ORD_941;PROD_27;1;1
CORD_ORD_941;PROD_29;1;1
CORD_ORD_941;PROD_3;1;1
CORD_ORD_941;PROD_32;1;1
CORD_ORD_941;PROD_33;1;1
CORD_ORD_941;PROD_34;1;1
CORD_ORD_941;PROD_36;1;1
CORD_ORD_941;PROD_43;1;1
CORD_ORD_941;PROD_44;1;1
CORD_ORD_941;PROD_47;1;1
CORD_ORD_941;PROD_49;1;1
CORD_ORD_941;PROD_50;1;1
CORD_ORD_941;PROD_8;1;1
CORD_ORD_942;PROD_1;1;1
CORD_ORD_942;PROD_11;1;1
CORD_ORD_942;PROD_12;1;1
CORD_ORD_942;PROD_20;1;1
CORD_ORD_942;PROD_21;1;1
CORD_ORD_942;PROD_26;1;1
CORD_ORD_942;PROD_27;1;1
CORD_ORD_942;PROD_29;1;1
CORD_ORD_942;PROD_3;1;1
CORD_ORD_942;PROD_32;1;1
CORD_ORD_942;PROD_35;1;1
CORD_ORD_942;PROD_36;1;1
CORD_ORD_942;PROD_39;1;1
CORD_ORD_942;PROD_4;1;1
CORD_ORD_942;PROD_43;1;1
CORD_ORD_942;PROD_46;1;1
CORD_ORD_942;PROD_47;1;1
CORD_ORD_942;PROD_5;1;1
CORD_ORD_942;PROD_6;1;1
CORD_ORD_942;PROD_7;1;1
CORD_ORD_943;PROD_1;1;1
CORD_ORD_943;PROD_10;1;1
CORD_ORD_943;PROD_11;1;1
CORD_ORD_943;PROD_13;1;1
CORD_ORD_943;PROD_16;1;1
CORD_ORD_943;PROD_20;1;1
CORD_ORD_943;PROD_27;1;1
CORD_ORD_943;PROD_29;1;1
CORD_ORD_943;PROD_3;1;1
CORD_ORD_943;PROD_35;1;1
CORD_ORD_943;PROD_36;1;1
CORD_ORD_943;PROD_38;1;1
CORD_ORD_943;PROD_39;1;1
CORD_ORD_943;PROD_8;1;1
CORD_ORD_944;PROD_11;1;1
CORD_ORD_944;PROD_12;1;1
CORD_ORD_944;PROD_14;1;1
CORD_ORD_944;PROD_15;1;1
CORD_ORD_944;PROD_17;1;1
CORD_ORD_944;PROD_18;1;1
CORD_ORD_944;PROD_2;1;1
CORD_ORD_944;PROD_21;1;1
CORD_ORD_944;PROD_22;1;1
CORD_ORD_944;PROD_25;1;1
CORD_ORD_944;PROD_26;1;1
CORD_ORD_944;PROD_27;1;1
CORD_ORD_944;PROD_28;1;1
CORD_ORD_944;PROD_29;1;1
CORD_ORD_944;PROD_31;1;1
CORD_ORD_944;PROD_34;1;1
CORD_ORD_944;PROD_4;1;1
CORD_ORD_944;PROD_41;1;1
CORD_ORD_944;PROD_46;1;1
CORD_ORD_944;PROD_48;1;1
CORD_ORD_944;PROD_49;1;1
CORD_ORD_944;PROD_50;1;1
CORD_ORD_944;PROD_6;1;1
CORD_ORD_944;PROD_9;1;1
CORD_ORD_945;PROD_11;1;1
CORD_ORD_945;PROD_17;1;1
CORD_ORD_945;PROD_24;1;1
CORD_ORD_945;PROD_27;1;1
CORD_ORD_945;PROD_29;1;1
CORD_ORD_945;PROD_31;1;1
CORD_ORD_945;PROD_32;1;1
CORD_ORD_945;PROD_37;1;1
CORD_ORD_945;PROD_42;1;1
CORD_ORD_945;PROD_43;1;1
CORD_ORD_945;PROD_47;1;1
CORD_ORD_945;PROD_48;1;1
CORD_ORD_945;PROD_5;1;1
CORD_ORD_945;PROD_7;1;1
CORD_ORD_946;PROD_10;1;1
CORD_ORD_946;PROD_11;1;1
CORD_ORD_946;PROD_12;1;1
CORD_ORD_946;PROD_14;1;1
CORD_ORD_946;PROD_15;1;1
CORD_ORD_946;PROD_16;1;1
CORD_ORD_946;PROD_18;1;1
CORD_ORD_946;PROD_2;1;1
CORD_ORD_946;PROD_21;1;1
CORD_ORD_946;PROD_27;1;1
CORD_ORD_946;PROD_28;1;1
CORD_ORD_946;PROD_29;1;1
CORD_ORD_946;PROD_30;1;1
CORD_ORD_946;PROD_32;1;1
CORD_ORD_946;PROD_34;1;1
CORD_ORD_946;PROD_4;1;1
CORD_ORD_946;PROD_40;1;1
CORD_ORD_946;PROD_41;1;1
CORD_ORD_946;PROD_43;1;1
CORD_ORD_946;PROD_47;1;1
CORD_ORD_946;PROD_49;1;1
CORD_ORD_946;PROD_8;1;1
CORD_ORD_946;PROD_9;1;1
CORD_ORD_947;PROD_10;1;1
CORD_ORD_947;PROD_13;1;1
CORD_ORD_947;PROD_15;1;1
CORD_ORD_947;PROD_16;1;1
CORD_ORD_947;PROD_17;1;1
CORD_ORD_947;PROD_19;1;1
CORD_ORD_947;PROD_22;1;1
CORD_ORD_947;PROD_25;1;1
CORD_ORD_947;PROD_31;1;1
CORD_ORD_947;PROD_33;1;1
CORD_ORD_947;PROD_34;1;1
CORD_ORD_947;PROD_38;1;1
CORD_ORD_947;PROD_44;1;1
CORD_ORD_947;PROD_48;1;1
CORD_ORD_947;PROD_49;1;1
CORD_ORD_947;PROD_50;1;1
CORD_ORD_947;PROD_8;1;1
CORD_ORD_948;PROD_10;1;1
CORD_ORD_948;PROD_11;1;1
CORD_ORD_948;PROD_16;1;1
CORD_ORD_948;PROD_22;1;1
CORD_ORD_948;PROD_25;1;1
CORD_ORD_948;PROD_27;1;1
CORD_ORD_948;PROD_29;1;1
CORD_ORD_948;PROD_32;1;1
CORD_ORD_948;PROD_43;1;1
CORD_ORD_948;PROD_47;1;1
CORD_ORD_948;PROD_50;1;1
CORD_ORD_948;PROD_8;1;1
CORD_ORD_949;PROD_14;1;1
CORD_ORD_949;PROD_15;1;1
CORD_ORD_949;PROD_19;1;1
CORD_ORD_949;PROD_24;1;1
CORD_ORD_949;PROD_26;1;1
CORD_ORD_949;PROD_28;1;1
CORD_ORD_949;PROD_33;1;1
CORD_ORD_949;PROD_34;1;1
CORD_ORD_949;PROD_37;1;1
CORD_ORD_949;PROD_42;1;1
CORD_ORD_949;PROD_44;1;1
CORD_ORD_949;PROD_46;1;1
CORD_ORD_949;PROD_49;1;1
CORD_ORD_949;PROD_6;1;1
CORD_ORD_949;PROD_9;1;1
CORD_ORD_950;PROD_10;1;1
CORD_ORD_950;PROD_11;1;1
CORD_ORD_950;PROD_12;1;1
CORD_ORD_950;PROD_16;1;1
CORD_ORD_950;PROD_17;1;1
CORD_ORD_950;PROD_19;1;1
CORD_ORD_950;PROD_21;1;1
CORD_ORD_950;PROD_23;1;1
CORD_ORD_950;PROD_27;1;1
CORD_ORD_950;PROD_29;1;1
CORD_ORD_950;PROD_31;1;1
CORD_ORD_950;PROD_33;1;1
CORD_ORD_950;PROD_4;1;1
CORD_ORD_950;PROD_44;1;1
CORD_ORD_950;PROD_45;1;1
CORD_ORD_950;PROD_48;1;1
CORD_ORD_950;PROD_8;1;1
CORD_ORD_951;PROD_10;1;1
CORD_ORD_951;PROD_16;1;1
CORD_ORD_951;PROD_17;1;1
CORD_ORD_951;PROD_19;1;1
CORD_ORD_951;PROD_24;1;1
CORD_ORD_951;PROD_31;1;1
CORD_ORD_951;PROD_33;1;1
CORD_ORD_951;PROD_37;1;1
CORD_ORD_951;PROD_42;1;1
CORD_ORD_951;PROD_44;1;1
CORD_ORD_951;PROD_48;1;1
CORD_ORD_951;PROD_5;1;1
CORD_ORD_951;PROD_7;1;1
CORD_ORD_951;PROD_8;1;1
CORD_ORD_952;PROD_1;1;1
CORD_ORD_952;PROD_11;1;1
CORD_ORD_952;PROD_12;1;1
CORD_ORD_952;PROD_13;1;1
CORD_ORD_952;PROD_15;1;1
CORD_ORD_952;PROD_21;1;1
CORD_ORD_952;PROD_26;1;1
CORD_ORD_952;PROD_27;1;1
CORD_ORD_952;PROD_29;1;1
CORD_ORD_952;PROD_3;1;1
CORD_ORD_952;PROD_30;1;1
CORD_ORD_952;PROD_34;1;1
CORD_ORD_952;PROD_36;1;1
CORD_ORD_952;PROD_38;1;1
CORD_ORD_952;PROD_4;1;1
CORD_ORD_952;PROD_40;1;1
CORD_ORD_952;PROD_46;1;1
CORD_ORD_952;PROD_49;1;1
CORD_ORD_952;PROD_5;1;1
CORD_ORD_952;PROD_6;1;1
CORD_ORD_952;PROD_7;1;1
CORD_ORD_953;PROD_1;1;1
CORD_ORD_953;PROD_10;1;1
CORD_ORD_953;PROD_11;1;1
CORD_ORD_953;PROD_14;1;1
CORD_ORD_953;PROD_16;1;1
CORD_ORD_953;PROD_17;1;1
CORD_ORD_953;PROD_18;1;1
CORD_ORD_953;PROD_19;1;1
CORD_ORD_953;PROD_2;1;1
CORD_ORD_953;PROD_26;1;1
CORD_ORD_953;PROD_27;1;1
CORD_ORD_953;PROD_28;1;1
CORD_ORD_953;PROD_29;1;1
CORD_ORD_953;PROD_3;1;1
CORD_ORD_953;PROD_31;1;1
CORD_ORD_953;PROD_33;1;1
CORD_ORD_953;PROD_36;1;1
CORD_ORD_953;PROD_41;1;1
CORD_ORD_953;PROD_44;1;1
CORD_ORD_953;PROD_46;1;1
CORD_ORD_953;PROD_48;1;1
CORD_ORD_953;PROD_5;1;1
CORD_ORD_953;PROD_6;1;1
CORD_ORD_953;PROD_7;1;1
CORD_ORD_953;PROD_8;1;1
CORD_ORD_953;PROD_9;1;1
CORD_ORD_954;PROD_10;1;1
CORD_ORD_954;PROD_11;1;1
CORD_ORD_954;PROD_14;1;1
CORD_ORD_954;PROD_16;1;1
CORD_ORD_954;PROD_17;1;1
CORD_ORD_954;PROD_18;1;1
CORD_ORD_954;PROD_19;1;1
CORD_ORD_954;PROD_2;1;1
CORD_ORD_954;PROD_22;1;1
CORD_ORD_954;PROD_25;1;1
CORD_ORD_954;PROD_26;1;1
CORD_ORD_954;PROD_27;1;1
CORD_ORD_954;PROD_28;1;1
CORD_ORD_954;PROD_29;1;1
CORD_ORD_954;PROD_31;1;1
CORD_ORD_954;PROD_33;1;1
CORD_ORD_954;PROD_41;1;1
CORD_ORD_954;PROD_44;1;1
CORD_ORD_954;PROD_46;1;1
CORD_ORD_954;PROD_48;1;1
CORD_ORD_954;PROD_5;1;1
CORD_ORD_954;PROD_50;1;1
CORD_ORD_954;PROD_6;1;1
CORD_ORD_954;PROD_7;1;1
CORD_ORD_954;PROD_8;1;1
CORD_ORD_954;PROD_9;1;1
CORD_ORD_955;PROD_1;1;1
CORD_ORD_955;PROD_10;1;1
CORD_ORD_955;PROD_11;1;1
CORD_ORD_955;PROD_13;1;1
CORD_ORD_955;PROD_14;1;1
CORD_ORD_955;PROD_16;1;1
CORD_ORD_955;PROD_17;1;1
CORD_ORD_955;PROD_18;1;1
CORD_ORD_955;PROD_2;1;1
CORD_ORD_955;PROD_22;1;1
CORD_ORD_955;PROD_25;1;1
CORD_ORD_955;PROD_27;1;1
CORD_ORD_955;PROD_28;1;1
CORD_ORD_955;PROD_29;1;1
CORD_ORD_955;PROD_3;1;1
CORD_ORD_955;PROD_31;1;1
CORD_ORD_955;PROD_32;1;1
CORD_ORD_955;PROD_36;1;1
CORD_ORD_955;PROD_38;1;1
CORD_ORD_955;PROD_41;1;1
CORD_ORD_955;PROD_43;1;1
CORD_ORD_955;PROD_47;1;1
CORD_ORD_955;PROD_48;1;1
CORD_ORD_955;PROD_50;1;1
CORD_ORD_955;PROD_8;1;1
CORD_ORD_955;PROD_9;1;1
CORD_ORD_956;PROD_1;1;1
CORD_ORD_956;PROD_10;1;1
CORD_ORD_956;PROD_11;1;1
CORD_ORD_956;PROD_12;1;1
CORD_ORD_956;PROD_16;1;1
CORD_ORD_956;PROD_19;1;1
CORD_ORD_956;PROD_21;1;1
CORD_ORD_956;PROD_26;1;1
CORD_ORD_956;PROD_27;1;1
CORD_ORD_956;PROD_29;1;1
CORD_ORD_956;PROD_3;1;1
CORD_ORD_956;PROD_30;1;1
CORD_ORD_956;PROD_32;1;1
CORD_ORD_956;PROD_33;1;1
CORD_ORD_956;PROD_36;1;1
CORD_ORD_956;PROD_4;1;1
CORD_ORD_956;PROD_40;1;1
CORD_ORD_956;PROD_43;1;1
CORD_ORD_956;PROD_44;1;1
CORD_ORD_956;PROD_46;1;1
CORD_ORD_956;PROD_47;1;1
CORD_ORD_956;PROD_6;1;1
CORD_ORD_956;PROD_8;1;1
CORD_ORD_957;PROD_15;1;1
CORD_ORD_957;PROD_18;1;1
CORD_ORD_957;PROD_19;1;1
CORD_ORD_957;PROD_2;1;1
CORD_ORD_957;PROD_20;1;1
CORD_ORD_957;PROD_24;1;1
CORD_ORD_957;PROD_26;1;1
CORD_ORD_957;PROD_32;1;1
CORD_ORD_957;PROD_33;1;1
CORD_ORD_957;PROD_34;1;1
CORD_ORD_957;PROD_35;1;1
CORD_ORD_957;PROD_37;1;1
CORD_ORD_957;PROD_39;1;1
CORD_ORD_957;PROD_41;1;1
CORD_ORD_957;PROD_42;1;1
CORD_ORD_957;PROD_43;1;1
CORD_ORD_957;PROD_44;1;1
CORD_ORD_957;PROD_46;1;1
CORD_ORD_957;PROD_47;1;1
CORD_ORD_957;PROD_49;1;1
CORD_ORD_957;PROD_5;1;1
CORD_ORD_957;PROD_6;1;1
CORD_ORD_957;PROD_7;1;1
CORD_ORD_958;PROD_12;1;1
CORD_ORD_958;PROD_13;1;1
CORD_ORD_958;PROD_14;1;1
CORD_ORD_958;PROD_20;1;1
CORD_ORD_958;PROD_21;1;1
CORD_ORD_958;PROD_23;1;1
CORD_ORD_958;PROD_24;1;1
CORD_ORD_958;PROD_28;1;1
CORD_ORD_958;PROD_35;1;1
CORD_ORD_958;PROD_37;1;1
CORD_ORD_958;PROD_38;1;1
CORD_ORD_958;PROD_39;1;1
CORD_ORD_958;PROD_4;1;1
CORD_ORD_958;PROD_42;1;1
CORD_ORD_958;PROD_45;1;1
CORD_ORD_958;PROD_9;1;1
CORD_ORD_959;PROD_1;1;1
CORD_ORD_959;PROD_11;1;1
CORD_ORD_959;PROD_13;1;1
CORD_ORD_959;PROD_17;1;1
CORD_ORD_959;PROD_19;1;1
CORD_ORD_959;PROD_20;1;1
CORD_ORD_959;PROD_24;1;1
CORD_ORD_959;PROD_26;1;1
CORD_ORD_959;PROD_27;1;1
CORD_ORD_959;PROD_29;1;1
CORD_ORD_959;PROD_3;1;1
CORD_ORD_959;PROD_31;1;1
CORD_ORD_959;PROD_33;1;1
CORD_ORD_959;PROD_35;1;1
CORD_ORD_959;PROD_36;1;1
CORD_ORD_959;PROD_37;1;1
CORD_ORD_959;PROD_38;1;1
CORD_ORD_959;PROD_39;1;1
CORD_ORD_959;PROD_42;1;1
CORD_ORD_959;PROD_44;1;1
CORD_ORD_959;PROD_46;1;1
CORD_ORD_959;PROD_48;1;1
CORD_ORD_959;PROD_5;1;1
CORD_ORD_959;PROD_6;1;1
CORD_ORD_959;PROD_7;1;1
CORD_ORD_960;PROD_12;1;1
CORD_ORD_960;PROD_17;1;1
CORD_ORD_960;PROD_19;1;1
CORD_ORD_960;PROD_21;1;1
CORD_ORD_960;PROD_24;1;1
CORD_ORD_960;PROD_31;1;1
CORD_ORD_960;PROD_32;1;1
CORD_ORD_960;PROD_33;1;1
CORD_ORD_960;PROD_37;1;1
CORD_ORD_960;PROD_4;1;1
CORD_ORD_960;PROD_42;1;1
CORD_ORD_960;PROD_43;1;1
CORD_ORD_960;PROD_44;1;1
CORD_ORD_960;PROD_47;1;1
CORD_ORD_960;PROD_48;1;1
CORD_ORD_961;PROD_10;1;1
CORD_ORD_961;PROD_11;1;1
CORD_ORD_961;PROD_16;1;1
CORD_ORD_961;PROD_17;1;1
CORD_ORD_961;PROD_19;1;1
CORD_ORD_961;PROD_22;1;1
CORD_ORD_961;PROD_25;1;1
CORD_ORD_961;PROD_27;1;1
CORD_ORD_961;PROD_29;1;1
CORD_ORD_961;PROD_31;1;1
CORD_ORD_961;PROD_32;1;1
CORD_ORD_961;PROD_33;1;1
CORD_ORD_961;PROD_43;1;1
CORD_ORD_961;PROD_44;1;1
CORD_ORD_961;PROD_47;1;1
CORD_ORD_961;PROD_48;1;1
CORD_ORD_961;PROD_50;1;1
CORD_ORD_961;PROD_8;1;1
CORD_ORD_962;PROD_1;1;1
CORD_ORD_962;PROD_10;1;1
CORD_ORD_962;PROD_11;1;1
CORD_ORD_962;PROD_14;1;1
CORD_ORD_962;PROD_16;1;1
CORD_ORD_962;PROD_17;1;1
CORD_ORD_962;PROD_18;1;1
CORD_ORD_962;PROD_2;1;1
CORD_ORD_962;PROD_22;1;1
CORD_ORD_962;PROD_24;1;1
CORD_ORD_962;PROD_25;1;1
CORD_ORD_962;PROD_26;1;1
CORD_ORD_962;PROD_27;1;1
CORD_ORD_962;PROD_28;1;1
CORD_ORD_962;PROD_29;1;1
CORD_ORD_962;PROD_3;1;1
CORD_ORD_962;PROD_30;1;1
CORD_ORD_962;PROD_31;1;1
CORD_ORD_962;PROD_32;1;1
CORD_ORD_962;PROD_36;1;1
CORD_ORD_962;PROD_37;1;1
CORD_ORD_962;PROD_40;1;1
CORD_ORD_962;PROD_41;1;1
CORD_ORD_962;PROD_42;1;1
CORD_ORD_962;PROD_43;1;1
CORD_ORD_962;PROD_46;1;1
CORD_ORD_962;PROD_47;1;1
CORD_ORD_962;PROD_48;1;1
CORD_ORD_962;PROD_5;1;1
CORD_ORD_962;PROD_50;1;1
CORD_ORD_962;PROD_6;1;1
CORD_ORD_962;PROD_7;1;1
CORD_ORD_962;PROD_8;1;1
CORD_ORD_962;PROD_9;1;1
CORD_ORD_963;PROD_10;1;1
CORD_ORD_963;PROD_12;1;1
CORD_ORD_963;PROD_14;1;1
CORD_ORD_963;PROD_16;1;1
CORD_ORD_963;PROD_17;1;1
CORD_ORD_963;PROD_19;1;1
CORD_ORD_963;PROD_21;1;1
CORD_ORD_963;PROD_23;1;1
CORD_ORD_963;PROD_24;1;1
CORD_ORD_963;PROD_28;1;1
CORD_ORD_963;PROD_31;1;1
CORD_ORD_963;PROD_32;1;1
CORD_ORD_963;PROD_33;1;1
CORD_ORD_963;PROD_37;1;1
CORD_ORD_963;PROD_4;1;1
CORD_ORD_963;PROD_42;1;1
CORD_ORD_963;PROD_43;1;1
CORD_ORD_963;PROD_44;1;1
CORD_ORD_963;PROD_45;1;1
CORD_ORD_963;PROD_47;1;1
CORD_ORD_963;PROD_48;1;1
CORD_ORD_963;PROD_8;1;1
CORD_ORD_963;PROD_9;1;1
CORD_ORD_964;PROD_11;1;1
CORD_ORD_964;PROD_17;1;1
CORD_ORD_964;PROD_27;1;1
CORD_ORD_964;PROD_29;1;1
CORD_ORD_964;PROD_31;1;1
CORD_ORD_964;PROD_32;1;1
CORD_ORD_964;PROD_43;1;1
CORD_ORD_964;PROD_47;1;1
CORD_ORD_964;PROD_48;1;1
CORD_ORD_964;PROD_5;1;1
CORD_ORD_964;PROD_7;1;1
CORD_ORD_965;PROD_1;1;1
CORD_ORD_965;PROD_10;1;1
CORD_ORD_965;PROD_11;1;1
CORD_ORD_965;PROD_12;1;1
CORD_ORD_965;PROD_13;1;1
CORD_ORD_965;PROD_14;1;1
CORD_ORD_965;PROD_16;1;1
CORD_ORD_965;PROD_21;1;1
CORD_ORD_965;PROD_27;1;1
CORD_ORD_965;PROD_28;1;1
CORD_ORD_965;PROD_29;1;1
CORD_ORD_965;PROD_3;1;1
CORD_ORD_965;PROD_36;1;1
CORD_ORD_965;PROD_38;1;1
CORD_ORD_965;PROD_4;1;1
CORD_ORD_965;PROD_8;1;1
CORD_ORD_965;PROD_9;1;1
CORD_ORD_966;PROD_1;1;1
CORD_ORD_966;PROD_14;1;1
CORD_ORD_966;PROD_15;1;1
CORD_ORD_966;PROD_22;1;1
CORD_ORD_966;PROD_23;1;1
CORD_ORD_966;PROD_25;1;1
CORD_ORD_966;PROD_28;1;1
CORD_ORD_966;PROD_3;1;1
CORD_ORD_966;PROD_34;1;1
CORD_ORD_966;PROD_36;1;1
CORD_ORD_966;PROD_45;1;1
CORD_ORD_966;PROD_49;1;1
CORD_ORD_966;PROD_50;1;1
CORD_ORD_966;PROD_9;1;1
CORD_ORD_967;PROD_10;1;1
CORD_ORD_967;PROD_12;1;1
CORD_ORD_967;PROD_13;1;1
CORD_ORD_967;PROD_16;1;1
CORD_ORD_967;PROD_19;1;1
CORD_ORD_967;PROD_20;1;1
CORD_ORD_967;PROD_21;1;1
CORD_ORD_967;PROD_24;1;1
CORD_ORD_967;PROD_33;1;1
CORD_ORD_967;PROD_35;1;1
CORD_ORD_967;PROD_37;1;1
CORD_ORD_967;PROD_38;1;1
CORD_ORD_967;PROD_39;1;1
CORD_ORD_967;PROD_4;1;1
CORD_ORD_967;PROD_42;1;1
CORD_ORD_967;PROD_44;1;1
CORD_ORD_967;PROD_5;1;1
CORD_ORD_967;PROD_7;1;1
CORD_ORD_967;PROD_8;1;1
CORD_ORD_968;PROD_11;1;1
CORD_ORD_968;PROD_12;1;1
CORD_ORD_968;PROD_15;1;1
CORD_ORD_968;PROD_17;1;1
CORD_ORD_968;PROD_21;1;1
CORD_ORD_968;PROD_22;1;1
CORD_ORD_968;PROD_23;1;1
CORD_ORD_968;PROD_24;1;1
CORD_ORD_968;PROD_25;1;1
CORD_ORD_968;PROD_26;1;1
CORD_ORD_968;PROD_27;1;1
CORD_ORD_968;PROD_29;1;1
CORD_ORD_968;PROD_31;1;1
CORD_ORD_968;PROD_32;1;1
CORD_ORD_968;PROD_34;1;1
CORD_ORD_968;PROD_37;1;1
CORD_ORD_968;PROD_4;1;1
CORD_ORD_968;PROD_42;1;1
CORD_ORD_968;PROD_43;1;1
CORD_ORD_968;PROD_45;1;1
CORD_ORD_968;PROD_46;1;1
CORD_ORD_968;PROD_47;1;1
CORD_ORD_968;PROD_48;1;1
CORD_ORD_968;PROD_49;1;1
CORD_ORD_968;PROD_5;1;1
CORD_ORD_968;PROD_50;1;1
CORD_ORD_968;PROD_6;1;1
CORD_ORD_968;PROD_7;1;1
CORD_ORD_969;PROD_1;1;1
CORD_ORD_969;PROD_10;1;1
CORD_ORD_969;PROD_16;1;1
CORD_ORD_969;PROD_26;1;1
CORD_ORD_969;PROD_3;1;1
CORD_ORD_969;PROD_36;1;1
CORD_ORD_969;PROD_46;1;1
CORD_ORD_969;PROD_6;1;1
CORD_ORD_969;PROD_8;1;1
CORD_ORD_970;PROD_1;1;1
CORD_ORD_970;PROD_10;1;1
CORD_ORD_970;PROD_13;1;1
CORD_ORD_970;PROD_16;1;1
CORD_ORD_970;PROD_20;1;1
CORD_ORD_970;PROD_3;1;1
CORD_ORD_970;PROD_35;1;1
CORD_ORD_970;PROD_36;1;1
CORD_ORD_970;PROD_38;1;1
CORD_ORD_970;PROD_39;1;1
CORD_ORD_970;PROD_8;1;1
CORD_ORD_971;PROD_1;1;1
CORD_ORD_971;PROD_18;1;1
CORD_ORD_971;PROD_2;1;1
CORD_ORD_971;PROD_24;1;1
CORD_ORD_971;PROD_26;1;1
CORD_ORD_971;PROD_3;1;1
CORD_ORD_971;PROD_32;1;1
CORD_ORD_971;PROD_36;1;1
CORD_ORD_971;PROD_37;1;1
CORD_ORD_971;PROD_41;1;1
CORD_ORD_971;PROD_42;1;1
CORD_ORD_971;PROD_43;1;1
CORD_ORD_971;PROD_46;1;1
CORD_ORD_971;PROD_47;1;1
CORD_ORD_971;PROD_6;1;1
CORD_ORD_972;PROD_1;1;1
CORD_ORD_972;PROD_10;1;1
CORD_ORD_972;PROD_12;1;1
CORD_ORD_972;PROD_13;1;1
CORD_ORD_972;PROD_16;1;1
CORD_ORD_972;PROD_17;1;1
CORD_ORD_972;PROD_19;1;1
CORD_ORD_972;PROD_21;1;1
CORD_ORD_972;PROD_22;1;1
CORD_ORD_972;PROD_24;1;1
CORD_ORD_972;PROD_25;1;1
CORD_ORD_972;PROD_3;1;1
CORD_ORD_972;PROD_30;1;1
CORD_ORD_972;PROD_31;1;1
CORD_ORD_972;PROD_33;1;1
CORD_ORD_972;PROD_36;1;1
CORD_ORD_972;PROD_37;1;1
CORD_ORD_972;PROD_38;1;1
CORD_ORD_972;PROD_4;1;1
CORD_ORD_972;PROD_40;1;1
CORD_ORD_972;PROD_42;1;1
CORD_ORD_972;PROD_44;1;1
CORD_ORD_972;PROD_48;1;1
CORD_ORD_972;PROD_50;1;1
CORD_ORD_972;PROD_8;1;1
CORD_ORD_973;PROD_11;1;1
CORD_ORD_973;PROD_12;1;1
CORD_ORD_973;PROD_17;1;1
CORD_ORD_973;PROD_20;1;1
CORD_ORD_973;PROD_21;1;1
CORD_ORD_973;PROD_24;1;1
CORD_ORD_973;PROD_27;1;1
CORD_ORD_973;PROD_29;1;1
CORD_ORD_973;PROD_31;1;1
CORD_ORD_973;PROD_32;1;1
CORD_ORD_973;PROD_35;1;1
CORD_ORD_973;PROD_37;1;1
CORD_ORD_973;PROD_39;1;1
CORD_ORD_973;PROD_4;1;1
CORD_ORD_973;PROD_42;1;1
CORD_ORD_973;PROD_43;1;1
CORD_ORD_973;PROD_47;1;1
CORD_ORD_973;PROD_48;1;1
CORD_ORD_974;PROD_1;1;1
CORD_ORD_974;PROD_10;1;1
CORD_ORD_974;PROD_11;1;1
CORD_ORD_974;PROD_12;1;1
CORD_ORD_974;PROD_13;1;1
CORD_ORD_974;PROD_14;1;1
CORD_ORD_974;PROD_16;1;1
CORD_ORD_974;PROD_17;1;1
CORD_ORD_974;PROD_18;1;1
CORD_ORD_974;PROD_2;1;1
CORD_ORD_974;PROD_21;1;1
CORD_ORD_974;PROD_27;1;1
CORD_ORD_974;PROD_28;1;1
CORD_ORD_974;PROD_29;1;1
CORD_ORD_974;PROD_3;1;1
CORD_ORD_974;PROD_30;1;1
CORD_ORD_974;PROD_31;1;1
CORD_ORD_974;PROD_36;1;1
CORD_ORD_974;PROD_38;1;1
CORD_ORD_974;PROD_4;1;1
CORD_ORD_974;PROD_40;1;1
CORD_ORD_974;PROD_41;1;1
CORD_ORD_974;PROD_48;1;1
CORD_ORD_974;PROD_8;1;1
CORD_ORD_974;PROD_9;1;1
CORD_ORD_975;PROD_1;1;1
CORD_ORD_975;PROD_12;1;1
CORD_ORD_975;PROD_13;1;1
CORD_ORD_975;PROD_14;1;1
CORD_ORD_975;PROD_17;1;1
CORD_ORD_975;PROD_18;1;1
CORD_ORD_975;PROD_2;1;1
CORD_ORD_975;PROD_21;1;1
CORD_ORD_975;PROD_26;1;1
CORD_ORD_975;PROD_28;1;1
CORD_ORD_975;PROD_3;1;1
CORD_ORD_975;PROD_31;1;1
CORD_ORD_975;PROD_36;1;1
CORD_ORD_975;PROD_38;1;1
CORD_ORD_975;PROD_4;1;1
CORD_ORD_975;PROD_41;1;1
CORD_ORD_975;PROD_46;1;1
CORD_ORD_975;PROD_48;1;1
CORD_ORD_975;PROD_5;1;1
CORD_ORD_975;PROD_6;1;1
CORD_ORD_975;PROD_7;1;1
CORD_ORD_975;PROD_9;1;1
CORD_ORD_976;PROD_1;1;1
CORD_ORD_976;PROD_11;1;1
CORD_ORD_976;PROD_12;1;1
CORD_ORD_976;PROD_14;1;1
CORD_ORD_976;PROD_18;1;1
CORD_ORD_976;PROD_19;1;1
CORD_ORD_976;PROD_2;1;1
CORD_ORD_976;PROD_21;1;1
CORD_ORD_976;PROD_23;1;1
CORD_ORD_976;PROD_26;1;1
CORD_ORD_976;PROD_27;1;1
CORD_ORD_976;PROD_28;1;1
CORD_ORD_976;PROD_29;1;1
CORD_ORD_976;PROD_3;1;1
CORD_ORD_976;PROD_30;1;1
CORD_ORD_976;PROD_33;1;1
CORD_ORD_976;PROD_36;1;1
CORD_ORD_976;PROD_4;1;1
CORD_ORD_976;PROD_40;1;1
CORD_ORD_976;PROD_41;1;1
CORD_ORD_976;PROD_44;1;1
CORD_ORD_976;PROD_45;1;1
CORD_ORD_976;PROD_46;1;1
CORD_ORD_976;PROD_6;1;1
CORD_ORD_976;PROD_9;1;1
CORD_ORD_977;PROD_10;1;1
CORD_ORD_977;PROD_11;1;1
CORD_ORD_977;PROD_12;1;1
CORD_ORD_977;PROD_13;1;1
CORD_ORD_977;PROD_14;1;1
CORD_ORD_977;PROD_16;1;1
CORD_ORD_977;PROD_20;1;1
CORD_ORD_977;PROD_21;1;1
CORD_ORD_977;PROD_22;1;1
CORD_ORD_977;PROD_25;1;1
CORD_ORD_977;PROD_27;1;1
CORD_ORD_977;PROD_28;1;1
CORD_ORD_977;PROD_29;1;1
CORD_ORD_977;PROD_35;1;1
CORD_ORD_977;PROD_38;1;1
CORD_ORD_977;PROD_39;1;1
CORD_ORD_977;PROD_4;1;1
CORD_ORD_977;PROD_50;1;1
CORD_ORD_977;PROD_8;1;1
CORD_ORD_977;PROD_9;1;1
CORD_ORD_978;PROD_1;1;1
CORD_ORD_978;PROD_12;1;1
CORD_ORD_978;PROD_14;1;1
CORD_ORD_978;PROD_15;1;1
CORD_ORD_978;PROD_17;1;1
CORD_ORD_978;PROD_19;1;1
CORD_ORD_978;PROD_21;1;1
CORD_ORD_978;PROD_24;1;1
CORD_ORD_978;PROD_26;1;1
CORD_ORD_978;PROD_28;1;1
CORD_ORD_978;PROD_3;1;1
CORD_ORD_978;PROD_31;1;1
CORD_ORD_978;PROD_33;1;1
CORD_ORD_978;PROD_34;1;1
CORD_ORD_978;PROD_36;1;1
CORD_ORD_978;PROD_37;1;1
CORD_ORD_978;PROD_4;1;1
CORD_ORD_978;PROD_42;1;1
CORD_ORD_978;PROD_44;1;1
CORD_ORD_978;PROD_46;1;1
CORD_ORD_978;PROD_48;1;1
CORD_ORD_978;PROD_49;1;1
CORD_ORD_978;PROD_6;1;1
CORD_ORD_978;PROD_9;1;1
CORD_ORD_979;PROD_13;1;1
CORD_ORD_979;PROD_14;1;1
CORD_ORD_979;PROD_19;1;1
CORD_ORD_979;PROD_22;1;1
CORD_ORD_979;PROD_23;1;1
CORD_ORD_979;PROD_24;1;1
CORD_ORD_979;PROD_25;1;1
CORD_ORD_979;PROD_28;1;1
CORD_ORD_979;PROD_33;1;1
CORD_ORD_979;PROD_37;1;1
CORD_ORD_979;PROD_38;1;1
CORD_ORD_979;PROD_42;1;1
CORD_ORD_979;PROD_44;1;1
CORD_ORD_979;PROD_45;1;1
CORD_ORD_979;PROD_50;1;1
CORD_ORD_979;PROD_9;1;1
CORD_ORD_980;PROD_10;1;1
CORD_ORD_980;PROD_14;1;1
CORD_ORD_980;PROD_15;1;1
CORD_ORD_980;PROD_16;1;1
CORD_ORD_980;PROD_23;1;1
CORD_ORD_980;PROD_24;1;1
CORD_ORD_980;PROD_26;1;1
CORD_ORD_980;PROD_28;1;1
CORD_ORD_980;PROD_30;1;1
CORD_ORD_980;PROD_32;1;1
CORD_ORD_980;PROD_34;1;1
CORD_ORD_980;PROD_37;1;1
CORD_ORD_980;PROD_40;1;1
CORD_ORD_980;PROD_42;1;1
CORD_ORD_980;PROD_43;1;1
CORD_ORD_980;PROD_45;1;1
CORD_ORD_980;PROD_46;1;1
CORD_ORD_980;PROD_47;1;1
CORD_ORD_980;PROD_49;1;1
CORD_ORD_980;PROD_6;1;1
CORD_ORD_980;PROD_8;1;1
CORD_ORD_980;PROD_9;1;1
CORD_ORD_981;PROD_1;1;1
CORD_ORD_981;PROD_10;1;1
CORD_ORD_981;PROD_13;1;1
CORD_ORD_981;PROD_16;1;1
CORD_ORD_981;PROD_19;1;1
CORD_ORD_981;PROD_20;1;1
CORD_ORD_981;PROD_23;1;1
CORD_ORD_981;PROD_24;1;1
CORD_ORD_981;PROD_26;1;1
CORD_ORD_981;PROD_3;1;1
CORD_ORD_981;PROD_32;1;1
CORD_ORD_981;PROD_33;1;1
CORD_ORD_981;PROD_35;1;1
CORD_ORD_981;PROD_36;1;1
CORD_ORD_981;PROD_37;1;1
CORD_ORD_981;PROD_38;1;1
CORD_ORD_981;PROD_39;1;1
CORD_ORD_981;PROD_42;1;1
CORD_ORD_981;PROD_43;1;1
CORD_ORD_981;PROD_44;1;1
CORD_ORD_981;PROD_45;1;1
CORD_ORD_981;PROD_46;1;1
CORD_ORD_981;PROD_47;1;1
CORD_ORD_981;PROD_6;1;1
CORD_ORD_981;PROD_8;1;1
CORD_ORD_982;PROD_10;1;1
CORD_ORD_982;PROD_13;1;1
CORD_ORD_982;PROD_14;1;1
CORD_ORD_982;PROD_16;1;1
CORD_ORD_982;PROD_20;1;1
CORD_ORD_982;PROD_26;1;1
CORD_ORD_982;PROD_28;1;1
CORD_ORD_982;PROD_35;1;1
CORD_ORD_982;PROD_38;1;1
CORD_ORD_982;PROD_39;1;1
CORD_ORD_982;PROD_46;1;1
CORD_ORD_982;PROD_5;1;1
CORD_ORD_982;PROD_6;1;1
CORD_ORD_982;PROD_7;1;1
CORD_ORD_982;PROD_8;1;1
CORD_ORD_982;PROD_9;1;1
CORD_ORD_983;PROD_1;1;1
CORD_ORD_983;PROD_12;1;1
CORD_ORD_983;PROD_14;1;1
CORD_ORD_983;PROD_15;1;1
CORD_ORD_983;PROD_17;1;1
CORD_ORD_983;PROD_19;1;1
CORD_ORD_983;PROD_20;1;1
CORD_ORD_983;PROD_21;1;1
CORD_ORD_983;PROD_23;1;1
CORD_ORD_983;PROD_26;1;1
CORD_ORD_983;PROD_28;1;1
CORD_ORD_983;PROD_3;1;1
CORD_ORD_983;PROD_31;1;1
CORD_ORD_983;PROD_33;1;1
CORD_ORD_983;PROD_34;1;1
CORD_ORD_983;PROD_35;1;1
CORD_ORD_983;PROD_36;1;1
CORD_ORD_983;PROD_39;1;1
CORD_ORD_983;PROD_4;1;1
CORD_ORD_983;PROD_44;1;1
CORD_ORD_983;PROD_45;1;1
CORD_ORD_983;PROD_46;1;1
CORD_ORD_983;PROD_48;1;1
CORD_ORD_983;PROD_49;1;1
CORD_ORD_983;PROD_6;1;1
CORD_ORD_983;PROD_9;1;1
CORD_ORD_984;PROD_1;1;1
CORD_ORD_984;PROD_14;1;1
CORD_ORD_984;PROD_15;1;1
CORD_ORD_984;PROD_20;1;1
CORD_ORD_984;PROD_22;1;1
CORD_ORD_984;PROD_25;1;1
CORD_ORD_984;PROD_26;1;1
CORD_ORD_984;PROD_28;1;1
CORD_ORD_984;PROD_3;1;1
CORD_ORD_984;PROD_34;1;1
CORD_ORD_984;PROD_35;1;1
CORD_ORD_984;PROD_36;1;1
CORD_ORD_984;PROD_39;1;1
CORD_ORD_984;PROD_46;1;1
CORD_ORD_984;PROD_49;1;1
CORD_ORD_984;PROD_50;1;1
CORD_ORD_984;PROD_6;1;1
CORD_ORD_984;PROD_9;1;1
CORD_ORD_985;PROD_10;1;1
CORD_ORD_985;PROD_11;1;1
CORD_ORD_985;PROD_12;1;1
CORD_ORD_985;PROD_13;1;1
CORD_ORD_985;PROD_15;1;1
CORD_ORD_985;PROD_16;1;1
CORD_ORD_985;PROD_19;1;1
CORD_ORD_985;PROD_21;1;1
CORD_ORD_985;PROD_23;1;1
CORD_ORD_985;PROD_27;1;1
CORD_ORD_985;PROD_29;1;1
CORD_ORD_985;PROD_33;1;1
CORD_ORD_985;PROD_34;1;1
CORD_ORD_985;PROD_38;1;1
CORD_ORD_985;PROD_4;1;1
CORD_ORD_985;PROD_44;1;1
CORD_ORD_985;PROD_45;1;1
CORD_ORD_985;PROD_49;1;1
CORD_ORD_985;PROD_8;1;1
CORD_ORD_986;PROD_15;1;1
CORD_ORD_986;PROD_17;1;1
CORD_ORD_986;PROD_22;1;1
CORD_ORD_986;PROD_25;1;1
CORD_ORD_986;PROD_26;1;1
CORD_ORD_986;PROD_31;1;1
CORD_ORD_986;PROD_34;1;1
CORD_ORD_986;PROD_46;1;1
CORD_ORD_986;PROD_48;1;1
CORD_ORD_986;PROD_49;1;1
CORD_ORD_986;PROD_50;1;1
CORD_ORD_986;PROD_6;1;1
CORD_ORD_987;PROD_1;1;1
CORD_ORD_987;PROD_10;1;1
CORD_ORD_987;PROD_13;1;1
CORD_ORD_987;PROD_16;1;1
CORD_ORD_987;PROD_17;1;1
CORD_ORD_987;PROD_18;1;1
CORD_ORD_987;PROD_2;1;1
CORD_ORD_987;PROD_20;1;1
CORD_ORD_987;PROD_24;1;1
CORD_ORD_987;PROD_26;1;1
CORD_ORD_987;PROD_3;1;1
CORD_ORD_987;PROD_30;1;1
CORD_ORD_987;PROD_31;1;1
CORD_ORD_987;PROD_35;1;1
CORD_ORD_987;PROD_36;1;1
CORD_ORD_987;PROD_37;1;1
CORD_ORD_987;PROD_38;1;1
CORD_ORD_987;PROD_39;1;1
CORD_ORD_987;PROD_40;1;1
CORD_ORD_987;PROD_41;1;1
CORD_ORD_987;PROD_42;1;1
CORD_ORD_987;PROD_46;1;1
CORD_ORD_987;PROD_48;1;1
CORD_ORD_987;PROD_6;1;1
CORD_ORD_987;PROD_8;1;1
CORD_ORD_988;PROD_1;1;1
CORD_ORD_988;PROD_11;1;1
CORD_ORD_988;PROD_13;1;1
CORD_ORD_988;PROD_14;1;1
CORD_ORD_988;PROD_17;1;1
CORD_ORD_988;PROD_24;1;1
CORD_ORD_988;PROD_27;1;1
CORD_ORD_988;PROD_28;1;1
CORD_ORD_988;PROD_29;1;1
CORD_ORD_988;PROD_3;1;1
CORD_ORD_988;PROD_31;1;1
CORD_ORD_988;PROD_32;1;1
CORD_ORD_988;PROD_36;1;1
CORD_ORD_988;PROD_37;1;1
CORD_ORD_988;PROD_38;1;1
CORD_ORD_988;PROD_42;1;1
CORD_ORD_988;PROD_43;1;1
CORD_ORD_988;PROD_47;1;1
CORD_ORD_988;PROD_48;1;1
CORD_ORD_988;PROD_9;1;1
CORD_ORD_989;PROD_1;1;1
CORD_ORD_989;PROD_10;1;1
CORD_ORD_989;PROD_14;1;1
CORD_ORD_989;PROD_16;1;1
CORD_ORD_989;PROD_20;1;1
CORD_ORD_989;PROD_22;1;1
CORD_ORD_989;PROD_25;1;1
CORD_ORD_989;PROD_28;1;1
CORD_ORD_989;PROD_3;1;1
CORD_ORD_989;PROD_35;1;1
CORD_ORD_989;PROD_36;1;1
CORD_ORD_989;PROD_39;1;1
CORD_ORD_989;PROD_50;1;1
CORD_ORD_989;PROD_8;1;1
CORD_ORD_989;PROD_9;1;1
CORD_ORD_990;PROD_10;1;1
CORD_ORD_990;PROD_11;1;1
CORD_ORD_990;PROD_12;1;1
CORD_ORD_990;PROD_16;1;1
CORD_ORD_990;PROD_17;1;1
CORD_ORD_990;PROD_19;1;1
CORD_ORD_990;PROD_20;1;1
CORD_ORD_990;PROD_21;1;1
CORD_ORD_990;PROD_24;1;1
CORD_ORD_990;PROD_26;1;1
CORD_ORD_990;PROD_27;1;1
CORD_ORD_990;PROD_29;1;1
CORD_ORD_990;PROD_30;1;1
CORD_ORD_990;PROD_31;1;1
CORD_ORD_990;PROD_33;1;1
CORD_ORD_990;PROD_35;1;1
CORD_ORD_990;PROD_37;1;1
CORD_ORD_990;PROD_39;1;1
CORD_ORD_990;PROD_4;1;1
CORD_ORD_990;PROD_40;1;1
CORD_ORD_990;PROD_42;1;1
CORD_ORD_990;PROD_44;1;1
CORD_ORD_990;PROD_46;1;1
CORD_ORD_990;PROD_48;1;1
CORD_ORD_990;PROD_6;1;1
CORD_ORD_990;PROD_8;1;1
CORD_ORD_991;PROD_10;1;1
CORD_ORD_991;PROD_12;1;1
CORD_ORD_991;PROD_14;1;1
CORD_ORD_991;PROD_16;1;1
CORD_ORD_991;PROD_17;1;1
CORD_ORD_991;PROD_18;1;1
CORD_ORD_991;PROD_19;1;1
CORD_ORD_991;PROD_2;1;1
CORD_ORD_991;PROD_21;1;1
CORD_ORD_991;PROD_22;1;1
CORD_ORD_991;PROD_23;1;1
CORD_ORD_991;PROD_25;1;1
CORD_ORD_991;PROD_26;1;1
CORD_ORD_991;PROD_28;1;1
CORD_ORD_991;PROD_31;1;1
CORD_ORD_991;PROD_33;1;1
CORD_ORD_991;PROD_4;1;1
CORD_ORD_991;PROD_41;1;1
CORD_ORD_991;PROD_44;1;1
CORD_ORD_991;PROD_45;1;1
CORD_ORD_991;PROD_46;1;1
CORD_ORD_991;PROD_48;1;1
CORD_ORD_991;PROD_50;1;1
CORD_ORD_991;PROD_6;1;1
CORD_ORD_991;PROD_8;1;1
CORD_ORD_991;PROD_9;1;1
CORD_ORD_992;PROD_1;1;1
CORD_ORD_992;PROD_10;1;1
CORD_ORD_992;PROD_13;1;1
CORD_ORD_992;PROD_16;1;1
CORD_ORD_992;PROD_17;1;1
CORD_ORD_992;PROD_22;1;1
CORD_ORD_992;PROD_25;1;1
CORD_ORD_992;PROD_3;1;1
CORD_ORD_992;PROD_30;1;1
CORD_ORD_992;PROD_31;1;1
CORD_ORD_992;PROD_36;1;1
CORD_ORD_992;PROD_38;1;1
CORD_ORD_992;PROD_40;1;1
CORD_ORD_992;PROD_48;1;1
CORD_ORD_992;PROD_50;1;1
CORD_ORD_992;PROD_8;1;1
CORD_ORD_993;PROD_1;1;1
CORD_ORD_993;PROD_10;1;1
CORD_ORD_993;PROD_11;1;1
CORD_ORD_993;PROD_13;1;1
CORD_ORD_993;PROD_14;1;1
CORD_ORD_993;PROD_15;1;1
CORD_ORD_993;PROD_16;1;1
CORD_ORD_993;PROD_18;1;1
CORD_ORD_993;PROD_2;1;1
CORD_ORD_993;PROD_23;1;1
CORD_ORD_993;PROD_26;1;1
CORD_ORD_993;PROD_27;1;1
CORD_ORD_993;PROD_28;1;1
CORD_ORD_993;PROD_29;1;1
CORD_ORD_993;PROD_3;1;1
CORD_ORD_993;PROD_32;1;1
CORD_ORD_993;PROD_34;1;1
CORD_ORD_993;PROD_36;1;1
CORD_ORD_993;PROD_38;1;1
CORD_ORD_993;PROD_41;1;1
CORD_ORD_993;PROD_43;1;1
CORD_ORD_993;PROD_45;1;1
CORD_ORD_993;PROD_46;1;1
CORD_ORD_993;PROD_47;1;1
CORD_ORD_993;PROD_49;1;1
CORD_ORD_993;PROD_6;1;1
CORD_ORD_993;PROD_8;1;1
CORD_ORD_993;PROD_9;1;1
CORD_ORD_994;PROD_10;1;1
CORD_ORD_994;PROD_12;1;1
CORD_ORD_994;PROD_16;1;1
CORD_ORD_994;PROD_21;1;1
CORD_ORD_994;PROD_22;1;1
CORD_ORD_994;PROD_23;1;1
CORD_ORD_994;PROD_25;1;1
CORD_ORD_994;PROD_30;1;1
CORD_ORD_994;PROD_4;1;1
CORD_ORD_994;PROD_40;1;1
CORD_ORD_994;PROD_45;1;1
CORD_ORD_994;PROD_50;1;1
CORD_ORD_994;PROD_8;1;1
CORD_ORD_995;PROD_1;1;1
CORD_ORD_995;PROD_10;1;1
CORD_ORD_995;PROD_11;1;1
CORD_ORD_995;PROD_16;1;1
CORD_ORD_995;PROD_17;1;1
CORD_ORD_995;PROD_18;1;1
CORD_ORD_995;PROD_19;1;1
CORD_ORD_995;PROD_2;1;1
CORD_ORD_995;PROD_22;1;1
CORD_ORD_995;PROD_25;1;1
CORD_ORD_995;PROD_27;1;1
CORD_ORD_995;PROD_29;1;1
CORD_ORD_995;PROD_3;1;1
CORD_ORD_995;PROD_31;1;1
CORD_ORD_995;PROD_32;1;1
CORD_ORD_995;PROD_33;1;1
CORD_ORD_995;PROD_36;1;1
CORD_ORD_995;PROD_41;1;1
CORD_ORD_995;PROD_43;1;1
CORD_ORD_995;PROD_44;1;1
CORD_ORD_995;PROD_47;1;1
CORD_ORD_995;PROD_48;1;1
CORD_ORD_995;PROD_50;1;1
CORD_ORD_995;PROD_8;1;1
CORD_ORD_996;PROD_11;1;1
CORD_ORD_996;PROD_12;1;1
CORD_ORD_996;PROD_13;1;1
CORD_ORD_996;PROD_19;1;1
CORD_ORD_996;PROD_21;1;1
CORD_ORD_996;PROD_23;1;1
CORD_ORD_996;PROD_27;1;1
CORD_ORD_996;PROD_29;1;1
CORD_ORD_996;PROD_33;1;1
CORD_ORD_996;PROD_38;1;1
CORD_ORD_996;PROD_4;1;1
CORD_ORD_996;PROD_44;1;1
CORD_ORD_996;PROD_45;1;1
CORD_ORD_997;PROD_12;1;1
CORD_ORD_997;PROD_13;1;1
CORD_ORD_997;PROD_19;1;1
CORD_ORD_997;PROD_21;1;1
CORD_ORD_997;PROD_22;1;1
CORD_ORD_997;PROD_24;1;1
CORD_ORD_997;PROD_25;1;1
CORD_ORD_997;PROD_33;1;1
CORD_ORD_997;PROD_37;1;1
CORD_ORD_997;PROD_38;1;1
CORD_ORD_997;PROD_4;1;1
CORD_ORD_997;PROD_42;1;1
CORD_ORD_997;PROD_44;1;1
CORD_ORD_997;PROD_50;1;1
CORD_ORD_998;PROD_10;1;1
CORD_ORD_998;PROD_13;1;1
CORD_ORD_998;PROD_15;1;1
CORD_ORD_998;PROD_16;1;1
CORD_ORD_998;PROD_18;1;1
CORD_ORD_998;PROD_2;1;1
CORD_ORD_998;PROD_20;1;1
CORD_ORD_998;PROD_26;1;1
CORD_ORD_998;PROD_34;1;1
CORD_ORD_998;PROD_35;1;1
CORD_ORD_998;PROD_38;1;1
CORD_ORD_998;PROD_39;1;1
CORD_ORD_998;PROD_41;1;1
CORD_ORD_998;PROD_46;1;1
CORD_ORD_998;PROD_49;1;1
CORD_ORD_998;PROD_6;1;1
CORD_ORD_998;PROD_8;1;1
CORD_ORD_999;PROD_11;1;1
CORD_ORD_999;PROD_19;1;1
CORD_ORD_999;PROD_23;1;1
CORD_ORD_999;PROD_27;1;1
CORD_ORD_999;PROD_29;1;1
CORD_ORD_999;PROD_33;1;1
CORD_ORD_999;PROD_44;1;1
CORD_ORD_999;PROD_45;1;1
CORD_ORD_1000;PROD_1;1;1
CORD_ORD_1000;PROD_10;1;1
CORD_ORD_1000;PROD_11;1;1
CORD_ORD_1000;PROD_12;1;1
CORD_ORD_1000;PROD_15;1;1
CORD_ORD_1000;PROD_16;1;1
CORD_ORD_1000;PROD_20;1;1
CORD_ORD_1000;PROD_21;1;1
CORD_ORD_1000;PROD_27;1;1
CORD_ORD_1000;PROD_29;1;1
CORD_ORD_1000;PROD_3;1;1
CORD_ORD_1000;PROD_30;1;1
CORD_ORD_1000;PROD_32;1;1
CORD_ORD_1000;PROD_34;1;1
CORD_ORD_1000;PROD_35;1;1
CORD_ORD_1000;PROD_36;1;1
CORD_ORD_1000;PROD_39;1;1
CORD_ORD_1000;PROD_4;1;1
CORD_ORD_1000;PROD_40;1;1
CORD_ORD_1000;PROD_43;1;1
CORD_ORD_1000;PROD_47;1;1
CORD_ORD_1000;PROD_49;1;1
CORD_ORD_1000;PROD_8;1;1
CORD_ORD_1001;PROD_1;1;1
CORD_ORD_1001;PROD_11;1;1
CORD_ORD_1001;PROD_14;1;1
CORD_ORD_1001;PROD_15;1;1
CORD_ORD_1001;PROD_17;1;1
CORD_ORD_1001;PROD_20;1;1
CORD_ORD_1001;PROD_22;1;1
CORD_ORD_1001;PROD_25;1;1
CORD_ORD_1001;PROD_26;1;1
CORD_ORD_1001;PROD_27;1;1
CORD_ORD_1001;PROD_28;1;1
CORD_ORD_1001;PROD_29;1;1
CORD_ORD_1001;PROD_3;1;1
CORD_ORD_1001;PROD_31;1;1
CORD_ORD_1001;PROD_32;1;1
CORD_ORD_1001;PROD_34;1;1
CORD_ORD_1001;PROD_35;1;1
CORD_ORD_1001;PROD_36;1;1
CORD_ORD_1001;PROD_39;1;1
CORD_ORD_1001;PROD_43;1;1
CORD_ORD_1001;PROD_46;1;1
CORD_ORD_1001;PROD_47;1;1
CORD_ORD_1001;PROD_48;1;1
CORD_ORD_1001;PROD_49;1;1
CORD_ORD_1001;PROD_50;1;1
CORD_ORD_1001;PROD_6;1;1
CORD_ORD_1001;PROD_9;1;1
CORD_ORD_1002;PROD_1;1;1
CORD_ORD_1002;PROD_10;1;1
CORD_ORD_1002;PROD_16;1;1
CORD_ORD_1002;PROD_17;1;1
CORD_ORD_1002;PROD_18;1;1
CORD_ORD_1002;PROD_2;1;1
CORD_ORD_1002;PROD_22;1;1
CORD_ORD_1002;PROD_25;1;1
CORD_ORD_1002;PROD_3;1;1
CORD_ORD_1002;PROD_30;1;1
CORD_ORD_1002;PROD_31;1;1
CORD_ORD_1002;PROD_36;1;1
CORD_ORD_1002;PROD_40;1;1
CORD_ORD_1002;PROD_41;1;1
CORD_ORD_1002;PROD_48;1;1
CORD_ORD_1002;PROD_50;1;1
CORD_ORD_1002;PROD_8;1;1
CORD_ORD_1003;PROD_11;1;1
CORD_ORD_1003;PROD_12;1;1
CORD_ORD_1003;PROD_13;1;1
CORD_ORD_1003;PROD_15;1;1
CORD_ORD_1003;PROD_17;1;1
CORD_ORD_1003;PROD_18;1;1
CORD_ORD_1003;PROD_19;1;1
CORD_ORD_1003;PROD_2;1;1
CORD_ORD_1003;PROD_20;1;1
CORD_ORD_1003;PROD_21;1;1
CORD_ORD_1003;PROD_26;1;1
CORD_ORD_1003;PROD_27;1;1
CORD_ORD_1003;PROD_29;1;1
CORD_ORD_1003;PROD_30;1;1
CORD_ORD_1003;PROD_31;1;1
CORD_ORD_1003;PROD_33;1;1
CORD_ORD_1003;PROD_34;1;1
CORD_ORD_1003;PROD_35;1;1
CORD_ORD_1003;PROD_38;1;1
CORD_ORD_1003;PROD_39;1;1
CORD_ORD_1003;PROD_4;1;1
CORD_ORD_1003;PROD_40;1;1
CORD_ORD_1003;PROD_41;1;1
CORD_ORD_1003;PROD_44;1;1
CORD_ORD_1003;PROD_46;1;1
CORD_ORD_1003;PROD_48;1;1
CORD_ORD_1003;PROD_49;1;1
CORD_ORD_1003;PROD_5;1;1
CORD_ORD_1003;PROD_6;1;1
CORD_ORD_1003;PROD_7;1;1
CORD_ORD_1004;PROD_10;1;1
CORD_ORD_1004;PROD_16;1;1
CORD_ORD_1004;PROD_19;1;1
CORD_ORD_1004;PROD_20;1;1
CORD_ORD_1004;PROD_24;1;1
CORD_ORD_1004;PROD_33;1;1
CORD_ORD_1004;PROD_35;1;1
CORD_ORD_1004;PROD_37;1;1
CORD_ORD_1004;PROD_39;1;1
CORD_ORD_1004;PROD_42;1;1
CORD_ORD_1004;PROD_44;1;1
CORD_ORD_1004;PROD_8;1;1
CORD_ORD_1005;PROD_1;1;1
CORD_ORD_1005;PROD_10;1;1
CORD_ORD_1005;PROD_13;1;1
CORD_ORD_1005;PROD_16;1;1
CORD_ORD_1005;PROD_26;1;1
CORD_ORD_1005;PROD_3;1;1
CORD_ORD_1005;PROD_32;1;1
CORD_ORD_1005;PROD_36;1;1
CORD_ORD_1005;PROD_38;1;1
CORD_ORD_1005;PROD_43;1;1
CORD_ORD_1005;PROD_46;1;1
CORD_ORD_1005;PROD_47;1;1
CORD_ORD_1005;PROD_6;1;1
CORD_ORD_1005;PROD_8;1;1
CORD_ORD_1006;PROD_1;1;1
CORD_ORD_1006;PROD_10;1;1
CORD_ORD_1006;PROD_11;1;1
CORD_ORD_1006;PROD_13;1;1
CORD_ORD_1006;PROD_15;1;1
CORD_ORD_1006;PROD_16;1;1
CORD_ORD_1006;PROD_17;1;1
CORD_ORD_1006;PROD_26;1;1
CORD_ORD_1006;PROD_27;1;1
CORD_ORD_1006;PROD_29;1;1
CORD_ORD_1006;PROD_3;1;1
CORD_ORD_1006;PROD_31;1;1
CORD_ORD_1006;PROD_34;1;1
CORD_ORD_1006;PROD_36;1;1
CORD_ORD_1006;PROD_38;1;1
CORD_ORD_1006;PROD_46;1;1
CORD_ORD_1006;PROD_48;1;1
CORD_ORD_1006;PROD_49;1;1
CORD_ORD_1006;PROD_6;1;1
CORD_ORD_1006;PROD_8;1;1
CORD_ORD_1007;PROD_11;1;1
CORD_ORD_1007;PROD_17;1;1
CORD_ORD_1007;PROD_19;1;1
CORD_ORD_1007;PROD_23;1;1
CORD_ORD_1007;PROD_24;1;1
CORD_ORD_1007;PROD_27;1;1
CORD_ORD_1007;PROD_29;1;1
CORD_ORD_1007;PROD_31;1;1
CORD_ORD_1007;PROD_32;1;1
CORD_ORD_1007;PROD_33;1;1
CORD_ORD_1007;PROD_37;1;1
CORD_ORD_1007;PROD_42;1;1
CORD_ORD_1007;PROD_43;1;1
CORD_ORD_1007;PROD_44;1;1
CORD_ORD_1007;PROD_45;1;1
CORD_ORD_1007;PROD_47;1;1
CORD_ORD_1007;PROD_48;1;1
CORD_ORD_1008;PROD_10;1;1
CORD_ORD_1008;PROD_11;1;1
CORD_ORD_1008;PROD_14;1;1
CORD_ORD_1008;PROD_16;1;1
CORD_ORD_1008;PROD_17;1;1
CORD_ORD_1008;PROD_20;1;1
CORD_ORD_1008;PROD_27;1;1
CORD_ORD_1008;PROD_28;1;1
CORD_ORD_1008;PROD_29;1;1
CORD_ORD_1008;PROD_31;1;1
CORD_ORD_1008;PROD_32;1;1
CORD_ORD_1008;PROD_35;1;1
CORD_ORD_1008;PROD_39;1;1
CORD_ORD_1008;PROD_43;1;1
CORD_ORD_1008;PROD_47;1;1
CORD_ORD_1008;PROD_48;1;1
CORD_ORD_1008;PROD_8;1;1
CORD_ORD_1008;PROD_9;1;1
CORD_ORD_1009;PROD_15;1;1
CORD_ORD_1009;PROD_17;1;1
CORD_ORD_1009;PROD_18;1;1
CORD_ORD_1009;PROD_2;1;1
CORD_ORD_1009;PROD_22;1;1
CORD_ORD_1009;PROD_24;1;1
CORD_ORD_1009;PROD_25;1;1
CORD_ORD_1009;PROD_26;1;1
CORD_ORD_1009;PROD_31;1;1
CORD_ORD_1009;PROD_34;1;1
CORD_ORD_1009;PROD_37;1;1
CORD_ORD_1009;PROD_41;1;1
CORD_ORD_1009;PROD_42;1;1
CORD_ORD_1009;PROD_46;1;1
CORD_ORD_1009;PROD_48;1;1
CORD_ORD_1009;PROD_49;1;1
CORD_ORD_1009;PROD_50;1;1
CORD_ORD_1009;PROD_6;1;1
CORD_ORD_1010;PROD_12;1;1
CORD_ORD_1010;PROD_13;1;1
CORD_ORD_1010;PROD_14;1;1
CORD_ORD_1010;PROD_17;1;1
CORD_ORD_1010;PROD_18;1;1
CORD_ORD_1010;PROD_19;1;1
CORD_ORD_1010;PROD_2;1;1
CORD_ORD_1010;PROD_20;1;1
CORD_ORD_1010;PROD_21;1;1
CORD_ORD_1010;PROD_22;1;1
CORD_ORD_1010;PROD_25;1;1
CORD_ORD_1010;PROD_26;1;1
CORD_ORD_1010;PROD_28;1;1
CORD_ORD_1010;PROD_31;1;1
CORD_ORD_1010;PROD_33;1;1
CORD_ORD_1010;PROD_35;1;1
CORD_ORD_1010;PROD_38;1;1
CORD_ORD_1010;PROD_39;1;1
CORD_ORD_1010;PROD_4;1;1
CORD_ORD_1010;PROD_41;1;1
CORD_ORD_1010;PROD_44;1;1
CORD_ORD_1010;PROD_46;1;1
CORD_ORD_1010;PROD_48;1;1
CORD_ORD_1010;PROD_50;1;1
CORD_ORD_1010;PROD_6;1;1
CORD_ORD_1010;PROD_9;1;1
CORD_ORD_1011;PROD_1;1;1
CORD_ORD_1011;PROD_10;1;1
CORD_ORD_1011;PROD_12;1;1
CORD_ORD_1011;PROD_13;1;1
CORD_ORD_1011;PROD_14;1;1
CORD_ORD_1011;PROD_15;1;1
CORD_ORD_1011;PROD_16;1;1
CORD_ORD_1011;PROD_17;1;1
CORD_ORD_1011;PROD_18;1;1
CORD_ORD_1011;PROD_19;1;1
CORD_ORD_1011;PROD_2;1;1
CORD_ORD_1011;PROD_21;1;1
CORD_ORD_1011;PROD_22;1;1
CORD_ORD_1011;PROD_24;1;1
CORD_ORD_1011;PROD_25;1;1
CORD_ORD_1011;PROD_28;1;1
CORD_ORD_1011;PROD_3;1;1
CORD_ORD_1011;PROD_30;1;1
CORD_ORD_1011;PROD_31;1;1
CORD_ORD_1011;PROD_32;1;1
CORD_ORD_1011;PROD_33;1;1
CORD_ORD_1011;PROD_34;1;1
CORD_ORD_1011;PROD_36;1;1
CORD_ORD_1011;PROD_37;1;1
CORD_ORD_1011;PROD_38;1;1
CORD_ORD_1011;PROD_4;1;1
CORD_ORD_1011;PROD_40;1;1
CORD_ORD_1011;PROD_41;1;1
CORD_ORD_1011;PROD_42;1;1
CORD_ORD_1011;PROD_43;1;1
CORD_ORD_1011;PROD_44;1;1
CORD_ORD_1011;PROD_47;1;1
CORD_ORD_1011;PROD_48;1;1
CORD_ORD_1011;PROD_49;1;1
CORD_ORD_1011;PROD_50;1;1
CORD_ORD_1011;PROD_8;1;1
CORD_ORD_1011;PROD_9;1;1
CORD_ORD_1012;PROD_10;1;1
CORD_ORD_1012;PROD_11;1;1
CORD_ORD_1012;PROD_16;1;1
CORD_ORD_1012;PROD_17;1;1
CORD_ORD_1012;PROD_19;1;1
CORD_ORD_1012;PROD_22;1;1
CORD_ORD_1012;PROD_24;1;1
CORD_ORD_1012;PROD_25;1;1
CORD_ORD_1012;PROD_26;1;1
CORD_ORD_1012;PROD_27;1;1
CORD_ORD_1012;PROD_29;1;1
CORD_ORD_1012;PROD_31;1;1
CORD_ORD_1012;PROD_32;1;1
CORD_ORD_1012;PROD_33;1;1
CORD_ORD_1012;PROD_37;1;1
CORD_ORD_1012;PROD_42;1;1
CORD_ORD_1012;PROD_43;1;1
CORD_ORD_1012;PROD_44;1;1
CORD_ORD_1012;PROD_46;1;1
CORD_ORD_1012;PROD_47;1;1
CORD_ORD_1012;PROD_48;1;1
CORD_ORD_1012;PROD_50;1;1
CORD_ORD_1012;PROD_6;1;1
CORD_ORD_1012;PROD_8;1;1
CORD_ORD_1013;PROD_10;1;1
CORD_ORD_1013;PROD_16;1;1
CORD_ORD_1013;PROD_19;1;1
CORD_ORD_1013;PROD_20;1;1
CORD_ORD_1013;PROD_23;1;1
CORD_ORD_1013;PROD_24;1;1
CORD_ORD_1013;PROD_26;1;1
CORD_ORD_1013;PROD_30;1;1
CORD_ORD_1013;PROD_32;1;1
CORD_ORD_1013;PROD_33;1;1
CORD_ORD_1013;PROD_35;1;1
CORD_ORD_1013;PROD_37;1;1
CORD_ORD_1013;PROD_39;1;1
CORD_ORD_1013;PROD_40;1;1
CORD_ORD_1013;PROD_42;1;1
CORD_ORD_1013;PROD_43;1;1
CORD_ORD_1013;PROD_44;1;1
CORD_ORD_1013;PROD_45;1;1
CORD_ORD_1013;PROD_46;1;1
CORD_ORD_1013;PROD_47;1;1
CORD_ORD_1013;PROD_5;1;1
CORD_ORD_1013;PROD_6;1;1
CORD_ORD_1013;PROD_7;1;1
CORD_ORD_1013;PROD_8;1;1
CORD_ORD_1014;PROD_1;1;1
CORD_ORD_1014;PROD_10;1;1
CORD_ORD_1014;PROD_11;1;1
CORD_ORD_1014;PROD_12;1;1
CORD_ORD_1014;PROD_14;1;1
CORD_ORD_1014;PROD_16;1;1
CORD_ORD_1014;PROD_17;1;1
CORD_ORD_1014;PROD_18;1;1
CORD_ORD_1014;PROD_2;1;1
CORD_ORD_1014;PROD_21;1;1
CORD_ORD_1014;PROD_22;1;1
CORD_ORD_1014;PROD_25;1;1
CORD_ORD_1014;PROD_27;1;1
CORD_ORD_1014;PROD_28;1;1
CORD_ORD_1014;PROD_29;1;1
CORD_ORD_1014;PROD_3;1;1
CORD_ORD_1014;PROD_31;1;1
CORD_ORD_1014;PROD_32;1;1
CORD_ORD_1014;PROD_36;1;1
CORD_ORD_1014;PROD_4;1;1
CORD_ORD_1014;PROD_41;1;1
CORD_ORD_1014;PROD_43;1;1
CORD_ORD_1014;PROD_47;1;1
CORD_ORD_1014;PROD_48;1;1
CORD_ORD_1014;PROD_5;1;1
CORD_ORD_1014;PROD_50;1;1
CORD_ORD_1014;PROD_7;1;1
CORD_ORD_1014;PROD_8;1;1
CORD_ORD_1014;PROD_9;1;1
CORD_ORD_1015;PROD_1;1;1
CORD_ORD_1015;PROD_10;1;1
CORD_ORD_1015;PROD_13;1;1
CORD_ORD_1015;PROD_14;1;1
CORD_ORD_1015;PROD_16;1;1
CORD_ORD_1015;PROD_17;1;1
CORD_ORD_1015;PROD_18;1;1
CORD_ORD_1015;PROD_2;1;1
CORD_ORD_1015;PROD_20;1;1
CORD_ORD_1015;PROD_28;1;1
CORD_ORD_1015;PROD_3;1;1
CORD_ORD_1015;PROD_31;1;1
CORD_ORD_1015;PROD_35;1;1
CORD_ORD_1015;PROD_36;1;1
CORD_ORD_1015;PROD_38;1;1
CORD_ORD_1015;PROD_39;1;1
CORD_ORD_1015;PROD_41;1;1
CORD_ORD_1015;PROD_48;1;1
CORD_ORD_1015;PROD_8;1;1
CORD_ORD_1015;PROD_9;1;1
CORD_ORD_1016;PROD_1;1;1
CORD_ORD_1016;PROD_10;1;1
CORD_ORD_1016;PROD_13;1;1
CORD_ORD_1016;PROD_15;1;1
CORD_ORD_1016;PROD_16;1;1
CORD_ORD_1016;PROD_17;1;1
CORD_ORD_1016;PROD_24;1;1
CORD_ORD_1016;PROD_26;1;1
CORD_ORD_1016;PROD_3;1;1
CORD_ORD_1016;PROD_31;1;1
CORD_ORD_1016;PROD_34;1;1
CORD_ORD_1016;PROD_36;1;1
CORD_ORD_1016;PROD_37;1;1
CORD_ORD_1016;PROD_38;1;1
CORD_ORD_1016;PROD_42;1;1
CORD_ORD_1016;PROD_46;1;1
CORD_ORD_1016;PROD_48;1;1
CORD_ORD_1016;PROD_49;1;1
CORD_ORD_1016;PROD_6;1;1
CORD_ORD_1016;PROD_8;1;1
CORD_ORD_1017;PROD_12;1;1
CORD_ORD_1017;PROD_13;1;1
CORD_ORD_1017;PROD_14;1;1
CORD_ORD_1017;PROD_18;1;1
CORD_ORD_1017;PROD_2;1;1
CORD_ORD_1017;PROD_21;1;1
CORD_ORD_1017;PROD_28;1;1
CORD_ORD_1017;PROD_38;1;1
CORD_ORD_1017;PROD_4;1;1
CORD_ORD_1017;PROD_41;1;1
CORD_ORD_1017;PROD_9;1;1
CORD_ORD_1018;PROD_12;1;1
CORD_ORD_1018;PROD_18;1;1
CORD_ORD_1018;PROD_2;1;1
CORD_ORD_1018;PROD_21;1;1
CORD_ORD_1018;PROD_22;1;1
CORD_ORD_1018;PROD_25;1;1
CORD_ORD_1018;PROD_26;1;1
CORD_ORD_1018;PROD_30;1;1
CORD_ORD_1018;PROD_4;1;1
CORD_ORD_1018;PROD_40;1;1
CORD_ORD_1018;PROD_41;1;1
CORD_ORD_1018;PROD_46;1;1
CORD_ORD_1018;PROD_50;1;1
CORD_ORD_1018;PROD_6;1;1
CORD_ORD_1019;PROD_12;1;1
CORD_ORD_1019;PROD_13;1;1
CORD_ORD_1019;PROD_15;1;1
CORD_ORD_1019;PROD_19;1;1
CORD_ORD_1019;PROD_21;1;1
CORD_ORD_1019;PROD_24;1;1
CORD_ORD_1019;PROD_33;1;1
CORD_ORD_1019;PROD_34;1;1
CORD_ORD_1019;PROD_37;1;1
CORD_ORD_1019;PROD_38;1;1
CORD_ORD_1019;PROD_4;1;1
CORD_ORD_1019;PROD_42;1;1
CORD_ORD_1019;PROD_44;1;1
CORD_ORD_1019;PROD_49;1;1
CORD_ORD_1020;PROD_10;1;1
CORD_ORD_1020;PROD_11;1;1
CORD_ORD_1020;PROD_12;1;1
CORD_ORD_1020;PROD_13;1;1
CORD_ORD_1020;PROD_15;1;1
CORD_ORD_1020;PROD_16;1;1
CORD_ORD_1020;PROD_17;1;1
CORD_ORD_1020;PROD_21;1;1
CORD_ORD_1020;PROD_27;1;1
CORD_ORD_1020;PROD_29;1;1
CORD_ORD_1020;PROD_31;1;1
CORD_ORD_1020;PROD_32;1;1
CORD_ORD_1020;PROD_34;1;1
CORD_ORD_1020;PROD_38;1;1
CORD_ORD_1020;PROD_4;1;1
CORD_ORD_1020;PROD_43;1;1
CORD_ORD_1020;PROD_47;1;1
CORD_ORD_1020;PROD_48;1;1
CORD_ORD_1020;PROD_49;1;1
CORD_ORD_1020;PROD_8;1;1
CORD_ORD_1021;PROD_11;1;1
CORD_ORD_1021;PROD_12;1;1
CORD_ORD_1021;PROD_14;1;1
CORD_ORD_1021;PROD_21;1;1
CORD_ORD_1021;PROD_22;1;1
CORD_ORD_1021;PROD_25;1;1
CORD_ORD_1021;PROD_26;1;1
CORD_ORD_1021;PROD_27;1;1
CORD_ORD_1021;PROD_28;1;1
CORD_ORD_1021;PROD_29;1;1
CORD_ORD_1021;PROD_30;1;1
CORD_ORD_1021;PROD_32;1;1
CORD_ORD_1021;PROD_4;1;1
CORD_ORD_1021;PROD_40;1;1
CORD_ORD_1021;PROD_43;1;1
CORD_ORD_1021;PROD_46;1;1
CORD_ORD_1021;PROD_47;1;1
CORD_ORD_1021;PROD_50;1;1
CORD_ORD_1021;PROD_6;1;1
CORD_ORD_1021;PROD_9;1;1
CORD_ORD_1022;PROD_1;1;1
CORD_ORD_1022;PROD_10;1;1
CORD_ORD_1022;PROD_11;1;1
CORD_ORD_1022;PROD_13;1;1
CORD_ORD_1022;PROD_16;1;1
CORD_ORD_1022;PROD_18;1;1
CORD_ORD_1022;PROD_2;1;1
CORD_ORD_1022;PROD_20;1;1
CORD_ORD_1022;PROD_23;1;1
CORD_ORD_1022;PROD_24;1;1
CORD_ORD_1022;PROD_26;1;1
CORD_ORD_1022;PROD_27;1;1
CORD_ORD_1022;PROD_29;1;1
CORD_ORD_1022;PROD_3;1;1
CORD_ORD_1022;PROD_35;1;1
CORD_ORD_1022;PROD_36;1;1
CORD_ORD_1022;PROD_37;1;1
CORD_ORD_1022;PROD_38;1;1
CORD_ORD_1022;PROD_39;1;1
CORD_ORD_1022;PROD_41;1;1
CORD_ORD_1022;PROD_42;1;1
CORD_ORD_1022;PROD_45;1;1
CORD_ORD_1022;PROD_46;1;1
CORD_ORD_1022;PROD_6;1;1
CORD_ORD_1022;PROD_8;1;1
CORD_ORD_1023;PROD_1;1;1
CORD_ORD_1023;PROD_10;1;1
CORD_ORD_1023;PROD_13;1;1
CORD_ORD_1023;PROD_16;1;1
CORD_ORD_1023;PROD_20;1;1
CORD_ORD_1023;PROD_3;1;1
CORD_ORD_1023;PROD_35;1;1
CORD_ORD_1023;PROD_36;1;1
CORD_ORD_1023;PROD_38;1;1
CORD_ORD_1023;PROD_39;1;1
CORD_ORD_1023;PROD_8;1;1
CORD_ORD_1024;PROD_1;1;1
CORD_ORD_1024;PROD_11;1;1
CORD_ORD_1024;PROD_13;1;1
CORD_ORD_1024;PROD_19;1;1
CORD_ORD_1024;PROD_27;1;1
CORD_ORD_1024;PROD_29;1;1
CORD_ORD_1024;PROD_3;1;1
CORD_ORD_1024;PROD_30;1;1
CORD_ORD_1024;PROD_32;1;1
CORD_ORD_1024;PROD_33;1;1
CORD_ORD_1024;PROD_36;1;1
CORD_ORD_1024;PROD_38;1;1
CORD_ORD_1024;PROD_40;1;1
CORD_ORD_1024;PROD_43;1;1
CORD_ORD_1024;PROD_44;1;1
CORD_ORD_1024;PROD_47;1;1
CORD_ORD_1024;PROD_5;1;1
CORD_ORD_1024;PROD_7;1;1
CORD_ORD_1025;PROD_11;1;1
CORD_ORD_1025;PROD_12;1;1
CORD_ORD_1025;PROD_14;1;1
CORD_ORD_1025;PROD_15;1;1
CORD_ORD_1025;PROD_17;1;1
CORD_ORD_1025;PROD_20;1;1
CORD_ORD_1025;PROD_21;1;1
CORD_ORD_1025;PROD_27;1;1
CORD_ORD_1025;PROD_28;1;1
CORD_ORD_1025;PROD_29;1;1
CORD_ORD_1025;PROD_31;1;1
CORD_ORD_1025;PROD_32;1;1
CORD_ORD_1025;PROD_34;1;1
CORD_ORD_1025;PROD_35;1;1
CORD_ORD_1025;PROD_39;1;1
CORD_ORD_1025;PROD_4;1;1
CORD_ORD_1025;PROD_43;1;1
CORD_ORD_1025;PROD_47;1;1
CORD_ORD_1025;PROD_48;1;1
CORD_ORD_1025;PROD_49;1;1
CORD_ORD_1025;PROD_9;1;1
CORD_ORD_1026;PROD_1;1;1
CORD_ORD_1026;PROD_10;1;1
CORD_ORD_1026;PROD_11;1;1
CORD_ORD_1026;PROD_12;1;1
CORD_ORD_1026;PROD_13;1;1
CORD_ORD_1026;PROD_14;1;1
CORD_ORD_1026;PROD_16;1;1
CORD_ORD_1026;PROD_17;1;1
CORD_ORD_1026;PROD_20;1;1
CORD_ORD_1026;PROD_21;1;1
CORD_ORD_1026;PROD_27;1;1
CORD_ORD_1026;PROD_28;1;1
CORD_ORD_1026;PROD_29;1;1
CORD_ORD_1026;PROD_3;1;1
CORD_ORD_1026;PROD_31;1;1
CORD_ORD_1026;PROD_32;1;1
CORD_ORD_1026;PROD_35;1;1
CORD_ORD_1026;PROD_36;1;1
CORD_ORD_1026;PROD_38;1;1
CORD_ORD_1026;PROD_39;1;1
CORD_ORD_1026;PROD_4;1;1
CORD_ORD_1026;PROD_43;1;1
CORD_ORD_1026;PROD_47;1;1
CORD_ORD_1026;PROD_48;1;1
CORD_ORD_1026;PROD_8;1;1
CORD_ORD_1026;PROD_9;1;1
CORD_ORD_1027;PROD_1;1;1
CORD_ORD_1027;PROD_11;1;1
CORD_ORD_1027;PROD_12;1;1
CORD_ORD_1027;PROD_13;1;1
CORD_ORD_1027;PROD_14;1;1
CORD_ORD_1027;PROD_15;1;1
CORD_ORD_1027;PROD_19;1;1
CORD_ORD_1027;PROD_21;1;1
CORD_ORD_1027;PROD_22;1;1
CORD_ORD_1027;PROD_25;1;1
CORD_ORD_1027;PROD_26;1;1
CORD_ORD_1027;PROD_27;1;1
CORD_ORD_1027;PROD_28;1;1
CORD_ORD_1027;PROD_29;1;1
CORD_ORD_1027;PROD_3;1;1
CORD_ORD_1027;PROD_30;1;1
CORD_ORD_1027;PROD_33;1;1
CORD_ORD_1027;PROD_34;1;1
CORD_ORD_1027;PROD_36;1;1
CORD_ORD_1027;PROD_38;1;1
CORD_ORD_1027;PROD_4;1;1
CORD_ORD_1027;PROD_40;1;1
CORD_ORD_1027;PROD_44;1;1
CORD_ORD_1027;PROD_46;1;1
CORD_ORD_1027;PROD_49;1;1
CORD_ORD_1027;PROD_5;1;1
CORD_ORD_1027;PROD_50;1;1
CORD_ORD_1027;PROD_6;1;1
CORD_ORD_1027;PROD_7;1;1
CORD_ORD_1027;PROD_9;1;1
CORD_ORD_1028;PROD_1;1;1
CORD_ORD_1028;PROD_10;1;1
CORD_ORD_1028;PROD_13;1;1
CORD_ORD_1028;PROD_15;1;1
CORD_ORD_1028;PROD_16;1;1
CORD_ORD_1028;PROD_18;1;1
CORD_ORD_1028;PROD_2;1;1
CORD_ORD_1028;PROD_22;1;1
CORD_ORD_1028;PROD_24;1;1
CORD_ORD_1028;PROD_25;1;1
CORD_ORD_1028;PROD_26;1;1
CORD_ORD_1028;PROD_3;1;1
CORD_ORD_1028;PROD_34;1;1
CORD_ORD_1028;PROD_36;1;1
CORD_ORD_1028;PROD_37;1;1
CORD_ORD_1028;PROD_38;1;1
CORD_ORD_1028;PROD_41;1;1
CORD_ORD_1028;PROD_42;1;1
CORD_ORD_1028;PROD_46;1;1
CORD_ORD_1028;PROD_49;1;1
CORD_ORD_1028;PROD_50;1;1
CORD_ORD_1028;PROD_6;1;1
CORD_ORD_1028;PROD_8;1;1
CORD_ORD_1029;PROD_1;1;1
CORD_ORD_1029;PROD_10;1;1
CORD_ORD_1029;PROD_11;1;1
CORD_ORD_1029;PROD_13;1;1
CORD_ORD_1029;PROD_14;1;1
CORD_ORD_1029;PROD_16;1;1
CORD_ORD_1029;PROD_19;1;1
CORD_ORD_1029;PROD_20;1;1
CORD_ORD_1029;PROD_22;1;1
CORD_ORD_1029;PROD_25;1;1
CORD_ORD_1029;PROD_27;1;1
CORD_ORD_1029;PROD_28;1;1
CORD_ORD_1029;PROD_29;1;1
CORD_ORD_1029;PROD_3;1;1
CORD_ORD_1029;PROD_33;1;1
CORD_ORD_1029;PROD_35;1;1
CORD_ORD_1029;PROD_36;1;1
CORD_ORD_1029;PROD_38;1;1
CORD_ORD_1029;PROD_39;1;1
CORD_ORD_1029;PROD_44;1;1
CORD_ORD_1029;PROD_50;1;1
CORD_ORD_1029;PROD_8;1;1
CORD_ORD_1029;PROD_9;1;1
CORD_ORD_1030;PROD_12;1;1
CORD_ORD_1030;PROD_13;1;1
CORD_ORD_1030;PROD_21;1;1
CORD_ORD_1030;PROD_32;1;1
CORD_ORD_1030;PROD_38;1;1
CORD_ORD_1030;PROD_4;1;1
CORD_ORD_1030;PROD_43;1;1
CORD_ORD_1030;PROD_47;1;1
CORD_ORD_1031;PROD_1;1;1
CORD_ORD_1031;PROD_13;1;1
CORD_ORD_1031;PROD_14;1;1
CORD_ORD_1031;PROD_15;1;1
CORD_ORD_1031;PROD_17;1;1
CORD_ORD_1031;PROD_18;1;1
CORD_ORD_1031;PROD_19;1;1
CORD_ORD_1031;PROD_2;1;1
CORD_ORD_1031;PROD_23;1;1
CORD_ORD_1031;PROD_24;1;1
CORD_ORD_1031;PROD_26;1;1
CORD_ORD_1031;PROD_28;1;1
CORD_ORD_1031;PROD_3;1;1
CORD_ORD_1031;PROD_31;1;1
CORD_ORD_1031;PROD_32;1;1
CORD_ORD_1031;PROD_33;1;1
CORD_ORD_1031;PROD_34;1;1
CORD_ORD_1031;PROD_36;1;1
CORD_ORD_1031;PROD_37;1;1
CORD_ORD_1031;PROD_38;1;1
CORD_ORD_1031;PROD_41;1;1
CORD_ORD_1031;PROD_42;1;1
CORD_ORD_1031;PROD_43;1;1
CORD_ORD_1031;PROD_44;1;1
CORD_ORD_1031;PROD_45;1;1
CORD_ORD_1031;PROD_46;1;1
CORD_ORD_1031;PROD_47;1;1
CORD_ORD_1031;PROD_48;1;1
CORD_ORD_1031;PROD_49;1;1
CORD_ORD_1031;PROD_6;1;1
CORD_ORD_1031;PROD_9;1;1
CORD_ORD_1032;PROD_1;1;1
CORD_ORD_1032;PROD_11;1;1
CORD_ORD_1032;PROD_12;1;1
CORD_ORD_1032;PROD_14;1;1
CORD_ORD_1032;PROD_17;1;1
CORD_ORD_1032;PROD_18;1;1
CORD_ORD_1032;PROD_2;1;1
CORD_ORD_1032;PROD_20;1;1
CORD_ORD_1032;PROD_21;1;1
CORD_ORD_1032;PROD_22;1;1
CORD_ORD_1032;PROD_23;1;1
CORD_ORD_1032;PROD_24;1;1
CORD_ORD_1032;PROD_25;1;1
CORD_ORD_1032;PROD_27;1;1
CORD_ORD_1032;PROD_28;1;1
CORD_ORD_1032;PROD_29;1;1
CORD_ORD_1032;PROD_3;1;1
CORD_ORD_1032;PROD_31;1;1
CORD_ORD_1032;PROD_32;1;1
CORD_ORD_1032;PROD_35;1;1
CORD_ORD_1032;PROD_36;1;1
CORD_ORD_1032;PROD_37;1;1
CORD_ORD_1032;PROD_39;1;1
CORD_ORD_1032;PROD_4;1;1
CORD_ORD_1032;PROD_41;1;1
CORD_ORD_1032;PROD_42;1;1
CORD_ORD_1032;PROD_43;1;1
CORD_ORD_1032;PROD_45;1;1
CORD_ORD_1032;PROD_47;1;1
CORD_ORD_1032;PROD_48;1;1
CORD_ORD_1032;PROD_50;1;1
CORD_ORD_1032;PROD_9;1;1
CORD_ORD_1033;PROD_1;1;1
CORD_ORD_1033;PROD_10;1;1
CORD_ORD_1033;PROD_11;1;1
CORD_ORD_1033;PROD_16;1;1
CORD_ORD_1033;PROD_22;1;1
CORD_ORD_1033;PROD_25;1;1
CORD_ORD_1033;PROD_27;1;1
CORD_ORD_1033;PROD_29;1;1
CORD_ORD_1033;PROD_3;1;1
CORD_ORD_1033;PROD_32;1;1
CORD_ORD_1033;PROD_36;1;1
CORD_ORD_1033;PROD_43;1;1
CORD_ORD_1033;PROD_47;1;1
CORD_ORD_1033;PROD_50;1;1
CORD_ORD_1033;PROD_8;1;1
CORD_ORD_1034;PROD_10;1;1
CORD_ORD_1034;PROD_14;1;1
CORD_ORD_1034;PROD_16;1;1
CORD_ORD_1034;PROD_17;1;1
CORD_ORD_1034;PROD_19;1;1
CORD_ORD_1034;PROD_22;1;1
CORD_ORD_1034;PROD_24;1;1
CORD_ORD_1034;PROD_25;1;1
CORD_ORD_1034;PROD_26;1;1
CORD_ORD_1034;PROD_28;1;1
CORD_ORD_1034;PROD_30;1;1
CORD_ORD_1034;PROD_31;1;1
CORD_ORD_1034;PROD_32;1;1
CORD_ORD_1034;PROD_33;1;1
CORD_ORD_1034;PROD_37;1;1
CORD_ORD_1034;PROD_40;1;1
CORD_ORD_1034;PROD_42;1;1
CORD_ORD_1034;PROD_43;1;1
CORD_ORD_1034;PROD_44;1;1
CORD_ORD_1034;PROD_46;1;1
CORD_ORD_1034;PROD_47;1;1
CORD_ORD_1034;PROD_48;1;1
CORD_ORD_1034;PROD_50;1;1
CORD_ORD_1034;PROD_6;1;1
CORD_ORD_1034;PROD_8;1;1
CORD_ORD_1034;PROD_9;1;1
CORD_ORD_1035;PROD_1;1;1
CORD_ORD_1035;PROD_11;1;1
CORD_ORD_1035;PROD_17;1;1
CORD_ORD_1035;PROD_22;1;1
CORD_ORD_1035;PROD_25;1;1
CORD_ORD_1035;PROD_27;1;1
CORD_ORD_1035;PROD_29;1;1
CORD_ORD_1035;PROD_3;1;1
CORD_ORD_1035;PROD_31;1;1
CORD_ORD_1035;PROD_32;1;1
CORD_ORD_1035;PROD_36;1;1
CORD_ORD_1035;PROD_43;1;1
CORD_ORD_1035;PROD_47;1;1
CORD_ORD_1035;PROD_48;1;1
CORD_ORD_1035;PROD_50;1;1
CORD_ORD_1036;PROD_10;1;1
CORD_ORD_1036;PROD_12;1;1
CORD_ORD_1036;PROD_13;1;1
CORD_ORD_1036;PROD_15;1;1
CORD_ORD_1036;PROD_16;1;1
CORD_ORD_1036;PROD_21;1;1
CORD_ORD_1036;PROD_34;1;1
CORD_ORD_1036;PROD_38;1;1
CORD_ORD_1036;PROD_4;1;1
CORD_ORD_1036;PROD_49;1;1
CORD_ORD_1036;PROD_8;1;1
CORD_ORD_1037;PROD_1;1;1
CORD_ORD_1037;PROD_11;1;1
CORD_ORD_1037;PROD_12;1;1
CORD_ORD_1037;PROD_13;1;1
CORD_ORD_1037;PROD_14;1;1
CORD_ORD_1037;PROD_17;1;1
CORD_ORD_1037;PROD_18;1;1
CORD_ORD_1037;PROD_2;1;1
CORD_ORD_1037;PROD_21;1;1
CORD_ORD_1037;PROD_24;1;1
CORD_ORD_1037;PROD_26;1;1
CORD_ORD_1037;PROD_27;1;1
CORD_ORD_1037;PROD_28;1;1
CORD_ORD_1037;PROD_29;1;1
CORD_ORD_1037;PROD_3;1;1
CORD_ORD_1037;PROD_31;1;1
CORD_ORD_1037;PROD_32;1;1
CORD_ORD_1037;PROD_36;1;1
CORD_ORD_1037;PROD_37;1;1
CORD_ORD_1037;PROD_38;1;1
CORD_ORD_1037;PROD_4;1;1
CORD_ORD_1037;PROD_41;1;1
CORD_ORD_1037;PROD_42;1;1
CORD_ORD_1037;PROD_43;1;1
CORD_ORD_1037;PROD_46;1;1
CORD_ORD_1037;PROD_47;1;1
CORD_ORD_1037;PROD_48;1;1
CORD_ORD_1037;PROD_6;1;1
CORD_ORD_1037;PROD_9;1;1
CORD_ORD_1038;PROD_11;1;1
CORD_ORD_1038;PROD_15;1;1
CORD_ORD_1038;PROD_17;1;1
CORD_ORD_1038;PROD_18;1;1
CORD_ORD_1038;PROD_2;1;1
CORD_ORD_1038;PROD_20;1;1
CORD_ORD_1038;PROD_27;1;1
CORD_ORD_1038;PROD_29;1;1
CORD_ORD_1038;PROD_31;1;1
CORD_ORD_1038;PROD_34;1;1
CORD_ORD_1038;PROD_35;1;1
CORD_ORD_1038;PROD_39;1;1
CORD_ORD_1038;PROD_41;1;1
CORD_ORD_1038;PROD_48;1;1
CORD_ORD_1038;PROD_49;1;1
CORD_ORD_1039;PROD_1;1;1
CORD_ORD_1039;PROD_10;1;1
CORD_ORD_1039;PROD_15;1;1
CORD_ORD_1039;PROD_16;1;1
CORD_ORD_1039;PROD_17;1;1
CORD_ORD_1039;PROD_22;1;1
CORD_ORD_1039;PROD_25;1;1
CORD_ORD_1039;PROD_26;1;1
CORD_ORD_1039;PROD_3;1;1
CORD_ORD_1039;PROD_31;1;1
CORD_ORD_1039;PROD_32;1;1
CORD_ORD_1039;PROD_34;1;1
CORD_ORD_1039;PROD_36;1;1
CORD_ORD_1039;PROD_43;1;1
CORD_ORD_1039;PROD_46;1;1
CORD_ORD_1039;PROD_47;1;1
CORD_ORD_1039;PROD_48;1;1
CORD_ORD_1039;PROD_49;1;1
CORD_ORD_1039;PROD_50;1;1
CORD_ORD_1039;PROD_6;1;1
CORD_ORD_1039;PROD_8;1;1
CORD_ORD_1040;PROD_1;1;1
CORD_ORD_1040;PROD_10;1;1
CORD_ORD_1040;PROD_12;1;1
CORD_ORD_1040;PROD_13;1;1
CORD_ORD_1040;PROD_16;1;1
CORD_ORD_1040;PROD_17;1;1
CORD_ORD_1040;PROD_18;1;1
CORD_ORD_1040;PROD_19;1;1
CORD_ORD_1040;PROD_2;1;1
CORD_ORD_1040;PROD_20;1;1
CORD_ORD_1040;PROD_21;1;1
CORD_ORD_1040;PROD_23;1;1
CORD_ORD_1040;PROD_24;1;1
CORD_ORD_1040;PROD_26;1;1
CORD_ORD_1040;PROD_3;1;1
CORD_ORD_1040;PROD_31;1;1
CORD_ORD_1040;PROD_33;1;1
CORD_ORD_1040;PROD_35;1;1
CORD_ORD_1040;PROD_36;1;1
CORD_ORD_1040;PROD_37;1;1
CORD_ORD_1040;PROD_38;1;1
CORD_ORD_1040;PROD_39;1;1
CORD_ORD_1040;PROD_4;1;1
CORD_ORD_1040;PROD_41;1;1
CORD_ORD_1040;PROD_42;1;1
CORD_ORD_1040;PROD_44;1;1
CORD_ORD_1040;PROD_45;1;1
CORD_ORD_1040;PROD_46;1;1
CORD_ORD_1040;PROD_48;1;1
CORD_ORD_1040;PROD_6;1;1
CORD_ORD_1040;PROD_8;1;1
CORD_ORD_1041;PROD_1;1;1
CORD_ORD_1041;PROD_10;1;1
CORD_ORD_1041;PROD_11;1;1
CORD_ORD_1041;PROD_16;1;1
CORD_ORD_1041;PROD_27;1;1
CORD_ORD_1041;PROD_29;1;1
CORD_ORD_1041;PROD_3;1;1
CORD_ORD_1041;PROD_32;1;1
CORD_ORD_1041;PROD_36;1;1
CORD_ORD_1041;PROD_43;1;1
CORD_ORD_1041;PROD_47;1;1
CORD_ORD_1041;PROD_8;1;1
CORD_ORD_1042;PROD_11;1;1
CORD_ORD_1042;PROD_12;1;1
CORD_ORD_1042;PROD_18;1;1
CORD_ORD_1042;PROD_19;1;1
CORD_ORD_1042;PROD_2;1;1
CORD_ORD_1042;PROD_21;1;1
CORD_ORD_1042;PROD_24;1;1
CORD_ORD_1042;PROD_27;1;1
CORD_ORD_1042;PROD_29;1;1
CORD_ORD_1042;PROD_33;1;1
CORD_ORD_1042;PROD_37;1;1
CORD_ORD_1042;PROD_4;1;1
CORD_ORD_1042;PROD_41;1;1
CORD_ORD_1042;PROD_42;1;1
CORD_ORD_1042;PROD_44;1;1
CORD_ORD_1043;PROD_10;1;1
CORD_ORD_1043;PROD_13;1;1
CORD_ORD_1043;PROD_15;1;1
CORD_ORD_1043;PROD_16;1;1
CORD_ORD_1043;PROD_17;1;1
CORD_ORD_1043;PROD_31;1;1
CORD_ORD_1043;PROD_34;1;1
CORD_ORD_1043;PROD_38;1;1
CORD_ORD_1043;PROD_48;1;1
CORD_ORD_1043;PROD_49;1;1
CORD_ORD_1043;PROD_8;1;1
CORD_ORD_1044;PROD_1;1;1
CORD_ORD_1044;PROD_10;1;1
CORD_ORD_1044;PROD_14;1;1
CORD_ORD_1044;PROD_16;1;1
CORD_ORD_1044;PROD_20;1;1
CORD_ORD_1044;PROD_22;1;1
CORD_ORD_1044;PROD_25;1;1
CORD_ORD_1044;PROD_28;1;1
CORD_ORD_1044;PROD_3;1;1
CORD_ORD_1044;PROD_35;1;1
CORD_ORD_1044;PROD_36;1;1
CORD_ORD_1044;PROD_39;1;1
CORD_ORD_1044;PROD_50;1;1
CORD_ORD_1044;PROD_8;1;1
CORD_ORD_1044;PROD_9;1;1
CORD_ORD_1045;PROD_10;1;1
CORD_ORD_1045;PROD_14;1;1
CORD_ORD_1045;PROD_16;1;1
CORD_ORD_1045;PROD_17;1;1
CORD_ORD_1045;PROD_18;1;1
CORD_ORD_1045;PROD_2;1;1
CORD_ORD_1045;PROD_22;1;1
CORD_ORD_1045;PROD_25;1;1
CORD_ORD_1045;PROD_28;1;1
CORD_ORD_1045;PROD_31;1;1
CORD_ORD_1045;PROD_32;1;1
CORD_ORD_1045;PROD_41;1;1
CORD_ORD_1045;PROD_43;1;1
CORD_ORD_1045;PROD_47;1;1
CORD_ORD_1045;PROD_48;1;1
CORD_ORD_1045;PROD_50;1;1
CORD_ORD_1045;PROD_8;1;1
CORD_ORD_1045;PROD_9;1;1
CORD_ORD_1046;PROD_1;1;1
CORD_ORD_1046;PROD_11;1;1
CORD_ORD_1046;PROD_26;1;1
CORD_ORD_1046;PROD_27;1;1
CORD_ORD_1046;PROD_29;1;1
CORD_ORD_1046;PROD_3;1;1
CORD_ORD_1046;PROD_32;1;1
CORD_ORD_1046;PROD_36;1;1
CORD_ORD_1046;PROD_43;1;1
CORD_ORD_1046;PROD_46;1;1
CORD_ORD_1046;PROD_47;1;1
CORD_ORD_1046;PROD_6;1;1
CORD_ORD_1047;PROD_10;1;1
CORD_ORD_1047;PROD_12;1;1
CORD_ORD_1047;PROD_13;1;1
CORD_ORD_1047;PROD_14;1;1
CORD_ORD_1047;PROD_16;1;1
CORD_ORD_1047;PROD_20;1;1
CORD_ORD_1047;PROD_21;1;1
CORD_ORD_1047;PROD_28;1;1
CORD_ORD_1047;PROD_32;1;1
CORD_ORD_1047;PROD_35;1;1
CORD_ORD_1047;PROD_38;1;1
CORD_ORD_1047;PROD_39;1;1
CORD_ORD_1047;PROD_4;1;1
CORD_ORD_1047;PROD_43;1;1
CORD_ORD_1047;PROD_47;1;1
CORD_ORD_1047;PROD_8;1;1
CORD_ORD_1047;PROD_9;1;1
CORD_ORD_1048;PROD_10;1;1
CORD_ORD_1048;PROD_11;1;1
CORD_ORD_1048;PROD_12;1;1
CORD_ORD_1048;PROD_16;1;1
CORD_ORD_1048;PROD_19;1;1
CORD_ORD_1048;PROD_21;1;1
CORD_ORD_1048;PROD_22;1;1
CORD_ORD_1048;PROD_23;1;1
CORD_ORD_1048;PROD_25;1;1
CORD_ORD_1048;PROD_27;1;1
CORD_ORD_1048;PROD_29;1;1
CORD_ORD_1048;PROD_33;1;1
CORD_ORD_1048;PROD_4;1;1
CORD_ORD_1048;PROD_44;1;1
CORD_ORD_1048;PROD_45;1;1
CORD_ORD_1048;PROD_50;1;1
CORD_ORD_1048;PROD_8;1;1
CORD_ORD_1049;PROD_1;1;1
CORD_ORD_1049;PROD_10;1;1
CORD_ORD_1049;PROD_11;1;1
CORD_ORD_1049;PROD_16;1;1
CORD_ORD_1049;PROD_19;1;1
CORD_ORD_1049;PROD_22;1;1
CORD_ORD_1049;PROD_23;1;1
CORD_ORD_1049;PROD_24;1;1
CORD_ORD_1049;PROD_25;1;1
CORD_ORD_1049;PROD_26;1;1
CORD_ORD_1049;PROD_27;1;1
CORD_ORD_1049;PROD_29;1;1
CORD_ORD_1049;PROD_3;1;1
CORD_ORD_1049;PROD_33;1;1
CORD_ORD_1049;PROD_36;1;1
CORD_ORD_1049;PROD_37;1;1
CORD_ORD_1049;PROD_42;1;1
CORD_ORD_1049;PROD_44;1;1
CORD_ORD_1049;PROD_45;1;1
CORD_ORD_1049;PROD_46;1;1
CORD_ORD_1049;PROD_50;1;1
CORD_ORD_1049;PROD_6;1;1
CORD_ORD_1049;PROD_8;1;1
CORD_ORD_1050;PROD_11;1;1
CORD_ORD_1050;PROD_13;1;1
CORD_ORD_1050;PROD_15;1;1
CORD_ORD_1050;PROD_17;1;1
CORD_ORD_1050;PROD_19;1;1
CORD_ORD_1050;PROD_20;1;1
CORD_ORD_1050;PROD_23;1;1
CORD_ORD_1050;PROD_24;1;1
CORD_ORD_1050;PROD_26;1;1
CORD_ORD_1050;PROD_27;1;1
CORD_ORD_1050;PROD_29;1;1
CORD_ORD_1050;PROD_30;1;1
CORD_ORD_1050;PROD_31;1;1
CORD_ORD_1050;PROD_32;1;1
CORD_ORD_1050;PROD_33;1;1
CORD_ORD_1050;PROD_34;1;1
CORD_ORD_1050;PROD_35;1;1
CORD_ORD_1050;PROD_37;1;1
CORD_ORD_1050;PROD_38;1;1
CORD_ORD_1050;PROD_39;1;1
CORD_ORD_1050;PROD_40;1;1
CORD_ORD_1050;PROD_42;1;1
CORD_ORD_1050;PROD_43;1;1
CORD_ORD_1050;PROD_44;1;1
CORD_ORD_1050;PROD_45;1;1
CORD_ORD_1050;PROD_46;1;1
CORD_ORD_1050;PROD_47;1;1
CORD_ORD_1050;PROD_48;1;1
CORD_ORD_1050;PROD_49;1;1
CORD_ORD_1050;PROD_6;1;1
CORD_ORD_1051;PROD_1;1;1
CORD_ORD_1051;PROD_10;1;1
CORD_ORD_1051;PROD_16;1;1
CORD_ORD_1051;PROD_17;1;1
CORD_ORD_1051;PROD_19;1;1
CORD_ORD_1051;PROD_22;1;1
CORD_ORD_1051;PROD_24;1;1
CORD_ORD_1051;PROD_25;1;1
CORD_ORD_1051;PROD_26;1;1
CORD_ORD_1051;PROD_3;1;1
CORD_ORD_1051;PROD_31;1;1
CORD_ORD_1051;PROD_33;1;1
CORD_ORD_1051;PROD_36;1;1
CORD_ORD_1051;PROD_37;1;1
CORD_ORD_1051;PROD_42;1;1
CORD_ORD_1051;PROD_44;1;1
CORD_ORD_1051;PROD_46;1;1
CORD_ORD_1051;PROD_48;1;1
CORD_ORD_1051;PROD_50;1;1
CORD_ORD_1051;PROD_6;1;1
CORD_ORD_1051;PROD_8;1;1
CORD_ORD_1052;PROD_1;1;1
CORD_ORD_1052;PROD_10;1;1
CORD_ORD_1052;PROD_13;1;1
CORD_ORD_1052;PROD_16;1;1
CORD_ORD_1052;PROD_20;1;1
CORD_ORD_1052;PROD_3;1;1
CORD_ORD_1052;PROD_35;1;1
CORD_ORD_1052;PROD_36;1;1
CORD_ORD_1052;PROD_38;1;1
CORD_ORD_1052;PROD_39;1;1
CORD_ORD_1052;PROD_8;1;1
CORD_ORD_1053;PROD_10;1;1
CORD_ORD_1053;PROD_11;1;1
CORD_ORD_1053;PROD_14;1;1
CORD_ORD_1053;PROD_15;1;1
CORD_ORD_1053;PROD_16;1;1
CORD_ORD_1053;PROD_17;1;1
CORD_ORD_1053;PROD_19;1;1
CORD_ORD_1053;PROD_22;1;1
CORD_ORD_1053;PROD_23;1;1
CORD_ORD_1053;PROD_25;1;1
CORD_ORD_1053;PROD_26;1;1
CORD_ORD_1053;PROD_27;1;1
CORD_ORD_1053;PROD_28;1;1
CORD_ORD_1053;PROD_29;1;1
CORD_ORD_1053;PROD_31;1;1
CORD_ORD_1053;PROD_33;1;1
CORD_ORD_1053;PROD_34;1;1
CORD_ORD_1053;PROD_44;1;1
CORD_ORD_1053;PROD_45;1;1
CORD_ORD_1053;PROD_46;1;1
CORD_ORD_1053;PROD_48;1;1
CORD_ORD_1053;PROD_49;1;1
CORD_ORD_1053;PROD_5;1;1
CORD_ORD_1053;PROD_50;1;1
CORD_ORD_1053;PROD_6;1;1
CORD_ORD_1053;PROD_7;1;1
CORD_ORD_1053;PROD_8;1;1
CORD_ORD_1053;PROD_9;1;1
CORD_ORD_1054;PROD_10;1;1
CORD_ORD_1054;PROD_15;1;1
CORD_ORD_1054;PROD_16;1;1
CORD_ORD_1054;PROD_18;1;1
CORD_ORD_1054;PROD_19;1;1
CORD_ORD_1054;PROD_2;1;1
CORD_ORD_1054;PROD_20;1;1
CORD_ORD_1054;PROD_22;1;1
CORD_ORD_1054;PROD_23;1;1
CORD_ORD_1054;PROD_24;1;1
CORD_ORD_1054;PROD_25;1;1
CORD_ORD_1054;PROD_33;1;1
CORD_ORD_1054;PROD_34;1;1
CORD_ORD_1054;PROD_35;1;1
CORD_ORD_1054;PROD_37;1;1
CORD_ORD_1054;PROD_39;1;1
CORD_ORD_1054;PROD_41;1;1
CORD_ORD_1054;PROD_42;1;1
CORD_ORD_1054;PROD_44;1;1
CORD_ORD_1054;PROD_45;1;1
CORD_ORD_1054;PROD_49;1;1
CORD_ORD_1054;PROD_50;1;1
CORD_ORD_1054;PROD_8;1;1
CORD_ORD_1055;PROD_10;1;1
CORD_ORD_1055;PROD_11;1;1
CORD_ORD_1055;PROD_12;1;1
CORD_ORD_1055;PROD_16;1;1
CORD_ORD_1055;PROD_19;1;1
CORD_ORD_1055;PROD_21;1;1
CORD_ORD_1055;PROD_22;1;1
CORD_ORD_1055;PROD_25;1;1
CORD_ORD_1055;PROD_27;1;1
CORD_ORD_1055;PROD_29;1;1
CORD_ORD_1055;PROD_33;1;1
CORD_ORD_1055;PROD_4;1;1
CORD_ORD_1055;PROD_44;1;1
CORD_ORD_1055;PROD_50;1;1
CORD_ORD_1055;PROD_8;1;1
CORD_ORD_1056;PROD_11;1;1
CORD_ORD_1056;PROD_12;1;1
CORD_ORD_1056;PROD_18;1;1
CORD_ORD_1056;PROD_19;1;1
CORD_ORD_1056;PROD_2;1;1
CORD_ORD_1056;PROD_21;1;1
CORD_ORD_1056;PROD_24;1;1
CORD_ORD_1056;PROD_27;1;1
CORD_ORD_1056;PROD_29;1;1
CORD_ORD_1056;PROD_32;1;1
CORD_ORD_1056;PROD_33;1;1
CORD_ORD_1056;PROD_37;1;1
CORD_ORD_1056;PROD_4;1;1
CORD_ORD_1056;PROD_41;1;1
CORD_ORD_1056;PROD_42;1;1
CORD_ORD_1056;PROD_43;1;1
CORD_ORD_1056;PROD_44;1;1
CORD_ORD_1056;PROD_47;1;1
CORD_ORD_1056;PROD_5;1;1
CORD_ORD_1056;PROD_7;1;1
CORD_ORD_1057;PROD_1;1;1
CORD_ORD_1057;PROD_10;1;1
CORD_ORD_1057;PROD_13;1;1
CORD_ORD_1057;PROD_14;1;1
CORD_ORD_1057;PROD_15;1;1
CORD_ORD_1057;PROD_16;1;1
CORD_ORD_1057;PROD_17;1;1
CORD_ORD_1057;PROD_20;1;1
CORD_ORD_1057;PROD_23;1;1
CORD_ORD_1057;PROD_24;1;1
CORD_ORD_1057;PROD_28;1;1
CORD_ORD_1057;PROD_3;1;1
CORD_ORD_1057;PROD_31;1;1
CORD_ORD_1057;PROD_32;1;1
CORD_ORD_1057;PROD_34;1;1
CORD_ORD_1057;PROD_35;1;1
CORD_ORD_1057;PROD_36;1;1
CORD_ORD_1057;PROD_37;1;1
CORD_ORD_1057;PROD_38;1;1
CORD_ORD_1057;PROD_39;1;1
CORD_ORD_1057;PROD_42;1;1
CORD_ORD_1057;PROD_43;1;1
CORD_ORD_1057;PROD_45;1;1
CORD_ORD_1057;PROD_47;1;1
CORD_ORD_1057;PROD_48;1;1
CORD_ORD_1057;PROD_49;1;1
CORD_ORD_1057;PROD_8;1;1
CORD_ORD_1057;PROD_9;1;1
CORD_ORD_1058;PROD_1;1;1
CORD_ORD_1058;PROD_11;1;1
CORD_ORD_1058;PROD_19;1;1
CORD_ORD_1058;PROD_22;1;1
CORD_ORD_1058;PROD_23;1;1
CORD_ORD_1058;PROD_25;1;1
CORD_ORD_1058;PROD_27;1;1
CORD_ORD_1058;PROD_29;1;1
CORD_ORD_1058;PROD_3;1;1
CORD_ORD_1058;PROD_33;1;1
CORD_ORD_1058;PROD_36;1;1
CORD_ORD_1058;PROD_44;1;1
CORD_ORD_1058;PROD_45;1;1
CORD_ORD_1058;PROD_50;1;1
CORD_ORD_1059;PROD_18;1;1
CORD_ORD_1059;PROD_2;1;1
CORD_ORD_1059;PROD_23;1;1
CORD_ORD_1059;PROD_24;1;1
CORD_ORD_1059;PROD_30;1;1
CORD_ORD_1059;PROD_32;1;1
CORD_ORD_1059;PROD_37;1;1
CORD_ORD_1059;PROD_40;1;1
CORD_ORD_1059;PROD_41;1;1
CORD_ORD_1059;PROD_42;1;1
CORD_ORD_1059;PROD_43;1;1
CORD_ORD_1059;PROD_45;1;1
CORD_ORD_1059;PROD_47;1;1
CORD_ORD_1059;PROD_5;1;1
CORD_ORD_1059;PROD_7;1;1
CORD_ORD_1060;PROD_1;1;1
CORD_ORD_1060;PROD_10;1;1
CORD_ORD_1060;PROD_13;1;1
CORD_ORD_1060;PROD_16;1;1
CORD_ORD_1060;PROD_20;1;1
CORD_ORD_1060;PROD_3;1;1
CORD_ORD_1060;PROD_35;1;1
CORD_ORD_1060;PROD_36;1;1
CORD_ORD_1060;PROD_38;1;1
CORD_ORD_1060;PROD_39;1;1
CORD_ORD_1060;PROD_8;1;1
CORD_ORD_1061;PROD_1;1;1
CORD_ORD_1061;PROD_10;1;1
CORD_ORD_1061;PROD_13;1;1
CORD_ORD_1061;PROD_15;1;1
CORD_ORD_1061;PROD_16;1;1
CORD_ORD_1061;PROD_20;1;1
CORD_ORD_1061;PROD_26;1;1
CORD_ORD_1061;PROD_3;1;1
CORD_ORD_1061;PROD_34;1;1
CORD_ORD_1061;PROD_35;1;1
CORD_ORD_1061;PROD_36;1;1
CORD_ORD_1061;PROD_38;1;1
CORD_ORD_1061;PROD_39;1;1
CORD_ORD_1061;PROD_46;1;1
CORD_ORD_1061;PROD_49;1;1
CORD_ORD_1061;PROD_6;1;1
CORD_ORD_1061;PROD_8;1;1
CORD_ORD_1062;PROD_1;1;1
CORD_ORD_1062;PROD_10;1;1
CORD_ORD_1062;PROD_11;1;1
CORD_ORD_1062;PROD_12;1;1
CORD_ORD_1062;PROD_13;1;1
CORD_ORD_1062;PROD_15;1;1
CORD_ORD_1062;PROD_16;1;1
CORD_ORD_1062;PROD_20;1;1
CORD_ORD_1062;PROD_21;1;1
CORD_ORD_1062;PROD_22;1;1
CORD_ORD_1062;PROD_23;1;1
CORD_ORD_1062;PROD_25;1;1
CORD_ORD_1062;PROD_27;1;1
CORD_ORD_1062;PROD_29;1;1
CORD_ORD_1062;PROD_3;1;1
CORD_ORD_1062;PROD_32;1;1
CORD_ORD_1062;PROD_34;1;1
CORD_ORD_1062;PROD_35;1;1
CORD_ORD_1062;PROD_36;1;1
CORD_ORD_1062;PROD_38;1;1
CORD_ORD_1062;PROD_39;1;1
CORD_ORD_1062;PROD_4;1;1
CORD_ORD_1062;PROD_43;1;1
CORD_ORD_1062;PROD_45;1;1
CORD_ORD_1062;PROD_47;1;1
CORD_ORD_1062;PROD_49;1;1
CORD_ORD_1062;PROD_50;1;1
CORD_ORD_1062;PROD_8;1;1
CORD_ORD_1063;PROD_1;1;1
CORD_ORD_1063;PROD_10;1;1
CORD_ORD_1063;PROD_11;1;1
CORD_ORD_1063;PROD_16;1;1
CORD_ORD_1063;PROD_20;1;1
CORD_ORD_1063;PROD_27;1;1
CORD_ORD_1063;PROD_29;1;1
CORD_ORD_1063;PROD_3;1;1
CORD_ORD_1063;PROD_32;1;1
CORD_ORD_1063;PROD_35;1;1
CORD_ORD_1063;PROD_36;1;1
CORD_ORD_1063;PROD_39;1;1
CORD_ORD_1063;PROD_43;1;1
CORD_ORD_1063;PROD_47;1;1
CORD_ORD_1063;PROD_8;1;1
CORD_ORD_1064;PROD_10;1;1
CORD_ORD_1064;PROD_13;1;1
CORD_ORD_1064;PROD_14;1;1
CORD_ORD_1064;PROD_16;1;1
CORD_ORD_1064;PROD_17;1;1
CORD_ORD_1064;PROD_20;1;1
CORD_ORD_1064;PROD_28;1;1
CORD_ORD_1064;PROD_30;1;1
CORD_ORD_1064;PROD_31;1;1
CORD_ORD_1064;PROD_32;1;1
CORD_ORD_1064;PROD_35;1;1
CORD_ORD_1064;PROD_38;1;1
CORD_ORD_1064;PROD_39;1;1
CORD_ORD_1064;PROD_40;1;1
CORD_ORD_1064;PROD_43;1;1
CORD_ORD_1064;PROD_47;1;1
CORD_ORD_1064;PROD_48;1;1
CORD_ORD_1064;PROD_8;1;1
CORD_ORD_1064;PROD_9;1;1
CORD_ORD_1065;PROD_11;1;1
CORD_ORD_1065;PROD_12;1;1
CORD_ORD_1065;PROD_13;1;1
CORD_ORD_1065;PROD_17;1;1
CORD_ORD_1065;PROD_21;1;1
CORD_ORD_1065;PROD_27;1;1
CORD_ORD_1065;PROD_29;1;1
CORD_ORD_1065;PROD_31;1;1
CORD_ORD_1065;PROD_32;1;1
CORD_ORD_1065;PROD_38;1;1
CORD_ORD_1065;PROD_4;1;1
CORD_ORD_1065;PROD_43;1;1
CORD_ORD_1065;PROD_47;1;1
CORD_ORD_1065;PROD_48;1;1
CORD_ORD_1066;PROD_1;1;1
CORD_ORD_1066;PROD_10;1;1
CORD_ORD_1066;PROD_16;1;1
CORD_ORD_1066;PROD_18;1;1
CORD_ORD_1066;PROD_2;1;1
CORD_ORD_1066;PROD_24;1;1
CORD_ORD_1066;PROD_26;1;1
CORD_ORD_1066;PROD_3;1;1
CORD_ORD_1066;PROD_36;1;1
CORD_ORD_1066;PROD_37;1;1
CORD_ORD_1066;PROD_41;1;1
CORD_ORD_1066;PROD_42;1;1
CORD_ORD_1066;PROD_46;1;1
CORD_ORD_1066;PROD_6;1;1
CORD_ORD_1066;PROD_8;1;1
CORD_ORD_1067;PROD_10;1;1
CORD_ORD_1067;PROD_12;1;1
CORD_ORD_1067;PROD_13;1;1
CORD_ORD_1067;PROD_16;1;1
CORD_ORD_1067;PROD_17;1;1
CORD_ORD_1067;PROD_21;1;1
CORD_ORD_1067;PROD_26;1;1
CORD_ORD_1067;PROD_31;1;1
CORD_ORD_1067;PROD_32;1;1
CORD_ORD_1067;PROD_38;1;1
CORD_ORD_1067;PROD_4;1;1
CORD_ORD_1067;PROD_43;1;1
CORD_ORD_1067;PROD_46;1;1
CORD_ORD_1067;PROD_47;1;1
CORD_ORD_1067;PROD_48;1;1
CORD_ORD_1067;PROD_6;1;1
CORD_ORD_1067;PROD_8;1;1
CORD_ORD_1068;PROD_10;1;1
CORD_ORD_1068;PROD_11;1;1
CORD_ORD_1068;PROD_16;1;1
CORD_ORD_1068;PROD_17;1;1
CORD_ORD_1068;PROD_19;1;1
CORD_ORD_1068;PROD_22;1;1
CORD_ORD_1068;PROD_25;1;1
CORD_ORD_1068;PROD_27;1;1
CORD_ORD_1068;PROD_29;1;1
CORD_ORD_1068;PROD_31;1;1
CORD_ORD_1068;PROD_32;1;1
CORD_ORD_1068;PROD_33;1;1
CORD_ORD_1068;PROD_43;1;1
CORD_ORD_1068;PROD_44;1;1
CORD_ORD_1068;PROD_47;1;1
CORD_ORD_1068;PROD_48;1;1
CORD_ORD_1068;PROD_50;1;1
CORD_ORD_1068;PROD_8;1;1
CORD_ORD_1069;PROD_1;1;1
CORD_ORD_1069;PROD_11;1;1
CORD_ORD_1069;PROD_23;1;1
CORD_ORD_1069;PROD_27;1;1
CORD_ORD_1069;PROD_29;1;1
CORD_ORD_1069;PROD_3;1;1
CORD_ORD_1069;PROD_30;1;1
CORD_ORD_1069;PROD_36;1;1
CORD_ORD_1069;PROD_40;1;1
CORD_ORD_1069;PROD_45;1;1
CORD_ORD_1070;PROD_10;1;1
CORD_ORD_1070;PROD_13;1;1
CORD_ORD_1070;PROD_14;1;1
CORD_ORD_1070;PROD_15;1;1
CORD_ORD_1070;PROD_16;1;1
CORD_ORD_1070;PROD_17;1;1
CORD_ORD_1070;PROD_18;1;1
CORD_ORD_1070;PROD_2;1;1
CORD_ORD_1070;PROD_22;1;1
CORD_ORD_1070;PROD_25;1;1
CORD_ORD_1070;PROD_26;1;1
CORD_ORD_1070;PROD_28;1;1
CORD_ORD_1070;PROD_31;1;1
CORD_ORD_1070;PROD_34;1;1
CORD_ORD_1070;PROD_38;1;1
CORD_ORD_1070;PROD_41;1;1
CORD_ORD_1070;PROD_46;1;1
CORD_ORD_1070;PROD_48;1;1
CORD_ORD_1070;PROD_49;1;1
CORD_ORD_1070;PROD_50;1;1
CORD_ORD_1070;PROD_6;1;1
CORD_ORD_1070;PROD_8;1;1
CORD_ORD_1070;PROD_9;1;1
CORD_ORD_1071;PROD_1;1;1
CORD_ORD_1071;PROD_10;1;1
CORD_ORD_1071;PROD_13;1;1
CORD_ORD_1071;PROD_14;1;1
CORD_ORD_1071;PROD_16;1;1
CORD_ORD_1071;PROD_18;1;1
CORD_ORD_1071;PROD_19;1;1
CORD_ORD_1071;PROD_2;1;1
CORD_ORD_1071;PROD_20;1;1
CORD_ORD_1071;PROD_28;1;1
CORD_ORD_1071;PROD_3;1;1
CORD_ORD_1071;PROD_33;1;1
CORD_ORD_1071;PROD_35;1;1
CORD_ORD_1071;PROD_36;1;1
CORD_ORD_1071;PROD_38;1;1
CORD_ORD_1071;PROD_39;1;1
CORD_ORD_1071;PROD_41;1;1
CORD_ORD_1071;PROD_44;1;1
CORD_ORD_1071;PROD_8;1;1
CORD_ORD_1071;PROD_9;1;1
CORD_ORD_1072;PROD_1;1;1
CORD_ORD_1072;PROD_10;1;1
CORD_ORD_1072;PROD_11;1;1
CORD_ORD_1072;PROD_12;1;1
CORD_ORD_1072;PROD_13;1;1
CORD_ORD_1072;PROD_15;1;1
CORD_ORD_1072;PROD_16;1;1
CORD_ORD_1072;PROD_21;1;1
CORD_ORD_1072;PROD_22;1;1
CORD_ORD_1072;PROD_25;1;1
CORD_ORD_1072;PROD_27;1;1
CORD_ORD_1072;PROD_29;1;1
CORD_ORD_1072;PROD_3;1;1
CORD_ORD_1072;PROD_30;1;1
CORD_ORD_1072;PROD_34;1;1
CORD_ORD_1072;PROD_36;1;1
CORD_ORD_1072;PROD_38;1;1
CORD_ORD_1072;PROD_4;1;1
CORD_ORD_1072;PROD_40;1;1
CORD_ORD_1072;PROD_49;1;1
CORD_ORD_1072;PROD_5;1;1
CORD_ORD_1072;PROD_50;1;1
CORD_ORD_1072;PROD_7;1;1
CORD_ORD_1072;PROD_8;1;1
CORD_ORD_1073;PROD_1;1;1
CORD_ORD_1073;PROD_10;1;1
CORD_ORD_1073;PROD_11;1;1
CORD_ORD_1073;PROD_14;1;1
CORD_ORD_1073;PROD_16;1;1
CORD_ORD_1073;PROD_17;1;1
CORD_ORD_1073;PROD_18;1;1
CORD_ORD_1073;PROD_2;1;1
CORD_ORD_1073;PROD_23;1;1
CORD_ORD_1073;PROD_26;1;1
CORD_ORD_1073;PROD_27;1;1
CORD_ORD_1073;PROD_28;1;1
CORD_ORD_1073;PROD_29;1;1
CORD_ORD_1073;PROD_3;1;1
CORD_ORD_1073;PROD_31;1;1
CORD_ORD_1073;PROD_32;1;1
CORD_ORD_1073;PROD_36;1;1
CORD_ORD_1073;PROD_41;1;1
CORD_ORD_1073;PROD_43;1;1
CORD_ORD_1073;PROD_45;1;1
CORD_ORD_1073;PROD_46;1;1
CORD_ORD_1073;PROD_47;1;1
CORD_ORD_1073;PROD_48;1;1
CORD_ORD_1073;PROD_6;1;1
CORD_ORD_1073;PROD_8;1;1
CORD_ORD_1073;PROD_9;1;1
CORD_ORD_1074;PROD_1;1;1
CORD_ORD_1074;PROD_10;1;1
CORD_ORD_1074;PROD_11;1;1
CORD_ORD_1074;PROD_12;1;1
CORD_ORD_1074;PROD_14;1;1
CORD_ORD_1074;PROD_16;1;1
CORD_ORD_1074;PROD_18;1;1
CORD_ORD_1074;PROD_2;1;1
CORD_ORD_1074;PROD_20;1;1
CORD_ORD_1074;PROD_21;1;1
CORD_ORD_1074;PROD_23;1;1
CORD_ORD_1074;PROD_26;1;1
CORD_ORD_1074;PROD_27;1;1
CORD_ORD_1074;PROD_28;1;1
CORD_ORD_1074;PROD_29;1;1
CORD_ORD_1074;PROD_3;1;1
CORD_ORD_1074;PROD_32;1;1
CORD_ORD_1074;PROD_35;1;1
CORD_ORD_1074;PROD_36;1;1
CORD_ORD_1074;PROD_39;1;1
CORD_ORD_1074;PROD_4;1;1
CORD_ORD_1074;PROD_41;1;1
CORD_ORD_1074;PROD_43;1;1
CORD_ORD_1074;PROD_45;1;1
CORD_ORD_1074;PROD_46;1;1
CORD_ORD_1074;PROD_47;1;1
CORD_ORD_1074;PROD_6;1;1
CORD_ORD_1074;PROD_8;1;1
CORD_ORD_1074;PROD_9;1;1
CORD_ORD_1075;PROD_10;1;1
CORD_ORD_1075;PROD_11;1;1
CORD_ORD_1075;PROD_14;1;1
CORD_ORD_1075;PROD_16;1;1
CORD_ORD_1075;PROD_19;1;1
CORD_ORD_1075;PROD_20;1;1
CORD_ORD_1075;PROD_22;1;1
CORD_ORD_1075;PROD_25;1;1
CORD_ORD_1075;PROD_27;1;1
CORD_ORD_1075;PROD_28;1;1
CORD_ORD_1075;PROD_29;1;1
CORD_ORD_1075;PROD_33;1;1
CORD_ORD_1075;PROD_35;1;1
CORD_ORD_1075;PROD_39;1;1
CORD_ORD_1075;PROD_44;1;1
CORD_ORD_1075;PROD_50;1;1
CORD_ORD_1075;PROD_8;1;1
CORD_ORD_1075;PROD_9;1;1
CORD_ORD_1076;PROD_12;1;1
CORD_ORD_1076;PROD_13;1;1
CORD_ORD_1076;PROD_14;1;1
CORD_ORD_1076;PROD_15;1;1
CORD_ORD_1076;PROD_17;1;1
CORD_ORD_1076;PROD_21;1;1
CORD_ORD_1076;PROD_26;1;1
CORD_ORD_1076;PROD_28;1;1
CORD_ORD_1076;PROD_31;1;1
CORD_ORD_1076;PROD_32;1;1
CORD_ORD_1076;PROD_34;1;1
CORD_ORD_1076;PROD_38;1;1
CORD_ORD_1076;PROD_4;1;1
CORD_ORD_1076;PROD_43;1;1
CORD_ORD_1076;PROD_46;1;1
CORD_ORD_1076;PROD_47;1;1
CORD_ORD_1076;PROD_48;1;1
CORD_ORD_1076;PROD_49;1;1
CORD_ORD_1076;PROD_6;1;1
CORD_ORD_1076;PROD_9;1;1
CORD_ORD_1077;PROD_1;1;1
CORD_ORD_1077;PROD_10;1;1
CORD_ORD_1077;PROD_14;1;1
CORD_ORD_1077;PROD_16;1;1
CORD_ORD_1077;PROD_18;1;1
CORD_ORD_1077;PROD_2;1;1
CORD_ORD_1077;PROD_20;1;1
CORD_ORD_1077;PROD_24;1;1
CORD_ORD_1077;PROD_26;1;1
CORD_ORD_1077;PROD_28;1;1
CORD_ORD_1077;PROD_3;1;1
CORD_ORD_1077;PROD_35;1;1
CORD_ORD_1077;PROD_36;1;1
CORD_ORD_1077;PROD_37;1;1
CORD_ORD_1077;PROD_39;1;1
CORD_ORD_1077;PROD_41;1;1
CORD_ORD_1077;PROD_42;1;1
CORD_ORD_1077;PROD_46;1;1
CORD_ORD_1077;PROD_6;1;1
CORD_ORD_1077;PROD_8;1;1
CORD_ORD_1077;PROD_9;1;1
CORD_ORD_1078;PROD_1;1;1
CORD_ORD_1078;PROD_10;1;1
CORD_ORD_1078;PROD_12;1;1
CORD_ORD_1078;PROD_13;1;1
CORD_ORD_1078;PROD_16;1;1
CORD_ORD_1078;PROD_17;1;1
CORD_ORD_1078;PROD_19;1;1
CORD_ORD_1078;PROD_20;1;1
CORD_ORD_1078;PROD_21;1;1
CORD_ORD_1078;PROD_3;1;1
CORD_ORD_1078;PROD_30;1;1
CORD_ORD_1078;PROD_31;1;1
CORD_ORD_1078;PROD_32;1;1
CORD_ORD_1078;PROD_33;1;1
CORD_ORD_1078;PROD_35;1;1
CORD_ORD_1078;PROD_36;1;1
CORD_ORD_1078;PROD_38;1;1
CORD_ORD_1078;PROD_39;1;1
CORD_ORD_1078;PROD_4;1;1
CORD_ORD_1078;PROD_40;1;1
CORD_ORD_1078;PROD_43;1;1
CORD_ORD_1078;PROD_44;1;1
CORD_ORD_1078;PROD_47;1;1
CORD_ORD_1078;PROD_48;1;1
CORD_ORD_1078;PROD_8;1;1
CORD_ORD_1079;PROD_1;1;1
CORD_ORD_1079;PROD_10;1;1
CORD_ORD_1079;PROD_12;1;1
CORD_ORD_1079;PROD_13;1;1
CORD_ORD_1079;PROD_16;1;1
CORD_ORD_1079;PROD_21;1;1
CORD_ORD_1079;PROD_22;1;1
CORD_ORD_1079;PROD_25;1;1
CORD_ORD_1079;PROD_3;1;1
CORD_ORD_1079;PROD_36;1;1
CORD_ORD_1079;PROD_38;1;1
CORD_ORD_1079;PROD_4;1;1
CORD_ORD_1079;PROD_50;1;1
CORD_ORD_1079;PROD_8;1;1
CORD_ORD_1080;PROD_15;1;1
CORD_ORD_1080;PROD_17;1;1
CORD_ORD_1080;PROD_19;1;1
CORD_ORD_1080;PROD_20;1;1
CORD_ORD_1080;PROD_22;1;1
CORD_ORD_1080;PROD_24;1;1
CORD_ORD_1080;PROD_25;1;1
CORD_ORD_1080;PROD_26;1;1
CORD_ORD_1080;PROD_31;1;1
CORD_ORD_1080;PROD_33;1;1
CORD_ORD_1080;PROD_34;1;1
CORD_ORD_1080;PROD_35;1;1
CORD_ORD_1080;PROD_37;1;1
CORD_ORD_1080;PROD_39;1;1
CORD_ORD_1080;PROD_42;1;1
CORD_ORD_1080;PROD_44;1;1
CORD_ORD_1080;PROD_46;1;1
CORD_ORD_1080;PROD_48;1;1
CORD_ORD_1080;PROD_49;1;1
CORD_ORD_1080;PROD_50;1;1
CORD_ORD_1080;PROD_6;1;1
CORD_ORD_1081;PROD_1;1;1
CORD_ORD_1081;PROD_10;1;1
CORD_ORD_1081;PROD_11;1;1
CORD_ORD_1081;PROD_13;1;1
CORD_ORD_1081;PROD_14;1;1
CORD_ORD_1081;PROD_16;1;1
CORD_ORD_1081;PROD_19;1;1
CORD_ORD_1081;PROD_20;1;1
CORD_ORD_1081;PROD_24;1;1
CORD_ORD_1081;PROD_27;1;1
CORD_ORD_1081;PROD_28;1;1
CORD_ORD_1081;PROD_29;1;1
CORD_ORD_1081;PROD_3;1;1
CORD_ORD_1081;PROD_30;1;1
CORD_ORD_1081;PROD_32;1;1
CORD_ORD_1081;PROD_33;1;1
CORD_ORD_1081;PROD_35;1;1
CORD_ORD_1081;PROD_36;1;1
CORD_ORD_1081;PROD_37;1;1
CORD_ORD_1081;PROD_38;1;1
CORD_ORD_1081;PROD_39;1;1
CORD_ORD_1081;PROD_40;1;1
CORD_ORD_1081;PROD_42;1;1
CORD_ORD_1081;PROD_43;1;1
CORD_ORD_1081;PROD_44;1;1
CORD_ORD_1081;PROD_47;1;1
CORD_ORD_1081;PROD_5;1;1
CORD_ORD_1081;PROD_7;1;1
CORD_ORD_1081;PROD_8;1;1
CORD_ORD_1081;PROD_9;1;1
CORD_ORD_1082;PROD_1;1;1
CORD_ORD_1082;PROD_11;1;1
CORD_ORD_1082;PROD_17;1;1
CORD_ORD_1082;PROD_18;1;1
CORD_ORD_1082;PROD_2;1;1
CORD_ORD_1082;PROD_22;1;1
CORD_ORD_1082;PROD_25;1;1
CORD_ORD_1082;PROD_27;1;1
CORD_ORD_1082;PROD_29;1;1
CORD_ORD_1082;PROD_3;1;1
CORD_ORD_1082;PROD_31;1;1
CORD_ORD_1082;PROD_36;1;1
CORD_ORD_1082;PROD_41;1;1
CORD_ORD_1082;PROD_48;1;1
CORD_ORD_1082;PROD_5;1;1
CORD_ORD_1082;PROD_50;1;1
CORD_ORD_1082;PROD_7;1;1
CORD_ORD_1083;PROD_1;1;1
CORD_ORD_1083;PROD_10;1;1
CORD_ORD_1083;PROD_11;1;1
CORD_ORD_1083;PROD_16;1;1
CORD_ORD_1083;PROD_22;1;1
CORD_ORD_1083;PROD_25;1;1
CORD_ORD_1083;PROD_27;1;1
CORD_ORD_1083;PROD_29;1;1
CORD_ORD_1083;PROD_3;1;1
CORD_ORD_1083;PROD_32;1;1
CORD_ORD_1083;PROD_36;1;1
CORD_ORD_1083;PROD_43;1;1
CORD_ORD_1083;PROD_47;1;1
CORD_ORD_1083;PROD_50;1;1
CORD_ORD_1083;PROD_8;1;1
CORD_ORD_1084;PROD_1;1;1
CORD_ORD_1084;PROD_10;1;1
CORD_ORD_1084;PROD_12;1;1
CORD_ORD_1084;PROD_16;1;1
CORD_ORD_1084;PROD_21;1;1
CORD_ORD_1084;PROD_22;1;1
CORD_ORD_1084;PROD_25;1;1
CORD_ORD_1084;PROD_26;1;1
CORD_ORD_1084;PROD_3;1;1
CORD_ORD_1084;PROD_36;1;1
CORD_ORD_1084;PROD_4;1;1
CORD_ORD_1084;PROD_46;1;1
CORD_ORD_1084;PROD_50;1;1
CORD_ORD_1084;PROD_6;1;1
CORD_ORD_1084;PROD_8;1;1
CORD_ORD_1085;PROD_10;1;1
CORD_ORD_1085;PROD_11;1;1
CORD_ORD_1085;PROD_12;1;1
CORD_ORD_1085;PROD_13;1;1
CORD_ORD_1085;PROD_14;1;1
CORD_ORD_1085;PROD_16;1;1
CORD_ORD_1085;PROD_20;1;1
CORD_ORD_1085;PROD_21;1;1
CORD_ORD_1085;PROD_27;1;1
CORD_ORD_1085;PROD_28;1;1
CORD_ORD_1085;PROD_29;1;1
CORD_ORD_1085;PROD_35;1;1
CORD_ORD_1085;PROD_38;1;1
CORD_ORD_1085;PROD_39;1;1
CORD_ORD_1085;PROD_4;1;1
CORD_ORD_1085;PROD_8;1;1
CORD_ORD_1085;PROD_9;1;1
CORD_ORD_1086;PROD_1;1;1
CORD_ORD_1086;PROD_11;1;1
CORD_ORD_1086;PROD_19;1;1
CORD_ORD_1086;PROD_22;1;1
CORD_ORD_1086;PROD_23;1;1
CORD_ORD_1086;PROD_24;1;1
CORD_ORD_1086;PROD_25;1;1
CORD_ORD_1086;PROD_27;1;1
CORD_ORD_1086;PROD_29;1;1
CORD_ORD_1086;PROD_3;1;1
CORD_ORD_1086;PROD_30;1;1
CORD_ORD_1086;PROD_33;1;1
CORD_ORD_1086;PROD_36;1;1
CORD_ORD_1086;PROD_37;1;1
CORD_ORD_1086;PROD_40;1;1
CORD_ORD_1086;PROD_42;1;1
CORD_ORD_1086;PROD_44;1;1
CORD_ORD_1086;PROD_45;1;1
CORD_ORD_1086;PROD_50;1;1
CORD_ORD_1087;PROD_1;1;1
CORD_ORD_1087;PROD_10;1;1
CORD_ORD_1087;PROD_11;1;1
CORD_ORD_1087;PROD_13;1;1
CORD_ORD_1087;PROD_16;1;1
CORD_ORD_1087;PROD_17;1;1
CORD_ORD_1087;PROD_20;1;1
CORD_ORD_1087;PROD_27;1;1
CORD_ORD_1087;PROD_29;1;1
CORD_ORD_1087;PROD_3;1;1
CORD_ORD_1087;PROD_31;1;1
CORD_ORD_1087;PROD_32;1;1
CORD_ORD_1087;PROD_35;1;1
CORD_ORD_1087;PROD_36;1;1
CORD_ORD_1087;PROD_38;1;1
CORD_ORD_1087;PROD_39;1;1
CORD_ORD_1087;PROD_43;1;1
CORD_ORD_1087;PROD_47;1;1
CORD_ORD_1087;PROD_48;1;1
CORD_ORD_1087;PROD_8;1;1
CORD_ORD_1088;PROD_13;1;1
CORD_ORD_1088;PROD_15;1;1
CORD_ORD_1088;PROD_19;1;1
CORD_ORD_1088;PROD_22;1;1
CORD_ORD_1088;PROD_24;1;1
CORD_ORD_1088;PROD_25;1;1
CORD_ORD_1088;PROD_26;1;1
CORD_ORD_1088;PROD_30;1;1
CORD_ORD_1088;PROD_33;1;1
CORD_ORD_1088;PROD_34;1;1
CORD_ORD_1088;PROD_37;1;1
CORD_ORD_1088;PROD_38;1;1
CORD_ORD_1088;PROD_40;1;1
CORD_ORD_1088;PROD_42;1;1
CORD_ORD_1088;PROD_44;1;1
CORD_ORD_1088;PROD_46;1;1
CORD_ORD_1088;PROD_49;1;1
CORD_ORD_1088;PROD_50;1;1
CORD_ORD_1088;PROD_6;1;1
CORD_ORD_1089;PROD_1;1;1
CORD_ORD_1089;PROD_10;1;1
CORD_ORD_1089;PROD_13;1;1
CORD_ORD_1089;PROD_16;1;1
CORD_ORD_1089;PROD_20;1;1
CORD_ORD_1089;PROD_3;1;1
CORD_ORD_1089;PROD_32;1;1
CORD_ORD_1089;PROD_35;1;1
CORD_ORD_1089;PROD_36;1;1
CORD_ORD_1089;PROD_38;1;1
CORD_ORD_1089;PROD_39;1;1
CORD_ORD_1089;PROD_43;1;1
CORD_ORD_1089;PROD_47;1;1
CORD_ORD_1089;PROD_8;1;1
CORD_ORD_1090;PROD_10;1;1
CORD_ORD_1090;PROD_11;1;1
CORD_ORD_1090;PROD_12;1;1
CORD_ORD_1090;PROD_13;1;1
CORD_ORD_1090;PROD_15;1;1
CORD_ORD_1090;PROD_16;1;1
CORD_ORD_1090;PROD_21;1;1
CORD_ORD_1090;PROD_22;1;1
CORD_ORD_1090;PROD_24;1;1
CORD_ORD_1090;PROD_25;1;1
CORD_ORD_1090;PROD_26;1;1
CORD_ORD_1090;PROD_27;1;1
CORD_ORD_1090;PROD_29;1;1
CORD_ORD_1090;PROD_32;1;1
CORD_ORD_1090;PROD_34;1;1
CORD_ORD_1090;PROD_37;1;1
CORD_ORD_1090;PROD_38;1;1
CORD_ORD_1090;PROD_4;1;1
CORD_ORD_1090;PROD_42;1;1
CORD_ORD_1090;PROD_43;1;1
CORD_ORD_1090;PROD_46;1;1
CORD_ORD_1090;PROD_47;1;1
CORD_ORD_1090;PROD_49;1;1
CORD_ORD_1090;PROD_50;1;1
CORD_ORD_1090;PROD_6;1;1
CORD_ORD_1090;PROD_8;1;1
CORD_ORD_1091;PROD_1;1;1
CORD_ORD_1091;PROD_10;1;1
CORD_ORD_1091;PROD_11;1;1
CORD_ORD_1091;PROD_12;1;1
CORD_ORD_1091;PROD_13;1;1
CORD_ORD_1091;PROD_16;1;1
CORD_ORD_1091;PROD_17;1;1
CORD_ORD_1091;PROD_20;1;1
CORD_ORD_1091;PROD_21;1;1
CORD_ORD_1091;PROD_27;1;1
CORD_ORD_1091;PROD_29;1;1
CORD_ORD_1091;PROD_3;1;1
CORD_ORD_1091;PROD_31;1;1
CORD_ORD_1091;PROD_32;1;1
CORD_ORD_1091;PROD_35;1;1
CORD_ORD_1091;PROD_36;1;1
CORD_ORD_1091;PROD_38;1;1
CORD_ORD_1091;PROD_39;1;1
CORD_ORD_1091;PROD_4;1;1
CORD_ORD_1091;PROD_43;1;1
CORD_ORD_1091;PROD_47;1;1
CORD_ORD_1091;PROD_48;1;1
CORD_ORD_1091;PROD_8;1;1
CORD_ORD_1092;PROD_1;1;1
CORD_ORD_1092;PROD_10;1;1
CORD_ORD_1092;PROD_11;1;1
CORD_ORD_1092;PROD_13;1;1
CORD_ORD_1092;PROD_16;1;1
CORD_ORD_1092;PROD_17;1;1
CORD_ORD_1092;PROD_20;1;1
CORD_ORD_1092;PROD_27;1;1
CORD_ORD_1092;PROD_29;1;1
CORD_ORD_1092;PROD_3;1;1
CORD_ORD_1092;PROD_31;1;1
CORD_ORD_1092;PROD_35;1;1
CORD_ORD_1092;PROD_36;1;1
CORD_ORD_1092;PROD_38;1;1
CORD_ORD_1092;PROD_39;1;1
CORD_ORD_1092;PROD_48;1;1
CORD_ORD_1092;PROD_8;1;1
CORD_ORD_1093;PROD_1;1;1
CORD_ORD_1093;PROD_10;1;1
CORD_ORD_1093;PROD_13;1;1
CORD_ORD_1093;PROD_16;1;1
CORD_ORD_1093;PROD_20;1;1
CORD_ORD_1093;PROD_3;1;1
CORD_ORD_1093;PROD_35;1;1
CORD_ORD_1093;PROD_36;1;1
CORD_ORD_1093;PROD_38;1;1
CORD_ORD_1093;PROD_39;1;1
CORD_ORD_1093;PROD_8;1;1
CORD_ORD_1094;PROD_10;1;1
CORD_ORD_1094;PROD_11;1;1
CORD_ORD_1094;PROD_16;1;1
CORD_ORD_1094;PROD_18;1;1
CORD_ORD_1094;PROD_19;1;1
CORD_ORD_1094;PROD_2;1;1
CORD_ORD_1094;PROD_22;1;1
CORD_ORD_1094;PROD_23;1;1
CORD_ORD_1094;PROD_25;1;1
CORD_ORD_1094;PROD_27;1;1
CORD_ORD_1094;PROD_29;1;1
CORD_ORD_1094;PROD_32;1;1
CORD_ORD_1094;PROD_33;1;1
CORD_ORD_1094;PROD_41;1;1
CORD_ORD_1094;PROD_43;1;1
CORD_ORD_1094;PROD_44;1;1
CORD_ORD_1094;PROD_45;1;1
CORD_ORD_1094;PROD_47;1;1
CORD_ORD_1094;PROD_50;1;1
CORD_ORD_1094;PROD_8;1;1
CORD_ORD_1095;PROD_11;1;1
CORD_ORD_1095;PROD_17;1;1
CORD_ORD_1095;PROD_27;1;1
CORD_ORD_1095;PROD_29;1;1
CORD_ORD_1095;PROD_31;1;1
CORD_ORD_1095;PROD_32;1;1
CORD_ORD_1095;PROD_43;1;1
CORD_ORD_1095;PROD_47;1;1
CORD_ORD_1095;PROD_48;1;1
CORD_ORD_1096;PROD_1;1;1
CORD_ORD_1096;PROD_10;1;1
CORD_ORD_1096;PROD_11;1;1
CORD_ORD_1096;PROD_13;1;1
CORD_ORD_1096;PROD_14;1;1
CORD_ORD_1096;PROD_15;1;1
CORD_ORD_1096;PROD_16;1;1
CORD_ORD_1096;PROD_20;1;1
CORD_ORD_1096;PROD_23;1;1
CORD_ORD_1096;PROD_24;1;1
CORD_ORD_1096;PROD_26;1;1
CORD_ORD_1096;PROD_27;1;1
CORD_ORD_1096;PROD_28;1;1
CORD_ORD_1096;PROD_29;1;1
CORD_ORD_1096;PROD_3;1;1
CORD_ORD_1096;PROD_32;1;1
CORD_ORD_1096;PROD_34;1;1
CORD_ORD_1096;PROD_35;1;1
CORD_ORD_1096;PROD_36;1;1
CORD_ORD_1096;PROD_37;1;1
CORD_ORD_1096;PROD_38;1;1
CORD_ORD_1096;PROD_39;1;1
CORD_ORD_1096;PROD_42;1;1
CORD_ORD_1096;PROD_43;1;1
CORD_ORD_1096;PROD_45;1;1
CORD_ORD_1096;PROD_46;1;1
CORD_ORD_1096;PROD_47;1;1
CORD_ORD_1096;PROD_49;1;1
CORD_ORD_1096;PROD_6;1;1
CORD_ORD_1096;PROD_8;1;1
CORD_ORD_1096;PROD_9;1;1
CORD_ORD_1097;PROD_10;1;1
CORD_ORD_1097;PROD_12;1;1
CORD_ORD_1097;PROD_13;1;1
CORD_ORD_1097;PROD_14;1;1
CORD_ORD_1097;PROD_16;1;1
CORD_ORD_1097;PROD_17;1;1
CORD_ORD_1097;PROD_19;1;1
CORD_ORD_1097;PROD_20;1;1
CORD_ORD_1097;PROD_21;1;1
CORD_ORD_1097;PROD_22;1;1
CORD_ORD_1097;PROD_24;1;1
CORD_ORD_1097;PROD_25;1;1
CORD_ORD_1097;PROD_26;1;1
CORD_ORD_1097;PROD_28;1;1
CORD_ORD_1097;PROD_31;1;1
CORD_ORD_1097;PROD_32;1;1
CORD_ORD_1097;PROD_33;1;1
CORD_ORD_1097;PROD_35;1;1
CORD_ORD_1097;PROD_37;1;1
CORD_ORD_1097;PROD_38;1;1
CORD_ORD_1097;PROD_39;1;1
CORD_ORD_1097;PROD_4;1;1
CORD_ORD_1097;PROD_42;1;1
CORD_ORD_1097;PROD_43;1;1
CORD_ORD_1097;PROD_44;1;1
CORD_ORD_1097;PROD_46;1;1
CORD_ORD_1097;PROD_47;1;1
CORD_ORD_1097;PROD_48;1;1
CORD_ORD_1097;PROD_50;1;1
CORD_ORD_1097;PROD_6;1;1
CORD_ORD_1097;PROD_8;1;1
CORD_ORD_1097;PROD_9;1;1
CORD_ORD_1098;PROD_1;1;1
CORD_ORD_1098;PROD_10;1;1
CORD_ORD_1098;PROD_15;1;1
CORD_ORD_1098;PROD_16;1;1
CORD_ORD_1098;PROD_17;1;1
CORD_ORD_1098;PROD_20;1;1
CORD_ORD_1098;PROD_22;1;1
CORD_ORD_1098;PROD_25;1;1
CORD_ORD_1098;PROD_26;1;1
CORD_ORD_1098;PROD_3;1;1
CORD_ORD_1098;PROD_31;1;1
CORD_ORD_1098;PROD_34;1;1
CORD_ORD_1098;PROD_35;1;1
CORD_ORD_1098;PROD_36;1;1
CORD_ORD_1098;PROD_39;1;1
CORD_ORD_1098;PROD_46;1;1
CORD_ORD_1098;PROD_48;1;1
CORD_ORD_1098;PROD_49;1;1
CORD_ORD_1098;PROD_50;1;1
CORD_ORD_1098;PROD_6;1;1
CORD_ORD_1098;PROD_8;1;1
CORD_ORD_1099;PROD_1;1;1
CORD_ORD_1099;PROD_10;1;1
CORD_ORD_1099;PROD_11;1;1
CORD_ORD_1099;PROD_12;1;1
CORD_ORD_1099;PROD_14;1;1
CORD_ORD_1099;PROD_15;1;1
CORD_ORD_1099;PROD_16;1;1
CORD_ORD_1099;PROD_17;1;1
CORD_ORD_1099;PROD_19;1;1
CORD_ORD_1099;PROD_21;1;1
CORD_ORD_1099;PROD_23;1;1
CORD_ORD_1099;PROD_24;1;1
CORD_ORD_1099;PROD_27;1;1
CORD_ORD_1099;PROD_28;1;1
CORD_ORD_1099;PROD_29;1;1
CORD_ORD_1099;PROD_3;1;1
CORD_ORD_1099;PROD_31;1;1
CORD_ORD_1099;PROD_33;1;1
CORD_ORD_1099;PROD_34;1;1
CORD_ORD_1099;PROD_36;1;1
CORD_ORD_1099;PROD_37;1;1
CORD_ORD_1099;PROD_4;1;1
CORD_ORD_1099;PROD_42;1;1
CORD_ORD_1099;PROD_44;1;1
CORD_ORD_1099;PROD_45;1;1
CORD_ORD_1099;PROD_48;1;1
CORD_ORD_1099;PROD_49;1;1
CORD_ORD_1099;PROD_8;1;1
CORD_ORD_1099;PROD_9;1;1
CORD_ORD_1100;PROD_1;1;1
CORD_ORD_1100;PROD_12;1;1
CORD_ORD_1100;PROD_18;1;1
CORD_ORD_1100;PROD_2;1;1
CORD_ORD_1100;PROD_21;1;1
CORD_ORD_1100;PROD_24;1;1
CORD_ORD_1100;PROD_26;1;1
CORD_ORD_1100;PROD_3;1;1
CORD_ORD_1100;PROD_36;1;1
CORD_ORD_1100;PROD_37;1;1
CORD_ORD_1100;PROD_4;1;1
CORD_ORD_1100;PROD_41;1;1
CORD_ORD_1100;PROD_42;1;1
CORD_ORD_1100;PROD_46;1;1
CORD_ORD_1100;PROD_6;1;1
CORD_ORD_1101;PROD_1;1;1
CORD_ORD_1101;PROD_10;1;1
CORD_ORD_1101;PROD_11;1;1
CORD_ORD_1101;PROD_15;1;1
CORD_ORD_1101;PROD_16;1;1
CORD_ORD_1101;PROD_17;1;1
CORD_ORD_1101;PROD_19;1;1
CORD_ORD_1101;PROD_20;1;1
CORD_ORD_1101;PROD_23;1;1
CORD_ORD_1101;PROD_26;1;1
CORD_ORD_1101;PROD_27;1;1
CORD_ORD_1101;PROD_29;1;1
CORD_ORD_1101;PROD_3;1;1
CORD_ORD_1101;PROD_30;1;1
CORD_ORD_1101;PROD_31;1;1
CORD_ORD_1101;PROD_33;1;1
CORD_ORD_1101;PROD_34;1;1
CORD_ORD_1101;PROD_35;1;1
CORD_ORD_1101;PROD_36;1;1
CORD_ORD_1101;PROD_39;1;1
CORD_ORD_1101;PROD_40;1;1
CORD_ORD_1101;PROD_44;1;1
CORD_ORD_1101;PROD_45;1;1
CORD_ORD_1101;PROD_46;1;1
CORD_ORD_1101;PROD_48;1;1
CORD_ORD_1101;PROD_49;1;1
CORD_ORD_1101;PROD_6;1;1
CORD_ORD_1101;PROD_8;1;1
CORD_ORD_1102;PROD_11;1;1
CORD_ORD_1102;PROD_13;1;1
CORD_ORD_1102;PROD_15;1;1
CORD_ORD_1102;PROD_19;1;1
CORD_ORD_1102;PROD_23;1;1
CORD_ORD_1102;PROD_27;1;1
CORD_ORD_1102;PROD_29;1;1
CORD_ORD_1102;PROD_33;1;1
CORD_ORD_1102;PROD_34;1;1
CORD_ORD_1102;PROD_38;1;1
CORD_ORD_1102;PROD_44;1;1
CORD_ORD_1102;PROD_45;1;1
CORD_ORD_1102;PROD_49;1;1
CORD_ORD_1103;PROD_1;1;1
CORD_ORD_1103;PROD_10;1;1
CORD_ORD_1103;PROD_11;1;1
CORD_ORD_1103;PROD_16;1;1
CORD_ORD_1103;PROD_17;1;1
CORD_ORD_1103;PROD_27;1;1
CORD_ORD_1103;PROD_29;1;1
CORD_ORD_1103;PROD_3;1;1
CORD_ORD_1103;PROD_31;1;1
CORD_ORD_1103;PROD_32;1;1
CORD_ORD_1103;PROD_36;1;1
CORD_ORD_1103;PROD_43;1;1
CORD_ORD_1103;PROD_47;1;1
CORD_ORD_1103;PROD_48;1;1
CORD_ORD_1103;PROD_8;1;1
CORD_ORD_1104;PROD_10;1;1
CORD_ORD_1104;PROD_11;1;1
CORD_ORD_1104;PROD_13;1;1
CORD_ORD_1104;PROD_15;1;1
CORD_ORD_1104;PROD_16;1;1
CORD_ORD_1104;PROD_27;1;1
CORD_ORD_1104;PROD_29;1;1
CORD_ORD_1104;PROD_34;1;1
CORD_ORD_1104;PROD_38;1;1
CORD_ORD_1104;PROD_49;1;1
CORD_ORD_1104;PROD_8;1;1
CORD_ORD_1105;PROD_1;1;1
CORD_ORD_1105;PROD_11;1;1
CORD_ORD_1105;PROD_15;1;1
CORD_ORD_1105;PROD_26;1;1
CORD_ORD_1105;PROD_27;1;1
CORD_ORD_1105;PROD_29;1;1
CORD_ORD_1105;PROD_3;1;1
CORD_ORD_1105;PROD_32;1;1
CORD_ORD_1105;PROD_34;1;1
CORD_ORD_1105;PROD_36;1;1
CORD_ORD_1105;PROD_43;1;1
CORD_ORD_1105;PROD_46;1;1
CORD_ORD_1105;PROD_47;1;1
CORD_ORD_1105;PROD_49;1;1
CORD_ORD_1105;PROD_6;1;1
CORD_ORD_1106;PROD_1;1;1
CORD_ORD_1106;PROD_10;1;1
CORD_ORD_1106;PROD_11;1;1
CORD_ORD_1106;PROD_16;1;1
CORD_ORD_1106;PROD_26;1;1
CORD_ORD_1106;PROD_27;1;1
CORD_ORD_1106;PROD_29;1;1
CORD_ORD_1106;PROD_3;1;1
CORD_ORD_1106;PROD_32;1;1
CORD_ORD_1106;PROD_36;1;1
CORD_ORD_1106;PROD_43;1;1
CORD_ORD_1106;PROD_46;1;1
CORD_ORD_1106;PROD_47;1;1
CORD_ORD_1106;PROD_6;1;1
CORD_ORD_1106;PROD_8;1;1
CORD_ORD_1107;PROD_10;1;1
CORD_ORD_1107;PROD_12;1;1
CORD_ORD_1107;PROD_14;1;1
CORD_ORD_1107;PROD_16;1;1
CORD_ORD_1107;PROD_18;1;1
CORD_ORD_1107;PROD_19;1;1
CORD_ORD_1107;PROD_2;1;1
CORD_ORD_1107;PROD_20;1;1
CORD_ORD_1107;PROD_21;1;1
CORD_ORD_1107;PROD_23;1;1
CORD_ORD_1107;PROD_24;1;1
CORD_ORD_1107;PROD_26;1;1
CORD_ORD_1107;PROD_28;1;1
CORD_ORD_1107;PROD_30;1;1
CORD_ORD_1107;PROD_33;1;1
CORD_ORD_1107;PROD_35;1;1
CORD_ORD_1107;PROD_37;1;1
CORD_ORD_1107;PROD_39;1;1
CORD_ORD_1107;PROD_4;1;1
CORD_ORD_1107;PROD_40;1;1
CORD_ORD_1107;PROD_41;1;1
CORD_ORD_1107;PROD_42;1;1
CORD_ORD_1107;PROD_44;1;1
CORD_ORD_1107;PROD_45;1;1
CORD_ORD_1107;PROD_46;1;1
CORD_ORD_1107;PROD_6;1;1
CORD_ORD_1107;PROD_8;1;1
CORD_ORD_1107;PROD_9;1;1
CORD_ORD_1108;PROD_10;1;1
CORD_ORD_1108;PROD_11;1;1
CORD_ORD_1108;PROD_12;1;1
CORD_ORD_1108;PROD_15;1;1
CORD_ORD_1108;PROD_16;1;1
CORD_ORD_1108;PROD_19;1;1
CORD_ORD_1108;PROD_21;1;1
CORD_ORD_1108;PROD_22;1;1
CORD_ORD_1108;PROD_25;1;1
CORD_ORD_1108;PROD_27;1;1
CORD_ORD_1108;PROD_29;1;1
CORD_ORD_1108;PROD_30;1;1
CORD_ORD_1108;PROD_32;1;1
CORD_ORD_1108;PROD_33;1;1
CORD_ORD_1108;PROD_34;1;1
CORD_ORD_1108;PROD_4;1;1
CORD_ORD_1108;PROD_40;1;1
CORD_ORD_1108;PROD_43;1;1
CORD_ORD_1108;PROD_44;1;1
CORD_ORD_1108;PROD_47;1;1
CORD_ORD_1108;PROD_49;1;1
CORD_ORD_1108;PROD_5;1;1
CORD_ORD_1108;PROD_50;1;1
CORD_ORD_1108;PROD_7;1;1
CORD_ORD_1108;PROD_8;1;1
CORD_ORD_1109;PROD_10;1;1
CORD_ORD_1109;PROD_11;1;1
CORD_ORD_1109;PROD_12;1;1
CORD_ORD_1109;PROD_16;1;1
CORD_ORD_1109;PROD_19;1;1
CORD_ORD_1109;PROD_20;1;1
CORD_ORD_1109;PROD_21;1;1
CORD_ORD_1109;PROD_22;1;1
CORD_ORD_1109;PROD_25;1;1
CORD_ORD_1109;PROD_27;1;1
CORD_ORD_1109;PROD_29;1;1
CORD_ORD_1109;PROD_33;1;1
CORD_ORD_1109;PROD_35;1;1
CORD_ORD_1109;PROD_39;1;1
CORD_ORD_1109;PROD_4;1;1
CORD_ORD_1109;PROD_44;1;1
CORD_ORD_1109;PROD_5;1;1
CORD_ORD_1109;PROD_50;1;1
CORD_ORD_1109;PROD_7;1;1
CORD_ORD_1109;PROD_8;1;1
CORD_ORD_1110;PROD_1;1;1
CORD_ORD_1110;PROD_10;1;1
CORD_ORD_1110;PROD_11;1;1
CORD_ORD_1110;PROD_12;1;1
CORD_ORD_1110;PROD_15;1;1
CORD_ORD_1110;PROD_16;1;1
CORD_ORD_1110;PROD_17;1;1
CORD_ORD_1110;PROD_19;1;1
CORD_ORD_1110;PROD_21;1;1
CORD_ORD_1110;PROD_22;1;1
CORD_ORD_1110;PROD_23;1;1
CORD_ORD_1110;PROD_25;1;1
CORD_ORD_1110;PROD_27;1;1
CORD_ORD_1110;PROD_29;1;1
CORD_ORD_1110;PROD_3;1;1
CORD_ORD_1110;PROD_31;1;1
CORD_ORD_1110;PROD_33;1;1
CORD_ORD_1110;PROD_34;1;1
CORD_ORD_1110;PROD_36;1;1
CORD_ORD_1110;PROD_4;1;1
CORD_ORD_1110;PROD_44;1;1
CORD_ORD_1110;PROD_45;1;1
CORD_ORD_1110;PROD_48;1;1
CORD_ORD_1110;PROD_49;1;1
CORD_ORD_1110;PROD_5;1;1
CORD_ORD_1110;PROD_50;1;1
CORD_ORD_1110;PROD_7;1;1
CORD_ORD_1110;PROD_8;1;1
CORD_ORD_1111;PROD_11;1;1
CORD_ORD_1111;PROD_14;1;1
CORD_ORD_1111;PROD_20;1;1
CORD_ORD_1111;PROD_22;1;1
CORD_ORD_1111;PROD_23;1;1
CORD_ORD_1111;PROD_24;1;1
CORD_ORD_1111;PROD_25;1;1
CORD_ORD_1111;PROD_27;1;1
CORD_ORD_1111;PROD_28;1;1
CORD_ORD_1111;PROD_29;1;1
CORD_ORD_1111;PROD_32;1;1
CORD_ORD_1111;PROD_35;1;1
CORD_ORD_1111;PROD_37;1;1
CORD_ORD_1111;PROD_39;1;1
CORD_ORD_1111;PROD_42;1;1
CORD_ORD_1111;PROD_43;1;1
CORD_ORD_1111;PROD_45;1;1
CORD_ORD_1111;PROD_47;1;1
CORD_ORD_1111;PROD_5;1;1
CORD_ORD_1111;PROD_50;1;1
CORD_ORD_1111;PROD_7;1;1
CORD_ORD_1111;PROD_9;1;1
CORD_ORD_1112;PROD_11;1;1
CORD_ORD_1112;PROD_12;1;1
CORD_ORD_1112;PROD_14;1;1
CORD_ORD_1112;PROD_15;1;1
CORD_ORD_1112;PROD_19;1;1
CORD_ORD_1112;PROD_21;1;1
CORD_ORD_1112;PROD_22;1;1
CORD_ORD_1112;PROD_23;1;1
CORD_ORD_1112;PROD_25;1;1
CORD_ORD_1112;PROD_27;1;1
CORD_ORD_1112;PROD_28;1;1
CORD_ORD_1112;PROD_29;1;1
CORD_ORD_1112;PROD_32;1;1
CORD_ORD_1112;PROD_33;1;1
CORD_ORD_1112;PROD_34;1;1
CORD_ORD_1112;PROD_4;1;1
CORD_ORD_1112;PROD_43;1;1
CORD_ORD_1112;PROD_44;1;1
CORD_ORD_1112;PROD_45;1;1
CORD_ORD_1112;PROD_47;1;1
CORD_ORD_1112;PROD_49;1;1
CORD_ORD_1112;PROD_5;1;1
CORD_ORD_1112;PROD_50;1;1
CORD_ORD_1112;PROD_7;1;1
CORD_ORD_1112;PROD_9;1;1
CORD_ORD_1113;PROD_1;1;1
CORD_ORD_1113;PROD_10;1;1
CORD_ORD_1113;PROD_11;1;1
CORD_ORD_1113;PROD_16;1;1
CORD_ORD_1113;PROD_19;1;1
CORD_ORD_1113;PROD_22;1;1
CORD_ORD_1113;PROD_23;1;1
CORD_ORD_1113;PROD_25;1;1
CORD_ORD_1113;PROD_27;1;1
CORD_ORD_1113;PROD_29;1;1
CORD_ORD_1113;PROD_3;1;1
CORD_ORD_1113;PROD_33;1;1
CORD_ORD_1113;PROD_36;1;1
CORD_ORD_1113;PROD_44;1;1
CORD_ORD_1113;PROD_45;1;1
CORD_ORD_1113;PROD_50;1;1
CORD_ORD_1113;PROD_8;1;1
CORD_ORD_1114;PROD_1;1;1
CORD_ORD_1114;PROD_10;1;1
CORD_ORD_1114;PROD_11;1;1
CORD_ORD_1114;PROD_13;1;1
CORD_ORD_1114;PROD_16;1;1
CORD_ORD_1114;PROD_20;1;1
CORD_ORD_1114;PROD_22;1;1
CORD_ORD_1114;PROD_25;1;1
CORD_ORD_1114;PROD_27;1;1
CORD_ORD_1114;PROD_29;1;1
CORD_ORD_1114;PROD_3;1;1
CORD_ORD_1114;PROD_35;1;1
CORD_ORD_1114;PROD_36;1;1
CORD_ORD_1114;PROD_38;1;1
CORD_ORD_1114;PROD_39;1;1
CORD_ORD_1114;PROD_50;1;1
CORD_ORD_1114;PROD_8;1;1
CORD_ORD_1115;PROD_14;1;1
CORD_ORD_1115;PROD_15;1;1
CORD_ORD_1115;PROD_17;1;1
CORD_ORD_1115;PROD_18;1;1
CORD_ORD_1115;PROD_2;1;1
CORD_ORD_1115;PROD_26;1;1
CORD_ORD_1115;PROD_28;1;1
CORD_ORD_1115;PROD_31;1;1
CORD_ORD_1115;PROD_32;1;1
CORD_ORD_1115;PROD_34;1;1
CORD_ORD_1115;PROD_41;1;1
CORD_ORD_1115;PROD_43;1;1
CORD_ORD_1115;PROD_46;1;1
CORD_ORD_1115;PROD_47;1;1
CORD_ORD_1115;PROD_48;1;1
CORD_ORD_1115;PROD_49;1;1
CORD_ORD_1115;PROD_6;1;1
CORD_ORD_1115;PROD_9;1;1
CORD_ORD_1116;PROD_11;1;1
CORD_ORD_1116;PROD_12;1;1
CORD_ORD_1116;PROD_13;1;1
CORD_ORD_1116;PROD_17;1;1
CORD_ORD_1116;PROD_19;1;1
CORD_ORD_1116;PROD_21;1;1
CORD_ORD_1116;PROD_22;1;1
CORD_ORD_1116;PROD_24;1;1
CORD_ORD_1116;PROD_25;1;1
CORD_ORD_1116;PROD_27;1;1
CORD_ORD_1116;PROD_29;1;1
CORD_ORD_1116;PROD_30;1;1
CORD_ORD_1116;PROD_31;1;1
CORD_ORD_1116;PROD_33;1;1
CORD_ORD_1116;PROD_37;1;1
CORD_ORD_1116;PROD_38;1;1
CORD_ORD_1116;PROD_4;1;1
CORD_ORD_1116;PROD_40;1;1
CORD_ORD_1116;PROD_42;1;1
CORD_ORD_1116;PROD_44;1;1
CORD_ORD_1116;PROD_48;1;1
CORD_ORD_1116;PROD_50;1;1
CORD_ORD_1117;PROD_1;1;1
CORD_ORD_1117;PROD_11;1;1
CORD_ORD_1117;PROD_19;1;1
CORD_ORD_1117;PROD_20;1;1
CORD_ORD_1117;PROD_22;1;1
CORD_ORD_1117;PROD_25;1;1
CORD_ORD_1117;PROD_27;1;1
CORD_ORD_1117;PROD_29;1;1
CORD_ORD_1117;PROD_3;1;1
CORD_ORD_1117;PROD_33;1;1
CORD_ORD_1117;PROD_35;1;1
CORD_ORD_1117;PROD_36;1;1
CORD_ORD_1117;PROD_39;1;1
CORD_ORD_1117;PROD_44;1;1
CORD_ORD_1117;PROD_50;1;1
CORD_ORD_1118;PROD_1;1;1
CORD_ORD_1118;PROD_10;1;1
CORD_ORD_1118;PROD_11;1;1
CORD_ORD_1118;PROD_16;1;1
CORD_ORD_1118;PROD_18;1;1
CORD_ORD_1118;PROD_2;1;1
CORD_ORD_1118;PROD_20;1;1
CORD_ORD_1118;PROD_24;1;1
CORD_ORD_1118;PROD_26;1;1
CORD_ORD_1118;PROD_27;1;1
CORD_ORD_1118;PROD_29;1;1
CORD_ORD_1118;PROD_3;1;1
CORD_ORD_1118;PROD_35;1;1
CORD_ORD_1118;PROD_36;1;1
CORD_ORD_1118;PROD_37;1;1
CORD_ORD_1118;PROD_39;1;1
CORD_ORD_1118;PROD_41;1;1
CORD_ORD_1118;PROD_42;1;1
CORD_ORD_1118;PROD_46;1;1
CORD_ORD_1118;PROD_6;1;1
CORD_ORD_1118;PROD_8;1;1
CORD_ORD_1119;PROD_12;1;1
CORD_ORD_1119;PROD_17;1;1
CORD_ORD_1119;PROD_18;1;1
CORD_ORD_1119;PROD_2;1;1
CORD_ORD_1119;PROD_21;1;1
CORD_ORD_1119;PROD_22;1;1
CORD_ORD_1119;PROD_23;1;1
CORD_ORD_1119;PROD_24;1;1
CORD_ORD_1119;PROD_25;1;1
CORD_ORD_1119;PROD_30;1;1
CORD_ORD_1119;PROD_31;1;1
CORD_ORD_1119;PROD_37;1;1
CORD_ORD_1119;PROD_4;1;1
CORD_ORD_1119;PROD_40;1;1
CORD_ORD_1119;PROD_41;1;1
CORD_ORD_1119;PROD_42;1;1
CORD_ORD_1119;PROD_45;1;1
CORD_ORD_1119;PROD_48;1;1
CORD_ORD_1119;PROD_50;1;1
CORD_ORD_1120;PROD_11;1;1
CORD_ORD_1120;PROD_17;1;1
CORD_ORD_1120;PROD_27;1;1
CORD_ORD_1120;PROD_29;1;1
CORD_ORD_1120;PROD_31;1;1
CORD_ORD_1120;PROD_32;1;1
CORD_ORD_1120;PROD_43;1;1
CORD_ORD_1120;PROD_47;1;1
CORD_ORD_1120;PROD_48;1;1
CORD_ORD_1121;PROD_1;1;1
CORD_ORD_1121;PROD_10;1;1
CORD_ORD_1121;PROD_14;1;1
CORD_ORD_1121;PROD_16;1;1
CORD_ORD_1121;PROD_19;1;1
CORD_ORD_1121;PROD_20;1;1
CORD_ORD_1121;PROD_24;1;1
CORD_ORD_1121;PROD_26;1;1
CORD_ORD_1121;PROD_28;1;1
CORD_ORD_1121;PROD_3;1;1
CORD_ORD_1121;PROD_30;1;1
CORD_ORD_1121;PROD_33;1;1
CORD_ORD_1121;PROD_35;1;1
CORD_ORD_1121;PROD_36;1;1
CORD_ORD_1121;PROD_37;1;1
CORD_ORD_1121;PROD_39;1;1
CORD_ORD_1121;PROD_40;1;1
CORD_ORD_1121;PROD_42;1;1
CORD_ORD_1121;PROD_44;1;1
CORD_ORD_1121;PROD_46;1;1
CORD_ORD_1121;PROD_6;1;1
CORD_ORD_1121;PROD_8;1;1
CORD_ORD_1121;PROD_9;1;1
CORD_ORD_1122;PROD_1;1;1
CORD_ORD_1122;PROD_10;1;1
CORD_ORD_1122;PROD_16;1;1
CORD_ORD_1122;PROD_26;1;1
CORD_ORD_1122;PROD_3;1;1
CORD_ORD_1122;PROD_36;1;1
CORD_ORD_1122;PROD_46;1;1
CORD_ORD_1122;PROD_6;1;1
CORD_ORD_1122;PROD_8;1;1
CORD_ORD_1123;PROD_1;1;1
CORD_ORD_1123;PROD_10;1;1
CORD_ORD_1123;PROD_14;1;1
CORD_ORD_1123;PROD_16;1;1
CORD_ORD_1123;PROD_17;1;1
CORD_ORD_1123;PROD_26;1;1
CORD_ORD_1123;PROD_28;1;1
CORD_ORD_1123;PROD_3;1;1
CORD_ORD_1123;PROD_31;1;1
CORD_ORD_1123;PROD_36;1;1
CORD_ORD_1123;PROD_46;1;1
CORD_ORD_1123;PROD_48;1;1
CORD_ORD_1123;PROD_6;1;1
CORD_ORD_1123;PROD_8;1;1
CORD_ORD_1123;PROD_9;1;1
CORD_ORD_1124;PROD_1;1;1
CORD_ORD_1124;PROD_10;1;1
CORD_ORD_1124;PROD_11;1;1
CORD_ORD_1124;PROD_16;1;1
CORD_ORD_1124;PROD_19;1;1
CORD_ORD_1124;PROD_23;1;1
CORD_ORD_1124;PROD_26;1;1
CORD_ORD_1124;PROD_27;1;1
CORD_ORD_1124;PROD_29;1;1
CORD_ORD_1124;PROD_3;1;1
CORD_ORD_1124;PROD_33;1;1
CORD_ORD_1124;PROD_36;1;1
CORD_ORD_1124;PROD_44;1;1
CORD_ORD_1124;PROD_45;1;1
CORD_ORD_1124;PROD_46;1;1
CORD_ORD_1124;PROD_6;1;1
CORD_ORD_1124;PROD_8;1;1
CORD_ORD_1125;PROD_10;1;1
CORD_ORD_1125;PROD_16;1;1
CORD_ORD_1125;PROD_17;1;1
CORD_ORD_1125;PROD_18;1;1
CORD_ORD_1125;PROD_19;1;1
CORD_ORD_1125;PROD_2;1;1
CORD_ORD_1125;PROD_22;1;1
CORD_ORD_1125;PROD_23;1;1
CORD_ORD_1125;PROD_25;1;1
CORD_ORD_1125;PROD_31;1;1
CORD_ORD_1125;PROD_33;1;1
CORD_ORD_1125;PROD_41;1;1
CORD_ORD_1125;PROD_44;1;1
CORD_ORD_1125;PROD_45;1;1
CORD_ORD_1125;PROD_48;1;1
CORD_ORD_1125;PROD_50;1;1
CORD_ORD_1125;PROD_8;1;1
CORD_ORD_1126;PROD_1;1;1
CORD_ORD_1126;PROD_12;1;1
CORD_ORD_1126;PROD_15;1;1
CORD_ORD_1126;PROD_20;1;1
CORD_ORD_1126;PROD_21;1;1
CORD_ORD_1126;PROD_23;1;1
CORD_ORD_1126;PROD_24;1;1
CORD_ORD_1126;PROD_3;1;1
CORD_ORD_1126;PROD_30;1;1
CORD_ORD_1126;PROD_34;1;1
CORD_ORD_1126;PROD_35;1;1
CORD_ORD_1126;PROD_36;1;1
CORD_ORD_1126;PROD_37;1;1
CORD_ORD_1126;PROD_39;1;1
CORD_ORD_1126;PROD_4;1;1
CORD_ORD_1126;PROD_40;1;1
CORD_ORD_1126;PROD_42;1;1
CORD_ORD_1126;PROD_45;1;1
CORD_ORD_1126;PROD_49;1;1
CORD_ORD_1127;PROD_1;1;1
CORD_ORD_1127;PROD_12;1;1
CORD_ORD_1127;PROD_15;1;1
CORD_ORD_1127;PROD_20;1;1
CORD_ORD_1127;PROD_21;1;1
CORD_ORD_1127;PROD_22;1;1
CORD_ORD_1127;PROD_23;1;1
CORD_ORD_1127;PROD_25;1;1
CORD_ORD_1127;PROD_3;1;1
CORD_ORD_1127;PROD_30;1;1
CORD_ORD_1127;PROD_32;1;1
CORD_ORD_1127;PROD_34;1;1
CORD_ORD_1127;PROD_35;1;1
CORD_ORD_1127;PROD_36;1;1
CORD_ORD_1127;PROD_39;1;1
CORD_ORD_1127;PROD_4;1;1
CORD_ORD_1127;PROD_40;1;1
CORD_ORD_1127;PROD_43;1;1
CORD_ORD_1127;PROD_45;1;1
CORD_ORD_1127;PROD_47;1;1
CORD_ORD_1127;PROD_49;1;1
CORD_ORD_1127;PROD_50;1;1
CORD_ORD_1128;PROD_12;1;1
CORD_ORD_1128;PROD_13;1;1
CORD_ORD_1128;PROD_14;1;1
CORD_ORD_1128;PROD_20;1;1
CORD_ORD_1128;PROD_21;1;1
CORD_ORD_1128;PROD_22;1;1
CORD_ORD_1128;PROD_25;1;1
CORD_ORD_1128;PROD_26;1;1
CORD_ORD_1128;PROD_28;1;1
CORD_ORD_1128;PROD_30;1;1
CORD_ORD_1128;PROD_32;1;1
CORD_ORD_1128;PROD_35;1;1
CORD_ORD_1128;PROD_38;1;1
CORD_ORD_1128;PROD_39;1;1
CORD_ORD_1128;PROD_4;1;1
CORD_ORD_1128;PROD_40;1;1
CORD_ORD_1128;PROD_43;1;1
CORD_ORD_1128;PROD_46;1;1
CORD_ORD_1128;PROD_47;1;1
CORD_ORD_1128;PROD_50;1;1
CORD_ORD_1128;PROD_6;1;1
CORD_ORD_1128;PROD_9;1;1
CORD_ORD_1129;PROD_1;1;1
CORD_ORD_1129;PROD_10;1;1
CORD_ORD_1129;PROD_12;1;1
CORD_ORD_1129;PROD_13;1;1
CORD_ORD_1129;PROD_14;1;1
CORD_ORD_1129;PROD_15;1;1
CORD_ORD_1129;PROD_16;1;1
CORD_ORD_1129;PROD_17;1;1
CORD_ORD_1129;PROD_18;1;1
CORD_ORD_1129;PROD_2;1;1
CORD_ORD_1129;PROD_21;1;1
CORD_ORD_1129;PROD_24;1;1
CORD_ORD_1129;PROD_28;1;1
CORD_ORD_1129;PROD_3;1;1
CORD_ORD_1129;PROD_31;1;1
CORD_ORD_1129;PROD_32;1;1
CORD_ORD_1129;PROD_34;1;1
CORD_ORD_1129;PROD_36;1;1
CORD_ORD_1129;PROD_37;1;1
CORD_ORD_1129;PROD_38;1;1
CORD_ORD_1129;PROD_4;1;1
CORD_ORD_1129;PROD_41;1;1
CORD_ORD_1129;PROD_42;1;1
CORD_ORD_1129;PROD_43;1;1
CORD_ORD_1129;PROD_47;1;1
CORD_ORD_1129;PROD_48;1;1
CORD_ORD_1129;PROD_49;1;1
CORD_ORD_1129;PROD_8;1;1
CORD_ORD_1129;PROD_9;1;1
CORD_ORD_1130;PROD_1;1;1
CORD_ORD_1130;PROD_11;1;1
CORD_ORD_1130;PROD_22;1;1
CORD_ORD_1130;PROD_25;1;1
CORD_ORD_1130;PROD_27;1;1
CORD_ORD_1130;PROD_29;1;1
CORD_ORD_1130;PROD_3;1;1
CORD_ORD_1130;PROD_32;1;1
CORD_ORD_1130;PROD_36;1;1
CORD_ORD_1130;PROD_43;1;1
CORD_ORD_1130;PROD_47;1;1
CORD_ORD_1130;PROD_50;1;1
CORD_ORD_1131;PROD_1;1;1
CORD_ORD_1131;PROD_10;1;1
CORD_ORD_1131;PROD_11;1;1
CORD_ORD_1131;PROD_13;1;1
CORD_ORD_1131;PROD_16;1;1
CORD_ORD_1131;PROD_18;1;1
CORD_ORD_1131;PROD_2;1;1
CORD_ORD_1131;PROD_22;1;1
CORD_ORD_1131;PROD_24;1;1
CORD_ORD_1131;PROD_25;1;1
CORD_ORD_1131;PROD_26;1;1
CORD_ORD_1131;PROD_27;1;1
CORD_ORD_1131;PROD_29;1;1
CORD_ORD_1131;PROD_3;1;1
CORD_ORD_1131;PROD_30;1;1
CORD_ORD_1131;PROD_32;1;1
CORD_ORD_1131;PROD_36;1;1
CORD_ORD_1131;PROD_37;1;1
CORD_ORD_1131;PROD_38;1;1
CORD_ORD_1131;PROD_40;1;1
CORD_ORD_1131;PROD_41;1;1
CORD_ORD_1131;PROD_42;1;1
CORD_ORD_1131;PROD_43;1;1
CORD_ORD_1131;PROD_46;1;1
CORD_ORD_1131;PROD_47;1;1
CORD_ORD_1131;PROD_50;1;1
CORD_ORD_1131;PROD_6;1;1
CORD_ORD_1131;PROD_8;1;1
CORD_ORD_1132;PROD_1;1;1
CORD_ORD_1132;PROD_10;1;1
CORD_ORD_1132;PROD_11;1;1
CORD_ORD_1132;PROD_16;1;1
CORD_ORD_1132;PROD_18;1;1
CORD_ORD_1132;PROD_2;1;1
CORD_ORD_1132;PROD_22;1;1
CORD_ORD_1132;PROD_25;1;1
CORD_ORD_1132;PROD_26;1;1
CORD_ORD_1132;PROD_27;1;1
CORD_ORD_1132;PROD_29;1;1
CORD_ORD_1132;PROD_3;1;1
CORD_ORD_1132;PROD_36;1;1
CORD_ORD_1132;PROD_41;1;1
CORD_ORD_1132;PROD_46;1;1
CORD_ORD_1132;PROD_50;1;1
CORD_ORD_1132;PROD_6;1;1
CORD_ORD_1132;PROD_8;1;1
CORD_ORD_1133;PROD_10;1;1
CORD_ORD_1133;PROD_12;1;1
CORD_ORD_1133;PROD_16;1;1
CORD_ORD_1133;PROD_20;1;1
CORD_ORD_1133;PROD_21;1;1
CORD_ORD_1133;PROD_23;1;1
CORD_ORD_1133;PROD_26;1;1
CORD_ORD_1133;PROD_32;1;1
CORD_ORD_1133;PROD_35;1;1
CORD_ORD_1133;PROD_39;1;1
CORD_ORD_1133;PROD_4;1;1
CORD_ORD_1133;PROD_43;1;1
CORD_ORD_1133;PROD_45;1;1
CORD_ORD_1133;PROD_46;1;1
CORD_ORD_1133;PROD_47;1;1
CORD_ORD_1133;PROD_6;1;1
CORD_ORD_1133;PROD_8;1;1
CORD_ORD_1134;PROD_10;1;1
CORD_ORD_1134;PROD_14;1;1
CORD_ORD_1134;PROD_16;1;1
CORD_ORD_1134;PROD_17;1;1
CORD_ORD_1134;PROD_19;1;1
CORD_ORD_1134;PROD_20;1;1
CORD_ORD_1134;PROD_28;1;1
CORD_ORD_1134;PROD_31;1;1
CORD_ORD_1134;PROD_33;1;1
CORD_ORD_1134;PROD_35;1;1
CORD_ORD_1134;PROD_39;1;1
CORD_ORD_1134;PROD_44;1;1
CORD_ORD_1134;PROD_48;1;1
CORD_ORD_1134;PROD_5;1;1
CORD_ORD_1134;PROD_7;1;1
CORD_ORD_1134;PROD_8;1;1
CORD_ORD_1134;PROD_9;1;1
CORD_ORD_1135;PROD_12;1;1
CORD_ORD_1135;PROD_21;1;1
CORD_ORD_1135;PROD_26;1;1
CORD_ORD_1135;PROD_32;1;1
CORD_ORD_1135;PROD_4;1;1
CORD_ORD_1135;PROD_43;1;1
CORD_ORD_1135;PROD_46;1;1
CORD_ORD_1135;PROD_47;1;1
CORD_ORD_1135;PROD_5;1;1
CORD_ORD_1135;PROD_6;1;1
CORD_ORD_1135;PROD_7;1;1
CORD_ORD_1136;PROD_1;1;1
CORD_ORD_1136;PROD_10;1;1
CORD_ORD_1136;PROD_11;1;1
CORD_ORD_1136;PROD_13;1;1
CORD_ORD_1136;PROD_16;1;1
CORD_ORD_1136;PROD_19;1;1
CORD_ORD_1136;PROD_20;1;1
CORD_ORD_1136;PROD_23;1;1
CORD_ORD_1136;PROD_26;1;1
CORD_ORD_1136;PROD_27;1;1
CORD_ORD_1136;PROD_29;1;1
CORD_ORD_1136;PROD_3;1;1
CORD_ORD_1136;PROD_33;1;1
CORD_ORD_1136;PROD_35;1;1
CORD_ORD_1136;PROD_36;1;1
CORD_ORD_1136;PROD_38;1;1
CORD_ORD_1136;PROD_39;1;1
CORD_ORD_1136;PROD_44;1;1
CORD_ORD_1136;PROD_45;1;1
CORD_ORD_1136;PROD_46;1;1
CORD_ORD_1136;PROD_6;1;1
CORD_ORD_1136;PROD_8;1;1
CORD_ORD_1137;PROD_11;1;1
CORD_ORD_1137;PROD_12;1;1
CORD_ORD_1137;PROD_14;1;1
CORD_ORD_1137;PROD_15;1;1
CORD_ORD_1137;PROD_17;1;1
CORD_ORD_1137;PROD_18;1;1
CORD_ORD_1137;PROD_19;1;1
CORD_ORD_1137;PROD_2;1;1
CORD_ORD_1137;PROD_20;1;1
CORD_ORD_1137;PROD_21;1;1
CORD_ORD_1137;PROD_22;1;1
CORD_ORD_1137;PROD_25;1;1
CORD_ORD_1137;PROD_26;1;1
CORD_ORD_1137;PROD_27;1;1
CORD_ORD_1137;PROD_28;1;1
CORD_ORD_1137;PROD_29;1;1
CORD_ORD_1137;PROD_31;1;1
CORD_ORD_1137;PROD_33;1;1
CORD_ORD_1137;PROD_34;1;1
CORD_ORD_1137;PROD_35;1;1
CORD_ORD_1137;PROD_39;1;1
CORD_ORD_1137;PROD_4;1;1
CORD_ORD_1137;PROD_41;1;1
CORD_ORD_1137;PROD_44;1;1
CORD_ORD_1137;PROD_46;1;1
CORD_ORD_1137;PROD_48;1;1
CORD_ORD_1137;PROD_49;1;1
CORD_ORD_1137;PROD_5;1;1
CORD_ORD_1137;PROD_50;1;1
CORD_ORD_1137;PROD_6;1;1
CORD_ORD_1137;PROD_7;1;1
CORD_ORD_1137;PROD_9;1;1
CORD_ORD_1138;PROD_1;1;1
CORD_ORD_1138;PROD_11;1;1
CORD_ORD_1138;PROD_15;1;1
CORD_ORD_1138;PROD_17;1;1
CORD_ORD_1138;PROD_23;1;1
CORD_ORD_1138;PROD_26;1;1
CORD_ORD_1138;PROD_27;1;1
CORD_ORD_1138;PROD_29;1;1
CORD_ORD_1138;PROD_3;1;1
CORD_ORD_1138;PROD_30;1;1
CORD_ORD_1138;PROD_31;1;1
CORD_ORD_1138;PROD_32;1;1
CORD_ORD_1138;PROD_34;1;1
CORD_ORD_1138;PROD_36;1;1
CORD_ORD_1138;PROD_40;1;1
CORD_ORD_1138;PROD_43;1;1
CORD_ORD_1138;PROD_45;1;1
CORD_ORD_1138;PROD_46;1;1
CORD_ORD_1138;PROD_47;1;1
CORD_ORD_1138;PROD_48;1;1
CORD_ORD_1138;PROD_49;1;1
CORD_ORD_1138;PROD_5;1;1
CORD_ORD_1138;PROD_6;1;1
CORD_ORD_1138;PROD_7;1;1
CORD_ORD_1139;PROD_12;1;1
CORD_ORD_1139;PROD_13;1;1
CORD_ORD_1139;PROD_14;1;1
CORD_ORD_1139;PROD_15;1;1
CORD_ORD_1139;PROD_19;1;1
CORD_ORD_1139;PROD_20;1;1
CORD_ORD_1139;PROD_21;1;1
CORD_ORD_1139;PROD_22;1;1
CORD_ORD_1139;PROD_24;1;1
CORD_ORD_1139;PROD_25;1;1
CORD_ORD_1139;PROD_26;1;1
CORD_ORD_1139;PROD_28;1;1
CORD_ORD_1139;PROD_30;1;1
CORD_ORD_1139;PROD_33;1;1
CORD_ORD_1139;PROD_34;1;1
CORD_ORD_1139;PROD_35;1;1
CORD_ORD_1139;PROD_37;1;1
CORD_ORD_1139;PROD_38;1;1
CORD_ORD_1139;PROD_39;1;1
CORD_ORD_1139;PROD_4;1;1
CORD_ORD_1139;PROD_40;1;1
CORD_ORD_1139;PROD_42;1;1
CORD_ORD_1139;PROD_44;1;1
CORD_ORD_1139;PROD_46;1;1
CORD_ORD_1139;PROD_49;1;1
CORD_ORD_1139;PROD_5;1;1
CORD_ORD_1139;PROD_50;1;1
CORD_ORD_1139;PROD_6;1;1
CORD_ORD_1139;PROD_7;1;1
CORD_ORD_1139;PROD_9;1;1
CORD_ORD_1140;PROD_11;1;1
CORD_ORD_1140;PROD_14;1;1
CORD_ORD_1140;PROD_17;1;1
CORD_ORD_1140;PROD_19;1;1
CORD_ORD_1140;PROD_22;1;1
CORD_ORD_1140;PROD_23;1;1
CORD_ORD_1140;PROD_25;1;1
CORD_ORD_1140;PROD_26;1;1
CORD_ORD_1140;PROD_27;1;1
CORD_ORD_1140;PROD_28;1;1
CORD_ORD_1140;PROD_29;1;1
CORD_ORD_1140;PROD_31;1;1
CORD_ORD_1140;PROD_33;1;1
CORD_ORD_1140;PROD_44;1;1
CORD_ORD_1140;PROD_45;1;1
CORD_ORD_1140;PROD_46;1;1
CORD_ORD_1140;PROD_48;1;1
CORD_ORD_1140;PROD_5;1;1
CORD_ORD_1140;PROD_50;1;1
CORD_ORD_1140;PROD_6;1;1
CORD_ORD_1140;PROD_7;1;1
CORD_ORD_1140;PROD_9;1;1
CORD_ORD_1141;PROD_1;1;1
CORD_ORD_1141;PROD_10;1;1
CORD_ORD_1141;PROD_16;1;1
CORD_ORD_1141;PROD_18;1;1
CORD_ORD_1141;PROD_2;1;1
CORD_ORD_1141;PROD_26;1;1
CORD_ORD_1141;PROD_3;1;1
CORD_ORD_1141;PROD_36;1;1
CORD_ORD_1141;PROD_41;1;1
CORD_ORD_1141;PROD_46;1;1
CORD_ORD_1141;PROD_6;1;1
CORD_ORD_1141;PROD_8;1;1
CORD_ORD_1142;PROD_1;1;1
CORD_ORD_1142;PROD_10;1;1
CORD_ORD_1142;PROD_13;1;1
CORD_ORD_1142;PROD_16;1;1
CORD_ORD_1142;PROD_20;1;1
CORD_ORD_1142;PROD_26;1;1
CORD_ORD_1142;PROD_3;1;1
CORD_ORD_1142;PROD_35;1;1
CORD_ORD_1142;PROD_36;1;1
CORD_ORD_1142;PROD_38;1;1
CORD_ORD_1142;PROD_39;1;1
CORD_ORD_1142;PROD_46;1;1
CORD_ORD_1142;PROD_6;1;1
CORD_ORD_1142;PROD_8;1;1
CORD_ORD_1143;PROD_10;1;1
CORD_ORD_1143;PROD_13;1;1
CORD_ORD_1143;PROD_14;1;1
CORD_ORD_1143;PROD_16;1;1
CORD_ORD_1143;PROD_17;1;1
CORD_ORD_1143;PROD_19;1;1
CORD_ORD_1143;PROD_20;1;1
CORD_ORD_1143;PROD_26;1;1
CORD_ORD_1143;PROD_28;1;1
CORD_ORD_1143;PROD_30;1;1
CORD_ORD_1143;PROD_31;1;1
CORD_ORD_1143;PROD_32;1;1
CORD_ORD_1143;PROD_33;1;1
CORD_ORD_1143;PROD_35;1;1
CORD_ORD_1143;PROD_38;1;1
CORD_ORD_1143;PROD_39;1;1
CORD_ORD_1143;PROD_40;1;1
CORD_ORD_1143;PROD_43;1;1
CORD_ORD_1143;PROD_44;1;1
CORD_ORD_1143;PROD_46;1;1
CORD_ORD_1143;PROD_47;1;1
CORD_ORD_1143;PROD_48;1;1
CORD_ORD_1143;PROD_6;1;1
CORD_ORD_1143;PROD_8;1;1
CORD_ORD_1143;PROD_9;1;1
CORD_ORD_1144;PROD_11;1;1
CORD_ORD_1144;PROD_12;1;1
CORD_ORD_1144;PROD_15;1;1
CORD_ORD_1144;PROD_21;1;1
CORD_ORD_1144;PROD_22;1;1
CORD_ORD_1144;PROD_23;1;1
CORD_ORD_1144;PROD_24;1;1
CORD_ORD_1144;PROD_25;1;1
CORD_ORD_1144;PROD_27;1;1
CORD_ORD_1144;PROD_29;1;1
CORD_ORD_1144;PROD_32;1;1
CORD_ORD_1144;PROD_34;1;1
CORD_ORD_1144;PROD_37;1;1
CORD_ORD_1144;PROD_4;1;1
CORD_ORD_1144;PROD_42;1;1
CORD_ORD_1144;PROD_43;1;1
CORD_ORD_1144;PROD_45;1;1
CORD_ORD_1144;PROD_47;1;1
CORD_ORD_1144;PROD_49;1;1
CORD_ORD_1144;PROD_50;1;1
CORD_ORD_1145;PROD_11;1;1
CORD_ORD_1145;PROD_14;1;1
CORD_ORD_1145;PROD_17;1;1
CORD_ORD_1145;PROD_18;1;1
CORD_ORD_1145;PROD_2;1;1
CORD_ORD_1145;PROD_20;1;1
CORD_ORD_1145;PROD_24;1;1
CORD_ORD_1145;PROD_26;1;1
CORD_ORD_1145;PROD_27;1;1
CORD_ORD_1145;PROD_28;1;1
CORD_ORD_1145;PROD_29;1;1
CORD_ORD_1145;PROD_31;1;1
CORD_ORD_1145;PROD_35;1;1
CORD_ORD_1145;PROD_37;1;1
CORD_ORD_1145;PROD_39;1;1
CORD_ORD_1145;PROD_41;1;1
CORD_ORD_1145;PROD_42;1;1
CORD_ORD_1145;PROD_46;1;1
CORD_ORD_1145;PROD_48;1;1
CORD_ORD_1145;PROD_6;1;1
CORD_ORD_1145;PROD_9;1;1
CORD_ORD_1146;PROD_10;1;1
CORD_ORD_1146;PROD_11;1;1
CORD_ORD_1146;PROD_14;1;1
CORD_ORD_1146;PROD_16;1;1
CORD_ORD_1146;PROD_17;1;1
CORD_ORD_1146;PROD_20;1;1
CORD_ORD_1146;PROD_27;1;1
CORD_ORD_1146;PROD_28;1;1
CORD_ORD_1146;PROD_29;1;1
CORD_ORD_1146;PROD_31;1;1
CORD_ORD_1146;PROD_32;1;1
CORD_ORD_1146;PROD_35;1;1
CORD_ORD_1146;PROD_39;1;1
CORD_ORD_1146;PROD_43;1;1
CORD_ORD_1146;PROD_47;1;1
CORD_ORD_1146;PROD_48;1;1
CORD_ORD_1146;PROD_8;1;1
CORD_ORD_1146;PROD_9;1;1
CORD_ORD_1147;PROD_11;1;1
CORD_ORD_1147;PROD_12;1;1
CORD_ORD_1147;PROD_13;1;1
CORD_ORD_1147;PROD_14;1;1
CORD_ORD_1147;PROD_15;1;1
CORD_ORD_1147;PROD_20;1;1
CORD_ORD_1147;PROD_21;1;1
CORD_ORD_1147;PROD_24;1;1
CORD_ORD_1147;PROD_27;1;1
CORD_ORD_1147;PROD_28;1;1
CORD_ORD_1147;PROD_29;1;1
CORD_ORD_1147;PROD_34;1;1
CORD_ORD_1147;PROD_35;1;1
CORD_ORD_1147;PROD_37;1;1
CORD_ORD_1147;PROD_38;1;1
CORD_ORD_1147;PROD_39;1;1
CORD_ORD_1147;PROD_4;1;1
CORD_ORD_1147;PROD_42;1;1
CORD_ORD_1147;PROD_49;1;1
CORD_ORD_1147;PROD_5;1;1
CORD_ORD_1147;PROD_7;1;1
CORD_ORD_1147;PROD_9;1;1
CORD_ORD_1148;PROD_1;1;1
CORD_ORD_1148;PROD_10;1;1
CORD_ORD_1148;PROD_11;1;1
CORD_ORD_1148;PROD_16;1;1
CORD_ORD_1148;PROD_22;1;1
CORD_ORD_1148;PROD_25;1;1
CORD_ORD_1148;PROD_27;1;1
CORD_ORD_1148;PROD_29;1;1
CORD_ORD_1148;PROD_3;1;1
CORD_ORD_1148;PROD_32;1;1
CORD_ORD_1148;PROD_36;1;1
CORD_ORD_1148;PROD_43;1;1
CORD_ORD_1148;PROD_47;1;1
CORD_ORD_1148;PROD_50;1;1
CORD_ORD_1148;PROD_8;1;1
CORD_ORD_1149;PROD_10;1;1
CORD_ORD_1149;PROD_13;1;1
CORD_ORD_1149;PROD_15;1;1
CORD_ORD_1149;PROD_16;1;1
CORD_ORD_1149;PROD_19;1;1
CORD_ORD_1149;PROD_24;1;1
CORD_ORD_1149;PROD_33;1;1
CORD_ORD_1149;PROD_34;1;1
CORD_ORD_1149;PROD_37;1;1
CORD_ORD_1149;PROD_38;1;1
CORD_ORD_1149;PROD_42;1;1
CORD_ORD_1149;PROD_44;1;1
CORD_ORD_1149;PROD_49;1;1
CORD_ORD_1149;PROD_8;1;1
CORD_ORD_1150;PROD_1;1;1
CORD_ORD_1150;PROD_12;1;1
CORD_ORD_1150;PROD_15;1;1
CORD_ORD_1150;PROD_17;1;1
CORD_ORD_1150;PROD_18;1;1
CORD_ORD_1150;PROD_2;1;1
CORD_ORD_1150;PROD_21;1;1
CORD_ORD_1150;PROD_22;1;1
CORD_ORD_1150;PROD_24;1;1
CORD_ORD_1150;PROD_25;1;1
CORD_ORD_1150;PROD_3;1;1
CORD_ORD_1150;PROD_31;1;1
CORD_ORD_1150;PROD_32;1;1
CORD_ORD_1150;PROD_34;1;1
CORD_ORD_1150;PROD_36;1;1
CORD_ORD_1150;PROD_37;1;1
CORD_ORD_1150;PROD_4;1;1
CORD_ORD_1150;PROD_41;1;1
CORD_ORD_1150;PROD_42;1;1
CORD_ORD_1150;PROD_43;1;1
CORD_ORD_1150;PROD_47;1;1
CORD_ORD_1150;PROD_48;1;1
CORD_ORD_1150;PROD_49;1;1
CORD_ORD_1150;PROD_50;1;1
CORD_ORD_1151;PROD_1;1;1
CORD_ORD_1151;PROD_10;1;1
CORD_ORD_1151;PROD_13;1;1
CORD_ORD_1151;PROD_14;1;1
CORD_ORD_1151;PROD_15;1;1
CORD_ORD_1151;PROD_16;1;1
CORD_ORD_1151;PROD_17;1;1
CORD_ORD_1151;PROD_18;1;1
CORD_ORD_1151;PROD_2;1;1
CORD_ORD_1151;PROD_26;1;1
CORD_ORD_1151;PROD_28;1;1
CORD_ORD_1151;PROD_3;1;1
CORD_ORD_1151;PROD_31;1;1
CORD_ORD_1151;PROD_34;1;1
CORD_ORD_1151;PROD_36;1;1
CORD_ORD_1151;PROD_38;1;1
CORD_ORD_1151;PROD_41;1;1
CORD_ORD_1151;PROD_46;1;1
CORD_ORD_1151;PROD_48;1;1
CORD_ORD_1151;PROD_49;1;1
CORD_ORD_1151;PROD_6;1;1
CORD_ORD_1151;PROD_8;1;1
CORD_ORD_1151;PROD_9;1;1
CORD_ORD_1152;PROD_11;1;1
CORD_ORD_1152;PROD_15;1;1
CORD_ORD_1152;PROD_22;1;1
CORD_ORD_1152;PROD_23;1;1
CORD_ORD_1152;PROD_24;1;1
CORD_ORD_1152;PROD_25;1;1
CORD_ORD_1152;PROD_26;1;1
CORD_ORD_1152;PROD_27;1;1
CORD_ORD_1152;PROD_29;1;1
CORD_ORD_1152;PROD_30;1;1
CORD_ORD_1152;PROD_34;1;1
CORD_ORD_1152;PROD_37;1;1
CORD_ORD_1152;PROD_40;1;1
CORD_ORD_1152;PROD_42;1;1
CORD_ORD_1152;PROD_45;1;1
CORD_ORD_1152;PROD_46;1;1
CORD_ORD_1152;PROD_49;1;1
CORD_ORD_1152;PROD_5;1;1
CORD_ORD_1152;PROD_50;1;1
CORD_ORD_1152;PROD_6;1;1
CORD_ORD_1152;PROD_7;1;1
CORD_ORD_1153;PROD_10;1;1
CORD_ORD_1153;PROD_12;1;1
CORD_ORD_1153;PROD_13;1;1
CORD_ORD_1153;PROD_15;1;1
CORD_ORD_1153;PROD_16;1;1
CORD_ORD_1153;PROD_17;1;1
CORD_ORD_1153;PROD_20;1;1
CORD_ORD_1153;PROD_21;1;1
CORD_ORD_1153;PROD_23;1;1
CORD_ORD_1153;PROD_24;1;1
CORD_ORD_1153;PROD_31;1;1
CORD_ORD_1153;PROD_34;1;1
CORD_ORD_1153;PROD_35;1;1
CORD_ORD_1153;PROD_37;1;1
CORD_ORD_1153;PROD_38;1;1
CORD_ORD_1153;PROD_39;1;1
CORD_ORD_1153;PROD_4;1;1
CORD_ORD_1153;PROD_42;1;1
CORD_ORD_1153;PROD_45;1;1
CORD_ORD_1153;PROD_48;1;1
CORD_ORD_1153;PROD_49;1;1
CORD_ORD_1153;PROD_5;1;1
CORD_ORD_1153;PROD_7;1;1
CORD_ORD_1153;PROD_8;1;1
CORD_ORD_1154;PROD_1;1;1
CORD_ORD_1154;PROD_10;1;1
CORD_ORD_1154;PROD_12;1;1
CORD_ORD_1154;PROD_13;1;1
CORD_ORD_1154;PROD_14;1;1
CORD_ORD_1154;PROD_16;1;1
CORD_ORD_1154;PROD_18;1;1
CORD_ORD_1154;PROD_2;1;1
CORD_ORD_1154;PROD_20;1;1
CORD_ORD_1154;PROD_21;1;1
CORD_ORD_1154;PROD_24;1;1
CORD_ORD_1154;PROD_26;1;1
CORD_ORD_1154;PROD_28;1;1
CORD_ORD_1154;PROD_3;1;1
CORD_ORD_1154;PROD_35;1;1
CORD_ORD_1154;PROD_36;1;1
CORD_ORD_1154;PROD_37;1;1
CORD_ORD_1154;PROD_38;1;1
CORD_ORD_1154;PROD_39;1;1
CORD_ORD_1154;PROD_4;1;1
CORD_ORD_1154;PROD_41;1;1
CORD_ORD_1154;PROD_42;1;1
CORD_ORD_1154;PROD_46;1;1
CORD_ORD_1154;PROD_6;1;1
CORD_ORD_1154;PROD_8;1;1
CORD_ORD_1154;PROD_9;1;1
CORD_ORD_1155;PROD_12;1;1
CORD_ORD_1155;PROD_14;1;1
CORD_ORD_1155;PROD_15;1;1
CORD_ORD_1155;PROD_17;1;1
CORD_ORD_1155;PROD_19;1;1
CORD_ORD_1155;PROD_21;1;1
CORD_ORD_1155;PROD_22;1;1
CORD_ORD_1155;PROD_24;1;1
CORD_ORD_1155;PROD_25;1;1
CORD_ORD_1155;PROD_26;1;1
CORD_ORD_1155;PROD_28;1;1
CORD_ORD_1155;PROD_30;1;1
CORD_ORD_1155;PROD_31;1;1
CORD_ORD_1155;PROD_33;1;1
CORD_ORD_1155;PROD_34;1;1
CORD_ORD_1155;PROD_37;1;1
CORD_ORD_1155;PROD_4;1;1
CORD_ORD_1155;PROD_40;1;1
CORD_ORD_1155;PROD_42;1;1
CORD_ORD_1155;PROD_44;1;1
CORD_ORD_1155;PROD_46;1;1
CORD_ORD_1155;PROD_48;1;1
CORD_ORD_1155;PROD_49;1;1
CORD_ORD_1155;PROD_50;1;1
CORD_ORD_1155;PROD_6;1;1
CORD_ORD_1155;PROD_9;1;1
CORD_ORD_1156;PROD_14;1;1
CORD_ORD_1156;PROD_17;1;1
CORD_ORD_1156;PROD_18;1;1
CORD_ORD_1156;PROD_2;1;1
CORD_ORD_1156;PROD_22;1;1
CORD_ORD_1156;PROD_24;1;1
CORD_ORD_1156;PROD_25;1;1
CORD_ORD_1156;PROD_26;1;1
CORD_ORD_1156;PROD_28;1;1
CORD_ORD_1156;PROD_31;1;1
CORD_ORD_1156;PROD_37;1;1
CORD_ORD_1156;PROD_41;1;1
CORD_ORD_1156;PROD_42;1;1
CORD_ORD_1156;PROD_46;1;1
CORD_ORD_1156;PROD_48;1;1
CORD_ORD_1156;PROD_50;1;1
CORD_ORD_1156;PROD_6;1;1
CORD_ORD_1156;PROD_9;1;1
CORD_ORD_1157;PROD_1;1;1
CORD_ORD_1157;PROD_10;1;1
CORD_ORD_1157;PROD_11;1;1
CORD_ORD_1157;PROD_12;1;1
CORD_ORD_1157;PROD_16;1;1
CORD_ORD_1157;PROD_21;1;1
CORD_ORD_1157;PROD_23;1;1
CORD_ORD_1157;PROD_24;1;1
CORD_ORD_1157;PROD_26;1;1
CORD_ORD_1157;PROD_27;1;1
CORD_ORD_1157;PROD_29;1;1
CORD_ORD_1157;PROD_3;1;1
CORD_ORD_1157;PROD_32;1;1
CORD_ORD_1157;PROD_36;1;1
CORD_ORD_1157;PROD_37;1;1
CORD_ORD_1157;PROD_4;1;1
CORD_ORD_1157;PROD_42;1;1
CORD_ORD_1157;PROD_43;1;1
CORD_ORD_1157;PROD_45;1;1
CORD_ORD_1157;PROD_46;1;1
CORD_ORD_1157;PROD_47;1;1
CORD_ORD_1157;PROD_6;1;1
CORD_ORD_1157;PROD_8;1;1
CORD_ORD_1158;PROD_1;1;1
CORD_ORD_1158;PROD_10;1;1
CORD_ORD_1158;PROD_12;1;1
CORD_ORD_1158;PROD_13;1;1
CORD_ORD_1158;PROD_14;1;1
CORD_ORD_1158;PROD_16;1;1
CORD_ORD_1158;PROD_17;1;1
CORD_ORD_1158;PROD_21;1;1
CORD_ORD_1158;PROD_28;1;1
CORD_ORD_1158;PROD_3;1;1
CORD_ORD_1158;PROD_31;1;1
CORD_ORD_1158;PROD_36;1;1
CORD_ORD_1158;PROD_38;1;1
CORD_ORD_1158;PROD_4;1;1
CORD_ORD_1158;PROD_48;1;1
CORD_ORD_1158;PROD_8;1;1
CORD_ORD_1158;PROD_9;1;1
CORD_ORD_1159;PROD_1;1;1
CORD_ORD_1159;PROD_10;1;1
CORD_ORD_1159;PROD_12;1;1
CORD_ORD_1159;PROD_13;1;1
CORD_ORD_1159;PROD_16;1;1
CORD_ORD_1159;PROD_17;1;1
CORD_ORD_1159;PROD_18;1;1
CORD_ORD_1159;PROD_2;1;1
CORD_ORD_1159;PROD_20;1;1
CORD_ORD_1159;PROD_21;1;1
CORD_ORD_1159;PROD_26;1;1
CORD_ORD_1159;PROD_3;1;1
CORD_ORD_1159;PROD_31;1;1
CORD_ORD_1159;PROD_35;1;1
CORD_ORD_1159;PROD_36;1;1
CORD_ORD_1159;PROD_38;1;1
CORD_ORD_1159;PROD_39;1;1
CORD_ORD_1159;PROD_4;1;1
CORD_ORD_1159;PROD_41;1;1
CORD_ORD_1159;PROD_46;1;1
CORD_ORD_1159;PROD_48;1;1
CORD_ORD_1159;PROD_6;1;1
CORD_ORD_1159;PROD_8;1;1
CORD_ORD_1160;PROD_1;1;1
CORD_ORD_1160;PROD_10;1;1
CORD_ORD_1160;PROD_11;1;1
CORD_ORD_1160;PROD_16;1;1
CORD_ORD_1160;PROD_18;1;1
CORD_ORD_1160;PROD_2;1;1
CORD_ORD_1160;PROD_24;1;1
CORD_ORD_1160;PROD_27;1;1
CORD_ORD_1160;PROD_29;1;1
CORD_ORD_1160;PROD_3;1;1
CORD_ORD_1160;PROD_32;1;1
CORD_ORD_1160;PROD_36;1;1
CORD_ORD_1160;PROD_37;1;1
CORD_ORD_1160;PROD_41;1;1
CORD_ORD_1160;PROD_42;1;1
CORD_ORD_1160;PROD_43;1;1
CORD_ORD_1160;PROD_47;1;1
CORD_ORD_1160;PROD_5;1;1
CORD_ORD_1160;PROD_7;1;1
CORD_ORD_1160;PROD_8;1;1
CORD_ORD_1161;PROD_10;1;1
CORD_ORD_1161;PROD_14;1;1
CORD_ORD_1161;PROD_16;1;1
CORD_ORD_1161;PROD_17;1;1
CORD_ORD_1161;PROD_18;1;1
CORD_ORD_1161;PROD_2;1;1
CORD_ORD_1161;PROD_26;1;1
CORD_ORD_1161;PROD_28;1;1
CORD_ORD_1161;PROD_31;1;1
CORD_ORD_1161;PROD_32;1;1
CORD_ORD_1161;PROD_41;1;1
CORD_ORD_1161;PROD_43;1;1
CORD_ORD_1161;PROD_46;1;1
CORD_ORD_1161;PROD_47;1;1
CORD_ORD_1161;PROD_48;1;1
CORD_ORD_1161;PROD_6;1;1
CORD_ORD_1161;PROD_8;1;1
CORD_ORD_1161;PROD_9;1;1
CORD_ORD_1162;PROD_12;1;1
CORD_ORD_1162;PROD_15;1;1
CORD_ORD_1162;PROD_17;1;1
CORD_ORD_1162;PROD_18;1;1
CORD_ORD_1162;PROD_19;1;1
CORD_ORD_1162;PROD_2;1;1
CORD_ORD_1162;PROD_20;1;1
CORD_ORD_1162;PROD_21;1;1
CORD_ORD_1162;PROD_23;1;1
CORD_ORD_1162;PROD_24;1;1
CORD_ORD_1162;PROD_26;1;1
CORD_ORD_1162;PROD_31;1;1
CORD_ORD_1162;PROD_32;1;1
CORD_ORD_1162;PROD_33;1;1
CORD_ORD_1162;PROD_34;1;1
CORD_ORD_1162;PROD_35;1;1
CORD_ORD_1162;PROD_37;1;1
CORD_ORD_1162;PROD_39;1;1
CORD_ORD_1162;PROD_4;1;1
CORD_ORD_1162;PROD_41;1;1
CORD_ORD_1162;PROD_42;1;1
CORD_ORD_1162;PROD_43;1;1
CORD_ORD_1162;PROD_44;1;1
CORD_ORD_1162;PROD_45;1;1
CORD_ORD_1162;PROD_46;1;1
CORD_ORD_1162;PROD_47;1;1
CORD_ORD_1162;PROD_48;1;1
CORD_ORD_1162;PROD_49;1;1
CORD_ORD_1162;PROD_5;1;1
CORD_ORD_1162;PROD_6;1;1
CORD_ORD_1162;PROD_7;1;1
CORD_ORD_1163;PROD_1;1;1
CORD_ORD_1163;PROD_10;1;1
CORD_ORD_1163;PROD_16;1;1
CORD_ORD_1163;PROD_22;1;1
CORD_ORD_1163;PROD_25;1;1
CORD_ORD_1163;PROD_3;1;1
CORD_ORD_1163;PROD_36;1;1
CORD_ORD_1163;PROD_50;1;1
CORD_ORD_1163;PROD_8;1;1
CORD_ORD_1164;PROD_10;1;1
CORD_ORD_1164;PROD_11;1;1
CORD_ORD_1164;PROD_13;1;1
CORD_ORD_1164;PROD_15;1;1
CORD_ORD_1164;PROD_16;1;1
CORD_ORD_1164;PROD_17;1;1
CORD_ORD_1164;PROD_19;1;1
CORD_ORD_1164;PROD_23;1;1
CORD_ORD_1164;PROD_27;1;1
CORD_ORD_1164;PROD_29;1;1
CORD_ORD_1164;PROD_31;1;1
CORD_ORD_1164;PROD_33;1;1
CORD_ORD_1164;PROD_34;1;1
CORD_ORD_1164;PROD_38;1;1
CORD_ORD_1164;PROD_44;1;1
CORD_ORD_1164;PROD_45;1;1
CORD_ORD_1164;PROD_48;1;1
CORD_ORD_1164;PROD_49;1;1
CORD_ORD_1164;PROD_8;1;1
CORD_ORD_1165;PROD_1;1;1
CORD_ORD_1165;PROD_10;1;1
CORD_ORD_1165;PROD_13;1;1
CORD_ORD_1165;PROD_15;1;1
CORD_ORD_1165;PROD_16;1;1
CORD_ORD_1165;PROD_18;1;1
CORD_ORD_1165;PROD_2;1;1
CORD_ORD_1165;PROD_22;1;1
CORD_ORD_1165;PROD_25;1;1
CORD_ORD_1165;PROD_3;1;1
CORD_ORD_1165;PROD_32;1;1
CORD_ORD_1165;PROD_34;1;1
CORD_ORD_1165;PROD_36;1;1
CORD_ORD_1165;PROD_38;1;1
CORD_ORD_1165;PROD_41;1;1
CORD_ORD_1165;PROD_43;1;1
CORD_ORD_1165;PROD_47;1;1
CORD_ORD_1165;PROD_49;1;1
CORD_ORD_1165;PROD_50;1;1
CORD_ORD_1165;PROD_8;1;1
CORD_ORD_1166;PROD_1;1;1
CORD_ORD_1166;PROD_11;1;1
CORD_ORD_1166;PROD_12;1;1
CORD_ORD_1166;PROD_13;1;1
CORD_ORD_1166;PROD_15;1;1
CORD_ORD_1166;PROD_17;1;1
CORD_ORD_1166;PROD_21;1;1
CORD_ORD_1166;PROD_22;1;1
CORD_ORD_1166;PROD_23;1;1
CORD_ORD_1166;PROD_24;1;1
CORD_ORD_1166;PROD_25;1;1
CORD_ORD_1166;PROD_27;1;1
CORD_ORD_1166;PROD_29;1;1
CORD_ORD_1166;PROD_3;1;1
CORD_ORD_1166;PROD_31;1;1
CORD_ORD_1166;PROD_32;1;1
CORD_ORD_1166;PROD_34;1;1
CORD_ORD_1166;PROD_36;1;1
CORD_ORD_1166;PROD_37;1;1
CORD_ORD_1166;PROD_38;1;1
CORD_ORD_1166;PROD_4;1;1
CORD_ORD_1166;PROD_42;1;1
CORD_ORD_1166;PROD_43;1;1
CORD_ORD_1166;PROD_45;1;1
CORD_ORD_1166;PROD_47;1;1
CORD_ORD_1166;PROD_48;1;1
CORD_ORD_1166;PROD_49;1;1
CORD_ORD_1166;PROD_50;1;1
CORD_ORD_1167;PROD_1;1;1
CORD_ORD_1167;PROD_10;1;1
CORD_ORD_1167;PROD_11;1;1
CORD_ORD_1167;PROD_14;1;1
CORD_ORD_1167;PROD_15;1;1
CORD_ORD_1167;PROD_16;1;1
CORD_ORD_1167;PROD_20;1;1
CORD_ORD_1167;PROD_27;1;1
CORD_ORD_1167;PROD_28;1;1
CORD_ORD_1167;PROD_29;1;1
CORD_ORD_1167;PROD_3;1;1
CORD_ORD_1167;PROD_30;1;1
CORD_ORD_1167;PROD_32;1;1
CORD_ORD_1167;PROD_34;1;1
CORD_ORD_1167;PROD_35;1;1
CORD_ORD_1167;PROD_36;1;1
CORD_ORD_1167;PROD_39;1;1
CORD_ORD_1167;PROD_40;1;1
CORD_ORD_1167;PROD_43;1;1
CORD_ORD_1167;PROD_47;1;1
CORD_ORD_1167;PROD_49;1;1
CORD_ORD_1167;PROD_8;1;1
CORD_ORD_1167;PROD_9;1;1
CORD_ORD_1168;PROD_12;1;1
CORD_ORD_1168;PROD_15;1;1
CORD_ORD_1168;PROD_17;1;1
CORD_ORD_1168;PROD_19;1;1
CORD_ORD_1168;PROD_21;1;1
CORD_ORD_1168;PROD_22;1;1
CORD_ORD_1168;PROD_25;1;1
CORD_ORD_1168;PROD_26;1;1
CORD_ORD_1168;PROD_31;1;1
CORD_ORD_1168;PROD_32;1;1
CORD_ORD_1168;PROD_33;1;1
CORD_ORD_1168;PROD_34;1;1
CORD_ORD_1168;PROD_4;1;1
CORD_ORD_1168;PROD_43;1;1
CORD_ORD_1168;PROD_44;1;1
CORD_ORD_1168;PROD_46;1;1
CORD_ORD_1168;PROD_47;1;1
CORD_ORD_1168;PROD_48;1;1
CORD_ORD_1168;PROD_49;1;1
CORD_ORD_1168;PROD_50;1;1
CORD_ORD_1168;PROD_6;1;1
CORD_ORD_1169;PROD_13;1;1
CORD_ORD_1169;PROD_15;1;1
CORD_ORD_1169;PROD_19;1;1
CORD_ORD_1169;PROD_23;1;1
CORD_ORD_1169;PROD_24;1;1
CORD_ORD_1169;PROD_26;1;1
CORD_ORD_1169;PROD_33;1;1
CORD_ORD_1169;PROD_34;1;1
CORD_ORD_1169;PROD_37;1;1
CORD_ORD_1169;PROD_38;1;1
CORD_ORD_1169;PROD_42;1;1
CORD_ORD_1169;PROD_44;1;1
CORD_ORD_1169;PROD_45;1;1
CORD_ORD_1169;PROD_46;1;1
CORD_ORD_1169;PROD_49;1;1
CORD_ORD_1169;PROD_6;1;1
CORD_ORD_1170;PROD_11;1;1
CORD_ORD_1170;PROD_12;1;1
CORD_ORD_1170;PROD_14;1;1
CORD_ORD_1170;PROD_15;1;1
CORD_ORD_1170;PROD_18;1;1
CORD_ORD_1170;PROD_19;1;1
CORD_ORD_1170;PROD_2;1;1
CORD_ORD_1170;PROD_20;1;1
CORD_ORD_1170;PROD_21;1;1
CORD_ORD_1170;PROD_23;1;1
CORD_ORD_1170;PROD_27;1;1
CORD_ORD_1170;PROD_28;1;1
CORD_ORD_1170;PROD_29;1;1
CORD_ORD_1170;PROD_33;1;1
CORD_ORD_1170;PROD_34;1;1
CORD_ORD_1170;PROD_35;1;1
CORD_ORD_1170;PROD_39;1;1
CORD_ORD_1170;PROD_4;1;1
CORD_ORD_1170;PROD_41;1;1
CORD_ORD_1170;PROD_44;1;1
CORD_ORD_1170;PROD_45;1;1
CORD_ORD_1170;PROD_49;1;1
CORD_ORD_1170;PROD_5;1;1
CORD_ORD_1170;PROD_7;1;1
CORD_ORD_1170;PROD_9;1;1
CORD_ORD_1171;PROD_1;1;1
CORD_ORD_1171;PROD_10;1;1
CORD_ORD_1171;PROD_13;1;1
CORD_ORD_1171;PROD_14;1;1
CORD_ORD_1171;PROD_15;1;1
CORD_ORD_1171;PROD_16;1;1
CORD_ORD_1171;PROD_17;1;1
CORD_ORD_1171;PROD_18;1;1
CORD_ORD_1171;PROD_2;1;1
CORD_ORD_1171;PROD_24;1;1
CORD_ORD_1171;PROD_28;1;1
CORD_ORD_1171;PROD_3;1;1
CORD_ORD_1171;PROD_31;1;1
CORD_ORD_1171;PROD_32;1;1
CORD_ORD_1171;PROD_34;1;1
CORD_ORD_1171;PROD_36;1;1
CORD_ORD_1171;PROD_37;1;1
CORD_ORD_1171;PROD_38;1;1
CORD_ORD_1171;PROD_41;1;1
CORD_ORD_1171;PROD_42;1;1
CORD_ORD_1171;PROD_43;1;1
CORD_ORD_1171;PROD_47;1;1
CORD_ORD_1171;PROD_48;1;1
CORD_ORD_1171;PROD_49;1;1
CORD_ORD_1171;PROD_8;1;1
CORD_ORD_1171;PROD_9;1;1
CORD_ORD_1172;PROD_1;1;1
CORD_ORD_1172;PROD_11;1;1
CORD_ORD_1172;PROD_15;1;1
CORD_ORD_1172;PROD_22;1;1
CORD_ORD_1172;PROD_24;1;1
CORD_ORD_1172;PROD_25;1;1
CORD_ORD_1172;PROD_26;1;1
CORD_ORD_1172;PROD_27;1;1
CORD_ORD_1172;PROD_29;1;1
CORD_ORD_1172;PROD_3;1;1
CORD_ORD_1172;PROD_32;1;1
CORD_ORD_1172;PROD_34;1;1
CORD_ORD_1172;PROD_36;1;1
CORD_ORD_1172;PROD_37;1;1
CORD_ORD_1172;PROD_42;1;1
CORD_ORD_1172;PROD_43;1;1
CORD_ORD_1172;PROD_46;1;1
CORD_ORD_1172;PROD_47;1;1
CORD_ORD_1172;PROD_49;1;1
CORD_ORD_1172;PROD_5;1;1
CORD_ORD_1172;PROD_50;1;1
CORD_ORD_1172;PROD_6;1;1
CORD_ORD_1172;PROD_7;1;1
CORD_ORD_1173;PROD_10;1;1
CORD_ORD_1173;PROD_12;1;1
CORD_ORD_1173;PROD_13;1;1
CORD_ORD_1173;PROD_15;1;1
CORD_ORD_1173;PROD_16;1;1
CORD_ORD_1173;PROD_19;1;1
CORD_ORD_1173;PROD_21;1;1
CORD_ORD_1173;PROD_33;1;1
CORD_ORD_1173;PROD_34;1;1
CORD_ORD_1173;PROD_38;1;1
CORD_ORD_1173;PROD_4;1;1
CORD_ORD_1173;PROD_44;1;1
CORD_ORD_1173;PROD_49;1;1
CORD_ORD_1173;PROD_8;1;1
CORD_ORD_1174;PROD_14;1;1
CORD_ORD_1174;PROD_15;1;1
CORD_ORD_1174;PROD_19;1;1
CORD_ORD_1174;PROD_23;1;1
CORD_ORD_1174;PROD_28;1;1
CORD_ORD_1174;PROD_32;1;1
CORD_ORD_1174;PROD_33;1;1
CORD_ORD_1174;PROD_34;1;1
CORD_ORD_1174;PROD_43;1;1
CORD_ORD_1174;PROD_44;1;1
CORD_ORD_1174;PROD_45;1;1
CORD_ORD_1174;PROD_47;1;1
CORD_ORD_1174;PROD_49;1;1
CORD_ORD_1174;PROD_9;1;1
CORD_ORD_1175;PROD_19;1;1
CORD_ORD_1175;PROD_24;1;1
CORD_ORD_1175;PROD_26;1;1
CORD_ORD_1175;PROD_33;1;1
CORD_ORD_1175;PROD_37;1;1
CORD_ORD_1175;PROD_42;1;1
CORD_ORD_1175;PROD_44;1;1
CORD_ORD_1175;PROD_46;1;1
CORD_ORD_1175;PROD_6;1;1
CORD_ORD_1176;PROD_1;1;1
CORD_ORD_1176;PROD_11;1;1
CORD_ORD_1176;PROD_13;1;1
CORD_ORD_1176;PROD_17;1;1
CORD_ORD_1176;PROD_18;1;1
CORD_ORD_1176;PROD_19;1;1
CORD_ORD_1176;PROD_2;1;1
CORD_ORD_1176;PROD_24;1;1
CORD_ORD_1176;PROD_27;1;1
CORD_ORD_1176;PROD_29;1;1
CORD_ORD_1176;PROD_3;1;1
CORD_ORD_1176;PROD_30;1;1
CORD_ORD_1176;PROD_31;1;1
CORD_ORD_1176;PROD_32;1;1
CORD_ORD_1176;PROD_33;1;1
CORD_ORD_1176;PROD_36;1;1
CORD_ORD_1176;PROD_37;1;1
CORD_ORD_1176;PROD_38;1;1
CORD_ORD_1176;PROD_40;1;1
CORD_ORD_1176;PROD_41;1;1
CORD_ORD_1176;PROD_42;1;1
CORD_ORD_1176;PROD_43;1;1
CORD_ORD_1176;PROD_44;1;1
CORD_ORD_1176;PROD_47;1;1
CORD_ORD_1176;PROD_48;1;1
CORD_ORD_1176;PROD_5;1;1
CORD_ORD_1176;PROD_7;1;1
CORD_ORD_1177;PROD_1;1;1
CORD_ORD_1177;PROD_10;1;1
CORD_ORD_1177;PROD_16;1;1
CORD_ORD_1177;PROD_18;1;1
CORD_ORD_1177;PROD_2;1;1
CORD_ORD_1177;PROD_20;1;1
CORD_ORD_1177;PROD_24;1;1
CORD_ORD_1177;PROD_26;1;1
CORD_ORD_1177;PROD_3;1;1
CORD_ORD_1177;PROD_32;1;1
CORD_ORD_1177;PROD_35;1;1
CORD_ORD_1177;PROD_36;1;1
CORD_ORD_1177;PROD_37;1;1
CORD_ORD_1177;PROD_39;1;1
CORD_ORD_1177;PROD_41;1;1
CORD_ORD_1177;PROD_42;1;1
CORD_ORD_1177;PROD_43;1;1
CORD_ORD_1177;PROD_46;1;1
CORD_ORD_1177;PROD_47;1;1
CORD_ORD_1177;PROD_6;1;1
CORD_ORD_1177;PROD_8;1;1
CORD_ORD_1178;PROD_1;1;1
CORD_ORD_1178;PROD_17;1;1
CORD_ORD_1178;PROD_18;1;1
CORD_ORD_1178;PROD_2;1;1
CORD_ORD_1178;PROD_22;1;1
CORD_ORD_1178;PROD_24;1;1
CORD_ORD_1178;PROD_25;1;1
CORD_ORD_1178;PROD_26;1;1
CORD_ORD_1178;PROD_3;1;1
CORD_ORD_1178;PROD_31;1;1
CORD_ORD_1178;PROD_36;1;1
CORD_ORD_1178;PROD_37;1;1
CORD_ORD_1178;PROD_41;1;1
CORD_ORD_1178;PROD_42;1;1
CORD_ORD_1178;PROD_46;1;1
CORD_ORD_1178;PROD_48;1;1
CORD_ORD_1178;PROD_50;1;1
CORD_ORD_1178;PROD_6;1;1
CORD_ORD_1179;PROD_1;1;1
CORD_ORD_1179;PROD_10;1;1
CORD_ORD_1179;PROD_11;1;1
CORD_ORD_1179;PROD_13;1;1
CORD_ORD_1179;PROD_16;1;1
CORD_ORD_1179;PROD_20;1;1
CORD_ORD_1179;PROD_27;1;1
CORD_ORD_1179;PROD_29;1;1
CORD_ORD_1179;PROD_3;1;1
CORD_ORD_1179;PROD_35;1;1
CORD_ORD_1179;PROD_36;1;1
CORD_ORD_1179;PROD_38;1;1
CORD_ORD_1179;PROD_39;1;1
CORD_ORD_1179;PROD_8;1;1
CORD_ORD_1180;PROD_10;1;1
CORD_ORD_1180;PROD_11;1;1
CORD_ORD_1180;PROD_15;1;1
CORD_ORD_1180;PROD_16;1;1
CORD_ORD_1180;PROD_19;1;1
CORD_ORD_1180;PROD_27;1;1
CORD_ORD_1180;PROD_29;1;1
CORD_ORD_1180;PROD_33;1;1
CORD_ORD_1180;PROD_34;1;1
CORD_ORD_1180;PROD_44;1;1
CORD_ORD_1180;PROD_49;1;1
CORD_ORD_1180;PROD_8;1;1
CORD_ORD_1181;PROD_10;1;1
CORD_ORD_1181;PROD_13;1;1
CORD_ORD_1181;PROD_14;1;1
CORD_ORD_1181;PROD_15;1;1
CORD_ORD_1181;PROD_16;1;1
CORD_ORD_1181;PROD_17;1;1
CORD_ORD_1181;PROD_18;1;1
CORD_ORD_1181;PROD_19;1;1
CORD_ORD_1181;PROD_2;1;1
CORD_ORD_1181;PROD_24;1;1
CORD_ORD_1181;PROD_26;1;1
CORD_ORD_1181;PROD_28;1;1
CORD_ORD_1181;PROD_31;1;1
CORD_ORD_1181;PROD_33;1;1
CORD_ORD_1181;PROD_34;1;1
CORD_ORD_1181;PROD_37;1;1
CORD_ORD_1181;PROD_38;1;1
CORD_ORD_1181;PROD_41;1;1
CORD_ORD_1181;PROD_42;1;1
CORD_ORD_1181;PROD_44;1;1
CORD_ORD_1181;PROD_46;1;1
CORD_ORD_1181;PROD_48;1;1
CORD_ORD_1181;PROD_49;1;1
CORD_ORD_1181;PROD_5;1;1
CORD_ORD_1181;PROD_6;1;1
CORD_ORD_1181;PROD_7;1;1
CORD_ORD_1181;PROD_8;1;1
CORD_ORD_1181;PROD_9;1;1
CORD_ORD_1182;PROD_1;1;1
CORD_ORD_1182;PROD_12;1;1
CORD_ORD_1182;PROD_13;1;1
CORD_ORD_1182;PROD_15;1;1
CORD_ORD_1182;PROD_20;1;1
CORD_ORD_1182;PROD_21;1;1
CORD_ORD_1182;PROD_24;1;1
CORD_ORD_1182;PROD_26;1;1
CORD_ORD_1182;PROD_3;1;1
CORD_ORD_1182;PROD_34;1;1
CORD_ORD_1182;PROD_35;1;1
CORD_ORD_1182;PROD_36;1;1
CORD_ORD_1182;PROD_37;1;1
CORD_ORD_1182;PROD_38;1;1
CORD_ORD_1182;PROD_39;1;1
CORD_ORD_1182;PROD_4;1;1
CORD_ORD_1182;PROD_42;1;1
CORD_ORD_1182;PROD_46;1;1
CORD_ORD_1182;PROD_49;1;1
CORD_ORD_1182;PROD_5;1;1
CORD_ORD_1182;PROD_6;1;1
CORD_ORD_1182;PROD_7;1;1
CORD_ORD_1183;PROD_11;1;1
CORD_ORD_1183;PROD_14;1;1
CORD_ORD_1183;PROD_15;1;1
CORD_ORD_1183;PROD_18;1;1
CORD_ORD_1183;PROD_2;1;1
CORD_ORD_1183;PROD_23;1;1
CORD_ORD_1183;PROD_26;1;1
CORD_ORD_1183;PROD_27;1;1
CORD_ORD_1183;PROD_28;1;1
CORD_ORD_1183;PROD_29;1;1
CORD_ORD_1183;PROD_32;1;1
CORD_ORD_1183;PROD_34;1;1
CORD_ORD_1183;PROD_41;1;1
CORD_ORD_1183;PROD_43;1;1
CORD_ORD_1183;PROD_45;1;1
CORD_ORD_1183;PROD_46;1;1
CORD_ORD_1183;PROD_47;1;1
CORD_ORD_1183;PROD_49;1;1
CORD_ORD_1183;PROD_6;1;1
CORD_ORD_1183;PROD_9;1;1
CORD_ORD_1184;PROD_10;1;1
CORD_ORD_1184;PROD_12;1;1
CORD_ORD_1184;PROD_13;1;1
CORD_ORD_1184;PROD_14;1;1
CORD_ORD_1184;PROD_16;1;1
CORD_ORD_1184;PROD_19;1;1
CORD_ORD_1184;PROD_20;1;1
CORD_ORD_1184;PROD_21;1;1
CORD_ORD_1184;PROD_23;1;1
CORD_ORD_1184;PROD_24;1;1
CORD_ORD_1184;PROD_28;1;1
CORD_ORD_1184;PROD_30;1;1
CORD_ORD_1184;PROD_33;1;1
CORD_ORD_1184;PROD_35;1;1
CORD_ORD_1184;PROD_37;1;1
CORD_ORD_1184;PROD_38;1;1
CORD_ORD_1184;PROD_39;1;1
CORD_ORD_1184;PROD_4;1;1
CORD_ORD_1184;PROD_40;1;1
CORD_ORD_1184;PROD_42;1;1
CORD_ORD_1184;PROD_44;1;1
CORD_ORD_1184;PROD_45;1;1
CORD_ORD_1184;PROD_8;1;1
CORD_ORD_1184;PROD_9;1;1
CORD_ORD_1185;PROD_10;1;1
CORD_ORD_1185;PROD_14;1;1
CORD_ORD_1185;PROD_16;1;1
CORD_ORD_1185;PROD_28;1;1
CORD_ORD_1185;PROD_32;1;1
CORD_ORD_1185;PROD_43;1;1
CORD_ORD_1185;PROD_47;1;1
CORD_ORD_1185;PROD_5;1;1
CORD_ORD_1185;PROD_7;1;1
CORD_ORD_1185;PROD_8;1;1
CORD_ORD_1185;PROD_9;1;1
CORD_ORD_1186;PROD_10;1;1
CORD_ORD_1186;PROD_12;1;1
CORD_ORD_1186;PROD_16;1;1
CORD_ORD_1186;PROD_17;1;1
CORD_ORD_1186;PROD_19;1;1
CORD_ORD_1186;PROD_21;1;1
CORD_ORD_1186;PROD_31;1;1
CORD_ORD_1186;PROD_33;1;1
CORD_ORD_1186;PROD_4;1;1
CORD_ORD_1186;PROD_44;1;1
CORD_ORD_1186;PROD_48;1;1
CORD_ORD_1186;PROD_8;1;1
CORD_ORD_1187;PROD_12;1;1
CORD_ORD_1187;PROD_15;1;1
CORD_ORD_1187;PROD_18;1;1
CORD_ORD_1187;PROD_2;1;1
CORD_ORD_1187;PROD_21;1;1
CORD_ORD_1187;PROD_22;1;1
CORD_ORD_1187;PROD_25;1;1
CORD_ORD_1187;PROD_32;1;1
CORD_ORD_1187;PROD_34;1;1
CORD_ORD_1187;PROD_4;1;1
CORD_ORD_1187;PROD_41;1;1
CORD_ORD_1187;PROD_43;1;1
CORD_ORD_1187;PROD_47;1;1
CORD_ORD_1187;PROD_49;1;1
CORD_ORD_1187;PROD_50;1;1
CORD_ORD_1188;PROD_1;1;1
CORD_ORD_1188;PROD_10;1;1
CORD_ORD_1188;PROD_16;1;1
CORD_ORD_1188;PROD_22;1;1
CORD_ORD_1188;PROD_25;1;1
CORD_ORD_1188;PROD_3;1;1
CORD_ORD_1188;PROD_36;1;1
CORD_ORD_1188;PROD_50;1;1
CORD_ORD_1188;PROD_8;1;1
CORD_ORD_1189;PROD_10;1;1
CORD_ORD_1189;PROD_11;1;1
CORD_ORD_1189;PROD_12;1;1
CORD_ORD_1189;PROD_13;1;1
CORD_ORD_1189;PROD_16;1;1
CORD_ORD_1189;PROD_17;1;1
CORD_ORD_1189;PROD_21;1;1
CORD_ORD_1189;PROD_27;1;1
CORD_ORD_1189;PROD_29;1;1
CORD_ORD_1189;PROD_31;1;1
CORD_ORD_1189;PROD_38;1;1
CORD_ORD_1189;PROD_4;1;1
CORD_ORD_1189;PROD_48;1;1
CORD_ORD_1189;PROD_8;1;1
CORD_ORD_1190;PROD_10;1;1
CORD_ORD_1190;PROD_13;1;1
CORD_ORD_1190;PROD_15;1;1
CORD_ORD_1190;PROD_16;1;1
CORD_ORD_1190;PROD_18;1;1
CORD_ORD_1190;PROD_2;1;1
CORD_ORD_1190;PROD_20;1;1
CORD_ORD_1190;PROD_23;1;1
CORD_ORD_1190;PROD_26;1;1
CORD_ORD_1190;PROD_32;1;1
CORD_ORD_1190;PROD_34;1;1
CORD_ORD_1190;PROD_35;1;1
CORD_ORD_1190;PROD_38;1;1
CORD_ORD_1190;PROD_39;1;1
CORD_ORD_1190;PROD_41;1;1
CORD_ORD_1190;PROD_43;1;1
CORD_ORD_1190;PROD_45;1;1
CORD_ORD_1190;PROD_46;1;1
CORD_ORD_1190;PROD_47;1;1
CORD_ORD_1190;PROD_49;1;1
CORD_ORD_1190;PROD_5;1;1
CORD_ORD_1190;PROD_6;1;1
CORD_ORD_1190;PROD_7;1;1
CORD_ORD_1190;PROD_8;1;1
CORD_ORD_1191;PROD_11;1;1
CORD_ORD_1191;PROD_14;1;1
CORD_ORD_1191;PROD_15;1;1
CORD_ORD_1191;PROD_19;1;1
CORD_ORD_1191;PROD_20;1;1
CORD_ORD_1191;PROD_26;1;1
CORD_ORD_1191;PROD_27;1;1
CORD_ORD_1191;PROD_28;1;1
CORD_ORD_1191;PROD_29;1;1
CORD_ORD_1191;PROD_33;1;1
CORD_ORD_1191;PROD_34;1;1
CORD_ORD_1191;PROD_35;1;1
CORD_ORD_1191;PROD_39;1;1
CORD_ORD_1191;PROD_44;1;1
CORD_ORD_1191;PROD_46;1;1
CORD_ORD_1191;PROD_49;1;1
CORD_ORD_1191;PROD_6;1;1
CORD_ORD_1191;PROD_9;1;1
CORD_ORD_1192;PROD_1;1;1
CORD_ORD_1192;PROD_10;1;1
CORD_ORD_1192;PROD_16;1;1
CORD_ORD_1192;PROD_22;1;1
CORD_ORD_1192;PROD_25;1;1
CORD_ORD_1192;PROD_26;1;1
CORD_ORD_1192;PROD_3;1;1
CORD_ORD_1192;PROD_36;1;1
CORD_ORD_1192;PROD_46;1;1
CORD_ORD_1192;PROD_50;1;1
CORD_ORD_1192;PROD_6;1;1
CORD_ORD_1192;PROD_8;1;1
CORD_ORD_1193;PROD_13;1;1
CORD_ORD_1193;PROD_14;1;1
CORD_ORD_1193;PROD_20;1;1
CORD_ORD_1193;PROD_22;1;1
CORD_ORD_1193;PROD_25;1;1
CORD_ORD_1193;PROD_28;1;1
CORD_ORD_1193;PROD_35;1;1
CORD_ORD_1193;PROD_38;1;1
CORD_ORD_1193;PROD_39;1;1
CORD_ORD_1193;PROD_50;1;1
CORD_ORD_1193;PROD_9;1;1
CORD_ORD_1194;PROD_1;1;1
CORD_ORD_1194;PROD_11;1;1
CORD_ORD_1194;PROD_12;1;1
CORD_ORD_1194;PROD_17;1;1
CORD_ORD_1194;PROD_20;1;1
CORD_ORD_1194;PROD_21;1;1
CORD_ORD_1194;PROD_22;1;1
CORD_ORD_1194;PROD_25;1;1
CORD_ORD_1194;PROD_26;1;1
CORD_ORD_1194;PROD_27;1;1
CORD_ORD_1194;PROD_29;1;1
CORD_ORD_1194;PROD_3;1;1
CORD_ORD_1194;PROD_30;1;1
CORD_ORD_1194;PROD_31;1;1
CORD_ORD_1194;PROD_32;1;1
CORD_ORD_1194;PROD_35;1;1
CORD_ORD_1194;PROD_36;1;1
CORD_ORD_1194;PROD_39;1;1
CORD_ORD_1194;PROD_4;1;1
CORD_ORD_1194;PROD_40;1;1
CORD_ORD_1194;PROD_43;1;1
CORD_ORD_1194;PROD_46;1;1
CORD_ORD_1194;PROD_47;1;1
CORD_ORD_1194;PROD_48;1;1
CORD_ORD_1194;PROD_50;1;1
CORD_ORD_1194;PROD_6;1;1
CORD_ORD_1195;PROD_1;1;1
CORD_ORD_1195;PROD_10;1;1
CORD_ORD_1195;PROD_11;1;1
CORD_ORD_1195;PROD_16;1;1
CORD_ORD_1195;PROD_19;1;1
CORD_ORD_1195;PROD_22;1;1
CORD_ORD_1195;PROD_23;1;1
CORD_ORD_1195;PROD_25;1;1
CORD_ORD_1195;PROD_26;1;1
CORD_ORD_1195;PROD_27;1;1
CORD_ORD_1195;PROD_29;1;1
CORD_ORD_1195;PROD_3;1;1
CORD_ORD_1195;PROD_33;1;1
CORD_ORD_1195;PROD_36;1;1
CORD_ORD_1195;PROD_44;1;1
CORD_ORD_1195;PROD_45;1;1
CORD_ORD_1195;PROD_46;1;1
CORD_ORD_1195;PROD_50;1;1
CORD_ORD_1195;PROD_6;1;1
CORD_ORD_1195;PROD_8;1;1
CORD_ORD_1196;PROD_10;1;1
CORD_ORD_1196;PROD_13;1;1
CORD_ORD_1196;PROD_15;1;1
CORD_ORD_1196;PROD_16;1;1
CORD_ORD_1196;PROD_17;1;1
CORD_ORD_1196;PROD_31;1;1
CORD_ORD_1196;PROD_34;1;1
CORD_ORD_1196;PROD_38;1;1
CORD_ORD_1196;PROD_48;1;1
CORD_ORD_1196;PROD_49;1;1
CORD_ORD_1196;PROD_8;1;1
CORD_ORD_1197;PROD_11;1;1
CORD_ORD_1197;PROD_12;1;1
CORD_ORD_1197;PROD_13;1;1
CORD_ORD_1197;PROD_14;1;1
CORD_ORD_1197;PROD_15;1;1
CORD_ORD_1197;PROD_19;1;1
CORD_ORD_1197;PROD_20;1;1
CORD_ORD_1197;PROD_21;1;1
CORD_ORD_1197;PROD_22;1;1
CORD_ORD_1197;PROD_23;1;1
CORD_ORD_1197;PROD_24;1;1
CORD_ORD_1197;PROD_25;1;1
CORD_ORD_1197;PROD_27;1;1
CORD_ORD_1197;PROD_28;1;1
CORD_ORD_1197;PROD_29;1;1
CORD_ORD_1197;PROD_32;1;1
CORD_ORD_1197;PROD_33;1;1
CORD_ORD_1197;PROD_34;1;1
CORD_ORD_1197;PROD_35;1;1
CORD_ORD_1197;PROD_37;1;1
CORD_ORD_1197;PROD_38;1;1
CORD_ORD_1197;PROD_39;1;1
CORD_ORD_1197;PROD_4;1;1
CORD_ORD_1197;PROD_42;1;1
CORD_ORD_1197;PROD_43;1;1
CORD_ORD_1197;PROD_44;1;1
CORD_ORD_1197;PROD_45;1;1
CORD_ORD_1197;PROD_47;1;1
CORD_ORD_1197;PROD_49;1;1
CORD_ORD_1197;PROD_50;1;1
CORD_ORD_1197;PROD_9;1;1
CORD_ORD_1198;PROD_12;1;1
CORD_ORD_1198;PROD_15;1;1
CORD_ORD_1198;PROD_18;1;1
CORD_ORD_1198;PROD_2;1;1
CORD_ORD_1198;PROD_21;1;1
CORD_ORD_1198;PROD_22;1;1
CORD_ORD_1198;PROD_23;1;1
CORD_ORD_1198;PROD_25;1;1
CORD_ORD_1198;PROD_26;1;1
CORD_ORD_1198;PROD_32;1;1
CORD_ORD_1198;PROD_34;1;1
CORD_ORD_1198;PROD_4;1;1
CORD_ORD_1198;PROD_41;1;1
CORD_ORD_1198;PROD_43;1;1
CORD_ORD_1198;PROD_45;1;1
CORD_ORD_1198;PROD_46;1;1
CORD_ORD_1198;PROD_47;1;1
CORD_ORD_1198;PROD_49;1;1
CORD_ORD_1198;PROD_50;1;1
CORD_ORD_1198;PROD_6;1;1
CORD_ORD_1199;PROD_14;1;1
CORD_ORD_1199;PROD_17;1;1
CORD_ORD_1199;PROD_19;1;1
CORD_ORD_1199;PROD_20;1;1
CORD_ORD_1199;PROD_22;1;1
CORD_ORD_1199;PROD_24;1;1
CORD_ORD_1199;PROD_25;1;1
CORD_ORD_1199;PROD_28;1;1
CORD_ORD_1199;PROD_30;1;1
CORD_ORD_1199;PROD_31;1;1
CORD_ORD_1199;PROD_33;1;1
CORD_ORD_1199;PROD_35;1;1
CORD_ORD_1199;PROD_37;1;1
CORD_ORD_1199;PROD_39;1;1
CORD_ORD_1199;PROD_40;1;1
CORD_ORD_1199;PROD_42;1;1
CORD_ORD_1199;PROD_44;1;1
CORD_ORD_1199;PROD_48;1;1
CORD_ORD_1199;PROD_50;1;1
CORD_ORD_1199;PROD_9;1;1
CORD_ORD_1200;PROD_1;1;1
CORD_ORD_1200;PROD_10;1;1
CORD_ORD_1200;PROD_14;1;1
CORD_ORD_1200;PROD_16;1;1
CORD_ORD_1200;PROD_18;1;1
CORD_ORD_1200;PROD_2;1;1
CORD_ORD_1200;PROD_20;1;1
CORD_ORD_1200;PROD_28;1;1
CORD_ORD_1200;PROD_3;1;1
CORD_ORD_1200;PROD_35;1;1
CORD_ORD_1200;PROD_36;1;1
CORD_ORD_1200;PROD_39;1;1
CORD_ORD_1200;PROD_41;1;1
CORD_ORD_1200;PROD_8;1;1
CORD_ORD_1200;PROD_9;1;1
CORD_ORD_1201;PROD_1;1;1
CORD_ORD_1201;PROD_10;1;1
CORD_ORD_1201;PROD_11;1;1
CORD_ORD_1201;PROD_12;1;1
CORD_ORD_1201;PROD_15;1;1
CORD_ORD_1201;PROD_16;1;1
CORD_ORD_1201;PROD_18;1;1
CORD_ORD_1201;PROD_19;1;1
CORD_ORD_1201;PROD_2;1;1
CORD_ORD_1201;PROD_21;1;1
CORD_ORD_1201;PROD_22;1;1
CORD_ORD_1201;PROD_23;1;1
CORD_ORD_1201;PROD_24;1;1
CORD_ORD_1201;PROD_25;1;1
CORD_ORD_1201;PROD_27;1;1
CORD_ORD_1201;PROD_29;1;1
CORD_ORD_1201;PROD_3;1;1
CORD_ORD_1201;PROD_30;1;1
CORD_ORD_1201;PROD_33;1;1
CORD_ORD_1201;PROD_34;1;1
CORD_ORD_1201;PROD_36;1;1
CORD_ORD_1201;PROD_37;1;1
CORD_ORD_1201;PROD_4;1;1
CORD_ORD_1201;PROD_40;1;1
CORD_ORD_1201;PROD_41;1;1
CORD_ORD_1201;PROD_42;1;1
CORD_ORD_1201;PROD_44;1;1
CORD_ORD_1201;PROD_45;1;1
CORD_ORD_1201;PROD_49;1;1
CORD_ORD_1201;PROD_5;1;1
CORD_ORD_1201;PROD_50;1;1
CORD_ORD_1201;PROD_7;1;1
CORD_ORD_1201;PROD_8;1;1
CORD_ORD_1202;PROD_1;1;1
CORD_ORD_1202;PROD_10;1;1
CORD_ORD_1202;PROD_16;1;1
CORD_ORD_1202;PROD_19;1;1
CORD_ORD_1202;PROD_24;1;1
CORD_ORD_1202;PROD_26;1;1
CORD_ORD_1202;PROD_3;1;1
CORD_ORD_1202;PROD_33;1;1
CORD_ORD_1202;PROD_36;1;1
CORD_ORD_1202;PROD_37;1;1
CORD_ORD_1202;PROD_42;1;1
CORD_ORD_1202;PROD_44;1;1
CORD_ORD_1202;PROD_46;1;1
CORD_ORD_1202;PROD_6;1;1
CORD_ORD_1202;PROD_8;1;1
CORD_ORD_1203;PROD_1;1;1
CORD_ORD_1203;PROD_10;1;1
CORD_ORD_1203;PROD_16;1;1
CORD_ORD_1203;PROD_23;1;1
CORD_ORD_1203;PROD_26;1;1
CORD_ORD_1203;PROD_3;1;1
CORD_ORD_1203;PROD_36;1;1
CORD_ORD_1203;PROD_45;1;1
CORD_ORD_1203;PROD_46;1;1
CORD_ORD_1203;PROD_5;1;1
CORD_ORD_1203;PROD_6;1;1
CORD_ORD_1203;PROD_7;1;1
CORD_ORD_1203;PROD_8;1;1
CORD_ORD_1204;PROD_1;1;1
CORD_ORD_1204;PROD_10;1;1
CORD_ORD_1204;PROD_11;1;1
CORD_ORD_1204;PROD_12;1;1
CORD_ORD_1204;PROD_13;1;1
CORD_ORD_1204;PROD_15;1;1
CORD_ORD_1204;PROD_16;1;1
CORD_ORD_1204;PROD_19;1;1
CORD_ORD_1204;PROD_20;1;1
CORD_ORD_1204;PROD_21;1;1
CORD_ORD_1204;PROD_23;1;1
CORD_ORD_1204;PROD_24;1;1
CORD_ORD_1204;PROD_27;1;1
CORD_ORD_1204;PROD_29;1;1
CORD_ORD_1204;PROD_3;1;1
CORD_ORD_1204;PROD_32;1;1
CORD_ORD_1204;PROD_33;1;1
CORD_ORD_1204;PROD_34;1;1
CORD_ORD_1204;PROD_35;1;1
CORD_ORD_1204;PROD_36;1;1
CORD_ORD_1204;PROD_37;1;1
CORD_ORD_1204;PROD_38;1;1
CORD_ORD_1204;PROD_39;1;1
CORD_ORD_1204;PROD_4;1;1
CORD_ORD_1204;PROD_42;1;1
CORD_ORD_1204;PROD_43;1;1
CORD_ORD_1204;PROD_44;1;1
CORD_ORD_1204;PROD_45;1;1
CORD_ORD_1204;PROD_47;1;1
CORD_ORD_1204;PROD_49;1;1
CORD_ORD_1204;PROD_8;1;1
CORD_ORD_1205;PROD_1;1;1
CORD_ORD_1205;PROD_11;1;1
CORD_ORD_1205;PROD_14;1;1
CORD_ORD_1205;PROD_18;1;1
CORD_ORD_1205;PROD_2;1;1
CORD_ORD_1205;PROD_20;1;1
CORD_ORD_1205;PROD_22;1;1
CORD_ORD_1205;PROD_24;1;1
CORD_ORD_1205;PROD_25;1;1
CORD_ORD_1205;PROD_26;1;1
CORD_ORD_1205;PROD_27;1;1
CORD_ORD_1205;PROD_28;1;1
CORD_ORD_1205;PROD_29;1;1
CORD_ORD_1205;PROD_3;1;1
CORD_ORD_1205;PROD_32;1;1
CORD_ORD_1205;PROD_35;1;1
CORD_ORD_1205;PROD_36;1;1
CORD_ORD_1205;PROD_37;1;1
CORD_ORD_1205;PROD_39;1;1
CORD_ORD_1205;PROD_41;1;1
CORD_ORD_1205;PROD_42;1;1
CORD_ORD_1205;PROD_43;1;1
CORD_ORD_1205;PROD_46;1;1
CORD_ORD_1205;PROD_47;1;1
CORD_ORD_1205;PROD_50;1;1
CORD_ORD_1205;PROD_6;1;1
CORD_ORD_1205;PROD_9;1;1
CORD_ORD_1206;PROD_10;1;1
CORD_ORD_1206;PROD_11;1;1
CORD_ORD_1206;PROD_12;1;1
CORD_ORD_1206;PROD_13;1;1
CORD_ORD_1206;PROD_15;1;1
CORD_ORD_1206;PROD_16;1;1
CORD_ORD_1206;PROD_18;1;1
CORD_ORD_1206;PROD_2;1;1
CORD_ORD_1206;PROD_21;1;1
CORD_ORD_1206;PROD_27;1;1
CORD_ORD_1206;PROD_29;1;1
CORD_ORD_1206;PROD_34;1;1
CORD_ORD_1206;PROD_38;1;1
CORD_ORD_1206;PROD_4;1;1
CORD_ORD_1206;PROD_41;1;1
CORD_ORD_1206;PROD_49;1;1
CORD_ORD_1206;PROD_8;1;1
CORD_ORD_1207;PROD_1;1;1
CORD_ORD_1207;PROD_11;1;1
CORD_ORD_1207;PROD_24;1;1
CORD_ORD_1207;PROD_26;1;1
CORD_ORD_1207;PROD_27;1;1
CORD_ORD_1207;PROD_29;1;1
CORD_ORD_1207;PROD_3;1;1
CORD_ORD_1207;PROD_32;1;1
CORD_ORD_1207;PROD_36;1;1
CORD_ORD_1207;PROD_37;1;1
CORD_ORD_1207;PROD_42;1;1
CORD_ORD_1207;PROD_43;1;1
CORD_ORD_1207;PROD_46;1;1
CORD_ORD_1207;PROD_47;1;1
CORD_ORD_1207;PROD_6;1;1
CORD_ORD_1208;PROD_10;1;1
CORD_ORD_1208;PROD_16;1;1
CORD_ORD_1208;PROD_17;1;1
CORD_ORD_1208;PROD_31;1;1
CORD_ORD_1208;PROD_48;1;1
CORD_ORD_1208;PROD_8;1;1
CORD_ORD_1209;PROD_10;1;1
CORD_ORD_1209;PROD_13;1;1
CORD_ORD_1209;PROD_14;1;1
CORD_ORD_1209;PROD_15;1;1
CORD_ORD_1209;PROD_16;1;1
CORD_ORD_1209;PROD_18;1;1
CORD_ORD_1209;PROD_2;1;1
CORD_ORD_1209;PROD_20;1;1
CORD_ORD_1209;PROD_24;1;1
CORD_ORD_1209;PROD_28;1;1
CORD_ORD_1209;PROD_34;1;1
CORD_ORD_1209;PROD_35;1;1
CORD_ORD_1209;PROD_37;1;1
CORD_ORD_1209;PROD_38;1;1
CORD_ORD_1209;PROD_39;1;1
CORD_ORD_1209;PROD_41;1;1
CORD_ORD_1209;PROD_42;1;1
CORD_ORD_1209;PROD_49;1;1
CORD_ORD_1209;PROD_8;1;1
CORD_ORD_1209;PROD_9;1;1
CORD_ORD_1210;PROD_1;1;1
CORD_ORD_1210;PROD_10;1;1
CORD_ORD_1210;PROD_11;1;1
CORD_ORD_1210;PROD_13;1;1
CORD_ORD_1210;PROD_16;1;1
CORD_ORD_1210;PROD_18;1;1
CORD_ORD_1210;PROD_2;1;1
CORD_ORD_1210;PROD_24;1;1
CORD_ORD_1210;PROD_26;1;1
CORD_ORD_1210;PROD_27;1;1
CORD_ORD_1210;PROD_29;1;1
CORD_ORD_1210;PROD_3;1;1
CORD_ORD_1210;PROD_36;1;1
CORD_ORD_1210;PROD_37;1;1
CORD_ORD_1210;PROD_38;1;1
CORD_ORD_1210;PROD_41;1;1
CORD_ORD_1210;PROD_42;1;1
CORD_ORD_1210;PROD_46;1;1
CORD_ORD_1210;PROD_5;1;1
CORD_ORD_1210;PROD_6;1;1
CORD_ORD_1210;PROD_7;1;1
CORD_ORD_1210;PROD_8;1;1
CORD_ORD_1211;PROD_12;1;1
CORD_ORD_1211;PROD_14;1;1
CORD_ORD_1211;PROD_17;1;1
CORD_ORD_1211;PROD_19;1;1
CORD_ORD_1211;PROD_21;1;1
CORD_ORD_1211;PROD_22;1;1
CORD_ORD_1211;PROD_24;1;1
CORD_ORD_1211;PROD_25;1;1
CORD_ORD_1211;PROD_28;1;1
CORD_ORD_1211;PROD_30;1;1
CORD_ORD_1211;PROD_31;1;1
CORD_ORD_1211;PROD_32;1;1
CORD_ORD_1211;PROD_33;1;1
CORD_ORD_1211;PROD_37;1;1
CORD_ORD_1211;PROD_4;1;1
CORD_ORD_1211;PROD_40;1;1
CORD_ORD_1211;PROD_42;1;1
CORD_ORD_1211;PROD_43;1;1
CORD_ORD_1211;PROD_44;1;1
CORD_ORD_1211;PROD_47;1;1
CORD_ORD_1211;PROD_48;1;1
CORD_ORD_1211;PROD_5;1;1
CORD_ORD_1211;PROD_50;1;1
CORD_ORD_1211;PROD_7;1;1
CORD_ORD_1211;PROD_9;1;1
CORD_ORD_1212;PROD_1;1;1
CORD_ORD_1212;PROD_14;1;1
CORD_ORD_1212;PROD_17;1;1
CORD_ORD_1212;PROD_18;1;1
CORD_ORD_1212;PROD_2;1;1
CORD_ORD_1212;PROD_22;1;1
CORD_ORD_1212;PROD_25;1;1
CORD_ORD_1212;PROD_28;1;1
CORD_ORD_1212;PROD_3;1;1
CORD_ORD_1212;PROD_30;1;1
CORD_ORD_1212;PROD_31;1;1
CORD_ORD_1212;PROD_36;1;1
CORD_ORD_1212;PROD_40;1;1
CORD_ORD_1212;PROD_41;1;1
CORD_ORD_1212;PROD_48;1;1
CORD_ORD_1212;PROD_5;1;1
CORD_ORD_1212;PROD_50;1;1
CORD_ORD_1212;PROD_7;1;1
CORD_ORD_1212;PROD_9;1;1
CORD_ORD_1213;PROD_1;1;1
CORD_ORD_1213;PROD_10;1;1
CORD_ORD_1213;PROD_13;1;1
CORD_ORD_1213;PROD_14;1;1
CORD_ORD_1213;PROD_16;1;1
CORD_ORD_1213;PROD_17;1;1
CORD_ORD_1213;PROD_18;1;1
CORD_ORD_1213;PROD_19;1;1
CORD_ORD_1213;PROD_2;1;1
CORD_ORD_1213;PROD_20;1;1
CORD_ORD_1213;PROD_26;1;1
CORD_ORD_1213;PROD_28;1;1
CORD_ORD_1213;PROD_3;1;1
CORD_ORD_1213;PROD_31;1;1
CORD_ORD_1213;PROD_32;1;1
CORD_ORD_1213;PROD_33;1;1
CORD_ORD_1213;PROD_35;1;1
CORD_ORD_1213;PROD_36;1;1
CORD_ORD_1213;PROD_38;1;1
CORD_ORD_1213;PROD_39;1;1
CORD_ORD_1213;PROD_41;1;1
CORD_ORD_1213;PROD_43;1;1
CORD_ORD_1213;PROD_44;1;1
CORD_ORD_1213;PROD_46;1;1
CORD_ORD_1213;PROD_47;1;1
CORD_ORD_1213;PROD_48;1;1
CORD_ORD_1213;PROD_6;1;1
CORD_ORD_1213;PROD_8;1;1
CORD_ORD_1213;PROD_9;1;1
CORD_ORD_1214;PROD_1;1;1
CORD_ORD_1214;PROD_10;1;1
CORD_ORD_1214;PROD_13;1;1
CORD_ORD_1214;PROD_14;1;1
CORD_ORD_1214;PROD_16;1;1
CORD_ORD_1214;PROD_17;1;1
CORD_ORD_1214;PROD_18;1;1
CORD_ORD_1214;PROD_2;1;1
CORD_ORD_1214;PROD_20;1;1
CORD_ORD_1214;PROD_26;1;1
CORD_ORD_1214;PROD_28;1;1
CORD_ORD_1214;PROD_3;1;1
CORD_ORD_1214;PROD_31;1;1
CORD_ORD_1214;PROD_35;1;1
CORD_ORD_1214;PROD_36;1;1
CORD_ORD_1214;PROD_38;1;1
CORD_ORD_1214;PROD_39;1;1
CORD_ORD_1214;PROD_41;1;1
CORD_ORD_1214;PROD_46;1;1
CORD_ORD_1214;PROD_48;1;1
CORD_ORD_1214;PROD_6;1;1
CORD_ORD_1214;PROD_8;1;1
CORD_ORD_1214;PROD_9;1;1
CORD_ORD_1215;PROD_1;1;1
CORD_ORD_1215;PROD_10;1;1
CORD_ORD_1215;PROD_15;1;1
CORD_ORD_1215;PROD_16;1;1
CORD_ORD_1215;PROD_17;1;1
CORD_ORD_1215;PROD_19;1;1
CORD_ORD_1215;PROD_20;1;1
CORD_ORD_1215;PROD_22;1;1
CORD_ORD_1215;PROD_23;1;1
CORD_ORD_1215;PROD_24;1;1
CORD_ORD_1215;PROD_25;1;1
CORD_ORD_1215;PROD_3;1;1
CORD_ORD_1215;PROD_30;1;1
CORD_ORD_1215;PROD_31;1;1
CORD_ORD_1215;PROD_33;1;1
CORD_ORD_1215;PROD_34;1;1
CORD_ORD_1215;PROD_35;1;1
CORD_ORD_1215;PROD_36;1;1
CORD_ORD_1215;PROD_37;1;1
CORD_ORD_1215;PROD_39;1;1
CORD_ORD_1215;PROD_40;1;1
CORD_ORD_1215;PROD_42;1;1
CORD_ORD_1215;PROD_44;1;1
CORD_ORD_1215;PROD_45;1;1
CORD_ORD_1215;PROD_48;1;1
CORD_ORD_1215;PROD_49;1;1
CORD_ORD_1215;PROD_50;1;1
CORD_ORD_1215;PROD_8;1;1
CORD_ORD_1216;PROD_10;1;1
CORD_ORD_1216;PROD_12;1;1
CORD_ORD_1216;PROD_14;1;1
CORD_ORD_1216;PROD_16;1;1
CORD_ORD_1216;PROD_17;1;1
CORD_ORD_1216;PROD_20;1;1
CORD_ORD_1216;PROD_21;1;1
CORD_ORD_1216;PROD_28;1;1
CORD_ORD_1216;PROD_30;1;1
CORD_ORD_1216;PROD_31;1;1
CORD_ORD_1216;PROD_35;1;1
CORD_ORD_1216;PROD_39;1;1
CORD_ORD_1216;PROD_4;1;1
CORD_ORD_1216;PROD_40;1;1
CORD_ORD_1216;PROD_48;1;1
CORD_ORD_1216;PROD_8;1;1
CORD_ORD_1216;PROD_9;1;1
CORD_ORD_1217;PROD_12;1;1
CORD_ORD_1217;PROD_18;1;1
CORD_ORD_1217;PROD_19;1;1
CORD_ORD_1217;PROD_2;1;1
CORD_ORD_1217;PROD_21;1;1
CORD_ORD_1217;PROD_32;1;1
CORD_ORD_1217;PROD_33;1;1
CORD_ORD_1217;PROD_4;1;1
CORD_ORD_1217;PROD_41;1;1
CORD_ORD_1217;PROD_43;1;1
CORD_ORD_1217;PROD_44;1;1
CORD_ORD_1217;PROD_47;1;1
CORD_ORD_1218;PROD_11;1;1
CORD_ORD_1218;PROD_12;1;1
CORD_ORD_1218;PROD_19;1;1
CORD_ORD_1218;PROD_21;1;1
CORD_ORD_1218;PROD_22;1;1
CORD_ORD_1218;PROD_25;1;1
CORD_ORD_1218;PROD_27;1;1
CORD_ORD_1218;PROD_29;1;1
CORD_ORD_1218;PROD_32;1;1
CORD_ORD_1218;PROD_33;1;1
CORD_ORD_1218;PROD_4;1;1
CORD_ORD_1218;PROD_43;1;1
CORD_ORD_1218;PROD_44;1;1
CORD_ORD_1218;PROD_47;1;1
CORD_ORD_1218;PROD_50;1;1
CORD_ORD_1219;PROD_11;1;1
CORD_ORD_1219;PROD_13;1;1
CORD_ORD_1219;PROD_14;1;1
CORD_ORD_1219;PROD_15;1;1
CORD_ORD_1219;PROD_17;1;1
CORD_ORD_1219;PROD_18;1;1
CORD_ORD_1219;PROD_2;1;1
CORD_ORD_1219;PROD_22;1;1
CORD_ORD_1219;PROD_23;1;1
CORD_ORD_1219;PROD_24;1;1
CORD_ORD_1219;PROD_25;1;1
CORD_ORD_1219;PROD_27;1;1
CORD_ORD_1219;PROD_28;1;1
CORD_ORD_1219;PROD_29;1;1
CORD_ORD_1219;PROD_30;1;1
CORD_ORD_1219;PROD_31;1;1
CORD_ORD_1219;PROD_32;1;1
CORD_ORD_1219;PROD_34;1;1
CORD_ORD_1219;PROD_37;1;1
CORD_ORD_1219;PROD_38;1;1
CORD_ORD_1219;PROD_40;1;1
CORD_ORD_1219;PROD_41;1;1
CORD_ORD_1219;PROD_42;1;1
CORD_ORD_1219;PROD_43;1;1
CORD_ORD_1219;PROD_45;1;1
CORD_ORD_1219;PROD_47;1;1
CORD_ORD_1219;PROD_48;1;1
CORD_ORD_1219;PROD_49;1;1
CORD_ORD_1219;PROD_50;1;1
CORD_ORD_1219;PROD_9;1;1
CORD_ORD_1220;PROD_10;1;1
CORD_ORD_1220;PROD_11;1;1
CORD_ORD_1220;PROD_12;1;1
CORD_ORD_1220;PROD_13;1;1
CORD_ORD_1220;PROD_16;1;1
CORD_ORD_1220;PROD_18;1;1
CORD_ORD_1220;PROD_2;1;1
CORD_ORD_1220;PROD_21;1;1
CORD_ORD_1220;PROD_27;1;1
CORD_ORD_1220;PROD_29;1;1
CORD_ORD_1220;PROD_38;1;1
CORD_ORD_1220;PROD_4;1;1
CORD_ORD_1220;PROD_41;1;1
CORD_ORD_1220;PROD_8;1;1
CORD_ORD_1221;PROD_1;1;1
CORD_ORD_1221;PROD_18;1;1
CORD_ORD_1221;PROD_2;1;1
CORD_ORD_1221;PROD_24;1;1
CORD_ORD_1221;PROD_26;1;1
CORD_ORD_1221;PROD_3;1;1
CORD_ORD_1221;PROD_36;1;1
CORD_ORD_1221;PROD_37;1;1
CORD_ORD_1221;PROD_41;1;1
CORD_ORD_1221;PROD_42;1;1
CORD_ORD_1221;PROD_46;1;1
CORD_ORD_1221;PROD_6;1;1
CORD_ORD_1222;PROD_1;1;1
CORD_ORD_1222;PROD_11;1;1
CORD_ORD_1222;PROD_15;1;1
CORD_ORD_1222;PROD_27;1;1
CORD_ORD_1222;PROD_29;1;1
CORD_ORD_1222;PROD_3;1;1
CORD_ORD_1222;PROD_32;1;1
CORD_ORD_1222;PROD_34;1;1
CORD_ORD_1222;PROD_36;1;1
CORD_ORD_1222;PROD_43;1;1
CORD_ORD_1222;PROD_47;1;1
CORD_ORD_1222;PROD_49;1;1
CORD_ORD_1222;PROD_5;1;1
CORD_ORD_1222;PROD_7;1;1
CORD_ORD_1223;PROD_1;1;1
CORD_ORD_1223;PROD_18;1;1
CORD_ORD_1223;PROD_2;1;1
CORD_ORD_1223;PROD_24;1;1
CORD_ORD_1223;PROD_26;1;1
CORD_ORD_1223;PROD_3;1;1
CORD_ORD_1223;PROD_30;1;1
CORD_ORD_1223;PROD_32;1;1
CORD_ORD_1223;PROD_36;1;1
CORD_ORD_1223;PROD_37;1;1
CORD_ORD_1223;PROD_40;1;1
CORD_ORD_1223;PROD_41;1;1
CORD_ORD_1223;PROD_42;1;1
CORD_ORD_1223;PROD_43;1;1
CORD_ORD_1223;PROD_46;1;1
CORD_ORD_1223;PROD_47;1;1
CORD_ORD_1223;PROD_6;1;1
CORD_ORD_1224;PROD_1;1;1
CORD_ORD_1224;PROD_11;1;1
CORD_ORD_1224;PROD_12;1;1
CORD_ORD_1224;PROD_13;1;1
CORD_ORD_1224;PROD_15;1;1
CORD_ORD_1224;PROD_18;1;1
CORD_ORD_1224;PROD_2;1;1
CORD_ORD_1224;PROD_21;1;1
CORD_ORD_1224;PROD_22;1;1
CORD_ORD_1224;PROD_24;1;1
CORD_ORD_1224;PROD_25;1;1
CORD_ORD_1224;PROD_27;1;1
CORD_ORD_1224;PROD_29;1;1
CORD_ORD_1224;PROD_3;1;1
CORD_ORD_1224;PROD_30;1;1
CORD_ORD_1224;PROD_34;1;1
CORD_ORD_1224;PROD_36;1;1
CORD_ORD_1224;PROD_37;1;1
CORD_ORD_1224;PROD_38;1;1
CORD_ORD_1224;PROD_4;1;1
CORD_ORD_1224;PROD_40;1;1
CORD_ORD_1224;PROD_41;1;1
CORD_ORD_1224;PROD_42;1;1
CORD_ORD_1224;PROD_49;1;1
CORD_ORD_1224;PROD_50;1;1
CORD_ORD_1225;PROD_10;1;1
CORD_ORD_1225;PROD_12;1;1
CORD_ORD_1225;PROD_13;1;1
CORD_ORD_1225;PROD_16;1;1
CORD_ORD_1225;PROD_19;1;1
CORD_ORD_1225;PROD_21;1;1
CORD_ORD_1225;PROD_23;1;1
CORD_ORD_1225;PROD_33;1;1
CORD_ORD_1225;PROD_38;1;1
CORD_ORD_1225;PROD_4;1;1
CORD_ORD_1225;PROD_44;1;1
CORD_ORD_1225;PROD_45;1;1
CORD_ORD_1225;PROD_8;1;1
CORD_ORD_1226;PROD_1;1;1
CORD_ORD_1226;PROD_19;1;1
CORD_ORD_1226;PROD_26;1;1
CORD_ORD_1226;PROD_3;1;1
CORD_ORD_1226;PROD_33;1;1
CORD_ORD_1226;PROD_36;1;1
CORD_ORD_1226;PROD_44;1;1
CORD_ORD_1226;PROD_46;1;1
CORD_ORD_1226;PROD_5;1;1
CORD_ORD_1226;PROD_6;1;1
CORD_ORD_1226;PROD_7;1;1
CORD_ORD_1227;PROD_1;1;1
CORD_ORD_1227;PROD_11;1;1
CORD_ORD_1227;PROD_13;1;1
CORD_ORD_1227;PROD_14;1;1
CORD_ORD_1227;PROD_15;1;1
CORD_ORD_1227;PROD_17;1;1
CORD_ORD_1227;PROD_24;1;1
CORD_ORD_1227;PROD_27;1;1
CORD_ORD_1227;PROD_28;1;1
CORD_ORD_1227;PROD_29;1;1
CORD_ORD_1227;PROD_3;1;1
CORD_ORD_1227;PROD_31;1;1
CORD_ORD_1227;PROD_34;1;1
CORD_ORD_1227;PROD_36;1;1
CORD_ORD_1227;PROD_37;1;1
CORD_ORD_1227;PROD_38;1;1
CORD_ORD_1227;PROD_42;1;1
CORD_ORD_1227;PROD_48;1;1
CORD_ORD_1227;PROD_49;1;1
CORD_ORD_1227;PROD_9;1;1
CORD_ORD_1228;PROD_1;1;1
CORD_ORD_1228;PROD_11;1;1
CORD_ORD_1228;PROD_13;1;1
CORD_ORD_1228;PROD_14;1;1
CORD_ORD_1228;PROD_17;1;1
CORD_ORD_1228;PROD_20;1;1
CORD_ORD_1228;PROD_22;1;1
CORD_ORD_1228;PROD_23;1;1
CORD_ORD_1228;PROD_24;1;1
CORD_ORD_1228;PROD_25;1;1
CORD_ORD_1228;PROD_26;1;1
CORD_ORD_1228;PROD_27;1;1
CORD_ORD_1228;PROD_28;1;1
CORD_ORD_1228;PROD_29;1;1
CORD_ORD_1228;PROD_3;1;1
CORD_ORD_1228;PROD_31;1;1
CORD_ORD_1228;PROD_35;1;1
CORD_ORD_1228;PROD_36;1;1
CORD_ORD_1228;PROD_37;1;1
CORD_ORD_1228;PROD_38;1;1
CORD_ORD_1228;PROD_39;1;1
CORD_ORD_1228;PROD_42;1;1
CORD_ORD_1228;PROD_45;1;1
CORD_ORD_1228;PROD_46;1;1
CORD_ORD_1228;PROD_48;1;1
CORD_ORD_1228;PROD_50;1;1
CORD_ORD_1228;PROD_6;1;1
CORD_ORD_1228;PROD_9;1;1
CORD_ORD_1229;PROD_11;1;1
CORD_ORD_1229;PROD_12;1;1
CORD_ORD_1229;PROD_20;1;1
CORD_ORD_1229;PROD_21;1;1
CORD_ORD_1229;PROD_22;1;1
CORD_ORD_1229;PROD_23;1;1
CORD_ORD_1229;PROD_25;1;1
CORD_ORD_1229;PROD_26;1;1
CORD_ORD_1229;PROD_27;1;1
CORD_ORD_1229;PROD_29;1;1
CORD_ORD_1229;PROD_32;1;1
CORD_ORD_1229;PROD_35;1;1
CORD_ORD_1229;PROD_39;1;1
CORD_ORD_1229;PROD_4;1;1
CORD_ORD_1229;PROD_43;1;1
CORD_ORD_1229;PROD_45;1;1
CORD_ORD_1229;PROD_46;1;1
CORD_ORD_1229;PROD_47;1;1
CORD_ORD_1229;PROD_50;1;1
CORD_ORD_1229;PROD_6;1;1
CORD_ORD_1230;PROD_1;1;1
CORD_ORD_1230;PROD_10;1;1
CORD_ORD_1230;PROD_11;1;1
CORD_ORD_1230;PROD_15;1;1
CORD_ORD_1230;PROD_16;1;1
CORD_ORD_1230;PROD_17;1;1
CORD_ORD_1230;PROD_20;1;1
CORD_ORD_1230;PROD_27;1;1
CORD_ORD_1230;PROD_29;1;1
CORD_ORD_1230;PROD_3;1;1
CORD_ORD_1230;PROD_31;1;1
CORD_ORD_1230;PROD_32;1;1
CORD_ORD_1230;PROD_34;1;1
CORD_ORD_1230;PROD_35;1;1
CORD_ORD_1230;PROD_36;1;1
CORD_ORD_1230;PROD_39;1;1
CORD_ORD_1230;PROD_43;1;1
CORD_ORD_1230;PROD_47;1;1
CORD_ORD_1230;PROD_48;1;1
CORD_ORD_1230;PROD_49;1;1
CORD_ORD_1230;PROD_8;1;1
CORD_ORD_1231;PROD_11;1;1
CORD_ORD_1231;PROD_19;1;1
CORD_ORD_1231;PROD_24;1;1
CORD_ORD_1231;PROD_27;1;1
CORD_ORD_1231;PROD_29;1;1
CORD_ORD_1231;PROD_33;1;1
CORD_ORD_1231;PROD_37;1;1
CORD_ORD_1231;PROD_42;1;1
CORD_ORD_1231;PROD_44;1;1
CORD_ORD_1232;PROD_10;1;1
CORD_ORD_1232;PROD_12;1;1
CORD_ORD_1232;PROD_13;1;1
CORD_ORD_1232;PROD_15;1;1
CORD_ORD_1232;PROD_16;1;1
CORD_ORD_1232;PROD_18;1;1
CORD_ORD_1232;PROD_2;1;1
CORD_ORD_1232;PROD_21;1;1
CORD_ORD_1232;PROD_26;1;1
CORD_ORD_1232;PROD_34;1;1
CORD_ORD_1232;PROD_38;1;1
CORD_ORD_1232;PROD_4;1;1
CORD_ORD_1232;PROD_41;1;1
CORD_ORD_1232;PROD_46;1;1
CORD_ORD_1232;PROD_49;1;1
CORD_ORD_1232;PROD_6;1;1
CORD_ORD_1232;PROD_8;1;1
CORD_ORD_1233;PROD_1;1;1
CORD_ORD_1233;PROD_10;1;1
CORD_ORD_1233;PROD_12;1;1
CORD_ORD_1233;PROD_15;1;1
CORD_ORD_1233;PROD_16;1;1
CORD_ORD_1233;PROD_18;1;1
CORD_ORD_1233;PROD_19;1;1
CORD_ORD_1233;PROD_2;1;1
CORD_ORD_1233;PROD_20;1;1
CORD_ORD_1233;PROD_21;1;1
CORD_ORD_1233;PROD_22;1;1
CORD_ORD_1233;PROD_25;1;1
CORD_ORD_1233;PROD_3;1;1
CORD_ORD_1233;PROD_30;1;1
CORD_ORD_1233;PROD_32;1;1
CORD_ORD_1233;PROD_33;1;1
CORD_ORD_1233;PROD_34;1;1
CORD_ORD_1233;PROD_35;1;1
CORD_ORD_1233;PROD_36;1;1
CORD_ORD_1233;PROD_39;1;1
CORD_ORD_1233;PROD_4;1;1
CORD_ORD_1233;PROD_40;1;1
CORD_ORD_1233;PROD_41;1;1
CORD_ORD_1233;PROD_43;1;1
CORD_ORD_1233;PROD_44;1;1
CORD_ORD_1233;PROD_47;1;1
CORD_ORD_1233;PROD_49;1;1
CORD_ORD_1233;PROD_5;1;1
CORD_ORD_1233;PROD_50;1;1
CORD_ORD_1233;PROD_7;1;1
CORD_ORD_1233;PROD_8;1;1
CORD_ORD_1234;PROD_10;1;1
CORD_ORD_1234;PROD_11;1;1
CORD_ORD_1234;PROD_12;1;1
CORD_ORD_1234;PROD_16;1;1
CORD_ORD_1234;PROD_21;1;1
CORD_ORD_1234;PROD_26;1;1
CORD_ORD_1234;PROD_27;1;1
CORD_ORD_1234;PROD_29;1;1
CORD_ORD_1234;PROD_4;1;1
CORD_ORD_1234;PROD_46;1;1
CORD_ORD_1234;PROD_6;1;1
CORD_ORD_1234;PROD_8;1;1
CORD_ORD_1235;PROD_1;1;1
CORD_ORD_1235;PROD_10;1;1
CORD_ORD_1235;PROD_13;1;1
CORD_ORD_1235;PROD_16;1;1
CORD_ORD_1235;PROD_20;1;1
CORD_ORD_1235;PROD_22;1;1
CORD_ORD_1235;PROD_25;1;1
CORD_ORD_1235;PROD_3;1;1
CORD_ORD_1235;PROD_35;1;1
CORD_ORD_1235;PROD_36;1;1
CORD_ORD_1235;PROD_38;1;1
CORD_ORD_1235;PROD_39;1;1
CORD_ORD_1235;PROD_50;1;1
CORD_ORD_1235;PROD_8;1;1
CORD_ORD_1236;PROD_1;1;1
CORD_ORD_1236;PROD_10;1;1
CORD_ORD_1236;PROD_16;1;1
CORD_ORD_1236;PROD_26;1;1
CORD_ORD_1236;PROD_3;1;1
CORD_ORD_1236;PROD_32;1;1
CORD_ORD_1236;PROD_36;1;1
CORD_ORD_1236;PROD_43;1;1
CORD_ORD_1236;PROD_46;1;1
CORD_ORD_1236;PROD_47;1;1
CORD_ORD_1236;PROD_6;1;1
CORD_ORD_1236;PROD_8;1;1
CORD_ORD_1237;PROD_1;1;1
CORD_ORD_1237;PROD_12;1;1
CORD_ORD_1237;PROD_13;1;1
CORD_ORD_1237;PROD_14;1;1
CORD_ORD_1237;PROD_15;1;1
CORD_ORD_1237;PROD_18;1;1
CORD_ORD_1237;PROD_2;1;1
CORD_ORD_1237;PROD_21;1;1
CORD_ORD_1237;PROD_22;1;1
CORD_ORD_1237;PROD_24;1;1
CORD_ORD_1237;PROD_25;1;1
CORD_ORD_1237;PROD_26;1;1
CORD_ORD_1237;PROD_28;1;1
CORD_ORD_1237;PROD_3;1;1
CORD_ORD_1237;PROD_34;1;1
CORD_ORD_1237;PROD_36;1;1
CORD_ORD_1237;PROD_37;1;1
CORD_ORD_1237;PROD_38;1;1
CORD_ORD_1237;PROD_4;1;1
CORD_ORD_1237;PROD_41;1;1
CORD_ORD_1237;PROD_42;1;1
CORD_ORD_1237;PROD_46;1;1
CORD_ORD_1237;PROD_49;1;1
CORD_ORD_1237;PROD_50;1;1
CORD_ORD_1237;PROD_6;1;1
CORD_ORD_1237;PROD_9;1;1
CORD_ORD_1238;PROD_10;1;1
CORD_ORD_1238;PROD_14;1;1
CORD_ORD_1238;PROD_15;1;1
CORD_ORD_1238;PROD_16;1;1
CORD_ORD_1238;PROD_19;1;1
CORD_ORD_1238;PROD_20;1;1
CORD_ORD_1238;PROD_26;1;1
CORD_ORD_1238;PROD_28;1;1
CORD_ORD_1238;PROD_33;1;1
CORD_ORD_1238;PROD_34;1;1
CORD_ORD_1238;PROD_35;1;1
CORD_ORD_1238;PROD_39;1;1
CORD_ORD_1238;PROD_44;1;1
CORD_ORD_1238;PROD_46;1;1
CORD_ORD_1238;PROD_49;1;1
CORD_ORD_1238;PROD_6;1;1
CORD_ORD_1238;PROD_8;1;1
CORD_ORD_1238;PROD_9;1;1
CORD_ORD_1239;PROD_10;1;1
CORD_ORD_1239;PROD_11;1;1
CORD_ORD_1239;PROD_13;1;1
CORD_ORD_1239;PROD_15;1;1
CORD_ORD_1239;PROD_16;1;1
CORD_ORD_1239;PROD_17;1;1
CORD_ORD_1239;PROD_27;1;1
CORD_ORD_1239;PROD_29;1;1
CORD_ORD_1239;PROD_31;1;1
CORD_ORD_1239;PROD_32;1;1
CORD_ORD_1239;PROD_34;1;1
CORD_ORD_1239;PROD_38;1;1
CORD_ORD_1239;PROD_43;1;1
CORD_ORD_1239;PROD_47;1;1
CORD_ORD_1239;PROD_48;1;1
CORD_ORD_1239;PROD_49;1;1
CORD_ORD_1239;PROD_8;1;1
CORD_ORD_1240;PROD_10;1;1
CORD_ORD_1240;PROD_11;1;1
CORD_ORD_1240;PROD_13;1;1
CORD_ORD_1240;PROD_14;1;1
CORD_ORD_1240;PROD_15;1;1
CORD_ORD_1240;PROD_16;1;1
CORD_ORD_1240;PROD_18;1;1
CORD_ORD_1240;PROD_2;1;1
CORD_ORD_1240;PROD_22;1;1
CORD_ORD_1240;PROD_23;1;1
CORD_ORD_1240;PROD_24;1;1
CORD_ORD_1240;PROD_25;1;1
CORD_ORD_1240;PROD_27;1;1
CORD_ORD_1240;PROD_28;1;1
CORD_ORD_1240;PROD_29;1;1
CORD_ORD_1240;PROD_30;1;1
CORD_ORD_1240;PROD_32;1;1
CORD_ORD_1240;PROD_34;1;1
CORD_ORD_1240;PROD_37;1;1
CORD_ORD_1240;PROD_38;1;1
CORD_ORD_1240;PROD_40;1;1
CORD_ORD_1240;PROD_41;1;1
CORD_ORD_1240;PROD_42;1;1
CORD_ORD_1240;PROD_43;1;1
CORD_ORD_1240;PROD_45;1;1
CORD_ORD_1240;PROD_47;1;1
CORD_ORD_1240;PROD_49;1;1
CORD_ORD_1240;PROD_5;1;1
CORD_ORD_1240;PROD_50;1;1
CORD_ORD_1240;PROD_7;1;1
CORD_ORD_1240;PROD_8;1;1
CORD_ORD_1240;PROD_9;1;1
CORD_ORD_1241;PROD_1;1;1
CORD_ORD_1241;PROD_10;1;1
CORD_ORD_1241;PROD_11;1;1
CORD_ORD_1241;PROD_15;1;1
CORD_ORD_1241;PROD_16;1;1
CORD_ORD_1241;PROD_17;1;1
CORD_ORD_1241;PROD_18;1;1
CORD_ORD_1241;PROD_19;1;1
CORD_ORD_1241;PROD_2;1;1
CORD_ORD_1241;PROD_24;1;1
CORD_ORD_1241;PROD_27;1;1
CORD_ORD_1241;PROD_29;1;1
CORD_ORD_1241;PROD_3;1;1
CORD_ORD_1241;PROD_31;1;1
CORD_ORD_1241;PROD_33;1;1
CORD_ORD_1241;PROD_34;1;1
CORD_ORD_1241;PROD_36;1;1
CORD_ORD_1241;PROD_37;1;1
CORD_ORD_1241;PROD_41;1;1
CORD_ORD_1241;PROD_42;1;1
CORD_ORD_1241;PROD_44;1;1
CORD_ORD_1241;PROD_48;1;1
CORD_ORD_1241;PROD_49;1;1
CORD_ORD_1241;PROD_5;1;1
CORD_ORD_1241;PROD_7;1;1
CORD_ORD_1241;PROD_8;1;1
CORD_ORD_1242;PROD_1;1;1
CORD_ORD_1242;PROD_10;1;1
CORD_ORD_1242;PROD_16;1;1
CORD_ORD_1242;PROD_17;1;1
CORD_ORD_1242;PROD_19;1;1
CORD_ORD_1242;PROD_24;1;1
CORD_ORD_1242;PROD_3;1;1
CORD_ORD_1242;PROD_31;1;1
CORD_ORD_1242;PROD_33;1;1
CORD_ORD_1242;PROD_36;1;1
CORD_ORD_1242;PROD_37;1;1
CORD_ORD_1242;PROD_42;1;1
CORD_ORD_1242;PROD_44;1;1
CORD_ORD_1242;PROD_48;1;1
CORD_ORD_1242;PROD_5;1;1
CORD_ORD_1242;PROD_7;1;1
CORD_ORD_1242;PROD_8;1;1
CORD_ORD_1243;PROD_13;1;1
CORD_ORD_1243;PROD_14;1;1
CORD_ORD_1243;PROD_17;1;1
CORD_ORD_1243;PROD_18;1;1
CORD_ORD_1243;PROD_19;1;1
CORD_ORD_1243;PROD_2;1;1
CORD_ORD_1243;PROD_22;1;1
CORD_ORD_1243;PROD_23;1;1
CORD_ORD_1243;PROD_25;1;1
CORD_ORD_1243;PROD_26;1;1
CORD_ORD_1243;PROD_28;1;1
CORD_ORD_1243;PROD_31;1;1
CORD_ORD_1243;PROD_32;1;1
CORD_ORD_1243;PROD_33;1;1
CORD_ORD_1243;PROD_38;1;1
CORD_ORD_1243;PROD_41;1;1
CORD_ORD_1243;PROD_43;1;1
CORD_ORD_1243;PROD_44;1;1
CORD_ORD_1243;PROD_45;1;1
CORD_ORD_1243;PROD_46;1;1
CORD_ORD_1243;PROD_47;1;1
CORD_ORD_1243;PROD_48;1;1
CORD_ORD_1243;PROD_5;1;1
CORD_ORD_1243;PROD_50;1;1
CORD_ORD_1243;PROD_6;1;1
CORD_ORD_1243;PROD_7;1;1
CORD_ORD_1243;PROD_9;1;1
CORD_ORD_1244;PROD_10;1;1
CORD_ORD_1244;PROD_13;1;1
CORD_ORD_1244;PROD_14;1;1
CORD_ORD_1244;PROD_15;1;1
CORD_ORD_1244;PROD_16;1;1
CORD_ORD_1244;PROD_17;1;1
CORD_ORD_1244;PROD_20;1;1
CORD_ORD_1244;PROD_28;1;1
CORD_ORD_1244;PROD_31;1;1
CORD_ORD_1244;PROD_34;1;1
CORD_ORD_1244;PROD_35;1;1
CORD_ORD_1244;PROD_38;1;1
CORD_ORD_1244;PROD_39;1;1
CORD_ORD_1244;PROD_48;1;1
CORD_ORD_1244;PROD_49;1;1
CORD_ORD_1244;PROD_8;1;1
CORD_ORD_1244;PROD_9;1;1
CORD_ORD_1245;PROD_1;1;1
CORD_ORD_1245;PROD_10;1;1
CORD_ORD_1245;PROD_11;1;1
CORD_ORD_1245;PROD_13;1;1
CORD_ORD_1245;PROD_16;1;1
CORD_ORD_1245;PROD_17;1;1
CORD_ORD_1245;PROD_19;1;1
CORD_ORD_1245;PROD_23;1;1
CORD_ORD_1245;PROD_26;1;1
CORD_ORD_1245;PROD_27;1;1
CORD_ORD_1245;PROD_29;1;1
CORD_ORD_1245;PROD_3;1;1
CORD_ORD_1245;PROD_30;1;1
CORD_ORD_1245;PROD_31;1;1
CORD_ORD_1245;PROD_32;1;1
CORD_ORD_1245;PROD_33;1;1
CORD_ORD_1245;PROD_36;1;1
CORD_ORD_1245;PROD_38;1;1
CORD_ORD_1245;PROD_40;1;1
CORD_ORD_1245;PROD_43;1;1
CORD_ORD_1245;PROD_44;1;1
CORD_ORD_1245;PROD_45;1;1
CORD_ORD_1245;PROD_46;1;1
CORD_ORD_1245;PROD_47;1;1
CORD_ORD_1245;PROD_48;1;1
CORD_ORD_1245;PROD_6;1;1
CORD_ORD_1245;PROD_8;1;1
CORD_ORD_1246;PROD_1;1;1
CORD_ORD_1246;PROD_10;1;1
CORD_ORD_1246;PROD_14;1;1
CORD_ORD_1246;PROD_16;1;1
CORD_ORD_1246;PROD_17;1;1
CORD_ORD_1246;PROD_18;1;1
CORD_ORD_1246;PROD_2;1;1
CORD_ORD_1246;PROD_26;1;1
CORD_ORD_1246;PROD_28;1;1
CORD_ORD_1246;PROD_3;1;1
CORD_ORD_1246;PROD_31;1;1
CORD_ORD_1246;PROD_36;1;1
CORD_ORD_1246;PROD_41;1;1
CORD_ORD_1246;PROD_46;1;1
CORD_ORD_1246;PROD_48;1;1
CORD_ORD_1246;PROD_6;1;1
CORD_ORD_1246;PROD_8;1;1
CORD_ORD_1246;PROD_9;1;1
CORD_ORD_1247;PROD_1;1;1
CORD_ORD_1247;PROD_10;1;1
CORD_ORD_1247;PROD_13;1;1
CORD_ORD_1247;PROD_16;1;1
CORD_ORD_1247;PROD_20;1;1
CORD_ORD_1247;PROD_24;1;1
CORD_ORD_1247;PROD_3;1;1
CORD_ORD_1247;PROD_35;1;1
CORD_ORD_1247;PROD_36;1;1
CORD_ORD_1247;PROD_37;1;1
CORD_ORD_1247;PROD_38;1;1
CORD_ORD_1247;PROD_39;1;1
CORD_ORD_1247;PROD_42;1;1
CORD_ORD_1247;PROD_5;1;1
CORD_ORD_1247;PROD_7;1;1
CORD_ORD_1247;PROD_8;1;1
CORD_ORD_1248;PROD_1;1;1
CORD_ORD_1248;PROD_10;1;1
CORD_ORD_1248;PROD_16;1;1
CORD_ORD_1248;PROD_26;1;1
CORD_ORD_1248;PROD_3;1;1
CORD_ORD_1248;PROD_36;1;1
CORD_ORD_1248;PROD_46;1;1
CORD_ORD_1248;PROD_6;1;1
CORD_ORD_1248;PROD_8;1;1
CORD_ORD_1249;PROD_1;1;1
CORD_ORD_1249;PROD_10;1;1
CORD_ORD_1249;PROD_11;1;1
CORD_ORD_1249;PROD_12;1;1
CORD_ORD_1249;PROD_13;1;1
CORD_ORD_1249;PROD_16;1;1
CORD_ORD_1249;PROD_19;1;1
CORD_ORD_1249;PROD_20;1;1
CORD_ORD_1249;PROD_21;1;1
CORD_ORD_1249;PROD_23;1;1
CORD_ORD_1249;PROD_24;1;1
CORD_ORD_1249;PROD_26;1;1
CORD_ORD_1249;PROD_27;1;1
CORD_ORD_1249;PROD_29;1;1
CORD_ORD_1249;PROD_3;1;1
CORD_ORD_1249;PROD_32;1;1
CORD_ORD_1249;PROD_33;1;1
CORD_ORD_1249;PROD_35;1;1
CORD_ORD_1249;PROD_36;1;1
CORD_ORD_1249;PROD_37;1;1
CORD_ORD_1249;PROD_38;1;1
CORD_ORD_1249;PROD_39;1;1
CORD_ORD_1249;PROD_4;1;1
CORD_ORD_1249;PROD_42;1;1
CORD_ORD_1249;PROD_43;1;1
CORD_ORD_1249;PROD_44;1;1
CORD_ORD_1249;PROD_45;1;1
CORD_ORD_1249;PROD_46;1;1
CORD_ORD_1249;PROD_47;1;1
CORD_ORD_1249;PROD_6;1;1
CORD_ORD_1249;PROD_8;1;1
CORD_ORD_1250;PROD_10;1;1
CORD_ORD_1250;PROD_15;1;1
CORD_ORD_1250;PROD_16;1;1
CORD_ORD_1250;PROD_17;1;1
CORD_ORD_1250;PROD_19;1;1
CORD_ORD_1250;PROD_22;1;1
CORD_ORD_1250;PROD_23;1;1
CORD_ORD_1250;PROD_24;1;1
CORD_ORD_1250;PROD_25;1;1
CORD_ORD_1250;PROD_26;1;1
CORD_ORD_1250;PROD_30;1;1
CORD_ORD_1250;PROD_31;1;1
CORD_ORD_1250;PROD_33;1;1
CORD_ORD_1250;PROD_34;1;1
CORD_ORD_1250;PROD_37;1;1
CORD_ORD_1250;PROD_40;1;1
CORD_ORD_1250;PROD_42;1;1
CORD_ORD_1250;PROD_44;1;1
CORD_ORD_1250;PROD_45;1;1
CORD_ORD_1250;PROD_46;1;1
CORD_ORD_1250;PROD_48;1;1
CORD_ORD_1250;PROD_49;1;1
CORD_ORD_1250;PROD_50;1;1
CORD_ORD_1250;PROD_6;1;1
CORD_ORD_1250;PROD_8;1;1
CORD_ORD_1251;PROD_14;1;1
CORD_ORD_1251;PROD_15;1;1
CORD_ORD_1251;PROD_17;1;1
CORD_ORD_1251;PROD_18;1;1
CORD_ORD_1251;PROD_2;1;1
CORD_ORD_1251;PROD_22;1;1
CORD_ORD_1251;PROD_25;1;1
CORD_ORD_1251;PROD_26;1;1
CORD_ORD_1251;PROD_28;1;1
CORD_ORD_1251;PROD_30;1;1
CORD_ORD_1251;PROD_31;1;1
CORD_ORD_1251;PROD_32;1;1
CORD_ORD_1251;PROD_34;1;1
CORD_ORD_1251;PROD_40;1;1
CORD_ORD_1251;PROD_41;1;1
CORD_ORD_1251;PROD_43;1;1
CORD_ORD_1251;PROD_46;1;1
CORD_ORD_1251;PROD_47;1;1
CORD_ORD_1251;PROD_48;1;1
CORD_ORD_1251;PROD_49;1;1
CORD_ORD_1251;PROD_50;1;1
CORD_ORD_1251;PROD_6;1;1
CORD_ORD_1251;PROD_9;1;1
CORD_ORD_1252;PROD_10;1;1
CORD_ORD_1252;PROD_11;1;1
CORD_ORD_1252;PROD_12;1;1
CORD_ORD_1252;PROD_14;1;1
CORD_ORD_1252;PROD_15;1;1
CORD_ORD_1252;PROD_16;1;1
CORD_ORD_1252;PROD_17;1;1
CORD_ORD_1252;PROD_18;1;1
CORD_ORD_1252;PROD_2;1;1
CORD_ORD_1252;PROD_21;1;1
CORD_ORD_1252;PROD_23;1;1
CORD_ORD_1252;PROD_26;1;1
CORD_ORD_1252;PROD_27;1;1
CORD_ORD_1252;PROD_28;1;1
CORD_ORD_1252;PROD_29;1;1
CORD_ORD_1252;PROD_30;1;1
CORD_ORD_1252;PROD_31;1;1
CORD_ORD_1252;PROD_32;1;1
CORD_ORD_1252;PROD_34;1;1
CORD_ORD_1252;PROD_4;1;1
CORD_ORD_1252;PROD_40;1;1
CORD_ORD_1252;PROD_41;1;1
CORD_ORD_1252;PROD_43;1;1
CORD_ORD_1252;PROD_45;1;1
CORD_ORD_1252;PROD_46;1;1
CORD_ORD_1252;PROD_47;1;1
CORD_ORD_1252;PROD_48;1;1
CORD_ORD_1252;PROD_49;1;1
CORD_ORD_1252;PROD_5;1;1
CORD_ORD_1252;PROD_6;1;1
CORD_ORD_1252;PROD_7;1;1
CORD_ORD_1252;PROD_8;1;1
CORD_ORD_1252;PROD_9;1;1
CORD_ORD_1253;PROD_11;1;1
CORD_ORD_1253;PROD_14;1;1
CORD_ORD_1253;PROD_18;1;1
CORD_ORD_1253;PROD_19;1;1
CORD_ORD_1253;PROD_2;1;1
CORD_ORD_1253;PROD_22;1;1
CORD_ORD_1253;PROD_23;1;1
CORD_ORD_1253;PROD_25;1;1
CORD_ORD_1253;PROD_27;1;1
CORD_ORD_1253;PROD_28;1;1
CORD_ORD_1253;PROD_29;1;1
CORD_ORD_1253;PROD_33;1;1
CORD_ORD_1253;PROD_41;1;1
CORD_ORD_1253;PROD_44;1;1
CORD_ORD_1253;PROD_45;1;1
CORD_ORD_1253;PROD_50;1;1
CORD_ORD_1253;PROD_9;1;1
CORD_ORD_1254;PROD_11;1;1
CORD_ORD_1254;PROD_14;1;1
CORD_ORD_1254;PROD_15;1;1
CORD_ORD_1254;PROD_17;1;1
CORD_ORD_1254;PROD_18;1;1
CORD_ORD_1254;PROD_2;1;1
CORD_ORD_1254;PROD_27;1;1
CORD_ORD_1254;PROD_28;1;1
CORD_ORD_1254;PROD_29;1;1
CORD_ORD_1254;PROD_30;1;1
CORD_ORD_1254;PROD_31;1;1
CORD_ORD_1254;PROD_32;1;1
CORD_ORD_1254;PROD_34;1;1
CORD_ORD_1254;PROD_40;1;1
CORD_ORD_1254;PROD_41;1;1
CORD_ORD_1254;PROD_43;1;1
CORD_ORD_1254;PROD_47;1;1
CORD_ORD_1254;PROD_48;1;1
CORD_ORD_1254;PROD_49;1;1
CORD_ORD_1254;PROD_9;1;1
CORD_ORD_1255;PROD_10;1;1
CORD_ORD_1255;PROD_13;1;1
CORD_ORD_1255;PROD_15;1;1
CORD_ORD_1255;PROD_16;1;1
CORD_ORD_1255;PROD_18;1;1
CORD_ORD_1255;PROD_19;1;1
CORD_ORD_1255;PROD_2;1;1
CORD_ORD_1255;PROD_24;1;1
CORD_ORD_1255;PROD_26;1;1
CORD_ORD_1255;PROD_30;1;1
CORD_ORD_1255;PROD_33;1;1
CORD_ORD_1255;PROD_34;1;1
CORD_ORD_1255;PROD_37;1;1
CORD_ORD_1255;PROD_38;1;1
CORD_ORD_1255;PROD_40;1;1
CORD_ORD_1255;PROD_41;1;1
CORD_ORD_1255;PROD_42;1;1
CORD_ORD_1255;PROD_44;1;1
CORD_ORD_1255;PROD_46;1;1
CORD_ORD_1255;PROD_49;1;1
CORD_ORD_1255;PROD_5;1;1
CORD_ORD_1255;PROD_6;1;1
CORD_ORD_1255;PROD_7;1;1
CORD_ORD_1255;PROD_8;1;1
CORD_ORD_1256;PROD_10;1;1
CORD_ORD_1256;PROD_11;1;1
CORD_ORD_1256;PROD_16;1;1
CORD_ORD_1256;PROD_18;1;1
CORD_ORD_1256;PROD_19;1;1
CORD_ORD_1256;PROD_2;1;1
CORD_ORD_1256;PROD_22;1;1
CORD_ORD_1256;PROD_25;1;1
CORD_ORD_1256;PROD_27;1;1
CORD_ORD_1256;PROD_29;1;1
CORD_ORD_1256;PROD_33;1;1
CORD_ORD_1256;PROD_41;1;1
CORD_ORD_1256;PROD_44;1;1
CORD_ORD_1256;PROD_50;1;1
CORD_ORD_1256;PROD_8;1;1
CORD_ORD_1257;PROD_1;1;1
CORD_ORD_1257;PROD_10;1;1
CORD_ORD_1257;PROD_12;1;1
CORD_ORD_1257;PROD_13;1;1
CORD_ORD_1257;PROD_16;1;1
CORD_ORD_1257;PROD_17;1;1
CORD_ORD_1257;PROD_21;1;1
CORD_ORD_1257;PROD_22;1;1
CORD_ORD_1257;PROD_25;1;1
CORD_ORD_1257;PROD_3;1;1
CORD_ORD_1257;PROD_31;1;1
CORD_ORD_1257;PROD_36;1;1
CORD_ORD_1257;PROD_38;1;1
CORD_ORD_1257;PROD_4;1;1
CORD_ORD_1257;PROD_48;1;1
CORD_ORD_1257;PROD_5;1;1
CORD_ORD_1257;PROD_50;1;1
CORD_ORD_1257;PROD_7;1;1
CORD_ORD_1257;PROD_8;1;1
CORD_ORD_1258;PROD_1;1;1
CORD_ORD_1258;PROD_10;1;1
CORD_ORD_1258;PROD_11;1;1
CORD_ORD_1258;PROD_16;1;1
CORD_ORD_1258;PROD_19;1;1
CORD_ORD_1258;PROD_26;1;1
CORD_ORD_1258;PROD_27;1;1
CORD_ORD_1258;PROD_29;1;1
CORD_ORD_1258;PROD_3;1;1
CORD_ORD_1258;PROD_32;1;1
CORD_ORD_1258;PROD_33;1;1
CORD_ORD_1258;PROD_36;1;1
CORD_ORD_1258;PROD_43;1;1
CORD_ORD_1258;PROD_44;1;1
CORD_ORD_1258;PROD_46;1;1
CORD_ORD_1258;PROD_47;1;1
CORD_ORD_1258;PROD_6;1;1
CORD_ORD_1258;PROD_8;1;1
CORD_ORD_1259;PROD_10;1;1
CORD_ORD_1259;PROD_11;1;1
CORD_ORD_1259;PROD_12;1;1
CORD_ORD_1259;PROD_13;1;1
CORD_ORD_1259;PROD_14;1;1
CORD_ORD_1259;PROD_16;1;1
CORD_ORD_1259;PROD_19;1;1
CORD_ORD_1259;PROD_21;1;1
CORD_ORD_1259;PROD_23;1;1
CORD_ORD_1259;PROD_24;1;1
CORD_ORD_1259;PROD_27;1;1
CORD_ORD_1259;PROD_28;1;1
CORD_ORD_1259;PROD_29;1;1
CORD_ORD_1259;PROD_30;1;1
CORD_ORD_1259;PROD_33;1;1
CORD_ORD_1259;PROD_37;1;1
CORD_ORD_1259;PROD_38;1;1
CORD_ORD_1259;PROD_4;1;1
CORD_ORD_1259;PROD_40;1;1
CORD_ORD_1259;PROD_42;1;1
CORD_ORD_1259;PROD_44;1;1
CORD_ORD_1259;PROD_45;1;1
CORD_ORD_1259;PROD_8;1;1
CORD_ORD_1259;PROD_9;1;1
CORD_ORD_1260;PROD_10;1;1
CORD_ORD_1260;PROD_11;1;1
CORD_ORD_1260;PROD_16;1;1
CORD_ORD_1260;PROD_18;1;1
CORD_ORD_1260;PROD_2;1;1
CORD_ORD_1260;PROD_20;1;1
CORD_ORD_1260;PROD_24;1;1
CORD_ORD_1260;PROD_27;1;1
CORD_ORD_1260;PROD_29;1;1
CORD_ORD_1260;PROD_35;1;1
CORD_ORD_1260;PROD_37;1;1
CORD_ORD_1260;PROD_39;1;1
CORD_ORD_1260;PROD_41;1;1
CORD_ORD_1260;PROD_42;1;1
CORD_ORD_1260;PROD_8;1;1
CORD_ORD_1261;PROD_10;1;1
CORD_ORD_1261;PROD_11;1;1
CORD_ORD_1261;PROD_12;1;1
CORD_ORD_1261;PROD_15;1;1
CORD_ORD_1261;PROD_16;1;1
CORD_ORD_1261;PROD_19;1;1
CORD_ORD_1261;PROD_21;1;1
CORD_ORD_1261;PROD_22;1;1
CORD_ORD_1261;PROD_23;1;1
CORD_ORD_1261;PROD_25;1;1
CORD_ORD_1261;PROD_26;1;1
CORD_ORD_1261;PROD_27;1;1
CORD_ORD_1261;PROD_29;1;1
CORD_ORD_1261;PROD_32;1;1
CORD_ORD_1261;PROD_33;1;1
CORD_ORD_1261;PROD_34;1;1
CORD_ORD_1261;PROD_4;1;1
CORD_ORD_1261;PROD_43;1;1
CORD_ORD_1261;PROD_44;1;1
CORD_ORD_1261;PROD_45;1;1
CORD_ORD_1261;PROD_46;1;1
CORD_ORD_1261;PROD_47;1;1
CORD_ORD_1261;PROD_49;1;1
CORD_ORD_1261;PROD_50;1;1
CORD_ORD_1261;PROD_6;1;1
CORD_ORD_1261;PROD_8;1;1
CORD_ORD_1262;PROD_1;1;1
CORD_ORD_1262;PROD_10;1;1
CORD_ORD_1262;PROD_12;1;1
CORD_ORD_1262;PROD_13;1;1
CORD_ORD_1262;PROD_16;1;1
CORD_ORD_1262;PROD_18;1;1
CORD_ORD_1262;PROD_2;1;1
CORD_ORD_1262;PROD_20;1;1
CORD_ORD_1262;PROD_21;1;1
CORD_ORD_1262;PROD_24;1;1
CORD_ORD_1262;PROD_3;1;1
CORD_ORD_1262;PROD_35;1;1
CORD_ORD_1262;PROD_36;1;1
CORD_ORD_1262;PROD_37;1;1
CORD_ORD_1262;PROD_38;1;1
CORD_ORD_1262;PROD_39;1;1
CORD_ORD_1262;PROD_4;1;1
CORD_ORD_1262;PROD_41;1;1
CORD_ORD_1262;PROD_42;1;1
CORD_ORD_1262;PROD_8;1;1
CORD_ORD_1263;PROD_1;1;1
CORD_ORD_1263;PROD_10;1;1
CORD_ORD_1263;PROD_11;1;1
CORD_ORD_1263;PROD_13;1;1
CORD_ORD_1263;PROD_16;1;1
CORD_ORD_1263;PROD_17;1;1
CORD_ORD_1263;PROD_20;1;1
CORD_ORD_1263;PROD_22;1;1
CORD_ORD_1263;PROD_25;1;1
CORD_ORD_1263;PROD_26;1;1
CORD_ORD_1263;PROD_27;1;1
CORD_ORD_1263;PROD_29;1;1
CORD_ORD_1263;PROD_3;1;1
CORD_ORD_1263;PROD_31;1;1
CORD_ORD_1263;PROD_32;1;1
CORD_ORD_1263;PROD_35;1;1
CORD_ORD_1263;PROD_36;1;1
CORD_ORD_1263;PROD_38;1;1
CORD_ORD_1263;PROD_39;1;1
CORD_ORD_1263;PROD_43;1;1
CORD_ORD_1263;PROD_46;1;1
CORD_ORD_1263;PROD_47;1;1
CORD_ORD_1263;PROD_48;1;1
CORD_ORD_1263;PROD_50;1;1
CORD_ORD_1263;PROD_6;1;1
CORD_ORD_1263;PROD_8;1;1
CORD_ORD_1264;PROD_1;1;1
CORD_ORD_1264;PROD_11;1;1
CORD_ORD_1264;PROD_13;1;1
CORD_ORD_1264;PROD_17;1;1
CORD_ORD_1264;PROD_19;1;1
CORD_ORD_1264;PROD_22;1;1
CORD_ORD_1264;PROD_25;1;1
CORD_ORD_1264;PROD_26;1;1
CORD_ORD_1264;PROD_27;1;1
CORD_ORD_1264;PROD_29;1;1
CORD_ORD_1264;PROD_3;1;1
CORD_ORD_1264;PROD_31;1;1
CORD_ORD_1264;PROD_32;1;1
CORD_ORD_1264;PROD_33;1;1
CORD_ORD_1264;PROD_36;1;1
CORD_ORD_1264;PROD_38;1;1
CORD_ORD_1264;PROD_43;1;1
CORD_ORD_1264;PROD_44;1;1
CORD_ORD_1264;PROD_46;1;1
CORD_ORD_1264;PROD_47;1;1
CORD_ORD_1264;PROD_48;1;1
CORD_ORD_1264;PROD_50;1;1
CORD_ORD_1264;PROD_6;1;1
CORD_ORD_1265;PROD_1;1;1
CORD_ORD_1265;PROD_14;1;1
CORD_ORD_1265;PROD_18;1;1
CORD_ORD_1265;PROD_2;1;1
CORD_ORD_1265;PROD_22;1;1
CORD_ORD_1265;PROD_23;1;1
CORD_ORD_1265;PROD_24;1;1
CORD_ORD_1265;PROD_25;1;1
CORD_ORD_1265;PROD_26;1;1
CORD_ORD_1265;PROD_28;1;1
CORD_ORD_1265;PROD_3;1;1
CORD_ORD_1265;PROD_32;1;1
CORD_ORD_1265;PROD_36;1;1
CORD_ORD_1265;PROD_37;1;1
CORD_ORD_1265;PROD_41;1;1
CORD_ORD_1265;PROD_42;1;1
CORD_ORD_1265;PROD_43;1;1
CORD_ORD_1265;PROD_45;1;1
CORD_ORD_1265;PROD_46;1;1
CORD_ORD_1265;PROD_47;1;1
CORD_ORD_1265;PROD_50;1;1
CORD_ORD_1265;PROD_6;1;1
CORD_ORD_1265;PROD_9;1;1
CORD_ORD_1266;PROD_10;1;1
CORD_ORD_1266;PROD_12;1;1
CORD_ORD_1266;PROD_13;1;1
CORD_ORD_1266;PROD_16;1;1
CORD_ORD_1266;PROD_18;1;1
CORD_ORD_1266;PROD_2;1;1
CORD_ORD_1266;PROD_20;1;1
CORD_ORD_1266;PROD_21;1;1
CORD_ORD_1266;PROD_24;1;1
CORD_ORD_1266;PROD_35;1;1
CORD_ORD_1266;PROD_37;1;1
CORD_ORD_1266;PROD_38;1;1
CORD_ORD_1266;PROD_39;1;1
CORD_ORD_1266;PROD_4;1;1
CORD_ORD_1266;PROD_41;1;1
CORD_ORD_1266;PROD_42;1;1
CORD_ORD_1266;PROD_8;1;1
CORD_ORD_1267;PROD_1;1;1
CORD_ORD_1267;PROD_11;1;1
CORD_ORD_1267;PROD_12;1;1
CORD_ORD_1267;PROD_18;1;1
CORD_ORD_1267;PROD_2;1;1
CORD_ORD_1267;PROD_21;1;1
CORD_ORD_1267;PROD_24;1;1
CORD_ORD_1267;PROD_26;1;1
CORD_ORD_1267;PROD_27;1;1
CORD_ORD_1267;PROD_29;1;1
CORD_ORD_1267;PROD_3;1;1
CORD_ORD_1267;PROD_32;1;1
CORD_ORD_1267;PROD_36;1;1
CORD_ORD_1267;PROD_37;1;1
CORD_ORD_1267;PROD_4;1;1
CORD_ORD_1267;PROD_41;1;1
CORD_ORD_1267;PROD_42;1;1
CORD_ORD_1267;PROD_43;1;1
CORD_ORD_1267;PROD_46;1;1
CORD_ORD_1267;PROD_47;1;1
CORD_ORD_1267;PROD_6;1;1
CORD_ORD_1268;PROD_14;1;1
CORD_ORD_1268;PROD_15;1;1
CORD_ORD_1268;PROD_17;1;1
CORD_ORD_1268;PROD_19;1;1
CORD_ORD_1268;PROD_20;1;1
CORD_ORD_1268;PROD_22;1;1
CORD_ORD_1268;PROD_23;1;1
CORD_ORD_1268;PROD_24;1;1
CORD_ORD_1268;PROD_25;1;1
CORD_ORD_1268;PROD_28;1;1
CORD_ORD_1268;PROD_31;1;1
CORD_ORD_1268;PROD_32;1;1
CORD_ORD_1268;PROD_33;1;1
CORD_ORD_1268;PROD_34;1;1
CORD_ORD_1268;PROD_35;1;1
CORD_ORD_1268;PROD_37;1;1
CORD_ORD_1268;PROD_39;1;1
CORD_ORD_1268;PROD_42;1;1
CORD_ORD_1268;PROD_43;1;1
CORD_ORD_1268;PROD_44;1;1
CORD_ORD_1268;PROD_45;1;1
CORD_ORD_1268;PROD_47;1;1
CORD_ORD_1268;PROD_48;1;1
CORD_ORD_1268;PROD_49;1;1
CORD_ORD_1268;PROD_50;1;1
CORD_ORD_1268;PROD_9;1;1
CORD_ORD_1269;PROD_12;1;1
CORD_ORD_1269;PROD_15;1;1
CORD_ORD_1269;PROD_17;1;1
CORD_ORD_1269;PROD_20;1;1
CORD_ORD_1269;PROD_21;1;1
CORD_ORD_1269;PROD_22;1;1
CORD_ORD_1269;PROD_25;1;1
CORD_ORD_1269;PROD_26;1;1
CORD_ORD_1269;PROD_30;1;1
CORD_ORD_1269;PROD_31;1;1
CORD_ORD_1269;PROD_34;1;1
CORD_ORD_1269;PROD_35;1;1
CORD_ORD_1269;PROD_39;1;1
CORD_ORD_1269;PROD_4;1;1
CORD_ORD_1269;PROD_40;1;1
CORD_ORD_1269;PROD_46;1;1
CORD_ORD_1269;PROD_48;1;1
CORD_ORD_1269;PROD_49;1;1
CORD_ORD_1269;PROD_50;1;1
CORD_ORD_1269;PROD_6;1;1
CORD_ORD_1270;PROD_1;1;1
CORD_ORD_1270;PROD_14;1;1
CORD_ORD_1270;PROD_18;1;1
CORD_ORD_1270;PROD_19;1;1
CORD_ORD_1270;PROD_2;1;1
CORD_ORD_1270;PROD_24;1;1
CORD_ORD_1270;PROD_26;1;1
CORD_ORD_1270;PROD_28;1;1
CORD_ORD_1270;PROD_3;1;1
CORD_ORD_1270;PROD_32;1;1
CORD_ORD_1270;PROD_33;1;1
CORD_ORD_1270;PROD_36;1;1
CORD_ORD_1270;PROD_37;1;1
CORD_ORD_1270;PROD_41;1;1
CORD_ORD_1270;PROD_42;1;1
CORD_ORD_1270;PROD_43;1;1
CORD_ORD_1270;PROD_44;1;1
CORD_ORD_1270;PROD_46;1;1
CORD_ORD_1270;PROD_47;1;1
CORD_ORD_1270;PROD_6;1;1
CORD_ORD_1270;PROD_9;1;1
CORD_ORD_1271;PROD_1;1;1
CORD_ORD_1271;PROD_10;1;1
CORD_ORD_1271;PROD_13;1;1
CORD_ORD_1271;PROD_15;1;1
CORD_ORD_1271;PROD_16;1;1
CORD_ORD_1271;PROD_26;1;1
CORD_ORD_1271;PROD_3;1;1
CORD_ORD_1271;PROD_34;1;1
CORD_ORD_1271;PROD_36;1;1
CORD_ORD_1271;PROD_38;1;1
CORD_ORD_1271;PROD_46;1;1
CORD_ORD_1271;PROD_49;1;1
CORD_ORD_1271;PROD_6;1;1
CORD_ORD_1271;PROD_8;1;1
CORD_ORD_1272;PROD_11;1;1
CORD_ORD_1272;PROD_13;1;1
CORD_ORD_1272;PROD_14;1;1
CORD_ORD_1272;PROD_15;1;1
CORD_ORD_1272;PROD_17;1;1
CORD_ORD_1272;PROD_26;1;1
CORD_ORD_1272;PROD_27;1;1
CORD_ORD_1272;PROD_28;1;1
CORD_ORD_1272;PROD_29;1;1
CORD_ORD_1272;PROD_31;1;1
CORD_ORD_1272;PROD_34;1;1
CORD_ORD_1272;PROD_38;1;1
CORD_ORD_1272;PROD_46;1;1
CORD_ORD_1272;PROD_48;1;1
CORD_ORD_1272;PROD_49;1;1
CORD_ORD_1272;PROD_5;1;1
CORD_ORD_1272;PROD_6;1;1
CORD_ORD_1272;PROD_7;1;1
CORD_ORD_1272;PROD_9;1;1
CORD_ORD_1273;PROD_10;1;1
CORD_ORD_1273;PROD_11;1;1
CORD_ORD_1273;PROD_12;1;1
CORD_ORD_1273;PROD_14;1;1
CORD_ORD_1273;PROD_16;1;1
CORD_ORD_1273;PROD_18;1;1
CORD_ORD_1273;PROD_19;1;1
CORD_ORD_1273;PROD_2;1;1
CORD_ORD_1273;PROD_21;1;1
CORD_ORD_1273;PROD_26;1;1
CORD_ORD_1273;PROD_27;1;1
CORD_ORD_1273;PROD_28;1;1
CORD_ORD_1273;PROD_29;1;1
CORD_ORD_1273;PROD_32;1;1
CORD_ORD_1273;PROD_33;1;1
CORD_ORD_1273;PROD_4;1;1
CORD_ORD_1273;PROD_41;1;1
CORD_ORD_1273;PROD_43;1;1
CORD_ORD_1273;PROD_44;1;1
CORD_ORD_1273;PROD_46;1;1
CORD_ORD_1273;PROD_47;1;1
CORD_ORD_1273;PROD_6;1;1
CORD_ORD_1273;PROD_8;1;1
CORD_ORD_1273;PROD_9;1;1
CORD_ORD_1274;PROD_1;1;1
CORD_ORD_1274;PROD_10;1;1
CORD_ORD_1274;PROD_16;1;1
CORD_ORD_1274;PROD_18;1;1
CORD_ORD_1274;PROD_2;1;1
CORD_ORD_1274;PROD_26;1;1
CORD_ORD_1274;PROD_3;1;1
CORD_ORD_1274;PROD_36;1;1
CORD_ORD_1274;PROD_41;1;1
CORD_ORD_1274;PROD_46;1;1
CORD_ORD_1274;PROD_6;1;1
CORD_ORD_1274;PROD_8;1;1
CORD_ORD_1275;PROD_10;1;1
CORD_ORD_1275;PROD_14;1;1
CORD_ORD_1275;PROD_16;1;1
CORD_ORD_1275;PROD_19;1;1
CORD_ORD_1275;PROD_20;1;1
CORD_ORD_1275;PROD_24;1;1
CORD_ORD_1275;PROD_28;1;1
CORD_ORD_1275;PROD_33;1;1
CORD_ORD_1275;PROD_35;1;1
CORD_ORD_1275;PROD_37;1;1
CORD_ORD_1275;PROD_39;1;1
CORD_ORD_1275;PROD_42;1;1
CORD_ORD_1275;PROD_44;1;1
CORD_ORD_1275;PROD_8;1;1
CORD_ORD_1275;PROD_9;1;1
CORD_ORD_1276;PROD_11;1;1
CORD_ORD_1276;PROD_14;1;1
CORD_ORD_1276;PROD_18;1;1
CORD_ORD_1276;PROD_19;1;1
CORD_ORD_1276;PROD_2;1;1
CORD_ORD_1276;PROD_23;1;1
CORD_ORD_1276;PROD_27;1;1
CORD_ORD_1276;PROD_28;1;1
CORD_ORD_1276;PROD_29;1;1
CORD_ORD_1276;PROD_33;1;1
CORD_ORD_1276;PROD_41;1;1
CORD_ORD_1276;PROD_44;1;1
CORD_ORD_1276;PROD_45;1;1
CORD_ORD_1276;PROD_9;1;1
CORD_ORD_1277;PROD_1;1;1
CORD_ORD_1277;PROD_11;1;1
CORD_ORD_1277;PROD_12;1;1
CORD_ORD_1277;PROD_13;1;1
CORD_ORD_1277;PROD_18;1;1
CORD_ORD_1277;PROD_2;1;1
CORD_ORD_1277;PROD_21;1;1
CORD_ORD_1277;PROD_24;1;1
CORD_ORD_1277;PROD_26;1;1
CORD_ORD_1277;PROD_27;1;1
CORD_ORD_1277;PROD_29;1;1
CORD_ORD_1277;PROD_3;1;1
CORD_ORD_1277;PROD_32;1;1
CORD_ORD_1277;PROD_36;1;1
CORD_ORD_1277;PROD_37;1;1
CORD_ORD_1277;PROD_38;1;1
CORD_ORD_1277;PROD_4;1;1
CORD_ORD_1277;PROD_41;1;1
CORD_ORD_1277;PROD_42;1;1
CORD_ORD_1277;PROD_43;1;1
CORD_ORD_1277;PROD_46;1;1
CORD_ORD_1277;PROD_47;1;1
CORD_ORD_1277;PROD_6;1;1
CORD_ORD_1278;PROD_1;1;1
CORD_ORD_1278;PROD_10;1;1
CORD_ORD_1278;PROD_16;1;1
CORD_ORD_1278;PROD_18;1;1
CORD_ORD_1278;PROD_2;1;1
CORD_ORD_1278;PROD_24;1;1
CORD_ORD_1278;PROD_26;1;1
CORD_ORD_1278;PROD_3;1;1
CORD_ORD_1278;PROD_32;1;1
CORD_ORD_1278;PROD_36;1;1
CORD_ORD_1278;PROD_37;1;1
CORD_ORD_1278;PROD_41;1;1
CORD_ORD_1278;PROD_42;1;1
CORD_ORD_1278;PROD_43;1;1
CORD_ORD_1278;PROD_46;1;1
CORD_ORD_1278;PROD_47;1;1
CORD_ORD_1278;PROD_6;1;1
CORD_ORD_1278;PROD_8;1;1
CORD_ORD_1279;PROD_1;1;1
CORD_ORD_1279;PROD_12;1;1
CORD_ORD_1279;PROD_18;1;1
CORD_ORD_1279;PROD_2;1;1
CORD_ORD_1279;PROD_21;1;1
CORD_ORD_1279;PROD_24;1;1
CORD_ORD_1279;PROD_26;1;1
CORD_ORD_1279;PROD_3;1;1
CORD_ORD_1279;PROD_36;1;1
CORD_ORD_1279;PROD_37;1;1
CORD_ORD_1279;PROD_4;1;1
CORD_ORD_1279;PROD_41;1;1
CORD_ORD_1279;PROD_42;1;1
CORD_ORD_1279;PROD_46;1;1
CORD_ORD_1279;PROD_6;1;1
CORD_ORD_1280;PROD_1;1;1
CORD_ORD_1280;PROD_11;1;1
CORD_ORD_1280;PROD_13;1;1
CORD_ORD_1280;PROD_14;1;1
CORD_ORD_1280;PROD_17;1;1
CORD_ORD_1280;PROD_18;1;1
CORD_ORD_1280;PROD_2;1;1
CORD_ORD_1280;PROD_20;1;1
CORD_ORD_1280;PROD_24;1;1
CORD_ORD_1280;PROD_26;1;1
CORD_ORD_1280;PROD_27;1;1
CORD_ORD_1280;PROD_28;1;1
CORD_ORD_1280;PROD_29;1;1
CORD_ORD_1280;PROD_3;1;1
CORD_ORD_1280;PROD_31;1;1
CORD_ORD_1280;PROD_35;1;1
CORD_ORD_1280;PROD_36;1;1
CORD_ORD_1280;PROD_37;1;1
CORD_ORD_1280;PROD_38;1;1
CORD_ORD_1280;PROD_39;1;1
CORD_ORD_1280;PROD_41;1;1
CORD_ORD_1280;PROD_42;1;1
CORD_ORD_1280;PROD_46;1;1
CORD_ORD_1280;PROD_48;1;1
CORD_ORD_1280;PROD_6;1;1
CORD_ORD_1280;PROD_9;1;1
CORD_ORD_1281;PROD_10;1;1
CORD_ORD_1281;PROD_13;1;1
CORD_ORD_1281;PROD_15;1;1
CORD_ORD_1281;PROD_16;1;1
CORD_ORD_1281;PROD_17;1;1
CORD_ORD_1281;PROD_20;1;1
CORD_ORD_1281;PROD_22;1;1
CORD_ORD_1281;PROD_25;1;1
CORD_ORD_1281;PROD_26;1;1
CORD_ORD_1281;PROD_31;1;1
CORD_ORD_1281;PROD_34;1;1
CORD_ORD_1281;PROD_35;1;1
CORD_ORD_1281;PROD_38;1;1
CORD_ORD_1281;PROD_39;1;1
CORD_ORD_1281;PROD_46;1;1
CORD_ORD_1281;PROD_48;1;1
CORD_ORD_1281;PROD_49;1;1
CORD_ORD_1281;PROD_5;1;1
CORD_ORD_1281;PROD_50;1;1
CORD_ORD_1281;PROD_6;1;1
CORD_ORD_1281;PROD_7;1;1
CORD_ORD_1281;PROD_8;1;1
CORD_ORD_1282;PROD_1;1;1
CORD_ORD_1282;PROD_10;1;1
CORD_ORD_1282;PROD_14;1;1
CORD_ORD_1282;PROD_16;1;1
CORD_ORD_1282;PROD_20;1;1
CORD_ORD_1282;PROD_22;1;1
CORD_ORD_1282;PROD_25;1;1
CORD_ORD_1282;PROD_26;1;1
CORD_ORD_1282;PROD_28;1;1
CORD_ORD_1282;PROD_3;1;1
CORD_ORD_1282;PROD_35;1;1
CORD_ORD_1282;PROD_36;1;1
CORD_ORD_1282;PROD_39;1;1
CORD_ORD_1282;PROD_46;1;1
CORD_ORD_1282;PROD_50;1;1
CORD_ORD_1282;PROD_6;1;1
CORD_ORD_1282;PROD_8;1;1
CORD_ORD_1282;PROD_9;1;1
CORD_ORD_1283;PROD_12;1;1
CORD_ORD_1283;PROD_15;1;1
CORD_ORD_1283;PROD_17;1;1
CORD_ORD_1283;PROD_19;1;1
CORD_ORD_1283;PROD_20;1;1
CORD_ORD_1283;PROD_21;1;1
CORD_ORD_1283;PROD_22;1;1
CORD_ORD_1283;PROD_25;1;1
CORD_ORD_1283;PROD_26;1;1
CORD_ORD_1283;PROD_31;1;1
CORD_ORD_1283;PROD_33;1;1
CORD_ORD_1283;PROD_34;1;1
CORD_ORD_1283;PROD_35;1;1
CORD_ORD_1283;PROD_39;1;1
CORD_ORD_1283;PROD_4;1;1
CORD_ORD_1283;PROD_44;1;1
CORD_ORD_1283;PROD_46;1;1
CORD_ORD_1283;PROD_48;1;1
CORD_ORD_1283;PROD_49;1;1
CORD_ORD_1283;PROD_5;1;1
CORD_ORD_1283;PROD_50;1;1
CORD_ORD_1283;PROD_6;1;1
CORD_ORD_1283;PROD_7;1;1
CORD_ORD_1284;PROD_1;1;1
CORD_ORD_1284;PROD_17;1;1
CORD_ORD_1284;PROD_18;1;1
CORD_ORD_1284;PROD_2;1;1
CORD_ORD_1284;PROD_24;1;1
CORD_ORD_1284;PROD_26;1;1
CORD_ORD_1284;PROD_3;1;1
CORD_ORD_1284;PROD_31;1;1
CORD_ORD_1284;PROD_36;1;1
CORD_ORD_1284;PROD_37;1;1
CORD_ORD_1284;PROD_41;1;1
CORD_ORD_1284;PROD_42;1;1
CORD_ORD_1284;PROD_46;1;1
CORD_ORD_1284;PROD_48;1;1
CORD_ORD_1284;PROD_6;1;1
CORD_ORD_1285;PROD_10;1;1
CORD_ORD_1285;PROD_11;1;1
CORD_ORD_1285;PROD_16;1;1
CORD_ORD_1285;PROD_17;1;1
CORD_ORD_1285;PROD_19;1;1
CORD_ORD_1285;PROD_22;1;1
CORD_ORD_1285;PROD_25;1;1
CORD_ORD_1285;PROD_27;1;1
CORD_ORD_1285;PROD_29;1;1
CORD_ORD_1285;PROD_31;1;1
CORD_ORD_1285;PROD_32;1;1
CORD_ORD_1285;PROD_33;1;1
CORD_ORD_1285;PROD_43;1;1
CORD_ORD_1285;PROD_44;1;1
CORD_ORD_1285;PROD_47;1;1
CORD_ORD_1285;PROD_48;1;1
CORD_ORD_1285;PROD_50;1;1
CORD_ORD_1285;PROD_8;1;1
CORD_ORD_1286;PROD_1;1;1
CORD_ORD_1286;PROD_10;1;1
CORD_ORD_1286;PROD_11;1;1
CORD_ORD_1286;PROD_16;1;1
CORD_ORD_1286;PROD_18;1;1
CORD_ORD_1286;PROD_19;1;1
CORD_ORD_1286;PROD_2;1;1
CORD_ORD_1286;PROD_22;1;1
CORD_ORD_1286;PROD_24;1;1
CORD_ORD_1286;PROD_25;1;1
CORD_ORD_1286;PROD_26;1;1
CORD_ORD_1286;PROD_27;1;1
CORD_ORD_1286;PROD_29;1;1
CORD_ORD_1286;PROD_3;1;1
CORD_ORD_1286;PROD_33;1;1
CORD_ORD_1286;PROD_36;1;1
CORD_ORD_1286;PROD_37;1;1
CORD_ORD_1286;PROD_41;1;1
CORD_ORD_1286;PROD_42;1;1
CORD_ORD_1286;PROD_44;1;1
CORD_ORD_1286;PROD_46;1;1
CORD_ORD_1286;PROD_50;1;1
CORD_ORD_1286;PROD_6;1;1
CORD_ORD_1286;PROD_8;1;1
CORD_ORD_1287;PROD_1;1;1
CORD_ORD_1287;PROD_10;1;1
CORD_ORD_1287;PROD_11;1;1
CORD_ORD_1287;PROD_15;1;1
CORD_ORD_1287;PROD_16;1;1
CORD_ORD_1287;PROD_17;1;1
CORD_ORD_1287;PROD_19;1;1
CORD_ORD_1287;PROD_22;1;1
CORD_ORD_1287;PROD_25;1;1
CORD_ORD_1287;PROD_26;1;1
CORD_ORD_1287;PROD_27;1;1
CORD_ORD_1287;PROD_29;1;1
CORD_ORD_1287;PROD_3;1;1
CORD_ORD_1287;PROD_31;1;1
CORD_ORD_1287;PROD_33;1;1
CORD_ORD_1287;PROD_34;1;1
CORD_ORD_1287;PROD_36;1;1
CORD_ORD_1287;PROD_44;1;1
CORD_ORD_1287;PROD_46;1;1
CORD_ORD_1287;PROD_48;1;1
CORD_ORD_1287;PROD_49;1;1
CORD_ORD_1287;PROD_50;1;1
CORD_ORD_1287;PROD_6;1;1
CORD_ORD_1287;PROD_8;1;1
CORD_ORD_1288;PROD_1;1;1
CORD_ORD_1288;PROD_10;1;1
CORD_ORD_1288;PROD_11;1;1
CORD_ORD_1288;PROD_14;1;1
CORD_ORD_1288;PROD_15;1;1
CORD_ORD_1288;PROD_16;1;1
CORD_ORD_1288;PROD_24;1;1
CORD_ORD_1288;PROD_26;1;1
CORD_ORD_1288;PROD_27;1;1
CORD_ORD_1288;PROD_28;1;1
CORD_ORD_1288;PROD_29;1;1
CORD_ORD_1288;PROD_3;1;1
CORD_ORD_1288;PROD_30;1;1
CORD_ORD_1288;PROD_32;1;1
CORD_ORD_1288;PROD_34;1;1
CORD_ORD_1288;PROD_36;1;1
CORD_ORD_1288;PROD_37;1;1
CORD_ORD_1288;PROD_40;1;1
CORD_ORD_1288;PROD_42;1;1
CORD_ORD_1288;PROD_43;1;1
CORD_ORD_1288;PROD_46;1;1
CORD_ORD_1288;PROD_47;1;1
CORD_ORD_1288;PROD_49;1;1
CORD_ORD_1288;PROD_5;1;1
CORD_ORD_1288;PROD_6;1;1
CORD_ORD_1288;PROD_7;1;1
CORD_ORD_1288;PROD_8;1;1
CORD_ORD_1288;PROD_9;1;1
CORD_ORD_1289;PROD_1;1;1
CORD_ORD_1289;PROD_10;1;1
CORD_ORD_1289;PROD_16;1;1
CORD_ORD_1289;PROD_18;1;1
CORD_ORD_1289;PROD_2;1;1
CORD_ORD_1289;PROD_22;1;1
CORD_ORD_1289;PROD_24;1;1
CORD_ORD_1289;PROD_25;1;1
CORD_ORD_1289;PROD_26;1;1
CORD_ORD_1289;PROD_3;1;1
CORD_ORD_1289;PROD_36;1;1
CORD_ORD_1289;PROD_37;1;1
CORD_ORD_1289;PROD_41;1;1
CORD_ORD_1289;PROD_42;1;1
CORD_ORD_1289;PROD_46;1;1
CORD_ORD_1289;PROD_50;1;1
CORD_ORD_1289;PROD_6;1;1
CORD_ORD_1289;PROD_8;1;1
CORD_ORD_1290;PROD_1;1;1
CORD_ORD_1290;PROD_10;1;1
CORD_ORD_1290;PROD_12;1;1
CORD_ORD_1290;PROD_13;1;1
CORD_ORD_1290;PROD_14;1;1
CORD_ORD_1290;PROD_15;1;1
CORD_ORD_1290;PROD_16;1;1
CORD_ORD_1290;PROD_17;1;1
CORD_ORD_1290;PROD_21;1;1
CORD_ORD_1290;PROD_22;1;1
CORD_ORD_1290;PROD_25;1;1
CORD_ORD_1290;PROD_28;1;1
CORD_ORD_1290;PROD_3;1;1
CORD_ORD_1290;PROD_31;1;1
CORD_ORD_1290;PROD_34;1;1
CORD_ORD_1290;PROD_36;1;1
CORD_ORD_1290;PROD_38;1;1
CORD_ORD_1290;PROD_4;1;1
CORD_ORD_1290;PROD_48;1;1
CORD_ORD_1290;PROD_49;1;1
CORD_ORD_1290;PROD_50;1;1
CORD_ORD_1290;PROD_8;1;1
CORD_ORD_1290;PROD_9;1;1
CORD_ORD_1291;PROD_10;1;1
CORD_ORD_1291;PROD_11;1;1
CORD_ORD_1291;PROD_14;1;1
CORD_ORD_1291;PROD_15;1;1
CORD_ORD_1291;PROD_16;1;1
CORD_ORD_1291;PROD_17;1;1
CORD_ORD_1291;PROD_22;1;1
CORD_ORD_1291;PROD_23;1;1
CORD_ORD_1291;PROD_25;1;1
CORD_ORD_1291;PROD_26;1;1
CORD_ORD_1291;PROD_27;1;1
CORD_ORD_1291;PROD_28;1;1
CORD_ORD_1291;PROD_29;1;1
CORD_ORD_1291;PROD_31;1;1
CORD_ORD_1291;PROD_32;1;1
CORD_ORD_1291;PROD_34;1;1
CORD_ORD_1291;PROD_43;1;1
CORD_ORD_1291;PROD_45;1;1
CORD_ORD_1291;PROD_46;1;1
CORD_ORD_1291;PROD_47;1;1
CORD_ORD_1291;PROD_48;1;1
CORD_ORD_1291;PROD_49;1;1
CORD_ORD_1291;PROD_50;1;1
CORD_ORD_1291;PROD_6;1;1
CORD_ORD_1291;PROD_8;1;1
CORD_ORD_1291;PROD_9;1;1
CORD_ORD_1292;PROD_1;1;1
CORD_ORD_1292;PROD_10;1;1
CORD_ORD_1292;PROD_16;1;1
CORD_ORD_1292;PROD_22;1;1
CORD_ORD_1292;PROD_25;1;1
CORD_ORD_1292;PROD_3;1;1
CORD_ORD_1292;PROD_36;1;1
CORD_ORD_1292;PROD_50;1;1
CORD_ORD_1292;PROD_8;1;1
CORD_ORD_1293;PROD_10;1;1
CORD_ORD_1293;PROD_13;1;1
CORD_ORD_1293;PROD_15;1;1
CORD_ORD_1293;PROD_16;1;1
CORD_ORD_1293;PROD_17;1;1
CORD_ORD_1293;PROD_31;1;1
CORD_ORD_1293;PROD_32;1;1
CORD_ORD_1293;PROD_34;1;1
CORD_ORD_1293;PROD_38;1;1
CORD_ORD_1293;PROD_43;1;1
CORD_ORD_1293;PROD_47;1;1
CORD_ORD_1293;PROD_48;1;1
CORD_ORD_1293;PROD_49;1;1
CORD_ORD_1293;PROD_5;1;1
CORD_ORD_1293;PROD_7;1;1
CORD_ORD_1293;PROD_8;1;1
CORD_ORD_1294;PROD_1;1;1
CORD_ORD_1294;PROD_10;1;1
CORD_ORD_1294;PROD_11;1;1
CORD_ORD_1294;PROD_13;1;1
CORD_ORD_1294;PROD_16;1;1
CORD_ORD_1294;PROD_20;1;1
CORD_ORD_1294;PROD_23;1;1
CORD_ORD_1294;PROD_24;1;1
CORD_ORD_1294;PROD_27;1;1
CORD_ORD_1294;PROD_29;1;1
CORD_ORD_1294;PROD_3;1;1
CORD_ORD_1294;PROD_32;1;1
CORD_ORD_1294;PROD_35;1;1
CORD_ORD_1294;PROD_36;1;1
CORD_ORD_1294;PROD_37;1;1
CORD_ORD_1294;PROD_38;1;1
CORD_ORD_1294;PROD_39;1;1
CORD_ORD_1294;PROD_42;1;1
CORD_ORD_1294;PROD_43;1;1
CORD_ORD_1294;PROD_45;1;1
CORD_ORD_1294;PROD_47;1;1
CORD_ORD_1294;PROD_5;1;1
CORD_ORD_1294;PROD_7;1;1
CORD_ORD_1294;PROD_8;1;1
CORD_ORD_1295;PROD_13;1;1
CORD_ORD_1295;PROD_14;1;1
CORD_ORD_1295;PROD_17;1;1
CORD_ORD_1295;PROD_18;1;1
CORD_ORD_1295;PROD_2;1;1
CORD_ORD_1295;PROD_20;1;1
CORD_ORD_1295;PROD_22;1;1
CORD_ORD_1295;PROD_25;1;1
CORD_ORD_1295;PROD_26;1;1
CORD_ORD_1295;PROD_28;1;1
CORD_ORD_1295;PROD_31;1;1
CORD_ORD_1295;PROD_35;1;1
CORD_ORD_1295;PROD_38;1;1
CORD_ORD_1295;PROD_39;1;1
CORD_ORD_1295;PROD_41;1;1
CORD_ORD_1295;PROD_46;1;1
CORD_ORD_1295;PROD_48;1;1
CORD_ORD_1295;PROD_50;1;1
CORD_ORD_1295;PROD_6;1;1
CORD_ORD_1295;PROD_9;1;1
CORD_ORD_1296;PROD_1;1;1
CORD_ORD_1296;PROD_10;1;1
CORD_ORD_1296;PROD_16;1;1
CORD_ORD_1296;PROD_19;1;1
CORD_ORD_1296;PROD_23;1;1
CORD_ORD_1296;PROD_26;1;1
CORD_ORD_1296;PROD_3;1;1
CORD_ORD_1296;PROD_33;1;1
CORD_ORD_1296;PROD_36;1;1
CORD_ORD_1296;PROD_44;1;1
CORD_ORD_1296;PROD_45;1;1
CORD_ORD_1296;PROD_46;1;1
CORD_ORD_1296;PROD_6;1;1
CORD_ORD_1296;PROD_8;1;1
CORD_ORD_1297;PROD_10;1;1
CORD_ORD_1297;PROD_12;1;1
CORD_ORD_1297;PROD_14;1;1
CORD_ORD_1297;PROD_16;1;1
CORD_ORD_1297;PROD_17;1;1
CORD_ORD_1297;PROD_18;1;1
CORD_ORD_1297;PROD_2;1;1
CORD_ORD_1297;PROD_21;1;1
CORD_ORD_1297;PROD_28;1;1
CORD_ORD_1297;PROD_30;1;1
CORD_ORD_1297;PROD_31;1;1
CORD_ORD_1297;PROD_4;1;1
CORD_ORD_1297;PROD_40;1;1
CORD_ORD_1297;PROD_41;1;1
CORD_ORD_1297;PROD_48;1;1
CORD_ORD_1297;PROD_8;1;1
CORD_ORD_1297;PROD_9;1;1
CORD_ORD_1298;PROD_1;1;1
CORD_ORD_1298;PROD_18;1;1
CORD_ORD_1298;PROD_2;1;1
CORD_ORD_1298;PROD_24;1;1
CORD_ORD_1298;PROD_26;1;1
CORD_ORD_1298;PROD_3;1;1
CORD_ORD_1298;PROD_32;1;1
CORD_ORD_1298;PROD_36;1;1
CORD_ORD_1298;PROD_37;1;1
CORD_ORD_1298;PROD_41;1;1
CORD_ORD_1298;PROD_42;1;1
CORD_ORD_1298;PROD_43;1;1
CORD_ORD_1298;PROD_46;1;1
CORD_ORD_1298;PROD_47;1;1
CORD_ORD_1298;PROD_6;1;1
CORD_ORD_1299;PROD_10;1;1
CORD_ORD_1299;PROD_11;1;1
CORD_ORD_1299;PROD_12;1;1
CORD_ORD_1299;PROD_13;1;1
CORD_ORD_1299;PROD_15;1;1
CORD_ORD_1299;PROD_16;1;1
CORD_ORD_1299;PROD_21;1;1
CORD_ORD_1299;PROD_22;1;1
CORD_ORD_1299;PROD_25;1;1
CORD_ORD_1299;PROD_27;1;1
CORD_ORD_1299;PROD_29;1;1
CORD_ORD_1299;PROD_32;1;1
CORD_ORD_1299;PROD_34;1;1
CORD_ORD_1299;PROD_38;1;1
CORD_ORD_1299;PROD_4;1;1
CORD_ORD_1299;PROD_43;1;1
CORD_ORD_1299;PROD_47;1;1
CORD_ORD_1299;PROD_49;1;1
CORD_ORD_1299;PROD_5;1;1
CORD_ORD_1299;PROD_50;1;1
CORD_ORD_1299;PROD_7;1;1
CORD_ORD_1299;PROD_8;1;1
CORD_ORD_1300;PROD_1;1;1
CORD_ORD_1300;PROD_12;1;1
CORD_ORD_1300;PROD_15;1;1
CORD_ORD_1300;PROD_17;1;1
CORD_ORD_1300;PROD_18;1;1
CORD_ORD_1300;PROD_2;1;1
CORD_ORD_1300;PROD_21;1;1
CORD_ORD_1300;PROD_24;1;1
CORD_ORD_1300;PROD_26;1;1
CORD_ORD_1300;PROD_3;1;1
CORD_ORD_1300;PROD_31;1;1
CORD_ORD_1300;PROD_32;1;1
CORD_ORD_1300;PROD_34;1;1
CORD_ORD_1300;PROD_36;1;1
CORD_ORD_1300;PROD_37;1;1
CORD_ORD_1300;PROD_4;1;1
CORD_ORD_1300;PROD_41;1;1
CORD_ORD_1300;PROD_42;1;1
CORD_ORD_1300;PROD_43;1;1
CORD_ORD_1300;PROD_46;1;1
CORD_ORD_1300;PROD_47;1;1
CORD_ORD_1300;PROD_48;1;1
CORD_ORD_1300;PROD_49;1;1
CORD_ORD_1300;PROD_6;1;1
CORD_ORD_1301;PROD_1;1;1
CORD_ORD_1301;PROD_12;1;1
CORD_ORD_1301;PROD_15;1;1
CORD_ORD_1301;PROD_17;1;1
CORD_ORD_1301;PROD_18;1;1
CORD_ORD_1301;PROD_2;1;1
CORD_ORD_1301;PROD_21;1;1
CORD_ORD_1301;PROD_23;1;1
CORD_ORD_1301;PROD_3;1;1
CORD_ORD_1301;PROD_31;1;1
CORD_ORD_1301;PROD_32;1;1
CORD_ORD_1301;PROD_34;1;1
CORD_ORD_1301;PROD_36;1;1
CORD_ORD_1301;PROD_4;1;1
CORD_ORD_1301;PROD_41;1;1
CORD_ORD_1301;PROD_43;1;1
CORD_ORD_1301;PROD_45;1;1
CORD_ORD_1301;PROD_47;1;1
CORD_ORD_1301;PROD_48;1;1
CORD_ORD_1301;PROD_49;1;1
CORD_ORD_1302;PROD_10;1;1
CORD_ORD_1302;PROD_16;1;1
CORD_ORD_1302;PROD_18;1;1
CORD_ORD_1302;PROD_19;1;1
CORD_ORD_1302;PROD_2;1;1
CORD_ORD_1302;PROD_24;1;1
CORD_ORD_1302;PROD_30;1;1
CORD_ORD_1302;PROD_32;1;1
CORD_ORD_1302;PROD_33;1;1
CORD_ORD_1302;PROD_37;1;1
CORD_ORD_1302;PROD_40;1;1
CORD_ORD_1302;PROD_41;1;1
CORD_ORD_1302;PROD_42;1;1
CORD_ORD_1302;PROD_43;1;1
CORD_ORD_1302;PROD_44;1;1
CORD_ORD_1302;PROD_47;1;1
CORD_ORD_1302;PROD_8;1;1
CORD_ORD_1303;PROD_10;1;1
CORD_ORD_1303;PROD_11;1;1
CORD_ORD_1303;PROD_12;1;1
CORD_ORD_1303;PROD_13;1;1
CORD_ORD_1303;PROD_15;1;1
CORD_ORD_1303;PROD_16;1;1
CORD_ORD_1303;PROD_17;1;1
CORD_ORD_1303;PROD_19;1;1
CORD_ORD_1303;PROD_21;1;1
CORD_ORD_1303;PROD_22;1;1
CORD_ORD_1303;PROD_25;1;1
CORD_ORD_1303;PROD_26;1;1
CORD_ORD_1303;PROD_27;1;1
CORD_ORD_1303;PROD_29;1;1
CORD_ORD_1303;PROD_31;1;1
CORD_ORD_1303;PROD_33;1;1
CORD_ORD_1303;PROD_34;1;1
CORD_ORD_1303;PROD_38;1;1
CORD_ORD_1303;PROD_4;1;1
CORD_ORD_1303;PROD_44;1;1
CORD_ORD_1303;PROD_46;1;1
CORD_ORD_1303;PROD_48;1;1
CORD_ORD_1303;PROD_49;1;1
CORD_ORD_1303;PROD_50;1;1
CORD_ORD_1303;PROD_6;1;1
CORD_ORD_1303;PROD_8;1;1
CORD_ORD_1304;PROD_1;1;1
CORD_ORD_1304;PROD_10;1;1
CORD_ORD_1304;PROD_11;1;1
CORD_ORD_1304;PROD_16;1;1
CORD_ORD_1304;PROD_17;1;1
CORD_ORD_1304;PROD_19;1;1
CORD_ORD_1304;PROD_22;1;1
CORD_ORD_1304;PROD_25;1;1
CORD_ORD_1304;PROD_26;1;1
CORD_ORD_1304;PROD_27;1;1
CORD_ORD_1304;PROD_29;1;1
CORD_ORD_1304;PROD_3;1;1
CORD_ORD_1304;PROD_31;1;1
CORD_ORD_1304;PROD_32;1;1
CORD_ORD_1304;PROD_33;1;1
CORD_ORD_1304;PROD_36;1;1
CORD_ORD_1304;PROD_43;1;1
CORD_ORD_1304;PROD_44;1;1
CORD_ORD_1304;PROD_46;1;1
CORD_ORD_1304;PROD_47;1;1
CORD_ORD_1304;PROD_48;1;1
CORD_ORD_1304;PROD_50;1;1
CORD_ORD_1304;PROD_6;1;1
CORD_ORD_1304;PROD_8;1;1
CORD_ORD_1305;PROD_10;1;1
CORD_ORD_1305;PROD_13;1;1
CORD_ORD_1305;PROD_15;1;1
CORD_ORD_1305;PROD_16;1;1
CORD_ORD_1305;PROD_20;1;1
CORD_ORD_1305;PROD_32;1;1
CORD_ORD_1305;PROD_34;1;1
CORD_ORD_1305;PROD_35;1;1
CORD_ORD_1305;PROD_38;1;1
CORD_ORD_1305;PROD_39;1;1
CORD_ORD_1305;PROD_43;1;1
CORD_ORD_1305;PROD_47;1;1
CORD_ORD_1305;PROD_49;1;1
CORD_ORD_1305;PROD_8;1;1
CORD_ORD_1306;PROD_10;1;1
CORD_ORD_1306;PROD_13;1;1
CORD_ORD_1306;PROD_15;1;1
CORD_ORD_1306;PROD_16;1;1
CORD_ORD_1306;PROD_17;1;1
CORD_ORD_1306;PROD_20;1;1
CORD_ORD_1306;PROD_22;1;1
CORD_ORD_1306;PROD_25;1;1
CORD_ORD_1306;PROD_26;1;1
CORD_ORD_1306;PROD_31;1;1
CORD_ORD_1306;PROD_34;1;1
CORD_ORD_1306;PROD_35;1;1
CORD_ORD_1306;PROD_38;1;1
CORD_ORD_1306;PROD_39;1;1
CORD_ORD_1306;PROD_46;1;1
CORD_ORD_1306;PROD_48;1;1
CORD_ORD_1306;PROD_49;1;1
CORD_ORD_1306;PROD_50;1;1
CORD_ORD_1306;PROD_6;1;1
CORD_ORD_1306;PROD_8;1;1
CORD_ORD_1307;PROD_12;1;1
CORD_ORD_1307;PROD_13;1;1
CORD_ORD_1307;PROD_18;1;1
CORD_ORD_1307;PROD_19;1;1
CORD_ORD_1307;PROD_2;1;1
CORD_ORD_1307;PROD_21;1;1
CORD_ORD_1307;PROD_30;1;1
CORD_ORD_1307;PROD_33;1;1
CORD_ORD_1307;PROD_38;1;1
CORD_ORD_1307;PROD_4;1;1
CORD_ORD_1307;PROD_40;1;1
CORD_ORD_1307;PROD_41;1;1
CORD_ORD_1307;PROD_44;1;1
CORD_ORD_1307;PROD_5;1;1
CORD_ORD_1307;PROD_7;1;1
CORD_ORD_1308;PROD_11;1;1
CORD_ORD_1308;PROD_15;1;1
CORD_ORD_1308;PROD_18;1;1
CORD_ORD_1308;PROD_2;1;1
CORD_ORD_1308;PROD_20;1;1
CORD_ORD_1308;PROD_23;1;1
CORD_ORD_1308;PROD_24;1;1
CORD_ORD_1308;PROD_27;1;1
CORD_ORD_1308;PROD_29;1;1
CORD_ORD_1308;PROD_32;1;1
CORD_ORD_1308;PROD_34;1;1
CORD_ORD_1308;PROD_35;1;1
CORD_ORD_1308;PROD_37;1;1
CORD_ORD_1308;PROD_39;1;1
CORD_ORD_1308;PROD_41;1;1
CORD_ORD_1308;PROD_42;1;1
CORD_ORD_1308;PROD_43;1;1
CORD_ORD_1308;PROD_45;1;1
CORD_ORD_1308;PROD_47;1;1
CORD_ORD_1308;PROD_49;1;1
CORD_ORD_1309;PROD_1;1;1
CORD_ORD_1309;PROD_10;1;1
CORD_ORD_1309;PROD_11;1;1
CORD_ORD_1309;PROD_14;1;1
CORD_ORD_1309;PROD_16;1;1
CORD_ORD_1309;PROD_17;1;1
CORD_ORD_1309;PROD_19;1;1
CORD_ORD_1309;PROD_20;1;1
CORD_ORD_1309;PROD_22;1;1
CORD_ORD_1309;PROD_25;1;1
CORD_ORD_1309;PROD_27;1;1
CORD_ORD_1309;PROD_28;1;1
CORD_ORD_1309;PROD_29;1;1
CORD_ORD_1309;PROD_3;1;1
CORD_ORD_1309;PROD_31;1;1
CORD_ORD_1309;PROD_33;1;1
CORD_ORD_1309;PROD_35;1;1
CORD_ORD_1309;PROD_36;1;1
CORD_ORD_1309;PROD_39;1;1
CORD_ORD_1309;PROD_44;1;1
CORD_ORD_1309;PROD_48;1;1
CORD_ORD_1309;PROD_50;1;1
CORD_ORD_1309;PROD_8;1;1
CORD_ORD_1309;PROD_9;1;1
CORD_ORD_1310;PROD_1;1;1
CORD_ORD_1310;PROD_10;1;1
CORD_ORD_1310;PROD_11;1;1
CORD_ORD_1310;PROD_13;1;1
CORD_ORD_1310;PROD_14;1;1
CORD_ORD_1310;PROD_16;1;1
CORD_ORD_1310;PROD_20;1;1
CORD_ORD_1310;PROD_27;1;1
CORD_ORD_1310;PROD_28;1;1
CORD_ORD_1310;PROD_29;1;1
CORD_ORD_1310;PROD_3;1;1
CORD_ORD_1310;PROD_32;1;1
CORD_ORD_1310;PROD_35;1;1
CORD_ORD_1310;PROD_36;1;1
CORD_ORD_1310;PROD_38;1;1
CORD_ORD_1310;PROD_39;1;1
CORD_ORD_1310;PROD_43;1;1
CORD_ORD_1310;PROD_47;1;1
CORD_ORD_1310;PROD_8;1;1
CORD_ORD_1310;PROD_9;1;1
CORD_ORD_1311;PROD_10;1;1
CORD_ORD_1311;PROD_11;1;1
CORD_ORD_1311;PROD_14;1;1
CORD_ORD_1311;PROD_16;1;1
CORD_ORD_1311;PROD_17;1;1
CORD_ORD_1311;PROD_26;1;1
CORD_ORD_1311;PROD_27;1;1
CORD_ORD_1311;PROD_28;1;1
CORD_ORD_1311;PROD_29;1;1
CORD_ORD_1311;PROD_31;1;1
CORD_ORD_1311;PROD_32;1;1
CORD_ORD_1311;PROD_43;1;1
CORD_ORD_1311;PROD_46;1;1
CORD_ORD_1311;PROD_47;1;1
CORD_ORD_1311;PROD_48;1;1
CORD_ORD_1311;PROD_6;1;1
CORD_ORD_1311;PROD_8;1;1
CORD_ORD_1311;PROD_9;1;1
CORD_ORD_1312;PROD_1;1;1
CORD_ORD_1312;PROD_10;1;1
CORD_ORD_1312;PROD_11;1;1
CORD_ORD_1312;PROD_16;1;1
CORD_ORD_1312;PROD_17;1;1
CORD_ORD_1312;PROD_26;1;1
CORD_ORD_1312;PROD_27;1;1
CORD_ORD_1312;PROD_29;1;1
CORD_ORD_1312;PROD_3;1;1
CORD_ORD_1312;PROD_31;1;1
CORD_ORD_1312;PROD_32;1;1
CORD_ORD_1312;PROD_36;1;1
CORD_ORD_1312;PROD_43;1;1
CORD_ORD_1312;PROD_46;1;1
CORD_ORD_1312;PROD_47;1;1
CORD_ORD_1312;PROD_48;1;1
CORD_ORD_1312;PROD_6;1;1
CORD_ORD_1312;PROD_8;1;1
CORD_ORD_1313;PROD_1;1;1
CORD_ORD_1313;PROD_10;1;1
CORD_ORD_1313;PROD_16;1;1
CORD_ORD_1313;PROD_23;1;1
CORD_ORD_1313;PROD_26;1;1
CORD_ORD_1313;PROD_3;1;1
CORD_ORD_1313;PROD_36;1;1
CORD_ORD_1313;PROD_45;1;1
CORD_ORD_1313;PROD_46;1;1
CORD_ORD_1313;PROD_6;1;1
CORD_ORD_1313;PROD_8;1;1
CORD_ORD_1314;PROD_1;1;1
CORD_ORD_1314;PROD_10;1;1
CORD_ORD_1314;PROD_11;1;1
CORD_ORD_1314;PROD_13;1;1
CORD_ORD_1314;PROD_16;1;1
CORD_ORD_1314;PROD_19;1;1
CORD_ORD_1314;PROD_20;1;1
CORD_ORD_1314;PROD_22;1;1
CORD_ORD_1314;PROD_25;1;1
CORD_ORD_1314;PROD_26;1;1
CORD_ORD_1314;PROD_27;1;1
CORD_ORD_1314;PROD_29;1;1
CORD_ORD_1314;PROD_3;1;1
CORD_ORD_1314;PROD_33;1;1
CORD_ORD_1314;PROD_35;1;1
CORD_ORD_1314;PROD_36;1;1
CORD_ORD_1314;PROD_38;1;1
CORD_ORD_1314;PROD_39;1;1
CORD_ORD_1314;PROD_44;1;1
CORD_ORD_1314;PROD_46;1;1
CORD_ORD_1314;PROD_50;1;1
CORD_ORD_1314;PROD_6;1;1
CORD_ORD_1314;PROD_8;1;1
CORD_ORD_1315;PROD_1;1;1
CORD_ORD_1315;PROD_11;1;1
CORD_ORD_1315;PROD_14;1;1
CORD_ORD_1315;PROD_17;1;1
CORD_ORD_1315;PROD_19;1;1
CORD_ORD_1315;PROD_20;1;1
CORD_ORD_1315;PROD_23;1;1
CORD_ORD_1315;PROD_24;1;1
CORD_ORD_1315;PROD_27;1;1
CORD_ORD_1315;PROD_28;1;1
CORD_ORD_1315;PROD_29;1;1
CORD_ORD_1315;PROD_3;1;1
CORD_ORD_1315;PROD_31;1;1
CORD_ORD_1315;PROD_32;1;1
CORD_ORD_1315;PROD_33;1;1
CORD_ORD_1315;PROD_35;1;1
CORD_ORD_1315;PROD_36;1;1
CORD_ORD_1315;PROD_37;1;1
CORD_ORD_1315;PROD_39;1;1
CORD_ORD_1315;PROD_42;1;1
CORD_ORD_1315;PROD_43;1;1
CORD_ORD_1315;PROD_44;1;1
CORD_ORD_1315;PROD_45;1;1
CORD_ORD_1315;PROD_47;1;1
CORD_ORD_1315;PROD_48;1;1
CORD_ORD_1315;PROD_9;1;1
CORD_ORD_1316;PROD_11;1;1
CORD_ORD_1316;PROD_12;1;1
CORD_ORD_1316;PROD_13;1;1
CORD_ORD_1316;PROD_19;1;1
CORD_ORD_1316;PROD_21;1;1
CORD_ORD_1316;PROD_23;1;1
CORD_ORD_1316;PROD_27;1;1
CORD_ORD_1316;PROD_29;1;1
CORD_ORD_1316;PROD_33;1;1
CORD_ORD_1316;PROD_38;1;1
CORD_ORD_1316;PROD_4;1;1
CORD_ORD_1316;PROD_44;1;1
CORD_ORD_1316;PROD_45;1;1
CORD_ORD_1317;PROD_10;1;1
CORD_ORD_1317;PROD_11;1;1
CORD_ORD_1317;PROD_13;1;1
CORD_ORD_1317;PROD_15;1;1
CORD_ORD_1317;PROD_16;1;1
CORD_ORD_1317;PROD_18;1;1
CORD_ORD_1317;PROD_19;1;1
CORD_ORD_1317;PROD_2;1;1
CORD_ORD_1317;PROD_22;1;1
CORD_ORD_1317;PROD_25;1;1
CORD_ORD_1317;PROD_27;1;1
CORD_ORD_1317;PROD_29;1;1
CORD_ORD_1317;PROD_33;1;1
CORD_ORD_1317;PROD_34;1;1
CORD_ORD_1317;PROD_38;1;1
CORD_ORD_1317;PROD_41;1;1
CORD_ORD_1317;PROD_44;1;1
CORD_ORD_1317;PROD_49;1;1
CORD_ORD_1317;PROD_50;1;1
CORD_ORD_1317;PROD_8;1;1
CORD_ORD_1318;PROD_1;1;1
CORD_ORD_1318;PROD_10;1;1
CORD_ORD_1318;PROD_11;1;1
CORD_ORD_1318;PROD_12;1;1
CORD_ORD_1318;PROD_16;1;1
CORD_ORD_1318;PROD_18;1;1
CORD_ORD_1318;PROD_19;1;1
CORD_ORD_1318;PROD_2;1;1
CORD_ORD_1318;PROD_20;1;1
CORD_ORD_1318;PROD_21;1;1
CORD_ORD_1318;PROD_22;1;1
CORD_ORD_1318;PROD_24;1;1
CORD_ORD_1318;PROD_25;1;1
CORD_ORD_1318;PROD_27;1;1
CORD_ORD_1318;PROD_29;1;1
CORD_ORD_1318;PROD_3;1;1
CORD_ORD_1318;PROD_32;1;1
CORD_ORD_1318;PROD_33;1;1
CORD_ORD_1318;PROD_35;1;1
CORD_ORD_1318;PROD_36;1;1
CORD_ORD_1318;PROD_37;1;1
CORD_ORD_1318;PROD_39;1;1
CORD_ORD_1318;PROD_4;1;1
CORD_ORD_1318;PROD_41;1;1
CORD_ORD_1318;PROD_42;1;1
CORD_ORD_1318;PROD_43;1;1
CORD_ORD_1318;PROD_44;1;1
CORD_ORD_1318;PROD_47;1;1
CORD_ORD_1318;PROD_50;1;1
CORD_ORD_1318;PROD_8;1;1
CORD_ORD_1319;PROD_1;1;1
CORD_ORD_1319;PROD_10;1;1
CORD_ORD_1319;PROD_11;1;1
CORD_ORD_1319;PROD_16;1;1
CORD_ORD_1319;PROD_17;1;1
CORD_ORD_1319;PROD_19;1;1
CORD_ORD_1319;PROD_22;1;1
CORD_ORD_1319;PROD_24;1;1
CORD_ORD_1319;PROD_25;1;1
CORD_ORD_1319;PROD_26;1;1
CORD_ORD_1319;PROD_27;1;1
CORD_ORD_1319;PROD_29;1;1
CORD_ORD_1319;PROD_3;1;1
CORD_ORD_1319;PROD_31;1;1
CORD_ORD_1319;PROD_32;1;1
CORD_ORD_1319;PROD_33;1;1
CORD_ORD_1319;PROD_36;1;1
CORD_ORD_1319;PROD_37;1;1
CORD_ORD_1319;PROD_42;1;1
CORD_ORD_1319;PROD_43;1;1
CORD_ORD_1319;PROD_44;1;1
CORD_ORD_1319;PROD_46;1;1
CORD_ORD_1319;PROD_47;1;1
CORD_ORD_1319;PROD_48;1;1
CORD_ORD_1319;PROD_50;1;1
CORD_ORD_1319;PROD_6;1;1
CORD_ORD_1319;PROD_8;1;1
CORD_ORD_1320;PROD_10;1;1
CORD_ORD_1320;PROD_11;1;1
CORD_ORD_1320;PROD_14;1;1
CORD_ORD_1320;PROD_16;1;1
CORD_ORD_1320;PROD_22;1;1
CORD_ORD_1320;PROD_25;1;1
CORD_ORD_1320;PROD_27;1;1
CORD_ORD_1320;PROD_28;1;1
CORD_ORD_1320;PROD_29;1;1
CORD_ORD_1320;PROD_32;1;1
CORD_ORD_1320;PROD_43;1;1
CORD_ORD_1320;PROD_47;1;1
CORD_ORD_1320;PROD_50;1;1
CORD_ORD_1320;PROD_8;1;1
CORD_ORD_1320;PROD_9;1;1
CORD_ORD_1321;PROD_1;1;1
CORD_ORD_1321;PROD_12;1;1
CORD_ORD_1321;PROD_13;1;1
CORD_ORD_1321;PROD_18;1;1
CORD_ORD_1321;PROD_2;1;1
CORD_ORD_1321;PROD_21;1;1
CORD_ORD_1321;PROD_24;1;1
CORD_ORD_1321;PROD_26;1;1
CORD_ORD_1321;PROD_3;1;1
CORD_ORD_1321;PROD_36;1;1
CORD_ORD_1321;PROD_37;1;1
CORD_ORD_1321;PROD_38;1;1
CORD_ORD_1321;PROD_4;1;1
CORD_ORD_1321;PROD_41;1;1
CORD_ORD_1321;PROD_42;1;1
CORD_ORD_1321;PROD_46;1;1
CORD_ORD_1321;PROD_6;1;1
CORD_ORD_1322;PROD_1;1;1
CORD_ORD_1322;PROD_15;1;1
CORD_ORD_1322;PROD_17;1;1
CORD_ORD_1322;PROD_18;1;1
CORD_ORD_1322;PROD_2;1;1
CORD_ORD_1322;PROD_22;1;1
CORD_ORD_1322;PROD_24;1;1
CORD_ORD_1322;PROD_25;1;1
CORD_ORD_1322;PROD_26;1;1
CORD_ORD_1322;PROD_3;1;1
CORD_ORD_1322;PROD_31;1;1
CORD_ORD_1322;PROD_34;1;1
CORD_ORD_1322;PROD_36;1;1
CORD_ORD_1322;PROD_37;1;1
CORD_ORD_1322;PROD_41;1;1
CORD_ORD_1322;PROD_42;1;1
CORD_ORD_1322;PROD_46;1;1
CORD_ORD_1322;PROD_48;1;1
CORD_ORD_1322;PROD_49;1;1
CORD_ORD_1322;PROD_50;1;1
CORD_ORD_1322;PROD_6;1;1
CORD_ORD_1323;PROD_10;1;1
CORD_ORD_1323;PROD_11;1;1
CORD_ORD_1323;PROD_12;1;1
CORD_ORD_1323;PROD_14;1;1
CORD_ORD_1323;PROD_15;1;1
CORD_ORD_1323;PROD_16;1;1
CORD_ORD_1323;PROD_17;1;1
CORD_ORD_1323;PROD_18;1;1
CORD_ORD_1323;PROD_2;1;1
CORD_ORD_1323;PROD_21;1;1
CORD_ORD_1323;PROD_22;1;1
CORD_ORD_1323;PROD_25;1;1
CORD_ORD_1323;PROD_26;1;1
CORD_ORD_1323;PROD_27;1;1
CORD_ORD_1323;PROD_28;1;1
CORD_ORD_1323;PROD_29;1;1
CORD_ORD_1323;PROD_30;1;1
CORD_ORD_1323;PROD_31;1;1
CORD_ORD_1323;PROD_32;1;1
CORD_ORD_1323;PROD_34;1;1
CORD_ORD_1323;PROD_4;1;1
CORD_ORD_1323;PROD_40;1;1
CORD_ORD_1323;PROD_41;1;1
CORD_ORD_1323;PROD_43;1;1
CORD_ORD_1323;PROD_46;1;1
CORD_ORD_1323;PROD_47;1;1
CORD_ORD_1323;PROD_48;1;1
CORD_ORD_1323;PROD_49;1;1
CORD_ORD_1323;PROD_50;1;1
CORD_ORD_1323;PROD_6;1;1
CORD_ORD_1323;PROD_8;1;1
CORD_ORD_1323;PROD_9;1;1
CORD_ORD_1324;PROD_10;1;1
CORD_ORD_1324;PROD_14;1;1
CORD_ORD_1324;PROD_15;1;1
CORD_ORD_1324;PROD_16;1;1
CORD_ORD_1324;PROD_17;1;1
CORD_ORD_1324;PROD_18;1;1
CORD_ORD_1324;PROD_2;1;1
CORD_ORD_1324;PROD_22;1;1
CORD_ORD_1324;PROD_25;1;1
CORD_ORD_1324;PROD_26;1;1
CORD_ORD_1324;PROD_28;1;1
CORD_ORD_1324;PROD_31;1;1
CORD_ORD_1324;PROD_34;1;1
CORD_ORD_1324;PROD_41;1;1
CORD_ORD_1324;PROD_46;1;1
CORD_ORD_1324;PROD_48;1;1
CORD_ORD_1324;PROD_49;1;1
CORD_ORD_1324;PROD_50;1;1
CORD_ORD_1324;PROD_6;1;1
CORD_ORD_1324;PROD_8;1;1
CORD_ORD_1324;PROD_9;1;1
CORD_ORD_1325;PROD_1;1;1
CORD_ORD_1325;PROD_10;1;1
CORD_ORD_1325;PROD_16;1;1
CORD_ORD_1325;PROD_18;1;1
CORD_ORD_1325;PROD_2;1;1
CORD_ORD_1325;PROD_22;1;1
CORD_ORD_1325;PROD_24;1;1
CORD_ORD_1325;PROD_25;1;1
CORD_ORD_1325;PROD_26;1;1
CORD_ORD_1325;PROD_3;1;1
CORD_ORD_1325;PROD_36;1;1
CORD_ORD_1325;PROD_37;1;1
CORD_ORD_1325;PROD_41;1;1
CORD_ORD_1325;PROD_42;1;1
CORD_ORD_1325;PROD_46;1;1
CORD_ORD_1325;PROD_50;1;1
CORD_ORD_1325;PROD_6;1;1
CORD_ORD_1325;PROD_8;1;1
CORD_ORD_1326;PROD_1;1;1
CORD_ORD_1326;PROD_10;1;1
CORD_ORD_1326;PROD_13;1;1
CORD_ORD_1326;PROD_15;1;1
CORD_ORD_1326;PROD_16;1;1
CORD_ORD_1326;PROD_20;1;1
CORD_ORD_1326;PROD_3;1;1
CORD_ORD_1326;PROD_34;1;1
CORD_ORD_1326;PROD_35;1;1
CORD_ORD_1326;PROD_36;1;1
CORD_ORD_1326;PROD_38;1;1
CORD_ORD_1326;PROD_39;1;1
CORD_ORD_1326;PROD_49;1;1
CORD_ORD_1326;PROD_8;1;1
CORD_ORD_1327;PROD_10;1;1
CORD_ORD_1327;PROD_11;1;1
CORD_ORD_1327;PROD_16;1;1
CORD_ORD_1327;PROD_19;1;1
CORD_ORD_1327;PROD_22;1;1
CORD_ORD_1327;PROD_25;1;1
CORD_ORD_1327;PROD_27;1;1
CORD_ORD_1327;PROD_29;1;1
CORD_ORD_1327;PROD_33;1;1
CORD_ORD_1327;PROD_44;1;1
CORD_ORD_1327;PROD_50;1;1
CORD_ORD_1327;PROD_8;1;1
CORD_ORD_1328;PROD_1;1;1
CORD_ORD_1328;PROD_11;1;1
CORD_ORD_1328;PROD_12;1;1
CORD_ORD_1328;PROD_13;1;1
CORD_ORD_1328;PROD_18;1;1
CORD_ORD_1328;PROD_19;1;1
CORD_ORD_1328;PROD_2;1;1
CORD_ORD_1328;PROD_20;1;1
CORD_ORD_1328;PROD_21;1;1
CORD_ORD_1328;PROD_26;1;1
CORD_ORD_1328;PROD_27;1;1
CORD_ORD_1328;PROD_29;1;1
CORD_ORD_1328;PROD_3;1;1
CORD_ORD_1328;PROD_33;1;1
CORD_ORD_1328;PROD_35;1;1
CORD_ORD_1328;PROD_36;1;1
CORD_ORD_1328;PROD_38;1;1
CORD_ORD_1328;PROD_39;1;1
CORD_ORD_1328;PROD_4;1;1
CORD_ORD_1328;PROD_41;1;1
CORD_ORD_1328;PROD_44;1;1
CORD_ORD_1328;PROD_46;1;1
CORD_ORD_1328;PROD_5;1;1
CORD_ORD_1328;PROD_6;1;1
CORD_ORD_1328;PROD_7;1;1
CORD_ORD_1329;PROD_10;1;1
CORD_ORD_1329;PROD_13;1;1
CORD_ORD_1329;PROD_14;1;1
CORD_ORD_1329;PROD_16;1;1
CORD_ORD_1329;PROD_20;1;1
CORD_ORD_1329;PROD_23;1;1
CORD_ORD_1329;PROD_28;1;1
CORD_ORD_1329;PROD_35;1;1
CORD_ORD_1329;PROD_38;1;1
CORD_ORD_1329;PROD_39;1;1
CORD_ORD_1329;PROD_45;1;1
CORD_ORD_1329;PROD_5;1;1
CORD_ORD_1329;PROD_7;1;1
CORD_ORD_1329;PROD_8;1;1
CORD_ORD_1329;PROD_9;1;1
CORD_ORD_1330;PROD_1;1;1
CORD_ORD_1330;PROD_10;1;1
CORD_ORD_1330;PROD_16;1;1
CORD_ORD_1330;PROD_22;1;1
CORD_ORD_1330;PROD_25;1;1
CORD_ORD_1330;PROD_3;1;1
CORD_ORD_1330;PROD_36;1;1
CORD_ORD_1330;PROD_50;1;1
CORD_ORD_1330;PROD_8;1;1
CORD_ORD_1331;PROD_1;1;1
CORD_ORD_1331;PROD_10;1;1
CORD_ORD_1331;PROD_16;1;1
CORD_ORD_1331;PROD_17;1;1
CORD_ORD_1331;PROD_20;1;1
CORD_ORD_1331;PROD_22;1;1
CORD_ORD_1331;PROD_25;1;1
CORD_ORD_1331;PROD_26;1;1
CORD_ORD_1331;PROD_3;1;1
CORD_ORD_1331;PROD_31;1;1
CORD_ORD_1331;PROD_35;1;1
CORD_ORD_1331;PROD_36;1;1
CORD_ORD_1331;PROD_39;1;1
CORD_ORD_1331;PROD_46;1;1
CORD_ORD_1331;PROD_48;1;1
CORD_ORD_1331;PROD_50;1;1
CORD_ORD_1331;PROD_6;1;1
CORD_ORD_1331;PROD_8;1;1
CORD_ORD_1332;PROD_10;1;1
CORD_ORD_1332;PROD_11;1;1
CORD_ORD_1332;PROD_16;1;1
CORD_ORD_1332;PROD_23;1;1
CORD_ORD_1332;PROD_26;1;1
CORD_ORD_1332;PROD_27;1;1
CORD_ORD_1332;PROD_29;1;1
CORD_ORD_1332;PROD_30;1;1
CORD_ORD_1332;PROD_40;1;1
CORD_ORD_1332;PROD_45;1;1
CORD_ORD_1332;PROD_46;1;1
CORD_ORD_1332;PROD_6;1;1
CORD_ORD_1332;PROD_8;1;1
CORD_ORD_1333;PROD_10;1;1
CORD_ORD_1333;PROD_11;1;1
CORD_ORD_1333;PROD_12;1;1
CORD_ORD_1333;PROD_16;1;1
CORD_ORD_1333;PROD_19;1;1
CORD_ORD_1333;PROD_21;1;1
CORD_ORD_1333;PROD_22;1;1
CORD_ORD_1333;PROD_23;1;1
CORD_ORD_1333;PROD_25;1;1
CORD_ORD_1333;PROD_27;1;1
CORD_ORD_1333;PROD_29;1;1
CORD_ORD_1333;PROD_33;1;1
CORD_ORD_1333;PROD_4;1;1
CORD_ORD_1333;PROD_44;1;1
CORD_ORD_1333;PROD_45;1;1
CORD_ORD_1333;PROD_50;1;1
CORD_ORD_1333;PROD_8;1;1
CORD_ORD_1334;PROD_10;1;1
CORD_ORD_1334;PROD_11;1;1
CORD_ORD_1334;PROD_12;1;1
CORD_ORD_1334;PROD_14;1;1
CORD_ORD_1334;PROD_15;1;1
CORD_ORD_1334;PROD_16;1;1
CORD_ORD_1334;PROD_17;1;1
CORD_ORD_1334;PROD_19;1;1
CORD_ORD_1334;PROD_20;1;1
CORD_ORD_1334;PROD_21;1;1
CORD_ORD_1334;PROD_22;1;1
CORD_ORD_1334;PROD_25;1;1
CORD_ORD_1334;PROD_26;1;1
CORD_ORD_1334;PROD_27;1;1
CORD_ORD_1334;PROD_28;1;1
CORD_ORD_1334;PROD_29;1;1
CORD_ORD_1334;PROD_31;1;1
CORD_ORD_1334;PROD_33;1;1
CORD_ORD_1334;PROD_34;1;1
CORD_ORD_1334;PROD_35;1;1
CORD_ORD_1334;PROD_39;1;1
CORD_ORD_1334;PROD_4;1;1
CORD_ORD_1334;PROD_44;1;1
CORD_ORD_1334;PROD_46;1;1
CORD_ORD_1334;PROD_48;1;1
CORD_ORD_1334;PROD_49;1;1
CORD_ORD_1334;PROD_5;1;1
CORD_ORD_1334;PROD_50;1;1
CORD_ORD_1334;PROD_6;1;1
CORD_ORD_1334;PROD_7;1;1
CORD_ORD_1334;PROD_8;1;1
CORD_ORD_1334;PROD_9;1;1
CORD_ORD_1335;PROD_10;1;1
CORD_ORD_1335;PROD_15;1;1
CORD_ORD_1335;PROD_16;1;1
CORD_ORD_1335;PROD_17;1;1
CORD_ORD_1335;PROD_19;1;1
CORD_ORD_1335;PROD_20;1;1
CORD_ORD_1335;PROD_31;1;1
CORD_ORD_1335;PROD_33;1;1
CORD_ORD_1335;PROD_34;1;1
CORD_ORD_1335;PROD_35;1;1
CORD_ORD_1335;PROD_39;1;1
CORD_ORD_1335;PROD_44;1;1
CORD_ORD_1335;PROD_48;1;1
CORD_ORD_1335;PROD_49;1;1
CORD_ORD_1335;PROD_5;1;1
CORD_ORD_1335;PROD_7;1;1
CORD_ORD_1335;PROD_8;1;1
CORD_ORD_1336;PROD_10;1;1
CORD_ORD_1336;PROD_11;1;1
CORD_ORD_1336;PROD_16;1;1
CORD_ORD_1336;PROD_19;1;1
CORD_ORD_1336;PROD_22;1;1
CORD_ORD_1336;PROD_25;1;1
CORD_ORD_1336;PROD_27;1;1
CORD_ORD_1336;PROD_29;1;1
CORD_ORD_1336;PROD_32;1;1
CORD_ORD_1336;PROD_33;1;1
CORD_ORD_1336;PROD_43;1;1
CORD_ORD_1336;PROD_44;1;1
CORD_ORD_1336;PROD_47;1;1
CORD_ORD_1336;PROD_50;1;1
CORD_ORD_1336;PROD_8;1;1
CORD_ORD_1337;PROD_1;1;1
CORD_ORD_1337;PROD_10;1;1
CORD_ORD_1337;PROD_11;1;1
CORD_ORD_1337;PROD_16;1;1
CORD_ORD_1337;PROD_17;1;1
CORD_ORD_1337;PROD_19;1;1
CORD_ORD_1337;PROD_23;1;1
CORD_ORD_1337;PROD_26;1;1
CORD_ORD_1337;PROD_27;1;1
CORD_ORD_1337;PROD_29;1;1
CORD_ORD_1337;PROD_3;1;1
CORD_ORD_1337;PROD_31;1;1
CORD_ORD_1337;PROD_32;1;1
CORD_ORD_1337;PROD_33;1;1
CORD_ORD_1337;PROD_36;1;1
CORD_ORD_1337;PROD_43;1;1
CORD_ORD_1337;PROD_44;1;1
CORD_ORD_1337;PROD_45;1;1
CORD_ORD_1337;PROD_46;1;1
CORD_ORD_1337;PROD_47;1;1
CORD_ORD_1337;PROD_48;1;1
CORD_ORD_1337;PROD_6;1;1
CORD_ORD_1337;PROD_8;1;1
CORD_ORD_1338;PROD_11;1;1
CORD_ORD_1338;PROD_13;1;1
CORD_ORD_1338;PROD_14;1;1
CORD_ORD_1338;PROD_19;1;1
CORD_ORD_1338;PROD_20;1;1
CORD_ORD_1338;PROD_26;1;1
CORD_ORD_1338;PROD_27;1;1
CORD_ORD_1338;PROD_28;1;1
CORD_ORD_1338;PROD_29;1;1
CORD_ORD_1338;PROD_33;1;1
CORD_ORD_1338;PROD_35;1;1
CORD_ORD_1338;PROD_38;1;1
CORD_ORD_1338;PROD_39;1;1
CORD_ORD_1338;PROD_44;1;1
CORD_ORD_1338;PROD_46;1;1
CORD_ORD_1338;PROD_6;1;1
CORD_ORD_1338;PROD_9;1;1
CORD_ORD_1339;PROD_1;1;1
CORD_ORD_1339;PROD_10;1;1
CORD_ORD_1339;PROD_16;1;1
CORD_ORD_1339;PROD_18;1;1
CORD_ORD_1339;PROD_19;1;1
CORD_ORD_1339;PROD_2;1;1
CORD_ORD_1339;PROD_20;1;1
CORD_ORD_1339;PROD_3;1;1
CORD_ORD_1339;PROD_33;1;1
CORD_ORD_1339;PROD_35;1;1
CORD_ORD_1339;PROD_36;1;1
CORD_ORD_1339;PROD_39;1;1
CORD_ORD_1339;PROD_41;1;1
CORD_ORD_1339;PROD_44;1;1
CORD_ORD_1339;PROD_8;1;1
CORD_ORD_1340;PROD_11;1;1
CORD_ORD_1340;PROD_17;1;1
CORD_ORD_1340;PROD_19;1;1
CORD_ORD_1340;PROD_20;1;1
CORD_ORD_1340;PROD_23;1;1
CORD_ORD_1340;PROD_27;1;1
CORD_ORD_1340;PROD_29;1;1
CORD_ORD_1340;PROD_31;1;1
CORD_ORD_1340;PROD_33;1;1
CORD_ORD_1340;PROD_35;1;1
CORD_ORD_1340;PROD_39;1;1
CORD_ORD_1340;PROD_44;1;1
CORD_ORD_1340;PROD_45;1;1
CORD_ORD_1340;PROD_48;1;1
CORD_ORD_1341;PROD_11;1;1
CORD_ORD_1341;PROD_12;1;1
CORD_ORD_1341;PROD_14;1;1
CORD_ORD_1341;PROD_15;1;1
CORD_ORD_1341;PROD_17;1;1
CORD_ORD_1341;PROD_18;1;1
CORD_ORD_1341;PROD_2;1;1
CORD_ORD_1341;PROD_21;1;1
CORD_ORD_1341;PROD_26;1;1
CORD_ORD_1341;PROD_27;1;1
CORD_ORD_1341;PROD_28;1;1
CORD_ORD_1341;PROD_29;1;1
CORD_ORD_1341;PROD_31;1;1
CORD_ORD_1341;PROD_34;1;1
CORD_ORD_1341;PROD_4;1;1
CORD_ORD_1341;PROD_41;1;1
CORD_ORD_1341;PROD_46;1;1
CORD_ORD_1341;PROD_48;1;1
CORD_ORD_1341;PROD_49;1;1
CORD_ORD_1341;PROD_5;1;1
CORD_ORD_1341;PROD_6;1;1
CORD_ORD_1341;PROD_7;1;1
CORD_ORD_1341;PROD_9;1;1
CORD_ORD_1342;PROD_11;1;1
CORD_ORD_1342;PROD_12;1;1
CORD_ORD_1342;PROD_13;1;1
CORD_ORD_1342;PROD_18;1;1
CORD_ORD_1342;PROD_19;1;1
CORD_ORD_1342;PROD_2;1;1
CORD_ORD_1342;PROD_21;1;1
CORD_ORD_1342;PROD_23;1;1
CORD_ORD_1342;PROD_26;1;1
CORD_ORD_1342;PROD_27;1;1
CORD_ORD_1342;PROD_29;1;1
CORD_ORD_1342;PROD_33;1;1
CORD_ORD_1342;PROD_38;1;1
CORD_ORD_1342;PROD_4;1;1
CORD_ORD_1342;PROD_41;1;1
CORD_ORD_1342;PROD_44;1;1
CORD_ORD_1342;PROD_45;1;1
CORD_ORD_1342;PROD_46;1;1
CORD_ORD_1342;PROD_6;1;1
CORD_ORD_1343;PROD_11;1;1
CORD_ORD_1343;PROD_12;1;1
CORD_ORD_1343;PROD_13;1;1
CORD_ORD_1343;PROD_19;1;1
CORD_ORD_1343;PROD_21;1;1
CORD_ORD_1343;PROD_23;1;1
CORD_ORD_1343;PROD_27;1;1
CORD_ORD_1343;PROD_29;1;1
CORD_ORD_1343;PROD_33;1;1
CORD_ORD_1343;PROD_38;1;1
CORD_ORD_1343;PROD_4;1;1
CORD_ORD_1343;PROD_44;1;1
CORD_ORD_1343;PROD_45;1;1
CORD_ORD_1344;PROD_1;1;1
CORD_ORD_1344;PROD_10;1;1
CORD_ORD_1344;PROD_11;1;1
CORD_ORD_1344;PROD_12;1;1
CORD_ORD_1344;PROD_14;1;1
CORD_ORD_1344;PROD_15;1;1
CORD_ORD_1344;PROD_16;1;1
CORD_ORD_1344;PROD_19;1;1
CORD_ORD_1344;PROD_20;1;1
CORD_ORD_1344;PROD_21;1;1
CORD_ORD_1344;PROD_24;1;1
CORD_ORD_1344;PROD_27;1;1
CORD_ORD_1344;PROD_28;1;1
CORD_ORD_1344;PROD_29;1;1
CORD_ORD_1344;PROD_3;1;1
CORD_ORD_1344;PROD_32;1;1
CORD_ORD_1344;PROD_33;1;1
CORD_ORD_1344;PROD_34;1;1
CORD_ORD_1344;PROD_35;1;1
CORD_ORD_1344;PROD_36;1;1
CORD_ORD_1344;PROD_37;1;1
CORD_ORD_1344;PROD_39;1;1
CORD_ORD_1344;PROD_4;1;1
CORD_ORD_1344;PROD_42;1;1
CORD_ORD_1344;PROD_43;1;1
CORD_ORD_1344;PROD_44;1;1
CORD_ORD_1344;PROD_47;1;1
CORD_ORD_1344;PROD_49;1;1
CORD_ORD_1344;PROD_8;1;1
CORD_ORD_1344;PROD_9;1;1
CORD_ORD_1345;PROD_17;1;1
CORD_ORD_1345;PROD_18;1;1
CORD_ORD_1345;PROD_2;1;1
CORD_ORD_1345;PROD_20;1;1
CORD_ORD_1345;PROD_23;1;1
CORD_ORD_1345;PROD_24;1;1
CORD_ORD_1345;PROD_26;1;1
CORD_ORD_1345;PROD_31;1;1
CORD_ORD_1345;PROD_35;1;1
CORD_ORD_1345;PROD_37;1;1
CORD_ORD_1345;PROD_39;1;1
CORD_ORD_1345;PROD_41;1;1
CORD_ORD_1345;PROD_42;1;1
CORD_ORD_1345;PROD_45;1;1
CORD_ORD_1345;PROD_46;1;1
CORD_ORD_1345;PROD_48;1;1
CORD_ORD_1345;PROD_5;1;1
CORD_ORD_1345;PROD_6;1;1
CORD_ORD_1345;PROD_7;1;1
CORD_ORD_1346;PROD_10;1;1
CORD_ORD_1346;PROD_12;1;1
CORD_ORD_1346;PROD_13;1;1
CORD_ORD_1346;PROD_14;1;1
CORD_ORD_1346;PROD_15;1;1
CORD_ORD_1346;PROD_16;1;1
CORD_ORD_1346;PROD_17;1;1
CORD_ORD_1346;PROD_20;1;1
CORD_ORD_1346;PROD_21;1;1
CORD_ORD_1346;PROD_22;1;1
CORD_ORD_1346;PROD_25;1;1
CORD_ORD_1346;PROD_26;1;1
CORD_ORD_1346;PROD_28;1;1
CORD_ORD_1346;PROD_31;1;1
CORD_ORD_1346;PROD_34;1;1
CORD_ORD_1346;PROD_35;1;1
CORD_ORD_1346;PROD_38;1;1
CORD_ORD_1346;PROD_39;1;1
CORD_ORD_1346;PROD_4;1;1
CORD_ORD_1346;PROD_46;1;1
CORD_ORD_1346;PROD_48;1;1
CORD_ORD_1346;PROD_49;1;1
CORD_ORD_1346;PROD_50;1;1
CORD_ORD_1346;PROD_6;1;1
CORD_ORD_1346;PROD_8;1;1
CORD_ORD_1346;PROD_9;1;1
CORD_ORD_1347;PROD_10;1;1
CORD_ORD_1347;PROD_11;1;1
CORD_ORD_1347;PROD_12;1;1
CORD_ORD_1347;PROD_15;1;1
CORD_ORD_1347;PROD_16;1;1
CORD_ORD_1347;PROD_18;1;1
CORD_ORD_1347;PROD_19;1;1
CORD_ORD_1347;PROD_2;1;1
CORD_ORD_1347;PROD_21;1;1
CORD_ORD_1347;PROD_22;1;1
CORD_ORD_1347;PROD_23;1;1
CORD_ORD_1347;PROD_24;1;1
CORD_ORD_1347;PROD_25;1;1
CORD_ORD_1347;PROD_27;1;1
CORD_ORD_1347;PROD_29;1;1
CORD_ORD_1347;PROD_33;1;1
CORD_ORD_1347;PROD_34;1;1
CORD_ORD_1347;PROD_37;1;1
CORD_ORD_1347;PROD_4;1;1
CORD_ORD_1347;PROD_41;1;1
CORD_ORD_1347;PROD_42;1;1
CORD_ORD_1347;PROD_44;1;1
CORD_ORD_1347;PROD_45;1;1
CORD_ORD_1347;PROD_49;1;1
CORD_ORD_1347;PROD_50;1;1
CORD_ORD_1347;PROD_8;1;1
CORD_ORD_1348;PROD_10;1;1
CORD_ORD_1348;PROD_11;1;1
CORD_ORD_1348;PROD_16;1;1
CORD_ORD_1348;PROD_17;1;1
CORD_ORD_1348;PROD_20;1;1
CORD_ORD_1348;PROD_22;1;1
CORD_ORD_1348;PROD_25;1;1
CORD_ORD_1348;PROD_26;1;1
CORD_ORD_1348;PROD_27;1;1
CORD_ORD_1348;PROD_29;1;1
CORD_ORD_1348;PROD_31;1;1
CORD_ORD_1348;PROD_32;1;1
CORD_ORD_1348;PROD_35;1;1
CORD_ORD_1348;PROD_39;1;1
CORD_ORD_1348;PROD_43;1;1
CORD_ORD_1348;PROD_46;1;1
CORD_ORD_1348;PROD_47;1;1
CORD_ORD_1348;PROD_48;1;1
CORD_ORD_1348;PROD_50;1;1
CORD_ORD_1348;PROD_6;1;1
CORD_ORD_1348;PROD_8;1;1
CORD_ORD_1349;PROD_1;1;1
CORD_ORD_1349;PROD_10;1;1
CORD_ORD_1349;PROD_11;1;1
CORD_ORD_1349;PROD_12;1;1
CORD_ORD_1349;PROD_14;1;1
CORD_ORD_1349;PROD_15;1;1
CORD_ORD_1349;PROD_16;1;1
CORD_ORD_1349;PROD_20;1;1
CORD_ORD_1349;PROD_21;1;1
CORD_ORD_1349;PROD_23;1;1
CORD_ORD_1349;PROD_27;1;1
CORD_ORD_1349;PROD_28;1;1
CORD_ORD_1349;PROD_29;1;1
CORD_ORD_1349;PROD_3;1;1
CORD_ORD_1349;PROD_30;1;1
CORD_ORD_1349;PROD_34;1;1
CORD_ORD_1349;PROD_35;1;1
CORD_ORD_1349;PROD_36;1;1
CORD_ORD_1349;PROD_39;1;1
CORD_ORD_1349;PROD_4;1;1
CORD_ORD_1349;PROD_40;1;1
CORD_ORD_1349;PROD_45;1;1
CORD_ORD_1349;PROD_49;1;1
CORD_ORD_1349;PROD_8;1;1
CORD_ORD_1349;PROD_9;1;1
CORD_ORD_1350;PROD_1;1;1
CORD_ORD_1350;PROD_10;1;1
CORD_ORD_1350;PROD_13;1;1
CORD_ORD_1350;PROD_14;1;1
CORD_ORD_1350;PROD_15;1;1
CORD_ORD_1350;PROD_16;1;1
CORD_ORD_1350;PROD_17;1;1
CORD_ORD_1350;PROD_20;1;1
CORD_ORD_1350;PROD_22;1;1
CORD_ORD_1350;PROD_25;1;1
CORD_ORD_1350;PROD_26;1;1
CORD_ORD_1350;PROD_28;1;1
CORD_ORD_1350;PROD_3;1;1
CORD_ORD_1350;PROD_31;1;1
CORD_ORD_1350;PROD_34;1;1
CORD_ORD_1350;PROD_35;1;1
CORD_ORD_1350;PROD_36;1;1
CORD_ORD_1350;PROD_38;1;1
CORD_ORD_1350;PROD_39;1;1
CORD_ORD_1350;PROD_46;1;1
CORD_ORD_1350;PROD_48;1;1
CORD_ORD_1350;PROD_49;1;1
CORD_ORD_1350;PROD_50;1;1
CORD_ORD_1350;PROD_6;1;1
CORD_ORD_1350;PROD_8;1;1
CORD_ORD_1350;PROD_9;1;1
CORD_ORD_1351;PROD_11;1;1
CORD_ORD_1351;PROD_19;1;1
CORD_ORD_1351;PROD_20;1;1
CORD_ORD_1351;PROD_22;1;1
CORD_ORD_1351;PROD_23;1;1
CORD_ORD_1351;PROD_25;1;1
CORD_ORD_1351;PROD_26;1;1
CORD_ORD_1351;PROD_27;1;1
CORD_ORD_1351;PROD_29;1;1
CORD_ORD_1351;PROD_33;1;1
CORD_ORD_1351;PROD_35;1;1
CORD_ORD_1351;PROD_39;1;1
CORD_ORD_1351;PROD_44;1;1
CORD_ORD_1351;PROD_45;1;1
CORD_ORD_1351;PROD_46;1;1
CORD_ORD_1351;PROD_50;1;1
CORD_ORD_1351;PROD_6;1;1
CORD_ORD_1352;PROD_1;1;1
CORD_ORD_1352;PROD_10;1;1
CORD_ORD_1352;PROD_11;1;1
CORD_ORD_1352;PROD_14;1;1
CORD_ORD_1352;PROD_15;1;1
CORD_ORD_1352;PROD_16;1;1
CORD_ORD_1352;PROD_19;1;1
CORD_ORD_1352;PROD_20;1;1
CORD_ORD_1352;PROD_24;1;1
CORD_ORD_1352;PROD_26;1;1
CORD_ORD_1352;PROD_27;1;1
CORD_ORD_1352;PROD_28;1;1
CORD_ORD_1352;PROD_29;1;1
CORD_ORD_1352;PROD_3;1;1
CORD_ORD_1352;PROD_33;1;1
CORD_ORD_1352;PROD_34;1;1
CORD_ORD_1352;PROD_35;1;1
CORD_ORD_1352;PROD_36;1;1
CORD_ORD_1352;PROD_37;1;1
CORD_ORD_1352;PROD_39;1;1
CORD_ORD_1352;PROD_42;1;1
CORD_ORD_1352;PROD_44;1;1
CORD_ORD_1352;PROD_46;1;1
CORD_ORD_1352;PROD_49;1;1
CORD_ORD_1352;PROD_6;1;1
CORD_ORD_1352;PROD_8;1;1
CORD_ORD_1352;PROD_9;1;1
CORD_ORD_1353;PROD_1;1;1
CORD_ORD_1353;PROD_10;1;1
CORD_ORD_1353;PROD_11;1;1
CORD_ORD_1353;PROD_12;1;1
CORD_ORD_1353;PROD_13;1;1
CORD_ORD_1353;PROD_15;1;1
CORD_ORD_1353;PROD_16;1;1
CORD_ORD_1353;PROD_18;1;1
CORD_ORD_1353;PROD_2;1;1
CORD_ORD_1353;PROD_21;1;1
CORD_ORD_1353;PROD_23;1;1
CORD_ORD_1353;PROD_24;1;1
CORD_ORD_1353;PROD_26;1;1
CORD_ORD_1353;PROD_27;1;1
CORD_ORD_1353;PROD_29;1;1
CORD_ORD_1353;PROD_3;1;1
CORD_ORD_1353;PROD_34;1;1
CORD_ORD_1353;PROD_36;1;1
CORD_ORD_1353;PROD_37;1;1
CORD_ORD_1353;PROD_38;1;1
CORD_ORD_1353;PROD_4;1;1
CORD_ORD_1353;PROD_41;1;1
CORD_ORD_1353;PROD_42;1;1
CORD_ORD_1353;PROD_45;1;1
CORD_ORD_1353;PROD_46;1;1
CORD_ORD_1353;PROD_49;1;1
CORD_ORD_1353;PROD_6;1;1
CORD_ORD_1353;PROD_8;1;1
CORD_ORD_1354;PROD_1;1;1
CORD_ORD_1354;PROD_10;1;1
CORD_ORD_1354;PROD_11;1;1
CORD_ORD_1354;PROD_15;1;1
CORD_ORD_1354;PROD_16;1;1
CORD_ORD_1354;PROD_17;1;1
CORD_ORD_1354;PROD_23;1;1
CORD_ORD_1354;PROD_26;1;1
CORD_ORD_1354;PROD_27;1;1
CORD_ORD_1354;PROD_29;1;1
CORD_ORD_1354;PROD_3;1;1
CORD_ORD_1354;PROD_31;1;1
CORD_ORD_1354;PROD_34;1;1
CORD_ORD_1354;PROD_36;1;1
CORD_ORD_1354;PROD_45;1;1
CORD_ORD_1354;PROD_46;1;1
CORD_ORD_1354;PROD_48;1;1
CORD_ORD_1354;PROD_49;1;1
CORD_ORD_1354;PROD_6;1;1
CORD_ORD_1354;PROD_8;1;1
CORD_ORD_1355;PROD_1;1;1
CORD_ORD_1355;PROD_10;1;1
CORD_ORD_1355;PROD_11;1;1
CORD_ORD_1355;PROD_12;1;1
CORD_ORD_1355;PROD_15;1;1
CORD_ORD_1355;PROD_16;1;1
CORD_ORD_1355;PROD_17;1;1
CORD_ORD_1355;PROD_18;1;1
CORD_ORD_1355;PROD_2;1;1
CORD_ORD_1355;PROD_21;1;1
CORD_ORD_1355;PROD_22;1;1
CORD_ORD_1355;PROD_25;1;1
CORD_ORD_1355;PROD_26;1;1
CORD_ORD_1355;PROD_27;1;1
CORD_ORD_1355;PROD_29;1;1
CORD_ORD_1355;PROD_3;1;1
CORD_ORD_1355;PROD_31;1;1
CORD_ORD_1355;PROD_32;1;1
CORD_ORD_1355;PROD_34;1;1
CORD_ORD_1355;PROD_36;1;1
CORD_ORD_1355;PROD_4;1;1
CORD_ORD_1355;PROD_41;1;1
CORD_ORD_1355;PROD_43;1;1
CORD_ORD_1355;PROD_46;1;1
CORD_ORD_1355;PROD_47;1;1
CORD_ORD_1355;PROD_48;1;1
CORD_ORD_1355;PROD_49;1;1
CORD_ORD_1355;PROD_5;1;1
CORD_ORD_1355;PROD_50;1;1
CORD_ORD_1355;PROD_6;1;1
CORD_ORD_1355;PROD_7;1;1
CORD_ORD_1355;PROD_8;1;1
CORD_ORD_1356;PROD_11;1;1
CORD_ORD_1356;PROD_19;1;1
CORD_ORD_1356;PROD_23;1;1
CORD_ORD_1356;PROD_27;1;1
CORD_ORD_1356;PROD_29;1;1
CORD_ORD_1356;PROD_33;1;1
CORD_ORD_1356;PROD_44;1;1
CORD_ORD_1356;PROD_45;1;1
CORD_ORD_1357;PROD_10;1;1
CORD_ORD_1357;PROD_12;1;1
CORD_ORD_1357;PROD_16;1;1
CORD_ORD_1357;PROD_17;1;1
CORD_ORD_1357;PROD_18;1;1
CORD_ORD_1357;PROD_19;1;1
CORD_ORD_1357;PROD_2;1;1
CORD_ORD_1357;PROD_20;1;1
CORD_ORD_1357;PROD_21;1;1
CORD_ORD_1357;PROD_24;1;1
CORD_ORD_1357;PROD_26;1;1
CORD_ORD_1357;PROD_31;1;1
CORD_ORD_1357;PROD_32;1;1
CORD_ORD_1357;PROD_33;1;1
CORD_ORD_1357;PROD_35;1;1
CORD_ORD_1357;PROD_37;1;1
CORD_ORD_1357;PROD_39;1;1
CORD_ORD_1357;PROD_4;1;1
CORD_ORD_1357;PROD_41;1;1
CORD_ORD_1357;PROD_42;1;1
CORD_ORD_1357;PROD_43;1;1
CORD_ORD_1357;PROD_44;1;1
CORD_ORD_1357;PROD_46;1;1
CORD_ORD_1357;PROD_47;1;1
CORD_ORD_1357;PROD_48;1;1
CORD_ORD_1357;PROD_5;1;1
CORD_ORD_1357;PROD_6;1;1
CORD_ORD_1357;PROD_7;1;1
CORD_ORD_1357;PROD_8;1;1
CORD_ORD_1358;PROD_1;1;1
CORD_ORD_1358;PROD_11;1;1
CORD_ORD_1358;PROD_13;1;1
CORD_ORD_1358;PROD_20;1;1
CORD_ORD_1358;PROD_27;1;1
CORD_ORD_1358;PROD_29;1;1
CORD_ORD_1358;PROD_3;1;1
CORD_ORD_1358;PROD_32;1;1
CORD_ORD_1358;PROD_35;1;1
CORD_ORD_1358;PROD_36;1;1
CORD_ORD_1358;PROD_38;1;1
CORD_ORD_1358;PROD_39;1;1
CORD_ORD_1358;PROD_43;1;1
CORD_ORD_1358;PROD_47;1;1
CORD_ORD_1359;PROD_1;1;1
CORD_ORD_1359;PROD_10;1;1
CORD_ORD_1359;PROD_13;1;1
CORD_ORD_1359;PROD_15;1;1
CORD_ORD_1359;PROD_16;1;1
CORD_ORD_1359;PROD_17;1;1
CORD_ORD_1359;PROD_20;1;1
CORD_ORD_1359;PROD_22;1;1
CORD_ORD_1359;PROD_24;1;1
CORD_ORD_1359;PROD_25;1;1
CORD_ORD_1359;PROD_26;1;1
CORD_ORD_1359;PROD_3;1;1
CORD_ORD_1359;PROD_30;1;1
CORD_ORD_1359;PROD_31;1;1
CORD_ORD_1359;PROD_34;1;1
CORD_ORD_1359;PROD_35;1;1
CORD_ORD_1359;PROD_36;1;1
CORD_ORD_1359;PROD_37;1;1
CORD_ORD_1359;PROD_38;1;1
CORD_ORD_1359;PROD_39;1;1
CORD_ORD_1359;PROD_40;1;1
CORD_ORD_1359;PROD_42;1;1
CORD_ORD_1359;PROD_46;1;1
CORD_ORD_1359;PROD_48;1;1
CORD_ORD_1359;PROD_49;1;1
CORD_ORD_1359;PROD_50;1;1
CORD_ORD_1359;PROD_6;1;1
CORD_ORD_1359;PROD_8;1;1
CORD_ORD_1360;PROD_1;1;1
CORD_ORD_1360;PROD_12;1;1
CORD_ORD_1360;PROD_13;1;1
CORD_ORD_1360;PROD_15;1;1
CORD_ORD_1360;PROD_19;1;1
CORD_ORD_1360;PROD_20;1;1
CORD_ORD_1360;PROD_21;1;1
CORD_ORD_1360;PROD_22;1;1
CORD_ORD_1360;PROD_25;1;1
CORD_ORD_1360;PROD_3;1;1
CORD_ORD_1360;PROD_32;1;1
CORD_ORD_1360;PROD_33;1;1
CORD_ORD_1360;PROD_34;1;1
CORD_ORD_1360;PROD_35;1;1
CORD_ORD_1360;PROD_36;1;1
CORD_ORD_1360;PROD_38;1;1
CORD_ORD_1360;PROD_39;1;1
CORD_ORD_1360;PROD_4;1;1
CORD_ORD_1360;PROD_43;1;1
CORD_ORD_1360;PROD_44;1;1
CORD_ORD_1360;PROD_47;1;1
CORD_ORD_1360;PROD_49;1;1
CORD_ORD_1360;PROD_50;1;1
CORD_ORD_1361;PROD_1;1;1
CORD_ORD_1361;PROD_11;1;1
CORD_ORD_1361;PROD_13;1;1
CORD_ORD_1361;PROD_19;1;1
CORD_ORD_1361;PROD_22;1;1
CORD_ORD_1361;PROD_23;1;1
CORD_ORD_1361;PROD_25;1;1
CORD_ORD_1361;PROD_27;1;1
CORD_ORD_1361;PROD_29;1;1
CORD_ORD_1361;PROD_3;1;1
CORD_ORD_1361;PROD_33;1;1
CORD_ORD_1361;PROD_36;1;1
CORD_ORD_1361;PROD_38;1;1
CORD_ORD_1361;PROD_44;1;1
CORD_ORD_1361;PROD_45;1;1
CORD_ORD_1361;PROD_50;1;1
CORD_ORD_1362;PROD_10;1;1
CORD_ORD_1362;PROD_11;1;1
CORD_ORD_1362;PROD_12;1;1
CORD_ORD_1362;PROD_13;1;1
CORD_ORD_1362;PROD_15;1;1
CORD_ORD_1362;PROD_16;1;1
CORD_ORD_1362;PROD_18;1;1
CORD_ORD_1362;PROD_2;1;1
CORD_ORD_1362;PROD_21;1;1
CORD_ORD_1362;PROD_24;1;1
CORD_ORD_1362;PROD_27;1;1
CORD_ORD_1362;PROD_29;1;1
CORD_ORD_1362;PROD_34;1;1
CORD_ORD_1362;PROD_37;1;1
CORD_ORD_1362;PROD_38;1;1
CORD_ORD_1362;PROD_4;1;1
CORD_ORD_1362;PROD_41;1;1
CORD_ORD_1362;PROD_42;1;1
CORD_ORD_1362;PROD_49;1;1
CORD_ORD_1362;PROD_8;1;1
CORD_ORD_1363;PROD_10;1;1
CORD_ORD_1363;PROD_12;1;1
CORD_ORD_1363;PROD_13;1;1
CORD_ORD_1363;PROD_14;1;1
CORD_ORD_1363;PROD_15;1;1
CORD_ORD_1363;PROD_16;1;1
CORD_ORD_1363;PROD_17;1;1
CORD_ORD_1363;PROD_21;1;1
CORD_ORD_1363;PROD_23;1;1
CORD_ORD_1363;PROD_26;1;1
CORD_ORD_1363;PROD_28;1;1
CORD_ORD_1363;PROD_30;1;1
CORD_ORD_1363;PROD_31;1;1
CORD_ORD_1363;PROD_34;1;1
CORD_ORD_1363;PROD_38;1;1
CORD_ORD_1363;PROD_4;1;1
CORD_ORD_1363;PROD_40;1;1
CORD_ORD_1363;PROD_45;1;1
CORD_ORD_1363;PROD_46;1;1
CORD_ORD_1363;PROD_48;1;1
CORD_ORD_1363;PROD_49;1;1
CORD_ORD_1363;PROD_6;1;1
CORD_ORD_1363;PROD_8;1;1
CORD_ORD_1363;PROD_9;1;1
CORD_ORD_1364;PROD_10;1;1
CORD_ORD_1364;PROD_13;1;1
CORD_ORD_1364;PROD_16;1;1
CORD_ORD_1364;PROD_23;1;1
CORD_ORD_1364;PROD_24;1;1
CORD_ORD_1364;PROD_26;1;1
CORD_ORD_1364;PROD_37;1;1
CORD_ORD_1364;PROD_38;1;1
CORD_ORD_1364;PROD_42;1;1
CORD_ORD_1364;PROD_45;1;1
CORD_ORD_1364;PROD_46;1;1
CORD_ORD_1364;PROD_6;1;1
CORD_ORD_1364;PROD_8;1;1
CORD_ORD_1365;PROD_1;1;1
CORD_ORD_1365;PROD_10;1;1
CORD_ORD_1365;PROD_11;1;1
CORD_ORD_1365;PROD_16;1;1
CORD_ORD_1365;PROD_17;1;1
CORD_ORD_1365;PROD_18;1;1
CORD_ORD_1365;PROD_2;1;1
CORD_ORD_1365;PROD_26;1;1
CORD_ORD_1365;PROD_27;1;1
CORD_ORD_1365;PROD_29;1;1
CORD_ORD_1365;PROD_3;1;1
CORD_ORD_1365;PROD_31;1;1
CORD_ORD_1365;PROD_36;1;1
CORD_ORD_1365;PROD_41;1;1
CORD_ORD_1365;PROD_46;1;1
CORD_ORD_1365;PROD_48;1;1
CORD_ORD_1365;PROD_6;1;1
CORD_ORD_1365;PROD_8;1;1
CORD_ORD_1366;PROD_10;1;1
CORD_ORD_1366;PROD_11;1;1
CORD_ORD_1366;PROD_12;1;1
CORD_ORD_1366;PROD_13;1;1
CORD_ORD_1366;PROD_16;1;1
CORD_ORD_1366;PROD_19;1;1
CORD_ORD_1366;PROD_21;1;1
CORD_ORD_1366;PROD_23;1;1
CORD_ORD_1366;PROD_27;1;1
CORD_ORD_1366;PROD_29;1;1
CORD_ORD_1366;PROD_32;1;1
CORD_ORD_1366;PROD_33;1;1
CORD_ORD_1366;PROD_38;1;1
CORD_ORD_1366;PROD_4;1;1
CORD_ORD_1366;PROD_43;1;1
CORD_ORD_1366;PROD_44;1;1
CORD_ORD_1366;PROD_45;1;1
CORD_ORD_1366;PROD_47;1;1
CORD_ORD_1366;PROD_8;1;1
CORD_ORD_1367;PROD_1;1;1
CORD_ORD_1367;PROD_11;1;1
CORD_ORD_1367;PROD_12;1;1
CORD_ORD_1367;PROD_18;1;1
CORD_ORD_1367;PROD_2;1;1
CORD_ORD_1367;PROD_21;1;1
CORD_ORD_1367;PROD_26;1;1
CORD_ORD_1367;PROD_27;1;1
CORD_ORD_1367;PROD_29;1;1
CORD_ORD_1367;PROD_3;1;1
CORD_ORD_1367;PROD_32;1;1
CORD_ORD_1367;PROD_36;1;1
CORD_ORD_1367;PROD_4;1;1
CORD_ORD_1367;PROD_41;1;1
CORD_ORD_1367;PROD_43;1;1
CORD_ORD_1367;PROD_46;1;1
CORD_ORD_1367;PROD_47;1;1
CORD_ORD_1367;PROD_6;1;1
CORD_ORD_1368;PROD_1;1;1
CORD_ORD_1368;PROD_10;1;1
CORD_ORD_1368;PROD_12;1;1
CORD_ORD_1368;PROD_13;1;1
CORD_ORD_1368;PROD_14;1;1
CORD_ORD_1368;PROD_16;1;1
CORD_ORD_1368;PROD_20;1;1
CORD_ORD_1368;PROD_21;1;1
CORD_ORD_1368;PROD_23;1;1
CORD_ORD_1368;PROD_24;1;1
CORD_ORD_1368;PROD_28;1;1
CORD_ORD_1368;PROD_3;1;1
CORD_ORD_1368;PROD_32;1;1
CORD_ORD_1368;PROD_35;1;1
CORD_ORD_1368;PROD_36;1;1
CORD_ORD_1368;PROD_37;1;1
CORD_ORD_1368;PROD_38;1;1
CORD_ORD_1368;PROD_39;1;1
CORD_ORD_1368;PROD_4;1;1
CORD_ORD_1368;PROD_42;1;1
CORD_ORD_1368;PROD_43;1;1
CORD_ORD_1368;PROD_45;1;1
CORD_ORD_1368;PROD_47;1;1
CORD_ORD_1368;PROD_8;1;1
CORD_ORD_1368;PROD_9;1;1
CORD_ORD_1369;PROD_10;1;1
CORD_ORD_1369;PROD_11;1;1
CORD_ORD_1369;PROD_12;1;1
CORD_ORD_1369;PROD_14;1;1
CORD_ORD_1369;PROD_16;1;1
CORD_ORD_1369;PROD_20;1;1
CORD_ORD_1369;PROD_21;1;1
CORD_ORD_1369;PROD_23;1;1
CORD_ORD_1369;PROD_24;1;1
CORD_ORD_1369;PROD_26;1;1
CORD_ORD_1369;PROD_27;1;1
CORD_ORD_1369;PROD_28;1;1
CORD_ORD_1369;PROD_29;1;1
CORD_ORD_1369;PROD_32;1;1
CORD_ORD_1369;PROD_35;1;1
CORD_ORD_1369;PROD_37;1;1
CORD_ORD_1369;PROD_39;1;1
CORD_ORD_1369;PROD_4;1;1
CORD_ORD_1369;PROD_42;1;1
CORD_ORD_1369;PROD_43;1;1
CORD_ORD_1369;PROD_45;1;1
CORD_ORD_1369;PROD_46;1;1
CORD_ORD_1369;PROD_47;1;1
CORD_ORD_1369;PROD_6;1;1
CORD_ORD_1369;PROD_8;1;1
CORD_ORD_1369;PROD_9;1;1
CORD_ORD_1370;PROD_10;1;1
CORD_ORD_1370;PROD_11;1;1
CORD_ORD_1370;PROD_13;1;1
CORD_ORD_1370;PROD_14;1;1
CORD_ORD_1370;PROD_15;1;1
CORD_ORD_1370;PROD_16;1;1
CORD_ORD_1370;PROD_17;1;1
CORD_ORD_1370;PROD_26;1;1
CORD_ORD_1370;PROD_27;1;1
CORD_ORD_1370;PROD_28;1;1
CORD_ORD_1370;PROD_29;1;1
CORD_ORD_1370;PROD_30;1;1
CORD_ORD_1370;PROD_31;1;1
CORD_ORD_1370;PROD_34;1;1
CORD_ORD_1370;PROD_38;1;1
CORD_ORD_1370;PROD_40;1;1
CORD_ORD_1370;PROD_46;1;1
CORD_ORD_1370;PROD_48;1;1
CORD_ORD_1370;PROD_49;1;1
CORD_ORD_1370;PROD_6;1;1
CORD_ORD_1370;PROD_8;1;1
CORD_ORD_1370;PROD_9;1;1
CORD_ORD_1371;PROD_1;1;1
CORD_ORD_1371;PROD_10;1;1
CORD_ORD_1371;PROD_11;1;1
CORD_ORD_1371;PROD_16;1;1
CORD_ORD_1371;PROD_24;1;1
CORD_ORD_1371;PROD_26;1;1
CORD_ORD_1371;PROD_27;1;1
CORD_ORD_1371;PROD_29;1;1
CORD_ORD_1371;PROD_3;1;1
CORD_ORD_1371;PROD_32;1;1
CORD_ORD_1371;PROD_36;1;1
CORD_ORD_1371;PROD_37;1;1
CORD_ORD_1371;PROD_42;1;1
CORD_ORD_1371;PROD_43;1;1
CORD_ORD_1371;PROD_46;1;1
CORD_ORD_1371;PROD_47;1;1
CORD_ORD_1371;PROD_6;1;1
CORD_ORD_1371;PROD_8;1;1
CORD_ORD_1372;PROD_1;1;1
CORD_ORD_1372;PROD_10;1;1
CORD_ORD_1372;PROD_11;1;1
CORD_ORD_1372;PROD_13;1;1
CORD_ORD_1372;PROD_16;1;1
CORD_ORD_1372;PROD_17;1;1
CORD_ORD_1372;PROD_20;1;1
CORD_ORD_1372;PROD_27;1;1
CORD_ORD_1372;PROD_29;1;1
CORD_ORD_1372;PROD_3;1;1
CORD_ORD_1372;PROD_31;1;1
CORD_ORD_1372;PROD_32;1;1
CORD_ORD_1372;PROD_35;1;1
CORD_ORD_1372;PROD_36;1;1
CORD_ORD_1372;PROD_38;1;1
CORD_ORD_1372;PROD_39;1;1
CORD_ORD_1372;PROD_43;1;1
CORD_ORD_1372;PROD_47;1;1
CORD_ORD_1372;PROD_48;1;1
CORD_ORD_1372;PROD_8;1;1
CORD_ORD_1373;PROD_10;1;1
CORD_ORD_1373;PROD_12;1;1
CORD_ORD_1373;PROD_13;1;1
CORD_ORD_1373;PROD_14;1;1
CORD_ORD_1373;PROD_15;1;1
CORD_ORD_1373;PROD_16;1;1
CORD_ORD_1373;PROD_19;1;1
CORD_ORD_1373;PROD_21;1;1
CORD_ORD_1373;PROD_24;1;1
CORD_ORD_1373;PROD_28;1;1
CORD_ORD_1373;PROD_32;1;1
CORD_ORD_1373;PROD_33;1;1
CORD_ORD_1373;PROD_34;1;1
CORD_ORD_1373;PROD_37;1;1
CORD_ORD_1373;PROD_38;1;1
CORD_ORD_1373;PROD_4;1;1
CORD_ORD_1373;PROD_42;1;1
CORD_ORD_1373;PROD_43;1;1
CORD_ORD_1373;PROD_44;1;1
CORD_ORD_1373;PROD_47;1;1
CORD_ORD_1373;PROD_49;1;1
CORD_ORD_1373;PROD_5;1;1
CORD_ORD_1373;PROD_7;1;1
CORD_ORD_1373;PROD_8;1;1
CORD_ORD_1373;PROD_9;1;1
CORD_ORD_1374;PROD_1;1;1
CORD_ORD_1374;PROD_12;1;1
CORD_ORD_1374;PROD_18;1;1
CORD_ORD_1374;PROD_2;1;1
CORD_ORD_1374;PROD_21;1;1
CORD_ORD_1374;PROD_22;1;1
CORD_ORD_1374;PROD_25;1;1
CORD_ORD_1374;PROD_26;1;1
CORD_ORD_1374;PROD_3;1;1
CORD_ORD_1374;PROD_30;1;1
CORD_ORD_1374;PROD_32;1;1
CORD_ORD_1374;PROD_36;1;1
CORD_ORD_1374;PROD_4;1;1
CORD_ORD_1374;PROD_40;1;1
CORD_ORD_1374;PROD_41;1;1
CORD_ORD_1374;PROD_43;1;1
CORD_ORD_1374;PROD_46;1;1
CORD_ORD_1374;PROD_47;1;1
CORD_ORD_1374;PROD_5;1;1
CORD_ORD_1374;PROD_50;1;1
CORD_ORD_1374;PROD_6;1;1
CORD_ORD_1374;PROD_7;1;1
CORD_ORD_1375;PROD_10;1;1
CORD_ORD_1375;PROD_12;1;1
CORD_ORD_1375;PROD_13;1;1
CORD_ORD_1375;PROD_14;1;1
CORD_ORD_1375;PROD_16;1;1
CORD_ORD_1375;PROD_21;1;1
CORD_ORD_1375;PROD_24;1;1
CORD_ORD_1375;PROD_28;1;1
CORD_ORD_1375;PROD_30;1;1
CORD_ORD_1375;PROD_37;1;1
CORD_ORD_1375;PROD_38;1;1
CORD_ORD_1375;PROD_4;1;1
CORD_ORD_1375;PROD_40;1;1
CORD_ORD_1375;PROD_42;1;1
CORD_ORD_1375;PROD_8;1;1
CORD_ORD_1375;PROD_9;1;1
CORD_ORD_1376;PROD_12;1;1
CORD_ORD_1376;PROD_14;1;1
CORD_ORD_1376;PROD_17;1;1
CORD_ORD_1376;PROD_18;1;1
CORD_ORD_1376;PROD_2;1;1
CORD_ORD_1376;PROD_21;1;1
CORD_ORD_1376;PROD_26;1;1
CORD_ORD_1376;PROD_28;1;1
CORD_ORD_1376;PROD_31;1;1
CORD_ORD_1376;PROD_4;1;1
CORD_ORD_1376;PROD_41;1;1
CORD_ORD_1376;PROD_46;1;1
CORD_ORD_1376;PROD_48;1;1
CORD_ORD_1376;PROD_6;1;1
CORD_ORD_1376;PROD_9;1;1
CORD_ORD_1377;PROD_1;1;1
CORD_ORD_1377;PROD_11;1;1
CORD_ORD_1377;PROD_15;1;1
CORD_ORD_1377;PROD_18;1;1
CORD_ORD_1377;PROD_19;1;1
CORD_ORD_1377;PROD_2;1;1
CORD_ORD_1377;PROD_24;1;1
CORD_ORD_1377;PROD_27;1;1
CORD_ORD_1377;PROD_29;1;1
CORD_ORD_1377;PROD_3;1;1
CORD_ORD_1377;PROD_33;1;1
CORD_ORD_1377;PROD_34;1;1
CORD_ORD_1377;PROD_36;1;1
CORD_ORD_1377;PROD_37;1;1
CORD_ORD_1377;PROD_41;1;1
CORD_ORD_1377;PROD_42;1;1
CORD_ORD_1377;PROD_44;1;1
CORD_ORD_1377;PROD_49;1;1
CORD_ORD_1378;PROD_11;1;1
CORD_ORD_1378;PROD_12;1;1
CORD_ORD_1378;PROD_13;1;1
CORD_ORD_1378;PROD_14;1;1
CORD_ORD_1378;PROD_18;1;1
CORD_ORD_1378;PROD_19;1;1
CORD_ORD_1378;PROD_2;1;1
CORD_ORD_1378;PROD_21;1;1
CORD_ORD_1378;PROD_23;1;1
CORD_ORD_1378;PROD_24;1;1
CORD_ORD_1378;PROD_26;1;1
CORD_ORD_1378;PROD_27;1;1
CORD_ORD_1378;PROD_28;1;1
CORD_ORD_1378;PROD_29;1;1
CORD_ORD_1378;PROD_30;1;1
CORD_ORD_1378;PROD_32;1;1
CORD_ORD_1378;PROD_33;1;1
CORD_ORD_1378;PROD_37;1;1
CORD_ORD_1378;PROD_38;1;1
CORD_ORD_1378;PROD_4;1;1
CORD_ORD_1378;PROD_40;1;1
CORD_ORD_1378;PROD_41;1;1
CORD_ORD_1378;PROD_42;1;1
CORD_ORD_1378;PROD_43;1;1
CORD_ORD_1378;PROD_44;1;1
CORD_ORD_1378;PROD_45;1;1
CORD_ORD_1378;PROD_46;1;1
CORD_ORD_1378;PROD_47;1;1
CORD_ORD_1378;PROD_6;1;1
CORD_ORD_1378;PROD_9;1;1
CORD_ORD_1379;PROD_1;1;1
CORD_ORD_1379;PROD_12;1;1
CORD_ORD_1379;PROD_13;1;1
CORD_ORD_1379;PROD_14;1;1
CORD_ORD_1379;PROD_17;1;1
CORD_ORD_1379;PROD_18;1;1
CORD_ORD_1379;PROD_2;1;1
CORD_ORD_1379;PROD_20;1;1
CORD_ORD_1379;PROD_21;1;1
CORD_ORD_1379;PROD_22;1;1
CORD_ORD_1379;PROD_24;1;1
CORD_ORD_1379;PROD_25;1;1
CORD_ORD_1379;PROD_26;1;1
CORD_ORD_1379;PROD_28;1;1
CORD_ORD_1379;PROD_3;1;1
CORD_ORD_1379;PROD_30;1;1
CORD_ORD_1379;PROD_31;1;1
CORD_ORD_1379;PROD_32;1;1
CORD_ORD_1379;PROD_35;1;1
CORD_ORD_1379;PROD_36;1;1
CORD_ORD_1379;PROD_37;1;1
CORD_ORD_1379;PROD_38;1;1
CORD_ORD_1379;PROD_39;1;1
CORD_ORD_1379;PROD_4;1;1
CORD_ORD_1379;PROD_40;1;1
CORD_ORD_1379;PROD_41;1;1
CORD_ORD_1379;PROD_42;1;1
CORD_ORD_1379;PROD_43;1;1
CORD_ORD_1379;PROD_46;1;1
CORD_ORD_1379;PROD_47;1;1
CORD_ORD_1379;PROD_48;1;1
CORD_ORD_1379;PROD_50;1;1
CORD_ORD_1379;PROD_6;1;1
CORD_ORD_1379;PROD_9;1;1
CORD_ORD_1380;PROD_1;1;1
CORD_ORD_1380;PROD_10;1;1
CORD_ORD_1380;PROD_11;1;1
CORD_ORD_1380;PROD_12;1;1
CORD_ORD_1380;PROD_15;1;1
CORD_ORD_1380;PROD_16;1;1
CORD_ORD_1380;PROD_17;1;1
CORD_ORD_1380;PROD_19;1;1
CORD_ORD_1380;PROD_20;1;1
CORD_ORD_1380;PROD_21;1;1
CORD_ORD_1380;PROD_23;1;1
CORD_ORD_1380;PROD_24;1;1
CORD_ORD_1380;PROD_27;1;1
CORD_ORD_1380;PROD_29;1;1
CORD_ORD_1380;PROD_3;1;1
CORD_ORD_1380;PROD_30;1;1
CORD_ORD_1380;PROD_31;1;1
CORD_ORD_1380;PROD_33;1;1
CORD_ORD_1380;PROD_34;1;1
CORD_ORD_1380;PROD_35;1;1
CORD_ORD_1380;PROD_36;1;1
CORD_ORD_1380;PROD_37;1;1
CORD_ORD_1380;PROD_39;1;1
CORD_ORD_1380;PROD_4;1;1
CORD_ORD_1380;PROD_40;1;1
CORD_ORD_1380;PROD_42;1;1
CORD_ORD_1380;PROD_44;1;1
CORD_ORD_1380;PROD_45;1;1
CORD_ORD_1380;PROD_48;1;1
CORD_ORD_1380;PROD_49;1;1
CORD_ORD_1380;PROD_8;1;1
CORD_ORD_1381;PROD_1;1;1
CORD_ORD_1381;PROD_10;1;1
CORD_ORD_1381;PROD_11;1;1
CORD_ORD_1381;PROD_12;1;1
CORD_ORD_1381;PROD_13;1;1
CORD_ORD_1381;PROD_16;1;1
CORD_ORD_1381;PROD_18;1;1
CORD_ORD_1381;PROD_19;1;1
CORD_ORD_1381;PROD_2;1;1
CORD_ORD_1381;PROD_21;1;1
CORD_ORD_1381;PROD_22;1;1
CORD_ORD_1381;PROD_25;1;1
CORD_ORD_1381;PROD_27;1;1
CORD_ORD_1381;PROD_29;1;1
CORD_ORD_1381;PROD_3;1;1
CORD_ORD_1381;PROD_33;1;1
CORD_ORD_1381;PROD_36;1;1
CORD_ORD_1381;PROD_38;1;1
CORD_ORD_1381;PROD_4;1;1
CORD_ORD_1381;PROD_41;1;1
CORD_ORD_1381;PROD_44;1;1
CORD_ORD_1381;PROD_50;1;1
CORD_ORD_1381;PROD_8;1;1
CORD_ORD_1382;PROD_1;1;1
CORD_ORD_1382;PROD_10;1;1
CORD_ORD_1382;PROD_14;1;1
CORD_ORD_1382;PROD_15;1;1
CORD_ORD_1382;PROD_16;1;1
CORD_ORD_1382;PROD_17;1;1
CORD_ORD_1382;PROD_19;1;1
CORD_ORD_1382;PROD_28;1;1
CORD_ORD_1382;PROD_3;1;1
CORD_ORD_1382;PROD_31;1;1
CORD_ORD_1382;PROD_32;1;1
CORD_ORD_1382;PROD_33;1;1
CORD_ORD_1382;PROD_34;1;1
CORD_ORD_1382;PROD_36;1;1
CORD_ORD_1382;PROD_43;1;1
CORD_ORD_1382;PROD_44;1;1
CORD_ORD_1382;PROD_47;1;1
CORD_ORD_1382;PROD_48;1;1
CORD_ORD_1382;PROD_49;1;1
CORD_ORD_1382;PROD_5;1;1
CORD_ORD_1382;PROD_7;1;1
CORD_ORD_1382;PROD_8;1;1
CORD_ORD_1382;PROD_9;1;1
CORD_ORD_1383;PROD_1;1;1
CORD_ORD_1383;PROD_10;1;1
CORD_ORD_1383;PROD_11;1;1
CORD_ORD_1383;PROD_14;1;1
CORD_ORD_1383;PROD_15;1;1
CORD_ORD_1383;PROD_16;1;1
CORD_ORD_1383;PROD_17;1;1
CORD_ORD_1383;PROD_18;1;1
CORD_ORD_1383;PROD_2;1;1
CORD_ORD_1383;PROD_20;1;1
CORD_ORD_1383;PROD_24;1;1
CORD_ORD_1383;PROD_26;1;1
CORD_ORD_1383;PROD_27;1;1
CORD_ORD_1383;PROD_28;1;1
CORD_ORD_1383;PROD_29;1;1
CORD_ORD_1383;PROD_3;1;1
CORD_ORD_1383;PROD_31;1;1
CORD_ORD_1383;PROD_34;1;1
CORD_ORD_1383;PROD_35;1;1
CORD_ORD_1383;PROD_36;1;1
CORD_ORD_1383;PROD_37;1;1
CORD_ORD_1383;PROD_39;1;1
CORD_ORD_1383;PROD_41;1;1
CORD_ORD_1383;PROD_42;1;1
CORD_ORD_1383;PROD_46;1;1
CORD_ORD_1383;PROD_48;1;1
CORD_ORD_1383;PROD_49;1;1
CORD_ORD_1383;PROD_6;1;1
CORD_ORD_1383;PROD_8;1;1
CORD_ORD_1383;PROD_9;1;1
CORD_ORD_1384;PROD_1;1;1
CORD_ORD_1384;PROD_11;1;1
CORD_ORD_1384;PROD_27;1;1
CORD_ORD_1384;PROD_29;1;1
CORD_ORD_1384;PROD_3;1;1
CORD_ORD_1384;PROD_32;1;1
CORD_ORD_1384;PROD_36;1;1
CORD_ORD_1384;PROD_43;1;1
CORD_ORD_1384;PROD_47;1;1
CORD_ORD_1385;PROD_11;1;1
CORD_ORD_1385;PROD_15;1;1
CORD_ORD_1385;PROD_22;1;1
CORD_ORD_1385;PROD_24;1;1
CORD_ORD_1385;PROD_25;1;1
CORD_ORD_1385;PROD_27;1;1
CORD_ORD_1385;PROD_29;1;1
CORD_ORD_1385;PROD_34;1;1
CORD_ORD_1385;PROD_37;1;1
CORD_ORD_1385;PROD_42;1;1
CORD_ORD_1385;PROD_49;1;1
CORD_ORD_1385;PROD_5;1;1
CORD_ORD_1385;PROD_50;1;1
CORD_ORD_1385;PROD_7;1;1
CORD_ORD_1386;PROD_1;1;1
CORD_ORD_1386;PROD_10;1;1
CORD_ORD_1386;PROD_12;1;1
CORD_ORD_1386;PROD_13;1;1
CORD_ORD_1386;PROD_16;1;1
CORD_ORD_1386;PROD_21;1;1
CORD_ORD_1386;PROD_22;1;1
CORD_ORD_1386;PROD_25;1;1
CORD_ORD_1386;PROD_3;1;1
CORD_ORD_1386;PROD_36;1;1
CORD_ORD_1386;PROD_38;1;1
CORD_ORD_1386;PROD_4;1;1
CORD_ORD_1386;PROD_50;1;1
CORD_ORD_1386;PROD_8;1;1
CORD_ORD_1387;PROD_11;1;1
CORD_ORD_1387;PROD_12;1;1
CORD_ORD_1387;PROD_17;1;1
CORD_ORD_1387;PROD_20;1;1
CORD_ORD_1387;PROD_21;1;1
CORD_ORD_1387;PROD_22;1;1
CORD_ORD_1387;PROD_23;1;1
CORD_ORD_1387;PROD_25;1;1
CORD_ORD_1387;PROD_26;1;1
CORD_ORD_1387;PROD_27;1;1
CORD_ORD_1387;PROD_29;1;1
CORD_ORD_1387;PROD_31;1;1
CORD_ORD_1387;PROD_32;1;1
CORD_ORD_1387;PROD_35;1;1
CORD_ORD_1387;PROD_39;1;1
CORD_ORD_1387;PROD_4;1;1
CORD_ORD_1387;PROD_43;1;1
CORD_ORD_1387;PROD_45;1;1
CORD_ORD_1387;PROD_46;1;1
CORD_ORD_1387;PROD_47;1;1
CORD_ORD_1387;PROD_48;1;1
CORD_ORD_1387;PROD_50;1;1
CORD_ORD_1387;PROD_6;1;1
CORD_ORD_1388;PROD_1;1;1
CORD_ORD_1388;PROD_10;1;1
CORD_ORD_1388;PROD_13;1;1
CORD_ORD_1388;PROD_16;1;1
CORD_ORD_1388;PROD_22;1;1
CORD_ORD_1388;PROD_25;1;1
CORD_ORD_1388;PROD_26;1;1
CORD_ORD_1388;PROD_3;1;1
CORD_ORD_1388;PROD_36;1;1
CORD_ORD_1388;PROD_38;1;1
CORD_ORD_1388;PROD_46;1;1
CORD_ORD_1388;PROD_50;1;1
CORD_ORD_1388;PROD_6;1;1
CORD_ORD_1388;PROD_8;1;1
CORD_ORD_1389;PROD_1;1;1
CORD_ORD_1389;PROD_10;1;1
CORD_ORD_1389;PROD_12;1;1
CORD_ORD_1389;PROD_15;1;1
CORD_ORD_1389;PROD_16;1;1
CORD_ORD_1389;PROD_17;1;1
CORD_ORD_1389;PROD_21;1;1
CORD_ORD_1389;PROD_22;1;1
CORD_ORD_1389;PROD_25;1;1
CORD_ORD_1389;PROD_26;1;1
CORD_ORD_1389;PROD_3;1;1
CORD_ORD_1389;PROD_31;1;1
CORD_ORD_1389;PROD_34;1;1
CORD_ORD_1389;PROD_36;1;1
CORD_ORD_1389;PROD_4;1;1
CORD_ORD_1389;PROD_46;1;1
CORD_ORD_1389;PROD_48;1;1
CORD_ORD_1389;PROD_49;1;1
CORD_ORD_1389;PROD_50;1;1
CORD_ORD_1389;PROD_6;1;1
CORD_ORD_1389;PROD_8;1;1
CORD_ORD_1390;PROD_12;1;1
CORD_ORD_1390;PROD_19;1;1
CORD_ORD_1390;PROD_21;1;1
CORD_ORD_1390;PROD_24;1;1
CORD_ORD_1390;PROD_33;1;1
CORD_ORD_1390;PROD_37;1;1
CORD_ORD_1390;PROD_4;1;1
CORD_ORD_1390;PROD_42;1;1
CORD_ORD_1390;PROD_44;1;1
CORD_ORD_1391;PROD_10;1;1
CORD_ORD_1391;PROD_11;1;1
CORD_ORD_1391;PROD_13;1;1
CORD_ORD_1391;PROD_15;1;1
CORD_ORD_1391;PROD_16;1;1
CORD_ORD_1391;PROD_17;1;1
CORD_ORD_1391;PROD_19;1;1
CORD_ORD_1391;PROD_23;1;1
CORD_ORD_1391;PROD_27;1;1
CORD_ORD_1391;PROD_29;1;1
CORD_ORD_1391;PROD_31;1;1
CORD_ORD_1391;PROD_33;1;1
CORD_ORD_1391;PROD_34;1;1
CORD_ORD_1391;PROD_38;1;1
CORD_ORD_1391;PROD_44;1;1
CORD_ORD_1391;PROD_45;1;1
CORD_ORD_1391;PROD_48;1;1
CORD_ORD_1391;PROD_49;1;1
CORD_ORD_1391;PROD_8;1;1
CORD_ORD_1392;PROD_1;1;1
CORD_ORD_1392;PROD_10;1;1
CORD_ORD_1392;PROD_13;1;1
CORD_ORD_1392;PROD_15;1;1
CORD_ORD_1392;PROD_16;1;1
CORD_ORD_1392;PROD_22;1;1
CORD_ORD_1392;PROD_25;1;1
CORD_ORD_1392;PROD_3;1;1
CORD_ORD_1392;PROD_32;1;1
CORD_ORD_1392;PROD_34;1;1
CORD_ORD_1392;PROD_36;1;1
CORD_ORD_1392;PROD_38;1;1
CORD_ORD_1392;PROD_43;1;1
CORD_ORD_1392;PROD_47;1;1
CORD_ORD_1392;PROD_49;1;1
CORD_ORD_1392;PROD_50;1;1
CORD_ORD_1392;PROD_8;1;1
CORD_ORD_1393;PROD_10;1;1
CORD_ORD_1393;PROD_11;1;1
CORD_ORD_1393;PROD_14;1;1
CORD_ORD_1393;PROD_15;1;1
CORD_ORD_1393;PROD_16;1;1
CORD_ORD_1393;PROD_18;1;1
CORD_ORD_1393;PROD_2;1;1
CORD_ORD_1393;PROD_22;1;1
CORD_ORD_1393;PROD_24;1;1
CORD_ORD_1393;PROD_25;1;1
CORD_ORD_1393;PROD_26;1;1
CORD_ORD_1393;PROD_27;1;1
CORD_ORD_1393;PROD_28;1;1
CORD_ORD_1393;PROD_29;1;1
CORD_ORD_1393;PROD_34;1;1
CORD_ORD_1393;PROD_37;1;1
CORD_ORD_1393;PROD_41;1;1
CORD_ORD_1393;PROD_42;1;1
CORD_ORD_1393;PROD_46;1;1
CORD_ORD_1393;PROD_49;1;1
CORD_ORD_1393;PROD_50;1;1
CORD_ORD_1393;PROD_6;1;1
CORD_ORD_1393;PROD_8;1;1
CORD_ORD_1393;PROD_9;1;1
CORD_ORD_1394;PROD_1;1;1
CORD_ORD_1394;PROD_11;1;1
CORD_ORD_1394;PROD_12;1;1
CORD_ORD_1394;PROD_21;1;1
CORD_ORD_1394;PROD_27;1;1
CORD_ORD_1394;PROD_29;1;1
CORD_ORD_1394;PROD_3;1;1
CORD_ORD_1394;PROD_32;1;1
CORD_ORD_1394;PROD_36;1;1
CORD_ORD_1394;PROD_4;1;1
CORD_ORD_1394;PROD_43;1;1
CORD_ORD_1394;PROD_47;1;1
CORD_ORD_1395;PROD_17;1;1
CORD_ORD_1395;PROD_19;1;1
CORD_ORD_1395;PROD_20;1;1
CORD_ORD_1395;PROD_26;1;1
CORD_ORD_1395;PROD_31;1;1
CORD_ORD_1395;PROD_33;1;1
CORD_ORD_1395;PROD_35;1;1
CORD_ORD_1395;PROD_39;1;1
CORD_ORD_1395;PROD_44;1;1
CORD_ORD_1395;PROD_46;1;1
CORD_ORD_1395;PROD_48;1;1
CORD_ORD_1395;PROD_6;1;1
CORD_ORD_1396;PROD_14;1;1
CORD_ORD_1396;PROD_19;1;1
CORD_ORD_1396;PROD_22;1;1
CORD_ORD_1396;PROD_24;1;1
CORD_ORD_1396;PROD_25;1;1
CORD_ORD_1396;PROD_28;1;1
CORD_ORD_1396;PROD_33;1;1
CORD_ORD_1396;PROD_37;1;1
CORD_ORD_1396;PROD_42;1;1
CORD_ORD_1396;PROD_44;1;1
CORD_ORD_1396;PROD_5;1;1
CORD_ORD_1396;PROD_50;1;1
CORD_ORD_1396;PROD_7;1;1
CORD_ORD_1396;PROD_9;1;1
CORD_ORD_1397;PROD_10;1;1
CORD_ORD_1397;PROD_11;1;1
CORD_ORD_1397;PROD_12;1;1
CORD_ORD_1397;PROD_13;1;1
CORD_ORD_1397;PROD_14;1;1
CORD_ORD_1397;PROD_15;1;1
CORD_ORD_1397;PROD_16;1;1
CORD_ORD_1397;PROD_17;1;1
CORD_ORD_1397;PROD_18;1;1
CORD_ORD_1397;PROD_2;1;1
CORD_ORD_1397;PROD_21;1;1
CORD_ORD_1397;PROD_22;1;1
CORD_ORD_1397;PROD_24;1;1
CORD_ORD_1397;PROD_25;1;1
CORD_ORD_1397;PROD_26;1;1
CORD_ORD_1397;PROD_27;1;1
CORD_ORD_1397;PROD_28;1;1
CORD_ORD_1397;PROD_29;1;1
CORD_ORD_1397;PROD_30;1;1
CORD_ORD_1397;PROD_31;1;1
CORD_ORD_1397;PROD_32;1;1
CORD_ORD_1397;PROD_34;1;1
CORD_ORD_1397;PROD_37;1;1
CORD_ORD_1397;PROD_38;1;1
CORD_ORD_1397;PROD_4;1;1
CORD_ORD_1397;PROD_40;1;1
CORD_ORD_1397;PROD_41;1;1
CORD_ORD_1397;PROD_42;1;1
CORD_ORD_1397;PROD_43;1;1
CORD_ORD_1397;PROD_46;1;1
CORD_ORD_1397;PROD_47;1;1
CORD_ORD_1397;PROD_48;1;1
CORD_ORD_1397;PROD_49;1;1
CORD_ORD_1397;PROD_50;1;1
CORD_ORD_1397;PROD_6;1;1
CORD_ORD_1397;PROD_8;1;1
CORD_ORD_1397;PROD_9;1;1
CORD_ORD_1398;PROD_12;1;1
CORD_ORD_1398;PROD_14;1;1
CORD_ORD_1398;PROD_18;1;1
CORD_ORD_1398;PROD_19;1;1
CORD_ORD_1398;PROD_2;1;1
CORD_ORD_1398;PROD_21;1;1
CORD_ORD_1398;PROD_26;1;1
CORD_ORD_1398;PROD_28;1;1
CORD_ORD_1398;PROD_32;1;1
CORD_ORD_1398;PROD_33;1;1
CORD_ORD_1398;PROD_4;1;1
CORD_ORD_1398;PROD_41;1;1
CORD_ORD_1398;PROD_43;1;1
CORD_ORD_1398;PROD_44;1;1
CORD_ORD_1398;PROD_46;1;1
CORD_ORD_1398;PROD_47;1;1
CORD_ORD_1398;PROD_6;1;1
CORD_ORD_1398;PROD_9;1;1
CORD_ORD_1399;PROD_10;1;1
CORD_ORD_1399;PROD_16;1;1
CORD_ORD_1399;PROD_18;1;1
CORD_ORD_1399;PROD_2;1;1
CORD_ORD_1399;PROD_23;1;1
CORD_ORD_1399;PROD_32;1;1
CORD_ORD_1399;PROD_41;1;1
CORD_ORD_1399;PROD_43;1;1
CORD_ORD_1399;PROD_45;1;1
CORD_ORD_1399;PROD_47;1;1
CORD_ORD_1399;PROD_8;1;1
CORD_ORD_1400;PROD_1;1;1
CORD_ORD_1400;PROD_11;1;1
CORD_ORD_1400;PROD_13;1;1
CORD_ORD_1400;PROD_15;1;1
CORD_ORD_1400;PROD_18;1;1
CORD_ORD_1400;PROD_2;1;1
CORD_ORD_1400;PROD_20;1;1
CORD_ORD_1400;PROD_22;1;1
CORD_ORD_1400;PROD_24;1;1
CORD_ORD_1400;PROD_25;1;1
CORD_ORD_1400;PROD_27;1;1
CORD_ORD_1400;PROD_29;1;1
CORD_ORD_1400;PROD_3;1;1
CORD_ORD_1400;PROD_30;1;1
CORD_ORD_1400;PROD_32;1;1
CORD_ORD_1400;PROD_34;1;1
CORD_ORD_1400;PROD_35;1;1
CORD_ORD_1400;PROD_36;1;1
CORD_ORD_1400;PROD_37;1;1
CORD_ORD_1400;PROD_38;1;1
CORD_ORD_1400;PROD_39;1;1
CORD_ORD_1400;PROD_40;1;1
CORD_ORD_1400;PROD_41;1;1
CORD_ORD_1400;PROD_42;1;1
CORD_ORD_1400;PROD_43;1;1
CORD_ORD_1400;PROD_47;1;1
CORD_ORD_1400;PROD_49;1;1
CORD_ORD_1400;PROD_50;1;1
CORD_ORD_1401;PROD_1;1;1
CORD_ORD_1401;PROD_11;1;1
CORD_ORD_1401;PROD_12;1;1
CORD_ORD_1401;PROD_17;1;1
CORD_ORD_1401;PROD_18;1;1
CORD_ORD_1401;PROD_2;1;1
CORD_ORD_1401;PROD_21;1;1
CORD_ORD_1401;PROD_22;1;1
CORD_ORD_1401;PROD_24;1;1
CORD_ORD_1401;PROD_25;1;1
CORD_ORD_1401;PROD_26;1;1
CORD_ORD_1401;PROD_27;1;1
CORD_ORD_1401;PROD_29;1;1
CORD_ORD_1401;PROD_3;1;1
CORD_ORD_1401;PROD_31;1;1
CORD_ORD_1401;PROD_32;1;1
CORD_ORD_1401;PROD_36;1;1
CORD_ORD_1401;PROD_37;1;1
CORD_ORD_1401;PROD_4;1;1
CORD_ORD_1401;PROD_41;1;1
CORD_ORD_1401;PROD_42;1;1
CORD_ORD_1401;PROD_43;1;1
CORD_ORD_1401;PROD_46;1;1
CORD_ORD_1401;PROD_47;1;1
CORD_ORD_1401;PROD_48;1;1
CORD_ORD_1401;PROD_50;1;1
CORD_ORD_1401;PROD_6;1;1
CORD_ORD_1402;PROD_1;1;1
CORD_ORD_1402;PROD_10;1;1
CORD_ORD_1402;PROD_11;1;1
CORD_ORD_1402;PROD_12;1;1
CORD_ORD_1402;PROD_13;1;1
CORD_ORD_1402;PROD_15;1;1
CORD_ORD_1402;PROD_16;1;1
CORD_ORD_1402;PROD_18;1;1
CORD_ORD_1402;PROD_2;1;1
CORD_ORD_1402;PROD_21;1;1
CORD_ORD_1402;PROD_22;1;1
CORD_ORD_1402;PROD_24;1;1
CORD_ORD_1402;PROD_25;1;1
CORD_ORD_1402;PROD_27;1;1
CORD_ORD_1402;PROD_29;1;1
CORD_ORD_1402;PROD_3;1;1
CORD_ORD_1402;PROD_34;1;1
CORD_ORD_1402;PROD_36;1;1
CORD_ORD_1402;PROD_37;1;1
CORD_ORD_1402;PROD_38;1;1
CORD_ORD_1402;PROD_4;1;1
CORD_ORD_1402;PROD_41;1;1
CORD_ORD_1402;PROD_42;1;1
CORD_ORD_1402;PROD_49;1;1
CORD_ORD_1402;PROD_50;1;1
CORD_ORD_1402;PROD_8;1;1
CORD_ORD_1403;PROD_11;1;1
CORD_ORD_1403;PROD_13;1;1
CORD_ORD_1403;PROD_14;1;1
CORD_ORD_1403;PROD_17;1;1
CORD_ORD_1403;PROD_19;1;1
CORD_ORD_1403;PROD_20;1;1
CORD_ORD_1403;PROD_27;1;1
CORD_ORD_1403;PROD_28;1;1
CORD_ORD_1403;PROD_29;1;1
CORD_ORD_1403;PROD_31;1;1
CORD_ORD_1403;PROD_32;1;1
CORD_ORD_1403;PROD_33;1;1
CORD_ORD_1403;PROD_35;1;1
CORD_ORD_1403;PROD_38;1;1
CORD_ORD_1403;PROD_39;1;1
CORD_ORD_1403;PROD_43;1;1
CORD_ORD_1403;PROD_44;1;1
CORD_ORD_1403;PROD_47;1;1
CORD_ORD_1403;PROD_48;1;1
CORD_ORD_1403;PROD_9;1;1
CORD_ORD_1404;PROD_10;1;1
CORD_ORD_1404;PROD_11;1;1
CORD_ORD_1404;PROD_14;1;1
CORD_ORD_1404;PROD_16;1;1
CORD_ORD_1404;PROD_17;1;1
CORD_ORD_1404;PROD_18;1;1
CORD_ORD_1404;PROD_2;1;1
CORD_ORD_1404;PROD_20;1;1
CORD_ORD_1404;PROD_26;1;1
CORD_ORD_1404;PROD_27;1;1
CORD_ORD_1404;PROD_28;1;1
CORD_ORD_1404;PROD_29;1;1
CORD_ORD_1404;PROD_31;1;1
CORD_ORD_1404;PROD_35;1;1
CORD_ORD_1404;PROD_39;1;1
CORD_ORD_1404;PROD_41;1;1
CORD_ORD_1404;PROD_46;1;1
CORD_ORD_1404;PROD_48;1;1
CORD_ORD_1404;PROD_6;1;1
CORD_ORD_1404;PROD_8;1;1
CORD_ORD_1404;PROD_9;1;1
CORD_ORD_1405;PROD_10;1;1
CORD_ORD_1405;PROD_16;1;1
CORD_ORD_1405;PROD_19;1;1
CORD_ORD_1405;PROD_20;1;1
CORD_ORD_1405;PROD_22;1;1
CORD_ORD_1405;PROD_24;1;1
CORD_ORD_1405;PROD_25;1;1
CORD_ORD_1405;PROD_26;1;1
CORD_ORD_1405;PROD_33;1;1
CORD_ORD_1405;PROD_35;1;1
CORD_ORD_1405;PROD_37;1;1
CORD_ORD_1405;PROD_39;1;1
CORD_ORD_1405;PROD_42;1;1
CORD_ORD_1405;PROD_44;1;1
CORD_ORD_1405;PROD_46;1;1
CORD_ORD_1405;PROD_50;1;1
CORD_ORD_1405;PROD_6;1;1
CORD_ORD_1405;PROD_8;1;1
CORD_ORD_1406;PROD_1;1;1
CORD_ORD_1406;PROD_10;1;1
CORD_ORD_1406;PROD_12;1;1
CORD_ORD_1406;PROD_13;1;1
CORD_ORD_1406;PROD_16;1;1
CORD_ORD_1406;PROD_20;1;1
CORD_ORD_1406;PROD_21;1;1
CORD_ORD_1406;PROD_3;1;1
CORD_ORD_1406;PROD_32;1;1
CORD_ORD_1406;PROD_35;1;1
CORD_ORD_1406;PROD_36;1;1
CORD_ORD_1406;PROD_38;1;1
CORD_ORD_1406;PROD_39;1;1
CORD_ORD_1406;PROD_4;1;1
CORD_ORD_1406;PROD_43;1;1
CORD_ORD_1406;PROD_47;1;1
CORD_ORD_1406;PROD_8;1;1
CORD_ORD_1407;PROD_10;1;1
CORD_ORD_1407;PROD_11;1;1
CORD_ORD_1407;PROD_12;1;1
CORD_ORD_1407;PROD_16;1;1
CORD_ORD_1407;PROD_20;1;1
CORD_ORD_1407;PROD_21;1;1
CORD_ORD_1407;PROD_22;1;1
CORD_ORD_1407;PROD_24;1;1
CORD_ORD_1407;PROD_25;1;1
CORD_ORD_1407;PROD_26;1;1
CORD_ORD_1407;PROD_27;1;1
CORD_ORD_1407;PROD_29;1;1
CORD_ORD_1407;PROD_35;1;1
CORD_ORD_1407;PROD_37;1;1
CORD_ORD_1407;PROD_39;1;1
CORD_ORD_1407;PROD_4;1;1
CORD_ORD_1407;PROD_42;1;1
CORD_ORD_1407;PROD_46;1;1
CORD_ORD_1407;PROD_5;1;1
CORD_ORD_1407;PROD_50;1;1
CORD_ORD_1407;PROD_6;1;1
CORD_ORD_1407;PROD_7;1;1
CORD_ORD_1407;PROD_8;1;1
CORD_ORD_1408;PROD_10;1;1
CORD_ORD_1408;PROD_11;1;1
CORD_ORD_1408;PROD_12;1;1
CORD_ORD_1408;PROD_13;1;1
CORD_ORD_1408;PROD_14;1;1
CORD_ORD_1408;PROD_16;1;1
CORD_ORD_1408;PROD_17;1;1
CORD_ORD_1408;PROD_18;1;1
CORD_ORD_1408;PROD_2;1;1
CORD_ORD_1408;PROD_21;1;1
CORD_ORD_1408;PROD_23;1;1
CORD_ORD_1408;PROD_24;1;1
CORD_ORD_1408;PROD_27;1;1
CORD_ORD_1408;PROD_28;1;1
CORD_ORD_1408;PROD_29;1;1
CORD_ORD_1408;PROD_31;1;1
CORD_ORD_1408;PROD_37;1;1
CORD_ORD_1408;PROD_38;1;1
CORD_ORD_1408;PROD_4;1;1
CORD_ORD_1408;PROD_41;1;1
CORD_ORD_1408;PROD_42;1;1
CORD_ORD_1408;PROD_45;1;1
CORD_ORD_1408;PROD_48;1;1
CORD_ORD_1408;PROD_5;1;1
CORD_ORD_1408;PROD_7;1;1
CORD_ORD_1408;PROD_8;1;1
CORD_ORD_1408;PROD_9;1;1
CORD_ORD_1409;PROD_13;1;1
CORD_ORD_1409;PROD_14;1;1
CORD_ORD_1409;PROD_15;1;1
CORD_ORD_1409;PROD_20;1;1
CORD_ORD_1409;PROD_22;1;1
CORD_ORD_1409;PROD_23;1;1
CORD_ORD_1409;PROD_24;1;1
CORD_ORD_1409;PROD_25;1;1
CORD_ORD_1409;PROD_28;1;1
CORD_ORD_1409;PROD_30;1;1
CORD_ORD_1409;PROD_34;1;1
CORD_ORD_1409;PROD_35;1;1
CORD_ORD_1409;PROD_37;1;1
CORD_ORD_1409;PROD_38;1;1
CORD_ORD_1409;PROD_39;1;1
CORD_ORD_1409;PROD_40;1;1
CORD_ORD_1409;PROD_42;1;1
CORD_ORD_1409;PROD_45;1;1
CORD_ORD_1409;PROD_49;1;1
CORD_ORD_1409;PROD_50;1;1
CORD_ORD_1409;PROD_9;1;1
CORD_ORD_1410;PROD_12;1;1
CORD_ORD_1410;PROD_13;1;1
CORD_ORD_1410;PROD_14;1;1
CORD_ORD_1410;PROD_17;1;1
CORD_ORD_1410;PROD_21;1;1
CORD_ORD_1410;PROD_28;1;1
CORD_ORD_1410;PROD_31;1;1
CORD_ORD_1410;PROD_32;1;1
CORD_ORD_1410;PROD_38;1;1
CORD_ORD_1410;PROD_4;1;1
CORD_ORD_1410;PROD_43;1;1
CORD_ORD_1410;PROD_47;1;1
CORD_ORD_1410;PROD_48;1;1
CORD_ORD_1410;PROD_9;1;1
CORD_ORD_1411;PROD_1;1;1
CORD_ORD_1411;PROD_10;1;1
CORD_ORD_1411;PROD_12;1;1
CORD_ORD_1411;PROD_16;1;1
CORD_ORD_1411;PROD_19;1;1
CORD_ORD_1411;PROD_21;1;1
CORD_ORD_1411;PROD_26;1;1
CORD_ORD_1411;PROD_3;1;1
CORD_ORD_1411;PROD_33;1;1
CORD_ORD_1411;PROD_36;1;1
CORD_ORD_1411;PROD_4;1;1
CORD_ORD_1411;PROD_44;1;1
CORD_ORD_1411;PROD_46;1;1
CORD_ORD_1411;PROD_6;1;1
CORD_ORD_1411;PROD_8;1;1
CORD_ORD_1412;PROD_17;1;1
CORD_ORD_1412;PROD_18;1;1
CORD_ORD_1412;PROD_2;1;1
CORD_ORD_1412;PROD_24;1;1
CORD_ORD_1412;PROD_31;1;1
CORD_ORD_1412;PROD_32;1;1
CORD_ORD_1412;PROD_37;1;1
CORD_ORD_1412;PROD_41;1;1
CORD_ORD_1412;PROD_42;1;1
CORD_ORD_1412;PROD_43;1;1
CORD_ORD_1412;PROD_47;1;1
CORD_ORD_1412;PROD_48;1;1
CORD_ORD_1413;PROD_1;1;1
CORD_ORD_1413;PROD_10;1;1
CORD_ORD_1413;PROD_13;1;1
CORD_ORD_1413;PROD_16;1;1
CORD_ORD_1413;PROD_17;1;1
CORD_ORD_1413;PROD_20;1;1
CORD_ORD_1413;PROD_22;1;1
CORD_ORD_1413;PROD_25;1;1
CORD_ORD_1413;PROD_3;1;1
CORD_ORD_1413;PROD_31;1;1
CORD_ORD_1413;PROD_32;1;1
CORD_ORD_1413;PROD_35;1;1
CORD_ORD_1413;PROD_36;1;1
CORD_ORD_1413;PROD_38;1;1
CORD_ORD_1413;PROD_39;1;1
CORD_ORD_1413;PROD_43;1;1
CORD_ORD_1413;PROD_47;1;1
CORD_ORD_1413;PROD_48;1;1
CORD_ORD_1413;PROD_50;1;1
CORD_ORD_1413;PROD_8;1;1
CORD_ORD_1414;PROD_1;1;1
CORD_ORD_1414;PROD_10;1;1
CORD_ORD_1414;PROD_13;1;1
CORD_ORD_1414;PROD_15;1;1
CORD_ORD_1414;PROD_16;1;1
CORD_ORD_1414;PROD_17;1;1
CORD_ORD_1414;PROD_22;1;1
CORD_ORD_1414;PROD_25;1;1
CORD_ORD_1414;PROD_26;1;1
CORD_ORD_1414;PROD_3;1;1
CORD_ORD_1414;PROD_31;1;1
CORD_ORD_1414;PROD_34;1;1
CORD_ORD_1414;PROD_36;1;1
CORD_ORD_1414;PROD_38;1;1
CORD_ORD_1414;PROD_46;1;1
CORD_ORD_1414;PROD_48;1;1
CORD_ORD_1414;PROD_49;1;1
CORD_ORD_1414;PROD_50;1;1
CORD_ORD_1414;PROD_6;1;1
CORD_ORD_1414;PROD_8;1;1
CORD_ORD_1415;PROD_10;1;1
CORD_ORD_1415;PROD_14;1;1
CORD_ORD_1415;PROD_16;1;1
CORD_ORD_1415;PROD_18;1;1
CORD_ORD_1415;PROD_2;1;1
CORD_ORD_1415;PROD_20;1;1
CORD_ORD_1415;PROD_28;1;1
CORD_ORD_1415;PROD_35;1;1
CORD_ORD_1415;PROD_39;1;1
CORD_ORD_1415;PROD_41;1;1
CORD_ORD_1415;PROD_8;1;1
CORD_ORD_1415;PROD_9;1;1
CORD_ORD_1416;PROD_1;1;1
CORD_ORD_1416;PROD_10;1;1
CORD_ORD_1416;PROD_13;1;1
CORD_ORD_1416;PROD_16;1;1
CORD_ORD_1416;PROD_18;1;1
CORD_ORD_1416;PROD_2;1;1
CORD_ORD_1416;PROD_20;1;1
CORD_ORD_1416;PROD_22;1;1
CORD_ORD_1416;PROD_24;1;1
CORD_ORD_1416;PROD_25;1;1
CORD_ORD_1416;PROD_26;1;1
CORD_ORD_1416;PROD_3;1;1
CORD_ORD_1416;PROD_35;1;1
CORD_ORD_1416;PROD_36;1;1
CORD_ORD_1416;PROD_37;1;1
CORD_ORD_1416;PROD_38;1;1
CORD_ORD_1416;PROD_39;1;1
CORD_ORD_1416;PROD_41;1;1
CORD_ORD_1416;PROD_42;1;1
CORD_ORD_1416;PROD_46;1;1
CORD_ORD_1416;PROD_50;1;1
CORD_ORD_1416;PROD_6;1;1
CORD_ORD_1416;PROD_8;1;1
CORD_ORD_1417;PROD_10;1;1
CORD_ORD_1417;PROD_12;1;1
CORD_ORD_1417;PROD_13;1;1
CORD_ORD_1417;PROD_16;1;1
CORD_ORD_1417;PROD_17;1;1
CORD_ORD_1417;PROD_19;1;1
CORD_ORD_1417;PROD_21;1;1
CORD_ORD_1417;PROD_23;1;1
CORD_ORD_1417;PROD_24;1;1
CORD_ORD_1417;PROD_31;1;1
CORD_ORD_1417;PROD_33;1;1
CORD_ORD_1417;PROD_37;1;1
CORD_ORD_1417;PROD_38;1;1
CORD_ORD_1417;PROD_4;1;1
CORD_ORD_1417;PROD_42;1;1
CORD_ORD_1417;PROD_44;1;1
CORD_ORD_1417;PROD_45;1;1
CORD_ORD_1417;PROD_48;1;1
CORD_ORD_1417;PROD_8;1;1
CORD_ORD_1418;PROD_1;1;1
CORD_ORD_1418;PROD_10;1;1
CORD_ORD_1418;PROD_11;1;1
CORD_ORD_1418;PROD_12;1;1
CORD_ORD_1418;PROD_16;1;1
CORD_ORD_1418;PROD_18;1;1
CORD_ORD_1418;PROD_2;1;1
CORD_ORD_1418;PROD_21;1;1
CORD_ORD_1418;PROD_24;1;1
CORD_ORD_1418;PROD_26;1;1
CORD_ORD_1418;PROD_27;1;1
CORD_ORD_1418;PROD_29;1;1
CORD_ORD_1418;PROD_3;1;1
CORD_ORD_1418;PROD_36;1;1
CORD_ORD_1418;PROD_37;1;1
CORD_ORD_1418;PROD_4;1;1
CORD_ORD_1418;PROD_41;1;1
CORD_ORD_1418;PROD_42;1;1
CORD_ORD_1418;PROD_46;1;1
CORD_ORD_1418;PROD_6;1;1
CORD_ORD_1418;PROD_8;1;1
CORD_ORD_1419;PROD_11;1;1
CORD_ORD_1419;PROD_12;1;1
CORD_ORD_1419;PROD_15;1;1
CORD_ORD_1419;PROD_17;1;1
CORD_ORD_1419;PROD_18;1;1
CORD_ORD_1419;PROD_19;1;1
CORD_ORD_1419;PROD_2;1;1
CORD_ORD_1419;PROD_21;1;1
CORD_ORD_1419;PROD_23;1;1
CORD_ORD_1419;PROD_27;1;1
CORD_ORD_1419;PROD_29;1;1
CORD_ORD_1419;PROD_31;1;1
CORD_ORD_1419;PROD_33;1;1
CORD_ORD_1419;PROD_34;1;1
CORD_ORD_1419;PROD_4;1;1
CORD_ORD_1419;PROD_41;1;1
CORD_ORD_1419;PROD_44;1;1
CORD_ORD_1419;PROD_45;1;1
CORD_ORD_1419;PROD_48;1;1
CORD_ORD_1419;PROD_49;1;1
CORD_ORD_1420;PROD_11;1;1
CORD_ORD_1420;PROD_12;1;1
CORD_ORD_1420;PROD_14;1;1
CORD_ORD_1420;PROD_17;1;1
CORD_ORD_1420;PROD_18;1;1
CORD_ORD_1420;PROD_19;1;1
CORD_ORD_1420;PROD_2;1;1
CORD_ORD_1420;PROD_21;1;1
CORD_ORD_1420;PROD_22;1;1
CORD_ORD_1420;PROD_23;1;1
CORD_ORD_1420;PROD_24;1;1
CORD_ORD_1420;PROD_25;1;1
CORD_ORD_1420;PROD_26;1;1
CORD_ORD_1420;PROD_27;1;1
CORD_ORD_1420;PROD_28;1;1
CORD_ORD_1420;PROD_29;1;1
CORD_ORD_1420;PROD_30;1;1
CORD_ORD_1420;PROD_31;1;1
CORD_ORD_1420;PROD_33;1;1
CORD_ORD_1420;PROD_37;1;1
CORD_ORD_1420;PROD_4;1;1
CORD_ORD_1420;PROD_40;1;1
CORD_ORD_1420;PROD_41;1;1
CORD_ORD_1420;PROD_42;1;1
CORD_ORD_1420;PROD_44;1;1
CORD_ORD_1420;PROD_45;1;1
CORD_ORD_1420;PROD_46;1;1
CORD_ORD_1420;PROD_48;1;1
CORD_ORD_1420;PROD_5;1;1
CORD_ORD_1420;PROD_50;1;1
CORD_ORD_1420;PROD_6;1;1
CORD_ORD_1420;PROD_7;1;1
CORD_ORD_1420;PROD_9;1;1
CORD_ORD_1421;PROD_11;1;1
CORD_ORD_1421;PROD_12;1;1
CORD_ORD_1421;PROD_13;1;1
CORD_ORD_1421;PROD_17;1;1
CORD_ORD_1421;PROD_21;1;1
CORD_ORD_1421;PROD_26;1;1
CORD_ORD_1421;PROD_27;1;1
CORD_ORD_1421;PROD_29;1;1
CORD_ORD_1421;PROD_31;1;1
CORD_ORD_1421;PROD_32;1;1
CORD_ORD_1421;PROD_38;1;1
CORD_ORD_1421;PROD_4;1;1
CORD_ORD_1421;PROD_43;1;1
CORD_ORD_1421;PROD_46;1;1
CORD_ORD_1421;PROD_47;1;1
CORD_ORD_1421;PROD_48;1;1
CORD_ORD_1421;PROD_6;1;1
CORD_ORD_1422;PROD_10;1;1
CORD_ORD_1422;PROD_13;1;1
CORD_ORD_1422;PROD_14;1;1
CORD_ORD_1422;PROD_15;1;1
CORD_ORD_1422;PROD_16;1;1
CORD_ORD_1422;PROD_17;1;1
CORD_ORD_1422;PROD_28;1;1
CORD_ORD_1422;PROD_31;1;1
CORD_ORD_1422;PROD_34;1;1
CORD_ORD_1422;PROD_38;1;1
CORD_ORD_1422;PROD_48;1;1
CORD_ORD_1422;PROD_49;1;1
CORD_ORD_1422;PROD_8;1;1
CORD_ORD_1422;PROD_9;1;1
CORD_ORD_1423;PROD_11;1;1
CORD_ORD_1423;PROD_19;1;1
CORD_ORD_1423;PROD_23;1;1
CORD_ORD_1423;PROD_24;1;1
CORD_ORD_1423;PROD_27;1;1
CORD_ORD_1423;PROD_29;1;1
CORD_ORD_1423;PROD_33;1;1
CORD_ORD_1423;PROD_37;1;1
CORD_ORD_1423;PROD_42;1;1
CORD_ORD_1423;PROD_44;1;1
CORD_ORD_1423;PROD_45;1;1
CORD_ORD_1424;PROD_1;1;1
CORD_ORD_1424;PROD_10;1;1
CORD_ORD_1424;PROD_11;1;1
CORD_ORD_1424;PROD_16;1;1
CORD_ORD_1424;PROD_17;1;1
CORD_ORD_1424;PROD_19;1;1
CORD_ORD_1424;PROD_20;1;1
CORD_ORD_1424;PROD_23;1;1
CORD_ORD_1424;PROD_27;1;1
CORD_ORD_1424;PROD_29;1;1
CORD_ORD_1424;PROD_3;1;1
CORD_ORD_1424;PROD_31;1;1
CORD_ORD_1424;PROD_32;1;1
CORD_ORD_1424;PROD_33;1;1
CORD_ORD_1424;PROD_35;1;1
CORD_ORD_1424;PROD_36;1;1
CORD_ORD_1424;PROD_39;1;1
CORD_ORD_1424;PROD_43;1;1
CORD_ORD_1424;PROD_44;1;1
CORD_ORD_1424;PROD_45;1;1
CORD_ORD_1424;PROD_47;1;1
CORD_ORD_1424;PROD_48;1;1
CORD_ORD_1424;PROD_5;1;1
CORD_ORD_1424;PROD_7;1;1
CORD_ORD_1424;PROD_8;1;1
CORD_ORD_1425;PROD_1;1;1
CORD_ORD_1425;PROD_14;1;1
CORD_ORD_1425;PROD_15;1;1
CORD_ORD_1425;PROD_22;1;1
CORD_ORD_1425;PROD_23;1;1
CORD_ORD_1425;PROD_25;1;1
CORD_ORD_1425;PROD_28;1;1
CORD_ORD_1425;PROD_3;1;1
CORD_ORD_1425;PROD_32;1;1
CORD_ORD_1425;PROD_34;1;1
CORD_ORD_1425;PROD_36;1;1
CORD_ORD_1425;PROD_43;1;1
CORD_ORD_1425;PROD_45;1;1
CORD_ORD_1425;PROD_47;1;1
CORD_ORD_1425;PROD_49;1;1
CORD_ORD_1425;PROD_50;1;1
CORD_ORD_1425;PROD_9;1;1
CORD_ORD_1426;PROD_10;1;1
CORD_ORD_1426;PROD_13;1;1
CORD_ORD_1426;PROD_15;1;1
CORD_ORD_1426;PROD_16;1;1
CORD_ORD_1426;PROD_32;1;1
CORD_ORD_1426;PROD_34;1;1
CORD_ORD_1426;PROD_38;1;1
CORD_ORD_1426;PROD_43;1;1
CORD_ORD_1426;PROD_47;1;1
CORD_ORD_1426;PROD_49;1;1
CORD_ORD_1426;PROD_8;1;1
CORD_ORD_1427;PROD_1;1;1
CORD_ORD_1427;PROD_11;1;1
CORD_ORD_1427;PROD_14;1;1
CORD_ORD_1427;PROD_17;1;1
CORD_ORD_1427;PROD_22;1;1
CORD_ORD_1427;PROD_23;1;1
CORD_ORD_1427;PROD_25;1;1
CORD_ORD_1427;PROD_26;1;1
CORD_ORD_1427;PROD_27;1;1
CORD_ORD_1427;PROD_28;1;1
CORD_ORD_1427;PROD_29;1;1
CORD_ORD_1427;PROD_3;1;1
CORD_ORD_1427;PROD_31;1;1
CORD_ORD_1427;PROD_36;1;1
CORD_ORD_1427;PROD_45;1;1
CORD_ORD_1427;PROD_46;1;1
CORD_ORD_1427;PROD_48;1;1
CORD_ORD_1427;PROD_50;1;1
CORD_ORD_1427;PROD_6;1;1
CORD_ORD_1427;PROD_9;1;1
CORD_ORD_1428;PROD_1;1;1
CORD_ORD_1428;PROD_11;1;1
CORD_ORD_1428;PROD_15;1;1
CORD_ORD_1428;PROD_19;1;1
CORD_ORD_1428;PROD_20;1;1
CORD_ORD_1428;PROD_22;1;1
CORD_ORD_1428;PROD_24;1;1
CORD_ORD_1428;PROD_25;1;1
CORD_ORD_1428;PROD_27;1;1
CORD_ORD_1428;PROD_29;1;1
CORD_ORD_1428;PROD_3;1;1
CORD_ORD_1428;PROD_32;1;1
CORD_ORD_1428;PROD_33;1;1
CORD_ORD_1428;PROD_34;1;1
CORD_ORD_1428;PROD_35;1;1
CORD_ORD_1428;PROD_36;1;1
CORD_ORD_1428;PROD_37;1;1
CORD_ORD_1428;PROD_39;1;1
CORD_ORD_1428;PROD_42;1;1
CORD_ORD_1428;PROD_43;1;1
CORD_ORD_1428;PROD_44;1;1
CORD_ORD_1428;PROD_47;1;1
CORD_ORD_1428;PROD_49;1;1
CORD_ORD_1428;PROD_50;1;1
CORD_ORD_1429;PROD_13;1;1
CORD_ORD_1429;PROD_22;1;1
CORD_ORD_1429;PROD_24;1;1
CORD_ORD_1429;PROD_25;1;1
CORD_ORD_1429;PROD_26;1;1
CORD_ORD_1429;PROD_32;1;1
CORD_ORD_1429;PROD_37;1;1
CORD_ORD_1429;PROD_38;1;1
CORD_ORD_1429;PROD_42;1;1
CORD_ORD_1429;PROD_43;1;1
CORD_ORD_1429;PROD_46;1;1
CORD_ORD_1429;PROD_47;1;1
CORD_ORD_1429;PROD_50;1;1
CORD_ORD_1429;PROD_6;1;1
CORD_ORD_1430;PROD_15;1;1
CORD_ORD_1430;PROD_17;1;1
CORD_ORD_1430;PROD_22;1;1
CORD_ORD_1430;PROD_25;1;1
CORD_ORD_1430;PROD_26;1;1
CORD_ORD_1430;PROD_31;1;1
CORD_ORD_1430;PROD_32;1;1
CORD_ORD_1430;PROD_34;1;1
CORD_ORD_1430;PROD_43;1;1
CORD_ORD_1430;PROD_46;1;1
CORD_ORD_1430;PROD_47;1;1
CORD_ORD_1430;PROD_48;1;1
CORD_ORD_1430;PROD_49;1;1
CORD_ORD_1430;PROD_5;1;1
CORD_ORD_1430;PROD_50;1;1
CORD_ORD_1430;PROD_6;1;1
CORD_ORD_1430;PROD_7;1;1
CORD_ORD_1431;PROD_1;1;1
CORD_ORD_1431;PROD_12;1;1
CORD_ORD_1431;PROD_18;1;1
CORD_ORD_1431;PROD_2;1;1
CORD_ORD_1431;PROD_21;1;1
CORD_ORD_1431;PROD_24;1;1
CORD_ORD_1431;PROD_26;1;1
CORD_ORD_1431;PROD_3;1;1
CORD_ORD_1431;PROD_32;1;1
CORD_ORD_1431;PROD_36;1;1
CORD_ORD_1431;PROD_37;1;1
CORD_ORD_1431;PROD_4;1;1
CORD_ORD_1431;PROD_41;1;1
CORD_ORD_1431;PROD_42;1;1
CORD_ORD_1431;PROD_43;1;1
CORD_ORD_1431;PROD_46;1;1
CORD_ORD_1431;PROD_47;1;1
CORD_ORD_1431;PROD_6;1;1
CORD_ORD_1432;PROD_10;1;1
CORD_ORD_1432;PROD_11;1;1
CORD_ORD_1432;PROD_16;1;1
CORD_ORD_1432;PROD_19;1;1
CORD_ORD_1432;PROD_22;1;1
CORD_ORD_1432;PROD_25;1;1
CORD_ORD_1432;PROD_27;1;1
CORD_ORD_1432;PROD_29;1;1
CORD_ORD_1432;PROD_33;1;1
CORD_ORD_1432;PROD_44;1;1
CORD_ORD_1432;PROD_50;1;1
CORD_ORD_1432;PROD_8;1;1
CORD_ORD_1433;PROD_10;1;1
CORD_ORD_1433;PROD_11;1;1
CORD_ORD_1433;PROD_13;1;1
CORD_ORD_1433;PROD_14;1;1
CORD_ORD_1433;PROD_15;1;1
CORD_ORD_1433;PROD_16;1;1
CORD_ORD_1433;PROD_17;1;1
CORD_ORD_1433;PROD_18;1;1
CORD_ORD_1433;PROD_19;1;1
CORD_ORD_1433;PROD_2;1;1
CORD_ORD_1433;PROD_23;1;1
CORD_ORD_1433;PROD_24;1;1
CORD_ORD_1433;PROD_26;1;1
CORD_ORD_1433;PROD_27;1;1
CORD_ORD_1433;PROD_28;1;1
CORD_ORD_1433;PROD_29;1;1
CORD_ORD_1433;PROD_31;1;1
CORD_ORD_1433;PROD_32;1;1
CORD_ORD_1433;PROD_33;1;1
CORD_ORD_1433;PROD_34;1;1
CORD_ORD_1433;PROD_37;1;1
CORD_ORD_1433;PROD_38;1;1
CORD_ORD_1433;PROD_41;1;1
CORD_ORD_1433;PROD_42;1;1
CORD_ORD_1433;PROD_43;1;1
CORD_ORD_1433;PROD_44;1;1
CORD_ORD_1433;PROD_45;1;1
CORD_ORD_1433;PROD_46;1;1
CORD_ORD_1433;PROD_47;1;1
CORD_ORD_1433;PROD_48;1;1
CORD_ORD_1433;PROD_49;1;1
CORD_ORD_1433;PROD_6;1;1
CORD_ORD_1433;PROD_8;1;1
CORD_ORD_1433;PROD_9;1;1
CORD_ORD_1434;PROD_10;1;1
CORD_ORD_1434;PROD_11;1;1
CORD_ORD_1434;PROD_12;1;1
CORD_ORD_1434;PROD_13;1;1
CORD_ORD_1434;PROD_15;1;1
CORD_ORD_1434;PROD_16;1;1
CORD_ORD_1434;PROD_20;1;1
CORD_ORD_1434;PROD_21;1;1
CORD_ORD_1434;PROD_23;1;1
CORD_ORD_1434;PROD_24;1;1
CORD_ORD_1434;PROD_27;1;1
CORD_ORD_1434;PROD_29;1;1
CORD_ORD_1434;PROD_32;1;1
CORD_ORD_1434;PROD_34;1;1
CORD_ORD_1434;PROD_35;1;1
CORD_ORD_1434;PROD_37;1;1
CORD_ORD_1434;PROD_38;1;1
CORD_ORD_1434;PROD_39;1;1
CORD_ORD_1434;PROD_4;1;1
CORD_ORD_1434;PROD_42;1;1
CORD_ORD_1434;PROD_43;1;1
CORD_ORD_1434;PROD_45;1;1
CORD_ORD_1434;PROD_47;1;1
CORD_ORD_1434;PROD_49;1;1
CORD_ORD_1434;PROD_8;1;1
CORD_ORD_1435;PROD_10;1;1
CORD_ORD_1435;PROD_11;1;1
CORD_ORD_1435;PROD_16;1;1
CORD_ORD_1435;PROD_19;1;1
CORD_ORD_1435;PROD_20;1;1
CORD_ORD_1435;PROD_23;1;1
CORD_ORD_1435;PROD_27;1;1
CORD_ORD_1435;PROD_29;1;1
CORD_ORD_1435;PROD_33;1;1
CORD_ORD_1435;PROD_35;1;1
CORD_ORD_1435;PROD_39;1;1
CORD_ORD_1435;PROD_44;1;1
CORD_ORD_1435;PROD_45;1;1
CORD_ORD_1435;PROD_8;1;1
CORD_ORD_1436;PROD_1;1;1
CORD_ORD_1436;PROD_10;1;1
CORD_ORD_1436;PROD_11;1;1
CORD_ORD_1436;PROD_12;1;1
CORD_ORD_1436;PROD_13;1;1
CORD_ORD_1436;PROD_14;1;1
CORD_ORD_1436;PROD_16;1;1
CORD_ORD_1436;PROD_17;1;1
CORD_ORD_1436;PROD_18;1;1
CORD_ORD_1436;PROD_2;1;1
CORD_ORD_1436;PROD_21;1;1
CORD_ORD_1436;PROD_22;1;1
CORD_ORD_1436;PROD_25;1;1
CORD_ORD_1436;PROD_26;1;1
CORD_ORD_1436;PROD_27;1;1
CORD_ORD_1436;PROD_28;1;1
CORD_ORD_1436;PROD_29;1;1
CORD_ORD_1436;PROD_3;1;1
CORD_ORD_1436;PROD_31;1;1
CORD_ORD_1436;PROD_32;1;1
CORD_ORD_1436;PROD_36;1;1
CORD_ORD_1436;PROD_38;1;1
CORD_ORD_1436;PROD_4;1;1
CORD_ORD_1436;PROD_41;1;1
CORD_ORD_1436;PROD_43;1;1
CORD_ORD_1436;PROD_46;1;1
CORD_ORD_1436;PROD_47;1;1
CORD_ORD_1436;PROD_48;1;1
CORD_ORD_1436;PROD_50;1;1
CORD_ORD_1436;PROD_6;1;1
CORD_ORD_1436;PROD_8;1;1
CORD_ORD_1436;PROD_9;1;1
CORD_ORD_1437;PROD_12;1;1
CORD_ORD_1437;PROD_13;1;1
CORD_ORD_1437;PROD_18;1;1
CORD_ORD_1437;PROD_19;1;1
CORD_ORD_1437;PROD_2;1;1
CORD_ORD_1437;PROD_21;1;1
CORD_ORD_1437;PROD_24;1;1
CORD_ORD_1437;PROD_26;1;1
CORD_ORD_1437;PROD_33;1;1
CORD_ORD_1437;PROD_37;1;1
CORD_ORD_1437;PROD_38;1;1
CORD_ORD_1437;PROD_4;1;1
CORD_ORD_1437;PROD_41;1;1
CORD_ORD_1437;PROD_42;1;1
CORD_ORD_1437;PROD_44;1;1
CORD_ORD_1437;PROD_46;1;1
CORD_ORD_1437;PROD_6;1;1
CORD_ORD_1438;PROD_1;1;1
CORD_ORD_1438;PROD_11;1;1
CORD_ORD_1438;PROD_18;1;1
CORD_ORD_1438;PROD_19;1;1
CORD_ORD_1438;PROD_2;1;1
CORD_ORD_1438;PROD_23;1;1
CORD_ORD_1438;PROD_26;1;1
CORD_ORD_1438;PROD_27;1;1
CORD_ORD_1438;PROD_29;1;1
CORD_ORD_1438;PROD_3;1;1
CORD_ORD_1438;PROD_33;1;1
CORD_ORD_1438;PROD_36;1;1
CORD_ORD_1438;PROD_41;1;1
CORD_ORD_1438;PROD_44;1;1
CORD_ORD_1438;PROD_45;1;1
CORD_ORD_1438;PROD_46;1;1
CORD_ORD_1438;PROD_6;1;1
CORD_ORD_1439;PROD_1;1;1
CORD_ORD_1439;PROD_10;1;1
CORD_ORD_1439;PROD_16;1;1
CORD_ORD_1439;PROD_17;1;1
CORD_ORD_1439;PROD_26;1;1
CORD_ORD_1439;PROD_3;1;1
CORD_ORD_1439;PROD_31;1;1
CORD_ORD_1439;PROD_36;1;1
CORD_ORD_1439;PROD_46;1;1
CORD_ORD_1439;PROD_48;1;1
CORD_ORD_1439;PROD_6;1;1
CORD_ORD_1439;PROD_8;1;1
CORD_ORD_1440;PROD_1;1;1
CORD_ORD_1440;PROD_10;1;1
CORD_ORD_1440;PROD_11;1;1
CORD_ORD_1440;PROD_15;1;1
CORD_ORD_1440;PROD_16;1;1
CORD_ORD_1440;PROD_18;1;1
CORD_ORD_1440;PROD_2;1;1
CORD_ORD_1440;PROD_20;1;1
CORD_ORD_1440;PROD_24;1;1
CORD_ORD_1440;PROD_26;1;1
CORD_ORD_1440;PROD_27;1;1
CORD_ORD_1440;PROD_29;1;1
CORD_ORD_1440;PROD_3;1;1
CORD_ORD_1440;PROD_30;1;1
CORD_ORD_1440;PROD_34;1;1
CORD_ORD_1440;PROD_35;1;1
CORD_ORD_1440;PROD_36;1;1
CORD_ORD_1440;PROD_37;1;1
CORD_ORD_1440;PROD_39;1;1
CORD_ORD_1440;PROD_40;1;1
CORD_ORD_1440;PROD_41;1;1
CORD_ORD_1440;PROD_42;1;1
CORD_ORD_1440;PROD_46;1;1
CORD_ORD_1440;PROD_49;1;1
CORD_ORD_1440;PROD_6;1;1
CORD_ORD_1440;PROD_8;1;1
CORD_ORD_1441;PROD_1;1;1
CORD_ORD_1441;PROD_11;1;1
CORD_ORD_1441;PROD_15;1;1
CORD_ORD_1441;PROD_17;1;1
CORD_ORD_1441;PROD_19;1;1
CORD_ORD_1441;PROD_22;1;1
CORD_ORD_1441;PROD_25;1;1
CORD_ORD_1441;PROD_27;1;1
CORD_ORD_1441;PROD_29;1;1
CORD_ORD_1441;PROD_3;1;1
CORD_ORD_1441;PROD_31;1;1
CORD_ORD_1441;PROD_32;1;1
CORD_ORD_1441;PROD_33;1;1
CORD_ORD_1441;PROD_34;1;1
CORD_ORD_1441;PROD_36;1;1
CORD_ORD_1441;PROD_43;1;1
CORD_ORD_1441;PROD_44;1;1
CORD_ORD_1441;PROD_47;1;1
CORD_ORD_1441;PROD_48;1;1
CORD_ORD_1441;PROD_49;1;1
CORD_ORD_1441;PROD_50;1;1
CORD_ORD_1442;PROD_1;1;1
CORD_ORD_1442;PROD_11;1;1
CORD_ORD_1442;PROD_15;1;1
CORD_ORD_1442;PROD_17;1;1
CORD_ORD_1442;PROD_22;1;1
CORD_ORD_1442;PROD_23;1;1
CORD_ORD_1442;PROD_25;1;1
CORD_ORD_1442;PROD_26;1;1
CORD_ORD_1442;PROD_27;1;1
CORD_ORD_1442;PROD_29;1;1
CORD_ORD_1442;PROD_3;1;1
CORD_ORD_1442;PROD_31;1;1
CORD_ORD_1442;PROD_32;1;1
CORD_ORD_1442;PROD_34;1;1
CORD_ORD_1442;PROD_36;1;1
CORD_ORD_1442;PROD_43;1;1
CORD_ORD_1442;PROD_45;1;1
CORD_ORD_1442;PROD_46;1;1
CORD_ORD_1442;PROD_47;1;1
CORD_ORD_1442;PROD_48;1;1
CORD_ORD_1442;PROD_49;1;1
CORD_ORD_1442;PROD_50;1;1
CORD_ORD_1442;PROD_6;1;1
CORD_ORD_1443;PROD_10;1;1
CORD_ORD_1443;PROD_11;1;1
CORD_ORD_1443;PROD_12;1;1
CORD_ORD_1443;PROD_14;1;1
CORD_ORD_1443;PROD_16;1;1
CORD_ORD_1443;PROD_19;1;1
CORD_ORD_1443;PROD_21;1;1
CORD_ORD_1443;PROD_23;1;1
CORD_ORD_1443;PROD_27;1;1
CORD_ORD_1443;PROD_28;1;1
CORD_ORD_1443;PROD_29;1;1
CORD_ORD_1443;PROD_33;1;1
CORD_ORD_1443;PROD_4;1;1
CORD_ORD_1443;PROD_44;1;1
CORD_ORD_1443;PROD_45;1;1
CORD_ORD_1443;PROD_8;1;1
CORD_ORD_1443;PROD_9;1;1
CORD_ORD_1444;PROD_1;1;1
CORD_ORD_1444;PROD_10;1;1
CORD_ORD_1444;PROD_16;1;1
CORD_ORD_1444;PROD_17;1;1
CORD_ORD_1444;PROD_18;1;1
CORD_ORD_1444;PROD_2;1;1
CORD_ORD_1444;PROD_24;1;1
CORD_ORD_1444;PROD_26;1;1
CORD_ORD_1444;PROD_3;1;1
CORD_ORD_1444;PROD_31;1;1
CORD_ORD_1444;PROD_36;1;1
CORD_ORD_1444;PROD_37;1;1
CORD_ORD_1444;PROD_41;1;1
CORD_ORD_1444;PROD_42;1;1
CORD_ORD_1444;PROD_46;1;1
CORD_ORD_1444;PROD_48;1;1
CORD_ORD_1444;PROD_6;1;1
CORD_ORD_1444;PROD_8;1;1
CORD_ORD_1445;PROD_1;1;1
CORD_ORD_1445;PROD_11;1;1
CORD_ORD_1445;PROD_27;1;1
CORD_ORD_1445;PROD_29;1;1
CORD_ORD_1445;PROD_3;1;1
CORD_ORD_1445;PROD_32;1;1
CORD_ORD_1445;PROD_36;1;1
CORD_ORD_1445;PROD_43;1;1
CORD_ORD_1445;PROD_47;1;1
CORD_ORD_1446;PROD_10;1;1
CORD_ORD_1446;PROD_11;1;1
CORD_ORD_1446;PROD_15;1;1
CORD_ORD_1446;PROD_16;1;1
CORD_ORD_1446;PROD_19;1;1
CORD_ORD_1446;PROD_22;1;1
CORD_ORD_1446;PROD_25;1;1
CORD_ORD_1446;PROD_27;1;1
CORD_ORD_1446;PROD_29;1;1
CORD_ORD_1446;PROD_33;1;1
CORD_ORD_1446;PROD_34;1;1
CORD_ORD_1446;PROD_44;1;1
CORD_ORD_1446;PROD_49;1;1
CORD_ORD_1446;PROD_50;1;1
CORD_ORD_1446;PROD_8;1;1
CORD_ORD_1447;PROD_10;1;1
CORD_ORD_1447;PROD_12;1;1
CORD_ORD_1447;PROD_13;1;1
CORD_ORD_1447;PROD_16;1;1
CORD_ORD_1447;PROD_18;1;1
CORD_ORD_1447;PROD_19;1;1
CORD_ORD_1447;PROD_2;1;1
CORD_ORD_1447;PROD_20;1;1
CORD_ORD_1447;PROD_21;1;1
CORD_ORD_1447;PROD_22;1;1
CORD_ORD_1447;PROD_25;1;1
CORD_ORD_1447;PROD_30;1;1
CORD_ORD_1447;PROD_33;1;1
CORD_ORD_1447;PROD_35;1;1
CORD_ORD_1447;PROD_38;1;1
CORD_ORD_1447;PROD_39;1;1
CORD_ORD_1447;PROD_4;1;1
CORD_ORD_1447;PROD_40;1;1
CORD_ORD_1447;PROD_41;1;1
CORD_ORD_1447;PROD_44;1;1
CORD_ORD_1447;PROD_5;1;1
CORD_ORD_1447;PROD_50;1;1
CORD_ORD_1447;PROD_7;1;1
CORD_ORD_1447;PROD_8;1;1
CORD_ORD_1448;PROD_1;1;1
CORD_ORD_1448;PROD_10;1;1
CORD_ORD_1448;PROD_13;1;1
CORD_ORD_1448;PROD_16;1;1
CORD_ORD_1448;PROD_20;1;1
CORD_ORD_1448;PROD_3;1;1
CORD_ORD_1448;PROD_35;1;1
CORD_ORD_1448;PROD_36;1;1
CORD_ORD_1448;PROD_38;1;1
CORD_ORD_1448;PROD_39;1;1
CORD_ORD_1448;PROD_8;1;1
CORD_ORD_1449;PROD_1;1;1
CORD_ORD_1449;PROD_10;1;1
CORD_ORD_1449;PROD_14;1;1
CORD_ORD_1449;PROD_16;1;1
CORD_ORD_1449;PROD_17;1;1
CORD_ORD_1449;PROD_18;1;1
CORD_ORD_1449;PROD_2;1;1
CORD_ORD_1449;PROD_24;1;1
CORD_ORD_1449;PROD_26;1;1
CORD_ORD_1449;PROD_28;1;1
CORD_ORD_1449;PROD_3;1;1
CORD_ORD_1449;PROD_31;1;1
CORD_ORD_1449;PROD_36;1;1
CORD_ORD_1449;PROD_37;1;1
CORD_ORD_1449;PROD_41;1;1
CORD_ORD_1449;PROD_42;1;1
CORD_ORD_1449;PROD_46;1;1
CORD_ORD_1449;PROD_48;1;1
CORD_ORD_1449;PROD_5;1;1
CORD_ORD_1449;PROD_6;1;1
CORD_ORD_1449;PROD_7;1;1
CORD_ORD_1449;PROD_8;1;1
CORD_ORD_1449;PROD_9;1;1
CORD_ORD_1450;PROD_18;1;1
CORD_ORD_1450;PROD_19;1;1
CORD_ORD_1450;PROD_2;1;1
CORD_ORD_1450;PROD_20;1;1
CORD_ORD_1450;PROD_24;1;1
CORD_ORD_1450;PROD_33;1;1
CORD_ORD_1450;PROD_35;1;1
CORD_ORD_1450;PROD_37;1;1
CORD_ORD_1450;PROD_39;1;1
CORD_ORD_1450;PROD_41;1;1
CORD_ORD_1450;PROD_42;1;1
CORD_ORD_1450;PROD_44;1;1
CORD_ORD_1451;PROD_1;1;1
CORD_ORD_1451;PROD_10;1;1
CORD_ORD_1451;PROD_12;1;1
CORD_ORD_1451;PROD_13;1;1
CORD_ORD_1451;PROD_15;1;1
CORD_ORD_1451;PROD_16;1;1
CORD_ORD_1451;PROD_20;1;1
CORD_ORD_1451;PROD_21;1;1
CORD_ORD_1451;PROD_22;1;1
CORD_ORD_1451;PROD_25;1;1
CORD_ORD_1451;PROD_3;1;1
CORD_ORD_1451;PROD_34;1;1
CORD_ORD_1451;PROD_35;1;1
CORD_ORD_1451;PROD_36;1;1
CORD_ORD_1451;PROD_38;1;1
CORD_ORD_1451;PROD_39;1;1
CORD_ORD_1451;PROD_4;1;1
CORD_ORD_1451;PROD_49;1;1
CORD_ORD_1451;PROD_50;1;1
CORD_ORD_1451;PROD_8;1;1
CORD_ORD_1452;PROD_1;1;1
CORD_ORD_1452;PROD_10;1;1
CORD_ORD_1452;PROD_11;1;1
CORD_ORD_1452;PROD_14;1;1
CORD_ORD_1452;PROD_16;1;1
CORD_ORD_1452;PROD_20;1;1
CORD_ORD_1452;PROD_22;1;1
CORD_ORD_1452;PROD_25;1;1
CORD_ORD_1452;PROD_26;1;1
CORD_ORD_1452;PROD_27;1;1
CORD_ORD_1452;PROD_28;1;1
CORD_ORD_1452;PROD_29;1;1
CORD_ORD_1452;PROD_3;1;1
CORD_ORD_1452;PROD_30;1;1
CORD_ORD_1452;PROD_32;1;1
CORD_ORD_1452;PROD_35;1;1
CORD_ORD_1452;PROD_36;1;1
CORD_ORD_1452;PROD_39;1;1
CORD_ORD_1452;PROD_40;1;1
CORD_ORD_1452;PROD_43;1;1
CORD_ORD_1452;PROD_46;1;1
CORD_ORD_1452;PROD_47;1;1
CORD_ORD_1452;PROD_50;1;1
CORD_ORD_1452;PROD_6;1;1
CORD_ORD_1452;PROD_8;1;1
CORD_ORD_1452;PROD_9;1;1
CORD_ORD_1453;PROD_1;1;1
CORD_ORD_1453;PROD_10;1;1
CORD_ORD_1453;PROD_11;1;1
CORD_ORD_1453;PROD_12;1;1
CORD_ORD_1453;PROD_16;1;1
CORD_ORD_1453;PROD_21;1;1
CORD_ORD_1453;PROD_24;1;1
CORD_ORD_1453;PROD_26;1;1
CORD_ORD_1453;PROD_27;1;1
CORD_ORD_1453;PROD_29;1;1
CORD_ORD_1453;PROD_3;1;1
CORD_ORD_1453;PROD_30;1;1
CORD_ORD_1453;PROD_32;1;1
CORD_ORD_1453;PROD_36;1;1
CORD_ORD_1453;PROD_37;1;1
CORD_ORD_1453;PROD_4;1;1
CORD_ORD_1453;PROD_40;1;1
CORD_ORD_1453;PROD_42;1;1
CORD_ORD_1453;PROD_43;1;1
CORD_ORD_1453;PROD_46;1;1
CORD_ORD_1453;PROD_47;1;1
CORD_ORD_1453;PROD_6;1;1
CORD_ORD_1453;PROD_8;1;1
CORD_ORD_1454;PROD_1;1;1
CORD_ORD_1454;PROD_12;1;1
CORD_ORD_1454;PROD_13;1;1
CORD_ORD_1454;PROD_15;1;1
CORD_ORD_1454;PROD_21;1;1
CORD_ORD_1454;PROD_22;1;1
CORD_ORD_1454;PROD_25;1;1
CORD_ORD_1454;PROD_26;1;1
CORD_ORD_1454;PROD_3;1;1
CORD_ORD_1454;PROD_32;1;1
CORD_ORD_1454;PROD_34;1;1
CORD_ORD_1454;PROD_36;1;1
CORD_ORD_1454;PROD_38;1;1
CORD_ORD_1454;PROD_4;1;1
CORD_ORD_1454;PROD_43;1;1
CORD_ORD_1454;PROD_46;1;1
CORD_ORD_1454;PROD_47;1;1
CORD_ORD_1454;PROD_49;1;1
CORD_ORD_1454;PROD_5;1;1
CORD_ORD_1454;PROD_50;1;1
CORD_ORD_1454;PROD_6;1;1
CORD_ORD_1454;PROD_7;1;1
CORD_ORD_1455;PROD_1;1;1
CORD_ORD_1455;PROD_11;1;1
CORD_ORD_1455;PROD_19;1;1
CORD_ORD_1455;PROD_27;1;1
CORD_ORD_1455;PROD_29;1;1
CORD_ORD_1455;PROD_3;1;1
CORD_ORD_1455;PROD_32;1;1
CORD_ORD_1455;PROD_33;1;1
CORD_ORD_1455;PROD_36;1;1
CORD_ORD_1455;PROD_43;1;1
CORD_ORD_1455;PROD_44;1;1
CORD_ORD_1455;PROD_47;1;1
CORD_ORD_1456;PROD_15;1;1
CORD_ORD_1456;PROD_18;1;1
CORD_ORD_1456;PROD_2;1;1
CORD_ORD_1456;PROD_20;1;1
CORD_ORD_1456;PROD_22;1;1
CORD_ORD_1456;PROD_24;1;1
CORD_ORD_1456;PROD_25;1;1
CORD_ORD_1456;PROD_34;1;1
CORD_ORD_1456;PROD_35;1;1
CORD_ORD_1456;PROD_37;1;1
CORD_ORD_1456;PROD_39;1;1
CORD_ORD_1456;PROD_41;1;1
CORD_ORD_1456;PROD_42;1;1
CORD_ORD_1456;PROD_49;1;1
CORD_ORD_1456;PROD_50;1;1
CORD_ORD_1457;PROD_10;1;1
CORD_ORD_1457;PROD_14;1;1
CORD_ORD_1457;PROD_16;1;1
CORD_ORD_1457;PROD_17;1;1
CORD_ORD_1457;PROD_18;1;1
CORD_ORD_1457;PROD_2;1;1
CORD_ORD_1457;PROD_26;1;1
CORD_ORD_1457;PROD_28;1;1
CORD_ORD_1457;PROD_31;1;1
CORD_ORD_1457;PROD_41;1;1
CORD_ORD_1457;PROD_46;1;1
CORD_ORD_1457;PROD_48;1;1
CORD_ORD_1457;PROD_6;1;1
CORD_ORD_1457;PROD_8;1;1
CORD_ORD_1457;PROD_9;1;1
CORD_ORD_1458;PROD_1;1;1
CORD_ORD_1458;PROD_10;1;1
CORD_ORD_1458;PROD_11;1;1
CORD_ORD_1458;PROD_16;1;1
CORD_ORD_1458;PROD_17;1;1
CORD_ORD_1458;PROD_26;1;1
CORD_ORD_1458;PROD_27;1;1
CORD_ORD_1458;PROD_29;1;1
CORD_ORD_1458;PROD_3;1;1
CORD_ORD_1458;PROD_31;1;1
CORD_ORD_1458;PROD_32;1;1
CORD_ORD_1458;PROD_36;1;1
CORD_ORD_1458;PROD_43;1;1
CORD_ORD_1458;PROD_46;1;1
CORD_ORD_1458;PROD_47;1;1
CORD_ORD_1458;PROD_48;1;1
CORD_ORD_1458;PROD_6;1;1
CORD_ORD_1458;PROD_8;1;1
CORD_ORD_1459;PROD_10;1;1
CORD_ORD_1459;PROD_16;1;1
CORD_ORD_1459;PROD_19;1;1
CORD_ORD_1459;PROD_20;1;1
CORD_ORD_1459;PROD_24;1;1
CORD_ORD_1459;PROD_33;1;1
CORD_ORD_1459;PROD_35;1;1
CORD_ORD_1459;PROD_37;1;1
CORD_ORD_1459;PROD_39;1;1
CORD_ORD_1459;PROD_42;1;1
CORD_ORD_1459;PROD_44;1;1
CORD_ORD_1459;PROD_8;1;1
CORD_ORD_1460;PROD_10;1;1
CORD_ORD_1460;PROD_11;1;1
CORD_ORD_1460;PROD_16;1;1
CORD_ORD_1460;PROD_27;1;1
CORD_ORD_1460;PROD_29;1;1
CORD_ORD_1460;PROD_32;1;1
CORD_ORD_1460;PROD_43;1;1
CORD_ORD_1460;PROD_47;1;1
CORD_ORD_1460;PROD_8;1;1
CORD_ORD_1461;PROD_11;1;1
CORD_ORD_1461;PROD_17;1;1
CORD_ORD_1461;PROD_20;1;1
CORD_ORD_1461;PROD_26;1;1
CORD_ORD_1461;PROD_27;1;1
CORD_ORD_1461;PROD_29;1;1
CORD_ORD_1461;PROD_30;1;1
CORD_ORD_1461;PROD_31;1;1
CORD_ORD_1461;PROD_32;1;1
CORD_ORD_1461;PROD_35;1;1
CORD_ORD_1461;PROD_39;1;1
CORD_ORD_1461;PROD_40;1;1
CORD_ORD_1461;PROD_43;1;1
CORD_ORD_1461;PROD_46;1;1
CORD_ORD_1461;PROD_47;1;1
CORD_ORD_1461;PROD_48;1;1
CORD_ORD_1461;PROD_5;1;1
CORD_ORD_1461;PROD_6;1;1
CORD_ORD_1461;PROD_7;1;1
CORD_ORD_1462;PROD_15;1;1
CORD_ORD_1462;PROD_19;1;1
CORD_ORD_1462;PROD_20;1;1
CORD_ORD_1462;PROD_32;1;1
CORD_ORD_1462;PROD_33;1;1
CORD_ORD_1462;PROD_34;1;1
CORD_ORD_1462;PROD_35;1;1
CORD_ORD_1462;PROD_39;1;1
CORD_ORD_1462;PROD_43;1;1
CORD_ORD_1462;PROD_44;1;1
CORD_ORD_1462;PROD_47;1;1
CORD_ORD_1462;PROD_49;1;1
CORD_ORD_1463;PROD_12;1;1
CORD_ORD_1463;PROD_19;1;1
CORD_ORD_1463;PROD_20;1;1
CORD_ORD_1463;PROD_21;1;1
CORD_ORD_1463;PROD_24;1;1
CORD_ORD_1463;PROD_33;1;1
CORD_ORD_1463;PROD_35;1;1
CORD_ORD_1463;PROD_37;1;1
CORD_ORD_1463;PROD_39;1;1
CORD_ORD_1463;PROD_4;1;1
CORD_ORD_1463;PROD_42;1;1
CORD_ORD_1463;PROD_44;1;1
CORD_ORD_1464;PROD_1;1;1
CORD_ORD_1464;PROD_11;1;1
CORD_ORD_1464;PROD_12;1;1
CORD_ORD_1464;PROD_14;1;1
CORD_ORD_1464;PROD_15;1;1
CORD_ORD_1464;PROD_17;1;1
CORD_ORD_1464;PROD_18;1;1
CORD_ORD_1464;PROD_19;1;1
CORD_ORD_1464;PROD_2;1;1
CORD_ORD_1464;PROD_21;1;1
CORD_ORD_1464;PROD_24;1;1
CORD_ORD_1464;PROD_27;1;1
CORD_ORD_1464;PROD_28;1;1
CORD_ORD_1464;PROD_29;1;1
CORD_ORD_1464;PROD_3;1;1
CORD_ORD_1464;PROD_31;1;1
CORD_ORD_1464;PROD_33;1;1
CORD_ORD_1464;PROD_34;1;1
CORD_ORD_1464;PROD_36;1;1
CORD_ORD_1464;PROD_37;1;1
CORD_ORD_1464;PROD_4;1;1
CORD_ORD_1464;PROD_41;1;1
CORD_ORD_1464;PROD_42;1;1
CORD_ORD_1464;PROD_44;1;1
CORD_ORD_1464;PROD_48;1;1
CORD_ORD_1464;PROD_49;1;1
CORD_ORD_1464;PROD_5;1;1
CORD_ORD_1464;PROD_7;1;1
CORD_ORD_1464;PROD_9;1;1
CORD_ORD_1465;PROD_11;1;1
CORD_ORD_1465;PROD_13;1;1
CORD_ORD_1465;PROD_15;1;1
CORD_ORD_1465;PROD_19;1;1
CORD_ORD_1465;PROD_23;1;1
CORD_ORD_1465;PROD_27;1;1
CORD_ORD_1465;PROD_29;1;1
CORD_ORD_1465;PROD_33;1;1
CORD_ORD_1465;PROD_34;1;1
CORD_ORD_1465;PROD_38;1;1
CORD_ORD_1465;PROD_44;1;1
CORD_ORD_1465;PROD_45;1;1
CORD_ORD_1465;PROD_49;1;1
CORD_ORD_1466;PROD_1;1;1
CORD_ORD_1466;PROD_10;1;1
CORD_ORD_1466;PROD_11;1;1
CORD_ORD_1466;PROD_12;1;1
CORD_ORD_1466;PROD_14;1;1
CORD_ORD_1466;PROD_16;1;1
CORD_ORD_1466;PROD_17;1;1
CORD_ORD_1466;PROD_18;1;1
CORD_ORD_1466;PROD_19;1;1
CORD_ORD_1466;PROD_2;1;1
CORD_ORD_1466;PROD_21;1;1
CORD_ORD_1466;PROD_22;1;1
CORD_ORD_1466;PROD_25;1;1
CORD_ORD_1466;PROD_27;1;1
CORD_ORD_1466;PROD_28;1;1
CORD_ORD_1466;PROD_29;1;1
CORD_ORD_1466;PROD_3;1;1
CORD_ORD_1466;PROD_30;1;1
CORD_ORD_1466;PROD_31;1;1
CORD_ORD_1466;PROD_32;1;1
CORD_ORD_1466;PROD_33;1;1
CORD_ORD_1466;PROD_36;1;1
CORD_ORD_1466;PROD_4;1;1
CORD_ORD_1466;PROD_40;1;1
CORD_ORD_1466;PROD_41;1;1
CORD_ORD_1466;PROD_43;1;1
CORD_ORD_1466;PROD_44;1;1
CORD_ORD_1466;PROD_47;1;1
CORD_ORD_1466;PROD_48;1;1
CORD_ORD_1466;PROD_50;1;1
CORD_ORD_1466;PROD_8;1;1
CORD_ORD_1466;PROD_9;1;1
CORD_ORD_1467;PROD_10;1;1
CORD_ORD_1467;PROD_11;1;1
CORD_ORD_1467;PROD_12;1;1
CORD_ORD_1467;PROD_15;1;1
CORD_ORD_1467;PROD_16;1;1
CORD_ORD_1467;PROD_19;1;1
CORD_ORD_1467;PROD_21;1;1
CORD_ORD_1467;PROD_22;1;1
CORD_ORD_1467;PROD_24;1;1
CORD_ORD_1467;PROD_25;1;1
CORD_ORD_1467;PROD_26;1;1
CORD_ORD_1467;PROD_27;1;1
CORD_ORD_1467;PROD_29;1;1
CORD_ORD_1467;PROD_33;1;1
CORD_ORD_1467;PROD_34;1;1
CORD_ORD_1467;PROD_37;1;1
CORD_ORD_1467;PROD_4;1;1
CORD_ORD_1467;PROD_42;1;1
CORD_ORD_1467;PROD_44;1;1
CORD_ORD_1467;PROD_46;1;1
CORD_ORD_1467;PROD_49;1;1
CORD_ORD_1467;PROD_5;1;1
CORD_ORD_1467;PROD_50;1;1
CORD_ORD_1467;PROD_6;1;1
CORD_ORD_1467;PROD_7;1;1
CORD_ORD_1467;PROD_8;1;1
CORD_ORD_1468;PROD_12;1;1
CORD_ORD_1468;PROD_13;1;1
CORD_ORD_1468;PROD_18;1;1
CORD_ORD_1468;PROD_2;1;1
CORD_ORD_1468;PROD_21;1;1
CORD_ORD_1468;PROD_24;1;1
CORD_ORD_1468;PROD_30;1;1
CORD_ORD_1468;PROD_32;1;1
CORD_ORD_1468;PROD_37;1;1
CORD_ORD_1468;PROD_38;1;1
CORD_ORD_1468;PROD_4;1;1
CORD_ORD_1468;PROD_40;1;1
CORD_ORD_1468;PROD_41;1;1
CORD_ORD_1468;PROD_42;1;1
CORD_ORD_1468;PROD_43;1;1
CORD_ORD_1468;PROD_47;1;1
CORD_ORD_1469;PROD_11;1;1
CORD_ORD_1469;PROD_13;1;1
CORD_ORD_1469;PROD_14;1;1
CORD_ORD_1469;PROD_17;1;1
CORD_ORD_1469;PROD_18;1;1
CORD_ORD_1469;PROD_2;1;1
CORD_ORD_1469;PROD_23;1;1
CORD_ORD_1469;PROD_27;1;1
CORD_ORD_1469;PROD_28;1;1
CORD_ORD_1469;PROD_29;1;1
CORD_ORD_1469;PROD_30;1;1
CORD_ORD_1469;PROD_31;1;1
CORD_ORD_1469;PROD_32;1;1
CORD_ORD_1469;PROD_38;1;1
CORD_ORD_1469;PROD_40;1;1
CORD_ORD_1469;PROD_41;1;1
CORD_ORD_1469;PROD_43;1;1
CORD_ORD_1469;PROD_45;1;1
CORD_ORD_1469;PROD_47;1;1
CORD_ORD_1469;PROD_48;1;1
CORD_ORD_1469;PROD_5;1;1
CORD_ORD_1469;PROD_7;1;1
CORD_ORD_1469;PROD_9;1;1
CORD_ORD_1470;PROD_12;1;1
CORD_ORD_1470;PROD_14;1;1
CORD_ORD_1470;PROD_19;1;1
CORD_ORD_1470;PROD_21;1;1
CORD_ORD_1470;PROD_24;1;1
CORD_ORD_1470;PROD_28;1;1
CORD_ORD_1470;PROD_33;1;1
CORD_ORD_1470;PROD_37;1;1
CORD_ORD_1470;PROD_4;1;1
CORD_ORD_1470;PROD_42;1;1
CORD_ORD_1470;PROD_44;1;1
CORD_ORD_1470;PROD_9;1;1
CORD_ORD_1471;PROD_1;1;1
CORD_ORD_1471;PROD_11;1;1
CORD_ORD_1471;PROD_17;1;1
CORD_ORD_1471;PROD_19;1;1
CORD_ORD_1471;PROD_20;1;1
CORD_ORD_1471;PROD_23;1;1
CORD_ORD_1471;PROD_24;1;1
CORD_ORD_1471;PROD_27;1;1
CORD_ORD_1471;PROD_29;1;1
CORD_ORD_1471;PROD_3;1;1
CORD_ORD_1471;PROD_31;1;1
CORD_ORD_1471;PROD_32;1;1
CORD_ORD_1471;PROD_33;1;1
CORD_ORD_1471;PROD_35;1;1
CORD_ORD_1471;PROD_36;1;1
CORD_ORD_1471;PROD_37;1;1
CORD_ORD_1471;PROD_39;1;1
CORD_ORD_1471;PROD_42;1;1
CORD_ORD_1471;PROD_43;1;1
CORD_ORD_1471;PROD_44;1;1
CORD_ORD_1471;PROD_45;1;1
CORD_ORD_1471;PROD_47;1;1
CORD_ORD_1471;PROD_48;1;1
CORD_ORD_1472;PROD_10;1;1
CORD_ORD_1472;PROD_13;1;1
CORD_ORD_1472;PROD_15;1;1
CORD_ORD_1472;PROD_16;1;1
CORD_ORD_1472;PROD_22;1;1
CORD_ORD_1472;PROD_25;1;1
CORD_ORD_1472;PROD_30;1;1
CORD_ORD_1472;PROD_34;1;1
CORD_ORD_1472;PROD_38;1;1
CORD_ORD_1472;PROD_40;1;1
CORD_ORD_1472;PROD_49;1;1
CORD_ORD_1472;PROD_50;1;1
CORD_ORD_1472;PROD_8;1;1
CORD_ORD_1473;PROD_1;1;1
CORD_ORD_1473;PROD_10;1;1
CORD_ORD_1473;PROD_11;1;1
CORD_ORD_1473;PROD_14;1;1
CORD_ORD_1473;PROD_15;1;1
CORD_ORD_1473;PROD_16;1;1
CORD_ORD_1473;PROD_17;1;1
CORD_ORD_1473;PROD_18;1;1
CORD_ORD_1473;PROD_2;1;1
CORD_ORD_1473;PROD_20;1;1
CORD_ORD_1473;PROD_24;1;1
CORD_ORD_1473;PROD_26;1;1
CORD_ORD_1473;PROD_27;1;1
CORD_ORD_1473;PROD_28;1;1
CORD_ORD_1473;PROD_29;1;1
CORD_ORD_1473;PROD_3;1;1
CORD_ORD_1473;PROD_31;1;1
CORD_ORD_1473;PROD_34;1;1
CORD_ORD_1473;PROD_35;1;1
CORD_ORD_1473;PROD_36;1;1
CORD_ORD_1473;PROD_37;1;1
CORD_ORD_1473;PROD_39;1;1
CORD_ORD_1473;PROD_41;1;1
CORD_ORD_1473;PROD_42;1;1
CORD_ORD_1473;PROD_46;1;1
CORD_ORD_1473;PROD_48;1;1
CORD_ORD_1473;PROD_49;1;1
CORD_ORD_1473;PROD_6;1;1
CORD_ORD_1473;PROD_8;1;1
CORD_ORD_1473;PROD_9;1;1
CORD_ORD_1474;PROD_10;1;1
CORD_ORD_1474;PROD_11;1;1
CORD_ORD_1474;PROD_15;1;1
CORD_ORD_1474;PROD_16;1;1
CORD_ORD_1474;PROD_17;1;1
CORD_ORD_1474;PROD_18;1;1
CORD_ORD_1474;PROD_19;1;1
CORD_ORD_1474;PROD_2;1;1
CORD_ORD_1474;PROD_22;1;1
CORD_ORD_1474;PROD_25;1;1
CORD_ORD_1474;PROD_26;1;1
CORD_ORD_1474;PROD_27;1;1
CORD_ORD_1474;PROD_29;1;1
CORD_ORD_1474;PROD_31;1;1
CORD_ORD_1474;PROD_33;1;1
CORD_ORD_1474;PROD_34;1;1
CORD_ORD_1474;PROD_41;1;1
CORD_ORD_1474;PROD_44;1;1
CORD_ORD_1474;PROD_46;1;1
CORD_ORD_1474;PROD_48;1;1
CORD_ORD_1474;PROD_49;1;1
CORD_ORD_1474;PROD_50;1;1
CORD_ORD_1474;PROD_6;1;1
CORD_ORD_1474;PROD_8;1;1
CORD_ORD_1475;PROD_1;1;1
CORD_ORD_1475;PROD_10;1;1
CORD_ORD_1475;PROD_12;1;1
CORD_ORD_1475;PROD_13;1;1
CORD_ORD_1475;PROD_14;1;1
CORD_ORD_1475;PROD_15;1;1
CORD_ORD_1475;PROD_16;1;1
CORD_ORD_1475;PROD_19;1;1
CORD_ORD_1475;PROD_21;1;1
CORD_ORD_1475;PROD_23;1;1
CORD_ORD_1475;PROD_26;1;1
CORD_ORD_1475;PROD_28;1;1
CORD_ORD_1475;PROD_3;1;1
CORD_ORD_1475;PROD_30;1;1
CORD_ORD_1475;PROD_33;1;1
CORD_ORD_1475;PROD_34;1;1
CORD_ORD_1475;PROD_36;1;1
CORD_ORD_1475;PROD_38;1;1
CORD_ORD_1475;PROD_4;1;1
CORD_ORD_1475;PROD_40;1;1
CORD_ORD_1475;PROD_44;1;1
CORD_ORD_1475;PROD_45;1;1
CORD_ORD_1475;PROD_46;1;1
CORD_ORD_1475;PROD_49;1;1
CORD_ORD_1475;PROD_6;1;1
CORD_ORD_1475;PROD_8;1;1
CORD_ORD_1475;PROD_9;1;1
CORD_ORD_1476;PROD_1;1;1
CORD_ORD_1476;PROD_12;1;1
CORD_ORD_1476;PROD_14;1;1
CORD_ORD_1476;PROD_15;1;1
CORD_ORD_1476;PROD_17;1;1
CORD_ORD_1476;PROD_18;1;1
CORD_ORD_1476;PROD_19;1;1
CORD_ORD_1476;PROD_2;1;1
CORD_ORD_1476;PROD_21;1;1
CORD_ORD_1476;PROD_24;1;1
CORD_ORD_1476;PROD_26;1;1
CORD_ORD_1476;PROD_28;1;1
CORD_ORD_1476;PROD_3;1;1
CORD_ORD_1476;PROD_31;1;1
CORD_ORD_1476;PROD_32;1;1
CORD_ORD_1476;PROD_33;1;1
CORD_ORD_1476;PROD_34;1;1
CORD_ORD_1476;PROD_36;1;1
CORD_ORD_1476;PROD_37;1;1
CORD_ORD_1476;PROD_4;1;1
CORD_ORD_1476;PROD_41;1;1
CORD_ORD_1476;PROD_42;1;1
CORD_ORD_1476;PROD_43;1;1
CORD_ORD_1476;PROD_44;1;1
CORD_ORD_1476;PROD_46;1;1
CORD_ORD_1476;PROD_47;1;1
CORD_ORD_1476;PROD_48;1;1
CORD_ORD_1476;PROD_49;1;1
CORD_ORD_1476;PROD_6;1;1
CORD_ORD_1476;PROD_9;1;1
CORD_ORD_1477;PROD_1;1;1
CORD_ORD_1477;PROD_10;1;1
CORD_ORD_1477;PROD_11;1;1
CORD_ORD_1477;PROD_14;1;1
CORD_ORD_1477;PROD_15;1;1
CORD_ORD_1477;PROD_16;1;1
CORD_ORD_1477;PROD_20;1;1
CORD_ORD_1477;PROD_26;1;1
CORD_ORD_1477;PROD_27;1;1
CORD_ORD_1477;PROD_28;1;1
CORD_ORD_1477;PROD_29;1;1
CORD_ORD_1477;PROD_3;1;1
CORD_ORD_1477;PROD_32;1;1
CORD_ORD_1477;PROD_34;1;1
CORD_ORD_1477;PROD_35;1;1
CORD_ORD_1477;PROD_36;1;1
CORD_ORD_1477;PROD_39;1;1
CORD_ORD_1477;PROD_43;1;1
CORD_ORD_1477;PROD_46;1;1
CORD_ORD_1477;PROD_47;1;1
CORD_ORD_1477;PROD_49;1;1
CORD_ORD_1477;PROD_6;1;1
CORD_ORD_1477;PROD_8;1;1
CORD_ORD_1477;PROD_9;1;1
CORD_ORD_1478;PROD_10;1;1
CORD_ORD_1478;PROD_11;1;1
CORD_ORD_1478;PROD_12;1;1
CORD_ORD_1478;PROD_15;1;1
CORD_ORD_1478;PROD_16;1;1
CORD_ORD_1478;PROD_21;1;1
CORD_ORD_1478;PROD_26;1;1
CORD_ORD_1478;PROD_27;1;1
CORD_ORD_1478;PROD_29;1;1
CORD_ORD_1478;PROD_32;1;1
CORD_ORD_1478;PROD_34;1;1
CORD_ORD_1478;PROD_4;1;1
CORD_ORD_1478;PROD_43;1;1
CORD_ORD_1478;PROD_46;1;1
CORD_ORD_1478;PROD_47;1;1
CORD_ORD_1478;PROD_49;1;1
CORD_ORD_1478;PROD_6;1;1
CORD_ORD_1478;PROD_8;1;1
CORD_ORD_1479;PROD_1;1;1
CORD_ORD_1479;PROD_10;1;1
CORD_ORD_1479;PROD_15;1;1
CORD_ORD_1479;PROD_16;1;1
CORD_ORD_1479;PROD_19;1;1
CORD_ORD_1479;PROD_22;1;1
CORD_ORD_1479;PROD_23;1;1
CORD_ORD_1479;PROD_24;1;1
CORD_ORD_1479;PROD_25;1;1
CORD_ORD_1479;PROD_26;1;1
CORD_ORD_1479;PROD_3;1;1
CORD_ORD_1479;PROD_32;1;1
CORD_ORD_1479;PROD_33;1;1
CORD_ORD_1479;PROD_34;1;1
CORD_ORD_1479;PROD_36;1;1
CORD_ORD_1479;PROD_37;1;1
CORD_ORD_1479;PROD_42;1;1
CORD_ORD_1479;PROD_43;1;1
CORD_ORD_1479;PROD_44;1;1
CORD_ORD_1479;PROD_45;1;1
CORD_ORD_1479;PROD_46;1;1
CORD_ORD_1479;PROD_47;1;1
CORD_ORD_1479;PROD_49;1;1
CORD_ORD_1479;PROD_50;1;1
CORD_ORD_1479;PROD_6;1;1
CORD_ORD_1479;PROD_8;1;1
CORD_ORD_1480;PROD_11;1;1
CORD_ORD_1480;PROD_13;1;1
CORD_ORD_1480;PROD_15;1;1
CORD_ORD_1480;PROD_20;1;1
CORD_ORD_1480;PROD_22;1;1
CORD_ORD_1480;PROD_25;1;1
CORD_ORD_1480;PROD_26;1;1
CORD_ORD_1480;PROD_27;1;1
CORD_ORD_1480;PROD_29;1;1
CORD_ORD_1480;PROD_30;1;1
CORD_ORD_1480;PROD_32;1;1
CORD_ORD_1480;PROD_34;1;1
CORD_ORD_1480;PROD_35;1;1
CORD_ORD_1480;PROD_38;1;1
CORD_ORD_1480;PROD_39;1;1
CORD_ORD_1480;PROD_40;1;1
CORD_ORD_1480;PROD_43;1;1
CORD_ORD_1480;PROD_46;1;1
CORD_ORD_1480;PROD_47;1;1
CORD_ORD_1480;PROD_49;1;1
CORD_ORD_1480;PROD_50;1;1
CORD_ORD_1480;PROD_6;1;1
CORD_ORD_1481;PROD_1;1;1
CORD_ORD_1481;PROD_11;1;1
CORD_ORD_1481;PROD_15;1;1
CORD_ORD_1481;PROD_17;1;1
CORD_ORD_1481;PROD_22;1;1
CORD_ORD_1481;PROD_25;1;1
CORD_ORD_1481;PROD_27;1;1
CORD_ORD_1481;PROD_29;1;1
CORD_ORD_1481;PROD_3;1;1
CORD_ORD_1481;PROD_31;1;1
CORD_ORD_1481;PROD_32;1;1
CORD_ORD_1481;PROD_34;1;1
CORD_ORD_1481;PROD_36;1;1
CORD_ORD_1481;PROD_43;1;1
CORD_ORD_1481;PROD_47;1;1
CORD_ORD_1481;PROD_48;1;1
CORD_ORD_1481;PROD_49;1;1
CORD_ORD_1481;PROD_50;1;1
CORD_ORD_1482;PROD_12;1;1
CORD_ORD_1482;PROD_15;1;1
CORD_ORD_1482;PROD_17;1;1
CORD_ORD_1482;PROD_19;1;1
CORD_ORD_1482;PROD_21;1;1
CORD_ORD_1482;PROD_22;1;1
CORD_ORD_1482;PROD_25;1;1
CORD_ORD_1482;PROD_26;1;1
CORD_ORD_1482;PROD_31;1;1
CORD_ORD_1482;PROD_33;1;1
CORD_ORD_1482;PROD_34;1;1
CORD_ORD_1482;PROD_4;1;1
CORD_ORD_1482;PROD_44;1;1
CORD_ORD_1482;PROD_46;1;1
CORD_ORD_1482;PROD_48;1;1
CORD_ORD_1482;PROD_49;1;1
CORD_ORD_1482;PROD_50;1;1
CORD_ORD_1482;PROD_6;1;1
CORD_ORD_1483;PROD_1;1;1
CORD_ORD_1483;PROD_10;1;1
CORD_ORD_1483;PROD_12;1;1
CORD_ORD_1483;PROD_13;1;1
CORD_ORD_1483;PROD_16;1;1
CORD_ORD_1483;PROD_17;1;1
CORD_ORD_1483;PROD_19;1;1
CORD_ORD_1483;PROD_21;1;1
CORD_ORD_1483;PROD_22;1;1
CORD_ORD_1483;PROD_25;1;1
CORD_ORD_1483;PROD_3;1;1
CORD_ORD_1483;PROD_30;1;1
CORD_ORD_1483;PROD_31;1;1
CORD_ORD_1483;PROD_33;1;1
CORD_ORD_1483;PROD_36;1;1
CORD_ORD_1483;PROD_38;1;1
CORD_ORD_1483;PROD_4;1;1
CORD_ORD_1483;PROD_40;1;1
CORD_ORD_1483;PROD_44;1;1
CORD_ORD_1483;PROD_48;1;1
CORD_ORD_1483;PROD_5;1;1
CORD_ORD_1483;PROD_50;1;1
CORD_ORD_1483;PROD_7;1;1
CORD_ORD_1483;PROD_8;1;1
CORD_ORD_1484;PROD_11;1;1
CORD_ORD_1484;PROD_14;1;1
CORD_ORD_1484;PROD_19;1;1
CORD_ORD_1484;PROD_23;1;1
CORD_ORD_1484;PROD_27;1;1
CORD_ORD_1484;PROD_28;1;1
CORD_ORD_1484;PROD_29;1;1
CORD_ORD_1484;PROD_33;1;1
CORD_ORD_1484;PROD_44;1;1
CORD_ORD_1484;PROD_45;1;1
CORD_ORD_1484;PROD_9;1;1
CORD_ORD_1485;PROD_1;1;1
CORD_ORD_1485;PROD_10;1;1
CORD_ORD_1485;PROD_12;1;1
CORD_ORD_1485;PROD_16;1;1
CORD_ORD_1485;PROD_17;1;1
CORD_ORD_1485;PROD_21;1;1
CORD_ORD_1485;PROD_26;1;1
CORD_ORD_1485;PROD_3;1;1
CORD_ORD_1485;PROD_30;1;1
CORD_ORD_1485;PROD_31;1;1
CORD_ORD_1485;PROD_32;1;1
CORD_ORD_1485;PROD_36;1;1
CORD_ORD_1485;PROD_4;1;1
CORD_ORD_1485;PROD_40;1;1
CORD_ORD_1485;PROD_43;1;1
CORD_ORD_1485;PROD_46;1;1
CORD_ORD_1485;PROD_47;1;1
CORD_ORD_1485;PROD_48;1;1
CORD_ORD_1485;PROD_5;1;1
CORD_ORD_1485;PROD_6;1;1
CORD_ORD_1485;PROD_7;1;1
CORD_ORD_1485;PROD_8;1;1
CORD_ORD_1486;PROD_1;1;1
CORD_ORD_1486;PROD_10;1;1
CORD_ORD_1486;PROD_13;1;1
CORD_ORD_1486;PROD_15;1;1
CORD_ORD_1486;PROD_16;1;1
CORD_ORD_1486;PROD_20;1;1
CORD_ORD_1486;PROD_22;1;1
CORD_ORD_1486;PROD_25;1;1
CORD_ORD_1486;PROD_3;1;1
CORD_ORD_1486;PROD_34;1;1
CORD_ORD_1486;PROD_35;1;1
CORD_ORD_1486;PROD_36;1;1
CORD_ORD_1486;PROD_38;1;1
CORD_ORD_1486;PROD_39;1;1
CORD_ORD_1486;PROD_49;1;1
CORD_ORD_1486;PROD_50;1;1
CORD_ORD_1486;PROD_8;1;1
CORD_ORD_1487;PROD_1;1;1
CORD_ORD_1487;PROD_10;1;1
CORD_ORD_1487;PROD_11;1;1
CORD_ORD_1487;PROD_14;1;1
CORD_ORD_1487;PROD_16;1;1
CORD_ORD_1487;PROD_19;1;1
CORD_ORD_1487;PROD_20;1;1
CORD_ORD_1487;PROD_23;1;1
CORD_ORD_1487;PROD_27;1;1
CORD_ORD_1487;PROD_28;1;1
CORD_ORD_1487;PROD_29;1;1
CORD_ORD_1487;PROD_3;1;1
CORD_ORD_1487;PROD_32;1;1
CORD_ORD_1487;PROD_33;1;1
CORD_ORD_1487;PROD_35;1;1
CORD_ORD_1487;PROD_36;1;1
CORD_ORD_1487;PROD_39;1;1
CORD_ORD_1487;PROD_43;1;1
CORD_ORD_1487;PROD_44;1;1
CORD_ORD_1487;PROD_45;1;1
CORD_ORD_1487;PROD_47;1;1
CORD_ORD_1487;PROD_8;1;1
CORD_ORD_1487;PROD_9;1;1
CORD_ORD_1488;PROD_10;1;1
CORD_ORD_1488;PROD_11;1;1
CORD_ORD_1488;PROD_16;1;1
CORD_ORD_1488;PROD_20;1;1
CORD_ORD_1488;PROD_27;1;1
CORD_ORD_1488;PROD_29;1;1
CORD_ORD_1488;PROD_35;1;1
CORD_ORD_1488;PROD_39;1;1
CORD_ORD_1488;PROD_8;1;1
CORD_ORD_1489;PROD_14;1;1
CORD_ORD_1489;PROD_15;1;1
CORD_ORD_1489;PROD_17;1;1
CORD_ORD_1489;PROD_24;1;1
CORD_ORD_1489;PROD_28;1;1
CORD_ORD_1489;PROD_30;1;1
CORD_ORD_1489;PROD_31;1;1
CORD_ORD_1489;PROD_32;1;1
CORD_ORD_1489;PROD_34;1;1
CORD_ORD_1489;PROD_37;1;1
CORD_ORD_1489;PROD_40;1;1
CORD_ORD_1489;PROD_42;1;1
CORD_ORD_1489;PROD_43;1;1
CORD_ORD_1489;PROD_47;1;1
CORD_ORD_1489;PROD_48;1;1
CORD_ORD_1489;PROD_49;1;1
CORD_ORD_1489;PROD_5;1;1
CORD_ORD_1489;PROD_7;1;1
CORD_ORD_1489;PROD_9;1;1
CORD_ORD_1490;PROD_10;1;1
CORD_ORD_1490;PROD_11;1;1
CORD_ORD_1490;PROD_16;1;1
CORD_ORD_1490;PROD_17;1;1
CORD_ORD_1490;PROD_23;1;1
CORD_ORD_1490;PROD_24;1;1
CORD_ORD_1490;PROD_26;1;1
CORD_ORD_1490;PROD_27;1;1
CORD_ORD_1490;PROD_29;1;1
CORD_ORD_1490;PROD_31;1;1
CORD_ORD_1490;PROD_37;1;1
CORD_ORD_1490;PROD_42;1;1
CORD_ORD_1490;PROD_45;1;1
CORD_ORD_1490;PROD_46;1;1
CORD_ORD_1490;PROD_48;1;1
CORD_ORD_1490;PROD_6;1;1
CORD_ORD_1490;PROD_8;1;1
CORD_ORD_1491;PROD_1;1;1
CORD_ORD_1491;PROD_10;1;1
CORD_ORD_1491;PROD_11;1;1
CORD_ORD_1491;PROD_13;1;1
CORD_ORD_1491;PROD_15;1;1
CORD_ORD_1491;PROD_16;1;1
CORD_ORD_1491;PROD_20;1;1
CORD_ORD_1491;PROD_22;1;1
CORD_ORD_1491;PROD_25;1;1
CORD_ORD_1491;PROD_27;1;1
CORD_ORD_1491;PROD_29;1;1
CORD_ORD_1491;PROD_3;1;1
CORD_ORD_1491;PROD_30;1;1
CORD_ORD_1491;PROD_32;1;1
CORD_ORD_1491;PROD_34;1;1
CORD_ORD_1491;PROD_35;1;1
CORD_ORD_1491;PROD_36;1;1
CORD_ORD_1491;PROD_38;1;1
CORD_ORD_1491;PROD_39;1;1
CORD_ORD_1491;PROD_40;1;1
CORD_ORD_1491;PROD_43;1;1
CORD_ORD_1491;PROD_47;1;1
CORD_ORD_1491;PROD_49;1;1
CORD_ORD_1491;PROD_50;1;1
CORD_ORD_1491;PROD_8;1;1
CORD_ORD_1492;PROD_14;1;1
CORD_ORD_1492;PROD_17;1;1
CORD_ORD_1492;PROD_18;1;1
CORD_ORD_1492;PROD_2;1;1
CORD_ORD_1492;PROD_26;1;1
CORD_ORD_1492;PROD_28;1;1
CORD_ORD_1492;PROD_31;1;1
CORD_ORD_1492;PROD_32;1;1
CORD_ORD_1492;PROD_41;1;1
CORD_ORD_1492;PROD_43;1;1
CORD_ORD_1492;PROD_46;1;1
CORD_ORD_1492;PROD_47;1;1
CORD_ORD_1492;PROD_48;1;1
CORD_ORD_1492;PROD_6;1;1
CORD_ORD_1492;PROD_9;1;1
CORD_ORD_1493;PROD_13;1;1
CORD_ORD_1493;PROD_15;1;1
CORD_ORD_1493;PROD_17;1;1
CORD_ORD_1493;PROD_18;1;1
CORD_ORD_1493;PROD_19;1;1
CORD_ORD_1493;PROD_2;1;1
CORD_ORD_1493;PROD_22;1;1
CORD_ORD_1493;PROD_25;1;1
CORD_ORD_1493;PROD_31;1;1
CORD_ORD_1493;PROD_33;1;1
CORD_ORD_1493;PROD_34;1;1
CORD_ORD_1493;PROD_38;1;1
CORD_ORD_1493;PROD_41;1;1
CORD_ORD_1493;PROD_44;1;1
CORD_ORD_1493;PROD_48;1;1
CORD_ORD_1493;PROD_49;1;1
CORD_ORD_1493;PROD_5;1;1
CORD_ORD_1493;PROD_50;1;1
CORD_ORD_1493;PROD_7;1;1
CORD_ORD_1494;PROD_10;1;1
CORD_ORD_1494;PROD_12;1;1
CORD_ORD_1494;PROD_13;1;1
CORD_ORD_1494;PROD_15;1;1
CORD_ORD_1494;PROD_16;1;1
CORD_ORD_1494;PROD_19;1;1
CORD_ORD_1494;PROD_21;1;1
CORD_ORD_1494;PROD_24;1;1
CORD_ORD_1494;PROD_30;1;1
CORD_ORD_1494;PROD_32;1;1
CORD_ORD_1494;PROD_33;1;1
CORD_ORD_1494;PROD_34;1;1
CORD_ORD_1494;PROD_37;1;1
CORD_ORD_1494;PROD_38;1;1
CORD_ORD_1494;PROD_4;1;1
CORD_ORD_1494;PROD_40;1;1
CORD_ORD_1494;PROD_42;1;1
CORD_ORD_1494;PROD_43;1;1
CORD_ORD_1494;PROD_44;1;1
CORD_ORD_1494;PROD_47;1;1
CORD_ORD_1494;PROD_49;1;1
CORD_ORD_1494;PROD_8;1;1
CORD_ORD_1495;PROD_1;1;1
CORD_ORD_1495;PROD_10;1;1
CORD_ORD_1495;PROD_11;1;1
CORD_ORD_1495;PROD_13;1;1
CORD_ORD_1495;PROD_15;1;1
CORD_ORD_1495;PROD_16;1;1
CORD_ORD_1495;PROD_18;1;1
CORD_ORD_1495;PROD_2;1;1
CORD_ORD_1495;PROD_20;1;1
CORD_ORD_1495;PROD_22;1;1
CORD_ORD_1495;PROD_24;1;1
CORD_ORD_1495;PROD_25;1;1
CORD_ORD_1495;PROD_27;1;1
CORD_ORD_1495;PROD_29;1;1
CORD_ORD_1495;PROD_3;1;1
CORD_ORD_1495;PROD_30;1;1
CORD_ORD_1495;PROD_34;1;1
CORD_ORD_1495;PROD_35;1;1
CORD_ORD_1495;PROD_36;1;1
CORD_ORD_1495;PROD_37;1;1
CORD_ORD_1495;PROD_38;1;1
CORD_ORD_1495;PROD_39;1;1
CORD_ORD_1495;PROD_40;1;1
CORD_ORD_1495;PROD_41;1;1
CORD_ORD_1495;PROD_42;1;1
CORD_ORD_1495;PROD_49;1;1
CORD_ORD_1495;PROD_50;1;1
CORD_ORD_1495;PROD_8;1;1
CORD_ORD_1496;PROD_1;1;1
CORD_ORD_1496;PROD_11;1;1
CORD_ORD_1496;PROD_17;1;1
CORD_ORD_1496;PROD_19;1;1
CORD_ORD_1496;PROD_23;1;1
CORD_ORD_1496;PROD_27;1;1
CORD_ORD_1496;PROD_29;1;1
CORD_ORD_1496;PROD_3;1;1
CORD_ORD_1496;PROD_31;1;1
CORD_ORD_1496;PROD_32;1;1
CORD_ORD_1496;PROD_33;1;1
CORD_ORD_1496;PROD_36;1;1
CORD_ORD_1496;PROD_43;1;1
CORD_ORD_1496;PROD_44;1;1
CORD_ORD_1496;PROD_45;1;1
CORD_ORD_1496;PROD_47;1;1
CORD_ORD_1496;PROD_48;1;1
CORD_ORD_1497;PROD_10;1;1
CORD_ORD_1497;PROD_11;1;1
CORD_ORD_1497;PROD_12;1;1
CORD_ORD_1497;PROD_14;1;1
CORD_ORD_1497;PROD_16;1;1
CORD_ORD_1497;PROD_19;1;1
CORD_ORD_1497;PROD_21;1;1
CORD_ORD_1497;PROD_22;1;1
CORD_ORD_1497;PROD_24;1;1
CORD_ORD_1497;PROD_25;1;1
CORD_ORD_1497;PROD_26;1;1
CORD_ORD_1497;PROD_27;1;1
CORD_ORD_1497;PROD_28;1;1
CORD_ORD_1497;PROD_29;1;1
CORD_ORD_1497;PROD_30;1;1
CORD_ORD_1497;PROD_33;1;1
CORD_ORD_1497;PROD_37;1;1
CORD_ORD_1497;PROD_4;1;1
CORD_ORD_1497;PROD_40;1;1
CORD_ORD_1497;PROD_42;1;1
CORD_ORD_1497;PROD_44;1;1
CORD_ORD_1497;PROD_46;1;1
CORD_ORD_1497;PROD_50;1;1
CORD_ORD_1497;PROD_6;1;1
CORD_ORD_1497;PROD_8;1;1
CORD_ORD_1497;PROD_9;1;1
CORD_ORD_1498;PROD_10;1;1
CORD_ORD_1498;PROD_11;1;1
CORD_ORD_1498;PROD_14;1;1
CORD_ORD_1498;PROD_16;1;1
CORD_ORD_1498;PROD_18;1;1
CORD_ORD_1498;PROD_19;1;1
CORD_ORD_1498;PROD_2;1;1
CORD_ORD_1498;PROD_22;1;1
CORD_ORD_1498;PROD_25;1;1
CORD_ORD_1498;PROD_27;1;1
CORD_ORD_1498;PROD_28;1;1
CORD_ORD_1498;PROD_29;1;1
CORD_ORD_1498;PROD_33;1;1
CORD_ORD_1498;PROD_41;1;1
CORD_ORD_1498;PROD_44;1;1
CORD_ORD_1498;PROD_50;1;1
CORD_ORD_1498;PROD_8;1;1
CORD_ORD_1498;PROD_9;1;1
CORD_ORD_1499;PROD_1;1;1
CORD_ORD_1499;PROD_11;1;1
CORD_ORD_1499;PROD_14;1;1
CORD_ORD_1499;PROD_15;1;1
CORD_ORD_1499;PROD_19;1;1
CORD_ORD_1499;PROD_20;1;1
CORD_ORD_1499;PROD_22;1;1
CORD_ORD_1499;PROD_25;1;1
CORD_ORD_1499;PROD_26;1;1
CORD_ORD_1499;PROD_27;1;1
CORD_ORD_1499;PROD_28;1;1
CORD_ORD_1499;PROD_29;1;1
CORD_ORD_1499;PROD_3;1;1
CORD_ORD_1499;PROD_33;1;1
CORD_ORD_1499;PROD_34;1;1
CORD_ORD_1499;PROD_35;1;1
CORD_ORD_1499;PROD_36;1;1
CORD_ORD_1499;PROD_39;1;1
CORD_ORD_1499;PROD_44;1;1
CORD_ORD_1499;PROD_46;1;1
CORD_ORD_1499;PROD_49;1;1
CORD_ORD_1499;PROD_5;1;1
CORD_ORD_1499;PROD_50;1;1
CORD_ORD_1499;PROD_6;1;1
CORD_ORD_1499;PROD_7;1;1
CORD_ORD_1499;PROD_9;1;1
CORD_ORD_1500;PROD_1;1;1
CORD_ORD_1500;PROD_10;1;1
CORD_ORD_1500;PROD_13;1;1
CORD_ORD_1500;PROD_14;1;1
CORD_ORD_1500;PROD_15;1;1
CORD_ORD_1500;PROD_16;1;1
CORD_ORD_1500;PROD_19;1;1
CORD_ORD_1500;PROD_20;1;1
CORD_ORD_1500;PROD_24;1;1
CORD_ORD_1500;PROD_28;1;1
CORD_ORD_1500;PROD_3;1;1
CORD_ORD_1500;PROD_33;1;1
CORD_ORD_1500;PROD_34;1;1
CORD_ORD_1500;PROD_35;1;1
CORD_ORD_1500;PROD_36;1;1
CORD_ORD_1500;PROD_37;1;1
CORD_ORD_1500;PROD_38;1;1
CORD_ORD_1500;PROD_39;1;1
CORD_ORD_1500;PROD_42;1;1
CORD_ORD_1500;PROD_44;1;1
CORD_ORD_1500;PROD_49;1;1
CORD_ORD_1500;PROD_8;1;1
CORD_ORD_1500;PROD_9;1;1
CORD_ORD_1501;PROD_1;1;1
CORD_ORD_1501;PROD_10;1;1
CORD_ORD_1501;PROD_15;1;1
CORD_ORD_1501;PROD_16;1;1
CORD_ORD_1501;PROD_17;1;1
CORD_ORD_1501;PROD_22;1;1
CORD_ORD_1501;PROD_25;1;1
CORD_ORD_1501;PROD_26;1;1
CORD_ORD_1501;PROD_3;1;1
CORD_ORD_1501;PROD_31;1;1
CORD_ORD_1501;PROD_34;1;1
CORD_ORD_1501;PROD_36;1;1
CORD_ORD_1501;PROD_46;1;1
CORD_ORD_1501;PROD_48;1;1
CORD_ORD_1501;PROD_49;1;1
CORD_ORD_1501;PROD_50;1;1
CORD_ORD_1501;PROD_6;1;1
CORD_ORD_1501;PROD_8;1;1
CORD_ORD_1502;PROD_10;1;1
CORD_ORD_1502;PROD_11;1;1
CORD_ORD_1502;PROD_13;1;1
CORD_ORD_1502;PROD_16;1;1
CORD_ORD_1502;PROD_18;1;1
CORD_ORD_1502;PROD_19;1;1
CORD_ORD_1502;PROD_2;1;1
CORD_ORD_1502;PROD_22;1;1
CORD_ORD_1502;PROD_24;1;1
CORD_ORD_1502;PROD_25;1;1
CORD_ORD_1502;PROD_27;1;1
CORD_ORD_1502;PROD_29;1;1
CORD_ORD_1502;PROD_32;1;1
CORD_ORD_1502;PROD_33;1;1
CORD_ORD_1502;PROD_37;1;1
CORD_ORD_1502;PROD_38;1;1
CORD_ORD_1502;PROD_41;1;1
CORD_ORD_1502;PROD_42;1;1
CORD_ORD_1502;PROD_43;1;1
CORD_ORD_1502;PROD_44;1;1
CORD_ORD_1502;PROD_47;1;1
CORD_ORD_1502;PROD_50;1;1
CORD_ORD_1502;PROD_8;1;1
CORD_ORD_1503;PROD_1;1;1
CORD_ORD_1503;PROD_10;1;1
CORD_ORD_1503;PROD_11;1;1
CORD_ORD_1503;PROD_13;1;1
CORD_ORD_1503;PROD_14;1;1
CORD_ORD_1503;PROD_16;1;1
CORD_ORD_1503;PROD_18;1;1
CORD_ORD_1503;PROD_19;1;1
CORD_ORD_1503;PROD_2;1;1
CORD_ORD_1503;PROD_20;1;1
CORD_ORD_1503;PROD_27;1;1
CORD_ORD_1503;PROD_28;1;1
CORD_ORD_1503;PROD_29;1;1
CORD_ORD_1503;PROD_3;1;1
CORD_ORD_1503;PROD_32;1;1
CORD_ORD_1503;PROD_33;1;1
CORD_ORD_1503;PROD_35;1;1
CORD_ORD_1503;PROD_36;1;1
CORD_ORD_1503;PROD_38;1;1
CORD_ORD_1503;PROD_39;1;1
CORD_ORD_1503;PROD_41;1;1
CORD_ORD_1503;PROD_43;1;1
CORD_ORD_1503;PROD_44;1;1
CORD_ORD_1503;PROD_47;1;1
CORD_ORD_1503;PROD_8;1;1
CORD_ORD_1503;PROD_9;1;1
CORD_ORD_1504;PROD_1;1;1
CORD_ORD_1504;PROD_10;1;1
CORD_ORD_1504;PROD_16;1;1
CORD_ORD_1504;PROD_17;1;1
CORD_ORD_1504;PROD_18;1;1
CORD_ORD_1504;PROD_2;1;1
CORD_ORD_1504;PROD_20;1;1
CORD_ORD_1504;PROD_22;1;1
CORD_ORD_1504;PROD_23;1;1
CORD_ORD_1504;PROD_25;1;1
CORD_ORD_1504;PROD_3;1;1
CORD_ORD_1504;PROD_30;1;1
CORD_ORD_1504;PROD_31;1;1
CORD_ORD_1504;PROD_32;1;1
CORD_ORD_1504;PROD_35;1;1
CORD_ORD_1504;PROD_36;1;1
CORD_ORD_1504;PROD_39;1;1
CORD_ORD_1504;PROD_40;1;1
CORD_ORD_1504;PROD_41;1;1
CORD_ORD_1504;PROD_43;1;1
CORD_ORD_1504;PROD_45;1;1
CORD_ORD_1504;PROD_47;1;1
CORD_ORD_1504;PROD_48;1;1
CORD_ORD_1504;PROD_50;1;1
CORD_ORD_1504;PROD_8;1;1
CORD_ORD_1505;PROD_1;1;1
CORD_ORD_1505;PROD_11;1;1
CORD_ORD_1505;PROD_13;1;1
CORD_ORD_1505;PROD_14;1;1
CORD_ORD_1505;PROD_15;1;1
CORD_ORD_1505;PROD_18;1;1
CORD_ORD_1505;PROD_19;1;1
CORD_ORD_1505;PROD_2;1;1
CORD_ORD_1505;PROD_20;1;1
CORD_ORD_1505;PROD_24;1;1
CORD_ORD_1505;PROD_26;1;1
CORD_ORD_1505;PROD_27;1;1
CORD_ORD_1505;PROD_28;1;1
CORD_ORD_1505;PROD_29;1;1
CORD_ORD_1505;PROD_3;1;1
CORD_ORD_1505;PROD_30;1;1
CORD_ORD_1505;PROD_33;1;1
CORD_ORD_1505;PROD_34;1;1
CORD_ORD_1505;PROD_35;1;1
CORD_ORD_1505;PROD_36;1;1
CORD_ORD_1505;PROD_37;1;1
CORD_ORD_1505;PROD_38;1;1
CORD_ORD_1505;PROD_39;1;1
CORD_ORD_1505;PROD_40;1;1
CORD_ORD_1505;PROD_41;1;1
CORD_ORD_1505;PROD_42;1;1
CORD_ORD_1505;PROD_44;1;1
CORD_ORD_1505;PROD_46;1;1
CORD_ORD_1505;PROD_49;1;1
CORD_ORD_1505;PROD_6;1;1
CORD_ORD_1505;PROD_9;1;1
CORD_ORD_1506;PROD_1;1;1
CORD_ORD_1506;PROD_10;1;1
CORD_ORD_1506;PROD_11;1;1
CORD_ORD_1506;PROD_12;1;1
CORD_ORD_1506;PROD_13;1;1
CORD_ORD_1506;PROD_14;1;1
CORD_ORD_1506;PROD_16;1;1
CORD_ORD_1506;PROD_19;1;1
CORD_ORD_1506;PROD_20;1;1
CORD_ORD_1506;PROD_21;1;1
CORD_ORD_1506;PROD_22;1;1
CORD_ORD_1506;PROD_25;1;1
CORD_ORD_1506;PROD_27;1;1
CORD_ORD_1506;PROD_28;1;1
CORD_ORD_1506;PROD_29;1;1
CORD_ORD_1506;PROD_3;1;1
CORD_ORD_1506;PROD_33;1;1
CORD_ORD_1506;PROD_35;1;1
CORD_ORD_1506;PROD_36;1;1
CORD_ORD_1506;PROD_38;1;1
CORD_ORD_1506;PROD_39;1;1
CORD_ORD_1506;PROD_4;1;1
CORD_ORD_1506;PROD_44;1;1
CORD_ORD_1506;PROD_50;1;1
CORD_ORD_1506;PROD_8;1;1
CORD_ORD_1506;PROD_9;1;1
CORD_ORD_1507;PROD_1;1;1
CORD_ORD_1507;PROD_10;1;1
CORD_ORD_1507;PROD_16;1;1
CORD_ORD_1507;PROD_17;1;1
CORD_ORD_1507;PROD_18;1;1
CORD_ORD_1507;PROD_2;1;1
CORD_ORD_1507;PROD_22;1;1
CORD_ORD_1507;PROD_23;1;1
CORD_ORD_1507;PROD_24;1;1
CORD_ORD_1507;PROD_25;1;1
CORD_ORD_1507;PROD_26;1;1
CORD_ORD_1507;PROD_3;1;1
CORD_ORD_1507;PROD_31;1;1
CORD_ORD_1507;PROD_32;1;1
CORD_ORD_1507;PROD_36;1;1
CORD_ORD_1507;PROD_37;1;1
CORD_ORD_1507;PROD_41;1;1
CORD_ORD_1507;PROD_42;1;1
CORD_ORD_1507;PROD_43;1;1
CORD_ORD_1507;PROD_45;1;1
CORD_ORD_1507;PROD_46;1;1
CORD_ORD_1507;PROD_47;1;1
CORD_ORD_1507;PROD_48;1;1
CORD_ORD_1507;PROD_50;1;1
CORD_ORD_1507;PROD_6;1;1
CORD_ORD_1507;PROD_8;1;1
CORD_ORD_1508;PROD_11;1;1
CORD_ORD_1508;PROD_13;1;1
CORD_ORD_1508;PROD_15;1;1
CORD_ORD_1508;PROD_17;1;1
CORD_ORD_1508;PROD_22;1;1
CORD_ORD_1508;PROD_23;1;1
CORD_ORD_1508;PROD_25;1;1
CORD_ORD_1508;PROD_26;1;1
CORD_ORD_1508;PROD_27;1;1
CORD_ORD_1508;PROD_29;1;1
CORD_ORD_1508;PROD_30;1;1
CORD_ORD_1508;PROD_31;1;1
CORD_ORD_1508;PROD_32;1;1
CORD_ORD_1508;PROD_34;1;1
CORD_ORD_1508;PROD_38;1;1
CORD_ORD_1508;PROD_40;1;1
CORD_ORD_1508;PROD_43;1;1
CORD_ORD_1508;PROD_45;1;1
CORD_ORD_1508;PROD_46;1;1
CORD_ORD_1508;PROD_47;1;1
CORD_ORD_1508;PROD_48;1;1
CORD_ORD_1508;PROD_49;1;1
CORD_ORD_1508;PROD_50;1;1
CORD_ORD_1508;PROD_6;1;1
CORD_ORD_1509;PROD_1;1;1
CORD_ORD_1509;PROD_11;1;1
CORD_ORD_1509;PROD_12;1;1
CORD_ORD_1509;PROD_15;1;1
CORD_ORD_1509;PROD_19;1;1
CORD_ORD_1509;PROD_20;1;1
CORD_ORD_1509;PROD_21;1;1
CORD_ORD_1509;PROD_22;1;1
CORD_ORD_1509;PROD_25;1;1
CORD_ORD_1509;PROD_27;1;1
CORD_ORD_1509;PROD_29;1;1
CORD_ORD_1509;PROD_3;1;1
CORD_ORD_1509;PROD_30;1;1
CORD_ORD_1509;PROD_33;1;1
CORD_ORD_1509;PROD_34;1;1
CORD_ORD_1509;PROD_35;1;1
CORD_ORD_1509;PROD_36;1;1
CORD_ORD_1509;PROD_39;1;1
CORD_ORD_1509;PROD_4;1;1
CORD_ORD_1509;PROD_40;1;1
CORD_ORD_1509;PROD_44;1;1
CORD_ORD_1509;PROD_49;1;1
CORD_ORD_1509;PROD_5;1;1
CORD_ORD_1509;PROD_50;1;1
CORD_ORD_1509;PROD_7;1;1
CORD_ORD_1510;PROD_10;1;1
CORD_ORD_1510;PROD_13;1;1
CORD_ORD_1510;PROD_14;1;1
CORD_ORD_1510;PROD_15;1;1
CORD_ORD_1510;PROD_16;1;1
CORD_ORD_1510;PROD_18;1;1
CORD_ORD_1510;PROD_2;1;1
CORD_ORD_1510;PROD_20;1;1
CORD_ORD_1510;PROD_22;1;1
CORD_ORD_1510;PROD_23;1;1
CORD_ORD_1510;PROD_25;1;1
CORD_ORD_1510;PROD_28;1;1
CORD_ORD_1510;PROD_32;1;1
CORD_ORD_1510;PROD_34;1;1
CORD_ORD_1510;PROD_35;1;1
CORD_ORD_1510;PROD_38;1;1
CORD_ORD_1510;PROD_39;1;1
CORD_ORD_1510;PROD_41;1;1
CORD_ORD_1510;PROD_43;1;1
CORD_ORD_1510;PROD_45;1;1
CORD_ORD_1510;PROD_47;1;1
CORD_ORD_1510;PROD_49;1;1
CORD_ORD_1510;PROD_5;1;1
CORD_ORD_1510;PROD_50;1;1
CORD_ORD_1510;PROD_7;1;1
CORD_ORD_1510;PROD_8;1;1
CORD_ORD_1510;PROD_9;1;1
CORD_ORD_1511;PROD_1;1;1
CORD_ORD_1511;PROD_10;1;1
CORD_ORD_1511;PROD_13;1;1
CORD_ORD_1511;PROD_14;1;1
CORD_ORD_1511;PROD_16;1;1
CORD_ORD_1511;PROD_22;1;1
CORD_ORD_1511;PROD_23;1;1
CORD_ORD_1511;PROD_25;1;1
CORD_ORD_1511;PROD_28;1;1
CORD_ORD_1511;PROD_3;1;1
CORD_ORD_1511;PROD_36;1;1
CORD_ORD_1511;PROD_38;1;1
CORD_ORD_1511;PROD_45;1;1
CORD_ORD_1511;PROD_50;1;1
CORD_ORD_1511;PROD_8;1;1
CORD_ORD_1511;PROD_9;1;1
CORD_ORD_1512;PROD_1;1;1
CORD_ORD_1512;PROD_10;1;1
CORD_ORD_1512;PROD_11;1;1
CORD_ORD_1512;PROD_12;1;1
CORD_ORD_1512;PROD_14;1;1
CORD_ORD_1512;PROD_16;1;1
CORD_ORD_1512;PROD_18;1;1
CORD_ORD_1512;PROD_2;1;1
CORD_ORD_1512;PROD_21;1;1
CORD_ORD_1512;PROD_26;1;1
CORD_ORD_1512;PROD_27;1;1
CORD_ORD_1512;PROD_28;1;1
CORD_ORD_1512;PROD_29;1;1
CORD_ORD_1512;PROD_3;1;1
CORD_ORD_1512;PROD_32;1;1
CORD_ORD_1512;PROD_36;1;1
CORD_ORD_1512;PROD_4;1;1
CORD_ORD_1512;PROD_41;1;1
CORD_ORD_1512;PROD_43;1;1
CORD_ORD_1512;PROD_46;1;1
CORD_ORD_1512;PROD_47;1;1
CORD_ORD_1512;PROD_6;1;1
CORD_ORD_1512;PROD_8;1;1
CORD_ORD_1512;PROD_9;1;1
CORD_ORD_1513;PROD_1;1;1
CORD_ORD_1513;PROD_10;1;1
CORD_ORD_1513;PROD_13;1;1
CORD_ORD_1513;PROD_14;1;1
CORD_ORD_1513;PROD_15;1;1
CORD_ORD_1513;PROD_16;1;1
CORD_ORD_1513;PROD_22;1;1
CORD_ORD_1513;PROD_25;1;1
CORD_ORD_1513;PROD_26;1;1
CORD_ORD_1513;PROD_28;1;1
CORD_ORD_1513;PROD_3;1;1
CORD_ORD_1513;PROD_32;1;1
CORD_ORD_1513;PROD_34;1;1
CORD_ORD_1513;PROD_36;1;1
CORD_ORD_1513;PROD_38;1;1
CORD_ORD_1513;PROD_43;1;1
CORD_ORD_1513;PROD_46;1;1
CORD_ORD_1513;PROD_47;1;1
CORD_ORD_1513;PROD_49;1;1
CORD_ORD_1513;PROD_50;1;1
CORD_ORD_1513;PROD_6;1;1
CORD_ORD_1513;PROD_8;1;1
CORD_ORD_1513;PROD_9;1;1
CORD_ORD_1514;PROD_11;1;1
CORD_ORD_1514;PROD_14;1;1
CORD_ORD_1514;PROD_15;1;1
CORD_ORD_1514;PROD_17;1;1
CORD_ORD_1514;PROD_18;1;1
CORD_ORD_1514;PROD_2;1;1
CORD_ORD_1514;PROD_20;1;1
CORD_ORD_1514;PROD_23;1;1
CORD_ORD_1514;PROD_24;1;1
CORD_ORD_1514;PROD_26;1;1
CORD_ORD_1514;PROD_27;1;1
CORD_ORD_1514;PROD_28;1;1
CORD_ORD_1514;PROD_29;1;1
CORD_ORD_1514;PROD_30;1;1
CORD_ORD_1514;PROD_31;1;1
CORD_ORD_1514;PROD_32;1;1
CORD_ORD_1514;PROD_34;1;1
CORD_ORD_1514;PROD_35;1;1
CORD_ORD_1514;PROD_37;1;1
CORD_ORD_1514;PROD_39;1;1
CORD_ORD_1514;PROD_40;1;1
CORD_ORD_1514;PROD_41;1;1
CORD_ORD_1514;PROD_42;1;1
CORD_ORD_1514;PROD_43;1;1
CORD_ORD_1514;PROD_45;1;1
CORD_ORD_1514;PROD_46;1;1
CORD_ORD_1514;PROD_47;1;1
CORD_ORD_1514;PROD_48;1;1
CORD_ORD_1514;PROD_49;1;1
CORD_ORD_1514;PROD_6;1;1
CORD_ORD_1514;PROD_9;1;1
CORD_ORD_1515;PROD_10;1;1
CORD_ORD_1515;PROD_11;1;1
CORD_ORD_1515;PROD_13;1;1
CORD_ORD_1515;PROD_14;1;1
CORD_ORD_1515;PROD_15;1;1
CORD_ORD_1515;PROD_16;1;1
CORD_ORD_1515;PROD_19;1;1
CORD_ORD_1515;PROD_20;1;1
CORD_ORD_1515;PROD_23;1;1
CORD_ORD_1515;PROD_24;1;1
CORD_ORD_1515;PROD_27;1;1
CORD_ORD_1515;PROD_28;1;1
CORD_ORD_1515;PROD_29;1;1
CORD_ORD_1515;PROD_33;1;1
CORD_ORD_1515;PROD_34;1;1
CORD_ORD_1515;PROD_35;1;1
CORD_ORD_1515;PROD_37;1;1
CORD_ORD_1515;PROD_38;1;1
CORD_ORD_1515;PROD_39;1;1
CORD_ORD_1515;PROD_42;1;1
CORD_ORD_1515;PROD_44;1;1
CORD_ORD_1515;PROD_45;1;1
CORD_ORD_1515;PROD_49;1;1
CORD_ORD_1515;PROD_8;1;1
CORD_ORD_1515;PROD_9;1;1
CORD_ORD_1516;PROD_10;1;1
CORD_ORD_1516;PROD_14;1;1
CORD_ORD_1516;PROD_16;1;1
CORD_ORD_1516;PROD_17;1;1
CORD_ORD_1516;PROD_19;1;1
CORD_ORD_1516;PROD_22;1;1
CORD_ORD_1516;PROD_25;1;1
CORD_ORD_1516;PROD_26;1;1
CORD_ORD_1516;PROD_28;1;1
CORD_ORD_1516;PROD_31;1;1
CORD_ORD_1516;PROD_33;1;1
CORD_ORD_1516;PROD_44;1;1
CORD_ORD_1516;PROD_46;1;1
CORD_ORD_1516;PROD_48;1;1
CORD_ORD_1516;PROD_5;1;1
CORD_ORD_1516;PROD_50;1;1
CORD_ORD_1516;PROD_6;1;1
CORD_ORD_1516;PROD_7;1;1
CORD_ORD_1516;PROD_8;1;1
CORD_ORD_1516;PROD_9;1;1
CORD_ORD_1517;PROD_10;1;1
CORD_ORD_1517;PROD_11;1;1
CORD_ORD_1517;PROD_12;1;1
CORD_ORD_1517;PROD_15;1;1
CORD_ORD_1517;PROD_16;1;1
CORD_ORD_1517;PROD_21;1;1
CORD_ORD_1517;PROD_27;1;1
CORD_ORD_1517;PROD_29;1;1
CORD_ORD_1517;PROD_30;1;1
CORD_ORD_1517;PROD_32;1;1
CORD_ORD_1517;PROD_34;1;1
CORD_ORD_1517;PROD_4;1;1
CORD_ORD_1517;PROD_40;1;1
CORD_ORD_1517;PROD_43;1;1
CORD_ORD_1517;PROD_47;1;1
CORD_ORD_1517;PROD_49;1;1
CORD_ORD_1517;PROD_8;1;1
CORD_ORD_1518;PROD_11;1;1
CORD_ORD_1518;PROD_12;1;1
CORD_ORD_1518;PROD_19;1;1
CORD_ORD_1518;PROD_21;1;1
CORD_ORD_1518;PROD_23;1;1
CORD_ORD_1518;PROD_27;1;1
CORD_ORD_1518;PROD_29;1;1
CORD_ORD_1518;PROD_33;1;1
CORD_ORD_1518;PROD_4;1;1
CORD_ORD_1518;PROD_44;1;1
CORD_ORD_1518;PROD_45;1;1
CORD_ORD_1519;PROD_1;1;1
CORD_ORD_1519;PROD_14;1;1
CORD_ORD_1519;PROD_17;1;1
CORD_ORD_1519;PROD_18;1;1
CORD_ORD_1519;PROD_2;1;1
CORD_ORD_1519;PROD_22;1;1
CORD_ORD_1519;PROD_23;1;1
CORD_ORD_1519;PROD_25;1;1
CORD_ORD_1519;PROD_26;1;1
CORD_ORD_1519;PROD_28;1;1
CORD_ORD_1519;PROD_3;1;1
CORD_ORD_1519;PROD_30;1;1
CORD_ORD_1519;PROD_31;1;1
CORD_ORD_1519;PROD_36;1;1
CORD_ORD_1519;PROD_40;1;1
CORD_ORD_1519;PROD_41;1;1
CORD_ORD_1519;PROD_45;1;1
CORD_ORD_1519;PROD_46;1;1
CORD_ORD_1519;PROD_48;1;1
CORD_ORD_1519;PROD_5;1;1
CORD_ORD_1519;PROD_50;1;1
CORD_ORD_1519;PROD_6;1;1
CORD_ORD_1519;PROD_7;1;1
CORD_ORD_1519;PROD_9;1;1
CORD_ORD_1520;PROD_1;1;1
CORD_ORD_1520;PROD_12;1;1
CORD_ORD_1520;PROD_14;1;1
CORD_ORD_1520;PROD_17;1;1
CORD_ORD_1520;PROD_18;1;1
CORD_ORD_1520;PROD_19;1;1
CORD_ORD_1520;PROD_2;1;1
CORD_ORD_1520;PROD_20;1;1
CORD_ORD_1520;PROD_21;1;1
CORD_ORD_1520;PROD_22;1;1
CORD_ORD_1520;PROD_23;1;1
CORD_ORD_1520;PROD_25;1;1
CORD_ORD_1520;PROD_26;1;1
CORD_ORD_1520;PROD_28;1;1
CORD_ORD_1520;PROD_3;1;1
CORD_ORD_1520;PROD_31;1;1
CORD_ORD_1520;PROD_33;1;1
CORD_ORD_1520;PROD_35;1;1
CORD_ORD_1520;PROD_36;1;1
CORD_ORD_1520;PROD_39;1;1
CORD_ORD_1520;PROD_4;1;1
CORD_ORD_1520;PROD_41;1;1
CORD_ORD_1520;PROD_44;1;1
CORD_ORD_1520;PROD_45;1;1
CORD_ORD_1520;PROD_46;1;1
CORD_ORD_1520;PROD_48;1;1
CORD_ORD_1520;PROD_50;1;1
CORD_ORD_1520;PROD_6;1;1
CORD_ORD_1520;PROD_9;1;1
CORD_ORD_1521;PROD_1;1;1
CORD_ORD_1521;PROD_10;1;1
CORD_ORD_1521;PROD_11;1;1
CORD_ORD_1521;PROD_14;1;1
CORD_ORD_1521;PROD_16;1;1
CORD_ORD_1521;PROD_19;1;1
CORD_ORD_1521;PROD_22;1;1
CORD_ORD_1521;PROD_24;1;1
CORD_ORD_1521;PROD_25;1;1
CORD_ORD_1521;PROD_27;1;1
CORD_ORD_1521;PROD_28;1;1
CORD_ORD_1521;PROD_29;1;1
CORD_ORD_1521;PROD_3;1;1
CORD_ORD_1521;PROD_33;1;1
CORD_ORD_1521;PROD_36;1;1
CORD_ORD_1521;PROD_37;1;1
CORD_ORD_1521;PROD_42;1;1
CORD_ORD_1521;PROD_44;1;1
CORD_ORD_1521;PROD_50;1;1
CORD_ORD_1521;PROD_8;1;1
CORD_ORD_1521;PROD_9;1;1
CORD_ORD_1522;PROD_12;1;1
CORD_ORD_1522;PROD_15;1;1
CORD_ORD_1522;PROD_17;1;1
CORD_ORD_1522;PROD_18;1;1
CORD_ORD_1522;PROD_19;1;1
CORD_ORD_1522;PROD_2;1;1
CORD_ORD_1522;PROD_21;1;1
CORD_ORD_1522;PROD_22;1;1
CORD_ORD_1522;PROD_25;1;1
CORD_ORD_1522;PROD_26;1;1
CORD_ORD_1522;PROD_31;1;1
CORD_ORD_1522;PROD_33;1;1
CORD_ORD_1522;PROD_34;1;1
CORD_ORD_1522;PROD_4;1;1
CORD_ORD_1522;PROD_41;1;1
CORD_ORD_1522;PROD_44;1;1
CORD_ORD_1522;PROD_46;1;1
CORD_ORD_1522;PROD_48;1;1
CORD_ORD_1522;PROD_49;1;1
CORD_ORD_1522;PROD_50;1;1
CORD_ORD_1522;PROD_6;1;1
CORD_ORD_1523;PROD_1;1;1
CORD_ORD_1523;PROD_10;1;1
CORD_ORD_1523;PROD_11;1;1
CORD_ORD_1523;PROD_15;1;1
CORD_ORD_1523;PROD_16;1;1
CORD_ORD_1523;PROD_17;1;1
CORD_ORD_1523;PROD_22;1;1
CORD_ORD_1523;PROD_23;1;1
CORD_ORD_1523;PROD_25;1;1
CORD_ORD_1523;PROD_26;1;1
CORD_ORD_1523;PROD_27;1;1
CORD_ORD_1523;PROD_29;1;1
CORD_ORD_1523;PROD_3;1;1
CORD_ORD_1523;PROD_31;1;1
CORD_ORD_1523;PROD_32;1;1
CORD_ORD_1523;PROD_34;1;1
CORD_ORD_1523;PROD_36;1;1
CORD_ORD_1523;PROD_43;1;1
CORD_ORD_1523;PROD_45;1;1
CORD_ORD_1523;PROD_46;1;1
CORD_ORD_1523;PROD_47;1;1
CORD_ORD_1523;PROD_48;1;1
CORD_ORD_1523;PROD_49;1;1
CORD_ORD_1523;PROD_50;1;1
CORD_ORD_1523;PROD_6;1;1
CORD_ORD_1523;PROD_8;1;1
CORD_ORD_1524;PROD_1;1;1
CORD_ORD_1524;PROD_10;1;1
CORD_ORD_1524;PROD_11;1;1
CORD_ORD_1524;PROD_14;1;1
CORD_ORD_1524;PROD_16;1;1
CORD_ORD_1524;PROD_18;1;1
CORD_ORD_1524;PROD_2;1;1
CORD_ORD_1524;PROD_20;1;1
CORD_ORD_1524;PROD_24;1;1
CORD_ORD_1524;PROD_26;1;1
CORD_ORD_1524;PROD_27;1;1
CORD_ORD_1524;PROD_28;1;1
CORD_ORD_1524;PROD_29;1;1
CORD_ORD_1524;PROD_3;1;1
CORD_ORD_1524;PROD_32;1;1
CORD_ORD_1524;PROD_35;1;1
CORD_ORD_1524;PROD_36;1;1
CORD_ORD_1524;PROD_37;1;1
CORD_ORD_1524;PROD_39;1;1
CORD_ORD_1524;PROD_41;1;1
CORD_ORD_1524;PROD_42;1;1
CORD_ORD_1524;PROD_43;1;1
CORD_ORD_1524;PROD_46;1;1
CORD_ORD_1524;PROD_47;1;1
CORD_ORD_1524;PROD_6;1;1
CORD_ORD_1524;PROD_8;1;1
CORD_ORD_1524;PROD_9;1;1
CORD_ORD_1525;PROD_1;1;1
CORD_ORD_1525;PROD_11;1;1
CORD_ORD_1525;PROD_14;1;1
CORD_ORD_1525;PROD_18;1;1
CORD_ORD_1525;PROD_2;1;1
CORD_ORD_1525;PROD_24;1;1
CORD_ORD_1525;PROD_26;1;1
CORD_ORD_1525;PROD_27;1;1
CORD_ORD_1525;PROD_28;1;1
CORD_ORD_1525;PROD_29;1;1
CORD_ORD_1525;PROD_3;1;1
CORD_ORD_1525;PROD_32;1;1
CORD_ORD_1525;PROD_36;1;1
CORD_ORD_1525;PROD_37;1;1
CORD_ORD_1525;PROD_41;1;1
CORD_ORD_1525;PROD_42;1;1
CORD_ORD_1525;PROD_43;1;1
CORD_ORD_1525;PROD_46;1;1
CORD_ORD_1525;PROD_47;1;1
CORD_ORD_1525;PROD_6;1;1
CORD_ORD_1525;PROD_9;1;1
CORD_ORD_1526;PROD_1;1;1
CORD_ORD_1526;PROD_11;1;1
CORD_ORD_1526;PROD_17;1;1
CORD_ORD_1526;PROD_22;1;1
CORD_ORD_1526;PROD_25;1;1
CORD_ORD_1526;PROD_27;1;1
CORD_ORD_1526;PROD_29;1;1
CORD_ORD_1526;PROD_3;1;1
CORD_ORD_1526;PROD_31;1;1
CORD_ORD_1526;PROD_32;1;1
CORD_ORD_1526;PROD_36;1;1
CORD_ORD_1526;PROD_43;1;1
CORD_ORD_1526;PROD_47;1;1
CORD_ORD_1526;PROD_48;1;1
CORD_ORD_1526;PROD_50;1;1
CORD_ORD_1527;PROD_1;1;1
CORD_ORD_1527;PROD_11;1;1
CORD_ORD_1527;PROD_14;1;1
CORD_ORD_1527;PROD_15;1;1
CORD_ORD_1527;PROD_17;1;1
CORD_ORD_1527;PROD_18;1;1
CORD_ORD_1527;PROD_2;1;1
CORD_ORD_1527;PROD_24;1;1
CORD_ORD_1527;PROD_27;1;1
CORD_ORD_1527;PROD_28;1;1
CORD_ORD_1527;PROD_29;1;1
CORD_ORD_1527;PROD_3;1;1
CORD_ORD_1527;PROD_31;1;1
CORD_ORD_1527;PROD_32;1;1
CORD_ORD_1527;PROD_34;1;1
CORD_ORD_1527;PROD_36;1;1
CORD_ORD_1527;PROD_37;1;1
CORD_ORD_1527;PROD_41;1;1
CORD_ORD_1527;PROD_42;1;1
CORD_ORD_1527;PROD_43;1;1
CORD_ORD_1527;PROD_47;1;1
CORD_ORD_1527;PROD_48;1;1
CORD_ORD_1527;PROD_49;1;1
CORD_ORD_1527;PROD_9;1;1
CORD_ORD_1528;PROD_10;1;1
CORD_ORD_1528;PROD_12;1;1
CORD_ORD_1528;PROD_13;1;1
CORD_ORD_1528;PROD_15;1;1
CORD_ORD_1528;PROD_16;1;1
CORD_ORD_1528;PROD_19;1;1
CORD_ORD_1528;PROD_21;1;1
CORD_ORD_1528;PROD_23;1;1
CORD_ORD_1528;PROD_30;1;1
CORD_ORD_1528;PROD_32;1;1
CORD_ORD_1528;PROD_33;1;1
CORD_ORD_1528;PROD_34;1;1
CORD_ORD_1528;PROD_38;1;1
CORD_ORD_1528;PROD_4;1;1
CORD_ORD_1528;PROD_40;1;1
CORD_ORD_1528;PROD_43;1;1
CORD_ORD_1528;PROD_44;1;1
CORD_ORD_1528;PROD_45;1;1
CORD_ORD_1528;PROD_47;1;1
CORD_ORD_1528;PROD_49;1;1
CORD_ORD_1528;PROD_5;1;1
CORD_ORD_1528;PROD_7;1;1
CORD_ORD_1528;PROD_8;1;1
CORD_ORD_1529;PROD_10;1;1
CORD_ORD_1529;PROD_13;1;1
CORD_ORD_1529;PROD_14;1;1
CORD_ORD_1529;PROD_15;1;1
CORD_ORD_1529;PROD_16;1;1
CORD_ORD_1529;PROD_18;1;1
CORD_ORD_1529;PROD_2;1;1
CORD_ORD_1529;PROD_24;1;1
CORD_ORD_1529;PROD_26;1;1
CORD_ORD_1529;PROD_28;1;1
CORD_ORD_1529;PROD_34;1;1
CORD_ORD_1529;PROD_37;1;1
CORD_ORD_1529;PROD_38;1;1
CORD_ORD_1529;PROD_41;1;1
CORD_ORD_1529;PROD_42;1;1
CORD_ORD_1529;PROD_46;1;1
CORD_ORD_1529;PROD_49;1;1
CORD_ORD_1529;PROD_6;1;1
CORD_ORD_1529;PROD_8;1;1
CORD_ORD_1529;PROD_9;1;1
CORD_ORD_1530;PROD_10;1;1
CORD_ORD_1530;PROD_12;1;1
CORD_ORD_1530;PROD_13;1;1
CORD_ORD_1530;PROD_16;1;1
CORD_ORD_1530;PROD_17;1;1
CORD_ORD_1530;PROD_19;1;1
CORD_ORD_1530;PROD_21;1;1
CORD_ORD_1530;PROD_31;1;1
CORD_ORD_1530;PROD_33;1;1
CORD_ORD_1530;PROD_38;1;1
CORD_ORD_1530;PROD_4;1;1
CORD_ORD_1530;PROD_44;1;1
CORD_ORD_1530;PROD_48;1;1
CORD_ORD_1530;PROD_8;1;1
CORD_ORD_1531;PROD_10;1;1
CORD_ORD_1531;PROD_16;1;1
CORD_ORD_1531;PROD_20;1;1
CORD_ORD_1531;PROD_22;1;1
CORD_ORD_1531;PROD_23;1;1
CORD_ORD_1531;PROD_24;1;1
CORD_ORD_1531;PROD_25;1;1
CORD_ORD_1531;PROD_30;1;1
CORD_ORD_1531;PROD_35;1;1
CORD_ORD_1531;PROD_37;1;1
CORD_ORD_1531;PROD_39;1;1
CORD_ORD_1531;PROD_40;1;1
CORD_ORD_1531;PROD_42;1;1
CORD_ORD_1531;PROD_45;1;1
CORD_ORD_1531;PROD_50;1;1
CORD_ORD_1531;PROD_8;1;1
CORD_ORD_1532;PROD_1;1;1
CORD_ORD_1532;PROD_17;1;1
CORD_ORD_1532;PROD_18;1;1
CORD_ORD_1532;PROD_2;1;1
CORD_ORD_1532;PROD_20;1;1
CORD_ORD_1532;PROD_24;1;1
CORD_ORD_1532;PROD_3;1;1
CORD_ORD_1532;PROD_31;1;1
CORD_ORD_1532;PROD_35;1;1
CORD_ORD_1532;PROD_36;1;1
CORD_ORD_1532;PROD_37;1;1
CORD_ORD_1532;PROD_39;1;1
CORD_ORD_1532;PROD_41;1;1
CORD_ORD_1532;PROD_42;1;1
CORD_ORD_1532;PROD_48;1;1
CORD_ORD_1533;PROD_10;1;1
CORD_ORD_1533;PROD_11;1;1
CORD_ORD_1533;PROD_14;1;1
CORD_ORD_1533;PROD_16;1;1
CORD_ORD_1533;PROD_19;1;1
CORD_ORD_1533;PROD_20;1;1
CORD_ORD_1533;PROD_22;1;1
CORD_ORD_1533;PROD_25;1;1
CORD_ORD_1533;PROD_27;1;1
CORD_ORD_1533;PROD_28;1;1
CORD_ORD_1533;PROD_29;1;1
CORD_ORD_1533;PROD_33;1;1
CORD_ORD_1533;PROD_35;1;1
CORD_ORD_1533;PROD_39;1;1
CORD_ORD_1533;PROD_44;1;1
CORD_ORD_1533;PROD_50;1;1
CORD_ORD_1533;PROD_8;1;1
CORD_ORD_1533;PROD_9;1;1
CORD_ORD_1534;PROD_11;1;1
CORD_ORD_1534;PROD_15;1;1
CORD_ORD_1534;PROD_18;1;1
CORD_ORD_1534;PROD_2;1;1
CORD_ORD_1534;PROD_27;1;1
CORD_ORD_1534;PROD_29;1;1
CORD_ORD_1534;PROD_30;1;1
CORD_ORD_1534;PROD_34;1;1
CORD_ORD_1534;PROD_40;1;1
CORD_ORD_1534;PROD_41;1;1
CORD_ORD_1534;PROD_49;1;1
CORD_ORD_1534;PROD_5;1;1
CORD_ORD_1534;PROD_7;1;1
CORD_ORD_1535;PROD_1;1;1
CORD_ORD_1535;PROD_10;1;1
CORD_ORD_1535;PROD_12;1;1
CORD_ORD_1535;PROD_13;1;1
CORD_ORD_1535;PROD_15;1;1
CORD_ORD_1535;PROD_16;1;1
CORD_ORD_1535;PROD_18;1;1
CORD_ORD_1535;PROD_2;1;1
CORD_ORD_1535;PROD_21;1;1
CORD_ORD_1535;PROD_24;1;1
CORD_ORD_1535;PROD_26;1;1
CORD_ORD_1535;PROD_3;1;1
CORD_ORD_1535;PROD_34;1;1
CORD_ORD_1535;PROD_36;1;1
CORD_ORD_1535;PROD_37;1;1
CORD_ORD_1535;PROD_38;1;1
CORD_ORD_1535;PROD_4;1;1
CORD_ORD_1535;PROD_41;1;1
CORD_ORD_1535;PROD_42;1;1
CORD_ORD_1535;PROD_46;1;1
CORD_ORD_1535;PROD_49;1;1
CORD_ORD_1535;PROD_6;1;1
CORD_ORD_1535;PROD_8;1;1
CORD_ORD_1536;PROD_14;1;1
CORD_ORD_1536;PROD_18;1;1
CORD_ORD_1536;PROD_2;1;1
CORD_ORD_1536;PROD_22;1;1
CORD_ORD_1536;PROD_25;1;1
CORD_ORD_1536;PROD_28;1;1
CORD_ORD_1536;PROD_32;1;1
CORD_ORD_1536;PROD_41;1;1
CORD_ORD_1536;PROD_43;1;1
CORD_ORD_1536;PROD_47;1;1
CORD_ORD_1536;PROD_50;1;1
CORD_ORD_1536;PROD_9;1;1
CORD_ORD_1537;PROD_11;1;1
CORD_ORD_1537;PROD_14;1;1
CORD_ORD_1537;PROD_17;1;1
CORD_ORD_1537;PROD_18;1;1
CORD_ORD_1537;PROD_2;1;1
CORD_ORD_1537;PROD_26;1;1
CORD_ORD_1537;PROD_27;1;1
CORD_ORD_1537;PROD_28;1;1
CORD_ORD_1537;PROD_29;1;1
CORD_ORD_1537;PROD_31;1;1
CORD_ORD_1537;PROD_32;1;1
CORD_ORD_1537;PROD_41;1;1
CORD_ORD_1537;PROD_43;1;1
CORD_ORD_1537;PROD_46;1;1
CORD_ORD_1537;PROD_47;1;1
CORD_ORD_1537;PROD_48;1;1
CORD_ORD_1537;PROD_6;1;1
CORD_ORD_1537;PROD_9;1;1
CORD_ORD_1538;PROD_10;1;1
CORD_ORD_1538;PROD_15;1;1
CORD_ORD_1538;PROD_16;1;1
CORD_ORD_1538;PROD_17;1;1
CORD_ORD_1538;PROD_22;1;1
CORD_ORD_1538;PROD_25;1;1
CORD_ORD_1538;PROD_26;1;1
CORD_ORD_1538;PROD_31;1;1
CORD_ORD_1538;PROD_34;1;1
CORD_ORD_1538;PROD_46;1;1
CORD_ORD_1538;PROD_48;1;1
CORD_ORD_1538;PROD_49;1;1
CORD_ORD_1538;PROD_5;1;1
CORD_ORD_1538;PROD_50;1;1
CORD_ORD_1538;PROD_6;1;1
CORD_ORD_1538;PROD_7;1;1
CORD_ORD_1538;PROD_8;1;1
CORD_ORD_1539;PROD_1;1;1
CORD_ORD_1539;PROD_10;1;1
CORD_ORD_1539;PROD_11;1;1
CORD_ORD_1539;PROD_14;1;1
CORD_ORD_1539;PROD_16;1;1
CORD_ORD_1539;PROD_19;1;1
CORD_ORD_1539;PROD_23;1;1
CORD_ORD_1539;PROD_24;1;1
CORD_ORD_1539;PROD_26;1;1
CORD_ORD_1539;PROD_27;1;1
CORD_ORD_1539;PROD_28;1;1
CORD_ORD_1539;PROD_29;1;1
CORD_ORD_1539;PROD_3;1;1
CORD_ORD_1539;PROD_33;1;1
CORD_ORD_1539;PROD_36;1;1
CORD_ORD_1539;PROD_37;1;1
CORD_ORD_1539;PROD_42;1;1
CORD_ORD_1539;PROD_44;1;1
CORD_ORD_1539;PROD_45;1;1
CORD_ORD_1539;PROD_46;1;1
CORD_ORD_1539;PROD_6;1;1
CORD_ORD_1539;PROD_8;1;1
CORD_ORD_1539;PROD_9;1;1
CORD_ORD_1540;PROD_10;1;1
CORD_ORD_1540;PROD_12;1;1
CORD_ORD_1540;PROD_16;1;1
CORD_ORD_1540;PROD_18;1;1
CORD_ORD_1540;PROD_19;1;1
CORD_ORD_1540;PROD_2;1;1
CORD_ORD_1540;PROD_21;1;1
CORD_ORD_1540;PROD_22;1;1
CORD_ORD_1540;PROD_23;1;1
CORD_ORD_1540;PROD_25;1;1
CORD_ORD_1540;PROD_32;1;1
CORD_ORD_1540;PROD_33;1;1
CORD_ORD_1540;PROD_4;1;1
CORD_ORD_1540;PROD_41;1;1
CORD_ORD_1540;PROD_43;1;1
CORD_ORD_1540;PROD_44;1;1
CORD_ORD_1540;PROD_45;1;1
CORD_ORD_1540;PROD_47;1;1
CORD_ORD_1540;PROD_50;1;1
CORD_ORD_1540;PROD_8;1;1
CORD_ORD_1541;PROD_11;1;1
CORD_ORD_1541;PROD_14;1;1
CORD_ORD_1541;PROD_19;1;1
CORD_ORD_1541;PROD_20;1;1
CORD_ORD_1541;PROD_22;1;1
CORD_ORD_1541;PROD_25;1;1
CORD_ORD_1541;PROD_26;1;1
CORD_ORD_1541;PROD_27;1;1
CORD_ORD_1541;PROD_28;1;1
CORD_ORD_1541;PROD_29;1;1
CORD_ORD_1541;PROD_33;1;1
CORD_ORD_1541;PROD_35;1;1
CORD_ORD_1541;PROD_39;1;1
CORD_ORD_1541;PROD_44;1;1
CORD_ORD_1541;PROD_46;1;1
CORD_ORD_1541;PROD_5;1;1
CORD_ORD_1541;PROD_50;1;1
CORD_ORD_1541;PROD_6;1;1
CORD_ORD_1541;PROD_7;1;1
CORD_ORD_1541;PROD_9;1;1
CORD_ORD_1542;PROD_10;1;1
CORD_ORD_1542;PROD_11;1;1
CORD_ORD_1542;PROD_12;1;1
CORD_ORD_1542;PROD_13;1;1
CORD_ORD_1542;PROD_14;1;1
CORD_ORD_1542;PROD_15;1;1
CORD_ORD_1542;PROD_16;1;1
CORD_ORD_1542;PROD_18;1;1
CORD_ORD_1542;PROD_19;1;1
CORD_ORD_1542;PROD_2;1;1
CORD_ORD_1542;PROD_21;1;1
CORD_ORD_1542;PROD_22;1;1
CORD_ORD_1542;PROD_24;1;1
CORD_ORD_1542;PROD_25;1;1
CORD_ORD_1542;PROD_27;1;1
CORD_ORD_1542;PROD_28;1;1
CORD_ORD_1542;PROD_29;1;1
CORD_ORD_1542;PROD_33;1;1
CORD_ORD_1542;PROD_34;1;1
CORD_ORD_1542;PROD_37;1;1
CORD_ORD_1542;PROD_38;1;1
CORD_ORD_1542;PROD_4;1;1
CORD_ORD_1542;PROD_41;1;1
CORD_ORD_1542;PROD_42;1;1
CORD_ORD_1542;PROD_44;1;1
CORD_ORD_1542;PROD_49;1;1
CORD_ORD_1542;PROD_50;1;1
CORD_ORD_1542;PROD_8;1;1
CORD_ORD_1542;PROD_9;1;1
CORD_ORD_1543;PROD_10;1;1
CORD_ORD_1543;PROD_11;1;1
CORD_ORD_1543;PROD_16;1;1
CORD_ORD_1543;PROD_17;1;1
CORD_ORD_1543;PROD_19;1;1
CORD_ORD_1543;PROD_20;1;1
CORD_ORD_1543;PROD_22;1;1
CORD_ORD_1543;PROD_25;1;1
CORD_ORD_1543;PROD_27;1;1
CORD_ORD_1543;PROD_29;1;1
CORD_ORD_1543;PROD_30;1;1
CORD_ORD_1543;PROD_31;1;1
CORD_ORD_1543;PROD_33;1;1
CORD_ORD_1543;PROD_35;1;1
CORD_ORD_1543;PROD_39;1;1
CORD_ORD_1543;PROD_40;1;1
CORD_ORD_1543;PROD_44;1;1
CORD_ORD_1543;PROD_48;1;1
CORD_ORD_1543;PROD_50;1;1
CORD_ORD_1543;PROD_8;1;1
CORD_ORD_1544;PROD_1;1;1
CORD_ORD_1544;PROD_11;1;1
CORD_ORD_1544;PROD_17;1;1
CORD_ORD_1544;PROD_22;1;1
CORD_ORD_1544;PROD_25;1;1
CORD_ORD_1544;PROD_27;1;1
CORD_ORD_1544;PROD_29;1;1
CORD_ORD_1544;PROD_3;1;1
CORD_ORD_1544;PROD_31;1;1
CORD_ORD_1544;PROD_32;1;1
CORD_ORD_1544;PROD_36;1;1
CORD_ORD_1544;PROD_43;1;1
CORD_ORD_1544;PROD_47;1;1
CORD_ORD_1544;PROD_48;1;1
CORD_ORD_1544;PROD_50;1;1
CORD_ORD_1545;PROD_11;1;1
CORD_ORD_1545;PROD_17;1;1
CORD_ORD_1545;PROD_19;1;1
CORD_ORD_1545;PROD_23;1;1
CORD_ORD_1545;PROD_27;1;1
CORD_ORD_1545;PROD_29;1;1
CORD_ORD_1545;PROD_31;1;1
CORD_ORD_1545;PROD_32;1;1
CORD_ORD_1545;PROD_33;1;1
CORD_ORD_1545;PROD_43;1;1
CORD_ORD_1545;PROD_44;1;1
CORD_ORD_1545;PROD_45;1;1
CORD_ORD_1545;PROD_47;1;1
CORD_ORD_1545;PROD_48;1;1
CORD_ORD_1546;PROD_12;1;1
CORD_ORD_1546;PROD_14;1;1
CORD_ORD_1546;PROD_15;1;1
CORD_ORD_1546;PROD_19;1;1
CORD_ORD_1546;PROD_20;1;1
CORD_ORD_1546;PROD_21;1;1
CORD_ORD_1546;PROD_24;1;1
CORD_ORD_1546;PROD_28;1;1
CORD_ORD_1546;PROD_30;1;1
CORD_ORD_1546;PROD_33;1;1
CORD_ORD_1546;PROD_34;1;1
CORD_ORD_1546;PROD_35;1;1
CORD_ORD_1546;PROD_37;1;1
CORD_ORD_1546;PROD_39;1;1
CORD_ORD_1546;PROD_4;1;1
CORD_ORD_1546;PROD_40;1;1
CORD_ORD_1546;PROD_42;1;1
CORD_ORD_1546;PROD_44;1;1
CORD_ORD_1546;PROD_49;1;1
CORD_ORD_1546;PROD_5;1;1
CORD_ORD_1546;PROD_7;1;1
CORD_ORD_1546;PROD_9;1;1
CORD_ORD_1547;PROD_10;1;1
CORD_ORD_1547;PROD_16;1;1
CORD_ORD_1547;PROD_17;1;1
CORD_ORD_1547;PROD_18;1;1
CORD_ORD_1547;PROD_2;1;1
CORD_ORD_1547;PROD_24;1;1
CORD_ORD_1547;PROD_31;1;1
CORD_ORD_1547;PROD_37;1;1
CORD_ORD_1547;PROD_41;1;1
CORD_ORD_1547;PROD_42;1;1
CORD_ORD_1547;PROD_48;1;1
CORD_ORD_1547;PROD_8;1;1
CORD_ORD_1548;PROD_10;1;1
CORD_ORD_1548;PROD_11;1;1
CORD_ORD_1548;PROD_16;1;1
CORD_ORD_1548;PROD_24;1;1
CORD_ORD_1548;PROD_27;1;1
CORD_ORD_1548;PROD_29;1;1
CORD_ORD_1548;PROD_37;1;1
CORD_ORD_1548;PROD_42;1;1
CORD_ORD_1548;PROD_8;1;1
CORD_ORD_1549;PROD_1;1;1
CORD_ORD_1549;PROD_11;1;1
CORD_ORD_1549;PROD_17;1;1
CORD_ORD_1549;PROD_23;1;1
CORD_ORD_1549;PROD_27;1;1
CORD_ORD_1549;PROD_29;1;1
CORD_ORD_1549;PROD_3;1;1
CORD_ORD_1549;PROD_31;1;1
CORD_ORD_1549;PROD_32;1;1
CORD_ORD_1549;PROD_36;1;1
CORD_ORD_1549;PROD_43;1;1
CORD_ORD_1549;PROD_45;1;1
CORD_ORD_1549;PROD_47;1;1
CORD_ORD_1549;PROD_48;1;1
CORD_ORD_1550;PROD_11;1;1
CORD_ORD_1550;PROD_12;1;1
CORD_ORD_1550;PROD_13;1;1
CORD_ORD_1550;PROD_18;1;1
CORD_ORD_1550;PROD_19;1;1
CORD_ORD_1550;PROD_2;1;1
CORD_ORD_1550;PROD_21;1;1
CORD_ORD_1550;PROD_23;1;1
CORD_ORD_1550;PROD_27;1;1
CORD_ORD_1550;PROD_29;1;1
CORD_ORD_1550;PROD_33;1;1
CORD_ORD_1550;PROD_38;1;1
CORD_ORD_1550;PROD_4;1;1
CORD_ORD_1550;PROD_41;1;1
CORD_ORD_1550;PROD_44;1;1
CORD_ORD_1550;PROD_45;1;1
CORD_ORD_1551;PROD_15;1;1
CORD_ORD_1551;PROD_17;1;1
CORD_ORD_1551;PROD_19;1;1
CORD_ORD_1551;PROD_22;1;1
CORD_ORD_1551;PROD_23;1;1
CORD_ORD_1551;PROD_24;1;1
CORD_ORD_1551;PROD_25;1;1
CORD_ORD_1551;PROD_26;1;1
CORD_ORD_1551;PROD_31;1;1
CORD_ORD_1551;PROD_33;1;1
CORD_ORD_1551;PROD_34;1;1
CORD_ORD_1551;PROD_37;1;1
CORD_ORD_1551;PROD_42;1;1
CORD_ORD_1551;PROD_44;1;1
CORD_ORD_1551;PROD_45;1;1
CORD_ORD_1551;PROD_46;1;1
CORD_ORD_1551;PROD_48;1;1
CORD_ORD_1551;PROD_49;1;1
CORD_ORD_1551;PROD_50;1;1
CORD_ORD_1551;PROD_6;1;1
CORD_ORD_1552;PROD_11;1;1
CORD_ORD_1552;PROD_12;1;1
CORD_ORD_1552;PROD_13;1;1
CORD_ORD_1552;PROD_17;1;1
CORD_ORD_1552;PROD_21;1;1
CORD_ORD_1552;PROD_27;1;1
CORD_ORD_1552;PROD_29;1;1
CORD_ORD_1552;PROD_31;1;1
CORD_ORD_1552;PROD_32;1;1
CORD_ORD_1552;PROD_38;1;1
CORD_ORD_1552;PROD_4;1;1
CORD_ORD_1552;PROD_43;1;1
CORD_ORD_1552;PROD_47;1;1
CORD_ORD_1552;PROD_48;1;1
CORD_ORD_1553;PROD_1;1;1
CORD_ORD_1553;PROD_10;1;1
CORD_ORD_1553;PROD_11;1;1
CORD_ORD_1553;PROD_12;1;1
CORD_ORD_1553;PROD_13;1;1
CORD_ORD_1553;PROD_16;1;1
CORD_ORD_1553;PROD_18;1;1
CORD_ORD_1553;PROD_19;1;1
CORD_ORD_1553;PROD_2;1;1
CORD_ORD_1553;PROD_21;1;1
CORD_ORD_1553;PROD_24;1;1
CORD_ORD_1553;PROD_26;1;1
CORD_ORD_1553;PROD_27;1;1
CORD_ORD_1553;PROD_29;1;1
CORD_ORD_1553;PROD_3;1;1
CORD_ORD_1553;PROD_33;1;1
CORD_ORD_1553;PROD_36;1;1
CORD_ORD_1553;PROD_37;1;1
CORD_ORD_1553;PROD_38;1;1
CORD_ORD_1553;PROD_4;1;1
CORD_ORD_1553;PROD_41;1;1
CORD_ORD_1553;PROD_42;1;1
CORD_ORD_1553;PROD_44;1;1
CORD_ORD_1553;PROD_46;1;1
CORD_ORD_1553;PROD_6;1;1
CORD_ORD_1553;PROD_8;1;1
CORD_ORD_1554;PROD_1;1;1
CORD_ORD_1554;PROD_10;1;1
CORD_ORD_1554;PROD_16;1;1
CORD_ORD_1554;PROD_18;1;1
CORD_ORD_1554;PROD_2;1;1
CORD_ORD_1554;PROD_20;1;1
CORD_ORD_1554;PROD_24;1;1
CORD_ORD_1554;PROD_26;1;1
CORD_ORD_1554;PROD_3;1;1
CORD_ORD_1554;PROD_35;1;1
CORD_ORD_1554;PROD_36;1;1
CORD_ORD_1554;PROD_37;1;1
CORD_ORD_1554;PROD_39;1;1
CORD_ORD_1554;PROD_41;1;1
CORD_ORD_1554;PROD_42;1;1
CORD_ORD_1554;PROD_46;1;1
CORD_ORD_1554;PROD_6;1;1
CORD_ORD_1554;PROD_8;1;1
CORD_ORD_1555;PROD_11;1;1
CORD_ORD_1555;PROD_15;1;1
CORD_ORD_1555;PROD_17;1;1
CORD_ORD_1555;PROD_24;1;1
CORD_ORD_1555;PROD_27;1;1
CORD_ORD_1555;PROD_29;1;1
CORD_ORD_1555;PROD_31;1;1
CORD_ORD_1555;PROD_32;1;1
CORD_ORD_1555;PROD_34;1;1
CORD_ORD_1555;PROD_37;1;1
CORD_ORD_1555;PROD_42;1;1
CORD_ORD_1555;PROD_43;1;1
CORD_ORD_1555;PROD_47;1;1
CORD_ORD_1555;PROD_48;1;1
CORD_ORD_1555;PROD_49;1;1
CORD_ORD_1556;PROD_1;1;1
CORD_ORD_1556;PROD_10;1;1
CORD_ORD_1556;PROD_12;1;1
CORD_ORD_1556;PROD_16;1;1
CORD_ORD_1556;PROD_21;1;1
CORD_ORD_1556;PROD_22;1;1
CORD_ORD_1556;PROD_23;1;1
CORD_ORD_1556;PROD_24;1;1
CORD_ORD_1556;PROD_25;1;1
CORD_ORD_1556;PROD_3;1;1
CORD_ORD_1556;PROD_32;1;1
CORD_ORD_1556;PROD_36;1;1
CORD_ORD_1556;PROD_37;1;1
CORD_ORD_1556;PROD_4;1;1
CORD_ORD_1556;PROD_42;1;1
CORD_ORD_1556;PROD_43;1;1
CORD_ORD_1556;PROD_45;1;1
CORD_ORD_1556;PROD_47;1;1
CORD_ORD_1556;PROD_50;1;1
CORD_ORD_1556;PROD_8;1;1
CORD_ORD_1557;PROD_17;1;1
CORD_ORD_1557;PROD_19;1;1
CORD_ORD_1557;PROD_24;1;1
CORD_ORD_1557;PROD_31;1;1
CORD_ORD_1557;PROD_33;1;1
CORD_ORD_1557;PROD_37;1;1
CORD_ORD_1557;PROD_42;1;1
CORD_ORD_1557;PROD_44;1;1
CORD_ORD_1557;PROD_48;1;1
CORD_ORD_1558;PROD_11;1;1
CORD_ORD_1558;PROD_15;1;1
CORD_ORD_1558;PROD_17;1;1
CORD_ORD_1558;PROD_22;1;1
CORD_ORD_1558;PROD_25;1;1
CORD_ORD_1558;PROD_26;1;1
CORD_ORD_1558;PROD_27;1;1
CORD_ORD_1558;PROD_29;1;1
CORD_ORD_1558;PROD_31;1;1
CORD_ORD_1558;PROD_32;1;1
CORD_ORD_1558;PROD_34;1;1
CORD_ORD_1558;PROD_43;1;1
CORD_ORD_1558;PROD_46;1;1
CORD_ORD_1558;PROD_47;1;1
CORD_ORD_1558;PROD_48;1;1
CORD_ORD_1558;PROD_49;1;1
CORD_ORD_1558;PROD_50;1;1
CORD_ORD_1558;PROD_6;1;1
CORD_ORD_1559;PROD_1;1;1
CORD_ORD_1559;PROD_12;1;1
CORD_ORD_1559;PROD_13;1;1
CORD_ORD_1559;PROD_15;1;1
CORD_ORD_1559;PROD_17;1;1
CORD_ORD_1559;PROD_18;1;1
CORD_ORD_1559;PROD_2;1;1
CORD_ORD_1559;PROD_20;1;1
CORD_ORD_1559;PROD_21;1;1
CORD_ORD_1559;PROD_22;1;1
CORD_ORD_1559;PROD_25;1;1
CORD_ORD_1559;PROD_3;1;1
CORD_ORD_1559;PROD_31;1;1
CORD_ORD_1559;PROD_34;1;1
CORD_ORD_1559;PROD_35;1;1
CORD_ORD_1559;PROD_36;1;1
CORD_ORD_1559;PROD_38;1;1
CORD_ORD_1559;PROD_39;1;1
CORD_ORD_1559;PROD_4;1;1
CORD_ORD_1559;PROD_41;1;1
CORD_ORD_1559;PROD_48;1;1
CORD_ORD_1559;PROD_49;1;1
CORD_ORD_1559;PROD_50;1;1
CORD_ORD_1560;PROD_1;1;1
CORD_ORD_1560;PROD_10;1;1
CORD_ORD_1560;PROD_11;1;1
CORD_ORD_1560;PROD_16;1;1
CORD_ORD_1560;PROD_17;1;1
CORD_ORD_1560;PROD_18;1;1
CORD_ORD_1560;PROD_19;1;1
CORD_ORD_1560;PROD_2;1;1
CORD_ORD_1560;PROD_22;1;1
CORD_ORD_1560;PROD_25;1;1
CORD_ORD_1560;PROD_27;1;1
CORD_ORD_1560;PROD_29;1;1
CORD_ORD_1560;PROD_3;1;1
CORD_ORD_1560;PROD_31;1;1
CORD_ORD_1560;PROD_32;1;1
CORD_ORD_1560;PROD_33;1;1
CORD_ORD_1560;PROD_36;1;1
CORD_ORD_1560;PROD_41;1;1
CORD_ORD_1560;PROD_43;1;1
CORD_ORD_1560;PROD_44;1;1
CORD_ORD_1560;PROD_47;1;1
CORD_ORD_1560;PROD_48;1;1
CORD_ORD_1560;PROD_50;1;1
CORD_ORD_1560;PROD_8;1;1
CORD_ORD_1561;PROD_1;1;1
CORD_ORD_1561;PROD_10;1;1
CORD_ORD_1561;PROD_11;1;1
CORD_ORD_1561;PROD_14;1;1
CORD_ORD_1561;PROD_16;1;1
CORD_ORD_1561;PROD_17;1;1
CORD_ORD_1561;PROD_18;1;1
CORD_ORD_1561;PROD_2;1;1
CORD_ORD_1561;PROD_20;1;1
CORD_ORD_1561;PROD_26;1;1
CORD_ORD_1561;PROD_27;1;1
CORD_ORD_1561;PROD_28;1;1
CORD_ORD_1561;PROD_29;1;1
CORD_ORD_1561;PROD_3;1;1
CORD_ORD_1561;PROD_31;1;1
CORD_ORD_1561;PROD_32;1;1
CORD_ORD_1561;PROD_35;1;1
CORD_ORD_1561;PROD_36;1;1
CORD_ORD_1561;PROD_39;1;1
CORD_ORD_1561;PROD_41;1;1
CORD_ORD_1561;PROD_43;1;1
CORD_ORD_1561;PROD_46;1;1
CORD_ORD_1561;PROD_47;1;1
CORD_ORD_1561;PROD_48;1;1
CORD_ORD_1561;PROD_6;1;1
CORD_ORD_1561;PROD_8;1;1
CORD_ORD_1561;PROD_9;1;1
CORD_ORD_1562;PROD_10;1;1
CORD_ORD_1562;PROD_12;1;1
CORD_ORD_1562;PROD_16;1;1
CORD_ORD_1562;PROD_21;1;1
CORD_ORD_1562;PROD_22;1;1
CORD_ORD_1562;PROD_24;1;1
CORD_ORD_1562;PROD_25;1;1
CORD_ORD_1562;PROD_26;1;1
CORD_ORD_1562;PROD_37;1;1
CORD_ORD_1562;PROD_4;1;1
CORD_ORD_1562;PROD_42;1;1
CORD_ORD_1562;PROD_46;1;1
CORD_ORD_1562;PROD_5;1;1
CORD_ORD_1562;PROD_50;1;1
CORD_ORD_1562;PROD_6;1;1
CORD_ORD_1562;PROD_7;1;1
CORD_ORD_1562;PROD_8;1;1
CORD_ORD_1563;PROD_10;1;1
CORD_ORD_1563;PROD_12;1;1
CORD_ORD_1563;PROD_13;1;1
CORD_ORD_1563;PROD_14;1;1
CORD_ORD_1563;PROD_15;1;1
CORD_ORD_1563;PROD_16;1;1
CORD_ORD_1563;PROD_21;1;1
CORD_ORD_1563;PROD_28;1;1
CORD_ORD_1563;PROD_34;1;1
CORD_ORD_1563;PROD_38;1;1
CORD_ORD_1563;PROD_4;1;1
CORD_ORD_1563;PROD_49;1;1
CORD_ORD_1563;PROD_8;1;1
CORD_ORD_1563;PROD_9;1;1
CORD_ORD_1564;PROD_1;1;1
CORD_ORD_1564;PROD_10;1;1
CORD_ORD_1564;PROD_11;1;1
CORD_ORD_1564;PROD_16;1;1
CORD_ORD_1564;PROD_19;1;1
CORD_ORD_1564;PROD_22;1;1
CORD_ORD_1564;PROD_25;1;1
CORD_ORD_1564;PROD_27;1;1
CORD_ORD_1564;PROD_29;1;1
CORD_ORD_1564;PROD_3;1;1
CORD_ORD_1564;PROD_33;1;1
CORD_ORD_1564;PROD_36;1;1
CORD_ORD_1564;PROD_44;1;1
CORD_ORD_1564;PROD_50;1;1
CORD_ORD_1564;PROD_8;1;1
CORD_ORD_1565;PROD_1;1;1
CORD_ORD_1565;PROD_11;1;1
CORD_ORD_1565;PROD_12;1;1
CORD_ORD_1565;PROD_13;1;1
CORD_ORD_1565;PROD_14;1;1
CORD_ORD_1565;PROD_18;1;1
CORD_ORD_1565;PROD_2;1;1
CORD_ORD_1565;PROD_21;1;1
CORD_ORD_1565;PROD_27;1;1
CORD_ORD_1565;PROD_28;1;1
CORD_ORD_1565;PROD_29;1;1
CORD_ORD_1565;PROD_3;1;1
CORD_ORD_1565;PROD_32;1;1
CORD_ORD_1565;PROD_36;1;1
CORD_ORD_1565;PROD_38;1;1
CORD_ORD_1565;PROD_4;1;1
CORD_ORD_1565;PROD_41;1;1
CORD_ORD_1565;PROD_43;1;1
CORD_ORD_1565;PROD_47;1;1
CORD_ORD_1565;PROD_9;1;1
CORD_ORD_1566;PROD_1;1;1
CORD_ORD_1566;PROD_10;1;1
CORD_ORD_1566;PROD_11;1;1
CORD_ORD_1566;PROD_16;1;1
CORD_ORD_1566;PROD_19;1;1
CORD_ORD_1566;PROD_20;1;1
CORD_ORD_1566;PROD_23;1;1
CORD_ORD_1566;PROD_27;1;1
CORD_ORD_1566;PROD_29;1;1
CORD_ORD_1566;PROD_3;1;1
CORD_ORD_1566;PROD_33;1;1
CORD_ORD_1566;PROD_35;1;1
CORD_ORD_1566;PROD_36;1;1
CORD_ORD_1566;PROD_39;1;1
CORD_ORD_1566;PROD_44;1;1
CORD_ORD_1566;PROD_45;1;1
CORD_ORD_1566;PROD_8;1;1
CORD_ORD_1567;PROD_10;1;1
CORD_ORD_1567;PROD_14;1;1
CORD_ORD_1567;PROD_16;1;1
CORD_ORD_1567;PROD_17;1;1
CORD_ORD_1567;PROD_18;1;1
CORD_ORD_1567;PROD_2;1;1
CORD_ORD_1567;PROD_26;1;1
CORD_ORD_1567;PROD_28;1;1
CORD_ORD_1567;PROD_31;1;1
CORD_ORD_1567;PROD_41;1;1
CORD_ORD_1567;PROD_46;1;1
CORD_ORD_1567;PROD_48;1;1
CORD_ORD_1567;PROD_6;1;1
CORD_ORD_1567;PROD_8;1;1
CORD_ORD_1567;PROD_9;1;1
CORD_ORD_1568;PROD_10;1;1
CORD_ORD_1568;PROD_11;1;1
CORD_ORD_1568;PROD_12;1;1
CORD_ORD_1568;PROD_14;1;1
CORD_ORD_1568;PROD_16;1;1
CORD_ORD_1568;PROD_17;1;1
CORD_ORD_1568;PROD_19;1;1
CORD_ORD_1568;PROD_20;1;1
CORD_ORD_1568;PROD_21;1;1
CORD_ORD_1568;PROD_27;1;1
CORD_ORD_1568;PROD_28;1;1
CORD_ORD_1568;PROD_29;1;1
CORD_ORD_1568;PROD_31;1;1
CORD_ORD_1568;PROD_33;1;1
CORD_ORD_1568;PROD_35;1;1
CORD_ORD_1568;PROD_39;1;1
CORD_ORD_1568;PROD_4;1;1
CORD_ORD_1568;PROD_44;1;1
CORD_ORD_1568;PROD_48;1;1
CORD_ORD_1568;PROD_5;1;1
CORD_ORD_1568;PROD_7;1;1
CORD_ORD_1568;PROD_8;1;1
CORD_ORD_1568;PROD_9;1;1
CORD_ORD_1569;PROD_1;1;1
CORD_ORD_1569;PROD_10;1;1
CORD_ORD_1569;PROD_12;1;1
CORD_ORD_1569;PROD_13;1;1
CORD_ORD_1569;PROD_16;1;1
CORD_ORD_1569;PROD_17;1;1
CORD_ORD_1569;PROD_21;1;1
CORD_ORD_1569;PROD_22;1;1
CORD_ORD_1569;PROD_25;1;1
CORD_ORD_1569;PROD_26;1;1
CORD_ORD_1569;PROD_3;1;1
CORD_ORD_1569;PROD_31;1;1
CORD_ORD_1569;PROD_36;1;1
CORD_ORD_1569;PROD_38;1;1
CORD_ORD_1569;PROD_4;1;1
CORD_ORD_1569;PROD_46;1;1
CORD_ORD_1569;PROD_48;1;1
CORD_ORD_1569;PROD_50;1;1
CORD_ORD_1569;PROD_6;1;1
CORD_ORD_1569;PROD_8;1;1
CORD_ORD_1570;PROD_10;1;1
CORD_ORD_1570;PROD_13;1;1
CORD_ORD_1570;PROD_15;1;1
CORD_ORD_1570;PROD_16;1;1
CORD_ORD_1570;PROD_19;1;1
CORD_ORD_1570;PROD_24;1;1
CORD_ORD_1570;PROD_33;1;1
CORD_ORD_1570;PROD_34;1;1
CORD_ORD_1570;PROD_37;1;1
CORD_ORD_1570;PROD_38;1;1
CORD_ORD_1570;PROD_42;1;1
CORD_ORD_1570;PROD_44;1;1
CORD_ORD_1570;PROD_49;1;1
CORD_ORD_1570;PROD_8;1;1
CORD_ORD_1571;PROD_1;1;1
CORD_ORD_1571;PROD_11;1;1
CORD_ORD_1571;PROD_12;1;1
CORD_ORD_1571;PROD_14;1;1
CORD_ORD_1571;PROD_21;1;1
CORD_ORD_1571;PROD_24;1;1
CORD_ORD_1571;PROD_26;1;1
CORD_ORD_1571;PROD_27;1;1
CORD_ORD_1571;PROD_28;1;1
CORD_ORD_1571;PROD_29;1;1
CORD_ORD_1571;PROD_3;1;1
CORD_ORD_1571;PROD_36;1;1
CORD_ORD_1571;PROD_37;1;1
CORD_ORD_1571;PROD_4;1;1
CORD_ORD_1571;PROD_42;1;1
CORD_ORD_1571;PROD_46;1;1
CORD_ORD_1571;PROD_5;1;1
CORD_ORD_1571;PROD_6;1;1
CORD_ORD_1571;PROD_7;1;1
CORD_ORD_1571;PROD_9;1;1
CORD_ORD_1572;PROD_12;1;1
CORD_ORD_1572;PROD_17;1;1
CORD_ORD_1572;PROD_20;1;1
CORD_ORD_1572;PROD_21;1;1
CORD_ORD_1572;PROD_31;1;1
CORD_ORD_1572;PROD_32;1;1
CORD_ORD_1572;PROD_35;1;1
CORD_ORD_1572;PROD_39;1;1
CORD_ORD_1572;PROD_4;1;1
CORD_ORD_1572;PROD_43;1;1
CORD_ORD_1572;PROD_47;1;1
CORD_ORD_1572;PROD_48;1;1
CORD_ORD_1573;PROD_1;1;1
CORD_ORD_1573;PROD_11;1;1
CORD_ORD_1573;PROD_13;1;1
CORD_ORD_1573;PROD_15;1;1
CORD_ORD_1573;PROD_18;1;1
CORD_ORD_1573;PROD_19;1;1
CORD_ORD_1573;PROD_2;1;1
CORD_ORD_1573;PROD_20;1;1
CORD_ORD_1573;PROD_23;1;1
CORD_ORD_1573;PROD_27;1;1
CORD_ORD_1573;PROD_29;1;1
CORD_ORD_1573;PROD_3;1;1
CORD_ORD_1573;PROD_30;1;1
CORD_ORD_1573;PROD_32;1;1
CORD_ORD_1573;PROD_33;1;1
CORD_ORD_1573;PROD_34;1;1
CORD_ORD_1573;PROD_35;1;1
CORD_ORD_1573;PROD_36;1;1
CORD_ORD_1573;PROD_38;1;1
CORD_ORD_1573;PROD_39;1;1
CORD_ORD_1573;PROD_40;1;1
CORD_ORD_1573;PROD_41;1;1
CORD_ORD_1573;PROD_43;1;1
CORD_ORD_1573;PROD_44;1;1
CORD_ORD_1573;PROD_45;1;1
CORD_ORD_1573;PROD_47;1;1
CORD_ORD_1573;PROD_49;1;1
CORD_ORD_1573;PROD_5;1;1
CORD_ORD_1573;PROD_7;1;1
CORD_ORD_1574;PROD_1;1;1
CORD_ORD_1574;PROD_17;1;1
CORD_ORD_1574;PROD_19;1;1
CORD_ORD_1574;PROD_24;1;1
CORD_ORD_1574;PROD_3;1;1
CORD_ORD_1574;PROD_31;1;1
CORD_ORD_1574;PROD_33;1;1
CORD_ORD_1574;PROD_36;1;1
CORD_ORD_1574;PROD_37;1;1
CORD_ORD_1574;PROD_42;1;1
CORD_ORD_1574;PROD_44;1;1
CORD_ORD_1574;PROD_48;1;1
CORD_ORD_1575;PROD_1;1;1
CORD_ORD_1575;PROD_10;1;1
CORD_ORD_1575;PROD_14;1;1
CORD_ORD_1575;PROD_16;1;1
CORD_ORD_1575;PROD_17;1;1
CORD_ORD_1575;PROD_20;1;1
CORD_ORD_1575;PROD_22;1;1
CORD_ORD_1575;PROD_24;1;1
CORD_ORD_1575;PROD_25;1;1
CORD_ORD_1575;PROD_28;1;1
CORD_ORD_1575;PROD_3;1;1
CORD_ORD_1575;PROD_30;1;1
CORD_ORD_1575;PROD_31;1;1
CORD_ORD_1575;PROD_35;1;1
CORD_ORD_1575;PROD_36;1;1
CORD_ORD_1575;PROD_37;1;1
CORD_ORD_1575;PROD_39;1;1
CORD_ORD_1575;PROD_40;1;1
CORD_ORD_1575;PROD_42;1;1
CORD_ORD_1575;PROD_48;1;1
CORD_ORD_1575;PROD_50;1;1
CORD_ORD_1575;PROD_8;1;1
CORD_ORD_1575;PROD_9;1;1
CORD_ORD_1576;PROD_1;1;1
CORD_ORD_1576;PROD_18;1;1
CORD_ORD_1576;PROD_2;1;1
CORD_ORD_1576;PROD_24;1;1
CORD_ORD_1576;PROD_26;1;1
CORD_ORD_1576;PROD_3;1;1
CORD_ORD_1576;PROD_32;1;1
CORD_ORD_1576;PROD_36;1;1
CORD_ORD_1576;PROD_37;1;1
CORD_ORD_1576;PROD_41;1;1
CORD_ORD_1576;PROD_42;1;1
CORD_ORD_1576;PROD_43;1;1
CORD_ORD_1576;PROD_46;1;1
CORD_ORD_1576;PROD_47;1;1
CORD_ORD_1576;PROD_6;1;1
CORD_ORD_1577;PROD_1;1;1
CORD_ORD_1577;PROD_10;1;1
CORD_ORD_1577;PROD_11;1;1
CORD_ORD_1577;PROD_13;1;1
CORD_ORD_1577;PROD_14;1;1
CORD_ORD_1577;PROD_16;1;1
CORD_ORD_1577;PROD_17;1;1
CORD_ORD_1577;PROD_19;1;1
CORD_ORD_1577;PROD_26;1;1
CORD_ORD_1577;PROD_27;1;1
CORD_ORD_1577;PROD_28;1;1
CORD_ORD_1577;PROD_29;1;1
CORD_ORD_1577;PROD_3;1;1
CORD_ORD_1577;PROD_31;1;1
CORD_ORD_1577;PROD_32;1;1
CORD_ORD_1577;PROD_33;1;1
CORD_ORD_1577;PROD_36;1;1
CORD_ORD_1577;PROD_38;1;1
CORD_ORD_1577;PROD_43;1;1
CORD_ORD_1577;PROD_44;1;1
CORD_ORD_1577;PROD_46;1;1
CORD_ORD_1577;PROD_47;1;1
CORD_ORD_1577;PROD_48;1;1
CORD_ORD_1577;PROD_6;1;1
CORD_ORD_1577;PROD_8;1;1
CORD_ORD_1577;PROD_9;1;1
CORD_ORD_1578;PROD_15;1;1
CORD_ORD_1578;PROD_17;1;1
CORD_ORD_1578;PROD_20;1;1
CORD_ORD_1578;PROD_31;1;1
CORD_ORD_1578;PROD_32;1;1
CORD_ORD_1578;PROD_34;1;1
CORD_ORD_1578;PROD_35;1;1
CORD_ORD_1578;PROD_39;1;1
CORD_ORD_1578;PROD_43;1;1
CORD_ORD_1578;PROD_47;1;1
CORD_ORD_1578;PROD_48;1;1
CORD_ORD_1578;PROD_49;1;1
CORD_ORD_1579;PROD_1;1;1
CORD_ORD_1579;PROD_10;1;1
CORD_ORD_1579;PROD_12;1;1
CORD_ORD_1579;PROD_13;1;1
CORD_ORD_1579;PROD_16;1;1
CORD_ORD_1579;PROD_21;1;1
CORD_ORD_1579;PROD_22;1;1
CORD_ORD_1579;PROD_25;1;1
CORD_ORD_1579;PROD_3;1;1
CORD_ORD_1579;PROD_36;1;1
CORD_ORD_1579;PROD_38;1;1
CORD_ORD_1579;PROD_4;1;1
CORD_ORD_1579;PROD_50;1;1
CORD_ORD_1579;PROD_8;1;1
CORD_ORD_1580;PROD_1;1;1
CORD_ORD_1580;PROD_11;1;1
CORD_ORD_1580;PROD_17;1;1
CORD_ORD_1580;PROD_20;1;1
CORD_ORD_1580;PROD_23;1;1
CORD_ORD_1580;PROD_27;1;1
CORD_ORD_1580;PROD_29;1;1
CORD_ORD_1580;PROD_3;1;1
CORD_ORD_1580;PROD_31;1;1
CORD_ORD_1580;PROD_32;1;1
CORD_ORD_1580;PROD_35;1;1
CORD_ORD_1580;PROD_36;1;1
CORD_ORD_1580;PROD_39;1;1
CORD_ORD_1580;PROD_43;1;1
CORD_ORD_1580;PROD_45;1;1
CORD_ORD_1580;PROD_47;1;1
CORD_ORD_1580;PROD_48;1;1
CORD_ORD_1581;PROD_1;1;1
CORD_ORD_1581;PROD_10;1;1
CORD_ORD_1581;PROD_12;1;1
CORD_ORD_1581;PROD_15;1;1
CORD_ORD_1581;PROD_16;1;1
CORD_ORD_1581;PROD_17;1;1
CORD_ORD_1581;PROD_21;1;1
CORD_ORD_1581;PROD_22;1;1
CORD_ORD_1581;PROD_25;1;1
CORD_ORD_1581;PROD_26;1;1
CORD_ORD_1581;PROD_3;1;1
CORD_ORD_1581;PROD_31;1;1
CORD_ORD_1581;PROD_34;1;1
CORD_ORD_1581;PROD_36;1;1
CORD_ORD_1581;PROD_4;1;1
CORD_ORD_1581;PROD_46;1;1
CORD_ORD_1581;PROD_48;1;1
CORD_ORD_1581;PROD_49;1;1
CORD_ORD_1581;PROD_50;1;1
CORD_ORD_1581;PROD_6;1;1
CORD_ORD_1581;PROD_8;1;1
CORD_ORD_1582;PROD_1;1;1
CORD_ORD_1582;PROD_10;1;1
CORD_ORD_1582;PROD_16;1;1
CORD_ORD_1582;PROD_20;1;1
CORD_ORD_1582;PROD_26;1;1
CORD_ORD_1582;PROD_3;1;1
CORD_ORD_1582;PROD_32;1;1
CORD_ORD_1582;PROD_35;1;1
CORD_ORD_1582;PROD_36;1;1
CORD_ORD_1582;PROD_39;1;1
CORD_ORD_1582;PROD_43;1;1
CORD_ORD_1582;PROD_46;1;1
CORD_ORD_1582;PROD_47;1;1
CORD_ORD_1582;PROD_6;1;1
CORD_ORD_1582;PROD_8;1;1
CORD_ORD_1583;PROD_12;1;1
CORD_ORD_1583;PROD_13;1;1
CORD_ORD_1583;PROD_17;1;1
CORD_ORD_1583;PROD_21;1;1
CORD_ORD_1583;PROD_22;1;1
CORD_ORD_1583;PROD_25;1;1
CORD_ORD_1583;PROD_26;1;1
CORD_ORD_1583;PROD_31;1;1
CORD_ORD_1583;PROD_38;1;1
CORD_ORD_1583;PROD_4;1;1
CORD_ORD_1583;PROD_46;1;1
CORD_ORD_1583;PROD_48;1;1
CORD_ORD_1583;PROD_50;1;1
CORD_ORD_1583;PROD_6;1;1
CORD_ORD_1584;PROD_1;1;1
CORD_ORD_1584;PROD_10;1;1
CORD_ORD_1584;PROD_16;1;1
CORD_ORD_1584;PROD_17;1;1
CORD_ORD_1584;PROD_19;1;1
CORD_ORD_1584;PROD_22;1;1
CORD_ORD_1584;PROD_24;1;1
CORD_ORD_1584;PROD_25;1;1
CORD_ORD_1584;PROD_3;1;1
CORD_ORD_1584;PROD_31;1;1
CORD_ORD_1584;PROD_32;1;1
CORD_ORD_1584;PROD_33;1;1
CORD_ORD_1584;PROD_36;1;1
CORD_ORD_1584;PROD_37;1;1
CORD_ORD_1584;PROD_42;1;1
CORD_ORD_1584;PROD_43;1;1
CORD_ORD_1584;PROD_44;1;1
CORD_ORD_1584;PROD_47;1;1
CORD_ORD_1584;PROD_48;1;1
CORD_ORD_1584;PROD_50;1;1
CORD_ORD_1584;PROD_8;1;1
CORD_ORD_1585;PROD_1;1;1
CORD_ORD_1585;PROD_11;1;1
CORD_ORD_1585;PROD_12;1;1
CORD_ORD_1585;PROD_14;1;1
CORD_ORD_1585;PROD_15;1;1
CORD_ORD_1585;PROD_19;1;1
CORD_ORD_1585;PROD_21;1;1
CORD_ORD_1585;PROD_27;1;1
CORD_ORD_1585;PROD_28;1;1
CORD_ORD_1585;PROD_29;1;1
CORD_ORD_1585;PROD_3;1;1
CORD_ORD_1585;PROD_33;1;1
CORD_ORD_1585;PROD_34;1;1
CORD_ORD_1585;PROD_36;1;1
CORD_ORD_1585;PROD_4;1;1
CORD_ORD_1585;PROD_44;1;1
CORD_ORD_1585;PROD_49;1;1
CORD_ORD_1585;PROD_9;1;1
CORD_ORD_1586;PROD_1;1;1
CORD_ORD_1586;PROD_10;1;1
CORD_ORD_1586;PROD_13;1;1
CORD_ORD_1586;PROD_15;1;1
CORD_ORD_1586;PROD_16;1;1
CORD_ORD_1586;PROD_20;1;1
CORD_ORD_1586;PROD_22;1;1
CORD_ORD_1586;PROD_23;1;1
CORD_ORD_1586;PROD_25;1;1
CORD_ORD_1586;PROD_3;1;1
CORD_ORD_1586;PROD_34;1;1
CORD_ORD_1586;PROD_35;1;1
CORD_ORD_1586;PROD_36;1;1
CORD_ORD_1586;PROD_38;1;1
CORD_ORD_1586;PROD_39;1;1
CORD_ORD_1586;PROD_45;1;1
CORD_ORD_1586;PROD_49;1;1
CORD_ORD_1586;PROD_50;1;1
CORD_ORD_1586;PROD_8;1;1
CORD_ORD_1587;PROD_10;1;1
CORD_ORD_1587;PROD_11;1;1
CORD_ORD_1587;PROD_12;1;1
CORD_ORD_1587;PROD_13;1;1
CORD_ORD_1587;PROD_16;1;1
CORD_ORD_1587;PROD_17;1;1
CORD_ORD_1587;PROD_19;1;1
CORD_ORD_1587;PROD_21;1;1
CORD_ORD_1587;PROD_22;1;1
CORD_ORD_1587;PROD_25;1;1
CORD_ORD_1587;PROD_27;1;1
CORD_ORD_1587;PROD_29;1;1
CORD_ORD_1587;PROD_31;1;1
CORD_ORD_1587;PROD_32;1;1
CORD_ORD_1587;PROD_33;1;1
CORD_ORD_1587;PROD_38;1;1
CORD_ORD_1587;PROD_4;1;1
CORD_ORD_1587;PROD_43;1;1
CORD_ORD_1587;PROD_44;1;1
CORD_ORD_1587;PROD_47;1;1
CORD_ORD_1587;PROD_48;1;1
CORD_ORD_1587;PROD_50;1;1
CORD_ORD_1587;PROD_8;1;1
CORD_ORD_1588;PROD_1;1;1
CORD_ORD_1588;PROD_10;1;1
CORD_ORD_1588;PROD_11;1;1
CORD_ORD_1588;PROD_12;1;1
CORD_ORD_1588;PROD_15;1;1
CORD_ORD_1588;PROD_16;1;1
CORD_ORD_1588;PROD_17;1;1
CORD_ORD_1588;PROD_21;1;1
CORD_ORD_1588;PROD_27;1;1
CORD_ORD_1588;PROD_29;1;1
CORD_ORD_1588;PROD_3;1;1
CORD_ORD_1588;PROD_31;1;1
CORD_ORD_1588;PROD_34;1;1
CORD_ORD_1588;PROD_36;1;1
CORD_ORD_1588;PROD_4;1;1
CORD_ORD_1588;PROD_48;1;1
CORD_ORD_1588;PROD_49;1;1
CORD_ORD_1588;PROD_8;1;1
CORD_ORD_1589;PROD_10;1;1
CORD_ORD_1589;PROD_15;1;1
CORD_ORD_1589;PROD_16;1;1
CORD_ORD_1589;PROD_17;1;1
CORD_ORD_1589;PROD_22;1;1
CORD_ORD_1589;PROD_24;1;1
CORD_ORD_1589;PROD_25;1;1
CORD_ORD_1589;PROD_31;1;1
CORD_ORD_1589;PROD_32;1;1
CORD_ORD_1589;PROD_34;1;1
CORD_ORD_1589;PROD_37;1;1
CORD_ORD_1589;PROD_42;1;1
CORD_ORD_1589;PROD_43;1;1
CORD_ORD_1589;PROD_47;1;1
CORD_ORD_1589;PROD_48;1;1
CORD_ORD_1589;PROD_49;1;1
CORD_ORD_1589;PROD_5;1;1
CORD_ORD_1589;PROD_50;1;1
CORD_ORD_1589;PROD_7;1;1
CORD_ORD_1589;PROD_8;1;1
CORD_ORD_1590;PROD_11;1;1
CORD_ORD_1590;PROD_12;1;1
CORD_ORD_1590;PROD_14;1;1
CORD_ORD_1590;PROD_17;1;1
CORD_ORD_1590;PROD_18;1;1
CORD_ORD_1590;PROD_2;1;1
CORD_ORD_1590;PROD_21;1;1
CORD_ORD_1590;PROD_23;1;1
CORD_ORD_1590;PROD_24;1;1
CORD_ORD_1590;PROD_27;1;1
CORD_ORD_1590;PROD_28;1;1
CORD_ORD_1590;PROD_29;1;1
CORD_ORD_1590;PROD_30;1;1
CORD_ORD_1590;PROD_31;1;1
CORD_ORD_1590;PROD_37;1;1
CORD_ORD_1590;PROD_4;1;1
CORD_ORD_1590;PROD_40;1;1
CORD_ORD_1590;PROD_41;1;1
CORD_ORD_1590;PROD_42;1;1
CORD_ORD_1590;PROD_45;1;1
CORD_ORD_1590;PROD_48;1;1
CORD_ORD_1590;PROD_9;1;1
CORD_ORD_1591;PROD_1;1;1
CORD_ORD_1591;PROD_10;1;1
CORD_ORD_1591;PROD_11;1;1
CORD_ORD_1591;PROD_13;1;1
CORD_ORD_1591;PROD_15;1;1
CORD_ORD_1591;PROD_16;1;1
CORD_ORD_1591;PROD_17;1;1
CORD_ORD_1591;PROD_19;1;1
CORD_ORD_1591;PROD_20;1;1
CORD_ORD_1591;PROD_23;1;1
CORD_ORD_1591;PROD_26;1;1
CORD_ORD_1591;PROD_27;1;1
CORD_ORD_1591;PROD_29;1;1
CORD_ORD_1591;PROD_3;1;1
CORD_ORD_1591;PROD_31;1;1
CORD_ORD_1591;PROD_33;1;1
CORD_ORD_1591;PROD_34;1;1
CORD_ORD_1591;PROD_35;1;1
CORD_ORD_1591;PROD_36;1;1
CORD_ORD_1591;PROD_38;1;1
CORD_ORD_1591;PROD_39;1;1
CORD_ORD_1591;PROD_44;1;1
CORD_ORD_1591;PROD_45;1;1
CORD_ORD_1591;PROD_46;1;1
CORD_ORD_1591;PROD_48;1;1
CORD_ORD_1591;PROD_49;1;1
CORD_ORD_1591;PROD_6;1;1
CORD_ORD_1591;PROD_8;1;1
CORD_ORD_1592;PROD_10;1;1
CORD_ORD_1592;PROD_14;1;1
CORD_ORD_1592;PROD_16;1;1
CORD_ORD_1592;PROD_17;1;1
CORD_ORD_1592;PROD_18;1;1
CORD_ORD_1592;PROD_2;1;1
CORD_ORD_1592;PROD_20;1;1
CORD_ORD_1592;PROD_26;1;1
CORD_ORD_1592;PROD_28;1;1
CORD_ORD_1592;PROD_31;1;1
CORD_ORD_1592;PROD_35;1;1
CORD_ORD_1592;PROD_39;1;1
CORD_ORD_1592;PROD_41;1;1
CORD_ORD_1592;PROD_46;1;1
CORD_ORD_1592;PROD_48;1;1
CORD_ORD_1592;PROD_6;1;1
CORD_ORD_1592;PROD_8;1;1
CORD_ORD_1592;PROD_9;1;1
CORD_ORD_1593;PROD_1;1;1
CORD_ORD_1593;PROD_10;1;1
CORD_ORD_1593;PROD_11;1;1
CORD_ORD_1593;PROD_12;1;1
CORD_ORD_1593;PROD_15;1;1
CORD_ORD_1593;PROD_16;1;1
CORD_ORD_1593;PROD_17;1;1
CORD_ORD_1593;PROD_21;1;1
CORD_ORD_1593;PROD_26;1;1
CORD_ORD_1593;PROD_27;1;1
CORD_ORD_1593;PROD_29;1;1
CORD_ORD_1593;PROD_3;1;1
CORD_ORD_1593;PROD_31;1;1
CORD_ORD_1593;PROD_32;1;1
CORD_ORD_1593;PROD_34;1;1
CORD_ORD_1593;PROD_36;1;1
CORD_ORD_1593;PROD_4;1;1
CORD_ORD_1593;PROD_43;1;1
CORD_ORD_1593;PROD_46;1;1
CORD_ORD_1593;PROD_47;1;1
CORD_ORD_1593;PROD_48;1;1
CORD_ORD_1593;PROD_49;1;1
CORD_ORD_1593;PROD_6;1;1
CORD_ORD_1593;PROD_8;1;1
CORD_ORD_1594;PROD_1;1;1
CORD_ORD_1594;PROD_10;1;1
CORD_ORD_1594;PROD_15;1;1
CORD_ORD_1594;PROD_16;1;1
CORD_ORD_1594;PROD_19;1;1
CORD_ORD_1594;PROD_22;1;1
CORD_ORD_1594;PROD_25;1;1
CORD_ORD_1594;PROD_3;1;1
CORD_ORD_1594;PROD_33;1;1
CORD_ORD_1594;PROD_34;1;1
CORD_ORD_1594;PROD_36;1;1
CORD_ORD_1594;PROD_44;1;1
CORD_ORD_1594;PROD_49;1;1
CORD_ORD_1594;PROD_50;1;1
CORD_ORD_1594;PROD_8;1;1
CORD_ORD_1595;PROD_1;1;1
CORD_ORD_1595;PROD_10;1;1
CORD_ORD_1595;PROD_14;1;1
CORD_ORD_1595;PROD_16;1;1
CORD_ORD_1595;PROD_20;1;1
CORD_ORD_1595;PROD_22;1;1
CORD_ORD_1595;PROD_25;1;1
CORD_ORD_1595;PROD_28;1;1
CORD_ORD_1595;PROD_3;1;1
CORD_ORD_1595;PROD_35;1;1
CORD_ORD_1595;PROD_36;1;1
CORD_ORD_1595;PROD_39;1;1
CORD_ORD_1595;PROD_50;1;1
CORD_ORD_1595;PROD_8;1;1
CORD_ORD_1595;PROD_9;1;1
CORD_ORD_1596;PROD_12;1;1
CORD_ORD_1596;PROD_18;1;1
CORD_ORD_1596;PROD_2;1;1
CORD_ORD_1596;PROD_21;1;1
CORD_ORD_1596;PROD_22;1;1
CORD_ORD_1596;PROD_25;1;1
CORD_ORD_1596;PROD_4;1;1
CORD_ORD_1596;PROD_41;1;1
CORD_ORD_1596;PROD_50;1;1
CORD_ORD_1597;PROD_10;1;1
CORD_ORD_1597;PROD_11;1;1
CORD_ORD_1597;PROD_16;1;1
CORD_ORD_1597;PROD_17;1;1
CORD_ORD_1597;PROD_19;1;1
CORD_ORD_1597;PROD_23;1;1
CORD_ORD_1597;PROD_27;1;1
CORD_ORD_1597;PROD_29;1;1
CORD_ORD_1597;PROD_31;1;1
CORD_ORD_1597;PROD_33;1;1
CORD_ORD_1597;PROD_44;1;1
CORD_ORD_1597;PROD_45;1;1
CORD_ORD_1597;PROD_48;1;1
CORD_ORD_1597;PROD_8;1;1
CORD_ORD_1598;PROD_11;1;1
CORD_ORD_1598;PROD_12;1;1
CORD_ORD_1598;PROD_13;1;1
CORD_ORD_1598;PROD_15;1;1
CORD_ORD_1598;PROD_18;1;1
CORD_ORD_1598;PROD_19;1;1
CORD_ORD_1598;PROD_2;1;1
CORD_ORD_1598;PROD_20;1;1
CORD_ORD_1598;PROD_21;1;1
CORD_ORD_1598;PROD_23;1;1
CORD_ORD_1598;PROD_26;1;1
CORD_ORD_1598;PROD_27;1;1
CORD_ORD_1598;PROD_29;1;1
CORD_ORD_1598;PROD_33;1;1
CORD_ORD_1598;PROD_34;1;1
CORD_ORD_1598;PROD_35;1;1
CORD_ORD_1598;PROD_38;1;1
CORD_ORD_1598;PROD_39;1;1
CORD_ORD_1598;PROD_4;1;1
CORD_ORD_1598;PROD_41;1;1
CORD_ORD_1598;PROD_44;1;1
CORD_ORD_1598;PROD_45;1;1
CORD_ORD_1598;PROD_46;1;1
CORD_ORD_1598;PROD_49;1;1
CORD_ORD_1598;PROD_6;1;1
CORD_ORD_1599;PROD_1;1;1
CORD_ORD_1599;PROD_11;1;1
CORD_ORD_1599;PROD_14;1;1
CORD_ORD_1599;PROD_17;1;1
CORD_ORD_1599;PROD_18;1;1
CORD_ORD_1599;PROD_19;1;1
CORD_ORD_1599;PROD_2;1;1
CORD_ORD_1599;PROD_23;1;1
CORD_ORD_1599;PROD_26;1;1
CORD_ORD_1599;PROD_27;1;1
CORD_ORD_1599;PROD_28;1;1
CORD_ORD_1599;PROD_29;1;1
CORD_ORD_1599;PROD_3;1;1
CORD_ORD_1599;PROD_31;1;1
CORD_ORD_1599;PROD_32;1;1
CORD_ORD_1599;PROD_33;1;1
CORD_ORD_1599;PROD_36;1;1
CORD_ORD_1599;PROD_41;1;1
CORD_ORD_1599;PROD_43;1;1
CORD_ORD_1599;PROD_44;1;1
CORD_ORD_1599;PROD_45;1;1
CORD_ORD_1599;PROD_46;1;1
CORD_ORD_1599;PROD_47;1;1
CORD_ORD_1599;PROD_48;1;1
CORD_ORD_1599;PROD_6;1;1
CORD_ORD_1599;PROD_9;1;1
CORD_ORD_1600;PROD_1;1;1
CORD_ORD_1600;PROD_18;1;1
CORD_ORD_1600;PROD_2;1;1
CORD_ORD_1600;PROD_22;1;1
CORD_ORD_1600;PROD_24;1;1
CORD_ORD_1600;PROD_25;1;1
CORD_ORD_1600;PROD_26;1;1
CORD_ORD_1600;PROD_3;1;1
CORD_ORD_1600;PROD_36;1;1
CORD_ORD_1600;PROD_37;1;1
CORD_ORD_1600;PROD_41;1;1
CORD_ORD_1600;PROD_42;1;1
CORD_ORD_1600;PROD_46;1;1
CORD_ORD_1600;PROD_50;1;1
CORD_ORD_1600;PROD_6;1;1
CORD_ORD_1601;PROD_11;1;1
CORD_ORD_1601;PROD_14;1;1
CORD_ORD_1601;PROD_17;1;1
CORD_ORD_1601;PROD_18;1;1
CORD_ORD_1601;PROD_19;1;1
CORD_ORD_1601;PROD_2;1;1
CORD_ORD_1601;PROD_20;1;1
CORD_ORD_1601;PROD_23;1;1
CORD_ORD_1601;PROD_26;1;1
CORD_ORD_1601;PROD_27;1;1
CORD_ORD_1601;PROD_28;1;1
CORD_ORD_1601;PROD_29;1;1
CORD_ORD_1601;PROD_30;1;1
CORD_ORD_1601;PROD_31;1;1
CORD_ORD_1601;PROD_33;1;1
CORD_ORD_1601;PROD_35;1;1
CORD_ORD_1601;PROD_39;1;1
CORD_ORD_1601;PROD_40;1;1
CORD_ORD_1601;PROD_41;1;1
CORD_ORD_1601;PROD_44;1;1
CORD_ORD_1601;PROD_45;1;1
CORD_ORD_1601;PROD_46;1;1
CORD_ORD_1601;PROD_48;1;1
CORD_ORD_1601;PROD_6;1;1
CORD_ORD_1601;PROD_9;1;1
CORD_ORD_1602;PROD_1;1;1
CORD_ORD_1602;PROD_10;1;1
CORD_ORD_1602;PROD_13;1;1
CORD_ORD_1602;PROD_15;1;1
CORD_ORD_1602;PROD_16;1;1
CORD_ORD_1602;PROD_26;1;1
CORD_ORD_1602;PROD_3;1;1
CORD_ORD_1602;PROD_34;1;1
CORD_ORD_1602;PROD_36;1;1
CORD_ORD_1602;PROD_38;1;1
CORD_ORD_1602;PROD_46;1;1
CORD_ORD_1602;PROD_49;1;1
CORD_ORD_1602;PROD_6;1;1
CORD_ORD_1602;PROD_8;1;1
CORD_ORD_1603;PROD_1;1;1
CORD_ORD_1603;PROD_12;1;1
CORD_ORD_1603;PROD_17;1;1
CORD_ORD_1603;PROD_21;1;1
CORD_ORD_1603;PROD_23;1;1
CORD_ORD_1603;PROD_24;1;1
CORD_ORD_1603;PROD_3;1;1
CORD_ORD_1603;PROD_31;1;1
CORD_ORD_1603;PROD_32;1;1
CORD_ORD_1603;PROD_36;1;1
CORD_ORD_1603;PROD_37;1;1
CORD_ORD_1603;PROD_4;1;1
CORD_ORD_1603;PROD_42;1;1
CORD_ORD_1603;PROD_43;1;1
CORD_ORD_1603;PROD_45;1;1
CORD_ORD_1603;PROD_47;1;1
CORD_ORD_1603;PROD_48;1;1
CORD_ORD_1604;PROD_1;1;1
CORD_ORD_1604;PROD_10;1;1
CORD_ORD_1604;PROD_16;1;1
CORD_ORD_1604;PROD_26;1;1
CORD_ORD_1604;PROD_3;1;1
CORD_ORD_1604;PROD_32;1;1
CORD_ORD_1604;PROD_36;1;1
CORD_ORD_1604;PROD_43;1;1
CORD_ORD_1604;PROD_46;1;1
CORD_ORD_1604;PROD_47;1;1
CORD_ORD_1604;PROD_6;1;1
CORD_ORD_1604;PROD_8;1;1
CORD_ORD_1605;PROD_1;1;1
CORD_ORD_1605;PROD_10;1;1
CORD_ORD_1605;PROD_13;1;1
CORD_ORD_1605;PROD_16;1;1
CORD_ORD_1605;PROD_17;1;1
CORD_ORD_1605;PROD_20;1;1
CORD_ORD_1605;PROD_22;1;1
CORD_ORD_1605;PROD_25;1;1
CORD_ORD_1605;PROD_26;1;1
CORD_ORD_1605;PROD_3;1;1
CORD_ORD_1605;PROD_31;1;1
CORD_ORD_1605;PROD_35;1;1
CORD_ORD_1605;PROD_36;1;1
CORD_ORD_1605;PROD_38;1;1
CORD_ORD_1605;PROD_39;1;1
CORD_ORD_1605;PROD_46;1;1
CORD_ORD_1605;PROD_48;1;1
CORD_ORD_1605;PROD_50;1;1
CORD_ORD_1605;PROD_6;1;1
CORD_ORD_1605;PROD_8;1;1
CORD_ORD_1606;PROD_1;1;1
CORD_ORD_1606;PROD_10;1;1
CORD_ORD_1606;PROD_14;1;1
CORD_ORD_1606;PROD_16;1;1
CORD_ORD_1606;PROD_20;1;1
CORD_ORD_1606;PROD_22;1;1
CORD_ORD_1606;PROD_25;1;1
CORD_ORD_1606;PROD_28;1;1
CORD_ORD_1606;PROD_3;1;1
CORD_ORD_1606;PROD_35;1;1
CORD_ORD_1606;PROD_36;1;1
CORD_ORD_1606;PROD_39;1;1
CORD_ORD_1606;PROD_50;1;1
CORD_ORD_1606;PROD_8;1;1
CORD_ORD_1606;PROD_9;1;1
CORD_ORD_1607;PROD_10;1;1
CORD_ORD_1607;PROD_12;1;1
CORD_ORD_1607;PROD_14;1;1
CORD_ORD_1607;PROD_16;1;1
CORD_ORD_1607;PROD_20;1;1
CORD_ORD_1607;PROD_21;1;1
CORD_ORD_1607;PROD_28;1;1
CORD_ORD_1607;PROD_35;1;1
CORD_ORD_1607;PROD_39;1;1
CORD_ORD_1607;PROD_4;1;1
CORD_ORD_1607;PROD_8;1;1
CORD_ORD_1607;PROD_9;1;1
CORD_ORD_1608;PROD_1;1;1
CORD_ORD_1608;PROD_11;1;1
CORD_ORD_1608;PROD_17;1;1
CORD_ORD_1608;PROD_27;1;1
CORD_ORD_1608;PROD_29;1;1
CORD_ORD_1608;PROD_3;1;1
CORD_ORD_1608;PROD_31;1;1
CORD_ORD_1608;PROD_32;1;1
CORD_ORD_1608;PROD_36;1;1
CORD_ORD_1608;PROD_43;1;1
CORD_ORD_1608;PROD_47;1;1
CORD_ORD_1608;PROD_48;1;1
CORD_ORD_1609;PROD_1;1;1
CORD_ORD_1609;PROD_10;1;1
CORD_ORD_1609;PROD_12;1;1
CORD_ORD_1609;PROD_13;1;1
CORD_ORD_1609;PROD_14;1;1
CORD_ORD_1609;PROD_15;1;1
CORD_ORD_1609;PROD_16;1;1
CORD_ORD_1609;PROD_17;1;1
CORD_ORD_1609;PROD_18;1;1
CORD_ORD_1609;PROD_2;1;1
CORD_ORD_1609;PROD_21;1;1
CORD_ORD_1609;PROD_23;1;1
CORD_ORD_1609;PROD_24;1;1
CORD_ORD_1609;PROD_28;1;1
CORD_ORD_1609;PROD_3;1;1
CORD_ORD_1609;PROD_31;1;1
CORD_ORD_1609;PROD_32;1;1
CORD_ORD_1609;PROD_34;1;1
CORD_ORD_1609;PROD_36;1;1
CORD_ORD_1609;PROD_37;1;1
CORD_ORD_1609;PROD_38;1;1
CORD_ORD_1609;PROD_4;1;1
CORD_ORD_1609;PROD_41;1;1
CORD_ORD_1609;PROD_42;1;1
CORD_ORD_1609;PROD_43;1;1
CORD_ORD_1609;PROD_45;1;1
CORD_ORD_1609;PROD_47;1;1
CORD_ORD_1609;PROD_48;1;1
CORD_ORD_1609;PROD_49;1;1
CORD_ORD_1609;PROD_5;1;1
CORD_ORD_1609;PROD_7;1;1
CORD_ORD_1609;PROD_8;1;1
CORD_ORD_1609;PROD_9;1;1
CORD_ORD_1610;PROD_10;1;1
CORD_ORD_1610;PROD_11;1;1
CORD_ORD_1610;PROD_16;1;1
CORD_ORD_1610;PROD_17;1;1
CORD_ORD_1610;PROD_27;1;1
CORD_ORD_1610;PROD_29;1;1
CORD_ORD_1610;PROD_31;1;1
CORD_ORD_1610;PROD_32;1;1
CORD_ORD_1610;PROD_43;1;1
CORD_ORD_1610;PROD_47;1;1
CORD_ORD_1610;PROD_48;1;1
CORD_ORD_1610;PROD_8;1;1
CORD_ORD_1611;PROD_26;1;1
CORD_ORD_1611;PROD_30;1;1
CORD_ORD_1611;PROD_32;1;1
CORD_ORD_1611;PROD_40;1;1
CORD_ORD_1611;PROD_43;1;1
CORD_ORD_1611;PROD_46;1;1
CORD_ORD_1611;PROD_47;1;1
CORD_ORD_1611;PROD_5;1;1
CORD_ORD_1611;PROD_6;1;1
CORD_ORD_1611;PROD_7;1;1
CORD_ORD_1612;PROD_1;1;1
CORD_ORD_1612;PROD_10;1;1
CORD_ORD_1612;PROD_16;1;1
CORD_ORD_1612;PROD_17;1;1
CORD_ORD_1612;PROD_26;1;1
CORD_ORD_1612;PROD_3;1;1
CORD_ORD_1612;PROD_31;1;1
CORD_ORD_1612;PROD_36;1;1
CORD_ORD_1612;PROD_46;1;1
CORD_ORD_1612;PROD_48;1;1
CORD_ORD_1612;PROD_6;1;1
CORD_ORD_1612;PROD_8;1;1
CORD_ORD_1613;PROD_12;1;1
CORD_ORD_1613;PROD_19;1;1
CORD_ORD_1613;PROD_20;1;1
CORD_ORD_1613;PROD_21;1;1
CORD_ORD_1613;PROD_22;1;1
CORD_ORD_1613;PROD_25;1;1
CORD_ORD_1613;PROD_26;1;1
CORD_ORD_1613;PROD_33;1;1
CORD_ORD_1613;PROD_35;1;1
CORD_ORD_1613;PROD_39;1;1
CORD_ORD_1613;PROD_4;1;1
CORD_ORD_1613;PROD_44;1;1
CORD_ORD_1613;PROD_46;1;1
CORD_ORD_1613;PROD_50;1;1
CORD_ORD_1613;PROD_6;1;1
CORD_ORD_1614;PROD_1;1;1
CORD_ORD_1614;PROD_10;1;1
CORD_ORD_1614;PROD_16;1;1
CORD_ORD_1614;PROD_18;1;1
CORD_ORD_1614;PROD_2;1;1
CORD_ORD_1614;PROD_24;1;1
CORD_ORD_1614;PROD_26;1;1
CORD_ORD_1614;PROD_3;1;1
CORD_ORD_1614;PROD_36;1;1
CORD_ORD_1614;PROD_37;1;1
CORD_ORD_1614;PROD_41;1;1
CORD_ORD_1614;PROD_42;1;1
CORD_ORD_1614;PROD_46;1;1
CORD_ORD_1614;PROD_6;1;1
CORD_ORD_1614;PROD_8;1;1
CORD_ORD_1615;PROD_13;1;1
CORD_ORD_1615;PROD_14;1;1
CORD_ORD_1615;PROD_18;1;1
CORD_ORD_1615;PROD_19;1;1
CORD_ORD_1615;PROD_2;1;1
CORD_ORD_1615;PROD_20;1;1
CORD_ORD_1615;PROD_24;1;1
CORD_ORD_1615;PROD_26;1;1
CORD_ORD_1615;PROD_28;1;1
CORD_ORD_1615;PROD_33;1;1
CORD_ORD_1615;PROD_35;1;1
CORD_ORD_1615;PROD_37;1;1
CORD_ORD_1615;PROD_38;1;1
CORD_ORD_1615;PROD_39;1;1
CORD_ORD_1615;PROD_41;1;1
CORD_ORD_1615;PROD_42;1;1
CORD_ORD_1615;PROD_44;1;1
CORD_ORD_1615;PROD_46;1;1
CORD_ORD_1615;PROD_6;1;1
CORD_ORD_1615;PROD_9;1;1
CORD_ORD_1616;PROD_1;1;1
CORD_ORD_1616;PROD_12;1;1
CORD_ORD_1616;PROD_18;1;1
CORD_ORD_1616;PROD_2;1;1
CORD_ORD_1616;PROD_20;1;1
CORD_ORD_1616;PROD_21;1;1
CORD_ORD_1616;PROD_24;1;1
CORD_ORD_1616;PROD_26;1;1
CORD_ORD_1616;PROD_3;1;1
CORD_ORD_1616;PROD_30;1;1
CORD_ORD_1616;PROD_35;1;1
CORD_ORD_1616;PROD_36;1;1
CORD_ORD_1616;PROD_37;1;1
CORD_ORD_1616;PROD_39;1;1
CORD_ORD_1616;PROD_4;1;1
CORD_ORD_1616;PROD_40;1;1
CORD_ORD_1616;PROD_41;1;1
CORD_ORD_1616;PROD_42;1;1
CORD_ORD_1616;PROD_46;1;1
CORD_ORD_1616;PROD_6;1;1
CORD_ORD_1617;PROD_1;1;1
CORD_ORD_1617;PROD_13;1;1
CORD_ORD_1617;PROD_19;1;1
CORD_ORD_1617;PROD_3;1;1
CORD_ORD_1617;PROD_32;1;1
CORD_ORD_1617;PROD_33;1;1
CORD_ORD_1617;PROD_36;1;1
CORD_ORD_1617;PROD_38;1;1
CORD_ORD_1617;PROD_43;1;1
CORD_ORD_1617;PROD_44;1;1
CORD_ORD_1617;PROD_47;1;1
CORD_ORD_1618;PROD_1;1;1
CORD_ORD_1618;PROD_11;1;1
CORD_ORD_1618;PROD_12;1;1
CORD_ORD_1618;PROD_13;1;1
CORD_ORD_1618;PROD_14;1;1
CORD_ORD_1618;PROD_17;1;1
CORD_ORD_1618;PROD_18;1;1
CORD_ORD_1618;PROD_2;1;1
CORD_ORD_1618;PROD_20;1;1
CORD_ORD_1618;PROD_21;1;1
CORD_ORD_1618;PROD_24;1;1
CORD_ORD_1618;PROD_26;1;1
CORD_ORD_1618;PROD_27;1;1
CORD_ORD_1618;PROD_28;1;1
CORD_ORD_1618;PROD_29;1;1
CORD_ORD_1618;PROD_3;1;1
CORD_ORD_1618;PROD_30;1;1
CORD_ORD_1618;PROD_31;1;1
CORD_ORD_1618;PROD_35;1;1
CORD_ORD_1618;PROD_36;1;1
CORD_ORD_1618;PROD_37;1;1
CORD_ORD_1618;PROD_38;1;1
CORD_ORD_1618;PROD_39;1;1
CORD_ORD_1618;PROD_4;1;1
CORD_ORD_1618;PROD_40;1;1
CORD_ORD_1618;PROD_41;1;1
CORD_ORD_1618;PROD_42;1;1
CORD_ORD_1618;PROD_46;1;1
CORD_ORD_1618;PROD_48;1;1
CORD_ORD_1618;PROD_6;1;1
CORD_ORD_1618;PROD_9;1;1
CORD_ORD_1619;PROD_1;1;1
CORD_ORD_1619;PROD_10;1;1
CORD_ORD_1619;PROD_12;1;1
CORD_ORD_1619;PROD_13;1;1
CORD_ORD_1619;PROD_14;1;1
CORD_ORD_1619;PROD_16;1;1
CORD_ORD_1619;PROD_17;1;1
CORD_ORD_1619;PROD_21;1;1
CORD_ORD_1619;PROD_22;1;1
CORD_ORD_1619;PROD_25;1;1
CORD_ORD_1619;PROD_28;1;1
CORD_ORD_1619;PROD_3;1;1
CORD_ORD_1619;PROD_30;1;1
CORD_ORD_1619;PROD_31;1;1
CORD_ORD_1619;PROD_36;1;1
CORD_ORD_1619;PROD_38;1;1
CORD_ORD_1619;PROD_4;1;1
CORD_ORD_1619;PROD_40;1;1
CORD_ORD_1619;PROD_48;1;1
CORD_ORD_1619;PROD_50;1;1
CORD_ORD_1619;PROD_8;1;1
CORD_ORD_1619;PROD_9;1;1
CORD_ORD_1620;PROD_1;1;1
CORD_ORD_1620;PROD_10;1;1
CORD_ORD_1620;PROD_11;1;1
CORD_ORD_1620;PROD_12;1;1
CORD_ORD_1620;PROD_14;1;1
CORD_ORD_1620;PROD_15;1;1
CORD_ORD_1620;PROD_16;1;1
CORD_ORD_1620;PROD_17;1;1
CORD_ORD_1620;PROD_18;1;1
CORD_ORD_1620;PROD_2;1;1
CORD_ORD_1620;PROD_20;1;1
CORD_ORD_1620;PROD_21;1;1
CORD_ORD_1620;PROD_22;1;1
CORD_ORD_1620;PROD_25;1;1
CORD_ORD_1620;PROD_26;1;1
CORD_ORD_1620;PROD_27;1;1
CORD_ORD_1620;PROD_28;1;1
CORD_ORD_1620;PROD_29;1;1
CORD_ORD_1620;PROD_3;1;1
CORD_ORD_1620;PROD_31;1;1
CORD_ORD_1620;PROD_34;1;1
CORD_ORD_1620;PROD_35;1;1
CORD_ORD_1620;PROD_36;1;1
CORD_ORD_1620;PROD_39;1;1
CORD_ORD_1620;PROD_4;1;1
CORD_ORD_1620;PROD_41;1;1
CORD_ORD_1620;PROD_46;1;1
CORD_ORD_1620;PROD_48;1;1
CORD_ORD_1620;PROD_49;1;1
CORD_ORD_1620;PROD_50;1;1
CORD_ORD_1620;PROD_6;1;1
CORD_ORD_1620;PROD_8;1;1
CORD_ORD_1620;PROD_9;1;1
CORD_ORD_1621;PROD_11;1;1
CORD_ORD_1621;PROD_14;1;1
CORD_ORD_1621;PROD_15;1;1
CORD_ORD_1621;PROD_17;1;1
CORD_ORD_1621;PROD_18;1;1
CORD_ORD_1621;PROD_2;1;1
CORD_ORD_1621;PROD_24;1;1
CORD_ORD_1621;PROD_27;1;1
CORD_ORD_1621;PROD_28;1;1
CORD_ORD_1621;PROD_29;1;1
CORD_ORD_1621;PROD_30;1;1
CORD_ORD_1621;PROD_31;1;1
CORD_ORD_1621;PROD_32;1;1
CORD_ORD_1621;PROD_34;1;1
CORD_ORD_1621;PROD_37;1;1
CORD_ORD_1621;PROD_40;1;1
CORD_ORD_1621;PROD_41;1;1
CORD_ORD_1621;PROD_42;1;1
CORD_ORD_1621;PROD_43;1;1
CORD_ORD_1621;PROD_47;1;1
CORD_ORD_1621;PROD_48;1;1
CORD_ORD_1621;PROD_49;1;1
CORD_ORD_1621;PROD_9;1;1
CORD_ORD_1622;PROD_10;1;1
CORD_ORD_1622;PROD_11;1;1
CORD_ORD_1622;PROD_16;1;1
CORD_ORD_1622;PROD_19;1;1
CORD_ORD_1622;PROD_24;1;1
CORD_ORD_1622;PROD_27;1;1
CORD_ORD_1622;PROD_29;1;1
CORD_ORD_1622;PROD_33;1;1
CORD_ORD_1622;PROD_37;1;1
CORD_ORD_1622;PROD_42;1;1
CORD_ORD_1622;PROD_44;1;1
CORD_ORD_1622;PROD_8;1;1
CORD_ORD_1623;PROD_1;1;1
CORD_ORD_1623;PROD_10;1;1
CORD_ORD_1623;PROD_11;1;1
CORD_ORD_1623;PROD_14;1;1
CORD_ORD_1623;PROD_16;1;1
CORD_ORD_1623;PROD_20;1;1
CORD_ORD_1623;PROD_23;1;1
CORD_ORD_1623;PROD_24;1;1
CORD_ORD_1623;PROD_27;1;1
CORD_ORD_1623;PROD_28;1;1
CORD_ORD_1623;PROD_29;1;1
CORD_ORD_1623;PROD_3;1;1
CORD_ORD_1623;PROD_30;1;1
CORD_ORD_1623;PROD_32;1;1
CORD_ORD_1623;PROD_35;1;1
CORD_ORD_1623;PROD_36;1;1
CORD_ORD_1623;PROD_37;1;1
CORD_ORD_1623;PROD_39;1;1
CORD_ORD_1623;PROD_40;1;1
CORD_ORD_1623;PROD_42;1;1
CORD_ORD_1623;PROD_43;1;1
CORD_ORD_1623;PROD_45;1;1
CORD_ORD_1623;PROD_47;1;1
CORD_ORD_1623;PROD_8;1;1
CORD_ORD_1623;PROD_9;1;1
CORD_ORD_1624;PROD_10;1;1
CORD_ORD_1624;PROD_11;1;1
CORD_ORD_1624;PROD_14;1;1
CORD_ORD_1624;PROD_16;1;1
CORD_ORD_1624;PROD_17;1;1
CORD_ORD_1624;PROD_20;1;1
CORD_ORD_1624;PROD_27;1;1
CORD_ORD_1624;PROD_28;1;1
CORD_ORD_1624;PROD_29;1;1
CORD_ORD_1624;PROD_31;1;1
CORD_ORD_1624;PROD_32;1;1
CORD_ORD_1624;PROD_35;1;1
CORD_ORD_1624;PROD_39;1;1
CORD_ORD_1624;PROD_43;1;1
CORD_ORD_1624;PROD_47;1;1
CORD_ORD_1624;PROD_48;1;1
CORD_ORD_1624;PROD_8;1;1
CORD_ORD_1624;PROD_9;1;1
CORD_ORD_1625;PROD_12;1;1
CORD_ORD_1625;PROD_13;1;1
CORD_ORD_1625;PROD_17;1;1
CORD_ORD_1625;PROD_21;1;1
CORD_ORD_1625;PROD_22;1;1
CORD_ORD_1625;PROD_25;1;1
CORD_ORD_1625;PROD_26;1;1
CORD_ORD_1625;PROD_31;1;1
CORD_ORD_1625;PROD_38;1;1
CORD_ORD_1625;PROD_4;1;1
CORD_ORD_1625;PROD_46;1;1
CORD_ORD_1625;PROD_48;1;1
CORD_ORD_1625;PROD_5;1;1
CORD_ORD_1625;PROD_50;1;1
CORD_ORD_1625;PROD_6;1;1
CORD_ORD_1625;PROD_7;1;1
CORD_ORD_1626;PROD_11;1;1
CORD_ORD_1626;PROD_12;1;1
CORD_ORD_1626;PROD_17;1;1
CORD_ORD_1626;PROD_21;1;1
CORD_ORD_1626;PROD_27;1;1
CORD_ORD_1626;PROD_29;1;1
CORD_ORD_1626;PROD_31;1;1
CORD_ORD_1626;PROD_32;1;1
CORD_ORD_1626;PROD_4;1;1
CORD_ORD_1626;PROD_43;1;1
CORD_ORD_1626;PROD_47;1;1
CORD_ORD_1626;PROD_48;1;1
CORD_ORD_1627;PROD_11;1;1
CORD_ORD_1627;PROD_14;1;1
CORD_ORD_1627;PROD_15;1;1
CORD_ORD_1627;PROD_20;1;1
CORD_ORD_1627;PROD_26;1;1
CORD_ORD_1627;PROD_27;1;1
CORD_ORD_1627;PROD_28;1;1
CORD_ORD_1627;PROD_29;1;1
CORD_ORD_1627;PROD_30;1;1
CORD_ORD_1627;PROD_34;1;1
CORD_ORD_1627;PROD_35;1;1
CORD_ORD_1627;PROD_39;1;1
CORD_ORD_1627;PROD_40;1;1
CORD_ORD_1627;PROD_46;1;1
CORD_ORD_1627;PROD_49;1;1
CORD_ORD_1627;PROD_6;1;1
CORD_ORD_1627;PROD_9;1;1
CORD_ORD_1628;PROD_11;1;1
CORD_ORD_1628;PROD_12;1;1
CORD_ORD_1628;PROD_13;1;1
CORD_ORD_1628;PROD_14;1;1
CORD_ORD_1628;PROD_15;1;1
CORD_ORD_1628;PROD_17;1;1
CORD_ORD_1628;PROD_19;1;1
CORD_ORD_1628;PROD_21;1;1
CORD_ORD_1628;PROD_27;1;1
CORD_ORD_1628;PROD_28;1;1
CORD_ORD_1628;PROD_29;1;1
CORD_ORD_1628;PROD_31;1;1
CORD_ORD_1628;PROD_32;1;1
CORD_ORD_1628;PROD_33;1;1
CORD_ORD_1628;PROD_34;1;1
CORD_ORD_1628;PROD_38;1;1
CORD_ORD_1628;PROD_4;1;1
CORD_ORD_1628;PROD_43;1;1
CORD_ORD_1628;PROD_44;1;1
CORD_ORD_1628;PROD_47;1;1
CORD_ORD_1628;PROD_48;1;1
CORD_ORD_1628;PROD_49;1;1
CORD_ORD_1628;PROD_5;1;1
CORD_ORD_1628;PROD_7;1;1
CORD_ORD_1628;PROD_9;1;1
CORD_ORD_1629;PROD_10;1;1
CORD_ORD_1629;PROD_11;1;1
CORD_ORD_1629;PROD_16;1;1
CORD_ORD_1629;PROD_19;1;1
CORD_ORD_1629;PROD_22;1;1
CORD_ORD_1629;PROD_24;1;1
CORD_ORD_1629;PROD_25;1;1
CORD_ORD_1629;PROD_27;1;1
CORD_ORD_1629;PROD_29;1;1
CORD_ORD_1629;PROD_33;1;1
CORD_ORD_1629;PROD_37;1;1
CORD_ORD_1629;PROD_42;1;1
CORD_ORD_1629;PROD_44;1;1
CORD_ORD_1629;PROD_50;1;1
CORD_ORD_1629;PROD_8;1;1
CORD_ORD_1630;PROD_10;1;1
CORD_ORD_1630;PROD_11;1;1
CORD_ORD_1630;PROD_12;1;1
CORD_ORD_1630;PROD_13;1;1
CORD_ORD_1630;PROD_14;1;1
CORD_ORD_1630;PROD_15;1;1
CORD_ORD_1630;PROD_16;1;1
CORD_ORD_1630;PROD_17;1;1
CORD_ORD_1630;PROD_18;1;1
CORD_ORD_1630;PROD_2;1;1
CORD_ORD_1630;PROD_21;1;1
CORD_ORD_1630;PROD_22;1;1
CORD_ORD_1630;PROD_23;1;1
CORD_ORD_1630;PROD_24;1;1
CORD_ORD_1630;PROD_25;1;1
CORD_ORD_1630;PROD_26;1;1
CORD_ORD_1630;PROD_27;1;1
CORD_ORD_1630;PROD_28;1;1
CORD_ORD_1630;PROD_29;1;1
CORD_ORD_1630;PROD_31;1;1
CORD_ORD_1630;PROD_32;1;1
CORD_ORD_1630;PROD_34;1;1
CORD_ORD_1630;PROD_37;1;1
CORD_ORD_1630;PROD_38;1;1
CORD_ORD_1630;PROD_4;1;1
CORD_ORD_1630;PROD_41;1;1
CORD_ORD_1630;PROD_42;1;1
CORD_ORD_1630;PROD_43;1;1
CORD_ORD_1630;PROD_45;1;1
CORD_ORD_1630;PROD_46;1;1
CORD_ORD_1630;PROD_47;1;1
CORD_ORD_1630;PROD_48;1;1
CORD_ORD_1630;PROD_49;1;1
CORD_ORD_1630;PROD_50;1;1
CORD_ORD_1630;PROD_6;1;1
CORD_ORD_1630;PROD_8;1;1
CORD_ORD_1630;PROD_9;1;1
CORD_ORD_1631;PROD_10;1;1
CORD_ORD_1631;PROD_11;1;1
CORD_ORD_1631;PROD_14;1;1
CORD_ORD_1631;PROD_16;1;1
CORD_ORD_1631;PROD_19;1;1
CORD_ORD_1631;PROD_20;1;1
CORD_ORD_1631;PROD_22;1;1
CORD_ORD_1631;PROD_25;1;1
CORD_ORD_1631;PROD_27;1;1
CORD_ORD_1631;PROD_28;1;1
CORD_ORD_1631;PROD_29;1;1
CORD_ORD_1631;PROD_33;1;1
CORD_ORD_1631;PROD_35;1;1
CORD_ORD_1631;PROD_39;1;1
CORD_ORD_1631;PROD_44;1;1
CORD_ORD_1631;PROD_50;1;1
CORD_ORD_1631;PROD_8;1;1
CORD_ORD_1631;PROD_9;1;1
CORD_ORD_1632;PROD_1;1;1
CORD_ORD_1632;PROD_11;1;1
CORD_ORD_1632;PROD_15;1;1
CORD_ORD_1632;PROD_19;1;1
CORD_ORD_1632;PROD_22;1;1
CORD_ORD_1632;PROD_24;1;1
CORD_ORD_1632;PROD_25;1;1
CORD_ORD_1632;PROD_27;1;1
CORD_ORD_1632;PROD_29;1;1
CORD_ORD_1632;PROD_3;1;1
CORD_ORD_1632;PROD_32;1;1
CORD_ORD_1632;PROD_33;1;1
CORD_ORD_1632;PROD_34;1;1
CORD_ORD_1632;PROD_36;1;1
CORD_ORD_1632;PROD_37;1;1
CORD_ORD_1632;PROD_42;1;1
CORD_ORD_1632;PROD_43;1;1
CORD_ORD_1632;PROD_44;1;1
CORD_ORD_1632;PROD_47;1;1
CORD_ORD_1632;PROD_49;1;1
CORD_ORD_1632;PROD_50;1;1
CORD_ORD_1633;PROD_15;1;1
CORD_ORD_1633;PROD_17;1;1
CORD_ORD_1633;PROD_20;1;1
CORD_ORD_1633;PROD_22;1;1
CORD_ORD_1633;PROD_25;1;1
CORD_ORD_1633;PROD_26;1;1
CORD_ORD_1633;PROD_31;1;1
CORD_ORD_1633;PROD_34;1;1
CORD_ORD_1633;PROD_35;1;1
CORD_ORD_1633;PROD_39;1;1
CORD_ORD_1633;PROD_46;1;1
CORD_ORD_1633;PROD_48;1;1
CORD_ORD_1633;PROD_49;1;1
CORD_ORD_1633;PROD_50;1;1
CORD_ORD_1633;PROD_6;1;1
CORD_ORD_1634;PROD_1;1;1
CORD_ORD_1634;PROD_10;1;1
CORD_ORD_1634;PROD_14;1;1
CORD_ORD_1634;PROD_16;1;1
CORD_ORD_1634;PROD_18;1;1
CORD_ORD_1634;PROD_2;1;1
CORD_ORD_1634;PROD_20;1;1
CORD_ORD_1634;PROD_22;1;1
CORD_ORD_1634;PROD_24;1;1
CORD_ORD_1634;PROD_25;1;1
CORD_ORD_1634;PROD_26;1;1
CORD_ORD_1634;PROD_28;1;1
CORD_ORD_1634;PROD_3;1;1
CORD_ORD_1634;PROD_30;1;1
CORD_ORD_1634;PROD_32;1;1
CORD_ORD_1634;PROD_35;1;1
CORD_ORD_1634;PROD_36;1;1
CORD_ORD_1634;PROD_37;1;1
CORD_ORD_1634;PROD_39;1;1
CORD_ORD_1634;PROD_40;1;1
CORD_ORD_1634;PROD_41;1;1
CORD_ORD_1634;PROD_42;1;1
CORD_ORD_1634;PROD_43;1;1
CORD_ORD_1634;PROD_46;1;1
CORD_ORD_1634;PROD_47;1;1
CORD_ORD_1634;PROD_50;1;1
CORD_ORD_1634;PROD_6;1;1
CORD_ORD_1634;PROD_8;1;1
CORD_ORD_1634;PROD_9;1;1
CORD_ORD_1635;PROD_12;1;1
CORD_ORD_1635;PROD_13;1;1
CORD_ORD_1635;PROD_15;1;1
CORD_ORD_1635;PROD_17;1;1
CORD_ORD_1635;PROD_21;1;1
CORD_ORD_1635;PROD_22;1;1
CORD_ORD_1635;PROD_25;1;1
CORD_ORD_1635;PROD_26;1;1
CORD_ORD_1635;PROD_31;1;1
CORD_ORD_1635;PROD_34;1;1
CORD_ORD_1635;PROD_38;1;1
CORD_ORD_1635;PROD_4;1;1
CORD_ORD_1635;PROD_46;1;1
CORD_ORD_1635;PROD_48;1;1
CORD_ORD_1635;PROD_49;1;1
CORD_ORD_1635;PROD_50;1;1
CORD_ORD_1635;PROD_6;1;1
CORD_ORD_1636;PROD_1;1;1
CORD_ORD_1636;PROD_10;1;1
CORD_ORD_1636;PROD_12;1;1
CORD_ORD_1636;PROD_13;1;1
CORD_ORD_1636;PROD_16;1;1
CORD_ORD_1636;PROD_17;1;1
CORD_ORD_1636;PROD_19;1;1
CORD_ORD_1636;PROD_20;1;1
CORD_ORD_1636;PROD_21;1;1
CORD_ORD_1636;PROD_22;1;1
CORD_ORD_1636;PROD_25;1;1
CORD_ORD_1636;PROD_3;1;1
CORD_ORD_1636;PROD_31;1;1
CORD_ORD_1636;PROD_33;1;1
CORD_ORD_1636;PROD_35;1;1
CORD_ORD_1636;PROD_36;1;1
CORD_ORD_1636;PROD_38;1;1
CORD_ORD_1636;PROD_39;1;1
CORD_ORD_1636;PROD_4;1;1
CORD_ORD_1636;PROD_44;1;1
CORD_ORD_1636;PROD_48;1;1
CORD_ORD_1636;PROD_50;1;1
CORD_ORD_1636;PROD_8;1;1
CORD_ORD_1637;PROD_10;1;1
CORD_ORD_1637;PROD_11;1;1
CORD_ORD_1637;PROD_13;1;1
CORD_ORD_1637;PROD_15;1;1
CORD_ORD_1637;PROD_16;1;1
CORD_ORD_1637;PROD_17;1;1
CORD_ORD_1637;PROD_18;1;1
CORD_ORD_1637;PROD_19;1;1
CORD_ORD_1637;PROD_2;1;1
CORD_ORD_1637;PROD_27;1;1
CORD_ORD_1637;PROD_29;1;1
CORD_ORD_1637;PROD_31;1;1
CORD_ORD_1637;PROD_32;1;1
CORD_ORD_1637;PROD_33;1;1
CORD_ORD_1637;PROD_34;1;1
CORD_ORD_1637;PROD_38;1;1
CORD_ORD_1637;PROD_41;1;1
CORD_ORD_1637;PROD_43;1;1
CORD_ORD_1637;PROD_44;1;1
CORD_ORD_1637;PROD_47;1;1
CORD_ORD_1637;PROD_48;1;1
CORD_ORD_1637;PROD_49;1;1
CORD_ORD_1637;PROD_8;1;1
CORD_ORD_1638;PROD_1;1;1
CORD_ORD_1638;PROD_10;1;1
CORD_ORD_1638;PROD_16;1;1
CORD_ORD_1638;PROD_19;1;1
CORD_ORD_1638;PROD_22;1;1
CORD_ORD_1638;PROD_24;1;1
CORD_ORD_1638;PROD_25;1;1
CORD_ORD_1638;PROD_3;1;1
CORD_ORD_1638;PROD_33;1;1
CORD_ORD_1638;PROD_36;1;1
CORD_ORD_1638;PROD_37;1;1
CORD_ORD_1638;PROD_42;1;1
CORD_ORD_1638;PROD_44;1;1
CORD_ORD_1638;PROD_50;1;1
CORD_ORD_1638;PROD_8;1;1
CORD_ORD_1639;PROD_1;1;1
CORD_ORD_1639;PROD_10;1;1
CORD_ORD_1639;PROD_16;1;1
CORD_ORD_1639;PROD_26;1;1
CORD_ORD_1639;PROD_3;1;1
CORD_ORD_1639;PROD_36;1;1
CORD_ORD_1639;PROD_46;1;1
CORD_ORD_1639;PROD_6;1;1
CORD_ORD_1639;PROD_8;1;1
CORD_ORD_1640;PROD_1;1;1
CORD_ORD_1640;PROD_18;1;1
CORD_ORD_1640;PROD_2;1;1
CORD_ORD_1640;PROD_20;1;1
CORD_ORD_1640;PROD_23;1;1
CORD_ORD_1640;PROD_24;1;1
CORD_ORD_1640;PROD_3;1;1
CORD_ORD_1640;PROD_32;1;1
CORD_ORD_1640;PROD_35;1;1
CORD_ORD_1640;PROD_36;1;1
CORD_ORD_1640;PROD_37;1;1
CORD_ORD_1640;PROD_39;1;1
CORD_ORD_1640;PROD_41;1;1
CORD_ORD_1640;PROD_42;1;1
CORD_ORD_1640;PROD_43;1;1
CORD_ORD_1640;PROD_45;1;1
CORD_ORD_1640;PROD_47;1;1
CORD_ORD_1641;PROD_1;1;1
CORD_ORD_1641;PROD_10;1;1
CORD_ORD_1641;PROD_11;1;1
CORD_ORD_1641;PROD_16;1;1
CORD_ORD_1641;PROD_19;1;1
CORD_ORD_1641;PROD_22;1;1
CORD_ORD_1641;PROD_23;1;1
CORD_ORD_1641;PROD_25;1;1
CORD_ORD_1641;PROD_27;1;1
CORD_ORD_1641;PROD_29;1;1
CORD_ORD_1641;PROD_3;1;1
CORD_ORD_1641;PROD_33;1;1
CORD_ORD_1641;PROD_36;1;1
CORD_ORD_1641;PROD_44;1;1
CORD_ORD_1641;PROD_45;1;1
CORD_ORD_1641;PROD_50;1;1
CORD_ORD_1641;PROD_8;1;1
CORD_ORD_1642;PROD_10;1;1
CORD_ORD_1642;PROD_11;1;1
CORD_ORD_1642;PROD_15;1;1
CORD_ORD_1642;PROD_16;1;1
CORD_ORD_1642;PROD_19;1;1
CORD_ORD_1642;PROD_20;1;1
CORD_ORD_1642;PROD_27;1;1
CORD_ORD_1642;PROD_29;1;1
CORD_ORD_1642;PROD_33;1;1
CORD_ORD_1642;PROD_34;1;1
CORD_ORD_1642;PROD_35;1;1
CORD_ORD_1642;PROD_39;1;1
CORD_ORD_1642;PROD_44;1;1
CORD_ORD_1642;PROD_49;1;1
CORD_ORD_1642;PROD_8;1;1
CORD_ORD_1643;PROD_1;1;1
CORD_ORD_1643;PROD_15;1;1
CORD_ORD_1643;PROD_19;1;1
CORD_ORD_1643;PROD_3;1;1
CORD_ORD_1643;PROD_32;1;1
CORD_ORD_1643;PROD_33;1;1
CORD_ORD_1643;PROD_34;1;1
CORD_ORD_1643;PROD_36;1;1
CORD_ORD_1643;PROD_43;1;1
CORD_ORD_1643;PROD_44;1;1
CORD_ORD_1643;PROD_47;1;1
CORD_ORD_1643;PROD_49;1;1
CORD_ORD_1644;PROD_10;1;1
CORD_ORD_1644;PROD_11;1;1
CORD_ORD_1644;PROD_14;1;1
CORD_ORD_1644;PROD_16;1;1
CORD_ORD_1644;PROD_19;1;1
CORD_ORD_1644;PROD_20;1;1
CORD_ORD_1644;PROD_23;1;1
CORD_ORD_1644;PROD_27;1;1
CORD_ORD_1644;PROD_28;1;1
CORD_ORD_1644;PROD_29;1;1
CORD_ORD_1644;PROD_33;1;1
CORD_ORD_1644;PROD_35;1;1
CORD_ORD_1644;PROD_39;1;1
CORD_ORD_1644;PROD_44;1;1
CORD_ORD_1644;PROD_45;1;1
CORD_ORD_1644;PROD_8;1;1
CORD_ORD_1644;PROD_9;1;1
CORD_ORD_1645;PROD_1;1;1
CORD_ORD_1645;PROD_10;1;1
CORD_ORD_1645;PROD_12;1;1
CORD_ORD_1645;PROD_16;1;1
CORD_ORD_1645;PROD_18;1;1
CORD_ORD_1645;PROD_2;1;1
CORD_ORD_1645;PROD_20;1;1
CORD_ORD_1645;PROD_21;1;1
CORD_ORD_1645;PROD_24;1;1
CORD_ORD_1645;PROD_26;1;1
CORD_ORD_1645;PROD_3;1;1
CORD_ORD_1645;PROD_32;1;1
CORD_ORD_1645;PROD_35;1;1
CORD_ORD_1645;PROD_36;1;1
CORD_ORD_1645;PROD_37;1;1
CORD_ORD_1645;PROD_39;1;1
CORD_ORD_1645;PROD_4;1;1
CORD_ORD_1645;PROD_41;1;1
CORD_ORD_1645;PROD_42;1;1
CORD_ORD_1645;PROD_43;1;1
CORD_ORD_1645;PROD_46;1;1
CORD_ORD_1645;PROD_47;1;1
CORD_ORD_1645;PROD_6;1;1
CORD_ORD_1645;PROD_8;1;1
CORD_ORD_1646;PROD_10;1;1
CORD_ORD_1646;PROD_11;1;1
CORD_ORD_1646;PROD_12;1;1
CORD_ORD_1646;PROD_16;1;1
CORD_ORD_1646;PROD_21;1;1
CORD_ORD_1646;PROD_23;1;1
CORD_ORD_1646;PROD_24;1;1
CORD_ORD_1646;PROD_27;1;1
CORD_ORD_1646;PROD_29;1;1
CORD_ORD_1646;PROD_30;1;1
CORD_ORD_1646;PROD_32;1;1
CORD_ORD_1646;PROD_37;1;1
CORD_ORD_1646;PROD_4;1;1
CORD_ORD_1646;PROD_40;1;1
CORD_ORD_1646;PROD_42;1;1
CORD_ORD_1646;PROD_43;1;1
CORD_ORD_1646;PROD_45;1;1
CORD_ORD_1646;PROD_47;1;1
CORD_ORD_1646;PROD_5;1;1
CORD_ORD_1646;PROD_7;1;1
CORD_ORD_1646;PROD_8;1;1
CORD_ORD_1647;PROD_1;1;1
CORD_ORD_1647;PROD_10;1;1
CORD_ORD_1647;PROD_12;1;1
CORD_ORD_1647;PROD_14;1;1
CORD_ORD_1647;PROD_15;1;1
CORD_ORD_1647;PROD_16;1;1
CORD_ORD_1647;PROD_18;1;1
CORD_ORD_1647;PROD_19;1;1
CORD_ORD_1647;PROD_2;1;1
CORD_ORD_1647;PROD_20;1;1
CORD_ORD_1647;PROD_21;1;1
CORD_ORD_1647;PROD_22;1;1
CORD_ORD_1647;PROD_23;1;1
CORD_ORD_1647;PROD_25;1;1
CORD_ORD_1647;PROD_28;1;1
CORD_ORD_1647;PROD_3;1;1
CORD_ORD_1647;PROD_33;1;1
CORD_ORD_1647;PROD_34;1;1
CORD_ORD_1647;PROD_35;1;1
CORD_ORD_1647;PROD_36;1;1
CORD_ORD_1647;PROD_39;1;1
CORD_ORD_1647;PROD_4;1;1
CORD_ORD_1647;PROD_41;1;1
CORD_ORD_1647;PROD_44;1;1
CORD_ORD_1647;PROD_45;1;1
CORD_ORD_1647;PROD_49;1;1
CORD_ORD_1647;PROD_50;1;1
CORD_ORD_1647;PROD_8;1;1
CORD_ORD_1647;PROD_9;1;1
CORD_ORD_1648;PROD_10;1;1
CORD_ORD_1648;PROD_13;1;1
CORD_ORD_1648;PROD_15;1;1
CORD_ORD_1648;PROD_16;1;1
CORD_ORD_1648;PROD_17;1;1
CORD_ORD_1648;PROD_22;1;1
CORD_ORD_1648;PROD_25;1;1
CORD_ORD_1648;PROD_31;1;1
CORD_ORD_1648;PROD_34;1;1
CORD_ORD_1648;PROD_38;1;1
CORD_ORD_1648;PROD_48;1;1
CORD_ORD_1648;PROD_49;1;1
CORD_ORD_1648;PROD_50;1;1
CORD_ORD_1648;PROD_8;1;1
CORD_ORD_1649;PROD_10;1;1
CORD_ORD_1649;PROD_11;1;1
CORD_ORD_1649;PROD_14;1;1
CORD_ORD_1649;PROD_16;1;1
CORD_ORD_1649;PROD_20;1;1
CORD_ORD_1649;PROD_26;1;1
CORD_ORD_1649;PROD_27;1;1
CORD_ORD_1649;PROD_28;1;1
CORD_ORD_1649;PROD_29;1;1
CORD_ORD_1649;PROD_35;1;1
CORD_ORD_1649;PROD_39;1;1
CORD_ORD_1649;PROD_46;1;1
CORD_ORD_1649;PROD_6;1;1
CORD_ORD_1649;PROD_8;1;1
CORD_ORD_1649;PROD_9;1;1
CORD_ORD_1650;PROD_10;1;1
CORD_ORD_1650;PROD_15;1;1
CORD_ORD_1650;PROD_16;1;1
CORD_ORD_1650;PROD_17;1;1
CORD_ORD_1650;PROD_22;1;1
CORD_ORD_1650;PROD_25;1;1
CORD_ORD_1650;PROD_26;1;1
CORD_ORD_1650;PROD_31;1;1
CORD_ORD_1650;PROD_34;1;1
CORD_ORD_1650;PROD_46;1;1
CORD_ORD_1650;PROD_48;1;1
CORD_ORD_1650;PROD_49;1;1
CORD_ORD_1650;PROD_50;1;1
CORD_ORD_1650;PROD_6;1;1
CORD_ORD_1650;PROD_8;1;1
CORD_ORD_1651;PROD_12;1;1
CORD_ORD_1651;PROD_13;1;1
CORD_ORD_1651;PROD_14;1;1
CORD_ORD_1651;PROD_15;1;1
CORD_ORD_1651;PROD_17;1;1
CORD_ORD_1651;PROD_21;1;1
CORD_ORD_1651;PROD_23;1;1
CORD_ORD_1651;PROD_28;1;1
CORD_ORD_1651;PROD_31;1;1
CORD_ORD_1651;PROD_34;1;1
CORD_ORD_1651;PROD_38;1;1
CORD_ORD_1651;PROD_4;1;1
CORD_ORD_1651;PROD_45;1;1
CORD_ORD_1651;PROD_48;1;1
CORD_ORD_1651;PROD_49;1;1
CORD_ORD_1651;PROD_9;1;1
CORD_ORD_1652;PROD_1;1;1
CORD_ORD_1652;PROD_10;1;1
CORD_ORD_1652;PROD_15;1;1
CORD_ORD_1652;PROD_16;1;1
CORD_ORD_1652;PROD_19;1;1
CORD_ORD_1652;PROD_23;1;1
CORD_ORD_1652;PROD_26;1;1
CORD_ORD_1652;PROD_3;1;1
CORD_ORD_1652;PROD_33;1;1
CORD_ORD_1652;PROD_34;1;1
CORD_ORD_1652;PROD_36;1;1
CORD_ORD_1652;PROD_44;1;1
CORD_ORD_1652;PROD_45;1;1
CORD_ORD_1652;PROD_46;1;1
CORD_ORD_1652;PROD_49;1;1
CORD_ORD_1652;PROD_6;1;1
CORD_ORD_1652;PROD_8;1;1
CORD_ORD_1653;PROD_15;1;1
CORD_ORD_1653;PROD_22;1;1
CORD_ORD_1653;PROD_23;1;1
CORD_ORD_1653;PROD_24;1;1
CORD_ORD_1653;PROD_25;1;1
CORD_ORD_1653;PROD_26;1;1
CORD_ORD_1653;PROD_34;1;1
CORD_ORD_1653;PROD_37;1;1
CORD_ORD_1653;PROD_42;1;1
CORD_ORD_1653;PROD_45;1;1
CORD_ORD_1653;PROD_46;1;1
CORD_ORD_1653;PROD_49;1;1
CORD_ORD_1653;PROD_50;1;1
CORD_ORD_1653;PROD_6;1;1
CORD_ORD_1654;PROD_12;1;1
CORD_ORD_1654;PROD_13;1;1
CORD_ORD_1654;PROD_17;1;1
CORD_ORD_1654;PROD_21;1;1
CORD_ORD_1654;PROD_22;1;1
CORD_ORD_1654;PROD_25;1;1
CORD_ORD_1654;PROD_31;1;1
CORD_ORD_1654;PROD_38;1;1
CORD_ORD_1654;PROD_4;1;1
CORD_ORD_1654;PROD_48;1;1
CORD_ORD_1654;PROD_50;1;1
CORD_ORD_1655;PROD_1;1;1
CORD_ORD_1655;PROD_11;1;1
CORD_ORD_1655;PROD_27;1;1
CORD_ORD_1655;PROD_29;1;1
CORD_ORD_1655;PROD_3;1;1
CORD_ORD_1655;PROD_32;1;1
CORD_ORD_1655;PROD_36;1;1
CORD_ORD_1655;PROD_43;1;1
CORD_ORD_1655;PROD_47;1;1
CORD_ORD_1656;PROD_1;1;1
CORD_ORD_1656;PROD_10;1;1
CORD_ORD_1656;PROD_13;1;1
CORD_ORD_1656;PROD_16;1;1
CORD_ORD_1656;PROD_18;1;1
CORD_ORD_1656;PROD_2;1;1
CORD_ORD_1656;PROD_20;1;1
CORD_ORD_1656;PROD_24;1;1
CORD_ORD_1656;PROD_26;1;1
CORD_ORD_1656;PROD_3;1;1
CORD_ORD_1656;PROD_35;1;1
CORD_ORD_1656;PROD_36;1;1
CORD_ORD_1656;PROD_37;1;1
CORD_ORD_1656;PROD_38;1;1
CORD_ORD_1656;PROD_39;1;1
CORD_ORD_1656;PROD_41;1;1
CORD_ORD_1656;PROD_42;1;1
CORD_ORD_1656;PROD_46;1;1
CORD_ORD_1656;PROD_6;1;1
CORD_ORD_1656;PROD_8;1;1
CORD_ORD_1657;PROD_13;1;1
CORD_ORD_1657;PROD_15;1;1
CORD_ORD_1657;PROD_18;1;1
CORD_ORD_1657;PROD_19;1;1
CORD_ORD_1657;PROD_2;1;1
CORD_ORD_1657;PROD_23;1;1
CORD_ORD_1657;PROD_30;1;1
CORD_ORD_1657;PROD_33;1;1
CORD_ORD_1657;PROD_34;1;1
CORD_ORD_1657;PROD_38;1;1
CORD_ORD_1657;PROD_40;1;1
CORD_ORD_1657;PROD_41;1;1
CORD_ORD_1657;PROD_44;1;1
CORD_ORD_1657;PROD_45;1;1
CORD_ORD_1657;PROD_49;1;1
CORD_ORD_1658;PROD_1;1;1
CORD_ORD_1658;PROD_10;1;1
CORD_ORD_1658;PROD_12;1;1
CORD_ORD_1658;PROD_15;1;1
CORD_ORD_1658;PROD_16;1;1
CORD_ORD_1658;PROD_18;1;1
CORD_ORD_1658;PROD_19;1;1
CORD_ORD_1658;PROD_2;1;1
CORD_ORD_1658;PROD_21;1;1
CORD_ORD_1658;PROD_22;1;1
CORD_ORD_1658;PROD_23;1;1
CORD_ORD_1658;PROD_24;1;1
CORD_ORD_1658;PROD_25;1;1
CORD_ORD_1658;PROD_3;1;1
CORD_ORD_1658;PROD_33;1;1
CORD_ORD_1658;PROD_34;1;1
CORD_ORD_1658;PROD_36;1;1
CORD_ORD_1658;PROD_37;1;1
CORD_ORD_1658;PROD_4;1;1
CORD_ORD_1658;PROD_41;1;1
CORD_ORD_1658;PROD_42;1;1
CORD_ORD_1658;PROD_44;1;1
CORD_ORD_1658;PROD_45;1;1
CORD_ORD_1658;PROD_49;1;1
CORD_ORD_1658;PROD_5;1;1
CORD_ORD_1658;PROD_50;1;1
CORD_ORD_1658;PROD_7;1;1
CORD_ORD_1658;PROD_8;1;1
CORD_ORD_1659;PROD_1;1;1
CORD_ORD_1659;PROD_10;1;1
CORD_ORD_1659;PROD_13;1;1
CORD_ORD_1659;PROD_15;1;1
CORD_ORD_1659;PROD_16;1;1
CORD_ORD_1659;PROD_22;1;1
CORD_ORD_1659;PROD_25;1;1
CORD_ORD_1659;PROD_3;1;1
CORD_ORD_1659;PROD_34;1;1
CORD_ORD_1659;PROD_36;1;1
CORD_ORD_1659;PROD_38;1;1
CORD_ORD_1659;PROD_49;1;1
CORD_ORD_1659;PROD_5;1;1
CORD_ORD_1659;PROD_50;1;1
CORD_ORD_1659;PROD_7;1;1
CORD_ORD_1659;PROD_8;1;1
CORD_ORD_1660;PROD_11;1;1
CORD_ORD_1660;PROD_15;1;1
CORD_ORD_1660;PROD_18;1;1
CORD_ORD_1660;PROD_19;1;1
CORD_ORD_1660;PROD_2;1;1
CORD_ORD_1660;PROD_22;1;1
CORD_ORD_1660;PROD_25;1;1
CORD_ORD_1660;PROD_27;1;1
CORD_ORD_1660;PROD_29;1;1
CORD_ORD_1660;PROD_30;1;1
CORD_ORD_1660;PROD_33;1;1
CORD_ORD_1660;PROD_34;1;1
CORD_ORD_1660;PROD_40;1;1
CORD_ORD_1660;PROD_41;1;1
CORD_ORD_1660;PROD_44;1;1
CORD_ORD_1660;PROD_49;1;1
CORD_ORD_1660;PROD_5;1;1
CORD_ORD_1660;PROD_50;1;1
CORD_ORD_1660;PROD_7;1;1
CORD_ORD_1661;PROD_11;1;1
CORD_ORD_1661;PROD_12;1;1
CORD_ORD_1661;PROD_15;1;1
CORD_ORD_1661;PROD_17;1;1
CORD_ORD_1661;PROD_18;1;1
CORD_ORD_1661;PROD_2;1;1
CORD_ORD_1661;PROD_20;1;1
CORD_ORD_1661;PROD_21;1;1
CORD_ORD_1661;PROD_22;1;1
CORD_ORD_1661;PROD_24;1;1
CORD_ORD_1661;PROD_25;1;1
CORD_ORD_1661;PROD_26;1;1
CORD_ORD_1661;PROD_27;1;1
CORD_ORD_1661;PROD_29;1;1
CORD_ORD_1661;PROD_31;1;1
CORD_ORD_1661;PROD_34;1;1
CORD_ORD_1661;PROD_35;1;1
CORD_ORD_1661;PROD_37;1;1
CORD_ORD_1661;PROD_39;1;1
CORD_ORD_1661;PROD_4;1;1
CORD_ORD_1661;PROD_41;1;1
CORD_ORD_1661;PROD_42;1;1
CORD_ORD_1661;PROD_46;1;1
CORD_ORD_1661;PROD_48;1;1
CORD_ORD_1661;PROD_49;1;1
CORD_ORD_1661;PROD_50;1;1
CORD_ORD_1661;PROD_6;1;1
CORD_ORD_1662;PROD_10;1;1
CORD_ORD_1662;PROD_15;1;1
CORD_ORD_1662;PROD_16;1;1
CORD_ORD_1662;PROD_18;1;1
CORD_ORD_1662;PROD_19;1;1
CORD_ORD_1662;PROD_2;1;1
CORD_ORD_1662;PROD_24;1;1
CORD_ORD_1662;PROD_33;1;1
CORD_ORD_1662;PROD_34;1;1
CORD_ORD_1662;PROD_37;1;1
CORD_ORD_1662;PROD_41;1;1
CORD_ORD_1662;PROD_42;1;1
CORD_ORD_1662;PROD_44;1;1
CORD_ORD_1662;PROD_49;1;1
CORD_ORD_1662;PROD_5;1;1
CORD_ORD_1662;PROD_7;1;1
CORD_ORD_1662;PROD_8;1;1
CORD_ORD_1663;PROD_1;1;1
CORD_ORD_1663;PROD_10;1;1
CORD_ORD_1663;PROD_12;1;1
CORD_ORD_1663;PROD_14;1;1
CORD_ORD_1663;PROD_16;1;1
CORD_ORD_1663;PROD_21;1;1
CORD_ORD_1663;PROD_28;1;1
CORD_ORD_1663;PROD_3;1;1
CORD_ORD_1663;PROD_36;1;1
CORD_ORD_1663;PROD_4;1;1
CORD_ORD_1663;PROD_5;1;1
CORD_ORD_1663;PROD_7;1;1
CORD_ORD_1663;PROD_8;1;1
CORD_ORD_1663;PROD_9;1;1
CORD_ORD_1664;PROD_11;1;1
CORD_ORD_1664;PROD_17;1;1
CORD_ORD_1664;PROD_18;1;1
CORD_ORD_1664;PROD_19;1;1
CORD_ORD_1664;PROD_2;1;1
CORD_ORD_1664;PROD_22;1;1
CORD_ORD_1664;PROD_24;1;1
CORD_ORD_1664;PROD_25;1;1
CORD_ORD_1664;PROD_27;1;1
CORD_ORD_1664;PROD_29;1;1
CORD_ORD_1664;PROD_30;1;1
CORD_ORD_1664;PROD_31;1;1
CORD_ORD_1664;PROD_33;1;1
CORD_ORD_1664;PROD_37;1;1
CORD_ORD_1664;PROD_40;1;1
CORD_ORD_1664;PROD_41;1;1
CORD_ORD_1664;PROD_42;1;1
CORD_ORD_1664;PROD_44;1;1
CORD_ORD_1664;PROD_48;1;1
CORD_ORD_1664;PROD_50;1;1
CORD_ORD_1665;PROD_1;1;1
CORD_ORD_1665;PROD_12;1;1
CORD_ORD_1665;PROD_13;1;1
CORD_ORD_1665;PROD_14;1;1
CORD_ORD_1665;PROD_15;1;1
CORD_ORD_1665;PROD_17;1;1
CORD_ORD_1665;PROD_19;1;1
CORD_ORD_1665;PROD_21;1;1
CORD_ORD_1665;PROD_22;1;1
CORD_ORD_1665;PROD_25;1;1
CORD_ORD_1665;PROD_26;1;1
CORD_ORD_1665;PROD_28;1;1
CORD_ORD_1665;PROD_3;1;1
CORD_ORD_1665;PROD_31;1;1
CORD_ORD_1665;PROD_32;1;1
CORD_ORD_1665;PROD_33;1;1
CORD_ORD_1665;PROD_34;1;1
CORD_ORD_1665;PROD_36;1;1
CORD_ORD_1665;PROD_38;1;1
CORD_ORD_1665;PROD_4;1;1
CORD_ORD_1665;PROD_43;1;1
CORD_ORD_1665;PROD_44;1;1
CORD_ORD_1665;PROD_46;1;1
CORD_ORD_1665;PROD_47;1;1
CORD_ORD_1665;PROD_48;1;1
CORD_ORD_1665;PROD_49;1;1
CORD_ORD_1665;PROD_50;1;1
CORD_ORD_1665;PROD_6;1;1
CORD_ORD_1665;PROD_9;1;1
CORD_ORD_1666;PROD_13;1;1
CORD_ORD_1666;PROD_19;1;1
CORD_ORD_1666;PROD_20;1;1
CORD_ORD_1666;PROD_22;1;1
CORD_ORD_1666;PROD_25;1;1
CORD_ORD_1666;PROD_26;1;1
CORD_ORD_1666;PROD_33;1;1
CORD_ORD_1666;PROD_35;1;1
CORD_ORD_1666;PROD_38;1;1
CORD_ORD_1666;PROD_39;1;1
CORD_ORD_1666;PROD_44;1;1
CORD_ORD_1666;PROD_46;1;1
CORD_ORD_1666;PROD_5;1;1
CORD_ORD_1666;PROD_50;1;1
CORD_ORD_1666;PROD_6;1;1
CORD_ORD_1666;PROD_7;1;1
CORD_ORD_1667;PROD_1;1;1
CORD_ORD_1667;PROD_10;1;1
CORD_ORD_1667;PROD_11;1;1
CORD_ORD_1667;PROD_13;1;1
CORD_ORD_1667;PROD_15;1;1
CORD_ORD_1667;PROD_16;1;1
CORD_ORD_1667;PROD_17;1;1
CORD_ORD_1667;PROD_24;1;1
CORD_ORD_1667;PROD_27;1;1
CORD_ORD_1667;PROD_29;1;1
CORD_ORD_1667;PROD_3;1;1
CORD_ORD_1667;PROD_31;1;1
CORD_ORD_1667;PROD_32;1;1
CORD_ORD_1667;PROD_34;1;1
CORD_ORD_1667;PROD_36;1;1
CORD_ORD_1667;PROD_37;1;1
CORD_ORD_1667;PROD_38;1;1
CORD_ORD_1667;PROD_42;1;1
CORD_ORD_1667;PROD_43;1;1
CORD_ORD_1667;PROD_47;1;1
CORD_ORD_1667;PROD_48;1;1
CORD_ORD_1667;PROD_49;1;1
CORD_ORD_1667;PROD_8;1;1
CORD_ORD_1668;PROD_10;1;1
CORD_ORD_1668;PROD_12;1;1
CORD_ORD_1668;PROD_13;1;1
CORD_ORD_1668;PROD_14;1;1
CORD_ORD_1668;PROD_15;1;1
CORD_ORD_1668;PROD_16;1;1
CORD_ORD_1668;PROD_17;1;1
CORD_ORD_1668;PROD_18;1;1
CORD_ORD_1668;PROD_2;1;1
CORD_ORD_1668;PROD_21;1;1
CORD_ORD_1668;PROD_24;1;1
CORD_ORD_1668;PROD_26;1;1
CORD_ORD_1668;PROD_28;1;1
CORD_ORD_1668;PROD_31;1;1
CORD_ORD_1668;PROD_34;1;1
CORD_ORD_1668;PROD_37;1;1
CORD_ORD_1668;PROD_38;1;1
CORD_ORD_1668;PROD_4;1;1
CORD_ORD_1668;PROD_41;1;1
CORD_ORD_1668;PROD_42;1;1
CORD_ORD_1668;PROD_46;1;1
CORD_ORD_1668;PROD_48;1;1
CORD_ORD_1668;PROD_49;1;1
CORD_ORD_1668;PROD_6;1;1
CORD_ORD_1668;PROD_8;1;1
CORD_ORD_1668;PROD_9;1;1
CORD_ORD_1669;PROD_1;1;1
CORD_ORD_1669;PROD_10;1;1
CORD_ORD_1669;PROD_11;1;1
CORD_ORD_1669;PROD_16;1;1
CORD_ORD_1669;PROD_19;1;1
CORD_ORD_1669;PROD_20;1;1
CORD_ORD_1669;PROD_23;1;1
CORD_ORD_1669;PROD_24;1;1
CORD_ORD_1669;PROD_26;1;1
CORD_ORD_1669;PROD_27;1;1
CORD_ORD_1669;PROD_29;1;1
CORD_ORD_1669;PROD_3;1;1
CORD_ORD_1669;PROD_33;1;1
CORD_ORD_1669;PROD_35;1;1
CORD_ORD_1669;PROD_36;1;1
CORD_ORD_1669;PROD_37;1;1
CORD_ORD_1669;PROD_39;1;1
CORD_ORD_1669;PROD_42;1;1
CORD_ORD_1669;PROD_44;1;1
CORD_ORD_1669;PROD_45;1;1
CORD_ORD_1669;PROD_46;1;1
CORD_ORD_1669;PROD_6;1;1
CORD_ORD_1669;PROD_8;1;1
CORD_ORD_1670;PROD_1;1;1
CORD_ORD_1670;PROD_10;1;1
CORD_ORD_1670;PROD_11;1;1
CORD_ORD_1670;PROD_16;1;1
CORD_ORD_1670;PROD_17;1;1
CORD_ORD_1670;PROD_18;1;1
CORD_ORD_1670;PROD_2;1;1
CORD_ORD_1670;PROD_24;1;1
CORD_ORD_1670;PROD_26;1;1
CORD_ORD_1670;PROD_27;1;1
CORD_ORD_1670;PROD_29;1;1
CORD_ORD_1670;PROD_3;1;1
CORD_ORD_1670;PROD_31;1;1
CORD_ORD_1670;PROD_32;1;1
CORD_ORD_1670;PROD_36;1;1
CORD_ORD_1670;PROD_37;1;1
CORD_ORD_1670;PROD_41;1;1
CORD_ORD_1670;PROD_42;1;1
CORD_ORD_1670;PROD_43;1;1
CORD_ORD_1670;PROD_46;1;1
CORD_ORD_1670;PROD_47;1;1
CORD_ORD_1670;PROD_48;1;1
CORD_ORD_1670;PROD_6;1;1
CORD_ORD_1670;PROD_8;1;1
CORD_ORD_1671;PROD_1;1;1
CORD_ORD_1671;PROD_11;1;1
CORD_ORD_1671;PROD_12;1;1
CORD_ORD_1671;PROD_13;1;1
CORD_ORD_1671;PROD_14;1;1
CORD_ORD_1671;PROD_15;1;1
CORD_ORD_1671;PROD_17;1;1
CORD_ORD_1671;PROD_18;1;1
CORD_ORD_1671;PROD_2;1;1
CORD_ORD_1671;PROD_21;1;1
CORD_ORD_1671;PROD_26;1;1
CORD_ORD_1671;PROD_27;1;1
CORD_ORD_1671;PROD_28;1;1
CORD_ORD_1671;PROD_29;1;1
CORD_ORD_1671;PROD_3;1;1
CORD_ORD_1671;PROD_31;1;1
CORD_ORD_1671;PROD_32;1;1
CORD_ORD_1671;PROD_34;1;1
CORD_ORD_1671;PROD_36;1;1
CORD_ORD_1671;PROD_38;1;1
CORD_ORD_1671;PROD_4;1;1
CORD_ORD_1671;PROD_41;1;1
CORD_ORD_1671;PROD_43;1;1
CORD_ORD_1671;PROD_46;1;1
CORD_ORD_1671;PROD_47;1;1
CORD_ORD_1671;PROD_48;1;1
CORD_ORD_1671;PROD_49;1;1
CORD_ORD_1671;PROD_6;1;1
CORD_ORD_1671;PROD_9;1;1
CORD_ORD_1672;PROD_10;1;1
CORD_ORD_1672;PROD_12;1;1
CORD_ORD_1672;PROD_13;1;1
CORD_ORD_1672;PROD_14;1;1
CORD_ORD_1672;PROD_15;1;1
CORD_ORD_1672;PROD_16;1;1
CORD_ORD_1672;PROD_17;1;1
CORD_ORD_1672;PROD_20;1;1
CORD_ORD_1672;PROD_21;1;1
CORD_ORD_1672;PROD_22;1;1
CORD_ORD_1672;PROD_25;1;1
CORD_ORD_1672;PROD_26;1;1
CORD_ORD_1672;PROD_28;1;1
CORD_ORD_1672;PROD_31;1;1
CORD_ORD_1672;PROD_34;1;1
CORD_ORD_1672;PROD_35;1;1
CORD_ORD_1672;PROD_38;1;1
CORD_ORD_1672;PROD_39;1;1
CORD_ORD_1672;PROD_4;1;1
CORD_ORD_1672;PROD_46;1;1
CORD_ORD_1672;PROD_48;1;1
CORD_ORD_1672;PROD_49;1;1
CORD_ORD_1672;PROD_50;1;1
CORD_ORD_1672;PROD_6;1;1
CORD_ORD_1672;PROD_8;1;1
CORD_ORD_1672;PROD_9;1;1
CORD_ORD_1673;PROD_10;1;1
CORD_ORD_1673;PROD_16;1;1
CORD_ORD_1673;PROD_18;1;1
CORD_ORD_1673;PROD_2;1;1
CORD_ORD_1673;PROD_22;1;1
CORD_ORD_1673;PROD_23;1;1
CORD_ORD_1673;PROD_25;1;1
CORD_ORD_1673;PROD_26;1;1
CORD_ORD_1673;PROD_32;1;1
CORD_ORD_1673;PROD_41;1;1
CORD_ORD_1673;PROD_43;1;1
CORD_ORD_1673;PROD_45;1;1
CORD_ORD_1673;PROD_46;1;1
CORD_ORD_1673;PROD_47;1;1
CORD_ORD_1673;PROD_50;1;1
CORD_ORD_1673;PROD_6;1;1
CORD_ORD_1673;PROD_8;1;1
CORD_ORD_1674;PROD_1;1;1
CORD_ORD_1674;PROD_10;1;1
CORD_ORD_1674;PROD_12;1;1
CORD_ORD_1674;PROD_16;1;1
CORD_ORD_1674;PROD_21;1;1
CORD_ORD_1674;PROD_22;1;1
CORD_ORD_1674;PROD_25;1;1
CORD_ORD_1674;PROD_3;1;1
CORD_ORD_1674;PROD_36;1;1
CORD_ORD_1674;PROD_4;1;1
CORD_ORD_1674;PROD_50;1;1
CORD_ORD_1674;PROD_8;1;1
CORD_ORD_1675;PROD_1;1;1
CORD_ORD_1675;PROD_11;1;1
CORD_ORD_1675;PROD_12;1;1
CORD_ORD_1675;PROD_13;1;1
CORD_ORD_1675;PROD_14;1;1
CORD_ORD_1675;PROD_17;1;1
CORD_ORD_1675;PROD_20;1;1
CORD_ORD_1675;PROD_21;1;1
CORD_ORD_1675;PROD_22;1;1
CORD_ORD_1675;PROD_23;1;1
CORD_ORD_1675;PROD_24;1;1
CORD_ORD_1675;PROD_25;1;1
CORD_ORD_1675;PROD_26;1;1
CORD_ORD_1675;PROD_27;1;1
CORD_ORD_1675;PROD_28;1;1
CORD_ORD_1675;PROD_29;1;1
CORD_ORD_1675;PROD_3;1;1
CORD_ORD_1675;PROD_31;1;1
CORD_ORD_1675;PROD_35;1;1
CORD_ORD_1675;PROD_36;1;1
CORD_ORD_1675;PROD_37;1;1
CORD_ORD_1675;PROD_38;1;1
CORD_ORD_1675;PROD_39;1;1
CORD_ORD_1675;PROD_4;1;1
CORD_ORD_1675;PROD_42;1;1
CORD_ORD_1675;PROD_45;1;1
CORD_ORD_1675;PROD_46;1;1
CORD_ORD_1675;PROD_48;1;1
CORD_ORD_1675;PROD_5;1;1
CORD_ORD_1675;PROD_50;1;1
CORD_ORD_1675;PROD_6;1;1
CORD_ORD_1675;PROD_7;1;1
CORD_ORD_1675;PROD_9;1;1
CORD_ORD_1676;PROD_14;1;1
CORD_ORD_1676;PROD_17;1;1
CORD_ORD_1676;PROD_18;1;1
CORD_ORD_1676;PROD_2;1;1
CORD_ORD_1676;PROD_26;1;1
CORD_ORD_1676;PROD_28;1;1
CORD_ORD_1676;PROD_31;1;1
CORD_ORD_1676;PROD_32;1;1
CORD_ORD_1676;PROD_41;1;1
CORD_ORD_1676;PROD_43;1;1
CORD_ORD_1676;PROD_46;1;1
CORD_ORD_1676;PROD_47;1;1
CORD_ORD_1676;PROD_48;1;1
CORD_ORD_1676;PROD_5;1;1
CORD_ORD_1676;PROD_6;1;1
CORD_ORD_1676;PROD_7;1;1
CORD_ORD_1676;PROD_9;1;1
CORD_ORD_1677;PROD_11;1;1
CORD_ORD_1677;PROD_17;1;1
CORD_ORD_1677;PROD_27;1;1
CORD_ORD_1677;PROD_29;1;1
CORD_ORD_1677;PROD_31;1;1
CORD_ORD_1677;PROD_32;1;1
CORD_ORD_1677;PROD_43;1;1
CORD_ORD_1677;PROD_47;1;1
CORD_ORD_1677;PROD_48;1;1
CORD_ORD_1678;PROD_12;1;1
CORD_ORD_1678;PROD_13;1;1
CORD_ORD_1678;PROD_14;1;1
CORD_ORD_1678;PROD_15;1;1
CORD_ORD_1678;PROD_19;1;1
CORD_ORD_1678;PROD_21;1;1
CORD_ORD_1678;PROD_22;1;1
CORD_ORD_1678;PROD_23;1;1
CORD_ORD_1678;PROD_24;1;1
CORD_ORD_1678;PROD_25;1;1
CORD_ORD_1678;PROD_26;1;1
CORD_ORD_1678;PROD_28;1;1
CORD_ORD_1678;PROD_30;1;1
CORD_ORD_1678;PROD_33;1;1
CORD_ORD_1678;PROD_34;1;1
CORD_ORD_1678;PROD_37;1;1
CORD_ORD_1678;PROD_38;1;1
CORD_ORD_1678;PROD_4;1;1
CORD_ORD_1678;PROD_40;1;1
CORD_ORD_1678;PROD_42;1;1
CORD_ORD_1678;PROD_44;1;1
CORD_ORD_1678;PROD_45;1;1
CORD_ORD_1678;PROD_46;1;1
CORD_ORD_1678;PROD_49;1;1
CORD_ORD_1678;PROD_50;1;1
CORD_ORD_1678;PROD_6;1;1
CORD_ORD_1678;PROD_9;1;1
CORD_ORD_1679;PROD_11;1;1
CORD_ORD_1679;PROD_19;1;1
CORD_ORD_1679;PROD_23;1;1
CORD_ORD_1679;PROD_27;1;1
CORD_ORD_1679;PROD_29;1;1
CORD_ORD_1679;PROD_33;1;1
CORD_ORD_1679;PROD_44;1;1
CORD_ORD_1679;PROD_45;1;1
CORD_ORD_1680;PROD_1;1;1
CORD_ORD_1680;PROD_10;1;1
CORD_ORD_1680;PROD_14;1;1
CORD_ORD_1680;PROD_16;1;1
CORD_ORD_1680;PROD_17;1;1
CORD_ORD_1680;PROD_18;1;1
CORD_ORD_1680;PROD_2;1;1
CORD_ORD_1680;PROD_26;1;1
CORD_ORD_1680;PROD_28;1;1
CORD_ORD_1680;PROD_3;1;1
CORD_ORD_1680;PROD_31;1;1
CORD_ORD_1680;PROD_36;1;1
CORD_ORD_1680;PROD_41;1;1
CORD_ORD_1680;PROD_46;1;1
CORD_ORD_1680;PROD_48;1;1
CORD_ORD_1680;PROD_6;1;1
CORD_ORD_1680;PROD_8;1;1
CORD_ORD_1680;PROD_9;1;1
CORD_ORD_1681;PROD_10;1;1
CORD_ORD_1681;PROD_14;1;1
CORD_ORD_1681;PROD_16;1;1
CORD_ORD_1681;PROD_19;1;1
CORD_ORD_1681;PROD_20;1;1
CORD_ORD_1681;PROD_24;1;1
CORD_ORD_1681;PROD_26;1;1
CORD_ORD_1681;PROD_28;1;1
CORD_ORD_1681;PROD_33;1;1
CORD_ORD_1681;PROD_35;1;1
CORD_ORD_1681;PROD_37;1;1
CORD_ORD_1681;PROD_39;1;1
CORD_ORD_1681;PROD_42;1;1
CORD_ORD_1681;PROD_44;1;1
CORD_ORD_1681;PROD_46;1;1
CORD_ORD_1681;PROD_6;1;1
CORD_ORD_1681;PROD_8;1;1
CORD_ORD_1681;PROD_9;1;1
CORD_ORD_1682;PROD_10;1;1
CORD_ORD_1682;PROD_12;1;1
CORD_ORD_1682;PROD_13;1;1
CORD_ORD_1682;PROD_14;1;1
CORD_ORD_1682;PROD_16;1;1
CORD_ORD_1682;PROD_17;1;1
CORD_ORD_1682;PROD_19;1;1
CORD_ORD_1682;PROD_20;1;1
CORD_ORD_1682;PROD_21;1;1
CORD_ORD_1682;PROD_23;1;1
CORD_ORD_1682;PROD_28;1;1
CORD_ORD_1682;PROD_30;1;1
CORD_ORD_1682;PROD_31;1;1
CORD_ORD_1682;PROD_32;1;1
CORD_ORD_1682;PROD_33;1;1
CORD_ORD_1682;PROD_35;1;1
CORD_ORD_1682;PROD_38;1;1
CORD_ORD_1682;PROD_39;1;1
CORD_ORD_1682;PROD_4;1;1
CORD_ORD_1682;PROD_40;1;1
CORD_ORD_1682;PROD_43;1;1
CORD_ORD_1682;PROD_44;1;1
CORD_ORD_1682;PROD_45;1;1
CORD_ORD_1682;PROD_47;1;1
CORD_ORD_1682;PROD_48;1;1
CORD_ORD_1682;PROD_8;1;1
CORD_ORD_1682;PROD_9;1;1
CORD_ORD_1683;PROD_10;1;1
CORD_ORD_1683;PROD_11;1;1
CORD_ORD_1683;PROD_12;1;1
CORD_ORD_1683;PROD_14;1;1
CORD_ORD_1683;PROD_15;1;1
CORD_ORD_1683;PROD_16;1;1
CORD_ORD_1683;PROD_21;1;1
CORD_ORD_1683;PROD_22;1;1
CORD_ORD_1683;PROD_25;1;1
CORD_ORD_1683;PROD_27;1;1
CORD_ORD_1683;PROD_28;1;1
CORD_ORD_1683;PROD_29;1;1
CORD_ORD_1683;PROD_34;1;1
CORD_ORD_1683;PROD_4;1;1
CORD_ORD_1683;PROD_49;1;1
CORD_ORD_1683;PROD_50;1;1
CORD_ORD_1683;PROD_8;1;1
CORD_ORD_1683;PROD_9;1;1
CORD_ORD_1684;PROD_11;1;1
CORD_ORD_1684;PROD_13;1;1
CORD_ORD_1684;PROD_18;1;1
CORD_ORD_1684;PROD_2;1;1
CORD_ORD_1684;PROD_23;1;1
CORD_ORD_1684;PROD_27;1;1
CORD_ORD_1684;PROD_29;1;1
CORD_ORD_1684;PROD_30;1;1
CORD_ORD_1684;PROD_32;1;1
CORD_ORD_1684;PROD_38;1;1
CORD_ORD_1684;PROD_40;1;1
CORD_ORD_1684;PROD_41;1;1
CORD_ORD_1684;PROD_43;1;1
CORD_ORD_1684;PROD_45;1;1
CORD_ORD_1684;PROD_47;1;1
CORD_ORD_1685;PROD_12;1;1
CORD_ORD_1685;PROD_15;1;1
CORD_ORD_1685;PROD_17;1;1
CORD_ORD_1685;PROD_20;1;1
CORD_ORD_1685;PROD_21;1;1
CORD_ORD_1685;PROD_22;1;1
CORD_ORD_1685;PROD_24;1;1
CORD_ORD_1685;PROD_25;1;1
CORD_ORD_1685;PROD_26;1;1
CORD_ORD_1685;PROD_31;1;1
CORD_ORD_1685;PROD_34;1;1
CORD_ORD_1685;PROD_35;1;1
CORD_ORD_1685;PROD_37;1;1
CORD_ORD_1685;PROD_39;1;1
CORD_ORD_1685;PROD_4;1;1
CORD_ORD_1685;PROD_42;1;1
CORD_ORD_1685;PROD_46;1;1
CORD_ORD_1685;PROD_48;1;1
CORD_ORD_1685;PROD_49;1;1
CORD_ORD_1685;PROD_50;1;1
CORD_ORD_1685;PROD_6;1;1
CORD_ORD_1686;PROD_11;1;1
CORD_ORD_1686;PROD_13;1;1
CORD_ORD_1686;PROD_14;1;1
CORD_ORD_1686;PROD_17;1;1
CORD_ORD_1686;PROD_18;1;1
CORD_ORD_1686;PROD_19;1;1
CORD_ORD_1686;PROD_2;1;1
CORD_ORD_1686;PROD_20;1;1
CORD_ORD_1686;PROD_23;1;1
CORD_ORD_1686;PROD_26;1;1
CORD_ORD_1686;PROD_27;1;1
CORD_ORD_1686;PROD_28;1;1
CORD_ORD_1686;PROD_29;1;1
CORD_ORD_1686;PROD_31;1;1
CORD_ORD_1686;PROD_33;1;1
CORD_ORD_1686;PROD_35;1;1
CORD_ORD_1686;PROD_38;1;1
CORD_ORD_1686;PROD_39;1;1
CORD_ORD_1686;PROD_41;1;1
CORD_ORD_1686;PROD_44;1;1
CORD_ORD_1686;PROD_45;1;1
CORD_ORD_1686;PROD_46;1;1
CORD_ORD_1686;PROD_48;1;1
CORD_ORD_1686;PROD_6;1;1
CORD_ORD_1686;PROD_9;1;1
CORD_ORD_1687;PROD_12;1;1
CORD_ORD_1687;PROD_18;1;1
CORD_ORD_1687;PROD_19;1;1
CORD_ORD_1687;PROD_2;1;1
CORD_ORD_1687;PROD_21;1;1
CORD_ORD_1687;PROD_23;1;1
CORD_ORD_1687;PROD_33;1;1
CORD_ORD_1687;PROD_4;1;1
CORD_ORD_1687;PROD_41;1;1
CORD_ORD_1687;PROD_44;1;1
CORD_ORD_1687;PROD_45;1;1
CORD_ORD_1688;PROD_1;1;1
CORD_ORD_1688;PROD_10;1;1
CORD_ORD_1688;PROD_11;1;1
CORD_ORD_1688;PROD_16;1;1
CORD_ORD_1688;PROD_19;1;1
CORD_ORD_1688;PROD_22;1;1
CORD_ORD_1688;PROD_25;1;1
CORD_ORD_1688;PROD_26;1;1
CORD_ORD_1688;PROD_27;1;1
CORD_ORD_1688;PROD_29;1;1
CORD_ORD_1688;PROD_3;1;1
CORD_ORD_1688;PROD_33;1;1
CORD_ORD_1688;PROD_36;1;1
CORD_ORD_1688;PROD_44;1;1
CORD_ORD_1688;PROD_46;1;1
CORD_ORD_1688;PROD_50;1;1
CORD_ORD_1688;PROD_6;1;1
CORD_ORD_1688;PROD_8;1;1
CORD_ORD_1689;PROD_10;1;1
CORD_ORD_1689;PROD_11;1;1
CORD_ORD_1689;PROD_13;1;1
CORD_ORD_1689;PROD_14;1;1
CORD_ORD_1689;PROD_16;1;1
CORD_ORD_1689;PROD_17;1;1
CORD_ORD_1689;PROD_19;1;1
CORD_ORD_1689;PROD_20;1;1
CORD_ORD_1689;PROD_22;1;1
CORD_ORD_1689;PROD_25;1;1
CORD_ORD_1689;PROD_26;1;1
CORD_ORD_1689;PROD_27;1;1
CORD_ORD_1689;PROD_28;1;1
CORD_ORD_1689;PROD_29;1;1
CORD_ORD_1689;PROD_31;1;1
CORD_ORD_1689;PROD_32;1;1
CORD_ORD_1689;PROD_33;1;1
CORD_ORD_1689;PROD_35;1;1
CORD_ORD_1689;PROD_38;1;1
CORD_ORD_1689;PROD_39;1;1
CORD_ORD_1689;PROD_43;1;1
CORD_ORD_1689;PROD_44;1;1
CORD_ORD_1689;PROD_46;1;1
CORD_ORD_1689;PROD_47;1;1
CORD_ORD_1689;PROD_48;1;1
CORD_ORD_1689;PROD_50;1;1
CORD_ORD_1689;PROD_6;1;1
CORD_ORD_1689;PROD_8;1;1
CORD_ORD_1689;PROD_9;1;1
CORD_ORD_1690;PROD_10;1;1
CORD_ORD_1690;PROD_11;1;1
CORD_ORD_1690;PROD_12;1;1
CORD_ORD_1690;PROD_13;1;1
CORD_ORD_1690;PROD_16;1;1
CORD_ORD_1690;PROD_17;1;1
CORD_ORD_1690;PROD_18;1;1
CORD_ORD_1690;PROD_19;1;1
CORD_ORD_1690;PROD_2;1;1
CORD_ORD_1690;PROD_21;1;1
CORD_ORD_1690;PROD_27;1;1
CORD_ORD_1690;PROD_29;1;1
CORD_ORD_1690;PROD_30;1;1
CORD_ORD_1690;PROD_31;1;1
CORD_ORD_1690;PROD_33;1;1
CORD_ORD_1690;PROD_38;1;1
CORD_ORD_1690;PROD_4;1;1
CORD_ORD_1690;PROD_40;1;1
CORD_ORD_1690;PROD_41;1;1
CORD_ORD_1690;PROD_44;1;1
CORD_ORD_1690;PROD_48;1;1
CORD_ORD_1690;PROD_5;1;1
CORD_ORD_1690;PROD_7;1;1
CORD_ORD_1690;PROD_8;1;1
CORD_ORD_1691;PROD_1;1;1
CORD_ORD_1691;PROD_10;1;1
CORD_ORD_1691;PROD_15;1;1
CORD_ORD_1691;PROD_16;1;1
CORD_ORD_1691;PROD_22;1;1
CORD_ORD_1691;PROD_25;1;1
CORD_ORD_1691;PROD_3;1;1
CORD_ORD_1691;PROD_32;1;1
CORD_ORD_1691;PROD_34;1;1
CORD_ORD_1691;PROD_36;1;1
CORD_ORD_1691;PROD_43;1;1
CORD_ORD_1691;PROD_47;1;1
CORD_ORD_1691;PROD_49;1;1
CORD_ORD_1691;PROD_5;1;1
CORD_ORD_1691;PROD_50;1;1
CORD_ORD_1691;PROD_7;1;1
CORD_ORD_1691;PROD_8;1;1
CORD_ORD_1692;PROD_1;1;1
CORD_ORD_1692;PROD_11;1;1
CORD_ORD_1692;PROD_12;1;1
CORD_ORD_1692;PROD_13;1;1
CORD_ORD_1692;PROD_14;1;1
CORD_ORD_1692;PROD_21;1;1
CORD_ORD_1692;PROD_27;1;1
CORD_ORD_1692;PROD_28;1;1
CORD_ORD_1692;PROD_29;1;1
CORD_ORD_1692;PROD_3;1;1
CORD_ORD_1692;PROD_36;1;1
CORD_ORD_1692;PROD_38;1;1
CORD_ORD_1692;PROD_4;1;1
CORD_ORD_1692;PROD_9;1;1
CORD_ORD_1693;PROD_10;1;1
CORD_ORD_1693;PROD_12;1;1
CORD_ORD_1693;PROD_13;1;1
CORD_ORD_1693;PROD_16;1;1
CORD_ORD_1693;PROD_17;1;1
CORD_ORD_1693;PROD_19;1;1
CORD_ORD_1693;PROD_21;1;1
CORD_ORD_1693;PROD_22;1;1
CORD_ORD_1693;PROD_24;1;1
CORD_ORD_1693;PROD_25;1;1
CORD_ORD_1693;PROD_26;1;1
CORD_ORD_1693;PROD_31;1;1
CORD_ORD_1693;PROD_32;1;1
CORD_ORD_1693;PROD_33;1;1
CORD_ORD_1693;PROD_37;1;1
CORD_ORD_1693;PROD_38;1;1
CORD_ORD_1693;PROD_4;1;1
CORD_ORD_1693;PROD_42;1;1
CORD_ORD_1693;PROD_43;1;1
CORD_ORD_1693;PROD_44;1;1
CORD_ORD_1693;PROD_46;1;1
CORD_ORD_1693;PROD_47;1;1
CORD_ORD_1693;PROD_48;1;1
CORD_ORD_1693;PROD_50;1;1
CORD_ORD_1693;PROD_6;1;1
CORD_ORD_1693;PROD_8;1;1
CORD_ORD_1694;PROD_1;1;1
CORD_ORD_1694;PROD_10;1;1
CORD_ORD_1694;PROD_12;1;1
CORD_ORD_1694;PROD_15;1;1
CORD_ORD_1694;PROD_16;1;1
CORD_ORD_1694;PROD_17;1;1
CORD_ORD_1694;PROD_21;1;1
CORD_ORD_1694;PROD_24;1;1
CORD_ORD_1694;PROD_3;1;1
CORD_ORD_1694;PROD_31;1;1
CORD_ORD_1694;PROD_34;1;1
CORD_ORD_1694;PROD_36;1;1
CORD_ORD_1694;PROD_37;1;1
CORD_ORD_1694;PROD_4;1;1
CORD_ORD_1694;PROD_42;1;1
CORD_ORD_1694;PROD_48;1;1
CORD_ORD_1694;PROD_49;1;1
CORD_ORD_1694;PROD_5;1;1
CORD_ORD_1694;PROD_7;1;1
CORD_ORD_1694;PROD_8;1;1
CORD_ORD_1695;PROD_1;1;1
CORD_ORD_1695;PROD_10;1;1
CORD_ORD_1695;PROD_12;1;1
CORD_ORD_1695;PROD_15;1;1
CORD_ORD_1695;PROD_16;1;1
CORD_ORD_1695;PROD_17;1;1
CORD_ORD_1695;PROD_18;1;1
CORD_ORD_1695;PROD_2;1;1
CORD_ORD_1695;PROD_20;1;1
CORD_ORD_1695;PROD_21;1;1
CORD_ORD_1695;PROD_22;1;1
CORD_ORD_1695;PROD_23;1;1
CORD_ORD_1695;PROD_24;1;1
CORD_ORD_1695;PROD_25;1;1
CORD_ORD_1695;PROD_26;1;1
CORD_ORD_1695;PROD_3;1;1
CORD_ORD_1695;PROD_31;1;1
CORD_ORD_1695;PROD_32;1;1
CORD_ORD_1695;PROD_34;1;1
CORD_ORD_1695;PROD_35;1;1
CORD_ORD_1695;PROD_36;1;1
CORD_ORD_1695;PROD_37;1;1
CORD_ORD_1695;PROD_39;1;1
CORD_ORD_1695;PROD_4;1;1
CORD_ORD_1695;PROD_41;1;1
CORD_ORD_1695;PROD_42;1;1
CORD_ORD_1695;PROD_43;1;1
CORD_ORD_1695;PROD_45;1;1
CORD_ORD_1695;PROD_46;1;1
CORD_ORD_1695;PROD_47;1;1
CORD_ORD_1695;PROD_48;1;1
CORD_ORD_1695;PROD_49;1;1
CORD_ORD_1695;PROD_50;1;1
CORD_ORD_1695;PROD_6;1;1
CORD_ORD_1695;PROD_8;1;1
CORD_ORD_1696;PROD_1;1;1
CORD_ORD_1696;PROD_10;1;1
CORD_ORD_1696;PROD_14;1;1
CORD_ORD_1696;PROD_15;1;1
CORD_ORD_1696;PROD_16;1;1
CORD_ORD_1696;PROD_18;1;1
CORD_ORD_1696;PROD_19;1;1
CORD_ORD_1696;PROD_2;1;1
CORD_ORD_1696;PROD_20;1;1
CORD_ORD_1696;PROD_22;1;1
CORD_ORD_1696;PROD_24;1;1
CORD_ORD_1696;PROD_25;1;1
CORD_ORD_1696;PROD_28;1;1
CORD_ORD_1696;PROD_3;1;1
CORD_ORD_1696;PROD_30;1;1
CORD_ORD_1696;PROD_32;1;1
CORD_ORD_1696;PROD_33;1;1
CORD_ORD_1696;PROD_34;1;1
CORD_ORD_1696;PROD_35;1;1
CORD_ORD_1696;PROD_36;1;1
CORD_ORD_1696;PROD_37;1;1
CORD_ORD_1696;PROD_39;1;1
CORD_ORD_1696;PROD_40;1;1
CORD_ORD_1696;PROD_41;1;1
CORD_ORD_1696;PROD_42;1;1
CORD_ORD_1696;PROD_43;1;1
CORD_ORD_1696;PROD_44;1;1
CORD_ORD_1696;PROD_47;1;1
CORD_ORD_1696;PROD_49;1;1
CORD_ORD_1696;PROD_5;1;1
CORD_ORD_1696;PROD_50;1;1
CORD_ORD_1696;PROD_7;1;1
CORD_ORD_1696;PROD_8;1;1
CORD_ORD_1696;PROD_9;1;1
CORD_ORD_1697;PROD_1;1;1
CORD_ORD_1697;PROD_11;1;1
CORD_ORD_1697;PROD_18;1;1
CORD_ORD_1697;PROD_2;1;1
CORD_ORD_1697;PROD_20;1;1
CORD_ORD_1697;PROD_24;1;1
CORD_ORD_1697;PROD_26;1;1
CORD_ORD_1697;PROD_27;1;1
CORD_ORD_1697;PROD_29;1;1
CORD_ORD_1697;PROD_3;1;1
CORD_ORD_1697;PROD_32;1;1
CORD_ORD_1697;PROD_35;1;1
CORD_ORD_1697;PROD_36;1;1
CORD_ORD_1697;PROD_37;1;1
CORD_ORD_1697;PROD_39;1;1
CORD_ORD_1697;PROD_41;1;1
CORD_ORD_1697;PROD_42;1;1
CORD_ORD_1697;PROD_43;1;1
CORD_ORD_1697;PROD_46;1;1
CORD_ORD_1697;PROD_47;1;1
CORD_ORD_1697;PROD_6;1;1
CORD_ORD_1698;PROD_1;1;1
CORD_ORD_1698;PROD_10;1;1
CORD_ORD_1698;PROD_11;1;1
CORD_ORD_1698;PROD_13;1;1
CORD_ORD_1698;PROD_14;1;1
CORD_ORD_1698;PROD_16;1;1
CORD_ORD_1698;PROD_18;1;1
CORD_ORD_1698;PROD_19;1;1
CORD_ORD_1698;PROD_2;1;1
CORD_ORD_1698;PROD_20;1;1
CORD_ORD_1698;PROD_27;1;1
CORD_ORD_1698;PROD_28;1;1
CORD_ORD_1698;PROD_29;1;1
CORD_ORD_1698;PROD_3;1;1
CORD_ORD_1698;PROD_30;1;1
CORD_ORD_1698;PROD_33;1;1
CORD_ORD_1698;PROD_35;1;1
CORD_ORD_1698;PROD_36;1;1
CORD_ORD_1698;PROD_38;1;1
CORD_ORD_1698;PROD_39;1;1
CORD_ORD_1698;PROD_40;1;1
CORD_ORD_1698;PROD_41;1;1
CORD_ORD_1698;PROD_44;1;1
CORD_ORD_1698;PROD_8;1;1
CORD_ORD_1698;PROD_9;1;1
CORD_ORD_1699;PROD_1;1;1
CORD_ORD_1699;PROD_13;1;1
CORD_ORD_1699;PROD_14;1;1
CORD_ORD_1699;PROD_15;1;1
CORD_ORD_1699;PROD_17;1;1
CORD_ORD_1699;PROD_18;1;1
CORD_ORD_1699;PROD_2;1;1
CORD_ORD_1699;PROD_26;1;1
CORD_ORD_1699;PROD_28;1;1
CORD_ORD_1699;PROD_3;1;1
CORD_ORD_1699;PROD_31;1;1
CORD_ORD_1699;PROD_32;1;1
CORD_ORD_1699;PROD_34;1;1
CORD_ORD_1699;PROD_36;1;1
CORD_ORD_1699;PROD_38;1;1
CORD_ORD_1699;PROD_41;1;1
CORD_ORD_1699;PROD_43;1;1
CORD_ORD_1699;PROD_46;1;1
CORD_ORD_1699;PROD_47;1;1
CORD_ORD_1699;PROD_48;1;1
CORD_ORD_1699;PROD_49;1;1
CORD_ORD_1699;PROD_6;1;1
CORD_ORD_1699;PROD_9;1;1
CORD_ORD_1700;PROD_1;1;1
CORD_ORD_1700;PROD_10;1;1
CORD_ORD_1700;PROD_12;1;1
CORD_ORD_1700;PROD_13;1;1
CORD_ORD_1700;PROD_16;1;1
CORD_ORD_1700;PROD_18;1;1
CORD_ORD_1700;PROD_2;1;1
CORD_ORD_1700;PROD_20;1;1
CORD_ORD_1700;PROD_21;1;1
CORD_ORD_1700;PROD_24;1;1
CORD_ORD_1700;PROD_26;1;1
CORD_ORD_1700;PROD_3;1;1
CORD_ORD_1700;PROD_35;1;1
CORD_ORD_1700;PROD_36;1;1
CORD_ORD_1700;PROD_37;1;1
CORD_ORD_1700;PROD_38;1;1
CORD_ORD_1700;PROD_39;1;1
CORD_ORD_1700;PROD_4;1;1
CORD_ORD_1700;PROD_41;1;1
CORD_ORD_1700;PROD_42;1;1
CORD_ORD_1700;PROD_46;1;1
CORD_ORD_1700;PROD_6;1;1
CORD_ORD_1700;PROD_8;1;1
CORD_ORD_1701;PROD_1;1;1
CORD_ORD_1701;PROD_10;1;1
CORD_ORD_1701;PROD_11;1;1
CORD_ORD_1701;PROD_12;1;1
CORD_ORD_1701;PROD_15;1;1
CORD_ORD_1701;PROD_16;1;1
CORD_ORD_1701;PROD_18;1;1
CORD_ORD_1701;PROD_2;1;1
CORD_ORD_1701;PROD_21;1;1
CORD_ORD_1701;PROD_22;1;1
CORD_ORD_1701;PROD_24;1;1
CORD_ORD_1701;PROD_25;1;1
CORD_ORD_1701;PROD_27;1;1
CORD_ORD_1701;PROD_29;1;1
CORD_ORD_1701;PROD_3;1;1
CORD_ORD_1701;PROD_32;1;1
CORD_ORD_1701;PROD_34;1;1
CORD_ORD_1701;PROD_36;1;1
CORD_ORD_1701;PROD_37;1;1
CORD_ORD_1701;PROD_4;1;1
CORD_ORD_1701;PROD_41;1;1
CORD_ORD_1701;PROD_42;1;1
CORD_ORD_1701;PROD_43;1;1
CORD_ORD_1701;PROD_47;1;1
CORD_ORD_1701;PROD_49;1;1
CORD_ORD_1701;PROD_50;1;1
CORD_ORD_1701;PROD_8;1;1
CORD_ORD_1702;PROD_13;1;1
CORD_ORD_1702;PROD_14;1;1
CORD_ORD_1702;PROD_17;1;1
CORD_ORD_1702;PROD_22;1;1
CORD_ORD_1702;PROD_23;1;1
CORD_ORD_1702;PROD_24;1;1
CORD_ORD_1702;PROD_25;1;1
CORD_ORD_1702;PROD_28;1;1
CORD_ORD_1702;PROD_31;1;1
CORD_ORD_1702;PROD_37;1;1
CORD_ORD_1702;PROD_38;1;1
CORD_ORD_1702;PROD_42;1;1
CORD_ORD_1702;PROD_45;1;1
CORD_ORD_1702;PROD_48;1;1
CORD_ORD_1702;PROD_50;1;1
CORD_ORD_1702;PROD_9;1;1
CORD_ORD_1703;PROD_15;1;1
CORD_ORD_1703;PROD_17;1;1
CORD_ORD_1703;PROD_19;1;1
CORD_ORD_1703;PROD_24;1;1
CORD_ORD_1703;PROD_26;1;1
CORD_ORD_1703;PROD_31;1;1
CORD_ORD_1703;PROD_33;1;1
CORD_ORD_1703;PROD_34;1;1
CORD_ORD_1703;PROD_37;1;1
CORD_ORD_1703;PROD_42;1;1
CORD_ORD_1703;PROD_44;1;1
CORD_ORD_1703;PROD_46;1;1
CORD_ORD_1703;PROD_48;1;1
CORD_ORD_1703;PROD_49;1;1
CORD_ORD_1703;PROD_6;1;1
CORD_ORD_1704;PROD_1;1;1
CORD_ORD_1704;PROD_10;1;1
CORD_ORD_1704;PROD_16;1;1
CORD_ORD_1704;PROD_17;1;1
CORD_ORD_1704;PROD_26;1;1
CORD_ORD_1704;PROD_3;1;1
CORD_ORD_1704;PROD_31;1;1
CORD_ORD_1704;PROD_36;1;1
CORD_ORD_1704;PROD_46;1;1
CORD_ORD_1704;PROD_48;1;1
CORD_ORD_1704;PROD_6;1;1
CORD_ORD_1704;PROD_8;1;1
CORD_ORD_1705;PROD_15;1;1
CORD_ORD_1705;PROD_19;1;1
CORD_ORD_1705;PROD_24;1;1
CORD_ORD_1705;PROD_33;1;1
CORD_ORD_1705;PROD_34;1;1
CORD_ORD_1705;PROD_37;1;1
CORD_ORD_1705;PROD_42;1;1
CORD_ORD_1705;PROD_44;1;1
CORD_ORD_1705;PROD_49;1;1
CORD_ORD_1706;PROD_1;1;1
CORD_ORD_1706;PROD_10;1;1
CORD_ORD_1706;PROD_14;1;1
CORD_ORD_1706;PROD_16;1;1
CORD_ORD_1706;PROD_17;1;1
CORD_ORD_1706;PROD_20;1;1
CORD_ORD_1706;PROD_22;1;1
CORD_ORD_1706;PROD_23;1;1
CORD_ORD_1706;PROD_25;1;1
CORD_ORD_1706;PROD_28;1;1
CORD_ORD_1706;PROD_3;1;1
CORD_ORD_1706;PROD_31;1;1
CORD_ORD_1706;PROD_35;1;1
CORD_ORD_1706;PROD_36;1;1
CORD_ORD_1706;PROD_39;1;1
CORD_ORD_1706;PROD_45;1;1
CORD_ORD_1706;PROD_48;1;1
CORD_ORD_1706;PROD_50;1;1
CORD_ORD_1706;PROD_8;1;1
CORD_ORD_1706;PROD_9;1;1
CORD_ORD_1707;PROD_1;1;1
CORD_ORD_1707;PROD_10;1;1
CORD_ORD_1707;PROD_13;1;1
CORD_ORD_1707;PROD_16;1;1
CORD_ORD_1707;PROD_20;1;1
CORD_ORD_1707;PROD_3;1;1
CORD_ORD_1707;PROD_35;1;1
CORD_ORD_1707;PROD_36;1;1
CORD_ORD_1707;PROD_38;1;1
CORD_ORD_1707;PROD_39;1;1
CORD_ORD_1707;PROD_8;1;1
CORD_ORD_1708;PROD_1;1;1
CORD_ORD_1708;PROD_10;1;1
CORD_ORD_1708;PROD_16;1;1
CORD_ORD_1708;PROD_26;1;1
CORD_ORD_1708;PROD_3;1;1
CORD_ORD_1708;PROD_36;1;1
CORD_ORD_1708;PROD_46;1;1
CORD_ORD_1708;PROD_6;1;1
CORD_ORD_1708;PROD_8;1;1
CORD_ORD_1709;PROD_10;1;1
CORD_ORD_1709;PROD_13;1;1
CORD_ORD_1709;PROD_15;1;1
CORD_ORD_1709;PROD_16;1;1
CORD_ORD_1709;PROD_17;1;1
CORD_ORD_1709;PROD_22;1;1
CORD_ORD_1709;PROD_25;1;1
CORD_ORD_1709;PROD_31;1;1
CORD_ORD_1709;PROD_32;1;1
CORD_ORD_1709;PROD_34;1;1
CORD_ORD_1709;PROD_38;1;1
CORD_ORD_1709;PROD_43;1;1
CORD_ORD_1709;PROD_47;1;1
CORD_ORD_1709;PROD_48;1;1
CORD_ORD_1709;PROD_49;1;1
CORD_ORD_1709;PROD_50;1;1
CORD_ORD_1709;PROD_8;1;1
CORD_ORD_1710;PROD_10;1;1
CORD_ORD_1710;PROD_11;1;1
CORD_ORD_1710;PROD_14;1;1
CORD_ORD_1710;PROD_15;1;1
CORD_ORD_1710;PROD_16;1;1
CORD_ORD_1710;PROD_17;1;1
CORD_ORD_1710;PROD_18;1;1
CORD_ORD_1710;PROD_19;1;1
CORD_ORD_1710;PROD_2;1;1
CORD_ORD_1710;PROD_22;1;1
CORD_ORD_1710;PROD_23;1;1
CORD_ORD_1710;PROD_25;1;1
CORD_ORD_1710;PROD_26;1;1
CORD_ORD_1710;PROD_27;1;1
CORD_ORD_1710;PROD_28;1;1
CORD_ORD_1710;PROD_29;1;1
CORD_ORD_1710;PROD_31;1;1
CORD_ORD_1710;PROD_33;1;1
CORD_ORD_1710;PROD_34;1;1
CORD_ORD_1710;PROD_41;1;1
CORD_ORD_1710;PROD_44;1;1
CORD_ORD_1710;PROD_45;1;1
CORD_ORD_1710;PROD_46;1;1
CORD_ORD_1710;PROD_48;1;1
CORD_ORD_1710;PROD_49;1;1
CORD_ORD_1710;PROD_50;1;1
CORD_ORD_1710;PROD_6;1;1
CORD_ORD_1710;PROD_8;1;1
CORD_ORD_1710;PROD_9;1;1
CORD_ORD_1711;PROD_10;1;1
CORD_ORD_1711;PROD_14;1;1
CORD_ORD_1711;PROD_15;1;1
CORD_ORD_1711;PROD_16;1;1
CORD_ORD_1711;PROD_17;1;1
CORD_ORD_1711;PROD_19;1;1
CORD_ORD_1711;PROD_20;1;1
CORD_ORD_1711;PROD_22;1;1
CORD_ORD_1711;PROD_25;1;1
CORD_ORD_1711;PROD_26;1;1
CORD_ORD_1711;PROD_28;1;1
CORD_ORD_1711;PROD_31;1;1
CORD_ORD_1711;PROD_33;1;1
CORD_ORD_1711;PROD_34;1;1
CORD_ORD_1711;PROD_35;1;1
CORD_ORD_1711;PROD_39;1;1
CORD_ORD_1711;PROD_44;1;1
CORD_ORD_1711;PROD_46;1;1
CORD_ORD_1711;PROD_48;1;1
CORD_ORD_1711;PROD_49;1;1
CORD_ORD_1711;PROD_50;1;1
CORD_ORD_1711;PROD_6;1;1
CORD_ORD_1711;PROD_8;1;1
CORD_ORD_1711;PROD_9;1;1
CORD_ORD_1712;PROD_10;1;1
CORD_ORD_1712;PROD_11;1;1
CORD_ORD_1712;PROD_12;1;1
CORD_ORD_1712;PROD_14;1;1
CORD_ORD_1712;PROD_16;1;1
CORD_ORD_1712;PROD_19;1;1
CORD_ORD_1712;PROD_21;1;1
CORD_ORD_1712;PROD_22;1;1
CORD_ORD_1712;PROD_25;1;1
CORD_ORD_1712;PROD_27;1;1
CORD_ORD_1712;PROD_28;1;1
CORD_ORD_1712;PROD_29;1;1
CORD_ORD_1712;PROD_33;1;1
CORD_ORD_1712;PROD_4;1;1
CORD_ORD_1712;PROD_44;1;1
CORD_ORD_1712;PROD_5;1;1
CORD_ORD_1712;PROD_50;1;1
CORD_ORD_1712;PROD_7;1;1
CORD_ORD_1712;PROD_8;1;1
CORD_ORD_1712;PROD_9;1;1
CORD_ORD_1713;PROD_10;1;1
CORD_ORD_1713;PROD_11;1;1
CORD_ORD_1713;PROD_12;1;1
CORD_ORD_1713;PROD_13;1;1
CORD_ORD_1713;PROD_14;1;1
CORD_ORD_1713;PROD_16;1;1
CORD_ORD_1713;PROD_18;1;1
CORD_ORD_1713;PROD_19;1;1
CORD_ORD_1713;PROD_2;1;1
CORD_ORD_1713;PROD_21;1;1
CORD_ORD_1713;PROD_23;1;1
CORD_ORD_1713;PROD_24;1;1
CORD_ORD_1713;PROD_26;1;1
CORD_ORD_1713;PROD_27;1;1
CORD_ORD_1713;PROD_28;1;1
CORD_ORD_1713;PROD_29;1;1
CORD_ORD_1713;PROD_33;1;1
CORD_ORD_1713;PROD_37;1;1
CORD_ORD_1713;PROD_38;1;1
CORD_ORD_1713;PROD_4;1;1
CORD_ORD_1713;PROD_41;1;1
CORD_ORD_1713;PROD_42;1;1
CORD_ORD_1713;PROD_44;1;1
CORD_ORD_1713;PROD_45;1;1
CORD_ORD_1713;PROD_46;1;1
CORD_ORD_1713;PROD_6;1;1
CORD_ORD_1713;PROD_8;1;1
CORD_ORD_1713;PROD_9;1;1
CORD_ORD_1714;PROD_1;1;1
CORD_ORD_1714;PROD_11;1;1
CORD_ORD_1714;PROD_12;1;1
CORD_ORD_1714;PROD_15;1;1
CORD_ORD_1714;PROD_21;1;1
CORD_ORD_1714;PROD_22;1;1
CORD_ORD_1714;PROD_23;1;1
CORD_ORD_1714;PROD_25;1;1
CORD_ORD_1714;PROD_27;1;1
CORD_ORD_1714;PROD_29;1;1
CORD_ORD_1714;PROD_3;1;1
CORD_ORD_1714;PROD_32;1;1
CORD_ORD_1714;PROD_34;1;1
CORD_ORD_1714;PROD_36;1;1
CORD_ORD_1714;PROD_4;1;1
CORD_ORD_1714;PROD_43;1;1
CORD_ORD_1714;PROD_45;1;1
CORD_ORD_1714;PROD_47;1;1
CORD_ORD_1714;PROD_49;1;1
CORD_ORD_1714;PROD_50;1;1
CORD_ORD_1715;PROD_1;1;1
CORD_ORD_1715;PROD_10;1;1
CORD_ORD_1715;PROD_13;1;1
CORD_ORD_1715;PROD_15;1;1
CORD_ORD_1715;PROD_16;1;1
CORD_ORD_1715;PROD_17;1;1
CORD_ORD_1715;PROD_20;1;1
CORD_ORD_1715;PROD_22;1;1
CORD_ORD_1715;PROD_25;1;1
CORD_ORD_1715;PROD_26;1;1
CORD_ORD_1715;PROD_3;1;1
CORD_ORD_1715;PROD_31;1;1
CORD_ORD_1715;PROD_34;1;1
CORD_ORD_1715;PROD_35;1;1
CORD_ORD_1715;PROD_36;1;1
CORD_ORD_1715;PROD_38;1;1
CORD_ORD_1715;PROD_39;1;1
CORD_ORD_1715;PROD_46;1;1
CORD_ORD_1715;PROD_48;1;1
CORD_ORD_1715;PROD_49;1;1
CORD_ORD_1715;PROD_50;1;1
CORD_ORD_1715;PROD_6;1;1
CORD_ORD_1715;PROD_8;1;1
CORD_ORD_1716;PROD_10;1;1
CORD_ORD_1716;PROD_11;1;1
CORD_ORD_1716;PROD_14;1;1
CORD_ORD_1716;PROD_16;1;1
CORD_ORD_1716;PROD_18;1;1
CORD_ORD_1716;PROD_19;1;1
CORD_ORD_1716;PROD_2;1;1
CORD_ORD_1716;PROD_23;1;1
CORD_ORD_1716;PROD_27;1;1
CORD_ORD_1716;PROD_28;1;1
CORD_ORD_1716;PROD_29;1;1
CORD_ORD_1716;PROD_33;1;1
CORD_ORD_1716;PROD_41;1;1
CORD_ORD_1716;PROD_44;1;1
CORD_ORD_1716;PROD_45;1;1
CORD_ORD_1716;PROD_5;1;1
CORD_ORD_1716;PROD_7;1;1
CORD_ORD_1716;PROD_8;1;1
CORD_ORD_1716;PROD_9;1;1
CORD_ORD_1717;PROD_1;1;1
CORD_ORD_1717;PROD_18;1;1
CORD_ORD_1717;PROD_2;1;1
CORD_ORD_1717;PROD_24;1;1
CORD_ORD_1717;PROD_26;1;1
CORD_ORD_1717;PROD_3;1;1
CORD_ORD_1717;PROD_36;1;1
CORD_ORD_1717;PROD_37;1;1
CORD_ORD_1717;PROD_41;1;1
CORD_ORD_1717;PROD_42;1;1
CORD_ORD_1717;PROD_46;1;1
CORD_ORD_1717;PROD_6;1;1
CORD_ORD_1718;PROD_1;1;1
CORD_ORD_1718;PROD_10;1;1
CORD_ORD_1718;PROD_12;1;1
CORD_ORD_1718;PROD_13;1;1
CORD_ORD_1718;PROD_14;1;1
CORD_ORD_1718;PROD_16;1;1
CORD_ORD_1718;PROD_20;1;1
CORD_ORD_1718;PROD_21;1;1
CORD_ORD_1718;PROD_23;1;1
CORD_ORD_1718;PROD_28;1;1
CORD_ORD_1718;PROD_3;1;1
CORD_ORD_1718;PROD_35;1;1
CORD_ORD_1718;PROD_36;1;1
CORD_ORD_1718;PROD_38;1;1
CORD_ORD_1718;PROD_39;1;1
CORD_ORD_1718;PROD_4;1;1
CORD_ORD_1718;PROD_45;1;1
CORD_ORD_1718;PROD_5;1;1
CORD_ORD_1718;PROD_7;1;1
CORD_ORD_1718;PROD_8;1;1
CORD_ORD_1718;PROD_9;1;1
CORD_ORD_1719;PROD_1;1;1
CORD_ORD_1719;PROD_10;1;1
CORD_ORD_1719;PROD_11;1;1
CORD_ORD_1719;PROD_12;1;1
CORD_ORD_1719;PROD_13;1;1
CORD_ORD_1719;PROD_16;1;1
CORD_ORD_1719;PROD_21;1;1
CORD_ORD_1719;PROD_24;1;1
CORD_ORD_1719;PROD_26;1;1
CORD_ORD_1719;PROD_27;1;1
CORD_ORD_1719;PROD_29;1;1
CORD_ORD_1719;PROD_3;1;1
CORD_ORD_1719;PROD_32;1;1
CORD_ORD_1719;PROD_36;1;1
CORD_ORD_1719;PROD_37;1;1
CORD_ORD_1719;PROD_38;1;1
CORD_ORD_1719;PROD_4;1;1
CORD_ORD_1719;PROD_42;1;1
CORD_ORD_1719;PROD_43;1;1
CORD_ORD_1719;PROD_46;1;1
CORD_ORD_1719;PROD_47;1;1
CORD_ORD_1719;PROD_6;1;1
CORD_ORD_1719;PROD_8;1;1
CORD_ORD_1720;PROD_12;1;1
CORD_ORD_1720;PROD_13;1;1
CORD_ORD_1720;PROD_17;1;1
CORD_ORD_1720;PROD_21;1;1
CORD_ORD_1720;PROD_22;1;1
CORD_ORD_1720;PROD_25;1;1
CORD_ORD_1720;PROD_31;1;1
CORD_ORD_1720;PROD_38;1;1
CORD_ORD_1720;PROD_4;1;1
CORD_ORD_1720;PROD_48;1;1
CORD_ORD_1720;PROD_50;1;1
CORD_ORD_1721;PROD_1;1;1
CORD_ORD_1721;PROD_10;1;1
CORD_ORD_1721;PROD_11;1;1
CORD_ORD_1721;PROD_12;1;1
CORD_ORD_1721;PROD_13;1;1
CORD_ORD_1721;PROD_14;1;1
CORD_ORD_1721;PROD_16;1;1
CORD_ORD_1721;PROD_17;1;1
CORD_ORD_1721;PROD_20;1;1
CORD_ORD_1721;PROD_21;1;1
CORD_ORD_1721;PROD_26;1;1
CORD_ORD_1721;PROD_27;1;1
CORD_ORD_1721;PROD_28;1;1
CORD_ORD_1721;PROD_29;1;1
CORD_ORD_1721;PROD_3;1;1
CORD_ORD_1721;PROD_30;1;1
CORD_ORD_1721;PROD_31;1;1
CORD_ORD_1721;PROD_32;1;1
CORD_ORD_1721;PROD_35;1;1
CORD_ORD_1721;PROD_36;1;1
CORD_ORD_1721;PROD_38;1;1
CORD_ORD_1721;PROD_39;1;1
CORD_ORD_1721;PROD_4;1;1
CORD_ORD_1721;PROD_40;1;1
CORD_ORD_1721;PROD_43;1;1
CORD_ORD_1721;PROD_46;1;1
CORD_ORD_1721;PROD_47;1;1
CORD_ORD_1721;PROD_48;1;1
CORD_ORD_1721;PROD_6;1;1
CORD_ORD_1721;PROD_8;1;1
CORD_ORD_1721;PROD_9;1;1
CORD_ORD_1722;PROD_10;1;1
CORD_ORD_1722;PROD_11;1;1
CORD_ORD_1722;PROD_12;1;1
CORD_ORD_1722;PROD_16;1;1
CORD_ORD_1722;PROD_17;1;1
CORD_ORD_1722;PROD_21;1;1
CORD_ORD_1722;PROD_22;1;1
CORD_ORD_1722;PROD_24;1;1
CORD_ORD_1722;PROD_25;1;1
CORD_ORD_1722;PROD_27;1;1
CORD_ORD_1722;PROD_29;1;1
CORD_ORD_1722;PROD_31;1;1
CORD_ORD_1722;PROD_32;1;1
CORD_ORD_1722;PROD_37;1;1
CORD_ORD_1722;PROD_4;1;1
CORD_ORD_1722;PROD_42;1;1
CORD_ORD_1722;PROD_43;1;1
CORD_ORD_1722;PROD_47;1;1
CORD_ORD_1722;PROD_48;1;1
CORD_ORD_1722;PROD_50;1;1
CORD_ORD_1722;PROD_8;1;1
CORD_ORD_1723;PROD_10;1;1
CORD_ORD_1723;PROD_11;1;1
CORD_ORD_1723;PROD_15;1;1
CORD_ORD_1723;PROD_16;1;1
CORD_ORD_1723;PROD_17;1;1
CORD_ORD_1723;PROD_19;1;1
CORD_ORD_1723;PROD_23;1;1
CORD_ORD_1723;PROD_27;1;1
CORD_ORD_1723;PROD_29;1;1
CORD_ORD_1723;PROD_31;1;1
CORD_ORD_1723;PROD_33;1;1
CORD_ORD_1723;PROD_34;1;1
CORD_ORD_1723;PROD_44;1;1
CORD_ORD_1723;PROD_45;1;1
CORD_ORD_1723;PROD_48;1;1
CORD_ORD_1723;PROD_49;1;1
CORD_ORD_1723;PROD_8;1;1
CORD_ORD_1724;PROD_15;1;1
CORD_ORD_1724;PROD_17;1;1
CORD_ORD_1724;PROD_22;1;1
CORD_ORD_1724;PROD_25;1;1
CORD_ORD_1724;PROD_26;1;1
CORD_ORD_1724;PROD_31;1;1
CORD_ORD_1724;PROD_34;1;1
CORD_ORD_1724;PROD_46;1;1
CORD_ORD_1724;PROD_48;1;1
CORD_ORD_1724;PROD_49;1;1
CORD_ORD_1724;PROD_50;1;1
CORD_ORD_1724;PROD_6;1;1
CORD_ORD_1725;PROD_1;1;1
CORD_ORD_1725;PROD_10;1;1
CORD_ORD_1725;PROD_11;1;1
CORD_ORD_1725;PROD_12;1;1
CORD_ORD_1725;PROD_14;1;1
CORD_ORD_1725;PROD_15;1;1
CORD_ORD_1725;PROD_16;1;1
CORD_ORD_1725;PROD_17;1;1
CORD_ORD_1725;PROD_19;1;1
CORD_ORD_1725;PROD_21;1;1
CORD_ORD_1725;PROD_27;1;1
CORD_ORD_1725;PROD_28;1;1
CORD_ORD_1725;PROD_29;1;1
CORD_ORD_1725;PROD_3;1;1
CORD_ORD_1725;PROD_30;1;1
CORD_ORD_1725;PROD_31;1;1
CORD_ORD_1725;PROD_33;1;1
CORD_ORD_1725;PROD_34;1;1
CORD_ORD_1725;PROD_36;1;1
CORD_ORD_1725;PROD_4;1;1
CORD_ORD_1725;PROD_40;1;1
CORD_ORD_1725;PROD_44;1;1
CORD_ORD_1725;PROD_48;1;1
CORD_ORD_1725;PROD_49;1;1
CORD_ORD_1725;PROD_5;1;1
CORD_ORD_1725;PROD_7;1;1
CORD_ORD_1725;PROD_8;1;1
CORD_ORD_1725;PROD_9;1;1
CORD_ORD_1726;PROD_12;1;1
CORD_ORD_1726;PROD_13;1;1
CORD_ORD_1726;PROD_18;1;1
CORD_ORD_1726;PROD_2;1;1
CORD_ORD_1726;PROD_21;1;1
CORD_ORD_1726;PROD_24;1;1
CORD_ORD_1726;PROD_26;1;1
CORD_ORD_1726;PROD_32;1;1
CORD_ORD_1726;PROD_37;1;1
CORD_ORD_1726;PROD_38;1;1
CORD_ORD_1726;PROD_4;1;1
CORD_ORD_1726;PROD_41;1;1
CORD_ORD_1726;PROD_42;1;1
CORD_ORD_1726;PROD_43;1;1
CORD_ORD_1726;PROD_46;1;1
CORD_ORD_1726;PROD_47;1;1
CORD_ORD_1726;PROD_5;1;1
CORD_ORD_1726;PROD_6;1;1
CORD_ORD_1726;PROD_7;1;1
CORD_ORD_1727;PROD_11;1;1
CORD_ORD_1727;PROD_15;1;1
CORD_ORD_1727;PROD_17;1;1
CORD_ORD_1727;PROD_19;1;1
CORD_ORD_1727;PROD_22;1;1
CORD_ORD_1727;PROD_23;1;1
CORD_ORD_1727;PROD_24;1;1
CORD_ORD_1727;PROD_25;1;1
CORD_ORD_1727;PROD_26;1;1
CORD_ORD_1727;PROD_27;1;1
CORD_ORD_1727;PROD_29;1;1
CORD_ORD_1727;PROD_31;1;1
CORD_ORD_1727;PROD_32;1;1
CORD_ORD_1727;PROD_33;1;1
CORD_ORD_1727;PROD_34;1;1
CORD_ORD_1727;PROD_37;1;1
CORD_ORD_1727;PROD_42;1;1
CORD_ORD_1727;PROD_43;1;1
CORD_ORD_1727;PROD_44;1;1
CORD_ORD_1727;PROD_45;1;1
CORD_ORD_1727;PROD_46;1;1
CORD_ORD_1727;PROD_47;1;1
CORD_ORD_1727;PROD_48;1;1
CORD_ORD_1727;PROD_49;1;1
CORD_ORD_1727;PROD_50;1;1
CORD_ORD_1727;PROD_6;1;1
CORD_ORD_1728;PROD_10;1;1
CORD_ORD_1728;PROD_12;1;1
CORD_ORD_1728;PROD_15;1;1
CORD_ORD_1728;PROD_16;1;1
CORD_ORD_1728;PROD_18;1;1
CORD_ORD_1728;PROD_2;1;1
CORD_ORD_1728;PROD_21;1;1
CORD_ORD_1728;PROD_22;1;1
CORD_ORD_1728;PROD_23;1;1
CORD_ORD_1728;PROD_25;1;1
CORD_ORD_1728;PROD_26;1;1
CORD_ORD_1728;PROD_34;1;1
CORD_ORD_1728;PROD_4;1;1
CORD_ORD_1728;PROD_41;1;1
CORD_ORD_1728;PROD_45;1;1
CORD_ORD_1728;PROD_46;1;1
CORD_ORD_1728;PROD_49;1;1
CORD_ORD_1728;PROD_50;1;1
CORD_ORD_1728;PROD_6;1;1
CORD_ORD_1728;PROD_8;1;1
CORD_ORD_1729;PROD_1;1;1
CORD_ORD_1729;PROD_10;1;1
CORD_ORD_1729;PROD_12;1;1
CORD_ORD_1729;PROD_14;1;1
CORD_ORD_1729;PROD_16;1;1
CORD_ORD_1729;PROD_17;1;1
CORD_ORD_1729;PROD_19;1;1
CORD_ORD_1729;PROD_21;1;1
CORD_ORD_1729;PROD_22;1;1
CORD_ORD_1729;PROD_23;1;1
CORD_ORD_1729;PROD_25;1;1
CORD_ORD_1729;PROD_28;1;1
CORD_ORD_1729;PROD_3;1;1
CORD_ORD_1729;PROD_30;1;1
CORD_ORD_1729;PROD_31;1;1
CORD_ORD_1729;PROD_33;1;1
CORD_ORD_1729;PROD_36;1;1
CORD_ORD_1729;PROD_4;1;1
CORD_ORD_1729;PROD_40;1;1
CORD_ORD_1729;PROD_44;1;1
CORD_ORD_1729;PROD_45;1;1
CORD_ORD_1729;PROD_48;1;1
CORD_ORD_1729;PROD_50;1;1
CORD_ORD_1729;PROD_8;1;1
CORD_ORD_1729;PROD_9;1;1
CORD_ORD_1730;PROD_10;1;1
CORD_ORD_1730;PROD_11;1;1
CORD_ORD_1730;PROD_12;1;1
CORD_ORD_1730;PROD_16;1;1
CORD_ORD_1730;PROD_21;1;1
CORD_ORD_1730;PROD_27;1;1
CORD_ORD_1730;PROD_29;1;1
CORD_ORD_1730;PROD_30;1;1
CORD_ORD_1730;PROD_32;1;1
CORD_ORD_1730;PROD_4;1;1
CORD_ORD_1730;PROD_40;1;1
CORD_ORD_1730;PROD_43;1;1
CORD_ORD_1730;PROD_47;1;1
CORD_ORD_1730;PROD_8;1;1
CORD_ORD_1731;PROD_1;1;1
CORD_ORD_1731;PROD_10;1;1
CORD_ORD_1731;PROD_14;1;1
CORD_ORD_1731;PROD_16;1;1
CORD_ORD_1731;PROD_18;1;1
CORD_ORD_1731;PROD_2;1;1
CORD_ORD_1731;PROD_22;1;1
CORD_ORD_1731;PROD_25;1;1
CORD_ORD_1731;PROD_28;1;1
CORD_ORD_1731;PROD_3;1;1
CORD_ORD_1731;PROD_36;1;1
CORD_ORD_1731;PROD_41;1;1
CORD_ORD_1731;PROD_50;1;1
CORD_ORD_1731;PROD_8;1;1
CORD_ORD_1731;PROD_9;1;1
CORD_ORD_1732;PROD_1;1;1
CORD_ORD_1732;PROD_11;1;1
CORD_ORD_1732;PROD_12;1;1
CORD_ORD_1732;PROD_14;1;1
CORD_ORD_1732;PROD_17;1;1
CORD_ORD_1732;PROD_19;1;1
CORD_ORD_1732;PROD_20;1;1
CORD_ORD_1732;PROD_21;1;1
CORD_ORD_1732;PROD_22;1;1
CORD_ORD_1732;PROD_25;1;1
CORD_ORD_1732;PROD_26;1;1
CORD_ORD_1732;PROD_27;1;1
CORD_ORD_1732;PROD_28;1;1
CORD_ORD_1732;PROD_29;1;1
CORD_ORD_1732;PROD_3;1;1
CORD_ORD_1732;PROD_30;1;1
CORD_ORD_1732;PROD_31;1;1
CORD_ORD_1732;PROD_33;1;1
CORD_ORD_1732;PROD_35;1;1
CORD_ORD_1732;PROD_36;1;1
CORD_ORD_1732;PROD_39;1;1
CORD_ORD_1732;PROD_4;1;1
CORD_ORD_1732;PROD_40;1;1
CORD_ORD_1732;PROD_44;1;1
CORD_ORD_1732;PROD_46;1;1
CORD_ORD_1732;PROD_48;1;1
CORD_ORD_1732;PROD_50;1;1
CORD_ORD_1732;PROD_6;1;1
CORD_ORD_1732;PROD_9;1;1
CORD_ORD_1733;PROD_1;1;1
CORD_ORD_1733;PROD_12;1;1
CORD_ORD_1733;PROD_13;1;1
CORD_ORD_1733;PROD_17;1;1
CORD_ORD_1733;PROD_18;1;1
CORD_ORD_1733;PROD_19;1;1
CORD_ORD_1733;PROD_2;1;1
CORD_ORD_1733;PROD_21;1;1
CORD_ORD_1733;PROD_24;1;1
CORD_ORD_1733;PROD_3;1;1
CORD_ORD_1733;PROD_30;1;1
CORD_ORD_1733;PROD_31;1;1
CORD_ORD_1733;PROD_32;1;1
CORD_ORD_1733;PROD_33;1;1
CORD_ORD_1733;PROD_36;1;1
CORD_ORD_1733;PROD_37;1;1
CORD_ORD_1733;PROD_38;1;1
CORD_ORD_1733;PROD_4;1;1
CORD_ORD_1733;PROD_40;1;1
CORD_ORD_1733;PROD_41;1;1
CORD_ORD_1733;PROD_42;1;1
CORD_ORD_1733;PROD_43;1;1
CORD_ORD_1733;PROD_44;1;1
CORD_ORD_1733;PROD_47;1;1
CORD_ORD_1733;PROD_48;1;1
CORD_ORD_1734;PROD_11;1;1
CORD_ORD_1734;PROD_17;1;1
CORD_ORD_1734;PROD_19;1;1
CORD_ORD_1734;PROD_24;1;1
CORD_ORD_1734;PROD_27;1;1
CORD_ORD_1734;PROD_29;1;1
CORD_ORD_1734;PROD_31;1;1
CORD_ORD_1734;PROD_32;1;1
CORD_ORD_1734;PROD_33;1;1
CORD_ORD_1734;PROD_37;1;1
CORD_ORD_1734;PROD_42;1;1
CORD_ORD_1734;PROD_43;1;1
CORD_ORD_1734;PROD_44;1;1
CORD_ORD_1734;PROD_47;1;1
CORD_ORD_1734;PROD_48;1;1
CORD_ORD_1735;PROD_15;1;1
CORD_ORD_1735;PROD_17;1;1
CORD_ORD_1735;PROD_19;1;1
CORD_ORD_1735;PROD_22;1;1
CORD_ORD_1735;PROD_23;1;1
CORD_ORD_1735;PROD_25;1;1
CORD_ORD_1735;PROD_26;1;1
CORD_ORD_1735;PROD_31;1;1
CORD_ORD_1735;PROD_33;1;1
CORD_ORD_1735;PROD_34;1;1
CORD_ORD_1735;PROD_44;1;1
CORD_ORD_1735;PROD_45;1;1
CORD_ORD_1735;PROD_46;1;1
CORD_ORD_1735;PROD_48;1;1
CORD_ORD_1735;PROD_49;1;1
CORD_ORD_1735;PROD_50;1;1
CORD_ORD_1735;PROD_6;1;1
CORD_ORD_1736;PROD_1;1;1
CORD_ORD_1736;PROD_12;1;1
CORD_ORD_1736;PROD_13;1;1
CORD_ORD_1736;PROD_14;1;1
CORD_ORD_1736;PROD_15;1;1
CORD_ORD_1736;PROD_17;1;1
CORD_ORD_1736;PROD_21;1;1
CORD_ORD_1736;PROD_24;1;1
CORD_ORD_1736;PROD_26;1;1
CORD_ORD_1736;PROD_28;1;1
CORD_ORD_1736;PROD_3;1;1
CORD_ORD_1736;PROD_31;1;1
CORD_ORD_1736;PROD_34;1;1
CORD_ORD_1736;PROD_36;1;1
CORD_ORD_1736;PROD_37;1;1
CORD_ORD_1736;PROD_38;1;1
CORD_ORD_1736;PROD_4;1;1
CORD_ORD_1736;PROD_42;1;1
CORD_ORD_1736;PROD_46;1;1
CORD_ORD_1736;PROD_48;1;1
CORD_ORD_1736;PROD_49;1;1
CORD_ORD_1736;PROD_6;1;1
CORD_ORD_1736;PROD_9;1;1
CORD_ORD_1737;PROD_11;1;1
CORD_ORD_1737;PROD_14;1;1
CORD_ORD_1737;PROD_15;1;1
CORD_ORD_1737;PROD_17;1;1
CORD_ORD_1737;PROD_18;1;1
CORD_ORD_1737;PROD_19;1;1
CORD_ORD_1737;PROD_2;1;1
CORD_ORD_1737;PROD_23;1;1
CORD_ORD_1737;PROD_26;1;1
CORD_ORD_1737;PROD_27;1;1
CORD_ORD_1737;PROD_28;1;1
CORD_ORD_1737;PROD_29;1;1
CORD_ORD_1737;PROD_31;1;1
CORD_ORD_1737;PROD_33;1;1
CORD_ORD_1737;PROD_34;1;1
CORD_ORD_1737;PROD_41;1;1
CORD_ORD_1737;PROD_44;1;1
CORD_ORD_1737;PROD_45;1;1
CORD_ORD_1737;PROD_46;1;1
CORD_ORD_1737;PROD_48;1;1
CORD_ORD_1737;PROD_49;1;1
CORD_ORD_1737;PROD_6;1;1
CORD_ORD_1737;PROD_9;1;1
CORD_ORD_1738;PROD_1;1;1
CORD_ORD_1738;PROD_10;1;1
CORD_ORD_1738;PROD_11;1;1
CORD_ORD_1738;PROD_16;1;1
CORD_ORD_1738;PROD_26;1;1
CORD_ORD_1738;PROD_27;1;1
CORD_ORD_1738;PROD_29;1;1
CORD_ORD_1738;PROD_3;1;1
CORD_ORD_1738;PROD_32;1;1
CORD_ORD_1738;PROD_36;1;1
CORD_ORD_1738;PROD_43;1;1
CORD_ORD_1738;PROD_46;1;1
CORD_ORD_1738;PROD_47;1;1
CORD_ORD_1738;PROD_6;1;1
CORD_ORD_1738;PROD_8;1;1
CORD_ORD_1739;PROD_1;1;1
CORD_ORD_1739;PROD_10;1;1
CORD_ORD_1739;PROD_12;1;1
CORD_ORD_1739;PROD_13;1;1
CORD_ORD_1739;PROD_16;1;1
CORD_ORD_1739;PROD_19;1;1
CORD_ORD_1739;PROD_20;1;1
CORD_ORD_1739;PROD_21;1;1
CORD_ORD_1739;PROD_3;1;1
CORD_ORD_1739;PROD_33;1;1
CORD_ORD_1739;PROD_35;1;1
CORD_ORD_1739;PROD_36;1;1
CORD_ORD_1739;PROD_38;1;1
CORD_ORD_1739;PROD_39;1;1
CORD_ORD_1739;PROD_4;1;1
CORD_ORD_1739;PROD_44;1;1
CORD_ORD_1739;PROD_8;1;1
CORD_ORD_1740;PROD_1;1;1
CORD_ORD_1740;PROD_12;1;1
CORD_ORD_1740;PROD_14;1;1
CORD_ORD_1740;PROD_17;1;1
CORD_ORD_1740;PROD_18;1;1
CORD_ORD_1740;PROD_19;1;1
CORD_ORD_1740;PROD_2;1;1
CORD_ORD_1740;PROD_21;1;1
CORD_ORD_1740;PROD_26;1;1
CORD_ORD_1740;PROD_28;1;1
CORD_ORD_1740;PROD_3;1;1
CORD_ORD_1740;PROD_31;1;1
CORD_ORD_1740;PROD_32;1;1
CORD_ORD_1740;PROD_33;1;1
CORD_ORD_1740;PROD_36;1;1
CORD_ORD_1740;PROD_4;1;1
CORD_ORD_1740;PROD_41;1;1
CORD_ORD_1740;PROD_43;1;1
CORD_ORD_1740;PROD_44;1;1
CORD_ORD_1740;PROD_46;1;1
CORD_ORD_1740;PROD_47;1;1
CORD_ORD_1740;PROD_48;1;1
CORD_ORD_1740;PROD_5;1;1
CORD_ORD_1740;PROD_6;1;1
CORD_ORD_1740;PROD_7;1;1
CORD_ORD_1740;PROD_9;1;1
CORD_ORD_1741;PROD_11;1;1
CORD_ORD_1741;PROD_13;1;1
CORD_ORD_1741;PROD_14;1;1
CORD_ORD_1741;PROD_15;1;1
CORD_ORD_1741;PROD_17;1;1
CORD_ORD_1741;PROD_18;1;1
CORD_ORD_1741;PROD_2;1;1
CORD_ORD_1741;PROD_20;1;1
CORD_ORD_1741;PROD_23;1;1
CORD_ORD_1741;PROD_27;1;1
CORD_ORD_1741;PROD_28;1;1
CORD_ORD_1741;PROD_29;1;1
CORD_ORD_1741;PROD_30;1;1
CORD_ORD_1741;PROD_31;1;1
CORD_ORD_1741;PROD_34;1;1
CORD_ORD_1741;PROD_35;1;1
CORD_ORD_1741;PROD_38;1;1
CORD_ORD_1741;PROD_39;1;1
CORD_ORD_1741;PROD_40;1;1
CORD_ORD_1741;PROD_41;1;1
CORD_ORD_1741;PROD_45;1;1
CORD_ORD_1741;PROD_48;1;1
CORD_ORD_1741;PROD_49;1;1
CORD_ORD_1741;PROD_5;1;1
CORD_ORD_1741;PROD_7;1;1
CORD_ORD_1741;PROD_9;1;1
CORD_ORD_1742;PROD_10;1;1
CORD_ORD_1742;PROD_13;1;1
CORD_ORD_1742;PROD_14;1;1
CORD_ORD_1742;PROD_15;1;1
CORD_ORD_1742;PROD_16;1;1
CORD_ORD_1742;PROD_20;1;1
CORD_ORD_1742;PROD_24;1;1
CORD_ORD_1742;PROD_28;1;1
CORD_ORD_1742;PROD_30;1;1
CORD_ORD_1742;PROD_34;1;1
CORD_ORD_1742;PROD_35;1;1
CORD_ORD_1742;PROD_37;1;1
CORD_ORD_1742;PROD_38;1;1
CORD_ORD_1742;PROD_39;1;1
CORD_ORD_1742;PROD_40;1;1
CORD_ORD_1742;PROD_42;1;1
CORD_ORD_1742;PROD_49;1;1
CORD_ORD_1742;PROD_5;1;1
CORD_ORD_1742;PROD_7;1;1
CORD_ORD_1742;PROD_8;1;1
CORD_ORD_1742;PROD_9;1;1
CORD_ORD_1743;PROD_10;1;1
CORD_ORD_1743;PROD_13;1;1
CORD_ORD_1743;PROD_15;1;1
CORD_ORD_1743;PROD_16;1;1
CORD_ORD_1743;PROD_17;1;1
CORD_ORD_1743;PROD_22;1;1
CORD_ORD_1743;PROD_25;1;1
CORD_ORD_1743;PROD_26;1;1
CORD_ORD_1743;PROD_31;1;1
CORD_ORD_1743;PROD_34;1;1
CORD_ORD_1743;PROD_38;1;1
CORD_ORD_1743;PROD_46;1;1
CORD_ORD_1743;PROD_48;1;1
CORD_ORD_1743;PROD_49;1;1
CORD_ORD_1743;PROD_50;1;1
CORD_ORD_1743;PROD_6;1;1
CORD_ORD_1743;PROD_8;1;1
CORD_ORD_1744;PROD_1;1;1
CORD_ORD_1744;PROD_10;1;1
CORD_ORD_1744;PROD_11;1;1
CORD_ORD_1744;PROD_12;1;1
CORD_ORD_1744;PROD_16;1;1
CORD_ORD_1744;PROD_18;1;1
CORD_ORD_1744;PROD_2;1;1
CORD_ORD_1744;PROD_21;1;1
CORD_ORD_1744;PROD_22;1;1
CORD_ORD_1744;PROD_23;1;1
CORD_ORD_1744;PROD_25;1;1
CORD_ORD_1744;PROD_27;1;1
CORD_ORD_1744;PROD_29;1;1
CORD_ORD_1744;PROD_3;1;1
CORD_ORD_1744;PROD_36;1;1
CORD_ORD_1744;PROD_4;1;1
CORD_ORD_1744;PROD_41;1;1
CORD_ORD_1744;PROD_45;1;1
CORD_ORD_1744;PROD_5;1;1
CORD_ORD_1744;PROD_50;1;1
CORD_ORD_1744;PROD_7;1;1
CORD_ORD_1744;PROD_8;1;1
CORD_ORD_1745;PROD_1;1;1
CORD_ORD_1745;PROD_11;1;1
CORD_ORD_1745;PROD_12;1;1
CORD_ORD_1745;PROD_13;1;1
CORD_ORD_1745;PROD_14;1;1
CORD_ORD_1745;PROD_15;1;1
CORD_ORD_1745;PROD_21;1;1
CORD_ORD_1745;PROD_22;1;1
CORD_ORD_1745;PROD_23;1;1
CORD_ORD_1745;PROD_25;1;1
CORD_ORD_1745;PROD_26;1;1
CORD_ORD_1745;PROD_27;1;1
CORD_ORD_1745;PROD_28;1;1
CORD_ORD_1745;PROD_29;1;1
CORD_ORD_1745;PROD_3;1;1
CORD_ORD_1745;PROD_30;1;1
CORD_ORD_1745;PROD_32;1;1
CORD_ORD_1745;PROD_34;1;1
CORD_ORD_1745;PROD_36;1;1
CORD_ORD_1745;PROD_38;1;1
CORD_ORD_1745;PROD_4;1;1
CORD_ORD_1745;PROD_40;1;1
CORD_ORD_1745;PROD_43;1;1
CORD_ORD_1745;PROD_45;1;1
CORD_ORD_1745;PROD_46;1;1
CORD_ORD_1745;PROD_47;1;1
CORD_ORD_1745;PROD_49;1;1
CORD_ORD_1745;PROD_50;1;1
CORD_ORD_1745;PROD_6;1;1
CORD_ORD_1745;PROD_9;1;1
CORD_ORD_1746;PROD_1;1;1
CORD_ORD_1746;PROD_11;1;1
CORD_ORD_1746;PROD_13;1;1
CORD_ORD_1746;PROD_19;1;1
CORD_ORD_1746;PROD_23;1;1
CORD_ORD_1746;PROD_27;1;1
CORD_ORD_1746;PROD_29;1;1
CORD_ORD_1746;PROD_3;1;1
CORD_ORD_1746;PROD_32;1;1
CORD_ORD_1746;PROD_33;1;1
CORD_ORD_1746;PROD_36;1;1
CORD_ORD_1746;PROD_38;1;1
CORD_ORD_1746;PROD_43;1;1
CORD_ORD_1746;PROD_44;1;1
CORD_ORD_1746;PROD_45;1;1
CORD_ORD_1746;PROD_47;1;1
CORD_ORD_1747;PROD_1;1;1
CORD_ORD_1747;PROD_10;1;1
CORD_ORD_1747;PROD_16;1;1
CORD_ORD_1747;PROD_26;1;1
CORD_ORD_1747;PROD_3;1;1
CORD_ORD_1747;PROD_36;1;1
CORD_ORD_1747;PROD_46;1;1
CORD_ORD_1747;PROD_6;1;1
CORD_ORD_1747;PROD_8;1;1
CORD_ORD_1748;PROD_11;1;1
CORD_ORD_1748;PROD_12;1;1
CORD_ORD_1748;PROD_17;1;1
CORD_ORD_1748;PROD_21;1;1
CORD_ORD_1748;PROD_27;1;1
CORD_ORD_1748;PROD_29;1;1
CORD_ORD_1748;PROD_31;1;1
CORD_ORD_1748;PROD_32;1;1
CORD_ORD_1748;PROD_4;1;1
CORD_ORD_1748;PROD_43;1;1
CORD_ORD_1748;PROD_47;1;1
CORD_ORD_1748;PROD_48;1;1
CORD_ORD_1749;PROD_10;1;1
CORD_ORD_1749;PROD_11;1;1
CORD_ORD_1749;PROD_13;1;1
CORD_ORD_1749;PROD_15;1;1
CORD_ORD_1749;PROD_16;1;1
CORD_ORD_1749;PROD_17;1;1
CORD_ORD_1749;PROD_20;1;1
CORD_ORD_1749;PROD_22;1;1
CORD_ORD_1749;PROD_25;1;1
CORD_ORD_1749;PROD_26;1;1
CORD_ORD_1749;PROD_27;1;1
CORD_ORD_1749;PROD_29;1;1
CORD_ORD_1749;PROD_31;1;1
CORD_ORD_1749;PROD_34;1;1
CORD_ORD_1749;PROD_35;1;1
CORD_ORD_1749;PROD_38;1;1
CORD_ORD_1749;PROD_39;1;1
CORD_ORD_1749;PROD_46;1;1
CORD_ORD_1749;PROD_48;1;1
CORD_ORD_1749;PROD_49;1;1
CORD_ORD_1749;PROD_50;1;1
CORD_ORD_1749;PROD_6;1;1
CORD_ORD_1749;PROD_8;1;1
CORD_ORD_1750;PROD_1;1;1
CORD_ORD_1750;PROD_10;1;1
CORD_ORD_1750;PROD_13;1;1
CORD_ORD_1750;PROD_16;1;1
CORD_ORD_1750;PROD_18;1;1
CORD_ORD_1750;PROD_2;1;1
CORD_ORD_1750;PROD_20;1;1
CORD_ORD_1750;PROD_24;1;1
CORD_ORD_1750;PROD_26;1;1
CORD_ORD_1750;PROD_3;1;1
CORD_ORD_1750;PROD_35;1;1
CORD_ORD_1750;PROD_36;1;1
CORD_ORD_1750;PROD_37;1;1
CORD_ORD_1750;PROD_38;1;1
CORD_ORD_1750;PROD_39;1;1
CORD_ORD_1750;PROD_41;1;1
CORD_ORD_1750;PROD_42;1;1
CORD_ORD_1750;PROD_46;1;1
CORD_ORD_1750;PROD_6;1;1
CORD_ORD_1750;PROD_8;1;1
CORD_ORD_1751;PROD_1;1;1
CORD_ORD_1751;PROD_11;1;1
CORD_ORD_1751;PROD_15;1;1
CORD_ORD_1751;PROD_17;1;1
CORD_ORD_1751;PROD_22;1;1
CORD_ORD_1751;PROD_24;1;1
CORD_ORD_1751;PROD_25;1;1
CORD_ORD_1751;PROD_26;1;1
CORD_ORD_1751;PROD_27;1;1
CORD_ORD_1751;PROD_29;1;1
CORD_ORD_1751;PROD_3;1;1
CORD_ORD_1751;PROD_31;1;1
CORD_ORD_1751;PROD_32;1;1
CORD_ORD_1751;PROD_34;1;1
CORD_ORD_1751;PROD_36;1;1
CORD_ORD_1751;PROD_37;1;1
CORD_ORD_1751;PROD_42;1;1
CORD_ORD_1751;PROD_43;1;1
CORD_ORD_1751;PROD_46;1;1
CORD_ORD_1751;PROD_47;1;1
CORD_ORD_1751;PROD_48;1;1
CORD_ORD_1751;PROD_49;1;1
CORD_ORD_1751;PROD_50;1;1
CORD_ORD_1751;PROD_6;1;1
CORD_ORD_1752;PROD_10;1;1
CORD_ORD_1752;PROD_11;1;1
CORD_ORD_1752;PROD_15;1;1
CORD_ORD_1752;PROD_16;1;1
CORD_ORD_1752;PROD_27;1;1
CORD_ORD_1752;PROD_29;1;1
CORD_ORD_1752;PROD_34;1;1
CORD_ORD_1752;PROD_49;1;1
CORD_ORD_1752;PROD_8;1;1
CORD_ORD_1753;PROD_10;1;1
CORD_ORD_1753;PROD_14;1;1
CORD_ORD_1753;PROD_16;1;1
CORD_ORD_1753;PROD_20;1;1
CORD_ORD_1753;PROD_28;1;1
CORD_ORD_1753;PROD_35;1;1
CORD_ORD_1753;PROD_39;1;1
CORD_ORD_1753;PROD_8;1;1
CORD_ORD_1753;PROD_9;1;1
CORD_ORD_1754;PROD_1;1;1
CORD_ORD_1754;PROD_10;1;1
CORD_ORD_1754;PROD_15;1;1
CORD_ORD_1754;PROD_16;1;1
CORD_ORD_1754;PROD_19;1;1
CORD_ORD_1754;PROD_20;1;1
CORD_ORD_1754;PROD_23;1;1
CORD_ORD_1754;PROD_24;1;1
CORD_ORD_1754;PROD_26;1;1
CORD_ORD_1754;PROD_3;1;1
CORD_ORD_1754;PROD_33;1;1
CORD_ORD_1754;PROD_34;1;1
CORD_ORD_1754;PROD_35;1;1
CORD_ORD_1754;PROD_36;1;1
CORD_ORD_1754;PROD_37;1;1
CORD_ORD_1754;PROD_39;1;1
CORD_ORD_1754;PROD_42;1;1
CORD_ORD_1754;PROD_44;1;1
CORD_ORD_1754;PROD_45;1;1
CORD_ORD_1754;PROD_46;1;1
CORD_ORD_1754;PROD_49;1;1
CORD_ORD_1754;PROD_6;1;1
CORD_ORD_1754;PROD_8;1;1
CORD_ORD_1755;PROD_10;1;1
CORD_ORD_1755;PROD_11;1;1
CORD_ORD_1755;PROD_13;1;1
CORD_ORD_1755;PROD_14;1;1
CORD_ORD_1755;PROD_16;1;1
CORD_ORD_1755;PROD_17;1;1
CORD_ORD_1755;PROD_20;1;1
CORD_ORD_1755;PROD_27;1;1
CORD_ORD_1755;PROD_28;1;1
CORD_ORD_1755;PROD_29;1;1
CORD_ORD_1755;PROD_31;1;1
CORD_ORD_1755;PROD_35;1;1
CORD_ORD_1755;PROD_38;1;1
CORD_ORD_1755;PROD_39;1;1
CORD_ORD_1755;PROD_48;1;1
CORD_ORD_1755;PROD_8;1;1
CORD_ORD_1755;PROD_9;1;1
CORD_ORD_1756;PROD_10;1;1
CORD_ORD_1756;PROD_11;1;1
CORD_ORD_1756;PROD_12;1;1
CORD_ORD_1756;PROD_14;1;1
CORD_ORD_1756;PROD_16;1;1
CORD_ORD_1756;PROD_17;1;1
CORD_ORD_1756;PROD_19;1;1
CORD_ORD_1756;PROD_20;1;1
CORD_ORD_1756;PROD_21;1;1
CORD_ORD_1756;PROD_23;1;1
CORD_ORD_1756;PROD_27;1;1
CORD_ORD_1756;PROD_28;1;1
CORD_ORD_1756;PROD_29;1;1
CORD_ORD_1756;PROD_31;1;1
CORD_ORD_1756;PROD_33;1;1
CORD_ORD_1756;PROD_35;1;1
CORD_ORD_1756;PROD_39;1;1
CORD_ORD_1756;PROD_4;1;1
CORD_ORD_1756;PROD_44;1;1
CORD_ORD_1756;PROD_45;1;1
CORD_ORD_1756;PROD_48;1;1
CORD_ORD_1756;PROD_8;1;1
CORD_ORD_1756;PROD_9;1;1
CORD_ORD_1757;PROD_1;1;1
CORD_ORD_1757;PROD_10;1;1
CORD_ORD_1757;PROD_11;1;1
CORD_ORD_1757;PROD_12;1;1
CORD_ORD_1757;PROD_16;1;1
CORD_ORD_1757;PROD_17;1;1
CORD_ORD_1757;PROD_19;1;1
CORD_ORD_1757;PROD_20;1;1
CORD_ORD_1757;PROD_21;1;1
CORD_ORD_1757;PROD_22;1;1
CORD_ORD_1757;PROD_23;1;1
CORD_ORD_1757;PROD_25;1;1
CORD_ORD_1757;PROD_26;1;1
CORD_ORD_1757;PROD_27;1;1
CORD_ORD_1757;PROD_29;1;1
CORD_ORD_1757;PROD_3;1;1
CORD_ORD_1757;PROD_31;1;1
CORD_ORD_1757;PROD_33;1;1
CORD_ORD_1757;PROD_35;1;1
CORD_ORD_1757;PROD_36;1;1
CORD_ORD_1757;PROD_39;1;1
CORD_ORD_1757;PROD_4;1;1
CORD_ORD_1757;PROD_44;1;1
CORD_ORD_1757;PROD_45;1;1
CORD_ORD_1757;PROD_46;1;1
CORD_ORD_1757;PROD_48;1;1
CORD_ORD_1757;PROD_50;1;1
CORD_ORD_1757;PROD_6;1;1
CORD_ORD_1757;PROD_8;1;1
CORD_ORD_1758;PROD_1;1;1
CORD_ORD_1758;PROD_10;1;1
CORD_ORD_1758;PROD_14;1;1
CORD_ORD_1758;PROD_15;1;1
CORD_ORD_1758;PROD_16;1;1
CORD_ORD_1758;PROD_17;1;1
CORD_ORD_1758;PROD_19;1;1
CORD_ORD_1758;PROD_22;1;1
CORD_ORD_1758;PROD_23;1;1
CORD_ORD_1758;PROD_25;1;1
CORD_ORD_1758;PROD_26;1;1
CORD_ORD_1758;PROD_28;1;1
CORD_ORD_1758;PROD_3;1;1
CORD_ORD_1758;PROD_31;1;1
CORD_ORD_1758;PROD_33;1;1
CORD_ORD_1758;PROD_34;1;1
CORD_ORD_1758;PROD_36;1;1
CORD_ORD_1758;PROD_44;1;1
CORD_ORD_1758;PROD_45;1;1
CORD_ORD_1758;PROD_46;1;1
CORD_ORD_1758;PROD_48;1;1
CORD_ORD_1758;PROD_49;1;1
CORD_ORD_1758;PROD_5;1;1
CORD_ORD_1758;PROD_50;1;1
CORD_ORD_1758;PROD_6;1;1
CORD_ORD_1758;PROD_7;1;1
CORD_ORD_1758;PROD_8;1;1
CORD_ORD_1758;PROD_9;1;1
CORD_ORD_1759;PROD_10;1;1
CORD_ORD_1759;PROD_11;1;1
CORD_ORD_1759;PROD_12;1;1
CORD_ORD_1759;PROD_14;1;1
CORD_ORD_1759;PROD_16;1;1
CORD_ORD_1759;PROD_19;1;1
CORD_ORD_1759;PROD_20;1;1
CORD_ORD_1759;PROD_21;1;1
CORD_ORD_1759;PROD_22;1;1
CORD_ORD_1759;PROD_25;1;1
CORD_ORD_1759;PROD_27;1;1
CORD_ORD_1759;PROD_28;1;1
CORD_ORD_1759;PROD_29;1;1
CORD_ORD_1759;PROD_33;1;1
CORD_ORD_1759;PROD_35;1;1
CORD_ORD_1759;PROD_39;1;1
CORD_ORD_1759;PROD_4;1;1
CORD_ORD_1759;PROD_44;1;1
CORD_ORD_1759;PROD_50;1;1
CORD_ORD_1759;PROD_8;1;1
CORD_ORD_1759;PROD_9;1;1
CORD_ORD_1760;PROD_1;1;1
CORD_ORD_1760;PROD_10;1;1
CORD_ORD_1760;PROD_12;1;1
CORD_ORD_1760;PROD_14;1;1
CORD_ORD_1760;PROD_15;1;1
CORD_ORD_1760;PROD_16;1;1
CORD_ORD_1760;PROD_20;1;1
CORD_ORD_1760;PROD_21;1;1
CORD_ORD_1760;PROD_22;1;1
CORD_ORD_1760;PROD_24;1;1
CORD_ORD_1760;PROD_25;1;1
CORD_ORD_1760;PROD_28;1;1
CORD_ORD_1760;PROD_3;1;1
CORD_ORD_1760;PROD_32;1;1
CORD_ORD_1760;PROD_34;1;1
CORD_ORD_1760;PROD_35;1;1
CORD_ORD_1760;PROD_36;1;1
CORD_ORD_1760;PROD_37;1;1
CORD_ORD_1760;PROD_39;1;1
CORD_ORD_1760;PROD_4;1;1
CORD_ORD_1760;PROD_42;1;1
CORD_ORD_1760;PROD_43;1;1
CORD_ORD_1760;PROD_47;1;1
CORD_ORD_1760;PROD_49;1;1
CORD_ORD_1760;PROD_50;1;1
CORD_ORD_1760;PROD_8;1;1
CORD_ORD_1760;PROD_9;1;1
CORD_ORD_1761;PROD_1;1;1
CORD_ORD_1761;PROD_10;1;1
CORD_ORD_1761;PROD_11;1;1
CORD_ORD_1761;PROD_12;1;1
CORD_ORD_1761;PROD_14;1;1
CORD_ORD_1761;PROD_16;1;1
CORD_ORD_1761;PROD_17;1;1
CORD_ORD_1761;PROD_19;1;1
CORD_ORD_1761;PROD_20;1;1
CORD_ORD_1761;PROD_21;1;1
CORD_ORD_1761;PROD_27;1;1
CORD_ORD_1761;PROD_28;1;1
CORD_ORD_1761;PROD_29;1;1
CORD_ORD_1761;PROD_3;1;1
CORD_ORD_1761;PROD_31;1;1
CORD_ORD_1761;PROD_32;1;1
CORD_ORD_1761;PROD_33;1;1
CORD_ORD_1761;PROD_35;1;1
CORD_ORD_1761;PROD_36;1;1
CORD_ORD_1761;PROD_39;1;1
CORD_ORD_1761;PROD_4;1;1
CORD_ORD_1761;PROD_43;1;1
CORD_ORD_1761;PROD_44;1;1
CORD_ORD_1761;PROD_47;1;1
CORD_ORD_1761;PROD_48;1;1
CORD_ORD_1761;PROD_8;1;1
CORD_ORD_1761;PROD_9;1;1
CORD_ORD_1762;PROD_11;1;1
CORD_ORD_1762;PROD_17;1;1
CORD_ORD_1762;PROD_19;1;1
CORD_ORD_1762;PROD_23;1;1
CORD_ORD_1762;PROD_27;1;1
CORD_ORD_1762;PROD_29;1;1
CORD_ORD_1762;PROD_31;1;1
CORD_ORD_1762;PROD_32;1;1
CORD_ORD_1762;PROD_33;1;1
CORD_ORD_1762;PROD_43;1;1
CORD_ORD_1762;PROD_44;1;1
CORD_ORD_1762;PROD_45;1;1
CORD_ORD_1762;PROD_47;1;1
CORD_ORD_1762;PROD_48;1;1
CORD_ORD_1763;PROD_22;1;1
CORD_ORD_1763;PROD_25;1;1
CORD_ORD_1763;PROD_26;1;1
CORD_ORD_1763;PROD_30;1;1
CORD_ORD_1763;PROD_40;1;1
CORD_ORD_1763;PROD_46;1;1
CORD_ORD_1763;PROD_50;1;1
CORD_ORD_1763;PROD_6;1;1
CORD_ORD_1764;PROD_1;1;1
CORD_ORD_1764;PROD_10;1;1
CORD_ORD_1764;PROD_13;1;1
CORD_ORD_1764;PROD_14;1;1
CORD_ORD_1764;PROD_15;1;1
CORD_ORD_1764;PROD_16;1;1
CORD_ORD_1764;PROD_17;1;1
CORD_ORD_1764;PROD_20;1;1
CORD_ORD_1764;PROD_22;1;1
CORD_ORD_1764;PROD_24;1;1
CORD_ORD_1764;PROD_25;1;1
CORD_ORD_1764;PROD_26;1;1
CORD_ORD_1764;PROD_28;1;1
CORD_ORD_1764;PROD_3;1;1
CORD_ORD_1764;PROD_31;1;1
CORD_ORD_1764;PROD_34;1;1
CORD_ORD_1764;PROD_35;1;1
CORD_ORD_1764;PROD_36;1;1
CORD_ORD_1764;PROD_37;1;1
CORD_ORD_1764;PROD_38;1;1
CORD_ORD_1764;PROD_39;1;1
CORD_ORD_1764;PROD_42;1;1
CORD_ORD_1764;PROD_46;1;1
CORD_ORD_1764;PROD_48;1;1
CORD_ORD_1764;PROD_49;1;1
CORD_ORD_1764;PROD_5;1;1
CORD_ORD_1764;PROD_50;1;1
CORD_ORD_1764;PROD_6;1;1
CORD_ORD_1764;PROD_7;1;1
CORD_ORD_1764;PROD_8;1;1
CORD_ORD_1764;PROD_9;1;1
CORD_ORD_1765;PROD_1;1;1
CORD_ORD_1765;PROD_10;1;1
CORD_ORD_1765;PROD_13;1;1
CORD_ORD_1765;PROD_14;1;1
CORD_ORD_1765;PROD_16;1;1
CORD_ORD_1765;PROD_18;1;1
CORD_ORD_1765;PROD_2;1;1
CORD_ORD_1765;PROD_26;1;1
CORD_ORD_1765;PROD_28;1;1
CORD_ORD_1765;PROD_3;1;1
CORD_ORD_1765;PROD_30;1;1
CORD_ORD_1765;PROD_32;1;1
CORD_ORD_1765;PROD_36;1;1
CORD_ORD_1765;PROD_38;1;1
CORD_ORD_1765;PROD_40;1;1
CORD_ORD_1765;PROD_41;1;1
CORD_ORD_1765;PROD_43;1;1
CORD_ORD_1765;PROD_46;1;1
CORD_ORD_1765;PROD_47;1;1
CORD_ORD_1765;PROD_6;1;1
CORD_ORD_1765;PROD_8;1;1
CORD_ORD_1765;PROD_9;1;1
CORD_ORD_1766;PROD_11;1;1
CORD_ORD_1766;PROD_17;1;1
CORD_ORD_1766;PROD_27;1;1
CORD_ORD_1766;PROD_29;1;1
CORD_ORD_1766;PROD_31;1;1
CORD_ORD_1766;PROD_32;1;1
CORD_ORD_1766;PROD_43;1;1
CORD_ORD_1766;PROD_47;1;1
CORD_ORD_1766;PROD_48;1;1
CORD_ORD_1766;PROD_5;1;1
CORD_ORD_1766;PROD_7;1;1
CORD_ORD_1767;PROD_10;1;1
CORD_ORD_1767;PROD_11;1;1
CORD_ORD_1767;PROD_13;1;1
CORD_ORD_1767;PROD_15;1;1
CORD_ORD_1767;PROD_16;1;1
CORD_ORD_1767;PROD_18;1;1
CORD_ORD_1767;PROD_19;1;1
CORD_ORD_1767;PROD_2;1;1
CORD_ORD_1767;PROD_22;1;1
CORD_ORD_1767;PROD_23;1;1
CORD_ORD_1767;PROD_25;1;1
CORD_ORD_1767;PROD_27;1;1
CORD_ORD_1767;PROD_29;1;1
CORD_ORD_1767;PROD_33;1;1
CORD_ORD_1767;PROD_34;1;1
CORD_ORD_1767;PROD_38;1;1
CORD_ORD_1767;PROD_41;1;1
CORD_ORD_1767;PROD_44;1;1
CORD_ORD_1767;PROD_45;1;1
CORD_ORD_1767;PROD_49;1;1
CORD_ORD_1767;PROD_50;1;1
CORD_ORD_1767;PROD_8;1;1
CORD_ORD_1768;PROD_11;1;1
CORD_ORD_1768;PROD_12;1;1
CORD_ORD_1768;PROD_13;1;1
CORD_ORD_1768;PROD_17;1;1
CORD_ORD_1768;PROD_19;1;1
CORD_ORD_1768;PROD_20;1;1
CORD_ORD_1768;PROD_21;1;1
CORD_ORD_1768;PROD_22;1;1
CORD_ORD_1768;PROD_23;1;1
CORD_ORD_1768;PROD_25;1;1
CORD_ORD_1768;PROD_27;1;1
CORD_ORD_1768;PROD_29;1;1
CORD_ORD_1768;PROD_31;1;1
CORD_ORD_1768;PROD_32;1;1
CORD_ORD_1768;PROD_33;1;1
CORD_ORD_1768;PROD_35;1;1
CORD_ORD_1768;PROD_38;1;1
CORD_ORD_1768;PROD_39;1;1
CORD_ORD_1768;PROD_4;1;1
CORD_ORD_1768;PROD_43;1;1
CORD_ORD_1768;PROD_44;1;1
CORD_ORD_1768;PROD_45;1;1
CORD_ORD_1768;PROD_47;1;1
CORD_ORD_1768;PROD_48;1;1
CORD_ORD_1768;PROD_50;1;1
CORD_ORD_1769;PROD_12;1;1
CORD_ORD_1769;PROD_13;1;1
CORD_ORD_1769;PROD_14;1;1
CORD_ORD_1769;PROD_18;1;1
CORD_ORD_1769;PROD_2;1;1
CORD_ORD_1769;PROD_21;1;1
CORD_ORD_1769;PROD_28;1;1
CORD_ORD_1769;PROD_38;1;1
CORD_ORD_1769;PROD_4;1;1
CORD_ORD_1769;PROD_41;1;1
CORD_ORD_1769;PROD_9;1;1
CORD_ORD_1770;PROD_1;1;1
CORD_ORD_1770;PROD_10;1;1
CORD_ORD_1770;PROD_11;1;1
CORD_ORD_1770;PROD_13;1;1
CORD_ORD_1770;PROD_16;1;1
CORD_ORD_1770;PROD_26;1;1
CORD_ORD_1770;PROD_27;1;1
CORD_ORD_1770;PROD_29;1;1
CORD_ORD_1770;PROD_3;1;1
CORD_ORD_1770;PROD_32;1;1
CORD_ORD_1770;PROD_36;1;1
CORD_ORD_1770;PROD_38;1;1
CORD_ORD_1770;PROD_43;1;1
CORD_ORD_1770;PROD_46;1;1
CORD_ORD_1770;PROD_47;1;1
CORD_ORD_1770;PROD_6;1;1
CORD_ORD_1770;PROD_8;1;1
CORD_ORD_1771;PROD_10;1;1
CORD_ORD_1771;PROD_16;1;1
CORD_ORD_1771;PROD_17;1;1
CORD_ORD_1771;PROD_24;1;1
CORD_ORD_1771;PROD_31;1;1
CORD_ORD_1771;PROD_37;1;1
CORD_ORD_1771;PROD_42;1;1
CORD_ORD_1771;PROD_48;1;1
CORD_ORD_1771;PROD_5;1;1
CORD_ORD_1771;PROD_7;1;1
CORD_ORD_1771;PROD_8;1;1
CORD_ORD_1772;PROD_10;1;1
CORD_ORD_1772;PROD_12;1;1
CORD_ORD_1772;PROD_16;1;1
CORD_ORD_1772;PROD_17;1;1
CORD_ORD_1772;PROD_20;1;1
CORD_ORD_1772;PROD_21;1;1
CORD_ORD_1772;PROD_22;1;1
CORD_ORD_1772;PROD_25;1;1
CORD_ORD_1772;PROD_26;1;1
CORD_ORD_1772;PROD_31;1;1
CORD_ORD_1772;PROD_32;1;1
CORD_ORD_1772;PROD_35;1;1
CORD_ORD_1772;PROD_39;1;1
CORD_ORD_1772;PROD_4;1;1
CORD_ORD_1772;PROD_43;1;1
CORD_ORD_1772;PROD_46;1;1
CORD_ORD_1772;PROD_47;1;1
CORD_ORD_1772;PROD_48;1;1
CORD_ORD_1772;PROD_5;1;1
CORD_ORD_1772;PROD_50;1;1
CORD_ORD_1772;PROD_6;1;1
CORD_ORD_1772;PROD_7;1;1
CORD_ORD_1772;PROD_8;1;1
CORD_ORD_1773;PROD_11;1;1
CORD_ORD_1773;PROD_17;1;1
CORD_ORD_1773;PROD_27;1;1
CORD_ORD_1773;PROD_29;1;1
CORD_ORD_1773;PROD_31;1;1
CORD_ORD_1773;PROD_32;1;1
CORD_ORD_1773;PROD_43;1;1
CORD_ORD_1773;PROD_47;1;1
CORD_ORD_1773;PROD_48;1;1
CORD_ORD_1774;PROD_1;1;1
CORD_ORD_1774;PROD_10;1;1
CORD_ORD_1774;PROD_11;1;1
CORD_ORD_1774;PROD_13;1;1
CORD_ORD_1774;PROD_16;1;1
CORD_ORD_1774;PROD_19;1;1
CORD_ORD_1774;PROD_20;1;1
CORD_ORD_1774;PROD_24;1;1
CORD_ORD_1774;PROD_27;1;1
CORD_ORD_1774;PROD_29;1;1
CORD_ORD_1774;PROD_3;1;1
CORD_ORD_1774;PROD_32;1;1
CORD_ORD_1774;PROD_33;1;1
CORD_ORD_1774;PROD_35;1;1
CORD_ORD_1774;PROD_36;1;1
CORD_ORD_1774;PROD_37;1;1
CORD_ORD_1774;PROD_38;1;1
CORD_ORD_1774;PROD_39;1;1
CORD_ORD_1774;PROD_42;1;1
CORD_ORD_1774;PROD_43;1;1
CORD_ORD_1774;PROD_44;1;1
CORD_ORD_1774;PROD_47;1;1
CORD_ORD_1774;PROD_5;1;1
CORD_ORD_1774;PROD_7;1;1
CORD_ORD_1774;PROD_8;1;1
CORD_ORD_1775;PROD_10;1;1
CORD_ORD_1775;PROD_11;1;1
CORD_ORD_1775;PROD_15;1;1
CORD_ORD_1775;PROD_16;1;1
CORD_ORD_1775;PROD_19;1;1
CORD_ORD_1775;PROD_22;1;1
CORD_ORD_1775;PROD_25;1;1
CORD_ORD_1775;PROD_27;1;1
CORD_ORD_1775;PROD_29;1;1
CORD_ORD_1775;PROD_33;1;1
CORD_ORD_1775;PROD_34;1;1
CORD_ORD_1775;PROD_44;1;1
CORD_ORD_1775;PROD_49;1;1
CORD_ORD_1775;PROD_50;1;1
CORD_ORD_1775;PROD_8;1;1
CORD_ORD_1776;PROD_1;1;1
CORD_ORD_1776;PROD_10;1;1
CORD_ORD_1776;PROD_12;1;1
CORD_ORD_1776;PROD_16;1;1
CORD_ORD_1776;PROD_18;1;1
CORD_ORD_1776;PROD_19;1;1
CORD_ORD_1776;PROD_2;1;1
CORD_ORD_1776;PROD_20;1;1
CORD_ORD_1776;PROD_21;1;1
CORD_ORD_1776;PROD_23;1;1
CORD_ORD_1776;PROD_24;1;1
CORD_ORD_1776;PROD_26;1;1
CORD_ORD_1776;PROD_3;1;1
CORD_ORD_1776;PROD_32;1;1
CORD_ORD_1776;PROD_33;1;1
CORD_ORD_1776;PROD_35;1;1
CORD_ORD_1776;PROD_36;1;1
CORD_ORD_1776;PROD_37;1;1
CORD_ORD_1776;PROD_39;1;1
CORD_ORD_1776;PROD_4;1;1
CORD_ORD_1776;PROD_41;1;1
CORD_ORD_1776;PROD_42;1;1
CORD_ORD_1776;PROD_43;1;1
CORD_ORD_1776;PROD_44;1;1
CORD_ORD_1776;PROD_45;1;1
CORD_ORD_1776;PROD_46;1;1
CORD_ORD_1776;PROD_47;1;1
CORD_ORD_1776;PROD_6;1;1
CORD_ORD_1776;PROD_8;1;1
CORD_ORD_1777;PROD_11;1;1
CORD_ORD_1777;PROD_17;1;1
CORD_ORD_1777;PROD_19;1;1
CORD_ORD_1777;PROD_24;1;1
CORD_ORD_1777;PROD_27;1;1
CORD_ORD_1777;PROD_29;1;1
CORD_ORD_1777;PROD_31;1;1
CORD_ORD_1777;PROD_33;1;1
CORD_ORD_1777;PROD_37;1;1
CORD_ORD_1777;PROD_42;1;1
CORD_ORD_1777;PROD_44;1;1
CORD_ORD_1777;PROD_48;1;1
CORD_ORD_1778;PROD_1;1;1
CORD_ORD_1778;PROD_14;1;1
CORD_ORD_1778;PROD_15;1;1
CORD_ORD_1778;PROD_17;1;1
CORD_ORD_1778;PROD_19;1;1
CORD_ORD_1778;PROD_20;1;1
CORD_ORD_1778;PROD_23;1;1
CORD_ORD_1778;PROD_24;1;1
CORD_ORD_1778;PROD_26;1;1
CORD_ORD_1778;PROD_28;1;1
CORD_ORD_1778;PROD_3;1;1
CORD_ORD_1778;PROD_31;1;1
CORD_ORD_1778;PROD_32;1;1
CORD_ORD_1778;PROD_33;1;1
CORD_ORD_1778;PROD_34;1;1
CORD_ORD_1778;PROD_35;1;1
CORD_ORD_1778;PROD_36;1;1
CORD_ORD_1778;PROD_37;1;1
CORD_ORD_1778;PROD_39;1;1
CORD_ORD_1778;PROD_42;1;1
CORD_ORD_1778;PROD_43;1;1
CORD_ORD_1778;PROD_44;1;1
CORD_ORD_1778;PROD_45;1;1
CORD_ORD_1778;PROD_46;1;1
CORD_ORD_1778;PROD_47;1;1
CORD_ORD_1778;PROD_48;1;1
CORD_ORD_1778;PROD_49;1;1
CORD_ORD_1778;PROD_6;1;1
CORD_ORD_1778;PROD_9;1;1
CORD_ORD_1779;PROD_10;1;1
CORD_ORD_1779;PROD_11;1;1
CORD_ORD_1779;PROD_16;1;1
CORD_ORD_1779;PROD_19;1;1
CORD_ORD_1779;PROD_20;1;1
CORD_ORD_1779;PROD_22;1;1
CORD_ORD_1779;PROD_25;1;1
CORD_ORD_1779;PROD_27;1;1
CORD_ORD_1779;PROD_29;1;1
CORD_ORD_1779;PROD_33;1;1
CORD_ORD_1779;PROD_35;1;1
CORD_ORD_1779;PROD_39;1;1
CORD_ORD_1779;PROD_44;1;1
CORD_ORD_1779;PROD_50;1;1
CORD_ORD_1779;PROD_8;1;1
CORD_ORD_1780;PROD_1;1;1
CORD_ORD_1780;PROD_10;1;1
CORD_ORD_1780;PROD_13;1;1
CORD_ORD_1780;PROD_14;1;1
CORD_ORD_1780;PROD_16;1;1
CORD_ORD_1780;PROD_17;1;1
CORD_ORD_1780;PROD_22;1;1
CORD_ORD_1780;PROD_23;1;1
CORD_ORD_1780;PROD_24;1;1
CORD_ORD_1780;PROD_25;1;1
CORD_ORD_1780;PROD_28;1;1
CORD_ORD_1780;PROD_3;1;1
CORD_ORD_1780;PROD_30;1;1
CORD_ORD_1780;PROD_31;1;1
CORD_ORD_1780;PROD_32;1;1
CORD_ORD_1780;PROD_36;1;1
CORD_ORD_1780;PROD_37;1;1
CORD_ORD_1780;PROD_38;1;1
CORD_ORD_1780;PROD_40;1;1
CORD_ORD_1780;PROD_42;1;1
CORD_ORD_1780;PROD_43;1;1
CORD_ORD_1780;PROD_45;1;1
CORD_ORD_1780;PROD_47;1;1
CORD_ORD_1780;PROD_48;1;1
CORD_ORD_1780;PROD_50;1;1
CORD_ORD_1780;PROD_8;1;1
CORD_ORD_1780;PROD_9;1;1
CORD_ORD_1781;PROD_1;1;1
CORD_ORD_1781;PROD_10;1;1
CORD_ORD_1781;PROD_11;1;1
CORD_ORD_1781;PROD_13;1;1
CORD_ORD_1781;PROD_16;1;1
CORD_ORD_1781;PROD_22;1;1
CORD_ORD_1781;PROD_25;1;1
CORD_ORD_1781;PROD_26;1;1
CORD_ORD_1781;PROD_27;1;1
CORD_ORD_1781;PROD_29;1;1
CORD_ORD_1781;PROD_3;1;1
CORD_ORD_1781;PROD_30;1;1
CORD_ORD_1781;PROD_32;1;1
CORD_ORD_1781;PROD_36;1;1
CORD_ORD_1781;PROD_38;1;1
CORD_ORD_1781;PROD_40;1;1
CORD_ORD_1781;PROD_43;1;1
CORD_ORD_1781;PROD_46;1;1
CORD_ORD_1781;PROD_47;1;1
CORD_ORD_1781;PROD_50;1;1
CORD_ORD_1781;PROD_6;1;1
CORD_ORD_1781;PROD_8;1;1
CORD_ORD_1782;PROD_1;1;1
CORD_ORD_1782;PROD_18;1;1
CORD_ORD_1782;PROD_19;1;1
CORD_ORD_1782;PROD_2;1;1
CORD_ORD_1782;PROD_24;1;1
CORD_ORD_1782;PROD_26;1;1
CORD_ORD_1782;PROD_3;1;1
CORD_ORD_1782;PROD_33;1;1
CORD_ORD_1782;PROD_36;1;1
CORD_ORD_1782;PROD_37;1;1
CORD_ORD_1782;PROD_41;1;1
CORD_ORD_1782;PROD_42;1;1
CORD_ORD_1782;PROD_44;1;1
CORD_ORD_1782;PROD_46;1;1
CORD_ORD_1782;PROD_6;1;1
CORD_ORD_1783;PROD_1;1;1
CORD_ORD_1783;PROD_11;1;1
CORD_ORD_1783;PROD_13;1;1
CORD_ORD_1783;PROD_14;1;1
CORD_ORD_1783;PROD_15;1;1
CORD_ORD_1783;PROD_18;1;1
CORD_ORD_1783;PROD_19;1;1
CORD_ORD_1783;PROD_2;1;1
CORD_ORD_1783;PROD_23;1;1
CORD_ORD_1783;PROD_24;1;1
CORD_ORD_1783;PROD_27;1;1
CORD_ORD_1783;PROD_28;1;1
CORD_ORD_1783;PROD_29;1;1
CORD_ORD_1783;PROD_3;1;1
CORD_ORD_1783;PROD_33;1;1
CORD_ORD_1783;PROD_34;1;1
CORD_ORD_1783;PROD_36;1;1
CORD_ORD_1783;PROD_37;1;1
CORD_ORD_1783;PROD_38;1;1
CORD_ORD_1783;PROD_41;1;1
CORD_ORD_1783;PROD_42;1;1
CORD_ORD_1783;PROD_44;1;1
CORD_ORD_1783;PROD_45;1;1
CORD_ORD_1783;PROD_49;1;1
CORD_ORD_1783;PROD_9;1;1
CORD_ORD_1784;PROD_10;1;1
CORD_ORD_1784;PROD_11;1;1
CORD_ORD_1784;PROD_16;1;1
CORD_ORD_1784;PROD_19;1;1
CORD_ORD_1784;PROD_22;1;1
CORD_ORD_1784;PROD_25;1;1
CORD_ORD_1784;PROD_27;1;1
CORD_ORD_1784;PROD_29;1;1
CORD_ORD_1784;PROD_33;1;1
CORD_ORD_1784;PROD_44;1;1
CORD_ORD_1784;PROD_50;1;1
CORD_ORD_1784;PROD_8;1;1
CORD_ORD_1785;PROD_10;1;1
CORD_ORD_1785;PROD_11;1;1
CORD_ORD_1785;PROD_12;1;1
CORD_ORD_1785;PROD_13;1;1
CORD_ORD_1785;PROD_16;1;1
CORD_ORD_1785;PROD_17;1;1
CORD_ORD_1785;PROD_19;1;1
CORD_ORD_1785;PROD_21;1;1
CORD_ORD_1785;PROD_27;1;1
CORD_ORD_1785;PROD_29;1;1
CORD_ORD_1785;PROD_31;1;1
CORD_ORD_1785;PROD_33;1;1
CORD_ORD_1785;PROD_38;1;1
CORD_ORD_1785;PROD_4;1;1
CORD_ORD_1785;PROD_44;1;1
CORD_ORD_1785;PROD_48;1;1
CORD_ORD_1785;PROD_5;1;1
CORD_ORD_1785;PROD_7;1;1
CORD_ORD_1785;PROD_8;1;1
CORD_ORD_1786;PROD_10;1;1
CORD_ORD_1786;PROD_12;1;1
CORD_ORD_1786;PROD_14;1;1
CORD_ORD_1786;PROD_15;1;1
CORD_ORD_1786;PROD_16;1;1
CORD_ORD_1786;PROD_17;1;1
CORD_ORD_1786;PROD_19;1;1
CORD_ORD_1786;PROD_21;1;1
CORD_ORD_1786;PROD_22;1;1
CORD_ORD_1786;PROD_24;1;1
CORD_ORD_1786;PROD_25;1;1
CORD_ORD_1786;PROD_26;1;1
CORD_ORD_1786;PROD_28;1;1
CORD_ORD_1786;PROD_30;1;1
CORD_ORD_1786;PROD_31;1;1
CORD_ORD_1786;PROD_33;1;1
CORD_ORD_1786;PROD_34;1;1
CORD_ORD_1786;PROD_37;1;1
CORD_ORD_1786;PROD_4;1;1
CORD_ORD_1786;PROD_40;1;1
CORD_ORD_1786;PROD_42;1;1
CORD_ORD_1786;PROD_44;1;1
CORD_ORD_1786;PROD_46;1;1
CORD_ORD_1786;PROD_48;1;1
CORD_ORD_1786;PROD_49;1;1
CORD_ORD_1786;PROD_50;1;1
CORD_ORD_1786;PROD_6;1;1
CORD_ORD_1786;PROD_8;1;1
CORD_ORD_1786;PROD_9;1;1
CORD_ORD_1787;PROD_1;1;1
CORD_ORD_1787;PROD_11;1;1
CORD_ORD_1787;PROD_14;1;1
CORD_ORD_1787;PROD_17;1;1
CORD_ORD_1787;PROD_18;1;1
CORD_ORD_1787;PROD_19;1;1
CORD_ORD_1787;PROD_2;1;1
CORD_ORD_1787;PROD_22;1;1
CORD_ORD_1787;PROD_25;1;1
CORD_ORD_1787;PROD_27;1;1
CORD_ORD_1787;PROD_28;1;1
CORD_ORD_1787;PROD_29;1;1
CORD_ORD_1787;PROD_3;1;1
CORD_ORD_1787;PROD_30;1;1
CORD_ORD_1787;PROD_31;1;1
CORD_ORD_1787;PROD_33;1;1
CORD_ORD_1787;PROD_36;1;1
CORD_ORD_1787;PROD_40;1;1
CORD_ORD_1787;PROD_41;1;1
CORD_ORD_1787;PROD_44;1;1
CORD_ORD_1787;PROD_48;1;1
CORD_ORD_1787;PROD_5;1;1
CORD_ORD_1787;PROD_50;1;1
CORD_ORD_1787;PROD_7;1;1
CORD_ORD_1787;PROD_9;1;1
CORD_ORD_1788;PROD_1;1;1
CORD_ORD_1788;PROD_10;1;1
CORD_ORD_1788;PROD_11;1;1
CORD_ORD_1788;PROD_16;1;1
CORD_ORD_1788;PROD_19;1;1
CORD_ORD_1788;PROD_22;1;1
CORD_ORD_1788;PROD_23;1;1
CORD_ORD_1788;PROD_25;1;1
CORD_ORD_1788;PROD_27;1;1
CORD_ORD_1788;PROD_29;1;1
CORD_ORD_1788;PROD_3;1;1
CORD_ORD_1788;PROD_32;1;1
CORD_ORD_1788;PROD_33;1;1
CORD_ORD_1788;PROD_36;1;1
CORD_ORD_1788;PROD_43;1;1
CORD_ORD_1788;PROD_44;1;1
CORD_ORD_1788;PROD_45;1;1
CORD_ORD_1788;PROD_47;1;1
CORD_ORD_1788;PROD_50;1;1
CORD_ORD_1788;PROD_8;1;1
CORD_ORD_1789;PROD_15;1;1
CORD_ORD_1789;PROD_19;1;1
CORD_ORD_1789;PROD_20;1;1
CORD_ORD_1789;PROD_22;1;1
CORD_ORD_1789;PROD_24;1;1
CORD_ORD_1789;PROD_25;1;1
CORD_ORD_1789;PROD_32;1;1
CORD_ORD_1789;PROD_33;1;1
CORD_ORD_1789;PROD_34;1;1
CORD_ORD_1789;PROD_35;1;1
CORD_ORD_1789;PROD_37;1;1
CORD_ORD_1789;PROD_39;1;1
CORD_ORD_1789;PROD_42;1;1
CORD_ORD_1789;PROD_43;1;1
CORD_ORD_1789;PROD_44;1;1
CORD_ORD_1789;PROD_47;1;1
CORD_ORD_1789;PROD_49;1;1
CORD_ORD_1789;PROD_50;1;1
CORD_ORD_1790;PROD_10;1;1
CORD_ORD_1790;PROD_11;1;1
CORD_ORD_1790;PROD_16;1;1
CORD_ORD_1790;PROD_17;1;1
CORD_ORD_1790;PROD_22;1;1
CORD_ORD_1790;PROD_25;1;1
CORD_ORD_1790;PROD_26;1;1
CORD_ORD_1790;PROD_27;1;1
CORD_ORD_1790;PROD_29;1;1
CORD_ORD_1790;PROD_31;1;1
CORD_ORD_1790;PROD_32;1;1
CORD_ORD_1790;PROD_43;1;1
CORD_ORD_1790;PROD_46;1;1
CORD_ORD_1790;PROD_47;1;1
CORD_ORD_1790;PROD_48;1;1
CORD_ORD_1790;PROD_50;1;1
CORD_ORD_1790;PROD_6;1;1
CORD_ORD_1790;PROD_8;1;1
CORD_ORD_1791;PROD_1;1;1
CORD_ORD_1791;PROD_10;1;1
CORD_ORD_1791;PROD_12;1;1
CORD_ORD_1791;PROD_15;1;1
CORD_ORD_1791;PROD_16;1;1
CORD_ORD_1791;PROD_19;1;1
CORD_ORD_1791;PROD_21;1;1
CORD_ORD_1791;PROD_23;1;1
CORD_ORD_1791;PROD_26;1;1
CORD_ORD_1791;PROD_3;1;1
CORD_ORD_1791;PROD_32;1;1
CORD_ORD_1791;PROD_33;1;1
CORD_ORD_1791;PROD_34;1;1
CORD_ORD_1791;PROD_36;1;1
CORD_ORD_1791;PROD_4;1;1
CORD_ORD_1791;PROD_43;1;1
CORD_ORD_1791;PROD_44;1;1
CORD_ORD_1791;PROD_45;1;1
CORD_ORD_1791;PROD_46;1;1
CORD_ORD_1791;PROD_47;1;1
CORD_ORD_1791;PROD_49;1;1
CORD_ORD_1791;PROD_6;1;1
CORD_ORD_1791;PROD_8;1;1
CORD_ORD_1792;PROD_1;1;1
CORD_ORD_1792;PROD_10;1;1
CORD_ORD_1792;PROD_13;1;1
CORD_ORD_1792;PROD_16;1;1
CORD_ORD_1792;PROD_20;1;1
CORD_ORD_1792;PROD_3;1;1
CORD_ORD_1792;PROD_32;1;1
CORD_ORD_1792;PROD_35;1;1
CORD_ORD_1792;PROD_36;1;1
CORD_ORD_1792;PROD_38;1;1
CORD_ORD_1792;PROD_39;1;1
CORD_ORD_1792;PROD_43;1;1
CORD_ORD_1792;PROD_47;1;1
CORD_ORD_1792;PROD_8;1;1
CORD_ORD_1793;PROD_1;1;1
CORD_ORD_1793;PROD_11;1;1
CORD_ORD_1793;PROD_18;1;1
CORD_ORD_1793;PROD_2;1;1
CORD_ORD_1793;PROD_24;1;1
CORD_ORD_1793;PROD_27;1;1
CORD_ORD_1793;PROD_29;1;1
CORD_ORD_1793;PROD_3;1;1
CORD_ORD_1793;PROD_32;1;1
CORD_ORD_1793;PROD_36;1;1
CORD_ORD_1793;PROD_37;1;1
CORD_ORD_1793;PROD_41;1;1
CORD_ORD_1793;PROD_42;1;1
CORD_ORD_1793;PROD_43;1;1
CORD_ORD_1793;PROD_47;1;1
CORD_ORD_1794;PROD_11;1;1
CORD_ORD_1794;PROD_12;1;1
CORD_ORD_1794;PROD_14;1;1
CORD_ORD_1794;PROD_15;1;1
CORD_ORD_1794;PROD_17;1;1
CORD_ORD_1794;PROD_18;1;1
CORD_ORD_1794;PROD_19;1;1
CORD_ORD_1794;PROD_2;1;1
CORD_ORD_1794;PROD_21;1;1
CORD_ORD_1794;PROD_24;1;1
CORD_ORD_1794;PROD_27;1;1
CORD_ORD_1794;PROD_28;1;1
CORD_ORD_1794;PROD_29;1;1
CORD_ORD_1794;PROD_31;1;1
CORD_ORD_1794;PROD_33;1;1
CORD_ORD_1794;PROD_34;1;1
CORD_ORD_1794;PROD_37;1;1
CORD_ORD_1794;PROD_4;1;1
CORD_ORD_1794;PROD_41;1;1
CORD_ORD_1794;PROD_42;1;1
CORD_ORD_1794;PROD_44;1;1
CORD_ORD_1794;PROD_48;1;1
CORD_ORD_1794;PROD_49;1;1
CORD_ORD_1794;PROD_9;1;1
CORD_ORD_1795;PROD_11;1;1
CORD_ORD_1795;PROD_12;1;1
CORD_ORD_1795;PROD_13;1;1
CORD_ORD_1795;PROD_18;1;1
CORD_ORD_1795;PROD_2;1;1
CORD_ORD_1795;PROD_21;1;1
CORD_ORD_1795;PROD_22;1;1
CORD_ORD_1795;PROD_23;1;1
CORD_ORD_1795;PROD_25;1;1
CORD_ORD_1795;PROD_26;1;1
CORD_ORD_1795;PROD_27;1;1
CORD_ORD_1795;PROD_29;1;1
CORD_ORD_1795;PROD_32;1;1
CORD_ORD_1795;PROD_38;1;1
CORD_ORD_1795;PROD_4;1;1
CORD_ORD_1795;PROD_41;1;1
CORD_ORD_1795;PROD_43;1;1
CORD_ORD_1795;PROD_45;1;1
CORD_ORD_1795;PROD_46;1;1
CORD_ORD_1795;PROD_47;1;1
CORD_ORD_1795;PROD_5;1;1
CORD_ORD_1795;PROD_50;1;1
CORD_ORD_1795;PROD_6;1;1
CORD_ORD_1795;PROD_7;1;1
CORD_ORD_1796;PROD_15;1;1
CORD_ORD_1796;PROD_20;1;1
CORD_ORD_1796;PROD_22;1;1
CORD_ORD_1796;PROD_23;1;1
CORD_ORD_1796;PROD_25;1;1
CORD_ORD_1796;PROD_34;1;1
CORD_ORD_1796;PROD_35;1;1
CORD_ORD_1796;PROD_39;1;1
CORD_ORD_1796;PROD_45;1;1
CORD_ORD_1796;PROD_49;1;1
CORD_ORD_1796;PROD_50;1;1
CORD_ORD_1797;PROD_10;1;1
CORD_ORD_1797;PROD_12;1;1
CORD_ORD_1797;PROD_15;1;1
CORD_ORD_1797;PROD_16;1;1
CORD_ORD_1797;PROD_18;1;1
CORD_ORD_1797;PROD_19;1;1
CORD_ORD_1797;PROD_2;1;1
CORD_ORD_1797;PROD_20;1;1
CORD_ORD_1797;PROD_21;1;1
CORD_ORD_1797;PROD_23;1;1
CORD_ORD_1797;PROD_24;1;1
CORD_ORD_1797;PROD_33;1;1
CORD_ORD_1797;PROD_34;1;1
CORD_ORD_1797;PROD_35;1;1
CORD_ORD_1797;PROD_37;1;1
CORD_ORD_1797;PROD_39;1;1
CORD_ORD_1797;PROD_4;1;1
CORD_ORD_1797;PROD_41;1;1
CORD_ORD_1797;PROD_42;1;1
CORD_ORD_1797;PROD_44;1;1
CORD_ORD_1797;PROD_45;1;1
CORD_ORD_1797;PROD_49;1;1
CORD_ORD_1797;PROD_8;1;1
CORD_ORD_1798;PROD_10;1;1
CORD_ORD_1798;PROD_11;1;1
CORD_ORD_1798;PROD_16;1;1
CORD_ORD_1798;PROD_19;1;1
CORD_ORD_1798;PROD_24;1;1
CORD_ORD_1798;PROD_27;1;1
CORD_ORD_1798;PROD_29;1;1
CORD_ORD_1798;PROD_33;1;1
CORD_ORD_1798;PROD_37;1;1
CORD_ORD_1798;PROD_42;1;1
CORD_ORD_1798;PROD_44;1;1
CORD_ORD_1798;PROD_8;1;1
CORD_ORD_1799;PROD_1;1;1
CORD_ORD_1799;PROD_12;1;1
CORD_ORD_1799;PROD_18;1;1
CORD_ORD_1799;PROD_19;1;1
CORD_ORD_1799;PROD_2;1;1
CORD_ORD_1799;PROD_21;1;1
CORD_ORD_1799;PROD_24;1;1
CORD_ORD_1799;PROD_26;1;1
CORD_ORD_1799;PROD_3;1;1
CORD_ORD_1799;PROD_32;1;1
CORD_ORD_1799;PROD_33;1;1
CORD_ORD_1799;PROD_36;1;1
CORD_ORD_1799;PROD_37;1;1
CORD_ORD_1799;PROD_4;1;1
CORD_ORD_1799;PROD_41;1;1
CORD_ORD_1799;PROD_42;1;1
CORD_ORD_1799;PROD_43;1;1
CORD_ORD_1799;PROD_44;1;1
CORD_ORD_1799;PROD_46;1;1
CORD_ORD_1799;PROD_47;1;1
CORD_ORD_1799;PROD_6;1;1
CORD_ORD_1800;PROD_1;1;1
CORD_ORD_1800;PROD_10;1;1
CORD_ORD_1800;PROD_13;1;1
CORD_ORD_1800;PROD_15;1;1
CORD_ORD_1800;PROD_16;1;1
CORD_ORD_1800;PROD_17;1;1
CORD_ORD_1800;PROD_19;1;1
CORD_ORD_1800;PROD_24;1;1
CORD_ORD_1800;PROD_3;1;1
CORD_ORD_1800;PROD_31;1;1
CORD_ORD_1800;PROD_32;1;1
CORD_ORD_1800;PROD_33;1;1
CORD_ORD_1800;PROD_34;1;1
CORD_ORD_1800;PROD_36;1;1
CORD_ORD_1800;PROD_37;1;1
CORD_ORD_1800;PROD_38;1;1
CORD_ORD_1800;PROD_42;1;1
CORD_ORD_1800;PROD_43;1;1
CORD_ORD_1800;PROD_44;1;1
CORD_ORD_1800;PROD_47;1;1
CORD_ORD_1800;PROD_48;1;1
CORD_ORD_1800;PROD_49;1;1
CORD_ORD_1800;PROD_8;1;1
CORD_ORD_1801;PROD_10;1;1
CORD_ORD_1801;PROD_11;1;1
CORD_ORD_1801;PROD_12;1;1
CORD_ORD_1801;PROD_15;1;1
CORD_ORD_1801;PROD_16;1;1
CORD_ORD_1801;PROD_17;1;1
CORD_ORD_1801;PROD_19;1;1
CORD_ORD_1801;PROD_20;1;1
CORD_ORD_1801;PROD_21;1;1
CORD_ORD_1801;PROD_22;1;1
CORD_ORD_1801;PROD_25;1;1
CORD_ORD_1801;PROD_27;1;1
CORD_ORD_1801;PROD_29;1;1
CORD_ORD_1801;PROD_31;1;1
CORD_ORD_1801;PROD_33;1;1
CORD_ORD_1801;PROD_34;1;1
CORD_ORD_1801;PROD_35;1;1
CORD_ORD_1801;PROD_39;1;1
CORD_ORD_1801;PROD_4;1;1
CORD_ORD_1801;PROD_44;1;1
CORD_ORD_1801;PROD_48;1;1
CORD_ORD_1801;PROD_49;1;1
CORD_ORD_1801;PROD_50;1;1
CORD_ORD_1801;PROD_8;1;1
CORD_ORD_1802;PROD_10;1;1
CORD_ORD_1802;PROD_12;1;1
CORD_ORD_1802;PROD_13;1;1
CORD_ORD_1802;PROD_14;1;1
CORD_ORD_1802;PROD_16;1;1
CORD_ORD_1802;PROD_20;1;1
CORD_ORD_1802;PROD_21;1;1
CORD_ORD_1802;PROD_28;1;1
CORD_ORD_1802;PROD_35;1;1
CORD_ORD_1802;PROD_38;1;1
CORD_ORD_1802;PROD_39;1;1
CORD_ORD_1802;PROD_4;1;1
CORD_ORD_1802;PROD_8;1;1
CORD_ORD_1802;PROD_9;1;1
CORD_ORD_1803;PROD_10;1;1
CORD_ORD_1803;PROD_11;1;1
CORD_ORD_1803;PROD_13;1;1
CORD_ORD_1803;PROD_16;1;1
CORD_ORD_1803;PROD_17;1;1
CORD_ORD_1803;PROD_19;1;1
CORD_ORD_1803;PROD_20;1;1
CORD_ORD_1803;PROD_22;1;1
CORD_ORD_1803;PROD_23;1;1
CORD_ORD_1803;PROD_24;1;1
CORD_ORD_1803;PROD_25;1;1
CORD_ORD_1803;PROD_27;1;1
CORD_ORD_1803;PROD_29;1;1
CORD_ORD_1803;PROD_30;1;1
CORD_ORD_1803;PROD_31;1;1
CORD_ORD_1803;PROD_32;1;1
CORD_ORD_1803;PROD_33;1;1
CORD_ORD_1803;PROD_35;1;1
CORD_ORD_1803;PROD_37;1;1
CORD_ORD_1803;PROD_38;1;1
CORD_ORD_1803;PROD_39;1;1
CORD_ORD_1803;PROD_40;1;1
CORD_ORD_1803;PROD_42;1;1
CORD_ORD_1803;PROD_43;1;1
CORD_ORD_1803;PROD_44;1;1
CORD_ORD_1803;PROD_45;1;1
CORD_ORD_1803;PROD_47;1;1
CORD_ORD_1803;PROD_48;1;1
CORD_ORD_1803;PROD_50;1;1
CORD_ORD_1803;PROD_8;1;1
CORD_ORD_1804;PROD_1;1;1
CORD_ORD_1804;PROD_12;1;1
CORD_ORD_1804;PROD_20;1;1
CORD_ORD_1804;PROD_21;1;1
CORD_ORD_1804;PROD_3;1;1
CORD_ORD_1804;PROD_32;1;1
CORD_ORD_1804;PROD_35;1;1
CORD_ORD_1804;PROD_36;1;1
CORD_ORD_1804;PROD_39;1;1
CORD_ORD_1804;PROD_4;1;1
CORD_ORD_1804;PROD_43;1;1
CORD_ORD_1804;PROD_47;1;1
CORD_ORD_1804;PROD_5;1;1
CORD_ORD_1804;PROD_7;1;1
CORD_ORD_1805;PROD_1;1;1
CORD_ORD_1805;PROD_14;1;1
CORD_ORD_1805;PROD_17;1;1
CORD_ORD_1805;PROD_18;1;1
CORD_ORD_1805;PROD_2;1;1
CORD_ORD_1805;PROD_26;1;1
CORD_ORD_1805;PROD_28;1;1
CORD_ORD_1805;PROD_3;1;1
CORD_ORD_1805;PROD_31;1;1
CORD_ORD_1805;PROD_36;1;1
CORD_ORD_1805;PROD_41;1;1
CORD_ORD_1805;PROD_46;1;1
CORD_ORD_1805;PROD_48;1;1
CORD_ORD_1805;PROD_6;1;1
CORD_ORD_1805;PROD_9;1;1
CORD_ORD_1806;PROD_1;1;1
CORD_ORD_1806;PROD_10;1;1
CORD_ORD_1806;PROD_16;1;1
CORD_ORD_1806;PROD_18;1;1
CORD_ORD_1806;PROD_2;1;1
CORD_ORD_1806;PROD_24;1;1
CORD_ORD_1806;PROD_26;1;1
CORD_ORD_1806;PROD_3;1;1
CORD_ORD_1806;PROD_36;1;1
CORD_ORD_1806;PROD_37;1;1
CORD_ORD_1806;PROD_41;1;1
CORD_ORD_1806;PROD_42;1;1
CORD_ORD_1806;PROD_46;1;1
CORD_ORD_1806;PROD_6;1;1
CORD_ORD_1806;PROD_8;1;1
CORD_ORD_1807;PROD_10;1;1
CORD_ORD_1807;PROD_11;1;1
CORD_ORD_1807;PROD_14;1;1
CORD_ORD_1807;PROD_16;1;1
CORD_ORD_1807;PROD_19;1;1
CORD_ORD_1807;PROD_20;1;1
CORD_ORD_1807;PROD_23;1;1
CORD_ORD_1807;PROD_27;1;1
CORD_ORD_1807;PROD_28;1;1
CORD_ORD_1807;PROD_29;1;1
CORD_ORD_1807;PROD_32;1;1
CORD_ORD_1807;PROD_33;1;1
CORD_ORD_1807;PROD_35;1;1
CORD_ORD_1807;PROD_39;1;1
CORD_ORD_1807;PROD_43;1;1
CORD_ORD_1807;PROD_44;1;1
CORD_ORD_1807;PROD_45;1;1
CORD_ORD_1807;PROD_47;1;1
CORD_ORD_1807;PROD_8;1;1
CORD_ORD_1807;PROD_9;1;1
CORD_ORD_1808;PROD_10;1;1
CORD_ORD_1808;PROD_11;1;1
CORD_ORD_1808;PROD_14;1;1
CORD_ORD_1808;PROD_15;1;1
CORD_ORD_1808;PROD_16;1;1
CORD_ORD_1808;PROD_19;1;1
CORD_ORD_1808;PROD_23;1;1
CORD_ORD_1808;PROD_24;1;1
CORD_ORD_1808;PROD_27;1;1
CORD_ORD_1808;PROD_28;1;1
CORD_ORD_1808;PROD_29;1;1
CORD_ORD_1808;PROD_33;1;1
CORD_ORD_1808;PROD_34;1;1
CORD_ORD_1808;PROD_37;1;1
CORD_ORD_1808;PROD_42;1;1
CORD_ORD_1808;PROD_44;1;1
CORD_ORD_1808;PROD_45;1;1
CORD_ORD_1808;PROD_49;1;1
CORD_ORD_1808;PROD_8;1;1
CORD_ORD_1808;PROD_9;1;1
CORD_ORD_1809;PROD_1;1;1
CORD_ORD_1809;PROD_10;1;1
CORD_ORD_1809;PROD_11;1;1
CORD_ORD_1809;PROD_12;1;1
CORD_ORD_1809;PROD_14;1;1
CORD_ORD_1809;PROD_15;1;1
CORD_ORD_1809;PROD_16;1;1
CORD_ORD_1809;PROD_17;1;1
CORD_ORD_1809;PROD_21;1;1
CORD_ORD_1809;PROD_22;1;1
CORD_ORD_1809;PROD_25;1;1
CORD_ORD_1809;PROD_26;1;1
CORD_ORD_1809;PROD_27;1;1
CORD_ORD_1809;PROD_28;1;1
CORD_ORD_1809;PROD_29;1;1
CORD_ORD_1809;PROD_3;1;1
CORD_ORD_1809;PROD_31;1;1
CORD_ORD_1809;PROD_34;1;1
CORD_ORD_1809;PROD_36;1;1
CORD_ORD_1809;PROD_4;1;1
CORD_ORD_1809;PROD_46;1;1
CORD_ORD_1809;PROD_48;1;1
CORD_ORD_1809;PROD_49;1;1
CORD_ORD_1809;PROD_50;1;1
CORD_ORD_1809;PROD_6;1;1
CORD_ORD_1809;PROD_8;1;1
CORD_ORD_1809;PROD_9;1;1
CORD_ORD_1810;PROD_12;1;1
CORD_ORD_1810;PROD_13;1;1
CORD_ORD_1810;PROD_21;1;1
CORD_ORD_1810;PROD_22;1;1
CORD_ORD_1810;PROD_24;1;1
CORD_ORD_1810;PROD_25;1;1
CORD_ORD_1810;PROD_26;1;1
CORD_ORD_1810;PROD_32;1;1
CORD_ORD_1810;PROD_37;1;1
CORD_ORD_1810;PROD_38;1;1
CORD_ORD_1810;PROD_4;1;1
CORD_ORD_1810;PROD_42;1;1
CORD_ORD_1810;PROD_43;1;1
CORD_ORD_1810;PROD_46;1;1
CORD_ORD_1810;PROD_47;1;1
CORD_ORD_1810;PROD_50;1;1
CORD_ORD_1810;PROD_6;1;1
CORD_ORD_1811;PROD_1;1;1
CORD_ORD_1811;PROD_10;1;1
CORD_ORD_1811;PROD_11;1;1
CORD_ORD_1811;PROD_14;1;1
CORD_ORD_1811;PROD_16;1;1
CORD_ORD_1811;PROD_17;1;1
CORD_ORD_1811;PROD_26;1;1
CORD_ORD_1811;PROD_27;1;1
CORD_ORD_1811;PROD_28;1;1
CORD_ORD_1811;PROD_29;1;1
CORD_ORD_1811;PROD_3;1;1
CORD_ORD_1811;PROD_31;1;1
CORD_ORD_1811;PROD_32;1;1
CORD_ORD_1811;PROD_36;1;1
CORD_ORD_1811;PROD_43;1;1
CORD_ORD_1811;PROD_46;1;1
CORD_ORD_1811;PROD_47;1;1
CORD_ORD_1811;PROD_48;1;1
CORD_ORD_1811;PROD_5;1;1
CORD_ORD_1811;PROD_6;1;1
CORD_ORD_1811;PROD_7;1;1
CORD_ORD_1811;PROD_8;1;1
CORD_ORD_1811;PROD_9;1;1
CORD_ORD_1812;PROD_10;1;1
CORD_ORD_1812;PROD_14;1;1
CORD_ORD_1812;PROD_16;1;1
CORD_ORD_1812;PROD_17;1;1
CORD_ORD_1812;PROD_18;1;1
CORD_ORD_1812;PROD_2;1;1
CORD_ORD_1812;PROD_26;1;1
CORD_ORD_1812;PROD_28;1;1
CORD_ORD_1812;PROD_31;1;1
CORD_ORD_1812;PROD_41;1;1
CORD_ORD_1812;PROD_46;1;1
CORD_ORD_1812;PROD_48;1;1
CORD_ORD_1812;PROD_6;1;1
CORD_ORD_1812;PROD_8;1;1
CORD_ORD_1812;PROD_9;1;1
CORD_ORD_1813;PROD_1;1;1
CORD_ORD_1813;PROD_10;1;1
CORD_ORD_1813;PROD_12;1;1
CORD_ORD_1813;PROD_16;1;1
CORD_ORD_1813;PROD_17;1;1
CORD_ORD_1813;PROD_18;1;1
CORD_ORD_1813;PROD_2;1;1
CORD_ORD_1813;PROD_21;1;1
CORD_ORD_1813;PROD_24;1;1
CORD_ORD_1813;PROD_3;1;1
CORD_ORD_1813;PROD_30;1;1
CORD_ORD_1813;PROD_31;1;1
CORD_ORD_1813;PROD_36;1;1
CORD_ORD_1813;PROD_37;1;1
CORD_ORD_1813;PROD_4;1;1
CORD_ORD_1813;PROD_40;1;1
CORD_ORD_1813;PROD_41;1;1
CORD_ORD_1813;PROD_42;1;1
CORD_ORD_1813;PROD_48;1;1
CORD_ORD_1813;PROD_8;1;1
CORD_ORD_1814;PROD_10;1;1
CORD_ORD_1814;PROD_11;1;1
CORD_ORD_1814;PROD_15;1;1
CORD_ORD_1814;PROD_16;1;1
CORD_ORD_1814;PROD_27;1;1
CORD_ORD_1814;PROD_29;1;1
CORD_ORD_1814;PROD_34;1;1
CORD_ORD_1814;PROD_49;1;1
CORD_ORD_1814;PROD_8;1;1
CORD_ORD_1815;PROD_1;1;1
CORD_ORD_1815;PROD_11;1;1
CORD_ORD_1815;PROD_12;1;1
CORD_ORD_1815;PROD_13;1;1
CORD_ORD_1815;PROD_18;1;1
CORD_ORD_1815;PROD_19;1;1
CORD_ORD_1815;PROD_2;1;1
CORD_ORD_1815;PROD_21;1;1
CORD_ORD_1815;PROD_23;1;1
CORD_ORD_1815;PROD_27;1;1
CORD_ORD_1815;PROD_29;1;1
CORD_ORD_1815;PROD_3;1;1
CORD_ORD_1815;PROD_32;1;1
CORD_ORD_1815;PROD_33;1;1
CORD_ORD_1815;PROD_36;1;1
CORD_ORD_1815;PROD_38;1;1
CORD_ORD_1815;PROD_4;1;1
CORD_ORD_1815;PROD_41;1;1
CORD_ORD_1815;PROD_43;1;1
CORD_ORD_1815;PROD_44;1;1
CORD_ORD_1815;PROD_45;1;1
CORD_ORD_1815;PROD_47;1;1
CORD_ORD_1816;PROD_1;1;1
CORD_ORD_1816;PROD_10;1;1
CORD_ORD_1816;PROD_11;1;1
CORD_ORD_1816;PROD_12;1;1
CORD_ORD_1816;PROD_14;1;1
CORD_ORD_1816;PROD_16;1;1
CORD_ORD_1816;PROD_17;1;1
CORD_ORD_1816;PROD_18;1;1
CORD_ORD_1816;PROD_2;1;1
CORD_ORD_1816;PROD_21;1;1
CORD_ORD_1816;PROD_24;1;1
CORD_ORD_1816;PROD_26;1;1
CORD_ORD_1816;PROD_27;1;1
CORD_ORD_1816;PROD_28;1;1
CORD_ORD_1816;PROD_29;1;1
CORD_ORD_1816;PROD_3;1;1
CORD_ORD_1816;PROD_31;1;1
CORD_ORD_1816;PROD_36;1;1
CORD_ORD_1816;PROD_37;1;1
CORD_ORD_1816;PROD_4;1;1
CORD_ORD_1816;PROD_41;1;1
CORD_ORD_1816;PROD_42;1;1
CORD_ORD_1816;PROD_46;1;1
CORD_ORD_1816;PROD_48;1;1
CORD_ORD_1816;PROD_6;1;1
CORD_ORD_1816;PROD_8;1;1
CORD_ORD_1816;PROD_9;1;1
CORD_ORD_1817;PROD_1;1;1
CORD_ORD_1817;PROD_13;1;1
CORD_ORD_1817;PROD_14;1;1
CORD_ORD_1817;PROD_15;1;1
CORD_ORD_1817;PROD_17;1;1
CORD_ORD_1817;PROD_19;1;1
CORD_ORD_1817;PROD_20;1;1
CORD_ORD_1817;PROD_26;1;1
CORD_ORD_1817;PROD_28;1;1
CORD_ORD_1817;PROD_3;1;1
CORD_ORD_1817;PROD_31;1;1
CORD_ORD_1817;PROD_33;1;1
CORD_ORD_1817;PROD_34;1;1
CORD_ORD_1817;PROD_35;1;1
CORD_ORD_1817;PROD_36;1;1
CORD_ORD_1817;PROD_38;1;1
CORD_ORD_1817;PROD_39;1;1
CORD_ORD_1817;PROD_44;1;1
CORD_ORD_1817;PROD_46;1;1
CORD_ORD_1817;PROD_48;1;1
CORD_ORD_1817;PROD_49;1;1
CORD_ORD_1817;PROD_6;1;1
CORD_ORD_1817;PROD_9;1;1
CORD_ORD_1818;PROD_10;1;1
CORD_ORD_1818;PROD_12;1;1
CORD_ORD_1818;PROD_13;1;1
CORD_ORD_1818;PROD_15;1;1
CORD_ORD_1818;PROD_16;1;1
CORD_ORD_1818;PROD_17;1;1
CORD_ORD_1818;PROD_19;1;1
CORD_ORD_1818;PROD_20;1;1
CORD_ORD_1818;PROD_21;1;1
CORD_ORD_1818;PROD_23;1;1
CORD_ORD_1818;PROD_31;1;1
CORD_ORD_1818;PROD_33;1;1
CORD_ORD_1818;PROD_34;1;1
CORD_ORD_1818;PROD_35;1;1
CORD_ORD_1818;PROD_38;1;1
CORD_ORD_1818;PROD_39;1;1
CORD_ORD_1818;PROD_4;1;1
CORD_ORD_1818;PROD_44;1;1
CORD_ORD_1818;PROD_45;1;1
CORD_ORD_1818;PROD_48;1;1
CORD_ORD_1818;PROD_49;1;1
CORD_ORD_1818;PROD_8;1;1
CORD_ORD_1819;PROD_10;1;1
CORD_ORD_1819;PROD_11;1;1
CORD_ORD_1819;PROD_12;1;1
CORD_ORD_1819;PROD_13;1;1
CORD_ORD_1819;PROD_15;1;1
CORD_ORD_1819;PROD_16;1;1
CORD_ORD_1819;PROD_19;1;1
CORD_ORD_1819;PROD_21;1;1
CORD_ORD_1819;PROD_22;1;1
CORD_ORD_1819;PROD_23;1;1
CORD_ORD_1819;PROD_24;1;1
CORD_ORD_1819;PROD_25;1;1
CORD_ORD_1819;PROD_27;1;1
CORD_ORD_1819;PROD_29;1;1
CORD_ORD_1819;PROD_33;1;1
CORD_ORD_1819;PROD_34;1;1
CORD_ORD_1819;PROD_37;1;1
CORD_ORD_1819;PROD_38;1;1
CORD_ORD_1819;PROD_4;1;1
CORD_ORD_1819;PROD_42;1;1
CORD_ORD_1819;PROD_44;1;1
CORD_ORD_1819;PROD_45;1;1
CORD_ORD_1819;PROD_49;1;1
CORD_ORD_1819;PROD_50;1;1
CORD_ORD_1819;PROD_8;1;1
CORD_ORD_1820;PROD_1;1;1
CORD_ORD_1820;PROD_10;1;1
CORD_ORD_1820;PROD_11;1;1
CORD_ORD_1820;PROD_16;1;1
CORD_ORD_1820;PROD_17;1;1
CORD_ORD_1820;PROD_18;1;1
CORD_ORD_1820;PROD_19;1;1
CORD_ORD_1820;PROD_2;1;1
CORD_ORD_1820;PROD_22;1;1
CORD_ORD_1820;PROD_23;1;1
CORD_ORD_1820;PROD_25;1;1
CORD_ORD_1820;PROD_27;1;1
CORD_ORD_1820;PROD_29;1;1
CORD_ORD_1820;PROD_3;1;1
CORD_ORD_1820;PROD_31;1;1
CORD_ORD_1820;PROD_33;1;1
CORD_ORD_1820;PROD_36;1;1
CORD_ORD_1820;PROD_41;1;1
CORD_ORD_1820;PROD_44;1;1
CORD_ORD_1820;PROD_45;1;1
CORD_ORD_1820;PROD_48;1;1
CORD_ORD_1820;PROD_5;1;1
CORD_ORD_1820;PROD_50;1;1
CORD_ORD_1820;PROD_7;1;1
CORD_ORD_1820;PROD_8;1;1
CORD_ORD_1821;PROD_1;1;1
CORD_ORD_1821;PROD_10;1;1
CORD_ORD_1821;PROD_14;1;1
CORD_ORD_1821;PROD_16;1;1
CORD_ORD_1821;PROD_19;1;1
CORD_ORD_1821;PROD_22;1;1
CORD_ORD_1821;PROD_24;1;1
CORD_ORD_1821;PROD_25;1;1
CORD_ORD_1821;PROD_26;1;1
CORD_ORD_1821;PROD_28;1;1
CORD_ORD_1821;PROD_3;1;1
CORD_ORD_1821;PROD_30;1;1
CORD_ORD_1821;PROD_33;1;1
CORD_ORD_1821;PROD_36;1;1
CORD_ORD_1821;PROD_37;1;1
CORD_ORD_1821;PROD_40;1;1
CORD_ORD_1821;PROD_42;1;1
CORD_ORD_1821;PROD_44;1;1
CORD_ORD_1821;PROD_46;1;1
CORD_ORD_1821;PROD_50;1;1
CORD_ORD_1821;PROD_6;1;1
CORD_ORD_1821;PROD_8;1;1
CORD_ORD_1821;PROD_9;1;1
CORD_ORD_1822;PROD_11;1;1
CORD_ORD_1822;PROD_14;1;1
CORD_ORD_1822;PROD_17;1;1
CORD_ORD_1822;PROD_18;1;1
CORD_ORD_1822;PROD_19;1;1
CORD_ORD_1822;PROD_2;1;1
CORD_ORD_1822;PROD_20;1;1
CORD_ORD_1822;PROD_22;1;1
CORD_ORD_1822;PROD_25;1;1
CORD_ORD_1822;PROD_26;1;1
CORD_ORD_1822;PROD_27;1;1
CORD_ORD_1822;PROD_28;1;1
CORD_ORD_1822;PROD_29;1;1
CORD_ORD_1822;PROD_31;1;1
CORD_ORD_1822;PROD_33;1;1
CORD_ORD_1822;PROD_35;1;1
CORD_ORD_1822;PROD_39;1;1
CORD_ORD_1822;PROD_41;1;1
CORD_ORD_1822;PROD_44;1;1
CORD_ORD_1822;PROD_46;1;1
CORD_ORD_1822;PROD_48;1;1
CORD_ORD_1822;PROD_5;1;1
CORD_ORD_1822;PROD_50;1;1
CORD_ORD_1822;PROD_6;1;1
CORD_ORD_1822;PROD_7;1;1
CORD_ORD_1822;PROD_9;1;1
CORD_ORD_1823;PROD_10;1;1
CORD_ORD_1823;PROD_11;1;1
CORD_ORD_1823;PROD_16;1;1
CORD_ORD_1823;PROD_22;1;1
CORD_ORD_1823;PROD_25;1;1
CORD_ORD_1823;PROD_27;1;1
CORD_ORD_1823;PROD_29;1;1
CORD_ORD_1823;PROD_50;1;1
CORD_ORD_1823;PROD_8;1;1
CORD_ORD_1824;PROD_11;1;1
CORD_ORD_1824;PROD_14;1;1
CORD_ORD_1824;PROD_17;1;1
CORD_ORD_1824;PROD_19;1;1
CORD_ORD_1824;PROD_27;1;1
CORD_ORD_1824;PROD_28;1;1
CORD_ORD_1824;PROD_29;1;1
CORD_ORD_1824;PROD_30;1;1
CORD_ORD_1824;PROD_31;1;1
CORD_ORD_1824;PROD_32;1;1
CORD_ORD_1824;PROD_33;1;1
CORD_ORD_1824;PROD_40;1;1
CORD_ORD_1824;PROD_43;1;1
CORD_ORD_1824;PROD_44;1;1
CORD_ORD_1824;PROD_47;1;1
CORD_ORD_1824;PROD_48;1;1
CORD_ORD_1824;PROD_5;1;1
CORD_ORD_1824;PROD_7;1;1
CORD_ORD_1824;PROD_9;1;1
CORD_ORD_1825;PROD_1;1;1
CORD_ORD_1825;PROD_11;1;1
CORD_ORD_1825;PROD_13;1;1
CORD_ORD_1825;PROD_18;1;1
CORD_ORD_1825;PROD_2;1;1
CORD_ORD_1825;PROD_24;1;1
CORD_ORD_1825;PROD_27;1;1
CORD_ORD_1825;PROD_29;1;1
CORD_ORD_1825;PROD_3;1;1
CORD_ORD_1825;PROD_32;1;1
CORD_ORD_1825;PROD_36;1;1
CORD_ORD_1825;PROD_37;1;1
CORD_ORD_1825;PROD_38;1;1
CORD_ORD_1825;PROD_41;1;1
CORD_ORD_1825;PROD_42;1;1
CORD_ORD_1825;PROD_43;1;1
CORD_ORD_1825;PROD_47;1;1
CORD_ORD_1826;PROD_10;1;1
CORD_ORD_1826;PROD_11;1;1
CORD_ORD_1826;PROD_14;1;1
CORD_ORD_1826;PROD_16;1;1
CORD_ORD_1826;PROD_19;1;1
CORD_ORD_1826;PROD_22;1;1
CORD_ORD_1826;PROD_25;1;1
CORD_ORD_1826;PROD_27;1;1
CORD_ORD_1826;PROD_28;1;1
CORD_ORD_1826;PROD_29;1;1
CORD_ORD_1826;PROD_32;1;1
CORD_ORD_1826;PROD_33;1;1
CORD_ORD_1826;PROD_43;1;1
CORD_ORD_1826;PROD_44;1;1
CORD_ORD_1826;PROD_47;1;1
CORD_ORD_1826;PROD_50;1;1
CORD_ORD_1826;PROD_8;1;1
CORD_ORD_1826;PROD_9;1;1
CORD_ORD_1827;PROD_1;1;1
CORD_ORD_1827;PROD_10;1;1
CORD_ORD_1827;PROD_11;1;1
CORD_ORD_1827;PROD_12;1;1
CORD_ORD_1827;PROD_15;1;1
CORD_ORD_1827;PROD_16;1;1
CORD_ORD_1827;PROD_17;1;1
CORD_ORD_1827;PROD_21;1;1
CORD_ORD_1827;PROD_22;1;1
CORD_ORD_1827;PROD_25;1;1
CORD_ORD_1827;PROD_27;1;1
CORD_ORD_1827;PROD_29;1;1
CORD_ORD_1827;PROD_3;1;1
CORD_ORD_1827;PROD_31;1;1
CORD_ORD_1827;PROD_34;1;1
CORD_ORD_1827;PROD_36;1;1
CORD_ORD_1827;PROD_4;1;1
CORD_ORD_1827;PROD_48;1;1
CORD_ORD_1827;PROD_49;1;1
CORD_ORD_1827;PROD_50;1;1
CORD_ORD_1827;PROD_8;1;1
CORD_ORD_1828;PROD_12;1;1
CORD_ORD_1828;PROD_15;1;1
CORD_ORD_1828;PROD_17;1;1
CORD_ORD_1828;PROD_18;1;1
CORD_ORD_1828;PROD_2;1;1
CORD_ORD_1828;PROD_20;1;1
CORD_ORD_1828;PROD_21;1;1
CORD_ORD_1828;PROD_23;1;1
CORD_ORD_1828;PROD_26;1;1
CORD_ORD_1828;PROD_31;1;1
CORD_ORD_1828;PROD_34;1;1
CORD_ORD_1828;PROD_35;1;1
CORD_ORD_1828;PROD_39;1;1
CORD_ORD_1828;PROD_4;1;1
CORD_ORD_1828;PROD_41;1;1
CORD_ORD_1828;PROD_45;1;1
CORD_ORD_1828;PROD_46;1;1
CORD_ORD_1828;PROD_48;1;1
CORD_ORD_1828;PROD_49;1;1
CORD_ORD_1828;PROD_6;1;1
CORD_ORD_1829;PROD_10;1;1
CORD_ORD_1829;PROD_13;1;1
CORD_ORD_1829;PROD_14;1;1
CORD_ORD_1829;PROD_15;1;1
CORD_ORD_1829;PROD_16;1;1
CORD_ORD_1829;PROD_17;1;1
CORD_ORD_1829;PROD_20;1;1
CORD_ORD_1829;PROD_28;1;1
CORD_ORD_1829;PROD_31;1;1
CORD_ORD_1829;PROD_34;1;1
CORD_ORD_1829;PROD_35;1;1
CORD_ORD_1829;PROD_38;1;1
CORD_ORD_1829;PROD_39;1;1
CORD_ORD_1829;PROD_48;1;1
CORD_ORD_1829;PROD_49;1;1
CORD_ORD_1829;PROD_8;1;1
CORD_ORD_1829;PROD_9;1;1
CORD_ORD_1830;PROD_1;1;1
CORD_ORD_1830;PROD_12;1;1
CORD_ORD_1830;PROD_13;1;1
CORD_ORD_1830;PROD_18;1;1
CORD_ORD_1830;PROD_2;1;1
CORD_ORD_1830;PROD_21;1;1
CORD_ORD_1830;PROD_24;1;1
CORD_ORD_1830;PROD_26;1;1
CORD_ORD_1830;PROD_3;1;1
CORD_ORD_1830;PROD_36;1;1
CORD_ORD_1830;PROD_37;1;1
CORD_ORD_1830;PROD_38;1;1
CORD_ORD_1830;PROD_4;1;1
CORD_ORD_1830;PROD_41;1;1
CORD_ORD_1830;PROD_42;1;1
CORD_ORD_1830;PROD_46;1;1
CORD_ORD_1830;PROD_6;1;1
CORD_ORD_1831;PROD_11;1;1
CORD_ORD_1831;PROD_19;1;1
CORD_ORD_1831;PROD_23;1;1
CORD_ORD_1831;PROD_27;1;1
CORD_ORD_1831;PROD_29;1;1
CORD_ORD_1831;PROD_33;1;1
CORD_ORD_1831;PROD_44;1;1
CORD_ORD_1831;PROD_45;1;1
CORD_ORD_1832;PROD_1;1;1
CORD_ORD_1832;PROD_10;1;1
CORD_ORD_1832;PROD_13;1;1
CORD_ORD_1832;PROD_15;1;1
CORD_ORD_1832;PROD_16;1;1
CORD_ORD_1832;PROD_18;1;1
CORD_ORD_1832;PROD_2;1;1
CORD_ORD_1832;PROD_20;1;1
CORD_ORD_1832;PROD_24;1;1
CORD_ORD_1832;PROD_26;1;1
CORD_ORD_1832;PROD_3;1;1
CORD_ORD_1832;PROD_32;1;1
CORD_ORD_1832;PROD_34;1;1
CORD_ORD_1832;PROD_35;1;1
CORD_ORD_1832;PROD_36;1;1
CORD_ORD_1832;PROD_37;1;1
CORD_ORD_1832;PROD_38;1;1
CORD_ORD_1832;PROD_39;1;1
CORD_ORD_1832;PROD_41;1;1
CORD_ORD_1832;PROD_42;1;1
CORD_ORD_1832;PROD_43;1;1
CORD_ORD_1832;PROD_46;1;1
CORD_ORD_1832;PROD_47;1;1
CORD_ORD_1832;PROD_49;1;1
CORD_ORD_1832;PROD_6;1;1
CORD_ORD_1832;PROD_8;1;1
CORD_ORD_1833;PROD_1;1;1
CORD_ORD_1833;PROD_17;1;1
CORD_ORD_1833;PROD_18;1;1
CORD_ORD_1833;PROD_2;1;1
CORD_ORD_1833;PROD_24;1;1
CORD_ORD_1833;PROD_26;1;1
CORD_ORD_1833;PROD_3;1;1
CORD_ORD_1833;PROD_31;1;1
CORD_ORD_1833;PROD_36;1;1
CORD_ORD_1833;PROD_37;1;1
CORD_ORD_1833;PROD_41;1;1
CORD_ORD_1833;PROD_42;1;1
CORD_ORD_1833;PROD_46;1;1
CORD_ORD_1833;PROD_48;1;1
CORD_ORD_1833;PROD_6;1;1
CORD_ORD_1834;PROD_11;1;1
CORD_ORD_1834;PROD_15;1;1
CORD_ORD_1834;PROD_17;1;1
CORD_ORD_1834;PROD_19;1;1
CORD_ORD_1834;PROD_22;1;1
CORD_ORD_1834;PROD_23;1;1
CORD_ORD_1834;PROD_25;1;1
CORD_ORD_1834;PROD_26;1;1
CORD_ORD_1834;PROD_27;1;1
CORD_ORD_1834;PROD_29;1;1
CORD_ORD_1834;PROD_31;1;1
CORD_ORD_1834;PROD_32;1;1
CORD_ORD_1834;PROD_33;1;1
CORD_ORD_1834;PROD_34;1;1
CORD_ORD_1834;PROD_43;1;1
CORD_ORD_1834;PROD_44;1;1
CORD_ORD_1834;PROD_45;1;1
CORD_ORD_1834;PROD_46;1;1
CORD_ORD_1834;PROD_47;1;1
CORD_ORD_1834;PROD_48;1;1
CORD_ORD_1834;PROD_49;1;1
CORD_ORD_1834;PROD_50;1;1
CORD_ORD_1834;PROD_6;1;1
CORD_ORD_1835;PROD_1;1;1
CORD_ORD_1835;PROD_10;1;1
CORD_ORD_1835;PROD_12;1;1
CORD_ORD_1835;PROD_13;1;1
CORD_ORD_1835;PROD_16;1;1
CORD_ORD_1835;PROD_19;1;1
CORD_ORD_1835;PROD_20;1;1
CORD_ORD_1835;PROD_21;1;1
CORD_ORD_1835;PROD_26;1;1
CORD_ORD_1835;PROD_3;1;1
CORD_ORD_1835;PROD_32;1;1
CORD_ORD_1835;PROD_33;1;1
CORD_ORD_1835;PROD_35;1;1
CORD_ORD_1835;PROD_36;1;1
CORD_ORD_1835;PROD_38;1;1
CORD_ORD_1835;PROD_39;1;1
CORD_ORD_1835;PROD_4;1;1
CORD_ORD_1835;PROD_43;1;1
CORD_ORD_1835;PROD_44;1;1
CORD_ORD_1835;PROD_46;1;1
CORD_ORD_1835;PROD_47;1;1
CORD_ORD_1835;PROD_6;1;1
CORD_ORD_1835;PROD_8;1;1
CORD_ORD_1836;PROD_1;1;1
CORD_ORD_1836;PROD_10;1;1
CORD_ORD_1836;PROD_15;1;1
CORD_ORD_1836;PROD_16;1;1
CORD_ORD_1836;PROD_17;1;1
CORD_ORD_1836;PROD_18;1;1
CORD_ORD_1836;PROD_2;1;1
CORD_ORD_1836;PROD_22;1;1
CORD_ORD_1836;PROD_24;1;1
CORD_ORD_1836;PROD_25;1;1
CORD_ORD_1836;PROD_26;1;1
CORD_ORD_1836;PROD_3;1;1
CORD_ORD_1836;PROD_31;1;1
CORD_ORD_1836;PROD_34;1;1
CORD_ORD_1836;PROD_36;1;1
CORD_ORD_1836;PROD_37;1;1
CORD_ORD_1836;PROD_41;1;1
CORD_ORD_1836;PROD_42;1;1
CORD_ORD_1836;PROD_46;1;1
CORD_ORD_1836;PROD_48;1;1
CORD_ORD_1836;PROD_49;1;1
CORD_ORD_1836;PROD_50;1;1
CORD_ORD_1836;PROD_6;1;1
CORD_ORD_1836;PROD_8;1;1
CORD_ORD_1837;PROD_11;1;1
CORD_ORD_1837;PROD_17;1;1
CORD_ORD_1837;PROD_27;1;1
CORD_ORD_1837;PROD_29;1;1
CORD_ORD_1837;PROD_31;1;1
CORD_ORD_1837;PROD_32;1;1
CORD_ORD_1837;PROD_43;1;1
CORD_ORD_1837;PROD_47;1;1
CORD_ORD_1837;PROD_48;1;1
CORD_ORD_1838;PROD_10;1;1
CORD_ORD_1838;PROD_11;1;1
CORD_ORD_1838;PROD_15;1;1
CORD_ORD_1838;PROD_16;1;1
CORD_ORD_1838;PROD_17;1;1
CORD_ORD_1838;PROD_23;1;1
CORD_ORD_1838;PROD_24;1;1
CORD_ORD_1838;PROD_27;1;1
CORD_ORD_1838;PROD_29;1;1
CORD_ORD_1838;PROD_30;1;1
CORD_ORD_1838;PROD_31;1;1
CORD_ORD_1838;PROD_32;1;1
CORD_ORD_1838;PROD_34;1;1
CORD_ORD_1838;PROD_37;1;1
CORD_ORD_1838;PROD_40;1;1
CORD_ORD_1838;PROD_42;1;1
CORD_ORD_1838;PROD_43;1;1
CORD_ORD_1838;PROD_45;1;1
CORD_ORD_1838;PROD_47;1;1
CORD_ORD_1838;PROD_48;1;1
CORD_ORD_1838;PROD_49;1;1
CORD_ORD_1838;PROD_8;1;1
CORD_ORD_1839;PROD_10;1;1
CORD_ORD_1839;PROD_11;1;1
CORD_ORD_1839;PROD_13;1;1
CORD_ORD_1839;PROD_14;1;1
CORD_ORD_1839;PROD_16;1;1
CORD_ORD_1839;PROD_19;1;1
CORD_ORD_1839;PROD_20;1;1
CORD_ORD_1839;PROD_22;1;1
CORD_ORD_1839;PROD_23;1;1
CORD_ORD_1839;PROD_24;1;1
CORD_ORD_1839;PROD_25;1;1
CORD_ORD_1839;PROD_27;1;1
CORD_ORD_1839;PROD_28;1;1
CORD_ORD_1839;PROD_29;1;1
CORD_ORD_1839;PROD_33;1;1
CORD_ORD_1839;PROD_35;1;1
CORD_ORD_1839;PROD_37;1;1
CORD_ORD_1839;PROD_38;1;1
CORD_ORD_1839;PROD_39;1;1
CORD_ORD_1839;PROD_42;1;1
CORD_ORD_1839;PROD_44;1;1
CORD_ORD_1839;PROD_45;1;1
CORD_ORD_1839;PROD_5;1;1
CORD_ORD_1839;PROD_50;1;1
CORD_ORD_1839;PROD_7;1;1
CORD_ORD_1839;PROD_8;1;1
CORD_ORD_1839;PROD_9;1;1
CORD_ORD_1840;PROD_1;1;1
CORD_ORD_1840;PROD_11;1;1
CORD_ORD_1840;PROD_18;1;1
CORD_ORD_1840;PROD_19;1;1
CORD_ORD_1840;PROD_2;1;1
CORD_ORD_1840;PROD_23;1;1
CORD_ORD_1840;PROD_24;1;1
CORD_ORD_1840;PROD_26;1;1
CORD_ORD_1840;PROD_27;1;1
CORD_ORD_1840;PROD_29;1;1
CORD_ORD_1840;PROD_3;1;1
CORD_ORD_1840;PROD_32;1;1
CORD_ORD_1840;PROD_33;1;1
CORD_ORD_1840;PROD_36;1;1
CORD_ORD_1840;PROD_37;1;1
CORD_ORD_1840;PROD_41;1;1
CORD_ORD_1840;PROD_42;1;1
CORD_ORD_1840;PROD_43;1;1
CORD_ORD_1840;PROD_44;1;1
CORD_ORD_1840;PROD_45;1;1
CORD_ORD_1840;PROD_46;1;1
CORD_ORD_1840;PROD_47;1;1
CORD_ORD_1840;PROD_6;1;1
CORD_ORD_1841;PROD_1;1;1
CORD_ORD_1841;PROD_11;1;1
CORD_ORD_1841;PROD_12;1;1
CORD_ORD_1841;PROD_13;1;1
CORD_ORD_1841;PROD_15;1;1
CORD_ORD_1841;PROD_17;1;1
CORD_ORD_1841;PROD_20;1;1
CORD_ORD_1841;PROD_21;1;1
CORD_ORD_1841;PROD_22;1;1
CORD_ORD_1841;PROD_24;1;1
CORD_ORD_1841;PROD_25;1;1
CORD_ORD_1841;PROD_26;1;1
CORD_ORD_1841;PROD_27;1;1
CORD_ORD_1841;PROD_29;1;1
CORD_ORD_1841;PROD_3;1;1
CORD_ORD_1841;PROD_31;1;1
CORD_ORD_1841;PROD_32;1;1
CORD_ORD_1841;PROD_34;1;1
CORD_ORD_1841;PROD_35;1;1
CORD_ORD_1841;PROD_36;1;1
CORD_ORD_1841;PROD_37;1;1
CORD_ORD_1841;PROD_38;1;1
CORD_ORD_1841;PROD_39;1;1
CORD_ORD_1841;PROD_4;1;1
CORD_ORD_1841;PROD_42;1;1
CORD_ORD_1841;PROD_43;1;1
CORD_ORD_1841;PROD_46;1;1
CORD_ORD_1841;PROD_47;1;1
CORD_ORD_1841;PROD_48;1;1
CORD_ORD_1841;PROD_49;1;1
CORD_ORD_1841;PROD_50;1;1
CORD_ORD_1841;PROD_6;1;1
CORD_ORD_1842;PROD_1;1;1
CORD_ORD_1842;PROD_11;1;1
CORD_ORD_1842;PROD_15;1;1
CORD_ORD_1842;PROD_18;1;1
CORD_ORD_1842;PROD_19;1;1
CORD_ORD_1842;PROD_2;1;1
CORD_ORD_1842;PROD_22;1;1
CORD_ORD_1842;PROD_24;1;1
CORD_ORD_1842;PROD_25;1;1
CORD_ORD_1842;PROD_27;1;1
CORD_ORD_1842;PROD_29;1;1
CORD_ORD_1842;PROD_3;1;1
CORD_ORD_1842;PROD_32;1;1
CORD_ORD_1842;PROD_33;1;1
CORD_ORD_1842;PROD_34;1;1
CORD_ORD_1842;PROD_36;1;1
CORD_ORD_1842;PROD_37;1;1
CORD_ORD_1842;PROD_41;1;1
CORD_ORD_1842;PROD_42;1;1
CORD_ORD_1842;PROD_43;1;1
CORD_ORD_1842;PROD_44;1;1
CORD_ORD_1842;PROD_47;1;1
CORD_ORD_1842;PROD_49;1;1
CORD_ORD_1842;PROD_50;1;1
CORD_ORD_1843;PROD_1;1;1
CORD_ORD_1843;PROD_10;1;1
CORD_ORD_1843;PROD_12;1;1
CORD_ORD_1843;PROD_14;1;1
CORD_ORD_1843;PROD_15;1;1
CORD_ORD_1843;PROD_16;1;1
CORD_ORD_1843;PROD_19;1;1
CORD_ORD_1843;PROD_20;1;1
CORD_ORD_1843;PROD_21;1;1
CORD_ORD_1843;PROD_24;1;1
CORD_ORD_1843;PROD_28;1;1
CORD_ORD_1843;PROD_3;1;1
CORD_ORD_1843;PROD_30;1;1
CORD_ORD_1843;PROD_33;1;1
CORD_ORD_1843;PROD_34;1;1
CORD_ORD_1843;PROD_35;1;1
CORD_ORD_1843;PROD_36;1;1
CORD_ORD_1843;PROD_37;1;1
CORD_ORD_1843;PROD_39;1;1
CORD_ORD_1843;PROD_4;1;1
CORD_ORD_1843;PROD_40;1;1
CORD_ORD_1843;PROD_42;1;1
CORD_ORD_1843;PROD_44;1;1
CORD_ORD_1843;PROD_49;1;1
CORD_ORD_1843;PROD_8;1;1
CORD_ORD_1843;PROD_9;1;1
CORD_ORD_1844;PROD_1;1;1
CORD_ORD_1844;PROD_10;1;1
CORD_ORD_1844;PROD_14;1;1
CORD_ORD_1844;PROD_16;1;1
CORD_ORD_1844;PROD_20;1;1
CORD_ORD_1844;PROD_22;1;1
CORD_ORD_1844;PROD_25;1;1
CORD_ORD_1844;PROD_28;1;1
CORD_ORD_1844;PROD_3;1;1
CORD_ORD_1844;PROD_32;1;1
CORD_ORD_1844;PROD_35;1;1
CORD_ORD_1844;PROD_36;1;1
CORD_ORD_1844;PROD_39;1;1
CORD_ORD_1844;PROD_43;1;1
CORD_ORD_1844;PROD_47;1;1
CORD_ORD_1844;PROD_50;1;1
CORD_ORD_1844;PROD_8;1;1
CORD_ORD_1844;PROD_9;1;1
CORD_ORD_1845;PROD_1;1;1
CORD_ORD_1845;PROD_10;1;1
CORD_ORD_1845;PROD_12;1;1
CORD_ORD_1845;PROD_14;1;1
CORD_ORD_1845;PROD_16;1;1
CORD_ORD_1845;PROD_17;1;1
CORD_ORD_1845;PROD_21;1;1
CORD_ORD_1845;PROD_22;1;1
CORD_ORD_1845;PROD_25;1;1
CORD_ORD_1845;PROD_26;1;1
CORD_ORD_1845;PROD_28;1;1
CORD_ORD_1845;PROD_3;1;1
CORD_ORD_1845;PROD_31;1;1
CORD_ORD_1845;PROD_36;1;1
CORD_ORD_1845;PROD_4;1;1
CORD_ORD_1845;PROD_46;1;1
CORD_ORD_1845;PROD_48;1;1
CORD_ORD_1845;PROD_5;1;1
CORD_ORD_1845;PROD_50;1;1
CORD_ORD_1845;PROD_6;1;1
CORD_ORD_1845;PROD_7;1;1
CORD_ORD_1845;PROD_8;1;1
CORD_ORD_1845;PROD_9;1;1
CORD_ORD_1846;PROD_10;1;1
CORD_ORD_1846;PROD_13;1;1
CORD_ORD_1846;PROD_16;1;1
CORD_ORD_1846;PROD_19;1;1
CORD_ORD_1846;PROD_20;1;1
CORD_ORD_1846;PROD_26;1;1
CORD_ORD_1846;PROD_33;1;1
CORD_ORD_1846;PROD_35;1;1
CORD_ORD_1846;PROD_38;1;1
CORD_ORD_1846;PROD_39;1;1
CORD_ORD_1846;PROD_44;1;1
CORD_ORD_1846;PROD_46;1;1
CORD_ORD_1846;PROD_6;1;1
CORD_ORD_1846;PROD_8;1;1
CORD_ORD_1847;PROD_14;1;1
CORD_ORD_1847;PROD_18;1;1
CORD_ORD_1847;PROD_2;1;1
CORD_ORD_1847;PROD_20;1;1
CORD_ORD_1847;PROD_26;1;1
CORD_ORD_1847;PROD_28;1;1
CORD_ORD_1847;PROD_35;1;1
CORD_ORD_1847;PROD_39;1;1
CORD_ORD_1847;PROD_41;1;1
CORD_ORD_1847;PROD_46;1;1
CORD_ORD_1847;PROD_6;1;1
CORD_ORD_1847;PROD_9;1;1
CORD_ORD_1848;PROD_10;1;1
CORD_ORD_1848;PROD_15;1;1
CORD_ORD_1848;PROD_16;1;1
CORD_ORD_1848;PROD_18;1;1
CORD_ORD_1848;PROD_19;1;1
CORD_ORD_1848;PROD_2;1;1
CORD_ORD_1848;PROD_24;1;1
CORD_ORD_1848;PROD_33;1;1
CORD_ORD_1848;PROD_34;1;1
CORD_ORD_1848;PROD_37;1;1
CORD_ORD_1848;PROD_41;1;1
CORD_ORD_1848;PROD_42;1;1
CORD_ORD_1848;PROD_44;1;1
CORD_ORD_1848;PROD_49;1;1
CORD_ORD_1848;PROD_8;1;1
CORD_ORD_1849;PROD_10;1;1
CORD_ORD_1849;PROD_11;1;1
CORD_ORD_1849;PROD_13;1;1
CORD_ORD_1849;PROD_15;1;1
CORD_ORD_1849;PROD_16;1;1
CORD_ORD_1849;PROD_17;1;1
CORD_ORD_1849;PROD_27;1;1
CORD_ORD_1849;PROD_29;1;1
CORD_ORD_1849;PROD_31;1;1
CORD_ORD_1849;PROD_32;1;1
CORD_ORD_1849;PROD_34;1;1
CORD_ORD_1849;PROD_38;1;1
CORD_ORD_1849;PROD_43;1;1
CORD_ORD_1849;PROD_47;1;1
CORD_ORD_1849;PROD_48;1;1
CORD_ORD_1849;PROD_49;1;1
CORD_ORD_1849;PROD_8;1;1
CORD_ORD_1850;PROD_1;1;1
CORD_ORD_1850;PROD_10;1;1
CORD_ORD_1850;PROD_12;1;1
CORD_ORD_1850;PROD_13;1;1
CORD_ORD_1850;PROD_14;1;1
CORD_ORD_1850;PROD_16;1;1
CORD_ORD_1850;PROD_17;1;1
CORD_ORD_1850;PROD_19;1;1
CORD_ORD_1850;PROD_20;1;1
CORD_ORD_1850;PROD_21;1;1
CORD_ORD_1850;PROD_24;1;1
CORD_ORD_1850;PROD_26;1;1
CORD_ORD_1850;PROD_28;1;1
CORD_ORD_1850;PROD_3;1;1
CORD_ORD_1850;PROD_31;1;1
CORD_ORD_1850;PROD_33;1;1
CORD_ORD_1850;PROD_35;1;1
CORD_ORD_1850;PROD_36;1;1
CORD_ORD_1850;PROD_37;1;1
CORD_ORD_1850;PROD_38;1;1
CORD_ORD_1850;PROD_39;1;1
CORD_ORD_1850;PROD_4;1;1
CORD_ORD_1850;PROD_42;1;1
CORD_ORD_1850;PROD_44;1;1
CORD_ORD_1850;PROD_46;1;1
CORD_ORD_1850;PROD_48;1;1
CORD_ORD_1850;PROD_5;1;1
CORD_ORD_1850;PROD_6;1;1
CORD_ORD_1850;PROD_7;1;1
CORD_ORD_1850;PROD_8;1;1
CORD_ORD_1850;PROD_9;1;1
CORD_ORD_1851;PROD_10;1;1
CORD_ORD_1851;PROD_11;1;1
CORD_ORD_1851;PROD_16;1;1
CORD_ORD_1851;PROD_17;1;1
CORD_ORD_1851;PROD_18;1;1
CORD_ORD_1851;PROD_2;1;1
CORD_ORD_1851;PROD_22;1;1
CORD_ORD_1851;PROD_23;1;1
CORD_ORD_1851;PROD_25;1;1
CORD_ORD_1851;PROD_26;1;1
CORD_ORD_1851;PROD_27;1;1
CORD_ORD_1851;PROD_29;1;1
CORD_ORD_1851;PROD_31;1;1
CORD_ORD_1851;PROD_32;1;1
CORD_ORD_1851;PROD_41;1;1
CORD_ORD_1851;PROD_43;1;1
CORD_ORD_1851;PROD_45;1;1
CORD_ORD_1851;PROD_46;1;1
CORD_ORD_1851;PROD_47;1;1
CORD_ORD_1851;PROD_48;1;1
CORD_ORD_1851;PROD_50;1;1
CORD_ORD_1851;PROD_6;1;1
CORD_ORD_1851;PROD_8;1;1
CORD_ORD_1852;PROD_10;1;1
CORD_ORD_1852;PROD_13;1;1
CORD_ORD_1852;PROD_14;1;1
CORD_ORD_1852;PROD_15;1;1
CORD_ORD_1852;PROD_16;1;1
CORD_ORD_1852;PROD_19;1;1
CORD_ORD_1852;PROD_20;1;1
CORD_ORD_1852;PROD_24;1;1
CORD_ORD_1852;PROD_28;1;1
CORD_ORD_1852;PROD_33;1;1
CORD_ORD_1852;PROD_34;1;1
CORD_ORD_1852;PROD_35;1;1
CORD_ORD_1852;PROD_37;1;1
CORD_ORD_1852;PROD_38;1;1
CORD_ORD_1852;PROD_39;1;1
CORD_ORD_1852;PROD_42;1;1
CORD_ORD_1852;PROD_44;1;1
CORD_ORD_1852;PROD_49;1;1
CORD_ORD_1852;PROD_8;1;1
CORD_ORD_1852;PROD_9;1;1
CORD_ORD_1853;PROD_10;1;1
CORD_ORD_1853;PROD_13;1;1
CORD_ORD_1853;PROD_15;1;1
CORD_ORD_1853;PROD_16;1;1
CORD_ORD_1853;PROD_18;1;1
CORD_ORD_1853;PROD_2;1;1
CORD_ORD_1853;PROD_20;1;1
CORD_ORD_1853;PROD_32;1;1
CORD_ORD_1853;PROD_34;1;1
CORD_ORD_1853;PROD_35;1;1
CORD_ORD_1853;PROD_38;1;1
CORD_ORD_1853;PROD_39;1;1
CORD_ORD_1853;PROD_41;1;1
CORD_ORD_1853;PROD_43;1;1
CORD_ORD_1853;PROD_47;1;1
CORD_ORD_1853;PROD_49;1;1
CORD_ORD_1853;PROD_5;1;1
CORD_ORD_1853;PROD_7;1;1
CORD_ORD_1853;PROD_8;1;1
CORD_ORD_1854;PROD_11;1;1
CORD_ORD_1854;PROD_12;1;1
CORD_ORD_1854;PROD_14;1;1
CORD_ORD_1854;PROD_17;1;1
CORD_ORD_1854;PROD_18;1;1
CORD_ORD_1854;PROD_2;1;1
CORD_ORD_1854;PROD_20;1;1
CORD_ORD_1854;PROD_21;1;1
CORD_ORD_1854;PROD_27;1;1
CORD_ORD_1854;PROD_28;1;1
CORD_ORD_1854;PROD_29;1;1
CORD_ORD_1854;PROD_31;1;1
CORD_ORD_1854;PROD_32;1;1
CORD_ORD_1854;PROD_35;1;1
CORD_ORD_1854;PROD_39;1;1
CORD_ORD_1854;PROD_4;1;1
CORD_ORD_1854;PROD_41;1;1
CORD_ORD_1854;PROD_43;1;1
CORD_ORD_1854;PROD_47;1;1
CORD_ORD_1854;PROD_48;1;1
CORD_ORD_1854;PROD_9;1;1
CORD_ORD_1855;PROD_1;1;1
CORD_ORD_1855;PROD_10;1;1
CORD_ORD_1855;PROD_12;1;1
CORD_ORD_1855;PROD_16;1;1
CORD_ORD_1855;PROD_20;1;1
CORD_ORD_1855;PROD_21;1;1
CORD_ORD_1855;PROD_22;1;1
CORD_ORD_1855;PROD_25;1;1
CORD_ORD_1855;PROD_3;1;1
CORD_ORD_1855;PROD_32;1;1
CORD_ORD_1855;PROD_35;1;1
CORD_ORD_1855;PROD_36;1;1
CORD_ORD_1855;PROD_39;1;1
CORD_ORD_1855;PROD_4;1;1
CORD_ORD_1855;PROD_43;1;1
CORD_ORD_1855;PROD_47;1;1
CORD_ORD_1855;PROD_50;1;1
CORD_ORD_1855;PROD_8;1;1
CORD_ORD_1856;PROD_12;1;1
CORD_ORD_1856;PROD_14;1;1
CORD_ORD_1856;PROD_20;1;1
CORD_ORD_1856;PROD_21;1;1
CORD_ORD_1856;PROD_22;1;1
CORD_ORD_1856;PROD_25;1;1
CORD_ORD_1856;PROD_26;1;1
CORD_ORD_1856;PROD_28;1;1
CORD_ORD_1856;PROD_30;1;1
CORD_ORD_1856;PROD_35;1;1
CORD_ORD_1856;PROD_39;1;1
CORD_ORD_1856;PROD_4;1;1
CORD_ORD_1856;PROD_40;1;1
CORD_ORD_1856;PROD_46;1;1
CORD_ORD_1856;PROD_50;1;1
CORD_ORD_1856;PROD_6;1;1
CORD_ORD_1856;PROD_9;1;1
CORD_ORD_1857;PROD_1;1;1
CORD_ORD_1857;PROD_10;1;1
CORD_ORD_1857;PROD_11;1;1
CORD_ORD_1857;PROD_16;1;1
CORD_ORD_1857;PROD_17;1;1
CORD_ORD_1857;PROD_19;1;1
CORD_ORD_1857;PROD_26;1;1
CORD_ORD_1857;PROD_27;1;1
CORD_ORD_1857;PROD_29;1;1
CORD_ORD_1857;PROD_3;1;1
CORD_ORD_1857;PROD_31;1;1
CORD_ORD_1857;PROD_33;1;1
CORD_ORD_1857;PROD_36;1;1
CORD_ORD_1857;PROD_44;1;1
CORD_ORD_1857;PROD_46;1;1
CORD_ORD_1857;PROD_48;1;1
CORD_ORD_1857;PROD_6;1;1
CORD_ORD_1857;PROD_8;1;1
CORD_ORD_1858;PROD_1;1;1
CORD_ORD_1858;PROD_11;1;1
CORD_ORD_1858;PROD_12;1;1
CORD_ORD_1858;PROD_14;1;1
CORD_ORD_1858;PROD_18;1;1
CORD_ORD_1858;PROD_2;1;1
CORD_ORD_1858;PROD_21;1;1
CORD_ORD_1858;PROD_24;1;1
CORD_ORD_1858;PROD_26;1;1
CORD_ORD_1858;PROD_27;1;1
CORD_ORD_1858;PROD_28;1;1
CORD_ORD_1858;PROD_29;1;1
CORD_ORD_1858;PROD_3;1;1
CORD_ORD_1858;PROD_36;1;1
CORD_ORD_1858;PROD_37;1;1
CORD_ORD_1858;PROD_4;1;1
CORD_ORD_1858;PROD_41;1;1
CORD_ORD_1858;PROD_42;1;1
CORD_ORD_1858;PROD_46;1;1
CORD_ORD_1858;PROD_6;1;1
CORD_ORD_1858;PROD_9;1;1
CORD_ORD_1859;PROD_1;1;1
CORD_ORD_1859;PROD_12;1;1
CORD_ORD_1859;PROD_18;1;1
CORD_ORD_1859;PROD_2;1;1
CORD_ORD_1859;PROD_21;1;1
CORD_ORD_1859;PROD_24;1;1
CORD_ORD_1859;PROD_26;1;1
CORD_ORD_1859;PROD_3;1;1
CORD_ORD_1859;PROD_36;1;1
CORD_ORD_1859;PROD_37;1;1
CORD_ORD_1859;PROD_4;1;1
CORD_ORD_1859;PROD_41;1;1
CORD_ORD_1859;PROD_42;1;1
CORD_ORD_1859;PROD_46;1;1
CORD_ORD_1859;PROD_6;1;1
CORD_ORD_1860;PROD_1;1;1
CORD_ORD_1860;PROD_11;1;1
CORD_ORD_1860;PROD_19;1;1
CORD_ORD_1860;PROD_23;1;1
CORD_ORD_1860;PROD_27;1;1
CORD_ORD_1860;PROD_29;1;1
CORD_ORD_1860;PROD_3;1;1
CORD_ORD_1860;PROD_32;1;1
CORD_ORD_1860;PROD_33;1;1
CORD_ORD_1860;PROD_36;1;1
CORD_ORD_1860;PROD_43;1;1
CORD_ORD_1860;PROD_44;1;1
CORD_ORD_1860;PROD_45;1;1
CORD_ORD_1860;PROD_47;1;1
CORD_ORD_1861;PROD_12;1;1
CORD_ORD_1861;PROD_13;1;1
CORD_ORD_1861;PROD_17;1;1
CORD_ORD_1861;PROD_19;1;1
CORD_ORD_1861;PROD_20;1;1
CORD_ORD_1861;PROD_21;1;1
CORD_ORD_1861;PROD_22;1;1
CORD_ORD_1861;PROD_23;1;1
CORD_ORD_1861;PROD_25;1;1
CORD_ORD_1861;PROD_26;1;1
CORD_ORD_1861;PROD_31;1;1
CORD_ORD_1861;PROD_33;1;1
CORD_ORD_1861;PROD_35;1;1
CORD_ORD_1861;PROD_38;1;1
CORD_ORD_1861;PROD_39;1;1
CORD_ORD_1861;PROD_4;1;1
CORD_ORD_1861;PROD_44;1;1
CORD_ORD_1861;PROD_45;1;1
CORD_ORD_1861;PROD_46;1;1
CORD_ORD_1861;PROD_48;1;1
CORD_ORD_1861;PROD_50;1;1
CORD_ORD_1861;PROD_6;1;1
CORD_ORD_1862;PROD_10;1;1
CORD_ORD_1862;PROD_12;1;1
CORD_ORD_1862;PROD_16;1;1
CORD_ORD_1862;PROD_20;1;1
CORD_ORD_1862;PROD_21;1;1
CORD_ORD_1862;PROD_24;1;1
CORD_ORD_1862;PROD_26;1;1
CORD_ORD_1862;PROD_35;1;1
CORD_ORD_1862;PROD_37;1;1
CORD_ORD_1862;PROD_39;1;1
CORD_ORD_1862;PROD_4;1;1
CORD_ORD_1862;PROD_42;1;1
CORD_ORD_1862;PROD_46;1;1
CORD_ORD_1862;PROD_6;1;1
CORD_ORD_1862;PROD_8;1;1
CORD_ORD_1863;PROD_1;1;1
CORD_ORD_1863;PROD_10;1;1
CORD_ORD_1863;PROD_16;1;1
CORD_ORD_1863;PROD_17;1;1
CORD_ORD_1863;PROD_19;1;1
CORD_ORD_1863;PROD_24;1;1
CORD_ORD_1863;PROD_26;1;1
CORD_ORD_1863;PROD_3;1;1
CORD_ORD_1863;PROD_31;1;1
CORD_ORD_1863;PROD_33;1;1
CORD_ORD_1863;PROD_36;1;1
CORD_ORD_1863;PROD_37;1;1
CORD_ORD_1863;PROD_42;1;1
CORD_ORD_1863;PROD_44;1;1
CORD_ORD_1863;PROD_46;1;1
CORD_ORD_1863;PROD_48;1;1
CORD_ORD_1863;PROD_5;1;1
CORD_ORD_1863;PROD_6;1;1
CORD_ORD_1863;PROD_7;1;1
CORD_ORD_1863;PROD_8;1;1
CORD_ORD_1864;PROD_11;1;1
CORD_ORD_1864;PROD_13;1;1
CORD_ORD_1864;PROD_19;1;1
CORD_ORD_1864;PROD_20;1;1
CORD_ORD_1864;PROD_22;1;1
CORD_ORD_1864;PROD_25;1;1
CORD_ORD_1864;PROD_26;1;1
CORD_ORD_1864;PROD_27;1;1
CORD_ORD_1864;PROD_29;1;1
CORD_ORD_1864;PROD_30;1;1
CORD_ORD_1864;PROD_33;1;1
CORD_ORD_1864;PROD_35;1;1
CORD_ORD_1864;PROD_38;1;1
CORD_ORD_1864;PROD_39;1;1
CORD_ORD_1864;PROD_40;1;1
CORD_ORD_1864;PROD_44;1;1
CORD_ORD_1864;PROD_46;1;1
CORD_ORD_1864;PROD_50;1;1
CORD_ORD_1864;PROD_6;1;1
CORD_ORD_1865;PROD_1;1;1
CORD_ORD_1865;PROD_10;1;1
CORD_ORD_1865;PROD_11;1;1
CORD_ORD_1865;PROD_14;1;1
CORD_ORD_1865;PROD_16;1;1
CORD_ORD_1865;PROD_18;1;1
CORD_ORD_1865;PROD_19;1;1
CORD_ORD_1865;PROD_2;1;1
CORD_ORD_1865;PROD_20;1;1
CORD_ORD_1865;PROD_26;1;1
CORD_ORD_1865;PROD_27;1;1
CORD_ORD_1865;PROD_28;1;1
CORD_ORD_1865;PROD_29;1;1
CORD_ORD_1865;PROD_3;1;1
CORD_ORD_1865;PROD_32;1;1
CORD_ORD_1865;PROD_33;1;1
CORD_ORD_1865;PROD_35;1;1
CORD_ORD_1865;PROD_36;1;1
CORD_ORD_1865;PROD_39;1;1
CORD_ORD_1865;PROD_41;1;1
CORD_ORD_1865;PROD_43;1;1
CORD_ORD_1865;PROD_44;1;1
CORD_ORD_1865;PROD_46;1;1
CORD_ORD_1865;PROD_47;1;1
CORD_ORD_1865;PROD_6;1;1
CORD_ORD_1865;PROD_8;1;1
CORD_ORD_1865;PROD_9;1;1
CORD_ORD_1866;PROD_10;1;1
CORD_ORD_1866;PROD_15;1;1
CORD_ORD_1866;PROD_16;1;1
CORD_ORD_1866;PROD_17;1;1
CORD_ORD_1866;PROD_22;1;1
CORD_ORD_1866;PROD_25;1;1
CORD_ORD_1866;PROD_26;1;1
CORD_ORD_1866;PROD_31;1;1
CORD_ORD_1866;PROD_34;1;1
CORD_ORD_1866;PROD_46;1;1
CORD_ORD_1866;PROD_48;1;1
CORD_ORD_1866;PROD_49;1;1
CORD_ORD_1866;PROD_50;1;1
CORD_ORD_1866;PROD_6;1;1
CORD_ORD_1866;PROD_8;1;1
CORD_ORD_1867;PROD_10;1;1
CORD_ORD_1867;PROD_13;1;1
CORD_ORD_1867;PROD_15;1;1
CORD_ORD_1867;PROD_16;1;1
CORD_ORD_1867;PROD_19;1;1
CORD_ORD_1867;PROD_24;1;1
CORD_ORD_1867;PROD_30;1;1
CORD_ORD_1867;PROD_33;1;1
CORD_ORD_1867;PROD_34;1;1
CORD_ORD_1867;PROD_37;1;1
CORD_ORD_1867;PROD_38;1;1
CORD_ORD_1867;PROD_40;1;1
CORD_ORD_1867;PROD_42;1;1
CORD_ORD_1867;PROD_44;1;1
CORD_ORD_1867;PROD_49;1;1
CORD_ORD_1867;PROD_8;1;1
CORD_ORD_1868;PROD_1;1;1
CORD_ORD_1868;PROD_10;1;1
CORD_ORD_1868;PROD_13;1;1
CORD_ORD_1868;PROD_14;1;1
CORD_ORD_1868;PROD_16;1;1
CORD_ORD_1868;PROD_20;1;1
CORD_ORD_1868;PROD_28;1;1
CORD_ORD_1868;PROD_3;1;1
CORD_ORD_1868;PROD_35;1;1
CORD_ORD_1868;PROD_36;1;1
CORD_ORD_1868;PROD_38;1;1
CORD_ORD_1868;PROD_39;1;1
CORD_ORD_1868;PROD_8;1;1
CORD_ORD_1868;PROD_9;1;1
CORD_ORD_1869;PROD_10;1;1
CORD_ORD_1869;PROD_11;1;1
CORD_ORD_1869;PROD_13;1;1
CORD_ORD_1869;PROD_15;1;1
CORD_ORD_1869;PROD_16;1;1
CORD_ORD_1869;PROD_19;1;1
CORD_ORD_1869;PROD_22;1;1
CORD_ORD_1869;PROD_23;1;1
CORD_ORD_1869;PROD_25;1;1
CORD_ORD_1869;PROD_26;1;1
CORD_ORD_1869;PROD_27;1;1
CORD_ORD_1869;PROD_29;1;1
CORD_ORD_1869;PROD_33;1;1
CORD_ORD_1869;PROD_34;1;1
CORD_ORD_1869;PROD_38;1;1
CORD_ORD_1869;PROD_44;1;1
CORD_ORD_1869;PROD_45;1;1
CORD_ORD_1869;PROD_46;1;1
CORD_ORD_1869;PROD_49;1;1
CORD_ORD_1869;PROD_50;1;1
CORD_ORD_1869;PROD_6;1;1
CORD_ORD_1869;PROD_8;1;1
CORD_ORD_1870;PROD_1;1;1
CORD_ORD_1870;PROD_11;1;1
CORD_ORD_1870;PROD_13;1;1
CORD_ORD_1870;PROD_14;1;1
CORD_ORD_1870;PROD_15;1;1
CORD_ORD_1870;PROD_18;1;1
CORD_ORD_1870;PROD_2;1;1
CORD_ORD_1870;PROD_24;1;1
CORD_ORD_1870;PROD_27;1;1
CORD_ORD_1870;PROD_28;1;1
CORD_ORD_1870;PROD_29;1;1
CORD_ORD_1870;PROD_3;1;1
CORD_ORD_1870;PROD_30;1;1
CORD_ORD_1870;PROD_32;1;1
CORD_ORD_1870;PROD_34;1;1
CORD_ORD_1870;PROD_36;1;1
CORD_ORD_1870;PROD_37;1;1
CORD_ORD_1870;PROD_38;1;1
CORD_ORD_1870;PROD_40;1;1
CORD_ORD_1870;PROD_41;1;1
CORD_ORD_1870;PROD_42;1;1
CORD_ORD_1870;PROD_43;1;1
CORD_ORD_1870;PROD_47;1;1
CORD_ORD_1870;PROD_49;1;1
CORD_ORD_1870;PROD_9;1;1
CORD_ORD_1871;PROD_1;1;1
CORD_ORD_1871;PROD_10;1;1
CORD_ORD_1871;PROD_11;1;1
CORD_ORD_1871;PROD_12;1;1
CORD_ORD_1871;PROD_15;1;1
CORD_ORD_1871;PROD_16;1;1
CORD_ORD_1871;PROD_18;1;1
CORD_ORD_1871;PROD_2;1;1
CORD_ORD_1871;PROD_21;1;1
CORD_ORD_1871;PROD_24;1;1
CORD_ORD_1871;PROD_26;1;1
CORD_ORD_1871;PROD_27;1;1
CORD_ORD_1871;PROD_29;1;1
CORD_ORD_1871;PROD_3;1;1
CORD_ORD_1871;PROD_32;1;1
CORD_ORD_1871;PROD_34;1;1
CORD_ORD_1871;PROD_36;1;1
CORD_ORD_1871;PROD_37;1;1
CORD_ORD_1871;PROD_4;1;1
CORD_ORD_1871;PROD_41;1;1
CORD_ORD_1871;PROD_42;1;1
CORD_ORD_1871;PROD_43;1;1
CORD_ORD_1871;PROD_46;1;1
CORD_ORD_1871;PROD_47;1;1
CORD_ORD_1871;PROD_49;1;1
CORD_ORD_1871;PROD_6;1;1
CORD_ORD_1871;PROD_8;1;1
CORD_ORD_1872;PROD_10;1;1
CORD_ORD_1872;PROD_14;1;1
CORD_ORD_1872;PROD_16;1;1
CORD_ORD_1872;PROD_17;1;1
CORD_ORD_1872;PROD_18;1;1
CORD_ORD_1872;PROD_19;1;1
CORD_ORD_1872;PROD_2;1;1
CORD_ORD_1872;PROD_22;1;1
CORD_ORD_1872;PROD_25;1;1
CORD_ORD_1872;PROD_26;1;1
CORD_ORD_1872;PROD_28;1;1
CORD_ORD_1872;PROD_31;1;1
CORD_ORD_1872;PROD_33;1;1
CORD_ORD_1872;PROD_41;1;1
CORD_ORD_1872;PROD_44;1;1
CORD_ORD_1872;PROD_46;1;1
CORD_ORD_1872;PROD_48;1;1
CORD_ORD_1872;PROD_5;1;1
CORD_ORD_1872;PROD_50;1;1
CORD_ORD_1872;PROD_6;1;1
CORD_ORD_1872;PROD_7;1;1
CORD_ORD_1872;PROD_8;1;1
CORD_ORD_1872;PROD_9;1;1
CORD_ORD_1873;PROD_10;1;1
CORD_ORD_1873;PROD_11;1;1
CORD_ORD_1873;PROD_12;1;1
CORD_ORD_1873;PROD_13;1;1
CORD_ORD_1873;PROD_16;1;1
CORD_ORD_1873;PROD_17;1;1
CORD_ORD_1873;PROD_21;1;1
CORD_ORD_1873;PROD_27;1;1
CORD_ORD_1873;PROD_29;1;1
CORD_ORD_1873;PROD_31;1;1
CORD_ORD_1873;PROD_32;1;1
CORD_ORD_1873;PROD_38;1;1
CORD_ORD_1873;PROD_4;1;1
CORD_ORD_1873;PROD_43;1;1
CORD_ORD_1873;PROD_47;1;1
CORD_ORD_1873;PROD_48;1;1
CORD_ORD_1873;PROD_8;1;1
CORD_ORD_1874;PROD_1;1;1
CORD_ORD_1874;PROD_10;1;1
CORD_ORD_1874;PROD_14;1;1
CORD_ORD_1874;PROD_16;1;1
CORD_ORD_1874;PROD_18;1;1
CORD_ORD_1874;PROD_2;1;1
CORD_ORD_1874;PROD_20;1;1
CORD_ORD_1874;PROD_26;1;1
CORD_ORD_1874;PROD_28;1;1
CORD_ORD_1874;PROD_3;1;1
CORD_ORD_1874;PROD_35;1;1
CORD_ORD_1874;PROD_36;1;1
CORD_ORD_1874;PROD_39;1;1
CORD_ORD_1874;PROD_41;1;1
CORD_ORD_1874;PROD_46;1;1
CORD_ORD_1874;PROD_6;1;1
CORD_ORD_1874;PROD_8;1;1
CORD_ORD_1874;PROD_9;1;1
CORD_ORD_1875;PROD_10;1;1
CORD_ORD_1875;PROD_13;1;1
CORD_ORD_1875;PROD_14;1;1
CORD_ORD_1875;PROD_16;1;1
CORD_ORD_1875;PROD_17;1;1
CORD_ORD_1875;PROD_20;1;1
CORD_ORD_1875;PROD_22;1;1
CORD_ORD_1875;PROD_25;1;1
CORD_ORD_1875;PROD_28;1;1
CORD_ORD_1875;PROD_31;1;1
CORD_ORD_1875;PROD_32;1;1
CORD_ORD_1875;PROD_35;1;1
CORD_ORD_1875;PROD_38;1;1
CORD_ORD_1875;PROD_39;1;1
CORD_ORD_1875;PROD_43;1;1
CORD_ORD_1875;PROD_47;1;1
CORD_ORD_1875;PROD_48;1;1
CORD_ORD_1875;PROD_5;1;1
CORD_ORD_1875;PROD_50;1;1
CORD_ORD_1875;PROD_7;1;1
CORD_ORD_1875;PROD_8;1;1
CORD_ORD_1875;PROD_9;1;1
CORD_ORD_1876;PROD_11;1;1
CORD_ORD_1876;PROD_12;1;1
CORD_ORD_1876;PROD_13;1;1
CORD_ORD_1876;PROD_15;1;1
CORD_ORD_1876;PROD_17;1;1
CORD_ORD_1876;PROD_18;1;1
CORD_ORD_1876;PROD_2;1;1
CORD_ORD_1876;PROD_21;1;1
CORD_ORD_1876;PROD_27;1;1
CORD_ORD_1876;PROD_29;1;1
CORD_ORD_1876;PROD_31;1;1
CORD_ORD_1876;PROD_34;1;1
CORD_ORD_1876;PROD_38;1;1
CORD_ORD_1876;PROD_4;1;1
CORD_ORD_1876;PROD_41;1;1
CORD_ORD_1876;PROD_48;1;1
CORD_ORD_1876;PROD_49;1;1
CORD_ORD_1877;PROD_1;1;1
CORD_ORD_1877;PROD_10;1;1
CORD_ORD_1877;PROD_11;1;1
CORD_ORD_1877;PROD_13;1;1
CORD_ORD_1877;PROD_15;1;1
CORD_ORD_1877;PROD_16;1;1
CORD_ORD_1877;PROD_19;1;1
CORD_ORD_1877;PROD_22;1;1
CORD_ORD_1877;PROD_25;1;1
CORD_ORD_1877;PROD_26;1;1
CORD_ORD_1877;PROD_27;1;1
CORD_ORD_1877;PROD_29;1;1
CORD_ORD_1877;PROD_3;1;1
CORD_ORD_1877;PROD_33;1;1
CORD_ORD_1877;PROD_34;1;1
CORD_ORD_1877;PROD_36;1;1
CORD_ORD_1877;PROD_38;1;1
CORD_ORD_1877;PROD_44;1;1
CORD_ORD_1877;PROD_46;1;1
CORD_ORD_1877;PROD_49;1;1
CORD_ORD_1877;PROD_50;1;1
CORD_ORD_1877;PROD_6;1;1
CORD_ORD_1877;PROD_8;1;1
CORD_ORD_1878;PROD_10;1;1
CORD_ORD_1878;PROD_11;1;1
CORD_ORD_1878;PROD_16;1;1
CORD_ORD_1878;PROD_19;1;1
CORD_ORD_1878;PROD_22;1;1
CORD_ORD_1878;PROD_23;1;1
CORD_ORD_1878;PROD_25;1;1
CORD_ORD_1878;PROD_27;1;1
CORD_ORD_1878;PROD_29;1;1
CORD_ORD_1878;PROD_32;1;1
CORD_ORD_1878;PROD_33;1;1
CORD_ORD_1878;PROD_43;1;1
CORD_ORD_1878;PROD_44;1;1
CORD_ORD_1878;PROD_45;1;1
CORD_ORD_1878;PROD_47;1;1
CORD_ORD_1878;PROD_50;1;1
CORD_ORD_1878;PROD_8;1;1
CORD_ORD_1879;PROD_1;1;1
CORD_ORD_1879;PROD_10;1;1
CORD_ORD_1879;PROD_16;1;1
CORD_ORD_1879;PROD_19;1;1
CORD_ORD_1879;PROD_22;1;1
CORD_ORD_1879;PROD_23;1;1
CORD_ORD_1879;PROD_24;1;1
CORD_ORD_1879;PROD_25;1;1
CORD_ORD_1879;PROD_26;1;1
CORD_ORD_1879;PROD_3;1;1
CORD_ORD_1879;PROD_30;1;1
CORD_ORD_1879;PROD_32;1;1
CORD_ORD_1879;PROD_33;1;1
CORD_ORD_1879;PROD_36;1;1
CORD_ORD_1879;PROD_37;1;1
CORD_ORD_1879;PROD_40;1;1
CORD_ORD_1879;PROD_42;1;1
CORD_ORD_1879;PROD_43;1;1
CORD_ORD_1879;PROD_44;1;1
CORD_ORD_1879;PROD_45;1;1
CORD_ORD_1879;PROD_46;1;1
CORD_ORD_1879;PROD_47;1;1
CORD_ORD_1879;PROD_5;1;1
CORD_ORD_1879;PROD_50;1;1
CORD_ORD_1879;PROD_6;1;1
CORD_ORD_1879;PROD_7;1;1
CORD_ORD_1879;PROD_8;1;1
CORD_ORD_1880;PROD_1;1;1
CORD_ORD_1880;PROD_10;1;1
CORD_ORD_1880;PROD_11;1;1
CORD_ORD_1880;PROD_14;1;1
CORD_ORD_1880;PROD_15;1;1
CORD_ORD_1880;PROD_16;1;1
CORD_ORD_1880;PROD_17;1;1
CORD_ORD_1880;PROD_19;1;1
CORD_ORD_1880;PROD_23;1;1
CORD_ORD_1880;PROD_26;1;1
CORD_ORD_1880;PROD_27;1;1
CORD_ORD_1880;PROD_28;1;1
CORD_ORD_1880;PROD_29;1;1
CORD_ORD_1880;PROD_3;1;1
CORD_ORD_1880;PROD_31;1;1
CORD_ORD_1880;PROD_33;1;1
CORD_ORD_1880;PROD_34;1;1
CORD_ORD_1880;PROD_36;1;1
CORD_ORD_1880;PROD_44;1;1
CORD_ORD_1880;PROD_45;1;1
CORD_ORD_1880;PROD_46;1;1
CORD_ORD_1880;PROD_48;1;1
CORD_ORD_1880;PROD_49;1;1
CORD_ORD_1880;PROD_5;1;1
CORD_ORD_1880;PROD_6;1;1
CORD_ORD_1880;PROD_7;1;1
CORD_ORD_1880;PROD_8;1;1
CORD_ORD_1880;PROD_9;1;1
CORD_ORD_1881;PROD_12;1;1
CORD_ORD_1881;PROD_14;1;1
CORD_ORD_1881;PROD_20;1;1
CORD_ORD_1881;PROD_21;1;1
CORD_ORD_1881;PROD_23;1;1
CORD_ORD_1881;PROD_24;1;1
CORD_ORD_1881;PROD_26;1;1
CORD_ORD_1881;PROD_28;1;1
CORD_ORD_1881;PROD_30;1;1
CORD_ORD_1881;PROD_35;1;1
CORD_ORD_1881;PROD_37;1;1
CORD_ORD_1881;PROD_39;1;1
CORD_ORD_1881;PROD_4;1;1
CORD_ORD_1881;PROD_40;1;1
CORD_ORD_1881;PROD_42;1;1
CORD_ORD_1881;PROD_45;1;1
CORD_ORD_1881;PROD_46;1;1
CORD_ORD_1881;PROD_5;1;1
CORD_ORD_1881;PROD_6;1;1
CORD_ORD_1881;PROD_7;1;1
CORD_ORD_1881;PROD_9;1;1
CORD_ORD_1882;PROD_11;1;1
CORD_ORD_1882;PROD_12;1;1
CORD_ORD_1882;PROD_13;1;1
CORD_ORD_1882;PROD_21;1;1
CORD_ORD_1882;PROD_27;1;1
CORD_ORD_1882;PROD_29;1;1
CORD_ORD_1882;PROD_30;1;1
CORD_ORD_1882;PROD_32;1;1
CORD_ORD_1882;PROD_38;1;1
CORD_ORD_1882;PROD_4;1;1
CORD_ORD_1882;PROD_40;1;1
CORD_ORD_1882;PROD_43;1;1
CORD_ORD_1882;PROD_47;1;1
CORD_ORD_1883;PROD_1;1;1
CORD_ORD_1883;PROD_10;1;1
CORD_ORD_1883;PROD_16;1;1
CORD_ORD_1883;PROD_22;1;1
CORD_ORD_1883;PROD_25;1;1
CORD_ORD_1883;PROD_3;1;1
CORD_ORD_1883;PROD_32;1;1
CORD_ORD_1883;PROD_36;1;1
CORD_ORD_1883;PROD_43;1;1
CORD_ORD_1883;PROD_47;1;1
CORD_ORD_1883;PROD_50;1;1
CORD_ORD_1883;PROD_8;1;1
CORD_ORD_1884;PROD_10;1;1
CORD_ORD_1884;PROD_12;1;1
CORD_ORD_1884;PROD_13;1;1
CORD_ORD_1884;PROD_15;1;1
CORD_ORD_1884;PROD_16;1;1
CORD_ORD_1884;PROD_21;1;1
CORD_ORD_1884;PROD_34;1;1
CORD_ORD_1884;PROD_38;1;1
CORD_ORD_1884;PROD_4;1;1
CORD_ORD_1884;PROD_49;1;1
CORD_ORD_1884;PROD_8;1;1
CORD_ORD_1885;PROD_11;1;1
CORD_ORD_1885;PROD_14;1;1
CORD_ORD_1885;PROD_19;1;1
CORD_ORD_1885;PROD_23;1;1
CORD_ORD_1885;PROD_27;1;1
CORD_ORD_1885;PROD_28;1;1
CORD_ORD_1885;PROD_29;1;1
CORD_ORD_1885;PROD_32;1;1
CORD_ORD_1885;PROD_33;1;1
CORD_ORD_1885;PROD_43;1;1
CORD_ORD_1885;PROD_44;1;1
CORD_ORD_1885;PROD_45;1;1
CORD_ORD_1885;PROD_47;1;1
CORD_ORD_1885;PROD_9;1;1
CORD_ORD_1886;PROD_15;1;1
CORD_ORD_1886;PROD_22;1;1
CORD_ORD_1886;PROD_24;1;1
CORD_ORD_1886;PROD_25;1;1
CORD_ORD_1886;PROD_26;1;1
CORD_ORD_1886;PROD_30;1;1
CORD_ORD_1886;PROD_34;1;1
CORD_ORD_1886;PROD_37;1;1
CORD_ORD_1886;PROD_40;1;1
CORD_ORD_1886;PROD_42;1;1
CORD_ORD_1886;PROD_46;1;1
CORD_ORD_1886;PROD_49;1;1
CORD_ORD_1886;PROD_50;1;1
CORD_ORD_1886;PROD_6;1;1
CORD_ORD_1887;PROD_1;1;1
CORD_ORD_1887;PROD_10;1;1
CORD_ORD_1887;PROD_11;1;1
CORD_ORD_1887;PROD_16;1;1
CORD_ORD_1887;PROD_17;1;1
CORD_ORD_1887;PROD_18;1;1
CORD_ORD_1887;PROD_2;1;1
CORD_ORD_1887;PROD_24;1;1
CORD_ORD_1887;PROD_26;1;1
CORD_ORD_1887;PROD_27;1;1
CORD_ORD_1887;PROD_29;1;1
CORD_ORD_1887;PROD_3;1;1
CORD_ORD_1887;PROD_30;1;1
CORD_ORD_1887;PROD_31;1;1
CORD_ORD_1887;PROD_32;1;1
CORD_ORD_1887;PROD_36;1;1
CORD_ORD_1887;PROD_37;1;1
CORD_ORD_1887;PROD_40;1;1
CORD_ORD_1887;PROD_41;1;1
CORD_ORD_1887;PROD_42;1;1
CORD_ORD_1887;PROD_43;1;1
CORD_ORD_1887;PROD_46;1;1
CORD_ORD_1887;PROD_47;1;1
CORD_ORD_1887;PROD_48;1;1
CORD_ORD_1887;PROD_6;1;1
CORD_ORD_1887;PROD_8;1;1
CORD_ORD_1888;PROD_10;1;1
CORD_ORD_1888;PROD_11;1;1
CORD_ORD_1888;PROD_14;1;1
CORD_ORD_1888;PROD_15;1;1
CORD_ORD_1888;PROD_16;1;1
CORD_ORD_1888;PROD_17;1;1
CORD_ORD_1888;PROD_18;1;1
CORD_ORD_1888;PROD_2;1;1
CORD_ORD_1888;PROD_20;1;1
CORD_ORD_1888;PROD_23;1;1
CORD_ORD_1888;PROD_27;1;1
CORD_ORD_1888;PROD_28;1;1
CORD_ORD_1888;PROD_29;1;1
CORD_ORD_1888;PROD_31;1;1
CORD_ORD_1888;PROD_34;1;1
CORD_ORD_1888;PROD_35;1;1
CORD_ORD_1888;PROD_39;1;1
CORD_ORD_1888;PROD_41;1;1
CORD_ORD_1888;PROD_45;1;1
CORD_ORD_1888;PROD_48;1;1
CORD_ORD_1888;PROD_49;1;1
CORD_ORD_1888;PROD_5;1;1
CORD_ORD_1888;PROD_7;1;1
CORD_ORD_1888;PROD_8;1;1
CORD_ORD_1888;PROD_9;1;1
CORD_ORD_1889;PROD_1;1;1
CORD_ORD_1889;PROD_10;1;1
CORD_ORD_1889;PROD_11;1;1
CORD_ORD_1889;PROD_14;1;1
CORD_ORD_1889;PROD_15;1;1
CORD_ORD_1889;PROD_16;1;1
CORD_ORD_1889;PROD_17;1;1
CORD_ORD_1889;PROD_20;1;1
CORD_ORD_1889;PROD_27;1;1
CORD_ORD_1889;PROD_28;1;1
CORD_ORD_1889;PROD_29;1;1
CORD_ORD_1889;PROD_3;1;1
CORD_ORD_1889;PROD_31;1;1
CORD_ORD_1889;PROD_32;1;1
CORD_ORD_1889;PROD_34;1;1
CORD_ORD_1889;PROD_35;1;1
CORD_ORD_1889;PROD_36;1;1
CORD_ORD_1889;PROD_39;1;1
CORD_ORD_1889;PROD_43;1;1
CORD_ORD_1889;PROD_47;1;1
CORD_ORD_1889;PROD_48;1;1
CORD_ORD_1889;PROD_49;1;1
CORD_ORD_1889;PROD_8;1;1
CORD_ORD_1889;PROD_9;1;1
CORD_ORD_1890;PROD_10;1;1
CORD_ORD_1890;PROD_11;1;1
CORD_ORD_1890;PROD_12;1;1
CORD_ORD_1890;PROD_16;1;1
CORD_ORD_1890;PROD_18;1;1
CORD_ORD_1890;PROD_2;1;1
CORD_ORD_1890;PROD_20;1;1
CORD_ORD_1890;PROD_21;1;1
CORD_ORD_1890;PROD_24;1;1
CORD_ORD_1890;PROD_27;1;1
CORD_ORD_1890;PROD_29;1;1
CORD_ORD_1890;PROD_30;1;1
CORD_ORD_1890;PROD_35;1;1
CORD_ORD_1890;PROD_37;1;1
CORD_ORD_1890;PROD_39;1;1
CORD_ORD_1890;PROD_4;1;1
CORD_ORD_1890;PROD_40;1;1
CORD_ORD_1890;PROD_41;1;1
CORD_ORD_1890;PROD_42;1;1
CORD_ORD_1890;PROD_8;1;1
CORD_ORD_1891;PROD_1;1;1
CORD_ORD_1891;PROD_10;1;1
CORD_ORD_1891;PROD_16;1;1
CORD_ORD_1891;PROD_20;1;1
CORD_ORD_1891;PROD_23;1;1
CORD_ORD_1891;PROD_24;1;1
CORD_ORD_1891;PROD_26;1;1
CORD_ORD_1891;PROD_3;1;1
CORD_ORD_1891;PROD_35;1;1
CORD_ORD_1891;PROD_36;1;1
CORD_ORD_1891;PROD_37;1;1
CORD_ORD_1891;PROD_39;1;1
CORD_ORD_1891;PROD_42;1;1
CORD_ORD_1891;PROD_45;1;1
CORD_ORD_1891;PROD_46;1;1
CORD_ORD_1891;PROD_6;1;1
CORD_ORD_1891;PROD_8;1;1
CORD_ORD_1892;PROD_1;1;1
CORD_ORD_1892;PROD_10;1;1
CORD_ORD_1892;PROD_12;1;1
CORD_ORD_1892;PROD_14;1;1
CORD_ORD_1892;PROD_16;1;1
CORD_ORD_1892;PROD_19;1;1
CORD_ORD_1892;PROD_21;1;1
CORD_ORD_1892;PROD_22;1;1
CORD_ORD_1892;PROD_25;1;1
CORD_ORD_1892;PROD_28;1;1
CORD_ORD_1892;PROD_3;1;1
CORD_ORD_1892;PROD_32;1;1
CORD_ORD_1892;PROD_33;1;1
CORD_ORD_1892;PROD_36;1;1
CORD_ORD_1892;PROD_4;1;1
CORD_ORD_1892;PROD_43;1;1
CORD_ORD_1892;PROD_44;1;1
CORD_ORD_1892;PROD_47;1;1
CORD_ORD_1892;PROD_50;1;1
CORD_ORD_1892;PROD_8;1;1
CORD_ORD_1892;PROD_9;1;1
CORD_ORD_1893;PROD_1;1;1
CORD_ORD_1893;PROD_10;1;1
CORD_ORD_1893;PROD_16;1;1
CORD_ORD_1893;PROD_17;1;1
CORD_ORD_1893;PROD_22;1;1
CORD_ORD_1893;PROD_25;1;1
CORD_ORD_1893;PROD_3;1;1
CORD_ORD_1893;PROD_31;1;1
CORD_ORD_1893;PROD_36;1;1
CORD_ORD_1893;PROD_48;1;1
CORD_ORD_1893;PROD_50;1;1
CORD_ORD_1893;PROD_8;1;1
CORD_ORD_1894;PROD_1;1;1
CORD_ORD_1894;PROD_10;1;1
CORD_ORD_1894;PROD_12;1;1
CORD_ORD_1894;PROD_13;1;1
CORD_ORD_1894;PROD_16;1;1
CORD_ORD_1894;PROD_21;1;1
CORD_ORD_1894;PROD_22;1;1
CORD_ORD_1894;PROD_25;1;1
CORD_ORD_1894;PROD_3;1;1
CORD_ORD_1894;PROD_36;1;1
CORD_ORD_1894;PROD_38;1;1
CORD_ORD_1894;PROD_4;1;1
CORD_ORD_1894;PROD_50;1;1
CORD_ORD_1894;PROD_8;1;1
CORD_ORD_1895;PROD_15;1;1
CORD_ORD_1895;PROD_24;1;1
CORD_ORD_1895;PROD_26;1;1
CORD_ORD_1895;PROD_30;1;1
CORD_ORD_1895;PROD_34;1;1
CORD_ORD_1895;PROD_37;1;1
CORD_ORD_1895;PROD_40;1;1
CORD_ORD_1895;PROD_42;1;1
CORD_ORD_1895;PROD_46;1;1
CORD_ORD_1895;PROD_49;1;1
CORD_ORD_1895;PROD_5;1;1
CORD_ORD_1895;PROD_6;1;1
CORD_ORD_1895;PROD_7;1;1
CORD_ORD_1896;PROD_1;1;1
CORD_ORD_1896;PROD_10;1;1
CORD_ORD_1896;PROD_14;1;1
CORD_ORD_1896;PROD_16;1;1
CORD_ORD_1896;PROD_18;1;1
CORD_ORD_1896;PROD_2;1;1
CORD_ORD_1896;PROD_20;1;1
CORD_ORD_1896;PROD_24;1;1
CORD_ORD_1896;PROD_26;1;1
CORD_ORD_1896;PROD_28;1;1
CORD_ORD_1896;PROD_3;1;1
CORD_ORD_1896;PROD_32;1;1
CORD_ORD_1896;PROD_35;1;1
CORD_ORD_1896;PROD_36;1;1
CORD_ORD_1896;PROD_37;1;1
CORD_ORD_1896;PROD_39;1;1
CORD_ORD_1896;PROD_41;1;1
CORD_ORD_1896;PROD_42;1;1
CORD_ORD_1896;PROD_43;1;1
CORD_ORD_1896;PROD_46;1;1
CORD_ORD_1896;PROD_47;1;1
CORD_ORD_1896;PROD_6;1;1
CORD_ORD_1896;PROD_8;1;1
CORD_ORD_1896;PROD_9;1;1
CORD_ORD_1897;PROD_10;1;1
CORD_ORD_1897;PROD_12;1;1
CORD_ORD_1897;PROD_16;1;1
CORD_ORD_1897;PROD_18;1;1
CORD_ORD_1897;PROD_2;1;1
CORD_ORD_1897;PROD_20;1;1
CORD_ORD_1897;PROD_21;1;1
CORD_ORD_1897;PROD_35;1;1
CORD_ORD_1897;PROD_39;1;1
CORD_ORD_1897;PROD_4;1;1
CORD_ORD_1897;PROD_41;1;1
CORD_ORD_1897;PROD_8;1;1
CORD_ORD_1898;PROD_15;1;1
CORD_ORD_1898;PROD_17;1;1
CORD_ORD_1898;PROD_18;1;1
CORD_ORD_1898;PROD_2;1;1
CORD_ORD_1898;PROD_22;1;1
CORD_ORD_1898;PROD_23;1;1
CORD_ORD_1898;PROD_25;1;1
CORD_ORD_1898;PROD_30;1;1
CORD_ORD_1898;PROD_31;1;1
CORD_ORD_1898;PROD_32;1;1
CORD_ORD_1898;PROD_34;1;1
CORD_ORD_1898;PROD_40;1;1
CORD_ORD_1898;PROD_41;1;1
CORD_ORD_1898;PROD_43;1;1
CORD_ORD_1898;PROD_45;1;1
CORD_ORD_1898;PROD_47;1;1
CORD_ORD_1898;PROD_48;1;1
CORD_ORD_1898;PROD_49;1;1
CORD_ORD_1898;PROD_5;1;1
CORD_ORD_1898;PROD_50;1;1
CORD_ORD_1898;PROD_7;1;1
CORD_ORD_1899;PROD_12;1;1
CORD_ORD_1899;PROD_19;1;1
CORD_ORD_1899;PROD_21;1;1
CORD_ORD_1899;PROD_24;1;1
CORD_ORD_1899;PROD_33;1;1
CORD_ORD_1899;PROD_37;1;1
CORD_ORD_1899;PROD_4;1;1
CORD_ORD_1899;PROD_42;1;1
CORD_ORD_1899;PROD_44;1;1
CORD_ORD_1900;PROD_10;1;1
CORD_ORD_1900;PROD_11;1;1
CORD_ORD_1900;PROD_16;1;1
CORD_ORD_1900;PROD_19;1;1
CORD_ORD_1900;PROD_20;1;1
CORD_ORD_1900;PROD_23;1;1
CORD_ORD_1900;PROD_27;1;1
CORD_ORD_1900;PROD_29;1;1
CORD_ORD_1900;PROD_33;1;1
CORD_ORD_1900;PROD_35;1;1
CORD_ORD_1900;PROD_39;1;1
CORD_ORD_1900;PROD_44;1;1
CORD_ORD_1900;PROD_45;1;1
CORD_ORD_1900;PROD_8;1;1
CORD_ORD_1901;PROD_10;1;1
CORD_ORD_1901;PROD_11;1;1
CORD_ORD_1901;PROD_14;1;1
CORD_ORD_1901;PROD_16;1;1
CORD_ORD_1901;PROD_17;1;1
CORD_ORD_1901;PROD_27;1;1
CORD_ORD_1901;PROD_28;1;1
CORD_ORD_1901;PROD_29;1;1
CORD_ORD_1901;PROD_31;1;1
CORD_ORD_1901;PROD_32;1;1
CORD_ORD_1901;PROD_43;1;1
CORD_ORD_1901;PROD_47;1;1
CORD_ORD_1901;PROD_48;1;1
CORD_ORD_1901;PROD_8;1;1
CORD_ORD_1901;PROD_9;1;1
CORD_ORD_1902;PROD_1;1;1
CORD_ORD_1902;PROD_12;1;1
CORD_ORD_1902;PROD_13;1;1
CORD_ORD_1902;PROD_17;1;1
CORD_ORD_1902;PROD_21;1;1
CORD_ORD_1902;PROD_26;1;1
CORD_ORD_1902;PROD_3;1;1
CORD_ORD_1902;PROD_31;1;1
CORD_ORD_1902;PROD_36;1;1
CORD_ORD_1902;PROD_38;1;1
CORD_ORD_1902;PROD_4;1;1
CORD_ORD_1902;PROD_46;1;1
CORD_ORD_1902;PROD_48;1;1
CORD_ORD_1902;PROD_6;1;1
CORD_ORD_1903;PROD_1;1;1
CORD_ORD_1903;PROD_10;1;1
CORD_ORD_1903;PROD_15;1;1
CORD_ORD_1903;PROD_16;1;1
CORD_ORD_1903;PROD_18;1;1
CORD_ORD_1903;PROD_19;1;1
CORD_ORD_1903;PROD_2;1;1
CORD_ORD_1903;PROD_22;1;1
CORD_ORD_1903;PROD_24;1;1
CORD_ORD_1903;PROD_25;1;1
CORD_ORD_1903;PROD_3;1;1
CORD_ORD_1903;PROD_33;1;1
CORD_ORD_1903;PROD_34;1;1
CORD_ORD_1903;PROD_36;1;1
CORD_ORD_1903;PROD_37;1;1
CORD_ORD_1903;PROD_41;1;1
CORD_ORD_1903;PROD_42;1;1
CORD_ORD_1903;PROD_44;1;1
CORD_ORD_1903;PROD_49;1;1
CORD_ORD_1903;PROD_50;1;1
CORD_ORD_1903;PROD_8;1;1
CORD_ORD_1904;PROD_11;1;1
CORD_ORD_1904;PROD_12;1;1
CORD_ORD_1904;PROD_14;1;1
CORD_ORD_1904;PROD_15;1;1
CORD_ORD_1904;PROD_19;1;1
CORD_ORD_1904;PROD_20;1;1
CORD_ORD_1904;PROD_21;1;1
CORD_ORD_1904;PROD_27;1;1
CORD_ORD_1904;PROD_28;1;1
CORD_ORD_1904;PROD_29;1;1
CORD_ORD_1904;PROD_30;1;1
CORD_ORD_1904;PROD_33;1;1
CORD_ORD_1904;PROD_34;1;1
CORD_ORD_1904;PROD_35;1;1
CORD_ORD_1904;PROD_39;1;1
CORD_ORD_1904;PROD_4;1;1
CORD_ORD_1904;PROD_40;1;1
CORD_ORD_1904;PROD_44;1;1
CORD_ORD_1904;PROD_49;1;1
CORD_ORD_1904;PROD_9;1;1
CORD_ORD_1905;PROD_1;1;1
CORD_ORD_1905;PROD_10;1;1
CORD_ORD_1905;PROD_13;1;1
CORD_ORD_1905;PROD_15;1;1
CORD_ORD_1905;PROD_16;1;1
CORD_ORD_1905;PROD_17;1;1
CORD_ORD_1905;PROD_22;1;1
CORD_ORD_1905;PROD_24;1;1
CORD_ORD_1905;PROD_25;1;1
CORD_ORD_1905;PROD_26;1;1
CORD_ORD_1905;PROD_3;1;1
CORD_ORD_1905;PROD_31;1;1
CORD_ORD_1905;PROD_34;1;1
CORD_ORD_1905;PROD_36;1;1
CORD_ORD_1905;PROD_37;1;1
CORD_ORD_1905;PROD_38;1;1
CORD_ORD_1905;PROD_42;1;1
CORD_ORD_1905;PROD_46;1;1
CORD_ORD_1905;PROD_48;1;1
CORD_ORD_1905;PROD_49;1;1
CORD_ORD_1905;PROD_50;1;1
CORD_ORD_1905;PROD_6;1;1
CORD_ORD_1905;PROD_8;1;1
CORD_ORD_1906;PROD_1;1;1
CORD_ORD_1906;PROD_11;1;1
CORD_ORD_1906;PROD_17;1;1
CORD_ORD_1906;PROD_18;1;1
CORD_ORD_1906;PROD_2;1;1
CORD_ORD_1906;PROD_24;1;1
CORD_ORD_1906;PROD_26;1;1
CORD_ORD_1906;PROD_27;1;1
CORD_ORD_1906;PROD_29;1;1
CORD_ORD_1906;PROD_3;1;1
CORD_ORD_1906;PROD_31;1;1
CORD_ORD_1906;PROD_36;1;1
CORD_ORD_1906;PROD_37;1;1
CORD_ORD_1906;PROD_41;1;1
CORD_ORD_1906;PROD_42;1;1
CORD_ORD_1906;PROD_46;1;1
CORD_ORD_1906;PROD_48;1;1
CORD_ORD_1906;PROD_6;1;1
CORD_ORD_1907;PROD_1;1;1
CORD_ORD_1907;PROD_14;1;1
CORD_ORD_1907;PROD_17;1;1
CORD_ORD_1907;PROD_18;1;1
CORD_ORD_1907;PROD_19;1;1
CORD_ORD_1907;PROD_2;1;1
CORD_ORD_1907;PROD_24;1;1
CORD_ORD_1907;PROD_26;1;1
CORD_ORD_1907;PROD_28;1;1
CORD_ORD_1907;PROD_3;1;1
CORD_ORD_1907;PROD_31;1;1
CORD_ORD_1907;PROD_33;1;1
CORD_ORD_1907;PROD_36;1;1
CORD_ORD_1907;PROD_37;1;1
CORD_ORD_1907;PROD_41;1;1
CORD_ORD_1907;PROD_42;1;1
CORD_ORD_1907;PROD_44;1;1
CORD_ORD_1907;PROD_46;1;1
CORD_ORD_1907;PROD_48;1;1
CORD_ORD_1907;PROD_6;1;1
CORD_ORD_1907;PROD_9;1;1
CORD_ORD_1908;PROD_11;1;1
CORD_ORD_1908;PROD_12;1;1
CORD_ORD_1908;PROD_14;1;1
CORD_ORD_1908;PROD_15;1;1
CORD_ORD_1908;PROD_17;1;1
CORD_ORD_1908;PROD_21;1;1
CORD_ORD_1908;PROD_27;1;1
CORD_ORD_1908;PROD_28;1;1
CORD_ORD_1908;PROD_29;1;1
CORD_ORD_1908;PROD_30;1;1
CORD_ORD_1908;PROD_31;1;1
CORD_ORD_1908;PROD_32;1;1
CORD_ORD_1908;PROD_34;1;1
CORD_ORD_1908;PROD_4;1;1
CORD_ORD_1908;PROD_40;1;1
CORD_ORD_1908;PROD_43;1;1
CORD_ORD_1908;PROD_47;1;1
CORD_ORD_1908;PROD_48;1;1
CORD_ORD_1908;PROD_49;1;1
CORD_ORD_1908;PROD_9;1;1
CORD_ORD_1909;PROD_10;1;1
CORD_ORD_1909;PROD_13;1;1
CORD_ORD_1909;PROD_15;1;1
CORD_ORD_1909;PROD_16;1;1
CORD_ORD_1909;PROD_18;1;1
CORD_ORD_1909;PROD_19;1;1
CORD_ORD_1909;PROD_2;1;1
CORD_ORD_1909;PROD_23;1;1
CORD_ORD_1909;PROD_24;1;1
CORD_ORD_1909;PROD_32;1;1
CORD_ORD_1909;PROD_33;1;1
CORD_ORD_1909;PROD_34;1;1
CORD_ORD_1909;PROD_37;1;1
CORD_ORD_1909;PROD_38;1;1
CORD_ORD_1909;PROD_41;1;1
CORD_ORD_1909;PROD_42;1;1
CORD_ORD_1909;PROD_43;1;1
CORD_ORD_1909;PROD_44;1;1
CORD_ORD_1909;PROD_45;1;1
CORD_ORD_1909;PROD_47;1;1
CORD_ORD_1909;PROD_49;1;1
CORD_ORD_1909;PROD_8;1;1
CORD_ORD_1910;PROD_10;1;1
CORD_ORD_1910;PROD_12;1;1
CORD_ORD_1910;PROD_16;1;1
CORD_ORD_1910;PROD_17;1;1
CORD_ORD_1910;PROD_19;1;1
CORD_ORD_1910;PROD_21;1;1
CORD_ORD_1910;PROD_22;1;1
CORD_ORD_1910;PROD_25;1;1
CORD_ORD_1910;PROD_31;1;1
CORD_ORD_1910;PROD_33;1;1
CORD_ORD_1910;PROD_4;1;1
CORD_ORD_1910;PROD_44;1;1
CORD_ORD_1910;PROD_48;1;1
CORD_ORD_1910;PROD_50;1;1
CORD_ORD_1910;PROD_8;1;1
CORD_ORD_1911;PROD_10;1;1
CORD_ORD_1911;PROD_11;1;1
CORD_ORD_1911;PROD_12;1;1
CORD_ORD_1911;PROD_13;1;1
CORD_ORD_1911;PROD_16;1;1
CORD_ORD_1911;PROD_21;1;1
CORD_ORD_1911;PROD_22;1;1
CORD_ORD_1911;PROD_25;1;1
CORD_ORD_1911;PROD_27;1;1
CORD_ORD_1911;PROD_29;1;1
CORD_ORD_1911;PROD_38;1;1
CORD_ORD_1911;PROD_4;1;1
CORD_ORD_1911;PROD_50;1;1
CORD_ORD_1911;PROD_8;1;1
CORD_ORD_1912;PROD_1;1;1
CORD_ORD_1912;PROD_10;1;1
CORD_ORD_1912;PROD_11;1;1
CORD_ORD_1912;PROD_16;1;1
CORD_ORD_1912;PROD_17;1;1
CORD_ORD_1912;PROD_22;1;1
CORD_ORD_1912;PROD_25;1;1
CORD_ORD_1912;PROD_26;1;1
CORD_ORD_1912;PROD_27;1;1
CORD_ORD_1912;PROD_29;1;1
CORD_ORD_1912;PROD_3;1;1
CORD_ORD_1912;PROD_31;1;1
CORD_ORD_1912;PROD_32;1;1
CORD_ORD_1912;PROD_36;1;1
CORD_ORD_1912;PROD_43;1;1
CORD_ORD_1912;PROD_46;1;1
CORD_ORD_1912;PROD_47;1;1
CORD_ORD_1912;PROD_48;1;1
CORD_ORD_1912;PROD_50;1;1
CORD_ORD_1912;PROD_6;1;1
CORD_ORD_1912;PROD_8;1;1
CORD_ORD_1913;PROD_11;1;1
CORD_ORD_1913;PROD_12;1;1
CORD_ORD_1913;PROD_13;1;1
CORD_ORD_1913;PROD_14;1;1
CORD_ORD_1913;PROD_15;1;1
CORD_ORD_1913;PROD_19;1;1
CORD_ORD_1913;PROD_20;1;1
CORD_ORD_1913;PROD_21;1;1
CORD_ORD_1913;PROD_22;1;1
CORD_ORD_1913;PROD_25;1;1
CORD_ORD_1913;PROD_26;1;1
CORD_ORD_1913;PROD_27;1;1
CORD_ORD_1913;PROD_28;1;1
CORD_ORD_1913;PROD_29;1;1
CORD_ORD_1913;PROD_30;1;1
CORD_ORD_1913;PROD_33;1;1
CORD_ORD_1913;PROD_34;1;1
CORD_ORD_1913;PROD_35;1;1
CORD_ORD_1913;PROD_38;1;1
CORD_ORD_1913;PROD_39;1;1
CORD_ORD_1913;PROD_4;1;1
CORD_ORD_1913;PROD_40;1;1
CORD_ORD_1913;PROD_44;1;1
CORD_ORD_1913;PROD_46;1;1
CORD_ORD_1913;PROD_49;1;1
CORD_ORD_1913;PROD_5;1;1
CORD_ORD_1913;PROD_50;1;1
CORD_ORD_1913;PROD_6;1;1
CORD_ORD_1913;PROD_7;1;1
CORD_ORD_1913;PROD_9;1;1
CORD_ORD_1914;PROD_1;1;1
CORD_ORD_1914;PROD_11;1;1
CORD_ORD_1914;PROD_27;1;1
CORD_ORD_1914;PROD_29;1;1
CORD_ORD_1914;PROD_3;1;1
CORD_ORD_1914;PROD_32;1;1
CORD_ORD_1914;PROD_36;1;1
CORD_ORD_1914;PROD_43;1;1
CORD_ORD_1914;PROD_47;1;1
CORD_ORD_1915;PROD_14;1;1
CORD_ORD_1915;PROD_17;1;1
CORD_ORD_1915;PROD_22;1;1
CORD_ORD_1915;PROD_24;1;1
CORD_ORD_1915;PROD_25;1;1
CORD_ORD_1915;PROD_28;1;1
CORD_ORD_1915;PROD_31;1;1
CORD_ORD_1915;PROD_37;1;1
CORD_ORD_1915;PROD_42;1;1
CORD_ORD_1915;PROD_48;1;1
CORD_ORD_1915;PROD_50;1;1
CORD_ORD_1915;PROD_9;1;1
CORD_ORD_1916;PROD_1;1;1
CORD_ORD_1916;PROD_10;1;1
CORD_ORD_1916;PROD_11;1;1
CORD_ORD_1916;PROD_13;1;1
CORD_ORD_1916;PROD_15;1;1
CORD_ORD_1916;PROD_16;1;1
CORD_ORD_1916;PROD_17;1;1
CORD_ORD_1916;PROD_19;1;1
CORD_ORD_1916;PROD_23;1;1
CORD_ORD_1916;PROD_24;1;1
CORD_ORD_1916;PROD_27;1;1
CORD_ORD_1916;PROD_29;1;1
CORD_ORD_1916;PROD_3;1;1
CORD_ORD_1916;PROD_31;1;1
CORD_ORD_1916;PROD_33;1;1
CORD_ORD_1916;PROD_34;1;1
CORD_ORD_1916;PROD_36;1;1
CORD_ORD_1916;PROD_37;1;1
CORD_ORD_1916;PROD_38;1;1
CORD_ORD_1916;PROD_42;1;1
CORD_ORD_1916;PROD_44;1;1
CORD_ORD_1916;PROD_45;1;1
CORD_ORD_1916;PROD_48;1;1
CORD_ORD_1916;PROD_49;1;1
CORD_ORD_1916;PROD_8;1;1
CORD_ORD_1917;PROD_11;1;1
CORD_ORD_1917;PROD_13;1;1
CORD_ORD_1917;PROD_14;1;1
CORD_ORD_1917;PROD_15;1;1
CORD_ORD_1917;PROD_18;1;1
CORD_ORD_1917;PROD_2;1;1
CORD_ORD_1917;PROD_22;1;1
CORD_ORD_1917;PROD_24;1;1
CORD_ORD_1917;PROD_25;1;1
CORD_ORD_1917;PROD_26;1;1
CORD_ORD_1917;PROD_27;1;1
CORD_ORD_1917;PROD_28;1;1
CORD_ORD_1917;PROD_29;1;1
CORD_ORD_1917;PROD_34;1;1
CORD_ORD_1917;PROD_37;1;1
CORD_ORD_1917;PROD_38;1;1
CORD_ORD_1917;PROD_41;1;1
CORD_ORD_1917;PROD_42;1;1
CORD_ORD_1917;PROD_46;1;1
CORD_ORD_1917;PROD_49;1;1
CORD_ORD_1917;PROD_50;1;1
CORD_ORD_1917;PROD_6;1;1
CORD_ORD_1917;PROD_9;1;1
CORD_ORD_1918;PROD_10;1;1
CORD_ORD_1918;PROD_11;1;1
CORD_ORD_1918;PROD_13;1;1
CORD_ORD_1918;PROD_14;1;1
CORD_ORD_1918;PROD_16;1;1
CORD_ORD_1918;PROD_19;1;1
CORD_ORD_1918;PROD_22;1;1
CORD_ORD_1918;PROD_23;1;1
CORD_ORD_1918;PROD_24;1;1
CORD_ORD_1918;PROD_25;1;1
CORD_ORD_1918;PROD_27;1;1
CORD_ORD_1918;PROD_28;1;1
CORD_ORD_1918;PROD_29;1;1
CORD_ORD_1918;PROD_32;1;1
CORD_ORD_1918;PROD_33;1;1
CORD_ORD_1918;PROD_37;1;1
CORD_ORD_1918;PROD_38;1;1
CORD_ORD_1918;PROD_42;1;1
CORD_ORD_1918;PROD_43;1;1
CORD_ORD_1918;PROD_44;1;1
CORD_ORD_1918;PROD_45;1;1
CORD_ORD_1918;PROD_47;1;1
CORD_ORD_1918;PROD_50;1;1
CORD_ORD_1918;PROD_8;1;1
CORD_ORD_1918;PROD_9;1;1
CORD_ORD_1919;PROD_1;1;1
CORD_ORD_1919;PROD_13;1;1
CORD_ORD_1919;PROD_17;1;1
CORD_ORD_1919;PROD_20;1;1
CORD_ORD_1919;PROD_24;1;1
CORD_ORD_1919;PROD_3;1;1
CORD_ORD_1919;PROD_30;1;1
CORD_ORD_1919;PROD_31;1;1
CORD_ORD_1919;PROD_35;1;1
CORD_ORD_1919;PROD_36;1;1
CORD_ORD_1919;PROD_37;1;1
CORD_ORD_1919;PROD_38;1;1
CORD_ORD_1919;PROD_39;1;1
CORD_ORD_1919;PROD_40;1;1
CORD_ORD_1919;PROD_42;1;1
CORD_ORD_1919;PROD_48;1;1
CORD_ORD_1920;PROD_10;1;1
CORD_ORD_1920;PROD_14;1;1
CORD_ORD_1920;PROD_15;1;1
CORD_ORD_1920;PROD_16;1;1
CORD_ORD_1920;PROD_18;1;1
CORD_ORD_1920;PROD_2;1;1
CORD_ORD_1920;PROD_20;1;1
CORD_ORD_1920;PROD_24;1;1
CORD_ORD_1920;PROD_26;1;1
CORD_ORD_1920;PROD_28;1;1
CORD_ORD_1920;PROD_32;1;1
CORD_ORD_1920;PROD_34;1;1
CORD_ORD_1920;PROD_35;1;1
CORD_ORD_1920;PROD_37;1;1
CORD_ORD_1920;PROD_39;1;1
CORD_ORD_1920;PROD_41;1;1
CORD_ORD_1920;PROD_42;1;1
CORD_ORD_1920;PROD_43;1;1
CORD_ORD_1920;PROD_46;1;1
CORD_ORD_1920;PROD_47;1;1
CORD_ORD_1920;PROD_49;1;1
CORD_ORD_1920;PROD_6;1;1
CORD_ORD_1920;PROD_8;1;1
CORD_ORD_1920;PROD_9;1;1
CORD_ORD_1921;PROD_1;1;1
CORD_ORD_1921;PROD_12;1;1
CORD_ORD_1921;PROD_13;1;1
CORD_ORD_1921;PROD_17;1;1
CORD_ORD_1921;PROD_19;1;1
CORD_ORD_1921;PROD_20;1;1
CORD_ORD_1921;PROD_21;1;1
CORD_ORD_1921;PROD_22;1;1
CORD_ORD_1921;PROD_24;1;1
CORD_ORD_1921;PROD_25;1;1
CORD_ORD_1921;PROD_3;1;1
CORD_ORD_1921;PROD_31;1;1
CORD_ORD_1921;PROD_33;1;1
CORD_ORD_1921;PROD_35;1;1
CORD_ORD_1921;PROD_36;1;1
CORD_ORD_1921;PROD_37;1;1
CORD_ORD_1921;PROD_38;1;1
CORD_ORD_1921;PROD_39;1;1
CORD_ORD_1921;PROD_4;1;1
CORD_ORD_1921;PROD_42;1;1
CORD_ORD_1921;PROD_44;1;1
CORD_ORD_1921;PROD_48;1;1
CORD_ORD_1921;PROD_50;1;1
CORD_ORD_1922;PROD_10;1;1
CORD_ORD_1922;PROD_11;1;1
CORD_ORD_1922;PROD_16;1;1
CORD_ORD_1922;PROD_19;1;1
CORD_ORD_1922;PROD_22;1;1
CORD_ORD_1922;PROD_24;1;1
CORD_ORD_1922;PROD_25;1;1
CORD_ORD_1922;PROD_27;1;1
CORD_ORD_1922;PROD_29;1;1
CORD_ORD_1922;PROD_33;1;1
CORD_ORD_1922;PROD_37;1;1
CORD_ORD_1922;PROD_42;1;1
CORD_ORD_1922;PROD_44;1;1
CORD_ORD_1922;PROD_50;1;1
CORD_ORD_1922;PROD_8;1;1
CORD_ORD_1923;PROD_1;1;1
CORD_ORD_1923;PROD_10;1;1
CORD_ORD_1923;PROD_11;1;1
CORD_ORD_1923;PROD_16;1;1
CORD_ORD_1923;PROD_19;1;1
CORD_ORD_1923;PROD_23;1;1
CORD_ORD_1923;PROD_26;1;1
CORD_ORD_1923;PROD_27;1;1
CORD_ORD_1923;PROD_29;1;1
CORD_ORD_1923;PROD_3;1;1
CORD_ORD_1923;PROD_33;1;1
CORD_ORD_1923;PROD_36;1;1
CORD_ORD_1923;PROD_44;1;1
CORD_ORD_1923;PROD_45;1;1
CORD_ORD_1923;PROD_46;1;1
CORD_ORD_1923;PROD_6;1;1
CORD_ORD_1923;PROD_8;1;1
CORD_ORD_1924;PROD_12;1;1
CORD_ORD_1924;PROD_14;1;1
CORD_ORD_1924;PROD_21;1;1
CORD_ORD_1924;PROD_23;1;1
CORD_ORD_1924;PROD_28;1;1
CORD_ORD_1924;PROD_32;1;1
CORD_ORD_1924;PROD_4;1;1
CORD_ORD_1924;PROD_43;1;1
CORD_ORD_1924;PROD_45;1;1
CORD_ORD_1924;PROD_47;1;1
CORD_ORD_1924;PROD_9;1;1
CORD_ORD_1925;PROD_1;1;1
CORD_ORD_1925;PROD_18;1;1
CORD_ORD_1925;PROD_2;1;1
CORD_ORD_1925;PROD_22;1;1
CORD_ORD_1925;PROD_24;1;1
CORD_ORD_1925;PROD_25;1;1
CORD_ORD_1925;PROD_26;1;1
CORD_ORD_1925;PROD_3;1;1
CORD_ORD_1925;PROD_36;1;1
CORD_ORD_1925;PROD_37;1;1
CORD_ORD_1925;PROD_41;1;1
CORD_ORD_1925;PROD_42;1;1
CORD_ORD_1925;PROD_46;1;1
CORD_ORD_1925;PROD_50;1;1
CORD_ORD_1925;PROD_6;1;1
CORD_ORD_1926;PROD_1;1;1
CORD_ORD_1926;PROD_11;1;1
CORD_ORD_1926;PROD_19;1;1
CORD_ORD_1926;PROD_22;1;1
CORD_ORD_1926;PROD_25;1;1
CORD_ORD_1926;PROD_27;1;1
CORD_ORD_1926;PROD_29;1;1
CORD_ORD_1926;PROD_3;1;1
CORD_ORD_1926;PROD_32;1;1
CORD_ORD_1926;PROD_33;1;1
CORD_ORD_1926;PROD_36;1;1
CORD_ORD_1926;PROD_43;1;1
CORD_ORD_1926;PROD_44;1;1
CORD_ORD_1926;PROD_47;1;1
CORD_ORD_1926;PROD_50;1;1
CORD_ORD_1927;PROD_10;1;1
CORD_ORD_1927;PROD_13;1;1
CORD_ORD_1927;PROD_15;1;1
CORD_ORD_1927;PROD_16;1;1
CORD_ORD_1927;PROD_34;1;1
CORD_ORD_1927;PROD_38;1;1
CORD_ORD_1927;PROD_49;1;1
CORD_ORD_1927;PROD_8;1;1
CORD_ORD_1928;PROD_1;1;1
CORD_ORD_1928;PROD_10;1;1
CORD_ORD_1928;PROD_13;1;1
CORD_ORD_1928;PROD_15;1;1
CORD_ORD_1928;PROD_16;1;1
CORD_ORD_1928;PROD_26;1;1
CORD_ORD_1928;PROD_3;1;1
CORD_ORD_1928;PROD_30;1;1
CORD_ORD_1928;PROD_34;1;1
CORD_ORD_1928;PROD_36;1;1
CORD_ORD_1928;PROD_38;1;1
CORD_ORD_1928;PROD_40;1;1
CORD_ORD_1928;PROD_46;1;1
CORD_ORD_1928;PROD_49;1;1
CORD_ORD_1928;PROD_6;1;1
CORD_ORD_1928;PROD_8;1;1
CORD_ORD_1929;PROD_1;1;1
CORD_ORD_1929;PROD_13;1;1
CORD_ORD_1929;PROD_14;1;1
CORD_ORD_1929;PROD_17;1;1
CORD_ORD_1929;PROD_18;1;1
CORD_ORD_1929;PROD_2;1;1
CORD_ORD_1929;PROD_28;1;1
CORD_ORD_1929;PROD_3;1;1
CORD_ORD_1929;PROD_31;1;1
CORD_ORD_1929;PROD_32;1;1
CORD_ORD_1929;PROD_36;1;1
CORD_ORD_1929;PROD_38;1;1
CORD_ORD_1929;PROD_41;1;1
CORD_ORD_1929;PROD_43;1;1
CORD_ORD_1929;PROD_47;1;1
CORD_ORD_1929;PROD_48;1;1
CORD_ORD_1929;PROD_9;1;1
CORD_ORD_1930;PROD_1;1;1
CORD_ORD_1930;PROD_10;1;1
CORD_ORD_1930;PROD_11;1;1
CORD_ORD_1930;PROD_12;1;1
CORD_ORD_1930;PROD_13;1;1
CORD_ORD_1930;PROD_14;1;1
CORD_ORD_1930;PROD_15;1;1
CORD_ORD_1930;PROD_16;1;1
CORD_ORD_1930;PROD_17;1;1
CORD_ORD_1930;PROD_21;1;1
CORD_ORD_1930;PROD_27;1;1
CORD_ORD_1930;PROD_28;1;1
CORD_ORD_1930;PROD_29;1;1
CORD_ORD_1930;PROD_3;1;1
CORD_ORD_1930;PROD_31;1;1
CORD_ORD_1930;PROD_34;1;1
CORD_ORD_1930;PROD_36;1;1
CORD_ORD_1930;PROD_38;1;1
CORD_ORD_1930;PROD_4;1;1
CORD_ORD_1930;PROD_48;1;1
CORD_ORD_1930;PROD_49;1;1
CORD_ORD_1930;PROD_8;1;1
CORD_ORD_1930;PROD_9;1;1
CORD_ORD_1931;PROD_1;1;1
CORD_ORD_1931;PROD_10;1;1
CORD_ORD_1931;PROD_11;1;1
CORD_ORD_1931;PROD_16;1;1
CORD_ORD_1931;PROD_26;1;1
CORD_ORD_1931;PROD_27;1;1
CORD_ORD_1931;PROD_29;1;1
CORD_ORD_1931;PROD_3;1;1
CORD_ORD_1931;PROD_36;1;1
CORD_ORD_1931;PROD_46;1;1
CORD_ORD_1931;PROD_6;1;1
CORD_ORD_1931;PROD_8;1;1
CORD_ORD_1932;PROD_11;1;1
CORD_ORD_1932;PROD_19;1;1
CORD_ORD_1932;PROD_23;1;1
CORD_ORD_1932;PROD_27;1;1
CORD_ORD_1932;PROD_29;1;1
CORD_ORD_1932;PROD_33;1;1
CORD_ORD_1932;PROD_44;1;1
CORD_ORD_1932;PROD_45;1;1
CORD_ORD_1933;PROD_10;1;1
CORD_ORD_1933;PROD_11;1;1
CORD_ORD_1933;PROD_15;1;1
CORD_ORD_1933;PROD_16;1;1
CORD_ORD_1933;PROD_17;1;1
CORD_ORD_1933;PROD_18;1;1
CORD_ORD_1933;PROD_19;1;1
CORD_ORD_1933;PROD_2;1;1
CORD_ORD_1933;PROD_20;1;1
CORD_ORD_1933;PROD_22;1;1
CORD_ORD_1933;PROD_25;1;1
CORD_ORD_1933;PROD_26;1;1
CORD_ORD_1933;PROD_27;1;1
CORD_ORD_1933;PROD_29;1;1
CORD_ORD_1933;PROD_31;1;1
CORD_ORD_1933;PROD_33;1;1
CORD_ORD_1933;PROD_34;1;1
CORD_ORD_1933;PROD_35;1;1
CORD_ORD_1933;PROD_39;1;1
CORD_ORD_1933;PROD_41;1;1
CORD_ORD_1933;PROD_44;1;1
CORD_ORD_1933;PROD_46;1;1
CORD_ORD_1933;PROD_48;1;1
CORD_ORD_1933;PROD_49;1;1
CORD_ORD_1933;PROD_50;1;1
CORD_ORD_1933;PROD_6;1;1
CORD_ORD_1933;PROD_8;1;1
CORD_ORD_1934;PROD_1;1;1
CORD_ORD_1934;PROD_10;1;1
CORD_ORD_1934;PROD_12;1;1
CORD_ORD_1934;PROD_14;1;1
CORD_ORD_1934;PROD_16;1;1
CORD_ORD_1934;PROD_17;1;1
CORD_ORD_1934;PROD_20;1;1
CORD_ORD_1934;PROD_21;1;1
CORD_ORD_1934;PROD_22;1;1
CORD_ORD_1934;PROD_24;1;1
CORD_ORD_1934;PROD_25;1;1
CORD_ORD_1934;PROD_26;1;1
CORD_ORD_1934;PROD_28;1;1
CORD_ORD_1934;PROD_3;1;1
CORD_ORD_1934;PROD_30;1;1
CORD_ORD_1934;PROD_31;1;1
CORD_ORD_1934;PROD_35;1;1
CORD_ORD_1934;PROD_36;1;1
CORD_ORD_1934;PROD_37;1;1
CORD_ORD_1934;PROD_39;1;1
CORD_ORD_1934;PROD_4;1;1
CORD_ORD_1934;PROD_40;1;1
CORD_ORD_1934;PROD_42;1;1
CORD_ORD_1934;PROD_46;1;1
CORD_ORD_1934;PROD_48;1;1
CORD_ORD_1934;PROD_50;1;1
CORD_ORD_1934;PROD_6;1;1
CORD_ORD_1934;PROD_8;1;1
CORD_ORD_1934;PROD_9;1;1
CORD_ORD_1935;PROD_1;1;1
CORD_ORD_1935;PROD_12;1;1
CORD_ORD_1935;PROD_13;1;1
CORD_ORD_1935;PROD_14;1;1
CORD_ORD_1935;PROD_15;1;1
CORD_ORD_1935;PROD_17;1;1
CORD_ORD_1935;PROD_18;1;1
CORD_ORD_1935;PROD_19;1;1
CORD_ORD_1935;PROD_2;1;1
CORD_ORD_1935;PROD_20;1;1
CORD_ORD_1935;PROD_21;1;1
CORD_ORD_1935;PROD_28;1;1
CORD_ORD_1935;PROD_3;1;1
CORD_ORD_1935;PROD_31;1;1
CORD_ORD_1935;PROD_33;1;1
CORD_ORD_1935;PROD_34;1;1
CORD_ORD_1935;PROD_35;1;1
CORD_ORD_1935;PROD_36;1;1
CORD_ORD_1935;PROD_38;1;1
CORD_ORD_1935;PROD_39;1;1
CORD_ORD_1935;PROD_4;1;1
CORD_ORD_1935;PROD_41;1;1
CORD_ORD_1935;PROD_44;1;1
CORD_ORD_1935;PROD_48;1;1
CORD_ORD_1935;PROD_49;1;1
CORD_ORD_1935;PROD_5;1;1
CORD_ORD_1935;PROD_7;1;1
CORD_ORD_1935;PROD_9;1;1
CORD_ORD_1936;PROD_1;1;1
CORD_ORD_1936;PROD_10;1;1
CORD_ORD_1936;PROD_13;1;1
CORD_ORD_1936;PROD_15;1;1
CORD_ORD_1936;PROD_16;1;1
CORD_ORD_1936;PROD_17;1;1
CORD_ORD_1936;PROD_20;1;1
CORD_ORD_1936;PROD_22;1;1
CORD_ORD_1936;PROD_25;1;1
CORD_ORD_1936;PROD_26;1;1
CORD_ORD_1936;PROD_3;1;1
CORD_ORD_1936;PROD_31;1;1
CORD_ORD_1936;PROD_34;1;1
CORD_ORD_1936;PROD_35;1;1
CORD_ORD_1936;PROD_36;1;1
CORD_ORD_1936;PROD_38;1;1
CORD_ORD_1936;PROD_39;1;1
CORD_ORD_1936;PROD_46;1;1
CORD_ORD_1936;PROD_48;1;1
CORD_ORD_1936;PROD_49;1;1
CORD_ORD_1936;PROD_50;1;1
CORD_ORD_1936;PROD_6;1;1
CORD_ORD_1936;PROD_8;1;1
CORD_ORD_1937;PROD_10;1;1
CORD_ORD_1937;PROD_13;1;1
CORD_ORD_1937;PROD_14;1;1
CORD_ORD_1937;PROD_15;1;1
CORD_ORD_1937;PROD_16;1;1
CORD_ORD_1937;PROD_17;1;1
CORD_ORD_1937;PROD_19;1;1
CORD_ORD_1937;PROD_24;1;1
CORD_ORD_1937;PROD_26;1;1
CORD_ORD_1937;PROD_28;1;1
CORD_ORD_1937;PROD_30;1;1
CORD_ORD_1937;PROD_31;1;1
CORD_ORD_1937;PROD_33;1;1
CORD_ORD_1937;PROD_34;1;1
CORD_ORD_1937;PROD_37;1;1
CORD_ORD_1937;PROD_38;1;1
CORD_ORD_1937;PROD_40;1;1
CORD_ORD_1937;PROD_42;1;1
CORD_ORD_1937;PROD_44;1;1
CORD_ORD_1937;PROD_46;1;1
CORD_ORD_1937;PROD_48;1;1
CORD_ORD_1937;PROD_49;1;1
CORD_ORD_1937;PROD_6;1;1
CORD_ORD_1937;PROD_8;1;1
CORD_ORD_1937;PROD_9;1;1
CORD_ORD_1938;PROD_10;1;1
CORD_ORD_1938;PROD_14;1;1
CORD_ORD_1938;PROD_15;1;1
CORD_ORD_1938;PROD_16;1;1
CORD_ORD_1938;PROD_18;1;1
CORD_ORD_1938;PROD_2;1;1
CORD_ORD_1938;PROD_20;1;1
CORD_ORD_1938;PROD_23;1;1
CORD_ORD_1938;PROD_24;1;1
CORD_ORD_1938;PROD_28;1;1
CORD_ORD_1938;PROD_30;1;1
CORD_ORD_1938;PROD_32;1;1
CORD_ORD_1938;PROD_34;1;1
CORD_ORD_1938;PROD_35;1;1
CORD_ORD_1938;PROD_37;1;1
CORD_ORD_1938;PROD_39;1;1
CORD_ORD_1938;PROD_40;1;1
CORD_ORD_1938;PROD_41;1;1
CORD_ORD_1938;PROD_42;1;1
CORD_ORD_1938;PROD_43;1;1
CORD_ORD_1938;PROD_45;1;1
CORD_ORD_1938;PROD_47;1;1
CORD_ORD_1938;PROD_49;1;1
CORD_ORD_1938;PROD_5;1;1
CORD_ORD_1938;PROD_7;1;1
CORD_ORD_1938;PROD_8;1;1
CORD_ORD_1938;PROD_9;1;1
CORD_ORD_1939;PROD_10;1;1
CORD_ORD_1939;PROD_13;1;1
CORD_ORD_1939;PROD_14;1;1
CORD_ORD_1939;PROD_15;1;1
CORD_ORD_1939;PROD_16;1;1
CORD_ORD_1939;PROD_17;1;1
CORD_ORD_1939;PROD_20;1;1
CORD_ORD_1939;PROD_22;1;1
CORD_ORD_1939;PROD_24;1;1
CORD_ORD_1939;PROD_25;1;1
CORD_ORD_1939;PROD_28;1;1
CORD_ORD_1939;PROD_31;1;1
CORD_ORD_1939;PROD_34;1;1
CORD_ORD_1939;PROD_35;1;1
CORD_ORD_1939;PROD_37;1;1
CORD_ORD_1939;PROD_38;1;1
CORD_ORD_1939;PROD_39;1;1
CORD_ORD_1939;PROD_42;1;1
CORD_ORD_1939;PROD_48;1;1
CORD_ORD_1939;PROD_49;1;1
CORD_ORD_1939;PROD_50;1;1
CORD_ORD_1939;PROD_8;1;1
CORD_ORD_1939;PROD_9;1;1
CORD_ORD_1940;PROD_1;1;1
CORD_ORD_1940;PROD_10;1;1
CORD_ORD_1940;PROD_11;1;1
CORD_ORD_1940;PROD_14;1;1
CORD_ORD_1940;PROD_15;1;1
CORD_ORD_1940;PROD_16;1;1
CORD_ORD_1940;PROD_18;1;1
CORD_ORD_1940;PROD_19;1;1
CORD_ORD_1940;PROD_2;1;1
CORD_ORD_1940;PROD_20;1;1
CORD_ORD_1940;PROD_22;1;1
CORD_ORD_1940;PROD_24;1;1
CORD_ORD_1940;PROD_25;1;1
CORD_ORD_1940;PROD_26;1;1
CORD_ORD_1940;PROD_27;1;1
CORD_ORD_1940;PROD_28;1;1
CORD_ORD_1940;PROD_29;1;1
CORD_ORD_1940;PROD_3;1;1
CORD_ORD_1940;PROD_32;1;1
CORD_ORD_1940;PROD_33;1;1
CORD_ORD_1940;PROD_34;1;1
CORD_ORD_1940;PROD_35;1;1
CORD_ORD_1940;PROD_36;1;1
CORD_ORD_1940;PROD_37;1;1
CORD_ORD_1940;PROD_39;1;1
CORD_ORD_1940;PROD_41;1;1
CORD_ORD_1940;PROD_42;1;1
CORD_ORD_1940;PROD_43;1;1
CORD_ORD_1940;PROD_44;1;1
CORD_ORD_1940;PROD_46;1;1
CORD_ORD_1940;PROD_47;1;1
CORD_ORD_1940;PROD_49;1;1
CORD_ORD_1940;PROD_50;1;1
CORD_ORD_1940;PROD_6;1;1
CORD_ORD_1940;PROD_8;1;1
CORD_ORD_1940;PROD_9;1;1
CORD_ORD_1941;PROD_1;1;1
CORD_ORD_1941;PROD_10;1;1
CORD_ORD_1941;PROD_11;1;1
CORD_ORD_1941;PROD_14;1;1
CORD_ORD_1941;PROD_15;1;1
CORD_ORD_1941;PROD_16;1;1
CORD_ORD_1941;PROD_18;1;1
CORD_ORD_1941;PROD_2;1;1
CORD_ORD_1941;PROD_22;1;1
CORD_ORD_1941;PROD_24;1;1
CORD_ORD_1941;PROD_25;1;1
CORD_ORD_1941;PROD_26;1;1
CORD_ORD_1941;PROD_27;1;1
CORD_ORD_1941;PROD_28;1;1
CORD_ORD_1941;PROD_29;1;1
CORD_ORD_1941;PROD_3;1;1
CORD_ORD_1941;PROD_32;1;1
CORD_ORD_1941;PROD_34;1;1
CORD_ORD_1941;PROD_36;1;1
CORD_ORD_1941;PROD_37;1;1
CORD_ORD_1941;PROD_41;1;1
CORD_ORD_1941;PROD_42;1;1
CORD_ORD_1941;PROD_43;1;1
CORD_ORD_1941;PROD_46;1;1
CORD_ORD_1941;PROD_47;1;1
CORD_ORD_1941;PROD_49;1;1
CORD_ORD_1941;PROD_50;1;1
CORD_ORD_1941;PROD_6;1;1
CORD_ORD_1941;PROD_8;1;1
CORD_ORD_1941;PROD_9;1;1
CORD_ORD_1942;PROD_1;1;1
CORD_ORD_1942;PROD_14;1;1
CORD_ORD_1942;PROD_18;1;1
CORD_ORD_1942;PROD_2;1;1
CORD_ORD_1942;PROD_22;1;1
CORD_ORD_1942;PROD_24;1;1
CORD_ORD_1942;PROD_25;1;1
CORD_ORD_1942;PROD_26;1;1
CORD_ORD_1942;PROD_28;1;1
CORD_ORD_1942;PROD_3;1;1
CORD_ORD_1942;PROD_36;1;1
CORD_ORD_1942;PROD_37;1;1
CORD_ORD_1942;PROD_41;1;1
CORD_ORD_1942;PROD_42;1;1
CORD_ORD_1942;PROD_46;1;1
CORD_ORD_1942;PROD_5;1;1
CORD_ORD_1942;PROD_50;1;1
CORD_ORD_1942;PROD_6;1;1
CORD_ORD_1942;PROD_7;1;1
CORD_ORD_1942;PROD_9;1;1
CORD_ORD_1943;PROD_10;1;1
CORD_ORD_1943;PROD_12;1;1
CORD_ORD_1943;PROD_16;1;1
CORD_ORD_1943;PROD_17;1;1
CORD_ORD_1943;PROD_18;1;1
CORD_ORD_1943;PROD_19;1;1
CORD_ORD_1943;PROD_2;1;1
CORD_ORD_1943;PROD_21;1;1
CORD_ORD_1943;PROD_24;1;1
CORD_ORD_1943;PROD_26;1;1
CORD_ORD_1943;PROD_31;1;1
CORD_ORD_1943;PROD_33;1;1
CORD_ORD_1943;PROD_37;1;1
CORD_ORD_1943;PROD_4;1;1
CORD_ORD_1943;PROD_41;1;1
CORD_ORD_1943;PROD_42;1;1
CORD_ORD_1943;PROD_44;1;1
CORD_ORD_1943;PROD_46;1;1
CORD_ORD_1943;PROD_48;1;1
CORD_ORD_1943;PROD_6;1;1
CORD_ORD_1943;PROD_8;1;1
CORD_ORD_1944;PROD_1;1;1
CORD_ORD_1944;PROD_10;1;1
CORD_ORD_1944;PROD_11;1;1
CORD_ORD_1944;PROD_12;1;1
CORD_ORD_1944;PROD_16;1;1
CORD_ORD_1944;PROD_17;1;1
CORD_ORD_1944;PROD_19;1;1
CORD_ORD_1944;PROD_21;1;1
CORD_ORD_1944;PROD_22;1;1
CORD_ORD_1944;PROD_23;1;1
CORD_ORD_1944;PROD_24;1;1
CORD_ORD_1944;PROD_25;1;1
CORD_ORD_1944;PROD_27;1;1
CORD_ORD_1944;PROD_29;1;1
CORD_ORD_1944;PROD_3;1;1
CORD_ORD_1944;PROD_31;1;1
CORD_ORD_1944;PROD_32;1;1
CORD_ORD_1944;PROD_33;1;1
CORD_ORD_1944;PROD_36;1;1
CORD_ORD_1944;PROD_37;1;1
CORD_ORD_1944;PROD_4;1;1
CORD_ORD_1944;PROD_42;1;1
CORD_ORD_1944;PROD_43;1;1
CORD_ORD_1944;PROD_44;1;1
CORD_ORD_1944;PROD_45;1;1
CORD_ORD_1944;PROD_47;1;1
CORD_ORD_1944;PROD_48;1;1
CORD_ORD_1944;PROD_50;1;1
CORD_ORD_1944;PROD_8;1;1
CORD_ORD_1945;PROD_1;1;1
CORD_ORD_1945;PROD_10;1;1
CORD_ORD_1945;PROD_11;1;1
CORD_ORD_1945;PROD_12;1;1
CORD_ORD_1945;PROD_14;1;1
CORD_ORD_1945;PROD_16;1;1
CORD_ORD_1945;PROD_18;1;1
CORD_ORD_1945;PROD_2;1;1
CORD_ORD_1945;PROD_20;1;1
CORD_ORD_1945;PROD_21;1;1
CORD_ORD_1945;PROD_22;1;1
CORD_ORD_1945;PROD_24;1;1
CORD_ORD_1945;PROD_25;1;1
CORD_ORD_1945;PROD_26;1;1
CORD_ORD_1945;PROD_27;1;1
CORD_ORD_1945;PROD_28;1;1
CORD_ORD_1945;PROD_29;1;1
CORD_ORD_1945;PROD_3;1;1
CORD_ORD_1945;PROD_35;1;1
CORD_ORD_1945;PROD_36;1;1
CORD_ORD_1945;PROD_37;1;1
CORD_ORD_1945;PROD_39;1;1
CORD_ORD_1945;PROD_4;1;1
CORD_ORD_1945;PROD_41;1;1
CORD_ORD_1945;PROD_42;1;1
CORD_ORD_1945;PROD_46;1;1
CORD_ORD_1945;PROD_50;1;1
CORD_ORD_1945;PROD_6;1;1
CORD_ORD_1945;PROD_8;1;1
CORD_ORD_1945;PROD_9;1;1
CORD_ORD_1946;PROD_1;1;1
CORD_ORD_1946;PROD_15;1;1
CORD_ORD_1946;PROD_17;1;1
CORD_ORD_1946;PROD_18;1;1
CORD_ORD_1946;PROD_2;1;1
CORD_ORD_1946;PROD_22;1;1
CORD_ORD_1946;PROD_24;1;1
CORD_ORD_1946;PROD_25;1;1
CORD_ORD_1946;PROD_26;1;1
CORD_ORD_1946;PROD_3;1;1
CORD_ORD_1946;PROD_31;1;1
CORD_ORD_1946;PROD_34;1;1
CORD_ORD_1946;PROD_36;1;1
CORD_ORD_1946;PROD_37;1;1
CORD_ORD_1946;PROD_41;1;1
CORD_ORD_1946;PROD_42;1;1
CORD_ORD_1946;PROD_46;1;1
CORD_ORD_1946;PROD_48;1;1
CORD_ORD_1946;PROD_49;1;1
CORD_ORD_1946;PROD_50;1;1
CORD_ORD_1946;PROD_6;1;1
CORD_ORD_1947;PROD_1;1;1
CORD_ORD_1947;PROD_10;1;1
CORD_ORD_1947;PROD_12;1;1
CORD_ORD_1947;PROD_13;1;1
CORD_ORD_1947;PROD_14;1;1
CORD_ORD_1947;PROD_16;1;1
CORD_ORD_1947;PROD_17;1;1
CORD_ORD_1947;PROD_18;1;1
CORD_ORD_1947;PROD_19;1;1
CORD_ORD_1947;PROD_2;1;1
CORD_ORD_1947;PROD_20;1;1
CORD_ORD_1947;PROD_21;1;1
CORD_ORD_1947;PROD_24;1;1
CORD_ORD_1947;PROD_26;1;1
CORD_ORD_1947;PROD_28;1;1
CORD_ORD_1947;PROD_3;1;1
CORD_ORD_1947;PROD_30;1;1
CORD_ORD_1947;PROD_31;1;1
CORD_ORD_1947;PROD_33;1;1
CORD_ORD_1947;PROD_35;1;1
CORD_ORD_1947;PROD_36;1;1
CORD_ORD_1947;PROD_37;1;1
CORD_ORD_1947;PROD_38;1;1
CORD_ORD_1947;PROD_39;1;1
CORD_ORD_1947;PROD_4;1;1
CORD_ORD_1947;PROD_40;1;1
CORD_ORD_1947;PROD_41;1;1
CORD_ORD_1947;PROD_42;1;1
CORD_ORD_1947;PROD_44;1;1
CORD_ORD_1947;PROD_46;1;1
CORD_ORD_1947;PROD_48;1;1
CORD_ORD_1947;PROD_6;1;1
CORD_ORD_1947;PROD_8;1;1
CORD_ORD_1947;PROD_9;1;1
CORD_ORD_1948;PROD_1;1;1
CORD_ORD_1948;PROD_10;1;1
CORD_ORD_1948;PROD_11;1;1
CORD_ORD_1948;PROD_16;1;1
CORD_ORD_1948;PROD_17;1;1
CORD_ORD_1948;PROD_18;1;1
CORD_ORD_1948;PROD_19;1;1
CORD_ORD_1948;PROD_2;1;1
CORD_ORD_1948;PROD_23;1;1
CORD_ORD_1948;PROD_27;1;1
CORD_ORD_1948;PROD_29;1;1
CORD_ORD_1948;PROD_3;1;1
CORD_ORD_1948;PROD_31;1;1
CORD_ORD_1948;PROD_33;1;1
CORD_ORD_1948;PROD_36;1;1
CORD_ORD_1948;PROD_41;1;1
CORD_ORD_1948;PROD_44;1;1
CORD_ORD_1948;PROD_45;1;1
CORD_ORD_1948;PROD_48;1;1
CORD_ORD_1948;PROD_8;1;1
CORD_ORD_1949;PROD_12;1;1
CORD_ORD_1949;PROD_15;1;1
CORD_ORD_1949;PROD_19;1;1
CORD_ORD_1949;PROD_21;1;1
CORD_ORD_1949;PROD_23;1;1
CORD_ORD_1949;PROD_26;1;1
CORD_ORD_1949;PROD_30;1;1
CORD_ORD_1949;PROD_32;1;1
CORD_ORD_1949;PROD_33;1;1
CORD_ORD_1949;PROD_34;1;1
CORD_ORD_1949;PROD_4;1;1
CORD_ORD_1949;PROD_40;1;1
CORD_ORD_1949;PROD_43;1;1
CORD_ORD_1949;PROD_44;1;1
CORD_ORD_1949;PROD_45;1;1
CORD_ORD_1949;PROD_46;1;1
CORD_ORD_1949;PROD_47;1;1
CORD_ORD_1949;PROD_49;1;1
CORD_ORD_1949;PROD_6;1;1
CORD_ORD_1950;PROD_1;1;1
CORD_ORD_1950;PROD_10;1;1
CORD_ORD_1950;PROD_11;1;1
CORD_ORD_1950;PROD_13;1;1
CORD_ORD_1950;PROD_14;1;1
CORD_ORD_1950;PROD_16;1;1
CORD_ORD_1950;PROD_19;1;1
CORD_ORD_1950;PROD_22;1;1
CORD_ORD_1950;PROD_25;1;1
CORD_ORD_1950;PROD_27;1;1
CORD_ORD_1950;PROD_28;1;1
CORD_ORD_1950;PROD_29;1;1
CORD_ORD_1950;PROD_3;1;1
CORD_ORD_1950;PROD_30;1;1
CORD_ORD_1950;PROD_33;1;1
CORD_ORD_1950;PROD_36;1;1
CORD_ORD_1950;PROD_38;1;1
CORD_ORD_1950;PROD_40;1;1
CORD_ORD_1950;PROD_44;1;1
CORD_ORD_1950;PROD_5;1;1
CORD_ORD_1950;PROD_50;1;1
CORD_ORD_1950;PROD_7;1;1
CORD_ORD_1950;PROD_8;1;1
CORD_ORD_1950;PROD_9;1;1
CORD_ORD_1951;PROD_11;1;1
CORD_ORD_1951;PROD_12;1;1
CORD_ORD_1951;PROD_13;1;1
CORD_ORD_1951;PROD_14;1;1
CORD_ORD_1951;PROD_17;1;1
CORD_ORD_1951;PROD_18;1;1
CORD_ORD_1951;PROD_2;1;1
CORD_ORD_1951;PROD_21;1;1
CORD_ORD_1951;PROD_26;1;1
CORD_ORD_1951;PROD_27;1;1
CORD_ORD_1951;PROD_28;1;1
CORD_ORD_1951;PROD_29;1;1
CORD_ORD_1951;PROD_30;1;1
CORD_ORD_1951;PROD_31;1;1
CORD_ORD_1951;PROD_32;1;1
CORD_ORD_1951;PROD_38;1;1
CORD_ORD_1951;PROD_4;1;1
CORD_ORD_1951;PROD_40;1;1
CORD_ORD_1951;PROD_41;1;1
CORD_ORD_1951;PROD_43;1;1
CORD_ORD_1951;PROD_46;1;1
CORD_ORD_1951;PROD_47;1;1
CORD_ORD_1951;PROD_48;1;1
CORD_ORD_1951;PROD_6;1;1
CORD_ORD_1951;PROD_9;1;1
CORD_ORD_1952;PROD_10;1;1
CORD_ORD_1952;PROD_11;1;1
CORD_ORD_1952;PROD_12;1;1
CORD_ORD_1952;PROD_14;1;1
CORD_ORD_1952;PROD_16;1;1
CORD_ORD_1952;PROD_17;1;1
CORD_ORD_1952;PROD_21;1;1
CORD_ORD_1952;PROD_27;1;1
CORD_ORD_1952;PROD_28;1;1
CORD_ORD_1952;PROD_29;1;1
CORD_ORD_1952;PROD_31;1;1
CORD_ORD_1952;PROD_4;1;1
CORD_ORD_1952;PROD_48;1;1
CORD_ORD_1952;PROD_8;1;1
CORD_ORD_1952;PROD_9;1;1
CORD_ORD_1953;PROD_11;1;1
CORD_ORD_1953;PROD_12;1;1
CORD_ORD_1953;PROD_13;1;1
CORD_ORD_1953;PROD_15;1;1
CORD_ORD_1953;PROD_17;1;1
CORD_ORD_1953;PROD_18;1;1
CORD_ORD_1953;PROD_2;1;1
CORD_ORD_1953;PROD_20;1;1
CORD_ORD_1953;PROD_21;1;1
CORD_ORD_1953;PROD_22;1;1
CORD_ORD_1953;PROD_24;1;1
CORD_ORD_1953;PROD_25;1;1
CORD_ORD_1953;PROD_26;1;1
CORD_ORD_1953;PROD_27;1;1
CORD_ORD_1953;PROD_29;1;1
CORD_ORD_1953;PROD_31;1;1
CORD_ORD_1953;PROD_32;1;1
CORD_ORD_1953;PROD_34;1;1
CORD_ORD_1953;PROD_35;1;1
CORD_ORD_1953;PROD_37;1;1
CORD_ORD_1953;PROD_38;1;1
CORD_ORD_1953;PROD_39;1;1
CORD_ORD_1953;PROD_4;1;1
CORD_ORD_1953;PROD_41;1;1
CORD_ORD_1953;PROD_42;1;1
CORD_ORD_1953;PROD_43;1;1
CORD_ORD_1953;PROD_46;1;1
CORD_ORD_1953;PROD_47;1;1
CORD_ORD_1953;PROD_48;1;1
CORD_ORD_1953;PROD_49;1;1
CORD_ORD_1953;PROD_50;1;1
CORD_ORD_1953;PROD_6;1;1
CORD_ORD_1954;PROD_10;1;1
CORD_ORD_1954;PROD_11;1;1
CORD_ORD_1954;PROD_16;1;1
CORD_ORD_1954;PROD_17;1;1
CORD_ORD_1954;PROD_27;1;1
CORD_ORD_1954;PROD_29;1;1
CORD_ORD_1954;PROD_31;1;1
CORD_ORD_1954;PROD_32;1;1
CORD_ORD_1954;PROD_43;1;1
CORD_ORD_1954;PROD_47;1;1
CORD_ORD_1954;PROD_48;1;1
CORD_ORD_1954;PROD_8;1;1
CORD_ORD_1955;PROD_10;1;1
CORD_ORD_1955;PROD_13;1;1
CORD_ORD_1955;PROD_15;1;1
CORD_ORD_1955;PROD_16;1;1
CORD_ORD_1955;PROD_19;1;1
CORD_ORD_1955;PROD_24;1;1
CORD_ORD_1955;PROD_33;1;1
CORD_ORD_1955;PROD_34;1;1
CORD_ORD_1955;PROD_37;1;1
CORD_ORD_1955;PROD_38;1;1
CORD_ORD_1955;PROD_42;1;1
CORD_ORD_1955;PROD_44;1;1
CORD_ORD_1955;PROD_49;1;1
CORD_ORD_1955;PROD_8;1;1
CORD_ORD_1956;PROD_1;1;1
CORD_ORD_1956;PROD_12;1;1
CORD_ORD_1956;PROD_14;1;1
CORD_ORD_1956;PROD_17;1;1
CORD_ORD_1956;PROD_18;1;1
CORD_ORD_1956;PROD_2;1;1
CORD_ORD_1956;PROD_21;1;1
CORD_ORD_1956;PROD_22;1;1
CORD_ORD_1956;PROD_24;1;1
CORD_ORD_1956;PROD_25;1;1
CORD_ORD_1956;PROD_28;1;1
CORD_ORD_1956;PROD_3;1;1
CORD_ORD_1956;PROD_31;1;1
CORD_ORD_1956;PROD_32;1;1
CORD_ORD_1956;PROD_36;1;1
CORD_ORD_1956;PROD_37;1;1
CORD_ORD_1956;PROD_4;1;1
CORD_ORD_1956;PROD_41;1;1
CORD_ORD_1956;PROD_42;1;1
CORD_ORD_1956;PROD_43;1;1
CORD_ORD_1956;PROD_47;1;1
CORD_ORD_1956;PROD_48;1;1
CORD_ORD_1956;PROD_50;1;1
CORD_ORD_1956;PROD_9;1;1
CORD_ORD_1957;PROD_10;1;1
CORD_ORD_1957;PROD_14;1;1
CORD_ORD_1957;PROD_16;1;1
CORD_ORD_1957;PROD_17;1;1
CORD_ORD_1957;PROD_18;1;1
CORD_ORD_1957;PROD_19;1;1
CORD_ORD_1957;PROD_2;1;1
CORD_ORD_1957;PROD_20;1;1
CORD_ORD_1957;PROD_24;1;1
CORD_ORD_1957;PROD_26;1;1
CORD_ORD_1957;PROD_28;1;1
CORD_ORD_1957;PROD_30;1;1
CORD_ORD_1957;PROD_31;1;1
CORD_ORD_1957;PROD_32;1;1
CORD_ORD_1957;PROD_33;1;1
CORD_ORD_1957;PROD_35;1;1
CORD_ORD_1957;PROD_37;1;1
CORD_ORD_1957;PROD_39;1;1
CORD_ORD_1957;PROD_40;1;1
CORD_ORD_1957;PROD_41;1;1
CORD_ORD_1957;PROD_42;1;1
CORD_ORD_1957;PROD_43;1;1
CORD_ORD_1957;PROD_44;1;1
CORD_ORD_1957;PROD_46;1;1
CORD_ORD_1957;PROD_47;1;1
CORD_ORD_1957;PROD_48;1;1
CORD_ORD_1957;PROD_6;1;1
CORD_ORD_1957;PROD_8;1;1
CORD_ORD_1957;PROD_9;1;1
CORD_ORD_1958;PROD_10;1;1
CORD_ORD_1958;PROD_16;1;1
CORD_ORD_1958;PROD_24;1;1
CORD_ORD_1958;PROD_30;1;1
CORD_ORD_1958;PROD_37;1;1
CORD_ORD_1958;PROD_40;1;1
CORD_ORD_1958;PROD_42;1;1
CORD_ORD_1958;PROD_5;1;1
CORD_ORD_1958;PROD_7;1;1
CORD_ORD_1958;PROD_8;1;1
CORD_ORD_1959;PROD_1;1;1
CORD_ORD_1959;PROD_10;1;1
CORD_ORD_1959;PROD_14;1;1
CORD_ORD_1959;PROD_15;1;1
CORD_ORD_1959;PROD_16;1;1
CORD_ORD_1959;PROD_17;1;1
CORD_ORD_1959;PROD_20;1;1
CORD_ORD_1959;PROD_22;1;1
CORD_ORD_1959;PROD_24;1;1
CORD_ORD_1959;PROD_25;1;1
CORD_ORD_1959;PROD_26;1;1
CORD_ORD_1959;PROD_28;1;1
CORD_ORD_1959;PROD_3;1;1
CORD_ORD_1959;PROD_31;1;1
CORD_ORD_1959;PROD_34;1;1
CORD_ORD_1959;PROD_35;1;1
CORD_ORD_1959;PROD_36;1;1
CORD_ORD_1959;PROD_37;1;1
CORD_ORD_1959;PROD_39;1;1
CORD_ORD_1959;PROD_42;1;1
CORD_ORD_1959;PROD_46;1;1
CORD_ORD_1959;PROD_48;1;1
CORD_ORD_1959;PROD_49;1;1
CORD_ORD_1959;PROD_50;1;1
CORD_ORD_1959;PROD_6;1;1
CORD_ORD_1959;PROD_8;1;1
CORD_ORD_1959;PROD_9;1;1
CORD_ORD_1960;PROD_1;1;1
CORD_ORD_1960;PROD_11;1;1
CORD_ORD_1960;PROD_13;1;1
CORD_ORD_1960;PROD_17;1;1
CORD_ORD_1960;PROD_19;1;1
CORD_ORD_1960;PROD_20;1;1
CORD_ORD_1960;PROD_24;1;1
CORD_ORD_1960;PROD_26;1;1
CORD_ORD_1960;PROD_27;1;1
CORD_ORD_1960;PROD_29;1;1
CORD_ORD_1960;PROD_3;1;1
CORD_ORD_1960;PROD_30;1;1
CORD_ORD_1960;PROD_31;1;1
CORD_ORD_1960;PROD_33;1;1
CORD_ORD_1960;PROD_35;1;1
CORD_ORD_1960;PROD_36;1;1
CORD_ORD_1960;PROD_37;1;1
CORD_ORD_1960;PROD_38;1;1
CORD_ORD_1960;PROD_39;1;1
CORD_ORD_1960;PROD_40;1;1
CORD_ORD_1960;PROD_42;1;1
CORD_ORD_1960;PROD_44;1;1
CORD_ORD_1960;PROD_46;1;1
CORD_ORD_1960;PROD_48;1;1
CORD_ORD_1960;PROD_6;1;1
CORD_ORD_1961;PROD_1;1;1
CORD_ORD_1961;PROD_13;1;1
CORD_ORD_1961;PROD_14;1;1
CORD_ORD_1961;PROD_17;1;1
CORD_ORD_1961;PROD_18;1;1
CORD_ORD_1961;PROD_2;1;1
CORD_ORD_1961;PROD_24;1;1
CORD_ORD_1961;PROD_26;1;1
CORD_ORD_1961;PROD_28;1;1
CORD_ORD_1961;PROD_3;1;1
CORD_ORD_1961;PROD_31;1;1
CORD_ORD_1961;PROD_36;1;1
CORD_ORD_1961;PROD_37;1;1
CORD_ORD_1961;PROD_38;1;1
CORD_ORD_1961;PROD_41;1;1
CORD_ORD_1961;PROD_42;1;1
CORD_ORD_1961;PROD_46;1;1
CORD_ORD_1961;PROD_48;1;1
CORD_ORD_1961;PROD_6;1;1
CORD_ORD_1961;PROD_9;1;1
CORD_ORD_1962;PROD_1;1;1
CORD_ORD_1962;PROD_10;1;1
CORD_ORD_1962;PROD_11;1;1
CORD_ORD_1962;PROD_13;1;1
CORD_ORD_1962;PROD_14;1;1
CORD_ORD_1962;PROD_16;1;1
CORD_ORD_1962;PROD_19;1;1
CORD_ORD_1962;PROD_20;1;1
CORD_ORD_1962;PROD_22;1;1
CORD_ORD_1962;PROD_23;1;1
CORD_ORD_1962;PROD_24;1;1
CORD_ORD_1962;PROD_25;1;1
CORD_ORD_1962;PROD_27;1;1
CORD_ORD_1962;PROD_28;1;1
CORD_ORD_1962;PROD_29;1;1
CORD_ORD_1962;PROD_3;1;1
CORD_ORD_1962;PROD_33;1;1
CORD_ORD_1962;PROD_35;1;1
CORD_ORD_1962;PROD_36;1;1
CORD_ORD_1962;PROD_37;1;1
CORD_ORD_1962;PROD_38;1;1
CORD_ORD_1962;PROD_39;1;1
CORD_ORD_1962;PROD_42;1;1
CORD_ORD_1962;PROD_44;1;1
CORD_ORD_1962;PROD_45;1;1
CORD_ORD_1962;PROD_50;1;1
CORD_ORD_1962;PROD_8;1;1
CORD_ORD_1962;PROD_9;1;1
CORD_ORD_1963;PROD_10;1;1
CORD_ORD_1963;PROD_11;1;1
CORD_ORD_1963;PROD_12;1;1
CORD_ORD_1963;PROD_15;1;1
CORD_ORD_1963;PROD_16;1;1
CORD_ORD_1963;PROD_19;1;1
CORD_ORD_1963;PROD_21;1;1
CORD_ORD_1963;PROD_22;1;1
CORD_ORD_1963;PROD_25;1;1
CORD_ORD_1963;PROD_27;1;1
CORD_ORD_1963;PROD_29;1;1
CORD_ORD_1963;PROD_30;1;1
CORD_ORD_1963;PROD_33;1;1
CORD_ORD_1963;PROD_34;1;1
CORD_ORD_1963;PROD_4;1;1
CORD_ORD_1963;PROD_40;1;1
CORD_ORD_1963;PROD_44;1;1
CORD_ORD_1963;PROD_49;1;1
CORD_ORD_1963;PROD_50;1;1
CORD_ORD_1963;PROD_8;1;1
CORD_ORD_1964;PROD_10;1;1
CORD_ORD_1964;PROD_13;1;1
CORD_ORD_1964;PROD_16;1;1
CORD_ORD_1964;PROD_17;1;1
CORD_ORD_1964;PROD_18;1;1
CORD_ORD_1964;PROD_19;1;1
CORD_ORD_1964;PROD_2;1;1
CORD_ORD_1964;PROD_24;1;1
CORD_ORD_1964;PROD_26;1;1
CORD_ORD_1964;PROD_30;1;1
CORD_ORD_1964;PROD_31;1;1
CORD_ORD_1964;PROD_32;1;1
CORD_ORD_1964;PROD_33;1;1
CORD_ORD_1964;PROD_37;1;1
CORD_ORD_1964;PROD_38;1;1
CORD_ORD_1964;PROD_40;1;1
CORD_ORD_1964;PROD_41;1;1
CORD_ORD_1964;PROD_42;1;1
CORD_ORD_1964;PROD_43;1;1
CORD_ORD_1964;PROD_44;1;1
CORD_ORD_1964;PROD_46;1;1
CORD_ORD_1964;PROD_47;1;1
CORD_ORD_1964;PROD_48;1;1
CORD_ORD_1964;PROD_5;1;1
CORD_ORD_1964;PROD_6;1;1
CORD_ORD_1964;PROD_7;1;1
CORD_ORD_1964;PROD_8;1;1
CORD_ORD_1965;PROD_11;1;1
CORD_ORD_1965;PROD_15;1;1
CORD_ORD_1965;PROD_18;1;1
CORD_ORD_1965;PROD_19;1;1
CORD_ORD_1965;PROD_2;1;1
CORD_ORD_1965;PROD_20;1;1
CORD_ORD_1965;PROD_23;1;1
CORD_ORD_1965;PROD_26;1;1
CORD_ORD_1965;PROD_27;1;1
CORD_ORD_1965;PROD_29;1;1
CORD_ORD_1965;PROD_32;1;1
CORD_ORD_1965;PROD_33;1;1
CORD_ORD_1965;PROD_34;1;1
CORD_ORD_1965;PROD_35;1;1
CORD_ORD_1965;PROD_39;1;1
CORD_ORD_1965;PROD_41;1;1
CORD_ORD_1965;PROD_43;1;1
CORD_ORD_1965;PROD_44;1;1
CORD_ORD_1965;PROD_45;1;1
CORD_ORD_1965;PROD_46;1;1
CORD_ORD_1965;PROD_47;1;1
CORD_ORD_1965;PROD_49;1;1
CORD_ORD_1965;PROD_5;1;1
CORD_ORD_1965;PROD_6;1;1
CORD_ORD_1965;PROD_7;1;1
CORD_ORD_1966;PROD_1;1;1
CORD_ORD_1966;PROD_10;1;1
CORD_ORD_1966;PROD_11;1;1
CORD_ORD_1966;PROD_12;1;1
CORD_ORD_1966;PROD_13;1;1
CORD_ORD_1966;PROD_16;1;1
CORD_ORD_1966;PROD_17;1;1
CORD_ORD_1966;PROD_21;1;1
CORD_ORD_1966;PROD_22;1;1
CORD_ORD_1966;PROD_25;1;1
CORD_ORD_1966;PROD_26;1;1
CORD_ORD_1966;PROD_27;1;1
CORD_ORD_1966;PROD_29;1;1
CORD_ORD_1966;PROD_3;1;1
CORD_ORD_1966;PROD_31;1;1
CORD_ORD_1966;PROD_36;1;1
CORD_ORD_1966;PROD_38;1;1
CORD_ORD_1966;PROD_4;1;1
CORD_ORD_1966;PROD_46;1;1
CORD_ORD_1966;PROD_48;1;1
CORD_ORD_1966;PROD_50;1;1
CORD_ORD_1966;PROD_6;1;1
CORD_ORD_1966;PROD_8;1;1
CORD_ORD_1967;PROD_10;1;1
CORD_ORD_1967;PROD_12;1;1
CORD_ORD_1967;PROD_16;1;1
CORD_ORD_1967;PROD_20;1;1
CORD_ORD_1967;PROD_21;1;1
CORD_ORD_1967;PROD_23;1;1
CORD_ORD_1967;PROD_26;1;1
CORD_ORD_1967;PROD_30;1;1
CORD_ORD_1967;PROD_35;1;1
CORD_ORD_1967;PROD_39;1;1
CORD_ORD_1967;PROD_4;1;1
CORD_ORD_1967;PROD_40;1;1
CORD_ORD_1967;PROD_45;1;1
CORD_ORD_1967;PROD_46;1;1
CORD_ORD_1967;PROD_6;1;1
CORD_ORD_1967;PROD_8;1;1
CORD_ORD_1968;PROD_1;1;1
CORD_ORD_1968;PROD_10;1;1
CORD_ORD_1968;PROD_11;1;1
CORD_ORD_1968;PROD_14;1;1
CORD_ORD_1968;PROD_16;1;1
CORD_ORD_1968;PROD_17;1;1
CORD_ORD_1968;PROD_18;1;1
CORD_ORD_1968;PROD_19;1;1
CORD_ORD_1968;PROD_2;1;1
CORD_ORD_1968;PROD_20;1;1
CORD_ORD_1968;PROD_22;1;1
CORD_ORD_1968;PROD_25;1;1
CORD_ORD_1968;PROD_26;1;1
CORD_ORD_1968;PROD_27;1;1
CORD_ORD_1968;PROD_28;1;1
CORD_ORD_1968;PROD_29;1;1
CORD_ORD_1968;PROD_3;1;1
CORD_ORD_1968;PROD_31;1;1
CORD_ORD_1968;PROD_33;1;1
CORD_ORD_1968;PROD_35;1;1
CORD_ORD_1968;PROD_36;1;1
CORD_ORD_1968;PROD_39;1;1
CORD_ORD_1968;PROD_41;1;1
CORD_ORD_1968;PROD_44;1;1
CORD_ORD_1968;PROD_46;1;1
CORD_ORD_1968;PROD_48;1;1
CORD_ORD_1968;PROD_5;1;1
CORD_ORD_1968;PROD_50;1;1
CORD_ORD_1968;PROD_6;1;1
CORD_ORD_1968;PROD_7;1;1
CORD_ORD_1968;PROD_8;1;1
CORD_ORD_1968;PROD_9;1;1
CORD_ORD_1969;PROD_1;1;1
CORD_ORD_1969;PROD_10;1;1
CORD_ORD_1969;PROD_13;1;1
CORD_ORD_1969;PROD_16;1;1
CORD_ORD_1969;PROD_20;1;1
CORD_ORD_1969;PROD_3;1;1
CORD_ORD_1969;PROD_32;1;1
CORD_ORD_1969;PROD_35;1;1
CORD_ORD_1969;PROD_36;1;1
CORD_ORD_1969;PROD_38;1;1
CORD_ORD_1969;PROD_39;1;1
CORD_ORD_1969;PROD_43;1;1
CORD_ORD_1969;PROD_47;1;1
CORD_ORD_1969;PROD_8;1;1
CORD_ORD_1970;PROD_10;1;1
CORD_ORD_1970;PROD_11;1;1
CORD_ORD_1970;PROD_12;1;1
CORD_ORD_1970;PROD_13;1;1
CORD_ORD_1970;PROD_16;1;1
CORD_ORD_1970;PROD_17;1;1
CORD_ORD_1970;PROD_21;1;1
CORD_ORD_1970;PROD_22;1;1
CORD_ORD_1970;PROD_25;1;1
CORD_ORD_1970;PROD_26;1;1
CORD_ORD_1970;PROD_27;1;1
CORD_ORD_1970;PROD_29;1;1
CORD_ORD_1970;PROD_31;1;1
CORD_ORD_1970;PROD_32;1;1
CORD_ORD_1970;PROD_38;1;1
CORD_ORD_1970;PROD_4;1;1
CORD_ORD_1970;PROD_43;1;1
CORD_ORD_1970;PROD_46;1;1
CORD_ORD_1970;PROD_47;1;1
CORD_ORD_1970;PROD_48;1;1
CORD_ORD_1970;PROD_5;1;1
CORD_ORD_1970;PROD_50;1;1
CORD_ORD_1970;PROD_6;1;1
CORD_ORD_1970;PROD_7;1;1
CORD_ORD_1970;PROD_8;1;1
CORD_ORD_1971;PROD_12;1;1
CORD_ORD_1971;PROD_13;1;1
CORD_ORD_1971;PROD_14;1;1
CORD_ORD_1971;PROD_15;1;1
CORD_ORD_1971;PROD_18;1;1
CORD_ORD_1971;PROD_2;1;1
CORD_ORD_1971;PROD_20;1;1
CORD_ORD_1971;PROD_21;1;1
CORD_ORD_1971;PROD_22;1;1
CORD_ORD_1971;PROD_24;1;1
CORD_ORD_1971;PROD_25;1;1
CORD_ORD_1971;PROD_26;1;1
CORD_ORD_1971;PROD_28;1;1
CORD_ORD_1971;PROD_32;1;1
CORD_ORD_1971;PROD_34;1;1
CORD_ORD_1971;PROD_35;1;1
CORD_ORD_1971;PROD_37;1;1
CORD_ORD_1971;PROD_38;1;1
CORD_ORD_1971;PROD_39;1;1
CORD_ORD_1971;PROD_4;1;1
CORD_ORD_1971;PROD_41;1;1
CORD_ORD_1971;PROD_42;1;1
CORD_ORD_1971;PROD_43;1;1
CORD_ORD_1971;PROD_46;1;1
CORD_ORD_1971;PROD_47;1;1
CORD_ORD_1971;PROD_49;1;1
CORD_ORD_1971;PROD_5;1;1
CORD_ORD_1971;PROD_50;1;1
CORD_ORD_1971;PROD_6;1;1
CORD_ORD_1971;PROD_7;1;1
CORD_ORD_1971;PROD_9;1;1
CORD_ORD_1972;PROD_1;1;1
CORD_ORD_1972;PROD_10;1;1
CORD_ORD_1972;PROD_11;1;1
CORD_ORD_1972;PROD_15;1;1
CORD_ORD_1972;PROD_16;1;1
CORD_ORD_1972;PROD_17;1;1
CORD_ORD_1972;PROD_26;1;1
CORD_ORD_1972;PROD_27;1;1
CORD_ORD_1972;PROD_29;1;1
CORD_ORD_1972;PROD_3;1;1
CORD_ORD_1972;PROD_31;1;1
CORD_ORD_1972;PROD_32;1;1
CORD_ORD_1972;PROD_34;1;1
CORD_ORD_1972;PROD_36;1;1
CORD_ORD_1972;PROD_43;1;1
CORD_ORD_1972;PROD_46;1;1
CORD_ORD_1972;PROD_47;1;1
CORD_ORD_1972;PROD_48;1;1
CORD_ORD_1972;PROD_49;1;1
CORD_ORD_1972;PROD_6;1;1
CORD_ORD_1972;PROD_8;1;1
CORD_ORD_1973;PROD_1;1;1
CORD_ORD_1973;PROD_10;1;1
CORD_ORD_1973;PROD_11;1;1
CORD_ORD_1973;PROD_12;1;1
CORD_ORD_1973;PROD_16;1;1
CORD_ORD_1973;PROD_20;1;1
CORD_ORD_1973;PROD_21;1;1
CORD_ORD_1973;PROD_27;1;1
CORD_ORD_1973;PROD_29;1;1
CORD_ORD_1973;PROD_3;1;1
CORD_ORD_1973;PROD_30;1;1
CORD_ORD_1973;PROD_32;1;1
CORD_ORD_1973;PROD_35;1;1
CORD_ORD_1973;PROD_36;1;1
CORD_ORD_1973;PROD_39;1;1
CORD_ORD_1973;PROD_4;1;1
CORD_ORD_1973;PROD_40;1;1
CORD_ORD_1973;PROD_43;1;1
CORD_ORD_1973;PROD_47;1;1
CORD_ORD_1973;PROD_8;1;1
CORD_ORD_1974;PROD_1;1;1
CORD_ORD_1974;PROD_13;1;1
CORD_ORD_1974;PROD_15;1;1
CORD_ORD_1974;PROD_17;1;1
CORD_ORD_1974;PROD_19;1;1
CORD_ORD_1974;PROD_20;1;1
CORD_ORD_1974;PROD_22;1;1
CORD_ORD_1974;PROD_23;1;1
CORD_ORD_1974;PROD_25;1;1
CORD_ORD_1974;PROD_26;1;1
CORD_ORD_1974;PROD_3;1;1
CORD_ORD_1974;PROD_30;1;1
CORD_ORD_1974;PROD_31;1;1
CORD_ORD_1974;PROD_33;1;1
CORD_ORD_1974;PROD_34;1;1
CORD_ORD_1974;PROD_35;1;1
CORD_ORD_1974;PROD_36;1;1
CORD_ORD_1974;PROD_38;1;1
CORD_ORD_1974;PROD_39;1;1
CORD_ORD_1974;PROD_40;1;1
CORD_ORD_1974;PROD_44;1;1
CORD_ORD_1974;PROD_45;1;1
CORD_ORD_1974;PROD_46;1;1
CORD_ORD_1974;PROD_48;1;1
CORD_ORD_1974;PROD_49;1;1
CORD_ORD_1974;PROD_50;1;1
CORD_ORD_1974;PROD_6;1;1
CORD_ORD_1975;PROD_1;1;1
CORD_ORD_1975;PROD_14;1;1
CORD_ORD_1975;PROD_24;1;1
CORD_ORD_1975;PROD_28;1;1
CORD_ORD_1975;PROD_3;1;1
CORD_ORD_1975;PROD_32;1;1
CORD_ORD_1975;PROD_36;1;1
CORD_ORD_1975;PROD_37;1;1
CORD_ORD_1975;PROD_42;1;1
CORD_ORD_1975;PROD_43;1;1
CORD_ORD_1975;PROD_47;1;1
CORD_ORD_1975;PROD_9;1;1
CORD_ORD_1976;PROD_1;1;1
CORD_ORD_1976;PROD_11;1;1
CORD_ORD_1976;PROD_13;1;1
CORD_ORD_1976;PROD_15;1;1
CORD_ORD_1976;PROD_18;1;1
CORD_ORD_1976;PROD_19;1;1
CORD_ORD_1976;PROD_2;1;1
CORD_ORD_1976;PROD_23;1;1
CORD_ORD_1976;PROD_24;1;1
CORD_ORD_1976;PROD_26;1;1
CORD_ORD_1976;PROD_27;1;1
CORD_ORD_1976;PROD_29;1;1
CORD_ORD_1976;PROD_3;1;1
CORD_ORD_1976;PROD_33;1;1
CORD_ORD_1976;PROD_34;1;1
CORD_ORD_1976;PROD_36;1;1
CORD_ORD_1976;PROD_37;1;1
CORD_ORD_1976;PROD_38;1;1
CORD_ORD_1976;PROD_41;1;1
CORD_ORD_1976;PROD_42;1;1
CORD_ORD_1976;PROD_44;1;1
CORD_ORD_1976;PROD_45;1;1
CORD_ORD_1976;PROD_46;1;1
CORD_ORD_1976;PROD_49;1;1
CORD_ORD_1976;PROD_6;1;1
CORD_ORD_1977;PROD_1;1;1
CORD_ORD_1977;PROD_10;1;1
CORD_ORD_1977;PROD_13;1;1
CORD_ORD_1977;PROD_16;1;1
CORD_ORD_1977;PROD_20;1;1
CORD_ORD_1977;PROD_3;1;1
CORD_ORD_1977;PROD_35;1;1
CORD_ORD_1977;PROD_36;1;1
CORD_ORD_1977;PROD_38;1;1
CORD_ORD_1977;PROD_39;1;1
CORD_ORD_1977;PROD_8;1;1
CORD_ORD_1978;PROD_1;1;1
CORD_ORD_1978;PROD_10;1;1
CORD_ORD_1978;PROD_16;1;1
CORD_ORD_1978;PROD_26;1;1
CORD_ORD_1978;PROD_3;1;1
CORD_ORD_1978;PROD_32;1;1
CORD_ORD_1978;PROD_36;1;1
CORD_ORD_1978;PROD_43;1;1
CORD_ORD_1978;PROD_46;1;1
CORD_ORD_1978;PROD_47;1;1
CORD_ORD_1978;PROD_6;1;1
CORD_ORD_1978;PROD_8;1;1
CORD_ORD_1979;PROD_1;1;1
CORD_ORD_1979;PROD_10;1;1
CORD_ORD_1979;PROD_11;1;1
CORD_ORD_1979;PROD_16;1;1
CORD_ORD_1979;PROD_18;1;1
CORD_ORD_1979;PROD_19;1;1
CORD_ORD_1979;PROD_2;1;1
CORD_ORD_1979;PROD_26;1;1
CORD_ORD_1979;PROD_27;1;1
CORD_ORD_1979;PROD_29;1;1
CORD_ORD_1979;PROD_3;1;1
CORD_ORD_1979;PROD_33;1;1
CORD_ORD_1979;PROD_36;1;1
CORD_ORD_1979;PROD_41;1;1
CORD_ORD_1979;PROD_44;1;1
CORD_ORD_1979;PROD_46;1;1
CORD_ORD_1979;PROD_6;1;1
CORD_ORD_1979;PROD_8;1;1
CORD_ORD_1980;PROD_10;1;1
CORD_ORD_1980;PROD_11;1;1
CORD_ORD_1980;PROD_12;1;1
CORD_ORD_1980;PROD_16;1;1
CORD_ORD_1980;PROD_19;1;1
CORD_ORD_1980;PROD_20;1;1
CORD_ORD_1980;PROD_21;1;1
CORD_ORD_1980;PROD_23;1;1
CORD_ORD_1980;PROD_27;1;1
CORD_ORD_1980;PROD_29;1;1
CORD_ORD_1980;PROD_32;1;1
CORD_ORD_1980;PROD_33;1;1
CORD_ORD_1980;PROD_35;1;1
CORD_ORD_1980;PROD_39;1;1
CORD_ORD_1980;PROD_4;1;1
CORD_ORD_1980;PROD_43;1;1
CORD_ORD_1980;PROD_44;1;1
CORD_ORD_1980;PROD_45;1;1
CORD_ORD_1980;PROD_47;1;1
CORD_ORD_1980;PROD_8;1;1
CORD_ORD_1981;PROD_11;1;1
CORD_ORD_1981;PROD_12;1;1
CORD_ORD_1981;PROD_13;1;1
CORD_ORD_1981;PROD_14;1;1
CORD_ORD_1981;PROD_17;1;1
CORD_ORD_1981;PROD_19;1;1
CORD_ORD_1981;PROD_21;1;1
CORD_ORD_1981;PROD_22;1;1
CORD_ORD_1981;PROD_23;1;1
CORD_ORD_1981;PROD_24;1;1
CORD_ORD_1981;PROD_25;1;1
CORD_ORD_1981;PROD_27;1;1
CORD_ORD_1981;PROD_28;1;1
CORD_ORD_1981;PROD_29;1;1
CORD_ORD_1981;PROD_30;1;1
CORD_ORD_1981;PROD_31;1;1
CORD_ORD_1981;PROD_32;1;1
CORD_ORD_1981;PROD_33;1;1
CORD_ORD_1981;PROD_37;1;1
CORD_ORD_1981;PROD_38;1;1
CORD_ORD_1981;PROD_4;1;1
CORD_ORD_1981;PROD_40;1;1
CORD_ORD_1981;PROD_42;1;1
CORD_ORD_1981;PROD_43;1;1
CORD_ORD_1981;PROD_44;1;1
CORD_ORD_1981;PROD_45;1;1
CORD_ORD_1981;PROD_47;1;1
CORD_ORD_1981;PROD_48;1;1
CORD_ORD_1981;PROD_50;1;1
CORD_ORD_1981;PROD_9;1;1
CORD_ORD_1982;PROD_1;1;1
CORD_ORD_1982;PROD_11;1;1
CORD_ORD_1982;PROD_15;1;1
CORD_ORD_1982;PROD_17;1;1
CORD_ORD_1982;PROD_22;1;1
CORD_ORD_1982;PROD_24;1;1
CORD_ORD_1982;PROD_25;1;1
CORD_ORD_1982;PROD_26;1;1
CORD_ORD_1982;PROD_27;1;1
CORD_ORD_1982;PROD_29;1;1
CORD_ORD_1982;PROD_3;1;1
CORD_ORD_1982;PROD_31;1;1
CORD_ORD_1982;PROD_32;1;1
CORD_ORD_1982;PROD_34;1;1
CORD_ORD_1982;PROD_36;1;1
CORD_ORD_1982;PROD_37;1;1
CORD_ORD_1982;PROD_42;1;1
CORD_ORD_1982;PROD_43;1;1
CORD_ORD_1982;PROD_46;1;1
CORD_ORD_1982;PROD_47;1;1
CORD_ORD_1982;PROD_48;1;1
CORD_ORD_1982;PROD_49;1;1
CORD_ORD_1982;PROD_50;1;1
CORD_ORD_1982;PROD_6;1;1
CORD_ORD_1983;PROD_10;1;1
CORD_ORD_1983;PROD_11;1;1
CORD_ORD_1983;PROD_16;1;1
CORD_ORD_1983;PROD_18;1;1
CORD_ORD_1983;PROD_19;1;1
CORD_ORD_1983;PROD_2;1;1
CORD_ORD_1983;PROD_22;1;1
CORD_ORD_1983;PROD_25;1;1
CORD_ORD_1983;PROD_27;1;1
CORD_ORD_1983;PROD_29;1;1
CORD_ORD_1983;PROD_33;1;1
CORD_ORD_1983;PROD_41;1;1
CORD_ORD_1983;PROD_44;1;1
CORD_ORD_1983;PROD_50;1;1
CORD_ORD_1983;PROD_8;1;1
CORD_ORD_1984;PROD_1;1;1
CORD_ORD_1984;PROD_10;1;1
CORD_ORD_1984;PROD_11;1;1
CORD_ORD_1984;PROD_12;1;1
CORD_ORD_1984;PROD_16;1;1
CORD_ORD_1984;PROD_17;1;1
CORD_ORD_1984;PROD_18;1;1
CORD_ORD_1984;PROD_2;1;1
CORD_ORD_1984;PROD_20;1;1
CORD_ORD_1984;PROD_21;1;1
CORD_ORD_1984;PROD_24;1;1
CORD_ORD_1984;PROD_26;1;1
CORD_ORD_1984;PROD_27;1;1
CORD_ORD_1984;PROD_29;1;1
CORD_ORD_1984;PROD_3;1;1
CORD_ORD_1984;PROD_31;1;1
CORD_ORD_1984;PROD_32;1;1
CORD_ORD_1984;PROD_35;1;1
CORD_ORD_1984;PROD_36;1;1
CORD_ORD_1984;PROD_37;1;1
CORD_ORD_1984;PROD_39;1;1
CORD_ORD_1984;PROD_4;1;1
CORD_ORD_1984;PROD_41;1;1
CORD_ORD_1984;PROD_42;1;1
CORD_ORD_1984;PROD_43;1;1
CORD_ORD_1984;PROD_46;1;1
CORD_ORD_1984;PROD_47;1;1
CORD_ORD_1984;PROD_48;1;1
CORD_ORD_1984;PROD_5;1;1
CORD_ORD_1984;PROD_6;1;1
CORD_ORD_1984;PROD_7;1;1
CORD_ORD_1984;PROD_8;1;1
CORD_ORD_1985;PROD_1;1;1
CORD_ORD_1985;PROD_10;1;1
CORD_ORD_1985;PROD_11;1;1
CORD_ORD_1985;PROD_12;1;1
CORD_ORD_1985;PROD_14;1;1
CORD_ORD_1985;PROD_15;1;1
CORD_ORD_1985;PROD_16;1;1
CORD_ORD_1985;PROD_21;1;1
CORD_ORD_1985;PROD_22;1;1
CORD_ORD_1985;PROD_25;1;1
CORD_ORD_1985;PROD_26;1;1
CORD_ORD_1985;PROD_27;1;1
CORD_ORD_1985;PROD_28;1;1
CORD_ORD_1985;PROD_29;1;1
CORD_ORD_1985;PROD_3;1;1
CORD_ORD_1985;PROD_34;1;1
CORD_ORD_1985;PROD_36;1;1
CORD_ORD_1985;PROD_4;1;1
CORD_ORD_1985;PROD_46;1;1
CORD_ORD_1985;PROD_49;1;1
CORD_ORD_1985;PROD_50;1;1
CORD_ORD_1985;PROD_6;1;1
CORD_ORD_1985;PROD_8;1;1
CORD_ORD_1985;PROD_9;1;1
CORD_ORD_1986;PROD_18;1;1
CORD_ORD_1986;PROD_2;1;1
CORD_ORD_1986;PROD_20;1;1
CORD_ORD_1986;PROD_26;1;1
CORD_ORD_1986;PROD_35;1;1
CORD_ORD_1986;PROD_39;1;1
CORD_ORD_1986;PROD_41;1;1
CORD_ORD_1986;PROD_46;1;1
CORD_ORD_1986;PROD_6;1;1
CORD_ORD_1987;PROD_10;1;1
CORD_ORD_1987;PROD_11;1;1
CORD_ORD_1987;PROD_16;1;1
CORD_ORD_1987;PROD_19;1;1
CORD_ORD_1987;PROD_23;1;1
CORD_ORD_1987;PROD_27;1;1
CORD_ORD_1987;PROD_29;1;1
CORD_ORD_1987;PROD_33;1;1
CORD_ORD_1987;PROD_44;1;1
CORD_ORD_1987;PROD_45;1;1
CORD_ORD_1987;PROD_8;1;1
CORD_ORD_1988;PROD_10;1;1
CORD_ORD_1988;PROD_12;1;1
CORD_ORD_1988;PROD_13;1;1
CORD_ORD_1988;PROD_16;1;1
CORD_ORD_1988;PROD_17;1;1
CORD_ORD_1988;PROD_21;1;1
CORD_ORD_1988;PROD_24;1;1
CORD_ORD_1988;PROD_26;1;1
CORD_ORD_1988;PROD_31;1;1
CORD_ORD_1988;PROD_37;1;1
CORD_ORD_1988;PROD_38;1;1
CORD_ORD_1988;PROD_4;1;1
CORD_ORD_1988;PROD_42;1;1
CORD_ORD_1988;PROD_46;1;1
CORD_ORD_1988;PROD_48;1;1
CORD_ORD_1988;PROD_6;1;1
CORD_ORD_1988;PROD_8;1;1
CORD_ORD_1989;PROD_10;1;1
CORD_ORD_1989;PROD_11;1;1
CORD_ORD_1989;PROD_14;1;1
CORD_ORD_1989;PROD_16;1;1
CORD_ORD_1989;PROD_19;1;1
CORD_ORD_1989;PROD_20;1;1
CORD_ORD_1989;PROD_24;1;1
CORD_ORD_1989;PROD_27;1;1
CORD_ORD_1989;PROD_28;1;1
CORD_ORD_1989;PROD_29;1;1
CORD_ORD_1989;PROD_30;1;1
CORD_ORD_1989;PROD_32;1;1
CORD_ORD_1989;PROD_33;1;1
CORD_ORD_1989;PROD_35;1;1
CORD_ORD_1989;PROD_37;1;1
CORD_ORD_1989;PROD_39;1;1
CORD_ORD_1989;PROD_40;1;1
CORD_ORD_1989;PROD_42;1;1
CORD_ORD_1989;PROD_43;1;1
CORD_ORD_1989;PROD_44;1;1
CORD_ORD_1989;PROD_47;1;1
CORD_ORD_1989;PROD_8;1;1
CORD_ORD_1989;PROD_9;1;1
CORD_ORD_1990;PROD_12;1;1
CORD_ORD_1990;PROD_13;1;1
CORD_ORD_1990;PROD_14;1;1
CORD_ORD_1990;PROD_19;1;1
CORD_ORD_1990;PROD_20;1;1
CORD_ORD_1990;PROD_21;1;1
CORD_ORD_1990;PROD_23;1;1
CORD_ORD_1990;PROD_28;1;1
CORD_ORD_1990;PROD_33;1;1
CORD_ORD_1990;PROD_35;1;1
CORD_ORD_1990;PROD_38;1;1
CORD_ORD_1990;PROD_39;1;1
CORD_ORD_1990;PROD_4;1;1
CORD_ORD_1990;PROD_44;1;1
CORD_ORD_1990;PROD_45;1;1
CORD_ORD_1990;PROD_5;1;1
CORD_ORD_1990;PROD_7;1;1
CORD_ORD_1990;PROD_9;1;1
CORD_ORD_1991;PROD_1;1;1
CORD_ORD_1991;PROD_10;1;1
CORD_ORD_1991;PROD_11;1;1
CORD_ORD_1991;PROD_16;1;1
CORD_ORD_1991;PROD_18;1;1
CORD_ORD_1991;PROD_19;1;1
CORD_ORD_1991;PROD_2;1;1
CORD_ORD_1991;PROD_20;1;1
CORD_ORD_1991;PROD_22;1;1
CORD_ORD_1991;PROD_25;1;1
CORD_ORD_1991;PROD_27;1;1
CORD_ORD_1991;PROD_29;1;1
CORD_ORD_1991;PROD_3;1;1
CORD_ORD_1991;PROD_32;1;1
CORD_ORD_1991;PROD_33;1;1
CORD_ORD_1991;PROD_35;1;1
CORD_ORD_1991;PROD_36;1;1
CORD_ORD_1991;PROD_39;1;1
CORD_ORD_1991;PROD_41;1;1
CORD_ORD_1991;PROD_43;1;1
CORD_ORD_1991;PROD_44;1;1
CORD_ORD_1991;PROD_47;1;1
CORD_ORD_1991;PROD_50;1;1
CORD_ORD_1991;PROD_8;1;1
CORD_ORD_1992;PROD_10;1;1
CORD_ORD_1992;PROD_14;1;1
CORD_ORD_1992;PROD_16;1;1
CORD_ORD_1992;PROD_17;1;1
CORD_ORD_1992;PROD_18;1;1
CORD_ORD_1992;PROD_2;1;1
CORD_ORD_1992;PROD_26;1;1
CORD_ORD_1992;PROD_28;1;1
CORD_ORD_1992;PROD_31;1;1
CORD_ORD_1992;PROD_41;1;1
CORD_ORD_1992;PROD_46;1;1
CORD_ORD_1992;PROD_48;1;1
CORD_ORD_1992;PROD_6;1;1
CORD_ORD_1992;PROD_8;1;1
CORD_ORD_1992;PROD_9;1;1
CORD_ORD_1993;PROD_11;1;1
CORD_ORD_1993;PROD_13;1;1
CORD_ORD_1993;PROD_14;1;1
CORD_ORD_1993;PROD_15;1;1
CORD_ORD_1993;PROD_18;1;1
CORD_ORD_1993;PROD_2;1;1
CORD_ORD_1993;PROD_20;1;1
CORD_ORD_1993;PROD_22;1;1
CORD_ORD_1993;PROD_25;1;1
CORD_ORD_1993;PROD_26;1;1
CORD_ORD_1993;PROD_27;1;1
CORD_ORD_1993;PROD_28;1;1
CORD_ORD_1993;PROD_29;1;1
CORD_ORD_1993;PROD_30;1;1
CORD_ORD_1993;PROD_34;1;1
CORD_ORD_1993;PROD_35;1;1
CORD_ORD_1993;PROD_38;1;1
CORD_ORD_1993;PROD_39;1;1
CORD_ORD_1993;PROD_40;1;1
CORD_ORD_1993;PROD_41;1;1
CORD_ORD_1993;PROD_46;1;1
CORD_ORD_1993;PROD_49;1;1
CORD_ORD_1993;PROD_5;1;1
CORD_ORD_1993;PROD_50;1;1
CORD_ORD_1993;PROD_6;1;1
CORD_ORD_1993;PROD_7;1;1
CORD_ORD_1993;PROD_9;1;1
CORD_ORD_1994;PROD_1;1;1
CORD_ORD_1994;PROD_11;1;1
CORD_ORD_1994;PROD_12;1;1
CORD_ORD_1994;PROD_13;1;1
CORD_ORD_1994;PROD_15;1;1
CORD_ORD_1994;PROD_17;1;1
CORD_ORD_1994;PROD_20;1;1
CORD_ORD_1994;PROD_21;1;1
CORD_ORD_1994;PROD_22;1;1
CORD_ORD_1994;PROD_24;1;1
CORD_ORD_1994;PROD_25;1;1
CORD_ORD_1994;PROD_26;1;1
CORD_ORD_1994;PROD_27;1;1
CORD_ORD_1994;PROD_29;1;1
CORD_ORD_1994;PROD_3;1;1
CORD_ORD_1994;PROD_31;1;1
CORD_ORD_1994;PROD_34;1;1
CORD_ORD_1994;PROD_35;1;1
CORD_ORD_1994;PROD_36;1;1
CORD_ORD_1994;PROD_37;1;1
CORD_ORD_1994;PROD_38;1;1
CORD_ORD_1994;PROD_39;1;1
CORD_ORD_1994;PROD_4;1;1
CORD_ORD_1994;PROD_42;1;1
CORD_ORD_1994;PROD_46;1;1
CORD_ORD_1994;PROD_48;1;1
CORD_ORD_1994;PROD_49;1;1
CORD_ORD_1994;PROD_50;1;1
CORD_ORD_1994;PROD_6;1;1
CORD_ORD_1995;PROD_10;1;1
CORD_ORD_1995;PROD_14;1;1
CORD_ORD_1995;PROD_15;1;1
CORD_ORD_1995;PROD_16;1;1
CORD_ORD_1995;PROD_17;1;1
CORD_ORD_1995;PROD_18;1;1
CORD_ORD_1995;PROD_2;1;1
CORD_ORD_1995;PROD_20;1;1
CORD_ORD_1995;PROD_22;1;1
CORD_ORD_1995;PROD_24;1;1
CORD_ORD_1995;PROD_25;1;1
CORD_ORD_1995;PROD_26;1;1
CORD_ORD_1995;PROD_28;1;1
CORD_ORD_1995;PROD_31;1;1
CORD_ORD_1995;PROD_34;1;1
CORD_ORD_1995;PROD_35;1;1
CORD_ORD_1995;PROD_37;1;1
CORD_ORD_1995;PROD_39;1;1
CORD_ORD_1995;PROD_41;1;1
CORD_ORD_1995;PROD_42;1;1
CORD_ORD_1995;PROD_46;1;1
CORD_ORD_1995;PROD_48;1;1
CORD_ORD_1995;PROD_49;1;1
CORD_ORD_1995;PROD_50;1;1
CORD_ORD_1995;PROD_6;1;1
CORD_ORD_1995;PROD_8;1;1
CORD_ORD_1995;PROD_9;1;1
CORD_ORD_1996;PROD_10;1;1
CORD_ORD_1996;PROD_13;1;1
CORD_ORD_1996;PROD_15;1;1
CORD_ORD_1996;PROD_16;1;1
CORD_ORD_1996;PROD_18;1;1
CORD_ORD_1996;PROD_2;1;1
CORD_ORD_1996;PROD_20;1;1
CORD_ORD_1996;PROD_30;1;1
CORD_ORD_1996;PROD_32;1;1
CORD_ORD_1996;PROD_34;1;1
CORD_ORD_1996;PROD_35;1;1
CORD_ORD_1996;PROD_38;1;1
CORD_ORD_1996;PROD_39;1;1
CORD_ORD_1996;PROD_40;1;1
CORD_ORD_1996;PROD_41;1;1
CORD_ORD_1996;PROD_43;1;1
CORD_ORD_1996;PROD_47;1;1
CORD_ORD_1996;PROD_49;1;1
CORD_ORD_1996;PROD_8;1;1
CORD_ORD_1997;PROD_10;1;1
CORD_ORD_1997;PROD_12;1;1
CORD_ORD_1997;PROD_14;1;1
CORD_ORD_1997;PROD_16;1;1
CORD_ORD_1997;PROD_17;1;1
CORD_ORD_1997;PROD_18;1;1
CORD_ORD_1997;PROD_19;1;1
CORD_ORD_1997;PROD_2;1;1
CORD_ORD_1997;PROD_21;1;1
CORD_ORD_1997;PROD_26;1;1
CORD_ORD_1997;PROD_28;1;1
CORD_ORD_1997;PROD_31;1;1
CORD_ORD_1997;PROD_33;1;1
CORD_ORD_1997;PROD_4;1;1
CORD_ORD_1997;PROD_41;1;1
CORD_ORD_1997;PROD_44;1;1
CORD_ORD_1997;PROD_46;1;1
CORD_ORD_1997;PROD_48;1;1
CORD_ORD_1997;PROD_6;1;1
CORD_ORD_1997;PROD_8;1;1
CORD_ORD_1997;PROD_9;1;1
CORD_ORD_1998;PROD_10;1;1
CORD_ORD_1998;PROD_12;1;1
CORD_ORD_1998;PROD_14;1;1
CORD_ORD_1998;PROD_16;1;1
CORD_ORD_1998;PROD_20;1;1
CORD_ORD_1998;PROD_21;1;1
CORD_ORD_1998;PROD_22;1;1
CORD_ORD_1998;PROD_23;1;1
CORD_ORD_1998;PROD_25;1;1
CORD_ORD_1998;PROD_26;1;1
CORD_ORD_1998;PROD_28;1;1
CORD_ORD_1998;PROD_30;1;1
CORD_ORD_1998;PROD_35;1;1
CORD_ORD_1998;PROD_39;1;1
CORD_ORD_1998;PROD_4;1;1
CORD_ORD_1998;PROD_40;1;1
CORD_ORD_1998;PROD_45;1;1
CORD_ORD_1998;PROD_46;1;1
CORD_ORD_1998;PROD_50;1;1
CORD_ORD_1998;PROD_6;1;1
CORD_ORD_1998;PROD_8;1;1
CORD_ORD_1998;PROD_9;1;1
CORD_ORD_1999;PROD_1;1;1
CORD_ORD_1999;PROD_11;1;1
CORD_ORD_1999;PROD_13;1;1
CORD_ORD_1999;PROD_15;1;1
CORD_ORD_1999;PROD_17;1;1
CORD_ORD_1999;PROD_18;1;1
CORD_ORD_1999;PROD_19;1;1
CORD_ORD_1999;PROD_2;1;1
CORD_ORD_1999;PROD_23;1;1
CORD_ORD_1999;PROD_24;1;1
CORD_ORD_1999;PROD_27;1;1
CORD_ORD_1999;PROD_29;1;1
CORD_ORD_1999;PROD_3;1;1
CORD_ORD_1999;PROD_31;1;1
CORD_ORD_1999;PROD_33;1;1
CORD_ORD_1999;PROD_34;1;1
CORD_ORD_1999;PROD_36;1;1
CORD_ORD_1999;PROD_37;1;1
CORD_ORD_1999;PROD_38;1;1
CORD_ORD_1999;PROD_41;1;1
CORD_ORD_1999;PROD_42;1;1
CORD_ORD_1999;PROD_44;1;1
CORD_ORD_1999;PROD_45;1;1
CORD_ORD_1999;PROD_48;1;1
CORD_ORD_1999;PROD_49;1;1
