ORDER;PRODUCT;QTY;STATION
ORD_1;PROD_41;3;5
ORD_1;PROD_1;8;4
ORD_1;PROD_30;6;1
ORD_1;PROD_26;7;4
ORD_1;PROD_5;3;2
ORD_2;PROD_12;1;3
ORD_2;PROD_15;1;3
ORD_2;PROD_6;8;3
ORD_2;PROD_24;2;4
ORD_2;PROD_3;6;4
ORD_2;PROD_49;6;2
ORD_2;PROD_19;3;1
ORD_2;PROD_7;8;4
ORD_2;PROD_37;1;3
ORD_2;PROD_5;6;2
ORD_2;PROD_25;3;1
ORD_2;PROD_24;2;4
ORD_3;PROD_29;3;2
ORD_3;PROD_30;5;1
ORD_3;PROD_50;3;1
ORD_3;PROD_14;4;5
ORD_3;PROD_1;6;4
ORD_3;PROD_23;3;4
ORD_3;PROD_21;1;2
ORD_3;PROD_11;7;3
ORD_3;PROD_22;3;2
ORD_3;PROD_29;4;4
ORD_3;PROD_33;4;2
ORD_3;PROD_29;5;1
ORD_3;PROD_36;5;3
ORD_3;PROD_46;2;5
ORD_3;PROD_50;7;4
ORD_4;PROD_27;6;5
ORD_4;PROD_41;5;3
ORD_4;PROD_16;9;3
ORD_4;PROD_27;6;3
ORD_4;PROD_12;7;4
ORD_5;PROD_16;7;2
ORD_5;PROD_27;3;4
ORD_5;PROD_2;9;5
ORD_5;PROD_36;7;1
ORD_5;PROD_1;8;2
ORD_5;PROD_50;9;2
ORD_5;PROD_23;5;1
ORD_5;PROD_33;5;5
ORD_6;PROD_30;9;1
ORD_6;PROD_13;9;5
ORD_6;PROD_38;5;1
ORD_6;PROD_36;5;1
ORD_6;PROD_9;7;4
ORD_6;PROD_33;5;4
ORD_6;PROD_5;1;5
ORD_6;PROD_46;9;1
ORD_6;PROD_50;4;4
ORD_7;PROD_19;2;3
ORD_7;PROD_3;8;2
ORD_7;PROD_28;1;4
ORD_7;PROD_38;4;4
ORD_7;PROD_29;6;4
ORD_7;PROD_42;7;1
ORD_7;PROD_38;6;1
ORD_7;PROD_41;5;4
ORD_7;PROD_12;5;2
ORD_7;PROD_18;2;4
ORD_7;PROD_21;3;3
ORD_8;PROD_10;7;3
ORD_8;PROD_5;2;5
ORD_8;PROD_4;8;4
ORD_8;PROD_35;2;4
ORD_8;PROD_16;2;1
ORD_8;PROD_27;4;1
ORD_8;PROD_6;4;4
ORD_8;PROD_24;4;5
ORD_8;PROD_8;3;3
ORD_8;PROD_36;9;3
ORD_8;PROD_4;9;2
ORD_8;PROD_37;9;4
ORD_8;PROD_8;8;3
ORD_8;PROD_10;3;2
ORD_9;PROD_12;3;5
ORD_9;PROD_47;1;5
ORD_9;PROD_6;5;5
ORD_9;PROD_23;5;1
ORD_9;PROD_30;3;4
ORD_9;PROD_13;7;2
ORD_9;PROD_38;1;4
ORD_9;PROD_9;4;2
ORD_9;PROD_12;4;4
ORD_9;PROD_20;7;5
ORD_10;PROD_19;4;1
ORD_10;PROD_3;2;3
ORD_10;PROD_28;4;4
ORD_10;PROD_27;9;5
ORD_10;PROD_41;5;3
ORD_10;PROD_32;9;1
ORD_10;PROD_39;8;1
ORD_10;PROD_32;2;1
ORD_10;PROD_8;2;2
ORD_10;PROD_32;5;5
ORD_10;PROD_32;4;3
ORD_10;PROD_11;4;2
ORD_11;PROD_25;7;3
ORD_11;PROD_6;7;1
ORD_11;PROD_5;1;3
ORD_11;PROD_48;4;4
ORD_11;PROD_39;3;1
ORD_12;PROD_29;1;2
ORD_12;PROD_30;9;1
ORD_12;PROD_50;6;5
ORD_12;PROD_14;2;5
ORD_12;PROD_1;4;1
ORD_13;PROD_37;6;2
ORD_13;PROD_12;9;5
ORD_13;PROD_28;3;2
ORD_13;PROD_3;3;5
ORD_13;PROD_49;8;5
ORD_14;PROD_4;6;4
ORD_14;PROD_11;9;3
ORD_14;PROD_41;8;4
ORD_14;PROD_34;6;4
ORD_14;PROD_31;3;5
ORD_14;PROD_17;3;4
ORD_14;PROD_34;1;3
ORD_14;PROD_30;6;1
ORD_15;PROD_3;8;3
ORD_15;PROD_25;2;4
ORD_15;PROD_17;2;1
ORD_15;PROD_46;1;1
ORD_15;PROD_47;2;4
ORD_15;PROD_42;3;4
ORD_15;PROD_30;4;1
ORD_15;PROD_3;6;3
ORD_16;PROD_8;5;3
ORD_16;PROD_47;8;5
ORD_16;PROD_12;1;5
ORD_16;PROD_20;4;3
ORD_16;PROD_17;5;3
ORD_16;PROD_22;1;5
ORD_16;PROD_35;7;3
ORD_16;PROD_22;1;4
ORD_16;PROD_20;3;2
ORD_16;PROD_12;6;1
ORD_16;PROD_33;2;2
ORD_16;PROD_30;2;1
ORD_16;PROD_24;3;1
ORD_16;PROD_23;1;5
ORD_17;PROD_9;6;1
ORD_17;PROD_6;5;4
ORD_17;PROD_15;2;3
ORD_17;PROD_18;9;3
ORD_17;PROD_3;1;1
ORD_17;PROD_31;7;2
ORD_17;PROD_36;6;5
ORD_17;PROD_39;8;4
ORD_18;PROD_19;8;2
ORD_18;PROD_23;8;2
ORD_18;PROD_40;1;2
ORD_18;PROD_1;5;4
ORD_18;PROD_24;8;5
ORD_18;PROD_37;5;5
ORD_18;PROD_28;7;2
ORD_18;PROD_1;6;1
ORD_18;PROD_4;1;4
ORD_18;PROD_11;5;5
ORD_18;PROD_7;3;2
ORD_18;PROD_49;6;4
ORD_18;PROD_21;9;3
ORD_18;PROD_34;8;5
ORD_19;PROD_47;8;2
ORD_19;PROD_44;4;2
ORD_19;PROD_47;2;2
ORD_19;PROD_44;5;4
ORD_19;PROD_41;2;3
ORD_19;PROD_1;6;3
ORD_19;PROD_32;7;2
ORD_19;PROD_36;5;3
ORD_19;PROD_23;4;2
ORD_19;PROD_14;8;1
ORD_19;PROD_41;6;1
ORD_19;PROD_21;7;1
ORD_19;PROD_22;9;1
ORD_19;PROD_32;8;4
ORD_20;PROD_3;4;4
ORD_20;PROD_49;2;1
ORD_20;PROD_19;5;2
ORD_20;PROD_7;8;3
ORD_20;PROD_29;2;4
ORD_20;PROD_22;8;2
ORD_21;PROD_29;3;3
ORD_21;PROD_30;2;3
ORD_21;PROD_50;4;5
ORD_21;PROD_14;8;3
ORD_21;PROD_1;1;5
ORD_21;PROD_31;1;1
ORD_21;PROD_5;9;4
ORD_21;PROD_35;2;2
ORD_22;PROD_47;7;2
ORD_22;PROD_39;8;1
ORD_22;PROD_24;9;1
ORD_22;PROD_30;8;4
ORD_22;PROD_50;1;1
ORD_22;PROD_26;9;2
ORD_22;PROD_11;4;1
ORD_22;PROD_20;6;3
ORD_22;PROD_5;9;5
ORD_22;PROD_23;4;4
ORD_23;PROD_15;8;2
ORD_23;PROD_31;2;3
ORD_23;PROD_27;2;1
ORD_23;PROD_20;7;1
ORD_23;PROD_49;6;4
ORD_23;PROD_2;1;2
ORD_23;PROD_50;5;4
ORD_23;PROD_41;9;3
ORD_23;PROD_17;6;3
ORD_23;PROD_6;4;5
ORD_23;PROD_38;9;4
ORD_23;PROD_1;6;5
ORD_23;PROD_12;9;1
ORD_23;PROD_43;8;2
ORD_24;PROD_9;8;1
ORD_24;PROD_1;5;5
ORD_24;PROD_48;8;4
ORD_24;PROD_41;3;2
ORD_24;PROD_9;8;1
ORD_24;PROD_12;7;4
ORD_24;PROD_20;3;3
ORD_24;PROD_33;3;5
ORD_24;PROD_7;9;1
ORD_24;PROD_30;2;4
ORD_24;PROD_13;1;5
ORD_24;PROD_38;4;2
ORD_24;PROD_26;8;4
ORD_24;PROD_28;4;1
ORD_24;PROD_11;6;2
ORD_25;PROD_31;1;1
ORD_25;PROD_5;3;2
ORD_25;PROD_17;1;5
ORD_25;PROD_13;6;1
ORD_25;PROD_41;4;4
ORD_25;PROD_22;1;2
ORD_26;PROD_30;1;2
ORD_26;PROD_13;5;5
ORD_26;PROD_38;3;2
ORD_26;PROD_12;5;3
ORD_26;PROD_47;6;1
ORD_26;PROD_6;8;3
ORD_26;PROD_23;7;4
ORD_26;PROD_29;6;2
ORD_26;PROD_30;6;1
ORD_26;PROD_50;4;3
ORD_26;PROD_14;8;2
ORD_26;PROD_1;7;2
ORD_27;PROD_34;4;2
ORD_27;PROD_47;4;5
ORD_27;PROD_49;6;2
ORD_27;PROD_38;5;3
ORD_27;PROD_19;1;2
ORD_27;PROD_24;5;5
ORD_27;PROD_15;6;3
ORD_27;PROD_14;6;1
ORD_27;PROD_11;3;4
ORD_27;PROD_7;4;2
ORD_27;PROD_26;8;2
ORD_27;PROD_37;7;2
ORD_27;PROD_25;4;3
ORD_27;PROD_27;8;5
ORD_27;PROD_32;3;2
ORD_28;PROD_47;2;2
ORD_28;PROD_44;4;4
ORD_28;PROD_37;1;4
ORD_28;PROD_12;2;2
ORD_28;PROD_28;5;4
ORD_28;PROD_30;3;3
ORD_28;PROD_13;5;4
ORD_28;PROD_38;9;1
ORD_28;PROD_28;2;5
ORD_28;PROD_30;7;1
ORD_28;PROD_26;4;5
ORD_28;PROD_41;5;5
ORD_29;PROD_7;1;3
ORD_29;PROD_16;5;3
ORD_29;PROD_6;5;2
ORD_29;PROD_37;8;3
ORD_29;PROD_24;8;3
ORD_29;PROD_32;2;5
ORD_29;PROD_48;8;4
ORD_29;PROD_4;5;2
ORD_29;PROD_46;5;1
ORD_29;PROD_33;2;5
ORD_29;PROD_32;6;2
ORD_29;PROD_29;3;1
ORD_29;PROD_2;6;1
ORD_29;PROD_16;8;1
ORD_29;PROD_21;2;3
ORD_30;PROD_6;2;5
ORD_30;PROD_24;5;1
ORD_30;PROD_21;4;3
ORD_30;PROD_45;3;3
ORD_30;PROD_24;2;2
ORD_30;PROD_30;4;5
ORD_30;PROD_37;5;1
ORD_30;PROD_39;1;2
ORD_30;PROD_3;2;3
ORD_30;PROD_43;7;4
ORD_30;PROD_46;3;2
ORD_30;PROD_33;3;4
ORD_30;PROD_48;7;2
ORD_31;PROD_22;5;3
ORD_31;PROD_3;6;1
ORD_31;PROD_28;5;1
ORD_31;PROD_14;4;2
ORD_31;PROD_37;1;4
ORD_31;PROD_44;1;2
ORD_31;PROD_15;7;5
ORD_31;PROD_23;3;4
ORD_32;PROD_30;5;3
ORD_32;PROD_27;2;5
ORD_32;PROD_43;4;2
ORD_32;PROD_42;9;1
ORD_32;PROD_40;2;3
ORD_32;PROD_46;2;3
ORD_32;PROD_25;5;4
ORD_32;PROD_1;6;5
ORD_32;PROD_28;8;1
ORD_32;PROD_36;3;2
ORD_33;PROD_30;8;3
ORD_33;PROD_1;1;5
ORD_33;PROD_41;8;4
ORD_33;PROD_10;8;2
ORD_33;PROD_24;8;1
ORD_33;PROD_45;3;3
ORD_33;PROD_47;2;5
ORD_34;PROD_30;9;5
ORD_34;PROD_45;6;3
ORD_34;PROD_25;3;2
ORD_34;PROD_8;6;4
ORD_34;PROD_4;7;5
ORD_34;PROD_29;2;5
ORD_35;PROD_16;6;3
ORD_35;PROD_2;5;4
ORD_35;PROD_31;8;1
ORD_35;PROD_4;8;3
ORD_35;PROD_41;5;1
ORD_35;PROD_8;4;4
ORD_35;PROD_7;9;5
ORD_35;PROD_34;5;3
ORD_35;PROD_9;2;2
ORD_35;PROD_8;9;4
ORD_35;PROD_17;8;4
ORD_35;PROD_34;3;4
ORD_35;PROD_17;3;1
ORD_35;PROD_40;9;3
ORD_36;PROD_47;2;4
ORD_36;PROD_44;2;3
ORD_36;PROD_41;4;5
ORD_36;PROD_50;4;5
ORD_36;PROD_44;9;2
ORD_36;PROD_45;4;4
ORD_36;PROD_47;3;1
ORD_36;PROD_49;1;3
ORD_36;PROD_8;7;1
ORD_36;PROD_43;9;5
ORD_37;PROD_19;2;4
ORD_37;PROD_2;7;2
ORD_37;PROD_46;9;1
ORD_37;PROD_16;5;4
ORD_37;PROD_35;5;3
ORD_38;PROD_10;1;4
ORD_38;PROD_5;7;5
ORD_38;PROD_4;2;3
ORD_38;PROD_35;1;5
ORD_38;PROD_16;9;2
ORD_38;PROD_27;9;4
ORD_38;PROD_36;7;3
ORD_38;PROD_9;8;2
ORD_38;PROD_2;3;5
ORD_38;PROD_22;7;5
ORD_39;PROD_2;7;2
ORD_39;PROD_36;8;2
ORD_39;PROD_1;9;1
ORD_39;PROD_50;3;3
ORD_39;PROD_23;1;2
ORD_39;PROD_12;9;5
ORD_39;PROD_47;9;1
ORD_39;PROD_6;3;5
ORD_39;PROD_23;1;1
ORD_40;PROD_16;2;1
ORD_40;PROD_27;9;1
ORD_40;PROD_38;1;5
ORD_40;PROD_11;9;2
ORD_40;PROD_25;6;2
ORD_40;PROD_32;3;2
ORD_40;PROD_23;3;2
ORD_40;PROD_47;1;4
ORD_40;PROD_46;7;1
ORD_40;PROD_47;8;2
ORD_40;PROD_39;5;4
ORD_40;PROD_35;1;4
ORD_40;PROD_3;1;4
ORD_40;PROD_8;5;4
ORD_40;PROD_47;2;3
ORD_41;PROD_29;5;5
ORD_41;PROD_48;6;1
ORD_41;PROD_22;6;1
ORD_41;PROD_3;1;2
ORD_41;PROD_14;6;5
ORD_41;PROD_16;1;3
ORD_41;PROD_24;7;1
ORD_41;PROD_36;7;2
ORD_41;PROD_21;2;1
ORD_42;PROD_2;3;5
ORD_42;PROD_36;8;4
ORD_42;PROD_1;3;5
ORD_42;PROD_50;8;4
ORD_42;PROD_23;4;4
ORD_42;PROD_41;9;1
ORD_42;PROD_41;2;1
ORD_42;PROD_12;7;3
ORD_42;PROD_35;7;4
ORD_42;PROD_1;3;3
ORD_43;PROD_46;6;4
ORD_43;PROD_35;5;3
ORD_43;PROD_20;7;2
ORD_43;PROD_16;6;4
ORD_43;PROD_13;9;3
ORD_43;PROD_21;7;5
ORD_43;PROD_36;1;2
ORD_43;PROD_8;9;5
ORD_44;PROD_43;7;5
ORD_44;PROD_34;6;2
ORD_44;PROD_14;2;4
ORD_44;PROD_37;7;3
ORD_44;PROD_46;5;5
ORD_44;PROD_32;7;2
ORD_44;PROD_24;4;5
ORD_44;PROD_45;6;2
ORD_45;PROD_28;7;1
ORD_45;PROD_48;5;3
ORD_45;PROD_26;6;2
ORD_45;PROD_26;1;4
ORD_45;PROD_7;3;4
ORD_45;PROD_25;2;3
ORD_45;PROD_22;5;4
ORD_45;PROD_39;4;1
ORD_45;PROD_2;1;4
ORD_45;PROD_30;3;4
ORD_45;PROD_6;3;4
ORD_46;PROD_20;1;3
ORD_46;PROD_42;7;2
ORD_46;PROD_8;9;2
ORD_46;PROD_23;6;3
ORD_46;PROD_8;5;2
ORD_46;PROD_50;3;3
ORD_46;PROD_22;4;4
ORD_46;PROD_4;7;4
ORD_46;PROD_23;8;2
ORD_46;PROD_10;4;3
ORD_47;PROD_24;4;1
ORD_47;PROD_39;8;2
ORD_47;PROD_32;4;3
ORD_47;PROD_2;1;2
ORD_47;PROD_14;8;2
ORD_47;PROD_27;8;3
ORD_47;PROD_37;5;5
ORD_47;PROD_48;1;4
ORD_47;PROD_30;3;4
ORD_47;PROD_25;8;2
ORD_47;PROD_32;4;3
ORD_47;PROD_35;7;4
ORD_47;PROD_43;1;3
ORD_47;PROD_40;1;1
ORD_47;PROD_40;1;5
ORD_48;PROD_47;4;5
ORD_48;PROD_22;9;4
ORD_48;PROD_39;6;5
ORD_48;PROD_42;3;4
ORD_48;PROD_46;1;2
ORD_48;PROD_29;4;1
ORD_48;PROD_17;3;5
ORD_48;PROD_44;8;3
ORD_48;PROD_12;3;4
ORD_48;PROD_46;1;1
ORD_48;PROD_35;6;2
ORD_48;PROD_10;4;5
ORD_48;PROD_35;3;3
ORD_48;PROD_4;8;3
ORD_48;PROD_49;6;5
ORD_49;PROD_33;9;5
ORD_49;PROD_5;1;3
ORD_49;PROD_46;7;1
ORD_49;PROD_6;8;3
ORD_49;PROD_24;6;5
ORD_49;PROD_6;8;1
ORD_49;PROD_24;8;4
ORD_49;PROD_44;6;1
ORD_49;PROD_5;3;1
ORD_49;PROD_17;2;2
ORD_49;PROD_35;7;5
ORD_49;PROD_49;2;1
ORD_49;PROD_12;1;3
ORD_49;PROD_43;4;1
ORD_49;PROD_18;1;5
ORD_50;PROD_7;1;1
ORD_50;PROD_15;5;5
ORD_50;PROD_2;9;5
ORD_50;PROD_45;7;1
ORD_50;PROD_15;7;2
ORD_50;PROD_31;3;1
ORD_50;PROD_14;3;4
ORD_50;PROD_43;7;4
ORD_50;PROD_15;2;4
ORD_50;PROD_15;1;2
ORD_50;PROD_50;5;5
ORD_50;PROD_28;9;5
ORD_51;PROD_3;4;4
ORD_51;PROD_15;3;3
ORD_51;PROD_38;7;3
ORD_51;PROD_50;6;3
ORD_51;PROD_1;4;3
ORD_51;PROD_44;6;5
ORD_51;PROD_41;2;2
ORD_51;PROD_8;1;4
ORD_52;PROD_28;3;2
ORD_52;PROD_13;3;1
ORD_52;PROD_48;2;5
ORD_52;PROD_49;6;4
ORD_52;PROD_39;8;1
ORD_52;PROD_13;2;5
ORD_52;PROD_22;5;2
ORD_52;PROD_7;7;3
ORD_52;PROD_21;2;5
ORD_53;PROD_9;4;3
ORD_53;PROD_49;3;1
ORD_53;PROD_41;6;2
ORD_53;PROD_18;6;5
ORD_53;PROD_27;7;3
ORD_53;PROD_32;2;1
ORD_53;PROD_40;7;5
ORD_53;PROD_3;2;2
ORD_53;PROD_39;5;5
ORD_53;PROD_20;2;1
ORD_53;PROD_48;8;1
ORD_53;PROD_15;4;1
ORD_54;PROD_13;8;5
ORD_54;PROD_17;2;5
ORD_54;PROD_1;6;2
ORD_54;PROD_27;1;5
ORD_54;PROD_11;7;4
ORD_54;PROD_17;3;5
ORD_54;PROD_8;9;2
ORD_54;PROD_16;2;3
ORD_54;PROD_37;6;3
ORD_54;PROD_2;4;3
ORD_54;PROD_3;9;3
ORD_54;PROD_27;5;3
ORD_55;PROD_9;9;1
ORD_55;PROD_12;7;3
ORD_55;PROD_20;1;2
ORD_55;PROD_33;3;5
ORD_55;PROD_7;9;1
ORD_55;PROD_21;5;2
ORD_55;PROD_45;6;1
ORD_56;PROD_11;9;2
ORD_56;PROD_43;1;4
ORD_56;PROD_26;6;5
ORD_56;PROD_18;6;4
ORD_56;PROD_8;7;5
ORD_56;PROD_37;3;5
ORD_56;PROD_38;8;2
ORD_56;PROD_15;5;1
ORD_56;PROD_35;2;3
ORD_56;PROD_35;4;2
ORD_56;PROD_29;5;5
ORD_56;PROD_9;1;2
ORD_56;PROD_22;5;3
ORD_57;PROD_10;4;1
ORD_57;PROD_5;5;3
ORD_57;PROD_4;6;5
ORD_57;PROD_35;7;1
ORD_57;PROD_37;9;2
ORD_57;PROD_12;5;3
ORD_57;PROD_28;2;4
ORD_57;PROD_23;3;3
ORD_58;PROD_27;4;4
ORD_58;PROD_41;6;5
ORD_58;PROD_45;8;5
ORD_58;PROD_9;5;4
ORD_58;PROD_34;4;2
ORD_58;PROD_28;4;4
ORD_58;PROD_19;8;2
ORD_58;PROD_12;5;4
ORD_58;PROD_1;8;5
ORD_58;PROD_40;6;1
ORD_58;PROD_24;3;1
ORD_59;PROD_44;2;2
ORD_59;PROD_33;8;2
ORD_59;PROD_19;5;4
ORD_59;PROD_3;8;3
ORD_59;PROD_28;4;5
ORD_59;PROD_42;9;3
ORD_59;PROD_17;6;4
ORD_59;PROD_4;7;2
ORD_59;PROD_49;7;1
ORD_59;PROD_14;1;1
ORD_59;PROD_34;2;4
ORD_60;PROD_36;8;1
ORD_60;PROD_9;4;2
ORD_60;PROD_7;9;3
ORD_60;PROD_35;1;5
ORD_60;PROD_22;3;1
ORD_60;PROD_29;9;1
ORD_60;PROD_41;5;3
ORD_60;PROD_32;6;5
ORD_61;PROD_8;8;5
ORD_61;PROD_33;6;2
ORD_61;PROD_18;9;5
ORD_61;PROD_33;6;5
ORD_61;PROD_32;5;5
ORD_61;PROD_20;2;3
ORD_62;PROD_4;8;5
ORD_62;PROD_14;8;1
ORD_62;PROD_9;9;3
ORD_62;PROD_29;7;2
ORD_62;PROD_13;5;4
ORD_62;PROD_46;6;5
ORD_62;PROD_39;8;1
ORD_62;PROD_14;6;4
ORD_63;PROD_49;2;5
ORD_63;PROD_48;5;5
ORD_63;PROD_42;2;3
ORD_63;PROD_32;8;3
ORD_63;PROD_5;6;2
ORD_64;PROD_20;2;3
ORD_64;PROD_43;6;2
ORD_64;PROD_32;9;5
ORD_64;PROD_11;1;4
ORD_64;PROD_25;2;5
ORD_64;PROD_4;8;3
ORD_64;PROD_41;5;5
ORD_65;PROD_48;6;1
ORD_65;PROD_21;2;4
ORD_65;PROD_22;9;2
ORD_65;PROD_47;3;1
ORD_65;PROD_27;9;1
ORD_65;PROD_31;8;4
ORD_65;PROD_47;9;1
ORD_65;PROD_49;3;1
ORD_65;PROD_4;4;4
ORD_65;PROD_34;1;3
ORD_65;PROD_28;4;4
ORD_65;PROD_48;7;2
ORD_65;PROD_10;2;4
ORD_65;PROD_11;4;3
ORD_65;PROD_44;3;4
ORD_66;PROD_36;3;3
ORD_66;PROD_30;7;1
ORD_66;PROD_5;7;1
ORD_66;PROD_46;9;2
ORD_66;PROD_17;1;2
ORD_66;PROD_7;6;4
ORD_66;PROD_14;1;5
ORD_66;PROD_41;2;5
ORD_66;PROD_21;1;1
ORD_67;PROD_44;1;4
ORD_67;PROD_33;1;1
ORD_67;PROD_12;6;1
ORD_67;PROD_47;2;5
ORD_67;PROD_6;6;1
ORD_67;PROD_23;8;1
ORD_67;PROD_12;9;1
ORD_67;PROD_15;5;1
ORD_67;PROD_40;2;2
ORD_67;PROD_43;7;4
ORD_68;PROD_9;5;1
ORD_68;PROD_1;2;4
ORD_68;PROD_48;3;5
ORD_68;PROD_41;2;1
ORD_68;PROD_13;8;2
ORD_68;PROD_17;2;1
ORD_68;PROD_1;5;1
ORD_68;PROD_27;5;5
ORD_68;PROD_41;7;4
ORD_69;PROD_36;8;5
ORD_69;PROD_30;2;4
ORD_69;PROD_10;3;5
ORD_69;PROD_5;3;2
ORD_69;PROD_4;1;4
ORD_69;PROD_35;6;4
ORD_69;PROD_32;4;2
ORD_69;PROD_3;8;1
ORD_69;PROD_32;3;1
ORD_69;PROD_40;9;3
ORD_69;PROD_37;5;4
ORD_69;PROD_29;1;3
ORD_69;PROD_30;6;1
ORD_70;PROD_5;2;4
ORD_70;PROD_38;8;3
ORD_70;PROD_15;5;3
ORD_70;PROD_11;5;1
ORD_70;PROD_44;9;2
ORD_71;PROD_31;9;2
ORD_71;PROD_5;1;2
ORD_71;PROD_26;3;4
ORD_71;PROD_19;4;2
ORD_71;PROD_18;6;2
ORD_71;PROD_29;3;5
ORD_71;PROD_3;6;1
ORD_71;PROD_11;6;5
ORD_71;PROD_22;3;3
ORD_71;PROD_36;3;1
ORD_71;PROD_33;6;3
ORD_72;PROD_25;6;1
ORD_72;PROD_11;4;3
ORD_72;PROD_32;8;1
ORD_72;PROD_8;3;2
ORD_72;PROD_1;9;5
ORD_72;PROD_46;6;4
ORD_72;PROD_8;2;4
ORD_72;PROD_29;5;4
ORD_73;PROD_21;2;3
ORD_73;PROD_45;7;4
ORD_73;PROD_24;8;3
ORD_73;PROD_30;3;5
ORD_73;PROD_37;3;1
ORD_74;PROD_13;3;3
ORD_74;PROD_32;6;3
ORD_74;PROD_13;9;3
ORD_74;PROD_29;5;4
ORD_74;PROD_12;1;2
ORD_74;PROD_41;4;3
ORD_74;PROD_2;9;1
ORD_74;PROD_11;7;2
ORD_74;PROD_47;4;5
ORD_74;PROD_38;4;2
ORD_74;PROD_11;7;3
ORD_74;PROD_18;9;5
ORD_75;PROD_12;5;4
ORD_75;PROD_15;5;4
ORD_75;PROD_29;9;1
ORD_75;PROD_30;6;2
ORD_75;PROD_50;9;3
ORD_75;PROD_14;2;4
ORD_75;PROD_1;4;3
ORD_75;PROD_5;7;3
ORD_75;PROD_19;8;5
ORD_75;PROD_33;7;1
ORD_75;PROD_21;8;5
ORD_75;PROD_12;4;2
ORD_75;PROD_45;6;3
ORD_76;PROD_33;4;5
ORD_76;PROD_5;4;2
ORD_76;PROD_46;6;2
ORD_76;PROD_13;6;4
ORD_76;PROD_17;9;4
ORD_76;PROD_1;1;4
ORD_76;PROD_27;8;2
ORD_77;PROD_35;8;5
ORD_77;PROD_2;3;1
ORD_77;PROD_35;2;5
ORD_77;PROD_38;4;4
ORD_77;PROD_34;7;4
ORD_78;PROD_36;1;1
ORD_78;PROD_42;9;5
ORD_78;PROD_6;5;4
ORD_78;PROD_32;4;5
ORD_78;PROD_37;2;2
ORD_78;PROD_9;8;5
ORD_79;PROD_24;4;1
ORD_79;PROD_16;8;4
ORD_79;PROD_19;7;2
ORD_79;PROD_1;8;3
ORD_79;PROD_49;5;2
ORD_79;PROD_22;2;4
ORD_79;PROD_46;2;4
ORD_79;PROD_35;8;5
ORD_79;PROD_20;6;5
ORD_79;PROD_18;6;4
ORD_79;PROD_50;3;4
ORD_79;PROD_14;8;2
ORD_80;PROD_34;8;2
ORD_80;PROD_26;6;1
ORD_80;PROD_37;1;4
ORD_80;PROD_15;4;1
ORD_80;PROD_13;9;3
ORD_81;PROD_33;4;1
ORD_81;PROD_5;2;4
ORD_81;PROD_46;6;3
ORD_81;PROD_29;9;1
ORD_81;PROD_30;7;3
ORD_81;PROD_50;2;5
ORD_81;PROD_14;7;4
ORD_81;PROD_1;6;5
ORD_81;PROD_16;5;4
ORD_81;PROD_27;4;5
ORD_81;PROD_44;4;2
ORD_81;PROD_40;6;5
ORD_81;PROD_32;3;3
ORD_81;PROD_18;5;4
ORD_81;PROD_7;3;2
ORD_82;PROD_34;4;5
ORD_82;PROD_13;8;4
ORD_82;PROD_24;6;3
ORD_82;PROD_26;3;1
ORD_82;PROD_6;1;4
ORD_82;PROD_36;1;5
ORD_82;PROD_24;1;3
ORD_82;PROD_21;3;1
ORD_82;PROD_45;9;3
ORD_82;PROD_30;6;2
ORD_82;PROD_2;9;4
ORD_82;PROD_12;4;5
ORD_83;PROD_25;2;5
ORD_83;PROD_6;3;4
ORD_83;PROD_5;1;2
ORD_83;PROD_9;3;3
ORD_83;PROD_12;6;5
ORD_83;PROD_20;7;4
ORD_84;PROD_37;6;1
ORD_84;PROD_12;4;1
ORD_84;PROD_28;2;1
ORD_84;PROD_47;1;4
ORD_84;PROD_44;4;5
ORD_84;PROD_3;1;5
ORD_84;PROD_49;2;2
ORD_84;PROD_19;2;2
ORD_84;PROD_7;3;1
ORD_85;PROD_35;6;4
ORD_85;PROD_4;1;3
ORD_85;PROD_20;1;4
ORD_85;PROD_21;9;5
ORD_85;PROD_39;8;1
ORD_85;PROD_12;2;3
ORD_85;PROD_21;7;4
ORD_86;PROD_16;5;2
ORD_86;PROD_27;8;3
ORD_86;PROD_2;5;4
ORD_86;PROD_25;6;1
ORD_86;PROD_28;3;5
ORD_86;PROD_40;6;5
ORD_86;PROD_23;3;3
ORD_86;PROD_7;6;2
ORD_86;PROD_24;2;2
ORD_86;PROD_31;1;2
ORD_87;PROD_34;5;5
ORD_87;PROD_50;4;4
ORD_87;PROD_11;7;4
ORD_87;PROD_50;9;1
ORD_87;PROD_35;8;3
ORD_87;PROD_27;5;3
ORD_87;PROD_45;5;4
ORD_87;PROD_4;1;2
ORD_87;PROD_12;8;3
ORD_87;PROD_23;2;4
ORD_87;PROD_27;7;2
ORD_87;PROD_47;6;3
ORD_87;PROD_18;4;2
ORD_87;PROD_50;6;2
ORD_88;PROD_18;8;2
ORD_88;PROD_48;4;1
ORD_88;PROD_21;9;5
ORD_88;PROD_25;4;3
ORD_88;PROD_27;5;1
ORD_88;PROD_22;2;5
ORD_88;PROD_33;3;3
ORD_89;PROD_18;9;2
ORD_89;PROD_43;8;3
ORD_89;PROD_8;7;3
ORD_89;PROD_3;4;2
ORD_89;PROD_34;8;4
ORD_89;PROD_29;5;4
ORD_89;PROD_21;6;4
ORD_90;PROD_41;8;1
ORD_90;PROD_1;9;2
ORD_90;PROD_13;5;4
ORD_90;PROD_17;6;5
ORD_90;PROD_1;1;1
ORD_90;PROD_27;6;5
ORD_90;PROD_35;6;5
ORD_91;PROD_2;8;5
ORD_91;PROD_36;8;2
ORD_91;PROD_1;5;4
ORD_91;PROD_50;5;5
ORD_91;PROD_23;4;5
ORD_91;PROD_19;9;4
ORD_91;PROD_3;2;4
ORD_92;PROD_46;1;1
ORD_92;PROD_39;7;3
ORD_92;PROD_12;6;3
ORD_92;PROD_45;4;1
ORD_92;PROD_28;9;3
ORD_92;PROD_39;8;3
ORD_92;PROD_5;4;5
ORD_92;PROD_15;5;4
ORD_92;PROD_8;3;4
ORD_93;PROD_20;2;4
ORD_93;PROD_26;3;3
ORD_93;PROD_17;6;4
ORD_93;PROD_22;1;1
ORD_93;PROD_28;3;2
ORD_93;PROD_35;3;4
ORD_93;PROD_37;2;5
ORD_93;PROD_29;8;5
ORD_93;PROD_15;3;4
ORD_93;PROD_24;2;4
ORD_93;PROD_9;3;4
ORD_94;PROD_31;3;2
ORD_94;PROD_32;7;3
ORD_94;PROD_12;1;3
ORD_94;PROD_30;6;4
ORD_94;PROD_44;7;1
ORD_94;PROD_9;4;4
ORD_94;PROD_11;3;4
ORD_94;PROD_14;5;1
ORD_94;PROD_30;7;1
ORD_94;PROD_29;3;5
ORD_94;PROD_46;7;4
ORD_94;PROD_7;5;4
ORD_95;PROD_39;7;3
ORD_95;PROD_7;6;4
ORD_95;PROD_37;3;1
ORD_95;PROD_46;1;3
ORD_95;PROD_11;9;5
ORD_95;PROD_2;5;1
ORD_95;PROD_48;8;2
ORD_95;PROD_39;4;1
ORD_95;PROD_22;9;4
ORD_95;PROD_41;7;4
ORD_95;PROD_13;6;1
ORD_96;PROD_31;5;3
ORD_96;PROD_5;1;2
ORD_96;PROD_36;9;3
ORD_96;PROD_30;4;3
ORD_96;PROD_37;7;2
ORD_96;PROD_12;8;3
ORD_96;PROD_28;8;1
ORD_96;PROD_38;1;2
ORD_96;PROD_14;9;3
ORD_96;PROD_47;8;3
ORD_96;PROD_41;4;4
ORD_97;PROD_12;9;2
ORD_97;PROD_15;3;4
ORD_97;PROD_44;9;4
ORD_97;PROD_33;2;5
ORD_97;PROD_33;9;3
ORD_98;PROD_36;6;1
ORD_98;PROD_9;9;2
ORD_98;PROD_3;2;2
ORD_98;PROD_49;6;5
ORD_98;PROD_19;5;1
ORD_98;PROD_7;2;3
ORD_98;PROD_34;9;3
ORD_98;PROD_39;8;3
ORD_98;PROD_36;3;3
ORD_99;PROD_12;6;4
ORD_99;PROD_15;8;1
ORD_99;PROD_21;4;3
ORD_99;PROD_20;4;4
ORD_99;PROD_46;8;1
ORD_99;PROD_30;4;1
ORD_99;PROD_38;4;3
ORD_99;PROD_49;7;3
ORD_99;PROD_6;2;5
ORD_99;PROD_6;9;3
ORD_99;PROD_9;4;4
ORD_99;PROD_44;7;2
ORD_99;PROD_34;6;5
ORD_99;PROD_23;6;2
ORD_99;PROD_2;2;3
ORD_100;PROD_31;1;3
ORD_100;PROD_5;7;2
ORD_100;PROD_21;5;3
ORD_100;PROD_45;1;2
ORD_100;PROD_24;2;2
ORD_100;PROD_30;7;5
ORD_100;PROD_37;3;5
ORD_100;PROD_9;9;1
ORD_100;PROD_1;8;5
ORD_100;PROD_48;1;1
ORD_100;PROD_41;4;1
ORD_101;PROD_12;2;4
ORD_101;PROD_15;4;2
ORD_101;PROD_24;3;3
ORD_101;PROD_45;7;4
ORD_101;PROD_16;4;4
ORD_101;PROD_28;5;2
ORD_101;PROD_14;8;1
ORD_101;PROD_18;9;5
ORD_101;PROD_14;9;1
ORD_101;PROD_7;9;5
ORD_102;PROD_29;2;1
ORD_102;PROD_37;5;2
ORD_102;PROD_40;7;2
ORD_102;PROD_8;8;5
ORD_102;PROD_13;4;4
ORD_103;PROD_26;2;5
ORD_103;PROD_25;9;5
ORD_103;PROD_32;9;4
ORD_103;PROD_24;9;3
ORD_103;PROD_20;8;5
ORD_103;PROD_22;8;3
ORD_103;PROD_5;3;4
ORD_104;PROD_48;5;5
ORD_104;PROD_50;7;5
ORD_104;PROD_28;4;2
ORD_104;PROD_9;4;2
ORD_104;PROD_17;6;5
ORD_104;PROD_29;2;4
ORD_104;PROD_48;5;4
ORD_104;PROD_9;9;4
ORD_105;PROD_16;1;2
ORD_105;PROD_27;7;5
ORD_105;PROD_10;3;5
ORD_105;PROD_37;8;5
ORD_105;PROD_5;9;5
ORD_105;PROD_49;5;4
ORD_105;PROD_16;1;2
ORD_105;PROD_37;1;5
ORD_105;PROD_45;1;4
ORD_105;PROD_42;5;2
ORD_105;PROD_25;5;2
ORD_105;PROD_14;1;5
ORD_105;PROD_29;4;5
ORD_106;PROD_19;9;4
ORD_106;PROD_3;6;1
ORD_106;PROD_28;9;5
ORD_106;PROD_33;2;3
ORD_106;PROD_44;4;1
ORD_106;PROD_9;2;5
ORD_106;PROD_8;4;5
ORD_106;PROD_43;8;4
ORD_107;PROD_10;4;2
ORD_107;PROD_5;2;5
ORD_107;PROD_4;5;4
ORD_107;PROD_35;8;1
ORD_107;PROD_6;8;3
ORD_107;PROD_24;8;5
ORD_107;PROD_16;4;1
ORD_107;PROD_14;5;4
ORD_107;PROD_16;9;3
ORD_107;PROD_48;5;4
ORD_107;PROD_38;2;1
ORD_107;PROD_22;5;3
ORD_107;PROD_17;3;2
ORD_107;PROD_1;2;3
ORD_108;PROD_48;2;4
ORD_108;PROD_44;9;3
ORD_108;PROD_16;1;1
ORD_108;PROD_40;5;4
ORD_108;PROD_20;6;5
ORD_108;PROD_40;2;5
ORD_108;PROD_2;5;3
ORD_108;PROD_28;6;3
ORD_108;PROD_11;7;4
ORD_108;PROD_2;7;2
ORD_108;PROD_7;6;1
ORD_108;PROD_15;2;4
ORD_108;PROD_36;7;3
ORD_109;PROD_37;1;5
ORD_109;PROD_12;8;3
ORD_109;PROD_28;1;4
ORD_109;PROD_41;7;5
ORD_109;PROD_1;9;5
ORD_109;PROD_32;6;2
ORD_109;PROD_28;5;2
ORD_109;PROD_41;2;2
ORD_109;PROD_17;1;3
ORD_109;PROD_2;7;4
ORD_110;PROD_25;7;1
ORD_110;PROD_28;1;4
ORD_110;PROD_25;7;4
ORD_110;PROD_43;8;4
ORD_110;PROD_43;5;1
ORD_110;PROD_43;5;2
ORD_110;PROD_46;8;3
ORD_110;PROD_29;4;3
ORD_110;PROD_10;1;3
ORD_110;PROD_2;7;3
ORD_110;PROD_28;1;3
ORD_110;PROD_15;8;1
ORD_110;PROD_32;6;3
ORD_111;PROD_6;1;5
ORD_111;PROD_24;6;5
ORD_111;PROD_2;8;3
ORD_111;PROD_42;8;2
ORD_111;PROD_43;9;4
ORD_112;PROD_36;4;1
ORD_112;PROD_9;4;3
ORD_112;PROD_33;5;4
ORD_112;PROD_5;9;4
ORD_112;PROD_46;1;2
ORD_112;PROD_16;2;1
ORD_112;PROD_27;1;3
ORD_112;PROD_25;8;2
ORD_112;PROD_9;9;1
ORD_113;PROD_25;8;3
ORD_113;PROD_10;4;1
ORD_113;PROD_39;4;2
ORD_113;PROD_3;7;5
ORD_113;PROD_13;6;5
ORD_113;PROD_45;1;3
ORD_113;PROD_37;9;4
ORD_113;PROD_40;8;5
ORD_113;PROD_16;2;5
ORD_114;PROD_44;1;5
ORD_114;PROD_33;2;3
ORD_114;PROD_29;1;4
ORD_114;PROD_30;9;5
ORD_114;PROD_50;7;3
ORD_115;PROD_21;7;2
ORD_115;PROD_45;3;1
ORD_115;PROD_24;2;5
ORD_115;PROD_30;6;2
ORD_115;PROD_37;8;2
ORD_115;PROD_44;7;3
ORD_115;PROD_33;8;1
ORD_115;PROD_21;6;5
ORD_115;PROD_45;6;4
ORD_115;PROD_24;6;2
ORD_115;PROD_30;9;1
ORD_116;PROD_50;7;4
ORD_116;PROD_39;2;3
ORD_116;PROD_26;9;1
ORD_116;PROD_13;4;1
ORD_116;PROD_19;6;5
ORD_116;PROD_28;4;3
ORD_116;PROD_6;2;2
ORD_117;PROD_9;2;3
ORD_117;PROD_1;6;3
ORD_117;PROD_48;6;5
ORD_117;PROD_41;3;1
ORD_117;PROD_44;6;4
ORD_117;PROD_33;3;1
ORD_117;PROD_37;6;5
ORD_117;PROD_7;7;5
ORD_117;PROD_42;7;3
ORD_118;PROD_7;7;5
ORD_118;PROD_12;2;1
ORD_118;PROD_35;7;5
ORD_118;PROD_43;7;5
ORD_118;PROD_9;3;5
ORD_118;PROD_18;3;3
ORD_118;PROD_36;5;4
ORD_118;PROD_40;6;2
ORD_119;PROD_12;4;1
ORD_119;PROD_15;4;1
ORD_119;PROD_33;6;4
ORD_119;PROD_5;6;1
ORD_119;PROD_46;1;1
ORD_119;PROD_20;7;4
ORD_119;PROD_28;6;4
ORD_119;PROD_46;2;3
ORD_119;PROD_2;7;4
ORD_119;PROD_25;6;1
ORD_119;PROD_32;2;2
ORD_120;PROD_8;9;2
ORD_120;PROD_5;1;1
ORD_120;PROD_40;5;5
ORD_120;PROD_20;5;5
ORD_120;PROD_10;8;1
ORD_120;PROD_30;9;2
ORD_120;PROD_1;2;2
ORD_121;PROD_9;4;2
ORD_121;PROD_12;1;4
ORD_121;PROD_20;8;1
ORD_121;PROD_33;2;1
ORD_121;PROD_7;5;5
ORD_121;PROD_9;6;3
ORD_122;PROD_1;8;3
ORD_122;PROD_29;3;5
ORD_122;PROD_15;4;2
ORD_122;PROD_4;1;2
ORD_122;PROD_50;6;4
ORD_122;PROD_49;9;3
ORD_122;PROD_32;1;4
ORD_123;PROD_37;6;5
ORD_123;PROD_45;2;4
ORD_123;PROD_2;6;4
ORD_123;PROD_14;3;4
ORD_123;PROD_18;1;1
ORD_123;PROD_30;1;3
ORD_123;PROD_34;4;3
ORD_123;PROD_19;3;2
ORD_124;PROD_48;4;5
ORD_124;PROD_47;1;2
ORD_124;PROD_15;5;5
ORD_124;PROD_6;8;4
ORD_124;PROD_2;1;2
ORD_124;PROD_9;9;5
ORD_124;PROD_33;1;5
ORD_124;PROD_23;9;1
ORD_124;PROD_12;3;5
ORD_124;PROD_14;3;4
ORD_125;PROD_19;3;3
ORD_125;PROD_3;8;3
ORD_125;PROD_28;3;2
ORD_125;PROD_22;4;2
ORD_125;PROD_32;8;4
ORD_125;PROD_42;9;1
ORD_126;PROD_9;5;4
ORD_126;PROD_20;7;5
ORD_126;PROD_47;6;3
ORD_126;PROD_40;2;5
ORD_126;PROD_28;3;1
ORD_126;PROD_12;1;5
ORD_126;PROD_6;8;3
ORD_126;PROD_26;6;2
ORD_126;PROD_42;7;2
ORD_126;PROD_47;2;5
ORD_126;PROD_42;9;3
ORD_126;PROD_6;5;1
ORD_127;PROD_32;1;4
ORD_127;PROD_18;9;4
ORD_127;PROD_43;4;3
ORD_127;PROD_45;7;5
ORD_127;PROD_27;5;3
ORD_127;PROD_19;9;3
ORD_127;PROD_5;4;2
ORD_127;PROD_6;6;5
ORD_127;PROD_32;6;2
ORD_127;PROD_39;3;5
ORD_127;PROD_43;4;5
ORD_127;PROD_13;8;3
ORD_127;PROD_41;4;5
ORD_127;PROD_15;5;1
ORD_128;PROD_36;7;4
ORD_128;PROD_23;7;4
ORD_128;PROD_33;7;2
ORD_128;PROD_26;3;4
ORD_128;PROD_32;7;5
ORD_129;PROD_12;7;2
ORD_129;PROD_47;9;1
ORD_129;PROD_6;4;3
ORD_129;PROD_23;3;4
ORD_129;PROD_36;4;3
ORD_129;PROD_36;4;5
ORD_129;PROD_29;2;5
ORD_129;PROD_49;2;5
ORD_129;PROD_6;9;3
ORD_129;PROD_17;7;5
ORD_129;PROD_21;8;3
ORD_129;PROD_28;9;2
ORD_129;PROD_11;9;4
ORD_130;PROD_37;3;4
ORD_130;PROD_12;4;5
ORD_130;PROD_28;3;1
ORD_130;PROD_37;6;3
ORD_130;PROD_11;9;4
ORD_130;PROD_17;5;4
ORD_130;PROD_23;2;5
ORD_130;PROD_24;9;3
ORD_130;PROD_46;8;1
ORD_130;PROD_21;3;3
ORD_130;PROD_40;1;4
ORD_130;PROD_2;8;4
ORD_130;PROD_29;3;2
ORD_130;PROD_31;1;4
ORD_131;PROD_48;8;2
ORD_131;PROD_28;3;5
ORD_131;PROD_43;2;4
ORD_131;PROD_37;2;3
ORD_131;PROD_43;3;1
ORD_131;PROD_10;1;5
ORD_131;PROD_50;5;5
ORD_131;PROD_15;2;2
ORD_132;PROD_29;1;4
ORD_132;PROD_14;1;3
ORD_132;PROD_22;8;1
ORD_132;PROD_25;2;4
ORD_132;PROD_35;2;5
ORD_132;PROD_43;2;5
ORD_132;PROD_6;6;3
ORD_132;PROD_39;6;1
ORD_132;PROD_45;6;3
ORD_132;PROD_12;1;2
ORD_133;PROD_30;6;2
ORD_133;PROD_42;4;1
ORD_133;PROD_35;8;3
ORD_133;PROD_50;9;5
ORD_133;PROD_30;8;4
ORD_133;PROD_28;7;1
ORD_133;PROD_38;1;3
ORD_133;PROD_36;1;5
ORD_133;PROD_50;6;3
ORD_133;PROD_37;8;5
ORD_133;PROD_20;5;4
ORD_133;PROD_20;1;4
ORD_134;PROD_46;7;1
ORD_134;PROD_30;9;2
ORD_134;PROD_20;9;1
ORD_134;PROD_37;5;4
ORD_134;PROD_28;9;5
ORD_134;PROD_50;2;5
ORD_135;PROD_29;5;2
ORD_135;PROD_30;7;4
ORD_135;PROD_50;3;2
ORD_135;PROD_14;6;3
ORD_135;PROD_1;2;2
ORD_135;PROD_19;8;4
ORD_135;PROD_3;4;4
ORD_135;PROD_28;7;3
ORD_135;PROD_12;1;1
ORD_135;PROD_15;6;2
ORD_135;PROD_34;5;4
ORD_135;PROD_23;8;2
ORD_135;PROD_17;3;3
ORD_135;PROD_14;2;3
ORD_135;PROD_25;9;3
ORD_136;PROD_28;8;1
ORD_136;PROD_50;2;5
ORD_136;PROD_2;4;4
ORD_136;PROD_39;1;3
ORD_136;PROD_39;6;4
ORD_136;PROD_46;7;1
ORD_136;PROD_34;4;2
ORD_136;PROD_43;2;1
ORD_136;PROD_15;6;1
ORD_136;PROD_33;1;2
ORD_137;PROD_31;8;4
ORD_137;PROD_5;8;2
ORD_137;PROD_6;7;3
ORD_137;PROD_46;4;2
ORD_137;PROD_31;7;5
ORD_138;PROD_25;5;3
ORD_138;PROD_6;6;4
ORD_138;PROD_5;7;4
ORD_138;PROD_12;8;2
ORD_138;PROD_47;7;2
ORD_138;PROD_6;6;1
ORD_139;PROD_12;3;4
ORD_139;PROD_15;6;2
ORD_139;PROD_17;5;3
ORD_139;PROD_17;8;5
ORD_139;PROD_24;8;5
ORD_139;PROD_32;3;3
ORD_139;PROD_49;6;5
ORD_139;PROD_32;8;2
ORD_139;PROD_34;5;1
ORD_139;PROD_33;8;1
ORD_139;PROD_21;3;3
ORD_139;PROD_14;6;1
ORD_140;PROD_6;4;5
ORD_140;PROD_24;5;2
ORD_140;PROD_47;6;1
ORD_140;PROD_44;4;4
ORD_140;PROD_18;8;4
ORD_140;PROD_20;5;5
ORD_140;PROD_24;1;3
ORD_140;PROD_7;1;2
ORD_140;PROD_2;3;3
ORD_140;PROD_34;7;3
ORD_141;PROD_17;7;4
ORD_141;PROD_40;5;4
ORD_141;PROD_12;4;4
ORD_141;PROD_27;3;2
ORD_141;PROD_16;6;2
ORD_141;PROD_5;6;5
ORD_141;PROD_44;6;2
ORD_141;PROD_21;5;2
ORD_141;PROD_47;3;5
ORD_141;PROD_30;1;2
ORD_141;PROD_32;5;2
ORD_142;PROD_9;9;1
ORD_142;PROD_1;9;3
ORD_142;PROD_48;4;2
ORD_142;PROD_41;1;3
ORD_142;PROD_29;5;3
ORD_143;PROD_29;4;2
ORD_143;PROD_30;9;1
ORD_143;PROD_50;6;3
ORD_143;PROD_14;7;2
ORD_143;PROD_1;3;3
ORD_143;PROD_21;9;1
ORD_143;PROD_45;9;1
ORD_143;PROD_24;2;4
ORD_143;PROD_30;6;4
ORD_143;PROD_37;6;2
ORD_144;PROD_29;1;4
ORD_144;PROD_13;6;4
ORD_144;PROD_18;4;5
ORD_144;PROD_36;5;2
ORD_144;PROD_49;8;3
ORD_144;PROD_35;4;2
ORD_144;PROD_15;2;2
ORD_145;PROD_16;9;5
ORD_145;PROD_27;4;2
ORD_145;PROD_25;4;2
ORD_145;PROD_6;5;1
ORD_145;PROD_5;7;3
ORD_145;PROD_28;3;3
ORD_145;PROD_7;1;2
ORD_145;PROD_16;6;3
ORD_146;PROD_25;4;2
ORD_146;PROD_47;9;5
ORD_146;PROD_22;9;3
ORD_146;PROD_30;4;3
ORD_146;PROD_25;1;5
ORD_146;PROD_1;7;5
ORD_146;PROD_26;1;3
ORD_146;PROD_17;1;4
ORD_146;PROD_46;1;2
ORD_146;PROD_12;2;5
ORD_146;PROD_2;6;3
ORD_146;PROD_36;6;1
ORD_146;PROD_10;5;4
ORD_146;PROD_14;7;4
ORD_146;PROD_8;4;1
ORD_147;PROD_39;8;1
ORD_147;PROD_37;1;3
ORD_147;PROD_17;8;5
ORD_147;PROD_5;6;2
ORD_147;PROD_49;9;1
ORD_147;PROD_38;4;4
ORD_147;PROD_44;9;1
ORD_147;PROD_4;7;4
ORD_147;PROD_13;6;4
ORD_147;PROD_46;3;4
ORD_148;PROD_29;7;3
ORD_148;PROD_15;6;2
ORD_148;PROD_21;5;3
ORD_148;PROD_8;7;1
ORD_148;PROD_3;1;3
ORD_148;PROD_5;7;4
ORD_148;PROD_21;3;5
ORD_148;PROD_31;7;3
ORD_148;PROD_47;7;3
ORD_148;PROD_15;3;1
ORD_148;PROD_26;2;4
ORD_148;PROD_47;6;2
ORD_148;PROD_49;3;1
ORD_149;PROD_36;1;4
ORD_149;PROD_9;3;2
ORD_149;PROD_9;9;1
ORD_149;PROD_12;4;4
ORD_149;PROD_20;9;2
ORD_149;PROD_33;7;5
ORD_149;PROD_7;8;4
ORD_149;PROD_44;5;1
ORD_149;PROD_33;4;5
ORD_149;PROD_25;9;3
ORD_149;PROD_24;6;3
ORD_150;PROD_12;9;4
ORD_150;PROD_47;4;5
ORD_150;PROD_6;7;4
ORD_150;PROD_23;4;5
ORD_150;PROD_9;5;3
ORD_151;PROD_12;7;4
ORD_151;PROD_47;4;5
ORD_151;PROD_6;3;1
ORD_151;PROD_23;4;4
ORD_151;PROD_3;3;5
ORD_151;PROD_49;5;1
ORD_151;PROD_19;8;3
ORD_151;PROD_7;3;4
ORD_151;PROD_13;4;1
ORD_151;PROD_17;2;5
ORD_151;PROD_1;8;1
ORD_151;PROD_27;6;3
ORD_151;PROD_32;7;3
ORD_152;PROD_29;8;2
ORD_152;PROD_30;3;1
ORD_152;PROD_50;2;5
ORD_152;PROD_14;7;1
ORD_152;PROD_1;1;3
ORD_152;PROD_9;3;4
ORD_152;PROD_12;3;3
ORD_152;PROD_20;2;4
ORD_152;PROD_33;2;1
ORD_152;PROD_7;8;4
ORD_152;PROD_47;8;1
ORD_152;PROD_44;9;4
ORD_152;PROD_17;7;5
ORD_152;PROD_7;3;5
ORD_152;PROD_42;8;1
ORD_153;PROD_12;3;5
ORD_153;PROD_47;5;1
ORD_153;PROD_6;6;5
ORD_153;PROD_23;4;4
ORD_153;PROD_3;6;3
ORD_153;PROD_49;8;4
ORD_153;PROD_19;6;5
ORD_154;PROD_19;3;2
ORD_154;PROD_3;2;1
ORD_154;PROD_28;5;4
ORD_154;PROD_42;4;5
ORD_154;PROD_49;1;4
ORD_155;PROD_44;9;4
ORD_155;PROD_18;4;4
ORD_155;PROD_21;2;2
ORD_155;PROD_15;4;1
ORD_155;PROD_5;4;2
ORD_155;PROD_23;4;3
ORD_156;PROD_19;7;3
ORD_156;PROD_3;9;4
ORD_156;PROD_28;6;1
ORD_156;PROD_16;2;2
ORD_156;PROD_27;6;5
ORD_156;PROD_21;6;4
ORD_156;PROD_49;9;2
ORD_156;PROD_47;9;4
ORD_156;PROD_11;3;4
ORD_156;PROD_21;3;4
ORD_156;PROD_6;9;1
ORD_157;PROD_19;7;1
ORD_157;PROD_3;4;2
ORD_157;PROD_28;5;3
ORD_157;PROD_12;9;5
ORD_157;PROD_15;8;4
ORD_157;PROD_17;1;3
ORD_157;PROD_50;1;4
ORD_157;PROD_2;6;1
ORD_157;PROD_33;7;3
ORD_157;PROD_46;8;2
ORD_158;PROD_8;2;2
ORD_158;PROD_41;8;3
ORD_158;PROD_32;5;2
ORD_158;PROD_49;9;4
ORD_158;PROD_42;7;4
ORD_158;PROD_23;9;2
ORD_159;PROD_12;8;3
ORD_159;PROD_47;5;3
ORD_159;PROD_6;1;1
ORD_159;PROD_23;8;2
ORD_159;PROD_13;4;2
ORD_159;PROD_44;7;1
ORD_159;PROD_27;1;1
ORD_159;PROD_5;3;4
ORD_159;PROD_15;6;5
ORD_159;PROD_22;5;1
ORD_160;PROD_29;1;3
ORD_160;PROD_30;8;1
ORD_160;PROD_50;8;4
ORD_160;PROD_14;6;4
ORD_160;PROD_1;1;5
ORD_160;PROD_36;3;1
ORD_160;PROD_30;3;5
ORD_160;PROD_30;9;3
ORD_160;PROD_13;3;1
ORD_160;PROD_38;1;5
ORD_160;PROD_6;6;4
ORD_161;PROD_12;8;2
ORD_161;PROD_35;3;2
ORD_161;PROD_29;7;3
ORD_161;PROD_29;9;3
ORD_161;PROD_23;4;2
ORD_161;PROD_43;5;4
ORD_161;PROD_39;6;4
ORD_161;PROD_7;2;4
ORD_161;PROD_36;2;2
ORD_161;PROD_18;1;2
ORD_161;PROD_11;5;3
ORD_161;PROD_4;2;3
ORD_162;PROD_12;5;3
ORD_162;PROD_47;8;5
ORD_162;PROD_6;9;3
ORD_162;PROD_23;7;2
ORD_162;PROD_2;8;2
ORD_162;PROD_27;7;1
ORD_163;PROD_29;5;1
ORD_163;PROD_15;9;4
ORD_163;PROD_41;9;2
ORD_163;PROD_43;7;1
ORD_163;PROD_13;3;3
ORD_163;PROD_12;2;4
ORD_163;PROD_37;1;2
ORD_163;PROD_33;9;4
ORD_163;PROD_37;1;2
ORD_163;PROD_28;2;4
ORD_163;PROD_12;9;5
ORD_163;PROD_5;4;3
ORD_163;PROD_48;3;4
ORD_163;PROD_3;8;2
ORD_164;PROD_20;2;2
ORD_164;PROD_39;6;4
ORD_164;PROD_28;8;5
ORD_164;PROD_17;3;1
ORD_164;PROD_22;8;3
ORD_164;PROD_28;9;1
ORD_165;PROD_46;6;3
ORD_165;PROD_32;1;1
ORD_165;PROD_50;6;3
ORD_165;PROD_28;1;4
ORD_165;PROD_5;5;1
ORD_165;PROD_43;6;2
ORD_165;PROD_16;9;3
ORD_165;PROD_38;8;1
ORD_166;PROD_23;2;2
ORD_166;PROD_27;2;1
ORD_166;PROD_38;5;2
ORD_166;PROD_3;9;4
ORD_166;PROD_23;9;1
ORD_166;PROD_17;1;3
ORD_166;PROD_5;9;1
ORD_166;PROD_20;8;4
ORD_166;PROD_30;1;3
ORD_166;PROD_15;1;2
ORD_166;PROD_27;9;2
ORD_166;PROD_1;1;5
ORD_166;PROD_32;2;5
ORD_166;PROD_43;5;1
ORD_167;PROD_33;3;1
ORD_167;PROD_5;4;5
ORD_167;PROD_46;4;2
ORD_167;PROD_36;5;4
ORD_167;PROD_30;1;4
ORD_167;PROD_10;1;1
ORD_167;PROD_5;5;3
ORD_168;PROD_37;1;1
ORD_168;PROD_37;1;4
ORD_168;PROD_32;1;2
ORD_168;PROD_8;9;5
ORD_168;PROD_27;6;3
ORD_168;PROD_27;3;2
ORD_168;PROD_33;6;5
ORD_168;PROD_47;8;2
ORD_168;PROD_28;3;3
ORD_168;PROD_26;2;3
ORD_168;PROD_22;9;3
ORD_168;PROD_36;8;1
ORD_168;PROD_31;9;1
ORD_169;PROD_29;3;4
ORD_169;PROD_30;1;3
ORD_169;PROD_50;8;5
ORD_169;PROD_14;4;4
ORD_169;PROD_1;3;3
ORD_169;PROD_42;6;5
ORD_169;PROD_31;3;4
ORD_169;PROD_37;5;4
ORD_169;PROD_7;8;3
ORD_169;PROD_21;5;4
ORD_169;PROD_22;5;2
ORD_169;PROD_5;4;2
ORD_170;PROD_17;7;5
ORD_170;PROD_7;3;2
ORD_170;PROD_37;6;1
ORD_170;PROD_7;1;1
ORD_170;PROD_28;5;2
ORD_170;PROD_15;1;4
ORD_170;PROD_24;8;5
ORD_171;PROD_41;5;1
ORD_171;PROD_1;1;5
ORD_171;PROD_30;9;4
ORD_171;PROD_3;8;4
ORD_171;PROD_13;6;5
ORD_171;PROD_19;7;2
ORD_171;PROD_28;4;4
ORD_171;PROD_45;8;4
ORD_171;PROD_27;2;1
ORD_171;PROD_25;4;4
ORD_171;PROD_24;6;3
ORD_171;PROD_29;2;1
ORD_171;PROD_3;4;5
ORD_171;PROD_9;4;5
ORD_172;PROD_45;6;4
ORD_172;PROD_43;9;4
ORD_172;PROD_38;4;2
ORD_172;PROD_25;6;3
ORD_172;PROD_25;1;5
ORD_173;PROD_44;4;5
ORD_173;PROD_33;6;1
ORD_173;PROD_12;3;4
ORD_173;PROD_15;5;5
ORD_173;PROD_43;7;5
ORD_173;PROD_42;8;2
ORD_173;PROD_34;2;2
ORD_173;PROD_18;8;3
ORD_173;PROD_6;5;1
ORD_173;PROD_6;1;5
ORD_173;PROD_28;9;4
ORD_173;PROD_29;5;1
ORD_173;PROD_10;2;1
ORD_174;PROD_15;2;3
ORD_174;PROD_33;7;3
ORD_174;PROD_4;5;3
ORD_174;PROD_21;3;2
ORD_174;PROD_37;4;5
ORD_174;PROD_21;4;4
ORD_174;PROD_49;8;5
ORD_174;PROD_39;3;1
ORD_174;PROD_1;1;4
ORD_174;PROD_38;8;1
ORD_174;PROD_15;4;3
ORD_174;PROD_12;8;3
ORD_174;PROD_46;8;4
ORD_174;PROD_8;7;5
ORD_174;PROD_1;1;1
ORD_175;PROD_46;8;3
ORD_175;PROD_42;3;3
ORD_175;PROD_37;1;3
ORD_175;PROD_32;3;5
ORD_175;PROD_39;3;1
ORD_175;PROD_11;7;2
ORD_175;PROD_16;3;1
ORD_175;PROD_20;6;2
ORD_175;PROD_41;8;1
ORD_175;PROD_35;1;2
ORD_176;PROD_30;7;4
ORD_176;PROD_24;3;2
ORD_176;PROD_12;6;2
ORD_176;PROD_9;3;5
ORD_176;PROD_33;2;3
ORD_177;PROD_47;5;4
ORD_177;PROD_44;4;3
ORD_177;PROD_36;4;2
ORD_177;PROD_9;8;3
ORD_177;PROD_26;4;3
ORD_178;PROD_24;2;5
ORD_178;PROD_41;9;3
ORD_178;PROD_12;8;5
ORD_178;PROD_18;8;1
ORD_178;PROD_42;2;1
ORD_178;PROD_32;9;5
ORD_178;PROD_29;1;2
ORD_178;PROD_21;6;5
ORD_178;PROD_37;5;2
ORD_178;PROD_17;2;3
ORD_179;PROD_16;2;4
ORD_179;PROD_27;8;1
ORD_179;PROD_44;1;3
ORD_179;PROD_33;1;5
ORD_179;PROD_36;4;1
ORD_179;PROD_34;6;4
ORD_179;PROD_9;6;4
ORD_179;PROD_27;4;1
ORD_179;PROD_17;1;1
ORD_180;PROD_26;9;5
ORD_180;PROD_13;4;4
ORD_180;PROD_49;2;5
ORD_180;PROD_26;3;3
ORD_180;PROD_25;5;2
ORD_180;PROD_8;7;5
ORD_180;PROD_22;2;3
ORD_181;PROD_19;6;2
ORD_181;PROD_3;6;4
ORD_181;PROD_28;2;1
ORD_181;PROD_25;2;1
ORD_181;PROD_6;5;4
ORD_181;PROD_5;3;2
ORD_181;PROD_3;8;5
ORD_181;PROD_32;4;4
ORD_181;PROD_18;9;2
ORD_181;PROD_30;3;4
ORD_181;PROD_15;7;1
ORD_181;PROD_29;8;4
ORD_181;PROD_20;3;4
ORD_182;PROD_40;7;5
ORD_182;PROD_41;5;4
ORD_182;PROD_34;1;4
ORD_182;PROD_50;5;1
ORD_182;PROD_11;4;3
ORD_182;PROD_12;1;5
ORD_182;PROD_31;8;3
ORD_182;PROD_17;6;5
ORD_182;PROD_12;1;5
ORD_182;PROD_12;1;5
ORD_183;PROD_25;4;1
ORD_183;PROD_41;7;3
ORD_183;PROD_44;8;2
ORD_183;PROD_7;4;4
ORD_183;PROD_39;4;1
ORD_183;PROD_29;8;2
ORD_183;PROD_9;8;2
ORD_183;PROD_30;6;1
ORD_183;PROD_32;2;4
ORD_183;PROD_11;9;5
ORD_183;PROD_20;7;1
ORD_184;PROD_25;1;5
ORD_184;PROD_18;7;2
ORD_184;PROD_45;4;3
ORD_184;PROD_14;4;1
ORD_184;PROD_10;7;3
ORD_184;PROD_32;8;1
ORD_184;PROD_3;5;1
ORD_184;PROD_46;3;3
ORD_185;PROD_37;4;4
ORD_185;PROD_12;9;2
ORD_185;PROD_28;3;5
ORD_185;PROD_27;3;4
ORD_185;PROD_41;6;1
ORD_185;PROD_44;6;1
ORD_185;PROD_18;7;1
ORD_185;PROD_24;7;2
ORD_185;PROD_47;1;2
ORD_186;PROD_12;1;1
ORD_186;PROD_47;2;3
ORD_186;PROD_6;6;2
ORD_186;PROD_23;2;4
ORD_186;PROD_47;4;2
ORD_187;PROD_25;1;3
ORD_187;PROD_48;4;4
ORD_187;PROD_27;9;4
ORD_187;PROD_3;1;5
ORD_187;PROD_2;9;1
ORD_187;PROD_46;5;3
ORD_187;PROD_26;2;2
ORD_187;PROD_3;3;2
ORD_187;PROD_48;2;3
ORD_187;PROD_32;1;3
ORD_187;PROD_26;5;4
ORD_187;PROD_11;8;1
ORD_187;PROD_33;7;4
ORD_188;PROD_9;5;2
ORD_188;PROD_1;6;4
ORD_188;PROD_48;9;3
ORD_188;PROD_41;9;4
ORD_188;PROD_26;3;1
ORD_189;PROD_33;8;1
ORD_189;PROD_41;5;5
ORD_189;PROD_1;1;2
ORD_189;PROD_3;4;3
ORD_189;PROD_17;9;3
ORD_189;PROD_20;8;5
ORD_189;PROD_40;9;4
ORD_189;PROD_42;7;3
ORD_189;PROD_12;6;5
ORD_189;PROD_34;8;1
ORD_189;PROD_9;4;1
ORD_189;PROD_35;9;3
ORD_189;PROD_30;4;4
ORD_190;PROD_10;4;3
ORD_190;PROD_21;7;2
ORD_190;PROD_18;5;1
ORD_190;PROD_20;7;2
ORD_190;PROD_20;1;2
ORD_190;PROD_16;3;3
ORD_190;PROD_4;1;4
ORD_190;PROD_44;9;3
ORD_190;PROD_23;4;2
ORD_190;PROD_26;5;1
ORD_190;PROD_24;8;1
ORD_190;PROD_35;9;5
ORD_190;PROD_9;8;4
ORD_191;PROD_38;6;3
ORD_191;PROD_10;2;5
ORD_191;PROD_44;3;1
ORD_191;PROD_16;8;4
ORD_191;PROD_35;9;5
ORD_191;PROD_40;3;3
ORD_191;PROD_12;7;5
ORD_191;PROD_10;4;3
ORD_191;PROD_49;6;1
ORD_192;PROD_44;6;2
ORD_192;PROD_18;4;1
ORD_192;PROD_28;4;4
ORD_192;PROD_6;9;1
ORD_192;PROD_47;8;2
ORD_192;PROD_50;9;5
ORD_192;PROD_15;6;1
ORD_192;PROD_50;9;3
ORD_192;PROD_19;9;4
ORD_192;PROD_5;4;4
ORD_192;PROD_48;5;4
ORD_192;PROD_41;8;4
ORD_192;PROD_27;6;5
ORD_193;PROD_43;5;2
ORD_193;PROD_25;6;4
ORD_193;PROD_10;5;1
ORD_193;PROD_32;4;3
ORD_193;PROD_40;2;4
ORD_193;PROD_39;2;2
ORD_193;PROD_46;6;5
ORD_193;PROD_27;3;1
ORD_193;PROD_35;9;2
ORD_194;PROD_33;6;2
ORD_194;PROD_5;3;3
ORD_194;PROD_46;1;3
ORD_194;PROD_8;7;4
ORD_194;PROD_33;7;5
ORD_194;PROD_34;9;3
ORD_194;PROD_12;2;5
ORD_194;PROD_3;5;2
ORD_194;PROD_42;6;4
ORD_194;PROD_19;6;2
ORD_195;PROD_20;3;4
ORD_195;PROD_42;9;5
ORD_195;PROD_1;4;3
ORD_195;PROD_28;2;1
ORD_195;PROD_32;4;3
ORD_195;PROD_43;3;1
ORD_195;PROD_39;4;2
ORD_195;PROD_34;2;3
ORD_195;PROD_37;4;4
ORD_195;PROD_25;9;4
ORD_195;PROD_39;2;3
ORD_195;PROD_33;7;1
ORD_195;PROD_29;3;3
ORD_196;PROD_25;4;1
ORD_196;PROD_6;4;4
ORD_196;PROD_5;6;4
ORD_196;PROD_21;9;1
ORD_196;PROD_45;5;1
ORD_196;PROD_24;3;1
ORD_196;PROD_30;2;1
ORD_196;PROD_37;9;1
ORD_197;PROD_36;6;2
ORD_197;PROD_9;5;5
ORD_197;PROD_2;3;5
ORD_197;PROD_17;6;2
ORD_197;PROD_4;4;5
ORD_197;PROD_15;3;3
ORD_197;PROD_4;9;4
ORD_197;PROD_46;8;5
ORD_197;PROD_9;1;5
ORD_197;PROD_2;9;1
ORD_197;PROD_13;7;1
ORD_198;PROD_30;7;3
ORD_198;PROD_13;4;1
ORD_198;PROD_38;6;3
ORD_198;PROD_31;9;1
ORD_198;PROD_5;2;5
ORD_198;PROD_48;5;4
ORD_198;PROD_36;2;5
ORD_198;PROD_43;6;5
ORD_198;PROD_26;6;4
ORD_199;PROD_10;4;2
ORD_199;PROD_5;4;4
ORD_199;PROD_4;6;1
ORD_199;PROD_35;1;3
ORD_199;PROD_23;7;1
ORD_199;PROD_18;4;4
ORD_199;PROD_38;9;1
ORD_199;PROD_23;1;5
ORD_199;PROD_39;5;4
ORD_199;PROD_44;4;5
ORD_200;PROD_5;7;4
ORD_200;PROD_3;2;3
ORD_200;PROD_19;5;5
ORD_200;PROD_7;8;3
ORD_200;PROD_23;5;3
ORD_200;PROD_9;4;2
ORD_200;PROD_27;4;5
ORD_200;PROD_42;1;2
ORD_200;PROD_39;6;1
ORD_200;PROD_14;2;5
ORD_200;PROD_44;1;2
ORD_201;PROD_35;5;4
ORD_201;PROD_49;3;5
ORD_201;PROD_18;4;4
ORD_201;PROD_14;2;3
ORD_201;PROD_20;8;3
ORD_201;PROD_12;2;1
ORD_201;PROD_17;9;4
ORD_201;PROD_35;2;5
ORD_201;PROD_14;9;1
ORD_201;PROD_29;3;4
ORD_201;PROD_49;2;5
ORD_201;PROD_35;2;2
ORD_202;PROD_2;6;4
ORD_202;PROD_36;7;2
ORD_202;PROD_36;5;2
ORD_202;PROD_38;3;2
ORD_202;PROD_40;4;5
ORD_203;PROD_12;8;3
ORD_203;PROD_41;6;4
ORD_203;PROD_32;5;1
ORD_203;PROD_3;5;4
ORD_203;PROD_26;5;2
ORD_203;PROD_42;4;3
ORD_204;PROD_27;1;1
ORD_204;PROD_41;3;3
ORD_204;PROD_19;4;4
ORD_204;PROD_3;8;5
ORD_204;PROD_28;5;3
ORD_204;PROD_15;4;4
ORD_204;PROD_24;7;2
ORD_204;PROD_38;8;1
ORD_205;PROD_1;7;3
ORD_205;PROD_26;4;5
ORD_205;PROD_38;7;5
ORD_205;PROD_7;6;5
ORD_205;PROD_44;4;5
ORD_205;PROD_28;3;1
ORD_205;PROD_13;6;3
ORD_205;PROD_3;4;4
ORD_206;PROD_50;9;4
ORD_206;PROD_5;5;1
ORD_206;PROD_20;3;3
ORD_206;PROD_8;8;2
ORD_206;PROD_11;5;2
ORD_206;PROD_34;8;2
ORD_206;PROD_7;2;2
ORD_206;PROD_23;6;1
ORD_206;PROD_8;2;1
ORD_206;PROD_48;6;2
ORD_206;PROD_41;9;4
ORD_206;PROD_45;2;2
ORD_206;PROD_41;5;3
ORD_206;PROD_47;8;3
ORD_206;PROD_42;9;5
ORD_207;PROD_37;9;1
ORD_207;PROD_12;5;1
ORD_207;PROD_28;9;5
ORD_207;PROD_3;8;3
ORD_207;PROD_49;6;5
ORD_207;PROD_19;8;3
ORD_207;PROD_7;8;4
ORD_207;PROD_25;7;5
ORD_208;PROD_44;8;3
ORD_208;PROD_33;9;5
ORD_208;PROD_41;4;4
ORD_208;PROD_25;3;4
ORD_208;PROD_9;6;5
ORD_209;PROD_49;2;2
ORD_209;PROD_17;5;5
ORD_209;PROD_15;6;5
ORD_209;PROD_50;2;1
ORD_209;PROD_28;9;5
ORD_209;PROD_10;6;5
ORD_209;PROD_9;2;4
ORD_209;PROD_29;3;1
ORD_209;PROD_5;9;5
ORD_210;PROD_3;4;2
ORD_210;PROD_49;3;4
ORD_210;PROD_19;8;1
ORD_210;PROD_7;9;5
ORD_210;PROD_14;7;3
ORD_210;PROD_49;5;1
ORD_210;PROD_7;9;2
ORD_210;PROD_4;3;4
ORD_211;PROD_21;5;4
ORD_211;PROD_45;5;3
ORD_211;PROD_24;9;4
ORD_211;PROD_30;9;1
ORD_211;PROD_37;1;2
ORD_212;PROD_5;2;1
ORD_212;PROD_50;9;3
ORD_212;PROD_47;6;1
ORD_212;PROD_49;9;2
ORD_212;PROD_41;9;4
ORD_212;PROD_24;1;2
ORD_212;PROD_45;8;1
ORD_212;PROD_22;3;5
ORD_212;PROD_37;8;5
ORD_212;PROD_18;2;2
ORD_212;PROD_30;5;5
ORD_212;PROD_20;7;4
ORD_212;PROD_29;5;4
ORD_212;PROD_41;8;1
ORD_212;PROD_33;9;3
ORD_213;PROD_12;7;1
ORD_213;PROD_15;5;5
ORD_213;PROD_47;6;1
ORD_213;PROD_34;6;4
ORD_213;PROD_13;1;2
ORD_213;PROD_19;2;2
ORD_213;PROD_13;1;5
ORD_213;PROD_21;6;5
ORD_214;PROD_1;4;4
ORD_214;PROD_10;8;1
ORD_214;PROD_29;5;5
ORD_214;PROD_38;8;5
ORD_214;PROD_42;8;4
ORD_214;PROD_43;4;1
ORD_214;PROD_6;4;5
ORD_214;PROD_20;9;4
ORD_214;PROD_35;1;1
ORD_215;PROD_9;3;2
ORD_215;PROD_1;9;1
ORD_215;PROD_49;3;4
ORD_215;PROD_38;9;1
ORD_215;PROD_39;1;2
ORD_215;PROD_41;8;1
ORD_215;PROD_12;3;5
ORD_215;PROD_49;9;4
ORD_216;PROD_1;7;2
ORD_216;PROD_22;6;1
ORD_216;PROD_20;8;4
ORD_216;PROD_42;2;4
ORD_216;PROD_27;5;1
ORD_216;PROD_30;4;2
ORD_216;PROD_34;5;2
ORD_216;PROD_27;4;5
ORD_216;PROD_14;4;2
ORD_216;PROD_29;7;5
ORD_216;PROD_33;1;5
ORD_217;PROD_21;4;1
ORD_217;PROD_45;5;3
ORD_217;PROD_24;5;2
ORD_217;PROD_30;6;2
ORD_217;PROD_37;5;2
ORD_217;PROD_31;8;5
ORD_218;PROD_34;8;3
ORD_218;PROD_7;9;4
ORD_218;PROD_40;6;2
ORD_218;PROD_31;3;2
ORD_218;PROD_47;9;2
ORD_218;PROD_9;9;4
ORD_218;PROD_14;9;5
ORD_218;PROD_49;1;3
ORD_218;PROD_18;8;3
ORD_219;PROD_20;2;4
ORD_219;PROD_25;9;3
ORD_219;PROD_44;1;3
ORD_219;PROD_42;5;2
ORD_219;PROD_41;9;3
ORD_219;PROD_18;4;1
ORD_219;PROD_21;9;1
ORD_219;PROD_19;2;5
ORD_220;PROD_49;8;1
ORD_220;PROD_34;6;5
ORD_220;PROD_2;8;4
ORD_220;PROD_46;5;2
ORD_220;PROD_44;4;3
ORD_220;PROD_6;8;3
ORD_220;PROD_17;8;4
ORD_220;PROD_22;6;3
ORD_220;PROD_37;1;3
ORD_220;PROD_35;8;4
ORD_220;PROD_27;4;5
ORD_220;PROD_32;5;2
ORD_220;PROD_23;9;1
ORD_220;PROD_48;7;1
ORD_221;PROD_19;8;2
ORD_221;PROD_3;9;4
ORD_221;PROD_28;3;2
ORD_221;PROD_3;3;3
ORD_221;PROD_49;4;5
ORD_221;PROD_19;7;2
ORD_222;PROD_27;6;1
ORD_222;PROD_41;2;2
ORD_222;PROD_12;6;3
ORD_222;PROD_47;2;5
ORD_222;PROD_6;4;2
ORD_222;PROD_23;6;5
ORD_222;PROD_37;7;2
ORD_222;PROD_12;6;5
ORD_222;PROD_28;9;5
ORD_222;PROD_32;4;3
ORD_222;PROD_5;6;2
ORD_223;PROD_12;2;2
ORD_223;PROD_15;8;5
ORD_223;PROD_9;9;2
ORD_223;PROD_1;3;2
ORD_223;PROD_48;2;3
ORD_223;PROD_41;5;5
ORD_223;PROD_31;7;2
ORD_223;PROD_5;9;4
ORD_223;PROD_32;4;1
ORD_223;PROD_28;1;1
ORD_224;PROD_32;3;1
ORD_224;PROD_19;9;4
ORD_224;PROD_26;4;5
ORD_224;PROD_20;1;4
ORD_224;PROD_10;5;2
ORD_224;PROD_17;1;4
ORD_224;PROD_49;6;3
ORD_224;PROD_21;9;1
ORD_224;PROD_29;2;2
ORD_224;PROD_23;4;4
ORD_225;PROD_48;3;3
ORD_225;PROD_38;4;1
ORD_225;PROD_34;2;5
ORD_225;PROD_3;5;2
ORD_225;PROD_34;4;5
ORD_225;PROD_47;3;5
ORD_225;PROD_35;8;1
ORD_226;PROD_7;3;3
ORD_226;PROD_16;1;4
ORD_226;PROD_33;6;4
ORD_226;PROD_45;2;5
ORD_226;PROD_37;6;1
ORD_226;PROD_20;7;3
ORD_226;PROD_13;3;3
ORD_226;PROD_28;3;4
ORD_226;PROD_38;7;1
ORD_227;PROD_13;8;2
ORD_227;PROD_37;9;3
ORD_227;PROD_40;8;3
ORD_227;PROD_32;4;3
ORD_227;PROD_16;1;2
ORD_227;PROD_49;1;3
ORD_227;PROD_44;5;4
ORD_227;PROD_11;5;1
ORD_227;PROD_6;5;2
ORD_227;PROD_37;8;3
ORD_227;PROD_1;8;1
ORD_227;PROD_6;6;2
ORD_228;PROD_9;1;1
ORD_228;PROD_43;1;3
ORD_228;PROD_27;2;3
ORD_228;PROD_29;5;4
ORD_228;PROD_6;3;5
ORD_228;PROD_14;3;2
ORD_228;PROD_31;8;4
ORD_228;PROD_49;3;2
ORD_228;PROD_14;8;2
ORD_229;PROD_25;8;1
ORD_229;PROD_6;8;4
ORD_229;PROD_5;6;3
ORD_229;PROD_9;1;4
ORD_229;PROD_1;6;3
ORD_229;PROD_48;6;3
ORD_229;PROD_41;2;3
ORD_229;PROD_30;9;3
ORD_230;PROD_1;9;4
ORD_230;PROD_7;5;2
ORD_230;PROD_20;5;5
ORD_230;PROD_4;3;5
ORD_230;PROD_25;9;2
ORD_230;PROD_18;2;4
ORD_230;PROD_48;4;5
ORD_230;PROD_45;9;4
ORD_230;PROD_37;1;4
ORD_230;PROD_8;4;4
ORD_230;PROD_20;9;1
ORD_230;PROD_15;3;2
ORD_230;PROD_27;7;5
ORD_231;PROD_44;8;5
ORD_231;PROD_33;9;3
ORD_231;PROD_41;2;5
ORD_231;PROD_1;3;1
ORD_231;PROD_10;7;1
ORD_231;PROD_5;8;4
ORD_231;PROD_4;1;5
ORD_231;PROD_35;7;4
ORD_231;PROD_14;5;1
ORD_231;PROD_44;4;1
ORD_231;PROD_7;3;3
ORD_231;PROD_16;6;1
ORD_232;PROD_28;8;4
ORD_232;PROD_19;5;2
ORD_232;PROD_18;6;2
ORD_232;PROD_48;4;5
ORD_232;PROD_20;3;3
ORD_233;PROD_6;2;5
ORD_233;PROD_24;9;2
ORD_233;PROD_16;4;4
ORD_233;PROD_33;7;4
ORD_233;PROD_8;8;1
ORD_233;PROD_27;7;2
ORD_233;PROD_36;6;1
ORD_233;PROD_25;4;2
ORD_233;PROD_4;7;3
ORD_233;PROD_14;1;5
ORD_233;PROD_16;2;5
ORD_234;PROD_33;8;5
ORD_234;PROD_5;6;1
ORD_234;PROD_46;4;3
ORD_234;PROD_12;4;1
ORD_234;PROD_15;8;1
ORD_234;PROD_35;7;4
ORD_234;PROD_3;1;3
ORD_234;PROD_2;9;5
ORD_234;PROD_28;9;2
ORD_234;PROD_46;6;5
ORD_234;PROD_34;1;2
ORD_234;PROD_41;8;1
ORD_235;PROD_26;6;5
ORD_235;PROD_4;4;2
ORD_235;PROD_47;4;1
ORD_235;PROD_48;2;1
ORD_235;PROD_26;9;3
ORD_235;PROD_26;5;5
ORD_235;PROD_19;5;1
ORD_235;PROD_31;8;1
ORD_235;PROD_23;4;1
ORD_235;PROD_35;4;5
ORD_235;PROD_25;7;3
ORD_235;PROD_32;9;1
ORD_235;PROD_29;6;1
ORD_236;PROD_9;4;1
ORD_236;PROD_12;8;2
ORD_236;PROD_20;9;1
ORD_236;PROD_33;8;5
ORD_236;PROD_7;5;3
ORD_236;PROD_47;4;3
ORD_236;PROD_44;4;5
ORD_236;PROD_44;6;4
ORD_236;PROD_46;4;4
ORD_236;PROD_19;6;1
ORD_236;PROD_12;6;5
ORD_236;PROD_29;4;5
ORD_236;PROD_44;3;3
ORD_236;PROD_43;5;5
ORD_237;PROD_37;3;2
ORD_237;PROD_22;4;4
ORD_237;PROD_31;9;5
ORD_237;PROD_49;2;2
ORD_237;PROD_36;3;1
ORD_237;PROD_41;3;5
ORD_237;PROD_10;7;4
ORD_237;PROD_16;7;5
ORD_237;PROD_38;3;1
ORD_237;PROD_15;8;2
ORD_237;PROD_25;1;4
ORD_237;PROD_16;6;2
ORD_237;PROD_33;2;2
ORD_237;PROD_11;9;2
ORD_237;PROD_22;7;3
ORD_238;PROD_19;6;3
ORD_238;PROD_3;9;2
ORD_238;PROD_28;4;1
ORD_238;PROD_47;4;3
ORD_238;PROD_44;3;3
ORD_238;PROD_31;1;1
ORD_238;PROD_5;2;3
ORD_238;PROD_6;9;1
ORD_238;PROD_13;6;3
ORD_238;PROD_36;2;1
ORD_238;PROD_37;8;4
ORD_239;PROD_36;9;1
ORD_239;PROD_9;1;4
ORD_239;PROD_10;7;5
ORD_239;PROD_40;9;4
ORD_239;PROD_7;8;3
ORD_239;PROD_19;6;1
ORD_240;PROD_10;1;1
ORD_240;PROD_11;2;4
ORD_240;PROD_32;9;2
ORD_240;PROD_11;2;4
ORD_240;PROD_49;1;1
ORD_240;PROD_14;4;1
ORD_240;PROD_8;9;2
ORD_241;PROD_9;8;2
ORD_241;PROD_44;9;5
ORD_241;PROD_6;1;1
ORD_241;PROD_27;3;3
ORD_241;PROD_48;8;5
ORD_241;PROD_23;2;3
ORD_241;PROD_26;6;1
ORD_241;PROD_16;8;4
ORD_241;PROD_3;4;5
ORD_241;PROD_7;5;4
ORD_242;PROD_25;8;2
ORD_242;PROD_50;8;2
ORD_242;PROD_13;9;2
ORD_242;PROD_37;8;5
ORD_242;PROD_10;8;5
ORD_242;PROD_4;7;3
ORD_243;PROD_12;4;1
ORD_243;PROD_47;3;4
ORD_243;PROD_6;6;4
ORD_243;PROD_23;1;1
ORD_243;PROD_41;9;2
ORD_243;PROD_25;5;5
ORD_243;PROD_36;4;4
ORD_243;PROD_30;9;3
ORD_243;PROD_44;2;1
ORD_243;PROD_21;2;3
ORD_243;PROD_47;6;3
ORD_243;PROD_7;9;3
ORD_243;PROD_22;6;3
ORD_244;PROD_23;6;5
ORD_244;PROD_8;8;3
ORD_244;PROD_40;9;1
ORD_244;PROD_48;7;4
ORD_244;PROD_45;5;2
ORD_245;PROD_40;4;5
ORD_245;PROD_9;7;5
ORD_245;PROD_49;2;4
ORD_245;PROD_26;4;5
ORD_245;PROD_40;4;3
ORD_246;PROD_2;5;3
ORD_246;PROD_36;8;1
ORD_246;PROD_1;2;3
ORD_246;PROD_50;6;4
ORD_246;PROD_23;7;2
ORD_246;PROD_36;5;2
ORD_246;PROD_30;5;1
ORD_246;PROD_10;6;5
ORD_246;PROD_5;2;2
ORD_246;PROD_4;5;3
ORD_246;PROD_35;9;2
ORD_246;PROD_25;8;5
ORD_246;PROD_46;8;5
ORD_247;PROD_11;8;2
ORD_247;PROD_27;9;2
ORD_247;PROD_50;1;1
ORD_247;PROD_18;1;1
ORD_247;PROD_10;1;4
ORD_247;PROD_19;8;1
ORD_247;PROD_28;7;1
ORD_247;PROD_44;3;3
ORD_247;PROD_36;1;1
ORD_247;PROD_22;4;3
ORD_247;PROD_32;7;5
ORD_247;PROD_33;5;3
ORD_248;PROD_12;6;5
ORD_248;PROD_15;6;3
ORD_248;PROD_11;6;3
ORD_248;PROD_42;9;1
ORD_248;PROD_32;4;4
ORD_248;PROD_46;6;2
ORD_248;PROD_2;5;5
ORD_249;PROD_33;8;4
ORD_249;PROD_21;3;1
ORD_249;PROD_8;9;4
ORD_249;PROD_10;4;1
ORD_249;PROD_8;5;2
ORD_249;PROD_39;1;3
ORD_249;PROD_11;1;4
ORD_249;PROD_26;8;4
ORD_249;PROD_15;5;3
ORD_249;PROD_1;4;3
ORD_249;PROD_47;3;3
ORD_249;PROD_5;1;2
ORD_249;PROD_31;7;4
ORD_249;PROD_36;1;4
ORD_250;PROD_31;8;3
ORD_250;PROD_5;6;2
ORD_250;PROD_50;3;5
ORD_250;PROD_12;9;4
ORD_250;PROD_14;5;3
ORD_250;PROD_13;5;1
ORD_250;PROD_7;9;5
ORD_250;PROD_43;8;4
ORD_250;PROD_39;3;3
ORD_250;PROD_34;4;1
ORD_250;PROD_32;4;2
ORD_251;PROD_13;1;2
ORD_251;PROD_17;5;5
ORD_251;PROD_1;6;4
ORD_251;PROD_27;4;5
ORD_251;PROD_31;4;3
ORD_251;PROD_5;3;2
ORD_251;PROD_38;8;1
ORD_251;PROD_22;9;4
ORD_251;PROD_35;6;4
ORD_252;PROD_2;9;2
ORD_252;PROD_45;8;4
ORD_252;PROD_32;7;1
ORD_252;PROD_44;3;3
ORD_252;PROD_38;9;3
ORD_252;PROD_42;2;4
ORD_252;PROD_30;5;2
ORD_252;PROD_17;1;1
ORD_252;PROD_24;6;3
ORD_253;PROD_12;5;2
ORD_253;PROD_47;2;5
ORD_253;PROD_6;3;3
ORD_253;PROD_23;3;4
ORD_253;PROD_13;7;4
ORD_253;PROD_17;1;4
ORD_253;PROD_1;4;5
ORD_253;PROD_27;8;5
ORD_253;PROD_6;4;2
ORD_253;PROD_24;2;3
ORD_253;PROD_1;7;3
ORD_253;PROD_16;2;5
ORD_253;PROD_25;7;5
ORD_254;PROD_10;2;3
ORD_254;PROD_5;2;3
ORD_254;PROD_4;6;1
ORD_254;PROD_35;9;2
ORD_254;PROD_30;5;2
ORD_254;PROD_13;9;2
ORD_254;PROD_38;1;2
ORD_254;PROD_30;4;4
ORD_254;PROD_13;5;3
ORD_254;PROD_38;3;3
ORD_254;PROD_43;8;1
ORD_255;PROD_13;3;4
ORD_255;PROD_17;3;5
ORD_255;PROD_1;5;4
ORD_255;PROD_27;9;4
ORD_255;PROD_27;7;1
ORD_255;PROD_41;4;3
ORD_255;PROD_2;6;3
ORD_255;PROD_36;4;3
ORD_255;PROD_1;2;5
ORD_255;PROD_50;2;4
ORD_255;PROD_23;3;2
ORD_255;PROD_25;7;5
ORD_255;PROD_26;9;2
ORD_255;PROD_23;7;2
ORD_255;PROD_12;5;5
ORD_256;PROD_16;7;2
ORD_256;PROD_27;8;2
ORD_256;PROD_13;2;1
ORD_256;PROD_41;7;4
ORD_256;PROD_35;3;2
ORD_256;PROD_26;8;4
ORD_256;PROD_21;5;5
ORD_256;PROD_20;1;2
ORD_256;PROD_17;8;1
ORD_256;PROD_48;3;4
ORD_256;PROD_39;1;4
ORD_257;PROD_9;3;5
ORD_257;PROD_1;2;2
ORD_257;PROD_48;3;3
ORD_257;PROD_41;8;3
ORD_257;PROD_21;1;5
ORD_257;PROD_45;8;1
ORD_257;PROD_24;6;3
ORD_257;PROD_30;2;5
ORD_257;PROD_37;6;3
ORD_257;PROD_43;3;4
ORD_257;PROD_40;7;1
ORD_257;PROD_41;8;4
ORD_257;PROD_15;3;5
ORD_257;PROD_4;2;3
ORD_258;PROD_42;2;1
ORD_258;PROD_35;3;4
ORD_258;PROD_21;1;5
ORD_258;PROD_44;1;3
ORD_258;PROD_27;9;3
ORD_258;PROD_44;5;5
ORD_258;PROD_49;6;3
ORD_259;PROD_32;4;4
ORD_259;PROD_31;1;2
ORD_259;PROD_43;5;5
ORD_259;PROD_40;2;4
ORD_259;PROD_27;4;3
ORD_259;PROD_21;9;1
ORD_259;PROD_38;3;3
ORD_259;PROD_6;2;5
ORD_259;PROD_50;1;2
ORD_259;PROD_37;1;2
ORD_259;PROD_28;8;4
ORD_259;PROD_5;7;2
ORD_259;PROD_2;9;1
ORD_259;PROD_27;2;2
ORD_260;PROD_34;2;5
ORD_260;PROD_46;7;4
ORD_260;PROD_32;8;5
ORD_260;PROD_48;4;1
ORD_260;PROD_28;3;2
ORD_260;PROD_36;2;5
ORD_260;PROD_19;8;4
ORD_260;PROD_13;3;1
ORD_260;PROD_49;2;4
ORD_260;PROD_40;2;3
ORD_260;PROD_38;1;5
ORD_261;PROD_31;5;3
ORD_261;PROD_22;3;5
ORD_261;PROD_2;1;5
ORD_261;PROD_10;7;1
ORD_261;PROD_2;2;4
ORD_261;PROD_3;5;3
ORD_261;PROD_2;4;1
ORD_261;PROD_34;4;4
ORD_261;PROD_25;9;3
ORD_261;PROD_44;1;2
ORD_261;PROD_26;4;4
ORD_262;PROD_9;1;1
ORD_262;PROD_1;6;2
ORD_262;PROD_48;5;4
ORD_262;PROD_41;8;1
ORD_262;PROD_31;1;5
ORD_262;PROD_5;9;3
ORD_262;PROD_48;6;5
ORD_263;PROD_46;4;5
ORD_263;PROD_22;8;4
ORD_263;PROD_9;4;2
ORD_263;PROD_9;2;2
ORD_263;PROD_2;9;5
ORD_263;PROD_12;6;5
ORD_263;PROD_20;5;3
ORD_263;PROD_30;2;4
ORD_263;PROD_45;8;2
ORD_264;PROD_27;2;3
ORD_264;PROD_41;1;1
ORD_264;PROD_3;6;4
ORD_264;PROD_49;6;5
ORD_264;PROD_19;9;2
ORD_264;PROD_7;6;4
ORD_264;PROD_29;3;2
ORD_264;PROD_30;9;2
ORD_264;PROD_50;9;4
ORD_264;PROD_14;1;5
ORD_264;PROD_1;1;2
ORD_264;PROD_46;4;3
ORD_264;PROD_39;1;2
ORD_264;PROD_35;9;5
ORD_265;PROD_30;3;2
ORD_265;PROD_13;6;5
ORD_265;PROD_38;6;4
ORD_265;PROD_8;6;4
ORD_265;PROD_49;1;1
ORD_265;PROD_45;5;5
ORD_265;PROD_4;5;3
ORD_265;PROD_39;1;2
ORD_265;PROD_36;3;5
ORD_265;PROD_1;3;5
ORD_266;PROD_3;3;1
ORD_266;PROD_8;9;4
ORD_266;PROD_14;7;3
ORD_266;PROD_37;7;2
ORD_266;PROD_35;7;1
ORD_266;PROD_38;6;1
ORD_266;PROD_15;9;3
ORD_266;PROD_18;3;1
ORD_266;PROD_32;1;4
ORD_267;PROD_37;8;4
ORD_267;PROD_42;6;4
ORD_267;PROD_4;6;4
ORD_267;PROD_34;5;4
ORD_267;PROD_34;4;2
ORD_267;PROD_17;5;1
ORD_267;PROD_7;7;3
ORD_267;PROD_9;1;2
ORD_267;PROD_4;4;2
ORD_268;PROD_1;4;4
ORD_268;PROD_10;1;4
ORD_268;PROD_4;9;5
ORD_268;PROD_50;3;3
ORD_268;PROD_46;5;1
ORD_268;PROD_38;8;4
ORD_268;PROD_47;6;5
ORD_268;PROD_29;6;3
ORD_268;PROD_5;1;2
ORD_268;PROD_33;2;1
ORD_268;PROD_30;9;4
ORD_268;PROD_47;3;2
ORD_268;PROD_29;2;3
ORD_268;PROD_43;4;1
ORD_268;PROD_15;4;4
ORD_269;PROD_36;2;5
ORD_269;PROD_30;7;5
ORD_269;PROD_30;3;4
ORD_269;PROD_13;7;3
ORD_269;PROD_38;1;2
ORD_269;PROD_12;8;3
ORD_269;PROD_47;5;3
ORD_269;PROD_6;2;1
ORD_269;PROD_23;8;5
ORD_269;PROD_31;2;4
ORD_269;PROD_18;4;5
ORD_270;PROD_13;4;4
ORD_270;PROD_17;3;3
ORD_270;PROD_1;6;4
ORD_270;PROD_27;8;5
ORD_270;PROD_19;5;1
ORD_270;PROD_3;1;2
ORD_270;PROD_28;4;1
ORD_270;PROD_48;4;1
ORD_270;PROD_43;7;3
ORD_270;PROD_46;7;2
ORD_270;PROD_17;6;1
ORD_270;PROD_2;8;5
ORD_270;PROD_33;9;4
ORD_270;PROD_3;1;2
ORD_271;PROD_43;6;3
ORD_271;PROD_15;7;5
ORD_271;PROD_9;7;3
ORD_271;PROD_36;2;2
ORD_271;PROD_3;4;2
ORD_272;PROD_17;4;5
ORD_272;PROD_7;2;2
ORD_272;PROD_29;6;5
ORD_272;PROD_13;1;5
ORD_272;PROD_45;9;2
ORD_272;PROD_15;1;1
ORD_272;PROD_46;9;5
ORD_273;PROD_16;2;2
ORD_273;PROD_27;8;2
ORD_273;PROD_37;1;1
ORD_273;PROD_12;7;5
ORD_273;PROD_28;1;5
ORD_274;PROD_13;9;2
ORD_274;PROD_17;9;4
ORD_274;PROD_1;6;5
ORD_274;PROD_27;8;3
ORD_274;PROD_21;6;4
ORD_274;PROD_45;6;3
ORD_274;PROD_24;9;2
ORD_274;PROD_30;1;1
ORD_274;PROD_37;8;3
ORD_274;PROD_44;2;1
ORD_275;PROD_44;1;1
ORD_275;PROD_41;4;5
ORD_275;PROD_28;3;1
ORD_275;PROD_18;5;1
ORD_275;PROD_18;5;1
ORD_275;PROD_7;4;1
ORD_275;PROD_39;8;4
ORD_275;PROD_20;4;5
ORD_276;PROD_37;6;2
ORD_276;PROD_12;9;2
ORD_276;PROD_28;7;3
ORD_276;PROD_37;2;2
ORD_276;PROD_12;4;2
ORD_276;PROD_28;7;1
ORD_276;PROD_37;7;5
ORD_276;PROD_7;5;2
ORD_276;PROD_21;4;3
ORD_276;PROD_38;8;1
ORD_276;PROD_23;7;4
ORD_276;PROD_42;4;4
ORD_276;PROD_16;7;1
ORD_276;PROD_42;4;3
ORD_276;PROD_22;4;5
ORD_277;PROD_25;1;2
ORD_277;PROD_6;2;2
ORD_277;PROD_5;2;3
ORD_277;PROD_3;4;5
ORD_277;PROD_49;3;3
ORD_277;PROD_19;8;1
ORD_277;PROD_7;2;1
ORD_277;PROD_12;3;3
ORD_277;PROD_15;2;1
ORD_277;PROD_35;4;5
ORD_277;PROD_47;2;1
ORD_277;PROD_26;2;4
ORD_278;PROD_36;5;2
ORD_278;PROD_40;9;4
ORD_278;PROD_17;2;4
ORD_278;PROD_14;5;4
ORD_278;PROD_49;1;5
ORD_278;PROD_20;9;5
ORD_278;PROD_3;2;5
ORD_278;PROD_15;2;4
ORD_278;PROD_35;6;5
ORD_278;PROD_11;1;3
ORD_278;PROD_7;1;5
ORD_279;PROD_18;6;1
ORD_279;PROD_42;1;2
ORD_279;PROD_39;7;4
ORD_279;PROD_30;5;1
ORD_279;PROD_41;7;2
ORD_279;PROD_7;5;1
ORD_279;PROD_41;8;3
ORD_280;PROD_13;8;5
ORD_280;PROD_17;4;4
ORD_280;PROD_1;2;1
ORD_280;PROD_27;9;4
ORD_280;PROD_6;9;2
ORD_280;PROD_24;1;3
ORD_280;PROD_21;7;2
ORD_280;PROD_45;9;3
ORD_280;PROD_24;1;4
ORD_281;PROD_37;6;3
ORD_281;PROD_12;8;1
ORD_281;PROD_28;1;5
ORD_281;PROD_35;3;2
ORD_281;PROD_30;2;1
ORD_281;PROD_1;6;4
ORD_281;PROD_25;3;3
ORD_281;PROD_10;3;3
ORD_281;PROD_21;7;2
ORD_281;PROD_37;5;3
ORD_281;PROD_9;2;3
ORD_281;PROD_50;9;1
ORD_281;PROD_44;8;2
ORD_282;PROD_42;1;2
ORD_282;PROD_5;8;2
ORD_282;PROD_34;8;3
ORD_282;PROD_34;7;5
ORD_282;PROD_27;1;2
ORD_282;PROD_32;6;5
ORD_282;PROD_35;7;5
ORD_282;PROD_8;9;4
ORD_282;PROD_46;5;4
ORD_282;PROD_20;6;2
ORD_282;PROD_20;9;5
ORD_282;PROD_3;2;5
ORD_282;PROD_1;4;2
ORD_283;PROD_5;6;2
ORD_283;PROD_47;6;4
ORD_283;PROD_42;5;4
ORD_283;PROD_30;4;1
ORD_283;PROD_7;6;1
ORD_283;PROD_31;5;3
ORD_283;PROD_15;5;3
ORD_283;PROD_35;6;1
ORD_283;PROD_13;3;3
ORD_283;PROD_13;3;1
ORD_283;PROD_40;8;1
ORD_283;PROD_7;2;2
ORD_283;PROD_34;5;4
ORD_283;PROD_37;1;1
ORD_284;PROD_30;8;1
ORD_284;PROD_13;2;5
ORD_284;PROD_38;6;2
ORD_284;PROD_21;8;1
ORD_284;PROD_45;7;2
ORD_284;PROD_24;9;4
ORD_284;PROD_30;6;2
ORD_284;PROD_37;9;1
ORD_284;PROD_25;9;5
ORD_284;PROD_6;8;5
ORD_284;PROD_5;5;2
ORD_284;PROD_39;8;1
ORD_284;PROD_8;2;2
ORD_284;PROD_16;6;3
ORD_285;PROD_36;5;5
ORD_285;PROD_30;3;4
ORD_285;PROD_35;9;3
ORD_285;PROD_29;6;3
ORD_285;PROD_34;8;1
ORD_285;PROD_16;3;2
ORD_285;PROD_41;1;3
ORD_285;PROD_46;1;3
ORD_285;PROD_47;9;5
ORD_286;PROD_33;3;5
ORD_286;PROD_5;9;2
ORD_286;PROD_46;1;2
ORD_286;PROD_6;8;4
ORD_286;PROD_24;2;2
ORD_286;PROD_6;8;5
ORD_286;PROD_24;9;5
ORD_286;PROD_44;6;1
ORD_286;PROD_5;9;4
ORD_286;PROD_4;7;3
ORD_286;PROD_39;3;4
ORD_287;PROD_27;2;4
ORD_287;PROD_5;4;3
ORD_287;PROD_13;4;3
ORD_287;PROD_9;5;2
ORD_287;PROD_26;6;2
ORD_287;PROD_44;4;3
ORD_287;PROD_25;9;5
ORD_287;PROD_8;1;5
ORD_287;PROD_36;1;4
ORD_287;PROD_48;5;3
ORD_287;PROD_25;1;4
ORD_288;PROD_21;8;4
ORD_288;PROD_45;1;4
ORD_288;PROD_24;2;5
ORD_288;PROD_30;9;3
ORD_288;PROD_37;6;2
ORD_288;PROD_12;1;2
ORD_288;PROD_47;4;5
ORD_288;PROD_6;2;3
ORD_288;PROD_23;4;1
ORD_289;PROD_21;5;4
ORD_289;PROD_45;9;5
ORD_289;PROD_24;9;4
ORD_289;PROD_30;8;1
ORD_289;PROD_37;2;1
ORD_289;PROD_35;4;4
ORD_289;PROD_14;2;3
ORD_289;PROD_45;8;1
ORD_289;PROD_15;2;2
ORD_289;PROD_16;6;3
ORD_289;PROD_16;3;5
ORD_289;PROD_10;7;3
ORD_289;PROD_18;5;1
ORD_289;PROD_25;2;2
ORD_290;PROD_11;1;5
ORD_290;PROD_9;4;1
ORD_290;PROD_21;6;4
ORD_290;PROD_24;1;4
ORD_290;PROD_8;7;2
ORD_290;PROD_29;3;3
ORD_290;PROD_13;3;2
ORD_290;PROD_38;1;5
ORD_290;PROD_32;2;3
ORD_290;PROD_42;2;4
ORD_291;PROD_5;4;2
ORD_291;PROD_44;4;1
ORD_291;PROD_45;3;3
ORD_291;PROD_8;8;5
ORD_291;PROD_27;4;1
ORD_291;PROD_46;6;3
ORD_291;PROD_44;2;5
ORD_291;PROD_21;8;1
ORD_291;PROD_24;4;2
ORD_291;PROD_18;1;2
ORD_291;PROD_30;8;2
ORD_291;PROD_33;5;2
ORD_292;PROD_9;4;3
ORD_292;PROD_12;1;3
ORD_292;PROD_20;6;5
ORD_292;PROD_33;9;4
ORD_292;PROD_7;7;5
ORD_292;PROD_47;9;3
ORD_292;PROD_44;9;5
ORD_293;PROD_3;3;4
ORD_293;PROD_21;9;5
ORD_293;PROD_7;9;4
ORD_293;PROD_41;6;4
ORD_293;PROD_13;6;1
ORD_293;PROD_34;8;3
ORD_293;PROD_39;1;5
ORD_293;PROD_41;8;1
ORD_293;PROD_3;7;2
ORD_293;PROD_24;2;2
ORD_293;PROD_7;3;3
ORD_293;PROD_38;4;4
ORD_293;PROD_37;6;1
ORD_293;PROD_15;8;4
ORD_294;PROD_34;1;3
ORD_294;PROD_10;5;5
ORD_294;PROD_16;1;3
ORD_294;PROD_44;2;3
ORD_294;PROD_3;9;2
ORD_294;PROD_3;8;2
ORD_295;PROD_24;9;1
ORD_295;PROD_44;6;2
ORD_295;PROD_25;2;1
ORD_295;PROD_35;8;4
ORD_295;PROD_43;7;1
ORD_295;PROD_34;2;2
ORD_295;PROD_45;4;2
ORD_295;PROD_43;3;3
ORD_296;PROD_3;1;3
ORD_296;PROD_49;9;3
ORD_296;PROD_12;9;3
ORD_296;PROD_7;6;4
ORD_296;PROD_15;8;2
ORD_296;PROD_50;6;4
ORD_297;PROD_49;9;1
ORD_297;PROD_7;9;1
ORD_297;PROD_1;3;4
ORD_297;PROD_17;2;1
ORD_297;PROD_9;6;5
ORD_297;PROD_29;3;4
ORD_297;PROD_15;3;5
ORD_297;PROD_43;2;3
ORD_298;PROD_19;1;4
ORD_298;PROD_41;5;1
ORD_298;PROD_50;4;1
ORD_298;PROD_3;1;1
ORD_298;PROD_47;2;4
ORD_298;PROD_35;2;4
ORD_298;PROD_9;5;1
ORD_299;PROD_13;8;4
ORD_299;PROD_17;8;5
ORD_299;PROD_1;5;5
ORD_299;PROD_27;4;4
ORD_299;PROD_13;1;1
ORD_299;PROD_17;3;1
ORD_299;PROD_1;7;4
ORD_299;PROD_27;8;3
ORD_299;PROD_36;1;1
ORD_299;PROD_9;1;2
ORD_299;PROD_10;9;5
ORD_299;PROD_30;1;4
ORD_299;PROD_43;7;5
ORD_299;PROD_3;8;3
ORD_299;PROD_4;7;1
ORD_300;PROD_9;5;3
ORD_300;PROD_1;3;4
ORD_300;PROD_48;8;4
ORD_300;PROD_41;2;1
ORD_300;PROD_10;9;4
ORD_300;PROD_5;1;5
ORD_300;PROD_4;9;1
ORD_300;PROD_35;9;1
ORD_300;PROD_23;3;2
ORD_300;PROD_16;1;1
ORD_300;PROD_42;6;1
ORD_300;PROD_21;7;5
ORD_301;PROD_33;6;1
ORD_301;PROD_5;1;3
ORD_301;PROD_46;1;2
ORD_301;PROD_30;3;1
ORD_301;PROD_13;6;5
ORD_302;PROD_16;2;5
ORD_302;PROD_27;6;2
ORD_302;PROD_33;6;4
ORD_302;PROD_5;2;4
ORD_302;PROD_46;9;2
ORD_302;PROD_36;4;5
ORD_302;PROD_9;9;1
ORD_302;PROD_31;7;4
ORD_302;PROD_48;7;2
ORD_302;PROD_5;4;3
ORD_303;PROD_33;5;5
ORD_303;PROD_5;3;1
ORD_303;PROD_46;6;2
ORD_303;PROD_6;8;4
ORD_303;PROD_24;5;4
ORD_303;PROD_12;3;4
ORD_303;PROD_4;4;2
ORD_303;PROD_34;8;4
ORD_303;PROD_8;4;4
ORD_303;PROD_1;9;3
ORD_303;PROD_50;5;2
ORD_303;PROD_46;6;3
ORD_304;PROD_9;7;3
ORD_304;PROD_12;9;4
ORD_304;PROD_20;3;1
ORD_304;PROD_33;6;1
ORD_304;PROD_7;3;2
ORD_304;PROD_9;9;3
ORD_304;PROD_12;2;1
ORD_304;PROD_20;4;4
ORD_304;PROD_33;9;1
ORD_304;PROD_7;8;2
ORD_304;PROD_2;9;2
ORD_304;PROD_13;8;5
ORD_304;PROD_9;9;1
ORD_304;PROD_15;8;1
ORD_305;PROD_49;6;2
ORD_305;PROD_37;9;4
ORD_305;PROD_8;8;1
ORD_305;PROD_37;6;1
ORD_305;PROD_26;6;5
ORD_305;PROD_26;9;5
ORD_305;PROD_5;2;5
ORD_305;PROD_20;7;4
ORD_305;PROD_29;9;2
ORD_306;PROD_31;8;5
ORD_306;PROD_5;9;5
ORD_306;PROD_36;7;4
ORD_306;PROD_46;7;4
ORD_306;PROD_17;4;5
ORD_306;PROD_18;7;5
ORD_306;PROD_3;3;1
ORD_306;PROD_27;4;4
ORD_307;PROD_24;5;3
ORD_307;PROD_12;3;5
ORD_307;PROD_43;7;3
ORD_307;PROD_8;7;5
ORD_307;PROD_10;3;2
ORD_307;PROD_5;4;5
ORD_307;PROD_29;2;5
ORD_307;PROD_8;7;5
ORD_307;PROD_22;5;5
ORD_307;PROD_36;8;5
ORD_307;PROD_10;8;3
ORD_308;PROD_23;9;3
ORD_308;PROD_33;3;3
ORD_308;PROD_21;4;3
ORD_308;PROD_33;5;4
ORD_308;PROD_4;5;2
ORD_308;PROD_21;1;1
ORD_308;PROD_40;9;2
ORD_308;PROD_10;9;1
ORD_308;PROD_14;1;5
ORD_308;PROD_43;1;3
ORD_309;PROD_5;8;4
ORD_309;PROD_36;1;2
ORD_309;PROD_22;8;3
ORD_309;PROD_44;9;5
ORD_309;PROD_17;4;4
ORD_309;PROD_15;5;4
ORD_309;PROD_19;4;1
ORD_309;PROD_18;2;4
ORD_309;PROD_49;3;3
ORD_309;PROD_28;3;5
ORD_310;PROD_32;2;3
ORD_310;PROD_21;8;5
ORD_310;PROD_10;5;4
ORD_310;PROD_1;9;1
ORD_310;PROD_10;8;2
ORD_310;PROD_5;8;1
ORD_310;PROD_31;9;1
ORD_310;PROD_28;7;2
ORD_310;PROD_23;6;5
ORD_310;PROD_40;6;4
ORD_310;PROD_9;7;5
ORD_310;PROD_43;4;3
ORD_310;PROD_32;3;5
ORD_310;PROD_20;4;4
ORD_311;PROD_41;4;2
ORD_311;PROD_1;8;3
ORD_311;PROD_12;1;1
ORD_311;PROD_15;8;5
ORD_311;PROD_47;4;2
ORD_311;PROD_22;2;2
ORD_312;PROD_44;3;5
ORD_312;PROD_33;4;1
ORD_312;PROD_11;3;1
ORD_312;PROD_25;8;1
ORD_312;PROD_19;1;4
ORD_312;PROD_9;9;3
ORD_312;PROD_14;2;5
ORD_312;PROD_40;9;4
ORD_312;PROD_36;9;2
ORD_312;PROD_39;4;5
ORD_313;PROD_36;2;3
ORD_313;PROD_30;6;4
ORD_313;PROD_5;5;5
ORD_313;PROD_23;3;1
ORD_313;PROD_13;6;1
ORD_313;PROD_31;3;4
ORD_313;PROD_28;4;1
ORD_313;PROD_27;8;4
ORD_313;PROD_33;9;5
ORD_313;PROD_5;7;2
ORD_313;PROD_32;8;4
ORD_313;PROD_38;5;1
ORD_313;PROD_2;1;5
ORD_313;PROD_8;4;3
ORD_314;PROD_41;9;5
ORD_314;PROD_1;1;1
ORD_314;PROD_37;1;3
ORD_314;PROD_12;2;4
ORD_314;PROD_28;8;1
ORD_314;PROD_21;5;4
ORD_314;PROD_32;9;3
ORD_314;PROD_23;9;2
ORD_314;PROD_38;9;3
ORD_314;PROD_43;8;4
ORD_315;PROD_47;1;3
ORD_315;PROD_44;2;2
ORD_315;PROD_31;5;4
ORD_315;PROD_5;2;1
ORD_315;PROD_31;5;3
ORD_315;PROD_5;9;3
ORD_316;PROD_3;1;4
ORD_316;PROD_25;1;2
ORD_316;PROD_13;3;5
ORD_316;PROD_47;2;2
ORD_316;PROD_39;3;1
ORD_317;PROD_33;4;5
ORD_317;PROD_5;8;3
ORD_317;PROD_46;8;2
ORD_317;PROD_25;8;5
ORD_317;PROD_6;4;3
ORD_317;PROD_5;8;2
ORD_317;PROD_19;6;5
ORD_317;PROD_8;9;2
ORD_317;PROD_46;5;5
ORD_317;PROD_17;5;3
ORD_317;PROD_44;2;5
ORD_317;PROD_36;5;1
ORD_318;PROD_38;9;5
ORD_318;PROD_42;1;2
ORD_318;PROD_34;9;3
ORD_318;PROD_43;2;5
ORD_318;PROD_22;2;4
ORD_318;PROD_12;8;4
ORD_318;PROD_43;1;4
ORD_318;PROD_11;7;3
ORD_318;PROD_49;8;3
ORD_319;PROD_33;5;3
ORD_319;PROD_35;7;3
ORD_319;PROD_3;2;2
ORD_319;PROD_3;6;3
ORD_319;PROD_20;6;5
ORD_319;PROD_50;6;3
ORD_319;PROD_11;9;2
ORD_319;PROD_9;6;5
ORD_319;PROD_7;5;3
ORD_319;PROD_18;6;1
ORD_319;PROD_25;7;2
ORD_319;PROD_40;9;1
ORD_320;PROD_7;2;4
ORD_320;PROD_21;2;2
ORD_320;PROD_9;3;1
ORD_320;PROD_24;5;2
ORD_320;PROD_15;8;4
ORD_320;PROD_6;6;3
ORD_320;PROD_19;1;5
ORD_320;PROD_14;2;4
ORD_320;PROD_19;6;3
ORD_320;PROD_1;1;1
ORD_320;PROD_17;9;4
ORD_320;PROD_9;8;1
ORD_321;PROD_2;9;5
ORD_321;PROD_36;4;5
ORD_321;PROD_1;9;4
ORD_321;PROD_50;1;1
ORD_321;PROD_23;7;5
ORD_321;PROD_33;8;5
ORD_321;PROD_19;7;4
ORD_321;PROD_19;6;5
ORD_321;PROD_30;6;2
ORD_321;PROD_18;4;1
ORD_321;PROD_32;5;3
ORD_321;PROD_22;3;3
ORD_321;PROD_48;1;3
ORD_321;PROD_16;8;4
ORD_321;PROD_49;8;2
ORD_322;PROD_47;9;1
ORD_322;PROD_44;9;4
ORD_322;PROD_9;3;2
ORD_322;PROD_12;5;3
ORD_322;PROD_20;6;1
ORD_322;PROD_33;4;5
ORD_322;PROD_7;1;4
ORD_323;PROD_6;7;2
ORD_323;PROD_24;8;1
ORD_323;PROD_13;2;1
ORD_323;PROD_17;9;5
ORD_323;PROD_1;4;2
ORD_323;PROD_27;4;4
ORD_323;PROD_9;3;3
ORD_324;PROD_12;7;4
ORD_324;PROD_47;3;5
ORD_324;PROD_6;5;3
ORD_324;PROD_23;3;4
ORD_324;PROD_33;4;3
ORD_324;PROD_5;9;4
ORD_324;PROD_46;9;4
ORD_324;PROD_25;5;2
ORD_324;PROD_6;2;3
ORD_324;PROD_5;7;4
ORD_324;PROD_17;4;2
ORD_324;PROD_30;9;2
ORD_324;PROD_33;8;2
ORD_324;PROD_23;2;4
ORD_324;PROD_45;7;2
ORD_325;PROD_33;9;4
ORD_325;PROD_47;2;3
ORD_325;PROD_24;6;1
ORD_325;PROD_17;9;4
ORD_325;PROD_13;9;3
ORD_325;PROD_40;4;3
ORD_326;PROD_13;9;3
ORD_326;PROD_36;2;5
ORD_326;PROD_5;4;2
ORD_326;PROD_46;2;5
ORD_326;PROD_21;2;1
ORD_326;PROD_30;1;2
ORD_326;PROD_6;4;2
ORD_326;PROD_13;8;3
ORD_326;PROD_24;9;5
ORD_326;PROD_29;7;5
ORD_327;PROD_27;7;1
ORD_327;PROD_41;9;4
ORD_327;PROD_6;2;5
ORD_327;PROD_8;9;4
ORD_327;PROD_5;1;1
ORD_328;PROD_21;9;1
ORD_328;PROD_28;4;1
ORD_328;PROD_47;2;5
ORD_328;PROD_4;6;4
ORD_328;PROD_27;8;3
ORD_328;PROD_8;5;3
ORD_328;PROD_45;1;2
ORD_328;PROD_39;3;1
ORD_328;PROD_49;3;4
ORD_328;PROD_44;8;5
ORD_328;PROD_21;6;4
ORD_329;PROD_2;5;5
ORD_329;PROD_36;8;4
ORD_329;PROD_1;4;5
ORD_329;PROD_50;7;4
ORD_329;PROD_23;1;5
ORD_329;PROD_44;1;1
ORD_329;PROD_33;6;2
ORD_329;PROD_36;4;2
ORD_329;PROD_30;5;4
ORD_329;PROD_43;9;5
ORD_329;PROD_2;5;2
ORD_330;PROD_47;5;1
ORD_330;PROD_44;4;1
ORD_330;PROD_1;7;3
ORD_330;PROD_9;1;4
ORD_330;PROD_42;4;1
ORD_330;PROD_43;2;1
ORD_330;PROD_38;6;4
ORD_330;PROD_2;4;1
ORD_330;PROD_35;7;2
ORD_330;PROD_10;4;1
ORD_330;PROD_43;2;3
ORD_330;PROD_7;3;2
ORD_330;PROD_49;6;3
ORD_330;PROD_50;2;4
ORD_330;PROD_1;3;5
ORD_331;PROD_9;4;4
ORD_331;PROD_12;6;3
ORD_331;PROD_20;7;1
ORD_331;PROD_33;1;5
ORD_331;PROD_7;9;3
ORD_331;PROD_25;6;1
ORD_331;PROD_23;1;3
ORD_331;PROD_39;8;4
ORD_332;PROD_30;6;3
ORD_332;PROD_13;9;2
ORD_332;PROD_38;1;5
ORD_332;PROD_2;4;1
ORD_332;PROD_36;7;3
ORD_332;PROD_1;2;5
ORD_332;PROD_50;4;5
ORD_332;PROD_23;2;3
ORD_332;PROD_3;3;2
ORD_332;PROD_49;6;4
ORD_332;PROD_19;3;3
ORD_332;PROD_7;8;5
ORD_333;PROD_49;7;2
ORD_333;PROD_46;9;2
ORD_333;PROD_2;8;2
ORD_333;PROD_37;8;2
ORD_333;PROD_30;5;2
ORD_333;PROD_4;3;3
ORD_334;PROD_9;8;2
ORD_334;PROD_12;8;2
ORD_334;PROD_20;8;4
ORD_334;PROD_33;8;1
ORD_334;PROD_7;4;3
ORD_334;PROD_10;5;3
ORD_334;PROD_5;1;1
ORD_334;PROD_4;5;2
ORD_335;PROD_37;7;2
ORD_335;PROD_12;6;4
ORD_335;PROD_28;3;4
ORD_335;PROD_25;6;3
ORD_335;PROD_6;7;2
ORD_335;PROD_5;6;5
ORD_336;PROD_29;2;4
ORD_336;PROD_30;3;4
ORD_336;PROD_50;1;3
ORD_336;PROD_14;5;4
ORD_336;PROD_1;7;3
ORD_336;PROD_16;9;2
ORD_336;PROD_27;8;1
ORD_336;PROD_8;5;1
ORD_336;PROD_3;8;4
ORD_336;PROD_42;7;2
ORD_336;PROD_9;5;2
ORD_336;PROD_15;4;5
ORD_336;PROD_39;5;2
ORD_336;PROD_40;2;4
ORD_337;PROD_7;5;4
ORD_337;PROD_6;6;5
ORD_337;PROD_2;8;2
ORD_337;PROD_23;7;1
ORD_337;PROD_32;4;3
ORD_337;PROD_5;1;2
ORD_337;PROD_49;4;2
ORD_337;PROD_7;2;3
ORD_337;PROD_13;3;4
ORD_337;PROD_9;6;2
ORD_338;PROD_28;7;3
ORD_338;PROD_33;5;1
ORD_338;PROD_47;6;4
ORD_338;PROD_19;9;3
ORD_338;PROD_33;2;5
ORD_338;PROD_19;3;4
ORD_338;PROD_20;1;1
ORD_338;PROD_32;2;4
ORD_338;PROD_20;5;1
ORD_338;PROD_24;1;5
ORD_338;PROD_50;4;2
ORD_338;PROD_5;5;1
ORD_338;PROD_21;6;4
ORD_338;PROD_19;4;4
ORD_338;PROD_50;7;4
ORD_339;PROD_11;5;4
ORD_339;PROD_7;9;4
ORD_339;PROD_50;3;1
ORD_339;PROD_50;4;1
ORD_339;PROD_38;8;2
ORD_339;PROD_32;9;5
ORD_339;PROD_36;4;1
ORD_339;PROD_21;2;3
ORD_339;PROD_34;9;1
ORD_339;PROD_49;1;5
ORD_339;PROD_47;5;4
ORD_340;PROD_42;2;2
ORD_340;PROD_46;4;5
ORD_340;PROD_21;3;1
ORD_340;PROD_42;2;2
ORD_340;PROD_16;6;1
ORD_340;PROD_48;5;5
ORD_340;PROD_16;2;4
ORD_340;PROD_38;6;1
ORD_341;PROD_21;2;5
ORD_341;PROD_45;9;2
ORD_341;PROD_24;8;2
ORD_341;PROD_30;5;4
ORD_341;PROD_37;9;2
ORD_341;PROD_22;1;4
ORD_341;PROD_34;9;1
ORD_341;PROD_38;1;5
ORD_341;PROD_25;3;2
ORD_341;PROD_32;1;4
ORD_342;PROD_5;9;5
ORD_342;PROD_24;6;3
ORD_342;PROD_16;8;5
ORD_342;PROD_5;4;3
ORD_342;PROD_29;4;4
ORD_342;PROD_8;8;4
ORD_342;PROD_38;3;1
ORD_342;PROD_5;4;1
ORD_342;PROD_37;3;1
ORD_342;PROD_8;8;5
ORD_342;PROD_1;6;3
ORD_342;PROD_49;7;1
ORD_342;PROD_48;2;3
ORD_343;PROD_29;2;2
ORD_343;PROD_30;6;1
ORD_343;PROD_50;7;1
ORD_343;PROD_14;7;1
ORD_343;PROD_1;9;1
ORD_343;PROD_48;1;3
ORD_343;PROD_13;9;5
ORD_343;PROD_45;4;3
ORD_343;PROD_21;1;4
ORD_343;PROD_1;1;4
ORD_344;PROD_3;5;1
ORD_344;PROD_49;3;5
ORD_344;PROD_19;5;2
ORD_344;PROD_7;3;3
ORD_344;PROD_30;5;3
ORD_344;PROD_13;7;2
ORD_344;PROD_38;5;2
ORD_344;PROD_26;3;4
ORD_344;PROD_21;6;5
ORD_344;PROD_45;7;2
ORD_344;PROD_4;5;2
ORD_344;PROD_41;9;2
ORD_345;PROD_40;5;2
ORD_345;PROD_32;1;2
ORD_345;PROD_22;3;5
ORD_345;PROD_17;5;1
ORD_345;PROD_16;9;3
ORD_345;PROD_27;1;1
ORD_346;PROD_33;8;3
ORD_346;PROD_5;4;2
ORD_346;PROD_46;6;3
ORD_346;PROD_33;8;1
ORD_346;PROD_5;4;5
ORD_346;PROD_46;2;2
ORD_346;PROD_30;4;2
ORD_346;PROD_9;6;2
ORD_346;PROD_11;5;3
ORD_346;PROD_42;3;2
ORD_346;PROD_7;5;5
ORD_346;PROD_44;5;2
ORD_346;PROD_49;5;1
ORD_346;PROD_32;5;4
ORD_347;PROD_1;8;3
ORD_347;PROD_12;5;3
ORD_347;PROD_9;1;1
ORD_347;PROD_27;5;3
ORD_347;PROD_38;8;3
ORD_347;PROD_42;2;2
ORD_347;PROD_33;9;5
ORD_348;PROD_16;3;1
ORD_348;PROD_50;2;3
ORD_348;PROD_16;9;1
ORD_348;PROD_13;8;2
ORD_348;PROD_41;7;3
ORD_348;PROD_10;6;1
ORD_349;PROD_12;6;4
ORD_349;PROD_41;5;1
ORD_349;PROD_9;8;1
ORD_349;PROD_19;5;1
ORD_349;PROD_15;9;3
ORD_349;PROD_48;1;2
ORD_349;PROD_49;6;2
ORD_349;PROD_10;2;5
ORD_349;PROD_39;4;4
ORD_349;PROD_36;1;1
ORD_349;PROD_22;8;2
ORD_350;PROD_5;3;1
ORD_350;PROD_9;3;1
ORD_350;PROD_15;2;1
ORD_350;PROD_30;9;4
ORD_350;PROD_47;6;5
ORD_350;PROD_30;6;4
ORD_350;PROD_43;8;2
ORD_350;PROD_32;4;2
ORD_350;PROD_47;2;2
ORD_350;PROD_14;3;5
ORD_350;PROD_21;9;2
ORD_350;PROD_19;8;1
ORD_350;PROD_13;8;2
ORD_350;PROD_40;5;5
ORD_351;PROD_37;1;2
ORD_351;PROD_12;9;4
ORD_351;PROD_28;8;2
ORD_351;PROD_12;6;5
ORD_351;PROD_15;6;2
ORD_351;PROD_13;1;2
ORD_351;PROD_17;6;1
ORD_351;PROD_1;3;5
ORD_351;PROD_27;6;4
ORD_351;PROD_29;3;1
ORD_351;PROD_29;5;1
ORD_352;PROD_49;1;5
ORD_352;PROD_22;8;3
ORD_352;PROD_32;8;2
ORD_352;PROD_40;7;4
ORD_352;PROD_39;2;2
ORD_352;PROD_24;4;5
ORD_352;PROD_25;2;1
ORD_352;PROD_4;2;5
ORD_352;PROD_10;8;3
ORD_352;PROD_26;1;4
ORD_352;PROD_41;7;1
ORD_352;PROD_14;8;1
ORD_352;PROD_12;7;5
ORD_353;PROD_2;7;5
ORD_353;PROD_15;4;1
ORD_353;PROD_29;9;3
ORD_353;PROD_31;3;5
ORD_353;PROD_7;2;4
ORD_353;PROD_17;1;3
ORD_353;PROD_4;3;3
ORD_353;PROD_7;2;4
ORD_353;PROD_15;9;4
ORD_353;PROD_25;3;4
ORD_353;PROD_36;3;2
ORD_353;PROD_45;3;2
ORD_353;PROD_23;7;4
ORD_353;PROD_17;9;5
ORD_353;PROD_36;1;2
ORD_354;PROD_10;9;5
ORD_354;PROD_5;1;3
ORD_354;PROD_4;7;2
ORD_354;PROD_35;8;5
ORD_354;PROD_18;2;2
ORD_354;PROD_12;9;5
ORD_354;PROD_23;1;2
ORD_355;PROD_41;6;5
ORD_355;PROD_1;5;3
ORD_355;PROD_3;3;5
ORD_355;PROD_49;4;5
ORD_355;PROD_19;3;3
ORD_355;PROD_7;5;5
ORD_355;PROD_24;8;1
ORD_355;PROD_33;3;1
ORD_355;PROD_33;4;5
ORD_355;PROD_18;9;2
ORD_355;PROD_6;2;4
ORD_356;PROD_16;2;1
ORD_356;PROD_27;3;2
ORD_356;PROD_25;4;3
ORD_356;PROD_37;5;3
ORD_356;PROD_23;8;1
ORD_356;PROD_18;6;2
ORD_357;PROD_12;1;1
ORD_357;PROD_47;3;5
ORD_357;PROD_6;8;3
ORD_357;PROD_23;1;3
ORD_357;PROD_13;5;2
ORD_357;PROD_17;1;5
ORD_357;PROD_1;3;4
ORD_357;PROD_27;6;1
ORD_357;PROD_3;1;3
ORD_357;PROD_49;2;3
ORD_357;PROD_19;7;2
ORD_357;PROD_7;9;4
ORD_357;PROD_36;3;4
ORD_357;PROD_49;6;2
ORD_358;PROD_29;7;2
ORD_358;PROD_30;6;1
ORD_358;PROD_50;5;1
ORD_358;PROD_14;2;4
ORD_358;PROD_1;9;2
ORD_358;PROD_30;6;1
ORD_358;PROD_13;3;5
ORD_358;PROD_38;6;4
ORD_358;PROD_9;7;2
ORD_358;PROD_31;9;4
ORD_358;PROD_22;5;2
ORD_358;PROD_19;5;2
ORD_358;PROD_7;9;2
ORD_359;PROD_3;1;4
ORD_359;PROD_49;3;3
ORD_359;PROD_19;5;5
ORD_359;PROD_7;7;5
ORD_359;PROD_12;7;2
ORD_359;PROD_15;4;5
ORD_359;PROD_2;8;1
ORD_359;PROD_36;5;5
ORD_360;PROD_9;6;2
ORD_360;PROD_1;7;3
ORD_360;PROD_48;4;5
ORD_360;PROD_41;3;4
ORD_360;PROD_29;9;3
ORD_360;PROD_30;1;2
ORD_361;PROD_49;5;5
ORD_361;PROD_16;8;2
ORD_361;PROD_36;4;3
ORD_361;PROD_43;7;4
ORD_361;PROD_50;5;4
ORD_362;PROD_32;6;1
ORD_362;PROD_36;7;3
ORD_362;PROD_37;9;3
ORD_362;PROD_4;3;5
ORD_362;PROD_37;4;5
ORD_362;PROD_2;9;3
ORD_362;PROD_40;3;4
ORD_362;PROD_16;2;5
ORD_362;PROD_41;7;1
ORD_362;PROD_10;9;5
ORD_362;PROD_41;9;5
ORD_362;PROD_26;2;3
ORD_362;PROD_28;7;1
ORD_363;PROD_12;7;2
ORD_363;PROD_15;9;1
ORD_363;PROD_33;9;3
ORD_363;PROD_21;5;4
ORD_363;PROD_44;2;5
ORD_363;PROD_50;7;5
ORD_363;PROD_5;2;1
ORD_363;PROD_27;2;3
ORD_363;PROD_5;8;5
ORD_363;PROD_37;2;1
ORD_363;PROD_48;4;5
ORD_363;PROD_33;5;5
ORD_363;PROD_14;1;2
ORD_364;PROD_15;9;4
ORD_364;PROD_40;3;4
ORD_364;PROD_40;8;1
ORD_364;PROD_2;1;3
ORD_364;PROD_1;9;1
ORD_364;PROD_26;7;5
ORD_364;PROD_16;6;1
ORD_364;PROD_24;7;1
ORD_364;PROD_32;8;4
ORD_364;PROD_32;4;1
ORD_364;PROD_41;1;2
ORD_364;PROD_7;5;2
ORD_364;PROD_12;8;5
ORD_365;PROD_9;9;3
ORD_365;PROD_12;2;3
ORD_365;PROD_20;8;2
ORD_365;PROD_33;8;4
ORD_365;PROD_7;5;2
ORD_365;PROD_19;7;5
ORD_366;PROD_40;2;5
ORD_366;PROD_4;3;2
ORD_366;PROD_47;8;4
ORD_366;PROD_31;6;3
ORD_366;PROD_22;1;1
ORD_366;PROD_24;2;2
ORD_366;PROD_44;2;5
ORD_366;PROD_33;2;2
ORD_366;PROD_32;4;2
ORD_366;PROD_4;7;4
ORD_366;PROD_49;6;4
ORD_366;PROD_24;3;5
ORD_366;PROD_49;8;1
ORD_367;PROD_3;1;1
ORD_367;PROD_49;1;4
ORD_367;PROD_19;8;3
ORD_367;PROD_7;3;2
ORD_367;PROD_50;9;1
ORD_367;PROD_1;2;2
ORD_367;PROD_31;2;5
ORD_367;PROD_40;2;1
ORD_367;PROD_12;5;3
ORD_367;PROD_31;1;5
ORD_367;PROD_42;8;5
ORD_367;PROD_12;9;1
ORD_367;PROD_44;5;2
ORD_368;PROD_10;1;2
ORD_368;PROD_5;4;2
ORD_368;PROD_4;3;4
ORD_368;PROD_35;9;3
ORD_368;PROD_6;5;5
ORD_368;PROD_24;2;2
ORD_368;PROD_29;6;3
ORD_368;PROD_30;3;2
ORD_368;PROD_50;2;4
ORD_368;PROD_14;9;4
ORD_368;PROD_1;9;4
ORD_368;PROD_6;7;4
ORD_368;PROD_1;3;5
ORD_369;PROD_3;9;5
ORD_369;PROD_2;2;2
ORD_369;PROD_26;4;5
ORD_369;PROD_1;5;5
ORD_369;PROD_14;6;3
ORD_370;PROD_46;6;2
ORD_370;PROD_26;2;1
ORD_370;PROD_30;2;1
ORD_370;PROD_28;3;4
ORD_370;PROD_2;1;5
ORD_371;PROD_3;9;2
ORD_371;PROD_49;6;3
ORD_371;PROD_19;1;3
ORD_371;PROD_7;7;5
ORD_371;PROD_47;2;2
ORD_371;PROD_44;4;4
ORD_371;PROD_16;3;2
ORD_372;PROD_12;3;1
ORD_372;PROD_47;1;5
ORD_372;PROD_6;6;5
ORD_372;PROD_23;5;5
ORD_372;PROD_18;6;2
ORD_372;PROD_46;2;3
ORD_372;PROD_17;4;3
ORD_372;PROD_27;4;4
ORD_372;PROD_33;4;2
ORD_372;PROD_9;9;2
ORD_373;PROD_18;4;2
ORD_373;PROD_17;6;5
ORD_373;PROD_44;6;3
ORD_373;PROD_24;3;4
ORD_373;PROD_38;6;3
ORD_373;PROD_33;8;3
ORD_373;PROD_21;7;3
ORD_373;PROD_29;8;2
ORD_373;PROD_40;1;5
ORD_373;PROD_33;4;2
ORD_373;PROD_50;5;2
ORD_374;PROD_35;5;3
ORD_374;PROD_8;8;2
ORD_374;PROD_32;3;1
ORD_374;PROD_25;7;3
ORD_374;PROD_34;5;5
ORD_374;PROD_38;8;4
ORD_374;PROD_45;7;1
ORD_374;PROD_17;6;4
ORD_374;PROD_27;1;1
ORD_374;PROD_9;1;4
ORD_374;PROD_31;3;1
ORD_374;PROD_18;5;2
ORD_374;PROD_13;4;5
ORD_374;PROD_1;9;2
ORD_375;PROD_38;8;2
ORD_375;PROD_5;9;1
ORD_375;PROD_49;8;3
ORD_375;PROD_44;4;3
ORD_375;PROD_35;3;5
ORD_375;PROD_3;1;3
ORD_375;PROD_3;4;2
ORD_375;PROD_12;7;3
ORD_375;PROD_49;8;4
ORD_376;PROD_50;7;4
ORD_376;PROD_43;9;3
ORD_376;PROD_5;6;1
ORD_376;PROD_39;5;5
ORD_376;PROD_39;3;4
ORD_376;PROD_9;1;4
ORD_377;PROD_3;4;4
ORD_377;PROD_34;3;3
ORD_377;PROD_12;5;4
ORD_377;PROD_5;5;4
ORD_377;PROD_12;7;1
ORD_377;PROD_12;2;3
ORD_377;PROD_2;6;3
ORD_378;PROD_7;4;4
ORD_378;PROD_25;1;3
ORD_378;PROD_15;3;4
ORD_378;PROD_5;1;2
ORD_378;PROD_49;3;1
ORD_378;PROD_18;4;3
ORD_379;PROD_27;7;3
ORD_379;PROD_41;3;5
ORD_379;PROD_46;7;2
ORD_379;PROD_11;1;3
ORD_379;PROD_6;7;1
ORD_379;PROD_37;4;2
ORD_379;PROD_6;6;3
ORD_379;PROD_21;6;1
ORD_379;PROD_32;9;4
ORD_379;PROD_28;2;2
ORD_379;PROD_16;5;1
ORD_379;PROD_35;2;3
ORD_379;PROD_46;7;5
ORD_380;PROD_9;2;3
ORD_380;PROD_1;9;4
ORD_380;PROD_48;7;2
ORD_380;PROD_41;8;3
ORD_380;PROD_29;5;2
ORD_380;PROD_30;7;5
ORD_380;PROD_50;9;2
ORD_380;PROD_14;1;3
ORD_380;PROD_1;5;4
ORD_380;PROD_11;6;3
ORD_381;PROD_34;9;4
ORD_381;PROD_36;5;2
ORD_381;PROD_34;7;1
ORD_381;PROD_32;8;4
ORD_381;PROD_4;9;1
ORD_381;PROD_37;7;1
ORD_381;PROD_24;6;1
ORD_381;PROD_38;3;4
ORD_381;PROD_43;4;1
ORD_381;PROD_17;9;5
ORD_381;PROD_30;2;4
ORD_381;PROD_10;3;2
ORD_382;PROD_25;7;4
ORD_382;PROD_6;2;3
ORD_382;PROD_5;9;3
ORD_382;PROD_2;6;1
ORD_382;PROD_36;7;2
ORD_382;PROD_1;7;2
ORD_382;PROD_50;8;2
ORD_382;PROD_23;8;1
ORD_382;PROD_37;6;3
ORD_382;PROD_12;5;1
ORD_383;PROD_36;1;1
ORD_383;PROD_9;3;5
ORD_383;PROD_16;5;1
ORD_383;PROD_27;2;5
ORD_383;PROD_13;8;2
ORD_383;PROD_6;3;2
ORD_383;PROD_23;3;3
ORD_384;PROD_37;1;4
ORD_384;PROD_12;6;5
ORD_384;PROD_28;4;1
ORD_384;PROD_3;6;2
ORD_384;PROD_44;5;5
ORD_384;PROD_21;4;1
ORD_385;PROD_11;4;2
ORD_385;PROD_4;2;4
ORD_385;PROD_38;5;5
ORD_385;PROD_47;5;4
ORD_385;PROD_9;4;4
ORD_385;PROD_36;9;2
ORD_385;PROD_23;8;2
ORD_385;PROD_42;1;4
ORD_385;PROD_13;2;1
ORD_385;PROD_12;8;1
ORD_386;PROD_31;5;2
ORD_386;PROD_5;2;1
ORD_386;PROD_44;2;2
ORD_386;PROD_33;6;4
ORD_386;PROD_12;1;5
ORD_386;PROD_26;2;2
ORD_386;PROD_18;4;3
ORD_386;PROD_19;3;5
ORD_386;PROD_50;3;1
ORD_386;PROD_16;2;3
ORD_386;PROD_46;6;4
ORD_387;PROD_31;2;5
ORD_387;PROD_5;4;2
ORD_387;PROD_16;6;3
ORD_387;PROD_27;4;3
ORD_387;PROD_2;8;1
ORD_387;PROD_36;9;2
ORD_387;PROD_1;9;1
ORD_387;PROD_50;7;2
ORD_387;PROD_23;2;2
ORD_387;PROD_21;2;2
ORD_387;PROD_19;6;4
ORD_387;PROD_12;8;2
ORD_387;PROD_4;3;5
ORD_387;PROD_30;8;5
ORD_387;PROD_29;5;2
ORD_388;PROD_13;7;1
ORD_388;PROD_23;8;2
ORD_388;PROD_23;7;4
ORD_388;PROD_45;2;3
ORD_388;PROD_9;5;5
ORD_388;PROD_19;1;2
ORD_388;PROD_32;5;1
ORD_388;PROD_7;7;3
ORD_388;PROD_40;8;3
ORD_388;PROD_26;9;1
ORD_388;PROD_8;1;2
ORD_388;PROD_9;1;1
ORD_388;PROD_13;2;2
ORD_388;PROD_9;4;5
ORD_388;PROD_6;5;5
ORD_389;PROD_17;2;4
ORD_389;PROD_50;5;2
ORD_389;PROD_10;7;2
ORD_389;PROD_28;4;2
ORD_389;PROD_40;7;3
ORD_389;PROD_40;8;5
ORD_389;PROD_14;5;5
ORD_389;PROD_7;7;2
ORD_389;PROD_4;6;4
ORD_389;PROD_33;4;5
ORD_389;PROD_46;9;1
ORD_390;PROD_47;8;5
ORD_390;PROD_29;9;2
ORD_390;PROD_37;1;4
ORD_390;PROD_50;9;1
ORD_390;PROD_8;4;1
ORD_390;PROD_26;2;4
ORD_390;PROD_8;2;2
ORD_390;PROD_40;1;1
ORD_390;PROD_41;8;1
ORD_390;PROD_42;2;5
ORD_390;PROD_15;5;5
ORD_390;PROD_12;5;2
ORD_390;PROD_11;8;1
ORD_390;PROD_41;5;2
ORD_391;PROD_27;1;4
ORD_391;PROD_46;9;3
ORD_391;PROD_4;6;5
ORD_391;PROD_45;4;3
ORD_391;PROD_42;5;4
ORD_391;PROD_46;4;5
ORD_392;PROD_49;5;4
ORD_392;PROD_48;6;3
ORD_392;PROD_11;8;5
ORD_392;PROD_39;2;1
ORD_392;PROD_21;8;4
ORD_392;PROD_28;4;3
ORD_392;PROD_36;4;1
ORD_392;PROD_8;8;3
ORD_392;PROD_43;3;4
ORD_392;PROD_25;4;5
ORD_392;PROD_28;3;3
ORD_392;PROD_19;2;4
ORD_392;PROD_32;2;3
ORD_392;PROD_12;5;4
ORD_393;PROD_3;3;3
ORD_393;PROD_49;3;5
ORD_393;PROD_19;9;2
ORD_393;PROD_7;2;4
ORD_393;PROD_16;1;2
ORD_393;PROD_27;4;2
ORD_393;PROD_28;8;5
ORD_394;PROD_29;7;2
ORD_394;PROD_30;4;1
ORD_394;PROD_50;6;2
ORD_394;PROD_14;7;3
ORD_394;PROD_1;8;1
ORD_395;PROD_37;1;5
ORD_395;PROD_16;2;1
ORD_395;PROD_32;3;2
ORD_395;PROD_6;8;4
ORD_395;PROD_7;3;2
ORD_395;PROD_45;1;1
ORD_395;PROD_12;5;1
ORD_395;PROD_20;8;1
ORD_395;PROD_40;1;4
ORD_395;PROD_45;2;4
ORD_395;PROD_31;1;1
ORD_395;PROD_1;7;1
ORD_395;PROD_23;3;4
ORD_395;PROD_29;3;5
ORD_395;PROD_50;8;4
ORD_396;PROD_47;4;1
ORD_396;PROD_44;4;1
ORD_396;PROD_29;3;1
ORD_396;PROD_30;8;2
ORD_396;PROD_50;3;3
ORD_396;PROD_14;5;2
ORD_396;PROD_1;4;2
ORD_396;PROD_36;9;3
ORD_396;PROD_30;9;5
ORD_396;PROD_30;5;5
ORD_396;PROD_39;6;2
ORD_396;PROD_38;3;1
ORD_396;PROD_50;8;1
ORD_397;PROD_37;5;3
ORD_397;PROD_12;2;1
ORD_397;PROD_28;1;2
ORD_397;PROD_12;3;1
ORD_397;PROD_15;4;1
ORD_398;PROD_33;2;1
ORD_398;PROD_8;8;3
ORD_398;PROD_4;1;4
ORD_398;PROD_36;6;3
ORD_398;PROD_23;3;1
ORD_398;PROD_14;7;3
ORD_398;PROD_42;4;4
ORD_398;PROD_44;6;1
ORD_398;PROD_19;2;2
ORD_398;PROD_10;2;3
ORD_398;PROD_9;6;4
ORD_398;PROD_34;6;5
ORD_399;PROD_38;4;2
ORD_399;PROD_34;7;4
ORD_399;PROD_15;2;2
ORD_399;PROD_28;3;3
ORD_399;PROD_31;5;2
ORD_399;PROD_22;7;3
ORD_399;PROD_34;6;4
ORD_399;PROD_9;1;2
ORD_399;PROD_4;4;2
ORD_399;PROD_17;9;2
ORD_399;PROD_43;1;5
ORD_399;PROD_33;3;5
ORD_399;PROD_2;3;5
ORD_399;PROD_50;1;4
ORD_400;PROD_33;5;4
ORD_400;PROD_37;1;4
ORD_400;PROD_46;7;2
ORD_400;PROD_24;1;1
ORD_400;PROD_34;9;4
ORD_400;PROD_32;4;3
ORD_401;PROD_9;2;2
ORD_401;PROD_12;4;2
ORD_401;PROD_20;4;4
ORD_401;PROD_33;8;4
ORD_401;PROD_7;2;3
ORD_401;PROD_25;7;4
ORD_401;PROD_6;3;5
ORD_401;PROD_5;4;1
ORD_401;PROD_44;3;3
ORD_401;PROD_33;1;2
ORD_402;PROD_25;7;2
ORD_402;PROD_35;9;5
ORD_402;PROD_12;4;5
ORD_402;PROD_46;9;2
ORD_402;PROD_13;7;4
ORD_402;PROD_16;7;5
ORD_402;PROD_32;9;1
ORD_402;PROD_38;4;4
ORD_402;PROD_17;5;4
ORD_402;PROD_21;1;4
ORD_403;PROD_21;9;4
ORD_403;PROD_45;1;2
ORD_403;PROD_24;7;5
ORD_403;PROD_30;4;1
ORD_403;PROD_37;1;5
ORD_403;PROD_39;5;5
ORD_403;PROD_7;4;5
ORD_403;PROD_36;9;4
ORD_403;PROD_35;3;4
ORD_403;PROD_43;7;1
ORD_403;PROD_7;3;3
ORD_403;PROD_44;7;3
ORD_403;PROD_44;3;3
ORD_403;PROD_28;5;4
ORD_404;PROD_10;8;3
ORD_404;PROD_5;2;1
ORD_404;PROD_4;3;1
ORD_404;PROD_35;5;3
ORD_404;PROD_12;3;4
ORD_404;PROD_47;7;3
ORD_405;PROD_14;2;3
ORD_405;PROD_1;9;2
ORD_405;PROD_32;9;5
ORD_405;PROD_17;9;5
ORD_405;PROD_1;5;2
ORD_405;PROD_41;5;2
ORD_405;PROD_43;4;4
ORD_405;PROD_18;6;1
ORD_406;PROD_33;1;2
ORD_406;PROD_5;4;5
ORD_406;PROD_46;9;1
ORD_406;PROD_31;1;1
ORD_406;PROD_5;8;5
ORD_406;PROD_45;3;1
ORD_406;PROD_10;5;2
ORD_406;PROD_23;3;2
ORD_406;PROD_13;9;5
ORD_406;PROD_3;9;4
ORD_406;PROD_49;2;1
ORD_406;PROD_22;7;1
ORD_406;PROD_38;4;5
ORD_407;PROD_33;3;1
ORD_407;PROD_14;7;4
ORD_407;PROD_20;5;1
ORD_407;PROD_46;1;5
ORD_407;PROD_42;1;3
ORD_407;PROD_6;7;1
ORD_407;PROD_37;5;1
ORD_407;PROD_21;4;2
ORD_407;PROD_30;6;5
ORD_407;PROD_35;7;1
ORD_408;PROD_29;7;3
ORD_408;PROD_30;5;5
ORD_408;PROD_50;3;1
ORD_408;PROD_14;6;3
ORD_408;PROD_1;1;3
ORD_408;PROD_3;1;1
ORD_408;PROD_49;6;3
ORD_408;PROD_19;2;2
ORD_409;PROD_22;2;2
ORD_409;PROD_11;6;3
ORD_409;PROD_22;4;2
ORD_409;PROD_25;2;5
ORD_409;PROD_18;1;5
ORD_409;PROD_16;8;4
ORD_409;PROD_50;4;3
ORD_409;PROD_9;3;5
ORD_409;PROD_27;2;1
ORD_409;PROD_45;7;4
ORD_409;PROD_18;8;4
ORD_409;PROD_10;7;4
ORD_409;PROD_44;6;3
ORD_409;PROD_1;4;5
ORD_409;PROD_24;6;2
ORD_410;PROD_16;9;3
ORD_410;PROD_11;7;1
ORD_410;PROD_31;6;5
ORD_410;PROD_30;7;2
ORD_410;PROD_46;8;3
ORD_410;PROD_43;2;3
ORD_410;PROD_7;8;1
ORD_410;PROD_9;3;3
ORD_410;PROD_31;7;5
ORD_410;PROD_4;4;4
ORD_411;PROD_43;7;1
ORD_411;PROD_7;7;5
ORD_411;PROD_3;4;2
ORD_411;PROD_35;8;3
ORD_411;PROD_45;5;3
ORD_411;PROD_34;1;2
ORD_411;PROD_39;9;2
ORD_411;PROD_20;7;2
ORD_411;PROD_24;1;2
ORD_411;PROD_24;7;4
ORD_411;PROD_31;5;3
ORD_411;PROD_50;8;4
ORD_412;PROD_13;9;1
ORD_412;PROD_17;9;1
ORD_412;PROD_1;1;4
ORD_412;PROD_27;7;4
ORD_412;PROD_16;1;4
ORD_412;PROD_39;8;5
ORD_412;PROD_3;7;1
ORD_412;PROD_36;9;4
ORD_413;PROD_19;2;1
ORD_413;PROD_3;9;3
ORD_413;PROD_28;4;1
ORD_413;PROD_37;6;1
ORD_413;PROD_12;9;4
ORD_413;PROD_28;2;3
ORD_413;PROD_13;8;1
ORD_413;PROD_17;9;5
ORD_413;PROD_1;3;2
ORD_413;PROD_27;7;2
ORD_413;PROD_24;1;2
ORD_413;PROD_6;9;4
ORD_413;PROD_36;9;4
ORD_413;PROD_16;2;4
ORD_414;PROD_23;7;1
ORD_414;PROD_29;6;2
ORD_414;PROD_40;7;4
ORD_414;PROD_15;1;4
ORD_414;PROD_2;9;2
ORD_414;PROD_50;8;4
ORD_414;PROD_44;5;5
ORD_414;PROD_14;6;4
ORD_414;PROD_6;3;2
ORD_415;PROD_29;7;2
ORD_415;PROD_32;4;4
ORD_415;PROD_20;7;5
ORD_415;PROD_15;4;2
ORD_415;PROD_4;2;4
ORD_415;PROD_30;3;3
ORD_415;PROD_3;1;5
ORD_415;PROD_36;1;4
ORD_415;PROD_41;9;5
ORD_415;PROD_27;7;4
ORD_415;PROD_28;9;1
ORD_416;PROD_10;8;5
ORD_416;PROD_5;4;1
ORD_416;PROD_4;6;5
ORD_416;PROD_35;5;5
ORD_416;PROD_30;1;3
ORD_417;PROD_37;9;4
ORD_417;PROD_12;4;3
ORD_417;PROD_28;4;5
ORD_417;PROD_6;3;1
ORD_417;PROD_24;7;3
ORD_417;PROD_36;9;1
ORD_417;PROD_46;9;2
ORD_417;PROD_34;6;1
ORD_417;PROD_31;6;1
ORD_417;PROD_45;8;4
ORD_417;PROD_38;4;3
ORD_417;PROD_49;6;3
ORD_417;PROD_42;2;2
ORD_417;PROD_47;4;1
ORD_418;PROD_29;6;4
ORD_418;PROD_28;5;5
ORD_418;PROD_2;4;2
ORD_418;PROD_38;4;5
ORD_418;PROD_39;8;5
ORD_418;PROD_8;1;1
ORD_418;PROD_8;7;1
ORD_418;PROD_9;5;3
ORD_418;PROD_37;8;5
ORD_418;PROD_41;9;5
ORD_418;PROD_25;9;3
ORD_418;PROD_50;2;2
ORD_418;PROD_49;8;4
ORD_419;PROD_38;5;5
ORD_419;PROD_23;4;2
ORD_419;PROD_9;5;5
ORD_419;PROD_26;8;3
ORD_419;PROD_2;9;4
ORD_419;PROD_31;7;3
ORD_419;PROD_42;1;2
ORD_419;PROD_17;3;2
ORD_420;PROD_6;8;4
ORD_420;PROD_24;8;4
ORD_420;PROD_26;8;3
ORD_420;PROD_28;2;4
ORD_420;PROD_17;3;1
ORD_420;PROD_22;5;3
ORD_420;PROD_33;8;1
ORD_421;PROD_18;1;4
ORD_421;PROD_24;2;3
ORD_421;PROD_49;9;5
ORD_421;PROD_48;7;2
ORD_421;PROD_46;9;3
ORD_421;PROD_4;3;2
ORD_421;PROD_24;8;2
ORD_421;PROD_20;8;4
ORD_421;PROD_25;6;5
ORD_421;PROD_15;2;2
ORD_422;PROD_25;4;1
ORD_422;PROD_26;7;1
ORD_422;PROD_4;9;2
ORD_422;PROD_19;1;2
ORD_422;PROD_2;5;1
ORD_422;PROD_18;8;2
ORD_422;PROD_2;8;4
ORD_422;PROD_45;1;1
ORD_422;PROD_24;4;3
ORD_423;PROD_33;1;1
ORD_423;PROD_5;5;5
ORD_423;PROD_46;4;3
ORD_423;PROD_2;8;3
ORD_423;PROD_24;2;4
ORD_423;PROD_6;8;3
ORD_423;PROD_30;7;5
ORD_423;PROD_16;1;1
ORD_423;PROD_36;9;2
ORD_424;PROD_9;6;5
ORD_424;PROD_12;5;4
ORD_424;PROD_20;3;1
ORD_424;PROD_33;1;3
ORD_424;PROD_7;4;4
ORD_424;PROD_16;9;3
ORD_424;PROD_27;8;3
ORD_424;PROD_31;4;3
ORD_425;PROD_12;1;1
ORD_425;PROD_15;4;4
ORD_425;PROD_9;7;2
ORD_425;PROD_12;7;2
ORD_425;PROD_20;9;5
ORD_425;PROD_33;4;3
ORD_426;PROD_38;7;2
ORD_426;PROD_9;6;2
ORD_426;PROD_3;9;4
ORD_426;PROD_46;6;4
ORD_426;PROD_15;7;4
ORD_426;PROD_45;5;5
ORD_426;PROD_48;6;3
ORD_426;PROD_8;3;4
ORD_426;PROD_23;7;4
ORD_426;PROD_11;9;3
ORD_426;PROD_23;6;4
ORD_426;PROD_44;2;3
ORD_426;PROD_44;9;1
ORD_427;PROD_39;7;3
ORD_427;PROD_9;9;5
ORD_427;PROD_38;9;4
ORD_427;PROD_38;4;3
ORD_427;PROD_16;1;4
ORD_428;PROD_22;4;5
ORD_428;PROD_14;3;3
ORD_428;PROD_6;3;3
ORD_428;PROD_41;8;3
ORD_428;PROD_8;4;2
ORD_428;PROD_7;1;4
ORD_428;PROD_11;4;4
ORD_428;PROD_13;2;4
ORD_428;PROD_8;2;4
ORD_428;PROD_21;9;1
ORD_428;PROD_45;8;5
ORD_428;PROD_5;1;3
ORD_429;PROD_12;6;5
ORD_429;PROD_47;3;3
ORD_429;PROD_6;9;2
ORD_429;PROD_23;9;5
ORD_429;PROD_8;8;4
ORD_429;PROD_7;2;3
ORD_429;PROD_26;3;4
ORD_429;PROD_19;7;2
ORD_429;PROD_37;9;3
ORD_429;PROD_50;7;4
ORD_430;PROD_1;8;3
ORD_430;PROD_28;7;2
ORD_430;PROD_41;4;2
ORD_430;PROD_9;2;2
ORD_430;PROD_6;1;3
ORD_430;PROD_10;3;5
ORD_430;PROD_36;6;1
ORD_430;PROD_10;9;3
ORD_430;PROD_18;7;1
ORD_430;PROD_4;4;4
ORD_431;PROD_6;5;1
ORD_431;PROD_24;1;5
ORD_431;PROD_31;8;3
ORD_431;PROD_9;9;5
ORD_431;PROD_14;9;4
ORD_431;PROD_31;9;5
ORD_431;PROD_39;4;5
ORD_432;PROD_16;5;2
ORD_432;PROD_27;5;4
ORD_432;PROD_44;8;2
ORD_432;PROD_18;9;3
ORD_432;PROD_47;6;4
ORD_432;PROD_21;5;3
ORD_432;PROD_45;3;3
ORD_432;PROD_34;6;4
ORD_432;PROD_11;5;5
ORD_432;PROD_38;6;4
ORD_432;PROD_40;8;4
ORD_432;PROD_45;4;1
ORD_432;PROD_11;4;5
ORD_432;PROD_27;9;5
ORD_432;PROD_44;8;2
ORD_433;PROD_39;5;3
ORD_433;PROD_38;3;5
ORD_433;PROD_18;6;3
ORD_433;PROD_30;2;2
ORD_433;PROD_27;7;1
ORD_433;PROD_25;8;4
ORD_433;PROD_46;1;1
ORD_433;PROD_33;6;1
ORD_433;PROD_43;4;2
ORD_433;PROD_48;3;2
ORD_433;PROD_25;1;5
ORD_434;PROD_13;5;3
ORD_434;PROD_17;7;4
ORD_434;PROD_1;8;5
ORD_434;PROD_27;1;3
ORD_434;PROD_21;7;5
ORD_434;PROD_45;9;5
ORD_434;PROD_24;7;4
ORD_434;PROD_30;1;2
ORD_434;PROD_37;4;4
ORD_434;PROD_9;6;1
ORD_434;PROD_1;4;5
ORD_435;PROD_12;7;2
ORD_435;PROD_11;3;1
ORD_435;PROD_31;4;4
ORD_435;PROD_28;1;2
ORD_435;PROD_1;6;4
ORD_435;PROD_45;7;5
ORD_435;PROD_50;8;2
ORD_435;PROD_1;8;3
ORD_435;PROD_1;1;3
ORD_435;PROD_37;8;5
ORD_435;PROD_15;2;5
ORD_436;PROD_15;6;5
ORD_436;PROD_31;3;2
ORD_436;PROD_34;6;2
ORD_436;PROD_45;6;5
ORD_436;PROD_46;6;2
ORD_436;PROD_31;3;3
ORD_436;PROD_3;9;1
ORD_436;PROD_3;1;4
ORD_436;PROD_6;4;4
ORD_436;PROD_47;7;3
ORD_436;PROD_16;3;2
ORD_436;PROD_48;3;5
ORD_436;PROD_4;4;1
ORD_436;PROD_20;9;2
ORD_437;PROD_37;1;5
ORD_437;PROD_12;8;5
ORD_437;PROD_28;7;2
ORD_437;PROD_9;8;1
ORD_437;PROD_1;9;5
ORD_437;PROD_48;5;2
ORD_437;PROD_41;3;1
ORD_438;PROD_36;6;2
ORD_438;PROD_30;5;4
ORD_438;PROD_2;7;4
ORD_438;PROD_36;9;2
ORD_438;PROD_1;2;2
ORD_438;PROD_50;2;1
ORD_438;PROD_23;3;1
ORD_438;PROD_31;8;2
ORD_438;PROD_5;2;2
ORD_438;PROD_28;2;4
ORD_438;PROD_47;8;5
ORD_439;PROD_31;8;1
ORD_439;PROD_5;6;5
ORD_439;PROD_37;2;3
ORD_439;PROD_12;6;4
ORD_439;PROD_28;5;1
ORD_439;PROD_34;2;2
ORD_439;PROD_25;3;4
ORD_439;PROD_44;4;4
ORD_439;PROD_27;5;2
ORD_439;PROD_20;1;1
ORD_440;PROD_39;2;1
ORD_440;PROD_3;5;5
ORD_440;PROD_50;8;2
ORD_440;PROD_33;3;4
ORD_440;PROD_20;5;3
ORD_440;PROD_23;5;1
ORD_440;PROD_31;5;5
ORD_441;PROD_37;7;1
ORD_441;PROD_12;6;1
ORD_441;PROD_28;4;5
ORD_441;PROD_41;5;3
ORD_441;PROD_1;8;4
ORD_441;PROD_41;6;1
ORD_441;PROD_1;4;5
ORD_441;PROD_39;6;5
ORD_441;PROD_34;6;4
ORD_442;PROD_25;7;1
ORD_442;PROD_6;9;2
ORD_442;PROD_5;8;5
ORD_442;PROD_12;3;2
ORD_442;PROD_47;4;2
ORD_442;PROD_6;4;5
ORD_442;PROD_23;8;2
ORD_442;PROD_28;8;1
ORD_442;PROD_10;7;5
ORD_442;PROD_11;8;1
ORD_442;PROD_40;3;3
ORD_442;PROD_34;5;3
ORD_442;PROD_48;9;4
ORD_443;PROD_25;9;1
ORD_443;PROD_13;2;3
ORD_443;PROD_21;5;1
ORD_443;PROD_44;8;3
ORD_443;PROD_50;1;4
ORD_443;PROD_42;6;1
ORD_443;PROD_27;8;4
ORD_444;PROD_30;3;5
ORD_444;PROD_13;8;5
ORD_444;PROD_38;9;2
ORD_444;PROD_25;2;3
ORD_444;PROD_6;4;2
ORD_444;PROD_5;4;4
ORD_444;PROD_47;8;2
ORD_444;PROD_44;5;3
ORD_444;PROD_29;4;5
ORD_444;PROD_46;7;1
ORD_444;PROD_5;3;2
ORD_444;PROD_17;3;4
ORD_444;PROD_49;6;4
ORD_444;PROD_49;7;2
ORD_444;PROD_50;6;4
ORD_445;PROD_43;7;4
ORD_445;PROD_8;2;1
ORD_445;PROD_30;2;2
ORD_445;PROD_33;2;5
ORD_445;PROD_9;2;1
ORD_445;PROD_20;1;2
ORD_445;PROD_48;1;4
ORD_445;PROD_5;3;4
ORD_445;PROD_3;5;4
ORD_445;PROD_35;3;5
ORD_445;PROD_49;9;4
ORD_446;PROD_6;2;3
ORD_446;PROD_24;7;1
ORD_446;PROD_25;2;1
ORD_446;PROD_17;5;2
ORD_446;PROD_13;2;1
ORD_446;PROD_2;4;2
ORD_446;PROD_15;7;5
ORD_446;PROD_31;7;5
ORD_446;PROD_45;6;4
ORD_446;PROD_5;2;2
ORD_447;PROD_37;1;4
ORD_447;PROD_12;8;1
ORD_447;PROD_28;3;5
ORD_447;PROD_21;3;3
ORD_447;PROD_45;5;5
ORD_447;PROD_24;4;1
ORD_447;PROD_30;7;5
ORD_447;PROD_37;8;4
ORD_448;PROD_14;9;2
ORD_448;PROD_5;7;5
ORD_448;PROD_44;6;3
ORD_448;PROD_28;1;4
ORD_448;PROD_6;7;2
ORD_448;PROD_39;6;1
ORD_448;PROD_25;8;3
ORD_448;PROD_47;8;2
ORD_448;PROD_26;3;5
ORD_448;PROD_16;9;3
ORD_448;PROD_27;9;1
ORD_448;PROD_12;1;2
ORD_448;PROD_34;7;5
ORD_448;PROD_24;2;2
ORD_449;PROD_15;6;1
ORD_449;PROD_37;1;5
ORD_449;PROD_38;8;4
ORD_449;PROD_49;9;1
ORD_449;PROD_46;2;3
ORD_449;PROD_32;3;4
ORD_449;PROD_36;4;1
ORD_449;PROD_1;8;3
ORD_449;PROD_46;9;5
ORD_449;PROD_20;5;3
ORD_449;PROD_8;9;5
ORD_449;PROD_16;8;1
ORD_449;PROD_49;6;4
ORD_449;PROD_10;9;4
ORD_449;PROD_2;1;1
ORD_450;PROD_13;2;4
ORD_450;PROD_17;5;1
ORD_450;PROD_1;4;4
ORD_450;PROD_27;8;3
ORD_450;PROD_41;6;1
ORD_450;PROD_1;3;1
ORD_450;PROD_31;3;5
ORD_450;PROD_5;3;4
ORD_451;PROD_19;8;1
ORD_451;PROD_3;7;3
ORD_451;PROD_28;3;3
ORD_451;PROD_18;7;3
ORD_451;PROD_10;7;2
ORD_451;PROD_30;4;2
ORD_451;PROD_45;6;2
ORD_451;PROD_33;4;3
ORD_451;PROD_21;5;5
ORD_451;PROD_26;6;4
ORD_451;PROD_26;7;4
ORD_452;PROD_32;9;5
ORD_452;PROD_6;8;5
ORD_452;PROD_15;8;2
ORD_452;PROD_48;4;3
ORD_452;PROD_8;5;5
ORD_452;PROD_8;1;4
ORD_452;PROD_37;9;4
ORD_452;PROD_13;6;5
ORD_452;PROD_16;7;3
ORD_452;PROD_25;3;1
ORD_452;PROD_45;7;2
ORD_452;PROD_43;9;5
ORD_452;PROD_13;8;2
ORD_452;PROD_3;5;3
ORD_453;PROD_3;6;5
ORD_453;PROD_33;7;4
ORD_453;PROD_42;3;5
ORD_453;PROD_18;1;5
ORD_453;PROD_28;4;5
ORD_453;PROD_47;4;3
ORD_453;PROD_44;1;2
ORD_453;PROD_46;6;3
ORD_453;PROD_45;4;1
ORD_453;PROD_33;6;3
ORD_453;PROD_13;9;1
ORD_453;PROD_39;2;3
ORD_453;PROD_39;4;4
ORD_453;PROD_50;5;1
ORD_453;PROD_29;8;2
ORD_454;PROD_21;2;2
ORD_454;PROD_45;8;1
ORD_454;PROD_24;3;3
ORD_454;PROD_30;4;5
ORD_454;PROD_37;8;4
ORD_454;PROD_3;8;4
ORD_454;PROD_49;9;5
ORD_454;PROD_19;5;2
ORD_454;PROD_7;3;2
ORD_454;PROD_3;5;1
ORD_455;PROD_2;3;2
ORD_455;PROD_36;6;5
ORD_455;PROD_1;7;2
ORD_455;PROD_50;9;4
ORD_455;PROD_23;7;5
ORD_455;PROD_5;2;4
ORD_455;PROD_24;9;1
ORD_456;PROD_46;1;2
ORD_456;PROD_5;9;5
ORD_456;PROD_10;2;1
ORD_456;PROD_34;4;4
ORD_456;PROD_13;7;4
ORD_456;PROD_29;6;3
ORD_456;PROD_35;1;3
ORD_456;PROD_45;5;1
ORD_457;PROD_29;7;1
ORD_457;PROD_30;5;5
ORD_457;PROD_50;2;2
ORD_457;PROD_14;7;4
ORD_457;PROD_1;4;5
ORD_457;PROD_9;8;2
ORD_457;PROD_1;6;4
ORD_458;PROD_18;5;3
ORD_458;PROD_13;6;4
ORD_458;PROD_37;7;5
ORD_458;PROD_33;8;3
ORD_458;PROD_19;8;2
ORD_458;PROD_35;6;4
ORD_458;PROD_31;3;4
ORD_458;PROD_41;9;4
ORD_458;PROD_30;4;5
ORD_458;PROD_6;3;3
ORD_458;PROD_9;4;3
ORD_458;PROD_38;2;2
ORD_459;PROD_44;5;3
ORD_459;PROD_33;3;2
ORD_459;PROD_27;3;3
ORD_459;PROD_41;1;2
ORD_459;PROD_27;1;3
ORD_459;PROD_41;8;1
ORD_459;PROD_43;5;2
ORD_459;PROD_35;8;2
ORD_459;PROD_12;1;3
ORD_459;PROD_13;8;1
ORD_460;PROD_8;8;2
ORD_460;PROD_41;8;4
ORD_460;PROD_41;6;3
ORD_460;PROD_32;7;4
ORD_460;PROD_39;4;2
ORD_460;PROD_46;5;5
ORD_461;PROD_20;8;4
ORD_461;PROD_41;4;2
ORD_461;PROD_36;4;2
ORD_461;PROD_36;2;4
ORD_461;PROD_19;7;3
ORD_461;PROD_32;7;3
ORD_462;PROD_12;6;2
ORD_462;PROD_15;4;4
ORD_462;PROD_33;6;4
ORD_462;PROD_5;8;4
ORD_462;PROD_46;1;5
ORD_462;PROD_36;4;3
ORD_462;PROD_30;8;4
ORD_462;PROD_23;8;1
ORD_462;PROD_29;8;1
ORD_462;PROD_21;1;5
ORD_462;PROD_26;2;1
ORD_462;PROD_28;2;3
ORD_462;PROD_10;4;1
ORD_462;PROD_3;4;3
ORD_462;PROD_6;1;5
ORD_463;PROD_22;2;3
ORD_463;PROD_48;7;5
ORD_463;PROD_35;2;4
ORD_463;PROD_11;3;5
ORD_463;PROD_41;8;4
ORD_463;PROD_3;4;3
ORD_464;PROD_18;6;2
ORD_464;PROD_9;1;3
ORD_464;PROD_30;7;3
ORD_464;PROD_1;9;5
ORD_464;PROD_1;4;3
ORD_464;PROD_41;4;5
ORD_464;PROD_42;7;2
ORD_464;PROD_20;3;1
ORD_464;PROD_49;8;2
ORD_465;PROD_37;6;2
ORD_465;PROD_49;1;2
ORD_465;PROD_23;1;1
ORD_465;PROD_39;1;3
ORD_465;PROD_35;1;3
ORD_465;PROD_16;4;5
ORD_465;PROD_39;9;4
ORD_465;PROD_14;8;5
ORD_466;PROD_19;6;4
ORD_466;PROD_38;1;5
ORD_466;PROD_38;9;1
ORD_466;PROD_16;9;1
ORD_466;PROD_10;9;4
ORD_466;PROD_49;3;2
ORD_467;PROD_31;4;2
ORD_467;PROD_46;9;4
ORD_467;PROD_40;4;5
ORD_467;PROD_30;1;1
ORD_467;PROD_45;2;1
ORD_467;PROD_20;1;5
ORD_467;PROD_8;6;5
ORD_467;PROD_6;3;2
ORD_468;PROD_33;9;5
ORD_468;PROD_5;3;1
ORD_468;PROD_46;5;1
ORD_468;PROD_47;6;3
ORD_468;PROD_44;5;2
ORD_468;PROD_10;9;3
ORD_469;PROD_21;6;2
ORD_469;PROD_45;1;2
ORD_469;PROD_24;7;1
ORD_469;PROD_30;5;2
ORD_469;PROD_37;2;1
ORD_469;PROD_39;8;3
ORD_469;PROD_9;2;2
ORD_469;PROD_43;3;3
ORD_469;PROD_25;9;3
ORD_469;PROD_35;4;4
ORD_469;PROD_43;1;4
ORD_469;PROD_15;9;2
ORD_470;PROD_31;8;5
ORD_470;PROD_5;6;3
ORD_470;PROD_41;7;2
ORD_470;PROD_1;4;5
ORD_470;PROD_27;9;2
ORD_471;PROD_9;8;1
ORD_471;PROD_12;2;3
ORD_471;PROD_20;5;1
ORD_471;PROD_33;7;2
ORD_471;PROD_7;1;4
ORD_471;PROD_12;5;2
ORD_471;PROD_47;5;5
ORD_471;PROD_6;9;5
ORD_471;PROD_23;1;5
ORD_471;PROD_42;1;2
ORD_471;PROD_12;6;2
ORD_471;PROD_32;2;1
ORD_471;PROD_30;2;5
ORD_472;PROD_32;7;4
ORD_472;PROD_50;8;3
ORD_472;PROD_41;5;1
ORD_472;PROD_32;3;4
ORD_472;PROD_48;2;3
ORD_472;PROD_20;2;2
ORD_472;PROD_19;1;2
ORD_472;PROD_22;1;3
ORD_473;PROD_7;4;1
ORD_473;PROD_46;8;2
ORD_473;PROD_12;5;3
ORD_473;PROD_36;4;5
ORD_473;PROD_1;6;2
ORD_473;PROD_33;6;4
ORD_473;PROD_12;2;1
ORD_473;PROD_47;5;4
ORD_473;PROD_44;4;1
ORD_473;PROD_3;1;5
ORD_473;PROD_42;8;5
ORD_473;PROD_41;6;3
ORD_473;PROD_26;4;1
ORD_473;PROD_26;7;4
ORD_473;PROD_28;5;4
ORD_474;PROD_42;5;1
ORD_474;PROD_31;2;5
ORD_474;PROD_43;2;3
ORD_474;PROD_48;6;4
ORD_474;PROD_42;8;4
ORD_474;PROD_25;2;4
ORD_474;PROD_39;9;2
ORD_474;PROD_19;1;3
ORD_475;PROD_9;4;1
ORD_475;PROD_1;1;4
ORD_475;PROD_48;8;1
ORD_475;PROD_41;7;5
ORD_475;PROD_44;6;5
ORD_475;PROD_33;7;2
ORD_475;PROD_9;5;4
ORD_475;PROD_1;4;3
ORD_475;PROD_48;2;1
ORD_475;PROD_41;2;5
ORD_475;PROD_30;9;4
ORD_475;PROD_16;3;5
ORD_475;PROD_42;2;1
ORD_475;PROD_2;5;2
ORD_475;PROD_17;1;5
ORD_476;PROD_13;3;5
ORD_476;PROD_33;8;3
ORD_476;PROD_35;7;4
ORD_476;PROD_13;3;3
ORD_476;PROD_2;7;1
ORD_476;PROD_19;6;1
ORD_476;PROD_22;8;4
ORD_476;PROD_33;9;1
ORD_477;PROD_12;1;5
ORD_477;PROD_15;4;5
ORD_477;PROD_12;6;1
ORD_477;PROD_47;8;5
ORD_477;PROD_6;1;5
ORD_477;PROD_23;1;2
ORD_477;PROD_4;7;3
ORD_477;PROD_49;9;3
ORD_478;PROD_19;1;4
ORD_478;PROD_3;9;2
ORD_478;PROD_28;1;5
ORD_478;PROD_36;8;1
ORD_478;PROD_9;1;3
ORD_478;PROD_44;7;2
ORD_478;PROD_18;1;1
ORD_478;PROD_15;3;4
ORD_478;PROD_2;7;2
ORD_478;PROD_28;9;3
ORD_478;PROD_11;8;4
ORD_478;PROD_13;4;1
ORD_478;PROD_28;3;4
ORD_478;PROD_36;2;2
ORD_478;PROD_3;5;3
ORD_479;PROD_16;1;1
ORD_479;PROD_5;2;2
ORD_479;PROD_39;9;2
ORD_479;PROD_41;1;4
ORD_479;PROD_43;6;2
ORD_479;PROD_17;8;5
ORD_479;PROD_5;8;5
ORD_479;PROD_40;3;2
ORD_479;PROD_7;2;5
ORD_479;PROD_43;8;4
ORD_479;PROD_14;2;4
ORD_479;PROD_25;9;2
ORD_479;PROD_44;4;3
ORD_480;PROD_12;1;5
ORD_480;PROD_24;4;1
ORD_480;PROD_11;6;3
ORD_480;PROD_32;2;1
ORD_480;PROD_23;8;4
ORD_481;PROD_31;1;1
ORD_481;PROD_5;7;3
ORD_481;PROD_12;2;4
ORD_481;PROD_15;9;4
ORD_481;PROD_12;2;1
ORD_481;PROD_15;9;4
ORD_481;PROD_15;8;2
ORD_481;PROD_33;7;4
ORD_481;PROD_20;3;4
ORD_482;PROD_3;4;3
ORD_482;PROD_40;9;4
ORD_482;PROD_24;4;3
ORD_482;PROD_3;6;2
ORD_482;PROD_39;4;5
ORD_482;PROD_9;3;4
ORD_482;PROD_17;2;1
ORD_482;PROD_14;2;5
ORD_482;PROD_32;3;3
ORD_482;PROD_13;4;4
ORD_482;PROD_34;8;2
ORD_482;PROD_17;3;1
ORD_482;PROD_11;4;3
ORD_483;PROD_29;6;2
ORD_483;PROD_13;9;4
ORD_483;PROD_13;9;5
ORD_483;PROD_35;6;4
ORD_483;PROD_50;1;5
ORD_483;PROD_17;2;1
ORD_483;PROD_40;7;4
ORD_483;PROD_38;2;2
ORD_484;PROD_50;7;5
ORD_484;PROD_13;3;3
ORD_484;PROD_24;2;1
ORD_484;PROD_26;6;3
ORD_484;PROD_30;4;4
ORD_484;PROD_36;2;4
ORD_484;PROD_1;8;3
ORD_485;PROD_10;2;4
ORD_485;PROD_5;7;5
ORD_485;PROD_4;7;1
ORD_485;PROD_35;5;3
ORD_485;PROD_15;8;4
ORD_485;PROD_25;2;3
ORD_485;PROD_50;6;2
ORD_485;PROD_50;3;2
ORD_485;PROD_12;4;2
ORD_486;PROD_12;8;4
ORD_486;PROD_15;8;2
ORD_486;PROD_7;5;3
ORD_486;PROD_8;1;5
ORD_486;PROD_24;2;1
ORD_486;PROD_32;9;2
ORD_486;PROD_30;2;3
ORD_486;PROD_37;7;5
ORD_486;PROD_29;1;3
ORD_486;PROD_40;5;2
ORD_487;PROD_33;8;1
ORD_487;PROD_5;3;4
ORD_487;PROD_46;6;2
ORD_487;PROD_13;5;1
ORD_487;PROD_36;8;1
ORD_487;PROD_29;2;4
ORD_487;PROD_30;9;1
ORD_487;PROD_22;6;5
ORD_488;PROD_12;8;3
ORD_488;PROD_47;4;4
ORD_488;PROD_6;7;5
ORD_488;PROD_23;4;4
ORD_488;PROD_9;6;2
ORD_489;PROD_12;2;2
ORD_489;PROD_15;7;1
ORD_489;PROD_36;4;4
ORD_489;PROD_9;4;4
ORD_489;PROD_31;3;4
ORD_489;PROD_17;8;3
ORD_489;PROD_28;1;3
ORD_489;PROD_10;1;2
ORD_489;PROD_47;8;4
ORD_489;PROD_17;8;1
ORD_489;PROD_5;2;3
ORD_489;PROD_14;6;2
ORD_490;PROD_33;2;5
ORD_490;PROD_5;5;1
ORD_490;PROD_46;2;1
ORD_490;PROD_37;9;4
ORD_490;PROD_12;9;5
ORD_490;PROD_28;6;5
ORD_490;PROD_41;3;1
ORD_490;PROD_14;8;2
ORD_490;PROD_28;1;3
ORD_490;PROD_34;6;2
ORD_490;PROD_24;1;5
ORD_490;PROD_40;8;4
ORD_490;PROD_43;1;1
ORD_490;PROD_34;7;4
ORD_491;PROD_45;2;1
ORD_491;PROD_46;5;1
ORD_491;PROD_46;2;1
ORD_491;PROD_17;3;2
ORD_491;PROD_38;2;4
ORD_491;PROD_11;1;5
ORD_491;PROD_45;5;4
ORD_491;PROD_33;8;4
ORD_492;PROD_3;2;2
ORD_492;PROD_49;9;3
ORD_492;PROD_19;6;5
ORD_492;PROD_7;2;4
ORD_492;PROD_37;1;1
ORD_492;PROD_16;9;1
ORD_492;PROD_20;1;1
ORD_492;PROD_3;9;5
ORD_492;PROD_22;7;2
ORD_493;PROD_30;8;1
ORD_493;PROD_13;7;4
ORD_493;PROD_38;1;1
ORD_493;PROD_25;9;2
ORD_493;PROD_6;9;3
ORD_493;PROD_5;3;4
ORD_493;PROD_31;6;2
ORD_493;PROD_5;7;4
ORD_493;PROD_35;1;2
ORD_493;PROD_34;4;5
ORD_493;PROD_41;9;4
ORD_493;PROD_35;2;3
ORD_493;PROD_20;8;1
ORD_493;PROD_9;1;5
ORD_494;PROD_2;4;2
ORD_494;PROD_36;4;3
ORD_494;PROD_1;5;3
ORD_494;PROD_50;2;4
ORD_494;PROD_23;1;4
ORD_494;PROD_30;5;3
ORD_494;PROD_13;5;5
ORD_494;PROD_38;7;1
ORD_494;PROD_13;2;3
ORD_495;PROD_37;9;3
ORD_495;PROD_12;2;2
ORD_495;PROD_28;1;1
ORD_495;PROD_16;7;4
ORD_495;PROD_27;6;2
ORD_495;PROD_33;9;4
ORD_495;PROD_13;5;3
ORD_495;PROD_15;7;1
ORD_496;PROD_24;9;3
ORD_496;PROD_42;7;5
ORD_496;PROD_21;6;5
ORD_496;PROD_12;5;2
ORD_496;PROD_17;7;5
ORD_496;PROD_29;2;4
ORD_496;PROD_50;2;5
ORD_496;PROD_47;4;2
ORD_497;PROD_25;1;1
ORD_497;PROD_6;7;2
ORD_497;PROD_5;1;1
ORD_497;PROD_9;1;4
ORD_497;PROD_1;7;3
ORD_497;PROD_48;4;1
ORD_497;PROD_41;5;2
ORD_497;PROD_21;3;1
ORD_498;PROD_23;7;3
ORD_498;PROD_14;3;4
ORD_498;PROD_17;6;3
ORD_498;PROD_4;2;4
ORD_498;PROD_45;5;3
ORD_498;PROD_28;7;5
ORD_498;PROD_22;2;5
ORD_498;PROD_50;7;2
ORD_498;PROD_44;6;1
ORD_498;PROD_25;4;1
ORD_498;PROD_30;5;3
ORD_499;PROD_30;9;5
ORD_499;PROD_13;8;5
ORD_499;PROD_38;8;1
ORD_499;PROD_19;7;5
ORD_499;PROD_11;4;3
ORD_499;PROD_5;5;4
ORD_499;PROD_22;8;3
ORD_499;PROD_10;3;3
ORD_499;PROD_10;2;1
ORD_499;PROD_9;7;2
ORD_499;PROD_29;5;5
ORD_499;PROD_31;2;3
ORD_500;PROD_40;4;4
ORD_500;PROD_9;5;3
ORD_500;PROD_6;4;3
ORD_500;PROD_44;9;3
ORD_500;PROD_26;2;4
ORD_500;PROD_24;2;2
ORD_500;PROD_39;8;1
ORD_500;PROD_22;1;1
ORD_501;PROD_12;4;5
ORD_501;PROD_29;7;4
ORD_501;PROD_26;3;5
ORD_501;PROD_18;4;1
ORD_501;PROD_35;8;5
ORD_501;PROD_28;7;5
ORD_501;PROD_14;4;4
ORD_501;PROD_31;7;5
ORD_501;PROD_8;5;4
ORD_501;PROD_19;6;2
ORD_501;PROD_20;5;4
ORD_502;PROD_41;2;1
ORD_502;PROD_1;9;1
ORD_502;PROD_29;1;4
ORD_502;PROD_30;3;4
ORD_502;PROD_50;9;2
ORD_502;PROD_14;2;1
ORD_502;PROD_1;5;4
ORD_503;PROD_3;3;5
ORD_503;PROD_49;9;1
ORD_503;PROD_19;3;2
ORD_503;PROD_7;1;1
ORD_503;PROD_23;1;5
ORD_504;PROD_16;8;4
ORD_504;PROD_27;1;3
ORD_504;PROD_10;1;4
ORD_504;PROD_35;4;2
ORD_504;PROD_11;9;5
ORD_504;PROD_29;4;2
ORD_504;PROD_49;1;3
ORD_505;PROD_19;1;1
ORD_505;PROD_3;9;5
ORD_505;PROD_28;9;1
ORD_505;PROD_34;3;2
ORD_505;PROD_3;1;4
ORD_505;PROD_46;8;3
ORD_505;PROD_45;1;4
ORD_505;PROD_31;6;1
ORD_505;PROD_4;1;1
ORD_505;PROD_30;9;4
ORD_506;PROD_7;3;2
ORD_506;PROD_27;4;3
ORD_506;PROD_40;3;2
ORD_506;PROD_40;4;1
ORD_506;PROD_18;8;5
ORD_506;PROD_17;6;5
ORD_506;PROD_21;6;3
ORD_506;PROD_42;1;1
ORD_506;PROD_30;6;5
ORD_506;PROD_2;9;5
ORD_506;PROD_33;1;3
ORD_506;PROD_31;3;3
ORD_507;PROD_7;9;2
ORD_507;PROD_17;6;5
ORD_507;PROD_30;6;2
ORD_507;PROD_11;4;5
ORD_507;PROD_9;5;2
ORD_507;PROD_45;9;2
ORD_507;PROD_5;1;4
ORD_508;PROD_21;9;2
ORD_508;PROD_45;8;3
ORD_508;PROD_24;4;2
ORD_508;PROD_30;6;1
ORD_508;PROD_37;1;1
ORD_508;PROD_41;2;2
ORD_508;PROD_1;2;5
ORD_508;PROD_37;3;5
ORD_508;PROD_12;8;1
ORD_508;PROD_28;1;2
ORD_508;PROD_17;4;5
ORD_509;PROD_9;6;1
ORD_509;PROD_1;8;3
ORD_509;PROD_48;9;1
ORD_509;PROD_41;8;2
ORD_509;PROD_45;7;2
ORD_509;PROD_30;6;5
ORD_509;PROD_6;8;1
ORD_509;PROD_6;4;2
ORD_509;PROD_36;6;2
ORD_509;PROD_24;4;3
ORD_509;PROD_26;1;1
ORD_509;PROD_40;2;1
ORD_510;PROD_32;9;5
ORD_510;PROD_20;8;4
ORD_510;PROD_17;9;5
ORD_510;PROD_21;3;1
ORD_510;PROD_35;9;4
ORD_510;PROD_33;2;5
ORD_510;PROD_4;7;1
ORD_510;PROD_9;2;4
ORD_510;PROD_34;1;1
ORD_510;PROD_37;3;5
ORD_511;PROD_33;3;1
ORD_511;PROD_1;9;2
ORD_511;PROD_2;1;5
ORD_511;PROD_21;8;1
ORD_511;PROD_11;3;5
ORD_511;PROD_20;1;5
ORD_511;PROD_1;9;4
ORD_512;PROD_19;2;2
ORD_512;PROD_2;9;3
ORD_512;PROD_42;9;5
ORD_512;PROD_32;4;1
ORD_512;PROD_23;3;4
ORD_512;PROD_19;5;2
ORD_512;PROD_25;4;5
ORD_512;PROD_26;2;3
ORD_512;PROD_44;5;5
ORD_512;PROD_3;3;3
ORD_512;PROD_22;8;3
ORD_512;PROD_34;8;4
ORD_513;PROD_13;4;1
ORD_513;PROD_17;9;5
ORD_513;PROD_1;7;1
ORD_513;PROD_27;8;2
ORD_513;PROD_41;4;4
ORD_513;PROD_7;2;3
ORD_513;PROD_23;7;5
ORD_513;PROD_18;7;1
ORD_513;PROD_47;5;5
ORD_513;PROD_26;9;3
ORD_513;PROD_35;2;3
ORD_513;PROD_8;6;4
ORD_513;PROD_29;7;5
ORD_513;PROD_29;3;4
ORD_514;PROD_10;5;2
ORD_514;PROD_2;8;1
ORD_514;PROD_39;3;1
ORD_514;PROD_9;6;4
ORD_514;PROD_39;3;5
ORD_514;PROD_42;5;2
ORD_514;PROD_42;2;5
ORD_514;PROD_24;1;1
ORD_514;PROD_42;9;2
ORD_514;PROD_36;3;3
ORD_514;PROD_23;1;2
ORD_514;PROD_36;5;5
ORD_514;PROD_32;7;4
ORD_515;PROD_1;8;2
ORD_515;PROD_27;4;3
ORD_515;PROD_16;2;2
ORD_515;PROD_14;7;5
ORD_515;PROD_5;2;3
ORD_515;PROD_23;7;4
ORD_515;PROD_29;4;1
ORD_515;PROD_19;3;1
ORD_515;PROD_7;6;4
ORD_515;PROD_17;6;3
ORD_515;PROD_29;3;5
ORD_515;PROD_14;2;5
ORD_516;PROD_33;1;4
ORD_516;PROD_12;5;4
ORD_516;PROD_25;5;1
ORD_516;PROD_17;7;4
ORD_516;PROD_24;3;3
ORD_516;PROD_23;2;4
ORD_516;PROD_50;2;3
ORD_516;PROD_23;2;4
ORD_517;PROD_9;8;1
ORD_517;PROD_17;5;1
ORD_517;PROD_16;4;3
ORD_517;PROD_2;6;5
ORD_517;PROD_4;3;1
ORD_518;PROD_10;3;4
ORD_518;PROD_5;1;5
ORD_518;PROD_4;7;1
ORD_518;PROD_35;2;4
ORD_518;PROD_36;7;1
ORD_518;PROD_9;2;5
ORD_518;PROD_30;6;3
ORD_519;PROD_22;9;4
ORD_519;PROD_38;9;4
ORD_519;PROD_49;1;5
ORD_519;PROD_25;5;1
ORD_519;PROD_43;4;4
ORD_520;PROD_16;6;2
ORD_520;PROD_27;8;4
ORD_520;PROD_3;5;3
ORD_520;PROD_20;3;1
ORD_520;PROD_6;3;1
ORD_520;PROD_3;2;3
ORD_520;PROD_5;9;1
ORD_520;PROD_38;5;4
ORD_521;PROD_13;1;2
ORD_521;PROD_47;2;2
ORD_521;PROD_34;1;3
ORD_521;PROD_19;5;2
ORD_521;PROD_6;1;2
ORD_522;PROD_21;8;2
ORD_522;PROD_45;8;3
ORD_522;PROD_24;9;3
ORD_522;PROD_30;5;1
ORD_522;PROD_37;9;5
ORD_522;PROD_3;3;5
ORD_522;PROD_49;9;4
ORD_522;PROD_19;7;5
ORD_522;PROD_7;5;4
ORD_522;PROD_37;4;2
ORD_522;PROD_12;8;4
ORD_522;PROD_28;4;5
ORD_523;PROD_12;5;2
ORD_523;PROD_15;7;5
ORD_523;PROD_16;6;3
ORD_523;PROD_27;5;4
ORD_523;PROD_45;6;3
ORD_523;PROD_34;1;2
ORD_523;PROD_27;6;1
ORD_523;PROD_41;1;5
ORD_523;PROD_24;5;1
ORD_523;PROD_39;9;5
ORD_523;PROD_22;7;2
ORD_523;PROD_43;9;5
ORD_524;PROD_12;2;4
ORD_524;PROD_43;7;1
ORD_524;PROD_12;6;5
ORD_524;PROD_9;9;5
ORD_524;PROD_23;9;2
ORD_524;PROD_45;1;2
ORD_524;PROD_44;8;1
ORD_524;PROD_43;5;5
ORD_524;PROD_32;4;1
ORD_524;PROD_7;1;1
ORD_524;PROD_1;9;3
ORD_524;PROD_7;9;1
ORD_525;PROD_33;6;3
ORD_525;PROD_5;2;1
ORD_525;PROD_46;2;4
ORD_525;PROD_9;8;4
ORD_525;PROD_1;6;5
ORD_526;PROD_8;4;2
ORD_526;PROD_21;5;3
ORD_526;PROD_40;1;4
ORD_526;PROD_10;1;5
ORD_526;PROD_35;7;5
ORD_527;PROD_26;7;1
ORD_527;PROD_24;6;3
ORD_527;PROD_5;6;4
ORD_527;PROD_42;2;1
ORD_527;PROD_31;8;5
ORD_527;PROD_20;2;5
ORD_527;PROD_1;5;3
ORD_527;PROD_43;7;3
ORD_527;PROD_29;8;5
ORD_527;PROD_6;7;3
ORD_527;PROD_35;6;5
ORD_527;PROD_39;9;1
ORD_528;PROD_33;6;5
ORD_528;PROD_5;5;5
ORD_528;PROD_46;8;4
ORD_528;PROD_17;9;3
ORD_528;PROD_18;3;5
ORD_528;PROD_36;9;3
ORD_528;PROD_19;7;5
ORD_528;PROD_16;7;2
ORD_528;PROD_10;7;4
ORD_529;PROD_9;5;1
ORD_529;PROD_12;7;1
ORD_529;PROD_20;9;3
ORD_529;PROD_33;4;3
ORD_529;PROD_7;6;3
ORD_529;PROD_9;7;2
ORD_529;PROD_3;7;4
ORD_529;PROD_46;8;5
ORD_529;PROD_39;2;2
ORD_529;PROD_3;5;4
ORD_529;PROD_23;2;3
ORD_530;PROD_9;8;2
ORD_530;PROD_1;4;4
ORD_530;PROD_48;1;4
ORD_530;PROD_41;6;4
ORD_530;PROD_10;8;3
ORD_530;PROD_32;8;2
ORD_530;PROD_8;1;4
ORD_530;PROD_9;7;2
ORD_530;PROD_13;8;3
ORD_530;PROD_28;8;1
ORD_530;PROD_33;6;2
ORD_530;PROD_4;3;1
ORD_530;PROD_16;9;1
ORD_531;PROD_19;3;5
ORD_531;PROD_21;1;4
ORD_531;PROD_25;3;1
ORD_531;PROD_24;3;4
ORD_531;PROD_30;5;3
ORD_531;PROD_1;5;4
ORD_531;PROD_41;9;1
ORD_531;PROD_23;2;3
ORD_532;PROD_11;2;5
ORD_532;PROD_34;8;5
ORD_532;PROD_21;4;5
ORD_532;PROD_19;6;3
ORD_532;PROD_13;4;4
ORD_532;PROD_12;2;4
ORD_532;PROD_38;3;2
ORD_532;PROD_45;5;1
ORD_532;PROD_17;9;1
ORD_533;PROD_16;6;5
ORD_533;PROD_27;6;1
ORD_533;PROD_13;6;1
ORD_533;PROD_17;4;3
ORD_533;PROD_1;5;1
ORD_533;PROD_27;2;5
ORD_534;PROD_9;3;2
ORD_534;PROD_1;7;1
ORD_534;PROD_48;7;5
ORD_534;PROD_41;8;4
ORD_534;PROD_10;5;1
ORD_534;PROD_37;5;1
ORD_534;PROD_46;4;3
ORD_534;PROD_46;3;2
ORD_534;PROD_36;6;3
ORD_534;PROD_8;3;1
ORD_534;PROD_41;7;4
ORD_535;PROD_36;8;5
ORD_535;PROD_9;4;4
ORD_535;PROD_12;7;4
ORD_535;PROD_34;1;5
ORD_535;PROD_48;7;2
ORD_535;PROD_5;5;1
ORD_535;PROD_36;1;3
ORD_535;PROD_44;6;3
ORD_535;PROD_18;4;3
ORD_535;PROD_19;8;1
ORD_535;PROD_1;2;3
ORD_535;PROD_4;1;4
ORD_536;PROD_45;5;3
ORD_536;PROD_6;2;5
ORD_536;PROD_31;2;1
ORD_536;PROD_16;7;4
ORD_536;PROD_15;7;3
ORD_536;PROD_11;7;4
ORD_536;PROD_31;6;5
ORD_537;PROD_47;9;2
ORD_537;PROD_29;7;1
ORD_537;PROD_21;7;5
ORD_537;PROD_40;4;1
ORD_537;PROD_7;5;1
ORD_537;PROD_36;4;3
ORD_537;PROD_15;6;4
ORD_538;PROD_41;3;5
ORD_538;PROD_1;5;4
ORD_538;PROD_12;6;4
ORD_538;PROD_47;6;2
ORD_538;PROD_6;9;5
ORD_538;PROD_23;4;5
ORD_538;PROD_19;9;1
ORD_539;PROD_3;1;1
ORD_539;PROD_49;9;2
ORD_539;PROD_19;3;3
ORD_539;PROD_7;9;2
ORD_539;PROD_12;7;4
ORD_539;PROD_15;5;5
ORD_539;PROD_12;5;5
ORD_540;PROD_44;8;4
ORD_540;PROD_33;6;1
ORD_540;PROD_41;9;3
ORD_540;PROD_1;2;3
ORD_540;PROD_37;4;4
ORD_540;PROD_12;8;3
ORD_540;PROD_28;3;5
ORD_540;PROD_39;1;4
ORD_540;PROD_43;4;5
ORD_540;PROD_25;5;2
ORD_541;PROD_21;8;2
ORD_541;PROD_33;2;5
ORD_541;PROD_46;4;5
ORD_541;PROD_39;6;2
ORD_541;PROD_30;7;4
ORD_541;PROD_5;7;3
ORD_541;PROD_27;7;4
ORD_541;PROD_38;3;4
ORD_541;PROD_41;7;3
ORD_541;PROD_14;7;3
ORD_541;PROD_4;5;3
ORD_541;PROD_49;4;2
ORD_542;PROD_35;4;1
ORD_542;PROD_38;5;4
ORD_542;PROD_3;6;5
ORD_542;PROD_33;8;5
ORD_542;PROD_37;4;5
ORD_542;PROD_24;1;1
ORD_542;PROD_30;2;2
ORD_542;PROD_43;3;2
ORD_542;PROD_20;8;1
ORD_543;PROD_40;1;1
ORD_543;PROD_26;1;2
ORD_543;PROD_34;8;1
ORD_543;PROD_42;6;2
ORD_543;PROD_7;7;1
ORD_543;PROD_50;8;1
ORD_543;PROD_10;4;4
ORD_543;PROD_2;6;1
ORD_543;PROD_33;4;1
ORD_543;PROD_23;7;3
ORD_543;PROD_10;2;1
ORD_543;PROD_21;1;2
ORD_543;PROD_49;4;3
ORD_543;PROD_47;1;2
ORD_543;PROD_49;9;3
ORD_544;PROD_44;5;4
ORD_544;PROD_11;5;5
ORD_544;PROD_11;6;5
ORD_544;PROD_4;9;5
ORD_544;PROD_46;4;3
ORD_544;PROD_31;6;1
ORD_544;PROD_25;7;1
ORD_544;PROD_48;2;3
ORD_545;PROD_38;4;1
ORD_545;PROD_20;7;2
ORD_545;PROD_5;4;5
ORD_545;PROD_3;8;5
ORD_545;PROD_42;3;4
ORD_545;PROD_16;3;3
ORD_545;PROD_4;1;1
ORD_545;PROD_35;1;1
ORD_545;PROD_38;6;4
ORD_545;PROD_42;6;5
ORD_545;PROD_12;6;4
ORD_545;PROD_40;9;5
ORD_545;PROD_31;6;4
ORD_545;PROD_7;8;1
ORD_546;PROD_9;9;5
ORD_546;PROD_1;2;3
ORD_546;PROD_48;4;1
ORD_546;PROD_41;6;3
ORD_546;PROD_25;9;5
ORD_546;PROD_6;7;5
ORD_546;PROD_5;3;1
ORD_546;PROD_10;7;5
ORD_546;PROD_5;3;5
ORD_546;PROD_4;7;4
ORD_546;PROD_35;5;4
ORD_546;PROD_44;4;1
ORD_546;PROD_32;6;1
ORD_547;PROD_28;9;1
ORD_547;PROD_24;2;4
ORD_547;PROD_47;7;5
ORD_547;PROD_14;1;5
ORD_547;PROD_20;5;2
ORD_547;PROD_4;8;2
ORD_547;PROD_27;7;2
ORD_548;PROD_17;3;2
ORD_548;PROD_17;4;4
ORD_548;PROD_4;6;5
ORD_548;PROD_40;7;3
ORD_548;PROD_47;9;3
ORD_548;PROD_44;6;5
ORD_548;PROD_46;5;5
ORD_548;PROD_18;5;3
ORD_548;PROD_3;7;1
ORD_548;PROD_22;6;1
ORD_548;PROD_25;3;1
ORD_548;PROD_13;9;2
ORD_548;PROD_23;8;5
ORD_548;PROD_40;1;1
ORD_548;PROD_29;3;2
ORD_549;PROD_35;1;5
ORD_549;PROD_1;9;1
ORD_549;PROD_21;5;5
ORD_549;PROD_42;7;3
ORD_549;PROD_35;3;2
ORD_549;PROD_40;9;4
ORD_549;PROD_7;1;2
ORD_549;PROD_20;1;5
ORD_550;PROD_13;7;4
ORD_550;PROD_17;7;5
ORD_550;PROD_1;6;4
ORD_550;PROD_27;1;5
ORD_550;PROD_21;2;5
ORD_550;PROD_45;5;1
ORD_550;PROD_24;3;5
ORD_550;PROD_30;2;3
ORD_550;PROD_37;4;5
ORD_550;PROD_23;8;1
ORD_550;PROD_46;9;1
ORD_550;PROD_31;8;4
ORD_550;PROD_27;5;5
ORD_550;PROD_20;3;3
ORD_550;PROD_9;7;4
ORD_551;PROD_6;8;2
ORD_551;PROD_24;1;5
ORD_551;PROD_9;6;4
ORD_551;PROD_1;6;1
ORD_551;PROD_48;8;5
ORD_551;PROD_41;8;4
ORD_551;PROD_2;4;3
ORD_551;PROD_36;3;4
ORD_551;PROD_1;1;3
ORD_552;PROD_37;1;1
ORD_552;PROD_12;2;5
ORD_552;PROD_28;4;5
ORD_552;PROD_36;5;2
ORD_552;PROD_9;7;2
ORD_552;PROD_47;3;5
ORD_553;PROD_44;1;1
ORD_553;PROD_26;5;5
ORD_553;PROD_49;1;3
ORD_553;PROD_27;4;5
ORD_553;PROD_38;3;2
ORD_553;PROD_1;7;1
ORD_553;PROD_2;6;1
ORD_553;PROD_50;4;1
ORD_553;PROD_36;1;4
ORD_553;PROD_7;5;5
ORD_553;PROD_43;6;2
ORD_553;PROD_7;1;5
ORD_553;PROD_4;2;1
ORD_554;PROD_47;3;1
ORD_554;PROD_44;6;5
ORD_554;PROD_12;1;1
ORD_554;PROD_38;2;4
ORD_554;PROD_7;9;4
ORD_554;PROD_31;1;3
ORD_554;PROD_34;3;2
ORD_554;PROD_24;1;4
ORD_554;PROD_32;4;1
ORD_554;PROD_26;3;3
ORD_555;PROD_37;6;4
ORD_555;PROD_12;6;5
ORD_555;PROD_28;6;3
ORD_555;PROD_25;9;3
ORD_555;PROD_6;9;4
ORD_555;PROD_5;6;5
ORD_555;PROD_32;4;3
ORD_555;PROD_49;4;4
ORD_555;PROD_41;6;2
ORD_555;PROD_3;6;1
ORD_555;PROD_32;8;4
ORD_555;PROD_31;4;2
ORD_556;PROD_3;7;1
ORD_556;PROD_49;6;3
ORD_556;PROD_19;5;3
ORD_556;PROD_7;5;1
ORD_556;PROD_10;7;5
ORD_556;PROD_5;3;2
ORD_556;PROD_4;8;3
ORD_556;PROD_35;9;5
ORD_556;PROD_44;7;2
ORD_556;PROD_33;8;2
ORD_556;PROD_41;6;3
ORD_557;PROD_2;2;4
ORD_557;PROD_36;2;1
ORD_557;PROD_1;6;3
ORD_557;PROD_50;2;3
ORD_557;PROD_23;5;1
ORD_557;PROD_37;3;5
ORD_557;PROD_28;4;1
ORD_557;PROD_13;3;3
ORD_557;PROD_23;2;4
ORD_557;PROD_30;4;4
ORD_557;PROD_30;2;1
ORD_558;PROD_36;5;1
ORD_558;PROD_9;7;1
ORD_558;PROD_9;2;2
ORD_558;PROD_1;9;3
ORD_558;PROD_48;9;4
ORD_558;PROD_41;6;1
ORD_558;PROD_21;3;4
ORD_558;PROD_16;4;5
ORD_559;PROD_23;4;4
ORD_559;PROD_48;8;2
ORD_559;PROD_25;2;1
ORD_559;PROD_28;8;2
ORD_559;PROD_14;9;1
ORD_559;PROD_30;3;3
ORD_559;PROD_20;2;1
ORD_559;PROD_33;3;4
ORD_559;PROD_22;6;5
ORD_560;PROD_31;2;1
ORD_560;PROD_5;9;5
ORD_560;PROD_44;9;1
ORD_560;PROD_33;4;1
ORD_560;PROD_49;8;2
ORD_561;PROD_18;7;5
ORD_561;PROD_14;5;3
ORD_561;PROD_36;5;5
ORD_561;PROD_9;8;3
ORD_561;PROD_15;6;4
ORD_561;PROD_28;3;1
ORD_561;PROD_4;3;1
ORD_561;PROD_30;3;4
ORD_561;PROD_40;6;2
ORD_561;PROD_36;2;1
ORD_562;PROD_43;3;1
ORD_562;PROD_36;7;3
ORD_562;PROD_25;3;5
ORD_562;PROD_4;7;4
ORD_562;PROD_49;3;5
ORD_562;PROD_36;6;2
ORD_562;PROD_30;6;4
ORD_562;PROD_14;5;5
ORD_562;PROD_33;9;4
ORD_562;PROD_21;9;1
ORD_562;PROD_48;3;3
ORD_562;PROD_30;3;4
ORD_562;PROD_48;6;5
ORD_562;PROD_31;7;3
ORD_563;PROD_5;9;1
ORD_563;PROD_26;4;4
ORD_563;PROD_12;6;1
ORD_563;PROD_12;3;4
ORD_563;PROD_9;6;3
ORD_563;PROD_13;6;2
ORD_563;PROD_5;8;2
ORD_564;PROD_9;5;2
ORD_564;PROD_12;7;5
ORD_564;PROD_20;9;2
ORD_564;PROD_33;1;3
ORD_564;PROD_7;6;5
ORD_564;PROD_6;9;4
ORD_564;PROD_24;4;5
ORD_564;PROD_16;7;1
ORD_564;PROD_27;1;5
ORD_564;PROD_41;8;5
ORD_564;PROD_25;5;2
ORD_564;PROD_26;6;3
ORD_565;PROD_35;2;3
ORD_565;PROD_1;1;3
ORD_565;PROD_20;5;4
ORD_565;PROD_18;9;3
ORD_565;PROD_13;8;5
ORD_565;PROD_48;4;5
ORD_566;PROD_27;3;3
ORD_566;PROD_41;5;4
ORD_566;PROD_47;1;5
ORD_566;PROD_44;5;3
ORD_566;PROD_50;7;3
ORD_566;PROD_33;2;5
ORD_567;PROD_12;3;4
ORD_567;PROD_15;7;2
ORD_567;PROD_44;2;3
ORD_567;PROD_33;2;5
ORD_567;PROD_49;2;2
ORD_567;PROD_39;3;1
ORD_567;PROD_18;8;5
ORD_567;PROD_22;1;4
ORD_568;PROD_12;6;5
ORD_568;PROD_47;4;3
ORD_568;PROD_6;5;2
ORD_568;PROD_23;2;4
ORD_568;PROD_28;7;2
ORD_568;PROD_23;3;5
ORD_568;PROD_2;2;4
ORD_568;PROD_13;9;4
ORD_568;PROD_38;4;3
ORD_568;PROD_31;5;3
ORD_568;PROD_37;8;1
ORD_568;PROD_26;3;4
ORD_568;PROD_11;1;4
ORD_568;PROD_34;3;3
ORD_568;PROD_35;8;2
ORD_569;PROD_2;3;5
ORD_569;PROD_34;2;3
ORD_569;PROD_3;9;3
ORD_569;PROD_49;3;4
ORD_569;PROD_27;7;2
ORD_569;PROD_22;2;2
ORD_569;PROD_9;5;3
ORD_569;PROD_19;3;4
ORD_569;PROD_11;3;3
ORD_569;PROD_31;9;5
ORD_569;PROD_21;6;4
ORD_569;PROD_38;5;4
ORD_569;PROD_41;1;1
ORD_570;PROD_15;6;5
ORD_570;PROD_4;8;1
ORD_570;PROD_36;3;5
ORD_570;PROD_49;3;2
ORD_570;PROD_22;3;3
ORD_570;PROD_39;5;5
ORD_570;PROD_7;5;5
ORD_570;PROD_9;6;3
ORD_570;PROD_7;3;4
ORD_570;PROD_7;4;2
ORD_570;PROD_41;7;3
ORD_571;PROD_16;2;1
ORD_571;PROD_27;1;1
ORD_571;PROD_9;3;2
ORD_571;PROD_1;9;2
ORD_571;PROD_48;7;1
ORD_572;PROD_17;1;3
ORD_572;PROD_35;5;1
ORD_572;PROD_29;8;1
ORD_572;PROD_43;8;2
ORD_572;PROD_14;6;1
ORD_572;PROD_49;6;2
ORD_572;PROD_46;5;4
ORD_572;PROD_20;9;3
ORD_572;PROD_26;8;4
ORD_572;PROD_6;6;1
ORD_572;PROD_33;5;1
ORD_573;PROD_44;9;5
ORD_573;PROD_11;4;2
ORD_573;PROD_23;4;2
ORD_573;PROD_38;3;2
ORD_573;PROD_22;1;1
ORD_573;PROD_45;8;4
ORD_573;PROD_31;3;2
ORD_573;PROD_34;9;2
ORD_574;PROD_14;8;3
ORD_574;PROD_30;3;1
ORD_574;PROD_50;1;5
ORD_574;PROD_8;9;5
ORD_574;PROD_49;8;1
ORD_574;PROD_2;3;3
ORD_574;PROD_25;7;3
ORD_574;PROD_49;9;2
ORD_574;PROD_19;9;2
ORD_574;PROD_46;4;3
ORD_574;PROD_48;7;4
ORD_575;PROD_9;6;2
ORD_575;PROD_12;3;2
ORD_575;PROD_20;2;1
ORD_575;PROD_33;5;1
ORD_575;PROD_7;8;3
ORD_576;PROD_43;5;4
ORD_576;PROD_28;2;4
ORD_576;PROD_23;6;5
ORD_576;PROD_41;8;1
ORD_576;PROD_45;6;2
ORD_576;PROD_25;4;3
ORD_576;PROD_32;6;5
ORD_576;PROD_42;9;1
ORD_576;PROD_32;1;2
ORD_576;PROD_15;6;3
ORD_576;PROD_42;9;3
ORD_576;PROD_14;7;3
ORD_576;PROD_2;5;3
ORD_577;PROD_38;8;5
ORD_577;PROD_25;3;3
ORD_577;PROD_20;8;1
ORD_577;PROD_18;2;4
ORD_577;PROD_37;2;5
ORD_577;PROD_11;8;1
ORD_577;PROD_17;8;1
ORD_577;PROD_34;3;3
ORD_577;PROD_40;3;2
ORD_577;PROD_17;2;1
ORD_577;PROD_41;3;4
ORD_577;PROD_26;6;5
ORD_577;PROD_11;2;3
ORD_578;PROD_1;2;4
ORD_578;PROD_18;4;5
ORD_578;PROD_40;6;3
ORD_578;PROD_1;1;5
ORD_578;PROD_32;7;4
ORD_579;PROD_8;5;5
ORD_579;PROD_31;7;3
ORD_579;PROD_24;9;4
ORD_579;PROD_49;8;5
ORD_579;PROD_15;4;4
ORD_580;PROD_48;8;5
ORD_580;PROD_42;7;4
ORD_580;PROD_40;1;3
ORD_580;PROD_32;9;1
ORD_580;PROD_15;4;4
ORD_580;PROD_20;8;3
ORD_580;PROD_36;6;1
ORD_580;PROD_41;7;3
ORD_580;PROD_44;8;1
ORD_580;PROD_27;9;5
ORD_580;PROD_6;7;5
ORD_580;PROD_48;1;4
ORD_580;PROD_26;9;5
ORD_580;PROD_50;1;2
ORD_581;PROD_31;2;5
ORD_581;PROD_5;4;1
ORD_581;PROD_3;5;4
ORD_581;PROD_49;9;5
ORD_581;PROD_19;4;4
ORD_581;PROD_7;6;1
ORD_581;PROD_9;9;1
ORD_581;PROD_1;4;4
ORD_581;PROD_48;7;1
ORD_581;PROD_41;2;4
ORD_581;PROD_36;6;5
ORD_582;PROD_36;2;5
ORD_582;PROD_30;4;2
ORD_582;PROD_42;3;2
ORD_582;PROD_10;9;3
ORD_582;PROD_50;4;1
ORD_582;PROD_39;6;4
ORD_582;PROD_23;5;3
ORD_583;PROD_2;9;4
ORD_583;PROD_36;1;1
ORD_583;PROD_1;1;5
ORD_583;PROD_50;5;3
ORD_583;PROD_23;2;2
ORD_583;PROD_29;9;1
ORD_583;PROD_30;5;2
ORD_583;PROD_50;6;1
ORD_583;PROD_14;2;4
ORD_583;PROD_1;1;3
ORD_583;PROD_12;2;4
ORD_583;PROD_13;2;4
ORD_583;PROD_9;1;3
ORD_583;PROD_11;8;4
ORD_583;PROD_49;9;3
ORD_584;PROD_12;2;2
ORD_584;PROD_15;9;5
ORD_584;PROD_9;7;5
ORD_584;PROD_12;3;4
ORD_584;PROD_20;5;5
ORD_584;PROD_33;2;5
ORD_584;PROD_7;4;5
ORD_584;PROD_49;6;5
ORD_584;PROD_8;8;1
ORD_584;PROD_47;7;2
ORD_584;PROD_46;2;1
ORD_585;PROD_27;9;2
ORD_585;PROD_20;4;1
ORD_585;PROD_9;3;1
ORD_585;PROD_41;3;1
ORD_585;PROD_46;9;4
ORD_585;PROD_7;2;2
ORD_585;PROD_46;6;1
ORD_585;PROD_11;8;1
ORD_585;PROD_32;6;4
ORD_585;PROD_49;7;3
ORD_585;PROD_31;4;1
ORD_586;PROD_40;1;1
ORD_586;PROD_5;1;3
ORD_586;PROD_49;4;4
ORD_586;PROD_32;2;3
ORD_586;PROD_1;2;4
ORD_586;PROD_46;3;4
ORD_587;PROD_3;5;2
ORD_587;PROD_49;2;1
ORD_587;PROD_19;9;2
ORD_587;PROD_7;6;5
ORD_587;PROD_36;7;5
ORD_587;PROD_30;7;5
ORD_587;PROD_31;2;1
ORD_588;PROD_12;1;5
ORD_588;PROD_15;4;1
ORD_588;PROD_6;7;4
ORD_588;PROD_14;9;1
ORD_588;PROD_46;6;2
ORD_588;PROD_43;4;1
ORD_588;PROD_8;7;5
ORD_588;PROD_47;1;2
ORD_588;PROD_35;7;5
ORD_588;PROD_50;2;2
ORD_589;PROD_14;2;1
ORD_589;PROD_3;1;1
ORD_589;PROD_13;8;3
ORD_589;PROD_19;4;2
ORD_589;PROD_2;4;1
ORD_589;PROD_35;8;3
ORD_589;PROD_30;3;2
ORD_589;PROD_50;7;1
ORD_589;PROD_10;4;2
ORD_589;PROD_25;8;4
ORD_590;PROD_27;9;2
ORD_590;PROD_41;2;5
ORD_590;PROD_37;5;3
ORD_590;PROD_39;7;1
ORD_590;PROD_19;5;1
ORD_590;PROD_45;3;2
ORD_590;PROD_10;9;3
ORD_590;PROD_14;1;1
ORD_591;PROD_7;8;1
ORD_591;PROD_41;1;2
ORD_591;PROD_26;7;1
ORD_591;PROD_28;5;2
ORD_591;PROD_42;8;3
ORD_591;PROD_12;9;3
ORD_591;PROD_48;7;1
ORD_591;PROD_5;8;1
ORD_591;PROD_2;5;3
ORD_591;PROD_42;2;3
ORD_591;PROD_38;9;3
ORD_591;PROD_7;6;3
ORD_591;PROD_6;4;4
ORD_591;PROD_26;2;5
ORD_592;PROD_19;7;2
ORD_592;PROD_3;3;1
ORD_592;PROD_28;4;2
ORD_592;PROD_14;4;3
ORD_592;PROD_4;7;3
ORD_592;PROD_31;6;3
ORD_592;PROD_45;5;3
ORD_593;PROD_12;4;3
ORD_593;PROD_47;5;3
ORD_593;PROD_6;1;3
ORD_593;PROD_23;6;2
ORD_593;PROD_2;8;2
ORD_593;PROD_36;7;3
ORD_593;PROD_1;6;5
ORD_593;PROD_50;3;4
ORD_593;PROD_23;5;2
ORD_593;PROD_22;4;3
ORD_593;PROD_36;6;1
ORD_593;PROD_37;4;3
ORD_594;PROD_36;3;5
ORD_594;PROD_9;6;5
ORD_594;PROD_41;8;3
ORD_594;PROD_1;6;5
ORD_594;PROD_25;5;1
ORD_594;PROD_6;2;4
ORD_594;PROD_5;8;1
ORD_594;PROD_27;1;1
ORD_594;PROD_49;1;5
ORD_594;PROD_48;1;4
ORD_594;PROD_28;9;3
ORD_595;PROD_2;6;5
ORD_595;PROD_36;6;1
ORD_595;PROD_1;3;1
ORD_595;PROD_50;4;5
ORD_595;PROD_23;5;3
ORD_595;PROD_13;3;2
ORD_595;PROD_17;3;4
ORD_595;PROD_1;6;3
ORD_596;PROD_2;2;4
ORD_596;PROD_36;5;1
ORD_596;PROD_1;2;1
ORD_596;PROD_50;1;5
ORD_596;PROD_23;9;3
ORD_596;PROD_19;3;4
ORD_596;PROD_3;4;4
ORD_596;PROD_28;4;3
ORD_597;PROD_30;9;4
ORD_597;PROD_7;3;4
ORD_597;PROD_49;5;2
ORD_597;PROD_21;6;1
ORD_597;PROD_38;8;3
ORD_597;PROD_30;3;1
ORD_597;PROD_40;3;4
ORD_597;PROD_50;2;2
ORD_597;PROD_29;6;4
ORD_597;PROD_42;5;3
ORD_597;PROD_21;5;4
ORD_597;PROD_13;9;5
ORD_597;PROD_47;5;1
ORD_597;PROD_7;9;2
ORD_598;PROD_9;9;2
ORD_598;PROD_1;2;1
ORD_598;PROD_48;3;3
ORD_598;PROD_41;2;3
ORD_598;PROD_23;2;5
ORD_598;PROD_38;1;3
ORD_598;PROD_27;5;4
ORD_598;PROD_7;8;3
ORD_598;PROD_18;7;4
ORD_598;PROD_48;9;1
ORD_598;PROD_5;5;3
ORD_598;PROD_42;4;5
ORD_598;PROD_36;6;5
ORD_598;PROD_11;5;5
ORD_598;PROD_31;1;1
ORD_599;PROD_13;2;1
ORD_599;PROD_17;6;1
ORD_599;PROD_1;7;5
ORD_599;PROD_27;4;3
ORD_599;PROD_47;4;3
ORD_599;PROD_44;4;5
ORD_599;PROD_9;5;3
ORD_599;PROD_1;2;1
ORD_599;PROD_48;8;3
ORD_599;PROD_41;4;2
ORD_599;PROD_29;8;5
ORD_600;PROD_34;7;4
ORD_600;PROD_44;8;3
ORD_600;PROD_48;7;1
ORD_600;PROD_24;2;1
ORD_600;PROD_44;5;5
ORD_600;PROD_17;6;1
ORD_600;PROD_29;8;4
ORD_600;PROD_31;4;2
ORD_600;PROD_46;4;1
ORD_600;PROD_45;3;2
ORD_600;PROD_39;5;4
ORD_601;PROD_36;9;1
ORD_601;PROD_9;5;3
ORD_601;PROD_35;9;3
ORD_601;PROD_20;2;5
ORD_601;PROD_10;9;1
ORD_601;PROD_13;7;2
ORD_601;PROD_10;9;4
ORD_601;PROD_26;9;2
ORD_601;PROD_33;9;1
ORD_601;PROD_43;3;2
ORD_601;PROD_31;1;4
ORD_601;PROD_17;1;5
ORD_602;PROD_13;4;2
ORD_602;PROD_17;6;2
ORD_602;PROD_15;8;3
ORD_602;PROD_35;4;3
ORD_602;PROD_17;7;5
ORD_602;PROD_15;9;1
ORD_602;PROD_11;1;4
ORD_602;PROD_11;4;3
ORD_602;PROD_22;2;2
ORD_602;PROD_44;2;1
ORD_602;PROD_2;6;4
ORD_603;PROD_16;6;2
ORD_603;PROD_27;7;3
ORD_603;PROD_12;5;1
ORD_603;PROD_47;1;4
ORD_603;PROD_6;9;4
ORD_603;PROD_23;4;4
ORD_603;PROD_32;7;2
ORD_603;PROD_9;2;4
ORD_604;PROD_44;1;2
ORD_604;PROD_33;7;2
ORD_604;PROD_3;1;1
ORD_604;PROD_18;4;1
ORD_604;PROD_14;8;4
ORD_604;PROD_35;4;5
ORD_604;PROD_46;1;3
ORD_604;PROD_25;6;4
ORD_604;PROD_25;7;1
ORD_604;PROD_27;3;5
ORD_605;PROD_12;9;5
ORD_605;PROD_15;4;5
ORD_605;PROD_36;8;4
ORD_605;PROD_30;9;1
ORD_605;PROD_25;1;4
ORD_605;PROD_6;3;1
ORD_605;PROD_5;4;4
ORD_606;PROD_15;3;1
ORD_606;PROD_21;3;2
ORD_606;PROD_42;6;2
ORD_606;PROD_16;7;2
ORD_606;PROD_8;6;3
ORD_606;PROD_49;2;3
ORD_606;PROD_18;5;3
ORD_607;PROD_36;2;4
ORD_607;PROD_9;8;2
ORD_607;PROD_18;3;3
ORD_607;PROD_16;7;3
ORD_607;PROD_18;2;2
ORD_607;PROD_22;5;3
ORD_607;PROD_5;2;3
ORD_607;PROD_33;7;4
ORD_608;PROD_9;7;2
ORD_608;PROD_1;6;2
ORD_608;PROD_48;1;1
ORD_608;PROD_41;9;5
ORD_608;PROD_9;8;5
ORD_608;PROD_1;1;4
ORD_608;PROD_48;1;4
ORD_608;PROD_41;1;2
ORD_609;PROD_13;7;4
ORD_609;PROD_28;8;5
ORD_609;PROD_43;4;2
ORD_609;PROD_27;2;3
ORD_609;PROD_19;5;3
ORD_609;PROD_27;1;5
ORD_609;PROD_8;1;1
ORD_609;PROD_8;4;4
ORD_609;PROD_37;8;3
ORD_609;PROD_28;5;1
ORD_609;PROD_37;2;1
ORD_609;PROD_41;6;2
ORD_609;PROD_9;4;5
ORD_610;PROD_16;7;1
ORD_610;PROD_27;3;2
ORD_610;PROD_26;8;5
ORD_610;PROD_49;4;5
ORD_610;PROD_39;3;5
ORD_610;PROD_44;6;4
ORD_610;PROD_21;5;3
ORD_610;PROD_38;2;4
ORD_610;PROD_14;4;3
ORD_610;PROD_36;4;4
ORD_610;PROD_43;2;5
ORD_611;PROD_6;7;1
ORD_611;PROD_24;7;1
ORD_611;PROD_19;4;3
ORD_611;PROD_3;3;5
ORD_611;PROD_28;2;2
ORD_611;PROD_44;9;1
ORD_611;PROD_29;2;3
ORD_612;PROD_22;8;5
ORD_612;PROD_2;9;3
ORD_612;PROD_5;2;1
ORD_612;PROD_20;8;3
ORD_612;PROD_22;5;1
ORD_613;PROD_30;5;1
ORD_613;PROD_13;5;2
ORD_613;PROD_38;3;2
ORD_613;PROD_10;3;2
ORD_613;PROD_5;8;1
ORD_613;PROD_4;6;4
ORD_613;PROD_35;3;2
ORD_613;PROD_9;5;2
ORD_613;PROD_1;3;2
ORD_613;PROD_48;4;1
ORD_613;PROD_41;9;2
ORD_613;PROD_47;8;5
ORD_613;PROD_37;3;5
ORD_613;PROD_12;3;2
ORD_614;PROD_25;5;4
ORD_614;PROD_6;3;5
ORD_614;PROD_5;9;4
ORD_614;PROD_20;6;1
ORD_614;PROD_29;3;2
ORD_614;PROD_21;7;2
ORD_614;PROD_46;2;1
ORD_614;PROD_44;6;4
ORD_614;PROD_31;3;4
ORD_614;PROD_42;6;3
ORD_614;PROD_41;2;3
ORD_615;PROD_6;6;3
ORD_615;PROD_17;3;1
ORD_615;PROD_50;7;5
ORD_615;PROD_14;5;5
ORD_615;PROD_26;5;1
ORD_615;PROD_42;8;3
ORD_615;PROD_48;2;2
ORD_615;PROD_39;9;4
ORD_615;PROD_47;7;1
ORD_615;PROD_27;1;4
ORD_615;PROD_26;3;5
ORD_616;PROD_31;3;1
ORD_616;PROD_5;1;5
ORD_616;PROD_25;8;4
ORD_616;PROD_40;5;4
ORD_616;PROD_11;7;4
ORD_616;PROD_47;5;4
ORD_616;PROD_33;8;2
ORD_616;PROD_25;2;3
ORD_616;PROD_41;8;2
ORD_616;PROD_24;9;2
ORD_616;PROD_42;8;3
ORD_616;PROD_18;7;4
ORD_616;PROD_22;6;1
ORD_616;PROD_7;7;2
ORD_617;PROD_10;2;1
ORD_617;PROD_5;2;1
ORD_617;PROD_4;9;5
ORD_617;PROD_35;5;4
ORD_617;PROD_19;4;2
ORD_617;PROD_3;6;4
ORD_617;PROD_28;3;1
ORD_617;PROD_12;5;3
ORD_617;PROD_15;7;1
ORD_618;PROD_7;6;2
ORD_618;PROD_12;5;5
ORD_618;PROD_42;6;3
ORD_618;PROD_35;3;3
ORD_618;PROD_7;6;2
ORD_618;PROD_30;7;4
ORD_618;PROD_24;9;1
ORD_618;PROD_32;5;1
ORD_618;PROD_11;6;4
ORD_618;PROD_12;4;4
ORD_618;PROD_21;5;5
ORD_618;PROD_14;5;5
ORD_618;PROD_44;4;1
ORD_618;PROD_1;6;5
ORD_619;PROD_19;1;1
ORD_619;PROD_3;8;4
ORD_619;PROD_28;5;1
ORD_619;PROD_9;2;3
ORD_619;PROD_12;1;5
ORD_619;PROD_20;9;4
ORD_619;PROD_33;7;1
ORD_619;PROD_7;2;4
ORD_619;PROD_8;3;1
ORD_619;PROD_17;9;3
ORD_619;PROD_46;8;3
ORD_620;PROD_10;7;1
ORD_620;PROD_5;5;3
ORD_620;PROD_4;4;3
ORD_620;PROD_35;2;4
ORD_620;PROD_30;3;2
ORD_620;PROD_13;7;4
ORD_620;PROD_38;8;2
ORD_620;PROD_35;2;2
ORD_620;PROD_17;4;4
ORD_620;PROD_18;7;3
ORD_620;PROD_13;1;2
ORD_621;PROD_22;2;1
ORD_621;PROD_18;5;2
ORD_621;PROD_18;9;3
ORD_621;PROD_32;1;3
ORD_621;PROD_50;2;1
ORD_621;PROD_10;8;5
ORD_621;PROD_38;3;5
ORD_621;PROD_43;2;3
ORD_621;PROD_1;3;3
ORD_622;PROD_40;4;2
ORD_622;PROD_49;8;3
ORD_622;PROD_41;4;1
ORD_622;PROD_8;8;2
ORD_622;PROD_16;5;2
ORD_622;PROD_40;4;1
ORD_623;PROD_33;9;5
ORD_623;PROD_5;5;1
ORD_623;PROD_46;7;4
ORD_623;PROD_33;5;2
ORD_623;PROD_4;1;1
ORD_623;PROD_39;5;2
ORD_623;PROD_19;3;5
ORD_623;PROD_17;3;4
ORD_623;PROD_4;2;4
ORD_623;PROD_35;2;3
ORD_624;PROD_9;8;4
ORD_624;PROD_12;4;1
ORD_624;PROD_20;3;3
ORD_624;PROD_33;6;3
ORD_624;PROD_7;4;1
ORD_624;PROD_12;6;3
ORD_624;PROD_15;6;1
ORD_624;PROD_19;8;3
ORD_624;PROD_15;9;1
ORD_624;PROD_42;6;3
ORD_624;PROD_36;8;4
ORD_625;PROD_22;7;4
ORD_625;PROD_42;2;1
ORD_625;PROD_27;7;1
ORD_625;PROD_32;5;1
ORD_625;PROD_45;8;3
ORD_625;PROD_39;8;3
ORD_625;PROD_24;3;3
ORD_625;PROD_20;5;4
ORD_625;PROD_39;9;2
ORD_626;PROD_6;5;3
ORD_626;PROD_24;9;4
ORD_626;PROD_37;3;5
ORD_626;PROD_12;9;1
ORD_626;PROD_28;7;1
ORD_626;PROD_2;7;3
ORD_626;PROD_36;6;5
ORD_626;PROD_1;7;5
ORD_626;PROD_50;4;1
ORD_627;PROD_31;7;3
ORD_627;PROD_33;8;1
ORD_627;PROD_21;8;5
ORD_627;PROD_22;7;2
ORD_627;PROD_33;2;1
ORD_627;PROD_3;9;1
ORD_628;PROD_3;3;4
ORD_628;PROD_49;2;5
ORD_628;PROD_19;5;4
ORD_628;PROD_7;5;1
ORD_628;PROD_2;1;3
ORD_628;PROD_36;1;2
ORD_628;PROD_1;9;3
ORD_628;PROD_50;3;3
ORD_628;PROD_23;9;1
ORD_628;PROD_47;3;3
ORD_628;PROD_44;5;3
ORD_628;PROD_45;3;4
ORD_628;PROD_14;8;2
ORD_629;PROD_19;8;1
ORD_629;PROD_12;6;5
ORD_629;PROD_50;6;5
ORD_629;PROD_21;7;3
ORD_629;PROD_17;6;5
ORD_629;PROD_42;5;2
ORD_629;PROD_28;8;4
ORD_629;PROD_45;1;3
ORD_629;PROD_2;2;1
ORD_629;PROD_16;4;2
ORD_629;PROD_7;7;3
ORD_629;PROD_49;3;5
ORD_629;PROD_18;8;2
ORD_629;PROD_21;7;5
ORD_629;PROD_13;9;2
ORD_630;PROD_16;6;3
ORD_630;PROD_43;3;4
ORD_630;PROD_47;1;3
ORD_630;PROD_15;6;3
ORD_630;PROD_9;9;5
ORD_630;PROD_5;1;4
ORD_630;PROD_20;3;3
ORD_630;PROD_14;5;3
ORD_630;PROD_1;6;3
ORD_630;PROD_2;4;1
ORD_631;PROD_36;9;5
ORD_631;PROD_30;7;5
ORD_631;PROD_2;8;5
ORD_631;PROD_36;2;4
ORD_631;PROD_1;5;2
ORD_631;PROD_50;3;2
ORD_631;PROD_23;3;1
ORD_631;PROD_27;8;3
ORD_632;PROD_30;4;2
ORD_632;PROD_13;2;2
ORD_632;PROD_38;8;1
ORD_632;PROD_44;8;1
ORD_632;PROD_33;7;4
ORD_632;PROD_12;1;1
ORD_632;PROD_15;9;3
ORD_632;PROD_4;7;4
ORD_632;PROD_26;1;1
ORD_632;PROD_43;1;2
ORD_632;PROD_29;6;5
ORD_632;PROD_16;1;1
ORD_633;PROD_27;2;2
ORD_633;PROD_41;1;2
ORD_633;PROD_41;1;4
ORD_633;PROD_1;7;1
ORD_633;PROD_12;9;4
ORD_633;PROD_47;8;2
ORD_633;PROD_6;2;4
ORD_633;PROD_23;7;4
ORD_633;PROD_45;5;4
ORD_633;PROD_24;4;5
ORD_633;PROD_37;1;1
ORD_633;PROD_25;7;5
ORD_633;PROD_21;2;2
ORD_633;PROD_28;2;4
ORD_634;PROD_48;2;5
ORD_634;PROD_4;8;2
ORD_634;PROD_26;8;5
ORD_634;PROD_39;2;4
ORD_634;PROD_1;7;2
ORD_634;PROD_1;3;3
ORD_634;PROD_35;1;5
ORD_634;PROD_36;8;4
ORD_634;PROD_16;2;5
ORD_634;PROD_42;2;5
ORD_634;PROD_42;2;4
ORD_634;PROD_41;2;1
ORD_634;PROD_11;3;1
ORD_634;PROD_16;9;5
ORD_635;PROD_12;9;3
ORD_635;PROD_47;3;4
ORD_635;PROD_6;7;4
ORD_635;PROD_23;9;3
ORD_635;PROD_21;6;4
ORD_636;PROD_27;8;4
ORD_636;PROD_32;1;5
ORD_636;PROD_24;2;4
ORD_636;PROD_37;5;5
ORD_636;PROD_1;2;2
ORD_636;PROD_15;9;1
ORD_636;PROD_37;5;1
ORD_636;PROD_22;1;3
ORD_636;PROD_45;6;5
ORD_636;PROD_20;1;2
ORD_636;PROD_19;4;4
ORD_636;PROD_49;5;5
ORD_636;PROD_37;1;4
ORD_636;PROD_23;6;2
ORD_637;PROD_23;8;3
ORD_637;PROD_6;7;3
ORD_637;PROD_20;5;4
ORD_637;PROD_30;2;2
ORD_637;PROD_32;2;5
ORD_637;PROD_31;2;2
ORD_637;PROD_7;5;2
ORD_637;PROD_42;8;5
ORD_637;PROD_10;5;2
ORD_637;PROD_4;6;1
ORD_637;PROD_12;1;3
ORD_637;PROD_11;4;3
ORD_637;PROD_46;5;2
ORD_638;PROD_8;5;1
ORD_638;PROD_8;3;2
ORD_638;PROD_28;4;3
ORD_638;PROD_50;8;3
ORD_638;PROD_38;7;3
ORD_639;PROD_6;2;5
ORD_639;PROD_24;3;1
ORD_639;PROD_16;5;4
ORD_639;PROD_27;5;5
ORD_639;PROD_47;1;1
ORD_639;PROD_44;3;5
ORD_639;PROD_4;4;4
ORD_640;PROD_39;3;1
ORD_640;PROD_33;3;4
ORD_640;PROD_42;2;3
ORD_640;PROD_1;9;5
ORD_640;PROD_44;9;5
ORD_640;PROD_25;9;4
ORD_640;PROD_35;1;1
ORD_640;PROD_42;4;3
ORD_640;PROD_30;6;1
ORD_640;PROD_11;1;1
ORD_640;PROD_43;8;2
ORD_640;PROD_13;7;3
ORD_640;PROD_15;2;2
ORD_640;PROD_49;9;4
ORD_641;PROD_13;8;3
ORD_641;PROD_17;9;4
ORD_641;PROD_1;3;3
ORD_641;PROD_27;5;2
ORD_641;PROD_6;8;1
ORD_641;PROD_24;6;3
ORD_641;PROD_6;4;4
ORD_641;PROD_24;8;3
ORD_641;PROD_41;8;1
ORD_641;PROD_7;2;2
ORD_641;PROD_29;4;5
ORD_641;PROD_16;4;3
ORD_641;PROD_24;9;1
ORD_642;PROD_42;7;4
ORD_642;PROD_47;9;3
ORD_642;PROD_44;3;5
ORD_642;PROD_47;4;4
ORD_642;PROD_38;4;1
ORD_643;PROD_11;3;5
ORD_643;PROD_16;6;1
ORD_643;PROD_36;9;2
ORD_643;PROD_31;5;1
ORD_643;PROD_17;7;4
ORD_643;PROD_46;8;3
ORD_643;PROD_25;3;1
ORD_644;PROD_3;5;5
ORD_644;PROD_13;2;5
ORD_644;PROD_35;5;3
ORD_644;PROD_42;8;1
ORD_644;PROD_21;7;3
ORD_644;PROD_30;3;4
ORD_644;PROD_32;2;5
ORD_644;PROD_49;9;4
ORD_645;PROD_47;9;1
ORD_645;PROD_44;4;3
ORD_645;PROD_31;8;2
ORD_645;PROD_5;3;3
ORD_645;PROD_33;3;3
ORD_645;PROD_5;2;3
ORD_645;PROD_46;7;2
ORD_645;PROD_3;3;3
ORD_645;PROD_40;8;4
ORD_645;PROD_25;1;2
ORD_645;PROD_21;3;2
ORD_645;PROD_21;2;2
ORD_645;PROD_11;5;3
ORD_646;PROD_37;8;1
ORD_646;PROD_12;7;1
ORD_646;PROD_28;5;4
ORD_646;PROD_33;9;1
ORD_646;PROD_5;2;1
ORD_646;PROD_46;5;3
ORD_646;PROD_43;7;1
ORD_646;PROD_31;1;5
ORD_646;PROD_18;6;2
ORD_646;PROD_41;5;2
ORD_647;PROD_7;6;5
ORD_647;PROD_37;6;5
ORD_647;PROD_34;6;3
ORD_647;PROD_47;7;1
ORD_647;PROD_39;5;5
ORD_648;PROD_9;5;5
ORD_648;PROD_1;6;1
ORD_648;PROD_48;6;4
ORD_648;PROD_41;7;4
ORD_648;PROD_38;4;5
ORD_648;PROD_35;6;4
ORD_648;PROD_1;6;4
ORD_648;PROD_27;5;4
ORD_649;PROD_15;2;4
ORD_649;PROD_7;8;5
ORD_649;PROD_38;5;5
ORD_649;PROD_11;7;4
ORD_649;PROD_26;1;2
ORD_649;PROD_32;9;4
ORD_649;PROD_42;4;4
ORD_649;PROD_37;6;3
ORD_650;PROD_3;3;2
ORD_650;PROD_49;7;4
ORD_650;PROD_19;4;2
ORD_650;PROD_7;8;3
ORD_650;PROD_12;5;2
ORD_651;PROD_42;6;4
ORD_651;PROD_33;1;4
ORD_651;PROD_40;5;2
ORD_651;PROD_19;7;1
ORD_651;PROD_38;8;1
ORD_651;PROD_44;7;1
ORD_651;PROD_24;6;1
ORD_651;PROD_49;9;4
ORD_651;PROD_16;8;1
ORD_651;PROD_9;9;5
ORD_651;PROD_24;5;5
ORD_651;PROD_15;2;3
ORD_651;PROD_41;3;5
ORD_651;PROD_24;8;5
ORD_652;PROD_9;9;3
ORD_652;PROD_12;3;2
ORD_652;PROD_20;7;5
ORD_652;PROD_33;6;1
ORD_652;PROD_7;5;2
ORD_652;PROD_36;9;4
ORD_652;PROD_30;9;3
ORD_653;PROD_3;9;4
ORD_653;PROD_49;5;2
ORD_653;PROD_19;6;2
ORD_653;PROD_7;4;3
ORD_653;PROD_30;2;2
ORD_653;PROD_13;3;3
ORD_653;PROD_38;4;3
ORD_653;PROD_33;7;3
ORD_653;PROD_5;2;3
ORD_653;PROD_46;7;4
ORD_653;PROD_21;4;5
ORD_653;PROD_13;3;1
ORD_653;PROD_14;4;5
ORD_653;PROD_31;6;5
ORD_653;PROD_9;9;4
ORD_654;PROD_19;1;2
ORD_654;PROD_7;1;1
ORD_654;PROD_20;3;4
ORD_654;PROD_6;5;4
ORD_654;PROD_46;1;3
ORD_654;PROD_26;6;4
ORD_654;PROD_24;6;1
ORD_654;PROD_9;2;3
ORD_654;PROD_13;8;4
ORD_654;PROD_43;4;4
ORD_655;PROD_20;1;5
ORD_655;PROD_38;2;2
ORD_655;PROD_40;2;4
ORD_655;PROD_31;9;2
ORD_655;PROD_17;6;2
ORD_655;PROD_46;8;1
ORD_655;PROD_40;1;4
ORD_655;PROD_1;8;2
ORD_655;PROD_8;7;5
ORD_655;PROD_37;3;1
ORD_655;PROD_19;5;3
ORD_655;PROD_8;6;4
ORD_655;PROD_35;4;5
ORD_655;PROD_35;7;1
ORD_656;PROD_7;2;3
ORD_656;PROD_7;2;3
ORD_656;PROD_9;5;1
ORD_656;PROD_13;9;4
ORD_656;PROD_6;7;1
ORD_656;PROD_14;3;5
ORD_656;PROD_6;9;5
ORD_656;PROD_29;8;5
ORD_656;PROD_2;9;3
ORD_656;PROD_34;3;3
ORD_657;PROD_10;3;5
ORD_657;PROD_5;6;5
ORD_657;PROD_4;6;4
ORD_657;PROD_35;4;2
ORD_657;PROD_10;2;4
ORD_657;PROD_31;2;1
ORD_657;PROD_5;1;4
ORD_657;PROD_11;9;4
ORD_657;PROD_10;1;2
ORD_658;PROD_2;3;2
ORD_658;PROD_40;1;3
ORD_658;PROD_18;4;5
ORD_658;PROD_9;3;5
ORD_658;PROD_42;6;3
ORD_658;PROD_48;1;4
ORD_658;PROD_13;3;4
ORD_658;PROD_32;8;5
ORD_658;PROD_12;6;2
ORD_658;PROD_26;4;4
ORD_658;PROD_50;7;3
ORD_658;PROD_19;8;3
ORD_658;PROD_15;6;5
ORD_658;PROD_6;5;4
ORD_659;PROD_33;8;4
ORD_659;PROD_5;1;3
ORD_659;PROD_46;7;1
ORD_659;PROD_28;7;5
ORD_659;PROD_49;2;3
ORD_659;PROD_14;6;3
ORD_660;PROD_5;3;3
ORD_660;PROD_28;2;5
ORD_660;PROD_42;5;2
ORD_660;PROD_9;4;4
ORD_660;PROD_25;8;3
ORD_660;PROD_18;5;3
ORD_660;PROD_5;1;1
ORD_660;PROD_47;4;2
ORD_660;PROD_6;1;3
ORD_660;PROD_41;4;3
ORD_660;PROD_37;6;3
ORD_660;PROD_14;2;1
ORD_661;PROD_33;4;3
ORD_661;PROD_5;5;4
ORD_661;PROD_46;1;2
ORD_661;PROD_16;3;3
ORD_661;PROD_27;5;1
ORD_661;PROD_31;7;1
ORD_661;PROD_15;9;1
ORD_661;PROD_3;4;5
ORD_662;PROD_22;4;2
ORD_662;PROD_28;1;1
ORD_662;PROD_14;4;3
ORD_662;PROD_19;2;1
ORD_662;PROD_22;1;1
ORD_662;PROD_30;6;1
ORD_662;PROD_14;3;2
ORD_662;PROD_23;5;3
ORD_662;PROD_11;6;5
ORD_662;PROD_28;5;2
ORD_662;PROD_24;4;1
ORD_662;PROD_15;8;4
ORD_662;PROD_37;2;2
ORD_662;PROD_49;7;3
ORD_663;PROD_33;9;5
ORD_663;PROD_46;5;5
ORD_663;PROD_17;4;3
ORD_663;PROD_6;2;4
ORD_663;PROD_37;6;4
ORD_663;PROD_33;4;2
ORD_663;PROD_5;4;4
ORD_663;PROD_18;8;2
ORD_664;PROD_30;4;2
ORD_664;PROD_46;4;5
ORD_664;PROD_14;2;2
ORD_664;PROD_45;4;5
ORD_664;PROD_42;9;4
ORD_664;PROD_4;9;2
ORD_664;PROD_17;3;4
ORD_664;PROD_17;9;5
ORD_665;PROD_41;1;3
ORD_665;PROD_1;5;5
ORD_665;PROD_9;7;5
ORD_665;PROD_12;7;4
ORD_665;PROD_20;8;2
ORD_665;PROD_33;2;2
ORD_665;PROD_7;6;3
ORD_666;PROD_16;7;3
ORD_666;PROD_27;8;4
ORD_666;PROD_41;4;4
ORD_666;PROD_1;3;5
ORD_666;PROD_33;8;4
ORD_666;PROD_36;7;5
ORD_666;PROD_3;2;4
ORD_666;PROD_19;2;1
ORD_666;PROD_26;9;1
ORD_666;PROD_49;4;2
ORD_666;PROD_42;9;1
ORD_666;PROD_15;2;2
ORD_667;PROD_12;6;5
ORD_667;PROD_8;8;4
ORD_667;PROD_26;8;3
ORD_667;PROD_26;4;1
ORD_667;PROD_44;8;5
ORD_667;PROD_46;9;4
ORD_667;PROD_17;8;3
ORD_667;PROD_3;9;5
ORD_667;PROD_33;4;2
ORD_667;PROD_25;1;3
ORD_667;PROD_35;3;5
ORD_667;PROD_18;3;2
ORD_667;PROD_37;2;5
ORD_667;PROD_50;6;5
ORD_668;PROD_20;5;2
ORD_668;PROD_1;3;3
ORD_668;PROD_38;9;2
ORD_668;PROD_44;4;4
ORD_668;PROD_21;5;5
ORD_668;PROD_13;3;1
ORD_668;PROD_50;3;2
ORD_668;PROD_15;6;2
ORD_668;PROD_50;4;3
ORD_668;PROD_24;1;4
ORD_668;PROD_45;2;5
ORD_668;PROD_37;2;1
ORD_668;PROD_35;3;3
ORD_669;PROD_23;1;2
ORD_669;PROD_17;9;5
ORD_669;PROD_16;8;2
ORD_669;PROD_46;4;3
ORD_669;PROD_13;9;3
ORD_669;PROD_31;9;4
ORD_669;PROD_11;8;3
ORD_669;PROD_19;8;4
ORD_670;PROD_33;8;3
ORD_670;PROD_5;7;3
ORD_670;PROD_46;2;4
ORD_670;PROD_20;1;3
ORD_670;PROD_39;6;1
ORD_670;PROD_28;5;1
ORD_670;PROD_17;6;2
ORD_670;PROD_11;7;1
ORD_670;PROD_31;3;3
ORD_671;PROD_21;9;2
ORD_671;PROD_45;5;2
ORD_671;PROD_24;1;5
ORD_671;PROD_30;1;4
ORD_671;PROD_37;7;4
ORD_671;PROD_41;5;5
ORD_671;PROD_1;1;5
ORD_671;PROD_41;8;4
ORD_671;PROD_1;7;1
ORD_671;PROD_24;5;4
ORD_671;PROD_47;9;5
ORD_672;PROD_36;3;3
ORD_672;PROD_9;4;3
ORD_672;PROD_31;1;5
ORD_672;PROD_5;7;4
ORD_672;PROD_5;1;5
ORD_672;PROD_45;5;3
ORD_672;PROD_18;3;4
ORD_672;PROD_42;6;5
ORD_673;PROD_9;2;4
ORD_673;PROD_41;3;1
ORD_673;PROD_9;1;1
ORD_673;PROD_18;8;4
ORD_673;PROD_12;7;5
ORD_673;PROD_48;1;5
ORD_673;PROD_14;5;5
ORD_673;PROD_18;2;2
ORD_673;PROD_7;9;4
ORD_673;PROD_10;2;2
ORD_674;PROD_45;2;1
ORD_674;PROD_14;9;5
ORD_674;PROD_13;1;2
ORD_674;PROD_12;1;5
ORD_674;PROD_5;6;3
ORD_674;PROD_50;9;3
ORD_674;PROD_4;1;4
ORD_675;PROD_2;8;2
ORD_675;PROD_36;2;3
ORD_675;PROD_1;7;3
ORD_675;PROD_50;6;2
ORD_675;PROD_23;7;3
ORD_675;PROD_12;7;5
ORD_675;PROD_15;7;3
ORD_675;PROD_27;8;5
ORD_675;PROD_24;5;4
ORD_675;PROD_40;9;5
ORD_675;PROD_26;4;3
ORD_676;PROD_44;8;4
ORD_676;PROD_23;5;1
ORD_676;PROD_21;7;2
ORD_676;PROD_45;7;4
ORD_676;PROD_50;4;5
ORD_676;PROD_20;6;1
ORD_676;PROD_47;1;4
ORD_676;PROD_11;1;4
ORD_676;PROD_12;3;2
ORD_676;PROD_47;7;3
ORD_676;PROD_31;6;4
ORD_677;PROD_24;6;2
ORD_677;PROD_11;7;3
ORD_677;PROD_13;7;1
ORD_677;PROD_13;8;3
ORD_677;PROD_6;7;5
ORD_677;PROD_4;4;5
ORD_677;PROD_5;9;5
ORD_677;PROD_26;3;5
ORD_677;PROD_48;1;1
ORD_677;PROD_24;9;5
ORD_677;PROD_19;1;3
ORD_677;PROD_8;9;1
ORD_677;PROD_18;1;5
ORD_677;PROD_46;3;3
ORD_678;PROD_27;2;2
ORD_678;PROD_41;4;4
ORD_678;PROD_41;4;2
ORD_678;PROD_1;1;3
ORD_678;PROD_4;6;3
ORD_679;PROD_25;1;5
ORD_679;PROD_6;1;1
ORD_679;PROD_5;9;2
ORD_679;PROD_45;1;5
ORD_679;PROD_23;7;4
ORD_679;PROD_8;8;4
ORD_679;PROD_25;7;2
ORD_679;PROD_10;8;1
ORD_679;PROD_38;1;3
ORD_679;PROD_18;9;4
ORD_680;PROD_30;2;4
ORD_680;PROD_13;8;5
ORD_680;PROD_38;3;5
ORD_680;PROD_33;7;2
ORD_680;PROD_5;9;4
ORD_680;PROD_46;1;1
ORD_680;PROD_13;4;4
ORD_680;PROD_17;3;1
ORD_680;PROD_1;9;1
ORD_680;PROD_27;3;3
ORD_680;PROD_35;3;1
ORD_680;PROD_36;2;1
ORD_680;PROD_42;7;3
ORD_680;PROD_9;6;2
ORD_680;PROD_12;3;2
ORD_681;PROD_39;2;3
ORD_681;PROD_36;4;1
ORD_681;PROD_34;9;4
ORD_681;PROD_12;1;2
ORD_681;PROD_13;6;5
ORD_681;PROD_17;9;5
ORD_682;PROD_29;6;2
ORD_682;PROD_32;4;5
ORD_682;PROD_24;1;3
ORD_682;PROD_35;9;5
ORD_682;PROD_15;5;1
ORD_682;PROD_45;9;1
ORD_682;PROD_32;2;2
ORD_682;PROD_2;5;3
ORD_682;PROD_29;4;2
ORD_682;PROD_15;5;2
ORD_682;PROD_9;3;2
ORD_682;PROD_10;6;5
ORD_682;PROD_47;2;3
ORD_682;PROD_4;8;3
ORD_683;PROD_16;5;2
ORD_683;PROD_27;2;3
ORD_683;PROD_3;7;3
ORD_683;PROD_49;1;5
ORD_683;PROD_19;9;3
ORD_683;PROD_7;5;5
ORD_683;PROD_26;3;5
ORD_683;PROD_36;3;3
ORD_683;PROD_29;1;4
ORD_683;PROD_24;8;2
ORD_683;PROD_39;9;2
ORD_684;PROD_23;7;1
ORD_684;PROD_41;6;5
ORD_684;PROD_12;4;5
ORD_684;PROD_7;2;3
ORD_684;PROD_5;8;5
ORD_684;PROD_38;8;4
ORD_684;PROD_35;8;1
ORD_684;PROD_24;3;1
ORD_684;PROD_24;9;3
ORD_684;PROD_10;3;5
ORD_684;PROD_35;1;2
ORD_684;PROD_9;5;3
ORD_684;PROD_32;2;5
ORD_684;PROD_28;6;3
ORD_684;PROD_33;6;1
ORD_685;PROD_31;5;1
ORD_685;PROD_5;5;3
ORD_685;PROD_12;3;5
ORD_685;PROD_47;7;5
ORD_685;PROD_6;5;3
ORD_686;PROD_33;7;2
ORD_686;PROD_38;4;4
ORD_686;PROD_41;9;4
ORD_686;PROD_35;2;3
ORD_686;PROD_47;8;4
ORD_686;PROD_39;9;5
ORD_686;PROD_41;6;2
ORD_686;PROD_41;3;5
ORD_686;PROD_33;2;5
ORD_686;PROD_15;2;1
ORD_686;PROD_40;5;5
ORD_686;PROD_50;3;4
ORD_686;PROD_23;7;3
ORD_686;PROD_50;5;2
ORD_687;PROD_13;1;5
ORD_687;PROD_17;6;2
ORD_687;PROD_1;1;4
ORD_687;PROD_27;4;3
ORD_687;PROD_31;2;2
ORD_688;PROD_34;5;4
ORD_688;PROD_44;4;5
ORD_688;PROD_33;6;1
ORD_688;PROD_21;8;4
ORD_688;PROD_16;7;5
ORD_688;PROD_24;4;2
ORD_688;PROD_30;2;4
ORD_688;PROD_4;9;1
ORD_688;PROD_2;1;5
ORD_689;PROD_12;8;4
ORD_689;PROD_47;4;1
ORD_689;PROD_6;7;2
ORD_689;PROD_23;8;1
ORD_689;PROD_27;8;2
ORD_689;PROD_41;1;2
ORD_689;PROD_38;1;5
ORD_689;PROD_23;5;3
ORD_690;PROD_2;8;4
ORD_690;PROD_36;4;4
ORD_690;PROD_1;6;1
ORD_690;PROD_50;3;2
ORD_690;PROD_23;2;3
ORD_690;PROD_29;9;1
ORD_691;PROD_36;6;1
ORD_691;PROD_30;9;2
ORD_691;PROD_45;6;4
ORD_691;PROD_36;2;2
ORD_691;PROD_6;5;3
ORD_691;PROD_35;4;3
ORD_691;PROD_29;6;4
ORD_692;PROD_27;1;2
ORD_692;PROD_41;7;5
ORD_692;PROD_44;9;5
ORD_692;PROD_33;2;4
ORD_692;PROD_50;4;3
ORD_692;PROD_40;6;4
ORD_692;PROD_3;8;1
ORD_693;PROD_16;2;1
ORD_693;PROD_49;4;1
ORD_693;PROD_44;6;5
ORD_693;PROD_33;2;2
ORD_693;PROD_32;9;5
ORD_693;PROD_34;2;3
ORD_693;PROD_35;7;2
ORD_694;PROD_4;3;2
ORD_694;PROD_9;8;1
ORD_694;PROD_19;3;2
ORD_694;PROD_24;7;1
ORD_694;PROD_39;6;1
ORD_694;PROD_19;4;4
ORD_694;PROD_28;9;2
ORD_694;PROD_49;1;5
ORD_695;PROD_3;3;4
ORD_695;PROD_49;8;5
ORD_695;PROD_19;4;3
ORD_695;PROD_7;1;2
ORD_695;PROD_36;4;4
ORD_695;PROD_9;6;1
ORD_695;PROD_37;3;4
ORD_695;PROD_12;9;4
ORD_695;PROD_28;1;1
ORD_695;PROD_1;5;3
ORD_695;PROD_20;4;1
ORD_695;PROD_35;1;4
ORD_695;PROD_21;7;5
ORD_696;PROD_36;4;3
ORD_696;PROD_9;3;4
ORD_696;PROD_33;4;2
ORD_696;PROD_5;3;5
ORD_696;PROD_46;3;5
ORD_696;PROD_47;4;5
ORD_696;PROD_44;3;2
ORD_696;PROD_26;2;4
ORD_696;PROD_25;8;1
ORD_696;PROD_1;9;3
ORD_696;PROD_37;8;4
ORD_696;PROD_15;4;3
ORD_696;PROD_34;9;1
ORD_696;PROD_4;9;5
ORD_696;PROD_42;2;5
ORD_697;PROD_37;2;4
ORD_697;PROD_40;6;5
ORD_697;PROD_26;4;5
ORD_697;PROD_2;7;2
ORD_697;PROD_30;8;1
ORD_697;PROD_17;2;4
ORD_697;PROD_19;6;2
ORD_697;PROD_44;4;4
ORD_697;PROD_13;2;1
ORD_697;PROD_50;7;2
ORD_697;PROD_9;1;2
ORD_697;PROD_37;4;5
ORD_697;PROD_32;8;5
ORD_698;PROD_3;6;4
ORD_698;PROD_13;7;5
ORD_698;PROD_12;1;3
ORD_698;PROD_20;6;3
ORD_698;PROD_41;9;5
ORD_698;PROD_26;4;5
ORD_698;PROD_38;1;2
ORD_698;PROD_17;2;1
ORD_699;PROD_39;3;5
ORD_699;PROD_26;6;3
ORD_699;PROD_31;1;2
ORD_699;PROD_11;5;4
ORD_699;PROD_38;2;1
ORD_699;PROD_30;8;5
ORD_699;PROD_3;7;4
ORD_699;PROD_49;9;4
ORD_699;PROD_15;3;1
ORD_699;PROD_40;8;5
ORD_699;PROD_22;5;1
ORD_699;PROD_26;4;3
ORD_699;PROD_26;6;1
ORD_699;PROD_23;4;1
ORD_699;PROD_22;7;1
ORD_700;PROD_38;9;4
ORD_700;PROD_27;7;1
ORD_700;PROD_32;5;5
ORD_700;PROD_50;6;4
ORD_700;PROD_35;1;3
ORD_700;PROD_3;8;1
ORD_700;PROD_8;9;3
ORD_700;PROD_39;7;4
ORD_700;PROD_47;9;3
ORD_701;PROD_36;6;4
ORD_701;PROD_9;3;3
ORD_701;PROD_47;8;1
ORD_701;PROD_44;9;3
ORD_701;PROD_36;2;2
ORD_701;PROD_30;7;1
ORD_701;PROD_12;4;3
ORD_701;PROD_49;5;1
ORD_701;PROD_44;5;3
ORD_701;PROD_39;2;1
ORD_701;PROD_1;8;4
ORD_701;PROD_34;1;1
ORD_701;PROD_44;8;2
ORD_701;PROD_36;2;4
ORD_701;PROD_40;4;2
ORD_702;PROD_41;5;2
ORD_702;PROD_1;7;4
ORD_702;PROD_22;5;5
ORD_702;PROD_46;9;2
ORD_702;PROD_15;1;5
ORD_702;PROD_11;5;4
ORD_702;PROD_29;8;3
ORD_702;PROD_49;2;2
ORD_702;PROD_7;7;5
ORD_703;PROD_37;2;5
ORD_703;PROD_12;3;2
ORD_703;PROD_28;4;5
ORD_703;PROD_9;3;2
ORD_703;PROD_12;2;5
ORD_703;PROD_20;3;4
ORD_703;PROD_33;7;5
ORD_703;PROD_7;6;4
ORD_703;PROD_20;6;3
ORD_703;PROD_11;7;1
ORD_703;PROD_39;6;4
ORD_703;PROD_28;7;4
ORD_703;PROD_48;3;1
ORD_703;PROD_47;9;1
ORD_704;PROD_26;8;1
ORD_704;PROD_6;9;4
ORD_704;PROD_30;7;1
ORD_704;PROD_5;4;2
ORD_704;PROD_42;3;3
ORD_704;PROD_10;1;2
ORD_704;PROD_13;8;2
ORD_704;PROD_29;9;1
ORD_704;PROD_40;7;1
ORD_704;PROD_25;5;3
ORD_705;PROD_9;5;4
ORD_705;PROD_1;4;5
ORD_705;PROD_48;5;2
ORD_705;PROD_41;9;5
ORD_705;PROD_12;2;5
ORD_705;PROD_47;8;4
ORD_705;PROD_6;7;1
ORD_705;PROD_23;8;3
ORD_705;PROD_12;2;2
ORD_705;PROD_47;7;2
ORD_705;PROD_6;6;2
ORD_705;PROD_23;1;3
ORD_705;PROD_22;1;1
ORD_705;PROD_22;9;2
ORD_705;PROD_36;6;2
ORD_706;PROD_44;4;5
ORD_706;PROD_33;4;1
ORD_706;PROD_47;3;4
ORD_706;PROD_44;8;3
ORD_706;PROD_47;1;2
ORD_706;PROD_44;4;3
ORD_706;PROD_1;2;1
ORD_706;PROD_29;5;5
ORD_707;PROD_2;4;4
ORD_707;PROD_9;4;4
ORD_707;PROD_26;6;4
ORD_707;PROD_48;9;5
ORD_707;PROD_34;5;5
ORD_707;PROD_47;9;3
ORD_707;PROD_22;7;1
ORD_707;PROD_2;1;4
ORD_707;PROD_18;6;1
ORD_707;PROD_46;4;1
ORD_707;PROD_7;4;5
ORD_707;PROD_25;2;1
ORD_707;PROD_44;9;1
ORD_707;PROD_29;5;1
ORD_707;PROD_3;3;3
ORD_708;PROD_2;1;5
ORD_708;PROD_14;6;1
ORD_708;PROD_23;5;1
ORD_708;PROD_43;5;5
ORD_708;PROD_4;8;4
ORD_708;PROD_17;4;5
ORD_708;PROD_5;3;4
ORD_708;PROD_18;7;1
ORD_708;PROD_29;9;5
ORD_708;PROD_37;4;3
ORD_708;PROD_49;4;3
ORD_708;PROD_36;1;2
ORD_708;PROD_48;2;5
ORD_708;PROD_1;8;4
ORD_709;PROD_42;1;2
ORD_709;PROD_28;7;4
ORD_709;PROD_26;5;5
ORD_709;PROD_42;3;3
ORD_709;PROD_36;8;4
ORD_709;PROD_48;8;1
ORD_709;PROD_39;5;4
ORD_709;PROD_4;4;5
ORD_709;PROD_5;5;4
ORD_709;PROD_24;1;1
ORD_709;PROD_2;1;1
ORD_710;PROD_6;3;2
ORD_710;PROD_24;6;4
ORD_710;PROD_47;8;4
ORD_710;PROD_9;6;3
ORD_710;PROD_5;8;3
ORD_710;PROD_15;1;4
ORD_711;PROD_6;8;4
ORD_711;PROD_24;8;4
ORD_711;PROD_6;8;5
ORD_711;PROD_24;4;1
ORD_711;PROD_13;4;5
ORD_711;PROD_17;9;3
ORD_711;PROD_1;4;2
ORD_711;PROD_27;7;3
ORD_712;PROD_6;9;2
ORD_712;PROD_24;7;5
ORD_712;PROD_33;3;4
ORD_712;PROD_5;5;4
ORD_712;PROD_46;9;5
ORD_712;PROD_38;3;5
ORD_712;PROD_34;8;4
ORD_712;PROD_25;7;5
ORD_712;PROD_1;4;2
ORD_712;PROD_44;9;4
ORD_712;PROD_6;8;4
ORD_712;PROD_31;8;4
ORD_712;PROD_36;4;4
ORD_713;PROD_14;5;4
ORD_713;PROD_43;8;3
ORD_713;PROD_28;7;4
ORD_713;PROD_20;8;3
ORD_713;PROD_22;4;1
ORD_713;PROD_21;3;4
ORD_713;PROD_25;5;4
ORD_713;PROD_27;4;5
ORD_713;PROD_30;4;5
ORD_713;PROD_31;3;1
ORD_713;PROD_26;5;2
ORD_714;PROD_19;8;3
ORD_714;PROD_3;4;1
ORD_714;PROD_28;5;5
ORD_714;PROD_41;6;5
ORD_714;PROD_1;4;2
ORD_714;PROD_36;2;4
ORD_715;PROD_43;3;3
ORD_715;PROD_47;9;4
ORD_715;PROD_14;3;3
ORD_715;PROD_5;3;4
ORD_715;PROD_19;3;1
ORD_715;PROD_28;6;1
ORD_715;PROD_8;2;3
ORD_715;PROD_39;8;5
ORD_715;PROD_24;5;1
ORD_715;PROD_39;4;4
ORD_715;PROD_25;7;3
ORD_715;PROD_6;5;4
ORD_716;PROD_30;7;4
ORD_716;PROD_13;6;2
ORD_716;PROD_38;2;5
ORD_716;PROD_48;1;3
ORD_716;PROD_42;1;2
ORD_716;PROD_23;2;4
ORD_716;PROD_9;7;2
ORD_716;PROD_30;2;1
ORD_716;PROD_9;5;5
ORD_716;PROD_37;3;3
ORD_716;PROD_12;2;1
ORD_716;PROD_42;2;5
ORD_717;PROD_26;4;4
ORD_717;PROD_15;2;4
ORD_717;PROD_34;8;3
ORD_717;PROD_7;7;3
ORD_717;PROD_49;8;4
ORD_717;PROD_22;2;4
ORD_717;PROD_28;4;5
ORD_717;PROD_14;8;2
ORD_717;PROD_48;2;3
ORD_717;PROD_40;6;5
ORD_717;PROD_18;3;2
ORD_718;PROD_31;9;1
ORD_718;PROD_5;8;2
ORD_718;PROD_33;4;3
ORD_718;PROD_43;5;1
ORD_718;PROD_9;2;3
ORD_718;PROD_9;4;3
ORD_718;PROD_18;1;4
ORD_718;PROD_29;5;2
ORD_718;PROD_8;9;5
ORD_718;PROD_46;6;3
ORD_718;PROD_28;3;3
ORD_718;PROD_12;5;2
ORD_718;PROD_11;2;2
ORD_718;PROD_2;8;5
ORD_719;PROD_9;6;4
ORD_719;PROD_1;4;5
ORD_719;PROD_48;1;1
ORD_719;PROD_41;5;4
ORD_719;PROD_41;2;2
ORD_719;PROD_1;5;4
ORD_719;PROD_25;4;3
ORD_719;PROD_6;1;5
ORD_719;PROD_5;8;1
ORD_719;PROD_41;5;5
ORD_719;PROD_34;5;2
ORD_720;PROD_17;1;3
ORD_720;PROD_10;2;5
ORD_720;PROD_47;5;3
ORD_720;PROD_11;2;1
ORD_720;PROD_4;9;5
ORD_721;PROD_50;3;3
ORD_721;PROD_19;4;2
ORD_721;PROD_9;4;1
ORD_721;PROD_39;4;5
ORD_721;PROD_20;4;1
ORD_721;PROD_12;3;2
ORD_721;PROD_37;2;3
ORD_721;PROD_44;6;4
ORD_721;PROD_40;8;2
ORD_721;PROD_5;1;2
ORD_721;PROD_20;3;3
ORD_721;PROD_28;8;3
ORD_721;PROD_41;2;3
ORD_721;PROD_24;3;2
ORD_722;PROD_9;1;5
ORD_722;PROD_1;9;5
ORD_722;PROD_48;1;2
ORD_722;PROD_41;7;5
ORD_722;PROD_2;7;5
ORD_722;PROD_36;2;2
ORD_722;PROD_1;7;5
ORD_722;PROD_50;4;3
ORD_722;PROD_23;3;2
ORD_722;PROD_12;9;2
ORD_722;PROD_15;8;5
ORD_723;PROD_28;6;3
ORD_723;PROD_19;3;5
ORD_723;PROD_14;8;3
ORD_723;PROD_2;5;2
ORD_723;PROD_25;4;1
ORD_723;PROD_44;9;2
ORD_723;PROD_22;1;5
ORD_723;PROD_6;5;2
ORD_724;PROD_50;1;4
ORD_724;PROD_10;6;4
ORD_724;PROD_45;9;5
ORD_724;PROD_38;6;2
ORD_724;PROD_15;5;3
ORD_724;PROD_46;2;2
ORD_724;PROD_1;5;2
ORD_725;PROD_20;9;5
ORD_725;PROD_34;3;1
ORD_725;PROD_25;4;4
ORD_725;PROD_25;8;2
ORD_725;PROD_44;2;1
ORD_725;PROD_11;5;1
ORD_725;PROD_23;2;5
ORD_725;PROD_14;6;5
ORD_725;PROD_12;8;5
ORD_725;PROD_12;4;2
ORD_725;PROD_21;5;4
ORD_725;PROD_37;4;5
ORD_725;PROD_43;6;4
ORD_725;PROD_45;1;1
ORD_725;PROD_17;9;5
ORD_726;PROD_29;4;3
ORD_726;PROD_30;3;4
ORD_726;PROD_50;5;3
ORD_726;PROD_14;9;1
ORD_726;PROD_1;1;5
ORD_726;PROD_34;5;5
ORD_726;PROD_4;1;2
ORD_726;PROD_11;2;2
ORD_726;PROD_45;5;3
ORD_726;PROD_41;3;4
ORD_727;PROD_26;2;5
ORD_727;PROD_40;6;1
ORD_727;PROD_11;8;4
ORD_727;PROD_26;4;4
ORD_727;PROD_9;7;5
ORD_727;PROD_34;7;1
ORD_728;PROD_25;3;1
ORD_728;PROD_6;3;3
ORD_728;PROD_5;6;2
ORD_728;PROD_25;1;1
ORD_728;PROD_6;4;1
ORD_728;PROD_5;9;3
ORD_728;PROD_47;9;4
ORD_728;PROD_44;8;1
ORD_728;PROD_37;1;1
ORD_728;PROD_43;4;3
ORD_728;PROD_14;2;5
ORD_729;PROD_30;4;4
ORD_729;PROD_13;2;1
ORD_729;PROD_38;6;2
ORD_729;PROD_9;1;4
ORD_729;PROD_1;6;5
ORD_729;PROD_48;9;4
ORD_730;PROD_16;9;3
ORD_730;PROD_27;2;4
ORD_730;PROD_15;2;3
ORD_730;PROD_49;3;2
ORD_730;PROD_39;2;3
ORD_731;PROD_33;7;2
ORD_731;PROD_27;2;1
ORD_731;PROD_15;5;1
ORD_731;PROD_43;5;3
ORD_731;PROD_20;3;1
ORD_731;PROD_34;5;1
ORD_731;PROD_23;2;5
ORD_731;PROD_12;3;4
ORD_731;PROD_38;7;2
ORD_731;PROD_18;9;4
ORD_731;PROD_47;4;1
ORD_731;PROD_11;7;5
ORD_731;PROD_29;1;2
ORD_731;PROD_8;5;2
ORD_732;PROD_21;9;4
ORD_732;PROD_45;3;1
ORD_732;PROD_24;1;4
ORD_732;PROD_30;7;4
ORD_732;PROD_37;6;3
ORD_732;PROD_10;8;5
ORD_732;PROD_5;9;5
ORD_732;PROD_4;4;1
ORD_732;PROD_35;8;1
ORD_732;PROD_10;9;5
ORD_732;PROD_5;9;3
ORD_732;PROD_4;5;1
ORD_732;PROD_35;4;1
ORD_732;PROD_23;1;3
ORD_732;PROD_27;6;5
ORD_733;PROD_17;3;3
ORD_733;PROD_25;9;5
ORD_733;PROD_18;6;1
ORD_733;PROD_10;3;4
ORD_733;PROD_40;4;3
ORD_733;PROD_8;1;2
ORD_733;PROD_37;9;2
ORD_733;PROD_7;4;5
ORD_733;PROD_22;5;2
ORD_733;PROD_24;3;2
ORD_733;PROD_11;5;2
ORD_734;PROD_49;3;2
ORD_734;PROD_32;1;2
ORD_734;PROD_7;2;5
ORD_734;PROD_36;3;4
ORD_734;PROD_35;4;2
ORD_734;PROD_31;6;3
ORD_734;PROD_7;6;3
ORD_734;PROD_20;9;5
ORD_734;PROD_9;5;1
ORD_734;PROD_18;9;4
ORD_735;PROD_36;7;4
ORD_735;PROD_23;2;4
ORD_735;PROD_48;1;4
ORD_735;PROD_15;5;4
ORD_735;PROD_13;8;1
ORD_735;PROD_32;9;3
ORD_736;PROD_36;8;4
ORD_736;PROD_30;6;1
ORD_736;PROD_9;8;2
ORD_736;PROD_12;7;3
ORD_736;PROD_20;5;3
ORD_736;PROD_33;1;5
ORD_736;PROD_7;9;1
ORD_736;PROD_36;3;1
ORD_736;PROD_9;8;4
ORD_736;PROD_1;9;5
ORD_736;PROD_45;4;1
ORD_736;PROD_12;4;1
ORD_736;PROD_45;1;1
ORD_736;PROD_30;1;1
ORD_737;PROD_39;8;4
ORD_737;PROD_20;9;3
ORD_737;PROD_15;4;2
ORD_737;PROD_34;3;4
ORD_737;PROD_50;7;2
ORD_737;PROD_1;2;3
ORD_737;PROD_21;3;4
ORD_737;PROD_45;6;1
ORD_738;PROD_3;8;2
ORD_738;PROD_18;3;3
ORD_738;PROD_31;7;1
ORD_738;PROD_29;9;3
ORD_738;PROD_44;5;2
ORD_738;PROD_9;2;1
ORD_738;PROD_32;4;5
ORD_738;PROD_31;6;3
ORD_739;PROD_3;2;4
ORD_739;PROD_32;8;1
ORD_739;PROD_27;4;3
ORD_739;PROD_44;7;4
ORD_739;PROD_24;7;1
ORD_739;PROD_29;5;1
ORD_739;PROD_23;8;1
ORD_739;PROD_13;7;2
ORD_739;PROD_8;9;1
ORD_739;PROD_28;3;5
ORD_739;PROD_44;4;2
ORD_739;PROD_49;3;5
ORD_739;PROD_41;1;5
ORD_740;PROD_27;9;5
ORD_740;PROD_36;2;5
ORD_740;PROD_24;1;3
ORD_740;PROD_44;4;1
ORD_740;PROD_40;2;1
ORD_740;PROD_10;5;3
ORD_740;PROD_33;8;5
ORD_740;PROD_34;6;2
ORD_740;PROD_1;8;5
ORD_740;PROD_22;8;3
ORD_740;PROD_37;1;5
ORD_741;PROD_21;6;4
ORD_741;PROD_45;5;2
ORD_741;PROD_24;4;3
ORD_741;PROD_30;8;1
ORD_741;PROD_37;5;5
ORD_742;PROD_2;2;1
ORD_742;PROD_36;2;4
ORD_742;PROD_1;1;2
ORD_742;PROD_50;5;4
ORD_742;PROD_23;2;5
ORD_743;PROD_37;5;5
ORD_743;PROD_26;5;4
ORD_743;PROD_15;7;5
ORD_743;PROD_44;4;4
ORD_743;PROD_23;1;5
ORD_743;PROD_28;9;1
ORD_744;PROD_7;7;1
ORD_744;PROD_29;6;3
ORD_744;PROD_30;5;4
ORD_744;PROD_39;9;3
ORD_744;PROD_48;2;4
ORD_744;PROD_27;3;5
ORD_744;PROD_34;1;3
ORD_745;PROD_6;4;1
ORD_745;PROD_24;8;2
ORD_745;PROD_44;8;4
ORD_745;PROD_33;4;2
ORD_745;PROD_37;9;4
ORD_745;PROD_12;8;3
ORD_745;PROD_28;1;3
ORD_745;PROD_42;9;4
ORD_745;PROD_34;5;3
ORD_745;PROD_22;3;5
ORD_745;PROD_18;3;3
ORD_745;PROD_47;1;4
ORD_745;PROD_21;9;5
ORD_746;PROD_28;9;4
ORD_746;PROD_17;2;2
ORD_746;PROD_50;2;4
ORD_746;PROD_4;8;1
ORD_746;PROD_14;9;5
ORD_746;PROD_6;3;2
ORD_746;PROD_38;9;2
ORD_746;PROD_26;6;3
ORD_746;PROD_23;6;2
ORD_746;PROD_34;1;1
ORD_747;PROD_37;2;2
ORD_747;PROD_45;2;3
ORD_747;PROD_31;5;1
ORD_747;PROD_3;6;2
ORD_747;PROD_12;3;5
ORD_747;PROD_2;1;2
ORD_747;PROD_44;3;4
ORD_747;PROD_42;4;3
ORD_748;PROD_44;5;1
ORD_748;PROD_33;7;1
ORD_748;PROD_33;5;1
ORD_748;PROD_5;9;3
ORD_748;PROD_46;1;4
ORD_748;PROD_36;6;2
ORD_748;PROD_9;2;1
ORD_748;PROD_14;4;5
ORD_748;PROD_36;8;3
ORD_748;PROD_20;1;5
ORD_748;PROD_13;1;1
ORD_748;PROD_38;1;4
ORD_748;PROD_8;9;1
ORD_748;PROD_7;1;5
ORD_749;PROD_6;7;4
ORD_749;PROD_24;4;2
ORD_749;PROD_25;3;5
ORD_749;PROD_6;6;3
ORD_749;PROD_5;5;1
ORD_750;PROD_9;9;1
ORD_750;PROD_12;2;1
ORD_750;PROD_20;3;4
ORD_750;PROD_33;2;2
ORD_750;PROD_7;1;4
ORD_750;PROD_37;6;3
ORD_750;PROD_12;3;2
ORD_750;PROD_28;8;2
ORD_751;PROD_3;4;5
ORD_751;PROD_49;4;2
ORD_751;PROD_19;1;5
ORD_751;PROD_7;5;4
ORD_751;PROD_6;1;4
ORD_751;PROD_24;8;3
ORD_751;PROD_11;4;1
ORD_751;PROD_37;6;4
ORD_751;PROD_17;9;4
ORD_751;PROD_10;1;3
ORD_752;PROD_9;3;4
ORD_752;PROD_1;3;3
ORD_752;PROD_48;2;5
ORD_752;PROD_41;5;3
ORD_752;PROD_36;3;4
ORD_752;PROD_9;5;2
ORD_752;PROD_41;2;5
ORD_752;PROD_1;7;3
ORD_752;PROD_12;9;1
ORD_753;PROD_13;6;2
ORD_753;PROD_17;9;5
ORD_753;PROD_1;5;2
ORD_753;PROD_27;3;2
ORD_753;PROD_44;5;2
ORD_753;PROD_33;5;4
ORD_753;PROD_12;6;3
ORD_753;PROD_47;6;4
ORD_753;PROD_6;3;5
ORD_754;PROD_26;5;5
ORD_754;PROD_9;4;5
ORD_754;PROD_28;7;2
ORD_754;PROD_24;4;5
ORD_754;PROD_15;1;4
ORD_755;PROD_4;2;2
ORD_755;PROD_16;2;4
ORD_755;PROD_23;4;2
ORD_755;PROD_14;4;3
ORD_755;PROD_17;3;4
ORD_755;PROD_14;1;2
ORD_756;PROD_46;2;2
ORD_756;PROD_10;5;5
ORD_756;PROD_44;4;4
ORD_756;PROD_24;5;1
ORD_756;PROD_50;5;4
ORD_756;PROD_44;6;3
ORD_756;PROD_9;6;4
ORD_756;PROD_4;9;2
ORD_756;PROD_12;6;5
ORD_756;PROD_37;8;5
ORD_756;PROD_1;1;3
ORD_756;PROD_2;9;1
ORD_756;PROD_37;2;3
ORD_756;PROD_46;7;1
ORD_756;PROD_22;5;3
ORD_757;PROD_22;4;2
ORD_757;PROD_6;9;2
ORD_757;PROD_24;8;5
ORD_757;PROD_44;7;3
ORD_757;PROD_3;1;2
ORD_757;PROD_22;9;4
ORD_757;PROD_17;3;3
ORD_757;PROD_10;6;5
ORD_757;PROD_44;1;4
ORD_757;PROD_21;1;3
ORD_757;PROD_29;7;2
ORD_757;PROD_12;5;3
ORD_757;PROD_29;5;4
ORD_757;PROD_40;9;1
ORD_757;PROD_10;5;1
ORD_758;PROD_25;5;1
ORD_758;PROD_6;5;3
ORD_758;PROD_5;6;4
ORD_758;PROD_36;6;5
ORD_758;PROD_9;8;1
ORD_759;PROD_3;3;5
ORD_759;PROD_49;2;5
ORD_759;PROD_19;9;2
ORD_759;PROD_7;8;3
ORD_759;PROD_13;9;2
ORD_759;PROD_17;7;4
ORD_759;PROD_1;2;3
ORD_759;PROD_27;7;5
ORD_759;PROD_32;7;2
ORD_759;PROD_44;5;2
ORD_759;PROD_39;1;3
ORD_759;PROD_20;3;5
ORD_759;PROD_33;6;2
ORD_759;PROD_36;9;1
ORD_760;PROD_10;5;1
ORD_760;PROD_5;4;5
ORD_760;PROD_4;6;3
ORD_760;PROD_35;9;5
ORD_760;PROD_29;4;2
ORD_760;PROD_30;8;1
ORD_760;PROD_50;4;2
ORD_760;PROD_14;1;4
ORD_761;PROD_29;1;5
ORD_761;PROD_30;2;1
ORD_761;PROD_50;2;2
ORD_761;PROD_14;8;2
ORD_761;PROD_1;7;2
ORD_761;PROD_18;5;3
ORD_761;PROD_26;9;5
ORD_761;PROD_16;1;4
ORD_761;PROD_40;6;2
ORD_761;PROD_18;8;3
ORD_761;PROD_33;6;4
ORD_761;PROD_38;5;1
ORD_762;PROD_24;1;5
ORD_762;PROD_46;1;1
ORD_762;PROD_48;3;2
ORD_762;PROD_12;6;5
ORD_762;PROD_46;2;5
ORD_762;PROD_11;7;1
ORD_762;PROD_4;5;4
ORD_762;PROD_39;6;4
ORD_762;PROD_18;7;2
ORD_762;PROD_45;3;2
ORD_763;PROD_19;5;1
ORD_763;PROD_19;7;1
ORD_763;PROD_37;1;1
ORD_763;PROD_37;6;5
ORD_763;PROD_41;6;3
ORD_763;PROD_10;1;5
ORD_763;PROD_34;6;3
ORD_764;PROD_45;7;4
ORD_764;PROD_35;3;5
ORD_764;PROD_6;2;2
ORD_764;PROD_29;9;5
ORD_764;PROD_16;1;3
ORD_764;PROD_22;3;4
ORD_764;PROD_30;7;2
ORD_764;PROD_31;4;5
ORD_764;PROD_11;4;4
ORD_764;PROD_25;7;4
ORD_764;PROD_10;5;5
ORD_764;PROD_37;9;1
ORD_764;PROD_26;5;3
ORD_765;PROD_36;2;2
ORD_765;PROD_30;3;5
ORD_765;PROD_9;2;5
ORD_765;PROD_1;1;4
ORD_765;PROD_48;6;5
ORD_765;PROD_41;5;3
ORD_765;PROD_21;3;1
ORD_765;PROD_45;2;3
ORD_765;PROD_24;8;4
ORD_765;PROD_30;2;1
ORD_765;PROD_37;2;5
ORD_765;PROD_34;3;3
ORD_765;PROD_13;5;2
ORD_765;PROD_5;3;1
ORD_765;PROD_48;2;3
ORD_766;PROD_31;2;2
ORD_766;PROD_1;7;5
ORD_766;PROD_46;2;1
ORD_766;PROD_17;3;3
ORD_766;PROD_49;7;2
ORD_766;PROD_3;9;4
ORD_766;PROD_14;9;3
ORD_766;PROD_45;8;2
ORD_766;PROD_17;5;4
ORD_766;PROD_36;3;5
ORD_767;PROD_33;6;5
ORD_767;PROD_12;9;4
ORD_767;PROD_34;4;5
ORD_767;PROD_1;1;4
ORD_767;PROD_6;5;2
ORD_767;PROD_2;9;2
ORD_767;PROD_45;7;1
ORD_767;PROD_11;5;4
ORD_767;PROD_4;9;3
ORD_767;PROD_34;8;5
ORD_767;PROD_2;3;1
ORD_767;PROD_47;9;2
ORD_767;PROD_32;8;1
ORD_767;PROD_23;7;1
ORD_767;PROD_5;3;1
ORD_768;PROD_36;5;2
ORD_768;PROD_37;7;3
ORD_768;PROD_33;9;2
ORD_768;PROD_27;2;5
ORD_768;PROD_38;8;3
ORD_768;PROD_5;8;4
ORD_768;PROD_42;1;2
ORD_768;PROD_44;1;1
ORD_768;PROD_9;4;1
ORD_768;PROD_25;3;5
ORD_769;PROD_27;9;2
ORD_769;PROD_41;5;1
ORD_769;PROD_36;6;4
ORD_769;PROD_30;1;3
ORD_769;PROD_14;8;3
ORD_769;PROD_46;2;5
ORD_769;PROD_45;9;3
ORD_770;PROD_33;1;2
ORD_770;PROD_3;7;2
ORD_770;PROD_28;2;2
ORD_770;PROD_13;9;2
ORD_770;PROD_25;6;1
ORD_770;PROD_47;5;1
ORD_770;PROD_37;5;5
ORD_771;PROD_31;9;4
ORD_771;PROD_41;5;4
ORD_771;PROD_16;8;1
ORD_771;PROD_6;3;2
ORD_771;PROD_38;1;2
ORD_771;PROD_30;8;3
ORD_771;PROD_50;4;3
ORD_771;PROD_45;6;5
ORD_771;PROD_17;5;4
ORD_771;PROD_19;7;5
ORD_771;PROD_50;1;1
ORD_771;PROD_1;7;1
ORD_771;PROD_46;7;5
ORD_772;PROD_26;1;3
ORD_772;PROD_9;1;1
ORD_772;PROD_25;7;2
ORD_772;PROD_35;4;4
ORD_772;PROD_43;9;4
ORD_772;PROD_32;6;2
ORD_772;PROD_13;1;4
ORD_772;PROD_35;6;2
ORD_773;PROD_40;1;4
ORD_773;PROD_12;2;4
ORD_773;PROD_39;7;3
ORD_773;PROD_32;6;1
ORD_773;PROD_6;7;4
ORD_773;PROD_1;1;4
ORD_773;PROD_3;5;4
ORD_773;PROD_32;3;2
ORD_773;PROD_6;9;3
ORD_773;PROD_10;4;1
ORD_773;PROD_25;6;3
ORD_773;PROD_7;5;3
ORD_773;PROD_22;4;1
ORD_773;PROD_35;3;3
ORD_774;PROD_43;9;4
ORD_774;PROD_2;1;4
ORD_774;PROD_8;5;1
ORD_774;PROD_8;8;5
ORD_774;PROD_27;7;5
ORD_774;PROD_23;6;1
ORD_774;PROD_33;8;1
ORD_775;PROD_8;5;1
ORD_775;PROD_6;8;5
ORD_775;PROD_38;7;5
ORD_775;PROD_40;2;5
ORD_775;PROD_35;7;1
ORD_776;PROD_24;5;1
ORD_776;PROD_45;4;2
ORD_776;PROD_32;5;5
ORD_776;PROD_44;8;3
ORD_776;PROD_7;7;5
ORD_776;PROD_8;6;4
ORD_776;PROD_33;4;4
ORD_776;PROD_50;1;1
ORD_776;PROD_38;6;4
ORD_776;PROD_26;6;3
ORD_776;PROD_50;1;4
ORD_776;PROD_2;1;2
ORD_776;PROD_44;6;3
ORD_776;PROD_46;3;5
ORD_777;PROD_41;9;5
ORD_777;PROD_22;6;3
ORD_777;PROD_11;3;2
ORD_777;PROD_10;9;3
ORD_777;PROD_6;2;5
ORD_777;PROD_30;8;4
ORD_777;PROD_15;8;4
ORD_777;PROD_41;6;2
ORD_777;PROD_14;7;1
ORD_777;PROD_24;8;5
ORD_777;PROD_15;1;1
ORD_777;PROD_18;1;2
ORD_777;PROD_3;1;1
ORD_777;PROD_6;3;1
ORD_778;PROD_12;4;1
ORD_778;PROD_15;4;4
ORD_778;PROD_31;4;5
ORD_778;PROD_5;5;5
ORD_778;PROD_12;1;1
ORD_778;PROD_15;3;5
ORD_778;PROD_9;6;4
ORD_778;PROD_9;7;5
ORD_778;PROD_14;7;5
ORD_778;PROD_32;5;3
ORD_779;PROD_16;1;5
ORD_779;PROD_7;6;3
ORD_779;PROD_28;9;5
ORD_779;PROD_16;6;1
ORD_779;PROD_11;6;3
ORD_779;PROD_8;9;1
ORD_779;PROD_16;1;3
ORD_779;PROD_21;4;4
ORD_779;PROD_18;6;3
ORD_779;PROD_34;3;3
ORD_780;PROD_26;7;2
ORD_780;PROD_34;1;4
ORD_780;PROD_8;6;1
ORD_780;PROD_8;5;4
ORD_780;PROD_9;1;4
ORD_780;PROD_10;9;4
ORD_780;PROD_36;6;3
ORD_780;PROD_13;7;2
ORD_780;PROD_44;9;4
ORD_780;PROD_42;8;3
ORD_780;PROD_44;2;3
ORD_780;PROD_14;5;4
ORD_780;PROD_22;5;2
ORD_780;PROD_22;3;2
ORD_780;PROD_35;6;1
ORD_781;PROD_36;4;5
ORD_781;PROD_30;4;5
ORD_781;PROD_46;7;3
ORD_781;PROD_47;4;5
ORD_781;PROD_32;3;4
ORD_781;PROD_24;6;3
ORD_781;PROD_14;7;5
ORD_781;PROD_36;1;4
ORD_781;PROD_23;5;4
ORD_782;PROD_38;4;5
ORD_782;PROD_20;3;3
ORD_782;PROD_38;6;1
ORD_782;PROD_28;9;5
ORD_782;PROD_49;1;4
ORD_782;PROD_33;2;5
ORD_782;PROD_31;7;5
ORD_782;PROD_44;6;2
ORD_782;PROD_34;1;1
ORD_782;PROD_28;7;4
ORD_782;PROD_10;8;5
ORD_783;PROD_16;5;3
ORD_783;PROD_27;2;5
ORD_783;PROD_41;7;2
ORD_783;PROD_1;8;3
ORD_783;PROD_25;8;1
ORD_783;PROD_6;6;3
ORD_783;PROD_5;8;5
ORD_783;PROD_4;1;4
ORD_783;PROD_8;3;1
ORD_783;PROD_38;8;4
ORD_783;PROD_31;9;1
ORD_783;PROD_45;4;2
ORD_783;PROD_21;7;1
ORD_784;PROD_9;1;4
ORD_784;PROD_12;8;5
ORD_784;PROD_20;7;5
ORD_784;PROD_33;4;2
ORD_784;PROD_7;6;3
ORD_784;PROD_12;8;1
ORD_784;PROD_13;9;5
ORD_784;PROD_3;4;5
ORD_784;PROD_14;1;2
ORD_784;PROD_7;3;2
ORD_784;PROD_3;5;5
ORD_784;PROD_35;9;1
ORD_784;PROD_38;7;4
ORD_784;PROD_35;1;4
ORD_784;PROD_11;7;5
ORD_785;PROD_29;2;3
ORD_785;PROD_31;7;3
ORD_785;PROD_7;8;2
ORD_785;PROD_45;7;5
ORD_785;PROD_4;5;1
ORD_785;PROD_43;1;2
ORD_785;PROD_14;9;5
ORD_785;PROD_40;3;4
ORD_785;PROD_19;9;3
ORD_785;PROD_27;6;1
ORD_785;PROD_29;3;5
ORD_785;PROD_41;2;4
ORD_785;PROD_24;2;4
ORD_785;PROD_3;4;2
ORD_785;PROD_43;2;3
ORD_786;PROD_32;9;5
ORD_786;PROD_42;2;5
ORD_786;PROD_44;5;2
ORD_786;PROD_15;3;2
ORD_786;PROD_4;6;2
ORD_786;PROD_11;9;4
ORD_786;PROD_10;1;5
ORD_786;PROD_20;3;3
ORD_787;PROD_41;9;4
ORD_787;PROD_1;6;1
ORD_787;PROD_32;3;1
ORD_787;PROD_29;4;1
ORD_787;PROD_19;8;2
ORD_787;PROD_39;2;1
ORD_787;PROD_34;6;1
ORD_787;PROD_37;6;5
ORD_787;PROD_28;3;5
ORD_787;PROD_44;6;5
ORD_787;PROD_11;1;3
ORD_787;PROD_44;9;2
ORD_787;PROD_8;3;3
ORD_787;PROD_41;5;5
ORD_787;PROD_35;6;3
ORD_788;PROD_14;1;4
ORD_788;PROD_43;8;3
ORD_788;PROD_14;9;5
ORD_788;PROD_2;7;3
ORD_788;PROD_35;5;1
ORD_788;PROD_49;6;3
ORD_788;PROD_8;2;5
ORD_788;PROD_49;4;3
ORD_788;PROD_40;5;5
ORD_789;PROD_15;9;1
ORD_789;PROD_32;1;4
ORD_789;PROD_23;3;5
ORD_789;PROD_3;1;1
ORD_789;PROD_48;1;4
ORD_789;PROD_26;5;4
ORD_789;PROD_21;5;2
ORD_789;PROD_38;3;4
ORD_789;PROD_11;9;5
ORD_789;PROD_47;5;1
ORD_789;PROD_2;5;2
ORD_789;PROD_42;9;5
ORD_789;PROD_12;3;5
ORD_790;PROD_12;5;5
ORD_790;PROD_47;1;3
ORD_790;PROD_6;6;2
ORD_790;PROD_23;8;4
ORD_790;PROD_25;6;1
ORD_790;PROD_6;1;1
ORD_790;PROD_5;6;4
ORD_790;PROD_37;3;3
ORD_790;PROD_12;9;1
ORD_790;PROD_28;9;1
ORD_791;PROD_29;4;4
ORD_791;PROD_30;5;5
ORD_791;PROD_50;8;1
ORD_791;PROD_14;8;3
ORD_791;PROD_1;6;2
ORD_791;PROD_30;7;2
ORD_791;PROD_13;8;1
ORD_791;PROD_38;2;1
ORD_791;PROD_4;3;3
ORD_791;PROD_7;9;1
ORD_791;PROD_15;6;1
ORD_791;PROD_29;1;2
ORD_791;PROD_29;6;2
ORD_791;PROD_12;4;4
ORD_791;PROD_30;6;4
ORD_792;PROD_31;2;5
ORD_792;PROD_5;4;2
ORD_792;PROD_27;3;1
ORD_792;PROD_41;4;1
ORD_792;PROD_12;3;5
ORD_792;PROD_15;3;1
ORD_792;PROD_33;1;5
ORD_792;PROD_10;4;3
ORD_792;PROD_38;8;4
ORD_792;PROD_45;5;2
ORD_793;PROD_28;7;5
ORD_793;PROD_35;9;5
ORD_793;PROD_4;6;3
ORD_793;PROD_41;8;2
ORD_793;PROD_11;1;1
ORD_793;PROD_31;4;2
ORD_793;PROD_37;6;4
ORD_793;PROD_37;8;3
ORD_793;PROD_34;6;2
ORD_794;PROD_40;8;4
ORD_794;PROD_5;8;5
ORD_794;PROD_6;2;2
ORD_794;PROD_22;2;1
ORD_794;PROD_41;2;4
ORD_794;PROD_35;5;4
ORD_794;PROD_19;6;1
ORD_794;PROD_14;8;2
ORD_794;PROD_31;9;3
ORD_794;PROD_9;6;3
ORD_795;PROD_40;8;1
ORD_795;PROD_18;7;1
ORD_795;PROD_46;8;4
ORD_795;PROD_16;8;4
ORD_795;PROD_45;2;1
ORD_795;PROD_33;3;5
ORD_795;PROD_17;8;4
ORD_795;PROD_30;1;1
ORD_795;PROD_7;8;4
ORD_795;PROD_38;7;4
ORD_795;PROD_49;7;3
ORD_795;PROD_24;1;2
ORD_796;PROD_21;1;4
ORD_796;PROD_45;5;4
ORD_796;PROD_24;3;2
ORD_796;PROD_30;6;3
ORD_796;PROD_37;6;4
ORD_796;PROD_25;2;1
ORD_796;PROD_6;5;3
ORD_796;PROD_5;6;1
ORD_796;PROD_12;5;2
ORD_796;PROD_15;8;5
ORD_796;PROD_12;6;1
ORD_796;PROD_13;8;5
ORD_797;PROD_8;2;3
ORD_797;PROD_17;1;1
ORD_797;PROD_38;1;3
ORD_797;PROD_35;8;1
ORD_797;PROD_9;7;1
ORD_797;PROD_21;7;2
ORD_797;PROD_16;5;3
ORD_797;PROD_4;2;1
ORD_798;PROD_36;2;2
ORD_798;PROD_43;6;1
ORD_798;PROD_8;5;2
ORD_798;PROD_10;9;4
ORD_798;PROD_30;6;4
ORD_798;PROD_49;2;5
ORD_798;PROD_37;7;4
ORD_798;PROD_43;9;1
ORD_798;PROD_4;3;5
ORD_798;PROD_14;5;4
ORD_798;PROD_40;7;4
ORD_799;PROD_32;3;1
ORD_799;PROD_26;3;2
ORD_799;PROD_3;9;2
ORD_799;PROD_2;9;2
ORD_799;PROD_47;4;1
ORD_799;PROD_36;4;4
ORD_799;PROD_6;2;1
ORD_799;PROD_49;9;1
ORD_799;PROD_16;5;3
ORD_799;PROD_5;3;3
ORD_800;PROD_41;7;4
ORD_800;PROD_1;6;5
ORD_800;PROD_38;8;3
ORD_800;PROD_44;7;4
ORD_800;PROD_27;8;5
ORD_800;PROD_22;6;4
ORD_800;PROD_48;5;1
ORD_800;PROD_21;7;2
ORD_800;PROD_48;1;3
ORD_800;PROD_30;3;5
ORD_800;PROD_33;2;1
ORD_800;PROD_28;4;4
ORD_800;PROD_48;7;4
ORD_801;PROD_50;2;5
ORD_801;PROD_19;2;2
ORD_801;PROD_20;3;4
ORD_801;PROD_30;6;2
ORD_801;PROD_16;6;4
ORD_801;PROD_47;8;4
ORD_801;PROD_44;3;5
ORD_801;PROD_31;6;5
ORD_801;PROD_13;1;5
ORD_801;PROD_43;3;3
ORD_801;PROD_13;3;3
ORD_802;PROD_49;6;1
ORD_802;PROD_8;8;2
ORD_802;PROD_46;7;5
ORD_802;PROD_39;5;5
ORD_802;PROD_32;4;4
ORD_802;PROD_14;7;1
ORD_802;PROD_25;3;4
ORD_802;PROD_39;4;2
ORD_802;PROD_42;7;1
ORD_802;PROD_13;8;2
ORD_802;PROD_9;1;4
ORD_802;PROD_11;8;3
ORD_802;PROD_47;4;3
ORD_802;PROD_39;3;1
ORD_802;PROD_34;3;2
ORD_803;PROD_40;8;4
ORD_803;PROD_3;4;4
ORD_803;PROD_41;2;1
ORD_803;PROD_34;9;3
ORD_803;PROD_26;5;2
ORD_803;PROD_12;9;3
ORD_803;PROD_38;7;3
ORD_804;PROD_24;3;4
ORD_804;PROD_15;9;1
ORD_804;PROD_32;7;1
ORD_804;PROD_38;9;3
ORD_804;PROD_28;2;3
ORD_804;PROD_10;8;5
ORD_804;PROD_44;1;5
ORD_804;PROD_40;1;2
ORD_804;PROD_32;2;2
ORD_805;PROD_24;7;5
ORD_805;PROD_35;4;3
ORD_805;PROD_40;6;2
ORD_805;PROD_15;2;5
ORD_805;PROD_42;5;2
ORD_805;PROD_25;7;3
ORD_805;PROD_33;7;2
ORD_805;PROD_20;3;4
ORD_805;PROD_40;7;5
ORD_805;PROD_30;2;1
ORD_805;PROD_33;5;5
ORD_806;PROD_24;4;1
ORD_806;PROD_44;5;4
ORD_806;PROD_5;7;1
ORD_806;PROD_41;9;3
ORD_806;PROD_23;9;2
ORD_806;PROD_7;3;4
ORD_807;PROD_3;8;2
ORD_807;PROD_49;3;1
ORD_807;PROD_19;3;1
ORD_807;PROD_7;7;1
ORD_807;PROD_45;8;1
ORD_807;PROD_11;2;3
ORD_807;PROD_42;3;5
ORD_807;PROD_46;9;1
ORD_807;PROD_33;1;1
ORD_807;PROD_46;2;3
ORD_807;PROD_9;9;3
ORD_807;PROD_15;3;5
ORD_808;PROD_3;1;4
ORD_808;PROD_49;2;2
ORD_808;PROD_19;8;1
ORD_808;PROD_7;9;2
ORD_808;PROD_40;5;1
ORD_808;PROD_16;2;4
ORD_809;PROD_3;3;4
ORD_809;PROD_49;4;4
ORD_809;PROD_19;4;5
ORD_809;PROD_7;8;5
ORD_809;PROD_10;7;3
ORD_809;PROD_42;7;5
ORD_809;PROD_33;3;5
ORD_809;PROD_12;4;4
ORD_809;PROD_43;5;4
ORD_809;PROD_16;3;3
ORD_809;PROD_11;2;3
ORD_809;PROD_35;9;3
ORD_809;PROD_8;2;2
ORD_810;PROD_9;9;5
ORD_810;PROD_12;4;1
ORD_810;PROD_20;9;1
ORD_810;PROD_33;8;4
ORD_810;PROD_7;7;4
ORD_810;PROD_10;5;5
ORD_810;PROD_5;1;1
ORD_810;PROD_4;1;5
ORD_810;PROD_35;1;3
ORD_810;PROD_33;5;5
ORD_810;PROD_48;9;5
ORD_810;PROD_29;7;4
ORD_811;PROD_27;1;1
ORD_811;PROD_41;8;4
ORD_811;PROD_50;1;1
ORD_811;PROD_40;7;4
ORD_811;PROD_45;7;4
ORD_811;PROD_8;8;5
ORD_811;PROD_30;1;5
ORD_811;PROD_27;2;2
ORD_811;PROD_8;3;3
ORD_811;PROD_45;2;2
ORD_811;PROD_43;8;3
ORD_811;PROD_17;2;5
ORD_812;PROD_9;2;1
ORD_812;PROD_12;6;3
ORD_812;PROD_20;7;4
ORD_812;PROD_33;6;3
ORD_812;PROD_7;9;1
ORD_812;PROD_16;4;1
ORD_812;PROD_27;9;5
ORD_812;PROD_7;4;1
ORD_812;PROD_23;7;4
ORD_812;PROD_16;7;5
ORD_812;PROD_37;2;3
ORD_812;PROD_50;9;2
ORD_812;PROD_8;8;3
ORD_812;PROD_25;7;2
ORD_812;PROD_46;2;2
ORD_813;PROD_12;6;2
ORD_813;PROD_15;7;3
ORD_813;PROD_9;1;1
ORD_813;PROD_12;7;3
ORD_813;PROD_20;3;4
ORD_813;PROD_33;8;2
ORD_813;PROD_7;3;2
ORD_813;PROD_36;8;5
ORD_813;PROD_5;5;5
ORD_813;PROD_35;8;3
ORD_813;PROD_9;8;3
ORD_813;PROD_4;1;2
ORD_813;PROD_44;3;4
ORD_813;PROD_37;7;5
ORD_814;PROD_30;9;1
ORD_814;PROD_4;3;3
ORD_814;PROD_30;7;2
ORD_814;PROD_1;5;5
ORD_814;PROD_4;4;5
ORD_814;PROD_31;8;3
ORD_814;PROD_15;8;4
ORD_814;PROD_32;6;4
ORD_814;PROD_45;1;4
ORD_814;PROD_34;6;4
ORD_814;PROD_14;2;2
ORD_814;PROD_31;7;3
ORD_815;PROD_9;2;1
ORD_815;PROD_12;7;3
ORD_815;PROD_20;5;2
ORD_815;PROD_33;3;3
ORD_815;PROD_7;1;2
ORD_815;PROD_29;3;2
ORD_815;PROD_30;7;1
ORD_815;PROD_50;6;2
ORD_816;PROD_9;7;5
ORD_816;PROD_31;8;4
ORD_816;PROD_9;7;5
ORD_816;PROD_43;6;1
ORD_816;PROD_9;2;3
ORD_816;PROD_10;6;5
ORD_816;PROD_41;7;3
ORD_817;PROD_9;6;3
ORD_817;PROD_1;1;1
ORD_817;PROD_48;4;4
ORD_817;PROD_41;9;3
ORD_817;PROD_12;1;1
ORD_817;PROD_47;1;1
ORD_817;PROD_6;9;5
ORD_817;PROD_23;5;4
ORD_818;PROD_21;4;4
ORD_818;PROD_27;8;5
ORD_818;PROD_4;2;1
ORD_818;PROD_15;2;3
ORD_818;PROD_48;3;2
ORD_818;PROD_24;7;5
ORD_818;PROD_37;9;4
ORD_818;PROD_7;2;2
ORD_818;PROD_43;4;1
ORD_818;PROD_8;7;3
ORD_818;PROD_42;9;3
ORD_818;PROD_47;5;2
ORD_818;PROD_49;1;5
ORD_818;PROD_5;7;3
ORD_819;PROD_31;6;2
ORD_819;PROD_5;3;1
ORD_819;PROD_16;9;4
ORD_819;PROD_27;7;1
ORD_819;PROD_31;5;3
ORD_820;PROD_21;3;5
ORD_820;PROD_45;4;3
ORD_820;PROD_24;5;3
ORD_820;PROD_30;2;3
ORD_820;PROD_37;9;5
ORD_820;PROD_5;5;3
ORD_821;PROD_30;4;2
ORD_821;PROD_19;2;2
ORD_821;PROD_43;6;1
ORD_821;PROD_20;2;4
ORD_821;PROD_34;1;5
ORD_821;PROD_3;4;3
ORD_821;PROD_26;4;5
ORD_822;PROD_8;5;3
ORD_822;PROD_31;5;3
ORD_822;PROD_6;4;2
ORD_822;PROD_34;8;3
ORD_822;PROD_7;1;3
ORD_822;PROD_18;6;2
ORD_822;PROD_40;5;4
ORD_823;PROD_41;4;1
ORD_823;PROD_10;8;3
ORD_823;PROD_45;3;1
ORD_823;PROD_48;5;2
ORD_823;PROD_28;5;4
ORD_823;PROD_25;4;1
ORD_823;PROD_37;4;3
ORD_823;PROD_50;3;5
ORD_823;PROD_38;8;5
ORD_823;PROD_29;2;1
ORD_823;PROD_5;9;1
ORD_823;PROD_35;2;5
ORD_824;PROD_1;5;3
ORD_824;PROD_24;8;1
ORD_824;PROD_15;1;2
ORD_824;PROD_25;1;1
ORD_824;PROD_15;6;4
ORD_824;PROD_13;8;4
ORD_824;PROD_16;7;4
ORD_824;PROD_32;1;5
ORD_825;PROD_31;4;3
ORD_825;PROD_28;4;2
ORD_825;PROD_14;7;5
ORD_825;PROD_26;8;2
ORD_825;PROD_1;4;4
ORD_825;PROD_48;9;4
ORD_825;PROD_40;9;5
ORD_825;PROD_46;9;2
ORD_825;PROD_42;3;2
ORD_825;PROD_31;8;5
ORD_825;PROD_45;7;1
ORD_825;PROD_39;8;1
ORD_826;PROD_16;6;5
ORD_826;PROD_4;7;1
ORD_826;PROD_26;8;2
ORD_826;PROD_24;6;2
ORD_826;PROD_37;8;5
ORD_827;PROD_41;2;1
ORD_827;PROD_1;6;2
ORD_827;PROD_25;6;4
ORD_827;PROD_6;7;3
ORD_827;PROD_5;8;5
ORD_827;PROD_38;7;3
ORD_827;PROD_5;7;3
ORD_827;PROD_24;5;4
ORD_827;PROD_5;7;2
ORD_827;PROD_39;2;4
ORD_827;PROD_20;6;5
ORD_827;PROD_30;8;2
ORD_827;PROD_23;2;1
ORD_827;PROD_8;1;3
ORD_828;PROD_41;5;2
ORD_828;PROD_1;5;4
ORD_828;PROD_4;3;5
ORD_828;PROD_44;2;1
ORD_828;PROD_39;1;1
ORD_828;PROD_3;5;1
ORD_829;PROD_47;2;4
ORD_829;PROD_44;5;5
ORD_829;PROD_10;4;1
ORD_829;PROD_25;9;1
ORD_829;PROD_37;2;4
ORD_829;PROD_5;2;4
ORD_829;PROD_44;8;5
ORD_829;PROD_27;2;4
ORD_829;PROD_5;3;1
ORD_829;PROD_15;6;3
ORD_829;PROD_18;2;4
ORD_829;PROD_36;6;3
ORD_829;PROD_13;1;4
ORD_830;PROD_30;6;3
ORD_830;PROD_13;5;1
ORD_830;PROD_38;9;3
ORD_830;PROD_35;3;1
ORD_830;PROD_43;1;2
ORD_830;PROD_29;4;5
ORD_830;PROD_30;3;3
ORD_830;PROD_44;6;5
ORD_830;PROD_23;9;4
ORD_830;PROD_11;1;5
ORD_830;PROD_36;2;3
ORD_830;PROD_1;4;2
ORD_830;PROD_30;1;3
ORD_830;PROD_32;4;2
ORD_831;PROD_26;4;4
ORD_831;PROD_15;3;1
ORD_831;PROD_2;1;1
ORD_831;PROD_12;3;3
ORD_831;PROD_11;7;3
ORD_831;PROD_46;4;4
ORD_831;PROD_13;7;1
ORD_832;PROD_6;2;1
ORD_832;PROD_24;2;2
ORD_832;PROD_12;2;3
ORD_832;PROD_47;9;5
ORD_832;PROD_6;8;3
ORD_832;PROD_23;5;5
ORD_832;PROD_47;6;3
ORD_832;PROD_44;3;3
ORD_833;PROD_37;5;5
ORD_833;PROD_12;5;1
ORD_833;PROD_28;5;2
ORD_833;PROD_29;2;3
ORD_833;PROD_30;1;1
ORD_834;PROD_13;7;5
ORD_834;PROD_19;9;5
ORD_834;PROD_12;9;3
ORD_834;PROD_41;9;1
ORD_834;PROD_24;4;1
ORD_834;PROD_2;7;3
ORD_835;PROD_1;2;5
ORD_835;PROD_4;6;2
ORD_835;PROD_13;5;1
ORD_835;PROD_8;6;1
ORD_835;PROD_34;8;4
ORD_835;PROD_20;9;1
ORD_835;PROD_39;3;2
ORD_836;PROD_21;9;1
ORD_836;PROD_41;3;5
ORD_836;PROD_27;4;2
ORD_836;PROD_1;6;5
ORD_836;PROD_10;4;3
ORD_836;PROD_18;5;3
ORD_836;PROD_4;8;4
ORD_836;PROD_45;2;5
ORD_836;PROD_49;1;2
ORD_836;PROD_47;3;2
ORD_836;PROD_10;6;5
ORD_836;PROD_42;2;3
ORD_836;PROD_33;5;1
ORD_836;PROD_34;1;4
ORD_837;PROD_50;1;4
ORD_837;PROD_33;2;2
ORD_837;PROD_9;1;3
ORD_837;PROD_15;1;3
ORD_837;PROD_25;5;2
ORD_837;PROD_3;2;3
ORD_837;PROD_16;5;4
ORD_837;PROD_6;9;2
ORD_837;PROD_47;3;3
ORD_837;PROD_43;7;2
ORD_838;PROD_7;6;2
ORD_838;PROD_19;2;2
ORD_838;PROD_4;1;3
ORD_838;PROD_32;3;2
ORD_838;PROD_22;1;4
ORD_838;PROD_37;3;3
ORD_838;PROD_34;9;2
ORD_839;PROD_26;3;5
ORD_839;PROD_32;8;2
ORD_839;PROD_11;9;4
ORD_839;PROD_12;6;2
ORD_839;PROD_42;3;2
ORD_839;PROD_3;7;4
ORD_839;PROD_1;7;4
ORD_839;PROD_44;5;4
ORD_839;PROD_16;3;4
ORD_839;PROD_18;3;2
ORD_839;PROD_13;3;3
ORD_839;PROD_2;4;3
ORD_839;PROD_14;3;3
ORD_839;PROD_42;2;1
ORD_840;PROD_15;7;1
ORD_840;PROD_50;8;3
ORD_840;PROD_41;7;3
ORD_840;PROD_27;1;3
ORD_840;PROD_45;3;5
ORD_840;PROD_17;7;1
ORD_840;PROD_30;7;2
ORD_840;PROD_11;1;3
ORD_840;PROD_11;7;4
ORD_840;PROD_15;3;1
ORD_840;PROD_10;9;4
ORD_840;PROD_47;8;5
ORD_840;PROD_39;7;2
ORD_841;PROD_30;4;5
ORD_841;PROD_13;8;5
ORD_841;PROD_38;2;4
ORD_841;PROD_36;7;5
ORD_841;PROD_30;3;3
ORD_842;PROD_1;6;4
ORD_842;PROD_12;8;5
ORD_842;PROD_50;7;1
ORD_842;PROD_46;1;3
ORD_842;PROD_9;1;2
ORD_842;PROD_8;9;1
ORD_843;PROD_38;1;1
ORD_843;PROD_28;1;2
ORD_843;PROD_40;9;1
ORD_843;PROD_20;1;1
ORD_843;PROD_10;2;2
ORD_843;PROD_19;5;3
ORD_843;PROD_6;6;1
ORD_843;PROD_31;2;1
ORD_843;PROD_35;4;5
ORD_843;PROD_49;5;2
ORD_843;PROD_34;8;5
ORD_843;PROD_15;6;4
ORD_844;PROD_21;1;3
ORD_844;PROD_45;2;3
ORD_844;PROD_24;6;1
ORD_844;PROD_30;7;2
ORD_844;PROD_37;1;3
ORD_845;PROD_26;1;2
ORD_845;PROD_19;5;5
ORD_845;PROD_1;7;3
ORD_845;PROD_9;4;1
ORD_845;PROD_16;8;5
ORD_846;PROD_21;4;5
ORD_846;PROD_45;3;1
ORD_846;PROD_2;8;4
ORD_846;PROD_25;8;5
ORD_846;PROD_45;8;1
ORD_846;PROD_24;2;4
ORD_846;PROD_49;8;4
ORD_847;PROD_17;7;3
ORD_847;PROD_40;1;4
ORD_847;PROD_9;5;4
ORD_847;PROD_1;9;2
ORD_847;PROD_31;5;3
ORD_847;PROD_16;5;3
ORD_847;PROD_20;5;4
ORD_847;PROD_36;5;4
ORD_847;PROD_27;4;5
ORD_847;PROD_3;5;5
ORD_847;PROD_39;9;3
ORD_847;PROD_13;3;4
ORD_847;PROD_42;7;1
ORD_847;PROD_11;2;3
ORD_848;PROD_6;4;1
ORD_848;PROD_24;5;2
ORD_848;PROD_25;5;2
ORD_848;PROD_6;9;4
ORD_848;PROD_5;5;5
ORD_848;PROD_16;6;1
ORD_848;PROD_39;9;5
ORD_848;PROD_42;6;1
ORD_848;PROD_45;4;3
ORD_848;PROD_39;5;3
ORD_848;PROD_32;5;3
ORD_848;PROD_11;4;5
ORD_848;PROD_9;6;3
ORD_848;PROD_26;8;5
ORD_848;PROD_39;4;2
ORD_849;PROD_46;8;5
ORD_849;PROD_34;1;2
ORD_849;PROD_34;2;4
ORD_849;PROD_37;1;2
ORD_849;PROD_34;9;1
ORD_849;PROD_50;6;2
ORD_849;PROD_37;8;1
ORD_849;PROD_7;2;4
ORD_849;PROD_18;6;2
ORD_849;PROD_1;6;5
ORD_849;PROD_35;8;5
ORD_850;PROD_16;9;5
ORD_850;PROD_27;1;2
ORD_850;PROD_48;2;4
ORD_850;PROD_13;4;4
ORD_850;PROD_17;7;2
ORD_851;PROD_19;4;3
ORD_851;PROD_3;8;3
ORD_851;PROD_28;3;3
ORD_851;PROD_19;7;2
ORD_851;PROD_3;4;3
ORD_851;PROD_28;3;3
ORD_851;PROD_25;2;1
ORD_851;PROD_47;8;5
ORD_851;PROD_46;8;5
ORD_852;PROD_12;1;2
ORD_852;PROD_37;4;4
ORD_852;PROD_39;3;5
ORD_852;PROD_28;6;4
ORD_852;PROD_48;6;2
ORD_853;PROD_48;1;1
ORD_853;PROD_10;4;2
ORD_853;PROD_35;6;5
ORD_853;PROD_33;2;2
ORD_853;PROD_23;4;1
ORD_853;PROD_49;7;5
ORD_853;PROD_7;2;5
ORD_853;PROD_16;1;3
ORD_853;PROD_42;2;4
ORD_854;PROD_18;6;2
ORD_854;PROD_9;3;3
ORD_854;PROD_33;9;5
ORD_854;PROD_9;8;4
ORD_854;PROD_48;4;3
ORD_855;PROD_15;1;3
ORD_855;PROD_17;7;4
ORD_855;PROD_36;6;1
ORD_855;PROD_32;6;5
ORD_855;PROD_24;8;3
ORD_855;PROD_3;9;1
ORD_855;PROD_7;6;5
ORD_855;PROD_26;4;2
ORD_855;PROD_49;1;1
ORD_856;PROD_23;4;5
ORD_856;PROD_46;6;4
ORD_856;PROD_5;6;5
ORD_856;PROD_29;5;4
ORD_856;PROD_48;6;1
ORD_856;PROD_17;1;1
ORD_856;PROD_20;3;2
ORD_856;PROD_11;6;2
ORD_856;PROD_38;9;1
ORD_856;PROD_27;1;4
ORD_856;PROD_25;6;5
ORD_856;PROD_48;2;3
ORD_856;PROD_20;4;1
ORD_856;PROD_40;5;4
ORD_857;PROD_17;3;1
ORD_857;PROD_25;5;1
ORD_857;PROD_16;5;3
ORD_857;PROD_4;8;3
ORD_857;PROD_3;8;3
ORD_857;PROD_25;3;4
ORD_857;PROD_36;7;3
ORD_857;PROD_17;7;2
ORD_857;PROD_21;5;4
ORD_857;PROD_38;7;3
ORD_857;PROD_26;7;1
ORD_857;PROD_42;5;3
ORD_857;PROD_24;5;4
ORD_857;PROD_38;1;5
ORD_858;PROD_41;2;4
ORD_858;PROD_1;9;2
ORD_858;PROD_12;3;1
ORD_858;PROD_15;4;5
ORD_858;PROD_29;3;3
ORD_858;PROD_30;7;4
ORD_858;PROD_50;3;1
ORD_858;PROD_14;3;2
ORD_858;PROD_1;5;5
ORD_859;PROD_12;3;3
ORD_859;PROD_47;2;3
ORD_859;PROD_6;4;3
ORD_859;PROD_23;8;5
ORD_859;PROD_47;7;5
ORD_859;PROD_44;3;5
ORD_859;PROD_48;1;3
ORD_860;PROD_36;1;3
ORD_860;PROD_30;5;5
ORD_860;PROD_12;8;4
ORD_860;PROD_47;6;3
ORD_860;PROD_6;7;1
ORD_860;PROD_23;3;3
ORD_860;PROD_2;5;1
ORD_860;PROD_36;8;4
ORD_860;PROD_1;7;1
ORD_860;PROD_50;8;5
ORD_860;PROD_23;4;4
ORD_860;PROD_38;9;2
ORD_860;PROD_39;7;5
ORD_860;PROD_19;2;1
ORD_861;PROD_12;1;2
ORD_861;PROD_47;5;3
ORD_861;PROD_6;4;5
ORD_861;PROD_23;5;4
ORD_861;PROD_12;2;1
ORD_861;PROD_15;7;4
ORD_861;PROD_33;4;3
ORD_861;PROD_5;5;4
ORD_861;PROD_46;3;2
ORD_861;PROD_15;1;5
ORD_862;PROD_21;3;4
ORD_862;PROD_45;4;3
ORD_862;PROD_24;6;1
ORD_862;PROD_30;6;3
ORD_862;PROD_37;7;3
ORD_862;PROD_29;8;1
ORD_862;PROD_30;4;5
ORD_862;PROD_50;7;4
ORD_862;PROD_14;6;1
ORD_862;PROD_1;7;4
ORD_862;PROD_20;5;1
ORD_862;PROD_9;4;4
ORD_862;PROD_36;6;4
ORD_862;PROD_45;7;4
ORD_862;PROD_11;6;3
ORD_863;PROD_29;1;1
ORD_863;PROD_30;2;3
ORD_863;PROD_50;8;3
ORD_863;PROD_14;6;4
ORD_863;PROD_1;3;3
ORD_863;PROD_3;6;5
ORD_864;PROD_41;7;3
ORD_864;PROD_1;3;4
ORD_864;PROD_32;9;5
ORD_864;PROD_50;6;3
ORD_864;PROD_18;7;2
ORD_864;PROD_22;8;5
ORD_864;PROD_31;8;5
ORD_864;PROD_50;7;3
ORD_865;PROD_27;5;3
ORD_865;PROD_41;3;3
ORD_865;PROD_21;7;5
ORD_865;PROD_45;8;1
ORD_865;PROD_24;4;2
ORD_865;PROD_30;2;4
ORD_865;PROD_37;3;2
ORD_865;PROD_3;7;2
ORD_865;PROD_39;7;3
ORD_865;PROD_49;5;1
ORD_866;PROD_30;4;3
ORD_866;PROD_13;3;3
ORD_866;PROD_38;5;2
ORD_866;PROD_12;9;4
ORD_866;PROD_37;8;4
ORD_866;PROD_41;6;2
ORD_866;PROD_41;1;4
ORD_866;PROD_42;3;4
ORD_866;PROD_34;7;2
ORD_866;PROD_26;3;5
ORD_866;PROD_10;8;3
ORD_866;PROD_13;8;5
ORD_867;PROD_36;2;3
ORD_867;PROD_30;3;2
ORD_867;PROD_16;7;5
ORD_867;PROD_27;6;3
ORD_867;PROD_31;6;3
ORD_867;PROD_5;1;1
ORD_867;PROD_15;1;5
ORD_867;PROD_45;2;2
ORD_867;PROD_33;9;1
ORD_867;PROD_50;4;3
ORD_867;PROD_28;8;1
ORD_867;PROD_32;5;5
ORD_867;PROD_11;5;3
ORD_868;PROD_15;8;3
ORD_868;PROD_1;8;3
ORD_868;PROD_50;3;3
ORD_868;PROD_28;6;1
ORD_868;PROD_21;6;2
ORD_868;PROD_35;9;2
ORD_868;PROD_9;5;2
ORD_868;PROD_26;5;3
ORD_868;PROD_21;4;3
ORD_868;PROD_35;8;3
ORD_868;PROD_36;4;2
ORD_868;PROD_20;7;1
ORD_868;PROD_2;9;2
ORD_868;PROD_29;9;1
ORD_868;PROD_2;5;5
ORD_869;PROD_10;6;3
ORD_869;PROD_5;4;5
ORD_869;PROD_4;5;2
ORD_869;PROD_35;9;4
ORD_869;PROD_21;1;5
ORD_869;PROD_45;6;1
ORD_869;PROD_24;4;3
ORD_869;PROD_30;2;1
ORD_869;PROD_37;9;1
ORD_869;PROD_6;1;1
ORD_869;PROD_24;9;4
ORD_869;PROD_44;7;3
ORD_869;PROD_19;5;1
ORD_870;PROD_48;3;2
ORD_870;PROD_38;3;1
ORD_870;PROD_15;7;5
ORD_870;PROD_49;1;4
ORD_870;PROD_17;3;2
ORD_870;PROD_19;4;5
ORD_870;PROD_5;4;2
ORD_870;PROD_8;9;5
ORD_870;PROD_9;5;2
ORD_870;PROD_20;7;2
ORD_870;PROD_12;1;1
ORD_870;PROD_18;1;5
ORD_870;PROD_4;6;3
ORD_871;PROD_23;8;4
ORD_871;PROD_34;8;3
ORD_871;PROD_49;1;5
ORD_871;PROD_3;6;5
ORD_871;PROD_26;1;1
ORD_871;PROD_31;1;5
ORD_871;PROD_35;2;4
ORD_871;PROD_17;3;2
ORD_871;PROD_49;2;5
ORD_871;PROD_48;5;1
ORD_872;PROD_10;5;2
ORD_872;PROD_5;6;2
ORD_872;PROD_4;1;1
ORD_872;PROD_35;1;2
ORD_872;PROD_36;6;5
ORD_873;PROD_9;5;4
ORD_873;PROD_1;5;3
ORD_873;PROD_48;2;1
ORD_873;PROD_41;8;4
ORD_873;PROD_31;8;5
ORD_873;PROD_5;1;5
ORD_873;PROD_6;9;1
ORD_873;PROD_24;7;3
ORD_873;PROD_22;5;5
ORD_873;PROD_25;4;5
ORD_873;PROD_46;4;4
ORD_873;PROD_2;4;5
ORD_874;PROD_21;5;3
ORD_874;PROD_36;8;4
ORD_874;PROD_26;5;4
ORD_874;PROD_9;3;4
ORD_874;PROD_2;6;2
ORD_874;PROD_44;8;2
ORD_875;PROD_41;6;5
ORD_875;PROD_28;4;5
ORD_875;PROD_41;3;3
ORD_875;PROD_33;9;3
ORD_875;PROD_49;4;1
ORD_875;PROD_46;3;1
ORD_875;PROD_1;9;1
ORD_875;PROD_19;1;2
ORD_875;PROD_38;3;3
ORD_875;PROD_34;5;5
ORD_875;PROD_41;2;1
ORD_875;PROD_21;4;1
ORD_875;PROD_48;9;4
ORD_875;PROD_26;8;1
ORD_875;PROD_35;9;3
ORD_876;PROD_31;7;1
ORD_876;PROD_5;5;4
ORD_876;PROD_1;6;5
ORD_876;PROD_24;3;1
ORD_876;PROD_13;7;1
ORD_876;PROD_29;1;3
ORD_876;PROD_33;5;4
ORD_876;PROD_17;9;1
ORD_876;PROD_33;9;5
ORD_876;PROD_7;2;2
ORD_877;PROD_37;2;4
ORD_877;PROD_30;1;4
ORD_877;PROD_1;7;4
ORD_877;PROD_44;2;3
ORD_877;PROD_25;4;3
ORD_877;PROD_17;4;3
ORD_877;PROD_7;4;3
ORD_878;PROD_19;1;1
ORD_878;PROD_17;2;3
ORD_878;PROD_31;5;3
ORD_878;PROD_28;8;2
ORD_878;PROD_44;7;1
ORD_878;PROD_35;1;4
ORD_878;PROD_39;9;4
ORD_879;PROD_23;5;1
ORD_879;PROD_37;1;1
ORD_879;PROD_27;2;5
ORD_879;PROD_33;3;1
ORD_879;PROD_9;6;4
ORD_879;PROD_25;8;2
ORD_879;PROD_15;6;4
ORD_879;PROD_27;3;5
ORD_880;PROD_9;8;4
ORD_880;PROD_1;5;2
ORD_880;PROD_48;8;2
ORD_880;PROD_41;1;4
ORD_880;PROD_34;6;3
ORD_880;PROD_12;4;5
ORD_880;PROD_30;7;1
ORD_880;PROD_34;6;5
ORD_880;PROD_9;5;1
ORD_880;PROD_42;6;5
ORD_881;PROD_42;5;1
ORD_881;PROD_35;7;4
ORD_881;PROD_18;4;4
ORD_881;PROD_22;3;1
ORD_881;PROD_44;9;5
ORD_881;PROD_40;5;1
ORD_881;PROD_33;4;3
ORD_881;PROD_40;7;3
ORD_881;PROD_16;5;5
ORD_882;PROD_32;5;1
ORD_882;PROD_30;8;3
ORD_882;PROD_31;7;3
ORD_882;PROD_18;2;3
ORD_882;PROD_16;7;2
ORD_882;PROD_4;8;4
ORD_882;PROD_10;4;3
ORD_883;PROD_31;7;1
ORD_883;PROD_50;9;3
ORD_883;PROD_34;6;1
ORD_883;PROD_48;3;4
ORD_883;PROD_24;7;2
ORD_883;PROD_11;8;2
ORD_883;PROD_48;4;4
ORD_883;PROD_49;5;2
ORD_883;PROD_32;6;3
ORD_883;PROD_32;8;5
ORD_883;PROD_11;1;5
ORD_883;PROD_18;1;2
ORD_883;PROD_24;4;2
ORD_883;PROD_10;9;5
ORD_884;PROD_15;8;4
ORD_884;PROD_29;8;2
ORD_884;PROD_11;4;3
ORD_884;PROD_5;3;5
ORD_884;PROD_26;8;2
ORD_884;PROD_45;9;5
ORD_884;PROD_46;9;4
ORD_885;PROD_44;2;4
ORD_885;PROD_33;2;4
ORD_885;PROD_36;1;3
ORD_885;PROD_30;1;2
ORD_885;PROD_36;5;5
ORD_885;PROD_19;2;5
ORD_885;PROD_36;8;1
ORD_885;PROD_6;4;4
ORD_885;PROD_45;8;2
ORD_886;PROD_1;8;4
ORD_886;PROD_40;9;2
ORD_886;PROD_44;8;5
ORD_886;PROD_35;1;2
ORD_886;PROD_21;9;3
ORD_886;PROD_30;7;2
ORD_886;PROD_5;1;2
ORD_886;PROD_25;2;1
ORD_886;PROD_35;2;2
ORD_886;PROD_11;9;5
ORD_886;PROD_38;3;3
ORD_886;PROD_7;1;3
ORD_886;PROD_18;3;3
ORD_887;PROD_36;8;5
ORD_887;PROD_3;3;3
ORD_887;PROD_9;9;2
ORD_887;PROD_40;5;5
ORD_887;PROD_26;4;5
ORD_887;PROD_41;7;3
ORD_888;PROD_9;5;5
ORD_888;PROD_1;7;4
ORD_888;PROD_48;6;3
ORD_888;PROD_41;3;3
ORD_888;PROD_3;1;2
ORD_888;PROD_49;8;2
ORD_888;PROD_19;3;4
ORD_888;PROD_7;2;4
ORD_888;PROD_31;3;1
ORD_888;PROD_5;2;3
ORD_888;PROD_28;3;4
ORD_888;PROD_2;6;2
ORD_888;PROD_32;4;3
ORD_888;PROD_48;6;2
ORD_889;PROD_9;8;5
ORD_889;PROD_1;1;4
ORD_889;PROD_48;7;1
ORD_889;PROD_41;6;1
ORD_889;PROD_12;2;4
ORD_889;PROD_15;6;3
ORD_889;PROD_28;3;5
ORD_889;PROD_19;3;1
ORD_889;PROD_25;3;1
ORD_889;PROD_39;5;5
ORD_889;PROD_36;3;1
ORD_889;PROD_42;7;4
ORD_889;PROD_8;6;5
ORD_890;PROD_30;1;4
ORD_890;PROD_13;5;4
ORD_890;PROD_38;6;1
ORD_890;PROD_29;5;1
ORD_890;PROD_36;5;2
ORD_890;PROD_22;6;2
ORD_890;PROD_5;2;2
ORD_890;PROD_39;6;3
ORD_891;PROD_10;5;3
ORD_891;PROD_5;2;2
ORD_891;PROD_4;1;5
ORD_891;PROD_35;7;3
ORD_891;PROD_36;8;1
ORD_891;PROD_9;6;5
ORD_891;PROD_34;2;2
ORD_891;PROD_22;4;5
ORD_891;PROD_9;1;4
ORD_891;PROD_42;7;5
ORD_892;PROD_30;4;1
ORD_892;PROD_13;2;2
ORD_892;PROD_38;2;3
ORD_892;PROD_46;3;4
ORD_892;PROD_48;1;1
ORD_892;PROD_41;4;2
ORD_892;PROD_16;8;3
ORD_892;PROD_19;6;2
ORD_892;PROD_4;6;4
ORD_892;PROD_6;3;1
ORD_892;PROD_43;9;1
ORD_892;PROD_5;6;1
ORD_892;PROD_41;1;5
ORD_892;PROD_31;4;4
ORD_892;PROD_19;1;1
ORD_893;PROD_33;2;1
ORD_893;PROD_5;1;4
ORD_893;PROD_46;6;2
ORD_893;PROD_9;8;1
ORD_893;PROD_1;6;1
ORD_893;PROD_48;3;4
ORD_893;PROD_41;6;2
ORD_893;PROD_9;2;4
ORD_893;PROD_1;6;1
ORD_893;PROD_48;8;3
ORD_893;PROD_41;6;4
ORD_893;PROD_1;9;4
ORD_893;PROD_47;6;4
ORD_893;PROD_13;1;3
ORD_894;PROD_47;3;3
ORD_894;PROD_44;4;2
ORD_894;PROD_29;2;3
ORD_894;PROD_30;9;5
ORD_894;PROD_50;2;3
ORD_894;PROD_14;9;3
ORD_894;PROD_1;8;5
ORD_895;PROD_21;6;2
ORD_895;PROD_45;9;3
ORD_895;PROD_24;7;5
ORD_895;PROD_30;2;2
ORD_895;PROD_37;3;4
ORD_895;PROD_6;3;1
ORD_895;PROD_24;4;2
ORD_895;PROD_33;5;2
ORD_895;PROD_37;4;2
ORD_895;PROD_24;5;3
ORD_895;PROD_39;4;2
ORD_896;PROD_48;3;4
ORD_896;PROD_43;4;5
ORD_896;PROD_37;3;2
ORD_896;PROD_12;7;3
ORD_896;PROD_46;6;3
ORD_896;PROD_44;9;5
ORD_896;PROD_21;8;1
ORD_896;PROD_2;7;5
ORD_896;PROD_48;3;4
ORD_896;PROD_14;6;1
ORD_896;PROD_48;6;5
ORD_896;PROD_43;3;1
ORD_897;PROD_34;9;2
ORD_897;PROD_49;5;5
ORD_897;PROD_36;5;2
ORD_897;PROD_12;1;3
ORD_897;PROD_3;8;1
ORD_897;PROD_16;9;2
ORD_897;PROD_30;4;5
ORD_897;PROD_23;1;4
ORD_897;PROD_25;4;2
ORD_897;PROD_26;8;1
ORD_897;PROD_22;5;2
ORD_897;PROD_9;6;5
ORD_897;PROD_47;1;3
ORD_898;PROD_44;2;4
ORD_898;PROD_33;1;2
ORD_898;PROD_9;9;4
ORD_898;PROD_12;5;5
ORD_898;PROD_20;3;3
ORD_898;PROD_33;5;3
ORD_898;PROD_7;1;5
ORD_898;PROD_2;8;2
ORD_899;PROD_23;7;1
ORD_899;PROD_31;7;3
ORD_899;PROD_35;8;4
ORD_899;PROD_47;8;2
ORD_899;PROD_48;7;2
ORD_899;PROD_50;8;4
ORD_899;PROD_34;4;2
ORD_899;PROD_26;9;5
ORD_899;PROD_1;3;1
ORD_899;PROD_33;2;5
ORD_899;PROD_16;1;3
ORD_899;PROD_20;8;2
ORD_899;PROD_3;5;4
ORD_899;PROD_26;3;3
ORD_899;PROD_12;1;4
ORD_900;PROD_29;7;3
ORD_900;PROD_21;4;5
ORD_900;PROD_10;7;3
ORD_900;PROD_22;1;4
ORD_900;PROD_8;1;2
ORD_901;PROD_45;3;3
ORD_901;PROD_46;8;4
ORD_901;PROD_26;8;5
ORD_901;PROD_39;3;1
ORD_901;PROD_22;3;5
ORD_901;PROD_31;1;1
ORD_902;PROD_22;6;3
ORD_902;PROD_9;2;2
ORD_902;PROD_21;2;2
ORD_902;PROD_23;4;5
ORD_902;PROD_23;3;2
ORD_902;PROD_13;2;4
ORD_902;PROD_36;3;5
ORD_902;PROD_13;5;1
ORD_902;PROD_3;3;5
ORD_902;PROD_8;5;4
ORD_902;PROD_1;8;3
ORD_903;PROD_47;5;4
ORD_903;PROD_4;2;2
ORD_903;PROD_35;9;2
ORD_903;PROD_1;3;3
ORD_903;PROD_8;6;2
ORD_904;PROD_47;6;1
ORD_904;PROD_44;8;1
ORD_904;PROD_47;6;4
ORD_904;PROD_44;3;1
ORD_904;PROD_12;7;2
ORD_904;PROD_47;3;3
ORD_904;PROD_6;8;3
ORD_904;PROD_23;6;2
ORD_904;PROD_20;7;2
ORD_904;PROD_16;6;2
ORD_904;PROD_28;3;5
ORD_904;PROD_40;5;3
ORD_904;PROD_16;9;2
ORD_904;PROD_27;6;3
ORD_905;PROD_8;6;2
ORD_905;PROD_9;4;5
ORD_905;PROD_31;9;4
ORD_905;PROD_47;9;4
ORD_905;PROD_1;6;1
ORD_905;PROD_40;5;3
ORD_905;PROD_23;2;5
ORD_905;PROD_27;1;1
ORD_905;PROD_27;3;4
ORD_906;PROD_12;9;2
ORD_906;PROD_15;7;2
ORD_906;PROD_6;6;3
ORD_906;PROD_24;2;5
ORD_906;PROD_49;5;1
ORD_906;PROD_24;8;2
ORD_906;PROD_40;4;1
ORD_907;PROD_10;7;1
ORD_907;PROD_5;6;3
ORD_907;PROD_4;6;2
ORD_907;PROD_35;9;4
ORD_907;PROD_6;4;1
ORD_907;PROD_24;8;3
ORD_907;PROD_9;3;3
ORD_907;PROD_43;7;3
ORD_907;PROD_16;9;4
ORD_907;PROD_21;2;3
ORD_907;PROD_11;5;4
ORD_907;PROD_33;9;3
ORD_908;PROD_37;8;1
ORD_908;PROD_23;2;4
ORD_908;PROD_22;1;4
ORD_908;PROD_37;1;4
ORD_908;PROD_14;7;5
ORD_908;PROD_50;9;4
ORD_908;PROD_5;3;3
ORD_908;PROD_16;6;4
ORD_908;PROD_30;3;4
ORD_908;PROD_17;2;5
ORD_908;PROD_45;5;2
ORD_908;PROD_50;2;2
ORD_909;PROD_17;9;4
ORD_909;PROD_37;6;5
ORD_909;PROD_39;5;3
ORD_909;PROD_36;4;2
ORD_909;PROD_7;5;4
ORD_909;PROD_28;8;5
ORD_909;PROD_15;4;2
ORD_909;PROD_3;4;5
ORD_909;PROD_35;1;4
ORD_909;PROD_35;3;2
ORD_909;PROD_47;3;3
ORD_909;PROD_38;1;4
ORD_909;PROD_48;8;2
ORD_910;PROD_29;4;1
ORD_910;PROD_30;3;3
ORD_910;PROD_50;7;2
ORD_910;PROD_14;4;4
ORD_910;PROD_1;3;2
ORD_910;PROD_10;1;1
ORD_911;PROD_29;4;3
ORD_911;PROD_30;6;4
ORD_911;PROD_50;5;5
ORD_911;PROD_14;3;1
ORD_911;PROD_1;2;3
ORD_911;PROD_33;3;5
ORD_911;PROD_5;1;5
ORD_911;PROD_46;3;5
ORD_911;PROD_6;3;3
ORD_912;PROD_41;5;3
ORD_912;PROD_1;8;2
ORD_912;PROD_12;5;5
ORD_912;PROD_47;1;2
ORD_912;PROD_6;2;2
ORD_912;PROD_23;7;3
ORD_912;PROD_6;3;5
ORD_912;PROD_7;5;2
ORD_912;PROD_33;9;5
ORD_912;PROD_6;2;3
ORD_912;PROD_3;8;1
ORD_912;PROD_28;1;4
ORD_912;PROD_35;2;2
ORD_912;PROD_32;2;4
ORD_913;PROD_6;2;5
ORD_913;PROD_29;6;5
ORD_913;PROD_50;3;2
ORD_913;PROD_24;4;5
ORD_913;PROD_38;3;2
ORD_913;PROD_35;5;3
ORD_913;PROD_29;5;5
ORD_913;PROD_35;1;5
ORD_913;PROD_11;1;1
ORD_913;PROD_22;7;2
ORD_913;PROD_5;8;2
ORD_913;PROD_5;4;5
ORD_913;PROD_18;7;3
ORD_913;PROD_40;4;1
ORD_914;PROD_10;8;3
ORD_914;PROD_5;5;2
ORD_914;PROD_4;6;5
ORD_914;PROD_35;1;2
ORD_914;PROD_44;9;2
ORD_914;PROD_33;3;1
ORD_914;PROD_45;6;2
ORD_914;PROD_10;4;1
ORD_914;PROD_49;5;2
ORD_914;PROD_27;3;2
ORD_914;PROD_11;8;1
ORD_914;PROD_45;2;2
ORD_915;PROD_15;4;4
ORD_915;PROD_20;3;3
ORD_915;PROD_29;1;1
ORD_915;PROD_29;8;1
ORD_915;PROD_41;1;4
ORD_915;PROD_34;3;5
ORD_915;PROD_49;6;3
ORD_915;PROD_9;1;2
ORD_916;PROD_36;4;5
ORD_916;PROD_30;2;2
ORD_916;PROD_45;6;4
ORD_916;PROD_8;5;2
ORD_916;PROD_39;2;3
ORD_916;PROD_12;5;2
ORD_916;PROD_11;2;2
ORD_916;PROD_18;6;4
ORD_917;PROD_5;7;3
ORD_917;PROD_21;3;2
ORD_917;PROD_43;8;3
ORD_917;PROD_22;9;3
ORD_917;PROD_7;3;3
ORD_917;PROD_25;3;4
ORD_917;PROD_16;8;1
ORD_917;PROD_31;8;2
ORD_917;PROD_46;3;5
ORD_917;PROD_10;7;4
ORD_917;PROD_13;2;5
ORD_918;PROD_34;5;4
ORD_918;PROD_50;4;5
ORD_918;PROD_27;2;2
ORD_918;PROD_47;3;3
ORD_918;PROD_28;5;1
ORD_918;PROD_3;9;5
ORD_918;PROD_8;7;5
ORD_918;PROD_12;5;3
ORD_918;PROD_13;2;5
ORD_918;PROD_7;5;4
ORD_918;PROD_49;2;3
ORD_918;PROD_16;8;2
ORD_918;PROD_21;1;1
ORD_919;PROD_27;3;2
ORD_919;PROD_41;9;1
ORD_919;PROD_9;4;1
ORD_919;PROD_12;4;1
ORD_919;PROD_20;7;1
ORD_919;PROD_33;8;5
ORD_919;PROD_7;8;4
ORD_919;PROD_44;6;4
ORD_920;PROD_23;5;5
ORD_920;PROD_32;7;4
ORD_920;PROD_1;7;2
ORD_920;PROD_30;7;3
ORD_920;PROD_50;3;5
ORD_920;PROD_11;5;4
ORD_920;PROD_45;7;3
ORD_920;PROD_24;3;2
ORD_920;PROD_47;6;5
ORD_921;PROD_36;4;2
ORD_921;PROD_30;9;4
ORD_921;PROD_8;9;1
ORD_921;PROD_15;4;1
ORD_921;PROD_9;6;4
ORD_922;PROD_6;8;2
ORD_922;PROD_24;5;1
ORD_922;PROD_19;4;3
ORD_922;PROD_3;3;5
ORD_922;PROD_28;3;4
ORD_922;PROD_16;3;5
ORD_922;PROD_27;1;3
ORD_922;PROD_27;7;2
ORD_922;PROD_40;4;1
ORD_922;PROD_16;4;3
ORD_922;PROD_44;5;5
ORD_923;PROD_9;9;5
ORD_923;PROD_45;5;1
ORD_923;PROD_36;6;3
ORD_923;PROD_23;3;2
ORD_923;PROD_31;4;4
ORD_923;PROD_33;1;3
ORD_923;PROD_4;7;4
ORD_923;PROD_13;3;5
ORD_923;PROD_20;1;1
ORD_923;PROD_8;8;3
ORD_923;PROD_25;4;4
ORD_923;PROD_44;1;4
ORD_923;PROD_48;8;4
ORD_923;PROD_38;5;2
ORD_924;PROD_33;1;3
ORD_924;PROD_10;6;3
ORD_924;PROD_14;6;4
ORD_924;PROD_30;3;1
ORD_924;PROD_6;7;1
ORD_924;PROD_42;1;3
ORD_924;PROD_25;3;5
ORD_924;PROD_30;9;2
ORD_925;PROD_21;6;2
ORD_925;PROD_40;8;5
ORD_925;PROD_37;3;4
ORD_925;PROD_33;9;4
ORD_925;PROD_40;9;5
ORD_925;PROD_24;9;1
ORD_925;PROD_43;7;2
ORD_926;PROD_10;1;5
ORD_926;PROD_24;1;2
ORD_926;PROD_1;8;5
ORD_926;PROD_41;3;1
ORD_926;PROD_26;1;1
ORD_926;PROD_19;2;3
ORD_926;PROD_17;4;3
ORD_926;PROD_6;5;4
ORD_926;PROD_37;7;5
ORD_926;PROD_27;1;3
ORD_927;PROD_34;8;2
ORD_927;PROD_29;5;2
ORD_927;PROD_31;6;4
ORD_927;PROD_13;7;1
ORD_927;PROD_25;5;3
ORD_927;PROD_35;7;5
ORD_927;PROD_17;8;1
ORD_927;PROD_6;2;3
ORD_927;PROD_33;9;3
ORD_927;PROD_3;7;1
ORD_927;PROD_5;2;5
ORD_927;PROD_18;4;5
ORD_927;PROD_14;1;4
ORD_927;PROD_36;7;4
ORD_928;PROD_31;7;2
ORD_928;PROD_5;5;2
ORD_928;PROD_16;7;1
ORD_928;PROD_39;6;3
ORD_928;PROD_38;3;3
ORD_928;PROD_46;6;3
ORD_928;PROD_47;2;4
ORD_928;PROD_48;6;1
ORD_928;PROD_21;3;5
ORD_928;PROD_35;4;2
ORD_929;PROD_9;5;4
ORD_929;PROD_1;7;4
ORD_929;PROD_48;7;1
ORD_929;PROD_41;2;1
ORD_929;PROD_13;8;1
ORD_929;PROD_17;3;1
ORD_929;PROD_1;1;2
ORD_929;PROD_27;3;1
ORD_929;PROD_21;7;2
ORD_929;PROD_28;7;4
ORD_929;PROD_7;1;3
ORD_929;PROD_50;5;5
ORD_930;PROD_6;1;3
ORD_930;PROD_23;9;2
ORD_930;PROD_29;3;3
ORD_930;PROD_37;1;2
ORD_930;PROD_20;7;2
ORD_930;PROD_48;9;3
ORD_930;PROD_15;9;2
ORD_930;PROD_49;4;2
ORD_930;PROD_5;6;3
ORD_930;PROD_46;8;5
ORD_930;PROD_24;3;4
ORD_930;PROD_48;3;2
ORD_931;PROD_33;7;3
ORD_931;PROD_5;6;3
ORD_931;PROD_46;7;4
ORD_931;PROD_19;4;3
ORD_931;PROD_30;1;3
ORD_931;PROD_43;7;3
ORD_931;PROD_2;6;3
ORD_931;PROD_20;9;5
ORD_932;PROD_27;7;4
ORD_932;PROD_25;8;3
ORD_932;PROD_1;7;2
ORD_932;PROD_9;2;3
ORD_932;PROD_8;6;4
ORD_933;PROD_24;4;1
ORD_933;PROD_21;2;2
ORD_933;PROD_22;3;2
ORD_933;PROD_13;6;1
ORD_933;PROD_45;1;4
ORD_933;PROD_4;5;2
ORD_933;PROD_5;1;4
ORD_933;PROD_30;8;2
ORD_933;PROD_14;1;1
ORD_933;PROD_43;8;3
ORD_934;PROD_21;4;2
ORD_934;PROD_45;9;2
ORD_934;PROD_24;4;3
ORD_934;PROD_30;4;1
ORD_934;PROD_37;5;3
ORD_934;PROD_49;5;1
ORD_934;PROD_11;6;1
ORD_934;PROD_46;7;5
ORD_934;PROD_20;2;5
ORD_934;PROD_7;6;4
ORD_934;PROD_41;4;5
ORD_934;PROD_3;4;2
ORD_934;PROD_27;3;1
ORD_935;PROD_43;6;4
ORD_935;PROD_45;9;4
ORD_935;PROD_50;5;4
ORD_935;PROD_45;8;4
ORD_935;PROD_47;5;2
ORD_935;PROD_12;5;2
ORD_935;PROD_1;8;4
ORD_935;PROD_28;8;2
ORD_936;PROD_12;3;4
ORD_936;PROD_17;7;1
ORD_936;PROD_8;8;2
ORD_936;PROD_10;4;2
ORD_936;PROD_1;7;2
ORD_936;PROD_14;5;5
ORD_936;PROD_42;1;4
ORD_936;PROD_29;1;2
ORD_936;PROD_13;1;1
ORD_936;PROD_2;8;4
ORD_937;PROD_10;6;2
ORD_937;PROD_5;7;3
ORD_937;PROD_4;2;5
ORD_937;PROD_35;9;4
ORD_937;PROD_46;7;5
ORD_937;PROD_17;4;1
ORD_937;PROD_3;9;4
ORD_937;PROD_23;5;5
ORD_937;PROD_45;8;2
ORD_937;PROD_2;2;3
ORD_937;PROD_13;3;5
ORD_937;PROD_24;4;2
ORD_937;PROD_42;7;1
ORD_937;PROD_5;8;4
ORD_937;PROD_12;7;5
ORD_938;PROD_30;9;4
ORD_938;PROD_13;9;3
ORD_938;PROD_38;8;2
ORD_938;PROD_29;6;4
ORD_938;PROD_30;9;4
ORD_938;PROD_50;4;1
ORD_938;PROD_14;5;5
ORD_938;PROD_1;6;4
ORD_938;PROD_27;3;3
ORD_939;PROD_6;2;1
ORD_939;PROD_24;1;3
ORD_939;PROD_9;7;1
ORD_939;PROD_39;3;1
ORD_939;PROD_29;7;1
ORD_939;PROD_50;7;2
ORD_939;PROD_30;4;4
ORD_939;PROD_46;7;2
ORD_939;PROD_25;5;4
ORD_939;PROD_16;1;5
ORD_939;PROD_3;1;3
ORD_940;PROD_25;5;3
ORD_940;PROD_32;5;1
ORD_940;PROD_22;6;5
ORD_940;PROD_36;3;5
ORD_940;PROD_11;1;3
ORD_940;PROD_32;8;2
ORD_940;PROD_5;1;5
ORD_940;PROD_14;6;3
ORD_940;PROD_4;4;3
ORD_940;PROD_28;8;5
ORD_940;PROD_23;8;5
ORD_940;PROD_14;8;2
ORD_941;PROD_25;4;5
ORD_941;PROD_6;5;2
ORD_941;PROD_5;1;3
ORD_941;PROD_10;4;1
ORD_941;PROD_14;6;5
ORD_941;PROD_2;7;4
ORD_942;PROD_27;9;2
ORD_942;PROD_25;6;2
ORD_942;PROD_26;8;5
ORD_942;PROD_29;7;3
ORD_942;PROD_46;8;3
ORD_942;PROD_31;8;2
ORD_942;PROD_12;2;5
ORD_942;PROD_32;1;1
ORD_942;PROD_40;3;4
ORD_942;PROD_38;7;4
ORD_942;PROD_2;1;1
ORD_943;PROD_20;3;5
ORD_943;PROD_36;3;3
ORD_943;PROD_42;8;4
ORD_943;PROD_31;8;2
ORD_943;PROD_17;2;5
ORD_943;PROD_44;1;2
ORD_943;PROD_34;5;5
ORD_943;PROD_32;1;2
ORD_943;PROD_42;1;2
ORD_943;PROD_18;8;2
ORD_943;PROD_7;8;5
ORD_944;PROD_19;1;4
ORD_944;PROD_3;5;2
ORD_944;PROD_28;8;1
ORD_944;PROD_25;9;1
ORD_944;PROD_43;8;5
ORD_944;PROD_25;9;1
ORD_944;PROD_35;5;4
ORD_944;PROD_35;7;2
ORD_945;PROD_10;7;5
ORD_945;PROD_5;5;5
ORD_945;PROD_4;4;1
ORD_945;PROD_35;7;5
ORD_945;PROD_31;8;2
ORD_946;PROD_41;6;5
ORD_946;PROD_1;4;5
ORD_946;PROD_16;7;5
ORD_946;PROD_27;8;5
ORD_946;PROD_3;9;2
ORD_947;PROD_31;9;1
ORD_947;PROD_5;4;4
ORD_947;PROD_41;7;5
ORD_947;PROD_2;8;5
ORD_947;PROD_17;6;5
ORD_947;PROD_6;4;2
ORD_947;PROD_1;1;2
ORD_947;PROD_33;9;3
ORD_947;PROD_48;3;4
ORD_947;PROD_10;2;3
ORD_947;PROD_17;3;2
ORD_948;PROD_25;7;3
ORD_948;PROD_6;7;3
ORD_948;PROD_5;3;3
ORD_948;PROD_6;1;1
ORD_948;PROD_24;2;5
ORD_948;PROD_36;1;2
ORD_949;PROD_37;6;4
ORD_949;PROD_12;5;2
ORD_949;PROD_28;8;2
ORD_949;PROD_21;7;3
ORD_949;PROD_23;3;1
ORD_949;PROD_33;5;1
ORD_949;PROD_28;9;1
ORD_949;PROD_31;9;4
ORD_949;PROD_11;3;5
ORD_949;PROD_3;6;3
ORD_949;PROD_33;1;2
ORD_949;PROD_32;7;4
ORD_949;PROD_4;8;5
ORD_950;PROD_9;2;2
ORD_950;PROD_25;9;2
ORD_950;PROD_5;9;1
ORD_950;PROD_42;3;1
ORD_950;PROD_5;6;2
ORD_950;PROD_47;1;5
ORD_950;PROD_10;2;4
ORD_950;PROD_40;4;2
ORD_950;PROD_31;2;3
ORD_950;PROD_34;2;1
ORD_951;PROD_36;2;5
ORD_951;PROD_9;2;4
ORD_951;PROD_2;7;5
ORD_951;PROD_36;5;3
ORD_951;PROD_1;9;2
ORD_951;PROD_50;9;3
ORD_951;PROD_23;2;1
ORD_951;PROD_19;1;4
ORD_951;PROD_3;9;2
ORD_951;PROD_28;7;2
ORD_951;PROD_8;7;4
ORD_951;PROD_13;1;2
ORD_951;PROD_47;2;4
ORD_952;PROD_45;1;3
ORD_952;PROD_24;5;2
ORD_952;PROD_42;7;1
ORD_952;PROD_46;1;5
ORD_952;PROD_45;8;1
ORD_952;PROD_6;2;5
ORD_952;PROD_18;4;4
ORD_952;PROD_31;3;1
ORD_952;PROD_29;1;4
ORD_953;PROD_29;6;4
ORD_953;PROD_30;5;4
ORD_953;PROD_50;5;3
ORD_953;PROD_14;9;4
ORD_953;PROD_1;5;5
ORD_954;PROD_39;9;5
ORD_954;PROD_23;3;5
ORD_954;PROD_42;7;1
ORD_954;PROD_46;8;5
ORD_954;PROD_35;4;4
ORD_954;PROD_44;6;4
ORD_954;PROD_25;7;2
ORD_954;PROD_30;5;2
ORD_954;PROD_34;1;1
ORD_954;PROD_42;1;1
ORD_955;PROD_10;9;2
ORD_955;PROD_5;4;1
ORD_955;PROD_4;2;5
ORD_955;PROD_35;2;3
ORD_955;PROD_27;3;4
ORD_955;PROD_41;6;1
ORD_955;PROD_47;4;4
ORD_955;PROD_44;4;1
ORD_955;PROD_21;3;3
ORD_955;PROD_16;4;3
ORD_955;PROD_41;4;3
ORD_955;PROD_40;6;3
ORD_955;PROD_13;1;5
ORD_955;PROD_41;7;5
ORD_956;PROD_47;9;5
ORD_956;PROD_44;4;3
ORD_956;PROD_40;1;5
ORD_956;PROD_31;8;5
ORD_956;PROD_19;1;5
ORD_956;PROD_45;9;5
ORD_957;PROD_6;9;2
ORD_957;PROD_24;5;4
ORD_957;PROD_10;7;4
ORD_957;PROD_5;5;4
ORD_957;PROD_4;3;1
ORD_958;PROD_20;1;4
ORD_958;PROD_10;9;3
ORD_958;PROD_13;9;1
ORD_958;PROD_22;6;5
ORD_958;PROD_29;1;1
ORD_958;PROD_34;5;2
ORD_958;PROD_34;6;3
ORD_958;PROD_29;3;4
ORD_958;PROD_10;9;4
ORD_958;PROD_1;8;3
ORD_958;PROD_21;7;5
ORD_958;PROD_21;2;2
ORD_958;PROD_8;9;5
ORD_959;PROD_46;6;3
ORD_959;PROD_12;5;3
ORD_959;PROD_29;8;5
ORD_959;PROD_30;2;4
ORD_959;PROD_34;7;1
ORD_959;PROD_47;8;3
ORD_959;PROD_41;2;4
ORD_959;PROD_41;5;4
ORD_959;PROD_50;7;5
ORD_959;PROD_22;4;4
ORD_959;PROD_1;4;3
ORD_959;PROD_50;1;1
ORD_959;PROD_35;9;4
ORD_959;PROD_9;4;3
ORD_959;PROD_2;5;2
ORD_960;PROD_50;9;2
ORD_960;PROD_43;2;3
ORD_960;PROD_21;4;2
ORD_960;PROD_42;7;1
ORD_960;PROD_41;1;3
ORD_960;PROD_50;5;3
ORD_960;PROD_15;6;5
ORD_960;PROD_28;3;5
ORD_960;PROD_42;8;2
ORD_960;PROD_36;6;2
ORD_960;PROD_13;5;1
ORD_961;PROD_21;3;3
ORD_961;PROD_43;5;4
ORD_961;PROD_3;8;2
ORD_961;PROD_29;1;1
ORD_961;PROD_37;3;1
ORD_962;PROD_9;7;2
ORD_962;PROD_1;4;2
ORD_962;PROD_48;1;1
ORD_962;PROD_41;9;5
ORD_962;PROD_49;2;1
ORD_962;PROD_20;6;5
ORD_962;PROD_10;3;2
ORD_962;PROD_34;1;1
ORD_962;PROD_37;8;3
ORD_962;PROD_33;2;5
ORD_962;PROD_16;6;4
ORD_963;PROD_28;8;4
ORD_963;PROD_29;6;4
ORD_963;PROD_38;8;4
ORD_963;PROD_7;6;5
ORD_963;PROD_37;7;5
ORD_963;PROD_15;8;4
ORD_964;PROD_3;8;5
ORD_964;PROD_49;7;5
ORD_964;PROD_19;1;2
ORD_964;PROD_7;1;2
ORD_964;PROD_16;4;3
ORD_964;PROD_27;1;4
ORD_964;PROD_35;2;3
ORD_965;PROD_11;3;3
ORD_965;PROD_3;7;1
ORD_965;PROD_22;9;5
ORD_965;PROD_39;6;5
ORD_965;PROD_44;5;4
ORD_965;PROD_46;8;5
ORD_965;PROD_8;4;3
ORD_965;PROD_33;2;5
ORD_965;PROD_26;5;1
ORD_965;PROD_29;6;3
ORD_965;PROD_11;2;2
ORD_966;PROD_31;5;4
ORD_966;PROD_5;8;5
ORD_966;PROD_28;2;1
ORD_966;PROD_7;1;5
ORD_966;PROD_13;9;2
ORD_967;PROD_2;4;5
ORD_967;PROD_36;8;5
ORD_967;PROD_1;9;4
ORD_967;PROD_50;7;3
ORD_967;PROD_23;5;2
ORD_967;PROD_3;4;4
ORD_967;PROD_49;6;2
ORD_967;PROD_19;8;3
ORD_967;PROD_7;7;1
ORD_967;PROD_2;1;4
ORD_967;PROD_20;7;4
ORD_967;PROD_16;5;3
ORD_967;PROD_12;9;5
ORD_967;PROD_18;7;5
ORD_968;PROD_47;8;4
ORD_968;PROD_44;1;5
ORD_968;PROD_41;1;1
ORD_968;PROD_1;4;4
ORD_968;PROD_19;5;4
ORD_968;PROD_3;5;3
ORD_968;PROD_28;4;3
ORD_968;PROD_2;6;2
ORD_968;PROD_37;5;1
ORD_969;PROD_47;1;3
ORD_969;PROD_34;2;1
ORD_969;PROD_40;4;2
ORD_969;PROD_10;5;1
ORD_969;PROD_39;3;1
ORD_969;PROD_29;5;5
ORD_969;PROD_28;2;1
ORD_969;PROD_42;9;1
ORD_969;PROD_49;6;2
ORD_969;PROD_17;6;1
ORD_969;PROD_37;3;1
ORD_969;PROD_39;6;5
ORD_969;PROD_16;4;4
ORD_969;PROD_5;1;2
ORD_970;PROD_19;5;2
ORD_970;PROD_3;9;3
ORD_970;PROD_28;9;3
ORD_970;PROD_12;3;4
ORD_970;PROD_47;4;4
ORD_970;PROD_6;1;5
ORD_970;PROD_23;8;5
ORD_970;PROD_10;6;1
ORD_970;PROD_47;1;2
ORD_970;PROD_45;5;2
ORD_970;PROD_9;3;3
ORD_971;PROD_3;3;2
ORD_971;PROD_49;8;5
ORD_971;PROD_19;7;1
ORD_971;PROD_7;4;2
ORD_971;PROD_44;3;1
ORD_971;PROD_33;9;5
ORD_971;PROD_41;3;1
ORD_971;PROD_1;4;2
ORD_971;PROD_32;6;3
ORD_971;PROD_29;4;1
ORD_971;PROD_16;6;4
ORD_972;PROD_37;1;5
ORD_972;PROD_12;4;1
ORD_972;PROD_28;2;5
ORD_972;PROD_41;2;3
ORD_972;PROD_1;4;3
ORD_972;PROD_37;5;4
ORD_972;PROD_43;2;1
ORD_972;PROD_31;2;1
ORD_972;PROD_23;6;5
ORD_972;PROD_10;7;3
ORD_973;PROD_30;4;2
ORD_973;PROD_13;6;4
ORD_973;PROD_38;3;1
ORD_973;PROD_41;5;5
ORD_973;PROD_43;2;5
ORD_973;PROD_47;7;4
ORD_973;PROD_15;5;3
ORD_974;PROD_6;1;2
ORD_974;PROD_24;3;4
ORD_974;PROD_10;5;2
ORD_974;PROD_5;1;4
ORD_974;PROD_4;5;5
ORD_974;PROD_35;9;1
ORD_974;PROD_33;6;2
ORD_975;PROD_13;8;5
ORD_975;PROD_17;6;1
ORD_975;PROD_1;2;3
ORD_975;PROD_27;7;5
ORD_975;PROD_27;7;4
ORD_975;PROD_41;5;4
ORD_976;PROD_28;3;1
ORD_976;PROD_27;2;3
ORD_976;PROD_25;6;3
ORD_976;PROD_44;1;5
ORD_976;PROD_28;9;1
ORD_976;PROD_7;7;2
ORD_976;PROD_37;4;1
ORD_976;PROD_6;4;3
ORD_976;PROD_39;8;1
ORD_976;PROD_27;5;5
ORD_976;PROD_47;8;3
ORD_976;PROD_29;3;2
ORD_976;PROD_19;8;2
ORD_976;PROD_8;6;1
ORD_977;PROD_20;8;2
ORD_977;PROD_16;5;4
ORD_977;PROD_34;3;3
ORD_977;PROD_32;8;2
ORD_977;PROD_20;9;5
ORD_977;PROD_2;3;5
ORD_977;PROD_29;8;4
ORD_977;PROD_14;7;1
ORD_977;PROD_37;2;1
ORD_977;PROD_34;2;2
ORD_978;PROD_33;4;2
ORD_978;PROD_5;5;2
ORD_978;PROD_46;6;1
ORD_978;PROD_31;1;3
ORD_978;PROD_5;1;2
ORD_978;PROD_3;3;5
ORD_978;PROD_49;3;1
ORD_978;PROD_19;4;5
ORD_978;PROD_7;3;5
ORD_978;PROD_47;5;3
ORD_978;PROD_8;7;2
ORD_978;PROD_44;1;4
ORD_978;PROD_21;5;4
ORD_979;PROD_32;2;3
ORD_979;PROD_24;1;4
ORD_979;PROD_3;7;5
ORD_979;PROD_11;8;5
ORD_979;PROD_5;9;3
ORD_979;PROD_14;3;2
ORD_979;PROD_6;9;1
ORD_980;PROD_19;2;5
ORD_980;PROD_3;4;5
ORD_980;PROD_28;6;2
ORD_980;PROD_16;5;1
ORD_980;PROD_27;2;4
ORD_980;PROD_36;6;4
ORD_980;PROD_9;1;1
ORD_980;PROD_27;8;4
ORD_980;PROD_30;7;4
ORD_981;PROD_11;6;5
ORD_981;PROD_11;8;1
ORD_981;PROD_4;1;1
ORD_981;PROD_19;8;2
ORD_981;PROD_29;1;5
ORD_981;PROD_20;6;4
ORD_981;PROD_18;3;1
ORD_981;PROD_26;2;1
ORD_981;PROD_44;9;2
ORD_981;PROD_12;8;4
ORD_981;PROD_9;2;1
ORD_981;PROD_44;1;3
ORD_981;PROD_37;8;1
ORD_982;PROD_34;6;3
ORD_982;PROD_9;4;4
ORD_982;PROD_32;7;4
ORD_982;PROD_30;7;5
ORD_982;PROD_24;3;5
ORD_982;PROD_38;4;5
ORD_982;PROD_34;6;4
ORD_982;PROD_8;9;5
ORD_982;PROD_44;1;3
ORD_982;PROD_40;2;1
ORD_982;PROD_16;6;5
ORD_982;PROD_10;8;3
ORD_983;PROD_7;4;5
ORD_983;PROD_38;1;4
ORD_983;PROD_20;5;4
ORD_983;PROD_43;6;1
ORD_983;PROD_34;9;3
ORD_984;PROD_12;5;2
ORD_984;PROD_47;1;1
ORD_984;PROD_6;4;1
ORD_984;PROD_23;2;2
ORD_984;PROD_30;3;3
ORD_984;PROD_13;4;5
ORD_984;PROD_38;8;3
ORD_984;PROD_37;7;5
ORD_984;PROD_12;8;2
ORD_984;PROD_28;6;2
ORD_984;PROD_12;7;4
ORD_985;PROD_25;5;1
ORD_985;PROD_21;4;1
ORD_985;PROD_13;4;3
ORD_985;PROD_4;9;5
ORD_985;PROD_24;2;1
ORD_985;PROD_45;7;5
ORD_985;PROD_25;1;3
ORD_985;PROD_8;5;3
ORD_985;PROD_11;1;3
ORD_985;PROD_42;9;4
ORD_986;PROD_33;4;2
ORD_986;PROD_4;6;5
ORD_986;PROD_15;4;2
ORD_986;PROD_10;7;3
ORD_986;PROD_16;8;5
ORD_986;PROD_10;6;2
ORD_986;PROD_23;3;5
ORD_986;PROD_30;7;1
ORD_987;PROD_36;4;2
ORD_987;PROD_30;6;5
ORD_987;PROD_37;1;5
ORD_987;PROD_12;3;1
ORD_987;PROD_28;4;2
ORD_987;PROD_30;7;5
ORD_987;PROD_13;8;5
ORD_987;PROD_38;6;1
ORD_988;PROD_47;3;2
ORD_988;PROD_44;1;3
ORD_988;PROD_30;6;4
ORD_988;PROD_12;1;2
ORD_988;PROD_8;4;3
ORD_988;PROD_2;8;3
ORD_988;PROD_4;4;2
ORD_988;PROD_17;1;1
ORD_988;PROD_45;9;1
ORD_988;PROD_6;3;4
ORD_988;PROD_30;7;5
ORD_989;PROD_22;2;4
ORD_989;PROD_38;2;5
ORD_989;PROD_28;8;5
ORD_989;PROD_34;7;2
ORD_989;PROD_17;1;3
ORD_990;PROD_29;3;5
ORD_990;PROD_30;5;5
ORD_990;PROD_50;5;1
ORD_990;PROD_14;7;2
ORD_990;PROD_1;6;5
ORD_990;PROD_27;4;1
ORD_990;PROD_41;2;3
ORD_990;PROD_2;6;3
ORD_990;PROD_36;6;1
ORD_991;PROD_19;4;3
ORD_991;PROD_40;4;5
ORD_991;PROD_23;1;4
ORD_991;PROD_39;2;3
ORD_991;PROD_33;7;3
ORD_991;PROD_39;1;2
ORD_991;PROD_32;5;1
ORD_991;PROD_13;3;4
ORD_991;PROD_29;5;1
ORD_991;PROD_4;4;4
ORD_991;PROD_28;7;3
ORD_991;PROD_10;4;5
ORD_991;PROD_27;3;1
ORD_991;PROD_14;5;4
ORD_991;PROD_29;3;2
ORD_992;PROD_36;3;3
ORD_992;PROD_30;8;4
ORD_992;PROD_12;1;5
ORD_992;PROD_47;8;2
ORD_992;PROD_6;7;5
ORD_992;PROD_23;9;2
ORD_992;PROD_6;7;2
ORD_993;PROD_23;8;3
ORD_993;PROD_38;8;5
ORD_993;PROD_33;7;4
ORD_993;PROD_32;9;3
ORD_993;PROD_32;3;5
ORD_993;PROD_21;1;4
ORD_993;PROD_31;4;4
ORD_993;PROD_38;5;5
ORD_993;PROD_40;4;4
ORD_993;PROD_48;8;3
ORD_993;PROD_11;7;1
ORD_993;PROD_17;9;1
ORD_993;PROD_9;7;2
ORD_993;PROD_23;3;1
ORD_993;PROD_37;7;1
ORD_994;PROD_7;3;4
ORD_994;PROD_7;2;4
ORD_994;PROD_35;5;4
ORD_994;PROD_35;3;3
ORD_994;PROD_27;3;4
ORD_994;PROD_9;3;3
ORD_994;PROD_14;6;2
ORD_994;PROD_21;7;4
ORD_994;PROD_1;9;3
ORD_994;PROD_27;6;5
ORD_994;PROD_48;3;2
ORD_994;PROD_40;9;3
ORD_994;PROD_16;1;1
ORD_994;PROD_17;8;3
ORD_994;PROD_43;3;4
ORD_995;PROD_27;1;1
ORD_995;PROD_41;8;5
ORD_995;PROD_36;6;1
ORD_995;PROD_9;9;2
ORD_995;PROD_45;3;2
ORD_995;PROD_20;6;1
ORD_995;PROD_24;1;4
ORD_995;PROD_17;4;3
ORD_995;PROD_50;7;5
ORD_996;PROD_35;8;5
ORD_996;PROD_28;3;2
ORD_996;PROD_20;5;5
ORD_996;PROD_40;5;3
ORD_996;PROD_27;8;5
ORD_997;PROD_12;2;1
ORD_997;PROD_47;5;1
ORD_997;PROD_6;2;4
ORD_997;PROD_23;3;5
ORD_997;PROD_30;8;2
ORD_997;PROD_21;1;5
ORD_997;PROD_19;8;1
ORD_997;PROD_42;7;3
ORD_997;PROD_9;6;3
ORD_998;PROD_44;7;5
ORD_998;PROD_33;9;5
ORD_998;PROD_37;8;3
ORD_998;PROD_12;6;5
ORD_998;PROD_28;8;2
ORD_998;PROD_19;3;1
ORD_998;PROD_3;2;4
ORD_998;PROD_28;2;4
ORD_998;PROD_40;9;2
ORD_998;PROD_44;4;4
ORD_998;PROD_44;2;1
ORD_998;PROD_16;1;4
ORD_998;PROD_16;8;3
ORD_999;PROD_29;3;4
ORD_999;PROD_30;7;1
ORD_999;PROD_50;1;2
ORD_999;PROD_14;7;5
ORD_999;PROD_1;4;4
ORD_999;PROD_9;1;1
ORD_999;PROD_1;5;5
ORD_999;PROD_48;5;5
ORD_999;PROD_41;8;5
ORD_1000;PROD_29;3;4
ORD_1000;PROD_30;1;3
ORD_1000;PROD_50;5;5
ORD_1000;PROD_14;4;2
ORD_1000;PROD_1;2;1
ORD_1000;PROD_44;8;5
ORD_1000;PROD_33;3;4
ORD_1000;PROD_21;8;2
ORD_1000;PROD_45;8;4
ORD_1000;PROD_24;9;5
ORD_1000;PROD_30;8;3
ORD_1001;PROD_3;2;2
ORD_1001;PROD_49;5;2
ORD_1001;PROD_19;2;5
ORD_1001;PROD_7;6;2
ORD_1001;PROD_33;6;1
ORD_1001;PROD_5;2;5
ORD_1001;PROD_46;9;5
ORD_1001;PROD_8;4;4
ORD_1001;PROD_30;8;1
ORD_1001;PROD_1;5;3
ORD_1001;PROD_40;5;4
ORD_1002;PROD_2;8;5
ORD_1002;PROD_4;3;3
ORD_1002;PROD_20;6;5
ORD_1002;PROD_29;4;1
ORD_1002;PROD_37;6;4
ORD_1003;PROD_21;6;3
ORD_1003;PROD_45;1;3
ORD_1003;PROD_24;2;1
ORD_1003;PROD_30;9;4
ORD_1003;PROD_37;6;5
ORD_1003;PROD_13;3;5
ORD_1003;PROD_40;4;3
ORD_1003;PROD_18;8;1
ORD_1003;PROD_8;3;4
ORD_1003;PROD_24;2;4
ORD_1003;PROD_35;3;2
ORD_1004;PROD_3;2;4
ORD_1004;PROD_49;7;2
ORD_1004;PROD_19;4;2
ORD_1004;PROD_7;4;4
ORD_1004;PROD_21;5;4
ORD_1005;PROD_33;2;1
ORD_1005;PROD_13;1;3
ORD_1005;PROD_18;9;5
ORD_1005;PROD_11;7;1
ORD_1005;PROD_40;2;5
ORD_1005;PROD_41;2;4
ORD_1005;PROD_8;9;3
ORD_1005;PROD_10;3;5
ORD_1005;PROD_2;7;4
ORD_1006;PROD_27;5;1
ORD_1006;PROD_41;5;4
ORD_1006;PROD_29;1;1
ORD_1006;PROD_30;5;5
ORD_1006;PROD_50;3;5
ORD_1007;PROD_30;4;2
ORD_1007;PROD_26;8;1
ORD_1007;PROD_38;3;2
ORD_1007;PROD_30;2;4
ORD_1007;PROD_1;8;2
ORD_1007;PROD_9;7;2
ORD_1007;PROD_37;4;2
ORD_1007;PROD_11;2;2
ORD_1007;PROD_29;9;1
ORD_1007;PROD_46;9;5
ORD_1007;PROD_50;6;5
ORD_1007;PROD_7;8;4
ORD_1008;PROD_28;3;5
ORD_1008;PROD_37;3;3
ORD_1008;PROD_25;4;2
ORD_1008;PROD_14;6;4
ORD_1008;PROD_21;7;4
ORD_1008;PROD_38;1;4
ORD_1008;PROD_28;3;1
ORD_1008;PROD_10;5;3
ORD_1008;PROD_23;3;4
ORD_1008;PROD_5;7;3
ORD_1009;PROD_9;8;1
ORD_1009;PROD_1;1;5
ORD_1009;PROD_48;8;1
ORD_1009;PROD_41;3;5
ORD_1009;PROD_23;9;2
ORD_1009;PROD_39;5;4
ORD_1009;PROD_24;4;3
ORD_1010;PROD_11;8;2
ORD_1010;PROD_35;1;4
ORD_1010;PROD_19;1;1
ORD_1010;PROD_45;4;4
ORD_1010;PROD_28;6;1
ORD_1010;PROD_7;7;4
ORD_1010;PROD_41;3;5
ORD_1010;PROD_13;5;2
ORD_1011;PROD_44;7;2
ORD_1011;PROD_33;5;3
ORD_1011;PROD_31;6;2
ORD_1011;PROD_5;9;1
ORD_1011;PROD_19;8;1
ORD_1011;PROD_20;2;5
ORD_1011;PROD_6;5;2
ORD_1011;PROD_30;5;1
ORD_1011;PROD_38;2;1
ORD_1011;PROD_46;1;4
ORD_1012;PROD_48;5;3
ORD_1012;PROD_1;4;5
ORD_1012;PROD_10;6;2
ORD_1012;PROD_49;2;3
ORD_1012;PROD_50;7;3
ORD_1013;PROD_30;1;3
ORD_1013;PROD_23;3;2
ORD_1013;PROD_23;3;3
ORD_1013;PROD_2;7;1
ORD_1013;PROD_11;4;1
ORD_1013;PROD_6;6;2
ORD_1013;PROD_21;1;2
ORD_1013;PROD_15;1;4
ORD_1013;PROD_13;3;4
ORD_1013;PROD_11;1;4
ORD_1013;PROD_18;1;2
ORD_1013;PROD_11;2;3
ORD_1013;PROD_35;6;3
ORD_1014;PROD_27;5;1
ORD_1014;PROD_41;8;1
ORD_1014;PROD_47;4;1
ORD_1014;PROD_44;9;1
ORD_1014;PROD_9;2;5
ORD_1014;PROD_12;6;4
ORD_1014;PROD_20;2;3
ORD_1014;PROD_33;1;2
ORD_1014;PROD_7;9;1
ORD_1014;PROD_16;4;5
ORD_1014;PROD_4;6;4
ORD_1014;PROD_21;3;4
ORD_1014;PROD_6;2;2
ORD_1014;PROD_41;6;5
ORD_1014;PROD_35;1;4
ORD_1015;PROD_32;4;4
ORD_1015;PROD_37;6;2
ORD_1015;PROD_20;2;1
ORD_1015;PROD_25;2;1
ORD_1015;PROD_7;1;5
ORD_1016;PROD_21;7;4
ORD_1016;PROD_45;4;4
ORD_1016;PROD_24;7;1
ORD_1016;PROD_30;2;3
ORD_1016;PROD_37;9;5
ORD_1016;PROD_44;1;4
ORD_1016;PROD_33;6;3
ORD_1016;PROD_33;6;4
ORD_1016;PROD_47;5;4
ORD_1016;PROD_5;6;4
ORD_1016;PROD_35;4;4
ORD_1016;PROD_37;2;5
ORD_1017;PROD_32;8;4
ORD_1017;PROD_7;5;1
ORD_1017;PROD_15;6;5
ORD_1017;PROD_36;8;3
ORD_1017;PROD_3;2;3
ORD_1017;PROD_17;8;1
ORD_1017;PROD_33;6;3
ORD_1017;PROD_19;7;3
ORD_1017;PROD_23;9;5
ORD_1017;PROD_6;9;4
ORD_1017;PROD_1;8;1
ORD_1017;PROD_43;9;4
ORD_1018;PROD_37;9;3
ORD_1018;PROD_12;6;1
ORD_1018;PROD_28;7;3
ORD_1018;PROD_2;8;5
ORD_1018;PROD_33;2;3
ORD_1019;PROD_4;2;5
ORD_1019;PROD_25;4;5
ORD_1019;PROD_5;9;1
ORD_1019;PROD_30;3;5
ORD_1019;PROD_13;6;4
ORD_1019;PROD_15;1;4
ORD_1019;PROD_33;2;2
ORD_1020;PROD_30;9;2
ORD_1020;PROD_22;4;1
ORD_1020;PROD_30;2;3
ORD_1020;PROD_43;1;4
ORD_1020;PROD_14;3;2
ORD_1021;PROD_17;6;2
ORD_1021;PROD_24;5;1
ORD_1021;PROD_42;1;4
ORD_1021;PROD_23;5;1
ORD_1021;PROD_24;7;4
ORD_1021;PROD_44;7;5
ORD_1021;PROD_15;7;4
ORD_1021;PROD_10;9;2
ORD_1021;PROD_19;3;5
ORD_1021;PROD_49;9;2
ORD_1021;PROD_15;8;1
ORD_1021;PROD_2;4;2
ORD_1021;PROD_21;6;1
ORD_1022;PROD_21;9;4
ORD_1022;PROD_45;3;1
ORD_1022;PROD_24;6;3
ORD_1022;PROD_30;5;5
ORD_1022;PROD_37;3;2
ORD_1022;PROD_33;8;5
ORD_1022;PROD_39;6;2
ORD_1022;PROD_38;8;4
ORD_1022;PROD_15;8;2
ORD_1022;PROD_9;1;2
ORD_1022;PROD_18;4;5
ORD_1022;PROD_29;9;4
ORD_1022;PROD_41;8;2
ORD_1023;PROD_25;9;2
ORD_1023;PROD_26;7;5
ORD_1023;PROD_42;2;5
ORD_1023;PROD_5;8;3
ORD_1023;PROD_47;5;4
ORD_1023;PROD_21;9;4
ORD_1023;PROD_38;5;4
ORD_1024;PROD_44;4;5
ORD_1024;PROD_33;9;4
ORD_1024;PROD_39;5;3
ORD_1024;PROD_11;9;2
ORD_1024;PROD_2;7;4
ORD_1024;PROD_38;5;3
ORD_1024;PROD_15;8;5
ORD_1024;PROD_14;8;3
ORD_1024;PROD_24;7;4
ORD_1024;PROD_41;1;3
ORD_1024;PROD_33;2;4
ORD_1024;PROD_17;9;1
ORD_1024;PROD_24;4;4
ORD_1024;PROD_50;1;2
ORD_1025;PROD_21;6;5
ORD_1025;PROD_45;6;2
ORD_1025;PROD_24;1;3
ORD_1025;PROD_30;5;1
ORD_1025;PROD_37;8;2
ORD_1025;PROD_31;1;2
ORD_1025;PROD_5;3;5
ORD_1025;PROD_7;8;3
ORD_1025;PROD_36;5;3
ORD_1025;PROD_12;8;1
ORD_1026;PROD_41;3;5
ORD_1026;PROD_1;7;1
ORD_1026;PROD_30;7;3
ORD_1026;PROD_3;8;5
ORD_1026;PROD_38;1;1
ORD_1026;PROD_11;9;1
ORD_1026;PROD_38;7;3
ORD_1026;PROD_22;5;2
ORD_1026;PROD_39;8;2
ORD_1026;PROD_22;6;4
ORD_1026;PROD_13;8;1
ORD_1026;PROD_16;4;5
ORD_1026;PROD_21;5;4
ORD_1026;PROD_29;6;1
ORD_1027;PROD_12;6;5
ORD_1027;PROD_15;9;3
ORD_1027;PROD_10;1;5
ORD_1027;PROD_5;5;2
ORD_1027;PROD_4;9;4
ORD_1027;PROD_35;7;3
ORD_1027;PROD_24;8;4
ORD_1027;PROD_32;3;1
ORD_1027;PROD_43;1;3
ORD_1028;PROD_30;2;1
ORD_1028;PROD_26;7;1
ORD_1028;PROD_23;6;3
ORD_1028;PROD_47;1;3
ORD_1028;PROD_11;7;4
ORD_1028;PROD_19;3;5
ORD_1028;PROD_44;4;2
ORD_1028;PROD_28;4;4
ORD_1028;PROD_25;8;3
ORD_1028;PROD_12;1;3
ORD_1028;PROD_9;3;2
ORD_1028;PROD_39;1;1
ORD_1028;PROD_1;2;3
ORD_1028;PROD_2;2;3
ORD_1028;PROD_44;5;3
ORD_1029;PROD_41;4;4
ORD_1029;PROD_1;9;3
ORD_1029;PROD_34;6;5
ORD_1029;PROD_17;3;2
ORD_1029;PROD_48;6;5
ORD_1029;PROD_47;3;1
ORD_1029;PROD_33;4;3
ORD_1029;PROD_49;8;1
ORD_1029;PROD_24;7;4
ORD_1029;PROD_18;2;3
ORD_1029;PROD_33;7;4
ORD_1029;PROD_32;6;4
ORD_1030;PROD_9;2;2
ORD_1030;PROD_1;5;5
ORD_1030;PROD_48;9;4
ORD_1030;PROD_41;8;5
ORD_1030;PROD_18;7;4
ORD_1030;PROD_38;9;1
ORD_1030;PROD_22;5;3
ORD_1030;PROD_21;1;5
ORD_1030;PROD_8;5;2
ORD_1030;PROD_50;1;2
ORD_1030;PROD_14;1;1
ORD_1030;PROD_49;4;4
ORD_1030;PROD_7;8;3
ORD_1031;PROD_20;4;3
ORD_1031;PROD_17;7;3
ORD_1031;PROD_44;6;1
ORD_1031;PROD_42;6;5
ORD_1031;PROD_26;6;1
ORD_1031;PROD_5;1;3
ORD_1031;PROD_34;6;1
ORD_1031;PROD_20;3;3
ORD_1031;PROD_3;1;4
ORD_1031;PROD_45;8;2
ORD_1032;PROD_27;2;4
ORD_1032;PROD_43;7;5
ORD_1032;PROD_32;2;4
ORD_1032;PROD_10;7;5
ORD_1032;PROD_27;5;1
ORD_1032;PROD_26;8;3
ORD_1032;PROD_49;9;4
ORD_1032;PROD_44;4;3
ORD_1033;PROD_36;8;2
ORD_1033;PROD_30;1;3
ORD_1033;PROD_30;8;5
ORD_1033;PROD_13;3;1
ORD_1033;PROD_38;8;5
ORD_1033;PROD_19;1;1
ORD_1034;PROD_10;6;1
ORD_1034;PROD_5;9;5
ORD_1034;PROD_4;2;2
ORD_1034;PROD_35;9;5
ORD_1034;PROD_31;4;3
ORD_1034;PROD_5;3;2
ORD_1034;PROD_45;7;4
ORD_1034;PROD_26;4;2
ORD_1035;PROD_25;8;4
ORD_1035;PROD_6;5;1
ORD_1035;PROD_5;6;2
ORD_1035;PROD_13;4;5
ORD_1035;PROD_17;3;4
ORD_1035;PROD_1;8;1
ORD_1035;PROD_27;7;5
ORD_1035;PROD_16;6;5
ORD_1035;PROD_27;7;4
ORD_1035;PROD_16;8;3
ORD_1035;PROD_38;8;3
ORD_1035;PROD_8;3;1
ORD_1035;PROD_34;1;1
ORD_1035;PROD_20;3;5
ORD_1036;PROD_44;5;3
ORD_1036;PROD_33;7;1
ORD_1036;PROD_16;7;5
ORD_1036;PROD_22;2;5
ORD_1036;PROD_1;2;3
ORD_1036;PROD_21;6;4
ORD_1036;PROD_44;6;3
ORD_1036;PROD_5;9;3
ORD_1036;PROD_11;2;3
ORD_1036;PROD_16;6;1
ORD_1036;PROD_19;2;1
ORD_1036;PROD_30;6;1
ORD_1036;PROD_45;1;5
ORD_1036;PROD_14;1;2
ORD_1036;PROD_29;1;5
ORD_1037;PROD_12;5;3
ORD_1037;PROD_47;4;4
ORD_1037;PROD_6;9;1
ORD_1037;PROD_23;4;1
ORD_1037;PROD_2;5;1
ORD_1037;PROD_36;1;1
ORD_1037;PROD_1;4;5
ORD_1037;PROD_50;4;4
ORD_1037;PROD_23;6;5
ORD_1037;PROD_47;9;2
ORD_1037;PROD_17;7;4
ORD_1038;PROD_9;4;3
ORD_1038;PROD_1;2;4
ORD_1038;PROD_48;8;5
ORD_1038;PROD_41;2;2
ORD_1038;PROD_42;7;3
ORD_1038;PROD_50;1;3
ORD_1038;PROD_31;5;1
ORD_1038;PROD_46;5;3
ORD_1038;PROD_17;3;3
ORD_1038;PROD_19;6;5
ORD_1038;PROD_30;9;3
ORD_1038;PROD_8;5;2
ORD_1038;PROD_18;3;3
ORD_1039;PROD_42;1;3
ORD_1039;PROD_34;5;4
ORD_1039;PROD_1;4;4
ORD_1039;PROD_14;2;5
ORD_1039;PROD_38;6;3
ORD_1040;PROD_33;4;5
ORD_1040;PROD_5;4;2
ORD_1040;PROD_46;6;1
ORD_1040;PROD_32;8;1
ORD_1040;PROD_35;9;1
ORD_1040;PROD_16;7;4
ORD_1040;PROD_37;8;2
ORD_1040;PROD_39;8;2
ORD_1040;PROD_42;8;5
ORD_1040;PROD_36;4;3
ORD_1040;PROD_13;7;1
ORD_1040;PROD_29;5;1
ORD_1041;PROD_31;3;5
ORD_1041;PROD_5;4;5
ORD_1041;PROD_14;4;5
ORD_1041;PROD_43;7;5
ORD_1041;PROD_35;9;4
ORD_1041;PROD_14;2;4
ORD_1041;PROD_32;5;4
ORD_1041;PROD_38;1;1
ORD_1042;PROD_43;9;2
ORD_1042;PROD_18;6;3
ORD_1042;PROD_32;7;5
ORD_1042;PROD_37;2;4
ORD_1042;PROD_32;1;4
ORD_1043;PROD_29;5;4
ORD_1043;PROD_30;4;1
ORD_1043;PROD_50;5;3
ORD_1043;PROD_14;4;1
ORD_1043;PROD_1;7;3
ORD_1043;PROD_36;9;3
ORD_1043;PROD_9;8;5
ORD_1043;PROD_33;7;5
ORD_1043;PROD_22;5;5
ORD_1043;PROD_33;9;2
ORD_1044;PROD_22;9;4
ORD_1044;PROD_41;1;4
ORD_1044;PROD_4;4;3
ORD_1044;PROD_10;3;2
ORD_1044;PROD_47;8;4
ORD_1044;PROD_39;4;1
ORD_1044;PROD_23;9;2
ORD_1044;PROD_44;8;1
ORD_1044;PROD_34;6;5
ORD_1044;PROD_50;5;5
ORD_1044;PROD_36;8;4
ORD_1044;PROD_28;9;4
ORD_1045;PROD_2;3;1
ORD_1045;PROD_34;3;1
ORD_1045;PROD_37;6;4
ORD_1045;PROD_17;5;5
ORD_1045;PROD_33;7;1
ORD_1045;PROD_43;8;1
ORD_1045;PROD_30;1;3
ORD_1045;PROD_34;3;5
ORD_1045;PROD_49;8;5
ORD_1045;PROD_11;7;2
ORD_1045;PROD_13;1;2
ORD_1046;PROD_5;9;3
ORD_1046;PROD_40;7;3
ORD_1046;PROD_18;1;1
ORD_1046;PROD_47;7;1
ORD_1046;PROD_21;4;2
ORD_1047;PROD_42;8;1
ORD_1047;PROD_49;3;5
ORD_1047;PROD_40;2;5
ORD_1047;PROD_17;2;2
ORD_1047;PROD_14;8;4
ORD_1047;PROD_12;9;2
ORD_1047;PROD_28;7;1
ORD_1047;PROD_39;9;3
ORD_1047;PROD_14;8;3
ORD_1047;PROD_27;1;5
ORD_1047;PROD_19;3;1
ORD_1048;PROD_33;6;4
ORD_1048;PROD_5;8;3
ORD_1048;PROD_46;9;4
ORD_1048;PROD_30;7;3
ORD_1048;PROD_13;3;3
ORD_1048;PROD_38;7;1
ORD_1048;PROD_12;1;3
ORD_1048;PROD_6;4;4
ORD_1048;PROD_35;4;2
ORD_1048;PROD_2;5;2
ORD_1049;PROD_16;6;1
ORD_1049;PROD_27;4;2
ORD_1049;PROD_19;7;1
ORD_1049;PROD_29;4;4
ORD_1049;PROD_25;9;2
ORD_1049;PROD_18;2;3
ORD_1049;PROD_42;4;3
ORD_1049;PROD_27;2;4
ORD_1049;PROD_43;1;3
ORD_1049;PROD_5;6;3
ORD_1049;PROD_27;9;3
ORD_1050;PROD_17;5;2
ORD_1050;PROD_27;3;5
ORD_1050;PROD_16;9;2
ORD_1050;PROD_19;1;1
ORD_1050;PROD_7;7;3
ORD_1050;PROD_33;7;1
ORD_1050;PROD_32;5;4
ORD_1050;PROD_46;2;2
ORD_1050;PROD_32;3;3
ORD_1051;PROD_16;8;4
ORD_1051;PROD_27;3;1
ORD_1051;PROD_48;7;1
ORD_1051;PROD_26;3;2
ORD_1051;PROD_32;5;2
ORD_1051;PROD_41;6;4
ORD_1051;PROD_9;6;2
ORD_1051;PROD_32;3;3
ORD_1051;PROD_16;2;5
ORD_1051;PROD_2;7;2
ORD_1051;PROD_36;9;5
ORD_1052;PROD_2;3;2
ORD_1052;PROD_48;9;5
ORD_1052;PROD_25;5;5
ORD_1052;PROD_8;3;5
ORD_1052;PROD_14;9;4
ORD_1052;PROD_1;2;4
ORD_1052;PROD_43;6;2
ORD_1052;PROD_36;6;5
ORD_1052;PROD_21;3;3
ORD_1052;PROD_48;7;3
ORD_1052;PROD_42;9;4
ORD_1053;PROD_9;8;2
ORD_1053;PROD_1;7;2
ORD_1053;PROD_7;4;3
ORD_1053;PROD_43;2;1
ORD_1053;PROD_9;9;5
ORD_1053;PROD_31;8;2
ORD_1053;PROD_18;8;2
ORD_1053;PROD_11;8;5
ORD_1054;PROD_12;8;2
ORD_1054;PROD_15;2;3
ORD_1054;PROD_2;1;1
ORD_1054;PROD_36;7;4
ORD_1054;PROD_1;8;2
ORD_1054;PROD_50;5;4
ORD_1054;PROD_23;9;5
ORD_1054;PROD_27;7;3
ORD_1054;PROD_41;5;5
ORD_1054;PROD_5;4;1
ORD_1054;PROD_46;5;2
ORD_1055;PROD_19;4;1
ORD_1055;PROD_3;1;3
ORD_1055;PROD_28;6;1
ORD_1055;PROD_37;5;4
ORD_1055;PROD_12;5;2
ORD_1055;PROD_28;7;3
ORD_1056;PROD_33;4;3
ORD_1056;PROD_5;7;2
ORD_1056;PROD_46;9;2
ORD_1056;PROD_31;7;2
ORD_1056;PROD_42;2;4
ORD_1056;PROD_45;9;5
ORD_1056;PROD_21;1;4
ORD_1056;PROD_13;5;5
ORD_1056;PROD_34;2;2
ORD_1056;PROD_19;9;4
ORD_1056;PROD_10;1;4
ORD_1056;PROD_46;1;3
ORD_1056;PROD_33;4;5
ORD_1056;PROD_47;2;4
ORD_1057;PROD_12;5;1
ORD_1057;PROD_15;6;2
ORD_1057;PROD_9;7;1
ORD_1057;PROD_1;1;4
ORD_1057;PROD_48;4;4
ORD_1057;PROD_41;8;1
ORD_1057;PROD_37;1;5
ORD_1057;PROD_12;1;1
ORD_1057;PROD_28;5;5
ORD_1057;PROD_33;2;3
ORD_1057;PROD_19;1;4
ORD_1057;PROD_18;7;1
ORD_1057;PROD_49;7;4
ORD_1057;PROD_34;3;2
ORD_1058;PROD_31;4;3
ORD_1058;PROD_36;8;2
ORD_1058;PROD_17;8;5
ORD_1058;PROD_19;4;1
ORD_1058;PROD_46;5;3
ORD_1058;PROD_43;4;4
ORD_1058;PROD_16;5;4
ORD_1058;PROD_14;5;3
ORD_1058;PROD_43;3;1
ORD_1058;PROD_22;6;3
ORD_1058;PROD_49;9;5
ORD_1059;PROD_19;1;5
ORD_1059;PROD_3;5;5
ORD_1059;PROD_28;1;3
ORD_1059;PROD_13;3;1
ORD_1059;PROD_17;6;4
ORD_1059;PROD_1;3;1
ORD_1060;PROD_24;2;4
ORD_1060;PROD_28;7;3
ORD_1060;PROD_7;8;1
ORD_1060;PROD_48;1;4
ORD_1060;PROD_15;7;5
ORD_1060;PROD_42;8;4
ORD_1060;PROD_45;8;1
ORD_1061;PROD_26;4;4
ORD_1061;PROD_37;6;2
ORD_1061;PROD_34;1;2
ORD_1061;PROD_14;3;3
ORD_1061;PROD_48;8;5
ORD_1061;PROD_26;4;2
ORD_1061;PROD_4;1;2
ORD_1061;PROD_1;2;3
ORD_1061;PROD_17;9;4
ORD_1061;PROD_2;1;4
ORD_1061;PROD_7;4;3
ORD_1061;PROD_3;3;5
ORD_1062;PROD_42;7;1
ORD_1062;PROD_29;2;1
ORD_1062;PROD_46;7;3
ORD_1062;PROD_31;9;4
ORD_1062;PROD_3;2;3
ORD_1062;PROD_5;9;3
ORD_1063;PROD_40;5;5
ORD_1063;PROD_26;8;5
ORD_1063;PROD_22;2;3
ORD_1063;PROD_20;7;1
ORD_1063;PROD_2;9;4
ORD_1063;PROD_31;8;4
ORD_1063;PROD_47;2;2
ORD_1064;PROD_16;6;2
ORD_1064;PROD_27;3;2
ORD_1064;PROD_40;4;5
ORD_1064;PROD_18;8;5
ORD_1064;PROD_23;8;1
ORD_1064;PROD_26;8;4
ORD_1064;PROD_45;4;2
ORD_1064;PROD_6;6;5
ORD_1064;PROD_23;2;1
ORD_1064;PROD_21;1;5
ORD_1064;PROD_17;8;3
ORD_1065;PROD_37;5;4
ORD_1065;PROD_12;5;1
ORD_1065;PROD_28;1;2
ORD_1065;PROD_30;6;2
ORD_1065;PROD_13;9;2
ORD_1065;PROD_38;5;2
ORD_1066;PROD_43;5;3
ORD_1066;PROD_40;9;2
ORD_1066;PROD_30;4;1
ORD_1066;PROD_33;9;2
ORD_1066;PROD_31;2;4
ORD_1066;PROD_2;8;2
ORD_1066;PROD_37;9;3
ORD_1066;PROD_45;2;4
ORD_1066;PROD_34;9;1
ORD_1066;PROD_3;3;3
ORD_1067;PROD_12;4;2
ORD_1067;PROD_47;5;5
ORD_1067;PROD_6;2;1
ORD_1067;PROD_23;6;5
ORD_1067;PROD_10;9;2
ORD_1067;PROD_5;5;5
ORD_1067;PROD_4;1;4
ORD_1067;PROD_35;8;4
ORD_1067;PROD_27;4;3
ORD_1067;PROD_41;7;4
ORD_1067;PROD_20;8;5
ORD_1067;PROD_15;6;5
ORD_1068;PROD_7;7;4
ORD_1068;PROD_11;5;4
ORD_1068;PROD_46;7;5
ORD_1068;PROD_13;5;5
ORD_1068;PROD_50;1;1
ORD_1068;PROD_24;6;1
ORD_1069;PROD_25;4;4
ORD_1069;PROD_6;6;5
ORD_1069;PROD_5;3;4
ORD_1069;PROD_6;8;4
ORD_1069;PROD_24;9;2
ORD_1069;PROD_3;7;2
ORD_1069;PROD_36;9;5
ORD_1069;PROD_15;8;1
ORD_1069;PROD_29;8;4
ORD_1069;PROD_11;8;2
ORD_1069;PROD_13;5;1
ORD_1070;PROD_3;5;4
ORD_1070;PROD_49;9;1
ORD_1070;PROD_19;7;3
ORD_1070;PROD_7;8;3
ORD_1070;PROD_37;5;3
ORD_1070;PROD_39;7;3
ORD_1070;PROD_28;4;2
ORD_1070;PROD_3;4;2
ORD_1071;PROD_30;3;1
ORD_1071;PROD_13;1;4
ORD_1071;PROD_38;5;4
ORD_1071;PROD_31;3;4
ORD_1071;PROD_5;2;4
ORD_1071;PROD_31;1;1
ORD_1071;PROD_5;5;5
ORD_1071;PROD_45;6;2
ORD_1071;PROD_39;4;5
ORD_1071;PROD_25;9;1
ORD_1071;PROD_28;1;2
ORD_1071;PROD_22;5;4
ORD_1072;PROD_36;3;3
ORD_1072;PROD_9;4;3
ORD_1072;PROD_31;7;3
ORD_1072;PROD_5;6;4
ORD_1072;PROD_2;4;4
ORD_1073;PROD_25;5;5
ORD_1073;PROD_6;3;3
ORD_1073;PROD_5;1;1
ORD_1073;PROD_43;9;1
ORD_1073;PROD_44;8;4
ORD_1073;PROD_29;5;4
ORD_1073;PROD_37;1;1
ORD_1073;PROD_24;1;1
ORD_1073;PROD_10;9;2
ORD_1073;PROD_5;5;2
ORD_1073;PROD_47;2;1
ORD_1073;PROD_2;7;5
ORD_1073;PROD_39;7;3
ORD_1073;PROD_8;6;3
ORD_1074;PROD_50;2;1
ORD_1074;PROD_22;8;4
ORD_1074;PROD_2;3;5
ORD_1074;PROD_30;1;2
ORD_1074;PROD_26;9;2
ORD_1074;PROD_41;4;4
ORD_1074;PROD_38;1;5
ORD_1074;PROD_21;1;5
ORD_1074;PROD_10;1;2
ORD_1074;PROD_11;6;5
ORD_1074;PROD_25;5;4
ORD_1074;PROD_20;7;3
ORD_1075;PROD_2;7;4
ORD_1075;PROD_11;6;1
ORD_1075;PROD_39;4;5
ORD_1075;PROD_28;2;3
ORD_1075;PROD_26;8;1
ORD_1075;PROD_37;9;3
ORD_1075;PROD_46;4;2
ORD_1075;PROD_44;1;1
ORD_1075;PROD_24;6;4
ORD_1076;PROD_9;2;2
ORD_1076;PROD_1;4;3
ORD_1076;PROD_48;3;2
ORD_1076;PROD_41;8;5
ORD_1076;PROD_29;7;2
ORD_1076;PROD_30;7;2
ORD_1076;PROD_50;1;5
ORD_1076;PROD_14;6;2
ORD_1076;PROD_1;8;1
ORD_1076;PROD_27;4;1
ORD_1076;PROD_24;7;5
ORD_1077;PROD_46;6;3
ORD_1077;PROD_46;5;4
ORD_1077;PROD_10;1;2
ORD_1077;PROD_14;9;1
ORD_1077;PROD_38;3;2
ORD_1077;PROD_1;7;5
ORD_1078;PROD_31;4;2
ORD_1078;PROD_5;4;1
ORD_1078;PROD_50;2;3
ORD_1078;PROD_20;8;4
ORD_1078;PROD_49;8;2
ORD_1078;PROD_44;4;5
ORD_1078;PROD_8;5;5
ORD_1078;PROD_21;4;3
ORD_1078;PROD_29;1;1
ORD_1079;PROD_43;2;1
ORD_1079;PROD_35;1;1
ORD_1079;PROD_9;2;3
ORD_1079;PROD_3;6;3
ORD_1079;PROD_44;7;5
ORD_1079;PROD_49;8;4
ORD_1079;PROD_47;3;5
ORD_1079;PROD_5;5;5
ORD_1079;PROD_39;6;4
ORD_1079;PROD_27;4;3
ORD_1079;PROD_11;1;4
ORD_1080;PROD_44;1;1
ORD_1080;PROD_33;5;3
ORD_1080;PROD_36;7;2
ORD_1080;PROD_9;1;3
ORD_1080;PROD_25;4;3
ORD_1080;PROD_3;8;3
ORD_1081;PROD_44;4;1
ORD_1081;PROD_33;1;1
ORD_1081;PROD_5;5;3
ORD_1081;PROD_24;8;2
ORD_1081;PROD_20;3;2
ORD_1081;PROD_39;4;1
ORD_1081;PROD_14;9;3
ORD_1081;PROD_23;4;5
ORD_1081;PROD_3;2;4
ORD_1081;PROD_48;4;4
ORD_1082;PROD_33;9;1
ORD_1082;PROD_5;3;2
ORD_1082;PROD_46;5;1
ORD_1082;PROD_9;2;5
ORD_1082;PROD_25;6;5
ORD_1082;PROD_2;9;1
ORD_1082;PROD_5;4;2
ORD_1082;PROD_43;3;2
ORD_1082;PROD_49;9;3
ORD_1082;PROD_21;8;3
ORD_1082;PROD_42;1;1
ORD_1083;PROD_21;9;4
ORD_1083;PROD_45;4;4
ORD_1083;PROD_24;1;3
ORD_1083;PROD_30;7;4
ORD_1083;PROD_37;7;5
ORD_1083;PROD_3;7;4
ORD_1083;PROD_30;9;5
ORD_1083;PROD_5;6;4
ORD_1083;PROD_23;5;2
ORD_1083;PROD_9;3;5
ORD_1083;PROD_5;8;1
ORD_1083;PROD_46;1;4
ORD_1084;PROD_16;4;5
ORD_1084;PROD_27;7;2
ORD_1084;PROD_27;6;4
ORD_1084;PROD_20;6;2
ORD_1084;PROD_32;6;4
ORD_1084;PROD_39;1;3
ORD_1084;PROD_22;5;4
ORD_1084;PROD_22;7;3
ORD_1084;PROD_32;2;5
ORD_1084;PROD_17;2;3
ORD_1085;PROD_33;5;4
ORD_1085;PROD_5;5;2
ORD_1085;PROD_46;9;3
ORD_1085;PROD_9;4;1
ORD_1085;PROD_1;6;5
ORD_1086;PROD_16;6;4
ORD_1086;PROD_27;4;4
ORD_1086;PROD_37;5;5
ORD_1086;PROD_12;9;2
ORD_1086;PROD_28;3;5
ORD_1086;PROD_2;8;5
ORD_1086;PROD_36;2;4
ORD_1086;PROD_1;8;5
ORD_1086;PROD_50;3;5
ORD_1086;PROD_23;9;4
ORD_1086;PROD_29;9;1
ORD_1086;PROD_21;6;1
ORD_1086;PROD_45;3;4
ORD_1086;PROD_22;3;5
ORD_1086;PROD_37;4;2
ORD_1087;PROD_40;1;5
ORD_1087;PROD_41;7;3
ORD_1087;PROD_30;9;5
ORD_1087;PROD_28;4;1
ORD_1087;PROD_37;4;3
ORD_1087;PROD_39;1;2
ORD_1088;PROD_17;9;4
ORD_1088;PROD_45;9;5
ORD_1088;PROD_30;6;5
ORD_1088;PROD_49;7;1
ORD_1088;PROD_17;2;3
ORD_1088;PROD_31;2;2
ORD_1088;PROD_42;4;3
ORD_1088;PROD_37;1;5
ORD_1088;PROD_40;8;3
ORD_1088;PROD_45;1;3
ORD_1088;PROD_13;6;3
ORD_1088;PROD_37;3;3
ORD_1089;PROD_13;2;5
ORD_1089;PROD_17;5;5
ORD_1089;PROD_40;9;1
ORD_1089;PROD_31;4;2
ORD_1089;PROD_32;1;1
ORD_1089;PROD_45;6;4
ORD_1089;PROD_28;7;2
ORD_1089;PROD_40;8;2
ORD_1089;PROD_30;4;3
ORD_1089;PROD_19;9;3
ORD_1089;PROD_31;6;4
ORD_1089;PROD_28;1;5
ORD_1089;PROD_12;2;4
ORD_1090;PROD_40;2;2
ORD_1090;PROD_15;2;1
ORD_1090;PROD_7;4;3
ORD_1090;PROD_30;8;5
ORD_1090;PROD_8;8;4
ORD_1090;PROD_48;6;5
ORD_1090;PROD_1;5;1
ORD_1090;PROD_34;5;3
ORD_1090;PROD_24;3;3
ORD_1090;PROD_18;3;5
ORD_1090;PROD_37;1;4
ORD_1090;PROD_10;5;5
ORD_1090;PROD_18;7;4
ORD_1090;PROD_8;5;4
ORD_1091;PROD_41;3;2
ORD_1091;PROD_8;4;3
ORD_1091;PROD_9;9;5
ORD_1091;PROD_3;9;1
ORD_1091;PROD_24;3;1
ORD_1091;PROD_37;4;3
ORD_1091;PROD_16;4;1
ORD_1091;PROD_12;3;1
ORD_1091;PROD_3;1;2
ORD_1092;PROD_29;2;1
ORD_1092;PROD_38;6;5
ORD_1092;PROD_26;2;1
ORD_1092;PROD_32;5;1
ORD_1092;PROD_34;4;4
ORD_1092;PROD_44;6;3
ORD_1092;PROD_32;9;1
ORD_1092;PROD_18;4;1
ORD_1092;PROD_16;8;2
ORD_1092;PROD_46;2;1
ORD_1092;PROD_24;6;1
ORD_1092;PROD_5;5;5
ORD_1092;PROD_44;3;2
ORD_1093;PROD_11;3;3
ORD_1093;PROD_49;4;1
ORD_1093;PROD_22;9;1
ORD_1093;PROD_3;5;2
ORD_1093;PROD_7;8;5
ORD_1093;PROD_26;5;3
ORD_1093;PROD_6;6;4
ORD_1093;PROD_17;7;4
ORD_1093;PROD_29;8;2
ORD_1093;PROD_18;1;5
ORD_1093;PROD_31;1;2
ORD_1093;PROD_7;2;2
ORD_1094;PROD_41;2;5
ORD_1094;PROD_1;6;4
ORD_1094;PROD_8;8;3
ORD_1094;PROD_49;2;3
ORD_1094;PROD_37;3;2
ORD_1094;PROD_28;3;1
ORD_1094;PROD_31;6;3
ORD_1094;PROD_46;4;3
ORD_1094;PROD_46;5;5
ORD_1094;PROD_36;9;3
ORD_1094;PROD_46;5;5
ORD_1094;PROD_49;2;3
ORD_1094;PROD_25;7;1
ORD_1094;PROD_37;8;5
ORD_1095;PROD_22;2;3
ORD_1095;PROD_22;4;4
ORD_1095;PROD_39;9;1
ORD_1095;PROD_25;1;2
ORD_1095;PROD_16;3;2
ORD_1096;PROD_32;1;4
ORD_1096;PROD_11;6;1
ORD_1096;PROD_41;2;5
ORD_1096;PROD_49;6;3
ORD_1096;PROD_37;8;5
ORD_1096;PROD_27;7;1
ORD_1096;PROD_26;4;5
ORD_1096;PROD_35;6;2
ORD_1096;PROD_24;5;1
ORD_1096;PROD_15;5;2
ORD_1096;PROD_45;1;2
ORD_1097;PROD_19;1;1
ORD_1097;PROD_5;9;4
ORD_1097;PROD_14;4;2
ORD_1097;PROD_29;9;1
ORD_1097;PROD_3;5;2
ORD_1097;PROD_44;3;5
ORD_1097;PROD_7;8;3
ORD_1097;PROD_29;2;3
ORD_1097;PROD_12;4;1
ORD_1097;PROD_7;5;4
ORD_1097;PROD_33;3;5
ORD_1098;PROD_6;9;2
ORD_1098;PROD_24;3;2
ORD_1098;PROD_41;7;1
ORD_1098;PROD_1;8;5
ORD_1098;PROD_30;3;4
ORD_1098;PROD_13;3;4
ORD_1098;PROD_38;5;1
ORD_1098;PROD_48;6;2
ORD_1098;PROD_1;1;4
ORD_1098;PROD_20;5;5
ORD_1098;PROD_1;2;2
ORD_1098;PROD_26;4;3
ORD_1098;PROD_37;2;5
ORD_1098;PROD_6;4;1
ORD_1098;PROD_6;8;5
ORD_1099;PROD_41;4;1
ORD_1099;PROD_43;7;2
ORD_1099;PROD_20;5;3
ORD_1099;PROD_3;7;3
ORD_1099;PROD_47;3;2
ORD_1099;PROD_47;7;3
ORD_1099;PROD_8;9;2
ORD_1099;PROD_23;5;2
ORD_1099;PROD_41;9;1
ORD_1099;PROD_1;9;5
ORD_1099;PROD_16;6;5
ORD_1100;PROD_14;9;2
ORD_1100;PROD_9;9;3
ORD_1100;PROD_17;6;4
ORD_1100;PROD_3;5;1
ORD_1100;PROD_50;8;2
ORD_1100;PROD_8;2;2
ORD_1100;PROD_47;5;1
ORD_1100;PROD_32;6;2
ORD_1100;PROD_28;4;3
ORD_1101;PROD_37;9;3
ORD_1101;PROD_12;1;4
ORD_1101;PROD_28;4;1
ORD_1101;PROD_20;8;5
ORD_1101;PROD_13;1;3
ORD_1101;PROD_9;9;4
ORD_1101;PROD_16;4;3
ORD_1101;PROD_13;2;4
ORD_1101;PROD_22;5;3
ORD_1101;PROD_30;5;3
ORD_1101;PROD_4;8;1
ORD_1101;PROD_18;3;2
ORD_1102;PROD_31;1;2
ORD_1102;PROD_12;1;3
ORD_1102;PROD_6;7;2
ORD_1102;PROD_49;7;2
ORD_1102;PROD_50;1;1
ORD_1102;PROD_35;5;1
ORD_1102;PROD_10;9;5
ORD_1102;PROD_42;1;2
ORD_1102;PROD_42;6;3
ORD_1102;PROD_49;9;2
ORD_1102;PROD_41;8;2
ORD_1102;PROD_10;6;3
ORD_1102;PROD_17;5;5
ORD_1102;PROD_25;8;3
ORD_1102;PROD_26;9;5
ORD_1103;PROD_9;7;5
ORD_1103;PROD_12;4;1
ORD_1103;PROD_20;7;1
ORD_1103;PROD_33;9;3
ORD_1103;PROD_7;7;5
ORD_1103;PROD_29;8;4
ORD_1103;PROD_30;1;1
ORD_1103;PROD_50;5;1
ORD_1103;PROD_14;2;3
ORD_1104;PROD_11;8;1
ORD_1104;PROD_23;8;2
ORD_1104;PROD_34;2;3
ORD_1104;PROD_43;7;2
ORD_1104;PROD_16;5;1
ORD_1104;PROD_15;7;1
ORD_1104;PROD_48;8;5
ORD_1104;PROD_41;5;1
ORD_1104;PROD_22;7;5
ORD_1105;PROD_42;2;5
ORD_1105;PROD_6;9;4
ORD_1105;PROD_15;8;1
ORD_1105;PROD_22;6;5
ORD_1105;PROD_35;6;4
ORD_1105;PROD_31;7;2
ORD_1105;PROD_41;2;1
ORD_1105;PROD_50;5;4
ORD_1105;PROD_12;4;3
ORD_1105;PROD_1;8;3
ORD_1105;PROD_20;9;1
ORD_1105;PROD_50;2;5
ORD_1105;PROD_30;6;1
ORD_1106;PROD_9;1;5
ORD_1106;PROD_1;6;4
ORD_1106;PROD_48;1;4
ORD_1106;PROD_41;9;5
ORD_1106;PROD_19;9;5
ORD_1106;PROD_3;6;3
ORD_1106;PROD_28;2;2
ORD_1106;PROD_36;3;5
ORD_1107;PROD_12;4;3
ORD_1107;PROD_15;3;4
ORD_1107;PROD_12;7;1
ORD_1107;PROD_47;3;3
ORD_1107;PROD_6;2;3
ORD_1107;PROD_23;7;3
ORD_1107;PROD_10;8;1
ORD_1107;PROD_5;3;5
ORD_1107;PROD_4;7;4
ORD_1107;PROD_35;8;4
ORD_1108;PROD_30;1;4
ORD_1108;PROD_29;3;1
ORD_1108;PROD_50;1;3
ORD_1108;PROD_42;1;2
ORD_1108;PROD_37;7;2
ORD_1108;PROD_6;7;5
ORD_1108;PROD_33;6;5
ORD_1108;PROD_22;8;5
ORD_1108;PROD_1;5;4
ORD_1108;PROD_31;4;1
ORD_1109;PROD_33;6;4
ORD_1109;PROD_14;8;3
ORD_1109;PROD_37;4;1
ORD_1109;PROD_45;2;2
ORD_1109;PROD_44;7;3
ORD_1109;PROD_43;1;5
ORD_1109;PROD_44;6;2
ORD_1109;PROD_49;6;4
ORD_1109;PROD_8;6;3
ORD_1109;PROD_15;9;4
ORD_1109;PROD_37;8;2
ORD_1109;PROD_18;4;5
ORD_1109;PROD_34;5;3
ORD_1110;PROD_21;8;5
ORD_1110;PROD_13;7;2
ORD_1110;PROD_20;6;2
ORD_1110;PROD_23;1;1
ORD_1110;PROD_11;9;1
ORD_1110;PROD_36;6;5
ORD_1110;PROD_49;4;5
ORD_1110;PROD_47;5;4
ORD_1110;PROD_16;5;3
ORD_1111;PROD_27;2;3
ORD_1111;PROD_41;8;3
ORD_1111;PROD_33;8;3
ORD_1111;PROD_5;6;1
ORD_1111;PROD_46;5;1
ORD_1111;PROD_9;6;4
ORD_1111;PROD_47;7;3
ORD_1111;PROD_50;4;5
ORD_1111;PROD_15;2;5
ORD_1111;PROD_31;9;2
ORD_1111;PROD_6;4;2
ORD_1111;PROD_40;1;1
ORD_1111;PROD_34;7;5
ORD_1111;PROD_33;9;1
ORD_1112;PROD_36;2;1
ORD_1112;PROD_9;1;3
ORD_1112;PROD_2;9;1
ORD_1112;PROD_41;7;3
ORD_1112;PROD_34;3;3
ORD_1112;PROD_2;1;2
ORD_1112;PROD_46;5;5
ORD_1112;PROD_5;4;2
ORD_1112;PROD_1;3;5
ORD_1112;PROD_28;9;3
ORD_1112;PROD_6;8;4
ORD_1112;PROD_28;4;5
ORD_1113;PROD_35;9;5
ORD_1113;PROD_34;4;5
ORD_1113;PROD_31;9;4
ORD_1113;PROD_15;2;4
ORD_1113;PROD_2;2;2
ORD_1113;PROD_3;8;4
ORD_1113;PROD_30;2;5
ORD_1114;PROD_25;9;4
ORD_1114;PROD_6;6;4
ORD_1114;PROD_5;1;4
ORD_1114;PROD_21;3;5
ORD_1114;PROD_45;6;1
ORD_1114;PROD_24;6;4
ORD_1114;PROD_30;3;4
ORD_1114;PROD_37;8;1
ORD_1114;PROD_33;9;2
ORD_1115;PROD_2;5;5
ORD_1115;PROD_41;2;5
ORD_1115;PROD_48;4;3
ORD_1115;PROD_47;2;5
ORD_1115;PROD_39;5;3
ORD_1115;PROD_19;6;1
ORD_1116;PROD_36;5;5
ORD_1116;PROD_30;8;5
ORD_1116;PROD_37;5;1
ORD_1116;PROD_12;4;4
ORD_1116;PROD_28;5;4
ORD_1116;PROD_36;8;3
ORD_1116;PROD_23;7;1
ORD_1116;PROD_21;2;3
ORD_1116;PROD_47;8;1
ORD_1116;PROD_17;2;5
ORD_1116;PROD_11;7;4
ORD_1116;PROD_17;2;5
ORD_1117;PROD_33;8;1
ORD_1117;PROD_24;9;1
ORD_1117;PROD_27;6;5
ORD_1117;PROD_18;7;1
ORD_1117;PROD_10;2;5
ORD_1117;PROD_39;8;4
ORD_1117;PROD_35;6;5
ORD_1117;PROD_39;2;1
ORD_1117;PROD_43;4;1
ORD_1117;PROD_40;2;4
ORD_1117;PROD_9;4;2
ORD_1118;PROD_36;5;5
ORD_1118;PROD_30;6;5
ORD_1118;PROD_10;8;3
ORD_1118;PROD_5;1;4
ORD_1118;PROD_4;4;3
ORD_1118;PROD_35;6;5
ORD_1118;PROD_41;4;1
ORD_1118;PROD_1;4;5
ORD_1118;PROD_27;1;4
ORD_1119;PROD_10;8;2
ORD_1119;PROD_40;2;4
ORD_1119;PROD_47;8;3
ORD_1119;PROD_26;3;1
ORD_1119;PROD_16;7;2
ORD_1119;PROD_34;6;2
ORD_1119;PROD_16;8;5
ORD_1119;PROD_29;9;4
ORD_1119;PROD_30;8;4
ORD_1119;PROD_46;7;5
ORD_1120;PROD_16;2;4
ORD_1120;PROD_27;3;3
ORD_1120;PROD_27;2;2
ORD_1120;PROD_41;4;3
ORD_1120;PROD_42;2;4
ORD_1120;PROD_5;7;1
ORD_1120;PROD_22;1;4
ORD_1120;PROD_8;6;2
ORD_1120;PROD_21;7;1
ORD_1120;PROD_12;3;1
ORD_1120;PROD_26;7;2
ORD_1120;PROD_19;8;2
ORD_1120;PROD_15;8;2
ORD_1120;PROD_42;8;5
ORD_1120;PROD_2;6;3
ORD_1121;PROD_19;2;2
ORD_1121;PROD_31;7;2
ORD_1121;PROD_2;6;5
ORD_1121;PROD_32;1;3
ORD_1121;PROD_1;6;1
ORD_1121;PROD_27;5;5
ORD_1121;PROD_25;2;3
ORD_1122;PROD_27;2;4
ORD_1122;PROD_41;8;1
ORD_1122;PROD_25;4;4
ORD_1122;PROD_6;4;1
ORD_1122;PROD_5;1;2
ORD_1122;PROD_36;3;5
ORD_1122;PROD_9;3;2
ORD_1122;PROD_16;7;4
ORD_1122;PROD_26;6;2
ORD_1122;PROD_50;1;1
ORD_1122;PROD_33;5;5
ORD_1123;PROD_10;3;1
ORD_1123;PROD_5;6;2
ORD_1123;PROD_4;1;4
ORD_1123;PROD_35;5;3
ORD_1123;PROD_3;8;2
ORD_1123;PROD_49;1;3
ORD_1123;PROD_19;1;2
ORD_1123;PROD_7;9;2
ORD_1123;PROD_2;3;3
ORD_1123;PROD_16;3;4
ORD_1124;PROD_29;6;3
ORD_1124;PROD_30;1;2
ORD_1124;PROD_50;6;3
ORD_1124;PROD_14;7;3
ORD_1124;PROD_1;8;4
ORD_1124;PROD_37;9;1
ORD_1124;PROD_16;9;5
ORD_1124;PROD_2;3;4
ORD_1124;PROD_20;8;1
ORD_1125;PROD_25;4;3
ORD_1125;PROD_12;8;2
ORD_1125;PROD_46;4;2
ORD_1125;PROD_9;1;1
ORD_1125;PROD_5;1;3
ORD_1125;PROD_26;7;4
ORD_1125;PROD_47;3;2
ORD_1125;PROD_10;2;1
ORD_1125;PROD_12;3;1
ORD_1126;PROD_19;5;5
ORD_1126;PROD_3;5;2
ORD_1126;PROD_28;1;4
ORD_1126;PROD_19;2;5
ORD_1126;PROD_3;6;5
ORD_1126;PROD_28;4;3
ORD_1126;PROD_39;6;3
ORD_1127;PROD_44;2;2
ORD_1127;PROD_33;3;2
ORD_1127;PROD_12;1;4
ORD_1127;PROD_15;7;1
ORD_1127;PROD_15;2;3
ORD_1127;PROD_2;8;3
ORD_1127;PROD_34;4;1
ORD_1127;PROD_2;2;1
ORD_1127;PROD_45;7;5
ORD_1127;PROD_35;9;3
ORD_1127;PROD_10;7;2
ORD_1128;PROD_7;3;2
ORD_1128;PROD_17;5;5
ORD_1128;PROD_28;4;2
ORD_1128;PROD_11;4;4
ORD_1128;PROD_19;8;2
ORD_1128;PROD_5;6;4
ORD_1128;PROD_1;9;4
ORD_1128;PROD_8;7;3
ORD_1128;PROD_45;4;3
ORD_1128;PROD_10;7;3
ORD_1128;PROD_19;8;4
ORD_1128;PROD_43;5;5
ORD_1128;PROD_7;2;4
ORD_1129;PROD_21;9;3
ORD_1129;PROD_45;4;4
ORD_1129;PROD_24;1;5
ORD_1129;PROD_30;5;4
ORD_1129;PROD_37;7;3
ORD_1129;PROD_3;4;1
ORD_1129;PROD_49;1;3
ORD_1129;PROD_19;6;1
ORD_1129;PROD_7;3;3
ORD_1129;PROD_6;4;5
ORD_1129;PROD_23;2;2
ORD_1129;PROD_42;2;1
ORD_1129;PROD_19;9;3
ORD_1130;PROD_36;9;2
ORD_1130;PROD_30;4;3
ORD_1130;PROD_41;6;5
ORD_1130;PROD_1;9;2
ORD_1130;PROD_25;7;3
ORD_1130;PROD_6;8;4
ORD_1130;PROD_5;3;1
ORD_1130;PROD_28;4;2
ORD_1130;PROD_46;9;5
ORD_1130;PROD_44;1;2
ORD_1130;PROD_24;5;4
ORD_1131;PROD_16;8;1
ORD_1131;PROD_27;1;4
ORD_1131;PROD_19;5;2
ORD_1131;PROD_3;8;5
ORD_1131;PROD_28;9;5
ORD_1131;PROD_30;7;2
ORD_1131;PROD_13;7;1
ORD_1131;PROD_38;4;3
ORD_1131;PROD_23;9;4
ORD_1131;PROD_42;7;3
ORD_1132;PROD_39;8;2
ORD_1132;PROD_31;7;4
ORD_1132;PROD_6;7;4
ORD_1132;PROD_3;5;4
ORD_1132;PROD_22;2;1
ORD_1132;PROD_28;7;3
ORD_1132;PROD_22;1;3
ORD_1132;PROD_34;8;3
ORD_1132;PROD_36;6;4
ORD_1133;PROD_2;9;5
ORD_1133;PROD_36;5;4
ORD_1133;PROD_1;6;4
ORD_1133;PROD_50;6;5
ORD_1133;PROD_23;6;1
ORD_1133;PROD_31;9;2
ORD_1134;PROD_47;1;2
ORD_1134;PROD_20;6;5
ORD_1134;PROD_11;4;5
ORD_1134;PROD_11;5;4
ORD_1134;PROD_48;6;2
ORD_1134;PROD_16;7;3
ORD_1134;PROD_1;7;1
ORD_1134;PROD_48;4;1
ORD_1134;PROD_23;7;4
ORD_1134;PROD_42;6;5
ORD_1134;PROD_9;5;4
ORD_1134;PROD_28;5;1
ORD_1134;PROD_36;8;2
ORD_1134;PROD_19;7;3
ORD_1135;PROD_44;8;5
ORD_1135;PROD_33;7;1
ORD_1135;PROD_29;8;4
ORD_1135;PROD_9;9;2
ORD_1135;PROD_12;3;1
ORD_1135;PROD_21;1;2
ORD_1135;PROD_31;8;1
ORD_1135;PROD_49;8;5
ORD_1135;PROD_30;1;4
ORD_1135;PROD_20;6;5
ORD_1135;PROD_48;8;5
ORD_1135;PROD_23;5;4
ORD_1135;PROD_47;9;1
ORD_1136;PROD_42;5;1
ORD_1136;PROD_20;3;5
ORD_1136;PROD_17;7;1
ORD_1136;PROD_48;3;3
ORD_1136;PROD_36;1;4
ORD_1136;PROD_12;5;1
ORD_1136;PROD_32;2;1
ORD_1137;PROD_13;5;2
ORD_1137;PROD_17;7;5
ORD_1137;PROD_1;9;4
ORD_1137;PROD_27;8;1
ORD_1137;PROD_26;3;3
ORD_1137;PROD_40;9;1
ORD_1137;PROD_16;6;2
ORD_1137;PROD_8;9;1
ORD_1137;PROD_9;6;3
ORD_1137;PROD_42;6;2
ORD_1137;PROD_19;9;3
ORD_1137;PROD_2;2;2
ORD_1138;PROD_21;6;2
ORD_1138;PROD_14;8;3
ORD_1138;PROD_33;1;2
ORD_1138;PROD_10;2;4
ORD_1138;PROD_10;6;3
ORD_1138;PROD_31;7;4
ORD_1138;PROD_12;4;3
ORD_1139;PROD_21;1;1
ORD_1139;PROD_12;9;3
ORD_1139;PROD_30;4;4
ORD_1139;PROD_41;1;4
ORD_1139;PROD_28;9;3
ORD_1139;PROD_29;9;5
ORD_1139;PROD_44;1;5
ORD_1139;PROD_20;6;4
ORD_1139;PROD_23;1;3
ORD_1139;PROD_9;6;5
ORD_1139;PROD_5;8;5
ORD_1140;PROD_36;7;5
ORD_1140;PROD_9;8;3
ORD_1140;PROD_1;3;4
ORD_1140;PROD_20;1;3
ORD_1140;PROD_5;2;1
ORD_1140;PROD_25;7;3
ORD_1140;PROD_12;2;2
ORD_1140;PROD_12;3;2
ORD_1141;PROD_50;4;5
ORD_1141;PROD_3;4;4
ORD_1141;PROD_44;8;1
ORD_1141;PROD_23;9;3
ORD_1141;PROD_43;7;4
ORD_1141;PROD_24;5;1
ORD_1141;PROD_13;5;3
ORD_1141;PROD_16;2;5
ORD_1141;PROD_14;7;2
ORD_1141;PROD_44;5;1
ORD_1141;PROD_29;8;1
ORD_1141;PROD_34;7;1
ORD_1141;PROD_8;6;4
ORD_1141;PROD_39;9;1
ORD_1141;PROD_37;1;1
ORD_1142;PROD_36;8;1
ORD_1142;PROD_30;2;3
ORD_1142;PROD_17;9;1
ORD_1142;PROD_38;3;4
ORD_1142;PROD_28;5;3
ORD_1143;PROD_21;9;5
ORD_1143;PROD_45;1;1
ORD_1143;PROD_24;3;1
ORD_1143;PROD_30;9;4
ORD_1143;PROD_37;4;2
ORD_1143;PROD_9;9;3
ORD_1143;PROD_1;9;3
ORD_1143;PROD_48;5;1
ORD_1144;PROD_2;9;1
ORD_1144;PROD_36;9;3
ORD_1144;PROD_1;3;3
ORD_1144;PROD_50;7;3
ORD_1144;PROD_23;1;2
ORD_1144;PROD_10;8;3
ORD_1144;PROD_5;2;5
ORD_1144;PROD_4;2;4
ORD_1144;PROD_35;7;3
ORD_1144;PROD_20;4;4
ORD_1144;PROD_46;1;1
ORD_1144;PROD_41;8;2
ORD_1144;PROD_29;7;2
ORD_1145;PROD_20;7;2
ORD_1145;PROD_44;9;3
ORD_1145;PROD_35;4;3
ORD_1145;PROD_42;3;2
ORD_1145;PROD_20;9;4
ORD_1145;PROD_1;7;3
ORD_1145;PROD_43;3;3
ORD_1145;PROD_30;6;3
ORD_1146;PROD_19;1;2
ORD_1146;PROD_41;5;4
ORD_1146;PROD_17;8;5
ORD_1146;PROD_30;8;1
ORD_1146;PROD_23;3;3
ORD_1146;PROD_35;9;4
ORD_1146;PROD_18;4;1
ORD_1146;PROD_48;8;2
ORD_1146;PROD_49;8;4
ORD_1146;PROD_26;9;4
ORD_1146;PROD_1;9;4
ORD_1146;PROD_5;9;3
ORD_1146;PROD_41;4;5
ORD_1146;PROD_50;1;1
ORD_1146;PROD_41;7;5
ORD_1147;PROD_12;6;5
ORD_1147;PROD_12;9;1
ORD_1147;PROD_21;5;5
ORD_1147;PROD_13;7;1
ORD_1147;PROD_8;5;2
ORD_1147;PROD_46;6;2
ORD_1147;PROD_47;9;4
ORD_1147;PROD_18;5;1
ORD_1147;PROD_13;2;2
ORD_1147;PROD_13;7;2
ORD_1148;PROD_5;6;4
ORD_1148;PROD_47;5;5
ORD_1148;PROD_23;9;4
ORD_1148;PROD_28;7;4
ORD_1148;PROD_14;7;3
ORD_1148;PROD_15;5;4
ORD_1148;PROD_5;1;1
ORD_1148;PROD_30;2;2
ORD_1148;PROD_8;5;4
ORD_1148;PROD_35;4;5
ORD_1148;PROD_32;8;1
ORD_1148;PROD_30;5;5
ORD_1149;PROD_25;4;1
ORD_1149;PROD_24;7;1
ORD_1149;PROD_47;1;5
ORD_1149;PROD_8;4;5
ORD_1149;PROD_18;3;5
ORD_1149;PROD_17;1;2
ORD_1149;PROD_5;7;4
ORD_1149;PROD_36;7;2
ORD_1149;PROD_4;8;3
ORD_1149;PROD_47;2;2
ORD_1149;PROD_24;5;2
ORD_1149;PROD_47;5;4
ORD_1149;PROD_49;6;2
ORD_1150;PROD_33;6;3
ORD_1150;PROD_5;9;4
ORD_1150;PROD_46;5;2
ORD_1150;PROD_27;7;4
ORD_1150;PROD_41;7;1
ORD_1151;PROD_22;6;4
ORD_1151;PROD_26;1;4
ORD_1151;PROD_32;2;2
ORD_1151;PROD_12;1;3
ORD_1151;PROD_5;2;4
ORD_1151;PROD_37;7;1
ORD_1151;PROD_42;9;1
ORD_1151;PROD_29;8;1
ORD_1151;PROD_47;3;2
ORD_1151;PROD_3;2;4
ORD_1151;PROD_33;4;1
ORD_1151;PROD_35;2;2
ORD_1152;PROD_37;9;4
ORD_1152;PROD_12;5;2
ORD_1152;PROD_28;4;2
ORD_1152;PROD_6;3;4
ORD_1152;PROD_24;7;1
ORD_1152;PROD_12;9;5
ORD_1152;PROD_15;5;4
ORD_1152;PROD_11;2;3
ORD_1153;PROD_36;6;2
ORD_1153;PROD_1;5;2
ORD_1153;PROD_35;3;4
ORD_1153;PROD_39;6;2
ORD_1153;PROD_28;6;5
ORD_1153;PROD_30;8;1
ORD_1153;PROD_27;3;2
ORD_1153;PROD_25;7;4
ORD_1153;PROD_43;3;4
ORD_1154;PROD_22;5;3
ORD_1154;PROD_18;1;5
ORD_1154;PROD_8;7;1
ORD_1154;PROD_47;9;5
ORD_1154;PROD_27;3;4
ORD_1154;PROD_35;7;4
ORD_1154;PROD_15;9;4
ORD_1154;PROD_32;6;3
ORD_1154;PROD_13;5;4
ORD_1154;PROD_18;1;1
ORD_1154;PROD_16;7;4
ORD_1154;PROD_22;1;4
ORD_1154;PROD_50;4;4
ORD_1154;PROD_29;4;4
ORD_1154;PROD_31;2;2
ORD_1155;PROD_29;4;3
ORD_1155;PROD_13;3;1
ORD_1155;PROD_41;2;5
ORD_1155;PROD_10;9;2
ORD_1155;PROD_16;8;3
ORD_1155;PROD_48;4;2
ORD_1155;PROD_45;8;3
ORD_1155;PROD_42;6;2
ORD_1156;PROD_35;9;4
ORD_1156;PROD_24;8;1
ORD_1156;PROD_19;5;3
ORD_1156;PROD_39;1;1
ORD_1156;PROD_49;5;5
ORD_1156;PROD_44;3;3
ORD_1156;PROD_10;8;1
ORD_1156;PROD_41;2;4
ORD_1156;PROD_4;4;5
ORD_1156;PROD_45;6;1
ORD_1156;PROD_47;3;2
ORD_1156;PROD_50;5;3
ORD_1156;PROD_39;5;5
ORD_1156;PROD_32;2;3
ORD_1156;PROD_48;4;1
ORD_1157;PROD_5;1;1
ORD_1157;PROD_13;8;3
ORD_1157;PROD_12;9;1
ORD_1157;PROD_11;4;4
ORD_1157;PROD_9;5;2
ORD_1157;PROD_9;3;3
ORD_1157;PROD_27;7;5
ORD_1157;PROD_17;7;5
ORD_1157;PROD_37;8;4
ORD_1157;PROD_19;8;1
ORD_1157;PROD_48;8;1
ORD_1157;PROD_45;8;3
ORD_1158;PROD_44;4;4
ORD_1158;PROD_33;2;5
ORD_1158;PROD_3;2;2
ORD_1158;PROD_49;1;5
ORD_1158;PROD_19;7;1
ORD_1158;PROD_7;6;4
ORD_1158;PROD_6;5;3
ORD_1159;PROD_4;4;3
ORD_1159;PROD_1;9;2
ORD_1159;PROD_38;4;5
ORD_1159;PROD_50;9;2
ORD_1159;PROD_19;3;4
ORD_1159;PROD_10;3;1
ORD_1159;PROD_47;6;2
ORD_1159;PROD_11;4;2
ORD_1159;PROD_1;4;3
ORD_1159;PROD_48;7;2
ORD_1160;PROD_39;8;4
ORD_1160;PROD_50;4;1
ORD_1160;PROD_12;5;1
ORD_1160;PROD_11;8;2
ORD_1160;PROD_4;5;4
ORD_1160;PROD_37;7;4
ORD_1160;PROD_4;8;1
ORD_1160;PROD_5;5;5
ORD_1160;PROD_22;5;2
ORD_1160;PROD_50;9;2
ORD_1160;PROD_18;5;1
ORD_1160;PROD_12;8;2
ORD_1160;PROD_41;8;4
ORD_1160;PROD_33;8;5
ORD_1161;PROD_29;2;1
ORD_1161;PROD_48;2;1
ORD_1161;PROD_36;8;5
ORD_1161;PROD_21;2;3
ORD_1161;PROD_30;9;5
ORD_1161;PROD_1;5;2
ORD_1161;PROD_3;5;3
ORD_1161;PROD_35;1;1
ORD_1161;PROD_25;4;5
ORD_1161;PROD_12;7;2
ORD_1161;PROD_49;1;4
ORD_1161;PROD_38;3;3
ORD_1161;PROD_49;3;3
ORD_1161;PROD_39;2;1
ORD_1161;PROD_5;7;5
ORD_1162;PROD_10;5;5
ORD_1162;PROD_23;4;3
ORD_1162;PROD_16;5;3
ORD_1162;PROD_18;4;5
ORD_1162;PROD_29;5;1
ORD_1162;PROD_36;9;1
ORD_1162;PROD_40;6;2
ORD_1162;PROD_41;6;2
ORD_1162;PROD_48;6;4
ORD_1163;PROD_13;1;1
ORD_1163;PROD_17;9;3
ORD_1163;PROD_1;7;5
ORD_1163;PROD_27;2;2
ORD_1163;PROD_37;7;5
ORD_1164;PROD_9;3;1
ORD_1164;PROD_4;2;1
ORD_1164;PROD_12;4;4
ORD_1164;PROD_34;7;4
ORD_1164;PROD_24;3;5
ORD_1164;PROD_4;4;2
ORD_1164;PROD_31;5;5
ORD_1164;PROD_50;9;5
ORD_1164;PROD_34;8;2
ORD_1164;PROD_46;1;5
ORD_1164;PROD_33;1;2
ORD_1164;PROD_2;3;4
ORD_1164;PROD_38;7;5
ORD_1164;PROD_32;8;2
ORD_1165;PROD_12;5;2
ORD_1165;PROD_15;2;5
ORD_1165;PROD_31;2;3
ORD_1165;PROD_47;7;2
ORD_1165;PROD_21;3;3
ORD_1165;PROD_20;4;5
ORD_1165;PROD_16;9;5
ORD_1165;PROD_44;8;4
ORD_1165;PROD_48;9;1
ORD_1165;PROD_28;5;2
ORD_1165;PROD_30;1;1
ORD_1165;PROD_50;8;2
ORD_1165;PROD_12;3;4
ORD_1165;PROD_7;8;2
ORD_1166;PROD_34;3;5
ORD_1166;PROD_8;1;5
ORD_1166;PROD_8;5;2
ORD_1166;PROD_17;1;2
ORD_1166;PROD_11;3;2
ORD_1167;PROD_41;6;5
ORD_1167;PROD_14;6;4
ORD_1167;PROD_45;6;2
ORD_1167;PROD_49;3;3
ORD_1167;PROD_36;1;4
ORD_1167;PROD_37;5;5
ORD_1167;PROD_41;9;1
ORD_1167;PROD_44;7;3
ORD_1167;PROD_22;4;4
ORD_1167;PROD_15;4;5
ORD_1167;PROD_37;3;1
ORD_1167;PROD_20;1;1
ORD_1167;PROD_8;9;2
ORD_1167;PROD_50;2;5
ORD_1167;PROD_5;9;5
ORD_1168;PROD_30;1;1
ORD_1168;PROD_36;1;4
ORD_1168;PROD_37;8;5
ORD_1168;PROD_48;2;4
ORD_1168;PROD_23;3;4
ORD_1168;PROD_14;7;2
ORD_1168;PROD_18;3;4
ORD_1168;PROD_19;3;3
ORD_1168;PROD_23;4;2
ORD_1168;PROD_27;1;2
ORD_1168;PROD_22;3;4
ORD_1169;PROD_31;7;3
ORD_1169;PROD_5;8;1
ORD_1169;PROD_33;5;1
ORD_1169;PROD_5;2;2
ORD_1169;PROD_46;9;2
ORD_1169;PROD_37;6;5
ORD_1169;PROD_40;8;3
ORD_1169;PROD_42;4;2
ORD_1169;PROD_42;4;1
ORD_1170;PROD_9;9;2
ORD_1170;PROD_1;3;3
ORD_1170;PROD_48;1;3
ORD_1170;PROD_41;1;2
ORD_1170;PROD_9;7;4
ORD_1170;PROD_12;4;5
ORD_1170;PROD_20;1;2
ORD_1171;PROD_31;9;5
ORD_1171;PROD_5;5;3
ORD_1171;PROD_21;1;5
ORD_1171;PROD_45;3;3
ORD_1171;PROD_24;9;5
ORD_1171;PROD_30;3;5
ORD_1171;PROD_37;6;1
ORD_1171;PROD_24;2;3
ORD_1171;PROD_43;8;2
ORD_1172;PROD_8;8;1
ORD_1172;PROD_16;7;2
ORD_1172;PROD_25;1;3
ORD_1172;PROD_34;9;5
ORD_1172;PROD_6;2;5
ORD_1172;PROD_26;3;5
ORD_1172;PROD_41;1;2
ORD_1172;PROD_21;7;1
ORD_1172;PROD_4;5;1
ORD_1172;PROD_46;1;1
ORD_1172;PROD_13;9;4
ORD_1172;PROD_42;5;5
ORD_1172;PROD_6;5;3
ORD_1172;PROD_8;1;1
ORD_1172;PROD_45;9;1
ORD_1173;PROD_47;7;3
ORD_1173;PROD_44;9;4
ORD_1173;PROD_3;2;3
ORD_1173;PROD_49;6;1
ORD_1173;PROD_19;8;5
ORD_1173;PROD_7;4;1
ORD_1174;PROD_18;4;3
ORD_1174;PROD_29;6;2
ORD_1174;PROD_16;4;2
ORD_1174;PROD_46;8;5
ORD_1174;PROD_45;1;4
ORD_1174;PROD_27;4;4
ORD_1174;PROD_36;9;3
ORD_1174;PROD_32;8;4
ORD_1174;PROD_10;9;3
ORD_1174;PROD_34;5;5
ORD_1174;PROD_46;2;2
ORD_1174;PROD_38;6;2
ORD_1174;PROD_20;6;2
ORD_1174;PROD_2;9;4
ORD_1175;PROD_13;9;1
ORD_1175;PROD_32;3;4
ORD_1175;PROD_17;2;1
ORD_1175;PROD_17;9;1
ORD_1175;PROD_9;7;4
ORD_1175;PROD_50;5;2
ORD_1175;PROD_23;7;3
ORD_1175;PROD_45;7;5
ORD_1176;PROD_10;3;1
ORD_1176;PROD_5;6;2
ORD_1176;PROD_4;3;4
ORD_1176;PROD_35;5;1
ORD_1176;PROD_48;3;5
ORD_1176;PROD_27;5;1
ORD_1176;PROD_4;2;1
ORD_1177;PROD_16;5;1
ORD_1177;PROD_27;5;3
ORD_1177;PROD_39;4;1
ORD_1177;PROD_42;3;5
ORD_1177;PROD_35;4;5
ORD_1177;PROD_22;4;2
ORD_1178;PROD_45;6;5
ORD_1178;PROD_30;1;4
ORD_1178;PROD_48;5;2
ORD_1178;PROD_7;9;2
ORD_1178;PROD_14;3;2
ORD_1178;PROD_30;8;5
ORD_1178;PROD_11;1;3
ORD_1178;PROD_35;4;4
ORD_1178;PROD_10;7;4
ORD_1178;PROD_16;8;1
ORD_1178;PROD_7;2;4
ORD_1179;PROD_44;4;4
ORD_1179;PROD_33;9;4
ORD_1179;PROD_30;9;4
ORD_1179;PROD_13;3;3
ORD_1179;PROD_38;5;5
ORD_1179;PROD_12;3;2
ORD_1180;PROD_6;7;4
ORD_1180;PROD_24;9;5
ORD_1180;PROD_31;1;1
ORD_1180;PROD_5;5;2
ORD_1180;PROD_12;6;3
ORD_1180;PROD_15;5;4
ORD_1180;PROD_44;9;1
ORD_1180;PROD_40;3;4
ORD_1180;PROD_26;9;4
ORD_1181;PROD_40;7;3
ORD_1181;PROD_22;4;2
ORD_1181;PROD_6;1;5
ORD_1181;PROD_22;4;3
ORD_1181;PROD_27;8;1
ORD_1181;PROD_38;9;1
ORD_1181;PROD_32;4;3
ORD_1181;PROD_18;7;3
ORD_1181;PROD_38;8;2
ORD_1181;PROD_41;6;1
ORD_1181;PROD_3;9;5
ORD_1182;PROD_27;4;5
ORD_1182;PROD_41;9;1
ORD_1182;PROD_8;9;4
ORD_1182;PROD_10;5;3
ORD_1182;PROD_32;1;2
ORD_1182;PROD_18;7;1
ORD_1183;PROD_5;3;5
ORD_1183;PROD_14;3;2
ORD_1183;PROD_32;3;4
ORD_1183;PROD_28;4;1
ORD_1183;PROD_24;3;4
ORD_1183;PROD_38;8;1
ORD_1183;PROD_43;2;4
ORD_1183;PROD_10;2;5
ORD_1184;PROD_16;3;5
ORD_1184;PROD_27;1;3
ORD_1184;PROD_19;4;1
ORD_1184;PROD_3;2;2
ORD_1184;PROD_28;8;3
ORD_1184;PROD_45;8;4
ORD_1185;PROD_40;4;2
ORD_1185;PROD_1;1;2
ORD_1185;PROD_33;6;5
ORD_1185;PROD_10;1;5
ORD_1185;PROD_40;8;5
ORD_1185;PROD_25;8;5
ORD_1185;PROD_1;5;5
ORD_1185;PROD_17;9;3
ORD_1185;PROD_38;4;4
ORD_1185;PROD_50;4;5
ORD_1185;PROD_43;1;3
ORD_1185;PROD_32;5;5
ORD_1185;PROD_22;4;3
ORD_1185;PROD_49;7;2
ORD_1186;PROD_35;3;2
ORD_1186;PROD_22;2;4
ORD_1186;PROD_21;8;4
ORD_1186;PROD_2;3;5
ORD_1186;PROD_25;5;3
ORD_1186;PROD_10;6;3
ORD_1186;PROD_46;9;2
ORD_1186;PROD_44;5;2
ORD_1186;PROD_50;9;1
ORD_1187;PROD_23;5;1
ORD_1187;PROD_6;7;5
ORD_1187;PROD_31;9;2
ORD_1187;PROD_43;9;2
ORD_1187;PROD_27;1;4
ORD_1188;PROD_37;2;2
ORD_1188;PROD_12;5;4
ORD_1188;PROD_28;2;2
ORD_1188;PROD_50;7;4
ORD_1188;PROD_27;3;3
ORD_1188;PROD_29;6;1
ORD_1188;PROD_23;1;3
ORD_1188;PROD_9;8;4
ORD_1188;PROD_36;6;2
ORD_1188;PROD_31;1;1
ORD_1188;PROD_43;5;2
ORD_1188;PROD_13;4;4
ORD_1189;PROD_4;2;2
ORD_1189;PROD_15;3;4
ORD_1189;PROD_21;6;3
ORD_1189;PROD_4;9;2
ORD_1189;PROD_22;2;4
ORD_1189;PROD_29;8;4
ORD_1189;PROD_8;1;3
ORD_1189;PROD_16;8;5
ORD_1189;PROD_3;4;3
ORD_1189;PROD_15;9;1
ORD_1189;PROD_13;7;5
ORD_1189;PROD_9;7;2
ORD_1189;PROD_27;8;2
ORD_1189;PROD_18;8;5
ORD_1189;PROD_3;8;3
ORD_1190;PROD_49;4;4
ORD_1190;PROD_46;3;4
ORD_1190;PROD_4;5;3
ORD_1190;PROD_48;3;5
ORD_1190;PROD_19;7;2
ORD_1190;PROD_41;8;3
ORD_1191;PROD_4;9;5
ORD_1191;PROD_45;4;2
ORD_1191;PROD_29;9;5
ORD_1191;PROD_9;4;5
ORD_1191;PROD_40;2;1
ORD_1191;PROD_29;1;4
ORD_1191;PROD_38;1;2
ORD_1191;PROD_36;1;4
ORD_1191;PROD_9;7;3
ORD_1191;PROD_9;5;2
ORD_1191;PROD_36;2;1
ORD_1191;PROD_38;1;4
ORD_1191;PROD_24;8;4
ORD_1191;PROD_4;9;5
ORD_1192;PROD_41;9;5
ORD_1192;PROD_1;4;5
ORD_1192;PROD_19;1;2
ORD_1192;PROD_40;1;1
ORD_1192;PROD_15;8;2
ORD_1192;PROD_44;6;3
ORD_1192;PROD_32;5;1
ORD_1192;PROD_5;9;5
ORD_1193;PROD_20;6;2
ORD_1193;PROD_46;2;1
ORD_1193;PROD_7;8;3
ORD_1193;PROD_2;2;2
ORD_1193;PROD_20;5;4
ORD_1193;PROD_21;1;4
ORD_1193;PROD_1;4;2
ORD_1193;PROD_47;5;4
ORD_1193;PROD_47;3;3
ORD_1193;PROD_15;2;3
ORD_1193;PROD_35;9;3
ORD_1193;PROD_40;7;4
ORD_1193;PROD_5;5;1
ORD_1193;PROD_32;2;3
ORD_1193;PROD_38;7;1
ORD_1194;PROD_31;4;5
ORD_1194;PROD_5;4;1
ORD_1194;PROD_3;1;1
ORD_1194;PROD_47;8;3
ORD_1194;PROD_43;7;1
ORD_1194;PROD_11;2;5
ORD_1194;PROD_39;4;3
ORD_1194;PROD_45;9;4
ORD_1194;PROD_49;1;4
ORD_1194;PROD_5;6;2
ORD_1194;PROD_42;5;2
ORD_1194;PROD_47;6;4
ORD_1195;PROD_30;2;2
ORD_1195;PROD_32;8;1
ORD_1195;PROD_10;4;3
ORD_1195;PROD_5;1;2
ORD_1195;PROD_7;2;3
ORD_1195;PROD_1;1;1
ORD_1195;PROD_4;3;1
ORD_1195;PROD_27;6;1
ORD_1195;PROD_21;1;4
ORD_1195;PROD_48;9;3
ORD_1195;PROD_27;2;5
ORD_1195;PROD_40;7;4
ORD_1195;PROD_28;1;2
ORD_1195;PROD_42;8;2
ORD_1195;PROD_17;6;4
ORD_1196;PROD_34;8;4
ORD_1196;PROD_2;9;2
ORD_1196;PROD_24;4;3
ORD_1196;PROD_29;9;1
ORD_1196;PROD_10;9;1
ORD_1196;PROD_12;9;3
ORD_1196;PROD_15;2;5
ORD_1197;PROD_36;6;5
ORD_1197;PROD_9;8;4
ORD_1197;PROD_12;2;1
ORD_1197;PROD_47;4;1
ORD_1197;PROD_6;5;5
ORD_1197;PROD_23;9;3
ORD_1197;PROD_13;8;4
ORD_1198;PROD_41;8;2
ORD_1198;PROD_1;2;4
ORD_1198;PROD_27;9;5
ORD_1198;PROD_41;9;5
ORD_1198;PROD_13;8;5
ORD_1198;PROD_17;7;5
ORD_1198;PROD_1;7;2
ORD_1198;PROD_27;7;5
ORD_1198;PROD_23;4;2
ORD_1198;PROD_49;7;5
ORD_1198;PROD_11;6;2
ORD_1198;PROD_15;7;1
ORD_1198;PROD_23;6;1
ORD_1199;PROD_48;4;5
ORD_1199;PROD_49;5;2
ORD_1199;PROD_28;4;1
ORD_1199;PROD_1;2;5
ORD_1199;PROD_30;3;1
ORD_1199;PROD_20;7;4
ORD_1199;PROD_28;9;3
ORD_1199;PROD_17;1;4
ORD_1199;PROD_21;9;5
ORD_1199;PROD_19;9;1
ORD_1199;PROD_44;5;3
ORD_1200;PROD_30;4;5
ORD_1200;PROD_13;6;3
ORD_1200;PROD_38;9;3
ORD_1200;PROD_46;2;3
ORD_1200;PROD_43;4;1
ORD_1200;PROD_33;2;4
ORD_1200;PROD_9;5;1
ORD_1200;PROD_19;8;2
ORD_1200;PROD_21;4;5
ORD_1200;PROD_7;3;5
ORD_1200;PROD_26;1;5
ORD_1200;PROD_7;9;4
ORD_1201;PROD_3;1;5
ORD_1201;PROD_44;7;2
ORD_1201;PROD_8;9;2
ORD_1201;PROD_30;4;3
ORD_1201;PROD_50;1;1
ORD_1201;PROD_48;9;4
ORD_1201;PROD_20;3;5
ORD_1201;PROD_47;4;3
ORD_1201;PROD_49;9;3
ORD_1201;PROD_14;4;5
ORD_1201;PROD_39;5;2
ORD_1201;PROD_47;2;3
ORD_1201;PROD_49;1;5
ORD_1201;PROD_24;4;4
ORD_1201;PROD_26;6;2
ORD_1202;PROD_7;9;5
ORD_1202;PROD_6;1;4
ORD_1202;PROD_8;5;4
ORD_1202;PROD_8;1;1
ORD_1202;PROD_28;3;5
ORD_1202;PROD_41;3;3
ORD_1202;PROD_49;3;1
ORD_1202;PROD_18;6;2
ORD_1202;PROD_37;1;2
ORD_1202;PROD_42;3;2
ORD_1202;PROD_20;8;5
ORD_1202;PROD_37;7;2
ORD_1202;PROD_25;5;1
ORD_1202;PROD_49;2;5
ORD_1203;PROD_10;1;4
ORD_1203;PROD_5;3;3
ORD_1203;PROD_4;6;1
ORD_1203;PROD_35;1;5
ORD_1203;PROD_44;4;4
ORD_1203;PROD_33;7;5
ORD_1203;PROD_19;6;1
ORD_1203;PROD_3;2;1
ORD_1203;PROD_28;6;3
ORD_1203;PROD_18;3;3
ORD_1203;PROD_21;9;1
ORD_1204;PROD_33;5;2
ORD_1204;PROD_35;6;4
ORD_1204;PROD_48;1;3
ORD_1204;PROD_7;7;1
ORD_1204;PROD_1;5;1
ORD_1204;PROD_27;2;1
ORD_1204;PROD_27;3;3
ORD_1205;PROD_30;9;5
ORD_1205;PROD_13;3;3
ORD_1205;PROD_38;3;1
ORD_1205;PROD_33;1;4
ORD_1205;PROD_5;8;5
ORD_1205;PROD_46;6;2
ORD_1205;PROD_16;9;4
ORD_1205;PROD_5;2;2
ORD_1205;PROD_14;1;4
ORD_1205;PROD_29;8;2
ORD_1205;PROD_5;7;4
ORD_1206;PROD_31;8;5
ORD_1206;PROD_45;5;2
ORD_1206;PROD_19;5;2
ORD_1206;PROD_29;6;1
ORD_1206;PROD_10;7;5
ORD_1206;PROD_49;6;1
ORD_1206;PROD_43;6;5
ORD_1206;PROD_29;5;4
ORD_1207;PROD_28;1;5
ORD_1207;PROD_21;8;2
ORD_1207;PROD_41;5;4
ORD_1207;PROD_23;2;4
ORD_1207;PROD_20;4;5
ORD_1207;PROD_48;7;5
ORD_1207;PROD_46;9;4
ORD_1207;PROD_27;2;5
ORD_1207;PROD_44;6;4
ORD_1207;PROD_5;5;4
ORD_1207;PROD_19;5;3
ORD_1208;PROD_33;9;4
ORD_1208;PROD_5;9;4
ORD_1208;PROD_46;5;3
ORD_1208;PROD_36;2;5
ORD_1208;PROD_30;8;3
ORD_1208;PROD_10;9;3
ORD_1209;PROD_31;4;5
ORD_1209;PROD_47;5;5
ORD_1209;PROD_12;7;4
ORD_1209;PROD_20;7;2
ORD_1209;PROD_33;6;3
ORD_1209;PROD_14;2;2
ORD_1209;PROD_21;7;5
ORD_1209;PROD_21;5;3
ORD_1209;PROD_46;5;4
ORD_1209;PROD_39;3;3
ORD_1210;PROD_27;9;1
ORD_1210;PROD_46;4;1
ORD_1210;PROD_29;7;3
ORD_1210;PROD_31;1;4
ORD_1210;PROD_26;1;4
ORD_1210;PROD_50;6;4
ORD_1210;PROD_23;4;1
ORD_1210;PROD_29;2;2
ORD_1210;PROD_27;8;1
ORD_1210;PROD_25;3;1
ORD_1210;PROD_39;1;4
ORD_1210;PROD_48;9;3
ORD_1210;PROD_2;3;1
ORD_1211;PROD_6;6;4
ORD_1211;PROD_24;7;3
ORD_1211;PROD_24;1;4
ORD_1211;PROD_28;7;3
ORD_1211;PROD_26;9;4
ORD_1211;PROD_20;8;3
ORD_1211;PROD_43;9;3
ORD_1211;PROD_16;1;5
ORD_1211;PROD_10;9;1
ORD_1211;PROD_31;2;3
ORD_1211;PROD_37;8;1
ORD_1211;PROD_42;9;1
ORD_1211;PROD_3;1;3
ORD_1211;PROD_23;2;5
ORD_1212;PROD_39;1;2
ORD_1212;PROD_45;9;1
ORD_1212;PROD_33;6;5
ORD_1212;PROD_25;6;1
ORD_1212;PROD_42;8;5
ORD_1212;PROD_27;4;4
ORD_1212;PROD_34;6;4
ORD_1212;PROD_29;9;1
ORD_1212;PROD_10;7;1
ORD_1212;PROD_15;1;2
ORD_1212;PROD_17;5;2
ORD_1213;PROD_1;2;2
ORD_1213;PROD_49;1;4
ORD_1213;PROD_28;4;3
ORD_1213;PROD_12;4;1
ORD_1213;PROD_37;7;1
ORD_1213;PROD_43;1;2
ORD_1213;PROD_4;8;5
ORD_1213;PROD_50;4;2
ORD_1213;PROD_24;2;2
ORD_1214;PROD_12;7;3
ORD_1214;PROD_47;1;5
ORD_1214;PROD_6;1;5
ORD_1214;PROD_23;1;2
ORD_1214;PROD_36;7;4
ORD_1214;PROD_9;7;3
ORD_1214;PROD_28;6;2
ORD_1214;PROD_14;9;2
ORD_1214;PROD_49;6;5
ORD_1214;PROD_20;6;5
ORD_1214;PROD_8;7;2
ORD_1214;PROD_44;8;3
ORD_1214;PROD_38;9;1
ORD_1214;PROD_36;4;1
ORD_1215;PROD_13;6;4
ORD_1215;PROD_17;1;5
ORD_1215;PROD_1;5;2
ORD_1215;PROD_27;7;4
ORD_1215;PROD_25;7;3
ORD_1215;PROD_6;9;3
ORD_1215;PROD_5;3;2
ORD_1215;PROD_44;5;5
ORD_1215;PROD_33;2;5
ORD_1215;PROD_43;7;4
ORD_1215;PROD_2;9;1
ORD_1215;PROD_47;5;3
ORD_1216;PROD_25;7;1
ORD_1216;PROD_6;4;1
ORD_1216;PROD_5;6;5
ORD_1216;PROD_16;1;4
ORD_1216;PROD_27;9;2
ORD_1216;PROD_12;5;5
ORD_1216;PROD_47;5;3
ORD_1216;PROD_6;4;2
ORD_1216;PROD_23;5;2
ORD_1216;PROD_33;9;5
ORD_1216;PROD_6;2;5
ORD_1217;PROD_9;5;2
ORD_1217;PROD_1;7;1
ORD_1217;PROD_48;2;5
ORD_1217;PROD_41;6;1
ORD_1217;PROD_36;2;5
ORD_1217;PROD_30;9;1
ORD_1217;PROD_16;1;3
ORD_1217;PROD_27;4;4
ORD_1217;PROD_7;5;4
ORD_1217;PROD_5;8;2
ORD_1217;PROD_37;3;5
ORD_1217;PROD_21;9;5
ORD_1217;PROD_24;9;2
ORD_1218;PROD_9;2;2
ORD_1218;PROD_1;5;1
ORD_1218;PROD_48;1;2
ORD_1218;PROD_41;7;4
ORD_1218;PROD_37;4;1
ORD_1218;PROD_12;6;3
ORD_1218;PROD_28;7;3
ORD_1218;PROD_44;6;1
ORD_1218;PROD_33;1;3
ORD_1219;PROD_8;5;2
ORD_1219;PROD_13;8;3
ORD_1219;PROD_21;6;4
ORD_1219;PROD_4;7;4
ORD_1219;PROD_49;1;5
ORD_1219;PROD_35;8;5
ORD_1219;PROD_37;4;3
ORD_1220;PROD_41;9;5
ORD_1220;PROD_1;6;1
ORD_1220;PROD_41;4;3
ORD_1220;PROD_20;3;2
ORD_1220;PROD_12;7;4
ORD_1220;PROD_28;6;5
ORD_1221;PROD_9;2;3
ORD_1221;PROD_1;8;3
ORD_1221;PROD_48;2;1
ORD_1221;PROD_41;8;1
ORD_1221;PROD_27;6;5
ORD_1222;PROD_40;5;3
ORD_1222;PROD_48;7;3
ORD_1222;PROD_5;2;4
ORD_1222;PROD_42;7;4
ORD_1222;PROD_36;9;4
ORD_1222;PROD_47;5;4
ORD_1222;PROD_48;2;3
ORD_1223;PROD_8;4;1
ORD_1223;PROD_5;8;5
ORD_1223;PROD_14;5;4
ORD_1223;PROD_35;4;2
ORD_1223;PROD_2;1;2
ORD_1223;PROD_43;3;5
ORD_1223;PROD_5;6;4
ORD_1223;PROD_26;6;2
ORD_1223;PROD_42;1;4
ORD_1223;PROD_27;4;4
ORD_1223;PROD_29;2;1
ORD_1223;PROD_49;9;3
ORD_1223;PROD_25;3;5
ORD_1223;PROD_9;9;5
ORD_1224;PROD_35;5;4
ORD_1224;PROD_15;5;5
ORD_1224;PROD_38;2;3
ORD_1224;PROD_2;2;3
ORD_1224;PROD_19;9;5
ORD_1225;PROD_37;8;4
ORD_1225;PROD_38;9;4
ORD_1225;PROD_12;6;3
ORD_1225;PROD_2;2;3
ORD_1225;PROD_19;9;3
ORD_1225;PROD_4;3;2
ORD_1226;PROD_41;9;4
ORD_1226;PROD_33;4;3
ORD_1226;PROD_11;2;5
ORD_1226;PROD_35;3;4
ORD_1226;PROD_40;5;1
ORD_1227;PROD_13;3;1
ORD_1227;PROD_17;4;4
ORD_1227;PROD_1;8;5
ORD_1227;PROD_27;4;1
ORD_1227;PROD_30;9;1
ORD_1227;PROD_13;9;2
ORD_1227;PROD_38;8;4
ORD_1227;PROD_5;6;1
ORD_1227;PROD_14;1;1
ORD_1227;PROD_16;9;1
ORD_1227;PROD_18;1;2
ORD_1228;PROD_36;1;3
ORD_1228;PROD_30;7;2
ORD_1228;PROD_2;4;2
ORD_1228;PROD_36;5;1
ORD_1228;PROD_1;9;2
ORD_1228;PROD_50;8;2
ORD_1228;PROD_23;1;5
ORD_1228;PROD_19;6;2
ORD_1229;PROD_35;4;1
ORD_1229;PROD_46;2;4
ORD_1229;PROD_17;3;5
ORD_1229;PROD_15;9;3
ORD_1229;PROD_14;1;2
ORD_1230;PROD_10;2;5
ORD_1230;PROD_5;8;5
ORD_1230;PROD_4;9;3
ORD_1230;PROD_35;6;1
ORD_1230;PROD_41;1;3
ORD_1231;PROD_41;2;2
ORD_1231;PROD_1;1;1
ORD_1231;PROD_30;5;3
ORD_1231;PROD_13;3;4
ORD_1231;PROD_38;9;4
ORD_1231;PROD_16;9;3
ORD_1231;PROD_27;4;1
ORD_1232;PROD_9;8;3
ORD_1232;PROD_1;1;5
ORD_1232;PROD_48;2;2
ORD_1232;PROD_41;5;3
ORD_1232;PROD_1;3;5
ORD_1232;PROD_48;8;2
ORD_1232;PROD_37;4;2
ORD_1232;PROD_13;6;2
ORD_1232;PROD_9;7;3
ORD_1232;PROD_17;9;4
ORD_1232;PROD_9;2;2
ORD_1232;PROD_43;6;2
ORD_1232;PROD_49;3;5
ORD_1232;PROD_20;4;2
ORD_1232;PROD_35;1;3
ORD_1233;PROD_3;9;4
ORD_1233;PROD_49;3;1
ORD_1233;PROD_19;8;3
ORD_1233;PROD_7;1;3
ORD_1233;PROD_10;5;3
ORD_1233;PROD_26;6;1
ORD_1233;PROD_32;2;3
ORD_1233;PROD_34;4;4
ORD_1233;PROD_26;1;3
ORD_1233;PROD_18;8;4
ORD_1234;PROD_30;1;3
ORD_1234;PROD_13;1;3
ORD_1234;PROD_38;6;1
ORD_1234;PROD_21;6;3
ORD_1234;PROD_45;4;1
ORD_1234;PROD_24;6;2
ORD_1234;PROD_30;1;3
ORD_1234;PROD_37;7;5
ORD_1234;PROD_20;4;4
ORD_1235;PROD_36;4;3
ORD_1235;PROD_30;4;4
ORD_1235;PROD_31;8;5
ORD_1235;PROD_5;1;2
ORD_1235;PROD_30;7;3
ORD_1236;PROD_11;4;2
ORD_1236;PROD_26;2;4
ORD_1236;PROD_27;6;3
ORD_1236;PROD_32;3;3
ORD_1236;PROD_19;1;3
ORD_1236;PROD_19;1;2
ORD_1237;PROD_19;3;5
ORD_1237;PROD_36;4;5
ORD_1237;PROD_34;5;4
ORD_1237;PROD_6;1;1
ORD_1237;PROD_14;6;2
ORD_1237;PROD_50;2;3
ORD_1237;PROD_1;3;5
ORD_1237;PROD_39;3;3
ORD_1238;PROD_50;7;3
ORD_1238;PROD_21;2;4
ORD_1238;PROD_3;7;3
ORD_1238;PROD_25;4;4
ORD_1238;PROD_1;9;1
ORD_1238;PROD_45;1;1
ORD_1239;PROD_41;4;4
ORD_1239;PROD_19;4;3
ORD_1239;PROD_32;5;4
ORD_1239;PROD_33;3;3
ORD_1239;PROD_16;6;5
ORD_1239;PROD_1;5;3
ORD_1239;PROD_32;6;1
ORD_1239;PROD_14;6;2
ORD_1240;PROD_29;1;4
ORD_1240;PROD_22;2;2
ORD_1240;PROD_44;4;3
ORD_1240;PROD_4;5;3
ORD_1240;PROD_7;3;2
ORD_1240;PROD_6;9;2
ORD_1240;PROD_20;5;4
ORD_1240;PROD_5;4;2
ORD_1240;PROD_27;8;5
ORD_1241;PROD_19;2;3
ORD_1241;PROD_41;2;2
ORD_1241;PROD_48;5;5
ORD_1241;PROD_23;6;4
ORD_1241;PROD_23;7;2
ORD_1241;PROD_16;7;2
ORD_1242;PROD_47;3;4
ORD_1242;PROD_44;7;4
ORD_1242;PROD_3;2;2
ORD_1242;PROD_49;3;2
ORD_1242;PROD_19;3;3
ORD_1242;PROD_7;3;5
ORD_1243;PROD_15;8;4
ORD_1243;PROD_31;4;1
ORD_1243;PROD_16;5;4
ORD_1243;PROD_46;2;2
ORD_1243;PROD_15;4;5
ORD_1243;PROD_42;1;2
ORD_1243;PROD_30;2;2
ORD_1243;PROD_14;3;5
ORD_1244;PROD_47;7;3
ORD_1244;PROD_42;8;3
ORD_1244;PROD_46;3;1
ORD_1244;PROD_37;5;2
ORD_1244;PROD_20;7;5
ORD_1244;PROD_2;3;1
ORD_1244;PROD_3;3;4
ORD_1245;PROD_21;2;1
ORD_1245;PROD_17;6;3
ORD_1245;PROD_37;6;3
ORD_1245;PROD_28;6;3
ORD_1245;PROD_17;3;2
ORD_1245;PROD_37;6;5
ORD_1245;PROD_3;1;1
ORD_1245;PROD_31;4;5
ORD_1246;PROD_18;6;2
ORD_1246;PROD_24;2;2
ORD_1246;PROD_37;4;5
ORD_1246;PROD_10;7;4
ORD_1246;PROD_2;6;3
ORD_1246;PROD_8;6;5
ORD_1246;PROD_11;2;2
ORD_1246;PROD_19;6;4
ORD_1246;PROD_7;6;2
ORD_1246;PROD_20;4;3
ORD_1246;PROD_3;2;2
ORD_1246;PROD_31;6;5
ORD_1246;PROD_24;3;2
ORD_1246;PROD_32;9;1
ORD_1247;PROD_26;4;3
ORD_1247;PROD_17;2;4
ORD_1247;PROD_28;3;1
ORD_1247;PROD_41;6;2
ORD_1247;PROD_3;9;4
ORD_1247;PROD_47;4;2
ORD_1247;PROD_4;6;3
ORD_1247;PROD_8;9;3
ORD_1247;PROD_17;3;1
ORD_1247;PROD_36;6;3
ORD_1247;PROD_1;5;4
ORD_1247;PROD_3;9;2
ORD_1247;PROD_16;7;3
ORD_1247;PROD_8;8;4
ORD_1247;PROD_25;8;5
ORD_1248;PROD_27;4;2
ORD_1248;PROD_41;5;1
ORD_1248;PROD_31;1;3
ORD_1248;PROD_5;7;2
ORD_1248;PROD_19;1;2
ORD_1248;PROD_3;7;4
ORD_1248;PROD_28;1;4
ORD_1248;PROD_27;9;2
ORD_1248;PROD_43;1;3
ORD_1248;PROD_36;8;5
ORD_1248;PROD_45;6;2
ORD_1249;PROD_30;9;4
ORD_1249;PROD_30;9;5
ORD_1249;PROD_36;6;4
ORD_1249;PROD_4;4;3
ORD_1249;PROD_17;5;5
ORD_1250;PROD_41;5;5
ORD_1250;PROD_7;5;4
ORD_1250;PROD_28;5;1
ORD_1250;PROD_4;3;4
ORD_1250;PROD_28;2;1
ORD_1250;PROD_30;6;1
ORD_1250;PROD_27;9;4
ORD_1250;PROD_31;3;2
ORD_1250;PROD_16;2;3
ORD_1250;PROD_36;5;4
ORD_1250;PROD_1;2;5
ORD_1251;PROD_12;7;5
ORD_1251;PROD_47;9;3
ORD_1251;PROD_6;3;4
ORD_1251;PROD_23;4;1
ORD_1251;PROD_12;6;3
ORD_1251;PROD_15;4;3
ORD_1251;PROD_29;1;2
ORD_1251;PROD_30;2;5
ORD_1251;PROD_50;1;1
ORD_1251;PROD_14;6;3
ORD_1252;PROD_38;8;3
ORD_1252;PROD_34;1;5
ORD_1252;PROD_3;4;4
ORD_1252;PROD_13;4;2
ORD_1252;PROD_8;5;3
ORD_1252;PROD_1;2;5
ORD_1252;PROD_31;3;2
ORD_1252;PROD_21;6;4
ORD_1252;PROD_14;5;1
ORD_1252;PROD_42;4;1
ORD_1252;PROD_4;1;4
ORD_1252;PROD_13;5;3
ORD_1252;PROD_27;8;3
ORD_1252;PROD_17;6;3
ORD_1253;PROD_19;2;5
ORD_1253;PROD_3;1;3
ORD_1253;PROD_28;7;2
ORD_1253;PROD_41;3;2
ORD_1253;PROD_1;8;2
ORD_1253;PROD_49;7;3
ORD_1254;PROD_25;5;1
ORD_1254;PROD_6;8;2
ORD_1254;PROD_5;6;1
ORD_1254;PROD_32;8;4
ORD_1254;PROD_43;6;4
ORD_1254;PROD_46;9;5
ORD_1254;PROD_17;9;3
ORD_1255;PROD_4;9;2
ORD_1255;PROD_47;3;3
ORD_1255;PROD_43;2;1
ORD_1255;PROD_31;7;4
ORD_1255;PROD_35;4;5
ORD_1256;PROD_37;9;4
ORD_1256;PROD_12;1;4
ORD_1256;PROD_28;9;5
ORD_1256;PROD_12;1;2
ORD_1256;PROD_15;4;2
ORD_1256;PROD_29;9;4
ORD_1256;PROD_30;1;2
ORD_1256;PROD_50;2;3
ORD_1256;PROD_14;8;3
ORD_1257;PROD_36;6;3
ORD_1257;PROD_9;6;5
ORD_1257;PROD_33;5;5
ORD_1257;PROD_22;2;5
ORD_1257;PROD_47;3;1
ORD_1257;PROD_3;1;1
ORD_1257;PROD_10;7;5
ORD_1257;PROD_47;9;4
ORD_1257;PROD_30;4;2
ORD_1258;PROD_30;9;1
ORD_1258;PROD_14;1;1
ORD_1258;PROD_12;3;5
ORD_1258;PROD_9;9;3
ORD_1258;PROD_31;3;2
ORD_1258;PROD_24;7;5
ORD_1258;PROD_20;5;2
ORD_1258;PROD_42;9;5
ORD_1258;PROD_30;8;5
ORD_1258;PROD_23;1;1
ORD_1258;PROD_18;9;1
ORD_1258;PROD_20;1;3
ORD_1259;PROD_13;1;1
ORD_1259;PROD_7;7;3
ORD_1259;PROD_32;7;1
ORD_1259;PROD_29;4;4
ORD_1259;PROD_15;3;1
ORD_1260;PROD_3;2;3
ORD_1260;PROD_49;4;2
ORD_1260;PROD_19;5;4
ORD_1260;PROD_7;4;4
ORD_1260;PROD_48;2;2
ORD_1260;PROD_50;9;2
ORD_1260;PROD_42;6;5
ORD_1260;PROD_25;1;2
ORD_1260;PROD_10;6;1
ORD_1261;PROD_9;8;2
ORD_1261;PROD_1;7;2
ORD_1261;PROD_48;8;5
ORD_1261;PROD_41;3;1
ORD_1261;PROD_31;7;2
ORD_1261;PROD_47;2;4
ORD_1262;PROD_2;1;5
ORD_1262;PROD_36;2;5
ORD_1262;PROD_1;3;2
ORD_1262;PROD_50;3;4
ORD_1262;PROD_23;1;4
ORD_1262;PROD_47;1;5
ORD_1262;PROD_44;6;3
ORD_1262;PROD_24;9;4
ORD_1262;PROD_18;6;4
ORD_1262;PROD_2;2;1
ORD_1262;PROD_31;7;3
ORD_1262;PROD_15;9;3
ORD_1262;PROD_9;2;4
ORD_1263;PROD_37;6;4
ORD_1263;PROD_12;8;4
ORD_1263;PROD_28;4;5
ORD_1263;PROD_13;9;2
ORD_1263;PROD_17;7;1
ORD_1263;PROD_1;2;1
ORD_1264;PROD_30;1;5
ORD_1264;PROD_13;1;2
ORD_1264;PROD_38;9;4
ORD_1264;PROD_12;8;5
ORD_1264;PROD_47;9;2
ORD_1264;PROD_6;5;5
ORD_1264;PROD_23;7;4
ORD_1264;PROD_45;3;1
ORD_1264;PROD_26;7;3
ORD_1264;PROD_12;2;4
ORD_1264;PROD_16;5;4
ORD_1264;PROD_6;4;5
ORD_1264;PROD_4;5;4
ORD_1264;PROD_34;4;3
ORD_1264;PROD_35;9;2
ORD_1265;PROD_36;1;4
ORD_1265;PROD_30;2;3
ORD_1265;PROD_25;7;2
ORD_1265;PROD_6;2;4
ORD_1265;PROD_5;6;2
ORD_1265;PROD_47;7;5
ORD_1265;PROD_36;5;4
ORD_1265;PROD_49;2;2
ORD_1265;PROD_26;7;4
ORD_1266;PROD_8;8;4
ORD_1266;PROD_38;6;1
ORD_1266;PROD_22;4;4
ORD_1266;PROD_29;6;5
ORD_1266;PROD_28;9;5
ORD_1267;PROD_21;3;5
ORD_1267;PROD_35;4;4
ORD_1267;PROD_5;5;3
ORD_1267;PROD_19;8;4
ORD_1267;PROD_33;8;4
ORD_1267;PROD_15;7;3
ORD_1267;PROD_13;5;4
ORD_1267;PROD_33;5;2
ORD_1267;PROD_31;5;5
ORD_1267;PROD_8;5;5
ORD_1267;PROD_26;9;4
ORD_1267;PROD_44;2;2
ORD_1267;PROD_21;4;2
ORD_1267;PROD_2;9;5
ORD_1267;PROD_50;4;2
ORD_1268;PROD_7;1;4
ORD_1268;PROD_1;9;1
ORD_1268;PROD_44;8;3
ORD_1268;PROD_46;1;1
ORD_1268;PROD_45;6;5
ORD_1268;PROD_32;1;5
ORD_1268;PROD_23;6;3
ORD_1268;PROD_15;8;3
ORD_1268;PROD_30;8;2
ORD_1269;PROD_12;1;4
ORD_1269;PROD_15;6;1
ORD_1269;PROD_25;4;2
ORD_1269;PROD_6;4;4
ORD_1269;PROD_5;2;4
ORD_1269;PROD_47;6;4
ORD_1269;PROD_44;4;2
ORD_1269;PROD_29;2;3
ORD_1269;PROD_19;1;4
ORD_1270;PROD_37;8;1
ORD_1270;PROD_38;2;2
ORD_1270;PROD_47;6;2
ORD_1270;PROD_26;4;2
ORD_1270;PROD_32;9;2
ORD_1270;PROD_44;2;5
ORD_1270;PROD_24;8;4
ORD_1271;PROD_29;3;2
ORD_1271;PROD_30;2;1
ORD_1271;PROD_50;1;4
ORD_1271;PROD_14;4;1
ORD_1271;PROD_1;8;5
ORD_1271;PROD_50;1;1
ORD_1271;PROD_42;7;2
ORD_1271;PROD_26;8;4
ORD_1271;PROD_50;8;5
ORD_1272;PROD_9;4;1
ORD_1272;PROD_1;7;3
ORD_1272;PROD_48;4;3
ORD_1272;PROD_41;3;2
ORD_1272;PROD_16;7;4
ORD_1272;PROD_27;9;4
ORD_1272;PROD_42;1;3
ORD_1272;PROD_4;8;3
ORD_1272;PROD_19;2;5
ORD_1272;PROD_21;3;2
ORD_1273;PROD_2;2;4
ORD_1273;PROD_2;2;2
ORD_1273;PROD_5;6;1
ORD_1273;PROD_5;4;3
ORD_1273;PROD_19;9;3
ORD_1273;PROD_19;4;1
ORD_1273;PROD_1;4;4
ORD_1273;PROD_1;4;3
ORD_1273;PROD_38;1;3
ORD_1273;PROD_47;7;3
ORD_1273;PROD_27;7;3
ORD_1274;PROD_36;8;1
ORD_1274;PROD_10;9;2
ORD_1274;PROD_13;3;4
ORD_1274;PROD_20;9;3
ORD_1274;PROD_43;6;5
ORD_1275;PROD_13;9;1
ORD_1275;PROD_17;1;1
ORD_1275;PROD_1;6;5
ORD_1275;PROD_27;2;2
ORD_1275;PROD_36;7;3
ORD_1275;PROD_30;5;5
ORD_1275;PROD_34;3;5
ORD_1275;PROD_25;6;3
ORD_1275;PROD_44;5;1
ORD_1275;PROD_5;4;5
ORD_1275;PROD_5;3;1
ORD_1275;PROD_6;8;5
ORD_1275;PROD_16;8;5
ORD_1275;PROD_29;3;3
ORD_1275;PROD_40;5;3
ORD_1276;PROD_44;7;1
ORD_1276;PROD_33;8;2
ORD_1276;PROD_35;6;4
ORD_1276;PROD_7;6;3
ORD_1276;PROD_39;9;2
ORD_1276;PROD_50;7;1
ORD_1276;PROD_45;1;3
ORD_1277;PROD_33;9;5
ORD_1277;PROD_5;4;1
ORD_1277;PROD_46;1;5
ORD_1277;PROD_13;8;1
ORD_1277;PROD_17;7;2
ORD_1277;PROD_1;9;5
ORD_1277;PROD_27;7;3
ORD_1277;PROD_46;6;4
ORD_1278;PROD_36;1;2
ORD_1278;PROD_9;7;2
ORD_1278;PROD_15;2;3
ORD_1278;PROD_5;2;1
ORD_1278;PROD_15;9;3
ORD_1278;PROD_20;1;5
ORD_1278;PROD_4;8;3
ORD_1279;PROD_29;2;1
ORD_1279;PROD_38;4;1
ORD_1279;PROD_37;9;4
ORD_1279;PROD_5;7;3
ORD_1279;PROD_9;4;2
ORD_1279;PROD_35;8;1
ORD_1280;PROD_27;6;5
ORD_1280;PROD_30;2;4
ORD_1280;PROD_33;1;1
ORD_1280;PROD_22;6;5
ORD_1280;PROD_20;1;2
ORD_1280;PROD_17;9;5
ORD_1280;PROD_38;9;1
ORD_1280;PROD_37;1;2
ORD_1281;PROD_3;7;1
ORD_1281;PROD_49;3;1
ORD_1281;PROD_19;7;2
ORD_1281;PROD_7;8;2
ORD_1281;PROD_46;1;2
ORD_1281;PROD_12;6;2
ORD_1281;PROD_7;7;2
ORD_1281;PROD_2;3;5
ORD_1281;PROD_50;5;2
ORD_1281;PROD_22;8;4
ORD_1281;PROD_26;7;1
ORD_1281;PROD_2;5;4
ORD_1281;PROD_10;2;5
ORD_1282;PROD_37;4;5
ORD_1282;PROD_12;6;3
ORD_1282;PROD_28;6;4
ORD_1282;PROD_9;9;4
ORD_1282;PROD_1;6;5
ORD_1283;PROD_12;1;5
ORD_1283;PROD_15;1;3
ORD_1283;PROD_3;6;1
ORD_1283;PROD_49;2;4
ORD_1283;PROD_19;1;5
ORD_1283;PROD_7;6;5
ORD_1283;PROD_7;4;2
ORD_1283;PROD_47;1;1
ORD_1283;PROD_41;3;4
ORD_1283;PROD_30;4;1
ORD_1283;PROD_33;5;2
ORD_1284;PROD_41;9;1
ORD_1284;PROD_1;2;5
ORD_1284;PROD_1;7;2
ORD_1284;PROD_6;3;1
ORD_1284;PROD_22;2;4
ORD_1284;PROD_41;7;2
ORD_1284;PROD_39;3;5
ORD_1284;PROD_43;8;3
ORD_1285;PROD_9;4;1
ORD_1285;PROD_12;3;4
ORD_1285;PROD_20;7;4
ORD_1285;PROD_33;5;3
ORD_1285;PROD_7;1;5
ORD_1285;PROD_36;5;2
ORD_1286;PROD_3;7;3
ORD_1286;PROD_49;5;3
ORD_1286;PROD_19;6;5
ORD_1286;PROD_7;5;4
ORD_1286;PROD_47;9;3
ORD_1286;PROD_44;5;4
ORD_1286;PROD_27;6;2
ORD_1286;PROD_41;9;3
ORD_1286;PROD_50;7;1
ORD_1286;PROD_7;2;5
ORD_1286;PROD_36;5;1
ORD_1287;PROD_19;1;1
ORD_1287;PROD_3;8;3
ORD_1287;PROD_28;4;1
ORD_1287;PROD_40;6;2
ORD_1287;PROD_12;8;1
ORD_1287;PROD_45;7;2
ORD_1287;PROD_31;3;4
ORD_1287;PROD_18;4;4
ORD_1287;PROD_31;9;2
ORD_1287;PROD_33;8;1
ORD_1287;PROD_13;9;1
ORD_1287;PROD_34;3;1
ORD_1287;PROD_37;2;1
ORD_1287;PROD_20;2;5
ORD_1288;PROD_30;1;2
ORD_1288;PROD_43;7;5
ORD_1288;PROD_3;9;1
ORD_1288;PROD_6;6;5
ORD_1288;PROD_50;9;5
ORD_1288;PROD_17;1;3
ORD_1288;PROD_19;2;3
ORD_1288;PROD_31;7;5
ORD_1289;PROD_9;4;5
ORD_1289;PROD_1;7;1
ORD_1289;PROD_48;7;1
ORD_1289;PROD_41;5;3
ORD_1289;PROD_37;2;5
ORD_1289;PROD_12;3;2
ORD_1289;PROD_28;8;3
ORD_1289;PROD_31;6;3
ORD_1289;PROD_5;9;3
ORD_1289;PROD_49;9;2
ORD_1290;PROD_13;2;2
ORD_1290;PROD_29;9;4
ORD_1290;PROD_36;7;1
ORD_1290;PROD_15;2;4
ORD_1290;PROD_8;4;3
ORD_1290;PROD_13;4;4
ORD_1290;PROD_6;7;3
ORD_1290;PROD_8;3;1
ORD_1291;PROD_5;3;2
ORD_1291;PROD_43;2;5
ORD_1291;PROD_29;7;5
ORD_1291;PROD_23;2;2
ORD_1291;PROD_15;3;3
ORD_1291;PROD_18;6;2
ORD_1291;PROD_3;1;2
ORD_1291;PROD_36;9;2
ORD_1291;PROD_8;6;3
ORD_1291;PROD_4;6;4
ORD_1291;PROD_9;5;3
ORD_1291;PROD_25;5;3
ORD_1291;PROD_24;7;5
ORD_1292;PROD_36;9;4
ORD_1292;PROD_30;8;1
ORD_1292;PROD_30;4;3
ORD_1292;PROD_13;8;4
ORD_1292;PROD_50;3;3
ORD_1292;PROD_49;5;3
ORD_1292;PROD_13;1;5
ORD_1292;PROD_25;8;4
ORD_1293;PROD_13;5;3
ORD_1293;PROD_17;9;5
ORD_1293;PROD_1;5;3
ORD_1293;PROD_27;8;1
ORD_1293;PROD_36;9;4
ORD_1293;PROD_19;3;4
ORD_1293;PROD_11;1;3
ORD_1293;PROD_23;5;1
ORD_1293;PROD_5;3;3
ORD_1293;PROD_27;3;5
ORD_1293;PROD_37;7;2
ORD_1294;PROD_12;3;4
ORD_1294;PROD_47;6;4
ORD_1294;PROD_6;6;4
ORD_1294;PROD_23;5;3
ORD_1294;PROD_41;5;1
ORD_1294;PROD_1;3;1
ORD_1294;PROD_17;4;1
ORD_1295;PROD_9;1;3
ORD_1295;PROD_1;5;3
ORD_1295;PROD_48;3;2
ORD_1295;PROD_41;4;5
ORD_1295;PROD_11;9;5
ORD_1295;PROD_20;2;5
ORD_1295;PROD_28;3;4
ORD_1295;PROD_14;1;4
ORD_1295;PROD_12;9;4
ORD_1295;PROD_46;8;5
ORD_1295;PROD_48;8;4
ORD_1295;PROD_44;4;3
ORD_1295;PROD_8;2;4
ORD_1296;PROD_33;6;1
ORD_1296;PROD_10;8;1
ORD_1296;PROD_10;8;3
ORD_1296;PROD_47;2;5
ORD_1296;PROD_15;1;3
ORD_1296;PROD_44;8;3
ORD_1296;PROD_41;7;5
ORD_1296;PROD_14;9;3
ORD_1296;PROD_39;2;1
ORD_1296;PROD_36;7;2
ORD_1296;PROD_14;8;1
ORD_1296;PROD_24;5;3
ORD_1297;PROD_16;7;3
ORD_1297;PROD_37;9;2
ORD_1297;PROD_14;5;4
ORD_1297;PROD_21;1;5
ORD_1297;PROD_43;1;3
ORD_1297;PROD_15;4;4
ORD_1297;PROD_29;9;4
ORD_1297;PROD_4;1;3
ORD_1297;PROD_10;1;1
ORD_1297;PROD_48;2;1
ORD_1297;PROD_21;2;4
ORD_1297;PROD_12;2;2
ORD_1297;PROD_40;1;5
ORD_1297;PROD_24;5;3
ORD_1298;PROD_44;8;5
ORD_1298;PROD_33;7;5
ORD_1298;PROD_6;6;5
ORD_1298;PROD_24;4;3
ORD_1298;PROD_47;1;2
ORD_1298;PROD_10;1;4
ORD_1299;PROD_27;7;1
ORD_1299;PROD_41;6;5
ORD_1299;PROD_2;7;3
ORD_1299;PROD_36;4;1
ORD_1299;PROD_1;5;2
ORD_1299;PROD_50;4;4
ORD_1299;PROD_23;6;5
ORD_1299;PROD_40;1;4
ORD_1299;PROD_18;5;5
ORD_1299;PROD_50;4;4
ORD_1299;PROD_37;6;4
ORD_1299;PROD_6;9;2
ORD_1300;PROD_36;7;5
ORD_1300;PROD_37;1;5
ORD_1300;PROD_40;8;2
ORD_1300;PROD_30;1;1
ORD_1300;PROD_15;1;2
ORD_1300;PROD_13;4;1
ORD_1300;PROD_13;2;2
ORD_1300;PROD_34;4;1
ORD_1300;PROD_33;3;4
ORD_1300;PROD_38;8;5
ORD_1300;PROD_45;6;5
ORD_1300;PROD_27;6;3
ORD_1301;PROD_35;3;5
ORD_1301;PROD_2;6;1
ORD_1301;PROD_49;7;3
ORD_1301;PROD_17;9;3
ORD_1301;PROD_33;4;2
ORD_1301;PROD_17;3;1
ORD_1301;PROD_19;8;4
ORD_1301;PROD_47;1;2
ORD_1301;PROD_36;3;3
ORD_1301;PROD_31;3;2
ORD_1301;PROD_8;7;3
ORD_1301;PROD_21;7;3
ORD_1302;PROD_10;2;4
ORD_1302;PROD_28;6;3
ORD_1302;PROD_42;8;5
ORD_1302;PROD_34;3;3
ORD_1302;PROD_15;4;5
ORD_1302;PROD_2;5;1
ORD_1302;PROD_13;4;2
ORD_1302;PROD_2;6;5
ORD_1302;PROD_40;4;5
ORD_1302;PROD_43;8;5
ORD_1303;PROD_9;5;4
ORD_1303;PROD_1;9;5
ORD_1303;PROD_48;4;2
ORD_1303;PROD_41;4;3
ORD_1303;PROD_2;4;2
ORD_1303;PROD_36;4;5
ORD_1303;PROD_1;5;2
ORD_1303;PROD_50;1;4
ORD_1303;PROD_23;9;4
ORD_1303;PROD_9;3;3
ORD_1303;PROD_1;5;4
ORD_1303;PROD_48;7;1
ORD_1303;PROD_41;8;1
ORD_1303;PROD_48;7;4
ORD_1304;PROD_8;7;5
ORD_1304;PROD_28;5;1
ORD_1304;PROD_32;7;4
ORD_1304;PROD_47;3;2
ORD_1304;PROD_41;1;1
ORD_1304;PROD_48;4;1
ORD_1304;PROD_18;8;5
ORD_1304;PROD_6;5;5
ORD_1304;PROD_30;4;4
ORD_1304;PROD_14;1;2
ORD_1304;PROD_14;2;5
ORD_1304;PROD_18;7;5
ORD_1304;PROD_17;2;2
ORD_1304;PROD_24;6;1
ORD_1304;PROD_2;1;5
ORD_1305;PROD_16;8;4
ORD_1305;PROD_27;4;4
ORD_1305;PROD_37;3;3
ORD_1305;PROD_12;9;5
ORD_1305;PROD_28;3;2
ORD_1305;PROD_1;4;4
ORD_1305;PROD_35;7;1
ORD_1305;PROD_34;5;2
ORD_1305;PROD_26;3;4
ORD_1305;PROD_42;7;1
ORD_1305;PROD_42;7;3
ORD_1305;PROD_37;3;4
ORD_1305;PROD_21;3;2
ORD_1305;PROD_36;8;4
ORD_1305;PROD_15;2;1
ORD_1306;PROD_13;5;3
ORD_1306;PROD_17;8;3
ORD_1306;PROD_1;7;1
ORD_1306;PROD_27;5;5
ORD_1306;PROD_12;9;1
ORD_1306;PROD_15;8;2
ORD_1306;PROD_27;2;3
ORD_1306;PROD_41;9;2
ORD_1306;PROD_25;2;2
ORD_1306;PROD_46;5;4
ORD_1306;PROD_33;8;2
ORD_1306;PROD_17;7;3
ORD_1306;PROD_22;2;5
ORD_1306;PROD_44;1;3
ORD_1307;PROD_8;4;3
ORD_1307;PROD_3;7;4
ORD_1307;PROD_23;2;5
ORD_1307;PROD_34;1;2
ORD_1307;PROD_15;4;2
ORD_1307;PROD_20;4;3
ORD_1307;PROD_36;3;4
ORD_1307;PROD_22;2;5
ORD_1307;PROD_28;9;4
ORD_1307;PROD_32;9;4
ORD_1307;PROD_26;2;5
ORD_1307;PROD_2;9;4
ORD_1307;PROD_10;8;1
ORD_1307;PROD_15;8;3
ORD_1307;PROD_43;6;2
ORD_1308;PROD_33;7;3
ORD_1308;PROD_39;1;4
ORD_1308;PROD_3;4;4
ORD_1308;PROD_48;8;4
ORD_1308;PROD_7;8;4
ORD_1308;PROD_21;7;3
ORD_1308;PROD_21;9;1
ORD_1308;PROD_13;5;4
ORD_1308;PROD_46;3;5
ORD_1308;PROD_34;6;2
ORD_1308;PROD_13;1;2
ORD_1308;PROD_26;2;2
ORD_1309;PROD_5;2;2
ORD_1309;PROD_43;2;4
ORD_1309;PROD_19;2;3
ORD_1309;PROD_16;7;3
ORD_1309;PROD_37;5;3
ORD_1310;PROD_48;9;4
ORD_1310;PROD_11;9;5
ORD_1310;PROD_32;7;5
ORD_1310;PROD_33;9;3
ORD_1310;PROD_46;9;3
ORD_1310;PROD_42;3;1
ORD_1310;PROD_49;9;2
ORD_1310;PROD_44;9;3
ORD_1310;PROD_33;8;1
ORD_1310;PROD_39;9;5
ORD_1310;PROD_17;9;1
ORD_1310;PROD_43;9;5
ORD_1311;PROD_9;3;4
ORD_1311;PROD_12;5;1
ORD_1311;PROD_20;4;3
ORD_1311;PROD_33;1;1
ORD_1311;PROD_7;3;3
ORD_1311;PROD_12;8;2
ORD_1311;PROD_15;6;2
ORD_1311;PROD_29;7;2
ORD_1311;PROD_30;5;4
ORD_1311;PROD_50;9;3
ORD_1311;PROD_14;2;3
ORD_1312;PROD_26;5;3
ORD_1312;PROD_9;1;5
ORD_1312;PROD_25;9;2
ORD_1312;PROD_41;7;5
ORD_1312;PROD_21;6;4
ORD_1312;PROD_38;1;3
ORD_1312;PROD_28;4;5
ORD_1312;PROD_48;1;2
ORD_1312;PROD_43;3;4
ORD_1312;PROD_14;8;4
ORD_1313;PROD_13;5;3
ORD_1313;PROD_17;3;4
ORD_1313;PROD_1;1;2
ORD_1313;PROD_27;7;1
ORD_1313;PROD_33;1;3
ORD_1313;PROD_12;5;1
ORD_1313;PROD_7;3;2
ORD_1313;PROD_26;4;2
ORD_1313;PROD_6;9;1
ORD_1313;PROD_29;3;5
ORD_1314;PROD_29;4;4
ORD_1314;PROD_30;7;3
ORD_1314;PROD_50;7;2
ORD_1314;PROD_14;6;1
ORD_1314;PROD_1;8;5
ORD_1314;PROD_37;7;5
ORD_1315;PROD_24;4;3
ORD_1315;PROD_3;5;3
ORD_1315;PROD_18;2;4
ORD_1315;PROD_33;2;1
ORD_1315;PROD_32;6;1
ORD_1315;PROD_38;4;5
ORD_1316;PROD_47;8;5
ORD_1316;PROD_44;3;5
ORD_1316;PROD_33;9;3
ORD_1316;PROD_5;5;5
ORD_1316;PROD_46;3;4
ORD_1316;PROD_31;3;2
ORD_1316;PROD_5;4;5
ORD_1316;PROD_35;9;3
ORD_1316;PROD_47;4;2
ORD_1316;PROD_14;8;3
ORD_1317;PROD_35;4;2
ORD_1317;PROD_33;8;5
ORD_1317;PROD_17;2;3
ORD_1317;PROD_33;2;5
ORD_1317;PROD_16;1;2
ORD_1317;PROD_38;8;1
ORD_1317;PROD_6;5;3
ORD_1317;PROD_48;7;4
ORD_1317;PROD_44;4;4
ORD_1317;PROD_27;7;4
ORD_1317;PROD_32;3;2
ORD_1318;PROD_20;2;3
ORD_1318;PROD_18;1;3
ORD_1318;PROD_37;6;4
ORD_1318;PROD_21;6;3
ORD_1318;PROD_42;4;5
ORD_1318;PROD_27;6;5
ORD_1318;PROD_21;4;4
ORD_1318;PROD_11;1;1
ORD_1318;PROD_26;8;4
ORD_1318;PROD_38;8;4
ORD_1318;PROD_49;8;1
ORD_1318;PROD_33;9;5
ORD_1318;PROD_43;6;4
ORD_1318;PROD_26;8;5
ORD_1318;PROD_34;6;4
ORD_1319;PROD_49;5;5
ORD_1319;PROD_17;3;2
ORD_1319;PROD_45;8;3
ORD_1319;PROD_16;1;4
ORD_1319;PROD_1;3;1
ORD_1319;PROD_44;3;1
ORD_1320;PROD_47;2;5
ORD_1320;PROD_44;1;2
ORD_1320;PROD_14;6;1
ORD_1320;PROD_29;9;5
ORD_1320;PROD_32;2;4
ORD_1320;PROD_42;8;3
ORD_1320;PROD_19;4;5
ORD_1320;PROD_43;1;1
ORD_1320;PROD_5;7;3
ORD_1320;PROD_41;2;2
ORD_1320;PROD_6;5;1
ORD_1320;PROD_31;6;5
ORD_1320;PROD_41;7;4
ORD_1320;PROD_21;8;3
ORD_1320;PROD_28;1;1
ORD_1321;PROD_45;9;5
ORD_1321;PROD_26;9;2
ORD_1321;PROD_34;4;4
ORD_1321;PROD_2;3;5
ORD_1321;PROD_42;5;1
ORD_1321;PROD_3;1;4
ORD_1322;PROD_44;2;4
ORD_1322;PROD_33;8;4
ORD_1322;PROD_32;3;4
ORD_1322;PROD_29;7;1
ORD_1322;PROD_40;7;4
ORD_1322;PROD_32;6;1
ORD_1322;PROD_37;9;1
ORD_1322;PROD_20;5;4
ORD_1322;PROD_20;4;3
ORD_1322;PROD_10;9;4
ORD_1322;PROD_38;7;1
ORD_1322;PROD_45;1;4
ORD_1322;PROD_19;1;3
ORD_1322;PROD_22;6;3
ORD_1323;PROD_41;3;1
ORD_1323;PROD_1;3;1
ORD_1323;PROD_37;9;1
ORD_1323;PROD_12;9;2
ORD_1323;PROD_28;7;2
ORD_1323;PROD_43;3;1
ORD_1323;PROD_24;5;3
ORD_1323;PROD_38;1;5
ORD_1323;PROD_41;8;5
ORD_1323;PROD_8;4;2
ORD_1323;PROD_17;2;1
ORD_1324;PROD_5;6;1
ORD_1324;PROD_12;9;3
ORD_1324;PROD_33;1;3
ORD_1324;PROD_35;1;3
ORD_1324;PROD_42;2;4
ORD_1324;PROD_33;1;2
ORD_1324;PROD_35;8;4
ORD_1324;PROD_33;2;4
ORD_1324;PROD_18;9;4
ORD_1324;PROD_23;4;1
ORD_1324;PROD_7;6;1
ORD_1325;PROD_6;9;4
ORD_1325;PROD_9;1;3
ORD_1325;PROD_45;2;4
ORD_1325;PROD_29;3;3
ORD_1325;PROD_40;3;5
ORD_1326;PROD_34;3;4
ORD_1326;PROD_24;8;1
ORD_1326;PROD_11;5;3
ORD_1326;PROD_13;4;4
ORD_1326;PROD_16;6;2
ORD_1326;PROD_15;9;1
ORD_1326;PROD_23;7;4
ORD_1326;PROD_8;5;1
ORD_1326;PROD_43;3;5
ORD_1326;PROD_12;6;5
ORD_1326;PROD_29;4;3
ORD_1327;PROD_48;4;4
ORD_1327;PROD_20;5;5
ORD_1327;PROD_21;9;1
ORD_1327;PROD_39;1;1
ORD_1327;PROD_25;3;1
ORD_1327;PROD_45;4;3
ORD_1327;PROD_2;2;1
ORD_1327;PROD_16;3;1
ORD_1328;PROD_32;8;5
ORD_1328;PROD_13;4;3
ORD_1328;PROD_17;9;1
ORD_1328;PROD_13;2;3
ORD_1328;PROD_14;9;2
ORD_1328;PROD_13;2;1
ORD_1328;PROD_20;1;1
ORD_1328;PROD_15;6;3
ORD_1328;PROD_29;1;5
ORD_1328;PROD_29;2;5
ORD_1328;PROD_8;3;4
ORD_1328;PROD_35;8;3
ORD_1328;PROD_12;4;5
ORD_1329;PROD_37;8;1
ORD_1329;PROD_12;8;1
ORD_1329;PROD_28;2;3
ORD_1329;PROD_33;6;3
ORD_1329;PROD_5;8;1
ORD_1329;PROD_46;3;5
ORD_1329;PROD_27;8;4
ORD_1329;PROD_41;2;3
ORD_1329;PROD_29;9;5
ORD_1329;PROD_44;7;4
ORD_1329;PROD_23;8;1
ORD_1329;PROD_28;7;2
ORD_1329;PROD_7;6;1
ORD_1329;PROD_9;2;5
ORD_1330;PROD_25;4;3
ORD_1330;PROD_6;6;2
ORD_1330;PROD_5;8;3
ORD_1330;PROD_3;6;5
ORD_1330;PROD_48;1;3
ORD_1330;PROD_22;6;1
ORD_1330;PROD_11;1;1
ORD_1330;PROD_48;8;2
ORD_1331;PROD_48;9;1
ORD_1331;PROD_11;2;3
ORD_1331;PROD_13;3;5
ORD_1331;PROD_21;8;5
ORD_1331;PROD_15;5;2
ORD_1331;PROD_46;2;4
ORD_1331;PROD_24;7;1
ORD_1331;PROD_33;1;3
ORD_1331;PROD_3;8;3
ORD_1332;PROD_9;1;2
ORD_1332;PROD_1;6;1
ORD_1332;PROD_48;1;3
ORD_1332;PROD_41;3;2
ORD_1332;PROD_25;4;2
ORD_1332;PROD_29;5;3
ORD_1332;PROD_6;6;4
ORD_1332;PROD_17;4;4
ORD_1332;PROD_30;2;1
ORD_1332;PROD_11;5;5
ORD_1332;PROD_36;1;1
ORD_1333;PROD_31;5;3
ORD_1333;PROD_48;9;3
ORD_1333;PROD_10;2;1
ORD_1333;PROD_49;9;5
ORD_1333;PROD_50;1;4
ORD_1333;PROD_24;8;5
ORD_1333;PROD_50;3;2
ORD_1333;PROD_5;3;1
ORD_1333;PROD_2;4;2
ORD_1334;PROD_41;9;2
ORD_1334;PROD_1;3;5
ORD_1334;PROD_29;3;5
ORD_1334;PROD_30;7;1
ORD_1334;PROD_50;9;4
ORD_1334;PROD_14;4;5
ORD_1334;PROD_1;3;2
ORD_1335;PROD_40;9;2
ORD_1335;PROD_31;8;4
ORD_1335;PROD_31;1;4
ORD_1335;PROD_45;2;3
ORD_1335;PROD_10;9;1
ORD_1336;PROD_21;8;4
ORD_1336;PROD_45;3;2
ORD_1336;PROD_24;9;2
ORD_1336;PROD_30;2;5
ORD_1336;PROD_37;8;4
ORD_1337;PROD_23;7;2
ORD_1337;PROD_9;7;2
ORD_1337;PROD_15;4;5
ORD_1337;PROD_24;2;3
ORD_1337;PROD_40;8;5
ORD_1337;PROD_22;8;5
ORD_1337;PROD_28;7;4
ORD_1337;PROD_35;2;2
ORD_1337;PROD_28;6;1
ORD_1337;PROD_13;3;4
ORD_1337;PROD_26;1;1
ORD_1337;PROD_19;4;1
ORD_1338;PROD_9;4;4
ORD_1338;PROD_12;3;3
ORD_1338;PROD_20;7;5
ORD_1338;PROD_33;5;5
ORD_1338;PROD_7;4;4
ORD_1338;PROD_44;1;2
ORD_1338;PROD_33;4;3
ORD_1338;PROD_44;2;5
ORD_1338;PROD_47;8;4
ORD_1339;PROD_37;1;3
ORD_1339;PROD_35;6;5
ORD_1339;PROD_22;7;4
ORD_1339;PROD_28;4;3
ORD_1339;PROD_40;6;4
ORD_1339;PROD_41;7;1
ORD_1339;PROD_22;8;1
ORD_1339;PROD_13;7;5
ORD_1339;PROD_10;9;1
ORD_1339;PROD_12;2;2
ORD_1339;PROD_50;7;5
ORD_1339;PROD_38;1;3
ORD_1340;PROD_41;5;3
ORD_1340;PROD_1;4;2
ORD_1340;PROD_24;4;5
ORD_1340;PROD_26;8;4
ORD_1340;PROD_3;4;5
ORD_1340;PROD_44;1;2
ORD_1340;PROD_27;9;1
ORD_1340;PROD_7;9;2
ORD_1341;PROD_25;1;3
ORD_1341;PROD_1;8;4
ORD_1341;PROD_34;8;3
ORD_1341;PROD_3;9;1
ORD_1341;PROD_15;5;2
ORD_1341;PROD_34;4;2
ORD_1341;PROD_24;8;4
ORD_1341;PROD_8;8;3
ORD_1341;PROD_41;3;5
ORD_1341;PROD_6;8;3
ORD_1341;PROD_45;1;1
ORD_1341;PROD_18;9;1
ORD_1341;PROD_46;1;3
ORD_1341;PROD_8;4;4
ORD_1341;PROD_8;1;3
ORD_1342;PROD_37;7;2
ORD_1342;PROD_12;4;3
ORD_1342;PROD_28;8;2
ORD_1342;PROD_45;3;4
ORD_1342;PROD_38;4;4
ORD_1342;PROD_3;9;1
ORD_1342;PROD_45;6;5
ORD_1342;PROD_30;5;3
ORD_1343;PROD_33;5;5
ORD_1343;PROD_36;7;3
ORD_1343;PROD_48;6;2
ORD_1343;PROD_44;7;5
ORD_1343;PROD_43;3;1
ORD_1343;PROD_27;8;1
ORD_1343;PROD_10;8;5
ORD_1343;PROD_22;2;4
ORD_1343;PROD_28;9;1
ORD_1343;PROD_47;3;5
ORD_1343;PROD_15;7;3
ORD_1343;PROD_6;7;3
ORD_1344;PROD_47;8;4
ORD_1344;PROD_44;7;5
ORD_1344;PROD_19;8;5
ORD_1344;PROD_3;3;3
ORD_1344;PROD_28;6;2
ORD_1344;PROD_29;1;4
ORD_1344;PROD_30;1;1
ORD_1345;PROD_28;7;3
ORD_1345;PROD_48;4;2
ORD_1345;PROD_8;7;1
ORD_1345;PROD_19;1;3
ORD_1345;PROD_26;7;2
ORD_1345;PROD_25;8;4
ORD_1346;PROD_31;2;3
ORD_1346;PROD_5;5;2
ORD_1346;PROD_3;7;5
ORD_1346;PROD_22;4;2
ORD_1346;PROD_40;3;1
ORD_1346;PROD_38;1;3
ORD_1346;PROD_6;4;1
ORD_1346;PROD_45;4;4
ORD_1346;PROD_42;9;5
ORD_1346;PROD_43;6;5
ORD_1346;PROD_23;9;1
ORD_1346;PROD_29;7;1
ORD_1346;PROD_24;9;3
ORD_1346;PROD_41;7;3
ORD_1346;PROD_1;4;1
ORD_1347;PROD_29;3;3
ORD_1347;PROD_30;6;3
ORD_1347;PROD_50;2;1
ORD_1347;PROD_14;4;4
ORD_1347;PROD_1;8;4
ORD_1347;PROD_33;7;3
ORD_1347;PROD_5;1;2
ORD_1347;PROD_46;1;2
ORD_1348;PROD_25;5;2
ORD_1348;PROD_27;1;5
ORD_1348;PROD_14;5;4
ORD_1348;PROD_46;8;5
ORD_1348;PROD_2;4;4
ORD_1349;PROD_27;5;2
ORD_1349;PROD_41;1;2
ORD_1349;PROD_2;3;4
ORD_1349;PROD_36;4;1
ORD_1349;PROD_1;7;1
ORD_1349;PROD_50;7;1
ORD_1349;PROD_23;7;5
ORD_1349;PROD_29;6;3
ORD_1349;PROD_30;9;2
ORD_1349;PROD_50;8;3
ORD_1349;PROD_14;3;3
ORD_1350;PROD_35;1;2
ORD_1350;PROD_13;2;1
ORD_1350;PROD_18;7;1
ORD_1350;PROD_44;5;4
ORD_1350;PROD_36;2;2
ORD_1351;PROD_10;3;1
ORD_1351;PROD_5;9;4
ORD_1351;PROD_4;2;4
ORD_1351;PROD_35;5;5
ORD_1351;PROD_6;9;2
ORD_1351;PROD_44;4;2
ORD_1351;PROD_28;7;1
ORD_1351;PROD_38;9;3
ORD_1351;PROD_26;2;3
ORD_1351;PROD_9;8;4
ORD_1351;PROD_23;9;3
ORD_1352;PROD_44;1;4
ORD_1352;PROD_33;1;3
ORD_1352;PROD_21;6;3
ORD_1352;PROD_45;7;3
ORD_1352;PROD_24;1;4
ORD_1352;PROD_30;4;1
ORD_1353;PROD_35;8;2
ORD_1353;PROD_4;9;4
ORD_1353;PROD_50;7;5
ORD_1353;PROD_34;3;4
ORD_1353;PROD_11;9;1
ORD_1354;PROD_21;1;5
ORD_1354;PROD_45;8;1
ORD_1354;PROD_24;8;3
ORD_1354;PROD_30;3;4
ORD_1354;PROD_37;7;2
ORD_1354;PROD_48;4;5
ORD_1354;PROD_49;8;4
ORD_1355;PROD_46;3;5
ORD_1355;PROD_50;6;1
ORD_1355;PROD_42;7;4
ORD_1355;PROD_13;4;2
ORD_1355;PROD_10;3;4
ORD_1355;PROD_9;5;1
ORD_1355;PROD_33;9;3
ORD_1355;PROD_23;9;2
ORD_1356;PROD_21;7;2
ORD_1356;PROD_45;9;2
ORD_1356;PROD_24;9;5
ORD_1356;PROD_30;9;5
ORD_1356;PROD_37;9;3
ORD_1356;PROD_5;8;3
ORD_1356;PROD_9;7;5
ORD_1356;PROD_47;7;2
ORD_1356;PROD_1;4;4
ORD_1356;PROD_48;3;3
ORD_1356;PROD_16;8;1
ORD_1356;PROD_12;5;3
ORD_1356;PROD_50;5;5
ORD_1356;PROD_21;6;5
ORD_1356;PROD_5;2;2
ORD_1357;PROD_31;7;5
ORD_1357;PROD_5;7;5
ORD_1357;PROD_36;1;4
ORD_1357;PROD_30;1;5
ORD_1357;PROD_3;8;2
ORD_1357;PROD_6;7;5
ORD_1357;PROD_14;9;5
ORD_1357;PROD_20;2;5
ORD_1357;PROD_49;7;1
ORD_1357;PROD_2;5;1
ORD_1357;PROD_46;1;5
ORD_1357;PROD_35;4;2
ORD_1358;PROD_31;8;1
ORD_1358;PROD_5;3;2
ORD_1358;PROD_50;7;2
ORD_1358;PROD_15;5;2
ORD_1358;PROD_40;1;4
ORD_1358;PROD_26;9;4
ORD_1358;PROD_37;4;1
ORD_1358;PROD_15;4;4
ORD_1358;PROD_25;3;3
ORD_1358;PROD_24;6;3
ORD_1358;PROD_38;1;4
ORD_1358;PROD_20;6;4
ORD_1359;PROD_22;6;4
ORD_1359;PROD_28;8;1
ORD_1359;PROD_17;3;3
ORD_1359;PROD_23;5;5
ORD_1359;PROD_31;9;3
ORD_1359;PROD_41;6;5
ORD_1359;PROD_7;1;2
ORD_1359;PROD_12;2;5
ORD_1359;PROD_50;2;2
ORD_1360;PROD_25;5;1
ORD_1360;PROD_6;1;5
ORD_1360;PROD_5;5;3
ORD_1360;PROD_36;8;4
ORD_1360;PROD_9;5;4
ORD_1361;PROD_1;4;4
ORD_1361;PROD_36;5;5
ORD_1361;PROD_4;9;3
ORD_1361;PROD_40;8;2
ORD_1361;PROD_7;7;1
ORD_1361;PROD_49;4;1
ORD_1361;PROD_38;7;3
ORD_1361;PROD_17;3;2
ORD_1361;PROD_39;7;1
ORD_1361;PROD_23;3;1
ORD_1361;PROD_45;3;2
ORD_1361;PROD_22;2;3
ORD_1362;PROD_25;4;4
ORD_1362;PROD_6;3;3
ORD_1362;PROD_5;7;3
ORD_1362;PROD_21;4;4
ORD_1362;PROD_45;4;3
ORD_1362;PROD_24;5;2
ORD_1362;PROD_30;5;4
ORD_1362;PROD_37;1;3
ORD_1362;PROD_13;8;2
ORD_1362;PROD_20;5;2
ORD_1362;PROD_22;8;1
ORD_1362;PROD_18;8;1
ORD_1363;PROD_9;5;1
ORD_1363;PROD_1;6;4
ORD_1363;PROD_48;8;5
ORD_1363;PROD_41;2;3
ORD_1363;PROD_36;1;3
ORD_1363;PROD_30;7;5
ORD_1363;PROD_2;4;1
ORD_1363;PROD_44;6;3
ORD_1363;PROD_9;9;1
ORD_1363;PROD_30;3;1
ORD_1363;PROD_16;8;4
ORD_1363;PROD_39;7;4
ORD_1363;PROD_43;9;4
ORD_1363;PROD_6;4;5
ORD_1364;PROD_39;6;3
ORD_1364;PROD_17;4;3
ORD_1364;PROD_42;2;5
ORD_1364;PROD_21;6;2
ORD_1364;PROD_32;1;1
ORD_1364;PROD_30;2;3
ORD_1364;PROD_19;3;4
ORD_1364;PROD_22;3;4
ORD_1364;PROD_13;5;1
ORD_1364;PROD_38;1;3
ORD_1365;PROD_19;1;5
ORD_1365;PROD_3;5;4
ORD_1365;PROD_28;5;3
ORD_1365;PROD_3;1;1
ORD_1365;PROD_49;9;5
ORD_1365;PROD_19;4;2
ORD_1365;PROD_7;3;2
ORD_1365;PROD_33;3;1
ORD_1366;PROD_29;3;3
ORD_1366;PROD_30;9;1
ORD_1366;PROD_50;6;5
ORD_1366;PROD_14;9;5
ORD_1366;PROD_1;5;5
ORD_1366;PROD_2;2;1
ORD_1366;PROD_36;9;1
ORD_1366;PROD_1;2;4
ORD_1366;PROD_50;3;5
ORD_1367;PROD_38;9;1
ORD_1367;PROD_43;2;4
ORD_1367;PROD_40;5;5
ORD_1367;PROD_40;9;1
ORD_1367;PROD_47;8;3
ORD_1367;PROD_14;3;3
ORD_1367;PROD_25;5;2
ORD_1367;PROD_42;2;2
ORD_1368;PROD_47;5;4
ORD_1368;PROD_44;9;2
ORD_1368;PROD_21;4;1
ORD_1368;PROD_45;4;3
ORD_1368;PROD_24;2;5
ORD_1368;PROD_30;3;5
ORD_1368;PROD_37;9;2
ORD_1368;PROD_39;5;2
ORD_1368;PROD_31;3;1
ORD_1368;PROD_13;7;4
ORD_1369;PROD_37;2;5
ORD_1369;PROD_35;6;2
ORD_1369;PROD_25;3;2
ORD_1369;PROD_40;9;4
ORD_1369;PROD_38;8;3
ORD_1369;PROD_34;7;1
ORD_1369;PROD_19;1;2
ORD_1369;PROD_8;3;4
ORD_1369;PROD_43;4;3
ORD_1369;PROD_20;6;1
ORD_1369;PROD_5;6;3
ORD_1369;PROD_39;9;5
ORD_1369;PROD_29;2;2
ORD_1369;PROD_45;9;1
ORD_1369;PROD_36;1;4
ORD_1370;PROD_19;7;1
ORD_1370;PROD_3;2;5
ORD_1370;PROD_28;2;3
ORD_1370;PROD_36;5;3
ORD_1370;PROD_9;7;1
ORD_1370;PROD_49;4;5
ORD_1370;PROD_44;4;2
ORD_1370;PROD_4;2;3
ORD_1370;PROD_19;6;3
ORD_1370;PROD_18;6;3
ORD_1370;PROD_33;7;1
ORD_1370;PROD_11;1;5
ORD_1370;PROD_40;7;2
ORD_1370;PROD_25;4;4
ORD_1371;PROD_36;3;4
ORD_1371;PROD_30;7;5
ORD_1371;PROD_30;3;4
ORD_1371;PROD_13;2;2
ORD_1371;PROD_38;5;5
ORD_1371;PROD_11;9;5
ORD_1371;PROD_5;4;2
ORD_1372;PROD_6;3;1
ORD_1372;PROD_24;3;4
ORD_1372;PROD_39;5;5
ORD_1372;PROD_20;6;2
ORD_1372;PROD_27;1;5
ORD_1372;PROD_33;8;4
ORD_1372;PROD_37;3;1
ORD_1372;PROD_7;9;3
ORD_1372;PROD_10;2;5
ORD_1372;PROD_22;8;3
ORD_1373;PROD_15;7;5
ORD_1373;PROD_40;7;3
ORD_1373;PROD_39;9;1
ORD_1373;PROD_7;9;1
ORD_1373;PROD_43;9;4
ORD_1373;PROD_50;5;4
ORD_1374;PROD_16;8;4
ORD_1374;PROD_27;9;2
ORD_1374;PROD_10;4;1
ORD_1374;PROD_5;6;2
ORD_1374;PROD_4;6;3
ORD_1375;PROD_12;1;5
ORD_1375;PROD_47;4;1
ORD_1375;PROD_6;8;2
ORD_1375;PROD_23;8;2
ORD_1375;PROD_9;8;5
ORD_1375;PROD_12;7;5
ORD_1375;PROD_20;8;5
ORD_1375;PROD_33;5;4
ORD_1375;PROD_7;5;3
ORD_1375;PROD_31;6;4
ORD_1376;PROD_12;1;3
ORD_1376;PROD_15;1;4
ORD_1376;PROD_29;5;2
ORD_1376;PROD_30;7;1
ORD_1376;PROD_50;6;5
ORD_1376;PROD_14;1;3
ORD_1376;PROD_1;9;4
ORD_1376;PROD_36;7;2
ORD_1376;PROD_9;3;3
ORD_1377;PROD_31;5;5
ORD_1377;PROD_5;6;3
ORD_1377;PROD_37;7;4
ORD_1377;PROD_12;7;3
ORD_1377;PROD_28;6;4
ORD_1377;PROD_2;9;2
ORD_1377;PROD_1;7;3
ORD_1377;PROD_42;7;4
ORD_1377;PROD_17;7;5
ORD_1377;PROD_25;6;4
ORD_1377;PROD_33;7;5
ORD_1377;PROD_25;1;5
ORD_1377;PROD_47;9;3
ORD_1378;PROD_36;3;1
ORD_1378;PROD_9;5;5
ORD_1378;PROD_28;2;3
ORD_1378;PROD_6;7;1
ORD_1378;PROD_3;5;4
ORD_1378;PROD_44;7;5
ORD_1378;PROD_14;4;2
ORD_1379;PROD_8;7;2
ORD_1379;PROD_47;9;4
ORD_1379;PROD_17;5;1
ORD_1379;PROD_40;8;4
ORD_1379;PROD_20;4;4
ORD_1379;PROD_20;2;1
ORD_1379;PROD_43;1;5
ORD_1379;PROD_28;6;4
ORD_1380;PROD_9;3;2
ORD_1380;PROD_38;6;5
ORD_1380;PROD_40;6;5
ORD_1380;PROD_21;5;4
ORD_1380;PROD_16;8;2
ORD_1380;PROD_31;5;3
ORD_1381;PROD_25;2;2
ORD_1381;PROD_6;4;2
ORD_1381;PROD_5;4;5
ORD_1381;PROD_19;4;2
ORD_1381;PROD_32;3;1
ORD_1381;PROD_33;5;3
ORD_1381;PROD_37;6;2
ORD_1381;PROD_40;2;5
ORD_1381;PROD_27;4;2
ORD_1381;PROD_12;7;2
ORD_1381;PROD_8;5;5
ORD_1381;PROD_2;1;3
ORD_1381;PROD_17;1;5
ORD_1381;PROD_20;6;5
ORD_1381;PROD_6;2;4
ORD_1382;PROD_6;1;4
ORD_1382;PROD_24;8;1
ORD_1382;PROD_45;7;3
ORD_1382;PROD_43;6;1
ORD_1382;PROD_19;1;1
ORD_1382;PROD_24;5;2
ORD_1382;PROD_46;9;4
ORD_1383;PROD_47;2;4
ORD_1383;PROD_6;5;3
ORD_1383;PROD_43;7;4
ORD_1383;PROD_1;1;3
ORD_1383;PROD_8;9;1
ORD_1383;PROD_14;6;5
ORD_1383;PROD_34;4;5
ORD_1383;PROD_26;3;4
ORD_1383;PROD_39;5;1
ORD_1383;PROD_18;8;3
ORD_1383;PROD_43;6;5
ORD_1383;PROD_36;6;2
ORD_1383;PROD_19;7;5
ORD_1384;PROD_15;5;2
ORD_1384;PROD_22;4;4
ORD_1384;PROD_19;9;1
ORD_1384;PROD_20;3;3
ORD_1384;PROD_21;8;2
ORD_1384;PROD_24;9;5
ORD_1384;PROD_18;5;1
ORD_1384;PROD_20;3;4
ORD_1384;PROD_42;1;4
ORD_1384;PROD_28;1;4
ORD_1384;PROD_4;2;5
ORD_1384;PROD_4;9;5
ORD_1384;PROD_22;4;4
ORD_1384;PROD_24;4;3
ORD_1384;PROD_10;4;3
ORD_1385;PROD_44;8;5
ORD_1385;PROD_33;5;3
ORD_1385;PROD_12;7;5
ORD_1385;PROD_15;9;3
ORD_1385;PROD_3;5;5
ORD_1385;PROD_49;9;1
ORD_1385;PROD_19;8;4
ORD_1385;PROD_7;1;1
ORD_1385;PROD_12;3;4
ORD_1386;PROD_30;4;2
ORD_1386;PROD_23;7;4
ORD_1386;PROD_42;8;1
ORD_1386;PROD_17;1;5
ORD_1386;PROD_6;6;3
ORD_1386;PROD_15;1;5
ORD_1386;PROD_32;5;3
ORD_1386;PROD_22;1;4
ORD_1386;PROD_42;8;2
ORD_1386;PROD_48;1;4
ORD_1386;PROD_50;9;3
ORD_1386;PROD_27;8;3
ORD_1386;PROD_5;5;2
ORD_1386;PROD_40;8;1
ORD_1386;PROD_50;2;4
ORD_1387;PROD_21;8;1
ORD_1387;PROD_45;6;1
ORD_1387;PROD_24;9;3
ORD_1387;PROD_30;3;1
ORD_1387;PROD_37;3;2
ORD_1387;PROD_31;2;1
ORD_1388;PROD_44;8;3
ORD_1388;PROD_33;3;1
ORD_1388;PROD_19;1;4
ORD_1388;PROD_3;3;3
ORD_1388;PROD_28;3;5
ORD_1388;PROD_2;7;1
ORD_1388;PROD_47;1;1
ORD_1389;PROD_49;8;2
ORD_1389;PROD_23;5;1
ORD_1389;PROD_4;8;3
ORD_1389;PROD_39;2;3
ORD_1389;PROD_28;8;1
ORD_1390;PROD_9;6;1
ORD_1390;PROD_12;7;4
ORD_1390;PROD_20;7;5
ORD_1390;PROD_33;3;5
ORD_1390;PROD_7;2;2
ORD_1390;PROD_9;7;4
ORD_1390;PROD_1;2;5
ORD_1390;PROD_48;4;4
ORD_1390;PROD_41;8;2
ORD_1390;PROD_37;6;3
ORD_1390;PROD_2;4;1
ORD_1390;PROD_11;6;3
ORD_1391;PROD_27;7;3
ORD_1391;PROD_41;2;5
ORD_1391;PROD_47;5;1
ORD_1391;PROD_44;5;4
ORD_1391;PROD_12;7;3
ORD_1391;PROD_47;9;5
ORD_1391;PROD_6;5;4
ORD_1391;PROD_23;4;2
ORD_1391;PROD_40;6;1
ORD_1391;PROD_18;4;5
ORD_1391;PROD_40;6;5
ORD_1391;PROD_39;8;4
ORD_1391;PROD_40;4;1
ORD_1391;PROD_1;8;1
ORD_1392;PROD_18;3;5
ORD_1392;PROD_8;4;3
ORD_1392;PROD_21;3;2
ORD_1392;PROD_3;3;3
ORD_1392;PROD_2;4;1
ORD_1392;PROD_1;4;1
ORD_1392;PROD_4;9;4
ORD_1392;PROD_11;8;1
ORD_1393;PROD_36;5;3
ORD_1393;PROD_29;9;1
ORD_1393;PROD_41;8;1
ORD_1393;PROD_25;2;3
ORD_1393;PROD_7;8;5
ORD_1393;PROD_22;4;1
ORD_1393;PROD_13;1;5
ORD_1393;PROD_44;6;1
ORD_1393;PROD_18;4;2
ORD_1393;PROD_44;2;3
ORD_1393;PROD_47;1;3
ORD_1393;PROD_46;1;2
ORD_1393;PROD_15;1;3
ORD_1394;PROD_6;1;1
ORD_1394;PROD_24;6;1
ORD_1394;PROD_19;4;2
ORD_1394;PROD_3;8;2
ORD_1394;PROD_28;5;5
ORD_1394;PROD_2;8;5
ORD_1394;PROD_36;4;3
ORD_1394;PROD_1;5;3
ORD_1394;PROD_50;3;4
ORD_1394;PROD_23;4;1
ORD_1395;PROD_44;5;2
ORD_1395;PROD_33;6;5
ORD_1395;PROD_23;9;1
ORD_1395;PROD_29;9;2
ORD_1395;PROD_8;2;1
ORD_1395;PROD_48;4;5
ORD_1396;PROD_33;5;3
ORD_1396;PROD_5;8;4
ORD_1396;PROD_46;9;4
ORD_1396;PROD_16;6;1
ORD_1396;PROD_27;9;5
ORD_1396;PROD_14;8;2
ORD_1396;PROD_47;5;3
ORD_1396;PROD_13;6;2
ORD_1396;PROD_21;8;3
ORD_1396;PROD_23;2;3
ORD_1396;PROD_46;3;2
ORD_1397;PROD_6;4;4
ORD_1397;PROD_24;5;5
ORD_1397;PROD_7;2;2
ORD_1397;PROD_27;9;3
ORD_1397;PROD_40;3;2
ORD_1397;PROD_26;5;3
ORD_1397;PROD_50;8;5
ORD_1397;PROD_44;4;4
ORD_1397;PROD_40;3;3
ORD_1398;PROD_47;4;1
ORD_1398;PROD_44;8;2
ORD_1398;PROD_6;1;5
ORD_1398;PROD_24;9;5
ORD_1398;PROD_6;8;5
ORD_1399;PROD_21;7;4
ORD_1399;PROD_33;2;3
ORD_1399;PROD_34;5;4
ORD_1399;PROD_33;8;4
ORD_1399;PROD_26;8;4
ORD_1399;PROD_14;9;3
ORD_1399;PROD_50;4;3
ORD_1399;PROD_8;4;3
ORD_1399;PROD_19;4;3
ORD_1399;PROD_34;1;5
ORD_1399;PROD_22;4;2
ORD_1400;PROD_38;9;1
ORD_1400;PROD_27;6;2
ORD_1400;PROD_16;3;1
ORD_1400;PROD_5;9;4
ORD_1400;PROD_48;8;5
ORD_1400;PROD_39;5;2
ORD_1400;PROD_2;8;2
ORD_1400;PROD_9;6;3
ORD_1400;PROD_3;6;2
ORD_1400;PROD_26;8;1
ORD_1400;PROD_24;4;1
ORD_1400;PROD_25;9;4
ORD_1400;PROD_47;6;1
ORD_1400;PROD_3;3;5
ORD_1401;PROD_48;4;2
ORD_1401;PROD_25;5;4
ORD_1401;PROD_27;4;1
ORD_1401;PROD_40;8;3
ORD_1401;PROD_41;3;1
ORD_1401;PROD_5;3;5
ORD_1401;PROD_22;8;5
ORD_1401;PROD_10;6;2
ORD_1401;PROD_50;3;2
ORD_1401;PROD_34;8;3
ORD_1401;PROD_35;2;4
ORD_1401;PROD_20;1;3
ORD_1401;PROD_43;8;5
ORD_1401;PROD_11;1;4
ORD_1402;PROD_9;6;2
ORD_1402;PROD_12;1;3
ORD_1402;PROD_20;6;1
ORD_1402;PROD_33;6;1
ORD_1402;PROD_7;4;2
ORD_1402;PROD_40;3;4
ORD_1402;PROD_30;4;3
ORD_1402;PROD_49;6;4
ORD_1403;PROD_30;4;2
ORD_1403;PROD_13;6;5
ORD_1403;PROD_38;3;2
ORD_1403;PROD_31;3;4
ORD_1403;PROD_5;5;2
ORD_1404;PROD_41;8;2
ORD_1404;PROD_1;4;4
ORD_1404;PROD_49;2;2
ORD_1404;PROD_15;6;4
ORD_1404;PROD_31;2;3
ORD_1404;PROD_43;7;4
ORD_1404;PROD_49;8;5
ORD_1405;PROD_26;9;1
ORD_1405;PROD_12;2;3
ORD_1405;PROD_9;8;5
ORD_1405;PROD_19;7;5
ORD_1405;PROD_48;3;2
ORD_1405;PROD_11;4;1
ORD_1405;PROD_21;4;5
ORD_1405;PROD_34;1;4
ORD_1405;PROD_32;5;2
ORD_1405;PROD_23;3;2
ORD_1405;PROD_6;9;5
ORD_1405;PROD_46;1;3
ORD_1405;PROD_38;3;5
ORD_1405;PROD_37;3;1
ORD_1405;PROD_48;3;2
ORD_1406;PROD_10;8;4
ORD_1406;PROD_5;7;5
ORD_1406;PROD_4;8;1
ORD_1406;PROD_35;6;1
ORD_1406;PROD_36;7;2
ORD_1406;PROD_9;5;4
ORD_1406;PROD_12;9;2
ORD_1406;PROD_39;8;4
ORD_1406;PROD_49;1;1
ORD_1406;PROD_46;9;4
ORD_1406;PROD_31;5;4
ORD_1407;PROD_25;6;3
ORD_1407;PROD_6;5;1
ORD_1407;PROD_5;6;5
ORD_1407;PROD_9;7;4
ORD_1407;PROD_12;1;3
ORD_1407;PROD_20;3;1
ORD_1407;PROD_33;9;5
ORD_1408;PROD_21;9;3
ORD_1408;PROD_45;7;2
ORD_1408;PROD_24;4;3
ORD_1408;PROD_30;4;1
ORD_1408;PROD_37;5;3
ORD_1408;PROD_25;6;5
ORD_1408;PROD_7;7;3
ORD_1408;PROD_15;4;3
ORD_1409;PROD_27;2;4
ORD_1409;PROD_41;4;5
ORD_1409;PROD_9;2;4
ORD_1409;PROD_1;3;4
ORD_1409;PROD_48;5;5
ORD_1409;PROD_41;6;5
ORD_1409;PROD_50;5;4
ORD_1409;PROD_41;6;4
ORD_1409;PROD_49;6;3
ORD_1409;PROD_21;7;4
ORD_1409;PROD_9;3;3
ORD_1410;PROD_37;9;1
ORD_1410;PROD_12;3;5
ORD_1410;PROD_28;1;3
ORD_1410;PROD_46;4;5
ORD_1410;PROD_27;6;1
ORD_1410;PROD_26;4;4
ORD_1410;PROD_37;2;4
ORD_1410;PROD_43;6;2
ORD_1411;PROD_45;6;5
ORD_1411;PROD_7;4;5
ORD_1411;PROD_47;5;1
ORD_1411;PROD_32;5;2
ORD_1411;PROD_14;5;5
ORD_1411;PROD_17;7;5
ORD_1411;PROD_37;4;4
ORD_1412;PROD_20;4;2
ORD_1412;PROD_29;1;1
ORD_1412;PROD_3;1;5
ORD_1412;PROD_38;5;5
ORD_1412;PROD_20;8;4
ORD_1412;PROD_36;9;1
ORD_1413;PROD_3;5;1
ORD_1413;PROD_12;6;5
ORD_1413;PROD_8;3;3
ORD_1413;PROD_10;3;4
ORD_1413;PROD_42;7;4
ORD_1413;PROD_36;2;1
ORD_1413;PROD_15;1;3
ORD_1413;PROD_37;7;3
ORD_1413;PROD_43;4;5
ORD_1413;PROD_50;1;2
ORD_1414;PROD_12;1;4
ORD_1414;PROD_25;6;4
ORD_1414;PROD_18;4;2
ORD_1414;PROD_13;8;1
ORD_1414;PROD_17;5;5
ORD_1414;PROD_43;8;2
ORD_1414;PROD_36;3;5
ORD_1414;PROD_47;5;4
ORD_1414;PROD_5;1;3
ORD_1414;PROD_34;7;1
ORD_1415;PROD_29;4;5
ORD_1415;PROD_30;2;4
ORD_1415;PROD_50;4;1
ORD_1415;PROD_14;2;4
ORD_1415;PROD_1;4;5
ORD_1415;PROD_13;6;5
ORD_1415;PROD_17;2;5
ORD_1415;PROD_1;6;4
ORD_1415;PROD_27;1;3
ORD_1415;PROD_47;4;2
ORD_1415;PROD_29;5;1
ORD_1416;PROD_25;7;2
ORD_1416;PROD_5;7;3
ORD_1416;PROD_12;8;2
ORD_1416;PROD_45;3;3
ORD_1416;PROD_40;5;4
ORD_1416;PROD_17;3;5
ORD_1416;PROD_25;2;4
ORD_1416;PROD_13;5;4
ORD_1416;PROD_14;8;3
ORD_1416;PROD_23;8;5
ORD_1416;PROD_17;4;5
ORD_1416;PROD_27;3;4
ORD_1417;PROD_45;1;3
ORD_1417;PROD_15;5;2
ORD_1417;PROD_24;6;1
ORD_1417;PROD_31;6;2
ORD_1417;PROD_10;4;2
ORD_1417;PROD_48;7;1
ORD_1417;PROD_34;9;1
ORD_1417;PROD_30;2;5
ORD_1418;PROD_13;5;5
ORD_1418;PROD_44;1;4
ORD_1418;PROD_49;2;2
ORD_1418;PROD_17;2;5
ORD_1418;PROD_26;2;2
ORD_1418;PROD_8;6;1
ORD_1418;PROD_25;4;5
ORD_1418;PROD_21;8;4
ORD_1418;PROD_8;1;5
ORD_1418;PROD_43;6;3
ORD_1418;PROD_35;6;1
ORD_1418;PROD_7;4;4
ORD_1418;PROD_26;1;1
ORD_1418;PROD_16;7;4
ORD_1419;PROD_16;4;5
ORD_1419;PROD_27;5;4
ORD_1419;PROD_29;6;3
ORD_1419;PROD_30;9;4
ORD_1419;PROD_50;4;4
ORD_1420;PROD_35;1;4
ORD_1420;PROD_24;5;3
ORD_1420;PROD_1;1;4
ORD_1420;PROD_37;9;3
ORD_1420;PROD_17;6;4
ORD_1420;PROD_24;1;5
ORD_1420;PROD_22;5;2
ORD_1421;PROD_43;4;5
ORD_1421;PROD_41;3;1
ORD_1421;PROD_10;5;5
ORD_1421;PROD_14;2;1
ORD_1421;PROD_11;4;4
ORD_1421;PROD_22;9;4
ORD_1421;PROD_32;1;1
ORD_1421;PROD_16;8;2
ORD_1422;PROD_30;8;1
ORD_1422;PROD_13;5;3
ORD_1422;PROD_38;9;4
ORD_1422;PROD_16;2;2
ORD_1422;PROD_27;5;3
ORD_1423;PROD_4;2;1
ORD_1423;PROD_34;9;3
ORD_1423;PROD_15;4;4
ORD_1423;PROD_42;8;2
ORD_1423;PROD_6;9;4
ORD_1424;PROD_11;9;5
ORD_1424;PROD_27;8;1
ORD_1424;PROD_46;2;2
ORD_1424;PROD_42;6;4
ORD_1424;PROD_20;2;2
ORD_1424;PROD_50;7;4
ORD_1424;PROD_4;6;5
ORD_1424;PROD_28;4;2
ORD_1425;PROD_25;1;1
ORD_1425;PROD_6;6;1
ORD_1425;PROD_5;9;1
ORD_1425;PROD_30;7;2
ORD_1425;PROD_13;5;1
ORD_1425;PROD_38;4;3
ORD_1426;PROD_33;8;5
ORD_1426;PROD_41;7;1
ORD_1426;PROD_25;6;4
ORD_1426;PROD_27;9;2
ORD_1426;PROD_46;5;3
ORD_1426;PROD_26;1;5
ORD_1426;PROD_29;4;3
ORD_1426;PROD_27;5;4
ORD_1426;PROD_8;8;3
ORD_1426;PROD_4;9;5
ORD_1426;PROD_43;5;1
ORD_1427;PROD_46;5;4
ORD_1427;PROD_37;3;3
ORD_1427;PROD_38;1;5
ORD_1427;PROD_26;2;5
ORD_1427;PROD_3;7;4
ORD_1427;PROD_21;9;5
ORD_1427;PROD_17;9;1
ORD_1427;PROD_38;2;5
ORD_1428;PROD_2;7;5
ORD_1428;PROD_36;1;2
ORD_1428;PROD_1;3;5
ORD_1428;PROD_50;9;2
ORD_1428;PROD_23;8;3
ORD_1428;PROD_33;7;5
ORD_1429;PROD_27;8;5
ORD_1429;PROD_8;6;2
ORD_1429;PROD_2;3;4
ORD_1429;PROD_15;3;2
ORD_1429;PROD_50;2;5
ORD_1429;PROD_19;9;1
ORD_1429;PROD_7;2;3
ORD_1430;PROD_10;1;5
ORD_1430;PROD_44;5;3
ORD_1430;PROD_14;4;4
ORD_1430;PROD_47;9;4
ORD_1430;PROD_45;7;4
ORD_1430;PROD_20;8;4
ORD_1430;PROD_19;3;3
ORD_1430;PROD_22;4;2
ORD_1431;PROD_33;2;3
ORD_1431;PROD_5;4;4
ORD_1431;PROD_46;6;4
ORD_1431;PROD_37;1;2
ORD_1431;PROD_12;6;2
ORD_1431;PROD_28;4;1
ORD_1431;PROD_17;9;2
ORD_1431;PROD_10;6;1
ORD_1432;PROD_36;1;3
ORD_1432;PROD_9;9;5
ORD_1432;PROD_33;2;1
ORD_1432;PROD_5;2;2
ORD_1432;PROD_46;4;1
ORD_1432;PROD_7;6;1
ORD_1432;PROD_28;4;3
ORD_1432;PROD_48;9;2
ORD_1432;PROD_44;1;1
ORD_1433;PROD_29;4;3
ORD_1433;PROD_30;3;5
ORD_1433;PROD_50;7;1
ORD_1433;PROD_14;5;4
ORD_1433;PROD_1;8;1
ORD_1434;PROD_3;5;2
ORD_1434;PROD_49;9;2
ORD_1434;PROD_19;5;5
ORD_1434;PROD_7;5;1
ORD_1434;PROD_44;4;2
ORD_1434;PROD_33;2;5
ORD_1434;PROD_3;3;3
ORD_1434;PROD_49;8;5
ORD_1434;PROD_19;3;4
ORD_1434;PROD_7;1;2
ORD_1435;PROD_21;6;4
ORD_1435;PROD_45;1;2
ORD_1435;PROD_24;7;1
ORD_1435;PROD_30;8;5
ORD_1435;PROD_37;4;5
ORD_1435;PROD_19;7;1
ORD_1436;PROD_36;3;4
ORD_1436;PROD_30;6;1
ORD_1436;PROD_47;5;2
ORD_1436;PROD_44;3;2
ORD_1436;PROD_36;9;2
ORD_1436;PROD_9;3;4
ORD_1436;PROD_18;7;5
ORD_1436;PROD_26;6;2
ORD_1437;PROD_9;3;2
ORD_1437;PROD_12;3;4
ORD_1437;PROD_20;5;3
ORD_1437;PROD_33;1;2
ORD_1437;PROD_7;9;5
ORD_1437;PROD_12;8;2
ORD_1437;PROD_47;7;1
ORD_1437;PROD_6;3;4
ORD_1437;PROD_23;4;4
ORD_1437;PROD_17;9;2
ORD_1437;PROD_14;2;4
ORD_1437;PROD_46;1;3
ORD_1437;PROD_42;8;3
ORD_1438;PROD_28;9;3
ORD_1438;PROD_45;4;1
ORD_1438;PROD_5;3;1
ORD_1438;PROD_17;9;3
ORD_1438;PROD_2;4;2
ORD_1438;PROD_42;6;3
ORD_1438;PROD_28;3;2
ORD_1438;PROD_24;5;4
ORD_1438;PROD_32;9;2
ORD_1438;PROD_10;5;2
ORD_1438;PROD_46;8;2
ORD_1438;PROD_46;3;5
ORD_1439;PROD_29;4;1
ORD_1439;PROD_30;8;2
ORD_1439;PROD_50;7;1
ORD_1439;PROD_14;2;3
ORD_1439;PROD_1;3;5
ORD_1439;PROD_10;9;4
ORD_1439;PROD_5;9;2
ORD_1440;PROD_31;9;1
ORD_1440;PROD_5;4;3
ORD_1440;PROD_25;1;2
ORD_1440;PROD_2;6;4
ORD_1440;PROD_9;7;3
ORD_1441;PROD_37;6;5
ORD_1441;PROD_12;4;1
ORD_1441;PROD_28;1;2
ORD_1441;PROD_21;3;1
ORD_1441;PROD_11;7;1
ORD_1441;PROD_46;6;1
ORD_1441;PROD_10;2;5
ORD_1442;PROD_16;6;3
ORD_1442;PROD_27;8;2
ORD_1442;PROD_12;2;1
ORD_1442;PROD_15;9;4
ORD_1442;PROD_12;2;4
ORD_1443;PROD_17;2;2
ORD_1443;PROD_22;5;3
ORD_1443;PROD_47;1;1
ORD_1443;PROD_7;2;4
ORD_1443;PROD_6;8;3
ORD_1444;PROD_46;1;2
ORD_1444;PROD_26;9;5
ORD_1444;PROD_43;9;5
ORD_1444;PROD_32;1;5
ORD_1444;PROD_6;2;2
ORD_1445;PROD_13;7;4
ORD_1445;PROD_3;3;3
ORD_1445;PROD_11;9;3
ORD_1445;PROD_46;6;4
ORD_1445;PROD_17;1;3
ORD_1445;PROD_6;3;2
ORD_1445;PROD_7;6;5
ORD_1445;PROD_35;4;2
ORD_1445;PROD_36;6;4
ORD_1445;PROD_14;4;5
ORD_1445;PROD_50;4;2
ORD_1445;PROD_26;9;2
ORD_1445;PROD_36;4;5
ORD_1446;PROD_30;7;2
ORD_1446;PROD_13;8;4
ORD_1446;PROD_38;9;2
ORD_1446;PROD_43;2;4
ORD_1446;PROD_10;5;1
ORD_1446;PROD_19;4;2
ORD_1446;PROD_22;3;2
ORD_1446;PROD_27;5;3
ORD_1446;PROD_43;3;1
ORD_1446;PROD_9;7;3
ORD_1446;PROD_31;5;5
ORD_1446;PROD_3;3;2
ORD_1446;PROD_9;8;3
ORD_1447;PROD_30;7;5
ORD_1447;PROD_8;3;3
ORD_1447;PROD_9;4;1
ORD_1447;PROD_35;3;1
ORD_1447;PROD_19;4;2
ORD_1448;PROD_32;2;3
ORD_1448;PROD_31;9;4
ORD_1448;PROD_1;8;4
ORD_1448;PROD_46;6;1
ORD_1448;PROD_49;3;1
ORD_1448;PROD_43;4;1
ORD_1448;PROD_24;2;3
ORD_1448;PROD_12;5;3
ORD_1448;PROD_1;9;1
ORD_1449;PROD_46;7;5
ORD_1449;PROD_10;6;4
ORD_1449;PROD_47;6;2
ORD_1449;PROD_32;5;3
ORD_1449;PROD_38;7;2
ORD_1449;PROD_41;3;2
ORD_1450;PROD_20;8;4
ORD_1450;PROD_12;9;1
ORD_1450;PROD_30;5;2
ORD_1450;PROD_21;1;4
ORD_1450;PROD_8;8;4
ORD_1450;PROD_14;6;5
ORD_1450;PROD_10;8;5
ORD_1450;PROD_42;5;2
ORD_1450;PROD_4;6;2
ORD_1451;PROD_44;2;4
ORD_1451;PROD_33;7;3
ORD_1451;PROD_50;9;4
ORD_1451;PROD_40;1;1
ORD_1451;PROD_22;4;4
ORD_1451;PROD_45;5;5
ORD_1451;PROD_44;2;1
ORD_1451;PROD_12;7;1
ORD_1452;PROD_28;1;4
ORD_1452;PROD_13;3;3
ORD_1452;PROD_49;8;3
ORD_1452;PROD_10;6;5
ORD_1452;PROD_26;1;1
ORD_1452;PROD_32;6;3
ORD_1452;PROD_44;2;3
ORD_1452;PROD_24;5;2
ORD_1452;PROD_43;1;1
ORD_1452;PROD_37;7;4
ORD_1452;PROD_10;2;2
ORD_1452;PROD_45;6;3
ORD_1452;PROD_18;9;1
ORD_1453;PROD_36;8;2
ORD_1453;PROD_5;3;2
ORD_1453;PROD_44;2;5
ORD_1453;PROD_3;3;1
ORD_1453;PROD_43;4;1
ORD_1453;PROD_30;1;2
ORD_1453;PROD_11;1;5
ORD_1453;PROD_3;4;1
ORD_1453;PROD_48;2;5
ORD_1453;PROD_41;6;3
ORD_1453;PROD_18;9;4
ORD_1453;PROD_9;6;1
ORD_1454;PROD_29;1;2
ORD_1454;PROD_10;8;3
ORD_1454;PROD_31;4;2
ORD_1454;PROD_46;5;2
ORD_1454;PROD_25;4;1
ORD_1454;PROD_44;1;1
ORD_1454;PROD_30;4;5
ORD_1454;PROD_42;7;4
ORD_1454;PROD_32;8;5
ORD_1454;PROD_28;6;1
ORD_1454;PROD_23;7;1
ORD_1454;PROD_48;8;4
ORD_1455;PROD_31;7;5
ORD_1455;PROD_5;2;5
ORD_1455;PROD_18;6;3
ORD_1455;PROD_50;6;1
ORD_1455;PROD_50;2;1
ORD_1455;PROD_10;6;1
ORD_1455;PROD_45;7;4
ORD_1455;PROD_45;2;5
ORD_1455;PROD_45;9;2
ORD_1455;PROD_41;2;4
ORD_1455;PROD_34;5;4
ORD_1456;PROD_36;4;2
ORD_1456;PROD_9;6;1
ORD_1456;PROD_44;3;3
ORD_1456;PROD_14;7;4
ORD_1456;PROD_19;1;4
ORD_1456;PROD_6;4;1
ORD_1456;PROD_6;3;1
ORD_1456;PROD_33;9;3
ORD_1456;PROD_16;2;1
ORD_1456;PROD_38;4;4
ORD_1456;PROD_38;9;2
ORD_1456;PROD_29;4;3
ORD_1456;PROD_48;3;4
ORD_1456;PROD_40;1;5
ORD_1457;PROD_50;2;5
ORD_1457;PROD_31;8;4
ORD_1457;PROD_29;6;3
ORD_1457;PROD_45;2;1
ORD_1457;PROD_49;1;4
ORD_1457;PROD_19;8;5
ORD_1457;PROD_37;2;5
ORD_1457;PROD_48;2;4
ORD_1457;PROD_26;7;4
ORD_1457;PROD_46;3;3
ORD_1458;PROD_31;9;1
ORD_1458;PROD_20;5;2
ORD_1458;PROD_36;3;2
ORD_1458;PROD_22;3;4
ORD_1458;PROD_43;9;5
ORD_1458;PROD_26;5;3
ORD_1458;PROD_31;8;4
ORD_1458;PROD_3;2;2
ORD_1458;PROD_46;4;1
ORD_1458;PROD_9;5;4
ORD_1458;PROD_23;3;2
ORD_1458;PROD_34;8;5
ORD_1459;PROD_21;7;4
ORD_1459;PROD_45;1;3
ORD_1459;PROD_24;3;1
ORD_1459;PROD_30;4;1
ORD_1459;PROD_37;7;3
ORD_1459;PROD_31;2;5
ORD_1459;PROD_5;9;3
ORD_1459;PROD_18;2;1
ORD_1459;PROD_6;6;5
ORD_1459;PROD_27;4;1
ORD_1459;PROD_47;5;2
ORD_1459;PROD_45;8;1
ORD_1459;PROD_21;3;1
ORD_1459;PROD_35;2;1
ORD_1460;PROD_50;9;5
ORD_1460;PROD_34;1;5
ORD_1460;PROD_22;4;3
ORD_1460;PROD_25;6;4
ORD_1460;PROD_16;3;1
ORD_1460;PROD_12;6;4
ORD_1460;PROD_41;6;4
ORD_1460;PROD_2;6;5
ORD_1460;PROD_36;6;5
ORD_1460;PROD_45;7;5
ORD_1460;PROD_40;1;3
ORD_1461;PROD_19;5;3
ORD_1461;PROD_3;2;4
ORD_1461;PROD_28;8;5
ORD_1461;PROD_6;4;4
ORD_1461;PROD_24;1;3
ORD_1461;PROD_14;4;1
ORD_1461;PROD_9;9;3
ORD_1461;PROD_1;9;4
ORD_1461;PROD_10;9;4
ORD_1461;PROD_25;7;1
ORD_1461;PROD_20;7;4
ORD_1461;PROD_45;8;5
ORD_1461;PROD_23;7;2
ORD_1462;PROD_36;7;3
ORD_1462;PROD_1;3;2
ORD_1462;PROD_42;9;5
ORD_1462;PROD_40;5;1
ORD_1462;PROD_30;5;3
ORD_1462;PROD_26;9;4
ORD_1462;PROD_48;7;3
ORD_1462;PROD_45;7;5
ORD_1462;PROD_47;1;1
ORD_1463;PROD_1;1;1
ORD_1463;PROD_46;6;5
ORD_1463;PROD_20;2;1
ORD_1463;PROD_2;8;3
ORD_1463;PROD_16;9;3
ORD_1463;PROD_4;8;2
ORD_1463;PROD_31;1;1
ORD_1463;PROD_47;6;5
ORD_1463;PROD_44;4;5
ORD_1463;PROD_9;7;3
ORD_1463;PROD_13;5;1
ORD_1463;PROD_1;3;2
ORD_1463;PROD_29;2;4
ORD_1463;PROD_20;4;3
ORD_1464;PROD_9;1;1
ORD_1464;PROD_12;2;5
ORD_1464;PROD_20;6;4
ORD_1464;PROD_33;5;5
ORD_1464;PROD_7;5;2
ORD_1464;PROD_10;3;2
ORD_1464;PROD_5;2;4
ORD_1464;PROD_4;6;1
ORD_1464;PROD_35;5;1
ORD_1465;PROD_47;8;4
ORD_1465;PROD_44;8;2
ORD_1465;PROD_36;5;5
ORD_1465;PROD_9;3;4
ORD_1465;PROD_31;4;4
ORD_1465;PROD_5;1;2
ORD_1465;PROD_3;2;1
ORD_1465;PROD_7;2;3
ORD_1465;PROD_36;4;1
ORD_1465;PROD_50;1;3
ORD_1465;PROD_4;8;5
ORD_1465;PROD_27;4;4
ORD_1465;PROD_4;9;4
ORD_1465;PROD_28;6;1
ORD_1465;PROD_30;3;5
ORD_1466;PROD_43;7;1
ORD_1466;PROD_1;4;5
ORD_1466;PROD_22;2;4
ORD_1466;PROD_35;2;4
ORD_1466;PROD_5;1;3
ORD_1466;PROD_1;4;1
ORD_1466;PROD_30;4;1
ORD_1466;PROD_23;3;2
ORD_1466;PROD_29;9;1
ORD_1466;PROD_1;3;4
ORD_1466;PROD_15;6;1
ORD_1466;PROD_33;4;5
ORD_1466;PROD_28;8;3
ORD_1467;PROD_24;9;4
ORD_1467;PROD_23;9;5
ORD_1467;PROD_39;3;3
ORD_1467;PROD_32;9;4
ORD_1467;PROD_24;5;2
ORD_1468;PROD_25;4;1
ORD_1468;PROD_6;6;5
ORD_1468;PROD_5;4;2
ORD_1468;PROD_12;3;5
ORD_1468;PROD_15;9;5
ORD_1468;PROD_27;6;4
ORD_1468;PROD_23;8;3
ORD_1469;PROD_12;4;4
ORD_1469;PROD_15;4;5
ORD_1469;PROD_12;4;4
ORD_1469;PROD_47;6;4
ORD_1469;PROD_6;7;4
ORD_1469;PROD_23;4;3
ORD_1469;PROD_36;7;4
ORD_1469;PROD_30;4;3
ORD_1469;PROD_37;2;1
ORD_1469;PROD_11;9;1
ORD_1469;PROD_2;2;4
ORD_1470;PROD_36;2;3
ORD_1470;PROD_30;3;4
ORD_1470;PROD_12;2;1
ORD_1470;PROD_47;4;1
ORD_1470;PROD_6;4;1
ORD_1470;PROD_23;8;4
ORD_1470;PROD_36;3;2
ORD_1470;PROD_9;2;3
ORD_1470;PROD_49;3;4
ORD_1470;PROD_48;9;3
ORD_1470;PROD_34;5;5
ORD_1470;PROD_33;2;5
ORD_1470;PROD_19;5;1
ORD_1470;PROD_48;7;1
ORD_1470;PROD_24;3;1
ORD_1471;PROD_50;1;1
ORD_1471;PROD_35;5;2
ORD_1471;PROD_25;7;2
ORD_1471;PROD_33;9;1
ORD_1471;PROD_3;3;1
ORD_1471;PROD_43;3;4
ORD_1471;PROD_9;7;1
ORD_1471;PROD_29;4;2
ORD_1471;PROD_49;7;3
ORD_1471;PROD_46;3;4
ORD_1471;PROD_18;7;4
ORD_1472;PROD_12;3;3
ORD_1472;PROD_15;5;4
ORD_1472;PROD_38;7;3
ORD_1472;PROD_15;7;2
ORD_1472;PROD_16;6;4
ORD_1472;PROD_42;9;5
ORD_1472;PROD_43;6;1
ORD_1472;PROD_21;7;3
ORD_1472;PROD_45;9;4
ORD_1472;PROD_14;2;4
ORD_1472;PROD_34;6;1
ORD_1472;PROD_27;4;4
ORD_1472;PROD_48;8;3
ORD_1473;PROD_23;8;3
ORD_1473;PROD_34;3;1
ORD_1473;PROD_13;7;4
ORD_1473;PROD_35;3;2
ORD_1473;PROD_12;4;4
ORD_1473;PROD_38;9;2
ORD_1473;PROD_27;5;3
ORD_1473;PROD_20;3;1
ORD_1473;PROD_38;4;5
ORD_1474;PROD_29;1;3
ORD_1474;PROD_30;6;2
ORD_1474;PROD_50;7;2
ORD_1474;PROD_14;7;3
ORD_1474;PROD_1;1;3
ORD_1474;PROD_29;2;3
ORD_1474;PROD_30;3;3
ORD_1474;PROD_50;2;5
ORD_1474;PROD_14;7;1
ORD_1474;PROD_1;4;5
ORD_1474;PROD_30;4;1
ORD_1474;PROD_13;8;2
ORD_1474;PROD_38;3;5
ORD_1474;PROD_45;1;2
ORD_1475;PROD_9;2;5
ORD_1475;PROD_1;4;1
ORD_1475;PROD_48;7;3
ORD_1475;PROD_41;3;1
ORD_1475;PROD_9;2;1
ORD_1475;PROD_1;7;4
ORD_1475;PROD_48;7;5
ORD_1475;PROD_41;9;1
ORD_1475;PROD_10;4;3
ORD_1475;PROD_5;6;3
ORD_1475;PROD_4;5;2
ORD_1475;PROD_35;3;2
ORD_1475;PROD_1;5;3
ORD_1475;PROD_36;4;2
ORD_1476;PROD_33;7;4
ORD_1476;PROD_5;9;1
ORD_1476;PROD_46;8;3
ORD_1476;PROD_33;8;5
ORD_1476;PROD_5;1;2
ORD_1476;PROD_46;3;5
ORD_1476;PROD_16;3;5
ORD_1476;PROD_27;1;2
ORD_1476;PROD_40;1;4
ORD_1476;PROD_48;8;1
ORD_1476;PROD_15;6;5
ORD_1476;PROD_4;4;5
ORD_1476;PROD_10;1;4
ORD_1476;PROD_15;9;2
ORD_1476;PROD_13;7;4
ORD_1477;PROD_39;6;2
ORD_1477;PROD_35;9;2
ORD_1477;PROD_18;7;3
ORD_1477;PROD_31;1;1
ORD_1477;PROD_39;4;1
ORD_1477;PROD_30;7;5
ORD_1477;PROD_43;2;5
ORD_1477;PROD_23;2;2
ORD_1478;PROD_36;9;2
ORD_1478;PROD_9;2;2
ORD_1478;PROD_27;6;1
ORD_1478;PROD_41;6;4
ORD_1478;PROD_36;1;2
ORD_1478;PROD_9;3;4
ORD_1479;PROD_14;3;2
ORD_1479;PROD_7;8;2
ORD_1479;PROD_21;9;2
ORD_1479;PROD_26;5;5
ORD_1479;PROD_38;8;5
ORD_1479;PROD_32;7;2
ORD_1479;PROD_38;4;5
ORD_1479;PROD_27;3;3
ORD_1479;PROD_3;6;1
ORD_1479;PROD_30;1;1
ORD_1479;PROD_18;6;3
ORD_1479;PROD_29;2;4
ORD_1479;PROD_16;3;3
ORD_1480;PROD_21;2;3
ORD_1480;PROD_45;4;3
ORD_1480;PROD_24;3;1
ORD_1480;PROD_30;4;5
ORD_1480;PROD_37;3;4
ORD_1480;PROD_19;9;3
ORD_1480;PROD_3;3;5
ORD_1480;PROD_28;3;3
ORD_1480;PROD_33;5;2
ORD_1480;PROD_5;5;3
ORD_1481;PROD_41;5;1
ORD_1481;PROD_1;7;4
ORD_1481;PROD_21;7;2
ORD_1481;PROD_45;2;2
ORD_1481;PROD_24;1;1
ORD_1481;PROD_30;2;4
ORD_1481;PROD_37;7;1
ORD_1481;PROD_28;6;1
ORD_1481;PROD_15;7;3
ORD_1482;PROD_12;9;3
ORD_1482;PROD_47;3;1
ORD_1482;PROD_6;6;5
ORD_1482;PROD_23;4;5
ORD_1482;PROD_21;5;4
ORD_1482;PROD_45;1;4
ORD_1482;PROD_24;6;1
ORD_1482;PROD_30;6;2
ORD_1482;PROD_37;7;1
ORD_1482;PROD_23;7;1
ORD_1482;PROD_30;4;5
ORD_1483;PROD_37;3;5
ORD_1483;PROD_12;5;4
ORD_1483;PROD_28;2;5
ORD_1483;PROD_39;1;3
ORD_1483;PROD_8;5;2
ORD_1483;PROD_17;5;1
ORD_1483;PROD_5;3;3
ORD_1483;PROD_12;2;1
ORD_1483;PROD_24;5;3
ORD_1483;PROD_42;1;2
ORD_1483;PROD_14;4;1
ORD_1483;PROD_24;3;2
ORD_1484;PROD_13;3;1
ORD_1484;PROD_17;8;1
ORD_1484;PROD_1;1;4
ORD_1484;PROD_27;7;1
ORD_1484;PROD_44;9;5
ORD_1484;PROD_33;8;4
ORD_1485;PROD_13;7;5
ORD_1485;PROD_17;2;5
ORD_1485;PROD_1;3;4
ORD_1485;PROD_27;8;5
ORD_1485;PROD_43;9;5
ORD_1485;PROD_2;4;3
ORD_1485;PROD_44;6;2
ORD_1486;PROD_12;8;5
ORD_1486;PROD_15;1;3
ORD_1486;PROD_25;8;1
ORD_1486;PROD_5;9;4
ORD_1486;PROD_31;2;3
ORD_1486;PROD_18;7;4
ORD_1486;PROD_23;6;3
ORD_1486;PROD_16;8;4
ORD_1486;PROD_15;7;2
ORD_1486;PROD_40;4;3
ORD_1486;PROD_1;5;1
ORD_1486;PROD_14;8;3
ORD_1487;PROD_29;4;2
ORD_1487;PROD_30;9;3
ORD_1487;PROD_50;5;2
ORD_1487;PROD_14;7;2
ORD_1487;PROD_1;5;1
ORD_1487;PROD_21;9;3
ORD_1487;PROD_45;7;4
ORD_1487;PROD_24;6;4
ORD_1487;PROD_30;6;4
ORD_1488;PROD_10;4;2
ORD_1488;PROD_5;2;5
ORD_1488;PROD_4;7;1
ORD_1488;PROD_35;4;4
ORD_1488;PROD_25;1;4
ORD_1488;PROD_6;7;4
ORD_1488;PROD_5;7;3
ORD_1488;PROD_17;6;1
ORD_1489;PROD_38;9;2
ORD_1489;PROD_12;4;3
ORD_1489;PROD_25;8;5
ORD_1489;PROD_1;6;1
ORD_1489;PROD_47;9;5
ORD_1489;PROD_48;7;4
ORD_1489;PROD_20;4;3
ORD_1489;PROD_45;4;4
ORD_1489;PROD_29;7;4
ORD_1489;PROD_31;1;3
ORD_1489;PROD_43;5;4
ORD_1489;PROD_27;7;5
ORD_1489;PROD_31;2;2
ORD_1490;PROD_47;2;2
ORD_1490;PROD_44;1;2
ORD_1490;PROD_19;2;5
ORD_1490;PROD_3;3;5
ORD_1490;PROD_28;3;1
ORD_1490;PROD_47;8;2
ORD_1490;PROD_44;1;1
ORD_1490;PROD_35;2;5
ORD_1490;PROD_35;7;1
ORD_1491;PROD_44;1;1
ORD_1491;PROD_18;8;1
ORD_1491;PROD_38;1;3
ORD_1491;PROD_44;2;2
ORD_1491;PROD_50;2;2
ORD_1491;PROD_17;7;1
ORD_1492;PROD_23;5;4
ORD_1492;PROD_37;3;1
ORD_1492;PROD_19;4;2
ORD_1492;PROD_5;1;4
ORD_1492;PROD_25;5;2
ORD_1493;PROD_48;7;1
ORD_1493;PROD_2;4;1
ORD_1493;PROD_14;7;3
ORD_1493;PROD_44;9;2
ORD_1493;PROD_4;3;1
ORD_1493;PROD_5;2;3
ORD_1493;PROD_19;2;4
ORD_1493;PROD_18;2;4
ORD_1493;PROD_19;1;5
ORD_1493;PROD_36;1;3
ORD_1493;PROD_31;7;2
ORD_1493;PROD_30;7;2
ORD_1494;PROD_3;3;5
ORD_1494;PROD_49;3;2
ORD_1494;PROD_19;4;5
ORD_1494;PROD_7;8;1
ORD_1494;PROD_47;7;1
ORD_1494;PROD_44;8;2
ORD_1494;PROD_38;5;1
ORD_1494;PROD_27;4;1
ORD_1495;PROD_3;8;3
ORD_1495;PROD_49;8;1
ORD_1495;PROD_19;7;1
ORD_1495;PROD_7;6;3
ORD_1495;PROD_31;1;1
ORD_1496;PROD_41;1;4
ORD_1496;PROD_1;6;2
ORD_1496;PROD_21;6;3
ORD_1496;PROD_45;2;2
ORD_1496;PROD_24;2;2
ORD_1496;PROD_30;2;3
ORD_1496;PROD_37;1;2
ORD_1496;PROD_35;7;3
ORD_1496;PROD_11;4;1
ORD_1496;PROD_2;4;4
ORD_1496;PROD_3;3;3
ORD_1496;PROD_3;7;2
ORD_1496;PROD_3;3;3
ORD_1497;PROD_27;9;1
ORD_1497;PROD_35;9;5
ORD_1497;PROD_39;2;1
ORD_1497;PROD_31;3;1
ORD_1497;PROD_40;6;2
ORD_1497;PROD_12;5;1
ORD_1497;PROD_41;6;3
ORD_1497;PROD_44;1;1
ORD_1497;PROD_21;7;1
ORD_1497;PROD_12;4;3
ORD_1497;PROD_41;4;5
ORD_1497;PROD_5;3;2
ORD_1497;PROD_34;3;5
ORD_1497;PROD_24;4;5
ORD_1498;PROD_15;7;2
ORD_1498;PROD_32;1;2
ORD_1498;PROD_15;7;5
ORD_1498;PROD_12;1;2
ORD_1498;PROD_3;8;4
ORD_1498;PROD_26;5;4
ORD_1498;PROD_22;9;2
ORD_1498;PROD_25;7;4
ORD_1498;PROD_7;8;4
ORD_1498;PROD_15;1;5
ORD_1498;PROD_3;8;1
ORD_1499;PROD_25;3;5
ORD_1499;PROD_6;9;5
ORD_1499;PROD_5;1;2
ORD_1499;PROD_10;4;2
ORD_1499;PROD_5;2;2
ORD_1499;PROD_4;9;3
ORD_1500;PROD_46;4;5
ORD_1500;PROD_7;7;4
ORD_1500;PROD_27;1;5
ORD_1500;PROD_36;5;4
ORD_1500;PROD_27;4;5
ORD_1500;PROD_10;5;2
ORD_1500;PROD_23;1;5
ORD_1500;PROD_2;1;4
ORD_1501;PROD_30;1;5
ORD_1501;PROD_19;1;4
ORD_1501;PROD_14;6;3
ORD_1501;PROD_24;4;2
ORD_1501;PROD_29;4;2
ORD_1501;PROD_25;4;1
ORD_1501;PROD_30;7;5
ORD_1501;PROD_7;2;3
ORD_1501;PROD_41;8;3
ORD_1501;PROD_39;8;5
ORD_1501;PROD_32;5;3
ORD_1501;PROD_21;7;5
ORD_1502;PROD_27;4;1
ORD_1502;PROD_41;9;5
ORD_1502;PROD_9;1;5
ORD_1502;PROD_12;1;1
ORD_1502;PROD_20;3;1
ORD_1502;PROD_33;9;5
ORD_1502;PROD_7;2;2
ORD_1502;PROD_35;6;5
ORD_1502;PROD_5;5;1
ORD_1502;PROD_1;1;5
ORD_1502;PROD_15;4;5
ORD_1502;PROD_16;2;2
ORD_1503;PROD_11;5;1
ORD_1503;PROD_7;4;5
ORD_1503;PROD_16;4;3
ORD_1503;PROD_23;8;1
ORD_1503;PROD_38;5;2
ORD_1503;PROD_2;6;3
ORD_1503;PROD_48;1;4
ORD_1503;PROD_46;4;3
ORD_1503;PROD_18;5;4
ORD_1503;PROD_7;4;4
ORD_1503;PROD_31;6;1
ORD_1503;PROD_4;1;3
ORD_1503;PROD_48;5;5
ORD_1503;PROD_1;6;2
ORD_1503;PROD_42;1;1
ORD_1504;PROD_41;2;3
ORD_1504;PROD_1;7;3
ORD_1504;PROD_3;8;2
ORD_1504;PROD_49;2;5
ORD_1504;PROD_19;6;1
ORD_1504;PROD_7;2;3
ORD_1504;PROD_30;2;4
ORD_1505;PROD_27;5;4
ORD_1505;PROD_45;9;3
ORD_1505;PROD_49;6;2
ORD_1505;PROD_42;5;5
ORD_1505;PROD_36;5;1
ORD_1505;PROD_47;5;1
ORD_1505;PROD_48;6;5
ORD_1505;PROD_15;9;5
ORD_1505;PROD_50;3;1
ORD_1505;PROD_8;6;2
ORD_1505;PROD_32;9;3
ORD_1505;PROD_47;2;4
ORD_1505;PROD_22;3;3
ORD_1505;PROD_46;3;1
ORD_1505;PROD_45;5;4
ORD_1506;PROD_35;2;2
ORD_1506;PROD_41;4;2
ORD_1506;PROD_18;9;1
ORD_1506;PROD_7;5;2
ORD_1506;PROD_40;9;5
ORD_1506;PROD_18;8;4
ORD_1506;PROD_29;5;5
ORD_1507;PROD_36;8;5
ORD_1507;PROD_9;7;1
ORD_1507;PROD_46;9;5
ORD_1507;PROD_50;8;5
ORD_1507;PROD_29;3;1
ORD_1507;PROD_49;6;1
ORD_1507;PROD_26;2;2
ORD_1507;PROD_30;5;3
ORD_1507;PROD_33;6;5
ORD_1508;PROD_33;7;2
ORD_1508;PROD_5;7;2
ORD_1508;PROD_46;2;2
ORD_1508;PROD_29;5;3
ORD_1508;PROD_30;3;2
ORD_1508;PROD_50;8;1
ORD_1508;PROD_14;9;4
ORD_1508;PROD_1;8;5
ORD_1508;PROD_2;2;5
ORD_1508;PROD_14;1;1
ORD_1508;PROD_37;9;5
ORD_1509;PROD_20;7;4
ORD_1509;PROD_30;2;1
ORD_1509;PROD_39;4;2
ORD_1509;PROD_48;7;2
ORD_1509;PROD_46;9;2
ORD_1509;PROD_3;5;4
ORD_1509;PROD_31;5;1
ORD_1509;PROD_8;2;5
ORD_1509;PROD_6;3;4
ORD_1509;PROD_16;6;1
ORD_1509;PROD_10;1;4
ORD_1510;PROD_7;5;1
ORD_1510;PROD_38;1;1
ORD_1510;PROD_30;1;3
ORD_1510;PROD_10;1;3
ORD_1510;PROD_1;7;3
ORD_1510;PROD_48;4;3
ORD_1510;PROD_47;5;5
ORD_1510;PROD_5;1;4
ORD_1510;PROD_17;6;5
ORD_1510;PROD_4;9;3
ORD_1510;PROD_7;4;4
ORD_1510;PROD_22;8;1
ORD_1511;PROD_37;8;3
ORD_1511;PROD_10;7;5
ORD_1511;PROD_17;3;5
ORD_1511;PROD_45;8;4
ORD_1511;PROD_9;5;2
ORD_1511;PROD_44;3;1
ORD_1511;PROD_17;9;5
ORD_1511;PROD_38;8;1
ORD_1512;PROD_6;4;2
ORD_1512;PROD_24;5;1
ORD_1512;PROD_6;2;1
ORD_1512;PROD_24;5;4
ORD_1512;PROD_23;2;2
ORD_1512;PROD_39;2;3
ORD_1512;PROD_30;1;1
ORD_1512;PROD_40;1;1
ORD_1512;PROD_38;4;1
ORD_1513;PROD_12;4;5
ORD_1513;PROD_15;9;1
ORD_1513;PROD_36;2;1
ORD_1513;PROD_9;4;5
ORD_1513;PROD_10;6;3
ORD_1514;PROD_44;7;2
ORD_1514;PROD_33;5;4
ORD_1514;PROD_44;8;5
ORD_1514;PROD_25;9;5
ORD_1514;PROD_44;8;1
ORD_1515;PROD_33;4;4
ORD_1515;PROD_5;2;5
ORD_1515;PROD_46;5;5
ORD_1515;PROD_27;3;4
ORD_1515;PROD_41;8;5
ORD_1515;PROD_14;8;2
ORD_1515;PROD_46;5;5
ORD_1515;PROD_28;5;1
ORD_1515;PROD_9;8;4
ORD_1515;PROD_40;1;3
ORD_1515;PROD_27;4;5
ORD_1515;PROD_13;4;2
ORD_1516;PROD_9;2;5
ORD_1516;PROD_1;1;2
ORD_1516;PROD_48;6;1
ORD_1516;PROD_41;1;3
ORD_1516;PROD_29;8;5
ORD_1516;PROD_30;5;3
ORD_1516;PROD_50;4;3
ORD_1516;PROD_14;6;3
ORD_1516;PROD_1;7;3
ORD_1516;PROD_8;1;3
ORD_1516;PROD_48;4;2
ORD_1516;PROD_25;1;5
ORD_1516;PROD_21;7;3
ORD_1517;PROD_33;3;1
ORD_1517;PROD_5;9;1
ORD_1517;PROD_46;3;1
ORD_1517;PROD_30;6;3
ORD_1517;PROD_20;5;5
ORD_1517;PROD_24;7;3
ORD_1517;PROD_15;7;3
ORD_1517;PROD_22;7;5
ORD_1517;PROD_4;6;5
ORD_1518;PROD_50;2;5
ORD_1518;PROD_42;9;1
ORD_1518;PROD_23;1;3
ORD_1518;PROD_50;8;5
ORD_1518;PROD_44;6;1
ORD_1518;PROD_32;6;1
ORD_1518;PROD_50;9;1
ORD_1518;PROD_32;1;3
ORD_1519;PROD_17;7;2
ORD_1519;PROD_3;4;4
ORD_1519;PROD_40;4;5
ORD_1519;PROD_40;3;4
ORD_1519;PROD_45;1;5
ORD_1519;PROD_45;5;4
ORD_1519;PROD_32;2;2
ORD_1519;PROD_22;7;3
ORD_1519;PROD_44;3;2
ORD_1519;PROD_45;5;1
ORD_1519;PROD_41;1;1
ORD_1520;PROD_30;5;3
ORD_1520;PROD_13;9;5
ORD_1520;PROD_38;6;1
ORD_1520;PROD_44;9;3
ORD_1520;PROD_46;6;4
ORD_1520;PROD_21;3;1
ORD_1520;PROD_22;6;1
ORD_1520;PROD_47;8;5
ORD_1520;PROD_43;3;3
ORD_1520;PROD_47;7;2
ORD_1520;PROD_17;2;5
ORD_1520;PROD_43;5;5
ORD_1521;PROD_3;7;3
ORD_1521;PROD_16;6;4
ORD_1521;PROD_11;4;3
ORD_1521;PROD_45;2;3
ORD_1521;PROD_44;3;4
ORD_1521;PROD_8;8;5
ORD_1521;PROD_21;8;5
ORD_1521;PROD_25;7;2
ORD_1521;PROD_28;1;2
ORD_1521;PROD_6;9;2
ORD_1521;PROD_4;2;1
ORD_1522;PROD_6;2;3
ORD_1522;PROD_24;9;4
ORD_1522;PROD_44;8;4
ORD_1522;PROD_33;2;4
ORD_1522;PROD_16;4;1
ORD_1522;PROD_27;3;1
ORD_1522;PROD_46;8;2
ORD_1522;PROD_34;8;2
ORD_1522;PROD_42;4;4
ORD_1522;PROD_19;5;5
ORD_1522;PROD_50;3;5
ORD_1522;PROD_21;2;5
ORD_1523;PROD_3;8;3
ORD_1523;PROD_3;1;4
ORD_1523;PROD_23;6;3
ORD_1523;PROD_24;5;2
ORD_1523;PROD_31;3;5
ORD_1523;PROD_3;1;2
ORD_1523;PROD_35;5;2
ORD_1523;PROD_1;1;5
ORD_1523;PROD_34;5;5
ORD_1523;PROD_35;3;1
ORD_1523;PROD_38;9;3
ORD_1523;PROD_47;4;3
ORD_1523;PROD_31;2;2
ORD_1523;PROD_31;6;5
ORD_1524;PROD_6;2;3
ORD_1524;PROD_16;4;3
ORD_1524;PROD_48;5;1
ORD_1524;PROD_14;9;3
ORD_1524;PROD_2;3;2
ORD_1524;PROD_24;1;5
ORD_1524;PROD_2;5;1
ORD_1524;PROD_42;1;1
ORD_1524;PROD_15;2;1
ORD_1524;PROD_4;8;3
ORD_1524;PROD_38;8;4
ORD_1524;PROD_16;9;5
ORD_1524;PROD_22;2;4
ORD_1524;PROD_35;3;5
ORD_1524;PROD_37;5;2
ORD_1525;PROD_29;3;2
ORD_1525;PROD_19;9;1
ORD_1525;PROD_43;4;5
ORD_1525;PROD_11;3;2
ORD_1525;PROD_30;8;5
ORD_1525;PROD_2;8;1
ORD_1526;PROD_27;8;1
ORD_1526;PROD_41;1;3
ORD_1526;PROD_1;7;1
ORD_1526;PROD_42;8;2
ORD_1526;PROD_24;3;4
ORD_1526;PROD_34;4;4
ORD_1527;PROD_28;7;5
ORD_1527;PROD_8;2;5
ORD_1527;PROD_22;7;1
ORD_1527;PROD_25;5;5
ORD_1527;PROD_36;3;5
ORD_1527;PROD_47;2;4
ORD_1528;PROD_19;9;4
ORD_1528;PROD_3;8;2
ORD_1528;PROD_28;1;3
ORD_1528;PROD_49;9;2
ORD_1528;PROD_31;1;4
ORD_1528;PROD_12;1;1
ORD_1528;PROD_10;8;4
ORD_1528;PROD_19;6;4
ORD_1528;PROD_2;1;1
ORD_1528;PROD_31;2;4
ORD_1528;PROD_16;3;3
ORD_1528;PROD_43;3;1
ORD_1528;PROD_44;8;5
ORD_1529;PROD_28;8;5
ORD_1529;PROD_20;3;4
ORD_1529;PROD_10;4;3
ORD_1529;PROD_5;6;5
ORD_1529;PROD_5;4;1
ORD_1529;PROD_32;6;2
ORD_1529;PROD_22;4;5
ORD_1529;PROD_38;2;1
ORD_1529;PROD_3;3;2
ORD_1529;PROD_47;5;5
ORD_1530;PROD_33;6;5
ORD_1530;PROD_5;9;1
ORD_1530;PROD_46;2;5
ORD_1530;PROD_27;5;1
ORD_1530;PROD_41;8;4
ORD_1530;PROD_10;8;2
ORD_1530;PROD_5;6;1
ORD_1530;PROD_4;6;2
ORD_1530;PROD_35;9;3
ORD_1530;PROD_1;2;2
ORD_1530;PROD_37;3;2
ORD_1531;PROD_3;9;3
ORD_1531;PROD_49;9;1
ORD_1531;PROD_19;1;5
ORD_1531;PROD_7;2;4
ORD_1531;PROD_16;8;4
ORD_1532;PROD_36;7;1
ORD_1532;PROD_18;4;1
ORD_1532;PROD_21;1;5
ORD_1532;PROD_47;6;5
ORD_1532;PROD_4;5;4
ORD_1532;PROD_36;5;5
ORD_1532;PROD_47;2;5
ORD_1532;PROD_5;1;5
ORD_1532;PROD_44;1;1
ORD_1533;PROD_2;9;5
ORD_1533;PROD_36;7;5
ORD_1533;PROD_1;1;5
ORD_1533;PROD_50;7;5
ORD_1533;PROD_23;3;1
ORD_1533;PROD_9;4;2
ORD_1533;PROD_12;9;4
ORD_1533;PROD_20;7;4
ORD_1533;PROD_33;3;4
ORD_1533;PROD_7;1;2
ORD_1533;PROD_11;8;1
ORD_1534;PROD_39;9;3
ORD_1534;PROD_44;2;5
ORD_1534;PROD_14;1;4
ORD_1534;PROD_37;6;3
ORD_1534;PROD_23;4;2
ORD_1534;PROD_10;2;3
ORD_1535;PROD_12;1;5
ORD_1535;PROD_47;9;4
ORD_1535;PROD_6;8;4
ORD_1535;PROD_23;1;4
ORD_1535;PROD_31;6;1
ORD_1535;PROD_5;9;5
ORD_1535;PROD_12;2;1
ORD_1535;PROD_15;5;2
ORD_1535;PROD_25;4;4
ORD_1535;PROD_23;2;1
ORD_1535;PROD_24;7;4
ORD_1536;PROD_21;9;4
ORD_1536;PROD_45;8;3
ORD_1536;PROD_24;6;1
ORD_1536;PROD_30;7;1
ORD_1536;PROD_37;1;1
ORD_1536;PROD_10;4;1
ORD_1536;PROD_5;6;1
ORD_1536;PROD_4;6;5
ORD_1536;PROD_35;2;5
ORD_1536;PROD_32;6;4
ORD_1536;PROD_24;2;3
ORD_1536;PROD_26;5;1
ORD_1536;PROD_2;1;2
ORD_1536;PROD_32;6;3
ORD_1536;PROD_38;9;2
ORD_1537;PROD_36;8;3
ORD_1537;PROD_9;1;2
ORD_1537;PROD_6;7;2
ORD_1537;PROD_24;4;3
ORD_1537;PROD_12;7;1
ORD_1537;PROD_15;7;1
ORD_1537;PROD_37;5;3
ORD_1537;PROD_45;6;4
ORD_1537;PROD_27;2;3
ORD_1537;PROD_29;9;5
ORD_1537;PROD_42;2;1
ORD_1538;PROD_32;2;5
ORD_1538;PROD_31;3;3
ORD_1538;PROD_36;1;3
ORD_1538;PROD_19;4;1
ORD_1538;PROD_33;5;3
ORD_1538;PROD_4;2;5
ORD_1538;PROD_11;8;5
ORD_1538;PROD_25;9;5
ORD_1538;PROD_34;1;1
ORD_1538;PROD_1;9;2
ORD_1538;PROD_36;3;5
ORD_1539;PROD_25;1;4
ORD_1539;PROD_6;4;1
ORD_1539;PROD_5;3;3
ORD_1539;PROD_25;9;1
ORD_1539;PROD_6;8;5
ORD_1539;PROD_5;8;2
ORD_1540;PROD_14;7;2
ORD_1540;PROD_11;2;5
ORD_1540;PROD_43;2;3
ORD_1540;PROD_41;9;5
ORD_1540;PROD_36;7;4
ORD_1541;PROD_47;2;1
ORD_1541;PROD_44;2;5
ORD_1541;PROD_36;8;2
ORD_1541;PROD_9;4;3
ORD_1541;PROD_10;3;1
ORD_1541;PROD_5;2;2
ORD_1541;PROD_4;2;5
ORD_1541;PROD_35;5;5
ORD_1541;PROD_24;1;1
ORD_1541;PROD_50;3;3
ORD_1541;PROD_40;1;2
ORD_1542;PROD_27;8;4
ORD_1542;PROD_41;1;5
ORD_1542;PROD_33;1;5
ORD_1542;PROD_5;1;2
ORD_1542;PROD_46;5;4
ORD_1542;PROD_8;3;5
ORD_1542;PROD_20;3;4
ORD_1542;PROD_32;2;2
ORD_1542;PROD_45;9;5
ORD_1543;PROD_46;6;2
ORD_1543;PROD_19;2;5
ORD_1543;PROD_18;4;1
ORD_1543;PROD_40;3;4
ORD_1543;PROD_30;7;3
ORD_1543;PROD_16;4;2
ORD_1543;PROD_38;6;4
ORD_1543;PROD_18;4;4
ORD_1543;PROD_30;3;2
ORD_1543;PROD_23;1;2
ORD_1543;PROD_49;6;4
ORD_1543;PROD_29;8;3
ORD_1543;PROD_25;7;1
ORD_1544;PROD_22;1;1
ORD_1544;PROD_2;3;2
ORD_1544;PROD_16;7;1
ORD_1544;PROD_26;8;2
ORD_1544;PROD_20;3;3
ORD_1544;PROD_42;3;1
ORD_1544;PROD_16;5;1
ORD_1544;PROD_35;2;2
ORD_1544;PROD_40;1;3
ORD_1544;PROD_37;7;3
ORD_1544;PROD_17;3;3
ORD_1544;PROD_24;7;2
ORD_1545;PROD_12;4;1
ORD_1545;PROD_47;9;4
ORD_1545;PROD_6;7;3
ORD_1545;PROD_23;1;5
ORD_1545;PROD_15;6;5
ORD_1545;PROD_1;4;3
ORD_1545;PROD_15;5;2
ORD_1545;PROD_34;7;1
ORD_1545;PROD_28;7;2
ORD_1545;PROD_4;6;2
ORD_1545;PROD_3;5;4
ORD_1545;PROD_3;7;3
ORD_1545;PROD_48;6;1
ORD_1545;PROD_43;8;5
ORD_1545;PROD_19;2;2
ORD_1546;PROD_31;4;5
ORD_1546;PROD_5;7;1
ORD_1546;PROD_33;2;2
ORD_1546;PROD_5;1;3
ORD_1546;PROD_46;2;5
ORD_1546;PROD_25;1;5
ORD_1546;PROD_27;9;4
ORD_1546;PROD_21;5;4
ORD_1546;PROD_2;6;1
ORD_1546;PROD_16;2;5
ORD_1546;PROD_28;5;3
ORD_1546;PROD_35;6;2
ORD_1546;PROD_29;3;5
ORD_1547;PROD_10;2;4
ORD_1547;PROD_5;5;2
ORD_1547;PROD_4;3;1
ORD_1547;PROD_35;3;3
ORD_1547;PROD_3;7;3
ORD_1547;PROD_49;3;4
ORD_1547;PROD_19;7;1
ORD_1547;PROD_7;2;3
ORD_1547;PROD_33;3;5
ORD_1548;PROD_36;6;2
ORD_1548;PROD_49;4;5
ORD_1548;PROD_16;5;3
ORD_1548;PROD_50;6;2
ORD_1548;PROD_32;2;4
ORD_1548;PROD_23;8;5
ORD_1548;PROD_47;4;3
ORD_1548;PROD_39;5;3
ORD_1548;PROD_15;3;2
ORD_1548;PROD_20;5;2
ORD_1548;PROD_28;1;3
ORD_1548;PROD_22;4;3
ORD_1549;PROD_2;1;3
ORD_1549;PROD_36;4;1
ORD_1549;PROD_1;3;3
ORD_1549;PROD_50;2;3
ORD_1549;PROD_23;1;4
ORD_1549;PROD_16;6;5
ORD_1549;PROD_27;3;4
ORD_1549;PROD_9;3;5
ORD_1549;PROD_1;2;2
ORD_1549;PROD_48;7;5
ORD_1550;PROD_3;3;2
ORD_1550;PROD_49;9;4
ORD_1550;PROD_19;1;4
ORD_1550;PROD_7;8;5
ORD_1550;PROD_9;2;2
ORD_1550;PROD_1;1;5
ORD_1550;PROD_48;7;4
ORD_1550;PROD_41;4;4
ORD_1550;PROD_31;6;2
ORD_1550;PROD_5;6;4
ORD_1551;PROD_4;1;1
ORD_1551;PROD_25;2;4
ORD_1551;PROD_35;7;4
ORD_1551;PROD_42;5;2
ORD_1551;PROD_1;3;1
ORD_1551;PROD_23;4;2
ORD_1551;PROD_3;1;3
ORD_1551;PROD_39;4;2
ORD_1552;PROD_32;6;1
ORD_1552;PROD_16;5;2
ORD_1552;PROD_13;6;2
ORD_1552;PROD_38;7;2
ORD_1552;PROD_25;6;3
ORD_1552;PROD_5;9;5
ORD_1552;PROD_32;1;1
ORD_1552;PROD_10;2;5
ORD_1552;PROD_33;8;1
ORD_1552;PROD_47;6;3
ORD_1552;PROD_20;4;2
ORD_1552;PROD_9;4;1
ORD_1552;PROD_9;7;2
ORD_1553;PROD_33;8;1
ORD_1553;PROD_36;5;3
ORD_1553;PROD_26;5;3
ORD_1553;PROD_2;1;3
ORD_1553;PROD_15;9;2
ORD_1554;PROD_16;5;1
ORD_1554;PROD_27;1;3
ORD_1554;PROD_33;3;3
ORD_1554;PROD_5;7;4
ORD_1554;PROD_46;8;1
ORD_1554;PROD_9;8;2
ORD_1554;PROD_23;6;2
ORD_1554;PROD_40;1;3
ORD_1555;PROD_48;2;1
ORD_1555;PROD_1;9;5
ORD_1555;PROD_4;9;3
ORD_1555;PROD_45;7;3
ORD_1555;PROD_37;6;3
ORD_1555;PROD_26;5;2
ORD_1555;PROD_40;4;2
ORD_1555;PROD_1;5;5
ORD_1555;PROD_25;2;2
ORD_1555;PROD_9;9;3
ORD_1555;PROD_22;4;5
ORD_1555;PROD_22;1;1
ORD_1556;PROD_13;8;2
ORD_1556;PROD_17;2;2
ORD_1556;PROD_1;3;3
ORD_1556;PROD_27;2;5
ORD_1556;PROD_3;9;5
ORD_1556;PROD_49;4;3
ORD_1556;PROD_19;1;1
ORD_1556;PROD_7;8;5
ORD_1556;PROD_9;2;4
ORD_1556;PROD_12;5;5
ORD_1556;PROD_20;7;2
ORD_1556;PROD_33;9;4
ORD_1557;PROD_1;6;1
ORD_1557;PROD_41;4;4
ORD_1557;PROD_8;5;5
ORD_1557;PROD_8;6;4
ORD_1557;PROD_41;6;1
ORD_1557;PROD_5;6;4
ORD_1557;PROD_33;6;5
ORD_1557;PROD_39;3;5
ORD_1557;PROD_34;7;5
ORD_1558;PROD_27;5;1
ORD_1558;PROD_49;5;4
ORD_1558;PROD_42;9;1
ORD_1558;PROD_50;3;5
ORD_1558;PROD_4;2;4
ORD_1558;PROD_18;7;5
ORD_1558;PROD_19;9;5
ORD_1558;PROD_47;1;2
ORD_1558;PROD_28;1;4
ORD_1558;PROD_25;9;4
ORD_1558;PROD_45;7;5
ORD_1558;PROD_17;6;3
ORD_1558;PROD_2;1;3
ORD_1559;PROD_44;1;4
ORD_1559;PROD_45;1;1
ORD_1559;PROD_7;7;3
ORD_1559;PROD_31;3;4
ORD_1559;PROD_22;1;5
ORD_1559;PROD_30;9;4
ORD_1559;PROD_47;9;3
ORD_1559;PROD_37;6;5
ORD_1560;PROD_12;8;2
ORD_1560;PROD_15;9;4
ORD_1560;PROD_43;8;1
ORD_1560;PROD_25;1;5
ORD_1560;PROD_32;8;1
ORD_1560;PROD_50;4;1
ORD_1560;PROD_50;9;4
ORD_1560;PROD_40;1;2
ORD_1560;PROD_20;8;4
ORD_1560;PROD_44;3;5
ORD_1560;PROD_6;6;2
ORD_1561;PROD_30;5;1
ORD_1561;PROD_13;5;1
ORD_1561;PROD_38;9;4
ORD_1561;PROD_16;7;4
ORD_1561;PROD_27;2;5
ORD_1561;PROD_12;9;1
ORD_1561;PROD_15;2;2
ORD_1561;PROD_47;6;5
ORD_1561;PROD_27;7;4
ORD_1561;PROD_1;5;2
ORD_1561;PROD_12;6;2
ORD_1561;PROD_43;8;1
ORD_1561;PROD_2;8;2
ORD_1561;PROD_36;5;4
ORD_1562;PROD_10;3;1
ORD_1562;PROD_5;4;2
ORD_1562;PROD_4;7;2
ORD_1562;PROD_35;8;4
ORD_1562;PROD_41;3;3
ORD_1562;PROD_1;7;4
ORD_1562;PROD_28;5;2
ORD_1562;PROD_44;6;3
ORD_1562;PROD_29;3;3
ORD_1563;PROD_45;6;1
ORD_1563;PROD_39;6;5
ORD_1563;PROD_22;9;4
ORD_1563;PROD_30;8;5
ORD_1563;PROD_44;5;3
ORD_1563;PROD_27;5;2
ORD_1563;PROD_10;2;2
ORD_1563;PROD_48;6;3
ORD_1563;PROD_50;3;3
ORD_1563;PROD_33;6;4
ORD_1563;PROD_49;7;4
ORD_1563;PROD_16;4;4
ORD_1563;PROD_4;5;3
ORD_1564;PROD_25;7;3
ORD_1564;PROD_6;6;3
ORD_1564;PROD_5;6;3
ORD_1564;PROD_47;6;2
ORD_1564;PROD_44;9;2
ORD_1564;PROD_15;7;3
ORD_1564;PROD_5;1;3
ORD_1564;PROD_14;6;4
ORD_1564;PROD_25;9;2
ORD_1564;PROD_34;7;5
ORD_1564;PROD_16;5;4
ORD_1564;PROD_25;2;1
ORD_1564;PROD_4;7;5
ORD_1565;PROD_32;7;4
ORD_1565;PROD_29;3;4
ORD_1565;PROD_4;5;1
ORD_1565;PROD_14;6;1
ORD_1565;PROD_40;6;2
ORD_1565;PROD_18;9;4
ORD_1565;PROD_48;7;1
ORD_1565;PROD_27;2;2
ORD_1565;PROD_17;9;5
ORD_1566;PROD_31;5;1
ORD_1566;PROD_38;7;3
ORD_1566;PROD_10;8;3
ORD_1566;PROD_5;8;5
ORD_1566;PROD_40;4;3
ORD_1566;PROD_20;9;3
ORD_1566;PROD_44;1;1
ORD_1566;PROD_44;2;5
ORD_1567;PROD_16;4;1
ORD_1567;PROD_27;4;3
ORD_1567;PROD_30;5;1
ORD_1567;PROD_13;6;5
ORD_1567;PROD_38;9;3
ORD_1567;PROD_38;5;4
ORD_1567;PROD_15;4;2
ORD_1567;PROD_21;9;5
ORD_1567;PROD_19;1;3
ORD_1567;PROD_14;4;4
ORD_1567;PROD_6;9;3
ORD_1567;PROD_21;3;2
ORD_1568;PROD_36;3;4
ORD_1568;PROD_9;3;3
ORD_1568;PROD_29;8;1
ORD_1568;PROD_19;8;2
ORD_1568;PROD_3;6;2
ORD_1568;PROD_21;1;5
ORD_1568;PROD_32;2;2
ORD_1568;PROD_13;6;1
ORD_1568;PROD_26;8;3
ORD_1569;PROD_19;3;5
ORD_1569;PROD_16;4;2
ORD_1569;PROD_13;4;5
ORD_1569;PROD_19;4;2
ORD_1569;PROD_46;1;1
ORD_1569;PROD_47;6;4
ORD_1569;PROD_46;5;2
ORD_1569;PROD_9;9;1
ORD_1570;PROD_47;2;1
ORD_1570;PROD_44;5;3
ORD_1570;PROD_36;3;2
ORD_1570;PROD_30;3;2
ORD_1570;PROD_32;2;1
ORD_1570;PROD_37;6;1
ORD_1570;PROD_46;8;5
ORD_1570;PROD_7;5;1
ORD_1571;PROD_47;9;3
ORD_1571;PROD_44;2;2
ORD_1571;PROD_41;7;4
ORD_1571;PROD_1;4;5
ORD_1571;PROD_11;9;2
ORD_1572;PROD_27;6;5
ORD_1572;PROD_1;5;4
ORD_1572;PROD_33;5;3
ORD_1572;PROD_27;4;4
ORD_1572;PROD_49;3;4
ORD_1572;PROD_36;3;3
ORD_1572;PROD_41;1;2
ORD_1572;PROD_6;5;2
ORD_1573;PROD_9;3;3
ORD_1573;PROD_1;4;1
ORD_1573;PROD_48;9;3
ORD_1573;PROD_41;7;5
ORD_1573;PROD_12;4;1
ORD_1573;PROD_15;9;5
ORD_1573;PROD_2;2;4
ORD_1573;PROD_36;5;5
ORD_1573;PROD_1;5;4
ORD_1573;PROD_50;4;5
ORD_1573;PROD_23;1;4
ORD_1574;PROD_44;4;4
ORD_1574;PROD_33;1;3
ORD_1574;PROD_6;5;4
ORD_1574;PROD_24;8;2
ORD_1574;PROD_36;1;5
ORD_1575;PROD_31;6;2
ORD_1575;PROD_5;3;1
ORD_1575;PROD_50;5;1
ORD_1575;PROD_49;7;3
ORD_1575;PROD_34;1;4
ORD_1575;PROD_26;8;3
ORD_1575;PROD_12;4;3
ORD_1575;PROD_15;9;4
ORD_1575;PROD_43;1;3
ORD_1575;PROD_46;9;1
ORD_1575;PROD_38;8;3
ORD_1575;PROD_31;2;5
ORD_1575;PROD_41;9;1
ORD_1575;PROD_45;9;3
ORD_1576;PROD_34;6;3
ORD_1576;PROD_50;4;5
ORD_1576;PROD_6;6;5
ORD_1576;PROD_39;9;2
ORD_1576;PROD_50;1;3
ORD_1576;PROD_19;9;2
ORD_1576;PROD_31;8;1
ORD_1576;PROD_40;5;2
ORD_1576;PROD_48;6;2
ORD_1576;PROD_39;2;2
ORD_1577;PROD_33;7;1
ORD_1577;PROD_50;9;3
ORD_1577;PROD_22;8;1
ORD_1577;PROD_49;3;5
ORD_1577;PROD_45;8;5
ORD_1577;PROD_30;7;3
ORD_1577;PROD_37;9;2
ORD_1577;PROD_26;7;5
ORD_1577;PROD_36;8;2
ORD_1577;PROD_2;2;5
ORD_1577;PROD_47;1;2
ORD_1577;PROD_20;7;3
ORD_1578;PROD_3;2;1
ORD_1578;PROD_49;4;3
ORD_1578;PROD_19;5;3
ORD_1578;PROD_7;3;2
ORD_1578;PROD_47;8;1
ORD_1578;PROD_44;2;2
ORD_1578;PROD_44;3;5
ORD_1578;PROD_33;1;2
ORD_1578;PROD_1;2;1
ORD_1578;PROD_41;2;4
ORD_1578;PROD_11;5;1
ORD_1578;PROD_20;2;2
ORD_1578;PROD_42;3;3
ORD_1579;PROD_36;9;2
ORD_1579;PROD_9;7;5
ORD_1579;PROD_10;8;1
ORD_1579;PROD_5;8;3
ORD_1579;PROD_4;2;4
ORD_1579;PROD_35;3;1
ORD_1579;PROD_29;6;5
ORD_1580;PROD_12;1;5
ORD_1580;PROD_47;7;3
ORD_1580;PROD_6;1;4
ORD_1580;PROD_23;2;4
ORD_1580;PROD_9;1;1
ORD_1580;PROD_17;4;2
ORD_1580;PROD_44;2;2
ORD_1580;PROD_26;2;4
ORD_1580;PROD_13;5;2
ORD_1580;PROD_32;5;1
ORD_1580;PROD_3;5;1
ORD_1580;PROD_42;3;2
ORD_1580;PROD_28;2;5
ORD_1581;PROD_13;3;3
ORD_1581;PROD_17;1;3
ORD_1581;PROD_1;4;2
ORD_1581;PROD_27;8;1
ORD_1581;PROD_31;8;3
ORD_1581;PROD_5;4;3
ORD_1582;PROD_31;9;3
ORD_1582;PROD_5;8;4
ORD_1582;PROD_6;7;1
ORD_1582;PROD_24;6;4
ORD_1582;PROD_47;8;5
ORD_1582;PROD_44;3;2
ORD_1582;PROD_15;4;3
ORD_1582;PROD_22;9;5
ORD_1582;PROD_39;7;4
ORD_1582;PROD_21;5;2
ORD_1582;PROD_37;8;3
ORD_1583;PROD_31;8;5
ORD_1583;PROD_5;8;4
ORD_1583;PROD_36;7;5
ORD_1583;PROD_30;6;5
ORD_1583;PROD_15;5;5
ORD_1584;PROD_20;7;5
ORD_1584;PROD_31;1;5
ORD_1584;PROD_21;1;3
ORD_1584;PROD_21;1;2
ORD_1584;PROD_35;7;3
ORD_1584;PROD_15;5;5
ORD_1585;PROD_45;9;5
ORD_1585;PROD_28;4;2
ORD_1585;PROD_27;7;5
ORD_1585;PROD_23;3;4
ORD_1585;PROD_17;1;3
ORD_1585;PROD_2;5;1
ORD_1585;PROD_48;4;3
ORD_1585;PROD_23;2;3
ORD_1586;PROD_6;9;1
ORD_1586;PROD_24;4;1
ORD_1586;PROD_49;3;1
ORD_1586;PROD_31;6;5
ORD_1586;PROD_23;9;3
ORD_1586;PROD_42;4;5
ORD_1586;PROD_41;3;5
ORD_1586;PROD_35;9;2
ORD_1586;PROD_37;1;4
ORD_1586;PROD_50;7;5
ORD_1586;PROD_48;8;5
ORD_1586;PROD_7;6;1
ORD_1586;PROD_14;8;2
ORD_1587;PROD_21;7;3
ORD_1587;PROD_45;6;4
ORD_1587;PROD_24;2;4
ORD_1587;PROD_30;4;4
ORD_1587;PROD_37;9;1
ORD_1587;PROD_5;1;4
ORD_1587;PROD_49;4;5
ORD_1587;PROD_12;9;4
ORD_1587;PROD_38;8;3
ORD_1587;PROD_36;3;5
ORD_1587;PROD_17;8;3
ORD_1587;PROD_8;7;2
ORD_1588;PROD_27;5;4
ORD_1588;PROD_41;6;2
ORD_1588;PROD_10;3;1
ORD_1588;PROD_5;1;2
ORD_1588;PROD_4;3;5
ORD_1589;PROD_19;3;5
ORD_1589;PROD_3;1;1
ORD_1589;PROD_28;8;2
ORD_1589;PROD_17;8;5
ORD_1589;PROD_49;6;5
ORD_1589;PROD_39;2;4
ORD_1589;PROD_31;1;4
ORD_1589;PROD_29;6;4
ORD_1589;PROD_14;2;5
ORD_1590;PROD_44;8;3
ORD_1590;PROD_33;6;4
ORD_1590;PROD_36;4;4
ORD_1590;PROD_30;7;5
ORD_1590;PROD_36;5;3
ORD_1590;PROD_30;3;2
ORD_1590;PROD_47;8;5
ORD_1590;PROD_3;9;5
ORD_1591;PROD_2;6;4
ORD_1591;PROD_36;5;5
ORD_1591;PROD_1;1;5
ORD_1591;PROD_50;3;2
ORD_1591;PROD_23;5;4
ORD_1591;PROD_41;2;5
ORD_1591;PROD_24;3;4
ORD_1592;PROD_20;8;2
ORD_1592;PROD_22;6;4
ORD_1592;PROD_23;9;1
ORD_1592;PROD_23;5;4
ORD_1592;PROD_5;5;2
ORD_1592;PROD_33;6;1
ORD_1592;PROD_2;2;2
ORD_1592;PROD_11;5;4
ORD_1592;PROD_18;2;2
ORD_1592;PROD_34;2;4
ORD_1592;PROD_21;6;2
ORD_1593;PROD_9;9;4
ORD_1593;PROD_1;9;5
ORD_1593;PROD_48;5;5
ORD_1593;PROD_41;9;1
ORD_1593;PROD_32;5;3
ORD_1593;PROD_35;9;1
ORD_1593;PROD_46;5;1
ORD_1593;PROD_10;8;1
ORD_1593;PROD_34;1;5
ORD_1593;PROD_24;5;3
ORD_1593;PROD_5;5;1
ORD_1593;PROD_9;8;2
ORD_1593;PROD_25;3;4
ORD_1593;PROD_30;7;3
ORD_1594;PROD_10;1;3
ORD_1594;PROD_27;2;2
ORD_1594;PROD_42;5;5
ORD_1594;PROD_32;8;2
ORD_1594;PROD_24;6;4
ORD_1594;PROD_20;8;2
ORD_1594;PROD_33;8;2
ORD_1595;PROD_22;2;5
ORD_1595;PROD_47;4;1
ORD_1595;PROD_47;7;3
ORD_1595;PROD_2;7;2
ORD_1595;PROD_17;7;5
ORD_1595;PROD_18;4;3
ORD_1595;PROD_4;5;4
ORD_1595;PROD_4;6;3
ORD_1595;PROD_44;3;1
ORD_1595;PROD_21;2;2
ORD_1595;PROD_23;6;4
ORD_1595;PROD_36;8;2
ORD_1596;PROD_21;8;3
ORD_1596;PROD_21;5;1
ORD_1596;PROD_34;4;2
ORD_1596;PROD_20;1;2
ORD_1596;PROD_25;1;4
ORD_1596;PROD_1;8;3
ORD_1596;PROD_29;6;4
ORD_1596;PROD_9;3;3
ORD_1596;PROD_42;2;1
ORD_1596;PROD_7;6;4
ORD_1596;PROD_28;5;5
ORD_1596;PROD_29;9;1
ORD_1597;PROD_18;3;3
ORD_1597;PROD_4;6;2
ORD_1597;PROD_1;1;4
ORD_1597;PROD_48;2;1
ORD_1597;PROD_7;3;3
ORD_1597;PROD_38;5;1
ORD_1598;PROD_48;3;4
ORD_1598;PROD_5;1;3
ORD_1598;PROD_46;6;3
ORD_1598;PROD_38;6;5
ORD_1598;PROD_32;1;2
ORD_1598;PROD_13;8;3
ORD_1598;PROD_16;2;2
ORD_1598;PROD_35;3;5
ORD_1598;PROD_1;4;1
ORD_1599;PROD_48;2;1
ORD_1599;PROD_40;1;3
ORD_1599;PROD_26;8;5
ORD_1599;PROD_24;2;2
ORD_1599;PROD_43;5;1
ORD_1599;PROD_10;2;2
ORD_1599;PROD_40;6;1
ORD_1599;PROD_28;5;1
ORD_1599;PROD_14;6;2
ORD_1599;PROD_6;4;5
ORD_1599;PROD_24;1;1
ORD_1599;PROD_28;5;1
ORD_1599;PROD_25;7;2
ORD_1599;PROD_28;3;5
ORD_1600;PROD_17;3;5
ORD_1600;PROD_50;1;5
ORD_1600;PROD_6;7;2
ORD_1600;PROD_26;2;1
ORD_1600;PROD_27;3;2
ORD_1600;PROD_15;2;2
ORD_1600;PROD_41;4;1
ORD_1600;PROD_34;2;1
ORD_1600;PROD_8;4;5
ORD_1600;PROD_17;2;1
ORD_1600;PROD_50;6;2
ORD_1600;PROD_2;5;3
ORD_1600;PROD_34;8;3
ORD_1600;PROD_29;5;5
ORD_1601;PROD_24;6;1
ORD_1601;PROD_48;6;3
ORD_1601;PROD_24;9;1
ORD_1601;PROD_21;4;2
ORD_1601;PROD_35;3;3
ORD_1601;PROD_15;2;1
ORD_1601;PROD_6;8;1
ORD_1601;PROD_11;1;3
ORD_1601;PROD_50;9;2
ORD_1601;PROD_24;9;2
ORD_1602;PROD_39;7;2
ORD_1602;PROD_31;3;4
ORD_1602;PROD_27;7;4
ORD_1602;PROD_20;1;1
ORD_1602;PROD_46;2;4
ORD_1602;PROD_10;1;5
ORD_1602;PROD_49;6;3
ORD_1603;PROD_17;9;4
ORD_1603;PROD_10;7;3
ORD_1603;PROD_41;6;5
ORD_1603;PROD_12;2;2
ORD_1603;PROD_4;5;3
ORD_1603;PROD_2;9;4
ORD_1603;PROD_10;2;2
ORD_1603;PROD_32;4;4
ORD_1603;PROD_33;9;1
ORD_1603;PROD_17;5;3
ORD_1603;PROD_10;1;3
ORD_1603;PROD_26;6;2
ORD_1603;PROD_1;7;3
ORD_1603;PROD_50;9;2
ORD_1603;PROD_14;4;2
ORD_1604;PROD_5;5;5
ORD_1604;PROD_11;2;1
ORD_1604;PROD_10;1;4
ORD_1604;PROD_34;6;2
ORD_1604;PROD_34;9;1
ORD_1604;PROD_44;8;1
ORD_1604;PROD_48;4;5
ORD_1604;PROD_6;9;5
ORD_1604;PROD_7;5;1
ORD_1604;PROD_15;2;3
ORD_1604;PROD_14;9;4
ORD_1604;PROD_3;6;4
ORD_1604;PROD_33;9;1
ORD_1604;PROD_14;8;2
ORD_1605;PROD_19;7;3
ORD_1605;PROD_3;1;2
ORD_1605;PROD_28;7;1
ORD_1605;PROD_7;4;3
ORD_1605;PROD_10;6;1
ORD_1606;PROD_26;8;4
ORD_1606;PROD_29;5;3
ORD_1606;PROD_3;1;3
ORD_1606;PROD_38;1;5
ORD_1606;PROD_38;4;2
ORD_1606;PROD_26;3;2
ORD_1606;PROD_18;6;3
ORD_1606;PROD_3;3;5
ORD_1606;PROD_18;6;3
ORD_1606;PROD_5;4;5
ORD_1606;PROD_5;6;1
ORD_1607;PROD_10;5;1
ORD_1607;PROD_5;4;4
ORD_1607;PROD_4;6;4
ORD_1607;PROD_35;7;2
ORD_1607;PROD_10;7;1
ORD_1607;PROD_5;7;4
ORD_1607;PROD_4;3;3
ORD_1607;PROD_35;3;5
ORD_1607;PROD_20;7;1
ORD_1607;PROD_21;1;2
ORD_1608;PROD_2;7;1
ORD_1608;PROD_36;1;5
ORD_1608;PROD_1;2;3
ORD_1608;PROD_50;7;1
ORD_1608;PROD_23;4;3
ORD_1608;PROD_29;7;3
ORD_1608;PROD_30;1;3
ORD_1608;PROD_50;2;1
ORD_1608;PROD_14;8;3
ORD_1608;PROD_1;4;3
ORD_1608;PROD_30;9;2
ORD_1608;PROD_13;3;5
ORD_1608;PROD_38;1;3
ORD_1608;PROD_5;2;4
ORD_1608;PROD_11;5;4
ORD_1609;PROD_48;6;1
ORD_1609;PROD_46;3;4
ORD_1609;PROD_9;5;4
ORD_1609;PROD_41;2;4
ORD_1609;PROD_44;1;4
ORD_1609;PROD_32;1;2
ORD_1609;PROD_48;5;4
ORD_1609;PROD_11;4;1
ORD_1609;PROD_25;1;4
ORD_1610;PROD_25;4;3
ORD_1610;PROD_6;6;2
ORD_1610;PROD_5;7;5
ORD_1610;PROD_13;2;5
ORD_1610;PROD_17;6;5
ORD_1610;PROD_1;3;1
ORD_1610;PROD_27;6;1
ORD_1610;PROD_12;3;1
ORD_1610;PROD_15;5;2
ORD_1610;PROD_9;4;4
ORD_1610;PROD_12;3;4
ORD_1611;PROD_6;3;1
ORD_1611;PROD_24;8;3
ORD_1611;PROD_30;5;3
ORD_1611;PROD_15;5;5
ORD_1611;PROD_24;2;5
ORD_1611;PROD_38;6;3
ORD_1611;PROD_6;2;5
ORD_1611;PROD_39;3;2
ORD_1611;PROD_5;7;1
ORD_1611;PROD_38;1;1
ORD_1611;PROD_44;8;3
ORD_1611;PROD_29;9;2
ORD_1612;PROD_13;3;3
ORD_1612;PROD_17;7;3
ORD_1612;PROD_1;1;3
ORD_1612;PROD_27;1;1
ORD_1612;PROD_31;2;4
ORD_1613;PROD_32;4;3
ORD_1613;PROD_23;6;2
ORD_1613;PROD_48;9;5
ORD_1613;PROD_6;1;4
ORD_1613;PROD_20;4;4
ORD_1614;PROD_41;3;1
ORD_1614;PROD_1;4;5
ORD_1614;PROD_12;8;5
ORD_1614;PROD_15;4;3
ORD_1614;PROD_12;6;4
ORD_1614;PROD_47;7;1
ORD_1614;PROD_6;2;5
ORD_1614;PROD_23;2;1
ORD_1614;PROD_12;6;1
ORD_1614;PROD_33;3;5
ORD_1614;PROD_32;7;1
ORD_1615;PROD_1;2;4
ORD_1615;PROD_20;7;4
ORD_1615;PROD_20;9;3
ORD_1615;PROD_12;7;2
ORD_1615;PROD_15;3;2
ORD_1616;PROD_1;5;5
ORD_1616;PROD_13;2;3
ORD_1616;PROD_5;6;1
ORD_1616;PROD_18;8;4
ORD_1616;PROD_36;4;4
ORD_1616;PROD_26;1;1
ORD_1616;PROD_37;1;1
ORD_1617;PROD_9;5;1
ORD_1617;PROD_1;5;1
ORD_1617;PROD_48;5;1
ORD_1617;PROD_41;8;5
ORD_1617;PROD_30;8;2
ORD_1617;PROD_13;1;1
ORD_1617;PROD_38;6;2
ORD_1617;PROD_17;3;1
ORD_1617;PROD_7;7;3
ORD_1617;PROD_19;8;2
ORD_1617;PROD_42;7;2
ORD_1617;PROD_21;8;3
ORD_1617;PROD_50;3;1
ORD_1617;PROD_41;6;4
ORD_1617;PROD_47;5;2
ORD_1618;PROD_17;7;1
ORD_1618;PROD_26;5;2
ORD_1618;PROD_4;3;3
ORD_1618;PROD_12;4;5
ORD_1618;PROD_45;2;3
ORD_1618;PROD_10;3;2
ORD_1618;PROD_47;5;2
ORD_1618;PROD_47;6;5
ORD_1618;PROD_28;3;3
ORD_1618;PROD_30;6;1
ORD_1618;PROD_16;6;1
ORD_1618;PROD_48;8;2
ORD_1619;PROD_16;1;2
ORD_1619;PROD_28;7;1
ORD_1619;PROD_8;7;3
ORD_1619;PROD_31;2;1
ORD_1619;PROD_20;8;1
ORD_1619;PROD_46;9;5
ORD_1619;PROD_11;6;4
ORD_1619;PROD_4;8;1
ORD_1619;PROD_25;6;4
ORD_1619;PROD_11;8;4
ORD_1619;PROD_23;5;5
ORD_1619;PROD_37;5;3
ORD_1619;PROD_28;7;4
ORD_1620;PROD_12;1;4
ORD_1620;PROD_47;1;4
ORD_1620;PROD_6;7;5
ORD_1620;PROD_23;2;5
ORD_1620;PROD_16;3;3
ORD_1620;PROD_6;3;3
ORD_1620;PROD_9;6;2
ORD_1620;PROD_1;5;4
ORD_1620;PROD_27;4;3
ORD_1621;PROD_4;8;3
ORD_1621;PROD_4;5;4
ORD_1621;PROD_18;3;3
ORD_1621;PROD_36;4;4
ORD_1621;PROD_47;9;5
ORD_1621;PROD_26;8;3
ORD_1621;PROD_28;2;2
ORD_1621;PROD_45;9;1
ORD_1621;PROD_41;1;2
ORD_1621;PROD_24;3;2
ORD_1621;PROD_14;4;3
ORD_1621;PROD_17;7;5
ORD_1621;PROD_1;1;1
ORD_1621;PROD_45;1;4
ORD_1621;PROD_42;3;4
ORD_1622;PROD_29;4;5
ORD_1622;PROD_30;4;5
ORD_1622;PROD_50;2;2
ORD_1622;PROD_14;6;3
ORD_1622;PROD_1;4;3
ORD_1622;PROD_9;8;1
ORD_1622;PROD_12;9;5
ORD_1622;PROD_20;2;5
ORD_1622;PROD_33;3;2
ORD_1622;PROD_7;4;3
ORD_1622;PROD_9;8;4
ORD_1623;PROD_34;3;2
ORD_1623;PROD_25;4;2
ORD_1623;PROD_37;8;1
ORD_1623;PROD_46;6;4
ORD_1623;PROD_36;2;3
ORD_1623;PROD_34;6;1
ORD_1623;PROD_10;6;2
ORD_1623;PROD_25;5;4
ORD_1623;PROD_36;1;3
ORD_1623;PROD_42;5;2
ORD_1624;PROD_3;3;2
ORD_1624;PROD_49;7;2
ORD_1624;PROD_19;8;5
ORD_1624;PROD_7;5;4
ORD_1624;PROD_36;4;3
ORD_1624;PROD_9;8;4
ORD_1624;PROD_33;7;4
ORD_1624;PROD_5;6;3
ORD_1625;PROD_45;5;4
ORD_1625;PROD_40;3;4
ORD_1625;PROD_23;9;1
ORD_1625;PROD_40;2;1
ORD_1625;PROD_13;5;4
ORD_1625;PROD_50;8;4
ORD_1625;PROD_46;1;4
ORD_1626;PROD_18;5;4
ORD_1626;PROD_38;3;5
ORD_1626;PROD_28;1;1
ORD_1626;PROD_16;9;1
ORD_1626;PROD_19;4;2
ORD_1626;PROD_4;6;5
ORD_1626;PROD_24;2;3
ORD_1627;PROD_44;8;2
ORD_1627;PROD_33;1;5
ORD_1627;PROD_25;9;2
ORD_1627;PROD_6;3;1
ORD_1627;PROD_5;6;2
ORD_1627;PROD_9;9;1
ORD_1627;PROD_1;6;3
ORD_1627;PROD_48;7;4
ORD_1627;PROD_41;9;4
ORD_1627;PROD_2;8;3
ORD_1627;PROD_45;4;1
ORD_1627;PROD_14;3;5
ORD_1628;PROD_13;1;5
ORD_1628;PROD_17;2;5
ORD_1628;PROD_1;4;4
ORD_1628;PROD_27;2;5
ORD_1628;PROD_21;6;1
ORD_1628;PROD_45;7;1
ORD_1628;PROD_24;2;4
ORD_1628;PROD_30;2;4
ORD_1628;PROD_37;9;4
ORD_1628;PROD_5;2;5
ORD_1628;PROD_34;7;4
ORD_1628;PROD_20;3;3
ORD_1628;PROD_27;6;1
ORD_1628;PROD_20;2;5
ORD_1628;PROD_36;7;1
ORD_1629;PROD_3;2;2
ORD_1629;PROD_12;8;2
ORD_1629;PROD_49;1;3
ORD_1629;PROD_31;7;4
ORD_1629;PROD_46;2;5
ORD_1629;PROD_12;6;4
ORD_1629;PROD_12;3;3
ORD_1629;PROD_28;4;1
ORD_1629;PROD_15;1;1
ORD_1629;PROD_6;6;2
ORD_1629;PROD_16;8;5
ORD_1629;PROD_15;6;4
ORD_1629;PROD_24;5;4
ORD_1629;PROD_32;7;5
ORD_1630;PROD_9;6;2
ORD_1630;PROD_1;8;4
ORD_1630;PROD_48;4;1
ORD_1630;PROD_41;8;1
ORD_1630;PROD_47;1;2
ORD_1630;PROD_44;7;5
ORD_1630;PROD_6;5;2
ORD_1630;PROD_32;6;4
ORD_1630;PROD_25;4;5
ORD_1630;PROD_31;1;5
ORD_1630;PROD_12;7;4
ORD_1630;PROD_39;8;1
ORD_1631;PROD_37;6;3
ORD_1631;PROD_12;8;4
ORD_1631;PROD_28;5;5
ORD_1631;PROD_13;9;3
ORD_1631;PROD_17;5;1
ORD_1631;PROD_1;1;5
ORD_1631;PROD_27;7;5
ORD_1631;PROD_9;9;5
ORD_1631;PROD_1;9;3
ORD_1631;PROD_48;9;1
ORD_1631;PROD_41;8;5
ORD_1631;PROD_31;5;3
ORD_1631;PROD_32;2;2
ORD_1631;PROD_26;4;1
ORD_1631;PROD_34;5;2
ORD_1632;PROD_24;9;4
ORD_1632;PROD_16;6;2
ORD_1632;PROD_12;8;4
ORD_1632;PROD_46;9;5
ORD_1632;PROD_31;6;5
ORD_1632;PROD_37;9;3
ORD_1632;PROD_10;8;3
ORD_1632;PROD_25;1;4
ORD_1632;PROD_22;7;3
ORD_1632;PROD_37;8;3
ORD_1632;PROD_16;8;3
ORD_1633;PROD_32;6;1
ORD_1633;PROD_46;8;4
ORD_1633;PROD_50;4;3
ORD_1633;PROD_43;6;2
ORD_1633;PROD_46;2;1
ORD_1633;PROD_18;3;5
ORD_1633;PROD_35;6;1
ORD_1633;PROD_2;8;5
ORD_1633;PROD_50;8;5
ORD_1633;PROD_38;2;4
ORD_1634;PROD_22;5;5
ORD_1634;PROD_30;2;4
ORD_1634;PROD_41;3;3
ORD_1634;PROD_18;5;3
ORD_1634;PROD_42;3;3
ORD_1634;PROD_13;6;3
ORD_1634;PROD_34;4;4
ORD_1634;PROD_30;9;1
ORD_1634;PROD_1;1;2
ORD_1635;PROD_6;5;3
ORD_1635;PROD_24;4;1
ORD_1635;PROD_44;6;2
ORD_1635;PROD_33;1;2
ORD_1635;PROD_13;4;4
ORD_1636;PROD_17;9;5
ORD_1636;PROD_35;9;5
ORD_1636;PROD_41;7;3
ORD_1636;PROD_16;8;5
ORD_1636;PROD_37;8;5
ORD_1636;PROD_29;1;3
ORD_1636;PROD_1;3;2
ORD_1636;PROD_3;4;3
ORD_1636;PROD_49;1;4
ORD_1636;PROD_15;9;1
ORD_1636;PROD_28;3;2
ORD_1637;PROD_15;1;3
ORD_1637;PROD_47;6;2
ORD_1637;PROD_17;1;4
ORD_1637;PROD_5;9;5
ORD_1637;PROD_21;8;1
ORD_1637;PROD_30;5;5
ORD_1637;PROD_5;9;3
ORD_1637;PROD_22;7;2
ORD_1637;PROD_50;8;1
ORD_1637;PROD_42;6;4
ORD_1637;PROD_9;5;5
ORD_1637;PROD_28;7;4
ORD_1637;PROD_4;6;2
ORD_1637;PROD_9;9;3
ORD_1638;PROD_12;9;1
ORD_1638;PROD_15;3;1
ORD_1638;PROD_33;5;2
ORD_1638;PROD_5;9;2
ORD_1638;PROD_46;7;2
ORD_1638;PROD_47;7;2
ORD_1638;PROD_37;6;3
ORD_1639;PROD_21;4;1
ORD_1639;PROD_45;9;5
ORD_1639;PROD_24;3;5
ORD_1639;PROD_30;7;4
ORD_1639;PROD_37;1;1
ORD_1639;PROD_27;6;4
ORD_1639;PROD_8;2;1
ORD_1639;PROD_22;1;5
ORD_1639;PROD_47;1;2
ORD_1639;PROD_15;2;3
ORD_1639;PROD_29;9;1
ORD_1639;PROD_14;5;2
ORD_1640;PROD_37;3;5
ORD_1640;PROD_28;2;1
ORD_1640;PROD_22;1;4
ORD_1640;PROD_37;1;2
ORD_1640;PROD_12;7;4
ORD_1640;PROD_27;1;1
ORD_1640;PROD_27;8;3
ORD_1640;PROD_50;5;4
ORD_1640;PROD_23;1;2
ORD_1640;PROD_23;9;1
ORD_1641;PROD_4;1;5
ORD_1641;PROD_43;6;5
ORD_1641;PROD_16;3;5
ORD_1641;PROD_40;7;4
ORD_1641;PROD_38;4;4
ORD_1641;PROD_25;2;3
ORD_1641;PROD_27;3;5
ORD_1641;PROD_23;2;5
ORD_1641;PROD_18;8;3
ORD_1641;PROD_16;7;3
ORD_1641;PROD_36;5;5
ORD_1641;PROD_21;1;4
ORD_1641;PROD_6;1;1
ORD_1641;PROD_28;4;5
ORD_1642;PROD_49;2;4
ORD_1642;PROD_18;9;4
ORD_1642;PROD_49;8;3
ORD_1642;PROD_42;6;3
ORD_1642;PROD_41;6;2
ORD_1642;PROD_26;3;3
ORD_1642;PROD_8;1;4
ORD_1643;PROD_9;7;4
ORD_1643;PROD_22;9;2
ORD_1643;PROD_23;5;1
ORD_1643;PROD_45;2;2
ORD_1643;PROD_14;8;5
ORD_1643;PROD_26;8;1
ORD_1643;PROD_1;2;5
ORD_1643;PROD_44;3;5
ORD_1643;PROD_10;9;4
ORD_1644;PROD_35;9;4
ORD_1644;PROD_8;1;5
ORD_1644;PROD_39;3;5
ORD_1644;PROD_48;5;5
ORD_1644;PROD_32;8;5
ORD_1644;PROD_13;8;2
ORD_1644;PROD_8;6;5
ORD_1644;PROD_25;6;3
ORD_1644;PROD_13;9;2
ORD_1644;PROD_28;5;2
ORD_1644;PROD_49;8;2
ORD_1644;PROD_42;7;4
ORD_1644;PROD_39;3;1
ORD_1644;PROD_6;3;2
ORD_1645;PROD_12;2;2
ORD_1645;PROD_34;5;2
ORD_1645;PROD_3;5;4
ORD_1645;PROD_7;1;1
ORD_1645;PROD_39;3;1
ORD_1645;PROD_50;2;1
ORD_1645;PROD_24;9;5
ORD_1645;PROD_27;5;1
ORD_1645;PROD_8;2;1
ORD_1645;PROD_23;6;5
ORD_1646;PROD_27;9;3
ORD_1646;PROD_41;9;2
ORD_1646;PROD_25;2;1
ORD_1646;PROD_6;9;5
ORD_1646;PROD_5;8;1
ORD_1647;PROD_31;6;2
ORD_1647;PROD_40;9;4
ORD_1647;PROD_36;6;1
ORD_1647;PROD_21;5;3
ORD_1647;PROD_5;6;3
ORD_1647;PROD_41;2;3
ORD_1647;PROD_12;7;4
ORD_1647;PROD_30;3;1
ORD_1647;PROD_50;3;5
ORD_1647;PROD_28;4;1
ORD_1647;PROD_21;9;2
ORD_1647;PROD_39;5;5
ORD_1647;PROD_38;6;5
ORD_1648;PROD_4;5;2
ORD_1648;PROD_20;1;3
ORD_1648;PROD_30;4;3
ORD_1648;PROD_37;3;2
ORD_1648;PROD_19;5;3
ORD_1649;PROD_48;6;4
ORD_1649;PROD_33;9;5
ORD_1649;PROD_18;7;1
ORD_1649;PROD_32;1;2
ORD_1649;PROD_47;7;1
ORD_1649;PROD_24;2;4
ORD_1649;PROD_46;2;3
ORD_1649;PROD_41;7;3
ORD_1649;PROD_27;7;5
ORD_1649;PROD_6;9;4
ORD_1649;PROD_45;7;4
ORD_1650;PROD_27;3;5
ORD_1650;PROD_41;9;4
ORD_1650;PROD_3;9;1
ORD_1650;PROD_49;2;3
ORD_1650;PROD_19;5;4
ORD_1651;PROD_19;9;4
ORD_1651;PROD_3;5;1
ORD_1651;PROD_28;1;4
ORD_1651;PROD_44;9;1
ORD_1651;PROD_33;7;4
ORD_1651;PROD_40;6;1
ORD_1651;PROD_23;8;3
ORD_1651;PROD_39;8;5
ORD_1652;PROD_30;7;5
ORD_1652;PROD_13;3;1
ORD_1652;PROD_38;5;3
ORD_1652;PROD_31;7;1
ORD_1652;PROD_5;9;2
ORD_1652;PROD_12;7;3
ORD_1652;PROD_47;2;2
ORD_1652;PROD_6;1;1
ORD_1652;PROD_23;7;2
ORD_1652;PROD_24;4;2
ORD_1652;PROD_2;8;1
ORD_1652;PROD_19;7;2
ORD_1653;PROD_12;4;5
ORD_1653;PROD_15;7;1
ORD_1653;PROD_12;8;2
ORD_1653;PROD_15;5;3
ORD_1653;PROD_2;8;3
ORD_1653;PROD_36;1;1
ORD_1653;PROD_1;6;1
ORD_1653;PROD_50;4;5
ORD_1653;PROD_23;7;4
ORD_1653;PROD_20;4;4
ORD_1653;PROD_3;8;5
ORD_1653;PROD_25;3;2
ORD_1653;PROD_49;2;1
ORD_1653;PROD_6;1;2
ORD_1654;PROD_3;2;4
ORD_1654;PROD_35;1;1
ORD_1654;PROD_17;1;4
ORD_1654;PROD_15;3;3
ORD_1654;PROD_28;3;5
ORD_1655;PROD_36;9;4
ORD_1655;PROD_30;2;2
ORD_1655;PROD_10;6;3
ORD_1655;PROD_5;1;3
ORD_1655;PROD_4;8;2
ORD_1655;PROD_35;8;3
ORD_1655;PROD_37;3;3
ORD_1656;PROD_20;6;1
ORD_1656;PROD_2;2;5
ORD_1656;PROD_21;3;4
ORD_1656;PROD_12;7;5
ORD_1656;PROD_18;1;5
ORD_1656;PROD_31;7;2
ORD_1656;PROD_24;7;4
ORD_1657;PROD_25;2;2
ORD_1657;PROD_9;2;4
ORD_1657;PROD_18;6;1
ORD_1657;PROD_36;5;1
ORD_1657;PROD_12;3;4
ORD_1657;PROD_6;5;3
ORD_1657;PROD_10;4;2
ORD_1657;PROD_1;5;2
ORD_1657;PROD_40;3;1
ORD_1657;PROD_43;9;3
ORD_1657;PROD_10;1;1
ORD_1658;PROD_9;4;1
ORD_1658;PROD_1;4;1
ORD_1658;PROD_48;6;3
ORD_1658;PROD_41;3;5
ORD_1658;PROD_9;5;2
ORD_1658;PROD_1;4;5
ORD_1658;PROD_48;2;1
ORD_1658;PROD_41;6;1
ORD_1658;PROD_47;5;1
ORD_1658;PROD_44;1;5
ORD_1658;PROD_22;7;1
ORD_1658;PROD_25;1;5
ORD_1658;PROD_47;6;2
ORD_1659;PROD_10;6;5
ORD_1659;PROD_43;1;5
ORD_1659;PROD_42;6;3
ORD_1659;PROD_2;8;4
ORD_1659;PROD_13;3;3
ORD_1659;PROD_11;9;4
ORD_1659;PROD_8;8;1
ORD_1659;PROD_23;8;5
ORD_1659;PROD_10;4;1
ORD_1659;PROD_26;3;5
ORD_1659;PROD_42;3;5
ORD_1659;PROD_32;2;1
ORD_1659;PROD_41;6;3
ORD_1659;PROD_45;3;2
ORD_1660;PROD_7;5;5
ORD_1660;PROD_31;4;3
ORD_1660;PROD_28;9;5
ORD_1660;PROD_29;8;1
ORD_1660;PROD_44;5;5
ORD_1660;PROD_48;3;4
ORD_1660;PROD_18;5;1
ORD_1660;PROD_44;3;3
ORD_1660;PROD_44;3;3
ORD_1660;PROD_4;1;5
ORD_1660;PROD_42;9;2
ORD_1660;PROD_33;9;5
ORD_1660;PROD_41;5;2
ORD_1660;PROD_14;3;2
ORD_1661;PROD_37;8;4
ORD_1661;PROD_12;5;2
ORD_1661;PROD_28;8;5
ORD_1661;PROD_41;6;1
ORD_1661;PROD_1;2;1
ORD_1661;PROD_36;8;1
ORD_1661;PROD_9;1;2
ORD_1662;PROD_41;3;3
ORD_1662;PROD_7;9;4
ORD_1662;PROD_4;9;5
ORD_1662;PROD_18;2;3
ORD_1662;PROD_10;7;4
ORD_1662;PROD_7;1;2
ORD_1662;PROD_47;7;2
ORD_1662;PROD_30;1;1
ORD_1662;PROD_21;7;5
ORD_1662;PROD_37;8;2
ORD_1662;PROD_15;3;4
ORD_1662;PROD_2;7;4
ORD_1663;PROD_33;2;4
ORD_1663;PROD_5;8;4
ORD_1663;PROD_46;9;3
ORD_1663;PROD_9;3;5
ORD_1663;PROD_1;5;5
ORD_1663;PROD_48;8;4
ORD_1663;PROD_41;9;5
ORD_1663;PROD_19;3;2
ORD_1663;PROD_45;3;3
ORD_1663;PROD_47;2;4
ORD_1663;PROD_46;1;1
ORD_1663;PROD_5;6;4
ORD_1663;PROD_37;5;5
ORD_1663;PROD_37;8;1
ORD_1664;PROD_36;3;2
ORD_1664;PROD_9;6;5
ORD_1664;PROD_2;7;5
ORD_1664;PROD_36;3;1
ORD_1664;PROD_1;9;4
ORD_1664;PROD_50;8;3
ORD_1664;PROD_23;5;1
ORD_1665;PROD_31;6;3
ORD_1665;PROD_5;8;4
ORD_1665;PROD_44;1;5
ORD_1665;PROD_26;7;2
ORD_1665;PROD_38;1;1
ORD_1665;PROD_47;9;3
ORD_1665;PROD_29;9;5
ORD_1665;PROD_2;3;3
ORD_1665;PROD_12;4;5
ORD_1665;PROD_16;3;5
ORD_1665;PROD_12;8;2
ORD_1665;PROD_2;7;5
ORD_1665;PROD_16;2;1
ORD_1665;PROD_42;1;3
ORD_1666;PROD_6;2;2
ORD_1666;PROD_24;7;2
ORD_1666;PROD_3;8;3
ORD_1666;PROD_49;4;5
ORD_1666;PROD_19;7;4
ORD_1666;PROD_7;3;4
ORD_1666;PROD_50;5;3
ORD_1666;PROD_7;7;5
ORD_1666;PROD_3;6;3
ORD_1666;PROD_33;5;2
ORD_1666;PROD_9;2;5
ORD_1666;PROD_42;5;5
ORD_1667;PROD_10;7;4
ORD_1667;PROD_5;2;2
ORD_1667;PROD_4;8;2
ORD_1667;PROD_35;3;5
ORD_1667;PROD_31;3;1
ORD_1667;PROD_43;6;2
ORD_1667;PROD_4;1;4
ORD_1667;PROD_42;5;3
ORD_1668;PROD_10;8;4
ORD_1668;PROD_5;5;2
ORD_1668;PROD_4;1;3
ORD_1668;PROD_35;2;3
ORD_1668;PROD_16;2;3
ORD_1668;PROD_27;7;5
ORD_1668;PROD_27;7;4
ORD_1668;PROD_41;3;4
ORD_1668;PROD_6;3;5
ORD_1669;PROD_27;6;5
ORD_1669;PROD_37;3;1
ORD_1669;PROD_16;6;2
ORD_1669;PROD_10;6;2
ORD_1669;PROD_20;2;5
ORD_1669;PROD_18;8;2
ORD_1669;PROD_39;6;4
ORD_1669;PROD_48;4;4
ORD_1669;PROD_31;8;4
ORD_1670;PROD_48;1;4
ORD_1670;PROD_40;4;4
ORD_1670;PROD_43;4;5
ORD_1670;PROD_50;3;2
ORD_1670;PROD_17;5;2
ORD_1670;PROD_42;2;1
ORD_1671;PROD_16;7;5
ORD_1671;PROD_27;2;5
ORD_1671;PROD_13;5;4
ORD_1671;PROD_17;1;1
ORD_1671;PROD_1;7;5
ORD_1672;PROD_13;3;4
ORD_1672;PROD_14;6;1
ORD_1672;PROD_12;5;1
ORD_1672;PROD_1;6;4
ORD_1672;PROD_31;2;1
ORD_1672;PROD_38;9;2
ORD_1672;PROD_7;3;1
ORD_1672;PROD_40;4;3
ORD_1672;PROD_47;5;3
ORD_1672;PROD_17;3;1
ORD_1672;PROD_31;5;4
ORD_1672;PROD_3;8;4
ORD_1672;PROD_26;6;1
ORD_1672;PROD_45;9;4
ORD_1673;PROD_30;9;1
ORD_1673;PROD_3;9;2
ORD_1673;PROD_46;9;4
ORD_1673;PROD_37;8;4
ORD_1673;PROD_17;2;2
ORD_1673;PROD_6;9;4
ORD_1673;PROD_18;6;3
ORD_1673;PROD_50;7;3
ORD_1673;PROD_28;2;1
ORD_1673;PROD_16;8;4
ORD_1673;PROD_46;3;2
ORD_1673;PROD_8;2;1
ORD_1673;PROD_12;7;5
ORD_1673;PROD_8;6;5
ORD_1674;PROD_12;5;3
ORD_1674;PROD_15;8;1
ORD_1674;PROD_9;4;1
ORD_1674;PROD_1;8;1
ORD_1674;PROD_48;9;1
ORD_1674;PROD_41;1;1
ORD_1674;PROD_3;4;2
ORD_1674;PROD_49;5;5
ORD_1674;PROD_19;9;5
ORD_1674;PROD_7;5;5
ORD_1674;PROD_22;4;2
ORD_1674;PROD_7;8;4
ORD_1674;PROD_17;5;3
ORD_1675;PROD_33;7;1
ORD_1675;PROD_8;1;4
ORD_1675;PROD_43;7;4
ORD_1675;PROD_22;7;2
ORD_1675;PROD_7;7;5
ORD_1675;PROD_7;4;3
ORD_1675;PROD_11;9;1
ORD_1675;PROD_23;9;2
ORD_1675;PROD_27;2;4
ORD_1676;PROD_41;9;5
ORD_1676;PROD_24;6;2
ORD_1676;PROD_9;2;5
ORD_1676;PROD_13;4;1
ORD_1676;PROD_33;2;4
ORD_1676;PROD_19;1;5
ORD_1676;PROD_17;6;5
ORD_1676;PROD_30;3;1
ORD_1676;PROD_48;2;2
ORD_1676;PROD_14;8;1
ORD_1676;PROD_15;4;5
ORD_1677;PROD_12;8;1
ORD_1677;PROD_15;1;1
ORD_1677;PROD_15;8;1
ORD_1677;PROD_46;7;2
ORD_1677;PROD_41;4;4
ORD_1677;PROD_38;9;1
ORD_1677;PROD_36;9;1
ORD_1677;PROD_18;9;2
ORD_1677;PROD_8;4;3
ORD_1677;PROD_10;4;2
ORD_1677;PROD_47;7;2
ORD_1678;PROD_17;7;1
ORD_1678;PROD_11;1;3
ORD_1678;PROD_5;1;5
ORD_1678;PROD_9;8;2
ORD_1678;PROD_44;3;3
ORD_1678;PROD_34;1;2
ORD_1678;PROD_15;7;3
ORD_1678;PROD_18;1;4
ORD_1679;PROD_9;5;5
ORD_1679;PROD_10;7;3
ORD_1679;PROD_50;7;5
ORD_1679;PROD_5;2;2
ORD_1679;PROD_34;6;4
ORD_1679;PROD_44;8;2
ORD_1679;PROD_8;2;5
ORD_1679;PROD_50;6;2
ORD_1679;PROD_33;9;2
ORD_1679;PROD_41;4;2
ORD_1680;PROD_11;6;5
ORD_1680;PROD_8;2;5
ORD_1680;PROD_36;5;1
ORD_1680;PROD_41;2;2
ORD_1680;PROD_28;8;4
ORD_1680;PROD_7;3;1
ORD_1680;PROD_14;7;4
ORD_1680;PROD_5;3;2
ORD_1680;PROD_17;9;1
ORD_1680;PROD_19;3;2
ORD_1680;PROD_39;8;4
ORD_1681;PROD_21;7;5
ORD_1681;PROD_22;9;5
ORD_1681;PROD_48;2;5
ORD_1681;PROD_22;5;4
ORD_1681;PROD_2;5;5
ORD_1681;PROD_45;3;5
ORD_1682;PROD_7;5;5
ORD_1682;PROD_24;3;5
ORD_1682;PROD_25;3;4
ORD_1682;PROD_14;9;3
ORD_1682;PROD_40;5;3
ORD_1682;PROD_35;9;5
ORD_1682;PROD_40;4;1
ORD_1682;PROD_47;5;1
ORD_1682;PROD_31;5;1
ORD_1682;PROD_39;9;2
ORD_1682;PROD_13;8;1
ORD_1682;PROD_30;6;4
ORD_1682;PROD_24;7;1
ORD_1682;PROD_30;9;3
ORD_1683;PROD_16;5;1
ORD_1683;PROD_27;5;3
ORD_1683;PROD_44;6;4
ORD_1683;PROD_21;8;2
ORD_1683;PROD_16;6;4
ORD_1683;PROD_48;7;4
ORD_1683;PROD_36;7;5
ORD_1683;PROD_18;6;3
ORD_1683;PROD_13;9;1
ORD_1684;PROD_16;4;2
ORD_1684;PROD_27;4;2
ORD_1684;PROD_37;2;2
ORD_1684;PROD_12;2;3
ORD_1684;PROD_28;2;4
ORD_1685;PROD_17;8;2
ORD_1685;PROD_5;6;5
ORD_1685;PROD_40;1;5
ORD_1685;PROD_15;9;5
ORD_1685;PROD_15;1;3
ORD_1685;PROD_21;8;5
ORD_1685;PROD_5;4;2
ORD_1685;PROD_22;4;4
ORD_1686;PROD_9;1;1
ORD_1686;PROD_1;2;1
ORD_1686;PROD_48;7;3
ORD_1686;PROD_41;1;3
ORD_1686;PROD_42;1;3
ORD_1686;PROD_47;7;2
ORD_1686;PROD_3;9;5
ORD_1686;PROD_23;9;1
ORD_1686;PROD_34;1;2
ORD_1686;PROD_32;5;4
ORD_1686;PROD_16;6;1
ORD_1686;PROD_49;8;2
ORD_1686;PROD_21;3;2
ORD_1687;PROD_13;6;4
ORD_1687;PROD_32;1;1
ORD_1687;PROD_29;6;5
ORD_1687;PROD_14;9;4
ORD_1687;PROD_4;9;1
ORD_1687;PROD_25;5;1
ORD_1687;PROD_18;8;4
ORD_1687;PROD_13;4;2
ORD_1687;PROD_23;5;2
ORD_1687;PROD_29;9;4
ORD_1687;PROD_33;4;3
ORD_1687;PROD_48;9;2
ORD_1687;PROD_21;1;1
ORD_1688;PROD_37;4;1
ORD_1688;PROD_9;6;1
ORD_1688;PROD_24;1;4
ORD_1688;PROD_26;5;2
ORD_1688;PROD_6;7;2
ORD_1688;PROD_10;2;3
ORD_1688;PROD_47;3;4
ORD_1688;PROD_28;3;2
ORD_1688;PROD_45;1;5
ORD_1688;PROD_10;2;5
ORD_1688;PROD_6;1;1
ORD_1688;PROD_12;6;5
ORD_1688;PROD_31;6;2
ORD_1689;PROD_10;1;5
ORD_1689;PROD_5;5;3
ORD_1689;PROD_4;4;1
ORD_1689;PROD_35;5;3
ORD_1689;PROD_9;5;1
ORD_1689;PROD_12;1;5
ORD_1689;PROD_20;2;1
ORD_1689;PROD_33;6;1
ORD_1689;PROD_7;4;3
ORD_1689;PROD_23;5;4
ORD_1689;PROD_3;5;4
ORD_1689;PROD_4;8;2
ORD_1689;PROD_11;7;5
ORD_1690;PROD_44;8;3
ORD_1690;PROD_6;3;1
ORD_1690;PROD_42;9;5
ORD_1690;PROD_13;2;3
ORD_1690;PROD_47;6;1
ORD_1690;PROD_50;2;1
ORD_1690;PROD_12;1;1
ORD_1690;PROD_7;2;5
ORD_1690;PROD_29;9;1
ORD_1690;PROD_10;3;4
ORD_1690;PROD_14;9;5
ORD_1691;PROD_27;4;3
ORD_1691;PROD_41;8;1
ORD_1691;PROD_31;1;1
ORD_1691;PROD_5;7;1
ORD_1691;PROD_36;4;1
ORD_1692;PROD_19;8;5
ORD_1692;PROD_3;9;1
ORD_1692;PROD_28;2;1
ORD_1692;PROD_35;4;1
ORD_1692;PROD_34;5;2
ORD_1693;PROD_9;1;1
ORD_1693;PROD_12;7;2
ORD_1693;PROD_20;8;2
ORD_1693;PROD_33;1;5
ORD_1693;PROD_7;4;2
ORD_1693;PROD_41;7;4
ORD_1693;PROD_40;9;3
ORD_1694;PROD_11;7;5
ORD_1694;PROD_30;6;4
ORD_1694;PROD_34;4;5
ORD_1694;PROD_21;3;4
ORD_1694;PROD_36;3;4
ORD_1694;PROD_8;7;4
ORD_1694;PROD_10;7;5
ORD_1694;PROD_12;5;2
ORD_1694;PROD_40;6;3
ORD_1694;PROD_11;1;2
ORD_1694;PROD_20;4;5
ORD_1694;PROD_30;4;1
ORD_1694;PROD_10;5;3
ORD_1694;PROD_19;3;3
ORD_1694;PROD_1;1;1
ORD_1695;PROD_23;3;1
ORD_1695;PROD_2;3;1
ORD_1695;PROD_20;3;2
ORD_1695;PROD_24;5;4
ORD_1695;PROD_46;9;5
ORD_1695;PROD_35;2;4
ORD_1695;PROD_24;2;3
ORD_1695;PROD_32;3;4
ORD_1695;PROD_17;4;4
ORD_1695;PROD_5;6;5
ORD_1695;PROD_14;3;1
ORD_1695;PROD_29;3;2
ORD_1695;PROD_50;8;3
ORD_1695;PROD_32;5;1
ORD_1695;PROD_3;8;5
ORD_1696;PROD_29;9;4
ORD_1696;PROD_30;6;3
ORD_1696;PROD_50;3;5
ORD_1696;PROD_14;2;5
ORD_1696;PROD_1;3;4
ORD_1696;PROD_24;2;4
ORD_1696;PROD_1;1;5
ORD_1696;PROD_43;2;2
ORD_1696;PROD_27;9;2
ORD_1696;PROD_19;6;5
ORD_1696;PROD_19;8;3
ORD_1697;PROD_13;7;3
ORD_1697;PROD_13;5;1
ORD_1697;PROD_15;5;3
ORD_1697;PROD_5;8;3
ORD_1697;PROD_45;8;2
ORD_1698;PROD_34;3;1
ORD_1698;PROD_24;6;5
ORD_1698;PROD_39;3;3
ORD_1698;PROD_24;5;5
ORD_1698;PROD_29;7;3
ORD_1698;PROD_49;8;2
ORD_1698;PROD_43;7;4
ORD_1698;PROD_44;2;5
ORD_1698;PROD_44;5;1
ORD_1698;PROD_41;1;3
ORD_1699;PROD_36;2;3
ORD_1699;PROD_9;9;3
ORD_1699;PROD_33;4;3
ORD_1699;PROD_38;2;2
ORD_1699;PROD_3;8;4
ORD_1699;PROD_16;9;1
ORD_1699;PROD_23;6;3
ORD_1699;PROD_24;6;4
ORD_1699;PROD_33;9;2
ORD_1699;PROD_16;1;1
ORD_1699;PROD_43;9;4
ORD_1699;PROD_49;9;3
ORD_1699;PROD_27;5;2
ORD_1700;PROD_37;8;5
ORD_1700;PROD_12;5;5
ORD_1700;PROD_28;5;4
ORD_1700;PROD_13;2;4
ORD_1700;PROD_39;3;3
ORD_1700;PROD_10;1;4
ORD_1701;PROD_15;7;3
ORD_1701;PROD_16;5;2
ORD_1701;PROD_33;4;2
ORD_1701;PROD_31;9;5
ORD_1701;PROD_39;7;1
ORD_1701;PROD_4;8;4
ORD_1701;PROD_7;6;3
ORD_1701;PROD_50;8;1
ORD_1701;PROD_21;9;4
ORD_1701;PROD_37;9;5
ORD_1701;PROD_26;6;4
ORD_1701;PROD_7;7;5
ORD_1701;PROD_4;5;2
ORD_1702;PROD_47;4;3
ORD_1702;PROD_44;2;5
ORD_1702;PROD_27;3;5
ORD_1702;PROD_44;2;5
ORD_1702;PROD_4;9;1
ORD_1702;PROD_25;9;4
ORD_1702;PROD_17;4;4
ORD_1702;PROD_30;8;5
ORD_1702;PROD_36;8;1
ORD_1702;PROD_32;7;2
ORD_1702;PROD_6;3;4
ORD_1702;PROD_2;5;4
ORD_1702;PROD_14;6;3
ORD_1703;PROD_49;1;1
ORD_1703;PROD_9;7;3
ORD_1703;PROD_19;3;4
ORD_1703;PROD_30;6;4
ORD_1703;PROD_10;5;2
ORD_1703;PROD_33;3;1
ORD_1703;PROD_36;3;5
ORD_1703;PROD_9;8;4
ORD_1703;PROD_33;7;2
ORD_1703;PROD_31;8;4
ORD_1703;PROD_12;6;4
ORD_1703;PROD_33;8;5
ORD_1703;PROD_48;4;1
ORD_1703;PROD_4;3;4
ORD_1703;PROD_36;5;1
ORD_1704;PROD_10;5;3
ORD_1704;PROD_5;6;2
ORD_1704;PROD_4;2;4
ORD_1704;PROD_35;5;1
ORD_1704;PROD_30;8;5
ORD_1704;PROD_13;9;4
ORD_1704;PROD_38;9;2
ORD_1704;PROD_20;5;1
ORD_1704;PROD_34;9;2
ORD_1704;PROD_31;6;3
ORD_1704;PROD_38;3;3
ORD_1704;PROD_4;5;4
ORD_1705;PROD_17;8;5
ORD_1705;PROD_40;9;1
ORD_1705;PROD_15;6;1
ORD_1705;PROD_21;2;1
ORD_1705;PROD_31;4;1
ORD_1705;PROD_38;3;2
ORD_1705;PROD_45;9;4
ORD_1705;PROD_49;4;4
ORD_1706;PROD_41;2;5
ORD_1706;PROD_6;2;3
ORD_1706;PROD_6;2;1
ORD_1706;PROD_16;9;5
ORD_1706;PROD_3;5;3
ORD_1706;PROD_37;3;3
ORD_1706;PROD_14;7;1
ORD_1706;PROD_28;5;3
ORD_1706;PROD_28;1;5
ORD_1706;PROD_15;8;4
ORD_1706;PROD_50;4;2
ORD_1706;PROD_20;7;5
ORD_1706;PROD_6;6;1
ORD_1706;PROD_12;8;3
ORD_1706;PROD_48;7;2
ORD_1707;PROD_9;7;1
ORD_1707;PROD_12;3;3
ORD_1707;PROD_20;6;5
ORD_1707;PROD_33;5;3
ORD_1707;PROD_7;3;4
ORD_1707;PROD_25;8;2
ORD_1707;PROD_6;2;1
ORD_1707;PROD_5;5;1
ORD_1708;PROD_46;8;5
ORD_1708;PROD_35;2;5
ORD_1708;PROD_46;6;1
ORD_1708;PROD_41;5;4
ORD_1708;PROD_22;6;1
ORD_1708;PROD_43;5;4
ORD_1708;PROD_13;2;5
ORD_1708;PROD_48;6;4
ORD_1708;PROD_15;8;2
ORD_1708;PROD_24;3;3
ORD_1709;PROD_43;5;5
ORD_1709;PROD_23;5;3
ORD_1709;PROD_47;9;4
ORD_1709;PROD_24;3;5
ORD_1709;PROD_33;3;1
ORD_1709;PROD_16;3;4
ORD_1709;PROD_42;6;4
ORD_1709;PROD_14;8;2
ORD_1709;PROD_42;3;3
ORD_1710;PROD_12;8;5
ORD_1710;PROD_3;7;4
ORD_1710;PROD_7;3;1
ORD_1710;PROD_47;8;2
ORD_1710;PROD_49;3;3
ORD_1710;PROD_8;2;4
ORD_1710;PROD_49;1;4
ORD_1711;PROD_31;6;1
ORD_1711;PROD_5;9;5
ORD_1711;PROD_25;7;4
ORD_1711;PROD_6;3;1
ORD_1711;PROD_5;4;5
ORD_1711;PROD_6;4;5
ORD_1711;PROD_24;5;4
ORD_1712;PROD_36;6;4
ORD_1712;PROD_30;3;4
ORD_1712;PROD_29;6;1
ORD_1712;PROD_30;1;5
ORD_1712;PROD_50;1;5
ORD_1712;PROD_14;7;2
ORD_1712;PROD_1;3;5
ORD_1712;PROD_12;1;2
ORD_1712;PROD_15;7;2
ORD_1713;PROD_44;9;5
ORD_1713;PROD_33;5;4
ORD_1713;PROD_29;6;1
ORD_1713;PROD_30;2;5
ORD_1713;PROD_50;3;3
ORD_1713;PROD_14;3;1
ORD_1713;PROD_1;2;1
ORD_1714;PROD_20;1;3
ORD_1714;PROD_36;1;1
ORD_1714;PROD_40;8;3
ORD_1714;PROD_30;8;3
ORD_1714;PROD_42;7;1
ORD_1714;PROD_14;3;1
ORD_1714;PROD_10;7;5
ORD_1714;PROD_47;5;1
ORD_1715;PROD_14;7;2
ORD_1715;PROD_25;6;4
ORD_1715;PROD_31;7;5
ORD_1715;PROD_3;3;3
ORD_1715;PROD_30;9;3
ORD_1715;PROD_47;1;2
ORD_1715;PROD_19;1;3
ORD_1716;PROD_13;7;5
ORD_1716;PROD_17;5;2
ORD_1716;PROD_1;4;4
ORD_1716;PROD_27;7;4
ORD_1716;PROD_33;5;5
ORD_1716;PROD_5;5;3
ORD_1716;PROD_46;6;2
ORD_1716;PROD_37;3;3
ORD_1716;PROD_12;8;1
ORD_1716;PROD_28;4;4
ORD_1716;PROD_5;5;3
ORD_1716;PROD_2;2;3
ORD_1717;PROD_12;8;4
ORD_1717;PROD_15;1;2
ORD_1717;PROD_30;2;1
ORD_1717;PROD_13;3;5
ORD_1717;PROD_38;9;1
ORD_1717;PROD_9;9;2
ORD_1717;PROD_1;6;3
ORD_1717;PROD_48;9;3
ORD_1717;PROD_41;1;2
ORD_1718;PROD_41;5;4
ORD_1718;PROD_31;4;3
ORD_1718;PROD_47;4;4
ORD_1718;PROD_26;4;5
ORD_1718;PROD_10;7;2
ORD_1718;PROD_26;9;4
ORD_1718;PROD_11;2;4
ORD_1719;PROD_18;2;2
ORD_1719;PROD_26;6;1
ORD_1719;PROD_44;1;5
ORD_1719;PROD_12;6;1
ORD_1719;PROD_26;8;2
ORD_1719;PROD_42;5;2
ORD_1720;PROD_10;4;5
ORD_1720;PROD_5;6;4
ORD_1720;PROD_4;9;3
ORD_1720;PROD_35;6;3
ORD_1720;PROD_47;5;4
ORD_1720;PROD_44;8;1
ORD_1720;PROD_26;9;4
ORD_1720;PROD_34;4;1
ORD_1720;PROD_7;2;2
ORD_1720;PROD_45;8;2
ORD_1720;PROD_45;2;5
ORD_1720;PROD_37;5;4
ORD_1721;PROD_29;8;3
ORD_1721;PROD_30;1;5
ORD_1721;PROD_50;7;1
ORD_1721;PROD_14;1;3
ORD_1721;PROD_1;4;5
ORD_1721;PROD_9;4;1
ORD_1722;PROD_38;8;5
ORD_1722;PROD_7;8;4
ORD_1722;PROD_9;2;1
ORD_1722;PROD_20;6;5
ORD_1722;PROD_40;2;4
ORD_1722;PROD_35;2;4
ORD_1723;PROD_12;8;5
ORD_1723;PROD_47;5;1
ORD_1723;PROD_6;2;2
ORD_1723;PROD_23;5;1
ORD_1723;PROD_36;4;1
ORD_1723;PROD_9;8;2
ORD_1723;PROD_36;6;1
ORD_1724;PROD_19;6;3
ORD_1724;PROD_3;7;2
ORD_1724;PROD_28;6;2
ORD_1724;PROD_9;4;2
ORD_1724;PROD_12;8;4
ORD_1725;PROD_37;1;5
ORD_1725;PROD_48;9;1
ORD_1725;PROD_6;6;2
ORD_1725;PROD_31;3;2
ORD_1725;PROD_43;5;2
ORD_1725;PROD_4;1;3
ORD_1725;PROD_38;3;5
ORD_1725;PROD_4;7;3
ORD_1725;PROD_18;6;1
ORD_1725;PROD_24;5;4
ORD_1725;PROD_47;3;4
ORD_1725;PROD_32;7;5
ORD_1725;PROD_10;2;2
ORD_1725;PROD_23;3;4
ORD_1726;PROD_47;4;2
ORD_1726;PROD_44;4;2
ORD_1726;PROD_13;9;4
ORD_1726;PROD_17;3;2
ORD_1726;PROD_1;4;3
ORD_1726;PROD_27;5;4
ORD_1726;PROD_4;5;4
ORD_1726;PROD_6;2;5
ORD_1726;PROD_26;5;5
ORD_1726;PROD_49;8;1
ORD_1726;PROD_33;2;5
ORD_1726;PROD_17;5;5
ORD_1726;PROD_47;6;3
ORD_1726;PROD_49;4;1
ORD_1726;PROD_2;5;1
ORD_1727;PROD_44;1;4
ORD_1727;PROD_33;6;1
ORD_1727;PROD_12;4;3
ORD_1727;PROD_15;3;5
ORD_1727;PROD_41;3;3
ORD_1728;PROD_26;9;1
ORD_1728;PROD_23;2;5
ORD_1728;PROD_17;5;5
ORD_1728;PROD_30;9;3
ORD_1728;PROD_49;6;2
ORD_1728;PROD_9;4;3
ORD_1728;PROD_8;2;4
ORD_1728;PROD_9;4;3
ORD_1728;PROD_42;6;3
ORD_1728;PROD_10;1;4
ORD_1728;PROD_14;5;4
ORD_1728;PROD_12;5;3
ORD_1729;PROD_44;3;2
ORD_1729;PROD_33;8;1
ORD_1729;PROD_8;6;3
ORD_1729;PROD_16;4;2
ORD_1729;PROD_41;2;1
ORD_1730;PROD_43;7;2
ORD_1730;PROD_40;4;5
ORD_1730;PROD_40;2;4
ORD_1730;PROD_29;5;1
ORD_1730;PROD_30;7;5
ORD_1730;PROD_29;6;4
ORD_1730;PROD_45;2;4
ORD_1730;PROD_8;8;1
ORD_1730;PROD_27;8;1
ORD_1730;PROD_27;5;4
ORD_1730;PROD_7;9;2
ORD_1730;PROD_33;7;5
ORD_1730;PROD_46;4;3
ORD_1730;PROD_27;4;3
ORD_1730;PROD_40;1;2
ORD_1731;PROD_10;1;2
ORD_1731;PROD_5;6;1
ORD_1731;PROD_4;4;5
ORD_1731;PROD_35;9;5
ORD_1731;PROD_33;5;3
ORD_1731;PROD_32;9;1
ORD_1731;PROD_47;8;2
ORD_1731;PROD_49;8;3
ORD_1731;PROD_11;4;2
ORD_1731;PROD_4;6;5
ORD_1731;PROD_37;4;3
ORD_1731;PROD_12;6;2
ORD_1731;PROD_24;1;1
ORD_1731;PROD_49;3;4
ORD_1731;PROD_39;9;1
ORD_1732;PROD_41;5;4
ORD_1732;PROD_1;7;5
ORD_1732;PROD_9;2;3
ORD_1732;PROD_12;6;5
ORD_1732;PROD_20;8;1
ORD_1732;PROD_33;3;3
ORD_1732;PROD_7;6;4
ORD_1733;PROD_2;9;3
ORD_1733;PROD_36;8;3
ORD_1733;PROD_1;6;4
ORD_1733;PROD_50;2;3
ORD_1733;PROD_23;6;4
ORD_1734;PROD_12;1;3
ORD_1734;PROD_10;1;5
ORD_1734;PROD_14;2;3
ORD_1734;PROD_25;2;4
ORD_1734;PROD_39;8;1
ORD_1734;PROD_1;5;1
ORD_1734;PROD_8;5;3
ORD_1734;PROD_1;8;4
ORD_1734;PROD_43;1;1
ORD_1734;PROD_30;1;5
ORD_1734;PROD_7;1;3
ORD_1734;PROD_34;9;1
ORD_1734;PROD_24;8;3
ORD_1734;PROD_49;3;4
ORD_1735;PROD_29;6;2
ORD_1735;PROD_29;1;4
ORD_1735;PROD_4;9;2
ORD_1735;PROD_32;3;2
ORD_1735;PROD_34;3;1
ORD_1735;PROD_13;9;1
ORD_1735;PROD_21;8;4
ORD_1735;PROD_7;5;2
ORD_1735;PROD_33;8;3
ORD_1735;PROD_13;8;1
ORD_1735;PROD_43;1;2
ORD_1735;PROD_14;8;5
ORD_1735;PROD_34;6;3
ORD_1735;PROD_31;1;1
ORD_1735;PROD_26;3;4
ORD_1736;PROD_2;3;2
ORD_1736;PROD_36;2;1
ORD_1736;PROD_1;7;4
ORD_1736;PROD_50;9;4
ORD_1736;PROD_23;6;4
ORD_1736;PROD_29;3;3
ORD_1736;PROD_30;1;1
ORD_1736;PROD_50;6;4
ORD_1736;PROD_14;4;2
ORD_1736;PROD_1;1;1
ORD_1736;PROD_10;4;5
ORD_1736;PROD_5;9;4
ORD_1737;PROD_41;7;2
ORD_1737;PROD_12;8;4
ORD_1737;PROD_21;9;3
ORD_1737;PROD_38;2;4
ORD_1737;PROD_12;6;5
ORD_1737;PROD_14;9;5
ORD_1737;PROD_18;7;2
ORD_1737;PROD_4;6;5
ORD_1738;PROD_15;3;3
ORD_1738;PROD_31;6;5
ORD_1738;PROD_8;2;2
ORD_1738;PROD_48;3;4
ORD_1738;PROD_15;9;5
ORD_1738;PROD_30;8;1
ORD_1739;PROD_40;5;3
ORD_1739;PROD_15;5;3
ORD_1739;PROD_25;1;2
ORD_1739;PROD_43;1;2
ORD_1739;PROD_22;4;5
ORD_1739;PROD_43;6;4
ORD_1739;PROD_50;1;4
ORD_1739;PROD_37;7;1
ORD_1739;PROD_48;5;1
ORD_1739;PROD_4;2;4
ORD_1740;PROD_31;9;1
ORD_1740;PROD_5;7;1
ORD_1740;PROD_12;3;5
ORD_1740;PROD_27;5;5
ORD_1740;PROD_23;5;4
ORD_1740;PROD_39;2;5
ORD_1740;PROD_15;7;5
ORD_1740;PROD_1;6;5
ORD_1740;PROD_3;8;3
ORD_1740;PROD_18;5;1
ORD_1741;PROD_7;4;1
ORD_1741;PROD_38;8;5
ORD_1741;PROD_13;5;2
ORD_1741;PROD_14;6;3
ORD_1741;PROD_6;3;5
ORD_1741;PROD_25;5;4
ORD_1741;PROD_20;9;1
ORD_1741;PROD_41;2;5
ORD_1741;PROD_9;2;1
ORD_1741;PROD_31;4;5
ORD_1741;PROD_30;7;4
ORD_1741;PROD_27;9;5
ORD_1741;PROD_26;3;2
ORD_1741;PROD_2;8;2
ORD_1742;PROD_41;5;2
ORD_1742;PROD_1;6;1
ORD_1742;PROD_9;4;2
ORD_1742;PROD_12;5;3
ORD_1742;PROD_20;2;1
ORD_1742;PROD_33;9;1
ORD_1742;PROD_7;1;1
ORD_1742;PROD_13;8;5
ORD_1742;PROD_20;1;5
ORD_1742;PROD_44;3;3
ORD_1742;PROD_35;9;4
ORD_1742;PROD_5;2;3
ORD_1743;PROD_40;1;1
ORD_1743;PROD_5;1;5
ORD_1743;PROD_12;6;2
ORD_1743;PROD_25;9;5
ORD_1743;PROD_25;8;2
ORD_1743;PROD_3;4;4
ORD_1743;PROD_21;7;5
ORD_1743;PROD_24;9;3
ORD_1743;PROD_32;7;4
ORD_1743;PROD_25;2;3
ORD_1743;PROD_2;8;5
ORD_1743;PROD_14;4;4
ORD_1743;PROD_27;4;5
ORD_1743;PROD_49;5;2
ORD_1744;PROD_25;6;1
ORD_1744;PROD_6;1;5
ORD_1744;PROD_5;8;2
ORD_1744;PROD_31;7;4
ORD_1744;PROD_5;2;1
ORD_1744;PROD_16;6;4
ORD_1744;PROD_27;3;2
ORD_1744;PROD_13;7;3
ORD_1744;PROD_7;1;4
ORD_1744;PROD_46;1;2
ORD_1744;PROD_6;6;1
ORD_1745;PROD_47;3;5
ORD_1745;PROD_19;7;5
ORD_1745;PROD_43;5;5
ORD_1745;PROD_35;8;5
ORD_1745;PROD_48;4;5
ORD_1745;PROD_11;6;1
ORD_1745;PROD_20;8;5
ORD_1745;PROD_49;6;3
ORD_1745;PROD_19;3;1
ORD_1745;PROD_21;5;2
ORD_1745;PROD_9;3;3
ORD_1745;PROD_27;4;2
ORD_1746;PROD_22;1;1
ORD_1746;PROD_43;5;4
ORD_1746;PROD_40;7;4
ORD_1746;PROD_39;2;4
ORD_1746;PROD_6;9;3
ORD_1746;PROD_7;4;5
ORD_1746;PROD_29;3;1
ORD_1746;PROD_7;8;5
ORD_1746;PROD_9;6;1
ORD_1746;PROD_36;7;1
ORD_1746;PROD_48;4;5
ORD_1746;PROD_38;5;5
ORD_1746;PROD_45;1;1
ORD_1747;PROD_11;9;1
ORD_1747;PROD_17;4;2
ORD_1747;PROD_29;4;3
ORD_1747;PROD_45;1;1
ORD_1747;PROD_16;8;4
ORD_1747;PROD_5;6;1
ORD_1747;PROD_45;2;3
ORD_1747;PROD_27;2;1
ORD_1747;PROD_14;7;4
ORD_1747;PROD_41;1;5
ORD_1747;PROD_44;2;1
ORD_1747;PROD_36;5;5
ORD_1747;PROD_44;9;4
ORD_1747;PROD_7;4;4
ORD_1747;PROD_5;8;5
ORD_1748;PROD_31;5;1
ORD_1748;PROD_5;3;1
ORD_1748;PROD_23;7;5
ORD_1748;PROD_27;4;2
ORD_1748;PROD_27;5;1
ORD_1748;PROD_8;3;1
ORD_1748;PROD_45;5;3
ORD_1748;PROD_13;7;5
ORD_1748;PROD_22;4;1
ORD_1748;PROD_15;4;3
ORD_1748;PROD_14;2;4
ORD_1748;PROD_40;3;4
ORD_1748;PROD_13;8;4
ORD_1748;PROD_32;2;1
ORD_1748;PROD_37;5;4
ORD_1749;PROD_25;2;5
ORD_1749;PROD_9;2;4
ORD_1749;PROD_39;6;4
ORD_1749;PROD_12;4;1
ORD_1749;PROD_31;7;2
ORD_1749;PROD_10;8;4
ORD_1749;PROD_33;1;1
ORD_1749;PROD_10;4;4
ORD_1749;PROD_38;6;1
ORD_1750;PROD_16;2;3
ORD_1750;PROD_30;9;1
ORD_1750;PROD_7;5;2
ORD_1750;PROD_12;8;4
ORD_1750;PROD_44;3;2
ORD_1750;PROD_12;2;1
ORD_1750;PROD_41;5;2
ORD_1750;PROD_27;7;4
ORD_1750;PROD_23;8;4
ORD_1751;PROD_27;2;2
ORD_1751;PROD_41;4;5
ORD_1751;PROD_30;6;5
ORD_1751;PROD_13;5;1
ORD_1751;PROD_38;1;3
ORD_1751;PROD_37;5;5
ORD_1751;PROD_12;9;1
ORD_1751;PROD_28;8;4
ORD_1751;PROD_24;4;3
ORD_1751;PROD_33;4;2
ORD_1751;PROD_30;7;1
ORD_1751;PROD_12;2;2
ORD_1751;PROD_13;1;1
ORD_1752;PROD_44;6;4
ORD_1752;PROD_33;6;3
ORD_1752;PROD_25;5;5
ORD_1752;PROD_6;3;3
ORD_1752;PROD_5;3;1
ORD_1752;PROD_25;4;2
ORD_1752;PROD_6;6;5
ORD_1752;PROD_5;4;5
ORD_1752;PROD_47;7;4
ORD_1752;PROD_40;7;2
ORD_1752;PROD_40;3;3
ORD_1752;PROD_33;3;5
ORD_1753;PROD_28;5;4
ORD_1753;PROD_27;4;1
ORD_1753;PROD_30;7;2
ORD_1753;PROD_49;3;5
ORD_1753;PROD_38;9;3
ORD_1753;PROD_5;5;1
ORD_1753;PROD_50;2;1
ORD_1753;PROD_35;5;3
ORD_1753;PROD_41;5;2
ORD_1753;PROD_49;5;4
ORD_1753;PROD_35;5;3
ORD_1753;PROD_19;8;5
ORD_1754;PROD_43;4;4
ORD_1754;PROD_7;5;1
ORD_1754;PROD_24;1;4
ORD_1754;PROD_32;2;1
ORD_1754;PROD_38;6;4
ORD_1754;PROD_37;5;2
ORD_1754;PROD_24;3;2
ORD_1754;PROD_34;2;2
ORD_1754;PROD_28;1;4
ORD_1754;PROD_4;4;3
ORD_1754;PROD_33;2;4
ORD_1754;PROD_10;2;1
ORD_1755;PROD_30;6;1
ORD_1755;PROD_23;7;5
ORD_1755;PROD_23;9;1
ORD_1755;PROD_12;6;2
ORD_1755;PROD_40;9;2
ORD_1755;PROD_28;1;3
ORD_1756;PROD_31;2;1
ORD_1756;PROD_5;3;4
ORD_1756;PROD_16;8;3
ORD_1756;PROD_27;9;5
ORD_1756;PROD_8;2;1
ORD_1756;PROD_10;4;5
ORD_1756;PROD_7;3;4
ORD_1757;PROD_9;7;4
ORD_1757;PROD_12;3;2
ORD_1757;PROD_20;1;4
ORD_1757;PROD_33;7;5
ORD_1757;PROD_7;1;1
ORD_1757;PROD_30;2;4
ORD_1757;PROD_13;6;4
ORD_1757;PROD_38;1;4
ORD_1757;PROD_21;8;1
ORD_1757;PROD_45;4;4
ORD_1757;PROD_24;6;5
ORD_1758;PROD_36;8;4
ORD_1758;PROD_9;4;1
ORD_1758;PROD_13;5;2
ORD_1758;PROD_17;3;4
ORD_1758;PROD_1;5;2
ORD_1758;PROD_27;9;4
ORD_1758;PROD_21;3;1
ORD_1759;PROD_17;5;2
ORD_1759;PROD_13;1;3
ORD_1759;PROD_20;6;5
ORD_1759;PROD_13;7;4
ORD_1759;PROD_33;8;4
ORD_1759;PROD_26;8;2
ORD_1759;PROD_17;7;1
ORD_1759;PROD_8;2;2
ORD_1759;PROD_7;3;2
ORD_1759;PROD_44;8;4
ORD_1759;PROD_16;9;5
ORD_1759;PROD_40;4;4
ORD_1759;PROD_46;7;5
ORD_1759;PROD_29;7;2
ORD_1759;PROD_43;8;4
ORD_1760;PROD_33;6;4
ORD_1760;PROD_5;8;5
ORD_1760;PROD_46;5;3
ORD_1760;PROD_30;5;4
ORD_1760;PROD_13;5;5
ORD_1760;PROD_38;7;4
ORD_1760;PROD_1;6;4
ORD_1760;PROD_41;9;4
ORD_1760;PROD_5;9;2
ORD_1760;PROD_18;7;5
ORD_1760;PROD_34;4;4
ORD_1760;PROD_23;8;1
ORD_1760;PROD_34;2;4
ORD_1760;PROD_38;3;3
ORD_1761;PROD_10;3;1
ORD_1761;PROD_5;4;3
ORD_1761;PROD_4;4;1
ORD_1761;PROD_35;3;3
ORD_1761;PROD_21;3;2
ORD_1762;PROD_46;7;4
ORD_1762;PROD_49;8;3
ORD_1762;PROD_14;3;1
ORD_1762;PROD_34;7;4
ORD_1762;PROD_30;7;3
ORD_1762;PROD_31;4;3
ORD_1762;PROD_4;2;3
ORD_1762;PROD_12;1;2
ORD_1762;PROD_37;7;2
ORD_1762;PROD_13;8;3
ORD_1762;PROD_39;1;3
ORD_1763;PROD_5;1;3
ORD_1763;PROD_25;6;4
ORD_1763;PROD_22;6;5
ORD_1763;PROD_30;4;2
ORD_1763;PROD_49;3;5
ORD_1763;PROD_9;4;1
ORD_1763;PROD_33;3;2
ORD_1763;PROD_16;8;2
ORD_1763;PROD_23;9;1
ORD_1763;PROD_1;8;4
ORD_1763;PROD_48;5;5
ORD_1763;PROD_10;5;2
ORD_1763;PROD_20;6;1
ORD_1763;PROD_49;2;2
ORD_1764;PROD_47;2;1
ORD_1764;PROD_47;3;3
ORD_1764;PROD_14;6;2
ORD_1764;PROD_16;9;3
ORD_1764;PROD_17;2;4
ORD_1764;PROD_12;9;2
ORD_1764;PROD_28;3;1
ORD_1764;PROD_17;1;3
ORD_1764;PROD_7;9;1
ORD_1764;PROD_10;2;3
ORD_1764;PROD_49;9;4
ORD_1764;PROD_6;7;1
ORD_1764;PROD_25;8;5
ORD_1764;PROD_32;7;1
ORD_1764;PROD_36;9;5
ORD_1765;PROD_31;3;4
ORD_1765;PROD_3;1;1
ORD_1765;PROD_11;2;2
ORD_1765;PROD_31;1;5
ORD_1765;PROD_30;3;3
ORD_1765;PROD_12;5;5
ORD_1765;PROD_48;8;5
ORD_1765;PROD_4;4;1
ORD_1765;PROD_18;1;1
ORD_1765;PROD_6;4;5
ORD_1765;PROD_14;1;3
ORD_1765;PROD_40;7;3
ORD_1765;PROD_24;2;4
ORD_1765;PROD_50;6;3
ORD_1766;PROD_11;6;1
ORD_1766;PROD_45;5;2
ORD_1766;PROD_35;5;4
ORD_1766;PROD_25;3;5
ORD_1766;PROD_22;1;5
ORD_1766;PROD_7;6;2
ORD_1766;PROD_6;9;3
ORD_1766;PROD_42;4;4
ORD_1766;PROD_21;7;4
ORD_1766;PROD_38;2;2
ORD_1766;PROD_6;7;1
ORD_1766;PROD_12;3;5
ORD_1766;PROD_4;9;3
ORD_1767;PROD_9;3;2
ORD_1767;PROD_12;8;3
ORD_1767;PROD_20;3;2
ORD_1767;PROD_33;2;1
ORD_1767;PROD_7;5;5
ORD_1767;PROD_29;9;5
ORD_1767;PROD_30;7;4
ORD_1767;PROD_50;7;5
ORD_1767;PROD_14;5;3
ORD_1767;PROD_1;6;1
ORD_1768;PROD_44;3;2
ORD_1768;PROD_37;8;3
ORD_1768;PROD_3;9;4
ORD_1768;PROD_7;9;5
ORD_1768;PROD_14;2;5
ORD_1768;PROD_8;7;1
ORD_1768;PROD_2;2;5
ORD_1768;PROD_19;9;4
ORD_1769;PROD_50;9;1
ORD_1769;PROD_34;7;1
ORD_1769;PROD_38;6;2
ORD_1769;PROD_14;4;3
ORD_1769;PROD_26;8;3
ORD_1769;PROD_23;5;1
ORD_1769;PROD_10;7;1
ORD_1769;PROD_38;1;3
ORD_1769;PROD_48;3;2
ORD_1770;PROD_6;3;1
ORD_1770;PROD_24;1;3
ORD_1770;PROD_36;7;3
ORD_1770;PROD_9;1;1
ORD_1770;PROD_4;3;2
ORD_1770;PROD_25;6;4
ORD_1770;PROD_9;8;1
ORD_1770;PROD_37;1;2
ORD_1770;PROD_31;8;3
ORD_1770;PROD_37;8;2
ORD_1770;PROD_40;1;2
ORD_1770;PROD_22;5;5
ORD_1771;PROD_31;7;2
ORD_1771;PROD_5;1;1
ORD_1771;PROD_38;5;3
ORD_1771;PROD_27;4;3
ORD_1771;PROD_3;3;4
ORD_1771;PROD_29;7;5
ORD_1771;PROD_2;9;1
ORD_1771;PROD_35;4;1
ORD_1771;PROD_32;7;1
ORD_1771;PROD_24;5;4
ORD_1771;PROD_6;3;1
ORD_1771;PROD_12;2;2
ORD_1772;PROD_42;6;3
ORD_1772;PROD_14;6;3
ORD_1772;PROD_25;4;2
ORD_1772;PROD_37;8;2
ORD_1772;PROD_42;9;1
ORD_1772;PROD_34;5;5
ORD_1772;PROD_11;3;4
ORD_1772;PROD_35;7;2
ORD_1772;PROD_24;2;2
ORD_1773;PROD_41;8;1
ORD_1773;PROD_1;8;3
ORD_1773;PROD_26;3;5
ORD_1773;PROD_31;1;2
ORD_1773;PROD_8;4;3
ORD_1773;PROD_19;2;2
ORD_1774;PROD_33;6;5
ORD_1774;PROD_5;4;1
ORD_1774;PROD_46;5;2
ORD_1774;PROD_30;4;4
ORD_1774;PROD_13;5;4
ORD_1774;PROD_38;9;1
ORD_1774;PROD_20;5;2
ORD_1774;PROD_32;1;2
ORD_1775;PROD_6;8;4
ORD_1775;PROD_24;4;3
ORD_1775;PROD_47;6;3
ORD_1775;PROD_44;3;5
ORD_1775;PROD_27;7;1
ORD_1776;PROD_9;9;5
ORD_1776;PROD_12;9;4
ORD_1776;PROD_20;1;5
ORD_1776;PROD_33;2;2
ORD_1776;PROD_7;7;4
ORD_1776;PROD_18;9;4
ORD_1777;PROD_5;3;3
ORD_1777;PROD_42;1;2
ORD_1777;PROD_10;4;4
ORD_1777;PROD_42;6;2
ORD_1777;PROD_11;1;4
ORD_1777;PROD_23;9;1
ORD_1778;PROD_21;3;4
ORD_1778;PROD_21;7;1
ORD_1778;PROD_26;1;4
ORD_1778;PROD_11;6;2
ORD_1778;PROD_21;3;5
ORD_1778;PROD_42;3;4
ORD_1778;PROD_27;3;4
ORD_1779;PROD_45;6;1
ORD_1779;PROD_43;6;4
ORD_1779;PROD_30;8;3
ORD_1779;PROD_44;5;4
ORD_1779;PROD_21;6;4
ORD_1779;PROD_22;2;5
ORD_1779;PROD_30;2;1
ORD_1780;PROD_3;3;2
ORD_1780;PROD_21;3;2
ORD_1780;PROD_13;6;5
ORD_1780;PROD_12;4;5
ORD_1780;PROD_8;2;1
ORD_1781;PROD_40;9;1
ORD_1781;PROD_45;8;3
ORD_1781;PROD_27;8;1
ORD_1781;PROD_30;9;1
ORD_1781;PROD_37;8;3
ORD_1781;PROD_22;1;3
ORD_1781;PROD_8;9;4
ORD_1781;PROD_18;4;2
ORD_1781;PROD_8;7;3
ORD_1782;PROD_21;7;5
ORD_1782;PROD_45;4;3
ORD_1782;PROD_24;6;1
ORD_1782;PROD_30;1;1
ORD_1782;PROD_37;7;4
ORD_1782;PROD_2;5;4
ORD_1782;PROD_44;8;2
ORD_1782;PROD_48;1;5
ORD_1782;PROD_25;8;5
ORD_1782;PROD_4;5;2
ORD_1782;PROD_13;7;2
ORD_1782;PROD_9;2;4
ORD_1782;PROD_6;7;5
ORD_1783;PROD_21;6;3
ORD_1783;PROD_10;9;2
ORD_1783;PROD_17;2;3
ORD_1783;PROD_44;2;5
ORD_1783;PROD_30;8;4
ORD_1784;PROD_17;3;2
ORD_1784;PROD_22;9;4
ORD_1784;PROD_7;4;1
ORD_1784;PROD_12;2;3
ORD_1784;PROD_50;1;5
ORD_1784;PROD_9;3;5
ORD_1784;PROD_10;2;4
ORD_1784;PROD_43;8;2
ORD_1784;PROD_6;6;1
ORD_1784;PROD_37;4;5
ORD_1784;PROD_47;6;2
ORD_1785;PROD_27;8;3
ORD_1785;PROD_15;4;3
ORD_1785;PROD_16;8;3
ORD_1785;PROD_47;8;1
ORD_1785;PROD_35;2;4
ORD_1785;PROD_33;6;3
ORD_1785;PROD_18;2;5
ORD_1786;PROD_25;6;4
ORD_1786;PROD_6;8;4
ORD_1786;PROD_5;2;5
ORD_1786;PROD_38;2;1
ORD_1786;PROD_25;9;4
ORD_1786;PROD_41;2;4
ORD_1786;PROD_23;7;2
ORD_1787;PROD_33;9;2
ORD_1787;PROD_5;6;5
ORD_1787;PROD_46;1;1
ORD_1787;PROD_9;4;4
ORD_1787;PROD_12;3;2
ORD_1787;PROD_20;4;2
ORD_1787;PROD_33;6;2
ORD_1787;PROD_7;5;4
ORD_1787;PROD_14;5;2
ORD_1787;PROD_6;4;1
ORD_1787;PROD_14;4;5
ORD_1788;PROD_9;7;3
ORD_1788;PROD_12;2;3
ORD_1788;PROD_20;9;1
ORD_1788;PROD_33;8;3
ORD_1788;PROD_7;5;2
ORD_1788;PROD_44;2;2
ORD_1788;PROD_41;6;4
ORD_1788;PROD_33;1;4
ORD_1789;PROD_2;8;1
ORD_1789;PROD_36;9;5
ORD_1789;PROD_1;1;5
ORD_1789;PROD_50;3;2
ORD_1789;PROD_23;4;5
ORD_1789;PROD_21;9;3
ORD_1789;PROD_45;7;5
ORD_1789;PROD_24;6;2
ORD_1789;PROD_30;5;2
ORD_1789;PROD_37;1;4
ORD_1790;PROD_34;5;4
ORD_1790;PROD_7;2;2
ORD_1790;PROD_8;6;4
ORD_1790;PROD_27;1;1
ORD_1790;PROD_35;1;1
ORD_1790;PROD_39;6;5
ORD_1790;PROD_21;9;1
ORD_1790;PROD_7;3;2
ORD_1790;PROD_25;5;2
ORD_1790;PROD_45;4;3
ORD_1790;PROD_43;5;5
ORD_1790;PROD_37;6;4
ORD_1791;PROD_49;9;5
ORD_1791;PROD_32;1;4
ORD_1791;PROD_40;6;1
ORD_1791;PROD_6;6;5
ORD_1791;PROD_10;9;2
ORD_1791;PROD_18;1;5
ORD_1792;PROD_9;7;4
ORD_1792;PROD_12;9;2
ORD_1792;PROD_20;5;5
ORD_1792;PROD_33;3;1
ORD_1792;PROD_7;8;1
ORD_1792;PROD_41;8;1
ORD_1793;PROD_37;5;2
ORD_1793;PROD_41;4;4
ORD_1793;PROD_28;5;1
ORD_1793;PROD_1;7;5
ORD_1793;PROD_19;9;4
ORD_1793;PROD_40;7;5
ORD_1793;PROD_32;5;4
ORD_1793;PROD_31;6;3
ORD_1793;PROD_2;5;1
ORD_1793;PROD_41;2;4
ORD_1793;PROD_50;1;3
ORD_1794;PROD_9;6;1
ORD_1794;PROD_1;2;2
ORD_1794;PROD_48;1;5
ORD_1794;PROD_41;8;2
ORD_1794;PROD_13;9;1
ORD_1795;PROD_33;6;1
ORD_1795;PROD_5;5;1
ORD_1795;PROD_46;3;1
ORD_1795;PROD_29;3;2
ORD_1795;PROD_30;2;2
ORD_1795;PROD_50;5;5
ORD_1795;PROD_14;4;5
ORD_1795;PROD_1;1;4
ORD_1795;PROD_21;3;4
ORD_1795;PROD_45;6;2
ORD_1796;PROD_25;5;3
ORD_1796;PROD_42;4;1
ORD_1796;PROD_29;8;5
ORD_1796;PROD_49;6;1
ORD_1796;PROD_3;9;4
ORD_1797;PROD_12;9;3
ORD_1797;PROD_15;2;2
ORD_1797;PROD_50;5;3
ORD_1797;PROD_22;1;1
ORD_1797;PROD_21;4;5
ORD_1797;PROD_30;3;1
ORD_1797;PROD_41;7;5
ORD_1797;PROD_32;4;5
ORD_1798;PROD_13;2;4
ORD_1798;PROD_17;2;1
ORD_1798;PROD_1;6;3
ORD_1798;PROD_27;9;1
ORD_1798;PROD_10;2;5
ORD_1798;PROD_5;5;5
ORD_1798;PROD_4;6;4
ORD_1798;PROD_35;3;3
ORD_1799;PROD_33;7;3
ORD_1799;PROD_5;2;5
ORD_1799;PROD_46;9;4
ORD_1799;PROD_27;7;2
ORD_1799;PROD_41;6;1
ORD_1800;PROD_12;8;1
ORD_1800;PROD_15;9;2
ORD_1800;PROD_9;8;3
ORD_1800;PROD_1;1;4
ORD_1800;PROD_48;2;2
ORD_1800;PROD_41;2;5
ORD_1801;PROD_9;8;4
ORD_1801;PROD_12;7;3
ORD_1801;PROD_20;1;1
ORD_1801;PROD_33;5;5
ORD_1801;PROD_7;4;4
ORD_1801;PROD_16;7;5
ORD_1801;PROD_27;9;4
ORD_1801;PROD_19;7;4
ORD_1801;PROD_3;2;1
ORD_1801;PROD_28;3;2
ORD_1801;PROD_26;2;1
ORD_1802;PROD_39;8;3
ORD_1802;PROD_38;4;5
ORD_1802;PROD_19;8;3
ORD_1802;PROD_43;4;2
ORD_1802;PROD_31;1;3
ORD_1802;PROD_48;4;5
ORD_1802;PROD_48;6;3
ORD_1802;PROD_1;5;1
ORD_1802;PROD_32;6;4
ORD_1802;PROD_10;8;3
ORD_1802;PROD_48;5;5
ORD_1802;PROD_2;1;5
ORD_1802;PROD_37;5;2
ORD_1802;PROD_16;6;3
ORD_1802;PROD_39;3;2
ORD_1803;PROD_13;4;3
ORD_1803;PROD_17;3;5
ORD_1803;PROD_1;1;1
ORD_1803;PROD_27;5;1
ORD_1803;PROD_9;2;3
ORD_1803;PROD_12;5;3
ORD_1803;PROD_20;9;2
ORD_1803;PROD_33;2;1
ORD_1803;PROD_7;2;4
ORD_1803;PROD_33;8;1
ORD_1803;PROD_5;2;2
ORD_1803;PROD_46;2;2
ORD_1803;PROD_10;4;1
ORD_1803;PROD_33;1;4
ORD_1803;PROD_40;7;3
ORD_1804;PROD_3;3;4
ORD_1804;PROD_49;5;4
ORD_1804;PROD_19;2;4
ORD_1804;PROD_7;5;3
ORD_1804;PROD_36;2;2
ORD_1804;PROD_9;3;3
ORD_1804;PROD_13;5;3
ORD_1804;PROD_17;4;2
ORD_1804;PROD_1;6;3
ORD_1804;PROD_27;4;3
ORD_1804;PROD_38;5;1
ORD_1804;PROD_7;1;5
ORD_1804;PROD_21;6;4
ORD_1804;PROD_41;6;1
ORD_1805;PROD_13;4;2
ORD_1805;PROD_17;7;1
ORD_1805;PROD_1;4;4
ORD_1805;PROD_27;2;4
ORD_1805;PROD_6;9;4
ORD_1805;PROD_24;1;3
ORD_1805;PROD_36;8;4
ORD_1805;PROD_30;7;3
ORD_1805;PROD_32;8;4
ORD_1805;PROD_4;4;1
ORD_1805;PROD_14;9;2
ORD_1805;PROD_48;3;1
ORD_1805;PROD_48;3;5
ORD_1805;PROD_42;8;5
ORD_1806;PROD_3;5;4
ORD_1806;PROD_49;5;3
ORD_1806;PROD_19;2;5
ORD_1806;PROD_7;5;4
ORD_1806;PROD_35;7;5
ORD_1806;PROD_16;6;1
ORD_1806;PROD_27;8;2
ORD_1806;PROD_50;9;1
ORD_1806;PROD_24;1;2
ORD_1806;PROD_3;6;5
ORD_1806;PROD_17;1;1
ORD_1807;PROD_36;3;5
ORD_1807;PROD_9;8;2
ORD_1807;PROD_3;1;5
ORD_1807;PROD_49;9;1
ORD_1807;PROD_19;7;5
ORD_1807;PROD_7;5;1
ORD_1808;PROD_2;3;5
ORD_1808;PROD_36;3;2
ORD_1808;PROD_1;5;5
ORD_1808;PROD_50;5;1
ORD_1808;PROD_23;3;4
ORD_1808;PROD_44;3;4
ORD_1808;PROD_33;2;3
ORD_1808;PROD_25;4;4
ORD_1808;PROD_11;7;5
ORD_1808;PROD_35;7;1
ORD_1808;PROD_21;9;2
ORD_1808;PROD_16;1;2
ORD_1809;PROD_12;5;2
ORD_1809;PROD_44;6;2
ORD_1809;PROD_22;8;3
ORD_1809;PROD_45;6;2
ORD_1809;PROD_39;5;5
ORD_1809;PROD_1;9;3
ORD_1809;PROD_40;3;3
ORD_1809;PROD_32;7;1
ORD_1809;PROD_36;7;4
ORD_1809;PROD_41;6;2
ORD_1810;PROD_8;7;2
ORD_1810;PROD_46;3;4
ORD_1810;PROD_9;2;5
ORD_1810;PROD_50;1;5
ORD_1810;PROD_25;2;2
ORD_1810;PROD_39;8;3
ORD_1810;PROD_30;8;3
ORD_1810;PROD_49;6;3
ORD_1810;PROD_17;7;3
ORD_1811;PROD_10;2;2
ORD_1811;PROD_5;1;3
ORD_1811;PROD_4;5;3
ORD_1811;PROD_35;8;5
ORD_1811;PROD_21;4;4
ORD_1811;PROD_45;3;5
ORD_1811;PROD_24;8;3
ORD_1811;PROD_30;1;2
ORD_1811;PROD_37;3;3
ORD_1811;PROD_25;4;3
ORD_1811;PROD_6;8;1
ORD_1811;PROD_5;1;2
ORD_1811;PROD_32;5;3
ORD_1811;PROD_14;3;5
ORD_1812;PROD_31;2;2
ORD_1812;PROD_5;1;2
ORD_1812;PROD_23;1;3
ORD_1812;PROD_46;5;3
ORD_1812;PROD_46;5;3
ORD_1812;PROD_18;4;1
ORD_1812;PROD_14;7;1
ORD_1812;PROD_24;8;4
ORD_1812;PROD_25;8;1
ORD_1812;PROD_20;9;2
ORD_1812;PROD_42;6;2
ORD_1813;PROD_18;7;4
ORD_1813;PROD_15;8;5
ORD_1813;PROD_6;7;3
ORD_1813;PROD_37;7;3
ORD_1813;PROD_35;1;1
ORD_1813;PROD_28;2;2
ORD_1813;PROD_16;9;1
ORD_1813;PROD_48;3;1
ORD_1813;PROD_26;7;1
ORD_1813;PROD_15;3;2
ORD_1813;PROD_16;8;1
ORD_1813;PROD_45;8;2
ORD_1814;PROD_4;1;5
ORD_1814;PROD_42;4;3
ORD_1814;PROD_24;5;5
ORD_1814;PROD_25;5;4
ORD_1814;PROD_25;9;3
ORD_1814;PROD_18;9;3
ORD_1815;PROD_41;2;4
ORD_1815;PROD_36;2;4
ORD_1815;PROD_38;2;4
ORD_1815;PROD_46;7;4
ORD_1815;PROD_30;4;3
ORD_1815;PROD_13;5;5
ORD_1815;PROD_47;3;5
ORD_1815;PROD_48;8;2
ORD_1815;PROD_46;5;1
ORD_1815;PROD_10;9;5
ORD_1815;PROD_24;6;5
ORD_1815;PROD_23;4;4
ORD_1815;PROD_16;8;2
ORD_1815;PROD_14;2;2
ORD_1816;PROD_41;6;5
ORD_1816;PROD_1;5;3
ORD_1816;PROD_16;7;3
ORD_1816;PROD_27;9;3
ORD_1816;PROD_27;2;3
ORD_1816;PROD_6;7;4
ORD_1816;PROD_45;5;3
ORD_1816;PROD_13;6;5
ORD_1816;PROD_26;2;5
ORD_1816;PROD_47;5;3
ORD_1816;PROD_29;9;3
ORD_1816;PROD_10;4;3
ORD_1817;PROD_18;8;1
ORD_1817;PROD_7;5;5
ORD_1817;PROD_17;3;4
ORD_1817;PROD_3;7;2
ORD_1817;PROD_35;7;3
ORD_1817;PROD_13;1;5
ORD_1817;PROD_4;2;2
ORD_1817;PROD_48;8;3
ORD_1817;PROD_10;4;5
ORD_1817;PROD_9;5;2
ORD_1817;PROD_39;3;2
ORD_1817;PROD_18;3;5
ORD_1817;PROD_32;7;4
ORD_1818;PROD_13;9;5
ORD_1818;PROD_17;7;5
ORD_1818;PROD_1;7;5
ORD_1818;PROD_27;2;4
ORD_1818;PROD_25;8;4
ORD_1818;PROD_11;2;5
ORD_1818;PROD_50;7;5
ORD_1818;PROD_20;2;1
ORD_1818;PROD_27;6;5
ORD_1818;PROD_21;4;3
ORD_1818;PROD_8;8;4
ORD_1818;PROD_13;1;2
ORD_1818;PROD_36;9;2
ORD_1819;PROD_39;5;3
ORD_1819;PROD_16;2;5
ORD_1819;PROD_49;8;4
ORD_1819;PROD_2;5;3
ORD_1819;PROD_4;2;3
ORD_1819;PROD_50;8;3
ORD_1819;PROD_45;2;5
ORD_1819;PROD_29;2;1
ORD_1819;PROD_20;5;2
ORD_1819;PROD_43;6;3
ORD_1820;PROD_13;9;5
ORD_1820;PROD_17;5;4
ORD_1820;PROD_1;9;1
ORD_1820;PROD_27;6;2
ORD_1820;PROD_33;9;2
ORD_1820;PROD_5;2;1
ORD_1820;PROD_46;2;1
ORD_1821;PROD_23;2;3
ORD_1821;PROD_11;1;3
ORD_1821;PROD_38;3;5
ORD_1821;PROD_1;2;5
ORD_1821;PROD_23;2;5
ORD_1821;PROD_49;3;2
ORD_1821;PROD_39;1;2
ORD_1821;PROD_5;1;5
ORD_1821;PROD_6;3;1
ORD_1822;PROD_1;1;2
ORD_1822;PROD_2;2;4
ORD_1822;PROD_15;1;1
ORD_1822;PROD_40;6;2
ORD_1822;PROD_21;1;1
ORD_1822;PROD_24;1;4
ORD_1822;PROD_34;1;3
ORD_1822;PROD_44;8;3
ORD_1822;PROD_2;9;5
ORD_1822;PROD_1;3;1
ORD_1822;PROD_9;1;1
ORD_1823;PROD_9;7;2
ORD_1823;PROD_1;7;3
ORD_1823;PROD_48;2;4
ORD_1823;PROD_41;5;3
ORD_1823;PROD_9;4;2
ORD_1824;PROD_26;1;5
ORD_1824;PROD_19;3;4
ORD_1824;PROD_25;3;2
ORD_1824;PROD_26;2;2
ORD_1824;PROD_44;1;3
ORD_1824;PROD_37;7;2
ORD_1824;PROD_43;4;4
ORD_1824;PROD_39;4;4
ORD_1824;PROD_13;7;2
ORD_1824;PROD_26;8;1
ORD_1824;PROD_48;1;5
ORD_1824;PROD_33;3;3
ORD_1824;PROD_48;4;3
ORD_1824;PROD_34;3;1
ORD_1824;PROD_6;8;5
ORD_1825;PROD_43;9;2
ORD_1825;PROD_35;3;4
ORD_1825;PROD_27;1;4
ORD_1825;PROD_48;6;3
ORD_1825;PROD_8;8;3
ORD_1825;PROD_38;1;4
ORD_1825;PROD_26;3;3
ORD_1825;PROD_36;2;3
ORD_1825;PROD_7;6;2
ORD_1825;PROD_24;7;5
ORD_1825;PROD_47;4;2
ORD_1826;PROD_29;7;3
ORD_1826;PROD_7;8;5
ORD_1826;PROD_5;2;3
ORD_1826;PROD_11;9;1
ORD_1826;PROD_46;4;2
ORD_1826;PROD_44;7;1
ORD_1826;PROD_50;7;3
ORD_1826;PROD_30;3;4
ORD_1826;PROD_49;8;3
ORD_1826;PROD_39;3;1
ORD_1826;PROD_44;8;4
ORD_1826;PROD_45;6;2
ORD_1827;PROD_3;7;5
ORD_1827;PROD_41;7;5
ORD_1827;PROD_14;8;5
ORD_1827;PROD_15;9;1
ORD_1827;PROD_14;9;3
ORD_1827;PROD_38;2;2
ORD_1828;PROD_3;1;3
ORD_1828;PROD_7;8;1
ORD_1828;PROD_50;2;4
ORD_1828;PROD_47;4;1
ORD_1828;PROD_21;7;4
ORD_1828;PROD_31;5;3
ORD_1828;PROD_47;5;4
ORD_1828;PROD_36;9;1
ORD_1828;PROD_26;6;2
ORD_1828;PROD_29;4;4
ORD_1828;PROD_34;9;4
ORD_1828;PROD_25;5;5
ORD_1829;PROD_43;5;4
ORD_1829;PROD_22;7;4
ORD_1829;PROD_47;5;1
ORD_1829;PROD_31;1;3
ORD_1829;PROD_3;5;3
ORD_1829;PROD_21;8;4
ORD_1829;PROD_31;5;3
ORD_1829;PROD_30;1;5
ORD_1829;PROD_16;6;5
ORD_1829;PROD_50;9;4
ORD_1829;PROD_47;8;2
ORD_1829;PROD_37;6;2
ORD_1829;PROD_19;6;5
ORD_1829;PROD_7;9;5
ORD_1829;PROD_42;6;2
ORD_1830;PROD_42;3;1
ORD_1830;PROD_23;7;4
ORD_1830;PROD_35;2;1
ORD_1830;PROD_43;4;2
ORD_1830;PROD_41;2;5
ORD_1830;PROD_44;3;4
ORD_1830;PROD_25;3;2
ORD_1831;PROD_13;4;5
ORD_1831;PROD_17;9;5
ORD_1831;PROD_1;4;3
ORD_1831;PROD_27;8;1
ORD_1831;PROD_16;8;5
ORD_1831;PROD_27;5;4
ORD_1832;PROD_36;2;4
ORD_1832;PROD_9;7;3
ORD_1832;PROD_31;8;2
ORD_1832;PROD_5;2;5
ORD_1832;PROD_2;7;1
ORD_1832;PROD_36;3;3
ORD_1832;PROD_1;9;4
ORD_1832;PROD_50;7;2
ORD_1832;PROD_23;9;3
ORD_1833;PROD_20;5;5
ORD_1833;PROD_5;1;1
ORD_1833;PROD_33;1;4
ORD_1833;PROD_38;7;3
ORD_1833;PROD_25;9;1
ORD_1833;PROD_11;6;3
ORD_1833;PROD_48;2;3
ORD_1833;PROD_28;6;4
ORD_1834;PROD_6;7;4
ORD_1834;PROD_9;6;5
ORD_1834;PROD_13;7;1
ORD_1834;PROD_8;7;4
ORD_1834;PROD_25;5;5
ORD_1834;PROD_34;1;4
ORD_1834;PROD_50;9;3
ORD_1834;PROD_20;1;2
ORD_1834;PROD_42;3;1
ORD_1834;PROD_22;4;3
ORD_1834;PROD_32;5;3
ORD_1834;PROD_43;5;1
ORD_1835;PROD_12;6;4
ORD_1835;PROD_47;7;1
ORD_1835;PROD_6;6;1
ORD_1835;PROD_23;2;3
ORD_1835;PROD_13;6;3
ORD_1835;PROD_4;9;5
ORD_1835;PROD_9;2;2
ORD_1835;PROD_18;1;2
ORD_1835;PROD_45;1;2
ORD_1835;PROD_7;5;4
ORD_1835;PROD_10;2;4
ORD_1836;PROD_12;4;3
ORD_1836;PROD_15;5;5
ORD_1836;PROD_9;6;4
ORD_1836;PROD_1;9;1
ORD_1836;PROD_48;3;3
ORD_1836;PROD_41;3;2
ORD_1836;PROD_36;8;4
ORD_1836;PROD_9;5;2
ORD_1836;PROD_4;2;5
ORD_1836;PROD_50;4;2
ORD_1836;PROD_23;2;5
ORD_1836;PROD_8;4;5
ORD_1836;PROD_20;3;1
ORD_1836;PROD_33;2;3
ORD_1836;PROD_20;5;3
ORD_1837;PROD_31;2;5
ORD_1837;PROD_5;6;1
ORD_1837;PROD_19;7;4
ORD_1837;PROD_3;6;5
ORD_1837;PROD_28;5;2
ORD_1837;PROD_48;1;5
ORD_1837;PROD_34;4;5
ORD_1837;PROD_33;9;2
ORD_1837;PROD_43;9;5
ORD_1837;PROD_40;9;4
ORD_1837;PROD_12;5;4
ORD_1838;PROD_36;5;2
ORD_1838;PROD_9;4;2
ORD_1838;PROD_4;8;2
ORD_1838;PROD_12;8;3
ORD_1838;PROD_49;3;5
ORD_1838;PROD_16;8;5
ORD_1838;PROD_23;1;5
ORD_1838;PROD_50;1;4
ORD_1838;PROD_23;4;3
ORD_1839;PROD_14;9;1
ORD_1839;PROD_10;3;4
ORD_1839;PROD_18;6;1
ORD_1839;PROD_48;7;4
ORD_1839;PROD_6;9;4
ORD_1839;PROD_33;6;1
ORD_1839;PROD_41;4;5
ORD_1839;PROD_29;2;3
ORD_1839;PROD_16;4;4
ORD_1839;PROD_16;7;5
ORD_1839;PROD_33;8;2
ORD_1839;PROD_26;8;4
ORD_1839;PROD_6;5;5
ORD_1839;PROD_44;2;5
ORD_1839;PROD_50;3;5
ORD_1840;PROD_9;1;1
ORD_1840;PROD_12;7;5
ORD_1840;PROD_20;3;3
ORD_1840;PROD_33;8;4
ORD_1840;PROD_7;4;4
ORD_1840;PROD_42;3;4
ORD_1840;PROD_12;9;1
ORD_1840;PROD_49;9;2
ORD_1840;PROD_17;8;4
ORD_1840;PROD_50;2;3
ORD_1840;PROD_37;5;2
ORD_1840;PROD_25;9;1
ORD_1841;PROD_13;7;5
ORD_1841;PROD_17;4;4
ORD_1841;PROD_1;8;3
ORD_1841;PROD_27;2;5
ORD_1841;PROD_28;9;5
ORD_1841;PROD_42;6;2
ORD_1841;PROD_28;8;5
ORD_1841;PROD_14;7;4
ORD_1841;PROD_21;1;2
ORD_1841;PROD_50;6;2
ORD_1842;PROD_28;8;4
ORD_1842;PROD_31;9;1
ORD_1842;PROD_24;4;4
ORD_1842;PROD_36;7;1
ORD_1842;PROD_37;8;2
ORD_1843;PROD_38;3;4
ORD_1843;PROD_5;5;2
ORD_1843;PROD_22;3;3
ORD_1843;PROD_2;5;5
ORD_1843;PROD_21;7;5
ORD_1843;PROD_47;2;2
ORD_1843;PROD_10;1;5
ORD_1843;PROD_15;2;5
ORD_1843;PROD_35;1;5
ORD_1843;PROD_25;2;2
ORD_1843;PROD_25;2;1
ORD_1843;PROD_17;1;2
ORD_1843;PROD_24;6;4
ORD_1843;PROD_8;4;1
ORD_1843;PROD_26;6;2
ORD_1844;PROD_16;4;2
ORD_1844;PROD_27;5;1
ORD_1844;PROD_29;4;2
ORD_1844;PROD_30;7;5
ORD_1844;PROD_50;2;3
ORD_1844;PROD_14;8;4
ORD_1844;PROD_1;4;3
ORD_1844;PROD_44;8;4
ORD_1844;PROD_33;2;2
ORD_1844;PROD_18;4;5
ORD_1844;PROD_44;2;5
ORD_1844;PROD_46;8;2
ORD_1844;PROD_41;7;4
ORD_1845;PROD_27;1;2
ORD_1845;PROD_5;2;2
ORD_1845;PROD_4;7;1
ORD_1845;PROD_14;2;5
ORD_1845;PROD_28;9;4
ORD_1845;PROD_1;8;1
ORD_1845;PROD_12;4;1
ORD_1846;PROD_7;9;3
ORD_1846;PROD_39;8;4
ORD_1846;PROD_49;9;3
ORD_1846;PROD_7;9;1
ORD_1846;PROD_42;3;1
ORD_1846;PROD_38;7;3
ORD_1846;PROD_14;7;5
ORD_1846;PROD_27;2;5
ORD_1846;PROD_10;9;5
ORD_1846;PROD_31;9;1
ORD_1846;PROD_4;2;4
ORD_1846;PROD_2;1;4
ORD_1847;PROD_29;8;5
ORD_1847;PROD_30;5;2
ORD_1847;PROD_50;2;3
ORD_1847;PROD_14;3;1
ORD_1847;PROD_1;4;2
ORD_1847;PROD_34;4;5
ORD_1847;PROD_32;1;4
ORD_1847;PROD_9;8;5
ORD_1847;PROD_37;1;1
ORD_1847;PROD_25;1;3
ORD_1847;PROD_47;9;5
ORD_1847;PROD_37;8;4
ORD_1847;PROD_36;7;2
ORD_1847;PROD_30;6;5
ORD_1847;PROD_23;4;4
ORD_1848;PROD_15;8;1
ORD_1848;PROD_25;7;2
ORD_1848;PROD_1;7;3
ORD_1848;PROD_48;1;3
ORD_1848;PROD_43;3;1
ORD_1848;PROD_47;5;5
ORD_1848;PROD_4;7;5
ORD_1848;PROD_18;6;4
ORD_1848;PROD_18;7;4
ORD_1848;PROD_45;9;1
ORD_1849;PROD_12;2;3
ORD_1849;PROD_15;5;4
ORD_1849;PROD_44;3;2
ORD_1849;PROD_33;5;3
ORD_1849;PROD_9;5;2
ORD_1849;PROD_1;2;5
ORD_1849;PROD_48;2;4
ORD_1849;PROD_41;2;3
ORD_1850;PROD_29;1;2
ORD_1850;PROD_30;2;2
ORD_1850;PROD_50;3;1
ORD_1850;PROD_14;8;3
ORD_1850;PROD_1;3;4
ORD_1850;PROD_47;8;1
ORD_1850;PROD_44;8;4
ORD_1850;PROD_9;6;2
ORD_1850;PROD_1;3;2
ORD_1850;PROD_48;2;4
ORD_1850;PROD_41;2;3
ORD_1850;PROD_50;6;5
ORD_1850;PROD_47;5;3
ORD_1850;PROD_8;8;4
ORD_1851;PROD_29;9;5
ORD_1851;PROD_30;4;4
ORD_1851;PROD_50;7;3
ORD_1851;PROD_14;1;1
ORD_1851;PROD_1;6;1
ORD_1851;PROD_10;6;1
ORD_1851;PROD_5;5;5
ORD_1851;PROD_4;8;1
ORD_1852;PROD_22;2;5
ORD_1852;PROD_33;9;3
ORD_1852;PROD_12;7;2
ORD_1852;PROD_4;2;2
ORD_1852;PROD_35;1;2
ORD_1852;PROD_26;1;4
ORD_1852;PROD_28;8;4
ORD_1852;PROD_24;3;2
ORD_1853;PROD_23;8;3
ORD_1853;PROD_23;5;4
ORD_1853;PROD_16;7;1
ORD_1853;PROD_25;2;4
ORD_1853;PROD_33;1;4
ORD_1854;PROD_46;1;4
ORD_1854;PROD_22;8;3
ORD_1854;PROD_32;8;4
ORD_1854;PROD_12;9;3
ORD_1854;PROD_22;6;2
ORD_1854;PROD_35;6;1
ORD_1854;PROD_36;1;2
ORD_1854;PROD_46;5;5
ORD_1854;PROD_16;9;5
ORD_1854;PROD_24;3;3
ORD_1854;PROD_4;1;5
ORD_1854;PROD_3;2;2
ORD_1855;PROD_30;7;2
ORD_1855;PROD_13;1;5
ORD_1855;PROD_38;9;1
ORD_1855;PROD_47;2;2
ORD_1855;PROD_44;5;5
ORD_1855;PROD_9;1;5
ORD_1855;PROD_12;8;2
ORD_1855;PROD_20;9;3
ORD_1855;PROD_33;1;5
ORD_1855;PROD_7;8;1
ORD_1855;PROD_10;6;1
ORD_1856;PROD_13;2;5
ORD_1856;PROD_37;2;4
ORD_1856;PROD_41;3;2
ORD_1856;PROD_6;3;1
ORD_1856;PROD_50;8;2
ORD_1856;PROD_31;2;2
ORD_1856;PROD_35;3;4
ORD_1856;PROD_45;8;1
ORD_1856;PROD_39;4;1
ORD_1856;PROD_32;3;4
ORD_1856;PROD_13;3;5
ORD_1856;PROD_19;5;4
ORD_1856;PROD_12;6;2
ORD_1857;PROD_19;7;1
ORD_1857;PROD_3;2;4
ORD_1857;PROD_28;9;1
ORD_1857;PROD_29;8;3
ORD_1857;PROD_30;9;2
ORD_1858;PROD_13;5;2
ORD_1858;PROD_10;9;1
ORD_1858;PROD_20;8;4
ORD_1858;PROD_5;4;1
ORD_1858;PROD_9;7;1
ORD_1858;PROD_32;9;5
ORD_1858;PROD_8;4;1
ORD_1858;PROD_12;2;3
ORD_1858;PROD_9;6;4
ORD_1858;PROD_15;8;4
ORD_1858;PROD_20;2;2
ORD_1858;PROD_5;4;5
ORD_1858;PROD_37;5;1
ORD_1859;PROD_44;8;3
ORD_1859;PROD_33;3;1
ORD_1859;PROD_14;2;5
ORD_1859;PROD_21;7;3
ORD_1859;PROD_11;4;1
ORD_1859;PROD_24;5;1
ORD_1859;PROD_41;7;2
ORD_1859;PROD_18;5;4
ORD_1859;PROD_22;3;1
ORD_1859;PROD_32;8;4
ORD_1859;PROD_32;1;4
ORD_1859;PROD_6;4;3
ORD_1859;PROD_47;2;2
ORD_1859;PROD_43;5;5
ORD_1860;PROD_9;9;2
ORD_1860;PROD_1;8;1
ORD_1860;PROD_48;5;2
ORD_1860;PROD_41;1;5
ORD_1860;PROD_39;2;5
ORD_1860;PROD_6;4;4
ORD_1860;PROD_21;1;5
ORD_1861;PROD_10;6;5
ORD_1861;PROD_5;5;3
ORD_1861;PROD_4;1;3
ORD_1861;PROD_35;8;3
ORD_1861;PROD_2;4;1
ORD_1861;PROD_36;3;2
ORD_1861;PROD_1;5;4
ORD_1861;PROD_50;8;1
ORD_1861;PROD_23;3;2
ORD_1861;PROD_12;6;1
ORD_1861;PROD_49;7;5
ORD_1861;PROD_27;6;3
ORD_1861;PROD_7;7;4
ORD_1861;PROD_43;6;3
ORD_1861;PROD_36;5;4
ORD_1862;PROD_16;3;2
ORD_1862;PROD_21;2;4
ORD_1862;PROD_45;9;2
ORD_1862;PROD_9;4;3
ORD_1862;PROD_12;9;3
ORD_1862;PROD_49;2;4
ORD_1862;PROD_5;7;5
ORD_1862;PROD_45;9;2
ORD_1862;PROD_39;2;5
ORD_1862;PROD_46;9;2
ORD_1862;PROD_2;1;1
ORD_1862;PROD_6;7;2
ORD_1862;PROD_13;2;2
ORD_1863;PROD_6;7;3
ORD_1863;PROD_2;8;4
ORD_1863;PROD_5;1;4
ORD_1863;PROD_6;3;4
ORD_1863;PROD_14;4;3
ORD_1863;PROD_26;8;5
ORD_1864;PROD_46;9;1
ORD_1864;PROD_43;7;1
ORD_1864;PROD_1;5;3
ORD_1864;PROD_37;5;3
ORD_1864;PROD_3;5;2
ORD_1864;PROD_49;8;2
ORD_1864;PROD_50;7;1
ORD_1864;PROD_48;5;2
ORD_1864;PROD_9;5;5
ORD_1864;PROD_21;7;2
ORD_1864;PROD_29;8;1
ORD_1864;PROD_21;2;4
ORD_1865;PROD_19;1;2
ORD_1865;PROD_44;6;5
ORD_1865;PROD_12;9;5
ORD_1865;PROD_36;9;5
ORD_1865;PROD_34;3;5
ORD_1865;PROD_20;2;1
ORD_1865;PROD_48;1;4
ORD_1865;PROD_48;9;3
ORD_1865;PROD_4;2;1
ORD_1865;PROD_9;8;4
ORD_1865;PROD_30;5;2
ORD_1865;PROD_35;4;2
ORD_1865;PROD_7;8;5
ORD_1865;PROD_41;6;2
ORD_1866;PROD_9;6;3
ORD_1866;PROD_12;8;1
ORD_1866;PROD_20;3;3
ORD_1866;PROD_33;7;3
ORD_1866;PROD_7;2;4
ORD_1866;PROD_23;7;2
ORD_1866;PROD_43;7;2
ORD_1866;PROD_44;2;4
ORD_1866;PROD_4;1;5
ORD_1866;PROD_23;4;4
ORD_1866;PROD_20;8;2
ORD_1866;PROD_25;2;4
ORD_1867;PROD_27;6;1
ORD_1867;PROD_41;7;3
ORD_1867;PROD_36;8;1
ORD_1867;PROD_30;4;1
ORD_1867;PROD_39;3;3
ORD_1867;PROD_6;7;3
ORD_1867;PROD_31;5;1
ORD_1867;PROD_43;5;4
ORD_1867;PROD_7;7;5
ORD_1867;PROD_17;4;5
ORD_1867;PROD_5;5;3
ORD_1867;PROD_47;1;1
ORD_1867;PROD_11;9;2
ORD_1868;PROD_38;5;3
ORD_1868;PROD_3;5;5
ORD_1868;PROD_16;8;3
ORD_1868;PROD_25;3;1
ORD_1868;PROD_23;8;3
ORD_1868;PROD_13;7;5
ORD_1868;PROD_31;8;4
ORD_1868;PROD_14;2;5
ORD_1868;PROD_31;1;2
ORD_1868;PROD_24;1;5
ORD_1868;PROD_43;5;1
ORD_1868;PROD_36;6;4
ORD_1868;PROD_5;4;2
ORD_1868;PROD_26;1;2
ORD_1869;PROD_44;5;2
ORD_1869;PROD_23;8;1
ORD_1869;PROD_17;3;4
ORD_1869;PROD_28;9;1
ORD_1869;PROD_12;4;4
ORD_1869;PROD_45;2;1
ORD_1869;PROD_48;2;3
ORD_1869;PROD_22;7;1
ORD_1869;PROD_20;6;2
ORD_1869;PROD_20;1;4
ORD_1869;PROD_11;1;2
ORD_1869;PROD_35;9;2
ORD_1869;PROD_1;3;1
ORD_1869;PROD_44;7;1
ORD_1870;PROD_29;4;2
ORD_1870;PROD_30;6;4
ORD_1870;PROD_50;8;2
ORD_1870;PROD_14;4;2
ORD_1870;PROD_1;7;2
ORD_1870;PROD_47;5;1
ORD_1870;PROD_4;3;5
ORD_1870;PROD_42;7;3
ORD_1870;PROD_28;1;5
ORD_1870;PROD_43;4;1
ORD_1870;PROD_20;7;3
ORD_1870;PROD_34;5;4
ORD_1870;PROD_6;7;3
ORD_1870;PROD_20;8;3
ORD_1870;PROD_12;4;2
ORD_1871;PROD_41;3;4
ORD_1871;PROD_25;7;4
ORD_1871;PROD_18;7;5
ORD_1871;PROD_36;4;5
ORD_1871;PROD_45;4;5
ORD_1871;PROD_30;3;2
ORD_1871;PROD_26;5;4
ORD_1871;PROD_36;5;2
ORD_1872;PROD_1;9;2
ORD_1872;PROD_43;5;3
ORD_1872;PROD_45;7;1
ORD_1872;PROD_49;9;2
ORD_1872;PROD_15;2;3
ORD_1872;PROD_44;3;4
ORD_1872;PROD_38;5;1
ORD_1872;PROD_4;5;5
ORD_1872;PROD_9;4;5
ORD_1873;PROD_40;5;3
ORD_1873;PROD_15;1;2
ORD_1873;PROD_1;9;2
ORD_1873;PROD_32;2;4
ORD_1873;PROD_49;4;5
ORD_1873;PROD_25;7;5
ORD_1874;PROD_19;1;4
ORD_1874;PROD_3;2;4
ORD_1874;PROD_28;7;3
ORD_1874;PROD_36;8;4
ORD_1874;PROD_30;5;3
ORD_1874;PROD_25;6;4
ORD_1874;PROD_33;7;4
ORD_1874;PROD_8;6;5
ORD_1874;PROD_1;8;4
ORD_1874;PROD_19;1;2
ORD_1875;PROD_3;8;1
ORD_1875;PROD_49;7;5
ORD_1875;PROD_19;6;3
ORD_1875;PROD_7;4;3
ORD_1875;PROD_41;4;2
ORD_1875;PROD_20;4;2
ORD_1875;PROD_44;6;5
ORD_1875;PROD_7;9;3
ORD_1876;PROD_17;9;1
ORD_1876;PROD_43;3;2
ORD_1876;PROD_21;7;2
ORD_1876;PROD_31;5;2
ORD_1876;PROD_36;8;4
ORD_1877;PROD_19;7;4
ORD_1877;PROD_3;1;2
ORD_1877;PROD_28;6;1
ORD_1877;PROD_19;6;3
ORD_1877;PROD_3;8;1
ORD_1877;PROD_28;5;5
ORD_1877;PROD_14;3;3
ORD_1877;PROD_27;8;4
ORD_1877;PROD_38;2;1
ORD_1877;PROD_32;2;2
ORD_1877;PROD_39;1;1
ORD_1877;PROD_50;2;2
ORD_1877;PROD_44;8;3
ORD_1878;PROD_5;3;4
ORD_1878;PROD_38;5;2
ORD_1878;PROD_42;3;1
ORD_1878;PROD_31;5;1
ORD_1878;PROD_11;8;1
ORD_1878;PROD_34;2;3
ORD_1878;PROD_3;8;4
ORD_1878;PROD_6;3;2
ORD_1878;PROD_43;7;2
ORD_1879;PROD_19;5;4
ORD_1879;PROD_48;3;5
ORD_1879;PROD_45;8;1
ORD_1879;PROD_37;8;3
ORD_1879;PROD_17;3;5
ORD_1879;PROD_38;5;1
ORD_1879;PROD_4;9;2
ORD_1880;PROD_33;9;4
ORD_1880;PROD_5;3;5
ORD_1880;PROD_46;8;4
ORD_1880;PROD_12;8;5
ORD_1880;PROD_15;3;3
ORD_1880;PROD_46;8;2
ORD_1880;PROD_43;2;3
ORD_1881;PROD_1;2;1
ORD_1881;PROD_29;2;1
ORD_1881;PROD_49;5;5
ORD_1881;PROD_43;1;4
ORD_1881;PROD_7;9;1
ORD_1881;PROD_1;6;5
ORD_1881;PROD_26;2;1
ORD_1881;PROD_49;6;1
ORD_1881;PROD_25;3;4
ORD_1881;PROD_50;2;4
ORD_1881;PROD_36;7;2
ORD_1881;PROD_49;1;2
ORD_1882;PROD_19;3;3
ORD_1882;PROD_3;5;3
ORD_1882;PROD_28;2;5
ORD_1882;PROD_2;6;5
ORD_1882;PROD_36;9;2
ORD_1882;PROD_1;9;1
ORD_1882;PROD_50;8;1
ORD_1882;PROD_23;6;2
ORD_1882;PROD_20;2;5
ORD_1882;PROD_34;3;1
ORD_1883;PROD_37;2;2
ORD_1883;PROD_12;5;3
ORD_1883;PROD_28;9;5
ORD_1883;PROD_33;8;2
ORD_1883;PROD_5;4;3
ORD_1883;PROD_46;6;5
ORD_1883;PROD_25;3;2
ORD_1883;PROD_6;6;2
ORD_1883;PROD_5;6;3
ORD_1883;PROD_19;3;4
ORD_1883;PROD_43;6;2
ORD_1883;PROD_3;9;3
ORD_1883;PROD_17;1;5
ORD_1884;PROD_28;5;5
ORD_1884;PROD_3;2;1
ORD_1884;PROD_31;7;1
ORD_1884;PROD_27;9;4
ORD_1884;PROD_42;8;2
ORD_1884;PROD_50;8;5
ORD_1884;PROD_7;6;3
ORD_1884;PROD_26;2;5
ORD_1884;PROD_39;6;1
ORD_1884;PROD_26;1;3
ORD_1885;PROD_9;5;5
ORD_1885;PROD_1;1;1
ORD_1885;PROD_48;3;5
ORD_1885;PROD_41;5;2
ORD_1885;PROD_36;7;4
ORD_1885;PROD_30;5;5
ORD_1885;PROD_41;3;3
ORD_1885;PROD_1;8;4
ORD_1885;PROD_29;3;3
ORD_1886;PROD_16;1;5
ORD_1886;PROD_27;8;2
ORD_1886;PROD_29;7;4
ORD_1886;PROD_30;3;3
ORD_1886;PROD_50;1;3
ORD_1886;PROD_14;6;1
ORD_1886;PROD_1;1;2
ORD_1886;PROD_22;8;5
ORD_1886;PROD_1;6;2
ORD_1886;PROD_32;2;2
ORD_1886;PROD_2;2;4
ORD_1886;PROD_42;6;3
ORD_1886;PROD_17;6;3
ORD_1886;PROD_33;3;4
ORD_1887;PROD_12;1;4
ORD_1887;PROD_10;5;4
ORD_1887;PROD_21;7;3
ORD_1887;PROD_47;6;3
ORD_1887;PROD_19;9;2
ORD_1887;PROD_25;3;1
ORD_1887;PROD_13;9;1
ORD_1887;PROD_48;4;2
ORD_1887;PROD_43;4;1
ORD_1887;PROD_28;6;3
ORD_1887;PROD_36;3;1
ORD_1888;PROD_35;7;4
ORD_1888;PROD_24;7;3
ORD_1888;PROD_43;8;1
ORD_1888;PROD_23;2;5
ORD_1888;PROD_10;5;3
ORD_1888;PROD_39;1;5
ORD_1888;PROD_28;5;4
ORD_1888;PROD_9;6;5
ORD_1889;PROD_42;5;1
ORD_1889;PROD_5;8;1
ORD_1889;PROD_49;5;4
ORD_1889;PROD_26;1;4
ORD_1889;PROD_24;4;3
ORD_1889;PROD_44;3;2
ORD_1889;PROD_26;2;4
ORD_1889;PROD_43;2;3
ORD_1889;PROD_1;9;2
ORD_1889;PROD_29;2;4
ORD_1889;PROD_12;4;4
ORD_1889;PROD_27;5;4
ORD_1890;PROD_27;8;2
ORD_1890;PROD_41;5;2
ORD_1890;PROD_14;4;3
ORD_1890;PROD_44;7;5
ORD_1890;PROD_40;7;1
ORD_1891;PROD_9;5;4
ORD_1891;PROD_1;6;3
ORD_1891;PROD_48;4;5
ORD_1891;PROD_41;4;1
ORD_1891;PROD_19;3;4
ORD_1891;PROD_3;9;3
ORD_1891;PROD_28;6;5
ORD_1891;PROD_3;3;2
ORD_1891;PROD_49;2;4
ORD_1891;PROD_19;8;3
ORD_1891;PROD_7;3;3
ORD_1891;PROD_47;8;1
ORD_1891;PROD_22;9;5
ORD_1891;PROD_41;9;4
ORD_1892;PROD_24;6;5
ORD_1892;PROD_27;7;1
ORD_1892;PROD_21;5;3
ORD_1892;PROD_7;9;3
ORD_1892;PROD_50;6;4
ORD_1893;PROD_37;5;2
ORD_1893;PROD_12;7;4
ORD_1893;PROD_28;6;5
ORD_1893;PROD_33;9;3
ORD_1893;PROD_5;5;3
ORD_1893;PROD_46;2;4
ORD_1893;PROD_39;6;4
ORD_1893;PROD_18;3;3
ORD_1893;PROD_50;3;2
ORD_1893;PROD_4;7;3
ORD_1893;PROD_6;3;3
ORD_1893;PROD_25;3;2
ORD_1893;PROD_3;9;2
ORD_1893;PROD_37;8;3
ORD_1893;PROD_10;8;3
ORD_1894;PROD_13;4;4
ORD_1894;PROD_32;7;5
ORD_1894;PROD_47;1;1
ORD_1894;PROD_5;1;1
ORD_1894;PROD_11;8;2
ORD_1894;PROD_30;9;1
ORD_1894;PROD_17;1;4
ORD_1894;PROD_37;5;4
ORD_1894;PROD_38;5;4
ORD_1894;PROD_27;3;3
ORD_1894;PROD_15;9;4
ORD_1894;PROD_25;5;1
ORD_1895;PROD_12;4;2
ORD_1895;PROD_43;4;5
ORD_1895;PROD_18;1;1
ORD_1895;PROD_28;6;1
ORD_1895;PROD_42;1;3
ORD_1895;PROD_39;4;2
ORD_1896;PROD_31;2;3
ORD_1896;PROD_5;1;3
ORD_1896;PROD_16;1;3
ORD_1896;PROD_27;5;2
ORD_1896;PROD_8;2;1
ORD_1896;PROD_26;6;4
ORD_1896;PROD_36;7;3
ORD_1896;PROD_41;3;3
ORD_1896;PROD_24;3;4
ORD_1896;PROD_24;1;4
ORD_1896;PROD_45;2;5
ORD_1896;PROD_13;7;3
ORD_1896;PROD_14;9;2
ORD_1896;PROD_11;7;5
ORD_1897;PROD_49;7;5
ORD_1897;PROD_19;3;2
ORD_1897;PROD_10;1;1
ORD_1897;PROD_1;7;1
ORD_1897;PROD_36;4;3
ORD_1897;PROD_31;5;5
ORD_1898;PROD_21;6;4
ORD_1898;PROD_32;9;1
ORD_1898;PROD_41;6;4
ORD_1898;PROD_8;3;4
ORD_1898;PROD_30;4;2
ORD_1898;PROD_39;9;5
ORD_1898;PROD_29;9;2
ORD_1898;PROD_11;1;2
ORD_1898;PROD_25;4;5
ORD_1898;PROD_29;1;2
ORD_1899;PROD_21;3;3
ORD_1899;PROD_45;9;1
ORD_1899;PROD_24;9;3
ORD_1899;PROD_30;9;1
ORD_1899;PROD_37;6;5
ORD_1899;PROD_47;1;1
ORD_1899;PROD_44;9;3
ORD_1899;PROD_16;5;4
ORD_1899;PROD_27;5;3
ORD_1899;PROD_50;5;1
ORD_1899;PROD_45;3;1
ORD_1899;PROD_43;3;4
ORD_1899;PROD_37;4;1
ORD_1900;PROD_44;2;1
ORD_1900;PROD_33;2;3
ORD_1900;PROD_36;8;4
ORD_1900;PROD_9;1;2
ORD_1900;PROD_16;8;1
ORD_1900;PROD_47;3;1
ORD_1900;PROD_2;1;5
ORD_1900;PROD_18;8;5
ORD_1901;PROD_39;7;5
ORD_1901;PROD_45;9;1
ORD_1901;PROD_16;8;4
ORD_1901;PROD_35;4;1
ORD_1901;PROD_44;9;4
ORD_1901;PROD_11;1;1
ORD_1901;PROD_38;5;3
ORD_1901;PROD_1;3;5
ORD_1902;PROD_27;1;1
ORD_1902;PROD_41;1;5
ORD_1902;PROD_30;6;2
ORD_1902;PROD_13;6;3
ORD_1902;PROD_38;6;1
ORD_1902;PROD_37;3;4
ORD_1902;PROD_12;6;5
ORD_1902;PROD_28;9;5
ORD_1903;PROD_29;5;3
ORD_1903;PROD_30;7;1
ORD_1903;PROD_50;7;1
ORD_1903;PROD_14;8;1
ORD_1903;PROD_1;8;5
ORD_1903;PROD_13;9;5
ORD_1903;PROD_17;7;2
ORD_1903;PROD_1;1;3
ORD_1904;PROD_12;7;1
ORD_1904;PROD_47;1;4
ORD_1904;PROD_6;8;4
ORD_1904;PROD_23;5;5
ORD_1904;PROD_37;5;5
ORD_1904;PROD_12;5;1
ORD_1904;PROD_28;1;4
ORD_1904;PROD_41;1;2
ORD_1904;PROD_1;7;1
ORD_1904;PROD_27;8;2
ORD_1904;PROD_23;1;2
ORD_1904;PROD_38;8;3
ORD_1904;PROD_4;1;3
ORD_1905;PROD_13;6;4
ORD_1905;PROD_43;5;1
ORD_1905;PROD_40;4;1
ORD_1905;PROD_36;2;2
ORD_1905;PROD_3;9;4
ORD_1905;PROD_33;1;5
ORD_1905;PROD_3;1;1
ORD_1905;PROD_8;6;5
ORD_1905;PROD_42;5;1
ORD_1905;PROD_40;5;4
ORD_1905;PROD_32;6;3
ORD_1905;PROD_49;1;2
ORD_1905;PROD_6;8;5
ORD_1905;PROD_18;3;5
ORD_1905;PROD_42;1;1
ORD_1906;PROD_11;2;5
ORD_1906;PROD_41;2;1
ORD_1906;PROD_30;1;4
ORD_1906;PROD_48;5;4
ORD_1906;PROD_13;5;4
ORD_1906;PROD_22;1;5
ORD_1906;PROD_45;4;3
ORD_1906;PROD_44;2;4
ORD_1906;PROD_26;2;5
ORD_1906;PROD_13;2;1
ORD_1907;PROD_25;2;4
ORD_1907;PROD_22;5;5
ORD_1907;PROD_15;2;5
ORD_1907;PROD_31;8;1
ORD_1907;PROD_14;6;2
ORD_1907;PROD_37;2;1
ORD_1907;PROD_9;7;5
ORD_1908;PROD_43;7;2
ORD_1908;PROD_39;5;5
ORD_1908;PROD_40;7;1
ORD_1908;PROD_4;7;2
ORD_1908;PROD_12;2;3
ORD_1908;PROD_33;4;4
ORD_1908;PROD_25;3;1
ORD_1908;PROD_24;1;1
ORD_1908;PROD_44;1;4
ORD_1908;PROD_12;8;4
ORD_1909;PROD_39;3;1
ORD_1909;PROD_6;5;3
ORD_1909;PROD_31;8;4
ORD_1909;PROD_39;1;2
ORD_1909;PROD_37;5;5
ORD_1909;PROD_21;1;4
ORD_1909;PROD_20;1;3
ORD_1909;PROD_33;8;2
ORD_1909;PROD_5;1;3
ORD_1909;PROD_44;4;1
ORD_1909;PROD_35;1;1
ORD_1910;PROD_44;5;1
ORD_1910;PROD_33;1;2
ORD_1910;PROD_2;1;3
ORD_1910;PROD_36;7;3
ORD_1910;PROD_1;9;3
ORD_1910;PROD_50;7;4
ORD_1910;PROD_23;3;2
ORD_1910;PROD_47;8;2
ORD_1910;PROD_44;6;1
ORD_1910;PROD_9;2;1
ORD_1910;PROD_34;1;5
ORD_1910;PROD_6;6;2
ORD_1910;PROD_24;7;5
ORD_1911;PROD_22;8;3
ORD_1911;PROD_49;8;4
ORD_1911;PROD_37;4;2
ORD_1911;PROD_40;4;4
ORD_1911;PROD_43;4;3
ORD_1911;PROD_28;2;1
ORD_1912;PROD_2;4;3
ORD_1912;PROD_36;1;1
ORD_1912;PROD_1;6;4
ORD_1912;PROD_50;9;2
ORD_1912;PROD_23;1;4
ORD_1912;PROD_21;8;3
ORD_1912;PROD_45;4;2
ORD_1912;PROD_24;6;4
ORD_1912;PROD_30;5;2
ORD_1912;PROD_37;1;5
ORD_1912;PROD_32;5;5
ORD_1912;PROD_28;5;2
ORD_1912;PROD_26;4;5
ORD_1912;PROD_40;6;2
ORD_1913;PROD_25;7;2
ORD_1913;PROD_29;3;4
ORD_1913;PROD_3;1;2
ORD_1913;PROD_35;8;3
ORD_1913;PROD_25;5;4
ORD_1913;PROD_34;6;3
ORD_1913;PROD_12;5;2
ORD_1913;PROD_28;8;5
ORD_1913;PROD_28;7;3
ORD_1913;PROD_50;8;3
ORD_1913;PROD_19;4;2
ORD_1913;PROD_42;6;5
ORD_1913;PROD_19;8;3
ORD_1913;PROD_22;8;3
ORD_1914;PROD_36;3;4
ORD_1914;PROD_9;2;3
ORD_1914;PROD_9;1;1
ORD_1914;PROD_12;7;4
ORD_1914;PROD_20;7;2
ORD_1914;PROD_33;4;2
ORD_1914;PROD_7;2;2
ORD_1914;PROD_12;7;1
ORD_1914;PROD_15;1;3
ORD_1914;PROD_28;5;1
ORD_1914;PROD_34;5;4
ORD_1914;PROD_19;3;4
ORD_1914;PROD_26;9;4
ORD_1914;PROD_5;8;1
ORD_1914;PROD_39;2;4
ORD_1915;PROD_12;5;5
ORD_1915;PROD_15;3;4
ORD_1915;PROD_27;3;2
ORD_1915;PROD_41;7;4
ORD_1915;PROD_39;5;2
ORD_1916;PROD_37;4;3
ORD_1916;PROD_12;8;5
ORD_1916;PROD_28;2;4
ORD_1916;PROD_12;5;2
ORD_1916;PROD_15;6;2
ORD_1916;PROD_25;8;4
ORD_1916;PROD_6;5;2
ORD_1916;PROD_5;2;4
ORD_1917;PROD_21;3;4
ORD_1917;PROD_45;6;5
ORD_1917;PROD_24;5;1
ORD_1917;PROD_30;1;1
ORD_1917;PROD_37;8;3
ORD_1917;PROD_19;7;2
ORD_1917;PROD_3;8;3
ORD_1917;PROD_28;5;1
ORD_1917;PROD_44;2;3
ORD_1917;PROD_33;1;1
ORD_1918;PROD_16;9;1
ORD_1918;PROD_27;4;1
ORD_1918;PROD_10;2;2
ORD_1918;PROD_5;8;3
ORD_1918;PROD_12;4;1
ORD_1918;PROD_1;3;2
ORD_1918;PROD_47;3;2
ORD_1918;PROD_39;7;2
ORD_1918;PROD_36;2;5
ORD_1918;PROD_7;5;2
ORD_1918;PROD_24;4;5
ORD_1918;PROD_35;6;4
ORD_1919;PROD_23;3;4
ORD_1919;PROD_34;8;3
ORD_1919;PROD_13;5;1
ORD_1919;PROD_41;9;1
ORD_1919;PROD_24;3;1
ORD_1919;PROD_41;7;2
ORD_1919;PROD_5;8;4
ORD_1919;PROD_8;6;3
ORD_1919;PROD_15;2;4
ORD_1919;PROD_27;8;1
ORD_1919;PROD_23;6;2
ORD_1919;PROD_19;9;5
ORD_1919;PROD_39;1;1
ORD_1919;PROD_10;5;5
ORD_1920;PROD_10;9;5
ORD_1920;PROD_5;4;4
ORD_1920;PROD_4;7;3
ORD_1920;PROD_35;9;5
ORD_1920;PROD_41;6;1
ORD_1920;PROD_2;1;4
ORD_1920;PROD_3;2;1
ORD_1920;PROD_47;6;3
ORD_1920;PROD_14;9;5
ORD_1920;PROD_4;3;2
ORD_1920;PROD_35;4;4
ORD_1921;PROD_18;9;2
ORD_1921;PROD_10;7;2
ORD_1921;PROD_16;8;4
ORD_1921;PROD_26;4;5
ORD_1921;PROD_22;7;4
ORD_1921;PROD_46;8;3
ORD_1921;PROD_32;3;3
ORD_1921;PROD_35;7;5
ORD_1921;PROD_3;9;4
ORD_1921;PROD_20;4;5
ORD_1921;PROD_45;9;2
ORD_1921;PROD_49;1;4
ORD_1921;PROD_15;3;1
ORD_1921;PROD_10;3;3
ORD_1921;PROD_43;2;1
ORD_1922;PROD_13;9;3
ORD_1922;PROD_17;3;3
ORD_1922;PROD_1;4;2
ORD_1922;PROD_27;2;5
ORD_1922;PROD_27;8;4
ORD_1922;PROD_41;7;5
ORD_1922;PROD_12;3;3
ORD_1922;PROD_47;9;3
ORD_1922;PROD_6;4;5
ORD_1922;PROD_23;6;3
ORD_1922;PROD_27;4;3
ORD_1923;PROD_27;2;3
ORD_1923;PROD_41;3;1
ORD_1923;PROD_47;7;5
ORD_1923;PROD_44;8;1
ORD_1923;PROD_13;7;4
ORD_1923;PROD_37;4;4
ORD_1924;PROD_9;7;3
ORD_1924;PROD_12;4;5
ORD_1924;PROD_20;5;2
ORD_1924;PROD_33;5;4
ORD_1924;PROD_7;2;1
ORD_1924;PROD_25;1;5
ORD_1924;PROD_6;9;1
ORD_1925;PROD_22;5;5
ORD_1925;PROD_17;1;1
ORD_1925;PROD_50;5;1
ORD_1925;PROD_14;5;3
ORD_1925;PROD_25;2;5
ORD_1925;PROD_9;9;2
ORD_1925;PROD_31;6;3
ORD_1925;PROD_45;4;3
ORD_1925;PROD_20;6;3
ORD_1925;PROD_33;2;3
ORD_1925;PROD_41;1;2
ORD_1926;PROD_31;5;2
ORD_1926;PROD_5;5;5
ORD_1926;PROD_25;7;3
ORD_1926;PROD_6;7;2
ORD_1926;PROD_5;6;4
ORD_1927;PROD_42;4;5
ORD_1927;PROD_19;7;1
ORD_1927;PROD_33;8;5
ORD_1927;PROD_16;5;1
ORD_1927;PROD_23;8;4
ORD_1927;PROD_49;1;4
ORD_1927;PROD_15;3;1
ORD_1927;PROD_40;7;4
ORD_1927;PROD_21;7;4
ORD_1927;PROD_23;7;3
ORD_1927;PROD_41;7;5
ORD_1927;PROD_23;3;4
ORD_1927;PROD_39;7;3
ORD_1927;PROD_50;4;3
ORD_1927;PROD_49;6;1
ORD_1928;PROD_12;8;2
ORD_1928;PROD_47;2;1
ORD_1928;PROD_6;2;1
ORD_1928;PROD_23;4;1
ORD_1928;PROD_27;4;2
ORD_1928;PROD_1;8;2
ORD_1928;PROD_13;8;2
ORD_1928;PROD_14;1;3
ORD_1928;PROD_6;3;3
ORD_1928;PROD_43;1;5
ORD_1929;PROD_13;8;4
ORD_1929;PROD_17;1;3
ORD_1929;PROD_1;5;3
ORD_1929;PROD_27;4;1
ORD_1929;PROD_16;5;2
ORD_1929;PROD_27;3;1
ORD_1929;PROD_45;9;3
ORD_1929;PROD_48;2;4
ORD_1929;PROD_20;7;1
ORD_1929;PROD_3;7;3
ORD_1929;PROD_48;5;3
ORD_1929;PROD_45;7;5
ORD_1929;PROD_26;9;1
ORD_1929;PROD_15;3;4
ORD_1929;PROD_9;6;5
ORD_1930;PROD_16;7;3
ORD_1930;PROD_13;7;1
ORD_1930;PROD_24;9;2
ORD_1930;PROD_17;9;1
ORD_1930;PROD_49;5;3
ORD_1931;PROD_30;5;2
ORD_1931;PROD_13;7;3
ORD_1931;PROD_38;7;3
ORD_1931;PROD_16;6;5
ORD_1931;PROD_27;8;4
ORD_1931;PROD_40;5;1
ORD_1931;PROD_45;5;4
ORD_1931;PROD_29;6;4
ORD_1931;PROD_12;3;2
ORD_1931;PROD_17;9;4
ORD_1931;PROD_5;7;3
ORD_1931;PROD_5;4;3
ORD_1932;PROD_6;7;4
ORD_1932;PROD_24;9;4
ORD_1932;PROD_6;4;5
ORD_1932;PROD_24;4;5
ORD_1932;PROD_13;8;4
ORD_1932;PROD_1;6;1
ORD_1932;PROD_36;7;5
ORD_1933;PROD_2;2;3
ORD_1933;PROD_36;3;5
ORD_1933;PROD_1;4;1
ORD_1933;PROD_50;8;2
ORD_1933;PROD_23;2;2
ORD_1933;PROD_44;3;4
ORD_1934;PROD_9;6;3
ORD_1934;PROD_1;2;5
ORD_1934;PROD_48;6;4
ORD_1934;PROD_41;9;2
ORD_1934;PROD_36;7;3
ORD_1934;PROD_9;6;1
ORD_1934;PROD_1;3;2
ORD_1934;PROD_50;2;1
ORD_1934;PROD_46;8;5
ORD_1934;PROD_12;3;4
ORD_1934;PROD_12;6;4
ORD_1934;PROD_45;2;2
ORD_1934;PROD_42;3;4
ORD_1935;PROD_33;6;4
ORD_1935;PROD_5;9;2
ORD_1935;PROD_46;8;2
ORD_1935;PROD_6;5;1
ORD_1935;PROD_24;8;3
ORD_1935;PROD_21;6;3
ORD_1935;PROD_45;5;1
ORD_1935;PROD_24;6;2
ORD_1935;PROD_30;6;3
ORD_1935;PROD_37;8;2
ORD_1936;PROD_9;6;2
ORD_1936;PROD_1;3;4
ORD_1936;PROD_48;9;1
ORD_1936;PROD_41;6;3
ORD_1936;PROD_21;3;3
ORD_1936;PROD_45;1;1
ORD_1936;PROD_24;2;4
ORD_1936;PROD_30;6;2
ORD_1936;PROD_37;8;3
ORD_1937;PROD_14;6;5
ORD_1937;PROD_22;6;5
ORD_1937;PROD_33;8;5
ORD_1937;PROD_43;7;2
ORD_1937;PROD_50;6;5
ORD_1938;PROD_32;2;2
ORD_1938;PROD_7;9;3
ORD_1938;PROD_40;4;4
ORD_1938;PROD_27;1;1
ORD_1938;PROD_20;7;2
ORD_1938;PROD_15;8;1
ORD_1938;PROD_9;7;5
ORD_1939;PROD_42;2;1
ORD_1939;PROD_3;7;2
ORD_1939;PROD_39;5;1
ORD_1939;PROD_13;6;1
ORD_1939;PROD_36;3;1
ORD_1939;PROD_27;9;4
ORD_1939;PROD_36;7;1
ORD_1939;PROD_10;6;2
ORD_1939;PROD_1;4;3
ORD_1940;PROD_37;7;2
ORD_1940;PROD_12;6;4
ORD_1940;PROD_28;4;2
ORD_1940;PROD_2;8;5
ORD_1940;PROD_36;3;3
ORD_1940;PROD_1;9;4
ORD_1940;PROD_50;6;5
ORD_1941;PROD_41;4;1
ORD_1941;PROD_1;8;4
ORD_1941;PROD_17;6;3
ORD_1941;PROD_14;5;3
ORD_1941;PROD_50;2;1
ORD_1941;PROD_31;2;3
ORD_1941;PROD_1;1;3
ORD_1941;PROD_24;6;2
ORD_1941;PROD_11;7;3
ORD_1941;PROD_2;1;4
ORD_1941;PROD_8;3;5
ORD_1941;PROD_21;3;1
ORD_1941;PROD_3;6;5
ORD_1942;PROD_12;1;5
ORD_1942;PROD_47;5;3
ORD_1942;PROD_6;6;2
ORD_1942;PROD_23;3;5
ORD_1942;PROD_29;8;5
ORD_1942;PROD_30;3;3
ORD_1942;PROD_50;2;1
ORD_1942;PROD_14;6;1
ORD_1942;PROD_1;3;4
ORD_1942;PROD_38;1;3
ORD_1942;PROD_36;4;2
ORD_1942;PROD_48;4;5
ORD_1943;PROD_11;4;2
ORD_1943;PROD_6;2;3
ORD_1943;PROD_29;9;4
ORD_1943;PROD_37;8;4
ORD_1943;PROD_45;9;4
ORD_1943;PROD_1;5;4
ORD_1943;PROD_31;7;3
ORD_1944;PROD_25;6;5
ORD_1944;PROD_6;2;4
ORD_1944;PROD_5;8;5
ORD_1944;PROD_31;6;3
ORD_1944;PROD_8;6;1
ORD_1944;PROD_31;6;2
ORD_1944;PROD_31;9;3
ORD_1944;PROD_27;1;3
ORD_1945;PROD_13;1;1
ORD_1945;PROD_17;1;3
ORD_1945;PROD_1;5;3
ORD_1945;PROD_27;6;2
ORD_1945;PROD_6;7;5
ORD_1946;PROD_44;6;2
ORD_1946;PROD_33;1;2
ORD_1946;PROD_37;8;1
ORD_1946;PROD_12;2;2
ORD_1946;PROD_28;8;3
ORD_1946;PROD_29;5;1
ORD_1946;PROD_30;2;2
ORD_1946;PROD_50;6;1
ORD_1946;PROD_14;8;1
ORD_1946;PROD_1;4;4
ORD_1946;PROD_23;8;1
ORD_1946;PROD_10;4;3
ORD_1946;PROD_44;9;4
ORD_1946;PROD_39;7;5
ORD_1947;PROD_45;1;5
ORD_1947;PROD_4;7;5
ORD_1947;PROD_26;1;5
ORD_1947;PROD_30;9;4
ORD_1947;PROD_37;6;3
ORD_1947;PROD_14;9;4
ORD_1947;PROD_23;3;2
ORD_1947;PROD_31;2;1
ORD_1947;PROD_42;6;4
ORD_1948;PROD_8;4;2
ORD_1948;PROD_37;6;5
ORD_1948;PROD_40;2;2
ORD_1948;PROD_10;6;5
ORD_1948;PROD_41;3;5
ORD_1948;PROD_1;7;4
ORD_1948;PROD_41;9;4
ORD_1948;PROD_9;2;2
ORD_1948;PROD_10;9;2
ORD_1948;PROD_41;3;3
ORD_1948;PROD_47;4;5
ORD_1949;PROD_14;2;4
ORD_1949;PROD_18;1;1
ORD_1949;PROD_30;4;2
ORD_1949;PROD_44;9;2
ORD_1949;PROD_34;6;3
ORD_1949;PROD_44;8;1
ORD_1949;PROD_22;6;4
ORD_1949;PROD_13;5;2
ORD_1949;PROD_32;4;3
ORD_1949;PROD_29;3;5
ORD_1949;PROD_28;4;1
ORD_1949;PROD_39;9;3
ORD_1949;PROD_32;7;1
ORD_1950;PROD_32;7;4
ORD_1950;PROD_4;7;5
ORD_1950;PROD_18;1;1
ORD_1950;PROD_18;3;3
ORD_1950;PROD_48;1;2
ORD_1950;PROD_41;2;3
ORD_1950;PROD_8;7;5
ORD_1950;PROD_21;6;2
ORD_1950;PROD_6;1;5
ORD_1950;PROD_3;1;5
ORD_1951;PROD_36;5;3
ORD_1951;PROD_30;4;2
ORD_1951;PROD_36;2;4
ORD_1951;PROD_9;4;5
ORD_1951;PROD_2;7;4
ORD_1951;PROD_36;4;4
ORD_1951;PROD_1;2;4
ORD_1951;PROD_50;9;2
ORD_1951;PROD_23;7;1
ORD_1952;PROD_13;4;2
ORD_1952;PROD_39;7;5
ORD_1952;PROD_21;2;5
ORD_1952;PROD_17;1;1
ORD_1952;PROD_40;3;4
ORD_1952;PROD_18;6;5
ORD_1952;PROD_17;5;2
ORD_1952;PROD_7;1;2
ORD_1953;PROD_18;3;2
ORD_1953;PROD_21;7;2
ORD_1953;PROD_49;4;1
ORD_1953;PROD_31;5;4
ORD_1953;PROD_33;6;5
ORD_1953;PROD_13;2;2
ORD_1953;PROD_23;8;1
ORD_1953;PROD_8;7;4
ORD_1953;PROD_6;2;3
ORD_1953;PROD_1;1;1
ORD_1953;PROD_6;4;5
ORD_1953;PROD_43;3;4
ORD_1954;PROD_2;4;1
ORD_1954;PROD_36;2;4
ORD_1954;PROD_1;5;4
ORD_1954;PROD_50;8;3
ORD_1954;PROD_23;8;2
ORD_1954;PROD_6;9;4
ORD_1954;PROD_24;3;2
ORD_1954;PROD_25;2;4
ORD_1954;PROD_6;1;2
ORD_1954;PROD_5;5;2
ORD_1954;PROD_42;2;4
ORD_1954;PROD_41;5;1
ORD_1954;PROD_9;1;2
ORD_1955;PROD_41;9;1
ORD_1955;PROD_1;3;2
ORD_1955;PROD_33;6;2
ORD_1955;PROD_5;3;2
ORD_1955;PROD_46;8;1
ORD_1955;PROD_29;5;2
ORD_1955;PROD_30;2;4
ORD_1955;PROD_50;3;3
ORD_1955;PROD_14;7;3
ORD_1955;PROD_1;1;4
ORD_1955;PROD_28;8;3
ORD_1955;PROD_43;6;3
ORD_1955;PROD_46;4;5
ORD_1956;PROD_7;1;3
ORD_1956;PROD_33;9;1
ORD_1956;PROD_26;8;1
ORD_1956;PROD_14;9;3
ORD_1956;PROD_39;3;4
ORD_1956;PROD_44;6;4
ORD_1956;PROD_22;3;1
ORD_1956;PROD_15;1;5
ORD_1956;PROD_22;6;1
ORD_1956;PROD_42;2;1
ORD_1956;PROD_12;5;1
ORD_1957;PROD_30;4;4
ORD_1957;PROD_13;2;3
ORD_1957;PROD_38;6;3
ORD_1957;PROD_41;4;4
ORD_1957;PROD_1;9;1
ORD_1957;PROD_20;8;1
ORD_1957;PROD_3;5;3
ORD_1957;PROD_46;3;2
ORD_1957;PROD_30;9;3
ORD_1957;PROD_4;1;1
ORD_1957;PROD_22;2;2
ORD_1957;PROD_38;3;1
ORD_1957;PROD_38;8;5
ORD_1957;PROD_37;3;1
ORD_1957;PROD_35;2;2
ORD_1958;PROD_2;5;5
ORD_1958;PROD_36;4;3
ORD_1958;PROD_1;8;4
ORD_1958;PROD_50;7;4
ORD_1958;PROD_23;2;4
ORD_1958;PROD_36;6;5
ORD_1959;PROD_44;5;4
ORD_1959;PROD_38;9;2
ORD_1959;PROD_9;2;2
ORD_1959;PROD_11;5;4
ORD_1959;PROD_3;9;2
ORD_1959;PROD_17;3;4
ORD_1959;PROD_14;5;2
ORD_1959;PROD_10;8;1
ORD_1959;PROD_18;3;1
ORD_1959;PROD_37;9;2
ORD_1959;PROD_45;5;2
ORD_1959;PROD_18;8;3
ORD_1959;PROD_43;4;3
ORD_1959;PROD_5;9;1
ORD_1959;PROD_17;5;3
ORD_1960;PROD_41;9;2
ORD_1960;PROD_1;5;2
ORD_1960;PROD_48;8;2
ORD_1960;PROD_24;2;2
ORD_1960;PROD_10;1;3
ORD_1960;PROD_13;1;1
ORD_1961;PROD_16;2;5
ORD_1961;PROD_27;5;5
ORD_1961;PROD_9;6;1
ORD_1961;PROD_1;3;1
ORD_1961;PROD_48;5;2
ORD_1961;PROD_41;9;4
ORD_1961;PROD_45;5;4
ORD_1961;PROD_42;5;2
ORD_1961;PROD_26;4;2
ORD_1961;PROD_48;9;4
ORD_1961;PROD_28;9;3
ORD_1961;PROD_5;1;5
ORD_1961;PROD_18;2;2
ORD_1961;PROD_21;1;3
ORD_1962;PROD_39;5;3
ORD_1962;PROD_45;6;5
ORD_1962;PROD_8;6;3
ORD_1962;PROD_45;4;5
ORD_1962;PROD_19;6;3
ORD_1962;PROD_1;6;3
ORD_1962;PROD_7;5;4
ORD_1962;PROD_33;9;2
ORD_1962;PROD_42;7;3
ORD_1962;PROD_11;2;2
ORD_1962;PROD_39;5;1
ORD_1963;PROD_36;5;4
ORD_1963;PROD_8;2;3
ORD_1963;PROD_44;6;2
ORD_1963;PROD_11;9;4
ORD_1963;PROD_20;2;3
ORD_1964;PROD_15;8;2
ORD_1964;PROD_38;6;2
ORD_1964;PROD_21;7;3
ORD_1964;PROD_43;4;5
ORD_1964;PROD_20;3;4
ORD_1964;PROD_40;4;4
ORD_1964;PROD_37;4;5
ORD_1964;PROD_49;3;1
ORD_1964;PROD_15;4;1
ORD_1964;PROD_6;1;3
ORD_1964;PROD_37;6;4
ORD_1964;PROD_38;8;1
ORD_1965;PROD_36;9;1
ORD_1965;PROD_30;4;2
ORD_1965;PROD_1;4;4
ORD_1965;PROD_5;3;4
ORD_1965;PROD_30;8;5
ORD_1965;PROD_36;2;1
ORD_1965;PROD_50;4;1
ORD_1965;PROD_5;9;1
ORD_1965;PROD_39;4;1
ORD_1965;PROD_46;1;1
ORD_1965;PROD_37;1;3
ORD_1965;PROD_30;3;2
ORD_1965;PROD_17;4;4
ORD_1965;PROD_7;6;3
ORD_1965;PROD_32;4;5
ORD_1966;PROD_14;7;5
ORD_1966;PROD_15;5;2
ORD_1966;PROD_12;8;2
ORD_1966;PROD_27;7;2
ORD_1966;PROD_17;6;2
ORD_1966;PROD_24;2;3
ORD_1966;PROD_41;3;5
ORD_1966;PROD_6;7;4
ORD_1966;PROD_10;8;1
ORD_1966;PROD_11;3;4
ORD_1967;PROD_9;1;4
ORD_1967;PROD_12;8;5
ORD_1967;PROD_20;3;5
ORD_1967;PROD_33;2;3
ORD_1967;PROD_7;2;5
ORD_1967;PROD_1;8;4
ORD_1967;PROD_4;8;4
ORD_1967;PROD_41;7;3
ORD_1967;PROD_44;2;3
ORD_1967;PROD_27;4;5
ORD_1967;PROD_9;9;2
ORD_1967;PROD_33;5;1
ORD_1967;PROD_35;3;1
ORD_1968;PROD_37;1;2
ORD_1968;PROD_12;8;4
ORD_1968;PROD_28;7;1
ORD_1968;PROD_44;1;4
ORD_1968;PROD_33;2;4
ORD_1968;PROD_34;4;3
ORD_1968;PROD_33;4;1
ORD_1968;PROD_12;1;2
ORD_1968;PROD_38;7;1
ORD_1968;PROD_42;5;2
ORD_1968;PROD_24;9;5
ORD_1968;PROD_16;8;3
ORD_1969;PROD_9;3;5
ORD_1969;PROD_1;5;1
ORD_1969;PROD_48;5;1
ORD_1969;PROD_41;9;5
ORD_1969;PROD_35;3;2
ORD_1969;PROD_11;6;3
ORD_1969;PROD_42;2;3
ORD_1969;PROD_42;7;3
ORD_1970;PROD_25;4;3
ORD_1970;PROD_6;2;3
ORD_1970;PROD_5;8;1
ORD_1970;PROD_19;5;5
ORD_1970;PROD_3;2;3
ORD_1970;PROD_28;8;4
ORD_1970;PROD_27;2;2
ORD_1970;PROD_41;1;1
ORD_1970;PROD_15;8;2
ORD_1970;PROD_9;7;3
ORD_1971;PROD_35;8;1
ORD_1971;PROD_22;8;4
ORD_1971;PROD_47;3;1
ORD_1971;PROD_18;5;3
ORD_1971;PROD_46;7;2
ORD_1971;PROD_35;6;5
ORD_1971;PROD_35;8;3
ORD_1971;PROD_30;5;4
ORD_1971;PROD_34;2;4
ORD_1971;PROD_10;2;2
ORD_1972;PROD_45;4;4
ORD_1972;PROD_7;6;5
ORD_1972;PROD_9;3;3
ORD_1972;PROD_33;6;3
ORD_1972;PROD_2;1;3
ORD_1972;PROD_25;8;5
ORD_1972;PROD_16;5;5
ORD_1973;PROD_36;1;5
ORD_1973;PROD_30;5;4
ORD_1973;PROD_19;9;2
ORD_1973;PROD_3;3;3
ORD_1973;PROD_28;8;2
ORD_1973;PROD_16;7;2
ORD_1973;PROD_8;2;4
ORD_1974;PROD_43;6;3
ORD_1974;PROD_25;8;3
ORD_1974;PROD_16;9;5
ORD_1974;PROD_44;2;4
ORD_1974;PROD_21;7;2
ORD_1974;PROD_46;7;4
ORD_1974;PROD_21;9;2
ORD_1975;PROD_21;4;1
ORD_1975;PROD_13;9;5
ORD_1975;PROD_37;7;5
ORD_1975;PROD_43;9;3
ORD_1975;PROD_11;3;5
ORD_1975;PROD_5;8;2
ORD_1976;PROD_12;7;1
ORD_1976;PROD_15;8;3
ORD_1976;PROD_12;5;5
ORD_1976;PROD_47;1;1
ORD_1976;PROD_6;9;2
ORD_1976;PROD_23;8;1
ORD_1976;PROD_19;7;1
ORD_1976;PROD_3;6;2
ORD_1976;PROD_28;1;1
ORD_1976;PROD_13;8;1
ORD_1977;PROD_38;8;5
ORD_1977;PROD_13;8;1
ORD_1977;PROD_16;1;4
ORD_1977;PROD_28;9;1
ORD_1977;PROD_16;2;1
ORD_1977;PROD_10;5;5
ORD_1977;PROD_47;5;1
ORD_1977;PROD_23;3;3
ORD_1978;PROD_12;9;1
ORD_1978;PROD_47;6;5
ORD_1978;PROD_6;9;3
ORD_1978;PROD_23;6;2
ORD_1978;PROD_10;4;1
ORD_1978;PROD_5;7;5
ORD_1978;PROD_4;3;5
ORD_1978;PROD_35;1;4
ORD_1978;PROD_16;2;2
ORD_1978;PROD_27;3;3
ORD_1978;PROD_18;2;2
ORD_1978;PROD_29;8;4
ORD_1979;PROD_12;8;3
ORD_1979;PROD_47;1;3
ORD_1979;PROD_6;3;1
ORD_1979;PROD_23;3;5
ORD_1979;PROD_37;3;4
ORD_1979;PROD_12;5;2
ORD_1979;PROD_28;2;3
ORD_1979;PROD_5;3;2
ORD_1980;PROD_36;7;1
ORD_1980;PROD_9;8;1
ORD_1980;PROD_33;5;1
ORD_1980;PROD_5;9;5
ORD_1980;PROD_46;8;2
ORD_1980;PROD_16;9;3
ORD_1980;PROD_27;5;1
ORD_1980;PROD_32;8;2
ORD_1981;PROD_37;8;5
ORD_1981;PROD_12;7;2
ORD_1981;PROD_28;4;2
ORD_1981;PROD_29;7;4
ORD_1981;PROD_30;4;1
ORD_1981;PROD_50;1;3
ORD_1981;PROD_14;8;3
ORD_1981;PROD_1;2;1
ORD_1981;PROD_12;7;5
ORD_1982;PROD_27;8;5
ORD_1982;PROD_38;5;3
ORD_1982;PROD_46;7;3
ORD_1982;PROD_19;5;4
ORD_1982;PROD_31;8;5
ORD_1982;PROD_11;5;2
ORD_1982;PROD_27;5;5
ORD_1982;PROD_21;8;3
ORD_1982;PROD_37;8;1
ORD_1982;PROD_48;7;3
ORD_1982;PROD_14;2;2
ORD_1982;PROD_44;8;2
ORD_1982;PROD_32;4;3
ORD_1982;PROD_23;7;1
ORD_1983;PROD_36;1;1
ORD_1983;PROD_9;7;5
ORD_1983;PROD_16;8;3
ORD_1983;PROD_27;6;1
ORD_1983;PROD_27;5;5
ORD_1983;PROD_41;9;3
ORD_1984;PROD_36;4;1
ORD_1984;PROD_3;8;5
ORD_1984;PROD_36;6;2
ORD_1984;PROD_5;7;4
ORD_1984;PROD_38;5;5
ORD_1984;PROD_49;1;1
ORD_1985;PROD_13;7;5
ORD_1985;PROD_17;8;4
ORD_1985;PROD_1;7;4
ORD_1985;PROD_27;9;3
ORD_1985;PROD_10;1;2
ORD_1985;PROD_5;9;1
ORD_1985;PROD_4;1;5
ORD_1985;PROD_35;1;4
ORD_1986;PROD_13;3;5
ORD_1986;PROD_17;5;4
ORD_1986;PROD_1;3;2
ORD_1986;PROD_27;9;5
ORD_1986;PROD_25;4;1
ORD_1986;PROD_6;1;2
ORD_1986;PROD_5;5;2
ORD_1986;PROD_2;8;2
ORD_1986;PROD_36;7;2
ORD_1986;PROD_1;9;4
ORD_1986;PROD_50;3;1
ORD_1986;PROD_23;7;4
ORD_1986;PROD_16;1;4
ORD_1986;PROD_44;8;2
ORD_1986;PROD_43;7;5
ORD_1987;PROD_27;9;5
ORD_1987;PROD_7;1;2
ORD_1987;PROD_43;1;3
ORD_1987;PROD_25;9;1
ORD_1987;PROD_7;8;5
ORD_1987;PROD_47;5;3
ORD_1987;PROD_23;7;1
ORD_1988;PROD_21;1;3
ORD_1988;PROD_45;9;2
ORD_1988;PROD_24;6;2
ORD_1988;PROD_30;5;3
ORD_1988;PROD_37;5;5
ORD_1988;PROD_44;3;4
ORD_1988;PROD_33;6;2
ORD_1989;PROD_47;5;1
ORD_1989;PROD_44;3;5
ORD_1989;PROD_29;2;1
ORD_1989;PROD_30;5;3
ORD_1989;PROD_50;5;4
ORD_1989;PROD_14;7;3
ORD_1990;PROD_9;9;4
ORD_1990;PROD_1;9;2
ORD_1990;PROD_48;2;3
ORD_1990;PROD_41;7;2
ORD_1990;PROD_29;2;5
ORD_1991;PROD_26;2;2
ORD_1991;PROD_23;2;4
ORD_1991;PROD_22;3;4
ORD_1991;PROD_48;1;1
ORD_1991;PROD_5;5;2
ORD_1991;PROD_32;6;4
ORD_1991;PROD_39;9;4
ORD_1991;PROD_4;5;4
ORD_1991;PROD_9;6;1
ORD_1991;PROD_28;5;4
ORD_1991;PROD_43;5;3
ORD_1991;PROD_12;6;4
ORD_1991;PROD_37;5;5
ORD_1992;PROD_38;7;1
ORD_1992;PROD_10;5;3
ORD_1992;PROD_50;8;5
ORD_1992;PROD_22;9;2
ORD_1992;PROD_39;5;1
ORD_1992;PROD_50;3;2
ORD_1992;PROD_39;3;4
ORD_1992;PROD_43;2;5
ORD_1992;PROD_8;8;4
ORD_1992;PROD_19;1;4
ORD_1992;PROD_10;2;5
ORD_1992;PROD_13;8;5
ORD_1992;PROD_33;1;4
ORD_1992;PROD_17;2;5
ORD_1992;PROD_29;5;2
ORD_1993;PROD_25;7;3
ORD_1993;PROD_6;6;1
ORD_1993;PROD_5;5;1
ORD_1993;PROD_40;6;5
ORD_1993;PROD_48;4;2
ORD_1993;PROD_12;6;5
ORD_1993;PROD_7;8;4
ORD_1993;PROD_34;1;4
ORD_1993;PROD_6;4;4
ORD_1993;PROD_6;9;2
ORD_1993;PROD_18;8;3
ORD_1993;PROD_41;3;5
ORD_1993;PROD_18;1;4
ORD_1993;PROD_21;8;1
ORD_1994;PROD_42;5;3
ORD_1994;PROD_21;7;1
ORD_1994;PROD_20;8;5
ORD_1994;PROD_45;1;1
ORD_1994;PROD_45;1;4
ORD_1994;PROD_18;1;3
ORD_1994;PROD_17;5;2
ORD_1994;PROD_32;1;2
ORD_1994;PROD_20;1;2
ORD_1994;PROD_8;9;4
ORD_1994;PROD_46;2;4
ORD_1994;PROD_18;6;4
ORD_1994;PROD_15;2;2
ORD_1994;PROD_38;2;1
ORD_1995;PROD_47;7;1
ORD_1995;PROD_44;9;4
ORD_1995;PROD_33;8;5
ORD_1995;PROD_5;9;3
ORD_1995;PROD_46;7;1
ORD_1995;PROD_18;4;3
ORD_1995;PROD_8;7;4
ORD_1995;PROD_46;4;2
ORD_1995;PROD_49;5;3
ORD_1996;PROD_49;9;3
ORD_1996;PROD_34;3;1
ORD_1996;PROD_19;1;2
ORD_1996;PROD_10;9;3
ORD_1996;PROD_49;4;1
ORD_1996;PROD_26;9;1
ORD_1996;PROD_11;6;5
ORD_1996;PROD_2;5;4
ORD_1996;PROD_25;3;4
ORD_1996;PROD_46;6;3
ORD_1997;PROD_33;7;3
ORD_1997;PROD_5;1;4
ORD_1997;PROD_46;1;5
ORD_1997;PROD_21;4;5
ORD_1997;PROD_45;5;4
ORD_1997;PROD_24;9;5
ORD_1997;PROD_30;7;5
ORD_1998;PROD_43;8;5
ORD_1998;PROD_21;6;3
ORD_1998;PROD_25;3;4
ORD_1998;PROD_50;4;3
ORD_1998;PROD_28;5;4
ORD_1998;PROD_14;3;1
ORD_1998;PROD_20;9;5
ORD_1998;PROD_5;1;2
ORD_1999;PROD_22;6;2
ORD_1999;PROD_35;2;2
ORD_1999;PROD_26;2;2
ORD_1999;PROD_18;4;3
ORD_1999;PROD_27;8;4
ORD_1999;PROD_42;4;4
ORD_1999;PROD_13;3;5
ORD_1999;PROD_49;6;3
ORD_2000;PROD_47;9;2
ORD_2000;PROD_14;2;3
ORD_2000;PROD_15;4;5
ORD_2000;PROD_47;9;5
ORD_2000;PROD_37;8;1
ORD_2000;PROD_45;7;1
ORD_2000;PROD_18;3;1
ORD_2000;PROD_44;8;4
ORD_2000;PROD_28;4;2
ORD_2000;PROD_14;5;2
ORD_2001;PROD_33;5;5
ORD_2001;PROD_5;7;5
ORD_2001;PROD_46;3;4
ORD_2001;PROD_9;2;2
ORD_2001;PROD_1;1;1
ORD_2001;PROD_48;6;5
ORD_2001;PROD_41;6;3
ORD_2002;PROD_44;7;5
ORD_2002;PROD_33;2;4
ORD_2002;PROD_3;6;2
ORD_2002;PROD_49;8;2
ORD_2002;PROD_19;8;2
ORD_2002;PROD_7;1;2
ORD_2002;PROD_29;7;5
ORD_2002;PROD_8;4;4
ORD_2002;PROD_10;3;4
ORD_2002;PROD_38;8;1
ORD_2002;PROD_34;5;5
ORD_2002;PROD_28;7;1
ORD_2003;PROD_31;7;3
ORD_2003;PROD_5;6;5
ORD_2003;PROD_10;7;1
ORD_2003;PROD_5;8;3
ORD_2003;PROD_4;8;3
ORD_2003;PROD_35;5;3
ORD_2003;PROD_40;1;3
ORD_2003;PROD_3;5;4
ORD_2003;PROD_31;1;1
ORD_2004;PROD_12;8;5
ORD_2004;PROD_47;3;5
ORD_2004;PROD_6;6;2
ORD_2004;PROD_23;5;2
ORD_2004;PROD_47;5;1
ORD_2004;PROD_44;5;1
ORD_2004;PROD_36;6;2
ORD_2004;PROD_30;2;2
ORD_2004;PROD_46;7;4
ORD_2004;PROD_31;5;2
ORD_2004;PROD_25;1;5
ORD_2004;PROD_6;6;1
ORD_2004;PROD_6;8;4
ORD_2004;PROD_11;1;3
ORD_2005;PROD_9;4;5
ORD_2005;PROD_12;1;3
ORD_2005;PROD_20;6;2
ORD_2005;PROD_33;9;4
ORD_2005;PROD_7;3;2
ORD_2005;PROD_48;8;2
ORD_2005;PROD_34;2;4
ORD_2005;PROD_4;5;5
ORD_2005;PROD_49;5;3
ORD_2005;PROD_49;3;5
ORD_2005;PROD_47;4;4
ORD_2005;PROD_39;6;5
ORD_2005;PROD_24;9;3
ORD_2006;PROD_12;9;4
ORD_2006;PROD_15;1;2
ORD_2006;PROD_44;3;2
ORD_2006;PROD_33;5;1
ORD_2006;PROD_13;1;2
ORD_2006;PROD_17;7;1
ORD_2006;PROD_1;9;1
ORD_2006;PROD_27;7;4
ORD_2006;PROD_5;9;1
ORD_2006;PROD_33;9;2
ORD_2006;PROD_15;7;2
ORD_2006;PROD_26;2;1
ORD_2006;PROD_49;8;3
ORD_2007;PROD_9;9;4
ORD_2007;PROD_12;8;5
ORD_2007;PROD_20;2;4
ORD_2007;PROD_33;3;4
ORD_2007;PROD_7;4;3
ORD_2007;PROD_3;2;3
ORD_2007;PROD_49;6;5
ORD_2007;PROD_19;1;3
ORD_2007;PROD_7;1;5
ORD_2007;PROD_20;1;1
ORD_2007;PROD_23;7;2
ORD_2007;PROD_13;5;4
ORD_2008;PROD_2;9;4
ORD_2008;PROD_36;3;2
ORD_2008;PROD_1;1;1
ORD_2008;PROD_50;9;1
ORD_2008;PROD_23;4;1
ORD_2008;PROD_7;8;1
ORD_2008;PROD_36;1;2
ORD_2008;PROD_42;9;1
ORD_2008;PROD_50;1;5
ORD_2008;PROD_20;7;4
ORD_2008;PROD_10;4;3
ORD_2009;PROD_42;6;3
ORD_2009;PROD_28;1;4
ORD_2009;PROD_35;3;1
ORD_2009;PROD_15;1;5
ORD_2009;PROD_22;8;1
ORD_2010;PROD_34;3;1
ORD_2010;PROD_24;6;1
ORD_2010;PROD_5;6;3
ORD_2010;PROD_20;2;4
ORD_2010;PROD_5;2;1
ORD_2010;PROD_39;3;2
ORD_2010;PROD_48;5;1
ORD_2010;PROD_21;9;4
ORD_2010;PROD_26;2;1
ORD_2010;PROD_12;5;1
ORD_2010;PROD_36;8;1
ORD_2010;PROD_7;9;4
ORD_2011;PROD_25;3;1
ORD_2011;PROD_6;7;5
ORD_2011;PROD_5;3;4
ORD_2011;PROD_16;3;3
ORD_2011;PROD_27;7;4
ORD_2011;PROD_49;8;2
ORD_2011;PROD_25;5;3
ORD_2011;PROD_5;8;3
ORD_2011;PROD_17;9;1
ORD_2011;PROD_36;3;4
ORD_2012;PROD_36;8;1
ORD_2012;PROD_9;1;4
ORD_2012;PROD_29;5;2
ORD_2012;PROD_30;1;1
ORD_2012;PROD_50;4;1
ORD_2012;PROD_14;5;5
ORD_2012;PROD_1;9;2
ORD_2012;PROD_2;8;4
ORD_2012;PROD_36;2;2
ORD_2012;PROD_1;6;1
ORD_2012;PROD_50;5;2
ORD_2012;PROD_23;2;2
ORD_2012;PROD_34;2;4
ORD_2013;PROD_11;6;1
ORD_2013;PROD_28;9;2
ORD_2013;PROD_29;3;1
ORD_2013;PROD_44;8;5
ORD_2013;PROD_24;2;4
ORD_2013;PROD_1;7;5
ORD_2013;PROD_3;3;4
ORD_2013;PROD_44;4;2
ORD_2013;PROD_22;6;3
ORD_2013;PROD_13;2;4
ORD_2013;PROD_17;7;5
ORD_2013;PROD_36;2;5
ORD_2013;PROD_41;5;3
ORD_2014;PROD_19;9;1
ORD_2014;PROD_25;6;5
ORD_2014;PROD_9;2;3
ORD_2014;PROD_21;6;1
ORD_2014;PROD_29;7;2
ORD_2014;PROD_17;7;1
ORD_2014;PROD_6;7;5
ORD_2014;PROD_5;5;3
ORD_2014;PROD_24;7;2
ORD_2014;PROD_3;1;3
ORD_2014;PROD_38;9;1
ORD_2014;PROD_8;9;1
ORD_2014;PROD_37;9;1
ORD_2014;PROD_8;8;5
ORD_2015;PROD_44;4;2
ORD_2015;PROD_33;1;4
ORD_2015;PROD_29;2;1
ORD_2015;PROD_39;3;2
ORD_2015;PROD_47;1;1
ORD_2015;PROD_5;1;4
ORD_2015;PROD_43;4;3
ORD_2016;PROD_9;8;1
ORD_2016;PROD_1;8;2
ORD_2016;PROD_48;4;3
ORD_2016;PROD_41;7;1
ORD_2016;PROD_10;3;4
ORD_2016;PROD_5;7;3
ORD_2016;PROD_4;1;4
ORD_2016;PROD_35;5;1
ORD_2016;PROD_9;4;2
ORD_2016;PROD_12;2;1
ORD_2016;PROD_20;2;1
ORD_2016;PROD_33;8;2
ORD_2016;PROD_7;9;5
ORD_2016;PROD_17;1;4
ORD_2017;PROD_32;2;1
ORD_2017;PROD_3;3;1
ORD_2017;PROD_16;7;3
ORD_2017;PROD_41;5;2
ORD_2017;PROD_38;5;1
ORD_2017;PROD_49;3;5
ORD_2017;PROD_19;1;2
ORD_2017;PROD_18;5;4
ORD_2017;PROD_10;4;1
ORD_2017;PROD_2;2;3
ORD_2017;PROD_11;4;3
ORD_2017;PROD_45;2;5
ORD_2018;PROD_28;3;2
ORD_2018;PROD_46;8;5
ORD_2018;PROD_34;6;3
ORD_2018;PROD_22;1;3
ORD_2018;PROD_43;2;5
ORD_2018;PROD_16;5;5
ORD_2018;PROD_39;1;4
ORD_2018;PROD_16;1;5
ORD_2019;PROD_10;6;2
ORD_2019;PROD_5;3;4
ORD_2019;PROD_4;8;2
ORD_2019;PROD_35;9;4
ORD_2019;PROD_12;5;4
ORD_2019;PROD_47;3;4
ORD_2019;PROD_6;5;4
ORD_2019;PROD_23;7;5
ORD_2019;PROD_25;8;4
ORD_2019;PROD_6;1;2
ORD_2019;PROD_5;8;2
ORD_2019;PROD_39;1;5
ORD_2019;PROD_44;9;1
ORD_2019;PROD_5;7;3
ORD_2020;PROD_50;6;4
ORD_2020;PROD_22;6;1
ORD_2020;PROD_41;2;4
ORD_2020;PROD_30;9;5
ORD_2020;PROD_42;7;5
ORD_2020;PROD_39;5;5
ORD_2020;PROD_27;6;5
ORD_2020;PROD_6;8;2
ORD_2020;PROD_48;4;4
ORD_2020;PROD_35;1;4
ORD_2020;PROD_26;4;4
ORD_2020;PROD_28;1;3
ORD_2021;PROD_32;8;5
ORD_2021;PROD_26;6;4
ORD_2021;PROD_46;1;1
ORD_2021;PROD_15;4;2
ORD_2021;PROD_18;6;4
ORD_2021;PROD_23;8;3
ORD_2021;PROD_32;9;2
ORD_2021;PROD_32;1;4
ORD_2021;PROD_20;8;3
ORD_2021;PROD_24;1;3
ORD_2021;PROD_12;1;1
ORD_2021;PROD_12;5;2
ORD_2021;PROD_29;1;1
ORD_2021;PROD_6;3;3
ORD_2021;PROD_32;3;4
ORD_2022;PROD_9;4;5
ORD_2022;PROD_12;7;2
ORD_2022;PROD_20;2;2
ORD_2022;PROD_33;1;1
ORD_2022;PROD_7;9;5
ORD_2022;PROD_21;6;4
ORD_2022;PROD_45;6;4
ORD_2022;PROD_24;1;1
ORD_2022;PROD_30;8;1
ORD_2022;PROD_37;9;5
ORD_2023;PROD_44;1;3
ORD_2023;PROD_33;5;2
ORD_2023;PROD_19;9;2
ORD_2023;PROD_3;8;5
ORD_2023;PROD_28;6;1
ORD_2024;PROD_21;5;5
ORD_2024;PROD_45;3;3
ORD_2024;PROD_24;1;4
ORD_2024;PROD_30;5;5
ORD_2024;PROD_37;5;3
ORD_2024;PROD_47;1;5
ORD_2024;PROD_44;8;2
ORD_2024;PROD_47;2;3
ORD_2024;PROD_44;7;3
ORD_2024;PROD_40;3;1
ORD_2024;PROD_44;2;4
ORD_2024;PROD_13;7;2
ORD_2025;PROD_34;2;5
ORD_2025;PROD_16;5;4
ORD_2025;PROD_34;4;2
ORD_2025;PROD_24;6;2
ORD_2025;PROD_41;4;2
ORD_2025;PROD_32;3;4
ORD_2025;PROD_44;1;1
ORD_2026;PROD_28;1;5
ORD_2026;PROD_37;5;4
ORD_2026;PROD_35;4;2
ORD_2026;PROD_40;7;4
ORD_2026;PROD_42;5;4
ORD_2026;PROD_45;3;3
ORD_2026;PROD_36;4;2
ORD_2026;PROD_11;6;4
ORD_2026;PROD_17;9;2
ORD_2026;PROD_15;1;1
ORD_2027;PROD_13;9;4
ORD_2027;PROD_17;4;2
ORD_2027;PROD_1;4;4
ORD_2027;PROD_27;4;4
ORD_2027;PROD_25;4;2
ORD_2027;PROD_6;5;4
ORD_2027;PROD_5;1;5
ORD_2027;PROD_36;6;4
ORD_2027;PROD_9;2;2
ORD_2028;PROD_38;3;4
ORD_2028;PROD_29;1;1
ORD_2028;PROD_2;4;1
ORD_2028;PROD_20;1;2
ORD_2028;PROD_21;3;3
ORD_2028;PROD_40;8;5
ORD_2028;PROD_37;7;5
ORD_2028;PROD_36;6;1
ORD_2028;PROD_6;9;1
ORD_2028;PROD_40;5;3
ORD_2028;PROD_13;1;3
ORD_2028;PROD_32;9;1
ORD_2028;PROD_35;5;3
ORD_2029;PROD_38;3;5
ORD_2029;PROD_16;7;2
ORD_2029;PROD_2;9;3
ORD_2029;PROD_46;6;5
ORD_2029;PROD_4;4;1
ORD_2029;PROD_36;3;2
ORD_2029;PROD_34;5;1
ORD_2029;PROD_32;9;3
ORD_2030;PROD_33;9;3
ORD_2030;PROD_5;1;4
ORD_2030;PROD_46;5;1
ORD_2030;PROD_21;6;5
ORD_2030;PROD_45;3;4
ORD_2030;PROD_24;4;5
ORD_2030;PROD_30;2;2
ORD_2030;PROD_37;8;5
ORD_2030;PROD_37;7;2
ORD_2030;PROD_12;9;2
ORD_2030;PROD_28;8;5
ORD_2030;PROD_41;1;1
ORD_2030;PROD_15;3;1
ORD_2031;PROD_16;4;5
ORD_2031;PROD_26;4;4
ORD_2031;PROD_6;4;1
ORD_2031;PROD_26;7;4
ORD_2031;PROD_33;2;5
ORD_2032;PROD_2;4;2
ORD_2032;PROD_36;3;2
ORD_2032;PROD_1;2;2
ORD_2032;PROD_50;6;4
ORD_2032;PROD_23;7;1
ORD_2032;PROD_13;8;1
ORD_2033;PROD_36;7;5
ORD_2033;PROD_30;8;5
ORD_2033;PROD_41;3;4
ORD_2033;PROD_46;1;3
ORD_2033;PROD_31;1;1
ORD_2033;PROD_10;6;3
ORD_2033;PROD_42;9;2
ORD_2033;PROD_46;9;3
ORD_2033;PROD_7;6;5
ORD_2033;PROD_18;3;2
ORD_2033;PROD_46;5;3
ORD_2033;PROD_38;9;2
ORD_2034;PROD_50;5;3
ORD_2034;PROD_28;6;5
ORD_2034;PROD_25;2;3
ORD_2034;PROD_18;2;2
ORD_2034;PROD_38;1;5
ORD_2034;PROD_20;9;5
ORD_2034;PROD_18;2;2
ORD_2034;PROD_43;3;2
ORD_2034;PROD_5;8;1
ORD_2034;PROD_45;2;1
ORD_2034;PROD_20;1;4
ORD_2034;PROD_37;3;5
ORD_2034;PROD_9;8;4
ORD_2034;PROD_3;4;2
ORD_2035;PROD_12;8;3
ORD_2035;PROD_7;5;3
ORD_2035;PROD_40;3;4
ORD_2035;PROD_35;4;4
ORD_2035;PROD_17;6;4
ORD_2035;PROD_36;4;5
ORD_2035;PROD_34;7;4
ORD_2035;PROD_9;3;3
ORD_2035;PROD_5;8;5
ORD_2035;PROD_41;7;3
ORD_2035;PROD_13;6;2
ORD_2035;PROD_7;4;2
ORD_2035;PROD_34;3;1
ORD_2036;PROD_12;7;2
ORD_2036;PROD_22;6;4
ORD_2036;PROD_39;2;2
ORD_2036;PROD_17;6;1
ORD_2036;PROD_20;7;5
ORD_2036;PROD_14;3;2
ORD_2036;PROD_9;2;5
ORD_2036;PROD_48;4;4
ORD_2036;PROD_6;2;5
ORD_2036;PROD_35;1;2
ORD_2036;PROD_22;1;5
ORD_2036;PROD_1;4;2
ORD_2036;PROD_26;4;2
ORD_2036;PROD_50;7;4
ORD_2037;PROD_21;5;4
ORD_2037;PROD_11;7;1
ORD_2037;PROD_11;5;5
ORD_2037;PROD_28;8;2
ORD_2037;PROD_46;8;1
ORD_2037;PROD_43;1;2
ORD_2037;PROD_40;9;3
ORD_2037;PROD_25;4;2
ORD_2038;PROD_5;6;4
ORD_2038;PROD_3;7;2
ORD_2038;PROD_17;8;4
ORD_2038;PROD_33;9;5
ORD_2038;PROD_3;7;3
ORD_2038;PROD_14;9;3
ORD_2038;PROD_38;1;5
ORD_2038;PROD_11;3;2
ORD_2038;PROD_21;6;1
ORD_2038;PROD_36;8;4
ORD_2038;PROD_50;5;1
ORD_2038;PROD_34;8;3
ORD_2038;PROD_23;8;4
ORD_2039;PROD_36;1;1
ORD_2039;PROD_9;9;1
ORD_2039;PROD_9;6;1
ORD_2039;PROD_12;1;3
ORD_2039;PROD_20;3;1
ORD_2039;PROD_33;3;3
ORD_2039;PROD_7;5;5
ORD_2040;PROD_36;3;3
ORD_2040;PROD_30;3;4
ORD_2040;PROD_25;2;1
ORD_2040;PROD_6;6;5
ORD_2040;PROD_5;4;5
ORD_2040;PROD_28;4;3
ORD_2040;PROD_36;7;3
ORD_2040;PROD_27;9;1
ORD_2040;PROD_40;7;2
ORD_2040;PROD_3;6;5
ORD_2040;PROD_5;1;5
ORD_2040;PROD_28;8;2
ORD_2040;PROD_6;3;5
ORD_2041;PROD_6;9;5
ORD_2041;PROD_24;7;3
ORD_2041;PROD_22;6;4
ORD_2041;PROD_3;8;1
ORD_2041;PROD_12;4;3
ORD_2041;PROD_42;5;5
ORD_2041;PROD_41;6;1
ORD_2041;PROD_5;9;1
ORD_2042;PROD_9;5;2
ORD_2042;PROD_12;6;3
ORD_2042;PROD_20;9;2
ORD_2042;PROD_33;7;4
ORD_2042;PROD_7;7;4
ORD_2043;PROD_23;5;4
ORD_2043;PROD_7;2;3
ORD_2043;PROD_44;3;1
ORD_2043;PROD_13;3;3
ORD_2043;PROD_7;8;2
ORD_2043;PROD_47;2;5
ORD_2043;PROD_10;3;4
ORD_2043;PROD_32;5;4
ORD_2044;PROD_7;8;3
ORD_2044;PROD_28;5;1
ORD_2044;PROD_49;8;2
ORD_2044;PROD_31;8;4
ORD_2044;PROD_37;5;4
ORD_2044;PROD_29;1;3
ORD_2045;PROD_25;6;2
ORD_2045;PROD_6;6;1
ORD_2045;PROD_5;8;5
ORD_2045;PROD_13;9;3
ORD_2045;PROD_17;9;4
ORD_2045;PROD_1;6;2
ORD_2046;PROD_41;6;5
ORD_2046;PROD_1;4;3
ORD_2046;PROD_13;4;5
ORD_2046;PROD_17;9;5
ORD_2046;PROD_1;2;3
ORD_2046;PROD_27;3;4
ORD_2046;PROD_21;8;1
ORD_2047;PROD_36;8;3
ORD_2047;PROD_9;1;5
ORD_2047;PROD_12;9;3
ORD_2047;PROD_15;7;5
ORD_2047;PROD_27;8;3
ORD_2047;PROD_41;5;5
ORD_2047;PROD_36;3;3
ORD_2047;PROD_43;7;4
ORD_2047;PROD_48;8;3
ORD_2047;PROD_41;7;1
ORD_2047;PROD_39;5;3
ORD_2047;PROD_7;2;2
ORD_2047;PROD_12;2;2
ORD_2047;PROD_39;2;2
ORD_2047;PROD_31;5;1
ORD_2048;PROD_5;5;3
ORD_2048;PROD_21;2;1
ORD_2048;PROD_2;9;4
ORD_2048;PROD_20;1;4
ORD_2048;PROD_40;3;5
ORD_2048;PROD_6;6;3
ORD_2048;PROD_3;7;4
ORD_2049;PROD_6;3;2
ORD_2049;PROD_24;8;2
ORD_2049;PROD_47;1;5
ORD_2049;PROD_44;3;3
ORD_2049;PROD_26;6;4
ORD_2050;PROD_16;7;2
ORD_2050;PROD_27;6;4
ORD_2050;PROD_36;8;2
ORD_2050;PROD_30;8;4
ORD_2050;PROD_21;3;4
ORD_2050;PROD_45;2;5
ORD_2050;PROD_24;1;2
ORD_2050;PROD_30;2;5
ORD_2051;PROD_49;5;2
ORD_2051;PROD_34;4;5
ORD_2051;PROD_30;1;4
ORD_2051;PROD_2;9;1
ORD_2051;PROD_31;3;5
ORD_2051;PROD_50;3;5
ORD_2051;PROD_41;5;1
ORD_2051;PROD_23;5;3
ORD_2051;PROD_9;5;5
ORD_2051;PROD_34;8;3
ORD_2051;PROD_31;8;3
ORD_2051;PROD_24;5;1
ORD_2051;PROD_20;8;5
ORD_2051;PROD_32;4;2
ORD_2051;PROD_33;4;4
ORD_2052;PROD_22;1;4
ORD_2052;PROD_15;8;3
ORD_2052;PROD_3;6;2
ORD_2052;PROD_37;9;5
ORD_2052;PROD_4;1;3
ORD_2052;PROD_15;8;2
ORD_2052;PROD_40;4;1
ORD_2052;PROD_21;6;4
ORD_2052;PROD_33;1;2
ORD_2052;PROD_3;4;5
ORD_2052;PROD_18;7;5
ORD_2053;PROD_47;4;2
ORD_2053;PROD_44;6;4
ORD_2053;PROD_12;8;5
ORD_2053;PROD_47;1;2
ORD_2053;PROD_6;5;2
ORD_2053;PROD_23;1;3
ORD_2053;PROD_19;2;1
ORD_2053;PROD_3;1;2
ORD_2053;PROD_28;5;1
ORD_2053;PROD_42;8;3
ORD_2054;PROD_32;9;5
ORD_2054;PROD_42;9;2
ORD_2054;PROD_39;4;4
ORD_2054;PROD_27;2;1
ORD_2054;PROD_42;1;1
ORD_2054;PROD_27;8;5
ORD_2054;PROD_24;1;1
ORD_2054;PROD_16;7;3
ORD_2054;PROD_13;8;1
ORD_2054;PROD_13;7;1
ORD_2054;PROD_7;9;1
ORD_2054;PROD_4;5;2
ORD_2054;PROD_7;2;2
ORD_2054;PROD_22;1;1
ORD_2054;PROD_29;2;1
ORD_2055;PROD_13;1;2
ORD_2055;PROD_17;9;1
ORD_2055;PROD_1;8;1
ORD_2055;PROD_27;9;5
ORD_2055;PROD_47;3;5
ORD_2055;PROD_44;7;1
ORD_2055;PROD_29;4;2
ORD_2056;PROD_25;9;5
ORD_2056;PROD_34;6;1
ORD_2056;PROD_33;1;5
ORD_2056;PROD_21;6;3
ORD_2056;PROD_49;2;5
ORD_2056;PROD_16;1;3
ORD_2056;PROD_50;7;1
ORD_2056;PROD_12;3;5
ORD_2056;PROD_25;7;2
ORD_2056;PROD_39;3;2
ORD_2056;PROD_25;5;1
ORD_2056;PROD_1;3;4
ORD_2056;PROD_46;9;4
ORD_2057;PROD_31;8;4
ORD_2057;PROD_5;2;3
ORD_2057;PROD_16;9;4
ORD_2057;PROD_27;3;2
ORD_2057;PROD_6;8;1
ORD_2058;PROD_30;3;3
ORD_2058;PROD_13;9;3
ORD_2058;PROD_38;8;2
ORD_2058;PROD_17;7;4
ORD_2058;PROD_30;3;1
ORD_2058;PROD_41;6;3
ORD_2058;PROD_29;5;1
ORD_2058;PROD_43;6;2
ORD_2058;PROD_42;3;2
ORD_2058;PROD_49;7;1
ORD_2058;PROD_44;6;3
ORD_2059;PROD_7;3;5
ORD_2059;PROD_4;4;1
ORD_2059;PROD_3;9;1
ORD_2059;PROD_35;7;1
ORD_2059;PROD_36;2;4
ORD_2059;PROD_20;7;5
ORD_2059;PROD_44;1;3
ORD_2059;PROD_4;4;3
ORD_2059;PROD_34;5;2
ORD_2059;PROD_1;7;1
ORD_2059;PROD_2;7;5
ORD_2060;PROD_37;8;4
ORD_2060;PROD_12;3;4
ORD_2060;PROD_28;3;2
ORD_2060;PROD_12;7;5
ORD_2060;PROD_47;6;4
ORD_2060;PROD_6;6;2
ORD_2060;PROD_23;8;2
ORD_2060;PROD_42;2;4
ORD_2060;PROD_50;1;3
ORD_2061;PROD_7;7;1
ORD_2061;PROD_9;4;1
ORD_2061;PROD_36;6;3
ORD_2061;PROD_16;8;2
ORD_2061;PROD_50;6;5
ORD_2061;PROD_10;3;2
ORD_2061;PROD_42;7;4
ORD_2061;PROD_9;6;1
ORD_2061;PROD_3;9;3
ORD_2061;PROD_46;2;4
ORD_2061;PROD_36;8;3
ORD_2062;PROD_14;1;1
ORD_2062;PROD_6;7;2
ORD_2062;PROD_16;5;3
ORD_2062;PROD_37;6;4
ORD_2062;PROD_15;9;1
ORD_2062;PROD_46;9;2
ORD_2062;PROD_8;7;4
ORD_2062;PROD_41;8;2
ORD_2062;PROD_26;9;4
ORD_2062;PROD_28;9;4
ORD_2062;PROD_32;8;1
ORD_2062;PROD_36;1;1
ORD_2062;PROD_35;7;4
ORD_2062;PROD_9;4;2
ORD_2062;PROD_2;6;4
ORD_2063;PROD_14;8;4
ORD_2063;PROD_19;7;4
ORD_2063;PROD_11;6;1
ORD_2063;PROD_43;1;3
ORD_2063;PROD_20;8;5
ORD_2063;PROD_12;5;3
ORD_2063;PROD_5;5;2
ORD_2063;PROD_6;9;4
ORD_2063;PROD_30;1;3
ORD_2063;PROD_29;1;2
ORD_2063;PROD_34;3;4
ORD_2063;PROD_42;1;4
ORD_2063;PROD_8;7;2
ORD_2063;PROD_30;7;3
ORD_2064;PROD_20;9;4
ORD_2064;PROD_36;2;4
ORD_2064;PROD_40;7;4
ORD_2064;PROD_20;4;4
ORD_2064;PROD_6;1;3
ORD_2064;PROD_16;7;3
ORD_2064;PROD_3;6;5
ORD_2064;PROD_9;6;4
ORD_2064;PROD_26;1;2
ORD_2065;PROD_9;6;4
ORD_2065;PROD_1;5;4
ORD_2065;PROD_48;6;4
ORD_2065;PROD_41;3;4
ORD_2065;PROD_13;8;5
ORD_2066;PROD_46;7;5
ORD_2066;PROD_37;5;3
ORD_2066;PROD_36;6;1
ORD_2066;PROD_40;7;1
ORD_2066;PROD_49;7;3
ORD_2066;PROD_12;5;5
ORD_2067;PROD_39;3;1
ORD_2067;PROD_50;1;5
ORD_2067;PROD_20;9;4
ORD_2067;PROD_9;8;2
ORD_2067;PROD_31;7;1
ORD_2067;PROD_13;2;3
ORD_2067;PROD_40;6;4
ORD_2068;PROD_3;4;4
ORD_2068;PROD_49;1;1
ORD_2068;PROD_19;7;5
ORD_2068;PROD_7;7;1
ORD_2068;PROD_33;8;5
ORD_2068;PROD_27;2;4
ORD_2069;PROD_21;2;5
ORD_2069;PROD_45;7;3
ORD_2069;PROD_24;7;3
ORD_2069;PROD_30;3;1
ORD_2069;PROD_37;6;4
ORD_2069;PROD_9;9;3
ORD_2069;PROD_1;2;5
ORD_2069;PROD_48;8;3
ORD_2069;PROD_41;5;3
ORD_2069;PROD_4;1;5
ORD_2069;PROD_11;2;2
ORD_2069;PROD_24;8;2
ORD_2069;PROD_15;3;1
ORD_2070;PROD_3;5;2
ORD_2070;PROD_34;6;2
ORD_2070;PROD_14;8;5
ORD_2070;PROD_44;1;5
ORD_2070;PROD_2;5;3
ORD_2070;PROD_42;8;3
ORD_2070;PROD_2;9;3
ORD_2070;PROD_27;5;5
ORD_2070;PROD_3;7;4
ORD_2070;PROD_4;4;5
ORD_2070;PROD_43;8;2
ORD_2070;PROD_27;3;5
ORD_2071;PROD_36;8;1
ORD_2071;PROD_1;5;1
ORD_2071;PROD_36;3;2
ORD_2071;PROD_43;7;4
ORD_2071;PROD_18;5;3
ORD_2071;PROD_17;7;2
ORD_2071;PROD_1;2;2
ORD_2071;PROD_43;9;3
ORD_2072;PROD_3;7;3
ORD_2072;PROD_49;6;1
ORD_2072;PROD_19;3;1
ORD_2072;PROD_7;2;4
ORD_2072;PROD_30;2;3
ORD_2072;PROD_13;5;4
ORD_2073;PROD_16;6;1
ORD_2073;PROD_27;2;5
ORD_2073;PROD_30;8;4
ORD_2073;PROD_13;3;2
ORD_2073;PROD_38;1;1
ORD_2073;PROD_3;8;3
ORD_2073;PROD_38;2;2
ORD_2073;PROD_5;3;4
ORD_2073;PROD_10;8;3
ORD_2073;PROD_36;7;1
ORD_2073;PROD_16;5;4
ORD_2073;PROD_23;3;2
ORD_2073;PROD_32;9;1
ORD_2073;PROD_16;6;2
ORD_2073;PROD_22;5;4
ORD_2074;PROD_29;5;3
ORD_2074;PROD_19;4;1
ORD_2074;PROD_45;5;3
ORD_2074;PROD_36;4;2
ORD_2074;PROD_36;5;2
ORD_2074;PROD_25;8;4
ORD_2074;PROD_16;8;1
ORD_2074;PROD_5;2;5
ORD_2074;PROD_14;2;3
ORD_2074;PROD_48;4;1
ORD_2074;PROD_45;4;3
ORD_2075;PROD_35;3;1
ORD_2075;PROD_13;1;3
ORD_2075;PROD_26;7;2
ORD_2075;PROD_24;6;4
ORD_2075;PROD_19;7;3
ORD_2075;PROD_41;7;1
ORD_2075;PROD_45;9;3
ORD_2075;PROD_28;2;3
ORD_2075;PROD_37;4;5
ORD_2075;PROD_4;6;2
ORD_2075;PROD_27;5;5
ORD_2075;PROD_29;8;1
ORD_2075;PROD_13;4;2
ORD_2075;PROD_33;8;2
ORD_2075;PROD_41;6;5
ORD_2076;PROD_8;5;2
ORD_2076;PROD_21;1;5
ORD_2076;PROD_28;8;3
ORD_2076;PROD_29;5;1
ORD_2076;PROD_25;8;5
ORD_2076;PROD_11;9;4
ORD_2076;PROD_17;6;4
ORD_2076;PROD_11;1;4
ORD_2076;PROD_26;1;4
ORD_2076;PROD_9;7;5
ORD_2076;PROD_3;8;4
ORD_2076;PROD_40;5;1
ORD_2077;PROD_20;1;4
ORD_2077;PROD_43;5;5
ORD_2077;PROD_49;1;3
ORD_2077;PROD_9;1;1
ORD_2077;PROD_50;7;4
ORD_2077;PROD_17;4;1
ORD_2077;PROD_37;5;3
ORD_2077;PROD_9;8;1
ORD_2077;PROD_14;7;3
ORD_2077;PROD_3;3;3
ORD_2078;PROD_19;9;5
ORD_2078;PROD_3;1;1
ORD_2078;PROD_28;8;1
ORD_2078;PROD_36;8;3
ORD_2078;PROD_9;5;1
ORD_2078;PROD_31;7;4
ORD_2078;PROD_5;6;2
ORD_2078;PROD_16;2;4
ORD_2078;PROD_13;1;4
ORD_2078;PROD_34;2;4
ORD_2079;PROD_19;9;2
ORD_2079;PROD_3;3;1
ORD_2079;PROD_28;8;4
ORD_2079;PROD_17;2;5
ORD_2079;PROD_37;1;1
ORD_2079;PROD_2;6;4
ORD_2079;PROD_45;9;5
ORD_2079;PROD_47;8;5
ORD_2079;PROD_10;7;2
ORD_2079;PROD_30;4;1
ORD_2080;PROD_45;9;4
ORD_2080;PROD_44;9;4
ORD_2080;PROD_17;3;5
ORD_2080;PROD_36;8;3
ORD_2080;PROD_41;3;1
ORD_2081;PROD_41;4;2
ORD_2081;PROD_49;3;5
ORD_2081;PROD_13;8;5
ORD_2081;PROD_34;6;1
ORD_2081;PROD_38;9;2
ORD_2081;PROD_21;4;4
ORD_2081;PROD_38;8;4
ORD_2081;PROD_17;5;5
ORD_2081;PROD_8;5;1
ORD_2082;PROD_31;1;5
ORD_2082;PROD_5;4;1
ORD_2082;PROD_27;3;2
ORD_2082;PROD_41;6;2
ORD_2082;PROD_11;8;3
ORD_2082;PROD_50;9;3
ORD_2083;PROD_37;9;3
ORD_2083;PROD_12;9;5
ORD_2083;PROD_28;9;5
ORD_2083;PROD_18;3;1
ORD_2083;PROD_39;3;2
ORD_2083;PROD_46;2;2
ORD_2083;PROD_37;6;4
ORD_2083;PROD_34;3;5
ORD_2084;PROD_13;6;4
ORD_2084;PROD_17;2;1
ORD_2084;PROD_1;4;3
ORD_2084;PROD_27;7;5
ORD_2084;PROD_33;4;5
ORD_2084;PROD_1;3;2
ORD_2084;PROD_14;4;2
ORD_2084;PROD_11;5;5
ORD_2085;PROD_18;6;1
ORD_2085;PROD_15;9;2
ORD_2085;PROD_1;2;5
ORD_2085;PROD_6;8;2
ORD_2085;PROD_4;4;4
ORD_2085;PROD_21;8;5
ORD_2085;PROD_16;8;3
ORD_2085;PROD_41;7;2
ORD_2086;PROD_13;3;2
ORD_2086;PROD_7;9;2
ORD_2086;PROD_21;7;3
ORD_2086;PROD_17;1;3
ORD_2086;PROD_31;2;4
ORD_2086;PROD_18;6;1
ORD_2086;PROD_37;1;2
ORD_2086;PROD_18;3;2
ORD_2086;PROD_39;5;1
ORD_2086;PROD_7;3;5
ORD_2086;PROD_12;5;4
ORD_2087;PROD_6;4;4
ORD_2087;PROD_24;7;2
ORD_2087;PROD_2;1;4
ORD_2087;PROD_36;5;2
ORD_2087;PROD_1;3;3
ORD_2087;PROD_50;2;4
ORD_2087;PROD_23;9;1
ORD_2087;PROD_25;7;2
ORD_2087;PROD_3;8;5
ORD_2087;PROD_18;9;4
ORD_2087;PROD_12;7;4
ORD_2087;PROD_44;1;1
ORD_2088;PROD_6;6;4
ORD_2088;PROD_24;1;4
ORD_2088;PROD_9;5;5
ORD_2088;PROD_1;4;5
ORD_2088;PROD_48;4;4
ORD_2088;PROD_41;7;1
ORD_2088;PROD_25;9;4
ORD_2088;PROD_6;4;5
ORD_2088;PROD_5;3;4
ORD_2088;PROD_10;4;5
ORD_2088;PROD_39;9;2
ORD_2089;PROD_21;1;3
ORD_2089;PROD_45;9;4
ORD_2089;PROD_24;7;4
ORD_2089;PROD_30;6;1
ORD_2089;PROD_37;9;3
ORD_2089;PROD_3;2;2
ORD_2089;PROD_49;9;3
ORD_2089;PROD_19;3;4
ORD_2089;PROD_7;7;2
ORD_2090;PROD_31;1;5
ORD_2090;PROD_3;8;4
ORD_2090;PROD_33;2;3
ORD_2090;PROD_41;3;2
ORD_2090;PROD_4;9;2
ORD_2090;PROD_34;7;3
ORD_2090;PROD_32;5;4
ORD_2090;PROD_12;5;4
ORD_2090;PROD_21;4;3
ORD_2090;PROD_3;7;4
ORD_2090;PROD_47;1;3
ORD_2090;PROD_34;9;1
ORD_2090;PROD_6;3;5
ORD_2090;PROD_3;6;4
ORD_2090;PROD_8;1;2
ORD_2091;PROD_8;5;3
ORD_2091;PROD_50;4;2
ORD_2091;PROD_17;5;3
ORD_2091;PROD_32;1;5
ORD_2091;PROD_36;7;4
ORD_2091;PROD_28;7;3
ORD_2091;PROD_43;5;5
ORD_2091;PROD_7;8;5
ORD_2091;PROD_6;7;4
ORD_2092;PROD_9;7;4
ORD_2092;PROD_1;4;2
ORD_2092;PROD_48;8;1
ORD_2092;PROD_41;3;2
ORD_2092;PROD_9;9;2
ORD_2092;PROD_35;2;4
ORD_2093;PROD_2;3;2
ORD_2093;PROD_36;8;2
ORD_2093;PROD_1;2;2
ORD_2093;PROD_50;8;5
ORD_2093;PROD_23;8;3
ORD_2093;PROD_30;2;1
ORD_2093;PROD_13;1;4
ORD_2093;PROD_38;3;5
ORD_2093;PROD_30;4;1
ORD_2093;PROD_13;2;2
ORD_2093;PROD_38;4;4
ORD_2093;PROD_42;2;3
ORD_2093;PROD_45;4;4
ORD_2093;PROD_23;2;4
ORD_2094;PROD_16;9;2
ORD_2094;PROD_7;1;2
ORD_2094;PROD_5;5;5
ORD_2094;PROD_19;2;4
ORD_2094;PROD_32;5;2
ORD_2094;PROD_21;8;3
ORD_2094;PROD_5;4;2
ORD_2094;PROD_23;4;2
ORD_2094;PROD_37;8;5
ORD_2094;PROD_20;5;2
ORD_2094;PROD_38;7;5
ORD_2095;PROD_2;8;1
ORD_2095;PROD_35;7;4
ORD_2095;PROD_32;2;1
ORD_2095;PROD_38;5;4
ORD_2095;PROD_35;8;1
ORD_2096;PROD_29;5;3
ORD_2096;PROD_30;2;1
ORD_2096;PROD_50;4;3
ORD_2096;PROD_14;9;2
ORD_2096;PROD_1;4;4
ORD_2096;PROD_41;8;2
ORD_2096;PROD_13;5;5
ORD_2096;PROD_29;3;2
ORD_2096;PROD_33;4;4
ORD_2096;PROD_24;3;5
ORD_2096;PROD_25;4;5
ORD_2096;PROD_4;2;4
ORD_2096;PROD_27;2;4
ORD_2097;PROD_27;7;4
ORD_2097;PROD_41;9;3
ORD_2097;PROD_2;7;5
ORD_2097;PROD_36;1;5
ORD_2097;PROD_1;3;1
ORD_2098;PROD_36;6;4
ORD_2098;PROD_3;6;1
ORD_2098;PROD_49;8;5
ORD_2098;PROD_10;1;3
ORD_2098;PROD_5;6;4
ORD_2098;PROD_12;5;4
ORD_2098;PROD_17;8;2
ORD_2099;PROD_36;6;2
ORD_2099;PROD_30;9;1
ORD_2099;PROD_16;9;1
ORD_2099;PROD_5;5;5
ORD_2099;PROD_4;4;4
ORD_2099;PROD_26;9;5
ORD_2099;PROD_13;2;3
ORD_2099;PROD_24;6;5
ORD_2099;PROD_7;2;1
ORD_2099;PROD_18;4;3
ORD_2099;PROD_24;8;2
ORD_2099;PROD_37;5;2
ORD_2099;PROD_32;8;5
ORD_2099;PROD_2;9;1
ORD_2100;PROD_36;3;2
ORD_2100;PROD_35;3;5
ORD_2100;PROD_48;9;2
ORD_2100;PROD_3;3;1
ORD_2100;PROD_31;2;5
ORD_2100;PROD_4;3;4
ORD_2100;PROD_14;8;2
ORD_2100;PROD_8;5;2
ORD_2100;PROD_26;5;5
ORD_2100;PROD_13;7;3
ORD_2100;PROD_47;5;4
ORD_2100;PROD_17;6;3
ORD_2100;PROD_26;5;5
ORD_2101;PROD_2;2;3
ORD_2101;PROD_36;5;5
ORD_2101;PROD_1;9;1
ORD_2101;PROD_50;8;2
ORD_2101;PROD_23;4;4
ORD_2101;PROD_33;1;5
ORD_2101;PROD_23;7;2
ORD_2101;PROD_47;9;4
ORD_2101;PROD_18;3;5
ORD_2101;PROD_30;9;3
ORD_2101;PROD_15;9;2
ORD_2101;PROD_41;5;4
ORD_2101;PROD_48;8;5
ORD_2101;PROD_18;7;4
ORD_2101;PROD_17;7;1
ORD_2102;PROD_10;1;1
ORD_2102;PROD_5;2;3
ORD_2102;PROD_4;3;3
ORD_2102;PROD_35;7;4
ORD_2102;PROD_9;6;2
ORD_2102;PROD_46;6;2
ORD_2102;PROD_34;5;5
ORD_2103;PROD_48;6;5
ORD_2103;PROD_13;2;2
ORD_2103;PROD_7;4;5
ORD_2103;PROD_25;8;4
ORD_2103;PROD_30;6;4
ORD_2103;PROD_34;9;1
ORD_2103;PROD_3;6;5
ORD_2103;PROD_9;1;4
ORD_2103;PROD_22;6;5
ORD_2103;PROD_27;9;5
ORD_2104;PROD_27;8;5
ORD_2104;PROD_41;4;3
ORD_2104;PROD_36;5;1
ORD_2104;PROD_30;3;4
ORD_2104;PROD_9;2;4
ORD_2104;PROD_12;9;2
ORD_2104;PROD_20;7;2
ORD_2104;PROD_33;9;3
ORD_2104;PROD_7;8;5
ORD_2104;PROD_11;4;5
ORD_2104;PROD_9;6;2
ORD_2104;PROD_8;3;5
ORD_2104;PROD_28;1;1
ORD_2105;PROD_8;7;3
ORD_2105;PROD_6;6;3
ORD_2105;PROD_23;9;4
ORD_2105;PROD_14;3;4
ORD_2105;PROD_30;1;5
ORD_2105;PROD_1;5;3
ORD_2105;PROD_29;8;1
ORD_2105;PROD_29;6;1
ORD_2105;PROD_3;9;3
ORD_2105;PROD_28;7;2
ORD_2105;PROD_32;5;1
ORD_2106;PROD_7;1;4
ORD_2106;PROD_4;4;5
ORD_2106;PROD_2;1;5
ORD_2106;PROD_5;7;4
ORD_2106;PROD_37;6;2
ORD_2106;PROD_8;5;1
ORD_2107;PROD_37;9;3
ORD_2107;PROD_12;5;4
ORD_2107;PROD_28;1;1
ORD_2107;PROD_34;7;3
ORD_2107;PROD_22;2;4
ORD_2107;PROD_18;7;3
ORD_2107;PROD_26;2;5
ORD_2107;PROD_32;6;4
ORD_2107;PROD_13;4;4
ORD_2107;PROD_14;3;4
ORD_2107;PROD_6;8;1
ORD_2108;PROD_30;1;1
ORD_2108;PROD_13;4;3
ORD_2108;PROD_38;4;3
ORD_2108;PROD_12;6;4
ORD_2108;PROD_15;4;3
ORD_2108;PROD_35;5;2
ORD_2108;PROD_10;6;1
ORD_2108;PROD_16;7;4
ORD_2108;PROD_39;8;1
ORD_2108;PROD_22;2;5
ORD_2108;PROD_30;8;2
ORD_2108;PROD_5;8;2
ORD_2108;PROD_22;3;3
ORD_2109;PROD_45;5;3
ORD_2109;PROD_27;7;3
ORD_2109;PROD_48;4;1
ORD_2109;PROD_48;6;1
ORD_2109;PROD_38;8;2
ORD_2109;PROD_47;3;3
ORD_2109;PROD_43;8;2
ORD_2109;PROD_8;6;1
ORD_2109;PROD_49;6;2
ORD_2109;PROD_8;3;2
ORD_2109;PROD_32;8;2
ORD_2109;PROD_10;7;3
ORD_2109;PROD_22;7;1
ORD_2109;PROD_32;5;4
ORD_2110;PROD_3;9;2
ORD_2110;PROD_49;7;5
ORD_2110;PROD_19;1;1
ORD_2110;PROD_7;5;5
ORD_2110;PROD_41;3;4
ORD_2110;PROD_1;2;3
ORD_2110;PROD_39;7;4
ORD_2110;PROD_3;2;5
ORD_2110;PROD_5;2;5
ORD_2111;PROD_36;3;2
ORD_2111;PROD_9;2;3
ORD_2111;PROD_7;1;5
ORD_2111;PROD_8;4;3
ORD_2111;PROD_18;6;5
ORD_2111;PROD_5;7;4
ORD_2111;PROD_29;2;4
ORD_2111;PROD_37;7;4
ORD_2111;PROD_12;4;2
ORD_2111;PROD_5;1;3
ORD_2111;PROD_9;9;3
ORD_2111;PROD_25;2;2
ORD_2111;PROD_33;2;2
ORD_2112;PROD_21;5;1
ORD_2112;PROD_37;3;1
ORD_2112;PROD_38;5;2
ORD_2112;PROD_43;2;5
ORD_2112;PROD_14;2;3
ORD_2112;PROD_14;5;5
ORD_2112;PROD_38;1;5
ORD_2112;PROD_37;4;3
ORD_2112;PROD_47;3;2
ORD_2112;PROD_10;2;4
ORD_2112;PROD_24;2;2
ORD_2112;PROD_34;1;4
ORD_2112;PROD_50;4;3
ORD_2112;PROD_32;8;4
ORD_2113;PROD_38;5;5
ORD_2113;PROD_10;3;2
ORD_2113;PROD_29;8;3
ORD_2113;PROD_6;6;1
ORD_2113;PROD_26;1;5
ORD_2113;PROD_9;4;1
ORD_2113;PROD_46;3;5
ORD_2113;PROD_35;2;2
ORD_2113;PROD_2;8;4
ORD_2114;PROD_9;5;3
ORD_2114;PROD_1;1;2
ORD_2114;PROD_48;1;4
ORD_2114;PROD_41;1;5
ORD_2114;PROD_27;8;5
ORD_2114;PROD_41;6;1
ORD_2114;PROD_13;6;3
ORD_2114;PROD_7;6;5
ORD_2114;PROD_6;3;4
ORD_2114;PROD_32;9;4
ORD_2114;PROD_13;1;4
ORD_2114;PROD_50;7;3
ORD_2114;PROD_37;7;5
ORD_2114;PROD_1;4;2
ORD_2115;PROD_16;4;2
ORD_2115;PROD_50;1;2
ORD_2115;PROD_49;2;3
ORD_2115;PROD_13;5;3
ORD_2115;PROD_34;9;3
ORD_2115;PROD_47;5;2
ORD_2116;PROD_29;6;1
ORD_2116;PROD_42;8;4
ORD_2116;PROD_30;5;1
ORD_2116;PROD_14;1;2
ORD_2116;PROD_19;2;4
ORD_2116;PROD_41;4;3
ORD_2116;PROD_27;1;1
ORD_2116;PROD_35;7;5
ORD_2116;PROD_50;1;3
ORD_2116;PROD_33;9;2
ORD_2116;PROD_31;9;5
ORD_2116;PROD_37;7;5
ORD_2116;PROD_24;1;1
ORD_2116;PROD_42;4;3
ORD_2116;PROD_25;6;3
ORD_2117;PROD_12;6;2
ORD_2117;PROD_8;4;1
ORD_2117;PROD_9;9;5
ORD_2117;PROD_38;4;3
ORD_2117;PROD_32;8;2
ORD_2117;PROD_43;6;4
ORD_2117;PROD_38;3;2
ORD_2117;PROD_6;7;1
ORD_2117;PROD_10;6;2
ORD_2117;PROD_23;4;3
ORD_2118;PROD_9;2;4
ORD_2118;PROD_33;5;2
ORD_2118;PROD_12;5;5
ORD_2118;PROD_3;2;4
ORD_2118;PROD_20;1;4
ORD_2118;PROD_38;9;4
ORD_2119;PROD_9;7;1
ORD_2119;PROD_1;8;1
ORD_2119;PROD_48;7;2
ORD_2119;PROD_41;6;5
ORD_2119;PROD_13;5;4
ORD_2119;PROD_40;7;4
ORD_2119;PROD_4;6;4
ORD_2119;PROD_21;2;2
ORD_2120;PROD_3;7;5
ORD_2120;PROD_16;5;1
ORD_2120;PROD_16;4;4
ORD_2120;PROD_28;2;1
ORD_2120;PROD_23;1;1
ORD_2120;PROD_1;2;2
ORD_2120;PROD_10;1;4
ORD_2120;PROD_13;7;2
ORD_2120;PROD_24;6;2
ORD_2120;PROD_36;5;5
ORD_2120;PROD_6;4;1
ORD_2120;PROD_18;4;2
ORD_2120;PROD_12;5;1
ORD_2120;PROD_49;9;3
ORD_2120;PROD_2;4;5
ORD_2121;PROD_27;8;4
ORD_2121;PROD_21;3;1
ORD_2121;PROD_32;2;3
ORD_2121;PROD_12;8;2
ORD_2121;PROD_40;9;3
ORD_2121;PROD_39;6;3
ORD_2121;PROD_30;8;5
ORD_2121;PROD_26;8;5
ORD_2121;PROD_11;7;1
ORD_2121;PROD_45;6;4
ORD_2121;PROD_39;9;5
ORD_2121;PROD_30;5;5
ORD_2121;PROD_41;8;5
ORD_2121;PROD_6;9;1
ORD_2121;PROD_11;2;5
ORD_2122;PROD_27;2;4
ORD_2122;PROD_41;8;2
ORD_2122;PROD_12;8;1
ORD_2122;PROD_15;4;1
ORD_2122;PROD_44;1;3
ORD_2122;PROD_33;9;1
ORD_2122;PROD_25;7;1
ORD_2122;PROD_26;8;1
ORD_2123;PROD_24;7;1
ORD_2123;PROD_13;2;5
ORD_2123;PROD_37;8;2
ORD_2123;PROD_11;7;3
ORD_2123;PROD_38;2;4
ORD_2123;PROD_23;7;1
ORD_2124;PROD_9;7;4
ORD_2124;PROD_25;6;5
ORD_2124;PROD_36;8;5
ORD_2124;PROD_44;3;5
ORD_2124;PROD_16;1;5
ORD_2124;PROD_8;9;4
ORD_2124;PROD_33;7;3
ORD_2124;PROD_31;6;5
ORD_2124;PROD_32;3;4
ORD_2124;PROD_11;6;1
ORD_2124;PROD_22;7;5
ORD_2125;PROD_41;5;5
ORD_2125;PROD_1;6;3
ORD_2125;PROD_36;9;2
ORD_2125;PROD_30;3;4
ORD_2125;PROD_49;5;2
ORD_2125;PROD_8;9;1
ORD_2125;PROD_3;8;5
ORD_2125;PROD_41;2;4
ORD_2125;PROD_20;1;3
ORD_2125;PROD_37;4;4
ORD_2125;PROD_46;6;4
ORD_2125;PROD_29;5;1
ORD_2126;PROD_28;5;5
ORD_2126;PROD_32;8;2
ORD_2126;PROD_25;6;2
ORD_2126;PROD_5;3;1
ORD_2126;PROD_12;3;4
ORD_2127;PROD_13;8;4
ORD_2127;PROD_17;6;1
ORD_2127;PROD_1;1;1
ORD_2127;PROD_27;4;4
ORD_2127;PROD_39;3;1
ORD_2127;PROD_28;1;1
ORD_2128;PROD_33;8;2
ORD_2128;PROD_5;4;2
ORD_2128;PROD_46;9;2
ORD_2128;PROD_44;7;3
ORD_2128;PROD_25;4;2
ORD_2128;PROD_36;7;2
ORD_2128;PROD_6;4;1
ORD_2128;PROD_30;3;3
ORD_2128;PROD_49;4;5
ORD_2128;PROD_36;7;1
ORD_2129;PROD_30;5;4
ORD_2129;PROD_13;7;4
ORD_2129;PROD_38;9;5
ORD_2129;PROD_44;4;2
ORD_2129;PROD_33;6;1
ORD_2129;PROD_31;6;1
ORD_2129;PROD_5;9;2
ORD_2130;PROD_31;4;4
ORD_2130;PROD_5;9;1
ORD_2130;PROD_43;3;2
ORD_2130;PROD_1;3;3
ORD_2130;PROD_3;1;5
ORD_2131;PROD_36;7;3
ORD_2131;PROD_9;3;3
ORD_2131;PROD_44;4;2
ORD_2131;PROD_33;4;5
ORD_2131;PROD_29;5;5
ORD_2131;PROD_30;8;4
ORD_2132;PROD_9;2;4
ORD_2132;PROD_33;3;3
ORD_2132;PROD_38;7;2
ORD_2132;PROD_6;8;3
ORD_2132;PROD_37;2;3
ORD_2132;PROD_27;5;5
ORD_2133;PROD_18;9;3
ORD_2133;PROD_16;4;1
ORD_2133;PROD_26;6;1
ORD_2133;PROD_20;4;1
ORD_2133;PROD_3;1;1
ORD_2133;PROD_26;5;2
ORD_2133;PROD_33;1;1
ORD_2133;PROD_32;3;5
ORD_2133;PROD_46;4;3
ORD_2133;PROD_17;6;2
ORD_2133;PROD_5;4;5
ORD_2133;PROD_49;5;1
ORD_2133;PROD_48;7;2
ORD_2133;PROD_14;4;2
ORD_2133;PROD_43;8;1
ORD_2134;PROD_27;5;2
ORD_2134;PROD_41;9;3
ORD_2134;PROD_37;9;4
ORD_2134;PROD_12;7;1
ORD_2134;PROD_28;1;1
ORD_2135;PROD_16;1;1
ORD_2135;PROD_27;1;3
ORD_2135;PROD_3;3;4
ORD_2135;PROD_49;9;1
ORD_2135;PROD_19;4;4
ORD_2135;PROD_7;6;5
ORD_2136;PROD_21;1;1
ORD_2136;PROD_45;4;4
ORD_2136;PROD_24;7;2
ORD_2136;PROD_30;5;4
ORD_2136;PROD_37;5;4
ORD_2136;PROD_40;7;3
ORD_2137;PROD_6;3;5
ORD_2137;PROD_24;8;2
ORD_2137;PROD_10;1;2
ORD_2137;PROD_37;4;1
ORD_2137;PROD_41;7;1
ORD_2137;PROD_17;5;2
ORD_2137;PROD_18;5;2
ORD_2137;PROD_44;4;3
ORD_2138;PROD_17;1;1
ORD_2138;PROD_38;5;4
ORD_2138;PROD_41;2;3
ORD_2138;PROD_31;2;3
ORD_2138;PROD_34;8;4
ORD_2138;PROD_38;3;2
ORD_2138;PROD_8;2;4
ORD_2138;PROD_45;7;5
ORD_2138;PROD_7;9;3
ORD_2138;PROD_7;8;1
ORD_2138;PROD_38;9;2
ORD_2138;PROD_5;2;3
ORD_2138;PROD_34;8;4
ORD_2138;PROD_21;8;3
ORD_2139;PROD_45;9;5
ORD_2139;PROD_6;6;1
ORD_2139;PROD_42;9;3
ORD_2139;PROD_11;2;1
ORD_2139;PROD_49;7;3
ORD_2139;PROD_27;4;4
ORD_2139;PROD_1;4;4
ORD_2139;PROD_31;2;5
ORD_2139;PROD_7;6;5
ORD_2139;PROD_41;4;1
ORD_2139;PROD_49;1;5
ORD_2139;PROD_15;2;1
ORD_2139;PROD_13;9;3
ORD_2139;PROD_34;2;1
ORD_2140;PROD_9;3;4
ORD_2140;PROD_12;3;4
ORD_2140;PROD_20;6;5
ORD_2140;PROD_33;3;1
ORD_2140;PROD_7;2;2
ORD_2140;PROD_29;5;2
ORD_2140;PROD_45;8;4
ORD_2140;PROD_6;5;2
ORD_2141;PROD_6;1;3
ORD_2141;PROD_38;7;1
ORD_2141;PROD_4;6;1
ORD_2141;PROD_29;3;2
ORD_2141;PROD_23;5;1
ORD_2141;PROD_20;8;4
ORD_2141;PROD_44;1;3
ORD_2141;PROD_5;2;2
ORD_2141;PROD_45;8;5
ORD_2141;PROD_30;7;5
ORD_2142;PROD_11;8;4
ORD_2142;PROD_22;2;4
ORD_2142;PROD_27;5;1
ORD_2142;PROD_6;3;2
ORD_2142;PROD_37;2;1
ORD_2142;PROD_21;5;1
ORD_2142;PROD_13;7;2
ORD_2142;PROD_3;4;4
ORD_2142;PROD_11;2;4
ORD_2142;PROD_19;9;5
ORD_2142;PROD_41;4;2
ORD_2142;PROD_37;1;2
ORD_2142;PROD_47;6;1
ORD_2142;PROD_5;9;1
ORD_2142;PROD_19;9;5
ORD_2143;PROD_44;9;5
ORD_2143;PROD_33;7;4
ORD_2143;PROD_36;6;4
ORD_2143;PROD_9;7;4
ORD_2143;PROD_19;2;5
ORD_2143;PROD_24;7;2
ORD_2143;PROD_33;7;5
ORD_2143;PROD_6;5;1
ORD_2143;PROD_45;5;2
ORD_2144;PROD_41;9;4
ORD_2144;PROD_1;9;2
ORD_2144;PROD_29;9;1
ORD_2144;PROD_30;6;3
ORD_2144;PROD_50;8;4
ORD_2144;PROD_14;4;5
ORD_2144;PROD_1;5;3
ORD_2144;PROD_30;6;4
ORD_2144;PROD_13;2;1
ORD_2144;PROD_38;7;2
ORD_2145;PROD_27;2;5
ORD_2145;PROD_50;9;2
ORD_2145;PROD_8;9;2
ORD_2145;PROD_48;5;2
ORD_2145;PROD_34;5;5
ORD_2145;PROD_22;4;2
ORD_2145;PROD_43;3;3
ORD_2145;PROD_28;3;4
ORD_2145;PROD_17;4;3
ORD_2145;PROD_28;7;1
ORD_2145;PROD_27;6;2
ORD_2145;PROD_29;3;1
ORD_2145;PROD_3;3;4
ORD_2145;PROD_18;6;1
ORD_2145;PROD_23;7;1
ORD_2146;PROD_47;1;3
ORD_2146;PROD_44;9;3
ORD_2146;PROD_14;6;5
ORD_2146;PROD_31;9;3
ORD_2146;PROD_42;3;2
ORD_2146;PROD_25;2;2
ORD_2146;PROD_32;6;2
ORD_2146;PROD_43;1;3
ORD_2146;PROD_43;8;5
ORD_2146;PROD_14;7;1
ORD_2146;PROD_42;9;4
ORD_2146;PROD_31;3;3
ORD_2146;PROD_10;1;1
ORD_2147;PROD_6;3;4
ORD_2147;PROD_24;7;5
ORD_2147;PROD_45;2;3
ORD_2147;PROD_32;4;4
ORD_2147;PROD_37;3;4
ORD_2147;PROD_43;1;5
ORD_2147;PROD_14;6;2
ORD_2147;PROD_17;4;2
ORD_2147;PROD_35;3;2
ORD_2147;PROD_23;3;4
ORD_2148;PROD_47;1;1
ORD_2148;PROD_47;2;5
ORD_2148;PROD_9;8;1
ORD_2148;PROD_16;2;3
ORD_2148;PROD_37;2;4
ORD_2148;PROD_1;6;1
ORD_2149;PROD_31;6;2
ORD_2149;PROD_5;6;3
ORD_2149;PROD_25;2;4
ORD_2149;PROD_6;7;3
ORD_2149;PROD_5;2;2
ORD_2149;PROD_25;3;3
ORD_2149;PROD_38;4;4
ORD_2149;PROD_45;2;4
ORD_2149;PROD_27;9;1
ORD_2149;PROD_22;3;4
ORD_2149;PROD_37;6;2
ORD_2149;PROD_42;4;3
ORD_2150;PROD_47;2;2
ORD_2150;PROD_41;3;5
ORD_2150;PROD_12;8;3
ORD_2150;PROD_9;7;3
ORD_2150;PROD_20;1;3
ORD_2150;PROD_2;5;2
ORD_2150;PROD_14;1;3
ORD_2150;PROD_50;5;5
ORD_2150;PROD_48;1;1
ORD_2151;PROD_19;1;3
ORD_2151;PROD_42;5;4
ORD_2151;PROD_37;2;5
ORD_2151;PROD_38;3;3
ORD_2151;PROD_8;5;5
ORD_2151;PROD_27;6;4
ORD_2151;PROD_46;8;2
ORD_2151;PROD_8;2;2
ORD_2151;PROD_41;8;2
ORD_2151;PROD_48;8;3
ORD_2151;PROD_36;1;4
ORD_2151;PROD_45;7;2
ORD_2152;PROD_21;7;3
ORD_2152;PROD_45;9;2
ORD_2152;PROD_24;8;4
ORD_2152;PROD_30;3;2
ORD_2152;PROD_37;2;4
ORD_2152;PROD_41;2;5
ORD_2152;PROD_11;5;5
ORD_2153;PROD_12;7;3
ORD_2153;PROD_47;6;5
ORD_2153;PROD_6;8;4
ORD_2153;PROD_23;2;4
ORD_2153;PROD_20;6;1
ORD_2153;PROD_15;8;3
ORD_2153;PROD_14;1;3
ORD_2153;PROD_6;3;1
ORD_2153;PROD_14;2;5
ORD_2153;PROD_3;7;4
ORD_2153;PROD_35;8;1
ORD_2153;PROD_5;8;5
ORD_2153;PROD_27;8;3
ORD_2154;PROD_41;6;1
ORD_2154;PROD_1;4;1
ORD_2154;PROD_36;6;2
ORD_2154;PROD_9;2;1
ORD_2154;PROD_44;3;2
ORD_2154;PROD_33;3;3
ORD_2154;PROD_7;5;1
ORD_2154;PROD_38;6;1
ORD_2154;PROD_24;1;3
ORD_2154;PROD_46;4;3
ORD_2155;PROD_49;3;2
ORD_2155;PROD_45;4;4
ORD_2155;PROD_38;3;2
ORD_2155;PROD_2;7;1
ORD_2155;PROD_16;1;1
ORD_2155;PROD_37;5;4
ORD_2156;PROD_36;1;3
ORD_2156;PROD_2;2;2
ORD_2156;PROD_48;1;3
ORD_2156;PROD_11;6;5
ORD_2156;PROD_50;2;3
ORD_2156;PROD_50;4;1
ORD_2156;PROD_2;3;2
ORD_2156;PROD_36;4;2
ORD_2156;PROD_22;5;4
ORD_2156;PROD_20;9;2
ORD_2156;PROD_17;6;4
ORD_2156;PROD_25;5;2
ORD_2156;PROD_30;8;1
ORD_2157;PROD_27;9;3
ORD_2157;PROD_3;2;3
ORD_2157;PROD_38;9;2
ORD_2157;PROD_29;2;4
ORD_2157;PROD_29;1;4
ORD_2157;PROD_9;7;2
ORD_2157;PROD_46;2;1
ORD_2157;PROD_25;6;5
ORD_2157;PROD_12;2;3
ORD_2157;PROD_49;4;4
ORD_2157;PROD_18;8;1
ORD_2157;PROD_35;5;1
ORD_2157;PROD_50;8;5
ORD_2158;PROD_41;4;3
ORD_2158;PROD_1;5;5
ORD_2158;PROD_28;2;5
ORD_2158;PROD_1;6;5
ORD_2158;PROD_8;5;1
ORD_2159;PROD_32;6;5
ORD_2159;PROD_7;8;1
ORD_2159;PROD_18;6;1
ORD_2159;PROD_26;7;2
ORD_2159;PROD_43;7;2
ORD_2159;PROD_5;6;4
ORD_2159;PROD_28;1;2
ORD_2159;PROD_20;3;1
ORD_2159;PROD_44;8;3
ORD_2159;PROD_32;6;5
ORD_2159;PROD_43;1;1
ORD_2159;PROD_24;3;2
ORD_2159;PROD_44;1;4
ORD_2159;PROD_27;7;5
ORD_2160;PROD_15;5;4
ORD_2160;PROD_6;8;5
ORD_2160;PROD_44;4;4
ORD_2160;PROD_4;9;1
ORD_2160;PROD_3;9;1
ORD_2160;PROD_46;4;3
ORD_2160;PROD_33;2;1
ORD_2160;PROD_6;3;4
ORD_2160;PROD_34;4;4
ORD_2160;PROD_28;6;4
ORD_2160;PROD_39;4;3
ORD_2160;PROD_37;8;4
ORD_2160;PROD_20;1;2
ORD_2160;PROD_43;2;5
ORD_2161;PROD_39;2;5
ORD_2161;PROD_13;3;2
ORD_2161;PROD_6;3;3
ORD_2161;PROD_40;5;2
ORD_2161;PROD_46;1;5
ORD_2161;PROD_20;2;3
ORD_2161;PROD_27;2;1
ORD_2161;PROD_13;7;1
ORD_2161;PROD_9;6;1
ORD_2161;PROD_18;7;1
ORD_2161;PROD_33;4;5
ORD_2161;PROD_41;5;3
ORD_2161;PROD_5;2;3
ORD_2161;PROD_22;2;2
ORD_2161;PROD_40;9;2
ORD_2162;PROD_47;6;3
ORD_2162;PROD_44;2;5
ORD_2162;PROD_44;5;4
ORD_2162;PROD_33;5;2
ORD_2162;PROD_16;1;1
ORD_2162;PROD_26;4;4
ORD_2162;PROD_42;6;3
ORD_2162;PROD_14;8;2
ORD_2162;PROD_6;8;3
ORD_2163;PROD_8;8;2
ORD_2163;PROD_34;1;5
ORD_2163;PROD_19;7;5
ORD_2163;PROD_30;8;4
ORD_2163;PROD_3;1;2
ORD_2163;PROD_27;5;5
ORD_2163;PROD_22;6;1
ORD_2163;PROD_1;2;5
ORD_2163;PROD_46;2;5
ORD_2163;PROD_27;3;2
ORD_2163;PROD_15;4;5
ORD_2163;PROD_27;7;3
ORD_2163;PROD_7;6;1
ORD_2163;PROD_16;3;4
ORD_2163;PROD_37;4;2
ORD_2164;PROD_47;1;5
ORD_2164;PROD_44;6;5
ORD_2164;PROD_38;9;5
ORD_2164;PROD_33;7;2
ORD_2164;PROD_33;1;1
ORD_2164;PROD_46;9;3
ORD_2164;PROD_20;1;3
ORD_2164;PROD_17;6;1
ORD_2164;PROD_35;5;3
ORD_2165;PROD_8;4;2
ORD_2165;PROD_35;5;1
ORD_2165;PROD_14;7;2
ORD_2165;PROD_6;3;5
ORD_2165;PROD_13;6;2
ORD_2165;PROD_29;4;2
ORD_2165;PROD_9;4;5
ORD_2165;PROD_21;8;5
ORD_2166;PROD_48;9;2
ORD_2166;PROD_12;2;4
ORD_2166;PROD_42;5;3
ORD_2166;PROD_38;6;5
ORD_2166;PROD_24;3;3
ORD_2166;PROD_28;6;5
ORD_2166;PROD_22;5;2
ORD_2166;PROD_3;8;5
ORD_2166;PROD_30;8;5
ORD_2166;PROD_1;7;4
ORD_2166;PROD_22;4;1
ORD_2166;PROD_14;1;1
ORD_2167;PROD_12;1;4
ORD_2167;PROD_22;2;1
ORD_2167;PROD_5;3;1
ORD_2167;PROD_38;5;4
ORD_2167;PROD_38;8;5
ORD_2167;PROD_16;3;1
ORD_2167;PROD_3;7;2
ORD_2167;PROD_37;6;2
ORD_2167;PROD_41;7;4
ORD_2167;PROD_21;4;5
ORD_2167;PROD_4;5;1
ORD_2168;PROD_28;2;5
ORD_2168;PROD_6;7;5
ORD_2168;PROD_36;8;5
ORD_2168;PROD_49;6;3
ORD_2168;PROD_36;3;5
ORD_2168;PROD_48;1;5
ORD_2168;PROD_32;8;1
ORD_2168;PROD_1;5;4
ORD_2169;PROD_23;9;3
ORD_2169;PROD_40;5;5
ORD_2169;PROD_46;5;1
ORD_2169;PROD_50;6;2
ORD_2169;PROD_40;1;2
ORD_2169;PROD_22;8;5
ORD_2169;PROD_26;9;5
ORD_2169;PROD_6;3;3
ORD_2169;PROD_21;1;3
ORD_2169;PROD_40;1;2
ORD_2169;PROD_35;1;1
ORD_2169;PROD_23;8;4
ORD_2169;PROD_26;1;5
ORD_2170;PROD_13;2;2
ORD_2170;PROD_17;9;5
ORD_2170;PROD_1;6;1
ORD_2170;PROD_27;3;3
ORD_2170;PROD_6;9;1
ORD_2170;PROD_24;6;1
ORD_2170;PROD_49;9;4
ORD_2170;PROD_18;8;4
ORD_2171;PROD_38;6;4
ORD_2171;PROD_38;3;5
ORD_2171;PROD_4;5;1
ORD_2171;PROD_15;4;1
ORD_2171;PROD_22;4;1
ORD_2171;PROD_10;1;2
ORD_2171;PROD_30;4;1
ORD_2171;PROD_16;5;1
ORD_2171;PROD_50;8;1
ORD_2171;PROD_27;4;1
ORD_2171;PROD_37;1;5
ORD_2171;PROD_30;1;4
ORD_2171;PROD_10;2;5
ORD_2171;PROD_31;5;2
ORD_2172;PROD_26;3;1
ORD_2172;PROD_47;1;3
ORD_2172;PROD_22;8;3
ORD_2172;PROD_12;3;1
ORD_2172;PROD_40;6;4
ORD_2172;PROD_26;4;2
ORD_2173;PROD_37;4;3
ORD_2173;PROD_50;1;1
ORD_2173;PROD_45;4;1
ORD_2173;PROD_39;5;1
ORD_2173;PROD_11;3;4
ORD_2173;PROD_26;6;5
ORD_2173;PROD_11;8;1
ORD_2173;PROD_39;6;2
ORD_2173;PROD_31;6;1
ORD_2174;PROD_38;7;2
ORD_2174;PROD_46;8;3
ORD_2174;PROD_20;7;4
ORD_2174;PROD_49;2;1
ORD_2174;PROD_42;6;4
ORD_2174;PROD_39;8;1
ORD_2174;PROD_13;7;4
ORD_2174;PROD_41;5;3
ORD_2174;PROD_33;6;1
ORD_2174;PROD_45;8;2
ORD_2174;PROD_14;3;3
ORD_2174;PROD_24;3;5
ORD_2175;PROD_3;6;1
ORD_2175;PROD_49;9;5
ORD_2175;PROD_19;6;2
ORD_2175;PROD_7;6;5
ORD_2175;PROD_12;8;1
ORD_2175;PROD_9;6;5
ORD_2175;PROD_21;6;1
ORD_2175;PROD_29;3;2
ORD_2175;PROD_49;3;2
ORD_2175;PROD_49;4;4
ORD_2175;PROD_36;3;5
ORD_2175;PROD_5;7;5
ORD_2175;PROD_26;9;4
ORD_2176;PROD_2;7;4
ORD_2176;PROD_36;3;1
ORD_2176;PROD_1;7;3
ORD_2176;PROD_50;7;4
ORD_2176;PROD_23;3;3
ORD_2176;PROD_12;1;3
ORD_2176;PROD_15;2;5
ORD_2176;PROD_21;9;2
ORD_2176;PROD_45;8;5
ORD_2176;PROD_24;4;5
ORD_2176;PROD_30;2;3
ORD_2176;PROD_37;5;2
ORD_2176;PROD_2;3;4
ORD_2177;PROD_33;8;2
ORD_2177;PROD_39;7;5
ORD_2177;PROD_27;3;2
ORD_2177;PROD_9;2;2
ORD_2177;PROD_27;4;4
ORD_2177;PROD_27;1;4
ORD_2177;PROD_36;8;1
ORD_2178;PROD_4;9;2
ORD_2178;PROD_32;9;3
ORD_2178;PROD_33;5;2
ORD_2178;PROD_41;9;3
ORD_2178;PROD_14;6;1
ORD_2178;PROD_22;8;5
ORD_2178;PROD_11;3;2
ORD_2178;PROD_1;8;1
ORD_2178;PROD_3;2;5
ORD_2178;PROD_33;3;3
ORD_2178;PROD_5;6;4
ORD_2178;PROD_28;4;5
ORD_2179;PROD_25;9;5
ORD_2179;PROD_48;5;1
ORD_2179;PROD_7;9;2
ORD_2179;PROD_50;6;3
ORD_2179;PROD_7;9;4
ORD_2179;PROD_32;8;3
ORD_2179;PROD_49;1;4
ORD_2179;PROD_46;4;2
ORD_2179;PROD_27;6;4
ORD_2180;PROD_36;2;5
ORD_2180;PROD_9;2;1
ORD_2180;PROD_31;1;3
ORD_2180;PROD_5;6;5
ORD_2180;PROD_25;5;4
ORD_2180;PROD_6;4;3
ORD_2180;PROD_5;1;4
ORD_2180;PROD_45;2;3
ORD_2181;PROD_5;2;2
ORD_2181;PROD_29;9;2
ORD_2181;PROD_5;7;3
ORD_2181;PROD_28;7;2
ORD_2181;PROD_45;3;3
ORD_2181;PROD_13;3;3
ORD_2181;PROD_7;8;2
ORD_2181;PROD_49;1;1
ORD_2181;PROD_3;2;5
ORD_2182;PROD_13;2;4
ORD_2182;PROD_17;3;5
ORD_2182;PROD_1;8;2
ORD_2182;PROD_27;8;1
ORD_2182;PROD_33;6;3
ORD_2182;PROD_5;7;3
ORD_2182;PROD_46;8;3
ORD_2182;PROD_9;5;4
ORD_2182;PROD_5;8;2
ORD_2182;PROD_8;4;5
ORD_2182;PROD_36;7;3
ORD_2182;PROD_4;2;1
ORD_2182;PROD_11;3;5
ORD_2182;PROD_31;4;3
ORD_2183;PROD_13;9;1
ORD_2183;PROD_33;6;5
ORD_2183;PROD_19;9;5
ORD_2183;PROD_12;9;1
ORD_2183;PROD_13;5;3
ORD_2183;PROD_45;3;4
ORD_2183;PROD_18;1;2
ORD_2183;PROD_36;7;1
ORD_2183;PROD_27;3;1
ORD_2184;PROD_27;1;2
ORD_2184;PROD_41;9;3
ORD_2184;PROD_29;5;5
ORD_2184;PROD_30;2;4
ORD_2184;PROD_50;9;3
ORD_2184;PROD_14;8;4
ORD_2185;PROD_36;1;4
ORD_2185;PROD_9;6;5
ORD_2185;PROD_48;8;1
ORD_2185;PROD_39;2;5
ORD_2185;PROD_40;3;4
ORD_2185;PROD_22;5;4
ORD_2185;PROD_32;8;3
ORD_2185;PROD_31;7;3
ORD_2185;PROD_10;6;5
ORD_2186;PROD_10;8;4
ORD_2186;PROD_5;7;4
ORD_2186;PROD_4;4;3
ORD_2186;PROD_35;9;5
ORD_2186;PROD_12;2;2
ORD_2186;PROD_18;1;3
ORD_2186;PROD_11;4;2
ORD_2186;PROD_38;9;4
ORD_2186;PROD_18;2;1
ORD_2187;PROD_7;3;4
ORD_2187;PROD_48;9;4
ORD_2187;PROD_7;3;3
ORD_2187;PROD_41;9;5
ORD_2187;PROD_24;1;1
ORD_2187;PROD_39;8;5
ORD_2188;PROD_41;2;2
ORD_2188;PROD_1;3;2
ORD_2188;PROD_27;2;2
ORD_2188;PROD_41;2;2
ORD_2188;PROD_33;1;3
ORD_2188;PROD_19;4;2
ORD_2188;PROD_14;1;4
ORD_2188;PROD_5;6;1
ORD_2188;PROD_2;8;4
ORD_2188;PROD_5;4;3
ORD_2189;PROD_16;4;1
ORD_2189;PROD_27;9;1
ORD_2189;PROD_27;1;1
ORD_2189;PROD_41;2;2
ORD_2189;PROD_13;3;3
ORD_2189;PROD_22;1;2
ORD_2189;PROD_14;2;3
ORD_2189;PROD_10;3;4
ORD_2189;PROD_44;3;2
ORD_2190;PROD_10;8;2
ORD_2190;PROD_49;7;5
ORD_2190;PROD_5;4;4
ORD_2190;PROD_47;6;5
ORD_2190;PROD_30;8;5
ORD_2190;PROD_41;2;3
ORD_2190;PROD_21;8;2
ORD_2190;PROD_46;6;3
ORD_2190;PROD_8;3;4
ORD_2190;PROD_4;1;3
ORD_2191;PROD_12;3;2
ORD_2191;PROD_15;6;2
ORD_2191;PROD_10;6;1
ORD_2191;PROD_10;3;5
ORD_2191;PROD_49;7;5
ORD_2191;PROD_31;9;4
ORD_2191;PROD_20;4;2
ORD_2191;PROD_13;2;1
ORD_2192;PROD_27;9;3
ORD_2192;PROD_41;8;5
ORD_2192;PROD_33;4;5
ORD_2192;PROD_5;4;2
ORD_2192;PROD_46;7;4
ORD_2192;PROD_3;8;3
ORD_2192;PROD_20;2;5
ORD_2192;PROD_15;2;3
ORD_2192;PROD_24;5;1
ORD_2192;PROD_14;3;5
ORD_2192;PROD_45;5;3
ORD_2192;PROD_36;1;5
ORD_2192;PROD_41;2;1
ORD_2192;PROD_46;6;3
ORD_2192;PROD_23;1;1
ORD_2193;PROD_34;7;4
ORD_2193;PROD_30;7;5
ORD_2193;PROD_29;1;1
ORD_2193;PROD_29;5;3
ORD_2193;PROD_21;7;2
ORD_2193;PROD_43;5;4
ORD_2193;PROD_7;9;5
ORD_2193;PROD_23;4;1
ORD_2193;PROD_32;5;5
ORD_2193;PROD_18;7;5
ORD_2193;PROD_27;9;5
ORD_2193;PROD_4;7;5
ORD_2193;PROD_21;9;3
ORD_2194;PROD_25;4;4
ORD_2194;PROD_6;3;2
ORD_2194;PROD_5;9;2
ORD_2194;PROD_3;6;2
ORD_2194;PROD_9;2;4
ORD_2195;PROD_8;7;2
ORD_2195;PROD_43;3;4
ORD_2195;PROD_13;3;5
ORD_2195;PROD_28;2;3
ORD_2195;PROD_41;2;1
ORD_2195;PROD_7;2;2
ORD_2195;PROD_44;4;4
ORD_2195;PROD_12;5;3
ORD_2195;PROD_35;3;5
ORD_2195;PROD_29;8;3
ORD_2195;PROD_34;7;1
ORD_2195;PROD_49;7;4
ORD_2195;PROD_6;5;1
ORD_2196;PROD_44;6;5
ORD_2196;PROD_33;3;5
ORD_2196;PROD_50;2;1
ORD_2196;PROD_31;1;1
ORD_2196;PROD_34;2;5
ORD_2196;PROD_38;5;5
ORD_2196;PROD_26;3;2
ORD_2196;PROD_15;8;1
ORD_2196;PROD_20;5;2
ORD_2196;PROD_48;9;2
ORD_2196;PROD_4;3;4
ORD_2196;PROD_14;3;5
ORD_2196;PROD_32;1;5
ORD_2197;PROD_4;5;2
ORD_2197;PROD_50;1;4
ORD_2197;PROD_5;1;3
ORD_2197;PROD_27;5;2
ORD_2197;PROD_32;6;1
ORD_2197;PROD_14;2;5
ORD_2197;PROD_7;3;5
ORD_2197;PROD_28;7;3
ORD_2197;PROD_9;4;3
ORD_2197;PROD_17;8;5
ORD_2197;PROD_28;6;5
ORD_2198;PROD_29;4;1
ORD_2198;PROD_30;6;1
ORD_2198;PROD_50;8;3
ORD_2198;PROD_14;5;5
ORD_2198;PROD_1;7;2
ORD_2198;PROD_9;1;2
ORD_2198;PROD_12;7;4
ORD_2199;PROD_24;6;5
ORD_2199;PROD_17;6;4
ORD_2199;PROD_48;9;4
ORD_2199;PROD_46;8;3
ORD_2199;PROD_3;6;3
ORD_2199;PROD_14;6;2
ORD_2199;PROD_21;3;2
ORD_2199;PROD_10;7;2
ORD_2199;PROD_20;9;5
ORD_2199;PROD_30;9;1
ORD_2199;PROD_38;3;3
ORD_2199;PROD_41;6;3
ORD_2199;PROD_37;6;1
ORD_2199;PROD_36;4;2
ORD_2199;PROD_1;9;3
ORD_2200;PROD_37;9;2
ORD_2200;PROD_12;7;5
ORD_2200;PROD_28;4;4
ORD_2200;PROD_37;9;2
ORD_2200;PROD_12;6;2
ORD_2200;PROD_28;5;4
ORD_2200;PROD_37;8;3
ORD_2200;PROD_12;4;3
ORD_2200;PROD_28;3;3
ORD_2200;PROD_15;8;1
ORD_2200;PROD_25;4;3
ORD_2201;PROD_2;7;2
ORD_2201;PROD_41;9;5
ORD_2201;PROD_41;5;2
ORD_2201;PROD_2;3;1
ORD_2201;PROD_41;6;4
ORD_2201;PROD_3;4;3
ORD_2201;PROD_25;4;4
ORD_2202;PROD_19;2;1
ORD_2202;PROD_3;5;2
ORD_2202;PROD_28;3;5
ORD_2202;PROD_30;7;4
ORD_2202;PROD_13;4;2
ORD_2202;PROD_38;5;5
ORD_2202;PROD_15;9;2
ORD_2202;PROD_43;2;1
ORD_2202;PROD_21;7;1
ORD_2202;PROD_40;8;5
ORD_2202;PROD_50;9;4
ORD_2202;PROD_26;6;2
ORD_2203;PROD_27;1;4
ORD_2203;PROD_41;2;5
ORD_2203;PROD_25;3;2
ORD_2203;PROD_6;7;2
ORD_2203;PROD_5;2;4
ORD_2203;PROD_4;6;3
ORD_2203;PROD_14;6;1
ORD_2204;PROD_36;6;3
ORD_2204;PROD_9;3;5
ORD_2204;PROD_6;5;5
ORD_2204;PROD_41;3;4
ORD_2204;PROD_5;5;2
ORD_2204;PROD_50;8;4
ORD_2204;PROD_5;4;1
ORD_2204;PROD_22;5;5
ORD_2204;PROD_8;4;1
ORD_2204;PROD_13;4;2
ORD_2205;PROD_21;8;2
ORD_2205;PROD_45;4;5
ORD_2205;PROD_24;1;1
ORD_2205;PROD_30;8;4
ORD_2205;PROD_37;6;3
ORD_2206;PROD_47;8;5
ORD_2206;PROD_44;6;1
ORD_2206;PROD_41;2;5
ORD_2206;PROD_24;2;5
ORD_2206;PROD_16;7;1
ORD_2206;PROD_40;7;4
ORD_2206;PROD_3;2;4
ORD_2206;PROD_35;2;1
ORD_2206;PROD_46;1;5
ORD_2206;PROD_16;8;2
ORD_2206;PROD_14;5;1
ORD_2206;PROD_40;8;2
ORD_2206;PROD_10;1;4
ORD_2207;PROD_31;4;2
ORD_2207;PROD_5;7;1
ORD_2207;PROD_28;4;3
ORD_2207;PROD_43;9;2
ORD_2207;PROD_21;3;3
ORD_2208;PROD_47;6;3
ORD_2208;PROD_44;8;2
ORD_2208;PROD_12;8;4
ORD_2208;PROD_15;4;2
ORD_2208;PROD_6;4;2
ORD_2208;PROD_24;1;1
ORD_2208;PROD_7;6;4
ORD_2208;PROD_39;3;5
ORD_2208;PROD_39;2;2
ORD_2208;PROD_26;5;3
ORD_2208;PROD_33;5;4
ORD_2209;PROD_24;3;3
ORD_2209;PROD_43;1;4
ORD_2209;PROD_5;4;3
ORD_2209;PROD_44;5;3
ORD_2209;PROD_37;7;2
ORD_2209;PROD_9;2;3
ORD_2209;PROD_26;9;2
ORD_2209;PROD_46;8;5
ORD_2209;PROD_48;7;4
ORD_2209;PROD_14;6;4
ORD_2209;PROD_12;5;4
ORD_2209;PROD_41;2;3
ORD_2209;PROD_30;1;1
ORD_2210;PROD_41;8;1
ORD_2210;PROD_1;1;1
ORD_2210;PROD_11;3;2
ORD_2210;PROD_7;8;4
ORD_2210;PROD_13;9;3
ORD_2210;PROD_18;8;5
ORD_2211;PROD_18;8;1
ORD_2211;PROD_3;5;2
ORD_2211;PROD_50;6;1
ORD_2211;PROD_38;4;1
ORD_2211;PROD_19;8;2
ORD_2211;PROD_16;1;2
ORD_2212;PROD_47;3;5
ORD_2212;PROD_44;4;3
ORD_2212;PROD_27;7;1
ORD_2212;PROD_41;5;2
ORD_2212;PROD_37;9;1
ORD_2212;PROD_46;2;4
ORD_2212;PROD_15;1;3
ORD_2212;PROD_6;3;2
ORD_2212;PROD_14;5;4
ORD_2212;PROD_16;2;5
ORD_2212;PROD_30;1;3
ORD_2212;PROD_16;3;5
ORD_2212;PROD_47;2;2
ORD_2212;PROD_25;6;1
ORD_2212;PROD_13;5;4
ORD_2213;PROD_16;6;5
ORD_2213;PROD_27;9;2
ORD_2213;PROD_47;6;5
ORD_2213;PROD_35;6;4
ORD_2213;PROD_28;6;4
ORD_2213;PROD_16;6;1
ORD_2213;PROD_16;4;3
ORD_2213;PROD_10;5;5
ORD_2213;PROD_6;1;1
ORD_2213;PROD_48;7;4
ORD_2213;PROD_13;7;5
ORD_2213;PROD_31;4;3
ORD_2214;PROD_43;8;2
ORD_2214;PROD_13;6;1
ORD_2214;PROD_16;8;4
ORD_2214;PROD_10;6;1
ORD_2214;PROD_10;6;3
ORD_2214;PROD_20;5;3
ORD_2214;PROD_15;4;1
ORD_2214;PROD_42;8;2
ORD_2214;PROD_11;6;4
ORD_2214;PROD_36;7;1
ORD_2214;PROD_9;3;4
ORD_2214;PROD_6;1;3
ORD_2215;PROD_1;4;2
ORD_2215;PROD_43;7;5
ORD_2215;PROD_36;1;1
ORD_2215;PROD_3;9;5
ORD_2215;PROD_17;4;3
ORD_2215;PROD_40;1;1
ORD_2216;PROD_9;9;4
ORD_2216;PROD_1;9;3
ORD_2216;PROD_48;4;5
ORD_2216;PROD_41;4;5
ORD_2216;PROD_9;6;5
ORD_2216;PROD_38;6;3
ORD_2216;PROD_22;1;5
ORD_2216;PROD_20;8;1
ORD_2216;PROD_48;7;4
ORD_2217;PROD_6;6;5
ORD_2217;PROD_24;8;2
ORD_2217;PROD_37;4;4
ORD_2217;PROD_29;3;4
ORD_2217;PROD_23;3;1
ORD_2217;PROD_11;5;2
ORD_2217;PROD_16;1;3
ORD_2217;PROD_25;2;1
ORD_2218;PROD_19;7;3
ORD_2218;PROD_3;8;1
ORD_2218;PROD_28;3;4
ORD_2218;PROD_27;1;2
ORD_2218;PROD_41;2;3
ORD_2218;PROD_47;6;1
ORD_2218;PROD_44;9;3
ORD_2218;PROD_35;3;4
ORD_2218;PROD_35;1;1
ORD_2219;PROD_27;7;5
ORD_2219;PROD_41;9;3
ORD_2219;PROD_23;4;5
ORD_2219;PROD_7;2;4
ORD_2219;PROD_12;1;1
ORD_2219;PROD_35;1;2
ORD_2219;PROD_20;9;2
ORD_2219;PROD_47;3;5
ORD_2219;PROD_1;2;2
ORD_2220;PROD_38;7;5
ORD_2220;PROD_39;7;3
ORD_2220;PROD_32;8;2
ORD_2220;PROD_17;8;3
ORD_2220;PROD_43;7;3
ORD_2220;PROD_36;1;1
ORD_2220;PROD_43;7;3
ORD_2220;PROD_42;2;3
ORD_2220;PROD_38;9;1
ORD_2220;PROD_44;6;4
ORD_2220;PROD_10;5;5
ORD_2221;PROD_46;1;3
ORD_2221;PROD_41;1;2
ORD_2221;PROD_18;3;3
ORD_2221;PROD_33;3;5
ORD_2221;PROD_10;6;3
ORD_2221;PROD_34;5;1
ORD_2221;PROD_45;5;5
ORD_2222;PROD_18;9;4
ORD_2222;PROD_16;5;5
ORD_2222;PROD_26;7;5
ORD_2222;PROD_31;3;2
ORD_2222;PROD_25;8;2
ORD_2222;PROD_50;8;4
ORD_2222;PROD_42;3;5
ORD_2222;PROD_37;1;1
ORD_2222;PROD_30;6;2
ORD_2223;PROD_16;4;1
ORD_2223;PROD_38;7;2
ORD_2223;PROD_49;9;1
ORD_2223;PROD_15;2;3
ORD_2223;PROD_23;3;4
ORD_2223;PROD_13;3;4
ORD_2223;PROD_16;1;4
ORD_2223;PROD_17;2;1
ORD_2223;PROD_46;8;1
ORD_2223;PROD_28;3;1
ORD_2223;PROD_35;5;4
ORD_2224;PROD_13;1;3
ORD_2224;PROD_17;7;1
ORD_2224;PROD_1;2;5
ORD_2224;PROD_27;4;2
ORD_2224;PROD_9;9;2
ORD_2224;PROD_1;9;5
ORD_2224;PROD_48;1;5
ORD_2224;PROD_41;7;2
ORD_2224;PROD_29;1;3
ORD_2224;PROD_30;4;5
ORD_2224;PROD_50;2;3
ORD_2224;PROD_14;9;2
ORD_2224;PROD_1;7;2
ORD_2224;PROD_7;9;4
ORD_2225;PROD_37;2;3
ORD_2225;PROD_29;2;2
ORD_2225;PROD_43;2;5
ORD_2225;PROD_4;5;5
ORD_2225;PROD_44;3;3
ORD_2225;PROD_21;7;3
ORD_2225;PROD_24;6;5
ORD_2226;PROD_32;3;2
ORD_2226;PROD_3;1;4
ORD_2226;PROD_45;9;3
ORD_2226;PROD_37;4;2
ORD_2226;PROD_33;5;1
ORD_2226;PROD_24;2;5
ORD_2226;PROD_46;6;4
ORD_2226;PROD_23;6;2
ORD_2226;PROD_16;6;2
ORD_2226;PROD_48;6;3
ORD_2226;PROD_33;2;4
ORD_2227;PROD_19;7;1
ORD_2227;PROD_3;7;4
ORD_2227;PROD_28;5;5
ORD_2227;PROD_12;9;5
ORD_2227;PROD_47;2;2
ORD_2227;PROD_6;3;5
ORD_2227;PROD_23;2;3
ORD_2227;PROD_19;9;3
ORD_2227;PROD_1;5;4
ORD_2227;PROD_25;1;1
ORD_2227;PROD_42;2;4
ORD_2227;PROD_19;3;3
ORD_2227;PROD_33;8;5
ORD_2228;PROD_27;3;3
ORD_2228;PROD_41;4;4
ORD_2228;PROD_17;2;3
ORD_2228;PROD_40;5;5
ORD_2228;PROD_40;4;5
ORD_2229;PROD_27;1;1
ORD_2229;PROD_41;2;5
ORD_2229;PROD_2;4;1
ORD_2229;PROD_36;2;4
ORD_2229;PROD_1;1;1
ORD_2229;PROD_50;6;2
ORD_2230;PROD_16;2;3
ORD_2230;PROD_27;3;1
ORD_2230;PROD_9;5;3
ORD_2230;PROD_12;2;5
ORD_2230;PROD_20;1;2
ORD_2230;PROD_33;1;5
ORD_2230;PROD_7;4;3
ORD_2231;PROD_19;2;4
ORD_2231;PROD_3;9;5
ORD_2231;PROD_28;8;4
ORD_2231;PROD_22;6;1
ORD_2231;PROD_16;9;4
ORD_2231;PROD_17;4;4
ORD_2231;PROD_22;3;3
ORD_2231;PROD_18;4;1
ORD_2232;PROD_32;4;2
ORD_2232;PROD_20;2;5
ORD_2232;PROD_19;3;1
ORD_2232;PROD_44;4;4
ORD_2232;PROD_47;7;1
ORD_2232;PROD_37;5;3
ORD_2232;PROD_42;1;1
ORD_2232;PROD_34;3;2
ORD_2232;PROD_6;4;3
ORD_2232;PROD_19;7;3
ORD_2233;PROD_36;7;3
ORD_2233;PROD_30;3;4
ORD_2233;PROD_37;2;4
ORD_2233;PROD_12;8;2
ORD_2233;PROD_28;7;2
ORD_2233;PROD_29;5;4
ORD_2233;PROD_37;6;3
ORD_2233;PROD_20;2;3
ORD_2233;PROD_18;8;3
ORD_2233;PROD_15;2;4
ORD_2233;PROD_31;5;4
ORD_2233;PROD_37;9;4
ORD_2233;PROD_13;4;2
ORD_2233;PROD_30;5;5
ORD_2233;PROD_41;8;1
ORD_2234;PROD_16;2;2
ORD_2234;PROD_49;4;5
ORD_2234;PROD_49;7;4
ORD_2234;PROD_43;6;2
ORD_2234;PROD_37;9;3
ORD_2234;PROD_8;8;4
ORD_2234;PROD_32;9;1
ORD_2234;PROD_2;3;1
ORD_2234;PROD_44;9;2
ORD_2234;PROD_36;4;5
ORD_2234;PROD_36;2;3
ORD_2234;PROD_7;6;2
ORD_2234;PROD_20;5;5
ORD_2234;PROD_22;5;4
ORD_2235;PROD_30;1;1
ORD_2235;PROD_13;2;5
ORD_2235;PROD_38;9;5
ORD_2235;PROD_3;4;4
ORD_2235;PROD_49;3;2
ORD_2235;PROD_19;3;1
ORD_2236;PROD_21;2;3
ORD_2236;PROD_45;1;1
ORD_2236;PROD_24;7;5
ORD_2236;PROD_30;7;2
ORD_2236;PROD_37;1;2
ORD_2236;PROD_33;1;4
ORD_2236;PROD_5;2;3
ORD_2236;PROD_46;2;2
ORD_2236;PROD_4;6;3
ORD_2236;PROD_42;9;5
ORD_2236;PROD_16;8;4
ORD_2236;PROD_27;6;5
ORD_2236;PROD_1;2;4
ORD_2236;PROD_19;6;2
ORD_2237;PROD_13;3;3
ORD_2237;PROD_17;3;4
ORD_2237;PROD_1;9;5
ORD_2237;PROD_27;2;3
ORD_2237;PROD_37;8;1
ORD_2237;PROD_12;1;4
ORD_2237;PROD_28;8;4
ORD_2237;PROD_36;5;2
ORD_2237;PROD_9;4;2
ORD_2238;PROD_31;2;2
ORD_2238;PROD_5;4;5
ORD_2238;PROD_37;6;1
ORD_2238;PROD_5;3;5
ORD_2238;PROD_15;3;1
ORD_2238;PROD_9;6;4
ORD_2238;PROD_23;2;4
ORD_2239;PROD_36;2;4
ORD_2239;PROD_9;2;1
ORD_2239;PROD_9;7;3
ORD_2239;PROD_1;8;5
ORD_2239;PROD_48;2;4
ORD_2239;PROD_41;9;4
ORD_2239;PROD_4;5;4
ORD_2239;PROD_45;6;5
ORD_2239;PROD_6;5;5
ORD_2239;PROD_5;1;1
ORD_2239;PROD_32;5;5
ORD_2239;PROD_10;4;1
ORD_2240;PROD_37;8;5
ORD_2240;PROD_17;7;1
ORD_2240;PROD_21;8;5
ORD_2240;PROD_48;4;2
ORD_2240;PROD_17;4;4
ORD_2240;PROD_22;9;2
ORD_2240;PROD_17;9;1
ORD_2240;PROD_19;6;1
ORD_2240;PROD_27;4;4
ORD_2241;PROD_15;5;2
ORD_2241;PROD_18;4;5
ORD_2241;PROD_14;5;2
ORD_2241;PROD_9;1;3
ORD_2241;PROD_2;7;1
ORD_2241;PROD_7;6;5
ORD_2241;PROD_13;4;5
ORD_2241;PROD_40;4;2
ORD_2241;PROD_28;2;5
ORD_2241;PROD_20;1;5
ORD_2241;PROD_40;4;5
ORD_2241;PROD_48;4;1
ORD_2242;PROD_9;8;3
ORD_2242;PROD_12;4;1
ORD_2242;PROD_20;8;4
ORD_2242;PROD_33;3;5
ORD_2242;PROD_7;2;3
ORD_2243;PROD_36;1;1
ORD_2243;PROD_30;4;2
ORD_2243;PROD_27;2;4
ORD_2243;PROD_41;3;5
ORD_2243;PROD_12;1;1
ORD_2243;PROD_47;5;4
ORD_2243;PROD_6;1;5
ORD_2243;PROD_23;5;2
ORD_2243;PROD_7;4;1
ORD_2243;PROD_30;7;4
ORD_2243;PROD_24;1;5
ORD_2243;PROD_30;6;5
ORD_2243;PROD_26;3;4
ORD_2243;PROD_3;5;5
ORD_2243;PROD_32;7;2
ORD_2244;PROD_9;5;5
ORD_2244;PROD_12;3;3
ORD_2244;PROD_20;8;1
ORD_2244;PROD_33;6;4
ORD_2244;PROD_7;2;3
ORD_2244;PROD_6;6;3
ORD_2244;PROD_24;5;4
ORD_2244;PROD_44;1;3
ORD_2244;PROD_5;2;4
ORD_2244;PROD_19;4;3
ORD_2244;PROD_50;6;4
ORD_2244;PROD_8;8;3
ORD_2244;PROD_32;3;5
ORD_2245;PROD_44;8;1
ORD_2245;PROD_4;7;3
ORD_2245;PROD_15;7;3
ORD_2245;PROD_35;3;1
ORD_2245;PROD_50;8;2
ORD_2245;PROD_33;3;1
ORD_2245;PROD_24;7;4
ORD_2245;PROD_47;3;4
ORD_2245;PROD_48;2;1
ORD_2246;PROD_47;8;1
ORD_2246;PROD_4;2;1
ORD_2246;PROD_3;1;1
ORD_2246;PROD_4;9;1
ORD_2246;PROD_21;7;4
ORD_2246;PROD_5;8;2
ORD_2246;PROD_3;4;1
ORD_2246;PROD_4;4;4
ORD_2246;PROD_11;1;4
ORD_2246;PROD_10;2;1
ORD_2246;PROD_29;8;5
ORD_2247;PROD_2;8;3
ORD_2247;PROD_36;8;4
ORD_2247;PROD_1;8;1
ORD_2247;PROD_50;9;3
ORD_2247;PROD_23;7;1
ORD_2247;PROD_12;1;1
ORD_2247;PROD_15;4;1
ORD_2247;PROD_47;7;3
ORD_2247;PROD_44;2;4
ORD_2247;PROD_9;9;1
ORD_2247;PROD_48;3;3
ORD_2247;PROD_21;9;5
ORD_2247;PROD_35;7;4
ORD_2248;PROD_30;2;2
ORD_2248;PROD_13;3;4
ORD_2248;PROD_38;9;3
ORD_2248;PROD_3;4;5
ORD_2248;PROD_49;8;4
ORD_2248;PROD_19;1;3
ORD_2248;PROD_7;5;2
ORD_2248;PROD_6;8;2
ORD_2249;PROD_24;9;2
ORD_2249;PROD_45;7;4
ORD_2249;PROD_35;5;2
ORD_2249;PROD_31;4;2
ORD_2249;PROD_34;3;2
ORD_2249;PROD_16;3;4
ORD_2249;PROD_46;3;1
ORD_2249;PROD_23;5;2
ORD_2249;PROD_5;3;5
ORD_2249;PROD_39;5;4
ORD_2249;PROD_10;2;3
ORD_2249;PROD_45;7;5
ORD_2249;PROD_23;1;4
ORD_2249;PROD_41;5;2
ORD_2249;PROD_5;9;3
ORD_2250;PROD_12;7;4
ORD_2250;PROD_15;9;2
ORD_2250;PROD_25;5;3
ORD_2250;PROD_6;3;2
ORD_2250;PROD_5;5;3
ORD_2250;PROD_48;7;2
ORD_2250;PROD_33;9;4
ORD_2251;PROD_36;2;1
ORD_2251;PROD_9;3;1
ORD_2251;PROD_36;8;1
ORD_2251;PROD_30;6;3
ORD_2251;PROD_29;3;3
ORD_2252;PROD_13;9;3
ORD_2252;PROD_17;6;4
ORD_2252;PROD_1;7;3
ORD_2252;PROD_27;9;3
ORD_2252;PROD_2;7;2
ORD_2252;PROD_36;4;5
ORD_2252;PROD_1;3;4
ORD_2252;PROD_50;9;1
ORD_2252;PROD_23;2;4
ORD_2252;PROD_37;7;3
ORD_2252;PROD_12;5;2
ORD_2252;PROD_28;7;5
ORD_2253;PROD_8;4;4
ORD_2253;PROD_27;6;2
ORD_2253;PROD_32;2;5
ORD_2253;PROD_35;5;3
ORD_2253;PROD_37;7;1
ORD_2253;PROD_22;3;3
ORD_2253;PROD_30;7;3
ORD_2253;PROD_15;3;5
ORD_2253;PROD_40;6;3
ORD_2254;PROD_44;7;3
ORD_2254;PROD_33;3;5
ORD_2254;PROD_25;3;1
ORD_2254;PROD_6;1;2
ORD_2254;PROD_5;5;1
ORD_2254;PROD_10;4;2
ORD_2254;PROD_5;7;1
ORD_2254;PROD_4;1;2
ORD_2254;PROD_35;6;1
ORD_2254;PROD_5;5;5
ORD_2254;PROD_47;6;5
ORD_2254;PROD_43;6;4
ORD_2255;PROD_21;6;3
ORD_2255;PROD_45;3;4
ORD_2255;PROD_24;7;2
ORD_2255;PROD_30;9;5
ORD_2255;PROD_37;1;1
ORD_2255;PROD_48;5;3
ORD_2255;PROD_9;9;3
ORD_2255;PROD_27;6;4
ORD_2255;PROD_33;2;5
ORD_2255;PROD_12;7;4
ORD_2255;PROD_47;2;2
ORD_2255;PROD_18;2;5
ORD_2255;PROD_4;3;2
ORD_2255;PROD_8;5;2
ORD_2255;PROD_3;5;3
ORD_2256;PROD_15;6;4
ORD_2256;PROD_34;7;4
ORD_2256;PROD_38;8;5
ORD_2256;PROD_29;6;1
ORD_2256;PROD_44;5;1
ORD_2256;PROD_15;7;3
ORD_2256;PROD_19;1;4
ORD_2256;PROD_11;2;5
ORD_2256;PROD_2;8;1
ORD_2256;PROD_32;4;3
ORD_2256;PROD_37;3;1
ORD_2257;PROD_36;7;1
ORD_2257;PROD_18;3;2
ORD_2257;PROD_42;1;5
ORD_2257;PROD_40;3;1
ORD_2257;PROD_24;6;5
ORD_2257;PROD_39;6;1
ORD_2257;PROD_16;6;4
ORD_2257;PROD_10;3;5
ORD_2257;PROD_31;8;3
ORD_2257;PROD_26;8;3
ORD_2257;PROD_38;8;1
ORD_2257;PROD_44;8;1
ORD_2257;PROD_48;1;1
ORD_2257;PROD_22;9;1
ORD_2257;PROD_32;8;5
ORD_2258;PROD_16;9;5
ORD_2258;PROD_27;7;5
ORD_2258;PROD_2;7;5
ORD_2258;PROD_36;2;1
ORD_2258;PROD_1;2;3
ORD_2258;PROD_50;6;2
ORD_2258;PROD_23;7;4
ORD_2259;PROD_36;7;2
ORD_2259;PROD_9;4;4
ORD_2259;PROD_2;3;3
ORD_2259;PROD_20;2;3
ORD_2259;PROD_25;7;5
ORD_2259;PROD_11;7;5
ORD_2259;PROD_23;7;4
ORD_2259;PROD_31;6;1
ORD_2259;PROD_15;3;2
ORD_2259;PROD_47;9;1
ORD_2259;PROD_14;5;3
ORD_2259;PROD_2;7;4
ORD_2259;PROD_50;2;5
ORD_2259;PROD_25;5;4
ORD_2260;PROD_24;9;2
ORD_2260;PROD_27;9;2
ORD_2260;PROD_30;2;3
ORD_2260;PROD_50;3;4
ORD_2260;PROD_4;6;1
ORD_2260;PROD_26;7;4
ORD_2260;PROD_48;6;3
ORD_2261;PROD_48;2;5
ORD_2261;PROD_35;4;4
ORD_2261;PROD_27;3;3
ORD_2261;PROD_25;6;5
ORD_2261;PROD_47;1;1
ORD_2261;PROD_48;6;1
ORD_2261;PROD_38;9;1
ORD_2261;PROD_38;9;3
ORD_2261;PROD_24;9;1
ORD_2261;PROD_40;1;3
ORD_2262;PROD_37;4;5
ORD_2262;PROD_12;7;2
ORD_2262;PROD_28;1;1
ORD_2262;PROD_9;9;3
ORD_2262;PROD_12;3;1
ORD_2262;PROD_20;2;1
ORD_2262;PROD_33;8;4
ORD_2262;PROD_7;7;1
ORD_2262;PROD_25;4;3
ORD_2262;PROD_6;2;1
ORD_2262;PROD_5;6;4
ORD_2262;PROD_11;2;4
ORD_2262;PROD_8;3;1
ORD_2263;PROD_43;8;3
ORD_2263;PROD_33;6;1
ORD_2263;PROD_1;1;4
ORD_2263;PROD_14;5;5
ORD_2263;PROD_6;1;5
ORD_2263;PROD_41;3;5
ORD_2263;PROD_11;9;1
ORD_2263;PROD_40;7;3
ORD_2263;PROD_5;6;1
ORD_2263;PROD_23;6;5
ORD_2263;PROD_21;2;5
ORD_2263;PROD_18;4;2
ORD_2263;PROD_49;1;4
ORD_2264;PROD_28;8;4
ORD_2264;PROD_28;6;5
ORD_2264;PROD_3;2;1
ORD_2264;PROD_39;5;3
ORD_2264;PROD_5;9;2
ORD_2264;PROD_37;2;4
ORD_2264;PROD_47;8;3
ORD_2264;PROD_16;2;2
ORD_2264;PROD_49;8;2
ORD_2264;PROD_39;5;4
ORD_2264;PROD_28;6;5
ORD_2265;PROD_39;2;5
ORD_2265;PROD_3;1;1
ORD_2265;PROD_30;5;2
ORD_2265;PROD_46;3;3
ORD_2265;PROD_20;4;4
ORD_2265;PROD_42;3;3
ORD_2265;PROD_16;5;1
ORD_2265;PROD_16;1;3
ORD_2265;PROD_4;2;3
ORD_2265;PROD_2;6;4
ORD_2266;PROD_41;5;4
ORD_2266;PROD_1;2;3
ORD_2266;PROD_9;2;1
ORD_2266;PROD_34;3;2
ORD_2266;PROD_1;9;1
ORD_2266;PROD_23;4;1
ORD_2266;PROD_21;8;4
ORD_2266;PROD_22;7;1
ORD_2266;PROD_6;1;1
ORD_2266;PROD_2;4;3
ORD_2266;PROD_36;1;2
ORD_2266;PROD_50;6;1
ORD_2266;PROD_5;5;3
ORD_2266;PROD_12;9;2
ORD_2266;PROD_25;2;5
ORD_2267;PROD_29;1;1
ORD_2267;PROD_13;7;4
ORD_2267;PROD_43;9;1
ORD_2267;PROD_34;4;2
ORD_2267;PROD_42;7;2
ORD_2267;PROD_43;8;1
ORD_2267;PROD_20;7;2
ORD_2267;PROD_40;4;3
ORD_2267;PROD_21;7;1
ORD_2267;PROD_38;7;4
ORD_2267;PROD_13;8;2
ORD_2267;PROD_37;4;3
ORD_2267;PROD_16;5;1
ORD_2267;PROD_35;8;4
ORD_2268;PROD_9;8;2
ORD_2268;PROD_12;3;1
ORD_2268;PROD_20;4;2
ORD_2268;PROD_33;7;5
ORD_2268;PROD_7;1;2
ORD_2268;PROD_37;8;3
ORD_2269;PROD_10;8;5
ORD_2269;PROD_5;2;5
ORD_2269;PROD_4;2;5
ORD_2269;PROD_35;5;4
ORD_2269;PROD_44;4;4
ORD_2269;PROD_33;8;5
ORD_2269;PROD_49;2;5
ORD_2269;PROD_11;4;2
ORD_2269;PROD_45;8;2
ORD_2269;PROD_21;3;5
ORD_2269;PROD_27;4;4
ORD_2269;PROD_32;6;1
ORD_2269;PROD_26;5;4
ORD_2269;PROD_4;2;4
ORD_2269;PROD_10;1;3
ORD_2270;PROD_37;6;2
ORD_2270;PROD_12;4;2
ORD_2270;PROD_28;8;2
ORD_2270;PROD_41;3;1
ORD_2270;PROD_1;8;3
ORD_2270;PROD_24;2;5
ORD_2270;PROD_7;2;2
ORD_2270;PROD_20;1;4
ORD_2270;PROD_29;8;1
ORD_2271;PROD_10;4;4
ORD_2271;PROD_4;1;2
ORD_2271;PROD_46;1;4
ORD_2271;PROD_14;3;3
ORD_2271;PROD_25;8;4
ORD_2271;PROD_9;7;1
ORD_2271;PROD_31;3;2
ORD_2271;PROD_20;9;1
ORD_2271;PROD_38;9;5
ORD_2271;PROD_3;8;3
ORD_2271;PROD_28;7;2
ORD_2271;PROD_18;1;1
ORD_2271;PROD_15;1;1
ORD_2271;PROD_46;4;2
ORD_2272;PROD_12;7;5
ORD_2272;PROD_47;8;2
ORD_2272;PROD_6;8;4
ORD_2272;PROD_23;4;4
ORD_2272;PROD_41;8;3
ORD_2272;PROD_1;8;1
ORD_2273;PROD_28;1;2
ORD_2273;PROD_6;2;4
ORD_2273;PROD_23;6;4
ORD_2273;PROD_13;5;2
ORD_2273;PROD_4;6;1
ORD_2273;PROD_46;2;4
ORD_2273;PROD_29;7;1
ORD_2273;PROD_4;4;5
ORD_2273;PROD_18;8;3
ORD_2273;PROD_21;9;5
ORD_2273;PROD_3;5;1
ORD_2273;PROD_42;2;5
ORD_2273;PROD_49;8;1
ORD_2273;PROD_26;5;1
ORD_2273;PROD_33;2;4
ORD_2274;PROD_11;7;2
ORD_2274;PROD_46;8;3
ORD_2274;PROD_28;6;4
ORD_2274;PROD_7;2;3
ORD_2274;PROD_19;7;2
ORD_2274;PROD_32;9;2
ORD_2274;PROD_48;1;2
ORD_2274;PROD_31;5;5
ORD_2274;PROD_18;6;5
ORD_2275;PROD_25;3;5
ORD_2275;PROD_6;7;1
ORD_2275;PROD_5;8;3
ORD_2275;PROD_9;3;4
ORD_2275;PROD_12;7;3
ORD_2275;PROD_20;8;4
ORD_2275;PROD_33;6;5
ORD_2276;PROD_33;4;5
ORD_2276;PROD_9;2;2
ORD_2276;PROD_1;6;3
ORD_2276;PROD_45;8;3
ORD_2276;PROD_50;7;3
ORD_2276;PROD_1;2;5
ORD_2276;PROD_34;3;3
ORD_2276;PROD_44;5;5
ORD_2276;PROD_23;7;1
ORD_2276;PROD_17;2;3
ORD_2276;PROD_31;1;1
ORD_2277;PROD_9;9;4
ORD_2277;PROD_1;9;5
ORD_2277;PROD_48;6;1
ORD_2277;PROD_41;7;3
ORD_2277;PROD_10;4;2
ORD_2277;PROD_5;9;4
ORD_2277;PROD_4;4;1
ORD_2277;PROD_35;2;4
ORD_2277;PROD_27;3;1
ORD_2277;PROD_41;6;3
ORD_2277;PROD_13;2;2
