ORDER;PRODUCT;QTY;STATION
ORD_1;PROD_42;2;2
ORD_1;PROD_42;2;3
ORD_1;PROD_18;5;4
ORD_1;PROD_48;9;4
ORD_1;PROD_20;8;4
ORD_1;PROD_4;3;2
ORD_1;PROD_37;4;4
ORD_1;PROD_26;2;3
ORD_1;PROD_26;9;4
ORD_1;PROD_35;2;5
ORD_1;PROD_30;4;1
ORD_1;PROD_45;1;4
ORD_2;PROD_34;8;5
ORD_2;PROD_44;3;2
ORD_2;PROD_46;9;2
ORD_2;PROD_36;5;1
ORD_2;PROD_18;4;2
ORD_2;PROD_36;7;3
ORD_2;PROD_36;9;4
ORD_3;PROD_35;4;5
ORD_3;PROD_10;1;4
ORD_3;PROD_2;5;5
ORD_3;PROD_29;1;3
ORD_3;PROD_49;5;3
ORD_3;PROD_30;5;5
ORD_3;PROD_24;8;2
ORD_4;PROD_3;9;1
ORD_4;PROD_21;7;4
ORD_4;PROD_12;3;1
ORD_4;PROD_16;8;1
ORD_4;PROD_31;8;5
ORD_4;PROD_36;6;2
ORD_4;PROD_33;1;1
ORD_5;PROD_36;2;5
ORD_5;PROD_33;1;4
ORD_5;PROD_36;8;5
ORD_5;PROD_33;8;1
ORD_5;PROD_11;2;2
ORD_5;PROD_35;5;4
ORD_5;PROD_7;2;2
ORD_5;PROD_45;8;2
ORD_5;PROD_43;4;2
ORD_5;PROD_45;2;1
ORD_5;PROD_38;4;3
ORD_5;PROD_17;3;3
ORD_5;PROD_44;4;2
ORD_5;PROD_12;5;1
ORD_5;PROD_3;1;3
ORD_6;PROD_15;6;2
ORD_6;PROD_44;9;3
ORD_6;PROD_36;2;2
ORD_6;PROD_1;7;2
ORD_6;PROD_18;9;5
ORD_6;PROD_27;5;3
ORD_6;PROD_18;8;3
ORD_6;PROD_12;3;4
ORD_6;PROD_2;2;5
ORD_6;PROD_26;9;5
ORD_6;PROD_23;9;4
ORD_7;PROD_3;9;4
ORD_7;PROD_21;8;2
ORD_7;PROD_12;9;3
ORD_7;PROD_16;7;5
ORD_7;PROD_31;5;3
ORD_7;PROD_12;9;2
ORD_7;PROD_50;2;1
ORD_8;PROD_3;1;2
ORD_8;PROD_21;6;3
ORD_8;PROD_12;4;5
ORD_8;PROD_16;6;4
ORD_8;PROD_31;8;3
ORD_8;PROD_4;9;3
ORD_8;PROD_23;6;4
ORD_8;PROD_37;1;4
ORD_8;PROD_11;8;1
ORD_8;PROD_12;3;5
ORD_8;PROD_4;4;3
ORD_8;PROD_19;3;5
ORD_8;PROD_13;6;3
ORD_8;PROD_29;7;2
ORD_9;PROD_36;1;3
ORD_9;PROD_33;3;5
ORD_9;PROD_15;8;1
ORD_9;PROD_22;6;1
ORD_9;PROD_7;2;2
ORD_9;PROD_33;2;4
ORD_9;PROD_1;2;2
ORD_9;PROD_25;6;2
ORD_9;PROD_32;9;1
ORD_9;PROD_38;1;5
ORD_10;PROD_41;2;2
ORD_10;PROD_41;3;5
ORD_10;PROD_3;4;3
ORD_10;PROD_5;3;4
ORD_10;PROD_40;4;2
ORD_10;PROD_33;1;4
ORD_10;PROD_32;3;2
ORD_10;PROD_15;3;1
ORD_10;PROD_46;3;3
ORD_10;PROD_22;5;5
ORD_10;PROD_19;4;4
ORD_10;PROD_48;2;5
ORD_10;PROD_6;8;5
ORD_10;PROD_34;2;3
ORD_10;PROD_27;5;4
ORD_11;PROD_36;9;1
ORD_11;PROD_33;8;3
ORD_11;PROD_22;5;3
ORD_11;PROD_4;5;1
ORD_11;PROD_36;9;4
ORD_11;PROD_4;3;4
ORD_12;PROD_3;8;5
ORD_12;PROD_21;3;5
ORD_12;PROD_12;5;5
ORD_12;PROD_16;4;5
ORD_12;PROD_31;6;5
ORD_12;PROD_11;9;5
ORD_12;PROD_43;9;2
ORD_12;PROD_12;8;1
ORD_12;PROD_50;3;2
ORD_13;PROD_40;5;4
ORD_13;PROD_40;7;2
ORD_13;PROD_3;7;1
ORD_13;PROD_11;5;1
ORD_13;PROD_47;1;1
ORD_13;PROD_40;1;3
ORD_14;PROD_49;9;1
ORD_14;PROD_25;2;2
ORD_14;PROD_24;8;4
ORD_14;PROD_28;9;2
ORD_14;PROD_32;9;1
ORD_14;PROD_39;3;3
ORD_14;PROD_18;1;5
ORD_14;PROD_12;2;2
ORD_14;PROD_36;9;2
ORD_14;PROD_26;4;4
ORD_14;PROD_26;7;4
ORD_14;PROD_21;5;5
ORD_14;PROD_3;8;4
ORD_15;PROD_12;6;3
ORD_15;PROD_50;2;3
ORD_15;PROD_7;4;2
ORD_15;PROD_11;1;3
ORD_15;PROD_20;2;4
ORD_15;PROD_18;8;1
ORD_15;PROD_33;4;3
ORD_16;PROD_45;5;5
ORD_16;PROD_6;4;4
ORD_16;PROD_42;1;3
ORD_16;PROD_14;3;1
ORD_16;PROD_41;1;3
ORD_17;PROD_1;4;3
ORD_17;PROD_34;5;2
ORD_17;PROD_41;4;2
ORD_17;PROD_30;5;1
ORD_17;PROD_1;5;2
ORD_17;PROD_30;6;2
ORD_17;PROD_33;6;4
ORD_17;PROD_18;9;4
ORD_17;PROD_19;8;5
ORD_17;PROD_38;6;3
ORD_17;PROD_2;2;4
ORD_17;PROD_30;6;2
ORD_17;PROD_8;9;1
ORD_18;PROD_11;2;1
ORD_18;PROD_43;5;1
ORD_18;PROD_33;8;4
ORD_18;PROD_38;9;5
ORD_18;PROD_49;7;1
ORD_18;PROD_19;8;5
ORD_18;PROD_15;2;2
ORD_18;PROD_36;9;2
ORD_19;PROD_16;2;1
ORD_19;PROD_49;8;5
ORD_19;PROD_34;6;2
ORD_19;PROD_15;7;5
ORD_19;PROD_14;6;1
ORD_19;PROD_39;6;4
ORD_19;PROD_31;6;3
ORD_19;PROD_22;4;4
ORD_19;PROD_36;4;1
ORD_19;PROD_20;3;4
ORD_19;PROD_19;1;2
ORD_19;PROD_43;3;4
ORD_20;PROD_8;3;5
ORD_20;PROD_43;4;4
ORD_20;PROD_14;1;2
ORD_20;PROD_19;9;4
ORD_20;PROD_48;9;2
ORD_20;PROD_16;1;2
ORD_20;PROD_1;1;4
ORD_21;PROD_15;1;1
ORD_21;PROD_22;3;2
ORD_21;PROD_12;2;1
ORD_21;PROD_50;8;3
ORD_21;PROD_7;2;5
ORD_21;PROD_11;7;5
ORD_21;PROD_41;1;2
ORD_21;PROD_5;6;4
ORD_21;PROD_31;1;3
ORD_21;PROD_46;4;5
ORD_21;PROD_36;5;3
ORD_21;PROD_41;3;4
ORD_22;PROD_33;8;5
ORD_22;PROD_40;8;1
ORD_22;PROD_23;3;5
ORD_22;PROD_27;9;4
ORD_22;PROD_38;2;4
ORD_22;PROD_44;2;1
ORD_22;PROD_2;2;3
ORD_22;PROD_16;9;1
ORD_22;PROD_31;1;4
ORD_22;PROD_49;4;5
ORD_23;PROD_43;8;3
ORD_23;PROD_8;5;3
ORD_23;PROD_36;9;5
ORD_23;PROD_40;3;3
ORD_23;PROD_41;6;2
ORD_23;PROD_20;2;2
ORD_23;PROD_36;7;4
ORD_24;PROD_2;9;5
ORD_24;PROD_10;5;1
ORD_24;PROD_39;6;1
ORD_24;PROD_40;4;2
ORD_24;PROD_39;5;5
ORD_24;PROD_15;3;5
ORD_24;PROD_23;9;1
ORD_24;PROD_1;3;3
ORD_24;PROD_29;5;4
ORD_24;PROD_46;8;1
ORD_24;PROD_29;5;3
ORD_24;PROD_27;4;1
ORD_24;PROD_10;7;4
ORD_25;PROD_9;6;2
ORD_25;PROD_45;8;1
ORD_25;PROD_2;4;5
ORD_25;PROD_41;4;3
ORD_25;PROD_16;9;1
ORD_25;PROD_12;7;3
ORD_25;PROD_47;7;1
ORD_25;PROD_31;2;1
ORD_25;PROD_9;4;5
ORD_25;PROD_41;7;3
ORD_25;PROD_44;6;2
ORD_25;PROD_27;2;1
ORD_26;PROD_29;2;4
ORD_26;PROD_13;9;2
ORD_26;PROD_9;2;1
ORD_26;PROD_2;8;3
ORD_26;PROD_36;5;5
ORD_26;PROD_23;4;3
ORD_26;PROD_24;3;4
ORD_27;PROD_3;6;3
ORD_27;PROD_21;2;3
ORD_27;PROD_12;5;2
ORD_27;PROD_16;3;4
ORD_27;PROD_31;4;4
ORD_27;PROD_3;6;2
ORD_27;PROD_21;5;3
ORD_28;PROD_36;5;2
ORD_28;PROD_33;1;1
ORD_28;PROD_33;8;2
ORD_28;PROD_38;3;4
ORD_28;PROD_49;6;4
ORD_28;PROD_19;5;5
ORD_28;PROD_15;2;1
ORD_28;PROD_11;3;3
ORD_28;PROD_43;1;4
ORD_28;PROD_32;4;1
ORD_28;PROD_33;8;3
ORD_28;PROD_49;1;3
ORD_29;PROD_23;4;3
ORD_29;PROD_32;7;3
ORD_29;PROD_5;1;2
ORD_29;PROD_25;8;4
ORD_29;PROD_33;8;3
ORD_29;PROD_14;9;2
ORD_30;PROD_29;8;5
ORD_30;PROD_11;4;5
ORD_30;PROD_42;1;3
ORD_30;PROD_41;1;5
ORD_30;PROD_46;8;3
ORD_30;PROD_45;2;3
ORD_31;PROD_12;2;3
ORD_31;PROD_50;6;1
ORD_31;PROD_7;5;5
ORD_31;PROD_11;7;2
ORD_31;PROD_8;9;3
ORD_31;PROD_46;5;2
ORD_31;PROD_36;1;4
ORD_32;PROD_35;9;2
ORD_32;PROD_6;5;5
ORD_32;PROD_13;1;1
ORD_32;PROD_37;6;5
ORD_32;PROD_14;3;4
ORD_32;PROD_31;5;5
ORD_32;PROD_12;4;2
ORD_32;PROD_48;5;2
ORD_32;PROD_40;1;2
ORD_32;PROD_8;1;3
ORD_32;PROD_1;4;1
ORD_33;PROD_15;3;1
ORD_33;PROD_22;4;3
ORD_33;PROD_3;2;5
ORD_33;PROD_21;1;2
ORD_33;PROD_12;9;4
ORD_33;PROD_16;3;2
ORD_33;PROD_31;3;4
ORD_33;PROD_15;1;4
ORD_33;PROD_44;6;2
ORD_33;PROD_36;4;1
ORD_33;PROD_1;8;1
ORD_34;PROD_11;5;1
ORD_34;PROD_41;6;1
ORD_34;PROD_19;2;3
ORD_34;PROD_36;2;2
ORD_34;PROD_13;1;5
ORD_34;PROD_20;5;1
ORD_34;PROD_44;5;5
ORD_34;PROD_47;2;1
ORD_34;PROD_43;9;1
ORD_34;PROD_42;5;3
ORD_34;PROD_6;1;3
ORD_34;PROD_9;4;1
ORD_34;PROD_27;9;2
ORD_35;PROD_22;6;4
ORD_35;PROD_29;3;1
ORD_35;PROD_50;5;2
ORD_35;PROD_48;2;5
ORD_35;PROD_27;3;2
ORD_35;PROD_38;5;2
ORD_35;PROD_41;5;5
ORD_35;PROD_12;2;4
ORD_35;PROD_49;8;4
ORD_36;PROD_31;6;3
ORD_36;PROD_35;7;3
ORD_36;PROD_15;5;2
ORD_36;PROD_13;3;1
ORD_36;PROD_15;2;3
ORD_37;PROD_48;9;4
ORD_37;PROD_40;7;5
ORD_37;PROD_31;1;1
ORD_37;PROD_47;1;5
ORD_37;PROD_16;7;1
ORD_37;PROD_41;8;1
ORD_37;PROD_28;1;5
ORD_38;PROD_36;2;5
ORD_38;PROD_33;1;3
ORD_38;PROD_15;6;3
ORD_38;PROD_22;7;5
ORD_38;PROD_24;6;3
ORD_38;PROD_44;5;3
ORD_38;PROD_35;1;2
ORD_38;PROD_3;5;5
ORD_38;PROD_39;3;2
ORD_38;PROD_36;1;5
ORD_38;PROD_5;6;1
ORD_38;PROD_3;5;1
ORD_38;PROD_11;1;3
ORD_39;PROD_16;5;1
ORD_39;PROD_3;4;3
ORD_39;PROD_24;9;1
ORD_39;PROD_4;4;5
ORD_39;PROD_45;5;2
ORD_39;PROD_30;4;5
ORD_40;PROD_12;9;1
ORD_40;PROD_50;4;1
ORD_40;PROD_7;6;4
ORD_40;PROD_11;1;3
ORD_40;PROD_11;6;1
ORD_40;PROD_43;7;4
ORD_40;PROD_33;1;1
ORD_40;PROD_38;9;2
ORD_40;PROD_49;7;2
ORD_40;PROD_19;1;2
ORD_40;PROD_15;8;1
ORD_40;PROD_4;1;3
ORD_41;PROD_33;4;5
ORD_41;PROD_38;2;2
ORD_41;PROD_49;4;3
ORD_41;PROD_19;7;4
ORD_41;PROD_15;9;4
ORD_41;PROD_33;4;3
ORD_41;PROD_46;9;4
ORD_42;PROD_15;1;4
ORD_42;PROD_44;5;3
ORD_42;PROD_36;7;2
ORD_42;PROD_1;3;2
ORD_42;PROD_36;8;2
ORD_42;PROD_33;1;5
ORD_43;PROD_33;1;4
ORD_43;PROD_38;2;2
ORD_43;PROD_49;7;1
ORD_43;PROD_19;6;5
ORD_43;PROD_15;5;3
ORD_43;PROD_9;1;5
ORD_43;PROD_26;4;1
ORD_43;PROD_48;5;5
ORD_43;PROD_11;4;2
ORD_43;PROD_23;3;4
ORD_43;PROD_48;5;4
ORD_44;PROD_15;1;5
ORD_44;PROD_44;3;2
ORD_44;PROD_36;9;2
ORD_44;PROD_1;6;5
ORD_44;PROD_36;8;1
ORD_44;PROD_33;6;1
ORD_44;PROD_14;5;5
ORD_44;PROD_9;6;4
ORD_44;PROD_16;7;2
ORD_44;PROD_32;3;3
ORD_44;PROD_41;8;4
ORD_44;PROD_30;7;4
ORD_44;PROD_1;7;1
ORD_45;PROD_12;2;2
ORD_45;PROD_50;7;3
ORD_45;PROD_7;9;2
ORD_45;PROD_11;2;3
ORD_45;PROD_2;5;1
ORD_45;PROD_36;4;2
ORD_45;PROD_12;8;3
ORD_45;PROD_29;8;2
ORD_45;PROD_10;6;4
ORD_45;PROD_25;6;4
ORD_45;PROD_37;8;1
ORD_45;PROD_1;2;4
ORD_45;PROD_31;9;3
ORD_45;PROD_5;3;3
ORD_45;PROD_40;6;1
ORD_46;PROD_48;9;4
ORD_46;PROD_4;8;1
ORD_46;PROD_41;6;1
ORD_46;PROD_25;6;2
ORD_46;PROD_32;3;4
ORD_46;PROD_27;5;3
ORD_46;PROD_18;2;4
ORD_46;PROD_29;1;4
ORD_46;PROD_25;7;4
ORD_46;PROD_3;3;5
ORD_46;PROD_36;6;3
ORD_47;PROD_2;6;1
ORD_47;PROD_12;2;2
ORD_47;PROD_19;2;1
ORD_47;PROD_37;4;4
ORD_47;PROD_38;4;3
ORD_47;PROD_44;8;2
ORD_47;PROD_37;8;3
ORD_47;PROD_16;9;1
ORD_47;PROD_37;8;5
ORD_47;PROD_16;1;2
ORD_47;PROD_23;6;2
ORD_47;PROD_12;6;4
ORD_47;PROD_48;3;2
ORD_47;PROD_6;7;4
ORD_47;PROD_32;7;3
ORD_48;PROD_33;2;1
ORD_48;PROD_38;9;4
ORD_48;PROD_49;8;1
ORD_48;PROD_19;2;3
ORD_48;PROD_15;9;3
ORD_48;PROD_36;1;3
ORD_48;PROD_33;2;3
ORD_48;PROD_39;1;1
ORD_48;PROD_15;6;5
ORD_48;PROD_9;6;4
ORD_48;PROD_20;4;1
ORD_48;PROD_12;6;1
ORD_49;PROD_12;9;1
ORD_49;PROD_50;5;1
ORD_49;PROD_7;1;3
ORD_49;PROD_11;9;2
ORD_49;PROD_16;6;3
ORD_49;PROD_15;2;1
ORD_49;PROD_39;6;3
ORD_49;PROD_15;8;2
ORD_49;PROD_49;3;1
ORD_49;PROD_45;9;5
ORD_50;PROD_15;6;2
ORD_50;PROD_44;5;5
ORD_50;PROD_36;9;3
ORD_50;PROD_1;1;3
ORD_50;PROD_11;9;3
ORD_50;PROD_43;6;1
ORD_50;PROD_15;6;1
ORD_51;PROD_15;3;3
ORD_51;PROD_44;6;2
ORD_51;PROD_36;1;5
ORD_51;PROD_1;5;2
ORD_51;PROD_3;2;4
ORD_51;PROD_21;7;5
ORD_52;PROD_29;7;3
ORD_52;PROD_40;2;2
ORD_52;PROD_15;6;5
ORD_52;PROD_16;5;3
ORD_52;PROD_25;8;3
ORD_52;PROD_20;1;4
ORD_52;PROD_32;1;4
ORD_52;PROD_5;9;2
ORD_53;PROD_28;1;2
ORD_53;PROD_11;6;4
ORD_53;PROD_21;5;4
ORD_53;PROD_14;8;4
ORD_53;PROD_40;6;1
ORD_53;PROD_3;8;1
ORD_53;PROD_46;7;5
ORD_53;PROD_29;6;1
ORD_53;PROD_2;7;2
ORD_53;PROD_29;6;3
ORD_53;PROD_32;4;3
ORD_54;PROD_42;5;3
ORD_54;PROD_4;2;2
ORD_54;PROD_35;1;3
ORD_54;PROD_28;5;2
ORD_54;PROD_50;3;2
ORD_54;PROD_30;8;5
ORD_54;PROD_4;6;3
ORD_54;PROD_28;9;5
ORD_54;PROD_27;4;1
ORD_54;PROD_43;2;4
ORD_54;PROD_12;6;4
ORD_54;PROD_4;7;2
ORD_54;PROD_25;9;5
ORD_55;PROD_15;9;1
ORD_55;PROD_44;9;2
ORD_55;PROD_36;2;2
ORD_55;PROD_1;5;3
ORD_55;PROD_36;6;1
ORD_55;PROD_33;7;4
ORD_55;PROD_15;3;4
ORD_55;PROD_44;6;2
ORD_55;PROD_36;2;1
ORD_55;PROD_1;3;1
ORD_55;PROD_24;3;4
ORD_55;PROD_37;2;3
ORD_55;PROD_30;6;3
ORD_56;PROD_33;1;3
ORD_56;PROD_5;9;5
ORD_56;PROD_32;9;1
ORD_56;PROD_43;4;5
ORD_56;PROD_25;2;3
ORD_56;PROD_27;7;2
ORD_56;PROD_22;4;1
ORD_56;PROD_5;3;4
ORD_56;PROD_14;7;3
ORD_56;PROD_10;6;5
ORD_56;PROD_44;2;2
ORD_56;PROD_28;3;5
ORD_56;PROD_18;1;3
ORD_56;PROD_34;5;4
ORD_57;PROD_39;4;3
ORD_57;PROD_9;4;3
ORD_57;PROD_19;3;3
ORD_57;PROD_1;9;3
ORD_57;PROD_32;1;3
ORD_57;PROD_27;2;4
ORD_57;PROD_8;3;3
ORD_57;PROD_13;1;3
ORD_57;PROD_28;4;1
ORD_58;PROD_31;5;2
ORD_58;PROD_43;7;5
ORD_58;PROD_27;3;3
ORD_58;PROD_23;9;4
ORD_58;PROD_28;8;1
ORD_58;PROD_28;3;2
ORD_58;PROD_5;1;4
ORD_58;PROD_43;1;5
ORD_58;PROD_46;8;2
ORD_58;PROD_43;2;4
ORD_58;PROD_50;9;1
ORD_58;PROD_6;7;4
ORD_58;PROD_30;3;4
ORD_58;PROD_41;9;4
ORD_59;PROD_36;8;5
ORD_59;PROD_33;6;3
ORD_59;PROD_3;1;2
ORD_59;PROD_21;4;2
ORD_59;PROD_12;4;4
ORD_59;PROD_16;7;5
ORD_59;PROD_31;7;5
ORD_59;PROD_9;4;2
ORD_59;PROD_45;1;5
ORD_59;PROD_25;8;3
ORD_59;PROD_7;5;3
ORD_59;PROD_22;7;2
ORD_59;PROD_36;5;2
ORD_59;PROD_47;9;4
ORD_60;PROD_33;9;2
ORD_60;PROD_38;4;2
ORD_60;PROD_49;2;3
ORD_60;PROD_19;4;4
ORD_60;PROD_15;9;4
ORD_60;PROD_36;8;3
ORD_61;PROD_33;6;5
ORD_61;PROD_38;4;5
ORD_61;PROD_49;5;5
ORD_61;PROD_19;1;2
ORD_61;PROD_15;4;1
ORD_61;PROD_3;3;5
ORD_61;PROD_21;3;3
ORD_62;PROD_4;1;3
ORD_62;PROD_14;1;2
ORD_62;PROD_40;3;1
ORD_62;PROD_47;8;5
ORD_62;PROD_13;7;2
ORD_62;PROD_35;4;1
ORD_62;PROD_24;5;5
ORD_62;PROD_25;1;1
ORD_62;PROD_45;3;2
ORD_62;PROD_42;5;1
ORD_62;PROD_24;7;4
ORD_62;PROD_15;6;5
ORD_63;PROD_15;7;5
ORD_63;PROD_22;2;5
ORD_63;PROD_21;8;5
ORD_63;PROD_45;2;5
ORD_63;PROD_21;3;2
ORD_63;PROD_32;2;4
ORD_63;PROD_50;3;4
ORD_63;PROD_2;9;2
ORD_63;PROD_9;6;3
ORD_63;PROD_23;6;5
ORD_63;PROD_45;2;5
ORD_63;PROD_9;6;5
ORD_63;PROD_28;3;5
ORD_64;PROD_28;7;1
ORD_64;PROD_22;8;2
ORD_64;PROD_41;3;3
ORD_64;PROD_34;1;1
ORD_64;PROD_31;8;3
ORD_64;PROD_1;8;4
ORD_64;PROD_3;8;3
ORD_65;PROD_23;8;2
ORD_65;PROD_3;9;4
ORD_65;PROD_50;3;5
ORD_65;PROD_50;5;2
ORD_65;PROD_44;4;2
ORD_65;PROD_46;4;2
ORD_65;PROD_44;9;5
ORD_65;PROD_10;1;4
ORD_65;PROD_10;9;5
ORD_65;PROD_10;9;4
ORD_65;PROD_11;4;3
ORD_65;PROD_16;4;4
ORD_65;PROD_17;7;4
ORD_65;PROD_49;9;2
ORD_65;PROD_7;8;5
ORD_66;PROD_3;3;3
ORD_66;PROD_21;4;2
ORD_66;PROD_12;2;4
ORD_66;PROD_16;7;2
ORD_66;PROD_31;8;3
ORD_66;PROD_3;6;2
ORD_66;PROD_22;9;1
ORD_66;PROD_15;8;4
ORD_66;PROD_6;8;4
ORD_66;PROD_22;3;3
ORD_66;PROD_35;9;3
ORD_66;PROD_35;5;5
ORD_67;PROD_12;4;5
ORD_67;PROD_50;4;5
ORD_67;PROD_7;8;4
ORD_67;PROD_11;5;2
ORD_67;PROD_12;1;5
ORD_67;PROD_50;4;5
ORD_67;PROD_7;4;5
ORD_67;PROD_11;7;2
ORD_67;PROD_16;8;3
ORD_67;PROD_42;6;5
ORD_68;PROD_42;2;3
ORD_68;PROD_30;3;5
ORD_68;PROD_24;3;2
ORD_68;PROD_40;2;1
ORD_68;PROD_24;9;5
ORD_68;PROD_35;9;4
ORD_68;PROD_50;6;3
ORD_68;PROD_7;8;2
ORD_68;PROD_32;2;4
ORD_68;PROD_25;2;2
ORD_68;PROD_20;6;4
ORD_68;PROD_37;8;1
ORD_69;PROD_33;4;4
ORD_69;PROD_38;4;3
ORD_69;PROD_49;8;3
ORD_69;PROD_19;2;3
ORD_69;PROD_15;6;4
ORD_69;PROD_11;4;5
ORD_69;PROD_43;5;5
ORD_69;PROD_15;8;3
ORD_69;PROD_44;6;3
ORD_69;PROD_36;6;4
ORD_69;PROD_1;3;2
ORD_69;PROD_23;4;5
ORD_70;PROD_15;8;1
ORD_70;PROD_22;2;4
ORD_70;PROD_13;6;1
ORD_70;PROD_29;7;5
ORD_70;PROD_30;1;5
ORD_70;PROD_31;1;5
ORD_71;PROD_14;3;2
ORD_71;PROD_8;5;4
ORD_71;PROD_38;4;5
ORD_71;PROD_36;1;3
ORD_71;PROD_16;7;1
ORD_71;PROD_15;2;4
ORD_71;PROD_10;7;1
ORD_71;PROD_12;3;1
ORD_71;PROD_2;1;3
ORD_72;PROD_11;6;5
ORD_72;PROD_43;2;1
ORD_72;PROD_3;8;3
ORD_72;PROD_21;6;4
ORD_72;PROD_12;8;2
ORD_72;PROD_16;7;2
ORD_72;PROD_31;3;1
ORD_72;PROD_15;6;3
ORD_72;PROD_44;5;5
ORD_73;PROD_12;8;3
ORD_73;PROD_50;2;5
ORD_73;PROD_7;4;5
ORD_73;PROD_11;1;3
ORD_73;PROD_3;7;3
ORD_73;PROD_43;5;3
ORD_73;PROD_44;6;4
ORD_73;PROD_36;5;3
ORD_73;PROD_50;7;4
ORD_73;PROD_17;7;2
ORD_74;PROD_3;9;4
ORD_74;PROD_21;9;2
ORD_74;PROD_12;2;5
ORD_74;PROD_16;8;1
ORD_74;PROD_31;2;2
ORD_74;PROD_15;9;3
ORD_74;PROD_44;7;4
ORD_74;PROD_36;7;5
ORD_74;PROD_1;2;2
ORD_74;PROD_12;1;3
ORD_75;PROD_44;7;3
ORD_75;PROD_34;7;2
ORD_75;PROD_25;6;5
ORD_75;PROD_27;3;2
ORD_75;PROD_48;8;3
ORD_75;PROD_42;3;1
ORD_75;PROD_8;9;2
ORD_75;PROD_33;4;2
ORD_75;PROD_18;7;4
ORD_75;PROD_18;7;1
ORD_75;PROD_24;1;5
ORD_76;PROD_7;3;3
ORD_76;PROD_40;4;4
ORD_76;PROD_25;6;1
ORD_76;PROD_27;7;3
ORD_76;PROD_45;8;3
ORD_76;PROD_19;1;4
ORD_76;PROD_7;8;3
ORD_76;PROD_4;1;2
ORD_76;PROD_6;9;2
ORD_76;PROD_50;9;2
ORD_77;PROD_12;1;5
ORD_77;PROD_50;7;3
ORD_77;PROD_7;9;5
ORD_77;PROD_11;4;5
ORD_77;PROD_17;9;2
ORD_77;PROD_29;1;3
ORD_77;PROD_21;9;4
ORD_77;PROD_14;9;2
ORD_77;PROD_23;8;1
ORD_77;PROD_4;2;2
ORD_77;PROD_32;3;4
ORD_77;PROD_49;6;1
ORD_78;PROD_36;5;3
ORD_78;PROD_33;3;2
ORD_78;PROD_12;5;4
ORD_78;PROD_50;1;4
ORD_78;PROD_7;1;2
ORD_78;PROD_11;5;1
ORD_78;PROD_15;3;1
ORD_78;PROD_44;7;5
ORD_79;PROD_4;1;3
ORD_79;PROD_14;3;5
ORD_79;PROD_11;4;1
ORD_79;PROD_5;4;3
ORD_79;PROD_20;2;5
ORD_79;PROD_5;7;2
ORD_79;PROD_5;3;5
ORD_79;PROD_34;8;3
ORD_79;PROD_14;9;2
ORD_79;PROD_35;3;2
ORD_79;PROD_48;3;4
ORD_79;PROD_10;8;2
ORD_79;PROD_48;8;5
ORD_79;PROD_45;6;4
ORD_80;PROD_16;2;4
ORD_80;PROD_13;1;5
ORD_80;PROD_39;1;3
ORD_80;PROD_48;8;2
ORD_80;PROD_31;1;4
ORD_80;PROD_29;2;1
ORD_80;PROD_36;7;3
ORD_80;PROD_28;3;4
ORD_80;PROD_19;5;5
ORD_81;PROD_12;2;3
ORD_81;PROD_50;4;4
ORD_81;PROD_7;3;4
ORD_81;PROD_11;2;4
ORD_81;PROD_15;7;1
ORD_81;PROD_44;2;2
ORD_81;PROD_36;1;2
ORD_82;PROD_15;2;4
ORD_82;PROD_44;4;4
ORD_82;PROD_36;9;5
ORD_82;PROD_1;1;1
ORD_82;PROD_30;8;5
ORD_82;PROD_37;9;5
ORD_82;PROD_6;6;5
ORD_82;PROD_39;4;4
ORD_82;PROD_17;3;5
ORD_83;PROD_19;7;3
ORD_83;PROD_47;9;5
ORD_83;PROD_50;2;2
ORD_83;PROD_18;5;4
ORD_83;PROD_29;1;4
ORD_83;PROD_8;7;2
ORD_83;PROD_37;5;5
ORD_84;PROD_15;5;2
ORD_84;PROD_22;8;1
ORD_84;PROD_12;9;3
ORD_84;PROD_50;8;2
ORD_84;PROD_7;2;2
ORD_85;PROD_32;3;4
ORD_85;PROD_37;3;2
ORD_85;PROD_8;8;3
ORD_85;PROD_32;4;3
ORD_85;PROD_38;3;5
ORD_86;PROD_8;5;5
ORD_86;PROD_13;9;1
ORD_86;PROD_35;2;5
ORD_86;PROD_50;2;5
ORD_86;PROD_22;7;4
ORD_86;PROD_37;8;4
ORD_86;PROD_25;9;4
ORD_86;PROD_24;4;4
ORD_86;PROD_3;4;1
ORD_87;PROD_12;6;4
ORD_87;PROD_50;7;1
ORD_87;PROD_7;6;2
ORD_87;PROD_11;5;3
ORD_87;PROD_46;9;1
ORD_87;PROD_47;6;2
ORD_87;PROD_33;2;2
ORD_87;PROD_40;3;3
ORD_87;PROD_44;4;3
ORD_87;PROD_31;9;4
ORD_87;PROD_47;2;4
ORD_87;PROD_13;8;1
ORD_87;PROD_18;1;3
ORD_87;PROD_11;6;1
ORD_87;PROD_37;9;3
ORD_88;PROD_10;9;2
ORD_88;PROD_11;3;2
ORD_88;PROD_38;7;4
ORD_88;PROD_44;4;2
ORD_88;PROD_2;2;3
ORD_88;PROD_28;8;2
ORD_88;PROD_23;3;3
ORD_88;PROD_43;4;5
ORD_88;PROD_23;9;5
ORD_89;PROD_18;8;2
ORD_89;PROD_38;3;5
ORD_89;PROD_44;5;4
ORD_89;PROD_29;5;3
ORD_89;PROD_30;6;5
ORD_89;PROD_2;6;2
ORD_89;PROD_24;1;4
ORD_89;PROD_46;6;3
ORD_89;PROD_2;5;3
ORD_89;PROD_24;2;3
ORD_90;PROD_36;4;2
ORD_90;PROD_33;9;4
ORD_90;PROD_3;8;1
ORD_90;PROD_21;5;5
ORD_90;PROD_12;3;1
ORD_90;PROD_16;4;2
ORD_90;PROD_31;5;4
ORD_90;PROD_15;2;1
ORD_90;PROD_44;5;5
ORD_90;PROD_36;6;4
ORD_90;PROD_1;6;5
ORD_90;PROD_2;3;3
ORD_90;PROD_30;1;3
ORD_90;PROD_25;5;3
ORD_90;PROD_13;4;3
ORD_91;PROD_24;1;5
ORD_91;PROD_12;9;4
ORD_91;PROD_29;8;4
ORD_91;PROD_50;5;4
ORD_91;PROD_27;3;5
ORD_91;PROD_46;7;1
ORD_91;PROD_31;5;3
ORD_91;PROD_15;6;1
ORD_91;PROD_17;4;3
ORD_91;PROD_48;2;5
ORD_91;PROD_11;5;3
ORD_91;PROD_42;1;3
ORD_91;PROD_37;4;2
ORD_92;PROD_35;3;1
ORD_92;PROD_17;8;1
ORD_92;PROD_13;6;1
ORD_92;PROD_12;7;1
ORD_92;PROD_50;7;5
ORD_92;PROD_1;3;2
ORD_92;PROD_15;4;4
ORD_92;PROD_13;5;5
ORD_92;PROD_35;8;4
ORD_92;PROD_1;7;1
ORD_92;PROD_21;4;5
ORD_92;PROD_40;5;3
ORD_92;PROD_27;3;2
ORD_92;PROD_34;8;3
ORD_93;PROD_12;1;4
ORD_93;PROD_50;8;2
ORD_93;PROD_7;8;3
ORD_93;PROD_11;2;4
ORD_93;PROD_33;6;4
ORD_93;PROD_38;7;5
ORD_93;PROD_49;4;4
ORD_94;PROD_33;3;5
ORD_94;PROD_38;8;5
ORD_94;PROD_49;1;2
ORD_94;PROD_19;7;2
ORD_94;PROD_15;3;1
ORD_94;PROD_3;3;1
ORD_94;PROD_21;2;1
ORD_95;PROD_6;3;3
ORD_95;PROD_47;7;1
ORD_95;PROD_33;9;4
ORD_95;PROD_40;9;5
ORD_95;PROD_5;9;1
ORD_95;PROD_45;4;4
ORD_95;PROD_39;1;4
ORD_95;PROD_48;6;4
ORD_95;PROD_49;9;1
ORD_95;PROD_34;1;1
ORD_95;PROD_19;2;3
ORD_95;PROD_41;8;3
ORD_96;PROD_3;6;3
ORD_96;PROD_21;8;5
ORD_96;PROD_12;7;2
ORD_96;PROD_16;1;5
ORD_96;PROD_31;7;3
ORD_96;PROD_11;5;2
ORD_96;PROD_43;9;5
ORD_96;PROD_38;3;2
ORD_96;PROD_7;7;5
ORD_96;PROD_6;8;5
ORD_96;PROD_40;6;5
ORD_96;PROD_29;4;3
ORD_97;PROD_33;8;4
ORD_97;PROD_38;6;3
ORD_97;PROD_49;8;5
ORD_97;PROD_19;5;4
ORD_97;PROD_15;6;3
ORD_97;PROD_34;5;3
ORD_97;PROD_18;5;3
ORD_98;PROD_33;1;5
ORD_98;PROD_38;6;2
ORD_98;PROD_49;3;2
ORD_98;PROD_19;2;1
ORD_98;PROD_15;2;1
ORD_98;PROD_36;2;3
ORD_99;PROD_2;5;2
ORD_99;PROD_41;1;5
ORD_99;PROD_26;5;3
ORD_99;PROD_45;1;5
ORD_99;PROD_7;8;2
ORD_99;PROD_6;7;4
ORD_99;PROD_16;5;5
ORD_99;PROD_1;1;5
ORD_99;PROD_22;6;5
ORD_99;PROD_47;9;4
ORD_99;PROD_24;3;5
ORD_100;PROD_29;7;5
ORD_100;PROD_40;5;4
ORD_100;PROD_31;4;1
ORD_100;PROD_48;9;1
ORD_100;PROD_40;4;5
ORD_100;PROD_1;9;1
ORD_101;PROD_21;1;4
ORD_101;PROD_11;1;2
ORD_101;PROD_29;9;4
ORD_101;PROD_7;1;4
ORD_101;PROD_17;4;3
ORD_101;PROD_45;6;4
ORD_101;PROD_22;1;5
ORD_101;PROD_40;9;2
ORD_102;PROD_25;8;3
ORD_102;PROD_15;6;1
ORD_102;PROD_32;6;3
ORD_102;PROD_43;6;3
ORD_102;PROD_43;2;2
ORD_102;PROD_3;6;1
ORD_102;PROD_25;2;3
ORD_102;PROD_40;3;3
ORD_102;PROD_7;5;3
ORD_102;PROD_14;7;5
ORD_102;PROD_37;7;4
ORD_103;PROD_47;8;1
ORD_103;PROD_15;9;1
ORD_103;PROD_29;1;2
ORD_103;PROD_22;6;4
ORD_103;PROD_48;3;2
ORD_103;PROD_18;4;2
ORD_103;PROD_47;7;5
ORD_103;PROD_26;5;4
ORD_103;PROD_17;4;3
ORD_103;PROD_24;2;3
ORD_103;PROD_25;7;1
ORD_104;PROD_36;7;4
ORD_104;PROD_33;2;2
ORD_104;PROD_36;5;4
ORD_104;PROD_33;7;2
ORD_104;PROD_11;2;4
ORD_104;PROD_43;8;4
ORD_104;PROD_1;5;3
ORD_105;PROD_11;3;3
ORD_105;PROD_43;1;3
ORD_105;PROD_12;5;1
ORD_105;PROD_50;7;1
ORD_105;PROD_7;5;3
ORD_105;PROD_11;3;4
ORD_105;PROD_13;3;4
ORD_106;PROD_15;8;3
ORD_106;PROD_44;5;5
ORD_106;PROD_36;8;3
ORD_106;PROD_1;1;1
ORD_106;PROD_13;6;4
ORD_106;PROD_32;1;4
ORD_106;PROD_33;8;1
ORD_106;PROD_24;1;3
ORD_106;PROD_5;1;2
ORD_106;PROD_3;9;4
ORD_106;PROD_32;5;5
ORD_106;PROD_39;7;2
ORD_106;PROD_3;4;1
ORD_106;PROD_1;4;2
ORD_107;PROD_14;7;2
ORD_107;PROD_19;6;1
ORD_107;PROD_18;6;3
ORD_107;PROD_15;1;2
ORD_107;PROD_38;9;2
ORD_107;PROD_36;2;1
ORD_107;PROD_23;3;5
ORD_107;PROD_40;9;3
ORD_107;PROD_26;5;4
ORD_107;PROD_42;4;4
ORD_107;PROD_8;6;3
ORD_108;PROD_3;1;4
ORD_108;PROD_21;4;4
ORD_108;PROD_12;9;1
ORD_108;PROD_16;3;2
ORD_108;PROD_31;9;4
ORD_108;PROD_36;2;1
ORD_108;PROD_33;1;1
ORD_108;PROD_2;1;2
ORD_108;PROD_6;1;4
ORD_108;PROD_12;3;1
ORD_109;PROD_33;8;2
ORD_109;PROD_38;6;4
ORD_109;PROD_49;7;3
ORD_109;PROD_19;7;1
ORD_109;PROD_15;7;4
ORD_109;PROD_11;7;5
ORD_109;PROD_43;5;1
ORD_109;PROD_38;1;4
ORD_109;PROD_21;3;5
ORD_109;PROD_1;3;1
ORD_109;PROD_24;5;1
ORD_110;PROD_15;1;4
ORD_110;PROD_22;5;4
ORD_110;PROD_7;7;2
ORD_110;PROD_47;9;4
ORD_110;PROD_20;8;1
ORD_110;PROD_32;3;2
ORD_110;PROD_22;8;4
ORD_110;PROD_38;4;4
ORD_110;PROD_35;6;2
ORD_110;PROD_7;2;2
ORD_110;PROD_49;6;5
ORD_110;PROD_48;7;2
ORD_110;PROD_43;9;3
ORD_110;PROD_43;7;1
ORD_110;PROD_4;1;3
ORD_111;PROD_36;6;2
ORD_111;PROD_33;2;3
ORD_111;PROD_21;1;2
ORD_111;PROD_32;7;3
ORD_111;PROD_34;1;1
ORD_111;PROD_45;8;2
ORD_111;PROD_35;7;5
ORD_111;PROD_41;5;2
ORD_111;PROD_26;6;5
ORD_111;PROD_15;4;2
ORD_111;PROD_29;9;1
ORD_111;PROD_33;4;2
ORD_111;PROD_45;7;1
ORD_111;PROD_18;6;2
ORD_112;PROD_11;7;1
ORD_112;PROD_2;5;1
ORD_112;PROD_1;2;5
ORD_112;PROD_43;9;3
ORD_112;PROD_23;7;3
ORD_112;PROD_1;5;4
ORD_112;PROD_9;7;5
ORD_112;PROD_26;5;4
ORD_113;PROD_12;9;2
ORD_113;PROD_50;5;1
ORD_113;PROD_7;5;1
ORD_113;PROD_11;7;3
ORD_113;PROD_33;5;2
ORD_113;PROD_38;7;2
ORD_113;PROD_49;8;5
ORD_113;PROD_19;9;5
ORD_113;PROD_15;3;2
ORD_113;PROD_15;3;3
ORD_113;PROD_44;9;1
ORD_113;PROD_36;5;5
ORD_113;PROD_1;4;3
ORD_113;PROD_11;7;3
ORD_114;PROD_36;5;5
ORD_114;PROD_33;2;2
ORD_114;PROD_11;7;4
ORD_114;PROD_43;4;3
ORD_114;PROD_15;8;2
ORD_114;PROD_22;2;5
ORD_114;PROD_33;1;4
ORD_114;PROD_15;3;3
ORD_114;PROD_46;9;3
ORD_114;PROD_21;1;1
ORD_114;PROD_42;2;3
ORD_114;PROD_13;7;4
ORD_115;PROD_33;7;4
ORD_115;PROD_38;3;2
ORD_115;PROD_49;3;4
ORD_115;PROD_19;6;2
ORD_115;PROD_15;3;5
ORD_115;PROD_12;1;3
ORD_115;PROD_50;3;3
ORD_115;PROD_7;4;3
ORD_115;PROD_11;8;4
ORD_115;PROD_36;1;1
ORD_116;PROD_3;3;1
ORD_116;PROD_20;3;5
ORD_116;PROD_7;4;1
ORD_116;PROD_18;2;4
ORD_116;PROD_15;8;3
ORD_116;PROD_10;8;5
ORD_116;PROD_24;5;4
ORD_116;PROD_50;8;2
ORD_116;PROD_47;3;1
ORD_117;PROD_15;4;4
ORD_117;PROD_39;2;3
ORD_117;PROD_15;5;2
ORD_117;PROD_41;1;3
ORD_117;PROD_3;8;4
ORD_117;PROD_39;3;1
ORD_117;PROD_34;2;1
ORD_117;PROD_14;5;5
ORD_117;PROD_6;5;4
ORD_117;PROD_2;9;2
ORD_117;PROD_13;2;4
ORD_118;PROD_40;2;5
ORD_118;PROD_48;9;4
ORD_118;PROD_27;7;4
ORD_118;PROD_31;9;4
ORD_118;PROD_21;5;2
ORD_118;PROD_43;1;5
ORD_119;PROD_6;7;3
ORD_119;PROD_46;3;4
ORD_119;PROD_21;6;1
ORD_119;PROD_31;2;3
ORD_119;PROD_8;5;1
ORD_119;PROD_30;6;3
ORD_119;PROD_39;2;1
ORD_119;PROD_2;4;5
ORD_119;PROD_32;3;5
ORD_119;PROD_49;6;4
ORD_119;PROD_41;4;5
ORD_120;PROD_11;5;5
ORD_120;PROD_43;2;3
ORD_120;PROD_36;8;3
ORD_120;PROD_33;9;2
ORD_120;PROD_14;6;4
ORD_120;PROD_42;7;1
ORD_120;PROD_27;3;5
ORD_121;PROD_27;2;4
ORD_121;PROD_34;9;5
ORD_121;PROD_50;3;1
ORD_121;PROD_41;6;2
ORD_121;PROD_46;4;3
ORD_121;PROD_47;7;3
ORD_121;PROD_7;9;2
ORD_121;PROD_23;6;3
ORD_121;PROD_1;4;2
ORD_121;PROD_38;9;1
ORD_121;PROD_12;8;4
ORD_121;PROD_36;1;5
ORD_121;PROD_33;7;1
ORD_121;PROD_9;4;3
ORD_121;PROD_24;6;4
ORD_122;PROD_45;1;2
ORD_122;PROD_44;6;4
ORD_122;PROD_27;5;1
ORD_122;PROD_11;1;5
ORD_122;PROD_7;7;4
ORD_122;PROD_13;2;5
ORD_122;PROD_34;2;3
ORD_122;PROD_19;9;5
ORD_122;PROD_24;8;1
ORD_122;PROD_3;8;1
ORD_122;PROD_24;1;2
ORD_123;PROD_27;5;2
ORD_123;PROD_13;7;5
ORD_123;PROD_50;1;5
ORD_123;PROD_7;7;3
ORD_123;PROD_35;7;4
ORD_123;PROD_30;5;5
ORD_123;PROD_3;5;1
ORD_123;PROD_40;5;5
ORD_123;PROD_27;7;1
ORD_123;PROD_27;4;2
ORD_124;PROD_33;8;5
ORD_124;PROD_38;4;3
ORD_124;PROD_49;7;2
ORD_124;PROD_19;2;5
ORD_124;PROD_15;2;2
ORD_124;PROD_33;4;3
ORD_124;PROD_38;3;4
ORD_124;PROD_49;8;5
ORD_125;PROD_36;2;3
ORD_125;PROD_33;4;4
ORD_125;PROD_18;5;3
ORD_125;PROD_32;4;1
ORD_125;PROD_10;2;3
ORD_125;PROD_3;2;4
ORD_125;PROD_7;8;2
ORD_125;PROD_17;9;5
ORD_125;PROD_35;7;1
ORD_125;PROD_47;2;2
ORD_125;PROD_33;7;5
ORD_125;PROD_24;5;4
ORD_126;PROD_14;3;1
ORD_126;PROD_4;8;4
ORD_126;PROD_39;7;1
ORD_126;PROD_10;2;1
ORD_126;PROD_29;2;2
ORD_126;PROD_15;9;2
ORD_126;PROD_30;8;2
ORD_126;PROD_37;4;3
ORD_126;PROD_39;1;1
ORD_126;PROD_40;5;1
ORD_126;PROD_24;4;2
ORD_126;PROD_13;6;4
ORD_126;PROD_22;9;1
ORD_126;PROD_36;6;5
ORD_126;PROD_9;1;5
ORD_127;PROD_19;1;5
ORD_127;PROD_5;2;3
ORD_127;PROD_34;5;4
ORD_127;PROD_19;8;1
ORD_127;PROD_18;5;4
ORD_127;PROD_11;2;5
ORD_128;PROD_40;8;5
ORD_128;PROD_12;6;4
ORD_128;PROD_41;7;5
ORD_128;PROD_15;3;2
ORD_128;PROD_37;9;1
ORD_128;PROD_38;2;2
ORD_128;PROD_28;6;3
ORD_128;PROD_46;5;1
ORD_129;PROD_24;2;2
ORD_129;PROD_3;5;3
ORD_129;PROD_18;2;4
ORD_129;PROD_26;2;4
ORD_129;PROD_3;3;3
ORD_129;PROD_43;4;3
ORD_129;PROD_36;2;2
ORD_129;PROD_25;2;5
ORD_129;PROD_34;1;5
ORD_129;PROD_48;9;1
ORD_129;PROD_13;7;2
ORD_129;PROD_32;6;3
ORD_129;PROD_31;6;2
ORD_129;PROD_30;2;3
ORD_130;PROD_9;9;1
ORD_130;PROD_45;2;2
ORD_130;PROD_49;4;1
ORD_130;PROD_7;1;4
ORD_130;PROD_2;1;3
ORD_130;PROD_19;2;4
ORD_130;PROD_15;6;1
ORD_130;PROD_21;4;2
ORD_130;PROD_50;2;4
ORD_130;PROD_10;1;4
ORD_130;PROD_44;6;4
ORD_130;PROD_1;9;3
ORD_130;PROD_22;2;2
ORD_130;PROD_3;4;1
ORD_131;PROD_2;4;3
ORD_131;PROD_31;6;4
ORD_131;PROD_37;6;5
ORD_131;PROD_9;1;4
ORD_131;PROD_14;5;1
ORD_131;PROD_49;3;5
ORD_131;PROD_14;7;4
ORD_131;PROD_30;9;1
ORD_131;PROD_29;5;5
ORD_131;PROD_22;8;5
ORD_131;PROD_20;9;4
ORD_131;PROD_23;3;3
ORD_132;PROD_42;3;1
ORD_132;PROD_6;6;2
ORD_132;PROD_26;8;5
ORD_132;PROD_27;9;1
ORD_132;PROD_23;4;3
ORD_133;PROD_1;3;2
ORD_133;PROD_42;1;3
ORD_133;PROD_23;1;1
ORD_133;PROD_3;7;2
ORD_133;PROD_37;5;3
ORD_133;PROD_22;7;3
ORD_133;PROD_35;2;4
ORD_134;PROD_15;8;1
ORD_134;PROD_44;1;5
ORD_134;PROD_36;7;2
ORD_134;PROD_1;3;3
ORD_134;PROD_33;4;5
ORD_134;PROD_38;8;4
ORD_135;PROD_3;2;3
ORD_135;PROD_21;6;1
ORD_135;PROD_12;6;2
ORD_135;PROD_16;2;1
ORD_135;PROD_31;9;4
ORD_135;PROD_33;2;4
ORD_135;PROD_38;6;1
ORD_135;PROD_49;6;2
ORD_135;PROD_19;7;2
ORD_136;PROD_15;9;1
ORD_136;PROD_22;4;2
ORD_136;PROD_44;2;4
ORD_136;PROD_41;4;1
ORD_136;PROD_23;6;4
ORD_136;PROD_38;6;1
ORD_136;PROD_25;4;1
ORD_136;PROD_33;7;4
ORD_136;PROD_14;1;4
ORD_136;PROD_22;1;1
ORD_137;PROD_3;5;5
ORD_137;PROD_27;8;1
ORD_137;PROD_1;7;1
ORD_137;PROD_3;4;1
ORD_137;PROD_2;1;5
ORD_137;PROD_40;7;1
ORD_137;PROD_7;3;4
ORD_137;PROD_2;5;5
ORD_137;PROD_15;4;3
ORD_137;PROD_50;7;1
ORD_138;PROD_40;1;4
ORD_138;PROD_12;3;2
ORD_138;PROD_35;5;4
ORD_138;PROD_19;3;3
ORD_138;PROD_42;6;5
ORD_139;PROD_11;4;1
ORD_139;PROD_43;2;3
ORD_139;PROD_15;6;5
ORD_139;PROD_22;7;3
ORD_139;PROD_16;7;5
ORD_139;PROD_44;3;3
ORD_139;PROD_24;7;5
ORD_139;PROD_14;9;1
ORD_139;PROD_10;1;1
ORD_139;PROD_48;1;5
ORD_139;PROD_7;5;1
ORD_139;PROD_28;1;4
ORD_139;PROD_33;2;3
ORD_140;PROD_15;5;3
ORD_140;PROD_44;5;2
ORD_140;PROD_36;3;1
ORD_140;PROD_1;8;3
ORD_140;PROD_15;6;4
ORD_140;PROD_22;4;1
ORD_140;PROD_1;1;2
ORD_140;PROD_36;3;2
ORD_141;PROD_12;2;1
ORD_141;PROD_43;8;4
ORD_141;PROD_27;2;2
ORD_141;PROD_12;1;2
ORD_141;PROD_36;6;2
ORD_141;PROD_25;2;2
ORD_141;PROD_19;9;5
ORD_141;PROD_43;7;4
ORD_141;PROD_46;8;5
ORD_142;PROD_33;5;3
ORD_142;PROD_38;7;5
ORD_142;PROD_49;1;1
ORD_142;PROD_19;4;5
ORD_142;PROD_15;8;3
ORD_142;PROD_15;8;4
ORD_142;PROD_44;5;5
ORD_142;PROD_36;1;1
ORD_143;PROD_11;8;5
ORD_143;PROD_43;9;3
ORD_143;PROD_11;2;1
ORD_143;PROD_43;3;3
ORD_143;PROD_2;3;5
ORD_143;PROD_42;7;1
ORD_143;PROD_14;9;1
ORD_143;PROD_14;9;5
ORD_144;PROD_15;2;2
ORD_144;PROD_22;7;1
ORD_144;PROD_12;7;1
ORD_144;PROD_50;8;5
ORD_144;PROD_7;4;1
ORD_145;PROD_15;8;5
ORD_145;PROD_44;3;5
ORD_145;PROD_36;5;3
ORD_145;PROD_1;3;5
ORD_145;PROD_15;9;4
ORD_145;PROD_22;9;4
ORD_145;PROD_36;1;1
ORD_145;PROD_1;4;5
ORD_145;PROD_3;4;1
ORD_146;PROD_16;4;3
ORD_146;PROD_41;4;2
ORD_146;PROD_26;9;2
ORD_146;PROD_50;9;4
ORD_146;PROD_32;7;2
ORD_146;PROD_18;4;1
ORD_147;PROD_15;2;5
ORD_147;PROD_48;9;1
ORD_147;PROD_8;1;3
ORD_147;PROD_24;6;1
ORD_147;PROD_12;6;2
ORD_147;PROD_10;2;4
ORD_147;PROD_13;5;1
ORD_147;PROD_9;7;4
ORD_147;PROD_5;3;4
ORD_147;PROD_45;6;1
ORD_147;PROD_37;6;4
ORD_147;PROD_42;5;3
ORD_148;PROD_15;8;3
ORD_148;PROD_22;3;5
ORD_148;PROD_11;6;5
ORD_148;PROD_43;5;1
ORD_148;PROD_15;1;1
ORD_148;PROD_22;5;3
ORD_148;PROD_48;6;2
ORD_148;PROD_48;1;4
ORD_148;PROD_27;2;2
ORD_148;PROD_28;2;2
ORD_148;PROD_26;1;5
ORD_148;PROD_15;3;2
ORD_149;PROD_36;9;5
ORD_149;PROD_33;1;1
ORD_149;PROD_38;4;5
ORD_149;PROD_32;1;1
ORD_149;PROD_32;6;2
ORD_149;PROD_21;2;3
ORD_149;PROD_1;3;5
ORD_149;PROD_48;9;2
ORD_150;PROD_14;4;2
ORD_150;PROD_33;4;4
ORD_150;PROD_4;5;2
ORD_150;PROD_38;7;3
ORD_150;PROD_29;2;1
ORD_150;PROD_32;7;5
ORD_150;PROD_1;1;1
ORD_150;PROD_11;5;1
ORD_150;PROD_39;2;3
ORD_150;PROD_5;5;3
ORD_150;PROD_1;6;3
ORD_150;PROD_30;3;1
ORD_150;PROD_41;1;5
ORD_150;PROD_14;4;2
ORD_151;PROD_15;8;5
ORD_151;PROD_22;8;4
ORD_151;PROD_3;1;4
ORD_151;PROD_21;1;2
ORD_151;PROD_12;4;4
ORD_151;PROD_16;6;1
ORD_151;PROD_31;6;2
ORD_151;PROD_15;3;3
ORD_151;PROD_22;9;2
ORD_152;PROD_15;3;5
ORD_152;PROD_44;6;3
ORD_152;PROD_36;3;4
ORD_152;PROD_1;6;3
ORD_152;PROD_15;6;3
ORD_152;PROD_22;7;3
ORD_152;PROD_23;4;5
ORD_152;PROD_1;9;5
ORD_152;PROD_21;8;4
ORD_152;PROD_48;3;4
ORD_152;PROD_42;8;5
ORD_152;PROD_9;7;1
ORD_152;PROD_37;8;3
ORD_153;PROD_36;5;4
ORD_153;PROD_33;6;2
ORD_153;PROD_15;2;3
ORD_153;PROD_44;8;4
ORD_153;PROD_36;9;5
ORD_153;PROD_1;6;4
ORD_154;PROD_11;7;1
ORD_154;PROD_43;2;3
ORD_154;PROD_29;7;1
ORD_154;PROD_44;2;4
ORD_154;PROD_49;3;2
ORD_154;PROD_29;6;3
ORD_154;PROD_20;3;2
ORD_155;PROD_4;9;5
ORD_155;PROD_1;7;4
ORD_155;PROD_5;8;3
ORD_155;PROD_19;1;3
ORD_155;PROD_17;9;4
ORD_155;PROD_15;7;3
ORD_155;PROD_9;2;5
ORD_155;PROD_5;8;2
ORD_155;PROD_9;1;4
ORD_156;PROD_36;2;3
ORD_156;PROD_33;2;3
ORD_156;PROD_29;3;1
ORD_156;PROD_30;1;5
ORD_156;PROD_4;7;1
ORD_156;PROD_19;1;3
ORD_156;PROD_12;5;2
ORD_156;PROD_35;7;4
ORD_156;PROD_21;8;3
ORD_156;PROD_18;3;3
ORD_156;PROD_7;3;5
ORD_156;PROD_15;7;4
ORD_157;PROD_47;1;3
ORD_157;PROD_3;3;1
ORD_157;PROD_31;4;5
ORD_157;PROD_26;6;2
ORD_157;PROD_22;9;3
ORD_157;PROD_49;8;3
ORD_157;PROD_13;5;2
ORD_157;PROD_46;8;5
ORD_157;PROD_35;7;4
ORD_157;PROD_38;8;2
ORD_157;PROD_5;3;1
ORD_158;PROD_41;1;3
ORD_158;PROD_35;7;5
ORD_158;PROD_50;5;4
ORD_158;PROD_32;6;5
ORD_158;PROD_14;2;4
ORD_158;PROD_8;6;4
ORD_158;PROD_28;3;2
ORD_158;PROD_9;1;1
ORD_158;PROD_8;5;3
ORD_158;PROD_39;4;5
ORD_158;PROD_50;2;4
ORD_158;PROD_5;7;4
ORD_158;PROD_3;2;2
ORD_159;PROD_3;6;3
ORD_159;PROD_21;8;5
ORD_159;PROD_12;3;3
ORD_159;PROD_16;2;2
ORD_159;PROD_31;2;5
ORD_159;PROD_15;1;4
ORD_159;PROD_44;4;1
ORD_159;PROD_36;1;1
ORD_159;PROD_1;2;1
ORD_159;PROD_15;1;2
ORD_159;PROD_22;1;3
ORD_159;PROD_17;5;3
ORD_160;PROD_20;7;2
ORD_160;PROD_24;5;1
ORD_160;PROD_32;6;2
ORD_160;PROD_19;5;4
ORD_160;PROD_38;5;5
ORD_160;PROD_3;1;3
ORD_160;PROD_47;4;5
ORD_160;PROD_29;7;5
ORD_161;PROD_46;6;5
ORD_161;PROD_20;8;1
ORD_161;PROD_40;7;4
ORD_161;PROD_49;4;1
ORD_161;PROD_29;8;2
ORD_161;PROD_32;3;4
ORD_161;PROD_48;9;2
ORD_161;PROD_16;6;5
ORD_161;PROD_14;7;4
ORD_161;PROD_12;5;2
ORD_161;PROD_48;9;2
ORD_161;PROD_19;1;2
ORD_162;PROD_12;8;1
ORD_162;PROD_50;2;4
ORD_162;PROD_7;4;4
ORD_162;PROD_11;7;2
ORD_162;PROD_11;1;3
ORD_162;PROD_43;5;2
ORD_162;PROD_33;6;3
ORD_163;PROD_11;8;4
ORD_163;PROD_43;8;1
ORD_163;PROD_45;4;4
ORD_163;PROD_16;9;2
ORD_163;PROD_36;9;3
ORD_163;PROD_16;7;1
ORD_163;PROD_17;3;5
ORD_163;PROD_41;6;1
ORD_163;PROD_49;6;2
ORD_164;PROD_33;5;3
ORD_164;PROD_49;8;1
ORD_164;PROD_1;1;4
ORD_164;PROD_5;5;1
ORD_164;PROD_43;5;1
ORD_164;PROD_42;3;2
ORD_164;PROD_50;7;1
ORD_164;PROD_11;8;1
ORD_164;PROD_41;9;3
ORD_164;PROD_10;6;3
ORD_164;PROD_27;8;3
ORD_164;PROD_38;2;4
ORD_164;PROD_35;1;1
ORD_165;PROD_20;3;5
ORD_165;PROD_38;6;5
ORD_165;PROD_36;6;1
ORD_165;PROD_48;4;3
ORD_165;PROD_14;3;1
ORD_165;PROD_13;1;3
ORD_166;PROD_14;7;4
ORD_166;PROD_41;5;4
ORD_166;PROD_33;3;3
ORD_166;PROD_5;4;1
ORD_166;PROD_28;4;4
ORD_166;PROD_39;8;1
ORD_166;PROD_42;1;5
ORD_166;PROD_42;5;4
ORD_167;PROD_43;7;1
ORD_167;PROD_24;8;5
ORD_167;PROD_43;6;1
ORD_167;PROD_4;4;5
ORD_167;PROD_16;1;2
ORD_168;PROD_19;7;5
ORD_168;PROD_1;5;2
ORD_168;PROD_23;5;5
ORD_168;PROD_20;4;3
ORD_168;PROD_31;6;1
ORD_169;PROD_4;6;1
ORD_169;PROD_38;7;3
ORD_169;PROD_42;1;1
ORD_169;PROD_27;8;3
ORD_169;PROD_44;4;4
ORD_169;PROD_10;9;5
ORD_169;PROD_37;1;4
ORD_169;PROD_28;8;1
ORD_169;PROD_24;4;5
ORD_169;PROD_18;8;1
ORD_169;PROD_16;4;2
ORD_169;PROD_50;7;5
ORD_169;PROD_12;9;4
ORD_169;PROD_13;2;3
ORD_170;PROD_11;3;1
ORD_170;PROD_43;9;3
ORD_170;PROD_15;3;3
ORD_170;PROD_44;1;5
ORD_170;PROD_36;7;5
ORD_170;PROD_1;4;2
ORD_170;PROD_33;2;4
ORD_170;PROD_38;1;2
ORD_170;PROD_49;9;3
ORD_171;PROD_33;2;2
ORD_171;PROD_38;8;2
ORD_171;PROD_49;6;2
ORD_171;PROD_19;5;5
ORD_171;PROD_15;2;4
ORD_171;PROD_49;8;5
ORD_171;PROD_26;5;3
ORD_171;PROD_25;7;1
ORD_171;PROD_5;8;1
ORD_171;PROD_32;5;5
ORD_171;PROD_29;8;2
ORD_171;PROD_49;5;4
ORD_171;PROD_16;8;1
ORD_171;PROD_50;7;1
ORD_172;PROD_7;4;1
ORD_172;PROD_48;6;3
ORD_172;PROD_17;3;1
ORD_172;PROD_8;9;5
ORD_172;PROD_11;2;1
ORD_172;PROD_8;2;2
ORD_172;PROD_29;1;4
ORD_172;PROD_33;1;2
ORD_173;PROD_11;4;2
ORD_173;PROD_10;6;4
ORD_173;PROD_30;2;1
ORD_173;PROD_35;8;1
ORD_173;PROD_36;5;1
ORD_173;PROD_19;7;4
ORD_173;PROD_23;5;3
ORD_173;PROD_18;9;4
ORD_173;PROD_4;8;4
ORD_173;PROD_5;2;3
ORD_173;PROD_34;1;5
ORD_174;PROD_12;5;3
ORD_174;PROD_50;7;1
ORD_174;PROD_7;3;3
ORD_174;PROD_11;1;5
ORD_174;PROD_33;5;4
ORD_174;PROD_38;5;2
ORD_174;PROD_49;7;4
ORD_174;PROD_19;1;2
ORD_174;PROD_15;2;3
ORD_174;PROD_11;3;5
ORD_175;PROD_3;2;1
ORD_175;PROD_21;6;2
ORD_175;PROD_12;6;4
ORD_175;PROD_16;1;2
ORD_175;PROD_31;6;1
ORD_175;PROD_3;9;4
ORD_175;PROD_21;2;1
ORD_175;PROD_12;1;5
ORD_176;PROD_11;9;1
ORD_176;PROD_43;5;2
ORD_176;PROD_12;1;4
ORD_176;PROD_50;2;5
ORD_176;PROD_7;6;1
ORD_176;PROD_11;6;5
ORD_176;PROD_39;2;3
ORD_176;PROD_1;8;3
ORD_176;PROD_25;8;4
ORD_176;PROD_16;7;1
ORD_176;PROD_5;1;3
ORD_176;PROD_38;8;1
ORD_176;PROD_25;8;5
ORD_176;PROD_18;3;5
ORD_177;PROD_39;4;1
ORD_177;PROD_19;8;5
ORD_177;PROD_4;6;3
ORD_177;PROD_32;7;1
ORD_177;PROD_48;2;5
ORD_177;PROD_46;4;4
ORD_177;PROD_50;3;4
ORD_177;PROD_16;9;4
ORD_177;PROD_13;5;4
ORD_177;PROD_50;1;1
ORD_178;PROD_35;5;2
ORD_178;PROD_37;4;1
ORD_178;PROD_39;9;2
ORD_178;PROD_18;1;1
ORD_178;PROD_1;2;4
ORD_178;PROD_23;3;5
ORD_178;PROD_2;8;2
ORD_178;PROD_19;4;5
ORD_178;PROD_6;5;4
ORD_178;PROD_12;4;5
ORD_179;PROD_15;3;4
ORD_179;PROD_44;1;3
ORD_179;PROD_36;4;5
ORD_179;PROD_1;7;4
ORD_179;PROD_15;1;1
ORD_179;PROD_22;2;3
ORD_179;PROD_3;7;5
ORD_179;PROD_21;4;4
ORD_179;PROD_12;8;3
ORD_179;PROD_16;2;1
ORD_180;PROD_11;5;5
ORD_180;PROD_43;7;3
ORD_180;PROD_15;2;5
ORD_180;PROD_44;3;1
ORD_180;PROD_36;1;4
ORD_180;PROD_1;4;1
ORD_180;PROD_15;1;1
ORD_180;PROD_30;3;2
ORD_180;PROD_48;6;1
ORD_180;PROD_1;7;5
ORD_180;PROD_1;5;4
ORD_180;PROD_24;9;1
ORD_180;PROD_36;7;1
ORD_180;PROD_29;8;2
ORD_181;PROD_42;3;1
ORD_181;PROD_47;3;3
ORD_181;PROD_29;2;2
ORD_181;PROD_28;6;2
ORD_181;PROD_30;8;4
ORD_181;PROD_3;6;2
ORD_181;PROD_46;8;5
ORD_181;PROD_9;6;5
ORD_181;PROD_1;3;1
ORD_181;PROD_29;5;2
ORD_181;PROD_47;3;4
ORD_181;PROD_30;8;5
ORD_181;PROD_20;6;2
ORD_181;PROD_24;4;4
ORD_181;PROD_41;5;4
ORD_182;PROD_33;1;2
ORD_182;PROD_38;8;2
ORD_182;PROD_49;5;2
ORD_182;PROD_19;5;4
ORD_182;PROD_15;2;4
ORD_182;PROD_33;9;1
ORD_183;PROD_15;7;1
ORD_183;PROD_22;1;4
ORD_183;PROD_40;4;2
ORD_183;PROD_21;4;1
ORD_183;PROD_45;8;5
ORD_183;PROD_5;8;1
ORD_183;PROD_40;7;1
ORD_183;PROD_10;8;4
ORD_183;PROD_18;5;1
ORD_183;PROD_10;1;2
ORD_183;PROD_22;5;4
ORD_183;PROD_5;4;5
ORD_184;PROD_15;9;1
ORD_184;PROD_22;1;1
ORD_184;PROD_31;1;1
ORD_184;PROD_18;5;1
ORD_184;PROD_13;4;2
ORD_184;PROD_27;3;4
ORD_184;PROD_19;6;4
ORD_184;PROD_24;2;3
ORD_184;PROD_21;2;5
ORD_184;PROD_9;7;1
ORD_184;PROD_49;1;1
ORD_184;PROD_17;8;1
ORD_184;PROD_34;3;3
ORD_184;PROD_28;2;4
ORD_184;PROD_43;9;3
ORD_185;PROD_15;2;4
ORD_185;PROD_44;1;4
ORD_185;PROD_36;4;2
ORD_185;PROD_1;8;5
ORD_185;PROD_12;6;1
ORD_185;PROD_50;1;1
ORD_185;PROD_7;7;2
ORD_185;PROD_11;5;1
ORD_186;PROD_36;9;3
ORD_186;PROD_33;3;4
ORD_186;PROD_11;6;1
ORD_186;PROD_43;1;2
ORD_186;PROD_15;4;4
ORD_186;PROD_44;7;3
ORD_187;PROD_29;8;5
ORD_187;PROD_25;3;5
ORD_187;PROD_41;3;3
ORD_187;PROD_44;9;1
ORD_187;PROD_15;1;2
ORD_187;PROD_3;1;1
ORD_187;PROD_25;8;5
ORD_187;PROD_20;7;1
ORD_187;PROD_15;3;1
ORD_187;PROD_38;4;2
ORD_187;PROD_36;1;2
ORD_187;PROD_6;6;4
ORD_187;PROD_36;5;2
ORD_187;PROD_40;2;3
ORD_188;PROD_7;1;3
ORD_188;PROD_27;8;3
ORD_188;PROD_44;2;5
ORD_188;PROD_17;2;5
ORD_188;PROD_25;2;1
ORD_188;PROD_14;4;2
ORD_188;PROD_47;2;4
ORD_188;PROD_42;6;4
ORD_188;PROD_11;4;5
ORD_189;PROD_38;9;2
ORD_189;PROD_45;8;1
ORD_189;PROD_23;7;5
ORD_189;PROD_38;4;3
ORD_189;PROD_36;4;2
ORD_189;PROD_1;9;2
ORD_189;PROD_15;7;4
ORD_189;PROD_21;1;5
ORD_189;PROD_12;5;5
ORD_189;PROD_25;7;2
ORD_190;PROD_13;4;3
ORD_190;PROD_1;2;4
ORD_190;PROD_41;4;1
ORD_190;PROD_6;8;3
ORD_190;PROD_30;6;2
ORD_190;PROD_26;6;2
ORD_191;PROD_36;1;1
ORD_191;PROD_33;3;1
ORD_191;PROD_15;5;3
ORD_191;PROD_22;3;5
ORD_191;PROD_11;2;3
ORD_191;PROD_43;5;2
ORD_191;PROD_34;9;1
ORD_192;PROD_11;3;2
ORD_192;PROD_43;1;3
ORD_192;PROD_12;3;2
ORD_192;PROD_50;5;1
ORD_192;PROD_7;2;2
ORD_192;PROD_11;4;2
ORD_192;PROD_36;7;2
ORD_192;PROD_33;8;5
ORD_192;PROD_2;4;2
ORD_192;PROD_10;2;3
ORD_192;PROD_13;3;4
ORD_193;PROD_41;3;1
ORD_193;PROD_29;9;2
ORD_193;PROD_37;7;2
ORD_193;PROD_13;5;4
ORD_193;PROD_29;8;1
ORD_193;PROD_12;4;5
ORD_193;PROD_27;1;2
ORD_193;PROD_10;1;5
ORD_193;PROD_16;1;4
ORD_193;PROD_8;9;4
ORD_193;PROD_45;7;2
ORD_193;PROD_5;3;2
ORD_194;PROD_2;4;5
ORD_194;PROD_12;4;5
ORD_194;PROD_12;5;4
ORD_194;PROD_5;7;5
ORD_194;PROD_4;2;2
ORD_194;PROD_45;6;3
ORD_194;PROD_8;4;3
ORD_194;PROD_4;3;3
ORD_194;PROD_24;3;3
ORD_194;PROD_4;6;4
ORD_194;PROD_44;2;2
ORD_194;PROD_12;5;2
ORD_194;PROD_6;4;3
ORD_195;PROD_17;1;3
ORD_195;PROD_42;3;1
ORD_195;PROD_35;8;2
ORD_195;PROD_24;8;3
ORD_195;PROD_43;4;2
ORD_195;PROD_4;3;5
ORD_195;PROD_11;2;5
ORD_195;PROD_35;8;3
ORD_195;PROD_38;6;5
ORD_195;PROD_8;7;3
ORD_196;PROD_26;2;5
ORD_196;PROD_17;3;5
ORD_196;PROD_20;1;3
ORD_196;PROD_36;2;5
ORD_196;PROD_31;4;4
ORD_196;PROD_28;7;1
ORD_196;PROD_23;9;2
ORD_196;PROD_26;3;2
ORD_196;PROD_30;8;1
ORD_196;PROD_5;8;4
ORD_196;PROD_14;2;5
ORD_196;PROD_7;7;3
ORD_196;PROD_47;1;4
ORD_197;PROD_7;7;2
ORD_197;PROD_11;9;1
ORD_197;PROD_30;5;1
ORD_197;PROD_28;5;1
ORD_197;PROD_1;1;3
ORD_197;PROD_37;6;3
ORD_198;PROD_33;9;3
ORD_198;PROD_30;7;3
ORD_198;PROD_46;2;3
ORD_198;PROD_1;5;3
ORD_198;PROD_33;3;3
ORD_198;PROD_41;8;4
ORD_198;PROD_15;6;5
ORD_198;PROD_25;1;4
ORD_198;PROD_33;4;4
ORD_198;PROD_23;1;1
ORD_199;PROD_44;5;1
ORD_199;PROD_34;1;2
ORD_199;PROD_26;5;5
ORD_199;PROD_34;2;4
ORD_199;PROD_13;7;2
ORD_200;PROD_15;7;4
ORD_200;PROD_22;5;3
ORD_200;PROD_29;7;3
ORD_200;PROD_46;6;1
ORD_200;PROD_40;9;5
ORD_200;PROD_16;8;5
ORD_200;PROD_18;1;3
ORD_200;PROD_19;2;1
ORD_200;PROD_33;7;5
ORD_200;PROD_41;2;4
ORD_200;PROD_40;5;1
ORD_200;PROD_29;9;1
ORD_200;PROD_9;8;2
ORD_200;PROD_49;3;3
ORD_200;PROD_31;3;3
ORD_201;PROD_14;2;2
ORD_201;PROD_29;5;4
ORD_201;PROD_34;9;1
ORD_201;PROD_45;2;4
ORD_201;PROD_48;9;1
ORD_201;PROD_41;6;4
ORD_201;PROD_42;2;4
ORD_201;PROD_31;9;1
ORD_201;PROD_17;8;2
ORD_201;PROD_11;9;3
ORD_201;PROD_49;8;1
ORD_202;PROD_38;2;5
ORD_202;PROD_42;3;2
ORD_202;PROD_4;5;4
ORD_202;PROD_8;6;3
ORD_202;PROD_36;1;2
ORD_202;PROD_29;4;5
ORD_202;PROD_17;4;1
ORD_202;PROD_18;2;4
ORD_202;PROD_20;7;5
ORD_202;PROD_27;2;2
ORD_202;PROD_22;6;1
ORD_203;PROD_29;8;4
ORD_203;PROD_5;4;4
ORD_203;PROD_15;3;1
ORD_203;PROD_8;5;3
ORD_203;PROD_48;1;1
ORD_203;PROD_35;4;4
ORD_203;PROD_45;2;5
ORD_203;PROD_35;2;5
ORD_203;PROD_47;4;2
ORD_204;PROD_33;6;5
ORD_204;PROD_38;8;2
ORD_204;PROD_49;7;1
ORD_204;PROD_19;4;3
ORD_204;PROD_15;5;1
ORD_204;PROD_33;2;2
ORD_204;PROD_38;1;2
ORD_204;PROD_49;9;1
ORD_205;PROD_1;8;1
ORD_205;PROD_33;5;4
ORD_205;PROD_24;5;4
ORD_205;PROD_40;5;3
ORD_205;PROD_18;1;1
ORD_205;PROD_33;4;2
ORD_205;PROD_20;1;3
ORD_205;PROD_31;2;1
ORD_205;PROD_18;9;2
ORD_205;PROD_4;1;3
ORD_205;PROD_19;1;2
ORD_205;PROD_36;8;3
ORD_205;PROD_5;7;4
ORD_206;PROD_9;3;3
ORD_206;PROD_50;9;2
ORD_206;PROD_45;1;3
ORD_206;PROD_5;4;5
ORD_206;PROD_31;7;2
ORD_206;PROD_39;3;2
ORD_206;PROD_25;1;3
ORD_206;PROD_18;8;1
ORD_206;PROD_7;3;4
ORD_206;PROD_34;9;4
ORD_206;PROD_1;7;5
ORD_206;PROD_27;1;4
ORD_206;PROD_29;3;5
ORD_206;PROD_18;6;1
ORD_207;PROD_14;1;3
ORD_207;PROD_2;6;3
ORD_207;PROD_39;5;4
ORD_207;PROD_24;2;2
ORD_207;PROD_11;4;5
ORD_207;PROD_35;3;4
ORD_207;PROD_13;7;3
ORD_207;PROD_28;4;2
ORD_207;PROD_21;9;2
ORD_208;PROD_30;8;1
ORD_208;PROD_31;6;3
ORD_208;PROD_12;5;2
ORD_208;PROD_17;4;3
ORD_208;PROD_16;4;1
ORD_208;PROD_33;9;1
ORD_208;PROD_22;3;5
ORD_208;PROD_17;6;1
ORD_208;PROD_39;4;5
ORD_209;PROD_8;3;4
ORD_209;PROD_8;1;3
ORD_209;PROD_11;3;3
ORD_209;PROD_46;1;5
ORD_209;PROD_38;2;5
ORD_209;PROD_25;6;5
ORD_209;PROD_18;7;4
ORD_209;PROD_14;7;5
ORD_209;PROD_40;4;4
ORD_209;PROD_13;7;1
ORD_209;PROD_43;4;4
ORD_209;PROD_40;8;5
ORD_209;PROD_39;4;5
ORD_209;PROD_38;4;4
ORD_210;PROD_15;6;1
ORD_210;PROD_22;2;2
ORD_210;PROD_3;3;5
ORD_210;PROD_21;1;2
ORD_210;PROD_12;5;3
ORD_210;PROD_16;2;3
ORD_210;PROD_31;2;5
ORD_210;PROD_10;5;2
ORD_210;PROD_14;1;1
ORD_210;PROD_20;5;4
ORD_210;PROD_27;4;1
ORD_210;PROD_30;8;4
ORD_211;PROD_3;4;3
ORD_211;PROD_21;3;1
ORD_211;PROD_12;4;4
ORD_211;PROD_16;6;3
ORD_211;PROD_31;7;4
ORD_211;PROD_12;2;3
ORD_211;PROD_50;5;2
ORD_211;PROD_7;8;3
ORD_211;PROD_11;3;3
ORD_212;PROD_37;9;1
ORD_212;PROD_3;8;4
ORD_212;PROD_46;6;1
ORD_212;PROD_41;1;1
ORD_212;PROD_10;5;1
ORD_212;PROD_36;6;1
ORD_212;PROD_14;9;3
ORD_212;PROD_40;9;4
ORD_212;PROD_34;5;2
ORD_212;PROD_6;5;4
ORD_212;PROD_43;6;2
ORD_213;PROD_33;4;5
ORD_213;PROD_38;9;1
ORD_213;PROD_49;9;4
ORD_213;PROD_19;5;4
ORD_213;PROD_15;1;5
ORD_213;PROD_12;7;3
ORD_213;PROD_50;7;5
ORD_213;PROD_7;1;4
ORD_213;PROD_11;2;2
ORD_213;PROD_15;2;4
ORD_214;PROD_49;8;3
ORD_214;PROD_2;1;4
ORD_214;PROD_37;4;3
ORD_214;PROD_34;9;4
ORD_214;PROD_41;1;5
ORD_214;PROD_20;4;4
ORD_214;PROD_34;2;5
ORD_214;PROD_44;6;4
ORD_215;PROD_15;9;5
ORD_215;PROD_22;8;4
ORD_215;PROD_12;3;5
ORD_215;PROD_50;4;4
ORD_215;PROD_7;9;5
ORD_215;PROD_11;5;1
ORD_215;PROD_31;5;4
ORD_215;PROD_17;9;3
ORD_215;PROD_44;7;4
ORD_215;PROD_10;6;2
ORD_215;PROD_36;2;1
ORD_215;PROD_37;7;1
ORD_215;PROD_44;4;2
ORD_215;PROD_31;5;5
ORD_215;PROD_34;1;1
ORD_216;PROD_7;8;1
ORD_216;PROD_47;6;2
ORD_216;PROD_34;4;2
ORD_216;PROD_1;8;2
ORD_216;PROD_46;2;2
ORD_216;PROD_2;7;4
ORD_216;PROD_10;3;5
ORD_217;PROD_45;2;3
ORD_217;PROD_49;1;4
ORD_217;PROD_26;6;5
ORD_217;PROD_9;6;4
ORD_217;PROD_6;2;4
ORD_217;PROD_16;2;3
ORD_217;PROD_44;6;4
ORD_217;PROD_41;5;1
ORD_217;PROD_32;3;2
ORD_218;PROD_28;6;2
ORD_218;PROD_20;4;3
ORD_218;PROD_9;6;4
ORD_218;PROD_22;2;3
ORD_218;PROD_44;5;2
ORD_219;PROD_34;5;5
ORD_219;PROD_40;8;1
ORD_219;PROD_26;8;3
ORD_219;PROD_36;8;3
ORD_219;PROD_9;8;1
ORD_219;PROD_42;8;5
ORD_219;PROD_38;3;2
ORD_219;PROD_20;3;3
ORD_219;PROD_19;2;5
ORD_219;PROD_41;4;1
ORD_219;PROD_14;8;4
ORD_219;PROD_36;9;5
ORD_220;PROD_15;6;4
ORD_220;PROD_44;8;4
ORD_220;PROD_36;7;2
ORD_220;PROD_1;2;3
ORD_220;PROD_33;8;2
ORD_221;PROD_11;6;2
ORD_221;PROD_43;9;2
ORD_221;PROD_12;5;5
ORD_221;PROD_50;3;2
ORD_221;PROD_7;4;4
ORD_221;PROD_11;8;1
ORD_221;PROD_33;3;2
ORD_221;PROD_50;6;4
ORD_221;PROD_47;4;4
ORD_221;PROD_1;4;1
ORD_221;PROD_22;5;1
ORD_221;PROD_42;2;2
ORD_221;PROD_14;3;1
ORD_221;PROD_21;9;4
ORD_221;PROD_20;1;4
ORD_222;PROD_3;1;1
ORD_222;PROD_21;9;3
ORD_222;PROD_12;5;5
ORD_222;PROD_16;7;4
ORD_222;PROD_31;3;5
ORD_222;PROD_11;5;3
ORD_222;PROD_43;5;1
ORD_222;PROD_15;4;2
ORD_222;PROD_44;2;3
ORD_222;PROD_36;8;4
ORD_222;PROD_1;6;1
ORD_222;PROD_34;9;3
ORD_222;PROD_24;9;3
ORD_222;PROD_14;9;3
ORD_223;PROD_15;2;2
ORD_223;PROD_44;8;5
ORD_223;PROD_36;9;4
ORD_223;PROD_1;7;5
ORD_223;PROD_20;4;4
ORD_223;PROD_5;2;3
ORD_223;PROD_39;8;5
ORD_223;PROD_3;2;5
ORD_223;PROD_33;6;5
ORD_223;PROD_26;2;4
ORD_223;PROD_19;5;3
ORD_223;PROD_30;5;4
ORD_223;PROD_33;2;3
ORD_224;PROD_3;8;4
ORD_224;PROD_14;9;5
ORD_224;PROD_9;9;4
ORD_224;PROD_50;1;3
ORD_224;PROD_17;8;3
ORD_224;PROD_6;5;1
ORD_224;PROD_23;2;1
ORD_224;PROD_39;1;1
ORD_224;PROD_22;3;4
ORD_224;PROD_20;2;1
ORD_224;PROD_15;4;2
ORD_224;PROD_15;3;5
ORD_224;PROD_12;6;1
ORD_225;PROD_15;6;5
ORD_225;PROD_22;3;4
ORD_225;PROD_12;8;5
ORD_225;PROD_50;3;4
ORD_225;PROD_7;2;4
ORD_225;PROD_11;7;4
ORD_225;PROD_5;6;5
ORD_225;PROD_5;5;5
ORD_225;PROD_42;9;5
ORD_225;PROD_25;6;5
ORD_225;PROD_45;5;4
ORD_225;PROD_25;8;3
ORD_225;PROD_24;8;1
ORD_225;PROD_50;1;5
ORD_226;PROD_49;2;2
ORD_226;PROD_49;2;2
ORD_226;PROD_3;9;2
ORD_226;PROD_9;2;3
ORD_226;PROD_23;7;3
ORD_226;PROD_33;7;2
ORD_226;PROD_19;7;5
ORD_226;PROD_13;1;5
ORD_227;PROD_1;8;5
ORD_227;PROD_27;4;2
ORD_227;PROD_13;6;3
ORD_227;PROD_48;4;1
ORD_227;PROD_46;8;3
ORD_227;PROD_12;9;1
ORD_227;PROD_34;8;5
ORD_227;PROD_31;9;5
ORD_227;PROD_34;7;3
ORD_227;PROD_23;1;4
ORD_227;PROD_45;7;3
ORD_227;PROD_6;9;3
ORD_228;PROD_36;1;4
ORD_228;PROD_33;9;1
ORD_228;PROD_23;9;3
ORD_228;PROD_24;4;5
ORD_228;PROD_29;8;1
ORD_228;PROD_24;9;3
ORD_228;PROD_8;3;5
ORD_228;PROD_46;3;2
ORD_228;PROD_19;2;3
ORD_229;PROD_11;5;5
ORD_229;PROD_43;6;2
ORD_229;PROD_15;3;5
ORD_229;PROD_44;9;2
ORD_229;PROD_36;2;1
ORD_229;PROD_1;4;5
ORD_229;PROD_26;9;3
ORD_229;PROD_42;1;2
ORD_229;PROD_15;1;5
ORD_229;PROD_18;3;5
ORD_229;PROD_12;7;2
ORD_229;PROD_38;4;5
ORD_230;PROD_15;4;3
ORD_230;PROD_22;7;2
ORD_230;PROD_49;2;3
ORD_230;PROD_43;6;5
ORD_230;PROD_34;5;3
ORD_230;PROD_27;4;3
ORD_230;PROD_8;8;3
ORD_230;PROD_5;1;2
ORD_230;PROD_20;9;3
ORD_230;PROD_47;8;5
ORD_230;PROD_22;6;1
ORD_230;PROD_5;5;1
ORD_230;PROD_14;5;5
ORD_230;PROD_11;7;5
ORD_230;PROD_7;4;5
ORD_231;PROD_15;2;3
ORD_231;PROD_22;1;2
ORD_231;PROD_33;8;5
ORD_231;PROD_38;5;1
ORD_231;PROD_49;8;2
ORD_231;PROD_19;1;4
ORD_231;PROD_15;4;4
ORD_231;PROD_40;5;2
ORD_231;PROD_50;6;4
ORD_231;PROD_18;4;2
ORD_231;PROD_28;7;1
ORD_231;PROD_7;4;3
ORD_232;PROD_5;1;1
ORD_232;PROD_15;9;3
ORD_232;PROD_26;9;5
ORD_232;PROD_3;4;4
ORD_232;PROD_18;9;3
ORD_232;PROD_16;6;4
ORD_232;PROD_11;8;5
ORD_232;PROD_28;3;4
ORD_232;PROD_49;2;3
ORD_232;PROD_14;1;3
ORD_232;PROD_18;8;5
ORD_232;PROD_41;3;3
ORD_232;PROD_15;4;3
ORD_232;PROD_11;4;1
ORD_233;PROD_29;1;5
ORD_233;PROD_36;9;3
ORD_233;PROD_2;6;2
ORD_233;PROD_4;4;4
ORD_233;PROD_39;9;5
ORD_233;PROD_4;3;3
ORD_233;PROD_14;6;4
ORD_233;PROD_3;3;2
ORD_233;PROD_36;1;1
ORD_233;PROD_31;9;5
ORD_233;PROD_16;3;2
ORD_233;PROD_45;5;4
ORD_234;PROD_15;4;3
ORD_234;PROD_22;4;3
ORD_234;PROD_42;9;4
ORD_234;PROD_26;3;3
ORD_234;PROD_16;4;3
ORD_234;PROD_21;7;1
ORD_235;PROD_11;7;5
ORD_235;PROD_43;3;3
ORD_235;PROD_34;3;1
ORD_235;PROD_42;8;5
ORD_235;PROD_32;5;1
ORD_235;PROD_38;7;3
ORD_235;PROD_48;5;2
ORD_235;PROD_13;3;3
ORD_236;PROD_3;8;5
ORD_236;PROD_21;6;2
ORD_236;PROD_12;2;1
ORD_236;PROD_16;5;3
ORD_236;PROD_31;3;2
ORD_236;PROD_12;1;4
ORD_236;PROD_50;4;4
ORD_236;PROD_7;8;1
ORD_237;PROD_37;7;2
ORD_237;PROD_36;4;3
ORD_237;PROD_27;6;2
ORD_237;PROD_44;9;4
ORD_237;PROD_25;6;2
ORD_237;PROD_32;4;1
ORD_237;PROD_18;3;1
ORD_237;PROD_39;6;5
ORD_237;PROD_21;8;4
ORD_237;PROD_16;7;4
ORD_237;PROD_34;9;5
ORD_237;PROD_49;8;5
ORD_237;PROD_12;2;2
ORD_238;PROD_12;2;5
ORD_238;PROD_50;5;1
ORD_238;PROD_7;2;1
ORD_238;PROD_11;3;2
ORD_238;PROD_3;3;4
ORD_238;PROD_21;9;5
ORD_238;PROD_12;5;4
ORD_238;PROD_16;4;3
ORD_239;PROD_30;4;4
ORD_239;PROD_1;8;1
ORD_239;PROD_20;1;2
ORD_239;PROD_10;1;5
ORD_239;PROD_9;6;5
ORD_240;PROD_11;4;2
ORD_240;PROD_43;8;3
ORD_240;PROD_15;5;2
ORD_240;PROD_44;4;3
ORD_240;PROD_36;8;4
ORD_240;PROD_1;8;4
ORD_240;PROD_15;6;1
ORD_240;PROD_44;8;1
ORD_240;PROD_36;6;5
ORD_240;PROD_1;9;4
ORD_240;PROD_36;1;3
ORD_240;PROD_47;2;4
ORD_240;PROD_3;7;1
ORD_241;PROD_16;5;2
ORD_241;PROD_1;5;1
ORD_241;PROD_49;7;2
ORD_241;PROD_7;1;3
ORD_241;PROD_42;7;3
ORD_241;PROD_27;2;1
ORD_241;PROD_7;9;4
ORD_241;PROD_47;9;3
ORD_241;PROD_8;6;4
ORD_242;PROD_20;6;5
ORD_242;PROD_48;2;4
ORD_242;PROD_6;8;2
ORD_242;PROD_5;7;5
ORD_242;PROD_31;9;1
ORD_242;PROD_20;4;4
ORD_242;PROD_34;7;1
ORD_242;PROD_3;7;2
ORD_242;PROD_50;5;3
ORD_242;PROD_18;1;1
ORD_242;PROD_6;3;3
ORD_242;PROD_13;2;3
ORD_242;PROD_15;6;3
ORD_242;PROD_9;6;4
ORD_243;PROD_33;1;2
ORD_243;PROD_38;7;2
ORD_243;PROD_49;1;3
ORD_243;PROD_19;1;4
ORD_243;PROD_15;2;1
ORD_243;PROD_2;3;5
ORD_243;PROD_2;3;2
ORD_243;PROD_30;6;4
ORD_243;PROD_45;3;5
ORD_243;PROD_9;3;2
ORD_243;PROD_27;8;5
ORD_243;PROD_31;2;4
ORD_244;PROD_3;8;3
ORD_244;PROD_21;1;1
ORD_244;PROD_12;4;1
ORD_244;PROD_16;8;2
ORD_244;PROD_31;7;4
ORD_244;PROD_22;3;2
ORD_244;PROD_27;8;5
ORD_244;PROD_11;9;2
ORD_244;PROD_3;6;5
ORD_244;PROD_9;5;2
ORD_244;PROD_17;5;4
ORD_245;PROD_15;9;5
ORD_245;PROD_6;6;4
ORD_245;PROD_33;7;2
ORD_245;PROD_37;6;5
ORD_245;PROD_10;4;2
ORD_245;PROD_26;9;4
ORD_245;PROD_45;4;5
ORD_245;PROD_37;6;4
ORD_245;PROD_36;8;4
ORD_245;PROD_7;1;3
ORD_246;PROD_28;1;5
ORD_246;PROD_8;3;1
ORD_246;PROD_21;3;3
ORD_246;PROD_28;4;3
ORD_246;PROD_23;7;3
ORD_246;PROD_44;6;4
ORD_246;PROD_19;9;1
ORD_246;PROD_13;6;1
ORD_246;PROD_29;6;1
ORD_246;PROD_6;6;4
ORD_246;PROD_5;9;4
ORD_247;PROD_15;5;3
ORD_247;PROD_22;2;5
ORD_247;PROD_24;3;1
ORD_247;PROD_39;4;1
ORD_247;PROD_40;7;1
ORD_247;PROD_36;3;3
ORD_247;PROD_1;6;4
ORD_247;PROD_29;7;4
ORD_247;PROD_16;4;2
ORD_247;PROD_48;2;3
ORD_247;PROD_40;5;2
ORD_247;PROD_41;2;5
ORD_247;PROD_50;4;2
ORD_248;PROD_36;5;3
ORD_248;PROD_33;1;5
ORD_248;PROD_3;7;1
ORD_248;PROD_21;6;2
ORD_248;PROD_12;4;1
ORD_248;PROD_16;2;4
ORD_249;PROD_3;8;4
ORD_249;PROD_21;9;3
ORD_249;PROD_12;7;1
ORD_249;PROD_16;3;1
ORD_249;PROD_31;4;1
ORD_249;PROD_33;5;3
ORD_250;PROD_36;6;3
ORD_250;PROD_33;1;1
ORD_250;PROD_18;5;2
ORD_250;PROD_11;5;4
ORD_250;PROD_9;5;5
ORD_250;PROD_22;7;1
ORD_250;PROD_40;1;4
ORD_250;PROD_6;7;5
ORD_250;PROD_21;2;2
ORD_250;PROD_34;7;4
ORD_250;PROD_34;9;3
ORD_251;PROD_22;8;2
ORD_251;PROD_49;8;3
ORD_251;PROD_46;2;2
ORD_251;PROD_38;8;2
ORD_251;PROD_29;6;5
ORD_251;PROD_22;5;3
ORD_252;PROD_34;5;4
ORD_252;PROD_10;8;5
ORD_252;PROD_23;4;5
ORD_252;PROD_27;8;4
ORD_252;PROD_45;2;4
ORD_252;PROD_30;6;5
ORD_252;PROD_9;6;1
ORD_252;PROD_9;3;1
ORD_252;PROD_42;8;3
ORD_252;PROD_21;5;4
ORD_252;PROD_2;6;2
ORD_252;PROD_26;3;5
ORD_253;PROD_15;8;3
ORD_253;PROD_44;8;1
ORD_253;PROD_36;3;4
ORD_253;PROD_1;3;5
ORD_253;PROD_38;3;2
ORD_253;PROD_36;7;2
ORD_253;PROD_6;9;3
ORD_253;PROD_38;4;1
ORD_253;PROD_45;9;3
ORD_253;PROD_30;7;5
ORD_253;PROD_31;2;1
ORD_253;PROD_18;2;5
ORD_254;PROD_38;9;3
ORD_254;PROD_6;9;5
ORD_254;PROD_45;9;2
ORD_254;PROD_44;9;5
ORD_254;PROD_18;2;1
ORD_254;PROD_25;2;3
ORD_254;PROD_44;9;3
ORD_254;PROD_36;2;1
ORD_254;PROD_33;6;2
ORD_254;PROD_28;6;1
ORD_255;PROD_11;8;2
ORD_255;PROD_43;9;3
ORD_255;PROD_36;9;5
ORD_255;PROD_33;6;1
ORD_255;PROD_12;7;5
ORD_255;PROD_40;9;3
ORD_255;PROD_33;4;2
ORD_255;PROD_23;4;1
ORD_255;PROD_17;1;2
ORD_256;PROD_11;4;2
ORD_256;PROD_43;2;4
ORD_256;PROD_33;5;4
ORD_256;PROD_38;5;1
ORD_256;PROD_49;3;3
ORD_256;PROD_19;1;3
ORD_256;PROD_15;8;4
ORD_256;PROD_5;2;4
ORD_256;PROD_13;2;1
ORD_257;PROD_3;7;1
ORD_257;PROD_21;9;3
ORD_257;PROD_12;9;4
ORD_257;PROD_16;8;1
ORD_257;PROD_31;7;4
ORD_258;PROD_15;7;5
ORD_258;PROD_44;2;4
ORD_258;PROD_36;5;2
ORD_258;PROD_1;1;3
ORD_258;PROD_36;4;5
ORD_258;PROD_44;7;4
ORD_258;PROD_21;1;1
ORD_258;PROD_29;9;3
ORD_258;PROD_22;9;4
ORD_258;PROD_50;8;4
ORD_258;PROD_26;3;1
ORD_258;PROD_47;1;4
ORD_258;PROD_2;4;3
ORD_258;PROD_43;9;5
ORD_259;PROD_18;6;1
ORD_259;PROD_4;6;2
ORD_259;PROD_36;1;4
ORD_259;PROD_42;1;4
ORD_259;PROD_48;1;4
ORD_260;PROD_11;1;1
ORD_260;PROD_43;9;1
ORD_260;PROD_36;4;2
ORD_260;PROD_33;8;4
ORD_260;PROD_15;3;4
ORD_260;PROD_22;2;2
ORD_260;PROD_18;3;2
ORD_261;PROD_36;4;5
ORD_261;PROD_33;5;5
ORD_261;PROD_43;1;1
ORD_261;PROD_8;2;5
ORD_261;PROD_50;9;2
ORD_261;PROD_42;6;5
ORD_261;PROD_4;1;1
ORD_262;PROD_11;3;5
ORD_262;PROD_43;9;5
ORD_262;PROD_15;3;3
ORD_262;PROD_22;8;3
ORD_262;PROD_33;5;3
ORD_262;PROD_19;9;4
ORD_262;PROD_24;2;3
ORD_262;PROD_25;4;4
ORD_262;PROD_47;9;5
ORD_262;PROD_5;2;4
ORD_262;PROD_34;9;5
ORD_262;PROD_4;3;3
ORD_262;PROD_24;9;1
ORD_262;PROD_7;2;4
ORD_263;PROD_11;2;2
ORD_263;PROD_43;6;2
ORD_263;PROD_48;8;5
ORD_263;PROD_36;1;5
ORD_263;PROD_41;9;3
ORD_263;PROD_20;8;4
ORD_263;PROD_3;2;4
ORD_263;PROD_29;1;3
ORD_263;PROD_39;7;2
ORD_263;PROD_16;3;2
ORD_264;PROD_27;9;4
ORD_264;PROD_14;2;4
ORD_264;PROD_7;6;5
ORD_264;PROD_31;7;4
ORD_264;PROD_28;8;5
ORD_264;PROD_43;5;2
ORD_264;PROD_6;4;1
ORD_264;PROD_34;2;2
ORD_264;PROD_16;4;4
ORD_264;PROD_44;9;4
ORD_265;PROD_15;5;2
ORD_265;PROD_44;1;4
ORD_265;PROD_36;7;2
ORD_265;PROD_1;1;4
ORD_265;PROD_15;8;4
ORD_265;PROD_44;8;1
ORD_265;PROD_36;6;2
ORD_265;PROD_1;1;4
ORD_265;PROD_15;9;5
ORD_265;PROD_44;5;4
ORD_265;PROD_36;9;4
ORD_265;PROD_1;6;4
ORD_265;PROD_26;8;5
ORD_265;PROD_5;4;4
ORD_265;PROD_6;1;3
ORD_266;PROD_12;4;4
ORD_266;PROD_50;2;4
ORD_266;PROD_7;7;5
ORD_266;PROD_11;7;5
ORD_266;PROD_32;8;4
ORD_266;PROD_11;4;4
ORD_266;PROD_8;4;5
ORD_266;PROD_47;7;2
ORD_266;PROD_22;6;4
ORD_266;PROD_5;4;3
ORD_266;PROD_4;8;5
ORD_266;PROD_34;5;2
ORD_267;PROD_28;7;1
ORD_267;PROD_38;1;4
ORD_267;PROD_21;5;2
ORD_267;PROD_35;7;2
ORD_267;PROD_41;7;1
ORD_268;PROD_27;1;3
ORD_268;PROD_10;1;1
ORD_268;PROD_28;9;5
ORD_268;PROD_22;8;3
ORD_268;PROD_40;3;1
ORD_268;PROD_50;4;2
ORD_268;PROD_9;2;3
ORD_268;PROD_18;7;3
ORD_268;PROD_50;4;5
ORD_268;PROD_6;2;1
ORD_268;PROD_9;7;1
ORD_268;PROD_45;8;1
ORD_269;PROD_14;8;4
ORD_269;PROD_24;5;3
ORD_269;PROD_24;7;5
ORD_269;PROD_29;1;4
ORD_269;PROD_10;5;3
ORD_269;PROD_26;9;2
ORD_269;PROD_24;1;2
ORD_269;PROD_25;9;1
ORD_269;PROD_43;7;1
ORD_269;PROD_14;3;5
ORD_269;PROD_1;6;5
ORD_269;PROD_45;2;2
ORD_269;PROD_1;1;4
ORD_269;PROD_18;3;5
ORD_270;PROD_15;7;3
ORD_270;PROD_22;9;2
ORD_270;PROD_33;8;1
ORD_270;PROD_38;2;1
ORD_270;PROD_49;9;2
ORD_270;PROD_19;5;2
ORD_270;PROD_15;9;3
ORD_270;PROD_16;7;1
ORD_271;PROD_33;9;5
ORD_271;PROD_38;7;3
ORD_271;PROD_49;2;2
ORD_271;PROD_19;7;5
ORD_271;PROD_15;9;3
ORD_271;PROD_12;8;4
ORD_271;PROD_29;6;2
ORD_271;PROD_29;9;3
ORD_271;PROD_32;2;1
ORD_271;PROD_3;6;3
ORD_271;PROD_13;6;3
ORD_271;PROD_40;3;2
ORD_271;PROD_33;4;4
ORD_272;PROD_46;1;3
ORD_272;PROD_33;3;2
ORD_272;PROD_48;2;2
ORD_272;PROD_13;4;4
ORD_272;PROD_8;7;5
ORD_272;PROD_42;9;2
ORD_272;PROD_29;1;3
ORD_272;PROD_25;7;5
ORD_272;PROD_42;6;1
ORD_272;PROD_49;4;1
ORD_272;PROD_20;9;4
ORD_272;PROD_10;1;4
ORD_272;PROD_40;7;4
ORD_272;PROD_42;4;1
ORD_273;PROD_7;9;4
ORD_273;PROD_4;9;3
ORD_273;PROD_31;8;5
ORD_273;PROD_37;7;4
ORD_273;PROD_30;2;5
ORD_273;PROD_19;6;2
ORD_273;PROD_32;9;3
ORD_273;PROD_33;9;1
ORD_273;PROD_9;6;4
ORD_274;PROD_3;3;5
ORD_274;PROD_34;4;3
ORD_274;PROD_12;2;3
ORD_274;PROD_29;8;4
ORD_274;PROD_2;6;5
ORD_274;PROD_9;2;1
ORD_274;PROD_13;2;2
ORD_274;PROD_15;9;1
ORD_274;PROD_9;2;3
ORD_274;PROD_14;1;3
ORD_274;PROD_27;4;4
ORD_274;PROD_1;5;4
ORD_274;PROD_36;4;2
ORD_275;PROD_12;4;3
ORD_275;PROD_50;9;5
ORD_275;PROD_7;6;5
ORD_275;PROD_11;8;3
ORD_275;PROD_3;9;3
ORD_276;PROD_11;4;1
ORD_276;PROD_43;3;4
ORD_276;PROD_21;4;1
ORD_276;PROD_24;1;1
ORD_276;PROD_33;1;1
ORD_276;PROD_5;5;5
ORD_276;PROD_11;6;1
ORD_276;PROD_39;9;3
ORD_276;PROD_48;4;3
ORD_276;PROD_13;4;1
ORD_276;PROD_9;8;2
ORD_276;PROD_27;5;3
ORD_277;PROD_47;6;1
ORD_277;PROD_23;1;3
ORD_277;PROD_18;8;4
ORD_277;PROD_24;5;4
ORD_277;PROD_3;8;5
ORD_277;PROD_14;8;5
ORD_277;PROD_10;1;2
ORD_277;PROD_41;4;5
ORD_277;PROD_47;6;5
ORD_277;PROD_34;1;1
ORD_277;PROD_13;5;5
ORD_277;PROD_23;9;5
ORD_277;PROD_39;5;4
ORD_277;PROD_16;3;3
ORD_278;PROD_11;9;1
ORD_278;PROD_48;8;3
ORD_278;PROD_42;3;1
ORD_278;PROD_46;8;4
ORD_278;PROD_1;4;2
ORD_278;PROD_11;7;4
ORD_278;PROD_46;1;4
ORD_278;PROD_26;9;1
ORD_278;PROD_48;2;1
ORD_278;PROD_3;6;3
ORD_278;PROD_24;2;4
ORD_278;PROD_31;1;3
ORD_279;PROD_15;8;5
ORD_279;PROD_24;3;1
ORD_279;PROD_38;3;4
ORD_279;PROD_8;2;2
ORD_279;PROD_26;4;3
ORD_280;PROD_13;4;2
ORD_280;PROD_9;2;3
ORD_280;PROD_7;4;1
ORD_280;PROD_9;4;2
ORD_280;PROD_44;3;5
ORD_280;PROD_12;5;5
ORD_280;PROD_4;5;1
ORD_280;PROD_39;3;3
ORD_281;PROD_22;8;2
ORD_281;PROD_32;3;5
ORD_281;PROD_21;8;4
ORD_281;PROD_21;6;5
ORD_281;PROD_35;6;3
ORD_281;PROD_10;9;1
ORD_281;PROD_40;9;4
ORD_281;PROD_16;3;2
ORD_281;PROD_20;8;4
ORD_281;PROD_6;9;3
ORD_282;PROD_23;2;2
ORD_282;PROD_6;2;1
ORD_282;PROD_8;9;4
ORD_282;PROD_46;8;4
ORD_282;PROD_39;5;5
ORD_282;PROD_17;9;4
ORD_282;PROD_28;6;5
ORD_282;PROD_22;3;4
ORD_282;PROD_50;7;3
ORD_283;PROD_46;7;4
ORD_283;PROD_8;7;5
ORD_283;PROD_29;3;4
ORD_283;PROD_27;9;3
ORD_283;PROD_30;2;3
ORD_283;PROD_9;6;1
ORD_283;PROD_24;5;2
ORD_283;PROD_1;5;3
ORD_283;PROD_35;3;5
ORD_283;PROD_16;9;1
ORD_284;PROD_29;2;1
ORD_284;PROD_17;4;5
ORD_284;PROD_4;7;3
ORD_284;PROD_38;1;3
ORD_284;PROD_46;2;2
ORD_284;PROD_5;1;5
ORD_284;PROD_11;7;2
ORD_284;PROD_32;2;5
ORD_284;PROD_31;5;5
ORD_285;PROD_43;3;5
ORD_285;PROD_35;3;1
ORD_285;PROD_34;9;1
ORD_285;PROD_25;3;3
ORD_285;PROD_14;8;4
ORD_285;PROD_37;3;4
ORD_285;PROD_44;7;2
ORD_285;PROD_21;1;3
ORD_285;PROD_40;6;4
ORD_285;PROD_41;1;5
ORD_285;PROD_41;5;5
ORD_285;PROD_30;4;5
ORD_285;PROD_36;6;1
ORD_285;PROD_21;9;4
ORD_285;PROD_43;4;3
ORD_286;PROD_10;8;2
ORD_286;PROD_30;9;5
ORD_286;PROD_24;8;5
ORD_286;PROD_25;3;4
ORD_286;PROD_48;6;4
ORD_286;PROD_18;3;4
ORD_286;PROD_18;6;1
ORD_287;PROD_4;3;1
ORD_287;PROD_10;7;5
ORD_287;PROD_5;1;5
ORD_287;PROD_44;1;3
ORD_287;PROD_48;5;2
ORD_288;PROD_32;6;5
ORD_288;PROD_13;6;4
ORD_288;PROD_13;4;5
ORD_288;PROD_12;9;3
ORD_288;PROD_39;4;5
ORD_288;PROD_23;3;4
ORD_288;PROD_12;5;4
ORD_288;PROD_37;7;2
ORD_288;PROD_36;2;2
ORD_288;PROD_30;2;1
ORD_288;PROD_34;8;3
ORD_288;PROD_24;8;4
ORD_288;PROD_44;8;4
ORD_288;PROD_31;4;5
ORD_288;PROD_21;7;3
ORD_289;PROD_49;8;2
ORD_289;PROD_37;9;3
ORD_289;PROD_39;1;1
ORD_289;PROD_37;7;5
ORD_289;PROD_15;5;5
ORD_289;PROD_45;4;5
ORD_289;PROD_38;9;4
ORD_289;PROD_14;5;5
ORD_289;PROD_10;9;3
ORD_290;PROD_15;8;4
ORD_290;PROD_22;3;5
ORD_290;PROD_15;3;4
ORD_290;PROD_44;4;5
ORD_290;PROD_36;1;1
ORD_290;PROD_1;5;2
ORD_290;PROD_48;8;3
ORD_291;PROD_19;1;3
ORD_291;PROD_37;1;5
ORD_291;PROD_21;7;1
ORD_291;PROD_29;3;4
ORD_291;PROD_13;1;2
ORD_291;PROD_12;9;5
ORD_291;PROD_39;5;4
ORD_291;PROD_49;4;2
ORD_291;PROD_28;3;3
ORD_291;PROD_6;8;3
ORD_291;PROD_25;3;2
ORD_291;PROD_2;6;2
ORD_291;PROD_50;1;4
ORD_291;PROD_48;2;2
ORD_291;PROD_29;5;3
ORD_292;PROD_9;1;4
ORD_292;PROD_46;5;1
ORD_292;PROD_48;6;1
ORD_292;PROD_32;8;2
ORD_292;PROD_50;5;1
ORD_292;PROD_19;3;5
ORD_292;PROD_12;8;1
ORD_292;PROD_23;6;2
ORD_292;PROD_35;6;1
ORD_292;PROD_23;9;5
ORD_292;PROD_40;4;2
ORD_293;PROD_38;7;2
ORD_293;PROD_2;3;3
ORD_293;PROD_27;2;2
ORD_293;PROD_38;7;5
ORD_293;PROD_13;6;5
ORD_293;PROD_23;7;3
ORD_293;PROD_18;9;4
ORD_293;PROD_3;7;3
ORD_293;PROD_25;4;3
ORD_293;PROD_30;5;2
ORD_293;PROD_27;8;5
ORD_293;PROD_20;5;4
ORD_293;PROD_26;9;5
ORD_293;PROD_33;9;2
ORD_294;PROD_39;1;3
ORD_294;PROD_34;2;2
ORD_294;PROD_17;8;2
ORD_294;PROD_50;2;1
ORD_294;PROD_44;3;5
ORD_294;PROD_47;7;2
ORD_294;PROD_21;6;5
ORD_294;PROD_2;8;3
ORD_294;PROD_33;8;2
ORD_295;PROD_3;9;4
ORD_295;PROD_21;4;1
ORD_295;PROD_12;8;4
ORD_295;PROD_16;4;5
ORD_295;PROD_31;3;2
ORD_295;PROD_33;5;4
ORD_295;PROD_38;1;2
ORD_295;PROD_49;5;2
ORD_295;PROD_19;4;3
ORD_295;PROD_15;3;5
ORD_295;PROD_33;4;3
ORD_295;PROD_38;7;4
ORD_295;PROD_49;9;2
ORD_295;PROD_19;9;2
ORD_295;PROD_15;2;1
ORD_296;PROD_32;9;5
ORD_296;PROD_13;6;5
ORD_296;PROD_9;4;4
ORD_296;PROD_42;2;1
ORD_296;PROD_35;6;3
ORD_296;PROD_42;1;4
ORD_296;PROD_4;5;4
ORD_296;PROD_30;7;4
ORD_296;PROD_18;2;3
ORD_296;PROD_46;4;3
ORD_296;PROD_22;4;4
ORD_296;PROD_22;4;3
ORD_296;PROD_19;7;5
ORD_296;PROD_5;2;1
ORD_296;PROD_42;7;5
ORD_297;PROD_34;6;3
ORD_297;PROD_47;3;4
ORD_297;PROD_27;7;2
ORD_297;PROD_10;2;4
ORD_297;PROD_31;4;4
ORD_297;PROD_42;2;4
ORD_297;PROD_42;5;2
ORD_297;PROD_47;7;2
ORD_297;PROD_48;4;5
ORD_297;PROD_21;4;2
ORD_298;PROD_35;8;2
ORD_298;PROD_14;6;3
ORD_298;PROD_30;9;5
ORD_298;PROD_42;7;4
ORD_298;PROD_28;6;5
ORD_298;PROD_2;7;5
ORD_298;PROD_16;6;3
ORD_298;PROD_30;9;4
ORD_298;PROD_2;9;2
ORD_298;PROD_2;7;4
ORD_298;PROD_36;1;2
ORD_298;PROD_26;8;1
ORD_298;PROD_6;2;1
ORD_298;PROD_40;1;2
ORD_298;PROD_17;7;3
ORD_299;PROD_11;6;1
ORD_299;PROD_43;3;4
ORD_299;PROD_15;4;5
ORD_299;PROD_22;3;3
ORD_299;PROD_12;2;3
ORD_299;PROD_50;2;1
ORD_299;PROD_7;4;2
ORD_299;PROD_11;2;5
ORD_300;PROD_40;6;2
ORD_300;PROD_25;4;3
ORD_300;PROD_1;7;2
ORD_300;PROD_46;2;4
ORD_300;PROD_36;6;5
ORD_300;PROD_39;2;5
ORD_300;PROD_46;2;2
ORD_301;PROD_34;9;4
ORD_301;PROD_12;3;4
ORD_301;PROD_25;4;1
ORD_301;PROD_48;5;2
ORD_301;PROD_19;6;3
ORD_301;PROD_48;6;1
ORD_301;PROD_33;3;2
ORD_301;PROD_42;5;5
ORD_301;PROD_5;9;2
ORD_301;PROD_36;7;3
ORD_302;PROD_3;2;5
ORD_302;PROD_21;8;3
ORD_302;PROD_12;8;2
ORD_302;PROD_16;9;3
ORD_302;PROD_31;3;2
ORD_303;PROD_15;9;3
ORD_303;PROD_22;3;5
ORD_303;PROD_3;6;3
ORD_303;PROD_21;1;3
ORD_303;PROD_12;8;1
ORD_303;PROD_16;2;4
ORD_303;PROD_31;4;2
ORD_303;PROD_15;6;4
ORD_304;PROD_15;4;3
ORD_304;PROD_22;7;5
ORD_304;PROD_9;8;4
ORD_304;PROD_50;1;2
ORD_304;PROD_32;6;3
ORD_305;PROD_11;9;3
ORD_305;PROD_43;7;4
ORD_305;PROD_23;2;4
ORD_305;PROD_48;5;3
ORD_305;PROD_47;6;3
ORD_305;PROD_28;9;2
ORD_305;PROD_22;5;2
ORD_305;PROD_44;9;4
ORD_305;PROD_5;1;3
ORD_306;PROD_26;2;3
ORD_306;PROD_6;4;1
ORD_306;PROD_21;4;3
ORD_306;PROD_12;9;3
ORD_306;PROD_42;9;3
ORD_307;PROD_16;5;4
ORD_307;PROD_3;6;1
ORD_307;PROD_40;5;5
ORD_307;PROD_49;6;3
ORD_307;PROD_28;2;4
ORD_307;PROD_9;1;2
ORD_307;PROD_33;5;5
ORD_307;PROD_20;8;3
ORD_307;PROD_8;8;5
ORD_307;PROD_8;5;1
ORD_308;PROD_33;6;5
ORD_308;PROD_38;1;5
ORD_308;PROD_49;5;1
ORD_308;PROD_19;4;5
ORD_308;PROD_15;6;5
ORD_308;PROD_12;3;1
ORD_308;PROD_50;4;1
ORD_308;PROD_7;4;2
ORD_308;PROD_11;3;5
ORD_309;PROD_15;9;3
ORD_309;PROD_44;8;3
ORD_309;PROD_36;2;3
ORD_309;PROD_1;4;3
ORD_309;PROD_11;2;3
ORD_309;PROD_43;1;1
ORD_309;PROD_3;3;5
ORD_309;PROD_21;1;2
ORD_309;PROD_12;3;1
ORD_309;PROD_16;1;2
ORD_309;PROD_31;2;5
ORD_309;PROD_14;9;1
ORD_309;PROD_27;8;4
ORD_310;PROD_3;6;5
ORD_310;PROD_21;6;4
ORD_310;PROD_12;4;2
ORD_310;PROD_16;8;1
ORD_310;PROD_31;3;1
ORD_310;PROD_3;4;4
ORD_310;PROD_21;5;5
ORD_310;PROD_12;5;2
ORD_310;PROD_16;6;3
ORD_311;PROD_15;9;3
ORD_311;PROD_44;4;4
ORD_311;PROD_36;8;5
ORD_311;PROD_1;7;1
ORD_311;PROD_11;9;2
ORD_311;PROD_43;2;3
ORD_311;PROD_3;2;5
ORD_311;PROD_21;6;5
ORD_311;PROD_12;8;3
ORD_311;PROD_16;5;5
ORD_311;PROD_31;6;1
ORD_312;PROD_43;9;1
ORD_312;PROD_8;6;3
ORD_312;PROD_39;2;2
ORD_312;PROD_14;7;3
ORD_312;PROD_28;5;4
ORD_312;PROD_32;2;2
ORD_312;PROD_31;2;3
ORD_312;PROD_46;2;2
ORD_312;PROD_50;6;1
ORD_312;PROD_12;7;2
ORD_312;PROD_43;7;2
ORD_312;PROD_50;8;5
ORD_313;PROD_39;5;1
ORD_313;PROD_35;9;5
ORD_313;PROD_40;4;2
ORD_313;PROD_26;7;3
ORD_313;PROD_39;9;4
ORD_314;PROD_29;4;3
ORD_314;PROD_36;9;1
ORD_314;PROD_45;6;1
ORD_314;PROD_11;2;1
ORD_314;PROD_47;4;1
ORD_314;PROD_14;6;3
ORD_314;PROD_10;9;1
ORD_314;PROD_30;5;4
ORD_314;PROD_34;2;5
ORD_314;PROD_44;1;4
ORD_314;PROD_42;6;4
ORD_315;PROD_15;2;2
ORD_315;PROD_22;7;3
ORD_315;PROD_4;4;3
ORD_315;PROD_42;7;1
ORD_315;PROD_17;7;3
ORD_315;PROD_23;8;2
ORD_315;PROD_5;5;5
ORD_315;PROD_15;8;1
ORD_315;PROD_30;9;3
ORD_315;PROD_35;4;4
ORD_315;PROD_30;1;4
ORD_315;PROD_18;8;5
ORD_315;PROD_7;7;4
ORD_315;PROD_27;4;5
ORD_316;PROD_44;8;4
ORD_316;PROD_37;7;4
ORD_316;PROD_38;3;2
ORD_316;PROD_19;5;1
ORD_316;PROD_15;9;3
ORD_316;PROD_35;1;5
ORD_316;PROD_27;6;2
ORD_316;PROD_37;6;1
ORD_316;PROD_5;1;2
ORD_316;PROD_3;2;1
ORD_316;PROD_8;1;4
ORD_316;PROD_46;5;5
ORD_316;PROD_31;1;1
ORD_316;PROD_8;8;5
ORD_317;PROD_21;6;4
ORD_317;PROD_34;9;1
ORD_317;PROD_28;3;1
ORD_317;PROD_44;4;3
ORD_317;PROD_33;4;5
ORD_317;PROD_39;5;5
ORD_317;PROD_27;8;4
ORD_317;PROD_8;5;1
ORD_317;PROD_9;6;3
ORD_317;PROD_49;5;2
ORD_317;PROD_38;8;5
ORD_317;PROD_26;9;3
ORD_317;PROD_41;5;5
ORD_318;PROD_16;7;4
ORD_318;PROD_9;2;4
ORD_318;PROD_12;2;5
ORD_318;PROD_21;4;5
ORD_318;PROD_20;1;5
ORD_318;PROD_29;2;2
ORD_318;PROD_14;6;2
ORD_318;PROD_22;1;2
ORD_318;PROD_7;3;4
ORD_318;PROD_2;6;5
ORD_318;PROD_10;2;4
ORD_318;PROD_17;4;1
ORD_318;PROD_23;3;1
ORD_319;PROD_4;5;1
ORD_319;PROD_45;6;2
ORD_319;PROD_49;8;1
ORD_319;PROD_26;1;1
ORD_319;PROD_8;6;5
ORD_319;PROD_37;7;5
ORD_319;PROD_7;2;2
ORD_320;PROD_17;6;3
ORD_320;PROD_4;8;3
ORD_320;PROD_50;4;1
ORD_320;PROD_17;8;5
ORD_320;PROD_44;9;4
ORD_320;PROD_2;4;4
ORD_320;PROD_18;5;1
ORD_321;PROD_48;1;1
ORD_321;PROD_42;2;2
ORD_321;PROD_50;2;1
ORD_321;PROD_31;5;2
ORD_321;PROD_30;9;2
ORD_321;PROD_9;6;5
ORD_321;PROD_12;8;2
ORD_321;PROD_36;1;4
ORD_322;PROD_13;2;5
ORD_322;PROD_42;6;5
ORD_322;PROD_17;6;3
ORD_322;PROD_12;5;2
ORD_322;PROD_29;7;3
ORD_322;PROD_8;4;5
ORD_322;PROD_45;1;1
ORD_322;PROD_36;2;2
ORD_322;PROD_49;8;4
ORD_323;PROD_46;8;2
ORD_323;PROD_34;7;2
ORD_323;PROD_3;8;3
ORD_323;PROD_15;3;4
ORD_323;PROD_7;1;5
ORD_323;PROD_14;2;3
ORD_323;PROD_27;9;2
ORD_323;PROD_12;3;3
ORD_323;PROD_37;8;1
ORD_324;PROD_35;3;4
ORD_324;PROD_48;3;2
ORD_324;PROD_31;6;2
ORD_324;PROD_14;6;5
ORD_324;PROD_3;9;4
ORD_324;PROD_20;4;1
ORD_325;PROD_3;6;5
ORD_325;PROD_21;2;3
ORD_325;PROD_12;7;1
ORD_325;PROD_16;5;5
ORD_325;PROD_31;1;2
ORD_325;PROD_15;9;5
ORD_325;PROD_44;1;5
ORD_326;PROD_15;1;3
ORD_326;PROD_22;2;3
ORD_326;PROD_12;2;5
ORD_326;PROD_48;6;3
ORD_326;PROD_1;1;2
ORD_326;PROD_42;7;2
ORD_326;PROD_39;4;4
ORD_326;PROD_49;2;4
ORD_326;PROD_4;7;2
ORD_326;PROD_26;7;4
ORD_326;PROD_39;4;1
ORD_326;PROD_30;2;4
ORD_326;PROD_50;5;1
ORD_326;PROD_43;6;3
ORD_327;PROD_11;9;4
ORD_327;PROD_43;4;1
ORD_327;PROD_36;6;3
ORD_327;PROD_33;3;4
ORD_327;PROD_6;1;5
ORD_327;PROD_49;2;4
ORD_327;PROD_32;9;5
ORD_328;PROD_3;6;4
ORD_328;PROD_21;5;1
ORD_328;PROD_12;9;5
ORD_328;PROD_16;7;3
ORD_328;PROD_31;5;3
ORD_328;PROD_15;8;1
ORD_328;PROD_44;7;4
ORD_328;PROD_36;5;3
ORD_328;PROD_1;4;2
ORD_328;PROD_3;1;1
ORD_329;PROD_33;5;3
ORD_329;PROD_38;6;2
ORD_329;PROD_49;6;3
ORD_329;PROD_19;1;1
ORD_329;PROD_15;6;1
ORD_329;PROD_15;7;4
ORD_329;PROD_44;3;3
ORD_329;PROD_36;3;1
ORD_329;PROD_1;9;1
ORD_329;PROD_12;1;3
ORD_330;PROD_12;1;1
ORD_330;PROD_50;9;1
ORD_330;PROD_7;2;5
ORD_330;PROD_11;4;3
ORD_330;PROD_3;6;5
ORD_330;PROD_21;1;5
ORD_330;PROD_12;4;5
ORD_330;PROD_16;3;1
ORD_330;PROD_31;3;3
ORD_330;PROD_15;4;1
ORD_331;PROD_36;1;1
ORD_331;PROD_33;5;1
ORD_331;PROD_7;7;3
ORD_331;PROD_17;5;1
ORD_331;PROD_11;3;4
ORD_331;PROD_20;5;1
ORD_331;PROD_45;2;1
ORD_331;PROD_43;2;5
ORD_331;PROD_17;8;4
ORD_331;PROD_40;1;3
ORD_331;PROD_21;3;1
ORD_331;PROD_44;4;2
ORD_331;PROD_34;3;3
ORD_331;PROD_19;5;5
ORD_332;PROD_15;9;4
ORD_332;PROD_44;6;3
ORD_332;PROD_36;4;5
ORD_332;PROD_1;7;3
ORD_332;PROD_34;7;3
ORD_332;PROD_12;2;5
ORD_332;PROD_49;5;4
ORD_332;PROD_37;7;1
ORD_332;PROD_3;1;5
ORD_332;PROD_34;9;2
ORD_332;PROD_29;1;3
ORD_332;PROD_42;5;1
ORD_332;PROD_47;7;4
ORD_332;PROD_48;2;2
ORD_332;PROD_23;2;4
ORD_333;PROD_12;9;3
ORD_333;PROD_50;8;4
ORD_333;PROD_7;8;5
ORD_333;PROD_11;6;1
ORD_333;PROD_43;9;4
ORD_333;PROD_12;3;5
ORD_333;PROD_43;1;5
ORD_333;PROD_24;9;3
ORD_333;PROD_48;8;5
ORD_333;PROD_45;4;4
ORD_333;PROD_15;1;5
ORD_333;PROD_6;5;5
ORD_334;PROD_15;8;2
ORD_334;PROD_44;2;3
ORD_334;PROD_36;7;3
ORD_334;PROD_1;7;1
ORD_334;PROD_12;9;4
ORD_334;PROD_3;1;4
ORD_334;PROD_42;5;5
ORD_334;PROD_29;9;2
ORD_334;PROD_50;1;4
ORD_334;PROD_19;2;4
ORD_335;PROD_11;8;3
ORD_335;PROD_43;7;1
ORD_335;PROD_15;4;1
ORD_335;PROD_22;5;3
ORD_335;PROD_45;2;5
ORD_335;PROD_38;5;5
ORD_335;PROD_47;5;5
ORD_336;PROD_45;1;5
ORD_336;PROD_5;7;5
ORD_336;PROD_36;5;5
ORD_336;PROD_19;9;1
ORD_336;PROD_36;5;5
ORD_336;PROD_46;2;4
ORD_336;PROD_11;5;2
ORD_336;PROD_23;6;2
ORD_337;PROD_15;2;5
ORD_337;PROD_22;5;5
ORD_337;PROD_3;7;3
ORD_337;PROD_21;6;2
ORD_337;PROD_12;3;4
ORD_337;PROD_16;5;3
ORD_338;PROD_15;4;1
ORD_338;PROD_22;5;3
ORD_338;PROD_33;6;4
ORD_338;PROD_38;5;5
ORD_338;PROD_49;3;2
ORD_339;PROD_20;7;3
ORD_339;PROD_8;5;5
ORD_339;PROD_33;5;2
ORD_339;PROD_47;2;4
ORD_339;PROD_13;1;1
ORD_339;PROD_29;7;4
ORD_339;PROD_36;6;3
ORD_339;PROD_7;6;1
ORD_339;PROD_6;5;1
ORD_340;PROD_49;1;1
ORD_340;PROD_34;5;5
ORD_340;PROD_30;7;1
ORD_340;PROD_39;5;3
ORD_340;PROD_36;8;3
ORD_340;PROD_10;4;3
ORD_340;PROD_31;7;5
ORD_340;PROD_40;9;1
ORD_340;PROD_45;3;5
ORD_340;PROD_12;1;5
ORD_340;PROD_35;6;1
ORD_340;PROD_16;5;5
ORD_340;PROD_19;6;2
ORD_340;PROD_21;4;1
ORD_341;PROD_39;3;5
ORD_341;PROD_35;2;1
ORD_341;PROD_48;1;3
ORD_341;PROD_31;8;4
ORD_341;PROD_34;2;1
ORD_341;PROD_5;6;1
ORD_341;PROD_24;5;5
ORD_341;PROD_47;1;3
ORD_341;PROD_29;5;5
ORD_341;PROD_18;5;1
ORD_341;PROD_43;9;2
ORD_342;PROD_3;1;3
ORD_342;PROD_21;2;5
ORD_342;PROD_12;8;5
ORD_342;PROD_16;1;5
ORD_342;PROD_31;4;1
ORD_342;PROD_11;5;3
ORD_342;PROD_43;2;1
ORD_343;PROD_14;5;4
ORD_343;PROD_22;4;3
ORD_343;PROD_11;7;4
ORD_343;PROD_2;7;5
ORD_343;PROD_12;8;5
ORD_344;PROD_37;8;1
ORD_344;PROD_43;3;3
ORD_344;PROD_50;8;4
ORD_344;PROD_33;6;1
ORD_344;PROD_49;9;2
ORD_344;PROD_26;5;3
ORD_344;PROD_34;6;4
ORD_344;PROD_11;9;5
ORD_345;PROD_34;4;4
ORD_345;PROD_26;7;3
ORD_345;PROD_2;5;3
ORD_345;PROD_6;5;3
ORD_345;PROD_23;7;2
ORD_345;PROD_36;8;3
ORD_345;PROD_15;4;4
ORD_345;PROD_28;8;3
ORD_345;PROD_28;4;3
ORD_345;PROD_48;2;2
ORD_345;PROD_4;4;3
ORD_345;PROD_49;7;3
ORD_346;PROD_41;3;1
ORD_346;PROD_2;2;3
ORD_346;PROD_49;4;5
ORD_346;PROD_36;5;1
ORD_346;PROD_6;7;3
ORD_346;PROD_17;5;5
ORD_346;PROD_42;1;3
ORD_346;PROD_12;9;1
ORD_347;PROD_15;4;2
ORD_347;PROD_22;5;3
ORD_347;PROD_15;2;3
ORD_347;PROD_22;2;4
ORD_347;PROD_13;1;3
ORD_347;PROD_5;3;4
ORD_347;PROD_33;5;4
ORD_347;PROD_16;3;1
ORD_347;PROD_28;3;1
ORD_347;PROD_35;2;3
ORD_347;PROD_43;4;2
ORD_347;PROD_11;2;4
ORD_347;PROD_25;9;2
ORD_347;PROD_27;1;5
ORD_348;PROD_11;8;2
ORD_348;PROD_43;1;3
ORD_348;PROD_29;3;4
ORD_348;PROD_33;8;5
ORD_348;PROD_8;4;5
ORD_348;PROD_50;5;5
ORD_348;PROD_30;5;1
ORD_348;PROD_48;2;4
ORD_348;PROD_29;7;1
ORD_348;PROD_47;5;2
ORD_348;PROD_17;8;1
ORD_348;PROD_3;7;1
ORD_348;PROD_40;4;3
ORD_349;PROD_49;8;5
ORD_349;PROD_31;3;5
ORD_349;PROD_42;9;4
ORD_349;PROD_18;6;5
ORD_349;PROD_43;5;3
ORD_349;PROD_3;5;5
ORD_350;PROD_36;4;4
ORD_350;PROD_30;7;2
ORD_350;PROD_36;1;4
ORD_350;PROD_36;5;4
ORD_350;PROD_22;8;2
ORD_350;PROD_5;5;2
ORD_350;PROD_30;7;4
ORD_350;PROD_37;1;5
ORD_350;PROD_13;1;3
ORD_350;PROD_20;8;4
ORD_350;PROD_10;2;4
ORD_351;PROD_12;8;2
ORD_351;PROD_50;9;3
ORD_351;PROD_7;8;1
ORD_351;PROD_11;2;4
ORD_351;PROD_15;7;1
ORD_351;PROD_44;1;4
ORD_351;PROD_36;6;5
ORD_351;PROD_1;1;3
ORD_351;PROD_8;6;4
ORD_351;PROD_43;1;2
ORD_351;PROD_5;4;4
ORD_351;PROD_27;4;1
ORD_351;PROD_31;2;2
ORD_351;PROD_10;6;1
ORD_351;PROD_47;1;4
ORD_352;PROD_36;9;3
ORD_352;PROD_33;8;3
ORD_352;PROD_15;7;3
ORD_352;PROD_22;3;2
ORD_352;PROD_17;2;4
ORD_352;PROD_36;8;1
ORD_352;PROD_8;3;2
ORD_352;PROD_9;1;5
ORD_353;PROD_36;9;3
ORD_353;PROD_33;1;3
ORD_353;PROD_50;1;2
ORD_353;PROD_37;3;2
ORD_353;PROD_11;8;4
ORD_353;PROD_10;7;5
ORD_354;PROD_10;7;1
ORD_354;PROD_23;1;3
ORD_354;PROD_17;7;2
ORD_354;PROD_47;5;4
ORD_354;PROD_41;3;4
ORD_354;PROD_6;1;3
ORD_354;PROD_28;8;2
ORD_355;PROD_45;3;4
ORD_355;PROD_7;3;4
ORD_355;PROD_27;2;3
ORD_355;PROD_48;4;4
ORD_355;PROD_37;4;5
ORD_355;PROD_40;3;4
ORD_355;PROD_39;3;1
ORD_355;PROD_41;9;2
ORD_355;PROD_47;5;4
ORD_355;PROD_2;6;2
ORD_355;PROD_42;5;4
ORD_356;PROD_15;9;2
ORD_356;PROD_47;2;5
ORD_356;PROD_39;3;5
ORD_356;PROD_35;9;1
ORD_356;PROD_39;5;4
ORD_356;PROD_36;5;3
ORD_356;PROD_13;5;2
ORD_356;PROD_29;1;2
ORD_356;PROD_11;3;4
ORD_356;PROD_35;8;2
ORD_356;PROD_23;1;2
ORD_356;PROD_1;1;2
ORD_356;PROD_14;9;5
ORD_356;PROD_34;5;3
ORD_357;PROD_15;7;5
ORD_357;PROD_22;2;4
ORD_357;PROD_26;7;2
ORD_357;PROD_24;2;2
ORD_357;PROD_41;7;4
ORD_357;PROD_47;2;2
ORD_357;PROD_6;4;2
ORD_357;PROD_18;7;5
ORD_357;PROD_32;9;1
ORD_357;PROD_47;4;2
ORD_357;PROD_16;9;2
ORD_357;PROD_48;1;1
ORD_357;PROD_8;5;5
ORD_358;PROD_36;1;3
ORD_358;PROD_33;6;5
ORD_358;PROD_36;6;5
ORD_358;PROD_33;1;3
ORD_358;PROD_36;1;5
ORD_358;PROD_33;3;5
ORD_358;PROD_41;7;3
ORD_358;PROD_1;9;4
ORD_358;PROD_23;3;2
ORD_358;PROD_47;4;4
ORD_358;PROD_8;4;3
ORD_358;PROD_6;9;3
ORD_358;PROD_39;6;3
ORD_358;PROD_9;6;1
ORD_358;PROD_11;8;3
ORD_359;PROD_36;5;4
ORD_359;PROD_33;6;4
ORD_359;PROD_10;8;3
ORD_359;PROD_46;9;2
ORD_359;PROD_26;5;5
ORD_359;PROD_44;3;1
ORD_360;PROD_8;4;5
ORD_360;PROD_25;2;3
ORD_360;PROD_36;8;1
ORD_360;PROD_31;6;2
ORD_360;PROD_7;9;1
ORD_360;PROD_26;5;4
ORD_360;PROD_6;9;5
ORD_360;PROD_32;7;1
ORD_360;PROD_35;6;5
ORD_360;PROD_43;6;1
ORD_360;PROD_26;8;3
ORD_360;PROD_46;2;2
ORD_360;PROD_11;9;5
ORD_360;PROD_36;1;4
ORD_360;PROD_36;7;3
ORD_361;PROD_36;5;4
ORD_361;PROD_33;2;3
ORD_361;PROD_36;9;1
ORD_361;PROD_33;6;5
ORD_361;PROD_15;9;3
ORD_361;PROD_22;8;4
ORD_361;PROD_21;4;1
ORD_361;PROD_30;8;5
ORD_361;PROD_16;2;4
ORD_361;PROD_48;2;4
ORD_361;PROD_4;6;5
ORD_361;PROD_40;6;2
ORD_361;PROD_35;2;3
ORD_361;PROD_44;5;1
ORD_361;PROD_37;2;2
ORD_362;PROD_44;5;2
ORD_362;PROD_14;5;4
ORD_362;PROD_31;8;1
ORD_362;PROD_32;9;2
ORD_362;PROD_23;1;4
ORD_362;PROD_16;7;4
ORD_362;PROD_37;1;1
ORD_363;PROD_15;8;2
ORD_363;PROD_44;2;1
ORD_363;PROD_36;1;4
ORD_363;PROD_1;9;1
ORD_363;PROD_15;4;2
ORD_364;PROD_41;2;1
ORD_364;PROD_38;1;5
ORD_364;PROD_36;1;2
ORD_364;PROD_18;5;1
ORD_364;PROD_40;5;4
ORD_364;PROD_24;8;2
ORD_364;PROD_32;4;5
ORD_364;PROD_4;4;1
ORD_364;PROD_10;1;1
ORD_364;PROD_20;3;3
ORD_364;PROD_21;4;5
ORD_364;PROD_47;4;3
ORD_364;PROD_42;2;1
ORD_365;PROD_33;6;4
ORD_365;PROD_38;9;5
ORD_365;PROD_49;1;4
ORD_365;PROD_19;5;1
ORD_365;PROD_15;4;4
ORD_365;PROD_15;5;1
ORD_365;PROD_44;7;5
ORD_365;PROD_36;4;3
ORD_365;PROD_1;7;2
ORD_365;PROD_12;7;2
ORD_365;PROD_50;3;1
ORD_365;PROD_7;2;1
ORD_365;PROD_11;4;4
ORD_365;PROD_35;1;1
ORD_365;PROD_19;6;5
ORD_366;PROD_42;2;2
ORD_366;PROD_20;7;4
ORD_366;PROD_25;7;1
ORD_366;PROD_39;2;3
ORD_366;PROD_12;2;2
ORD_366;PROD_33;2;4
ORD_367;PROD_35;9;3
ORD_367;PROD_7;4;3
ORD_367;PROD_44;6;2
ORD_367;PROD_26;5;4
ORD_367;PROD_25;3;1
ORD_367;PROD_7;2;5
ORD_367;PROD_3;6;3
ORD_367;PROD_18;1;1
ORD_367;PROD_29;2;5
ORD_367;PROD_28;7;3
ORD_367;PROD_30;8;2
ORD_367;PROD_44;7;4
ORD_367;PROD_28;5;5
ORD_367;PROD_17;1;5
ORD_368;PROD_15;3;3
ORD_368;PROD_44;3;3
ORD_368;PROD_36;8;3
ORD_368;PROD_1;8;4
ORD_368;PROD_33;6;4
ORD_368;PROD_38;4;5
ORD_368;PROD_49;1;5
ORD_369;PROD_17;7;1
ORD_369;PROD_39;2;1
ORD_369;PROD_13;7;4
ORD_369;PROD_1;2;1
ORD_369;PROD_23;6;5
ORD_369;PROD_40;8;3
ORD_369;PROD_40;6;5
ORD_369;PROD_26;7;2
ORD_369;PROD_49;5;2
ORD_370;PROD_26;8;5
ORD_370;PROD_1;9;4
ORD_370;PROD_9;4;5
ORD_370;PROD_3;5;5
ORD_370;PROD_42;7;2
ORD_370;PROD_41;8;4
ORD_370;PROD_31;4;5
ORD_370;PROD_18;4;1
ORD_370;PROD_34;9;1
ORD_370;PROD_12;8;3
ORD_371;PROD_36;3;2
ORD_371;PROD_33;2;3
ORD_371;PROD_23;7;3
ORD_371;PROD_3;2;4
ORD_371;PROD_33;5;4
ORD_371;PROD_23;2;2
ORD_371;PROD_29;6;1
ORD_371;PROD_29;2;2
ORD_371;PROD_44;7;3
ORD_371;PROD_36;3;1
ORD_371;PROD_20;4;5
ORD_371;PROD_40;6;1
ORD_371;PROD_37;5;4
ORD_371;PROD_6;6;2
ORD_372;PROD_15;7;5
ORD_372;PROD_22;9;4
ORD_372;PROD_11;3;4
ORD_372;PROD_43;1;2
ORD_372;PROD_36;1;5
ORD_372;PROD_33;7;1
ORD_372;PROD_3;9;3
ORD_372;PROD_26;7;5
ORD_372;PROD_39;8;1
ORD_372;PROD_27;9;5
ORD_372;PROD_16;6;3
ORD_372;PROD_29;3;5
ORD_372;PROD_24;9;1
ORD_372;PROD_31;1;4
ORD_373;PROD_3;9;2
ORD_373;PROD_21;4;1
ORD_373;PROD_12;8;2
ORD_373;PROD_16;5;5
ORD_373;PROD_31;8;3
ORD_373;PROD_12;4;2
ORD_373;PROD_50;1;1
ORD_373;PROD_7;6;2
ORD_373;PROD_11;4;4
ORD_373;PROD_11;4;5
ORD_373;PROD_43;4;1
ORD_373;PROD_19;5;4
ORD_373;PROD_26;9;4
ORD_374;PROD_5;2;3
ORD_374;PROD_11;4;1
ORD_374;PROD_38;7;5
ORD_374;PROD_24;4;2
ORD_374;PROD_11;4;1
ORD_374;PROD_3;8;3
ORD_374;PROD_42;6;2
ORD_375;PROD_33;7;2
ORD_375;PROD_38;5;4
ORD_375;PROD_49;8;4
ORD_375;PROD_19;6;1
ORD_375;PROD_15;7;2
ORD_375;PROD_11;9;3
ORD_375;PROD_43;9;2
ORD_375;PROD_15;3;4
ORD_375;PROD_22;5;3
ORD_375;PROD_14;7;1
ORD_375;PROD_4;8;5
ORD_375;PROD_50;5;5
ORD_375;PROD_19;7;2
ORD_375;PROD_47;6;2
ORD_375;PROD_3;7;5
ORD_376;PROD_41;6;4
ORD_376;PROD_20;4;4
ORD_376;PROD_25;8;4
ORD_376;PROD_12;4;5
ORD_376;PROD_17;4;2
ORD_376;PROD_13;3;4
ORD_376;PROD_41;2;5
ORD_376;PROD_46;8;4
ORD_376;PROD_16;2;1
ORD_376;PROD_1;4;1
ORD_376;PROD_23;2;3
ORD_376;PROD_31;7;4
ORD_376;PROD_50;3;2
ORD_376;PROD_14;3;5
ORD_377;PROD_12;6;3
ORD_377;PROD_50;5;2
ORD_377;PROD_7;4;1
ORD_377;PROD_11;3;5
ORD_377;PROD_12;3;3
ORD_377;PROD_50;4;5
ORD_377;PROD_7;8;3
ORD_377;PROD_11;5;5
ORD_377;PROD_33;3;1
ORD_377;PROD_38;7;2
ORD_377;PROD_49;3;5
ORD_377;PROD_19;4;2
ORD_378;PROD_44;4;2
ORD_378;PROD_28;6;3
ORD_378;PROD_17;8;4
ORD_378;PROD_19;1;4
ORD_378;PROD_10;9;3
ORD_378;PROD_1;2;1
ORD_378;PROD_20;2;2
ORD_378;PROD_39;1;2
ORD_378;PROD_4;1;5
ORD_379;PROD_19;2;1
ORD_379;PROD_12;7;5
ORD_379;PROD_18;4;4
ORD_379;PROD_10;1;1
ORD_379;PROD_26;2;1
ORD_379;PROD_33;5;1
ORD_379;PROD_34;7;3
ORD_379;PROD_15;3;2
ORD_379;PROD_7;1;1
ORD_379;PROD_8;5;1
ORD_379;PROD_47;5;4
ORD_380;PROD_39;8;1
ORD_380;PROD_11;7;4
ORD_380;PROD_41;5;5
ORD_380;PROD_32;6;4
ORD_380;PROD_6;2;4
ORD_380;PROD_10;7;5
ORD_380;PROD_24;6;5
ORD_380;PROD_25;5;4
ORD_380;PROD_10;3;4
ORD_381;PROD_15;3;4
ORD_381;PROD_44;1;3
ORD_381;PROD_36;2;5
ORD_381;PROD_1;9;3
ORD_381;PROD_2;7;1
ORD_381;PROD_29;3;3
ORD_382;PROD_37;8;1
ORD_382;PROD_44;9;1
ORD_382;PROD_36;3;5
ORD_382;PROD_16;7;4
ORD_382;PROD_5;7;1
ORD_382;PROD_49;1;2
ORD_382;PROD_29;8;3
ORD_383;PROD_11;3;1
ORD_383;PROD_43;7;2
ORD_383;PROD_15;2;5
ORD_383;PROD_44;2;4
ORD_383;PROD_36;5;1
ORD_383;PROD_1;8;3
ORD_383;PROD_3;4;5
ORD_383;PROD_21;5;3
ORD_383;PROD_12;3;2
ORD_383;PROD_16;5;3
ORD_383;PROD_31;7;2
ORD_383;PROD_20;2;2
ORD_383;PROD_14;8;3
ORD_383;PROD_47;4;1
ORD_383;PROD_38;1;4
ORD_384;PROD_27;2;4
ORD_384;PROD_19;2;2
ORD_384;PROD_42;4;5
ORD_384;PROD_25;8;5
ORD_384;PROD_24;1;1
ORD_384;PROD_38;3;3
ORD_384;PROD_32;2;4
ORD_385;PROD_33;8;3
ORD_385;PROD_38;3;1
ORD_385;PROD_49;7;5
ORD_385;PROD_19;8;1
ORD_385;PROD_15;9;1
ORD_385;PROD_36;1;4
ORD_385;PROD_33;4;5
ORD_385;PROD_34;4;3
ORD_385;PROD_28;1;2
ORD_385;PROD_50;3;5
ORD_385;PROD_41;2;5
ORD_385;PROD_33;6;2
ORD_385;PROD_48;6;3
ORD_385;PROD_45;4;3
ORD_385;PROD_10;3;2
ORD_386;PROD_15;2;1
ORD_386;PROD_44;1;5
ORD_386;PROD_36;2;2
ORD_386;PROD_1;8;4
ORD_386;PROD_33;6;1
ORD_386;PROD_25;7;4
ORD_386;PROD_31;9;3
ORD_386;PROD_48;3;2
ORD_386;PROD_22;5;4
ORD_387;PROD_15;1;2
ORD_387;PROD_22;5;3
ORD_387;PROD_36;1;1
ORD_387;PROD_33;5;1
ORD_387;PROD_36;9;1
ORD_387;PROD_33;4;2
ORD_387;PROD_16;7;4
ORD_387;PROD_2;5;3
ORD_387;PROD_11;8;4
ORD_387;PROD_40;9;2
ORD_387;PROD_39;6;3
ORD_387;PROD_15;8;1
ORD_387;PROD_42;3;5
ORD_387;PROD_45;1;3
ORD_388;PROD_33;9;3
ORD_388;PROD_38;7;4
ORD_388;PROD_49;7;4
ORD_388;PROD_19;4;3
ORD_388;PROD_15;4;5
ORD_388;PROD_3;2;2
ORD_388;PROD_21;8;3
ORD_388;PROD_12;6;4
ORD_388;PROD_16;2;3
ORD_388;PROD_31;4;5
ORD_389;PROD_32;8;1
ORD_389;PROD_33;9;4
ORD_389;PROD_1;6;1
ORD_389;PROD_46;7;3
ORD_389;PROD_41;4;4
ORD_389;PROD_6;3;4
ORD_389;PROD_6;9;3
ORD_390;PROD_40;3;3
ORD_390;PROD_21;4;2
ORD_390;PROD_5;4;2
ORD_390;PROD_10;5;2
ORD_390;PROD_41;1;1
ORD_390;PROD_45;9;5
ORD_390;PROD_6;9;2
ORD_390;PROD_6;9;2
ORD_391;PROD_8;1;4
ORD_391;PROD_29;1;1
ORD_391;PROD_15;9;4
ORD_391;PROD_5;2;3
ORD_391;PROD_28;2;1
ORD_391;PROD_43;5;5
ORD_392;PROD_36;6;3
ORD_392;PROD_33;5;5
ORD_392;PROD_15;4;2
ORD_392;PROD_44;6;5
ORD_392;PROD_36;8;1
ORD_392;PROD_1;6;2
ORD_392;PROD_33;2;2
ORD_392;PROD_38;4;1
ORD_392;PROD_49;1;5
ORD_393;PROD_46;3;4
ORD_393;PROD_48;6;3
ORD_393;PROD_18;6;3
ORD_393;PROD_3;1;1
ORD_393;PROD_35;8;2
ORD_393;PROD_24;4;4
ORD_393;PROD_35;3;1
ORD_393;PROD_20;3;3
ORD_393;PROD_34;5;2
ORD_393;PROD_28;3;1
ORD_394;PROD_27;6;4
ORD_394;PROD_31;6;1
ORD_394;PROD_20;2;4
ORD_394;PROD_4;4;4
ORD_394;PROD_30;6;1
ORD_394;PROD_13;7;5
ORD_394;PROD_27;4;3
ORD_394;PROD_38;1;5
ORD_394;PROD_39;9;3
ORD_394;PROD_14;3;1
ORD_394;PROD_7;4;5
ORD_394;PROD_47;7;5
ORD_394;PROD_5;1;2
ORD_394;PROD_38;1;3
ORD_395;PROD_45;7;2
ORD_395;PROD_45;5;5
ORD_395;PROD_8;6;1
ORD_395;PROD_26;7;4
ORD_395;PROD_39;1;1
ORD_395;PROD_39;8;2
ORD_396;PROD_36;2;3
ORD_396;PROD_33;3;4
ORD_396;PROD_32;6;4
ORD_396;PROD_36;3;5
ORD_396;PROD_49;4;3
ORD_396;PROD_34;4;5
ORD_396;PROD_14;1;2
ORD_396;PROD_37;3;5
ORD_396;PROD_31;4;2
ORD_396;PROD_10;5;5
ORD_397;PROD_9;1;5
ORD_397;PROD_8;8;4
ORD_397;PROD_46;8;3
ORD_397;PROD_42;5;2
ORD_397;PROD_44;2;5
ORD_397;PROD_9;3;2
ORD_398;PROD_15;3;2
ORD_398;PROD_44;5;1
ORD_398;PROD_36;7;2
ORD_398;PROD_1;6;4
ORD_398;PROD_1;9;3
ORD_399;PROD_11;1;5
ORD_399;PROD_43;8;2
ORD_399;PROD_27;3;5
ORD_399;PROD_22;9;3
ORD_399;PROD_20;4;2
ORD_399;PROD_21;5;1
ORD_399;PROD_30;1;5
ORD_399;PROD_27;7;4
ORD_399;PROD_17;5;5
ORD_399;PROD_31;5;4
ORD_399;PROD_44;6;1
ORD_399;PROD_20;9;5
ORD_399;PROD_6;7;2
ORD_399;PROD_17;1;1
ORD_399;PROD_12;3;4
ORD_400;PROD_17;3;5
ORD_400;PROD_33;3;3
ORD_400;PROD_2;8;4
ORD_400;PROD_9;4;2
ORD_400;PROD_41;1;5
ORD_400;PROD_34;2;3
ORD_400;PROD_39;7;4
ORD_400;PROD_12;4;2
ORD_400;PROD_48;1;5
ORD_400;PROD_33;2;1
ORD_400;PROD_50;3;5
ORD_400;PROD_44;8;4
ORD_400;PROD_44;4;4
ORD_401;PROD_35;8;5
ORD_401;PROD_18;5;5
ORD_401;PROD_36;7;2
ORD_401;PROD_25;5;1
ORD_401;PROD_13;9;4
ORD_401;PROD_8;3;2
ORD_401;PROD_20;4;1
ORD_401;PROD_35;1;5
ORD_401;PROD_22;4;3
ORD_401;PROD_18;2;5
ORD_401;PROD_36;4;3
ORD_401;PROD_17;2;2
ORD_402;PROD_15;9;1
ORD_402;PROD_22;9;4
ORD_402;PROD_21;3;4
ORD_402;PROD_49;1;2
ORD_402;PROD_43;2;1
ORD_402;PROD_30;1;1
ORD_402;PROD_28;8;5
ORD_402;PROD_32;1;4
ORD_403;PROD_36;6;1
ORD_403;PROD_26;7;4
ORD_403;PROD_2;4;2
ORD_403;PROD_12;1;5
ORD_403;PROD_33;1;3
ORD_403;PROD_46;6;5
ORD_404;PROD_33;9;2
ORD_404;PROD_38;4;2
ORD_404;PROD_49;3;4
ORD_404;PROD_19;2;1
ORD_404;PROD_15;9;2
ORD_404;PROD_27;2;1
ORD_404;PROD_32;4;3
ORD_404;PROD_4;9;5
ORD_404;PROD_44;7;5
ORD_404;PROD_7;3;3
ORD_404;PROD_13;5;1
ORD_404;PROD_44;9;5
ORD_404;PROD_47;5;3
ORD_405;PROD_15;3;1
ORD_405;PROD_44;2;4
ORD_405;PROD_36;9;5
ORD_405;PROD_1;7;1
ORD_405;PROD_15;5;3
ORD_405;PROD_22;7;4
ORD_405;PROD_11;6;1
ORD_405;PROD_43;8;4
ORD_405;PROD_6;4;5
ORD_405;PROD_5;2;5
ORD_405;PROD_48;2;5
ORD_406;PROD_17;1;4
ORD_406;PROD_48;5;5
ORD_406;PROD_42;4;1
ORD_406;PROD_14;4;5
ORD_406;PROD_21;5;3
ORD_406;PROD_29;3;4
ORD_406;PROD_42;3;1
ORD_406;PROD_20;1;3
ORD_407;PROD_15;9;4
ORD_407;PROD_44;8;4
ORD_407;PROD_36;9;5
ORD_407;PROD_1;1;4
ORD_407;PROD_1;4;5
ORD_407;PROD_47;4;3
ORD_407;PROD_49;1;1
ORD_407;PROD_12;3;5
ORD_408;PROD_32;1;3
ORD_408;PROD_11;1;1
ORD_408;PROD_35;7;5
ORD_408;PROD_47;7;5
ORD_408;PROD_7;8;4
ORD_408;PROD_11;8;1
ORD_408;PROD_11;8;2
ORD_408;PROD_35;7;2
ORD_409;PROD_15;6;3
ORD_409;PROD_44;3;4
ORD_409;PROD_36;5;2
ORD_409;PROD_1;1;2
ORD_409;PROD_3;9;1
ORD_409;PROD_21;1;1
ORD_409;PROD_12;9;4
ORD_409;PROD_16;6;2
ORD_409;PROD_31;2;2
ORD_409;PROD_30;7;4
ORD_409;PROD_23;8;3
ORD_409;PROD_19;7;2
ORD_409;PROD_13;7;5
ORD_409;PROD_34;3;3
ORD_409;PROD_7;7;2
ORD_410;PROD_26;3;3
ORD_410;PROD_42;4;4
ORD_410;PROD_29;4;4
ORD_410;PROD_7;5;2
ORD_410;PROD_46;5;5
ORD_410;PROD_35;4;4
ORD_411;PROD_30;3;4
ORD_411;PROD_19;8;3
ORD_411;PROD_47;2;4
ORD_411;PROD_16;8;4
ORD_411;PROD_25;9;3
ORD_411;PROD_8;6;2
ORD_411;PROD_34;8;3
ORD_411;PROD_35;7;5
ORD_411;PROD_47;2;2
ORD_412;PROD_28;2;4
ORD_412;PROD_46;8;5
ORD_412;PROD_8;9;3
ORD_412;PROD_19;8;2
ORD_412;PROD_49;3;2
ORD_413;PROD_15;2;4
ORD_413;PROD_44;7;4
ORD_413;PROD_36;7;3
ORD_413;PROD_1;9;2
ORD_413;PROD_3;1;1
ORD_413;PROD_21;3;4
ORD_413;PROD_12;3;4
ORD_413;PROD_16;3;2
ORD_414;PROD_36;4;3
ORD_414;PROD_33;7;5
ORD_414;PROD_15;6;5
ORD_414;PROD_22;6;1
ORD_414;PROD_3;3;5
ORD_414;PROD_21;6;2
ORD_414;PROD_12;8;5
ORD_414;PROD_16;3;4
ORD_415;PROD_7;6;1
ORD_415;PROD_14;3;4
ORD_415;PROD_21;8;4
ORD_415;PROD_34;5;4
ORD_415;PROD_33;3;3
ORD_415;PROD_45;3;4
ORD_416;PROD_15;9;2
ORD_416;PROD_44;8;4
ORD_416;PROD_36;6;2
ORD_416;PROD_1;4;4
ORD_416;PROD_15;4;2
ORD_416;PROD_22;4;2
ORD_416;PROD_15;3;3
ORD_416;PROD_22;7;3
ORD_417;PROD_36;4;2
ORD_417;PROD_33;8;2
ORD_417;PROD_33;7;1
ORD_417;PROD_38;5;3
ORD_417;PROD_49;1;3
ORD_417;PROD_19;3;3
ORD_417;PROD_15;2;4
ORD_417;PROD_27;3;3
ORD_417;PROD_4;1;3
ORD_417;PROD_41;7;5
ORD_417;PROD_21;3;4
ORD_418;PROD_5;3;5
ORD_418;PROD_28;9;3
ORD_418;PROD_29;1;4
ORD_418;PROD_47;9;3
ORD_418;PROD_4;6;5
ORD_418;PROD_23;1;3
ORD_418;PROD_39;9;2
ORD_418;PROD_16;4;4
ORD_418;PROD_28;9;3
ORD_418;PROD_6;5;5
ORD_418;PROD_30;6;2
ORD_418;PROD_49;8;3
ORD_418;PROD_17;2;2
ORD_419;PROD_14;9;2
ORD_419;PROD_31;4;4
ORD_419;PROD_9;8;4
ORD_419;PROD_27;1;2
ORD_419;PROD_31;8;4
ORD_419;PROD_16;3;3
ORD_419;PROD_9;8;2
ORD_419;PROD_48;7;1
ORD_420;PROD_25;8;4
ORD_420;PROD_31;7;4
ORD_420;PROD_33;7;3
ORD_420;PROD_5;3;2
ORD_420;PROD_8;2;2
ORD_420;PROD_29;8;1
ORD_420;PROD_45;3;2
ORD_420;PROD_30;1;2
ORD_420;PROD_39;8;3
ORD_420;PROD_23;6;1
ORD_420;PROD_26;6;3
ORD_420;PROD_5;1;2
ORD_420;PROD_38;2;2
ORD_421;PROD_3;3;2
ORD_421;PROD_21;9;1
ORD_421;PROD_12;8;1
ORD_421;PROD_16;2;3
ORD_421;PROD_31;7;1
ORD_421;PROD_9;4;4
ORD_421;PROD_43;4;3
ORD_421;PROD_48;9;5
ORD_421;PROD_37;8;2
ORD_421;PROD_20;3;5
ORD_421;PROD_7;7;4
ORD_421;PROD_37;5;4
ORD_421;PROD_13;5;4
ORD_422;PROD_7;2;5
ORD_422;PROD_3;7;1
ORD_422;PROD_43;2;3
ORD_422;PROD_32;4;5
ORD_422;PROD_46;3;5
ORD_422;PROD_44;9;1
ORD_422;PROD_21;6;3
ORD_422;PROD_34;1;2
ORD_423;PROD_24;8;5
ORD_423;PROD_27;1;2
ORD_423;PROD_37;4;3
ORD_423;PROD_18;8;2
ORD_423;PROD_28;3;1
ORD_423;PROD_47;3;2
ORD_423;PROD_28;9;1
ORD_424;PROD_3;9;4
ORD_424;PROD_21;4;2
ORD_424;PROD_12;1;4
ORD_424;PROD_16;4;1
ORD_424;PROD_31;8;2
ORD_424;PROD_33;5;4
ORD_424;PROD_38;6;1
ORD_425;PROD_33;6;3
ORD_425;PROD_38;3;5
ORD_425;PROD_49;4;1
ORD_425;PROD_19;9;4
ORD_425;PROD_15;5;2
ORD_425;PROD_38;2;4
ORD_425;PROD_13;7;2
ORD_425;PROD_31;8;5
ORD_426;PROD_3;4;3
ORD_426;PROD_21;7;3
ORD_426;PROD_12;2;5
ORD_426;PROD_16;3;2
ORD_426;PROD_31;7;1
ORD_426;PROD_18;1;3
ORD_427;PROD_12;3;4
ORD_427;PROD_50;3;1
ORD_427;PROD_7;5;5
ORD_427;PROD_11;3;3
ORD_427;PROD_15;5;1
ORD_427;PROD_44;8;2
ORD_427;PROD_36;2;1
ORD_427;PROD_1;3;4
ORD_427;PROD_30;5;3
ORD_427;PROD_50;5;1
ORD_427;PROD_23;2;5
ORD_427;PROD_19;2;1
ORD_428;PROD_12;3;5
ORD_428;PROD_50;2;4
ORD_428;PROD_7;1;5
ORD_428;PROD_11;2;2
ORD_428;PROD_49;2;3
ORD_428;PROD_22;5;3
ORD_428;PROD_12;6;3
ORD_429;PROD_32;1;5
ORD_429;PROD_13;2;3
ORD_429;PROD_1;8;5
ORD_429;PROD_50;3;5
ORD_429;PROD_10;4;5
ORD_429;PROD_48;9;2
ORD_429;PROD_6;7;5
ORD_429;PROD_29;3;3
ORD_429;PROD_4;1;5
ORD_429;PROD_16;8;5
ORD_430;PROD_49;1;2
ORD_430;PROD_38;1;1
ORD_430;PROD_39;6;4
ORD_430;PROD_12;5;4
ORD_430;PROD_18;9;1
ORD_430;PROD_19;9;4
ORD_430;PROD_4;9;2
ORD_430;PROD_37;6;4
ORD_430;PROD_8;9;1
ORD_430;PROD_12;5;5
ORD_431;PROD_32;5;3
ORD_431;PROD_29;9;3
ORD_431;PROD_11;6;4
ORD_431;PROD_50;9;3
ORD_431;PROD_17;2;3
ORD_432;PROD_11;1;1
ORD_432;PROD_43;2;2
ORD_432;PROD_36;7;4
ORD_432;PROD_33;5;5
ORD_432;PROD_15;7;5
ORD_432;PROD_22;1;4
ORD_433;PROD_15;3;2
ORD_433;PROD_22;6;5
ORD_433;PROD_11;2;5
ORD_433;PROD_43;7;2
ORD_433;PROD_36;1;4
ORD_433;PROD_33;7;5
ORD_433;PROD_39;6;1
ORD_433;PROD_39;2;5
ORD_433;PROD_11;6;5
ORD_433;PROD_5;9;3
ORD_433;PROD_3;3;5
ORD_433;PROD_20;9;2
ORD_434;PROD_26;2;5
ORD_434;PROD_38;2;2
ORD_434;PROD_17;9;5
ORD_434;PROD_21;7;3
ORD_434;PROD_39;8;4
ORD_434;PROD_49;2;3
ORD_434;PROD_28;4;5
ORD_434;PROD_3;2;5
ORD_435;PROD_12;3;2
ORD_435;PROD_50;9;3
ORD_435;PROD_7;5;2
ORD_435;PROD_11;2;2
ORD_435;PROD_12;2;2
ORD_435;PROD_50;2;1
ORD_435;PROD_7;7;4
ORD_435;PROD_11;8;5
ORD_435;PROD_6;1;3
ORD_435;PROD_6;8;2
ORD_435;PROD_47;1;4
ORD_435;PROD_21;5;2
ORD_435;PROD_29;2;1
ORD_435;PROD_2;2;3
ORD_435;PROD_35;8;4
ORD_436;PROD_3;8;2
ORD_436;PROD_21;6;4
ORD_436;PROD_12;6;3
ORD_436;PROD_16;2;4
ORD_436;PROD_31;5;4
ORD_436;PROD_12;1;1
ORD_436;PROD_50;8;3
ORD_436;PROD_7;2;4
ORD_436;PROD_11;8;3
ORD_436;PROD_31;2;3
ORD_436;PROD_3;7;3
ORD_436;PROD_50;4;1
ORD_436;PROD_35;1;5
ORD_436;PROD_24;4;2
ORD_437;PROD_11;2;4
ORD_437;PROD_43;9;1
ORD_437;PROD_47;1;5
ORD_437;PROD_47;2;2
ORD_437;PROD_24;3;4
ORD_437;PROD_2;1;2
ORD_437;PROD_20;6;5
ORD_437;PROD_34;8;5
ORD_437;PROD_11;1;1
ORD_437;PROD_42;4;4
ORD_437;PROD_26;9;5
ORD_437;PROD_13;4;1
ORD_437;PROD_26;7;3
ORD_438;PROD_12;3;5
ORD_438;PROD_50;3;5
ORD_438;PROD_7;5;5
ORD_438;PROD_11;5;2
ORD_438;PROD_15;1;5
ORD_438;PROD_44;6;1
ORD_438;PROD_36;4;4
ORD_438;PROD_1;5;3
ORD_438;PROD_3;5;5
ORD_438;PROD_21;6;1
ORD_438;PROD_12;1;4
ORD_438;PROD_16;1;1
ORD_439;PROD_11;6;4
ORD_439;PROD_43;6;3
ORD_439;PROD_12;7;2
ORD_439;PROD_50;6;3
ORD_439;PROD_7;4;3
ORD_439;PROD_11;5;1
ORD_439;PROD_8;6;1
ORD_439;PROD_49;2;2
ORD_440;PROD_50;6;2
ORD_440;PROD_33;5;3
ORD_440;PROD_9;1;5
ORD_440;PROD_11;8;2
ORD_440;PROD_12;8;1
ORD_440;PROD_25;9;5
ORD_440;PROD_1;5;3
ORD_441;PROD_9;5;5
ORD_441;PROD_38;6;3
ORD_441;PROD_44;3;5
ORD_441;PROD_5;9;3
ORD_441;PROD_4;9;3
ORD_441;PROD_35;4;4
ORD_441;PROD_13;7;4
ORD_442;PROD_15;1;1
ORD_442;PROD_44;6;1
ORD_442;PROD_36;7;5
ORD_442;PROD_1;2;4
ORD_442;PROD_13;3;1
ORD_442;PROD_39;9;5
ORD_442;PROD_43;4;2
ORD_442;PROD_47;2;1
ORD_443;PROD_15;9;4
ORD_443;PROD_22;2;1
ORD_443;PROD_33;1;3
ORD_443;PROD_38;5;2
ORD_443;PROD_49;6;4
ORD_443;PROD_19;8;1
ORD_443;PROD_15;3;1
ORD_443;PROD_36;6;3
ORD_443;PROD_33;9;1
ORD_443;PROD_43;2;2
ORD_443;PROD_27;6;1
ORD_443;PROD_50;4;3
ORD_444;PROD_25;4;4
ORD_444;PROD_10;5;2
ORD_444;PROD_10;4;1
ORD_444;PROD_27;4;1
ORD_444;PROD_35;7;3
ORD_444;PROD_26;3;5
ORD_444;PROD_36;6;1
ORD_444;PROD_27;4;3
ORD_444;PROD_25;1;1
ORD_444;PROD_5;6;1
ORD_444;PROD_36;7;5
ORD_444;PROD_39;1;3
ORD_444;PROD_22;2;3
ORD_445;PROD_25;3;1
ORD_445;PROD_13;9;2
ORD_445;PROD_10;6;2
ORD_445;PROD_41;4;1
ORD_445;PROD_26;7;4
ORD_445;PROD_16;2;1
ORD_445;PROD_1;2;4
ORD_446;PROD_31;8;3
ORD_446;PROD_23;6;5
ORD_446;PROD_28;1;3
ORD_446;PROD_24;2;4
ORD_446;PROD_48;3;2
ORD_446;PROD_47;8;1
ORD_446;PROD_21;6;4
ORD_446;PROD_39;4;4
ORD_446;PROD_50;4;3
ORD_446;PROD_1;5;4
ORD_446;PROD_49;1;4
ORD_446;PROD_2;4;3
ORD_447;PROD_46;3;4
ORD_447;PROD_8;2;2
ORD_447;PROD_11;1;1
ORD_447;PROD_15;3;2
ORD_447;PROD_25;6;4
ORD_447;PROD_33;8;5
ORD_447;PROD_45;9;5
ORD_447;PROD_38;4;5
ORD_447;PROD_4;9;4
ORD_447;PROD_14;3;2
ORD_448;PROD_15;5;2
ORD_448;PROD_22;7;2
ORD_448;PROD_12;1;2
ORD_448;PROD_50;8;3
ORD_448;PROD_7;3;5
ORD_448;PROD_11;2;1
ORD_448;PROD_46;1;5
ORD_448;PROD_28;2;2
ORD_448;PROD_21;4;1
ORD_448;PROD_19;6;4
ORD_448;PROD_8;2;1
ORD_448;PROD_10;4;5
ORD_448;PROD_1;9;5
ORD_448;PROD_47;3;5
ORD_449;PROD_7;5;3
ORD_449;PROD_1;8;3
ORD_449;PROD_43;6;4
ORD_449;PROD_17;8;1
ORD_449;PROD_3;3;5
ORD_449;PROD_36;4;5
ORD_449;PROD_11;4;2
ORD_449;PROD_37;5;2
ORD_449;PROD_3;3;4
ORD_450;PROD_48;1;2
ORD_450;PROD_46;5;3
ORD_450;PROD_32;6;4
ORD_450;PROD_21;8;1
ORD_450;PROD_49;1;3
ORD_450;PROD_5;7;2
ORD_450;PROD_5;1;1
ORD_450;PROD_39;9;1
ORD_450;PROD_13;8;3
ORD_451;PROD_31;2;3
ORD_451;PROD_33;6;3
ORD_451;PROD_43;7;5
ORD_451;PROD_45;7;3
ORD_451;PROD_11;9;2
ORD_451;PROD_47;1;2
ORD_451;PROD_6;5;1
ORD_451;PROD_21;3;3
ORD_451;PROD_9;2;1
ORD_451;PROD_32;3;4
ORD_451;PROD_29;9;4
ORD_451;PROD_13;6;5
ORD_451;PROD_10;3;2
ORD_451;PROD_15;5;5
ORD_452;PROD_39;1;2
ORD_452;PROD_11;2;4
ORD_452;PROD_17;7;1
ORD_452;PROD_36;8;1
ORD_452;PROD_34;3;5
ORD_452;PROD_6;3;3
ORD_452;PROD_41;3;5
ORD_452;PROD_40;8;1
ORD_453;PROD_15;1;3
ORD_453;PROD_44;3;1
ORD_453;PROD_36;1;2
ORD_453;PROD_1;9;5
ORD_453;PROD_3;5;3
ORD_454;PROD_6;6;5
ORD_454;PROD_27;4;4
ORD_454;PROD_32;6;5
ORD_454;PROD_28;5;1
ORD_454;PROD_38;6;3
ORD_454;PROD_8;4;4
ORD_454;PROD_23;8;2
ORD_454;PROD_14;8;4
ORD_454;PROD_26;1;5
ORD_454;PROD_7;9;2
ORD_454;PROD_31;2;1
ORD_455;PROD_45;2;1
ORD_455;PROD_3;9;1
ORD_455;PROD_17;9;5
ORD_455;PROD_16;5;1
ORD_455;PROD_12;9;4
ORD_455;PROD_21;3;4
ORD_455;PROD_6;1;4
ORD_455;PROD_15;8;5
ORD_455;PROD_48;5;4
ORD_455;PROD_37;4;3
ORD_455;PROD_16;8;5
ORD_455;PROD_33;5;4
ORD_455;PROD_37;3;4
ORD_455;PROD_39;5;1
ORD_456;PROD_36;4;5
ORD_456;PROD_33;6;3
ORD_456;PROD_33;3;1
ORD_456;PROD_38;8;4
ORD_456;PROD_49;1;2
ORD_456;PROD_19;4;2
ORD_456;PROD_15;7;3
ORD_456;PROD_40;9;2
ORD_456;PROD_23;4;5
ORD_457;PROD_11;7;1
ORD_457;PROD_43;5;3
ORD_457;PROD_3;5;1
ORD_457;PROD_21;4;1
ORD_457;PROD_12;8;5
ORD_457;PROD_16;8;4
ORD_457;PROD_31;8;1
ORD_457;PROD_11;8;3
ORD_457;PROD_43;6;1
ORD_457;PROD_2;3;1
ORD_457;PROD_34;3;2
ORD_457;PROD_21;4;4
ORD_457;PROD_38;1;4
ORD_457;PROD_33;1;2
ORD_458;PROD_3;9;2
ORD_458;PROD_45;2;3
ORD_458;PROD_39;8;3
ORD_458;PROD_12;6;5
ORD_458;PROD_8;4;4
ORD_458;PROD_38;7;2
ORD_458;PROD_28;8;2
ORD_458;PROD_30;9;5
ORD_458;PROD_49;9;1
ORD_458;PROD_17;8;2
ORD_458;PROD_10;7;5
ORD_458;PROD_3;2;5
ORD_458;PROD_23;8;4
ORD_458;PROD_41;8;3
ORD_458;PROD_49;4;4
ORD_459;PROD_3;2;2
ORD_459;PROD_21;7;1
ORD_459;PROD_12;9;4
ORD_459;PROD_16;2;1
ORD_459;PROD_31;1;1
ORD_460;PROD_38;7;5
ORD_460;PROD_8;2;3
ORD_460;PROD_44;9;2
ORD_460;PROD_23;1;1
ORD_460;PROD_33;4;4
ORD_460;PROD_13;5;4
ORD_461;PROD_12;8;1
ORD_461;PROD_50;3;4
ORD_461;PROD_7;8;2
ORD_461;PROD_11;6;5
ORD_461;PROD_36;8;2
ORD_461;PROD_33;6;1
ORD_461;PROD_15;5;1
ORD_461;PROD_44;3;4
ORD_461;PROD_36;2;3
ORD_461;PROD_1;4;4
ORD_461;PROD_31;1;2
ORD_462;PROD_37;3;3
ORD_462;PROD_30;1;2
ORD_462;PROD_36;2;2
ORD_462;PROD_28;8;4
ORD_462;PROD_35;7;3
ORD_462;PROD_24;7;4
ORD_462;PROD_6;5;3
ORD_462;PROD_43;1;5
ORD_462;PROD_40;7;5
ORD_463;PROD_12;8;5
ORD_463;PROD_50;9;3
ORD_463;PROD_7;8;3
ORD_463;PROD_11;6;5
ORD_463;PROD_11;4;5
ORD_463;PROD_43;5;5
ORD_463;PROD_33;2;3
ORD_463;PROD_38;6;2
ORD_464;PROD_15;1;3
ORD_464;PROD_22;7;1
ORD_464;PROD_3;7;5
ORD_464;PROD_21;4;4
ORD_464;PROD_12;2;3
ORD_464;PROD_16;4;2
ORD_464;PROD_31;9;3
ORD_464;PROD_27;3;4
ORD_464;PROD_10;1;4
ORD_464;PROD_18;7;1
ORD_464;PROD_36;9;2
ORD_464;PROD_33;8;5
ORD_464;PROD_31;1;2
ORD_464;PROD_26;8;3
ORD_464;PROD_48;3;2
ORD_465;PROD_17;5;3
ORD_465;PROD_30;6;1
ORD_465;PROD_39;8;2
ORD_465;PROD_25;9;3
ORD_465;PROD_28;3;2
ORD_465;PROD_3;7;2
ORD_465;PROD_13;8;3
ORD_465;PROD_43;1;1
ORD_465;PROD_41;7;5
ORD_465;PROD_45;7;2
ORD_466;PROD_5;4;5
ORD_466;PROD_30;9;5
ORD_466;PROD_6;5;4
ORD_466;PROD_6;8;4
ORD_466;PROD_1;4;3
ORD_466;PROD_30;8;3
ORD_466;PROD_20;4;2
ORD_466;PROD_18;3;3
ORD_466;PROD_40;4;3
ORD_466;PROD_31;8;4
ORD_466;PROD_44;5;2
ORD_467;PROD_33;5;4
ORD_467;PROD_38;3;5
ORD_467;PROD_49;9;3
ORD_467;PROD_19;1;1
ORD_467;PROD_15;5;5
ORD_467;PROD_45;2;2
ORD_467;PROD_8;7;5
ORD_467;PROD_26;6;3
ORD_467;PROD_8;9;5
ORD_467;PROD_32;3;5
ORD_467;PROD_39;9;5
ORD_467;PROD_43;7;4
ORD_467;PROD_37;2;5
ORD_467;PROD_29;7;1
ORD_467;PROD_40;8;1
ORD_468;PROD_29;3;4
ORD_468;PROD_6;7;4
ORD_468;PROD_31;6;1
ORD_468;PROD_30;9;4
ORD_468;PROD_32;5;4
ORD_468;PROD_17;4;2
ORD_468;PROD_38;6;5
ORD_468;PROD_40;1;5
ORD_468;PROD_40;3;2
ORD_468;PROD_8;7;1
ORD_468;PROD_33;8;2
ORD_468;PROD_31;2;3
ORD_468;PROD_44;1;4
ORD_468;PROD_18;7;3
ORD_469;PROD_11;6;4
ORD_469;PROD_43;9;3
ORD_469;PROD_15;2;2
ORD_469;PROD_22;7;3
ORD_469;PROD_15;7;5
ORD_469;PROD_44;2;3
ORD_469;PROD_36;2;1
ORD_469;PROD_1;3;2
ORD_469;PROD_6;4;1
ORD_469;PROD_14;2;4
ORD_469;PROD_15;5;2
ORD_469;PROD_15;4;1
ORD_469;PROD_1;5;5
ORD_470;PROD_50;5;5
ORD_470;PROD_15;4;2
ORD_470;PROD_22;3;1
ORD_470;PROD_43;8;3
ORD_470;PROD_9;1;5
ORD_470;PROD_37;1;4
ORD_470;PROD_47;7;2
ORD_470;PROD_20;6;2
ORD_470;PROD_24;3;1
ORD_470;PROD_9;2;2
ORD_470;PROD_29;4;2
ORD_470;PROD_50;6;1
ORD_471;PROD_11;3;5
ORD_471;PROD_43;1;1
ORD_471;PROD_11;6;3
ORD_471;PROD_43;2;5
ORD_471;PROD_40;1;2
ORD_471;PROD_47;8;3
ORD_471;PROD_24;4;1
ORD_471;PROD_8;9;5
ORD_471;PROD_23;1;3
ORD_471;PROD_9;6;4
ORD_471;PROD_10;3;1
ORD_472;PROD_12;2;1
ORD_472;PROD_50;2;5
ORD_472;PROD_7;3;1
ORD_472;PROD_11;1;5
ORD_472;PROD_12;3;2
ORD_472;PROD_41;4;3
ORD_472;PROD_35;1;1
ORD_472;PROD_42;3;4
ORD_472;PROD_27;1;2
ORD_472;PROD_24;7;2
ORD_473;PROD_48;8;4
ORD_473;PROD_6;4;1
ORD_473;PROD_3;8;4
ORD_473;PROD_23;4;5
ORD_473;PROD_1;6;2
ORD_473;PROD_34;8;1
ORD_473;PROD_46;8;4
ORD_473;PROD_46;2;3
ORD_473;PROD_8;4;1
ORD_473;PROD_26;3;1
ORD_473;PROD_8;9;1
ORD_473;PROD_34;5;4
ORD_473;PROD_29;8;3
ORD_474;PROD_40;2;2
ORD_474;PROD_35;1;2
ORD_474;PROD_40;6;5
ORD_474;PROD_17;8;5
ORD_474;PROD_11;2;4
ORD_474;PROD_33;7;3
ORD_474;PROD_9;4;3
ORD_475;PROD_12;3;1
ORD_475;PROD_50;8;1
ORD_475;PROD_7;2;3
ORD_475;PROD_11;1;5
ORD_475;PROD_15;4;1
ORD_475;PROD_44;5;5
ORD_475;PROD_36;3;2
ORD_475;PROD_1;1;3
ORD_476;PROD_11;6;1
ORD_476;PROD_43;7;4
ORD_476;PROD_6;2;4
ORD_476;PROD_19;8;1
ORD_476;PROD_17;7;2
ORD_476;PROD_39;7;3
ORD_476;PROD_26;2;2
ORD_476;PROD_21;2;3
ORD_476;PROD_2;8;2
ORD_476;PROD_33;4;3
ORD_477;PROD_47;2;4
ORD_477;PROD_34;4;4
ORD_477;PROD_9;4;3
ORD_477;PROD_45;3;1
ORD_477;PROD_43;2;3
ORD_477;PROD_50;6;2
ORD_477;PROD_17;2;5
ORD_477;PROD_29;8;4
ORD_477;PROD_12;2;5
ORD_477;PROD_14;4;2
ORD_477;PROD_36;2;3
ORD_477;PROD_49;3;1
ORD_478;PROD_6;1;4
ORD_478;PROD_7;1;1
ORD_478;PROD_50;9;1
ORD_478;PROD_26;5;5
ORD_478;PROD_43;4;5
ORD_478;PROD_33;2;2
ORD_478;PROD_20;6;5
ORD_478;PROD_44;8;2
ORD_478;PROD_16;4;2
ORD_478;PROD_22;3;1
ORD_478;PROD_49;9;3
ORD_478;PROD_24;8;1
ORD_478;PROD_25;1;5
ORD_478;PROD_41;6;2
ORD_478;PROD_38;9;3
ORD_479;PROD_3;6;2
ORD_479;PROD_21;3;4
ORD_479;PROD_12;5;1
ORD_479;PROD_16;9;2
ORD_479;PROD_31;5;3
ORD_479;PROD_42;1;5
ORD_479;PROD_17;7;2
ORD_479;PROD_38;5;1
ORD_479;PROD_36;9;1
ORD_479;PROD_31;4;5
ORD_479;PROD_18;3;1
ORD_480;PROD_15;1;5
ORD_480;PROD_44;3;3
ORD_480;PROD_36;8;3
ORD_480;PROD_1;8;1
ORD_480;PROD_39;2;5
ORD_480;PROD_45;4;4
ORD_480;PROD_5;6;3
ORD_480;PROD_42;7;2
ORD_481;PROD_15;6;4
ORD_481;PROD_44;5;4
ORD_481;PROD_36;5;4
ORD_481;PROD_1;6;4
ORD_481;PROD_47;9;1
ORD_481;PROD_49;6;3
ORD_481;PROD_14;8;4
ORD_481;PROD_26;7;2
ORD_481;PROD_19;5;2
ORD_481;PROD_3;6;3
ORD_481;PROD_31;1;5
ORD_482;PROD_11;5;4
ORD_482;PROD_43;9;2
ORD_482;PROD_28;4;2
ORD_482;PROD_50;9;5
ORD_482;PROD_23;4;1
ORD_482;PROD_19;3;2
ORD_482;PROD_13;1;4
ORD_482;PROD_50;2;5
ORD_482;PROD_41;6;2
ORD_482;PROD_30;6;1
ORD_482;PROD_3;4;4
ORD_482;PROD_30;5;5
ORD_482;PROD_4;6;5
ORD_482;PROD_30;7;4
ORD_483;PROD_36;7;4
ORD_483;PROD_33;1;1
ORD_483;PROD_11;3;4
ORD_483;PROD_43;8;1
ORD_483;PROD_36;4;3
ORD_483;PROD_33;5;1
ORD_483;PROD_40;8;4
ORD_483;PROD_3;6;2
ORD_483;PROD_49;2;1
ORD_483;PROD_2;5;2
ORD_483;PROD_4;7;2
ORD_483;PROD_3;1;1
ORD_483;PROD_44;1;3
ORD_483;PROD_12;7;3
ORD_484;PROD_33;6;4
ORD_484;PROD_12;8;1
ORD_484;PROD_13;5;1
ORD_484;PROD_38;5;3
ORD_484;PROD_35;5;5
ORD_484;PROD_6;4;2
ORD_485;PROD_12;5;1
ORD_485;PROD_50;5;2
ORD_485;PROD_7;2;4
ORD_485;PROD_11;9;5
ORD_485;PROD_12;2;2
ORD_486;PROD_3;4;1
ORD_486;PROD_21;1;1
ORD_486;PROD_12;2;1
ORD_486;PROD_16;5;5
ORD_486;PROD_31;8;4
ORD_486;PROD_12;5;4
ORD_487;PROD_25;3;4
ORD_487;PROD_27;1;2
ORD_487;PROD_10;9;4
ORD_487;PROD_45;5;3
ORD_487;PROD_35;8;4
ORD_487;PROD_45;3;3
ORD_487;PROD_44;7;1
ORD_487;PROD_2;7;4
ORD_487;PROD_8;7;5
ORD_487;PROD_14;2;5
ORD_487;PROD_3;9;4
ORD_487;PROD_41;4;2
ORD_487;PROD_33;3;3
ORD_487;PROD_25;4;4
ORD_488;PROD_36;8;1
ORD_488;PROD_33;8;1
ORD_488;PROD_15;3;1
ORD_488;PROD_22;6;2
ORD_488;PROD_42;8;3
ORD_488;PROD_26;3;3
ORD_488;PROD_26;4;4
ORD_488;PROD_7;2;5
ORD_488;PROD_48;9;5
ORD_489;PROD_33;5;5
ORD_489;PROD_38;9;4
ORD_489;PROD_49;8;1
ORD_489;PROD_19;7;3
ORD_489;PROD_15;6;4
ORD_489;PROD_10;9;5
ORD_489;PROD_11;5;1
ORD_489;PROD_36;7;4
ORD_489;PROD_13;4;4
ORD_489;PROD_18;4;2
ORD_489;PROD_29;2;4
ORD_489;PROD_11;6;3
ORD_489;PROD_19;2;1
ORD_489;PROD_18;1;2
ORD_489;PROD_14;4;3
ORD_490;PROD_35;5;5
ORD_490;PROD_8;5;5
ORD_490;PROD_40;2;2
ORD_490;PROD_40;9;4
ORD_490;PROD_21;4;5
ORD_490;PROD_40;5;5
ORD_490;PROD_34;9;5
ORD_490;PROD_50;4;4
ORD_490;PROD_25;7;5
ORD_490;PROD_16;9;2
ORD_491;PROD_33;4;3
ORD_491;PROD_38;1;3
ORD_491;PROD_49;6;4
ORD_491;PROD_19;6;1
ORD_491;PROD_15;3;3
ORD_491;PROD_15;5;2
ORD_491;PROD_44;5;2
ORD_491;PROD_36;6;4
ORD_491;PROD_1;9;1
ORD_491;PROD_11;4;2
ORD_491;PROD_43;3;1
ORD_491;PROD_6;6;5
ORD_491;PROD_8;4;3
ORD_491;PROD_20;5;5
ORD_492;PROD_8;3;1
ORD_492;PROD_29;9;4
ORD_492;PROD_46;7;1
ORD_492;PROD_37;5;2
ORD_492;PROD_49;5;2
ORD_492;PROD_39;2;2
ORD_492;PROD_40;7;5
ORD_492;PROD_25;6;2
ORD_492;PROD_43;2;2
ORD_492;PROD_34;8;1
ORD_492;PROD_4;4;2
ORD_492;PROD_11;3;4
ORD_492;PROD_27;8;3
ORD_492;PROD_30;5;5
ORD_492;PROD_36;9;2
ORD_493;PROD_33;6;4
ORD_493;PROD_38;9;2
ORD_493;PROD_49;7;5
ORD_493;PROD_19;7;5
ORD_493;PROD_15;9;1
ORD_493;PROD_12;4;1
ORD_493;PROD_50;3;2
ORD_493;PROD_7;9;4
ORD_493;PROD_11;9;4
ORD_493;PROD_15;2;5
ORD_493;PROD_45;6;1
ORD_493;PROD_15;8;1
ORD_493;PROD_10;5;5
ORD_493;PROD_12;2;2
ORD_493;PROD_15;1;2
ORD_494;PROD_16;3;3
ORD_494;PROD_43;9;1
ORD_494;PROD_21;1;5
ORD_494;PROD_24;9;2
ORD_494;PROD_13;7;5
ORD_494;PROD_36;8;2
ORD_494;PROD_1;1;4
ORD_494;PROD_10;4;1
ORD_494;PROD_15;7;4
ORD_494;PROD_30;9;4
ORD_494;PROD_35;7;4
ORD_494;PROD_37;6;2
ORD_494;PROD_48;4;3
ORD_495;PROD_4;2;1
ORD_495;PROD_42;1;4
ORD_495;PROD_42;3;3
ORD_495;PROD_39;2;4
ORD_495;PROD_25;6;5
ORD_495;PROD_9;1;5
ORD_495;PROD_48;1;1
ORD_495;PROD_23;4;3
ORD_495;PROD_35;8;3
ORD_495;PROD_16;7;1
ORD_495;PROD_44;1;5
ORD_496;PROD_29;8;4
ORD_496;PROD_30;6;5
ORD_496;PROD_45;4;5
ORD_496;PROD_29;9;1
ORD_496;PROD_4;9;4
ORD_496;PROD_33;7;1
ORD_497;PROD_11;3;5
ORD_497;PROD_43;5;4
ORD_497;PROD_11;6;1
ORD_497;PROD_43;2;5
ORD_497;PROD_4;5;1
ORD_497;PROD_7;5;2
ORD_498;PROD_36;4;3
ORD_498;PROD_33;5;5
ORD_498;PROD_29;9;4
ORD_498;PROD_10;2;1
ORD_498;PROD_11;8;2
ORD_498;PROD_42;1;5
ORD_498;PROD_16;8;2
ORD_498;PROD_14;5;1
ORD_498;PROD_41;3;2
ORD_499;PROD_11;5;2
ORD_499;PROD_43;2;5
ORD_499;PROD_15;1;1
ORD_499;PROD_44;1;2
ORD_499;PROD_36;7;3
ORD_499;PROD_1;6;4
ORD_499;PROD_24;4;5
ORD_499;PROD_10;9;1
ORD_499;PROD_21;8;1
ORD_499;PROD_42;6;2
ORD_499;PROD_23;5;1
ORD_499;PROD_25;7;3
ORD_499;PROD_23;4;2
ORD_500;PROD_12;8;4
ORD_500;PROD_50;5;3
ORD_500;PROD_7;1;5
ORD_500;PROD_11;3;1
ORD_500;PROD_36;7;1
ORD_501;PROD_11;6;5
ORD_501;PROD_43;5;2
ORD_501;PROD_15;9;2
ORD_501;PROD_44;4;3
ORD_501;PROD_36;4;3
ORD_501;PROD_1;9;4
ORD_501;PROD_1;1;3
ORD_501;PROD_24;9;2
ORD_501;PROD_31;5;2
ORD_501;PROD_34;4;5
ORD_501;PROD_34;2;4
ORD_501;PROD_13;2;2
ORD_502;PROD_11;6;5
ORD_502;PROD_43;4;4
ORD_502;PROD_19;9;2
ORD_502;PROD_28;9;1
ORD_502;PROD_21;8;5
ORD_502;PROD_21;5;1
ORD_503;PROD_33;9;2
ORD_503;PROD_38;3;4
ORD_503;PROD_49;2;1
ORD_503;PROD_19;1;1
ORD_503;PROD_15;8;3
ORD_503;PROD_12;9;4
ORD_503;PROD_50;3;2
ORD_503;PROD_7;8;3
ORD_503;PROD_11;9;5
ORD_503;PROD_12;7;4
ORD_503;PROD_50;2;1
ORD_503;PROD_7;8;4
ORD_504;PROD_8;5;4
ORD_504;PROD_6;8;2
ORD_504;PROD_8;2;2
ORD_504;PROD_6;7;5
ORD_504;PROD_32;9;5
ORD_504;PROD_30;3;3
ORD_504;PROD_6;3;1
ORD_504;PROD_10;6;1
ORD_504;PROD_31;7;2
ORD_505;PROD_15;8;1
ORD_505;PROD_50;9;1
ORD_505;PROD_3;9;3
ORD_505;PROD_23;8;5
ORD_505;PROD_44;2;3
ORD_506;PROD_18;8;2
ORD_506;PROD_32;7;5
ORD_506;PROD_21;7;2
ORD_506;PROD_5;1;1
ORD_506;PROD_19;5;5
ORD_506;PROD_21;4;3
ORD_506;PROD_7;1;5
ORD_506;PROD_24;5;3
ORD_506;PROD_22;7;1
ORD_506;PROD_36;7;4
ORD_506;PROD_44;1;3
ORD_506;PROD_23;7;3
ORD_506;PROD_34;3;1
ORD_507;PROD_3;4;5
ORD_507;PROD_21;3;5
ORD_507;PROD_12;8;1
ORD_507;PROD_16;4;3
ORD_507;PROD_31;7;5
ORD_507;PROD_11;4;5
ORD_507;PROD_43;7;1
ORD_507;PROD_49;3;1
ORD_507;PROD_42;4;3
ORD_507;PROD_22;9;3
ORD_507;PROD_25;1;2
ORD_507;PROD_19;7;3
ORD_507;PROD_1;6;4
ORD_507;PROD_34;6;1
ORD_507;PROD_47;5;4
ORD_508;PROD_25;6;4
ORD_508;PROD_39;7;3
ORD_508;PROD_24;1;4
ORD_508;PROD_11;7;2
ORD_508;PROD_17;5;3
ORD_508;PROD_18;9;5
ORD_508;PROD_14;3;1
ORD_508;PROD_39;4;2
ORD_508;PROD_2;8;2
ORD_509;PROD_15;1;5
ORD_509;PROD_22;8;2
ORD_509;PROD_12;6;4
ORD_509;PROD_20;5;5
ORD_509;PROD_8;4;3
ORD_509;PROD_42;6;4
ORD_509;PROD_39;9;2
ORD_509;PROD_46;2;4
ORD_509;PROD_4;2;3
ORD_509;PROD_5;8;5
ORD_509;PROD_48;6;2
ORD_509;PROD_11;5;2
ORD_509;PROD_44;7;2
ORD_509;PROD_22;1;3
ORD_509;PROD_15;1;1
ORD_510;PROD_12;8;2
ORD_510;PROD_50;7;5
ORD_510;PROD_7;4;2
ORD_510;PROD_11;2;4
ORD_510;PROD_42;1;4
ORD_510;PROD_12;4;4
ORD_510;PROD_27;9;4
ORD_510;PROD_40;2;2
ORD_510;PROD_13;3;3
ORD_510;PROD_6;1;1
ORD_510;PROD_45;5;1
ORD_510;PROD_8;4;2
ORD_510;PROD_37;7;4
ORD_510;PROD_19;4;3
ORD_510;PROD_1;6;2
ORD_511;PROD_3;4;3
ORD_511;PROD_21;5;3
ORD_511;PROD_12;5;4
ORD_511;PROD_16;9;4
ORD_511;PROD_31;7;1
ORD_511;PROD_36;6;1
ORD_511;PROD_33;5;4
ORD_511;PROD_11;4;2
ORD_511;PROD_43;6;2
ORD_511;PROD_5;9;1
ORD_511;PROD_35;6;4
ORD_512;PROD_3;6;5
ORD_512;PROD_21;2;4
ORD_512;PROD_12;1;3
ORD_512;PROD_16;4;2
ORD_512;PROD_31;6;5
ORD_512;PROD_11;7;4
ORD_512;PROD_43;3;4
ORD_512;PROD_20;8;1
ORD_512;PROD_3;3;5
ORD_513;PROD_22;3;2
ORD_513;PROD_36;1;5
ORD_513;PROD_5;9;3
ORD_513;PROD_27;7;1
ORD_513;PROD_28;6;4
ORD_513;PROD_49;5;2
ORD_513;PROD_15;5;1
ORD_513;PROD_39;2;2
ORD_513;PROD_6;2;1
ORD_513;PROD_48;7;4
ORD_514;PROD_36;2;4
ORD_514;PROD_33;5;5
ORD_514;PROD_15;3;4
ORD_514;PROD_44;8;2
ORD_514;PROD_36;5;2
ORD_514;PROD_1;9;3
ORD_514;PROD_23;6;3
ORD_514;PROD_12;4;3
ORD_514;PROD_2;4;3
ORD_514;PROD_50;4;2
ORD_514;PROD_5;4;5
ORD_514;PROD_7;2;2
ORD_514;PROD_11;4;4
ORD_515;PROD_15;2;1
ORD_515;PROD_22;1;4
ORD_515;PROD_27;2;4
ORD_515;PROD_12;5;2
ORD_515;PROD_6;4;4
ORD_516;PROD_36;1;3
ORD_516;PROD_33;3;1
ORD_516;PROD_19;7;2
ORD_516;PROD_6;9;2
ORD_516;PROD_12;4;3
ORD_516;PROD_30;9;4
ORD_516;PROD_19;9;1
ORD_516;PROD_40;8;3
ORD_516;PROD_19;3;3
ORD_516;PROD_27;3;4
ORD_516;PROD_29;5;3
ORD_516;PROD_15;8;5
ORD_517;PROD_36;5;5
ORD_517;PROD_33;9;5
ORD_517;PROD_36;3;3
ORD_517;PROD_33;2;5
ORD_517;PROD_3;4;2
ORD_517;PROD_21;8;5
ORD_517;PROD_12;9;2
ORD_517;PROD_16;1;3
ORD_518;PROD_8;5;2
ORD_518;PROD_19;7;4
ORD_518;PROD_46;6;1
ORD_518;PROD_23;2;5
ORD_518;PROD_50;1;2
ORD_519;PROD_36;7;1
ORD_519;PROD_21;2;4
ORD_519;PROD_12;2;5
ORD_519;PROD_49;2;4
ORD_519;PROD_42;2;2
ORD_519;PROD_11;1;3
ORD_519;PROD_20;8;1
ORD_519;PROD_45;9;5
ORD_519;PROD_30;6;3
ORD_520;PROD_20;2;3
ORD_520;PROD_22;9;2
ORD_520;PROD_12;2;3
ORD_520;PROD_10;5;3
ORD_520;PROD_2;2;5
ORD_520;PROD_19;9;2
ORD_520;PROD_15;5;2
ORD_520;PROD_13;3;2
ORD_520;PROD_21;4;2
ORD_520;PROD_4;3;1
ORD_520;PROD_47;2;2
ORD_520;PROD_40;1;4
ORD_520;PROD_50;1;3
ORD_520;PROD_5;5;4
ORD_520;PROD_14;1;1
ORD_521;PROD_6;1;5
ORD_521;PROD_6;8;3
ORD_521;PROD_30;4;3
ORD_521;PROD_26;1;2
ORD_521;PROD_30;3;2
ORD_521;PROD_43;4;3
ORD_521;PROD_28;2;3
ORD_521;PROD_4;7;5
ORD_521;PROD_48;7;2
ORD_521;PROD_6;3;3
ORD_521;PROD_7;9;2
ORD_521;PROD_7;8;4
ORD_521;PROD_29;1;4
ORD_522;PROD_2;1;2
ORD_522;PROD_18;4;5
ORD_522;PROD_30;2;4
ORD_522;PROD_50;1;4
ORD_522;PROD_5;8;2
ORD_522;PROD_46;3;4
ORD_522;PROD_42;3;5
ORD_522;PROD_44;7;4
ORD_522;PROD_25;4;2
ORD_522;PROD_36;8;4
ORD_522;PROD_30;3;5
ORD_522;PROD_13;3;1
ORD_522;PROD_29;3;4
ORD_522;PROD_3;3;2
ORD_522;PROD_48;7;4
ORD_523;PROD_11;6;3
ORD_523;PROD_43;9;2
ORD_523;PROD_36;2;5
ORD_523;PROD_33;7;5
ORD_523;PROD_34;4;2
ORD_524;PROD_15;3;1
ORD_524;PROD_22;9;1
ORD_524;PROD_31;1;5
ORD_524;PROD_20;5;1
ORD_524;PROD_10;7;5
ORD_524;PROD_36;5;2
ORD_524;PROD_27;3;2
ORD_524;PROD_17;9;5
ORD_524;PROD_46;5;1
ORD_524;PROD_7;6;5
ORD_524;PROD_28;4;3
ORD_524;PROD_23;7;2
ORD_524;PROD_42;8;1
ORD_524;PROD_5;8;3
ORD_524;PROD_1;5;2
ORD_525;PROD_36;3;5
ORD_525;PROD_33;3;1
ORD_525;PROD_10;8;1
ORD_525;PROD_29;1;1
ORD_525;PROD_12;8;4
ORD_525;PROD_44;2;2
ORD_525;PROD_35;7;4
ORD_525;PROD_38;6;5
ORD_525;PROD_40;6;3
ORD_525;PROD_1;6;4
ORD_525;PROD_20;2;5
ORD_525;PROD_30;1;3
ORD_525;PROD_41;4;4
ORD_525;PROD_42;5;4
ORD_526;PROD_45;1;1
ORD_526;PROD_45;1;2
ORD_526;PROD_7;1;2
ORD_526;PROD_1;8;1
ORD_526;PROD_26;1;5
ORD_526;PROD_44;7;4
ORD_526;PROD_42;8;2
ORD_526;PROD_33;9;3
ORD_526;PROD_7;2;3
ORD_526;PROD_17;8;5
ORD_526;PROD_34;6;5
ORD_526;PROD_1;4;1
ORD_526;PROD_14;1;4
ORD_527;PROD_11;3;5
ORD_527;PROD_8;6;4
ORD_527;PROD_6;8;4
ORD_527;PROD_11;4;4
ORD_527;PROD_5;6;2
ORD_527;PROD_17;1;3
ORD_527;PROD_1;6;4
ORD_527;PROD_31;6;3
ORD_527;PROD_42;2;2
ORD_527;PROD_30;1;4
ORD_527;PROD_45;9;5
ORD_528;PROD_16;4;2
ORD_528;PROD_17;1;2
ORD_528;PROD_28;5;5
ORD_528;PROD_41;8;1
ORD_528;PROD_11;4;3
ORD_529;PROD_2;1;5
ORD_529;PROD_49;7;4
ORD_529;PROD_39;3;3
ORD_529;PROD_28;7;3
ORD_529;PROD_9;2;4
ORD_529;PROD_8;6;2
ORD_529;PROD_1;8;3
ORD_529;PROD_20;9;1
ORD_529;PROD_38;8;3
ORD_529;PROD_42;7;5
ORD_530;PROD_36;8;5
ORD_530;PROD_33;5;2
ORD_530;PROD_23;1;4
ORD_530;PROD_20;5;3
ORD_530;PROD_47;3;1
ORD_530;PROD_32;4;1
ORD_530;PROD_37;1;5
ORD_530;PROD_47;7;1
ORD_531;PROD_35;4;4
ORD_531;PROD_24;4;5
ORD_531;PROD_5;1;5
ORD_531;PROD_39;2;1
ORD_531;PROD_41;7;2
ORD_531;PROD_47;8;5
ORD_531;PROD_10;4;4
ORD_531;PROD_4;2;2
ORD_531;PROD_12;7;5
ORD_532;PROD_11;2;3
ORD_532;PROD_43;2;2
ORD_532;PROD_3;4;2
ORD_532;PROD_21;3;4
ORD_532;PROD_12;7;5
ORD_532;PROD_16;8;2
ORD_532;PROD_31;5;2
ORD_532;PROD_3;3;4
ORD_533;PROD_36;4;4
ORD_533;PROD_33;6;4
ORD_533;PROD_15;6;4
ORD_533;PROD_22;7;1
ORD_533;PROD_11;1;5
ORD_534;PROD_15;7;4
ORD_534;PROD_44;6;4
ORD_534;PROD_36;1;3
ORD_534;PROD_1;1;3
ORD_534;PROD_33;6;1
ORD_535;PROD_11;2;1
ORD_535;PROD_43;8;1
ORD_535;PROD_33;1;5
ORD_535;PROD_38;9;4
ORD_535;PROD_49;7;4
ORD_535;PROD_19;4;5
ORD_535;PROD_15;3;3
ORD_535;PROD_15;2;1
ORD_536;PROD_3;5;3
ORD_536;PROD_21;6;1
ORD_536;PROD_12;6;2
ORD_536;PROD_16;2;1
ORD_536;PROD_31;2;4
ORD_536;PROD_15;8;3
ORD_536;PROD_44;9;5
ORD_536;PROD_36;4;1
ORD_536;PROD_1;8;5
ORD_537;PROD_5;7;5
ORD_537;PROD_18;5;5
ORD_537;PROD_45;3;1
ORD_537;PROD_2;5;3
ORD_537;PROD_48;1;1
ORD_537;PROD_37;9;4
ORD_538;PROD_3;8;2
ORD_538;PROD_21;5;5
ORD_538;PROD_12;1;3
ORD_538;PROD_16;1;3
ORD_538;PROD_31;9;4
ORD_538;PROD_49;8;2
ORD_538;PROD_24;7;2
ORD_538;PROD_13;6;3
ORD_538;PROD_7;7;5
ORD_538;PROD_44;8;5
ORD_538;PROD_35;6;3
ORD_538;PROD_39;4;2
ORD_539;PROD_24;3;3
ORD_539;PROD_41;1;1
ORD_539;PROD_16;6;4
ORD_539;PROD_6;9;5
ORD_539;PROD_34;6;4
ORD_539;PROD_50;5;4
ORD_539;PROD_14;2;1
ORD_539;PROD_35;4;4
ORD_539;PROD_44;9;2
ORD_540;PROD_15;9;2
ORD_540;PROD_22;7;5
ORD_540;PROD_33;9;2
ORD_540;PROD_38;4;5
ORD_540;PROD_49;8;4
ORD_540;PROD_19;9;2
ORD_540;PROD_15;4;3
ORD_541;PROD_3;7;1
ORD_541;PROD_21;6;5
ORD_541;PROD_12;2;4
ORD_541;PROD_16;1;2
ORD_541;PROD_31;8;3
ORD_541;PROD_32;4;3
ORD_541;PROD_37;5;1
ORD_541;PROD_47;5;3
ORD_541;PROD_33;7;5
ORD_541;PROD_12;7;3
ORD_541;PROD_35;5;3
ORD_541;PROD_3;2;4
ORD_541;PROD_8;2;1
ORD_542;PROD_11;1;5
ORD_542;PROD_43;9;3
ORD_542;PROD_40;6;4
ORD_542;PROD_10;4;1
ORD_542;PROD_50;5;4
ORD_542;PROD_26;4;4
ORD_542;PROD_23;9;1
ORD_542;PROD_5;6;1
ORD_542;PROD_23;3;3
ORD_542;PROD_7;2;4
ORD_542;PROD_45;3;1
ORD_542;PROD_15;4;2
ORD_542;PROD_37;8;3
ORD_543;PROD_11;7;1
ORD_543;PROD_43;7;5
ORD_543;PROD_11;2;5
ORD_543;PROD_43;2;3
ORD_543;PROD_11;2;5
ORD_543;PROD_43;6;3
ORD_543;PROD_49;6;2
ORD_544;PROD_12;3;1
ORD_544;PROD_50;9;3
ORD_544;PROD_7;5;4
ORD_544;PROD_11;1;2
ORD_544;PROD_26;9;1
ORD_544;PROD_16;6;4
ORD_544;PROD_9;1;3
ORD_544;PROD_3;1;3
ORD_544;PROD_38;2;4
ORD_544;PROD_41;4;5
ORD_544;PROD_47;3;2
ORD_544;PROD_16;5;2
ORD_544;PROD_21;9;3
ORD_545;PROD_3;2;1
ORD_545;PROD_21;4;1
ORD_545;PROD_12;2;5
ORD_545;PROD_16;4;3
ORD_545;PROD_31;3;4
ORD_545;PROD_36;9;3
ORD_546;PROD_12;6;2
ORD_546;PROD_50;1;4
ORD_546;PROD_7;8;3
ORD_546;PROD_11;1;2
ORD_546;PROD_33;8;3
ORD_546;PROD_38;7;4
ORD_546;PROD_49;1;3
ORD_546;PROD_19;9;4
ORD_546;PROD_15;9;1
ORD_546;PROD_24;7;1
ORD_546;PROD_9;3;3
ORD_546;PROD_33;1;1
ORD_546;PROD_23;1;5
ORD_547;PROD_15;9;5
ORD_547;PROD_44;9;1
ORD_547;PROD_36;3;4
ORD_547;PROD_1;3;2
ORD_547;PROD_12;6;5
ORD_547;PROD_50;4;3
ORD_547;PROD_7;5;2
ORD_547;PROD_11;2;2
ORD_548;PROD_46;7;5
ORD_548;PROD_48;2;5
ORD_548;PROD_31;6;1
ORD_548;PROD_37;2;4
ORD_548;PROD_20;9;2
ORD_548;PROD_48;5;2
ORD_548;PROD_22;7;1
ORD_548;PROD_6;9;5
ORD_548;PROD_37;8;2
ORD_549;PROD_15;6;5
ORD_549;PROD_44;8;3
ORD_549;PROD_36;6;5
ORD_549;PROD_1;4;5
ORD_549;PROD_3;2;2
ORD_550;PROD_19;7;2
ORD_550;PROD_50;2;3
ORD_550;PROD_6;3;3
ORD_550;PROD_26;9;2
ORD_550;PROD_41;3;3
ORD_550;PROD_47;6;4
ORD_550;PROD_44;4;4
ORD_550;PROD_5;8;3
ORD_550;PROD_5;8;2
ORD_550;PROD_36;4;1
ORD_550;PROD_10;4;1
ORD_550;PROD_6;2;5
ORD_550;PROD_49;6;5
ORD_550;PROD_7;5;2
ORD_551;PROD_15;7;1
ORD_551;PROD_44;6;3
ORD_551;PROD_36;8;5
ORD_551;PROD_1;1;3
ORD_551;PROD_41;4;2
ORD_551;PROD_1;2;4
ORD_551;PROD_42;8;5
ORD_551;PROD_31;3;1
ORD_551;PROD_1;1;1
ORD_551;PROD_11;5;5
ORD_551;PROD_33;2;2
ORD_551;PROD_15;8;3
ORD_552;PROD_12;5;4
ORD_552;PROD_29;8;2
ORD_552;PROD_28;2;4
ORD_552;PROD_47;5;5
ORD_552;PROD_34;2;2
ORD_552;PROD_8;3;2
ORD_552;PROD_31;9;5
ORD_553;PROD_11;5;2
ORD_553;PROD_43;8;1
ORD_553;PROD_15;9;3
ORD_553;PROD_44;5;3
ORD_553;PROD_36;4;4
ORD_553;PROD_1;1;1
ORD_553;PROD_2;6;5
ORD_553;PROD_22;2;2
ORD_553;PROD_14;5;2
ORD_553;PROD_23;5;4
ORD_553;PROD_3;5;5
ORD_554;PROD_12;7;2
ORD_554;PROD_22;4;4
ORD_554;PROD_14;7;3
ORD_554;PROD_1;1;4
ORD_554;PROD_38;4;3
ORD_554;PROD_27;5;2
ORD_554;PROD_6;8;3
ORD_555;PROD_15;5;4
ORD_555;PROD_44;8;3
ORD_555;PROD_36;3;1
ORD_555;PROD_1;7;1
ORD_555;PROD_11;5;4
ORD_555;PROD_43;4;4
ORD_555;PROD_15;5;5
ORD_555;PROD_22;4;2
ORD_555;PROD_42;5;1
ORD_555;PROD_41;7;4
ORD_555;PROD_25;4;5
ORD_555;PROD_38;8;3
ORD_555;PROD_14;7;5
ORD_556;PROD_30;5;4
ORD_556;PROD_12;3;3
ORD_556;PROD_40;2;3
ORD_556;PROD_22;4;4
ORD_556;PROD_32;3;1
ORD_556;PROD_49;3;4
ORD_556;PROD_18;2;1
ORD_556;PROD_29;2;5
ORD_556;PROD_17;3;2
ORD_556;PROD_11;2;4
ORD_556;PROD_33;6;3
ORD_557;PROD_12;2;4
ORD_557;PROD_50;8;4
ORD_557;PROD_7;7;3
ORD_557;PROD_11;9;3
ORD_557;PROD_15;6;2
ORD_557;PROD_44;5;4
ORD_558;PROD_11;2;5
ORD_558;PROD_43;6;4
ORD_558;PROD_3;3;5
ORD_558;PROD_21;2;2
ORD_558;PROD_12;7;5
ORD_558;PROD_16;7;3
ORD_558;PROD_31;5;4
ORD_558;PROD_36;3;5
ORD_558;PROD_33;1;3
ORD_558;PROD_46;1;4
ORD_558;PROD_9;5;4
ORD_558;PROD_23;1;1
ORD_558;PROD_1;5;2
ORD_558;PROD_37;9;5
ORD_559;PROD_36;2;1
ORD_559;PROD_33;4;5
ORD_559;PROD_8;7;4
ORD_559;PROD_43;2;4
ORD_559;PROD_17;1;3
ORD_559;PROD_27;2;1
ORD_559;PROD_16;3;3
ORD_559;PROD_21;7;4
ORD_559;PROD_15;3;2
ORD_559;PROD_26;8;3
ORD_559;PROD_16;8;2
ORD_559;PROD_27;2;2
ORD_559;PROD_24;4;3
ORD_559;PROD_48;8;4
ORD_560;PROD_11;3;1
ORD_560;PROD_43;9;3
ORD_560;PROD_11;5;1
ORD_560;PROD_43;3;3
ORD_560;PROD_33;7;3
ORD_560;PROD_38;9;5
ORD_560;PROD_49;5;4
ORD_560;PROD_19;5;3
ORD_560;PROD_15;3;5
ORD_560;PROD_14;2;4
ORD_561;PROD_3;5;3
ORD_561;PROD_21;2;3
ORD_561;PROD_12;5;3
ORD_561;PROD_16;6;4
ORD_561;PROD_31;8;2
ORD_561;PROD_33;9;5
ORD_561;PROD_38;5;2
ORD_561;PROD_49;4;3
ORD_561;PROD_19;2;2
ORD_561;PROD_15;6;2
ORD_561;PROD_33;7;3
ORD_561;PROD_38;6;5
ORD_561;PROD_49;2;4
ORD_561;PROD_19;2;5
ORD_562;PROD_36;8;1
ORD_562;PROD_33;7;3
ORD_562;PROD_2;5;5
ORD_562;PROD_26;4;1
ORD_562;PROD_38;2;3
ORD_562;PROD_9;4;2
ORD_562;PROD_43;5;2
ORD_562;PROD_13;5;2
ORD_562;PROD_8;6;2
ORD_562;PROD_47;7;2
ORD_562;PROD_31;2;2
ORD_562;PROD_34;9;5
ORD_563;PROD_33;3;4
ORD_563;PROD_38;6;1
ORD_563;PROD_49;5;2
ORD_563;PROD_19;5;2
ORD_563;PROD_15;1;4
ORD_563;PROD_3;4;3
ORD_563;PROD_21;4;2
ORD_563;PROD_12;1;3
ORD_563;PROD_16;6;4
ORD_563;PROD_31;7;4
ORD_563;PROD_8;5;2
ORD_564;PROD_36;9;2
ORD_564;PROD_33;1;5
ORD_564;PROD_20;9;2
ORD_564;PROD_48;1;3
ORD_564;PROD_42;5;1
ORD_564;PROD_10;9;4
ORD_564;PROD_8;4;2
ORD_564;PROD_42;7;1
ORD_564;PROD_36;7;5
ORD_564;PROD_15;9;5
ORD_565;PROD_12;8;4
ORD_565;PROD_50;4;4
ORD_565;PROD_7;3;1
ORD_565;PROD_11;2;5
ORD_565;PROD_33;1;4
ORD_565;PROD_38;1;5
ORD_565;PROD_49;6;4
ORD_566;PROD_15;8;3
ORD_566;PROD_22;3;2
ORD_566;PROD_2;4;1
ORD_566;PROD_48;7;3
ORD_566;PROD_24;3;4
ORD_566;PROD_1;3;2
ORD_566;PROD_5;5;2
ORD_566;PROD_7;1;4
ORD_566;PROD_11;8;4
ORD_566;PROD_42;2;5
ORD_566;PROD_18;5;5
ORD_566;PROD_30;7;1
ORD_566;PROD_7;9;3
ORD_566;PROD_25;8;4
ORD_566;PROD_21;7;4
ORD_567;PROD_36;3;5
ORD_567;PROD_33;7;2
ORD_567;PROD_12;2;1
ORD_567;PROD_50;6;4
ORD_567;PROD_7;9;1
ORD_567;PROD_11;4;1
ORD_567;PROD_11;9;2
ORD_568;PROD_15;3;1
ORD_568;PROD_44;1;3
ORD_568;PROD_36;4;3
ORD_568;PROD_1;2;2
ORD_568;PROD_36;3;3
ORD_568;PROD_33;3;1
ORD_568;PROD_50;1;3
ORD_568;PROD_48;7;2
ORD_568;PROD_7;4;5
ORD_568;PROD_49;5;2
ORD_568;PROD_29;1;5
ORD_568;PROD_11;2;3
ORD_569;PROD_12;7;5
ORD_569;PROD_50;5;2
ORD_569;PROD_7;2;3
ORD_569;PROD_11;9;1
ORD_569;PROD_15;8;3
ORD_569;PROD_44;6;5
ORD_569;PROD_36;9;1
ORD_569;PROD_1;4;1
ORD_569;PROD_3;9;3
ORD_569;PROD_21;4;4
ORD_569;PROD_12;3;1
ORD_569;PROD_16;2;5
ORD_569;PROD_31;5;2
ORD_570;PROD_3;6;4
ORD_570;PROD_21;7;5
ORD_570;PROD_12;5;5
ORD_570;PROD_16;9;2
ORD_570;PROD_31;4;5
ORD_570;PROD_46;6;5
ORD_570;PROD_44;5;2
ORD_570;PROD_2;7;1
ORD_570;PROD_37;2;2
ORD_570;PROD_47;4;5
ORD_570;PROD_7;3;1
ORD_570;PROD_28;6;5
ORD_571;PROD_34;6;4
ORD_571;PROD_5;7;3
ORD_571;PROD_1;8;3
ORD_571;PROD_16;4;2
ORD_571;PROD_50;3;4
ORD_571;PROD_43;1;4
ORD_571;PROD_14;6;3
ORD_572;PROD_36;9;3
ORD_572;PROD_33;8;3
ORD_572;PROD_49;1;2
ORD_572;PROD_30;3;1
ORD_572;PROD_41;1;3
ORD_572;PROD_27;5;3
ORD_572;PROD_26;4;1
ORD_573;PROD_40;5;3
ORD_573;PROD_25;8;1
ORD_573;PROD_36;8;5
ORD_573;PROD_21;4;5
ORD_573;PROD_2;4;5
ORD_573;PROD_35;7;5
ORD_573;PROD_26;2;1
ORD_573;PROD_30;8;2
ORD_573;PROD_4;5;1
ORD_573;PROD_4;3;4
ORD_573;PROD_20;6;2
ORD_573;PROD_15;1;3
ORD_574;PROD_1;1;1
ORD_574;PROD_12;8;2
ORD_574;PROD_19;3;5
ORD_574;PROD_45;6;2
ORD_574;PROD_47;9;1
ORD_574;PROD_37;8;2
ORD_574;PROD_9;1;5
ORD_574;PROD_2;2;3
ORD_574;PROD_37;1;2
ORD_575;PROD_2;3;3
ORD_575;PROD_18;2;1
ORD_575;PROD_39;6;1
ORD_575;PROD_34;7;5
ORD_575;PROD_3;9;4
ORD_576;PROD_31;3;3
ORD_576;PROD_2;6;4
ORD_576;PROD_19;3;5
ORD_576;PROD_33;8;1
ORD_576;PROD_19;9;3
ORD_576;PROD_13;7;2
ORD_576;PROD_7;9;1
ORD_576;PROD_16;1;4
ORD_576;PROD_22;2;2
ORD_577;PROD_50;2;5
ORD_577;PROD_14;9;1
ORD_577;PROD_44;6;1
ORD_577;PROD_12;3;5
ORD_577;PROD_32;5;3
ORD_577;PROD_10;8;2
ORD_577;PROD_15;7;5
ORD_577;PROD_16;5;5
ORD_577;PROD_20;9;3
ORD_577;PROD_45;7;3
ORD_577;PROD_36;4;1
ORD_577;PROD_30;3;1
ORD_577;PROD_49;4;4
ORD_577;PROD_34;9;3
ORD_577;PROD_29;1;4
ORD_578;PROD_26;6;4
ORD_578;PROD_18;8;2
ORD_578;PROD_24;8;2
ORD_578;PROD_27;4;3
ORD_578;PROD_13;7;1
ORD_578;PROD_36;7;4
ORD_578;PROD_3;1;4
ORD_578;PROD_19;2;3
ORD_579;PROD_38;6;5
ORD_579;PROD_31;2;5
ORD_579;PROD_35;4;3
ORD_579;PROD_18;6;5
ORD_579;PROD_36;9;5
ORD_579;PROD_13;8;4
ORD_579;PROD_14;9;1
ORD_579;PROD_4;7;4
ORD_579;PROD_48;5;1
ORD_579;PROD_6;7;2
ORD_579;PROD_31;9;3
ORD_579;PROD_28;4;2
ORD_579;PROD_17;4;4
ORD_580;PROD_1;1;2
ORD_580;PROD_10;8;2
ORD_580;PROD_17;3;1
ORD_580;PROD_13;7;1
ORD_580;PROD_44;7;5
ORD_580;PROD_20;2;4
ORD_580;PROD_11;7;4
ORD_580;PROD_33;5;4
ORD_580;PROD_20;8;5
ORD_580;PROD_21;7;1
ORD_581;PROD_15;9;4
ORD_581;PROD_22;8;4
ORD_581;PROD_33;9;2
ORD_581;PROD_38;6;2
ORD_581;PROD_49;5;1
ORD_581;PROD_19;2;4
ORD_581;PROD_15;6;2
ORD_581;PROD_36;8;4
ORD_581;PROD_33;1;5
ORD_581;PROD_33;8;5
ORD_581;PROD_29;4;5
ORD_582;PROD_11;2;1
ORD_582;PROD_43;7;1
ORD_582;PROD_15;1;2
ORD_582;PROD_44;4;2
ORD_582;PROD_36;1;5
ORD_582;PROD_1;9;5
ORD_582;PROD_11;4;2
ORD_582;PROD_28;7;1
ORD_582;PROD_33;8;1
ORD_582;PROD_40;3;3
ORD_582;PROD_33;2;5
ORD_582;PROD_42;1;4
ORD_582;PROD_8;5;3
ORD_582;PROD_37;1;2
ORD_583;PROD_15;4;4
ORD_583;PROD_44;2;4
ORD_583;PROD_36;9;5
ORD_583;PROD_1;2;3
ORD_583;PROD_11;8;5
ORD_583;PROD_43;4;3
ORD_583;PROD_49;3;3
ORD_583;PROD_6;3;3
ORD_583;PROD_43;8;1
ORD_584;PROD_48;9;4
ORD_584;PROD_21;2;1
ORD_584;PROD_27;2;1
ORD_584;PROD_6;8;5
ORD_584;PROD_47;5;2
ORD_584;PROD_24;2;2
ORD_584;PROD_46;1;5
ORD_584;PROD_24;4;3
ORD_585;PROD_12;2;3
ORD_585;PROD_50;5;1
ORD_585;PROD_7;4;4
ORD_585;PROD_11;3;4
ORD_585;PROD_3;4;1
ORD_585;PROD_21;8;3
ORD_585;PROD_12;6;5
ORD_586;PROD_26;9;3
ORD_586;PROD_45;3;4
ORD_586;PROD_46;7;3
ORD_586;PROD_1;9;1
ORD_586;PROD_49;1;2
ORD_586;PROD_32;2;4
ORD_586;PROD_28;9;5
ORD_586;PROD_49;7;1
ORD_586;PROD_41;1;3
ORD_587;PROD_11;7;4
ORD_587;PROD_43;4;1
ORD_587;PROD_15;7;4
ORD_587;PROD_22;2;5
ORD_587;PROD_30;5;3
ORD_587;PROD_38;9;2
ORD_587;PROD_5;8;1
ORD_587;PROD_5;7;3
ORD_587;PROD_15;9;2
ORD_587;PROD_35;7;5
ORD_587;PROD_7;4;3
ORD_587;PROD_40;1;5
ORD_587;PROD_13;4;5
ORD_587;PROD_2;3;4
ORD_588;PROD_36;9;2
ORD_588;PROD_33;6;4
ORD_588;PROD_33;5;2
ORD_588;PROD_38;8;5
ORD_588;PROD_49;9;1
ORD_588;PROD_19;3;2
ORD_588;PROD_15;1;4
ORD_588;PROD_33;5;4
ORD_588;PROD_38;5;1
ORD_588;PROD_49;4;3
ORD_588;PROD_19;4;2
ORD_588;PROD_15;9;1
ORD_589;PROD_8;4;3
ORD_589;PROD_26;2;5
ORD_589;PROD_49;3;2
ORD_589;PROD_28;7;3
ORD_589;PROD_17;2;3
ORD_590;PROD_3;3;3
ORD_590;PROD_21;1;5
ORD_590;PROD_12;7;5
ORD_590;PROD_16;3;5
ORD_590;PROD_31;7;3
ORD_591;PROD_15;2;4
ORD_591;PROD_22;7;3
ORD_591;PROD_11;4;5
ORD_591;PROD_43;1;2
ORD_591;PROD_24;4;4
ORD_591;PROD_25;9;4
ORD_591;PROD_21;8;5
ORD_591;PROD_8;4;2
ORD_591;PROD_27;7;2
ORD_591;PROD_47;9;4
ORD_592;PROD_21;2;5
ORD_592;PROD_45;6;3
ORD_592;PROD_18;6;4
ORD_592;PROD_18;9;5
ORD_592;PROD_28;3;2
ORD_592;PROD_3;4;5
ORD_592;PROD_6;1;3
ORD_593;PROD_15;2;1
ORD_593;PROD_49;1;4
ORD_593;PROD_47;4;1
ORD_593;PROD_7;1;4
ORD_593;PROD_10;8;5
ORD_593;PROD_50;8;4
ORD_593;PROD_42;1;2
ORD_593;PROD_12;5;4
ORD_593;PROD_17;7;5
ORD_594;PROD_34;7;2
ORD_594;PROD_46;2;5
ORD_594;PROD_47;4;2
ORD_594;PROD_26;2;1
ORD_594;PROD_13;3;1
ORD_594;PROD_35;2;2
ORD_594;PROD_39;3;2
ORD_594;PROD_46;2;3
ORD_595;PROD_6;4;5
ORD_595;PROD_35;1;2
ORD_595;PROD_24;8;1
ORD_595;PROD_27;5;5
ORD_595;PROD_21;2;3
ORD_595;PROD_10;4;4
ORD_595;PROD_10;3;4
ORD_595;PROD_17;1;5
ORD_595;PROD_21;9;3
ORD_595;PROD_41;9;3
ORD_595;PROD_5;2;4
ORD_596;PROD_19;8;2
ORD_596;PROD_29;5;5
ORD_596;PROD_44;8;3
ORD_596;PROD_11;7;3
ORD_596;PROD_43;9;3
ORD_596;PROD_4;3;4
ORD_596;PROD_12;4;3
ORD_596;PROD_30;6;5
ORD_596;PROD_13;9;3
ORD_596;PROD_50;4;3
ORD_596;PROD_47;6;5
ORD_596;PROD_4;6;5
ORD_597;PROD_33;8;1
ORD_597;PROD_38;6;4
ORD_597;PROD_49;5;1
ORD_597;PROD_19;7;4
ORD_597;PROD_15;1;2
ORD_597;PROD_3;4;1
ORD_597;PROD_21;7;4
ORD_597;PROD_12;3;1
ORD_597;PROD_16;1;5
ORD_597;PROD_31;2;5
ORD_597;PROD_11;1;4
ORD_597;PROD_43;2;3
ORD_597;PROD_47;9;1
ORD_597;PROD_49;7;1
ORD_597;PROD_49;2;3
ORD_598;PROD_33;1;4
ORD_598;PROD_38;6;2
ORD_598;PROD_49;9;5
ORD_598;PROD_19;3;1
ORD_598;PROD_15;3;5
ORD_598;PROD_11;3;1
ORD_598;PROD_43;2;4
ORD_599;PROD_3;4;4
ORD_599;PROD_21;1;2
ORD_599;PROD_12;4;4
ORD_599;PROD_16;2;2
ORD_599;PROD_31;8;3
ORD_599;PROD_33;2;3
ORD_600;PROD_11;3;5
ORD_600;PROD_1;5;2
ORD_600;PROD_35;6;5
ORD_600;PROD_45;7;3
ORD_600;PROD_22;1;3
ORD_600;PROD_32;8;3
ORD_600;PROD_12;4;5
ORD_600;PROD_9;9;3
ORD_600;PROD_30;4;1
ORD_600;PROD_21;5;3
ORD_600;PROD_38;1;5
ORD_600;PROD_47;4;1
ORD_601;PROD_22;7;5
ORD_601;PROD_19;7;1
ORD_601;PROD_41;3;2
ORD_601;PROD_34;5;4
ORD_601;PROD_18;1;4
ORD_602;PROD_12;1;4
ORD_602;PROD_50;8;5
ORD_602;PROD_7;2;3
ORD_602;PROD_11;3;4
ORD_602;PROD_12;1;4
ORD_602;PROD_50;7;5
ORD_602;PROD_7;9;3
ORD_602;PROD_11;8;1
ORD_603;PROD_28;6;5
ORD_603;PROD_40;8;5
ORD_603;PROD_22;5;3
ORD_603;PROD_41;8;4
ORD_603;PROD_32;4;1
ORD_603;PROD_19;4;5
ORD_603;PROD_32;4;2
ORD_604;PROD_3;4;3
ORD_604;PROD_21;5;3
ORD_604;PROD_12;3;2
ORD_604;PROD_16;2;3
ORD_604;PROD_31;5;3
ORD_604;PROD_14;1;5
ORD_604;PROD_29;4;4
ORD_604;PROD_25;7;5
ORD_604;PROD_18;3;5
ORD_604;PROD_37;8;1
ORD_604;PROD_6;6;5
ORD_604;PROD_29;6;5
ORD_605;PROD_6;2;2
ORD_605;PROD_37;8;5
ORD_605;PROD_43;6;3
ORD_605;PROD_2;4;2
ORD_605;PROD_33;7;3
ORD_605;PROD_21;1;4
ORD_605;PROD_4;4;1
ORD_605;PROD_32;7;5
ORD_605;PROD_14;7;3
ORD_605;PROD_20;8;5
ORD_605;PROD_6;8;2
ORD_605;PROD_43;7;4
ORD_605;PROD_34;8;5
ORD_605;PROD_46;2;3
ORD_606;PROD_30;9;2
ORD_606;PROD_44;1;5
ORD_606;PROD_36;8;1
ORD_606;PROD_47;8;4
ORD_606;PROD_45;6;3
ORD_606;PROD_30;9;2
ORD_606;PROD_14;4;4
ORD_606;PROD_38;8;4
ORD_606;PROD_35;2;3
ORD_607;PROD_10;7;3
ORD_607;PROD_11;5;5
ORD_607;PROD_11;5;5
ORD_607;PROD_22;9;3
ORD_607;PROD_13;5;5
ORD_607;PROD_38;1;4
ORD_607;PROD_49;6;4
ORD_607;PROD_10;4;3
ORD_607;PROD_41;5;3
ORD_607;PROD_28;2;4
ORD_607;PROD_16;7;5
ORD_608;PROD_4;2;1
ORD_608;PROD_36;9;1
ORD_608;PROD_21;7;1
ORD_608;PROD_17;5;4
ORD_608;PROD_13;8;5
ORD_609;PROD_15;8;1
ORD_609;PROD_22;9;4
ORD_609;PROD_33;6;3
ORD_609;PROD_38;2;1
ORD_609;PROD_49;5;4
ORD_609;PROD_19;6;2
ORD_609;PROD_15;6;1
ORD_610;PROD_33;1;2
ORD_610;PROD_38;5;1
ORD_610;PROD_49;4;1
ORD_610;PROD_19;5;1
ORD_610;PROD_15;9;1
ORD_610;PROD_33;2;3
ORD_610;PROD_38;1;2
ORD_610;PROD_49;1;4
ORD_610;PROD_19;9;1
ORD_610;PROD_15;6;1
ORD_610;PROD_17;3;5
ORD_610;PROD_7;8;1
ORD_610;PROD_16;7;5
ORD_610;PROD_11;9;2
ORD_611;PROD_6;6;1
ORD_611;PROD_27;5;2
ORD_611;PROD_17;8;4
ORD_611;PROD_26;9;2
ORD_611;PROD_27;5;5
ORD_611;PROD_49;9;1
ORD_611;PROD_47;5;1
ORD_611;PROD_43;2;5
ORD_611;PROD_43;2;1
ORD_611;PROD_33;8;1
ORD_611;PROD_38;9;2
ORD_611;PROD_48;3;3
ORD_612;PROD_15;6;3
ORD_612;PROD_39;9;2
ORD_612;PROD_26;6;5
ORD_612;PROD_31;7;4
ORD_612;PROD_20;7;5
ORD_612;PROD_18;2;5
ORD_613;PROD_43;7;2
ORD_613;PROD_21;8;5
ORD_613;PROD_10;1;4
ORD_613;PROD_45;3;3
ORD_613;PROD_23;5;5
ORD_613;PROD_38;2;5
ORD_613;PROD_50;6;4
ORD_614;PROD_22;1;4
ORD_614;PROD_5;6;5
ORD_614;PROD_36;6;2
ORD_614;PROD_36;4;5
ORD_614;PROD_31;3;3
ORD_614;PROD_7;9;1
ORD_614;PROD_40;4;1
ORD_615;PROD_15;1;4
ORD_615;PROD_28;9;2
ORD_615;PROD_26;6;5
ORD_615;PROD_37;8;1
ORD_615;PROD_12;4;3
ORD_615;PROD_40;5;1
ORD_615;PROD_25;9;1
ORD_615;PROD_11;6;4
ORD_616;PROD_11;5;5
ORD_616;PROD_43;7;5
ORD_616;PROD_33;2;4
ORD_616;PROD_38;1;1
ORD_616;PROD_49;9;1
ORD_617;PROD_3;6;5
ORD_617;PROD_21;2;1
ORD_617;PROD_12;6;4
ORD_617;PROD_16;7;2
ORD_617;PROD_31;3;3
ORD_618;PROD_36;1;5
ORD_618;PROD_33;2;5
ORD_618;PROD_12;4;2
ORD_618;PROD_50;5;1
ORD_618;PROD_7;1;3
ORD_619;PROD_9;1;1
ORD_619;PROD_27;1;5
ORD_619;PROD_28;6;3
ORD_619;PROD_5;7;4
ORD_619;PROD_34;7;3
ORD_619;PROD_27;6;3
ORD_620;PROD_28;5;3
ORD_620;PROD_14;4;3
ORD_620;PROD_42;1;4
ORD_620;PROD_32;5;5
ORD_620;PROD_11;1;5
ORD_620;PROD_38;6;4
ORD_620;PROD_50;4;4
ORD_620;PROD_11;8;2
ORD_620;PROD_22;5;1
ORD_620;PROD_14;6;2
ORD_620;PROD_41;2;4
ORD_620;PROD_38;2;2
ORD_620;PROD_10;5;5
ORD_620;PROD_29;4;2
ORD_620;PROD_18;6;5
ORD_621;PROD_21;9;1
ORD_621;PROD_7;9;1
ORD_621;PROD_24;7;3
ORD_621;PROD_36;3;4
ORD_621;PROD_44;5;3
ORD_621;PROD_46;2;4
ORD_621;PROD_49;3;3
ORD_621;PROD_4;8;5
ORD_622;PROD_18;9;4
ORD_622;PROD_15;2;5
ORD_622;PROD_26;4;2
ORD_622;PROD_17;4;5
ORD_622;PROD_24;1;3
ORD_622;PROD_48;4;2
ORD_623;PROD_37;9;4
ORD_623;PROD_23;7;3
ORD_623;PROD_38;7;3
ORD_623;PROD_3;5;3
ORD_623;PROD_24;9;5
ORD_623;PROD_13;9;4
ORD_624;PROD_36;8;5
ORD_624;PROD_33;9;2
ORD_624;PROD_12;5;2
ORD_624;PROD_50;3;2
ORD_624;PROD_7;3;4
ORD_625;PROD_16;3;3
ORD_625;PROD_33;7;2
ORD_625;PROD_29;4;1
ORD_625;PROD_15;1;3
ORD_625;PROD_35;3;5
ORD_625;PROD_20;4;4
ORD_625;PROD_45;6;2
ORD_625;PROD_30;9;5
ORD_626;PROD_20;7;3
ORD_626;PROD_6;1;2
ORD_626;PROD_50;6;3
ORD_626;PROD_26;2;4
ORD_626;PROD_37;6;4
ORD_627;PROD_3;8;2
ORD_627;PROD_21;8;1
ORD_627;PROD_12;8;5
ORD_627;PROD_16;8;4
ORD_627;PROD_31;3;4
ORD_627;PROD_45;8;4
ORD_627;PROD_41;8;3
ORD_627;PROD_38;5;3
ORD_627;PROD_3;3;5
ORD_627;PROD_17;6;1
ORD_627;PROD_30;2;3
ORD_627;PROD_46;9;4
ORD_628;PROD_12;1;4
ORD_628;PROD_50;6;2
ORD_628;PROD_47;9;4
ORD_628;PROD_31;8;5
ORD_628;PROD_48;8;3
ORD_628;PROD_27;8;1
ORD_628;PROD_5;5;1
ORD_628;PROD_29;4;2
ORD_628;PROD_42;1;5
ORD_628;PROD_33;4;1
ORD_628;PROD_48;4;1
ORD_628;PROD_23;7;1
ORD_628;PROD_17;3;4
ORD_628;PROD_25;4;5
ORD_628;PROD_7;6;5
ORD_629;PROD_36;1;2
ORD_629;PROD_33;1;2
ORD_629;PROD_3;1;1
ORD_629;PROD_6;5;5
ORD_629;PROD_18;8;5
ORD_629;PROD_34;6;4
ORD_629;PROD_45;7;1
ORD_629;PROD_21;2;2
ORD_629;PROD_34;7;1
ORD_629;PROD_50;9;3
ORD_629;PROD_49;8;2
ORD_630;PROD_15;8;2
ORD_630;PROD_44;7;2
ORD_630;PROD_36;8;2
ORD_630;PROD_1;5;5
ORD_630;PROD_29;2;4
ORD_631;PROD_30;9;1
ORD_631;PROD_20;1;4
ORD_631;PROD_38;8;2
ORD_631;PROD_19;3;5
ORD_631;PROD_20;4;3
ORD_632;PROD_36;7;2
ORD_632;PROD_33;6;5
ORD_632;PROD_12;4;4
ORD_632;PROD_50;6;3
ORD_632;PROD_7;4;2
ORD_632;PROD_11;2;1
ORD_632;PROD_1;2;1
ORD_632;PROD_16;4;3
ORD_632;PROD_50;6;5
ORD_632;PROD_20;3;5
ORD_632;PROD_21;4;1
ORD_632;PROD_14;4;3
ORD_633;PROD_12;2;3
ORD_633;PROD_50;2;1
ORD_633;PROD_7;1;3
ORD_633;PROD_11;4;1
ORD_633;PROD_28;1;4
ORD_634;PROD_15;1;1
ORD_634;PROD_22;4;1
ORD_634;PROD_10;3;5
ORD_634;PROD_13;8;3
ORD_634;PROD_13;4;3
ORD_634;PROD_21;7;3
ORD_634;PROD_2;5;2
ORD_634;PROD_37;2;2
ORD_634;PROD_39;3;2
ORD_635;PROD_15;4;2
ORD_635;PROD_44;9;4
ORD_635;PROD_36;1;5
ORD_635;PROD_1;3;1
ORD_635;PROD_15;7;5
ORD_635;PROD_22;8;4
ORD_635;PROD_48;2;2
ORD_635;PROD_29;5;1
ORD_635;PROD_17;4;3
ORD_635;PROD_13;9;1
ORD_636;PROD_17;4;4
ORD_636;PROD_7;5;5
ORD_636;PROD_7;8;4
ORD_636;PROD_44;3;4
ORD_636;PROD_49;5;2
ORD_636;PROD_22;3;5
ORD_636;PROD_18;1;1
ORD_636;PROD_46;7;3
ORD_636;PROD_26;6;4
ORD_636;PROD_35;1;1
ORD_636;PROD_37;3;2
ORD_636;PROD_12;4;2
ORD_636;PROD_19;8;5
ORD_636;PROD_24;7;5
ORD_636;PROD_48;9;4
ORD_637;PROD_15;3;2
ORD_637;PROD_44;6;5
ORD_637;PROD_36;3;3
ORD_637;PROD_1;3;3
ORD_637;PROD_24;4;2
ORD_638;PROD_32;4;5
ORD_638;PROD_44;2;5
ORD_638;PROD_23;9;5
ORD_638;PROD_14;9;4
ORD_638;PROD_46;2;1
ORD_638;PROD_47;5;1
ORD_638;PROD_3;5;5
ORD_638;PROD_22;6;1
ORD_639;PROD_33;5;4
ORD_639;PROD_38;2;3
ORD_639;PROD_49;1;3
ORD_639;PROD_19;5;1
ORD_639;PROD_15;5;3
ORD_639;PROD_36;9;1
ORD_639;PROD_33;1;1
ORD_639;PROD_45;8;2
ORD_639;PROD_1;9;5
ORD_639;PROD_40;9;4
ORD_639;PROD_47;9;1
ORD_640;PROD_1;4;4
ORD_640;PROD_5;9;3
ORD_640;PROD_41;9;4
ORD_640;PROD_44;8;1
ORD_640;PROD_47;9;2
ORD_640;PROD_22;9;1
ORD_640;PROD_2;3;2
ORD_640;PROD_9;3;5
ORD_640;PROD_1;1;3
ORD_640;PROD_36;5;5
ORD_640;PROD_29;2;1
ORD_640;PROD_50;9;2
ORD_640;PROD_4;7;4
ORD_640;PROD_24;5;2
ORD_640;PROD_26;4;1
ORD_641;PROD_36;4;5
ORD_641;PROD_33;3;4
ORD_641;PROD_33;2;4
ORD_641;PROD_38;4;4
ORD_641;PROD_49;7;5
ORD_641;PROD_19;7;4
ORD_641;PROD_15;7;5
ORD_641;PROD_13;5;1
ORD_641;PROD_36;4;5
ORD_641;PROD_21;3;1
ORD_641;PROD_19;5;5
ORD_641;PROD_46;9;5
ORD_641;PROD_45;9;2
ORD_642;PROD_3;4;3
ORD_642;PROD_21;1;1
ORD_642;PROD_12;1;5
ORD_642;PROD_16;3;4
ORD_642;PROD_31;4;3
ORD_642;PROD_36;2;2
ORD_642;PROD_33;8;3
ORD_642;PROD_6;2;5
ORD_642;PROD_22;8;5
ORD_642;PROD_22;3;4
ORD_642;PROD_18;6;5
ORD_642;PROD_29;9;4
ORD_642;PROD_9;9;4
ORD_642;PROD_46;5;5
ORD_642;PROD_30;7;3
ORD_643;PROD_33;9;2
ORD_643;PROD_10;3;4
ORD_643;PROD_1;1;5
ORD_643;PROD_11;7;2
ORD_643;PROD_30;4;3
ORD_643;PROD_18;4;2
ORD_643;PROD_38;1;3
ORD_643;PROD_28;7;4
ORD_643;PROD_24;8;1
ORD_643;PROD_33;7;2
ORD_643;PROD_5;8;2
ORD_643;PROD_28;4;4
ORD_643;PROD_33;9;1
ORD_643;PROD_4;7;5
ORD_644;PROD_36;9;2
ORD_644;PROD_33;8;5
ORD_644;PROD_26;6;4
ORD_644;PROD_6;7;3
ORD_644;PROD_35;9;4
ORD_644;PROD_17;4;2
ORD_644;PROD_19;6;3
ORD_644;PROD_40;2;5
ORD_644;PROD_40;1;1
ORD_644;PROD_3;2;2
ORD_644;PROD_34;3;2
ORD_644;PROD_15;1;3
ORD_645;PROD_12;4;3
ORD_645;PROD_50;8;1
ORD_645;PROD_7;9;5
ORD_645;PROD_11;7;4
ORD_645;PROD_11;5;5
ORD_645;PROD_43;2;5
ORD_646;PROD_14;3;4
ORD_646;PROD_42;3;3
ORD_646;PROD_36;3;3
ORD_646;PROD_48;7;3
ORD_646;PROD_30;8;1
ORD_646;PROD_45;5;4
ORD_646;PROD_42;6;2
ORD_646;PROD_12;1;4
ORD_646;PROD_14;1;5
ORD_646;PROD_10;9;3
ORD_647;PROD_8;4;2
ORD_647;PROD_6;3;1
ORD_647;PROD_2;1;4
ORD_647;PROD_7;8;5
ORD_647;PROD_7;6;1
ORD_648;PROD_12;9;2
ORD_648;PROD_50;3;1
ORD_648;PROD_7;3;1
ORD_648;PROD_11;6;4
ORD_648;PROD_3;9;5
ORD_648;PROD_21;6;5
ORD_648;PROD_12;9;3
ORD_648;PROD_16;6;2
ORD_648;PROD_31;4;1
ORD_648;PROD_8;8;3
ORD_648;PROD_14;6;4
ORD_649;PROD_36;8;1
ORD_649;PROD_33;7;4
ORD_649;PROD_12;3;5
ORD_649;PROD_50;2;3
ORD_649;PROD_7;4;5
ORD_649;PROD_11;2;3
ORD_649;PROD_15;7;2
ORD_649;PROD_22;9;3
ORD_650;PROD_36;3;2
ORD_650;PROD_33;3;1
ORD_650;PROD_36;7;5
ORD_650;PROD_33;9;4
ORD_650;PROD_12;6;1
ORD_650;PROD_50;8;5
ORD_650;PROD_7;5;1
ORD_650;PROD_11;2;5
ORD_650;PROD_30;6;4
ORD_650;PROD_3;4;5
ORD_651;PROD_12;7;1
ORD_651;PROD_50;3;1
ORD_651;PROD_7;1;5
ORD_651;PROD_11;3;4
ORD_651;PROD_35;5;2
ORD_651;PROD_48;1;3
ORD_651;PROD_12;6;3
ORD_651;PROD_4;3;1
ORD_651;PROD_2;7;1
ORD_651;PROD_2;1;5
ORD_651;PROD_15;4;1
ORD_651;PROD_5;8;4
ORD_651;PROD_21;8;5
ORD_651;PROD_36;1;2
ORD_651;PROD_2;4;5
ORD_652;PROD_37;6;1
ORD_652;PROD_22;8;5
ORD_652;PROD_46;2;1
ORD_652;PROD_3;8;2
ORD_652;PROD_23;1;5
ORD_652;PROD_21;8;5
ORD_652;PROD_50;9;5
ORD_652;PROD_28;4;1
ORD_652;PROD_24;2;4
ORD_652;PROD_30;7;2
ORD_652;PROD_28;5;2
ORD_652;PROD_5;2;2
ORD_652;PROD_4;7;1
ORD_652;PROD_41;4;5
ORD_652;PROD_33;5;1
ORD_653;PROD_3;7;4
ORD_653;PROD_21;3;3
ORD_653;PROD_12;7;1
ORD_653;PROD_16;5;3
ORD_653;PROD_31;3;4
ORD_653;PROD_18;2;4
ORD_654;PROD_33;5;4
ORD_654;PROD_38;7;4
ORD_654;PROD_49;4;2
ORD_654;PROD_19;7;2
ORD_654;PROD_15;2;1
ORD_654;PROD_15;8;2
ORD_654;PROD_44;5;2
ORD_654;PROD_36;1;5
ORD_654;PROD_1;9;2
ORD_655;PROD_36;5;5
ORD_655;PROD_33;3;2
ORD_655;PROD_36;6;2
ORD_655;PROD_33;9;5
ORD_655;PROD_12;2;4
ORD_655;PROD_50;3;2
ORD_655;PROD_7;2;1
ORD_655;PROD_11;5;4
ORD_655;PROD_34;7;4
ORD_655;PROD_22;3;5
ORD_656;PROD_2;2;3
ORD_656;PROD_49;6;5
ORD_656;PROD_19;7;2
ORD_656;PROD_43;1;4
ORD_656;PROD_25;4;4
ORD_656;PROD_23;8;3
ORD_656;PROD_17;3;2
ORD_656;PROD_43;4;3
ORD_656;PROD_32;3;5
ORD_656;PROD_14;5;5
ORD_656;PROD_1;7;1
ORD_656;PROD_18;8;1
ORD_656;PROD_11;9;5
ORD_656;PROD_11;3;4
ORD_657;PROD_38;3;1
ORD_657;PROD_28;5;1
ORD_657;PROD_10;6;1
ORD_657;PROD_50;9;4
ORD_657;PROD_29;9;5
ORD_657;PROD_31;8;3
ORD_657;PROD_27;4;5
ORD_657;PROD_28;1;2
ORD_657;PROD_37;6;5
ORD_658;PROD_2;4;1
ORD_658;PROD_7;3;3
ORD_658;PROD_32;4;1
ORD_658;PROD_9;2;1
ORD_658;PROD_16;6;2
ORD_658;PROD_27;6;4
ORD_659;PROD_2;1;4
ORD_659;PROD_32;9;4
ORD_659;PROD_40;8;3
ORD_659;PROD_4;3;3
ORD_659;PROD_49;3;2
ORD_659;PROD_20;7;2
ORD_659;PROD_2;1;5
ORD_659;PROD_40;4;1
ORD_659;PROD_33;8;3
ORD_659;PROD_28;9;5
ORD_659;PROD_26;9;4
ORD_659;PROD_20;7;3
ORD_660;PROD_20;7;4
ORD_660;PROD_27;5;3
ORD_660;PROD_5;4;5
ORD_660;PROD_29;5;5
ORD_660;PROD_47;1;2
ORD_660;PROD_8;7;3
ORD_660;PROD_25;7;1
ORD_660;PROD_44;7;3
ORD_660;PROD_40;9;3
ORD_660;PROD_49;6;1
ORD_660;PROD_39;2;4
ORD_660;PROD_29;3;1
ORD_660;PROD_16;8;2
ORD_660;PROD_44;1;2
ORD_661;PROD_11;3;2
ORD_661;PROD_43;2;3
ORD_661;PROD_33;7;2
ORD_661;PROD_38;6;4
ORD_661;PROD_49;1;2
ORD_661;PROD_19;2;1
ORD_661;PROD_15;4;1
ORD_661;PROD_36;9;2
ORD_661;PROD_33;8;1
ORD_662;PROD_47;8;3
ORD_662;PROD_20;2;4
ORD_662;PROD_50;7;3
ORD_662;PROD_50;6;5
ORD_662;PROD_18;2;5
ORD_662;PROD_27;8;2
ORD_662;PROD_50;1;5
ORD_662;PROD_20;9;3
ORD_662;PROD_17;8;1
ORD_662;PROD_30;9;3
ORD_662;PROD_13;1;2
ORD_663;PROD_12;8;1
ORD_663;PROD_50;5;2
ORD_663;PROD_7;1;2
ORD_663;PROD_11;1;3
ORD_663;PROD_49;4;1
ORD_663;PROD_22;5;3
ORD_664;PROD_33;8;3
ORD_664;PROD_38;5;1
ORD_664;PROD_49;8;3
ORD_664;PROD_19;5;3
ORD_664;PROD_15;3;5
ORD_664;PROD_3;5;1
ORD_664;PROD_21;8;2
ORD_664;PROD_12;6;1
ORD_664;PROD_16;1;1
ORD_664;PROD_31;3;2
ORD_664;PROD_33;2;5
ORD_664;PROD_38;5;2
ORD_664;PROD_49;2;5
ORD_664;PROD_19;3;3
ORD_664;PROD_15;2;5
ORD_665;PROD_3;7;5
ORD_665;PROD_21;9;4
ORD_665;PROD_12;6;4
ORD_665;PROD_16;9;1
ORD_665;PROD_31;2;2
ORD_665;PROD_33;6;1
ORD_665;PROD_38;8;1
ORD_666;PROD_36;4;4
ORD_666;PROD_33;5;3
ORD_666;PROD_35;1;1
ORD_666;PROD_20;6;2
ORD_666;PROD_27;3;3
ORD_666;PROD_50;5;1
ORD_666;PROD_30;2;1
ORD_666;PROD_12;3;3
ORD_666;PROD_12;3;3
ORD_666;PROD_29;5;2
ORD_666;PROD_1;9;5
ORD_666;PROD_33;6;2
ORD_666;PROD_28;4;5
ORD_666;PROD_15;8;1
ORD_666;PROD_45;2;1
ORD_667;PROD_6;8;1
ORD_667;PROD_14;5;5
ORD_667;PROD_1;7;5
ORD_667;PROD_29;3;2
ORD_667;PROD_9;4;4
ORD_667;PROD_38;1;5
ORD_667;PROD_49;5;2
ORD_667;PROD_35;9;1
ORD_667;PROD_10;4;4
ORD_667;PROD_41;7;5
ORD_667;PROD_41;7;2
ORD_667;PROD_8;1;2
ORD_668;PROD_36;6;4
ORD_668;PROD_23;1;2
ORD_668;PROD_19;1;5
ORD_668;PROD_34;6;2
ORD_668;PROD_20;9;3
ORD_668;PROD_16;6;5
ORD_668;PROD_13;7;4
ORD_669;PROD_49;7;2
ORD_669;PROD_15;8;5
ORD_669;PROD_29;5;1
ORD_669;PROD_8;5;4
ORD_669;PROD_16;8;5
ORD_669;PROD_21;5;5
ORD_669;PROD_36;4;5
ORD_669;PROD_21;2;1
ORD_670;PROD_2;9;4
ORD_670;PROD_17;6;4
ORD_670;PROD_9;6;2
ORD_670;PROD_31;5;4
ORD_670;PROD_30;2;3
ORD_670;PROD_4;4;2
ORD_670;PROD_49;7;1
ORD_670;PROD_39;3;1
ORD_670;PROD_32;1;1
ORD_670;PROD_11;5;2
ORD_671;PROD_27;1;1
ORD_671;PROD_44;3;2
ORD_671;PROD_19;2;4
ORD_671;PROD_36;3;2
ORD_671;PROD_36;6;1
ORD_671;PROD_11;4;5
ORD_671;PROD_37;1;5
ORD_671;PROD_2;3;3
ORD_671;PROD_28;3;1
ORD_671;PROD_45;4;3
ORD_671;PROD_27;5;1
ORD_671;PROD_23;3;5
ORD_671;PROD_20;7;4
ORD_671;PROD_26;6;2
ORD_672;PROD_24;5;3
ORD_672;PROD_50;5;1
ORD_672;PROD_42;2;1
ORD_672;PROD_40;9;3
ORD_672;PROD_13;8;5
ORD_672;PROD_31;3;2
ORD_673;PROD_11;6;1
ORD_673;PROD_43;4;2
ORD_673;PROD_27;1;1
ORD_673;PROD_44;1;1
ORD_673;PROD_1;9;5
ORD_673;PROD_41;3;1
ORD_673;PROD_32;2;1
ORD_673;PROD_27;2;3
ORD_673;PROD_30;2;3
ORD_674;PROD_22;2;5
ORD_674;PROD_45;8;5
ORD_674;PROD_13;3;3
ORD_674;PROD_46;5;5
ORD_674;PROD_14;5;1
ORD_674;PROD_46;8;1
ORD_674;PROD_39;2;4
ORD_674;PROD_8;7;4
ORD_674;PROD_2;2;4
ORD_674;PROD_4;6;4
ORD_674;PROD_16;1;4
ORD_674;PROD_20;7;3
ORD_674;PROD_27;4;4
ORD_675;PROD_42;1;5
ORD_675;PROD_2;7;5
ORD_675;PROD_19;7;3
ORD_675;PROD_49;7;1
ORD_675;PROD_6;6;5
ORD_675;PROD_34;8;5
ORD_675;PROD_11;8;1
ORD_675;PROD_29;2;5
ORD_675;PROD_50;1;4
ORD_675;PROD_28;6;5
ORD_675;PROD_47;8;1
ORD_675;PROD_41;1;2
ORD_675;PROD_34;6;4
ORD_676;PROD_31;7;1
ORD_676;PROD_32;5;2
ORD_676;PROD_34;2;1
ORD_676;PROD_25;1;2
ORD_676;PROD_2;7;2
ORD_676;PROD_4;2;4
ORD_676;PROD_42;9;1
ORD_676;PROD_38;6;3
ORD_676;PROD_43;8;4
ORD_676;PROD_40;1;3
ORD_677;PROD_11;8;5
ORD_677;PROD_43;9;3
ORD_677;PROD_15;9;5
ORD_677;PROD_22;5;4
ORD_677;PROD_23;6;5
ORD_677;PROD_11;6;4
ORD_677;PROD_41;9;5
ORD_677;PROD_35;8;3
ORD_677;PROD_49;2;5
ORD_677;PROD_39;6;1
ORD_677;PROD_42;3;3
ORD_677;PROD_32;9;1
ORD_677;PROD_42;1;3
ORD_677;PROD_18;6;4
ORD_678;PROD_10;4;2
ORD_678;PROD_19;1;4
ORD_678;PROD_38;7;2
ORD_678;PROD_1;2;3
ORD_678;PROD_39;3;4
ORD_678;PROD_43;5;1
ORD_678;PROD_31;6;2
ORD_678;PROD_21;8;2
ORD_678;PROD_50;9;1
ORD_678;PROD_33;9;1
ORD_679;PROD_11;5;3
ORD_679;PROD_43;9;5
ORD_679;PROD_15;2;5
ORD_679;PROD_22;9;4
ORD_679;PROD_12;9;5
ORD_679;PROD_50;7;4
ORD_679;PROD_7;2;3
ORD_679;PROD_11;8;4
ORD_679;PROD_22;4;5
ORD_679;PROD_32;4;3
ORD_679;PROD_43;6;3
ORD_679;PROD_33;1;5
ORD_680;PROD_36;9;3
ORD_680;PROD_33;5;4
ORD_680;PROD_15;5;4
ORD_680;PROD_44;8;4
ORD_680;PROD_36;4;4
ORD_680;PROD_1;7;1
ORD_680;PROD_12;4;5
ORD_680;PROD_27;8;5
ORD_680;PROD_22;6;1
ORD_680;PROD_11;5;3
ORD_681;PROD_40;5;5
ORD_681;PROD_43;1;4
ORD_681;PROD_30;2;3
ORD_681;PROD_47;8;1
ORD_681;PROD_8;2;1
ORD_681;PROD_18;1;1
ORD_681;PROD_11;5;5
ORD_681;PROD_35;5;3
ORD_681;PROD_30;7;2
ORD_681;PROD_5;7;3
ORD_682;PROD_11;6;2
ORD_682;PROD_43;1;3
ORD_682;PROD_33;1;2
ORD_682;PROD_38;4;1
ORD_682;PROD_49;3;5
ORD_682;PROD_19;4;4
ORD_682;PROD_15;9;1
ORD_682;PROD_33;3;1
ORD_682;PROD_38;3;3
ORD_682;PROD_49;1;3
ORD_682;PROD_19;8;1
ORD_682;PROD_15;4;1
ORD_682;PROD_47;8;1
ORD_682;PROD_10;8;3
ORD_683;PROD_3;5;3
ORD_683;PROD_21;7;4
ORD_683;PROD_12;3;4
ORD_683;PROD_16;7;1
ORD_683;PROD_31;9;5
ORD_683;PROD_49;7;3
ORD_683;PROD_20;1;3
ORD_683;PROD_32;2;5
ORD_683;PROD_37;7;1
ORD_683;PROD_41;4;2
ORD_683;PROD_9;8;5
ORD_683;PROD_13;6;4
ORD_683;PROD_3;8;3
ORD_683;PROD_42;3;3
ORD_684;PROD_15;2;1
ORD_684;PROD_22;2;1
ORD_684;PROD_2;4;1
ORD_684;PROD_33;7;3
ORD_684;PROD_6;7;4
ORD_684;PROD_22;7;1
ORD_684;PROD_41;4;1
ORD_684;PROD_25;8;5
ORD_684;PROD_31;2;5
ORD_684;PROD_13;6;2
ORD_684;PROD_32;5;5
ORD_685;PROD_44;3;4
ORD_685;PROD_10;4;5
ORD_685;PROD_43;3;1
ORD_685;PROD_23;4;3
ORD_685;PROD_15;8;1
ORD_685;PROD_24;5;1
ORD_685;PROD_32;4;4
ORD_685;PROD_34;4;2
ORD_685;PROD_50;5;3
ORD_685;PROD_6;1;2
ORD_685;PROD_50;9;3
ORD_685;PROD_4;6;1
ORD_685;PROD_38;7;3
ORD_685;PROD_47;5;1
ORD_686;PROD_12;7;1
ORD_686;PROD_50;4;5
ORD_686;PROD_7;8;3
ORD_686;PROD_11;8;2
ORD_686;PROD_36;5;2
ORD_686;PROD_33;6;5
ORD_686;PROD_12;3;5
ORD_686;PROD_50;6;3
ORD_686;PROD_7;3;4
ORD_686;PROD_11;7;3
ORD_687;PROD_36;4;2
ORD_687;PROD_33;1;3
ORD_687;PROD_39;9;2
ORD_687;PROD_18;8;5
ORD_687;PROD_34;5;2
ORD_687;PROD_20;7;5
ORD_687;PROD_38;2;5
ORD_687;PROD_21;8;3
ORD_688;PROD_41;1;2
ORD_688;PROD_15;3;4
ORD_688;PROD_13;3;1
ORD_688;PROD_28;1;4
ORD_688;PROD_22;6;2
ORD_688;PROD_50;7;2
ORD_688;PROD_32;7;4
ORD_688;PROD_10;7;5
ORD_688;PROD_14;8;5
ORD_688;PROD_16;4;3
ORD_689;PROD_38;2;5
ORD_689;PROD_31;7;1
ORD_689;PROD_8;5;2
ORD_689;PROD_47;6;3
ORD_689;PROD_4;6;5
ORD_689;PROD_44;7;3
ORD_690;PROD_11;1;5
ORD_690;PROD_43;5;5
ORD_690;PROD_32;9;1
ORD_690;PROD_45;5;4
ORD_690;PROD_3;2;4
ORD_690;PROD_30;1;2
ORD_690;PROD_46;7;4
ORD_691;PROD_22;9;4
ORD_691;PROD_3;6;2
ORD_691;PROD_26;7;3
ORD_691;PROD_34;8;2
ORD_691;PROD_15;7;5
ORD_692;PROD_44;6;4
ORD_692;PROD_15;8;1
ORD_692;PROD_41;5;4
ORD_692;PROD_30;4;2
ORD_692;PROD_25;6;4
ORD_692;PROD_36;4;1
ORD_692;PROD_38;2;3
ORD_692;PROD_2;9;5
ORD_693;PROD_35;3;1
ORD_693;PROD_44;8;2
ORD_693;PROD_33;5;3
ORD_693;PROD_43;4;3
ORD_693;PROD_30;8;1
ORD_693;PROD_42;7;1
ORD_693;PROD_8;8;3
ORD_693;PROD_13;7;2
ORD_693;PROD_43;4;1
ORD_693;PROD_23;3;5
ORD_694;PROD_3;9;3
ORD_694;PROD_21;7;1
ORD_694;PROD_12;8;1
ORD_694;PROD_16;4;2
ORD_694;PROD_31;8;4
ORD_694;PROD_15;9;3
ORD_695;PROD_15;9;5
ORD_695;PROD_22;2;2
ORD_695;PROD_36;9;2
ORD_695;PROD_33;7;4
ORD_695;PROD_15;8;5
ORD_695;PROD_44;9;4
ORD_695;PROD_36;6;4
ORD_696;PROD_4;8;3
ORD_696;PROD_5;8;2
ORD_696;PROD_31;5;4
ORD_696;PROD_6;5;1
ORD_696;PROD_49;2;1
ORD_696;PROD_24;3;5
ORD_696;PROD_18;3;5
ORD_696;PROD_36;1;3
ORD_696;PROD_16;1;1
ORD_696;PROD_6;2;3
ORD_696;PROD_27;9;4
ORD_696;PROD_33;3;5
ORD_697;PROD_36;9;4
ORD_697;PROD_33;3;2
ORD_697;PROD_15;8;5
ORD_697;PROD_22;9;2
ORD_697;PROD_11;3;2
ORD_697;PROD_49;1;3
ORD_697;PROD_27;9;2
ORD_698;PROD_15;6;3
ORD_698;PROD_44;9;2
ORD_698;PROD_36;7;3
ORD_698;PROD_1;8;3
ORD_698;PROD_11;8;2
ORD_698;PROD_43;6;1
ORD_698;PROD_41;7;4
ORD_698;PROD_34;6;4
ORD_698;PROD_40;9;4
ORD_698;PROD_19;3;2
ORD_698;PROD_15;8;2
ORD_699;PROD_36;9;3
ORD_699;PROD_33;6;3
ORD_699;PROD_15;6;4
ORD_699;PROD_22;4;4
ORD_699;PROD_26;5;3
ORD_699;PROD_1;6;5
ORD_700;PROD_8;8;5
ORD_700;PROD_50;3;3
ORD_700;PROD_46;9;3
ORD_700;PROD_1;9;2
ORD_700;PROD_41;4;5
ORD_700;PROD_13;7;5
ORD_700;PROD_11;5;2
ORD_700;PROD_21;1;1
ORD_700;PROD_12;4;5
ORD_701;PROD_15;9;5
ORD_701;PROD_44;7;4
ORD_701;PROD_36;4;4
ORD_701;PROD_1;4;2
ORD_701;PROD_3;7;5
ORD_701;PROD_21;8;5
ORD_701;PROD_12;2;2
ORD_701;PROD_16;2;5
ORD_701;PROD_31;2;1
ORD_701;PROD_12;2;3
ORD_701;PROD_50;1;5
ORD_701;PROD_7;7;4
ORD_701;PROD_11;7;4
ORD_702;PROD_15;1;2
ORD_702;PROD_22;3;1
ORD_702;PROD_3;5;2
ORD_702;PROD_21;6;3
ORD_702;PROD_12;1;5
ORD_702;PROD_16;1;3
ORD_702;PROD_31;8;4
ORD_703;PROD_15;6;1
ORD_703;PROD_44;3;5
ORD_703;PROD_36;3;2
ORD_703;PROD_1;6;1
ORD_703;PROD_32;9;2
ORD_703;PROD_49;9;3
ORD_703;PROD_20;7;4
ORD_703;PROD_45;6;4
ORD_703;PROD_32;4;3
ORD_703;PROD_1;8;3
ORD_703;PROD_8;3;2
ORD_703;PROD_44;6;4
ORD_703;PROD_10;3;5
ORD_704;PROD_36;4;2
ORD_704;PROD_33;1;1
ORD_704;PROD_33;4;1
ORD_704;PROD_38;9;2
ORD_704;PROD_49;3;1
ORD_705;PROD_15;2;3
ORD_705;PROD_44;5;4
ORD_705;PROD_36;6;5
ORD_705;PROD_1;5;2
ORD_705;PROD_12;4;4
ORD_705;PROD_50;2;3
ORD_705;PROD_7;1;1
ORD_705;PROD_11;2;2
ORD_705;PROD_48;6;1
ORD_705;PROD_10;2;4
ORD_706;PROD_32;3;5
ORD_706;PROD_39;1;1
ORD_706;PROD_24;3;4
ORD_706;PROD_7;6;3
ORD_706;PROD_45;5;3
ORD_706;PROD_5;4;1
ORD_706;PROD_9;3;1
ORD_706;PROD_20;6;1
ORD_706;PROD_14;5;2
ORD_707;PROD_15;3;4
ORD_707;PROD_22;7;4
ORD_707;PROD_36;4;1
ORD_707;PROD_33;2;5
ORD_707;PROD_7;9;5
ORD_707;PROD_10;7;3
ORD_707;PROD_40;6;1
ORD_707;PROD_4;4;2
ORD_707;PROD_16;2;5
ORD_708;PROD_15;2;1
ORD_708;PROD_44;2;4
ORD_708;PROD_36;3;1
ORD_708;PROD_1;5;3
ORD_708;PROD_15;6;5
ORD_709;PROD_41;8;1
ORD_709;PROD_34;3;1
ORD_709;PROD_12;1;3
ORD_709;PROD_37;8;1
ORD_709;PROD_9;2;3
ORD_709;PROD_36;3;3
ORD_709;PROD_10;8;2
ORD_709;PROD_5;1;3
ORD_709;PROD_50;1;1
ORD_710;PROD_36;6;2
ORD_710;PROD_33;4;2
ORD_710;PROD_33;7;2
ORD_710;PROD_38;2;3
ORD_710;PROD_49;9;5
ORD_711;PROD_30;3;3
ORD_711;PROD_47;2;4
ORD_711;PROD_28;3;4
ORD_711;PROD_25;9;3
ORD_711;PROD_44;8;5
ORD_712;PROD_31;1;5
ORD_712;PROD_32;1;2
ORD_712;PROD_19;7;4
ORD_712;PROD_46;5;4
ORD_712;PROD_6;9;2
ORD_712;PROD_28;7;4
ORD_712;PROD_36;3;5
ORD_712;PROD_5;6;1
ORD_712;PROD_34;8;5
ORD_713;PROD_50;7;5
ORD_713;PROD_27;8;3
ORD_713;PROD_22;5;2
ORD_713;PROD_48;4;1
ORD_713;PROD_29;9;5
ORD_713;PROD_44;2;2
ORD_714;PROD_12;5;5
ORD_714;PROD_50;3;1
ORD_714;PROD_7;9;4
ORD_714;PROD_11;8;1
ORD_714;PROD_30;2;3
ORD_714;PROD_24;2;2
ORD_714;PROD_47;7;5
ORD_714;PROD_18;6;5
ORD_714;PROD_6;6;5
ORD_714;PROD_7;4;5
ORD_714;PROD_31;8;3
ORD_714;PROD_32;4;4
ORD_714;PROD_23;3;3
ORD_714;PROD_24;3;3
ORD_714;PROD_32;6;3
ORD_715;PROD_19;9;2
ORD_715;PROD_46;9;5
ORD_715;PROD_33;6;2
ORD_715;PROD_48;4;1
ORD_715;PROD_50;3;3
ORD_715;PROD_50;6;3
ORD_715;PROD_23;2;5
ORD_715;PROD_20;2;3
ORD_715;PROD_25;8;2
ORD_715;PROD_20;1;2
ORD_715;PROD_26;5;5
ORD_715;PROD_9;6;3
ORD_715;PROD_3;5;4
ORD_715;PROD_12;9;1
ORD_716;PROD_24;3;5
ORD_716;PROD_14;9;2
ORD_716;PROD_13;8;4
ORD_716;PROD_49;9;3
ORD_716;PROD_42;4;5
ORD_716;PROD_44;6;1
ORD_716;PROD_11;8;3
ORD_717;PROD_12;5;4
ORD_717;PROD_50;5;2
ORD_717;PROD_7;6;3
ORD_717;PROD_11;8;4
ORD_717;PROD_3;6;2
ORD_717;PROD_21;2;5
ORD_717;PROD_12;3;3
ORD_717;PROD_16;3;4
ORD_717;PROD_31;4;4
ORD_717;PROD_36;1;3
ORD_717;PROD_15;8;2
ORD_718;PROD_11;5;1
ORD_718;PROD_43;2;1
ORD_718;PROD_11;5;3
ORD_718;PROD_43;3;2
ORD_718;PROD_48;4;5
ORD_718;PROD_50;7;3
ORD_718;PROD_28;2;1
ORD_718;PROD_7;4;2
ORD_719;PROD_3;3;5
ORD_719;PROD_21;1;1
ORD_719;PROD_12;2;4
ORD_719;PROD_16;8;3
ORD_719;PROD_31;3;5
ORD_719;PROD_3;9;5
ORD_719;PROD_21;5;2
ORD_720;PROD_12;8;3
ORD_720;PROD_50;1;4
ORD_720;PROD_7;8;3
ORD_720;PROD_11;3;2
ORD_720;PROD_19;1;1
ORD_720;PROD_23;8;5
ORD_720;PROD_9;9;1
ORD_720;PROD_48;4;1
ORD_721;PROD_36;9;2
ORD_721;PROD_33;4;2
ORD_721;PROD_15;9;4
ORD_721;PROD_22;6;5
ORD_721;PROD_14;5;1
ORD_721;PROD_5;4;4
ORD_721;PROD_37;7;4
ORD_721;PROD_10;7;1
ORD_721;PROD_27;4;4
ORD_721;PROD_3;4;2
ORD_721;PROD_21;7;3
ORD_722;PROD_35;5;3
ORD_722;PROD_5;2;5
ORD_722;PROD_45;6;1
ORD_722;PROD_19;7;3
ORD_722;PROD_21;7;4
ORD_722;PROD_21;9;1
ORD_722;PROD_37;1;2
ORD_722;PROD_48;6;4
ORD_722;PROD_28;1;1
ORD_722;PROD_3;4;1
ORD_722;PROD_19;3;4
ORD_723;PROD_15;9;5
ORD_723;PROD_44;4;5
ORD_723;PROD_36;9;4
ORD_723;PROD_1;3;1
ORD_723;PROD_11;9;2
ORD_723;PROD_43;7;5
ORD_723;PROD_11;6;2
ORD_724;PROD_3;3;3
ORD_724;PROD_3;5;5
ORD_724;PROD_31;1;1
ORD_724;PROD_49;9;2
ORD_724;PROD_34;8;3
ORD_724;PROD_12;7;5
ORD_724;PROD_27;4;3
ORD_724;PROD_18;9;4
ORD_725;PROD_12;6;3
ORD_725;PROD_47;9;5
ORD_725;PROD_11;7;1
ORD_725;PROD_47;4;1
ORD_725;PROD_42;1;1
ORD_725;PROD_41;6;3
ORD_725;PROD_46;3;3
ORD_726;PROD_14;1;5
ORD_726;PROD_36;3;2
ORD_726;PROD_13;6;2
ORD_726;PROD_5;6;1
ORD_726;PROD_44;5;3
ORD_726;PROD_34;9;3
ORD_726;PROD_46;8;2
ORD_726;PROD_22;3;2
ORD_726;PROD_8;2;3
ORD_726;PROD_33;3;5
ORD_726;PROD_8;5;2
ORD_726;PROD_44;2;4
ORD_726;PROD_12;3;1
ORD_726;PROD_47;7;4
ORD_727;PROD_12;8;4
ORD_727;PROD_50;3;5
ORD_727;PROD_7;7;4
ORD_727;PROD_11;8;3
ORD_727;PROD_32;6;1
ORD_727;PROD_12;3;4
ORD_727;PROD_42;9;2
ORD_727;PROD_26;5;5
ORD_728;PROD_15;3;1
ORD_728;PROD_22;5;4
ORD_728;PROD_12;6;2
ORD_728;PROD_28;9;5
ORD_728;PROD_32;9;2
ORD_728;PROD_40;9;4
ORD_728;PROD_29;9;1
ORD_728;PROD_12;9;3
ORD_728;PROD_11;2;5
ORD_728;PROD_32;5;2
ORD_729;PROD_12;9;4
ORD_729;PROD_50;8;4
ORD_729;PROD_7;7;2
ORD_729;PROD_11;9;3
ORD_729;PROD_29;2;1
ORD_729;PROD_14;3;3
ORD_729;PROD_26;7;4
ORD_729;PROD_49;3;3
ORD_729;PROD_37;7;3
ORD_730;PROD_30;2;1
ORD_730;PROD_21;1;5
ORD_730;PROD_15;3;2
ORD_730;PROD_16;4;2
ORD_730;PROD_32;6;3
ORD_730;PROD_3;5;4
ORD_730;PROD_42;9;1
ORD_730;PROD_16;8;3
ORD_730;PROD_35;7;2
ORD_731;PROD_7;6;2
ORD_731;PROD_26;7;3
ORD_731;PROD_35;3;2
ORD_731;PROD_48;7;4
ORD_731;PROD_19;7;1
ORD_731;PROD_25;5;3
ORD_731;PROD_1;8;5
ORD_731;PROD_37;9;2
ORD_731;PROD_9;8;4
ORD_731;PROD_34;6;4
ORD_731;PROD_21;6;5
ORD_731;PROD_9;7;4
ORD_731;PROD_17;3;4
ORD_731;PROD_27;6;1
ORD_732;PROD_33;6;3
ORD_732;PROD_38;3;1
ORD_732;PROD_49;6;3
ORD_732;PROD_19;9;1
ORD_732;PROD_15;2;5
ORD_732;PROD_11;2;1
ORD_732;PROD_38;6;4
ORD_733;PROD_33;7;1
ORD_733;PROD_38;6;5
ORD_733;PROD_49;5;4
ORD_733;PROD_19;3;1
ORD_733;PROD_15;4;5
ORD_733;PROD_12;4;2
ORD_733;PROD_50;3;5
ORD_733;PROD_7;8;5
ORD_734;PROD_12;1;2
ORD_734;PROD_50;2;5
ORD_734;PROD_7;7;2
ORD_734;PROD_11;3;5
ORD_734;PROD_15;5;1
ORD_734;PROD_22;1;2
ORD_734;PROD_12;5;2
ORD_734;PROD_50;7;3
ORD_735;PROD_33;9;5
ORD_735;PROD_38;7;1
ORD_735;PROD_49;1;5
ORD_735;PROD_19;1;3
ORD_735;PROD_15;5;3
ORD_735;PROD_36;1;2
ORD_735;PROD_33;2;4
ORD_735;PROD_5;3;1
ORD_736;PROD_33;6;4
ORD_736;PROD_38;1;4
ORD_736;PROD_49;2;1
ORD_736;PROD_19;5;5
ORD_736;PROD_15;2;4
ORD_736;PROD_3;3;4
ORD_736;PROD_21;9;1
ORD_736;PROD_12;9;3
ORD_736;PROD_16;9;3
ORD_736;PROD_31;6;2
ORD_736;PROD_31;5;5
ORD_736;PROD_5;2;4
ORD_736;PROD_50;9;1
ORD_736;PROD_13;6;2
ORD_737;PROD_33;8;4
ORD_737;PROD_38;9;4
ORD_737;PROD_49;6;4
ORD_737;PROD_19;7;4
ORD_737;PROD_15;9;2
ORD_738;PROD_15;7;5
ORD_738;PROD_22;8;4
ORD_738;PROD_42;9;2
ORD_738;PROD_22;3;4
ORD_738;PROD_17;4;5
ORD_738;PROD_3;2;4
ORD_738;PROD_45;9;3
ORD_739;PROD_20;2;2
ORD_739;PROD_22;7;3
ORD_739;PROD_32;9;5
ORD_739;PROD_48;6;2
ORD_739;PROD_28;4;4
ORD_739;PROD_39;5;3
ORD_739;PROD_7;4;2
ORD_739;PROD_13;6;2
ORD_739;PROD_31;8;2
ORD_739;PROD_7;6;4
ORD_739;PROD_9;7;5
ORD_739;PROD_2;6;5
ORD_740;PROD_33;9;3
ORD_740;PROD_38;2;5
ORD_740;PROD_49;8;3
ORD_740;PROD_19;5;4
ORD_740;PROD_15;2;1
ORD_740;PROD_33;9;5
ORD_740;PROD_38;6;4
ORD_741;PROD_22;3;3
ORD_741;PROD_45;5;1
ORD_741;PROD_47;7;1
ORD_741;PROD_4;7;1
ORD_741;PROD_26;4;4
ORD_741;PROD_28;1;5
ORD_741;PROD_38;3;4
ORD_741;PROD_47;2;1
ORD_741;PROD_31;5;4
ORD_741;PROD_15;5;3
ORD_741;PROD_40;4;1
ORD_741;PROD_50;9;1
ORD_741;PROD_4;1;1
ORD_741;PROD_44;4;2
ORD_741;PROD_42;3;2
ORD_742;PROD_9;2;4
ORD_742;PROD_23;3;2
ORD_742;PROD_10;5;1
ORD_742;PROD_22;6;3
ORD_742;PROD_23;3;4
ORD_742;PROD_4;8;2
ORD_742;PROD_32;6;4
ORD_743;PROD_33;2;3
ORD_743;PROD_38;4;3
ORD_743;PROD_49;5;2
ORD_743;PROD_19;8;1
ORD_743;PROD_15;9;4
ORD_743;PROD_12;8;2
ORD_744;PROD_33;2;4
ORD_744;PROD_38;1;1
ORD_744;PROD_49;9;1
ORD_744;PROD_19;4;2
ORD_744;PROD_15;1;4
ORD_744;PROD_3;6;2
ORD_744;PROD_21;4;3
ORD_744;PROD_12;5;3
ORD_744;PROD_16;8;5
ORD_744;PROD_31;6;3
ORD_744;PROD_36;5;3
ORD_744;PROD_33;4;4
ORD_744;PROD_31;4;5
ORD_744;PROD_20;8;3
ORD_745;PROD_21;8;3
ORD_745;PROD_7;2;5
ORD_745;PROD_32;2;5
ORD_745;PROD_40;5;3
ORD_745;PROD_18;9;4
ORD_745;PROD_50;5;1
ORD_745;PROD_20;4;5
ORD_745;PROD_20;3;4
ORD_746;PROD_17;9;5
ORD_746;PROD_41;2;5
ORD_746;PROD_20;2;2
ORD_746;PROD_38;1;3
ORD_746;PROD_34;4;2
ORD_746;PROD_39;8;5
ORD_746;PROD_44;8;2
ORD_746;PROD_49;3;2
ORD_746;PROD_7;5;3
ORD_746;PROD_47;7;2
ORD_746;PROD_28;4;1
ORD_747;PROD_15;3;5
ORD_747;PROD_44;3;5
ORD_747;PROD_36;7;1
ORD_747;PROD_1;1;1
ORD_747;PROD_3;1;5
ORD_747;PROD_21;9;4
ORD_747;PROD_12;6;1
ORD_747;PROD_16;4;3
ORD_747;PROD_31;7;5
ORD_748;PROD_12;7;5
ORD_748;PROD_50;8;5
ORD_748;PROD_7;7;3
ORD_748;PROD_11;4;4
ORD_748;PROD_3;7;1
ORD_748;PROD_21;4;5
ORD_748;PROD_12;1;1
ORD_748;PROD_16;9;3
ORD_748;PROD_31;7;4
ORD_748;PROD_12;6;2
ORD_748;PROD_50;9;5
ORD_748;PROD_7;6;5
ORD_748;PROD_11;5;2
ORD_748;PROD_21;6;1
ORD_748;PROD_13;4;3
ORD_749;PROD_34;3;5
ORD_749;PROD_32;2;5
ORD_749;PROD_36;9;2
ORD_749;PROD_9;2;1
ORD_749;PROD_19;2;3
ORD_749;PROD_44;8;2
ORD_749;PROD_11;9;2
ORD_749;PROD_3;6;4
ORD_749;PROD_40;2;5
ORD_750;PROD_15;5;1
ORD_750;PROD_44;7;3
ORD_750;PROD_36;9;4
ORD_750;PROD_1;6;2
ORD_750;PROD_15;3;4
ORD_750;PROD_22;6;5
ORD_750;PROD_19;6;1
ORD_750;PROD_19;9;5
ORD_750;PROD_13;7;3
ORD_750;PROD_10;9;4
ORD_750;PROD_33;6;2
ORD_751;PROD_15;3;2
ORD_751;PROD_42;4;3
ORD_751;PROD_30;6;5
ORD_751;PROD_47;7;5
ORD_751;PROD_35;7;4
ORD_751;PROD_33;2;5
ORD_751;PROD_47;9;2
ORD_752;PROD_40;7;2
ORD_752;PROD_37;3;5
ORD_752;PROD_10;1;3
ORD_752;PROD_1;7;2
ORD_752;PROD_49;9;4
ORD_752;PROD_8;6;5
ORD_752;PROD_19;3;4
ORD_752;PROD_13;3;3
ORD_752;PROD_15;6;5
ORD_752;PROD_34;9;5
ORD_752;PROD_7;7;1
ORD_752;PROD_1;1;2
ORD_752;PROD_50;4;5
ORD_752;PROD_11;9;3
ORD_752;PROD_35;1;5
ORD_753;PROD_3;1;1
ORD_753;PROD_21;6;1
ORD_753;PROD_12;9;4
ORD_753;PROD_16;8;3
ORD_753;PROD_31;9;1
ORD_753;PROD_36;2;4
ORD_753;PROD_33;5;5
ORD_753;PROD_10;7;5
ORD_753;PROD_46;6;1
ORD_753;PROD_7;8;2
ORD_753;PROD_3;3;1
ORD_753;PROD_44;9;3
ORD_753;PROD_32;8;1
ORD_754;PROD_23;8;5
ORD_754;PROD_39;9;2
ORD_754;PROD_17;2;3
ORD_754;PROD_21;6;3
ORD_754;PROD_5;8;2
ORD_754;PROD_34;7;4
ORD_754;PROD_27;3;4
ORD_754;PROD_20;5;5
ORD_754;PROD_3;8;3
ORD_754;PROD_6;2;2
ORD_754;PROD_48;8;5
ORD_754;PROD_32;9;3
ORD_755;PROD_41;1;1
ORD_755;PROD_4;9;3
ORD_755;PROD_28;7;2
ORD_755;PROD_36;3;4
ORD_755;PROD_5;7;5
ORD_755;PROD_32;1;3
ORD_755;PROD_44;3;3
ORD_755;PROD_26;5;2
ORD_756;PROD_20;7;1
ORD_756;PROD_2;1;5
ORD_756;PROD_46;9;1
ORD_756;PROD_14;7;5
ORD_756;PROD_33;8;1
ORD_756;PROD_10;1;3
ORD_756;PROD_16;6;4
ORD_756;PROD_5;8;1
ORD_756;PROD_20;8;3
ORD_756;PROD_25;2;4
ORD_756;PROD_41;3;2
ORD_756;PROD_15;8;2
ORD_756;PROD_49;9;5
ORD_756;PROD_34;6;5
ORD_757;PROD_15;2;3
ORD_757;PROD_44;1;3
ORD_757;PROD_36;7;3
ORD_757;PROD_1;2;2
ORD_757;PROD_36;6;1
ORD_757;PROD_33;6;5
ORD_757;PROD_15;1;5
ORD_757;PROD_22;3;5
ORD_757;PROD_37;6;3
ORD_757;PROD_42;1;3
ORD_757;PROD_2;6;1
ORD_758;PROD_47;4;5
ORD_758;PROD_41;2;5
ORD_758;PROD_50;6;2
ORD_758;PROD_24;1;5
ORD_758;PROD_19;4;5
ORD_758;PROD_38;2;4
ORD_758;PROD_19;9;3
ORD_758;PROD_46;3;5
ORD_758;PROD_14;8;4
ORD_758;PROD_42;1;5
ORD_758;PROD_36;3;4
ORD_759;PROD_28;1;5
ORD_759;PROD_48;4;1
ORD_759;PROD_11;3;1
ORD_759;PROD_44;2;3
ORD_759;PROD_15;7;4
ORD_759;PROD_44;6;4
ORD_759;PROD_36;4;2
ORD_759;PROD_23;5;3
ORD_759;PROD_34;9;4
ORD_759;PROD_34;7;1
ORD_759;PROD_47;6;4
ORD_760;PROD_20;7;2
ORD_760;PROD_45;7;2
ORD_760;PROD_11;7;1
ORD_760;PROD_29;2;3
ORD_760;PROD_9;5;4
ORD_760;PROD_25;1;2
ORD_760;PROD_28;1;2
ORD_760;PROD_45;3;3
ORD_761;PROD_35;6;5
ORD_761;PROD_42;4;2
ORD_761;PROD_39;6;4
ORD_761;PROD_4;8;3
ORD_761;PROD_30;7;2
ORD_761;PROD_30;1;4
ORD_761;PROD_16;4;4
ORD_762;PROD_11;9;5
ORD_762;PROD_43;8;5
ORD_762;PROD_15;3;1
ORD_762;PROD_44;9;5
ORD_762;PROD_36;5;2
ORD_762;PROD_1;2;5
ORD_762;PROD_26;9;2
ORD_763;PROD_36;3;4
ORD_763;PROD_33;7;4
ORD_763;PROD_36;5;1
ORD_763;PROD_33;1;3
ORD_763;PROD_49;8;2
ORD_763;PROD_2;2;3
ORD_763;PROD_33;6;5
ORD_763;PROD_11;1;3
ORD_764;PROD_15;3;3
ORD_764;PROD_44;6;5
ORD_764;PROD_36;5;2
ORD_764;PROD_1;7;5
ORD_764;PROD_11;6;4
ORD_764;PROD_43;3;4
ORD_765;PROD_23;5;3
ORD_765;PROD_18;6;3
ORD_765;PROD_27;9;3
ORD_765;PROD_20;7;4
ORD_765;PROD_45;3;5
ORD_765;PROD_38;5;2
ORD_765;PROD_37;5;4
ORD_766;PROD_33;2;2
ORD_766;PROD_38;4;2
ORD_766;PROD_49;9;5
ORD_766;PROD_19;7;4
ORD_766;PROD_15;3;4
ORD_766;PROD_15;4;3
ORD_766;PROD_22;8;2
ORD_766;PROD_15;5;5
ORD_766;PROD_44;3;4
ORD_767;PROD_12;3;3
ORD_767;PROD_11;3;1
ORD_767;PROD_39;3;3
ORD_767;PROD_23;4;2
ORD_767;PROD_40;1;4
ORD_767;PROD_24;4;1
ORD_767;PROD_14;9;1
ORD_767;PROD_41;3;4
ORD_767;PROD_12;6;5
ORD_767;PROD_39;2;3
ORD_767;PROD_38;1;1
ORD_768;PROD_35;3;5
ORD_768;PROD_35;8;2
ORD_768;PROD_7;1;3
ORD_768;PROD_7;6;2
ORD_768;PROD_28;4;3
ORD_768;PROD_42;8;4
ORD_768;PROD_14;7;3
ORD_768;PROD_15;8;2
ORD_768;PROD_13;8;3
ORD_768;PROD_23;1;3
ORD_768;PROD_37;4;1
ORD_769;PROD_11;1;2
ORD_769;PROD_43;7;1
ORD_769;PROD_36;6;2
ORD_769;PROD_33;4;5
ORD_769;PROD_5;9;5
ORD_769;PROD_6;5;4
ORD_769;PROD_49;4;1
ORD_769;PROD_12;7;1
ORD_769;PROD_22;4;1
ORD_769;PROD_40;5;5
ORD_769;PROD_43;2;1
ORD_769;PROD_18;3;2
ORD_769;PROD_9;8;5
ORD_769;PROD_14;9;2
ORD_769;PROD_32;2;5
ORD_770;PROD_15;2;4
ORD_770;PROD_44;1;2
ORD_770;PROD_36;4;2
ORD_770;PROD_1;5;3
ORD_770;PROD_15;7;3
ORD_770;PROD_22;6;5
ORD_771;PROD_36;3;5
ORD_771;PROD_33;3;5
ORD_771;PROD_29;2;5
ORD_771;PROD_47;9;1
ORD_771;PROD_9;3;1
ORD_771;PROD_34;4;5
ORD_771;PROD_10;5;4
ORD_771;PROD_37;1;4
ORD_771;PROD_19;1;4
ORD_771;PROD_34;1;1
ORD_771;PROD_34;8;1
ORD_771;PROD_24;2;4
ORD_771;PROD_33;8;1
ORD_771;PROD_5;2;5
ORD_771;PROD_8;8;2
ORD_772;PROD_15;4;3
ORD_772;PROD_44;9;2
ORD_772;PROD_36;1;2
ORD_772;PROD_1;4;3
ORD_772;PROD_3;5;4
ORD_772;PROD_21;5;2
ORD_772;PROD_12;6;5
ORD_772;PROD_16;6;5
ORD_772;PROD_31;1;1
ORD_772;PROD_15;1;2
ORD_772;PROD_22;6;3
ORD_772;PROD_50;8;1
ORD_772;PROD_18;5;2
ORD_772;PROD_6;6;4
ORD_773;PROD_49;4;5
ORD_773;PROD_45;8;1
ORD_773;PROD_13;7;4
ORD_773;PROD_5;9;1
ORD_773;PROD_22;9;3
ORD_774;PROD_15;3;2
ORD_774;PROD_22;8;2
ORD_774;PROD_3;8;5
ORD_774;PROD_21;1;2
ORD_774;PROD_12;1;5
ORD_774;PROD_16;4;4
ORD_774;PROD_31;1;1
ORD_775;PROD_33;5;2
ORD_775;PROD_38;6;3
ORD_775;PROD_49;4;3
ORD_775;PROD_19;6;1
ORD_775;PROD_15;5;1
ORD_775;PROD_22;4;5
ORD_776;PROD_14;9;4
ORD_776;PROD_24;3;5
ORD_776;PROD_35;9;4
ORD_776;PROD_1;9;5
ORD_776;PROD_14;6;2
ORD_776;PROD_9;5;3
ORD_776;PROD_9;9;1
ORD_777;PROD_17;3;4
ORD_777;PROD_49;8;3
ORD_777;PROD_25;6;2
ORD_777;PROD_47;3;3
ORD_777;PROD_44;3;3
ORD_777;PROD_42;4;3
ORD_777;PROD_28;8;4
ORD_777;PROD_32;3;1
ORD_777;PROD_31;7;5
ORD_777;PROD_12;5;1
ORD_777;PROD_44;9;3
ORD_777;PROD_23;8;1
ORD_777;PROD_3;4;1
ORD_777;PROD_12;4;4
ORD_777;PROD_14;5;5
ORD_778;PROD_30;4;2
ORD_778;PROD_11;7;1
ORD_778;PROD_22;9;3
ORD_778;PROD_39;1;3
ORD_778;PROD_40;6;4
ORD_778;PROD_43;1;1
ORD_778;PROD_38;3;2
ORD_778;PROD_23;7;3
ORD_778;PROD_39;5;2
ORD_778;PROD_50;4;5
ORD_779;PROD_22;4;3
ORD_779;PROD_12;1;4
ORD_779;PROD_10;1;2
ORD_779;PROD_50;1;1
ORD_779;PROD_2;1;4
ORD_779;PROD_5;5;3
ORD_779;PROD_39;8;3
ORD_779;PROD_42;3;2
ORD_779;PROD_24;1;2
ORD_779;PROD_23;4;4
ORD_779;PROD_27;5;5
ORD_780;PROD_33;4;1
ORD_780;PROD_38;8;2
ORD_780;PROD_49;4;5
ORD_780;PROD_19;1;4
ORD_780;PROD_15;8;3
ORD_780;PROD_36;1;3
ORD_780;PROD_33;6;1
ORD_780;PROD_36;5;3
ORD_780;PROD_33;4;1
ORD_780;PROD_41;8;4
ORD_780;PROD_43;8;5
ORD_780;PROD_41;3;4
ORD_780;PROD_12;5;4
ORD_781;PROD_33;6;1
ORD_781;PROD_38;6;2
ORD_781;PROD_49;8;5
ORD_781;PROD_19;1;5
ORD_781;PROD_15;2;3
ORD_781;PROD_8;6;1
ORD_782;PROD_15;7;2
ORD_782;PROD_22;9;4
ORD_782;PROD_12;6;2
ORD_782;PROD_50;1;1
ORD_782;PROD_7;5;3
ORD_782;PROD_11;1;2
ORD_782;PROD_15;7;4
ORD_782;PROD_44;3;3
ORD_782;PROD_24;8;1
ORD_782;PROD_4;5;5
ORD_782;PROD_29;5;3
ORD_782;PROD_46;8;5
ORD_782;PROD_43;8;1
ORD_782;PROD_28;5;3
ORD_782;PROD_11;9;4
ORD_783;PROD_13;7;3
ORD_783;PROD_38;6;4
ORD_783;PROD_37;7;5
ORD_783;PROD_4;8;5
ORD_783;PROD_49;1;5
ORD_783;PROD_12;9;4
ORD_783;PROD_16;1;3
ORD_783;PROD_36;5;5
ORD_783;PROD_10;4;5
ORD_783;PROD_36;7;4
ORD_783;PROD_29;7;5
ORD_784;PROD_47;5;5
ORD_784;PROD_13;1;1
ORD_784;PROD_25;2;1
ORD_784;PROD_29;5;5
ORD_784;PROD_29;6;2
ORD_784;PROD_11;4;5
ORD_784;PROD_1;1;5
ORD_784;PROD_20;3;4
ORD_784;PROD_19;1;5
ORD_784;PROD_18;7;3
ORD_784;PROD_29;9;4
ORD_784;PROD_1;8;2
ORD_785;PROD_12;3;2
ORD_785;PROD_50;3;4
ORD_785;PROD_7;2;1
ORD_785;PROD_11;2;2
ORD_785;PROD_15;5;4
ORD_785;PROD_22;5;2
ORD_786;PROD_23;7;4
ORD_786;PROD_27;4;4
ORD_786;PROD_39;7;3
ORD_786;PROD_5;4;1
ORD_786;PROD_13;7;3
ORD_786;PROD_30;9;3
ORD_786;PROD_49;7;4
ORD_786;PROD_10;4;4
ORD_786;PROD_36;9;3
ORD_786;PROD_19;6;2
ORD_786;PROD_6;7;2
ORD_786;PROD_6;3;1
ORD_786;PROD_24;9;2
ORD_786;PROD_40;3;1
ORD_786;PROD_11;4;2
ORD_787;PROD_11;1;2
ORD_787;PROD_43;5;3
ORD_787;PROD_11;5;4
ORD_787;PROD_43;2;3
ORD_787;PROD_29;8;3
ORD_788;PROD_35;9;4
ORD_788;PROD_40;6;1
ORD_788;PROD_31;2;4
ORD_788;PROD_42;1;5
ORD_788;PROD_15;2;3
ORD_788;PROD_47;3;1
ORD_788;PROD_33;2;3
ORD_789;PROD_22;5;5
ORD_789;PROD_46;4;4
ORD_789;PROD_43;8;2
ORD_789;PROD_8;2;1
ORD_789;PROD_29;7;2
ORD_790;PROD_26;1;3
ORD_790;PROD_41;2;1
ORD_790;PROD_22;4;3
ORD_790;PROD_27;5;5
ORD_790;PROD_50;4;4
ORD_790;PROD_4;5;5
ORD_790;PROD_11;5;1
ORD_790;PROD_35;1;2
ORD_791;PROD_11;7;1
ORD_791;PROD_43;2;3
ORD_791;PROD_3;5;2
ORD_791;PROD_21;4;5
ORD_791;PROD_12;9;5
ORD_791;PROD_16;9;2
ORD_791;PROD_31;5;4
ORD_791;PROD_36;5;3
ORD_791;PROD_33;1;1
ORD_792;PROD_6;9;3
ORD_792;PROD_9;1;4
ORD_792;PROD_22;8;2
ORD_792;PROD_36;7;5
ORD_792;PROD_17;6;5
ORD_792;PROD_34;2;4
ORD_792;PROD_39;1;4
ORD_792;PROD_21;9;1
ORD_792;PROD_4;4;3
ORD_793;PROD_33;8;2
ORD_793;PROD_38;6;1
ORD_793;PROD_49;4;4
ORD_793;PROD_19;6;3
ORD_793;PROD_15;1;1
ORD_793;PROD_23;9;3
ORD_793;PROD_47;1;4
ORD_793;PROD_34;5;5
ORD_793;PROD_24;1;2
ORD_794;PROD_13;9;3
ORD_794;PROD_1;5;3
ORD_794;PROD_9;4;3
ORD_794;PROD_11;4;4
ORD_794;PROD_30;5;4
ORD_794;PROD_47;7;5
ORD_794;PROD_4;2;4
ORD_794;PROD_29;4;5
ORD_794;PROD_39;9;2
ORD_794;PROD_14;5;4
ORD_794;PROD_10;6;5
ORD_794;PROD_32;4;5
ORD_794;PROD_27;6;2
ORD_794;PROD_48;1;5
ORD_795;PROD_3;5;2
ORD_795;PROD_21;9;2
ORD_795;PROD_12;7;4
ORD_795;PROD_16;8;4
ORD_795;PROD_31;8;2
ORD_795;PROD_36;1;2
ORD_795;PROD_33;4;4
ORD_795;PROD_38;5;1
ORD_795;PROD_24;9;4
ORD_795;PROD_23;3;3
ORD_795;PROD_1;9;1
ORD_795;PROD_35;2;3
ORD_795;PROD_17;2;5
ORD_795;PROD_45;8;4
ORD_796;PROD_36;4;5
ORD_796;PROD_33;1;2
ORD_796;PROD_15;5;3
ORD_796;PROD_22;6;4
ORD_796;PROD_33;4;5
ORD_796;PROD_38;5;4
ORD_797;PROD_11;9;4
ORD_797;PROD_43;9;4
ORD_797;PROD_3;6;4
ORD_797;PROD_21;7;3
ORD_797;PROD_12;5;5
ORD_797;PROD_16;4;5
ORD_798;PROD_38;4;4
ORD_798;PROD_1;7;4
ORD_798;PROD_37;7;5
ORD_798;PROD_37;2;5
ORD_798;PROD_35;9;5
ORD_798;PROD_2;7;5
ORD_798;PROD_3;2;4
ORD_798;PROD_25;6;5
ORD_799;PROD_18;1;5
ORD_799;PROD_9;2;1
ORD_799;PROD_13;7;1
ORD_799;PROD_8;4;3
ORD_799;PROD_9;8;5
ORD_799;PROD_38;5;3
ORD_799;PROD_5;2;3
ORD_799;PROD_48;4;2
ORD_799;PROD_9;1;4
ORD_799;PROD_18;8;3
ORD_800;PROD_46;4;4
ORD_800;PROD_14;4;1
ORD_800;PROD_48;3;2
ORD_800;PROD_26;6;5
ORD_800;PROD_26;1;1
ORD_800;PROD_41;7;4
ORD_800;PROD_12;6;4
ORD_800;PROD_6;2;4
ORD_800;PROD_21;2;5
ORD_800;PROD_17;1;1
ORD_800;PROD_44;9;3
ORD_800;PROD_43;7;1
ORD_800;PROD_7;8;2
ORD_800;PROD_16;1;2
ORD_801;PROD_15;1;5
ORD_801;PROD_44;6;2
ORD_801;PROD_36;5;1
ORD_801;PROD_1;9;4
ORD_801;PROD_15;6;2
ORD_801;PROD_44;4;1
ORD_801;PROD_36;5;4
ORD_801;PROD_1;7;2
ORD_801;PROD_11;6;5
ORD_801;PROD_12;9;1
ORD_801;PROD_15;6;5
ORD_801;PROD_21;1;2
ORD_801;PROD_46;4;1
ORD_801;PROD_11;4;4
ORD_801;PROD_46;4;3
ORD_802;PROD_15;1;5
ORD_802;PROD_22;8;2
ORD_802;PROD_33;5;2
ORD_802;PROD_38;4;5
ORD_802;PROD_49;7;4
ORD_803;PROD_3;3;3
ORD_803;PROD_21;1;2
ORD_803;PROD_12;8;4
ORD_803;PROD_16;3;2
ORD_803;PROD_31;9;2
ORD_803;PROD_1;4;1
ORD_803;PROD_32;1;2
ORD_803;PROD_29;3;4
ORD_803;PROD_50;1;1
ORD_803;PROD_44;7;3
ORD_804;PROD_7;8;3
ORD_804;PROD_47;2;1
ORD_804;PROD_18;7;3
ORD_804;PROD_3;5;3
ORD_804;PROD_9;6;4
ORD_804;PROD_23;6;1
ORD_804;PROD_26;1;1
ORD_805;PROD_13;5;2
ORD_805;PROD_48;1;2
ORD_805;PROD_48;7;2
ORD_805;PROD_8;1;2
ORD_805;PROD_29;1;2
ORD_805;PROD_25;1;1
ORD_805;PROD_15;9;1
ORD_805;PROD_28;7;2
ORD_805;PROD_26;2;3
ORD_805;PROD_18;6;3
ORD_805;PROD_6;2;4
ORD_806;PROD_11;7;1
ORD_806;PROD_43;5;1
ORD_806;PROD_3;9;4
ORD_806;PROD_21;1;2
ORD_806;PROD_12;2;4
ORD_806;PROD_16;8;5
ORD_806;PROD_31;5;5
ORD_807;PROD_47;7;1
ORD_807;PROD_36;9;3
ORD_807;PROD_29;1;5
ORD_807;PROD_32;4;4
ORD_807;PROD_37;5;5
ORD_808;PROD_11;2;5
ORD_808;PROD_43;7;1
ORD_808;PROD_15;4;4
ORD_808;PROD_22;5;3
ORD_808;PROD_15;8;2
ORD_808;PROD_44;6;4
ORD_808;PROD_36;7;3
ORD_808;PROD_1;5;3
ORD_808;PROD_44;6;4
ORD_808;PROD_39;4;2
ORD_809;PROD_15;1;4
ORD_809;PROD_44;9;5
ORD_809;PROD_36;3;3
ORD_809;PROD_1;2;1
ORD_809;PROD_12;2;2
ORD_809;PROD_50;2;2
ORD_809;PROD_7;4;3
ORD_809;PROD_11;8;5
ORD_810;PROD_3;3;5
ORD_810;PROD_21;7;1
ORD_810;PROD_12;3;3
ORD_810;PROD_16;2;3
ORD_810;PROD_31;1;4
ORD_810;PROD_3;9;1
ORD_810;PROD_21;9;1
ORD_810;PROD_12;3;4
ORD_810;PROD_16;7;3
ORD_810;PROD_31;3;4
ORD_811;PROD_15;3;3
ORD_811;PROD_22;6;1
ORD_811;PROD_7;9;2
ORD_811;PROD_11;9;3
ORD_811;PROD_42;9;2
ORD_811;PROD_30;5;5
ORD_812;PROD_12;3;2
ORD_812;PROD_50;8;3
ORD_812;PROD_7;3;3
ORD_812;PROD_11;5;4
ORD_812;PROD_15;4;3
ORD_813;PROD_19;5;4
ORD_813;PROD_32;2;3
ORD_813;PROD_45;9;5
ORD_813;PROD_49;7;2
ORD_813;PROD_6;3;4
ORD_813;PROD_9;7;2
ORD_813;PROD_21;8;4
ORD_814;PROD_15;3;4
ORD_814;PROD_44;9;5
ORD_814;PROD_36;7;3
ORD_814;PROD_1;8;5
ORD_814;PROD_33;9;1
ORD_814;PROD_38;4;5
ORD_814;PROD_49;3;4
ORD_814;PROD_19;8;2
ORD_814;PROD_15;9;1
ORD_814;PROD_45;9;3
ORD_814;PROD_2;4;5
ORD_814;PROD_45;3;2
ORD_814;PROD_18;3;5
ORD_814;PROD_10;2;4
ORD_815;PROD_12;7;2
ORD_815;PROD_4;2;3
ORD_815;PROD_39;9;3
ORD_815;PROD_15;3;5
ORD_815;PROD_15;1;1
ORD_815;PROD_30;5;4
ORD_815;PROD_48;9;2
ORD_815;PROD_9;6;2
ORD_815;PROD_21;2;3
ORD_816;PROD_15;5;3
ORD_816;PROD_22;4;4
ORD_816;PROD_18;7;2
ORD_816;PROD_34;2;5
ORD_816;PROD_47;6;2
ORD_816;PROD_18;1;2
ORD_816;PROD_40;4;2
ORD_816;PROD_11;1;4
ORD_816;PROD_6;1;2
ORD_817;PROD_32;7;4
ORD_817;PROD_4;1;1
ORD_817;PROD_12;3;1
ORD_817;PROD_25;3;2
ORD_817;PROD_47;8;1
ORD_817;PROD_46;2;2
ORD_817;PROD_25;9;2
ORD_818;PROD_1;9;1
ORD_818;PROD_15;7;2
ORD_818;PROD_36;7;3
ORD_818;PROD_7;2;1
ORD_818;PROD_21;7;4
ORD_818;PROD_32;5;2
ORD_818;PROD_9;7;5
ORD_818;PROD_32;3;4
ORD_818;PROD_29;6;1
ORD_818;PROD_31;6;4
ORD_819;PROD_3;1;5
ORD_819;PROD_21;7;4
ORD_819;PROD_12;5;3
ORD_819;PROD_16;7;2
ORD_819;PROD_31;3;2
ORD_819;PROD_33;6;1
ORD_819;PROD_38;1;1
ORD_819;PROD_49;3;4
ORD_819;PROD_19;9;1
ORD_819;PROD_15;4;1
ORD_819;PROD_12;5;2
ORD_819;PROD_50;8;2
ORD_819;PROD_7;4;4
ORD_820;PROD_33;5;3
ORD_820;PROD_38;5;4
ORD_820;PROD_49;6;4
ORD_820;PROD_19;9;3
ORD_820;PROD_15;8;3
ORD_820;PROD_15;8;3
ORD_820;PROD_44;2;5
ORD_820;PROD_36;3;2
ORD_820;PROD_1;4;3
ORD_821;PROD_36;6;5
ORD_821;PROD_33;3;5
ORD_821;PROD_10;1;3
ORD_821;PROD_8;5;4
ORD_821;PROD_50;2;2
ORD_821;PROD_16;2;4
ORD_821;PROD_32;7;2
ORD_821;PROD_5;9;3
ORD_821;PROD_29;8;1
ORD_821;PROD_50;3;2
ORD_821;PROD_16;7;1
ORD_821;PROD_24;2;1
ORD_821;PROD_17;3;3
ORD_821;PROD_26;9;1
ORD_822;PROD_33;5;1
ORD_822;PROD_38;3;2
ORD_822;PROD_49;1;4
ORD_822;PROD_19;4;3
ORD_822;PROD_15;6;2
ORD_822;PROD_15;8;3
ORD_822;PROD_44;8;5
ORD_822;PROD_36;7;1
ORD_823;PROD_30;1;1
ORD_823;PROD_14;5;3
ORD_823;PROD_15;7;3
ORD_823;PROD_13;5;5
ORD_823;PROD_29;5;4
ORD_823;PROD_7;9;2
ORD_823;PROD_31;8;2
ORD_823;PROD_38;9;2
ORD_823;PROD_12;9;5
ORD_823;PROD_15;9;3
ORD_823;PROD_10;5;2
ORD_824;PROD_28;3;2
ORD_824;PROD_16;7;3
ORD_824;PROD_2;5;3
ORD_824;PROD_28;2;3
ORD_824;PROD_7;3;2
ORD_824;PROD_44;9;1
ORD_824;PROD_20;4;1
ORD_824;PROD_50;7;1
ORD_824;PROD_9;6;2
ORD_824;PROD_48;7;3
ORD_824;PROD_47;4;3
ORD_825;PROD_48;3;3
ORD_825;PROD_44;5;1
ORD_825;PROD_42;4;4
ORD_825;PROD_18;5;2
ORD_825;PROD_10;3;1
ORD_825;PROD_1;9;3
ORD_826;PROD_15;7;5
ORD_826;PROD_22;7;5
ORD_826;PROD_42;3;5
ORD_826;PROD_44;3;4
ORD_826;PROD_8;9;1
ORD_826;PROD_28;8;2
ORD_826;PROD_48;2;1
ORD_826;PROD_26;7;5
ORD_826;PROD_1;2;3
ORD_826;PROD_35;9;2
ORD_826;PROD_2;2;3
ORD_826;PROD_13;2;4
ORD_826;PROD_35;9;3
ORD_826;PROD_32;4;2
ORD_827;PROD_8;5;2
ORD_827;PROD_22;7;4
ORD_827;PROD_19;5;5
ORD_827;PROD_45;5;5
ORD_827;PROD_17;1;2
ORD_827;PROD_49;6;4
ORD_827;PROD_24;5;2
ORD_827;PROD_21;8;1
ORD_827;PROD_11;9;3
ORD_827;PROD_7;9;5
ORD_827;PROD_47;9;5
ORD_827;PROD_24;9;1
ORD_827;PROD_14;5;2
ORD_827;PROD_28;3;3
ORD_827;PROD_37;8;1
ORD_828;PROD_15;6;5
ORD_828;PROD_22;2;4
ORD_828;PROD_45;1;1
ORD_828;PROD_3;4;4
ORD_828;PROD_46;1;4
ORD_828;PROD_2;4;3
ORD_828;PROD_26;3;3
ORD_828;PROD_24;9;1
ORD_829;PROD_9;7;3
ORD_829;PROD_9;3;1
ORD_829;PROD_26;4;2
ORD_829;PROD_18;9;1
ORD_829;PROD_12;8;4
ORD_829;PROD_31;9;4
ORD_829;PROD_8;2;5
ORD_829;PROD_29;4;1
ORD_829;PROD_48;5;1
ORD_829;PROD_34;3;2
ORD_829;PROD_22;5;1
ORD_829;PROD_48;9;5
ORD_830;PROD_44;1;5
ORD_830;PROD_32;5;4
ORD_830;PROD_16;6;1
ORD_830;PROD_42;8;3
ORD_830;PROD_16;3;1
ORD_830;PROD_46;6;4
ORD_830;PROD_3;3;5
ORD_830;PROD_45;1;5
ORD_831;PROD_10;5;5
ORD_831;PROD_50;3;3
ORD_831;PROD_14;5;5
ORD_831;PROD_38;4;1
ORD_831;PROD_24;5;2
ORD_832;PROD_2;2;4
ORD_832;PROD_8;9;3
ORD_832;PROD_16;8;5
ORD_832;PROD_31;7;3
ORD_832;PROD_13;5;5
ORD_832;PROD_36;5;1
ORD_832;PROD_30;1;5
ORD_832;PROD_17;5;5
ORD_832;PROD_20;4;3
ORD_832;PROD_20;8;1
ORD_833;PROD_23;4;2
ORD_833;PROD_26;8;3
ORD_833;PROD_26;6;5
ORD_833;PROD_12;1;5
ORD_833;PROD_36;2;5
ORD_833;PROD_10;1;1
ORD_833;PROD_46;3;1
ORD_833;PROD_14;3;2
ORD_833;PROD_50;4;3
ORD_833;PROD_37;7;1
ORD_833;PROD_28;9;5
ORD_833;PROD_23;3;2
ORD_833;PROD_42;9;3
ORD_834;PROD_11;3;3
ORD_834;PROD_43;9;5
ORD_834;PROD_15;1;4
ORD_834;PROD_44;1;5
ORD_834;PROD_36;2;3
ORD_834;PROD_1;7;5
ORD_834;PROD_36;3;4
ORD_834;PROD_33;9;2
ORD_834;PROD_31;9;2
ORD_834;PROD_3;5;3
ORD_834;PROD_49;1;5
ORD_834;PROD_15;9;1
ORD_834;PROD_46;9;2
ORD_834;PROD_43;8;3
ORD_835;PROD_36;3;3
ORD_835;PROD_33;7;4
ORD_835;PROD_7;2;5
ORD_835;PROD_16;9;5
ORD_835;PROD_27;7;3
ORD_835;PROD_24;7;2
ORD_835;PROD_3;5;2
ORD_835;PROD_25;3;3
ORD_835;PROD_24;4;3
ORD_835;PROD_31;4;2
ORD_836;PROD_39;5;1
ORD_836;PROD_3;2;2
ORD_836;PROD_39;8;1
ORD_836;PROD_35;2;4
ORD_836;PROD_10;5;4
ORD_837;PROD_15;8;5
ORD_837;PROD_44;9;4
ORD_837;PROD_36;4;2
ORD_837;PROD_1;4;4
ORD_837;PROD_36;5;1
ORD_837;PROD_33;8;3
ORD_837;PROD_31;4;2
ORD_837;PROD_3;3;3
ORD_838;PROD_33;1;3
ORD_838;PROD_38;9;5
ORD_838;PROD_49;3;5
ORD_838;PROD_19;2;5
ORD_838;PROD_15;3;4
ORD_838;PROD_36;6;5
ORD_838;PROD_6;6;4
ORD_838;PROD_50;5;4
ORD_839;PROD_3;9;5
ORD_839;PROD_21;9;5
ORD_839;PROD_12;7;5
ORD_839;PROD_16;9;3
ORD_839;PROD_31;4;5
ORD_839;PROD_15;7;4
ORD_839;PROD_4;7;2
ORD_840;PROD_27;8;4
ORD_840;PROD_41;3;3
ORD_840;PROD_1;5;3
ORD_840;PROD_25;1;4
ORD_840;PROD_30;1;4
ORD_840;PROD_23;4;3
ORD_840;PROD_8;6;4
ORD_840;PROD_35;3;4
ORD_840;PROD_47;7;3
ORD_840;PROD_44;6;2
ORD_840;PROD_50;6;4
ORD_840;PROD_43;1;3
ORD_840;PROD_27;9;1
ORD_840;PROD_34;6;1
ORD_841;PROD_50;1;4
ORD_841;PROD_8;7;1
ORD_841;PROD_28;1;1
ORD_841;PROD_13;3;3
ORD_841;PROD_15;1;4
ORD_841;PROD_2;8;5
ORD_841;PROD_4;9;3
ORD_841;PROD_36;1;1
ORD_841;PROD_41;8;4
ORD_841;PROD_5;2;5
ORD_841;PROD_29;7;5
ORD_841;PROD_29;1;3
ORD_841;PROD_14;6;2
ORD_841;PROD_9;9;5
ORD_842;PROD_12;7;2
ORD_842;PROD_50;8;4
ORD_842;PROD_7;6;4
ORD_842;PROD_11;6;1
ORD_842;PROD_47;9;1
ORD_842;PROD_31;8;2
ORD_842;PROD_32;4;4
ORD_842;PROD_15;3;5
ORD_842;PROD_2;5;5
ORD_842;PROD_47;5;5
ORD_842;PROD_36;5;2
ORD_843;PROD_15;4;1
ORD_843;PROD_22;9;3
ORD_843;PROD_30;7;4
ORD_843;PROD_3;8;3
ORD_843;PROD_28;5;3
ORD_843;PROD_10;6;2
ORD_843;PROD_9;5;3
ORD_843;PROD_40;2;5
ORD_843;PROD_28;4;4
ORD_844;PROD_31;6;4
ORD_844;PROD_46;6;1
ORD_844;PROD_34;5;2
ORD_844;PROD_38;1;3
ORD_844;PROD_28;8;4
ORD_844;PROD_41;8;5
ORD_844;PROD_41;4;4
ORD_845;PROD_20;6;3
ORD_845;PROD_50;1;2
ORD_845;PROD_42;6;1
ORD_845;PROD_43;2;1
ORD_845;PROD_18;3;5
ORD_845;PROD_38;8;3
ORD_845;PROD_36;3;1
ORD_845;PROD_43;2;5
ORD_846;PROD_33;7;5
ORD_846;PROD_38;3;2
ORD_846;PROD_49;1;4
ORD_846;PROD_19;1;3
ORD_846;PROD_15;2;1
ORD_846;PROD_15;2;3
ORD_846;PROD_44;2;4
ORD_846;PROD_36;7;2
ORD_846;PROD_1;6;1
ORD_846;PROD_34;3;5
ORD_846;PROD_4;5;1
ORD_846;PROD_32;9;3
ORD_847;PROD_33;4;3
ORD_847;PROD_38;4;3
ORD_847;PROD_49;1;1
ORD_847;PROD_19;6;5
ORD_847;PROD_15;1;1
ORD_847;PROD_33;7;3
ORD_847;PROD_47;8;4
ORD_847;PROD_33;5;4
ORD_847;PROD_40;4;4
ORD_847;PROD_39;7;5
ORD_847;PROD_18;9;1
ORD_847;PROD_6;1;5
ORD_847;PROD_30;6;4
ORD_848;PROD_15;9;1
ORD_848;PROD_22;2;3
ORD_848;PROD_33;2;5
ORD_848;PROD_38;8;1
ORD_848;PROD_49;9;5
ORD_848;PROD_19;9;4
ORD_849;PROD_11;2;4
ORD_849;PROD_43;4;4
ORD_849;PROD_15;2;3
ORD_849;PROD_22;5;3
ORD_849;PROD_12;1;3
ORD_849;PROD_50;1;5
ORD_849;PROD_7;6;4
ORD_849;PROD_11;4;5
ORD_849;PROD_49;4;1
ORD_849;PROD_39;9;4
ORD_849;PROD_35;4;4
ORD_849;PROD_41;8;1
ORD_849;PROD_4;2;3
ORD_850;PROD_33;9;1
ORD_850;PROD_13;9;2
ORD_850;PROD_3;2;1
ORD_850;PROD_3;7;2
ORD_850;PROD_18;5;2
ORD_850;PROD_30;3;5
ORD_850;PROD_20;5;3
ORD_850;PROD_50;8;2
ORD_850;PROD_25;2;2
ORD_850;PROD_49;7;2
ORD_850;PROD_10;5;5
ORD_851;PROD_10;3;4
ORD_851;PROD_20;6;1
ORD_851;PROD_33;8;1
ORD_851;PROD_14;7;1
ORD_851;PROD_25;8;1
ORD_852;PROD_10;4;2
ORD_852;PROD_28;7;1
ORD_852;PROD_27;1;3
ORD_852;PROD_14;6;5
ORD_852;PROD_13;9;4
ORD_852;PROD_43;5;1
ORD_852;PROD_18;6;5
ORD_852;PROD_1;8;1
ORD_852;PROD_1;7;5
ORD_852;PROD_3;7;2
ORD_853;PROD_15;6;4
ORD_853;PROD_44;2;2
ORD_853;PROD_36;8;4
ORD_853;PROD_1;7;5
ORD_853;PROD_15;5;4
ORD_854;PROD_50;6;4
ORD_854;PROD_2;9;3
ORD_854;PROD_39;6;3
ORD_854;PROD_11;6;4
ORD_854;PROD_13;4;5
ORD_855;PROD_30;8;4
ORD_855;PROD_28;4;5
ORD_855;PROD_44;5;1
ORD_855;PROD_11;5;5
ORD_855;PROD_23;9;4
ORD_855;PROD_6;8;1
ORD_855;PROD_17;7;2
ORD_855;PROD_37;7;3
ORD_855;PROD_29;9;4
ORD_855;PROD_22;8;3
ORD_856;PROD_46;4;2
ORD_856;PROD_8;9;2
ORD_856;PROD_13;4;2
ORD_856;PROD_29;8;3
ORD_856;PROD_36;2;5
ORD_857;PROD_33;3;4
ORD_857;PROD_38;4;2
ORD_857;PROD_49;3;2
ORD_857;PROD_19;4;4
ORD_857;PROD_15;6;5
ORD_857;PROD_16;5;5
ORD_857;PROD_48;9;4
ORD_857;PROD_40;6;2
ORD_858;PROD_45;4;1
ORD_858;PROD_12;6;4
ORD_858;PROD_16;9;1
ORD_858;PROD_30;2;3
ORD_858;PROD_9;5;3
ORD_858;PROD_13;4;1
ORD_859;PROD_11;5;2
ORD_859;PROD_24;5;2
ORD_859;PROD_22;8;1
ORD_859;PROD_26;9;3
ORD_859;PROD_10;2;2
ORD_859;PROD_29;7;4
ORD_859;PROD_15;4;4
ORD_859;PROD_40;7;3
ORD_859;PROD_42;8;2
ORD_859;PROD_35;7;4
ORD_859;PROD_17;6;4
ORD_859;PROD_5;7;4
ORD_859;PROD_4;4;1
ORD_859;PROD_48;1;4
ORD_859;PROD_5;4;4
ORD_860;PROD_36;5;4
ORD_860;PROD_33;7;5
ORD_860;PROD_12;5;3
ORD_860;PROD_50;9;2
ORD_860;PROD_7;3;2
ORD_860;PROD_11;6;4
ORD_860;PROD_6;2;3
ORD_860;PROD_18;4;3
ORD_860;PROD_37;3;4
ORD_860;PROD_39;3;3
ORD_860;PROD_18;4;2
ORD_861;PROD_11;1;1
ORD_861;PROD_43;8;5
ORD_861;PROD_11;7;3
ORD_861;PROD_43;9;3
ORD_861;PROD_4;1;2
ORD_861;PROD_17;7;5
ORD_861;PROD_19;7;1
ORD_861;PROD_5;3;1
ORD_861;PROD_7;5;4
ORD_861;PROD_35;9;5
ORD_861;PROD_15;3;2
ORD_862;PROD_12;9;2
ORD_862;PROD_50;1;2
ORD_862;PROD_7;4;3
ORD_862;PROD_11;9;2
ORD_862;PROD_15;7;2
ORD_862;PROD_22;5;3
ORD_862;PROD_27;3;1
ORD_862;PROD_22;7;4
ORD_862;PROD_36;5;2
ORD_862;PROD_6;7;1
ORD_862;PROD_8;5;5
ORD_862;PROD_48;5;5
ORD_863;PROD_35;7;4
ORD_863;PROD_47;3;2
ORD_863;PROD_16;8;1
ORD_863;PROD_15;9;2
ORD_863;PROD_27;3;4
ORD_863;PROD_49;3;1
ORD_864;PROD_36;4;4
ORD_864;PROD_33;4;3
ORD_864;PROD_27;8;2
ORD_864;PROD_1;1;4
ORD_864;PROD_19;3;1
ORD_864;PROD_32;8;1
ORD_864;PROD_18;4;3
ORD_864;PROD_25;5;3
ORD_864;PROD_5;4;5
ORD_865;PROD_45;9;2
ORD_865;PROD_13;2;1
ORD_865;PROD_1;6;3
ORD_865;PROD_28;1;1
ORD_865;PROD_6;8;5
ORD_865;PROD_21;1;1
ORD_865;PROD_4;4;4
ORD_865;PROD_14;2;5
ORD_865;PROD_30;5;4
ORD_865;PROD_34;7;3
ORD_865;PROD_6;9;5
ORD_865;PROD_29;2;3
ORD_865;PROD_9;2;4
ORD_866;PROD_6;8;4
ORD_866;PROD_23;3;3
ORD_866;PROD_37;5;4
ORD_866;PROD_18;8;2
ORD_866;PROD_12;8;1
ORD_867;PROD_33;7;1
ORD_867;PROD_38;1;1
ORD_867;PROD_49;1;1
ORD_867;PROD_19;3;3
ORD_867;PROD_15;4;2
ORD_867;PROD_12;4;3
ORD_867;PROD_50;2;1
ORD_868;PROD_15;4;2
ORD_868;PROD_44;4;5
ORD_868;PROD_36;8;5
ORD_868;PROD_1;4;3
ORD_868;PROD_3;2;2
ORD_868;PROD_21;1;1
ORD_868;PROD_12;8;3
ORD_869;PROD_47;3;5
ORD_869;PROD_29;6;3
ORD_869;PROD_50;7;5
ORD_869;PROD_27;4;2
ORD_869;PROD_11;1;3
ORD_869;PROD_27;9;4
ORD_870;PROD_15;6;4
ORD_870;PROD_44;4;4
ORD_870;PROD_36;5;1
ORD_870;PROD_1;7;4
ORD_870;PROD_11;5;3
ORD_870;PROD_43;3;4
ORD_870;PROD_3;8;1
ORD_870;PROD_3;1;5
ORD_870;PROD_7;3;3
ORD_870;PROD_17;5;1
ORD_870;PROD_9;1;1
ORD_871;PROD_33;4;5
ORD_871;PROD_38;3;3
ORD_871;PROD_49;3;5
ORD_871;PROD_19;2;5
ORD_871;PROD_15;2;1
ORD_871;PROD_49;3;3
ORD_871;PROD_12;6;4
ORD_871;PROD_23;9;1
ORD_871;PROD_7;7;4
ORD_871;PROD_37;6;2
ORD_871;PROD_16;5;2
ORD_871;PROD_27;5;3
ORD_871;PROD_10;4;2
ORD_872;PROD_40;5;4
ORD_872;PROD_45;7;3
ORD_872;PROD_14;9;2
ORD_872;PROD_23;5;3
ORD_872;PROD_36;9;4
ORD_872;PROD_12;9;3
ORD_872;PROD_3;3;1
ORD_872;PROD_27;8;2
ORD_872;PROD_47;6;2
ORD_873;PROD_15;5;1
ORD_873;PROD_22;7;5
ORD_873;PROD_36;2;1
ORD_873;PROD_33;9;1
ORD_873;PROD_32;4;3
ORD_873;PROD_25;6;2
ORD_873;PROD_44;1;3
ORD_873;PROD_35;3;5
ORD_873;PROD_23;5;3
ORD_873;PROD_16;5;4
ORD_873;PROD_16;2;2
ORD_874;PROD_3;6;2
ORD_874;PROD_21;6;2
ORD_874;PROD_12;1;1
ORD_874;PROD_16;9;4
ORD_874;PROD_31;7;4
ORD_874;PROD_15;9;2
ORD_874;PROD_22;6;5
ORD_874;PROD_36;6;3
ORD_874;PROD_50;1;1
ORD_874;PROD_6;1;4
ORD_874;PROD_40;3;4
ORD_874;PROD_39;5;1
ORD_874;PROD_24;2;4
ORD_875;PROD_23;5;5
ORD_875;PROD_33;7;1
ORD_875;PROD_19;5;2
ORD_875;PROD_47;9;2
ORD_875;PROD_42;6;2
ORD_875;PROD_46;2;4
ORD_875;PROD_18;7;2
ORD_875;PROD_3;1;1
ORD_875;PROD_5;6;2
ORD_875;PROD_8;5;1
ORD_875;PROD_11;5;2
ORD_875;PROD_20;5;3
ORD_875;PROD_39;7;2
ORD_875;PROD_3;7;1
ORD_875;PROD_45;8;5
ORD_876;PROD_36;6;1
ORD_876;PROD_33;1;3
ORD_876;PROD_3;7;2
ORD_876;PROD_21;8;5
ORD_876;PROD_12;6;5
ORD_876;PROD_16;7;1
ORD_876;PROD_31;7;1
ORD_876;PROD_15;4;4
ORD_876;PROD_44;8;3
ORD_876;PROD_36;8;4
ORD_876;PROD_1;4;3
ORD_876;PROD_28;1;1
ORD_877;PROD_3;8;5
ORD_877;PROD_21;1;2
ORD_877;PROD_12;8;3
ORD_877;PROD_16;4;2
ORD_877;PROD_31;7;5
ORD_877;PROD_11;3;3
ORD_877;PROD_43;9;5
ORD_877;PROD_11;9;1
ORD_877;PROD_43;2;1
ORD_877;PROD_43;9;5
ORD_877;PROD_32;8;1
ORD_878;PROD_15;3;1
ORD_878;PROD_22;4;1
ORD_878;PROD_3;5;2
ORD_878;PROD_21;4;2
ORD_878;PROD_12;1;2
ORD_878;PROD_16;8;1
ORD_878;PROD_31;5;5
ORD_878;PROD_3;8;5
ORD_878;PROD_21;9;5
ORD_878;PROD_12;8;1
ORD_878;PROD_16;2;4
ORD_878;PROD_31;7;4
ORD_878;PROD_4;4;1
ORD_879;PROD_15;1;5
ORD_879;PROD_22;4;4
ORD_879;PROD_46;8;5
ORD_879;PROD_45;9;2
ORD_879;PROD_42;7;1
ORD_879;PROD_14;1;1
ORD_879;PROD_36;1;4
ORD_879;PROD_34;2;1
ORD_879;PROD_40;8;5
ORD_879;PROD_8;3;3
ORD_880;PROD_36;1;2
ORD_880;PROD_33;1;4
ORD_880;PROD_15;1;1
ORD_880;PROD_11;6;2
ORD_880;PROD_22;9;1
ORD_880;PROD_13;3;3
ORD_880;PROD_17;4;1
ORD_880;PROD_26;9;4
ORD_880;PROD_18;9;3
ORD_880;PROD_6;8;4
ORD_880;PROD_17;8;1
ORD_881;PROD_33;2;3
ORD_881;PROD_38;1;2
ORD_881;PROD_49;2;2
ORD_881;PROD_19;2;1
ORD_881;PROD_15;4;4
ORD_881;PROD_15;5;1
ORD_881;PROD_44;2;5
ORD_881;PROD_36;2;2
ORD_881;PROD_1;8;5
ORD_881;PROD_15;4;4
ORD_881;PROD_44;1;1
ORD_881;PROD_36;1;1
ORD_882;PROD_48;8;5
ORD_882;PROD_31;7;4
ORD_882;PROD_26;5;1
ORD_882;PROD_15;5;1
ORD_882;PROD_41;7;2
ORD_882;PROD_7;9;4
ORD_882;PROD_5;5;2
ORD_882;PROD_43;7;2
ORD_882;PROD_5;3;5
ORD_882;PROD_5;7;5
ORD_882;PROD_32;1;5
ORD_882;PROD_16;6;3
ORD_883;PROD_12;7;2
ORD_883;PROD_50;7;1
ORD_883;PROD_7;9;4
ORD_883;PROD_11;2;5
ORD_883;PROD_3;5;2
ORD_883;PROD_21;5;1
ORD_883;PROD_12;8;5
ORD_883;PROD_16;5;3
ORD_883;PROD_31;4;4
ORD_884;PROD_15;3;1
ORD_884;PROD_22;7;5
ORD_884;PROD_12;9;3
ORD_884;PROD_50;2;1
ORD_884;PROD_7;6;3
ORD_884;PROD_11;6;4
ORD_884;PROD_8;8;5
ORD_884;PROD_7;3;4
ORD_884;PROD_33;1;3
ORD_884;PROD_6;9;3
ORD_884;PROD_46;5;3
ORD_884;PROD_36;2;5
ORD_885;PROD_7;2;3
ORD_885;PROD_32;6;5
ORD_885;PROD_43;4;1
ORD_885;PROD_14;8;1
ORD_885;PROD_32;1;5
ORD_885;PROD_25;9;2
ORD_885;PROD_35;4;1
ORD_885;PROD_8;5;2
ORD_885;PROD_21;1;5
ORD_885;PROD_28;3;1
ORD_885;PROD_50;1;5
ORD_885;PROD_3;9;2
ORD_886;PROD_11;5;4
ORD_886;PROD_43;9;2
ORD_886;PROD_3;8;1
ORD_886;PROD_21;3;3
ORD_886;PROD_12;5;5
ORD_886;PROD_16;5;3
ORD_886;PROD_31;4;5
ORD_886;PROD_36;2;4
ORD_886;PROD_33;4;2
ORD_886;PROD_38;1;5
ORD_886;PROD_5;5;5
ORD_886;PROD_5;6;5
ORD_886;PROD_46;9;2
ORD_887;PROD_15;7;5
ORD_887;PROD_22;3;1
ORD_887;PROD_4;9;3
ORD_887;PROD_31;2;1
ORD_887;PROD_34;4;5
ORD_887;PROD_38;2;1
ORD_887;PROD_16;1;2
ORD_887;PROD_35;4;1
ORD_888;PROD_15;9;5
ORD_888;PROD_44;9;2
ORD_888;PROD_36;6;4
ORD_888;PROD_1;3;1
ORD_888;PROD_15;2;2
ORD_888;PROD_44;4;4
ORD_888;PROD_36;3;3
ORD_889;PROD_30;7;1
ORD_889;PROD_8;4;4
ORD_889;PROD_37;7;3
ORD_889;PROD_20;1;4
ORD_889;PROD_32;8;1
ORD_889;PROD_19;9;2
ORD_889;PROD_5;2;5
ORD_889;PROD_35;7;1
ORD_889;PROD_48;9;4
ORD_889;PROD_21;5;1
ORD_889;PROD_42;3;5
ORD_889;PROD_3;2;5
ORD_889;PROD_30;1;4
ORD_889;PROD_13;6;1
ORD_890;PROD_15;7;2
ORD_890;PROD_22;1;2
ORD_890;PROD_3;4;1
ORD_890;PROD_21;9;1
ORD_890;PROD_12;4;3
ORD_890;PROD_16;2;3
ORD_890;PROD_31;2;2
ORD_890;PROD_15;8;3
ORD_890;PROD_44;7;2
ORD_890;PROD_36;2;5
ORD_890;PROD_1;9;3
ORD_890;PROD_9;2;5
ORD_890;PROD_18;1;3
ORD_891;PROD_6;8;3
ORD_891;PROD_1;6;3
ORD_891;PROD_10;4;5
ORD_891;PROD_3;4;1
ORD_891;PROD_22;5;2
ORD_891;PROD_20;9;3
ORD_891;PROD_36;7;3
ORD_891;PROD_32;3;3
ORD_891;PROD_41;2;3
ORD_892;PROD_6;6;2
ORD_892;PROD_50;8;5
ORD_892;PROD_4;2;3
ORD_892;PROD_50;2;2
ORD_892;PROD_22;2;3
ORD_892;PROD_16;6;3
ORD_892;PROD_48;4;1
ORD_892;PROD_1;1;4
ORD_892;PROD_2;7;3
ORD_893;PROD_1;1;5
ORD_893;PROD_28;3;3
ORD_893;PROD_50;4;4
ORD_893;PROD_44;4;2
ORD_893;PROD_15;3;4
ORD_893;PROD_29;2;1
ORD_893;PROD_28;5;2
ORD_893;PROD_48;8;4
ORD_893;PROD_36;4;3
ORD_893;PROD_2;1;5
ORD_893;PROD_12;6;2
ORD_893;PROD_15;7;3
ORD_893;PROD_25;2;5
ORD_894;PROD_33;7;5
ORD_894;PROD_38;3;1
ORD_894;PROD_49;8;1
ORD_894;PROD_19;2;2
ORD_894;PROD_15;3;5
ORD_894;PROD_25;7;5
ORD_894;PROD_18;4;1
ORD_894;PROD_36;5;4
ORD_894;PROD_33;3;4
ORD_895;PROD_15;7;3
ORD_895;PROD_22;5;1
ORD_895;PROD_29;2;2
ORD_895;PROD_23;5;2
ORD_895;PROD_18;9;3
ORD_895;PROD_38;5;3
ORD_895;PROD_8;6;2
ORD_895;PROD_13;6;3
ORD_895;PROD_40;3;3
ORD_896;PROD_25;4;1
ORD_896;PROD_47;5;4
ORD_896;PROD_31;5;4
ORD_896;PROD_23;2;5
ORD_896;PROD_21;4;1
ORD_896;PROD_32;1;5
ORD_896;PROD_46;9;2
ORD_897;PROD_20;6;2
ORD_897;PROD_26;5;3
ORD_897;PROD_7;1;5
ORD_897;PROD_12;9;2
ORD_897;PROD_42;1;3
ORD_897;PROD_34;9;3
ORD_897;PROD_45;4;2
ORD_897;PROD_20;1;5
ORD_897;PROD_37;3;3
ORD_897;PROD_31;3;4
ORD_897;PROD_24;6;5
ORD_898;PROD_15;2;5
ORD_898;PROD_37;1;5
ORD_898;PROD_26;8;3
ORD_898;PROD_33;8;1
ORD_898;PROD_32;9;3
ORD_898;PROD_38;5;4
ORD_898;PROD_30;5;3
ORD_898;PROD_48;4;3
ORD_898;PROD_26;3;2
ORD_898;PROD_36;6;2
ORD_898;PROD_34;3;4
ORD_898;PROD_26;2;3
ORD_898;PROD_14;8;1
ORD_898;PROD_18;7;5
ORD_899;PROD_33;7;1
ORD_899;PROD_38;5;3
ORD_899;PROD_49;7;3
ORD_899;PROD_19;4;2
ORD_899;PROD_15;2;5
ORD_899;PROD_15;3;5
ORD_899;PROD_22;1;1
ORD_899;PROD_15;4;1
ORD_899;PROD_44;8;2
ORD_899;PROD_36;6;1
ORD_899;PROD_1;6;1
ORD_899;PROD_12;3;4
ORD_899;PROD_4;1;2
ORD_899;PROD_13;8;4
ORD_899;PROD_29;7;2
ORD_900;PROD_3;9;3
ORD_900;PROD_21;8;2
ORD_900;PROD_12;2;5
ORD_900;PROD_16;2;4
ORD_900;PROD_31;9;5
ORD_900;PROD_33;6;3
ORD_900;PROD_38;3;5
ORD_900;PROD_49;5;5
ORD_900;PROD_19;5;2
ORD_900;PROD_15;2;2
ORD_900;PROD_9;9;2
ORD_900;PROD_5;7;4
ORD_900;PROD_10;6;1
ORD_900;PROD_19;9;5
ORD_900;PROD_12;1;5
ORD_901;PROD_33;8;5
ORD_901;PROD_38;3;2
ORD_901;PROD_49;3;4
ORD_901;PROD_19;5;2
ORD_901;PROD_15;1;4
ORD_901;PROD_3;1;5
ORD_902;PROD_1;9;5
ORD_902;PROD_27;2;1
ORD_902;PROD_30;9;5
ORD_902;PROD_33;9;1
ORD_902;PROD_22;5;5
ORD_903;PROD_45;4;4
ORD_903;PROD_43;1;5
ORD_903;PROD_8;3;3
ORD_903;PROD_10;9;4
ORD_903;PROD_30;5;2
ORD_903;PROD_17;9;2
ORD_903;PROD_6;5;2
ORD_903;PROD_15;8;4
ORD_903;PROD_21;5;3
ORD_903;PROD_3;7;5
ORD_903;PROD_15;2;1
ORD_903;PROD_21;6;2
ORD_903;PROD_34;3;2
ORD_903;PROD_12;2;5
ORD_904;PROD_33;1;5
ORD_904;PROD_38;4;1
ORD_904;PROD_49;9;1
ORD_904;PROD_19;1;1
ORD_904;PROD_15;9;1
ORD_904;PROD_15;4;5
ORD_904;PROD_22;3;2
ORD_904;PROD_11;4;5
ORD_904;PROD_43;5;2
ORD_904;PROD_26;6;5
ORD_904;PROD_36;2;4
ORD_904;PROD_43;5;4
ORD_904;PROD_27;3;1
ORD_905;PROD_44;8;2
ORD_905;PROD_15;2;4
ORD_905;PROD_29;4;3
ORD_905;PROD_2;4;2
ORD_905;PROD_18;8;1
ORD_905;PROD_15;8;1
ORD_906;PROD_33;7;4
ORD_906;PROD_38;1;5
ORD_906;PROD_49;4;1
ORD_906;PROD_19;2;3
ORD_906;PROD_15;2;3
ORD_906;PROD_33;1;5
ORD_906;PROD_38;5;4
ORD_907;PROD_15;7;2
ORD_907;PROD_44;7;5
ORD_907;PROD_36;4;4
ORD_907;PROD_1;2;2
ORD_907;PROD_12;9;3
ORD_907;PROD_50;2;1
ORD_907;PROD_7;7;1
ORD_907;PROD_11;7;4
ORD_907;PROD_36;4;4
ORD_907;PROD_33;6;2
ORD_907;PROD_15;5;5
ORD_907;PROD_39;5;1
ORD_907;PROD_47;4;5
ORD_907;PROD_32;8;5
ORD_907;PROD_9;6;5
ORD_908;PROD_15;6;2
ORD_908;PROD_22;7;4
ORD_908;PROD_3;7;2
ORD_908;PROD_21;1;3
ORD_908;PROD_12;8;2
ORD_908;PROD_16;8;4
ORD_909;PROD_36;8;2
ORD_909;PROD_33;3;2
ORD_909;PROD_3;8;1
ORD_909;PROD_21;9;1
ORD_909;PROD_12;1;4
ORD_909;PROD_16;4;1
ORD_909;PROD_31;3;3
ORD_910;PROD_1;9;5
ORD_910;PROD_13;9;1
ORD_910;PROD_6;1;2
ORD_910;PROD_24;1;5
ORD_910;PROD_21;6;1
ORD_911;PROD_36;3;5
ORD_911;PROD_4;7;2
ORD_911;PROD_8;4;1
ORD_911;PROD_11;4;4
ORD_911;PROD_32;4;1
ORD_911;PROD_19;2;2
ORD_911;PROD_4;1;3
ORD_911;PROD_22;2;3
ORD_911;PROD_1;3;1
ORD_911;PROD_8;4;1
ORD_911;PROD_41;7;4
ORD_911;PROD_17;2;4
ORD_911;PROD_49;5;2
ORD_911;PROD_20;2;3
ORD_911;PROD_31;9;3
ORD_912;PROD_36;9;2
ORD_912;PROD_33;6;3
ORD_912;PROD_3;2;2
ORD_912;PROD_21;7;5
ORD_912;PROD_12;2;2
ORD_912;PROD_16;7;5
ORD_912;PROD_31;4;2
ORD_912;PROD_11;6;2
ORD_912;PROD_43;2;4
ORD_912;PROD_30;2;2
ORD_912;PROD_11;2;1
ORD_912;PROD_13;5;2
ORD_913;PROD_30;8;2
ORD_913;PROD_12;6;3
ORD_913;PROD_5;2;1
ORD_913;PROD_34;9;1
ORD_913;PROD_48;3;5
ORD_913;PROD_11;9;4
ORD_913;PROD_47;9;3
ORD_913;PROD_3;2;1
ORD_914;PROD_17;5;5
ORD_914;PROD_35;6;1
ORD_914;PROD_44;8;3
ORD_914;PROD_31;6;2
ORD_914;PROD_20;6;1
ORD_914;PROD_43;6;4
ORD_914;PROD_17;1;1
ORD_915;PROD_12;1;1
ORD_915;PROD_50;4;3
ORD_915;PROD_7;4;1
ORD_915;PROD_11;2;5
ORD_915;PROD_12;7;4
ORD_915;PROD_50;4;2
ORD_915;PROD_7;4;3
ORD_915;PROD_11;1;4
ORD_915;PROD_20;3;5
ORD_915;PROD_11;6;3
ORD_915;PROD_14;9;5
ORD_915;PROD_2;3;5
ORD_915;PROD_20;1;2
ORD_915;PROD_23;4;1
ORD_916;PROD_15;9;5
ORD_916;PROD_44;1;4
ORD_916;PROD_36;2;4
ORD_916;PROD_1;5;5
ORD_916;PROD_15;4;4
ORD_916;PROD_22;6;4
ORD_916;PROD_6;2;3
ORD_917;PROD_2;8;3
ORD_917;PROD_45;8;5
ORD_917;PROD_46;9;3
ORD_917;PROD_6;1;4
ORD_917;PROD_11;3;1
ORD_917;PROD_20;7;1
ORD_917;PROD_4;7;4
ORD_917;PROD_48;9;5
ORD_917;PROD_34;1;4
ORD_918;PROD_33;7;5
ORD_918;PROD_38;1;1
ORD_918;PROD_49;4;3
ORD_918;PROD_19;1;1
ORD_918;PROD_15;3;5
ORD_918;PROD_33;8;5
ORD_918;PROD_38;3;2
ORD_918;PROD_49;9;2
ORD_918;PROD_19;2;2
ORD_918;PROD_15;7;3
ORD_918;PROD_3;6;3
ORD_918;PROD_21;9;5
ORD_919;PROD_36;5;3
ORD_919;PROD_33;7;1
ORD_919;PROD_36;5;5
ORD_919;PROD_33;6;5
ORD_919;PROD_43;6;4
ORD_919;PROD_10;9;3
ORD_919;PROD_12;8;5
ORD_919;PROD_47;8;1
ORD_920;PROD_45;3;4
ORD_920;PROD_21;5;2
ORD_920;PROD_26;9;5
ORD_920;PROD_2;6;2
ORD_920;PROD_26;5;4
ORD_920;PROD_16;2;1
ORD_920;PROD_20;6;3
ORD_920;PROD_40;6;1
ORD_920;PROD_25;7;2
ORD_920;PROD_22;1;1
ORD_921;PROD_36;2;5
ORD_921;PROD_33;8;4
ORD_921;PROD_1;1;5
ORD_921;PROD_28;3;1
ORD_921;PROD_44;7;5
ORD_921;PROD_30;3;2
ORD_921;PROD_15;4;3
ORD_922;PROD_7;3;1
ORD_922;PROD_22;8;5
ORD_922;PROD_34;5;5
ORD_922;PROD_42;8;4
ORD_922;PROD_43;9;2
ORD_922;PROD_16;4;5
ORD_922;PROD_27;5;2
ORD_922;PROD_24;5;2
ORD_922;PROD_17;4;4
ORD_922;PROD_39;4;4
ORD_922;PROD_17;1;4
ORD_922;PROD_47;1;4
ORD_922;PROD_18;2;2
ORD_923;PROD_48;6;2
ORD_923;PROD_2;3;5
ORD_923;PROD_49;4;2
ORD_923;PROD_2;8;1
ORD_923;PROD_14;5;5
ORD_923;PROD_45;4;4
ORD_923;PROD_13;7;3
ORD_923;PROD_9;5;1
ORD_923;PROD_33;2;5
ORD_923;PROD_22;3;3
ORD_923;PROD_28;8;2
ORD_923;PROD_18;2;1
ORD_923;PROD_2;9;4
ORD_923;PROD_40;2;1
ORD_923;PROD_27;1;2
ORD_924;PROD_28;5;3
ORD_924;PROD_19;2;4
ORD_924;PROD_41;8;5
ORD_924;PROD_22;1;5
ORD_924;PROD_28;5;2
ORD_924;PROD_19;2;4
ORD_924;PROD_5;4;4
ORD_924;PROD_31;3;5
ORD_925;PROD_11;7;3
ORD_925;PROD_43;7;1
ORD_925;PROD_11;9;5
ORD_925;PROD_43;1;2
ORD_925;PROD_11;8;2
ORD_925;PROD_9;5;4
ORD_925;PROD_45;3;4
ORD_925;PROD_35;2;4
ORD_925;PROD_37;7;5
ORD_925;PROD_33;9;2
ORD_925;PROD_40;1;3
ORD_925;PROD_8;9;1
ORD_925;PROD_4;3;3
ORD_925;PROD_23;2;4
ORD_926;PROD_15;9;5
ORD_926;PROD_44;2;4
ORD_926;PROD_36;1;2
ORD_926;PROD_1;2;1
ORD_926;PROD_44;5;1
ORD_926;PROD_3;4;2
ORD_926;PROD_40;6;3
ORD_926;PROD_37;6;3
ORD_926;PROD_26;4;3
ORD_927;PROD_15;7;1
ORD_927;PROD_44;7;1
ORD_927;PROD_36;1;4
ORD_927;PROD_1;9;2
ORD_927;PROD_25;3;5
ORD_928;PROD_16;3;3
ORD_928;PROD_27;9;5
ORD_928;PROD_29;6;5
ORD_928;PROD_37;3;2
ORD_928;PROD_23;2;4
ORD_929;PROD_3;1;5
ORD_929;PROD_21;8;1
ORD_929;PROD_12;1;4
ORD_929;PROD_16;5;4
ORD_929;PROD_31;4;4
ORD_929;PROD_8;7;1
ORD_930;PROD_33;8;4
ORD_930;PROD_38;5;4
ORD_930;PROD_49;4;5
ORD_930;PROD_19;4;3
ORD_930;PROD_15;3;5
ORD_930;PROD_33;3;2
ORD_931;PROD_1;4;3
ORD_931;PROD_39;7;5
ORD_931;PROD_46;1;3
ORD_931;PROD_4;3;5
ORD_931;PROD_43;3;1
ORD_932;PROD_5;9;4
ORD_932;PROD_14;2;3
ORD_932;PROD_17;7;3
ORD_932;PROD_19;7;3
ORD_932;PROD_25;5;3
ORD_932;PROD_33;8;1
ORD_932;PROD_22;3;1
ORD_932;PROD_25;7;1
ORD_932;PROD_25;5;1
ORD_932;PROD_22;1;1
ORD_932;PROD_25;6;3
ORD_932;PROD_34;5;5
ORD_932;PROD_5;5;5
ORD_933;PROD_11;4;1
ORD_933;PROD_43;1;1
ORD_933;PROD_15;8;5
ORD_933;PROD_22;5;5
ORD_933;PROD_15;5;1
ORD_933;PROD_22;1;3
ORD_933;PROD_26;8;3
ORD_933;PROD_10;7;1
ORD_933;PROD_3;3;3
ORD_933;PROD_50;6;1
ORD_933;PROD_7;8;2
ORD_933;PROD_1;3;2
ORD_933;PROD_14;8;3
ORD_933;PROD_43;1;4
ORD_934;PROD_33;1;4
ORD_934;PROD_38;6;3
ORD_934;PROD_49;1;1
ORD_934;PROD_19;8;1
ORD_934;PROD_15;3;3
ORD_934;PROD_3;7;5
ORD_934;PROD_21;9;4
ORD_935;PROD_47;6;3
ORD_935;PROD_14;6;2
ORD_935;PROD_46;6;5
ORD_935;PROD_7;5;4
ORD_935;PROD_10;8;5
ORD_935;PROD_14;4;5
ORD_935;PROD_46;8;2
ORD_935;PROD_47;4;4
ORD_935;PROD_36;5;3
ORD_935;PROD_42;8;3
ORD_935;PROD_50;8;3
ORD_935;PROD_36;3;3
ORD_935;PROD_7;4;1
ORD_936;PROD_3;8;3
ORD_936;PROD_21;9;1
ORD_936;PROD_12;2;3
ORD_936;PROD_16;1;2
ORD_936;PROD_31;8;5
ORD_936;PROD_36;3;5
ORD_937;PROD_24;7;5
ORD_937;PROD_37;6;3
ORD_937;PROD_38;8;5
ORD_937;PROD_7;9;4
ORD_937;PROD_32;9;2
ORD_937;PROD_20;7;2
ORD_937;PROD_31;8;5
ORD_937;PROD_34;5;3
ORD_937;PROD_20;7;2
ORD_937;PROD_40;7;3
ORD_937;PROD_33;7;2
ORD_937;PROD_12;1;4
ORD_938;PROD_4;8;2
ORD_938;PROD_16;4;1
ORD_938;PROD_18;9;2
ORD_938;PROD_11;8;5
ORD_938;PROD_49;5;5
ORD_939;PROD_15;4;4
ORD_939;PROD_44;8;4
ORD_939;PROD_36;8;5
ORD_939;PROD_1;8;1
ORD_939;PROD_15;7;5
ORD_939;PROD_44;4;1
ORD_939;PROD_36;3;5
ORD_939;PROD_1;5;3
ORD_939;PROD_3;6;4
ORD_939;PROD_21;4;3
ORD_939;PROD_12;7;3
ORD_939;PROD_16;4;4
ORD_939;PROD_31;2;1
ORD_939;PROD_43;8;3
ORD_939;PROD_44;4;5
ORD_940;PROD_11;6;1
ORD_940;PROD_44;7;5
ORD_940;PROD_41;5;1
ORD_940;PROD_24;5;4
ORD_940;PROD_34;2;5
ORD_940;PROD_45;3;2
ORD_940;PROD_46;1;3
ORD_940;PROD_21;7;4
ORD_940;PROD_37;2;4
ORD_940;PROD_24;8;2
ORD_940;PROD_2;3;3
ORD_940;PROD_38;1;3
ORD_940;PROD_25;1;4
ORD_940;PROD_6;3;1
ORD_940;PROD_49;4;5
ORD_941;PROD_44;3;3
ORD_941;PROD_13;7;5
ORD_941;PROD_23;4;4
ORD_941;PROD_11;4;3
ORD_941;PROD_7;6;4
ORD_941;PROD_16;9;3
ORD_942;PROD_12;5;5
ORD_942;PROD_50;8;1
ORD_942;PROD_7;6;3
ORD_942;PROD_11;5;1
ORD_942;PROD_36;8;1
ORD_943;PROD_11;3;1
ORD_943;PROD_43;9;2
ORD_943;PROD_10;4;5
ORD_943;PROD_27;6;4
ORD_943;PROD_24;4;2
ORD_943;PROD_24;2;3
ORD_943;PROD_37;2;2
ORD_943;PROD_30;2;1
ORD_944;PROD_15;5;1
ORD_944;PROD_44;4;3
ORD_944;PROD_36;9;2
ORD_944;PROD_1;1;4
ORD_944;PROD_36;2;3
ORD_944;PROD_33;5;1
ORD_945;PROD_28;9;5
ORD_945;PROD_35;6;5
ORD_945;PROD_43;3;1
ORD_945;PROD_22;6;4
ORD_945;PROD_16;9;1
ORD_945;PROD_29;4;2
ORD_945;PROD_18;1;5
ORD_945;PROD_33;8;2
ORD_945;PROD_48;5;5
ORD_945;PROD_8;4;2
ORD_945;PROD_42;6;5
ORD_945;PROD_44;4;4
ORD_946;PROD_29;9;1
ORD_946;PROD_19;8;3
ORD_946;PROD_47;3;5
ORD_946;PROD_22;6;2
ORD_946;PROD_48;7;3
ORD_946;PROD_6;7;4
ORD_946;PROD_32;9;1
ORD_946;PROD_42;7;5
ORD_946;PROD_11;4;1
ORD_947;PROD_36;5;2
ORD_947;PROD_33;5;2
ORD_947;PROD_29;8;1
ORD_947;PROD_5;9;5
ORD_947;PROD_37;9;5
ORD_947;PROD_37;2;3
ORD_947;PROD_6;1;4
ORD_947;PROD_8;1;3
ORD_947;PROD_20;8;5
ORD_947;PROD_37;6;1
ORD_947;PROD_13;1;3
ORD_947;PROD_36;8;3
ORD_947;PROD_37;4;4
ORD_947;PROD_26;7;3
ORD_947;PROD_15;6;1
ORD_948;PROD_21;1;5
ORD_948;PROD_26;7;5
ORD_948;PROD_35;4;1
ORD_948;PROD_22;5;3
ORD_948;PROD_12;1;1
ORD_948;PROD_27;1;1
ORD_948;PROD_6;7;2
ORD_948;PROD_19;5;4
ORD_948;PROD_29;6;4
ORD_948;PROD_31;4;3
ORD_948;PROD_38;5;3
ORD_949;PROD_15;2;5
ORD_949;PROD_22;5;4
ORD_949;PROD_36;1;4
ORD_949;PROD_33;9;2
ORD_949;PROD_22;6;2
ORD_950;PROD_41;4;3
ORD_950;PROD_12;7;4
ORD_950;PROD_29;6;2
ORD_950;PROD_38;6;1
ORD_950;PROD_10;5;5
ORD_950;PROD_23;4;4
ORD_951;PROD_36;5;2
ORD_951;PROD_33;1;3
ORD_951;PROD_50;9;5
ORD_951;PROD_41;4;3
ORD_951;PROD_3;3;2
ORD_951;PROD_15;1;2
ORD_951;PROD_15;4;1
ORD_951;PROD_22;6;5
ORD_951;PROD_28;5;2
ORD_951;PROD_18;1;4
ORD_951;PROD_41;7;3
ORD_951;PROD_39;4;2
ORD_951;PROD_23;8;2
ORD_951;PROD_3;6;4
ORD_952;PROD_2;4;3
ORD_952;PROD_30;6;1
ORD_952;PROD_50;9;4
ORD_952;PROD_39;3;2
ORD_952;PROD_15;4;1
ORD_952;PROD_4;9;5
ORD_952;PROD_24;7;2
ORD_952;PROD_7;8;4
ORD_952;PROD_48;7;5
ORD_952;PROD_32;3;4
ORD_952;PROD_40;7;1
ORD_952;PROD_30;7;3
ORD_952;PROD_31;4;3
ORD_952;PROD_19;4;2
ORD_952;PROD_50;4;3
ORD_953;PROD_4;7;2
ORD_953;PROD_4;3;1
ORD_953;PROD_14;2;1
ORD_953;PROD_41;5;3
ORD_953;PROD_33;6;3
ORD_953;PROD_14;9;3
ORD_953;PROD_41;2;5
ORD_953;PROD_26;1;2
ORD_953;PROD_2;5;1
ORD_953;PROD_49;8;2
ORD_953;PROD_7;8;5
ORD_953;PROD_18;7;2
ORD_953;PROD_4;5;1
ORD_953;PROD_21;2;2
ORD_953;PROD_39;8;3
ORD_954;PROD_1;2;4
ORD_954;PROD_27;9;2
ORD_954;PROD_24;8;2
ORD_954;PROD_4;1;1
ORD_954;PROD_22;3;1
ORD_954;PROD_25;4;1
ORD_954;PROD_5;4;3
ORD_954;PROD_8;5;2
ORD_954;PROD_43;7;5
ORD_954;PROD_3;3;1
ORD_955;PROD_11;9;5
ORD_955;PROD_43;8;2
ORD_955;PROD_3;9;2
ORD_955;PROD_21;9;1
ORD_955;PROD_12;2;1
ORD_955;PROD_16;9;2
ORD_955;PROD_31;1;2
ORD_955;PROD_15;8;5
ORD_955;PROD_22;3;2
ORD_955;PROD_29;4;5
ORD_955;PROD_27;1;3
ORD_955;PROD_24;2;2
ORD_956;PROD_35;6;3
ORD_956;PROD_50;4;4
ORD_956;PROD_21;2;1
ORD_956;PROD_19;5;5
ORD_956;PROD_47;5;3
ORD_956;PROD_35;1;1
ORD_956;PROD_32;7;3
ORD_956;PROD_35;9;2
ORD_956;PROD_26;9;1
ORD_956;PROD_26;9;5
ORD_956;PROD_24;4;4
ORD_957;PROD_11;5;2
ORD_957;PROD_43;9;4
ORD_957;PROD_33;1;3
ORD_957;PROD_38;4;3
ORD_957;PROD_49;7;5
ORD_957;PROD_19;5;4
ORD_957;PROD_15;2;5
ORD_957;PROD_39;1;5
ORD_957;PROD_30;1;4
ORD_957;PROD_26;4;5
ORD_957;PROD_42;8;2
ORD_957;PROD_3;7;3
ORD_957;PROD_29;3;4
ORD_957;PROD_11;4;1
ORD_957;PROD_6;6;5
ORD_958;PROD_11;4;1
ORD_958;PROD_43;8;4
ORD_958;PROD_15;2;3
ORD_958;PROD_5;7;4
ORD_958;PROD_17;2;1
ORD_958;PROD_14;4;3
ORD_959;PROD_39;2;4
ORD_959;PROD_22;8;5
ORD_959;PROD_31;3;5
ORD_959;PROD_29;7;5
ORD_959;PROD_20;9;5
ORD_959;PROD_14;2;1
ORD_959;PROD_17;5;1
ORD_959;PROD_35;4;3
ORD_959;PROD_29;7;5
ORD_960;PROD_8;3;3
ORD_960;PROD_22;5;1
ORD_960;PROD_49;2;3
ORD_960;PROD_22;2;4
ORD_960;PROD_18;6;1
ORD_960;PROD_47;1;2
ORD_960;PROD_32;1;5
ORD_960;PROD_49;4;3
ORD_960;PROD_4;9;4
ORD_960;PROD_46;8;1
ORD_960;PROD_43;8;5
ORD_960;PROD_31;6;4
ORD_960;PROD_16;2;1
ORD_960;PROD_13;2;1
ORD_961;PROD_50;4;1
ORD_961;PROD_45;6;4
ORD_961;PROD_14;3;4
ORD_961;PROD_1;7;3
ORD_961;PROD_33;4;5
ORD_961;PROD_47;9;2
ORD_961;PROD_5;2;5
ORD_961;PROD_13;2;1
ORD_961;PROD_21;3;2
ORD_962;PROD_13;7;4
ORD_962;PROD_39;8;5
ORD_962;PROD_30;1;4
ORD_962;PROD_26;4;3
ORD_962;PROD_37;6;3
ORD_962;PROD_41;5;5
ORD_962;PROD_21;6;4
ORD_962;PROD_39;2;2
ORD_963;PROD_47;4;4
ORD_963;PROD_31;7;5
ORD_963;PROD_13;7;3
ORD_963;PROD_13;7;3
ORD_963;PROD_8;2;1
ORD_963;PROD_36;8;1
ORD_963;PROD_26;7;4
ORD_963;PROD_26;6;3
ORD_963;PROD_33;4;4
ORD_963;PROD_17;3;5
ORD_963;PROD_30;8;3
ORD_964;PROD_3;6;1
ORD_964;PROD_21;4;1
ORD_964;PROD_12;1;4
ORD_964;PROD_16;5;5
ORD_964;PROD_31;9;5
ORD_964;PROD_12;9;4
ORD_964;PROD_50;6;3
ORD_964;PROD_7;2;1
ORD_964;PROD_11;1;4
ORD_964;PROD_15;5;5
ORD_964;PROD_35;8;3
ORD_964;PROD_48;2;3
ORD_964;PROD_21;5;4
ORD_965;PROD_30;6;4
ORD_965;PROD_15;9;4
ORD_965;PROD_27;8;4
ORD_965;PROD_50;5;3
ORD_965;PROD_41;4;5
ORD_965;PROD_35;7;1
ORD_965;PROD_27;9;3
ORD_965;PROD_38;9;3
ORD_965;PROD_10;4;5
ORD_965;PROD_15;3;2
ORD_965;PROD_35;6;2
ORD_965;PROD_40;4;4
ORD_965;PROD_35;4;4
ORD_965;PROD_20;8;4
ORD_965;PROD_20;7;2
ORD_966;PROD_28;4;4
ORD_966;PROD_37;7;2
ORD_966;PROD_12;4;3
ORD_966;PROD_19;6;2
ORD_966;PROD_31;3;2
ORD_966;PROD_17;1;1
ORD_966;PROD_28;5;1
ORD_966;PROD_9;9;4
ORD_966;PROD_11;5;1
ORD_966;PROD_36;4;1
ORD_966;PROD_12;4;3
ORD_966;PROD_38;8;4
ORD_966;PROD_27;1;3
ORD_966;PROD_45;7;1
ORD_966;PROD_16;8;1
ORD_967;PROD_30;1;2
ORD_967;PROD_22;4;5
ORD_967;PROD_8;9;5
ORD_967;PROD_25;5;1
ORD_967;PROD_46;9;3
ORD_967;PROD_34;1;4
ORD_967;PROD_16;8;2
ORD_967;PROD_35;6;4
ORD_967;PROD_47;4;3
ORD_967;PROD_37;9;1
ORD_967;PROD_6;6;5
ORD_967;PROD_30;5;2
ORD_967;PROD_17;3;5
ORD_967;PROD_14;1;5
ORD_967;PROD_12;3;4
ORD_968;PROD_3;2;1
ORD_968;PROD_21;3;1
ORD_968;PROD_12;1;3
ORD_968;PROD_16;5;5
ORD_968;PROD_31;6;2
ORD_968;PROD_15;3;2
ORD_968;PROD_44;8;4
ORD_968;PROD_36;9;3
ORD_968;PROD_1;6;4
ORD_968;PROD_15;5;1
ORD_969;PROD_22;6;3
ORD_969;PROD_14;5;5
ORD_969;PROD_25;9;5
ORD_969;PROD_36;2;5
ORD_969;PROD_31;1;2
ORD_969;PROD_8;8;2
ORD_969;PROD_20;8;5
ORD_969;PROD_47;7;4
ORD_969;PROD_1;4;5
ORD_969;PROD_43;8;1
ORD_969;PROD_36;5;2
ORD_970;PROD_32;4;5
ORD_970;PROD_24;3;4
ORD_970;PROD_14;8;2
ORD_970;PROD_40;5;5
ORD_970;PROD_15;7;3
ORD_970;PROD_13;2;4
ORD_970;PROD_11;4;2
ORD_970;PROD_3;2;5
ORD_970;PROD_11;5;2
ORD_970;PROD_39;1;5
ORD_970;PROD_11;5;2
ORD_971;PROD_45;7;5
ORD_971;PROD_20;1;4
ORD_971;PROD_26;1;2
ORD_971;PROD_44;4;2
ORD_971;PROD_48;3;5
ORD_971;PROD_10;4;2
ORD_971;PROD_31;4;4
ORD_972;PROD_15;1;2
ORD_972;PROD_44;9;5
ORD_972;PROD_36;5;2
ORD_972;PROD_1;3;5
ORD_972;PROD_3;2;2
ORD_972;PROD_21;6;1
ORD_972;PROD_12;2;3
ORD_972;PROD_16;7;3
ORD_972;PROD_31;7;5
ORD_972;PROD_23;5;1
ORD_972;PROD_2;9;2
ORD_972;PROD_11;1;1
ORD_972;PROD_17;2;3
ORD_973;PROD_12;7;4
ORD_973;PROD_50;1;2
ORD_973;PROD_7;5;5
ORD_973;PROD_11;3;3
ORD_973;PROD_3;6;1
ORD_973;PROD_21;2;3
ORD_973;PROD_12;2;1
ORD_973;PROD_16;5;3
ORD_973;PROD_31;4;2
ORD_973;PROD_15;7;2
ORD_973;PROD_22;6;5
ORD_973;PROD_7;8;1
ORD_973;PROD_41;9;3
ORD_973;PROD_48;3;2
ORD_974;PROD_3;7;1
ORD_974;PROD_21;2;3
ORD_974;PROD_12;6;2
ORD_974;PROD_16;9;3
ORD_974;PROD_31;8;5
ORD_975;PROD_36;2;1
ORD_975;PROD_33;4;3
ORD_975;PROD_12;9;5
ORD_975;PROD_50;8;1
ORD_975;PROD_7;5;2
ORD_975;PROD_11;1;5
ORD_975;PROD_3;2;5
ORD_976;PROD_33;8;4
ORD_976;PROD_47;2;1
ORD_976;PROD_12;9;5
ORD_976;PROD_12;8;5
ORD_976;PROD_8;6;4
ORD_976;PROD_34;2;4
ORD_976;PROD_28;6;5
ORD_976;PROD_17;2;2
ORD_977;PROD_12;4;3
ORD_977;PROD_21;9;2
ORD_977;PROD_14;8;1
ORD_977;PROD_30;9;1
ORD_977;PROD_10;9;5
ORD_978;PROD_15;7;2
ORD_978;PROD_48;1;4
ORD_978;PROD_1;7;3
ORD_978;PROD_12;8;5
ORD_978;PROD_45;3;2
ORD_978;PROD_3;7;4
ORD_978;PROD_24;6;4
ORD_978;PROD_34;7;1
ORD_978;PROD_24;1;1
ORD_978;PROD_17;3;5
ORD_978;PROD_46;8;2
ORD_978;PROD_43;6;2
ORD_978;PROD_20;5;1
ORD_978;PROD_1;9;2
ORD_979;PROD_11;1;2
ORD_979;PROD_43;5;5
ORD_979;PROD_33;9;5
ORD_979;PROD_38;1;4
ORD_979;PROD_49;7;3
ORD_979;PROD_19;6;2
ORD_979;PROD_15;3;3
ORD_979;PROD_9;8;5
ORD_979;PROD_30;5;4
ORD_979;PROD_27;8;5
ORD_980;PROD_11;8;1
ORD_980;PROD_43;8;3
ORD_980;PROD_13;4;3
ORD_980;PROD_15;3;4
ORD_980;PROD_29;3;1
ORD_981;PROD_13;2;4
ORD_981;PROD_12;1;3
ORD_981;PROD_20;8;5
ORD_981;PROD_43;1;2
ORD_981;PROD_12;7;2
ORD_981;PROD_41;9;4
ORD_982;PROD_12;4;1
ORD_982;PROD_50;1;3
ORD_982;PROD_7;5;5
ORD_982;PROD_11;8;3
ORD_982;PROD_36;1;3
ORD_982;PROD_33;9;1
ORD_982;PROD_3;5;1
ORD_982;PROD_21;1;5
ORD_983;PROD_11;2;3
ORD_983;PROD_22;9;2
ORD_983;PROD_46;3;3
ORD_983;PROD_39;3;2
ORD_983;PROD_36;5;4
ORD_983;PROD_8;4;1
ORD_983;PROD_43;7;1
ORD_983;PROD_27;8;2
ORD_983;PROD_28;6;4
ORD_983;PROD_33;7;1
ORD_983;PROD_48;8;1
ORD_984;PROD_6;7;1
ORD_984;PROD_21;3;5
ORD_984;PROD_49;5;3
ORD_984;PROD_38;5;4
ORD_984;PROD_19;6;2
ORD_984;PROD_30;9;4
ORD_984;PROD_40;5;3
ORD_984;PROD_29;9;1
ORD_984;PROD_3;8;4
ORD_985;PROD_36;2;5
ORD_985;PROD_33;3;4
ORD_985;PROD_11;2;2
ORD_985;PROD_9;3;3
ORD_985;PROD_10;7;3
ORD_985;PROD_31;3;4
ORD_986;PROD_8;9;5
ORD_986;PROD_3;1;2
ORD_986;PROD_50;5;1
ORD_986;PROD_2;9;1
ORD_986;PROD_44;9;4
ORD_986;PROD_11;8;1
ORD_986;PROD_50;8;2
ORD_986;PROD_34;8;1
ORD_986;PROD_38;3;4
ORD_986;PROD_22;5;5
ORD_987;PROD_9;6;5
ORD_987;PROD_47;6;2
ORD_987;PROD_28;4;1
ORD_987;PROD_32;3;3
ORD_987;PROD_17;1;3
ORD_987;PROD_44;9;5
ORD_988;PROD_15;6;4
ORD_988;PROD_44;6;2
ORD_988;PROD_36;9;4
ORD_988;PROD_1;5;1
ORD_988;PROD_15;2;3
ORD_988;PROD_22;8;2
ORD_988;PROD_15;9;1
ORD_988;PROD_22;2;4
ORD_988;PROD_50;1;2
ORD_988;PROD_10;6;2
ORD_988;PROD_2;6;2
ORD_988;PROD_24;4;5
ORD_988;PROD_5;3;1
ORD_989;PROD_43;5;2
ORD_989;PROD_12;2;5
ORD_989;PROD_24;3;2
ORD_989;PROD_30;6;2
ORD_989;PROD_44;8;3
ORD_989;PROD_38;3;4
ORD_989;PROD_45;1;1
ORD_989;PROD_44;4;1
ORD_989;PROD_6;9;2
ORD_989;PROD_25;7;3
ORD_989;PROD_17;3;5
ORD_989;PROD_25;8;2
ORD_989;PROD_20;4;3
ORD_989;PROD_26;6;4
ORD_990;PROD_16;9;3
ORD_990;PROD_5;3;5
ORD_990;PROD_7;9;5
ORD_990;PROD_25;8;2
ORD_990;PROD_10;8;1
ORD_990;PROD_11;8;5
ORD_990;PROD_24;9;4
ORD_990;PROD_35;1;1
ORD_991;PROD_15;7;4
ORD_991;PROD_44;9;2
ORD_991;PROD_36;9;3
ORD_991;PROD_1;2;5
ORD_991;PROD_32;4;3
ORD_991;PROD_39;7;4
ORD_992;PROD_40;4;4
ORD_992;PROD_1;8;3
ORD_992;PROD_46;4;4
ORD_992;PROD_15;8;5
ORD_992;PROD_20;8;2
ORD_992;PROD_12;2;5
ORD_992;PROD_33;9;2
ORD_992;PROD_35;3;2
ORD_992;PROD_25;9;2
ORD_993;PROD_21;5;4
ORD_993;PROD_33;2;1
ORD_993;PROD_3;3;1
ORD_993;PROD_32;6;4
ORD_993;PROD_33;1;4
ORD_993;PROD_30;8;3
ORD_993;PROD_39;1;1
ORD_993;PROD_37;5;3
ORD_994;PROD_15;1;1
ORD_994;PROD_22;1;2
ORD_994;PROD_3;5;1
ORD_994;PROD_21;9;4
ORD_994;PROD_12;9;1
ORD_994;PROD_16;1;2
ORD_994;PROD_31;8;2
ORD_994;PROD_25;3;5
ORD_994;PROD_3;3;1
ORD_994;PROD_37;6;2
ORD_994;PROD_11;5;2
ORD_994;PROD_6;4;4
ORD_994;PROD_20;8;5
ORD_994;PROD_5;1;5
ORD_994;PROD_31;8;4
ORD_995;PROD_1;6;3
ORD_995;PROD_30;8;5
ORD_995;PROD_40;6;5
ORD_995;PROD_22;3;3
ORD_995;PROD_21;7;2
ORD_995;PROD_34;2;1
ORD_995;PROD_28;6;1
ORD_995;PROD_4;1;2
ORD_995;PROD_41;8;4
ORD_995;PROD_21;9;2
ORD_995;PROD_7;1;1
ORD_995;PROD_36;6;1
ORD_995;PROD_37;3;1
ORD_995;PROD_23;7;3
ORD_996;PROD_5;7;3
ORD_996;PROD_26;8;5
ORD_996;PROD_26;3;5
ORD_996;PROD_34;6;3
ORD_996;PROD_35;9;3
ORD_997;PROD_20;9;5
ORD_997;PROD_40;1;5
ORD_997;PROD_7;9;3
ORD_997;PROD_4;4;5
ORD_997;PROD_42;6;4
ORD_998;PROD_12;6;3
ORD_998;PROD_50;5;1
ORD_998;PROD_7;2;5
ORD_998;PROD_11;4;4
ORD_998;PROD_4;1;1
ORD_998;PROD_23;4;3
ORD_998;PROD_41;8;5
ORD_998;PROD_9;3;4
ORD_998;PROD_28;1;4
ORD_998;PROD_31;1;3
ORD_998;PROD_20;8;1
ORD_998;PROD_3;4;4
ORD_998;PROD_14;6;2
ORD_999;PROD_46;3;1
ORD_999;PROD_11;3;4
ORD_999;PROD_3;9;3
ORD_999;PROD_26;3;5
ORD_999;PROD_47;4;4
ORD_999;PROD_43;3;4
ORD_999;PROD_42;9;3
ORD_1000;PROD_2;7;5
ORD_1000;PROD_48;2;4
ORD_1000;PROD_15;9;3
ORD_1000;PROD_11;6;4
ORD_1000;PROD_35;3;2
ORD_1000;PROD_48;6;5
ORD_1000;PROD_39;9;2
ORD_1000;PROD_12;8;4
ORD_1000;PROD_1;7;4
ORD_1000;PROD_42;3;5
ORD_1001;PROD_29;2;5
ORD_1001;PROD_9;8;4
ORD_1001;PROD_44;6;2
ORD_1001;PROD_37;5;2
ORD_1001;PROD_45;3;2
ORD_1001;PROD_18;3;2
ORD_1001;PROD_36;6;4
ORD_1001;PROD_40;3;5
ORD_1001;PROD_22;8;3
ORD_1002;PROD_33;5;1
ORD_1002;PROD_47;1;5
ORD_1002;PROD_20;5;3
ORD_1002;PROD_46;1;3
ORD_1002;PROD_41;3;5
ORD_1002;PROD_47;8;2
ORD_1003;PROD_3;9;3
ORD_1003;PROD_21;7;1
ORD_1003;PROD_12;4;2
ORD_1003;PROD_16;1;5
ORD_1003;PROD_31;5;5
ORD_1003;PROD_33;5;5
ORD_1003;PROD_38;4;5
ORD_1003;PROD_49;5;4
ORD_1003;PROD_19;9;1
ORD_1003;PROD_15;6;4
ORD_1003;PROD_12;8;3
ORD_1003;PROD_50;8;4
ORD_1003;PROD_7;3;2
ORD_1003;PROD_11;7;1
ORD_1004;PROD_27;4;4
ORD_1004;PROD_47;1;3
ORD_1004;PROD_13;9;5
ORD_1004;PROD_41;4;2
ORD_1004;PROD_15;5;1
ORD_1004;PROD_18;5;5
ORD_1004;PROD_20;3;3
ORD_1004;PROD_8;4;3
ORD_1004;PROD_18;9;5
ORD_1004;PROD_47;1;3
ORD_1004;PROD_11;8;3
ORD_1004;PROD_34;2;3
ORD_1004;PROD_12;7;4
ORD_1004;PROD_31;6;1
ORD_1004;PROD_45;1;1
ORD_1005;PROD_11;3;1
ORD_1005;PROD_43;9;2
ORD_1005;PROD_30;2;5
ORD_1005;PROD_42;2;1
ORD_1005;PROD_11;9;5
ORD_1005;PROD_45;2;1
ORD_1005;PROD_33;3;1
ORD_1005;PROD_42;8;3
ORD_1005;PROD_37;5;1
ORD_1005;PROD_15;3;2
ORD_1005;PROD_48;9;3
ORD_1006;PROD_46;4;1
ORD_1006;PROD_41;4;4
ORD_1006;PROD_4;3;2
ORD_1006;PROD_33;8;2
ORD_1006;PROD_33;8;4
ORD_1006;PROD_28;7;5
ORD_1007;PROD_12;4;3
ORD_1007;PROD_50;2;1
ORD_1007;PROD_7;2;4
ORD_1007;PROD_11;7;4
ORD_1007;PROD_15;6;2
ORD_1007;PROD_22;1;3
ORD_1008;PROD_9;6;5
ORD_1008;PROD_8;6;5
ORD_1008;PROD_17;3;3
ORD_1008;PROD_8;7;5
ORD_1008;PROD_34;5;4
ORD_1008;PROD_35;4;2
ORD_1008;PROD_44;9;2
ORD_1008;PROD_16;9;3
ORD_1008;PROD_11;3;2
ORD_1008;PROD_37;2;4
ORD_1008;PROD_29;4;4
ORD_1008;PROD_15;9;1
ORD_1008;PROD_18;9;5
ORD_1008;PROD_26;1;2
ORD_1009;PROD_15;9;5
ORD_1009;PROD_22;8;2
ORD_1009;PROD_15;4;2
ORD_1009;PROD_22;1;4
ORD_1009;PROD_11;6;3
ORD_1009;PROD_43;2;4
ORD_1009;PROD_33;2;4
ORD_1010;PROD_36;6;2
ORD_1010;PROD_33;2;5
ORD_1010;PROD_33;3;5
ORD_1010;PROD_38;9;4
ORD_1010;PROD_49;5;5
ORD_1010;PROD_19;1;5
ORD_1010;PROD_15;3;5
ORD_1010;PROD_15;3;1
ORD_1010;PROD_22;2;5
ORD_1011;PROD_15;6;2
ORD_1011;PROD_44;8;1
ORD_1011;PROD_36;3;2
ORD_1011;PROD_1;8;3
ORD_1011;PROD_3;5;2
ORD_1011;PROD_21;4;3
ORD_1011;PROD_12;1;1
ORD_1011;PROD_16;8;5
ORD_1011;PROD_31;9;2
ORD_1012;PROD_3;5;4
ORD_1012;PROD_24;4;5
ORD_1012;PROD_13;9;2
ORD_1012;PROD_22;3;4
ORD_1012;PROD_24;6;3
ORD_1012;PROD_5;7;2
ORD_1012;PROD_43;6;2
ORD_1012;PROD_42;8;1
ORD_1012;PROD_9;2;1
ORD_1012;PROD_1;4;2
ORD_1012;PROD_6;3;2
ORD_1012;PROD_49;1;5
ORD_1012;PROD_19;4;3
ORD_1012;PROD_41;5;3
ORD_1013;PROD_16;2;4
ORD_1013;PROD_45;9;4
ORD_1013;PROD_31;5;2
ORD_1013;PROD_44;5;3
ORD_1013;PROD_36;8;1
ORD_1013;PROD_40;8;4
ORD_1013;PROD_33;5;5
ORD_1013;PROD_17;5;2
ORD_1013;PROD_29;7;2
ORD_1013;PROD_47;2;4
ORD_1013;PROD_8;6;3
ORD_1013;PROD_26;4;4
ORD_1014;PROD_37;3;1
ORD_1014;PROD_4;9;5
ORD_1014;PROD_19;9;4
ORD_1014;PROD_41;9;5
ORD_1014;PROD_47;3;5
ORD_1014;PROD_9;6;3
ORD_1014;PROD_21;3;4
ORD_1014;PROD_7;2;3
ORD_1014;PROD_46;1;2
ORD_1014;PROD_30;8;2
ORD_1014;PROD_25;3;1
ORD_1014;PROD_1;6;5
ORD_1014;PROD_27;3;2
ORD_1015;PROD_3;9;3
ORD_1015;PROD_21;6;5
ORD_1015;PROD_12;1;4
ORD_1015;PROD_16;3;4
ORD_1015;PROD_31;9;2
ORD_1015;PROD_46;3;5
ORD_1015;PROD_46;8;5
ORD_1016;PROD_12;3;5
ORD_1016;PROD_50;8;3
ORD_1016;PROD_7;5;4
ORD_1016;PROD_11;8;2
ORD_1016;PROD_6;7;4
ORD_1016;PROD_39;5;1
ORD_1016;PROD_50;3;4
ORD_1016;PROD_44;5;4
ORD_1016;PROD_45;6;5
ORD_1016;PROD_16;5;5
ORD_1016;PROD_49;8;5
ORD_1016;PROD_4;4;5
ORD_1016;PROD_9;4;4
ORD_1016;PROD_18;7;3
ORD_1017;PROD_3;4;4
ORD_1017;PROD_10;1;1
ORD_1017;PROD_18;5;3
ORD_1017;PROD_19;6;4
ORD_1017;PROD_23;1;4
ORD_1017;PROD_4;9;1
ORD_1017;PROD_41;7;2
ORD_1017;PROD_28;9;5
ORD_1017;PROD_24;2;5
ORD_1018;PROD_10;1;2
ORD_1018;PROD_22;2;2
ORD_1018;PROD_9;5;3
ORD_1018;PROD_26;5;4
ORD_1018;PROD_9;2;4
ORD_1018;PROD_9;5;2
ORD_1018;PROD_6;7;3
ORD_1018;PROD_4;9;5
ORD_1018;PROD_33;8;4
ORD_1018;PROD_39;2;2
ORD_1018;PROD_32;4;4
ORD_1019;PROD_50;6;1
ORD_1019;PROD_39;3;4
ORD_1019;PROD_33;5;1
ORD_1019;PROD_21;5;1
ORD_1019;PROD_31;3;4
ORD_1019;PROD_26;3;5
ORD_1019;PROD_46;3;3
ORD_1019;PROD_34;2;3
ORD_1019;PROD_22;8;1
ORD_1019;PROD_47;7;3
ORD_1019;PROD_29;5;2
ORD_1019;PROD_44;4;2
ORD_1020;PROD_15;9;5
ORD_1020;PROD_40;8;3
ORD_1020;PROD_3;4;2
ORD_1020;PROD_40;6;1
ORD_1020;PROD_43;1;1
ORD_1020;PROD_20;1;1
ORD_1020;PROD_25;9;5
ORD_1020;PROD_8;4;1
ORD_1020;PROD_50;9;4
ORD_1020;PROD_28;8;5
ORD_1020;PROD_40;6;4
ORD_1020;PROD_27;7;1
ORD_1020;PROD_12;7;2
ORD_1020;PROD_4;4;1
ORD_1020;PROD_4;5;1
ORD_1021;PROD_11;4;5
ORD_1021;PROD_43;3;5
ORD_1021;PROD_33;5;5
ORD_1021;PROD_38;8;3
ORD_1021;PROD_49;2;3
ORD_1021;PROD_19;2;5
ORD_1022;PROD_4;4;5
ORD_1022;PROD_12;3;5
ORD_1022;PROD_50;9;1
ORD_1022;PROD_1;8;3
ORD_1022;PROD_17;7;3
ORD_1022;PROD_26;7;2
ORD_1022;PROD_37;1;2
ORD_1022;PROD_6;1;2
ORD_1022;PROD_23;1;4
ORD_1022;PROD_38;2;4
ORD_1023;PROD_3;6;2
ORD_1023;PROD_21;3;3
ORD_1023;PROD_12;4;2
ORD_1023;PROD_16;8;4
ORD_1023;PROD_31;1;2
ORD_1023;PROD_21;5;1
ORD_1023;PROD_45;8;4
ORD_1023;PROD_36;2;1
ORD_1023;PROD_3;1;1
ORD_1023;PROD_36;6;3
ORD_1023;PROD_29;6;5
ORD_1024;PROD_11;6;4
ORD_1024;PROD_43;2;2
ORD_1024;PROD_33;9;4
ORD_1024;PROD_38;1;4
ORD_1024;PROD_49;1;1
ORD_1024;PROD_19;7;2
ORD_1024;PROD_15;1;1
ORD_1024;PROD_15;7;1
ORD_1024;PROD_22;1;5
ORD_1024;PROD_23;3;3
ORD_1024;PROD_39;6;3
ORD_1024;PROD_43;5;3
ORD_1024;PROD_40;7;5
ORD_1025;PROD_43;5;1
ORD_1025;PROD_32;5;5
ORD_1025;PROD_7;4;2
ORD_1025;PROD_41;2;5
ORD_1025;PROD_26;6;5
ORD_1025;PROD_35;3;4
ORD_1025;PROD_49;5;5
ORD_1025;PROD_5;4;2
ORD_1025;PROD_24;5;4
ORD_1026;PROD_11;3;2
ORD_1026;PROD_43;5;5
ORD_1026;PROD_12;9;2
ORD_1026;PROD_50;8;2
ORD_1026;PROD_7;6;1
ORD_1026;PROD_11;8;1
ORD_1026;PROD_2;5;4
ORD_1026;PROD_13;9;5
ORD_1026;PROD_26;6;2
ORD_1026;PROD_50;8;4
ORD_1027;PROD_9;2;3
ORD_1027;PROD_20;4;1
ORD_1027;PROD_8;5;5
ORD_1027;PROD_9;3;5
ORD_1027;PROD_8;2;4
ORD_1027;PROD_13;4;5
ORD_1027;PROD_35;3;3
ORD_1027;PROD_41;3;4
ORD_1027;PROD_26;1;1
ORD_1028;PROD_12;4;2
ORD_1028;PROD_50;3;4
ORD_1028;PROD_7;1;4
ORD_1028;PROD_11;4;2
ORD_1028;PROD_12;2;3
ORD_1028;PROD_50;6;4
ORD_1028;PROD_7;7;5
ORD_1028;PROD_11;5;3
ORD_1028;PROD_27;9;2
ORD_1028;PROD_44;3;5
ORD_1028;PROD_6;1;4
ORD_1028;PROD_36;8;4
ORD_1028;PROD_33;1;5
ORD_1028;PROD_15;6;4
ORD_1029;PROD_11;6;3
ORD_1029;PROD_43;7;5
ORD_1029;PROD_12;6;5
ORD_1029;PROD_50;5;5
ORD_1029;PROD_7;1;2
ORD_1029;PROD_11;2;5
ORD_1029;PROD_35;4;3
ORD_1029;PROD_36;3;3
ORD_1029;PROD_21;7;3
ORD_1029;PROD_13;7;1
ORD_1029;PROD_17;5;3
ORD_1029;PROD_47;1;3
ORD_1029;PROD_19;5;2
ORD_1030;PROD_16;3;3
ORD_1030;PROD_2;8;5
ORD_1030;PROD_42;8;5
ORD_1030;PROD_5;1;4
ORD_1030;PROD_37;1;1
ORD_1030;PROD_39;6;2
ORD_1030;PROD_28;6;5
ORD_1030;PROD_45;3;4
ORD_1030;PROD_17;3;4
ORD_1031;PROD_15;3;3
ORD_1031;PROD_22;6;1
ORD_1031;PROD_36;2;4
ORD_1031;PROD_33;3;3
ORD_1031;PROD_25;3;3
ORD_1032;PROD_42;2;2
ORD_1032;PROD_38;9;5
ORD_1032;PROD_50;4;2
ORD_1032;PROD_43;5;3
ORD_1032;PROD_36;9;1
ORD_1032;PROD_25;6;2
ORD_1032;PROD_37;4;3
ORD_1032;PROD_32;2;3
ORD_1033;PROD_43;7;2
ORD_1033;PROD_23;6;3
ORD_1033;PROD_22;5;5
ORD_1033;PROD_28;4;4
ORD_1033;PROD_21;7;5
ORD_1033;PROD_47;7;1
ORD_1033;PROD_28;9;1
ORD_1033;PROD_24;6;1
ORD_1033;PROD_16;8;4
ORD_1033;PROD_8;1;4
ORD_1033;PROD_43;2;5
ORD_1034;PROD_33;3;4
ORD_1034;PROD_38;6;2
ORD_1034;PROD_49;6;1
ORD_1034;PROD_19;3;1
ORD_1034;PROD_15;1;5
ORD_1034;PROD_11;4;1
ORD_1034;PROD_43;5;3
ORD_1034;PROD_15;4;2
ORD_1034;PROD_22;9;3
ORD_1034;PROD_18;9;1
ORD_1034;PROD_29;3;3
ORD_1035;PROD_28;8;4
ORD_1035;PROD_37;1;3
ORD_1035;PROD_3;1;4
ORD_1035;PROD_13;3;3
ORD_1035;PROD_36;4;1
ORD_1035;PROD_25;8;5
ORD_1035;PROD_10;8;5
ORD_1036;PROD_49;2;1
ORD_1036;PROD_39;1;1
ORD_1036;PROD_16;3;2
ORD_1036;PROD_49;1;1
ORD_1036;PROD_21;4;4
ORD_1036;PROD_38;9;3
ORD_1036;PROD_33;2;2
ORD_1036;PROD_29;1;3
ORD_1036;PROD_20;3;3
ORD_1036;PROD_12;9;5
ORD_1036;PROD_21;4;1
ORD_1036;PROD_24;2;4
ORD_1037;PROD_15;4;4
ORD_1037;PROD_44;7;2
ORD_1037;PROD_36;8;4
ORD_1037;PROD_1;8;2
ORD_1037;PROD_12;3;3
ORD_1037;PROD_50;1;2
ORD_1037;PROD_7;5;5
ORD_1037;PROD_11;2;4
ORD_1037;PROD_11;2;3
ORD_1038;PROD_12;9;2
ORD_1038;PROD_50;6;3
ORD_1038;PROD_7;1;2
ORD_1038;PROD_11;5;4
ORD_1038;PROD_11;2;4
ORD_1038;PROD_43;8;4
ORD_1038;PROD_31;7;3
ORD_1038;PROD_26;3;3
ORD_1038;PROD_30;7;5
ORD_1038;PROD_21;2;1
ORD_1038;PROD_18;3;3
ORD_1039;PROD_19;2;3
ORD_1039;PROD_43;5;3
ORD_1039;PROD_21;4;1
ORD_1039;PROD_36;9;3
ORD_1039;PROD_50;5;3
ORD_1039;PROD_34;1;5
ORD_1039;PROD_28;4;1
ORD_1039;PROD_23;4;3
ORD_1039;PROD_39;6;2
ORD_1039;PROD_38;1;1
ORD_1040;PROD_30;1;5
ORD_1040;PROD_20;7;1
ORD_1040;PROD_12;5;1
ORD_1040;PROD_27;7;4
ORD_1040;PROD_5;2;1
ORD_1040;PROD_46;7;2
ORD_1040;PROD_6;4;1
ORD_1040;PROD_50;6;5
ORD_1040;PROD_19;8;4
ORD_1040;PROD_38;3;5
ORD_1040;PROD_5;9;5
ORD_1040;PROD_26;3;2
ORD_1040;PROD_21;2;1
ORD_1040;PROD_18;1;3
ORD_1041;PROD_15;9;4
ORD_1041;PROD_44;9;1
ORD_1041;PROD_36;2;4
ORD_1041;PROD_1;2;2
ORD_1041;PROD_15;4;1
ORD_1041;PROD_22;7;2
ORD_1041;PROD_10;2;2
ORD_1041;PROD_17;9;5
ORD_1041;PROD_33;7;5
ORD_1041;PROD_36;6;2
ORD_1042;PROD_12;7;5
ORD_1042;PROD_50;4;3
ORD_1042;PROD_7;2;2
ORD_1042;PROD_11;5;3
ORD_1042;PROD_28;9;3
ORD_1042;PROD_16;8;1
ORD_1042;PROD_4;6;4
ORD_1042;PROD_45;9;4
ORD_1043;PROD_1;5;1
ORD_1043;PROD_13;8;3
ORD_1043;PROD_9;6;3
ORD_1043;PROD_26;6;4
ORD_1043;PROD_38;3;1
ORD_1043;PROD_25;9;3
ORD_1043;PROD_36;4;1
ORD_1043;PROD_47;7;5
ORD_1044;PROD_48;7;1
ORD_1044;PROD_33;7;4
ORD_1044;PROD_34;9;2
ORD_1044;PROD_14;4;4
ORD_1044;PROD_35;8;3
ORD_1044;PROD_17;1;5
ORD_1044;PROD_42;2;4
ORD_1044;PROD_36;3;4
ORD_1044;PROD_45;1;5
ORD_1044;PROD_29;9;5
ORD_1044;PROD_17;2;5
ORD_1044;PROD_45;8;1
ORD_1044;PROD_26;7;2
ORD_1044;PROD_40;8;5
ORD_1044;PROD_9;1;1
ORD_1045;PROD_32;2;4
ORD_1045;PROD_40;8;4
ORD_1045;PROD_41;6;1
ORD_1045;PROD_13;2;1
ORD_1045;PROD_43;1;1
ORD_1045;PROD_43;4;4
ORD_1045;PROD_39;8;4
ORD_1045;PROD_7;5;2
ORD_1045;PROD_25;1;3
ORD_1045;PROD_10;6;3
ORD_1045;PROD_28;8;4
ORD_1045;PROD_47;3;2
ORD_1046;PROD_15;1;3
ORD_1046;PROD_44;9;5
ORD_1046;PROD_36;7;5
ORD_1046;PROD_1;3;4
ORD_1046;PROD_11;2;3
ORD_1046;PROD_43;7;2
ORD_1046;PROD_27;8;4
ORD_1046;PROD_13;3;1
ORD_1047;PROD_1;7;4
ORD_1047;PROD_33;8;4
ORD_1047;PROD_15;3;3
ORD_1047;PROD_37;3;1
ORD_1047;PROD_24;5;4
ORD_1047;PROD_25;1;2
ORD_1047;PROD_41;3;4
ORD_1047;PROD_47;4;1
ORD_1047;PROD_30;4;4
ORD_1047;PROD_3;6;3
ORD_1047;PROD_46;8;2
ORD_1048;PROD_29;7;3
ORD_1048;PROD_17;1;1
ORD_1048;PROD_43;3;1
ORD_1048;PROD_32;5;1
ORD_1048;PROD_47;9;2
ORD_1048;PROD_42;3;1
ORD_1048;PROD_43;4;4
ORD_1048;PROD_49;4;3
ORD_1049;PROD_18;6;4
ORD_1049;PROD_17;7;4
ORD_1049;PROD_3;1;1
ORD_1049;PROD_5;3;1
ORD_1049;PROD_50;3;3
ORD_1049;PROD_34;5;2
ORD_1049;PROD_1;2;4
ORD_1049;PROD_48;2;4
ORD_1050;PROD_43;3;3
ORD_1050;PROD_5;3;4
ORD_1050;PROD_1;5;2
ORD_1050;PROD_34;6;1
ORD_1050;PROD_28;5;4
ORD_1051;PROD_15;5;3
ORD_1051;PROD_44;7;1
ORD_1051;PROD_36;1;2
ORD_1051;PROD_1;6;4
ORD_1051;PROD_3;6;2
ORD_1052;PROD_36;9;2
ORD_1052;PROD_33;2;1
ORD_1052;PROD_12;8;5
ORD_1052;PROD_50;7;4
ORD_1052;PROD_7;6;2
ORD_1052;PROD_11;5;2
ORD_1052;PROD_44;2;5
ORD_1053;PROD_4;5;1
ORD_1053;PROD_17;5;4
ORD_1053;PROD_24;2;4
ORD_1053;PROD_25;9;1
ORD_1053;PROD_30;2;2
ORD_1053;PROD_39;8;1
ORD_1053;PROD_14;2;2
ORD_1053;PROD_13;3;4
ORD_1054;PROD_17;3;2
ORD_1054;PROD_22;1;1
ORD_1054;PROD_23;1;3
ORD_1054;PROD_13;7;4
ORD_1054;PROD_22;3;4
ORD_1054;PROD_12;7;1
ORD_1054;PROD_46;8;2
ORD_1054;PROD_39;3;5
ORD_1054;PROD_38;8;1
ORD_1054;PROD_38;4;5
ORD_1054;PROD_10;5;2
ORD_1054;PROD_49;2;4
ORD_1054;PROD_7;3;3
ORD_1054;PROD_4;5;5
ORD_1054;PROD_11;8;4
ORD_1055;PROD_3;3;3
ORD_1055;PROD_9;9;5
ORD_1055;PROD_10;7;4
ORD_1055;PROD_3;6;5
ORD_1055;PROD_7;2;5
ORD_1055;PROD_47;4;5
ORD_1055;PROD_20;7;2
ORD_1055;PROD_25;3;1
ORD_1055;PROD_10;9;1
ORD_1055;PROD_46;3;4
ORD_1055;PROD_17;7;5
ORD_1055;PROD_26;1;3
ORD_1055;PROD_3;1;4
ORD_1056;PROD_3;9;3
ORD_1056;PROD_21;5;2
ORD_1056;PROD_50;9;3
ORD_1056;PROD_40;2;2
ORD_1056;PROD_49;5;1
ORD_1056;PROD_4;6;1
ORD_1056;PROD_5;4;4
ORD_1056;PROD_20;2;3
ORD_1056;PROD_49;3;2
ORD_1057;PROD_37;6;1
ORD_1057;PROD_18;6;3
ORD_1057;PROD_15;4;1
ORD_1057;PROD_6;2;1
ORD_1057;PROD_1;9;2
ORD_1057;PROD_16;6;4
ORD_1057;PROD_27;7;4
ORD_1057;PROD_43;4;1
ORD_1057;PROD_47;4;1
ORD_1057;PROD_27;2;1
ORD_1057;PROD_24;7;1
ORD_1057;PROD_39;9;4
ORD_1058;PROD_49;1;3
ORD_1058;PROD_50;4;3
ORD_1058;PROD_2;4;4
ORD_1058;PROD_7;9;5
ORD_1058;PROD_14;1;5
ORD_1059;PROD_12;5;1
ORD_1059;PROD_50;7;4
ORD_1059;PROD_7;2;2
ORD_1059;PROD_11;5;5
ORD_1059;PROD_31;2;3
ORD_1059;PROD_30;3;5
ORD_1059;PROD_39;5;2
ORD_1059;PROD_4;2;3
ORD_1059;PROD_37;8;1
ORD_1059;PROD_26;1;2
ORD_1059;PROD_20;4;2
ORD_1059;PROD_27;4;1
ORD_1059;PROD_44;7;2
ORD_1060;PROD_5;7;5
ORD_1060;PROD_40;9;3
ORD_1060;PROD_18;6;4
ORD_1060;PROD_31;7;3
ORD_1060;PROD_39;6;5
ORD_1061;PROD_25;9;1
ORD_1061;PROD_5;8;3
ORD_1061;PROD_15;2;4
ORD_1061;PROD_44;3;2
ORD_1061;PROD_44;5;4
ORD_1061;PROD_17;7;3
ORD_1061;PROD_11;5;5
ORD_1062;PROD_15;6;1
ORD_1062;PROD_22;6;3
ORD_1062;PROD_15;4;4
ORD_1062;PROD_22;3;4
ORD_1062;PROD_15;1;3
ORD_1062;PROD_44;2;4
ORD_1062;PROD_36;8;3
ORD_1062;PROD_1;7;5
ORD_1063;PROD_14;5;4
ORD_1063;PROD_47;5;5
ORD_1063;PROD_49;6;5
ORD_1063;PROD_9;4;2
ORD_1063;PROD_33;9;2
ORD_1063;PROD_26;5;1
ORD_1063;PROD_19;8;1
ORD_1063;PROD_39;6;5
ORD_1063;PROD_25;2;2
ORD_1064;PROD_36;6;4
ORD_1064;PROD_33;9;2
ORD_1064;PROD_12;2;4
ORD_1064;PROD_50;4;4
ORD_1064;PROD_7;7;2
ORD_1064;PROD_11;4;5
ORD_1064;PROD_15;2;2
ORD_1064;PROD_22;6;5
ORD_1064;PROD_27;2;2
ORD_1064;PROD_30;2;2
ORD_1064;PROD_25;9;2
ORD_1064;PROD_9;4;5
ORD_1065;PROD_25;5;2
ORD_1065;PROD_20;3;3
ORD_1065;PROD_34;6;5
ORD_1065;PROD_39;9;3
ORD_1065;PROD_12;7;3
ORD_1066;PROD_14;1;5
ORD_1066;PROD_42;8;1
ORD_1066;PROD_18;9;3
ORD_1066;PROD_25;4;1
ORD_1066;PROD_16;4;2
ORD_1066;PROD_44;8;2
ORD_1066;PROD_46;4;3
ORD_1066;PROD_22;6;1
ORD_1066;PROD_43;3;2
ORD_1067;PROD_11;4;2
ORD_1067;PROD_42;9;4
ORD_1067;PROD_28;8;4
ORD_1067;PROD_39;4;4
ORD_1067;PROD_23;4;5
ORD_1067;PROD_29;4;3
ORD_1067;PROD_48;4;4
ORD_1067;PROD_33;6;1
ORD_1067;PROD_26;3;1
ORD_1067;PROD_12;9;2
ORD_1067;PROD_34;5;2
ORD_1067;PROD_33;3;5
ORD_1067;PROD_44;3;3
ORD_1068;PROD_3;3;4
ORD_1068;PROD_21;2;1
ORD_1068;PROD_12;1;4
ORD_1068;PROD_16;1;5
ORD_1068;PROD_31;5;3
ORD_1068;PROD_11;7;4
ORD_1068;PROD_43;8;1
ORD_1068;PROD_3;5;4
ORD_1068;PROD_21;9;2
ORD_1068;PROD_12;5;2
ORD_1068;PROD_16;3;3
ORD_1068;PROD_31;1;4
ORD_1068;PROD_5;8;4
ORD_1068;PROD_40;1;1
ORD_1068;PROD_15;9;1
ORD_1069;PROD_46;1;1
ORD_1069;PROD_6;4;4
ORD_1069;PROD_8;7;4
ORD_1069;PROD_4;2;1
ORD_1069;PROD_41;6;2
ORD_1069;PROD_6;1;1
ORD_1069;PROD_21;2;5
ORD_1069;PROD_49;5;3
ORD_1069;PROD_33;9;2
ORD_1069;PROD_6;3;2
ORD_1070;PROD_3;5;5
ORD_1070;PROD_3;7;1
ORD_1070;PROD_28;8;4
ORD_1070;PROD_13;3;4
ORD_1070;PROD_35;8;5
ORD_1070;PROD_49;2;4
ORD_1070;PROD_34;6;4
ORD_1070;PROD_16;7;2
ORD_1070;PROD_37;7;4
ORD_1070;PROD_28;6;4
ORD_1070;PROD_42;6;2
ORD_1070;PROD_14;2;1
ORD_1070;PROD_27;8;5
ORD_1070;PROD_26;3;4
ORD_1071;PROD_12;3;1
ORD_1071;PROD_50;1;1
ORD_1071;PROD_7;7;4
ORD_1071;PROD_11;3;4
ORD_1071;PROD_33;5;4
ORD_1071;PROD_38;4;1
ORD_1071;PROD_49;3;1
ORD_1071;PROD_19;2;3
ORD_1072;PROD_34;7;5
ORD_1072;PROD_17;4;4
ORD_1072;PROD_38;7;4
ORD_1072;PROD_13;5;3
ORD_1072;PROD_14;4;3
ORD_1072;PROD_35;1;5
ORD_1072;PROD_20;4;3
ORD_1072;PROD_15;9;4
ORD_1072;PROD_29;5;3
ORD_1072;PROD_6;9;3
ORD_1072;PROD_19;1;5
ORD_1072;PROD_44;2;3
ORD_1072;PROD_9;3;5
ORD_1073;PROD_19;7;5
ORD_1073;PROD_31;3;4
ORD_1073;PROD_4;3;5
ORD_1073;PROD_30;3;4
ORD_1073;PROD_33;6;4
ORD_1073;PROD_4;6;4
ORD_1073;PROD_8;3;4
ORD_1073;PROD_9;7;1
ORD_1073;PROD_6;7;5
ORD_1073;PROD_25;8;4
ORD_1073;PROD_46;8;2
ORD_1073;PROD_8;3;4
ORD_1073;PROD_38;5;4
ORD_1073;PROD_13;4;1
ORD_1073;PROD_20;6;4
ORD_1074;PROD_8;7;2
ORD_1074;PROD_24;9;3
ORD_1074;PROD_37;4;5
ORD_1074;PROD_7;2;3
ORD_1074;PROD_31;5;5
ORD_1075;PROD_33;9;3
ORD_1075;PROD_24;2;3
ORD_1075;PROD_34;7;3
ORD_1075;PROD_16;1;1
ORD_1075;PROD_49;7;2
ORD_1075;PROD_6;6;5
ORD_1075;PROD_28;7;2
ORD_1075;PROD_7;3;3
ORD_1075;PROD_14;7;1
ORD_1075;PROD_2;8;1
ORD_1075;PROD_6;7;5
ORD_1075;PROD_42;5;1
ORD_1076;PROD_33;6;1
ORD_1076;PROD_38;8;2
ORD_1076;PROD_49;1;4
ORD_1076;PROD_19;7;4
ORD_1076;PROD_15;9;1
ORD_1076;PROD_12;1;1
ORD_1076;PROD_50;2;3
ORD_1076;PROD_7;7;1
ORD_1076;PROD_11;4;2
ORD_1076;PROD_47;5;5
ORD_1076;PROD_17;6;3
ORD_1076;PROD_19;4;1
ORD_1076;PROD_43;5;1
ORD_1076;PROD_2;5;5
ORD_1077;PROD_15;7;2
ORD_1077;PROD_44;7;3
ORD_1077;PROD_36;6;1
ORD_1077;PROD_1;2;5
ORD_1077;PROD_26;2;3
ORD_1077;PROD_42;4;2
ORD_1077;PROD_15;9;3
ORD_1077;PROD_34;4;2
ORD_1077;PROD_30;1;3
ORD_1077;PROD_30;5;5
ORD_1077;PROD_9;9;1
ORD_1078;PROD_11;6;3
ORD_1078;PROD_8;9;3
ORD_1078;PROD_35;3;3
ORD_1078;PROD_47;8;4
ORD_1078;PROD_10;1;4
ORD_1078;PROD_48;9;5
ORD_1078;PROD_25;5;5
ORD_1078;PROD_17;1;2
ORD_1078;PROD_31;7;1
ORD_1078;PROD_40;4;4
ORD_1079;PROD_15;8;1
ORD_1079;PROD_44;6;5
ORD_1079;PROD_36;4;2
ORD_1079;PROD_1;1;1
ORD_1079;PROD_3;4;1
ORD_1080;PROD_15;6;2
ORD_1080;PROD_44;4;5
ORD_1080;PROD_36;9;3
ORD_1080;PROD_1;5;5
ORD_1080;PROD_15;3;3
ORD_1080;PROD_44;4;3
ORD_1080;PROD_36;7;2
ORD_1080;PROD_1;5;1
ORD_1080;PROD_14;3;1
ORD_1081;PROD_36;8;4
ORD_1081;PROD_33;2;2
ORD_1081;PROD_3;1;3
ORD_1081;PROD_21;9;2
ORD_1081;PROD_12;4;2
ORD_1082;PROD_15;5;1
ORD_1082;PROD_44;6;3
ORD_1082;PROD_36;3;5
ORD_1082;PROD_1;3;1
ORD_1082;PROD_3;4;5
ORD_1082;PROD_21;5;3
ORD_1082;PROD_12;8;3
ORD_1082;PROD_16;2;3
ORD_1082;PROD_31;9;4
ORD_1083;PROD_9;1;4
ORD_1083;PROD_17;2;2
ORD_1083;PROD_6;2;2
ORD_1083;PROD_12;4;4
ORD_1083;PROD_23;2;5
ORD_1084;PROD_7;5;2
ORD_1084;PROD_39;2;3
ORD_1084;PROD_2;8;3
ORD_1084;PROD_43;1;4
ORD_1084;PROD_35;3;1
ORD_1084;PROD_16;5;4
ORD_1084;PROD_23;1;1
ORD_1084;PROD_47;9;3
ORD_1084;PROD_4;3;5
ORD_1084;PROD_49;7;4
ORD_1084;PROD_46;5;2
ORD_1084;PROD_1;5;4
ORD_1085;PROD_42;3;5
ORD_1085;PROD_25;6;3
ORD_1085;PROD_6;9;3
ORD_1085;PROD_47;8;3
ORD_1085;PROD_1;7;2
ORD_1085;PROD_35;7;3
ORD_1085;PROD_22;3;5
ORD_1085;PROD_39;2;5
ORD_1085;PROD_20;2;4
ORD_1085;PROD_11;7;3
ORD_1085;PROD_33;3;4
ORD_1085;PROD_49;3;3
ORD_1085;PROD_9;5;4
ORD_1086;PROD_12;4;1
ORD_1086;PROD_50;5;2
ORD_1086;PROD_7;2;3
ORD_1086;PROD_11;7;2
ORD_1086;PROD_11;7;3
ORD_1086;PROD_43;9;1
ORD_1086;PROD_36;6;1
ORD_1086;PROD_33;6;2
ORD_1086;PROD_12;8;3
ORD_1086;PROD_9;8;2
ORD_1087;PROD_11;7;4
ORD_1087;PROD_43;9;5
ORD_1087;PROD_11;6;3
ORD_1087;PROD_43;1;2
ORD_1087;PROD_43;6;1
ORD_1087;PROD_48;7;4
ORD_1087;PROD_24;4;1
ORD_1088;PROD_24;9;3
ORD_1088;PROD_20;1;1
ORD_1088;PROD_2;3;4
ORD_1088;PROD_22;7;3
ORD_1088;PROD_21;4;4
ORD_1088;PROD_13;7;4
ORD_1088;PROD_36;6;1
ORD_1089;PROD_37;4;5
ORD_1089;PROD_24;6;3
ORD_1089;PROD_50;2;4
ORD_1089;PROD_21;4;1
ORD_1089;PROD_34;1;1
ORD_1089;PROD_34;7;4
ORD_1089;PROD_30;5;2
ORD_1089;PROD_5;1;4
ORD_1089;PROD_1;3;4
ORD_1089;PROD_30;5;5
ORD_1089;PROD_48;8;5
ORD_1089;PROD_49;3;5
ORD_1089;PROD_29;5;2
ORD_1089;PROD_26;9;1
ORD_1090;PROD_3;8;3
ORD_1090;PROD_21;1;4
ORD_1090;PROD_12;3;4
ORD_1090;PROD_16;6;5
ORD_1090;PROD_31;2;1
ORD_1090;PROD_15;7;2
ORD_1090;PROD_44;6;4
ORD_1091;PROD_24;5;3
ORD_1091;PROD_32;7;1
ORD_1091;PROD_39;9;2
ORD_1091;PROD_33;2;1
ORD_1091;PROD_43;6;5
ORD_1091;PROD_23;2;3
ORD_1091;PROD_23;7;4
ORD_1091;PROD_12;4;3
ORD_1091;PROD_34;7;4
ORD_1091;PROD_5;4;4
ORD_1091;PROD_35;2;2
ORD_1092;PROD_12;1;2
ORD_1092;PROD_50;8;1
ORD_1092;PROD_7;5;4
ORD_1092;PROD_11;1;2
ORD_1092;PROD_12;6;5
ORD_1092;PROD_50;1;4
ORD_1092;PROD_7;1;4
ORD_1092;PROD_11;3;4
ORD_1092;PROD_15;4;2
ORD_1092;PROD_22;3;4
ORD_1092;PROD_31;2;3
ORD_1092;PROD_26;8;3
ORD_1092;PROD_30;3;5
ORD_1092;PROD_30;2;3
ORD_1093;PROD_12;6;5
ORD_1093;PROD_50;5;1
ORD_1093;PROD_7;8;5
ORD_1093;PROD_11;5;1
ORD_1093;PROD_49;7;1
ORD_1093;PROD_41;9;5
ORD_1093;PROD_2;9;5
ORD_1093;PROD_22;9;2
ORD_1093;PROD_40;9;3
ORD_1093;PROD_13;4;5
ORD_1093;PROD_36;2;2
ORD_1093;PROD_16;9;5
ORD_1093;PROD_28;3;4
ORD_1093;PROD_37;3;2
ORD_1093;PROD_46;3;2
ORD_1094;PROD_33;6;4
ORD_1094;PROD_38;3;3
ORD_1094;PROD_49;3;4
ORD_1094;PROD_19;1;2
ORD_1094;PROD_15;7;4
ORD_1094;PROD_11;8;4
ORD_1094;PROD_43;3;3
ORD_1094;PROD_33;6;2
ORD_1094;PROD_38;3;2
ORD_1094;PROD_49;7;2
ORD_1094;PROD_19;1;2
ORD_1094;PROD_15;7;1
ORD_1094;PROD_29;8;5
ORD_1094;PROD_28;1;1
ORD_1094;PROD_12;1;4
ORD_1095;PROD_9;5;2
ORD_1095;PROD_23;6;1
ORD_1095;PROD_26;8;2
ORD_1095;PROD_26;5;4
ORD_1095;PROD_27;1;2
ORD_1095;PROD_10;9;3
ORD_1095;PROD_13;1;3
ORD_1095;PROD_36;4;1
ORD_1095;PROD_16;1;5
ORD_1096;PROD_33;6;4
ORD_1096;PROD_38;5;1
ORD_1096;PROD_49;9;2
ORD_1096;PROD_19;3;3
ORD_1096;PROD_15;2;2
ORD_1096;PROD_2;5;2
ORD_1096;PROD_49;1;5
ORD_1097;PROD_11;3;2
ORD_1097;PROD_43;7;4
ORD_1097;PROD_15;3;4
ORD_1097;PROD_44;4;3
ORD_1097;PROD_36;5;5
ORD_1097;PROD_1;7;2
ORD_1097;PROD_3;9;5
ORD_1097;PROD_21;7;4
ORD_1097;PROD_12;6;3
ORD_1097;PROD_16;9;1
ORD_1097;PROD_31;3;3
ORD_1098;PROD_1;9;5
ORD_1098;PROD_38;7;1
ORD_1098;PROD_5;4;2
ORD_1098;PROD_40;2;5
ORD_1098;PROD_20;2;1
ORD_1098;PROD_15;2;5
ORD_1099;PROD_10;4;3
ORD_1099;PROD_19;6;3
ORD_1099;PROD_14;1;1
ORD_1099;PROD_25;8;4
ORD_1099;PROD_18;6;2
ORD_1099;PROD_42;8;5
ORD_1099;PROD_50;9;3
ORD_1100;PROD_33;2;1
ORD_1100;PROD_7;1;3
ORD_1100;PROD_50;6;5
ORD_1100;PROD_27;6;2
ORD_1100;PROD_32;6;2
ORD_1100;PROD_29;2;5
ORD_1100;PROD_8;6;3
ORD_1100;PROD_9;6;3
ORD_1100;PROD_35;9;2
ORD_1100;PROD_12;1;5
ORD_1101;PROD_30;3;1
ORD_1101;PROD_16;9;4
ORD_1101;PROD_40;2;3
ORD_1101;PROD_2;8;1
ORD_1101;PROD_41;8;3
ORD_1101;PROD_38;7;2
ORD_1101;PROD_12;6;3
ORD_1101;PROD_31;9;2
ORD_1101;PROD_47;3;3
ORD_1101;PROD_2;2;2
ORD_1101;PROD_12;6;1
ORD_1101;PROD_23;1;5
ORD_1102;PROD_33;8;2
ORD_1102;PROD_38;2;3
ORD_1102;PROD_49;7;2
ORD_1102;PROD_19;1;5
ORD_1102;PROD_15;6;2
ORD_1102;PROD_11;8;1
ORD_1102;PROD_43;4;3
ORD_1103;PROD_3;3;3
ORD_1103;PROD_21;7;2
ORD_1103;PROD_12;9;1
ORD_1103;PROD_16;6;5
ORD_1103;PROD_31;2;5
ORD_1103;PROD_29;6;5
ORD_1103;PROD_24;8;4
ORD_1103;PROD_12;3;3
ORD_1103;PROD_33;7;5
ORD_1103;PROD_41;9;5
ORD_1103;PROD_30;9;1
ORD_1104;PROD_36;7;1
ORD_1104;PROD_33;7;1
ORD_1104;PROD_36;1;2
ORD_1104;PROD_33;7;2
ORD_1104;PROD_15;2;3
ORD_1104;PROD_44;4;1
ORD_1104;PROD_36;5;3
ORD_1104;PROD_1;6;3
ORD_1104;PROD_41;1;4
ORD_1104;PROD_35;1;1
ORD_1104;PROD_44;8;2
ORD_1104;PROD_30;1;1
ORD_1104;PROD_10;6;1
ORD_1104;PROD_26;7;3
ORD_1104;PROD_24;1;2
ORD_1105;PROD_11;5;4
ORD_1105;PROD_43;2;1
ORD_1105;PROD_46;6;5
ORD_1105;PROD_24;3;4
ORD_1105;PROD_5;7;4
ORD_1106;PROD_38;4;5
ORD_1106;PROD_40;1;2
ORD_1106;PROD_4;9;3
ORD_1106;PROD_31;5;3
ORD_1106;PROD_49;4;1
ORD_1106;PROD_36;6;2
ORD_1106;PROD_27;6;3
ORD_1106;PROD_46;7;5
ORD_1106;PROD_46;6;5
ORD_1106;PROD_16;7;4
ORD_1106;PROD_12;6;5
ORD_1106;PROD_21;8;3
ORD_1106;PROD_31;6;3
ORD_1106;PROD_19;2;2
ORD_1107;PROD_15;5;5
ORD_1107;PROD_22;5;1
ORD_1107;PROD_15;8;4
ORD_1107;PROD_44;6;3
ORD_1107;PROD_36;1;1
ORD_1107;PROD_1;3;2
ORD_1107;PROD_3;3;4
ORD_1107;PROD_21;5;1
ORD_1107;PROD_12;2;1
ORD_1108;PROD_15;8;5
ORD_1108;PROD_22;9;5
ORD_1108;PROD_21;5;1
ORD_1108;PROD_22;8;3
ORD_1108;PROD_50;5;2
ORD_1108;PROD_18;6;4
ORD_1108;PROD_30;1;1
ORD_1108;PROD_5;5;2
ORD_1108;PROD_7;4;4
ORD_1108;PROD_35;6;3
ORD_1108;PROD_38;1;1
ORD_1109;PROD_50;7;4
ORD_1109;PROD_8;3;1
ORD_1109;PROD_30;1;3
ORD_1109;PROD_12;6;1
ORD_1109;PROD_36;3;2
ORD_1109;PROD_5;6;3
ORD_1109;PROD_26;3;1
ORD_1109;PROD_17;3;2
ORD_1109;PROD_13;9;1
ORD_1109;PROD_36;2;2
ORD_1109;PROD_28;9;5
ORD_1110;PROD_11;1;5
ORD_1110;PROD_43;7;3
ORD_1110;PROD_12;4;1
ORD_1110;PROD_50;4;5
ORD_1110;PROD_7;8;2
ORD_1110;PROD_11;4;4
ORD_1110;PROD_33;4;5
ORD_1110;PROD_11;6;5
ORD_1110;PROD_28;1;2
ORD_1110;PROD_26;3;3
ORD_1110;PROD_2;1;1
ORD_1111;PROD_25;3;5
ORD_1111;PROD_19;6;4
ORD_1111;PROD_21;3;3
ORD_1111;PROD_30;7;4
ORD_1111;PROD_17;8;1
ORD_1111;PROD_8;6;5
ORD_1111;PROD_39;9;4
ORD_1111;PROD_14;7;3
ORD_1112;PROD_15;2;4
ORD_1112;PROD_22;1;5
ORD_1112;PROD_12;5;4
ORD_1112;PROD_50;4;5
ORD_1112;PROD_7;2;2
ORD_1112;PROD_11;9;3
ORD_1112;PROD_42;5;3
ORD_1112;PROD_22;5;3
ORD_1112;PROD_11;4;2
ORD_1112;PROD_11;3;1
ORD_1112;PROD_49;7;1
ORD_1112;PROD_45;4;4
ORD_1112;PROD_5;9;1
ORD_1112;PROD_31;2;3
ORD_1112;PROD_41;3;2
ORD_1113;PROD_16;8;3
ORD_1113;PROD_24;5;2
ORD_1113;PROD_40;9;3
ORD_1113;PROD_8;5;2
ORD_1113;PROD_40;8;2
ORD_1113;PROD_30;9;1
ORD_1113;PROD_45;6;5
ORD_1113;PROD_33;8;2
ORD_1114;PROD_15;4;4
ORD_1114;PROD_44;3;4
ORD_1114;PROD_36;9;4
ORD_1114;PROD_1;2;1
ORD_1114;PROD_36;3;5
ORD_1114;PROD_33;1;3
ORD_1114;PROD_33;5;4
ORD_1115;PROD_11;8;2
ORD_1115;PROD_43;6;3
ORD_1115;PROD_12;6;5
ORD_1115;PROD_12;9;3
ORD_1115;PROD_1;7;5
ORD_1115;PROD_5;3;5
ORD_1115;PROD_48;6;4
ORD_1115;PROD_30;1;3
ORD_1115;PROD_21;8;4
ORD_1115;PROD_2;2;1
ORD_1115;PROD_36;1;3
ORD_1115;PROD_45;6;1
ORD_1115;PROD_41;3;3
ORD_1115;PROD_37;9;5
ORD_1116;PROD_36;5;3
ORD_1116;PROD_33;1;2
ORD_1116;PROD_15;2;3
ORD_1116;PROD_44;5;2
ORD_1116;PROD_36;6;5
ORD_1116;PROD_1;3;1
ORD_1116;PROD_3;3;1
ORD_1116;PROD_21;7;4
ORD_1116;PROD_12;1;1
ORD_1116;PROD_16;2;5
ORD_1116;PROD_31;9;4
ORD_1116;PROD_44;9;3
ORD_1116;PROD_21;7;5
ORD_1117;PROD_36;8;4
ORD_1117;PROD_33;9;1
ORD_1117;PROD_36;6;4
ORD_1117;PROD_33;8;4
ORD_1117;PROD_2;2;4
ORD_1118;PROD_15;4;2
ORD_1118;PROD_22;2;1
ORD_1118;PROD_15;5;1
ORD_1118;PROD_44;4;5
ORD_1118;PROD_36;6;5
ORD_1118;PROD_1;1;2
ORD_1118;PROD_38;7;2
ORD_1118;PROD_39;3;2
ORD_1118;PROD_48;2;5
ORD_1118;PROD_27;4;5
ORD_1118;PROD_41;6;4
ORD_1119;PROD_42;5;3
ORD_1119;PROD_23;1;3
ORD_1119;PROD_41;4;5
ORD_1119;PROD_4;9;5
ORD_1119;PROD_16;6;3
ORD_1119;PROD_22;3;5
ORD_1119;PROD_6;2;2
ORD_1119;PROD_25;7;4
ORD_1119;PROD_11;3;3
ORD_1119;PROD_1;4;2
ORD_1120;PROD_11;3;2
ORD_1120;PROD_43;6;5
ORD_1120;PROD_27;6;5
ORD_1120;PROD_31;7;3
ORD_1120;PROD_21;2;2
ORD_1120;PROD_26;1;1
ORD_1120;PROD_26;4;4
ORD_1120;PROD_18;7;1
ORD_1120;PROD_9;2;5
ORD_1120;PROD_13;4;5
ORD_1121;PROD_44;8;3
ORD_1121;PROD_11;2;5
ORD_1121;PROD_14;1;2
ORD_1121;PROD_20;3;1
ORD_1121;PROD_33;2;1
ORD_1121;PROD_21;5;1
ORD_1121;PROD_45;6;1
ORD_1121;PROD_42;5;3
ORD_1121;PROD_50;1;5
ORD_1121;PROD_35;6;4
ORD_1121;PROD_35;4;5
ORD_1121;PROD_47;4;3
ORD_1121;PROD_45;6;5
ORD_1121;PROD_31;4;2
ORD_1122;PROD_3;5;3
ORD_1122;PROD_21;3;3
ORD_1122;PROD_12;2;3
ORD_1122;PROD_16;1;3
ORD_1122;PROD_31;8;1
ORD_1122;PROD_19;5;5
ORD_1122;PROD_32;2;2
ORD_1122;PROD_15;3;5
ORD_1122;PROD_8;4;3
ORD_1122;PROD_27;4;4
ORD_1122;PROD_15;7;4
ORD_1122;PROD_34;7;1
ORD_1123;PROD_11;1;4
ORD_1123;PROD_43;1;4
ORD_1123;PROD_15;5;5
ORD_1123;PROD_22;6;5
ORD_1123;PROD_12;5;1
ORD_1123;PROD_50;5;3
ORD_1123;PROD_7;4;2
ORD_1123;PROD_11;9;4
ORD_1123;PROD_29;5;1
ORD_1123;PROD_45;5;3
ORD_1123;PROD_10;2;3
ORD_1123;PROD_18;8;1
ORD_1123;PROD_46;3;1
ORD_1123;PROD_22;5;1
ORD_1124;PROD_13;1;5
ORD_1124;PROD_23;2;4
ORD_1124;PROD_36;1;3
ORD_1124;PROD_5;6;4
ORD_1124;PROD_41;6;5
ORD_1124;PROD_24;8;1
ORD_1124;PROD_42;2;2
ORD_1125;PROD_9;2;4
ORD_1125;PROD_6;9;3
ORD_1125;PROD_19;2;4
ORD_1125;PROD_21;5;4
ORD_1125;PROD_39;6;5
ORD_1125;PROD_50;3;4
ORD_1125;PROD_36;7;2
ORD_1125;PROD_20;7;1
ORD_1125;PROD_33;9;3
ORD_1125;PROD_22;2;4
ORD_1125;PROD_26;5;2
ORD_1126;PROD_3;2;4
ORD_1126;PROD_21;9;5
ORD_1126;PROD_12;7;2
ORD_1126;PROD_16;7;1
ORD_1126;PROD_31;8;3
ORD_1126;PROD_15;6;1
ORD_1127;PROD_3;9;5
ORD_1127;PROD_21;2;5
ORD_1127;PROD_12;6;4
ORD_1127;PROD_16;9;1
ORD_1127;PROD_31;3;3
ORD_1127;PROD_36;3;1
ORD_1127;PROD_33;3;2
ORD_1127;PROD_30;6;4
ORD_1127;PROD_46;4;3
ORD_1127;PROD_7;7;1
ORD_1127;PROD_49;8;2
ORD_1127;PROD_26;1;5
ORD_1128;PROD_41;9;3
ORD_1128;PROD_8;5;1
ORD_1128;PROD_20;2;2
ORD_1128;PROD_19;6;3
ORD_1128;PROD_18;3;1
ORD_1129;PROD_15;3;1
ORD_1129;PROD_22;8;4
ORD_1129;PROD_9;9;3
ORD_1129;PROD_18;8;4
ORD_1129;PROD_24;4;4
ORD_1129;PROD_41;3;1
ORD_1129;PROD_50;9;4
ORD_1129;PROD_23;7;4
ORD_1129;PROD_28;8;3
ORD_1130;PROD_3;2;5
ORD_1130;PROD_21;5;3
ORD_1130;PROD_12;3;3
ORD_1130;PROD_16;8;5
ORD_1130;PROD_31;7;1
ORD_1130;PROD_33;3;5
ORD_1130;PROD_38;6;3
ORD_1130;PROD_49;7;4
ORD_1130;PROD_19;1;5
ORD_1131;PROD_46;8;4
ORD_1131;PROD_4;1;2
ORD_1131;PROD_29;3;3
ORD_1131;PROD_21;8;3
ORD_1131;PROD_22;1;3
ORD_1131;PROD_43;8;1
ORD_1131;PROD_29;4;1
ORD_1131;PROD_36;5;1
ORD_1131;PROD_42;1;4
ORD_1131;PROD_43;3;2
ORD_1131;PROD_28;1;4
ORD_1131;PROD_25;3;4
ORD_1131;PROD_14;7;2
ORD_1131;PROD_50;6;3
ORD_1131;PROD_19;2;4
ORD_1132;PROD_3;2;3
ORD_1132;PROD_46;1;3
ORD_1132;PROD_42;9;1
ORD_1132;PROD_47;7;3
ORD_1132;PROD_47;8;1
ORD_1132;PROD_45;7;5
ORD_1132;PROD_16;2;5
ORD_1132;PROD_37;1;4
ORD_1132;PROD_13;4;5
ORD_1133;PROD_23;7;5
ORD_1133;PROD_50;6;4
ORD_1133;PROD_17;3;5
ORD_1133;PROD_31;6;3
ORD_1133;PROD_36;4;5
ORD_1133;PROD_28;3;2
ORD_1133;PROD_22;5;1
ORD_1133;PROD_13;7;2
ORD_1133;PROD_43;8;3
ORD_1133;PROD_48;7;5
ORD_1133;PROD_43;4;1
ORD_1134;PROD_6;2;5
ORD_1134;PROD_7;4;5
ORD_1134;PROD_10;6;4
ORD_1134;PROD_39;5;3
ORD_1134;PROD_49;4;1
ORD_1135;PROD_15;3;5
ORD_1135;PROD_22;9;4
ORD_1135;PROD_3;3;4
ORD_1135;PROD_21;6;5
ORD_1135;PROD_12;7;5
ORD_1135;PROD_16;1;3
ORD_1135;PROD_31;9;2
ORD_1135;PROD_9;1;3
ORD_1135;PROD_18;7;3
ORD_1135;PROD_21;8;4
ORD_1135;PROD_41;1;2
ORD_1136;PROD_44;3;1
ORD_1136;PROD_3;5;4
ORD_1136;PROD_23;1;3
ORD_1136;PROD_43;6;1
ORD_1136;PROD_8;1;5
ORD_1136;PROD_37;1;3
ORD_1136;PROD_13;4;1
ORD_1136;PROD_5;4;3
ORD_1137;PROD_46;6;3
ORD_1137;PROD_13;6;2
ORD_1137;PROD_24;1;5
ORD_1137;PROD_24;8;4
ORD_1137;PROD_28;4;5
ORD_1138;PROD_41;2;1
ORD_1138;PROD_4;9;2
ORD_1138;PROD_30;4;4
ORD_1138;PROD_28;6;3
ORD_1138;PROD_12;6;1
ORD_1138;PROD_45;6;2
ORD_1138;PROD_12;6;2
ORD_1138;PROD_50;4;2
ORD_1138;PROD_33;1;4
ORD_1138;PROD_37;3;5
ORD_1138;PROD_50;5;2
ORD_1138;PROD_17;9;3
ORD_1139;PROD_10;7;5
ORD_1139;PROD_46;9;1
ORD_1139;PROD_17;2;1
ORD_1139;PROD_15;8;1
ORD_1139;PROD_23;2;5
ORD_1139;PROD_42;9;3
ORD_1140;PROD_48;8;1
ORD_1140;PROD_45;9;3
ORD_1140;PROD_20;9;3
ORD_1140;PROD_20;3;3
ORD_1140;PROD_39;1;3
ORD_1140;PROD_42;5;2
ORD_1141;PROD_15;3;5
ORD_1141;PROD_44;6;2
ORD_1141;PROD_36;4;3
ORD_1141;PROD_1;3;1
ORD_1141;PROD_9;6;5
ORD_1141;PROD_7;9;2
ORD_1141;PROD_33;4;4
ORD_1141;PROD_16;8;3
ORD_1141;PROD_8;9;1
ORD_1141;PROD_37;9;3
ORD_1142;PROD_33;8;2
ORD_1142;PROD_38;8;3
ORD_1142;PROD_49;3;3
ORD_1142;PROD_19;2;3
ORD_1142;PROD_15;5;3
ORD_1142;PROD_33;9;3
ORD_1142;PROD_38;4;4
ORD_1142;PROD_49;8;5
ORD_1142;PROD_19;6;5
ORD_1142;PROD_15;8;1
ORD_1142;PROD_15;9;4
ORD_1142;PROD_22;4;5
ORD_1142;PROD_29;1;2
ORD_1143;PROD_11;5;5
ORD_1143;PROD_43;5;4
ORD_1143;PROD_12;8;5
ORD_1143;PROD_50;1;5
ORD_1143;PROD_7;7;1
ORD_1144;PROD_15;3;5
ORD_1144;PROD_44;7;4
ORD_1144;PROD_36;1;1
ORD_1144;PROD_1;1;3
ORD_1144;PROD_11;5;4
ORD_1144;PROD_43;2;3
ORD_1144;PROD_2;8;2
ORD_1144;PROD_38;4;4
ORD_1144;PROD_23;4;3
ORD_1144;PROD_23;6;1
ORD_1144;PROD_21;4;3
ORD_1145;PROD_12;1;4
ORD_1145;PROD_50;3;1
ORD_1145;PROD_7;7;2
ORD_1145;PROD_11;5;2
ORD_1145;PROD_11;4;1
ORD_1145;PROD_43;6;1
ORD_1145;PROD_4;1;4
ORD_1145;PROD_10;8;3
ORD_1145;PROD_14;6;1
ORD_1145;PROD_27;1;5
ORD_1145;PROD_35;6;4
ORD_1146;PROD_15;3;2
ORD_1146;PROD_19;1;4
ORD_1146;PROD_47;7;4
ORD_1146;PROD_14;4;1
ORD_1146;PROD_13;4;5
ORD_1146;PROD_28;4;5
ORD_1146;PROD_18;5;5
ORD_1146;PROD_29;7;3
ORD_1147;PROD_5;4;5
ORD_1147;PROD_11;6;3
ORD_1147;PROD_39;2;3
ORD_1147;PROD_28;3;4
ORD_1147;PROD_41;5;3
ORD_1148;PROD_14;1;5
ORD_1148;PROD_36;2;3
ORD_1148;PROD_23;7;4
ORD_1148;PROD_3;1;2
ORD_1148;PROD_23;6;1
ORD_1148;PROD_28;3;2
ORD_1148;PROD_11;2;4
ORD_1148;PROD_9;5;5
ORD_1148;PROD_2;7;2
ORD_1148;PROD_17;5;1
ORD_1148;PROD_15;2;4
ORD_1148;PROD_33;3;3
ORD_1148;PROD_38;2;2
ORD_1148;PROD_27;7;3
ORD_1149;PROD_15;3;4
ORD_1149;PROD_44;1;1
ORD_1149;PROD_36;4;3
ORD_1149;PROD_1;1;5
ORD_1149;PROD_18;3;5
ORD_1149;PROD_50;3;2
ORD_1149;PROD_36;6;5
ORD_1149;PROD_17;7;4
ORD_1149;PROD_48;9;2
ORD_1149;PROD_10;2;1
ORD_1149;PROD_38;7;5
ORD_1150;PROD_5;2;4
ORD_1150;PROD_2;2;1
ORD_1150;PROD_26;1;3
ORD_1150;PROD_31;8;5
ORD_1150;PROD_36;5;4
ORD_1150;PROD_17;6;1
ORD_1150;PROD_26;5;3
ORD_1150;PROD_3;9;5
ORD_1150;PROD_47;2;1
ORD_1151;PROD_12;2;3
ORD_1151;PROD_50;7;4
ORD_1151;PROD_7;6;1
ORD_1151;PROD_11;6;1
ORD_1151;PROD_18;5;3
ORD_1151;PROD_1;9;5
ORD_1152;PROD_3;5;1
ORD_1152;PROD_21;8;3
ORD_1152;PROD_12;7;5
ORD_1152;PROD_16;2;3
ORD_1152;PROD_31;3;4
ORD_1152;PROD_33;7;5
ORD_1153;PROD_36;8;3
ORD_1153;PROD_33;8;1
ORD_1153;PROD_3;5;4
ORD_1153;PROD_21;6;3
ORD_1153;PROD_12;8;4
ORD_1154;PROD_33;7;5
ORD_1154;PROD_38;3;3
ORD_1154;PROD_49;2;4
ORD_1154;PROD_19;7;4
ORD_1154;PROD_15;7;5
ORD_1154;PROD_36;7;1
ORD_1154;PROD_33;2;2
ORD_1154;PROD_30;1;1
ORD_1154;PROD_33;1;2
ORD_1154;PROD_43;1;4
ORD_1155;PROD_40;8;2
ORD_1155;PROD_22;3;4
ORD_1155;PROD_8;9;3
ORD_1155;PROD_13;3;2
ORD_1155;PROD_8;2;1
ORD_1155;PROD_2;5;4
ORD_1155;PROD_38;6;1
ORD_1155;PROD_16;4;5
ORD_1155;PROD_11;1;1
ORD_1155;PROD_33;9;3
ORD_1156;PROD_11;4;5
ORD_1156;PROD_43;8;3
ORD_1156;PROD_3;6;5
ORD_1156;PROD_21;7;2
ORD_1156;PROD_12;2;4
ORD_1157;PROD_19;3;5
ORD_1157;PROD_20;3;1
ORD_1157;PROD_48;6;4
ORD_1157;PROD_42;1;3
ORD_1157;PROD_44;7;1
ORD_1157;PROD_18;8;3
ORD_1157;PROD_35;8;5
ORD_1157;PROD_13;4;4
ORD_1157;PROD_6;6;1
ORD_1158;PROD_33;9;5
ORD_1158;PROD_38;9;2
ORD_1158;PROD_49;8;1
ORD_1158;PROD_19;6;1
ORD_1158;PROD_15;4;5
ORD_1158;PROD_12;4;2
ORD_1158;PROD_50;6;5
ORD_1158;PROD_7;9;2
ORD_1158;PROD_11;9;4
ORD_1158;PROD_11;7;4
ORD_1158;PROD_9;9;2
ORD_1158;PROD_21;2;4
ORD_1158;PROD_42;3;2
ORD_1158;PROD_43;4;1
ORD_1158;PROD_24;2;1
ORD_1159;PROD_15;1;5
ORD_1159;PROD_22;2;5
ORD_1159;PROD_3;5;2
ORD_1159;PROD_21;2;1
ORD_1159;PROD_12;1;1
ORD_1159;PROD_16;8;4
ORD_1159;PROD_31;7;2
ORD_1159;PROD_36;9;2
ORD_1159;PROD_33;2;3
ORD_1160;PROD_15;3;5
ORD_1160;PROD_44;2;1
ORD_1160;PROD_36;8;2
ORD_1160;PROD_1;8;2
ORD_1160;PROD_15;6;2
ORD_1160;PROD_44;2;1
ORD_1160;PROD_36;7;5
ORD_1160;PROD_1;6;5
ORD_1160;PROD_38;1;3
ORD_1160;PROD_34;1;5
ORD_1160;PROD_49;6;4
ORD_1160;PROD_15;5;5
ORD_1160;PROD_9;7;3
ORD_1161;PROD_3;9;5
ORD_1161;PROD_21;3;1
ORD_1161;PROD_12;8;3
ORD_1161;PROD_16;2;1
ORD_1161;PROD_31;5;3
ORD_1161;PROD_15;1;4
ORD_1161;PROD_44;2;2
ORD_1161;PROD_36;1;5
ORD_1161;PROD_1;2;3
ORD_1161;PROD_36;9;2
ORD_1161;PROD_33;9;5
ORD_1161;PROD_10;1;5
ORD_1162;PROD_12;3;1
ORD_1162;PROD_50;2;2
ORD_1162;PROD_7;5;5
ORD_1162;PROD_11;8;5
ORD_1162;PROD_3;2;3
ORD_1162;PROD_21;8;1
ORD_1163;PROD_17;1;1
ORD_1163;PROD_25;1;4
ORD_1163;PROD_29;2;1
ORD_1163;PROD_4;6;5
ORD_1163;PROD_46;2;3
ORD_1163;PROD_20;6;4
ORD_1163;PROD_45;3;4
ORD_1163;PROD_16;5;2
ORD_1163;PROD_22;8;1
ORD_1163;PROD_33;9;1
ORD_1163;PROD_20;3;5
ORD_1163;PROD_10;6;3
ORD_1163;PROD_38;2;5
ORD_1164;PROD_36;7;2
ORD_1164;PROD_33;3;5
ORD_1164;PROD_12;5;1
ORD_1164;PROD_50;2;2
ORD_1164;PROD_7;9;2
ORD_1164;PROD_11;4;5
ORD_1164;PROD_30;3;4
ORD_1164;PROD_20;9;1
ORD_1164;PROD_26;6;2
ORD_1164;PROD_31;2;1
ORD_1164;PROD_18;5;5
ORD_1164;PROD_20;9;4
ORD_1164;PROD_38;5;5
ORD_1164;PROD_2;7;5
ORD_1164;PROD_39;4;3
ORD_1165;PROD_15;6;2
ORD_1165;PROD_44;2;2
ORD_1165;PROD_36;2;2
ORD_1165;PROD_1;6;5
ORD_1165;PROD_15;7;5
ORD_1165;PROD_44;4;5
ORD_1166;PROD_3;3;5
ORD_1166;PROD_21;2;2
ORD_1166;PROD_12;7;5
ORD_1166;PROD_16;1;4
ORD_1166;PROD_31;5;2
ORD_1166;PROD_34;8;2
ORD_1166;PROD_50;4;4
ORD_1166;PROD_9;3;3
ORD_1166;PROD_28;8;1
ORD_1166;PROD_12;2;3
ORD_1166;PROD_47;7;3
ORD_1166;PROD_26;4;2
ORD_1166;PROD_22;3;5
ORD_1167;PROD_44;1;3
ORD_1167;PROD_19;5;2
ORD_1167;PROD_28;9;5
ORD_1167;PROD_44;6;5
ORD_1167;PROD_15;4;1
ORD_1167;PROD_28;9;4
ORD_1167;PROD_15;9;4
ORD_1167;PROD_45;4;2
ORD_1167;PROD_47;7;2
ORD_1167;PROD_7;4;5
ORD_1168;PROD_12;6;5
ORD_1168;PROD_50;8;2
ORD_1168;PROD_7;1;3
ORD_1168;PROD_11;5;2
ORD_1168;PROD_15;9;1
ORD_1168;PROD_22;6;4
ORD_1169;PROD_11;4;5
ORD_1169;PROD_43;7;2
ORD_1169;PROD_3;3;2
ORD_1169;PROD_21;8;3
ORD_1169;PROD_12;5;4
ORD_1169;PROD_16;6;1
ORD_1170;PROD_23;1;3
ORD_1170;PROD_13;4;4
ORD_1170;PROD_15;6;2
ORD_1170;PROD_40;1;1
ORD_1170;PROD_39;5;3
ORD_1170;PROD_18;9;3
ORD_1170;PROD_11;8;2
ORD_1170;PROD_27;2;1
ORD_1170;PROD_28;3;3
ORD_1171;PROD_15;5;2
ORD_1171;PROD_22;2;5
ORD_1171;PROD_11;2;2
ORD_1171;PROD_43;8;5
ORD_1171;PROD_11;1;3
ORD_1171;PROD_43;7;2
ORD_1171;PROD_4;7;3
ORD_1171;PROD_20;1;5
ORD_1171;PROD_50;1;1
ORD_1171;PROD_41;7;2
ORD_1171;PROD_5;7;5
ORD_1171;PROD_19;4;4
ORD_1171;PROD_20;6;3
ORD_1171;PROD_25;5;4
ORD_1172;PROD_36;9;5
ORD_1172;PROD_33;3;4
ORD_1172;PROD_36;2;2
ORD_1172;PROD_33;9;1
ORD_1172;PROD_48;7;1
ORD_1173;PROD_36;5;3
ORD_1173;PROD_33;3;4
ORD_1173;PROD_11;3;5
ORD_1173;PROD_43;7;1
ORD_1173;PROD_2;9;4
ORD_1173;PROD_23;5;4
ORD_1173;PROD_38;7;4
ORD_1173;PROD_3;4;2
ORD_1173;PROD_39;3;4
ORD_1173;PROD_30;7;3
ORD_1173;PROD_34;4;2
ORD_1173;PROD_20;9;3
ORD_1173;PROD_13;6;4
ORD_1174;PROD_22;2;1
ORD_1174;PROD_48;9;2
ORD_1174;PROD_1;4;1
ORD_1174;PROD_27;1;4
ORD_1174;PROD_36;3;1
ORD_1174;PROD_20;1;5
ORD_1174;PROD_22;3;5
ORD_1174;PROD_15;6;1
ORD_1175;PROD_11;8;5
ORD_1175;PROD_43;6;4
ORD_1175;PROD_15;2;4
ORD_1175;PROD_44;2;5
ORD_1175;PROD_36;1;2
ORD_1175;PROD_1;9;1
ORD_1175;PROD_12;4;5
ORD_1175;PROD_50;1;4
ORD_1175;PROD_7;1;3
ORD_1175;PROD_11;6;5
ORD_1175;PROD_6;7;4
ORD_1176;PROD_11;5;1
ORD_1176;PROD_43;8;3
ORD_1176;PROD_15;3;2
ORD_1176;PROD_22;1;5
ORD_1176;PROD_12;6;4
ORD_1176;PROD_21;5;5
ORD_1176;PROD_20;4;1
ORD_1176;PROD_39;3;3
ORD_1176;PROD_25;4;3
ORD_1176;PROD_49;5;4
ORD_1176;PROD_44;2;1
ORD_1176;PROD_44;5;4
ORD_1176;PROD_25;7;5
ORD_1176;PROD_24;4;4
ORD_1177;PROD_15;3;5
ORD_1177;PROD_44;9;2
ORD_1177;PROD_36;1;3
ORD_1177;PROD_1;1;5
ORD_1177;PROD_4;9;4
ORD_1177;PROD_19;1;3
ORD_1178;PROD_33;5;4
ORD_1178;PROD_38;9;5
ORD_1178;PROD_49;1;2
ORD_1178;PROD_19;9;4
ORD_1178;PROD_15;5;2
ORD_1178;PROD_15;4;3
ORD_1179;PROD_33;7;5
ORD_1179;PROD_38;3;5
ORD_1179;PROD_49;2;3
ORD_1179;PROD_19;9;1
ORD_1179;PROD_15;4;5
ORD_1179;PROD_36;2;1
ORD_1179;PROD_33;1;2
ORD_1179;PROD_15;7;5
ORD_1179;PROD_22;5;1
ORD_1179;PROD_17;3;5
ORD_1179;PROD_41;9;4
ORD_1179;PROD_6;7;1
ORD_1179;PROD_7;3;3
ORD_1179;PROD_10;3;3
ORD_1180;PROD_34;3;2
ORD_1180;PROD_5;7;5
ORD_1180;PROD_1;6;1
ORD_1180;PROD_39;5;5
ORD_1180;PROD_44;4;2
ORD_1180;PROD_18;3;3
ORD_1180;PROD_38;6;3
ORD_1180;PROD_34;4;1
ORD_1180;PROD_29;9;5
ORD_1180;PROD_24;6;4
ORD_1181;PROD_11;5;3
ORD_1181;PROD_28;5;3
ORD_1181;PROD_16;1;3
ORD_1181;PROD_6;1;5
ORD_1181;PROD_43;2;3
ORD_1181;PROD_38;9;2
ORD_1181;PROD_33;3;3
ORD_1181;PROD_16;5;3
ORD_1181;PROD_11;5;5
ORD_1181;PROD_43;1;4
ORD_1181;PROD_37;9;3
ORD_1181;PROD_30;6;5
ORD_1181;PROD_43;1;2
ORD_1181;PROD_40;7;3
ORD_1181;PROD_15;4;2
ORD_1182;PROD_40;2;4
ORD_1182;PROD_3;6;1
ORD_1182;PROD_1;5;4
ORD_1182;PROD_15;2;4
ORD_1182;PROD_23;6;1
ORD_1182;PROD_34;2;1
ORD_1182;PROD_28;7;1
ORD_1183;PROD_3;8;5
ORD_1183;PROD_21;2;2
ORD_1183;PROD_12;2;5
ORD_1183;PROD_16;9;1
ORD_1183;PROD_31;4;5
ORD_1183;PROD_15;9;3
ORD_1183;PROD_22;4;1
ORD_1183;PROD_48;3;3
ORD_1183;PROD_50;5;1
ORD_1183;PROD_50;3;2
ORD_1183;PROD_36;2;3
ORD_1183;PROD_18;7;1
ORD_1183;PROD_23;7;5
ORD_1183;PROD_5;7;3
ORD_1183;PROD_21;4;4
ORD_1184;PROD_3;8;3
ORD_1184;PROD_21;2;4
ORD_1184;PROD_12;8;4
ORD_1184;PROD_16;3;3
ORD_1184;PROD_31;3;3
ORD_1184;PROD_13;6;5
ORD_1184;PROD_43;7;2
ORD_1185;PROD_3;8;3
ORD_1185;PROD_21;7;5
ORD_1185;PROD_12;1;3
ORD_1185;PROD_16;5;4
ORD_1185;PROD_31;4;1
ORD_1185;PROD_11;6;3
ORD_1185;PROD_43;3;2
ORD_1185;PROD_15;1;2
ORD_1186;PROD_23;5;1
ORD_1186;PROD_3;8;3
ORD_1186;PROD_28;7;4
ORD_1186;PROD_12;8;3
ORD_1186;PROD_38;6;3
ORD_1186;PROD_18;5;3
ORD_1186;PROD_6;9;1
ORD_1186;PROD_2;7;3
ORD_1186;PROD_1;9;1
ORD_1186;PROD_30;1;5
ORD_1186;PROD_49;1;3
ORD_1186;PROD_21;1;5
ORD_1187;PROD_15;7;3
ORD_1187;PROD_44;7;2
ORD_1187;PROD_36;9;1
ORD_1187;PROD_1;5;4
ORD_1187;PROD_11;9;5
ORD_1187;PROD_43;8;3
ORD_1187;PROD_28;5;3
ORD_1187;PROD_6;8;3
ORD_1187;PROD_39;2;4
ORD_1187;PROD_33;5;1
ORD_1187;PROD_18;6;3
ORD_1187;PROD_49;1;1
ORD_1188;PROD_11;1;4
ORD_1188;PROD_43;8;4
ORD_1188;PROD_15;5;5
ORD_1188;PROD_44;3;1
ORD_1188;PROD_36;1;5
ORD_1188;PROD_1;4;1
ORD_1188;PROD_14;2;3
ORD_1188;PROD_34;3;1
ORD_1189;PROD_30;2;5
ORD_1189;PROD_45;4;2
ORD_1189;PROD_20;1;4
ORD_1189;PROD_11;8;5
ORD_1189;PROD_33;2;3
ORD_1189;PROD_17;9;1
ORD_1189;PROD_48;8;5
ORD_1189;PROD_49;3;2
ORD_1189;PROD_9;2;3
ORD_1189;PROD_11;9;1
ORD_1189;PROD_7;1;2
ORD_1189;PROD_22;1;5
ORD_1189;PROD_4;4;1
ORD_1189;PROD_32;8;2
ORD_1189;PROD_20;5;5
ORD_1190;PROD_36;5;5
ORD_1190;PROD_49;4;3
ORD_1190;PROD_14;5;1
ORD_1190;PROD_26;9;1
ORD_1190;PROD_43;7;4
ORD_1190;PROD_34;7;2
ORD_1190;PROD_22;1;5
ORD_1190;PROD_14;2;3
ORD_1191;PROD_45;3;5
ORD_1191;PROD_35;6;3
ORD_1191;PROD_8;8;1
ORD_1191;PROD_26;8;1
ORD_1191;PROD_29;9;5
ORD_1191;PROD_24;9;2
ORD_1191;PROD_28;3;5
ORD_1191;PROD_13;8;4
ORD_1191;PROD_28;8;5
ORD_1191;PROD_40;2;1
ORD_1191;PROD_6;3;4
ORD_1191;PROD_14;6;4
ORD_1192;PROD_15;4;3
ORD_1192;PROD_44;6;1
ORD_1192;PROD_36;2;5
ORD_1192;PROD_1;2;1
ORD_1192;PROD_3;3;2
ORD_1192;PROD_21;1;5
ORD_1192;PROD_12;4;1
ORD_1192;PROD_16;6;3
ORD_1192;PROD_31;5;4
ORD_1192;PROD_32;7;4
ORD_1192;PROD_46;4;1
ORD_1192;PROD_42;1;5
ORD_1193;PROD_34;5;4
ORD_1193;PROD_50;3;2
ORD_1193;PROD_22;3;4
ORD_1193;PROD_25;2;1
ORD_1193;PROD_13;8;2
ORD_1193;PROD_4;7;2
ORD_1193;PROD_27;9;2
ORD_1193;PROD_34;8;2
ORD_1193;PROD_24;8;4
ORD_1193;PROD_2;6;4
ORD_1193;PROD_24;8;4
ORD_1194;PROD_47;3;4
ORD_1194;PROD_5;6;5
ORD_1194;PROD_45;4;2
ORD_1194;PROD_10;8;1
ORD_1194;PROD_36;6;2
ORD_1194;PROD_33;5;5
ORD_1194;PROD_22;1;4
ORD_1194;PROD_5;4;5
ORD_1194;PROD_48;3;1
ORD_1195;PROD_21;5;1
ORD_1195;PROD_16;4;3
ORD_1195;PROD_23;5;1
ORD_1195;PROD_5;6;3
ORD_1195;PROD_44;5;5
ORD_1195;PROD_11;1;4
ORD_1195;PROD_37;2;2
ORD_1195;PROD_5;9;4
ORD_1195;PROD_39;5;5
ORD_1195;PROD_41;9;1
ORD_1195;PROD_33;9;4
ORD_1195;PROD_40;9;2
ORD_1195;PROD_23;9;4
ORD_1195;PROD_4;9;4
ORD_1195;PROD_16;9;1
ORD_1196;PROD_46;5;2
ORD_1196;PROD_3;9;2
ORD_1196;PROD_35;6;4
ORD_1196;PROD_38;1;5
ORD_1196;PROD_29;7;1
ORD_1196;PROD_46;2;2
ORD_1196;PROD_38;9;4
ORD_1196;PROD_50;8;2
ORD_1196;PROD_8;1;2
ORD_1196;PROD_24;7;4
ORD_1196;PROD_16;5;4
ORD_1196;PROD_11;2;4
ORD_1196;PROD_37;1;3
ORD_1196;PROD_17;1;3
ORD_1197;PROD_13;1;5
ORD_1197;PROD_14;4;3
ORD_1197;PROD_42;3;5
ORD_1197;PROD_20;6;4
ORD_1197;PROD_22;6;2
ORD_1197;PROD_18;2;3
ORD_1198;PROD_8;3;2
ORD_1198;PROD_15;7;5
ORD_1198;PROD_46;7;5
ORD_1198;PROD_20;5;1
ORD_1198;PROD_30;5;3
ORD_1199;PROD_15;3;2
ORD_1199;PROD_22;3;5
ORD_1199;PROD_12;4;1
ORD_1199;PROD_50;4;4
ORD_1199;PROD_7;5;3
ORD_1199;PROD_11;1;1
ORD_1199;PROD_4;9;2
ORD_1199;PROD_24;3;3
ORD_1199;PROD_7;3;2
ORD_1199;PROD_32;7;1
ORD_1199;PROD_10;5;1
ORD_1199;PROD_23;9;1
ORD_1200;PROD_11;9;1
ORD_1200;PROD_43;4;5
ORD_1200;PROD_7;7;3
ORD_1200;PROD_20;8;2
ORD_1200;PROD_21;5;1
ORD_1200;PROD_15;5;5
ORD_1200;PROD_45;5;3
ORD_1200;PROD_47;7;5
ORD_1200;PROD_29;9;1
ORD_1200;PROD_11;6;1
ORD_1200;PROD_5;3;1
ORD_1200;PROD_27;6;2
ORD_1200;PROD_16;7;2
ORD_1200;PROD_19;4;1
ORD_1201;PROD_15;4;5
ORD_1201;PROD_22;2;5
ORD_1201;PROD_12;7;3
ORD_1201;PROD_50;2;5
ORD_1201;PROD_7;4;3
ORD_1201;PROD_11;4;2
ORD_1201;PROD_26;2;3
ORD_1201;PROD_23;5;1
ORD_1201;PROD_7;4;4
ORD_1201;PROD_10;9;1
ORD_1202;PROD_36;2;2
ORD_1202;PROD_33;5;1
ORD_1202;PROD_15;6;5
ORD_1202;PROD_44;4;1
ORD_1202;PROD_36;3;2
ORD_1202;PROD_1;7;2
ORD_1202;PROD_33;3;1
ORD_1202;PROD_38;5;1
ORD_1203;PROD_41;4;3
ORD_1203;PROD_32;7;1
ORD_1203;PROD_24;1;4
ORD_1203;PROD_14;3;3
ORD_1203;PROD_41;1;1
ORD_1203;PROD_6;4;2
ORD_1203;PROD_26;6;2
ORD_1203;PROD_17;1;3
ORD_1203;PROD_38;3;3
ORD_1203;PROD_41;7;4
ORD_1203;PROD_12;3;3
ORD_1203;PROD_6;8;2
ORD_1204;PROD_28;6;5
ORD_1204;PROD_39;1;1
ORD_1204;PROD_14;4;1
ORD_1204;PROD_21;8;3
ORD_1204;PROD_18;8;5
ORD_1204;PROD_2;4;3
ORD_1204;PROD_31;6;3
ORD_1204;PROD_4;5;3
ORD_1204;PROD_22;6;4
ORD_1205;PROD_29;5;2
ORD_1205;PROD_35;4;4
ORD_1205;PROD_39;2;4
ORD_1205;PROD_20;2;4
ORD_1205;PROD_22;5;1
ORD_1205;PROD_35;9;1
ORD_1205;PROD_9;6;5
ORD_1205;PROD_35;8;3
ORD_1205;PROD_40;3;3
ORD_1205;PROD_3;2;2
ORD_1206;PROD_26;1;2
ORD_1206;PROD_13;7;2
ORD_1206;PROD_20;5;4
ORD_1206;PROD_4;7;5
ORD_1206;PROD_35;6;2
ORD_1206;PROD_33;7;5
ORD_1206;PROD_26;4;2
ORD_1206;PROD_14;5;4
ORD_1206;PROD_21;9;1
ORD_1206;PROD_44;6;1
ORD_1206;PROD_28;7;3
ORD_1206;PROD_2;9;2
ORD_1207;PROD_12;5;3
ORD_1207;PROD_33;8;2
ORD_1207;PROD_21;6;5
ORD_1207;PROD_2;2;4
ORD_1207;PROD_23;7;3
ORD_1207;PROD_47;6;1
ORD_1207;PROD_37;8;4
ORD_1207;PROD_21;9;4
ORD_1207;PROD_45;5;4
ORD_1207;PROD_29;1;2
ORD_1207;PROD_49;5;5
ORD_1207;PROD_43;4;5
ORD_1207;PROD_15;8;5
ORD_1207;PROD_16;3;4
ORD_1208;PROD_25;2;4
ORD_1208;PROD_32;6;2
ORD_1208;PROD_35;1;2
ORD_1208;PROD_5;5;3
ORD_1208;PROD_36;7;5
ORD_1208;PROD_1;6;5
ORD_1208;PROD_32;8;4
ORD_1209;PROD_33;4;2
ORD_1209;PROD_38;9;3
ORD_1209;PROD_49;6;5
ORD_1209;PROD_19;4;3
ORD_1209;PROD_15;9;1
ORD_1209;PROD_36;1;2
ORD_1209;PROD_33;5;5
ORD_1209;PROD_8;1;5
ORD_1209;PROD_34;1;2
ORD_1209;PROD_48;6;1
ORD_1209;PROD_17;5;1
ORD_1210;PROD_11;2;4
ORD_1210;PROD_7;9;1
ORD_1210;PROD_24;2;3
ORD_1210;PROD_34;8;3
ORD_1210;PROD_45;1;3
ORD_1210;PROD_46;8;4
ORD_1210;PROD_38;8;3
ORD_1210;PROD_17;6;5
ORD_1210;PROD_22;6;1
ORD_1211;PROD_33;5;3
ORD_1211;PROD_38;7;1
ORD_1211;PROD_37;4;1
ORD_1211;PROD_35;8;4
ORD_1211;PROD_35;7;2
ORD_1211;PROD_48;8;3
ORD_1211;PROD_45;8;1
ORD_1211;PROD_8;8;4
ORD_1211;PROD_40;7;3
ORD_1211;PROD_47;4;5
ORD_1211;PROD_43;5;3
ORD_1211;PROD_8;5;5
ORD_1212;PROD_12;8;1
ORD_1212;PROD_50;2;1
ORD_1212;PROD_7;5;1
ORD_1212;PROD_11;1;2
ORD_1212;PROD_3;9;2
ORD_1212;PROD_21;5;2
ORD_1212;PROD_12;7;5
ORD_1212;PROD_16;6;2
ORD_1213;PROD_3;9;4
ORD_1213;PROD_21;8;2
ORD_1213;PROD_12;7;2
ORD_1213;PROD_16;5;2
ORD_1213;PROD_31;6;4
ORD_1213;PROD_31;2;5
ORD_1214;PROD_22;7;5
ORD_1214;PROD_36;6;1
ORD_1214;PROD_16;6;1
ORD_1214;PROD_4;7;3
ORD_1214;PROD_40;5;3
ORD_1214;PROD_42;4;3
ORD_1215;PROD_18;4;5
ORD_1215;PROD_35;7;1
ORD_1215;PROD_30;9;3
ORD_1215;PROD_5;9;3
ORD_1215;PROD_8;4;1
ORD_1215;PROD_50;1;4
ORD_1216;PROD_36;5;4
ORD_1216;PROD_33;3;3
ORD_1216;PROD_10;6;3
ORD_1216;PROD_18;1;4
ORD_1216;PROD_41;3;3
ORD_1216;PROD_31;1;5
ORD_1216;PROD_1;7;4
ORD_1216;PROD_47;6;3
ORD_1216;PROD_10;9;4
ORD_1216;PROD_48;3;3
ORD_1216;PROD_6;9;5
ORD_1217;PROD_11;5;1
ORD_1217;PROD_43;7;5
ORD_1217;PROD_48;3;2
ORD_1217;PROD_45;2;2
ORD_1217;PROD_19;4;5
ORD_1217;PROD_47;8;1
ORD_1218;PROD_8;3;1
ORD_1218;PROD_11;3;3
ORD_1218;PROD_25;4;2
ORD_1218;PROD_45;5;1
ORD_1218;PROD_43;1;5
ORD_1218;PROD_10;2;2
ORD_1218;PROD_5;1;2
ORD_1219;PROD_15;6;3
ORD_1219;PROD_44;2;1
ORD_1219;PROD_36;3;4
ORD_1219;PROD_1;6;5
ORD_1219;PROD_30;9;1
ORD_1219;PROD_11;7;4
ORD_1219;PROD_34;7;2
ORD_1220;PROD_6;8;1
ORD_1220;PROD_17;1;4
ORD_1220;PROD_18;2;1
ORD_1220;PROD_7;1;5
ORD_1220;PROD_24;8;2
ORD_1220;PROD_20;4;1
ORD_1220;PROD_21;6;3
ORD_1221;PROD_38;8;5
ORD_1221;PROD_23;5;4
ORD_1221;PROD_10;6;4
ORD_1221;PROD_41;1;4
ORD_1221;PROD_13;4;4
ORD_1221;PROD_6;8;2
ORD_1221;PROD_21;9;4
ORD_1221;PROD_39;6;5
ORD_1221;PROD_20;5;5
ORD_1222;PROD_1;1;3
ORD_1222;PROD_44;3;3
ORD_1222;PROD_8;7;1
ORD_1222;PROD_31;6;4
ORD_1222;PROD_46;5;4
ORD_1222;PROD_28;4;4
ORD_1222;PROD_16;9;3
ORD_1222;PROD_40;7;1
ORD_1222;PROD_19;5;5
ORD_1222;PROD_26;6;2
ORD_1222;PROD_43;8;3
ORD_1223;PROD_4;9;2
ORD_1223;PROD_13;7;1
ORD_1223;PROD_26;5;4
ORD_1223;PROD_50;1;1
ORD_1223;PROD_24;4;1
ORD_1223;PROD_25;6;4
ORD_1223;PROD_33;5;3
ORD_1223;PROD_22;6;5
ORD_1224;PROD_32;6;1
ORD_1224;PROD_12;8;2
ORD_1224;PROD_14;1;2
ORD_1224;PROD_25;3;5
ORD_1224;PROD_18;2;4
ORD_1224;PROD_14;8;1
ORD_1224;PROD_44;2;1
ORD_1224;PROD_44;3;5
ORD_1224;PROD_23;9;3
ORD_1224;PROD_8;1;4
ORD_1224;PROD_22;9;5
ORD_1225;PROD_12;9;5
ORD_1225;PROD_5;3;1
ORD_1225;PROD_45;7;2
ORD_1225;PROD_25;8;4
ORD_1225;PROD_25;6;5
ORD_1225;PROD_38;7;2
ORD_1225;PROD_48;3;5
ORD_1225;PROD_4;4;2
ORD_1225;PROD_7;7;2
ORD_1225;PROD_16;5;2
ORD_1225;PROD_39;2;4
ORD_1225;PROD_29;4;2
ORD_1225;PROD_4;7;3
ORD_1225;PROD_8;5;2
ORD_1225;PROD_40;3;2
ORD_1226;PROD_5;2;4
ORD_1226;PROD_30;2;2
ORD_1226;PROD_22;2;2
ORD_1226;PROD_13;7;5
ORD_1226;PROD_32;7;3
ORD_1226;PROD_3;7;5
ORD_1226;PROD_16;6;5
ORD_1226;PROD_8;7;4
ORD_1226;PROD_35;6;3
ORD_1226;PROD_50;7;1
ORD_1226;PROD_4;4;2
ORD_1226;PROD_34;1;3
ORD_1227;PROD_26;1;2
ORD_1227;PROD_9;5;3
ORD_1227;PROD_26;4;2
ORD_1227;PROD_39;1;4
ORD_1227;PROD_28;2;5
ORD_1227;PROD_49;6;5
ORD_1227;PROD_10;9;2
ORD_1227;PROD_49;8;5
ORD_1227;PROD_39;7;1
ORD_1227;PROD_3;5;5
ORD_1228;PROD_16;6;4
ORD_1228;PROD_10;4;5
ORD_1228;PROD_6;3;5
ORD_1228;PROD_6;2;2
ORD_1228;PROD_16;2;5
ORD_1228;PROD_49;3;1
ORD_1228;PROD_7;5;5
ORD_1229;PROD_11;8;5
ORD_1229;PROD_43;4;4
ORD_1229;PROD_11;8;5
ORD_1229;PROD_43;8;1
ORD_1229;PROD_15;9;2
ORD_1230;PROD_37;4;5
ORD_1230;PROD_9;3;2
ORD_1230;PROD_9;1;2
ORD_1230;PROD_24;4;5
ORD_1230;PROD_38;5;5
ORD_1230;PROD_5;7;2
ORD_1230;PROD_23;4;2
ORD_1230;PROD_38;3;4
ORD_1230;PROD_48;6;5
ORD_1230;PROD_17;9;1
ORD_1230;PROD_45;9;2
ORD_1230;PROD_34;8;1
ORD_1231;PROD_13;2;4
ORD_1231;PROD_21;9;1
ORD_1231;PROD_10;3;1
ORD_1231;PROD_33;8;4
ORD_1231;PROD_24;4;2
ORD_1231;PROD_45;4;1
ORD_1231;PROD_38;8;3
ORD_1231;PROD_43;3;1
ORD_1231;PROD_25;7;5
ORD_1232;PROD_36;2;1
ORD_1232;PROD_33;2;3
ORD_1232;PROD_12;7;4
ORD_1232;PROD_50;9;5
ORD_1232;PROD_7;9;1
ORD_1233;PROD_16;7;2
ORD_1233;PROD_43;6;4
ORD_1233;PROD_35;4;4
ORD_1233;PROD_10;3;1
ORD_1233;PROD_15;4;4
ORD_1233;PROD_21;6;2
ORD_1233;PROD_39;2;4
ORD_1233;PROD_2;8;4
ORD_1233;PROD_32;7;2
ORD_1233;PROD_26;8;5
ORD_1233;PROD_23;8;1
ORD_1233;PROD_30;4;5
ORD_1233;PROD_43;3;5
ORD_1233;PROD_6;9;4
ORD_1234;PROD_11;8;3
ORD_1234;PROD_43;4;1
ORD_1234;PROD_15;2;2
ORD_1234;PROD_22;4;4
ORD_1234;PROD_36;1;1
ORD_1234;PROD_33;9;4
ORD_1234;PROD_24;5;2
ORD_1234;PROD_22;9;4
ORD_1234;PROD_35;1;2
ORD_1234;PROD_48;8;2
ORD_1234;PROD_26;3;1
ORD_1234;PROD_20;8;1
ORD_1234;PROD_50;1;1
ORD_1234;PROD_2;7;1
ORD_1234;PROD_10;8;5
ORD_1235;PROD_43;5;3
ORD_1235;PROD_45;4;3
ORD_1235;PROD_17;6;5
ORD_1235;PROD_40;3;2
ORD_1235;PROD_11;8;3
ORD_1235;PROD_14;2;4
ORD_1235;PROD_33;1;4
ORD_1235;PROD_5;2;5
ORD_1236;PROD_36;7;1
ORD_1236;PROD_33;4;5
ORD_1236;PROD_16;2;1
ORD_1236;PROD_31;9;5
ORD_1236;PROD_4;3;3
ORD_1236;PROD_17;1;3
ORD_1236;PROD_26;2;1
ORD_1236;PROD_31;4;1
ORD_1236;PROD_18;8;5
ORD_1236;PROD_50;9;4
ORD_1236;PROD_34;9;2
ORD_1236;PROD_35;8;3
ORD_1236;PROD_39;3;3
ORD_1236;PROD_41;7;2
ORD_1237;PROD_3;2;5
ORD_1237;PROD_21;3;4
ORD_1237;PROD_12;1;3
ORD_1237;PROD_16;2;2
ORD_1237;PROD_31;4;3
ORD_1237;PROD_8;9;5
ORD_1237;PROD_46;4;4
ORD_1237;PROD_35;2;4
ORD_1237;PROD_38;6;4
ORD_1237;PROD_38;6;2
ORD_1237;PROD_8;1;5
ORD_1237;PROD_49;5;3
ORD_1237;PROD_19;6;5
ORD_1237;PROD_48;6;2
ORD_1237;PROD_50;9;4
ORD_1238;PROD_8;4;1
ORD_1238;PROD_11;4;4
ORD_1238;PROD_10;4;2
ORD_1238;PROD_28;7;4
ORD_1238;PROD_1;1;1
ORD_1238;PROD_1;7;2
ORD_1238;PROD_22;1;3
ORD_1238;PROD_47;3;1
ORD_1238;PROD_24;1;1
ORD_1238;PROD_7;3;4
ORD_1238;PROD_41;7;1
ORD_1238;PROD_43;8;5
ORD_1238;PROD_22;5;4
ORD_1238;PROD_39;2;2
ORD_1239;PROD_25;7;3
ORD_1239;PROD_20;4;5
ORD_1239;PROD_26;8;3
ORD_1239;PROD_33;1;2
ORD_1239;PROD_27;2;2
ORD_1240;PROD_13;5;3
ORD_1240;PROD_10;1;4
ORD_1240;PROD_12;2;4
ORD_1240;PROD_1;1;5
ORD_1240;PROD_28;2;5
ORD_1240;PROD_9;3;2
ORD_1240;PROD_21;9;3
ORD_1240;PROD_7;6;5
ORD_1240;PROD_32;4;1
ORD_1240;PROD_3;3;1
ORD_1240;PROD_37;9;5
ORD_1241;PROD_3;9;3
ORD_1241;PROD_21;4;4
ORD_1241;PROD_12;1;4
ORD_1241;PROD_16;4;3
ORD_1241;PROD_31;3;1
ORD_1241;PROD_12;3;5
ORD_1241;PROD_40;7;2
ORD_1241;PROD_19;5;2
ORD_1242;PROD_7;9;4
ORD_1242;PROD_22;2;1
ORD_1242;PROD_35;9;4
ORD_1242;PROD_41;4;2
ORD_1242;PROD_42;1;3
ORD_1242;PROD_30;4;4
ORD_1242;PROD_50;7;1
ORD_1242;PROD_38;7;4
ORD_1242;PROD_12;8;3
ORD_1242;PROD_10;4;1
ORD_1243;PROD_44;9;5
ORD_1243;PROD_44;5;1
ORD_1243;PROD_15;2;2
ORD_1243;PROD_44;7;3
ORD_1243;PROD_10;4;4
ORD_1243;PROD_17;5;5
ORD_1243;PROD_39;7;3
ORD_1243;PROD_3;3;4
ORD_1243;PROD_23;2;3
ORD_1243;PROD_21;7;3
ORD_1243;PROD_19;5;2
ORD_1243;PROD_37;7;2
ORD_1243;PROD_38;9;5
ORD_1243;PROD_26;6;5
ORD_1244;PROD_4;8;3
ORD_1244;PROD_40;8;4
ORD_1244;PROD_8;8;5
ORD_1244;PROD_43;5;2
ORD_1244;PROD_40;1;2
ORD_1244;PROD_19;7;1
ORD_1245;PROD_11;3;2
ORD_1245;PROD_43;9;2
ORD_1245;PROD_11;7;1
ORD_1245;PROD_43;5;3
ORD_1245;PROD_47;2;5
ORD_1245;PROD_46;2;4
ORD_1245;PROD_29;2;4
ORD_1245;PROD_36;2;2
ORD_1246;PROD_12;3;5
ORD_1246;PROD_41;8;4
ORD_1246;PROD_24;8;2
ORD_1246;PROD_16;2;3
ORD_1246;PROD_10;4;1
ORD_1246;PROD_48;7;4
ORD_1246;PROD_37;1;5
ORD_1246;PROD_29;2;4
ORD_1246;PROD_3;7;4
ORD_1247;PROD_15;6;3
ORD_1247;PROD_44;9;5
ORD_1247;PROD_36;6;3
ORD_1247;PROD_1;1;2
ORD_1247;PROD_4;3;4
ORD_1247;PROD_35;6;4
ORD_1247;PROD_44;4;3
ORD_1247;PROD_48;3;1
ORD_1247;PROD_13;6;2
ORD_1247;PROD_41;5;3
ORD_1247;PROD_25;2;3
ORD_1247;PROD_45;8;2
ORD_1247;PROD_2;8;5
ORD_1247;PROD_12;3;2
ORD_1247;PROD_13;7;1
ORD_1248;PROD_37;3;2
ORD_1248;PROD_7;2;5
ORD_1248;PROD_37;7;2
ORD_1248;PROD_39;6;4
ORD_1248;PROD_5;3;2
ORD_1248;PROD_24;2;2
ORD_1248;PROD_13;8;4
ORD_1248;PROD_31;4;1
ORD_1248;PROD_26;1;3
ORD_1248;PROD_19;6;5
ORD_1248;PROD_3;7;1
ORD_1248;PROD_21;2;2
ORD_1248;PROD_21;6;2
ORD_1248;PROD_23;6;4
ORD_1249;PROD_12;8;4
ORD_1249;PROD_44;7;4
ORD_1249;PROD_1;2;2
ORD_1249;PROD_35;6;3
ORD_1249;PROD_19;2;1
ORD_1249;PROD_25;9;3
ORD_1249;PROD_9;5;1
ORD_1250;PROD_3;8;1
ORD_1250;PROD_24;7;4
ORD_1250;PROD_45;4;1
ORD_1250;PROD_1;8;5
ORD_1250;PROD_8;5;3
ORD_1250;PROD_4;8;2
ORD_1250;PROD_11;2;3
ORD_1250;PROD_50;6;5
ORD_1250;PROD_39;4;5
ORD_1251;PROD_33;3;5
ORD_1251;PROD_4;1;5
ORD_1251;PROD_8;7;4
ORD_1251;PROD_21;1;5
ORD_1251;PROD_15;6;1
ORD_1251;PROD_39;9;2
ORD_1251;PROD_31;7;5
ORD_1252;PROD_15;7;2
ORD_1252;PROD_22;5;5
ORD_1252;PROD_3;6;3
ORD_1252;PROD_21;7;1
ORD_1252;PROD_12;8;1
ORD_1252;PROD_16;7;1
ORD_1252;PROD_31;6;4
ORD_1252;PROD_48;6;4
ORD_1252;PROD_16;7;4
ORD_1252;PROD_34;3;3
ORD_1252;PROD_50;7;5
ORD_1252;PROD_11;1;2
ORD_1252;PROD_34;3;2
ORD_1253;PROD_43;2;5
ORD_1253;PROD_45;6;4
ORD_1253;PROD_7;1;4
ORD_1253;PROD_25;3;2
ORD_1253;PROD_24;4;1
ORD_1253;PROD_14;1;5
ORD_1253;PROD_1;9;1
ORD_1253;PROD_46;9;3
ORD_1253;PROD_45;4;5
ORD_1253;PROD_5;7;1
ORD_1253;PROD_29;1;5
ORD_1253;PROD_44;2;5
ORD_1253;PROD_30;2;4
ORD_1253;PROD_25;9;2
ORD_1253;PROD_14;5;2
ORD_1254;PROD_33;6;1
ORD_1254;PROD_38;2;1
ORD_1254;PROD_49;2;1
ORD_1254;PROD_19;1;5
ORD_1254;PROD_15;1;5
ORD_1254;PROD_15;8;1
ORD_1254;PROD_44;6;4
ORD_1254;PROD_36;3;5
ORD_1254;PROD_1;1;3
ORD_1254;PROD_18;2;2
ORD_1254;PROD_36;4;1
ORD_1255;PROD_11;9;4
ORD_1255;PROD_43;1;2
ORD_1255;PROD_3;6;3
ORD_1255;PROD_21;3;5
ORD_1255;PROD_12;8;1
ORD_1255;PROD_16;8;2
ORD_1255;PROD_31;7;1
ORD_1255;PROD_36;4;1
ORD_1256;PROD_36;8;5
ORD_1256;PROD_33;7;2
ORD_1256;PROD_11;7;4
ORD_1256;PROD_43;2;4
ORD_1256;PROD_43;6;1
ORD_1256;PROD_32;4;1
ORD_1256;PROD_6;8;5
ORD_1256;PROD_3;3;3
ORD_1257;PROD_12;1;1
ORD_1257;PROD_50;4;4
ORD_1257;PROD_7;1;1
ORD_1257;PROD_11;3;3
ORD_1257;PROD_39;3;1
ORD_1257;PROD_9;4;4
ORD_1257;PROD_19;4;2
ORD_1257;PROD_49;4;5
ORD_1258;PROD_44;7;1
ORD_1258;PROD_41;3;2
ORD_1258;PROD_17;5;4
ORD_1258;PROD_17;7;2
ORD_1258;PROD_7;1;3
ORD_1259;PROD_36;2;5
ORD_1259;PROD_33;4;5
ORD_1259;PROD_33;9;3
ORD_1259;PROD_38;3;4
ORD_1259;PROD_49;3;5
ORD_1259;PROD_19;3;1
ORD_1259;PROD_15;2;3
ORD_1259;PROD_12;5;2
ORD_1260;PROD_12;1;4
ORD_1260;PROD_50;8;2
ORD_1260;PROD_7;3;1
ORD_1260;PROD_11;4;2
ORD_1260;PROD_3;8;5
ORD_1260;PROD_21;6;5
ORD_1260;PROD_12;1;4
ORD_1260;PROD_16;9;1
ORD_1260;PROD_31;9;2
ORD_1260;PROD_3;1;1
ORD_1260;PROD_21;8;2
ORD_1261;PROD_11;8;1
ORD_1261;PROD_43;7;2
ORD_1261;PROD_15;9;3
ORD_1261;PROD_44;6;4
ORD_1261;PROD_36;5;4
ORD_1261;PROD_1;7;4
ORD_1261;PROD_15;9;3
ORD_1261;PROD_44;4;1
ORD_1261;PROD_36;5;3
ORD_1261;PROD_1;5;5
ORD_1262;PROD_12;6;5
ORD_1262;PROD_50;5;4
ORD_1262;PROD_7;8;4
ORD_1262;PROD_11;3;2
ORD_1262;PROD_11;3;3
ORD_1262;PROD_43;4;1
ORD_1262;PROD_12;4;4
ORD_1262;PROD_50;8;5
ORD_1263;PROD_15;1;4
ORD_1263;PROD_22;1;2
ORD_1263;PROD_33;3;5
ORD_1263;PROD_38;6;3
ORD_1263;PROD_49;3;4
ORD_1263;PROD_19;2;5
ORD_1263;PROD_15;5;1
ORD_1263;PROD_15;9;3
ORD_1263;PROD_22;9;4
ORD_1263;PROD_41;5;5
ORD_1263;PROD_27;7;5
ORD_1264;PROD_3;5;1
ORD_1264;PROD_21;4;5
ORD_1264;PROD_12;2;3
ORD_1264;PROD_16;3;2
ORD_1264;PROD_31;4;1
ORD_1264;PROD_15;7;2
ORD_1264;PROD_44;5;3
ORD_1265;PROD_15;3;5
ORD_1265;PROD_22;1;1
ORD_1265;PROD_3;5;2
ORD_1265;PROD_43;3;1
ORD_1265;PROD_42;5;1
ORD_1265;PROD_44;2;4
ORD_1265;PROD_27;2;5
ORD_1265;PROD_33;2;1
ORD_1265;PROD_22;5;1
ORD_1265;PROD_29;2;2
ORD_1265;PROD_5;8;1
ORD_1265;PROD_10;8;3
ORD_1266;PROD_37;7;2
ORD_1266;PROD_26;5;4
ORD_1266;PROD_24;9;1
ORD_1266;PROD_37;1;1
ORD_1266;PROD_4;2;3
ORD_1266;PROD_41;4;5
ORD_1266;PROD_16;2;4
ORD_1266;PROD_34;9;1
ORD_1266;PROD_1;8;5
ORD_1266;PROD_44;6;5
ORD_1266;PROD_28;9;2
ORD_1266;PROD_49;6;4
ORD_1266;PROD_46;7;3
ORD_1267;PROD_33;2;4
ORD_1267;PROD_38;3;2
ORD_1267;PROD_49;8;5
ORD_1267;PROD_19;5;3
ORD_1267;PROD_15;8;4
ORD_1267;PROD_15;3;4
ORD_1267;PROD_44;5;1
ORD_1267;PROD_36;3;2
ORD_1267;PROD_1;7;2
ORD_1267;PROD_28;4;4
ORD_1267;PROD_5;1;5
ORD_1267;PROD_22;1;5
ORD_1268;PROD_36;5;5
ORD_1268;PROD_33;9;1
ORD_1268;PROD_4;1;1
ORD_1268;PROD_14;9;5
ORD_1268;PROD_47;6;2
ORD_1269;PROD_17;9;3
ORD_1269;PROD_17;7;2
ORD_1269;PROD_6;4;3
ORD_1269;PROD_31;8;4
ORD_1269;PROD_22;6;4
ORD_1269;PROD_27;5;4
ORD_1269;PROD_17;1;2
ORD_1269;PROD_25;4;1
ORD_1269;PROD_32;3;5
ORD_1269;PROD_5;4;5
ORD_1269;PROD_41;7;1
ORD_1269;PROD_38;3;5
ORD_1269;PROD_34;6;2
ORD_1270;PROD_11;5;2
ORD_1270;PROD_43;5;2
ORD_1270;PROD_15;8;4
ORD_1270;PROD_44;6;3
ORD_1270;PROD_36;8;1
ORD_1270;PROD_1;7;2
ORD_1270;PROD_12;6;1
ORD_1270;PROD_50;6;1
ORD_1270;PROD_7;3;5
ORD_1270;PROD_11;4;3
ORD_1270;PROD_1;4;3
ORD_1270;PROD_34;6;1
ORD_1271;PROD_21;9;1
ORD_1271;PROD_40;8;2
ORD_1271;PROD_10;4;2
ORD_1271;PROD_31;5;5
ORD_1271;PROD_45;2;5
ORD_1271;PROD_26;8;4
ORD_1271;PROD_13;5;4
ORD_1271;PROD_31;8;5
ORD_1271;PROD_29;1;5
ORD_1271;PROD_26;7;1
ORD_1271;PROD_30;3;4
ORD_1271;PROD_47;1;3
ORD_1271;PROD_6;2;1
ORD_1271;PROD_2;2;1
ORD_1271;PROD_12;1;5
ORD_1272;PROD_36;1;2
ORD_1272;PROD_33;4;2
ORD_1272;PROD_33;1;4
ORD_1272;PROD_38;7;1
ORD_1272;PROD_49;1;2
ORD_1272;PROD_19;5;1
ORD_1272;PROD_15;9;4
ORD_1272;PROD_7;8;2
ORD_1272;PROD_34;9;2
ORD_1272;PROD_27;3;5
ORD_1272;PROD_22;8;1
ORD_1273;PROD_31;9;4
ORD_1273;PROD_36;4;2
ORD_1273;PROD_10;1;5
ORD_1273;PROD_5;9;5
ORD_1273;PROD_44;7;5
ORD_1273;PROD_12;3;2
ORD_1273;PROD_32;9;3
ORD_1273;PROD_34;4;3
ORD_1273;PROD_23;1;2
ORD_1273;PROD_41;4;3
ORD_1273;PROD_8;7;2
ORD_1273;PROD_37;6;5
ORD_1273;PROD_19;9;4
ORD_1274;PROD_15;7;4
ORD_1274;PROD_44;9;4
ORD_1274;PROD_36;5;4
ORD_1274;PROD_1;6;5
ORD_1274;PROD_44;4;5
ORD_1274;PROD_46;5;3
ORD_1274;PROD_5;5;3
ORD_1274;PROD_13;5;1
ORD_1274;PROD_5;8;1
ORD_1274;PROD_41;9;2
ORD_1274;PROD_39;6;1
ORD_1275;PROD_33;1;4
ORD_1275;PROD_41;2;5
ORD_1275;PROD_33;2;4
ORD_1275;PROD_38;2;5
ORD_1275;PROD_43;3;4
ORD_1275;PROD_15;4;2
ORD_1276;PROD_8;8;2
ORD_1276;PROD_4;9;2
ORD_1276;PROD_13;1;2
ORD_1276;PROD_12;5;4
ORD_1276;PROD_50;8;4
ORD_1276;PROD_21;9;2
ORD_1276;PROD_33;4;5
ORD_1276;PROD_43;7;1
ORD_1276;PROD_20;9;4
ORD_1276;PROD_23;3;3
ORD_1277;PROD_3;9;5
ORD_1277;PROD_21;6;1
ORD_1277;PROD_12;1;5
ORD_1277;PROD_16;8;2
ORD_1277;PROD_31;1;3
ORD_1277;PROD_21;6;2
ORD_1277;PROD_8;4;5
ORD_1277;PROD_18;4;2
ORD_1277;PROD_13;3;5
ORD_1277;PROD_37;6;1
ORD_1278;PROD_47;6;4
ORD_1278;PROD_36;8;5
ORD_1278;PROD_18;1;2
ORD_1278;PROD_37;1;5
ORD_1278;PROD_9;6;1
ORD_1278;PROD_32;4;4
ORD_1278;PROD_17;2;2
ORD_1278;PROD_14;9;4
ORD_1278;PROD_11;4;1
ORD_1279;PROD_36;5;1
ORD_1279;PROD_33;2;1
ORD_1279;PROD_33;4;2
ORD_1279;PROD_38;6;4
ORD_1279;PROD_49;5;5
ORD_1279;PROD_19;4;5
ORD_1279;PROD_15;6;5
ORD_1279;PROD_15;4;1
ORD_1279;PROD_44;8;1
ORD_1279;PROD_36;2;4
ORD_1279;PROD_1;5;4
ORD_1279;PROD_20;5;4
ORD_1279;PROD_39;8;3
ORD_1279;PROD_10;5;1
ORD_1279;PROD_24;1;4
ORD_1280;PROD_19;3;2
ORD_1280;PROD_1;4;1
ORD_1280;PROD_46;7;5
ORD_1280;PROD_14;5;2
ORD_1280;PROD_21;8;1
ORD_1280;PROD_6;5;2
ORD_1280;PROD_15;8;1
ORD_1281;PROD_3;8;4
ORD_1281;PROD_21;8;5
ORD_1281;PROD_12;7;1
ORD_1281;PROD_16;3;4
ORD_1281;PROD_31;3;1
ORD_1281;PROD_11;1;2
ORD_1281;PROD_43;5;5
ORD_1281;PROD_10;8;3
ORD_1281;PROD_21;3;2
ORD_1281;PROD_20;7;2
ORD_1281;PROD_3;5;2
ORD_1281;PROD_42;6;1
ORD_1281;PROD_34;9;5
ORD_1281;PROD_38;3;5
ORD_1281;PROD_48;1;4
ORD_1282;PROD_1;5;4
ORD_1282;PROD_20;4;1
ORD_1282;PROD_9;6;2
ORD_1282;PROD_11;5;4
ORD_1282;PROD_20;2;3
ORD_1282;PROD_37;9;2
ORD_1282;PROD_31;4;4
ORD_1282;PROD_9;7;1
ORD_1283;PROD_36;4;4
ORD_1283;PROD_33;5;3
ORD_1283;PROD_12;1;2
ORD_1283;PROD_50;9;2
ORD_1283;PROD_7;4;3
ORD_1284;PROD_33;9;3
ORD_1284;PROD_38;1;5
ORD_1284;PROD_49;3;5
ORD_1284;PROD_19;3;4
ORD_1284;PROD_15;5;4
ORD_1285;PROD_40;7;2
ORD_1285;PROD_41;2;4
ORD_1285;PROD_7;7;2
ORD_1285;PROD_31;3;5
ORD_1285;PROD_38;1;5
ORD_1285;PROD_34;3;4
ORD_1285;PROD_8;6;4
ORD_1285;PROD_35;1;3
ORD_1285;PROD_10;9;5
ORD_1286;PROD_17;5;3
ORD_1286;PROD_22;3;2
ORD_1286;PROD_27;1;3
ORD_1286;PROD_32;7;1
ORD_1286;PROD_46;4;4
ORD_1287;PROD_25;6;4
ORD_1287;PROD_48;5;3
ORD_1287;PROD_41;4;3
ORD_1287;PROD_18;9;2
ORD_1287;PROD_17;6;2
ORD_1287;PROD_32;6;2
ORD_1288;PROD_19;3;2
ORD_1288;PROD_17;3;1
ORD_1288;PROD_9;7;5
ORD_1288;PROD_23;9;5
ORD_1288;PROD_33;8;3
ORD_1288;PROD_21;3;5
ORD_1289;PROD_33;2;3
ORD_1289;PROD_38;8;1
ORD_1289;PROD_49;8;1
ORD_1289;PROD_19;7;1
ORD_1289;PROD_15;8;3
ORD_1289;PROD_33;6;5
ORD_1289;PROD_38;6;3
ORD_1289;PROD_49;2;3
ORD_1289;PROD_19;3;1
ORD_1289;PROD_15;6;3
ORD_1289;PROD_3;5;1
ORD_1289;PROD_21;2;1
ORD_1289;PROD_12;1;3
ORD_1290;PROD_12;4;4
ORD_1290;PROD_50;5;3
ORD_1290;PROD_7;9;1
ORD_1290;PROD_11;3;1
ORD_1290;PROD_33;4;1
ORD_1290;PROD_38;9;5
ORD_1290;PROD_49;3;3
ORD_1290;PROD_19;9;3
ORD_1290;PROD_15;1;3
ORD_1290;PROD_15;7;5
ORD_1290;PROD_9;6;2
ORD_1290;PROD_47;5;1
ORD_1290;PROD_30;2;1
ORD_1291;PROD_33;6;1
ORD_1291;PROD_34;9;3
ORD_1291;PROD_15;5;2
ORD_1291;PROD_33;2;5
ORD_1291;PROD_17;8;5
ORD_1291;PROD_40;1;2
ORD_1291;PROD_41;7;4
ORD_1292;PROD_15;4;3
ORD_1292;PROD_44;1;3
ORD_1292;PROD_36;5;3
ORD_1292;PROD_1;3;2
ORD_1292;PROD_12;2;4
ORD_1292;PROD_50;4;1
ORD_1292;PROD_7;2;1
ORD_1292;PROD_11;8;4
ORD_1293;PROD_34;4;3
ORD_1293;PROD_1;7;1
ORD_1293;PROD_16;5;5
ORD_1293;PROD_42;4;5
ORD_1293;PROD_25;6;3
ORD_1293;PROD_5;5;4
ORD_1293;PROD_16;5;5
ORD_1293;PROD_21;8;2
ORD_1293;PROD_13;1;1
ORD_1293;PROD_19;8;3
ORD_1293;PROD_22;2;5
ORD_1293;PROD_6;2;4
ORD_1293;PROD_3;5;5
ORD_1293;PROD_47;2;3
ORD_1293;PROD_8;9;4
ORD_1294;PROD_36;9;4
ORD_1294;PROD_33;7;5
ORD_1294;PROD_3;9;2
ORD_1294;PROD_21;9;3
ORD_1294;PROD_12;5;4
ORD_1294;PROD_16;5;4
ORD_1294;PROD_31;3;2
ORD_1294;PROD_40;3;2
ORD_1294;PROD_39;4;1
ORD_1294;PROD_47;6;1
ORD_1294;PROD_5;6;5
ORD_1295;PROD_14;6;2
ORD_1295;PROD_24;6;1
ORD_1295;PROD_23;9;2
ORD_1295;PROD_22;7;1
ORD_1295;PROD_1;2;2
ORD_1295;PROD_26;8;4
ORD_1295;PROD_45;3;4
ORD_1295;PROD_7;3;2
ORD_1295;PROD_33;3;4
ORD_1295;PROD_10;7;2
ORD_1295;PROD_49;5;4
ORD_1296;PROD_15;3;5
ORD_1296;PROD_22;5;2
ORD_1296;PROD_33;4;1
ORD_1296;PROD_38;9;4
ORD_1296;PROD_49;3;3
ORD_1297;PROD_35;6;1
ORD_1297;PROD_10;2;4
ORD_1297;PROD_43;6;1
ORD_1297;PROD_50;7;5
ORD_1297;PROD_31;7;4
ORD_1297;PROD_19;1;2
ORD_1297;PROD_34;7;2
ORD_1298;PROD_8;1;2
ORD_1298;PROD_20;6;4
ORD_1298;PROD_4;1;2
ORD_1298;PROD_31;8;3
ORD_1298;PROD_45;4;1
ORD_1298;PROD_32;4;5
ORD_1298;PROD_1;7;2
ORD_1298;PROD_5;6;4
ORD_1298;PROD_3;8;4
ORD_1298;PROD_47;3;4
ORD_1298;PROD_22;7;4
ORD_1298;PROD_46;2;5
ORD_1298;PROD_21;1;2
ORD_1298;PROD_30;2;4
ORD_1298;PROD_3;6;4
ORD_1299;PROD_15;1;4
ORD_1299;PROD_22;9;3
ORD_1299;PROD_3;7;1
ORD_1299;PROD_23;7;2
ORD_1299;PROD_3;5;4
ORD_1299;PROD_47;2;5
ORD_1300;PROD_33;8;3
ORD_1300;PROD_39;3;3
ORD_1300;PROD_40;7;4
ORD_1300;PROD_35;9;5
ORD_1300;PROD_9;4;2
ORD_1300;PROD_26;8;4
ORD_1300;PROD_39;8;5
ORD_1300;PROD_17;1;5
ORD_1300;PROD_16;3;4
ORD_1300;PROD_26;1;4
ORD_1300;PROD_20;6;4
ORD_1300;PROD_33;7;1
ORD_1300;PROD_45;7;5
ORD_1300;PROD_41;9;3
ORD_1301;PROD_29;8;4
ORD_1301;PROD_48;8;1
ORD_1301;PROD_38;4;3
ORD_1301;PROD_23;3;5
ORD_1301;PROD_19;4;4
ORD_1301;PROD_6;7;3
ORD_1301;PROD_38;7;1
ORD_1301;PROD_43;5;5
ORD_1301;PROD_48;7;5
ORD_1301;PROD_49;8;1
ORD_1301;PROD_28;4;2
ORD_1301;PROD_20;4;1
ORD_1302;PROD_33;6;3
ORD_1302;PROD_38;1;1
ORD_1302;PROD_49;4;2
ORD_1302;PROD_19;9;3
ORD_1302;PROD_15;2;5
ORD_1303;PROD_33;5;1
ORD_1303;PROD_19;4;3
ORD_1303;PROD_50;1;2
ORD_1303;PROD_32;5;4
ORD_1303;PROD_44;6;2
ORD_1303;PROD_9;6;2
ORD_1303;PROD_36;5;2
ORD_1303;PROD_6;3;2
ORD_1303;PROD_35;1;1
ORD_1303;PROD_37;1;3
ORD_1303;PROD_19;2;3
ORD_1303;PROD_42;5;4
ORD_1304;PROD_36;8;2
ORD_1304;PROD_33;1;3
ORD_1304;PROD_15;9;3
ORD_1304;PROD_22;2;5
ORD_1304;PROD_38;4;4
ORD_1304;PROD_47;6;2
ORD_1304;PROD_29;9;2
ORD_1304;PROD_13;9;2
ORD_1305;PROD_12;2;1
ORD_1305;PROD_50;4;3
ORD_1305;PROD_7;6;5
ORD_1305;PROD_11;4;1
ORD_1305;PROD_33;5;2
ORD_1305;PROD_38;7;1
ORD_1305;PROD_49;8;5
ORD_1305;PROD_19;1;5
ORD_1305;PROD_15;6;4
ORD_1306;PROD_33;7;3
ORD_1306;PROD_38;8;2
ORD_1306;PROD_49;8;5
ORD_1306;PROD_19;6;5
ORD_1306;PROD_15;4;5
ORD_1306;PROD_3;8;2
ORD_1306;PROD_21;2;3
ORD_1306;PROD_12;2;4
ORD_1306;PROD_16;4;1
ORD_1306;PROD_31;3;5
ORD_1306;PROD_3;9;1
ORD_1306;PROD_21;5;1
ORD_1307;PROD_25;6;2
ORD_1307;PROD_26;1;5
ORD_1307;PROD_37;1;1
ORD_1307;PROD_28;2;3
ORD_1307;PROD_49;5;2
ORD_1307;PROD_22;7;2
ORD_1307;PROD_21;9;5
ORD_1307;PROD_19;1;3
ORD_1307;PROD_24;6;5
ORD_1307;PROD_22;7;1
ORD_1307;PROD_25;4;5
ORD_1308;PROD_15;9;1
ORD_1308;PROD_22;6;3
ORD_1308;PROD_40;6;3
ORD_1308;PROD_43;1;4
ORD_1308;PROD_12;1;3
ORD_1309;PROD_12;3;3
ORD_1309;PROD_50;9;4
ORD_1309;PROD_7;7;4
ORD_1309;PROD_11;7;5
ORD_1309;PROD_11;2;1
ORD_1309;PROD_43;6;2
ORD_1309;PROD_15;7;2
ORD_1309;PROD_44;8;5
ORD_1309;PROD_36;6;5
ORD_1309;PROD_1;2;4
ORD_1309;PROD_48;3;3
ORD_1310;PROD_33;1;5
ORD_1310;PROD_38;1;4
ORD_1310;PROD_49;9;3
ORD_1310;PROD_19;5;4
ORD_1310;PROD_15;3;2
ORD_1311;PROD_12;7;2
ORD_1311;PROD_50;1;4
ORD_1311;PROD_7;4;1
ORD_1311;PROD_11;2;3
ORD_1311;PROD_1;3;4
ORD_1311;PROD_9;3;2
ORD_1311;PROD_26;7;2
ORD_1311;PROD_48;5;3
ORD_1311;PROD_14;4;1
ORD_1311;PROD_14;6;2
ORD_1311;PROD_46;1;4
ORD_1311;PROD_22;1;4
ORD_1311;PROD_49;2;3
ORD_1311;PROD_20;8;3
ORD_1311;PROD_50;3;3
ORD_1312;PROD_15;4;1
ORD_1312;PROD_44;8;4
ORD_1312;PROD_36;3;2
ORD_1312;PROD_1;8;4
ORD_1312;PROD_50;3;5
ORD_1312;PROD_49;8;5
ORD_1313;PROD_39;2;2
ORD_1313;PROD_14;2;4
ORD_1313;PROD_7;6;1
ORD_1313;PROD_45;4;3
ORD_1313;PROD_15;1;3
ORD_1314;PROD_11;6;2
ORD_1314;PROD_43;8;4
ORD_1314;PROD_11;8;2
ORD_1314;PROD_43;6;3
ORD_1314;PROD_15;8;4
ORD_1314;PROD_37;4;5
ORD_1314;PROD_36;6;3
ORD_1314;PROD_27;7;4
ORD_1315;PROD_9;9;2
ORD_1315;PROD_35;1;2
ORD_1315;PROD_37;6;5
ORD_1315;PROD_48;6;2
ORD_1315;PROD_19;8;4
ORD_1315;PROD_46;2;4
ORD_1315;PROD_32;7;4
ORD_1315;PROD_5;3;1
ORD_1315;PROD_50;6;5
ORD_1315;PROD_36;7;1
ORD_1315;PROD_20;6;1
ORD_1315;PROD_24;1;4
ORD_1316;PROD_11;5;4
ORD_1316;PROD_1;9;3
ORD_1316;PROD_43;8;5
ORD_1316;PROD_29;5;3
ORD_1316;PROD_15;4;5
ORD_1316;PROD_40;3;3
ORD_1316;PROD_20;1;1
ORD_1316;PROD_19;7;3
ORD_1316;PROD_34;4;1
ORD_1316;PROD_20;8;4
ORD_1316;PROD_9;7;3
ORD_1316;PROD_27;3;1
ORD_1316;PROD_49;4;1
ORD_1316;PROD_3;8;3
ORD_1317;PROD_15;2;1
ORD_1317;PROD_44;4;5
ORD_1317;PROD_36;6;1
ORD_1317;PROD_1;9;3
ORD_1317;PROD_15;7;4
ORD_1317;PROD_44;2;1
ORD_1317;PROD_36;8;2
ORD_1317;PROD_1;7;1
ORD_1317;PROD_33;1;2
ORD_1317;PROD_38;6;4
ORD_1317;PROD_49;7;1
ORD_1317;PROD_19;1;3
ORD_1317;PROD_15;5;2
ORD_1317;PROD_49;8;3
ORD_1317;PROD_50;6;2
ORD_1318;PROD_36;6;4
ORD_1318;PROD_33;7;2
ORD_1318;PROD_15;6;3
ORD_1318;PROD_44;8;5
ORD_1318;PROD_36;8;2
ORD_1318;PROD_1;6;5
ORD_1319;PROD_12;9;3
ORD_1319;PROD_1;2;1
ORD_1319;PROD_11;1;5
ORD_1319;PROD_44;4;2
ORD_1319;PROD_9;8;5
ORD_1319;PROD_18;2;3
ORD_1319;PROD_32;5;4
ORD_1319;PROD_13;7;5
ORD_1319;PROD_40;9;2
ORD_1319;PROD_3;3;1
ORD_1319;PROD_40;9;2
ORD_1319;PROD_23;4;2
ORD_1319;PROD_17;4;3
ORD_1320;PROD_36;3;2
ORD_1320;PROD_33;3;2
ORD_1320;PROD_4;2;4
ORD_1320;PROD_16;9;5
ORD_1320;PROD_8;9;2
ORD_1320;PROD_32;2;4
ORD_1321;PROD_15;7;5
ORD_1321;PROD_22;7;3
ORD_1321;PROD_12;9;1
ORD_1321;PROD_50;3;4
ORD_1321;PROD_7;7;1
ORD_1321;PROD_11;4;5
ORD_1321;PROD_22;5;3
ORD_1321;PROD_30;6;4
ORD_1321;PROD_6;2;2
ORD_1321;PROD_45;2;2
ORD_1321;PROD_32;6;4
ORD_1321;PROD_37;6;3
ORD_1322;PROD_11;7;5
ORD_1322;PROD_43;2;3
ORD_1322;PROD_36;5;5
ORD_1322;PROD_33;8;3
ORD_1322;PROD_12;5;4
ORD_1322;PROD_24;7;3
ORD_1322;PROD_27;6;5
ORD_1322;PROD_36;1;5
ORD_1322;PROD_17;8;1
ORD_1322;PROD_1;3;1
ORD_1322;PROD_2;7;2
ORD_1322;PROD_20;9;1
ORD_1322;PROD_40;1;1
ORD_1322;PROD_45;6;1
ORD_1323;PROD_3;1;1
ORD_1323;PROD_21;1;1
ORD_1323;PROD_12;6;1
ORD_1323;PROD_16;3;4
ORD_1323;PROD_31;5;4
ORD_1323;PROD_33;9;3
ORD_1323;PROD_38;7;1
ORD_1323;PROD_49;3;1
ORD_1323;PROD_19;8;4
ORD_1323;PROD_15;4;4
ORD_1323;PROD_11;5;1
ORD_1323;PROD_43;7;3
ORD_1324;PROD_49;7;1
ORD_1324;PROD_7;9;5
ORD_1324;PROD_35;5;3
ORD_1324;PROD_30;3;1
ORD_1324;PROD_26;5;2
ORD_1324;PROD_18;8;3
ORD_1324;PROD_18;9;5
ORD_1324;PROD_31;6;3
ORD_1324;PROD_22;3;4
ORD_1324;PROD_20;6;3
ORD_1324;PROD_20;2;2
ORD_1325;PROD_36;8;2
ORD_1325;PROD_33;3;3
ORD_1325;PROD_12;3;4
ORD_1325;PROD_50;2;4
ORD_1325;PROD_7;3;5
ORD_1325;PROD_11;2;1
ORD_1325;PROD_11;6;3
ORD_1326;PROD_44;1;2
ORD_1326;PROD_19;7;5
ORD_1326;PROD_22;4;3
ORD_1326;PROD_20;7;4
ORD_1326;PROD_3;5;1
ORD_1326;PROD_12;6;5
ORD_1326;PROD_7;5;1
ORD_1327;PROD_14;9;4
ORD_1327;PROD_20;5;1
ORD_1327;PROD_8;2;1
ORD_1327;PROD_1;1;2
ORD_1327;PROD_40;6;4
ORD_1327;PROD_10;6;1
ORD_1327;PROD_39;8;5
ORD_1327;PROD_1;2;4
ORD_1327;PROD_40;3;4
ORD_1327;PROD_13;8;5
ORD_1327;PROD_44;2;4
ORD_1328;PROD_11;7;5
ORD_1328;PROD_43;6;1
ORD_1328;PROD_15;5;4
ORD_1328;PROD_44;4;4
ORD_1328;PROD_36;8;3
ORD_1328;PROD_1;7;4
ORD_1328;PROD_10;4;4
ORD_1328;PROD_48;1;2
ORD_1328;PROD_28;8;5
ORD_1328;PROD_15;7;3
ORD_1328;PROD_43;5;1
ORD_1328;PROD_39;4;4
ORD_1328;PROD_16;9;5
ORD_1328;PROD_5;4;3
ORD_1328;PROD_9;3;3
ORD_1329;PROD_8;3;5
ORD_1329;PROD_20;7;3
ORD_1329;PROD_33;2;1
ORD_1329;PROD_4;1;2
ORD_1329;PROD_22;9;5
ORD_1329;PROD_22;6;4
ORD_1329;PROD_25;8;1
ORD_1329;PROD_13;6;5
ORD_1329;PROD_21;4;2
ORD_1329;PROD_35;2;2
ORD_1329;PROD_33;9;1
ORD_1329;PROD_13;7;4
ORD_1329;PROD_12;1;3
ORD_1330;PROD_12;3;4
ORD_1330;PROD_50;2;3
ORD_1330;PROD_7;6;4
ORD_1330;PROD_11;2;5
ORD_1330;PROD_15;3;3
ORD_1330;PROD_22;5;1
ORD_1331;PROD_24;8;1
ORD_1331;PROD_19;7;2
ORD_1331;PROD_42;3;4
ORD_1331;PROD_6;4;3
ORD_1331;PROD_14;3;3
ORD_1331;PROD_3;5;2
ORD_1331;PROD_44;6;2
ORD_1331;PROD_46;3;2
ORD_1332;PROD_35;9;5
ORD_1332;PROD_4;4;5
ORD_1332;PROD_2;3;2
ORD_1332;PROD_14;6;5
ORD_1332;PROD_47;4;2
ORD_1332;PROD_3;2;1
ORD_1332;PROD_36;2;3
ORD_1332;PROD_29;1;1
ORD_1332;PROD_21;4;5
ORD_1332;PROD_4;1;2
ORD_1332;PROD_7;2;5
ORD_1332;PROD_3;6;2
ORD_1332;PROD_25;8;2
ORD_1332;PROD_1;2;4
ORD_1332;PROD_31;1;5
ORD_1333;PROD_15;4;4
ORD_1333;PROD_22;2;1
ORD_1333;PROD_30;2;1
ORD_1333;PROD_13;2;2
ORD_1333;PROD_30;6;5
ORD_1333;PROD_24;3;5
ORD_1333;PROD_19;1;1
ORD_1333;PROD_38;3;4
ORD_1333;PROD_10;9;4
ORD_1333;PROD_31;1;2
ORD_1333;PROD_1;3;1
ORD_1333;PROD_37;4;1
ORD_1334;PROD_12;3;1
ORD_1334;PROD_50;6;4
ORD_1334;PROD_7;2;1
ORD_1334;PROD_11;4;5
ORD_1334;PROD_15;3;4
ORD_1334;PROD_22;3;1
ORD_1334;PROD_25;3;4
ORD_1334;PROD_20;2;5
ORD_1334;PROD_6;6;5
ORD_1335;PROD_11;7;5
ORD_1335;PROD_43;3;5
ORD_1335;PROD_48;7;4
ORD_1335;PROD_36;6;2
ORD_1335;PROD_37;3;2
ORD_1335;PROD_15;6;1
ORD_1335;PROD_45;6;2
ORD_1335;PROD_11;1;1
ORD_1335;PROD_3;5;2
ORD_1335;PROD_17;9;4
ORD_1335;PROD_36;3;3
ORD_1336;PROD_48;6;2
ORD_1336;PROD_12;6;1
ORD_1336;PROD_19;2;2
ORD_1336;PROD_14;7;4
ORD_1336;PROD_29;3;3
ORD_1336;PROD_32;5;1
ORD_1336;PROD_2;5;4
ORD_1336;PROD_36;6;1
ORD_1336;PROD_38;3;3
ORD_1337;PROD_11;5;1
ORD_1337;PROD_43;4;5
ORD_1337;PROD_15;7;5
ORD_1337;PROD_22;3;5
ORD_1337;PROD_49;9;1
ORD_1337;PROD_9;8;2
ORD_1337;PROD_39;7;4
ORD_1337;PROD_1;2;5
ORD_1337;PROD_43;1;5
ORD_1337;PROD_40;1;4
ORD_1337;PROD_22;8;2
ORD_1337;PROD_48;3;4
ORD_1338;PROD_3;1;3
ORD_1338;PROD_21;9;4
ORD_1338;PROD_12;1;2
ORD_1338;PROD_16;4;5
ORD_1338;PROD_31;4;2
ORD_1338;PROD_15;8;5
ORD_1339;PROD_11;9;4
ORD_1339;PROD_43;1;2
ORD_1339;PROD_33;3;2
ORD_1339;PROD_38;2;5
ORD_1339;PROD_49;6;3
ORD_1339;PROD_19;1;2
ORD_1339;PROD_15;7;3
ORD_1339;PROD_48;9;2
ORD_1339;PROD_13;9;1
ORD_1339;PROD_17;8;2
ORD_1339;PROD_36;4;5
ORD_1339;PROD_28;5;1
ORD_1340;PROD_21;6;3
ORD_1340;PROD_26;1;3
ORD_1340;PROD_10;2;3
ORD_1340;PROD_36;2;4
ORD_1340;PROD_35;5;5
ORD_1340;PROD_39;8;3
ORD_1340;PROD_29;2;2
ORD_1340;PROD_21;2;5
ORD_1340;PROD_40;7;4
ORD_1340;PROD_14;3;5
ORD_1340;PROD_36;5;1
ORD_1340;PROD_26;9;5
ORD_1341;PROD_32;6;4
ORD_1341;PROD_43;4;4
ORD_1341;PROD_38;8;5
ORD_1341;PROD_23;6;4
ORD_1341;PROD_10;7;3
ORD_1342;PROD_25;2;1
ORD_1342;PROD_36;7;3
ORD_1342;PROD_18;3;5
ORD_1342;PROD_16;8;2
ORD_1342;PROD_20;2;3
ORD_1343;PROD_11;4;1
ORD_1343;PROD_43;1;1
ORD_1343;PROD_1;5;5
ORD_1343;PROD_48;7;2
ORD_1343;PROD_3;9;1
ORD_1343;PROD_42;8;1
ORD_1343;PROD_15;3;3
ORD_1343;PROD_10;8;1
ORD_1343;PROD_4;4;3
ORD_1343;PROD_30;6;5
ORD_1343;PROD_12;5;5
ORD_1343;PROD_30;3;3
ORD_1343;PROD_1;4;1
ORD_1343;PROD_20;2;2
ORD_1343;PROD_5;4;4
ORD_1344;PROD_3;3;1
ORD_1344;PROD_21;2;2
ORD_1344;PROD_12;6;1
ORD_1344;PROD_16;4;1
ORD_1344;PROD_31;6;3
ORD_1344;PROD_39;8;3
ORD_1344;PROD_20;5;5
ORD_1344;PROD_22;8;1
ORD_1344;PROD_48;3;4
ORD_1344;PROD_4;3;3
ORD_1344;PROD_28;4;2
ORD_1344;PROD_29;6;2
ORD_1344;PROD_41;2;4
ORD_1344;PROD_27;3;3
ORD_1345;PROD_3;8;1
ORD_1345;PROD_21;8;1
ORD_1345;PROD_12;4;5
ORD_1345;PROD_16;7;4
ORD_1345;PROD_31;2;5
ORD_1345;PROD_36;5;5
ORD_1346;PROD_41;1;3
ORD_1346;PROD_16;8;1
ORD_1346;PROD_13;3;3
ORD_1346;PROD_35;1;3
ORD_1346;PROD_7;9;4
ORD_1346;PROD_37;2;2
ORD_1346;PROD_5;7;4
ORD_1346;PROD_7;3;1
ORD_1346;PROD_9;1;1
ORD_1347;PROD_15;4;4
ORD_1347;PROD_22;8;3
ORD_1347;PROD_15;3;3
ORD_1347;PROD_44;2;5
ORD_1347;PROD_36;5;3
ORD_1348;PROD_41;6;1
ORD_1348;PROD_30;2;2
ORD_1348;PROD_23;8;4
ORD_1348;PROD_31;6;3
ORD_1348;PROD_29;1;3
ORD_1348;PROD_34;6;1
ORD_1348;PROD_41;3;4
ORD_1348;PROD_3;8;3
ORD_1348;PROD_6;8;2
ORD_1348;PROD_17;7;4
ORD_1348;PROD_10;2;2
ORD_1348;PROD_26;6;4
ORD_1349;PROD_9;9;3
ORD_1349;PROD_37;2;4
ORD_1349;PROD_38;7;4
ORD_1349;PROD_19;2;1
ORD_1349;PROD_37;9;5
ORD_1349;PROD_12;6;1
ORD_1349;PROD_2;9;5
ORD_1349;PROD_4;8;2
ORD_1349;PROD_3;3;2
ORD_1349;PROD_11;8;2
ORD_1349;PROD_47;2;3
ORD_1349;PROD_38;3;2
ORD_1349;PROD_36;5;2
ORD_1349;PROD_15;5;5
ORD_1349;PROD_35;4;5
ORD_1350;PROD_8;5;2
ORD_1350;PROD_30;5;1
ORD_1350;PROD_3;2;3
ORD_1350;PROD_6;9;3
ORD_1350;PROD_22;5;1
ORD_1350;PROD_1;8;2
ORD_1350;PROD_17;9;4
ORD_1351;PROD_15;6;5
ORD_1351;PROD_22;3;3
ORD_1351;PROD_3;1;4
ORD_1351;PROD_21;4;5
ORD_1351;PROD_12;3;5
ORD_1352;PROD_12;7;4
ORD_1352;PROD_50;8;5
ORD_1352;PROD_7;3;2
ORD_1352;PROD_11;5;4
ORD_1352;PROD_36;3;3
ORD_1352;PROD_33;1;3
ORD_1352;PROD_23;4;4
ORD_1352;PROD_18;5;1
ORD_1352;PROD_48;3;1
ORD_1352;PROD_47;4;3
ORD_1353;PROD_15;5;1
ORD_1353;PROD_22;9;2
ORD_1353;PROD_43;5;2
ORD_1353;PROD_36;8;2
ORD_1353;PROD_25;1;2
ORD_1353;PROD_9;8;5
ORD_1353;PROD_20;9;1
ORD_1353;PROD_29;7;3
ORD_1353;PROD_31;3;2
ORD_1354;PROD_15;5;2
ORD_1354;PROD_22;9;4
ORD_1354;PROD_36;6;1
ORD_1354;PROD_33;4;4
ORD_1354;PROD_19;7;2
ORD_1354;PROD_17;8;4
ORD_1354;PROD_33;8;3
ORD_1354;PROD_4;5;5
ORD_1354;PROD_7;9;1
ORD_1354;PROD_27;1;5
ORD_1355;PROD_15;7;2
ORD_1355;PROD_22;8;2
ORD_1355;PROD_19;2;1
ORD_1355;PROD_3;4;5
ORD_1355;PROD_32;1;4
ORD_1355;PROD_21;9;2
ORD_1356;PROD_15;9;1
ORD_1356;PROD_22;9;1
ORD_1356;PROD_15;7;2
ORD_1356;PROD_22;7;2
ORD_1356;PROD_37;9;2
ORD_1356;PROD_17;3;1
ORD_1356;PROD_15;4;5
ORD_1356;PROD_28;7;1
ORD_1356;PROD_36;6;2
ORD_1356;PROD_4;2;5
ORD_1356;PROD_46;9;3
ORD_1356;PROD_10;7;1
ORD_1356;PROD_18;9;3
ORD_1357;PROD_11;2;5
ORD_1357;PROD_43;8;1
ORD_1357;PROD_15;4;5
ORD_1357;PROD_22;4;5
ORD_1357;PROD_11;3;1
ORD_1357;PROD_43;4;3
ORD_1357;PROD_13;3;2
ORD_1357;PROD_35;9;2
ORD_1357;PROD_20;2;5
ORD_1357;PROD_46;3;2
ORD_1358;PROD_17;1;1
ORD_1358;PROD_50;7;5
ORD_1358;PROD_27;3;4
ORD_1358;PROD_2;7;2
ORD_1358;PROD_35;6;4
ORD_1358;PROD_32;9;1
ORD_1358;PROD_5;9;4
ORD_1359;PROD_32;2;5
ORD_1359;PROD_21;3;1
ORD_1359;PROD_22;2;4
ORD_1359;PROD_14;5;3
ORD_1359;PROD_12;3;2
ORD_1359;PROD_27;9;5
ORD_1359;PROD_17;9;4
ORD_1359;PROD_22;2;1
ORD_1359;PROD_27;5;5
ORD_1359;PROD_4;9;4
ORD_1359;PROD_38;5;1
ORD_1359;PROD_3;8;4
ORD_1359;PROD_39;7;1
ORD_1359;PROD_25;6;5
ORD_1359;PROD_30;3;4
ORD_1360;PROD_2;6;1
ORD_1360;PROD_8;5;4
ORD_1360;PROD_21;4;1
ORD_1360;PROD_47;1;1
ORD_1360;PROD_22;8;3
ORD_1360;PROD_16;9;1
ORD_1360;PROD_5;8;1
ORD_1360;PROD_5;9;1
ORD_1360;PROD_26;9;3
ORD_1360;PROD_40;1;4
ORD_1360;PROD_15;7;4
ORD_1360;PROD_11;4;3
ORD_1361;PROD_29;7;4
ORD_1361;PROD_3;4;5
ORD_1361;PROD_45;2;3
ORD_1361;PROD_1;3;1
ORD_1361;PROD_15;7;3
ORD_1361;PROD_46;1;1
ORD_1361;PROD_34;6;3
ORD_1361;PROD_22;1;4
ORD_1361;PROD_44;4;1
ORD_1361;PROD_28;9;5
ORD_1361;PROD_28;6;2
ORD_1361;PROD_8;6;3
ORD_1361;PROD_39;9;1
ORD_1361;PROD_16;8;2
ORD_1362;PROD_12;8;3
ORD_1362;PROD_50;6;5
ORD_1362;PROD_7;1;4
ORD_1362;PROD_11;4;1
ORD_1362;PROD_28;1;2
ORD_1362;PROD_36;4;4
ORD_1362;PROD_24;3;2
ORD_1362;PROD_29;2;4
ORD_1362;PROD_10;7;1
ORD_1362;PROD_48;2;3
ORD_1362;PROD_6;2;2
ORD_1362;PROD_44;6;3
ORD_1363;PROD_11;6;2
ORD_1363;PROD_43;7;4
ORD_1363;PROD_50;4;3
ORD_1363;PROD_49;4;5
ORD_1363;PROD_19;7;3
ORD_1363;PROD_2;3;1
ORD_1363;PROD_1;5;1
ORD_1363;PROD_13;9;1
ORD_1364;PROD_15;7;4
ORD_1364;PROD_28;1;2
ORD_1364;PROD_1;4;5
ORD_1364;PROD_19;3;5
ORD_1364;PROD_26;5;3
ORD_1364;PROD_35;5;3
ORD_1364;PROD_4;1;2
ORD_1364;PROD_18;1;5
ORD_1364;PROD_15;6;1
ORD_1364;PROD_33;8;5
ORD_1365;PROD_24;8;2
ORD_1365;PROD_39;5;4
ORD_1365;PROD_43;6;1
ORD_1365;PROD_10;4;1
ORD_1365;PROD_4;8;4
ORD_1365;PROD_43;6;4
ORD_1365;PROD_13;7;2
ORD_1365;PROD_8;6;3
ORD_1365;PROD_17;2;5
ORD_1365;PROD_45;3;4
ORD_1365;PROD_47;3;1
ORD_1365;PROD_47;3;2
ORD_1365;PROD_8;4;2
ORD_1365;PROD_13;5;4
ORD_1366;PROD_10;3;2
ORD_1366;PROD_40;9;2
ORD_1366;PROD_37;9;1
ORD_1366;PROD_45;4;2
ORD_1366;PROD_48;9;4
ORD_1366;PROD_12;3;3
ORD_1366;PROD_24;6;5
ORD_1366;PROD_7;2;2
ORD_1366;PROD_24;4;3
ORD_1366;PROD_15;8;4
ORD_1366;PROD_34;8;3
ORD_1367;PROD_15;1;3
ORD_1367;PROD_44;3;1
ORD_1367;PROD_36;5;1
ORD_1367;PROD_1;5;4
ORD_1367;PROD_28;8;5
ORD_1367;PROD_44;6;3
ORD_1367;PROD_7;9;2
ORD_1367;PROD_23;5;1
ORD_1367;PROD_25;4;5
ORD_1367;PROD_42;8;1
ORD_1367;PROD_32;3;4
ORD_1367;PROD_5;7;1
ORD_1367;PROD_31;8;1
ORD_1367;PROD_40;5;2
ORD_1367;PROD_32;5;1
ORD_1368;PROD_23;6;2
ORD_1368;PROD_8;2;5
ORD_1368;PROD_13;3;3
ORD_1368;PROD_40;2;5
ORD_1368;PROD_1;9;3
ORD_1368;PROD_6;6;1
ORD_1368;PROD_40;1;1
ORD_1368;PROD_38;2;3
ORD_1368;PROD_32;2;2
ORD_1368;PROD_45;4;5
ORD_1368;PROD_35;5;2
ORD_1369;PROD_15;4;2
ORD_1369;PROD_44;5;3
ORD_1369;PROD_36;6;1
ORD_1369;PROD_1;1;3
ORD_1369;PROD_37;7;3
ORD_1369;PROD_47;3;5
ORD_1369;PROD_22;4;2
ORD_1369;PROD_3;2;2
ORD_1369;PROD_35;2;4
ORD_1369;PROD_10;7;1
ORD_1369;PROD_14;2;2
ORD_1369;PROD_12;7;2
ORD_1369;PROD_37;9;2
ORD_1369;PROD_33;3;5
ORD_1369;PROD_45;4;1
ORD_1370;PROD_11;3;2
ORD_1370;PROD_43;8;4
ORD_1370;PROD_15;4;3
ORD_1370;PROD_22;3;4
ORD_1370;PROD_15;3;1
ORD_1370;PROD_44;2;3
ORD_1370;PROD_36;2;2
ORD_1371;PROD_12;5;2
ORD_1371;PROD_50;2;4
ORD_1371;PROD_7;8;4
ORD_1371;PROD_11;1;2
ORD_1371;PROD_36;2;1
ORD_1372;PROD_4;8;3
ORD_1372;PROD_38;1;2
ORD_1372;PROD_45;7;3
ORD_1372;PROD_35;9;2
ORD_1372;PROD_24;8;3
ORD_1372;PROD_27;7;4
ORD_1373;PROD_23;6;4
ORD_1373;PROD_4;2;2
ORD_1373;PROD_33;8;3
ORD_1373;PROD_50;6;5
ORD_1373;PROD_24;7;5
ORD_1373;PROD_41;6;3
ORD_1373;PROD_13;9;4
ORD_1373;PROD_32;5;3
ORD_1373;PROD_15;3;4
ORD_1373;PROD_5;9;4
ORD_1373;PROD_32;2;2
ORD_1373;PROD_33;3;4
ORD_1373;PROD_3;2;3
ORD_1374;PROD_48;3;2
ORD_1374;PROD_40;9;3
ORD_1374;PROD_15;6;5
ORD_1374;PROD_31;4;1
ORD_1374;PROD_3;1;4
ORD_1374;PROD_41;8;2
ORD_1374;PROD_1;8;3
ORD_1374;PROD_48;9;5
ORD_1374;PROD_7;3;4
ORD_1374;PROD_28;5;5
ORD_1374;PROD_45;3;5
ORD_1375;PROD_15;4;5
ORD_1375;PROD_44;8;1
ORD_1375;PROD_36;9;1
ORD_1375;PROD_1;2;3
ORD_1375;PROD_19;5;3
ORD_1375;PROD_25;1;3
ORD_1375;PROD_32;4;2
ORD_1376;PROD_28;3;3
ORD_1376;PROD_41;9;1
ORD_1376;PROD_29;4;3
ORD_1376;PROD_20;4;3
ORD_1376;PROD_36;1;2
ORD_1376;PROD_35;9;1
ORD_1377;PROD_34;8;3
ORD_1377;PROD_49;9;3
ORD_1377;PROD_13;9;3
ORD_1377;PROD_49;3;1
ORD_1377;PROD_1;4;2
ORD_1377;PROD_13;5;1
ORD_1377;PROD_33;1;4
ORD_1377;PROD_6;6;5
ORD_1377;PROD_18;1;3
ORD_1377;PROD_47;1;3
ORD_1377;PROD_50;1;2
ORD_1378;PROD_3;7;2
ORD_1378;PROD_21;5;2
ORD_1378;PROD_12;4;1
ORD_1378;PROD_16;9;4
ORD_1378;PROD_31;4;4
ORD_1378;PROD_12;6;2
ORD_1378;PROD_50;4;5
ORD_1378;PROD_7;4;5
ORD_1378;PROD_11;9;5
ORD_1378;PROD_32;4;1
ORD_1378;PROD_45;5;5
ORD_1378;PROD_5;7;1
ORD_1378;PROD_21;8;4
ORD_1379;PROD_36;3;2
ORD_1379;PROD_33;8;4
ORD_1379;PROD_40;1;2
ORD_1379;PROD_4;9;4
ORD_1379;PROD_26;5;5
ORD_1379;PROD_13;2;3
ORD_1379;PROD_1;2;3
ORD_1380;PROD_31;5;3
ORD_1380;PROD_16;3;2
ORD_1380;PROD_43;4;5
ORD_1380;PROD_7;6;2
ORD_1380;PROD_31;2;3
ORD_1380;PROD_47;7;3
ORD_1380;PROD_39;7;4
ORD_1380;PROD_37;5;2
ORD_1380;PROD_24;6;1
ORD_1380;PROD_35;1;1
ORD_1380;PROD_3;1;4
ORD_1380;PROD_2;4;2
ORD_1380;PROD_37;6;1
ORD_1380;PROD_41;6;2
ORD_1381;PROD_15;6;1
ORD_1381;PROD_44;7;5
ORD_1381;PROD_36;9;4
ORD_1381;PROD_1;6;2
ORD_1381;PROD_39;8;5
ORD_1381;PROD_37;7;5
ORD_1381;PROD_31;7;1
ORD_1381;PROD_42;9;4
ORD_1381;PROD_34;3;4
ORD_1381;PROD_34;7;3
ORD_1381;PROD_13;1;4
ORD_1381;PROD_38;2;1
ORD_1381;PROD_27;1;2
ORD_1381;PROD_22;8;3
ORD_1381;PROD_12;7;2
ORD_1382;PROD_39;5;3
ORD_1382;PROD_23;9;3
ORD_1382;PROD_14;5;5
ORD_1382;PROD_50;8;1
ORD_1382;PROD_30;2;1
ORD_1382;PROD_27;7;4
ORD_1382;PROD_43;5;2
ORD_1382;PROD_10;4;1
ORD_1382;PROD_21;9;1
ORD_1382;PROD_15;1;1
ORD_1382;PROD_42;3;5
ORD_1382;PROD_38;5;4
ORD_1382;PROD_31;4;4
ORD_1382;PROD_31;6;5
ORD_1383;PROD_12;4;4
ORD_1383;PROD_50;4;5
ORD_1383;PROD_7;9;1
ORD_1383;PROD_11;8;2
ORD_1383;PROD_3;3;3
ORD_1383;PROD_21;3;1
ORD_1383;PROD_12;5;2
ORD_1383;PROD_16;1;4
ORD_1383;PROD_31;6;2
ORD_1383;PROD_31;3;3
ORD_1383;PROD_18;5;5
ORD_1383;PROD_6;8;5
ORD_1383;PROD_17;6;2
ORD_1383;PROD_48;6;3
ORD_1383;PROD_3;9;4
ORD_1384;PROD_12;4;1
ORD_1384;PROD_50;6;4
ORD_1384;PROD_7;5;4
ORD_1384;PROD_11;3;3
ORD_1384;PROD_33;7;3
ORD_1384;PROD_38;1;4
ORD_1385;PROD_36;7;5
ORD_1385;PROD_33;1;4
ORD_1385;PROD_33;9;3
ORD_1385;PROD_38;2;2
ORD_1385;PROD_49;1;4
ORD_1385;PROD_19;3;5
ORD_1385;PROD_15;2;2
ORD_1385;PROD_44;4;5
ORD_1385;PROD_19;2;2
ORD_1385;PROD_24;1;3
ORD_1385;PROD_37;4;3
ORD_1385;PROD_43;4;2
ORD_1385;PROD_23;5;1
ORD_1386;PROD_16;6;4
ORD_1386;PROD_16;3;1
ORD_1386;PROD_38;9;4
ORD_1386;PROD_15;8;4
ORD_1386;PROD_10;8;4
ORD_1386;PROD_43;6;2
ORD_1386;PROD_43;3;2
ORD_1386;PROD_15;8;5
ORD_1387;PROD_48;8;1
ORD_1387;PROD_36;7;1
ORD_1387;PROD_32;8;3
ORD_1387;PROD_9;5;1
ORD_1387;PROD_36;1;4
ORD_1387;PROD_2;4;4
ORD_1387;PROD_21;6;3
ORD_1387;PROD_15;4;5
ORD_1387;PROD_50;4;3
ORD_1387;PROD_9;4;5
ORD_1387;PROD_13;2;3
ORD_1387;PROD_22;8;4
ORD_1387;PROD_42;7;1
ORD_1387;PROD_22;9;4
ORD_1387;PROD_25;4;1
ORD_1388;PROD_3;8;4
ORD_1388;PROD_21;6;3
ORD_1388;PROD_12;6;2
ORD_1388;PROD_16;8;4
ORD_1388;PROD_31;7;4
ORD_1388;PROD_23;5;5
ORD_1388;PROD_26;9;5
ORD_1388;PROD_8;9;2
ORD_1388;PROD_23;6;1
ORD_1388;PROD_5;5;4
ORD_1388;PROD_36;6;2
ORD_1388;PROD_46;5;1
ORD_1388;PROD_30;1;2
ORD_1389;PROD_8;6;4
ORD_1389;PROD_8;8;4
ORD_1389;PROD_17;5;5
ORD_1389;PROD_17;9;4
ORD_1389;PROD_28;3;2
ORD_1389;PROD_42;4;4
ORD_1389;PROD_8;1;2
ORD_1389;PROD_19;7;1
ORD_1389;PROD_42;6;5
ORD_1389;PROD_37;2;2
ORD_1389;PROD_5;5;1
ORD_1389;PROD_12;7;1
ORD_1389;PROD_12;4;5
ORD_1389;PROD_34;2;2
ORD_1390;PROD_36;9;2
ORD_1390;PROD_33;8;1
ORD_1390;PROD_3;2;2
ORD_1390;PROD_21;3;3
ORD_1390;PROD_12;1;3
ORD_1390;PROD_16;4;4
ORD_1390;PROD_31;7;4
ORD_1390;PROD_24;4;5
ORD_1390;PROD_37;9;5
ORD_1390;PROD_47;3;4
ORD_1390;PROD_23;3;2
ORD_1390;PROD_27;4;4
ORD_1391;PROD_38;4;1
ORD_1391;PROD_3;9;1
ORD_1391;PROD_16;4;1
ORD_1391;PROD_39;7;2
ORD_1391;PROD_6;8;3
ORD_1391;PROD_44;2;4
ORD_1392;PROD_11;6;5
ORD_1392;PROD_43;3;4
ORD_1392;PROD_15;3;2
ORD_1392;PROD_22;5;5
ORD_1392;PROD_12;1;1
ORD_1392;PROD_50;6;1
ORD_1392;PROD_7;1;4
ORD_1392;PROD_11;8;1
ORD_1392;PROD_20;8;1
ORD_1393;PROD_47;9;5
ORD_1393;PROD_14;6;3
ORD_1393;PROD_39;9;1
ORD_1393;PROD_50;9;3
ORD_1393;PROD_16;9;2
ORD_1393;PROD_38;4;1
ORD_1393;PROD_16;4;5
ORD_1393;PROD_16;4;1
ORD_1393;PROD_13;2;3
ORD_1394;PROD_12;1;4
ORD_1394;PROD_50;6;5
ORD_1394;PROD_7;2;1
ORD_1394;PROD_11;1;4
ORD_1394;PROD_11;1;5
ORD_1394;PROD_43;6;4
ORD_1394;PROD_11;5;3
ORD_1394;PROD_43;1;4
ORD_1394;PROD_26;9;5
ORD_1394;PROD_49;2;5
ORD_1394;PROD_26;4;5
ORD_1394;PROD_10;8;5
ORD_1394;PROD_38;2;3
ORD_1394;PROD_10;8;4
ORD_1394;PROD_46;5;2
ORD_1395;PROD_4;9;1
ORD_1395;PROD_46;5;2
ORD_1395;PROD_22;5;4
ORD_1395;PROD_7;4;4
ORD_1395;PROD_20;5;5
ORD_1395;PROD_7;7;3
ORD_1395;PROD_8;1;2
ORD_1395;PROD_3;7;2
ORD_1395;PROD_18;5;2
ORD_1395;PROD_18;7;4
ORD_1395;PROD_4;1;4
ORD_1396;PROD_36;8;2
ORD_1396;PROD_33;8;2
ORD_1396;PROD_18;9;1
ORD_1396;PROD_8;1;3
ORD_1396;PROD_23;1;5
ORD_1396;PROD_38;8;2
ORD_1396;PROD_50;7;1
ORD_1396;PROD_50;8;4
ORD_1396;PROD_12;5;1
ORD_1396;PROD_4;9;3
ORD_1396;PROD_26;9;5
ORD_1396;PROD_43;5;2
ORD_1396;PROD_19;9;1
ORD_1396;PROD_2;1;3
ORD_1397;PROD_11;1;2
ORD_1397;PROD_43;8;3
ORD_1397;PROD_11;8;1
ORD_1397;PROD_43;7;4
ORD_1397;PROD_3;7;3
ORD_1397;PROD_21;8;1
ORD_1397;PROD_12;8;2
ORD_1397;PROD_16;4;3
ORD_1397;PROD_31;8;3
ORD_1397;PROD_48;6;3
ORD_1397;PROD_27;1;2
ORD_1397;PROD_3;4;2
ORD_1397;PROD_47;4;1
ORD_1397;PROD_24;1;4
ORD_1397;PROD_47;1;4
ORD_1398;PROD_33;6;3
ORD_1398;PROD_38;1;1
ORD_1398;PROD_49;8;1
ORD_1398;PROD_19;4;2
ORD_1398;PROD_15;6;2
ORD_1398;PROD_33;8;3
ORD_1398;PROD_38;7;1
ORD_1398;PROD_49;8;1
ORD_1398;PROD_19;9;2
ORD_1398;PROD_15;3;5
ORD_1398;PROD_15;5;5
ORD_1398;PROD_44;4;5
ORD_1398;PROD_36;7;1
ORD_1398;PROD_1;8;5
ORD_1399;PROD_5;8;3
ORD_1399;PROD_16;4;3
ORD_1399;PROD_25;3;4
ORD_1399;PROD_39;2;5
ORD_1399;PROD_8;1;2
ORD_1399;PROD_40;7;2
ORD_1399;PROD_23;6;4
ORD_1399;PROD_7;6;5
ORD_1399;PROD_50;2;4
ORD_1399;PROD_10;4;1
ORD_1399;PROD_27;5;1
ORD_1399;PROD_6;6;4
ORD_1399;PROD_9;5;3
ORD_1399;PROD_10;7;2
ORD_1399;PROD_32;9;2
ORD_1400;PROD_33;8;3
ORD_1400;PROD_38;3;4
ORD_1400;PROD_49;4;2
ORD_1400;PROD_19;1;5
ORD_1400;PROD_15;1;5
ORD_1400;PROD_43;2;3
ORD_1400;PROD_44;4;3
ORD_1400;PROD_8;4;5
ORD_1401;PROD_35;8;3
ORD_1401;PROD_27;8;2
ORD_1401;PROD_27;7;4
ORD_1401;PROD_15;7;4
ORD_1401;PROD_40;4;2
ORD_1401;PROD_20;8;4
ORD_1401;PROD_24;4;4
ORD_1401;PROD_30;1;5
ORD_1401;PROD_38;8;4
ORD_1401;PROD_17;5;5
ORD_1401;PROD_2;1;5
ORD_1402;PROD_21;5;1
ORD_1402;PROD_36;7;1
ORD_1402;PROD_32;6;1
ORD_1402;PROD_19;9;5
ORD_1402;PROD_46;4;4
ORD_1402;PROD_16;3;5
ORD_1402;PROD_21;4;3
ORD_1402;PROD_16;3;2
ORD_1402;PROD_45;2;1
ORD_1402;PROD_18;5;2
ORD_1402;PROD_13;8;2
ORD_1402;PROD_39;1;2
ORD_1402;PROD_47;4;2
ORD_1403;PROD_23;8;2
ORD_1403;PROD_6;5;4
ORD_1403;PROD_16;6;1
ORD_1403;PROD_45;8;5
ORD_1403;PROD_19;2;5
ORD_1403;PROD_31;9;3
ORD_1404;PROD_11;8;2
ORD_1404;PROD_43;7;4
ORD_1404;PROD_50;8;1
ORD_1404;PROD_1;6;2
ORD_1404;PROD_39;6;1
ORD_1404;PROD_33;8;2
ORD_1404;PROD_20;1;4
ORD_1404;PROD_37;1;3
ORD_1405;PROD_3;3;2
ORD_1405;PROD_21;2;2
ORD_1405;PROD_12;6;3
ORD_1405;PROD_16;9;4
ORD_1405;PROD_31;5;2
ORD_1405;PROD_15;3;3
ORD_1406;PROD_40;9;2
ORD_1406;PROD_13;5;1
ORD_1406;PROD_27;3;3
ORD_1406;PROD_35;3;1
ORD_1406;PROD_21;1;5
ORD_1406;PROD_32;7;4
ORD_1406;PROD_21;3;4
ORD_1406;PROD_22;3;3
ORD_1406;PROD_33;6;5
ORD_1406;PROD_15;6;3
ORD_1406;PROD_30;1;1
ORD_1406;PROD_26;4;3
ORD_1406;PROD_45;7;4
ORD_1406;PROD_5;9;2
ORD_1407;PROD_15;3;2
ORD_1407;PROD_44;9;1
ORD_1407;PROD_36;1;4
ORD_1407;PROD_1;7;1
ORD_1407;PROD_16;3;1
ORD_1407;PROD_24;5;4
ORD_1407;PROD_37;6;1
ORD_1407;PROD_19;8;3
ORD_1407;PROD_25;7;1
ORD_1407;PROD_44;6;2
ORD_1407;PROD_50;9;2
ORD_1407;PROD_47;4;3
ORD_1407;PROD_14;1;5
ORD_1407;PROD_32;2;5
ORD_1408;PROD_33;2;1
ORD_1408;PROD_38;6;2
ORD_1408;PROD_49;4;1
ORD_1408;PROD_19;3;2
ORD_1408;PROD_15;7;4
ORD_1408;PROD_12;5;3
ORD_1408;PROD_50;3;4
ORD_1408;PROD_7;3;1
ORD_1408;PROD_11;2;4
ORD_1409;PROD_36;4;2
ORD_1409;PROD_33;1;1
ORD_1409;PROD_15;9;1
ORD_1409;PROD_44;2;2
ORD_1409;PROD_36;2;3
ORD_1410;PROD_15;4;1
ORD_1410;PROD_44;1;2
ORD_1410;PROD_36;9;3
ORD_1410;PROD_1;7;5
ORD_1410;PROD_12;8;4
ORD_1410;PROD_50;1;5
ORD_1410;PROD_7;4;4
ORD_1410;PROD_11;4;1
ORD_1410;PROD_12;2;5
ORD_1410;PROD_50;8;1
ORD_1410;PROD_7;6;2
ORD_1410;PROD_11;8;4
ORD_1410;PROD_17;7;2
ORD_1410;PROD_13;3;1
ORD_1411;PROD_11;3;4
ORD_1411;PROD_43;6;4
ORD_1411;PROD_3;8;1
ORD_1411;PROD_21;6;1
ORD_1411;PROD_12;9;3
ORD_1411;PROD_16;6;3
ORD_1411;PROD_31;9;5
ORD_1411;PROD_18;4;3
ORD_1411;PROD_43;8;1
ORD_1412;PROD_33;1;2
ORD_1412;PROD_38;9;2
ORD_1412;PROD_49;2;5
ORD_1412;PROD_19;4;4
ORD_1412;PROD_15;2;1
ORD_1413;PROD_16;6;1
ORD_1413;PROD_18;4;1
ORD_1413;PROD_4;4;3
ORD_1413;PROD_21;7;3
ORD_1413;PROD_15;2;5
ORD_1413;PROD_11;5;4
ORD_1413;PROD_17;7;5
ORD_1413;PROD_10;7;3
ORD_1413;PROD_32;6;3
ORD_1413;PROD_34;4;5
ORD_1413;PROD_1;8;3
ORD_1413;PROD_8;3;4
ORD_1414;PROD_23;3;5
ORD_1414;PROD_48;3;5
ORD_1414;PROD_22;5;4
ORD_1414;PROD_4;3;5
ORD_1414;PROD_21;9;1
ORD_1414;PROD_24;1;3
ORD_1414;PROD_9;9;4
ORD_1414;PROD_4;8;4
ORD_1415;PROD_36;3;4
ORD_1415;PROD_33;4;1
ORD_1415;PROD_43;2;3
ORD_1415;PROD_26;2;4
ORD_1415;PROD_45;6;1
ORD_1415;PROD_49;4;4
ORD_1415;PROD_27;5;3
ORD_1415;PROD_29;5;5
ORD_1415;PROD_7;5;4
ORD_1416;PROD_33;9;1
ORD_1416;PROD_4;4;2
ORD_1416;PROD_5;8;5
ORD_1416;PROD_49;8;1
ORD_1416;PROD_23;3;5
ORD_1416;PROD_43;6;5
ORD_1416;PROD_50;9;4
ORD_1416;PROD_47;6;3
ORD_1416;PROD_1;3;2
ORD_1416;PROD_17;3;5
ORD_1416;PROD_24;1;3
ORD_1416;PROD_21;5;5
ORD_1416;PROD_32;2;2
ORD_1416;PROD_32;5;3
ORD_1417;PROD_15;1;2
ORD_1417;PROD_22;8;5
ORD_1417;PROD_15;3;2
ORD_1417;PROD_22;9;5
ORD_1417;PROD_13;8;2
ORD_1417;PROD_5;2;3
ORD_1417;PROD_38;8;3
ORD_1417;PROD_29;3;3
ORD_1417;PROD_40;8;1
ORD_1417;PROD_16;9;2
ORD_1417;PROD_25;9;4
ORD_1418;PROD_36;4;5
ORD_1418;PROD_33;6;4
ORD_1418;PROD_16;3;3
ORD_1418;PROD_37;5;3
ORD_1418;PROD_22;9;3
ORD_1418;PROD_42;3;4
ORD_1418;PROD_18;2;5
ORD_1418;PROD_19;6;3
ORD_1418;PROD_21;4;3
ORD_1418;PROD_13;9;4
ORD_1419;PROD_12;9;4
ORD_1419;PROD_13;5;4
ORD_1419;PROD_43;6;5
ORD_1419;PROD_47;6;5
ORD_1419;PROD_38;7;5
ORD_1419;PROD_32;9;1
ORD_1419;PROD_26;1;4
ORD_1419;PROD_19;3;2
ORD_1419;PROD_6;5;4
ORD_1419;PROD_12;5;2
ORD_1419;PROD_50;2;1
ORD_1419;PROD_1;9;5
ORD_1419;PROD_49;7;5
ORD_1419;PROD_2;2;4
ORD_1420;PROD_15;6;2
ORD_1420;PROD_44;6;2
ORD_1420;PROD_36;6;2
ORD_1420;PROD_1;6;4
ORD_1420;PROD_3;7;3
ORD_1420;PROD_21;9;3
ORD_1420;PROD_12;8;2
ORD_1420;PROD_16;5;2
ORD_1420;PROD_31;1;2
ORD_1420;PROD_13;8;1
ORD_1420;PROD_13;2;3
ORD_1421;PROD_34;4;1
ORD_1421;PROD_19;7;2
ORD_1421;PROD_48;6;3
ORD_1421;PROD_4;7;1
ORD_1421;PROD_38;7;2
ORD_1422;PROD_3;9;1
ORD_1422;PROD_26;1;3
ORD_1422;PROD_10;7;1
ORD_1422;PROD_16;3;2
ORD_1422;PROD_32;2;2
ORD_1422;PROD_9;4;3
ORD_1422;PROD_32;1;4
ORD_1422;PROD_6;6;4
ORD_1423;PROD_25;1;2
ORD_1423;PROD_28;5;3
ORD_1423;PROD_30;3;1
ORD_1423;PROD_27;1;5
ORD_1423;PROD_22;1;2
ORD_1423;PROD_47;7;1
ORD_1423;PROD_8;1;5
ORD_1424;PROD_15;2;3
ORD_1424;PROD_44;8;5
ORD_1424;PROD_36;4;1
ORD_1424;PROD_1;2;1
ORD_1424;PROD_33;5;3
ORD_1424;PROD_38;6;4
ORD_1424;PROD_49;5;1
ORD_1424;PROD_19;5;2
ORD_1424;PROD_15;6;1
ORD_1425;PROD_3;7;1
ORD_1425;PROD_18;5;3
ORD_1425;PROD_20;2;5
ORD_1425;PROD_8;6;5
ORD_1425;PROD_20;8;3
ORD_1425;PROD_46;4;4
ORD_1425;PROD_49;6;5
ORD_1425;PROD_21;9;3
ORD_1425;PROD_35;7;3
ORD_1426;PROD_15;4;4
ORD_1426;PROD_44;8;4
ORD_1426;PROD_36;1;1
ORD_1426;PROD_1;9;4
ORD_1426;PROD_15;6;3
ORD_1426;PROD_22;7;1
ORD_1426;PROD_29;6;1
ORD_1427;PROD_47;7;4
ORD_1427;PROD_28;7;1
ORD_1427;PROD_31;1;1
ORD_1427;PROD_27;4;2
ORD_1427;PROD_46;4;1
ORD_1427;PROD_46;2;5
ORD_1427;PROD_39;1;2
ORD_1427;PROD_50;6;1
ORD_1427;PROD_42;8;1
ORD_1427;PROD_19;4;4
ORD_1427;PROD_2;5;1
ORD_1427;PROD_42;5;2
ORD_1428;PROD_33;1;5
ORD_1428;PROD_38;3;2
ORD_1428;PROD_49;9;5
ORD_1428;PROD_19;7;1
ORD_1428;PROD_15;7;4
ORD_1428;PROD_33;2;5
ORD_1428;PROD_38;6;1
ORD_1429;PROD_27;6;3
ORD_1429;PROD_30;8;3
ORD_1429;PROD_38;5;5
ORD_1429;PROD_38;3;1
ORD_1429;PROD_11;1;4
ORD_1429;PROD_8;2;1
ORD_1429;PROD_37;2;5
ORD_1429;PROD_32;4;5
ORD_1429;PROD_33;6;2
ORD_1429;PROD_3;9;5
ORD_1429;PROD_20;3;5
ORD_1430;PROD_11;3;5
ORD_1430;PROD_28;3;3
ORD_1430;PROD_14;5;3
ORD_1430;PROD_45;6;1
ORD_1430;PROD_43;6;2
ORD_1430;PROD_3;6;4
ORD_1430;PROD_12;6;3
ORD_1431;PROD_15;1;2
ORD_1431;PROD_22;7;5
ORD_1431;PROD_36;2;3
ORD_1431;PROD_33;1;4
ORD_1431;PROD_15;1;2
ORD_1431;PROD_22;5;5
ORD_1431;PROD_23;5;3
ORD_1431;PROD_23;3;5
ORD_1431;PROD_41;6;1
ORD_1431;PROD_17;1;2
ORD_1431;PROD_27;9;2
ORD_1432;PROD_15;8;5
ORD_1432;PROD_44;9;1
ORD_1432;PROD_36;7;3
ORD_1432;PROD_1;8;5
ORD_1432;PROD_12;5;2
ORD_1432;PROD_50;8;1
ORD_1432;PROD_7;9;5
ORD_1432;PROD_11;9;4
ORD_1432;PROD_25;4;1
ORD_1432;PROD_7;4;1
ORD_1432;PROD_22;6;4
ORD_1432;PROD_28;8;4
ORD_1433;PROD_18;7;5
ORD_1433;PROD_49;8;5
ORD_1433;PROD_19;9;2
ORD_1433;PROD_22;3;1
ORD_1433;PROD_24;1;2
ORD_1433;PROD_16;8;2
ORD_1433;PROD_15;6;1
ORD_1433;PROD_12;2;4
ORD_1433;PROD_3;9;1
ORD_1433;PROD_13;4;5
ORD_1433;PROD_13;6;1
ORD_1433;PROD_11;9;3
ORD_1434;PROD_12;3;4
ORD_1434;PROD_50;5;5
ORD_1434;PROD_7;4;4
ORD_1434;PROD_11;7;1
ORD_1434;PROD_15;7;2
ORD_1434;PROD_44;9;3
ORD_1434;PROD_36;8;4
ORD_1434;PROD_1;7;1
ORD_1434;PROD_33;9;1
ORD_1434;PROD_38;1;3
ORD_1434;PROD_49;6;2
ORD_1434;PROD_19;5;1
ORD_1434;PROD_15;2;3
ORD_1435;PROD_36;2;3
ORD_1435;PROD_33;5;1
ORD_1435;PROD_43;3;2
ORD_1435;PROD_13;9;4
ORD_1435;PROD_10;5;4
ORD_1435;PROD_35;4;1
ORD_1435;PROD_29;2;5
ORD_1435;PROD_18;1;1
ORD_1435;PROD_10;5;2
ORD_1435;PROD_41;7;4
ORD_1435;PROD_4;2;5
ORD_1435;PROD_10;8;4
ORD_1435;PROD_46;4;2
ORD_1435;PROD_31;8;2
ORD_1436;PROD_48;5;3
ORD_1436;PROD_28;3;1
ORD_1436;PROD_18;9;1
ORD_1436;PROD_35;8;2
ORD_1436;PROD_29;9;2
ORD_1436;PROD_30;7;4
ORD_1436;PROD_24;9;1
ORD_1436;PROD_36;1;1
ORD_1436;PROD_6;8;3
ORD_1436;PROD_23;2;1
ORD_1437;PROD_36;6;2
ORD_1437;PROD_33;5;3
ORD_1437;PROD_15;3;3
ORD_1437;PROD_44;8;4
ORD_1437;PROD_36;1;2
ORD_1437;PROD_1;4;2
ORD_1437;PROD_33;5;2
ORD_1437;PROD_38;6;4
ORD_1437;PROD_49;9;4
ORD_1437;PROD_19;1;2
ORD_1437;PROD_15;1;4
ORD_1438;PROD_15;4;5
ORD_1438;PROD_44;3;4
ORD_1438;PROD_36;5;4
ORD_1438;PROD_1;6;2
ORD_1438;PROD_3;3;4
ORD_1438;PROD_21;4;3
ORD_1438;PROD_12;9;2
ORD_1438;PROD_16;7;5
ORD_1438;PROD_31;9;1
ORD_1438;PROD_33;2;4
ORD_1438;PROD_38;1;5
ORD_1438;PROD_49;8;3
ORD_1438;PROD_19;7;2
ORD_1438;PROD_15;6;2
ORD_1439;PROD_15;6;4
ORD_1439;PROD_44;4;2
ORD_1439;PROD_36;3;1
ORD_1439;PROD_1;2;2
ORD_1439;PROD_15;1;4
ORD_1439;PROD_44;1;3
ORD_1439;PROD_36;1;3
ORD_1439;PROD_1;6;5
ORD_1439;PROD_33;8;3
ORD_1439;PROD_38;5;4
ORD_1439;PROD_49;5;1
ORD_1440;PROD_21;6;3
ORD_1440;PROD_49;6;5
ORD_1440;PROD_50;9;1
ORD_1440;PROD_10;3;1
ORD_1440;PROD_5;4;3
ORD_1440;PROD_20;2;4
ORD_1440;PROD_21;6;1
ORD_1440;PROD_27;3;5
ORD_1440;PROD_45;1;1
ORD_1440;PROD_8;3;4
ORD_1440;PROD_37;6;1
ORD_1440;PROD_29;1;5
ORD_1440;PROD_45;9;4
ORD_1440;PROD_47;8;1
ORD_1441;PROD_36;7;1
ORD_1441;PROD_33;5;2
ORD_1441;PROD_25;4;3
ORD_1441;PROD_38;8;1
ORD_1441;PROD_34;2;2
ORD_1442;PROD_3;5;3
ORD_1442;PROD_21;6;1
ORD_1442;PROD_12;9;4
ORD_1442;PROD_16;6;4
ORD_1442;PROD_31;6;1
ORD_1442;PROD_36;6;1
ORD_1442;PROD_33;8;5
ORD_1443;PROD_47;1;4
ORD_1443;PROD_13;4;5
ORD_1443;PROD_1;2;5
ORD_1443;PROD_12;7;5
ORD_1443;PROD_13;2;3
ORD_1443;PROD_1;8;2
ORD_1443;PROD_22;2;4
ORD_1443;PROD_27;5;1
ORD_1443;PROD_29;9;5
ORD_1443;PROD_47;5;3
ORD_1443;PROD_22;1;1
ORD_1443;PROD_45;6;5
ORD_1444;PROD_2;4;1
ORD_1444;PROD_19;7;4
ORD_1444;PROD_10;3;2
ORD_1444;PROD_11;4;3
ORD_1444;PROD_33;5;1
ORD_1444;PROD_39;4;4
ORD_1444;PROD_37;5;4
ORD_1444;PROD_5;6;1
ORD_1444;PROD_7;5;2
ORD_1444;PROD_35;1;3
ORD_1445;PROD_11;1;4
ORD_1445;PROD_43;5;5
ORD_1445;PROD_20;9;1
ORD_1445;PROD_25;7;1
ORD_1445;PROD_19;3;5
ORD_1445;PROD_5;3;1
ORD_1445;PROD_49;2;3
ORD_1445;PROD_45;8;4
ORD_1445;PROD_24;2;4
ORD_1446;PROD_26;4;2
ORD_1446;PROD_19;1;4
ORD_1446;PROD_18;8;1
ORD_1446;PROD_33;5;5
ORD_1446;PROD_31;8;5
ORD_1446;PROD_24;5;2
ORD_1446;PROD_19;1;3
ORD_1447;PROD_5;2;5
ORD_1447;PROD_40;8;1
ORD_1447;PROD_25;6;1
ORD_1447;PROD_42;8;5
ORD_1447;PROD_29;2;2
ORD_1447;PROD_47;5;2
ORD_1447;PROD_48;8;2
ORD_1447;PROD_19;7;4
ORD_1447;PROD_19;9;5
ORD_1447;PROD_41;7;5
ORD_1447;PROD_26;1;4
ORD_1447;PROD_11;8;1
ORD_1448;PROD_8;5;5
ORD_1448;PROD_32;6;3
ORD_1448;PROD_35;8;5
ORD_1448;PROD_44;6;3
ORD_1448;PROD_15;6;4
ORD_1448;PROD_42;8;4
ORD_1448;PROD_29;9;5
ORD_1448;PROD_7;6;2
ORD_1449;PROD_3;3;5
ORD_1449;PROD_21;7;3
ORD_1449;PROD_12;5;1
ORD_1449;PROD_16;1;4
ORD_1449;PROD_31;5;1
ORD_1449;PROD_11;4;1
ORD_1449;PROD_43;1;1
ORD_1449;PROD_11;4;2
ORD_1450;PROD_22;4;4
ORD_1450;PROD_38;2;3
ORD_1450;PROD_5;7;2
ORD_1450;PROD_35;4;3
ORD_1450;PROD_19;9;3
ORD_1450;PROD_43;9;3
ORD_1450;PROD_45;9;1
ORD_1450;PROD_15;8;4
ORD_1450;PROD_4;9;2
ORD_1450;PROD_2;1;3
ORD_1450;PROD_42;7;5
ORD_1450;PROD_36;4;5
ORD_1450;PROD_31;6;5
ORD_1450;PROD_40;1;1
ORD_1450;PROD_42;9;4
ORD_1451;PROD_15;3;3
ORD_1451;PROD_44;3;3
ORD_1451;PROD_36;9;3
ORD_1451;PROD_1;7;2
ORD_1451;PROD_3;1;1
ORD_1452;PROD_33;1;5
ORD_1452;PROD_38;6;5
ORD_1452;PROD_49;5;5
ORD_1452;PROD_19;2;3
ORD_1452;PROD_15;1;2
ORD_1452;PROD_15;2;4
ORD_1452;PROD_22;6;1
ORD_1452;PROD_40;4;1
ORD_1452;PROD_37;6;3
ORD_1452;PROD_25;9;3
ORD_1453;PROD_11;4;1
ORD_1453;PROD_43;6;4
ORD_1453;PROD_3;1;4
ORD_1453;PROD_21;5;1
ORD_1453;PROD_12;8;2
ORD_1453;PROD_16;5;2
ORD_1453;PROD_31;6;5
ORD_1453;PROD_12;1;3
ORD_1453;PROD_50;5;4
ORD_1453;PROD_7;8;1
ORD_1454;PROD_11;6;2
ORD_1454;PROD_43;7;3
ORD_1454;PROD_36;2;2
ORD_1454;PROD_33;4;1
ORD_1454;PROD_15;2;4
ORD_1454;PROD_44;6;1
ORD_1454;PROD_36;1;4
ORD_1454;PROD_1;4;3
ORD_1454;PROD_2;5;3
ORD_1454;PROD_22;3;5
ORD_1454;PROD_4;6;4
ORD_1454;PROD_12;2;4
ORD_1454;PROD_39;8;5
ORD_1454;PROD_48;8;5
ORD_1455;PROD_3;1;2
ORD_1455;PROD_21;2;3
ORD_1455;PROD_12;1;5
ORD_1455;PROD_16;4;4
ORD_1455;PROD_31;1;1
ORD_1455;PROD_12;6;1
ORD_1455;PROD_50;8;1
ORD_1455;PROD_7;1;5
ORD_1455;PROD_11;9;5
ORD_1456;PROD_11;1;1
ORD_1456;PROD_43;2;1
ORD_1456;PROD_15;7;1
ORD_1456;PROD_44;4;5
ORD_1456;PROD_36;6;3
ORD_1456;PROD_1;1;5
ORD_1456;PROD_24;4;1
ORD_1456;PROD_48;5;1
ORD_1456;PROD_17;2;4
ORD_1456;PROD_11;3;1
ORD_1456;PROD_13;3;2
ORD_1457;PROD_3;2;1
ORD_1457;PROD_11;7;1
ORD_1457;PROD_35;8;3
ORD_1457;PROD_13;8;5
ORD_1457;PROD_2;8;5
ORD_1457;PROD_1;6;3
ORD_1457;PROD_21;1;3
ORD_1457;PROD_28;5;3
ORD_1457;PROD_48;7;2
ORD_1457;PROD_15;5;5
ORD_1457;PROD_31;3;4
ORD_1458;PROD_33;8;5
ORD_1458;PROD_38;6;5
ORD_1458;PROD_49;4;1
ORD_1458;PROD_19;5;2
ORD_1458;PROD_15;8;2
ORD_1458;PROD_33;6;4
ORD_1458;PROD_38;5;2
ORD_1458;PROD_49;2;4
ORD_1458;PROD_19;7;4
ORD_1459;PROD_11;1;3
ORD_1459;PROD_43;8;4
ORD_1459;PROD_15;8;3
ORD_1459;PROD_22;4;1
ORD_1459;PROD_15;1;3
ORD_1459;PROD_34;8;4
ORD_1459;PROD_45;5;4
ORD_1459;PROD_27;3;3
ORD_1459;PROD_22;2;2
ORD_1459;PROD_24;1;3
ORD_1459;PROD_42;3;1
ORD_1460;PROD_25;4;4
ORD_1460;PROD_41;2;2
ORD_1460;PROD_22;3;3
ORD_1460;PROD_2;5;5
ORD_1460;PROD_49;5;5
ORD_1460;PROD_10;8;4
ORD_1460;PROD_16;6;1
ORD_1460;PROD_28;3;3
ORD_1460;PROD_35;4;2
ORD_1460;PROD_35;5;1
ORD_1460;PROD_35;1;4
ORD_1461;PROD_41;5;3
ORD_1461;PROD_29;3;5
ORD_1461;PROD_18;9;3
ORD_1461;PROD_34;3;1
ORD_1461;PROD_43;4;4
ORD_1461;PROD_50;9;4
ORD_1461;PROD_43;1;4
ORD_1461;PROD_34;7;1
ORD_1461;PROD_50;2;3
ORD_1462;PROD_18;5;2
ORD_1462;PROD_21;2;1
ORD_1462;PROD_18;7;5
ORD_1462;PROD_12;4;5
ORD_1462;PROD_1;7;1
ORD_1462;PROD_45;7;4
ORD_1462;PROD_33;9;1
ORD_1462;PROD_39;6;3
ORD_1462;PROD_30;1;2
ORD_1462;PROD_33;2;4
ORD_1462;PROD_50;6;4
ORD_1463;PROD_15;3;5
ORD_1463;PROD_44;4;5
ORD_1463;PROD_36;7;4
ORD_1463;PROD_1;2;1
ORD_1463;PROD_15;8;5
ORD_1463;PROD_44;3;4
ORD_1464;PROD_37;1;1
ORD_1464;PROD_20;9;4
ORD_1464;PROD_41;8;2
ORD_1464;PROD_4;1;1
ORD_1464;PROD_43;3;1
ORD_1464;PROD_20;1;5
ORD_1464;PROD_44;2;4
ORD_1464;PROD_42;6;4
ORD_1464;PROD_42;5;1
ORD_1464;PROD_34;1;4
ORD_1465;PROD_2;8;2
ORD_1465;PROD_23;7;3
ORD_1465;PROD_35;6;5
ORD_1465;PROD_43;1;2
ORD_1465;PROD_39;6;1
ORD_1465;PROD_33;1;2
ORD_1465;PROD_34;2;5
ORD_1465;PROD_46;4;4
ORD_1465;PROD_39;3;1
ORD_1465;PROD_25;9;2
ORD_1465;PROD_26;1;4
ORD_1465;PROD_47;5;2
ORD_1465;PROD_18;4;5
ORD_1465;PROD_1;5;2
ORD_1465;PROD_24;4;3
ORD_1466;PROD_35;5;3
ORD_1466;PROD_14;8;5
ORD_1466;PROD_43;6;4
ORD_1466;PROD_34;5;5
ORD_1466;PROD_43;9;4
ORD_1466;PROD_14;3;1
ORD_1467;PROD_22;7;3
ORD_1467;PROD_47;4;4
ORD_1467;PROD_5;5;1
ORD_1467;PROD_47;8;4
ORD_1467;PROD_23;2;2
ORD_1467;PROD_38;3;3
ORD_1467;PROD_23;4;3
ORD_1467;PROD_11;7;5
ORD_1467;PROD_43;2;2
ORD_1468;PROD_25;6;3
ORD_1468;PROD_17;3;2
ORD_1468;PROD_22;6;2
ORD_1468;PROD_25;3;1
ORD_1468;PROD_12;7;4
ORD_1468;PROD_50;5;5
ORD_1468;PROD_8;4;2
ORD_1469;PROD_15;6;1
ORD_1469;PROD_44;4;3
ORD_1469;PROD_36;7;1
ORD_1469;PROD_1;7;2
ORD_1469;PROD_35;6;3
ORD_1469;PROD_36;3;4
ORD_1469;PROD_46;9;4
ORD_1469;PROD_23;9;2
ORD_1469;PROD_42;8;5
ORD_1469;PROD_23;3;1
ORD_1469;PROD_45;7;5
ORD_1469;PROD_49;7;5
ORD_1469;PROD_45;3;2
ORD_1469;PROD_20;3;2
ORD_1470;PROD_22;5;5
ORD_1470;PROD_45;2;1
ORD_1470;PROD_18;3;1
ORD_1470;PROD_47;6;1
ORD_1470;PROD_8;1;5
ORD_1471;PROD_36;4;1
ORD_1471;PROD_33;8;1
ORD_1471;PROD_35;5;4
ORD_1471;PROD_40;3;4
ORD_1471;PROD_39;6;1
ORD_1471;PROD_41;5;4
ORD_1471;PROD_36;1;4
ORD_1471;PROD_43;7;4
ORD_1471;PROD_28;9;5
ORD_1471;PROD_40;4;2
ORD_1471;PROD_12;2;4
ORD_1471;PROD_44;9;5
ORD_1472;PROD_3;8;2
ORD_1472;PROD_21;6;4
ORD_1472;PROD_12;4;4
ORD_1472;PROD_16;6;4
ORD_1472;PROD_31;8;2
ORD_1472;PROD_12;9;5
ORD_1472;PROD_50;4;5
ORD_1472;PROD_7;5;5
ORD_1472;PROD_11;1;2
ORD_1472;PROD_12;7;3
ORD_1472;PROD_50;7;5
ORD_1472;PROD_7;8;1
ORD_1472;PROD_11;3;1
ORD_1472;PROD_36;7;4
ORD_1472;PROD_16;4;3
ORD_1473;PROD_15;8;5
ORD_1473;PROD_44;1;4
ORD_1473;PROD_36;1;5
ORD_1473;PROD_1;2;5
ORD_1473;PROD_11;6;1
ORD_1474;PROD_12;6;5
ORD_1474;PROD_50;5;1
ORD_1474;PROD_7;8;4
ORD_1474;PROD_11;5;3
ORD_1474;PROD_15;8;2
ORD_1475;PROD_5;7;4
ORD_1475;PROD_35;1;3
ORD_1475;PROD_16;9;4
ORD_1475;PROD_26;7;2
ORD_1475;PROD_25;9;5
ORD_1475;PROD_4;6;2
ORD_1475;PROD_23;4;5
ORD_1475;PROD_38;6;1
ORD_1475;PROD_18;3;3
ORD_1475;PROD_25;2;5
ORD_1476;PROD_36;5;5
ORD_1476;PROD_18;8;2
ORD_1476;PROD_31;9;4
ORD_1476;PROD_47;2;2
ORD_1476;PROD_43;4;3
ORD_1476;PROD_6;5;1
ORD_1476;PROD_31;6;3
ORD_1476;PROD_41;2;3
ORD_1476;PROD_19;6;2
ORD_1477;PROD_15;1;4
ORD_1477;PROD_44;2;3
ORD_1477;PROD_36;3;2
ORD_1477;PROD_1;5;3
ORD_1477;PROD_3;2;2
ORD_1477;PROD_13;9;5
ORD_1477;PROD_48;4;2
ORD_1477;PROD_24;6;3
ORD_1477;PROD_25;6;3
ORD_1478;PROD_12;3;3
ORD_1478;PROD_17;5;5
ORD_1478;PROD_15;4;2
ORD_1478;PROD_36;5;2
ORD_1478;PROD_30;2;4
ORD_1478;PROD_38;4;3
ORD_1478;PROD_35;4;1
ORD_1478;PROD_26;6;4
ORD_1478;PROD_22;3;1
ORD_1479;PROD_27;5;2
ORD_1479;PROD_38;4;5
ORD_1479;PROD_33;6;3
ORD_1479;PROD_44;8;1
ORD_1479;PROD_2;7;3
ORD_1479;PROD_26;8;3
ORD_1479;PROD_10;2;5
ORD_1479;PROD_20;3;1
ORD_1479;PROD_15;4;1
ORD_1479;PROD_11;8;1
ORD_1479;PROD_6;3;2
ORD_1479;PROD_46;5;5
ORD_1479;PROD_41;4;2
ORD_1479;PROD_40;3;1
ORD_1479;PROD_25;1;4
ORD_1480;PROD_50;6;4
ORD_1480;PROD_34;8;5
ORD_1480;PROD_37;7;4
ORD_1480;PROD_16;1;2
ORD_1480;PROD_39;2;3
ORD_1481;PROD_11;8;4
ORD_1481;PROD_43;1;4
ORD_1481;PROD_4;7;4
ORD_1481;PROD_41;8;1
ORD_1481;PROD_12;2;2
ORD_1481;PROD_8;7;1
ORD_1481;PROD_25;3;3
ORD_1482;PROD_33;9;3
ORD_1482;PROD_38;8;5
ORD_1482;PROD_49;6;4
ORD_1482;PROD_19;1;5
ORD_1482;PROD_15;2;2
ORD_1483;PROD_20;9;5
ORD_1483;PROD_3;5;2
ORD_1483;PROD_20;2;3
ORD_1483;PROD_26;4;2
ORD_1483;PROD_18;7;2
ORD_1483;PROD_46;1;2
ORD_1483;PROD_1;8;2
ORD_1483;PROD_44;1;3
ORD_1483;PROD_19;2;1
ORD_1483;PROD_28;5;1
ORD_1483;PROD_39;3;5
ORD_1483;PROD_10;7;4
ORD_1483;PROD_12;4;5
ORD_1483;PROD_17;3;3
ORD_1484;PROD_15;9;3
ORD_1484;PROD_22;7;4
ORD_1484;PROD_3;2;4
ORD_1484;PROD_21;4;4
ORD_1484;PROD_12;6;4
ORD_1484;PROD_16;7;4
ORD_1484;PROD_31;3;5
ORD_1484;PROD_12;2;5
ORD_1484;PROD_50;7;1
ORD_1484;PROD_7;5;3
ORD_1484;PROD_11;4;1
ORD_1484;PROD_25;3;2
ORD_1485;PROD_35;3;3
ORD_1485;PROD_17;4;1
ORD_1485;PROD_20;2;5
ORD_1485;PROD_28;3;1
ORD_1485;PROD_8;8;5
ORD_1485;PROD_21;3;1
ORD_1486;PROD_5;6;3
ORD_1486;PROD_33;8;4
ORD_1486;PROD_12;4;2
ORD_1486;PROD_3;1;2
ORD_1486;PROD_41;8;4
ORD_1487;PROD_36;3;2
ORD_1487;PROD_33;8;2
ORD_1487;PROD_19;4;5
ORD_1487;PROD_26;7;5
ORD_1487;PROD_5;3;1
ORD_1488;PROD_36;3;4
ORD_1488;PROD_33;7;3
ORD_1488;PROD_33;9;1
ORD_1488;PROD_38;9;3
ORD_1488;PROD_49;2;2
ORD_1488;PROD_19;1;5
ORD_1489;PROD_36;6;4
ORD_1489;PROD_33;6;3
ORD_1489;PROD_15;5;2
ORD_1489;PROD_44;6;4
ORD_1489;PROD_36;6;3
ORD_1489;PROD_1;9;3
ORD_1489;PROD_11;2;5
ORD_1489;PROD_38;3;3
ORD_1489;PROD_25;5;4
ORD_1489;PROD_50;3;4
ORD_1489;PROD_38;2;4
ORD_1489;PROD_47;5;3
ORD_1489;PROD_31;2;4
ORD_1489;PROD_32;6;2
ORD_1490;PROD_27;1;2
ORD_1490;PROD_35;8;1
ORD_1490;PROD_44;2;5
ORD_1490;PROD_42;7;4
ORD_1490;PROD_10;8;3
ORD_1491;PROD_7;8;1
ORD_1491;PROD_38;5;1
ORD_1491;PROD_47;8;2
ORD_1491;PROD_16;7;5
ORD_1491;PROD_43;8;4
ORD_1491;PROD_37;3;4
ORD_1491;PROD_2;9;3
ORD_1491;PROD_9;1;3
ORD_1491;PROD_39;9;3
ORD_1491;PROD_45;1;3
ORD_1491;PROD_1;8;2
ORD_1491;PROD_40;3;5
ORD_1491;PROD_30;2;1
ORD_1492;PROD_12;8;1
ORD_1492;PROD_50;2;5
ORD_1492;PROD_7;2;3
ORD_1492;PROD_11;2;3
ORD_1492;PROD_33;7;5
ORD_1492;PROD_38;1;4
ORD_1492;PROD_49;2;4
ORD_1492;PROD_19;4;5
ORD_1492;PROD_15;9;2
ORD_1492;PROD_24;6;3
ORD_1493;PROD_15;5;5
ORD_1493;PROD_44;5;5
ORD_1493;PROD_36;2;3
ORD_1493;PROD_1;9;4
ORD_1493;PROD_33;4;3
ORD_1493;PROD_38;4;3
ORD_1493;PROD_49;2;2
ORD_1493;PROD_19;5;3
ORD_1493;PROD_15;7;3
ORD_1493;PROD_15;3;2
ORD_1493;PROD_44;3;3
ORD_1493;PROD_36;2;5
ORD_1493;PROD_1;2;4
ORD_1494;PROD_43;6;5
ORD_1494;PROD_34;2;5
ORD_1494;PROD_16;2;4
ORD_1494;PROD_18;6;4
ORD_1494;PROD_12;3;3
ORD_1494;PROD_10;1;5
ORD_1494;PROD_39;6;5
ORD_1494;PROD_2;7;3
ORD_1494;PROD_48;1;4
ORD_1494;PROD_7;1;3
ORD_1494;PROD_33;2;2
ORD_1494;PROD_49;2;2
ORD_1494;PROD_25;1;3
ORD_1495;PROD_15;5;3
ORD_1495;PROD_44;1;4
ORD_1495;PROD_36;9;1
ORD_1495;PROD_1;2;2
ORD_1495;PROD_37;8;1
ORD_1495;PROD_47;4;2
ORD_1495;PROD_47;8;2
ORD_1495;PROD_23;3;3
ORD_1495;PROD_43;5;5
ORD_1496;PROD_12;5;2
ORD_1496;PROD_50;9;4
ORD_1496;PROD_7;3;2
ORD_1496;PROD_11;9;3
ORD_1496;PROD_3;8;4
ORD_1496;PROD_21;8;4
ORD_1496;PROD_12;1;1
ORD_1496;PROD_16;6;2
ORD_1496;PROD_31;1;2
ORD_1496;PROD_27;2;2
ORD_1496;PROD_33;1;1
ORD_1497;PROD_30;9;5
ORD_1497;PROD_39;2;5
ORD_1497;PROD_50;6;1
ORD_1497;PROD_38;7;3
ORD_1497;PROD_13;2;3
ORD_1497;PROD_7;4;4
ORD_1497;PROD_21;3;4
ORD_1497;PROD_24;8;5
ORD_1497;PROD_32;9;2
ORD_1498;PROD_16;5;1
ORD_1498;PROD_32;9;1
ORD_1498;PROD_41;6;1
ORD_1498;PROD_7;2;1
ORD_1498;PROD_47;2;3
ORD_1499;PROD_14;4;3
ORD_1499;PROD_27;4;4
ORD_1499;PROD_38;9;1
ORD_1499;PROD_15;8;2
ORD_1499;PROD_43;7;4
ORD_1499;PROD_29;5;3
ORD_1500;PROD_33;6;3
ORD_1500;PROD_38;6;3
ORD_1500;PROD_49;3;2
ORD_1500;PROD_19;6;2
ORD_1500;PROD_15;5;4
ORD_1500;PROD_19;9;4
ORD_1500;PROD_36;3;3
ORD_1500;PROD_28;9;3
ORD_1500;PROD_21;1;5
ORD_1501;PROD_12;3;1
ORD_1501;PROD_19;6;4
ORD_1501;PROD_50;9;4
ORD_1501;PROD_45;4;1
ORD_1501;PROD_1;8;5
ORD_1501;PROD_10;7;3
ORD_1501;PROD_28;3;5
ORD_1501;PROD_40;4;2
ORD_1501;PROD_39;4;5
ORD_1501;PROD_46;5;5
ORD_1501;PROD_41;8;5
ORD_1502;PROD_46;9;1
ORD_1502;PROD_49;1;1
ORD_1502;PROD_15;8;1
ORD_1502;PROD_42;9;5
ORD_1502;PROD_43;9;3
ORD_1502;PROD_23;6;5
ORD_1502;PROD_4;6;3
ORD_1503;PROD_6;8;3
ORD_1503;PROD_44;3;4
ORD_1503;PROD_40;4;1
ORD_1503;PROD_8;5;1
ORD_1503;PROD_23;6;2
ORD_1503;PROD_33;1;2
ORD_1503;PROD_47;9;3
ORD_1503;PROD_6;7;1
ORD_1503;PROD_42;9;2
ORD_1503;PROD_12;9;2
ORD_1503;PROD_19;9;2
ORD_1503;PROD_24;3;5
ORD_1504;PROD_11;1;4
ORD_1504;PROD_43;7;1
ORD_1504;PROD_11;2;1
ORD_1504;PROD_43;1;2
ORD_1504;PROD_15;2;5
ORD_1504;PROD_44;5;2
ORD_1504;PROD_36;8;5
ORD_1504;PROD_1;3;4
ORD_1504;PROD_39;7;1
ORD_1504;PROD_5;8;5
ORD_1504;PROD_44;8;3
ORD_1504;PROD_29;8;4
ORD_1505;PROD_33;4;1
ORD_1505;PROD_43;8;5
ORD_1505;PROD_44;6;2
ORD_1505;PROD_27;7;4
ORD_1505;PROD_47;5;1
ORD_1505;PROD_29;7;1
ORD_1505;PROD_37;6;2
ORD_1505;PROD_47;6;1
ORD_1506;PROD_33;7;2
ORD_1506;PROD_38;5;5
ORD_1506;PROD_49;4;5
ORD_1506;PROD_19;6;5
ORD_1506;PROD_15;7;1
ORD_1506;PROD_38;8;5
ORD_1506;PROD_14;2;4
ORD_1506;PROD_20;8;3
ORD_1506;PROD_39;9;4
ORD_1506;PROD_50;5;5
ORD_1506;PROD_25;8;2
ORD_1506;PROD_50;8;5
ORD_1506;PROD_29;3;4
ORD_1506;PROD_9;7;1
ORD_1507;PROD_5;9;2
ORD_1507;PROD_13;6;4
ORD_1507;PROD_15;3;5
ORD_1507;PROD_15;3;4
ORD_1507;PROD_14;4;4
ORD_1507;PROD_43;8;5
ORD_1507;PROD_16;2;3
ORD_1507;PROD_16;5;2
ORD_1507;PROD_19;7;2
ORD_1507;PROD_36;7;5
ORD_1507;PROD_44;9;3
ORD_1507;PROD_23;8;4
ORD_1508;PROD_11;8;2
ORD_1508;PROD_43;2;3
ORD_1508;PROD_45;8;5
ORD_1508;PROD_16;8;4
ORD_1508;PROD_27;8;4
ORD_1508;PROD_21;1;4
ORD_1508;PROD_20;7;5
ORD_1508;PROD_13;9;2
ORD_1508;PROD_25;1;1
ORD_1508;PROD_18;7;2
ORD_1508;PROD_30;7;1
ORD_1508;PROD_46;6;2
ORD_1509;PROD_43;1;1
ORD_1509;PROD_36;7;4
ORD_1509;PROD_31;1;3
ORD_1509;PROD_27;3;1
ORD_1509;PROD_50;6;5
ORD_1509;PROD_22;2;4
ORD_1509;PROD_33;7;2
ORD_1509;PROD_31;3;2
ORD_1509;PROD_4;2;3
ORD_1509;PROD_30;9;4
ORD_1509;PROD_22;3;5
ORD_1510;PROD_16;6;2
ORD_1510;PROD_39;6;5
ORD_1510;PROD_49;8;3
ORD_1510;PROD_31;5;1
ORD_1510;PROD_19;3;1
ORD_1510;PROD_15;4;2
ORD_1510;PROD_22;4;1
ORD_1510;PROD_18;4;2
ORD_1510;PROD_30;2;3
ORD_1510;PROD_25;1;2
ORD_1510;PROD_47;8;3
ORD_1511;PROD_15;2;4
ORD_1511;PROD_44;2;4
ORD_1511;PROD_36;8;2
ORD_1511;PROD_1;1;3
ORD_1511;PROD_15;1;2
ORD_1511;PROD_44;1;2
ORD_1511;PROD_36;2;4
ORD_1511;PROD_1;5;4
ORD_1512;PROD_15;5;1
ORD_1512;PROD_44;1;1
ORD_1512;PROD_36;6;3
ORD_1512;PROD_1;4;4
ORD_1512;PROD_39;1;5
ORD_1512;PROD_9;7;3
ORD_1512;PROD_45;8;3
ORD_1512;PROD_27;2;3
ORD_1512;PROD_1;5;2
ORD_1512;PROD_47;1;4
ORD_1512;PROD_6;6;3
ORD_1512;PROD_22;8;4
ORD_1512;PROD_34;1;4
ORD_1512;PROD_32;5;4
ORD_1512;PROD_12;5;2
ORD_1513;PROD_40;6;2
ORD_1513;PROD_41;9;3
ORD_1513;PROD_37;3;5
ORD_1513;PROD_18;6;2
ORD_1513;PROD_42;8;4
ORD_1513;PROD_47;2;3
ORD_1513;PROD_6;6;4
ORD_1513;PROD_16;7;3
ORD_1513;PROD_32;6;5
ORD_1513;PROD_44;4;1
ORD_1513;PROD_25;2;3
ORD_1513;PROD_37;3;1
ORD_1513;PROD_40;9;3
ORD_1514;PROD_3;3;2
ORD_1514;PROD_21;4;5
ORD_1514;PROD_12;6;3
ORD_1514;PROD_16;6;5
ORD_1514;PROD_31;9;2
ORD_1514;PROD_12;5;4
ORD_1514;PROD_50;9;1
ORD_1514;PROD_7;4;4
ORD_1515;PROD_39;7;1
ORD_1515;PROD_5;6;4
ORD_1515;PROD_21;9;5
ORD_1515;PROD_50;8;4
ORD_1515;PROD_28;6;3
ORD_1515;PROD_37;7;2
ORD_1515;PROD_46;9;5
ORD_1515;PROD_22;2;3
ORD_1515;PROD_26;5;5
ORD_1515;PROD_45;9;3
ORD_1515;PROD_8;1;4
ORD_1515;PROD_4;3;1
ORD_1515;PROD_46;7;3
ORD_1516;PROD_36;8;1
ORD_1516;PROD_33;9;5
ORD_1516;PROD_15;9;3
ORD_1516;PROD_44;8;5
ORD_1516;PROD_36;7;5
ORD_1516;PROD_1;6;1
ORD_1516;PROD_15;1;5
ORD_1517;PROD_33;1;1
ORD_1517;PROD_38;6;2
ORD_1517;PROD_49;1;1
ORD_1517;PROD_19;6;3
ORD_1517;PROD_15;4;2
ORD_1517;PROD_3;4;5
ORD_1517;PROD_21;3;4
ORD_1517;PROD_12;4;2
ORD_1517;PROD_16;1;5
ORD_1517;PROD_31;4;5
ORD_1517;PROD_15;3;3
ORD_1517;PROD_44;5;1
ORD_1517;PROD_36;7;2
ORD_1517;PROD_1;1;4
ORD_1518;PROD_6;6;4
ORD_1518;PROD_14;3;4
ORD_1518;PROD_12;3;3
ORD_1518;PROD_48;3;1
ORD_1518;PROD_8;8;3
ORD_1518;PROD_44;3;5
ORD_1519;PROD_10;4;3
ORD_1519;PROD_26;2;1
ORD_1519;PROD_26;7;5
ORD_1519;PROD_45;6;1
ORD_1519;PROD_49;3;4
ORD_1520;PROD_11;1;2
ORD_1520;PROD_43;2;4
ORD_1520;PROD_27;3;2
ORD_1520;PROD_50;2;1
ORD_1520;PROD_41;7;5
ORD_1520;PROD_19;6;2
ORD_1520;PROD_30;1;2
ORD_1520;PROD_10;4;2
ORD_1520;PROD_40;3;1
ORD_1520;PROD_47;9;4
ORD_1520;PROD_33;9;2
ORD_1520;PROD_5;9;4
ORD_1520;PROD_43;5;2
ORD_1521;PROD_21;8;2
ORD_1521;PROD_2;6;4
ORD_1521;PROD_3;8;1
ORD_1521;PROD_35;4;3
ORD_1521;PROD_26;5;5
ORD_1521;PROD_1;9;5
ORD_1521;PROD_38;6;1
ORD_1521;PROD_46;8;2
ORD_1521;PROD_13;8;4
ORD_1521;PROD_29;5;4
ORD_1521;PROD_2;6;3
ORD_1521;PROD_16;5;5
ORD_1521;PROD_5;2;3
ORD_1521;PROD_23;9;1
ORD_1522;PROD_5;5;4
ORD_1522;PROD_35;8;5
ORD_1522;PROD_22;4;4
ORD_1522;PROD_2;6;1
ORD_1522;PROD_11;6;5
ORD_1522;PROD_17;1;3
ORD_1522;PROD_12;1;5
ORD_1522;PROD_16;3;4
ORD_1522;PROD_4;7;4
ORD_1523;PROD_12;3;4
ORD_1523;PROD_50;3;1
ORD_1523;PROD_7;2;1
ORD_1523;PROD_11;8;2
ORD_1523;PROD_15;9;5
ORD_1523;PROD_22;5;5
ORD_1523;PROD_22;1;1
ORD_1523;PROD_38;1;4
ORD_1523;PROD_7;3;3
ORD_1523;PROD_35;1;2
ORD_1523;PROD_20;8;2
ORD_1523;PROD_35;2;3
ORD_1523;PROD_40;6;3
ORD_1524;PROD_11;4;2
ORD_1524;PROD_43;2;1
ORD_1524;PROD_15;9;3
ORD_1524;PROD_22;4;1
ORD_1524;PROD_27;3;5
ORD_1524;PROD_23;3;4
ORD_1524;PROD_15;3;4
ORD_1524;PROD_6;9;3
ORD_1524;PROD_25;9;1
ORD_1524;PROD_8;5;5
ORD_1524;PROD_8;7;5
ORD_1525;PROD_15;8;4
ORD_1525;PROD_22;9;2
ORD_1525;PROD_3;6;1
ORD_1525;PROD_21;8;5
ORD_1525;PROD_12;2;3
ORD_1525;PROD_16;2;2
ORD_1525;PROD_31;9;1
ORD_1525;PROD_16;4;2
ORD_1525;PROD_42;7;3
ORD_1525;PROD_3;8;2
ORD_1526;PROD_36;4;3
ORD_1526;PROD_33;1;5
ORD_1526;PROD_20;5;1
ORD_1526;PROD_49;8;4
ORD_1526;PROD_38;5;1
ORD_1526;PROD_1;3;1
ORD_1527;PROD_3;8;2
ORD_1527;PROD_21;4;1
ORD_1527;PROD_12;1;5
ORD_1527;PROD_16;6;1
ORD_1527;PROD_31;5;3
ORD_1527;PROD_12;6;4
ORD_1527;PROD_50;7;1
ORD_1527;PROD_7;9;1
ORD_1527;PROD_11;7;4
ORD_1527;PROD_12;4;3
ORD_1527;PROD_50;4;5
ORD_1527;PROD_7;9;2
ORD_1527;PROD_11;2;5
ORD_1528;PROD_33;3;2
ORD_1528;PROD_38;4;1
ORD_1528;PROD_49;6;4
ORD_1528;PROD_19;1;1
ORD_1528;PROD_15;3;2
ORD_1528;PROD_46;1;2
ORD_1528;PROD_4;2;3
ORD_1528;PROD_34;2;4
ORD_1528;PROD_12;7;2
ORD_1528;PROD_8;5;3
ORD_1528;PROD_31;8;5
ORD_1528;PROD_14;1;3
ORD_1529;PROD_33;9;5
ORD_1529;PROD_38;9;2
ORD_1529;PROD_49;2;4
ORD_1529;PROD_19;3;4
ORD_1529;PROD_15;6;4
ORD_1530;PROD_46;6;5
ORD_1530;PROD_36;6;5
ORD_1530;PROD_1;7;3
ORD_1530;PROD_31;1;1
ORD_1530;PROD_7;3;5
ORD_1530;PROD_29;3;2
ORD_1530;PROD_10;2;5
ORD_1530;PROD_46;1;5
ORD_1530;PROD_43;9;4
ORD_1530;PROD_14;2;4
ORD_1530;PROD_23;8;5
ORD_1530;PROD_41;3;4
ORD_1530;PROD_19;4;5
ORD_1531;PROD_33;6;5
ORD_1531;PROD_13;3;5
ORD_1531;PROD_45;5;3
ORD_1531;PROD_40;5;3
ORD_1531;PROD_38;5;5
ORD_1531;PROD_20;1;3
ORD_1532;PROD_15;3;2
ORD_1532;PROD_44;8;2
ORD_1532;PROD_36;6;3
ORD_1532;PROD_1;2;2
ORD_1532;PROD_3;1;2
ORD_1532;PROD_21;3;3
ORD_1532;PROD_12;5;3
ORD_1532;PROD_16;1;1
ORD_1532;PROD_31;9;3
ORD_1533;PROD_8;4;1
ORD_1533;PROD_5;8;3
ORD_1533;PROD_44;6;2
ORD_1533;PROD_20;7;3
ORD_1533;PROD_50;9;4
ORD_1533;PROD_13;2;1
ORD_1533;PROD_37;5;4
ORD_1533;PROD_36;1;1
ORD_1533;PROD_10;5;1
ORD_1533;PROD_33;1;2
ORD_1533;PROD_35;5;3
ORD_1533;PROD_27;7;3
ORD_1533;PROD_18;7;2
ORD_1534;PROD_12;2;5
ORD_1534;PROD_50;8;5
ORD_1534;PROD_7;6;3
ORD_1534;PROD_11;5;5
ORD_1534;PROD_7;4;3
ORD_1534;PROD_49;9;2
ORD_1534;PROD_43;5;4
ORD_1534;PROD_13;1;5
ORD_1535;PROD_3;8;1
ORD_1535;PROD_21;6;5
ORD_1535;PROD_12;5;1
ORD_1535;PROD_16;4;5
ORD_1535;PROD_31;4;1
ORD_1535;PROD_12;4;5
ORD_1535;PROD_50;4;3
ORD_1535;PROD_7;1;3
ORD_1536;PROD_3;6;2
ORD_1536;PROD_21;1;2
ORD_1536;PROD_12;4;3
ORD_1536;PROD_16;8;1
ORD_1536;PROD_31;3;4
ORD_1536;PROD_3;5;3
ORD_1537;PROD_22;3;3
ORD_1537;PROD_12;5;2
ORD_1537;PROD_37;7;4
ORD_1537;PROD_35;7;3
ORD_1537;PROD_46;5;4
ORD_1537;PROD_32;6;1
ORD_1537;PROD_34;2;3
ORD_1537;PROD_36;3;2
ORD_1537;PROD_20;4;4
ORD_1537;PROD_13;2;1
ORD_1537;PROD_33;7;4
ORD_1537;PROD_33;1;5
ORD_1537;PROD_20;6;5
ORD_1537;PROD_24;1;3
ORD_1537;PROD_10;6;4
ORD_1538;PROD_15;4;1
ORD_1538;PROD_22;5;2
ORD_1538;PROD_15;2;1
ORD_1538;PROD_44;9;3
ORD_1538;PROD_36;4;4
ORD_1538;PROD_1;4;5
ORD_1538;PROD_36;3;2
ORD_1538;PROD_33;3;5
ORD_1538;PROD_4;1;3
ORD_1538;PROD_43;6;1
ORD_1538;PROD_30;3;1
ORD_1538;PROD_48;5;1
ORD_1539;PROD_40;6;5
ORD_1539;PROD_49;8;2
ORD_1539;PROD_12;7;3
ORD_1539;PROD_13;5;1
ORD_1539;PROD_41;8;3
ORD_1539;PROD_41;3;1
ORD_1539;PROD_17;1;4
ORD_1539;PROD_43;9;3
ORD_1540;PROD_15;9;3
ORD_1540;PROD_22;7;2
ORD_1540;PROD_15;3;1
ORD_1540;PROD_22;2;3
ORD_1540;PROD_21;1;2
ORD_1540;PROD_23;8;1
ORD_1540;PROD_26;3;2
ORD_1540;PROD_40;4;5
ORD_1540;PROD_30;7;1
ORD_1541;PROD_26;8;5
ORD_1541;PROD_40;3;4
ORD_1541;PROD_44;3;5
ORD_1541;PROD_23;2;3
ORD_1541;PROD_41;8;3
ORD_1541;PROD_30;5;1
ORD_1542;PROD_36;4;1
ORD_1542;PROD_36;2;1
ORD_1542;PROD_1;5;5
ORD_1542;PROD_23;2;3
ORD_1542;PROD_48;5;1
ORD_1542;PROD_20;4;1
ORD_1543;PROD_44;3;2
ORD_1543;PROD_17;1;2
ORD_1543;PROD_8;9;1
ORD_1543;PROD_17;5;5
ORD_1543;PROD_12;7;5
ORD_1543;PROD_24;6;2
ORD_1543;PROD_49;5;2
ORD_1543;PROD_19;9;2
ORD_1543;PROD_24;4;2
ORD_1543;PROD_13;8;4
ORD_1543;PROD_48;9;3
ORD_1543;PROD_38;8;4
ORD_1543;PROD_2;3;5
ORD_1543;PROD_31;1;1
ORD_1543;PROD_20;3;3
ORD_1544;PROD_43;1;4
ORD_1544;PROD_6;8;5
ORD_1544;PROD_21;5;5
ORD_1544;PROD_4;7;1
ORD_1544;PROD_35;5;2
ORD_1544;PROD_20;9;4
ORD_1544;PROD_25;4;2
ORD_1544;PROD_25;4;1
ORD_1544;PROD_26;7;3
ORD_1544;PROD_37;4;2
ORD_1544;PROD_10;3;5
ORD_1544;PROD_22;8;4
ORD_1544;PROD_41;3;5
ORD_1545;PROD_1;1;4
ORD_1545;PROD_6;3;2
ORD_1545;PROD_23;1;5
ORD_1545;PROD_9;4;4
ORD_1545;PROD_25;1;3
ORD_1545;PROD_42;9;3
ORD_1546;PROD_36;9;5
ORD_1546;PROD_33;1;3
ORD_1546;PROD_15;2;4
ORD_1546;PROD_22;8;1
ORD_1546;PROD_22;7;3
ORD_1546;PROD_25;3;1
ORD_1546;PROD_44;8;1
ORD_1546;PROD_28;1;4
ORD_1546;PROD_27;3;3
ORD_1547;PROD_20;7;4
ORD_1547;PROD_35;7;3
ORD_1547;PROD_11;3;1
ORD_1547;PROD_42;3;2
ORD_1547;PROD_36;1;5
ORD_1547;PROD_8;4;1
ORD_1547;PROD_26;1;1
ORD_1547;PROD_41;9;4
ORD_1547;PROD_45;9;1
ORD_1547;PROD_14;5;3
ORD_1547;PROD_39;5;5
ORD_1547;PROD_7;4;3
ORD_1547;PROD_50;2;3
ORD_1547;PROD_35;2;4
ORD_1547;PROD_36;2;1
ORD_1548;PROD_8;2;5
ORD_1548;PROD_10;4;5
ORD_1548;PROD_47;5;1
ORD_1548;PROD_4;2;5
ORD_1548;PROD_13;5;3
ORD_1548;PROD_40;1;4
ORD_1548;PROD_30;5;5
ORD_1548;PROD_17;4;4
ORD_1548;PROD_5;9;3
ORD_1548;PROD_11;8;3
ORD_1548;PROD_45;9;2
ORD_1548;PROD_29;3;3
ORD_1549;PROD_36;1;3
ORD_1549;PROD_33;8;1
ORD_1549;PROD_15;2;3
ORD_1549;PROD_44;3;3
ORD_1549;PROD_36;9;2
ORD_1549;PROD_1;2;5
ORD_1549;PROD_36;2;1
ORD_1549;PROD_33;6;3
ORD_1549;PROD_13;7;4
ORD_1549;PROD_3;1;4
ORD_1549;PROD_17;6;3
ORD_1550;PROD_33;2;4
ORD_1550;PROD_38;2;2
ORD_1550;PROD_49;8;4
ORD_1550;PROD_19;2;4
ORD_1550;PROD_15;8;5
ORD_1550;PROD_33;9;1
ORD_1551;PROD_3;5;5
ORD_1551;PROD_21;6;1
ORD_1551;PROD_12;9;5
ORD_1551;PROD_16;4;1
ORD_1551;PROD_31;7;3
ORD_1551;PROD_48;3;3
ORD_1551;PROD_44;8;3
ORD_1552;PROD_36;2;4
ORD_1552;PROD_33;8;1
ORD_1552;PROD_12;6;2
ORD_1552;PROD_50;6;5
ORD_1552;PROD_7;2;5
ORD_1552;PROD_11;3;2
ORD_1553;PROD_33;5;5
ORD_1553;PROD_38;6;5
ORD_1553;PROD_49;9;5
ORD_1553;PROD_19;5;3
ORD_1553;PROD_15;2;5
ORD_1554;PROD_48;6;5
ORD_1554;PROD_16;1;2
ORD_1554;PROD_1;1;3
ORD_1554;PROD_2;2;5
ORD_1554;PROD_30;4;5
ORD_1554;PROD_1;2;1
ORD_1554;PROD_36;4;3
ORD_1554;PROD_30;4;4
ORD_1554;PROD_48;5;3
ORD_1554;PROD_19;6;2
ORD_1554;PROD_33;5;5
ORD_1555;PROD_42;9;4
ORD_1555;PROD_50;3;1
ORD_1555;PROD_22;6;5
ORD_1555;PROD_24;2;2
ORD_1555;PROD_10;3;3
ORD_1555;PROD_46;4;4
ORD_1555;PROD_11;5;4
ORD_1556;PROD_43;9;2
ORD_1556;PROD_40;7;3
ORD_1556;PROD_27;3;4
ORD_1556;PROD_3;5;1
ORD_1556;PROD_45;8;3
ORD_1556;PROD_20;5;3
ORD_1556;PROD_47;7;3
ORD_1556;PROD_36;7;1
ORD_1556;PROD_39;1;2
ORD_1556;PROD_31;6;1
ORD_1557;PROD_3;5;3
ORD_1557;PROD_21;6;4
ORD_1557;PROD_12;5;2
ORD_1557;PROD_16;8;5
ORD_1557;PROD_31;4;1
ORD_1557;PROD_15;4;3
ORD_1557;PROD_22;1;2
ORD_1557;PROD_34;3;5
ORD_1558;PROD_33;3;4
ORD_1558;PROD_38;6;1
ORD_1558;PROD_49;4;4
ORD_1558;PROD_19;7;3
ORD_1558;PROD_15;5;4
ORD_1558;PROD_6;9;5
ORD_1558;PROD_46;5;5
ORD_1558;PROD_19;4;1
ORD_1558;PROD_17;3;5
ORD_1558;PROD_15;4;4
ORD_1558;PROD_18;5;4
ORD_1558;PROD_15;1;5
ORD_1558;PROD_27;5;3
ORD_1559;PROD_3;2;3
ORD_1559;PROD_21;7;3
ORD_1559;PROD_12;8;2
ORD_1559;PROD_16;9;5
ORD_1559;PROD_31;6;1
ORD_1559;PROD_15;7;4
ORD_1559;PROD_44;4;5
ORD_1559;PROD_36;1;5
ORD_1559;PROD_1;8;2
ORD_1560;PROD_12;8;1
ORD_1560;PROD_50;6;4
ORD_1560;PROD_7;6;2
ORD_1560;PROD_11;9;2
ORD_1560;PROD_33;2;3
ORD_1560;PROD_38;4;3
ORD_1560;PROD_49;8;1
ORD_1561;PROD_36;9;4
ORD_1561;PROD_33;9;2
ORD_1561;PROD_15;6;1
ORD_1561;PROD_44;8;3
ORD_1561;PROD_36;8;1
ORD_1561;PROD_1;2;4
ORD_1561;PROD_10;6;1
ORD_1561;PROD_4;2;2
ORD_1561;PROD_35;3;1
ORD_1561;PROD_7;2;4
ORD_1561;PROD_5;4;1
ORD_1561;PROD_31;6;4
ORD_1562;PROD_3;8;3
ORD_1562;PROD_21;3;3
ORD_1562;PROD_12;8;4
ORD_1562;PROD_16;1;5
ORD_1562;PROD_31;5;2
ORD_1562;PROD_15;5;1
ORD_1562;PROD_44;8;3
ORD_1562;PROD_36;2;5
ORD_1563;PROD_12;5;3
ORD_1563;PROD_50;2;2
ORD_1563;PROD_7;6;2
ORD_1563;PROD_11;1;2
ORD_1563;PROD_22;2;3
ORD_1563;PROD_25;2;4
ORD_1564;PROD_15;7;2
ORD_1564;PROD_44;2;4
ORD_1564;PROD_36;7;1
ORD_1564;PROD_1;8;4
ORD_1564;PROD_29;5;2
ORD_1564;PROD_37;4;1
ORD_1564;PROD_45;4;4
ORD_1564;PROD_24;4;4
ORD_1564;PROD_3;6;2
ORD_1564;PROD_42;2;1
ORD_1564;PROD_17;7;2
ORD_1565;PROD_30;7;5
ORD_1565;PROD_9;5;1
ORD_1565;PROD_10;2;2
ORD_1565;PROD_16;9;5
ORD_1565;PROD_48;5;3
ORD_1565;PROD_40;2;4
ORD_1566;PROD_31;2;1
ORD_1566;PROD_8;5;4
ORD_1566;PROD_6;3;4
ORD_1566;PROD_47;4;3
ORD_1566;PROD_4;6;2
ORD_1566;PROD_10;3;5
ORD_1566;PROD_22;2;1
ORD_1566;PROD_19;8;3
ORD_1566;PROD_48;5;3
ORD_1567;PROD_44;4;4
ORD_1567;PROD_46;2;1
ORD_1567;PROD_16;4;5
ORD_1567;PROD_42;8;2
ORD_1567;PROD_36;5;4
ORD_1567;PROD_17;3;2
ORD_1567;PROD_18;9;4
ORD_1567;PROD_18;1;2
ORD_1567;PROD_17;4;1
ORD_1567;PROD_26;5;3
ORD_1567;PROD_15;6;4
ORD_1567;PROD_29;4;2
ORD_1567;PROD_14;3;1
ORD_1568;PROD_44;2;1
ORD_1568;PROD_23;2;5
ORD_1568;PROD_6;6;1
ORD_1568;PROD_45;7;5
ORD_1568;PROD_12;1;2
ORD_1568;PROD_1;3;2
ORD_1568;PROD_39;5;3
ORD_1568;PROD_50;5;4
ORD_1568;PROD_20;8;3
ORD_1569;PROD_43;2;4
ORD_1569;PROD_19;2;2
ORD_1569;PROD_31;4;5
ORD_1569;PROD_43;7;4
ORD_1569;PROD_25;3;1
ORD_1569;PROD_41;5;4
ORD_1570;PROD_3;4;1
ORD_1570;PROD_21;5;1
ORD_1570;PROD_12;4;3
ORD_1570;PROD_16;5;3
ORD_1570;PROD_31;4;1
ORD_1570;PROD_15;1;3
ORD_1570;PROD_22;2;1
ORD_1570;PROD_32;7;2
ORD_1570;PROD_48;2;4
ORD_1570;PROD_17;5;1
ORD_1570;PROD_19;5;4
ORD_1570;PROD_43;5;4
ORD_1571;PROD_15;9;5
ORD_1571;PROD_44;2;5
ORD_1571;PROD_36;4;4
ORD_1571;PROD_1;5;2
ORD_1571;PROD_10;3;1
ORD_1571;PROD_6;5;1
ORD_1571;PROD_43;2;3
ORD_1571;PROD_31;2;3
ORD_1571;PROD_27;7;4
ORD_1571;PROD_18;3;3
ORD_1571;PROD_35;9;5
ORD_1571;PROD_20;6;3
ORD_1571;PROD_39;9;2
ORD_1571;PROD_37;4;3
ORD_1572;PROD_15;7;2
ORD_1572;PROD_44;9;4
ORD_1572;PROD_36;7;3
ORD_1572;PROD_1;3;3
ORD_1572;PROD_33;6;3
ORD_1572;PROD_38;9;3
ORD_1572;PROD_49;5;5
ORD_1572;PROD_19;7;3
ORD_1572;PROD_15;8;1
ORD_1572;PROD_36;1;1
ORD_1573;PROD_17;1;5
ORD_1573;PROD_13;4;2
ORD_1573;PROD_35;4;3
ORD_1573;PROD_5;6;3
ORD_1573;PROD_21;7;2
ORD_1573;PROD_35;7;1
ORD_1574;PROD_11;4;2
ORD_1574;PROD_43;7;3
ORD_1574;PROD_3;6;2
ORD_1574;PROD_21;8;3
ORD_1574;PROD_12;3;5
ORD_1574;PROD_16;8;1
ORD_1574;PROD_31;9;5
ORD_1574;PROD_12;1;3
ORD_1574;PROD_50;1;3
ORD_1574;PROD_7;1;4
ORD_1574;PROD_11;5;1
ORD_1574;PROD_45;6;4
ORD_1574;PROD_46;2;3
ORD_1574;PROD_25;1;2
ORD_1574;PROD_32;8;2
ORD_1575;PROD_36;9;2
ORD_1575;PROD_33;4;1
ORD_1575;PROD_12;3;3
ORD_1575;PROD_50;4;3
ORD_1575;PROD_7;8;1
ORD_1575;PROD_11;8;3
ORD_1575;PROD_47;9;2
ORD_1575;PROD_34;9;5
ORD_1575;PROD_33;1;2
ORD_1575;PROD_27;4;3
ORD_1575;PROD_35;4;5
ORD_1575;PROD_36;3;5
ORD_1575;PROD_25;7;4
ORD_1576;PROD_11;6;5
ORD_1576;PROD_43;7;3
ORD_1576;PROD_37;6;1
ORD_1576;PROD_2;5;1
ORD_1576;PROD_11;2;2
ORD_1576;PROD_43;2;4
ORD_1576;PROD_47;4;2
ORD_1576;PROD_8;4;4
ORD_1577;PROD_11;9;4
ORD_1577;PROD_43;6;4
ORD_1577;PROD_32;7;5
ORD_1577;PROD_50;1;5
ORD_1577;PROD_9;2;2
ORD_1577;PROD_30;5;1
ORD_1577;PROD_10;6;3
ORD_1577;PROD_31;6;5
ORD_1578;PROD_15;1;4
ORD_1578;PROD_45;3;1
ORD_1578;PROD_47;6;4
ORD_1578;PROD_4;3;5
ORD_1578;PROD_47;1;4
ORD_1578;PROD_6;3;4
ORD_1578;PROD_11;2;4
ORD_1578;PROD_21;2;3
ORD_1578;PROD_41;4;3
ORD_1578;PROD_37;5;4
ORD_1578;PROD_12;3;5
ORD_1578;PROD_50;2;4
ORD_1578;PROD_4;8;3
ORD_1579;PROD_36;6;5
ORD_1579;PROD_33;5;1
ORD_1579;PROD_15;1;2
ORD_1579;PROD_44;7;3
ORD_1579;PROD_36;6;1
ORD_1579;PROD_1;6;2
ORD_1579;PROD_33;1;4
ORD_1579;PROD_38;5;3
ORD_1579;PROD_49;8;1
ORD_1579;PROD_19;2;2
ORD_1580;PROD_21;7;3
ORD_1580;PROD_5;4;5
ORD_1580;PROD_11;3;2
ORD_1580;PROD_43;7;2
ORD_1580;PROD_18;3;3
ORD_1580;PROD_19;1;4
ORD_1580;PROD_27;6;5
ORD_1580;PROD_24;8;3
ORD_1580;PROD_50;9;5
ORD_1580;PROD_12;1;2
ORD_1580;PROD_11;3;1
ORD_1581;PROD_12;6;2
ORD_1581;PROD_50;9;1
ORD_1581;PROD_7;2;5
ORD_1581;PROD_11;5;4
ORD_1581;PROD_3;4;2
ORD_1581;PROD_21;8;5
ORD_1581;PROD_12;5;5
ORD_1581;PROD_16;4;2
ORD_1581;PROD_31;3;2
ORD_1581;PROD_8;8;5
ORD_1581;PROD_20;2;2
ORD_1581;PROD_1;2;2
ORD_1581;PROD_16;3;3
ORD_1582;PROD_15;1;4
ORD_1582;PROD_44;9;3
ORD_1582;PROD_36;1;5
ORD_1582;PROD_1;7;2
ORD_1582;PROD_36;7;4
ORD_1582;PROD_33;8;3
ORD_1582;PROD_15;6;1
ORD_1582;PROD_22;6;2
ORD_1583;PROD_14;8;1
ORD_1583;PROD_41;9;2
ORD_1583;PROD_37;6;2
ORD_1583;PROD_42;6;4
ORD_1583;PROD_17;7;5
ORD_1583;PROD_10;6;2
ORD_1583;PROD_5;7;3
ORD_1583;PROD_24;5;1
ORD_1583;PROD_10;7;4
ORD_1583;PROD_34;8;1
ORD_1583;PROD_7;5;1
ORD_1583;PROD_9;7;5
ORD_1583;PROD_29;2;4
ORD_1584;PROD_15;1;5
ORD_1584;PROD_44;5;5
ORD_1584;PROD_36;1;2
ORD_1584;PROD_1;7;4
ORD_1584;PROD_15;6;2
ORD_1584;PROD_44;2;2
ORD_1584;PROD_36;2;3
ORD_1584;PROD_1;1;1
ORD_1584;PROD_36;5;1
ORD_1585;PROD_11;2;2
ORD_1585;PROD_43;8;1
ORD_1585;PROD_36;9;4
ORD_1585;PROD_33;3;1
ORD_1585;PROD_43;7;4
ORD_1585;PROD_23;1;2
ORD_1586;PROD_37;6;2
ORD_1586;PROD_27;2;2
ORD_1586;PROD_26;5;2
ORD_1586;PROD_4;8;4
ORD_1586;PROD_8;6;2
ORD_1586;PROD_24;8;3
ORD_1586;PROD_16;6;1
ORD_1586;PROD_8;8;3
ORD_1586;PROD_20;8;2
ORD_1587;PROD_29;2;3
ORD_1587;PROD_14;4;5
ORD_1587;PROD_1;4;2
ORD_1587;PROD_48;3;3
ORD_1587;PROD_12;1;1
ORD_1587;PROD_18;8;2
ORD_1587;PROD_15;4;1
ORD_1588;PROD_49;2;2
ORD_1588;PROD_43;7;4
ORD_1588;PROD_31;6;1
ORD_1588;PROD_8;6;2
ORD_1588;PROD_10;8;4
ORD_1588;PROD_25;7;1
ORD_1589;PROD_4;5;1
ORD_1589;PROD_26;5;1
ORD_1589;PROD_49;7;2
ORD_1589;PROD_5;6;3
ORD_1589;PROD_20;5;2
ORD_1589;PROD_42;3;1
ORD_1589;PROD_48;9;2
ORD_1589;PROD_31;1;5
ORD_1589;PROD_31;9;5
ORD_1589;PROD_42;9;1
ORD_1589;PROD_39;6;4
ORD_1590;PROD_28;3;2
ORD_1590;PROD_50;3;4
ORD_1590;PROD_4;3;3
ORD_1590;PROD_50;9;3
ORD_1590;PROD_40;3;5
ORD_1590;PROD_37;4;5
ORD_1590;PROD_45;7;1
ORD_1590;PROD_39;8;2
ORD_1590;PROD_30;5;3
ORD_1590;PROD_49;5;5
ORD_1590;PROD_40;4;3
ORD_1591;PROD_11;3;4
ORD_1591;PROD_43;5;1
ORD_1591;PROD_24;5;2
ORD_1591;PROD_12;5;5
ORD_1591;PROD_36;1;3
ORD_1591;PROD_8;7;5
ORD_1591;PROD_44;7;5
ORD_1591;PROD_5;7;3
ORD_1591;PROD_6;9;3
ORD_1591;PROD_45;2;3
ORD_1591;PROD_32;2;3
ORD_1591;PROD_50;6;2
ORD_1592;PROD_3;7;5
ORD_1592;PROD_21;1;4
ORD_1592;PROD_12;1;1
ORD_1592;PROD_16;6;4
ORD_1592;PROD_31;9;3
ORD_1592;PROD_35;1;3
ORD_1592;PROD_43;4;2
ORD_1592;PROD_26;8;5
ORD_1593;PROD_11;6;1
ORD_1593;PROD_43;8;2
ORD_1593;PROD_33;8;3
ORD_1593;PROD_38;5;4
ORD_1593;PROD_49;9;3
ORD_1593;PROD_19;2;5
ORD_1593;PROD_15;9;4
ORD_1593;PROD_14;9;5
ORD_1594;PROD_12;4;2
ORD_1594;PROD_50;4;1
ORD_1594;PROD_7;8;1
ORD_1594;PROD_11;8;3
ORD_1594;PROD_9;5;4
ORD_1594;PROD_12;8;4
ORD_1594;PROD_25;2;2
ORD_1595;PROD_11;8;3
ORD_1595;PROD_43;6;1
ORD_1595;PROD_34;3;2
ORD_1595;PROD_12;7;4
ORD_1595;PROD_44;7;5
ORD_1595;PROD_4;4;4
ORD_1595;PROD_49;6;5
ORD_1595;PROD_34;1;3
ORD_1595;PROD_24;5;4
ORD_1596;PROD_33;4;2
ORD_1596;PROD_7;7;3
ORD_1596;PROD_9;5;1
ORD_1596;PROD_18;9;1
ORD_1596;PROD_32;1;4
ORD_1596;PROD_36;7;5
ORD_1596;PROD_9;5;4
ORD_1596;PROD_32;8;4
ORD_1596;PROD_29;4;1
ORD_1596;PROD_32;9;1
ORD_1596;PROD_23;8;4
ORD_1597;PROD_37;8;2
ORD_1597;PROD_29;2;4
ORD_1597;PROD_14;5;3
ORD_1597;PROD_21;8;2
ORD_1597;PROD_7;7;3
ORD_1597;PROD_49;5;2
ORD_1597;PROD_21;1;4
ORD_1597;PROD_33;1;1
ORD_1597;PROD_7;5;2
ORD_1597;PROD_13;2;2
ORD_1597;PROD_5;3;5
ORD_1598;PROD_24;1;5
ORD_1598;PROD_40;3;1
ORD_1598;PROD_43;7;3
ORD_1598;PROD_13;7;2
ORD_1598;PROD_23;5;2
ORD_1598;PROD_48;9;4
ORD_1598;PROD_41;3;5
ORD_1598;PROD_40;8;1
ORD_1598;PROD_27;5;2
ORD_1598;PROD_13;6;3
ORD_1599;PROD_33;5;1
ORD_1599;PROD_38;9;4
ORD_1599;PROD_49;1;2
ORD_1599;PROD_19;1;3
ORD_1599;PROD_15;7;1
ORD_1599;PROD_22;8;4
ORD_1599;PROD_46;3;1
ORD_1599;PROD_9;9;2
ORD_1600;PROD_3;5;5
ORD_1600;PROD_21;7;1
ORD_1600;PROD_12;9;5
ORD_1600;PROD_16;1;1
ORD_1600;PROD_31;9;1
ORD_1600;PROD_22;4;1
ORD_1600;PROD_22;9;1
ORD_1600;PROD_9;8;3
ORD_1600;PROD_29;4;5
ORD_1600;PROD_1;9;5
ORD_1600;PROD_1;8;3
ORD_1600;PROD_26;8;1
ORD_1600;PROD_4;8;3
ORD_1600;PROD_26;5;3
ORD_1600;PROD_37;1;1
ORD_1601;PROD_12;7;2
ORD_1601;PROD_50;7;5
ORD_1601;PROD_7;2;1
ORD_1601;PROD_11;2;3
ORD_1601;PROD_33;9;5
ORD_1602;PROD_46;1;1
ORD_1602;PROD_4;9;2
ORD_1602;PROD_33;4;1
ORD_1602;PROD_16;4;5
ORD_1602;PROD_27;4;4
ORD_1602;PROD_28;3;1
ORD_1602;PROD_47;1;5
ORD_1602;PROD_50;4;3
ORD_1602;PROD_49;3;4
ORD_1602;PROD_25;7;1
ORD_1603;PROD_33;6;5
ORD_1603;PROD_38;5;4
ORD_1603;PROD_49;4;2
ORD_1603;PROD_19;9;3
ORD_1603;PROD_15;6;1
ORD_1603;PROD_33;8;1
ORD_1603;PROD_38;2;3
ORD_1603;PROD_49;6;4
ORD_1603;PROD_19;5;2
ORD_1603;PROD_15;9;2
ORD_1604;PROD_40;1;3
ORD_1604;PROD_42;3;5
ORD_1604;PROD_13;6;2
ORD_1604;PROD_48;3;3
ORD_1604;PROD_47;1;4
ORD_1604;PROD_46;6;4
ORD_1604;PROD_16;3;4
ORD_1604;PROD_46;1;1
ORD_1604;PROD_13;6;2
ORD_1604;PROD_45;4;3
ORD_1604;PROD_34;1;4
ORD_1604;PROD_43;8;5
ORD_1604;PROD_6;5;2
ORD_1604;PROD_40;6;4
ORD_1604;PROD_41;5;4
ORD_1605;PROD_11;6;5
ORD_1605;PROD_43;6;3
ORD_1605;PROD_48;9;2
ORD_1605;PROD_40;3;4
ORD_1605;PROD_38;4;2
ORD_1605;PROD_14;7;4
ORD_1605;PROD_30;1;2
ORD_1605;PROD_25;6;4
ORD_1605;PROD_41;9;4
ORD_1605;PROD_46;2;1
ORD_1605;PROD_5;4;1
ORD_1605;PROD_48;3;5
ORD_1605;PROD_17;8;1
ORD_1605;PROD_2;9;4
ORD_1606;PROD_9;9;5
ORD_1606;PROD_8;3;1
ORD_1606;PROD_1;6;3
ORD_1606;PROD_47;6;5
ORD_1606;PROD_39;5;1
ORD_1606;PROD_17;6;2
ORD_1606;PROD_4;2;5
ORD_1607;PROD_50;1;1
ORD_1607;PROD_21;7;2
ORD_1607;PROD_2;3;1
ORD_1607;PROD_16;7;5
ORD_1607;PROD_21;1;3
ORD_1607;PROD_15;9;4
ORD_1607;PROD_11;2;5
ORD_1607;PROD_10;1;5
ORD_1607;PROD_9;5;1
ORD_1607;PROD_14;2;4
ORD_1607;PROD_19;6;5
ORD_1607;PROD_18;4;4
ORD_1607;PROD_30;3;5
ORD_1608;PROD_43;7;1
ORD_1608;PROD_16;5;2
ORD_1608;PROD_35;6;2
ORD_1608;PROD_48;7;5
ORD_1608;PROD_18;3;3
ORD_1608;PROD_15;1;1
ORD_1608;PROD_22;1;4
ORD_1609;PROD_43;1;1
ORD_1609;PROD_2;3;4
ORD_1609;PROD_29;7;1
ORD_1609;PROD_18;1;3
ORD_1609;PROD_16;7;1
ORD_1609;PROD_4;3;2
ORD_1610;PROD_3;5;2
ORD_1610;PROD_21;9;3
ORD_1610;PROD_12;1;2
ORD_1610;PROD_16;6;2
ORD_1610;PROD_31;9;1
ORD_1610;PROD_33;6;5
ORD_1611;PROD_34;3;5
ORD_1611;PROD_11;4;5
ORD_1611;PROD_40;7;2
ORD_1611;PROD_19;5;5
ORD_1611;PROD_14;9;1
ORD_1612;PROD_33;7;2
ORD_1612;PROD_50;2;1
ORD_1612;PROD_46;4;5
ORD_1612;PROD_6;3;5
ORD_1612;PROD_43;2;2
ORD_1612;PROD_30;1;2
ORD_1612;PROD_11;3;1
ORD_1612;PROD_34;2;5
ORD_1613;PROD_41;3;1
ORD_1613;PROD_32;9;5
ORD_1613;PROD_4;4;2
ORD_1613;PROD_5;9;1
ORD_1613;PROD_27;1;4
ORD_1613;PROD_8;1;5
ORD_1613;PROD_47;5;4
ORD_1614;PROD_14;1;1
ORD_1614;PROD_2;2;2
ORD_1614;PROD_32;3;5
ORD_1614;PROD_23;6;1
ORD_1614;PROD_41;2;2
ORD_1614;PROD_38;9;3
ORD_1615;PROD_41;8;2
ORD_1615;PROD_27;9;2
ORD_1615;PROD_1;6;4
ORD_1615;PROD_43;8;5
ORD_1615;PROD_6;6;1
ORD_1615;PROD_15;2;5
ORD_1615;PROD_45;3;3
ORD_1615;PROD_15;8;4
ORD_1615;PROD_15;4;4
ORD_1615;PROD_8;1;3
ORD_1615;PROD_47;7;3
ORD_1615;PROD_17;8;1
ORD_1615;PROD_25;1;5
ORD_1615;PROD_22;9;3
ORD_1616;PROD_15;7;3
ORD_1616;PROD_22;8;1
ORD_1616;PROD_15;3;5
ORD_1616;PROD_22;7;3
ORD_1616;PROD_28;5;2
ORD_1617;PROD_24;6;1
ORD_1617;PROD_6;1;3
ORD_1617;PROD_12;7;5
ORD_1617;PROD_31;7;1
ORD_1617;PROD_19;6;4
ORD_1617;PROD_43;3;1
ORD_1617;PROD_46;8;2
ORD_1617;PROD_2;6;4
ORD_1617;PROD_7;2;4
ORD_1617;PROD_32;9;5
ORD_1617;PROD_4;4;5
ORD_1618;PROD_5;6;1
ORD_1618;PROD_31;2;1
ORD_1618;PROD_38;7;1
ORD_1618;PROD_29;7;5
ORD_1618;PROD_17;9;1
ORD_1618;PROD_25;1;5
ORD_1618;PROD_12;9;1
ORD_1618;PROD_25;1;2
ORD_1618;PROD_28;3;1
ORD_1618;PROD_10;7;1
ORD_1618;PROD_34;1;1
ORD_1618;PROD_31;5;2
ORD_1618;PROD_23;1;4
ORD_1618;PROD_15;4;2
ORD_1618;PROD_10;8;3
ORD_1619;PROD_8;1;3
ORD_1619;PROD_37;5;3
ORD_1619;PROD_2;5;4
ORD_1619;PROD_28;5;4
ORD_1619;PROD_41;5;1
ORD_1619;PROD_1;2;4
ORD_1619;PROD_7;1;3
ORD_1620;PROD_12;2;2
ORD_1620;PROD_50;3;3
ORD_1620;PROD_7;9;5
ORD_1620;PROD_11;6;2
ORD_1620;PROD_47;7;5
ORD_1620;PROD_50;1;5
ORD_1621;PROD_18;1;2
ORD_1621;PROD_26;7;2
ORD_1621;PROD_42;1;1
ORD_1621;PROD_50;2;1
ORD_1621;PROD_13;1;3
ORD_1621;PROD_10;6;3
ORD_1621;PROD_14;9;3
ORD_1621;PROD_8;4;1
ORD_1621;PROD_26;7;3
ORD_1621;PROD_36;8;5
ORD_1621;PROD_35;9;4
ORD_1621;PROD_26;5;2
ORD_1621;PROD_36;6;2
ORD_1621;PROD_26;4;4
ORD_1621;PROD_20;9;1
ORD_1622;PROD_15;9;5
ORD_1622;PROD_44;9;1
ORD_1622;PROD_36;1;2
ORD_1622;PROD_1;4;4
ORD_1622;PROD_11;2;3
ORD_1622;PROD_43;7;3
ORD_1622;PROD_25;8;3
ORD_1622;PROD_12;4;5
ORD_1622;PROD_8;6;4
ORD_1622;PROD_14;1;1
ORD_1622;PROD_20;1;1
ORD_1622;PROD_24;5;3
ORD_1622;PROD_37;3;3
ORD_1622;PROD_1;1;4
ORD_1622;PROD_19;1;5
ORD_1623;PROD_36;6;4
ORD_1623;PROD_33;2;2
ORD_1623;PROD_24;1;4
ORD_1623;PROD_22;1;3
ORD_1623;PROD_6;9;3
ORD_1623;PROD_11;8;3
ORD_1623;PROD_16;4;2
ORD_1623;PROD_26;1;4
ORD_1624;PROD_3;5;3
ORD_1624;PROD_21;2;3
ORD_1624;PROD_12;7;2
ORD_1624;PROD_16;6;3
ORD_1624;PROD_31;7;1
ORD_1624;PROD_4;5;1
ORD_1624;PROD_48;9;3
ORD_1624;PROD_31;9;1
ORD_1624;PROD_50;9;3
ORD_1624;PROD_30;1;3
ORD_1624;PROD_14;8;2
ORD_1624;PROD_39;9;1
ORD_1624;PROD_8;2;4
ORD_1624;PROD_25;7;3
ORD_1624;PROD_34;5;4
ORD_1625;PROD_7;7;5
ORD_1625;PROD_48;4;5
ORD_1625;PROD_49;8;5
ORD_1625;PROD_29;6;3
ORD_1625;PROD_2;1;2
ORD_1625;PROD_19;4;3
ORD_1625;PROD_42;9;4
ORD_1625;PROD_22;1;4
ORD_1625;PROD_30;9;3
ORD_1625;PROD_48;3;1
ORD_1625;PROD_11;9;5
ORD_1625;PROD_46;4;4
ORD_1625;PROD_48;3;4
ORD_1625;PROD_11;7;2
ORD_1626;PROD_15;8;5
ORD_1626;PROD_44;5;4
ORD_1626;PROD_36;6;3
ORD_1626;PROD_1;9;1
ORD_1626;PROD_15;1;5
ORD_1626;PROD_7;7;2
ORD_1626;PROD_2;8;3
ORD_1626;PROD_41;4;4
ORD_1626;PROD_43;8;2
ORD_1626;PROD_8;3;1
ORD_1626;PROD_37;3;3
ORD_1626;PROD_2;5;3
ORD_1627;PROD_12;9;4
ORD_1627;PROD_50;5;2
ORD_1627;PROD_7;8;1
ORD_1627;PROD_11;6;1
ORD_1627;PROD_41;7;2
ORD_1627;PROD_36;6;5
ORD_1627;PROD_1;6;3
ORD_1627;PROD_16;9;5
ORD_1627;PROD_46;5;5
ORD_1627;PROD_15;5;2
ORD_1627;PROD_44;2;1
ORD_1627;PROD_32;9;4
ORD_1627;PROD_2;9;4
ORD_1627;PROD_36;7;4
ORD_1627;PROD_1;4;1
ORD_1628;PROD_20;3;5
ORD_1628;PROD_45;9;3
ORD_1628;PROD_12;1;4
ORD_1628;PROD_2;9;1
ORD_1628;PROD_46;8;5
ORD_1628;PROD_5;7;2
ORD_1628;PROD_33;9;3
ORD_1628;PROD_2;4;1
ORD_1628;PROD_28;6;1
ORD_1629;PROD_49;2;5
ORD_1629;PROD_32;4;3
ORD_1629;PROD_36;2;4
ORD_1629;PROD_5;8;4
ORD_1629;PROD_23;4;1
ORD_1629;PROD_48;3;3
ORD_1629;PROD_4;9;4
ORD_1629;PROD_29;1;3
ORD_1629;PROD_42;3;4
ORD_1629;PROD_12;1;1
ORD_1630;PROD_11;8;5
ORD_1630;PROD_43;2;2
ORD_1630;PROD_33;7;5
ORD_1630;PROD_38;9;3
ORD_1630;PROD_49;6;1
ORD_1630;PROD_19;1;1
ORD_1630;PROD_15;9;5
ORD_1630;PROD_15;7;3
ORD_1630;PROD_44;1;5
ORD_1630;PROD_36;7;5
ORD_1630;PROD_1;1;1
ORD_1630;PROD_39;1;2
ORD_1630;PROD_7;6;1
ORD_1630;PROD_2;2;2
ORD_1631;PROD_15;1;5
ORD_1631;PROD_44;8;1
ORD_1631;PROD_36;6;4
ORD_1631;PROD_1;9;1
ORD_1631;PROD_6;6;4
ORD_1631;PROD_39;5;1
ORD_1631;PROD_23;3;3
ORD_1631;PROD_7;4;5
ORD_1631;PROD_47;8;2
ORD_1631;PROD_30;9;4
ORD_1631;PROD_27;3;2
ORD_1632;PROD_37;3;3
ORD_1632;PROD_47;7;4
ORD_1632;PROD_45;5;5
ORD_1632;PROD_39;2;4
ORD_1632;PROD_12;6;3
ORD_1633;PROD_31;7;5
ORD_1633;PROD_19;3;1
ORD_1633;PROD_23;5;5
ORD_1633;PROD_34;5;1
ORD_1633;PROD_12;4;3
ORD_1633;PROD_22;5;5
ORD_1633;PROD_4;5;1
ORD_1633;PROD_37;4;2
ORD_1633;PROD_29;1;4
ORD_1634;PROD_31;3;4
ORD_1634;PROD_24;1;2
ORD_1634;PROD_15;6;3
ORD_1634;PROD_15;4;5
ORD_1634;PROD_13;5;3
ORD_1634;PROD_25;3;5
ORD_1634;PROD_48;3;5
ORD_1634;PROD_34;3;1
ORD_1634;PROD_19;9;2
ORD_1634;PROD_9;1;4
ORD_1635;PROD_46;9;1
ORD_1635;PROD_31;3;2
ORD_1635;PROD_43;1;4
ORD_1635;PROD_8;9;4
ORD_1635;PROD_49;2;4
ORD_1635;PROD_6;7;4
ORD_1636;PROD_2;9;3
ORD_1636;PROD_39;7;2
ORD_1636;PROD_16;5;2
ORD_1636;PROD_9;8;5
ORD_1636;PROD_45;3;1
ORD_1636;PROD_8;5;4
ORD_1636;PROD_43;8;1
ORD_1636;PROD_45;7;4
ORD_1636;PROD_37;1;5
ORD_1636;PROD_3;1;4
ORD_1636;PROD_18;7;2
ORD_1636;PROD_21;9;4
ORD_1636;PROD_15;4;4
ORD_1636;PROD_25;3;2
ORD_1637;PROD_41;8;2
ORD_1637;PROD_1;9;4
ORD_1637;PROD_28;7;2
ORD_1637;PROD_1;1;1
ORD_1637;PROD_22;1;3
ORD_1637;PROD_28;3;5
ORD_1637;PROD_29;8;5
ORD_1637;PROD_31;3;1
ORD_1637;PROD_30;3;4
ORD_1637;PROD_9;3;4
ORD_1637;PROD_20;5;3
ORD_1638;PROD_43;9;1
ORD_1638;PROD_8;1;4
ORD_1638;PROD_33;4;1
ORD_1638;PROD_24;7;3
ORD_1638;PROD_11;8;3
ORD_1638;PROD_39;1;3
ORD_1638;PROD_20;9;2
ORD_1638;PROD_9;2;1
ORD_1638;PROD_22;8;1
ORD_1639;PROD_48;8;2
ORD_1639;PROD_50;9;4
ORD_1639;PROD_47;6;5
ORD_1639;PROD_1;1;4
ORD_1639;PROD_45;4;2
ORD_1639;PROD_15;7;5
ORD_1640;PROD_12;9;1
ORD_1640;PROD_50;6;5
ORD_1640;PROD_7;5;3
ORD_1640;PROD_11;8;2
ORD_1640;PROD_3;3;3
ORD_1640;PROD_21;5;3
ORD_1640;PROD_12;2;5
ORD_1641;PROD_25;9;4
ORD_1641;PROD_19;6;4
ORD_1641;PROD_19;9;4
ORD_1641;PROD_17;4;1
ORD_1641;PROD_26;8;5
ORD_1641;PROD_18;6;4
ORD_1641;PROD_26;7;3
ORD_1642;PROD_9;4;4
ORD_1642;PROD_46;4;4
ORD_1642;PROD_31;9;4
ORD_1642;PROD_34;4;4
ORD_1642;PROD_17;9;5
ORD_1642;PROD_21;3;4
ORD_1643;PROD_12;9;3
ORD_1643;PROD_50;4;1
ORD_1643;PROD_7;2;3
ORD_1643;PROD_11;7;3
ORD_1643;PROD_11;5;1
ORD_1643;PROD_43;4;3
ORD_1643;PROD_36;4;1
ORD_1644;PROD_40;6;4
ORD_1644;PROD_32;4;3
ORD_1644;PROD_16;2;5
ORD_1644;PROD_41;3;4
ORD_1644;PROD_22;7;2
ORD_1644;PROD_32;1;2
ORD_1644;PROD_29;8;4
ORD_1644;PROD_47;6;2
ORD_1644;PROD_31;5;2
ORD_1644;PROD_41;9;2
ORD_1644;PROD_19;5;5
ORD_1644;PROD_41;9;3
ORD_1644;PROD_30;8;2
ORD_1644;PROD_12;7;3
ORD_1645;PROD_33;7;1
ORD_1645;PROD_38;4;3
ORD_1645;PROD_49;1;2
ORD_1645;PROD_19;9;2
ORD_1645;PROD_15;1;1
ORD_1645;PROD_15;9;2
ORD_1645;PROD_44;9;5
ORD_1645;PROD_36;7;4
ORD_1645;PROD_1;4;1
ORD_1645;PROD_42;9;4
ORD_1645;PROD_5;3;2
ORD_1646;PROD_19;9;4
ORD_1646;PROD_34;2;5
ORD_1646;PROD_38;3;3
ORD_1646;PROD_35;4;1
ORD_1646;PROD_1;5;3
ORD_1646;PROD_34;1;3
ORD_1646;PROD_32;5;3
ORD_1646;PROD_48;3;5
ORD_1646;PROD_30;1;3
ORD_1646;PROD_27;5;2
ORD_1646;PROD_18;8;4
ORD_1646;PROD_28;4;4
ORD_1646;PROD_11;8;2
ORD_1647;PROD_3;5;2
ORD_1647;PROD_21;9;4
ORD_1647;PROD_12;7;4
ORD_1647;PROD_16;2;1
ORD_1647;PROD_31;5;4
ORD_1647;PROD_15;6;3
ORD_1647;PROD_22;9;4
ORD_1647;PROD_7;9;2
ORD_1647;PROD_18;3;4
ORD_1648;PROD_4;6;1
ORD_1648;PROD_42;9;5
ORD_1648;PROD_23;7;1
ORD_1648;PROD_3;7;4
ORD_1648;PROD_34;7;4
ORD_1648;PROD_18;4;4
ORD_1648;PROD_11;2;2
ORD_1648;PROD_37;6;3
ORD_1648;PROD_5;3;4
ORD_1648;PROD_37;3;5
ORD_1648;PROD_39;2;5
ORD_1648;PROD_44;9;2
ORD_1649;PROD_15;4;3
ORD_1649;PROD_22;2;5
ORD_1649;PROD_15;6;3
ORD_1649;PROD_32;8;2
ORD_1649;PROD_30;4;4
ORD_1649;PROD_26;2;5
ORD_1649;PROD_23;1;2
ORD_1649;PROD_1;4;4
ORD_1650;PROD_13;6;5
ORD_1650;PROD_46;4;3
ORD_1650;PROD_44;5;2
ORD_1650;PROD_14;9;5
ORD_1650;PROD_18;2;4
ORD_1650;PROD_35;3;2
ORD_1650;PROD_4;3;1
ORD_1650;PROD_34;4;2
ORD_1650;PROD_8;7;3
ORD_1651;PROD_7;4;4
ORD_1651;PROD_34;7;5
ORD_1651;PROD_6;1;2
ORD_1651;PROD_45;7;5
ORD_1651;PROD_42;2;1
ORD_1651;PROD_7;5;2
ORD_1651;PROD_12;6;4
ORD_1651;PROD_12;2;4
ORD_1651;PROD_38;3;2
ORD_1651;PROD_24;5;1
ORD_1652;PROD_31;8;4
ORD_1652;PROD_8;7;3
ORD_1652;PROD_39;7;1
ORD_1652;PROD_13;1;1
ORD_1652;PROD_37;6;5
ORD_1652;PROD_27;1;2
ORD_1652;PROD_12;8;3
ORD_1652;PROD_29;2;5
ORD_1652;PROD_35;7;1
ORD_1652;PROD_22;9;1
ORD_1652;PROD_47;3;2
ORD_1652;PROD_29;9;3
ORD_1652;PROD_10;2;5
ORD_1652;PROD_13;3;1
ORD_1653;PROD_31;4;1
ORD_1653;PROD_16;9;3
ORD_1653;PROD_29;7;2
ORD_1653;PROD_32;4;2
ORD_1653;PROD_22;5;1
ORD_1653;PROD_33;1;4
ORD_1653;PROD_47;7;5
ORD_1653;PROD_45;1;3
ORD_1653;PROD_32;1;4
ORD_1653;PROD_40;7;5
ORD_1653;PROD_21;1;3
ORD_1653;PROD_21;1;3
ORD_1653;PROD_21;5;4
ORD_1653;PROD_46;4;5
ORD_1653;PROD_12;4;5
ORD_1654;PROD_16;2;4
ORD_1654;PROD_2;1;4
ORD_1654;PROD_13;4;3
ORD_1654;PROD_45;2;4
ORD_1654;PROD_31;1;2
ORD_1654;PROD_15;1;1
ORD_1655;PROD_11;2;5
ORD_1655;PROD_43;3;1
ORD_1655;PROD_36;1;1
ORD_1655;PROD_33;5;4
ORD_1655;PROD_29;5;3
ORD_1655;PROD_4;6;5
ORD_1655;PROD_28;5;3
ORD_1655;PROD_17;9;1
ORD_1655;PROD_4;3;2
ORD_1655;PROD_40;8;3
ORD_1655;PROD_27;1;1
ORD_1655;PROD_18;2;3
ORD_1655;PROD_29;7;4
ORD_1655;PROD_20;5;2
ORD_1655;PROD_36;7;2
ORD_1656;PROD_12;5;4
ORD_1656;PROD_50;6;3
ORD_1656;PROD_7;2;3
ORD_1656;PROD_11;6;1
ORD_1656;PROD_3;8;3
ORD_1656;PROD_21;8;5
ORD_1656;PROD_12;6;5
ORD_1656;PROD_16;9;4
ORD_1656;PROD_31;1;1
ORD_1656;PROD_11;1;5
ORD_1656;PROD_43;3;4
ORD_1656;PROD_46;8;2
ORD_1656;PROD_21;2;2
ORD_1656;PROD_14;6;3
ORD_1657;PROD_35;7;2
ORD_1657;PROD_27;4;4
ORD_1657;PROD_39;3;5
ORD_1657;PROD_12;4;3
ORD_1657;PROD_49;6;2
ORD_1657;PROD_22;9;3
ORD_1657;PROD_12;7;3
ORD_1657;PROD_28;7;2
ORD_1657;PROD_39;8;3
ORD_1657;PROD_22;1;5
ORD_1657;PROD_21;2;5
ORD_1658;PROD_34;9;3
ORD_1658;PROD_18;8;4
ORD_1658;PROD_27;6;3
ORD_1658;PROD_11;4;1
ORD_1658;PROD_37;7;3
ORD_1658;PROD_3;8;4
ORD_1658;PROD_8;7;1
ORD_1658;PROD_32;6;5
ORD_1658;PROD_47;9;2
ORD_1659;PROD_1;8;5
ORD_1659;PROD_39;5;3
ORD_1659;PROD_29;4;4
ORD_1659;PROD_27;7;4
ORD_1659;PROD_16;6;2
ORD_1659;PROD_12;2;2
ORD_1659;PROD_31;7;2
ORD_1659;PROD_23;8;3
ORD_1659;PROD_12;7;4
ORD_1659;PROD_16;5;3
ORD_1659;PROD_21;7;3
ORD_1660;PROD_36;3;2
ORD_1660;PROD_33;1;2
ORD_1660;PROD_15;4;1
ORD_1660;PROD_10;4;2
ORD_1660;PROD_26;2;5
ORD_1660;PROD_4;6;2
ORD_1660;PROD_29;4;4
ORD_1660;PROD_37;5;2
ORD_1660;PROD_43;3;5
ORD_1660;PROD_24;8;5
ORD_1660;PROD_8;2;2
ORD_1660;PROD_31;1;4
ORD_1660;PROD_34;5;2
ORD_1661;PROD_50;1;1
ORD_1661;PROD_33;3;1
ORD_1661;PROD_44;8;5
ORD_1661;PROD_45;5;4
ORD_1661;PROD_20;3;1
ORD_1661;PROD_2;3;3
ORD_1661;PROD_16;3;5
ORD_1661;PROD_16;8;3
ORD_1661;PROD_50;9;1
ORD_1661;PROD_15;9;1
ORD_1661;PROD_42;3;3
ORD_1661;PROD_18;2;1
ORD_1661;PROD_40;4;1
ORD_1661;PROD_32;2;3
ORD_1661;PROD_19;2;1
ORD_1662;PROD_50;7;4
ORD_1662;PROD_17;2;1
ORD_1662;PROD_40;6;2
ORD_1662;PROD_33;7;2
ORD_1662;PROD_50;4;3
ORD_1662;PROD_1;6;2
ORD_1662;PROD_46;5;2
ORD_1662;PROD_35;4;1
ORD_1662;PROD_32;5;5
ORD_1662;PROD_1;6;4
ORD_1662;PROD_14;5;2
ORD_1662;PROD_33;9;4
ORD_1662;PROD_19;6;4
ORD_1662;PROD_7;4;1
ORD_1663;PROD_5;1;2
ORD_1663;PROD_47;8;4
ORD_1663;PROD_46;2;1
ORD_1663;PROD_48;4;4
ORD_1663;PROD_1;5;4
ORD_1663;PROD_30;1;4
ORD_1663;PROD_27;5;5
ORD_1663;PROD_37;1;3
ORD_1663;PROD_1;7;5
ORD_1663;PROD_37;1;4
ORD_1663;PROD_32;3;2
ORD_1663;PROD_48;9;1
ORD_1663;PROD_28;8;5
ORD_1663;PROD_31;1;4
ORD_1663;PROD_27;9;5
ORD_1664;PROD_21;2;5
ORD_1664;PROD_17;5;3
ORD_1664;PROD_22;9;3
ORD_1664;PROD_34;4;4
ORD_1664;PROD_3;5;3
ORD_1665;PROD_15;2;4
ORD_1665;PROD_22;2;1
ORD_1665;PROD_42;2;1
ORD_1665;PROD_24;7;2
ORD_1665;PROD_6;6;2
ORD_1665;PROD_46;3;5
ORD_1665;PROD_43;2;5
ORD_1665;PROD_32;6;4
ORD_1665;PROD_35;3;1
ORD_1665;PROD_2;4;2
ORD_1665;PROD_32;6;1
ORD_1666;PROD_12;1;3
ORD_1666;PROD_50;2;3
ORD_1666;PROD_7;7;4
ORD_1666;PROD_11;9;1
ORD_1666;PROD_22;1;2
ORD_1666;PROD_26;2;1
ORD_1666;PROD_16;7;1
ORD_1666;PROD_33;6;1
ORD_1666;PROD_8;8;1
ORD_1666;PROD_26;7;5
ORD_1666;PROD_40;8;1
ORD_1666;PROD_35;6;2
ORD_1667;PROD_30;9;3
ORD_1667;PROD_41;6;3
ORD_1667;PROD_26;4;4
ORD_1667;PROD_12;4;1
ORD_1667;PROD_5;5;5
ORD_1667;PROD_41;8;4
ORD_1668;PROD_12;1;2
ORD_1668;PROD_50;1;5
ORD_1668;PROD_7;6;5
ORD_1668;PROD_11;2;5
ORD_1668;PROD_15;3;3
ORD_1668;PROD_22;7;1
ORD_1669;PROD_3;1;5
ORD_1669;PROD_21;5;5
ORD_1669;PROD_12;2;1
ORD_1669;PROD_16;7;4
ORD_1669;PROD_31;8;4
ORD_1669;PROD_33;6;4
ORD_1669;PROD_45;8;2
ORD_1669;PROD_27;1;3
ORD_1669;PROD_12;5;4
ORD_1669;PROD_3;9;1
ORD_1669;PROD_32;4;5
ORD_1669;PROD_45;9;1
ORD_1669;PROD_33;5;5
ORD_1669;PROD_20;7;2
ORD_1669;PROD_39;1;4
ORD_1670;PROD_3;8;2
ORD_1670;PROD_21;3;5
ORD_1670;PROD_12;9;3
ORD_1670;PROD_16;2;1
ORD_1670;PROD_31;4;3
ORD_1670;PROD_12;5;2
ORD_1670;PROD_50;5;2
ORD_1670;PROD_7;9;4
ORD_1670;PROD_11;6;4
ORD_1671;PROD_5;6;2
ORD_1671;PROD_38;6;1
ORD_1671;PROD_12;4;1
ORD_1671;PROD_31;6;4
ORD_1671;PROD_13;8;3
ORD_1671;PROD_8;4;4
ORD_1672;PROD_14;6;2
ORD_1672;PROD_2;9;5
ORD_1672;PROD_26;5;1
ORD_1672;PROD_30;9;3
ORD_1672;PROD_11;1;4
ORD_1672;PROD_15;5;4
ORD_1672;PROD_1;9;4
ORD_1673;PROD_30;5;2
ORD_1673;PROD_3;2;2
ORD_1673;PROD_35;6;3
ORD_1673;PROD_37;1;3
ORD_1673;PROD_29;8;1
ORD_1673;PROD_34;5;4
ORD_1673;PROD_24;3;1
ORD_1674;PROD_43;9;3
ORD_1674;PROD_33;4;2
ORD_1674;PROD_13;9;3
ORD_1674;PROD_38;7;3
ORD_1674;PROD_2;9;3
ORD_1674;PROD_7;6;3
ORD_1674;PROD_16;9;5
ORD_1674;PROD_20;1;4
ORD_1674;PROD_31;4;5
ORD_1674;PROD_34;3;2
ORD_1674;PROD_35;2;5
ORD_1674;PROD_16;6;4
ORD_1674;PROD_38;1;4
ORD_1674;PROD_7;8;1
ORD_1675;PROD_11;5;5
ORD_1675;PROD_43;1;3
ORD_1675;PROD_14;1;4
ORD_1675;PROD_27;8;4
ORD_1675;PROD_32;5;3
ORD_1676;PROD_11;7;4
ORD_1676;PROD_48;4;5
ORD_1676;PROD_34;6;3
ORD_1676;PROD_41;4;3
ORD_1676;PROD_23;1;2
ORD_1676;PROD_20;8;5
ORD_1676;PROD_28;8;5
ORD_1676;PROD_8;1;2
ORD_1676;PROD_10;2;4
ORD_1676;PROD_46;1;5
ORD_1676;PROD_24;3;4
ORD_1676;PROD_43;2;3
ORD_1676;PROD_21;5;5
ORD_1676;PROD_20;1;1
ORD_1677;PROD_48;5;1
ORD_1677;PROD_49;5;1
ORD_1677;PROD_33;1;5
ORD_1677;PROD_46;2;4
ORD_1677;PROD_26;2;2
ORD_1677;PROD_15;4;3
ORD_1677;PROD_19;4;5
ORD_1677;PROD_32;5;5
ORD_1677;PROD_41;2;2
ORD_1677;PROD_31;2;4
ORD_1677;PROD_43;7;4
ORD_1677;PROD_47;8;5
ORD_1677;PROD_14;4;2
ORD_1678;PROD_14;3;3
ORD_1678;PROD_9;7;4
ORD_1678;PROD_38;1;3
ORD_1678;PROD_38;3;3
ORD_1678;PROD_33;5;5
ORD_1678;PROD_10;4;5
ORD_1678;PROD_29;1;2
ORD_1678;PROD_38;6;3
ORD_1678;PROD_47;1;3
ORD_1678;PROD_16;4;4
ORD_1678;PROD_25;4;1
ORD_1678;PROD_18;8;4
ORD_1679;PROD_3;8;3
ORD_1679;PROD_45;3;1
ORD_1679;PROD_46;8;4
ORD_1679;PROD_44;3;4
ORD_1679;PROD_35;8;2
ORD_1679;PROD_50;5;2
ORD_1679;PROD_27;2;1
ORD_1679;PROD_38;4;3
ORD_1679;PROD_16;6;4
ORD_1679;PROD_26;6;4
ORD_1679;PROD_16;9;1
ORD_1679;PROD_36;2;1
ORD_1679;PROD_42;6;2
ORD_1679;PROD_35;8;2
ORD_1679;PROD_37;2;1
ORD_1680;PROD_39;2;3
ORD_1680;PROD_11;2;3
ORD_1680;PROD_50;9;5
ORD_1680;PROD_2;2;2
ORD_1680;PROD_44;1;4
ORD_1680;PROD_17;1;2
ORD_1681;PROD_34;4;5
ORD_1681;PROD_45;7;3
ORD_1681;PROD_16;6;5
ORD_1681;PROD_10;7;5
ORD_1681;PROD_10;3;1
ORD_1681;PROD_3;1;5
ORD_1681;PROD_7;3;5
ORD_1681;PROD_23;6;3
ORD_1681;PROD_2;3;5
ORD_1681;PROD_28;1;2
ORD_1681;PROD_20;5;1
ORD_1682;PROD_36;1;1
ORD_1682;PROD_33;1;1
ORD_1682;PROD_33;7;2
ORD_1682;PROD_38;4;2
ORD_1682;PROD_49;2;4
ORD_1682;PROD_19;5;4
ORD_1682;PROD_15;2;1
ORD_1682;PROD_15;9;2
ORD_1682;PROD_44;7;4
ORD_1683;PROD_22;3;1
ORD_1683;PROD_25;9;1
ORD_1683;PROD_31;3;4
ORD_1683;PROD_40;8;5
ORD_1683;PROD_28;4;4
ORD_1683;PROD_9;9;4
ORD_1683;PROD_19;8;3
ORD_1683;PROD_33;3;4
ORD_1684;PROD_39;4;1
ORD_1684;PROD_31;3;4
ORD_1684;PROD_28;4;5
ORD_1684;PROD_25;7;5
ORD_1684;PROD_48;2;3
ORD_1684;PROD_27;8;2
ORD_1684;PROD_30;6;4
ORD_1684;PROD_22;6;5
ORD_1684;PROD_35;8;1
ORD_1684;PROD_34;6;1
ORD_1684;PROD_8;4;1
ORD_1684;PROD_31;7;5
ORD_1684;PROD_38;6;5
ORD_1684;PROD_49;8;3
ORD_1685;PROD_9;3;3
ORD_1685;PROD_45;8;5
ORD_1685;PROD_49;5;4
ORD_1685;PROD_32;2;1
ORD_1685;PROD_34;5;5
ORD_1686;PROD_47;6;4
ORD_1686;PROD_47;7;2
ORD_1686;PROD_1;9;5
ORD_1686;PROD_24;2;2
ORD_1686;PROD_24;2;5
ORD_1686;PROD_36;7;5
ORD_1686;PROD_29;9;4
ORD_1686;PROD_30;3;4
ORD_1686;PROD_24;7;4
ORD_1686;PROD_20;5;4
ORD_1686;PROD_17;6;5
ORD_1686;PROD_15;4;5
ORD_1687;PROD_21;1;2
ORD_1687;PROD_28;1;4
ORD_1687;PROD_17;1;3
ORD_1687;PROD_35;4;3
ORD_1687;PROD_13;6;5
ORD_1688;PROD_3;9;1
ORD_1688;PROD_21;8;2
ORD_1688;PROD_12;5;2
ORD_1688;PROD_16;9;4
ORD_1688;PROD_31;1;4
ORD_1688;PROD_33;2;5
ORD_1688;PROD_38;4;1
ORD_1688;PROD_49;4;2
ORD_1688;PROD_19;9;1
ORD_1689;PROD_10;2;2
ORD_1689;PROD_2;1;5
ORD_1689;PROD_50;1;5
ORD_1689;PROD_42;6;4
ORD_1689;PROD_27;9;5
ORD_1689;PROD_11;2;2
ORD_1689;PROD_24;5;2
ORD_1689;PROD_22;2;4
ORD_1689;PROD_37;8;5
ORD_1689;PROD_1;1;4
ORD_1689;PROD_48;3;3
ORD_1689;PROD_34;3;5
ORD_1689;PROD_2;5;1
ORD_1689;PROD_5;2;1
ORD_1689;PROD_26;2;3
ORD_1690;PROD_11;3;1
ORD_1690;PROD_43;1;5
ORD_1690;PROD_12;1;5
ORD_1690;PROD_50;9;5
ORD_1690;PROD_7;4;3
ORD_1691;PROD_11;6;1
ORD_1691;PROD_43;2;5
ORD_1691;PROD_12;9;2
ORD_1691;PROD_50;6;1
ORD_1691;PROD_7;9;5
ORD_1691;PROD_11;1;3
ORD_1691;PROD_36;4;4
ORD_1691;PROD_33;6;5
ORD_1691;PROD_38;2;1
ORD_1691;PROD_42;7;3
ORD_1691;PROD_2;9;4
ORD_1692;PROD_36;2;1
ORD_1692;PROD_33;6;1
ORD_1692;PROD_15;7;5
ORD_1692;PROD_22;8;4
ORD_1692;PROD_11;2;3
ORD_1692;PROD_43;5;4
ORD_1693;PROD_20;8;5
ORD_1693;PROD_10;9;4
ORD_1693;PROD_24;9;1
ORD_1693;PROD_39;8;1
ORD_1693;PROD_8;2;1
ORD_1693;PROD_4;4;5
ORD_1693;PROD_23;2;2
ORD_1693;PROD_2;3;5
ORD_1694;PROD_7;5;4
ORD_1694;PROD_41;9;3
ORD_1694;PROD_50;6;2
ORD_1694;PROD_45;6;1
ORD_1694;PROD_17;1;5
ORD_1694;PROD_9;6;3
ORD_1694;PROD_11;6;4
ORD_1694;PROD_16;9;1
ORD_1694;PROD_28;8;2
ORD_1694;PROD_45;8;2
ORD_1694;PROD_16;4;2
ORD_1694;PROD_5;5;4
ORD_1694;PROD_24;6;4
ORD_1694;PROD_43;9;3
ORD_1695;PROD_11;7;2
ORD_1695;PROD_43;7;2
ORD_1695;PROD_2;3;1
ORD_1695;PROD_1;9;5
ORD_1695;PROD_49;7;1
ORD_1695;PROD_20;1;3
ORD_1695;PROD_18;4;2
ORD_1696;PROD_12;7;1
ORD_1696;PROD_50;5;4
ORD_1696;PROD_7;5;3
ORD_1696;PROD_11;2;3
ORD_1696;PROD_3;5;2
ORD_1696;PROD_21;2;3
ORD_1696;PROD_12;1;1
ORD_1696;PROD_16;6;1
ORD_1696;PROD_31;5;5
ORD_1696;PROD_21;2;5
ORD_1696;PROD_17;8;2
ORD_1696;PROD_37;3;3
ORD_1696;PROD_24;1;1
ORD_1697;PROD_50;3;4
ORD_1697;PROD_45;1;3
ORD_1697;PROD_14;8;3
ORD_1697;PROD_21;8;5
ORD_1697;PROD_15;1;4
ORD_1697;PROD_6;3;3
ORD_1697;PROD_3;2;1
ORD_1697;PROD_12;2;1
ORD_1697;PROD_9;4;2
ORD_1697;PROD_19;6;1
ORD_1697;PROD_7;3;4
ORD_1697;PROD_37;1;2
ORD_1697;PROD_46;3;3
ORD_1697;PROD_47;1;3
ORD_1697;PROD_7;8;3
ORD_1698;PROD_12;6;2
ORD_1698;PROD_32;2;2
ORD_1698;PROD_18;5;2
ORD_1698;PROD_23;5;2
ORD_1698;PROD_8;3;5
ORD_1699;PROD_33;2;5
ORD_1699;PROD_38;7;3
ORD_1699;PROD_49;4;2
ORD_1699;PROD_19;1;5
ORD_1699;PROD_15;6;5
ORD_1699;PROD_6;8;2
ORD_1699;PROD_40;2;4
ORD_1699;PROD_33;3;3
ORD_1699;PROD_38;7;3
ORD_1699;PROD_37;9;5
ORD_1700;PROD_1;7;1
ORD_1700;PROD_38;8;2
ORD_1700;PROD_22;5;2
ORD_1700;PROD_25;8;2
ORD_1700;PROD_12;5;2
ORD_1700;PROD_31;9;1
ORD_1700;PROD_42;4;2
ORD_1701;PROD_15;1;1
ORD_1701;PROD_44;2;5
ORD_1701;PROD_36;2;5
ORD_1701;PROD_1;5;1
ORD_1701;PROD_33;1;4
ORD_1701;PROD_12;3;3
ORD_1701;PROD_31;3;5
ORD_1701;PROD_1;3;4
ORD_1701;PROD_28;9;3
ORD_1701;PROD_2;9;4
ORD_1701;PROD_28;2;2
ORD_1701;PROD_43;5;5
ORD_1701;PROD_29;6;3
ORD_1701;PROD_44;3;4
ORD_1701;PROD_20;6;4
ORD_1702;PROD_11;4;3
ORD_1702;PROD_43;5;3
ORD_1702;PROD_15;2;1
ORD_1702;PROD_44;9;3
ORD_1702;PROD_36;2;4
ORD_1702;PROD_1;2;1
ORD_1702;PROD_3;6;4
ORD_1702;PROD_21;7;2
ORD_1702;PROD_12;8;4
ORD_1702;PROD_16;2;5
ORD_1702;PROD_31;2;5
ORD_1702;PROD_26;6;4
ORD_1703;PROD_36;7;3
ORD_1703;PROD_33;1;5
ORD_1703;PROD_12;6;3
ORD_1703;PROD_50;8;5
ORD_1703;PROD_7;3;4
ORD_1703;PROD_11;7;4
ORD_1703;PROD_15;4;5
ORD_1703;PROD_22;1;5
ORD_1703;PROD_17;3;3
ORD_1703;PROD_4;2;3
ORD_1703;PROD_43;6;1
ORD_1704;PROD_33;6;3
ORD_1704;PROD_38;2;4
ORD_1704;PROD_49;8;2
ORD_1704;PROD_19;4;4
ORD_1704;PROD_15;7;3
ORD_1704;PROD_15;7;1
ORD_1704;PROD_44;6;2
ORD_1704;PROD_36;5;3
ORD_1704;PROD_1;1;5
ORD_1704;PROD_3;7;2
ORD_1704;PROD_21;2;4
ORD_1704;PROD_12;5;1
ORD_1704;PROD_16;5;3
ORD_1704;PROD_31;8;4
ORD_1704;PROD_42;3;5
ORD_1705;PROD_12;8;5
ORD_1705;PROD_50;2;1
ORD_1705;PROD_7;5;4
ORD_1705;PROD_11;4;1
ORD_1705;PROD_15;4;2
ORD_1705;PROD_22;8;3
ORD_1705;PROD_33;3;2
ORD_1705;PROD_38;8;5
ORD_1705;PROD_49;1;4
ORD_1705;PROD_19;9;1
ORD_1705;PROD_15;8;1
ORD_1705;PROD_45;4;5
ORD_1705;PROD_7;9;5
ORD_1705;PROD_8;5;1
ORD_1706;PROD_15;3;3
ORD_1706;PROD_44;8;4
ORD_1706;PROD_36;4;3
ORD_1706;PROD_1;2;2
ORD_1706;PROD_15;2;1
ORD_1706;PROD_22;6;2
ORD_1706;PROD_15;6;3
ORD_1707;PROD_11;3;5
ORD_1707;PROD_43;2;3
ORD_1707;PROD_36;9;1
ORD_1707;PROD_33;5;3
ORD_1707;PROD_39;8;4
ORD_1707;PROD_2;1;4
ORD_1707;PROD_34;6;2
ORD_1707;PROD_18;1;3
ORD_1707;PROD_7;6;2
ORD_1707;PROD_14;5;3
ORD_1708;PROD_25;3;5
ORD_1708;PROD_17;5;2
ORD_1708;PROD_31;3;4
ORD_1708;PROD_12;7;2
ORD_1708;PROD_33;4;4
ORD_1708;PROD_31;2;1
ORD_1708;PROD_48;5;1
ORD_1708;PROD_30;5;2
ORD_1708;PROD_32;2;2
ORD_1708;PROD_32;8;5
ORD_1708;PROD_21;7;4
ORD_1708;PROD_44;4;3
ORD_1709;PROD_3;3;4
ORD_1709;PROD_21;2;3
ORD_1709;PROD_12;7;4
ORD_1709;PROD_16;3;4
ORD_1709;PROD_31;3;3
ORD_1709;PROD_24;8;4
ORD_1709;PROD_11;4;4
ORD_1709;PROD_8;5;4
ORD_1709;PROD_15;9;2
ORD_1710;PROD_11;2;5
ORD_1710;PROD_42;9;3
ORD_1710;PROD_37;9;1
ORD_1710;PROD_27;8;3
ORD_1710;PROD_36;8;4
ORD_1710;PROD_19;9;1
ORD_1710;PROD_1;2;3
ORD_1710;PROD_34;5;4
ORD_1710;PROD_43;7;5
ORD_1710;PROD_16;3;3
ORD_1711;PROD_15;3;1
ORD_1711;PROD_22;3;4
ORD_1711;PROD_36;4;1
ORD_1711;PROD_33;8;2
ORD_1711;PROD_11;6;2
ORD_1711;PROD_43;7;1
ORD_1711;PROD_18;1;1
ORD_1711;PROD_45;9;2
ORD_1711;PROD_25;8;3
ORD_1711;PROD_47;7;2
ORD_1711;PROD_3;8;1
ORD_1711;PROD_11;1;5
ORD_1711;PROD_13;7;3
ORD_1711;PROD_38;6;5
ORD_1711;PROD_48;6;2
ORD_1712;PROD_48;9;3
ORD_1712;PROD_18;4;4
ORD_1712;PROD_7;6;1
ORD_1712;PROD_13;5;4
ORD_1712;PROD_12;9;4
ORD_1712;PROD_33;7;2
ORD_1712;PROD_45;6;3
ORD_1712;PROD_37;3;5
ORD_1712;PROD_32;6;4
ORD_1713;PROD_12;4;1
ORD_1713;PROD_50;9;1
ORD_1713;PROD_7;4;3
ORD_1713;PROD_11;1;2
ORD_1713;PROD_3;3;1
ORD_1714;PROD_22;2;4
ORD_1714;PROD_27;2;3
ORD_1714;PROD_8;2;5
ORD_1714;PROD_4;6;3
ORD_1714;PROD_47;5;2
ORD_1714;PROD_35;9;5
ORD_1714;PROD_12;5;2
ORD_1714;PROD_27;6;1
ORD_1714;PROD_22;4;3
ORD_1715;PROD_28;9;2
ORD_1715;PROD_22;2;3
ORD_1715;PROD_47;1;4
ORD_1715;PROD_17;8;2
ORD_1715;PROD_23;8;3
ORD_1715;PROD_30;8;3
ORD_1715;PROD_5;9;2
ORD_1715;PROD_21;9;5
ORD_1715;PROD_48;6;5
ORD_1715;PROD_4;9;4
ORD_1715;PROD_26;1;5
ORD_1715;PROD_3;1;4
ORD_1716;PROD_13;5;5
ORD_1716;PROD_16;9;1
ORD_1716;PROD_38;5;4
ORD_1716;PROD_23;6;1
ORD_1716;PROD_4;1;2
ORD_1716;PROD_19;9;2
ORD_1716;PROD_26;5;5
ORD_1717;PROD_39;4;3
ORD_1717;PROD_35;1;3
ORD_1717;PROD_43;9;5
ORD_1717;PROD_2;6;3
ORD_1717;PROD_43;4;3
ORD_1717;PROD_13;6;5
ORD_1717;PROD_48;9;4
ORD_1717;PROD_39;1;5
ORD_1717;PROD_30;7;3
ORD_1717;PROD_8;2;4
ORD_1717;PROD_32;6;4
ORD_1717;PROD_36;9;5
ORD_1717;PROD_8;3;2
ORD_1717;PROD_9;4;4
ORD_1718;PROD_3;6;1
ORD_1718;PROD_21;2;3
ORD_1718;PROD_12;5;3
ORD_1718;PROD_16;9;2
ORD_1718;PROD_31;1;3
ORD_1718;PROD_11;7;4
ORD_1718;PROD_50;4;5
ORD_1718;PROD_37;9;1
ORD_1718;PROD_25;5;1
ORD_1718;PROD_6;2;4
ORD_1718;PROD_7;5;1
ORD_1718;PROD_14;9;3
ORD_1719;PROD_32;7;4
ORD_1719;PROD_30;4;4
ORD_1719;PROD_9;3;4
ORD_1719;PROD_13;4;5
ORD_1719;PROD_29;3;5
ORD_1719;PROD_49;5;4
ORD_1719;PROD_22;4;4
ORD_1720;PROD_36;7;4
ORD_1720;PROD_33;9;2
ORD_1720;PROD_18;7;5
ORD_1720;PROD_6;8;3
ORD_1720;PROD_5;5;2
ORD_1720;PROD_37;2;3
ORD_1720;PROD_15;4;3
ORD_1720;PROD_28;9;1
ORD_1720;PROD_38;1;4
ORD_1720;PROD_38;8;2
ORD_1720;PROD_9;4;5
ORD_1720;PROD_14;6;1
ORD_1720;PROD_26;4;2
ORD_1721;PROD_26;7;3
ORD_1721;PROD_43;1;5
ORD_1721;PROD_33;1;4
ORD_1721;PROD_18;2;4
ORD_1721;PROD_34;1;4
ORD_1721;PROD_46;8;4
ORD_1721;PROD_37;1;4
ORD_1721;PROD_26;6;1
ORD_1721;PROD_24;1;1
ORD_1722;PROD_36;7;2
ORD_1722;PROD_33;7;5
ORD_1722;PROD_12;1;4
ORD_1722;PROD_50;7;3
ORD_1722;PROD_7;7;1
ORD_1723;PROD_5;6;4
ORD_1723;PROD_5;4;1
ORD_1723;PROD_49;8;1
ORD_1723;PROD_5;3;5
ORD_1723;PROD_7;9;5
ORD_1723;PROD_41;3;5
ORD_1723;PROD_34;8;1
ORD_1724;PROD_33;2;4
ORD_1724;PROD_38;1;2
ORD_1724;PROD_49;5;4
ORD_1724;PROD_19;7;1
ORD_1724;PROD_15;6;1
ORD_1724;PROD_3;1;2
ORD_1724;PROD_21;6;3
ORD_1724;PROD_12;7;5
ORD_1724;PROD_16;6;5
ORD_1724;PROD_31;1;1
ORD_1725;PROD_45;8;3
ORD_1725;PROD_42;9;1
ORD_1725;PROD_17;5;5
ORD_1725;PROD_33;3;1
ORD_1725;PROD_21;7;5
ORD_1725;PROD_18;4;2
ORD_1726;PROD_3;3;2
ORD_1726;PROD_21;6;2
ORD_1726;PROD_12;1;5
ORD_1726;PROD_16;3;2
ORD_1726;PROD_31;9;3
ORD_1726;PROD_33;2;5
ORD_1726;PROD_38;5;5
ORD_1726;PROD_49;6;5
ORD_1727;PROD_35;7;3
ORD_1727;PROD_38;1;5
ORD_1727;PROD_6;2;1
ORD_1727;PROD_48;1;4
ORD_1727;PROD_28;6;4
ORD_1727;PROD_43;9;1
ORD_1727;PROD_26;8;3
ORD_1727;PROD_17;7;3
ORD_1727;PROD_39;8;1
ORD_1728;PROD_24;2;1
ORD_1728;PROD_21;7;1
ORD_1728;PROD_9;2;4
ORD_1728;PROD_21;3;3
ORD_1728;PROD_32;8;1
ORD_1728;PROD_40;4;1
ORD_1728;PROD_4;8;1
ORD_1728;PROD_35;8;2
ORD_1729;PROD_3;3;4
ORD_1729;PROD_21;1;2
ORD_1729;PROD_12;4;5
ORD_1729;PROD_16;1;4
ORD_1729;PROD_31;1;3
ORD_1729;PROD_6;3;1
ORD_1729;PROD_32;9;4
ORD_1729;PROD_45;9;5
ORD_1729;PROD_25;1;3
ORD_1729;PROD_33;7;3
ORD_1729;PROD_41;6;4
ORD_1730;PROD_23;5;5
ORD_1730;PROD_13;2;5
ORD_1730;PROD_41;7;4
ORD_1730;PROD_27;8;5
ORD_1730;PROD_42;8;4
ORD_1731;PROD_10;7;5
ORD_1731;PROD_25;7;2
ORD_1731;PROD_24;8;5
ORD_1731;PROD_44;6;2
ORD_1731;PROD_31;6;3
ORD_1731;PROD_28;7;1
ORD_1731;PROD_46;5;3
ORD_1731;PROD_49;6;2
ORD_1731;PROD_46;5;3
ORD_1731;PROD_48;9;1
ORD_1731;PROD_16;9;1
ORD_1731;PROD_9;5;2
ORD_1731;PROD_50;9;1
ORD_1731;PROD_24;6;1
ORD_1732;PROD_15;6;3
ORD_1732;PROD_22;3;4
ORD_1732;PROD_15;6;5
ORD_1732;PROD_44;7;2
ORD_1732;PROD_36;9;2
ORD_1732;PROD_1;5;5
ORD_1732;PROD_11;1;3
ORD_1732;PROD_43;9;4
ORD_1732;PROD_15;8;5
ORD_1732;PROD_4;9;3
ORD_1732;PROD_18;9;3
ORD_1732;PROD_37;4;3
ORD_1732;PROD_2;8;4
ORD_1732;PROD_5;6;1
ORD_1733;PROD_11;2;3
ORD_1733;PROD_43;8;3
ORD_1733;PROD_36;1;3
ORD_1733;PROD_33;8;1
ORD_1733;PROD_8;9;2
ORD_1733;PROD_36;4;1
ORD_1733;PROD_2;9;1
ORD_1733;PROD_10;3;2
ORD_1733;PROD_19;3;1
ORD_1733;PROD_36;5;1
ORD_1733;PROD_46;9;5
ORD_1733;PROD_5;9;4
ORD_1733;PROD_10;8;4
ORD_1734;PROD_48;4;3
ORD_1734;PROD_45;8;2
ORD_1734;PROD_34;4;4
ORD_1734;PROD_11;5;5
ORD_1734;PROD_34;9;5
ORD_1735;PROD_36;5;2
ORD_1735;PROD_33;9;4
ORD_1735;PROD_12;1;1
ORD_1735;PROD_50;8;2
ORD_1735;PROD_7;9;4
ORD_1735;PROD_11;2;5
ORD_1736;PROD_33;2;4
ORD_1736;PROD_38;5;1
ORD_1736;PROD_49;7;1
ORD_1736;PROD_19;9;3
ORD_1736;PROD_15;7;1
ORD_1736;PROD_31;9;2
ORD_1736;PROD_24;1;3
ORD_1736;PROD_42;2;1
ORD_1736;PROD_13;3;5
ORD_1736;PROD_24;2;1
ORD_1736;PROD_5;1;4
ORD_1736;PROD_35;4;5
ORD_1736;PROD_36;7;2
ORD_1737;PROD_36;4;2
ORD_1737;PROD_33;8;2
ORD_1737;PROD_24;9;3
ORD_1737;PROD_49;8;5
ORD_1737;PROD_45;8;3
ORD_1737;PROD_32;1;1
ORD_1737;PROD_44;5;5
ORD_1737;PROD_32;3;4
ORD_1737;PROD_6;6;1
ORD_1737;PROD_15;1;3
ORD_1737;PROD_31;4;2
ORD_1737;PROD_35;9;2
ORD_1738;PROD_33;5;4
ORD_1738;PROD_7;9;2
ORD_1738;PROD_3;2;4
ORD_1738;PROD_11;7;3
ORD_1738;PROD_4;1;5
ORD_1738;PROD_47;1;1
ORD_1738;PROD_34;5;5
ORD_1738;PROD_19;2;2
ORD_1738;PROD_12;7;5
ORD_1738;PROD_31;2;4
ORD_1738;PROD_2;8;3
ORD_1739;PROD_4;4;4
ORD_1739;PROD_1;3;4
ORD_1739;PROD_10;3;2
ORD_1739;PROD_38;3;5
ORD_1739;PROD_1;6;1
ORD_1739;PROD_41;2;1
ORD_1739;PROD_31;7;2
ORD_1740;PROD_15;1;5
ORD_1740;PROD_44;5;4
ORD_1740;PROD_36;4;5
ORD_1740;PROD_1;9;2
ORD_1740;PROD_15;5;4
ORD_1740;PROD_22;9;1
ORD_1740;PROD_3;5;2
ORD_1740;PROD_21;7;2
ORD_1740;PROD_12;1;5
ORD_1740;PROD_16;4;4
ORD_1740;PROD_31;8;4
ORD_1740;PROD_50;8;3
ORD_1740;PROD_28;3;4
ORD_1740;PROD_33;2;5
ORD_1741;PROD_3;7;2
ORD_1741;PROD_21;6;1
ORD_1741;PROD_12;2;2
ORD_1741;PROD_16;2;4
ORD_1741;PROD_31;1;2
ORD_1741;PROD_8;3;3
ORD_1741;PROD_34;4;3
ORD_1741;PROD_32;6;5
ORD_1742;PROD_46;7;2
ORD_1742;PROD_23;2;5
ORD_1742;PROD_31;5;4
ORD_1742;PROD_50;8;3
ORD_1742;PROD_22;9;4
ORD_1742;PROD_13;2;4
ORD_1742;PROD_44;5;1
ORD_1742;PROD_16;5;4
ORD_1742;PROD_23;1;4
ORD_1742;PROD_14;4;2
ORD_1743;PROD_42;4;2
ORD_1743;PROD_26;2;5
ORD_1743;PROD_31;6;1
ORD_1743;PROD_30;8;5
ORD_1743;PROD_50;1;4
ORD_1743;PROD_46;1;1
ORD_1743;PROD_41;9;4
ORD_1743;PROD_21;3;5
ORD_1743;PROD_17;8;3
ORD_1743;PROD_17;9;5
ORD_1743;PROD_2;9;4
ORD_1743;PROD_5;2;1
ORD_1743;PROD_11;5;2
ORD_1743;PROD_5;4;3
ORD_1744;PROD_4;2;2
ORD_1744;PROD_18;4;1
ORD_1744;PROD_47;7;1
ORD_1744;PROD_31;6;3
ORD_1744;PROD_16;7;3
ORD_1744;PROD_17;4;3
ORD_1744;PROD_48;7;2
ORD_1744;PROD_40;3;2
ORD_1744;PROD_24;4;2
ORD_1744;PROD_33;7;3
ORD_1744;PROD_50;7;1
ORD_1744;PROD_12;5;5
ORD_1744;PROD_15;8;5
ORD_1744;PROD_4;9;2
ORD_1744;PROD_21;2;1
ORD_1745;PROD_3;2;4
ORD_1745;PROD_21;1;4
ORD_1745;PROD_12;2;4
ORD_1745;PROD_16;4;3
ORD_1745;PROD_31;7;5
ORD_1745;PROD_11;8;4
ORD_1745;PROD_43;7;2
ORD_1745;PROD_18;1;5
ORD_1745;PROD_22;7;4
ORD_1745;PROD_12;8;1
ORD_1745;PROD_49;4;4
ORD_1745;PROD_50;2;4
ORD_1745;PROD_25;3;3
ORD_1746;PROD_36;1;5
ORD_1746;PROD_33;3;4
ORD_1746;PROD_15;7;4
ORD_1746;PROD_22;5;5
ORD_1746;PROD_3;7;2
ORD_1746;PROD_21;7;1
ORD_1746;PROD_12;7;4
ORD_1746;PROD_16;3;3
ORD_1746;PROD_31;5;3
ORD_1746;PROD_45;2;1
ORD_1746;PROD_33;7;2
ORD_1747;PROD_12;1;4
ORD_1747;PROD_50;7;1
ORD_1747;PROD_7;2;4
ORD_1747;PROD_11;2;5
ORD_1747;PROD_12;1;2
ORD_1747;PROD_50;6;5
ORD_1747;PROD_7;3;3
ORD_1747;PROD_11;7;3
ORD_1747;PROD_15;4;1
ORD_1747;PROD_22;4;4
ORD_1747;PROD_38;5;3
ORD_1747;PROD_32;2;3
ORD_1747;PROD_9;1;5
ORD_1748;PROD_36;6;3
ORD_1748;PROD_46;2;1
ORD_1748;PROD_6;6;4
ORD_1748;PROD_24;3;1
ORD_1748;PROD_39;3;1
ORD_1748;PROD_2;2;1
ORD_1748;PROD_34;6;1
ORD_1748;PROD_18;4;1
ORD_1748;PROD_33;3;5
ORD_1748;PROD_10;2;2
ORD_1748;PROD_25;6;3
ORD_1748;PROD_21;1;1
ORD_1748;PROD_13;2;4
ORD_1748;PROD_12;8;3
ORD_1749;PROD_7;9;2
ORD_1749;PROD_26;9;1
ORD_1749;PROD_33;9;4
ORD_1749;PROD_14;1;4
ORD_1749;PROD_23;1;1
ORD_1750;PROD_15;5;3
ORD_1750;PROD_44;8;5
ORD_1750;PROD_36;3;1
ORD_1750;PROD_1;6;4
ORD_1750;PROD_15;3;5
ORD_1750;PROD_22;8;2
ORD_1750;PROD_11;7;1
ORD_1750;PROD_43;8;4
ORD_1750;PROD_17;7;2
ORD_1751;PROD_9;8;4
ORD_1751;PROD_2;4;1
ORD_1751;PROD_23;1;1
ORD_1751;PROD_25;4;3
ORD_1751;PROD_10;9;4
ORD_1751;PROD_40;7;3
ORD_1752;PROD_11;7;3
ORD_1752;PROD_43;6;4
ORD_1752;PROD_15;7;2
ORD_1752;PROD_44;2;2
ORD_1752;PROD_36;9;5
ORD_1752;PROD_1;9;5
ORD_1752;PROD_32;8;2
ORD_1752;PROD_46;5;4
ORD_1752;PROD_27;7;1
ORD_1752;PROD_5;5;2
ORD_1752;PROD_33;1;2
ORD_1752;PROD_46;3;5
ORD_1752;PROD_34;6;5
ORD_1753;PROD_3;5;4
ORD_1753;PROD_21;8;3
ORD_1753;PROD_12;5;3
ORD_1753;PROD_16;7;4
ORD_1753;PROD_31;9;1
ORD_1753;PROD_33;2;5
ORD_1753;PROD_38;7;1
ORD_1753;PROD_49;8;3
ORD_1753;PROD_19;1;3
ORD_1753;PROD_15;6;3
ORD_1753;PROD_24;1;5
ORD_1753;PROD_42;7;1
ORD_1753;PROD_12;9;5
ORD_1754;PROD_12;7;2
ORD_1754;PROD_50;4;5
ORD_1754;PROD_7;4;3
ORD_1754;PROD_11;2;5
ORD_1754;PROD_13;9;4
ORD_1754;PROD_20;6;2
ORD_1755;PROD_6;5;3
ORD_1755;PROD_48;6;4
ORD_1755;PROD_19;2;3
ORD_1755;PROD_45;7;1
ORD_1755;PROD_2;1;3
ORD_1755;PROD_41;3;1
ORD_1755;PROD_19;9;2
ORD_1755;PROD_30;7;2
ORD_1755;PROD_49;3;5
ORD_1756;PROD_14;2;4
ORD_1756;PROD_15;2;3
ORD_1756;PROD_11;2;2
ORD_1756;PROD_5;4;2
ORD_1756;PROD_47;4;2
ORD_1756;PROD_40;8;5
ORD_1756;PROD_5;9;2
ORD_1756;PROD_8;9;4
ORD_1756;PROD_44;7;1
ORD_1756;PROD_4;3;1
ORD_1756;PROD_46;9;4
ORD_1756;PROD_24;7;5
ORD_1757;PROD_13;4;2
ORD_1757;PROD_31;8;1
ORD_1757;PROD_20;7;3
ORD_1757;PROD_5;2;5
ORD_1757;PROD_8;4;5
ORD_1757;PROD_46;7;5
ORD_1757;PROD_30;2;1
ORD_1757;PROD_50;7;5
ORD_1757;PROD_2;7;4
ORD_1757;PROD_29;6;3
ORD_1757;PROD_3;9;3
ORD_1757;PROD_29;7;3
ORD_1757;PROD_23;3;5
ORD_1758;PROD_15;7;5
ORD_1758;PROD_44;8;5
ORD_1758;PROD_36;7;4
ORD_1758;PROD_1;8;5
ORD_1758;PROD_15;2;3
ORD_1758;PROD_44;6;5
ORD_1758;PROD_36;6;5
ORD_1758;PROD_1;6;4
ORD_1758;PROD_38;4;2
ORD_1758;PROD_47;6;3
ORD_1758;PROD_28;7;2
ORD_1758;PROD_29;2;5
ORD_1758;PROD_18;8;1
ORD_1759;PROD_12;1;3
ORD_1759;PROD_50;7;3
ORD_1759;PROD_7;9;5
ORD_1759;PROD_11;7;1
ORD_1759;PROD_34;7;1
ORD_1759;PROD_4;6;1
ORD_1759;PROD_45;4;1
ORD_1759;PROD_10;1;3
ORD_1759;PROD_26;4;5
ORD_1759;PROD_16;4;1
ORD_1759;PROD_44;9;4
ORD_1759;PROD_47;5;3
ORD_1759;PROD_7;6;1
ORD_1759;PROD_11;7;3
ORD_1760;PROD_8;1;3
ORD_1760;PROD_39;1;2
ORD_1760;PROD_26;8;5
ORD_1760;PROD_34;8;3
ORD_1760;PROD_39;1;3
ORD_1760;PROD_26;9;4
ORD_1760;PROD_1;5;4
ORD_1760;PROD_49;2;2
ORD_1760;PROD_48;1;1
ORD_1760;PROD_42;3;1
ORD_1760;PROD_33;9;2
ORD_1760;PROD_34;3;1
ORD_1760;PROD_49;8;5
ORD_1760;PROD_8;6;5
ORD_1761;PROD_36;2;3
ORD_1761;PROD_33;2;3
ORD_1761;PROD_10;4;1
ORD_1761;PROD_14;7;1
ORD_1761;PROD_18;9;3
ORD_1761;PROD_13;3;2
ORD_1761;PROD_13;7;3
ORD_1761;PROD_44;3;5
ORD_1761;PROD_27;7;1
ORD_1761;PROD_25;3;5
ORD_1761;PROD_20;1;4
ORD_1761;PROD_10;8;1
ORD_1761;PROD_34;2;5
ORD_1761;PROD_11;2;3
ORD_1761;PROD_32;3;2
ORD_1762;PROD_15;1;4
ORD_1762;PROD_22;4;3
ORD_1762;PROD_12;3;1
ORD_1762;PROD_50;5;4
ORD_1762;PROD_7;6;1
ORD_1762;PROD_11;8;4
ORD_1762;PROD_2;9;2
ORD_1762;PROD_7;8;5
ORD_1762;PROD_22;8;2
ORD_1762;PROD_32;5;1
ORD_1762;PROD_15;7;5
ORD_1762;PROD_3;1;5
ORD_1762;PROD_43;3;3
ORD_1763;PROD_43;7;5
ORD_1763;PROD_41;9;4
ORD_1763;PROD_10;4;3
ORD_1763;PROD_8;1;1
ORD_1763;PROD_6;2;1
ORD_1763;PROD_47;9;3
ORD_1763;PROD_32;7;5
ORD_1764;PROD_11;4;4
ORD_1764;PROD_36;7;2
ORD_1764;PROD_16;5;4
ORD_1764;PROD_29;1;3
ORD_1764;PROD_41;8;2
ORD_1764;PROD_21;4;5
ORD_1764;PROD_14;1;1
ORD_1764;PROD_48;6;2
ORD_1764;PROD_2;4;3
ORD_1764;PROD_34;1;4
ORD_1764;PROD_23;4;4
ORD_1764;PROD_30;1;4
ORD_1764;PROD_22;6;4
ORD_1764;PROD_32;6;1
ORD_1764;PROD_48;8;5
ORD_1765;PROD_12;4;2
ORD_1765;PROD_50;3;3
ORD_1765;PROD_7;3;5
ORD_1765;PROD_11;2;1
ORD_1765;PROD_12;6;1
ORD_1765;PROD_50;2;5
ORD_1765;PROD_7;9;3
ORD_1765;PROD_11;5;4
ORD_1766;PROD_15;6;2
ORD_1766;PROD_44;2;3
ORD_1766;PROD_36;6;2
ORD_1766;PROD_1;9;4
ORD_1766;PROD_15;5;1
ORD_1766;PROD_22;9;4
ORD_1766;PROD_33;2;3
ORD_1766;PROD_38;1;3
ORD_1766;PROD_49;3;4
ORD_1766;PROD_19;3;3
ORD_1766;PROD_15;8;2
ORD_1766;PROD_5;8;4
ORD_1766;PROD_47;6;5
ORD_1767;PROD_22;9;4
ORD_1767;PROD_35;3;5
ORD_1767;PROD_37;4;1
ORD_1767;PROD_8;5;3
ORD_1767;PROD_35;2;1
ORD_1767;PROD_4;8;1
ORD_1767;PROD_50;2;1
ORD_1767;PROD_12;7;2
ORD_1767;PROD_16;3;4
ORD_1767;PROD_21;2;2
ORD_1768;PROD_15;3;4
ORD_1768;PROD_44;5;2
ORD_1768;PROD_36;8;5
ORD_1768;PROD_1;1;5
ORD_1768;PROD_33;6;1
ORD_1768;PROD_38;1;2
ORD_1768;PROD_49;9;5
ORD_1769;PROD_6;4;5
ORD_1769;PROD_38;7;5
ORD_1769;PROD_15;7;4
ORD_1769;PROD_18;8;3
ORD_1769;PROD_36;1;2
ORD_1769;PROD_27;3;5
ORD_1769;PROD_26;4;3
ORD_1769;PROD_30;6;1
ORD_1769;PROD_4;8;5
ORD_1769;PROD_44;1;2
ORD_1769;PROD_7;1;1
ORD_1769;PROD_7;7;4
ORD_1769;PROD_21;5;3
ORD_1769;PROD_16;8;4
ORD_1770;PROD_50;2;1
ORD_1770;PROD_25;2;2
ORD_1770;PROD_18;1;2
ORD_1770;PROD_21;9;3
ORD_1770;PROD_3;4;5
ORD_1770;PROD_7;2;2
ORD_1770;PROD_16;3;5
ORD_1770;PROD_9;6;5
ORD_1771;PROD_12;7;4
ORD_1771;PROD_50;6;1
ORD_1771;PROD_7;3;1
ORD_1771;PROD_11;9;3
ORD_1771;PROD_12;5;3
ORD_1771;PROD_50;4;3
ORD_1771;PROD_7;9;5
ORD_1771;PROD_11;1;2
ORD_1771;PROD_11;7;5
ORD_1772;PROD_12;9;4
ORD_1772;PROD_50;8;2
ORD_1772;PROD_7;1;3
ORD_1772;PROD_11;3;1
ORD_1772;PROD_15;8;1
ORD_1772;PROD_44;3;2
ORD_1773;PROD_33;2;3
ORD_1773;PROD_38;3;2
ORD_1773;PROD_49;4;1
ORD_1773;PROD_19;1;5
ORD_1773;PROD_15;4;3
ORD_1773;PROD_49;5;1
ORD_1773;PROD_2;2;4
ORD_1773;PROD_31;7;4
ORD_1773;PROD_7;4;2
ORD_1773;PROD_47;2;4
ORD_1773;PROD_41;4;1
ORD_1774;PROD_15;2;1
ORD_1774;PROD_22;3;4
ORD_1774;PROD_3;6;2
ORD_1774;PROD_21;1;2
ORD_1774;PROD_12;2;3
ORD_1774;PROD_16;5;4
ORD_1775;PROD_33;7;4
ORD_1775;PROD_38;4;1
ORD_1775;PROD_49;5;3
ORD_1775;PROD_19;2;5
ORD_1775;PROD_15;3;5
ORD_1775;PROD_11;1;1
ORD_1775;PROD_43;9;1
ORD_1775;PROD_35;1;4
ORD_1775;PROD_9;9;2
ORD_1775;PROD_11;9;2
ORD_1776;PROD_11;1;5
ORD_1776;PROD_43;3;1
ORD_1776;PROD_46;1;5
ORD_1776;PROD_18;3;2
ORD_1776;PROD_10;3;4
ORD_1776;PROD_15;8;4
ORD_1776;PROD_18;6;4
ORD_1776;PROD_13;7;2
ORD_1777;PROD_32;3;1
ORD_1777;PROD_23;7;4
ORD_1777;PROD_29;8;4
ORD_1777;PROD_39;2;5
ORD_1777;PROD_11;9;4
ORD_1777;PROD_15;8;5
ORD_1777;PROD_41;6;1
ORD_1777;PROD_23;7;2
ORD_1777;PROD_7;7;3
ORD_1778;PROD_8;7;5
ORD_1778;PROD_18;3;2
ORD_1778;PROD_45;4;5
ORD_1778;PROD_42;1;5
ORD_1778;PROD_50;9;5
ORD_1778;PROD_43;2;4
ORD_1778;PROD_31;7;2
ORD_1779;PROD_33;9;2
ORD_1779;PROD_38;2;2
ORD_1779;PROD_49;3;1
ORD_1779;PROD_19;9;4
ORD_1779;PROD_15;7;1
ORD_1779;PROD_12;8;5
ORD_1779;PROD_50;7;2
ORD_1779;PROD_7;5;5
ORD_1780;PROD_36;4;1
ORD_1780;PROD_33;8;3
ORD_1780;PROD_15;6;5
ORD_1780;PROD_44;2;2
ORD_1780;PROD_36;4;1
ORD_1780;PROD_1;4;5
ORD_1780;PROD_3;4;3
ORD_1781;PROD_12;4;5
ORD_1781;PROD_50;2;3
ORD_1781;PROD_7;6;3
ORD_1781;PROD_11;1;1
ORD_1781;PROD_33;9;4
ORD_1781;PROD_15;5;3
ORD_1781;PROD_7;7;4
ORD_1781;PROD_49;2;2
ORD_1781;PROD_15;1;1
ORD_1781;PROD_47;7;4
ORD_1781;PROD_22;9;4
ORD_1781;PROD_27;8;3
ORD_1781;PROD_50;4;1
ORD_1781;PROD_7;2;2
ORD_1781;PROD_23;5;5
ORD_1782;PROD_4;8;2
ORD_1782;PROD_2;9;1
ORD_1782;PROD_13;1;4
ORD_1782;PROD_45;6;1
ORD_1782;PROD_12;3;2
ORD_1782;PROD_37;2;5
ORD_1782;PROD_36;5;1
ORD_1782;PROD_49;3;3
ORD_1782;PROD_42;5;2
ORD_1782;PROD_32;2;3
ORD_1782;PROD_47;8;2
ORD_1783;PROD_37;8;3
ORD_1783;PROD_24;9;1
ORD_1783;PROD_25;5;1
ORD_1783;PROD_32;2;1
ORD_1783;PROD_25;2;2
ORD_1783;PROD_41;3;4
ORD_1783;PROD_36;2;5
ORD_1783;PROD_39;3;1
ORD_1783;PROD_12;6;4
ORD_1783;PROD_20;6;3
ORD_1784;PROD_10;4;2
ORD_1784;PROD_18;1;2
ORD_1784;PROD_13;1;5
ORD_1784;PROD_42;7;5
ORD_1784;PROD_36;5;4
ORD_1784;PROD_12;4;1
ORD_1784;PROD_22;3;3
ORD_1784;PROD_37;5;1
ORD_1784;PROD_26;9;4
ORD_1784;PROD_31;8;5
ORD_1784;PROD_49;7;1
ORD_1784;PROD_34;8;1
ORD_1785;PROD_1;1;3
ORD_1785;PROD_12;9;5
ORD_1785;PROD_37;9;1
ORD_1785;PROD_8;8;4
ORD_1785;PROD_27;9;2
ORD_1785;PROD_36;7;5
ORD_1785;PROD_43;3;1
ORD_1785;PROD_7;4;4
ORD_1785;PROD_33;4;4
ORD_1785;PROD_30;6;3
ORD_1785;PROD_48;8;4
ORD_1785;PROD_24;6;5
ORD_1785;PROD_11;5;4
ORD_1786;PROD_15;3;5
ORD_1786;PROD_22;6;2
ORD_1786;PROD_15;5;3
ORD_1786;PROD_44;4;2
ORD_1786;PROD_36;5;1
ORD_1786;PROD_1;3;5
ORD_1786;PROD_3;6;3
ORD_1786;PROD_21;8;1
ORD_1786;PROD_12;8;5
ORD_1787;PROD_31;2;4
ORD_1787;PROD_37;5;5
ORD_1787;PROD_7;3;2
ORD_1787;PROD_34;8;3
ORD_1787;PROD_22;5;4
ORD_1788;PROD_2;5;1
ORD_1788;PROD_25;4;2
ORD_1788;PROD_11;6;5
ORD_1788;PROD_31;7;4
ORD_1788;PROD_26;4;4
ORD_1788;PROD_49;8;1
ORD_1788;PROD_24;9;2
ORD_1788;PROD_47;5;3
ORD_1788;PROD_49;1;1
ORD_1788;PROD_19;1;4
ORD_1788;PROD_26;4;3
ORD_1788;PROD_50;2;2
ORD_1788;PROD_30;4;3
ORD_1789;PROD_46;3;1
ORD_1789;PROD_10;7;5
ORD_1789;PROD_35;1;3
ORD_1789;PROD_15;7;2
ORD_1789;PROD_48;1;1
ORD_1789;PROD_11;9;2
ORD_1790;PROD_15;5;5
ORD_1790;PROD_22;8;2
ORD_1790;PROD_15;3;5
ORD_1790;PROD_44;6;3
ORD_1790;PROD_36;2;4
ORD_1790;PROD_1;9;2
ORD_1791;PROD_33;6;1
ORD_1791;PROD_38;1;3
ORD_1791;PROD_49;9;4
ORD_1791;PROD_19;7;5
ORD_1791;PROD_15;7;3
ORD_1792;PROD_15;8;2
ORD_1792;PROD_44;7;3
ORD_1792;PROD_36;8;4
ORD_1792;PROD_1;9;5
ORD_1792;PROD_33;9;4
ORD_1792;PROD_38;8;2
ORD_1792;PROD_49;1;5
ORD_1793;PROD_3;1;5
ORD_1793;PROD_21;7;4
ORD_1793;PROD_12;2;2
ORD_1793;PROD_16;1;2
ORD_1793;PROD_31;5;1
ORD_1793;PROD_16;3;3
ORD_1793;PROD_11;3;1
ORD_1793;PROD_13;8;1
ORD_1793;PROD_31;8;1
ORD_1793;PROD_27;9;1
ORD_1793;PROD_16;2;5
ORD_1793;PROD_30;5;1
ORD_1793;PROD_1;7;1
ORD_1794;PROD_15;6;5
ORD_1794;PROD_22;5;4
ORD_1794;PROD_12;3;4
ORD_1794;PROD_50;4;2
ORD_1794;PROD_7;9;2
ORD_1794;PROD_11;7;5
ORD_1794;PROD_36;3;1
ORD_1794;PROD_33;1;2
ORD_1794;PROD_41;3;5
ORD_1794;PROD_7;5;4
ORD_1795;PROD_31;6;3
ORD_1795;PROD_29;6;2
ORD_1795;PROD_33;9;3
ORD_1795;PROD_40;8;4
ORD_1795;PROD_39;9;3
ORD_1795;PROD_34;4;4
ORD_1795;PROD_36;6;3
ORD_1795;PROD_30;1;5
ORD_1795;PROD_22;2;3
ORD_1795;PROD_15;6;3
ORD_1795;PROD_20;1;4
ORD_1795;PROD_7;5;1
ORD_1795;PROD_13;4;3
ORD_1795;PROD_44;1;5
ORD_1796;PROD_3;4;5
ORD_1796;PROD_21;1;1
ORD_1796;PROD_12;1;4
ORD_1796;PROD_16;6;1
ORD_1796;PROD_31;8;5
ORD_1796;PROD_11;9;5
ORD_1796;PROD_43;5;4
ORD_1796;PROD_22;7;4
ORD_1796;PROD_38;1;5
ORD_1796;PROD_27;1;3
ORD_1796;PROD_37;5;4
ORD_1796;PROD_5;8;3
ORD_1796;PROD_48;3;3
ORD_1797;PROD_2;2;4
ORD_1797;PROD_17;3;1
ORD_1797;PROD_50;7;4
ORD_1797;PROD_22;5;4
ORD_1797;PROD_10;4;3
ORD_1797;PROD_39;5;2
ORD_1797;PROD_38;1;3
ORD_1798;PROD_18;5;2
ORD_1798;PROD_6;3;5
ORD_1798;PROD_47;4;5
ORD_1798;PROD_14;7;5
ORD_1798;PROD_38;8;5
ORD_1798;PROD_42;2;3
ORD_1798;PROD_17;4;1
ORD_1798;PROD_8;9;2
ORD_1798;PROD_25;4;2
ORD_1798;PROD_47;5;5
ORD_1798;PROD_42;8;5
ORD_1798;PROD_7;9;3
ORD_1799;PROD_8;8;1
ORD_1799;PROD_43;3;5
ORD_1799;PROD_12;2;1
ORD_1799;PROD_30;7;5
ORD_1799;PROD_49;4;3
ORD_1799;PROD_31;6;3
ORD_1799;PROD_36;2;5
ORD_1799;PROD_13;1;1
ORD_1800;PROD_35;8;4
ORD_1800;PROD_21;1;2
ORD_1800;PROD_4;9;2
ORD_1800;PROD_3;9;3
ORD_1800;PROD_46;8;1
ORD_1800;PROD_41;2;3
ORD_1800;PROD_28;3;5
ORD_1800;PROD_25;5;3
ORD_1800;PROD_30;1;1
ORD_1801;PROD_7;4;1
ORD_1801;PROD_23;5;4
ORD_1801;PROD_19;5;3
ORD_1801;PROD_44;1;3
ORD_1801;PROD_16;7;5
ORD_1801;PROD_46;2;3
ORD_1801;PROD_49;3;1
ORD_1801;PROD_39;8;1
ORD_1801;PROD_25;9;1
ORD_1801;PROD_13;5;3
ORD_1801;PROD_25;2;4
ORD_1801;PROD_8;9;1
ORD_1802;PROD_46;1;4
ORD_1802;PROD_47;9;4
ORD_1802;PROD_17;5;1
ORD_1802;PROD_17;5;2
ORD_1802;PROD_7;4;2
ORD_1803;PROD_3;6;2
ORD_1803;PROD_21;9;2
ORD_1803;PROD_12;6;4
ORD_1803;PROD_16;8;1
ORD_1803;PROD_31;5;3
ORD_1803;PROD_3;3;5
ORD_1803;PROD_21;2;4
ORD_1803;PROD_12;1;5
ORD_1804;PROD_36;7;3
ORD_1804;PROD_33;1;4
ORD_1804;PROD_13;9;1
ORD_1804;PROD_16;6;5
ORD_1804;PROD_16;9;1
ORD_1804;PROD_31;6;5
ORD_1804;PROD_18;7;3
ORD_1804;PROD_30;6;3
ORD_1804;PROD_29;7;1
ORD_1804;PROD_31;7;3
ORD_1805;PROD_11;1;3
ORD_1805;PROD_43;5;3
ORD_1805;PROD_33;1;3
ORD_1805;PROD_38;7;2
ORD_1805;PROD_49;1;4
ORD_1805;PROD_19;9;4
ORD_1805;PROD_15;5;5
ORD_1805;PROD_22;7;2
ORD_1805;PROD_35;3;1
ORD_1805;PROD_9;4;3
ORD_1805;PROD_30;8;5
ORD_1806;PROD_36;4;5
ORD_1806;PROD_33;5;1
ORD_1806;PROD_35;9;2
ORD_1806;PROD_36;4;3
ORD_1806;PROD_18;6;4
ORD_1806;PROD_34;4;2
ORD_1806;PROD_18;1;4
ORD_1806;PROD_10;4;2
ORD_1807;PROD_6;7;1
ORD_1807;PROD_9;6;4
ORD_1807;PROD_4;8;1
ORD_1807;PROD_49;1;3
ORD_1807;PROD_42;4;5
ORD_1807;PROD_18;7;4
ORD_1808;PROD_11;2;2
ORD_1808;PROD_43;5;4
ORD_1808;PROD_25;7;4
ORD_1808;PROD_20;8;3
ORD_1808;PROD_45;4;1
ORD_1808;PROD_19;1;1
ORD_1808;PROD_38;3;1
ORD_1808;PROD_45;1;5
ORD_1808;PROD_35;1;4
ORD_1808;PROD_49;5;5
ORD_1808;PROD_25;8;2
ORD_1808;PROD_15;3;2
ORD_1808;PROD_1;8;2
ORD_1809;PROD_14;8;4
ORD_1809;PROD_32;9;5
ORD_1809;PROD_13;1;2
ORD_1809;PROD_50;8;2
ORD_1809;PROD_31;2;4
ORD_1809;PROD_47;4;3
ORD_1809;PROD_30;5;3
ORD_1809;PROD_32;2;3
ORD_1809;PROD_27;1;5
ORD_1809;PROD_49;6;5
ORD_1809;PROD_30;8;3
ORD_1810;PROD_11;8;2
ORD_1810;PROD_4;5;4
ORD_1810;PROD_36;4;2
ORD_1810;PROD_46;5;4
ORD_1810;PROD_37;6;1
ORD_1810;PROD_1;3;5
ORD_1810;PROD_1;9;3
ORD_1810;PROD_8;2;4
ORD_1810;PROD_2;8;2
ORD_1810;PROD_4;1;5
ORD_1810;PROD_45;4;4
ORD_1811;PROD_3;8;3
ORD_1811;PROD_21;5;5
ORD_1811;PROD_12;5;3
ORD_1811;PROD_16;9;3
ORD_1811;PROD_31;7;3
ORD_1811;PROD_33;8;1
ORD_1811;PROD_38;8;1
ORD_1811;PROD_49;6;3
ORD_1811;PROD_19;4;4
ORD_1811;PROD_15;7;4
ORD_1811;PROD_15;3;5
ORD_1811;PROD_22;7;4
ORD_1812;PROD_3;7;4
ORD_1812;PROD_21;9;5
ORD_1812;PROD_12;6;5
ORD_1812;PROD_16;1;1
ORD_1812;PROD_31;9;5
ORD_1812;PROD_36;9;3
ORD_1812;PROD_33;3;1
ORD_1812;PROD_33;7;1
ORD_1813;PROD_31;5;1
ORD_1813;PROD_47;5;2
ORD_1813;PROD_35;1;3
ORD_1813;PROD_33;4;4
ORD_1813;PROD_47;9;2
ORD_1813;PROD_15;8;5
ORD_1813;PROD_1;1;5
ORD_1814;PROD_43;9;3
ORD_1814;PROD_20;7;1
ORD_1814;PROD_48;3;4
ORD_1814;PROD_23;6;2
ORD_1814;PROD_21;9;4
ORD_1814;PROD_38;7;3
ORD_1814;PROD_23;4;2
ORD_1814;PROD_33;2;4
ORD_1815;PROD_38;2;4
ORD_1815;PROD_15;6;5
ORD_1815;PROD_9;6;4
ORD_1815;PROD_20;1;3
ORD_1815;PROD_11;8;2
ORD_1815;PROD_45;8;1
ORD_1815;PROD_34;3;2
ORD_1815;PROD_44;4;5
ORD_1815;PROD_27;1;2
ORD_1816;PROD_15;3;2
ORD_1816;PROD_44;9;5
ORD_1816;PROD_36;9;3
ORD_1816;PROD_1;2;5
ORD_1816;PROD_3;1;3
ORD_1816;PROD_21;7;4
ORD_1816;PROD_12;4;2
ORD_1816;PROD_16;5;4
ORD_1816;PROD_31;9;3
ORD_1816;PROD_44;2;2
ORD_1816;PROD_24;6;5
ORD_1817;PROD_14;8;4
ORD_1817;PROD_30;6;5
ORD_1817;PROD_22;5;1
ORD_1817;PROD_41;8;2
ORD_1817;PROD_3;6;2
ORD_1817;PROD_4;7;2
ORD_1817;PROD_27;6;5
ORD_1817;PROD_35;3;5
ORD_1817;PROD_43;6;2
ORD_1817;PROD_30;2;5
ORD_1817;PROD_17;2;2
ORD_1817;PROD_10;6;3
ORD_1817;PROD_32;8;5
ORD_1817;PROD_12;7;3
ORD_1818;PROD_36;3;5
ORD_1818;PROD_33;8;1
ORD_1818;PROD_11;7;2
ORD_1818;PROD_43;5;1
ORD_1818;PROD_11;9;1
ORD_1818;PROD_43;4;2
ORD_1818;PROD_46;6;4
ORD_1818;PROD_24;1;1
ORD_1818;PROD_14;3;4
ORD_1819;PROD_35;1;2
ORD_1819;PROD_22;3;3
ORD_1819;PROD_3;6;3
ORD_1819;PROD_28;9;5
ORD_1819;PROD_21;8;4
ORD_1819;PROD_14;9;4
ORD_1819;PROD_34;5;3
ORD_1819;PROD_31;7;5
ORD_1820;PROD_14;9;2
ORD_1820;PROD_5;2;2
ORD_1820;PROD_23;8;3
ORD_1820;PROD_3;3;5
ORD_1820;PROD_23;5;4
ORD_1820;PROD_1;7;1
ORD_1820;PROD_31;6;5
ORD_1820;PROD_48;6;5
ORD_1820;PROD_3;9;3
ORD_1821;PROD_39;1;5
ORD_1821;PROD_16;7;3
ORD_1821;PROD_43;1;3
ORD_1821;PROD_19;9;3
ORD_1821;PROD_29;1;4
ORD_1822;PROD_11;4;2
ORD_1822;PROD_33;8;4
ORD_1822;PROD_39;3;4
ORD_1822;PROD_27;2;4
ORD_1822;PROD_21;4;5
ORD_1822;PROD_34;3;5
ORD_1822;PROD_29;4;4
ORD_1822;PROD_5;1;5
ORD_1823;PROD_15;8;4
ORD_1823;PROD_22;6;5
ORD_1823;PROD_33;8;3
ORD_1823;PROD_38;3;5
ORD_1823;PROD_49;6;5
ORD_1823;PROD_19;5;3
ORD_1823;PROD_15;2;4
ORD_1823;PROD_10;3;4
ORD_1823;PROD_16;1;5
ORD_1823;PROD_3;2;3
ORD_1824;PROD_15;9;5
ORD_1824;PROD_22;8;5
ORD_1824;PROD_15;3;3
ORD_1824;PROD_36;3;2
ORD_1824;PROD_38;1;2
ORD_1824;PROD_3;6;3
ORD_1824;PROD_12;9;3
ORD_1825;PROD_13;4;1
ORD_1825;PROD_15;2;4
ORD_1825;PROD_22;3;2
ORD_1825;PROD_47;7;4
ORD_1825;PROD_43;9;2
ORD_1825;PROD_29;2;1
ORD_1825;PROD_38;5;5
ORD_1825;PROD_31;5;2
ORD_1826;PROD_2;5;2
ORD_1826;PROD_30;7;3
ORD_1826;PROD_9;9;5
ORD_1826;PROD_14;9;2
ORD_1826;PROD_28;3;2
ORD_1826;PROD_3;8;1
ORD_1826;PROD_4;1;2
ORD_1826;PROD_21;6;2
ORD_1826;PROD_25;5;1
ORD_1826;PROD_3;8;2
ORD_1826;PROD_29;9;3
ORD_1827;PROD_11;8;2
ORD_1827;PROD_22;7;3
ORD_1827;PROD_50;7;4
ORD_1827;PROD_50;5;4
ORD_1827;PROD_26;3;5
ORD_1827;PROD_20;5;1
ORD_1827;PROD_50;9;1
ORD_1827;PROD_16;2;2
ORD_1827;PROD_23;3;5
ORD_1827;PROD_19;4;3
ORD_1827;PROD_13;9;3
ORD_1827;PROD_1;4;1
ORD_1828;PROD_4;9;2
ORD_1828;PROD_43;9;1
ORD_1828;PROD_46;1;4
ORD_1828;PROD_12;8;1
ORD_1828;PROD_12;1;1
ORD_1828;PROD_36;8;1
ORD_1828;PROD_14;7;2
ORD_1829;PROD_15;3;3
ORD_1829;PROD_44;9;1
ORD_1829;PROD_36;6;2
ORD_1829;PROD_1;1;3
ORD_1829;PROD_17;9;4
ORD_1829;PROD_9;1;4
ORD_1829;PROD_35;5;3
ORD_1829;PROD_27;6;1
ORD_1829;PROD_24;3;4
ORD_1829;PROD_49;8;5
ORD_1829;PROD_18;5;4
ORD_1829;PROD_6;6;1
ORD_1829;PROD_34;5;5
ORD_1830;PROD_34;4;5
ORD_1830;PROD_11;3;2
ORD_1830;PROD_1;2;5
ORD_1830;PROD_39;3;4
ORD_1830;PROD_38;7;1
ORD_1830;PROD_11;9;1
ORD_1830;PROD_3;8;4
ORD_1830;PROD_38;3;4
ORD_1830;PROD_26;7;3
ORD_1830;PROD_40;1;4
ORD_1830;PROD_12;7;2
ORD_1830;PROD_20;7;2
ORD_1830;PROD_21;3;5
ORD_1830;PROD_9;4;3
ORD_1830;PROD_19;1;5
ORD_1831;PROD_15;7;2
ORD_1831;PROD_44;6;1
ORD_1831;PROD_36;1;3
ORD_1831;PROD_1;5;5
ORD_1831;PROD_15;7;1
ORD_1831;PROD_44;3;4
ORD_1831;PROD_36;1;1
ORD_1831;PROD_1;5;4
ORD_1832;PROD_35;5;5
ORD_1832;PROD_14;7;5
ORD_1832;PROD_8;4;5
ORD_1832;PROD_3;6;4
ORD_1832;PROD_1;3;5
ORD_1832;PROD_43;5;2
ORD_1832;PROD_18;1;3
ORD_1832;PROD_5;7;2
ORD_1832;PROD_6;9;1
ORD_1833;PROD_33;1;5
ORD_1833;PROD_38;5;2
ORD_1833;PROD_49;8;1
ORD_1833;PROD_19;6;3
ORD_1833;PROD_15;5;3
ORD_1834;PROD_12;5;4
ORD_1834;PROD_50;4;3
ORD_1834;PROD_7;5;2
ORD_1834;PROD_11;8;4
ORD_1834;PROD_30;8;2
ORD_1835;PROD_1;3;3
ORD_1835;PROD_45;6;5
ORD_1835;PROD_47;8;1
ORD_1835;PROD_33;9;1
ORD_1835;PROD_4;9;1
ORD_1835;PROD_26;1;4
ORD_1835;PROD_5;8;3
ORD_1835;PROD_16;8;4
ORD_1835;PROD_13;9;5
ORD_1835;PROD_42;7;2
ORD_1835;PROD_18;5;4
ORD_1835;PROD_31;2;5
ORD_1835;PROD_34;6;2
ORD_1835;PROD_19;8;4
ORD_1836;PROD_11;5;3
ORD_1836;PROD_43;6;2
ORD_1836;PROD_15;3;1
ORD_1836;PROD_44;7;3
ORD_1836;PROD_36;4;5
ORD_1836;PROD_1;9;5
ORD_1837;PROD_33;5;1
ORD_1837;PROD_35;8;4
ORD_1837;PROD_37;4;1
ORD_1837;PROD_46;1;5
ORD_1837;PROD_31;3;5
ORD_1837;PROD_36;2;4
ORD_1837;PROD_38;3;1
ORD_1837;PROD_41;3;1
ORD_1837;PROD_27;9;1
ORD_1838;PROD_35;7;4
ORD_1838;PROD_48;5;4
ORD_1838;PROD_49;4;3
ORD_1838;PROD_47;7;5
ORD_1838;PROD_22;7;3
ORD_1838;PROD_12;6;2
ORD_1838;PROD_26;7;5
ORD_1838;PROD_22;9;2
ORD_1838;PROD_32;8;5
ORD_1839;PROD_11;8;2
ORD_1839;PROD_43;3;2
ORD_1839;PROD_15;2;1
ORD_1839;PROD_22;6;1
ORD_1839;PROD_33;8;1
ORD_1839;PROD_48;1;2
ORD_1839;PROD_16;9;2
ORD_1839;PROD_42;6;3
ORD_1839;PROD_31;4;4
ORD_1839;PROD_4;3;1
ORD_1839;PROD_30;7;3
ORD_1839;PROD_47;5;2
ORD_1839;PROD_4;9;2
ORD_1839;PROD_44;6;2
ORD_1839;PROD_7;6;5
ORD_1840;PROD_10;7;1
ORD_1840;PROD_10;8;3
ORD_1840;PROD_44;2;2
ORD_1840;PROD_34;3;3
ORD_1840;PROD_50;3;3
ORD_1840;PROD_32;1;3
ORD_1840;PROD_49;6;1
ORD_1840;PROD_6;3;3
ORD_1840;PROD_4;6;2
ORD_1840;PROD_27;4;1
ORD_1840;PROD_11;1;4
ORD_1841;PROD_3;5;1
ORD_1841;PROD_46;2;3
ORD_1841;PROD_23;3;4
ORD_1841;PROD_14;9;3
ORD_1841;PROD_40;3;2
ORD_1841;PROD_15;1;1
ORD_1841;PROD_40;1;2
ORD_1841;PROD_1;3;3
ORD_1841;PROD_48;5;3
ORD_1841;PROD_31;8;5
ORD_1842;PROD_15;8;5
ORD_1842;PROD_22;9;4
ORD_1842;PROD_19;3;2
ORD_1842;PROD_38;7;2
ORD_1842;PROD_36;6;2
ORD_1842;PROD_49;1;4
ORD_1842;PROD_3;7;1
ORD_1842;PROD_6;8;3
ORD_1842;PROD_27;9;1
ORD_1842;PROD_21;9;4
ORD_1842;PROD_49;5;3
ORD_1842;PROD_21;9;1
ORD_1842;PROD_33;6;4
ORD_1843;PROD_15;6;3
ORD_1843;PROD_44;8;5
ORD_1843;PROD_36;4;3
ORD_1843;PROD_1;9;4
ORD_1843;PROD_11;3;3
ORD_1843;PROD_43;7;3
ORD_1843;PROD_22;7;5
ORD_1843;PROD_38;3;1
ORD_1843;PROD_4;6;4
ORD_1843;PROD_8;9;5
ORD_1843;PROD_1;9;2
ORD_1843;PROD_13;8;1
ORD_1843;PROD_26;3;3
ORD_1843;PROD_45;4;2
ORD_1844;PROD_36;5;5
ORD_1844;PROD_33;3;4
ORD_1844;PROD_12;3;1
ORD_1844;PROD_50;2;3
ORD_1844;PROD_7;8;2
ORD_1844;PROD_11;2;4
ORD_1844;PROD_15;1;5
ORD_1844;PROD_22;8;5
ORD_1845;PROD_9;8;5
ORD_1845;PROD_46;8;4
ORD_1845;PROD_46;9;3
ORD_1845;PROD_49;6;2
ORD_1845;PROD_45;6;3
ORD_1845;PROD_31;5;4
ORD_1845;PROD_22;5;5
ORD_1846;PROD_11;8;5
ORD_1846;PROD_43;5;3
ORD_1846;PROD_15;6;2
ORD_1846;PROD_22;2;1
ORD_1846;PROD_3;8;1
ORD_1846;PROD_21;8;5
ORD_1846;PROD_12;2;2
ORD_1846;PROD_16;2;5
ORD_1846;PROD_31;3;3
ORD_1847;PROD_3;3;4
ORD_1847;PROD_36;6;2
ORD_1847;PROD_36;1;3
ORD_1847;PROD_50;3;2
ORD_1847;PROD_41;9;4
ORD_1847;PROD_15;6;3
ORD_1847;PROD_21;1;4
ORD_1847;PROD_10;2;5
ORD_1847;PROD_49;8;5
ORD_1847;PROD_50;7;1
ORD_1847;PROD_15;3;5
ORD_1847;PROD_22;9;4
ORD_1847;PROD_28;5;2
ORD_1847;PROD_36;3;1
ORD_1847;PROD_29;4;4
ORD_1848;PROD_11;5;1
ORD_1848;PROD_43;4;2
ORD_1848;PROD_36;2;1
ORD_1848;PROD_33;3;4
ORD_1848;PROD_41;8;4
ORD_1848;PROD_25;1;3
ORD_1848;PROD_28;8;3
ORD_1848;PROD_36;1;4
ORD_1848;PROD_22;1;4
ORD_1848;PROD_6;9;2
ORD_1848;PROD_23;9;1
ORD_1848;PROD_19;1;1
ORD_1849;PROD_15;3;2
ORD_1849;PROD_44;4;3
ORD_1849;PROD_36;2;2
ORD_1849;PROD_1;9;2
ORD_1849;PROD_3;1;5
ORD_1849;PROD_21;3;2
ORD_1849;PROD_12;6;2
ORD_1849;PROD_16;4;5
ORD_1849;PROD_31;2;4
ORD_1849;PROD_6;4;4
ORD_1849;PROD_49;2;3
ORD_1849;PROD_34;3;5
ORD_1849;PROD_26;8;1
ORD_1850;PROD_40;8;1
ORD_1850;PROD_49;6;2
ORD_1850;PROD_36;2;4
ORD_1850;PROD_6;9;1
ORD_1850;PROD_36;6;4
ORD_1850;PROD_10;2;1
ORD_1851;PROD_15;5;1
ORD_1851;PROD_44;2;4
ORD_1851;PROD_36;6;2
ORD_1851;PROD_1;5;3
ORD_1851;PROD_36;8;2
ORD_1851;PROD_33;2;3
ORD_1851;PROD_35;2;5
ORD_1852;PROD_3;2;4
ORD_1852;PROD_21;7;4
ORD_1852;PROD_12;1;3
ORD_1852;PROD_16;9;5
ORD_1852;PROD_31;3;4
ORD_1852;PROD_32;7;1
ORD_1852;PROD_34;8;3
ORD_1852;PROD_20;3;5
ORD_1852;PROD_33;5;5
ORD_1852;PROD_28;4;5
ORD_1853;PROD_33;8;5
ORD_1853;PROD_38;3;1
ORD_1853;PROD_49;4;4
ORD_1853;PROD_19;3;3
ORD_1853;PROD_15;4;4
ORD_1853;PROD_12;2;5
ORD_1853;PROD_50;4;3
ORD_1853;PROD_7;8;4
ORD_1853;PROD_11;4;1
ORD_1853;PROD_10;6;4
ORD_1853;PROD_42;8;1
ORD_1853;PROD_45;7;2
ORD_1853;PROD_45;3;3
ORD_1854;PROD_28;9;5
ORD_1854;PROD_14;1;2
ORD_1854;PROD_11;9;5
ORD_1854;PROD_19;7;3
ORD_1854;PROD_16;2;4
ORD_1854;PROD_49;5;4
ORD_1854;PROD_24;1;2
ORD_1855;PROD_26;9;2
ORD_1855;PROD_35;5;2
ORD_1855;PROD_25;6;1
ORD_1855;PROD_26;9;1
ORD_1855;PROD_20;8;3
ORD_1855;PROD_34;2;2
ORD_1855;PROD_14;4;5
ORD_1856;PROD_11;8;1
ORD_1856;PROD_6;4;4
ORD_1856;PROD_42;6;3
ORD_1856;PROD_21;1;3
ORD_1856;PROD_5;1;4
ORD_1856;PROD_34;2;1
ORD_1857;PROD_2;9;4
ORD_1857;PROD_15;3;1
ORD_1857;PROD_39;9;2
ORD_1857;PROD_14;3;5
ORD_1857;PROD_4;8;3
ORD_1857;PROD_3;2;2
ORD_1857;PROD_30;7;3
ORD_1857;PROD_8;9;2
ORD_1857;PROD_44;8;2
ORD_1857;PROD_47;1;3
ORD_1858;PROD_18;4;3
ORD_1858;PROD_31;4;2
ORD_1858;PROD_47;1;2
ORD_1858;PROD_28;2;5
ORD_1858;PROD_43;1;3
ORD_1858;PROD_1;5;2
ORD_1858;PROD_6;5;3
ORD_1859;PROD_32;1;3
ORD_1859;PROD_2;2;5
ORD_1859;PROD_40;7;3
ORD_1859;PROD_9;2;2
ORD_1859;PROD_15;2;2
ORD_1859;PROD_39;6;5
ORD_1860;PROD_43;7;5
ORD_1860;PROD_31;6;2
ORD_1860;PROD_8;4;4
ORD_1860;PROD_5;1;5
ORD_1860;PROD_24;7;1
ORD_1860;PROD_7;1;2
ORD_1860;PROD_28;5;4
ORD_1860;PROD_44;6;3
ORD_1860;PROD_26;9;1
ORD_1861;PROD_33;4;4
ORD_1861;PROD_24;8;1
ORD_1861;PROD_24;3;5
ORD_1861;PROD_25;7;4
ORD_1861;PROD_17;6;1
ORD_1861;PROD_30;4;5
ORD_1861;PROD_42;3;4
ORD_1861;PROD_32;8;1
ORD_1861;PROD_30;5;1
ORD_1861;PROD_42;8;5
ORD_1861;PROD_4;9;2
ORD_1862;PROD_18;6;3
ORD_1862;PROD_41;1;4
ORD_1862;PROD_50;2;3
ORD_1862;PROD_24;4;3
ORD_1862;PROD_21;8;4
ORD_1862;PROD_6;6;1
ORD_1862;PROD_30;6;4
ORD_1862;PROD_40;7;2
ORD_1862;PROD_15;9;5
ORD_1863;PROD_11;8;2
ORD_1863;PROD_43;3;1
ORD_1863;PROD_11;7;4
ORD_1863;PROD_43;7;5
ORD_1863;PROD_27;1;1
ORD_1864;PROD_11;5;4
ORD_1864;PROD_43;9;4
ORD_1864;PROD_33;6;1
ORD_1864;PROD_38;3;5
ORD_1864;PROD_49;7;4
ORD_1864;PROD_19;9;4
ORD_1864;PROD_15;9;2
ORD_1864;PROD_15;5;5
ORD_1864;PROD_44;4;4
ORD_1865;PROD_11;5;5
ORD_1865;PROD_43;9;1
ORD_1865;PROD_12;8;5
ORD_1865;PROD_50;1;1
ORD_1865;PROD_7;8;4
ORD_1865;PROD_11;6;3
ORD_1866;PROD_12;9;1
ORD_1866;PROD_50;6;3
ORD_1866;PROD_7;5;4
ORD_1866;PROD_11;5;1
ORD_1866;PROD_26;8;1
ORD_1866;PROD_34;2;3
ORD_1866;PROD_48;1;5
ORD_1866;PROD_26;1;3
ORD_1866;PROD_21;8;4
ORD_1866;PROD_35;1;1
ORD_1867;PROD_2;4;3
ORD_1867;PROD_28;7;1
ORD_1867;PROD_28;2;2
ORD_1867;PROD_24;7;1
ORD_1867;PROD_18;3;2
ORD_1867;PROD_7;7;4
ORD_1867;PROD_32;7;3
ORD_1867;PROD_25;3;3
ORD_1867;PROD_31;1;5
ORD_1867;PROD_43;9;2
ORD_1868;PROD_11;2;3
ORD_1868;PROD_41;2;4
ORD_1868;PROD_50;6;3
ORD_1868;PROD_3;2;3
ORD_1868;PROD_35;6;5
ORD_1868;PROD_14;2;4
ORD_1868;PROD_15;4;2
ORD_1868;PROD_42;3;5
ORD_1868;PROD_17;8;2
ORD_1869;PROD_32;1;4
ORD_1869;PROD_49;1;2
ORD_1869;PROD_16;7;4
ORD_1869;PROD_32;9;2
ORD_1869;PROD_21;5;5
ORD_1869;PROD_13;5;4
ORD_1869;PROD_16;5;3
ORD_1869;PROD_32;2;3
ORD_1869;PROD_7;5;4
ORD_1869;PROD_45;1;3
ORD_1869;PROD_48;9;2
ORD_1869;PROD_39;7;1
ORD_1869;PROD_40;9;5
ORD_1870;PROD_36;1;2
ORD_1870;PROD_21;2;3
ORD_1870;PROD_35;5;5
ORD_1870;PROD_14;4;1
ORD_1870;PROD_13;8;2
ORD_1870;PROD_17;3;5
ORD_1870;PROD_28;5;1
ORD_1870;PROD_50;5;3
ORD_1870;PROD_25;8;5
ORD_1870;PROD_47;1;2
ORD_1870;PROD_4;8;2
ORD_1870;PROD_32;2;5
ORD_1870;PROD_1;1;3
ORD_1871;PROD_33;4;2
ORD_1871;PROD_38;1;5
ORD_1871;PROD_49;8;5
ORD_1871;PROD_19;5;1
ORD_1871;PROD_15;5;3
ORD_1871;PROD_36;8;3
ORD_1871;PROD_33;6;1
ORD_1871;PROD_15;1;2
ORD_1871;PROD_22;9;4
ORD_1871;PROD_27;7;3
ORD_1872;PROD_15;2;3
ORD_1872;PROD_22;9;5
ORD_1872;PROD_15;7;3
ORD_1872;PROD_22;7;2
ORD_1872;PROD_49;1;4
ORD_1872;PROD_5;6;2
ORD_1872;PROD_31;3;1
ORD_1872;PROD_42;7;2
ORD_1872;PROD_35;1;5
ORD_1873;PROD_35;8;1
ORD_1873;PROD_34;5;5
ORD_1873;PROD_32;3;5
ORD_1873;PROD_29;8;1
ORD_1873;PROD_13;3;2
ORD_1873;PROD_17;2;5
ORD_1873;PROD_5;2;1
ORD_1873;PROD_15;6;2
ORD_1873;PROD_34;8;5
ORD_1874;PROD_12;5;3
ORD_1874;PROD_50;2;1
ORD_1874;PROD_7;5;3
ORD_1874;PROD_11;6;5
ORD_1874;PROD_36;2;1
ORD_1874;PROD_33;4;3
ORD_1874;PROD_3;1;3
ORD_1874;PROD_21;7;3
ORD_1874;PROD_12;8;5
ORD_1874;PROD_16;2;4
ORD_1874;PROD_31;7;1
ORD_1874;PROD_12;8;3
ORD_1874;PROD_11;3;2
ORD_1875;PROD_3;6;5
ORD_1875;PROD_21;7;2
ORD_1875;PROD_12;1;4
ORD_1875;PROD_16;2;4
ORD_1875;PROD_31;3;3
ORD_1875;PROD_15;2;1
ORD_1875;PROD_22;1;5
ORD_1875;PROD_11;5;2
ORD_1876;PROD_15;4;1
ORD_1876;PROD_10;2;4
ORD_1876;PROD_25;8;3
ORD_1876;PROD_1;5;5
ORD_1876;PROD_37;6;3
ORD_1876;PROD_1;4;4
ORD_1876;PROD_20;1;3
ORD_1876;PROD_5;7;4
ORD_1876;PROD_36;8;2
ORD_1877;PROD_20;7;5
ORD_1877;PROD_46;2;5
ORD_1877;PROD_11;4;2
ORD_1877;PROD_34;7;3
ORD_1877;PROD_34;6;3
ORD_1877;PROD_35;5;5
ORD_1877;PROD_21;8;3
ORD_1877;PROD_20;9;1
ORD_1877;PROD_35;7;3
ORD_1877;PROD_10;2;2
ORD_1877;PROD_38;5;2
ORD_1877;PROD_33;4;1
ORD_1877;PROD_20;2;1
ORD_1878;PROD_18;5;3
ORD_1878;PROD_25;6;4
ORD_1878;PROD_23;2;4
ORD_1878;PROD_30;9;1
ORD_1878;PROD_43;6;1
ORD_1878;PROD_48;9;3
ORD_1879;PROD_12;9;1
ORD_1879;PROD_50;4;5
ORD_1879;PROD_7;7;1
ORD_1879;PROD_11;6;4
ORD_1879;PROD_15;4;3
ORD_1879;PROD_44;7;5
ORD_1879;PROD_36;4;4
ORD_1879;PROD_1;9;1
ORD_1879;PROD_12;6;2
ORD_1879;PROD_2;7;4
ORD_1879;PROD_30;9;1
ORD_1879;PROD_29;8;3
ORD_1879;PROD_7;8;3
ORD_1880;PROD_36;2;3
ORD_1880;PROD_1;9;3
ORD_1880;PROD_45;9;2
ORD_1880;PROD_33;6;5
ORD_1880;PROD_37;8;4
ORD_1880;PROD_4;7;4
ORD_1880;PROD_49;6;2
ORD_1880;PROD_47;6;3
ORD_1880;PROD_31;9;3
ORD_1880;PROD_40;3;1
ORD_1880;PROD_41;9;1
ORD_1880;PROD_26;8;3
ORD_1880;PROD_33;4;5
ORD_1880;PROD_16;6;2
ORD_1880;PROD_18;4;2
ORD_1881;PROD_33;7;1
ORD_1881;PROD_38;3;5
ORD_1881;PROD_49;3;2
ORD_1881;PROD_19;1;2
ORD_1881;PROD_15;1;1
ORD_1881;PROD_33;8;2
ORD_1881;PROD_23;3;5
ORD_1881;PROD_34;2;1
ORD_1881;PROD_11;2;1
ORD_1881;PROD_48;2;4
ORD_1881;PROD_50;1;5
ORD_1881;PROD_27;2;1
ORD_1881;PROD_48;1;2
ORD_1881;PROD_20;2;5
ORD_1881;PROD_6;7;5
ORD_1882;PROD_18;6;2
ORD_1882;PROD_35;4;5
ORD_1882;PROD_50;4;1
ORD_1882;PROD_9;4;3
ORD_1882;PROD_12;2;3
ORD_1882;PROD_31;2;1
ORD_1882;PROD_45;9;5
ORD_1882;PROD_43;9;4
ORD_1882;PROD_43;2;3
ORD_1882;PROD_33;4;2
ORD_1882;PROD_40;6;3
ORD_1882;PROD_35;3;2
ORD_1882;PROD_13;1;1
ORD_1883;PROD_14;8;5
ORD_1883;PROD_15;1;2
ORD_1883;PROD_29;4;3
ORD_1883;PROD_8;4;4
ORD_1883;PROD_42;8;1
ORD_1884;PROD_21;7;1
ORD_1884;PROD_5;9;3
ORD_1884;PROD_38;9;1
ORD_1884;PROD_35;9;5
ORD_1884;PROD_27;5;5
ORD_1884;PROD_37;9;1
ORD_1884;PROD_10;8;2
ORD_1884;PROD_1;9;4
ORD_1884;PROD_28;4;2
ORD_1884;PROD_2;2;2
ORD_1884;PROD_19;2;4
ORD_1885;PROD_3;5;5
ORD_1885;PROD_21;4;3
ORD_1885;PROD_12;2;2
ORD_1885;PROD_16;5;1
ORD_1885;PROD_31;7;1
ORD_1885;PROD_11;3;2
ORD_1885;PROD_43;2;1
ORD_1885;PROD_15;3;4
ORD_1885;PROD_44;2;1
ORD_1885;PROD_36;9;2
ORD_1885;PROD_1;2;2
ORD_1885;PROD_4;2;1
ORD_1885;PROD_43;6;4
ORD_1885;PROD_26;7;2
ORD_1885;PROD_1;2;1
ORD_1886;PROD_12;7;3
ORD_1886;PROD_50;2;1
ORD_1886;PROD_7;5;4
ORD_1886;PROD_11;2;3
ORD_1886;PROD_14;1;2
ORD_1886;PROD_44;9;3
ORD_1886;PROD_32;7;4
ORD_1886;PROD_8;5;5
ORD_1887;PROD_10;5;4
ORD_1887;PROD_5;5;5
ORD_1887;PROD_7;1;4
ORD_1887;PROD_37;2;3
ORD_1887;PROD_14;9;2
ORD_1887;PROD_36;5;4
ORD_1887;PROD_35;7;1
ORD_1887;PROD_18;7;3
ORD_1887;PROD_43;8;5
ORD_1887;PROD_36;2;5
ORD_1887;PROD_5;4;1
ORD_1888;PROD_3;8;5
ORD_1888;PROD_42;1;4
ORD_1888;PROD_42;6;5
ORD_1888;PROD_44;8;3
ORD_1888;PROD_8;1;5
ORD_1888;PROD_26;6;5
ORD_1888;PROD_4;3;2
ORD_1888;PROD_1;9;4
ORD_1889;PROD_36;4;2
ORD_1889;PROD_33;3;3
ORD_1889;PROD_29;7;3
ORD_1889;PROD_13;5;2
ORD_1889;PROD_2;7;1
ORD_1889;PROD_42;3;1
ORD_1889;PROD_17;1;4
ORD_1889;PROD_17;5;5
ORD_1889;PROD_27;1;1
ORD_1889;PROD_8;7;2
ORD_1890;PROD_28;4;4
ORD_1890;PROD_15;1;1
ORD_1890;PROD_15;2;3
ORD_1890;PROD_16;9;4
ORD_1890;PROD_34;5;5
ORD_1890;PROD_37;7;1
ORD_1890;PROD_19;5;2
ORD_1890;PROD_28;5;1
ORD_1890;PROD_28;5;4
ORD_1891;PROD_45;2;1
ORD_1891;PROD_4;8;4
ORD_1891;PROD_23;3;1
ORD_1891;PROD_19;8;3
ORD_1891;PROD_44;9;1
ORD_1891;PROD_43;9;4
ORD_1891;PROD_3;9;2
ORD_1891;PROD_13;9;4
ORD_1891;PROD_38;9;2
ORD_1891;PROD_26;5;4
ORD_1891;PROD_43;9;3
ORD_1892;PROD_3;7;2
ORD_1892;PROD_21;7;5
ORD_1892;PROD_12;2;1
ORD_1892;PROD_16;9;1
ORD_1892;PROD_31;7;1
ORD_1892;PROD_33;8;4
ORD_1892;PROD_38;5;2
ORD_1892;PROD_49;9;1
ORD_1893;PROD_36;8;5
ORD_1893;PROD_33;8;5
ORD_1893;PROD_15;2;4
ORD_1893;PROD_22;5;5
ORD_1893;PROD_50;4;2
ORD_1893;PROD_14;2;2
ORD_1894;PROD_12;2;1
ORD_1894;PROD_50;5;5
ORD_1894;PROD_7;3;1
ORD_1894;PROD_11;9;3
ORD_1894;PROD_25;2;1
ORD_1895;PROD_50;3;3
ORD_1895;PROD_14;3;4
ORD_1895;PROD_31;8;5
ORD_1895;PROD_28;7;5
ORD_1895;PROD_47;9;5
ORD_1895;PROD_27;5;3
ORD_1895;PROD_15;9;3
ORD_1896;PROD_11;8;1
ORD_1896;PROD_29;7;4
ORD_1896;PROD_46;9;1
ORD_1896;PROD_24;4;2
ORD_1896;PROD_8;4;5
ORD_1896;PROD_48;5;4
ORD_1896;PROD_48;3;3
ORD_1896;PROD_39;6;5
ORD_1896;PROD_12;5;5
ORD_1896;PROD_6;1;4
ORD_1896;PROD_42;8;1
ORD_1896;PROD_48;6;1
ORD_1896;PROD_20;7;4
ORD_1896;PROD_22;3;2
ORD_1896;PROD_22;3;1
ORD_1897;PROD_28;2;4
ORD_1897;PROD_38;7;5
ORD_1897;PROD_25;5;1
ORD_1897;PROD_41;2;3
ORD_1897;PROD_35;2;4
ORD_1898;PROD_28;5;4
ORD_1898;PROD_38;6;2
ORD_1898;PROD_25;7;1
ORD_1898;PROD_23;4;2
ORD_1898;PROD_24;5;3
ORD_1898;PROD_33;2;4
ORD_1899;PROD_3;1;5
ORD_1899;PROD_21;2;4
ORD_1899;PROD_12;4;3
ORD_1899;PROD_16;1;5
ORD_1899;PROD_31;2;3
ORD_1899;PROD_11;4;1
ORD_1899;PROD_43;8;4
ORD_1900;PROD_2;3;5
ORD_1900;PROD_36;6;4
ORD_1900;PROD_45;9;3
ORD_1900;PROD_42;9;5
ORD_1900;PROD_7;1;2
ORD_1900;PROD_49;7;4
ORD_1901;PROD_11;6;5
ORD_1901;PROD_43;6;2
ORD_1901;PROD_12;6;1
ORD_1901;PROD_50;9;5
ORD_1901;PROD_7;8;5
ORD_1901;PROD_11;1;4
ORD_1901;PROD_12;6;1
ORD_1902;PROD_19;2;2
ORD_1902;PROD_17;2;2
ORD_1902;PROD_19;4;4
ORD_1902;PROD_16;7;5
ORD_1902;PROD_17;5;4
ORD_1902;PROD_45;2;5
ORD_1902;PROD_44;9;5
ORD_1902;PROD_27;5;3
ORD_1902;PROD_41;6;1
ORD_1902;PROD_5;4;2
ORD_1902;PROD_42;1;4
ORD_1902;PROD_43;3;2
ORD_1903;PROD_15;6;1
ORD_1903;PROD_22;9;1
ORD_1903;PROD_40;6;5
ORD_1903;PROD_1;5;3
ORD_1903;PROD_35;9;4
ORD_1903;PROD_5;4;4
ORD_1903;PROD_26;2;1
ORD_1903;PROD_34;9;4
ORD_1903;PROD_30;7;1
ORD_1904;PROD_22;4;2
ORD_1904;PROD_22;4;1
ORD_1904;PROD_14;8;2
ORD_1904;PROD_19;6;2
ORD_1904;PROD_29;6;4
ORD_1905;PROD_3;2;3
ORD_1905;PROD_21;8;4
ORD_1905;PROD_12;8;2
ORD_1905;PROD_16;1;2
ORD_1905;PROD_31;4;1
ORD_1905;PROD_17;1;5
ORD_1906;PROD_33;4;1
ORD_1906;PROD_38;6;2
ORD_1906;PROD_49;5;4
ORD_1906;PROD_19;1;5
ORD_1906;PROD_15;3;3
ORD_1906;PROD_12;1;3
ORD_1906;PROD_50;4;3
ORD_1906;PROD_7;1;5
ORD_1906;PROD_11;1;3
ORD_1906;PROD_42;2;4
ORD_1906;PROD_50;5;1
ORD_1906;PROD_14;7;2
ORD_1907;PROD_3;9;2
ORD_1907;PROD_21;6;2
ORD_1907;PROD_12;4;4
ORD_1907;PROD_16;9;2
ORD_1907;PROD_31;3;3
ORD_1907;PROD_12;2;1
ORD_1908;PROD_33;4;5
ORD_1908;PROD_38;3;1
ORD_1908;PROD_49;3;1
ORD_1908;PROD_19;1;3
ORD_1908;PROD_15;9;1
ORD_1908;PROD_3;6;3
ORD_1908;PROD_21;6;4
ORD_1908;PROD_12;8;4
ORD_1908;PROD_16;6;1
ORD_1908;PROD_31;1;3
ORD_1908;PROD_16;7;2
ORD_1908;PROD_11;9;1
ORD_1909;PROD_23;4;3
ORD_1909;PROD_21;6;2
ORD_1909;PROD_13;4;5
ORD_1909;PROD_5;3;4
ORD_1909;PROD_28;4;3
ORD_1909;PROD_33;1;4
ORD_1909;PROD_21;6;4
ORD_1910;PROD_15;8;5
ORD_1910;PROD_44;1;5
ORD_1910;PROD_36;4;4
ORD_1910;PROD_1;8;1
ORD_1910;PROD_35;1;2
ORD_1911;PROD_41;9;2
ORD_1911;PROD_28;5;1
ORD_1911;PROD_43;6;3
ORD_1911;PROD_15;9;2
ORD_1911;PROD_11;1;5
ORD_1911;PROD_23;5;1
ORD_1911;PROD_24;2;5
ORD_1911;PROD_16;6;5
ORD_1911;PROD_30;8;1
ORD_1911;PROD_40;5;3
ORD_1911;PROD_2;8;4
ORD_1912;PROD_36;1;5
ORD_1912;PROD_33;3;3
ORD_1912;PROD_50;4;5
ORD_1912;PROD_16;9;3
ORD_1912;PROD_22;8;5
ORD_1912;PROD_7;7;1
ORD_1912;PROD_41;9;2
ORD_1912;PROD_27;5;1
ORD_1912;PROD_44;5;1
ORD_1913;PROD_12;2;2
ORD_1913;PROD_50;7;5
ORD_1913;PROD_7;5;4
ORD_1913;PROD_11;3;2
ORD_1913;PROD_33;8;4
ORD_1913;PROD_38;3;5
ORD_1913;PROD_49;3;2
ORD_1913;PROD_19;8;5
ORD_1913;PROD_15;7;1
ORD_1913;PROD_30;8;2
ORD_1913;PROD_1;7;2
ORD_1913;PROD_40;2;2
ORD_1914;PROD_11;2;3
ORD_1914;PROD_43;2;2
ORD_1914;PROD_33;3;4
ORD_1914;PROD_38;4;1
ORD_1914;PROD_49;7;1
ORD_1914;PROD_19;7;5
ORD_1914;PROD_15;4;3
ORD_1914;PROD_33;8;2
ORD_1914;PROD_38;6;4
ORD_1914;PROD_49;9;2
ORD_1914;PROD_19;3;4
ORD_1914;PROD_15;5;1
ORD_1915;PROD_33;1;4
ORD_1915;PROD_38;5;5
ORD_1915;PROD_49;2;3
ORD_1915;PROD_19;5;2
ORD_1915;PROD_15;4;4
ORD_1915;PROD_35;6;3
ORD_1915;PROD_11;9;1
ORD_1915;PROD_13;3;1
ORD_1915;PROD_11;4;4
ORD_1915;PROD_17;5;5
ORD_1915;PROD_47;8;1
ORD_1916;PROD_33;2;5
ORD_1916;PROD_38;5;5
ORD_1916;PROD_49;9;4
ORD_1916;PROD_19;7;4
ORD_1916;PROD_15;1;2
ORD_1916;PROD_20;7;5
ORD_1916;PROD_34;5;5
ORD_1917;PROD_32;6;1
ORD_1917;PROD_45;8;1
ORD_1917;PROD_16;2;5
ORD_1917;PROD_14;7;5
ORD_1917;PROD_12;7;5
ORD_1917;PROD_18;6;1
ORD_1917;PROD_15;4;2
ORD_1917;PROD_17;6;4
ORD_1917;PROD_45;8;2
ORD_1918;PROD_48;2;2
ORD_1918;PROD_8;7;3
ORD_1918;PROD_47;2;2
ORD_1918;PROD_48;1;3
ORD_1918;PROD_14;8;1
ORD_1918;PROD_37;7;4
ORD_1918;PROD_8;2;2
ORD_1918;PROD_24;7;5
ORD_1918;PROD_43;4;1
ORD_1918;PROD_2;6;5
ORD_1918;PROD_10;8;2
ORD_1918;PROD_18;2;5
ORD_1919;PROD_4;5;2
ORD_1919;PROD_43;6;4
ORD_1919;PROD_44;3;2
ORD_1919;PROD_45;2;1
ORD_1919;PROD_21;4;2
ORD_1919;PROD_35;7;3
ORD_1919;PROD_2;4;1
ORD_1920;PROD_40;8;5
ORD_1920;PROD_2;4;1
ORD_1920;PROD_14;4;5
ORD_1920;PROD_24;9;2
ORD_1920;PROD_27;7;5
ORD_1921;PROD_14;8;1
ORD_1921;PROD_48;5;1
ORD_1921;PROD_19;1;5
ORD_1921;PROD_35;1;2
ORD_1921;PROD_14;2;1
ORD_1922;PROD_3;3;3
ORD_1922;PROD_21;3;2
ORD_1922;PROD_12;4;4
ORD_1922;PROD_16;3;2
ORD_1922;PROD_31;8;4
ORD_1922;PROD_18;1;4
ORD_1922;PROD_33;1;4
ORD_1922;PROD_24;4;3
ORD_1922;PROD_15;1;5
ORD_1922;PROD_19;7;2
ORD_1922;PROD_19;6;1
ORD_1922;PROD_48;1;5
ORD_1922;PROD_11;9;1
ORD_1922;PROD_45;4;2
ORD_1923;PROD_1;5;2
ORD_1923;PROD_9;8;1
ORD_1923;PROD_29;1;3
ORD_1923;PROD_15;8;2
ORD_1923;PROD_21;3;2
ORD_1923;PROD_23;5;2
ORD_1923;PROD_33;7;4
ORD_1923;PROD_32;9;2
ORD_1923;PROD_50;9;1
ORD_1923;PROD_12;9;1
ORD_1923;PROD_37;7;5
ORD_1923;PROD_18;3;3
ORD_1923;PROD_19;7;4
ORD_1924;PROD_34;2;5
ORD_1924;PROD_13;3;3
ORD_1924;PROD_10;1;1
ORD_1924;PROD_46;9;5
ORD_1924;PROD_2;5;2
ORD_1924;PROD_34;2;1
ORD_1924;PROD_35;9;4
ORD_1924;PROD_12;7;4
ORD_1924;PROD_44;1;3
ORD_1924;PROD_38;3;3
ORD_1924;PROD_24;8;2
ORD_1924;PROD_3;5;5
ORD_1924;PROD_48;2;3
ORD_1924;PROD_27;7;3
ORD_1925;PROD_15;8;4
ORD_1925;PROD_44;4;5
ORD_1925;PROD_36;8;2
ORD_1925;PROD_1;1;2
ORD_1925;PROD_29;4;5
ORD_1925;PROD_5;5;1
ORD_1925;PROD_48;8;1
ORD_1925;PROD_44;1;4
ORD_1925;PROD_18;8;2
ORD_1925;PROD_39;7;3
ORD_1925;PROD_13;9;2
ORD_1925;PROD_24;5;4
ORD_1925;PROD_14;3;5
ORD_1926;PROD_19;1;5
ORD_1926;PROD_45;1;5
ORD_1926;PROD_29;4;3
ORD_1926;PROD_14;3;3
ORD_1926;PROD_37;5;4
ORD_1926;PROD_1;3;1
ORD_1926;PROD_1;5;2
ORD_1926;PROD_49;1;5
ORD_1926;PROD_2;2;5
ORD_1926;PROD_20;1;2
ORD_1926;PROD_29;9;1
ORD_1927;PROD_30;4;1
ORD_1927;PROD_18;4;5
ORD_1927;PROD_20;9;1
ORD_1927;PROD_22;1;4
ORD_1927;PROD_21;3;3
ORD_1927;PROD_22;2;1
ORD_1927;PROD_36;1;4
ORD_1927;PROD_18;8;2
ORD_1927;PROD_50;6;4
ORD_1927;PROD_1;6;3
ORD_1928;PROD_50;9;5
ORD_1928;PROD_22;7;5
ORD_1928;PROD_34;9;2
ORD_1928;PROD_48;9;5
ORD_1928;PROD_9;8;2
ORD_1928;PROD_30;4;5
ORD_1928;PROD_45;2;4
ORD_1928;PROD_22;5;1
ORD_1928;PROD_23;6;1
ORD_1929;PROD_42;1;4
ORD_1929;PROD_38;4;4
ORD_1929;PROD_43;1;5
ORD_1929;PROD_30;5;5
ORD_1929;PROD_1;5;4
ORD_1929;PROD_13;5;5
ORD_1929;PROD_5;1;1
ORD_1929;PROD_41;4;4
ORD_1929;PROD_9;5;5
ORD_1929;PROD_4;6;1
ORD_1929;PROD_26;3;2
ORD_1929;PROD_14;6;5
ORD_1929;PROD_30;9;3
ORD_1929;PROD_5;3;2
ORD_1930;PROD_11;6;3
ORD_1930;PROD_3;6;3
ORD_1930;PROD_24;2;3
ORD_1930;PROD_29;1;5
ORD_1930;PROD_30;2;4
ORD_1930;PROD_19;9;4
ORD_1930;PROD_33;2;1
ORD_1930;PROD_45;2;1
ORD_1930;PROD_15;3;2
ORD_1930;PROD_46;5;4
ORD_1930;PROD_50;6;2
ORD_1930;PROD_24;7;3
ORD_1930;PROD_11;6;1
ORD_1931;PROD_10;7;2
ORD_1931;PROD_44;8;1
ORD_1931;PROD_8;9;5
ORD_1931;PROD_20;2;2
ORD_1931;PROD_15;4;1
ORD_1931;PROD_1;6;3
ORD_1931;PROD_48;3;4
ORD_1931;PROD_44;9;3
ORD_1931;PROD_24;8;1
ORD_1931;PROD_7;9;5
ORD_1931;PROD_42;3;3
ORD_1931;PROD_18;9;5
ORD_1931;PROD_38;2;1
ORD_1931;PROD_37;7;2
ORD_1932;PROD_12;5;5
ORD_1932;PROD_26;4;2
ORD_1932;PROD_2;6;1
ORD_1932;PROD_37;2;5
ORD_1932;PROD_9;4;5
ORD_1932;PROD_6;5;4
ORD_1932;PROD_38;6;5
ORD_1932;PROD_29;6;5
ORD_1932;PROD_13;1;2
ORD_1932;PROD_47;2;3
ORD_1932;PROD_24;1;3
ORD_1932;PROD_32;1;5
ORD_1932;PROD_14;3;1
ORD_1932;PROD_15;5;2
ORD_1932;PROD_10;9;2
ORD_1933;PROD_36;4;3
ORD_1933;PROD_33;6;2
ORD_1933;PROD_11;8;5
ORD_1933;PROD_43;3;2
ORD_1933;PROD_32;5;1
ORD_1933;PROD_11;5;3
ORD_1933;PROD_34;1;5
ORD_1933;PROD_8;8;2
ORD_1933;PROD_46;7;4
ORD_1933;PROD_22;5;3
ORD_1933;PROD_42;1;1
ORD_1934;PROD_13;9;3
ORD_1934;PROD_28;5;2
ORD_1934;PROD_5;4;5
ORD_1934;PROD_11;9;4
ORD_1934;PROD_28;9;4
ORD_1934;PROD_9;9;5
ORD_1934;PROD_29;5;3
ORD_1934;PROD_33;2;2
ORD_1934;PROD_19;4;4
ORD_1934;PROD_20;5;5
ORD_1935;PROD_15;6;4
ORD_1935;PROD_22;4;5
ORD_1935;PROD_3;3;1
ORD_1935;PROD_21;9;3
ORD_1935;PROD_12;6;4
ORD_1935;PROD_16;2;2
ORD_1935;PROD_31;8;3
ORD_1936;PROD_21;4;3
ORD_1936;PROD_42;3;5
ORD_1936;PROD_11;1;3
ORD_1936;PROD_36;3;1
ORD_1936;PROD_29;5;4
ORD_1936;PROD_37;9;4
ORD_1936;PROD_10;4;1
ORD_1936;PROD_20;6;1
ORD_1937;PROD_36;9;4
ORD_1937;PROD_10;4;5
ORD_1937;PROD_9;5;2
ORD_1937;PROD_36;6;5
ORD_1937;PROD_17;7;2
ORD_1938;PROD_29;8;1
ORD_1938;PROD_23;1;5
ORD_1938;PROD_48;4;1
ORD_1938;PROD_10;8;3
ORD_1938;PROD_33;9;4
ORD_1939;PROD_29;3;1
ORD_1939;PROD_44;1;3
ORD_1939;PROD_4;8;5
ORD_1939;PROD_42;4;1
ORD_1939;PROD_37;6;3
ORD_1939;PROD_11;3;1
ORD_1939;PROD_12;3;4
ORD_1939;PROD_14;6;2
ORD_1939;PROD_45;3;5
ORD_1939;PROD_28;5;3
ORD_1939;PROD_4;7;2
ORD_1939;PROD_5;9;2
ORD_1939;PROD_13;5;3
ORD_1939;PROD_14;9;2
ORD_1939;PROD_24;9;4
ORD_1940;PROD_11;3;2
ORD_1940;PROD_43;2;1
ORD_1940;PROD_32;6;4
ORD_1940;PROD_42;8;4
ORD_1940;PROD_36;4;2
ORD_1940;PROD_23;4;2
ORD_1940;PROD_5;9;1
ORD_1940;PROD_50;8;3
ORD_1940;PROD_22;8;3
ORD_1940;PROD_44;2;3
ORD_1940;PROD_36;7;4
ORD_1940;PROD_12;9;3
ORD_1940;PROD_43;5;3
ORD_1940;PROD_18;2;4
ORD_1940;PROD_29;1;5
ORD_1941;PROD_33;3;2
ORD_1941;PROD_38;8;3
ORD_1941;PROD_49;9;2
ORD_1941;PROD_19;3;4
ORD_1941;PROD_15;4;4
ORD_1941;PROD_20;9;2
ORD_1941;PROD_7;5;2
ORD_1941;PROD_48;9;5
ORD_1941;PROD_40;1;4
ORD_1941;PROD_35;6;1
ORD_1941;PROD_22;1;4
ORD_1941;PROD_25;2;3
ORD_1941;PROD_50;6;2
ORD_1941;PROD_2;1;1
ORD_1941;PROD_8;9;3
ORD_1942;PROD_36;5;5
ORD_1942;PROD_33;6;4
ORD_1942;PROD_15;9;3
ORD_1942;PROD_22;2;4
ORD_1942;PROD_1;1;5
ORD_1942;PROD_3;5;5
ORD_1942;PROD_9;2;2
ORD_1942;PROD_33;7;2
ORD_1942;PROD_28;2;5
ORD_1942;PROD_36;9;2
ORD_1943;PROD_49;7;1
ORD_1943;PROD_41;3;1
ORD_1943;PROD_4;8;4
ORD_1943;PROD_8;2;1
ORD_1943;PROD_7;3;1
ORD_1944;PROD_15;2;2
ORD_1944;PROD_22;5;4
ORD_1944;PROD_9;2;4
ORD_1944;PROD_45;5;4
ORD_1944;PROD_11;8;2
ORD_1944;PROD_31;8;2
ORD_1944;PROD_40;2;3
ORD_1944;PROD_42;8;3
ORD_1944;PROD_24;8;5
ORD_1944;PROD_33;1;3
ORD_1944;PROD_49;2;1
ORD_1945;PROD_3;5;2
ORD_1945;PROD_21;6;1
ORD_1945;PROD_12;9;4
ORD_1945;PROD_16;1;1
ORD_1945;PROD_31;8;4
ORD_1945;PROD_24;5;2
ORD_1945;PROD_5;8;5
ORD_1945;PROD_12;9;4
ORD_1945;PROD_12;1;5
ORD_1946;PROD_36;8;4
ORD_1946;PROD_33;7;3
ORD_1946;PROD_11;6;2
ORD_1946;PROD_37;6;4
ORD_1946;PROD_41;5;2
ORD_1946;PROD_28;7;1
ORD_1946;PROD_16;4;4
ORD_1946;PROD_33;8;1
ORD_1946;PROD_38;3;1
ORD_1946;PROD_27;1;1
ORD_1946;PROD_5;1;3
ORD_1946;PROD_19;3;3
ORD_1946;PROD_44;8;3
ORD_1946;PROD_39;7;5
ORD_1946;PROD_47;4;5
ORD_1947;PROD_12;7;1
ORD_1947;PROD_50;6;5
ORD_1947;PROD_7;9;3
ORD_1947;PROD_11;4;2
ORD_1947;PROD_7;9;5
ORD_1947;PROD_47;5;3
ORD_1947;PROD_7;9;4
ORD_1947;PROD_2;6;4
ORD_1947;PROD_16;1;3
ORD_1947;PROD_24;7;1
ORD_1947;PROD_44;6;4
ORD_1947;PROD_48;9;3
ORD_1947;PROD_24;2;3
ORD_1948;PROD_12;1;2
ORD_1948;PROD_50;3;3
ORD_1948;PROD_7;6;5
ORD_1948;PROD_11;7;2
ORD_1948;PROD_36;8;4
ORD_1948;PROD_33;8;1
ORD_1948;PROD_33;6;2
ORD_1948;PROD_38;2;5
ORD_1949;PROD_15;3;1
ORD_1949;PROD_22;1;2
ORD_1949;PROD_33;2;2
ORD_1949;PROD_38;6;4
ORD_1949;PROD_49;1;5
ORD_1949;PROD_19;2;5
ORD_1949;PROD_15;1;2
ORD_1949;PROD_19;6;4
ORD_1949;PROD_25;9;1
ORD_1949;PROD_39;6;1
ORD_1949;PROD_28;6;5
ORD_1949;PROD_25;7;3
ORD_1949;PROD_17;8;5
ORD_1950;PROD_33;1;3
ORD_1950;PROD_38;7;4
ORD_1950;PROD_49;1;3
ORD_1950;PROD_19;2;3
ORD_1950;PROD_15;6;1
ORD_1950;PROD_3;7;3
ORD_1950;PROD_21;8;5
ORD_1950;PROD_12;6;4
ORD_1950;PROD_16;8;2
ORD_1950;PROD_31;1;3
ORD_1950;PROD_12;9;4
ORD_1950;PROD_50;6;5
ORD_1951;PROD_33;7;3
ORD_1951;PROD_38;9;4
ORD_1951;PROD_49;9;5
ORD_1951;PROD_19;2;1
ORD_1951;PROD_15;5;1
ORD_1951;PROD_45;5;2
ORD_1951;PROD_39;8;4
ORD_1951;PROD_25;6;2
ORD_1952;PROD_15;9;4
ORD_1952;PROD_22;3;1
ORD_1952;PROD_40;5;4
ORD_1952;PROD_5;3;3
ORD_1952;PROD_31;3;3
ORD_1952;PROD_16;4;1
ORD_1952;PROD_36;7;3
ORD_1952;PROD_31;2;2
ORD_1952;PROD_22;5;1
ORD_1952;PROD_10;7;1
ORD_1952;PROD_33;4;3
ORD_1952;PROD_26;7;1
ORD_1952;PROD_9;1;3
ORD_1952;PROD_20;4;3
ORD_1952;PROD_36;6;4
ORD_1953;PROD_36;8;3
ORD_1953;PROD_33;2;5
ORD_1953;PROD_49;1;5
ORD_1953;PROD_12;9;4
ORD_1953;PROD_27;4;3
ORD_1953;PROD_22;2;5
ORD_1953;PROD_15;6;3
ORD_1954;PROD_3;3;5
ORD_1954;PROD_21;9;1
ORD_1954;PROD_12;1;4
ORD_1954;PROD_16;4;2
ORD_1954;PROD_31;8;1
ORD_1954;PROD_18;3;2
ORD_1954;PROD_33;2;2
ORD_1954;PROD_43;5;2
ORD_1954;PROD_25;2;5
ORD_1954;PROD_16;5;3
ORD_1954;PROD_33;8;2
ORD_1954;PROD_33;2;3
ORD_1955;PROD_3;5;3
ORD_1955;PROD_21;4;3
ORD_1955;PROD_12;5;1
ORD_1955;PROD_16;7;4
ORD_1955;PROD_31;1;3
ORD_1955;PROD_12;8;4
ORD_1955;PROD_50;7;5
ORD_1955;PROD_7;2;5
ORD_1955;PROD_11;8;1
ORD_1955;PROD_36;8;2
ORD_1955;PROD_33;9;4
ORD_1955;PROD_9;2;4
ORD_1955;PROD_15;5;5
ORD_1956;PROD_47;5;4
ORD_1956;PROD_36;1;3
ORD_1956;PROD_35;3;3
ORD_1956;PROD_17;9;1
ORD_1956;PROD_34;4;2
ORD_1956;PROD_18;9;5
ORD_1956;PROD_16;6;3
ORD_1956;PROD_4;6;4
ORD_1956;PROD_11;8;2
ORD_1956;PROD_25;9;5
ORD_1956;PROD_36;7;5
ORD_1957;PROD_15;3;4
ORD_1957;PROD_44;9;3
ORD_1957;PROD_36;5;3
ORD_1957;PROD_1;8;5
ORD_1957;PROD_7;6;2
ORD_1957;PROD_43;2;3
ORD_1957;PROD_5;9;1
ORD_1958;PROD_19;9;5
ORD_1958;PROD_24;7;4
ORD_1958;PROD_29;6;5
ORD_1958;PROD_17;3;1
ORD_1958;PROD_10;2;2
ORD_1958;PROD_46;2;3
ORD_1958;PROD_26;6;3
ORD_1958;PROD_41;8;1
ORD_1958;PROD_13;6;1
ORD_1958;PROD_19;4;4
ORD_1958;PROD_8;4;4
ORD_1958;PROD_26;3;3
ORD_1958;PROD_12;6;3
ORD_1958;PROD_25;4;4
ORD_1959;PROD_14;7;1
ORD_1959;PROD_36;8;4
ORD_1959;PROD_13;1;1
ORD_1959;PROD_29;1;5
ORD_1959;PROD_15;4;3
ORD_1959;PROD_1;8;3
ORD_1959;PROD_17;3;5
ORD_1959;PROD_17;8;1
ORD_1959;PROD_20;8;2
ORD_1959;PROD_25;9;4
ORD_1960;PROD_46;3;4
ORD_1960;PROD_4;5;5
ORD_1960;PROD_20;9;1
ORD_1960;PROD_10;6;2
ORD_1960;PROD_9;9;5
ORD_1960;PROD_19;2;2
ORD_1960;PROD_33;6;5
ORD_1960;PROD_19;1;4
ORD_1960;PROD_49;6;3
ORD_1960;PROD_46;4;3
ORD_1960;PROD_32;1;3
ORD_1960;PROD_43;1;5
ORD_1960;PROD_41;4;4
ORD_1960;PROD_46;6;1
ORD_1960;PROD_3;7;3
ORD_1961;PROD_18;8;4
ORD_1961;PROD_21;5;4
ORD_1961;PROD_47;8;5
ORD_1961;PROD_42;2;5
ORD_1961;PROD_27;3;5
ORD_1961;PROD_34;7;1
ORD_1961;PROD_18;9;3
ORD_1961;PROD_38;1;4
ORD_1961;PROD_22;7;5
ORD_1961;PROD_6;4;3
ORD_1961;PROD_15;2;5
ORD_1961;PROD_9;3;5
ORD_1962;PROD_35;8;2
ORD_1962;PROD_9;5;5
ORD_1962;PROD_48;2;3
ORD_1962;PROD_21;3;1
ORD_1962;PROD_24;2;2
ORD_1963;PROD_35;4;2
ORD_1963;PROD_16;8;1
ORD_1963;PROD_7;2;1
ORD_1963;PROD_26;9;3
ORD_1963;PROD_45;5;4
ORD_1963;PROD_4;3;4
ORD_1963;PROD_34;8;5
ORD_1963;PROD_26;3;3
ORD_1964;PROD_12;6;5
ORD_1964;PROD_1;8;1
ORD_1964;PROD_42;2;1
ORD_1964;PROD_30;8;4
ORD_1964;PROD_47;9;4
ORD_1965;PROD_38;9;5
ORD_1965;PROD_43;5;1
ORD_1965;PROD_49;7;2
ORD_1965;PROD_14;9;5
ORD_1965;PROD_38;2;1
ORD_1965;PROD_10;6;2
ORD_1965;PROD_14;3;4
ORD_1965;PROD_46;7;5
ORD_1966;PROD_13;9;4
ORD_1966;PROD_44;4;5
ORD_1966;PROD_45;6;2
ORD_1966;PROD_42;4;2
ORD_1966;PROD_29;1;5
ORD_1966;PROD_19;2;1
ORD_1966;PROD_11;7;2
ORD_1966;PROD_3;6;4
ORD_1966;PROD_45;4;5
ORD_1966;PROD_10;4;1
ORD_1966;PROD_8;3;5
ORD_1966;PROD_7;3;2
ORD_1966;PROD_20;2;4
ORD_1966;PROD_29;3;2
ORD_1966;PROD_41;1;3
ORD_1967;PROD_15;5;3
ORD_1967;PROD_22;3;5
ORD_1967;PROD_33;8;4
ORD_1967;PROD_38;6;2
ORD_1967;PROD_49;3;4
ORD_1968;PROD_24;1;4
ORD_1968;PROD_26;6;5
ORD_1968;PROD_33;7;2
ORD_1968;PROD_10;4;1
ORD_1968;PROD_43;5;5
ORD_1968;PROD_22;4;3
ORD_1968;PROD_46;9;1
ORD_1968;PROD_24;1;1
ORD_1968;PROD_50;7;3
ORD_1968;PROD_50;6;4
ORD_1968;PROD_3;2;5
ORD_1968;PROD_7;5;5
ORD_1968;PROD_15;9;5
ORD_1969;PROD_49;5;1
ORD_1969;PROD_38;1;5
ORD_1969;PROD_12;2;4
ORD_1969;PROD_11;7;4
ORD_1969;PROD_42;5;5
ORD_1969;PROD_46;9;5
ORD_1970;PROD_7;1;5
ORD_1970;PROD_47;8;4
ORD_1970;PROD_34;1;5
ORD_1970;PROD_1;9;5
ORD_1970;PROD_7;6;1
ORD_1971;PROD_43;9;1
ORD_1971;PROD_6;1;2
ORD_1971;PROD_24;9;5
ORD_1971;PROD_26;9;5
ORD_1971;PROD_18;7;4
ORD_1971;PROD_31;7;3
ORD_1971;PROD_34;7;3
ORD_1971;PROD_42;2;2
ORD_1971;PROD_2;1;3
ORD_1971;PROD_27;1;5
ORD_1972;PROD_50;2;2
ORD_1972;PROD_20;4;2
ORD_1972;PROD_8;7;1
ORD_1972;PROD_1;2;4
ORD_1972;PROD_12;7;3
ORD_1972;PROD_6;1;2
ORD_1972;PROD_3;8;4
ORD_1972;PROD_10;3;4
ORD_1972;PROD_27;4;3
ORD_1972;PROD_31;5;4
ORD_1972;PROD_39;2;3
ORD_1973;PROD_15;5;4
ORD_1973;PROD_44;8;1
ORD_1973;PROD_36;8;3
ORD_1973;PROD_1;3;3
ORD_1973;PROD_15;8;3
ORD_1974;PROD_33;2;2
ORD_1974;PROD_38;8;3
ORD_1974;PROD_49;7;1
ORD_1974;PROD_19;9;1
ORD_1974;PROD_15;9;1
ORD_1974;PROD_49;8;5
ORD_1974;PROD_12;1;4
ORD_1975;PROD_33;4;2
ORD_1975;PROD_38;2;4
ORD_1975;PROD_49;6;5
ORD_1975;PROD_19;4;1
ORD_1975;PROD_15;8;4
ORD_1975;PROD_30;9;3
ORD_1976;PROD_33;4;2
ORD_1976;PROD_6;9;4
ORD_1976;PROD_14;9;3
ORD_1976;PROD_27;5;2
ORD_1976;PROD_2;5;5
ORD_1976;PROD_50;6;4
ORD_1976;PROD_22;6;4
ORD_1976;PROD_20;7;4
ORD_1977;PROD_31;7;1
ORD_1977;PROD_8;5;4
ORD_1977;PROD_28;3;5
ORD_1977;PROD_12;5;2
ORD_1977;PROD_37;1;4
ORD_1977;PROD_12;4;3
ORD_1977;PROD_7;6;1
ORD_1977;PROD_10;5;1
ORD_1978;PROD_15;3;1
ORD_1978;PROD_44;7;5
ORD_1978;PROD_36;9;5
ORD_1978;PROD_1;6;5
ORD_1978;PROD_15;5;1
ORD_1978;PROD_22;4;1
ORD_1978;PROD_12;3;3
ORD_1978;PROD_50;8;3
ORD_1978;PROD_7;8;5
ORD_1978;PROD_11;9;2
ORD_1979;PROD_34;3;2
ORD_1979;PROD_22;1;2
ORD_1979;PROD_37;7;3
ORD_1979;PROD_39;3;3
ORD_1979;PROD_38;5;4
ORD_1979;PROD_34;4;4
ORD_1979;PROD_1;9;4
ORD_1979;PROD_30;1;5
ORD_1979;PROD_7;8;3
ORD_1979;PROD_45;6;2
ORD_1980;PROD_27;8;3
ORD_1980;PROD_14;3;1
ORD_1980;PROD_1;9;4
ORD_1980;PROD_48;8;5
ORD_1980;PROD_9;9;5
ORD_1980;PROD_30;3;2
ORD_1980;PROD_13;1;3
ORD_1980;PROD_48;8;1
ORD_1980;PROD_34;4;1
ORD_1980;PROD_9;9;4
ORD_1980;PROD_8;3;4
ORD_1980;PROD_41;3;3
ORD_1980;PROD_48;3;3
ORD_1980;PROD_7;7;1
ORD_1980;PROD_33;3;2
ORD_1981;PROD_22;7;3
ORD_1981;PROD_23;9;5
ORD_1981;PROD_7;2;5
ORD_1981;PROD_9;5;3
ORD_1981;PROD_3;5;4
ORD_1981;PROD_47;4;4
ORD_1981;PROD_9;1;1
ORD_1981;PROD_44;7;1
ORD_1981;PROD_27;6;1
ORD_1981;PROD_7;5;2
ORD_1981;PROD_14;5;3
ORD_1981;PROD_28;1;5
ORD_1981;PROD_49;7;3
ORD_1981;PROD_22;2;3
ORD_1981;PROD_23;7;2
ORD_1982;PROD_46;6;2
ORD_1982;PROD_22;3;3
ORD_1982;PROD_45;9;3
ORD_1982;PROD_34;5;4
ORD_1982;PROD_47;3;4
ORD_1982;PROD_24;7;1
ORD_1982;PROD_11;1;5
ORD_1982;PROD_12;5;4
ORD_1982;PROD_7;3;4
ORD_1982;PROD_17;1;1
ORD_1983;PROD_7;9;3
ORD_1983;PROD_5;5;5
ORD_1983;PROD_29;8;2
ORD_1983;PROD_34;5;4
ORD_1983;PROD_30;5;2
ORD_1983;PROD_29;9;4
ORD_1983;PROD_34;5;5
ORD_1983;PROD_42;1;2
ORD_1983;PROD_48;9;1
ORD_1983;PROD_28;9;2
ORD_1983;PROD_20;2;5
ORD_1983;PROD_38;6;5
ORD_1983;PROD_38;4;5
ORD_1984;PROD_3;5;4
ORD_1984;PROD_21;8;5
ORD_1984;PROD_12;9;2
ORD_1984;PROD_16;8;2
ORD_1984;PROD_31;6;3
ORD_1984;PROD_3;4;2
ORD_1984;PROD_21;3;1
ORD_1985;PROD_43;7;4
ORD_1985;PROD_20;6;1
ORD_1985;PROD_48;2;2
ORD_1985;PROD_18;1;2
ORD_1985;PROD_39;1;5
ORD_1985;PROD_35;2;5
ORD_1985;PROD_17;9;3
ORD_1985;PROD_13;7;1
ORD_1985;PROD_25;8;2
ORD_1985;PROD_17;1;5
ORD_1985;PROD_16;4;4
ORD_1985;PROD_13;4;5
ORD_1985;PROD_2;5;4
ORD_1986;PROD_47;8;1
ORD_1986;PROD_14;5;2
ORD_1986;PROD_23;5;2
ORD_1986;PROD_24;8;1
ORD_1986;PROD_32;6;1
ORD_1987;PROD_8;4;2
ORD_1987;PROD_36;8;5
ORD_1987;PROD_42;6;5
ORD_1987;PROD_5;5;4
ORD_1987;PROD_38;1;5
ORD_1987;PROD_15;8;5
ORD_1987;PROD_26;5;3
ORD_1987;PROD_44;5;5
ORD_1987;PROD_9;5;4
ORD_1987;PROD_3;8;2
ORD_1987;PROD_14;3;5
ORD_1987;PROD_29;4;4
ORD_1988;PROD_27;3;4
ORD_1988;PROD_26;8;3
ORD_1988;PROD_12;3;5
ORD_1988;PROD_15;9;5
ORD_1988;PROD_24;2;5
ORD_1988;PROD_1;2;2
ORD_1988;PROD_41;9;2
ORD_1988;PROD_1;6;3
ORD_1988;PROD_4;2;4
ORD_1988;PROD_15;4;4
ORD_1989;PROD_20;4;3
ORD_1989;PROD_43;9;4
ORD_1989;PROD_5;6;3
ORD_1989;PROD_22;7;5
ORD_1989;PROD_30;7;2
ORD_1989;PROD_2;5;4
ORD_1989;PROD_24;7;5
ORD_1989;PROD_30;3;3
ORD_1989;PROD_44;8;2
ORD_1989;PROD_41;8;5
ORD_1990;PROD_35;4;5
ORD_1990;PROD_41;7;2
ORD_1990;PROD_50;2;4
ORD_1990;PROD_50;8;1
ORD_1990;PROD_35;7;4
ORD_1990;PROD_13;8;3
ORD_1990;PROD_23;2;1
ORD_1990;PROD_40;5;2
ORD_1990;PROD_31;7;1
ORD_1990;PROD_26;7;5
ORD_1990;PROD_23;8;2
ORD_1990;PROD_37;6;2
ORD_1990;PROD_12;8;1
ORD_1990;PROD_12;7;5
ORD_1990;PROD_44;1;1
ORD_1991;PROD_11;9;3
ORD_1991;PROD_43;7;5
ORD_1991;PROD_26;3;2
ORD_1991;PROD_43;2;5
ORD_1991;PROD_39;5;1
ORD_1991;PROD_1;7;2
ORD_1991;PROD_2;2;4
ORD_1991;PROD_5;6;5
ORD_1991;PROD_33;3;2
ORD_1991;PROD_3;6;4
ORD_1991;PROD_6;1;3
ORD_1991;PROD_5;3;2
ORD_1991;PROD_27;5;3
ORD_1992;PROD_15;6;2
ORD_1992;PROD_44;1;1
ORD_1992;PROD_36;3;3
ORD_1992;PROD_1;1;5
ORD_1992;PROD_12;8;3
ORD_1992;PROD_50;7;3
ORD_1992;PROD_7;7;4
ORD_1992;PROD_11;3;2
ORD_1992;PROD_11;6;2
ORD_1992;PROD_43;2;4
ORD_1992;PROD_1;3;3
ORD_1992;PROD_16;6;4
ORD_1992;PROD_12;4;3
ORD_1992;PROD_12;7;1
ORD_1992;PROD_41;6;3
ORD_1993;PROD_36;5;2
ORD_1993;PROD_33;3;1
ORD_1993;PROD_47;8;5
ORD_1993;PROD_17;2;4
ORD_1993;PROD_41;4;4
ORD_1993;PROD_32;7;4
ORD_1993;PROD_37;5;5
ORD_1993;PROD_24;4;5
ORD_1993;PROD_41;1;2
ORD_1993;PROD_37;9;5
ORD_1993;PROD_29;3;2
ORD_1993;PROD_27;7;1
ORD_1993;PROD_35;2;1
ORD_1994;PROD_14;2;3
ORD_1994;PROD_35;7;5
ORD_1994;PROD_44;3;3
ORD_1994;PROD_32;1;2
ORD_1994;PROD_45;1;3
ORD_1994;PROD_34;6;4
ORD_1994;PROD_44;9;1
ORD_1994;PROD_26;7;5
ORD_1994;PROD_19;5;2
ORD_1995;PROD_41;9;3
ORD_1995;PROD_49;7;2
ORD_1995;PROD_2;5;5
ORD_1995;PROD_42;4;3
ORD_1995;PROD_32;1;5
ORD_1996;PROD_11;9;4
ORD_1996;PROD_43;1;3
ORD_1996;PROD_15;9;3
ORD_1996;PROD_44;6;4
ORD_1996;PROD_36;4;4
ORD_1996;PROD_1;8;5
ORD_1996;PROD_11;5;5
ORD_1996;PROD_43;7;4
ORD_1996;PROD_29;5;2
ORD_1996;PROD_5;7;5
ORD_1996;PROD_24;2;2
ORD_1996;PROD_18;1;1
ORD_1996;PROD_1;3;3
ORD_1996;PROD_43;2;2
ORD_1996;PROD_26;7;5
ORD_1997;PROD_25;4;5
ORD_1997;PROD_10;2;2
ORD_1997;PROD_21;9;4
ORD_1997;PROD_43;8;4
ORD_1997;PROD_22;5;1
ORD_1997;PROD_6;9;1
ORD_1997;PROD_39;2;5
ORD_1997;PROD_46;3;4
ORD_1997;PROD_20;8;4
ORD_1997;PROD_5;7;3
ORD_1998;PROD_33;1;2
ORD_1998;PROD_38;9;3
ORD_1998;PROD_49;4;2
ORD_1998;PROD_19;6;5
ORD_1998;PROD_15;1;1
ORD_1998;PROD_15;5;2
ORD_1998;PROD_44;6;5
ORD_1998;PROD_36;4;5
ORD_1998;PROD_1;7;4
ORD_1998;PROD_36;4;4
ORD_1999;PROD_33;2;5
ORD_1999;PROD_38;3;1
ORD_1999;PROD_49;3;1
ORD_1999;PROD_19;3;1
ORD_1999;PROD_15;9;5
ORD_1999;PROD_15;5;5
ORD_1999;PROD_22;8;1
ORD_1999;PROD_15;6;2
ORD_1999;PROD_44;1;3
ORD_1999;PROD_36;5;2
ORD_1999;PROD_1;2;4
ORD_1999;PROD_14;5;3
ORD_1999;PROD_26;9;4
ORD_2000;PROD_30;8;4
ORD_2000;PROD_46;6;5
ORD_2000;PROD_29;6;3
ORD_2000;PROD_9;3;2
ORD_2000;PROD_29;1;2
ORD_2000;PROD_8;3;2
ORD_2000;PROD_23;9;1
ORD_2000;PROD_35;3;2
ORD_2000;PROD_17;6;5
ORD_2000;PROD_6;6;4
ORD_2000;PROD_45;5;2
ORD_2000;PROD_3;7;5
ORD_2001;PROD_30;8;1
ORD_2001;PROD_29;8;1
ORD_2001;PROD_35;3;2
ORD_2001;PROD_28;4;2
ORD_2001;PROD_48;2;3
ORD_2001;PROD_10;8;2
ORD_2001;PROD_20;9;4
ORD_2001;PROD_34;6;3
ORD_2001;PROD_32;3;5
ORD_2002;PROD_33;8;3
ORD_2002;PROD_38;2;4
ORD_2002;PROD_49;6;3
ORD_2002;PROD_19;5;3
ORD_2002;PROD_15;3;2
ORD_2003;PROD_25;1;4
ORD_2003;PROD_9;4;3
ORD_2003;PROD_49;1;1
ORD_2003;PROD_29;3;1
ORD_2003;PROD_35;9;2
ORD_2003;PROD_28;3;4
ORD_2003;PROD_7;1;4
ORD_2003;PROD_9;9;4
ORD_2003;PROD_8;9;5
ORD_2003;PROD_45;1;4
ORD_2003;PROD_24;4;5
ORD_2004;PROD_15;6;3
ORD_2004;PROD_44;3;2
ORD_2004;PROD_36;9;3
ORD_2004;PROD_1;3;3
ORD_2004;PROD_21;1;3
ORD_2004;PROD_14;9;3
ORD_2004;PROD_43;6;4
ORD_2004;PROD_8;4;5
ORD_2004;PROD_42;1;2
ORD_2004;PROD_29;2;1
ORD_2004;PROD_26;5;1
ORD_2004;PROD_10;8;1
ORD_2004;PROD_48;3;2
ORD_2005;PROD_14;6;1
ORD_2005;PROD_4;7;4
ORD_2005;PROD_15;5;1
ORD_2005;PROD_42;8;2
ORD_2005;PROD_4;4;1
ORD_2005;PROD_50;3;1
ORD_2005;PROD_44;7;2
ORD_2005;PROD_12;7;5
ORD_2005;PROD_29;1;3
ORD_2005;PROD_18;9;4
ORD_2006;PROD_11;1;1
ORD_2006;PROD_43;5;2
ORD_2006;PROD_3;7;4
ORD_2006;PROD_21;5;1
ORD_2006;PROD_12;1;1
ORD_2006;PROD_16;5;1
ORD_2006;PROD_31;1;2
ORD_2006;PROD_36;9;4
ORD_2006;PROD_33;3;4
ORD_2006;PROD_17;4;5
ORD_2006;PROD_26;7;2
ORD_2007;PROD_33;2;1
ORD_2007;PROD_30;5;3
ORD_2007;PROD_21;7;3
ORD_2007;PROD_8;3;1
ORD_2007;PROD_24;4;1
ORD_2007;PROD_38;3;1
ORD_2007;PROD_16;1;4
ORD_2007;PROD_27;9;4
ORD_2007;PROD_5;8;1
ORD_2007;PROD_35;5;5
ORD_2007;PROD_7;1;2
ORD_2007;PROD_18;4;4
ORD_2007;PROD_18;4;4
ORD_2007;PROD_21;5;4
ORD_2008;PROD_31;1;5
ORD_2008;PROD_14;8;2
ORD_2008;PROD_6;2;3
ORD_2008;PROD_14;8;1
ORD_2008;PROD_19;6;5
ORD_2008;PROD_13;7;4
ORD_2008;PROD_27;2;5
ORD_2008;PROD_41;8;1
ORD_2008;PROD_43;9;5
ORD_2009;PROD_15;3;5
ORD_2009;PROD_22;1;5
ORD_2009;PROD_15;6;1
ORD_2009;PROD_44;5;5
ORD_2009;PROD_36;8;4
ORD_2009;PROD_1;2;3
ORD_2009;PROD_50;4;5
ORD_2009;PROD_26;7;4
ORD_2009;PROD_6;8;2
ORD_2009;PROD_36;3;4
ORD_2010;PROD_18;1;1
ORD_2010;PROD_36;9;4
ORD_2010;PROD_10;6;3
ORD_2010;PROD_38;8;4
ORD_2010;PROD_18;5;2
ORD_2010;PROD_2;7;2
ORD_2010;PROD_36;5;1
ORD_2010;PROD_31;9;1
ORD_2011;PROD_36;1;5
ORD_2011;PROD_33;6;5
ORD_2011;PROD_33;4;3
ORD_2011;PROD_38;7;3
ORD_2011;PROD_49;5;5
ORD_2011;PROD_19;1;4
ORD_2011;PROD_15;3;4
ORD_2011;PROD_33;8;4
ORD_2011;PROD_38;5;1
ORD_2012;PROD_3;9;1
ORD_2012;PROD_21;2;3
ORD_2012;PROD_12;5;1
ORD_2012;PROD_16;7;5
ORD_2012;PROD_31;3;5
ORD_2012;PROD_33;5;4
ORD_2012;PROD_38;1;3
ORD_2012;PROD_49;7;4
ORD_2012;PROD_19;6;3
ORD_2012;PROD_15;9;2
ORD_2012;PROD_3;1;4
ORD_2012;PROD_21;7;1
ORD_2012;PROD_12;3;5
ORD_2013;PROD_42;8;1
ORD_2013;PROD_24;7;2
ORD_2013;PROD_29;7;2
ORD_2013;PROD_30;2;1
ORD_2013;PROD_42;1;4
ORD_2013;PROD_42;2;4
ORD_2013;PROD_44;3;5
ORD_2014;PROD_34;1;1
ORD_2014;PROD_31;4;4
ORD_2014;PROD_28;9;1
ORD_2014;PROD_25;5;3
ORD_2014;PROD_18;3;3
ORD_2014;PROD_19;3;3
ORD_2014;PROD_47;2;3
ORD_2014;PROD_10;8;3
ORD_2014;PROD_21;3;1
ORD_2014;PROD_43;3;5
ORD_2015;PROD_33;2;2
ORD_2015;PROD_38;2;4
ORD_2015;PROD_49;5;1
ORD_2015;PROD_19;4;2
ORD_2015;PROD_15;2;4
ORD_2015;PROD_12;2;3
ORD_2015;PROD_50;6;4
ORD_2015;PROD_7;1;3
ORD_2015;PROD_11;8;1
ORD_2015;PROD_12;9;2
ORD_2015;PROD_50;2;4
ORD_2015;PROD_7;6;4
ORD_2015;PROD_11;1;3
ORD_2016;PROD_15;7;3
ORD_2016;PROD_22;6;1
ORD_2016;PROD_11;9;4
ORD_2016;PROD_43;3;2
ORD_2016;PROD_11;1;3
ORD_2016;PROD_19;1;2
ORD_2016;PROD_5;6;5
ORD_2016;PROD_10;7;1
ORD_2017;PROD_3;5;5
ORD_2017;PROD_21;9;3
ORD_2017;PROD_12;4;1
ORD_2017;PROD_16;4;1
ORD_2017;PROD_31;3;3
ORD_2017;PROD_15;9;1
ORD_2017;PROD_44;5;2
ORD_2018;PROD_3;3;4
ORD_2018;PROD_21;5;2
ORD_2018;PROD_12;3;1
ORD_2018;PROD_16;5;4
ORD_2018;PROD_31;8;2
ORD_2018;PROD_40;3;1
ORD_2018;PROD_42;7;3
ORD_2019;PROD_16;6;1
ORD_2019;PROD_43;9;4
ORD_2019;PROD_1;9;3
ORD_2019;PROD_44;7;1
ORD_2019;PROD_11;1;5
ORD_2019;PROD_28;2;5
ORD_2019;PROD_45;4;1
ORD_2019;PROD_26;3;4
ORD_2019;PROD_45;4;3
ORD_2019;PROD_15;1;5
ORD_2020;PROD_47;7;5
ORD_2020;PROD_36;8;5
ORD_2020;PROD_13;1;3
ORD_2020;PROD_32;7;4
ORD_2020;PROD_11;3;2
ORD_2020;PROD_40;9;5
ORD_2020;PROD_17;3;5
ORD_2020;PROD_15;8;1
ORD_2020;PROD_26;6;1
ORD_2020;PROD_14;8;4
ORD_2020;PROD_31;3;5
ORD_2020;PROD_31;6;4
ORD_2020;PROD_48;4;5
ORD_2020;PROD_7;1;4
ORD_2020;PROD_16;9;2
ORD_2021;PROD_44;1;3
ORD_2021;PROD_26;2;3
ORD_2021;PROD_8;2;4
ORD_2021;PROD_43;7;1
ORD_2021;PROD_17;2;1
ORD_2021;PROD_28;7;4
ORD_2021;PROD_42;1;1
ORD_2021;PROD_6;3;4
ORD_2021;PROD_8;6;3
ORD_2021;PROD_50;1;2
ORD_2021;PROD_1;2;5
ORD_2021;PROD_38;3;2
ORD_2021;PROD_1;1;2
ORD_2021;PROD_45;9;3
ORD_2021;PROD_21;4;3
ORD_2022;PROD_8;7;4
ORD_2022;PROD_10;1;2
ORD_2022;PROD_45;8;1
ORD_2022;PROD_50;6;2
ORD_2022;PROD_7;4;2
ORD_2022;PROD_34;3;5
ORD_2022;PROD_20;2;1
ORD_2022;PROD_41;7;4
ORD_2022;PROD_17;2;5
ORD_2022;PROD_26;9;3
ORD_2023;PROD_45;3;1
ORD_2023;PROD_28;1;2
ORD_2023;PROD_16;1;3
ORD_2023;PROD_33;4;2
ORD_2023;PROD_49;4;2
ORD_2023;PROD_7;4;2
ORD_2023;PROD_24;9;1
ORD_2024;PROD_47;6;3
ORD_2024;PROD_45;5;3
ORD_2024;PROD_36;9;2
ORD_2024;PROD_46;2;5
ORD_2024;PROD_22;6;3
ORD_2024;PROD_28;6;3
ORD_2024;PROD_27;9;3
ORD_2024;PROD_14;3;2
ORD_2024;PROD_25;5;1
ORD_2024;PROD_18;4;3
ORD_2024;PROD_47;9;4
ORD_2025;PROD_12;1;3
ORD_2025;PROD_50;7;1
ORD_2025;PROD_7;3;3
ORD_2025;PROD_11;8;1
ORD_2025;PROD_41;1;2
ORD_2025;PROD_38;3;1
ORD_2025;PROD_9;9;2
ORD_2026;PROD_12;7;3
ORD_2026;PROD_50;6;5
ORD_2026;PROD_7;1;3
ORD_2026;PROD_11;1;3
ORD_2026;PROD_3;7;4
ORD_2026;PROD_21;9;4
ORD_2027;PROD_14;4;1
ORD_2027;PROD_42;1;3
ORD_2027;PROD_31;5;2
ORD_2027;PROD_9;9;5
ORD_2027;PROD_9;8;5
ORD_2027;PROD_10;6;2
ORD_2027;PROD_14;3;2
ORD_2027;PROD_47;8;4
ORD_2027;PROD_44;3;1
ORD_2028;PROD_3;8;1
ORD_2028;PROD_21;6;4
ORD_2028;PROD_12;8;5
ORD_2028;PROD_16;2;1
ORD_2028;PROD_31;1;5
ORD_2028;PROD_33;3;1
ORD_2028;PROD_38;1;1
ORD_2028;PROD_49;9;2
ORD_2028;PROD_19;8;2
ORD_2028;PROD_15;5;3
ORD_2028;PROD_39;5;2
ORD_2029;PROD_23;4;1
ORD_2029;PROD_26;6;2
ORD_2029;PROD_9;7;3
ORD_2029;PROD_24;4;5
ORD_2029;PROD_39;9;4
ORD_2029;PROD_30;4;5
ORD_2029;PROD_32;5;2
ORD_2029;PROD_37;4;2
ORD_2029;PROD_10;2;5
ORD_2029;PROD_14;6;5
ORD_2029;PROD_39;9;4
ORD_2029;PROD_12;1;4
ORD_2029;PROD_44;5;5
ORD_2029;PROD_5;9;1
ORD_2030;PROD_33;8;2
ORD_2030;PROD_38;9;4
ORD_2030;PROD_49;6;5
ORD_2030;PROD_19;5;1
ORD_2030;PROD_15;9;2
ORD_2030;PROD_23;6;2
ORD_2030;PROD_25;8;4
ORD_2030;PROD_17;7;3
ORD_2030;PROD_38;3;3
ORD_2030;PROD_8;5;3
ORD_2030;PROD_10;4;3
ORD_2030;PROD_48;8;1
ORD_2030;PROD_39;7;4
ORD_2030;PROD_6;4;2
ORD_2030;PROD_26;3;3
ORD_2031;PROD_3;3;2
ORD_2031;PROD_34;8;1
ORD_2031;PROD_22;6;4
ORD_2031;PROD_45;1;3
ORD_2031;PROD_5;3;5
ORD_2031;PROD_29;1;5
ORD_2031;PROD_50;2;5
ORD_2031;PROD_31;3;4
ORD_2031;PROD_29;1;5
ORD_2031;PROD_8;3;1
ORD_2032;PROD_15;4;5
ORD_2032;PROD_44;6;3
ORD_2032;PROD_36;2;1
ORD_2032;PROD_1;9;1
ORD_2032;PROD_23;3;5
ORD_2032;PROD_28;5;1
ORD_2032;PROD_27;7;4
ORD_2032;PROD_33;4;4
ORD_2032;PROD_41;2;5
ORD_2033;PROD_33;9;3
ORD_2033;PROD_38;5;4
ORD_2033;PROD_49;4;4
ORD_2033;PROD_19;6;2
ORD_2033;PROD_15;5;2
ORD_2033;PROD_3;4;1
ORD_2033;PROD_21;9;3
ORD_2033;PROD_12;1;1
ORD_2033;PROD_16;9;1
ORD_2033;PROD_31;8;2
ORD_2033;PROD_11;7;4
ORD_2033;PROD_43;4;1
ORD_2033;PROD_7;2;1
ORD_2033;PROD_35;2;5
ORD_2034;PROD_15;5;3
ORD_2034;PROD_44;4;2
ORD_2034;PROD_36;2;3
ORD_2034;PROD_1;5;4
ORD_2034;PROD_33;8;3
ORD_2034;PROD_38;4;3
ORD_2034;PROD_49;3;4
ORD_2034;PROD_19;2;4
ORD_2034;PROD_15;9;4
ORD_2034;PROD_12;4;2
ORD_2034;PROD_50;2;3
ORD_2034;PROD_7;3;1
ORD_2035;PROD_11;7;5
ORD_2035;PROD_43;9;2
ORD_2035;PROD_3;3;1
ORD_2035;PROD_21;4;2
ORD_2035;PROD_12;3;1
ORD_2035;PROD_16;1;3
ORD_2035;PROD_31;7;4
ORD_2035;PROD_41;2;5
ORD_2035;PROD_36;6;2
ORD_2035;PROD_30;5;2
ORD_2036;PROD_6;9;2
ORD_2036;PROD_27;3;4
ORD_2036;PROD_6;1;3
ORD_2036;PROD_28;1;3
ORD_2036;PROD_3;6;5
ORD_2036;PROD_20;8;4
ORD_2036;PROD_14;8;1
ORD_2036;PROD_18;2;3
ORD_2036;PROD_36;8;1
ORD_2036;PROD_18;4;1
ORD_2036;PROD_9;4;2
ORD_2036;PROD_11;5;4
ORD_2037;PROD_15;2;4
ORD_2037;PROD_10;7;4
ORD_2037;PROD_5;8;4
ORD_2037;PROD_30;2;5
ORD_2037;PROD_13;5;3
ORD_2037;PROD_30;8;4
ORD_2037;PROD_15;3;4
ORD_2038;PROD_15;4;2
ORD_2038;PROD_22;3;5
ORD_2038;PROD_31;7;2
ORD_2038;PROD_37;9;4
ORD_2038;PROD_22;2;3
ORD_2038;PROD_7;8;4
ORD_2038;PROD_13;5;4
ORD_2038;PROD_19;4;3
ORD_2038;PROD_15;9;4
ORD_2038;PROD_3;7;2
ORD_2038;PROD_8;9;4
ORD_2039;PROD_15;4;5
ORD_2039;PROD_33;7;4
ORD_2039;PROD_46;2;3
ORD_2039;PROD_8;5;1
ORD_2039;PROD_26;7;1
ORD_2039;PROD_31;7;1
ORD_2039;PROD_1;6;1
ORD_2039;PROD_9;4;3
ORD_2039;PROD_49;8;3
ORD_2039;PROD_28;5;5
ORD_2039;PROD_10;4;1
ORD_2039;PROD_39;9;3
ORD_2039;PROD_2;1;5
ORD_2039;PROD_50;1;4
ORD_2039;PROD_37;1;3
ORD_2040;PROD_36;8;3
ORD_2040;PROD_33;6;4
ORD_2040;PROD_33;5;2
ORD_2040;PROD_38;7;3
ORD_2040;PROD_49;7;5
ORD_2040;PROD_19;2;1
ORD_2040;PROD_15;1;2
ORD_2040;PROD_36;4;4
ORD_2040;PROD_33;8;2
ORD_2040;PROD_47;3;3
ORD_2040;PROD_3;2;2
ORD_2040;PROD_29;8;3
ORD_2041;PROD_36;2;1
ORD_2041;PROD_33;5;3
ORD_2041;PROD_19;6;4
ORD_2041;PROD_17;6;2
ORD_2041;PROD_29;2;1
ORD_2042;PROD_12;2;4
ORD_2042;PROD_50;4;1
ORD_2042;PROD_7;3;5
ORD_2042;PROD_11;2;5
ORD_2042;PROD_38;7;3
ORD_2042;PROD_28;3;2
ORD_2042;PROD_17;6;1
ORD_2042;PROD_43;7;1
ORD_2042;PROD_18;5;5
ORD_2042;PROD_18;5;1
ORD_2042;PROD_3;1;5
ORD_2042;PROD_36;8;4
ORD_2042;PROD_29;2;5
ORD_2042;PROD_17;8;2
ORD_2042;PROD_21;3;5
ORD_2043;PROD_33;9;1
ORD_2043;PROD_38;8;1
ORD_2043;PROD_49;6;3
ORD_2043;PROD_19;3;5
ORD_2043;PROD_15;7;5
ORD_2043;PROD_15;6;5
ORD_2043;PROD_44;3;4
ORD_2043;PROD_36;3;5
ORD_2043;PROD_1;1;4
ORD_2043;PROD_3;1;3
ORD_2043;PROD_21;1;2
ORD_2043;PROD_12;5;4
ORD_2044;PROD_15;9;3
ORD_2044;PROD_22;8;2
ORD_2044;PROD_33;6;1
ORD_2044;PROD_38;6;3
ORD_2044;PROD_49;2;3
ORD_2044;PROD_19;7;4
ORD_2044;PROD_15;6;1
ORD_2044;PROD_45;7;5
ORD_2044;PROD_19;6;4
ORD_2044;PROD_11;4;5
ORD_2045;PROD_12;5;1
ORD_2045;PROD_50;2;1
ORD_2045;PROD_7;3;5
ORD_2045;PROD_11;9;2
ORD_2045;PROD_15;5;5
ORD_2045;PROD_22;5;5
ORD_2046;PROD_12;4;4
ORD_2046;PROD_50;4;2
ORD_2046;PROD_7;4;2
ORD_2046;PROD_11;8;2
ORD_2046;PROD_3;3;5
ORD_2046;PROD_21;9;4
ORD_2046;PROD_12;1;3
ORD_2046;PROD_16;1;3
ORD_2046;PROD_31;6;5
ORD_2046;PROD_39;1;4
ORD_2046;PROD_46;3;3
ORD_2047;PROD_12;9;5
ORD_2047;PROD_50;6;1
ORD_2047;PROD_7;2;4
ORD_2047;PROD_11;1;5
ORD_2047;PROD_30;3;3
ORD_2047;PROD_11;3;2
ORD_2047;PROD_19;6;4
ORD_2047;PROD_36;7;5
ORD_2047;PROD_7;6;3
ORD_2047;PROD_23;8;1
ORD_2047;PROD_4;2;4
ORD_2047;PROD_1;7;1
ORD_2047;PROD_27;4;5
ORD_2048;PROD_12;2;1
ORD_2048;PROD_50;3;5
ORD_2048;PROD_7;1;5
ORD_2048;PROD_11;2;2
ORD_2048;PROD_10;7;2
ORD_2049;PROD_15;6;4
ORD_2049;PROD_43;1;1
ORD_2049;PROD_40;2;5
ORD_2049;PROD_23;2;3
ORD_2049;PROD_42;7;2
ORD_2049;PROD_27;8;3
ORD_2049;PROD_1;6;4
ORD_2049;PROD_17;4;1
ORD_2049;PROD_39;3;3
ORD_2049;PROD_9;5;5
ORD_2049;PROD_13;1;3
ORD_2049;PROD_22;7;2
ORD_2049;PROD_23;1;3
ORD_2050;PROD_2;3;5
ORD_2050;PROD_46;2;1
ORD_2050;PROD_23;6;2
ORD_2050;PROD_12;7;3
ORD_2050;PROD_44;2;1
ORD_2050;PROD_21;6;1
ORD_2050;PROD_32;2;3
ORD_2050;PROD_3;3;5
ORD_2050;PROD_13;3;2
ORD_2050;PROD_48;5;3
ORD_2051;PROD_32;4;2
ORD_2051;PROD_46;9;5
ORD_2051;PROD_2;1;4
ORD_2051;PROD_29;8;2
ORD_2051;PROD_14;4;1
ORD_2051;PROD_29;6;4
ORD_2051;PROD_28;6;5
ORD_2051;PROD_10;6;1
ORD_2051;PROD_2;2;4
ORD_2051;PROD_25;7;3
ORD_2052;PROD_4;3;3
ORD_2052;PROD_35;3;4
ORD_2052;PROD_37;8;4
ORD_2052;PROD_41;4;2
ORD_2052;PROD_5;6;2
ORD_2052;PROD_20;8;1
ORD_2052;PROD_48;8;3
ORD_2052;PROD_19;5;3
ORD_2052;PROD_43;8;1
ORD_2052;PROD_6;2;2
ORD_2052;PROD_50;2;5
ORD_2052;PROD_3;6;3
ORD_2052;PROD_15;5;4
ORD_2052;PROD_33;5;5
ORD_2052;PROD_14;7;2
ORD_2053;PROD_36;3;4
ORD_2053;PROD_2;4;5
ORD_2053;PROD_48;7;4
ORD_2053;PROD_20;8;3
ORD_2053;PROD_45;5;4
ORD_2053;PROD_41;5;4
ORD_2053;PROD_5;8;5
ORD_2053;PROD_29;9;1
ORD_2053;PROD_3;1;1
ORD_2054;PROD_25;9;1
ORD_2054;PROD_18;6;3
ORD_2054;PROD_43;4;3
ORD_2054;PROD_9;5;1
ORD_2054;PROD_36;7;1
ORD_2054;PROD_30;1;5
ORD_2054;PROD_17;6;4
ORD_2054;PROD_27;2;3
ORD_2054;PROD_44;5;5
ORD_2055;PROD_12;7;5
ORD_2055;PROD_50;2;2
ORD_2055;PROD_7;1;3
ORD_2055;PROD_11;6;1
ORD_2055;PROD_15;4;5
ORD_2056;PROD_15;1;2
ORD_2056;PROD_22;8;2
ORD_2056;PROD_2;3;4
ORD_2056;PROD_10;4;5
ORD_2056;PROD_14;5;3
ORD_2056;PROD_17;3;5
ORD_2057;PROD_33;5;3
ORD_2057;PROD_38;6;2
ORD_2057;PROD_49;5;3
ORD_2057;PROD_19;3;4
ORD_2057;PROD_15;4;3
ORD_2057;PROD_34;4;5
ORD_2058;PROD_15;8;3
ORD_2058;PROD_44;2;1
ORD_2058;PROD_36;4;2
ORD_2058;PROD_1;7;5
ORD_2058;PROD_33;7;4
ORD_2058;PROD_33;6;2
ORD_2058;PROD_2;2;4
ORD_2058;PROD_27;1;4
ORD_2058;PROD_41;2;3
ORD_2058;PROD_30;2;3
ORD_2058;PROD_2;9;5
ORD_2058;PROD_41;3;3
ORD_2058;PROD_32;9;5
ORD_2059;PROD_3;6;2
ORD_2059;PROD_21;6;3
ORD_2059;PROD_12;3;3
ORD_2059;PROD_16;8;3
ORD_2059;PROD_31;6;2
ORD_2059;PROD_33;6;2
ORD_2059;PROD_38;7;5
ORD_2060;PROD_3;1;3
ORD_2060;PROD_21;8;5
ORD_2060;PROD_12;3;2
ORD_2060;PROD_16;7;4
ORD_2060;PROD_31;2;2
ORD_2060;PROD_36;2;5
ORD_2060;PROD_33;8;4
ORD_2060;PROD_38;8;2
ORD_2060;PROD_29;4;1
ORD_2060;PROD_13;6;5
ORD_2060;PROD_5;8;3
ORD_2060;PROD_37;2;1
ORD_2060;PROD_4;6;1
ORD_2061;PROD_36;7;2
ORD_2061;PROD_33;2;2
ORD_2061;PROD_15;9;4
ORD_2061;PROD_44;3;5
ORD_2061;PROD_36;7;5
ORD_2061;PROD_1;8;3
ORD_2061;PROD_36;9;4
ORD_2061;PROD_33;9;3
ORD_2061;PROD_28;3;4
ORD_2061;PROD_13;7;1
ORD_2062;PROD_3;6;5
ORD_2062;PROD_21;7;2
ORD_2062;PROD_12;1;3
ORD_2062;PROD_16;1;2
ORD_2062;PROD_31;7;1
ORD_2062;PROD_33;3;1
ORD_2062;PROD_38;5;2
ORD_2062;PROD_49;1;3
ORD_2062;PROD_19;8;3
ORD_2063;PROD_39;4;2
ORD_2063;PROD_21;8;1
ORD_2063;PROD_25;8;1
ORD_2063;PROD_49;2;2
ORD_2063;PROD_19;2;5
ORD_2063;PROD_47;6;4
ORD_2063;PROD_39;5;2
ORD_2063;PROD_24;6;4
ORD_2063;PROD_12;6;2
ORD_2063;PROD_25;8;5
ORD_2063;PROD_16;9;4
ORD_2064;PROD_15;8;5
ORD_2064;PROD_22;2;3
ORD_2064;PROD_4;1;1
ORD_2064;PROD_44;5;1
ORD_2064;PROD_23;5;1
ORD_2064;PROD_16;8;5
ORD_2064;PROD_32;3;3
ORD_2064;PROD_16;6;2
ORD_2064;PROD_16;4;2
ORD_2064;PROD_24;8;2
ORD_2065;PROD_12;5;1
ORD_2065;PROD_50;2;1
ORD_2065;PROD_7;1;3
ORD_2065;PROD_11;2;1
ORD_2065;PROD_38;1;4
ORD_2065;PROD_24;7;5
ORD_2065;PROD_8;5;4
ORD_2065;PROD_43;2;5
ORD_2065;PROD_21;6;1
ORD_2065;PROD_11;3;2
ORD_2065;PROD_25;7;1
ORD_2065;PROD_16;3;2
ORD_2066;PROD_34;8;2
ORD_2066;PROD_39;3;3
ORD_2066;PROD_29;5;4
ORD_2066;PROD_38;6;3
ORD_2066;PROD_31;2;5
ORD_2066;PROD_44;1;2
ORD_2066;PROD_31;5;5
ORD_2066;PROD_5;7;4
ORD_2066;PROD_4;4;1
ORD_2067;PROD_12;8;4
ORD_2067;PROD_50;6;2
ORD_2067;PROD_7;1;4
ORD_2067;PROD_11;6;3
ORD_2067;PROD_25;8;4
ORD_2067;PROD_27;4;2
ORD_2068;PROD_36;7;1
ORD_2068;PROD_33;1;3
ORD_2068;PROD_12;2;2
ORD_2068;PROD_50;7;5
ORD_2068;PROD_7;3;5
ORD_2068;PROD_11;3;2
ORD_2068;PROD_2;1;5
ORD_2068;PROD_6;6;3
ORD_2068;PROD_37;7;4
ORD_2068;PROD_27;6;2
ORD_2068;PROD_45;3;4
ORD_2069;PROD_12;5;2
ORD_2069;PROD_50;9;1
ORD_2069;PROD_7;7;4
ORD_2069;PROD_11;9;1
ORD_2069;PROD_16;1;3
ORD_2069;PROD_38;2;1
ORD_2069;PROD_17;7;1
ORD_2069;PROD_26;1;5
ORD_2069;PROD_16;6;1
ORD_2070;PROD_46;1;5
ORD_2070;PROD_48;6;4
ORD_2070;PROD_46;2;5
ORD_2070;PROD_23;2;4
ORD_2070;PROD_28;6;2
ORD_2070;PROD_49;1;4
ORD_2070;PROD_1;8;3
ORD_2070;PROD_27;3;4
ORD_2070;PROD_11;2;1
ORD_2070;PROD_3;4;5
ORD_2070;PROD_34;3;5
ORD_2070;PROD_34;8;5
ORD_2070;PROD_8;6;5
ORD_2070;PROD_50;1;4
ORD_2071;PROD_44;6;1
ORD_2071;PROD_42;4;1
ORD_2071;PROD_5;4;1
ORD_2071;PROD_42;7;4
ORD_2071;PROD_22;1;2
ORD_2071;PROD_15;7;3
ORD_2071;PROD_3;8;2
ORD_2071;PROD_24;5;4
ORD_2071;PROD_34;1;3
ORD_2071;PROD_7;8;5
ORD_2071;PROD_17;9;2
ORD_2071;PROD_1;9;5
ORD_2072;PROD_41;2;4
ORD_2072;PROD_38;6;1
ORD_2072;PROD_27;1;4
ORD_2072;PROD_17;9;1
ORD_2072;PROD_49;4;4
ORD_2073;PROD_49;5;2
ORD_2073;PROD_31;7;1
ORD_2073;PROD_16;1;2
ORD_2073;PROD_14;8;5
ORD_2073;PROD_3;1;4
ORD_2073;PROD_11;5;1
ORD_2073;PROD_15;4;3
ORD_2073;PROD_49;5;5
ORD_2073;PROD_9;7;5
ORD_2073;PROD_8;7;4
ORD_2073;PROD_39;9;2
ORD_2073;PROD_37;8;2
ORD_2074;PROD_15;7;5
ORD_2074;PROD_22;7;5
ORD_2074;PROD_50;1;2
ORD_2074;PROD_22;5;3
ORD_2074;PROD_20;6;4
ORD_2074;PROD_7;4;2
ORD_2074;PROD_41;5;1
ORD_2074;PROD_36;2;2
ORD_2074;PROD_14;3;5
ORD_2074;PROD_49;2;3
ORD_2074;PROD_9;8;3
ORD_2074;PROD_32;7;2
ORD_2074;PROD_2;7;5
ORD_2075;PROD_36;4;4
ORD_2075;PROD_33;2;1
ORD_2075;PROD_11;6;2
ORD_2075;PROD_43;6;3
ORD_2075;PROD_33;3;2
ORD_2075;PROD_38;7;5
ORD_2076;PROD_3;8;1
ORD_2076;PROD_21;6;3
ORD_2076;PROD_12;4;4
ORD_2076;PROD_16;8;4
ORD_2076;PROD_31;1;4
ORD_2076;PROD_16;7;5
ORD_2076;PROD_34;5;3
ORD_2076;PROD_49;8;2
ORD_2076;PROD_42;4;5
ORD_2076;PROD_33;8;1
ORD_2076;PROD_11;4;2
ORD_2077;PROD_15;1;4
ORD_2077;PROD_22;8;4
ORD_2077;PROD_36;2;4
ORD_2077;PROD_33;6;1
ORD_2077;PROD_12;1;4
ORD_2077;PROD_50;2;1
ORD_2077;PROD_7;1;5
ORD_2077;PROD_11;4;5
ORD_2077;PROD_12;8;3
ORD_2078;PROD_15;5;5
ORD_2078;PROD_44;5;5
ORD_2078;PROD_36;8;5
ORD_2078;PROD_1;9;1
ORD_2078;PROD_12;3;5
ORD_2078;PROD_50;5;4
ORD_2078;PROD_7;5;3
ORD_2079;PROD_26;9;2
ORD_2079;PROD_14;2;4
ORD_2079;PROD_4;2;3
ORD_2079;PROD_22;8;2
ORD_2079;PROD_13;7;5
ORD_2079;PROD_24;6;4
ORD_2079;PROD_34;9;5
ORD_2079;PROD_36;9;2
ORD_2079;PROD_49;5;1
ORD_2079;PROD_38;1;2
ORD_2079;PROD_3;5;5
ORD_2080;PROD_12;3;3
ORD_2080;PROD_50;4;3
ORD_2080;PROD_7;1;5
ORD_2080;PROD_11;2;5
ORD_2080;PROD_26;5;4
ORD_2080;PROD_4;4;3
ORD_2080;PROD_10;4;3
ORD_2080;PROD_34;4;2
ORD_2080;PROD_48;2;2
ORD_2080;PROD_17;2;5
ORD_2081;PROD_36;6;1
ORD_2081;PROD_33;6;3
ORD_2081;PROD_15;7;4
ORD_2081;PROD_22;3;3
ORD_2081;PROD_36;9;1
ORD_2081;PROD_33;1;2
ORD_2081;PROD_3;3;2
ORD_2081;PROD_13;8;1
ORD_2081;PROD_22;5;4
ORD_2081;PROD_39;2;5
ORD_2082;PROD_20;9;5
ORD_2082;PROD_4;7;2
ORD_2082;PROD_45;1;3
ORD_2082;PROD_49;6;4
ORD_2082;PROD_30;6;3
ORD_2082;PROD_45;5;2
ORD_2082;PROD_38;2;1
ORD_2082;PROD_17;5;5
ORD_2083;PROD_22;9;1
ORD_2083;PROD_35;2;1
ORD_2083;PROD_12;7;1
ORD_2083;PROD_46;4;4
ORD_2083;PROD_8;4;2
ORD_2083;PROD_36;4;4
ORD_2083;PROD_45;5;4
ORD_2083;PROD_43;9;2
ORD_2083;PROD_34;3;3
ORD_2083;PROD_43;3;1
ORD_2083;PROD_42;2;2
ORD_2084;PROD_11;8;5
ORD_2084;PROD_43;1;5
ORD_2084;PROD_45;9;3
ORD_2084;PROD_8;1;3
ORD_2084;PROD_14;9;2
ORD_2084;PROD_41;7;3
ORD_2084;PROD_7;3;4
ORD_2084;PROD_38;8;4
ORD_2084;PROD_41;7;4
ORD_2084;PROD_7;1;5
ORD_2084;PROD_10;1;1
ORD_2084;PROD_19;3;5
ORD_2084;PROD_41;9;3
ORD_2084;PROD_5;1;5
ORD_2084;PROD_5;6;5
ORD_2085;PROD_41;3;2
ORD_2085;PROD_44;9;2
ORD_2085;PROD_2;5;2
ORD_2085;PROD_21;5;5
ORD_2085;PROD_23;3;3
ORD_2085;PROD_11;3;1
ORD_2085;PROD_19;9;5
ORD_2085;PROD_27;7;4
ORD_2085;PROD_49;5;2
ORD_2085;PROD_28;3;1
ORD_2085;PROD_47;2;4
ORD_2085;PROD_17;5;1
ORD_2085;PROD_36;4;5
ORD_2086;PROD_41;3;1
ORD_2086;PROD_43;8;5
ORD_2086;PROD_22;6;3
ORD_2086;PROD_44;8;1
ORD_2086;PROD_50;5;1
ORD_2086;PROD_35;7;1
ORD_2086;PROD_31;9;1
ORD_2086;PROD_20;2;3
ORD_2087;PROD_12;6;4
ORD_2087;PROD_50;8;5
ORD_2087;PROD_7;7;1
ORD_2087;PROD_11;6;4
ORD_2087;PROD_12;9;5
ORD_2087;PROD_50;6;5
ORD_2088;PROD_20;1;2
ORD_2088;PROD_17;7;2
ORD_2088;PROD_19;5;3
ORD_2088;PROD_20;8;4
ORD_2088;PROD_25;5;4
ORD_2089;PROD_27;8;5
ORD_2089;PROD_21;6;4
ORD_2089;PROD_25;2;5
ORD_2089;PROD_34;3;1
ORD_2089;PROD_40;7;3
ORD_2089;PROD_45;6;3
ORD_2089;PROD_25;9;3
ORD_2089;PROD_11;4;5
ORD_2090;PROD_25;7;4
ORD_2090;PROD_33;6;2
ORD_2090;PROD_28;3;4
ORD_2090;PROD_48;1;5
ORD_2090;PROD_15;9;4
ORD_2090;PROD_42;1;5
ORD_2090;PROD_39;1;3
ORD_2090;PROD_38;5;2
ORD_2090;PROD_40;4;1
ORD_2090;PROD_6;6;5
ORD_2091;PROD_33;9;3
ORD_2091;PROD_38;6;2
ORD_2091;PROD_49;7;1
ORD_2091;PROD_19;7;5
ORD_2091;PROD_15;4;2
ORD_2091;PROD_11;5;5
ORD_2091;PROD_43;3;5
ORD_2091;PROD_47;1;5
ORD_2091;PROD_1;4;3
ORD_2091;PROD_18;6;2
ORD_2091;PROD_7;3;1
ORD_2091;PROD_38;4;3
ORD_2092;PROD_36;4;2
ORD_2092;PROD_33;7;2
ORD_2092;PROD_20;4;2
ORD_2092;PROD_13;2;2
ORD_2092;PROD_3;6;3
ORD_2092;PROD_8;6;1
ORD_2092;PROD_34;7;4
ORD_2092;PROD_3;8;4
ORD_2092;PROD_25;7;4
ORD_2092;PROD_6;3;5
ORD_2092;PROD_7;7;2
ORD_2093;PROD_7;4;5
ORD_2093;PROD_4;2;1
ORD_2093;PROD_11;1;5
ORD_2093;PROD_11;5;5
ORD_2093;PROD_12;4;2
ORD_2093;PROD_21;4;2
ORD_2093;PROD_49;7;4
ORD_2093;PROD_34;4;4
ORD_2094;PROD_12;5;5
ORD_2094;PROD_50;4;3
ORD_2094;PROD_7;7;2
ORD_2094;PROD_11;2;4
ORD_2094;PROD_3;6;1
ORD_2094;PROD_21;3;2
ORD_2094;PROD_12;4;5
ORD_2095;PROD_36;7;3
ORD_2095;PROD_33;6;1
ORD_2095;PROD_3;3;4
ORD_2095;PROD_45;2;3
ORD_2095;PROD_17;6;4
ORD_2095;PROD_47;3;4
ORD_2095;PROD_47;8;2
ORD_2095;PROD_44;2;1
ORD_2095;PROD_30;1;5
ORD_2095;PROD_32;9;3
ORD_2096;PROD_15;4;2
ORD_2096;PROD_44;8;2
ORD_2096;PROD_36;7;4
ORD_2096;PROD_1;4;1
ORD_2096;PROD_33;4;2
ORD_2096;PROD_38;1;4
ORD_2096;PROD_49;9;3
ORD_2096;PROD_19;4;2
ORD_2096;PROD_15;4;3
ORD_2096;PROD_11;7;4
ORD_2096;PROD_43;4;2
ORD_2096;PROD_42;6;5
ORD_2096;PROD_46;6;3
ORD_2096;PROD_49;7;1
ORD_2097;PROD_15;4;1
ORD_2097;PROD_22;9;1
ORD_2097;PROD_24;5;3
ORD_2097;PROD_44;8;5
ORD_2097;PROD_42;3;5
ORD_2097;PROD_33;6;5
ORD_2097;PROD_49;2;2
ORD_2097;PROD_3;8;4
ORD_2097;PROD_3;1;4
ORD_2097;PROD_20;2;4
ORD_2097;PROD_2;5;2
ORD_2097;PROD_1;2;4
ORD_2097;PROD_25;6;4
ORD_2097;PROD_49;2;1
ORD_2098;PROD_3;5;2
ORD_2098;PROD_21;6;5
ORD_2098;PROD_12;9;2
ORD_2098;PROD_16;3;5
ORD_2098;PROD_31;5;5
ORD_2098;PROD_12;8;2
ORD_2098;PROD_50;8;5
ORD_2098;PROD_7;9;4
ORD_2098;PROD_11;1;5
ORD_2099;PROD_14;3;3
ORD_2099;PROD_19;9;4
ORD_2099;PROD_47;6;4
ORD_2099;PROD_11;7;3
ORD_2099;PROD_48;9;2
ORD_2099;PROD_27;3;4
ORD_2099;PROD_23;7;3
ORD_2099;PROD_11;9;3
ORD_2099;PROD_2;2;4
ORD_2099;PROD_20;7;2
ORD_2099;PROD_1;3;2
ORD_2100;PROD_1;6;1
ORD_2100;PROD_45;9;2
ORD_2100;PROD_45;6;4
ORD_2100;PROD_21;3;1
ORD_2100;PROD_47;6;3
ORD_2100;PROD_22;9;5
ORD_2100;PROD_13;9;2
ORD_2100;PROD_25;7;2
ORD_2100;PROD_21;3;1
ORD_2101;PROD_15;7;3
ORD_2101;PROD_41;8;2
ORD_2101;PROD_49;4;2
ORD_2101;PROD_19;9;3
ORD_2101;PROD_2;4;1
ORD_2101;PROD_48;8;4
ORD_2101;PROD_33;9;2
ORD_2101;PROD_36;2;4
ORD_2101;PROD_34;2;3
ORD_2101;PROD_24;6;4
ORD_2101;PROD_50;8;4
ORD_2101;PROD_24;7;1
ORD_2101;PROD_32;1;1
ORD_2101;PROD_43;9;2
ORD_2102;PROD_11;5;1
ORD_2102;PROD_50;6;5
ORD_2102;PROD_25;4;5
ORD_2102;PROD_10;1;2
ORD_2102;PROD_20;6;5
ORD_2102;PROD_48;1;3
ORD_2102;PROD_31;2;2
ORD_2102;PROD_25;9;5
ORD_2102;PROD_23;6;5
ORD_2102;PROD_12;4;2
ORD_2102;PROD_50;5;4
ORD_2102;PROD_19;4;1
ORD_2102;PROD_9;2;1
ORD_2103;PROD_16;3;1
ORD_2103;PROD_39;5;2
ORD_2103;PROD_27;8;5
ORD_2103;PROD_23;3;2
ORD_2103;PROD_6;2;4
ORD_2103;PROD_37;6;1
ORD_2103;PROD_11;1;1
ORD_2103;PROD_34;6;3
ORD_2104;PROD_25;8;1
ORD_2104;PROD_48;5;1
ORD_2104;PROD_12;2;5
ORD_2104;PROD_14;7;4
ORD_2104;PROD_42;8;5
ORD_2104;PROD_23;7;5
ORD_2104;PROD_39;9;1
ORD_2104;PROD_22;5;1
ORD_2104;PROD_31;7;4
ORD_2105;PROD_15;8;2
ORD_2105;PROD_22;5;1
ORD_2105;PROD_12;1;3
ORD_2105;PROD_50;4;1
ORD_2105;PROD_7;2;5
ORD_2105;PROD_11;6;3
ORD_2105;PROD_15;7;5
ORD_2105;PROD_47;2;4
ORD_2105;PROD_44;7;5
ORD_2105;PROD_8;5;2
ORD_2105;PROD_42;8;5
ORD_2105;PROD_21;5;4
ORD_2105;PROD_44;2;3
ORD_2106;PROD_12;8;5
ORD_2106;PROD_50;6;4
ORD_2106;PROD_7;1;3
ORD_2106;PROD_11;2;5
ORD_2106;PROD_29;6;1
ORD_2106;PROD_31;9;2
ORD_2106;PROD_10;9;2
ORD_2106;PROD_7;4;5
ORD_2106;PROD_23;7;2
ORD_2106;PROD_27;6;3
ORD_2107;PROD_15;8;1
ORD_2107;PROD_22;6;1
ORD_2107;PROD_12;6;5
ORD_2107;PROD_50;1;1
ORD_2107;PROD_7;9;4
ORD_2107;PROD_11;2;5
ORD_2107;PROD_36;1;2
ORD_2107;PROD_33;5;1
ORD_2107;PROD_11;3;3
ORD_2107;PROD_49;9;4
ORD_2107;PROD_21;6;1
ORD_2107;PROD_25;9;1
ORD_2107;PROD_27;1;1
ORD_2107;PROD_43;1;1
ORD_2108;PROD_13;5;4
ORD_2108;PROD_20;8;4
ORD_2108;PROD_17;4;1
ORD_2108;PROD_35;9;2
ORD_2108;PROD_16;8;5
ORD_2108;PROD_43;6;3
ORD_2108;PROD_37;6;4
ORD_2108;PROD_38;4;2
ORD_2108;PROD_45;7;2
ORD_2108;PROD_28;4;1
ORD_2108;PROD_35;2;3
ORD_2108;PROD_10;2;2
ORD_2109;PROD_11;1;5
ORD_2109;PROD_43;2;3
ORD_2109;PROD_12;2;4
ORD_2109;PROD_50;9;4
ORD_2109;PROD_7;9;3
ORD_2109;PROD_11;8;2
ORD_2109;PROD_1;3;2
ORD_2109;PROD_38;1;3
ORD_2109;PROD_28;5;4
ORD_2109;PROD_20;9;5
ORD_2109;PROD_8;4;5
ORD_2109;PROD_37;3;5
ORD_2109;PROD_29;7;2
ORD_2109;PROD_16;6;2
ORD_2110;PROD_33;8;3
ORD_2110;PROD_38;6;3
ORD_2110;PROD_49;5;3
ORD_2110;PROD_19;4;5
ORD_2110;PROD_15;9;5
ORD_2110;PROD_12;7;3
ORD_2110;PROD_50;6;4
ORD_2111;PROD_33;3;5
ORD_2111;PROD_38;9;4
ORD_2111;PROD_49;8;3
ORD_2111;PROD_19;9;1
ORD_2111;PROD_15;5;5
ORD_2111;PROD_3;1;3
ORD_2111;PROD_49;4;1
ORD_2112;PROD_35;5;4
ORD_2112;PROD_31;1;2
ORD_2112;PROD_43;1;5
ORD_2112;PROD_26;7;1
ORD_2112;PROD_22;1;3
ORD_2112;PROD_44;8;3
ORD_2112;PROD_43;6;5
ORD_2112;PROD_15;4;2
ORD_2112;PROD_42;2;2
ORD_2112;PROD_19;6;2
ORD_2112;PROD_47;5;1
ORD_2112;PROD_39;1;1
ORD_2112;PROD_22;5;5
ORD_2113;PROD_7;5;5
ORD_2113;PROD_18;3;2
ORD_2113;PROD_46;3;4
ORD_2113;PROD_10;5;5
ORD_2113;PROD_45;1;5
ORD_2113;PROD_27;7;1
ORD_2113;PROD_19;3;5
ORD_2113;PROD_13;2;2
ORD_2114;PROD_26;9;4
ORD_2114;PROD_34;1;3
ORD_2114;PROD_38;5;3
ORD_2114;PROD_24;7;4
ORD_2114;PROD_15;7;3
ORD_2114;PROD_34;4;4
ORD_2114;PROD_39;9;1
ORD_2115;PROD_33;8;5
ORD_2115;PROD_38;1;3
ORD_2115;PROD_49;4;4
ORD_2115;PROD_19;3;1
ORD_2115;PROD_15;9;5
ORD_2115;PROD_19;1;4
ORD_2115;PROD_31;6;3
ORD_2115;PROD_34;2;5
ORD_2115;PROD_2;8;5
ORD_2115;PROD_22;5;2
ORD_2115;PROD_42;3;5
ORD_2115;PROD_5;8;3
ORD_2115;PROD_20;3;5
ORD_2115;PROD_42;5;3
ORD_2115;PROD_29;1;3
ORD_2116;PROD_12;4;1
ORD_2116;PROD_50;2;5
ORD_2116;PROD_7;2;3
ORD_2116;PROD_11;1;5
ORD_2116;PROD_36;8;5
ORD_2116;PROD_33;3;1
ORD_2116;PROD_42;5;1
ORD_2116;PROD_46;6;3
ORD_2117;PROD_24;5;5
ORD_2117;PROD_24;9;5
ORD_2117;PROD_42;6;1
ORD_2117;PROD_35;9;1
ORD_2117;PROD_20;9;1
ORD_2117;PROD_38;3;4
ORD_2117;PROD_33;1;4
ORD_2117;PROD_25;7;3
ORD_2118;PROD_33;8;3
ORD_2118;PROD_38;4;4
ORD_2118;PROD_49;2;2
ORD_2118;PROD_19;9;3
ORD_2118;PROD_15;7;5
ORD_2118;PROD_15;4;3
ORD_2118;PROD_22;8;4
ORD_2118;PROD_26;7;4
ORD_2118;PROD_2;6;1
ORD_2118;PROD_33;5;5
ORD_2118;PROD_13;4;5
ORD_2119;PROD_15;8;2
ORD_2119;PROD_44;3;2
ORD_2119;PROD_36;6;2
ORD_2119;PROD_1;3;2
ORD_2119;PROD_14;6;1
ORD_2119;PROD_1;9;1
ORD_2119;PROD_40;3;3
ORD_2119;PROD_29;8;3
ORD_2119;PROD_28;7;5
ORD_2119;PROD_13;6;4
ORD_2120;PROD_3;5;1
ORD_2120;PROD_21;6;4
ORD_2120;PROD_12;6;3
ORD_2120;PROD_16;6;1
ORD_2120;PROD_31;8;1
ORD_2120;PROD_27;9;5
ORD_2120;PROD_32;5;3
ORD_2120;PROD_37;9;2
ORD_2120;PROD_13;8;2
ORD_2121;PROD_33;9;1
ORD_2121;PROD_38;4;5
ORD_2121;PROD_49;6;2
ORD_2121;PROD_19;5;4
ORD_2121;PROD_15;7;4
ORD_2121;PROD_50;9;1
ORD_2121;PROD_12;4;5
ORD_2122;PROD_22;8;5
ORD_2122;PROD_47;3;2
ORD_2122;PROD_19;5;3
ORD_2122;PROD_22;1;5
ORD_2122;PROD_12;6;1
ORD_2122;PROD_7;1;1
ORD_2122;PROD_19;7;1
ORD_2122;PROD_17;9;4
ORD_2122;PROD_27;4;3
ORD_2122;PROD_41;5;4
ORD_2122;PROD_36;3;5
ORD_2122;PROD_45;5;5
ORD_2123;PROD_24;2;5
ORD_2123;PROD_36;1;3
ORD_2123;PROD_12;1;1
ORD_2123;PROD_40;2;1
ORD_2123;PROD_18;3;4
ORD_2123;PROD_40;6;5
ORD_2123;PROD_31;1;2
ORD_2123;PROD_38;6;3
ORD_2123;PROD_1;6;3
ORD_2123;PROD_13;4;2
ORD_2123;PROD_3;1;1
ORD_2123;PROD_24;1;5
ORD_2124;PROD_33;4;2
ORD_2124;PROD_38;4;3
ORD_2124;PROD_49;1;1
ORD_2124;PROD_19;8;5
ORD_2124;PROD_15;7;1
ORD_2124;PROD_33;7;4
ORD_2124;PROD_38;6;5
ORD_2124;PROD_49;2;3
ORD_2124;PROD_19;9;2
ORD_2124;PROD_15;5;1
ORD_2124;PROD_36;9;4
ORD_2124;PROD_33;2;3
ORD_2124;PROD_9;7;3
ORD_2124;PROD_42;8;1
ORD_2124;PROD_24;3;4
ORD_2125;PROD_15;7;5
ORD_2125;PROD_22;3;2
ORD_2125;PROD_12;5;4
ORD_2125;PROD_50;7;2
ORD_2125;PROD_7;1;1
ORD_2125;PROD_11;6;1
ORD_2125;PROD_8;4;1
ORD_2125;PROD_35;3;4
ORD_2125;PROD_41;8;2
ORD_2126;PROD_33;2;1
ORD_2126;PROD_38;7;1
ORD_2126;PROD_49;8;4
ORD_2126;PROD_19;9;2
ORD_2126;PROD_15;1;1
ORD_2126;PROD_33;2;5
ORD_2126;PROD_42;6;4
ORD_2126;PROD_26;3;1
ORD_2126;PROD_30;2;3
ORD_2126;PROD_32;3;3
ORD_2126;PROD_2;6;5
ORD_2127;PROD_50;6;4
ORD_2127;PROD_27;4;1
ORD_2127;PROD_34;9;4
ORD_2127;PROD_50;3;2
ORD_2127;PROD_13;2;4
ORD_2127;PROD_4;2;2
ORD_2127;PROD_26;1;5
ORD_2127;PROD_18;7;5
ORD_2127;PROD_40;5;4
ORD_2127;PROD_12;1;3
ORD_2127;PROD_39;7;3
ORD_2128;PROD_17;8;1
ORD_2128;PROD_49;5;3
ORD_2128;PROD_26;6;3
ORD_2128;PROD_33;1;5
ORD_2128;PROD_17;7;3
ORD_2128;PROD_17;9;1
ORD_2128;PROD_18;1;2
ORD_2128;PROD_26;2;4
ORD_2128;PROD_50;7;3
ORD_2128;PROD_14;2;4
ORD_2128;PROD_26;7;5
ORD_2128;PROD_29;3;2
ORD_2128;PROD_35;5;2
ORD_2129;PROD_33;9;2
ORD_2129;PROD_38;2;1
ORD_2129;PROD_49;1;3
ORD_2129;PROD_19;2;3
ORD_2129;PROD_15;7;3
ORD_2129;PROD_9;4;2
ORD_2129;PROD_3;7;3
ORD_2129;PROD_17;1;1
ORD_2129;PROD_48;2;2
ORD_2129;PROD_20;9;3
ORD_2129;PROD_13;5;2
ORD_2129;PROD_15;4;5
ORD_2129;PROD_35;6;4
ORD_2129;PROD_46;3;5
ORD_2130;PROD_15;6;3
ORD_2130;PROD_44;8;3
ORD_2130;PROD_36;2;2
ORD_2130;PROD_1;9;1
ORD_2130;PROD_37;5;2
ORD_2130;PROD_49;7;5
ORD_2130;PROD_22;5;4
ORD_2131;PROD_28;2;3
ORD_2131;PROD_26;1;3
ORD_2131;PROD_34;2;3
ORD_2131;PROD_37;9;3
ORD_2131;PROD_5;4;5
ORD_2132;PROD_3;3;5
ORD_2132;PROD_21;1;2
ORD_2132;PROD_12;2;1
ORD_2132;PROD_16;4;5
ORD_2132;PROD_31;9;4
ORD_2132;PROD_15;9;4
ORD_2132;PROD_44;5;3
ORD_2132;PROD_36;4;3
ORD_2132;PROD_1;8;5
ORD_2132;PROD_36;3;2
ORD_2132;PROD_33;3;2
ORD_2133;PROD_36;8;3
ORD_2133;PROD_33;5;4
ORD_2133;PROD_3;6;4
ORD_2133;PROD_21;5;2
ORD_2133;PROD_12;1;3
ORD_2133;PROD_16;7;1
ORD_2133;PROD_31;1;1
ORD_2133;PROD_46;8;4
ORD_2134;PROD_33;4;4
ORD_2134;PROD_38;8;2
ORD_2134;PROD_49;2;4
ORD_2134;PROD_19;7;1
ORD_2134;PROD_15;8;4
ORD_2134;PROD_43;6;1
ORD_2134;PROD_7;2;4
ORD_2134;PROD_17;3;3
ORD_2134;PROD_35;2;1
ORD_2134;PROD_13;2;2
ORD_2135;PROD_27;4;3
ORD_2135;PROD_21;7;4
ORD_2135;PROD_12;7;4
ORD_2135;PROD_28;8;3
ORD_2135;PROD_34;3;3
ORD_2135;PROD_11;8;5
ORD_2135;PROD_24;4;1
ORD_2135;PROD_36;8;3
ORD_2135;PROD_27;7;4
ORD_2135;PROD_27;4;4
ORD_2136;PROD_43;9;2
ORD_2136;PROD_45;1;4
ORD_2136;PROD_28;5;5
ORD_2136;PROD_43;2;3
ORD_2136;PROD_45;8;1
ORD_2136;PROD_33;1;5
ORD_2136;PROD_19;9;2
ORD_2136;PROD_4;5;4
ORD_2136;PROD_16;4;5
ORD_2136;PROD_2;2;1
ORD_2136;PROD_29;8;5
ORD_2136;PROD_17;9;3
ORD_2137;PROD_38;3;5
ORD_2137;PROD_37;5;4
ORD_2137;PROD_28;5;3
ORD_2137;PROD_4;8;2
ORD_2137;PROD_32;3;1
ORD_2137;PROD_9;5;4
ORD_2137;PROD_4;9;1
ORD_2137;PROD_34;7;1
ORD_2137;PROD_39;5;3
ORD_2137;PROD_12;4;5
ORD_2137;PROD_29;7;1
ORD_2137;PROD_42;7;5
ORD_2138;PROD_15;7;1
ORD_2138;PROD_22;7;2
ORD_2138;PROD_3;4;5
ORD_2138;PROD_21;1;4
ORD_2138;PROD_12;2;5
ORD_2138;PROD_16;5;4
ORD_2138;PROD_31;2;5
ORD_2138;PROD_28;3;4
ORD_2138;PROD_41;2;3
ORD_2138;PROD_4;6;4
ORD_2139;PROD_1;8;2
ORD_2139;PROD_37;4;3
ORD_2139;PROD_24;2;5
ORD_2139;PROD_34;7;3
ORD_2139;PROD_3;1;4
ORD_2139;PROD_19;2;5
ORD_2139;PROD_48;3;3
ORD_2139;PROD_25;4;3
ORD_2139;PROD_31;1;3
ORD_2139;PROD_18;5;4
ORD_2139;PROD_29;8;1
ORD_2139;PROD_8;2;3
ORD_2140;PROD_10;1;2
ORD_2140;PROD_28;6;3
ORD_2140;PROD_27;2;5
ORD_2140;PROD_34;1;4
ORD_2140;PROD_27;3;1
ORD_2140;PROD_50;1;2
ORD_2140;PROD_12;7;4
ORD_2140;PROD_1;6;3
ORD_2140;PROD_8;5;4
ORD_2140;PROD_37;1;3
ORD_2140;PROD_45;4;2
ORD_2140;PROD_38;7;3
ORD_2140;PROD_2;7;2
ORD_2140;PROD_17;3;4
ORD_2141;PROD_36;6;4
ORD_2141;PROD_33;3;3
ORD_2141;PROD_1;4;2
ORD_2141;PROD_49;4;3
ORD_2141;PROD_32;7;5
ORD_2141;PROD_40;4;5
ORD_2142;PROD_9;3;1
ORD_2142;PROD_6;6;1
ORD_2142;PROD_48;4;3
ORD_2142;PROD_24;5;1
ORD_2142;PROD_41;3;3
ORD_2142;PROD_20;8;5
ORD_2142;PROD_8;3;1
ORD_2142;PROD_27;1;5
ORD_2142;PROD_25;5;3
ORD_2142;PROD_34;8;4
ORD_2142;PROD_48;6;5
ORD_2142;PROD_44;1;4
ORD_2143;PROD_8;9;4
ORD_2143;PROD_1;4;4
ORD_2143;PROD_19;4;2
ORD_2143;PROD_10;6;4
ORD_2143;PROD_18;8;3
ORD_2143;PROD_25;3;5
ORD_2143;PROD_16;7;3
ORD_2143;PROD_40;5;4
ORD_2143;PROD_15;1;4
ORD_2143;PROD_45;7;4
ORD_2143;PROD_1;4;5
ORD_2143;PROD_48;1;3
ORD_2143;PROD_2;9;2
ORD_2144;PROD_33;2;5
ORD_2144;PROD_38;2;2
ORD_2144;PROD_2;1;3
ORD_2144;PROD_50;7;4
ORD_2144;PROD_49;3;4
ORD_2144;PROD_42;3;4
ORD_2145;PROD_3;4;2
ORD_2145;PROD_21;9;1
ORD_2145;PROD_12;2;5
ORD_2145;PROD_16;1;1
ORD_2145;PROD_31;3;4
ORD_2145;PROD_12;9;3
ORD_2145;PROD_50;3;2
ORD_2145;PROD_7;6;4
ORD_2145;PROD_11;6;1
ORD_2145;PROD_39;2;1
ORD_2145;PROD_50;7;3
ORD_2146;PROD_12;3;3
ORD_2146;PROD_50;1;3
ORD_2146;PROD_7;5;4
ORD_2146;PROD_11;8;5
ORD_2146;PROD_11;2;4
ORD_2146;PROD_43;6;2
ORD_2146;PROD_15;5;3
ORD_2147;PROD_34;1;1
ORD_2147;PROD_23;1;1
ORD_2147;PROD_3;1;4
ORD_2147;PROD_33;3;1
ORD_2147;PROD_12;9;5
ORD_2147;PROD_41;8;2
ORD_2147;PROD_47;7;3
ORD_2147;PROD_4;7;4
ORD_2147;PROD_4;2;5
ORD_2147;PROD_40;8;4
ORD_2147;PROD_26;8;1
ORD_2148;PROD_18;4;1
ORD_2148;PROD_8;4;5
ORD_2148;PROD_35;5;1
ORD_2148;PROD_42;3;2
ORD_2148;PROD_5;3;2
ORD_2149;PROD_12;5;1
ORD_2149;PROD_42;1;1
ORD_2149;PROD_11;6;1
ORD_2149;PROD_24;9;3
ORD_2149;PROD_47;2;2
ORD_2149;PROD_32;2;4
ORD_2149;PROD_45;1;3
ORD_2149;PROD_41;5;4
ORD_2149;PROD_25;9;4
ORD_2149;PROD_20;9;1
ORD_2149;PROD_29;4;5
ORD_2150;PROD_10;6;3
ORD_2150;PROD_47;1;3
ORD_2150;PROD_22;1;1
ORD_2150;PROD_4;7;3
ORD_2150;PROD_36;3;4
ORD_2150;PROD_7;5;4
ORD_2150;PROD_7;8;1
ORD_2150;PROD_23;1;4
ORD_2150;PROD_49;6;3
ORD_2150;PROD_31;5;4
ORD_2150;PROD_23;1;3
ORD_2150;PROD_47;1;4
ORD_2150;PROD_32;8;1
ORD_2150;PROD_30;5;3
ORD_2150;PROD_15;8;3
ORD_2151;PROD_33;8;4
ORD_2151;PROD_38;4;5
ORD_2151;PROD_49;2;3
ORD_2151;PROD_19;5;3
ORD_2151;PROD_15;7;1
ORD_2151;PROD_15;4;3
ORD_2151;PROD_44;9;3
ORD_2151;PROD_36;5;3
ORD_2152;PROD_36;6;3
ORD_2152;PROD_33;4;5
ORD_2152;PROD_11;6;2
ORD_2152;PROD_43;4;5
ORD_2152;PROD_33;2;4
ORD_2153;PROD_30;8;4
ORD_2153;PROD_31;5;2
ORD_2153;PROD_33;2;4
ORD_2153;PROD_23;4;5
ORD_2153;PROD_28;1;4
ORD_2153;PROD_48;8;5
ORD_2153;PROD_26;3;1
ORD_2153;PROD_21;9;5
ORD_2154;PROD_11;3;2
ORD_2154;PROD_43;6;5
ORD_2154;PROD_3;5;3
ORD_2154;PROD_1;3;1
ORD_2154;PROD_37;6;5
ORD_2154;PROD_2;5;4
ORD_2154;PROD_42;4;1
ORD_2154;PROD_43;1;4
ORD_2155;PROD_38;6;1
ORD_2155;PROD_6;3;3
ORD_2155;PROD_10;2;2
ORD_2155;PROD_29;5;2
ORD_2155;PROD_1;4;5
ORD_2155;PROD_30;1;5
ORD_2155;PROD_6;3;5
ORD_2155;PROD_10;8;4
ORD_2155;PROD_42;5;4
ORD_2155;PROD_45;4;5
ORD_2155;PROD_37;5;5
ORD_2156;PROD_16;6;3
ORD_2156;PROD_42;2;1
ORD_2156;PROD_30;5;2
ORD_2156;PROD_31;2;3
ORD_2156;PROD_16;8;1
ORD_2156;PROD_33;3;5
ORD_2156;PROD_43;3;4
ORD_2156;PROD_9;2;2
ORD_2157;PROD_15;6;3
ORD_2157;PROD_44;6;2
ORD_2157;PROD_36;8;3
ORD_2157;PROD_1;2;3
ORD_2157;PROD_2;7;1
ORD_2157;PROD_2;5;5
ORD_2157;PROD_16;8;3
ORD_2157;PROD_21;6;5
ORD_2157;PROD_32;6;1
ORD_2157;PROD_29;7;2
ORD_2157;PROD_32;5;1
ORD_2157;PROD_20;3;1
ORD_2158;PROD_8;6;3
ORD_2158;PROD_48;4;3
ORD_2158;PROD_27;8;3
ORD_2158;PROD_22;3;2
ORD_2158;PROD_29;9;5
ORD_2158;PROD_24;9;2
ORD_2158;PROD_43;6;4
ORD_2159;PROD_15;3;1
ORD_2159;PROD_22;5;3
ORD_2159;PROD_33;9;4
ORD_2159;PROD_38;3;4
ORD_2159;PROD_49;8;4
ORD_2159;PROD_19;2;2
ORD_2159;PROD_15;4;4
ORD_2159;PROD_9;7;3
ORD_2159;PROD_49;5;2
ORD_2159;PROD_9;3;4
ORD_2159;PROD_47;3;1
ORD_2159;PROD_11;3;3
ORD_2159;PROD_10;5;2
ORD_2160;PROD_22;5;4
ORD_2160;PROD_1;5;3
ORD_2160;PROD_8;5;2
ORD_2160;PROD_3;7;1
ORD_2160;PROD_36;3;4
ORD_2160;PROD_21;1;2
ORD_2160;PROD_14;1;1
ORD_2160;PROD_36;9;2
ORD_2160;PROD_15;7;4
ORD_2160;PROD_18;1;2
ORD_2160;PROD_48;6;2
ORD_2161;PROD_49;5;4
ORD_2161;PROD_24;8;5
ORD_2161;PROD_6;4;5
ORD_2161;PROD_33;3;5
ORD_2161;PROD_1;4;4
ORD_2162;PROD_40;9;3
ORD_2162;PROD_11;7;2
ORD_2162;PROD_39;3;3
ORD_2162;PROD_7;5;2
ORD_2162;PROD_4;1;2
ORD_2162;PROD_38;9;3
ORD_2162;PROD_19;8;5
ORD_2162;PROD_45;1;2
ORD_2162;PROD_42;9;1
ORD_2162;PROD_22;7;5
ORD_2163;PROD_11;6;4
ORD_2163;PROD_43;2;3
ORD_2163;PROD_11;2;4
ORD_2163;PROD_43;8;5
ORD_2163;PROD_15;9;3
ORD_2164;PROD_12;8;1
ORD_2164;PROD_50;2;2
ORD_2164;PROD_7;3;3
ORD_2164;PROD_11;4;1
ORD_2164;PROD_15;9;1
ORD_2164;PROD_22;8;5
ORD_2164;PROD_17;9;2
ORD_2164;PROD_6;1;1
ORD_2164;PROD_32;7;5
ORD_2164;PROD_29;7;1
ORD_2164;PROD_21;5;5
ORD_2164;PROD_4;9;2
ORD_2164;PROD_30;9;5
ORD_2165;PROD_36;2;1
ORD_2165;PROD_33;6;5
ORD_2165;PROD_15;3;4
ORD_2165;PROD_22;2;5
ORD_2165;PROD_22;3;1
ORD_2165;PROD_7;7;4
ORD_2165;PROD_11;5;5
ORD_2165;PROD_15;1;2
ORD_2165;PROD_1;2;3
ORD_2165;PROD_49;3;4
ORD_2165;PROD_9;4;2
ORD_2166;PROD_11;4;1
ORD_2166;PROD_43;1;4
ORD_2166;PROD_36;6;5
ORD_2166;PROD_33;3;4
ORD_2166;PROD_27;8;4
ORD_2166;PROD_18;2;3
ORD_2166;PROD_32;9;1
ORD_2166;PROD_37;7;2
ORD_2167;PROD_12;6;3
ORD_2167;PROD_50;5;1
ORD_2167;PROD_7;8;4
ORD_2167;PROD_11;3;3
ORD_2167;PROD_15;8;3
ORD_2168;PROD_33;4;5
ORD_2168;PROD_38;5;3
ORD_2168;PROD_49;7;4
ORD_2168;PROD_19;1;2
ORD_2168;PROD_15;3;1
ORD_2168;PROD_15;8;5
ORD_2168;PROD_22;1;3
ORD_2168;PROD_15;8;4
ORD_2168;PROD_44;2;3
ORD_2168;PROD_36;4;4
ORD_2168;PROD_1;1;5
ORD_2169;PROD_15;1;4
ORD_2169;PROD_22;4;2
ORD_2169;PROD_3;3;2
ORD_2169;PROD_21;2;3
ORD_2169;PROD_12;6;4
ORD_2169;PROD_16;8;2
ORD_2169;PROD_31;9;1
ORD_2169;PROD_33;8;1
ORD_2170;PROD_36;5;1
ORD_2170;PROD_33;5;1
ORD_2170;PROD_11;4;2
ORD_2170;PROD_43;9;5
ORD_2170;PROD_12;8;2
ORD_2170;PROD_10;3;4
ORD_2170;PROD_25;3;4
ORD_2170;PROD_2;5;4
ORD_2170;PROD_16;8;3
ORD_2170;PROD_2;1;5
ORD_2170;PROD_20;1;2
ORD_2170;PROD_15;7;4
ORD_2170;PROD_15;7;1
ORD_2170;PROD_31;6;2
ORD_2171;PROD_26;2;3
ORD_2171;PROD_1;6;1
ORD_2171;PROD_30;5;4
ORD_2171;PROD_29;6;5
ORD_2171;PROD_13;5;4
ORD_2171;PROD_20;9;3
ORD_2171;PROD_48;7;5
ORD_2172;PROD_11;8;5
ORD_2172;PROD_31;7;2
ORD_2172;PROD_43;5;5
ORD_2172;PROD_31;4;4
ORD_2172;PROD_42;4;5
ORD_2173;PROD_25;8;3
ORD_2173;PROD_36;5;3
ORD_2173;PROD_37;9;5
ORD_2173;PROD_36;1;5
ORD_2173;PROD_12;9;1
ORD_2173;PROD_6;2;3
ORD_2173;PROD_16;5;2
ORD_2173;PROD_27;8;5
ORD_2173;PROD_33;2;4
ORD_2173;PROD_41;2;3
ORD_2174;PROD_15;8;1
ORD_2174;PROD_37;4;5
ORD_2174;PROD_20;7;4
ORD_2174;PROD_19;1;1
ORD_2174;PROD_34;8;3
ORD_2174;PROD_17;3;5
ORD_2175;PROD_15;6;3
ORD_2175;PROD_44;8;5
ORD_2175;PROD_36;7;5
ORD_2175;PROD_1;3;4
ORD_2175;PROD_15;2;3
ORD_2175;PROD_44;8;5
ORD_2175;PROD_36;5;4
ORD_2175;PROD_1;1;3
ORD_2175;PROD_43;8;1
ORD_2175;PROD_34;9;3
ORD_2176;PROD_36;4;2
ORD_2176;PROD_33;7;3
ORD_2176;PROD_11;7;5
ORD_2176;PROD_43;3;5
ORD_2176;PROD_33;1;2
ORD_2176;PROD_38;3;1
ORD_2176;PROD_49;8;1
ORD_2176;PROD_19;4;4
ORD_2176;PROD_15;4;3
ORD_2176;PROD_42;9;5
ORD_2176;PROD_39;6;4
ORD_2177;PROD_25;6;3
ORD_2177;PROD_6;7;3
ORD_2177;PROD_39;3;5
ORD_2177;PROD_6;9;1
ORD_2177;PROD_2;8;1
ORD_2177;PROD_37;2;1
ORD_2177;PROD_43;3;2
ORD_2177;PROD_26;3;3
ORD_2177;PROD_50;4;5
ORD_2177;PROD_37;5;1
ORD_2177;PROD_45;9;2
ORD_2177;PROD_48;6;3
ORD_2177;PROD_46;6;3
ORD_2177;PROD_19;6;4
ORD_2177;PROD_9;4;4
ORD_2178;PROD_28;6;5
ORD_2178;PROD_23;3;1
ORD_2178;PROD_26;8;5
ORD_2178;PROD_35;8;4
ORD_2178;PROD_37;3;2
ORD_2178;PROD_39;8;4
ORD_2178;PROD_29;4;3
ORD_2178;PROD_7;9;4
ORD_2178;PROD_10;6;1
ORD_2178;PROD_10;7;1
ORD_2178;PROD_21;5;5
ORD_2179;PROD_25;3;5
ORD_2179;PROD_8;2;1
ORD_2179;PROD_28;4;2
ORD_2179;PROD_26;5;5
ORD_2179;PROD_48;8;5
ORD_2179;PROD_24;7;2
ORD_2179;PROD_29;5;4
ORD_2179;PROD_40;6;5
ORD_2179;PROD_32;5;4
ORD_2179;PROD_2;7;1
ORD_2179;PROD_34;1;3
ORD_2179;PROD_26;1;1
ORD_2179;PROD_2;9;3
ORD_2180;PROD_17;3;3
ORD_2180;PROD_30;7;5
ORD_2180;PROD_36;9;3
ORD_2180;PROD_40;2;4
ORD_2180;PROD_7;3;1
ORD_2180;PROD_11;1;5
ORD_2181;PROD_33;9;3
ORD_2181;PROD_38;4;2
ORD_2181;PROD_49;1;1
ORD_2181;PROD_19;8;5
ORD_2181;PROD_15;5;2
ORD_2181;PROD_33;6;4
ORD_2181;PROD_38;7;2
ORD_2181;PROD_49;4;5
ORD_2181;PROD_19;2;4
ORD_2181;PROD_15;3;4
ORD_2181;PROD_22;3;5
ORD_2181;PROD_19;8;2
ORD_2182;PROD_3;9;3
ORD_2182;PROD_10;5;5
ORD_2182;PROD_23;5;4
ORD_2182;PROD_23;2;4
ORD_2182;PROD_27;5;4
ORD_2182;PROD_16;4;4
ORD_2182;PROD_33;2;5
ORD_2182;PROD_5;3;3
ORD_2182;PROD_22;6;4
ORD_2182;PROD_16;6;3
ORD_2182;PROD_21;8;5
ORD_2183;PROD_9;7;1
ORD_2183;PROD_3;2;2
ORD_2183;PROD_50;4;2
ORD_2183;PROD_47;9;1
ORD_2183;PROD_33;4;5
ORD_2184;PROD_48;5;2
ORD_2184;PROD_12;3;5
ORD_2184;PROD_12;4;1
ORD_2184;PROD_23;8;5
ORD_2184;PROD_31;1;1
ORD_2184;PROD_41;2;5
ORD_2184;PROD_32;6;2
ORD_2184;PROD_9;8;2
ORD_2184;PROD_10;1;1
ORD_2184;PROD_40;9;1
ORD_2184;PROD_25;3;1
ORD_2184;PROD_50;6;4
ORD_2184;PROD_40;8;2
ORD_2185;PROD_50;6;5
ORD_2185;PROD_13;1;3
ORD_2185;PROD_9;1;5
ORD_2185;PROD_37;5;4
ORD_2185;PROD_15;1;2
ORD_2185;PROD_25;5;1
ORD_2185;PROD_34;7;5
ORD_2185;PROD_47;8;3
ORD_2185;PROD_13;4;2
ORD_2185;PROD_22;6;5
ORD_2185;PROD_40;7;3
ORD_2185;PROD_4;7;2
ORD_2186;PROD_47;7;3
ORD_2186;PROD_32;2;2
ORD_2186;PROD_18;4;1
ORD_2186;PROD_11;5;5
ORD_2186;PROD_25;9;1
ORD_2186;PROD_16;4;2
ORD_2187;PROD_12;5;4
ORD_2187;PROD_50;6;5
ORD_2187;PROD_7;2;4
ORD_2187;PROD_11;2;3
ORD_2187;PROD_2;6;3
ORD_2188;PROD_15;2;2
ORD_2188;PROD_22;6;3
ORD_2188;PROD_33;3;1
ORD_2188;PROD_38;4;3
ORD_2188;PROD_49;4;3
ORD_2189;PROD_15;6;3
ORD_2189;PROD_44;9;1
ORD_2189;PROD_36;6;4
ORD_2189;PROD_1;4;1
ORD_2189;PROD_15;2;2
ORD_2189;PROD_44;1;5
ORD_2189;PROD_36;1;4
ORD_2189;PROD_1;7;4
ORD_2189;PROD_22;5;5
ORD_2190;PROD_11;7;5
ORD_2190;PROD_20;2;3
ORD_2190;PROD_10;9;5
ORD_2190;PROD_13;6;2
ORD_2190;PROD_48;1;2
ORD_2190;PROD_6;8;4
ORD_2191;PROD_2;8;5
ORD_2191;PROD_8;5;5
ORD_2191;PROD_4;7;4
ORD_2191;PROD_45;8;2
ORD_2191;PROD_1;1;4
ORD_2191;PROD_6;9;2
ORD_2191;PROD_6;9;3
ORD_2191;PROD_7;8;4
ORD_2191;PROD_35;3;1
ORD_2192;PROD_33;9;4
ORD_2192;PROD_38;5;1
ORD_2192;PROD_49;6;3
ORD_2192;PROD_19;2;5
ORD_2192;PROD_15;4;4
ORD_2192;PROD_3;6;1
ORD_2192;PROD_21;1;3
ORD_2193;PROD_33;8;5
ORD_2193;PROD_38;4;3
ORD_2193;PROD_49;7;5
ORD_2193;PROD_19;3;1
ORD_2193;PROD_15;6;4
ORD_2193;PROD_40;3;4
ORD_2193;PROD_8;6;3
ORD_2193;PROD_38;1;2
ORD_2193;PROD_30;2;1
ORD_2193;PROD_16;7;2
ORD_2193;PROD_2;3;2
ORD_2193;PROD_19;2;1
ORD_2193;PROD_49;8;5
ORD_2193;PROD_37;7;3
ORD_2193;PROD_47;7;2
ORD_2194;PROD_3;2;2
ORD_2194;PROD_21;2;2
ORD_2194;PROD_12;3;5
ORD_2194;PROD_16;3;4
ORD_2194;PROD_31;9;4
ORD_2194;PROD_7;5;2
ORD_2194;PROD_23;1;3
ORD_2194;PROD_42;7;3
ORD_2194;PROD_35;5;5
ORD_2194;PROD_44;7;3
ORD_2194;PROD_47;1;5
ORD_2194;PROD_22;7;1
ORD_2194;PROD_48;4;5
ORD_2194;PROD_49;8;1
ORD_2194;PROD_27;2;1
ORD_2195;PROD_14;7;3
ORD_2195;PROD_41;9;4
ORD_2195;PROD_34;4;2
ORD_2195;PROD_34;6;3
ORD_2195;PROD_30;5;1
ORD_2195;PROD_28;1;2
ORD_2195;PROD_26;7;5
ORD_2195;PROD_3;4;3
ORD_2195;PROD_40;7;2
ORD_2195;PROD_21;2;1
ORD_2195;PROD_8;8;1
ORD_2195;PROD_5;7;5
ORD_2195;PROD_16;3;2
ORD_2195;PROD_8;2;2
ORD_2196;PROD_45;8;2
ORD_2196;PROD_45;8;2
ORD_2196;PROD_18;9;1
ORD_2196;PROD_5;9;1
ORD_2196;PROD_6;7;1
ORD_2196;PROD_29;3;4
ORD_2196;PROD_13;2;2
ORD_2196;PROD_14;1;2
ORD_2196;PROD_39;8;1
ORD_2196;PROD_42;8;3
ORD_2196;PROD_9;7;2
ORD_2196;PROD_35;7;4
ORD_2196;PROD_49;5;1
ORD_2196;PROD_13;1;5
ORD_2197;PROD_36;5;4
ORD_2197;PROD_33;7;2
ORD_2197;PROD_36;9;4
ORD_2197;PROD_33;9;5
ORD_2197;PROD_30;3;5
ORD_2197;PROD_16;3;3
ORD_2197;PROD_13;2;2
ORD_2197;PROD_27;9;2
ORD_2197;PROD_8;9;5
ORD_2197;PROD_36;3;4
ORD_2197;PROD_26;4;4
ORD_2197;PROD_3;8;4
ORD_2197;PROD_25;1;4
ORD_2198;PROD_32;7;5
ORD_2198;PROD_19;1;5
ORD_2198;PROD_36;3;5
ORD_2198;PROD_4;7;5
ORD_2198;PROD_19;9;1
ORD_2198;PROD_2;5;4
ORD_2198;PROD_1;5;1
ORD_2198;PROD_15;5;2
ORD_2198;PROD_21;1;3
ORD_2198;PROD_26;7;5
ORD_2198;PROD_39;1;1
ORD_2198;PROD_7;6;4
ORD_2199;PROD_15;5;2
ORD_2199;PROD_22;7;3
ORD_2199;PROD_39;3;1
ORD_2199;PROD_26;5;2
ORD_2199;PROD_20;6;2
ORD_2199;PROD_6;3;3
ORD_2199;PROD_40;1;2
ORD_2199;PROD_37;3;3
ORD_2199;PROD_42;8;4
ORD_2199;PROD_36;3;4
ORD_2199;PROD_24;8;4
ORD_2200;PROD_3;9;3
ORD_2200;PROD_21;3;2
ORD_2200;PROD_12;1;2
ORD_2200;PROD_16;7;2
ORD_2200;PROD_31;3;3
ORD_2200;PROD_28;5;4
ORD_2200;PROD_34;4;2
ORD_2200;PROD_22;1;4
ORD_2200;PROD_14;6;1
ORD_2200;PROD_24;8;4
ORD_2200;PROD_1;5;4
ORD_2200;PROD_3;8;3
ORD_2200;PROD_10;3;3
ORD_2200;PROD_32;1;5
ORD_2201;PROD_12;9;1
ORD_2201;PROD_50;3;1
ORD_2201;PROD_7;3;3
ORD_2201;PROD_11;4;2
ORD_2201;PROD_12;3;2
ORD_2201;PROD_24;4;2
ORD_2201;PROD_41;8;5
ORD_2201;PROD_38;9;5
ORD_2201;PROD_40;3;4
ORD_2201;PROD_28;7;5
ORD_2201;PROD_48;8;1
ORD_2202;PROD_3;6;2
ORD_2202;PROD_21;8;3
ORD_2202;PROD_12;8;4
ORD_2202;PROD_16;4;4
ORD_2202;PROD_31;2;5
ORD_2202;PROD_3;5;1
ORD_2202;PROD_21;7;3
ORD_2202;PROD_12;4;5
ORD_2202;PROD_16;4;5
ORD_2202;PROD_31;3;3
ORD_2202;PROD_3;3;3
ORD_2202;PROD_21;8;4
ORD_2202;PROD_12;8;1
ORD_2202;PROD_16;5;3
ORD_2203;PROD_33;3;3
ORD_2203;PROD_38;6;4
ORD_2203;PROD_49;4;2
ORD_2203;PROD_19;5;2
ORD_2203;PROD_15;3;1
ORD_2203;PROD_12;4;1
ORD_2203;PROD_50;7;2
ORD_2203;PROD_7;9;5
ORD_2203;PROD_11;6;2
ORD_2203;PROD_15;7;1
ORD_2204;PROD_11;6;1
ORD_2204;PROD_43;5;5
ORD_2204;PROD_36;2;3
ORD_2204;PROD_33;8;2
ORD_2204;PROD_3;3;3
ORD_2204;PROD_21;6;4
ORD_2204;PROD_12;4;4
ORD_2204;PROD_16;7;5
ORD_2204;PROD_31;2;5
ORD_2204;PROD_11;8;4
ORD_2204;PROD_31;4;1
ORD_2204;PROD_19;9;4
ORD_2204;PROD_39;2;2
ORD_2204;PROD_16;2;1
ORD_2205;PROD_13;2;4
ORD_2205;PROD_26;5;5
ORD_2205;PROD_12;3;3
ORD_2205;PROD_15;8;1
ORD_2205;PROD_47;6;4
ORD_2205;PROD_2;7;3
ORD_2205;PROD_46;3;5
ORD_2205;PROD_2;3;2
ORD_2205;PROD_8;7;2
ORD_2205;PROD_18;8;5
ORD_2206;PROD_28;7;1
ORD_2206;PROD_47;3;1
ORD_2206;PROD_18;6;2
ORD_2206;PROD_5;8;5
ORD_2206;PROD_24;3;4
ORD_2206;PROD_41;8;2
ORD_2206;PROD_36;2;2
ORD_2206;PROD_48;9;3
ORD_2206;PROD_26;7;5
ORD_2206;PROD_50;4;5
ORD_2206;PROD_21;4;3
ORD_2206;PROD_46;8;2
ORD_2206;PROD_47;6;1
ORD_2206;PROD_5;3;3
ORD_2206;PROD_43;3;2
ORD_2207;PROD_33;6;2
ORD_2207;PROD_7;6;2
ORD_2207;PROD_4;4;4
ORD_2207;PROD_3;9;3
ORD_2207;PROD_24;6;4
ORD_2207;PROD_47;5;1
ORD_2207;PROD_36;2;3
ORD_2207;PROD_40;7;3
ORD_2207;PROD_24;3;1
ORD_2208;PROD_15;4;1
ORD_2208;PROD_44;4;2
ORD_2208;PROD_36;3;2
ORD_2208;PROD_1;5;4
ORD_2208;PROD_45;5;1
ORD_2208;PROD_49;8;2
ORD_2208;PROD_40;8;1
ORD_2208;PROD_40;3;4
ORD_2209;PROD_23;3;5
ORD_2209;PROD_20;7;1
ORD_2209;PROD_31;4;5
ORD_2209;PROD_28;1;1
ORD_2209;PROD_17;3;1
ORD_2210;PROD_43;5;2
ORD_2210;PROD_15;3;1
ORD_2210;PROD_14;6;4
ORD_2210;PROD_20;1;5
ORD_2210;PROD_45;3;4
ORD_2210;PROD_7;7;1
ORD_2210;PROD_43;9;3
ORD_2210;PROD_16;6;5
ORD_2210;PROD_14;4;5
ORD_2210;PROD_26;7;2
ORD_2210;PROD_16;3;3
ORD_2210;PROD_15;3;2
ORD_2210;PROD_18;7;2
ORD_2210;PROD_3;7;2
ORD_2210;PROD_12;8;1
ORD_2211;PROD_5;7;4
ORD_2211;PROD_38;9;2
ORD_2211;PROD_47;9;5
ORD_2211;PROD_49;7;3
ORD_2211;PROD_16;1;5
ORD_2211;PROD_14;5;3
ORD_2211;PROD_28;6;5
ORD_2211;PROD_50;8;2
ORD_2211;PROD_22;8;1
ORD_2211;PROD_1;8;3
ORD_2211;PROD_15;8;2
ORD_2211;PROD_38;4;3
ORD_2211;PROD_28;9;1
ORD_2211;PROD_29;8;4
ORD_2211;PROD_1;4;4
ORD_2212;PROD_36;9;5
ORD_2212;PROD_33;3;4
ORD_2212;PROD_11;3;5
ORD_2212;PROD_43;1;3
ORD_2212;PROD_15;3;2
ORD_2212;PROD_44;1;4
ORD_2212;PROD_36;2;2
ORD_2212;PROD_1;3;4
ORD_2213;PROD_15;7;2
ORD_2213;PROD_22;4;1
ORD_2213;PROD_37;9;2
ORD_2213;PROD_28;9;1
ORD_2213;PROD_38;4;4
ORD_2213;PROD_43;2;3
ORD_2213;PROD_22;7;1
ORD_2213;PROD_24;9;4
ORD_2214;PROD_33;1;4
ORD_2214;PROD_38;1;1
ORD_2214;PROD_49;4;1
ORD_2214;PROD_19;6;4
ORD_2214;PROD_15;7;2
ORD_2214;PROD_3;5;2
ORD_2214;PROD_21;8;1
ORD_2214;PROD_12;1;5
ORD_2214;PROD_16;4;3
ORD_2214;PROD_31;8;5
ORD_2214;PROD_40;9;1
ORD_2215;PROD_13;4;5
ORD_2215;PROD_38;4;5
ORD_2215;PROD_48;1;2
ORD_2215;PROD_29;7;2
ORD_2215;PROD_41;9;1
ORD_2215;PROD_19;8;2
ORD_2215;PROD_48;1;3
ORD_2215;PROD_11;6;3
ORD_2215;PROD_29;1;1
ORD_2215;PROD_38;9;1
ORD_2216;PROD_50;1;4
ORD_2216;PROD_16;9;5
ORD_2216;PROD_35;7;3
ORD_2216;PROD_29;9;1
ORD_2216;PROD_1;9;3
ORD_2216;PROD_11;7;4
ORD_2216;PROD_10;6;3
ORD_2216;PROD_25;8;1
ORD_2216;PROD_7;6;3
ORD_2216;PROD_2;3;1
ORD_2217;PROD_3;3;1
ORD_2217;PROD_21;6;1
ORD_2217;PROD_12;5;5
ORD_2217;PROD_16;6;2
ORD_2217;PROD_31;7;5
ORD_2217;PROD_50;9;5
ORD_2218;PROD_48;1;4
ORD_2218;PROD_9;4;1
ORD_2218;PROD_44;1;1
ORD_2218;PROD_38;7;1
ORD_2218;PROD_1;7;3
ORD_2218;PROD_7;7;5
ORD_2218;PROD_1;8;4
ORD_2218;PROD_36;1;5
ORD_2218;PROD_1;3;3
ORD_2218;PROD_7;1;1
ORD_2218;PROD_17;5;5
ORD_2218;PROD_2;1;5
ORD_2219;PROD_20;3;4
ORD_2219;PROD_50;2;5
ORD_2219;PROD_30;1;3
ORD_2219;PROD_48;7;2
ORD_2219;PROD_24;7;2
ORD_2219;PROD_46;5;1
ORD_2219;PROD_8;8;2
ORD_2219;PROD_14;1;4
ORD_2219;PROD_4;1;2
ORD_2219;PROD_33;6;2
ORD_2220;PROD_25;5;2
ORD_2220;PROD_6;3;3
ORD_2220;PROD_6;8;4
ORD_2220;PROD_49;7;3
ORD_2220;PROD_28;6;2
ORD_2220;PROD_30;9;2
ORD_2220;PROD_43;1;5
ORD_2220;PROD_9;9;3
ORD_2220;PROD_23;6;1
ORD_2220;PROD_29;1;3
ORD_2221;PROD_9;3;3
ORD_2221;PROD_19;9;2
ORD_2221;PROD_26;5;5
ORD_2221;PROD_25;1;1
ORD_2221;PROD_3;4;1
ORD_2221;PROD_36;8;2
ORD_2221;PROD_34;5;5
ORD_2221;PROD_25;9;5
ORD_2221;PROD_24;3;1
ORD_2221;PROD_17;9;4
ORD_2221;PROD_42;4;2
ORD_2221;PROD_8;6;3
ORD_2221;PROD_49;8;4
ORD_2222;PROD_15;1;2
ORD_2222;PROD_44;2;1
ORD_2222;PROD_36;8;2
ORD_2222;PROD_1;3;5
ORD_2222;PROD_12;7;3
ORD_2222;PROD_50;2;4
ORD_2222;PROD_7;4;3
ORD_2222;PROD_11;8;3
ORD_2222;PROD_36;9;3
ORD_2223;PROD_47;7;5
ORD_2223;PROD_26;8;3
ORD_2223;PROD_50;2;5
ORD_2223;PROD_34;7;4
ORD_2223;PROD_14;4;1
ORD_2224;PROD_5;8;1
ORD_2224;PROD_44;6;2
ORD_2224;PROD_43;2;4
ORD_2224;PROD_40;8;1
ORD_2224;PROD_23;4;3
ORD_2224;PROD_44;5;5
ORD_2224;PROD_17;9;3
ORD_2224;PROD_48;4;1
ORD_2224;PROD_44;2;5
ORD_2224;PROD_21;9;3
ORD_2225;PROD_3;8;2
ORD_2225;PROD_21;2;2
ORD_2225;PROD_12;3;3
ORD_2225;PROD_16;9;3
ORD_2225;PROD_31;5;5
ORD_2225;PROD_12;7;3
ORD_2225;PROD_50;3;2
ORD_2225;PROD_7;8;2
ORD_2225;PROD_11;5;2
ORD_2225;PROD_2;5;2
ORD_2225;PROD_8;8;5
ORD_2225;PROD_11;8;1
ORD_2225;PROD_35;7;1
ORD_2225;PROD_32;2;4
ORD_2226;PROD_40;5;5
ORD_2226;PROD_14;7;3
ORD_2226;PROD_22;5;5
ORD_2226;PROD_43;3;5
ORD_2226;PROD_34;2;4
ORD_2226;PROD_48;3;2
ORD_2226;PROD_13;1;4
ORD_2226;PROD_44;2;5
ORD_2226;PROD_46;4;5
ORD_2226;PROD_12;2;3
ORD_2227;PROD_39;2;4
ORD_2227;PROD_2;7;5
ORD_2227;PROD_16;8;3
ORD_2227;PROD_9;9;4
ORD_2227;PROD_48;6;5
ORD_2227;PROD_1;2;5
ORD_2227;PROD_24;5;2
ORD_2227;PROD_25;5;5
ORD_2227;PROD_45;5;4
ORD_2227;PROD_5;8;3
ORD_2227;PROD_29;2;2
ORD_2228;PROD_15;5;3
ORD_2228;PROD_44;5;2
ORD_2228;PROD_36;9;2
ORD_2228;PROD_1;3;1
ORD_2228;PROD_5;4;1
ORD_2228;PROD_49;6;5
ORD_2229;PROD_15;2;5
ORD_2229;PROD_22;9;2
ORD_2229;PROD_41;9;4
ORD_2229;PROD_49;4;3
ORD_2229;PROD_46;8;1
ORD_2229;PROD_17;2;5
ORD_2229;PROD_18;6;3
ORD_2229;PROD_37;4;5
ORD_2229;PROD_36;6;3
ORD_2229;PROD_10;3;5
ORD_2229;PROD_21;3;5
ORD_2229;PROD_39;3;2
ORD_2229;PROD_29;4;5
ORD_2230;PROD_3;3;4
ORD_2230;PROD_21;7;1
ORD_2230;PROD_12;4;3
ORD_2230;PROD_16;1;3
ORD_2230;PROD_31;7;2
ORD_2230;PROD_3;5;3
ORD_2230;PROD_21;8;2
ORD_2230;PROD_12;4;1
ORD_2231;PROD_33;4;5
ORD_2231;PROD_38;7;1
ORD_2231;PROD_49;9;3
ORD_2231;PROD_19;7;2
ORD_2231;PROD_15;4;2
ORD_2231;PROD_15;9;3
ORD_2231;PROD_44;6;3
ORD_2231;PROD_36;1;2
ORD_2231;PROD_1;8;4
ORD_2231;PROD_33;4;3
ORD_2232;PROD_7;8;3
ORD_2232;PROD_25;2;5
ORD_2232;PROD_28;6;5
ORD_2232;PROD_36;7;1
ORD_2232;PROD_4;8;2
ORD_2232;PROD_26;4;5
ORD_2233;PROD_11;8;4
ORD_2233;PROD_43;6;4
ORD_2233;PROD_15;5;2
ORD_2233;PROD_44;9;5
ORD_2233;PROD_36;7;3
ORD_2233;PROD_1;5;1
ORD_2233;PROD_36;2;1
ORD_2233;PROD_24;7;1
ORD_2233;PROD_39;5;4
ORD_2233;PROD_6;6;5
ORD_2233;PROD_41;7;4
ORD_2233;PROD_44;2;1
ORD_2233;PROD_18;8;2
ORD_2233;PROD_16;1;4
ORD_2233;PROD_3;6;5
ORD_2234;PROD_21;9;1
ORD_2234;PROD_8;8;2
ORD_2234;PROD_42;3;4
ORD_2234;PROD_20;3;2
ORD_2234;PROD_48;1;5
ORD_2234;PROD_17;2;1
ORD_2234;PROD_26;9;5
ORD_2234;PROD_26;8;5
ORD_2234;PROD_23;6;3
ORD_2234;PROD_2;4;2
ORD_2234;PROD_12;2;4
ORD_2234;PROD_21;4;2
ORD_2235;PROD_28;4;1
ORD_2235;PROD_23;1;5
ORD_2235;PROD_20;1;5
ORD_2235;PROD_33;8;3
ORD_2235;PROD_39;4;2
ORD_2235;PROD_38;7;4
ORD_2235;PROD_47;8;1
ORD_2235;PROD_48;5;5
ORD_2235;PROD_19;6;1
ORD_2236;PROD_15;1;4
ORD_2236;PROD_44;3;1
ORD_2236;PROD_36;3;2
ORD_2236;PROD_1;9;1
ORD_2236;PROD_36;7;5
ORD_2236;PROD_33;9;4
ORD_2236;PROD_50;8;2
ORD_2236;PROD_13;9;5
ORD_2236;PROD_24;2;5
ORD_2236;PROD_45;2;4
ORD_2236;PROD_9;2;5
ORD_2237;PROD_12;2;5
ORD_2237;PROD_27;3;3
ORD_2237;PROD_47;6;4
ORD_2237;PROD_48;8;5
ORD_2237;PROD_49;4;4
ORD_2237;PROD_11;7;5
ORD_2237;PROD_20;1;1
ORD_2237;PROD_6;2;4
ORD_2237;PROD_5;7;5
ORD_2237;PROD_45;2;4
ORD_2237;PROD_47;3;3
ORD_2237;PROD_30;7;2
ORD_2238;PROD_15;1;5
ORD_2238;PROD_44;1;2
ORD_2238;PROD_36;3;3
ORD_2238;PROD_1;2;5
ORD_2238;PROD_50;7;4
ORD_2238;PROD_49;1;3
ORD_2238;PROD_28;3;5
ORD_2238;PROD_6;2;3
ORD_2238;PROD_7;3;5
ORD_2238;PROD_11;7;1
ORD_2238;PROD_43;5;3
ORD_2238;PROD_41;7;5
ORD_2238;PROD_29;5;3
ORD_2239;PROD_33;4;3
ORD_2239;PROD_38;2;2
ORD_2239;PROD_49;7;3
ORD_2239;PROD_19;4;1
ORD_2239;PROD_15;4;3
ORD_2239;PROD_36;6;5
ORD_2239;PROD_33;6;3
ORD_2239;PROD_48;3;2
ORD_2239;PROD_46;8;3
ORD_2239;PROD_20;2;1
ORD_2239;PROD_32;6;2
ORD_2239;PROD_42;7;4
ORD_2239;PROD_1;3;5
ORD_2240;PROD_26;7;2
ORD_2240;PROD_44;6;3
ORD_2240;PROD_31;8;4
ORD_2240;PROD_26;7;5
ORD_2240;PROD_27;8;2
ORD_2240;PROD_10;8;1
ORD_2240;PROD_45;2;4
ORD_2240;PROD_34;3;2
ORD_2240;PROD_10;5;4
ORD_2240;PROD_3;4;3
ORD_2240;PROD_7;8;5
ORD_2240;PROD_15;7;5
ORD_2240;PROD_34;3;3
ORD_2241;PROD_28;3;4
ORD_2241;PROD_18;1;3
ORD_2241;PROD_40;6;3
ORD_2241;PROD_23;6;1
ORD_2241;PROD_12;9;3
ORD_2241;PROD_32;2;5
ORD_2241;PROD_22;5;2
ORD_2241;PROD_5;5;5
ORD_2241;PROD_10;1;1
ORD_2241;PROD_24;7;5
ORD_2241;PROD_25;3;2
ORD_2242;PROD_15;2;2
ORD_2242;PROD_44;8;4
ORD_2242;PROD_36;5;1
ORD_2242;PROD_1;4;3
ORD_2242;PROD_14;9;5
ORD_2242;PROD_43;7;5
ORD_2242;PROD_31;4;4
ORD_2242;PROD_48;9;5
ORD_2242;PROD_39;7;1
ORD_2242;PROD_21;7;3
ORD_2242;PROD_20;6;5
ORD_2242;PROD_22;8;5
ORD_2243;PROD_11;5;4
ORD_2243;PROD_43;5;1
ORD_2243;PROD_15;5;2
ORD_2243;PROD_44;8;3
ORD_2243;PROD_36;3;4
ORD_2243;PROD_1;2;4
ORD_2243;PROD_33;9;1
ORD_2243;PROD_38;3;3
ORD_2243;PROD_49;8;2
ORD_2243;PROD_19;9;3
ORD_2243;PROD_15;8;2
ORD_2243;PROD_44;2;5
ORD_2243;PROD_20;2;4
ORD_2244;PROD_15;3;4
ORD_2244;PROD_22;4;1
ORD_2244;PROD_11;2;4
ORD_2244;PROD_43;9;3
ORD_2244;PROD_12;4;3
ORD_2245;PROD_3;7;5
ORD_2245;PROD_21;7;4
ORD_2245;PROD_12;1;5
ORD_2245;PROD_16;3;1
ORD_2245;PROD_31;7;5
ORD_2245;PROD_36;2;1
ORD_2245;PROD_33;3;2
ORD_2245;PROD_30;6;4
ORD_2245;PROD_43;3;2
ORD_2245;PROD_38;4;4
ORD_2245;PROD_36;4;1
ORD_2246;PROD_20;2;1
ORD_2246;PROD_46;2;3
ORD_2246;PROD_14;6;2
ORD_2246;PROD_30;2;2
ORD_2246;PROD_27;3;5
ORD_2246;PROD_39;7;1
ORD_2246;PROD_13;6;5
ORD_2246;PROD_20;2;5
ORD_2246;PROD_23;2;4
ORD_2246;PROD_30;5;1
ORD_2246;PROD_27;5;3
ORD_2246;PROD_15;6;2
ORD_2246;PROD_2;7;3
ORD_2246;PROD_47;4;2
ORD_2246;PROD_36;2;4
ORD_2247;PROD_3;8;4
ORD_2247;PROD_21;7;2
ORD_2247;PROD_12;7;5
ORD_2247;PROD_16;5;3
ORD_2247;PROD_31;2;4
ORD_2247;PROD_47;3;3
ORD_2248;PROD_11;9;3
ORD_2248;PROD_43;4;3
ORD_2248;PROD_3;4;4
ORD_2248;PROD_21;2;2
ORD_2248;PROD_12;5;5
ORD_2248;PROD_16;4;2
ORD_2248;PROD_31;9;4
ORD_2248;PROD_40;6;2
ORD_2248;PROD_30;1;3
ORD_2248;PROD_36;6;2
ORD_2248;PROD_43;7;3
ORD_2249;PROD_15;4;2
ORD_2249;PROD_38;6;1
ORD_2249;PROD_17;5;1
ORD_2249;PROD_24;4;1
ORD_2249;PROD_30;7;5
ORD_2249;PROD_40;2;3
ORD_2249;PROD_35;7;3
ORD_2249;PROD_27;4;4
ORD_2249;PROD_31;7;4
ORD_2250;PROD_3;8;1
ORD_2250;PROD_33;7;2
ORD_2250;PROD_23;4;1
ORD_2250;PROD_33;5;2
ORD_2250;PROD_4;5;5
ORD_2250;PROD_22;3;2
ORD_2250;PROD_46;9;5
ORD_2250;PROD_48;9;4
ORD_2250;PROD_5;4;5
ORD_2250;PROD_44;4;2
ORD_2250;PROD_10;1;4
ORD_2250;PROD_21;4;5
ORD_2251;PROD_49;2;1
ORD_2251;PROD_40;9;4
ORD_2251;PROD_42;1;1
ORD_2251;PROD_37;9;1
ORD_2251;PROD_22;2;5
ORD_2252;PROD_17;8;4
ORD_2252;PROD_35;3;1
ORD_2252;PROD_36;1;5
ORD_2252;PROD_9;3;3
ORD_2252;PROD_27;3;5
ORD_2253;PROD_37;3;3
ORD_2253;PROD_5;7;2
ORD_2253;PROD_21;1;2
ORD_2253;PROD_28;9;5
ORD_2253;PROD_16;1;1
ORD_2253;PROD_30;3;1
ORD_2253;PROD_24;1;5
ORD_2253;PROD_25;9;4
ORD_2253;PROD_7;7;3
ORD_2253;PROD_5;3;2
ORD_2253;PROD_48;2;1
ORD_2254;PROD_15;6;5
ORD_2254;PROD_44;4;1
ORD_2254;PROD_36;4;3
ORD_2254;PROD_1;4;2
ORD_2254;PROD_45;5;3
ORD_2254;PROD_12;4;2
ORD_2254;PROD_14;9;1
ORD_2254;PROD_17;3;3
ORD_2254;PROD_11;4;2
ORD_2254;PROD_45;3;2
ORD_2254;PROD_28;7;2
ORD_2254;PROD_28;7;3
ORD_2254;PROD_35;9;3
ORD_2254;PROD_29;2;5
ORD_2255;PROD_11;2;2
ORD_2255;PROD_43;7;2
ORD_2255;PROD_15;3;3
ORD_2255;PROD_44;2;3
ORD_2255;PROD_36;2;5
ORD_2255;PROD_1;3;1
ORD_2255;PROD_32;5;3
ORD_2255;PROD_31;7;3
ORD_2255;PROD_34;4;2
ORD_2256;PROD_15;7;3
ORD_2256;PROD_44;9;5
ORD_2256;PROD_36;7;4
ORD_2256;PROD_1;7;5
ORD_2256;PROD_12;9;5
ORD_2256;PROD_50;4;1
ORD_2256;PROD_7;6;5
ORD_2257;PROD_33;2;4
ORD_2257;PROD_38;1;5
ORD_2257;PROD_49;4;2
ORD_2257;PROD_19;7;4
ORD_2257;PROD_15;5;2
ORD_2258;PROD_12;2;2
ORD_2258;PROD_47;9;4
ORD_2258;PROD_19;7;3
ORD_2258;PROD_40;8;4
ORD_2258;PROD_43;4;4
ORD_2258;PROD_33;9;4
ORD_2258;PROD_31;2;2
ORD_2258;PROD_8;4;1
ORD_2258;PROD_16;5;4
ORD_2258;PROD_1;6;4
ORD_2258;PROD_20;9;3
ORD_2259;PROD_12;1;4
ORD_2259;PROD_50;2;3
ORD_2259;PROD_7;6;5
ORD_2259;PROD_11;7;4
ORD_2259;PROD_36;6;2
ORD_2259;PROD_33;5;4
ORD_2259;PROD_29;3;2
ORD_2259;PROD_18;7;1
ORD_2259;PROD_18;6;4
ORD_2259;PROD_49;4;4
ORD_2259;PROD_16;8;4
ORD_2259;PROD_12;5;3
ORD_2260;PROD_33;4;4
ORD_2260;PROD_38;5;1
ORD_2260;PROD_49;6;1
ORD_2260;PROD_19;2;1
ORD_2260;PROD_15;4;1
ORD_2260;PROD_28;3;5
ORD_2260;PROD_21;6;5
ORD_2260;PROD_48;2;2
ORD_2260;PROD_45;5;1
ORD_2260;PROD_37;8;4
ORD_2260;PROD_44;9;4
ORD_2260;PROD_38;1;1
ORD_2260;PROD_24;8;4
ORD_2261;PROD_38;2;5
ORD_2261;PROD_49;7;4
ORD_2261;PROD_45;3;4
ORD_2261;PROD_21;7;4
ORD_2261;PROD_17;3;2
ORD_2261;PROD_30;7;4
ORD_2261;PROD_31;5;4
ORD_2261;PROD_17;2;2
ORD_2261;PROD_24;4;2
ORD_2262;PROD_15;2;5
ORD_2262;PROD_44;4;2
ORD_2262;PROD_36;7;3
ORD_2262;PROD_1;1;1
ORD_2262;PROD_5;8;1
ORD_2262;PROD_32;6;3
ORD_2262;PROD_33;1;3
ORD_2262;PROD_10;5;4
ORD_2262;PROD_42;9;1
ORD_2262;PROD_17;2;5
ORD_2262;PROD_6;6;1
ORD_2262;PROD_44;5;3
ORD_2263;PROD_21;8;5
ORD_2263;PROD_36;6;5
ORD_2263;PROD_27;6;5
ORD_2263;PROD_12;5;2
ORD_2263;PROD_26;2;5
ORD_2263;PROD_44;6;3
ORD_2263;PROD_40;8;1
ORD_2263;PROD_34;2;1
ORD_2263;PROD_30;8;2
ORD_2263;PROD_18;7;5
ORD_2264;PROD_33;4;3
ORD_2264;PROD_38;9;4
ORD_2264;PROD_49;3;2
ORD_2264;PROD_19;3;4
ORD_2264;PROD_15;7;3
ORD_2265;PROD_33;8;4
ORD_2265;PROD_38;6;4
ORD_2265;PROD_49;6;5
ORD_2265;PROD_19;4;5
ORD_2265;PROD_15;2;1
ORD_2265;PROD_5;5;4
ORD_2265;PROD_42;3;1
ORD_2265;PROD_31;7;4
ORD_2265;PROD_25;8;1
ORD_2265;PROD_32;4;3
ORD_2266;PROD_27;1;2
ORD_2266;PROD_25;3;4
ORD_2266;PROD_20;7;2
ORD_2266;PROD_42;3;5
ORD_2266;PROD_47;6;2
ORD_2266;PROD_3;2;3
ORD_2266;PROD_32;7;5
ORD_2266;PROD_22;7;1
ORD_2266;PROD_43;2;5
ORD_2266;PROD_36;3;4
ORD_2267;PROD_11;6;5
ORD_2267;PROD_43;7;4
ORD_2267;PROD_15;2;2
ORD_2267;PROD_44;5;1
ORD_2267;PROD_36;2;3
ORD_2267;PROD_1;4;1
ORD_2267;PROD_12;9;5
ORD_2267;PROD_50;9;1
ORD_2267;PROD_7;1;1
ORD_2268;PROD_30;5;5
ORD_2268;PROD_12;5;4
ORD_2268;PROD_21;7;4
ORD_2268;PROD_48;4;2
ORD_2268;PROD_14;4;1
ORD_2269;PROD_36;7;5
ORD_2269;PROD_33;2;2
ORD_2269;PROD_15;5;1
ORD_2269;PROD_6;1;5
ORD_2269;PROD_37;7;2
ORD_2269;PROD_14;6;2
ORD_2269;PROD_38;2;4
ORD_2269;PROD_17;8;2
ORD_2269;PROD_10;6;2
ORD_2270;PROD_15;3;5
ORD_2270;PROD_22;3;1
ORD_2270;PROD_3;1;4
ORD_2270;PROD_21;1;5
ORD_2270;PROD_12;9;5
ORD_2270;PROD_16;9;3
ORD_2270;PROD_31;4;3
ORD_2270;PROD_3;8;2
ORD_2270;PROD_21;4;1
ORD_2270;PROD_12;3;5
ORD_2270;PROD_16;7;5
ORD_2271;PROD_47;8;2
ORD_2271;PROD_48;6;5
ORD_2271;PROD_37;5;4
ORD_2271;PROD_33;1;1
ORD_2271;PROD_21;3;2
ORD_2271;PROD_14;8;4
ORD_2272;PROD_15;9;1
ORD_2272;PROD_44;7;1
ORD_2272;PROD_36;8;3
ORD_2272;PROD_1;3;4
ORD_2272;PROD_33;5;3
ORD_2272;PROD_38;1;3
ORD_2272;PROD_49;1;3
ORD_2272;PROD_19;9;3
ORD_2272;PROD_15;9;4
ORD_2272;PROD_33;7;4
ORD_2272;PROD_38;8;4
ORD_2272;PROD_49;6;3
ORD_2272;PROD_19;9;3
ORD_2272;PROD_15;8;1
ORD_2273;PROD_29;9;5
ORD_2273;PROD_11;3;2
ORD_2273;PROD_48;4;1
ORD_2273;PROD_6;6;2
ORD_2273;PROD_36;2;4
ORD_2273;PROD_10;6;1
ORD_2273;PROD_14;9;5
ORD_2273;PROD_18;6;5
ORD_2273;PROD_12;3;1
ORD_2273;PROD_44;4;5
ORD_2273;PROD_4;9;4
ORD_2274;PROD_34;5;4
ORD_2274;PROD_33;2;3
ORD_2274;PROD_20;7;3
ORD_2274;PROD_9;4;5
ORD_2274;PROD_8;7;1
ORD_2274;PROD_17;3;4
ORD_2274;PROD_3;6;5
ORD_2274;PROD_39;7;4
ORD_2274;PROD_12;4;2
ORD_2274;PROD_28;8;3
ORD_2274;PROD_50;9;4
ORD_2274;PROD_49;4;4
ORD_2275;PROD_42;4;3
ORD_2275;PROD_40;9;4
ORD_2275;PROD_7;1;1
ORD_2275;PROD_21;8;3
ORD_2275;PROD_20;1;4
ORD_2275;PROD_22;1;2
ORD_2275;PROD_24;6;5
ORD_2275;PROD_26;5;2
ORD_2275;PROD_36;6;4
ORD_2275;PROD_24;5;4
ORD_2275;PROD_19;8;1
ORD_2276;PROD_44;6;5
ORD_2276;PROD_24;1;4
ORD_2276;PROD_4;9;2
ORD_2276;PROD_2;6;2
ORD_2276;PROD_36;2;2
ORD_2276;PROD_24;5;4
ORD_2276;PROD_5;6;3
ORD_2276;PROD_38;7;5
ORD_2276;PROD_19;5;1
ORD_2276;PROD_17;2;5
ORD_2276;PROD_36;8;3
ORD_2276;PROD_41;4;1
ORD_2276;PROD_32;2;2
ORD_2276;PROD_22;8;2
ORD_2277;PROD_11;1;4
ORD_2277;PROD_43;7;2
ORD_2277;PROD_15;8;1
ORD_2277;PROD_22;9;2
ORD_2277;PROD_46;3;4
ORD_2277;PROD_21;9;4
ORD_2277;PROD_5;3;1
ORD_2277;PROD_21;9;1
ORD_2278;PROD_17;9;5
ORD_2278;PROD_22;6;3
ORD_2278;PROD_21;1;1
ORD_2278;PROD_26;9;3
ORD_2278;PROD_42;2;4
ORD_2278;PROD_11;2;5
ORD_2278;PROD_20;8;1
ORD_2278;PROD_13;7;3
ORD_2279;PROD_43;6;1
ORD_2279;PROD_37;5;3
ORD_2279;PROD_48;3;1
ORD_2279;PROD_38;5;5
ORD_2279;PROD_14;8;5
ORD_2279;PROD_31;8;2
ORD_2279;PROD_20;4;2
ORD_2279;PROD_8;3;3
ORD_2279;PROD_24;9;5
ORD_2279;PROD_38;8;5
ORD_2280;PROD_21;6;5
ORD_2280;PROD_15;4;4
ORD_2280;PROD_1;9;3
ORD_2280;PROD_27;9;1
ORD_2280;PROD_24;5;4
ORD_2280;PROD_16;2;3
ORD_2280;PROD_32;9;5
ORD_2280;PROD_45;8;3
ORD_2280;PROD_31;5;1
ORD_2280;PROD_46;4;1
ORD_2281;PROD_18;1;3
ORD_2281;PROD_19;6;4
ORD_2281;PROD_45;8;4
ORD_2281;PROD_5;8;2
ORD_2281;PROD_12;7;3
ORD_2281;PROD_33;4;2
ORD_2281;PROD_29;4;5
ORD_2281;PROD_49;1;5
ORD_2281;PROD_25;4;3
ORD_2281;PROD_23;6;5
ORD_2281;PROD_49;3;3
ORD_2281;PROD_23;3;4
ORD_2281;PROD_9;8;5
ORD_2281;PROD_38;8;4
ORD_2282;PROD_15;3;3
ORD_2282;PROD_22;1;4
ORD_2282;PROD_3;9;4
ORD_2282;PROD_21;7;5
ORD_2282;PROD_12;6;3
ORD_2282;PROD_16;1;3
ORD_2282;PROD_31;6;4
ORD_2282;PROD_12;5;4
ORD_2282;PROD_50;8;4
ORD_2282;PROD_7;5;1
ORD_2282;PROD_11;7;3
ORD_2282;PROD_24;5;2
ORD_2282;PROD_42;6;3
ORD_2282;PROD_5;6;4
ORD_2282;PROD_32;3;4
ORD_2283;PROD_3;9;1
ORD_2283;PROD_21;9;2
ORD_2283;PROD_12;3;3
ORD_2283;PROD_16;5;4
ORD_2283;PROD_31;3;3
ORD_2283;PROD_3;8;4
ORD_2283;PROD_21;3;3
ORD_2283;PROD_12;9;2
ORD_2283;PROD_16;8;5
ORD_2283;PROD_31;2;2
ORD_2283;PROD_20;2;2
ORD_2283;PROD_18;6;2
ORD_2283;PROD_26;7;5
ORD_2284;PROD_46;1;4
ORD_2284;PROD_46;5;1
ORD_2284;PROD_43;9;2
ORD_2284;PROD_13;4;5
ORD_2284;PROD_46;6;3
ORD_2284;PROD_28;3;2
ORD_2284;PROD_30;9;4
ORD_2285;PROD_29;5;5
ORD_2285;PROD_3;6;4
ORD_2285;PROD_7;3;5
ORD_2285;PROD_46;8;3
ORD_2285;PROD_4;6;3
ORD_2285;PROD_22;8;2
ORD_2286;PROD_46;3;2
ORD_2286;PROD_12;9;1
ORD_2286;PROD_22;7;3
ORD_2286;PROD_2;2;1
ORD_2286;PROD_5;3;5
ORD_2286;PROD_25;9;2
ORD_2286;PROD_19;3;2
ORD_2286;PROD_38;1;5
ORD_2286;PROD_17;3;4
ORD_2286;PROD_49;5;1
ORD_2286;PROD_3;1;5
ORD_2286;PROD_43;4;5
ORD_2286;PROD_37;3;3
ORD_2286;PROD_31;4;5
ORD_2287;PROD_8;1;4
ORD_2287;PROD_37;7;5
ORD_2287;PROD_7;8;5
ORD_2287;PROD_41;8;3
ORD_2287;PROD_50;2;3
ORD_2287;PROD_10;3;2
ORD_2287;PROD_8;8;1
ORD_2287;PROD_18;7;5
ORD_2288;PROD_33;6;1
ORD_2288;PROD_38;6;1
ORD_2288;PROD_49;7;3
ORD_2288;PROD_19;9;3
ORD_2288;PROD_15;7;1
ORD_2289;PROD_15;4;5
ORD_2289;PROD_44;9;4
ORD_2289;PROD_36;8;2
ORD_2289;PROD_1;8;4
ORD_2289;PROD_36;2;2
ORD_2289;PROD_33;6;4
ORD_2289;PROD_25;5;1
ORD_2289;PROD_47;8;1
ORD_2289;PROD_5;3;1
ORD_2289;PROD_42;6;1
ORD_2289;PROD_34;2;3
ORD_2289;PROD_38;3;2
ORD_2289;PROD_41;2;5
ORD_2290;PROD_34;2;5
ORD_2290;PROD_11;4;4
ORD_2290;PROD_46;6;2
ORD_2290;PROD_10;6;5
ORD_2290;PROD_7;5;2
ORD_2290;PROD_40;5;4
ORD_2290;PROD_14;3;4
ORD_2290;PROD_32;2;1
ORD_2290;PROD_39;7;1
ORD_2290;PROD_7;6;5
ORD_2290;PROD_41;5;5
ORD_2290;PROD_12;9;4
ORD_2291;PROD_3;7;2
ORD_2291;PROD_21;1;1
ORD_2291;PROD_12;6;2
ORD_2291;PROD_16;9;4
ORD_2291;PROD_31;9;1
ORD_2291;PROD_36;5;3
ORD_2291;PROD_33;6;5
ORD_2291;PROD_31;4;1
ORD_2291;PROD_2;3;4
ORD_2291;PROD_4;6;5
ORD_2291;PROD_25;4;5
ORD_2291;PROD_14;1;3
ORD_2292;PROD_33;9;2
ORD_2292;PROD_38;2;1
ORD_2292;PROD_49;3;5
ORD_2292;PROD_19;6;4
ORD_2292;PROD_15;8;5
ORD_2292;PROD_15;8;2
ORD_2292;PROD_22;2;5
ORD_2292;PROD_5;4;2
ORD_2292;PROD_19;3;5
ORD_2292;PROD_20;3;2
ORD_2292;PROD_28;5;3
ORD_2292;PROD_37;8;5
ORD_2293;PROD_15;2;3
ORD_2293;PROD_22;7;3
ORD_2293;PROD_10;2;3
ORD_2293;PROD_42;3;4
ORD_2293;PROD_48;5;4
ORD_2293;PROD_8;5;3
ORD_2293;PROD_36;7;1
ORD_2293;PROD_26;9;5
ORD_2293;PROD_26;4;3
ORD_2293;PROD_14;2;4
ORD_2293;PROD_41;5;4
ORD_2293;PROD_48;3;3
ORD_2293;PROD_29;5;4
ORD_2293;PROD_14;1;2
ORD_2293;PROD_5;6;4
ORD_2294;PROD_33;5;5
ORD_2294;PROD_38;7;3
ORD_2294;PROD_49;3;4
ORD_2294;PROD_19;7;1
ORD_2294;PROD_15;7;5
ORD_2294;PROD_41;1;4
ORD_2294;PROD_29;1;3
ORD_2294;PROD_3;4;1
ORD_2295;PROD_7;4;2
ORD_2295;PROD_19;5;5
ORD_2295;PROD_34;2;4
ORD_2295;PROD_28;8;2
ORD_2295;PROD_11;1;4
ORD_2295;PROD_40;5;4
ORD_2295;PROD_21;7;1
ORD_2296;PROD_15;4;5
ORD_2296;PROD_44;5;4
ORD_2296;PROD_36;2;3
ORD_2296;PROD_1;9;5
ORD_2296;PROD_15;6;1
ORD_2296;PROD_44;5;4
ORD_2296;PROD_36;8;3
ORD_2296;PROD_1;6;5
ORD_2296;PROD_32;5;5
ORD_2297;PROD_14;9;3
ORD_2297;PROD_45;8;1
ORD_2297;PROD_25;1;5
ORD_2297;PROD_37;6;4
ORD_2297;PROD_18;3;2
ORD_2297;PROD_8;6;5
ORD_2297;PROD_42;7;2
ORD_2297;PROD_35;5;2
ORD_2297;PROD_18;6;3
ORD_2297;PROD_22;2;3
ORD_2297;PROD_47;8;3
ORD_2297;PROD_19;5;2
ORD_2298;PROD_34;4;3
ORD_2298;PROD_47;3;1
ORD_2298;PROD_43;3;1
ORD_2298;PROD_40;9;5
ORD_2298;PROD_2;9;2
ORD_2298;PROD_13;4;2
ORD_2298;PROD_6;2;4
ORD_2298;PROD_38;3;5
ORD_2298;PROD_15;8;4
ORD_2298;PROD_29;3;1
ORD_2298;PROD_37;7;3
ORD_2298;PROD_17;3;1
ORD_2298;PROD_36;2;1
ORD_2299;PROD_17;9;1
ORD_2299;PROD_35;9;3
ORD_2299;PROD_39;6;5
ORD_2299;PROD_6;2;5
ORD_2299;PROD_32;4;4
ORD_2299;PROD_27;1;1
ORD_2299;PROD_36;5;5
ORD_2299;PROD_18;1;4
ORD_2300;PROD_11;7;4
ORD_2300;PROD_43;6;2
ORD_2300;PROD_7;9;4
ORD_2300;PROD_42;2;5
ORD_2300;PROD_20;1;5
ORD_2300;PROD_41;4;1
ORD_2300;PROD_5;8;5
ORD_2300;PROD_27;5;3
ORD_2301;PROD_12;9;1
ORD_2301;PROD_50;5;3
ORD_2301;PROD_7;2;5
ORD_2301;PROD_11;1;5
ORD_2301;PROD_36;8;5
ORD_2301;PROD_33;6;2
ORD_2301;PROD_15;4;4
ORD_2301;PROD_22;9;4
ORD_2301;PROD_42;6;1
ORD_2301;PROD_16;4;2
ORD_2301;PROD_45;4;4
ORD_2301;PROD_22;7;4
ORD_2301;PROD_47;2;2
ORD_2302;PROD_15;9;2
ORD_2302;PROD_22;2;2
ORD_2302;PROD_37;9;4
ORD_2302;PROD_23;3;1
ORD_2302;PROD_2;4;2
ORD_2302;PROD_9;9;4
ORD_2302;PROD_50;5;2
ORD_2302;PROD_22;2;2
ORD_2302;PROD_24;6;5
ORD_2302;PROD_31;6;4
ORD_2302;PROD_24;3;4
ORD_2302;PROD_47;2;2
ORD_2302;PROD_8;5;4
ORD_2302;PROD_2;5;3
ORD_2302;PROD_5;6;2
ORD_2303;PROD_5;1;4
ORD_2303;PROD_30;2;2
ORD_2303;PROD_21;3;5
ORD_2303;PROD_26;8;1
ORD_2303;PROD_11;7;3
ORD_2303;PROD_50;4;2
ORD_2303;PROD_10;9;1
ORD_2303;PROD_50;2;3
ORD_2303;PROD_42;3;1
ORD_2303;PROD_23;5;4
ORD_2303;PROD_12;8;3
ORD_2304;PROD_12;3;1
ORD_2304;PROD_50;6;5
ORD_2304;PROD_7;4;2
ORD_2304;PROD_11;6;2
ORD_2304;PROD_36;7;3
ORD_2304;PROD_33;1;4
ORD_2304;PROD_16;6;1
ORD_2304;PROD_24;8;3
ORD_2304;PROD_15;9;5
ORD_2304;PROD_25;6;3
ORD_2304;PROD_29;7;4
ORD_2304;PROD_39;7;4
ORD_2304;PROD_40;6;5
ORD_2304;PROD_28;7;5
ORD_2304;PROD_26;8;2
ORD_2305;PROD_15;8;1
ORD_2305;PROD_44;5;5
ORD_2305;PROD_36;6;1
ORD_2305;PROD_1;8;2
ORD_2305;PROD_11;2;4
ORD_2305;PROD_43;3;3
ORD_2305;PROD_15;6;5
ORD_2305;PROD_44;9;3
ORD_2305;PROD_36;1;3
ORD_2305;PROD_1;8;2
ORD_2306;PROD_33;9;5
ORD_2306;PROD_38;6;1
ORD_2306;PROD_49;1;4
ORD_2306;PROD_19;5;4
ORD_2306;PROD_15;4;4
ORD_2306;PROD_12;1;4
ORD_2306;PROD_50;4;4
ORD_2306;PROD_7;2;2
ORD_2306;PROD_11;2;3
ORD_2306;PROD_30;8;4
ORD_2306;PROD_33;5;4
ORD_2307;PROD_3;9;5
ORD_2307;PROD_21;7;5
ORD_2307;PROD_12;3;2
ORD_2307;PROD_16;9;4
ORD_2307;PROD_31;4;3
ORD_2307;PROD_15;4;3
ORD_2307;PROD_44;6;2
ORD_2307;PROD_36;6;2
ORD_2307;PROD_1;2;1
ORD_2307;PROD_13;3;4
ORD_2307;PROD_39;5;2
ORD_2307;PROD_12;5;4
ORD_2308;PROD_11;2;5
ORD_2308;PROD_43;7;4
ORD_2308;PROD_15;5;2
ORD_2308;PROD_44;9;4
ORD_2308;PROD_36;5;3
ORD_2308;PROD_1;5;3
ORD_2308;PROD_10;9;3
ORD_2308;PROD_14;6;5
ORD_2308;PROD_39;7;2
ORD_2308;PROD_49;1;3
ORD_2309;PROD_12;4;1
ORD_2309;PROD_50;9;3
ORD_2309;PROD_7;9;5
ORD_2309;PROD_11;2;4
ORD_2309;PROD_37;4;3
ORD_2309;PROD_44;1;2
ORD_2309;PROD_14;9;3
ORD_2309;PROD_37;5;5
ORD_2309;PROD_7;4;5
ORD_2309;PROD_18;4;3
ORD_2309;PROD_38;1;4
ORD_2309;PROD_47;6;4
ORD_2309;PROD_33;3;4
ORD_2309;PROD_24;3;2
ORD_2310;PROD_33;1;1
ORD_2310;PROD_38;8;2
ORD_2310;PROD_49;6;5
ORD_2310;PROD_19;6;5
ORD_2310;PROD_15;5;1
ORD_2310;PROD_15;8;3
ORD_2310;PROD_22;2;2
ORD_2310;PROD_23;3;3
ORD_2310;PROD_35;1;2
ORD_2310;PROD_7;3;5
ORD_2310;PROD_15;4;3
ORD_2310;PROD_18;8;1
ORD_2310;PROD_42;1;2
ORD_2311;PROD_36;9;3
ORD_2311;PROD_37;6;4
ORD_2311;PROD_7;8;4
ORD_2311;PROD_18;6;4
ORD_2311;PROD_33;4;3
ORD_2311;PROD_23;4;1
ORD_2311;PROD_1;1;5
ORD_2312;PROD_3;1;1
ORD_2312;PROD_21;4;3
ORD_2312;PROD_12;5;3
ORD_2312;PROD_16;4;5
ORD_2312;PROD_31;7;2
ORD_2312;PROD_15;9;4
ORD_2312;PROD_22;6;4
ORD_2312;PROD_15;5;1
ORD_2312;PROD_44;4;5
ORD_2312;PROD_36;6;3
ORD_2312;PROD_1;4;4
ORD_2312;PROD_16;3;2
ORD_2312;PROD_50;2;4
ORD_2312;PROD_13;6;4
ORD_2313;PROD_42;7;5
ORD_2313;PROD_17;5;1
ORD_2313;PROD_29;7;2
ORD_2313;PROD_27;1;1
ORD_2313;PROD_46;8;4
ORD_2313;PROD_38;3;5
ORD_2313;PROD_32;7;1
ORD_2313;PROD_6;2;5
ORD_2313;PROD_45;8;3
ORD_2313;PROD_37;2;1
ORD_2313;PROD_11;8;3
ORD_2314;PROD_22;1;1
ORD_2314;PROD_34;4;4
ORD_2314;PROD_22;2;3
ORD_2314;PROD_21;3;1
ORD_2314;PROD_36;5;1
ORD_2314;PROD_39;5;2
ORD_2314;PROD_38;2;5
ORD_2315;PROD_15;4;4
ORD_2315;PROD_22;5;5
ORD_2315;PROD_33;8;1
ORD_2315;PROD_38;5;4
ORD_2315;PROD_49;7;5
ORD_2316;PROD_22;2;2
ORD_2316;PROD_29;8;2
ORD_2316;PROD_37;4;3
ORD_2316;PROD_21;6;1
ORD_2316;PROD_33;7;5
ORD_2316;PROD_36;1;3
ORD_2316;PROD_29;4;3
ORD_2316;PROD_34;9;3
ORD_2316;PROD_10;2;1
ORD_2317;PROD_37;9;5
ORD_2317;PROD_24;6;2
ORD_2317;PROD_15;8;4
ORD_2317;PROD_9;1;5
ORD_2317;PROD_19;6;2
ORD_2317;PROD_24;9;2
ORD_2317;PROD_24;2;1
ORD_2318;PROD_47;2;2
ORD_2318;PROD_8;6;3
ORD_2318;PROD_48;7;3
ORD_2318;PROD_15;5;1
ORD_2318;PROD_44;2;1
ORD_2318;PROD_46;3;1
ORD_2318;PROD_12;4;4
ORD_2318;PROD_15;9;5
ORD_2318;PROD_48;8;5
ORD_2318;PROD_28;6;2
ORD_2319;PROD_30;7;3
ORD_2319;PROD_37;7;5
ORD_2319;PROD_3;5;1
ORD_2319;PROD_31;3;2
ORD_2319;PROD_46;3;1
ORD_2319;PROD_42;3;3
ORD_2319;PROD_20;5;3
ORD_2319;PROD_8;8;1
ORD_2319;PROD_3;6;3
ORD_2319;PROD_22;6;2
ORD_2319;PROD_30;1;3
ORD_2319;PROD_49;3;2
ORD_2319;PROD_26;4;2
ORD_2319;PROD_46;3;4
ORD_2320;PROD_36;1;4
ORD_2320;PROD_33;2;5
ORD_2320;PROD_11;1;2
ORD_2320;PROD_43;7;2
ORD_2320;PROD_12;8;3
ORD_2320;PROD_50;1;4
ORD_2320;PROD_7;9;1
ORD_2320;PROD_11;2;2
ORD_2320;PROD_47;7;5
ORD_2320;PROD_45;3;3
ORD_2320;PROD_35;1;5
ORD_2320;PROD_11;3;5
ORD_2320;PROD_41;6;2
ORD_2320;PROD_20;9;3
ORD_2320;PROD_48;6;1
ORD_2321;PROD_18;7;4
ORD_2321;PROD_25;3;1
ORD_2321;PROD_45;2;4
ORD_2321;PROD_2;8;1
ORD_2321;PROD_44;4;1
ORD_2321;PROD_25;8;4
ORD_2321;PROD_8;9;1
ORD_2321;PROD_27;9;1
ORD_2321;PROD_36;2;1
ORD_2321;PROD_40;6;3
ORD_2321;PROD_8;4;4
ORD_2321;PROD_17;8;1
ORD_2321;PROD_10;9;5
ORD_2321;PROD_44;2;2
ORD_2321;PROD_49;3;2
ORD_2322;PROD_11;8;5
ORD_2322;PROD_43;9;5
ORD_2322;PROD_33;7;3
ORD_2322;PROD_38;5;3
ORD_2322;PROD_49;5;5
ORD_2322;PROD_19;4;1
ORD_2322;PROD_15;8;4
ORD_2322;PROD_15;1;4
ORD_2322;PROD_22;6;5
ORD_2323;PROD_12;5;5
ORD_2323;PROD_50;9;3
ORD_2323;PROD_7;3;2
ORD_2323;PROD_11;4;1
ORD_2323;PROD_36;5;4
ORD_2323;PROD_33;6;1
ORD_2323;PROD_12;8;2
ORD_2323;PROD_50;2;2
ORD_2323;PROD_7;3;2
ORD_2324;PROD_3;3;4
ORD_2324;PROD_21;9;4
ORD_2324;PROD_12;1;5
ORD_2324;PROD_16;9;3
ORD_2324;PROD_31;8;4
ORD_2324;PROD_12;1;5
ORD_2324;PROD_50;8;3
ORD_2324;PROD_7;2;5
ORD_2324;PROD_11;9;2
ORD_2325;PROD_33;8;5
ORD_2325;PROD_38;1;2
ORD_2325;PROD_49;4;2
ORD_2325;PROD_19;5;2
ORD_2325;PROD_15;2;3
ORD_2325;PROD_33;4;1
ORD_2325;PROD_38;1;2
ORD_2325;PROD_49;3;1
ORD_2325;PROD_19;7;3
ORD_2325;PROD_15;3;2
ORD_2325;PROD_36;9;2
ORD_2325;PROD_33;9;5
ORD_2325;PROD_17;6;1
ORD_2326;PROD_45;5;3
ORD_2326;PROD_9;5;5
ORD_2326;PROD_38;5;5
ORD_2326;PROD_12;1;2
ORD_2326;PROD_26;6;1
ORD_2326;PROD_40;7;2
ORD_2326;PROD_40;1;1
ORD_2326;PROD_43;4;1
ORD_2326;PROD_16;4;2
ORD_2326;PROD_45;9;2
ORD_2326;PROD_33;2;4
ORD_2326;PROD_45;8;5
ORD_2326;PROD_38;2;4
ORD_2326;PROD_9;5;2
ORD_2326;PROD_40;2;1
ORD_2327;PROD_15;6;3
ORD_2327;PROD_22;7;4
ORD_2327;PROD_12;4;3
ORD_2327;PROD_50;3;3
ORD_2327;PROD_7;3;3
ORD_2327;PROD_11;2;2
ORD_2327;PROD_4;4;4
ORD_2327;PROD_12;1;4
ORD_2327;PROD_12;6;2
ORD_2327;PROD_37;1;2
ORD_2327;PROD_29;2;5
ORD_2327;PROD_31;3;5
ORD_2328;PROD_37;7;1
ORD_2328;PROD_16;4;2
ORD_2328;PROD_43;8;2
ORD_2328;PROD_30;3;2
ORD_2328;PROD_20;3;2
ORD_2328;PROD_45;1;5
ORD_2328;PROD_45;4;3
ORD_2328;PROD_18;3;3
ORD_2328;PROD_44;2;3
ORD_2328;PROD_22;7;5
ORD_2328;PROD_3;9;4
ORD_2328;PROD_20;3;2
ORD_2329;PROD_36;1;1
ORD_2329;PROD_25;7;2
ORD_2329;PROD_28;5;2
ORD_2329;PROD_25;2;3
ORD_2329;PROD_1;7;3
ORD_2329;PROD_33;7;1
ORD_2329;PROD_24;8;3
ORD_2329;PROD_3;1;1
ORD_2329;PROD_30;8;2
ORD_2329;PROD_3;4;2
ORD_2329;PROD_33;3;3
ORD_2330;PROD_12;7;4
ORD_2330;PROD_50;7;5
ORD_2330;PROD_7;8;3
ORD_2330;PROD_11;7;5
ORD_2330;PROD_11;6;2
ORD_2330;PROD_43;4;5
ORD_2330;PROD_15;8;4
ORD_2330;PROD_44;5;1
ORD_2330;PROD_36;6;5
ORD_2330;PROD_1;1;4
ORD_2330;PROD_43;8;2
ORD_2330;PROD_7;7;5
ORD_2330;PROD_14;3;5
ORD_2330;PROD_12;7;5
ORD_2330;PROD_41;9;5
ORD_2331;PROD_15;1;3
ORD_2331;PROD_44;3;3
ORD_2331;PROD_36;2;1
ORD_2331;PROD_1;6;2
ORD_2331;PROD_36;1;4
ORD_2331;PROD_33;7;4
ORD_2331;PROD_6;2;4
ORD_2331;PROD_3;8;5
ORD_2331;PROD_3;3;2
ORD_2332;PROD_15;1;2
ORD_2332;PROD_22;2;1
ORD_2332;PROD_3;4;5
ORD_2332;PROD_21;5;5
ORD_2332;PROD_12;3;1
ORD_2333;PROD_1;7;1
ORD_2333;PROD_13;4;5
ORD_2333;PROD_8;4;3
ORD_2333;PROD_44;7;4
ORD_2333;PROD_21;6;2
ORD_2333;PROD_10;9;1
ORD_2333;PROD_1;2;2
ORD_2333;PROD_38;4;4
ORD_2333;PROD_41;6;3
ORD_2333;PROD_30;5;5
ORD_2333;PROD_15;5;5
ORD_2333;PROD_35;4;2
ORD_2334;PROD_3;9;4
ORD_2334;PROD_21;4;2
ORD_2334;PROD_12;5;4
ORD_2334;PROD_16;1;4
ORD_2334;PROD_31;2;2
ORD_2334;PROD_33;2;2
ORD_2334;PROD_38;7;3
ORD_2334;PROD_49;3;4
ORD_2334;PROD_19;9;2
ORD_2334;PROD_15;3;3
ORD_2334;PROD_36;2;3
ORD_2334;PROD_33;7;3
ORD_2335;PROD_9;4;3
ORD_2335;PROD_4;7;3
ORD_2335;PROD_27;6;5
ORD_2335;PROD_45;4;3
ORD_2335;PROD_1;5;5
ORD_2335;PROD_28;3;2
ORD_2335;PROD_30;2;1
ORD_2335;PROD_15;6;3
ORD_2335;PROD_26;3;2
ORD_2335;PROD_23;1;5
ORD_2335;PROD_43;1;3
ORD_2335;PROD_16;9;4
ORD_2335;PROD_34;2;2
ORD_2335;PROD_46;6;3
ORD_2336;PROD_3;3;3
ORD_2336;PROD_21;2;5
ORD_2336;PROD_12;7;1
ORD_2336;PROD_16;6;3
ORD_2336;PROD_31;6;3
ORD_2336;PROD_3;7;2
ORD_2337;PROD_2;8;3
ORD_2337;PROD_43;1;3
ORD_2337;PROD_27;9;1
ORD_2337;PROD_34;6;2
ORD_2337;PROD_31;4;2
ORD_2337;PROD_44;9;4
ORD_2337;PROD_34;4;1
ORD_2337;PROD_4;9;2
ORD_2337;PROD_34;7;5
ORD_2337;PROD_36;3;1
ORD_2337;PROD_5;1;5
ORD_2337;PROD_24;6;1
ORD_2337;PROD_47;6;2
ORD_2338;PROD_41;4;2
ORD_2338;PROD_37;4;1
ORD_2338;PROD_6;7;1
ORD_2338;PROD_40;3;4
ORD_2338;PROD_27;3;1
ORD_2338;PROD_45;8;3
ORD_2338;PROD_49;5;3
ORD_2338;PROD_40;3;4
ORD_2338;PROD_30;4;3
ORD_2338;PROD_1;7;2
ORD_2339;PROD_46;7;2
ORD_2339;PROD_2;5;1
ORD_2339;PROD_9;3;1
ORD_2339;PROD_11;7;3
ORD_2339;PROD_40;9;5
ORD_2339;PROD_31;4;3
ORD_2339;PROD_16;4;2
ORD_2339;PROD_3;2;4
ORD_2339;PROD_10;4;2
ORD_2339;PROD_27;7;2
ORD_2339;PROD_15;3;5
ORD_2339;PROD_25;3;2
ORD_2340;PROD_12;9;2
ORD_2340;PROD_50;8;5
ORD_2340;PROD_7;7;5
ORD_2340;PROD_11;2;3
ORD_2340;PROD_3;3;4
ORD_2340;PROD_21;4;2
ORD_2340;PROD_12;1;5
ORD_2340;PROD_16;7;4
ORD_2340;PROD_31;3;1
ORD_2340;PROD_35;1;4
ORD_2340;PROD_18;4;3
ORD_2340;PROD_25;6;3
ORD_2341;PROD_42;6;1
ORD_2341;PROD_5;1;3
ORD_2341;PROD_35;1;4
ORD_2341;PROD_25;7;1
ORD_2341;PROD_45;8;4
ORD_2341;PROD_24;2;3
ORD_2341;PROD_7;7;1
ORD_2341;PROD_23;1;1
ORD_2341;PROD_26;8;4
ORD_2341;PROD_21;5;2
ORD_2341;PROD_6;4;5
ORD_2341;PROD_29;6;4
ORD_2342;PROD_37;3;4
ORD_2342;PROD_14;4;5
ORD_2342;PROD_7;1;1
ORD_2342;PROD_48;6;1
ORD_2342;PROD_6;4;4
ORD_2342;PROD_34;9;2
ORD_2342;PROD_6;2;2
ORD_2343;PROD_15;8;2
ORD_2343;PROD_22;8;2
ORD_2343;PROD_11;9;1
ORD_2343;PROD_43;1;2
ORD_2343;PROD_11;6;2
ORD_2343;PROD_43;8;4
ORD_2343;PROD_20;9;5
ORD_2343;PROD_7;1;2
ORD_2343;PROD_47;4;3
ORD_2343;PROD_21;4;4
ORD_2343;PROD_9;8;4
ORD_2344;PROD_15;2;3
ORD_2344;PROD_22;3;4
ORD_2344;PROD_11;3;4
ORD_2344;PROD_43;9;2
ORD_2344;PROD_25;5;5
ORD_2344;PROD_18;5;3
ORD_2344;PROD_44;4;4
ORD_2344;PROD_27;8;5
ORD_2344;PROD_44;9;3
ORD_2345;PROD_3;1;2
ORD_2345;PROD_21;7;3
ORD_2345;PROD_12;6;3
ORD_2345;PROD_16;1;1
ORD_2345;PROD_31;5;5
ORD_2345;PROD_3;5;1
ORD_2345;PROD_21;9;5
ORD_2345;PROD_12;6;3
ORD_2345;PROD_16;7;4
ORD_2345;PROD_31;8;3
ORD_2345;PROD_15;1;1
ORD_2345;PROD_22;8;2
ORD_2346;PROD_15;5;1
ORD_2346;PROD_22;2;3
ORD_2346;PROD_15;7;5
ORD_2346;PROD_44;3;5
ORD_2346;PROD_36;1;4
ORD_2346;PROD_1;6;3
ORD_2346;PROD_14;3;2
ORD_2346;PROD_2;1;5
ORD_2346;PROD_15;9;3
ORD_2346;PROD_16;6;4
ORD_2346;PROD_31;9;3
ORD_2346;PROD_23;7;3
ORD_2346;PROD_13;2;4
ORD_2346;PROD_31;7;1
ORD_2347;PROD_1;1;3
ORD_2347;PROD_15;1;1
ORD_2347;PROD_8;5;5
ORD_2347;PROD_15;1;4
ORD_2347;PROD_9;2;1
ORD_2347;PROD_46;3;5
ORD_2347;PROD_41;1;4
ORD_2347;PROD_46;4;2
ORD_2347;PROD_21;5;4
ORD_2347;PROD_33;3;1
ORD_2347;PROD_30;8;5
ORD_2347;PROD_3;6;4
ORD_2347;PROD_23;1;4
ORD_2347;PROD_35;6;1
ORD_2347;PROD_15;8;3
ORD_2348;PROD_14;8;2
ORD_2348;PROD_16;2;3
ORD_2348;PROD_30;3;2
ORD_2348;PROD_23;7;4
ORD_2348;PROD_7;2;2
ORD_2348;PROD_32;5;5
ORD_2348;PROD_20;6;2
ORD_2349;PROD_15;6;5
ORD_2349;PROD_22;8;3
ORD_2349;PROD_15;2;5
ORD_2349;PROD_44;5;1
ORD_2349;PROD_36;5;5
ORD_2349;PROD_1;8;3
ORD_2349;PROD_35;9;2
ORD_2349;PROD_29;1;2
ORD_2349;PROD_17;4;2
ORD_2349;PROD_39;9;5
ORD_2349;PROD_30;3;1
ORD_2350;PROD_36;3;3
ORD_2350;PROD_33;4;1
ORD_2350;PROD_32;2;2
ORD_2350;PROD_38;5;1
ORD_2350;PROD_8;1;2
ORD_2350;PROD_24;5;4
ORD_2350;PROD_47;7;1
ORD_2350;PROD_32;1;2
ORD_2350;PROD_13;1;4
ORD_2350;PROD_11;5;1
ORD_2350;PROD_37;1;3
ORD_2350;PROD_8;6;2
ORD_2350;PROD_41;8;3
ORD_2350;PROD_50;3;4
ORD_2350;PROD_28;5;1
ORD_2351;PROD_15;9;3
ORD_2351;PROD_22;5;2
ORD_2351;PROD_12;1;4
ORD_2351;PROD_5;1;2
ORD_2351;PROD_26;9;5
ORD_2351;PROD_42;5;3
ORD_2351;PROD_14;3;4
ORD_2351;PROD_14;4;1
ORD_2351;PROD_1;6;1
ORD_2352;PROD_23;9;5
ORD_2352;PROD_33;6;4
ORD_2352;PROD_29;1;3
ORD_2352;PROD_26;5;3
ORD_2352;PROD_2;1;4
ORD_2352;PROD_35;1;2
ORD_2352;PROD_50;7;2
ORD_2352;PROD_38;1;1
ORD_2352;PROD_2;7;3
ORD_2352;PROD_4;1;4
ORD_2352;PROD_46;8;2
ORD_2352;PROD_15;8;4
ORD_2352;PROD_9;8;5
ORD_2352;PROD_41;2;1
ORD_2353;PROD_36;3;2
ORD_2353;PROD_33;1;1
ORD_2353;PROD_15;4;4
ORD_2353;PROD_22;6;3
ORD_2353;PROD_3;4;5
ORD_2353;PROD_21;1;1
ORD_2353;PROD_12;2;2
ORD_2353;PROD_16;3;5
ORD_2353;PROD_31;4;2
ORD_2353;PROD_7;1;5
ORD_2353;PROD_28;2;4
ORD_2354;PROD_33;2;3
ORD_2354;PROD_38;1;1
ORD_2354;PROD_49;2;2
ORD_2354;PROD_19;8;1
ORD_2354;PROD_15;9;5
ORD_2354;PROD_11;1;2
ORD_2355;PROD_44;8;2
ORD_2355;PROD_36;7;3
ORD_2355;PROD_39;8;4
ORD_2355;PROD_19;5;3
ORD_2355;PROD_38;7;2
ORD_2355;PROD_25;6;2
ORD_2355;PROD_33;7;3
ORD_2355;PROD_24;4;2
ORD_2355;PROD_17;4;4
ORD_2355;PROD_19;2;1
ORD_2355;PROD_12;2;2
ORD_2355;PROD_14;3;2
ORD_2356;PROD_41;3;5
ORD_2356;PROD_24;1;1
ORD_2356;PROD_35;5;5
ORD_2356;PROD_9;8;4
ORD_2356;PROD_29;5;1
ORD_2356;PROD_41;1;2
ORD_2356;PROD_30;5;3
ORD_2356;PROD_29;7;4
ORD_2356;PROD_20;5;4
ORD_2356;PROD_17;4;2
ORD_2356;PROD_37;8;3
ORD_2356;PROD_33;5;5
ORD_2356;PROD_19;3;4
ORD_2357;PROD_33;9;2
ORD_2357;PROD_38;8;2
ORD_2357;PROD_49;9;5
ORD_2357;PROD_19;6;3
ORD_2357;PROD_15;6;5
ORD_2357;PROD_15;8;5
ORD_2357;PROD_22;4;1
ORD_2357;PROD_25;4;5
ORD_2357;PROD_39;8;1
ORD_2357;PROD_40;3;1
ORD_2357;PROD_39;8;2
ORD_2357;PROD_48;3;1
ORD_2358;PROD_17;2;5
ORD_2358;PROD_25;6;5
ORD_2358;PROD_45;1;2
ORD_2358;PROD_44;6;5
ORD_2358;PROD_25;2;1
ORD_2358;PROD_47;2;4
ORD_2358;PROD_42;6;4
ORD_2358;PROD_10;4;5
ORD_2358;PROD_10;3;5
ORD_2358;PROD_42;2;5
ORD_2358;PROD_45;8;3
ORD_2358;PROD_26;3;5
ORD_2358;PROD_42;2;3
ORD_2358;PROD_35;9;3
ORD_2358;PROD_35;1;3
ORD_2359;PROD_37;5;5
ORD_2359;PROD_38;9;5
ORD_2359;PROD_13;5;4
ORD_2359;PROD_48;7;4
ORD_2359;PROD_43;1;5
ORD_2359;PROD_45;2;4
ORD_2359;PROD_20;8;2
ORD_2360;PROD_50;8;3
ORD_2360;PROD_19;2;2
ORD_2360;PROD_8;3;3
ORD_2360;PROD_7;2;4
ORD_2360;PROD_6;3;1
ORD_2361;PROD_39;5;3
ORD_2361;PROD_26;9;5
ORD_2361;PROD_6;7;2
ORD_2361;PROD_22;2;3
ORD_2361;PROD_28;6;3
ORD_2361;PROD_45;5;2
ORD_2361;PROD_21;1;3
ORD_2361;PROD_14;8;2
ORD_2361;PROD_2;7;1
ORD_2361;PROD_14;9;4
ORD_2361;PROD_39;2;3
ORD_2362;PROD_36;9;5
ORD_2362;PROD_9;4;5
ORD_2362;PROD_2;3;5
ORD_2362;PROD_25;5;5
ORD_2362;PROD_43;2;4
ORD_2362;PROD_29;2;3
ORD_2362;PROD_5;8;2
ORD_2362;PROD_5;7;2
ORD_2363;PROD_36;6;3
ORD_2363;PROD_33;7;2
ORD_2363;PROD_36;3;2
ORD_2363;PROD_33;3;5
ORD_2363;PROD_1;3;5
ORD_2363;PROD_50;2;4
ORD_2363;PROD_9;1;4
ORD_2363;PROD_50;6;2
ORD_2364;PROD_33;7;3
ORD_2364;PROD_40;9;1
ORD_2364;PROD_2;6;2
ORD_2364;PROD_37;4;1
ORD_2364;PROD_22;9;5
ORD_2364;PROD_46;6;4
ORD_2364;PROD_22;6;4
ORD_2364;PROD_10;8;3
ORD_2364;PROD_33;7;3
ORD_2364;PROD_40;9;3
ORD_2365;PROD_6;1;5
ORD_2365;PROD_32;1;4
ORD_2365;PROD_5;2;3
ORD_2365;PROD_14;3;3
ORD_2365;PROD_37;6;5
ORD_2365;PROD_38;2;2
ORD_2365;PROD_10;2;1
ORD_2365;PROD_43;6;4
ORD_2365;PROD_41;5;4
ORD_2366;PROD_36;9;2
ORD_2366;PROD_33;3;5
ORD_2366;PROD_3;3;1
ORD_2366;PROD_21;8;1
ORD_2366;PROD_12;4;4
ORD_2367;PROD_11;3;4
ORD_2367;PROD_43;1;5
ORD_2367;PROD_15;2;4
ORD_2367;PROD_22;3;1
ORD_2367;PROD_15;9;2
ORD_2368;PROD_22;6;4
ORD_2368;PROD_7;6;1
ORD_2368;PROD_23;7;3
ORD_2368;PROD_2;9;1
ORD_2368;PROD_3;4;4
ORD_2368;PROD_27;4;5
ORD_2368;PROD_8;1;3
ORD_2369;PROD_11;4;2
ORD_2369;PROD_43;2;4
ORD_2369;PROD_50;7;3
ORD_2369;PROD_4;4;1
ORD_2369;PROD_7;6;1
ORD_2369;PROD_32;3;2
ORD_2369;PROD_14;3;2
ORD_2369;PROD_49;5;5
ORD_2369;PROD_4;8;2
ORD_2369;PROD_11;5;1
ORD_2369;PROD_46;6;4
ORD_2369;PROD_42;4;4
ORD_2369;PROD_21;4;3
ORD_2370;PROD_5;2;3
ORD_2370;PROD_6;9;2
ORD_2370;PROD_24;8;5
ORD_2370;PROD_30;5;2
ORD_2370;PROD_40;9;4
ORD_2370;PROD_35;8;3
ORD_2370;PROD_39;4;4
ORD_2370;PROD_42;4;1
ORD_2370;PROD_38;7;2
ORD_2370;PROD_9;7;3
ORD_2370;PROD_28;6;3
ORD_2370;PROD_41;1;4
ORD_2371;PROD_15;3;3
ORD_2371;PROD_44;4;3
ORD_2371;PROD_36;6;2
ORD_2371;PROD_1;9;5
ORD_2371;PROD_15;4;3
ORD_2371;PROD_44;5;3
ORD_2371;PROD_36;2;1
ORD_2371;PROD_1;7;5
ORD_2371;PROD_36;6;4
ORD_2371;PROD_33;3;1
ORD_2371;PROD_12;5;1
ORD_2371;PROD_10;9;4
ORD_2372;PROD_11;4;2
ORD_2372;PROD_43;3;2
ORD_2372;PROD_33;4;3
ORD_2372;PROD_38;2;1
ORD_2372;PROD_49;8;4
ORD_2372;PROD_19;4;1
ORD_2372;PROD_15;9;4
ORD_2373;PROD_15;5;4
ORD_2373;PROD_22;6;2
ORD_2373;PROD_12;8;1
ORD_2373;PROD_50;7;2
ORD_2373;PROD_7;8;5
ORD_2373;PROD_11;8;1
ORD_2373;PROD_12;8;3
ORD_2373;PROD_50;9;2
ORD_2373;PROD_7;5;1
ORD_2373;PROD_11;1;1
ORD_2373;PROD_49;8;5
ORD_2374;PROD_36;2;3
ORD_2374;PROD_33;6;3
ORD_2374;PROD_15;4;3
ORD_2374;PROD_34;4;1
ORD_2374;PROD_40;8;4
ORD_2374;PROD_5;7;5
ORD_2374;PROD_44;6;4
ORD_2374;PROD_24;5;5
ORD_2374;PROD_50;3;3
ORD_2374;PROD_24;7;3
ORD_2374;PROD_34;2;1
ORD_2374;PROD_24;4;5
ORD_2374;PROD_10;6;2
ORD_2374;PROD_4;4;4
ORD_2374;PROD_14;3;2
ORD_2375;PROD_38;8;2
ORD_2375;PROD_23;9;2
ORD_2375;PROD_35;3;2
ORD_2375;PROD_22;5;3
ORD_2375;PROD_5;9;1
ORD_2375;PROD_47;5;1
ORD_2375;PROD_24;6;1
ORD_2375;PROD_20;1;2
ORD_2375;PROD_16;3;2
ORD_2375;PROD_44;4;4
ORD_2375;PROD_15;7;1
ORD_2376;PROD_41;2;1
ORD_2376;PROD_36;1;2
ORD_2376;PROD_21;5;2
ORD_2376;PROD_7;8;1
ORD_2376;PROD_48;9;1
ORD_2376;PROD_42;7;3
ORD_2376;PROD_12;6;1
ORD_2376;PROD_21;9;5
ORD_2376;PROD_39;1;5
ORD_2376;PROD_25;8;1
ORD_2377;PROD_10;2;2
ORD_2377;PROD_22;5;3
ORD_2377;PROD_24;8;2
ORD_2377;PROD_47;1;2
ORD_2377;PROD_49;8;5
ORD_2377;PROD_38;4;3
ORD_2378;PROD_20;7;2
ORD_2378;PROD_3;5;1
ORD_2378;PROD_21;3;1
ORD_2378;PROD_27;5;3
ORD_2378;PROD_29;8;5
ORD_2378;PROD_30;6;1
ORD_2378;PROD_18;9;2
ORD_2378;PROD_47;2;4
ORD_2378;PROD_9;2;3
ORD_2379;PROD_33;2;4
ORD_2379;PROD_38;8;1
ORD_2379;PROD_49;7;2
ORD_2379;PROD_19;7;5
ORD_2379;PROD_15;8;5
ORD_2379;PROD_36;1;2
ORD_2379;PROD_33;3;5
ORD_2379;PROD_36;2;5
ORD_2379;PROD_33;8;3
ORD_2379;PROD_34;2;4
ORD_2379;PROD_36;3;3
ORD_2380;PROD_3;8;3
ORD_2380;PROD_21;2;4
ORD_2380;PROD_12;2;2
ORD_2380;PROD_16;2;3
ORD_2380;PROD_31;8;4
ORD_2380;PROD_45;1;5
ORD_2380;PROD_5;9;2
ORD_2380;PROD_33;9;4
ORD_2380;PROD_36;7;2
ORD_2381;PROD_15;9;3
ORD_2381;PROD_22;2;1
ORD_2381;PROD_15;1;3
ORD_2381;PROD_22;6;2
ORD_2381;PROD_15;9;3
ORD_2381;PROD_22;8;2
ORD_2381;PROD_44;6;4
ORD_2381;PROD_17;5;1
ORD_2381;PROD_28;6;3
ORD_2381;PROD_42;2;2
ORD_2382;PROD_29;5;4
ORD_2382;PROD_11;4;4
ORD_2382;PROD_22;5;4
ORD_2382;PROD_19;2;5
ORD_2382;PROD_29;7;4
ORD_2382;PROD_29;4;3
ORD_2382;PROD_41;7;2
ORD_2382;PROD_16;6;5
ORD_2382;PROD_48;3;3
ORD_2382;PROD_34;7;2
ORD_2382;PROD_35;8;5
ORD_2382;PROD_19;3;4
ORD_2382;PROD_17;3;3
ORD_2382;PROD_43;8;5
ORD_2382;PROD_2;4;4
ORD_2383;PROD_3;4;5
ORD_2383;PROD_21;4;3
ORD_2383;PROD_12;5;5
ORD_2383;PROD_16;5;4
ORD_2383;PROD_31;1;3
ORD_2383;PROD_40;8;4
ORD_2383;PROD_20;5;5
ORD_2383;PROD_37;6;5
ORD_2383;PROD_22;8;2
ORD_2383;PROD_9;4;3
ORD_2383;PROD_34;4;3
ORD_2383;PROD_10;3;2
ORD_2383;PROD_2;8;4
ORD_2383;PROD_44;5;1
ORD_2384;PROD_47;3;5
ORD_2384;PROD_50;1;5
ORD_2384;PROD_17;2;3
ORD_2384;PROD_33;8;2
ORD_2384;PROD_19;5;5
ORD_2384;PROD_37;5;1
ORD_2384;PROD_10;3;2
ORD_2384;PROD_22;6;5
ORD_2384;PROD_7;7;4
ORD_2384;PROD_17;8;2
ORD_2384;PROD_40;7;4
ORD_2384;PROD_47;2;2
ORD_2384;PROD_33;8;1
ORD_2384;PROD_38;4;4
ORD_2384;PROD_39;8;1
ORD_2385;PROD_11;1;4
ORD_2385;PROD_43;9;1
ORD_2385;PROD_33;1;4
ORD_2385;PROD_38;1;1
ORD_2385;PROD_49;8;2
ORD_2385;PROD_19;8;5
ORD_2385;PROD_15;9;1
ORD_2385;PROD_1;7;3
ORD_2385;PROD_46;3;4
ORD_2385;PROD_16;4;1
ORD_2385;PROD_12;1;4
ORD_2385;PROD_22;6;3
ORD_2385;PROD_19;9;1
ORD_2385;PROD_20;8;1
ORD_2386;PROD_33;4;1
ORD_2386;PROD_38;5;3
ORD_2386;PROD_49;1;1
ORD_2386;PROD_19;7;4
ORD_2386;PROD_15;5;3
ORD_2386;PROD_12;8;4
ORD_2386;PROD_31;8;3
ORD_2386;PROD_27;9;5
ORD_2386;PROD_19;8;5
ORD_2386;PROD_4;3;4
ORD_2386;PROD_43;5;5
ORD_2386;PROD_2;9;1
ORD_2386;PROD_34;8;4
ORD_2386;PROD_36;5;5
ORD_2387;PROD_33;8;3
ORD_2387;PROD_38;8;2
ORD_2387;PROD_49;6;3
ORD_2387;PROD_19;4;1
ORD_2387;PROD_15;9;3
ORD_2387;PROD_20;2;2
ORD_2387;PROD_38;5;2
ORD_2387;PROD_32;4;1
ORD_2387;PROD_16;8;1
ORD_2387;PROD_42;2;1
ORD_2387;PROD_1;6;5
ORD_2387;PROD_33;5;4
ORD_2387;PROD_39;1;3
ORD_2387;PROD_9;5;4
ORD_2388;PROD_11;1;3
ORD_2388;PROD_43;3;5
ORD_2388;PROD_12;5;3
ORD_2388;PROD_50;7;3
ORD_2388;PROD_7;6;4
ORD_2389;PROD_12;9;5
ORD_2389;PROD_50;9;4
ORD_2389;PROD_7;2;5
ORD_2389;PROD_11;6;3
ORD_2389;PROD_11;7;4
ORD_2389;PROD_42;3;3
ORD_2389;PROD_38;3;5
ORD_2389;PROD_9;4;3
ORD_2390;PROD_33;2;3
ORD_2390;PROD_38;5;4
ORD_2390;PROD_49;6;3
ORD_2390;PROD_19;3;2
ORD_2390;PROD_15;5;2
ORD_2390;PROD_49;4;2
ORD_2390;PROD_11;6;3
ORD_2390;PROD_13;5;5
ORD_2390;PROD_26;1;2
ORD_2390;PROD_27;8;5
ORD_2390;PROD_31;9;5
ORD_2390;PROD_16;5;2
ORD_2391;PROD_29;8;2
ORD_2391;PROD_33;7;5
ORD_2391;PROD_1;1;1
ORD_2391;PROD_8;4;2
ORD_2391;PROD_41;2;4
ORD_2391;PROD_38;5;1
ORD_2391;PROD_26;1;5
ORD_2391;PROD_48;9;3
ORD_2391;PROD_8;1;1
ORD_2391;PROD_25;4;1
ORD_2392;PROD_8;3;5
ORD_2392;PROD_46;6;3
ORD_2392;PROD_36;5;2
ORD_2392;PROD_13;5;5
ORD_2392;PROD_19;7;3
ORD_2392;PROD_47;1;3
ORD_2392;PROD_29;1;4
ORD_2392;PROD_21;5;3
ORD_2392;PROD_34;1;5
ORD_2392;PROD_49;9;4
ORD_2392;PROD_39;8;4
ORD_2392;PROD_5;3;3
ORD_2392;PROD_11;7;4
ORD_2393;PROD_12;5;4
ORD_2393;PROD_50;2;1
ORD_2393;PROD_7;4;4
ORD_2393;PROD_11;7;1
ORD_2393;PROD_3;7;4
ORD_2393;PROD_21;4;1
ORD_2393;PROD_12;1;4
ORD_2393;PROD_16;1;5
ORD_2393;PROD_31;8;3
ORD_2393;PROD_34;1;1
ORD_2393;PROD_31;2;1
ORD_2394;PROD_36;5;5
ORD_2394;PROD_33;1;5
ORD_2394;PROD_33;9;3
ORD_2394;PROD_38;2;3
ORD_2394;PROD_49;2;5
ORD_2394;PROD_19;6;3
ORD_2394;PROD_15;4;3
ORD_2394;PROD_15;6;3
ORD_2394;PROD_22;5;1
ORD_2394;PROD_11;9;5
ORD_2394;PROD_12;9;5
ORD_2395;PROD_3;8;1
ORD_2395;PROD_21;9;1
ORD_2395;PROD_12;6;1
ORD_2395;PROD_16;2;1
ORD_2395;PROD_31;4;4
ORD_2396;PROD_15;9;5
ORD_2396;PROD_44;1;5
ORD_2396;PROD_36;8;2
ORD_2396;PROD_1;6;3
ORD_2396;PROD_33;4;5
ORD_2396;PROD_38;9;1
ORD_2396;PROD_49;5;4
ORD_2396;PROD_19;9;1
ORD_2396;PROD_15;4;4
ORD_2396;PROD_36;8;3
ORD_2397;PROD_3;4;2
ORD_2397;PROD_21;4;2
ORD_2397;PROD_12;3;3
ORD_2397;PROD_16;1;4
ORD_2397;PROD_31;1;4
ORD_2397;PROD_15;9;5
ORD_2397;PROD_22;3;4
ORD_2397;PROD_15;1;3
ORD_2397;PROD_44;7;4
ORD_2397;PROD_36;4;1
ORD_2398;PROD_48;5;1
ORD_2398;PROD_30;1;2
ORD_2398;PROD_48;5;5
ORD_2398;PROD_24;9;2
ORD_2398;PROD_3;3;4
ORD_2398;PROD_7;8;5
ORD_2398;PROD_49;6;2
ORD_2398;PROD_14;3;2
ORD_2398;PROD_27;8;1
ORD_2398;PROD_48;8;5
ORD_2398;PROD_36;3;5
ORD_2399;PROD_12;1;1
ORD_2399;PROD_50;6;1
ORD_2399;PROD_7;3;1
ORD_2399;PROD_11;4;5
ORD_2399;PROD_27;2;1
ORD_2399;PROD_12;2;4
ORD_2399;PROD_3;4;1
ORD_2399;PROD_45;1;1
ORD_2399;PROD_11;5;2
ORD_2399;PROD_23;7;1
ORD_2399;PROD_3;8;1
ORD_2399;PROD_47;5;3
ORD_2399;PROD_36;2;1
ORD_2399;PROD_10;1;5
ORD_2400;PROD_33;8;2
ORD_2400;PROD_38;3;3
ORD_2400;PROD_49;4;2
ORD_2400;PROD_19;2;4
ORD_2400;PROD_15;9;5
ORD_2400;PROD_12;8;2
ORD_2400;PROD_50;8;2
ORD_2400;PROD_7;7;1
ORD_2401;PROD_3;5;2
ORD_2401;PROD_21;1;4
ORD_2401;PROD_12;2;5
ORD_2401;PROD_16;4;1
ORD_2401;PROD_31;4;4
ORD_2401;PROD_33;2;5
ORD_2401;PROD_38;8;1
ORD_2401;PROD_49;3;3
ORD_2401;PROD_19;5;1
ORD_2401;PROD_15;7;2
ORD_2401;PROD_44;4;3
ORD_2402;PROD_15;1;5
ORD_2402;PROD_44;9;2
ORD_2402;PROD_36;6;5
ORD_2402;PROD_1;1;4
ORD_2402;PROD_3;5;3
ORD_2402;PROD_21;6;3
ORD_2402;PROD_12;9;2
ORD_2402;PROD_16;4;4
ORD_2402;PROD_31;1;4
ORD_2402;PROD_11;1;1
ORD_2402;PROD_43;6;2
ORD_2402;PROD_19;1;2
ORD_2402;PROD_9;6;5
ORD_2402;PROD_41;3;5
ORD_2403;PROD_33;8;1
ORD_2403;PROD_38;9;4
ORD_2403;PROD_49;4;2
ORD_2403;PROD_19;1;3
ORD_2403;PROD_15;6;5
ORD_2403;PROD_40;3;4
ORD_2403;PROD_22;8;3
ORD_2403;PROD_50;9;1
ORD_2403;PROD_25;2;1
ORD_2403;PROD_7;5;2
ORD_2403;PROD_40;9;5
ORD_2404;PROD_11;1;1
ORD_2404;PROD_43;8;1
ORD_2404;PROD_29;3;1
ORD_2404;PROD_33;1;4
ORD_2404;PROD_43;4;5
ORD_2404;PROD_12;3;4
ORD_2404;PROD_21;5;3
ORD_2404;PROD_34;3;5
ORD_2405;PROD_3;7;2
ORD_2405;PROD_21;6;5
ORD_2405;PROD_12;3;2
ORD_2405;PROD_16;9;1
ORD_2405;PROD_31;3;1
ORD_2405;PROD_3;1;5
ORD_2405;PROD_21;7;3
ORD_2405;PROD_12;9;1
ORD_2406;PROD_22;9;4
ORD_2406;PROD_12;4;4
ORD_2406;PROD_40;3;2
ORD_2406;PROD_34;4;3
ORD_2406;PROD_48;1;2
ORD_2406;PROD_38;5;2
ORD_2406;PROD_46;8;2
ORD_2406;PROD_46;7;3
ORD_2406;PROD_3;3;3
ORD_2406;PROD_33;9;3
ORD_2406;PROD_31;6;5
ORD_2406;PROD_42;1;5
ORD_2406;PROD_37;2;4
ORD_2406;PROD_19;1;5
ORD_2407;PROD_15;2;4
ORD_2407;PROD_44;6;2
ORD_2407;PROD_36;7;1
ORD_2407;PROD_1;3;1
ORD_2407;PROD_36;8;3
ORD_2408;PROD_2;4;3
ORD_2408;PROD_16;2;4
ORD_2408;PROD_3;8;4
ORD_2408;PROD_13;4;4
ORD_2408;PROD_11;1;4
ORD_2408;PROD_11;9;3
ORD_2408;PROD_15;6;2
ORD_2408;PROD_29;1;4
ORD_2408;PROD_29;4;5
ORD_2408;PROD_36;2;4
ORD_2408;PROD_38;2;1
ORD_2408;PROD_44;1;2
ORD_2409;PROD_12;3;5
ORD_2409;PROD_50;4;1
ORD_2409;PROD_7;9;2
ORD_2409;PROD_11;1;2
ORD_2409;PROD_29;6;1
ORD_2409;PROD_5;3;1
ORD_2409;PROD_17;6;4
ORD_2409;PROD_15;9;4
ORD_2410;PROD_24;3;1
ORD_2410;PROD_5;3;2
ORD_2410;PROD_19;8;4
ORD_2410;PROD_24;7;2
ORD_2410;PROD_37;9;3
ORD_2410;PROD_41;9;3
ORD_2410;PROD_27;5;2
ORD_2410;PROD_46;9;5
ORD_2410;PROD_50;1;4
ORD_2410;PROD_46;4;1
ORD_2410;PROD_49;4;4
ORD_2410;PROD_27;4;4
ORD_2411;PROD_11;6;1
ORD_2411;PROD_43;7;3
ORD_2411;PROD_30;3;4
ORD_2411;PROD_26;7;1
ORD_2411;PROD_16;4;4
ORD_2411;PROD_50;8;2
ORD_2411;PROD_33;4;3
ORD_2411;PROD_41;8;2
ORD_2412;PROD_42;5;3
ORD_2412;PROD_33;3;1
ORD_2412;PROD_16;3;5
ORD_2412;PROD_37;3;1
ORD_2412;PROD_21;5;1
ORD_2412;PROD_29;2;1
ORD_2412;PROD_11;2;4
ORD_2412;PROD_30;6;2
ORD_2412;PROD_13;6;3
ORD_2412;PROD_48;1;1
ORD_2412;PROD_50;4;3
ORD_2412;PROD_20;7;2
ORD_2412;PROD_23;3;3
ORD_2412;PROD_29;8;5
ORD_2412;PROD_46;1;3
ORD_2413;PROD_12;7;3
ORD_2413;PROD_50;8;1
ORD_2413;PROD_7;8;4
ORD_2413;PROD_11;8;5
ORD_2413;PROD_3;9;2
ORD_2413;PROD_21;8;4
ORD_2413;PROD_12;7;2
ORD_2413;PROD_16;1;2
ORD_2413;PROD_31;1;3
ORD_2413;PROD_33;8;1
ORD_2413;PROD_38;3;3
ORD_2413;PROD_49;3;1
ORD_2414;PROD_3;6;5
ORD_2414;PROD_19;1;1
ORD_2414;PROD_50;8;3
ORD_2414;PROD_43;4;1
ORD_2414;PROD_30;3;3
ORD_2414;PROD_16;9;3
ORD_2414;PROD_33;1;2
ORD_2414;PROD_16;3;2
ORD_2415;PROD_15;9;5
ORD_2415;PROD_22;8;1
ORD_2415;PROD_36;7;4
ORD_2415;PROD_33;5;2
ORD_2415;PROD_33;2;4
ORD_2415;PROD_38;8;2
ORD_2415;PROD_49;5;5
ORD_2415;PROD_19;6;4
ORD_2415;PROD_15;2;4
ORD_2415;PROD_24;5;4
ORD_2415;PROD_50;1;3
ORD_2415;PROD_2;9;2
ORD_2416;PROD_5;7;4
ORD_2416;PROD_49;1;1
ORD_2416;PROD_43;8;3
ORD_2416;PROD_10;8;1
ORD_2416;PROD_26;5;1
ORD_2416;PROD_26;3;2
ORD_2417;PROD_43;5;4
ORD_2417;PROD_36;3;1
ORD_2417;PROD_16;7;3
ORD_2417;PROD_43;6;2
ORD_2417;PROD_48;2;5
ORD_2417;PROD_15;4;4
ORD_2417;PROD_20;6;3
ORD_2417;PROD_22;4;2
ORD_2417;PROD_16;3;2
ORD_2417;PROD_11;6;4
ORD_2418;PROD_36;7;5
ORD_2418;PROD_33;1;4
ORD_2418;PROD_12;7;3
ORD_2418;PROD_50;7;3
ORD_2418;PROD_7;5;4
ORD_2418;PROD_11;7;2
ORD_2419;PROD_1;8;3
ORD_2419;PROD_16;6;2
ORD_2419;PROD_39;4;1
ORD_2419;PROD_41;2;1
ORD_2419;PROD_31;5;1
ORD_2419;PROD_10;3;3
ORD_2420;PROD_12;1;2
ORD_2420;PROD_50;6;3
ORD_2420;PROD_7;5;1
ORD_2420;PROD_11;5;3
ORD_2420;PROD_3;9;5
ORD_2420;PROD_21;6;5
ORD_2420;PROD_12;8;3
ORD_2420;PROD_16;4;1
ORD_2421;PROD_11;1;1
ORD_2421;PROD_43;9;4
ORD_2421;PROD_23;6;3
ORD_2421;PROD_5;6;3
ORD_2421;PROD_2;9;5
ORD_2421;PROD_39;6;3
ORD_2421;PROD_40;1;4
ORD_2421;PROD_9;3;4
ORD_2421;PROD_24;5;2
ORD_2421;PROD_9;2;2
ORD_2422;PROD_49;6;2
ORD_2422;PROD_19;1;1
ORD_2422;PROD_6;1;4
ORD_2422;PROD_40;6;1
ORD_2422;PROD_46;6;5
ORD_2422;PROD_36;1;1
ORD_2422;PROD_22;4;1
ORD_2422;PROD_35;2;3
ORD_2422;PROD_35;7;5
ORD_2422;PROD_22;4;4
ORD_2422;PROD_46;9;1
ORD_2423;PROD_3;5;3
ORD_2423;PROD_21;6;5
ORD_2423;PROD_12;7;4
ORD_2423;PROD_16;8;2
ORD_2423;PROD_31;7;2
ORD_2423;PROD_29;3;2
ORD_2423;PROD_5;1;4
ORD_2423;PROD_11;3;3
ORD_2423;PROD_32;5;5
ORD_2423;PROD_31;9;2
ORD_2423;PROD_38;4;4
ORD_2424;PROD_11;7;1
ORD_2424;PROD_43;1;3
ORD_2424;PROD_1;7;1
ORD_2424;PROD_6;6;2
ORD_2424;PROD_12;3;3
ORD_2424;PROD_25;1;1
ORD_2424;PROD_26;6;3
ORD_2425;PROD_42;7;1
ORD_2425;PROD_17;5;3
ORD_2425;PROD_43;1;3
ORD_2425;PROD_12;2;4
ORD_2425;PROD_17;2;5
ORD_2425;PROD_42;1;2
ORD_2426;PROD_44;6;3
ORD_2426;PROD_19;3;2
ORD_2426;PROD_25;5;3
ORD_2426;PROD_34;9;2
ORD_2426;PROD_16;7;4
ORD_2426;PROD_18;9;2
ORD_2426;PROD_48;2;2
ORD_2426;PROD_10;9;1
ORD_2426;PROD_29;9;1
ORD_2426;PROD_45;2;1
ORD_2426;PROD_37;5;4
ORD_2426;PROD_15;5;3
ORD_2426;PROD_14;3;4
ORD_2426;PROD_18;3;3
ORD_2427;PROD_12;8;1
ORD_2427;PROD_50;8;3
ORD_2427;PROD_7;3;4
ORD_2427;PROD_11;3;1
ORD_2427;PROD_14;2;4
ORD_2427;PROD_44;3;2
ORD_2427;PROD_18;6;4
ORD_2427;PROD_20;2;2
ORD_2427;PROD_13;5;3
ORD_2427;PROD_6;4;3
ORD_2428;PROD_33;7;4
ORD_2428;PROD_38;4;2
ORD_2428;PROD_49;6;5
ORD_2428;PROD_19;1;3
ORD_2428;PROD_15;8;1
ORD_2428;PROD_49;5;5
ORD_2428;PROD_5;9;3
ORD_2428;PROD_48;8;5
ORD_2428;PROD_32;5;1
ORD_2428;PROD_24;1;2
ORD_2428;PROD_9;7;4
ORD_2428;PROD_4;9;3
ORD_2429;PROD_33;3;2
ORD_2429;PROD_38;6;2
ORD_2429;PROD_49;3;3
ORD_2429;PROD_19;3;3
ORD_2429;PROD_15;4;3
ORD_2429;PROD_36;1;2
ORD_2429;PROD_33;3;3
ORD_2429;PROD_19;7;5
ORD_2429;PROD_10;9;3
ORD_2429;PROD_37;4;3
ORD_2429;PROD_13;5;5
ORD_2429;PROD_34;8;4
ORD_2429;PROD_44;1;3
ORD_2429;PROD_39;2;5
ORD_2430;PROD_15;3;5
ORD_2430;PROD_22;1;3
ORD_2430;PROD_3;1;2
ORD_2430;PROD_21;9;4
ORD_2430;PROD_12;1;4
ORD_2430;PROD_16;3;1
ORD_2430;PROD_31;5;2
ORD_2431;PROD_36;2;4
ORD_2431;PROD_33;4;5
ORD_2431;PROD_33;1;4
ORD_2431;PROD_38;2;4
ORD_2431;PROD_49;7;3
ORD_2431;PROD_19;7;5
ORD_2431;PROD_15;7;4
ORD_2432;PROD_36;3;4
ORD_2432;PROD_33;4;3
ORD_2432;PROD_15;9;4
ORD_2432;PROD_22;5;5
ORD_2432;PROD_40;3;4
ORD_2432;PROD_2;2;2
ORD_2433;PROD_33;7;2
ORD_2433;PROD_38;2;5
ORD_2433;PROD_49;4;1
ORD_2433;PROD_19;6;2
ORD_2433;PROD_15;1;3
ORD_2433;PROD_2;4;2
ORD_2433;PROD_6;7;1
ORD_2433;PROD_45;3;1
ORD_2433;PROD_13;9;5
ORD_2433;PROD_14;6;5
ORD_2433;PROD_20;5;4
ORD_2433;PROD_16;6;4
ORD_2433;PROD_25;6;1
ORD_2434;PROD_50;2;2
ORD_2434;PROD_16;4;2
ORD_2434;PROD_38;3;3
ORD_2434;PROD_41;9;2
ORD_2434;PROD_10;7;2
ORD_2434;PROD_32;4;2
ORD_2434;PROD_7;9;2
ORD_2434;PROD_26;2;4
ORD_2434;PROD_27;6;1
ORD_2434;PROD_19;5;5
ORD_2435;PROD_15;4;3
ORD_2435;PROD_22;1;2
ORD_2435;PROD_3;4;5
ORD_2435;PROD_21;8;5
ORD_2435;PROD_12;9;3
ORD_2435;PROD_16;7;1
ORD_2435;PROD_31;7;3
ORD_2435;PROD_33;2;5
ORD_2436;PROD_15;5;1
ORD_2436;PROD_22;3;5
ORD_2436;PROD_15;7;1
ORD_2436;PROD_44;7;1
ORD_2436;PROD_36;1;2
ORD_2436;PROD_1;5;4
ORD_2436;PROD_15;6;1
ORD_2436;PROD_44;4;2
ORD_2437;PROD_34;3;1
ORD_2437;PROD_13;8;5
ORD_2437;PROD_40;9;4
ORD_2437;PROD_38;9;2
ORD_2437;PROD_27;2;2
ORD_2437;PROD_9;5;5
ORD_2437;PROD_28;2;1
ORD_2437;PROD_32;6;3
ORD_2437;PROD_22;5;2
ORD_2437;PROD_2;4;3
ORD_2437;PROD_40;9;1
ORD_2437;PROD_28;1;1
ORD_2437;PROD_38;3;1
ORD_2438;PROD_37;4;4
ORD_2438;PROD_26;6;3
ORD_2438;PROD_31;6;5
ORD_2438;PROD_50;9;3
ORD_2438;PROD_6;9;4
ORD_2438;PROD_6;3;2
ORD_2438;PROD_29;6;3
ORD_2438;PROD_12;8;4
ORD_2438;PROD_36;9;2
ORD_2438;PROD_11;7;3
ORD_2438;PROD_30;4;3
ORD_2439;PROD_33;5;3
ORD_2439;PROD_38;6;4
ORD_2439;PROD_49;6;2
ORD_2439;PROD_19;9;5
ORD_2439;PROD_15;8;3
ORD_2439;PROD_33;9;3
ORD_2439;PROD_38;8;3
ORD_2439;PROD_49;9;2
ORD_2439;PROD_19;3;5
ORD_2439;PROD_15;9;2
ORD_2439;PROD_15;3;2
ORD_2440;PROD_3;9;2
ORD_2440;PROD_21;8;1
ORD_2440;PROD_12;4;5
ORD_2440;PROD_16;7;5
ORD_2440;PROD_31;6;4
ORD_2440;PROD_33;9;5
ORD_2440;PROD_38;5;5
ORD_2441;PROD_4;8;4
ORD_2441;PROD_31;3;4
ORD_2441;PROD_33;2;4
ORD_2441;PROD_27;5;4
ORD_2441;PROD_43;3;4
ORD_2441;PROD_9;1;5
ORD_2441;PROD_7;3;1
ORD_2441;PROD_16;4;3
ORD_2441;PROD_14;5;4
ORD_2441;PROD_26;5;3
ORD_2441;PROD_35;3;4
ORD_2441;PROD_50;3;3
ORD_2441;PROD_22;3;5
ORD_2442;PROD_3;5;2
ORD_2442;PROD_21;9;3
ORD_2442;PROD_12;5;1
ORD_2442;PROD_16;7;1
ORD_2442;PROD_31;2;2
ORD_2442;PROD_33;7;3
ORD_2442;PROD_38;4;3
ORD_2442;PROD_49;8;4
ORD_2443;PROD_15;4;3
ORD_2443;PROD_44;9;2
ORD_2443;PROD_36;1;3
ORD_2443;PROD_1;9;4
ORD_2443;PROD_15;5;2
ORD_2443;PROD_44;9;5
ORD_2443;PROD_36;9;4
ORD_2443;PROD_1;5;4
ORD_2444;PROD_15;5;4
ORD_2444;PROD_44;8;5
ORD_2444;PROD_36;1;3
ORD_2444;PROD_1;3;5
ORD_2444;PROD_15;7;4
ORD_2444;PROD_44;3;5
ORD_2444;PROD_36;6;1
ORD_2444;PROD_1;8;2
ORD_2445;PROD_15;9;1
ORD_2445;PROD_44;5;3
ORD_2445;PROD_36;3;3
ORD_2445;PROD_1;8;5
ORD_2445;PROD_33;2;1
ORD_2445;PROD_38;6;3
ORD_2445;PROD_49;8;4
ORD_2445;PROD_19;5;4
ORD_2445;PROD_15;2;5
ORD_2445;PROD_15;5;4
ORD_2445;PROD_22;1;3
ORD_2445;PROD_3;7;3
ORD_2445;PROD_40;7;4
ORD_2445;PROD_43;4;2
ORD_2445;PROD_12;1;1
ORD_2446;PROD_32;9;2
ORD_2446;PROD_1;7;4
ORD_2446;PROD_25;2;5
ORD_2446;PROD_1;1;1
ORD_2446;PROD_10;2;2
ORD_2446;PROD_44;2;2
ORD_2446;PROD_29;8;1
ORD_2447;PROD_18;2;3
ORD_2447;PROD_1;3;3
ORD_2447;PROD_31;8;5
ORD_2447;PROD_13;9;3
ORD_2447;PROD_35;5;5
ORD_2447;PROD_8;5;2
ORD_2447;PROD_3;7;1
ORD_2448;PROD_35;3;5
ORD_2448;PROD_14;4;4
ORD_2448;PROD_31;7;1
ORD_2448;PROD_28;9;1
ORD_2448;PROD_35;4;5
ORD_2448;PROD_41;3;4
ORD_2448;PROD_39;6;2
ORD_2449;PROD_36;5;1
ORD_2449;PROD_33;3;5
ORD_2449;PROD_15;2;4
ORD_2449;PROD_44;7;5
ORD_2449;PROD_36;5;2
ORD_2449;PROD_1;5;2
ORD_2449;PROD_39;8;1
ORD_2449;PROD_26;4;4
ORD_2449;PROD_42;9;4
ORD_2449;PROD_44;2;1
ORD_2449;PROD_36;3;3
ORD_2449;PROD_16;8;3
ORD_2450;PROD_11;8;4
ORD_2450;PROD_43;6;4
ORD_2450;PROD_12;2;5
ORD_2450;PROD_50;5;5
ORD_2450;PROD_7;1;2
ORD_2450;PROD_11;7;5
ORD_2450;PROD_11;1;1
ORD_2450;PROD_26;8;2
ORD_2450;PROD_20;1;1
ORD_2451;PROD_37;3;5
ORD_2451;PROD_5;2;3
ORD_2451;PROD_46;4;2
ORD_2451;PROD_40;6;3
ORD_2451;PROD_37;2;5
ORD_2451;PROD_3;8;3
ORD_2451;PROD_4;1;4
ORD_2451;PROD_50;4;5
ORD_2451;PROD_32;2;2
ORD_2451;PROD_24;7;2
ORD_2451;PROD_25;9;2
ORD_2451;PROD_10;4;4
ORD_2451;PROD_46;9;2
ORD_2452;PROD_35;6;5
ORD_2452;PROD_3;7;5
ORD_2452;PROD_35;4;2
ORD_2452;PROD_24;4;4
ORD_2452;PROD_32;1;3
ORD_2452;PROD_30;1;5
ORD_2453;PROD_6;6;3
ORD_2453;PROD_18;2;5
ORD_2453;PROD_24;2;2
ORD_2453;PROD_26;4;2
ORD_2453;PROD_11;2;5
ORD_2453;PROD_2;3;5
ORD_2453;PROD_1;3;2
ORD_2453;PROD_22;2;5
ORD_2453;PROD_33;3;1
ORD_2453;PROD_37;4;3
ORD_2453;PROD_26;5;4
ORD_2453;PROD_21;8;1
ORD_2453;PROD_30;1;1
ORD_2453;PROD_13;9;1
ORD_2453;PROD_23;6;3
ORD_2454;PROD_36;4;2
ORD_2454;PROD_33;8;5
ORD_2454;PROD_15;5;5
ORD_2454;PROD_22;3;4
ORD_2454;PROD_3;9;4
ORD_2454;PROD_14;9;3
ORD_2454;PROD_9;4;5
ORD_2454;PROD_37;4;4
ORD_2454;PROD_18;6;5
ORD_2454;PROD_2;4;2
ORD_2454;PROD_42;8;5
ORD_2454;PROD_3;4;5
ORD_2454;PROD_10;5;3
ORD_2454;PROD_5;7;2
ORD_2455;PROD_38;6;3
ORD_2455;PROD_4;4;3
ORD_2455;PROD_35;7;3
ORD_2455;PROD_15;5;2
ORD_2455;PROD_13;4;1
ORD_2456;PROD_12;7;4
ORD_2456;PROD_50;4;3
ORD_2456;PROD_7;2;4
ORD_2456;PROD_11;5;3
ORD_2456;PROD_15;7;2
ORD_2456;PROD_44;5;1
ORD_2456;PROD_36;7;3
ORD_2456;PROD_1;4;2
ORD_2456;PROD_11;7;4
ORD_2456;PROD_34;8;4
ORD_2456;PROD_8;2;3
ORD_2457;PROD_33;7;4
ORD_2457;PROD_38;4;4
ORD_2457;PROD_49;7;1
ORD_2457;PROD_19;6;5
ORD_2457;PROD_15;2;1
ORD_2457;PROD_36;1;5
ORD_2457;PROD_33;4;1
ORD_2457;PROD_15;3;5
ORD_2457;PROD_22;6;2
ORD_2457;PROD_48;3;1
ORD_2457;PROD_5;5;4
ORD_2458;PROD_14;8;4
ORD_2458;PROD_27;5;4
ORD_2458;PROD_34;1;3
ORD_2458;PROD_12;8;5
ORD_2458;PROD_50;8;2
ORD_2458;PROD_38;3;1
ORD_2459;PROD_15;2;1
ORD_2459;PROD_22;4;1
ORD_2459;PROD_33;9;2
ORD_2459;PROD_38;1;4
ORD_2459;PROD_49;3;5
ORD_2459;PROD_19;2;4
ORD_2459;PROD_15;6;2
ORD_2459;PROD_3;2;1
ORD_2459;PROD_21;5;4
ORD_2459;PROD_12;4;3
ORD_2459;PROD_16;7;5
ORD_2459;PROD_31;6;3
ORD_2459;PROD_12;1;5
ORD_2459;PROD_4;2;2
ORD_2460;PROD_34;2;4
ORD_2460;PROD_9;8;5
ORD_2460;PROD_33;7;5
ORD_2460;PROD_26;7;4
ORD_2460;PROD_18;3;2
ORD_2460;PROD_4;5;1
ORD_2460;PROD_29;5;1
ORD_2460;PROD_50;2;1
ORD_2460;PROD_37;3;1
ORD_2460;PROD_18;7;2
ORD_2460;PROD_33;7;2
ORD_2460;PROD_29;7;1
ORD_2460;PROD_4;2;1
ORD_2461;PROD_8;7;3
ORD_2461;PROD_40;3;3
ORD_2461;PROD_31;9;4
ORD_2461;PROD_41;9;1
ORD_2461;PROD_13;8;5
ORD_2461;PROD_45;6;5
ORD_2461;PROD_38;5;4
ORD_2462;PROD_44;7;3
ORD_2462;PROD_42;5;1
ORD_2462;PROD_48;4;4
ORD_2462;PROD_5;9;1
ORD_2462;PROD_41;2;1
ORD_2462;PROD_25;4;5
ORD_2462;PROD_18;3;2
ORD_2462;PROD_15;8;4
ORD_2462;PROD_26;2;4
ORD_2462;PROD_31;2;4
ORD_2462;PROD_47;2;2
ORD_2462;PROD_41;2;2
ORD_2463;PROD_14;6;5
ORD_2463;PROD_30;8;4
ORD_2463;PROD_21;7;1
ORD_2463;PROD_42;5;4
ORD_2463;PROD_13;7;4
ORD_2463;PROD_8;6;2
ORD_2463;PROD_23;5;1
ORD_2463;PROD_11;1;1
ORD_2463;PROD_35;9;4
ORD_2463;PROD_36;1;3
ORD_2463;PROD_50;7;3
ORD_2463;PROD_40;8;3
ORD_2463;PROD_6;1;3
ORD_2464;PROD_33;5;5
ORD_2464;PROD_38;6;3
ORD_2464;PROD_49;5;1
ORD_2464;PROD_19;8;4
ORD_2464;PROD_15;3;5
ORD_2464;PROD_12;8;3
ORD_2464;PROD_50;4;5
ORD_2464;PROD_7;2;1
ORD_2464;PROD_11;8;4
ORD_2465;PROD_15;3;1
ORD_2465;PROD_44;1;3
ORD_2465;PROD_36;7;3
ORD_2465;PROD_1;8;1
ORD_2465;PROD_15;1;3
ORD_2465;PROD_44;7;2
ORD_2466;PROD_37;3;3
ORD_2466;PROD_22;9;1
ORD_2466;PROD_38;1;3
ORD_2466;PROD_10;5;4
ORD_2466;PROD_35;3;3
ORD_2466;PROD_9;8;1
ORD_2466;PROD_32;8;3
ORD_2466;PROD_49;8;2
ORD_2466;PROD_25;8;1
ORD_2466;PROD_15;2;4
ORD_2466;PROD_42;4;1
ORD_2466;PROD_39;7;2
ORD_2467;PROD_3;8;5
ORD_2467;PROD_21;1;3
ORD_2467;PROD_12;6;1
ORD_2467;PROD_16;4;3
ORD_2467;PROD_31;1;4
ORD_2467;PROD_12;2;3
ORD_2468;PROD_2;4;1
ORD_2468;PROD_24;7;2
ORD_2468;PROD_15;8;4
ORD_2468;PROD_28;4;5
ORD_2468;PROD_29;4;2
ORD_2468;PROD_4;4;1
ORD_2468;PROD_1;8;2
ORD_2468;PROD_15;6;1
ORD_2468;PROD_9;5;1
ORD_2468;PROD_44;3;2
ORD_2469;PROD_33;9;5
ORD_2469;PROD_21;6;3
ORD_2469;PROD_48;8;3
ORD_2469;PROD_38;6;1
ORD_2469;PROD_41;3;4
ORD_2469;PROD_16;1;3
ORD_2469;PROD_39;3;1
ORD_2469;PROD_11;3;4
ORD_2469;PROD_33;6;2
ORD_2469;PROD_10;5;5
ORD_2469;PROD_36;7;1
